"zurück zum Inhaltsverzeichnis",,,,,,,,,,,,,,,,,,,,
,,,,,,,,,,,,,,,,,,,,
"Fahrzeugzulassungen (FZ)",,,,,,,,,,,,,,,,,,,,
"Bestand an Kraftfahrzeugen und Kraftfahrzeuganhängern nach Herstellern und Handelsnamen ",,,,,,,,,,,,,,,,,,,,
"FZ 2.10 Bestand an Nutzfahrzeugen am 1. Januar 2024 nach Herstellern, Handelsnamen und Bundesländern",,,,,,,,,,,,,,,,,,,,
,,,,,,,,,,,,,,,,,,,,
"Hersteller

",Handelsname,Typ-Schl.Nr.,"Baden-
Württemberg",Bayern,Berlin,Brandenburg,Bremen,Hamburg,Hessen,"Mecklenburg-
Vorpommern","Nieder-
sachsen","Nordrhein-
Westfalen","Rheinland-
Pfalz",Saarland,Sachsen,"Sachsen-
Anhalt","Schleswig-
Holstein",Thüringen,Sonstige,Deutschland
"ACCESS MOTOR (RC)","SONSTIGE/NICHT GETYPT",,1092,1391,40,346,12,23,453,263,765,1174,612,194,957,507,172,590,2,8593
"ACCESS MOTOR (RC) ZUSAMMEN",,,1092,1391,40,346,12,23,453,263,765,1174,612,194,957,507,172,590,2,8593
ALLGAIER-PORSCHE,108,208,1745,1409,7,46,4,3,618,8,306,359,356,66,36,22,62,64,3,5114
,109,229,115,76,-,3,-,-,26,1,27,31,43,9,2,1,-,8,-,342
,217,227,337,292,3,18,1,2,111,2,47,92,83,10,9,5,10,23,-,1045
,218,211,317,354,1,14,2,3,118,7,124,132,130,18,12,4,26,26,-,1288
,219,230,226,293,-,15,-,1,67,7,45,54,65,9,6,3,26,15,-,832
,238,228,126,150,1,6,2,1,48,3,25,32,28,3,3,-,7,10,-,445
,308,207,161,161,-,5,-,1,57,4,60,58,67,5,8,2,18,8,-,615
,329,243,128,216,1,6,-,1,39,3,39,37,42,12,6,-,13,6,-,549
,339,231,76,89,-,-,-,1,21,-,15,20,25,4,2,1,7,4,-,265
,"A 111",214,81,83,-,1,-,1,28,1,13,17,7,2,-,2,1,-,-,237
,"A 22",222,121,112,-,2,-,1,15,3,46,32,15,-,-,-,18,1,-,366
,"AP 16",215,41,48,-,1,-,1,17,1,6,14,22,-,1,-,-,1,-,153
,"AP 17",216,102,69,-,-,-,-,11,-,14,22,7,-,-,1,-,1,-,227
,"AP 17-51",218,86,49,-,1,-,1,12,-,9,10,9,-,2,-,3,2,-,184
,"AP 18",205,97,75,-,-,-,-,15,-,11,13,12,3,-,-,2,-,-,228
,"AP 22",202,45,49,-,1,-,-,10,1,6,8,11,-,1,1,1,4,-,138
,,223,49,68,1,-,-,-,13,-,24,14,13,1,1,-,2,1,-,187
,"G 218",221,28,52,-,3,-,-,9,-,17,19,19,-,1,-,6,4,-,158
,"P 111",220,60,48,-,1,-,-,20,-,11,6,6,2,1,-,-,-,-,155
,"SONSTIGE/NICHT GETYPT",,2494,2923,28,154,17,26,653,83,1146,1163,654,112,136,104,306,212,1,10212
"ALLGAIER-PORSCHE ZUSAMMEN",,,6435,6616,42,277,26,43,1908,124,1991,2133,1614,256,227,146,508,390,4,22740
"BOMBARDIER (CDN)","SONSTIGE/NICHT GETYPT",,2247,4330,82,597,37,65,1631,644,1794,1633,1492,397,786,507,416,1199,7,17864
"BOMBARDIER (CDN) ZUSAMMEN",,,2247,4330,82,597,37,65,1631,644,1794,1633,1492,397,786,507,416,1199,7,17864
"CITROEN (F)",ACADIANE,501,20,11,2,3,1,1,8,3,14,22,7,4,4,-,4,1,-,105
,BERLINGO,542,14,15,4,15,1,1,9,4,18,27,10,5,19,11,6,8,-,167
,,543,38,14,7,15,2,1,12,7,9,39,22,1,22,13,6,13,-,221
,,560,21,22,-,28,2,1,9,19,47,60,15,11,23,15,12,12,-,297
,,564,21,17,3,11,-,3,11,7,21,27,11,8,7,6,4,6,-,163
,,AMJ,647,640,111,202,24,77,394,150,524,1254,493,110,506,195,164,225,1,5717
,,AMK,424,392,183,297,38,59,216,183,613,1512,316,62,576,265,187,161,-,5484
,,AMM,211,350,74,45,13,17,113,30,123,405,120,20,188,74,41,90,1,1915
,,ARF,20,26,2,6,-,-,7,8,13,41,26,9,13,11,4,16,-,202
,,ATC,62,69,10,11,1,7,32,8,38,120,30,3,19,11,4,16,-,441
,,AVV,379,385,94,185,18,55,272,97,291,786,292,80,288,87,107,132,-,3548
,,AVW,75,62,9,27,-,2,31,25,44,83,67,10,41,21,6,27,-,530
,"CITROEN BERLINGO",803,27,16,16,14,5,3,14,4,39,60,10,4,33,25,10,9,-,289
,,804,22,16,5,16,-,1,8,2,7,24,7,5,25,8,6,12,-,164
,,805,33,31,6,31,2,4,17,18,64,71,28,21,56,34,16,23,-,455
,,806,45,39,1,25,1,7,28,13,38,73,25,19,36,18,12,25,1,406
,,AAD,68,52,34,33,2,5,31,11,39,92,29,10,74,31,14,32,-,557
,,AAE,90,69,31,76,5,13,56,51,126,204,66,36,122,57,40,33,1,1076
,,AAF,88,62,10,27,4,4,34,19,47,109,66,23,54,47,19,25,-,638
,,AAG,23,23,4,23,2,7,17,26,48,71,28,13,56,23,9,13,-,386
,"CITROEN BERLINGO,Citroen",AGQ,47,50,23,13,3,2,18,12,31,83,13,2,35,18,7,19,-,376
,,AGR,107,95,50,63,18,9,72,63,195,318,68,29,197,89,41,62,-,1476
,,AGS,173,185,40,70,10,13,120,50,141,352,117,44,150,56,29,76,-,1626
,"Citroen Jumper",AFA,83,62,10,35,1,6,54,12,56,139,49,16,71,36,6,34,-,670
,,AFB,14,22,1,7,-,-,9,-,14,22,14,1,11,3,-,3,-,121
,"CITROEN JUMPER",ADF,24,20,11,20,2,2,8,9,25,33,18,3,54,17,3,22,-,271
,,ADG,59,61,10,22,-,4,56,8,39,90,52,8,79,26,4,35,-,553
,,ADH,326,332,122,100,18,25,169,69,390,820,189,74,221,133,81,99,1,3169
,,ADI,429,385,83,103,17,27,214,73,302,805,222,62,255,117,68,91,1,3254
,,AED,132,116,12,20,3,4,55,10,70,143,71,12,59,29,15,26,-,777
,"CITROEN JUMPER 2.0 HDI",588,38,32,18,20,1,1,16,10,40,77,24,15,21,12,7,8,-,340
,"CITROEN JUMPER 2.2 HDI",586,6,16,1,2,-,-,10,1,5,11,14,5,14,8,1,10,-,104
,,591,37,42,14,12,1,4,15,6,28,95,31,11,24,13,8,11,-,352
,"CITROEN JUMPER 2.8 HDI",589,64,54,13,7,-,-,24,6,35,71,35,22,23,11,7,8,-,380
,"Citroen Jumpy",AES,117,122,26,32,1,9,60,23,89,223,72,26,82,36,34,20,-,972
,,AET,22,16,4,6,-,-,11,2,10,24,19,5,12,-,4,3,-,138
,,AEU,121,95,58,64,14,18,94,37,163,411,85,24,136,46,60,46,-,1472
,"Citroen Nemo",AGD,65,54,22,28,3,7,35,21,50,121,29,11,52,27,13,24,-,562
,,AGE,100,105,36,45,8,14,50,34,134,278,64,28,85,59,44,37,-,1121
,JUMPER,AYA,89,107,5,57,2,2,94,24,95,203,67,7,110,41,16,55,-,974
,,AYB,74,122,15,30,-,3,69,19,58,174,73,11,80,20,10,22,-,780
,,BAH,666,814,327,147,16,45,497,108,499,1462,399,100,419,168,116,108,-,5891
,,BAI,399,495,43,124,8,22,256,57,217,678,264,58,227,66,69,93,-,3076
,,BAR,87,84,8,48,4,2,101,5,280,178,112,14,89,35,5,35,-,1087
,,BAS,86,93,10,39,4,3,93,15,55,191,82,25,67,14,12,38,-,827
,"JUMPER Cabine Approfondie",AQO,6,16,2,16,-,1,7,6,19,31,9,-,17,19,2,8,-,159
,"JUMPER ODER RELAY",APL,118,189,18,24,3,8,60,27,84,210,96,30,94,23,18,51,-,1053
,,APP,11,14,5,6,1,-,12,4,7,19,11,2,23,3,4,5,-,127
,,APQ,381,360,74,108,16,44,135,91,449,988,237,58,217,105,124,119,-,3506
,,APR,56,79,3,15,2,-,29,10,38,80,34,8,65,17,6,29,-,471
,,APS,662,873,124,184,29,54,329,133,577,1217,397,89,436,182,146,197,1,5630
,,APT,26,31,2,10,1,-,12,3,9,17,13,4,10,8,3,4,-,153
,,APU,170,224,14,41,6,9,97,50,159,283,86,23,109,36,29,45,-,1381
,,ATH,28,28,5,4,1,2,10,6,18,56,20,1,32,6,6,11,-,234
,,ATI,92,133,14,46,4,7,65,23,101,158,78,13,157,44,19,65,-,1019
,,ATJ,51,64,1,12,-,-,25,6,30,50,26,7,18,6,3,7,-,306
,,ATK,15,26,3,9,-,-,6,1,15,24,18,10,15,3,-,8,-,153
,,AWU,15,24,2,6,-,1,13,-,16,27,9,-,29,5,5,18,-,170
,,AWW,17,19,2,3,1,2,8,4,8,23,13,3,10,3,1,4,-,121
,"JUMPER,JUMPER ODER RELAY",APD,252,361,160,86,30,38,180,68,246,712,208,95,206,80,107,71,-,2900
,,AWS,183,210,59,64,14,36,90,70,250,537,138,50,125,54,60,58,-,1998
,,AWT,700,813,92,211,22,48,345,104,591,1484,394,90,462,172,145,148,2,5823
,,AWV,344,506,47,95,16,17,222,65,273,570,219,28,185,75,73,90,1,2826
,JUMPY,563,27,17,2,4,1,5,23,7,28,51,28,6,20,12,10,6,-,247
,,575,22,15,3,10,1,1,12,4,8,35,24,8,12,7,5,3,-,170
,,ATA,30,45,17,17,4,8,28,17,61,158,35,8,47,12,15,5,-,507
,,AWI,184,216,30,59,14,17,122,47,107,404,124,27,185,40,18,92,-,1686
,,AWJ,112,90,31,36,5,25,79,29,67,324,41,11,70,27,21,17,-,985
,,AWK,570,596,117,231,24,68,384,129,410,1525,309,80,449,238,134,144,-,5408
,,AXT,207,235,45,104,4,19,109,50,149,428,87,38,171,42,46,69,-,1803
,,BAF,63,72,29,12,6,6,72,9,31,190,34,3,23,15,20,8,-,593
,,BAG,56,38,5,15,5,10,45,2,32,138,16,5,51,24,16,5,-,463
,,BBX,82,60,16,17,5,11,43,8,158,540,46,2,26,8,37,10,-,1069
,,BCO,131,139,21,28,15,14,137,22,100,551,92,27,96,49,33,32,-,1487
,"JUMPY ODER DISPATCH",AMO,183,142,69,56,8,15,102,53,161,499,106,21,113,56,56,44,-,1684
,,AMR,56,29,6,18,2,6,29,9,19,65,22,4,23,5,10,12,-,315
,,AOT,361,319,41,124,23,38,186,80,239,596,210,62,224,70,65,97,1,2736
,NEMO,AMU,34,35,3,6,-,-,18,3,9,40,16,7,18,14,6,6,-,215
,,ANA,131,119,23,49,3,10,71,36,117,215,91,31,65,50,47,51,-,1109
,U64,539,11,10,3,8,-,2,3,3,24,34,17,6,11,2,5,5,-,144
,"SONSTIGE/NICHT GETYPT",,1235,1636,220,344,40,118,797,221,863,2339,913,256,956,342,268,434,2,10984
"CITROEN (F) ZUSAMMEN",,,12315,13673,2876,4282,561,1130,7424,2759,10657,26700,8068,2180,9505,3886,2894,3842,13,112765
CLAAS,"ARES 556",167,46,132,-,16,1,-,54,3,135,139,31,3,8,14,38,7,-,627
,"ARES 566",168,19,61,-,8,-,1,22,2,61,55,12,-,12,5,14,9,-,281
,"ARES 577",196,19,24,-,3,-,-,15,1,8,7,10,-,8,4,11,2,-,112
,"ARES 616",171,15,33,-,3,-,-,15,1,35,23,9,2,4,3,14,1,-,158
,"ARES 656",170,37,76,-,6,-,1,27,3,116,67,17,2,7,13,33,6,-,411
,"ARES 696",169,13,49,-,2,-,1,7,2,70,45,4,-,4,2,14,-,-,213
,"ARES 697",197,31,62,-,8,-,1,25,4,60,43,9,-,14,8,15,13,-,293
,"Arion 520",AAQ,14,28,-,5,-,1,6,1,19,17,3,1,4,1,7,2,-,109
,"Arion 640",ABD,54,65,-,7,-,-,27,9,63,57,15,-,7,10,13,5,-,332
,"AXOS 310",ABN,22,33,1,3,-,-,9,1,10,20,9,-,1,3,4,3,-,119
,"AXOS 320",ABO,27,76,-,4,-,-,26,-,21,26,19,-,1,2,5,2,-,209
,"AXOS 330",ABP,17,33,-,2,1,-,11,3,15,10,7,-,1,5,5,2,-,112
,"CELTIS 426",172,37,99,-,8,-,1,26,3,31,56,16,2,5,2,12,6,-,304
,"CELTIS 436",173,84,228,-,9,-,1,43,7,77,139,36,6,8,10,28,10,1,687
,"CELTIS 446",174,60,119,-,3,-,-,40,8,55,45,13,1,5,7,23,7,-,386
,"CELTIS 456",175,52,118,1,9,-,-,40,5,60,47,22,2,9,5,9,9,-,388
,"SONSTIGE/NICHT GETYPT",,1043,2597,-,586,1,10,462,669,1795,1373,316,38,572,595,730,448,1,11236
"CLAAS ZUSAMMEN",,,1590,3833,2,682,3,17,855,722,2631,2169,548,57,670,689,975,532,2,15977
"CLAAS TRACTOR (F)","Arion 410",ABM,48,71,-,7,-,-,29,-,24,61,12,-,4,3,13,2,-,274
,,ABN,41,90,-,7,-,-,34,3,31,51,14,1,11,3,22,4,1,313
,,AEE,28,56,-,3,-,-,14,-,16,29,9,2,2,2,6,2,-,169
,,AIA,10,33,1,3,-,1,10,1,22,11,2,1,3,-,1,4,-,103
,"Arion 420",ABP,56,106,1,6,-,-,42,2,34,77,21,1,5,-,23,4,-,378
,,AEK,46,164,-,9,-,2,40,8,78,105,13,2,7,2,13,10,-,499
,"ARION 420, ARION 420 M",AIU,59,136,-,8,-,3,11,9,54,63,10,-,3,8,21,13,-,398
,"Arion 420/M",AIB,83,135,-,8,-,2,20,3,73,64,10,3,7,8,20,12,-,448
,"Arion 430",ABR,47,117,1,19,-,-,27,6,38,28,14,-,7,5,18,4,-,331
,,AEL,15,14,-,4,-,-,8,1,26,22,7,-,5,-,4,4,-,110
,"Arion 440",AEM,33,82,1,8,-,1,37,2,46,71,8,-,2,4,16,4,-,315
,"ARION 440, ARION 450 M",AIW,15,37,-,4,-,-,6,6,35,39,7,-,1,6,9,2,-,167
,"Arion 440/M",AID,40,99,-,15,-,1,22,4,49,57,16,1,4,6,3,3,-,320
,"Arion 450",AEN,9,16,-,9,-,-,15,1,12,13,7,2,10,5,10,2,-,111
,"Arion 460",AEJ,30,45,-,13,-,1,16,6,26,41,8,1,9,1,3,6,-,206
,,AIF,27,32,-,11,-,-,11,7,17,25,8,1,5,7,17,5,-,173
,"ARION 470",AIZ,33,41,-,4,1,-,11,3,35,25,10,-,16,4,5,11,-,199
,"ARION 510,-Cmatic",AHM,32,77,-,8,-,2,30,12,103,45,4,1,2,3,21,6,-,346
,"ARION 530",ACO,20,41,-,17,-,-,25,3,39,53,4,2,4,1,10,2,-,221
,"ARION 530,-Cmatic",AHN,14,29,1,3,-,-,5,10,32,30,6,1,3,1,13,-,-,148
,"ARION 540",AAO,14,35,-,3,-,-,6,1,15,19,3,-,1,1,2,1,-,101
,"ARION 550,-Cmatic",AHO,6,16,2,5,-,-,22,2,31,32,7,-,11,4,13,6,-,157
,,AHV,47,86,1,4,-,-,13,1,53,55,11,1,10,4,9,3,-,298
,"ARION 610,-Cmatic",AHP,2,19,1,12,1,-,19,14,44,26,7,-,4,-,16,3,-,168
,"Arion 620",ACU,7,26,-,13,-,-,16,5,46,37,10,1,3,7,6,4,-,181
,"ARION 620",ACK,8,13,-,19,-,-,11,6,44,27,3,-,3,4,19,2,-,159
,"ARION 630,-Cmatic",AHQ,12,21,2,21,-,-,14,5,44,36,11,-,4,7,10,4,-,191
,,AHX,14,22,-,2,-,-,9,3,24,16,4,1,2,9,4,1,-,111
,"Arion 640",ABE,5,10,-,7,-,-,11,6,12,20,4,-,3,4,16,5,-,103
,,ACW,40,68,-,19,-,-,19,9,56,45,11,3,8,10,6,9,-,303
,"ARION 640",AAL,80,158,1,20,-,1,43,23,136,110,36,4,34,21,26,14,-,707
,"Arion 650",ACX,83,191,-,35,-,-,42,28,237,126,37,2,21,34,53,19,-,908
,"ARION 650",AIQ,13,13,-,7,-,-,4,3,30,8,4,-,4,11,4,1,-,102
,"ARION 650,-660 Cmatic",AHZ,37,68,1,14,-,-,18,15,109,52,14,3,14,8,27,13,-,393
,"ARION 660 Cmatic",AIS,53,117,-,15,-,-,20,21,152,55,15,-,15,17,20,9,-,509
,"ATOS 220",AII,37,73,1,4,1,-,30,5,40,13,6,-,7,3,1,32,-,253
,"ATOS 230; ATOS 330",AIL,32,64,-,4,-,-,11,1,22,5,3,1,4,5,4,8,-,164
,"ATOS 330",AFE,21,48,-,8,-,-,6,3,26,19,6,-,2,4,8,5,-,156
,"Axion 810",AAB,11,21,-,14,-,-,6,8,48,13,7,2,2,16,4,-,-,152
,"AXION 810; AXION 830",AGW,23,26,-,18,-,-,11,12,123,29,12,1,2,12,17,7,-,293
,"AXION 830",AGY,15,26,-,16,-,-,5,26,63,39,3,1,11,20,28,14,-,267
,"AXION 870",AHB,43,77,-,67,-,-,20,74,112,44,14,2,27,55,31,46,-,612
,"Axion 920",ACY,12,7,-,19,-,-,4,15,24,12,5,1,6,13,8,4,-,130
,"Axion 930",ACZ,7,14,-,21,-,-,3,21,17,4,4,-,13,10,11,6,-,131
,"AXION 930",AHI,3,9,-,34,-,-,-,35,11,9,-,-,6,22,7,12,-,148
,"AXION 960",AHL,4,5,-,11,-,-,-,43,11,3,3,-,3,14,2,8,-,107
,"Axos 310",ABI,90,187,1,13,1,-,79,13,75,88,32,4,15,13,18,19,-,648
,,AEA,27,49,-,6,-,-,19,2,29,39,4,1,3,2,6,3,-,190
,"Axos 320",ABJ,59,188,-,7,-,-,51,8,55,81,20,4,6,5,13,11,-,508
,,AEB,18,45,-,4,-,1,13,4,24,21,6,-,-,2,6,-,-,144
,"Axos 330",ABK,22,68,-,-,-,1,25,5,15,26,8,1,5,8,11,3,-,198
,"Axos 340",ABL,18,57,1,9,-,-,33,16,23,31,10,1,10,11,9,8,-,237
,,AED,9,17,-,8,-,-,9,8,15,20,2,-,2,5,6,1,-,102
,"CLAAS ARION",ACR,47,86,-,9,-,-,16,1,37,36,9,1,5,8,11,2,-,268
,,ACT,48,72,-,6,-,1,15,3,39,22,9,2,4,5,10,4,-,240
,"CLAAS ATOS 220",AFF,27,54,-,8,-,1,8,2,25,12,3,1,3,1,7,14,-,166
,"CLAAS AXION",ADF,30,38,-,27,-,-,16,14,110,74,13,-,11,13,26,6,-,378
,,ADY,44,96,-,16,-,-,25,22,103,52,16,6,17,24,42,18,-,481
,,ADZ,15,21,-,8,-,-,4,22,14,6,-,1,8,4,7,6,-,116
,,AFN,12,27,-,20,-,-,9,23,25,23,5,1,9,14,14,14,-,196
,"ELIOS 210",ACF,47,75,-,4,-,-,10,7,16,18,5,-,2,-,-,4,-,188
,"ELOIS 210",AES,33,42,-,2,-,-,3,2,10,14,-,1,-,-,1,-,-,108
,"NEXOS 210 VE;-VL;-F",AGD,200,380,2,36,3,3,40,10,90,130,32,1,31,22,42,35,-,1057
,"SONSTIGE/NICHT GETYPT",,938,1426,7,368,1,15,278,300,1276,1081,245,34,234,282,433,199,1,7118
"CLAAS TRACTOR (F) ZUSAMMEN",,,2999,5582,25,1129,8,36,1429,934,4301,3538,849,101,695,803,1262,683,2,24376
"CNH (I)","4110 EXPERT CVT",ANW,19,64,-,-,-,-,6,-,4,11,1,-,-,-,-,-,-,105
,"4130 EXPERT CVT",ANU,37,112,-,-,-,-,19,-,6,3,6,-,2,-,11,6,-,202
,"4145/6145 PROFI,-CVT",APC,19,59,-,-,-,-,5,-,6,7,2,-,2,1,4,3,-,108
,"Farmall 100C",AUB,7,36,-,7,-,-,7,3,30,16,1,-,2,-,16,-,-,125
,"Farmall 55A",APP,37,99,-,2,-,1,1,3,1,9,3,-,1,-,4,3,-,164
,"Farmall 75A",APT,38,88,-,5,-,-,30,7,8,5,7,-,22,-,2,10,-,222
,"Farmall 75C",AQF,45,71,-,1,-,1,17,4,27,23,13,-,2,1,11,1,-,217
,"Kompakt 4065S",AQJ,38,78,-,-,-,-,3,1,-,8,5,-,2,-,1,8,-,144
,"Kompakt 4080",AUE,38,59,-,-,-,-,6,1,1,7,2,-,-,-,-,2,-,116
,"Kompakt 4095",ALK,28,69,-,-,-,-,7,1,8,7,8,-,2,1,1,3,-,135
,"Kompakt 4100",AUG,50,63,-,1,-,1,9,8,2,12,11,-,-,3,7,8,-,175
,"MAXXUM 145,-CVX",AOT,4,6,-,5,-,2,17,1,22,23,4,-,4,6,17,4,-,115
,,AOU,26,83,-,7,-,-,13,3,40,26,8,1,1,1,4,4,-,217
,"PUMA 175 CVX",AFP,11,37,-,3,-,1,6,-,50,24,2,-,4,2,3,1,-,144
,"PUMA 240 CVX",ARO,10,62,-,7,-,1,12,10,38,20,4,-,15,4,2,9,-,194
,T4.55,APV,31,182,-,-,-,-,15,-,4,36,2,-,10,-,1,6,-,287
,T4.55S,APN,30,131,1,4,-,-,11,-,5,12,3,-,7,2,1,9,-,216
,T4.75,APZ,34,68,-,3,-,2,14,2,10,6,6,1,9,2,9,3,-,169
,T5.100,ATX,19,39,-,1,-,-,14,3,5,11,5,-,1,-,-,4,-,102
,"T5.110 AC,-DC",ANH,16,92,-,2,-,-,2,-,10,21,4,-,7,-,1,4,-,159
,T5.95,AKN,16,59,-,2,-,-,24,2,3,9,4,-,1,-,4,3,-,127
,"T6.175/T6.180,-DC,-AC",AOI,7,11,-,9,-,1,13,6,24,10,1,-,2,7,16,3,-,110
,,AOJ,25,72,-,9,-,-,28,4,25,17,12,-,9,9,7,1,-,218
,"T7.225 AC",AFH,5,11,-,3,-,-,4,5,49,3,4,-,6,8,11,2,-,111
,"T7.245,-AC",AQR,12,13,-,11,-,-,8,12,35,6,3,-,9,7,13,1,-,130
,"T7.270 AC",AQT,3,32,-,19,-,-,12,6,26,13,3,-,10,7,7,8,-,146
,TD5.85,AQU,18,71,1,3,-,-,5,1,9,5,5,-,2,-,3,4,-,127
,"VESTRUM 130 CVX",ANM,17,48,-,2,-,-,6,1,16,19,5,-,7,2,4,-,-,127
,"SONSTIGE/NICHT GETYPT",,778,1875,-,201,5,6,415,178,919,707,383,18,250,133,312,173,-,6353
"CNH (I) ZUSAMMEN",,,1418,3690,2,307,5,16,729,262,1383,1076,517,20,389,196,472,283,-,10765
"CNH (L)","370 Kompakt",AAC,41,150,-,-,-,-,5,-,2,19,17,1,5,-,2,12,-,254
,"4095 MULTI ET",AXD,25,133,-,-,-,-,8,-,2,21,3,-,-,1,7,2,-,202
,"4100 Multi ET",BJT,18,64,-,-,-,-,10,-,-,8,3,-,-,-,-,2,-,105
,"4105 MULTI ET",AXE,25,57,-,1,-,-,7,1,9,9,6,1,4,-,12,-,-,132
,"4110 PROFI/X/Classic",AGR,28,55,-,1,-,-,5,2,5,11,4,-,3,-,20,-,-,134
,"4115 MULTI ET",AXF,49,105,-,-,-,-,9,-,13,14,13,2,1,-,5,2,-,213
,"4115 PROFI",063,35,64,-,-,-,-,5,1,10,18,5,1,3,1,5,3,-,151
,"4120 Multi ET",BJV,36,45,-,1,-,-,6,1,3,12,5,-,4,-,6,6,-,125
,"4130 PROFI CVT",AYT,26,103,-,-,-,-,4,-,14,4,8,-,1,-,13,3,-,176
,"4145;6145 PROFI,-CVT",BRA,18,68,-,2,-,-,8,1,2,14,9,1,2,-,2,2,-,129
,"495 Kompakt",AAG,22,121,-,-,-,-,4,-,1,5,6,2,6,-,1,7,-,175
,"6125 PROFI",065,12,46,-,-,-,-,3,-,11,10,6,1,1,1,7,2,-,100
,"6135 PROFI",066,23,42,-,1,-,-,7,-,21,10,5,-,7,-,6,2,-,124
,"6150 CVT",AHN,17,116,-,-,-,-,3,-,5,7,4,-,-,-,16,-,-,168
,"6160 CVT",APM,10,44,-,-,-,-,7,2,8,12,4,-,2,3,8,1,-,101
,"6195 CVT",AHQ,32,131,-,-,-,-,4,1,6,10,8,1,1,1,37,1,-,233
,"9090 M",113,29,80,-,-,-,-,2,-,7,10,6,1,1,-,4,-,-,140
,,ABG,20,84,-,1,-,-,4,-,8,8,2,-,4,-,10,1,-,142
,"9095 MT",AKX,46,169,-,-,-,-,4,-,6,5,4,-,2,-,8,3,-,247
,9100M,114,17,68,-,-,-,-,8,1,4,10,6,-,1,-,6,2,-,123
,"CASE IH CVX 1170",ADN,18,22,-,2,-,-,6,1,30,7,6,1,6,1,7,2,-,109
,"CASE IH CVX 150",AFB,6,17,-,-,-,-,4,1,19,14,2,-,2,2,38,-,-,105
,"CASE IH JX 1090U",144,40,53,-,2,-,-,3,2,10,17,7,-,2,1,2,1,-,140
,,AED,53,108,-,1,1,-,14,2,24,26,14,-,3,1,8,2,-,257
,"CASE IH JX 1100U",AEF,19,34,-,3,1,-,11,1,12,4,2,-,4,2,7,1,-,101
,"Case IH JX70",AET,169,289,-,8,-,-,15,5,32,26,29,5,8,4,15,5,-,610
,"CASE IH JX70",125,25,62,-,2,-,-,10,-,9,6,7,1,2,-,5,5,-,134
,"CASE IH JX85",025,22,38,1,1,-,-,9,1,8,10,14,-,8,2,6,5,-,125
,"Case IH JX90",AEX,19,33,-,2,1,-,4,1,23,14,12,1,4,3,8,5,-,130
,"CASE PUMA 180",AIG,31,56,-,2,-,-,7,9,57,36,8,5,11,3,34,1,-,260
,"CASE PUMA 185",ASY,28,79,-,5,-,-,2,3,48,41,4,-,22,2,22,8,-,264
,"CASE PUMA 225",ANC,21,32,-,6,1,-,7,5,52,16,9,1,14,5,17,8,-,194
,"CASE PUMA 230",ATB,38,81,-,15,-,-,16,9,89,35,10,1,37,11,30,20,-,392
,CS95,ALA,20,113,-,-,-,-,8,-,26,31,5,-,1,-,5,1,-,210
,"CVX 150",AFQ,66,193,-,3,-,-,18,3,134,50,19,-,3,2,15,3,-,509
,"CVX 175",AFS,22,40,-,2,-,-,5,-,30,16,7,-,7,5,1,1,-,136
,"CVX 195",AFT,67,132,-,3,-,-,17,4,117,47,14,-,18,1,46,7,-,473
,"FARMALL 100U;FARMALL 105U",AVU,38,38,-,2,1,-,5,-,49,18,9,-,2,1,38,-,-,201
,"FARMALL 110U;FARMALL 115U",AVV,26,51,-,5,-,-,2,3,30,6,6,-,6,4,7,4,-,150
,"Farmall 115U PRO EP",AXI,18,64,-,1,-,1,7,1,25,30,6,-,2,-,6,-,-,161
,"Farmall 55A",AWL,20,56,-,3,1,1,5,-,9,4,1,-,-,3,4,1,-,108
,,BRL,28,83,-,2,-,-,6,2,3,8,3,-,1,-,11,2,-,149
,"FARMALL 55C",BAY,43,64,-,-,-,-,3,1,10,6,-,-,1,1,6,-,-,135
,"Farmall 55C; JX 55C",AUN,46,99,-,1,-,-,2,-,12,5,2,2,3,-,-,2,-,174
,"Farmall 65 A",AWZ,113,153,-,2,-,-,16,-,17,13,11,1,5,4,12,16,-,363
,"Farmall 65A",BRN,21,55,-,1,-,-,4,-,7,11,11,-,-,1,2,2,-,115
,"FARMALL 65C",BBA,15,104,-,1,-,-,3,-,6,7,2,-,2,-,1,1,-,142
,"Farmall 65C; JX 65C",AUP,38,114,-,-,-,1,19,-,19,26,6,4,5,-,4,4,-,240
,"Farmall 75A",BRP,29,74,-,8,-,-,12,8,17,8,7,-,9,2,1,4,-,179
,"Farmall 75C",BOW,69,76,1,-,-,-,14,1,11,17,13,1,2,-,12,3,-,220
,"FARMALL 75C",BBC,75,106,-,1,-,-,15,2,13,12,15,1,1,2,14,2,-,259
,"Farmall 75C; JX 75C",AUR,31,104,-,-,-,-,17,-,19,23,10,-,1,1,-,3,-,209
,"FARMALL 85C",BAE,16,54,-,1,-,-,4,2,8,9,5,-,2,-,3,-,-,104
,"FARMALL 90U; FARMALL 95U",AVT,90,195,-,3,-,-,21,-,31,37,7,4,1,-,14,1,-,404
,"Farmall 95C",BIV,32,82,-,7,-,-,7,-,54,30,13,1,3,5,4,4,-,242
,"Farmall 95U PRO EP",AXG,16,73,-,4,-,-,3,1,12,15,-,1,-,-,4,-,-,129
,JX60,AOB,298,784,-,7,-,8,56,6,42,30,44,2,13,5,54,20,-,1369
,"JX70, Farmall 75A",AOD,96,160,1,6,1,-,19,1,32,25,19,1,13,6,5,14,1,400
,"JX80, Farmall 85A",AOF,28,47,-,3,-,-,14,-,16,13,15,1,10,3,3,1,-,154
,JX90,ALY,84,155,-,4,-,-,28,5,73,40,23,1,11,8,32,11,-,475
,"JX95, Farmall 95A",AMA,37,55,-,2,-,-,11,7,23,11,10,-,13,6,4,12,-,191
,"JXU 95",ALN,164,407,-,1,1,3,43,5,102,90,42,6,7,3,60,4,-,938
,JXU115,APE,25,53,-,1,-,-,6,-,13,12,5,2,3,2,1,2,-,125
,"Kompakt 4055 S",AUX,23,83,-,1,-,-,1,-,2,1,2,-,1,-,-,2,-,116
,"Kompakt 4065",AMU,93,223,-,1,-,-,11,1,4,22,19,6,3,-,2,11,-,396
,"Kompakt 4065 S",AUZ,23,140,-,-,-,-,11,-,-,20,7,1,4,2,1,9,-,218
,,AZQ,23,100,1,1,-,-,6,-,2,8,6,-,2,1,1,3,-,154
,,BPA,17,87,-,1,-,-,6,-,1,8,2,1,-,-,-,6,-,129
,"Kompakt 4075",AMW,18,65,-,-,-,-,6,-,2,6,5,-,-,1,2,2,-,107
,,BJB,85,145,-,3,-,-,16,1,3,9,11,-,3,-,1,9,-,286
,"KOMPAKT 4075",BAW,63,121,-,-,-,-,5,-,4,13,9,-,2,-,1,4,-,222
,"Kompakt 4085",AXK,19,65,-,-,-,-,4,-,-,6,6,-,1,1,3,-,-,105
,"KOMPAKT 4085",BAO,22,75,-,3,-,-,6,1,1,4,3,1,2,-,2,1,-,121
,"Kompakt 4095",AKM,70,193,-,-,-,7,8,2,8,13,14,-,7,2,-,10,-,334
,,BJF,129,205,-,1,-,-,17,1,11,22,22,3,5,2,24,6,-,448
,"KOMPAKT 4095",BAQ,27,73,-,-,-,-,9,2,22,12,7,2,2,2,8,6,-,172
,"LUXXUM 100",BJQ,21,65,-,-,-,-,2,-,14,19,3,-,-,1,1,1,-,127
,"LUXXUM 120",BJS,20,34,-,8,1,-,11,1,31,15,4,-,3,1,5,1,-,135
,"Maxxum 110",AGI,26,64,-,3,-,-,10,1,55,35,11,-,5,2,20,3,-,235
,"MAXXUM 110 CVX",AYX,19,69,-,1,-,-,2,1,9,6,3,-,1,-,12,2,-,125
,"MAXXUM 110 CVX; -130 CVX",AYL,16,45,-,-,-,-,2,-,17,20,2,-,-,-,3,-,-,105
,"Maxxum 110, Maxxum 130",AGK,21,45,-,1,-,2,13,1,25,30,8,-,2,-,10,-,-,158
,"MAXXUM 110,130",AUH,25,41,-,4,-,1,10,1,44,41,7,1,7,1,6,2,-,191
,"Maxxum 115",AGO,70,134,-,5,-,-,9,4,114,51,14,1,5,4,20,4,-,435
,"MAXXUM 115,120",AUI,30,76,-,2,2,1,5,2,97,32,7,-,4,1,17,3,-,279
,"MAXXUM 130 CVX",AYO,38,124,-,2,-,-,8,1,50,30,6,1,3,1,14,2,-,280
,"Maxxum 140",AGN,24,33,-,6,-,-,13,3,47,33,10,-,9,5,31,5,-,219
,,AGQ,21,24,-,3,-,-,12,3,69,26,10,3,14,2,32,2,-,221
,"MAXXUM 140",ATN,20,41,-,1,-,-,6,2,44,16,4,-,10,4,1,2,-,151
,,AUL,5,18,1,9,-,-,5,4,38,19,7,-,9,6,25,4,-,150
,"MAXXUM 140,165",AIV,35,64,-,2,-,-,10,1,75,25,6,-,8,6,9,2,-,243
,"MAXXUM 145,-CVX,-150",BQS,44,92,-,5,-,-,10,7,50,37,12,1,1,-,9,2,-,270
,MXU110,058,20,23,-,1,-,-,15,-,18,16,9,1,3,-,5,1,-,112
,MXU115,ACW,22,24,-,3,-,-,4,3,26,18,6,-,4,1,18,1,-,130
,MXU135,061,11,19,-,9,-,-,4,3,33,24,2,-,12,4,9,8,-,138
,,ACZ,17,11,-,4,-,-,2,1,30,15,4,-,6,1,14,2,-,107
,"NEW HOLLAND T7.220",ASL,9,28,-,6,-,-,9,8,34,72,6,-,7,7,14,3,-,203
,"NEW HOLLAND T7.250",ASN,7,31,-,17,-,1,4,11,54,25,10,-,12,13,44,6,-,235
,"NEW HOLLAND T7.270",ASP,28,70,-,37,-,-,18,24,69,43,17,-,38,19,41,20,-,424
,"NEW HOLLAND T7050",AIL,8,33,-,6,-,-,10,5,32,21,10,-,11,2,31,2,-,171
,"NEW HOLLAND T7070",AND,1,19,-,7,-,-,3,3,23,16,5,-,9,3,8,5,-,102
,"NEW HOLLAND TD70D",ACG,28,73,-,2,-,-,7,1,10,10,2,-,6,-,5,2,-,146
,"New Holland TL100A",ADV,33,77,-,2,-,-,17,2,29,35,8,1,2,3,6,5,-,220
,"NEW HOLLAND TL100A",138,35,76,-,1,-,-,21,4,13,16,2,-,5,1,8,1,-,183
,"New Holland TL90A",ADU,22,63,-,13,-,1,24,3,36,34,3,-,3,3,13,-,-,218
,"NEW HOLLAND TL90A",136,19,51,-,1,-,-,18,2,12,28,-,-,3,1,7,2,-,144
,"PUMA 130",API,13,48,-,1,-,-,6,-,32,30,2,-,1,-,10,1,-,144
,"PUMA 145",APJ,17,61,-,1,-,-,5,4,54,32,7,-,4,3,11,4,-,203
,"PUMA 150",BEU,15,53,-,-,-,-,7,1,43,14,3,-,-,-,13,2,-,151
,"PUMA 160",APK,34,108,-,5,-,-,11,4,104,41,15,1,12,7,19,4,-,365
,,AQN,8,8,-,3,-,-,10,3,29,10,7,1,8,5,8,1,-,101
,"PUMA 175 CVX",BFG,9,35,-,2,1,-,4,1,37,13,4,-,1,3,16,1,-,127
,,BMM,15,40,-,9,-,-,1,-,37,29,4,-,2,2,10,2,-,151
,"PUMA 185",BEM,7,34,-,4,-,-,4,-,26,18,4,-,1,1,3,1,-,103
,"PUMA 220",BEO,10,31,-,3,-,-,6,2,33,9,4,-,4,3,12,5,-,122
,,BNK,16,38,-,3,1,-,1,3,41,4,4,-,3,6,13,1,-,134
,"PUMA 240",BNM,13,44,-,6,-,-,2,4,25,11,4,1,1,1,5,3,-,120
,"PUMA 240 CVX",BEP,7,25,-,8,-,-,2,6,19,8,1,-,15,4,13,4,-,112
,"Quantum 65V",AOJ,27,11,-,-,-,-,13,2,7,4,114,2,-,-,1,2,-,183
,"Quantum 75N, ..75V",AOL,29,14,-,2,-,-,19,1,1,6,122,1,2,2,3,-,-,202
,"STEYR 6230",ASU,6,43,-,1,-,-,3,2,12,9,7,2,5,1,14,1,-,106
,T3030/TCE45,AOR,62,59,1,9,-,2,25,11,24,21,15,-,28,19,10,23,-,309
,T4.55,AVH,59,263,-,3,-,1,25,-,6,29,7,-,5,1,5,7,-,411
,,BBE,32,278,-,-,-,-,16,2,15,39,7,-,15,2,-,4,-,410
,,BPS,20,227,-,1,-,-,21,1,7,44,4,1,21,2,1,7,-,357
,T4.55S,BRR,29,124,1,3,-,-,12,1,4,8,1,-,16,-,5,7,-,211
,T4.65,BBG,6,84,-,1,-,-,5,-,5,5,-,-,-,-,-,2,-,108
,T4.75,AVL,30,76,-,3,-,1,11,1,9,6,6,-,1,3,4,1,-,152
,,BBI,10,110,-,1,-,-,11,-,5,8,6,-,4,-,4,12,-,171
,,BPW,26,107,-,1,-,-,17,3,15,11,2,-,4,2,3,-,-,191
,T4.85,AZU,10,48,-,-,-,-,16,-,6,12,3,-,-,-,4,1,-,100
,T4.95,AZW,20,54,-,2,-,-,10,4,11,16,8,-,2,7,3,2,-,139
,T4020,AMQ,60,131,-,2,-,-,31,1,6,62,9,-,4,5,1,5,-,317
,T4020V,ANO,93,12,-,-,-,1,2,-,5,10,32,-,-,-,1,-,-,156
,T4030N;T4030V,ANQ,153,13,-,3,-,-,7,-,20,6,150,1,2,1,-,1,-,357
,T4040,AKT,23,69,-,4,-,-,7,2,15,21,3,1,1,-,2,3,-,151
,T4040N;T4040V,ANS,41,3,-,2,-,-,3,-,2,1,52,-,1,1,1,-,-,107
,T480S,BDL,20,68,-,17,1,-,27,4,19,13,4,-,10,10,5,14,-,212
,T5.100,BJN,15,45,-,2,-,-,6,-,7,19,3,-,3,1,1,2,-,104
,T5.105,AWG,9,28,-,5,-,-,13,2,56,13,9,-,2,1,6,3,-,147
,,AXB,11,42,-,3,-,-,7,3,16,10,2,1,3,1,8,-,-,107
,,BHT,13,17,-,4,-,-,15,8,20,43,6,-,3,2,13,1,-,145
,T5.115,AXC,28,57,-,3,-,-,14,1,13,7,2,-,2,2,3,1,-,133
,T5.120,BJP,9,28,-,2,-,-,12,8,17,14,8,-,-,5,5,1,-,109
,T5.85,BHP,17,107,-,1,-,-,14,1,8,1,6,-,-,-,5,3,-,163
,T5.95,AWF,50,135,1,3,-,-,35,3,42,40,13,1,14,2,16,1,-,356
,,AXA,26,55,-,2,-,-,9,1,11,18,2,-,4,-,2,1,-,131
,,BHR,37,158,-,2,1,-,35,4,16,20,6,-,6,1,2,2,-,290
,T5050,ALF,174,522,-,16,-,1,164,21,165,243,33,1,38,11,52,11,-,1452
,T5060,ANM,14,35,-,6,-,-,33,5,13,31,5,-,1,4,4,1,-,152
,"T6.120,T6.140",AUA,7,60,-,2,1,-,4,1,13,50,1,-,5,-,14,2,-,160
,"T6.120,T6.140,T6.160",AUB,18,61,1,2,-,2,21,-,25,34,5,-,6,1,13,2,-,191
,"T6.130,T6.150,T6.155",AUC,8,35,-,3,-,-,21,3,18,45,2,-,7,2,9,5,-,158
,"T6.140 AC; T6.160 AC",AYG,10,51,-,1,-,-,1,2,8,33,5,-,1,1,3,1,-,117
,"T6.160 AC",AYJ,35,81,-,2,-,-,19,-,28,26,11,-,3,5,3,2,-,215
,T6.175,ATT,16,69,-,8,-,-,11,2,77,20,11,1,5,8,2,6,-,236
,,AUF,13,35,-,8,-,-,17,13,33,22,4,-,5,5,24,5,-,184
,"T6.175/-180 DC,-AC",BQI,10,30,-,7,-,-,12,1,15,7,2,-,3,-,14,7,-,108
,,BQJ,25,84,-,2,-,-,17,1,23,24,9,-,4,2,4,2,-,197
,T6.180,BCI,3,12,-,14,1,-,10,3,50,6,-,-,5,3,3,5,-,115
,,BKE,4,9,-,14,-,-,7,2,54,8,1,-,5,2,1,4,-,111
,T6020,AGC,17,73,-,3,-,-,11,2,24,33,6,-,10,-,3,7,-,189
,T6030,AFZ,7,23,-,4,-,-,6,1,25,32,3,-,1,-,10,3,-,115
,"T6060,T6020",AGE,26,113,-,3,-,-,30,1,41,65,9,-,4,1,21,2,-,316
,T6070,AGH,6,45,-,11,-,-,24,10,56,59,9,2,6,14,25,4,-,271
,,AHL,8,48,-,1,-,-,11,1,54,14,6,-,2,2,4,5,-,156
,T7.185,APP,7,31,-,5,-,-,5,2,22,11,4,1,15,5,7,4,-,119
,T7.200,APQ,16,107,-,11,-,-,12,9,81,39,15,1,10,9,27,6,-,343
,T7.210,APR,39,94,-,8,-,-,18,2,84,65,15,-,6,7,17,7,-,362
,T7550,AFY,6,35,-,1,-,-,2,5,26,19,6,-,1,4,3,6,-,114
,"TD 5.65",AWT,41,153,-,3,-,-,53,1,15,29,14,-,21,4,1,17,-,352
,"TD 5.85",BBM,9,58,-,2,-,-,7,2,4,7,3,-,4,4,1,4,-,105
,,BGQ,9,67,-,3,-,-,7,1,1,3,4,1,5,1,2,2,-,106
,TD3.50,BSH,30,85,-,17,-,-,28,4,12,36,5,-,11,10,8,30,-,276
,"TD3.50; F480; T480",ASW,32,69,-,7,-,-,19,3,8,28,5,-,13,8,4,26,-,222
,TD4020F,AQX,129,43,-,5,-,-,6,-,21,27,2,2,7,6,-,14,-,262
,TD5.85,BOH,18,118,1,10,-,-,14,3,13,8,3,-,10,8,11,8,-,225
,TD5010,ANV,128,633,2,9,-,-,125,3,52,96,48,1,38,5,13,48,-,1201
,TD5040,ALU,27,95,-,12,-,-,19,2,44,40,9,-,15,8,6,4,1,282
,TD5050,ALW,4,56,-,12,-,-,13,5,15,25,9,-,7,5,5,9,-,165
,"TN 70 A,TN 70 DA,TN 70 SA",AAX,43,90,-,3,-,-,5,1,10,26,2,-,4,-,4,2,-,190
,TS110A,053,12,47,-,-,-,-,4,1,15,19,3,-,4,-,5,-,-,110
,TS115A,054,6,29,-,4,-,-,3,2,24,23,2,-,1,4,2,-,-,100
,TS125A,055,17,33,-,2,-,-,7,1,17,12,3,-,3,2,8,1,-,106
,TS135A,056,27,64,-,6,-,-,6,3,47,22,5,-,11,6,9,6,-,212
,,ACN,13,43,-,2,-,-,14,3,60,28,14,-,12,6,12,2,-,209
,"SONSTIGE/NICHT GETYPT",,3065,7709,11,584,7,21,1247,456,3324,2898,1616,93,848,418,1490,540,3,24330
"CNH (L) ZUSAMMEN",,,9210,23611,23,1242,24,56,3534,884,8265,7019,3466,193,1917,899,3331,1347,5,65026
"DACIA (RO)",DOKKER,ADC,16,19,6,8,-,1,5,2,6,13,5,2,14,2,4,2,-,105
,,ADN,40,59,19,21,2,5,45,9,44,130,20,5,43,12,7,11,-,472
,,AEA,551,677,144,197,44,55,323,103,373,794,275,149,481,160,117,231,-,4674
,,AEB,212,282,77,113,5,24,152,45,138,299,93,44,125,60,96,112,1,1878
,,AEE,42,65,31,48,14,8,72,7,56,253,32,5,32,28,8,13,-,714
,,AEW,191,211,26,32,9,19,81,25,85,220,69,23,77,37,28,48,-,1181
,,AEX,128,161,48,52,13,8,70,25,79,158,74,40,144,46,17,49,-,1112
,"DOKKER,SANDERO,LOGAN",AEV,88,150,10,24,2,5,72,23,80,105,57,5,54,15,27,23,1,741
,"DOKKER,SANDERO,LOGAN,DUST",ACK,202,312,32,99,12,12,187,73,149,262,115,44,120,74,76,89,-,1858
,"DOKKER,SANDERO,LOGAN,XXXX",ABW,357,466,80,255,22,24,201,138,295,496,156,61,324,151,96,168,-,3290
,"DOKKER,XXXXX",ACW,210,239,53,83,10,22,135,24,131,262,116,35,223,63,45,106,1,1758
,Logan,AAQ,96,105,46,65,5,3,72,21,39,78,48,12,115,74,11,114,1,905
,,AAR,96,87,49,59,6,5,60,25,64,141,34,15,125,51,32,43,1,893
,,AAS,38,67,42,66,6,5,39,25,49,85,21,14,66,44,24,66,-,657
,,AAT,73,68,21,47,4,1,47,18,41,69,27,22,55,41,9,42,-,585
,"LOGAN,SANDERO",ABX,80,74,17,20,-,-,32,13,34,49,43,12,37,32,11,43,1,498
,,ACI,155,145,111,107,8,4,109,40,98,182,72,29,208,109,33,137,2,1549
,"SONSTIGE/NICHT GETYPT",,144,192,93,158,14,10,97,54,145,204,81,25,214,102,24,118,1,1676
"DACIA (RO) ZUSAMMEN",,,2719,3379,905,1454,176,211,1799,670,1906,3800,1338,542,2457,1101,665,1415,9,24546
"DAF TRUCKS (NL)",FTXF105.460T,AAB,21,34,-,7,3,3,15,4,47,88,10,1,16,4,10,3,-,266
,"SONSTIGE/NICHT GETYPT",,4086,6063,313,1223,400,562,3627,1359,6564,11485,1661,303,2099,1874,1433,1020,5,44077
"DAF TRUCKS (NL) ZUSAMMEN",,,4107,6097,313,1230,403,565,3642,1363,6611,11573,1671,304,2115,1878,1443,1023,5,44343
"DAIMLER (D)",-,AHH,89,82,28,27,6,10,67,2,83,180,34,4,15,26,42,5,-,700
,,AHI,67,55,16,6,3,7,37,7,48,99,35,2,13,6,11,9,-,421
,,AHJ,23,14,2,3,-,1,7,1,20,14,12,2,7,2,4,5,-,117
,,AHK,30,19,7,6,-,7,14,1,30,56,14,8,8,10,11,1,-,222
,,AHL,252,192,41,52,13,28,128,17,149,343,82,22,55,31,58,26,-,1489
,,AHM,127,117,13,22,2,11,65,12,63,147,44,8,22,14,19,13,-,699
,,AHN,133,97,88,54,13,51,76,11,128,318,56,16,46,19,59,14,1,1180
,,AHO,268,214,94,74,19,49,135,25,177,448,114,22,65,47,93,35,1,1880
,,AHP,58,64,12,9,1,10,24,5,33,84,29,3,17,16,21,8,-,394
,,AHQ,20,22,15,8,2,4,17,1,20,52,3,3,5,3,12,2,-,189
,,AHR,159,129,75,61,16,29,103,20,146,379,57,13,53,33,69,19,-,1361
,,AHS,249,255,67,55,17,28,150,27,152,404,96,25,79,46,50,24,2,1726
,,AWW,20,18,13,6,-,3,12,4,19,32,12,1,11,4,2,8,-,165
,,AWX,55,54,12,11,1,5,30,1,39,101,16,5,21,8,1,11,-,371
,,AYK,17,12,4,6,1,1,6,1,18,31,6,2,7,2,2,2,-,118
,,BCW,95,90,6,18,4,4,51,4,56,147,30,4,21,4,24,19,1,578
,,BCZ,71,61,16,8,6,10,31,7,32,99,19,5,16,16,11,6,-,414
,,BDE,169,140,38,23,10,33,72,12,105,272,46,18,47,29,38,20,2,1074
,,BDF,74,90,15,19,1,9,37,14,47,117,37,10,10,11,9,15,1,516
,-;Sprinter,AFC,19,16,-,14,-,2,3,3,2,8,5,2,13,5,2,3,3,100
,,ATK,13,15,9,5,1,1,10,-,13,29,5,1,7,2,5,2,1,119
,,ATL,58,31,5,9,2,7,31,4,33,78,21,5,10,6,10,2,1,313
,,AZD,21,11,8,4,3,4,13,2,21,37,10,4,9,3,7,-,2,159
,,BAR,15,12,20,8,4,2,13,-,17,28,8,2,4,3,7,-,-,143
,,BAS,145,129,79,49,9,39,93,30,174,352,53,12,52,30,64,21,1,1332
,,BAT,260,192,49,62,16,28,106,24,152,374,76,27,78,26,46,29,2,1547
,,BAV,85,89,19,25,6,5,35,13,38,120,46,14,20,7,23,12,2,559
,,BAY,73,41,28,13,5,6,35,6,59,103,20,3,17,11,15,7,-,442
,,BAZ,74,62,14,11,2,3,52,8,38,85,29,8,17,8,14,10,-,435
,,BBE,101,65,76,39,11,29,67,19,110,238,42,8,23,20,57,4,-,909
,,BBF,220,175,101,67,17,48,119,23,186,388,97,18,52,50,86,30,1,1678
,,BBG,43,44,14,17,3,7,21,8,34,77,14,2,15,9,13,9,-,330
,,BBU,17,15,16,6,5,4,9,2,12,39,6,3,9,2,8,1,-,154
,,BBV,135,91,26,32,5,13,74,12,107,202,43,7,39,16,38,12,1,853
,,BBW,110,107,15,16,5,6,83,2,60,116,31,5,20,13,18,19,-,626
,"108 CDI",861,45,19,17,14,2,4,20,2,32,40,24,3,28,11,5,3,-,269
,"110 CDI",862,27,24,12,15,1,3,21,3,31,39,11,3,28,9,4,6,-,237
,"112 CDI",863,17,17,9,18,-,2,8,7,12,25,7,2,21,11,1,4,1,162
,"1124 AF",829,39,2,-,14,-,-,16,23,10,12,2,1,1,9,2,7,-,138
,"1215,1217,1218,1223,1228",276,72,63,6,14,3,15,54,10,44,82,23,4,14,9,11,13,-,437
,,749,6,9,1,5,-,1,17,5,10,24,5,1,5,4,5,2,2,102
,"1222 AF",611,47,25,-,2,-,-,18,3,14,15,2,1,3,2,10,5,-,147
,1222K,AQZ,16,20,2,3,1,1,6,-,3,13,6,1,28,2,-,10,-,112
,"1224 AF",900,37,8,-,4,1,-,18,13,14,10,1,3,5,8,17,3,1,143
,1224K,ARC,28,57,3,6,-,2,32,-,17,37,11,6,19,10,3,13,-,244
,"1300,1400,1600 TURBO",208,36,54,-,4,-,1,11,7,41,23,14,2,2,4,26,-,-,225
,,244,8,34,-,-,-,-,8,1,17,23,4,-,-,2,8,-,-,105
,"1823,1828 AK",648,38,47,11,16,-,1,8,5,13,34,14,-,25,10,2,7,1,232
,"1823,1828 K",297,10,30,1,7,-,1,5,-,8,34,15,7,10,6,6,7,-,147
,"1823,1828 L",299,18,18,-,3,-,1,8,3,9,23,3,-,9,1,4,2,-,102
,"1824 AK",901,19,46,3,23,1,1,12,10,14,27,12,-,22,6,11,10,-,217
,"1832,1836,1841,1844,1846,",900,17,12,1,7,-,3,11,2,9,34,6,1,7,2,2,1,-,115
,,901,27,26,1,7,2,6,13,2,15,39,7,2,6,5,2,5,1,166
,,902,26,18,-,-,-,2,6,-,12,21,5,2,4,4,2,2,4,108
,"1833 AK",AJN,24,47,3,18,-,-,10,3,22,31,5,1,20,10,4,7,-,205
,"1833 K",AJV,29,24,-,2,-,2,10,4,5,32,13,5,10,1,3,7,-,147
,"1840 LS",AKE,7,15,14,8,2,2,9,5,35,42,5,-,10,7,11,1,-,173
,"1841 LS",AUB,34,21,1,2,9,1,7,-,13,13,8,-,2,1,11,1,-,124
,,AZI,44,15,3,17,2,6,33,6,51,121,9,2,10,7,13,6,-,345
,"1844 LS",AUC,26,22,-,3,-,-,10,1,18,16,12,-,6,2,2,2,-,120
,,AZJ,52,53,3,20,3,19,22,7,50,149,25,3,24,22,13,11,-,476
,"1846 LS",AZK,40,37,1,6,3,3,15,3,22,50,18,4,14,5,2,8,-,231
,"207 D",469,19,18,2,-,2,1,11,-,12,33,5,2,3,6,2,-,-,116
,,576,45,42,6,10,-,2,33,4,24,57,22,2,4,6,9,3,-,269
,"208 CDI",761,242,224,143,70,31,76,163,44,255,556,145,46,100,54,142,31,-,2322
,,786,183,187,13,31,18,21,118,19,138,243,90,26,50,26,56,29,1,1249
,"208 D",001,37,36,6,7,3,4,28,8,28,55,29,8,13,14,6,10,-,292
,,002,43,47,10,25,6,10,32,5,33,65,29,12,24,8,13,4,-,366
,,087,27,13,5,5,3,5,14,-,17,18,10,5,5,1,3,4,-,135
,,089,61,71,6,30,-,4,32,9,48,59,34,6,19,21,15,13,-,428
,,154,24,21,8,6,-,4,14,5,15,33,15,5,8,5,9,3,-,175
,,289,16,29,2,7,4,6,9,1,24,16,11,1,4,9,7,2,-,148
,"210 D",116,13,16,1,3,1,5,12,3,4,19,8,5,8,4,6,2,-,110
,,156,32,34,-,6,2,1,18,4,16,39,19,3,11,6,7,6,-,204
,"211 CDI",762,376,351,90,99,30,88,205,66,294,652,182,49,137,83,133,66,1,2902
,,787,85,91,16,22,3,12,67,4,78,111,55,8,33,19,21,16,-,641
,"212 D",004,42,43,3,15,3,9,25,5,34,44,16,1,16,3,13,9,-,281
,"212,312 D",493,23,27,-,1,-,-,46,3,19,4,5,2,10,7,3,5,1,156
,212D,157,15,27,5,6,4,6,10,8,24,19,10,2,10,4,8,4,-,162
,"213 CDI",763,207,197,36,52,12,27,98,23,120,237,75,14,81,42,56,34,1,1312
,,788,12,27,1,2,-,5,9,2,16,25,14,4,3,1,3,3,-,127
,"216 CDI",764,35,42,13,18,1,6,27,6,34,63,22,2,18,8,14,11,1,321
,"2531,2535,2540,2543,2548,",065,16,18,2,3,-,1,9,4,15,22,11,1,3,1,1,1,3,111
,"2532,2536,2541,2544,2546,",908,30,35,6,7,1,1,28,4,25,60,18,6,18,16,16,13,-,284
,,909,15,43,1,8,-,1,17,3,18,29,9,1,6,3,3,6,7,170
,"2541 L 6x2",AMC,14,22,2,7,-,-,6,3,5,18,8,2,5,1,7,-,-,100
,"2644 K 6x4",AOF,18,27,-,3,-,-,11,2,7,12,6,-,9,3,1,14,-,113
,"307 D",577,18,22,-,3,-,3,21,-,14,27,5,3,6,2,7,4,-,135
,"308 CDI",766,28,27,30,10,11,10,15,9,40,66,11,1,16,11,19,4,-,308
,,771,117,83,17,26,6,26,57,6,102,179,42,7,25,20,30,12,1,756
,,824,102,84,69,298,6,11,107,12,77,146,58,25,50,34,27,12,-,1118
,"308 D",005,21,22,4,5,5,4,16,4,30,43,11,3,14,10,8,3,-,203
,,081,30,32,3,24,4,4,28,5,29,44,27,6,19,17,13,9,-,294
,,091,15,19,5,4,2,4,11,-,10,13,5,2,5,4,7,4,-,110
,310,529,13,17,5,2,-,1,8,3,12,18,7,2,5,-,6,4,-,103
,,579,69,55,9,2,3,2,22,5,15,31,9,1,3,1,13,5,-,245
,"310 D",005,28,25,1,9,-,2,14,3,16,18,15,1,7,7,3,4,-,153
,,286,14,12,3,3,3,2,14,-,15,21,7,4,6,7,5,2,-,118
,"311 CDI",767,188,202,64,85,20,38,137,36,185,378,78,31,83,44,73,25,2,1669
,,772,208,188,26,50,7,34,124,18,150,295,107,16,68,43,58,24,1,1417
,"312 D",007,34,33,5,5,2,4,22,1,21,29,18,3,19,8,9,5,-,218
,,008,37,29,4,4,1,10,18,5,24,29,19,1,21,9,10,5,3,229
,,287,23,16,2,4,1,4,11,1,18,19,4,4,8,4,1,1,-,121
,,625,38,43,6,11,2,1,27,3,20,39,17,4,15,7,14,3,-,250
,"313 CDI",768,485,470,88,109,25,74,308,72,313,694,196,50,157,90,123,84,1,3339
,,773,240,208,17,33,5,15,146,18,126,286,86,23,62,30,37,36,1,1369
,314,011,3,14,-,2,-,1,1,1,-,2,1,-,2,2,-,82,-,111
,"316 CDI",769,158,176,22,39,4,21,89,7,97,221,77,20,48,23,50,15,6,1073
,,774,51,45,4,3,-,2,17,1,29,42,14,4,10,6,7,4,-,239
,"410 D",013,45,37,3,13,5,6,28,1,23,40,22,-,11,2,5,8,-,249
,"411 CDI",777,47,32,7,15,4,9,39,3,33,73,39,6,17,15,12,14,-,365
,"412 D",018,17,12,-,1,-,2,8,2,11,13,12,3,12,4,2,2,-,101
,,145,17,14,1,6,1,3,11,-,10,28,16,3,6,2,3,4,-,125
,"413 CDI",778,91,86,15,22,9,14,85,11,62,228,54,20,30,18,23,14,-,782
,,783,21,23,9,4,-,3,11,6,30,32,9,3,6,5,6,-,1,169
,"416 CDI",779,35,25,2,4,-,3,24,4,14,35,18,1,7,3,8,2,-,185
,"508 D",532,6,10,3,9,-,4,7,4,19,19,7,3,1,6,9,2,4,113
,"609 D",112,37,38,1,9,5,1,17,3,17,26,24,1,17,5,7,6,-,214
,,688,17,22,2,3,1,2,14,-,14,30,19,1,1,2,-,-,-,128
,,720,23,27,3,10,-,2,30,3,26,23,31,10,7,7,9,5,-,216
,"611 D",924,14,28,6,3,-,1,10,2,16,17,15,4,11,2,4,10,-,143
,"612 D",043,11,15,1,5,-,-,7,10,6,22,8,1,2,14,8,3,-,113
,,619,18,12,1,3,-,-,9,8,18,22,5,3,5,7,10,4,-,125
,613D,AEN,11,11,25,6,-,1,13,1,6,28,13,2,3,1,4,3,-,128
,"614 D",046,72,58,15,14,1,7,44,9,51,83,50,14,9,8,15,8,1,459
,,047,8,15,4,3,2,3,13,10,18,33,6,3,5,2,4,4,-,133
,"614 DK",048,13,10,8,3,-,1,17,1,15,22,8,-,5,5,2,5,-,115
,"616 CDI",828,28,30,10,10,2,2,19,2,30,42,9,5,10,7,7,10,-,223
,616D,AEB,11,32,4,2,2,3,7,5,19,26,11,-,6,-,3,-,-,131
,,AEP,25,9,5,-,-,-,15,1,15,23,7,1,5,1,3,2,-,112
,"711 D",759,25,19,2,6,-,1,17,-,19,26,8,2,2,2,4,2,-,135
,"800,900 TURBO",213,40,82,-,1,-,-,6,-,27,15,13,1,-,2,12,3,-,202
,,214,124,177,-,1,1,2,37,1,16,50,31,3,1,-,19,2,-,465
,,249,34,84,-,-,-,-,8,1,22,19,13,-,-,1,8,1,1,192
,,250,115,192,-,1,-,2,29,1,32,50,28,1,-,-,16,2,-,469
,"812,815,817,818",251,105,115,16,20,4,13,62,6,94,161,70,23,14,16,30,16,-,765
,,252,46,35,-,3,-,1,16,3,23,43,16,5,8,2,5,7,-,213
,"812,815,818,822",250,12,35,4,3,1,5,7,2,32,45,15,2,3,2,12,2,-,182
,,731,179,203,25,29,9,31,152,25,143,395,76,28,44,25,51,18,-,1433
,,732,101,69,4,5,1,10,37,5,53,99,34,7,11,10,7,6,-,459
,813D,ATA,10,12,4,1,-,-,7,-,6,114,2,1,3,1,6,2,-,169
,814,511,83,77,4,14,3,8,34,6,72,121,43,13,8,11,22,15,-,534
,,573,75,98,4,6,6,4,43,4,53,76,25,9,12,7,12,11,1,446
,,618,77,66,5,5,3,4,36,6,45,65,28,10,4,4,10,7,1,376
,,706,110,147,3,20,8,5,44,5,76,116,53,18,25,14,20,13,1,678
,,925,35,47,4,5,1,4,17,1,18,32,12,3,6,5,7,3,-,200
,"814 D",052,90,93,11,21,4,10,48,11,60,151,42,3,19,11,12,8,-,594
,"814 DK",054,74,64,3,16,2,3,34,8,26,68,25,12,27,12,5,17,-,396
,"814 F",945,27,3,-,-,-,-,32,1,9,10,1,2,1,-,13,2,-,101
,"814 K",508,52,80,4,16,-,5,36,7,26,63,33,15,19,12,12,15,-,395
,,751,92,182,11,25,1,6,83,7,49,124,66,31,34,28,16,35,-,790
,,926,32,60,2,10,1,1,25,8,14,30,19,6,26,10,8,12,-,264
,814DK,AEH,20,21,10,3,1,1,13,1,6,712,4,1,1,6,3,9,-,812
,"815 D",835,51,53,6,18,4,6,24,2,30,75,30,7,13,5,14,11,-,349
,"815 DK",836,34,42,1,10,1,1,23,4,12,53,24,5,10,4,1,10,-,235
,"815,817,818 K",602,44,57,-,6,-,-,26,4,18,38,30,16,10,17,10,13,-,289
,,603,23,29,1,4,1,-,21,-,12,29,19,3,4,3,2,-,-,151
,,750,50,43,2,12,-,1,35,3,32,55,36,12,19,11,9,21,-,341
,,751,53,68,3,3,2,1,37,5,29,63,49,8,14,6,3,10,-,354
,"815,817,818 L",265,17,21,2,6,2,7,11,4,13,25,12,2,6,2,2,1,-,133
,,266,11,29,2,5,-,3,8,2,17,30,12,2,2,5,1,1,-,130
,,735,56,77,9,13,2,23,43,7,44,96,20,5,24,6,17,6,-,448
,,736,86,87,6,7,4,14,37,5,64,138,35,5,9,11,16,6,-,530
,"815,817,818,823",245,34,34,5,3,4,-,29,2,23,34,10,10,6,2,10,8,-,214
,,246,26,36,1,1,-,-,20,3,17,32,17,1,2,3,3,4,-,166
,,247,27,31,-,2,-,-,16,-,17,17,17,4,2,1,1,3,-,138
,,733,59,40,4,5,1,3,24,1,20,79,28,7,11,5,12,2,-,301
,,734,87,67,10,14,4,2,44,3,41,82,34,9,15,8,12,8,-,440
,"815,817,818,823 K",604,17,43,3,12,1,1,18,1,13,24,20,4,16,8,5,4,-,190
,,605,36,48,5,4,1,1,34,2,16,32,16,9,5,3,5,5,-,222
,,606,44,63,1,1,1,-,29,1,18,42,26,10,1,4,1,3,-,245
,,752,38,46,2,15,-,2,22,12,15,57,12,1,27,14,7,18,-,288
,,753,137,143,5,17,-,3,95,6,64,156,85,39,33,18,13,26,-,840
,"815,817,818,823 L",268,16,22,2,2,-,1,9,-,13,19,6,-,5,2,3,1,-,101
,,269,42,52,5,4,-,5,47,3,46,81,34,7,3,5,11,10,-,355
,,741,11,23,4,1,-,1,9,3,11,30,4,3,6,4,3,2,-,115
,,742,59,89,12,16,4,10,52,6,59,112,35,4,12,11,15,10,-,506
,815D,AEI,106,71,5,15,1,2,28,5,25,127,27,12,14,5,6,12,-,461
,815DK,AEJ,154,126,39,19,5,5,57,29,61,152,49,12,20,18,16,9,-,771
,816,AMS,22,29,6,4,-,2,8,1,12,63,10,3,7,4,4,3,-,178
,"816 K",AQK,46,46,5,17,2,3,23,4,31,103,32,5,15,7,5,11,-,355
,,AXT,14,22,-,-,-,1,7,1,9,28,14,-,4,1,1,2,-,104
,,AXX,30,22,1,6,-,-,16,-,17,49,12,6,8,6,1,9,-,183
,816D,AEE,23,38,46,14,2,3,12,6,30,40,9,4,3,4,14,2,-,250
,,ATB,42,22,1,1,1,-,13,3,8,48,10,5,10,1,2,7,1,175
,,ATC,47,59,31,8,-,4,18,2,30,77,15,1,10,7,5,3,1,318
,816K,AQP,26,29,5,3,1,1,19,4,11,36,5,1,21,7,5,4,-,178
,817,504,51,81,1,4,-,1,27,1,31,54,28,6,6,1,8,3,-,303
,,777,25,34,-,3,-,1,20,1,13,29,15,3,4,2,9,-,-,159
,"817 K",812,46,42,-,4,-,1,16,2,15,25,20,10,2,1,5,6,-,195
,,927,68,100,1,8,-,-,54,3,23,73,29,14,8,5,6,6,-,398
,818,AMP,26,20,1,3,-,-,4,-,9,20,18,-,2,3,-,-,-,106
,"818 K",AQI,51,51,3,-,-,2,37,4,26,80,33,5,7,8,6,7,-,320
,"818 L",ASJ,14,18,-,4,1,1,10,-,11,30,7,-,5,1,5,4,-,111
,818DK,AEL,38,22,2,3,-,-,21,2,13,62,18,7,11,6,1,8,-,214
,818K,AQM,114,76,6,11,1,5,80,5,48,163,51,31,28,16,16,24,-,675
,"822 K",AQJ,26,38,-,-,1,1,20,1,10,42,12,3,2,4,1,5,-,166
,822K,AQN,88,62,2,1,1,-,47,-,20,95,47,17,6,7,3,7,-,403
,824K,AQQ,27,30,1,-,-,-,11,-,7,19,26,5,4,1,3,-,-,134
,"917 AF",788,32,9,3,6,2,-,13,16,8,24,1,1,2,15,5,21,2,160
,"Actros, Antos, Arocs",ADV,28,46,-,-,-,-,3,1,1,5,9,1,7,-,-,3,-,104
,,AEM,19,49,43,4,-,-,15,3,4,31,5,-,22,1,1,9,-,206
,,AGC,18,4,-,1,-,-,42,4,7,22,18,4,10,5,1,22,-,158
,,AGD,34,34,1,4,-,-,20,-,13,19,10,1,6,-,1,26,-,169
,,AGY,7,10,57,5,-,1,19,2,7,19,7,3,19,15,6,15,-,192
,,DSF,17,13,2,4,-,1,2,2,9,10,4,-,21,16,7,4,-,112
,,DSH,30,29,-,5,-,-,15,6,14,33,26,4,19,18,3,21,-,223
,,DSI,23,16,-,1,-,-,21,1,8,8,20,7,7,5,-,15,-,132
,,DSJ,45,44,-,1,-,-,11,-,4,20,24,6,7,-,-,17,-,179
,,DTI,30,49,-,2,-,-,17,2,3,38,15,4,15,3,-,5,-,183
,,DTK,36,31,-,-,-,1,5,-,3,9,7,1,5,-,-,2,-,100
,,FTJ,29,50,12,36,5,10,54,13,35,123,26,8,22,11,32,24,-,490
,,FTK,56,16,-,-,-,-,-,2,4,14,9,-,12,3,4,2,-,122
,,GYG,22,18,2,1,-,-,16,5,12,24,8,1,25,25,1,24,-,184
,,GYK,42,60,-,-,-,-,16,-,7,26,18,1,16,2,-,3,-,191
,"Actros,Antos,Arocs",BTN,603,305,14,83,74,57,222,47,318,778,129,3,100,111,111,77,-,3032
,,BTO,1194,1127,131,208,112,62,487,148,895,1498,410,49,396,238,204,192,-,7351
,,BTP,390,469,33,76,52,16,186,50,198,399,170,3,171,41,64,73,-,2391
,,BTQ,222,238,5,34,1,13,90,15,162,213,118,10,74,25,36,37,-,1293
,,CJM,15,37,-,2,2,3,10,23,42,108,5,13,9,1,20,2,-,292
,,CJN,155,381,8,40,25,13,173,15,151,488,71,3,29,47,43,16,-,1658
,,CJO,420,331,21,134,17,41,161,64,484,738,175,5,94,220,76,29,1,3011
,,DUE,16,40,4,-,-,-,7,1,12,24,11,-,4,-,2,5,-,126
,,GBX,115,126,2,16,2,7,27,5,32,144,43,1,33,9,8,36,-,606
,,GCJ,18,5,-,2,-,-,27,3,10,8,20,1,3,2,9,9,-,117
,,GDB,40,27,2,5,-,1,8,4,15,55,10,1,1,7,13,3,-,192
,,GDC,43,55,1,6,-,1,10,2,6,39,10,1,2,-,5,2,-,183
,,GDD,28,43,1,-,1,-,15,1,5,10,4,4,-,2,-,7,-,121
,,GRE,139,180,6,79,10,1,99,51,185,328,69,5,54,90,31,3,-,1330
,,GRG,27,13,1,7,-,-,4,2,6,26,9,-,9,2,6,3,-,115
,Actros;Antos;Arocs,ALY,102,176,105,66,-,8,209,-,18,29,5,-,16,2,130,4,-,870
,,ALZ,16,25,34,6,-,-,8,-,-,27,15,-,97,2,14,7,-,251
,,AOP,365,114,-,9,27,8,67,66,222,382,74,1,34,63,47,24,-,1503
,,AOQ,973,900,716,155,92,45,362,205,1264,1520,296,45,313,291,271,76,-,7524
,,AOR,725,939,644,240,121,74,439,61,564,1094,303,20,536,258,239,141,-,6398
,,AOS,467,763,384,157,55,19,262,66,945,803,204,12,151,86,96,170,-,4640
,,AOY,19,6,-,-,-,1,3,-,1,95,-,-,-,-,-,-,-,125
,,AOZ,2,47,-,3,-,-,2,-,15,48,1,4,-,3,7,-,-,132
,,APA,131,252,3,26,2,1,76,3,80,147,36,9,33,115,16,4,-,934
,,APB,329,148,102,137,38,9,52,25,220,325,44,5,37,90,26,5,-,1592
,,APQ,11,21,-,-,-,-,3,1,6,38,4,-,8,1,-,8,-,101
,,APR,25,52,10,7,-,2,7,1,14,47,14,2,5,4,4,7,-,201
,,APV,335,424,21,56,-,6,58,10,87,315,89,8,96,36,21,82,-,1644
,,APW,22,34,1,-,-,1,6,1,3,13,14,-,4,1,1,5,-,106
,,AQJ,18,31,-,1,-,-,10,-,8,15,20,3,12,1,4,4,-,127
,,ARB,43,19,-,-,-,-,5,1,4,53,9,1,3,-,1,7,-,146
,,ARF,266,189,8,182,26,4,44,58,589,572,61,95,86,105,46,19,-,2350
,,CLZ,22,50,2,11,2,1,164,18,13,57,11,1,24,19,14,9,-,418
,,CMA,52,103,3,27,-,1,4,11,24,79,16,-,87,4,6,10,-,427
,Actros;Arocs,AWT,36,56,15,4,-,12,63,1,4,12,18,-,17,-,-,3,-,241
,,AWX,13,15,60,5,2,2,6,1,11,19,14,-,37,-,7,5,-,197
,,AXB,15,28,36,2,-,6,13,1,18,7,10,-,7,2,6,-,-,151
,AMARINE;BIFLUX;CITYJET;..,BZJ,4,2,8,-,-,4,28,6,79,93,3,-,16,21,13,4,-,281
,,BZK,35,20,6,24,-,-,43,-,47,167,20,14,39,6,12,18,-,451
,Atego,ACK,6,32,64,-,-,-,4,-,1,7,6,5,5,1,-,6,-,137
,,ACY,38,43,76,7,1,143,41,1,19,83,27,15,86,14,7,25,-,626
,,ACZ,57,56,41,6,-,1,50,3,33,71,41,17,27,7,5,11,-,426
,,ADA,55,90,11,2,-,1,59,3,18,104,69,23,8,4,3,31,-,481
,,ADB,32,28,1,1,-,1,21,3,14,27,28,9,7,3,4,9,-,188
,,BMG,6,3,113,6,14,3,9,-,4,3,1,-,4,1,4,-,-,171
,,DLI,25,22,3,2,2,1,6,-,13,37,7,2,3,8,2,7,-,140
,,DLJ,71,40,3,11,-,2,29,3,18,53,22,4,10,4,9,7,-,286
,,DLL,28,12,2,4,1,-,11,2,5,23,5,2,3,1,1,4,-,104
,,DLN,23,24,-,3,-,-,8,1,6,22,11,2,1,1,3,3,-,108
,,EJL,20,21,14,4,-,1,10,3,15,47,11,2,13,8,4,8,-,181
,,EJM,98,100,17,8,1,111,75,4,63,177,63,25,55,17,14,48,-,876
,,EJN,100,84,2,12,-,3,66,1,39,96,48,26,18,19,4,21,-,539
,,EJO,88,159,5,6,-,2,61,-,27,118,89,25,16,8,6,21,-,631
,,EJP,35,48,2,1,-,-,21,-,14,39,31,8,5,4,2,5,-,215
,,GKQ,29,19,8,1,2,2,6,1,3,22,3,2,2,2,2,-,-,104
,"Atego 967.000...",BHT,16,25,3,4,-,1,-,11,7,29,1,16,-,-,-,-,-,113
,,BHZ,127,151,27,64,5,2,50,6,39,124,22,2,15,62,139,8,-,843
,,BIC,10,20,63,3,3,1,-,-,11,10,3,1,18,1,2,12,-,158
,,BIL,13,185,1,8,4,1,4,1,2,45,9,-,2,2,21,1,-,299
,,BIX,12,35,3,-,-,4,2,-,8,19,-,-,4,1,12,1,-,101
,,BJJ,13,46,151,13,-,8,9,2,1,26,3,1,8,58,9,15,-,363
,,BJM,49,51,629,1,1,-,15,2,2,7,3,1,11,1,4,6,-,783
,,DZN,47,34,17,15,-,4,15,4,18,42,6,15,13,12,8,1,-,251
,,DZT,126,207,48,47,5,16,71,4,41,150,23,11,32,26,35,12,-,854
,,DZW,61,41,7,4,4,3,14,3,20,52,13,3,7,2,4,12,-,250
,,EBD,18,42,5,11,1,9,15,2,4,41,5,3,4,13,5,7,-,185
,,EBG,157,92,21,6,10,4,46,3,33,113,22,3,10,6,1,6,-,533
,Citan,APZ,171,134,88,56,14,42,108,29,117,235,79,21,60,50,71,25,-,1300
,,AQA,315,224,166,55,8,41,124,36,132,386,97,16,87,77,73,81,-,1918
,,AQB,239,271,31,48,10,63,164,35,205,280,91,9,138,64,60,84,-,1792
,,IIJ,40,11,11,13,3,4,17,7,11,48,15,5,10,18,12,8,-,233
,,IIK,66,31,23,8,-,11,26,-,21,49,13,1,16,7,9,10,-,291
,,IIL,42,51,18,9,1,9,22,4,27,37,6,1,27,11,9,19,-,293
,CITAN,CUK,870,787,425,315,63,109,452,164,687,1487,336,63,399,289,387,210,2,7045
,,CUL,1697,1681,649,540,95,220,912,299,1123,2255,663,114,614,386,461,389,-,12098
,,DFC,1035,1269,210,306,51,157,576,191,537,1252,436,83,481,269,231,269,2,7355
,,DFD,143,126,76,53,2,30,75,23,41,120,43,5,46,17,27,17,-,844
,"Citan,CITAN",BDY,166,165,101,129,19,30,116,52,122,313,70,20,88,45,112,58,-,1606
,,BDZ,399,359,276,128,35,115,300,66,187,672,140,43,187,120,154,155,-,3336
,,BEA,77,83,26,17,2,16,34,9,36,104,31,4,37,13,20,27,-,536
,,BEB,48,59,14,9,2,11,25,6,14,56,19,3,8,8,11,14,-,307
,,BEC,376,397,71,61,10,51,495,41,242,366,139,47,198,91,93,115,-,2793
,DELTA;ROTARY;SYSTEM...,BOH,69,57,13,43,2,2,166,20,123,120,40,6,13,26,61,26,-,787
,,BOI,71,34,-,7,1,-,18,1,44,56,3,9,5,6,1,4,-,260
,eCitan,BKM,28,44,-,8,-,1,167,-,10,27,5,-,9,9,9,11,-,328
,Econic,EPX,1,3,4,9,28,-,23,6,24,79,1,3,15,9,8,2,-,215
,,EPY,17,28,1,11,-,-,18,-,23,98,7,3,26,4,3,26,-,265
,eSprinter,AQF,287,316,209,29,26,205,338,17,82,575,59,11,53,24,103,10,-,2344
,eVito,ART,427,545,189,84,40,110,518,33,322,6514,122,16,89,45,133,47,1,9235
,,IAW,58,76,22,11,1,20,27,4,37,81,7,1,12,6,11,8,-,382
,"JF/DC KST01",BDK,56,52,20,9,3,7,43,2,30,79,10,2,2,2,10,3,-,330
,,BDO,79,68,26,4,8,19,40,10,54,126,28,15,7,12,30,6,-,532
,"JF/DC KST02",BDE,31,22,8,5,2,8,19,4,15,36,11,1,3,8,6,1,-,180
,,BDF,59,78,4,7,2,6,32,3,18,87,24,3,13,5,7,5,-,353
,"JF/DC KST03",BDU,15,15,10,2,2,1,13,3,11,33,6,1,4,1,-,3,-,120
,,DNS,177,175,79,21,12,41,120,10,98,218,44,15,32,14,50,18,1,1125
,KK-35,DZL,63,64,-,21,-,-,16,-,36,67,18,-,26,-,11,4,-,326
,KK-35F,AVY,20,21,-,22,-,-,16,-,25,32,17,-,10,1,18,9,-,191
,"L 407 D",852,18,13,11,15,1,3,13,3,25,48,4,4,6,1,18,1,2,186
,"L 407 D-KA",517,36,41,28,16,1,8,10,7,23,35,7,2,15,8,12,4,1,254
,"L 508 DG",607,80,46,22,12,7,4,35,3,30,82,21,6,17,8,13,5,1,392
,"L 608 D",609,55,48,16,8,3,5,24,5,51,66,8,2,9,4,13,3,-,320
,"LF 408 G",785,42,34,7,2,2,3,6,5,3,31,-,-,3,2,4,6,1,151
,"LF 409",877,14,38,9,6,3,3,10,3,13,18,5,1,2,4,8,1,-,138
,"LP 813",843,29,19,4,-,2,4,14,2,21,32,6,1,4,2,9,2,-,151
,"MB TRAC 440",945,74,106,-,3,-,-,40,6,80,41,42,5,1,8,38,4,-,448
,"MB TRAC 800",941,20,33,-,-,-,-,16,1,36,15,5,-,-,3,26,1,-,156
,"MB TRAC 800 1",956,195,402,-,9,1,2,75,6,111,96,67,9,8,3,47,7,-,1038
,"MB-TRAC 1000",228,218,351,-,4,-,5,102,7,197,168,95,3,6,9,106,3,-,1274
,"MB-TRAC 1000,1100",209,87,210,1,1,-,1,27,13,85,47,27,2,2,4,66,2,-,575
,,210,49,57,-,2,-,1,24,3,44,57,9,1,2,2,14,5,-,270
,,245,73,152,-,1,-,1,28,-,102,48,24,-,-,-,42,1,-,472
,,246,38,62,-,-,-,-,12,1,31,24,8,1,2,3,14,-,-,196
,"MB-TRAC 1300 1",970,18,14,-,2,-,1,7,1,24,16,15,2,1,-,9,-,-,110
,"MB-TRAC 1300 1 B",972,22,76,-,1,-,-,16,5,26,10,11,1,-,1,16,1,-,186
,"MB-TRAC 1500",221,14,33,-,-,-,-,19,2,45,14,10,1,-,2,36,-,-,176
,,222,22,56,-,2,-,-,7,2,27,14,15,-,1,4,12,5,-,167
,"MB-TRAC 700 S",218,26,60,-,-,-,1,10,-,5,4,7,-,-,-,2,2,-,117
,"MB-TRAC 700,G",232,73,175,-,1,-,-,22,1,20,24,18,2,3,3,7,-,-,349
,"MB-TRAC 800",231,105,213,-,1,1,1,59,2,92,78,44,7,1,2,43,1,-,650
,"MB-TRAC 8001",202,127,219,-,9,-,4,77,9,101,72,54,10,4,6,47,10,1,750
,"MB-TRAC 900",220,65,107,-,1,1,-,25,2,38,38,20,-,2,-,14,1,-,314
,"MB-TRAC TURBO 900",233,224,369,-,4,-,1,84,4,126,122,57,8,-,1,59,7,-,1066
,MKD-L-I/E/C/N/U,AZU,-,-,-,-,-,-,-,-,-,156,-,-,-,-,-,-,-,156
,,BDN,1,-,-,-,-,-,-,-,-,617,-,-,-,-,-,-,-,618
,,BDO,-,-,-,-,-,-,-,-,-,463,-,-,-,-,-,-,-,463
,,COP,-,-,-,-,-,-,-,-,-,513,-,-,-,-,-,-,-,513
,,COR,16,25,3,5,3,1,12,5,7,39,10,-,5,3,-,2,-,136
,,GWB,1,-,-,-,-,-,-,-,-,606,-,-,-,-,-,-,-,607
,"MKD**-M,MKD**-M-E",BQX,2,15,238,3,-,-,158,1,3,10,5,-,6,1,1,-,-,443
,,BRJ,5,14,131,4,-,-,1,-,2,4,1,-,-,-,-,-,-,162
,,EOV,13,31,21,11,5,7,16,5,9,42,3,1,4,6,2,1,-,177
,"MKD**-M,MKD**-S",BTZ,1,1,1,1,-,-,-,1,-,219,-,-,1,-,-,-,-,225
,MKD**-M;MKD**-S,HGF,-,3,-,1,-,3,-,-,-,142,-,-,-,-,-,-,-,149
,MKD**-M/MKD**-E,ENL,124,227,14,23,5,4,64,9,48,152,44,3,26,16,18,24,-,801
,Sprinter,AQD,308,277,152,62,12,113,118,46,221,551,89,46,66,53,162,25,-,2301
,,AQE,1017,1239,403,290,72,136,788,140,649,1589,388,177,272,157,388,195,-,7900
,,AQI,172,107,26,29,3,21,64,15,74,157,38,4,26,18,36,18,-,808
,,AQJ,271,306,97,66,2,27,149,38,182,354,190,14,72,67,72,63,-,1970
,,AQK,78,110,3,13,-,6,65,4,47,72,48,4,19,11,17,29,-,526
,,AQL,18,14,12,6,1,1,6,2,14,26,7,-,8,7,2,1,-,125
,,AQM,43,41,8,5,2,3,18,4,22,37,17,4,8,10,8,7,-,237
,,AQP,12,11,11,2,1,-,9,4,10,18,6,-,3,3,3,11,-,104
,,AQU,101,77,4,15,1,8,62,7,13,37,2,2,23,20,2,10,-,384
,,AQV,66,143,10,29,-,5,27,15,21,72,23,3,56,16,26,39,-,551
,,AQZ,13,34,9,4,-,-,15,6,21,38,23,-,3,3,14,5,-,188
,,ARA,33,39,3,12,1,5,20,13,52,62,11,7,9,9,25,12,-,313
,,ARJ,28,31,84,65,3,27,15,17,34,46,1,1,25,9,11,14,-,411
,,ARK,435,423,109,144,26,130,333,129,388,580,95,23,165,72,157,84,-,3293
,,ARL,1589,2023,310,429,67,175,936,283,1151,1966,590,117,561,309,473,308,5,11292
,,ARM,570,950,74,205,31,54,326,135,464,816,293,33,279,126,170,252,-,4778
,,AVB,138,345,31,14,14,28,136,4,105,185,36,8,30,8,48,19,-,1149
,,BAR,45,19,4,9,2,2,16,6,23,47,10,3,6,5,20,1,-,218
,,BAT,63,27,2,3,1,4,8,5,21,31,12,-,23,26,8,5,-,239
,,BAU,344,243,241,99,7,107,216,32,158,382,105,29,148,63,114,41,-,2329
,,BAV,630,725,194,140,15,66,401,49,349,806,362,54,103,90,168,138,-,4290
,,BAZ,79,36,87,51,8,65,43,25,25,153,9,6,33,21,43,24,-,708
,,BBA,1112,937,723,224,41,307,1173,156,749,1222,312,76,273,145,469,120,-,8039
,,BBH,2079,2754,269,389,52,253,1844,255,1367,2449,711,153,486,239,603,325,-,14228
,,BEO,43,20,7,4,3,4,11,2,17,50,8,3,-,2,5,-,-,179
,,BFB,30,65,4,8,-,1,23,3,18,49,32,3,10,5,3,22,-,276
,,BFD,388,535,48,81,10,45,219,46,163,483,176,26,94,52,102,79,-,2547
,,BFE,276,290,144,53,10,85,101,44,175,449,78,34,67,38,152,18,-,2014
,,BFF,734,959,889,122,14,94,440,98,411,1618,254,35,233,147,244,79,-,6371
,,BFH,16,24,1,1,-,58,13,2,9,14,4,1,8,3,4,5,-,163
,,BFK,131,200,13,30,-,10,149,19,58,101,25,6,55,39,31,36,1,904
,,BFN,19,27,1,3,-,1,6,1,10,18,7,-,9,6,6,5,-,119
,,BGT,14,30,12,7,-,1,23,6,2,1,2,-,-,4,1,9,-,112
,,BGZ,34,37,4,10,-,8,362,-,23,265,7,-,10,3,15,6,1,785
,,BHR,46,37,51,33,12,10,35,5,46,141,17,6,17,9,12,3,1,481
,,BHS,934,944,156,177,43,85,431,124,542,1318,299,61,255,140,196,115,50,5870
,,BHT,133,148,22,24,3,15,59,14,81,178,57,9,45,30,31,25,6,880
,,BHU,262,210,186,87,21,66,147,35,248,638,97,37,88,46,110,20,-,2298
,,BHV,132,146,31,40,3,18,62,32,91,163,49,7,60,37,31,31,-,933
,,BHX,102,78,35,23,10,10,35,12,81,129,27,16,25,18,24,9,-,634
,,BIA,80,62,34,18,5,11,33,2,40,94,23,16,23,10,19,7,-,477
,,BIB,326,317,34,36,5,20,164,16,197,405,93,17,60,28,47,40,-,1805
,,BIC,22,15,1,4,-,-,4,1,7,26,15,2,4,2,-,3,-,106
,,BIF,21,11,7,13,2,8,8,3,15,27,2,-,9,12,7,3,-,148
,,BIG,60,51,22,20,3,13,27,8,60,97,20,5,24,8,18,6,-,442
,,BIH,18,10,-,4,-,1,9,1,11,24,12,2,6,-,3,2,1,104
,,BIM,40,35,8,12,2,3,27,3,23,73,9,-,13,10,10,1,-,269
,,BIN,69,71,19,17,3,6,57,5,48,115,30,7,32,12,12,16,-,519
,,BJN,8,21,4,5,2,2,5,9,32,23,9,4,4,13,21,5,-,167
,,BKA,1728,3259,278,339,52,1249,5645,201,1311,2836,577,140,505,241,492,316,3,19172
,,BKC,12,22,1,2,4,-,5,2,23,31,5,-,2,2,14,4,-,129
,,BKN,20,20,1,11,-,1,5,1,5,24,-,-,16,3,1,6,33,147
,,BLJ,623,517,73,96,17,152,1207,97,425,571,142,44,187,121,299,57,-,4628
,,BLL,26,16,1,17,3,6,8,6,23,33,14,6,2,9,10,12,-,192
,,BOW,51,48,4,26,1,1,110,9,29,83,26,1,20,10,16,6,-,441
,,BSZ,8,11,7,29,1,2,57,1,2,644,11,1,23,8,2,-,-,807
,,BYG,16,21,3,4,1,-,13,-,26,22,10,1,7,13,7,1,-,145
,,BYK,128,142,144,69,5,44,107,41,121,394,60,10,62,26,52,21,-,1426
,,BYL,1346,1270,359,326,75,219,672,180,978,2335,448,100,397,248,422,184,1,9560
,,BYM,1793,2084,312,410,94,179,801,275,1228,2284,583,135,485,305,422,314,4,11708
,,BYN,854,1078,105,236,29,61,366,136,496,1029,400,77,354,160,192,284,12,5869
,,BYR,11,29,3,3,-,4,7,3,8,33,10,-,15,8,6,6,-,146
,,BYS,11,31,7,6,-,3,3,1,6,26,7,2,12,5,1,2,-,123
,,BYV,514,459,294,146,18,109,207,77,480,1025,169,79,112,79,276,42,-,4086
,,BYW,1081,1096,242,245,56,136,501,170,837,1512,373,77,258,215,419,180,1,7399
,,BYX,699,986,190,194,46,98,373,133,618,1074,307,49,230,207,297,128,-,5629
,,BYY,17,46,7,11,-,2,15,8,17,39,11,2,10,4,22,9,1,221
,,BZB,149,71,43,17,10,9,53,14,87,131,34,5,39,34,39,15,-,750
,,BZC,222,277,25,44,12,11,133,31,241,322,118,13,84,43,81,55,-,1712
,,BZD,68,120,2,11,3,2,27,12,18,41,65,5,17,7,9,17,-,424
,,BZH,128,50,37,19,1,3,16,4,31,112,12,5,19,19,17,9,-,482
,,BZI,709,715,93,131,27,51,409,74,464,998,272,50,192,149,259,121,1,4715
,,BZJ,1778,1990,192,404,43,102,927,174,1100,2085,712,136,371,285,392,356,1,11048
,,BZK,115,192,7,26,3,8,80,9,89,149,106,14,48,21,13,41,-,921
,,BZP,70,83,7,21,1,2,23,4,48,51,22,5,34,15,12,26,-,424
,,BZQ,20,39,1,2,-,-,7,3,3,17,6,1,5,2,5,8,-,119
,,BZU,29,40,4,13,-,1,7,8,9,22,5,3,12,8,6,9,1,177
,,BZV,176,288,19,47,3,7,69,26,47,121,23,12,94,48,28,53,1,1062
,,BZW,76,138,6,31,-,8,26,13,41,70,14,2,65,18,22,38,2,570
,,CAQ,68,33,13,3,3,6,14,28,40,60,28,2,3,13,6,5,-,325
,,CDF,43,57,-,2,1,2,18,6,30,18,8,3,4,1,6,4,-,203
,,CIS,12,16,5,4,-,2,7,1,21,32,6,-,2,6,11,3,-,128
,,CIT,92,98,42,38,5,6,45,13,57,128,71,10,25,18,28,21,-,697
,,CIU,30,31,3,9,2,1,21,1,15,26,13,2,15,6,2,6,-,183
,,CIX,25,20,12,9,7,2,12,3,25,48,11,3,8,6,7,3,-,201
,,CIY,99,70,9,38,9,10,34,14,95,124,23,10,21,22,47,13,-,638
,,CIZ,47,55,6,15,3,5,24,9,36,56,45,12,8,8,36,6,-,371
,,CMX,27,16,4,9,-,-,6,-,5,41,15,2,11,3,4,10,-,153
,,CMY,12,12,1,2,-,-,1,3,7,11,45,3,6,4,5,1,-,113
,,DYT,1194,1340,312,377,81,233,665,179,1185,2322,429,114,408,248,459,171,5,9722
,,EFY,3230,4117,570,880,130,329,1456,533,2349,4269,1081,259,1089,579,907,624,10,22412
,,EPT,90,89,23,30,8,1,50,25,128,156,33,8,18,18,86,14,-,777
,,GHN,7,9,4,2,9,1,13,1,11,29,2,-,4,4,9,-,-,105
,,GMH,37,28,17,5,3,2,15,2,24,37,9,2,23,11,5,6,-,226
,,GMI,50,117,14,21,1,1,32,7,24,89,36,7,25,8,14,18,-,464
,,GMJ,271,329,167,79,19,58,143,38,216,413,86,43,64,44,148,41,-,2159
,,GMK,317,288,81,75,15,59,133,40,179,400,120,20,72,63,144,53,1,2060
,,GML,7,14,1,5,-,-,34,-,12,25,1,1,6,2,1,3,1,113
,,GMN,124,58,18,20,4,3,31,14,39,93,19,3,16,20,15,7,-,484
,,GMO,565,475,137,118,26,125,290,50,318,686,203,27,152,79,140,82,-,3473
,,GMP,123,161,159,113,9,41,93,17,85,395,28,18,54,31,61,32,-,1420
,,GMQ,1426,1253,293,416,67,220,635,203,986,2127,392,85,370,294,479,181,8,9435
,,HCL,3129,3768,601,782,133,304,1344,461,1999,3998,1022,202,861,539,856,524,1,20524
,,HRI,97,81,15,12,5,11,36,10,39,104,34,4,24,14,13,16,-,515
,,HRK,27,30,13,3,4,5,13,4,15,37,6,-,10,8,8,4,-,187
,,HRO,855,959,231,172,31,99,470,109,442,1101,257,54,223,159,222,130,-,5514
,,HRQ,212,273,152,81,10,108,128,38,171,418,83,18,49,38,118,27,-,1924
,,HWB,24,29,8,9,1,2,13,4,44,54,7,1,5,10,6,10,-,227
,,HWC,13,13,2,3,4,1,10,2,24,19,7,4,2,5,3,2,-,114
,,HWD,347,459,52,109,10,30,157,62,246,404,134,16,141,72,75,131,2,2447
,,HYK,328,238,68,87,16,46,189,42,197,432,64,23,113,79,111,44,-,2077
,,HYL,649,750,133,185,31,68,343,103,509,929,219,55,201,117,168,130,5,4595
,,HYM,32,33,2,4,1,10,14,4,23,31,2,-,4,6,13,5,1,185
,,HYN,177,160,31,33,8,10,86,16,83,186,78,14,31,36,56,48,-,1053
,"Sprinter,-",AKJ,56,44,1,4,4,-,14,6,27,25,14,1,9,2,17,-,1,225
,,BAU,1018,939,305,269,68,160,498,132,799,1897,320,89,311,170,311,138,1,7425
,,BBB,126,121,22,27,3,7,98,14,126,176,47,10,28,17,37,26,-,885
,,BBH,599,594,201,167,31,66,330,86,496,967,229,47,162,122,212,102,-,4411
,,BBX,543,477,108,107,22,33,306,53,360,886,155,33,138,70,129,69,-,3489
,"U 1000",206,14,55,-,2,-,-,3,1,6,13,9,-,-,-,2,4,-,109
,"U 1000,1200,1400",227,17,17,1,4,-,1,12,3,12,24,10,1,10,3,7,3,-,125
,,228,88,79,-,10,3,5,28,3,36,62,22,8,14,12,13,5,-,388
,,229,194,189,8,8,2,7,32,4,77,93,38,14,21,18,30,10,-,745
,,254,36,44,-,1,-,-,10,-,9,20,7,5,2,1,5,-,1,141
,"U 1000,U 1200",227,144,192,2,5,-,4,44,6,73,83,22,6,13,4,16,7,3,624
,,975,243,274,2,12,2,2,92,8,172,185,92,15,23,17,50,26,-,1215
,"U 1200,1400,A",235,28,51,1,1,-,-,7,-,13,20,8,-,3,6,8,-,-,146
,"U 1250,1450,L",216,16,10,2,5,-,-,8,3,14,16,9,1,10,6,4,3,-,107
,"U 130,140",254,20,36,1,2,1,1,4,-,10,11,7,1,5,3,6,-,-,108
,"U 1300 L",051,91,91,3,10,5,4,42,8,70,76,38,7,15,14,17,9,7,507
,"U 1500",959,44,58,-,4,-,2,19,5,26,33,11,4,2,7,17,2,1,235
,"U 300",950,22,17,3,4,-,-,8,-,25,15,9,5,10,10,4,2,-,134
,,951,62,111,3,5,-,1,23,3,27,28,17,2,15,3,4,10,-,314
,"U 400",952,20,20,-,9,-,-,5,1,21,24,4,2,8,7,4,3,-,128
,,953,26,39,5,4,6,2,9,3,11,9,4,2,6,6,2,2,-,136
,"U 600",927,730,793,2,7,1,4,194,11,234,255,241,20,23,12,64,33,-,2624
,"U 600,650",220,30,32,-,-,-,1,10,-,12,12,8,2,1,1,6,3,-,118
,"U 800,900,UNIMOG 417/11",222,49,46,-,1,-,-,7,1,26,22,14,2,13,6,5,4,-,196
,"U 800,U 900",926,1099,1169,7,27,2,11,267,16,377,512,228,31,47,19,125,46,2,3985
,"U 90",261,29,42,-,3,-,1,11,1,17,17,17,1,5,3,7,6,-,160
,"U110/416,U1100",939,38,28,3,2,-,1,12,1,20,33,9,5,5,3,9,2,-,171
,"U300,U290",AKX,54,107,1,6,-,1,30,-,21,29,10,5,17,6,3,12,-,302
,U400,ALY,51,68,6,1,-,-,10,-,13,29,9,-,5,6,5,1,-,204
,UNIMOG,250,151,132,1,1,-,-,33,-,39,36,33,3,1,-,8,2,1,441
,,DWR,17,20,8,1,-,-,5,7,12,20,43,-,5,13,-,-,-,151
,,DWS,16,21,23,-,-,-,1,3,5,18,1,-,3,-,25,1,-,117
,,DWY,7,13,23,33,-,-,31,17,7,5,4,-,4,3,-,5,-,152
,,DWZ,20,41,25,-,-,-,3,2,2,-,2,3,1,-,1,2,-,102
,,DXB,60,110,1,6,-,-,12,4,14,29,11,5,21,5,3,10,-,291
,"UNIMOG 30",251,864,843,1,10,1,13,206,7,298,347,219,26,10,5,119,29,2,3000
,"UNIMOG 403",259,144,174,1,3,-,-,39,-,66,67,46,8,3,3,12,8,1,575
,,902,38,52,1,-,-,-,22,4,15,24,9,3,1,1,4,1,-,175
,"UNIMOG 406",252,52,68,-,1,-,-,15,1,27,25,18,4,1,2,8,4,-,226
,,253,129,169,2,2,-,-,21,-,55,73,27,4,7,2,13,10,-,514
,,258,58,81,-,2,-,-,22,5,34,22,20,1,1,1,9,1,-,257
,,291,114,193,2,3,1,2,34,5,60,82,30,7,4,3,20,7,-,567
,,923,73,90,-,1,-,-,13,-,21,35,19,1,4,4,8,5,1,275
,"UNIMOG 411",254,237,212,1,4,1,1,63,2,92,95,58,11,6,2,30,6,-,821
,"UNIMOG 421",257,142,155,-,3,-,1,39,2,59,52,59,4,2,2,17,10,-,547
,,261,266,327,1,7,-,-,74,1,90,114,73,11,10,4,29,7,1,1015
,"UNIMOG S 404.1",160,60,45,4,6,1,2,39,3,37,61,19,4,2,3,10,7,-,303
,"UNIMOG U 1300 L",023,57,16,-,2,1,1,15,-,35,23,19,3,1,4,17,2,-,196
,Vario,CUD,21,22,8,3,1,1,11,5,12,23,5,-,5,1,3,-,-,121
,,CUG,48,31,5,8,-,-,20,3,11,59,13,5,5,6,7,6,-,227
,"Viano,Vito",BPU,13,8,2,4,4,-,105,8,9,6,6,6,3,3,6,1,1,185
,,BPX,9,6,1,5,-,-,11,2,10,70,2,-,7,3,4,6,-,136
,,BQJ,179,252,171,355,8,30,89,186,178,335,83,15,374,200,105,175,7,2742
,,BQM,1162,795,427,377,60,217,559,320,893,1583,381,64,484,285,407,168,1,8183
,Vito,ARN,52,57,3,9,-,2,97,13,19,38,6,2,22,10,3,17,-,350
,,ARO,19,30,8,-,2,18,7,2,3,79,3,2,7,1,1,2,-,184
,,ARP,45,93,12,22,1,3,23,18,24,57,22,5,50,9,9,30,1,424
,,ARQ,454,476,102,126,22,60,231,95,306,690,145,26,204,102,132,112,-,3283
,,ARR,322,240,116,59,16,67,177,37,102,372,59,12,88,41,97,41,-,1846
,,ARS,43,53,26,40,4,3,31,21,37,83,16,3,24,14,20,23,-,441
,,ARU,782,782,493,262,76,405,521,110,506,2221,250,94,207,165,454,114,-,7442
,,ARV,573,581,89,163,37,99,262,96,243,1300,173,26,230,141,204,137,-,4354
,,BAW,85,166,19,12,-,53,65,16,69,183,35,3,107,29,12,28,-,882
,,BAX,342,391,31,66,-,17,477,70,106,310,105,20,253,56,55,110,12,2421
,,BAY,336,627,93,198,6,49,269,130,165,444,164,33,365,124,66,208,5,3282
,,BBI,1643,1251,514,354,55,408,910,203,686,2201,301,60,598,238,531,136,-,10089
,,BBJ,2148,2380,565,578,107,628,3290,406,1506,3081,768,201,863,434,603,533,1,18092
,,BBK,401,589,188,255,15,79,244,109,277,597,169,52,222,138,153,133,4,3625
,,BDX,294,278,104,68,16,284,181,72,179,599,78,25,89,84,277,49,-,2677
,,IIM,61,30,14,16,4,14,16,11,25,72,22,4,16,10,25,5,-,345
,,IIN,23,29,7,4,-,1,19,3,12,54,6,1,21,9,1,9,-,199
,"Vito 109 CDI",AIM,79,77,44,44,4,26,42,23,88,135,39,3,53,42,43,22,-,764
,,AKR,596,446,355,305,46,98,341,158,567,1082,212,41,287,210,273,101,1,5119
,,AZT,241,183,111,167,24,49,148,86,205,408,95,13,141,90,101,43,-,2105
,"VITO 109 CDI",001,108,87,40,47,6,47,63,33,119,236,67,17,66,42,60,17,3,1058
,"Vito 111 CDI",AHX,149,113,53,92,5,19,70,34,104,197,49,8,94,50,51,33,-,1121
,,AKT,814,714,312,436,47,134,526,247,746,1144,330,61,518,281,288,187,1,6786
,,AZU,257,271,116,142,14,50,180,99,313,435,117,24,202,118,114,60,1,2513
,"VITO 111 CDI",002,151,123,69,97,9,26,105,38,127,248,58,24,114,64,69,28,-,1350
,,014,24,8,-,2,-,1,27,6,5,35,2,1,4,7,2,1,1,126
,"VITO 111 CDI 4X4",ADG,15,24,1,7,-,2,6,5,9,8,-,-,14,4,2,11,-,108
,,AKU,15,18,1,8,-,1,20,7,9,11,2,1,15,4,3,1,-,116
,"Vito 115 CDI",AHY,137,130,89,137,2,24,81,59,90,205,57,15,169,93,29,59,-,1376
,,AKP,350,340,164,241,12,47,204,124,213,471,113,21,353,143,113,143,-,3052
,"VITO 115 CDI",003,65,81,65,99,6,14,40,26,61,132,33,9,101,45,22,36,-,835
,"VITO 115 CDI 4X4",ADH,17,20,4,16,-,-,9,7,10,13,2,1,27,4,3,15,-,148
,,AKV,46,57,2,20,-,3,19,23,15,29,14,3,64,9,7,15,-,326
,"Vito 120 CDI",AKQ,66,81,60,146,3,13,34,63,61,112,27,13,131,67,39,58,1,975
,,APS,24,22,23,48,3,5,22,25,21,72,14,3,55,26,14,18,-,395
,"Vito Tourer",AAQ,1,1,157,1,-,-,1,-,-,1,-,-,-,-,-,-,-,162
,,EDL,-,5,1,-,1,2,2,4,2,137,1,1,1,3,4,-,1,165
,"Vito,Vito Tourer",EKJ,547,493,378,216,39,113,340,123,421,951,171,61,251,154,288,88,1,4635
,,EKK,2033,1857,754,695,99,500,1115,441,1331,3048,776,107,1059,557,801,435,-,15608
,"Vito,Vito Tourer,V-Klasse",BQK,2813,3317,973,1717,132,467,1600,1063,2213,3885,1015,190,2144,1072,992,1158,5,24756
,,BQL,4636,4166,1508,1765,222,859,2431,1270,2922,6230,1523,310,2241,1224,1454,1033,6,33800
,,BRI,435,632,87,225,2,26,286,188,182,400,176,35,524,161,90,262,7,3718
,,BRJ,209,325,23,75,1,17,86,39,127,791,81,14,213,51,23,82,-,2157
,,EKI,377,458,249,373,8,68,236,190,305,674,151,37,328,213,158,196,3,4024
,,EQC,383,612,116,295,3,32,181,144,180,439,158,30,476,180,87,292,6,3614
,X-Klasse,ASH,56,72,7,35,1,7,31,7,56,70,33,3,27,7,22,22,1,457
,,HOT,20,38,25,9,-,8,14,6,15,35,9,-,29,12,13,10,-,243
,,HOV,309,400,70,115,12,27,149,87,250,497,152,31,107,95,91,74,4,2470
,,HOW,352,511,60,111,11,31,205,77,235,435,199,30,119,74,101,110,1,2662
,"SONSTIGE/NICHT GETYPT",,59620,71217,13796,13327,3140,7164,31768,7246,38533,86427,22410,4837,18022,9918,16096,9950,4531,418002
"DAIMLER (D) ZUSAMMEN",,,161717,182798,43259,41852,7910,22639,95990,23474,107408,236632,58956,12633,54258,30840,46147,29414,4877,1160804
"DEERE (D)",100,264,148,41,1,8,-,-,66,3,25,27,30,2,7,2,3,8,-,371
,1020,283,48,99,-,10,-,-,39,3,55,77,39,5,6,10,10,21,-,422
,,298,32,73,-,11,-,-,55,3,55,66,44,9,2,6,37,14,1,408
,"1020 S",274,154,180,-,6,-,-,47,3,26,20,47,10,7,7,3,14,-,524
,,926,266,308,-,12,-,-,112,11,96,102,87,13,10,15,29,28,3,1092
,1030,936,35,56,-,3,-,1,31,4,44,59,36,3,-,3,27,8,1,311
,"1030 S",937,338,303,-,13,-,-,183,2,86,130,114,10,10,4,24,14,1,1232
,1040,980,27,28,-,2,-,-,12,-,14,15,12,-,-,-,2,3,-,115
,"1040 AS",988,27,101,-,1,-,1,26,-,18,41,10,2,3,-,-,4,-,234
,"1040 E",119,54,85,-,3,-,-,33,-,19,43,19,-,-,3,7,4,-,270
,"1040 S",982,188,249,-,4,-,-,75,-,40,92,49,8,3,1,13,16,1,739
,1120,284,17,34,-,4,1,-,25,4,32,40,16,2,1,5,11,9,-,201
,,927,14,29,-,4,-,1,23,1,45,52,27,1,-,3,23,6,-,229
,"1120 S",285,68,100,-,1,-,-,30,3,24,17,32,10,4,6,6,9,-,310
,,928,122,193,-,11,-,1,68,7,70,70,53,4,1,7,30,19,-,656
,1130,938,9,9,-,-,-,-,12,1,27,24,15,2,-,3,12,4,-,118
,"1130 S",939,119,112,-,11,2,-,64,3,76,72,66,11,4,5,17,6,-,568
,1140,979,34,47,-,3,1,-,22,-,15,18,13,3,1,1,4,1,-,163
,"1140 AS",989,28,89,-,2,-,1,16,1,21,28,14,-,-,2,1,2,-,205
,"1140 S",974,53,93,-,1,-,-,31,2,30,37,19,3,3,1,6,2,-,281
,1550,146,56,68,-,4,-,-,18,-,6,15,11,-,1,2,5,4,-,190
,"1630 AS",946,21,39,-,2,-,-,21,-,11,24,10,-,1,3,5,3,-,140
,"1630 S",944,117,183,-,6,-,1,50,2,61,74,40,3,3,1,24,12,-,577
,1640,958,33,44,-,2,-,-,14,-,24,43,21,-,-,-,4,-,-,185
,"1640 A",966,12,40,-,-,-,1,27,-,21,30,15,2,-,1,3,1,-,153
,"1640 AS",986,78,195,-,5,-,-,77,2,68,109,43,6,-,5,14,7,-,609
,"1640 S",959,80,140,-,5,-,-,52,-,36,76,43,7,-,5,10,3,1,458
,1750,147,100,100,-,4,-,2,29,3,23,33,18,4,2,4,8,1,-,331
,"1750 A",145,43,89,-,3,-,-,27,1,19,42,17,1,2,4,7,6,-,261
,1850,141,20,42,-,-,-,-,5,1,6,15,4,2,-,-,6,2,-,103
,"1850 A",143,17,45,-,2,-,-,10,-,10,20,6,-,1,1,-,1,-,113
,"1950 A",150,28,34,-,1,-,1,22,-,9,22,10,-,-,1,3,2,-,133
,"1950 AS",151,29,101,-,3,-,-,7,-,6,4,6,-,-,-,-,-,-,156
,,152,37,105,-,1,-,-,9,2,2,15,10,2,1,1,2,2,-,189
,2020,280,16,48,-,5,-,1,32,2,48,41,16,3,4,3,17,11,-,247
,"2020 S",275,92,160,-,8,1,-,60,2,43,34,56,7,4,2,9,14,-,492
,2030,907,22,36,1,3,1,-,42,5,79,78,38,11,-,4,33,6,-,359
,"2030 AS",921,44,95,-,3,-,-,53,3,24,45,41,1,4,1,8,6,-,328
,"2030 S",902,376,458,1,15,2,2,179,19,239,229,188,21,5,12,76,21,3,1846
,"2040 AB",109,33,100,-,2,1,-,18,1,48,30,26,-,1,4,8,1,-,273
,,110,93,280,-,4,-,-,100,2,170,121,61,4,3,11,28,16,-,893
,"2040 AS",990,36,87,-,3,-,2,28,3,34,32,25,10,2,2,10,6,-,280
,,996,13,52,-,-,-,-,12,2,17,17,12,3,1,1,3,-,-,133
,"2040 ASB",108,19,82,-,3,1,2,34,2,47,38,27,3,2,2,19,5,-,286
,"2040 B",112,62,97,-,1,1,-,22,-,37,29,18,1,2,1,31,1,-,303
,"2040 S",961,32,32,-,1,-,-,19,2,16,14,24,3,-,-,6,4,-,153
,2120,290,11,19,-,1,-,-,13,2,33,30,13,4,-,1,18,1,-,146
,"2120 S",289,39,82,-,4,-,1,27,2,38,31,17,1,2,1,20,2,-,267
,2130,903,7,22,-,4,-,-,16,1,66,40,18,1,1,3,12,2,-,193
,"2130 AS",924,19,50,-,7,-,-,19,2,31,23,14,2,3,2,5,5,-,182
,"2130 S",904,140,198,-,15,1,-,101,14,179,156,103,11,6,12,74,13,-,1023
,"2140 AB",105,109,380,-,12,-,-,107,6,147,140,116,12,5,5,41,16,1,1097
,"2140 AS",987,34,91,-,1,-,1,33,5,40,34,45,5,3,3,4,8,-,307
,2250,130,34,30,-,4,-,1,14,1,35,40,18,-,-,-,25,1,-,203
,"2250 A",128,54,86,1,3,-,1,64,6,142,181,53,3,2,3,37,8,-,644
,"2250 AS",125,110,182,-,2,1,-,65,2,62,87,26,1,1,3,13,6,-,561
,"2450 A",127,10,39,-,1,-,1,15,2,44,29,10,3,1,2,19,2,-,178
,"2450 AS",133,17,104,-,1,-,-,10,-,27,8,19,1,3,-,6,2,1,199
,"2650 A",132,25,42,-,11,-,-,56,4,126,98,31,2,4,5,25,1,-,430
,"2650 AS",136,104,225,-,2,3,1,89,-,86,101,34,4,-,4,25,9,-,687
,"2850 A",135,20,54,-,6,1,1,40,11,162,100,51,3,2,12,55,9,-,527
,"2850 AS",137,178,457,-,7,1,1,120,17,214,157,119,15,12,4,47,27,-,1376
,,171,7,33,-,3,-,-,18,1,15,16,10,1,1,4,5,3,-,117
,300,263,209,246,-,16,-,-,115,7,73,73,75,11,12,14,18,48,-,917
,"3040 AS",968,16,28,-,-,-,1,12,-,19,18,7,-,3,2,11,3,-,120
,"3050 A",139,4,7,-,2,-,-,17,2,60,38,10,1,-,3,16,1,-,161
,"3050 AS",140,26,59,-,4,1,-,38,7,70,60,21,1,-,4,20,1,-,312
,310,266,282,374,-,23,-,1,176,5,101,124,142,14,21,23,30,58,1,1375
,"310 S",267,194,238,-,3,-,-,42,-,8,18,30,5,9,5,3,24,-,579
,"3130 S",906,18,39,-,3,-,-,18,-,41,31,14,2,1,-,6,-,-,173
,"3140 AB",115,9,63,-,4,-,-,14,5,22,39,18,1,1,-,22,4,-,202
,,116,17,57,-,-,-,1,22,1,39,44,24,-,3,4,16,3,-,231
,"3200 A,AS,FWD,MFWD,DT,SDT",179,32,62,-,4,-,-,16,5,17,24,20,-,1,1,6,4,-,192
,"3300 A,AS,FWD,MFWD,DT,SDT",181,53,102,-,2,-,-,18,-,32,56,23,2,-,1,7,5,-,301
,"3350 AS",142,40,101,-,4,-,-,15,6,53,63,33,4,5,5,23,4,-,356
,"3400 A,AS,FWD,MFWD,DT,SDT",183,31,58,-,6,-,-,12,4,19,19,15,1,2,2,4,1,-,174
,"3640 A",123,2,19,-,2,-,1,19,2,21,16,12,2,1,-,17,1,1,116
,"3650 A",148,12,38,-,6,-,1,24,8,63,41,17,1,4,17,22,5,-,259
,"3650 AS",157,10,21,1,1,-,-,10,1,42,25,11,-,3,7,11,3,-,146
,500,262,60,84,-,3,-,-,37,6,59,51,30,6,3,11,14,16,-,380
,510,268,30,66,1,14,-,-,62,5,54,44,42,3,10,11,17,26,-,385
,"510 S",269,50,109,-,5,-,-,31,1,14,18,23,3,7,6,6,9,-,282
,"6100,A,AS,FWD,MFWD,DT,SDT",159,53,106,-,3,-,-,52,3,67,42,28,4,-,2,23,3,-,386
,"6200,A,AS,FWD,MFWD,DT,SDT",161,97,202,-,5,-,1,39,1,92,136,43,4,5,10,25,9,-,669
,"6300,A,AS,FWD,MFWD,DT,SDT",163,100,230,-,9,-,1,47,6,112,113,34,6,5,7,32,7,-,709
,"6400,A,AS,FWD,MFWD,DT,SDT",165,172,353,-,21,-,-,77,12,131,146,81,7,10,15,35,16,-,1076
,"6506 A,AS,FWD,MFWD,DT,SDT",184,27,28,-,4,-,-,30,2,88,55,29,-,1,7,26,4,-,301
,"6600,7100 A,AS,FWD,MFWD,D",174,51,122,-,4,1,-,37,5,73,65,42,3,6,5,38,10,-,462
,"6800,7300,A,AS,FWD,MFWD,D",173,65,151,-,32,-,1,47,27,129,121,44,7,23,21,39,22,-,729
,"6900 A,AS,FWD,MFWD,DT,SDT",175,44,80,-,15,-,-,30,18,85,50,33,3,19,18,23,16,-,434
,710,270,13,21,-,6,1,1,22,2,24,27,26,5,3,8,13,9,-,181
,"710 S",271,33,82,-,2,-,-,36,1,20,22,15,3,1,4,7,14,-,240
,820,288,199,318,-,13,-,2,91,3,68,90,72,11,10,10,13,31,-,931
,"820 S",277,583,681,1,13,1,-,166,1,57,119,116,22,18,7,12,51,-,1848
,830,934,246,259,-,7,-,-,87,2,44,64,91,6,3,3,10,17,2,841
,840,984,108,122,-,1,-,-,46,-,11,21,28,2,1,-,4,1,-,345
,"840 E",120,98,94,-,1,-,-,17,-,4,16,27,2,-,4,-,1,-,264
,920,282,72,79,-,9,-,-,71,3,54,55,42,4,4,4,10,21,-,428
,,932,46,29,-,3,-,-,16,3,13,22,26,5,3,2,5,4,-,177
,"920 S",278,192,156,-,4,-,-,56,1,11,27,36,9,7,2,3,15,-,519
,,925,113,124,-,5,-,1,49,7,46,54,37,8,4,1,19,19,1,488
,930,935,195,132,-,8,-,1,82,4,67,76,67,2,4,7,27,8,-,680
,940,985,41,39,-,-,-,-,13,-,8,15,12,5,1,-,2,5,-,141
,"940 E",121,40,52,-,-,-,-,25,-,10,12,11,-,-,-,1,4,-,155
,"940 S",991,67,132,-,2,-,-,29,-,13,17,20,-,1,1,2,1,-,285
,ALLRAD,911,30,39,-,2,-,-,28,-,33,34,14,1,-,1,12,1,-,195
,"D 1616",248,246,175,-,1,1,-,79,-,98,123,86,8,1,2,10,4,2,836
,"D 2016",247,113,75,-,1,-,-,39,-,80,75,53,5,-,1,25,-,-,467
,"D 2416",249,84,75,-,1,-,2,50,-,73,72,44,5,2,2,42,2,-,454
,"D 2816",250,28,19,-,1,-,1,17,1,45,50,22,1,1,2,12,-,2,202
,"D 4016",259,14,9,-,1,-,-,6,1,33,20,4,-,1,1,24,1,-,115
,"SONSTIGE/NICHT GETYPT",,5643,10365,12,538,8,36,2106,406,4871,4502,1843,319,840,704,1094,927,11,34225
"DEERE (D) ZUSAMMEN",,,14116,23195,19,1094,31,77,6932,755,10636,10574,5818,775,1207,1186,2892,1881,33,81221
"DEERE (USA)","(2036R),3038E,2038R",AXV,165,288,1,58,-,9,111,65,179,267,80,10,35,46,93,38,-,1445
,"(3045R),3046R",AYI,151,210,7,25,4,4,63,34,146,157,44,3,27,23,65,21,-,984
,"1026R,2026R",AXU,116,424,20,26,4,36,82,27,140,192,49,3,46,33,105,29,-,1332
,"2320,1026R",ABP,156,486,22,41,5,46,124,39,188,227,44,12,49,45,137,23,-,1644
,"2520,1026R,2025R,2027R",ABQ,77,165,6,30,6,8,38,33,99,114,39,5,19,15,60,10,2,726
,2720,AGS,58,161,1,14,1,1,46,8,25,82,18,1,13,12,20,15,-,476
,3025E,AZJ,7,36,-,8,-,2,-,11,31,23,6,2,2,9,2,2,-,141
,"3036 E",AGO,102,118,1,80,2,3,36,30,144,189,35,7,32,41,46,41,-,907
,3038R;2036R,APN,41,77,-,7,-,1,19,14,31,39,10,-,7,9,18,4,-,277
,3039R,AZK,12,15,1,5,1,1,12,19,19,19,10,1,3,9,7,3,-,137
,3045R,APO,90,129,5,14,3,3,38,16,80,63,25,3,14,12,44,19,-,558
,3320,ABJ,31,72,1,22,3,7,13,42,50,65,10,2,16,19,51,4,-,408
,3520,ABK,54,95,11,17,-,3,30,26,55,65,21,3,16,12,32,18,-,458
,3720,ABL,240,250,9,31,5,12,76,39,168,172,38,6,34,31,87,33,-,1231
,4010,358,50,17,-,3,1,1,6,-,9,14,3,1,1,2,5,2,-,115
,"4049M,4049R",AQD,9,12,5,10,2,-,6,6,11,26,4,1,5,5,11,2,-,115
,"4052R,4052M",AZL,3,3,-,6,-,-,5,9,41,13,9,-,2,13,2,3,-,109
,"4066M,-R,",AYK,57,61,1,11,4,4,16,22,60,104,20,3,10,11,24,14,-,422
,"4066M,4066R",AQE,26,22,-,3,1,5,9,10,25,44,6,-,3,8,8,4,-,174
,"4100,4110 HST,4110 GEAR",280,97,178,7,10,3,6,36,15,73,79,23,3,17,11,58,14,1,631
,4115,357,18,50,1,2,-,1,9,6,24,17,9,-,4,3,18,4,-,166
,"4200,CRT,HST,SRT",287,15,21,1,2,1,-,8,5,15,16,6,-,1,3,7,-,-,101
,4310,288,30,88,-,10,-,1,12,14,33,28,19,3,10,14,32,6,-,300
,4400,312,58,112,-,20,-,1,25,15,53,60,30,-,10,9,22,2,-,417
,4520,AGM,8,11,1,9,-,2,5,8,12,30,10,-,5,5,9,4,-,119
,4720,AGN,26,25,1,2,2,1,17,10,23,40,8,-,2,5,20,5,-,187
,495,367,41,115,2,7,-,-,6,8,11,29,15,1,7,5,16,1,-,264
,5050E,AVD,60,80,-,14,1,-,21,6,54,83,22,4,24,13,4,26,-,412
,5055E,AIN,201,272,-,28,1,2,62,16,77,110,38,7,44,37,18,70,-,983
,,AQI,154,318,1,25,-,1,44,15,68,99,41,7,47,34,15,52,-,921
,5058E,AVC,108,143,1,7,-,-,38,6,30,59,30,3,12,18,8,21,-,484
,5065E,AIP,50,44,-,4,-,-,19,5,9,23,28,3,12,1,6,15,-,219
,,AQK,41,53,1,4,1,1,14,2,15,20,15,2,5,3,2,15,-,194
,5067E,AVB,35,60,-,7,-,-,9,4,7,13,11,1,4,4,1,9,-,165
,5070M,AIX,237,685,1,19,-,1,75,11,80,121,66,4,17,13,24,42,1,1397
,5075E,AIR,26,20,-,3,-,-,7,4,18,22,13,5,7,7,7,4,-,143
,,AQM,30,49,-,9,-,1,10,12,24,18,11,1,5,6,7,8,-,191
,,AVA,94,145,-,20,-,-,26,18,40,64,33,-,13,24,18,9,-,504
,5075M,ARM,36,53,-,1,1,-,5,1,23,14,9,-,1,5,7,7,-,163
,5080G,AIJ,26,22,-,4,-,-,6,2,10,16,7,-,1,3,1,3,-,101
,"5080R; 5080M",AAQ,420,1044,1,22,1,4,97,19,171,174,62,7,31,23,38,22,-,2136
,5085M,ARN,74,137,-,13,4,-,23,19,64,63,15,-,4,8,12,4,-,440
,"5090M,-R",AUZ,43,80,-,17,1,1,20,10,45,57,22,1,12,9,16,11,-,345
,"5090R; 5090M",AGP,86,176,-,20,-,-,21,16,52,49,26,3,17,10,16,18,-,510
,5100M,BBS,13,40,-,6,-,-,3,5,18,16,15,-,11,4,4,6,-,141
,"5100M,-R",AUV,55,166,-,16,-,1,16,5,26,25,11,1,7,15,9,4,-,357
,5100R,AUT,118,349,1,17,-,1,45,10,78,79,22,2,17,12,10,12,-,773
,"5100R; 5100M",AAB,241,554,3,41,2,3,79,42,221,211,69,15,51,15,80,30,1,1658
,5125R,AUR,30,79,-,12,-,1,4,7,20,29,5,2,6,11,4,7,-,217
,5215,386,39,45,-,5,-,1,5,1,6,15,4,1,7,-,5,3,-,137
,,AFC,46,85,-,4,-,-,8,-,8,12,13,-,8,3,5,13,-,205
,"5300,5300A",254,23,44,-,5,-,1,10,3,6,15,6,1,3,1,1,4,-,123
,"5310,5410,N",339,15,35,-,1,-,-,5,1,4,12,13,-,5,3,1,5,-,100
,"5400,5400A",256,59,81,-,8,-,2,13,4,12,15,11,2,6,2,3,10,-,228
,"5515,HC",286,58,109,1,5,-,1,16,6,25,17,22,2,4,5,11,5,-,287
,5620,370,28,62,-,2,-,-,10,2,10,34,10,1,2,2,5,8,-,176
,,AAH,22,35,-,2,-,-,8,-,11,18,12,-,4,1,4,2,-,119
,5720,372,90,223,-,10,-,1,37,3,35,64,11,2,8,5,10,11,-,510
,"5720,6120",266,238,566,1,27,1,3,104,12,183,233,73,5,11,15,53,12,1,1538
,,AAJ,137,342,-,10,3,1,48,7,52,89,25,1,6,5,14,13,-,753
,5820,374,109,240,-,9,-,2,30,12,48,60,18,2,13,7,12,5,-,567
,,AAL,98,248,-,20,-,3,30,6,64,44,25,1,11,13,15,7,-,585
,595,368,21,34,2,7,-,-,2,2,5,8,3,-,8,2,4,3,-,101
,6020,258,28,65,-,12,-,-,15,1,37,31,15,3,3,4,9,3,-,226
,6090M,AYT,27,43,-,1,1,-,9,-,12,19,2,-,-,-,7,-,-,121
,,BBJ,54,133,-,2,1,-,28,5,25,29,22,-,3,-,5,4,-,311
,6090MC,AON,40,99,-,1,-,1,22,1,13,19,12,-,4,3,6,4,-,225
,"6090RC,6100MC",AOK,47,84,-,5,-,-,13,5,22,23,11,-,9,4,9,5,-,237
,6095MC,AUC,26,39,-,3,-,-,18,2,12,26,5,-,3,-,4,1,-,139
,"6095RC,-MC",AWS,70,102,-,4,-,-,24,4,41,51,19,1,4,8,4,2,-,334
,6100M,AYU,32,75,-,3,-,1,20,1,10,9,13,1,1,-,3,4,-,173
,,BBK,78,150,-,2,-,-,27,5,37,33,20,2,4,3,5,5,-,371
,"6100RC,6110MC",AOL,38,83,-,2,-,-,14,4,28,33,11,2,7,2,7,7,-,238
,6105M,ANA,7,23,-,1,-,-,6,1,23,20,6,1,3,3,9,2,-,105
,6105R,AMP,60,190,-,2,-,1,23,5,64,61,14,1,1,2,14,5,-,443
,6110M,BBL,9,32,-,-,-,1,9,2,16,18,2,-,5,1,3,2,-,100
,6110R,ASJ,25,31,-,-,-,-,7,2,12,21,6,-,2,-,4,-,-,110
,"6110R,-M",AWL,24,48,-,1,-,1,7,5,31,42,14,-,4,5,2,-,-,184
,6110RC,AOM,19,30,-,8,-,-,5,8,15,13,2,-,-,1,5,3,-,109
,6115M,ANC,58,108,-,14,-,1,32,5,101,105,24,3,5,2,16,5,-,479
,6115R,AMR,82,143,-,8,1,2,39,5,65,77,34,2,8,7,26,10,-,509
,,AMT,13,58,-,-,-,-,-,1,9,23,4,-,1,-,5,1,-,115
,6120M,ASX,20,45,-,5,-,-,14,2,22,29,11,-,4,2,6,2,-,162
,,AYW,89,119,-,11,-,-,18,12,45,70,15,2,10,7,18,5,-,421
,,BBM,168,325,-,24,-,1,52,32,137,137,36,3,34,19,50,11,-,1029
,"6120R,-M",AWJ,89,146,-,11,-,1,54,10,109,99,42,4,8,15,28,6,-,622
,6125M,ANE,35,67,-,7,-,-,13,6,40,29,13,3,3,7,11,5,-,239
,6125R,AMQ,66,100,-,5,-,2,19,1,47,62,19,-,7,3,7,2,-,340
,,AMU,62,170,-,-,-,-,9,2,37,38,8,3,4,3,5,-,-,341
,6130M,AZM,23,44,-,4,-,-,12,-,10,22,10,2,2,2,2,-,-,133
,6130R,ASH,18,26,-,4,-,1,15,1,10,19,5,-,3,3,5,1,-,111
,,ASR,24,103,-,-,-,-,10,-,28,26,6,-,-,1,-,-,-,198
,,AWI,107,364,-,11,-,-,24,1,99,84,13,2,4,4,6,2,-,721
,"6130R,-M",AWH,78,101,1,15,1,-,36,5,59,94,28,4,19,5,28,9,-,483
,6140M,AZN,47,61,-,8,1,-,17,5,52,63,17,1,6,13,10,3,-,304
,6140R,AMN,39,54,-,13,-,1,29,9,81,130,21,-,10,14,30,6,-,437
,,AMW,25,188,-,1,1,-,15,6,60,64,10,-,3,4,7,1,-,385
,6145R,ASC,10,11,-,6,-,-,9,4,20,26,3,1,3,2,3,2,-,100
,,ASP,26,78,-,1,-,1,17,3,47,60,7,-,1,3,1,1,-,246
,,AWE,56,119,-,8,-,-,33,1,74,111,8,-,1,1,9,5,-,426
,"6145R,-M",AWD,22,26,-,12,-,-,28,10,41,56,9,-,6,14,14,5,-,243
,6150M,ANH,45,85,1,31,-,-,39,27,118,80,22,6,28,20,15,13,-,530
,6150R,AMO,34,50,-,20,-,-,22,6,81,70,30,2,22,26,28,8,-,399
,,AMX,82,235,-,3,-,2,15,4,129,95,24,1,3,11,17,7,-,628
,6155M,ATC,16,16,-,6,-,-,5,5,29,26,4,2,9,6,3,-,-,127
,"6155M,6155MH",AZP,26,51,-,23,-,-,25,10,74,48,21,1,13,15,16,4,-,327
,6155R,ASB,6,13,-,2,-,-,5,5,33,12,6,-,6,6,8,-,-,102
,,ASO,42,126,-,5,-,1,16,5,96,79,13,3,2,6,17,3,-,414
,,AWC,168,450,-,12,-,1,54,9,283,191,47,3,5,26,46,5,-,1300
,"6155R,-M",AWB,62,105,1,36,1,-,22,15,140,111,28,1,33,35,52,17,-,659
,6170M,ANI,19,38,1,23,-,-,8,23,81,32,16,1,17,29,26,10,-,324
,6170R,AMD,16,12,-,19,-,-,11,12,30,23,7,3,22,32,19,4,-,210
,,AMG,36,97,-,5,-,-,11,6,90,70,8,-,4,11,15,4,-,357
,6175M,AZQ,9,11,-,13,-,-,3,7,31,14,4,1,4,14,6,2,-,119
,6175R,APW,9,4,-,14,-,-,5,9,14,14,4,-,11,14,11,2,-,111
,,AWA,60,145,-,6,-,-,15,9,82,98,14,1,8,7,28,3,-,476
,"6175R,-M",AVZ,23,22,-,20,-,-,11,15,60,48,5,1,21,26,27,2,-,281
,"6175R; 6215R",APR,26,70,-,6,-,-,11,6,74,84,9,1,3,8,14,4,-,316
,6190R;6190RE,AME,5,10,-,24,-,-,6,25,30,6,1,-,29,22,12,13,-,183
,,AMH,16,53,-,4,-,-,7,6,49,31,8,1,4,6,11,2,-,198
,6195M,ATE,9,10,-,11,-,-,8,8,23,12,4,2,8,15,7,3,-,120
,,AZR,7,8,-,7,-,-,6,21,38,20,7,5,15,15,11,6,-,166
,6195R,APQ,14,46,-,5,-,1,7,6,61,28,13,1,7,12,10,8,-,219
,,APV,2,2,-,13,-,-,2,22,14,3,1,-,18,26,9,7,-,119
,,AVY,45,61,-,11,-,-,17,3,77,36,12,2,9,16,12,5,-,306
,"6195R,-M",AVX,11,12,-,44,-,1,3,21,81,28,15,4,45,45,33,14,-,357
,6210R;6210RE,AMF,11,9,-,35,-,-,10,38,34,14,6,1,38,59,24,37,-,316
,,AMI,81,181,-,11,-,1,29,17,164,110,34,2,12,25,52,17,-,736
,6215R,APP,67,163,-,15,1,-,40,32,149,84,27,4,24,19,47,8,-,680
,,APU,6,6,-,23,-,-,3,19,31,10,6,-,18,31,20,15,-,188
,,AVV,6,4,-,39,-,-,9,41,18,11,2,-,39,43,28,16,-,256
,,AVW,80,180,-,17,-,1,34,28,180,89,34,1,19,29,26,15,-,733
,"6220,6215",262,200,477,1,24,1,1,95,12,188,242,78,2,22,13,71,16,-,1443
,,AAP,61,111,-,6,-,-,29,6,56,48,26,2,9,3,20,4,-,381
,"6225 Classic",AFS,37,88,-,3,1,-,23,2,25,37,10,1,-,1,9,6,-,243
,"6230 Premium",AJI,125,367,-,7,3,2,41,3,109,74,34,1,2,6,26,6,-,806
,"6230 Standard",AJO,108,206,-,3,2,3,19,7,113,66,37,1,6,5,17,6,-,599
,6230R,AVS,22,82,-,8,-,1,10,21,56,71,12,1,9,13,19,3,-,328
,6250R,AVT,3,3,-,44,-,-,3,39,16,6,-,-,43,33,12,12,-,214
,,AVU,101,203,-,50,-,1,47,102,207,94,51,6,57,96,79,33,-,1127
,"6310,6320",269,602,1715,-,52,1,8,255,45,563,613,169,30,52,29,154,50,1,4339
,6330,ADN,61,133,-,5,-,-,24,6,48,53,16,-,3,2,13,5,-,369
,"6330 Premium",AFL,43,68,-,2,-,-,12,1,25,22,10,1,1,3,2,-,-,190
,,AJJ,95,173,-,3,-,-,28,4,78,77,24,-,3,7,18,5,-,515
,"6330 Standard,6325Classic",AFT,204,416,-,23,1,1,83,25,223,190,101,5,24,17,85,10,-,1408
,6410,271,98,200,-,14,-,1,48,4,79,68,44,5,13,4,12,7,-,597
,6420,347,94,211,-,6,-,2,33,3,102,73,21,4,6,7,19,9,1,591
,,AAD,112,248,-,10,1,2,32,6,81,109,27,4,15,9,15,6,-,677
,"6420 S",348,46,144,-,3,-,2,18,-,26,26,14,2,5,5,2,3,-,296
,6430,ADO,50,101,-,13,-,-,25,-,27,28,24,-,7,3,13,2,-,293
,,ADZ,23,70,-,-,1,-,8,-,11,13,6,1,1,-,4,1,-,139
,,AJB,28,118,-,1,-,-,7,-,17,16,7,-,2,-,-,1,-,197
,"6430 Premium",AJK,67,117,-,8,-,3,23,6,54,39,22,4,3,5,5,1,-,357
,"6510,6505",278,42,80,-,7,-,1,40,4,127,135,33,2,7,4,45,2,1,530
,"6520,6620",277,28,40,-,2,-,-,9,5,54,35,10,-,4,1,26,1,-,215
,,349,124,294,1,40,1,1,74,17,229,178,57,7,38,25,77,18,3,1184
,,380,44,43,-,9,2,-,19,2,72,73,17,1,4,7,31,2,-,326
,"6530 Premium",ADP,31,64,-,10,-,-,17,4,66,57,19,1,10,11,16,3,-,309
,"6534 Standard",ADD,21,46,-,6,1,-,9,6,39,20,8,1,4,3,8,3,-,175
,6610,279,132,355,-,25,-,-,83,16,229,201,84,10,35,18,80,17,1,1286
,6630,AJD,17,50,-,2,-,-,6,1,16,20,4,-,1,1,2,-,-,120
,"6630 Premium",ADQ,48,102,-,17,-,1,28,8,84,58,13,2,6,13,25,2,1,408
,,AJT,30,59,-,11,-,2,20,7,56,39,17,4,2,12,17,4,-,280
,"6630 Standard",AFG,11,46,2,4,-,-,14,4,26,21,11,-,3,8,16,5,-,171
,,AJR,12,31,-,20,-,-,3,5,48,24,11,-,15,6,21,4,-,200
,"6810,6910,6910S,6820,6920",304,79,189,-,23,-,-,56,20,141,114,40,1,30,21,41,27,-,782
,6820,ADF,12,35,-,3,-,-,7,3,29,21,6,1,3,4,8,2,-,134
,"6820,6920,6920 S",276,196,547,-,60,-,-,125,61,326,310,105,14,65,50,90,29,1,1979
,,315,114,366,-,42,1,1,56,36,194,138,61,6,53,44,63,17,-,1192
,,346,87,142,-,21,-,1,32,11,72,45,30,3,17,13,29,14,-,517
,6830,AED,47,111,-,3,-,-,14,1,46,31,12,2,-,1,8,1,-,277
,,AJE,49,198,-,1,-,-,9,1,51,64,9,-,2,1,8,1,-,394
,"6830 Premium",ADR,42,97,-,20,-,-,41,18,113,87,25,3,30,27,29,17,-,549
,,AJU,44,70,-,16,-,-,33,20,100,95,14,3,25,24,29,13,-,486
,"6830 Standard",AFH,19,28,-,2,-,-,12,8,47,26,14,-,4,3,17,2,-,182
,,AJY,27,38,-,11,-,-,11,17,75,43,13,6,10,11,19,9,-,290
,6920,ADH,10,10,-,4,-,-,12,5,24,17,7,-,9,9,7,3,-,117
,"6920,6810,6910,6910S,6820",274,118,286,-,22,-,2,64,19,166,179,53,8,34,17,74,28,2,1072
,6930,AEE,34,56,-,4,-,-,9,1,23,14,8,-,2,1,3,2,-,157
,,AJF,46,64,-,2,-,-,9,4,38,21,11,1,2,3,8,3,-,212
,"6930 Premium",ADS,33,41,-,10,-,-,20,13,47,27,11,2,31,19,13,17,-,284
,,AJV,21,20,-,22,-,1,19,15,57,31,18,3,16,28,16,14,-,281
,7430,AEF,31,101,-,-,-,-,10,1,47,43,6,1,4,5,15,3,-,267
,,AJG,25,112,-,-,-,-,11,4,48,42,8,2,3,4,12,2,-,273
,"7430 Premium",ADT,19,34,-,9,-,-,15,14,43,33,12,2,19,16,16,9,-,241
,,AJW,10,17,-,9,-,-,10,9,26,33,9,1,9,12,14,4,-,163
,7530,AEG,64,133,-,7,-,-,18,4,74,41,18,2,11,8,20,4,-,404
,,AJH,37,94,-,5,-,-,12,8,62,45,8,-,7,8,20,2,-,308
,"7530 Premium",ADU,22,31,-,24,-,-,10,22,67,32,13,-,35,35,37,22,-,350
,,AJX,3,12,-,14,2,-,12,12,31,15,5,2,24,37,20,13,-,202
,755,226,13,20,-,2,-,1,8,2,13,15,7,-,1,2,17,2,-,103
,"7600,A,AS,FWD,MFWD,DT,SDT",228,15,30,-,8,-,1,13,4,20,23,8,2,5,10,6,-,-,145
,"7700,A,AS,FWD,MFWD,DT,SDT",229,25,58,-,6,-,-,14,12,26,38,10,2,10,12,24,3,-,240
,"7710 A,AS,FWD,MFWD,DT,SDT",242,59,89,-,43,-,1,26,40,115,112,31,9,19,53,72,11,-,680
,7720,389,5,18,-,11,1,-,6,8,23,13,4,-,10,8,11,7,-,125
,7730,ACM,3,14,-,11,1,-,1,10,12,13,4,-,8,11,11,2,-,101
,"7800,A,AS,FWD,MFWD,DT,SDT",230,29,46,-,9,-,-,15,12,21,30,12,2,10,13,25,12,-,236
,7810,243,49,110,-,70,-,-,32,85,114,81,18,2,68,70,94,60,1,854
,,329,14,34,-,8,-,-,4,7,53,41,9,1,6,11,18,3,-,209
,7820,390,5,13,-,17,-,-,4,12,14,7,4,-,15,13,7,9,-,120
,7830,ACO,4,14,-,21,-,-,8,13,11,11,3,1,16,6,4,16,-,128
,7920,391,21,43,-,7,-,-,8,16,20,30,11,2,15,14,10,12,-,209
,7930,ACQ,5,8,-,14,-,1,7,20,12,11,6,-,14,25,8,21,-,152
,8370R,ANU,1,-,-,19,-,-,1,27,7,-,-,-,14,28,5,18,-,120
,855,224,26,63,1,10,1,2,22,13,37,28,12,1,4,12,39,6,-,277
,955,225,49,91,16,23,2,1,21,10,22,46,18,1,10,29,29,8,1,377
,"GATOR 4X2",232,37,19,-,4,-,-,10,6,13,26,8,-,2,2,3,5,-,135
,"GATOR 6X4 DIESEL",240,84,72,-,7,-,1,24,9,31,46,22,7,18,5,11,16,-,353
,"Gator HPX",AAZ,84,90,2,8,-,1,35,16,50,95,49,4,15,11,21,30,-,511
,"Gator XUV",AGK,26,23,-,7,-,-,14,7,10,19,9,1,7,-,3,8,-,134
,"Gator XUV 550/560, -S4",AMY,55,46,1,3,-,2,19,2,28,39,10,2,5,5,8,9,-,234
,"Gator XUV 855D, -S4",ALL,83,99,-,9,1,-,38,20,40,62,31,2,15,19,28,23,1,471
,HPX815E,AYA,75,54,-,3,-,3,21,11,57,79,19,2,6,12,18,5,-,365
,"X 748-4WD",AHD,38,41,1,6,-,-,12,2,8,32,14,3,8,1,4,4,-,174
,,AHF,14,85,1,3,1,-,-,-,8,11,2,-,5,1,7,2,-,140
,"XUV 855D, XUV 855D S4",AOJ,132,148,5,14,1,7,46,31,83,84,50,4,27,14,25,26,-,697
,"XUV590E,-M,-R;-E S4,...",AYE,38,52,-,2,-,-,14,5,16,20,22,1,5,5,3,5,-,188
,"XUV835E,-M,-R",AYB,75,76,7,12,-,2,41,13,56,94,34,2,9,13,12,9,1,456
,"XUV855E,-M,-R,-S4",AXX,37,43,1,4,-,-,24,6,12,14,15,3,19,5,3,5,-,191
,"XUV865E,-M,-R",AYC,110,147,5,15,1,2,57,47,110,119,74,2,32,23,38,20,1,803
,"SONSTIGE/NICHT GETYPT",,2675,5772,58,1194,26,80,1205,1609,3659,3222,1193,105,1177,1418,1301,988,7,25689
"DEERE (USA) ZUSAMMEN",,,15474,32628,223,3957,125,355,6581,4230,17147,16458,5599,569,3957,4193,5922,3050,29,120497
EICHER,"3008 S",256,68,127,-,1,-,-,2,-,4,8,6,-,2,-,-,-,-,218
,"3014 S",268,13,56,-,1,-,-,5,-,3,10,4,1,-,-,9,-,-,102
,3015,257,10,52,-,-,-,-,17,-,6,10,28,2,-,-,9,-,-,134
,"3015 S",258,120,408,-,2,-,-,35,-,10,31,53,5,2,-,6,-,-,672
,"3048 S",993,27,61,-,-,-,-,11,-,1,2,8,-,-,-,4,1,-,115
,"3105 A",914,9,59,-,-,-,-,4,-,9,7,6,-,-,1,8,-,-,103
,"330 AS",920,23,9,-,-,-,-,5,-,6,6,48,2,-,-,1,1,-,101
,3705,272,61,27,-,1,-,-,5,-,7,2,41,4,1,1,1,-,-,151
,"3706 A",277,33,21,-,-,-,1,5,-,8,7,44,1,1,-,-,2,-,123
,"3714 A",293,27,21,-,1,-,-,8,-,2,9,58,3,-,-,1,1,-,131
,4038,928,79,112,-,1,-,-,27,-,1,10,32,-,-,-,2,-,-,264
,4048,929,56,151,-,-,-,-,27,-,12,8,14,1,-,2,1,2,-,274
,4060,931,23,95,-,1,-,-,13,-,10,10,10,1,-,-,2,1,-,166
,,932,25,108,-,2,-,-,14,-,3,6,5,-,-,-,5,7,-,175
,4072,934,16,46,-,1,-,-,9,-,5,4,3,1,-,-,14,3,-,102
,"542 ASK",948,72,24,-,1,-,-,8,-,4,4,65,2,-,-,-,1,-,181
,"EA 400",237,28,96,-,-,-,-,10,-,3,11,8,1,-,-,14,1,1,173
,"EA 400 S",238,63,161,-,-,-,-,3,-,3,5,4,1,1,-,1,-,-,242
,"ED 110/II 6",209,136,467,-,1,-,-,21,-,9,30,42,-,2,-,7,7,-,722
,"ED 13/I",210,561,1235,-,9,-,1,118,4,39,126,163,11,4,2,15,20,-,2308
,"ED 16",216,56,854,-,1,-,-,10,-,5,26,21,3,3,1,5,1,-,986
,"ED 16/II",219,21,299,-,1,1,-,5,-,6,16,11,3,2,3,2,3,-,373
,"ED 22/II",221,22,113,-,1,-,-,8,-,8,7,5,4,3,-,2,-,-,173
,"ED 26/I",226,19,86,-,1,-,-,7,-,7,14,7,-,-,-,9,1,-,151
,"EKL 11/II",211,62,160,-,1,-,-,14,-,3,27,23,3,2,-,3,2,-,300
,"EKL 15",215,858,3043,1,17,-,3,120,5,65,193,230,7,16,1,28,37,1,4625
,"EM 100",205,349,815,-,11,-,-,181,2,54,191,152,12,19,4,16,35,2,1843
,"EM 200",224,1031,2456,2,40,-,-,255,3,75,237,356,23,69,33,28,127,-,4735
,"EM 200 S",233,140,202,-,4,-,-,3,-,1,7,9,-,3,1,-,1,-,371
,"EM 235",232,462,1057,1,13,-,-,110,2,60,117,174,3,11,7,10,25,-,2052
,"EM 235 S",234,331,673,-,4,-,-,10,1,16,16,52,3,9,4,4,5,-,1128
,"EM 295",207,527,1283,1,34,1,3,154,7,80,171,273,25,41,19,18,70,-,2707
,"EM 300",235,246,807,-,17,-,1,81,8,36,61,69,18,15,7,18,31,1,1416
,,243,98,340,-,6,-,1,46,1,34,54,74,12,8,2,19,6,-,701
,"EM 300 S",236,55,196,-,2,-,-,4,-,4,10,14,1,4,1,-,5,-,296
,,244,157,551,-,3,1,-,17,1,17,32,46,4,3,-,3,8,-,843
,"ES 201",231,118,260,-,2,-,2,12,1,21,26,73,3,1,4,7,2,-,532
,"ES 202",247,290,311,-,3,-,6,28,2,21,36,215,1,4,-,5,3,-,925
,"ES 400",245,23,25,-,1,-,4,2,-,27,7,19,1,-,-,2,1,-,112
,"G 200",206,18,87,-,-,-,-,8,-,3,2,21,-,-,-,1,-,-,140
,"G 220",201,30,67,-,-,-,-,11,-,2,6,20,-,-,-,-,-,-,136
,"G 280",227,29,120,-,-,-,-,15,-,22,11,25,1,-,-,2,1,-,226
,KOENIGSTIGER,252,33,129,-,2,-,-,28,-,14,39,52,4,3,1,4,3,-,312
,,255,213,700,-,5,-,-,48,-,20,36,60,4,2,1,10,2,-,1101
,,262,95,223,-,-,-,-,13,-,6,32,4,-,1,1,8,-,1,384
,"KOENIGSTIGER 1",292,60,111,-,2,-,-,16,-,11,11,23,1,1,2,7,4,1,250
,"KOENIGSTIGER 2",286,40,100,-,4,-,-,17,1,9,14,19,1,-,1,8,2,-,216
,"KOENIGSTIGER 74",298,136,311,-,8,-,1,95,3,26,37,41,1,4,1,13,16,-,693
,"KOENIGSTIGER II-ALLR",259,75,210,-,-,-,-,17,1,10,24,19,-,-,-,13,2,-,371
,"LH 12/I",212,89,112,-,3,-,-,19,-,5,24,18,-,3,2,-,-,1,276
,MAMMUT,280,14,59,-,1,-,-,6,1,6,8,10,-,-,-,4,1,1,111
,"MAMMUT 74",299,96,307,-,5,-,-,50,1,27,32,30,1,6,3,7,7,1,573
,,913,45,95,-,1,-,-,37,1,17,19,14,-,-,-,7,3,-,239
,"MAMMUT II-74",909,17,78,-,2,-,-,8,1,11,6,9,4,-,-,8,-,-,144
,TIGER,251,55,148,-,2,-,-,28,-,9,37,27,-,-,-,1,2,-,309
,"TIGER 74",297,161,222,-,4,-,-,68,1,25,27,33,2,3,1,6,8,-,561
,"TIGER II",253,68,262,-,-,-,-,55,1,12,57,69,4,2,2,4,5,-,541
,,254,286,778,-,4,-,-,34,-,20,37,46,1,4,2,5,4,-,1221
,"SONSTIGE/NICHT GETYPT",,7094,17960,7,250,5,79,1326,82,1418,2189,3012,238,449,153,440,417,7,35126
"EICHER ZUSAMMEN",,,14969,38946,12,477,8,102,3313,130,2358,4202,6017,424,704,263,827,887,17,73656
EVOBUS,Citaro,AAB,60,44,4,14,-,29,7,16,84,297,59,29,77,23,24,7,-,774
,,AAE,45,31,4,6,-,82,35,5,85,167,93,23,6,3,16,9,-,610
,,AAK,54,34,13,22,3,30,26,19,128,328,28,6,15,5,14,-,-,725
,,AAN,71,28,6,4,-,31,32,7,48,46,47,-,6,2,12,-,-,340
,"Citaro G,-GÜ",AMF,-,5,-,-,3,56,28,-,-,4,4,-,1,-,9,-,-,110
,,AMG,36,110,485,18,3,1,57,2,18,47,11,2,9,3,12,-,-,814
,,ANJ,96,172,6,4,94,5,25,3,65,245,1,4,15,5,5,-,-,745
,Citaro...,AJV,89,216,1,19,2,-,96,8,23,192,17,3,21,15,13,59,-,774
,,AJW,729,627,175,348,15,356,510,105,392,1405,320,101,210,191,77,147,-,5708
,,AMD,-,12,-,-,-,-,-,1,10,54,3,-,2,19,-,-,-,101
,,ANG,18,138,-,21,-,-,34,-,10,52,5,-,-,3,-,-,-,281
,,ANH,272,330,10,23,13,15,90,8,175,319,61,21,45,26,22,1,-,1431
,eCitaro,ANO,45,39,15,-,20,157,148,49,51,34,18,-,2,3,25,5,-,611
,"eCitaro G",ANP,-,36,-,-,-,41,6,-,17,23,-,-,-,-,31,-,-,154
,"Intouro,-E,-M,-ME,M/L,L,.",AKJ,13,71,-,-,-,-,7,4,1,25,1,-,8,2,1,18,-,151
,,AKL,3,28,-,29,-,-,9,7,6,9,3,1,7,3,4,6,-,115
,"O 530",027,5,18,-,3,-,-,1,1,22,60,5,-,12,5,3,2,-,137
,,034,9,32,2,1,1,1,10,-,47,59,31,11,3,-,3,2,-,212
,"O 530 G",031,9,11,2,2,3,-,1,-,54,68,10,-,8,1,2,-,-,171
,"O 530 G, Citaro G, -GÜ",AGC,41,84,1,11,37,60,33,16,77,346,57,8,9,-,64,-,-,844
,,AGD,102,40,1,1,-,16,60,-,13,58,43,-,9,4,18,10,-,375
,"O 530 G,Citaro G,-GÜ",AJQ,71,14,-,21,-,72,4,-,1,139,3,-,-,-,-,16,-,341
,,AJR,385,167,3,75,51,63,185,72,151,1026,140,3,86,10,124,10,-,2551
,O530;O530K;O530LE;Citaro;,AFU,270,153,8,52,2,70,44,11,162,539,171,72,57,52,58,48,-,1769
,,AFW,40,76,2,7,-,128,29,7,41,138,29,11,47,9,7,9,-,580
,,AHJ,16,26,-,12,5,-,14,12,36,26,16,5,2,7,4,23,-,204
,,AJN,4,18,-,4,-,17,20,6,1,21,11,-,2,1,1,2,-,108
,,AJP,-,11,1,1,-,32,1,-,14,9,48,-,2,-,2,-,-,121
,"S 415 NF, S 416 NF",AHS,18,47,-,1,-,-,13,55,36,35,30,5,29,10,12,14,-,305
,"S 415/416 LE Business",AMH,175,118,1,3,1,4,36,8,14,11,8,3,21,1,4,37,-,445
,,AMJ,39,103,-,9,2,-,52,66,86,56,24,21,25,3,4,28,-,518
,"S 415/6 GT/H;S 412/5/6 UL",ADS,18,32,-,16,-,-,2,26,15,8,2,-,11,1,2,2,-,135
,,ADT,52,101,1,2,-,-,5,10,11,18,11,-,13,3,7,12,-,246
,"S 417 UL, S 419 UL",ADR,15,47,-,1,-,-,1,8,9,9,1,-,2,2,3,3,-,101
,"S 431/531 DT",ALS,49,115,27,1,2,14,23,9,8,54,32,2,25,-,3,3,-,367
,S415/6UL-;S417UL/2Busines,AKA,300,417,2,31,-,-,82,18,19,40,47,2,131,2,6,83,-,1180
,,AKC,105,211,2,14,-,-,76,70,174,75,132,52,94,12,10,58,-,1085
,"S417UL;S419UL;S 418 LE...",AKN,39,84,-,3,-,-,3,3,10,1,1,-,22,1,-,12,-,179
,,AKO,19,83,-,3,-,-,4,34,23,28,7,-,11,8,1,3,-,224
,S511/5HD;515/6MD;S516HD/2,AJS,146,395,39,18,3,8,70,24,51,68,31,15,26,23,11,12,-,940
,,AJT,58,72,15,10,7,2,14,2,14,37,7,2,5,3,2,6,-,256
,"S516/517/519HD;MB E16/17.",AKS,80,147,23,13,2,7,28,25,66,85,20,6,19,9,19,12,-,561
,,AMS,37,55,6,13,-,5,26,-,26,42,18,6,38,9,19,10,-,310
,S516HD;S517HD;S519H;+HDH,AKV,20,35,1,-,-,1,7,-,11,26,10,-,3,-,7,1,-,122
,,AKW,51,62,1,2,4,2,22,9,51,49,10,1,15,4,14,5,-,302
,"Tourismo RHD / ...M/2A",AES,19,56,3,2,-,1,15,3,5,9,5,3,6,2,3,2,2,136
,"Tourismo RHD-M,-RHD-L",ALT,40,105,4,7,2,21,29,4,27,58,27,1,14,13,16,5,-,373
,"Tourismo RHD;-M/2A",ALP,29,44,3,4,-,1,17,1,8,13,15,1,5,2,1,3,-,147
,,ALQ,27,71,6,3,-,4,10,5,11,18,10,3,3,1,2,2,-,176
,"Travego RHD-M,-L",AJO,10,23,1,5,-,1,16,-,11,15,18,2,8,4,9,2,-,125
,"SONSTIGE/NICHT GETYPT",,1040,2249,227,340,21,243,532,280,1216,1816,982,129,468,167,197,252,66,10225
"EVOBUS ZUSAMMEN",,,4869,7243,1101,1199,296,1576,2595,1019,3634,8307,2683,554,1655,672,903,941,68,39315
FAHR,"A 2 KN",215,173,143,-,6,-,1,87,4,47,44,42,15,3,8,14,36,-,623
,"A 2 L",219,41,56,-,4,-,-,17,2,9,13,11,1,5,3,2,10,-,174
,"A 2 W",218,30,46,-,4,-,1,17,-,9,6,15,1,1,-,5,3,-,138
,"A 3 K",227,108,195,1,7,-,-,53,1,31,24,30,5,11,7,18,34,-,525
,"A 4 MS",237,44,89,-,8,-,-,44,2,32,21,37,4,6,4,5,10,1,307
,"D 12",210,59,44,-,-,-,1,8,-,9,6,5,-,2,-,3,1,-,138
,"D 130 AH",209,118,60,-,6,1,-,26,-,22,34,26,3,6,4,11,9,-,326
,"D 130 H",214,219,71,-,1,-,1,16,1,11,28,21,1,4,1,4,4,1,384
,"D 132 W",218,69,33,-,1,-,-,10,-,5,5,13,4,1,-,2,3,-,146
,"D 133 N",225,226,81,-,8,1,-,21,4,21,16,35,3,6,6,5,13,-,446
,"D 135",207,76,16,-,-,-,-,7,-,1,6,7,-,1,-,-,2,-,116
,"D 17 H",216,315,159,-,2,-,1,16,1,27,31,15,-,1,2,7,-,-,577
,"D 17 NH",218,191,93,-,6,-,1,15,2,20,46,22,4,-,2,11,3,-,416
,"D 177",234,74,43,-,-,-,1,12,-,15,9,17,1,2,2,10,5,-,191
,"D 177 S",236,208,82,2,4,-,2,43,2,54,40,63,16,2,2,17,12,1,550
,"D 180,H",219,302,179,-,15,-,2,66,5,108,89,74,5,15,16,45,29,-,950
,"D 22 P",217,62,26,-,2,-,1,9,-,8,7,3,1,-,-,8,3,1,131
,"D 88",215,432,178,2,13,-,2,93,4,94,115,58,11,13,3,20,20,3,1061
,"D 88 E",215,60,13,-,-,-,-,6,-,6,11,6,-,-,-,1,4,1,108
,"D 90",213,648,238,1,5,-,-,105,5,101,141,106,7,7,5,19,19,1,1408
,"SONSTIGE/NICHT GETYPT",,2211,1491,10,150,3,10,355,76,743,895,455,59,172,116,244,294,2,7286
"FAHR ZUSAMMEN",,,5666,3336,16,242,5,24,1026,109,1373,1587,1061,141,258,181,451,514,11,16001
"FCA (I)",315,201,29,24,-,2,-,-,5,-,6,14,9,4,1,1,2,4,-,101
,400,206,68,182,-,6,-,-,32,2,32,116,53,7,7,-,8,6,-,519
,400-1,209,82,31,-,2,-,-,2,1,2,7,8,1,-,-,2,1,-,139
,"415 DT",204,27,38,-,-,-,-,7,1,4,13,4,1,3,-,3,3,-,104
,450,207,14,43,-,-,-,-,9,1,17,31,10,2,-,2,8,1,-,138
,"450 DT",208,32,38,-,-,-,-,8,-,8,19,4,-,3,-,-,3,-,115
,550,212,14,48,-,2,-,1,11,-,18,24,16,8,1,-,5,1,2,151
,"550 DT",213,21,55,-,-,-,-,14,2,17,31,8,1,2,-,-,5,-,156
,"DUCATO 10,14,MAXI 2.8JTD",013,25,27,3,7,1,1,12,1,7,20,12,2,4,3,2,1,-,128
,"DUCATO 10,14,MAXI2.8DS",032,23,18,2,3,-,3,5,1,7,18,9,1,7,1,-,4,1,103
,"DUCATO 15 2.3 JTD,MAXI2.3",036,18,23,2,2,-,5,13,5,17,27,13,-,10,3,4,4,-,146
,"DUCATO MAXI 2.8 I.D.TD",026,42,38,3,4,1,2,18,2,16,18,15,6,8,5,4,2,23,207
,"DUCATO MAXI 2.8 I.D.TD4X4",027,20,12,4,9,1,1,8,9,6,8,5,2,4,6,3,2,-,100
,"Fiat Doblo",APC,58,50,7,14,3,2,16,4,31,42,10,5,18,12,9,20,-,301
,,APD,150,178,26,67,12,44,83,46,115,333,78,13,112,73,121,43,-,1494
,,APE,22,46,4,8,1,5,15,7,24,40,16,4,17,8,14,17,-,248
,,APF,176,174,27,47,12,17,81,26,83,189,75,10,60,35,64,27,-,1103
,,APG,37,49,5,13,-,4,22,4,19,62,19,1,11,12,8,8,-,274
,"FIAT Doblo Cargo",AAB,292,392,48,65,13,33,166,66,197,489,142,35,98,62,143,65,-,2306
,,AAC,279,286,99,141,18,52,127,78,226,560,113,29,162,122,203,80,2,2577
,,AAD,124,102,20,26,4,13,59,20,52,102,46,8,43,23,18,16,-,676
,,ABI,61,37,25,19,2,1,23,7,27,70,19,5,14,19,3,4,-,336
,,AES,23,35,3,2,1,1,14,2,11,25,10,-,11,4,11,4,-,157
,,AET,15,21,1,4,-,2,6,5,18,27,4,1,2,5,1,-,-,112
,"FIAT DOBLO CARGO 1.9 D,SX",017,29,29,4,16,-,5,10,10,31,37,10,1,27,17,20,11,-,257
,"FIAT DOBLO CARGO BIPOWER;",021,27,26,13,7,-,2,9,1,14,36,6,9,10,7,2,4,-,173
,"FIAT DOBLO CARGO MULTIJET",067,44,41,2,17,2,10,14,13,29,55,15,7,25,31,20,14,-,339
,"FIAT DOBLO CARGO,DOBLOCAR",022,60,72,5,19,2,4,33,12,52,76,29,12,25,24,26,20,-,471
,"FIAT DOBLO CARGO;FIAT DOB",016,58,33,9,9,2,1,22,5,13,35,19,-,16,10,7,8,-,247
,"FIAT DOBLO'",AHX,39,50,6,6,1,2,30,1,12,26,16,3,23,5,21,9,-,250
,,AHY,58,37,-,3,-,2,32,2,17,49,24,12,18,4,9,11,-,278
,,AIC,29,40,3,2,-,-,13,-,13,30,16,2,6,3,4,4,-,165
,,AIE,25,23,8,8,5,5,18,1,17,10,9,2,10,9,9,5,-,164
,,AIF,259,369,65,62,17,39,102,39,149,376,94,11,89,68,69,81,-,1889
,,AIG,27,39,7,13,5,16,15,10,31,29,7,2,13,13,40,12,-,279
,,AIH,239,333,33,31,15,15,113,23,90,260,78,10,138,20,53,43,-,1494
,,AII,897,1116,140,159,39,139,452,126,422,1270,300,39,446,114,383,604,-,6646
,,AIK,56,154,8,24,-,14,12,10,74,54,6,3,9,8,46,6,-,484
,,AIL,148,145,15,24,1,20,75,15,48,190,44,7,46,13,37,27,-,855
,,AIM,93,128,20,12,-,26,30,6,26,76,29,2,37,21,19,29,-,554
,,AIO,528,775,52,111,18,67,244,39,168,530,240,56,215,61,139,122,-,3365
,,AIP,119,189,105,28,9,26,74,22,125,160,91,3,110,70,57,150,-,1338
,,AIQ,361,748,105,78,23,139,271,89,329,653,137,24,176,176,261,338,1,3909
,,AUM,44,37,30,6,-,2,23,6,12,35,6,-,11,12,3,12,-,239
,,AUO,76,74,16,21,-,5,38,6,28,60,27,11,33,13,19,13,-,440
,,BBF,63,78,12,15,2,6,32,8,52,122,32,7,31,30,41,29,-,560
,"FIAT DOBLO',DOBLO",AQN,57,91,7,17,1,7,22,5,21,59,17,1,31,12,9,12,-,369
,,AQO,80,117,21,29,5,9,44,14,48,153,46,5,57,12,36,23,2,701
,,AQP,355,427,59,80,19,46,161,60,177,440,147,25,130,53,150,84,-,2413
,,AQQ,139,202,20,25,3,6,64,21,59,156,80,5,68,33,39,46,-,966
,,AQR,67,42,23,21,2,2,30,7,18,50,13,5,26,7,8,5,-,326
,,ARE,20,27,13,7,-,10,11,2,16,30,7,2,3,6,9,3,-,166
,,ARM,433,544,92,156,25,101,229,123,349,793,178,21,221,174,276,147,2,3864
,"FIAT Ducato",ADL,664,836,115,108,31,82,288,79,364,1022,280,46,199,113,263,86,1,4577
,,ADM,1423,1933,180,224,44,91,550,122,631,1508,514,100,330,191,363,183,3,8390
,,ADN,42,57,9,7,1,4,20,5,22,54,22,3,42,12,11,22,-,333
,,ADO,161,209,15,36,6,6,92,14,66,158,76,10,68,34,24,33,-,1008
,,AEU,350,538,26,34,10,17,156,27,105,311,104,23,63,29,48,37,-,1878
,,AEV,28,31,1,3,-,-,7,-,7,21,8,1,5,-,3,5,-,120
,,AGK,37,35,11,12,1,1,11,3,19,32,13,14,12,9,7,12,-,229
,,AGL,181,227,32,44,5,8,130,27,95,220,95,25,59,49,87,32,-,1316
,,AGM,27,51,2,2,1,1,10,2,9,23,14,1,10,2,5,3,-,163
,"FIAT DUCATO",AHI,202,371,43,52,1,79,101,35,169,308,65,3,50,49,186,38,-,1752
,,AHJ,244,323,39,50,13,15,147,23,125,268,114,33,99,44,82,95,-,1714
,,AHK,1548,2552,128,190,58,158,642,194,694,1948,545,107,428,169,493,294,1,10149
,,AHL,116,199,5,21,6,2,56,7,54,103,55,2,55,20,57,33,-,791
,,AHM,668,909,37,91,11,45,259,42,283,521,184,18,167,57,156,108,-,3556
,,AHN,67,81,-,2,-,-,24,2,34,42,25,1,20,6,15,14,-,333
,,AHO,537,956,35,78,13,28,223,49,254,503,185,30,155,40,102,90,-,3278
,,AQJ,1151,1706,158,225,34,98,505,114,497,1092,369,63,293,77,334,129,-,6845
,,AQK,130,204,26,20,3,8,107,19,69,195,89,28,44,22,38,24,-,1026
,,AQL,482,717,73,66,19,51,247,33,198,461,188,16,139,30,111,101,-,2932
,,AQM,90,152,6,10,3,3,51,4,58,94,66,3,24,12,15,24,-,615
,,ARZ,243,360,75,138,8,43,185,16,127,366,72,5,60,45,173,50,-,1966
,,ASA,21,21,1,9,-,7,9,3,19,29,12,-,23,12,7,27,-,200
,,ATG,310,547,42,70,14,23,212,35,191,352,190,47,145,48,117,87,-,2430
,,ATH,24,78,3,3,2,2,26,3,22,23,14,1,10,5,5,6,-,227
,,ATI,366,737,32,48,14,14,171,22,136,310,157,13,84,27,65,76,-,2272
,,ATJ,1626,2777,141,261,67,124,694,209,812,1839,633,108,417,230,522,272,-,10732
,,AUU,97,158,1,11,1,4,42,4,30,82,36,5,30,12,20,19,-,552
,,AUV,627,948,78,95,31,97,288,73,379,845,225,46,155,122,311,102,1,4423
,,AUW,459,723,33,68,20,24,190,48,194,425,157,14,123,35,113,78,-,2704
,,AUX,68,80,10,15,1,2,35,3,20,52,32,2,29,21,20,25,-,415
,,AWG,70,39,4,11,1,11,19,-,22,64,6,3,17,6,10,1,-,284
,,AXG,28,31,5,11,-,1,8,1,8,36,8,-,6,6,19,2,-,170
,,AYE,116,202,23,222,8,64,46,6,121,238,30,1,35,24,60,40,-,1236
,,AYF,850,1739,116,161,35,133,400,87,395,2047,305,32,293,62,223,174,-,7052
,,AYG,185,250,12,19,2,10,94,12,76,124,61,7,43,9,25,48,-,977
,,AYH,197,301,9,19,2,18,89,5,90,168,73,8,59,8,24,40,-,1110
,,AYQ,17,21,2,4,3,30,20,-,17,19,3,-,5,1,23,3,-,168
,,AZJ,73,104,8,20,2,7,72,6,40,67,39,5,34,11,21,28,-,537
,,AZK,30,62,5,1,3,2,11,1,18,29,18,1,14,1,10,10,-,216
,,AZL,21,33,1,-,-,14,5,-,11,26,11,2,5,2,1,14,-,146
,"FIAT DUCATO 11,15 2.0JTD",028,56,59,10,21,5,16,31,6,45,113,22,5,10,17,21,6,-,443
,"FIAT DUCATO 11,15,MAXI2.3",031,151,137,21,22,3,9,58,13,51,156,65,19,35,27,25,10,-,802
,"FIAT DUCATO 11,15,MAXI2.8",029,136,147,11,24,5,14,63,9,65,125,44,23,25,25,34,13,3,766
,"FIAT DUCATO 15,MAXI2.3 JT",026,15,21,4,5,2,2,16,-,8,14,13,2,14,7,5,6,-,134
,"FIAT FIORINO",AIS,142,153,49,34,6,45,66,19,57,156,36,3,73,34,48,63,-,984
,,AQS,89,112,17,21,5,20,40,7,43,111,33,1,64,19,25,34,-,641
,,BBX,31,51,32,43,4,6,27,11,21,52,27,2,41,16,18,23,-,405
,"FIAT FIORINO,QUBO",AIU,87,175,11,25,3,17,83,12,36,223,38,30,45,75,17,22,-,899
,,AIV,246,319,69,83,12,30,163,40,147,254,84,12,115,58,60,70,-,1762
,"Fiat Fiorino;Fiat Fiorino",AJZ,60,42,7,18,2,5,22,15,28,68,13,3,14,13,19,13,-,342
,,AKA,121,130,27,41,6,17,57,27,86,186,61,17,72,29,51,42,-,970
,"Fiat Fullback",AGA,10,11,8,29,-,2,3,7,6,14,7,2,8,14,9,6,-,136
,,AGB,30,22,1,9,1,3,18,8,8,19,22,2,21,10,8,29,-,211
,,AGC,221,352,33,111,2,18,120,57,136,241,104,14,130,89,84,167,-,1879
,"Fiat Scudo",AGH,105,99,28,31,3,14,47,14,47,182,35,14,38,20,40,13,-,730
,,AGI,280,336,35,48,5,23,122,32,121,356,136,23,86,46,64,50,-,1763
,,AGJ,16,27,4,1,1,1,9,2,9,11,11,2,3,5,5,2,-,109
,"FIAT SCUDO",AFL,14,22,5,12,2,7,7,4,8,27,8,-,4,6,12,2,-,140
,,AFM,42,98,11,18,-,8,28,13,30,90,26,2,27,12,12,16,1,434
,,AQZ,24,38,1,10,-,2,8,2,8,19,7,1,11,1,1,6,-,139
,,ARA,66,85,11,11,5,12,34,12,35,158,20,2,20,9,32,15,-,527
,,ATK,218,308,27,60,7,14,108,34,100,273,86,27,117,46,49,45,-,1519
,"FIAT STRADA",ARP,8,17,-,3,-,-,8,4,6,6,10,2,11,11,2,18,-,106
,,AXO,59,46,3,19,-,1,20,8,12,28,21,3,36,52,5,71,-,384
,"Fiat Strada 1.3 JTD",ADR,101,113,6,42,-,1,44,33,60,77,43,11,97,93,18,125,-,864
,"FIAT STRADA 1.9 D",015,12,14,1,6,-,-,3,1,10,8,5,3,13,17,4,12,-,109
,"FIAT STRADA 1.9 JTD",054,23,39,2,17,1,-,8,9,9,18,8,2,17,27,1,34,-,215
,"QUBO,FIAT FIORINO",AQT,105,128,8,25,7,21,42,36,68,127,34,12,37,42,51,44,-,787
,,AQU,31,46,4,5,-,1,24,3,7,46,19,3,6,4,8,7,-,214
,SCUDO,007,107,93,4,18,1,9,51,12,46,95,49,18,40,16,22,19,-,600
,,582,37,28,4,22,2,6,13,5,25,39,4,6,14,8,16,10,-,239
,TALENTO,AKW,28,43,2,10,-,-,7,6,15,37,10,1,12,6,12,8,-,197
,,AKY,102,146,6,25,2,10,44,8,27,96,28,2,45,9,19,33,-,602
,,AKZ,196,249,24,48,6,22,230,12,59,216,60,11,67,29,41,161,-,1431
,,ALA,92,135,28,19,10,35,38,11,81,192,39,3,74,25,63,14,-,859
,,ALB,357,512,112,119,7,69,225,51,208,502,138,20,154,79,145,102,-,2800
,,ASJ,165,234,43,71,1,27,62,23,108,247,61,7,80,31,61,52,-,1273
,,ASK,418,614,142,101,13,95,375,60,262,878,263,20,190,89,134,153,-,3807
,,ATZ,76,132,19,23,-,7,47,13,45,99,46,2,55,27,25,78,-,694
,"SONSTIGE/NICHT GETYPT",,5255,6678,726,955,216,680,2462,543,2932,6147,1856,349,1703,920,1629,1026,12,34089
"FCA (I) ZUSAMMEN",,,28990,41242,4270,6115,1084,3509,14054,3483,14956,35866,11106,1941,10121,5137,9512,7278,55,198719
"FCA (USA)",GLADIATOR,ACQ,96,138,18,31,3,10,68,19,51,143,45,5,40,27,35,16,-,745
,"SONSTIGE/NICHT GETYPT",,2893,4138,459,1420,88,215,1750,654,2838,4702,1311,203,1171,931,969,634,29,24405
"FCA (USA) ZUSAMMEN",,,2989,4276,477,1451,91,225,1818,673,2889,4845,1356,208,1211,958,1004,650,29,25150
"FENDT,XAVER",144/0,359,407,596,1,5,1,1,156,1,58,65,149,4,3,3,18,8,2,1478
,145/0,355,50,22,-,-,-,1,5,1,1,16,62,2,-,-,-,-,-,160
,145/2,356,169,64,-,-,-,-,13,1,3,4,185,2,-,1,3,1,-,446
,146/0,377,141,340,-,1,-,-,76,1,54,44,49,4,2,-,20,5,1,738
,146/2,380,27,56,-,-,-,-,17,-,5,6,3,1,1,-,5,1,-,122
,156/0,383,112,24,-,-,-,5,13,-,44,10,23,1,-,-,4,-,-,236
,"205 P",481,90,162,-,1,-,-,4,1,8,7,18,-,-,1,2,1,-,295
,"380 GTA TURBO/GERAETETRAE",270,65,268,-,4,-,-,28,-,50,26,29,1,2,2,6,2,-,483
,,293,71,346,-,7,-,-,50,2,39,15,20,3,4,3,1,3,-,564
,"DIESELROSS F 12 GH",212,242,553,1,4,1,2,90,-,83,78,49,6,12,7,29,21,-,1178
,"DIESELROSS F 15 G 6",216,116,218,-,1,-,-,32,-,11,9,30,1,1,-,1,4,-,424
,"F 12 HL",213,404,623,-,5,-,-,126,3,79,78,32,12,12,6,9,25,1,1415
,"F 15 GH",215,126,291,-,2,-,-,52,-,26,22,25,2,1,-,8,3,-,558
,"F 15 H 6",214,116,349,-,8,-,-,39,1,35,32,24,1,10,4,16,10,-,645
,"F 17 L",232,188,554,1,8,-,-,76,-,38,34,41,5,14,4,13,28,-,1004
,"F 17 W",233,114,378,-,11,1,-,28,2,29,19,38,3,9,2,13,20,-,667
,"F 20 GH",220,16,150,-,1,-,-,6,-,6,14,10,-,3,1,7,2,-,216
,"F 20 H 6",223,39,177,-,2,1,-,17,-,28,17,9,1,5,-,14,4,-,314
,"F 24 L",218,103,479,-,10,-,-,58,3,70,46,27,5,17,5,24,38,-,885
,"F 24 W",226,37,200,-,2,-,-,20,-,15,21,25,8,8,3,18,15,-,372
,"F 28",228,21,112,-,2,-,-,17,1,33,26,3,-,1,-,17,3,-,236
,"F 345 GT/GERAETETR.",496,180,529,1,6,-,1,70,4,43,35,42,1,1,6,29,3,-,951
,"F 360 GT/GERAETETR.",497,200,720,1,4,-,1,76,1,23,31,66,1,7,4,15,4,-,1154
,"F 365 GTA/GERAETETR.",503,117,624,-,3,-,1,50,-,61,26,18,2,-,-,11,1,-,914
,"F 380 GT/GERAETETR.",498,57,168,-,-,-,-,17,-,26,12,11,-,1,1,6,3,-,302
,"F 390 GTA/GERAETETR.",548,12,46,-,-,-,-,16,-,18,7,10,1,-,-,4,-,-,114
,"F 395 GTA/GERAETETR.",538,47,165,-,5,-,1,30,3,48,22,22,1,3,5,6,7,-,365
,"F380GTA,GHA/GERAETETR",499,388,1731,1,13,1,-,209,8,291,139,138,8,16,15,51,16,-,3025
,"FARMER 1",236,59,169,-,2,-,-,14,-,21,15,9,3,9,4,7,13,-,325
,,237,35,177,-,10,-,-,23,3,17,14,18,7,9,7,11,16,-,347
,,241,71,278,1,14,-,-,33,5,27,28,21,7,14,8,13,23,-,543
,,242,63,249,1,13,-,-,31,2,25,20,27,10,30,10,31,35,1,548
,"FARMER 1 E",227,240,688,-,15,1,1,103,7,82,49,100,8,27,14,16,58,2,1411
,,255,144,422,-,7,-,-,83,2,55,36,73,7,4,4,6,16,1,860
,,282,45,79,-,1,-,-,5,-,6,7,10,-,2,-,2,3,-,160
,,285,63,169,-,6,1,-,26,1,23,11,35,2,7,2,2,5,1,354
,,312,16,93,-,1,-,-,6,-,8,6,16,2,3,-,2,8,-,161
,,313,176,551,-,9,1,1,30,3,48,32,44,7,8,1,6,23,1,941
,"FARMER 1 S",340,257,611,1,9,-,-,82,2,109,67,111,8,9,5,46,17,-,1334
,,396,451,1196,-,8,2,2,165,7,207,129,175,13,5,5,77,11,2,2455
,"FARMER 102 S,LS",447,35,66,-,-,-,-,11,-,18,17,3,-,-,-,8,-,-,158
,,448,144,271,-,-,-,-,69,-,40,34,51,-,1,1,7,1,-,619
,"FARMER 103 S,LS",443,58,129,-,-,-,-,34,-,12,20,25,-,-,2,3,1,-,284
,,444,20,44,-,1,-,1,9,-,13,8,7,1,-,-,1,-,-,105
,,472,74,154,-,-,-,1,29,1,30,14,26,-,-,-,6,-,-,335
,,473,38,102,-,-,-,-,15,-,16,27,12,3,-,-,8,-,-,221
,"FARMER 104 S,LS",392,62,172,-,2,-,2,44,-,98,34,12,-,1,3,10,7,-,447
,"FARMER 104,LS",390,180,480,-,9,1,1,88,3,173,89,63,10,5,2,61,3,1,1169
,,445,23,64,-,2,-,-,12,-,12,11,9,-,-,-,1,-,-,134
,"FARMER 106 S,LS",299,5,33,-,3,-,-,11,-,43,24,10,3,-,1,21,1,-,155
,"FARMER 2 DE",245,248,643,-,24,2,1,92,3,115,90,102,16,26,18,49,42,1,1472
,,246,655,1753,1,41,1,-,166,10,217,160,227,19,42,12,67,64,1,3436
,,266,166,541,-,6,-,-,44,-,47,33,74,5,7,4,20,10,-,957
,,280,558,1604,-,18,1,1,179,6,149,119,159,16,20,19,52,52,-,2953
,"FARMER 2 E",243,757,2947,2,98,1,6,400,28,499,312,276,50,84,55,192,179,4,5890
,,265,135,525,-,8,-,-,53,8,61,41,45,7,10,7,28,25,-,953
,,279,163,704,-,8,-,-,87,4,77,35,58,11,10,7,38,28,1,1231
,"FARMER 2 S",291,64,297,-,13,-,-,65,3,131,82,52,6,9,6,28,19,1,776
,,292,347,1048,-,15,-,1,62,2,82,54,85,13,17,5,34,31,-,1796
,,294,15,69,-,-,-,-,4,-,9,3,2,-,2,-,8,2,-,114
,,325,210,631,-,11,1,-,92,2,185,94,75,2,4,6,62,16,1,1392
,,329,24,54,-,1,-,-,10,1,19,8,2,-,-,-,21,1,-,141
,,386,440,999,1,10,2,1,148,7,240,164,133,16,4,9,96,20,1,2291
,,388,83,214,-,-,-,1,40,1,49,37,10,-,-,-,41,2,1,479
,"FARMER 200 S",408,96,67,-,-,1,-,15,-,5,6,15,-,-,1,1,-,-,207
,,449,176,220,-,-,-,-,49,-,21,15,29,1,-,-,7,2,-,520
,"FARMER 200 S,201 S",409,119,133,-,-,-,-,16,-,1,2,5,-,-,-,1,1,-,278
,,436,54,83,-,-,-,1,18,-,8,5,12,1,-,-,1,1,-,184
,,470,235,370,-,1,-,-,57,-,17,15,23,1,1,-,7,-,-,727
,,471,45,121,-,-,-,-,15,-,3,8,4,-,-,-,4,1,-,201
,"FARMER 200 V",440,53,25,-,-,-,3,8,-,9,4,68,1,-,-,1,-,-,172
,"FARMER 203 P",404,186,20,-,-,-,1,11,-,32,11,37,-,1,-,-,-,-,299
,,407,80,19,-,-,-,1,4,-,14,2,7,-,-,-,2,-,-,129
,"FARMER 203 V",357,89,49,-,1,-,11,5,-,25,18,81,-,-,-,2,1,-,282
,,358,379,186,-,2,-,4,57,-,24,22,417,3,-,2,3,3,1,1103
,"FARMER 203 V II",486,41,22,-,-,-,5,11,-,8,2,35,-,-,-,-,-,-,124
,"FARMER 203 V/II",502,93,50,-,1,-,1,16,-,7,10,93,1,-,-,2,1,1,276
,"FARMER 204 P",428,94,15,-,-,-,1,3,-,32,5,23,1,-,1,-,-,-,175
,,430,161,128,-,-,-,2,7,-,7,5,11,-,-,-,1,1,-,323
,"FARMER 204 V",465,47,14,-,-,-,1,4,-,22,7,24,-,-,-,-,-,-,119
,"FARMER 206 V",317,67,19,-,-,-,2,6,1,11,5,19,-,1,1,3,3,-,138
,"FARMER 207 V",318,249,29,-,-,-,2,22,-,9,6,133,-,-,2,-,-,-,452
,"FARMER 208 S",347,33,61,-,1,1,-,4,-,10,11,6,-,-,-,1,1,-,129
,"FARMER 208 V",320,122,41,-,3,-,7,14,-,34,12,222,1,2,2,1,-,-,461
,"FARMER 209 S",348,47,101,-,1,1,-,8,-,11,10,5,1,1,1,1,-,-,188
,"FARMER 209 V",319,66,12,-,-,-,2,8,-,16,7,75,1,-,-,-,-,-,187
,"FARMER 240 S",523,62,78,1,-,1,-,6,-,9,16,12,-,-,-,4,-,-,189
,"FARMER 250 K",530,34,28,3,5,-,1,14,2,19,12,17,-,7,-,3,4,-,149
,"FARMER 250 S",522,102,153,-,1,1,-,9,-,15,18,11,1,-,-,6,1,-,318
,,529,52,117,2,-,-,-,24,-,26,30,9,-,-,-,13,5,-,278
,"FARMER 250 V",511,153,83,-,3,-,7,25,1,18,17,133,1,1,4,8,-,-,454
,"FARMER 260 S",245,32,62,-,2,-,-,6,-,7,20,5,-,-,3,3,2,-,142
,,524,54,113,-,-,-,-,5,1,11,10,8,-,1,2,9,2,-,216
,,525,236,422,1,6,-,-,48,5,84,100,25,-,3,1,28,4,1,964
,"FARMER 260 V",255,318,73,-,2,-,7,38,1,26,18,143,-,2,3,4,1,-,636
,,514,640,185,-,3,-,27,56,1,41,31,473,4,1,1,7,1,-,1471
,"FARMER 270 V",237,53,8,-,-,-,3,11,1,24,9,110,1,-,1,-,-,-,221
,,517,80,23,-,1,-,4,10,1,41,8,42,-,-,1,2,-,-,213
,,577,25,3,-,-,-,1,3,-,10,5,55,-,1,-,-,-,-,103
,"FARMER 275 S",527,633,940,-,5,2,1,127,5,110,161,72,4,5,2,37,6,-,2110
,"FARMER 275 V",238,98,21,-,2,1,8,12,2,40,12,141,-,-,2,1,-,-,340
,,536,76,21,-,3,-,6,10,1,54,11,67,1,1,-,2,-,-,253
,,580,42,12,-,-,-,1,4,1,22,3,69,-,1,-,3,-,-,158
,"FARMER 280 P",512,75,157,-,2,-,1,7,1,7,2,14,2,3,5,1,9,-,286
,"FARMER 280 S",248,219,234,-,4,5,4,33,1,44,70,29,5,3,-,8,2,-,661
,,581,126,162,-,-,-,-,24,-,27,34,19,2,1,-,5,-,-,400
,"FARMER 3 S",256,63,328,1,9,1,-,76,3,138,108,51,8,12,7,67,15,1,888
,,257,251,898,-,10,2,1,99,5,104,61,96,16,11,8,21,27,-,1610
,,264,32,106,-,-,-,-,13,-,25,7,21,2,1,1,10,2,-,220
,,286,56,203,-,14,-,2,84,1,131,101,41,7,13,7,57,13,1,731
,,287,288,881,-,20,1,2,65,3,107,46,73,13,22,14,33,24,1,1593
,,289,50,146,-,-,-,-,23,-,27,7,7,2,2,1,12,6,-,283
,,331,29,67,-,-,-,-,13,1,25,18,8,1,-,1,8,1,-,172
,,337,170,343,-,6,-,1,73,3,141,57,65,4,3,5,36,7,-,914
,"FARMER 303 S,LS",474,37,92,-,-,-,-,23,1,22,11,13,-,-,1,6,-,-,206
,,475,21,42,-,-,-,-,16,-,20,12,7,-,-,-,13,-,-,131
,"FARMER 304 LS",476,65,171,1,1,-,1,23,-,32,18,11,-,1,-,22,-,-,346
,,477,56,215,-,1,1,1,33,1,49,27,12,-,1,1,31,-,-,429
,,540,54,315,1,3,-,-,24,-,34,33,10,1,-,1,14,2,-,492
,"FARMER 305 LS",459,107,266,1,2,1,-,28,-,97,52,30,1,-,-,41,1,-,627
,"FARMER 305 LSA",460,150,820,2,4,2,4,95,3,297,152,44,2,3,4,76,4,1,1663
,,544,9,65,-,-,-,-,11,-,23,17,3,-,-,-,7,-,-,135
,"FARMER 306 LS",458,126,212,-,-,1,-,44,-,64,47,23,1,-,-,57,2,-,577
,"FARMER 306 LSA",456,392,1861,3,13,2,4,198,4,683,319,131,10,10,5,168,16,-,3819
,,543,18,68,-,-,-,-,8,1,46,36,3,-,-,2,6,-,-,188
,"FARMER 307 C",240,53,156,-,3,-,1,20,1,26,45,14,1,2,1,15,2,1,341
,"FARMER 307 CA;CI,FENDT 30",334,138,573,-,5,1,2,40,1,58,76,17,1,3,1,19,1,1,937
,"FARMER 307 LSA",501,192,471,-,3,1,-,72,2,76,41,25,1,-,1,20,2,-,907
,,535,89,278,-,-,-,1,16,1,74,23,15,-,-,-,17,1,-,515
,"FARMER 307 LSE",555,21,46,-,2,-,-,5,-,9,10,3,-,-,-,7,-,-,103
,"FARMER 308",553,44,110,-,1,-,-,25,1,52,34,11,-,-,-,12,1,-,291
,"FARMER 308 C",241,33,60,-,2,-,1,25,3,39,44,9,-,3,-,13,-,-,232
,"FARMER 308 CA",336,53,237,-,5,-,-,29,1,37,46,27,1,2,2,6,1,-,447
,"FARMER 308 LS",451,25,37,-,-,-,-,11,-,17,36,19,1,-,2,10,3,-,161
,"FARMER 308 LSA",453,258,744,1,7,1,7,160,7,506,250,126,8,2,14,156,10,1,2258
,,533,73,176,-,1,-,1,33,2,118,50,22,-,-,1,20,3,-,500
,,551,151,531,-,3,-,1,67,2,176,152,50,5,1,1,42,2,-,1184
,"FARMER 309",232,40,104,-,1,1,-,13,-,39,32,10,-,-,-,7,3,-,250
,,554,57,179,-,3,-,-,30,1,105,51,23,-,3,-,13,1,-,466
,"FARMER 309 C",194,14,50,-,-,-,-,5,1,26,10,5,2,1,-,9,-,-,123
,,242,189,608,-,10,1,4,68,4,198,138,68,2,4,11,75,10,-,1390
,"FARMER 309 CA",307,201,580,1,9,1,-,64,5,157,123,42,6,8,7,42,4,-,1250
,,337,264,823,-,10,1,6,102,8,173,132,73,9,8,5,64,7,-,1685
,"FARMER 309 LS",461,473,1550,-,17,3,4,319,12,666,367,233,21,9,13,195,11,1,3894
,"FARMER 309 LSA",532,139,411,-,5,-,1,56,2,180,113,24,3,2,2,49,6,-,993
,,552,64,119,-,-,-,-,21,1,56,26,20,-,1,1,15,-,-,324
,,572,105,259,-,2,-,-,44,2,128,70,32,2,-,2,21,1,-,668
,"FARMER 310",556,25,44,-,2,-,-,15,1,23,24,13,1,-,-,7,2,-,157
,"FARMER 310 LSA",482,39,103,-,2,-,-,26,2,49,29,16,1,1,2,18,-,-,288
,,494,49,110,-,1,-,-,32,-,50,31,17,-,-,-,11,2,-,303
,,546,46,92,1,2,-,-,27,1,59,26,17,1,-,-,12,1,-,285
,"FARMER 311",557,13,33,-,-,-,-,23,1,38,21,14,-,1,1,20,1,-,166
,"FARMER 311 LSA",484,160,457,-,7,1,3,141,10,337,193,107,9,5,9,99,7,1,1546
,,545,60,98,-,2,1,-,26,2,90,48,26,1,2,5,30,2,-,393
,"FARMER 312",229,13,22,-,3,1,-,10,3,32,19,13,2,-,3,24,-,-,145
,,558,25,58,-,9,1,1,17,4,62,38,27,3,3,4,36,3,-,291
,"FARMER 312 LSA",506,104,225,1,3,-,2,67,4,136,74,44,4,2,4,50,3,-,723
,,547,60,182,-,6,-,-,42,3,151,73,32,1,4,8,38,7,-,607
,"FARMER 4 S",271,23,99,-,5,-,-,47,6,69,52,23,7,4,5,23,5,-,368
,,272,11,37,-,1,-,-,23,-,30,16,4,2,1,1,8,3,-,137
,,273,178,611,-,7,-,-,71,4,108,60,56,13,21,14,23,31,-,1197
,,274,62,250,-,5,-,-,44,2,70,15,29,4,5,4,14,6,1,511
,,341,140,531,-,4,-,-,105,6,246,94,58,6,4,9,40,12,1,1256
,,345,446,1013,1,17,2,-,141,4,391,195,181,13,10,10,106,13,-,2543
,"FARMER 409 VARIO",323,21,177,-,2,-,-,9,1,70,55,2,-,-,1,4,-,-,342
,"FARMER 410 VARIO",282,30,77,-,1,-,1,15,2,50,51,10,2,-,1,3,1,-,244
,,321,50,186,-,1,-,-,15,1,56,52,5,2,1,1,9,-,-,379
,"FARMER 411 VARIO",283,39,124,-,3,1,1,19,1,50,29,10,-,2,2,18,1,-,300
,,322,35,123,-,-,-,-,8,1,29,25,9,1,5,1,7,2,-,246
,"FARMER 412 VARIO",309,256,700,-,15,-,-,85,1,142,140,68,6,20,3,26,6,-,1468
,"Farmer 5 S",301,310,716,2,15,1,1,155,9,298,145,142,7,9,10,141,18,-,1979
,,303,12,27,-,3,-,-,20,1,42,19,5,1,1,2,13,3,-,149
,,305,229,772,1,16,1,-,210,7,449,170,145,17,10,17,130,30,1,2205
,"FAVORIT 1",206,21,89,1,1,-,-,23,4,39,19,9,5,4,2,10,14,-,241
,"FAVORIT 10 S",319,16,68,-,-,-,-,15,-,47,16,10,3,-,4,11,1,-,191
,"FAVORIT 11 S",321,14,59,-,2,-,2,23,1,36,9,10,-,1,2,18,1,-,178
,"FAVORIT 3",248,12,73,-,1,-,-,25,-,60,47,16,1,3,5,25,3,-,271
,,249,25,147,-,3,-,-,15,2,47,33,16,3,2,1,12,5,1,312
,,259,7,51,1,3,-,-,9,-,16,8,6,-,-,1,6,1,-,109
,"FAVORIT 3 S",277,12,62,-,5,-,-,12,1,16,6,9,3,-,-,5,5,-,136
,,278,13,86,-,2,-,-,15,1,25,14,13,2,1,2,10,5,-,189
,"FAVORIT 509 C",566,34,163,-,-,-,-,26,1,61,36,8,-,1,2,15,2,-,349
,"FAVORIT 510 C",559,45,120,-,-,1,-,19,2,43,18,11,-,2,-,11,-,-,272
,"FAVORIT 511 C",567,24,43,-,2,-,-,15,1,51,30,9,-,-,1,20,2,-,198
,"FAVORIT 512 C",225,19,80,-,4,-,-,22,-,82,39,8,1,5,1,23,1,-,285
,,565,92,296,-,10,-,2,67,9,185,125,42,-,8,5,63,2,-,906
,"FAVORIT 514 C",564,39,114,-,10,-,-,36,5,99,58,21,2,6,3,35,8,-,436
,"FAVORIT 515 C",202,13,56,-,4,-,-,11,2,50,14,15,1,6,4,18,2,-,196
,,571,30,138,-,11,1,-,24,8,96,42,40,1,6,21,57,12,-,487
,"FAVORIT 600 LS",423,26,90,-,3,1,2,28,1,90,47,23,2,-,2,24,2,-,341
,"FAVORIT 610 LS",401,17,47,-,-,-,1,11,1,29,12,10,-,-,1,9,1,-,139
,,424,24,108,-,4,-,1,27,3,130,41,31,4,1,-,36,3,-,413
,"FAVORIT 611 LS",402,70,236,-,6,-,2,72,8,179,95,37,5,3,3,65,5,1,787
,"FAVORIT 611 LSATURBOMATIK",488,20,39,-,5,-,-,11,2,80,32,9,2,1,-,26,1,-,228
,,508,15,48,-,2,-,-,16,-,106,53,7,3,1,2,25,-,-,278
,"FAVORIT 612 LS",399,35,117,-,6,-,1,33,2,104,52,20,1,3,6,53,2,-,435
,"FAVORIT 612 LSATURBOMATIK",489,28,128,-,2,-,1,37,2,90,46,9,2,1,2,52,1,-,401
,,510,31,147,-,1,1,1,30,2,111,46,14,3,1,5,30,5,-,428
,"FAVORIT 614 LSATURBOMATIK",490,6,35,-,1,-,-,9,-,21,13,2,2,1,4,14,1,-,109
,,509,17,28,-,4,-,-,14,4,41,32,5,-,2,3,30,-,-,180
,"FAVORIT 615 LSATURBOMATIK",507,13,18,-,10,-,-,8,4,41,17,8,1,1,6,18,6,-,151
,"FAVORIT 711 VARIO",279,16,52,-,2,-,-,24,-,63,45,8,1,1,2,17,-,-,231
,,330,13,66,-,1,-,-,14,-,85,72,6,2,2,3,8,-,-,272
,"FAVORIT 712 VARIO",280,123,311,-,6,-,-,53,2,184,143,29,9,7,5,52,4,-,928
,,331,65,264,-,5,-,-,37,1,145,78,15,5,4,3,25,2,1,650
,"FAVORIT 714 VARIO",236,38,132,-,10,1,-,65,5,119,72,39,6,5,6,34,4,-,536
,,332,79,292,-,7,1,1,55,4,161,137,27,4,11,5,34,2,1,821
,"FAVORIT 716 VARIO",216,111,199,1,21,1,-,67,7,163,83,43,5,9,13,45,17,-,785
,,329,101,279,-,10,2,-,47,5,116,51,48,5,19,8,36,9,-,736
,"FAVORIT 818",562,17,31,-,2,-,-,6,2,65,19,10,-,5,4,32,10,-,203
,"Favorit 818;....Vario",AAF,35,88,-,7,-,-,23,7,82,36,20,3,6,10,17,4,-,338
,"FAVORIT 824",561,10,29,-,5,-,-,3,6,23,13,8,-,1,10,11,13,-,132
,"FAVORIT 916 VARIO",313,10,25,-,1,-,-,6,-,42,20,9,-,2,2,5,-,2,124
,"FAVORIT 920 VARIO",315,19,31,-,5,1,-,12,1,78,36,14,-,7,7,19,2,-,232
,"FAVORIT 924 VARIO",314,21,59,-,9,-,-,16,6,64,27,5,-,9,8,15,5,-,244
,"FAVORIT 926",205,10,20,-,3,-,-,7,7,20,10,5,-,1,4,16,6,-,109
,"FAVORIT 926 VARIO",285,11,17,-,5,-,-,8,2,21,12,9,1,1,7,14,13,-,121
,,316,31,68,-,10,-,-,18,14,76,34,5,1,8,9,30,17,-,321
,"FAVORIT 930 VARIO",326,54,109,-,12,-,-,22,13,101,53,18,2,5,10,64,12,-,475
,"FENDT 207 Vario",ADJ,61,196,-,1,3,-,2,-,7,12,12,-,1,3,3,-,-,301
,,AFC,40,268,-,-,1,-,3,1,5,7,-,2,6,-,4,1,-,338
,"FENDT 207 VARIO",ANT,19,114,-,-,-,-,1,1,-,1,-,-,1,-,-,1,-,138
,"FENDT 207 Vario (300)",ALO,74,496,-,1,-,-,4,1,13,19,16,-,2,-,4,1,-,631
,"FENDT 207V Vario",ACV,37,41,-,-,-,1,6,-,9,9,42,2,2,-,2,-,-,151
,"FENDT 208 Vario",ADK,49,123,-,-,-,-,13,2,10,20,7,1,3,1,9,3,-,241
,"FENDT 208 Vario (301)",ALP,54,60,1,-,-,1,5,-,12,7,22,2,4,1,4,7,-,180
,"FENDT 208V",ACG,32,4,-,-,-,-,3,-,8,2,71,-,2,-,-,-,-,122
,"FENDT 208V Vario",ACT,115,40,-,2,-,-,6,-,8,3,146,-,-,-,3,1,-,324
,,AFK,52,17,1,1,-,-,2,-,2,-,40,-,3,-,1,-,-,119
,"FENDT 209 V/F/P VARIO",AOI,53,58,-,-,-,-,10,1,28,31,84,1,2,3,4,1,-,276
,"FENDT 209 Vario",ADL,105,173,-,1,1,2,24,2,26,37,12,1,2,2,13,3,-,404
,,AFF,45,135,-,1,2,-,6,-,10,18,1,-,3,-,8,-,-,229
,"FENDT 209 VARIO",ANV,31,162,-,2,-,-,5,-,8,16,7,-,-,-,9,1,-,241
,"FENDT 209 Vario (302)",ALQ,268,353,-,-,-,5,31,1,70,42,271,3,6,2,11,4,-,1067
,"FENDT 209V Vario",ADH,205,54,-,-,-,4,34,-,27,28,322,2,2,8,4,-,-,690
,,AFL,181,73,-,-,-,2,16,-,14,21,261,2,-,5,5,-,-,580
,"FENDT 210 V/F/P VARIO",AOJ,89,64,-,4,-,1,7,1,17,8,177,-,15,7,4,-,-,394
,"FENDT 210 Vario",ADM,73,182,-,1,-,-,25,1,38,26,10,-,3,2,9,5,-,375
,,AFE,34,101,-,-,1,-,11,-,19,13,2,-,3,2,3,4,-,193
,"FENDT 210 VARIO",ANW,23,65,-,-,-,2,6,-,4,9,4,-,2,-,2,3,-,120
,"FENDT 210 Vario (303)",ALR,186,245,-,3,-,9,24,-,47,31,237,-,19,-,8,3,-,812
,"FENDT 210V Vario",ADG,104,23,-,-,-,4,20,-,34,4,149,-,-,-,-,1,-,339
,,AFO,120,16,-,-,-,3,16,-,21,10,184,-,4,1,1,-,-,376
,"FENDT 211 V/F/P VARIO",AOK,68,68,-,1,-,4,9,5,27,17,95,1,1,2,12,6,-,316
,"FENDT 211 Vario",ADN,152,205,1,8,-,-,30,4,29,39,17,1,11,4,14,9,-,524
,,AFG,131,188,-,3,1,-,23,3,29,26,14,-,14,1,15,2,-,450
,"FENDT 211 VARIO",ANX,156,251,-,4,-,-,21,7,33,48,17,-,13,6,20,3,-,579
,"FENDT 211 Vario (304)",ALS,334,408,-,12,2,8,57,7,86,82,189,4,31,6,29,17,-,1272
,"FENDT 211V Vario",ADF,39,13,-,-,-,1,11,-,10,6,63,2,-,3,-,-,-,148
,,AFP,39,19,-,-,-,-,12,-,14,4,121,2,2,-,1,-,-,214
,"Fendt 309 Vario",AAG,107,307,-,1,2,-,40,3,139,116,18,3,3,1,39,1,-,780
,"FENDT 309 Vario",AEZ,28,188,-,2,-,-,11,-,46,52,5,1,2,1,11,-,-,347
,"Fendt 310 Vario",AAH,123,337,-,8,-,-,55,3,72,65,19,3,4,4,47,3,2,745
,,AGU,69,257,-,2,-,-,34,2,42,44,14,-,2,-,16,4,-,486
,"FENDT 310 Vario",AIJ,21,70,-,5,1,-,19,-,16,30,19,-,1,-,2,1,-,185
,,AKH,48,321,-,5,-,-,15,4,42,34,4,-,2,-,11,2,-,488
,"Fendt 311 Vario",AAI,52,130,-,2,-,-,21,5,41,29,7,1,-,-,10,-,-,298
,,AEY,26,79,-,2,-,-,16,1,16,15,-,-,1,2,9,-,-,167
,"FENDT 311 Vario",AKI,22,114,-,2,-,-,8,-,15,7,1,1,1,2,5,3,-,181
,"FENDT 311 VARIO,351",AMO,50,236,1,3,-,-,13,7,27,39,15,2,1,-,13,1,-,408
,"Fendt 312 Vario",AAJ,332,859,-,27,-,3,124,12,154,157,73,11,20,16,99,13,1,1901
,"FENDT 312 Vario",AGV,132,401,1,7,-,1,42,6,79,54,17,1,3,3,28,4,-,779
,,AIK,49,130,-,1,-,1,24,3,24,25,9,-,5,1,7,1,-,280
,,AKJ,96,340,-,5,-,1,45,3,64,50,9,3,4,2,25,7,-,654
,"FENDT 312 VARIO,352",AMP,46,190,-,3,-,-,28,5,38,27,7,1,2,4,21,2,-,374
,"FENDT 313 Vario",AGW,299,747,-,33,1,1,71,6,147,96,59,5,38,4,48,9,-,1564
,,AIH,145,314,-,7,3,2,59,-,78,77,41,2,13,1,15,2,-,759
,,AKK,385,857,-,22,-,2,93,9,194,169,66,7,24,21,61,15,-,1925
,"FENDT 313 VARIO,353",AMQ,87,307,-,7,-,1,34,7,54,59,15,1,7,6,20,2,-,607
,"FENDT 314 VARIO,354",AMR,238,545,-,9,-,4,63,3,114,103,51,6,16,8,48,8,-,1216
,"FENDT 411 VARIO",ABN,10,54,-,-,-,2,6,-,45,25,3,-,2,-,3,-,-,150
,"FENDT 412 VARIO",ABO,17,60,-,1,-,-,12,-,19,17,7,-,3,2,14,3,-,155
,,ABP,117,390,-,2,1,-,49,3,160,118,35,1,7,-,19,-,-,902
,"FENDT 413 VARIO",ABV,29,171,-,4,-,-,18,-,35,26,8,-,1,1,8,2,-,303
,"FENDT 414 VARIO",ABR,43,137,-,1,-,-,23,3,51,33,12,1,3,2,10,4,-,323
,"FENDT 415 VARIO",ABS,24,63,-,2,-,-,9,-,12,11,9,-,3,6,12,2,-,153
,,ABT,288,702,-,11,-,3,82,8,187,142,63,7,16,12,46,13,-,1580
,"FENDT 512 Vario",AGX,6,38,-,-,-,-,1,-,22,22,3,1,-,2,5,-,-,100
,"FENDT 513 Vario",AGY,21,47,-,-,-,-,5,1,13,14,7,-,1,-,9,-,-,118
,"FENDT 514 Vario",AGZ,74,246,-,2,1,1,39,4,84,89,29,3,-,4,24,2,-,602
,"FENDT 514 VARIO",AKF,30,120,-,5,-,-,17,2,44,52,11,1,2,2,4,-,-,290
,"FENDT 516 Vario",AHA,225,601,-,20,1,4,88,8,208,146,52,1,31,16,47,10,-,1458
,,AIL,62,115,-,-,1,-,18,4,66,31,11,-,1,5,7,1,-,322
,"FENDT 516 VARIO",AHC,19,52,-,2,-,-,8,1,16,23,9,-,9,2,8,-,-,149
,,AKC,51,122,-,12,-,2,25,6,55,32,11,2,17,2,29,5,-,371
,,AKG,270,807,-,29,2,2,86,24,300,204,59,3,17,28,39,9,-,1879
,,AOE,11,46,-,1,1,1,13,4,38,19,5,1,1,1,14,1,-,157
,,AOF,78,210,-,13,-,-,28,10,144,72,13,-,17,7,10,3,-,605
,"FENDT 712 VARIO",ABK,12,63,-,1,-,1,9,-,124,85,4,-,-,2,23,-,-,324
,"FENDT 714 Vario",ABJ,55,277,-,13,1,1,60,6,203,131,20,2,5,8,59,1,-,842
,"FENDT 714 VARIO",AEU,14,81,1,3,-,-,19,-,73,47,8,-,-,-,11,1,-,258
,"FENDT 716 Vario",ABI,144,367,-,16,1,2,57,11,210,93,33,2,23,18,47,15,-,1039
,"FENDT 716 VARIO",AEV,40,114,-,6,-,-,36,1,131,46,15,1,4,8,16,2,-,420
,,AIE,11,18,-,-,-,-,11,2,41,11,5,-,2,11,5,1,-,118
,"FENDT 718 Vario",ABH,135,391,-,12,-,2,42,8,245,140,47,4,18,11,35,9,-,1099
,,AET,68,320,-,7,-,-,35,6,193,123,20,2,13,11,27,11,-,836
,,AIF,52,234,-,9,2,-,31,6,160,122,17,3,3,5,22,3,-,669
,"FENDT 718 VARIO",AEL,89,278,-,7,1,1,45,21,151,104,28,2,24,8,46,9,-,814
,,AKW,16,97,-,8,-,3,7,5,51,39,4,-,1,-,32,-,-,263
,,AKX,110,556,3,12,-,3,50,19,201,136,23,7,8,28,25,4,-,1185
,,ANI,7,42,-,2,-,1,8,7,22,12,4,-,-,2,33,-,-,140
,,ANJ,63,295,-,9,-,-,30,11,117,104,7,1,4,6,14,1,-,662
,"FENDT 720 VARIO",AEQ,72,213,-,17,-,1,43,22,187,80,32,3,19,16,21,14,-,740
,,AIC,36,134,-,13,-,2,26,18,113,44,21,1,14,8,33,7,-,470
,,AKY,14,32,-,10,-,-,9,5,57,16,3,-,4,8,24,2,-,184
,,AKZ,76,205,-,15,-,-,37,18,158,75,14,2,22,15,14,11,-,662
,,ANK,4,24,-,1,-,-,8,9,23,15,1,-,2,1,18,-,-,106
,,ANL,40,105,-,11,-,-,21,24,82,54,8,1,11,14,11,3,-,385
,"FENDT 722 VARIO",AES,43,132,-,14,1,2,39,12,114,39,22,-,9,10,32,11,-,480
,,AIG,26,77,-,8,-,-,18,6,45,7,5,1,4,3,23,3,-,226
,,ALB,48,109,-,12,-,1,24,12,43,9,5,-,9,4,17,2,-,295
,,ANN,17,53,-,5,-,-,13,4,32,7,3,-,3,5,6,1,-,149
,"Fendt 724 VARIO",AIB,122,249,-,28,-,3,77,48,396,177,65,7,35,40,73,30,-,1350
,"FENDT 724 VARIO",AEM,8,24,-,4,1,-,5,2,14,12,6,-,2,5,17,-,-,100
,,AER,205,392,-,48,-,1,91,34,392,245,71,5,52,58,78,45,-,1717
,,AHV,3,8,-,4,1,-,3,2,25,27,5,-,2,7,11,4,-,102
,,ALC,29,52,-,31,1,-,23,53,129,54,12,2,14,15,73,3,-,491
,,ALD,212,423,-,49,1,1,95,103,530,273,85,6,62,79,103,47,-,2069
,,ANO,6,43,-,21,-,1,15,31,80,34,11,1,3,12,55,3,-,316
,,ANP,189,292,-,59,-,-,86,80,329,168,50,5,42,77,79,41,-,1497
,"FENDT 728 VARIO",APM,24,47,-,8,-,-,11,14,46,40,6,-,4,10,18,4,-,232
,"FENDT 815 VARIO",310,11,45,-,4,-,-,6,2,30,37,4,1,1,-,8,-,-,149
,"FENDT 818 Vario",ABG,24,50,-,2,-,-,28,19,108,51,2,-,8,4,37,3,-,336
,"FENDT 818 VARIO",311,157,376,-,19,-,-,89,19,250,152,60,5,19,14,101,21,-,1282
,"Fendt 820 Vario",ABE,12,26,-,9,-,-,8,10,27,16,10,1,-,4,26,10,-,159
,"FENDT 820 Vario",ABF,341,796,-,88,6,2,163,78,795,394,126,7,92,102,221,48,-,3259
,"FENDT 824 VARIO",ADR,8,34,-,10,-,-,13,6,53,16,7,-,4,6,17,5,-,179
,"Fendt 826 Vario",AJV,1,13,-,5,-,-,5,15,23,9,3,-,5,6,24,-,-,109
,,AJW,16,37,-,19,-,-,33,25,72,36,9,2,10,13,34,8,-,314
,"FENDT 826 Vario",AHF,7,30,-,13,-,1,10,8,55,28,5,1,9,6,8,3,-,184
,"FENDT 826 VARIO",ADO,28,60,-,26,-,-,21,15,117,37,14,3,17,14,18,22,-,392
,"Fendt 828 Vario",AJX,8,9,-,33,-,1,3,31,47,14,4,-,6,14,51,7,-,228
,,AJY,73,139,-,40,-,1,33,101,197,81,33,3,43,51,60,28,-,883
,"FENDT 828 Vario",AHD,55,72,-,28,-,-,23,20,133,57,22,-,24,26,32,19,-,511
,"FENDT 828 VARIO",ADQ,71,106,-,30,-,1,25,23,158,62,22,5,29,34,44,25,-,635
,"Fendt 922 Vario",AAU,6,21,-,11,-,-,10,8,48,20,4,1,8,6,16,3,-,162
,"FENDT 927 VARIO",AAX,17,64,-,14,-,-,14,14,65,28,7,1,13,11,23,18,-,289
,"FENDT 930 Vario",AEA,14,56,-,28,-,-,19,29,66,22,7,1,19,16,28,16,-,321
,,AHM,11,26,-,23,-,-,13,23,34,31,11,1,4,6,15,14,-,212
,"FENDT 930 VARIO",AAZ,45,76,-,17,-,1,25,23,90,58,17,6,23,18,30,22,-,451
,,ALH,9,33,-,8,-,-,4,12,35,17,10,1,7,14,17,13,-,180
,,ALU,4,35,-,11,1,-,8,17,39,11,4,-,6,14,15,13,-,178
,,AOU,9,21,-,7,-,-,4,23,17,7,3,-,1,12,4,4,-,112
,"Fendt 933 Vario",AEH,9,26,-,14,-,-,6,15,25,9,1,-,14,4,12,8,-,143
,"FENDT 933 Vario",AHN,10,25,-,3,-,-,4,17,20,8,7,-,10,5,5,2,-,116
,"FENDT 933 VARIO",AAW,14,20,-,8,-,-,12,8,27,11,4,-,10,7,11,8,-,140
,,ALJ,6,26,-,7,-,-,6,17,25,15,6,-,6,8,14,15,-,151
,"Fendt 936 Vario",AEI,21,57,-,30,-,-,15,45,50,22,19,3,22,22,34,25,-,365
,"FENDT 936 Vario",AHO,22,42,-,21,-,-,11,44,52,24,14,1,20,22,28,24,-,325
,"FENDT 936 VARIO",AAY,70,114,-,25,-,1,35,36,101,41,22,4,14,8,36,26,-,533
,,ALL,23,38,-,15,-,-,8,35,39,26,18,3,13,18,20,14,-,270
,,ALY,8,22,-,16,-,-,6,31,33,13,8,1,12,16,24,15,-,205
,,AOY,15,29,-,15,-,-,6,48,30,16,8,-,12,12,16,5,-,212
,"Fendt 939 Vario",AEJ,21,43,-,11,-,-,19,13,35,19,5,2,18,19,15,20,-,240
,"FENDT 939 Vario",AHP,30,28,-,20,-,-,4,15,37,21,10,2,7,19,6,22,-,221
,"FENDT 939 VARIO",ALN,8,13,-,8,-,1,6,8,18,5,5,-,4,12,3,18,-,109
,"FENDT 942 VARIO",AMC,24,45,-,18,-,-,13,33,45,22,8,1,24,37,10,29,-,309
,,APC,17,55,-,11,-,-,6,36,42,16,9,-,19,24,10,33,-,278
,"FENDT FARMER307 C",294,27,63,-,-,-,-,6,-,21,16,8,-,-,-,5,2,-,148
,"FENDT FARMER308C",301,27,68,-,-,-,-,5,-,11,22,7,-,4,-,2,-,-,146
,"FIX 1",205,80,229,-,2,1,-,47,-,39,23,25,10,11,4,8,10,-,489
,,207,63,148,-,4,-,-,28,2,19,14,7,5,4,1,5,11,-,311
,"FIX 16",244,61,107,-,5,-,-,39,1,26,25,67,3,7,4,7,15,-,367
,"FIX 2 E",202,495,910,-,29,-,1,159,8,103,96,150,19,27,20,24,79,1,2121
,,252,118,194,1,5,1,-,38,3,37,32,89,5,7,2,4,14,-,550
,,283,34,34,-,-,-,-,6,-,6,6,35,1,1,-,1,3,-,127
,"FL 236",235,61,239,-,6,-,-,20,1,17,13,9,1,13,2,10,8,-,400
,"FW 120",203,92,241,-,13,-,-,49,2,45,34,48,3,11,10,11,24,-,583
,"FW 278 S",361,155,338,-,9,-,2,55,8,140,103,80,12,3,3,71,4,-,983
,"FWA 135 S",374,41,86,-,-,-,-,15,-,21,15,3,-,1,-,26,2,-,210
,"FWA 278",367,2,39,-,2,1,-,6,-,40,5,3,1,3,-,6,-,-,108
,"FWA 278 S",369,289,1000,-,31,2,4,219,14,478,236,184,23,8,20,111,19,2,2640
,GERAETETRAEGER,209,49,216,-,-,-,-,22,1,22,17,15,1,1,-,5,-,1,350
,,219,481,1980,-,5,-,2,174,3,148,128,103,7,11,3,36,28,1,3110
,,247,753,2251,-,10,-,1,304,4,273,248,137,18,13,8,63,23,-,4106
,,250,629,1988,-,12,-,2,296,-,226,229,110,13,8,1,30,17,1,3562
,,267,208,594,1,5,-,3,117,-,146,188,54,5,1,5,13,7,2,1349
,,268,556,1880,-,4,-,1,215,-,101,111,54,6,7,1,34,8,-,2978
,,297,282,1101,1,5,-,-,165,1,148,144,124,8,6,3,43,7,1,2039
,,398,130,445,-,1,1,1,89,4,97,82,66,6,4,7,26,5,-,964
,,406,91,260,-,1,-,-,43,-,34,31,38,1,-,-,2,3,-,504
,,433,110,368,1,3,-,-,70,-,28,25,71,2,-,-,13,2,-,693
,,478,24,78,1,-,-,-,13,1,10,16,17,1,1,2,3,2,-,169
,GT/GERAETETRAEGER,343,1561,4254,-,13,1,2,591,7,323,389,238,12,17,10,108,12,8,7546
,KOMPAKT/GERAETETR,426,76,299,-,-,-,-,18,1,22,9,11,1,2,4,3,1,-,447
,,434,43,222,1,-,-,-,13,-,6,2,9,-,-,-,1,1,-,298
,KOMPAKT/GERAETETR.,479,16,90,-,-,-,-,10,-,13,4,4,-,-,-,1,-,-,138
,"XYLON 524/GERAETETRAEGER",257,15,34,-,4,-,1,10,2,16,13,10,-,2,-,6,2,-,115
,,568,14,35,-,2,1,-,4,1,21,5,8,1,2,4,7,-,-,105
,"SONSTIGE/NICHT GETYPT",,14707,45719,23,967,45,99,3830,920,11885,7409,4282,571,1309,782,3089,1312,7,96956
"FENDT,XAVER ZUSAMMEN",,,55193,148567,78,3617,167,448,19548,3177,42683,26824,20082,1632,3832,3020,12223,4255,72,345418
"FIAT TRATTORI (I)","100-90 DT",216,14,27,-,-,-,-,13,-,10,28,5,-,-,-,7,1,-,105
,,291,11,25,-,1,-,-,14,1,32,19,7,1,-,-,7,-,-,118
,"110-90 DT",225,15,29,-,1,-,2,9,1,32,20,7,2,-,-,7,-,-,125
,"45-66 DT",298,90,50,-,1,-,-,20,-,16,9,2,1,1,-,3,2,-,195
,"45-66 S DT",214,62,41,-,1,-,-,14,-,3,11,1,-,4,1,1,6,-,145
,"466 DT",272,30,44,-,-,-,-,14,-,7,20,1,-,-,1,-,2,-,119
,500,224,36,47,-,-,-,-,12,-,7,31,8,3,1,1,6,3,1,156
,,235,53,75,-,-,-,-,29,1,21,29,27,2,-,2,2,2,-,243
,"500 DT",230,48,73,-,1,-,-,18,-,21,20,2,1,1,-,1,2,-,188
,"540 DT S",240,38,100,-,-,-,-,19,1,37,53,14,2,-,-,6,3,-,273
,"540 S",239,52,80,-,2,-,-,24,1,28,31,13,2,1,3,7,-,-,244
,"55-66 DT",295,42,43,-,-,-,-,16,-,10,27,9,1,1,-,2,3,-,154
,"566 DT",274,22,72,-,-,-,-,17,-,14,22,4,1,1,-,1,2,-,156
,"60-66 DT",292,40,35,-,-,-,-,16,-,10,35,3,-,-,-,2,-,-,141
,640,241,34,87,-,1,-,-,24,-,66,67,22,7,3,3,29,1,-,344
,"640 DT",242,34,135,-,1,-,-,34,-,60,71,22,3,1,6,19,5,-,391
,"65-90 DT",221,45,32,-,1,-,-,6,1,11,16,4,-,-,1,2,3,-,122
,"666 DT",275,39,69,-,1,-,-,16,-,16,26,11,3,2,1,2,2,-,188
,"70-90 DT",204,32,64,-,-,-,-,24,1,60,41,10,1,2,1,11,1,-,248
,,287,56,156,-,1,-,1,24,2,62,45,11,-,1,1,22,1,-,383
,"780 DT",226,16,77,-,2,1,-,11,-,32,28,9,4,2,2,8,1,-,193
,"780 DT-1",265,11,50,-,-,-,-,7,-,24,21,9,1,1,-,7,1,-,132
,"80-90 DT",205,68,155,-,-,-,1,49,-,68,56,17,1,4,2,21,4,-,446
,,289,59,139,-,-,-,-,42,1,50,55,13,1,3,3,21,2,1,390
,"90-90 DT",215,16,32,-,1,-,-,15,1,20,16,7,-,-,-,5,2,-,115
,DTS,200,199,113,-,-,-,3,27,2,18,27,3,-,6,2,7,4,-,411
,,207,115,94,-,2,-,-,37,4,25,55,12,1,9,2,3,7,-,366
,"FIATAGRI 65-94 DT",222,50,49,-,-,-,-,8,-,3,9,1,-,1,-,-,3,-,124
,"FIATAGRI 88-94 DT",219,43,77,-,1,-,-,12,-,34,26,2,-,5,-,4,5,-,209
,"FIATAGRI,FORD TN 55 S,TN",250,45,57,-,3,-,-,19,1,8,7,1,-,2,2,1,4,-,150
,"FIATAGRI,FORD TN 65 D,TN",252,21,39,-,1,-,-,14,-,13,19,4,-,2,3,-,1,-,117
,"FIATAGRI,FORD TN 75 D;TN",254,59,112,-,5,1,-,21,2,20,41,11,-,2,1,4,4,-,283
,H,249,32,123,-,1,-,-,33,2,47,38,10,4,2,3,12,3,-,310
,,263,17,71,-,-,-,-,21,-,28,28,16,-,-,1,11,3,-,196
,"L 75 DT/L 75",222,18,43,-,-,-,-,12,-,17,21,3,-,-,1,3,1,-,119
,"L 85 DT",223,54,78,-,6,-,-,27,2,36,46,17,1,5,2,11,4,-,289
,"L 95 DT",224,42,68,-,2,-,1,26,2,26,8,5,-,2,3,5,3,-,193
,S,201,81,32,-,1,1,-,7,-,4,13,11,-,1,-,2,-,-,153
,"TL 100",262,107,334,-,4,-,-,55,4,73,70,16,2,13,8,15,1,-,702
,"TL 80",258,22,34,-,1,-,2,15,1,17,13,6,-,2,-,14,1,-,128
,"TL 90",260,70,139,-,1,-,1,23,5,45,59,7,-,6,2,42,6,1,407
,"TN 70 D",280,21,52,-,1,-,-,6,1,9,13,4,-,2,2,2,1,-,114
,"TN 75 V",268,50,8,-,-,-,-,1,-,4,1,39,-,-,1,1,-,-,105
,"SONSTIGE/NICHT GETYPT",,2868,4848,3,74,1,6,825,43,1308,1456,781,65,190,89,283,145,4,12989
"FIAT TRATTORI (I) ZUSAMMEN",,,4877,8108,3,118,4,17,1676,80,2452,2747,1187,110,279,150,619,245,7,22679
"FORD (AUS)",Ranger,AAB,753,923,46,331,13,31,436,260,620,912,434,86,489,375,258,341,2,6310
,,AAC,3790,5123,213,997,53,168,2032,686,2646,4631,1870,454,1421,824,1041,978,24,26951
,,AAE,21,20,1,11,-,3,13,5,18,13,7,4,4,8,9,13,-,150
,,AAG,613,994,77,354,20,28,419,251,699,983,372,69,560,358,242,380,6,6425
,,AAI,35,61,10,20,1,5,29,7,33,62,36,3,43,20,17,27,-,409
,,AAL,730,1096,212,275,21,76,546,231,893,1347,508,72,467,317,274,376,33,7474
,,AAM,24,59,3,19,-,5,21,7,46,75,23,3,24,16,14,18,-,357
,,AAN,2573,3571,226,604,57,164,1417,473,1991,3972,1275,316,779,561,781,605,21,19386
,,AAO,122,185,5,26,6,9,72,18,116,215,51,20,51,18,38,27,-,979
,,AAP,156,228,19,31,5,19,81,19,111,229,89,23,45,26,47,32,-,1160
,,AAQ,366,555,44,80,15,26,441,61,336,630,200,46,107,70,144,93,1,3215
,,AAR,16,14,-,8,-,-,15,6,13,20,5,2,5,2,6,7,-,119
,"SONSTIGE/NICHT GETYPT",,151,215,19,69,2,12,135,39,157,350,126,19,121,93,83,133,43,1767
"FORD (AUS) ZUSAMMEN",,,9350,13044,875,2825,193,546,5657,2063,7679,13439,4996,1117,4116,2688,2954,3030,130,74702
"FORD (D)",COURIER,262,14,7,5,7,-,-,6,-,5,25,3,2,15,7,1,4,-,101
,Fiesta,AMQ,13,18,2,6,-,3,6,3,12,19,4,5,10,6,7,5,-,119
,,AVN,12,16,5,2,-,-,9,3,7,35,7,2,10,4,6,3,-,121
,MKD**-L,BOS,44,40,9,3,5,6,36,-,44,44,25,3,10,8,10,3,-,290
,RANGER,006,203,237,10,110,4,6,109,54,184,225,124,25,122,75,68,75,-,1631
,,AJT,254,292,11,121,3,8,143,78,245,338,138,23,141,84,79,97,1,2056
,,AMI,68,74,2,29,1,4,30,8,39,99,32,7,18,15,23,13,-,462
,,AXG,137,233,7,69,2,9,105,43,135,195,91,19,95,55,62,67,-,1324
,,AXH,44,54,2,11,1,4,26,5,34,54,28,4,16,10,13,10,-,316
,"Tourneo Custom,Transit Cu",BFR,4,42,-,5,1,-,9,4,6,27,1,-,5,9,3,3,-,119
,,BMX,14,38,2,12,-,1,22,12,19,46,17,2,19,19,2,3,-,228
,Transit,BHK,15,14,1,1,1,-,7,2,11,23,6,1,8,6,6,3,-,105
,,BHM,3,10,2,2,-,1,5,1,8,86,1,2,2,5,2,-,-,130
,,BHN,48,84,8,22,-,1,34,10,39,275,29,2,23,28,15,18,-,636
,,BHO,560,774,57,136,32,47,227,81,457,893,208,74,196,128,118,117,3,4108
,,BHP,46,72,4,19,1,2,17,11,20,32,18,4,18,5,6,10,1,286
,,BHQ,798,900,125,185,41,126,401,188,697,1643,361,75,273,170,366,100,-,6449
,,BHR,11,31,2,11,1,-,4,2,6,16,1,2,17,3,8,4,-,119
,,BHS,203,201,68,57,18,29,88,34,218,540,80,8,72,39,75,20,-,1750
,,BIA,8,13,5,5,-,1,9,3,18,19,7,2,12,7,-,1,-,110
,,BID,115,162,9,38,3,5,79,14,107,207,65,20,50,31,38,21,-,964
,,BIE,12,34,1,5,-,-,14,2,10,16,4,-,11,3,1,5,-,118
,,BIF,219,306,30,63,6,16,147,22,193,419,133,40,95,69,50,38,-,1846
,,BIG,19,19,1,5,-,1,15,-,14,11,7,2,4,2,3,-,-,103
,,BIH,74,120,22,29,5,18,48,11,67,143,18,8,46,33,26,11,-,679
,,BNA,117,157,14,29,13,14,78,15,181,274,57,7,46,21,32,14,-,1069
,,BNB,1172,1407,160,365,49,93,861,136,1085,2148,637,160,366,316,227,190,-,9372
,,BNC,37,63,13,11,1,1,76,7,68,47,33,3,20,24,3,9,-,416
,,BND,461,681,59,149,18,24,360,47,417,709,295,74,194,93,97,94,-,3772
,,BNE,36,101,5,9,-,-,33,4,53,65,22,1,33,9,5,11,-,387
,,BNF,538,661,339,186,63,103,569,132,563,1810,344,74,202,106,224,55,-,5969
,,BNG,4226,5437,1192,954,315,735,3780,658,4238,9365,2243,438,1107,769,1632,488,-,37577
,,BNH,72,94,1,11,-,1,107,4,17,103,31,1,31,19,2,14,-,508
,,BNI,1937,2725,170,398,58,132,981,248,1582,2834,847,207,660,338,434,319,1,13871
,,BNJ,221,308,16,53,1,6,80,32,79,164,58,6,87,29,27,33,-,1200
,,BNN,18,20,1,13,-,2,7,1,34,51,3,2,6,8,6,5,-,177
,,BNQ,23,59,-,6,-,-,27,8,33,47,24,1,7,9,4,7,1,256
,,BNR,26,47,-,2,-,-,6,1,11,37,7,7,3,7,1,4,-,159
,,BNU,35,55,23,12,3,2,37,5,30,66,23,5,24,18,12,5,-,355
,,BSA,257,391,42,80,18,14,254,59,228,411,114,20,96,69,75,61,3,2192
,,BSB,183,224,59,46,33,33,136,29,184,520,75,14,40,26,63,20,-,1685
,,BSJ,15,42,6,6,-,-,13,3,20,170,13,8,6,9,2,5,-,318
,,BSR,22,28,1,10,-,-,18,4,9,26,18,1,7,2,2,6,-,154
,,BSU,102,94,11,13,-,29,67,19,70,186,32,11,22,22,27,15,-,720
,,BSV,40,49,4,7,1,6,21,5,30,58,12,7,18,9,4,5,-,276
,,BTK,32,45,4,7,1,4,31,4,16,42,16,2,11,12,4,3,-,234
,,BWK,30,30,6,11,-,5,27,1,15,83,76,3,8,2,3,4,-,304
,,BWL,134,476,24,13,10,143,101,14,182,378,49,11,45,21,44,18,-,1663
,,BXV,6,6,1,3,-,-,-,-,6,34,58,-,1,2,1,-,-,118
,"TRANSIT 100 L,160,190",124,18,22,6,3,1,1,9,3,11,27,3,1,3,5,-,3,-,116
,"TRANSIT 100L,130,160,190",188,13,12,3,5,-,4,4,2,12,31,5,1,11,4,7,4,-,118
,"TRANSIT CONNECT T200S",099,65,62,11,43,2,17,48,23,122,124,45,21,58,32,32,22,-,727
,,100,37,29,6,10,-,1,22,11,45,77,23,8,25,11,12,8,-,325
,"TRANSIT CONNECT T220L",102,21,46,2,12,1,9,14,8,35,56,24,5,16,6,18,10,-,283
,"TRANSIT CONNECT T230L",103,48,44,5,13,-,8,27,3,67,98,30,7,14,10,20,12,-,406
,"Transit Connect,Tourneo C",BHA,730,765,261,224,61,179,463,102,457,1535,259,60,340,133,236,134,1,5940
,,BHB,245,294,15,69,16,23,135,64,174,344,133,19,125,73,52,82,-,1863
,,BHC,442,451,47,177,32,82,227,94,407,886,230,36,215,131,137,95,1,3690
,,BHD,128,166,30,63,14,29,76,65,160,391,75,25,78,60,103,35,-,1498
,,BML,162,194,101,95,37,97,190,103,238,566,119,43,186,111,185,59,-,2486
,,BMM,1063,1063,369,300,75,210,772,157,1011,2243,527,109,428,243,303,182,2,9057
,,BMN,1551,1792,917,330,74,232,873,255,972,3079,816,137,614,321,408,400,2,12773
,,BUU,787,891,499,179,63,212,608,89,1312,1891,298,89,514,168,356,147,-,8103
,"Transit Connect;Transit/T",ADZ,238,201,49,70,17,43,123,75,280,537,103,25,134,100,121,62,-,2178
,,AEB,168,166,19,40,8,18,84,34,132,301,86,23,57,39,62,38,1,1276
,,AEC,84,51,17,22,10,15,25,21,104,166,39,5,37,23,35,11,-,665
,,AEE,212,156,43,57,11,28,94,30,193,372,84,26,51,33,61,34,2,1487
,"Transit Courier",BII,1073,1241,319,351,81,125,660,157,712,2111,556,136,558,211,316,258,-,8865
,,BIJ,114,89,9,27,4,11,63,26,47,158,46,25,55,29,29,24,-,756
,,BIK,441,707,150,196,54,147,382,183,673,1500,229,66,302,226,341,128,-,5725
,,BLM,92,100,14,22,6,6,54,20,63,141,43,17,32,32,20,17,-,679
,,BQD,281,356,108,60,9,35,188,47,178,549,140,49,120,76,53,55,-,2304
,"Transit Custom",BGA,373,580,60,149,15,25,251,81,319,703,153,41,188,96,119,141,4,3298
,,BGB,1109,1701,170,360,64,180,741,254,1088,2043,560,110,535,263,393,258,-,9829
,,BGC,1803,2206,281,344,176,309,951,324,1804,4798,877,160,560,308,745,203,2,15851
,,BMT,2734,3467,572,544,335,748,2238,392,2515,8901,1195,204,765,391,1082,298,-,26381
,,BMU,5406,7745,1978,1170,318,1390,4911,727,4268,11620,2073,397,1657,1118,1945,868,5,47596
,,BMV,1261,1795,277,331,70,111,692,165,781,2132,463,109,483,251,301,294,9,9525
,,BSD,122,216,41,71,8,26,100,25,119,389,98,17,72,41,62,51,-,1458
,,BSF,1027,1225,419,201,87,335,872,142,925,3470,589,65,321,143,389,109,-,10319
,,BSG,60,69,17,14,8,22,50,16,58,154,31,7,31,9,16,15,-,577
,,BSH,17,22,2,5,-,2,20,2,11,29,3,3,16,2,5,3,-,142
,,BTU,53,42,33,1,6,7,46,8,25,130,25,7,10,8,8,9,-,418
,,CAJ,51,63,4,8,-,10,16,4,13,51,8,1,12,1,7,8,-,257
,,CAK,76,79,12,14,-,12,39,10,21,59,29,-,23,3,13,9,-,399
,"TRANSIT FT 260,280,300,23",036,28,32,9,15,3,6,21,4,48,68,18,1,9,9,8,8,-,287
,"TRANSIT FT 300 L",041,25,21,11,4,2,5,15,2,19,33,5,2,17,9,6,3,-,179
,,077,6,4,2,5,-,7,6,4,10,32,5,2,11,5,3,4,-,106
,,089,22,23,2,3,1,5,12,1,16,54,9,3,11,3,7,1,-,173
,"TRANSIT,TOURNEO",037,34,29,7,8,2,3,18,3,31,49,10,2,10,1,7,5,-,219
,,075,103,87,20,27,9,29,53,9,119,244,53,10,31,20,28,17,-,859
,Transit/Tourneo,AGT,124,67,25,11,8,6,65,10,76,205,39,9,18,25,21,6,-,715
,,AGU,1360,1265,285,260,142,182,681,174,1123,3324,523,118,377,219,453,129,1,10616
,,AGV,80,88,32,26,6,13,48,6,62,157,32,9,13,11,23,9,-,615
,,AGW,13,24,7,8,-,2,11,4,20,34,14,-,17,7,4,5,-,170
,,AGX,47,45,10,13,2,3,26,4,17,47,29,1,18,7,6,11,-,286
,,AHB,107,91,19,28,3,6,50,20,59,190,38,9,36,26,13,11,-,706
,,AHC,54,49,17,13,4,6,26,12,47,124,18,3,22,10,10,3,-,418
,,AHE,41,31,15,19,14,7,16,6,47,116,14,1,32,7,20,4,1,391
,,AHF,65,56,19,23,11,7,32,8,52,142,35,2,33,22,18,16,-,541
,,AHH,49,58,9,19,8,3,20,11,46,130,30,4,20,8,8,7,-,430
,,AHI,16,16,5,11,2,4,13,3,25,66,4,3,10,1,10,2,-,191
,,AHP,198,179,46,74,24,25,89,36,167,458,76,12,74,38,51,27,-,1574
,,AHQ,102,98,30,30,7,9,48,7,72,152,35,9,25,24,13,7,-,668
,,AHS,24,14,2,10,3,3,15,3,30,48,7,1,14,8,6,2,-,190
,,AHY,31,22,6,6,1,1,9,1,17,48,9,1,6,2,8,3,-,171
,,AHZ,66,46,10,12,3,10,22,4,33,78,22,4,11,10,8,2,-,341
,,AIA,33,24,16,12,3,4,12,4,24,68,11,4,11,11,9,3,-,249
,,AID,23,18,4,4,3,1,20,2,14,35,17,1,4,6,5,6,-,163
,,AIE,23,18,4,4,1,-,9,-,13,37,12,1,7,3,4,-,1,137
,,AIL,38,28,7,6,1,-,15,2,24,43,5,3,5,10,3,5,-,195
,,AIS,22,21,4,2,1,-,6,1,18,29,10,3,4,1,2,2,-,126
,,AIZ,17,24,3,4,2,1,11,1,8,23,9,1,4,2,2,4,-,116
,,AJA,9,8,1,6,2,-,5,1,7,36,4,3,9,4,4,1,-,100
,,AJG,27,31,3,8,2,1,14,1,9,41,12,3,6,8,5,6,-,177
,,AJH,56,47,4,17,2,4,27,9,53,95,17,5,24,15,10,9,-,394
,,AMV,77,77,18,23,5,7,48,10,57,151,21,10,28,22,16,8,-,578
,,AMW,110,119,24,28,9,10,62,23,82,214,48,5,41,26,22,15,-,838
,,AMY,18,41,-,2,-,-,5,2,8,30,1,2,7,1,3,5,-,125
,,AMZ,35,91,-,12,-,-,8,4,18,24,13,6,8,12,7,10,-,248
,,ANI,78,110,14,22,4,6,35,12,70,123,33,11,22,11,17,11,-,579
,,AOY,287,262,36,90,18,19,127,36,175,421,106,16,116,43,65,19,-,1836
,,AOZ,33,35,1,7,4,1,16,3,15,44,16,2,22,5,10,3,-,217
,,APA,259,201,68,55,18,23,100,38,226,458,81,16,98,62,59,28,1,1791
,,APD,326,323,62,100,9,41,172,53,197,525,125,15,106,78,86,40,-,2258
,,APL,17,33,1,6,-,2,12,2,20,42,10,4,6,2,5,1,-,163
,,APQ,45,42,2,4,1,3,19,6,34,41,13,2,16,21,2,5,1,257
,,ARF,49,83,11,15,5,9,37,13,43,102,21,9,24,13,19,8,-,461
,,ARG,19,30,12,6,4,1,39,1,12,23,14,-,6,4,6,2,-,179
,,ASR,85,111,6,16,7,5,34,17,52,111,37,7,25,18,12,12,-,555
,,AST,165,207,14,35,10,13,67,31,125,268,42,17,59,29,32,23,-,1137
,,AXR,31,40,15,4,1,5,11,3,21,77,9,2,10,1,4,3,-,237
,,AXS,25,12,3,2,-,3,10,2,19,38,8,2,7,1,3,1,-,136
,,AXU,14,15,4,7,4,1,1,4,21,44,10,1,10,7,2,4,-,149
,,AYT,81,114,22,18,5,21,62,19,76,204,32,2,28,9,36,4,-,733
,,AZO,33,36,2,10,-,2,20,2,29,35,9,-,13,10,4,14,-,219
,,AZP,33,42,7,13,4,9,15,12,44,49,9,1,40,16,14,9,-,317
,,AZX,36,45,4,5,-,4,17,2,11,34,13,-,14,12,3,5,-,205
,,AZY,12,10,2,6,-,-,9,3,12,21,6,-,11,6,6,1,-,105
,,BAM,209,233,39,72,17,29,104,37,216,446,75,18,89,53,69,27,-,1733
,,BAN,58,51,21,25,10,13,37,14,85,164,15,9,21,15,22,3,-,563
,,BAO,161,181,17,31,8,9,104,27,84,234,50,8,43,27,33,29,1,1047
,,BAP,988,1063,124,131,52,129,431,129,671,2114,337,62,234,138,329,111,-,7043
,,BAR,34,40,1,10,1,-,16,2,17,31,12,-,12,5,11,4,-,196
,,BAS,233,243,17,49,5,23,118,26,129,311,66,7,77,40,37,24,1,1406
,,BAT,282,363,35,50,25,29,130,30,234,585,81,24,92,46,79,31,1,2117
,,BBD,28,45,3,3,2,4,10,7,25,50,6,3,3,-,7,2,1,199
,,BBJ,38,39,4,10,1,3,15,7,29,68,16,5,19,10,7,9,-,280
,,BBK,39,41,8,9,4,5,25,4,25,106,26,2,19,11,6,8,-,338
,,BBN,6,16,1,3,-,1,3,1,7,101,10,-,1,7,5,-,1,163
,,BBR,47,48,7,7,2,3,16,8,45,67,22,7,19,3,8,4,-,313
,,BBS,41,31,9,6,1,3,11,7,14,57,5,5,8,3,3,8,-,212
,,BCK,29,16,-,2,1,1,23,2,24,27,6,3,7,5,3,2,-,151
,,BCR,20,28,-,5,1,-,15,5,15,20,8,-,4,6,4,5,-,136
,,BCS,63,100,4,17,-,2,41,5,81,138,44,20,30,23,12,9,-,589
,,BCZ,23,28,1,12,-,-,8,1,15,26,7,-,8,2,2,1,-,134
,,BDA,5,6,2,4,-,1,4,1,16,53,4,1,8,5,-,7,-,117
,,BDI,16,18,-,2,-,-,10,3,10,29,10,1,-,4,2,5,-,110
,,BDQ,12,27,-,4,-,-,4,1,13,16,5,1,9,3,6,4,-,105
,TRANSIT/TOURNEO,008,15,9,3,5,1,1,4,8,7,23,9,-,3,6,4,3,-,101
,,039,28,26,7,8,1,1,16,3,23,60,10,4,14,9,7,1,-,218
,,058,5,9,4,6,1,2,7,2,12,18,3,2,3,6,4,2,31,117
,,060,8,10,2,6,1,2,5,3,9,11,5,5,9,5,5,-,22,108
,,076,19,15,11,9,1,6,11,3,28,41,10,1,12,6,5,4,-,182
,"Transit/Tourneo Connect",AJQ,41,45,4,6,-,3,19,2,23,58,18,5,11,6,5,6,-,252
,,AJR,38,30,3,6,2,-,19,6,14,29,12,6,10,5,7,6,-,193
,,ASI,66,53,12,14,6,7,22,13,60,122,34,2,26,17,27,9,-,490
,,ASJ,243,241,30,52,13,28,141,40,206,411,129,18,97,47,71,34,-,1801
,,ASK,94,71,5,14,11,7,53,12,66,100,41,6,37,9,9,16,-,551
,,ASO,234,225,35,82,25,28,128,69,240,492,119,40,152,86,121,54,-,2130
,,ASP,201,212,16,53,7,24,88,32,176,295,117,21,58,58,44,43,2,1447
,,ASQ,28,29,2,8,-,2,15,4,23,54,20,3,23,7,7,5,-,230
,"SONSTIGE/NICHT GETYPT",,4271,5750,871,1528,158,403,2677,631,2959,11065,2292,483,1822,1287,1180,886,427,38690
"FORD (D) ZUSAMMEN",,,47117,59084,11667,12350,3109,7651,32005,7545,40372,103427,21935,4581,17560,10373,15260,8013,531,402580
"FORD (USA)",2000,260,270,557,-,22,-,-,86,10,67,72,66,10,23,17,12,42,-,1254
,"2000 S",266,139,271,-,7,1,1,82,3,71,98,43,11,16,10,9,26,-,788
,3000,262,81,110,-,5,-,-,30,5,34,22,40,4,7,2,5,13,-,358
,,264,74,190,-,4,-,-,63,1,55,59,24,7,11,7,15,17,-,527
,4000,261,14,29,-,1,-,-,19,1,13,6,9,2,2,1,5,2,-,104
,,267,35,85,-,3,-,-,37,2,35,34,15,3,-,2,11,3,-,265
,5000,268,15,56,-,2,-,-,17,-,26,21,6,-,-,1,18,1,-,163
,"FORDSON DEXTA SPEZIAL",232,392,285,1,11,-,-,214,8,173,101,141,19,14,20,48,37,-,1464
,"FORDSON SUPER DEXTA",236,84,133,-,4,-,-,68,2,53,44,36,10,3,9,23,17,-,486
,"FORDSON SUPER MAJOR",240,9,38,-,-,-,-,19,1,38,31,7,-,-,1,12,1,1,158
,"TRANSIT 1300",033,16,23,-,11,-,1,7,2,19,10,6,-,8,2,4,9,-,118
,"SONSTIGE/NICHT GETYPT",,1734,2529,225,694,42,117,921,311,1450,1891,709,149,519,342,583,442,7,12665
"FORD (USA) ZUSAMMEN",,,2863,4306,226,764,43,119,1563,346,2034,2389,1102,215,603,414,745,610,8,18350
"GENERAL MOTORS (USA)","SONSTIGE/NICHT GETYPT",,933,1266,156,491,30,104,559,174,801,1319,396,79,363,239,372,235,5,7522
"GENERAL MOTORS (USA) ZUSAMMEN",,,933,1266,156,491,30,104,559,174,801,1319,396,79,363,239,372,235,5,7522
GUELDNER,"A 2 KS",203,276,158,-,23,-,3,126,-,70,103,52,17,9,8,9,37,1,892
,"A 3 KA",221,103,176,-,9,-,-,55,4,29,22,36,6,4,5,10,31,1,491
,ABN,219,15,31,-,1,-,-,16,-,13,12,9,1,1,-,3,2,1,105
,ADN,217,200,205,-,3,-,-,54,2,21,21,68,6,2,2,5,4,-,593
,"AF 15 C",216,74,150,-,2,-,-,30,1,9,17,29,-,4,1,1,1,-,319
,AK,209,114,122,-,2,-,3,42,1,29,26,16,5,-,-,5,8,1,374
,AL,236,39,46,-,5,-,-,20,1,13,6,6,4,3,1,1,5,-,150
,ALD,214,52,60,-,1,-,-,19,-,16,20,16,-,1,-,1,2,-,188
,ALK,213,35,34,-,1,-,-,6,1,6,5,7,-,2,-,2,2,-,101
,AZK,212,124,87,-,1,-,-,27,1,11,16,31,3,2,1,1,6,-,311
,"G 25",241,228,398,-,9,-,1,181,4,88,95,69,11,7,11,15,38,-,1155
,"G 25 S",242,145,165,-,4,-,-,56,2,30,40,34,5,5,3,11,19,-,519
,"G 30",239,72,153,-,6,-,-,49,3,36,33,28,5,3,5,11,17,1,422
,,257,203,398,-,10,-,-,136,7,138,81,61,10,5,12,16,40,2,1119
,"G 30 S",240,157,224,-,4,-,3,48,3,75,65,48,5,9,10,20,14,1,686
,,258,291,286,1,10,2,1,70,6,90,81,67,5,5,5,24,19,-,963
,"G 35",267,95,187,-,2,-,-,84,3,54,45,48,10,4,4,11,11,-,558
,"G 35 AS",269,43,59,-,-,-,-,8,1,11,12,12,-,1,1,2,2,-,152
,"G 35 S",270,164,198,-,2,-,-,37,1,30,34,35,3,1,4,6,5,1,521
,"G 40",237,22,61,-,4,-,-,27,1,51,30,9,2,2,4,13,15,-,241
,,250,28,114,-,7,-,-,43,3,82,48,13,3,7,7,8,11,-,374
,"G 40 A",245,22,43,-,-,-,-,10,-,21,16,5,1,-,1,6,1,-,126
,"G 40 AS",252,45,70,-,1,-,-,14,-,15,21,11,2,-,1,-,-,-,180
,"G 40 S",238,66,178,-,5,-,-,47,4,63,50,29,5,3,4,21,8,-,483
,,251,92,252,-,9,1,-,37,1,79,82,36,5,6,6,25,18,1,650
,"G 45",259,55,111,-,1,-,1,39,4,49,36,18,2,3,5,9,10,-,343
,"G 45 A",260,23,44,-,1,-,-,22,1,33,15,4,2,-,1,5,1,-,152
,"G 45 AS",262,79,85,-,-,-,-,18,-,29,21,10,-,-,2,9,-,-,253
,"G 45 S",261,132,223,-,5,-,1,53,1,73,45,66,13,3,2,26,6,-,649
,"G 50 A",254,21,35,-,-,-,1,5,-,13,18,4,2,-,-,4,-,-,103
,"G 50 S",255,10,46,-,-,-,1,14,1,18,16,4,2,-,-,3,1,-,116
,"SONSTIGE/NICHT GETYPT",,2029,2893,4,203,8,15,863,113,1287,1193,733,164,212,172,303,378,9,10579
"GUELDNER ZUSAMMEN",,,5054,7292,5,331,11,30,2256,170,2582,2325,1614,299,304,278,586,712,19,23868
"HOLDER, METZINGEN","A 12",203,139,53,-,2,-,1,44,3,17,52,172,18,3,1,3,2,2,512
,"A 15",213,35,13,-,1,-,1,28,-,5,20,53,6,-,3,3,3,-,171
,"A 16",227,27,26,-,1,-,-,22,3,22,21,23,1,-,1,3,1,-,151
,"A 20",220,27,37,-,-,-,1,6,-,4,14,8,1,1,-,5,2,-,106
,"A 21 S",221,54,16,-,-,-,-,7,-,4,11,20,1,2,-,1,2,-,118
,"A 30",216,83,40,-,1,-,-,24,-,12,30,57,4,3,-,2,4,-,260
,,228,124,36,-,2,-,2,26,1,18,24,81,6,4,2,3,8,-,337
,"A 45",217,101,58,-,1,-,-,11,-,7,15,23,1,5,2,1,2,-,227
,,226,137,56,-,3,-,3,15,2,6,19,37,4,2,1,2,6,-,293
,"A 50",236,318,59,-,3,-,1,23,1,15,20,93,5,2,1,1,5,-,547
,"A 55",218,21,37,-,-,1,-,13,1,8,12,7,2,-,-,7,1,-,110
,"A 550,S",245,307,19,-,-,-,1,11,-,5,7,47,2,2,1,2,1,-,405
,"A 62,C 62",234,47,37,1,3,-,-,13,-,17,27,13,3,-,2,6,1,-,170
,"A 760 P,C 760",267,122,12,1,-,-,-,1,-,1,1,20,-,-,-,1,-,-,159
,"A-TRAC 5.58,5.58 C",293,84,9,-,-,-,2,2,-,1,1,7,-,-,-,-,-,-,106
,"AG 3",207,226,81,1,3,-,2,27,-,15,24,76,3,4,1,2,2,-,467
,,209,108,20,-,-,-,-,8,3,5,14,28,-,-,2,-,2,-,190
,"AG 35",211,35,48,-,-,-,-,13,-,3,22,5,1,-,-,4,2,-,133
,"AM 2",206,203,92,-,2,-,3,56,3,25,56,161,12,5,2,6,11,-,637
,,208,110,36,-,1,-,-,35,2,6,34,102,3,-,2,4,7,-,342
,"B 12",201,920,154,1,19,-,1,156,11,109,296,158,44,19,13,28,29,-,1958
,"B 25",210,46,10,-,1,-,-,2,-,10,20,8,1,1,-,4,-,-,103
,B250;C250;C350...,AAR,110,97,6,7,-,4,77,2,19,42,14,1,13,-,19,2,-,413
,B270;C270;C370...,AAS,94,117,-,3,-,-,20,-,20,43,14,2,7,1,8,4,-,333
,"C-TRAC 3.42",278,33,27,-,2,-,3,8,1,9,10,8,1,3,-,6,2,-,113
,"MULTIPARK,SUMMERPARKC240",275,105,75,2,3,-,5,25,-,12,21,7,-,8,2,10,3,-,278
,"P 20",249,42,7,2,4,-,10,12,4,22,15,8,1,-,-,10,2,-,139
,"P 70",248,36,22,1,-,-,1,7,1,8,20,13,2,-,1,7,-,-,119
,"SONSTIGE/NICHT GETYPT",,3648,1898,27,77,8,70,557,59,716,1117,926,115,179,80,217,145,1,9840
"HOLDER, METZINGEN ZUSAMMEN",,,7342,3192,42,139,9,111,1249,97,1121,2008,2189,240,263,118,365,249,3,18737
"HYUNDAI MOTOR (ROK)","H-1,STAREX,GRAND STAREX",ADP,16,28,5,12,-,-,20,10,9,40,10,5,19,7,3,11,-,195
,,ADS,12,30,15,12,1,3,22,11,16,40,18,3,18,10,7,4,-,222
,,AEQ,31,44,12,28,2,6,38,23,29,70,30,8,26,18,19,27,-,411
,,AER,44,60,17,43,5,2,50,42,40,101,45,18,69,24,14,30,-,604
,,AES,70,101,19,58,3,5,79,28,73,151,43,17,44,31,16,54,-,792
,H-1;TQ,ACY,39,56,12,25,3,1,29,26,26,78,19,6,27,15,17,11,-,390
,H350,AGT,112,259,54,92,11,9,141,111,245,341,141,49,120,54,36,114,-,1889
,,AGU,81,163,15,45,9,3,70,59,86,213,113,25,119,39,20,68,-,1128
,"SONSTIGE/NICHT GETYPT",,77,187,28,58,2,7,78,44,108,272,91,22,68,54,30,62,1,1189
"HYUNDAI MOTOR (ROK) ZUSAMMEN",,,482,928,177,373,36,36,527,354,632,1306,510,153,510,252,162,381,1,6820
"INTER HARV.-IHC (D)","1046 AS",204,36,113,-,6,-,2,20,3,87,58,25,6,3,2,46,1,-,408
,"1055,XL",252,37,138,-,1,-,-,25,1,58,55,30,3,3,4,43,-,-,398
,"1056 XL",212,11,9,-,2,-,-,9,3,69,28,6,1,-,-,13,-,-,151
,,215,112,110,-,3,-,1,84,7,191,146,117,9,4,8,27,6,-,825
,,278,19,31,-,-,-,-,7,2,27,12,19,2,-,1,42,1,-,163
,"1246 AS",209,12,44,-,1,-,1,12,1,34,29,11,2,-,1,41,1,-,190
,"1255 XL",280,33,95,-,2,-,1,24,9,99,100,41,4,4,9,79,2,1,503
,"1255,XL",260,9,56,-,2,-,-,25,2,65,35,14,3,3,2,28,4,-,248
,"1455 XL",279,37,107,-,18,-,2,38,36,234,173,55,6,22,26,165,11,-,930
,"1455,XL",262,12,35,-,5,-,-,10,3,34,21,10,-,-,3,23,-,-,156
,2130,245,12,4,-,1,-,-,12,-,1,7,80,4,1,3,-,-,-,125
,383,212,345,444,2,4,-,1,161,3,107,145,171,9,5,4,12,19,2,1434
,423,213,144,107,-,3,-,1,57,3,59,54,59,5,2,7,24,10,-,535
,433,230,2560,2830,3,22,7,2,1004,11,622,819,1011,66,16,13,101,58,5,9150
,,273,39,30,-,5,-,-,8,-,5,10,12,1,1,2,1,1,-,115
,"433 S",257,507,774,-,3,1,1,101,1,34,78,116,1,-,2,8,2,-,1629
,453,214,265,365,-,17,-,1,96,3,176,120,112,5,5,11,37,21,1,1235
,5120,223,95,200,-,10,-,1,36,2,112,67,28,6,8,6,23,5,-,599
,,295,15,32,-,1,-,-,6,1,39,24,4,-,1,1,10,-,-,134
,5130,226,49,132,-,14,1,1,37,6,156,92,40,4,4,13,49,4,-,602
,5140,224,134,281,-,25,1,1,54,15,178,137,70,11,16,15,58,17,-,1013
,,294,18,51,-,3,-,-,13,1,30,21,8,1,2,5,14,4,-,171
,5150,282,86,213,-,33,-,-,56,12,134,105,51,7,28,29,42,40,1,837
,,297,31,92,1,5,-,-,12,3,59,36,23,4,14,4,18,10,-,312
,533,229,1362,1781,-,30,2,2,663,17,714,658,639,57,22,24,236,44,5,6256
,"533 A",231,154,201,-,6,-,-,33,6,57,97,34,6,1,3,11,6,-,615
,"533 AS",258,31,35,-,1,-,-,6,-,12,7,3,-,-,2,2,1,-,100
,"533 S",255,339,433,-,3,-,-,119,3,113,71,59,2,2,-,22,4,-,1170
,"533,540",272,32,37,-,-,-,-,14,1,6,17,16,2,2,-,2,-,-,129
,"554 S",215,99,168,-,9,-,-,56,1,84,61,56,10,2,3,25,7,-,581
,633,232,1622,2033,1,39,3,4,750,15,939,914,793,76,17,23,235,40,3,7507
,"633 A",233,392,691,1,8,1,2,170,10,265,385,175,13,3,11,36,15,2,2180
,"633 AS",254,321,519,1,4,-,3,124,1,118,201,82,6,2,-,17,7,-,1406
,"633 S",253,842,962,-,11,-,-,288,2,170,231,205,12,4,2,49,6,-,2784
,"633,640",270,61,88,-,3,-,-,9,2,25,37,20,1,-,4,6,1,-,257
,,271,137,121,-,3,-,-,32,1,15,27,29,1,4,5,8,1,-,384
,"644 AS",218,113,285,-,6,-,-,63,4,160,111,49,5,5,3,42,13,-,859
,"644 L",237,2,5,-,4,-,-,1,2,48,8,10,-,-,-,37,1,1,119
,"644 S",217,612,1117,-,38,4,4,269,22,730,439,381,37,17,25,267,33,2,3997
,733,263,47,28,-,1,-,-,32,-,39,39,30,3,-,-,9,-,-,228
,"733 A",264,55,77,-,2,-,-,30,2,62,65,25,3,-,1,3,2,-,327
,"733 AS",266,382,684,1,9,1,2,184,4,281,287,202,15,1,7,45,5,1,2111
,"733 S",265,542,672,-,3,1,-,167,4,213,189,179,11,1,2,64,5,2,2055
,"733,740",268,58,64,-,1,-,1,19,4,50,61,16,2,-,4,6,-,-,286
,,269,72,57,-,2,-,-,11,1,29,24,15,1,2,1,14,1,-,230
,"744 AS",220,13,53,-,1,-,1,12,1,37,21,19,4,2,2,14,5,-,185
,,226,162,324,1,7,1,2,86,6,197,153,108,9,8,6,47,11,-,1128
,"744 S",219,31,82,-,4,-,-,34,3,53,34,31,5,1,3,33,6,-,320
,,225,294,398,-,9,-,-,178,5,295,295,180,24,8,6,103,13,1,1809
,"824 S",206,10,26,-,-,-,-,9,1,21,17,1,1,-,-,19,-,-,105
,"833 AS",284,202,255,-,2,2,-,85,2,95,87,71,9,-,2,18,3,-,833
,"833 AV",285,204,407,-,-,-,-,65,1,25,49,41,7,-,1,4,2,-,806
,"833,840",276,52,41,-,1,-,-,13,5,39,48,14,3,2,-,5,2,-,225
,,277,112,192,-,2,-,-,21,-,21,33,23,2,2,2,4,-,-,414
,"844 AS",222,36,132,-,7,-,-,35,1,91,81,29,4,1,2,24,3,-,446
,"844 S",221,52,134,1,5,-,-,45,1,104,131,45,8,5,4,57,5,-,597
,"856 XL,XLN",201,209,323,-,4,-,-,84,3,197,216,134,13,1,4,33,4,1,1226
,,202,24,30,-,5,2,-,18,3,72,82,28,3,2,3,16,-,-,288
,"9025.65 CS68A",345,54,215,-,-,-,-,42,-,16,43,18,1,3,-,8,1,-,401
,940,247,137,200,-,1,-,-,21,-,14,13,20,1,2,-,1,2,-,412
,"946 AS",202,11,44,-,4,-,-,24,1,37,30,9,2,-,2,23,3,-,190
,,224,35,77,-,4,-,-,44,2,88,64,30,2,5,9,41,12,-,413
,"955,XL",247,13,30,-,7,-,2,19,1,49,28,25,4,2,6,22,4,-,212
,,248,50,177,-,4,-,1,52,4,119,79,45,11,7,5,45,8,-,607
,"956 XL",213,12,19,-,-,1,1,22,2,153,94,18,1,2,4,70,-,-,399
,,214,77,183,-,7,-,2,72,5,235,180,103,12,3,5,126,3,-,1013
,956XL,276,47,96,-,1,1,-,31,3,105,94,26,6,2,3,64,2,1,482
,"CASE IH CS 120",357,17,42,-,1,-,-,7,-,36,12,8,1,-,-,2,-,-,126
,"CASE IH CS 130",299,12,43,-,2,-,-,14,-,9,30,11,1,-,1,6,1,-,130
,,358,15,41,-,1,-,-,8,1,14,17,15,-,1,-,6,1,-,120
,"CASE IH CS 150",300,20,55,-,3,1,-,13,4,20,20,18,1,4,1,14,4,-,178
,"CASE IH CS68A",307,32,91,-,1,-,-,19,-,12,30,17,-,1,1,4,-,-,208
,"CASE IH CS75A",308,81,101,-,1,-,-,11,1,9,13,11,1,1,2,1,1,-,234
,"CASE IH CVX 130",366,23,25,-,1,-,1,11,1,23,23,8,-,-,2,5,-,-,123
,"CASE IH CVX 150",367,12,29,-,3,-,-,8,-,25,25,11,-,5,1,11,1,-,131
,"CASE IH CVX 170",368,15,31,-,3,-,-,7,3,26,23,16,-,1,2,13,5,-,145
,"CS 110",364,26,71,-,6,1,-,15,2,46,65,15,-,6,-,26,-,-,279
,"CS 120",361,52,80,-,5,2,1,17,5,72,60,8,1,4,6,18,2,-,333
,"CS 78 A",323,15,49,-,-,-,-,10,1,10,27,9,-,-,-,8,1,-,130
,"CS 86 A",324,99,203,2,4,1,-,34,3,141,103,33,-,4,5,24,2,-,658
,"CS 94 A",325,136,261,-,8,-,-,44,2,61,63,34,1,6,3,27,3,-,649
,CS58A,313,94,105,-,3,-,-,15,-,12,23,5,1,-,1,8,-,-,267
,CS63A,372,45,92,-,1,-,-,15,-,6,22,9,-,1,-,3,2,-,196
,CS75A,356,145,270,-,1,-,-,22,-,22,22,25,3,3,2,3,1,-,519
,"IH CS 78",301,31,82,-,1,1,-,17,-,30,41,11,-,-,2,4,1,-,221
,"IH CS 86",302,64,137,-,2,1,-,25,1,51,56,28,1,4,-,6,2,-,378
,"IH CS 94",303,39,115,-,1,-,-,28,1,15,34,28,1,1,1,13,1,-,278
,"IHC 64 A",286,32,54,-,-,-,-,3,-,7,14,9,-,-,-,2,-,-,121
,"IHC 70 A",287,63,87,-,1,-,1,10,-,8,18,20,-,-,-,1,-,-,209
,"S,XL",210,8,14,-,-,-,-,3,-,38,22,9,1,-,-,28,-,-,123
,,227,145,183,-,4,-,-,76,3,130,134,98,12,3,4,74,1,-,867
,,228,428,978,-,19,-,3,337,15,598,426,396,67,13,20,204,28,2,3534
,,244,10,14,-,4,-,1,7,5,50,9,6,-,2,2,18,2,-,130
,,273,81,163,-,3,1,-,53,3,109,87,49,4,2,1,52,2,1,611
,,274,139,312,-,3,1,-,86,5,199,144,123,5,2,4,54,6,-,1083
,"S,XL,XLN",207,64,111,-,5,1,2,58,9,397,226,86,14,4,7,163,5,-,1152
,,211,31,57,-,1,-,-,38,3,193,133,47,5,-,4,66,2,-,580
,"V 533",208,30,12,-,-,-,12,5,-,14,10,32,-,-,-,5,1,-,121
,XL,209,12,15,-,2,-,-,5,1,38,41,3,-,-,-,4,-,1,122
,,267,79,190,-,7,-,1,49,4,135,79,59,4,2,4,21,-,1,635
,,272,91,119,-,6,1,-,44,4,91,74,58,10,-,6,36,2,-,542
,,283,47,115,-,-,-,2,40,2,80,76,66,4,1,2,23,2,-,460
,"XL,XLN",203,51,129,-,1,-,-,32,-,69,68,28,3,2,1,19,2,-,405
,,205,432,924,-,6,1,4,165,13,424,327,252,15,14,7,119,11,-,2714
,"SONSTIGE/NICHT GETYPT",,8108,19961,5,282,18,23,2024,211,6332,5288,2127,460,538,218,1265,421,5,47286
"INTER HARV.-IHC (D) ZUSAMMEN",,,24554,45150,19,836,59,94,9334,583,18355,16058,9937,1171,910,670,5173,1011,39,133953
"INTER HARV.-IHC (USA)",323,246,641,778,-,55,1,2,318,14,224,257,339,41,39,32,31,89,2,2863
,"323 S",241,52,55,-,5,-,-,12,-,2,9,31,1,4,2,-,3,-,176
,353,245,1775,2320,1,90,-,1,665,26,742,756,712,79,70,64,115,135,4,7555
,"353 S",243,843,1097,-,29,1,-,104,4,177,153,147,21,28,9,23,30,2,2668
,383,255,450,627,-,19,-,-,194,3,175,194,201,15,16,5,24,35,1,1959
,"383 S",254,121,126,-,1,-,-,41,-,24,51,45,6,6,1,8,5,-,435
,423,247,1338,1794,1,113,2,2,653,43,993,792,755,82,86,88,367,166,4,7279
,"423 S",242,571,673,-,32,2,3,142,14,278,186,175,21,16,19,103,32,-,2267
,453,244,370,540,-,25,-,2,170,14,315,219,200,16,4,15,92,40,3,2025
,"453 S",234,184,362,-,15,-,-,70,3,148,131,96,6,12,7,35,29,-,1098
,523,248,283,649,-,32,-,2,178,12,296,248,205,38,29,22,111,43,2,2150
,"523 S",252,144,369,-,9,2,-,68,4,116,94,86,13,9,6,47,8,-,975
,"553 S",266,122,202,-,11,-,-,97,4,123,99,105,15,7,8,51,8,-,852
,624,258,176,379,-,18,-,2,93,12,258,168,128,30,14,24,101,28,3,1434
,"624 AS",261,49,88,-,-,-,-,15,-,41,25,11,5,1,1,6,-,-,242
,"624 S",260,272,428,-,20,2,1,145,17,217,128,142,16,12,16,131,18,1,1566
,"654 AS",273,24,38,-,1,-,-,7,3,24,23,16,4,1,1,11,3,-,156
,"654 S",272,173,264,-,11,-,-,107,7,143,107,113,17,10,10,73,16,-,1051
,7220,203,3,10,-,18,-,-,-,7,12,10,1,-,9,6,13,11,-,100
,"724 AS",263,39,110,-,5,1,1,28,-,76,50,22,4,3,2,30,5,-,376
,"724 S",262,149,393,-,23,-,2,130,14,281,211,126,17,9,16,123,25,1,1520
,"824 S",233,19,60,-,2,-,-,11,2,34,37,11,2,1,1,12,-,-,192
,"946 AS",226,13,44,-,1,-,1,7,-,23,16,6,-,-,-,20,-,-,131
,D-212,211,190,145,-,6,-,1,69,1,64,49,73,8,4,7,12,9,2,640
,D-215,201,1382,1023,2,74,1,-,587,16,334,312,566,75,85,37,27,227,2,4750
,D-217-F,221,89,119,-,6,-,-,26,2,29,31,30,4,6,5,7,12,-,366
,D-219,202,559,452,-,42,-,1,251,13,157,184,233,43,28,32,26,120,1,2142
,D-322,217,976,1360,1,96,-,1,418,23,478,360,542,48,76,60,78,203,3,4723
,D-326,224,1825,2583,1,219,2,8,914,61,958,712,813,85,157,126,295,456,8,9223
,D-432,229,877,1298,-,114,3,7,400,44,482,331,361,46,96,66,153,197,4,4479
,D-439,231,460,946,-,114,1,2,263,41,421,265,227,39,103,60,131,135,2,3210
,DED-3,220,94,135,-,5,-,-,36,-,77,55,29,4,3,6,12,6,1,463
,DLD-2,204,187,134,-,5,-,1,29,2,53,44,48,4,6,1,12,6,1,533
,"V 423",250,17,38,-,1,-,1,2,1,7,5,28,-,-,-,1,-,-,101
,"SONSTIGE/NICHT GETYPT",,3887,6287,8,761,15,25,1369,468,3325,2381,1574,381,935,488,748,1092,2,23746
"INTER HARV.-IHC (USA) ZUSAMMEN",,,18354,25926,14,1978,33,66,7619,875,11107,8693,8197,1186,1885,1243,3029,3192,49,93446
"ISEKI (J)","SONSTIGE/NICHT GETYPT",,1739,4066,215,705,106,223,1319,563,2107,2064,772,141,1189,590,970,613,12,17394
"ISEKI (J) ZUSAMMEN",,,1739,4066,215,705,106,223,1319,563,2107,2064,772,141,1189,590,970,613,12,17394
"ISUZU (J)",CAMPO,004,8,5,2,10,1,2,3,5,9,10,3,-,19,21,5,10,-,113
,,005,20,25,2,16,1,-,15,8,15,15,8,3,38,16,10,14,-,206
,D-Max,AAB,66,106,8,75,-,3,96,57,67,83,57,15,126,66,36,147,-,1008
,,AAC,93,137,6,46,1,2,77,43,55,67,53,12,68,32,15,48,2,757
,,AAH,347,461,30,270,3,17,271,213,230,245,217,31,288,188,147,342,1,3301
,,AAN,221,330,31,193,6,17,154,140,115,184,107,15,185,111,114,155,1,2079
,"N/A,D-Max",AAQ,227,466,39,197,5,25,181,136,159,396,138,15,199,136,144,220,-,2683
,"SONSTIGE/NICHT GETYPT",,229,318,49,135,11,19,261,92,190,334,144,27,230,145,104,252,3,2543
"ISUZU (J) ZUSAMMEN",,,1211,1848,167,942,28,85,1058,694,840,1334,727,118,1153,715,575,1188,7,12690
"IVECO (I)",29L...;35S...,AAQ,8,16,3,2,-,2,12,3,14,20,4,2,6,2,3,3,-,100
,"29L10; 29L10 D",ABT,18,30,16,22,1,7,9,7,19,36,4,2,12,4,9,2,-,198
,"29L10V; 29L10 SV",ABW,6,7,6,8,-,7,8,3,15,33,8,-,6,3,4,1,-,115
,29L12;-D;29L12/P;-D/P,ABU,86,48,15,24,-,12,50,14,57,179,56,5,22,16,18,14,-,616
,29L12V;-SV;-V/P;-SV/P,ABX,22,15,9,19,3,5,18,17,26,92,17,-,8,8,12,5,-,276
,"29L9-29L13D,V,CV,SV,/P,D/",508,41,35,1,13,1,7,20,5,34,69,19,3,16,10,12,7,-,293
,,530,13,22,10,8,-,3,2,13,21,44,7,7,8,8,7,3,-,176
,,531,39,41,16,18,1,5,21,4,28,81,13,6,13,10,12,8,-,316
,30/33/35S12/14/16...,BES,10,11,5,2,-,46,19,16,13,108,2,1,3,-,2,3,-,241
,"35C,40C,35-,40-9,10,11...",511,18,19,2,5,1,1,8,1,11,27,15,2,5,6,2,6,-,129
,"35C10 V;-SV;35C12 V;-SV;.",ACN,10,6,10,4,1,1,3,1,16,34,2,1,6,6,5,1,-,107
,,ACO,33,49,11,18,1,5,40,8,28,80,16,3,17,11,12,8,-,340
,,ACP,16,12,2,6,-,1,3,5,11,23,11,-,4,2,3,4,-,103
,35C10;-D;-K;-DK;35C12;...,ACK,53,53,8,6,-,5,24,4,37,66,46,1,10,16,6,12,-,347
,35C12-35C14-35C16-35C18..,BOW,-,169,-,-,-,-,72,-,-,-,-,-,-,-,-,-,-,241
,"35S11 V;-SV;-V/P;-SV/P",AEB,25,22,7,14,2,6,14,6,28,57,6,2,13,4,15,5,-,226
,35S11;-D;-KP;-DKP;-P;D/P,ADY,27,59,30,16,3,5,22,4,52,609,12,3,14,11,17,6,1,891
,"35S12 V;-SV;-CV;-V/P;-SV/",ACE,38,44,28,24,6,10,32,6,39,108,24,4,21,14,11,11,-,420
,35S12;-D;-KP;-DKP;-P;D/P,ACA,26,15,14,2,1,-,8,1,16,60,10,1,7,5,3,4,-,173
,"35S13 V;-SV;-CV;-V/P;-SV/",AEC,59,94,26,23,2,10,29,17,57,140,30,6,35,11,25,8,-,572
,35S13;-D;-KP;-DKP;-P;D/P,ADZ,16,23,7,13,-,14,10,5,23,35,10,3,14,5,4,-,-,182
,"35S14 V;-SV;-V/P;-SV/P",ACF,91,97,33,27,10,15,37,25,72,168,23,9,26,18,22,9,2,684
,,AFA,12,23,5,9,-,3,8,1,15,26,7,2,5,2,3,3,-,124
,35S14;-D;-KP;-DKP;-P;D/P,ACB,32,32,4,5,1,1,10,3,18,50,11,1,6,5,8,7,-,194
,"35S18 V;-SV;-V/P;-SV/P",ACG,21,48,5,4,1,3,17,3,20,47,14,7,7,8,14,6,-,225
,50C;45;35;11;13;14;15;17;,513,16,18,9,8,1,5,17,3,12,32,9,2,8,1,7,4,-,152
,50C15;-D;-/P;-D/P;-K;-DK;,ACQ,28,48,5,14,2,5,22,10,17,65,14,4,19,14,5,8,-,280
,60/65C15;-D;-/P;-D/P;-K;,ACS,19,24,4,9,2,1,14,1,19,35,7,1,11,3,6,6,-,162
,60/65C18;-D;-/P;-D/P;-K;,ACT,27,24,6,3,1,4,15,2,21,22,16,2,9,3,7,9,-,171
,60C15..;65C15..;70C15..,BKJ,2,25,-,2,-,105,-,1,1,5,-,6,4,2,-,-,-,153
,70C17;-D;-/P;-D/P;-K;-DK;,AGA,18,14,1,4,-,-,26,2,4,17,3,2,6,2,-,3,-,102
,MKD**-L;-E;-C:-N;-U,AUE,16,27,7,7,1,9,13,1,23,27,4,-,7,5,6,3,-,156
,"MKD**-L;-L-E,-C,-N,-U,M-E",AWW,37,117,17,9,3,168,64,10,48,126,13,2,13,7,11,6,-,651
,,BJZ,-,36,5,-,-,95,66,-,-,-,-,-,-,-,-,-,-,202
,"MKD**-M,-M-E",AKV,-,1,1,-,1,-,1,-,-,96,-,-,-,-,1,-,-,101
,,AZN,-,-,-,-,-,-,-,-,-,265,-,-,-,-,-,-,-,265
,MKD**-M;MKD**-M-E,AIZ,-,4,-,1,-,-,1,-,7,173,-,-,2,-,2,-,-,190
,,AJL,1,14,5,4,-,2,146,-,8,15,11,1,1,2,3,-,-,213
,MKD**-M/S,BQL,-,-,-,-,-,-,-,-,-,118,-,-,-,-,-,-,-,118
,"SONSTIGE/NICHT GETYPT",,12458,18313,2598,3598,531,2991,8642,2854,9231,31380,6365,1205,4517,2606,3418,3063,394,114164
"IVECO (I) ZUSAMMEN",,,13342,19655,2931,3951,577,3559,9523,3056,10061,34568,6809,1296,4881,2830,3695,3238,397,124369
IVECO-MAGIRUS,"SONSTIGE/NICHT GETYPT",,2125,3691,331,859,58,295,997,697,2022,4129,1052,174,1230,669,861,459,109,19758
"IVECO-MAGIRUS ZUSAMMEN",,,2125,3691,331,859,58,295,997,697,2022,4129,1052,174,1230,669,861,459,109,19758
"JAGUAR LAND ROVER (UK)",Defender,AJW,24,21,1,3,-,2,16,2,11,26,7,1,4,2,5,3,-,128
,DEFENDER,ABF,186,222,21,38,7,34,123,20,97,305,73,13,46,15,52,23,2,1277
,,ABG,15,23,1,4,-,1,13,3,19,26,13,3,7,3,10,2,-,143
,,ABY,250,337,29,40,7,61,142,12,133,375,99,12,37,18,88,27,4,1671
,,ABZ,24,15,5,4,-,1,12,4,7,21,9,-,3,6,7,6,-,124
,"DEFENDER 110;DEFENDER 110",AAT,61,72,13,14,-,12,42,4,37,102,30,5,27,11,18,9,-,457
,"DEFENDER 90,110,130",001,96,130,13,42,4,13,80,21,88,147,55,15,30,17,37,21,1,810
,"Defender,DEFENDER",AAE,789,1191,133,105,22,201,529,53,465,1329,331,60,101,54,226,69,13,5671
,,AAF,53,54,4,16,1,5,20,14,26,68,22,2,7,6,33,7,-,338
,"SONSTIGE/NICHT GETYPT",,148,201,25,46,6,37,128,22,150,267,108,18,66,28,57,51,62,1420
"JAGUAR LAND ROVER (UK) ZUSAMMEN",,,1646,2266,245,312,47,367,1105,155,1033,2666,747,129,328,160,533,218,82,12039
"KAWASAKI (J)","SONSTIGE/NICHT GETYPT",,1290,1455,29,285,12,27,519,169,902,846,589,237,313,243,170,472,1,7559
"KAWASAKI (J) ZUSAMMEN",,,1290,1455,29,285,12,27,519,169,902,846,589,237,313,243,170,472,1,7559
KLOECKNER-H-DEUTZ,6.17,710,19,39,2,4,-,-,18,-,41,29,25,1,6,4,9,2,1,200
,6.38,723,8,35,-,3,-,-,9,-,23,25,6,1,3,1,8,2,-,124
,6.61,703,17,60,-,3,-,-,21,4,32,31,20,4,3,11,20,4,-,230
,"60 07,C",614,48,109,-,1,-,-,26,-,17,19,17,-,2,-,5,1,1,246
,"D 100 06 A-S",312,27,129,-,3,-,-,32,4,66,69,15,3,2,-,39,2,1,392
,"D 130 06 A-S",314,5,25,-,-,-,-,2,-,24,17,5,-,-,-,28,-,-,106
,"D 15",239,1286,1206,1,94,1,10,799,16,644,844,685,79,84,36,97,197,3,6082
,"D 25",217,96,168,-,17,-,1,64,3,69,73,107,7,13,8,16,29,-,671
,"D 25 05",224,437,467,-,42,2,2,235,7,237,302,350,12,30,17,21,53,2,2216
,"D 25 06",258,209,212,1,16,-,1,92,4,50,105,349,10,13,7,8,25,1,1103
,"D 25 S",218,146,201,1,26,1,2,74,12,87,88,105,29,35,12,24,67,-,910
,"D 25.1",219,97,117,-,17,2,-,49,4,64,61,99,8,10,4,11,22,2,567
,"D 25.1 S",220,141,212,-,34,-,1,92,15,105,114,114,7,22,19,23,55,-,954
,"D 25.2",242,1066,1448,2,119,4,2,510,31,633,784,679,34,94,59,97,184,2,5748
,"D 28 07",635,112,78,-,2,-,-,38,1,11,16,82,-,-,1,1,4,-,346
,"D 30 05",241,946,1076,1,114,5,1,436,17,436,446,393,22,88,52,65,153,5,4256
,"D 30 06",259,918,1357,-,94,1,-,355,18,321,406,420,18,111,45,47,160,4,4275
,"D 30 06-S",309,459,326,1,18,-,2,159,4,91,102,239,5,10,5,20,24,2,1467
,"D 30;D 30 S",243,1873,2557,5,296,2,9,972,79,1159,1161,985,79,306,151,236,440,4,10314
,"D 3607",636,175,160,1,6,-,-,51,-,32,44,67,3,2,1,11,3,-,556
,"D 40 05",231,1207,1919,2,109,3,10,576,27,745,735,684,47,100,60,124,227,3,6578
,"D 40 06 A-S",264,46,131,-,2,-,-,21,-,23,19,10,-,4,1,1,2,-,260
,"D 40 07",257,2668,4325,2,213,5,9,1030,53,1233,1253,1235,85,254,102,230,323,7,13027
,"D 40 U",238,17,39,1,2,-,-,19,5,30,29,17,2,-,-,15,7,-,183
,"D 40.1",235,16,55,-,6,-,-,23,5,39,56,40,4,7,4,18,20,-,293
,"D 40.1 S",236,149,308,-,58,1,4,137,22,298,242,145,16,49,27,90,65,-,1611
,"D 40.2",237,973,1831,4,157,2,5,525,44,682,743,613,60,159,79,173,261,4,6315
,"D 4007",307,1343,1920,1,57,1,2,871,9,444,541,678,37,44,26,77,95,6,6152
,"D 45 05",244,35,35,-,5,-,-,15,2,36,23,11,2,1,5,3,4,-,177
,"D 4507",298,1587,2241,2,54,6,9,732,20,691,783,728,41,60,29,160,125,2,7270
,,299,130,231,-,2,-,-,57,-,27,86,23,-,3,2,6,5,1,573
,,613,470,672,-,10,2,-,277,6,187,152,232,12,7,6,53,19,-,2105
,"D 48 07,C",600,41,93,-,1,-,-,27,-,7,28,11,-,-,-,1,3,-,212
,,601,279,443,-,6,-,-,94,1,54,78,93,7,2,1,24,6,2,1090
,,603,56,31,-,3,-,-,19,-,7,37,20,1,-,-,2,1,-,177
,"D 50",246,9,25,-,8,-,1,12,4,24,21,6,1,1,4,13,4,-,133
,"D 50 05",245,257,439,-,24,2,4,201,15,246,217,203,29,21,15,62,64,-,1799
,"D 50 06",260,877,1697,2,83,5,3,449,34,672,589,518,71,104,56,159,127,2,5448
,,300,73,126,1,12,-,1,29,2,84,56,60,10,7,2,20,11,-,494
,"D 50 06 A",266,137,320,-,4,1,-,64,3,70,69,39,4,3,1,22,16,-,753
,,301,18,44,-,1,-,-,11,-,14,15,4,2,-,1,1,3,-,114
,"D 50 06-S",308,190,373,-,14,-,1,105,5,144,146,92,5,16,11,45,18,-,1165
,"D 50.1 S;D 55 05",252,102,361,1,31,-,1,112,24,372,287,136,14,26,19,134,42,2,1664
,"D 52 07,C",327,782,1182,1,37,5,4,406,16,650,668,478,33,20,20,175,59,1,4537
,,329,142,299,-,6,1,-,95,1,142,155,69,11,12,1,32,14,-,980
,,340,680,1398,-,13,2,2,194,-,133,284,199,13,23,6,42,32,2,3023
,,341,132,345,-,2,-,-,91,-,68,111,41,3,4,-,6,5,-,808
,"D 55 06 A-S",270,143,285,1,2,-,1,90,-,106,106,61,7,9,8,19,25,-,863
,"D 55 06-S",276,746,1305,1,43,3,1,351,17,461,515,390,40,46,26,121,77,2,4145
,"D 60 05",247,40,75,-,4,-,1,22,1,59,72,29,5,1,3,29,4,-,345
,"D 60 06",261,331,823,1,44,3,3,253,11,527,459,324,53,33,29,172,51,1,3118
,"D 60 06 A",267,53,169,-,2,-,1,46,2,97,79,37,9,7,7,25,5,-,539
,"D 60 07,C",615,65,151,1,2,-,-,27,-,48,33,39,4,2,-,14,2,-,388
,"D 62 06",330,322,609,1,18,5,2,172,6,297,285,212,8,16,12,71,14,1,2051
,"D 62 06 A",331,97,255,-,2,-,-,78,1,107,81,48,7,7,4,8,7,-,702
,"D 62 07,C",337,149,222,-,13,5,4,92,4,280,247,150,4,3,3,72,18,1,1267
,,338,71,143,-,3,1,1,75,1,207,130,56,2,1,2,28,13,1,735
,,339,289,500,-,3,1,-,72,-,70,139,108,9,5,2,23,4,1,1226
,,342,189,510,-,6,-,2,125,3,111,157,79,6,5,-,11,10,-,1214
,"D 6507,C",633,92,180,-,4,-,1,29,-,59,67,51,-,-,-,18,4,-,505
,,634,137,384,1,4,-,1,68,1,100,128,72,3,7,1,14,7,-,928
,"D 68 07,C",360,76,128,-,-,-,-,21,-,40,43,34,3,2,-,15,2,-,364
,,361,56,168,-,1,1,-,67,1,70,52,48,5,-,2,20,4,-,495
,"D 6807,C",328,243,384,2,13,1,1,154,4,323,308,187,22,8,9,118,5,1,1783
,,332,75,185,-,7,-,2,89,5,183,133,65,12,4,8,30,19,1,818
,"D 70 06 A-S",279,32,72,1,4,-,2,26,1,67,36,28,4,5,-,21,7,-,306
,"D 70 06-S",281,56,151,-,10,2,2,65,7,152,119,87,9,5,3,74,11,1,754
,"D 72 07,C",326,116,205,-,7,2,2,92,5,220,205,147,8,4,7,77,7,-,1104
,,333,72,192,-,5,2,3,70,2,196,116,85,5,7,7,50,15,1,828
,,362,68,111,-,1,1,-,24,3,56,64,48,7,1,1,32,1,-,418
,,363,117,287,-,5,-,-,54,-,115,91,83,3,4,2,39,3,1,804
,"D 78 07,C",609,126,243,-,1,-,-,81,6,165,142,126,14,4,7,36,10,-,961
,,610,23,25,-,1,-,-,11,-,23,42,27,1,1,-,12,-,-,166
,"D 80 06",271,20,59,-,1,-,-,16,1,37,64,14,2,2,-,23,2,1,242
,"D 80 06 A-S",311,90,206,-,1,1,1,70,4,175,143,51,3,2,2,60,2,1,812
,"D 80 06-S",319,21,31,-,3,-,1,16,1,42,73,17,1,-,1,16,1,-,224
,"DX 1100",348,28,122,-,-,-,-,33,5,29,38,28,2,2,-,26,4,-,317
,"DX 1200",606,11,39,-,1,-,-,8,2,19,19,17,1,1,1,10,1,-,130
,"DX 3.10",662,227,285,-,10,1,3,69,-,51,63,50,1,2,-,21,4,-,787
,,663,82,133,-,1,-,-,41,-,19,53,19,-,3,1,8,3,-,363
,"DX 3.30",656,100,102,-,-,2,1,40,-,60,65,46,1,3,1,21,6,-,448
,,657,68,101,-,1,-,1,36,-,37,51,14,1,-,1,8,4,-,323
,,660,80,142,-,1,-,-,27,1,18,42,22,-,-,3,13,1,-,350
,,661,56,151,-,1,-,-,20,-,29,38,12,1,-,1,4,2,-,315
,"DX 3.30 V,F",689,44,10,-,1,-,1,5,-,4,8,73,2,1,-,1,-,-,150
,"DX 3.50",658,54,184,-,1,-,1,28,1,28,48,16,4,3,-,9,3,-,380
,,659,41,60,-,-,-,-,3,-,3,10,15,2,-,-,5,-,-,139
,,671,21,32,-,-,-,-,9,3,19,13,9,1,1,2,10,1,2,123
,,672,29,60,-,-,-,-,22,2,24,33,12,-,4,1,12,-,-,199
,,673,85,306,1,3,-,-,34,-,34,48,19,1,2,1,12,3,-,549
,"DX 3.50 V,F",680,43,3,-,-,-,2,6,-,7,8,59,-,-,-,-,-,-,128
,"DX 3.57,3.57",712,15,68,-,4,-,-,10,1,9,7,2,-,2,1,2,2,-,123
,"DX 3.60",675,54,130,-,-,1,1,20,-,45,70,32,5,1,1,11,4,-,375
,,676,34,78,-,-,-,1,9,-,13,20,6,-,1,1,13,-,-,176
,,678,326,776,-,4,-,-,111,-,109,240,69,3,4,2,29,10,-,1683
,"DX 3.65",681,205,410,-,5,-,1,72,-,83,124,56,2,2,-,29,2,-,991
,"DX 3.70",650,13,26,-,-,1,-,2,2,26,22,10,1,-,-,28,-,-,131
,,652,51,105,1,-,1,-,39,1,92,70,25,1,2,-,28,-,-,416
,"DX 3.90",653,66,112,-,-,-,1,60,3,150,133,65,6,1,1,58,4,-,660
,"DX 4.07,4.07",718,66,178,-,1,1,1,21,1,16,49,14,-,2,-,2,1,-,353
,"DX 4.17,4.17",706,92,217,-,1,-,-,32,-,28,29,8,1,-,-,8,-,-,416
,,720,95,265,-,2,-,-,37,-,27,41,17,-,4,-,5,3,-,496
,"DX 4.30",621,76,225,-,3,-,1,28,-,80,42,33,6,-,1,20,2,-,517
,,622,12,19,-,2,-,-,7,-,24,17,12,3,-,1,6,3,-,106
,"DX 4.31,4.31",695,117,237,-,8,3,-,54,1,249,180,62,1,7,6,74,6,1,1006
,"DX 4.50",620,240,744,-,7,2,2,177,3,252,217,181,15,1,5,98,8,1,1953
,,623,16,26,-,-,-,-,17,-,30,34,24,2,-,4,4,1,-,158
,"DX 4.51,4.51",698,182,414,-,7,1,4,92,1,217,236,69,3,6,2,54,7,-,1295
,"DX 4.57,4.57",707,58,153,-,4,1,1,28,1,22,32,13,-,3,-,6,5,-,327
,"DX 4.61,4.61",700,27,60,-,-,-,-,9,1,32,29,11,1,-,-,13,2,-,185
,"DX 4.70",619,168,434,-,4,-,2,84,1,177,158,123,7,4,6,50,7,-,1225
,"DX 4.71,4.71",701,24,71,-,2,1,-,13,-,35,28,17,-,2,3,12,-,1,209
,"DX 6.05",679,112,176,1,5,2,1,84,4,165,176,90,10,2,6,60,7,-,901
,"DX 6.06,6.06",704,25,49,-,3,2,-,26,1,90,68,30,-,11,6,26,1,-,338
,"DX 6.07,6.07",705,68,193,-,3,2,2,79,5,93,102,53,4,7,3,31,9,-,654
,"DX 6.10",638,32,118,-,3,1,2,35,5,109,85,62,5,2,1,40,3,-,503
,"DX 6.11,6.11",699,46,109,-,3,-,1,33,2,92,86,49,1,3,1,30,3,-,459
,"DX 6.30",645,53,116,-,2,1,-,37,1,73,72,65,3,1,2,39,2,-,467
,"DX 6.31,6.31",702,39,102,-,5,-,-,33,2,89,81,31,3,7,7,27,4,-,430
,"DX 6.50",648,12,31,-,-,1,-,23,4,19,20,10,3,-,-,19,2,-,144
,"DX 85",358,57,189,-,3,1,-,34,2,58,54,41,6,4,3,15,8,-,475
,"DX 900",354,21,78,-,4,-,-,16,1,38,28,18,2,4,3,12,3,-,228
,"F 1 L 612/53;612/4",204,308,290,-,12,-,2,161,10,219,283,166,5,8,11,44,17,2,1538
,"F 1 L514/51;514/2N",205,456,974,-,23,3,13,291,24,719,736,430,15,36,13,218,43,1,3995
,"F 2 L 514;/53;/3",228,46,97,-,5,-,3,25,5,103,120,50,1,-,2,56,2,-,515
,"F1L 712/1",216,31,52,-,4,-,-,42,1,64,48,33,2,1,11,9,7,-,305
,"F2L 514/4",229,18,51,1,1,-,2,39,8,105,95,36,1,4,1,73,9,1,445
,"F2L 612/5;612/5 P",221,395,557,-,85,1,5,281,31,275,318,263,32,61,33,114,136,-,2587
,"F2L 612/54",222,129,251,1,9,-,1,92,14,108,124,105,10,12,13,26,38,1,934
,"F2L 612/6N;612/6P",223,868,1291,2,89,4,5,445,29,424,547,617,39,59,43,144,145,2,4753
,"F3L 514/6",226,3,9,-,-,1,-,4,3,30,33,7,-,-,-,17,1,1,109
,"INTRAC 2002 A",315,22,64,-,1,-,-,12,-,9,11,16,1,2,-,4,2,-,144
,"INTRAC 2003 A",336,51,92,-,1,-,1,29,1,32,27,24,1,-,1,3,2,-,265
,"INTRAC 2004 A-S",364,106,150,1,1,-,-,29,1,44,31,43,2,4,-,8,2,-,422
,VIERG.WAHLW.GLEISK,203,36,69,-,-,-,-,16,3,38,52,49,1,-,4,7,6,1,282
,"SONSTIGE/NICHT GETYPT",,12846,29906,45,1655,63,91,4711,836,12182,12773,5930,832,2672,1047,2490,2100,14,90193
"KLOECKNER-H-DEUTZ ZUSAMMEN",,,43102,80415,94,4030,179,272,20462,1627,32932,34573,23328,2141,4916,2314,7944,5966,102,264397
KRAMER-WERKE,"350 EXPORT",251,175,147,-,7,-,-,55,-,14,45,41,15,9,2,2,15,-,527
,"350 EXPORT S",252,308,151,-,5,-,-,26,-,8,19,27,5,7,4,4,11,-,575
,"414 S",300,60,35,-,-,-,-,10,-,1,3,14,5,1,-,-,-,1,130
,"450 EXPORT",254,19,22,-,4,-,-,12,1,11,13,17,6,2,2,6,5,-,120
,"450 EXPORT S",255,115,78,-,6,-,-,19,1,11,15,29,6,5,-,2,9,-,296
,"514 S",306,38,20,-,-,-,-,12,-,4,3,15,7,-,-,-,4,-,103
,6030;3006;3306;7030;3007;,AAH,2,26,1,14,-,-,4,24,7,16,3,-,6,5,10,5,1,124
,ALLRAD,307,70,39,-,-,-,-,12,-,1,6,8,6,-,1,-,1,-,144
,"K 15",215,474,200,-,5,-,-,51,2,18,42,42,-,9,8,2,10,-,863
,"KA 110",213,406,97,-,2,-,2,33,1,30,63,26,3,1,1,4,5,-,674
,"KA 15",214,295,157,-,4,-,1,58,1,7,26,52,10,3,2,2,13,-,631
,"KB 17",217,100,61,-,-,-,-,9,-,9,7,9,4,-,2,2,3,1,207
,"KB 180",226,115,69,-,1,-,-,21,1,5,11,23,9,1,2,-,5,1,264
,"KL 11PS",211,1004,335,3,5,-,4,62,1,51,133,80,4,7,4,11,4,1,1709
,"KL 12",216,265,115,-,6,-,-,35,-,38,45,43,6,1,2,2,7,1,566
,"KL 130",237,398,82,-,8,-,1,35,4,22,39,29,2,2,-,4,4,-,630
,"KL 150",210,283,111,-,3,1,1,69,1,32,93,50,-,12,3,2,7,-,668
,"KL 180",227,51,57,-,1,-,-,3,-,10,13,9,3,3,-,2,1,1,154
,"KL 200",229,382,225,-,11,-,-,78,3,37,78,71,13,10,5,5,16,-,934
,,240,508,329,-,15,-,-,105,3,59,88,92,26,11,4,9,17,1,1267
,"KL 22",225,78,45,1,1,-,2,13,1,13,12,13,8,3,1,3,3,-,197
,"KL 220",232,61,45,-,2,-,-,9,-,8,15,16,13,-,-,1,6,-,176
,"KL 250",241,156,164,-,5,1,-,52,2,35,43,52,28,6,3,12,9,-,568
,"KL 300",247,642,666,2,25,-,-,172,7,107,151,156,28,39,15,17,55,1,2083
,,293,41,25,-,-,-,-,12,-,3,8,11,4,1,-,-,-,-,105
,"KL 350",263,34,45,-,-,-,-,14,-,9,19,14,6,1,-,-,3,-,145
,"KL 350 S",264,121,71,-,-,-,-,11,-,4,5,13,3,1,1,-,2,-,232
,"KL 360",281,32,25,-,-,-,-,17,-,6,9,19,6,2,-,-,-,-,116
,"KL 360 S",282,99,70,-,1,-,-,16,-,5,11,19,7,1,-,1,5,1,236
,"KL 400",248,98,90,-,3,-,-,19,2,16,11,18,13,4,1,2,8,-,285
,,258,31,26,-,-,-,-,15,-,13,15,10,7,-,-,2,3,-,122
,"KL 400 S",259,88,22,-,-,-,-,4,1,3,5,9,3,1,-,1,7,-,144
,"KL 450 S",284,58,33,-,-,-,-,23,-,5,6,24,9,2,-,1,1,-,162
,"KLD 330",239,49,44,-,1,-,1,16,-,9,11,20,5,3,-,7,4,-,170
,"KLS 130",244,73,60,-,1,-,-,20,-,11,15,22,5,1,1,3,1,-,213
,"KLS 140",207,470,218,1,8,-,2,45,1,35,58,55,12,8,3,8,14,-,938
,"Kramer 3006;3506;...",ACP,50,97,-,26,-,-,10,56,84,43,2,1,23,42,28,18,-,480
,"Kramer 4507,-KT457,...",ACN,22,52,1,46,-,-,5,41,69,33,3,-,30,46,16,25,-,389
,"Kramer 5507,-KT557,...",ACO,28,75,-,30,-,-,9,35,89,27,4,-,17,27,31,14,-,386
,"Kramer 8085,-95;...",ACQ,102,126,-,4,-,-,11,5,50,28,8,-,6,5,12,-,-,357
,,ACR,27,44,1,1,-,-,4,3,8,8,2,-,1,3,2,-,-,104
,"PIONIER S",208,180,57,1,5,-,-,19,-,6,26,19,2,-,2,3,3,-,323
,"SONSTIGE/NICHT GETYPT",,4183,3091,176,434,8,30,713,280,1242,1527,802,229,395,347,345,422,6,14230
"KRAMER-WERKE ZUSAMMEN",,,11791,7547,187,690,10,44,1938,477,2205,2844,1991,519,635,544,564,745,16,32747
"KUBOTA (J)","B 1620",AAY,112,103,7,52,-,7,76,41,84,94,42,9,69,54,14,54,-,818
,"B 1820",AAX,75,86,5,22,3,2,62,25,82,72,60,10,52,31,28,27,-,642
,"B 2110 D,HD,HST",219,45,51,7,5,-,6,23,1,15,50,17,1,4,6,30,6,-,267
,"B 2230",AAP,24,46,2,11,1,8,42,10,18,41,15,1,9,4,21,19,-,272
,"B 2410 D,HD,HAST,DN,HDN",220,47,102,-,2,-,2,30,7,21,20,12,3,8,3,21,4,-,282
,"B 2420",ABC,70,81,3,56,-,-,49,37,69,80,27,4,96,50,19,74,-,715
,"B 2530",AAQ,52,101,-,6,-,3,61,14,51,58,28,5,13,3,53,12,1,461
,"B 3030",AAR,39,32,6,7,-,1,22,6,19,32,12,2,12,6,8,11,-,215
,B1161,ACU,19,35,1,16,-,6,19,8,7,24,11,1,32,14,2,10,-,205
,B1181,ACV,59,47,2,34,1,2,36,15,44,61,42,7,33,30,13,31,1,458
,B1241,ACW,104,146,5,78,1,11,90,57,125,138,49,13,98,84,24,68,-,1091
,B1410,213,92,97,5,32,1,7,43,24,33,70,29,12,71,55,15,50,-,636
,B1610,212,49,50,-,14,-,17,37,8,29,48,19,2,18,8,10,20,-,329
,B2231,ADL,22,61,1,6,2,2,9,8,28,29,6,-,12,3,17,7,-,213
,B2261,ADK,81,120,4,15,1,5,18,19,49,49,12,3,31,13,22,14,-,456
,B2311,ADJ,15,39,2,1,-,-,16,11,14,21,4,-,9,1,5,7,-,145
,B2350,ABL,25,45,3,2,-,19,10,6,19,36,3,1,8,4,10,3,-,194
,B2650,ABK,35,59,4,6,2,-,19,10,24,36,16,3,12,4,33,6,-,269
,B3150,ABJ,18,38,6,6,-,-,14,15,14,23,15,2,5,1,5,8,-,170
,BX2200D,214,23,90,1,-,-,2,16,3,11,19,5,1,2,4,10,4,-,191
,BX231,ADN,86,196,10,11,2,3,42,4,49,96,19,4,30,11,34,12,-,609
,BX2350,AAF,164,430,15,32,3,23,112,29,114,209,59,13,44,30,73,29,-,1379
,BX261,ADY,29,96,2,12,-,-,14,8,32,30,14,7,20,6,23,6,-,299
,"L 3200",ABB,22,21,-,14,-,-,24,15,21,25,10,-,15,8,5,7,-,187
,"L 4100",ABA,33,56,1,20,1,2,27,23,45,56,21,5,22,11,7,11,-,341
,"L 5040",AAU,26,49,-,13,-,2,17,33,22,61,13,6,28,12,6,15,-,303
,"L 5740",AAS,16,19,-,1,-,1,11,5,10,48,8,3,8,3,9,4,-,146
,L1-382,AES,17,19,-,23,1,-,8,8,34,24,7,2,21,4,4,8,1,181
,L1/2-452,AEQ,35,13,3,11,3,1,12,9,24,23,7,2,16,7,8,6,-,180
,L1/2-522,AEN,14,20,1,12,-,-,7,2,12,10,11,1,7,2,1,6,-,106
,L1361,ACH,17,33,2,23,-,-,19,11,38,35,15,3,36,8,7,11,-,258
,L1421;L2421,ADO,34,23,-,7,-,-,12,7,26,21,6,2,9,4,11,6,-,168
,L1501;L2501,ADP,26,43,4,23,-,3,29,22,48,39,18,6,23,13,7,10,-,314
,L2602,ADQ,13,16,3,2,2,2,5,3,17,37,7,-,4,2,6,3,-,122
,LX-401,AEM,29,38,1,2,1,-,11,18,14,15,5,2,5,2,14,6,-,163
,"M 6040",AAH,58,146,1,25,-,2,26,47,26,39,14,4,19,5,21,15,-,448
,"M 7040",AAI,26,79,-,9,-,1,14,25,24,32,13,1,4,3,15,10,-,256
,,AAM,14,17,2,4,1,8,10,9,15,14,13,1,2,4,8,2,-,124
,"M 8540",AAJ,13,18,-,21,-,1,6,18,8,15,5,-,5,6,6,4,-,126
,,AAN,15,18,-,11,-,2,8,5,26,23,5,2,5,-,2,1,-,123
,"M 9540",AAK,12,28,-,14,-,-,8,17,4,5,5,4,7,4,3,2,-,113
,M406*,ADU,49,229,1,23,-,2,16,18,75,63,18,1,28,6,9,13,-,551
,M407*,ADV,50,189,-,31,-,5,31,17,95,103,48,2,34,11,6,12,-,634
,"M5091, M5092",ACF,26,99,-,4,-,2,22,22,56,44,18,-,18,5,14,6,-,336
,"M5111, M5112",ACG,37,76,3,37,-,4,22,16,51,33,19,-,18,5,6,7,-,334
,"M6060-C,-R",ABH,33,159,1,18,-,2,12,8,24,45,25,1,18,2,19,8,-,375
,"M7060-C,-R",ABI,17,50,-,15,-,1,12,11,35,35,24,2,9,6,4,3,-,224
,MK5000D,ACC,20,21,-,11,-,-,10,6,8,6,6,2,9,-,4,10,-,113
,RTV-X1110,ADX,114,249,5,27,1,19,77,22,94,173,51,3,41,10,35,15,-,936
,RTV-X900,ABQ,45,73,2,3,1,1,29,7,28,44,20,-,9,4,16,13,-,295
,,ADI,12,31,3,4,-,-,12,1,13,52,6,2,2,3,5,1,-,147
,RTV900,AAA,28,48,1,3,-,21,18,3,25,42,16,3,6,3,12,9,-,238
,"ST A-35",217,10,25,-,7,-,3,17,5,14,18,6,1,5,2,12,5,-,130
,ST341,ADZ,31,45,1,6,1,14,11,12,19,26,7,-,15,10,14,10,-,222
,ST401,AEB,40,91,2,5,2,1,18,19,24,38,11,5,10,7,13,8,-,294
,STV32-R;STV32-C,AAE,35,58,-,1,2,11,22,10,36,56,19,3,8,8,22,4,-,295
,STV40-R;STV40-C,AAC,63,131,4,1,1,-,39,4,33,71,20,3,31,2,12,10,-,425
,STW34,ABP,22,30,2,4,-,4,7,15,12,26,7,2,7,5,16,3,-,162
,STW40,ABN,37,103,4,3,-,5,19,9,14,36,12,2,11,10,16,4,-,285
,"SONSTIGE/NICHT GETYPT",,1363,2072,89,522,18,152,788,418,1216,1410,566,98,934,481,466,574,-,11167
"KUBOTA (J) ZUSAMMEN",,,3737,6586,227,1386,52,398,2296,1266,3237,4179,1598,278,2137,1103,1331,1324,3,31138
"KUKJE (ROK)","SONSTIGE/NICHT GETYPT",,452,909,28,694,5,20,374,295,626,776,421,92,783,212,81,601,-,6369
"KUKJE (ROK) ZUSAMMEN",,,452,909,28,694,5,20,374,295,626,776,421,92,783,212,81,601,-,6369
"KWANG YANG (RC)","MAXXER 300",AAN,32,86,2,9,1,2,9,5,28,46,18,5,10,2,9,3,-,267
,"MXU 300",AAJ,42,291,10,36,4,-,48,20,112,75,38,9,21,4,34,15,-,759
,"MXU 550",AAR,48,215,3,62,2,1,38,13,119,72,35,12,48,9,37,34,-,748
,"MXU 700",AAQ,62,338,9,95,9,1,98,26,207,156,80,20,46,19,33,66,-,1265
,"SONSTIGE/NICHT GETYPT",,1044,3992,56,713,31,56,1224,232,2212,1714,918,135,698,342,578,587,-,14532
"KWANG YANG (RC) ZUSAMMEN",,,1228,4922,80,915,47,60,1417,296,2678,2063,1089,181,823,376,691,705,-,17571
"LANZ, AULENDORF","D 112",204,491,174,-,2,-,-,37,2,26,43,72,5,1,-,7,6,-,866
,"D 117",229,274,115,-,1,1,-,21,1,3,15,45,3,1,1,5,3,-,489
,"D 12 S",212,118,109,-,3,-,-,12,-,6,6,40,4,1,-,3,1,-,303
,"D 14",215,51,66,-,-,-,-,3,-,-,5,3,1,-,-,-,-,-,129
,"D 225",245,187,72,-,2,-,-,22,-,4,3,26,1,4,-,-,3,-,324
,"D 230",246,81,45,-,1,-,-,6,-,1,1,5,-,3,-,1,2,-,146
,"D 24",216,154,89,-,4,-,-,10,2,8,7,34,4,1,4,3,9,-,329
,"D 315",213,84,62,-,2,-,-,5,1,2,7,21,2,-,2,-,1,-,189
,"D 318",217,70,39,-,-,-,-,1,-,-,3,7,1,-,-,-,-,-,121
,"D 415",238,126,43,1,2,-,-,21,-,13,18,47,6,1,1,3,5,-,287
,"D 420",247,105,24,-,1,-,-,14,-,-,2,19,1,2,-,1,-,-,169
,"D 434",249,112,48,-,-,-,-,11,1,2,5,7,3,-,1,-,1,-,191
,"D 534",252,113,30,-,-,-,-,1,-,-,2,5,-,-,1,1,2,-,155
,"SONSTIGE/NICHT GETYPT",,2384,1314,1,50,1,1,141,19,142,232,357,39,117,31,46,100,-,4975
"LANZ, AULENDORF ZUSAMMEN",,,4350,2230,2,68,2,1,305,26,207,349,688,70,131,41,70,133,-,8673
"MAN NUTZFAHRZEUGE","2 F 1",215,360,413,-,8,-,3,110,4,80,103,75,23,8,9,18,20,1,1235
,"2 K 3",236,64,122,-,9,-,-,25,3,33,28,36,4,3,8,5,9,1,350
,"2 P 1",237,28,104,-,4,-,-,12,1,8,14,9,2,-,1,2,8,-,193
,"4 L",222,27,59,-,-,-,-,10,-,5,5,3,1,1,1,3,-,-,115
,"4 N 2 A",255,52,59,-,1,-,-,16,2,12,12,6,-,-,1,2,4,-,167
,"4 P 1",238,63,169,-,-,-,1,43,-,35,30,15,2,1,2,14,8,-,383
,"6.,8.,9.113,143,163,22",523,47,75,4,14,2,2,21,4,25,35,32,2,30,12,12,18,-,335
,AMARINE;AQUAJET;AQUATHERM,BFD,25,32,1,5,1,2,19,10,25,55,14,6,10,2,20,8,-,235
,"B 18 A",217,88,121,-,-,-,-,23,1,39,20,18,3,3,1,7,2,-,326
,"JF/MAN KST01",AEI,10,22,-,1,1,8,5,2,17,34,4,-,2,-,11,1,-,118
,,AKG,39,53,10,11,2,3,15,4,31,65,15,3,10,6,9,5,-,281
,L,234,40,58,-,2,1,-,6,-,10,9,13,3,3,1,6,4,-,156
,"LE 110,140,160,170,180,22",520,317,585,23,124,10,21,213,59,287,375,194,40,247,75,83,132,12,2797
,,543,12,25,4,4,3,1,10,4,21,23,6,4,18,8,13,6,-,162
,,600,29,20,3,4,-,-,4,1,6,19,10,-,6,3,4,2,-,111
,"LE 6.,8.,9.,10.,11.,12.,1",524,247,308,8,29,1,7,117,16,134,246,112,22,54,18,31,40,-,1390
,,615,40,71,6,23,2,8,22,8,57,59,17,3,20,14,14,15,-,379
,,616,307,455,19,72,15,22,166,25,204,382,141,34,115,44,52,66,-,2119
,,717,14,28,1,8,1,2,8,8,28,26,5,-,12,9,13,3,-,166
,"LION S CITY",AHI,-,7,-,-,3,-,2,-,17,68,13,-,3,1,2,1,-,117
,"MKD **-M;MKD **-M-E",ASS,15,60,2,7,3,13,19,9,26,45,11,1,7,3,11,3,1,236
,,AST,13,58,6,4,1,11,18,2,11,52,12,-,6,1,6,2,-,203
,,ASU,19,83,3,20,-,6,41,4,32,235,10,-,10,2,5,3,-,473
,,BBC,44,135,40,12,2,227,55,5,57,182,73,5,20,7,33,7,-,904
,MKD**-M;-E,BQN,-,3,-,-,-,217,-,-,-,-,-,-,-,-,-,-,-,220
,,BQQ,1,14,-,-,-,341,-,-,-,64,-,-,-,-,-,-,-,420
,,BRM,-,-,-,-,-,100,-,-,-,-,-,-,-,-,-,-,-,100
,"MPB **-M",BBI,5,28,9,-,-,33,6,1,10,14,10,-,3,-,1,-,-,120
,"NG XX3; LION`S CITY G",AGJ,22,14,1,-,-,-,2,1,22,8,14,-,-,-,21,1,-,106
,,AKS,3,16,-,14,32,-,18,6,30,46,6,-,4,3,-,1,-,179
,"NÜ XX3; LION`S CITY Ü",AKQ,20,53,1,18,3,4,1,1,31,23,28,2,24,-,2,4,-,215
,"TGA 18.",AEL,7,21,2,8,1,2,14,5,27,43,17,6,10,5,17,5,-,190
,"TGA 18.310;350;360;390;",577,10,11,1,2,2,3,9,9,26,29,1,-,5,4,7,5,-,124
,,672,14,22,2,5,1,2,12,2,28,24,7,1,4,2,5,3,-,134
,"TGA 18.430",ACL,11,20,2,5,2,2,13,-,23,35,5,2,5,11,9,2,-,147
,"TGA 24./26310,U.W.",669,14,21,2,2,-,-,4,3,17,15,3,1,4,6,3,7,-,102
,"TGA24/26.440 6x2-2/4BL/LL",ACV,14,34,-,8,-,1,6,5,14,41,9,2,6,2,3,2,-,147
,TGE,AYM,27,12,7,160,-,1,6,4,52,31,7,1,9,3,18,3,-,341
,,AYN,379,1055,332,424,54,549,417,149,686,1246,196,16,183,89,241,128,-,6144
,,AYO,752,1086,123,164,41,74,266,157,807,1013,287,64,212,163,208,197,-,5614
,,AYP,18,40,2,4,-,3,14,4,28,17,6,-,24,16,19,13,1,209
,,AYQ,403,572,16,75,3,10,124,85,238,233,114,19,125,61,66,98,1,2243
,,AYS,208,268,88,48,10,8,74,22,177,220,94,9,37,30,84,52,-,1429
,,AYT,147,311,26,44,4,17,106,27,144,295,115,20,50,30,43,64,-,1443
,,AYU,7,29,-,2,-,-,14,2,24,7,7,-,4,2,4,10,-,112
,,AYV,125,195,11,39,3,1,44,7,93,104,48,7,42,14,32,44,-,809
,,BAE,5,2,8,1,-,3,-,-,1,165,-,-,1,-,2,-,-,188
,,BAR,23,161,21,18,5,-,6,3,37,33,18,-,11,5,8,4,-,353
,,BAS,11,14,2,12,-,1,3,-,7,19,12,-,7,5,5,7,-,105
,,BCP,21,45,56,3,3,7,14,-,18,76,6,-,4,3,9,3,-,268
,,BRX,18,24,2,9,2,1,7,1,43,42,13,2,4,3,17,9,-,197
,,BRY,20,20,5,1,3,1,16,2,34,33,11,-,3,2,9,6,-,166
,,BSC,2,11,7,7,1,3,18,1,5,24,3,1,1,1,15,4,-,104
,TGL,AGM,11,67,8,6,-,13,21,1,10,65,16,3,4,1,13,-,-,239
,,AGN,21,44,9,1,-,1,10,3,10,19,7,1,2,1,6,1,-,136
,,AGP,25,68,4,6,-,1,21,2,15,37,12,3,3,5,6,4,-,212
,,AHD,13,14,13,27,1,8,13,5,15,25,5,-,4,3,10,3,-,159
,,AHH,53,33,4,6,2,24,37,4,61,106,19,-,13,4,22,5,-,393
,,AHK,26,37,1,-,1,2,10,5,4,23,9,1,5,4,5,8,-,141
,,BBU,36,36,9,13,1,21,13,5,22,134,19,4,6,5,15,1,-,340
,"TGL 7/8.180 4x2 BB/BL",AAB,29,9,-,4,-,-,7,2,7,37,11,1,3,5,6,3,-,124
,,AHM,139,153,5,24,-,6,87,7,59,193,50,19,44,22,16,39,-,863
,"TGL 7/8.210 4x2 BB/BL",AHN,78,72,-,3,-,1,27,1,16,60,21,5,9,-,4,4,-,301
,"TGL 7/8.220 4x2 BB/BL",AAC,23,35,1,1,-,-,9,2,6,20,11,-,2,1,3,3,-,117
,,ALB,72,62,1,3,-,-,38,-,10,69,28,4,10,5,3,3,-,308
,"TGL 8.180,8.210,8.240",743,18,30,2,4,-,-,8,5,8,28,8,1,4,4,3,-,-,123
,"TGS,TGX",AOO,14,120,4,10,-,4,30,11,60,66,6,1,17,12,6,6,-,367
,"TGS/X 18.360 4x2BLS/LLS",ACC,18,14,-,2,2,1,5,-,26,50,1,2,8,2,7,-,-,138
,"TGS/X 18.400 4x2 BLS/LLS",ACM,22,42,4,10,7,18,22,3,103,109,19,-,25,24,18,5,-,431
,"TGS/X 18.440 4x2 BLS/LLS",ACI,75,132,11,31,5,32,27,10,148,194,24,5,39,27,35,17,-,812
,"TGS/X 18.480 4x2 BLS/LLS",ACG,39,55,1,6,1,7,19,2,27,47,22,3,12,8,4,7,-,260
,"SONSTIGE/NICHT GETYPT",,29303,49503,5007,8241,1365,4232,15272,4551,29027,51709,12119,2282,12161,7686,9832,6437,1911,250638
"MAN NUTZFAHRZEUGE ZUSAMMEN",,,34202,57750,5940,9833,1603,6092,17870,5288,33456,59013,14288,2646,13742,8508,11238,7585,1928,290982
"MASSEY-FERGUSON (F)",3625,AFJ,185,275,2,11,-,1,28,3,17,18,28,3,24,3,6,11,-,615
,3635,AFL,30,59,-,2,1,-,6,3,4,3,6,-,4,2,1,7,-,128
,6480,AEZ,33,66,-,1,-,-,7,1,20,23,19,1,4,3,8,2,-,188
,,AJZ,22,49,-,2,-,-,11,3,27,17,19,1,3,5,9,1,-,169
,"MASSEY FERGUSON 6245",217,14,35,-,-,-,-,8,-,20,19,4,-,-,1,7,-,-,108
,"MASSEY FERGUSON 6255",218,14,36,-,-,-,-,12,-,18,14,6,1,1,-,7,1,-,110
,"MASSEY FERGUSON 6270",221,17,30,-,3,-,-,16,-,36,21,11,-,1,-,26,3,-,164
,"MASSEY FERGUSON 6280",222,13,34,-,3,-,-,24,2,16,22,17,1,-,1,19,3,-,155
,"MASSEY FERGUSON 6290",223,28,35,-,5,-,-,36,12,41,41,29,1,9,10,26,9,-,282
,"MASSEY FERGUSON 7726",APL,7,15,-,4,-,-,3,3,25,9,4,-,4,4,16,7,-,101
,"MF 130",204,241,235,-,4,-,-,142,2,55,42,53,18,13,7,3,37,-,852
,"MF 133",208,529,828,-,32,1,-,291,7,168,186,155,49,32,17,47,64,-,2406
,,231,32,59,-,-,-,-,39,-,8,10,13,5,2,-,2,10,-,180
,"MF 135",207,227,310,-,9,-,2,142,4,80,126,83,42,11,5,52,30,-,1123
,,222,263,361,-,10,1,-,220,5,155,216,135,25,7,12,68,30,2,1510
,"MF 148",211,83,159,-,6,-,-,34,-,48,35,23,5,7,9,23,32,-,464
,"MF 152",224,56,120,-,3,-,1,26,1,27,36,20,2,1,1,16,12,-,322
,"MF 158",212,143,372,1,18,-,3,127,6,110,91,82,12,15,12,52,31,1,1076
,"MF 165",205,19,55,-,2,-,-,39,1,40,25,5,5,1,3,17,2,-,214
,"MF 168",216,61,141,-,3,1,2,54,1,54,45,34,9,5,2,23,1,-,436
,"MF 188",215,19,68,-,3,-,-,33,1,23,22,21,3,-,3,12,1,-,209
,"MF 235",238,122,129,-,2,-,1,120,-,18,50,48,11,2,2,5,18,2,530
,"MF 245",237,39,40,-,2,-,-,37,-,7,24,22,1,2,4,6,3,-,187
,"MF 255",241,70,104,-,4,-,-,91,2,38,39,38,6,2,4,8,11,-,417
,"MF 260",239,47,71,-,3,-,-,42,1,22,24,24,11,2,-,2,2,1,252
,"MF 265",242,26,36,-,1,-,-,24,-,9,25,27,3,-,1,5,-,1,158
,"MF 275",234,14,30,-,1,-,-,16,-,7,13,12,2,-,-,7,1,1,104
,"MF 3060",249,7,25,-,-,-,-,8,1,19,33,4,1,1,-,8,3,-,110
,"MF 3065",253,104,110,-,2,-,2,41,2,55,46,31,-,1,2,22,6,1,425
,"MF 3070",250,14,52,-,-,-,-,11,-,13,15,8,-,-,2,4,1,1,121
,"MF 3080",251,32,48,-,3,-,-,17,1,33,34,27,2,2,4,16,5,-,224
,"MF 3085",257,31,59,-,2,-,-,23,5,31,37,24,2,1,1,23,1,1,241
,"MF 5410",AKS,84,124,-,3,-,-,14,1,19,29,18,3,2,-,5,2,-,304
,"MF 5425",AIG,21,98,-,1,-,-,9,-,13,7,4,-,3,-,6,3,-,165
,"MF 5430",AKW,25,135,-,-,-,-,15,1,11,21,8,-,-,1,3,2,-,222
,"MF 5435,MF 5445,MF 5455",AGX,76,101,-,9,-,1,20,5,19,37,38,6,3,2,10,3,-,330
,"MF 5440",AKY,47,17,-,5,-,1,7,3,7,18,8,3,1,2,6,2,-,127
,"MF 5445",260,72,295,-,2,-,-,21,5,38,50,35,-,4,-,16,5,-,543
,"MF 5455",282,43,108,-,4,-,-,31,2,36,29,18,3,7,2,9,3,-,295
,,AHB,24,92,-,4,-,-,21,2,20,27,16,1,4,3,20,2,-,236
,"MF 560",240,38,38,-,2,-,-,18,1,30,20,16,3,1,1,4,5,-,177
,"MF 5608",AND,11,60,-,1,-,-,3,-,6,9,4,-,1,-,8,-,-,103
,"MF 5609",ANE,26,78,-,2,-,2,6,2,6,7,9,1,3,-,4,1,-,147
,"MF 5610",ANF,28,42,1,4,-,-,7,5,29,16,17,2,4,4,15,3,-,177
,"MF 5611;MF 5711 SL",AOJ,37,87,1,2,-,1,19,2,31,47,19,5,1,2,20,1,-,275
,"MF 5612;MF 5712 SL",AOL,12,6,-,1,-,-,14,1,13,20,15,-,4,10,4,2,-,102
,"MF 5613;MF 5713 SL",AON,59,115,-,7,-,1,18,10,57,32,16,2,7,4,23,8,-,359
,"MF 5711 S",ATT,53,114,1,2,-,-,6,1,8,10,12,-,2,-,3,2,-,214
,"MF 5713 S",ATV,54,81,1,-,-,-,14,5,24,38,22,5,9,2,14,4,-,273
,"MF 575",233,22,43,-,3,-,-,9,-,19,11,12,-,2,-,9,2,-,132
,"MF 590 A",236,14,50,-,-,-,-,11,-,19,8,7,2,3,3,-,3,-,120
,"MF 595 A",229,14,42,-,1,-,-,12,1,27,15,6,4,-,1,8,1,-,132
,"MF 5S.135",AYH,19,56,-,-,-,1,10,1,13,20,6,2,3,4,5,-,-,140
,"MF 5S.145",AYI,26,22,-,3,-,-,7,3,16,9,6,1,4,3,13,3,-,116
,"MF 6140A",270,31,48,-,-,-,-,15,-,19,11,6,1,-,1,5,-,-,137
,"MF 6150 A",271,17,43,-,1,-,-,13,1,23,15,6,-,-,1,4,2,-,126
,"MF 6180 A",272,25,30,-,6,-,-,23,2,24,28,15,1,1,2,10,2,-,169
,"MF 6465",302,21,41,-,2,-,-,8,1,22,15,9,-,1,1,10,-,-,131
,"MF 6480",305,26,29,-,4,-,-,15,1,24,25,14,1,-,1,7,1,-,148
,"MF 6716 S",AUR,30,25,-,-,-,-,6,1,29,26,18,1,2,1,6,-,-,145
,"MF 7480",AKK,46,50,-,-,-,-,12,4,38,50,37,4,2,6,8,2,-,259
,"MF 7495",ACX,25,47,-,4,-,-,6,8,18,22,23,3,3,6,9,7,-,181
,"MF 7618",AMP,7,42,-,6,-,-,10,6,70,32,14,1,1,1,21,2,-,213
,"MF 7620",AMK,22,25,-,3,-,-,7,4,30,20,8,2,-,3,14,3,-,141
,"MF 7624",AMM,14,23,-,8,-,-,12,6,25,20,16,-,4,6,20,5,-,159
,"MF 7718",AQB,29,35,-,3,-,-,2,3,46,30,10,1,-,1,11,-,-,171
,"MF 7719 S",AWX,39,38,-,1,-,-,12,5,72,41,42,4,6,2,14,-,-,276
,"MF 7726 S",ATM,20,22,-,3,-,-,6,6,14,16,13,1,4,3,15,2,-,125
,MF-30,202,118,121,-,2,-,1,89,2,31,27,22,6,6,3,8,44,-,480
,MF3630;MF3640;MF3650,AOH,142,391,1,7,1,1,23,3,19,18,19,6,24,7,4,13,-,679
,"MF5608,MF5609,MF5610",AOB,27,81,-,2,-,-,13,3,15,10,8,-,10,4,6,1,-,180
,"MF6455; MF6460",AFZ,23,30,-,2,-,1,8,-,26,27,10,1,1,2,3,1,-,135
,"MF6460; MF6470",AGA,37,24,-,3,-,-,12,-,13,20,9,2,1,-,4,-,-,125
,"SONSTIGE/NICHT GETYPT",,3137,6883,11,442,7,41,1522,382,2568,2234,1538,325,627,405,1069,619,3,21813
"MASSEY-FERGUSON (F) ZUSAMMEN",,,7183,13878,19,696,12,63,3834,556,4831,4528,3181,625,918,620,1999,1106,14,44063
"MASSEY-FERGUSON (I)","MF 1014 A-S",225,24,52,-,-,-,1,39,-,34,29,26,7,-,1,30,1,-,244
,"MF 1114 A",203,3,22,-,-,-,1,13,1,18,14,6,5,3,1,11,2,-,100
,"MF 254 S-S",223,76,117,-,-,-,-,70,1,16,25,26,1,2,1,11,3,-,349
,"MF 273",227,15,17,-,-,-,-,18,-,16,9,19,-,-,-,6,2,-,102
,"MF 273 A",228,31,51,-,1,-,1,38,-,19,15,7,1,-,-,-,-,-,164
,"MF 274 A",202,47,261,-,4,-,-,75,2,94,69,42,4,1,3,13,10,1,626
,"MF 274 AS-S",215,96,225,-,1,-,1,103,1,65,46,58,9,1,1,11,3,2,623
,"MF 274 S-S",214,60,110,-,2,-,-,54,2,31,32,35,5,-,1,11,1,-,344
,"MF 284 AS",207,12,62,-,1,-,-,23,-,17,19,22,2,2,3,6,1,-,170
,"MF 284 AS-S",219,31,100,-,2,-,-,34,-,43,30,26,4,-,2,19,6,-,297
,"MF 284 S",206,24,34,-,-,-,-,18,-,15,15,9,3,-,1,7,1,-,127
,"MF 293 A",231,15,32,-,1,-,-,33,-,13,7,3,-,-,-,2,2,-,108
,"MF 294 AS",209,25,73,-,2,-,-,27,2,40,40,17,4,1,-,5,5,-,241
,"MF 294 AS-S",221,79,212,-,8,-,1,108,2,70,77,55,15,1,3,53,6,-,690
,"MF 373 A",238,35,54,-,1,-,1,36,-,19,39,19,1,1,1,4,6,-,217
,"SONSTIGE/NICHT GETYPT",,1821,3647,3,56,2,19,1166,30,830,809,629,106,71,31,298,127,2,9647
"MASSEY-FERGUSON (I) ZUSAMMEN",,,2394,5069,3,79,2,25,1855,41,1340,1275,999,167,83,49,487,176,5,14049
"MASSEY-FERGUSON (UK)","FE 35",234,45,64,1,4,-,1,29,2,51,30,15,2,7,2,15,13,-,281
,,235,124,239,-,7,-,2,91,6,106,103,31,5,8,7,68,30,-,827
,"FE 35 SPEZIAL",229,257,665,-,12,1,8,246,8,234,221,139,21,30,26,194,65,2,2129
,"MF 133",211,283,446,-,9,-,-,145,4,76,85,60,25,20,12,25,50,-,1240
,,215,443,827,-,16,-,2,303,4,110,162,137,41,22,9,39,61,1,2177
,"MF 135",207,38,49,1,1,-,-,21,1,23,15,9,2,3,4,9,7,-,183
,,208,95,156,-,2,-,1,54,-,26,51,30,9,3,3,17,16,-,463
,,212,189,297,-,18,-,-,109,5,96,104,66,17,12,10,29,19,2,973
,,220,293,388,-,7,-,2,177,2,135,117,87,21,5,4,72,26,2,1338
,"MF 155",210,69,234,1,9,-,-,67,3,49,34,30,24,15,9,21,25,-,590
,"MF 165",205,73,160,-,1,-,1,60,1,73,51,34,9,4,2,39,10,-,518
,"MF 178",206,19,56,-,2,-,-,20,-,13,12,4,5,1,1,10,3,-,146
,"MF 362 A",224,81,145,-,2,-,1,36,-,32,36,21,-,3,2,9,5,-,373
,"MF 390 TA",227,30,126,1,4,-,-,53,-,35,35,38,3,1,-,32,2,1,361
,"MF 399 A",230,12,16,-,4,-,-,13,1,18,13,15,1,3,4,3,2,-,105
,"MF 4225 A",205,50,95,-,1,1,1,11,-,12,26,6,-,4,-,4,1,-,212
,"MF 4245 A",201,65,154,-,2,-,-,41,-,44,61,18,2,4,1,21,9,-,422
,,232,21,44,-,-,-,-,9,-,14,17,19,-,-,1,9,3,-,137
,"MF 4255 A",202,40,109,-,3,-,-,42,2,27,32,25,-,5,2,14,5,-,306
,"MF 4345",252,25,150,-,1,-,1,17,1,24,26,19,2,5,1,13,5,-,290
,"MF 4355",250,35,52,1,3,-,-,12,4,11,15,8,-,1,1,1,2,1,147
,"MF 65",249,17,69,-,4,-,-,15,1,37,26,7,1,-,2,26,6,-,211
,,250,29,153,-,1,-,-,40,4,67,38,13,6,3,3,62,4,-,423
,"SONSTIGE/NICHT GETYPT",,1427,2784,5,168,3,24,683,105,1109,990,524,128,246,123,483,348,1,9151
"MASSEY-FERGUSON (UK) ZUSAMMEN",,,3760,7478,10,281,5,44,2294,154,2422,2300,1355,324,405,229,1215,717,10,23003
"MG ROVER (UK)","DEFENDER 90,110,130,GELAE",005,51,83,5,18,2,11,40,4,63,75,42,17,19,10,34,11,1,486
,"DEFENDER 90,110,130/GELAE",006,62,76,6,13,-,10,28,13,50,76,42,5,14,11,23,12,-,441
,"FE 35 SPEZIAL",229,57,213,-,1,-,-,71,1,53,25,32,2,8,1,40,15,-,519
,TE-F,228,38,176,-,1,1,1,26,2,38,23,51,9,2,-,19,2,-,389
,"SONSTIGE/NICHT GETYPT",,536,800,55,120,13,90,404,54,546,881,311,72,98,70,247,96,7,4400
"MG ROVER (UK) ZUSAMMEN",,,744,1348,66,153,16,112,569,74,750,1080,478,105,141,92,363,136,8,6235
"MINSK TRAK-WERK (BY)","MTS 50",200,10,9,2,847,-,1,5,442,7,5,2,-,643,422,3,513,-,2911
,"MTS 52",205,-,-,-,159,-,-,1,87,2,-,1,-,165,102,-,213,1,731
,"MTS 550",203,-,-,1,574,-,-,-,349,2,-,-,-,297,313,1,287,1,1825
,"MTS 80",201,-,1,-,179,-,-,1,95,1,1,-,-,157,112,2,115,2,666
,"MTS 82",202,1,1,-,326,-,1,1,227,3,1,-,-,262,230,-,288,-,1341
,"SONSTIGE/NICHT GETYPT",,97,143,16,3073,1,-,58,2210,137,48,44,11,3861,2483,24,2426,4,14636
"MINSK TRAK-WERK (BY) ZUSAMMEN",,,108,154,19,5158,1,2,66,3410,152,55,47,11,5385,3662,30,3842,8,22110
"MITSUBISHI (J)",Canter,AAB,16,15,14,6,-,2,11,1,12,14,4,3,4,3,6,-,-,111
,,AAN,22,23,26,9,-,-,14,1,11,21,9,2,2,3,4,3,-,150
,,AAQ,20,18,26,2,-,-,2,2,5,24,7,2,3,3,2,4,-,120
,CANTER,524,20,25,2,4,-,-,13,4,2,8,12,2,10,1,-,4,-,107
,"SONSTIGE/NICHT GETYPT",,2583,2260,715,826,58,158,1434,254,967,2947,854,165,2053,709,409,724,3,17119
"MITSUBISHI (J) ZUSAMMEN",,,2661,2341,783,847,58,160,1474,262,997,3014,886,174,2072,719,421,735,3,17607
"MITSUBISHI (THA)","MITSUBISHI L 200",500,10,16,-,14,-,-,10,1,11,13,6,3,9,6,2,5,-,106
,,503,60,78,4,64,1,3,36,22,50,47,36,6,46,33,26,34,-,546
,,506,104,123,10,123,-,6,70,76,74,100,72,13,114,98,35,68,1,1087
,"Mitsubishi L200",AAA,269,338,19,212,5,5,181,186,195,236,115,20,254,200,75,222,1,2533
,,AAE,76,112,4,62,-,1,53,52,67,67,43,5,67,48,22,62,1,742
,,AAJ,66,111,5,36,1,3,33,54,45,61,26,5,47,39,12,49,-,593
,,AAK,75,104,4,50,1,1,54,75,42,48,34,7,70,68,11,82,-,726
,,AAL,150,185,4,108,2,5,65,84,85,100,68,9,104,85,24,90,2,1170
,,AAS,156,303,10,124,3,8,106,173,167,125,108,18,166,150,45,173,1,1836
,,AAT,647,1017,31,426,7,22,341,360,400,495,283,50,509,368,136,380,3,5475
,,AAV,568,899,84,328,11,20,341,290,426,502,305,30,500,372,176,374,3,5229
,"SONSTIGE/NICHT GETYPT",,86,160,10,75,3,6,72,72,94,161,69,10,105,68,38,110,1,1140
"MITSUBISHI (THA) ZUSAMMEN",,,2267,3446,185,1622,34,80,1362,1445,1656,1955,1165,176,1991,1535,602,1649,13,21183
MULTICAR,1400,212,18,36,4,5,-,7,16,2,22,18,10,1,2,2,8,2,-,153
,"Citymaster 1250",AAA,59,103,18,12,2,3,38,20,17,58,16,12,25,14,29,5,1,432
,"Citymaster 1600",AAK,20,56,32,11,-,1,15,8,6,73,12,1,11,5,26,2,-,279
,"Citymaster 1600,-1650",AAX,42,125,49,26,2,8,56,23,59,215,29,8,15,13,64,14,-,748
,"Citymaster 600",ABE,25,31,15,4,-,4,8,4,4,26,6,3,10,2,14,-,-,156
,"Citymaster 650",ABJ,25,55,9,5,-,2,15,9,23,42,11,3,17,10,21,4,-,251
,"Citymaster CM 2200; -2250",AAR,22,70,4,5,-,2,69,11,30,92,22,3,6,1,19,2,-,358
,"HAKOTRAC 2000",216,27,34,3,1,-,-,27,1,19,18,14,2,2,-,9,4,-,161
,"HAKOTRAC 2000 V",218,19,21,2,8,-,1,8,-,7,17,4,1,2,4,5,3,-,102
,"HAKOTRAC 2300 D",221,14,22,2,2,-,3,13,7,12,25,9,-,2,1,15,2,-,129
,"M 26...",014,5,22,35,130,1,1,13,38,8,12,4,2,296,105,4,168,-,844
,,015,32,46,26,219,-,-,20,70,34,20,16,5,785,170,5,486,-,1934
,"M 26.5",AAK,1,2,1,15,-,-,2,7,-,2,1,-,57,5,1,27,-,121
,"M 26.7; -A; -L; -...",AAV,5,1,1,25,-,-,4,6,1,2,-,-,68,10,-,26,-,149
,"M 27 B,-C",AAH,7,7,10,68,-,1,3,43,12,17,4,-,111,63,4,71,-,421
,"M 27 T;-B;-C;-compact",AAS,5,13,11,56,2,-,19,52,7,9,7,3,60,25,3,20,-,292
,"M 29-2,-G,-L,-T,-C",AAQ,72,102,6,6,-,-,30,8,18,48,7,2,10,4,16,9,-,338
,"M 30 B,-C;M 31 B,-C",AAJ,12,7,2,16,-,1,9,17,3,14,1,7,69,42,1,58,-,259
,"M 30;FUMO;FUMO Tipper",AAR,12,15,13,73,1,4,10,19,9,15,5,4,168,63,5,128,-,544
,"M 31 T;-B;-C;-H",AAU,40,20,20,138,-,-,48,144,27,86,21,17,391,202,19,314,-,1487
,,AAY,17,38,28,22,-,1,15,20,48,80,11,-,23,13,20,19,-,355
,M26.4,023,5,5,1,16,-,-,2,10,2,4,1,-,88,26,-,62,-,222
,"M27 Tipper",ABD,4,3,6,34,-,-,9,30,5,13,6,1,77,39,3,53,-,283
,"M30 A,L,00",024,20,21,6,57,-,2,12,21,8,19,4,4,152,38,-,133,-,497
,"MULTICAR M 25",001,5,13,6,80,-,-,2,38,7,8,3,-,112,44,4,96,-,418
,"MULTICAR M2501,M 25",008,3,10,-,61,1,-,5,19,6,3,5,3,53,42,4,47,1,263
,"MULTICAR M2510,M 25",010,25,58,11,346,-,3,26,143,32,19,18,7,657,258,4,466,-,2073
,"MULTICAR M2512,M 25",011,3,5,1,41,-,-,2,11,3,3,2,-,59,18,2,37,-,187
,WECHSELBEHAELT.,001,1,9,5,57,-,-,4,11,8,4,1,2,103,46,1,50,-,302
,"SONSTIGE/NICHT GETYPT",,1168,2004,779,2835,50,70,714,1048,969,1240,429,106,5243,2208,416,3843,7,23129
"MULTICAR ZUSAMMEN",,,1713,2954,1106,4374,59,114,1214,1840,1406,2202,679,197,8674,3473,722,6151,9,36887
"NISSAN (CH)","NISSAN e-NV200",AHZ,291,433,164,71,12,76,169,36,180,733,71,14,95,25,103,26,3,2502
,"NISSAN INTERSTAR",AAH,21,23,3,6,-,1,5,3,11,28,3,1,6,1,3,4,-,119
,"NISSAN NAVARA",AGK,663,945,27,257,3,27,309,261,470,637,320,58,276,200,199,292,3,4947
,,AGL,296,495,12,79,2,20,149,51,242,342,134,24,74,61,122,78,1,2182
,,AGU,71,112,3,78,-,3,45,51,82,94,42,3,50,46,32,100,3,815
,"NISSAN NAVARA,NISSAN NP30",AJS,1582,2222,93,564,16,102,730,486,1116,1734,729,129,522,459,505,580,10,11579
,,AJT,403,674,27,268,3,37,222,216,438,438,236,46,315,183,161,329,12,4008
,"Nissan NP300 Pick-Up",AFK,24,22,-,8,-,4,12,9,20,32,15,4,25,12,19,16,-,222
,"NISSAN NT400",AKX,18,21,5,5,-,3,8,-,5,17,5,2,6,3,2,4,-,104
,,AKZ,90,103,24,26,-,6,54,3,16,96,19,4,18,11,27,8,-,505
,"NISSAN NT400 CABSTAR,NISS",AGT,27,27,2,10,-,1,6,-,5,37,7,1,4,5,6,5,-,143
,"Nissan NV200",ADT,28,45,8,21,3,1,17,8,18,47,18,1,9,13,9,8,-,254
,,AEX,171,327,78,62,4,19,145,17,86,385,54,3,72,36,31,26,1,1517
,,AEY,38,68,9,35,2,6,25,20,31,82,17,9,19,13,15,14,-,403
,"Nissan NV200,NV200",AFL,410,538,110,192,18,75,215,123,221,997,126,47,152,91,161,51,-,3527
,,AFR,163,246,21,55,1,35,68,27,75,204,50,25,58,35,30,21,-,1114
,"NISSAN NV300",AKJ,58,128,4,25,1,17,29,6,16,51,14,6,19,6,10,10,-,400
,,AKK,87,144,13,32,-,19,35,8,41,101,13,5,22,21,9,3,-,553
,,AKL,22,45,14,18,-,1,14,3,17,35,5,2,6,11,5,2,-,200
,,AKM,131,216,13,44,2,16,82,19,57,133,31,5,42,11,37,11,-,850
,,AMA,98,172,28,57,-,6,52,16,46,155,25,7,36,16,23,7,-,744
,,AMB,99,227,4,28,-,10,41,4,25,69,14,9,32,10,12,9,-,593
,,AMC,33,47,3,11,-,4,8,5,2,13,6,-,6,2,3,2,-,145
,"NISSAN NV400",AGB,13,29,1,11,-,3,11,5,14,33,11,3,6,1,5,2,-,148
,,AGC,189,353,30,86,2,16,69,51,124,457,50,12,68,38,55,29,1,1630
,,AGD,13,35,4,8,-,-,10,-,10,24,10,1,2,3,17,3,-,140
,,AGI,41,54,3,17,3,10,22,10,17,48,7,5,18,8,13,4,-,280
,,AHB,89,148,6,23,3,3,32,14,19,78,17,3,18,11,16,7,-,487
,,AIF,47,62,10,13,1,3,23,7,15,51,12,-,3,4,21,7,-,279
,,AIG,58,72,8,25,-,5,33,11,25,79,12,2,18,4,25,6,-,383
,,AIH,34,67,-,3,2,2,19,7,14,31,5,3,11,5,13,3,-,219
,,AIO,21,53,-,2,-,1,22,3,8,21,3,-,12,2,4,4,-,156
,,AKR,76,149,4,22,-,5,35,10,34,49,18,2,38,15,21,6,-,484
,,AKS,180,362,30,84,2,22,122,36,103,317,48,11,60,27,110,20,-,1534
,,AKU,40,71,1,11,1,8,26,4,15,52,12,5,19,13,23,4,-,305
,,AMG,41,66,-,6,-,-,10,6,13,18,7,1,16,2,4,5,-,195
,"NISSAN PRIMASTAR",AAL,25,48,12,22,-,-,14,9,14,37,11,4,14,5,7,6,-,228
,,AAM,17,16,5,17,-,3,3,6,13,23,3,3,11,2,6,3,-,131
,,AEL,78,161,11,44,1,12,30,25,58,96,28,10,43,9,46,8,2,662
,,AEM,43,38,2,13,-,3,9,7,12,23,8,2,15,8,2,3,-,188
,"SONSTIGE/NICHT GETYPT",,729,689,120,253,19,95,318,160,300,776,194,68,240,132,234,169,6,4502
"NISSAN (CH) ZUSAMMEN",,,6558,9753,912,2612,101,680,3248,1743,4028,8673,2410,540,2476,1560,2146,1895,42,49377
"NISSAN (E)",Navara,AAB,55,75,5,28,1,2,41,29,48,69,33,9,39,32,14,29,1,510
,,AAC,269,343,22,136,6,13,166,100,227,333,132,35,153,109,84,144,1,2273
,,AAF,241,348,14,134,-,5,113,115,170,277,110,27,146,61,83,106,1,1951
,,AAG,30,61,2,8,1,4,18,9,42,48,17,3,17,10,12,11,-,293
,"NISSAN NAVARA",509,40,39,1,22,2,2,17,11,31,40,18,9,27,9,6,19,-,293
,"SONSTIGE/NICHT GETYPT",,368,464,55,215,14,23,207,123,309,492,175,59,251,161,106,139,2,3163
"NISSAN (E) ZUSAMMEN",,,1003,1330,99,543,24,49,562,387,827,1259,485,142,633,382,305,448,5,8483
"NISSAN EUROPE (F/NL)","INTERSTAR,NISSAN NV400",ABC,35,87,-,9,-,3,11,3,15,23,17,2,13,2,3,4,-,227
,,ABE,72,185,1,18,2,4,39,8,30,79,13,2,12,13,27,4,-,509
,,ABF,120,142,14,19,3,9,64,7,39,131,14,6,18,6,20,23,-,635
,"NISSAN e-NV200",AAQ,38,26,38,7,2,15,10,5,22,49,-,3,15,2,13,2,1,248
,"NISSAN KUBISTAR",072,17,18,10,25,-,1,10,14,28,20,12,3,14,14,11,14,-,211
,,ABI,18,21,7,16,-,3,4,4,8,37,11,3,12,8,5,3,-,160
,"NISSAN NAVARA",AAH,58,84,7,28,-,2,25,27,42,60,24,3,33,19,25,52,-,489
,,AAI,190,270,9,82,6,9,81,55,116,208,65,7,79,48,71,73,-,1369
,"NISSAN PRIMASTAR",060,14,14,5,8,-,3,4,6,13,31,2,4,3,3,6,1,-,117
,,061,20,21,2,6,2,-,11,6,6,23,9,3,10,3,-,4,-,126
,,ADJ,18,23,4,10,-,4,9,7,9,18,6,3,4,-,5,3,-,123
,,ADK,16,16,8,8,-,2,10,7,9,22,3,2,7,1,3,4,-,118
,"NV300,NISSAN NV300",AAR,19,43,-,3,-,-,6,4,4,19,4,-,8,1,1,1,-,113
,,AAS,25,25,1,8,-,1,10,7,5,26,2,-,-,1,1,-,-,112
,PRIMASTAR,ABI,76,193,19,59,1,13,39,13,33,104,16,1,21,13,31,8,-,640
,"PRIMASTAR,NISSAN NV300",AAU,73,157,7,16,-,3,25,4,23,90,17,9,16,8,6,10,-,464
,,AAV,45,91,22,25,1,3,25,12,13,101,21,5,10,11,15,5,-,405
,"PRIMASTAR,NV300,NISSAN NV",AAT,26,41,2,4,-,1,2,5,8,11,4,2,9,3,6,1,-,125
,TOWNSTAR,ABK,154,246,74,53,2,29,110,29,54,271,50,6,52,33,25,50,-,1238
,,ABO,165,218,23,55,7,14,93,20,83,237,46,8,47,32,26,26,-,1100
,"SONSTIGE/NICHT GETYPT",,229,266,53,122,3,23,130,59,144,304,109,24,123,65,45,57,1,1757
"NISSAN EUROPE (F/NL) ZUSAMMEN",,,1428,2187,306,581,29,142,718,302,704,1864,445,96,506,286,345,345,2,10286
OPEL,Combo,AEW,202,197,44,84,5,9,143,32,107,256,57,12,145,60,44,101,6,1504
,,AEX,12,13,2,27,3,1,13,17,30,27,11,2,39,21,5,19,-,242
,,AEY,137,172,21,79,9,7,116,60,130,174,96,13,127,73,31,98,-,1343
,,AEZ,311,418,66,236,13,29,245,248,405,559,165,29,367,206,114,260,1,3672
,,AMS,83,94,26,36,4,2,65,23,44,99,47,4,75,32,17,45,-,696
,,AMT,49,93,1,18,2,2,59,25,62,102,46,6,66,24,14,58,-,627
,,AMU,214,260,55,145,16,8,162,130,252,402,124,19,210,118,61,153,-,2329
,COMBO,003,50,45,13,35,1,6,38,17,27,62,19,3,70,21,8,23,1,439
,,004,107,100,14,69,8,8,76,71,156,145,68,13,125,79,44,67,1,1151
,,005,51,101,20,111,7,13,52,97,162,161,53,13,159,109,52,88,1,1250
,,096,35,42,7,17,-,3,26,8,31,54,14,4,29,8,4,17,-,299
,,097,63,90,23,76,4,9,42,68,116,127,34,6,101,72,27,61,-,919
,,098,27,46,6,19,-,1,23,21,32,38,22,3,27,19,8,27,-,319
,,124,26,18,6,20,-,1,19,5,15,73,8,4,31,14,4,10,-,254
,,126,28,36,7,32,3,1,26,13,56,47,27,7,33,22,15,20,-,373
,"Combo Van",AQW,74,81,5,33,2,8,59,30,60,93,38,5,38,14,32,37,-,609
,,ARV,65,58,12,14,1,-,46,9,24,57,19,3,32,13,7,29,-,389
,,ARW,180,230,34,66,6,11,124,77,166,278,82,15,98,44,51,65,-,1527
,,ARX,88,117,9,17,8,4,49,20,53,105,40,7,40,22,21,22,-,622
,,ARZ,13,29,-,4,-,-,10,3,9,16,7,2,3,3,1,6,-,106
,,ASA,12,15,7,10,1,-,10,4,11,10,6,2,2,7,-,6,-,103
,,AZS,313,425,106,101,8,35,243,85,187,429,156,7,180,77,107,120,1,2580
,,AZT,213,346,128,129,34,45,203,137,288,494,143,15,228,89,98,122,2,2714
,,AZU,282,516,70,68,44,19,244,84,222,475,127,17,177,56,59,103,-,2563
,,AZV,19,23,4,2,-,-,13,5,13,12,2,4,8,5,3,7,-,120
,,AZW,30,39,1,8,2,2,23,6,16,24,11,-,11,2,3,11,-,189
,,AZX,33,23,13,16,-,1,15,14,112,32,13,12,7,20,5,9,-,325
,,AZY,66,72,4,15,2,7,36,3,19,65,16,3,29,12,5,10,-,364
,,BIL,57,108,7,19,1,5,40,9,23,59,15,1,26,8,15,16,-,409
,,BIN,248,292,95,76,12,40,179,88,291,411,149,11,116,62,79,79,-,2228
,COMBO-C-V-C.,113,24,16,10,16,-,1,20,4,18,52,8,6,10,6,2,6,-,199
,Combo-C-Van-CNG,AGB,63,64,25,24,3,3,35,14,35,106,15,7,19,23,8,19,-,463
,,AMV,17,15,6,9,2,1,6,7,24,33,9,5,6,6,4,3,-,153
,"Combo-e Cargo",AML,169,277,27,39,11,20,142,56,289,389,60,23,54,22,50,50,2,1680
,"Combo,COMBO",AGY,409,737,134,125,16,89,273,177,331,793,178,29,229,94,87,118,2,3821
,,AIQ,869,1471,276,280,85,177,803,553,1230,2243,401,77,578,288,282,453,1,10067
,,AJD,209,381,96,65,18,26,205,78,186,450,142,23,194,54,67,97,2,2293
,,AJN,169,223,94,103,4,28,121,74,152,378,53,27,119,65,82,53,-,1745
,,AKN,11,25,20,5,-,3,5,6,5,23,3,1,5,5,1,4,-,122
,Movano,AAZ,265,480,38,55,11,22,125,81,254,472,86,14,109,49,106,80,-,2247
,,ABA,182,413,34,42,5,6,92,51,109,254,72,16,92,31,48,57,-,1504
,,ABB,23,58,8,1,-,1,22,2,16,32,11,1,16,11,5,36,-,243
,,ABC,107,177,5,21,1,2,48,21,52,89,21,6,46,17,18,24,-,655
,,ABD,73,109,29,92,5,13,44,20,60,109,27,4,29,23,36,14,-,687
,,ABP,18,30,-,1,1,-,4,1,9,32,4,-,1,-,-,1,-,102
,,ABT,86,187,13,18,9,15,62,21,77,145,32,10,36,52,39,41,-,843
,,ABU,43,92,4,9,3,-,35,16,20,75,28,-,36,14,15,16,-,406
,,ABV,14,24,1,1,-,4,17,3,10,26,19,2,5,-,4,4,-,134
,,ABW,39,32,8,11,-,3,19,18,12,75,5,1,27,15,17,16,-,298
,,ABX,44,67,33,8,-,1,18,6,12,105,15,1,32,10,12,21,-,385
,,ABZ,10,23,2,3,-,1,7,4,9,21,7,-,4,7,1,12,-,111
,,AKK,264,623,49,64,11,14,170,59,196,449,100,13,159,50,107,101,1,2430
,,AKL,123,239,21,32,-,3,55,34,64,171,49,4,56,20,30,33,-,934
,,AKM,349,671,72,394,14,33,203,88,470,806,153,42,217,72,180,138,-,3902
,,ALN,75,114,8,13,2,2,18,12,17,56,27,3,38,6,9,15,-,415
,,ALO,19,39,5,2,-,-,10,3,8,14,9,-,10,5,4,8,-,136
,,ALP,77,151,14,8,3,9,31,20,56,98,26,3,43,26,21,23,-,609
,,ALS,26,17,1,4,-,-,18,6,4,30,13,-,16,19,5,19,-,178
,,AMP,33,47,5,12,4,2,18,6,18,56,14,3,20,13,7,11,-,269
,,ANP,113,161,30,35,9,6,59,38,95,183,34,19,62,25,37,29,-,935
,,ANQ,667,1176,85,176,21,38,394,184,491,967,273,35,299,127,167,198,-,5298
,,ANR,220,344,20,54,3,4,85,52,130,250,82,18,62,25,34,49,-,1432
,,AON,278,359,39,58,9,15,165,68,155,305,85,12,154,80,92,103,-,1977
,,AOO,25,40,2,3,-,1,13,1,6,31,18,2,12,5,3,4,-,166
,,AYO,33,74,1,3,1,2,16,10,15,32,14,-,15,9,10,3,-,238
,,AYP,138,202,16,20,2,2,54,27,50,129,42,6,36,12,39,36,-,811
,,BDC,74,181,18,31,3,6,58,32,120,188,43,30,44,22,48,23,-,921
,,BDD,150,306,10,50,5,8,78,35,140,210,63,10,67,34,29,33,-,1228
,,BDE,71,164,5,17,2,3,47,17,39,88,33,4,35,15,16,26,-,582
,,BDG,59,71,4,10,1,3,16,17,28,43,16,2,19,11,9,11,-,320
,,BDH,20,51,3,2,-,-,14,6,13,26,6,-,19,2,4,6,-,172
,,BJQ,43,85,7,11,2,6,19,19,33,66,21,2,24,31,20,22,-,411
,,BJR,22,21,-,-,-,1,5,5,15,18,10,2,9,8,8,7,-,131
,,BJT,10,20,3,7,-,2,8,2,9,58,7,-,12,4,11,4,-,157
,,BKA,123,190,17,27,2,7,72,35,90,207,39,3,39,16,33,28,-,928
,,BKB,45,105,14,8,-,-,24,10,33,46,24,1,22,5,5,9,-,351
,Vivaro,AFF,11,31,9,3,-,1,14,9,30,37,2,1,5,5,2,3,-,163
,,AFG,39,56,9,15,-,3,18,15,36,82,21,8,26,16,6,10,-,360
,,AFI,18,37,3,3,-,-,9,11,30,29,11,1,8,3,3,4,-,170
,,AGF,5,16,-,11,-,-,26,8,24,18,10,2,11,6,1,7,-,145
,,AGP,27,24,2,9,-,1,14,2,5,18,4,-,14,4,1,6,-,131
,,AGS,242,368,77,109,18,27,128,75,266,459,97,18,108,74,96,36,1,2199
,,AGT,548,753,99,156,20,30,352,118,356,768,219,38,275,108,118,140,-,4098
,,AGU,20,29,11,5,2,1,9,5,9,35,10,-,2,7,3,1,-,149
,,AGV,135,194,18,46,3,7,69,42,97,205,68,14,37,20,26,33,-,1014
,,AQO,349,431,105,106,17,30,192,92,325,552,105,14,123,61,125,35,-,2662
,,AQP,1041,1524,169,262,43,85,613,256,679,1626,386,48,392,195,260,242,-,7821
,,AQQ,26,59,3,7,-,3,18,10,24,40,15,-,14,5,4,7,1,236
,VIVARO,001,153,161,38,68,7,14,76,60,151,248,73,12,83,34,56,27,1,1262
,,002,259,300,54,69,17,15,133,70,252,416,131,28,130,64,96,75,2,2111
,,010,19,33,2,13,1,2,15,5,21,24,14,3,10,3,11,10,-,186
,Vivaro-B,AGU,309,578,126,94,10,13,221,72,172,519,134,22,192,41,56,116,-,2675
,,AGV,156,347,27,49,4,27,141,56,71,184,99,12,96,31,30,68,-,1398
,,AGW,135,168,258,44,22,31,116,47,133,310,30,9,99,27,57,20,-,1506
,,AGX,404,518,67,80,22,36,243,123,345,1811,128,15,144,58,91,106,-,4191
,,BCY,139,264,16,52,4,18,61,46,56,113,43,3,70,28,31,47,-,991
,,BCZ,333,603,55,112,35,15,275,126,264,535,170,21,234,79,120,137,-,3114
,,BDA,239,460,49,66,13,25,156,115,174,381,110,11,100,71,89,77,-,2136
,,BDB,274,401,91,86,15,29,299,64,308,519,112,13,90,47,116,39,1,2504
,,BIV,166,320,22,42,16,15,84,44,156,280,76,9,88,31,64,67,-,1480
,,BIW,96,193,15,30,1,10,71,29,65,107,48,8,55,25,18,56,-,827
,,BIX,147,139,40,29,12,15,98,31,105,259,47,6,39,22,47,11,1,1048
,,BIY,217,253,36,37,19,16,112,67,126,263,82,5,76,33,33,35,1,1411
,"SONSTIGE/NICHT GETYPT",,1103,1563,358,385,36,91,881,262,1064,1771,673,80,591,297,352,308,134,9949
"OPEL ZUSAMMEN",,,15599,24274,3877,5539,801,1420,10596,5268,13668,26924,6930,1110,8847,4141,4658,5476,163,139291
"PEUGEOT (F)",BIPPER,ANO,144,129,54,72,9,32,106,39,108,223,89,58,62,32,54,32,-,1243
,Boxer,AQS,11,31,-,6,-,1,13,3,9,12,12,9,10,6,2,3,-,128
,,AQT,335,443,56,87,11,38,173,55,186,479,157,98,65,53,122,40,-,2398
,,AQU,66,115,15,19,-,3,56,17,23,108,51,35,19,26,17,4,-,574
,,AQV,1031,1522,150,208,20,83,546,135,429,1160,469,231,227,159,276,123,-,6769
,,AQW,25,31,1,2,-,-,15,1,3,18,4,4,3,4,-,1,-,112
,,AQX,216,367,22,41,5,13,127,25,82,241,110,54,41,38,44,31,-,1457
,,ATZ,60,72,5,21,2,3,49,9,19,89,43,20,14,17,9,6,-,438
,,AUA,15,32,1,2,-,3,14,3,6,16,19,6,5,4,3,3,-,132
,,AUB,18,23,1,3,1,-,11,1,4,26,10,7,5,3,6,2,-,121
,,AXF,174,300,38,35,10,29,150,51,118,308,131,80,31,32,124,22,-,1633
,,AXG,929,1542,120,159,33,88,576,110,444,1214,458,230,237,174,288,137,-,6739
,,AXH,18,23,4,7,-,-,18,3,3,30,15,12,5,12,3,4,-,157
,,AXI,89,189,9,37,2,4,116,22,25,199,73,52,34,28,14,27,-,920
,,AXJ,404,877,55,72,12,39,297,54,157,530,230,122,114,62,115,66,-,3206
,,AYS,99,162,3,9,-,-,74,3,36,103,116,24,22,11,16,12,-,690
,,AYT,21,39,2,7,-,1,13,2,5,29,10,12,7,3,4,3,-,158
,"Boxer,BOXER",AQO,211,319,23,24,6,7,73,11,57,136,72,42,22,13,35,26,-,1077
,EXPERT,039,11,14,1,9,-,4,8,4,15,15,9,10,12,2,7,9,-,130
,,068,42,31,6,11,2,6,22,4,15,27,43,27,15,4,7,4,-,266
,,081,17,15,3,5,-,3,8,2,7,18,17,9,4,4,5,7,-,124
,,AON,137,126,26,24,2,16,79,29,65,275,61,50,27,17,74,9,-,1017
,,AOQ,49,63,6,11,1,3,36,4,31,58,30,8,25,4,17,3,-,349
,,AQE,473,448,62,105,16,42,240,53,175,437,216,90,188,71,93,63,-,2772
,,AWS,42,70,14,11,-,12,52,6,22,83,27,13,14,13,44,7,-,430
,,AWY,145,181,33,35,2,16,113,24,42,227,71,36,47,23,26,11,-,1032
,"MOVANO,BOXER",AQJ,434,754,235,134,19,46,320,45,255,772,241,178,127,70,207,88,-,3925
,,AQL,23,29,1,5,-,-,16,1,5,23,15,8,10,7,2,8,-,153
,,BAM,1233,2992,203,318,63,108,1689,252,1010,2312,616,367,430,278,439,264,-,12574
,,BAN,537,1391,91,82,16,33,579,59,274,759,249,119,142,63,125,125,-,4644
,,BAU,83,201,18,23,3,4,84,16,27,333,112,90,50,41,16,20,-,1121
,,BAV,94,239,3,13,-,1,94,11,40,188,96,22,20,33,21,13,-,888
,PARTNER,046,9,13,4,2,-,-,7,5,9,22,6,8,6,4,5,3,-,103
,,064,19,27,2,19,-,1,13,5,25,41,13,15,20,11,19,3,-,233
,,069,11,14,-,5,-,1,12,2,9,15,11,8,7,5,3,5,-,108
,"PARTNER OD. RANCH",ASB,24,21,-,4,-,-,10,1,8,10,9,6,2,6,1,2,-,104
,"PARTNER OD. RANCH,PARTNER",AMT,571,609,104,148,22,52,347,110,235,644,327,201,208,113,118,73,1,3883
,"PARTNER,PARTNER OD. RANCH",AMU,253,249,120,158,17,56,229,84,224,538,136,89,195,98,184,68,-,2698
,,AOS,124,151,41,50,2,13,98,10,35,136,53,28,56,26,45,21,-,889
,,ASZ,46,129,14,6,1,4,44,5,22,90,32,14,16,11,21,8,-,463
,,AWE,548,558,116,120,33,74,419,84,176,688,290,161,169,86,141,90,1,3754
,,AWF,42,109,2,8,3,2,35,17,12,34,25,16,17,11,6,13,-,352
,"Peugeot Bipper",AHF,20,33,14,21,-,2,16,5,20,52,14,11,23,14,8,10,-,263
,,AHG,114,120,24,65,2,17,70,37,80,175,49,51,61,39,50,23,-,977
,"PEUGEOT BOXER",ADZ,179,208,49,64,3,17,122,35,133,274,73,54,47,35,51,13,-,1357
,,AEA,604,681,99,123,17,43,305,59,274,623,217,177,155,94,116,62,-,3649
,,AEB,16,22,3,4,-,-,9,5,8,19,13,1,9,7,-,1,-,117
,,AEC,54,63,6,12,3,3,25,1,18,71,32,24,21,23,8,6,-,370
,,AEJ,134,157,9,12,3,7,62,17,54,106,49,39,18,10,20,15,-,712
,,AFJ,58,63,3,18,4,2,37,11,31,43,40,23,24,19,12,10,-,398
,"PEUGEOT BOXER 2.0 HDI",094,18,17,1,5,2,-,5,1,11,26,11,12,5,5,7,4,-,130
,"PEUGEOT BOXER 2.2 HDI",097,57,48,10,15,1,4,20,3,21,54,32,29,23,10,7,8,-,342
,"PEUGEOT BOXER 2.8 HDI",095,59,42,7,4,2,2,23,7,14,42,25,30,7,4,10,6,-,284
,"Peugeot Expert",AFD,205,175,29,48,12,21,97,25,92,199,102,66,64,35,48,16,-,1234
,,AFE,63,51,12,12,1,4,28,7,17,48,28,9,19,14,5,12,-,330
,,AFF,115,121,35,41,6,9,58,26,105,219,62,32,45,30,42,13,-,959
,"PEUGEOT PARTNER",103,16,21,2,20,-,1,15,16,33,25,23,24,25,11,9,9,-,250
,,104,25,19,1,9,1,2,15,7,23,27,25,26,19,13,6,5,-,223
,,AAL,58,56,15,38,2,4,34,24,44,76,39,32,35,25,25,15,-,522
,,AAM,34,26,6,21,2,-,20,4,12,30,27,28,23,11,11,6,-,261
,"PEUGEOT PARTNER,Peugeot P",AHR,17,22,6,6,1,-,7,4,14,16,11,4,12,7,4,4,-,135
,,AHS,63,62,13,38,2,13,45,22,50,119,30,22,47,28,13,10,-,577
,,AHT,173,179,27,55,4,14,92,32,96,246,92,80,71,41,41,30,-,1273
,"SCUDO,EXPERT,VIVARO",AXZ,577,1114,149,186,11,130,276,119,211,648,246,87,217,92,135,142,1,4341
,,BAK,268,1048,197,71,21,216,243,31,247,530,55,21,213,54,97,59,-,3371
,,BAL,829,1097,402,138,51,168,1064,146,467,1593,309,33,272,121,242,209,-,7141
,,BBW,536,747,341,97,31,155,374,79,480,1883,271,27,183,49,203,108,4,5568
,,BCD,933,2148,373,206,60,222,811,132,696,2301,479,110,583,181,230,342,-,9807
,"VIVARO,EXPERT",AWZ,1136,1752,468,302,55,231,1025,262,882,3820,493,260,543,255,393,246,2,12125
,,AXA,546,981,100,117,14,72,402,108,266,765,298,98,250,102,116,166,4,4405
,"SONSTIGE/NICHT GETYPT",,1644,2557,307,408,85,257,1437,212,1207,2661,981,549,621,347,448,289,5,14015
"PEUGEOT (F) ZUSAMMEN",,,17384,28280,4372,4273,709,2457,13718,2814,10058,29357,8900,4628,6365,3354,5115,3298,18,145100
"PIAGGIO (I)","APE CAR TM",020,62,60,3,2,2,3,30,1,15,58,13,7,10,2,6,6,-,280
,"DAIHATSU HIJET,PIAGGIOPTR",018,52,56,15,5,4,10,26,3,32,56,12,4,17,6,8,11,-,317
,"P 2",012,53,61,1,2,2,4,33,-,29,48,8,5,3,7,4,1,-,261
,PORTER,AKG,23,19,1,3,-,3,8,-,8,10,6,-,10,10,5,3,-,109
,,AKT,17,37,5,2,2,6,13,-,13,30,5,-,2,-,5,3,-,140
,"PORTER MAXXI HS,PORTER MA",AKQ,416,335,18,31,13,45,204,32,82,289,83,21,163,122,71,63,-,1988
,"PORTER MAXXI,PORTER",AHZ,38,49,1,11,-,5,13,8,18,22,10,1,20,18,5,11,-,230
,,AIC,156,103,4,15,8,30,46,8,40,63,23,2,47,43,27,14,-,629
,"PORTER NP6",AOM,240,110,13,11,4,13,76,14,21,115,39,4,54,37,26,22,-,799
,"PORTER;PORTER MAXXI",AGN,70,58,4,11,5,22,24,3,22,38,11,2,15,18,8,22,-,333
,"VESPA CAR KIPPER",011,49,50,1,4,-,-,32,-,17,34,23,3,2,1,2,1,-,219
,"SONSTIGE/NICHT GETYPT",,651,674,56,59,22,70,297,38,220,473,135,33,155,102,89,111,1,3186
"PIAGGIO (I) ZUSAMMEN",,,1827,1612,122,156,62,211,802,107,517,1236,368,82,498,366,256,268,1,8491
"POLARIS (CH)","SONSTIGE/NICHT GETYPT",,719,2183,143,178,9,37,717,184,431,1584,435,75,546,317,392,463,2,8415
"POLARIS (CH) ZUSAMMEN",,,719,2183,143,178,9,37,717,184,431,1584,435,75,546,317,392,463,2,8415
"PSA AUTOMOBILES (F)","Berlingo,Partner,Rifter,D",AAI,875,1069,233,221,33,154,606,132,374,1241,472,165,497,130,183,163,14,6562
,,ABB,919,1105,224,282,42,222,1119,173,514,2062,450,200,547,253,288,227,-,8627
,,ABE,324,326,53,85,22,41,187,27,102,384,111,63,132,56,46,49,-,2008
,"e-Berlingo VAN,e-Partner,",AEF,245,298,44,35,8,42,185,24,205,470,101,27,113,44,101,53,-,1995
,"PARTNER,RIFTER,BERLINGO",ABC,217,237,51,71,11,28,170,36,137,425,132,69,129,71,54,55,1,1894
,,ABD,78,60,23,37,4,12,42,29,68,268,39,8,57,23,19,28,-,795
,,ACA,47,41,35,16,1,4,25,2,6,73,15,16,15,7,6,3,-,312
,"RIFTER,PARTNER,BERLINGO",ABL,139,97,57,99,8,37,98,31,101,669,107,23,107,45,44,25,-,1687
,"SONSTIGE/NICHT GETYPT",,14,16,16,2,-,-,24,2,44,39,3,2,12,1,2,1,-,178
"PSA AUTOMOBILES (F) ZUSAMMEN",,,2858,3249,736,848,129,540,2456,456,1551,5631,1430,573,1609,630,743,604,15,24058
"RENAULT (F)","75-14 TS,RS,RA",825,17,37,-,1,-,-,6,-,17,11,6,-,-,-,4,1,-,100
,ALASKAN,BHM,137,150,17,74,4,6,61,32,84,126,40,13,69,45,58,46,1,963
,"CERES 75,X/R 3422",878,19,41,-,-,-,-,15,-,6,19,5,-,1,-,4,-,-,110
,"CERES 85,X/R 3442",880,24,40,-,-,-,-,16,1,15,20,14,1,-,-,3,1,-,135
,"CERES 95,X/R 3472",882,27,68,-,3,-,-,23,-,32,35,6,1,3,1,7,2,-,208
,CLIO,BEZ,39,38,6,9,1,3,41,4,22,528,17,7,9,6,4,22,-,756
,,BGR,13,11,12,15,1,-,17,6,9,160,3,2,5,1,3,5,-,263
,"EXPRESS,KANGOO EXPRESS",BNT,117,103,375,241,18,28,132,46,152,302,72,56,122,112,71,108,-,2055
,,BNU,181,303,102,88,2,36,105,56,171,324,121,49,155,55,40,61,-,1849
,,BNV,272,333,85,86,13,20,145,32,120,369,89,34,160,48,57,46,-,1909
,Kangoo,AQZ,35,28,10,12,-,1,10,1,17,45,10,2,25,11,11,13,-,231
,,ARB,38,28,9,16,1,1,34,6,29,56,20,8,15,10,3,7,-,281
,,ARC,262,287,108,144,6,10,129,63,195,406,104,44,139,79,56,76,-,2108
,,ARL,170,173,142,185,6,10,108,73,204,377,69,37,196,72,65,75,-,1962
,,ASY,45,43,36,31,3,6,31,12,22,66,17,3,36,18,14,20,-,403
,KANGOO,AVN,32,20,6,12,-,2,13,4,16,45,6,5,18,8,6,5,-,198
,,AXB,34,24,17,22,3,2,19,7,15,28,27,2,16,11,6,10,-,243
,,AXC,35,64,55,59,6,8,33,16,90,150,27,14,71,40,23,17,-,708
,,AXD,147,181,76,73,6,10,97,31,105,227,50,23,105,52,40,34,-,1257
,,AXF,104,108,25,38,5,3,52,12,42,136,44,12,52,24,20,19,-,696
,,AXG,1878,1890,759,876,87,160,1082,360,1369,3217,668,198,1021,765,464,429,-,15223
,,AXI,104,78,91,73,1,3,39,10,34,84,47,8,57,20,18,16,-,683
,,AXP,840,716,1285,1220,76,185,615,328,981,1762,331,213,956,465,392,496,2,10863
,,BBM,505,696,128,204,4,25,359,71,252,1442,189,88,254,111,60,112,-,4500
,,BCD,227,172,385,194,8,24,128,37,88,336,57,5,87,48,74,72,-,1942
,,BHI,11,13,67,41,-,2,12,5,4,33,8,1,4,8,6,11,-,226
,,BLK,11,17,2,14,-,3,8,4,28,17,10,3,12,6,2,2,-,139
,,BLL,264,368,388,173,6,114,200,59,222,726,98,44,365,698,214,93,-,4032
,,BLM,421,250,59,48,-,39,341,23,120,734,61,26,104,38,9,58,-,2331
,"KANGOO EXPRESS Z.E.,KANGO",AYJ,1363,1262,166,128,18,134,542,77,605,1518,406,69,214,105,297,111,25,7040
,"Kangoo Rapid",AIO,130,87,49,63,7,6,55,16,74,181,52,8,113,39,10,34,-,924
,,AIQ,191,216,159,213,16,20,147,80,262,437,84,35,237,101,83,79,-,2360
,,AIR,178,185,63,136,10,8,81,39,145,233,64,25,119,47,30,51,-,1414
,,AIT,32,29,39,71,1,5,24,17,58,88,12,4,61,38,20,25,-,524
,"KANGOO RAPID",006,99,54,62,63,3,10,48,19,79,168,32,14,111,53,18,25,-,858
,,007,32,15,8,10,2,2,12,1,13,34,8,3,13,9,3,5,-,170
,,008,5,12,4,18,-,1,3,11,20,19,2,4,18,13,7,8,-,145
,,009,47,35,8,39,2,7,13,5,72,55,13,14,35,28,29,19,-,421
,,014,28,38,3,25,1,1,22,16,33,40,15,3,26,13,12,12,-,288
,,026,7,12,3,8,-,1,9,2,16,13,17,5,8,11,4,7,-,123
,,041,11,30,-,8,-,1,14,6,12,9,8,3,25,10,6,24,-,167
,,044,58,42,16,19,-,-,21,4,27,58,12,4,40,12,1,14,-,328
,,053,130,147,46,163,8,15,83,55,224,221,72,42,203,96,77,87,-,1669
,,059,21,32,12,49,-,1,12,19,59,55,14,5,52,24,13,17,-,385
,,061,14,23,4,19,-,1,4,5,17,23,15,7,47,16,7,13,1,216
,,066,87,112,22,89,3,6,59,22,88,111,40,20,62,31,26,33,-,811
,"KANGOO VAN E-TECH ELECTRI",BPS,285,312,117,60,7,42,132,32,183,320,53,9,88,41,89,48,-,1818
,"KANGOO VAN,KANGOO",BPA,64,76,67,19,1,10,36,1,43,162,26,5,78,19,19,43,-,669
,,BPB,52,53,27,12,-,2,20,4,9,50,7,6,17,3,8,5,-,275
,,BPC,30,17,92,41,2,18,14,9,19,61,7,-,36,25,25,11,-,407
,,BPD,197,211,241,88,7,63,176,26,120,463,69,25,158,42,108,46,-,2040
,,BPG,36,35,12,17,1,7,19,3,38,183,8,9,26,2,8,29,-,433
,MASTER,016,8,18,1,5,2,1,10,6,11,18,9,3,7,7,2,1,-,109
,,030,34,36,22,29,2,2,22,9,35,68,14,6,23,18,14,9,-,343
,,043,39,36,24,26,6,6,17,10,42,90,26,11,31,12,26,4,-,406
,,044,21,16,4,3,-,1,9,3,7,19,5,3,2,-,4,4,-,101
,,045,139,152,21,37,4,8,66,21,90,175,51,24,52,18,31,23,-,912
,,046,20,23,14,1,-,3,6,4,25,44,7,4,16,-,8,4,-,179
,,540,23,18,5,14,1,4,17,3,27,35,17,2,14,9,10,7,-,206
,,541,47,46,5,17,-,4,21,9,33,51,28,19,18,8,10,4,-,320
,,543,20,17,2,7,-,1,11,1,11,20,17,5,5,7,7,8,-,139
,,AHO,64,90,9,21,1,5,25,12,50,95,22,16,19,8,10,10,-,457
,,AHP,26,37,10,17,1,4,7,2,31,53,12,8,19,5,19,7,-,258
,,ALF,1,1,-,-,-,-,2,1,-,-,-,-,-,-,-,-,218,223
,,ALX,557,634,306,286,15,30,244,70,349,817,178,61,195,87,140,82,1,4052
,,ALY,163,182,150,130,12,10,72,45,228,310,58,10,85,53,61,25,-,1594
,,ALZ,82,92,10,18,1,1,25,5,28,95,23,9,14,8,12,11,-,434
,,AMF,41,51,8,13,2,-,20,4,15,67,14,8,11,4,9,8,-,275
,,AMG,41,30,18,17,-,1,17,8,15,38,11,5,18,8,7,11,-,245
,,AML,32,67,6,28,1,2,27,8,34,77,22,15,19,14,25,11,1,389
,,AMM,21,20,8,8,-,1,5,4,16,24,14,4,5,1,5,3,-,139
,,AVP,25,51,10,14,3,1,18,5,22,45,9,10,10,13,12,5,-,253
,,AXJ,203,264,308,259,14,16,115,49,238,409,67,32,87,46,104,44,-,2255
,,AXK,1431,1887,588,737,85,96,623,240,1095,1978,540,182,528,267,489,238,1,11005
,,AXL,660,678,214,254,22,23,324,122,324,725,183,54,231,101,117,111,-,4143
,,AXM,12,7,14,13,-,-,9,2,2,14,3,1,19,7,7,2,-,112
,,AXN,332,422,124,179,11,13,200,64,231,437,131,64,177,96,101,69,1,2652
,,AXO,215,283,77,113,-,4,118,33,113,242,90,61,113,52,43,43,-,1600
,,BAV,1351,1874,415,488,66,91,699,250,893,1536,474,140,504,144,386,244,-,9555
,,BAW,127,140,26,50,1,10,81,35,73,172,54,21,50,19,27,19,-,905
,,BCY,226,285,646,546,12,18,152,129,295,523,73,55,135,89,238,84,-,3506
,,BCZ,1191,1737,767,622,50,170,756,230,1014,2536,585,209,565,211,630,215,1,11489
,,BDA,228,354,47,83,10,12,139,33,128,240,137,26,106,34,51,41,-,1669
,,BDB,30,28,13,24,2,4,18,12,11,38,12,-,27,9,28,12,-,268
,,BDC,145,183,51,88,1,16,91,29,81,149,72,32,86,45,34,28,-,1131
,,BDD,141,199,56,47,2,13,98,17,74,331,63,33,38,17,17,29,-,1175
,,BGG,289,431,43,70,5,11,97,37,152,364,82,30,89,39,66,34,1,1840
,,BGH,1040,1260,608,604,43,61,423,183,830,2652,320,88,347,161,392,176,-,9188
,,BGJ,60,69,26,15,1,5,41,8,15,76,22,7,18,9,6,9,-,387
,,BGK,171,235,88,167,5,41,114,53,118,228,69,21,93,60,82,45,-,1590
,,BMF,484,704,69,149,16,13,172,48,309,562,197,58,185,49,109,81,-,3205
,,BML,34,46,4,3,-,-,19,6,9,23,11,7,1,4,3,2,-,172
,NV250,AAD,57,155,9,53,3,18,28,14,32,119,29,6,40,25,14,13,-,615
,,AAE,41,63,14,54,-,21,34,18,27,92,19,7,29,20,23,7,-,469
,"R 421",263,40,33,-,-,-,-,19,-,2,9,16,-,-,1,2,-,-,122
,"R 421 M",282,49,31,-,-,-,-,26,-,3,15,20,1,1,1,2,3,-,152
,"R 461",259,91,62,-,1,-,-,30,1,20,27,37,1,1,1,5,2,-,279
,,285,82,42,-,-,-,-,50,-,11,30,25,-,3,-,4,6,-,253
,"R 480 S",288,16,34,-,1,-,-,8,-,3,3,39,-,-,-,1,-,-,105
,"R 50",203,152,27,-,1,-,1,17,-,7,10,132,1,1,-,-,2,-,351
,"R 53",201,28,31,-,-,-,-,15,-,4,4,16,1,1,-,2,3,-,105
,"R 55",217,31,55,-,-,-,-,1,-,2,2,4,-,-,1,-,5,-,101
,"R 551",260,202,203,-,6,-,-,78,1,58,135,82,6,2,5,20,6,1,805
,"R 551 S",806,58,48,-,1,-,-,22,-,11,30,18,1,-,-,8,3,-,200
,"R 551-4",276,34,50,-,1,-,-,15,1,33,35,7,-,1,1,6,1,-,185
,"R 551-4 S",807,35,62,-,1,-,-,31,-,27,27,13,-,-,1,4,3,-,204
,"R 56",222,51,78,-,1,-,-,7,1,7,4,7,1,2,-,-,-,-,159
,"R 60",256,83,47,-,4,-,-,4,-,8,9,65,-,1,1,1,-,-,223
,"R 65-34 MX A",835,22,35,-,-,-,-,14,-,20,11,2,-,-,-,2,-,-,106
,"R 651",261,92,80,-,1,-,-,35,1,29,57,43,6,3,3,13,6,-,369
,"R 651-4",262,72,97,-,2,-,-,39,3,59,67,26,1,3,2,22,8,-,401
,,809,47,69,-,1,1,-,31,-,24,24,15,1,2,1,3,3,-,222
,"R 7050",239,55,73,-,4,-,-,30,3,12,17,29,1,2,1,5,8,-,240
,"R 7052",224,116,75,-,-,-,-,50,-,11,11,44,2,1,-,3,1,1,315
,"R 7054",234,56,62,-,3,-,-,33,-,10,13,28,1,3,5,4,5,-,223
,"R 7054 N",233,25,44,-,2,1,-,16,-,5,14,15,-,1,3,1,2,-,129
,"R 7056",237,113,85,-,1,-,-,51,1,17,10,40,3,5,2,6,5,-,339
,"R 7056 N",242,58,50,-,1,-,-,20,1,6,12,24,3,5,1,1,5,-,187
,"R 7201",231,53,44,-,1,-,-,17,1,7,14,22,-,2,3,2,7,-,173
,"R 741-4S",813,36,76,-,-,-,-,35,1,35,18,25,2,3,2,9,1,-,243
,"R 75-34 MX",833,53,78,-,-,-,1,30,1,41,34,17,-,-,2,15,-,-,272
,"R 751",266,27,32,-,-,-,-,12,1,22,29,22,2,-,-,8,2,-,157
,"R 751-4",267,39,67,-,2,-,-,18,1,36,43,20,1,-,1,8,2,-,238
,"R 80",248,70,15,-,-,-,-,1,-,15,4,7,-,-,-,-,-,-,112
,"R 80 S",280,54,51,-,-,-,1,3,-,3,7,76,1,-,2,-,-,-,198
,"R 90-34 MX",854,19,25,-,1,-,-,16,1,14,18,4,-,4,1,7,1,-,111
,"R CERES 95,X",872,21,31,-,1,-,-,10,1,10,14,4,2,3,1,8,2,-,108
,"Renault MASTER FLEXBOX",BLR,28,44,9,5,-,5,16,-,12,38,7,1,4,2,12,1,-,184
,Trafic,AIE,23,18,1,6,-,1,8,5,8,21,4,-,9,2,4,1,-,111
,,AIF,42,52,32,44,2,4,25,12,57,72,17,5,23,10,27,6,-,430
,,AIH,102,106,20,35,6,7,44,11,73,153,45,9,41,16,29,17,-,714
,,AMA,114,150,37,46,4,4,65,20,69,169,37,23,29,18,23,31,1,840
,,AMB,335,393,269,238,21,35,156,65,316,693,78,35,153,81,98,50,-,3016
,,AMC,540,563,216,269,25,20,219,89,398,908,170,75,210,98,112,107,2,4021
,,AMD,22,24,7,8,1,1,10,3,7,27,4,1,6,2,4,3,-,130
,TRAFIC,041,101,110,68,76,5,8,54,32,120,235,38,24,47,29,35,17,-,999
,,042,193,234,70,104,9,23,90,40,166,336,68,36,105,54,49,45,-,1622
,,957,18,26,5,10,-,1,11,4,14,31,10,8,7,5,7,3,-,160
,,AWV,1089,1233,339,416,36,59,428,153,658,1385,306,87,434,219,237,132,1,7212
,,AWW,367,500,407,381,29,56,200,88,404,881,99,50,146,89,153,74,2,3926
,,BCK,199,218,52,99,4,8,79,34,85,200,54,34,115,41,36,39,-,1297
,,BCL,322,433,74,96,18,26,195,57,282,404,133,32,148,60,85,48,-,2413
,,BCM,384,446,136,175,19,36,159,87,309,625,125,47,178,86,130,66,2,3010
,,BCN,175,198,480,337,15,69,150,67,206,471,73,21,85,55,107,44,-,2553
,,BFL,430,468,161,289,5,43,218,85,258,527,111,43,231,106,96,87,-,3158
,,BFM,721,788,178,238,17,34,334,119,370,1324,174,49,251,91,109,92,1,4890
,,BFN,352,412,1263,603,40,161,204,73,389,953,88,63,124,100,303,93,-,5221
,,BFO,1011,1285,782,670,36,124,561,207,706,3303,323,87,512,220,370,265,2,10464
,,BMD,532,926,345,275,9,87,285,94,279,1006,172,45,323,107,177,109,2,4773
,,BME,1106,1717,979,465,40,189,810,176,754,3899,241,103,528,247,380,160,-,11794
,,BMK,221,300,68,90,1,16,99,35,97,234,71,20,121,39,36,49,-,1497
,,BOS,361,577,254,141,18,50,226,62,181,1049,108,46,261,66,75,70,-,3545
,,BOT,210,242,495,207,10,34,127,28,139,339,45,31,110,124,70,93,-,2304
,,BPM,598,966,289,195,27,90,361,56,356,1285,152,76,250,79,222,90,-,5092
,ZOE,BLZ,14,16,9,5,-,1,14,3,16,32,4,3,11,1,2,-,-,131
,"SONSTIGE/NICHT GETYPT",,5116,6495,734,955,111,254,2341,484,3415,5307,2301,478,1131,694,1057,775,357,32005
"RENAULT (F) ZUSAMMEN",,,35684,43068,18084,17134,1256,3252,18682,5819,24526,58534,13024,4145,15518,8097,10230,7045,625,284723
"RENAULT TRUCKS (F)","SONSTIGE/NICHT GETYPT",,2381,2544,464,555,168,200,965,161,1676,3199,769,760,505,232,780,255,1,15615
"RENAULT TRUCKS (F) ZUSAMMEN",,,2381,2544,464,555,168,200,965,161,1676,3199,769,760,505,232,780,255,1,15615
"RHEINSTAHL HANOMAG","BRILLANT 600",267,12,36,-,4,-,-,27,1,185,87,21,1,2,5,47,2,-,430
,"BRILLANT 601",207,10,26,-,1,-,-,18,-,34,29,6,2,-,-,7,1,-,134
,,297,20,31,-,-,-,-,24,-,76,59,10,3,-,-,22,3,-,248
,"C 112",249,27,49,-,1,-,-,15,1,19,6,7,-,1,-,3,2,1,132
,"C 224",251,48,76,-,5,-,-,31,4,40,37,13,2,4,3,7,5,-,275
,"GRANIT 500",266,19,51,1,5,-,-,19,6,102,54,15,5,3,4,31,3,-,318
,,272,8,19,-,1,-,-,15,3,43,22,7,-,-,1,18,-,-,137
,"GRANIT 500/1",283,41,136,-,9,-,-,50,5,118,66,38,6,4,2,20,9,1,505
,"GRANIT 501",289,35,114,1,6,1,2,64,6,106,74,27,3,3,3,37,5,2,489
,"GRANIT 501 E",290,26,65,-,8,-,1,64,3,168,75,39,8,2,9,37,11,1,517
,"GRANIT 501 E-S",291,89,117,-,2,-,1,31,-,120,41,18,4,5,2,18,1,1,450
,"GRANIT 501-S",284,143,167,-,4,-,-,21,-,79,41,19,1,1,4,9,5,-,494
,"PERFEKT 300",259,91,212,-,8,-,-,76,4,115,111,39,7,6,12,16,20,-,717
,"PERFEKT 301",278,226,293,-,10,-,-,145,4,109,123,98,6,3,4,9,25,-,1055
,"PERFEKT 400",241,111,252,-,8,-,-,70,5,179,89,47,-,6,9,13,16,-,805
,"PERFEKT 401",280,382,830,-,23,-,3,243,10,326,224,190,13,9,16,49,45,-,2363
,"PERFEKT 401 E",285,152,265,-,9,-,-,110,3,140,95,70,5,2,10,24,13,1,899
,"PERFEKT 401 E-S",286,139,155,-,3,-,-,24,-,32,24,10,-,3,1,4,1,1,397
,"PERFEKT 401 S",282,75,107,-,3,-,-,18,-,18,12,14,2,1,3,6,3,-,262
,"R 12 KB",201,144,190,-,2,1,1,50,1,79,90,21,4,1,1,16,3,-,604
,"R 16 W",226,460,664,-,4,-,2,164,3,200,241,156,6,8,2,34,12,1,1957
,"R 19",208,158,219,-,3,-,-,50,2,101,98,62,2,4,3,20,6,-,728
,"R 217",242,79,116,-,4,-,-,32,5,40,36,35,-,-,5,13,8,-,373
,"R 219",243,134,227,-,2,-,1,64,5,99,86,69,7,13,4,23,10,-,744
,"R 22",227,43,96,1,2,-,2,19,2,85,46,23,1,1,-,25,2,1,349
,"R 27",234,30,58,1,-,-,2,20,2,75,54,13,-,-,-,11,3,1,270
,"R 28",202,29,62,-,3,-,2,10,-,47,32,16,-,-,-,8,-,-,209
,"R 324",246,36,72,-,1,-,1,24,-,34,20,28,2,2,3,14,1,-,238
,"R 327",247,141,223,-,14,-,4,68,11,280,163,88,9,9,15,83,21,2,1131
,"R 332 - GRANIT",263,19,53,-,10,-,1,13,2,98,49,17,1,3,2,26,3,-,297
,"R 35/45",237,26,33,-,3,-,2,17,-,41,37,3,-,-,2,14,-,-,178
,"R 435",250,22,72,-,2,-,1,21,2,88,49,11,1,3,3,28,2,-,305
,"R 442-BRILLANT",261,7,26,-,3,-,-,12,-,61,36,6,2,1,3,15,1,1,174
,"R 45 A/C",225,26,16,-,-,-,1,8,-,33,21,11,-,-,-,5,-,-,121
,"SONSTIGE/NICHT GETYPT",,2086,3357,37,233,18,44,969,189,3570,2750,821,93,222,210,635,253,6,15493
"RHEINSTAHL HANOMAG ZUSAMMEN",,,5094,8485,41,396,20,71,2606,279,6940,5077,2068,196,322,341,1347,495,20,33798
"SAAB, -SCANIA (S)",.500.A4X2...,AAK,11,12,1,3,1,2,8,4,10,19,9,4,6,3,10,3,-,106
,AMARINE;AQUATHERM;ASVAC;.,ALE,23,20,47,-,-,-,4,-,2,10,2,-,-,-,3,4,-,115
,"SONSTIGE/NICHT GETYPT",,8317,7305,833,1650,267,808,3576,1472,5887,10613,3899,962,1834,2048,1840,1217,3,52531
"SAAB, -SCANIA (S) ZUSAMMEN",,,8351,7337,881,1653,268,810,3588,1476,5899,10642,3910,966,1840,2051,1853,1224,3,52752
"SAME (I)",,438,158,405,-,10,-,-,28,-,31,22,33,6,22,4,5,10,-,734
,,ABX,25,32,-,4,-,-,4,1,11,10,6,1,1,-,4,2,-,101
,,ACN,41,155,-,11,-,3,37,1,36,31,23,4,9,7,5,12,-,375
,,ACP,25,101,-,2,-,-,24,-,18,28,16,3,4,1,5,4,-,231
,,ADK,293,441,3,62,2,4,121,15,127,213,142,25,129,34,60,92,-,1763
,,ADM,19,13,-,2,1,-,5,3,38,16,8,2,8,4,5,5,-,129
,,ADO,16,34,-,7,1,-,9,8,15,11,8,5,9,7,7,10,-,147
,"100T1,100T2,100T3",ADG,145,348,-,7,-,-,56,6,58,81,26,7,28,4,28,12,-,806
,"102T1 SW,-LW,-HW,-DW",AJM,31,45,-,1,-,-,5,2,11,15,6,1,2,1,3,1,-,124
,"106T1 SW,-LW,-HW,-DW",AJL,9,35,1,2,-,-,11,1,7,10,10,1,8,1,2,2,-,100
,"110T1,110T2,110T3",AEM,22,57,-,6,-,-,5,2,5,7,5,-,9,4,2,3,-,127
,"115T1 SW,-LW,-HW,-DW",AJK,22,63,-,4,-,-,6,-,10,10,13,-,4,1,7,3,-,143
,"126T1 SW,-LW,-HW,-DW",AJJ,40,51,-,5,-,-,8,1,17,10,12,1,9,3,12,3,-,172
,"50T1/T2/T4 SV;-LV....",AJF,17,36,-,3,1,1,8,2,11,9,14,2,7,3,3,4,-,121
,"60T1/T2/T4 SV;-LV....",AJG,35,52,-,6,-,-,15,3,12,24,5,-,6,7,7,14,-,186
,"65T1/2/3 SW,-LW,-HW,-DW",AKE,43,155,-,10,-,-,26,-,18,29,11,3,16,10,4,16,-,341
,"75T1/2/3 SW,-LW,-HW,-DW",AKF,178,256,-,16,-,7,39,4,67,56,30,8,41,8,41,17,-,768
,"85T1,85T2",ADI,110,370,-,4,-,4,69,2,34,109,31,5,20,1,9,18,-,786
,"95T1 SW,-LW,-HW,-DW",AJN,37,66,-,2,-,1,10,-,4,8,18,-,10,-,5,8,-,169
,"AGRO.K610;IRON,R6.,XM 115",ADB,13,40,-,1,-,-,11,-,15,11,5,1,3,1,6,-,-,107
,"AGRO.K610;IRON;R6;XM 115",ADC,18,63,-,-,-,1,18,-,7,21,12,-,3,1,2,3,-,149
,"AGROTRON K 410;IRON 100;.",ACY,83,309,-,2,-,1,45,-,44,88,32,8,4,2,8,2,-,628
,"AGROTRON K 420; IRON 110",ACW,15,77,-,3,-,-,7,-,16,16,12,-,2,2,3,-,1,154
,"AGROTRON K 420;IRON 110;.",ACZ,73,216,-,1,1,-,46,-,51,56,25,3,9,-,27,3,-,511
,"AGROTRON K 430; IRON 125",ACX,40,96,-,2,-,-,6,3,31,25,9,1,5,-,5,5,-,228
,"AGROTRON K 430;IRON 125;.",ADA,14,43,-,3,-,1,10,-,25,25,6,1,7,3,6,1,-,145
,ALLRAD,213,45,38,-,4,-,1,4,1,2,4,4,-,1,-,3,3,-,110
,,214,31,40,-,2,-,-,4,1,8,11,3,1,-,1,7,3,-,112
,"Arg.K610,XM115 u.a.",AEN,11,62,-,2,-,-,14,-,9,19,15,1,4,2,8,3,-,150
,"CONDOR 55 SYNCHRO VDT",249,50,41,-,-,-,-,8,-,1,11,7,1,1,-,2,2,-,124
,"CONDOR 55 VDT",237,73,30,-,-,-,-,6,-,1,9,2,-,-,-,1,-,-,122
,"DELFINO 35 DT",217,104,72,-,2,-,-,3,-,3,15,3,-,-,1,1,5,-,209
,"DORADO 70 DT ALLRAD",255,28,73,-,1,-,-,2,-,3,9,4,1,-,-,2,1,-,124
,DORADO100.4;EXPLORER105.4,AGK,45,56,1,5,-,1,27,1,16,19,12,2,11,1,5,4,-,206
,DORADO80;-CLASSIC;EXPLO80,AGH,74,147,-,6,-,-,22,-,27,32,17,1,10,3,9,7,-,355
,DORADO90;-CLASSIC;EXPLO90,AGI,61,157,1,1,-,-,22,3,11,33,21,7,8,1,6,7,-,339
,"EXPLORER II90",265,16,44,-,-,-,-,14,-,10,18,12,1,2,-,7,-,-,124
,Explorer-;Strike-;XB100,AHO,13,37,-,2,-,1,7,1,11,14,10,-,3,1,7,2,-,109
,"FALCON 2 RM",209,62,52,-,2,-,-,10,1,6,10,9,1,2,-,3,4,-,162
,"FALCON DT",210,139,183,-,1,-,-,20,-,12,21,12,4,-,2,5,8,1,408
,"FRUTTETO 70 NATURAL",AIV,63,45,-,3,-,-,5,-,3,6,11,3,11,-,5,6,-,161
,"FRUTTETO 80;-Classic;-Nat",AIN,70,33,-,3,-,1,14,-,11,10,5,-,10,3,-,-,-,160
,"FRUTTETO 90;-Classic",AIO,100,184,-,5,-,-,19,6,33,26,21,1,20,1,5,11,-,432
,"FRUTTETO/EXPLORER 105;...",AIQ,82,163,-,6,-,-,26,1,20,33,16,5,15,1,13,10,-,391
,"FRUTTETO/EXPLORER 115;...",AIR,78,126,-,6,-,-,9,8,21,19,26,1,33,1,7,6,-,341
,"GRAND PRIX LS 874-90 DT,A",352,74,129,-,4,-,-,29,-,19,26,19,6,3,2,8,2,-,321
,"II DT/ALLRAD",216,91,136,-,-,-,3,15,-,28,26,12,2,1,2,9,-,-,325
,,217,66,134,-,2,-,-,15,1,32,28,21,5,6,3,14,3,-,330
,"LAMBORGH.DT,TURBO,GRAND P",220,32,44,-,1,-,-,7,-,2,14,3,1,2,1,-,1,-,108
,"Lamborghini R2.60 Target",AEH,164,451,-,5,-,-,40,3,34,46,36,7,27,4,14,23,1,855
,"MINITAURO DT",207,97,91,-,1,-,-,8,-,23,9,9,2,5,-,6,6,-,257
,"MINITAURUS 60 VDT",235,73,75,-,-,-,-,20,-,15,44,10,-,-,-,4,2,-,243
,"SAME ARGON 70, ...",AJA,218,317,1,27,1,-,80,5,73,128,28,12,65,13,29,52,-,1049
,"SAME ARGON3 65,...",AGW,144,203,-,21,-,1,49,7,59,71,28,7,70,10,26,39,-,735
,"SAME ARGON3 65; ...",AEB,283,518,-,39,1,1,116,8,81,130,56,11,80,32,32,96,-,1484
,"SAME ARGON3 75; ...",AED,42,55,-,4,-,-,16,3,14,18,12,3,15,5,13,9,-,209
,"SAME ARGON3 80; ...",AGY,38,82,-,3,-,-,23,1,12,19,12,8,19,3,14,12,-,246
,"SAME ASTER 60 DTALLRAD TU",227,44,31,-,1,-,-,3,-,4,11,6,3,4,1,1,2,-,111
,"Same Dorado 3 70",ADP,322,731,-,14,1,2,76,3,66,132,57,8,37,11,19,45,1,1525
,"Same Dorado 3 80",AEI,86,214,-,10,-,-,9,-,12,14,21,3,8,3,6,9,-,395
,"Same Dorado 3 90",AEJ,221,551,-,7,-,1,54,3,51,61,74,2,29,5,31,33,1,1124
,"Same Dorado 3 90 Classic",ADR,14,47,-,2,-,-,7,-,4,13,8,1,4,1,6,2,-,109
,"SAME DORADO 3 90; ...",AGR,20,59,-,1,-,-,12,-,6,8,8,-,8,-,3,1,-,126
,"SAME DORADO 55,LAMBOR-G",343,106,116,-,3,-,-,15,1,18,12,4,-,4,-,1,2,-,282
,"SAME DORADO 56",394,115,185,-,1,-,-,18,-,23,9,19,3,12,2,-,14,1,402
,"SAME DORADO 66",392,97,223,-,3,-,-,28,-,14,28,36,4,13,1,4,6,-,457
,"SAME DORADO 70 DT,LAMBOR-",298,47,71,-,2,-,-,5,-,13,18,3,-,-,-,2,1,-,162
,"SAME DORADO 75,LAMBOR-G",341,33,104,-,2,-,-,13,-,16,16,4,-,5,-,3,2,-,198
,"SAME DORADO 85,...CLASSIC",AHE,56,137,-,3,-,2,27,3,18,39,34,4,7,5,18,6,-,359
,"SAME DORADO 85,LAMBOR-G",339,43,113,-,-,1,-,9,1,6,11,2,-,2,-,5,-,-,193
,"SAME DORADO 90/90.4;-CLAS",AHI,24,80,-,4,-,3,7,1,6,21,9,1,11,2,6,4,-,179
,"Same Dorado 95",ALC,21,53,-,-,-,-,4,-,4,7,7,-,3,1,2,1,-,103
,"SAME EXPLORER 95 CLASSIC",417,15,57,-,-,-,-,11,1,18,15,16,3,4,-,2,1,-,143
,"Same Frutteto 3 S 80",ADX,55,15,1,1,-,-,3,-,5,8,30,-,1,3,4,3,-,129
,"Same Frutteto 3 S 90",ADZ,34,13,-,1,-,3,3,2,19,10,114,-,1,1,-,-,-,201
,"SAME FRUTTETO 360 Classic",ADU,47,70,-,2,-,-,8,-,5,3,3,2,6,2,4,7,-,159
,,AFC,117,264,2,5,-,-,28,2,41,41,18,7,15,-,7,19,-,566
,"SAME FRUTTETO S 100, ...",AIF,28,22,-,4,-,2,1,1,12,7,15,1,17,1,4,5,-,120
,"SAME FRUTTETO S 105, ...",AIG,41,37,-,2,-,2,4,-,15,11,56,1,9,1,1,-,-,180
,"SAME FRUTTETO S 80, ...",AID,402,749,-,21,-,4,107,8,121,156,90,7,59,16,48,56,-,1844
,"SAME FRUTTETO S 90, ...",AIE,244,500,-,21,-,2,78,5,52,95,98,11,50,9,48,21,-,1234
,"SAME SILVER 3 100 CONT...",AEQ,33,70,-,-,-,-,3,1,6,21,4,-,3,-,3,2,-,146
,"SAME SILVER 3 110 CONT...",AEP,28,86,-,-,-,-,9,2,15,11,7,1,7,-,5,4,-,175
,"SAME SOLARIS 55",AAZ,40,38,-,3,-,-,14,-,6,10,6,1,6,1,1,3,-,129
,"SAME VIRTUS 100,...",AFN,128,331,1,7,-,-,60,2,45,78,21,5,21,9,28,8,-,744
,"SAME VIRTUS 110,...",AFL,40,89,-,5,-,-,18,-,17,36,7,5,10,2,5,4,-,238
,"Same Virtus 110; ...",AFT,15,63,-,-,-,-,5,1,6,7,2,1,4,-,9,1,-,114
,"SAME VIRTUS 118,...",AGB,25,48,-,3,-,-,9,2,17,22,3,-,3,3,3,3,-,141
,"SAME VIRTUS J 90,...",AGG,76,43,-,2,1,-,4,-,3,6,2,2,1,-,2,1,-,143
,"SOLARIS 55",AIW,68,94,-,9,-,6,26,6,51,59,14,4,29,10,14,27,-,417
,"SONSTIGE/NICHT GETYPT",,5097,7040,9,205,4,20,914,100,1471,1564,1058,124,406,119,475,361,1,18968
"SAME (I) ZUSAMMEN",,,11771,19721,20,678,15,79,2875,250,3505,4379,2830,386,1598,411,1306,1231,7,51062
"SAME DEUTZ-FAHR",100,203,193,551,-,8,2,-,80,1,134,189,61,10,21,5,50,8,-,1313
,"3.50 V,F",202,40,12,-,-,-,1,1,-,5,8,48,-,-,2,1,-,-,118
,4.47,200,104,287,-,2,1,-,66,1,85,84,38,1,3,1,15,-,1,689
,4.85,219,19,60,-,3,-,-,23,-,11,30,5,1,-,-,5,-,-,157
,"4.85,85",232,23,116,-,1,-,-,34,3,42,80,26,5,2,2,13,1,-,348
,"4.90,90",233,38,91,-,1,-,-,6,-,40,17,12,-,-,-,3,2,-,210
,"6.00,105",236,37,109,-,5,-,3,19,1,60,108,26,2,3,2,18,3,-,396
,"6.01,105",228,45,134,-,-,-,-,66,-,61,30,25,3,4,2,32,3,1,406
,6.20,222,21,43,-,2,-,-,18,2,19,20,18,1,1,6,6,1,-,158
,"6.20,120",239,48,77,-,1,-,-,25,1,44,66,45,3,2,1,22,4,-,339
,"6.30,135",240,11,23,-,1,1,3,13,-,16,16,11,3,-,-,6,-,-,104
,"6.45,150",241,15,33,-,4,-,-,11,1,17,21,20,3,2,6,7,6,-,146
,"6130 TTV",AGO,27,84,-,2,1,-,21,-,39,31,18,2,3,1,6,2,-,237
,"6130.4 Agrotron;...",AER,24,111,-,1,-,-,11,-,15,42,18,-,4,-,7,-,-,233
,"6140.4 Agrotron;...",AES,11,26,-,-,-,-,12,-,12,18,8,-,1,-,12,2,-,102
,"6150 Agrotron,...",AAD,21,43,-,3,-,-,5,-,10,17,9,2,14,1,3,1,-,129
,"6150.4 Agrotron",AEF,19,47,-,2,-,-,9,-,14,11,2,-,5,1,8,-,-,118
,"6150.4 Agrotron, Fortis",ADT,15,36,-,1,-,-,11,-,13,19,10,-,5,-,2,-,-,112
,"6155 Agrotron;FORTIS;SPAR",AGS,30,79,-,-,-,2,17,-,19,29,14,2,11,-,14,3,-,220
,"6160 Agrotron,...",AAR,57,171,-,11,-,1,43,6,128,81,38,8,18,17,19,5,-,603
,"6160 Agrotron,SAME L160;.",ADL,22,98,1,3,-,-,8,1,82,52,14,1,6,1,17,2,-,308
,"6160AGROTRON,FORTIS160,.",AEA,8,50,-,1,-,1,4,2,24,17,4,-,1,2,4,-,-,118
,"6160AGROTRON,FORTIS160,..",ADX,34,167,-,2,-,2,13,4,29,54,8,1,7,2,27,1,-,351
,"6165 Agrotron;FORTIS;SPAR",AGT,22,67,-,1,-,1,21,1,45,26,15,3,11,3,19,4,-,239
,"6165 Agrotron;SPARK 165;.",AHF,16,103,-,1,-,-,7,1,45,39,13,1,8,2,19,3,-,258
,,AHJ,26,120,-,-,-,-,10,-,18,11,15,-,3,-,3,1,-,207
,"6180 Agrotron,...",ADJ,21,66,-,4,-,-,14,-,19,19,10,-,4,1,3,3,-,164
,"6180AGROTRON,FORTIS180,..",ADY,21,70,-,2,-,-,7,1,23,29,7,-,7,5,3,-,-,175
,"6185 Agrotron;SPARK 185;.",AHH,10,52,-,3,-,2,8,1,61,51,6,2,2,-,10,1,-,209
,,AHL,29,56,-,1,-,-,2,-,31,18,11,-,6,-,4,1,-,159
,"6190 Agrotron;SAME L190,",ADR,7,19,-,3,-,-,3,1,28,21,5,1,2,3,7,1,-,101
,"6190AGROTRON,FORTIS190,..",ADZ,27,93,-,1,-,-,5,1,29,24,9,1,3,3,21,1,-,218
,,AEC,16,51,-,1,-,-,4,1,30,38,8,-,4,-,7,1,-,161
,"6210 Agrotron;...",AEX,19,36,-,2,-,-,10,5,24,21,14,2,6,4,4,5,-,152
,"6215/7230 Agrotron;MACH;.",AHN,21,57,-,1,-,-,10,-,37,40,17,3,4,4,27,2,-,223
,,AHQ,24,48,-,4,-,-,9,2,21,14,9,2,1,3,1,1,-,139
,"6230 Agrotron TTV;Spark..",AIY,34,60,-,2,-,2,7,2,35,27,8,1,6,1,8,-,-,193
,"7230AGROTRON,Same,R6.230.",ADN,7,38,-,4,-,-,5,-,16,15,4,1,2,1,7,4,-,104
,"7250 Agrotron;MACH 250",AHO,9,14,-,3,-,-,7,2,26,7,9,1,1,-,24,-,-,103
,,AHR,28,56,-,7,-,1,7,2,10,18,16,2,6,1,6,4,-,164
,"7250AGROTRON,Same,R6.250.",ADO,53,133,-,18,-,-,27,11,49,45,21,3,8,8,30,12,-,418
,"8280 Agrotron TTV;Spark..",AIW,15,32,-,5,-,-,5,1,25,8,11,1,6,2,1,3,-,115
,"AGROCOMPACT F90;AGROPLUS",AAW,40,2,-,-,-,7,-,-,7,5,47,-,-,-,-,-,-,108
,"AGROKID 55",AAS,124,101,-,12,-,-,63,8,18,81,40,2,39,15,4,49,1,557
,"AGROLUX 60",252,15,46,-,1,-,-,12,-,4,7,5,1,3,1,-,7,-,102
,"AGROPLUS 100",248,11,26,-,2,-,-,14,1,13,8,13,2,3,5,3,2,-,103
,"AGROPLUS 60",227,42,86,-,3,-,-,10,-,17,13,10,3,-,1,3,2,-,190
,,230,113,314,-,9,-,1,48,1,27,42,33,3,10,2,7,3,-,613
,,288,28,72,-,1,-,-,1,-,5,11,6,2,-,-,-,2,-,128
,"AGROPLUS 67",ABR,171,449,-,18,1,1,55,4,39,81,35,8,24,4,9,22,-,921
,"AGROPLUS 70",228,102,179,-,-,-,-,24,1,24,35,20,9,3,4,5,4,-,410
,,231,170,409,-,8,1,1,86,1,53,93,35,2,4,4,14,7,1,889
,,284,86,153,-,3,-,-,21,-,17,30,13,4,3,-,3,3,-,336
,"AGROPLUS 75",245,29,64,-,1,-,-,24,1,12,13,2,2,-,2,4,3,-,157
,"AGROPLUS 80",286,27,97,-,-,-,-,22,1,5,10,2,-,2,-,2,-,-,168
,"AGROPLUS 80 4WD",277,24,88,-,5,-,-,9,1,6,9,3,2,2,1,1,-,-,151
,"AGROPLUS 85",241,60,93,-,5,-,-,40,1,20,47,23,1,2,1,7,3,-,303
,,246,42,102,-,3,1,-,30,2,33,19,30,3,2,3,6,2,1,279
,"AGROPLUS 87",ABN,99,312,-,9,-,1,26,1,26,26,19,4,10,4,8,8,-,553
,"AGROTRON 105,110",262,107,309,-,6,-,1,66,1,71,119,47,9,12,6,21,8,1,784
,"AGROTRON 110",222,12,45,-,-,1,1,7,-,17,51,7,1,1,1,3,2,-,149
,"AGROTRON 115",255,47,132,-,2,-,-,14,-,63,16,16,1,5,-,13,3,-,312
,"AGROTRON 120",248,33,100,-,1,-,2,24,2,46,104,28,3,8,1,13,3,-,368
,,254,38,104,-,-,-,-,29,-,47,69,20,2,7,-,13,1,-,330
,,267,16,32,-,2,-,-,25,1,28,35,21,3,1,3,4,1,-,172
,"AGROTRON 128",275,31,112,-,4,-,-,21,1,53,41,23,3,5,1,18,4,-,317
,"AGROTRON 130",270,13,44,-,2,-,-,16,1,24,43,10,1,4,-,2,-,-,160
,,274,28,95,-,-,-,-,16,-,32,23,12,2,7,1,20,1,-,237
,"AGROTRON 135",249,27,54,-,1,-,-,13,1,33,25,13,1,2,1,20,1,-,192
,"Agrotron 150",AAM,85,351,-,12,1,1,76,5,240,184,61,3,23,12,73,8,-,1135
,"AGROTRON 150",231,15,40,-,1,-,-,7,2,24,17,5,-,5,-,14,1,-,131
,,289,36,123,-,3,-,-,29,2,52,53,17,1,3,6,21,1,-,347
,"Agrotron 150.7",ABD,21,39,-,-,-,-,5,-,15,16,17,2,2,1,11,1,-,130
,"AGROTRON 150.7",271,14,33,-,3,-,-,6,-,7,19,8,3,4,3,8,1,-,109
,"AGROTRON 165",244,26,60,-,3,-,-,11,1,29,31,18,3,9,5,15,3,-,214
,"AGROTRON 165.7",269,25,49,-,3,-,-,13,3,18,29,13,1,6,4,7,-,-,171
,"Agrotron 165.7;180.7",AAA,29,71,-,5,-,-,20,-,35,25,18,2,3,4,14,4,-,230
,"AGROTRON 85",200,10,55,-,3,-,-,14,-,15,37,12,-,1,-,2,-,-,149
,"AGROTRON 90",201,58,117,-,-,-,1,21,-,32,33,14,2,2,1,6,1,-,288
,"AGROTRON M 640;-PROFILINE",ACB,41,98,1,6,1,-,11,-,46,39,32,1,9,4,6,6,-,301
,"AGROTRON M 650;-PROFILINE",ACC,27,67,-,14,-,-,15,7,43,28,30,2,8,7,24,5,-,277
,"AGROTRON TTV 420,........",ADF,42,147,-,-,-,-,20,1,34,46,16,-,4,-,11,1,-,322
,"AGROTRON TTV 430,........",ADG,31,88,-,1,-,-,5,-,37,15,12,1,1,2,9,-,-,202
,"AGROTRON TTV 610",ACN,29,118,-,2,-,-,18,3,51,46,12,-,2,2,27,1,-,311
,"AGROTRON TTV 620",ACO,82,305,-,8,-,1,30,8,129,98,51,4,17,7,40,6,1,787
,"AGROTRON TTV 630;IRON 190",ACR,55,122,-,6,1,-,14,8,63,52,23,3,8,5,27,8,-,395
,"AGROTRON, IRON, R6, XL..",ACZ,27,93,-,-,-,-,14,1,17,30,14,2,3,-,7,-,-,208
,"AGROTRON, IRON, R6, XL...",ACF,12,52,1,-,1,-,19,-,38,27,9,4,7,-,11,1,-,182
,,ACG,12,51,-,-,-,-,6,-,19,8,4,-,2,1,4,-,-,107
,,ACH,136,434,-,24,3,1,76,14,288,176,64,14,33,12,73,18,-,1366
,,ACI,11,34,-,1,-,-,3,1,19,30,7,-,2,1,10,1,-,120
,,ACK,48,159,-,13,-,-,31,5,114,53,21,8,17,7,27,9,-,512
,,ACT,19,62,-,1,-,-,13,2,13,18,16,3,3,1,2,1,-,154
,"K 110",297,14,51,-,3,-,-,11,-,12,17,7,1,4,-,3,2,-,125
,K100,ABJ,70,214,-,2,-,-,22,3,65,62,24,1,3,3,16,6,-,491
,K110,ABK,101,366,-,13,1,-,88,5,126,138,51,6,15,5,51,8,-,974
,K120,ABL,85,256,-,5,-,-,23,1,65,76,18,4,14,3,4,6,-,560
,K90,ABI,29,57,-,-,-,-,10,-,20,15,3,3,2,-,2,2,-,143
,"TIGER 60,REKORD 60,.....",ACD,18,85,-,6,-,-,20,1,15,15,9,1,22,7,-,24,-,223
,"SONSTIGE/NICHT GETYPT",,1985,4845,7,188,14,50,753,113,1819,1826,898,113,313,144,514,181,-,13763
"SAME DEUTZ-FAHR ZUSAMMEN",,,5995,15881,10,541,31,88,2804,271,5731,5826,2723,334,909,401,1743,538,7,43833
"SCHLUETER, ANTON","AS 15",216,27,235,-,1,-,-,2,1,6,19,12,-,2,-,2,-,-,307
,"AS 18",218,2,89,-,-,-,-,1,-,2,6,1,-,1,1,-,-,-,103
,"AS 22",222,9,99,-,1,-,-,1,-,5,13,3,-,1,-,3,-,-,135
,"ASL 130",221,14,78,-,-,-,-,-,-,4,4,8,-,-,-,-,-,-,108
,"COMPACT 1050 V6",356,21,70,-,-,-,-,7,-,17,26,2,2,-,-,7,-,-,152
,"COMPACT 850 V",348,34,198,-,-,-,-,13,1,34,43,6,2,1,-,9,3,-,344
,"DS 15",214,11,146,-,-,-,-,2,1,7,31,1,-,1,-,4,-,-,204
,"SF 3300",233,32,246,-,2,-,-,18,-,18,57,12,-,4,-,2,3,-,394
,"SF 3300 S",234,43,152,-,-,-,-,2,-,3,5,5,-,1,1,1,-,-,213
,"SF 3400",242,23,197,-,3,-,-,10,1,17,39,11,2,1,5,8,6,-,323
,"SF 3400 S",243,34,155,-,2,-,-,4,-,7,12,4,1,2,-,1,2,-,224
,"SF 3410 S",279,33,71,-,1,-,-,7,-,2,2,2,1,-,-,3,-,-,122
,"SUPER 1250 VL",344,24,111,-,-,-,-,17,5,42,35,7,3,-,-,20,3,-,267
,"SUPER 1500 TVL",345,16,63,-,1,-,-,9,3,20,22,9,1,2,3,16,-,-,165
,"SUPER 800 V",338,14,56,-,1,-,-,5,-,18,20,-,-,-,1,7,1,-,123
,"SUPER 850",276,7,40,-,-,-,-,7,1,16,13,2,-,-,1,15,-,-,102
,"SONSTIGE/NICHT GETYPT",,1198,5359,-,32,1,5,300,33,699,876,217,49,37,30,270,46,-,9152
"SCHLUETER, ANTON ZUSAMMEN",,,1542,7365,-,44,1,5,405,46,917,1223,302,61,53,42,368,64,-,12438
"SKODA (CZ)",FABIA;PRAKTIK;ROOMSTER,AHO,1,5,7,16,1,2,4,9,7,13,5,1,20,10,2,5,-,108
,,AHR,19,14,18,19,-,2,8,14,23,30,5,3,40,20,5,12,-,232
,"PICK UP",054,6,9,2,10,1,2,3,7,16,5,4,1,27,13,3,12,-,121
,Praktik,AFQ,18,37,11,50,2,1,26,45,52,57,9,2,89,64,18,45,-,526
,,AFR,19,38,9,41,1,4,15,21,37,47,9,1,55,23,10,31,-,361
,,AFS,22,37,28,80,7,6,23,54,52,86,16,3,122,54,11,49,-,650
,,AFT,20,26,10,67,4,2,21,27,23,39,9,2,40,40,13,28,-,371
,"ROOMSTER,PRAKTIK,FABIA",AKV,62,139,29,104,4,3,80,112,103,146,47,10,184,100,28,110,-,1261
,,AKX,40,50,14,37,7,1,24,21,42,64,15,3,58,25,5,34,-,440
,,AKZ,25,35,17,74,9,2,32,74,61,85,17,3,83,64,18,44,-,643
,,ALA,14,20,22,26,2,-,16,13,24,50,7,2,43,26,6,33,1,305
,,ALB,41,55,38,68,4,5,37,43,77,98,23,1,131,61,17,57,-,756
,"SONSTIGE/NICHT GETYPT",,93,132,29,123,8,25,62,48,110,139,46,7,142,115,24,73,7,1183
"SKODA (CZ) ZUSAMMEN",,,380,597,234,715,50,55,351,488,627,859,212,39,1034,615,160,533,8,6957
"SOVAB (F)",Movano,AAF,25,33,3,9,-,1,11,2,8,25,7,1,8,5,3,7,-,148
,,ABC,9,14,1,3,1,3,8,7,17,12,10,-,6,4,4,5,-,104
,,ABE,41,28,2,5,-,1,15,4,14,51,13,3,7,5,4,7,-,200
,,ABK,22,20,-,3,-,-,15,4,3,26,5,-,8,2,1,9,-,118
,,ABO,75,81,17,24,3,7,35,16,70,99,26,7,28,17,24,12,-,541
,,ABP,185,254,31,54,5,10,97,31,106,276,68,9,64,41,33,26,-,1290
,,ABQ,57,94,8,15,1,5,31,10,21,67,31,3,21,6,9,8,-,387
,"OPEL MOVANO",502,27,35,3,7,-,3,13,6,27,29,17,5,10,7,2,5,1,197
,,503,14,15,2,5,2,1,9,3,11,26,6,3,6,6,2,3,-,114
,,511,32,38,6,21,5,2,20,6,21,53,12,2,11,12,15,2,-,258
,,516,19,10,3,8,2,3,9,7,14,18,5,6,4,3,10,3,-,124
,,517,113,157,22,30,1,11,73,17,82,177,46,19,42,25,31,38,-,884
,,518,17,18,-,5,-,1,10,2,13,18,2,3,5,2,4,3,-,103
,,519,16,16,-,3,1,2,13,4,6,18,15,2,6,8,5,7,-,122
,,522,47,65,17,17,3,5,24,17,39,79,11,13,19,17,20,14,-,407
,,524,12,21,1,5,-,1,9,3,5,19,6,2,14,9,2,3,-,112
,"SONSTIGE/NICHT GETYPT",,250,427,34,98,7,10,191,49,206,312,217,38,126,58,67,87,4,2181
"SOVAB (F) ZUSAMMEN",,,961,1326,150,312,31,66,583,188,663,1305,497,116,385,227,236,239,5,7290
"STEYR-D-PUCH (A)",545/1,217,63,140,-,4,-,-,22,1,12,10,5,1,-,-,8,2,1,269
,548,255,27,69,-,-,-,-,3,1,3,5,8,2,1,-,-,2,1,122
,"650 A",232,35,52,-,1,-,-,3,1,2,3,2,-,-,-,2,-,-,101
,650/1,233,44,73,-,1,-,-,6,-,10,4,-,1,1,1,5,2,-,148
,"8055 A",330,66,80,-,-,-,-,2,-,-,16,7,2,1,1,1,-,-,176
,8060,285,24,64,-,2,-,-,4,-,2,7,3,1,1,-,2,-,-,110
,"8070 A",346,33,102,-,-,-,-,4,-,2,6,7,1,-,-,1,-,-,156
,"8070 AN",280,24,80,-,1,-,-,3,-,7,6,2,-,-,1,1,-,-,125
,"8075 A",344,30,38,-,-,-,-,6,-,1,18,7,-,1,-,-,-,-,101
,"8080 A",284,38,167,-,1,-,-,7,-,13,18,6,2,2,1,-,4,-,259
,,347,73,189,-,2,-,-,4,2,11,13,8,-,-,-,1,-,-,303
,"8090 A",341,61,123,-,-,-,-,6,-,11,18,19,2,4,-,7,2,-,253
,"8100 A",334,29,43,-,-,-,-,6,2,8,18,8,1,3,4,3,-,-,125
,M9083A,255,30,48,-,1,-,-,2,-,5,10,6,-,1,1,3,3,-,110
,M9086A,226,25,59,-,1,-,-,9,2,14,14,7,-,2,-,12,1,-,146
,M9094A,227,32,144,-,3,-,-,8,-,6,7,9,-,1,3,9,2,-,224
,M968A,229,33,99,-,1,-,-,7,-,-,10,2,-,2,-,-,-,-,154
,M975A,233,39,52,-,-,-,-,3,-,2,2,3,-,-,1,1,-,-,103
,"STEYR M975A",206,58,44,-,-,-,-,2,-,2,9,2,1,1,-,-,1,-,120
,"SONSTIGE/NICHT GETYPT",,2814,5387,22,112,4,24,390,72,509,922,765,72,211,79,172,127,1,11683
"STEYR-D-PUCH (A) ZUSAMMEN",,,3578,7053,22,130,4,24,497,81,620,1116,876,86,232,92,228,146,3,14788
STREETSCOOTER,"B14 Post",AAA,29,27,13,12,1,3,28,6,162,74,6,4,11,12,18,9,-,415
,Work,AAC,1,2,-,-,-,-,1,2,1,1035,1,-,-,-,-,-,-,1043
,,AAF,5,3,-,-,-,-,-,1,-,266,-,1,1,-,1,-,-,278
,,AAL,-,-,-,-,-,-,-,-,-,873,-,-,-,-,-,-,-,873
,,AAN,19,13,2,1,2,-,12,-,5,44,8,-,4,-,2,-,-,112
,WORK,AAW,-,-,-,-,-,-,-,-,-,4003,-,-,-,-,1,-,-,4004
,"Work L",AAP,-,-,-,-,-,-,-,-,-,2587,-,-,-,-,-,-,-,2587
,"SONSTIGE/NICHT GETYPT",,207,220,28,30,2,4,100,40,115,9260,73,12,33,38,39,16,-,10217
"STREETSCOOTER ZUSAMMEN",,,261,265,43,43,5,7,141,49,283,18142,88,17,49,50,61,25,-,19529
"SUZUKI (J)",CARRY,507,30,25,15,6,2,8,14,1,5,52,11,4,13,7,2,4,-,199
,JIMNY,AFL,983,1514,90,161,17,72,549,120,456,1199,430,86,344,136,174,292,4,6627
,"SONSTIGE/NICHT GETYPT",,831,1667,24,208,9,68,502,106,547,595,594,101,319,230,119,331,3,6254
"SUZUKI (J) ZUSAMMEN",,,1844,3206,129,375,28,148,1065,227,1008,1846,1035,191,676,373,295,627,7,13080
"TAIW.GOLDEN BEE (RC)",N.A.,AAP,47,75,7,39,1,3,83,16,32,54,39,11,43,15,23,20,-,508
,"SONSTIGE/NICHT GETYPT",,2559,5881,178,1073,24,84,2979,1157,2365,2787,2886,398,2014,1099,878,1815,3,28180
"TAIW.GOLDEN BEE (RC) ZUSAMMEN",,,2606,5956,185,1112,25,87,3062,1173,2397,2841,2925,409,2057,1114,901,1835,3,28688
"TOYOTA EUROPE (B)",PROACE,AIM,27,38,17,12,4,7,14,11,34,90,25,3,10,9,18,5,-,324
,,AIS,110,158,18,24,6,8,73,33,147,243,74,27,55,50,39,20,-,1085
,,AKR,18,33,8,10,1,3,35,11,34,65,15,5,15,18,14,6,-,291
,,AKS,198,419,37,52,19,33,126,57,229,416,131,17,100,52,85,32,1,2004
,,AKT,193,381,94,79,10,35,180,116,263,716,138,23,130,72,163,48,1,2642
,,AKU,84,135,7,25,2,6,49,25,54,123,50,10,40,19,21,18,-,668
,,AKX,28,82,22,22,1,2,29,21,17,71,25,-,12,7,15,4,-,358
,,AOD,10,16,9,4,-,4,13,1,10,36,8,2,3,6,5,2,-,129
,,AOE,268,501,76,68,32,102,127,57,272,647,175,32,142,55,206,32,1,2793
,,AOV,42,64,9,15,-,11,46,5,34,160,24,3,13,9,29,2,-,466
,,APP,154,387,78,50,9,18,159,99,152,670,102,18,111,40,100,18,-,2165
,"Proace City",AOL,251,381,76,77,20,43,253,75,341,821,250,63,149,71,152,73,2,3098
,,AOM,81,177,19,34,2,13,71,49,77,211,64,16,59,25,38,20,1,957
,,AON,49,96,17,11,1,4,15,16,16,80,34,6,15,8,17,6,-,391
,,AOP,35,29,7,10,5,8,19,10,25,77,15,15,15,6,27,6,-,309
,"Proace City Electric",APQ,29,38,3,15,3,2,20,11,25,32,12,4,15,6,6,6,-,227
,"TOYOTA HIACE",AGV,19,38,1,6,1,-,3,2,16,26,4,-,2,3,1,3,-,125
,,AGX,10,34,2,1,-,-,7,3,7,9,4,2,13,1,1,9,-,103
,"TOYOTA HILUX",AGQ,141,219,6,68,2,5,65,58,68,121,61,15,80,59,52,81,-,1101
,,AGT,132,252,6,136,3,8,72,56,128,258,95,17,142,73,62,40,2,1482
,,AGU,289,401,19,125,3,11,98,101,151,258,141,37,82,53,97,43,4,1913
,,AHI,11,10,1,6,-,1,7,8,7,27,3,2,8,5,9,11,-,116
,,AKL,480,809,91,554,8,26,198,190,378,975,251,55,274,231,170,179,4,4873
,,AKV,239,344,49,164,2,14,118,73,187,276,156,30,92,72,100,68,3,1987
,,AOZ,505,822,34,162,14,31,250,166,288,655,260,56,192,100,155,129,3,3822
,,APG,36,96,4,13,-,1,22,18,31,56,21,2,16,6,25,9,-,356
,"SONSTIGE/NICHT GETYPT",,133,252,43,69,8,12,116,47,202,223,87,14,62,103,49,57,8,1485
"TOYOTA EUROPE (B) ZUSAMMEN",,,3572,6212,753,1812,156,408,2185,1319,3193,7342,2225,474,1847,1159,1656,927,30,35270
"VALTRA (FIN)",A104,AAV,26,76,-,6,-,-,11,8,35,36,6,-,7,4,10,13,-,238
,A105,ACO,14,40,-,3,1,5,8,7,36,31,10,1,10,3,8,4,-,181
,A114,AAW,22,35,1,4,-,1,7,4,18,11,3,1,11,7,12,7,-,144
,G105,AAC,21,49,-,-,-,-,2,1,8,16,3,-,3,3,3,1,-,110
,G125,ACM,36,82,1,5,-,-,17,9,31,39,17,-,3,4,11,5,-,260
,G135,ACN,15,40,1,10,1,-,16,6,35,11,15,2,15,10,14,6,-,197
,N104,AAZ,24,44,-,1,-,-,2,10,2,11,4,-,2,1,-,-,-,101
,"N154E ...-x",ACE,7,51,2,5,-,-,5,7,24,14,11,2,8,5,9,5,-,155
,,ACF,13,59,1,2,-,-,4,5,31,19,4,1,3,1,1,4,-,148
,"N174 ...-x",ACH,44,146,2,6,1,-,8,6,36,43,10,1,9,6,11,13,-,342
,"Q285,-305",ADE,5,21,-,3,-,1,9,5,18,14,4,-,8,1,10,1,-,100
,T174,ABQ,9,20,-,10,-,1,19,3,19,21,18,2,6,5,29,4,-,166
,,ABR,34,78,-,4,-,2,14,12,72,59,11,1,11,3,7,4,-,312
,T174E,AAI,8,42,-,1,-,-,7,1,22,12,6,-,2,-,1,-,-,102
,T214,ABV,24,61,-,5,-,1,6,8,40,26,4,-,9,5,8,3,-,200
,"T234 VPS-x",ABX,31,47,1,6,-,-,12,9,32,37,4,2,13,10,12,12,-,228
,"SONSTIGE/NICHT GETYPT",,1496,4164,20,477,9,32,436,373,1741,1361,408,26,539,332,647,321,2,12384
"VALTRA (FIN) ZUSAMMEN",,,1829,5055,29,548,12,43,583,474,2200,1761,538,39,659,400,793,403,2,15368
"VOLKSWAGEN (D)",,001,173,300,33,327,4,19,104,166,362,185,96,11,382,224,127,159,1,2673
,,002,30,76,3,60,-,6,13,23,105,57,24,2,61,34,38,27,2,561
,,003,227,353,10,180,6,18,122,93,350,193,93,7,247,125,98,161,-,2283
,,038,81,174,11,135,-,16,61,73,248,126,62,6,155,99,126,92,-,1465
,,040,10,15,1,-,-,-,17,2,16,28,9,-,4,1,1,-,-,104
,,202,29,42,5,40,-,1,18,11,34,38,9,3,53,39,14,30,-,366
,,203,245,324,23,248,4,12,135,105,369,221,119,17,356,206,118,216,1,2719
,,205,52,50,8,27,-,2,42,2,25,54,31,5,35,12,6,17,-,368
,,225,57,103,19,156,2,7,38,77,177,72,35,3,189,157,50,98,1,1241
,,236,43,80,13,113,-,5,43,47,103,55,28,3,157,82,31,67,-,870
,,239,24,37,-,14,-,-,14,7,32,14,11,2,33,9,4,17,1,219
,-;Crafter,AJC,30,25,13,17,5,11,14,15,66,69,11,3,27,21,38,7,1,373
,,AJD,132,127,33,48,16,32,106,46,189,291,48,10,72,46,69,24,-,1289
,,AJE,74,77,11,34,7,7,44,22,91,111,34,14,33,11,32,24,-,626
,,AJG,14,6,3,3,2,3,9,5,17,31,4,-,7,4,9,3,-,120
,,AJH,40,26,11,5,2,3,21,5,58,43,13,1,8,19,12,11,-,278
,,AJM,646,717,133,254,45,75,353,140,844,1091,175,32,288,205,222,157,2,5379
,,AJN,189,200,38,60,9,22,117,44,190,269,72,13,98,47,51,41,-,1460
,,AJO,7,6,10,7,2,6,9,6,23,36,4,3,9,4,8,3,-,143
,,AJP,323,296,114,147,63,87,196,80,567,741,112,23,205,115,190,69,1,3329
,,AJQ,8,16,7,11,1,5,7,2,29,31,10,1,12,6,4,4,-,154
,,AJR,178,167,27,74,20,26,86,39,206,294,44,7,88,78,50,31,1,1416
,,AJS,198,175,27,63,7,25,141,34,251,271,72,14,84,60,42,48,1,1513
,,AJT,38,39,3,13,2,3,21,3,31,53,11,2,13,9,9,4,-,254
,"ABT e-Transporter 6.1",CMY,13,34,2,2,-,-,5,2,10,10,2,1,7,6,5,6,-,105
,,CQK,60,38,9,3,1,4,19,7,39,43,2,-,14,13,5,12,-,269
,,CQQ,-,-,-,-,-,-,-,-,-,298,-,-,-,-,-,-,-,298
,Amarok,CSB,167,264,21,57,9,19,114,58,262,347,82,11,108,66,87,62,-,1734
,,CSC,10,16,3,9,1,-,7,2,23,14,9,1,2,5,8,4,-,114
,,CSD,17,23,6,12,2,1,15,5,53,55,21,2,22,12,7,6,-,259
,AMAROK,ATA,18,14,2,7,1,-,6,4,15,18,5,2,3,7,8,7,-,117
,,ATB,377,464,21,215,6,16,216,176,504,525,168,25,200,167,177,182,3,3442
,,AZF,39,50,2,34,-,5,26,30,95,89,15,3,31,36,17,23,-,495
,,BHI,30,57,4,33,1,-,30,20,69,50,15,2,36,21,21,20,-,409
,,BHK,108,131,5,56,2,8,64,48,165,137,50,9,57,53,59,54,-,1006
,,BHY,143,169,12,57,6,9,60,59,123,185,77,14,69,77,53,50,12,1175
,,BHZ,1015,1371,105,471,25,77,668,367,1386,1490,502,79,445,407,495,334,18,9255
,,BJC,18,21,4,15,2,4,12,7,50,48,12,2,5,9,7,4,1,221
,,BKK,50,93,4,18,2,5,28,27,81,67,23,7,45,34,11,28,3,526
,,BKS,13,16,5,7,-,4,7,5,29,28,10,1,6,9,10,6,-,156
,,BKT,139,156,11,93,3,13,96,75,239,278,70,4,127,100,73,95,1,1573
,,CBQ,444,656,39,155,12,35,252,149,506,674,231,29,183,139,202,175,4,3885
,,CBV,600,754,53,244,6,39,338,181,675,802,249,39,311,209,231,239,6,4976
,,CFF,60,93,2,36,2,4,28,30,93,91,18,2,48,52,21,26,-,606
,,CHV,516,674,46,203,13,38,296,144,554,732,211,40,219,154,236,179,6,4261
,CADDY,007,85,55,32,99,5,9,63,27,77,105,37,2,150,77,29,72,-,924
,,008,17,13,5,23,1,1,12,5,20,22,10,1,15,18,3,14,-,180
,,009,167,251,27,593,11,25,158,533,575,354,131,23,731,587,147,390,1,4704
,,021,21,16,2,6,-,-,17,1,10,9,8,-,13,11,1,7,-,122
,,022,35,44,1,16,-,2,20,13,46,21,16,2,25,23,10,20,-,294
,,031,32,56,7,65,-,1,23,72,70,51,19,6,90,67,23,82,-,664
,,082,45,44,11,36,1,6,24,36,51,61,12,1,82,26,12,31,-,479
,,083,307,586,64,405,26,36,221,412,883,604,183,33,607,424,209,256,-,5256
,,086,118,116,15,77,4,5,60,91,146,164,47,7,131,68,42,93,1,1185
,,088,21,19,4,5,2,1,10,5,33,20,8,1,20,8,4,7,-,168
,,095,149,142,18,61,3,13,76,18,152,169,67,12,66,27,53,40,-,1066
,,110,46,65,6,30,1,-,40,4,35,57,30,7,38,28,9,20,1,417
,,137,46,36,7,20,-,1,18,4,27,45,23,2,14,10,8,6,1,268
,,213,49,60,5,70,-,1,37,17,63,47,28,9,86,27,24,17,-,540
,,AFZ,22,36,3,16,1,4,18,7,27,37,6,-,19,10,14,15,-,235
,,AGA,157,146,27,64,8,10,70,24,111,170,31,5,120,36,28,45,-,1052
,,AGB,864,1328,191,619,31,94,564,565,1291,1440,416,55,914,563,341,502,12,9790
,,AGC,742,2118,206,620,44,107,440,563,1498,1268,366,56,900,786,390,565,1,10670
,,AGD,215,275,57,216,15,35,121,169,441,480,95,12,278,173,117,170,1,2870
,,AGO,158,132,41,80,10,13,86,43,302,252,52,16,75,78,28,75,1,1442
,,AJW,180,176,47,99,10,16,77,63,165,239,54,5,215,78,49,95,1,1569
,,AMS,62,52,3,27,4,-,44,20,49,68,20,3,42,29,15,22,4,464
,,AOQ,33,58,-,10,-,1,21,10,25,24,12,-,38,13,3,23,1,272
,,ARU,182,278,30,96,5,22,123,88,286,297,77,9,169,93,68,101,2,1926
,,ARV,23,44,-,9,-,-,26,5,20,25,15,1,25,24,2,18,-,237
,,ARX,19,26,6,1,-,2,10,3,18,22,7,2,7,4,5,3,-,135
,,ARY,91,255,29,69,7,21,53,53,212,215,41,9,102,142,45,72,-,1416
,,ARZ,41,62,9,35,2,5,29,39,70,100,22,-,72,34,21,35,-,576
,,ASA,32,22,7,14,2,1,17,8,31,46,7,-,11,17,4,10,-,229
,,ASB,28,31,9,13,3,2,16,5,26,37,2,1,30,17,11,6,-,237
,,AUE,83,127,12,51,4,7,57,49,102,129,41,3,69,43,26,45,-,848
,,AUF,5,31,1,4,-,1,5,4,12,7,8,-,13,14,-,15,-,120
,,AUG,236,325,32,100,7,24,142,89,290,337,94,12,180,97,59,135,9,2168
,,AUI,38,127,9,32,1,1,25,21,82,100,18,3,32,52,16,15,-,572
,,AUJ,22,33,5,16,3,7,8,15,39,51,10,-,34,18,15,16,-,292
,,AUK,232,158,49,101,10,18,113,99,298,266,67,21,58,98,45,56,1,1690
,,AUL,17,12,3,4,1,1,6,3,11,23,1,-,14,6,8,11,1,122
,,AVI,476,555,145,269,33,119,227,170,380,721,175,26,510,220,140,242,2,4410
,,AVJ,118,130,36,34,6,15,63,17,91,140,36,9,93,34,24,43,-,889
,,AVK,1000,1379,321,904,87,251,629,772,1983,2263,446,64,1196,774,635,638,3,13345
,,AVL,2771,4467,602,1489,166,397,1788,1313,4059,4665,1316,182,2287,1573,1128,1530,10,29743
,,AVN,33,136,15,17,-,2,18,15,84,385,6,7,20,57,15,16,1,827
,,AZH,313,647,7,85,6,5,230,111,212,198,191,23,343,144,41,214,-,2770
,,BAZ,32,38,2,9,-,2,17,8,29,35,17,1,30,9,9,20,-,258
,,BGC,17,20,13,13,6,1,12,1,21,35,11,-,20,14,5,8,-,197
,,BXE,279,277,62,77,-,62,84,164,222,646,48,17,84,126,43,33,-,2224
,,BXF,326,445,63,148,10,50,246,122,305,472,188,10,185,169,90,139,3,2971
,,BXG,3081,4174,917,1280,173,556,2131,1028,3650,4959,1091,152,2163,1418,1054,1474,7,29308
,,BXH,368,837,15,123,3,15,409,62,193,356,160,36,376,139,34,233,-,3359
,,BXI,485,703,246,392,73,239,347,345,1030,1426,174,28,661,408,442,315,-,7314
,,BXJ,262,348,151,164,28,106,155,91,347,511,104,15,303,173,117,112,1,2988
,,BXK,197,246,82,72,8,31,126,34,139,315,66,10,169,49,51,80,3,1678
,,BYF,108,148,16,32,3,7,59,30,70,123,61,7,54,24,16,59,-,817
,,BYG,479,516,180,183,29,112,323,110,370,827,119,11,449,230,101,191,-,4230
,,CKQ,40,48,12,21,1,13,28,12,16,44,7,2,36,7,7,13,-,307
,,CME,590,989,181,224,60,232,403,134,672,1051,292,24,306,170,151,173,3,5655
,,CMF,1005,1407,358,359,69,273,884,318,1133,2130,310,66,806,408,531,499,-,10556
,,CPF,148,178,107,72,22,93,111,48,240,436,47,4,183,67,189,50,-,1995
,,CPR,447,443,249,149,45,133,223,110,295,672,94,14,369,174,104,196,-,3717
,,CQC,207,348,6,33,4,15,134,25,87,228,71,19,110,52,14,111,-,1464
,,CQT,16,133,-,4,-,-,1,17,3,5,-,-,4,4,3,3,-,193
,"CARAVELLE,MULTIVAN,TRANSP",442,30,34,1,8,1,1,33,13,41,21,20,2,12,5,5,4,4,235
,,459,13,8,-,18,1,-,10,5,15,11,11,1,11,15,5,10,1,135
,Crafter,AKO,26,28,11,20,1,1,12,6,48,43,3,3,13,16,9,7,-,247
,,AKP,12,20,6,11,-,2,13,5,30,30,13,-,6,12,3,4,-,167
,,BCJ,24,25,4,7,-,2,9,2,20,32,11,1,8,6,7,3,-,161
,,BDW,11,20,2,35,-,-,4,1,24,7,11,-,5,5,2,1,-,128
,,BDX,68,49,1,4,-,-,8,4,22,15,-,-,2,1,5,1,-,180
,,BER,3,7,6,9,-,4,1,2,18,28,6,-,11,9,2,3,-,109
,,BES,26,40,6,8,6,5,21,8,49,53,17,2,23,17,25,5,-,311
,,BET,16,16,-,1,-,3,4,6,22,19,8,1,9,3,4,1,-,113
,,BEU,323,415,138,166,55,158,200,110,702,862,132,17,201,124,274,82,2,3961
,,BEV,1668,2135,333,654,109,228,847,495,2443,2651,507,86,784,505,703,470,1,14619
,,BEW,331,361,87,89,46,127,190,84,562,617,122,16,133,78,253,54,-,3150
,,BEX,176,239,24,58,13,30,95,47,188,304,56,13,69,51,103,47,-,1513
,,BFC,178,154,30,66,19,36,91,39,252,310,61,7,101,66,77,33,-,1520
,,BFD,328,417,28,94,27,34,226,71,469,475,124,15,141,117,125,98,1,2790
,,BGW,25,28,4,10,2,2,12,6,34,22,10,2,12,9,6,21,-,205
,,BGZ,308,497,49,118,19,40,154,65,355,459,122,20,151,70,106,95,2,2630
,,BHA,9,8,1,19,-,2,3,4,43,24,6,-,6,8,12,5,-,150
,,BHE,202,222,11,42,4,8,103,24,169,203,83,5,53,43,39,36,-,1247
,,BHF,21,29,16,12,3,1,12,3,28,38,9,-,13,4,14,12,-,215
,,BHM,131,174,22,31,5,22,70,22,150,155,31,8,49,27,43,23,1,964
,,BHN,40,49,1,5,1,7,29,5,44,39,6,4,13,9,9,17,-,278
,,BHP,17,16,2,2,2,-,7,-,11,27,5,-,5,1,5,5,-,105
,,BLY,30,27,25,29,4,-,11,15,106,53,7,1,17,13,18,8,-,364
,,BPW,462,703,60,195,28,57,232,132,617,670,174,33,192,115,174,123,1,3968
,,BYL,57,72,9,30,3,13,35,19,73,98,24,2,24,20,39,12,-,530
,,BYN,33,28,4,4,2,6,10,7,18,42,6,1,18,6,15,6,-,206
,,BYQ,207,305,36,63,26,33,110,44,240,368,63,9,100,42,82,43,-,1771
,CRAFTER,CBX,554,656,179,147,118,181,234,89,872,1746,142,40,515,148,603,130,-,6354
,,CBY,4332,7322,1529,1382,363,767,2549,1120,5486,8557,1380,270,2254,1202,1856,1371,28,41768
,,CBZ,2172,3105,337,697,146,213,1264,478,2618,3145,814,76,905,568,764,571,38,17911
,,CCA,145,250,28,61,3,52,87,60,159,190,33,1,135,56,44,136,7,1447
,,CCB,665,995,42,195,7,23,223,157,440,474,207,29,348,194,122,263,17,4401
,,CCC,124,92,20,30,16,16,54,21,100,172,26,2,75,73,37,24,-,882
,,CCD,741,897,142,225,51,79,415,146,1190,1160,267,26,480,304,250,242,6,6621
,,CCE,274,347,45,80,31,36,214,51,351,398,133,15,139,164,89,82,-,2449
,,CCF,46,59,7,25,2,4,50,20,50,45,13,1,53,49,16,31,-,471
,,CCG,137,149,10,24,2,3,58,17,82,89,37,2,57,26,12,23,-,728
,,CEU,19,30,7,7,2,2,11,2,19,29,6,-,6,2,3,8,-,153
,,CFC,42,57,18,18,-,6,16,7,120,39,9,2,36,8,14,14,-,406
,,CFD,18,24,7,3,1,5,9,3,28,24,10,1,18,10,12,21,-,194
,,CFU,91,142,29,11,6,9,25,11,80,287,9,7,31,12,23,20,-,793
,,CRL,22,33,4,3,-,2,12,-,38,31,13,-,20,6,6,8,-,198
,"Crafter,CRAFTER,-",AAG,36,33,-,4,-,-,13,6,19,20,5,2,2,2,9,4,-,155
,Crafter;CRAFTER,AKK,11,10,4,9,-,-,9,7,23,31,3,3,15,9,3,3,1,141
,,AKL,37,52,8,17,1,2,22,15,35,67,14,2,26,19,15,13,-,345
,,AKM,20,21,1,4,-,1,14,2,16,30,2,2,4,6,4,4,-,131
,DOPPELKABINE;GROSSRAUMPRI,097,72,62,2,5,1,2,58,2,35,61,30,2,12,2,4,8,-,358
,,112,77,104,8,46,3,16,53,16,107,110,46,7,30,13,43,14,-,693
,,114,203,201,15,26,3,7,104,14,149,188,86,13,43,25,35,31,-,1143
,,130,42,51,1,6,-,1,29,3,35,37,21,1,12,7,7,3,-,256
,,151,87,123,17,51,3,12,48,26,146,113,46,10,36,13,51,11,2,795
,DOPPELKABINE/PRITSCHENWG,089,21,22,2,1,-,-,11,1,16,18,10,1,1,3,6,-,-,113
,GOLF,179,14,50,2,17,1,2,6,2,46,7,4,2,29,8,11,13,-,214
,,BOD,1,94,-,-,-,-,-,-,28,2,-,-,-,12,-,-,23,160
,HOCHRAUMKASTENWAGEN;KASTE,118,76,80,20,21,5,13,51,10,57,123,24,7,31,12,34,11,-,575
,,129,22,11,-,2,1,5,12,1,12,10,22,-,3,-,7,2,-,110
,,157,80,99,48,65,3,37,43,32,107,145,41,5,36,20,76,10,-,847
,"ID. BUZZ CARGO 150 KW",CQX,320,361,74,69,10,50,146,54,373,443,76,11,125,68,152,64,1,2397
,"KASTEN-,HOCHRAUMKASTENWG",091,72,93,33,36,6,18,46,11,89,168,37,7,50,20,51,9,1,747
,,098,18,13,5,3,3,5,14,1,18,28,6,3,5,3,5,1,-,131
,,117,41,64,20,33,5,20,29,16,85,98,30,5,23,17,59,13,2,560
,KOMBI,BTX,36,82,2,8,-,-,18,18,47,34,4,1,5,31,4,49,7,346
,,BTY,18,84,-,13,-,-,10,11,22,16,2,1,8,5,-,59,2,251
,,BUC,8,14,-,2,-,-,10,-,2,5,-,-,70,2,-,-,-,113
,"KOMBI,CARAVELLE",AQM,12,13,-,5,1,4,8,16,12,15,1,-,7,3,7,5,-,109
,,AQT,11,14,1,6,1,1,15,10,38,34,4,1,12,12,4,6,-,170
,,AQU,37,23,-,17,-,5,19,14,43,51,5,-,11,15,10,10,4,264
,"KOMBI,WIDDER,CARAVELLE,TR",ARJ,18,21,-,5,-,-,18,3,13,11,5,-,30,7,1,10,-,142
,LT,527,17,27,-,3,-,1,17,3,19,19,26,2,1,3,4,4,-,146
,"LT 26,28,32,35",055,10,9,9,16,5,1,9,6,14,12,1,1,19,11,5,6,-,134
,,056,237,301,56,141,14,50,161,72,365,404,86,12,193,119,104,87,2,2404
,,060,21,23,7,20,2,9,12,10,33,54,11,-,16,14,13,11,-,256
,,061,37,43,12,30,5,10,26,12,59,64,11,3,32,21,16,13,-,394
,,069,61,84,16,32,5,11,48,15,81,98,40,6,59,25,42,29,3,655
,"LT 26;LT 28;LT 31;LT 32;L",020,43,46,15,24,2,11,19,20,55,55,16,6,38,15,19,23,1,408
,"LT 26;LT 28;LT 32;LT 35",029,11,20,7,13,1,4,6,5,28,13,9,2,14,11,13,7,-,164
,,048,17,33,7,8,-,2,15,7,19,24,5,-,20,9,7,2,-,175
,"LT 28,32,35",064,22,8,5,20,1,4,18,9,34,34,5,-,15,16,9,12,-,212
,,065,28,27,9,39,-,4,20,3,33,42,16,2,26,17,8,14,-,288
,,067,18,25,5,7,-,-,7,6,41,26,6,4,12,10,6,13,-,186
,"LT 28;LT 28,LT 31;LT 31",079,18,22,-,1,1,5,12,2,16,21,6,-,2,1,4,-,-,111
,"LT 28;LT 31;LT 32;LT 35",024,32,36,4,22,1,4,30,6,35,43,15,2,30,14,13,13,-,300
,"LT 28;LT 32;LT 35",030,16,17,4,20,2,3,22,10,41,23,8,-,13,24,22,12,-,237
,,053,9,7,-,11,-,1,8,2,16,16,10,2,17,7,8,8,-,122
,,054,133,147,16,67,6,5,69,25,153,171,56,10,76,57,41,42,-,1074
,"LT 28D;LT 31D;LT 35D",185,23,34,1,21,-,4,14,8,31,28,10,5,22,18,7,12,-,238
,,189,16,10,6,4,2,2,7,3,21,18,4,4,9,6,10,3,-,125
,,230,17,14,-,4,1,1,7,2,15,11,10,1,14,4,6,2,-,109
,,231,18,9,1,23,1,1,8,3,19,18,12,1,12,5,7,6,-,144
,"LT 35 Z;LT 40;LT 46",033,6,10,5,5,-,-,10,6,15,12,8,3,12,7,1,8,-,108
,,050,10,12,1,6,3,3,6,2,21,15,8,1,8,11,7,9,-,123
,,058,51,50,20,39,-,5,32,16,49,75,24,7,58,25,17,34,-,502
,"LT 35Z,40,46",068,17,17,3,8,1,4,9,3,11,19,15,1,19,10,5,7,-,149
,"LT 40 D;LT 45 D;LT 50 D;L",172,9,9,1,11,-,1,58,2,15,13,8,1,13,6,2,12,-,161
,,233,16,15,1,17,-,5,52,13,21,20,15,1,24,15,7,18,-,240
,"LT;LT 28 D;LT 28 D,LT 31;",080,25,16,12,2,1,4,23,2,22,42,4,1,3,2,6,6,-,171
,"LT;LT 28;LT 31;LT 35",100,14,26,1,-,1,-,9,-,13,17,14,-,3,1,5,1,-,105
,PASSAT,BQS,1,23,-,-,32,18,76,109,231,6,2,-,250,-,113,-,2,863
,,BRZ,2,-,-,1,-,12,8,-,130,-,-,-,1,-,-,-,7,161
,,COP,-,-,-,-,-,-,-,8,-,-,-,-,132,-,-,8,-,148
,"POLO,POLO COUPE",243,4,25,1,12,-,1,2,4,21,1,1,-,33,5,6,14,-,130
,"PRITSCHE,GROSSR.PRITSCHE,",093,170,178,17,51,2,10,83,26,171,163,82,10,33,24,46,16,1,1083
,,096,72,89,2,7,-,6,53,2,45,61,26,4,5,4,7,13,-,396
,"TARO 4X4",253,28,32,4,54,-,1,17,22,62,39,20,6,55,45,17,43,-,445
,"TARO,TARA",141,33,28,6,21,2,1,23,7,25,29,4,-,32,18,14,8,-,251
,,228,27,21,4,38,1,-,21,12,16,23,13,2,27,22,6,10,-,243
,,245,61,66,7,60,2,2,40,18,53,66,25,3,59,53,18,25,-,558
,TIGUAN,BZI,6,3,-,1,-,-,42,1,23,17,2,1,2,7,4,13,4,126
,TOURAN,ABL,1,135,-,-,-,2,3,-,20,5,1,-,1,-,-,-,-,168
,,BWR,-,227,-,9,-,53,-,1,48,7,-,-,-,-,-,144,7,496
,,BWS,-,-,-,118,-,-,-,-,-,-,1,-,-,-,-,-,6,125
,TRANSP.KASTENWAGEN,001,36,31,2,5,1,4,55,-,38,98,15,1,12,2,7,5,-,312
,,010,22,21,2,1,4,-,23,2,16,40,11,-,1,-,8,-,-,151
,,014,19,23,1,4,2,4,13,-,31,47,14,1,1,3,14,2,-,179
,TRANSP.PRIT.;VW-DOPPELKAB,035,65,60,6,2,-,4,49,6,44,99,15,5,7,2,10,6,-,380
,TRANSPORTER,010,351,644,125,768,35,176,207,439,944,634,211,57,718,448,609,272,3,6641
,,011,21,59,5,20,-,13,18,18,80,51,19,4,42,27,62,15,-,454
,,012,521,747,82,416,31,122,233,277,738,648,197,41,566,202,433,262,4,5520
,,013,52,48,36,24,6,5,49,1,35,91,14,5,29,14,9,3,1,422
,,025,33,33,25,10,-,3,18,5,37,68,12,2,13,6,9,7,-,281
,,037,58,122,11,65,3,36,42,61,206,133,43,9,85,45,121,32,-,1072
,,045,534,769,129,555,18,108,257,447,990,744,223,28,729,337,533,440,3,6844
,,076,551,969,164,433,38,137,275,349,972,947,222,49,535,390,529,262,1,6823
,,077,482,704,83,334,21,84,266,218,772,725,164,25,401,247,292,258,2,5078
,,078,180,249,39,121,7,28,97,82,237,256,78,9,157,69,102,69,1,1781
,,079,21,36,3,20,2,8,12,12,30,38,8,3,23,18,13,6,-,253
,,080,21,15,11,8,1,2,18,1,27,36,4,1,6,1,3,2,-,157
,,197,20,31,12,47,3,5,7,17,44,45,5,1,43,23,23,17,-,343
,,198,138,216,34,149,8,45,86,74,305,219,83,11,159,73,171,79,2,1852
,,200,41,36,27,30,-,2,36,3,19,67,18,5,20,10,9,13,-,336
,,201,21,13,17,8,-,1,15,3,7,28,8,1,4,3,7,3,1,140
,,224,72,102,42,151,7,22,37,83,169,126,32,7,137,103,88,54,1,1233
,,235,72,103,21,134,4,22,38,61,125,81,35,8,140,62,74,51,-,1031
,,687,12,12,-,6,-,-,25,7,39,17,10,-,11,6,7,11,-,163
,,706,28,32,7,14,1,2,16,9,47,45,10,4,32,21,12,19,-,299
,,707,32,50,7,20,1,5,19,24,58,48,6,-,44,26,26,15,-,381
,,711,147,245,10,114,5,18,117,61,255,154,50,2,165,105,75,110,2,1635
,,712,108,177,22,77,6,13,58,63,224,168,49,4,195,96,73,89,-,1422
,,713,40,76,4,38,1,3,27,17,68,52,19,1,70,41,16,31,2,506
,,747,85,164,3,35,-,4,29,38,67,59,38,11,64,28,23,31,-,679
,,753,57,77,4,30,1,-,30,16,77,38,15,1,46,28,24,26,1,471
,,AII,95,74,40,19,2,9,75,4,62,107,17,7,24,14,11,14,-,574
,,AIN,1021,1994,440,710,70,230,579,487,1710,1815,406,81,822,757,744,364,8,12238
,,AIO,1420,2028,311,904,60,197,770,655,2067,2260,465,85,1092,702,747,564,4,14331
,,AIP,62,100,22,62,1,14,43,40,68,104,31,3,68,33,43,36,4,734
,,AIQ,727,1122,131,445,35,98,383,279,780,970,240,42,566,286,314,288,2,6708
,,AIR,281,433,19,95,4,8,114,58,146,227,107,19,175,61,57,96,3,1903
,,AIS,51,50,3,15,-,3,15,6,25,24,16,4,39,9,8,12,1,281
,,AIT,24,27,3,5,-,5,23,1,20,29,6,-,7,-,3,5,-,158
,,AIW,194,309,19,132,2,17,135,76,283,217,62,4,180,103,63,107,4,1907
,,AIX,204,248,6,111,-,5,100,58,232,156,70,5,123,90,35,76,1,1520
,,AIY,20,23,2,10,-,-,15,2,20,16,3,-,13,10,5,6,-,145
,,AJA,188,207,26,114,12,32,84,80,345,205,46,2,166,113,98,81,-,1799
,,AJB,465,706,39,282,32,36,230,189,678,409,122,8,420,285,150,252,1,4304
,,AKD,13,26,1,6,-,1,8,4,19,11,10,1,9,3,3,7,-,122
,,ARG,154,200,51,99,6,32,55,71,202,256,35,8,97,67,97,43,1,1474
,,ARH,326,497,57,218,30,45,181,136,429,471,104,16,252,146,176,143,-,3227
,,ARI,157,252,39,108,6,29,89,58,228,220,55,7,126,74,69,88,-,1605
,,ARN,19,16,2,3,1,2,9,2,18,17,4,1,-,1,5,3,-,103
,,ARO,110,147,5,41,1,2,50,26,74,78,36,3,70,22,20,36,-,721
,,ARP,9,18,5,14,-,4,8,11,12,15,4,1,11,7,6,5,-,130
,,AVO,43,40,20,10,1,12,28,3,42,51,15,3,14,29,8,8,-,327
,,AVP,1242,1811,485,640,98,476,607,453,2131,16936,326,69,1021,587,1062,402,4,28350
,,AVQ,4990,7636,1466,2380,296,1477,2892,1747,6953,9183,1468,265,3567,2097,3043,1922,11,51393
,,AVR,2232,3944,385,1005,71,329,1210,855,2659,3069,806,105,1465,860,1012,882,9,20898
,,AVS,839,1650,74,264,7,30,443,178,432,786,327,63,592,308,135,298,4,6430
,,AVV,195,328,60,133,5,28,88,76,183,291,71,8,151,70,86,66,2,1841
,,AVW,179,309,29,56,2,13,88,44,97,150,49,13,126,49,58,60,3,1325
,,AVX,30,29,-,4,-,2,14,4,25,23,12,-,6,4,6,5,-,164
,,AVY,164,220,44,74,6,24,80,75,295,222,49,2,159,109,66,81,-,1670
,,AVZ,818,1396,121,467,62,374,519,310,1438,798,240,18,785,528,306,438,-,8618
,,AWA,280,617,104,149,5,20,219,106,423,283,105,4,284,192,109,276,1,3177
,,AWB,431,522,20,137,4,14,147,130,303,207,91,4,177,122,63,114,4,2490
,,AWE,8,20,1,8,-,1,8,4,18,14,5,1,15,12,2,10,-,127
,,AWF,31,35,-,6,-,-,15,6,24,16,9,-,18,6,4,15,-,185
,,BGD,815,1237,194,339,78,140,424,230,1030,1108,268,44,520,275,422,255,-,7379
,,BGE,23,22,19,3,-,12,14,2,16,54,3,-,6,4,3,8,1,190
,,BGF,18,34,8,4,-,2,6,3,6,24,1,2,4,2,5,1,1,121
,,BGG,200,509,20,92,4,15,159,44,219,194,59,6,192,100,53,123,-,1989
,,BIP,168,224,64,35,4,47,129,8,102,266,46,3,51,40,27,18,-,1232
,,BIQ,40,47,4,12,-,5,31,4,36,72,28,-,9,8,4,2,-,302
,,BXT,2381,2853,149,641,9,81,1269,232,863,1512,515,105,915,541,281,588,5,12940
,,BXU,5627,8500,1327,1471,195,1168,2986,1138,4743,11088,1468,177,2691,1379,1800,1632,20,47410
,,BXV,976,1119,190,220,13,29,416,156,548,405,192,3,473,276,140,383,-,5539
,,CBA,176,217,33,66,4,29,104,28,178,229,51,5,74,41,49,55,5,1344
,,CBB,232,381,36,70,3,11,122,43,136,306,58,10,139,39,55,93,10,1744
,,CBD,30,46,4,7,-,4,18,6,32,26,4,-,13,13,6,6,-,215
,,CBE,334,496,262,122,6,14,407,106,403,187,94,11,210,152,55,165,-,3024
,,CHF,38,53,6,10,-,4,13,9,30,50,8,-,19,16,9,9,2,276
,,CHH,97,135,7,18,-,5,37,16,38,80,17,7,26,12,14,26,1,536
,,CKF,306,606,50,133,10,614,512,71,384,220,57,3,283,276,85,192,-,3802
,,CKG,2058,4020,779,640,173,860,1396,555,2684,4551,590,80,1391,808,1452,702,-,22739
,,CKH,23,37,20,13,1,4,24,32,65,34,4,-,28,42,11,31,-,369
,,CKI,225,217,63,73,12,69,86,38,352,531,31,17,943,106,165,76,-,3004
,"TRANSPORTER o. CARAVELLE",AFR,26,15,2,11,-,1,26,5,36,64,13,-,18,15,4,6,95,337
,,AHG,10,20,-,6,-,-,15,4,14,22,5,-,14,2,2,13,23,150
,,AIF,25,13,-,18,1,1,21,12,56,43,8,3,7,18,7,9,-,242
,"TRANSPORTER WAHLW.SYNCRO",015,7,22,1,8,-,-,5,5,12,8,7,2,23,6,7,9,-,122
,,237,7,20,2,5,2,-,4,1,11,12,5,1,20,7,8,10,1,116
,"TRANSPORTER WAHLW.SYNCRO;",044,126,199,8,58,1,8,40,48,81,74,52,11,138,42,41,69,1,997
,"TRANSPORTER,PRITSCHE",004,71,55,8,9,2,1,31,5,30,48,21,1,22,8,3,11,-,326
,,028,26,14,5,8,1,1,22,1,21,28,12,-,14,9,3,3,-,168
,,046,254,378,15,242,14,12,130,180,468,232,112,11,436,231,149,226,1,3091
,"TRANSPORTER,PRITSCHE,SYNC",017,11,16,-,10,1,-,15,8,28,13,7,-,23,13,5,10,-,160
,,043,111,126,4,71,1,4,54,37,116,65,38,5,143,41,38,76,2,932
,UP!,BLL,80,139,24,44,4,24,66,16,172,225,40,7,80,34,65,37,-,1057
,,BSA,26,18,4,4,-,-,8,5,23,19,3,-,5,2,3,2,-,122
,"SONSTIGE/NICHT GETYPT",,10077,16123,2272,4890,501,1920,6058,3023,13294,17874,4306,759,6360,3706,4294,3387,1037,99881
"VOLKSWAGEN (D) ZUSAMMEN",,,86493,129304,20071,41609,4676,16106,51341,29582,110087,153213,31080,4833,62471,37129,38429,34779,1618,852821
"VOLVO (S)",FH;FH16,ANC,13,18,-,6,-,-,6,3,6,25,4,-,13,5,4,3,-,106
,"SONSTIGE/NICHT GETYPT",,4188,7627,698,2000,400,915,2375,1506,4959,8103,2649,324,2237,1436,3055,1150,29,43651
"VOLVO (S) ZUSAMMEN",,,4201,7645,698,2006,400,915,2381,1509,4965,8128,2653,324,2250,1441,3059,1153,29,43757
"YAMAHA (J)","SONSTIGE/NICHT GETYPT",,1831,3727,39,369,10,37,982,250,979,1668,1244,165,580,311,187,739,4,13122
"YAMAHA (J) ZUSAMMEN",,,1831,3727,39,369,10,37,982,250,979,1668,1244,165,580,311,187,739,4,13122
"YAMAHA (USA)","SONSTIGE/NICHT GETYPT",,924,1784,40,325,9,38,525,322,625,1006,639,87,363,266,136,427,10,7526
"YAMAHA (USA) ZUSAMMEN",,,924,1784,40,325,9,38,525,322,625,1006,639,87,363,266,136,427,10,7526
"ZETOR ZKL (CZ)","ZETOR 5011/ND5-017",217,-,1,-,77,-,-,-,21,1,-,-,-,64,42,-,90,-,296
,"ZETOR 5211.2",212,1,1,4,341,-,-,1,166,4,1,-,-,167,159,1,214,-,1060
,"ZETOR 5245",214,-,4,-,25,-,-,-,18,-,-,-,-,25,28,1,47,-,148
,"ZETOR 7245 H",215,-,-,-,1,-,-,1,-,-,-,-,-,29,5,-,67,-,103
,"SONSTIGE/NICHT GETYPT",,970,2858,10,908,-,4,262,488,225,327,290,23,1594,795,115,1197,3,10069
"ZETOR ZKL (CZ) ZUSAMMEN",,,971,2864,14,1352,-,4,264,693,230,328,290,23,1879,1029,117,1615,3,11676
"ZHEJIANG CFMOTO (RC)","SONSTIGE/NICHT GETYPT",,4122,9292,125,1611,61,109,2794,1613,3932,3358,2567,317,2133,2127,1043,4637,7,39848
"ZHEJIANG CFMOTO (RC) ZUSAMMEN",,,4122,9292,125,1611,61,109,2794,1613,3932,3358,2567,317,2133,2127,1043,4637,7,39848
"SONSTIGE HERSTELLER ZUSAMMEN",,,51955,74943,5176,15578,826,2927,20602,10235,32523,44533,23315,3632,21384,14061,10596,17627,761,350674
INSGESAMT,,,893808,1389235,137391,233263,27328,82949,461655,148119,681693,1138488,365018,66919,315868,185176,245330,204972,12160,6589372
,,,,,,,,,,,,,,,,,,,,
Hinweis:,,,,,,,,,,,,,,,,,,,,
"Betrifft Daimler Buses: Einschließlich Evobus/Ulm.",,,,,,,,,,,,,,,,,,,,
"© Kraftfahrt-Bundesamt, Flensburg",,,,,,,,,,,,,,,,,,,,
