"zurück zum Inhaltsverzeichnis",,,,,,,,,,,,,,,,,,,,
,,,,,,,,,,,,,,,,,,,,
"Fahrzeugzulassungen (FZ)",,,,,,,,,,,,,,,,,,,,
"Bestand an Kraftfahrzeugen und Kraftfahrzeuganhängern nach Herstellern und Handelsnamen ",,,,,,,,,,,,,,,,,,,,
"FZ 2.6 Bestand an Krafträdern am 1. Januar 2024 nach Herstellern, Handelsnamen und Bundesländern",,,,,,,,,,,,,,,,,,,,
,,,,,,,,,,,,,,,,,,,,
"Hersteller
",Handelsname,Typ-Schl.-Nr.,"Baden-
Württemberg",Bayern,Berlin,Brandenburg,Bremen,Hamburg,Hessen,"Mecklenburg-
Vorpommern","Nieder-
sachsen","Nordrhein-
Westfalen","Rheinland-
Pfalz",Saarland,Sachsen,"Sachsen-
Anhalt","Schleswig-
Holstein",Thüringen,Sonstige,Deutschland
"AEON MOTOR (RC)",,AAB,5,30,-,3,1,-,12,1,23,6,3,3,2,9,6,11,-,115
,AT18,005,12,37,-,3,-,-,8,2,7,15,8,1,4,3,7,8,-,115
,AT72,003,64,224,5,13,-,2,58,5,45,26,44,5,14,9,11,20,-,545
,"Bistrada 3.5",AAM,13,20,-,4,-,-,9,-,10,18,3,1,8,7,1,8,-,102
,"Cobra 320",AAC,16,46,-,3,-,-,15,-,13,32,8,1,4,8,4,8,-,158
,"Cobra 350",AAF,39,95,2,1,-,1,22,3,12,30,13,5,21,15,8,26,-,293
,"Cobra 400",AAP,163,411,-,24,2,5,99,13,86,171,77,34,71,56,14,34,-,1260
,"Cobra,Supermoto",AAV,27,89,-,1,-,-,13,1,18,25,9,7,20,17,-,7,-,234
,"Crossland 400 X4",AAR,8,35,-,5,1,-,4,2,12,6,6,-,8,14,1,4,-,106
,"Crossland RX 350,Crosslan",AAH,10,39,-,-,-,-,14,1,13,6,3,1,6,11,2,11,-,117
,"SONSTIGE/NICHT GETYPT",,186,428,19,35,4,3,158,15,116,149,103,25,67,51,33,45,-,1437
"AEON MOTOR (RC) ZUSAMMEN",,,543,1454,26,92,8,11,412,43,355,484,277,83,225,200,87,182,-,4482
"APRILIA (I)",,ABD,34,46,-,1,1,1,16,2,12,28,9,1,6,3,1,-,-,161
,"ATLANTIC 125-200",164,85,146,25,11,4,5,48,6,71,184,47,18,12,9,31,5,-,707
,"ATLANTIC 500",147,40,59,8,4,2,4,20,3,21,54,17,3,3,2,3,1,-,244
,"CLASSIC 125",111,10,16,3,2,-,-,10,3,15,33,11,3,1,2,3,1,-,113
,"ETV 1000 CAPO NORD",143,79,127,6,18,6,8,43,9,63,112,46,5,52,13,21,10,1,619
,"HABANA 125",084,38,32,1,3,-,-,17,2,5,6,7,1,1,-,5,-,-,118
,"LEONARD 125",156,36,42,6,-,-,4,7,1,11,37,11,2,3,-,3,-,-,163
,"LEONARDO 250",122,84,139,9,5,1,4,37,1,27,110,26,5,3,2,8,1,-,462
,"LEONARDO 250/300",179,55,41,7,1,-,2,10,1,9,29,7,3,1,-,1,1,2,170
,"Mojito 125",AAN,38,65,9,8,2,14,27,6,26,62,14,2,2,2,7,4,-,288
,"MOJITO 125",187,36,36,6,1,-,2,9,-,1,12,5,-,2,1,-,-,1,112
,"MOTO 6.5",102,42,66,12,9,5,12,27,1,14,85,13,5,5,3,6,6,-,311
,MX125,181,19,36,-,3,-,2,9,4,10,21,10,1,12,4,2,4,-,137
,"PEGASO 650",109,90,86,6,20,1,4,48,9,42,163,36,9,36,12,17,28,-,607
,"PEGASO 650 IE",144,32,55,7,8,-,6,22,7,28,67,22,4,19,9,10,7,-,303
,"Pegaso 650 Strada/Enduro",AAJ,31,31,1,3,-,3,8,1,6,26,7,2,6,4,4,4,-,137
,"PEGASO STRADA 650",193,44,35,4,5,1,2,21,3,17,34,8,3,12,3,6,6,-,204
,"RS 125",128,19,18,2,4,-,2,20,3,17,21,17,3,11,4,7,6,-,154
,"RS 125,TUONO",149,54,62,3,13,-,2,28,7,28,49,30,15,22,10,5,13,-,341
,,182,50,63,3,8,2,1,13,3,21,48,22,9,15,4,4,6,-,272
,"RS 250",101,35,35,-,5,2,1,13,-,13,46,26,3,9,1,4,2,-,195
,,116,14,21,1,2,1,-,10,1,5,31,15,1,22,3,3,4,-,134
,"RST 1000 FUTURA",137,22,46,8,13,-,4,11,7,33,46,22,1,17,17,13,13,-,273
,"RSV 1000",123,39,51,5,14,3,5,21,4,37,50,25,4,14,5,9,6,1,293
,"RSV 1000,TUONO",134,307,404,61,87,13,16,158,48,246,413,160,30,144,49,70,56,3,2265
,"RSV 1000/Tuono;RSV1000/Tu",AAU,92,94,4,11,7,1,24,5,53,83,25,6,30,3,9,10,-,457
,RSV1000,088,76,84,12,27,2,3,37,6,76,74,32,3,54,20,26,21,-,553
,RSV1000/Tuono,ABG,23,27,6,6,-,2,9,5,29,28,6,1,20,7,5,6,-,180
,"SCARABEO 500",167,20,28,3,-,1,1,11,1,19,33,2,2,1,3,3,-,-,128
,"SL 1000 FALCO",131,103,136,16,34,7,10,51,17,121,152,52,13,46,16,31,17,1,823
,"SPORT CITY 125",188,117,181,19,12,6,15,42,3,36,97,23,16,14,3,9,11,-,604
,"SR 125",082,21,38,1,2,-,2,16,-,6,13,4,2,-,-,-,-,-,105
,"SR 125 LEONARDO",106,127,120,13,6,4,6,61,4,25,118,14,2,-,-,6,-,-,506
,"SR 150 LEONARDO",114,149,171,4,2,1,9,74,1,51,143,33,7,6,1,17,-,-,669
,"SONSTIGE/NICHT GETYPT",,3582,4902,385,388,91,180,1419,185,1827,4390,1101,401,619,240,468,273,9,20460
"APRILIA (I) ZUSAMMEN",,,5643,7539,656,736,163,333,2397,359,3021,6898,1905,586,1220,455,817,522,18,33268
"AUTO UNION","DKW RT 125",125,119,237,4,-,2,3,75,-,89,98,35,1,2,1,18,2,-,686
,"DKW RT 175",174,91,157,2,4,-,4,49,3,60,63,45,1,1,-,16,-,-,496
,"DKW RT 175 VS",173,43,119,1,1,-,-,35,-,26,39,26,1,1,-,13,-,-,305
,"DKW RT 200",199,60,101,2,2,1,2,34,1,31,53,30,-,1,1,4,-,-,323
,"DKW RT 200/2",197,20,54,-,-,1,1,13,-,15,11,14,1,-,-,2,-,-,132
,"DKW RT 250/2",244,32,57,1,2,1,2,15,-,17,23,17,-,2,1,2,-,-,172
,"RT 250",250,34,63,-,2,-,-,26,-,18,25,23,1,1,-,2,2,-,197
,"SONSTIGE/NICHT GETYPT",,1354,2848,35,104,16,33,548,56,781,1054,351,55,227,67,161,90,1,7781
"AUTO UNION ZUSAMMEN",,,1753,3636,45,115,21,45,795,60,1037,1366,541,60,235,70,218,94,1,10092
AUTOMOB-EISENACH-AWE,"SONSTIGE/NICHT GETYPT",,59,142,39,543,1,8,50,393,64,77,21,4,1046,503,28,494,3,3475
"AUTOMOB-EISENACH-AWE ZUSAMMEN",,,59,142,39,543,1,8,50,393,64,77,21,4,1046,503,28,494,3,3475
"BELGARDA (I)","SZR 660",101,13,26,1,2,1,3,12,-,6,28,9,4,3,2,1,3,-,114
,"TT 600 RE",104,34,51,5,7,-,3,16,2,29,52,14,7,5,3,12,5,-,245
,"YAMAHA NSR 1100",103,311,338,69,138,8,28,184,64,300,559,128,43,183,66,83,74,4,2580
,"YAMAHA TT 600 R",102,228,352,29,53,5,27,111,30,174,276,84,16,31,16,57,16,1,1506
,"SONSTIGE/NICHT GETYPT",,247,369,43,28,5,23,121,17,143,279,92,19,47,25,81,21,-,1560
"BELGARDA (I) ZUSAMMEN",,,833,1136,147,228,19,84,444,113,652,1194,327,89,269,112,234,119,5,6005
"BENELLI (I)","502C CRUISER",AAX,24,36,6,7,1,2,11,2,29,54,4,3,16,9,7,7,-,218
,752S,AAY,17,16,1,5,2,5,5,-,23,46,9,1,7,9,4,5,-,155
,BN125,AAZ,156,157,15,66,-,27,82,16,248,344,83,29,70,72,77,56,1,1499
,"Imperiale 400",AAU,37,59,2,22,1,9,27,4,69,65,30,5,25,17,25,8,-,405
,"LEONCINO 125",ABD,29,30,1,14,2,9,30,4,54,87,16,3,14,15,11,12,-,331
,"LEONCINO 800 TRAIL,LEONCI",ABE,18,35,2,3,-,3,16,1,28,45,10,7,18,8,9,5,-,208
,"LEONCINO TRAIL,LEONCINO 5",AAW,27,46,2,12,-,8,19,5,49,61,28,8,20,8,12,19,-,324
,"TNT 1130",AAA,30,67,5,6,-,1,7,-,12,25,8,4,9,11,8,7,-,200
,,AAK,26,45,5,5,-,2,11,4,23,24,10,1,4,3,5,7,-,175
,"TORNADO NAKED T 125,TNT 1",AAV,69,80,2,14,-,6,45,1,59,100,26,17,20,10,23,12,1,485
,"TRE-K 1130 Amazonas,TRE-K",AAE,25,21,1,2,-,1,9,-,13,15,10,2,3,1,1,2,-,106
,"TRK 502 X,TRK502,TRK502X",AAT,62,93,8,29,1,11,36,13,82,160,38,13,50,22,40,18,1,677
,"SONSTIGE/NICHT GETYPT",,614,967,95,147,13,63,315,65,478,936,297,65,287,109,182,151,3,4787
"BENELLI (I) ZUSAMMEN",,,1134,1652,145,332,20,147,613,115,1167,1962,569,158,543,294,404,309,6,9570
"BETAMOTOR (I)",,AAF,123,189,3,30,-,3,72,22,63,88,23,7,32,30,25,19,-,729
,,AAS,124,246,9,6,-,6,55,4,28,103,66,5,14,5,8,3,-,682
,,ABH,17,18,2,4,-,2,6,-,23,8,-,1,9,1,7,4,-,102
,,ABI,38,64,1,3,-,-,14,2,19,30,14,1,9,2,5,6,-,208
,"ALP 4.0-; M4 350CC Euro3",AAK,207,249,12,21,4,12,73,4,63,140,50,13,16,8,21,16,-,909
,"EVO 2T 125CC Euro3",AAU,85,128,1,4,-,1,21,2,13,19,14,4,7,2,1,2,-,304
,n/a,ABM,684,1193,19,103,8,4,275,100,395,517,164,27,87,94,63,101,-,3834
,,ABZ,30,72,-,4,-,-,11,1,10,29,10,4,3,2,6,4,-,186
,,ACB,36,27,-,1,-,-,5,1,4,9,7,2,8,-,-,1,-,101
,,ACD,16,34,-,3,1,1,7,1,14,14,4,1,5,1,7,4,-,113
,,ACE,33,26,2,6,-,2,5,2,11,15,5,-,3,-,-,4,-,114
,,ACJ,14,18,1,7,1,-,10,1,10,17,8,1,8,4,5,5,-,110
,,ACL,64,144,3,15,1,3,28,10,42,57,29,4,28,15,8,45,-,496
,,ACM,65,126,2,9,3,4,34,5,35,52,20,4,29,13,7,26,-,434
,"RR2T/RR2T MOTARD 300CC",ABG,42,92,4,13,3,-,30,2,25,50,21,3,18,5,5,22,-,335
,"RR4T 125CC LC Euro3,RR4T",ABA,286,461,2,23,-,7,106,20,109,135,54,7,13,24,35,22,-,1304
,"RR4T/RR4T MOTARD 350CC",ABB,28,22,1,4,-,-,4,1,5,17,4,3,7,2,-,2,-,100
,"RR4T/RR4T Motard 400CC",AAZ,57,83,3,8,2,1,16,5,44,47,14,-,11,4,10,12,-,317
,"RR4T/RR4T Motard 450/520",AAY,39,48,3,5,1,-,20,5,26,46,10,1,11,7,5,4,-,231
,T2,085,58,71,4,-,-,3,17,3,14,58,11,2,5,-,5,4,-,255
,"SONSTIGE/NICHT GETYPT",,1732,3044,79,292,15,34,720,185,859,1283,473,103,271,188,228,307,4,9817
"BETAMOTOR (I) ZUSAMMEN",,,3778,6355,151,561,39,83,1529,376,1812,2734,1001,193,594,407,451,613,4,20681
BMW,,599,85,123,9,11,9,11,60,4,84,140,43,9,4,5,49,5,-,651
,,744,112,179,15,9,4,26,65,5,91,174,48,16,4,3,39,3,1,794
,,893,97,158,13,8,5,8,61,3,90,133,45,12,6,2,23,2,-,666
,"BMW F 650;BMW F 650 ST;F;",123,743,1318,79,139,18,47,410,70,490,1014,386,85,144,84,177,98,2,5304
,,124,131,199,13,29,8,9,104,14,104,190,76,24,19,21,41,13,-,995
,"BMW R 100 GS;BMW R 100 R",115,1777,2852,203,200,63,145,856,73,938,1946,696,123,180,79,372,114,11,10628
,"BMW R 100 S",102,36,58,10,2,1,7,22,1,25,58,15,2,5,1,13,-,1,257
,"BMW R 100,-RS,-RT,-CS",116,181,326,17,13,10,14,116,13,166,296,58,18,11,14,57,10,-,1320
,"BMW R 25/3",249,462,696,10,11,2,25,205,4,193,305,146,10,2,7,59,3,1,2141
,"BMW R 26",251,124,250,14,8,2,12,67,1,113,136,63,14,1,3,46,3,-,857
,"BMW R 27",246,110,196,16,6,3,16,79,2,117,170,77,7,2,3,38,2,1,845
,"BMW R 45",104,151,265,23,29,6,25,117,9,149,241,95,9,15,14,56,12,4,1220
,,105,10,14,3,7,1,2,18,1,13,37,10,1,2,-,3,2,-,124
,"BMW R 50",499,109,169,16,7,4,16,69,1,88,107,47,8,-,2,38,2,-,683
,"BMW R 50/5",488,27,50,17,9,3,10,33,-,44,68,33,9,2,2,21,3,-,331
,"BMW R 51/3",498,67,67,7,1,-,3,26,2,28,23,13,4,2,-,8,2,-,253
,"BMW R 60",593,29,29,5,1,2,9,24,-,25,40,14,-,1,1,12,2,-,194
,"BMW R 60/5",598,92,156,12,7,6,14,63,-,110,144,29,4,6,5,45,7,1,701
,"BMW R 60/7",101,19,14,8,5,2,2,11,4,31,55,17,2,3,1,14,6,-,194
,,600,47,59,8,3,4,6,45,3,59,69,34,4,4,2,26,-,1,374
,"BMW R 65,-TIC",114,21,43,4,5,2,2,19,3,32,21,16,1,3,1,4,3,-,180
,"BMW R 65;BMW R 65,-R 65 L",106,244,338,28,34,7,32,163,10,190,323,115,17,13,12,63,22,1,1612
,"BMW R 65;BMW R 80,-RT,-RS",112,146,199,40,53,10,13,112,21,139,251,83,7,34,17,45,17,-,1187
,"BMW R 75/5",740,261,392,36,18,12,27,165,4,165,260,94,12,7,6,58,8,1,1526
,"BMW R 75/7",745,56,73,10,4,3,5,40,-,61,103,24,5,3,2,23,1,-,413
,"BMW R 80 G/S",112,49,76,5,2,3,6,32,3,17,56,20,1,-,-,7,1,-,278
,"BMW R 80 G/S;BMW R 80 GS;",107,1013,1625,163,86,34,102,530,48,482,1141,444,47,75,41,229,40,7,6107
,"BMW R 80;BMW R 80,-RS,-RT",110,650,892,89,78,19,52,433,34,538,959,270,50,58,51,189,35,13,4410
,"BMW R 80;BMW R 80/7",106,57,92,13,6,4,14,39,4,89,106,29,6,4,6,30,1,-,500
,"BMW R 90/S",892,156,193,18,2,4,13,82,2,110,192,59,12,9,5,50,4,2,913
,"BMW R1100 GS;BMW R1100 R;",127,150,260,18,22,2,9,82,8,78,190,64,30,24,10,27,18,3,995
,,128,2639,3565,214,239,55,119,1074,96,1080,2856,921,199,269,137,358,156,19,13996
,"BMW R1100 RS;R1100 RS;R11",122,1440,2385,136,208,47,62,736,97,1205,2186,712,165,184,109,322,129,5,10128
,"BMW R850 GS;BMW R850 R;R8",129,683,955,113,133,17,61,398,52,497,1047,325,84,136,76,158,100,3,4838
,"C 400 GT,C 400 X",DFQ,297,485,82,35,5,19,153,23,89,361,102,40,38,14,41,12,1,1797
,"C 400 X,C 400 GT",CUP,251,416,58,35,5,10,129,15,75,265,84,28,36,12,40,15,-,1474
,"C 600 Sport,C 650 GT",BIQ,293,459,52,28,4,13,111,13,113,290,88,42,57,23,28,16,4,1634
,"C 650 GT,C 650 Sport",CGE,254,430,57,32,4,15,120,8,88,313,99,33,24,27,37,14,-,1555
,"C evolution",BVR,34,48,10,6,2,3,21,2,21,49,16,3,4,4,7,3,-,233
,,COL,38,66,13,13,1,8,26,1,16,53,21,3,4,2,1,1,1,268
,C1,080,549,1724,96,51,14,58,247,23,312,799,166,87,78,27,94,22,6,4353
,C1-200,081,386,1241,81,34,13,30,176,9,147,432,101,58,26,15,58,13,2,2822
,CE04,DHL,110,191,28,22,4,14,54,6,55,127,30,15,20,9,17,9,1,712
,"F 650 GD,F 650 GS",140,1657,2423,227,266,31,103,733,111,756,1800,608,126,313,142,313,214,8,9831
,"F 650 GS MILITAER,F 650 G",141,179,262,15,21,1,12,55,13,81,171,47,12,43,11,22,24,1,970
,"F 650 GS;F 650 GS BEHOERD",160,676,992,99,107,14,44,286,52,332,794,223,61,110,51,150,58,3,4052
,"F 650 GS;F 650 GS Behörde",AGO,194,271,36,24,3,23,84,29,125,272,79,22,22,15,34,13,3,1249
,"F 650 GS;F 650 GS DAKAR",159,153,206,14,14,3,7,59,6,49,160,48,5,23,11,16,22,1,797
,"F 700 GS",BME,882,1080,128,73,14,44,312,56,338,993,300,76,117,50,118,57,5,4643
,,CIV,155,195,16,7,3,10,48,1,70,178,33,10,31,11,19,9,2,798
,,CJA,77,102,7,9,-,3,25,5,19,85,20,8,8,4,9,3,-,384
,"F 700 GS,F 650 GS",AML,965,1229,110,103,26,44,376,41,370,1100,307,72,132,55,154,66,3,5153
,"F 700 GS,F 800 GS Adventu",AMJ,191,235,22,17,4,8,61,10,65,170,49,9,20,9,20,10,2,902
,"F 750 GS",CSD,369,487,73,71,8,33,189,23,177,563,122,28,86,46,69,46,4,2394
,,DFA,323,560,82,46,12,19,168,32,165,529,134,24,82,29,74,35,4,2318
,"F 750 GS,F 850 GS,F 850 G",CSC,19,34,5,9,-,1,10,1,8,24,16,2,6,18,1,2,-,156
,"F 800 GS,F 800 GS Adventu",AMK,1855,2661,261,263,37,139,699,109,805,2035,508,111,349,126,298,177,18,10451
,,BCT,139,197,15,14,2,6,31,5,34,124,38,9,11,20,18,4,-,667
,,CIS,162,263,33,25,3,11,73,11,90,235,49,15,39,12,38,14,1,1074
,"F 800 GT,F 800 R",AOT,1672,1998,208,182,28,73,499,62,697,1600,496,133,185,85,167,108,12,8205
,,BNY,744,1008,118,130,25,58,318,49,442,861,261,67,146,88,133,74,5,4527
,,COK,11,41,4,8,1,2,11,1,9,19,3,1,3,2,5,1,-,122
,"F 800 GT,F 800 R,F 800 ST",ADB,84,162,18,9,1,2,30,1,46,72,26,7,16,6,4,12,1,497
,"F 800 R,F 800 GT",BCU,69,153,17,6,1,3,30,5,28,84,22,6,13,3,7,4,-,451
,,COJ,400,542,75,83,14,22,181,21,235,526,162,46,64,52,73,42,1,2539
,"F 800 ST,F 800 S",ADA,882,1195,169,133,23,59,386,46,598,1143,329,103,137,71,167,71,5,5517
,"F 850 GS Adventure,F 850",CSF,290,436,87,69,9,21,145,24,167,458,125,28,74,34,65,37,8,2077
,,DEY,21,40,7,8,2,-,16,5,12,33,8,3,6,-,4,3,-,168
,"F 850 GS,F 850 GS Adventu",DEZ,147,327,44,41,4,14,87,16,103,283,60,12,60,26,40,27,2,1293
,"F 900 R A2,F 900 XR A2",CZM,39,61,11,12,-,6,27,6,29,59,20,2,9,3,5,7,-,296
,"F 900 R,F 900 XR",CZN,1299,1951,231,201,39,81,522,71,673,1595,438,111,228,124,168,124,3,7859
,"F 900 XR A2,F 900 R A2",CZK,167,212,13,21,1,7,53,8,61,166,41,10,33,10,13,14,1,831
,"F650 CS",152,552,662,91,88,10,33,269,32,273,675,207,63,90,45,92,55,4,3241
,,153,73,84,8,11,3,5,31,4,39,86,36,7,17,8,16,14,-,442
,,161,48,69,4,5,-,1,18,3,27,48,14,3,7,4,3,6,2,262
,,162,153,233,42,21,2,12,75,10,84,212,70,22,17,14,29,16,-,1012
,"G 310 GS",CQE,170,278,32,39,3,15,98,22,92,264,77,17,53,27,47,34,1,1269
,"G 310 GS,G 310 R",DFC,423,636,60,65,4,20,148,27,156,522,139,31,85,35,53,58,1,2463
,"G 310 R",CIQ,375,587,52,67,7,23,175,36,165,442,154,42,94,51,55,43,1,2369
,"G 450 X",ANS,90,231,5,11,1,1,31,10,26,61,26,4,16,3,6,13,1,536
,"G 650 GS Sertao,G 650 GS",BCZ,492,720,56,91,6,26,190,46,214,439,143,29,103,36,74,64,1,2730
,"G 650 GS Sertao,G 650 GS,",AGP,45,76,7,5,-,3,21,2,19,52,19,6,4,5,3,3,-,270
,"G 650 XChallenge;G 650 XC",AIW,516,764,69,73,19,48,164,22,206,440,155,38,75,17,84,36,3,2729
,HP2,180,84,144,10,8,1,8,13,2,17,51,17,4,11,2,13,5,1,391
,,ADF,28,69,1,3,-,1,7,1,9,21,8,1,-,-,4,2,-,155
,"HP2 Megamoto",AKS,100,147,4,9,1,6,22,1,24,98,30,8,3,2,5,8,-,468
,"HP2 Sport",AMV,91,116,9,6,3,3,37,3,44,89,40,10,13,4,14,3,1,486
,"HP4,S 1000 RR",ASN,985,1132,115,106,30,59,365,27,445,996,265,67,109,67,149,48,8,4973
,"K 100 RS,K 1,K 1100LT,RS",118,188,296,32,52,11,28,184,22,161,286,101,12,20,15,55,16,2,1481
,"K 100,RT,LT",111,635,920,63,85,22,37,395,34,438,773,302,69,41,31,154,35,-,4034
,"K 1100 LT,RS",121,365,615,61,72,20,34,296,18,373,623,185,36,50,27,152,19,3,2949
,"K 1200 GT",AAQ,253,392,41,39,8,24,150,28,265,402,129,39,45,41,74,21,4,1955
,"K 1200 GT,K 1200 RS",150,682,849,101,134,35,53,393,62,797,1215,376,88,102,80,252,56,6,5281
,,151,37,45,5,4,-,6,21,4,36,58,19,1,3,5,8,2,1,255
,"K 1200 LT",137,108,199,12,47,3,10,87,23,125,200,81,15,48,24,42,22,-,1046
,,804,69,113,13,18,3,6,46,6,55,89,29,7,21,12,13,14,-,514
,"K 1200 R",845,231,228,30,43,8,9,77,11,132,283,87,15,43,12,47,18,3,1277
,"K 1200 R Sport,K 1200 R",AAO,389,475,53,57,16,20,166,18,260,462,153,49,61,36,79,26,6,2326
,"K 1200 RS",132,231,341,27,42,14,13,160,11,233,413,148,40,25,22,83,21,3,1827
,,138,119,140,13,22,4,5,66,7,109,184,59,13,13,4,31,8,-,797
,"K 1200 S",814,387,561,57,68,15,29,220,23,372,601,220,47,63,41,142,25,2,2873
,,AAR,377,507,59,62,8,23,191,25,351,581,152,45,41,36,99,23,6,2586
,"K 1300 GT",AOF,125,178,15,38,7,5,93,12,144,207,56,11,20,22,38,11,2,984
,"K 1300 R",AOE,481,557,85,98,8,23,216,26,250,545,177,51,71,31,67,38,4,2728
,"K 1300 S",AOC,627,865,111,117,17,60,347,22,622,911,303,63,78,58,163,37,6,4407
,"K 1600 B,K 1600 GTL,K 160",CNO,243,360,45,79,8,24,134,50,233,405,108,35,61,47,84,37,3,1956
,"K 1600 GT,K 1600 B,K 1600",DHB,92,156,18,33,4,5,53,14,79,132,38,12,25,24,30,14,1,730
,"K 1600 GT,K 1600 GTL excl",BDG,406,566,66,119,17,27,224,59,340,610,178,36,112,68,137,68,3,3036
,"K 75,S,RT",113,365,535,76,54,13,40,262,25,252,535,187,46,47,26,82,31,1,2577
,,120,67,99,10,13,3,15,45,4,59,145,40,5,7,13,23,4,1,553
,"M 1000 R",DJC,121,196,13,14,3,6,63,7,59,122,55,6,7,9,16,8,1,706
,"M 1000 RR",DFP,59,141,13,10,1,10,31,-,34,87,19,2,10,5,7,3,1,433
,"R 100",108,58,87,12,10,4,9,32,3,48,79,21,7,2,3,15,4,-,394
,"R 100 CS,RS,RT",105,225,426,33,19,12,20,151,8,222,300,106,31,6,10,76,3,3,1651
,,109,292,434,34,28,12,18,166,7,194,275,124,25,13,10,66,4,2,1704
,"R 100 RS",103,67,97,11,6,4,10,24,2,48,76,33,5,6,1,24,3,2,419
,"R 100 S",104,29,69,8,7,3,2,31,-,31,53,21,4,2,1,12,2,-,275
,"R 100/7",101,37,51,3,4,1,7,16,4,26,51,14,2,3,-,9,3,-,231
,,103,22,20,2,1,-,6,11,1,22,20,6,2,2,2,2,-,-,119
,,111,35,59,4,1,3,4,13,-,21,43,13,1,2,-,7,4,-,210
,"R 1100 S",134,434,592,37,56,10,22,217,20,236,553,213,50,73,25,77,41,5,2661
,,149,728,981,69,79,11,23,303,27,397,845,343,93,105,45,122,47,2,4220
,,806,170,242,16,14,-,8,86,13,107,211,87,29,39,10,22,21,4,1079
,"R 1150 GS,R 1150 GS ADVEN",139,4894,6695,492,500,77,187,2091,212,2124,5547,1799,467,705,264,693,374,37,27158
,"R 1150 RS,R 1150 RT",148,981,1638,155,180,37,66,575,76,919,1699,504,122,152,105,294,102,10,7615
,"R 1200 C",133,566,862,63,96,12,35,261,62,330,665,205,57,125,67,109,77,3,3595
,"R 1200 CL",154,49,120,15,13,3,1,31,7,42,99,30,14,8,7,16,7,3,465
,"R 1200 GS",157,43,74,6,6,1,1,10,4,17,57,20,4,4,4,7,4,-,262
,,158,1767,2510,153,174,19,59,692,74,836,1874,618,126,212,112,253,122,8,9609
,"R 1200 GS Adventure,R 120",AAU,1859,2743,180,178,28,81,761,102,867,2098,596,142,226,118,293,142,14,10428
,,ASZ,2936,4352,322,273,63,140,1244,166,1501,3370,950,235,355,139,458,196,20,16720
,,BNV,4077,5123,400,446,83,199,1641,182,1955,4285,1223,278,559,238,638,349,30,21706
,"R 1200 GS,R 1200 GS Adven",CJD,2580,3474,283,312,62,139,989,144,1251,3013,844,195,358,177,434,209,21,14485
,"R 1200 GS;R 1200 GS Adven",AAV,48,53,2,7,1,4,16,4,24,67,19,8,4,-,6,6,1,270
,,AMH,1318,1965,123,132,21,61,581,65,716,1522,423,111,178,88,197,113,16,7630
,"R 1200 R",AGN,1055,1354,123,135,33,47,394,53,512,1133,310,84,159,65,138,61,4,5660
,"R 1200 R,R 1200 RS",CJH,912,1238,102,150,15,42,366,43,510,1023,362,73,144,75,136,64,6,5261
,"R 1200 RS,R 1200 R",BYK,1061,1332,120,130,28,43,389,62,488,1024,332,100,178,70,158,63,6,5584
,"R 1200 RT",817,296,425,40,46,14,14,140,37,260,458,125,33,53,42,94,31,4,2112
,,ACZ,655,1057,171,136,24,64,292,53,636,1167,318,108,109,96,166,73,10,5135
,,BTX,228,401,46,51,11,19,158,32,211,541,116,23,60,35,86,34,4,2056
,,CJG,125,256,79,33,6,13,81,11,131,257,68,15,36,20,49,15,-,1195
,"R 1200 S",ADD,276,381,28,25,5,17,125,4,200,342,142,53,30,14,46,16,-,1704
,"R 1250 GS,R 1250 GS Adven",CTN,6459,9216,773,872,146,333,2891,390,3216,7672,2101,505,1003,525,1047,546,51,37746
,"R 1250 R,R 1250 RS",CUB,1371,2007,232,275,38,94,641,82,857,1812,534,122,249,134,259,107,4,8818
,"R 1250 RT",CTQ,411,692,109,128,12,59,222,44,292,868,212,29,126,56,123,79,49,3511
,"R 1300 GS",DKC,89,316,10,16,2,7,48,9,30,85,44,6,6,9,9,10,-,696
,"R 18 B,R 18 Roctane,R 18",DBH,532,1204,89,153,17,29,275,84,336,688,216,60,160,104,113,73,2,4135
,"R 45",108,318,591,31,56,13,17,229,24,307,418,185,33,33,38,94,26,-,2413
,"R 65",110,97,135,10,11,7,8,48,2,57,112,42,2,9,3,27,5,-,575
,,113,39,45,2,2,-,3,25,2,27,41,14,1,1,3,7,3,-,215
,"R 65 GS",117,40,95,18,8,3,7,41,2,36,107,20,3,4,5,13,3,-,405
,"R 850 C",135,39,65,6,10,3,7,21,6,16,48,19,5,13,10,11,7,-,286
,"R 850 R,R 850 GS",145,150,230,39,37,3,21,75,16,113,222,60,14,38,24,45,21,2,1110
,"R 900 RT",ACX,-,2,20,-,-,-,89,-,-,-,-,-,1,-,-,-,-,112
,"R nine T Pure,R nine T Sc",CIP,1851,2823,385,269,55,218,811,128,840,2123,605,157,334,152,328,151,9,11239
,"R nine T,R 1200 R,R 1200",AGL,1906,2808,271,290,49,122,763,114,1000,2026,594,149,290,157,325,152,12,11028
,"R nineT Pure A2",DEV,15,29,4,2,1,4,7,2,6,21,4,1,4,1,1,1,-,103
,"R nineT Scrambler,R nineT",DEW,620,1101,115,90,21,59,321,46,317,830,201,50,143,80,120,73,3,4190
,"R1150R ROCKSTER,R1150R,R1",170,305,465,44,33,6,18,106,20,151,362,101,33,63,16,41,20,1,1785
,"R1150RT,R1150RS",172,119,212,20,31,3,10,60,13,150,252,53,18,26,17,47,8,42,1081
,"R1200C BIG FOOT,R1200C,R",142,516,824,94,120,11,41,237,53,267,610,206,39,122,75,72,69,3,3359
,R1200ST,178,247,336,34,25,5,9,89,14,172,304,98,28,30,17,51,16,2,1477
,"R850 GS;R850 R",130,45,58,11,11,1,2,30,9,34,65,23,2,3,4,7,2,-,307
,R850R,168,53,128,21,13,-,9,26,3,43,109,23,7,16,6,23,5,-,485
,"S 1000 R",CJJ,855,944,95,90,9,37,251,22,315,762,239,74,78,35,75,36,11,3928
,,DFR,466,648,87,74,8,23,162,16,198,512,139,32,64,31,54,42,4,2560
,"S 1000 RR",BYL,309,353,47,27,10,23,116,11,137,294,78,5,25,10,49,14,3,1511
,,CJK,225,282,32,27,8,14,101,8,131,312,83,14,29,19,35,15,-,1335
,,CVA,366,585,64,61,12,47,183,15,208,555,139,20,60,29,92,35,2,2473
,,DJD,98,215,22,10,4,3,32,4,46,127,27,6,18,11,17,11,1,652
,"S 1000 XR",COG,615,742,50,58,13,20,242,18,314,720,233,53,67,32,86,26,6,3295
,,CZP,539,812,70,65,14,29,273,25,329,766,201,52,63,51,103,38,3,3433
,"S 1000 XR,S 1000 R",BVD,1384,1629,145,121,25,65,443,40,605,1267,382,110,114,65,170,63,14,6642
,"SONSTIGE/NICHT GETYPT",,20129,31788,3033,2219,409,1013,7381,942,11147,20769,6051,1555,2903,1196,3448,1327,78,115388
"BMW ZUSAMMEN",,,106920,158422,14706,14003,2582,6437,46617,5913,59339,125829,37914,9202,15599,7736,19347,8346,785,639697
"BOMBARDIER (CDN)",can-am,AAA,42,37,8,8,2,2,25,3,33,59,17,10,14,7,16,6,-,289
,"SONSTIGE/NICHT GETYPT",,1049,1173,125,208,39,47,615,130,871,1442,598,129,292,176,254,171,3,7322
"BOMBARDIER (CDN) ZUSAMMEN",,,1091,1210,133,216,41,49,640,133,904,1501,615,139,306,183,270,177,3,7611
"BUELL (USA)",1125CR;1125R,AAJ,73,74,10,27,1,9,43,11,65,82,27,7,19,15,18,19,-,500
,"FIREBOLT XB12R;LIGHTNING",109,272,289,48,123,8,25,105,46,233,248,62,26,120,48,80,58,3,1794
,"FIREBOLT XB9R;LIGHTNING X",107,171,177,35,94,5,22,90,47,201,254,48,15,97,55,80,64,4,1459
,"LIGHTNING LONG,ULYSSES",111,77,95,15,33,4,14,29,12,74,98,18,9,35,13,26,19,-,571
,"LIGHTNING,CYCLONE,THUNDER",100,24,28,6,11,2,2,13,2,27,45,11,4,2,8,13,7,-,205
,THUNDERBOLT,101,39,26,4,10,-,4,10,5,29,43,8,2,7,3,11,2,-,203
,"WHITE LIGHTNING,CYCLONE",106,29,30,2,4,1,-,10,3,18,26,4,5,9,2,3,7,-,153
,"X1 LIGHTNING",102,34,22,3,6,5,3,9,4,22,26,2,3,11,2,10,5,-,167
,,104,89,68,9,32,3,16,27,13,90,113,29,6,31,19,24,16,1,586
,XB12R;XB12S;XB12Scg,AAA,81,129,17,48,4,14,41,15,77,80,22,8,32,13,32,17,-,630
,XB12R;XB12SCG;XB12SX,AAL,42,35,11,25,-,9,18,5,35,49,9,3,19,11,8,9,-,288
,"XB12S TT;XB12Ss;XB12X",AAC,74,55,9,22,2,11,31,8,74,87,15,5,36,18,32,16,1,496
,XB12S;XB12Scg,AAD,85,116,18,41,2,6,44,14,81,88,32,6,47,42,23,35,2,682
,XB12Ss;XB12STT;XB12X;XB12,AAH,87,57,20,31,2,14,30,7,71,66,24,5,39,16,37,22,-,528
,XB9SX,AAG,30,45,12,36,-,5,22,11,38,39,9,1,24,10,8,16,-,306
,"SONSTIGE/NICHT GETYPT",,221,195,48,91,8,16,109,34,177,255,60,16,97,35,76,44,2,1484
"BUELL (USA) ZUSAMMEN",,,1428,1441,267,634,47,170,631,237,1312,1599,380,121,625,310,481,356,13,10052
"CAGIVA (I)","SONSTIGE/NICHT GETYPT",,824,1154,51,118,11,46,336,60,357,698,280,67,265,106,135,159,1,4668
"CAGIVA (I) ZUSAMMEN",,,824,1154,51,118,11,46,336,60,357,698,280,67,265,106,135,159,1,4668
"DAELIM (ROK)",ET250,AAA,15,62,3,11,-,1,19,7,14,25,22,-,9,5,3,3,-,199
,"NS 125,FELLOW,OTELLO",081,359,708,56,39,4,6,173,21,204,382,118,30,46,34,53,23,2,2258
,SA2,085,34,62,11,12,1,3,23,3,26,40,18,12,3,5,5,3,-,261
,"SL125R Otello",AAL,175,203,71,36,5,6,56,16,43,131,62,16,18,28,6,17,1,890
,"SL125U Otello FI",AAC,304,400,99,47,6,21,127,25,83,268,123,26,44,42,51,29,2,1697
,"SV125 S3",AAD,137,211,53,28,4,7,85,23,90,216,72,31,21,18,36,11,-,1043
,"SV125R S3",AAK,13,16,13,6,2,-,8,5,9,23,10,-,2,6,3,-,-,116
,SV250,AAF,79,101,35,21,4,5,35,9,25,119,45,14,19,10,16,14,1,552
,"SV250R S300",AAJ,22,21,12,9,1,-,12,4,10,25,16,4,6,3,1,5,-,151
,"VJF125 Roadwin R Fi",AAE,38,69,18,16,-,-,16,11,30,66,25,2,13,15,21,7,-,347
,"VL 125F",084,44,90,12,51,6,13,45,26,101,141,69,12,19,32,33,23,-,717
,"VL125F Daystar",AAN,18,24,19,16,-,1,6,12,9,21,7,4,8,11,6,8,-,170
,"VL125Z Daystar Fi",AAG,17,25,12,13,-,2,11,7,14,33,9,1,12,17,3,6,-,182
,"VS 125,ADVANCE II,VS EVOL",080,33,88,6,35,1,5,19,33,61,39,27,3,24,38,18,27,-,457
,"VT 125,VS 125 II",082,40,74,10,52,1,7,37,30,60,85,52,6,14,23,26,14,-,531
,XQ125,AAP,117,83,125,38,1,10,31,23,46,134,50,18,20,25,25,15,1,762
,XQ250,AAO,33,46,35,15,-,4,20,17,18,38,29,4,12,10,8,14,-,303
,"YC125 Aroma",AAI,32,17,13,10,1,-,8,2,6,29,11,3,3,8,2,5,-,150
,"SONSTIGE/NICHT GETYPT",,1694,3290,573,714,54,116,1028,503,1595,3309,1125,298,625,534,517,362,6,16343
"DAELIM (ROK) ZUSAMMEN",,,3204,5590,1176,1169,91,207,1759,777,2444,5124,1890,484,918,864,833,586,13,27129
"DUCATI (I)","1000 SS",150,25,20,6,4,1,5,7,1,11,25,9,2,3,1,8,-,-,128
,1098/1098S,AAW,201,291,24,42,6,7,63,6,113,179,75,15,64,32,25,31,2,1176
,1198/1198S,ABD,109,179,18,25,-,6,52,8,78,99,36,8,48,17,15,30,2,730
,"1199 PANIGALE,1199 PANIGA",ACB,258,327,28,33,6,16,75,17,127,212,50,14,76,35,46,31,-,1351
,"1299 Panigale/S/Anni.,129",ACS,186,223,22,28,3,11,61,17,99,146,39,13,42,22,30,26,1,969
,"1299 R FE,1299Superlegger",ADJ,28,49,5,4,-,3,16,-,20,26,2,2,4,3,3,1,-,166
,748,108,12,39,3,3,-,3,14,1,12,29,14,1,9,2,7,4,-,153
,,118,53,63,10,11,-,4,22,2,41,83,25,5,30,6,10,11,-,376
,,121,10,20,2,5,-,2,4,-,11,24,8,4,10,3,3,2,-,108
,749/749S,146,50,81,15,8,1,6,15,1,25,62,18,3,20,10,13,6,-,334
,"750 SS NUDA,-CARENATA",105,23,29,4,1,1,2,12,-,30,42,20,2,5,3,7,1,1,183
,848,AAZ,153,198,16,22,3,11,54,5,78,108,42,8,55,15,16,18,-,802
,"848 Evo",ABP,113,149,14,22,3,9,51,8,60,110,33,4,46,18,10,17,-,667
,"899 Panigale",ACH,189,199,12,15,3,15,36,6,71,152,39,10,36,18,24,19,-,844
,"900 SL,SS NUDA,CARENATA",106,59,59,4,4,1,5,36,1,55,81,34,4,6,1,9,2,-,361
,916,107,21,34,1,4,2,3,11,2,12,24,11,5,2,4,2,4,-,142
,"959 Panigale / - Corse,95",ACW,100,133,13,11,1,8,28,7,44,93,25,8,29,14,7,14,1,536
,996,113,44,69,6,16,3,5,20,3,36,56,16,5,22,5,5,6,-,317
,"996 R",129,56,84,8,7,1,8,34,3,36,60,15,3,13,5,10,10,-,353
,,134,74,115,10,18,-,10,32,5,61,71,36,4,26,10,19,13,-,504
,999/999S,143,69,86,13,12,1,3,14,4,39,66,20,4,18,8,11,6,1,375
,,145,74,106,21,14,1,6,44,2,55,96,23,7,24,8,15,10,1,507
,"Desert X Rally,Desert X",AFJ,119,176,24,16,1,19,56,7,53,131,37,9,25,13,30,15,1,732
,"Diavel 1260/Diavel 1260 S",AEB,70,84,18,28,3,7,28,14,47,63,17,7,28,13,16,10,1,454
,"Diavel 1260/S/Lamborghini",AEN,44,60,12,17,2,8,31,7,27,52,13,3,26,15,7,9,-,333
,"Diavel V4",AFM,20,35,8,3,-,1,11,3,28,21,12,6,8,4,4,3,-,167
,"Diavel(AMG/Cromo),Diavel",ABU,304,297,41,74,7,15,99,26,170,245,73,28,85,48,57,36,1,1606
,"Diavel/-Carbon/-Diesel,Di",ACZ,26,25,4,6,-,1,7,3,16,18,8,4,8,3,2,3,-,134
,"Diavel/Carbon/Titanium,Di",ACL,142,136,17,22,2,13,58,18,106,130,25,14,46,13,34,16,1,793
,DUCATI,120,70,97,11,18,3,10,30,1,45,95,31,3,21,4,29,10,2,480
,,124,29,39,4,1,2,2,13,-,28,25,10,3,8,1,3,2,-,170
,"DUCATI 750 SS IE",117,15,25,3,-,2,3,14,1,17,23,10,2,7,1,10,4,-,137
,"DUCATI 900 SS IE",112,92,106,13,15,1,7,31,1,68,97,39,9,19,3,26,6,-,533
,"DUCATI M 600",115,29,55,7,5,2,6,11,1,11,37,11,4,14,5,7,5,-,210
,"Ducati Scrambler",ACO,646,709,74,68,16,57,222,31,315,503,120,42,106,45,98,71,4,3127
,,ACU,41,32,15,7,1,7,8,2,13,20,11,2,7,3,6,1,-,176
,,AEO,178,191,36,26,3,20,68,13,81,141,34,11,36,10,36,15,3,902
,,AFQ,58,96,10,7,4,6,24,4,50,53,20,6,19,9,12,3,-,381
,"Ducati Scrambler 1100",ADV,173,170,28,10,3,17,58,4,66,140,36,9,26,12,28,10,1,791
,"Ducati Scrambler CR,Ducat",ADD,487,422,62,50,6,36,136,27,157,390,89,24,68,38,62,42,2,2098
,"Ducati Scrambler DS",ADE,231,229,42,30,6,37,88,11,116,195,53,14,34,14,37,14,2,1153
,,AEQ,81,76,9,11,2,14,24,4,34,60,12,6,9,7,17,5,1,372
,"Ducati SuperSport / - S",ADF,198,234,38,39,12,17,85,19,165,227,61,20,40,14,47,24,1,1241
,"GT Touring;GT 1000;Paul S",AAA,114,162,35,19,7,19,45,6,67,110,38,17,20,6,21,11,-,697
,"Hypermotard 1100 EVO SP,H",ABI,76,96,10,10,-,5,26,1,25,68,29,4,19,4,12,8,-,393
,"Hypermotard 1100/1100 S",AAX,222,295,21,31,2,11,60,9,79,179,61,15,47,16,31,25,-,1104
,"Hypermotard 796",ABG,74,110,4,7,2,7,29,4,24,64,19,5,22,11,9,12,1,404
,"Hypermotard 939",ACX,194,218,14,20,1,9,51,14,76,120,35,11,40,21,25,24,2,875
,"Hypermotard 950/-SP",ADX,253,265,27,39,4,17,89,20,109,196,51,18,66,17,24,21,2,1218
,,AEY,190,296,32,27,4,14,77,20,98,176,71,16,62,17,27,28,1,1156
,HYPERMOTARD/HYPERSTRADA,ACG,274,358,27,45,3,14,104,11,166,249,83,17,61,33,44,42,2,1533
,"M 1000",142,240,320,29,24,1,22,94,5,106,199,49,11,49,15,51,22,2,1239
,"M 1200/ -S/ 25 Jubiläum,M",ADB,226,310,37,52,8,15,75,21,150,220,62,19,71,26,59,23,1,1375
,"M 600,600 DARK",100,40,46,8,8,1,4,26,3,27,60,32,5,14,1,5,3,-,283
,"M 750",109,21,28,1,7,1,4,20,-,15,37,11,2,6,4,2,-,-,159
,"M 800",147,38,45,9,9,1,5,19,2,24,29,11,5,9,3,6,7,-,222
,"M 900",110,24,50,-,12,-,6,15,4,18,49,20,4,11,6,7,2,-,228
,"M 900S",102,40,32,4,5,-,6,15,1,28,60,17,5,5,6,10,8,-,242
,"Monster 1100 EVO ABS",ABW,392,464,42,54,6,27,108,23,180,287,91,23,83,45,59,43,2,1929
,"Monster 1100/1100 S ABS,M",ABC,184,328,25,38,5,12,74,8,100,175,63,21,61,21,30,21,1,1167
,"Monster 1200",ACJ,103,108,6,35,3,6,44,7,55,98,30,10,40,16,24,12,1,598
,"Monster 1200 R",ACV,87,103,11,13,1,11,42,2,65,90,32,8,30,12,14,8,-,529
,"Monster 1200 S",ACI,156,213,22,24,3,17,70,14,118,154,43,13,51,8,29,26,3,964
,"MONSTER 620,M620 I.E.",137,218,292,51,48,9,33,98,12,107,200,54,18,88,24,49,27,1,1329
,"Monster 695",AAO,127,163,17,16,2,14,33,8,41,93,25,7,27,7,10,16,-,606
,"Monster 696 ABS,Monster 6",ABB,572,610,74,73,3,36,192,32,196,431,128,33,153,57,68,53,1,2712
,"Monster 796 ABS,Monster 7",ABM,287,327,44,37,4,29,86,13,152,243,64,15,94,37,41,27,1,1501
,"Monster 797",ADG,132,150,28,33,2,11,54,8,75,110,34,6,34,17,25,17,2,738
,"Monster 821",ACN,245,289,36,33,3,28,91,22,155,220,48,23,82,31,39,28,3,1376
,,ADA,37,49,13,8,-,5,22,2,17,30,12,6,17,3,6,5,1,233
,,ADQ,132,194,25,29,2,8,44,15,95,141,41,12,47,17,24,17,2,845
,"MONSTER 900",135,61,71,5,7,1,1,28,4,34,39,24,4,21,1,15,7,1,324
,"MONSTER S2R",166,84,166,23,17,2,18,22,6,56,103,37,11,26,10,20,13,-,614
,,AAH,29,45,10,7,1,2,9,2,17,20,10,1,11,7,8,2,-,181
,"MONSTER S2R1000",AAJ,144,260,25,26,8,17,55,6,78,153,50,10,35,8,33,12,-,920
,"MONSTER S4-R",149,137,196,24,33,4,18,65,15,86,133,49,14,49,6,34,17,2,882
,"MONSTER S4-R,HYPER MONSTE",127,158,209,21,30,1,7,62,9,76,155,48,7,43,18,27,19,-,890
,"Monster S4Rs-S4R",AAN,92,170,16,15,1,15,38,12,51,101,19,5,21,8,15,14,1,594
,"Monster/Monster +",AEW,110,141,25,15,1,13,28,13,56,87,30,10,33,17,15,13,-,607
,"Monster/Monster +/SP,Mons",AFE,267,394,42,52,7,18,89,20,188,275,76,24,67,35,37,27,1,1619
,,AFF,23,40,2,5,-,4,9,3,12,18,6,4,9,3,-,2,-,140
,"MTS 1200 Enduro / -PRO,MT",ACT,327,420,16,38,7,17,123,25,235,326,90,25,83,53,48,64,-,1897
,"MTS 1260 ,MTS 1260 Enduro",ADS,267,334,36,39,6,14,103,33,171,248,68,17,77,38,41,56,3,1551
,"MTS 950 / -S",AEC,75,109,8,12,2,4,34,9,62,73,26,7,28,9,8,14,-,480
,"MTS 950,Multistrada 950",ADC,160,221,10,21,5,3,65,11,114,159,46,13,41,22,21,21,-,933
,"MULTISTRADA 1000 DS",153,108,179,11,13,3,10,56,7,57,146,59,11,22,11,14,18,-,725
,"MULTISTRADA 1100",AAV,46,58,2,2,2,3,12,1,29,42,11,3,7,3,6,8,-,235
,"Multistrada 1200 D-Air,Mu",ACC,270,306,15,12,1,5,78,4,139,222,67,10,53,24,29,32,2,1269
,"Multistrada 1200 S PP,Mul",ABJ,389,470,17,34,2,23,138,12,162,319,148,31,69,23,36,41,1,1915
,"Multistrada V2,Multistrad",AEK,109,169,18,16,2,7,58,15,80,97,30,4,52,19,17,15,-,708
,"Multistrada V4 / - V4 S",AEL,209,284,30,35,7,12,89,19,133,216,56,18,59,22,34,26,-,1249
,"Multistrada V4 Rally,Mult",AFI,257,386,32,41,4,19,96,38,150,286,72,25,67,28,37,26,-,1564
,"Panigale V2",AED,195,255,31,35,10,20,73,15,145,240,66,13,50,22,57,26,1,1254
,"Panigale V4 / - S,Panigal",ADU,237,316,36,37,6,17,65,24,122,225,53,12,44,27,30,29,-,1280
,"Panigale V4 Bautista 2022",AFH,92,140,18,12,1,12,50,14,63,115,24,4,26,10,20,11,-,612
,"Panigale V4 R",AFP,23,28,2,3,-,7,9,1,4,11,7,-,5,2,3,1,-,106
,"Panigale V4 SP,Panigale V",AET,59,65,8,6,2,5,28,6,29,62,18,-,10,11,7,5,1,322
,"Scrambler Ducati 1100 PRO",AEG,110,132,17,12,-,13,23,9,54,70,26,6,25,14,20,13,-,544
,"ST 2",111,26,36,-,2,1,4,16,1,25,52,11,3,5,2,9,-,-,193
,,131,16,15,3,2,-,1,8,1,21,21,12,3,4,3,7,1,1,119
,"ST 4",114,47,76,4,8,1,3,28,1,65,65,20,4,12,3,18,6,-,361
,,132,75,80,1,8,1,5,35,2,43,79,32,4,12,3,23,3,1,407
,ST3,158,22,41,-,5,2,-,17,-,28,28,11,3,7,2,10,-,-,176
,ST3;ST3/ST3s-ABS,AAK,22,30,3,3,1,1,10,-,17,26,7,1,3,2,5,-,-,131
,ST45,159,23,15,-,4,-,2,7,1,21,28,1,2,8,2,3,1,-,118
,"Streetfighter 848",ABZ,166,233,23,25,4,22,43,21,113,150,51,12,74,29,26,53,-,1045
,"Streetfighter V2",AFG,180,217,30,22,4,14,64,17,107,161,40,13,48,19,17,24,3,980
,"Streetfighter V4",AEF,152,211,16,38,6,10,65,10,99,168,44,13,41,9,28,31,1,942
,"Streetfighter V4 SP,Stree",AES,184,269,24,40,6,11,83,21,118,207,56,15,61,32,47,26,-,1200
,"Streetfighter V4 SP2,Stre",AFO,62,81,12,8,1,3,43,9,34,57,24,4,16,6,10,5,-,375
,"Streetfighter/-S,Streetfi",ABE,177,261,24,38,3,5,59,9,86,85,51,20,71,24,29,32,1,975
,"SuperSport 950/-S",AEU,125,198,27,21,4,16,63,16,121,154,40,5,39,8,33,17,1,888
,,AEV,27,36,2,2,-,3,5,1,9,13,4,-,2,3,6,1,-,114
,"XDiavel/XDiavel S",ACY,208,251,47,54,5,18,67,32,120,197,51,14,80,35,43,25,-,1247
,,AEM,48,54,17,9,-,7,13,11,31,47,15,4,17,8,11,5,-,297
,"SONSTIGE/NICHT GETYPT",,4947,5957,452,425,94,291,1679,152,2348,4293,1493,365,786,253,710,292,15,24552
"DUCATI (I) ZUSAMMEN",,,20203,25393,2568,2807,412,1566,7316,1221,10904,18370,5745,1480,4856,1890,3281,2156,94,110262
"ENFIELD (IND)","Bullet EFI,Classic 500,Bu",AAA,140,180,27,46,8,21,87,21,87,188,48,15,52,37,37,25,1,1020
,"Continental GT",AAB,16,21,2,6,1,5,7,1,9,13,6,3,8,4,1,-,-,103
,"Continental GT 650,Interc",AAF,240,277,78,49,16,37,155,24,198,388,109,27,101,38,96,29,-,1862
,"Himalayan Scram 411,Himal",AAC,348,387,91,94,39,34,238,44,348,572,199,30,157,46,132,51,3,2813
,"SG 6 1/2,SHOTGUN 6 1/2,SG",AAD,298,408,85,79,13,55,242,40,284,481,170,31,161,48,104,59,1,2559
,"Signals 350,HNTR 350,Clas",AAG,413,529,96,150,28,67,317,62,458,807,277,50,250,86,180,122,1,3893
,"TB-X 500,Bullet Trials 50",AAE,174,232,31,45,9,12,111,22,96,254,106,23,60,36,49,27,1,1288
,"SONSTIGE/NICHT GETYPT",,593,807,159,126,29,74,279,48,356,666,219,50,161,100,135,74,1,3877
"ENFIELD (IND) ZUSAMMEN",,,2222,2841,569,595,143,305,1436,262,1836,3369,1134,229,950,395,734,387,8,17415
"FAHRZ. U. JAGDW.-W.SUHL","KR 51/1 K",003,12,39,3,1,-,4,12,5,16,15,3,1,11,2,3,6,-,133
,"S 50 B 1,N,B 2",001,2,16,1,8,-,-,5,7,9,8,4,-,10,9,3,18,-,100
,"S 51 B 2-4",007,4,24,5,13,-,1,12,4,17,17,2,1,16,6,4,7,-,133
,"S 70 C",082,3,8,4,44,-,-,5,18,3,2,-,-,74,45,1,48,-,255
,"S 70 E,2,S",081,-,4,2,18,-,-,4,13,1,1,-,-,36,15,-,33,-,127
,"SIMSON S 83 B,CX,ALPHA,BE",081,1,1,2,24,-,1,1,24,4,-,2,-,36,40,-,50,-,186
,"SONSTIGE/NICHT GETYPT",,552,1013,314,3324,10,63,262,1926,578,528,147,26,6512,2894,213,4160,12,22534
"FAHRZ. U. JAGDW.-W.SUHL ZUSAMMEN",,,574,1105,331,3432,10,69,301,1997,628,571,158,28,6695,3011,224,4322,12,23468
"FANTIC MOTOR (I)",,AAD,69,122,3,6,-,2,17,-,15,25,7,-,4,21,-,4,-,295
,"125 Caballero Flat Track,",AAJ,34,56,13,8,2,12,23,-,22,88,18,9,9,-,16,11,-,321
,"125 Caballero Rally,125 C",AAM,145,215,38,39,5,19,60,9,77,197,48,5,30,20,25,24,-,956
,"125 Motard,125 Enduro",AAN,484,807,14,109,-,9,157,37,198,412,149,21,55,66,25,45,-,2588
,"125 MOTARD,125 ENDURO",AAI,113,164,3,19,-,-,26,8,26,77,40,6,14,15,9,7,1,528
,"500 Caballero Rally,500 C",AAH,273,351,55,48,6,35,120,14,107,271,74,14,43,27,31,40,2,1511
,"700 Caballero Scrambler",AAR,29,54,6,5,2,4,25,2,20,30,9,2,10,4,1,7,1,211
,"SONSTIGE/NICHT GETYPT",,141,244,11,20,4,14,79,4,64,148,50,12,27,17,16,28,-,879
"FANTIC MOTOR (I) ZUSAMMEN",,,1288,2013,143,254,19,95,507,74,529,1248,395,69,192,170,123,166,4,7289
"GUANGDONG TAYO (RC)","ZT125-U,ZT125-GK,ZT125-G1",AAE,385,423,109,202,11,33,266,93,371,604,173,36,137,106,90,109,4,3152
,"SONSTIGE/NICHT GETYPT",,92,119,26,55,3,4,53,12,51,131,38,10,42,21,17,31,-,705
"GUANGDONG TAYO (RC) ZUSAMMEN",,,477,542,135,257,14,37,319,105,422,735,211,46,179,127,107,140,4,3857
HARLEY-DAVIDSON(USA),"BREAKOUT,SOFTAIL SLIM,HER",ADL,281,340,60,88,9,27,133,32,163,335,102,30,58,37,63,33,1,1792
,"CVO ROAD GLIDE LTD ANV,CV",ADV,202,237,36,65,4,22,104,35,146,292,88,18,29,24,71,10,2,1385
,"CVO STREET GLIDE,CVO ULTR",ADS,47,57,7,10,2,7,24,6,33,46,15,3,8,4,18,1,-,288
,"ELECTRA GLIDE STANDARD,RO",ADQ,527,727,68,121,21,65,318,76,378,707,217,52,88,63,153,38,5,3624
,,AEH,13,27,2,6,-,1,13,5,12,26,10,4,6,3,6,2,-,136
,"ELEKTRA GLIDE FLH 1200",101,20,13,1,3,1,3,10,1,11,21,7,-,-,1,9,2,-,103
,"FAT BOB 114,FAT BOY 114 A",ADX,1269,1425,226,372,50,132,804,230,843,1733,440,109,281,187,350,179,12,8642
,"FLD 103,FXDL 103,FLD",ACD,231,287,36,54,6,22,167,25,150,267,68,12,41,23,72,25,-,1486
,FLHPI;FLHRCI;FLHRI;FLHRSI,AAA,81,96,6,31,-,18,47,14,68,104,41,13,16,18,32,9,-,594
,FLHR;FLHRC;FLHRS;FLHT;FLH,AAR,164,164,19,32,7,24,85,22,127,215,65,15,18,19,68,14,1,1059
,FLHR;FLHRC;FLHT;FLHTCU;FL,ABD,142,181,19,29,3,14,95,11,95,198,48,18,32,29,43,19,2,978
,"FLHRI,FLHTCI,FLHTCUI,FLHR",128,30,30,2,14,3,6,17,5,33,81,19,7,3,11,21,3,-,285
,,185,18,29,6,13,2,8,21,2,23,42,13,5,1,3,12,1,-,199
,FLHRSE,ACX,22,30,2,8,2,1,6,3,5,18,8,-,1,4,11,3,-,124
,"FLHRSE 3;FLHTCUSE2",AAS,25,32,8,4,1,1,17,6,21,41,7,5,1,5,16,2,-,192
,"FLHRSE 4;FLHTCUSE 3",ABF,21,26,2,6,2,8,13,-,22,30,9,2,7,3,15,1,-,167
,"FLHRSE5 ANV,FLHTCUSE8 ANV",ABS,110,126,15,29,2,11,45,13,52,81,43,8,16,8,41,11,1,612
,"FLHT,FLHR,FLHTC,FLHTCU,-G",164,76,93,20,37,5,20,76,20,90,151,44,11,17,10,43,16,2,731
,"FLHT,FLHR;FLHTCUI,FLHRCI,",195,297,329,49,59,4,41,158,39,216,387,111,25,46,38,110,25,2,1936
,"FLHTCI,FLHTCUI,FLHRI,FLHR",201,132,140,21,25,5,16,72,15,93,190,43,11,21,13,60,7,1,865
,FLHTCUTG,ADB,23,29,1,9,-,2,10,5,18,41,11,-,10,5,6,1,-,171
,"FLHTI,FLHTCI,FLHTCUI",207,184,225,29,38,7,29,82,27,142,274,75,11,24,31,84,16,2,1280
,"FLHTK ANV,FLHR ANV,FLHTC,",ABR,480,667,57,95,10,61,290,63,295,579,167,48,84,70,144,51,2,3163
,"FLHX,FLHTCU,FLHTC,FLHRC,F",ABM,331,379,41,54,10,36,169,47,228,342,88,30,39,30,102,19,1,1946
,"FLHXSE,FLHTKSE,FLTRUSE",ACY,117,141,26,31,3,17,67,15,50,123,47,6,26,15,43,6,-,733
,"FLS,FLSTN,FLSTFB,FLSTF,FL",ACG,830,950,135,153,18,84,452,66,476,923,257,66,103,80,192,63,5,4853
,FLSTC;FXCW;FXCWC;FXST;FXS,AAT,547,520,94,149,19,39,261,85,359,576,213,61,81,100,189,57,5,3355
,FLSTCI;FLSTFI;FLSTI;FLSTN,AAH,142,153,29,41,4,18,68,31,131,178,54,15,16,24,40,11,1,956
,"FLSTFI FAT BOYANNIVERSARY",218,26,15,6,1,1,1,11,1,14,23,7,3,2,4,10,2,1,128
,"FLSTNSE,FXSBSE,FLSTSE2",ACB,52,51,9,14,2,6,36,2,26,38,18,3,13,7,6,6,-,289
,FLSTS,162,145,193,36,42,9,34,148,19,151,265,91,20,11,17,80,6,2,1269
,,187,56,91,7,15,2,11,34,8,29,76,24,9,5,4,14,1,-,386
,"FLSTSCI SPRINGER CLASSIC",213,37,32,12,4,1,5,14,2,15,34,9,2,3,4,13,1,-,188
,FLSTSE;FXSTSSE3,ABQ,26,18,3,9,-,3,15,1,8,30,10,3,5,4,3,4,-,142
,"FLTRU,FLHR,FLTRXS,FLHTCUL",ACV,699,873,93,142,11,78,371,85,459,739,276,64,126,113,196,57,1,4383
,FREEWHEELER,ADK,12,27,5,3,-,2,9,4,14,19,8,2,5,1,1,4,-,116
,"FXD,FXDXT,FXDL,FXDWG,FXDX",193,322,289,58,75,10,47,163,54,243,335,144,38,64,46,139,49,2,2078
,"FXD35,FXDWGI,FXDI,U.W.",221,202,182,39,47,7,22,92,36,157,241,74,22,19,20,70,12,2,1244
,"FXDB,FXDC ANV,FXDC,FXDL,F",AAQ,1362,1454,248,325,37,165,715,163,928,1707,438,136,199,189,420,112,8,8606
,"FXDBC 103,FXDB 103,FXDBB",ACR,514,537,84,113,18,61,323,52,293,543,173,54,90,66,138,42,3,3104
,"FXDF,FXDWG",ABC,1015,1085,137,237,23,127,514,122,732,1172,341,71,141,136,322,102,10,6287
,"FXDI,FXDLI,FXDWGI,FXDXI",208,143,110,25,29,5,17,62,18,89,127,37,7,20,26,33,15,1,764
,FXDLS,ADG,118,171,29,22,1,9,104,10,78,136,29,12,15,4,31,7,-,776
,"FXDR 114",AEA,67,76,21,22,2,3,52,14,53,96,25,6,12,10,21,17,-,497
,"FXDS-CON,FXDL,FXDWG",161,36,23,10,16,2,6,36,7,34,39,10,3,2,3,16,7,1,251
,"FXDS-CON,FXDL,FXDWG,FXD,F",182,28,21,6,17,1,10,29,7,31,38,10,3,8,9,12,8,-,238
,"FXDS-CON,FXDL,FXDWG,SUPER",170,86,89,15,49,3,14,70,23,92,95,58,7,28,32,34,18,1,714
,"FXDWG 103,FXDF 103",ACM,460,522,75,95,5,57,205,35,307,509,138,24,64,62,137,49,6,2750
,"FXR,FXLR",163,25,16,7,10,3,4,27,4,19,33,15,1,5,2,6,2,-,179
,"FXS,FLSTSB,FLSTN,FLSTFB,F",ABV,336,340,71,59,7,40,203,33,249,472,126,31,41,45,91,31,4,2179
,"FXSB,FLSTC,FLSTC 103,FXSB",ACH,740,817,118,177,14,70,367,76,447,819,266,65,142,115,212,69,7,4521
,"FXSE,FLSS,FLSTFBS,FXSBSE",ACU,566,686,101,111,14,63,296,49,346,709,177,55,69,48,135,32,4,3461
,"FXST,FXCWC,FLSTC,FXSTC,FL",AAU,508,555,94,105,19,52,273,65,339,657,174,63,78,76,136,52,-,3246
,"FXST,FXSTC,FLST,FXSTS,FLS",155,46,46,10,17,4,8,30,5,35,76,21,4,2,4,16,1,1,326
,"FXST,FXSTC,FXSTL",131,53,56,13,4,1,9,29,4,32,50,19,7,-,4,11,1,1,294
,"FXST,FXSTC,FXSTL,FXSTS,FX",152,36,44,10,8,2,6,36,4,35,50,17,2,-,3,19,2,1,275
,"FXST,FXSTS,FXSTB,FXSTD,FL",186,840,804,133,172,21,110,386,117,632,1020,356,80,109,130,247,59,8,5224
,"FXSTC,FXSTL,FXSTS",135,27,26,8,7,3,8,16,1,19,45,16,1,1,3,15,2,-,198
,"FXSTC,FXSTS,FXSTSB,FLSTCF",172,446,442,78,190,35,90,358,88,437,767,269,47,90,92,187,52,7,3675
,"HERITAGE SOFTAIL CL.U,W",199,674,666,133,162,22,71,359,71,464,777,266,57,104,81,202,58,4,4171
,"IRON 1200,FORTY-EIGHT SPE",ADP,972,991,172,180,40,111,467,104,553,1433,356,106,204,125,202,103,15,6134
,"IRON 883",ADM,217,288,60,83,5,48,168,43,177,499,97,36,64,52,99,34,7,1977
,LIVEWIRE,AED,16,12,4,4,-,4,24,2,15,28,10,3,3,1,3,2,-,131
,"LOW RIDER ST,LOW RIDER S,",AEO,277,336,54,62,10,41,231,34,145,385,106,27,39,28,65,18,3,1861
,"NIGHTSTER SPECIAL,NIGHTST",AEP,61,77,10,21,2,8,54,12,59,116,27,11,14,11,24,6,-,513
,"PAN AMERICA 1250 SPECIAL,",AEM,190,248,23,59,7,20,157,23,185,294,76,17,46,25,66,28,2,1466
,"ROAD GLIDE ANNIVERSARY ,R",AEI,273,390,57,67,8,46,192,42,199,480,114,30,65,56,95,28,2,2144
,"ROAD GLIDE LIMITED,ULTRA",AEJ,56,105,14,24,2,8,44,8,39,84,23,8,22,7,16,13,-,473
,"ROAD GLIDE ST,STREET GLID",AEK,204,257,32,65,6,22,146,48,143,329,84,19,34,23,62,29,1,1504
,"ROAD KING SPECIAL,ROAD GL",ADZ,371,488,61,96,21,43,280,58,315,551,158,30,74,47,111,49,4,2757
,"SOFTAIL STANDARD,SLIM,HER",ADW,928,1158,201,264,43,119,612,162,666,1574,411,109,200,137,266,110,13,6973
,"SPORT GLIDE",ADY,284,411,52,103,8,31,193,49,206,401,128,27,76,52,78,36,2,2137
,,AEG,257,332,63,98,12,29,166,54,185,422,125,26,84,36,76,53,2,2020
,"SPORTSTER S,Sportster S",AEN,187,223,46,57,9,25,150,27,135,303,85,22,55,23,47,22,2,1418
,"Street 750",ADT,47,55,13,30,1,3,31,13,26,86,11,9,17,12,12,12,-,378
,"STREET BOB 114,FAT BOY AN",AEF,789,954,175,231,34,108,527,136,521,1336,327,68,181,124,244,96,5,5856
,"STREET BOB,LOW RIDER",ADI,129,172,30,42,2,10,101,25,95,195,40,24,28,16,43,14,-,966
,"Street Rod",ADU,49,62,17,27,2,3,51,10,31,94,28,5,25,19,13,15,1,452
,SUPERLOW,ADN,53,48,14,24,-,6,35,10,29,74,17,5,13,12,10,12,-,362
,"SUPERLOW 1200T,1200 CUSTO",ADO,239,289,40,95,5,23,132,31,132,344,86,13,92,50,48,32,-,1651
,"TRI GLIDE ULTRA ANV,FREEW",AEB,27,46,9,21,2,4,32,10,32,75,32,6,16,14,29,5,-,360
,"ULTRA LIMITED ANNIVERSARY",ADR,105,145,20,36,1,7,69,24,56,123,29,10,26,22,28,19,-,720
,"VRSCA V-ROD",204,305,352,79,87,9,54,176,38,192,416,110,35,90,46,113,44,6,2152
,"VRSCAW,VRSCA",AAC,42,45,12,21,1,7,29,4,30,56,12,2,11,12,7,9,-,300
,"VRSCDX Night Rod Special,",AAG,293,293,100,106,8,46,181,58,232,348,102,19,85,72,94,49,2,2088
,"VRSCDX,VRSCD",AAE,97,91,35,37,6,11,60,18,84,150,38,8,21,24,36,17,1,734
,"VRSCDX,VRSCDX-ANV",ACC,320,317,140,165,11,62,238,73,318,556,130,39,96,52,144,67,6,2734
,"VRSCF,VRSCF V-Rod Muscle",ABJ,175,243,72,86,7,26,110,29,152,220,65,14,70,44,62,34,-,1409
,VRSCR,AAP,14,23,3,4,-,-,9,4,3,22,11,2,5,3,6,6,1,116
,"VRSCR V-ROD STREET ROD",216,40,45,11,11,2,4,23,4,24,48,11,3,9,6,12,8,2,263
,"WIDE GLIDE,FAT BOB",ADH,69,67,16,28,1,6,31,8,44,72,23,6,16,10,18,4,2,421
,"XG 750,XG750",ADC,34,45,16,20,3,4,26,6,26,61,19,7,19,12,11,9,-,318
,"XL 1200 C;XLH 1200;XLH 12",144,111,111,22,47,9,27,105,19,89,152,56,12,19,20,49,10,1,859
,"XL 1200 S",192,31,27,6,4,-,-,13,7,11,39,6,1,6,2,7,4,1,165
,"XL 1200R",211,176,188,26,41,7,25,98,30,102,200,58,18,30,19,58,17,3,1096
,"XL 53 C;XLH 883",142,128,96,21,48,5,23,118,19,105,170,70,10,23,15,36,16,-,903
,,180,20,18,5,15,1,6,30,4,25,48,18,3,5,9,14,6,-,227
,"XL 883;XL 883C (53C);XL 8",AAL,62,60,9,22,2,4,49,16,59,119,23,4,17,9,20,4,1,480
,"XL1200CX,XL1200X,XL1200V,",AAN,1969,2029,293,388,55,202,965,194,1090,2321,609,189,317,238,483,204,22,11568
,"XL1200T,XL1200C,XL1200CB,",ACZ,841,889,132,170,19,69,375,79,453,908,229,61,133,84,172,74,2,4690
,"XL883L,XL883N,XL883R,XL88",AAV,1109,1270,245,335,37,161,673,157,775,1762,426,112,260,193,361,122,19,8017
,"XLH 1200",168,29,20,7,13,-,4,29,5,19,43,8,4,4,2,11,-,-,198
,"XLH 1200,XL 1200 C",191,279,285,32,66,7,45,147,27,207,276,105,30,32,32,115,22,2,1709
,"XLH 883",137,36,44,12,8,1,7,39,4,36,49,17,3,3,3,14,4,1,281
,,140,70,91,19,37,1,23,79,7,58,100,50,9,5,8,29,8,-,594
,,159,10,17,3,5,1,4,13,2,14,24,6,1,2,2,7,4,-,115
,,209,174,187,42,60,2,30,78,32,131,241,58,18,36,25,50,12,-,1176
,"XLH 883,HUGGER,XL 53 C",189,95,103,15,28,2,12,48,13,60,126,34,7,21,9,38,10,1,622
,"XLH 883,HUGGER;XL 53 C;XL",197,373,336,75,81,10,48,163,52,243,501,118,26,81,55,130,48,1,2341
,"XR1200X,XR1200",ABG,127,146,31,36,5,15,68,14,87,162,50,14,29,15,48,14,-,861
,"SONSTIGE/NICHT GETYPT",,16675,18529,2724,3796,449,1532,7548,1968,11692,19615,5977,1500,2754,2018,4604,1448,109,102938
"HARLEY-DAVIDSON(USA) ZUSAMMEN",,,45500,50864,8081,11329,1366,5118,24390,5895,31392,57769,16761,4255,8123,6149,13373,4515,362,295242
"HEINKEL, STUTTGART","TOURIST 103 A-1",172,170,127,7,6,2,9,57,-,130,157,58,5,1,1,34,1,1,766
,"TOURIST 103 A-2",175,248,211,19,7,17,30,96,4,314,417,111,13,2,1,91,-,-,1581
,"TOURIST 103 A-O",174,67,55,2,-,1,1,17,1,34,27,10,1,-,-,10,-,-,226
,"SONSTIGE/NICHT GETYPT",,916,804,64,26,20,42,211,13,697,988,181,36,5,4,175,6,1,4189
"HEINKEL, STUTTGART ZUSAMMEN",,,1401,1197,92,39,40,82,381,18,1175,1589,360,55,8,6,310,7,2,6762
"HER CHEE (RC)","ATV-300S,ATV-A300SM",AAB,26,88,2,14,-,2,17,4,19,22,12,4,7,12,2,7,-,238
,"ATV-320SM,X3.2,S3.2",AAG,66,154,6,22,2,3,51,28,61,120,44,6,22,22,32,23,-,662
,"S3.5,3.3SM",AAF,37,91,4,7,-,-,32,6,23,70,23,2,12,6,11,5,-,329
,"SONSTIGE/NICHT GETYPT",,599,1095,13,110,3,17,503,101,482,553,383,70,152,145,148,145,3,4522
"HER CHEE (RC) ZUSAMMEN",,,728,1428,25,153,5,22,603,139,585,765,462,82,193,185,193,180,3,5751
"HONDA (BR)","CB 450 N",101,41,86,1,6,1,3,30,2,28,79,37,5,6,2,12,8,-,347
,XR125L,102,388,919,33,111,4,15,251,101,169,262,158,22,174,109,49,144,1,2910
,"SONSTIGE/NICHT GETYPT",,97,173,20,10,4,8,59,7,60,118,33,5,27,9,23,23,-,676
"HONDA (BR) ZUSAMMEN",,,526,1178,54,127,9,26,340,110,257,459,228,32,207,120,84,175,1,3933
"HONDA (I)",ADV350A,ABT,154,208,43,34,7,25,93,18,75,241,57,14,38,13,28,21,1,1070
,"CB 500",103,25,26,8,11,-,4,21,6,26,46,12,4,15,8,9,10,-,231
,,104,43,45,10,22,2,1,40,5,27,82,24,5,14,10,7,8,1,346
,,105,72,84,12,11,2,12,61,10,65,149,39,5,14,20,20,18,-,594
,"CB 500,S",108,137,109,36,50,5,12,81,25,84,213,65,13,64,45,28,41,1,1009
,,109,20,15,4,16,-,3,12,2,23,40,12,3,1,5,4,2,-,162
,,110,50,64,12,23,2,5,48,17,68,114,46,9,29,23,13,15,1,539
,"CB1000RA,CB1000R",AAM,1181,1399,133,237,55,61,401,143,671,1287,362,81,405,139,174,168,5,6902
,CB600F,121,239,310,32,52,12,29,119,32,168,336,90,22,99,38,47,41,-,1666
,,127,535,598,75,102,9,53,201,42,242,564,162,40,152,73,69,92,1,3010
,CBF1000;CBF1000A,AAC,1541,1953,232,396,77,128,851,176,1125,2602,567,124,560,264,426,265,13,11300
,CBF1000F;CBF1000FA,AAR,376,491,79,125,33,29,237,45,339,635,131,43,133,67,81,54,-,2898
,CBF125M,ABP,359,430,67,118,22,31,202,65,238,527,170,37,138,69,95,72,-,2640
,CBF500,132,251,288,47,66,6,18,120,26,98,284,70,10,98,32,49,45,3,1511
,CBF500A,133,247,291,104,103,12,24,112,28,138,368,70,11,130,32,54,47,1,1772
,CBF600,130,86,124,20,27,4,5,35,11,59,152,31,2,33,18,21,20,1,649
,,131,1186,1359,263,262,55,114,616,126,826,2020,367,74,418,152,290,202,7,8337
,CBF600N;CBF600NA;CBF600S;,AAA,370,456,94,109,25,50,167,48,288,640,131,27,157,66,118,51,-,2797
,,AAB,28,50,4,5,2,2,14,-,14,43,13,3,8,3,9,7,-,205
,,AAK,966,1152,337,332,66,124,610,142,919,1871,351,74,403,157,325,185,7,8021
,,AAL,119,141,26,31,7,10,60,24,82,155,42,5,38,11,32,28,-,811
,"CBR600FA,CBR600F,CB600FA,",AAF,1011,1233,229,254,56,83,447,112,596,1286,277,42,389,152,184,145,12,6508
,"DYLAN 125",125,541,882,55,56,17,48,280,40,232,550,162,28,76,66,79,38,3,3153
,"FES 125",129,358,491,75,36,13,34,212,32,288,540,147,35,33,41,74,17,1,2427
,"FES 125 PANTHEON",111,63,74,3,3,1,3,53,3,12,34,12,5,2,1,10,4,-,283
,FES125;FES125A,AAH,270,414,74,48,26,45,135,21,204,513,132,35,29,31,65,16,2,2060
,"NES 125",117,409,727,45,49,17,30,243,28,183,439,145,36,50,19,75,35,-,2530
,NSC110MPD,ABH,216,405,39,46,5,18,129,24,85,273,57,15,61,26,34,44,-,1477
,"NSC110MPD,NSC110",ABB,123,204,21,23,4,7,46,7,41,106,31,5,18,7,21,15,-,679
,"NSR 125 R",112,21,34,-,9,1,3,26,4,20,27,25,3,3,9,3,1,-,189
,NSS125AD,ABI,237,384,93,54,9,30,120,31,107,306,79,17,33,20,48,14,-,1582
,,ABQ,973,1174,354,204,70,161,592,83,483,1163,297,79,162,86,198,87,3,6169
,"NSS125AD,NSS125D",ABE,133,154,44,27,7,15,69,15,63,155,35,8,21,3,21,9,1,780
,NSS300A,ABM,161,262,52,49,10,17,88,15,73,239,61,17,43,13,39,16,1,1156
,NSS350A,ABR,333,501,89,90,24,43,193,32,179,484,126,29,84,33,73,35,-,2348
,"NT700VA,NT700V",AAU,21,29,22,10,6,8,11,3,41,69,10,-,13,5,13,11,-,272
,"NX 650",100,109,187,17,45,1,7,38,23,42,114,35,9,60,32,18,38,-,775
,,101,44,71,2,15,1,2,29,6,21,51,27,5,14,3,8,13,-,312
,PES125,AAD,395,704,53,45,13,39,168,14,116,389,105,25,44,29,52,31,3,2225
,"SH 125",119,379,672,52,33,8,29,227,20,179,393,142,17,33,11,70,20,3,2288
,,134,674,1113,95,69,13,51,282,40,237,631,203,39,69,46,122,52,3,3739
,"SH125,SH125D",AAO,473,847,90,38,16,35,205,37,175,468,165,32,60,26,61,35,3,2766
,SH125AD,ABO,761,1088,300,157,40,106,379,65,365,910,267,50,160,69,165,90,4,4976
,"SH125AD,SH125D",ABK,208,425,76,47,13,27,126,21,93,281,68,12,41,15,50,25,2,1530
,"SH125AD,SH125D,SH125A,SH1",AAX,408,746,106,65,15,56,179,29,176,478,117,25,65,28,56,22,1,2572
,SH150AD,ABJ,201,331,46,28,3,22,94,14,76,240,54,15,26,10,34,17,2,1213
,,ABN,380,493,67,67,14,37,181,26,146,434,115,43,62,27,55,41,3,2191
,"SH150AD,SH150D,SH150A,SH1",AAY,273,380,63,21,2,24,100,10,89,230,55,19,27,15,45,17,2,1372
,SH300A,ABF,633,875,144,68,18,42,294,31,215,625,154,38,72,24,76,41,4,3354
,"SH300A,SH300",AAE,660,1014,120,55,15,50,286,27,222,678,166,38,53,28,77,26,1,3516
,SH350A,ABS,302,473,79,50,12,40,174,14,136,390,87,23,35,20,53,32,-,1920
,"SJ 100",102,208,317,12,25,7,14,168,15,122,230,107,9,25,17,28,19,-,1323
,WW125,AAZ,78,108,26,17,4,9,48,11,38,112,22,2,23,21,14,8,-,541
,WW125A,ABL,142,145,61,32,10,21,68,18,66,168,34,15,49,16,22,24,1,892
,WW125EX2,ABD,129,152,30,31,6,7,55,15,44,131,26,17,39,16,17,18,1,734
,,ABG,86,124,36,21,5,11,49,16,35,98,13,7,51,15,15,16,-,598
,"XL 600 V TRANSALP",106,200,314,24,41,9,14,128,21,96,267,80,20,51,22,48,33,1,1369
,,107,50,79,6,15,1,10,39,4,38,83,38,5,10,13,13,10,-,414
,"XL 650 V TRANSALP",114,163,229,16,36,4,15,103,21,98,248,64,11,45,20,37,32,2,1144
,"XL1000VA,XL1000V",AAW,11,21,1,4,2,1,10,4,16,40,7,-,7,1,6,3,-,134
,XL125V,AAT,16,28,1,2,1,4,8,5,19,45,3,2,3,3,3,3,-,146
,"XL700VA,XL700V",AAV,37,68,3,10,-,1,19,4,24,63,11,3,8,2,7,5,-,265
,"SONSTIGE/NICHT GETYPT",,2902,4604,492,469,80,203,1471,250,1849,4159,1353,277,791,367,565,390,11,20233
"HONDA (I) ZUSAMMEN",,,22777,32169,4851,4596,982,2162,11673,2202,12915,30509,7926,1718,5887,2653,4553,2940,112,150625
"HONDA (IND)",CBF125M,AAC,376,479,63,122,10,28,202,70,271,508,153,34,185,64,94,81,1,2741
,"LEAD 100",001,339,585,28,74,4,24,183,57,107,318,94,8,82,59,47,51,1,2061
,"Lead 100;SCV100F",AAB,19,42,2,4,-,-,6,-,7,15,2,3,3,2,2,3,-,110
,"SONSTIGE/NICHT GETYPT",,16,20,5,2,-,-,12,6,22,41,17,4,1,4,3,2,-,155
"HONDA (IND) ZUSAMMEN",,,750,1126,98,202,14,52,403,133,407,882,266,49,271,129,146,137,2,5067
"HONDA (RC)","AFS110CSF,AFS1102SH",AAA,343,523,65,36,10,25,179,21,128,389,86,26,48,20,45,27,-,1971
,GLR1251WH,AAD,222,243,33,94,4,17,108,60,126,234,88,23,63,53,54,43,1,1466
,,AAE,240,312,43,90,5,20,167,69,200,378,117,29,100,51,58,72,1,1952
,"NHX110WH,NHX110",AAA,176,307,37,44,6,10,82,23,76,166,46,11,54,23,17,38,-,1116
,"NSC110MPD,NSC110WH",AAB,289,480,59,38,7,20,137,18,113,337,89,18,84,30,45,23,3,1790
,"SONSTIGE/NICHT GETYPT",,39,34,7,16,6,2,27,8,46,79,26,6,17,15,15,13,-,356
"HONDA (RC) ZUSAMMEN",,,1309,1899,244,318,38,94,700,199,689,1583,452,113,366,192,234,216,5,8651
"HONDA (THA)",ANF125,AAC,544,674,111,54,25,62,245,25,216,510,167,32,68,29,85,34,3,2884
,C125A,ABE,96,122,26,21,6,10,59,10,69,138,40,12,24,4,32,11,1,681
,,ABQ,65,87,12,17,3,12,29,8,26,86,14,9,13,9,26,5,-,421
,CB500FA,AAU,458,522,62,73,15,28,195,38,216,454,127,22,97,31,79,45,-,2462
,,ABF,774,1017,164,191,49,48,386,95,468,982,224,56,213,93,158,124,5,5047
,"CB500FA,CB500F",AAJ,761,841,116,119,24,42,298,45,304,750,216,34,190,68,113,86,5,4012
,CB500XA,AAX,58,91,15,19,1,11,42,15,41,98,20,7,17,10,16,15,-,476
,,ABL,272,403,71,86,12,35,159,50,166,438,119,23,112,44,80,77,3,2150
,"CB500XA,CB500X",AAL,117,134,22,31,3,10,60,11,75,178,43,8,40,21,26,19,2,800
,CB650FA,AAZ,182,222,32,47,23,19,117,23,169,286,54,10,48,28,48,24,-,1332
,"CB650FA,CB650F",AAO,395,447,57,85,18,31,144,35,220,436,121,28,99,30,85,47,2,2280
,CB650RA,ABH,672,835,193,159,57,75,413,76,474,1033,233,48,198,84,149,109,2,4810
,,ABI,19,42,7,3,-,-,3,2,6,20,5,1,4,2,1,3,-,118
,CBF125NA,ABB,702,822,103,162,39,54,320,94,435,755,228,36,173,65,113,91,1,4193
,,ABN,935,1122,212,248,59,88,520,141,551,1166,294,69,249,93,191,119,1,6058
,CBF300NA,ABC,91,101,21,13,6,11,58,5,48,116,26,5,43,15,22,11,1,593
,CBR125R,002,492,733,63,179,7,22,226,87,270,492,192,36,268,115,81,154,1,3418
,,AAA,29,41,5,5,1,2,17,3,20,21,13,1,12,5,1,6,-,182
,,AAB,122,171,16,37,3,4,63,25,88,141,55,16,59,36,20,24,1,881
,,AAD,133,136,17,43,5,10,55,11,96,109,37,6,34,23,22,18,-,755
,,AAE,228,326,22,38,4,10,119,20,134,235,98,17,62,40,37,43,-,1433
,,AAG,739,906,61,126,18,27,329,64,497,758,272,46,103,83,138,52,2,4221
,"CBR250R,CBR250RA",AAH,122,158,34,35,4,17,54,10,65,171,49,5,49,21,29,17,-,840
,"CBR300RA,CBR300R",AAS,52,53,12,7,3,-,27,8,41,63,24,2,12,4,10,2,-,320
,CBR500RA,AAT,284,345,36,41,14,17,124,10,162,291,70,11,31,17,38,15,-,1506
,,ABG,490,649,110,104,26,47,259,44,278,654,161,11,91,44,94,49,4,3115
,"CBR500RA,CBR500R",AAK,396,504,59,63,15,25,158,15,217,414,124,18,42,28,51,23,2,2154
,CBR650FA,ABA,86,90,33,31,8,11,51,7,69,141,26,2,17,4,20,14,-,610
,"CBR650FA,CBR650F",AAQ,212,211,41,43,14,23,83,11,140,276,55,5,46,24,38,20,1,1243
,CBR650RA,ABJ,40,66,14,4,1,1,16,-,11,64,10,1,2,2,1,3,-,236
,,ABK,383,512,165,100,40,68,269,37,296,661,170,31,86,42,81,29,3,2973
,CL500A,ABS,127,159,22,32,10,16,98,18,86,199,58,10,42,20,38,24,1,960
,"CMX500A2,CMX500A",AAY,1522,1899,273,426,78,121,914,226,950,2202,537,140,480,254,338,237,7,10604
,"CRF250M,CRF250L",AAI,165,284,19,22,7,11,127,18,110,163,81,15,42,24,35,32,1,1156
,"CRF250RLA,CRF250LA",AAV,203,296,41,59,5,21,117,31,112,200,76,12,56,25,64,45,-,1363
,"CRF300LA,CRF300LRA",ABM,170,282,41,50,11,29,93,23,105,226,86,13,57,21,54,19,1,1281
,MSX125,AAN,396,471,42,39,8,24,231,18,139,305,126,31,44,13,75,28,2,1992
,MSX125A,AAW,339,437,57,44,13,18,142,16,138,237,99,27,52,15,50,26,2,1712
,,ABO,286,406,44,48,5,20,147,24,148,270,86,20,55,14,47,29,-,1649
,"NSS300A,NSS300",AAM,78,144,23,23,5,10,54,13,33,133,34,9,15,8,20,7,-,609
,ST125A,ABR,171,195,17,10,6,12,104,2,76,153,64,17,6,4,25,2,-,864
,WW125EX2,AAF,291,377,60,62,13,23,127,34,131,307,77,34,95,40,43,44,-,1758
,Z125MA,ABD,381,497,29,29,16,44,256,16,198,455,124,23,27,10,114,17,-,2236
,,ABP,330,396,30,34,13,32,195,19,150,339,127,28,25,13,83,23,1,1838
,"SONSTIGE/NICHT GETYPT",,899,1048,103,171,41,67,392,82,605,950,269,45,167,77,192,84,4,5196
"HONDA (THA) ZUSAMMEN",,,15307,19274,2713,3233,734,1268,7895,1565,8849,18076,5131,1032,3665,1652,3063,1906,59,95422
"HONDA (USA)","F6C GL 1500 C",109,115,172,16,50,4,14,92,18,110,227,62,12,44,34,34,33,-,1037
,"GL 1100;GL 1100 DX",101,42,68,1,8,1,9,30,3,60,114,26,4,3,5,17,5,-,396
,"GL 1200 GOLD WING",102,23,23,3,5,1,1,16,3,8,20,11,2,5,1,5,1,-,128
,GL1800,AAA,79,135,15,32,8,5,64,10,87,110,34,11,33,8,21,16,-,668
,"GOLD WING",104,22,35,4,4,3,3,16,4,19,43,15,7,6,5,8,3,-,197
,,106,99,169,10,26,6,6,46,22,59,107,50,14,32,22,27,16,-,711
,,114,129,236,16,34,4,6,63,18,124,165,56,12,55,25,29,34,-,1006
,"VT 1100 C",103,20,24,-,4,4,2,19,2,22,43,15,3,3,2,5,8,-,176
,,105,15,21,1,9,-,2,6,3,14,27,9,1,7,4,2,5,-,126
,"VT 1100 C2",107,123,188,13,77,12,16,75,49,134,246,74,10,43,48,30,31,-,1169
,"VT 1100 C3",111,32,41,2,15,2,5,31,5,27,73,16,8,10,10,6,9,1,293
,"VTX 1300",117,111,103,13,41,7,16,50,24,90,164,48,9,30,37,21,20,-,784
,"VTX 1800",116,82,102,11,31,6,8,49,19,66,101,27,4,19,30,19,15,1,590
,"SONSTIGE/NICHT GETYPT",,1329,1967,221,364,48,113,814,252,1409,2356,635,138,432,283,393,240,5,10999
"HONDA (USA) ZUSAMMEN",,,2221,3284,326,700,106,206,1371,432,2229,3796,1078,235,722,514,617,436,7,18280
"HONDA (VN)",ANC125,AAA,132,275,27,18,5,21,76,13,65,169,47,25,20,8,22,28,-,951
,FSH125,AAC,338,477,97,72,11,42,189,35,157,434,110,30,76,42,76,61,2,2249
,NSC110,AAE,174,248,43,34,6,18,86,15,85,223,47,16,32,20,34,30,2,1113
,WW125A,AAD,419,507,183,92,24,53,244,49,180,539,120,43,115,54,77,63,1,2763
,"SONSTIGE/NICHT GETYPT",,10,25,8,5,1,4,6,3,9,28,8,1,5,8,8,3,-,132
"HONDA (VN) ZUSAMMEN",,,1073,1532,358,221,47,138,601,115,496,1393,332,115,248,132,217,185,5,7208
"HONDA MOTOR (J)","1000 GOLD WING,DE LUX",732,50,49,5,4,1,2,34,1,40,89,15,3,3,5,19,2,-,322
,ADV750,ADN,162,210,39,27,3,15,86,9,68,178,49,14,32,11,12,7,1,923
,,AEX,143,175,31,22,4,13,73,9,58,164,47,10,28,5,20,11,3,816
,"AFRICA TWIN",294,164,240,19,21,4,12,119,8,77,246,79,13,21,14,44,18,2,1101
,"CA 125",357,178,331,22,59,15,19,193,38,166,324,138,24,40,29,67,26,-,1669
,"CB 1000 F",334,37,47,5,8,1,1,31,4,30,88,25,6,1,4,12,6,-,306
,"CB 1100 SF",372,109,109,9,39,4,7,66,14,73,152,43,13,24,22,17,32,-,733
,"CB 125 TWIN;CBN 125 TWIN;",127,25,48,2,1,-,1,17,1,17,40,12,7,4,2,6,2,-,185
,"CB 250 G",246,47,63,3,2,3,8,25,-,37,63,21,7,2,-,12,1,1,295
,"CB 250 N;CB 250 N EURO-SP",252,97,141,5,12,3,6,83,6,63,155,61,14,9,2,20,2,-,679
,"CB 250 RS;CB 250 RS-Z",149,51,47,3,1,-,2,22,2,13,36,17,4,4,1,9,1,-,213
,,150,38,51,3,2,3,2,36,3,18,45,20,5,-,2,7,2,-,237
,"CB 400 HONDAMATIC;CB 400;",446,231,340,16,11,4,20,176,14,156,292,125,27,19,8,51,13,-,1503
,"CB 450 S",267,40,32,3,3,2,3,19,1,14,34,21,6,4,1,5,1,2,191
,,268,100,141,4,7,3,9,82,6,69,152,47,8,4,10,19,13,2,676
,"CB 600 F",115,96,107,7,28,7,11,58,17,70,167,44,19,49,23,19,34,1,757
,,117,21,21,5,13,1,1,22,3,16,24,11,4,6,12,4,4,-,168
,"CB 600 F,S",374,575,607,74,127,18,34,245,60,305,686,186,49,263,68,91,94,5,3487
,"CB 650 C;CZ 650 CUSTOM",144,15,30,3,6,1,3,21,2,21,38,17,4,1,1,11,1,-,175
,"CB 650;CB 650 KZ",136,20,19,1,5,1,3,11,2,25,49,12,2,2,1,10,2,1,166
,"CB 750 C",152,28,61,6,5,-,5,14,4,15,53,17,6,3,4,4,1,-,226
,"CB 750 F;CB 750 F2",151,65,85,10,6,2,5,46,1,53,129,28,9,4,5,17,6,-,471
,"CB 750 KB;CB 750 KZ",134,70,87,8,5,1,8,37,6,42,97,26,9,8,2,16,4,-,426
,"CB 900 F,F2",166,19,27,-,2,2,2,13,-,22,38,7,3,3,2,6,3,-,149
,"CB 900 F;CB 900 FB;CB 900",137,115,158,13,6,6,16,78,6,88,204,55,9,7,5,23,3,-,792
,"CB SEVEN FIFTY",322,728,811,129,226,29,77,429,115,445,1471,318,68,306,170,158,167,3,5650
,,324,61,70,13,42,7,10,67,16,63,150,47,8,27,15,13,16,-,625
,,325,25,25,5,12,3,4,21,6,18,84,31,7,8,7,7,2,-,265
,,342,88,72,18,40,9,15,54,21,90,201,64,10,32,28,33,25,2,802
,CB1000RA,ADW,524,627,105,148,44,45,313,92,375,691,182,34,183,64,130,77,3,3637
,"CB1100NA,CB1100CA",ADJ,116,155,31,46,10,19,67,21,76,158,48,8,57,11,31,16,-,870
,"CB1100SA,CB1100A",ACH,161,214,52,39,17,21,119,22,140,296,66,16,39,24,53,29,1,1309
,"CB1300;CB1300,-A,-SA",540,376,432,65,75,30,34,228,51,348,736,177,38,106,46,125,54,6,2927
,CB1300;CB1300A;CB1300SA,ABA,114,99,28,18,13,17,65,3,108,221,50,9,14,18,29,8,-,814
,CB500,338,39,50,9,16,3,4,22,9,29,58,22,4,17,11,8,15,-,316
,,339,17,30,3,6,1,2,14,3,17,46,16,1,10,2,5,4,-,177
,,340,84,108,15,34,8,14,79,17,65,193,64,8,36,20,28,21,1,795
,CB650RA,AET,236,292,74,66,19,33,139,34,185,338,79,15,70,19,46,39,1,1685
,CB750A,AFI,388,545,91,93,28,34,262,52,260,602,135,35,112,34,93,61,1,2826
,"CBR 1000 F",272,98,96,3,8,5,4,69,-,76,117,40,11,8,10,13,8,1,567
,,292,122,156,11,11,3,6,87,5,108,170,64,13,27,13,20,15,-,831
,,336,116,149,15,44,7,8,96,15,123,231,70,9,38,31,32,30,1,1015
,"CBR 1100 XX",361,54,113,12,31,9,16,73,22,86,178,48,7,32,22,30,30,-,763
,,369,112,172,17,40,8,9,88,15,98,258,58,14,26,34,50,23,1,1023
,,390,265,384,66,80,27,44,218,41,364,709,138,25,59,51,126,36,5,2638
,"CBR 600 F",275,36,54,-,3,3,1,16,2,24,46,20,3,3,2,10,4,-,227
,,290,40,41,2,4,2,3,19,1,16,38,17,3,6,1,2,3,-,198
,,318,77,85,6,21,2,1,41,3,37,87,31,7,26,7,10,15,-,456
,,320,27,40,3,8,2,-,13,5,21,32,17,2,13,4,-,4,-,191
,,330,87,143,5,17,3,4,49,5,62,137,39,3,44,17,12,18,-,645
,,355,202,295,23,71,3,18,166,28,174,403,108,17,132,57,45,68,1,1811
,,356,19,33,1,10,-,1,12,3,28,31,12,1,13,5,9,5,-,183
,,367,125,124,16,43,6,9,66,15,99,232,60,16,53,40,35,34,5,978
,"CBR 900 RR",326,54,64,1,10,1,2,31,4,47,57,31,2,6,2,11,3,-,326
,,331,98,117,9,20,4,14,65,7,96,173,56,8,25,18,23,16,-,749
,,360,149,171,20,68,10,6,84,30,149,256,100,13,61,40,50,33,2,1242
,,365,58,89,6,14,2,3,32,5,39,97,25,6,20,4,14,15,-,429
,,373,24,34,-,1,-,3,7,1,15,23,11,1,5,-,4,3,-,132
,,379,192,242,15,42,4,8,98,34,158,297,83,15,52,36,48,38,1,1363
,"CBR1000RA,CBR1000RR",AAY,591,678,99,185,27,46,228,94,503,783,194,43,207,141,136,88,6,4049
,CBR1000RR,212,608,824,83,141,20,41,274,69,457,777,217,51,230,117,135,78,-,4122
,,AAK,558,777,73,122,21,41,217,67,456,710,198,48,175,100,124,79,3,3769
,"CBR1000S2,CBR1000S1,CBR10",ADM,188,246,23,47,12,12,93,25,117,237,70,18,71,21,44,28,2,1254
,"CBR1000SA,CBR1000S,CBR100",ACN,81,118,15,28,8,16,64,7,68,123,25,9,25,13,15,17,-,632
,"CBR1000SP,CBR1000ST",AEU,81,141,22,17,8,10,45,9,60,130,40,11,24,9,19,14,-,640
,CBR600F,388,567,761,143,184,32,61,310,78,530,1115,236,37,272,119,172,116,5,4738
,"CBR600F,SPORT",384,102,183,7,15,9,7,52,8,99,180,32,9,10,12,24,8,1,758
,"CBR600RA,CBR600RR",AAQ,658,829,145,166,36,104,302,64,480,923,206,35,207,68,117,68,9,4417
,CBR600RR,539,437,626,51,78,12,38,194,26,275,607,157,24,125,53,76,44,1,2824
,,543,286,396,49,64,15,19,132,28,210,399,95,14,108,41,48,31,2,1937
,CBR650RA,AEQ,34,42,17,10,2,9,21,8,22,51,23,3,7,2,7,3,-,261
,CBR900RR,395,125,179,7,26,1,5,52,8,108,142,56,15,26,20,33,17,-,820
,,396,362,434,43,93,14,8,125,58,253,472,138,15,122,54,72,44,2,2309
,CBX,130,44,59,6,6,4,2,41,1,38,76,24,1,5,5,16,13,-,341
,,154,20,37,3,7,-,2,21,3,26,41,11,1,4,2,7,4,-,189
,"CBX 550 F,II",174,41,45,-,3,2,2,26,1,20,50,9,3,5,3,5,3,-,218
,"CBX 650 E",184,39,29,1,4,-,3,16,2,12,32,10,3,5,4,8,3,-,171
,,185,33,32,8,5,1,4,30,5,25,44,21,7,6,3,6,5,-,235
,"CBX 750 F",199,59,54,6,-,5,4,41,3,38,76,22,12,6,2,14,4,-,346
,"CJ 250 T",250,19,47,1,3,4,3,11,-,20,33,12,2,-,2,8,-,-,165
,"CL 250 S",165,73,131,8,6,2,5,58,1,51,82,46,6,4,4,18,1,-,496
,"CM 200 T",128,156,183,10,2,2,11,73,2,66,93,51,11,3,3,30,3,-,699
,,129,82,157,6,2,-,4,67,3,33,87,63,9,4,-,15,4,-,536
,"CM 250 C",160,40,67,2,7,2,5,21,1,38,59,30,9,3,3,7,1,-,295
,"CM 400;CM 400 T",142,199,308,16,31,14,20,145,14,175,264,133,27,12,19,55,21,-,1453
,"CMX 250 C",359,34,53,4,22,-,1,22,7,22,48,13,7,22,9,5,7,-,276
,"CMX1100D2,CMX1100A2,CMX11",AFD,277,405,69,75,25,19,189,42,221,443,83,22,101,45,72,40,4,2132
,"CRF1000D,CRF1000A,CRF1000",ACW,281,417,31,62,14,20,110,27,132,345,106,28,91,22,58,54,1,1799
,"CRF1000D2,CRF1000A2,CRF10",ADF,932,1370,143,201,38,99,492,117,573,1286,362,62,336,144,217,188,4,6564
,"CRF1100D,CRF1100A",AEP,386,571,67,104,23,31,251,64,275,551,134,32,178,44,118,96,3,2928
,"CRF1100D4,CRF1100A4,CRF11",AEO,447,660,87,158,31,48,313,83,350,698,206,41,217,90,164,125,3,3721
,CRF450L,AEA,40,42,3,12,5,4,23,9,22,39,9,4,10,4,9,9,-,244
,"CTX700ND,CTX700NA,CTX700N",ACI,62,112,40,32,3,10,61,18,51,143,35,7,29,11,27,7,-,648
,"CX 500",490,100,125,16,20,6,20,107,6,164,250,66,19,15,8,32,10,1,965
,,491,153,237,23,25,14,32,151,12,193,360,92,15,22,12,49,11,1,1402
,"CX 500 C;CX 500 CUSTOM",146,109,200,18,24,12,12,136,12,170,270,113,28,13,14,37,11,1,1180
,,147,219,282,20,30,14,24,137,14,204,312,141,23,19,20,65,25,-,1549
,"CX 500 SPORT",162,55,83,5,6,1,5,49,5,59,82,39,5,8,9,10,6,-,427
,DAX,070,396,269,18,3,7,20,180,-,92,156,106,13,2,2,27,-,-,1291
,DISC,124,31,24,2,1,2,3,12,1,8,22,7,2,1,-,-,-,-,116
,,125,80,135,7,1,1,5,45,-,40,70,31,1,-,-,12,3,-,431
,,247,40,59,3,-,2,2,30,1,23,48,15,4,3,-,10,3,-,243
,"FES 250 FORESIGT",364,120,161,17,12,2,6,66,5,97,170,39,14,10,13,30,5,-,767
,FJS400A;FJS400D,ABN,82,124,21,15,6,5,45,7,36,124,32,5,17,7,13,8,-,547
,"FJS600A,FJS600D",ABU,34,45,8,3,1,3,17,2,32,63,11,3,4,-,5,3,-,234
,FJS600A;FJS600D,ABH,16,31,5,6,4,1,7,2,10,34,7,1,1,3,3,2,-,133
,FOUR,344,27,33,3,-,5,1,18,-,14,24,8,3,1,1,7,-,-,145
,,494,114,121,14,4,2,6,86,1,65,136,64,10,2,3,32,4,-,664
,,731,127,108,13,4,7,21,78,2,83,158,81,11,2,1,54,-,-,750
,,733,65,59,10,5,2,7,44,-,50,103,34,7,-,-,23,1,-,410
,FOUR-IN-ONE,440,58,84,2,4,4,11,48,-,50,85,22,3,4,-,17,2,-,394
,,493,49,51,6,2,3,11,33,1,47,78,23,5,1,1,16,-,-,327
,,730,23,28,3,1,1,8,19,-,25,44,16,2,-,-,5,-,-,175
,,735,15,26,-,1,2,-,18,-,18,35,8,2,3,-,9,-,-,137
,FOUR-K,492,36,40,4,3,1,6,21,1,32,67,12,5,1,1,15,3,-,248
,,734,32,28,3,-,1,4,13,3,34,57,11,2,2,1,9,2,-,202
,"FT 500",172,45,65,6,5,2,9,46,3,22,51,18,7,1,4,10,-,-,294
,"GL 500 D",155,35,74,6,7,3,4,35,6,51,118,22,5,5,3,19,2,-,395
,"GL1800,GL1800B",ABX,70,65,11,16,4,3,38,7,35,85,20,6,15,18,11,10,-,414
,"GL1800BD,GL1800DA,GL1800,",ADQ,117,175,25,53,11,12,94,29,150,205,52,15,35,24,40,21,-,1058
,"GOLD WING GL 1000",736,14,20,5,-,-,-,13,2,14,28,6,4,4,-,1,1,-,112
,"HORNET 900",109,103,110,6,6,1,3,32,8,32,61,26,11,18,9,12,5,-,443
,,110,628,679,77,89,22,42,218,55,265,724,207,47,191,95,98,95,6,3538
,LEAD,084,21,45,11,-,-,2,17,-,10,17,10,1,-,-,9,1,-,144
,"LEAD 125",198,67,125,6,1,3,3,21,-,25,58,16,2,1,-,8,4,-,340
,"MB 80",081,17,43,4,3,-,6,29,1,37,136,28,6,1,-,12,-,-,323
,"MBX 80,SW2",080,45,55,6,2,2,2,24,-,31,76,18,2,1,2,11,2,-,279
,"MT 80",082,41,51,1,1,1,12,43,1,34,64,24,17,1,-,6,1,1,299
,"MTX 200 R",187,22,43,-,1,1,1,27,-,15,19,20,1,1,-,8,2,-,161
,"MTX 80",083,66,92,1,2,2,8,50,4,31,116,39,4,1,3,10,5,-,434
,"MTX 80 R",086,17,32,5,3,1,3,12,1,7,33,5,3,3,1,11,1,-,138
,NC700D,ACA,108,215,22,16,6,7,56,3,53,147,36,7,16,7,15,5,-,719
,"NC700SD,NC700SA,NC700S",ACF,561,684,104,114,29,39,277,62,352,660,194,24,167,46,106,73,1,3493
,"NC700XD,NC700XA,NC700X",ABY,37,92,10,14,-,3,24,7,35,47,14,7,20,4,13,12,-,339
,,ACC,340,470,68,85,14,28,170,59,232,531,151,14,105,40,75,48,2,2432
,NC750D,ACM,79,95,8,7,2,6,46,1,41,98,21,5,9,3,8,3,-,432
,,ACZ,72,95,6,7,-,3,28,4,22,96,22,7,4,2,9,3,2,382
,"NC750SD,NC750SA",ADA,397,431,114,133,30,27,238,67,259,552,136,23,149,58,84,75,1,2774
,,ADX,19,27,4,5,2,-,7,3,13,27,5,1,9,7,5,2,-,136
,"NC750SD,NC750SA,NC750S",ACL,368,537,84,90,32,26,228,48,249,474,111,28,118,52,75,56,3,2579
,"NC750XD,NC750XA",ACY,531,714,195,174,34,47,356,89,403,982,251,48,185,71,127,111,5,4323
,,ADS,18,31,2,7,2,-,13,4,17,41,8,2,5,-,5,4,-,159
,,AFB,335,509,112,108,32,39,229,54,281,610,174,36,114,54,93,70,1,2851
,"NC750XD,NC750XA,NC750X,NC",ACK,362,497,79,108,21,30,203,49,286,562,121,31,114,39,88,45,7,2642
,NSA700A,ABI,24,27,19,8,2,1,12,5,19,46,9,6,6,7,3,3,-,197
,NSS750,AEZ,96,134,22,17,3,7,42,4,42,120,39,12,14,6,20,3,-,581
,"NT1100D,NT1100A",AFF,204,272,44,58,16,15,137,32,170,287,88,18,70,36,63,35,1,1546
,"NTV 650",288,254,296,47,72,10,20,180,30,189,458,129,27,72,38,40,34,-,1896
,,289,58,120,25,20,7,7,71,14,73,157,50,5,18,19,18,8,-,670
,,298,15,27,1,5,1,-,21,-,14,32,6,2,6,2,2,4,-,138
,,346,32,42,8,11,1,3,29,6,43,89,25,6,19,8,11,7,-,340
,"NX 250",283,41,91,3,5,2,5,36,3,20,56,28,3,5,3,10,3,-,314
,,316,44,70,2,8,-,2,22,2,14,27,8,3,5,1,8,2,-,218
,,321,43,121,3,12,1,6,60,5,30,90,40,3,20,8,11,11,-,464
,"NX 650",284,62,119,5,12,4,5,38,4,14,46,24,4,8,7,9,7,-,368
,,285,53,106,6,14,1,5,55,3,48,86,34,4,13,4,19,8,-,459
,,299,105,211,9,25,1,2,71,10,44,112,44,6,33,7,20,25,1,726
,SC51,399,156,231,21,45,9,10,98,32,154,298,72,21,70,45,50,38,3,1353
,"SILVER WING",394,301,419,41,32,10,23,187,14,174,456,139,34,32,21,51,19,-,1953
,"ST 1100 PAN EUROPEAN",296,72,96,9,15,5,1,49,4,61,109,34,11,7,8,23,5,-,509
,,329,162,265,28,36,6,13,97,16,163,358,76,20,48,34,66,20,1,1409
,ST1300;ST1300A,AAX,48,70,15,38,7,4,27,7,58,99,16,10,31,12,24,12,1,479
,"SUPER SPORTS",095,34,42,2,-,2,2,24,-,15,41,10,1,-,-,2,-,-,175
,,123,35,55,3,1,-,2,17,1,7,22,11,3,-,-,4,-,-,161
,"TL 125 S",126,39,43,1,1,1,-,30,-,13,18,6,3,-,-,2,1,-,158
,"TRANSALP 600 V",277,542,863,51,77,18,41,305,47,226,702,226,44,81,40,99,61,1,3424
,,278,110,146,16,18,6,15,80,8,55,178,41,8,8,10,24,10,1,734
,,350,80,95,9,17,2,8,55,3,46,128,37,9,13,13,17,8,1,541
,"VF 1000 FII",255,32,40,-,4,2,2,22,-,26,43,12,3,1,2,14,1,-,204
,"VF 500 F,II",259,25,29,-,1,-,1,20,2,14,22,16,3,6,-,2,1,-,142
,"VF 750 C",337,61,97,12,45,1,5,45,13,43,136,33,2,28,16,11,20,1,569
,,358,43,82,6,48,4,5,42,18,36,128,30,5,27,25,17,22,-,538
,"VF 750 CUSTOM",182,33,48,3,8,1,2,19,3,13,22,15,1,5,2,5,3,-,183
,"VF 750 F",194,28,32,1,3,-,-,13,-,8,28,8,2,4,-,2,3,-,132
,"VFR 750 F",269,109,117,6,8,-,3,80,3,65,111,34,8,9,5,20,2,-,580
,,295,161,203,8,19,6,1,85,6,95,193,74,14,30,11,26,14,1,947
,,328,234,397,35,87,10,22,181,23,197,473,147,23,101,43,49,34,4,2060
,"VFR 800 FI",114,102,116,10,20,3,6,55,13,73,153,46,5,28,16,9,15,-,670
,,118,216,276,22,45,17,13,138,20,173,394,126,13,91,47,34,41,-,1666
,"VFR 800A",112,391,464,93,117,22,35,204,39,315,620,175,32,157,76,99,61,11,2911
,"VFR1200DL,VFR1200XL,VFR12",ADB,115,142,20,26,12,9,55,18,97,211,56,9,35,14,38,26,2,885
,"VFR1200FD,VFR1200F",ABR,238,320,52,99,17,17,150,50,240,429,89,16,127,62,80,41,-,2027
,"VFR1200XDL,VFR1200XL,VFR1",ACD,294,418,34,77,17,18,162,52,213,450,99,41,82,31,72,56,4,2120
,VFR800;VFR800A,AAB,73,134,25,29,13,9,41,13,91,146,27,8,53,20,26,23,1,732
,VFR800F,ACP,55,72,15,16,7,9,49,3,64,107,23,4,33,15,15,9,1,497
,,ADL,20,30,7,8,3,1,16,6,24,29,5,-,5,5,7,2,-,168
,VFR800X,ABW,88,127,9,17,2,2,56,6,69,128,19,8,32,19,14,19,-,615
,,ACS,82,89,12,18,8,11,37,7,64,96,22,5,29,12,21,17,-,530
,,ADK,26,32,5,12,5,1,22,2,10,46,13,-,12,2,6,7,-,201
,"VT 125 C",370,320,503,42,110,34,58,309,49,354,558,227,27,33,64,143,50,1,2882
,"VT 500 C",188,148,208,8,13,7,10,78,10,82,118,75,12,15,8,30,16,-,838
,,189,20,31,1,2,-,2,11,-,11,28,13,5,4,-,5,2,-,135
,"VT 500 E",195,88,111,4,14,6,5,33,8,48,88,30,7,7,8,13,5,1,476
,,196,14,12,2,4,-,1,13,2,17,19,7,2,5,-,3,1,-,102
,"VT 600 C",119,27,56,6,32,-,5,23,25,28,73,21,3,28,20,14,14,-,375
,,279,78,105,5,7,4,4,45,8,39,89,41,7,8,8,6,7,-,461
,,280,78,124,11,24,2,11,73,14,71,173,51,16,10,19,19,14,-,710
,,297,238,360,30,139,9,22,188,84,215,501,152,22,117,98,57,74,-,2306
,,343,139,190,16,65,14,28,92,32,135,277,84,20,36,51,41,45,1,1266
,"VT 750 C",274,28,49,3,7,1,2,22,2,20,27,16,1,1,2,2,1,-,184
,,386,94,114,18,29,5,10,46,14,58,165,35,9,28,23,25,25,1,699
,"VT 750 C,C2",363,283,372,34,116,14,35,232,63,252,610,167,38,87,87,83,91,2,2566
,"VT 750 DC",381,244,266,34,89,7,25,142,37,158,338,89,20,90,84,57,53,2,1735
,VT1300CX;VT1300CXA,ABQ,50,54,17,28,2,3,23,15,34,58,15,2,16,30,7,19,-,373
,VT750C,211,230,274,34,116,13,42,131,74,237,438,87,12,123,99,68,85,2,2065
,VT750C;VT750CS,AAW,266,342,73,139,19,39,144,84,199,462,109,24,124,85,82,59,-,2250
,VT750C2;VT750C2B;VT750C2S,AAT,280,303,67,143,21,46,156,47,199,377,89,16,126,92,62,76,3,2103
,VT750S,ABS,46,38,13,15,5,1,27,8,31,56,11,4,16,13,16,7,-,307
,"VTR 1000 F",362,175,246,8,41,11,13,91,12,142,240,93,15,53,43,31,41,-,1255
,,392,62,81,6,7,2,3,29,5,64,112,23,6,20,10,19,3,-,452
,,393,190,290,31,48,14,18,100,26,200,290,76,7,63,44,54,33,1,1485
,"VTR 1000 SP-1",377,78,115,2,13,3,5,61,14,66,103,26,7,37,19,19,19,-,587
,VTR1000SP-2,398,86,89,9,28,3,5,33,21,49,64,20,2,37,15,21,15,-,497
,"XBR 500",264,96,132,17,6,1,9,61,4,66,98,35,5,20,8,12,6,1,577
,"XBR 500,S",265,121,166,20,14,7,12,87,5,122,207,43,7,12,10,20,9,-,862
,"XL 1000 V VARADERO",366,343,526,24,63,14,17,187,34,236,568,147,20,91,47,78,65,2,2462
,"XL 125",120,45,65,-,1,-,2,27,-,12,18,9,5,-,3,7,-,-,194
,"XL 185 S",131,58,132,-,2,1,5,71,1,13,38,48,3,1,-,3,-,-,376
,,132,79,214,2,-,1,2,68,3,19,51,39,7,-,3,9,-,1,498
,"XL 200 R",183,36,77,-,1,1,1,31,-,19,33,23,2,1,-,8,1,-,234
,"XL 250",249,29,26,3,-,-,4,21,2,19,27,11,2,-,2,1,2,-,149
,"XL 250 R",168,53,112,1,3,-,1,54,2,24,52,45,9,2,-,3,2,1,364
,,257,24,64,1,2,-,2,17,-,9,15,15,-,-,1,2,1,-,153
,,258,19,47,1,-,1,-,19,-,13,24,18,2,2,-,1,1,-,148
,"XL 250 S",133,87,143,4,-,1,7,66,-,50,97,43,8,2,3,9,2,-,522
,"XL 350 R",261,48,138,3,3,-,3,56,1,30,49,36,4,2,-,6,4,-,383
,"XL 500 R",170,150,213,7,6,3,22,99,3,89,160,52,14,2,5,28,7,-,860
,"XL 500 S",139,108,164,8,6,7,17,80,-,79,111,45,9,2,1,29,5,1,672
,"XL 600 LM,-RM",271,14,34,1,2,2,2,13,2,9,10,14,-,-,1,4,-,-,108
,"XL 600 LM;XL 600 LM,-RM",266,88,159,6,4,-,4,46,5,36,66,23,7,4,3,12,5,-,468
,"XL 600 R",197,48,56,6,2,-,7,24,1,24,31,18,6,1,2,9,2,1,238
,,260,46,53,3,2,-,2,22,-,17,23,10,3,-,-,8,1,-,190
,XL750,AFL,236,297,33,58,12,22,137,25,139,315,77,22,65,29,65,47,2,1581
,"XLR 125 R",088,39,90,3,18,-,3,45,10,31,41,55,6,9,11,11,17,-,389
,"XRV 650 AFRICA TWIN",286,56,95,8,1,4,2,34,1,36,61,22,1,1,-,13,5,-,340
,"XRV 750 AFRICA TWIN",332,674,1013,93,117,16,41,361,91,336,945,229,40,236,91,164,154,8,4609
,,333,436,651,69,82,14,30,243,50,229,651,166,40,177,46,108,56,6,3054
,"SONSTIGE/NICHT GETYPT",,27137,36077,3511,3275,712,1714,11978,1678,16651,34606,8674,2103,5903,2312,5937,2376,96,164740
"HONDA MOTOR (J) ZUSAMMEN",,,60234,81098,8715,11125,2418,4682,32054,5633,40608,84406,22965,4959,15372,7181,13741,7467,299,402957
HOREX,REGINA,342,80,77,2,-,-,6,45,-,16,41,24,4,2,1,7,2,-,307
,"SONSTIGE/NICHT GETYPT",,599,631,27,14,3,13,302,6,191,257,140,12,22,9,92,15,-,2333
"HOREX ZUSAMMEN",,,679,708,29,14,3,19,347,6,207,298,164,16,24,10,99,17,-,2640
"HUSQVARNA (I)","NUDA 900R,NUDA 900",AAX,278,382,20,19,6,7,78,5,104,177,45,7,51,26,23,9,2,1239
,"SM 125,WRE 125",AAL,65,144,1,5,1,1,25,4,17,47,21,1,5,5,3,11,-,356
,"SM 510;SM 510R",AAH,23,21,2,1,-,-,12,2,4,20,7,4,11,3,1,2,-,113
,"SM 630,TE 630",AAP,65,144,6,3,2,2,31,4,22,39,19,3,24,11,5,14,-,394
,"SMR125,TE125,SMS4,TE 125",AAR,122,236,3,7,2,2,28,5,39,55,18,2,16,14,15,14,-,578
,"SMR449,TE449",AAT,57,89,6,12,-,1,15,4,25,30,6,-,10,9,8,8,-,280
,"SMR511,TE511",AAU,27,37,-,3,-,2,11,2,10,17,6,-,7,2,2,2,-,128
,"TE 250;TE 310",AAD,25,30,1,4,-,-,8,-,12,13,7,3,5,2,2,8,-,120
,"TE250,TE 250",AAO,15,29,-,2,-,-,7,3,4,16,9,-,14,9,2,6,-,116
,TE310,AAS,19,21,2,7,-,-,4,5,6,13,6,4,3,1,5,4,-,100
,"TR 650 Strada,TR 650 Terr",AAZ,106,178,14,7,1,7,40,4,34,103,20,3,23,12,13,11,1,577
,"SONSTIGE/NICHT GETYPT",,225,396,12,39,4,11,80,21,87,183,73,12,73,39,32,60,1,1348
"HUSQVARNA (I) ZUSAMMEN",,,1027,1707,67,109,16,33,339,59,364,713,237,39,242,133,111,149,4,5349
"HYOSUNG (ROK)","AQUILA 125",086,63,71,29,40,4,3,38,16,74,117,43,5,42,38,30,15,-,628
,"AQUILA 250",087,10,21,9,21,-,4,5,17,15,15,7,-,38,11,6,17,-,196
,"AQUILA O,AQUILA 650",099,38,37,15,21,1,1,16,10,22,51,12,2,34,21,8,12,-,301
,COMET,093,52,72,7,18,1,3,19,12,50,68,15,3,35,23,13,14,-,405
,"CRUISE 1,2",080,63,106,14,31,5,9,75,25,113,119,70,13,26,32,36,19,-,756
,GT,089,35,31,15,25,-,3,15,15,25,61,10,3,40,24,9,20,1,332
,GV,095,30,36,12,20,-,5,16,11,34,73,6,7,19,17,12,4,-,302
,,096,22,15,7,13,-,-,8,6,11,12,4,2,23,11,3,4,-,141
,"KARION,RT",098,10,27,3,7,-,2,10,-,9,19,12,2,11,3,4,2,-,121
,MS1,088,10,16,3,7,1,7,10,3,8,20,5,1,10,4,4,3,-,112
,RX-125,091,3,18,3,13,-,1,7,10,12,14,5,-,10,18,5,7,-,126
,XRX,097,12,27,7,21,-,1,5,8,18,11,7,1,18,20,8,15,-,179
,"SONSTIGE/NICHT GETYPT",,843,1358,254,456,28,81,512,268,825,1373,487,119,612,421,262,306,1,8206
"HYOSUNG (ROK) ZUSAMMEN",,,1191,1835,378,693,40,120,736,401,1216,1953,683,158,918,643,400,438,2,11805
"INDIAN MOTORCYCLE (USA)","Chief Dark Horse,Chief Vi",AAA,80,97,21,19,1,6,36,14,46,95,20,5,9,8,20,10,-,487
,"Chief,Chief Vintage,Chief",AAM,21,30,2,9,-,2,13,2,17,25,4,4,7,3,8,2,1,150
,"Chieftain,Chieftain Class",AAN,53,85,14,9,2,2,36,4,52,62,17,10,21,11,24,11,-,413
,"FTR 1200 Rally,FTR 1200 S",AAO,102,101,16,15,4,11,29,10,64,88,25,7,35,13,24,10,-,554
,"FTR R Carbon,FTR Sport,FT",AAT,65,51,5,12,-,2,15,3,38,46,18,5,25,8,10,9,-,312
,"Indian Pursuit Elite,Indi",AAR,37,32,4,6,-,2,16,2,22,27,6,2,12,7,6,4,-,185
,"Roadmaster Classic,Chieft",AAE,32,42,3,6,1,-,15,5,24,33,10,3,11,3,13,3,-,204
,"Roadmaster,Roadmaster Lim",AAQ,81,101,13,16,2,7,39,13,43,79,22,4,36,14,23,13,-,506
,Scout,AAC,112,140,19,34,1,8,41,6,65,124,29,5,18,19,29,11,-,661
,"Scout Bobber Sixty,Scout",AAH,50,53,15,18,3,6,25,4,51,77,12,7,25,8,18,8,2,382
,"Scout Bobber Twenty,Scout",AAG,769,711,159,201,22,80,323,90,569,780,272,95,267,152,228,121,6,4845
,"Scout Sixty",AAD,27,39,13,10,2,1,11,5,13,32,6,1,5,4,5,5,-,179
,"Sport Chief ,Super Chief",AAS,192,156,30,53,8,12,79,25,121,192,41,30,65,29,53,25,1,1112
,"Springfield,Roadmaster,Ch",AAB,39,80,10,13,3,4,17,5,34,56,7,5,16,8,14,5,-,316
,"SONSTIGE/NICHT GETYPT",,91,103,19,26,3,2,21,12,51,51,29,12,25,9,13,9,-,476
"INDIAN MOTORCYCLE (USA) ZUSAMMEN",,,1751,1821,343,447,52,145,716,200,1210,1767,518,195,577,296,488,246,10,10782
"JAWA (CZ)","SONSTIGE/NICHT GETYPT",,295,495,125,1409,8,25,155,860,209,371,80,17,2809,1122,67,1321,2,9370
"JAWA (CZ) ZUSAMMEN",,,295,495,125,1409,8,25,155,860,209,371,80,17,2809,1122,67,1321,2,9370
"JINAN DALONG (RC)","Mash 125 S.F.,C.R.,B.S.",AAK,73,101,27,34,1,6,63,11,65,135,43,10,38,22,24,10,-,663
,"Mash 250 T.F., B.S.,Mash",AAJ,20,39,6,8,-,3,15,3,10,28,12,1,14,5,6,3,-,173
,Motard,AAD,20,37,-,6,-,-,5,2,5,30,4,1,3,2,-,9,-,124
,Motard/Terra,AAM,19,39,-,14,-,-,11,1,14,35,14,4,4,8,3,7,1,174
,"SUM 125",AAC,49,128,5,9,-,1,18,2,34,47,23,-,10,8,3,4,-,341
,"SONSTIGE/NICHT GETYPT",,477,782,84,147,11,33,245,103,362,606,247,65,164,190,104,127,-,3747
"JINAN DALONG (RC) ZUSAMMEN",,,658,1126,122,218,12,43,357,122,490,881,343,81,233,235,140,160,1,5222
"JINAN QINGQI KR (RC)","Bestia SM125",AAE,50,68,7,17,-,2,18,14,34,44,16,5,23,34,14,20,-,366
,"GV125,QH125",AAB,302,372,124,199,18,79,236,114,406,714,148,24,142,106,108,77,-,3169
,"GV300,QH300,GV300,QH300,Q",AAA,17,56,7,23,-,6,18,23,33,58,18,1,28,19,5,18,-,330
,"Mash 125 Black Seven",AAG,23,36,8,12,1,2,11,3,14,27,4,2,6,3,4,1,-,157
,"Mash 125 Seventy",AAD,43,72,14,21,1,10,39,4,33,50,23,3,18,14,3,15,-,363
,"Mash 250 Two Fifty",AAC,15,23,6,3,-,1,7,1,8,29,8,-,4,3,7,4,1,120
,"SONSTIGE/NICHT GETYPT",,52,78,19,18,1,4,21,7,66,97,20,6,16,18,27,20,1,471
"JINAN QINGQI KR (RC) ZUSAMMEN",,,502,705,185,293,21,104,350,166,594,1019,237,41,237,197,168,155,2,4976
"KAWASAKI (J)","1000 GTR",169,17,20,-,1,-,-,10,2,23,37,7,2,1,4,6,5,-,135
,"1400 GTR",ABC,96,120,23,27,3,7,67,22,157,182,58,7,37,31,46,22,4,909
,"1400 GTR ABS",ACC,35,47,12,17,3,4,22,2,71,78,14,4,9,14,28,16,-,376
,"D-Tracker 125,KLX125",ACF,113,157,3,25,2,6,49,21,36,62,31,17,41,25,13,36,1,638
,"EL 250,E",161,102,134,7,15,2,5,95,11,76,177,63,12,32,20,18,28,-,797
,"EL 252",206,103,152,4,13,5,5,78,4,46,151,46,22,16,10,19,15,-,689
,EL252,347,25,37,2,2,-,1,19,4,9,37,12,6,5,1,-,3,-,163
,ELIMINATOR,099,50,59,11,23,-,5,35,18,40,61,35,5,23,24,10,31,-,430
,,213,223,369,22,66,12,21,190,46,229,376,147,45,92,63,72,99,1,2073
,"ELIMINATOR 600",195,49,39,11,15,1,3,37,7,40,85,30,7,13,9,17,22,-,385
,"EN 500",168,83,105,6,31,1,2,50,17,53,87,58,14,26,38,18,53,-,642
,,185,52,79,6,35,1,1,52,36,55,108,35,6,36,39,12,49,-,602
,,204,77,90,21,78,2,9,78,61,116,188,70,23,53,67,46,76,1,1056
,ER-5,210,46,70,13,22,4,7,60,15,60,135,48,11,32,23,27,16,1,590
,,211,119,141,21,22,2,14,119,26,137,274,93,20,41,24,49,41,-,1143
,,236,167,164,54,48,-,11,119,27,121,265,85,27,67,35,36,41,1,1268
,,237,342,291,62,62,5,30,172,35,258,478,112,30,96,36,89,77,1,2176
,,244,215,226,52,75,4,21,132,19,162,282,66,18,76,25,35,43,-,1451
,"ER-6f ABS,ER-6f",ACZ,480,549,120,116,15,51,205,26,413,614,152,43,138,57,116,36,3,3134
,"ER-6f;ER-6f ABS",AAC,354,398,77,96,11,31,200,28,338,477,119,33,88,52,100,50,5,2457
,,ABX,329,373,65,67,10,27,120,20,277,337,101,19,79,40,89,36,5,1994
,"ER-6n ABS,ER-6n",ACW,1268,1353,203,259,20,85,489,81,797,1382,339,104,299,154,249,179,10,7271
,"ER-6n;ER-6n ABS",AAA,1156,1009,116,174,19,65,370,72,569,988,306,71,274,120,185,141,7,5642
,,ABQ,811,695,114,116,7,62,222,39,465,709,200,60,166,65,124,101,6,3962
,ESTRELLA,190,74,129,27,20,5,12,57,10,59,188,37,17,18,8,42,17,-,720
,"GP Z 1000 RX;GPZ 1000 RX",148,28,30,2,3,1,1,26,-,31,33,17,6,2,-,13,3,1,197
,"GP Z 600 R",147,50,52,4,3,2,-,32,-,29,70,29,4,2,2,10,1,1,291
,"GPX 600 R",157,18,15,1,1,-,-,13,-,8,21,13,4,-,-,3,3,-,100
,,183,26,31,-,-,-,-,23,2,19,56,18,-,3,3,10,4,-,195
,,205,25,38,4,5,-,3,28,6,54,80,24,8,5,5,18,3,-,306
,"GPX 750 R",155,22,27,1,1,1,1,27,-,26,40,14,3,2,2,1,2,-,170
,"GPZ 1100",132,30,35,2,2,5,3,27,1,24,54,13,4,1,-,7,1,-,209
,,191,38,30,5,5,3,4,40,3,58,70,26,1,10,10,13,11,-,327
,"GPZ 305,BELT DRIVE",138,33,34,2,1,3,3,31,1,15,45,15,2,3,4,5,6,-,203
,"GPZ 500 S",156,143,156,7,14,7,5,104,3,105,191,99,19,25,16,17,13,1,925
,,188,102,138,23,64,4,14,133,33,195,286,99,12,46,41,61,52,2,1305
,"GPZ 550",134,25,16,-,-,1,-,21,-,8,22,10,1,1,-,4,3,-,112
,,141,28,32,1,2,-,-,19,2,20,25,11,4,3,-,4,2,-,153
,"GPZ 750",137,14,36,2,2,2,1,20,1,22,38,9,2,3,-,7,1,-,160
,"GPZ 750,L",136,23,21,3,1,-,1,18,2,10,17,9,6,2,1,3,-,-,117
,"GPZ 900 R",143,147,139,11,8,6,12,101,5,130,204,58,20,3,1,38,5,2,890
,GPZ500S,358,35,33,7,12,2,7,24,3,42,63,19,6,17,10,16,11,-,307
,"KE 125 A",104,40,59,2,-,1,1,41,-,6,22,26,1,1,1,4,1,-,206
,"KE 175",123,35,45,1,-,-,1,28,-,11,23,19,4,-,-,2,1,-,170
,"KL 250 A",115,47,80,2,-,1,4,48,-,15,33,40,6,-,-,2,1,-,279
,"KLE 500",174,68,114,4,14,2,6,72,11,56,96,57,12,15,16,26,14,1,584
,,187,54,80,6,12,2,7,57,16,60,86,50,8,12,15,16,43,2,526
,KLE500,346,21,36,5,14,1,6,26,10,19,43,15,3,9,7,10,14,-,239
,,392,27,44,10,13,1,2,33,11,35,64,22,4,19,13,10,12,-,320
,"KLR 250",144,56,119,2,9,-,3,67,3,42,80,68,6,5,7,10,11,-,488
,"KLR 600",142,85,97,3,6,2,11,69,5,45,89,68,9,2,-,14,4,-,509
,"KLR 650",192,65,105,4,23,2,5,66,14,46,87,52,8,21,17,16,38,-,569
,"KLR 650,TENGAI",153,86,127,5,8,-,6,56,4,54,70,50,8,9,3,30,7,1,524
,KLR650,217,59,77,6,15,2,5,56,10,48,82,29,6,11,15,16,15,-,452
,"KLX 250",181,11,38,1,6,1,-,21,5,21,35,14,4,3,4,5,5,-,174
,"KLX 650",178,84,125,6,9,-,5,54,2,55,104,44,11,16,10,12,17,-,554
,"KLX250,Ninja ZX-10R",ABN,139,216,17,23,3,6,97,23,86,168,86,13,42,26,38,35,-,1018
,"KMX 125",209,64,149,2,34,-,7,128,36,79,100,86,23,29,25,25,46,-,833
,"KMX 200",158,21,27,-,2,-,2,24,-,17,31,14,10,1,2,4,4,2,161
,"LTD,BELT DRIVE",135,34,37,1,6,1,2,34,1,23,38,22,12,1,1,9,3,-,225
,"LTD450 LIQUID COOLED",146,96,124,2,15,2,3,66,6,43,89,62,9,5,8,20,17,1,568
,"Marauder 1600(VZ 1600);VN",AAN,12,22,1,10,-,-,11,5,16,26,6,3,6,4,4,9,-,135
,"Ninja 1000SX",AAR,101,148,24,34,1,12,68,5,106,209,51,9,22,12,38,20,-,860
,,AGL,197,254,44,57,2,7,107,17,162,256,64,8,46,18,54,19,4,1316
,"Ninja 125",AAG,87,119,16,17,2,8,58,10,74,145,58,7,11,12,17,13,-,654
,,AFU,253,231,35,43,6,14,112,11,152,246,120,10,28,20,44,22,-,1347
,,AGS,87,119,13,18,3,2,53,10,71,105,35,5,16,16,22,13,-,588
,"Ninja 250R",ABL,267,325,50,43,9,21,156,15,165,371,115,23,59,37,55,31,2,1744
,"Ninja 300 ABS,Ninja 300",ADK,301,323,45,42,6,14,129,11,157,286,79,11,40,21,40,27,2,1534
,"Ninja 400",AAY,92,127,15,15,5,5,50,6,42,119,33,4,13,5,19,17,-,567
,,AFQ,223,325,27,37,2,18,128,9,145,250,76,16,36,26,41,15,-,1374
,"Ninja 650",AAP,49,79,18,9,1,11,45,4,47,107,23,2,5,5,16,3,-,424
,,ABG,91,110,18,15,3,5,51,7,58,120,37,6,16,3,25,14,-,579
,,ABK,25,34,11,2,-,1,6,-,14,31,10,-,9,1,6,4,-,154
,,AGJ,139,229,51,33,7,31,104,5,158,277,80,18,32,13,47,19,1,1244
,,AGK,58,68,6,12,2,3,15,-,49,67,8,3,12,4,9,2,-,318
,"Ninja 650,Ninja 650 ABS",AFE,249,265,63,46,14,25,147,18,179,324,116,12,49,34,65,18,3,1627
,,AFF,64,62,8,7,2,4,22,-,38,60,12,3,11,4,9,9,-,315
,"Ninja H2 SX",AAW,15,29,3,6,1,1,35,3,23,39,14,-,5,5,10,7,-,196
,,AFP,69,88,19,12,3,5,45,7,68,91,25,7,19,11,25,6,-,500
,"Ninja ZX-10R",AAU,22,48,7,6,2,5,33,3,19,35,16,3,10,4,4,2,-,219
,,ABI,210,282,39,54,7,9,89,11,204,315,67,14,102,48,53,48,2,1554
,,ABZ,22,37,4,5,2,1,13,1,24,32,17,2,19,6,5,7,-,197
,,AFW,8,30,3,5,1,1,9,2,19,28,11,1,7,7,4,9,-,145
,"NINJA ZX-10R",383,406,501,57,81,18,24,151,43,315,462,135,24,133,94,87,85,5,2621
,,AAE,210,314,42,72,5,18,113,16,198,342,91,28,88,48,56,34,-,1675
,"Ninja ZX-10R ABS,Ninja ZX",ACL,142,162,19,34,4,11,61,5,82,152,26,10,45,25,34,26,-,838
,"Ninja ZX-10RR,Ninja ZX-10",AEQ,69,122,7,30,4,12,30,11,51,102,25,9,22,20,19,16,-,549
,"NINJA ZX-12R",341,266,378,67,69,18,32,202,45,435,538,154,46,62,47,123,41,8,2531
,"Ninja ZX-14R ABS,ZZR1400,",ADF,71,91,19,25,6,13,52,3,75,132,25,13,25,10,27,6,-,593
,"Ninja ZX-6R",AFS,70,108,22,8,4,11,57,5,44,117,26,8,22,5,15,12,-,534
,"NINJA ZX-6R",193,31,37,3,19,3,4,34,4,30,33,19,2,10,9,8,11,-,257
,,199,60,60,5,22,2,2,53,10,59,92,44,10,36,28,25,30,-,538
,,215,42,84,10,28,1,5,41,8,62,95,26,4,47,26,19,30,1,529
,,226,15,35,9,18,1,4,24,11,30,52,12,1,26,16,8,12,-,274
,,245,80,103,10,29,4,9,52,9,81,153,36,6,46,20,16,33,1,688
,,360,108,191,17,29,7,7,78,18,134,229,45,10,50,20,33,31,2,1009
,,371,288,320,36,66,7,24,133,32,193,351,101,21,138,44,53,54,3,1864
,,388,230,282,47,61,9,17,125,16,180,313,81,14,82,45,60,46,1,1609
,,AAS,274,337,46,47,9,27,142,25,174,390,91,9,89,47,49,50,1,1807
,,ABT,121,151,18,20,6,11,71,7,82,172,36,4,50,22,29,22,3,825
,"Ninja ZX-6R ABS,Ninja ZX-",ADL,75,86,12,20,1,6,32,1,39,95,21,4,25,12,15,4,-,448
,"NINJA ZX-7R",225,7,16,2,9,-,-,13,5,13,18,2,1,6,13,6,3,1,115
,"NINJA ZX-7R;NINJA ZX-7RR",202,30,63,9,25,1,5,44,8,68,90,27,2,40,22,27,34,-,495
,"NINJA ZX-9R",189,39,56,2,12,5,3,32,4,46,53,18,4,11,9,13,6,-,313
,,207,45,48,3,16,2,1,30,14,53,73,33,2,12,10,21,11,-,374
,,214,57,64,4,22,7,3,45,12,80,102,27,11,18,20,23,19,1,515
,,221,26,53,10,7,2,2,16,4,26,60,16,4,13,12,10,3,-,264
,,222,70,74,5,19,1,3,35,7,63,83,18,9,15,13,13,15,1,444
,,238,51,72,7,4,2,4,19,2,44,65,15,8,21,6,23,9,-,352
,,239,492,582,87,140,28,35,239,64,578,767,180,40,192,115,167,109,5,3820
,"R,LTD,BELT DRIVE",124,55,79,2,2,2,4,44,-,27,59,22,7,6,4,9,2,-,324
,VERSYS,AAO,381,439,76,74,11,25,183,37,282,560,138,25,90,41,89,65,3,2519
,"VERSYS 1000",AAX,92,109,15,22,5,4,53,1,82,154,35,10,24,14,30,18,-,668
,,ADC,138,173,23,26,1,5,82,11,146,210,54,16,26,21,45,29,1,1007
,,AEH,144,181,16,24,3,2,66,15,103,173,59,13,43,29,42,24,-,937
,,AFI,134,164,15,28,1,8,59,11,105,163,37,9,45,18,33,21,3,854
,,AFZ,198,247,42,62,5,14,114,18,201,305,77,17,64,50,51,35,1,1501
,"VERSYS 650",AAA,46,57,15,9,4,4,31,8,27,62,19,4,10,3,8,13,-,320
,,ABC,18,23,6,6,1,2,11,1,19,34,14,7,9,1,2,3,-,157
,,AGP,36,60,10,13,1,5,40,4,53,70,22,4,16,13,19,11,-,377
,"VERSYS 650 ABS,VERSYS 650",AEF,124,163,22,37,2,8,71,7,104,159,40,16,40,35,37,29,2,896
,"VERSYS 650,VERSYS 650 ABS",AFA,153,182,40,52,6,16,102,14,135,209,81,17,55,39,32,30,1,1164
,"VERSYS ABS,VERSYS",ACJ,215,251,39,53,4,21,92,19,159,298,83,20,44,32,46,41,3,1420
,"VERSYS-X 300,Versys-X 300",AFL,53,79,9,17,1,4,29,6,47,83,25,6,29,11,9,18,-,426
,"VN 1500 CLASSIC",208,125,167,12,65,5,22,94,47,160,286,101,19,38,53,60,45,-,1299
,"VN 1500 CLASSIC FI",351,19,38,8,9,-,1,13,17,39,48,19,3,7,15,12,16,1,265
,"VN 1500 CLASSIC TOURER",216,29,39,5,25,1,3,24,17,40,85,19,6,15,21,17,19,1,366
,"VN 1500 DRIFTER",227,41,61,12,19,1,4,34,9,51,84,21,2,21,10,14,7,-,391
,"VN 1500 MEAN STREAK",355,108,100,23,57,3,5,58,31,104,175,40,13,43,49,33,30,2,874
,"VN 1600 CLASSIC;TOU-RER",377,73,73,15,46,4,14,55,29,102,132,34,5,31,35,28,33,-,709
,"VN 1600 CLASSIC;VN 1600 C",AAM,44,44,14,19,-,5,22,18,42,58,16,5,18,15,14,11,-,345
,"VN 750 TWIN",149,43,45,2,6,2,-,27,3,36,42,31,8,4,3,12,4,-,268
,,182,43,66,2,28,1,4,41,21,33,68,27,6,25,24,9,34,1,433
,"VN 800;VN 800 CLASSIC;VN8",194,1008,1268,196,531,35,113,638,374,1135,1773,518,113,497,462,337,490,11,9499
,VN-15,184,42,63,-,18,2,6,33,16,56,76,35,7,8,21,14,13,-,410
,"VN-15 SE",170,21,34,5,8,-,2,23,8,30,50,18,6,5,6,13,9,-,238
,"VN-15,SE",159,26,42,4,3,1,2,21,4,22,52,25,8,3,3,13,5,-,234
,"VN1500 CLASSIC TOURER FI",242,15,19,4,9,-,2,7,5,22,39,9,4,11,13,7,3,-,169
,"VN1600 MEAN STREAK/VZ1600",247,96,95,16,41,5,5,40,20,86,143,38,8,41,37,34,28,-,733
,"VN1700 Classic ABS,VN1700",ABS,67,69,21,45,5,6,35,15,65,70,43,2,25,34,26,15,-,543
,VN2000,249,38,46,11,16,1,1,25,8,43,45,21,6,18,17,9,17,-,322
,"VN2000 CLASSIC",ABM,29,29,3,15,1,4,15,4,33,39,10,3,11,9,5,9,-,219
,"VN800 DRIFTER",219,81,109,29,44,5,11,46,18,108,212,53,12,31,22,30,25,1,837
,"VN900 CLASSIC",AAK,522,465,122,296,17,48,245,164,448,648,211,35,255,196,154,146,2,3974
,"VN900 Custom",AAQ,183,152,46,112,8,20,85,62,161,225,59,13,104,125,72,87,3,1517
,"VULCAN 1700 NOMAD ABS,VN1",ABP,60,54,20,33,5,6,30,29,64,84,30,7,38,49,28,24,1,562
,"VULCAN 1700 VOYAGER ABS,V",ABO,11,17,7,10,1,6,6,18,18,25,8,2,17,15,10,10,-,181
,"VULCAN 900 CLASSIC,VN900",ADJ,97,130,34,64,5,8,54,33,125,153,26,11,45,59,50,35,1,930
,"VULCAN 900 Custom,VN900 C",ADI,59,45,22,39,4,3,36,23,43,92,24,11,22,43,17,24,-,507
,"VULCAN S",AAJ,171,200,42,46,3,19,93,19,125,259,85,11,64,24,34,29,-,1224
,,AGQ,162,228,51,74,6,21,92,16,171,285,61,27,53,43,53,41,2,1386
,"VULCAN S ABS,VULCAN S",AEL,254,241,69,78,7,23,115,42,180,311,100,28,63,47,67,57,2,1684
,"VULCAN S,VULCAN S ABS",AEV,16,11,2,9,1,4,11,2,13,36,6,3,3,5,2,2,-,126
,,AEW,417,460,138,167,12,36,226,62,320,668,153,47,180,97,87,104,3,3177
,"W 650",229,241,293,53,40,16,44,159,22,199,397,98,24,40,26,80,44,1,1777
,W650,387,42,47,21,14,6,9,28,3,33,57,12,4,16,9,13,6,1,321
,W800,AAH,12,31,3,3,-,1,10,2,13,29,9,1,5,2,7,-,-,128
,,ACV,356,361,73,83,9,34,146,31,195,352,108,34,94,47,81,69,3,2076
,,AGA,70,79,15,17,4,8,40,11,45,77,29,4,23,16,10,18,-,466
,,AGU,9,36,4,4,-,2,16,1,7,24,5,2,3,5,5,4,-,127
,"Z 1",897,28,21,5,2,2,3,18,-,9,26,7,1,-,-,8,-,-,130
,"Z 1000",895,83,66,14,2,3,4,61,-,29,101,38,4,-,2,21,1,-,429
,"Z 1000 J,R",129,37,30,3,2,3,3,10,-,23,61,18,4,-,2,7,-,-,203
,"Z 1100 ST",131,27,15,1,1,2,2,16,-,14,26,10,3,-,-,3,2,-,122
,"Z 1300",114,33,19,4,6,-,1,24,-,21,47,26,2,-,1,5,1,-,190
,"Z 200",107,28,48,-,2,-,-,28,-,13,29,10,1,2,1,5,-,-,167
,"Z 400 J,F,GPZ 400",126,20,25,4,1,-,1,18,-,14,34,9,3,1,-,11,1,-,142
,"Z 440,LTD,D,H",120,194,239,17,28,10,20,183,15,111,195,145,26,16,10,67,20,1,1297
,"Z 550;Z 550 F;Z 550 GT;Z",121,123,134,17,12,3,11,113,9,78,115,64,16,10,10,37,8,-,760
,"Z 650 SR",111,35,26,1,5,-,2,22,-,8,22,15,2,-,1,7,-,-,146
,"Z 650;Z 650 C;Z 650 F",105,104,81,9,2,2,13,63,-,39,117,40,22,1,3,30,3,1,530
,"Z 750 GT",122,102,98,7,4,2,8,68,2,48,92,40,15,9,9,26,5,-,535
,"Z 900 A",896,40,26,11,2,-,4,24,-,20,46,24,1,1,-,11,-,-,210
,"Z H2",AGN,107,175,9,19,2,6,65,9,83,135,50,8,21,14,30,12,1,746
,Z1000,368,1306,1311,90,223,27,46,464,115,735,1224,424,142,359,172,224,247,5,7114
,,AFC,189,302,44,78,5,14,94,34,109,231,72,11,51,38,30,41,2,1345
,"Z1000 ABS,Z1000",ACG,576,600,90,153,17,22,201,60,367,605,179,58,134,94,96,95,11,3358
,,ADY,419,464,77,99,8,26,139,32,227,397,138,32,112,61,64,72,2,2369
,"Z1000;Z1000 ABS",AAW,766,709,68,123,16,29,231,50,397,675,190,80,175,102,105,117,3,3836
,Z1000SX,AEX,258,323,50,71,11,21,134,14,225,384,86,15,83,42,76,35,1,1829
,"Z1000SX ABS,Z1000SX",ACO,373,362,33,82,7,17,136,21,298,398,104,19,86,39,81,44,4,2104
,,ADV,219,289,40,58,6,14,124,18,215,356,74,24,59,32,69,32,-,1629
,Z125,AAK,230,249,36,60,6,9,91,32,129,244,113,27,46,26,55,42,-,1395
,,AFV,370,391,37,68,4,15,152,33,217,427,181,37,55,39,82,65,-,2173
,,AGT,238,270,16,51,4,10,119,20,180,296,132,26,39,31,54,62,-,1548
,"Z300 ABS,Z300",AEN,121,148,14,22,3,12,42,8,66,136,47,10,36,11,17,16,-,709
,Z400,AAZ,72,90,14,13,2,10,36,5,35,78,29,11,24,10,11,10,-,450
,,AGB,170,200,19,26,3,11,58,12,74,141,58,15,41,21,16,34,1,900
,Z650,AAL,186,253,35,35,4,10,100,11,125,244,90,14,37,30,43,29,-,1246
,,AAM,35,57,5,8,-,2,6,1,24,46,8,-,9,3,11,8,-,223
,,ABF,187,265,41,39,4,22,117,11,155,289,74,17,32,18,49,40,1,1361
,,ABJ,58,58,9,14,-,3,16,1,33,70,14,2,8,5,11,6,-,308
,,AGH,547,637,93,136,11,57,299,26,403,759,213,53,116,62,132,86,5,3635
,,AGI,134,135,18,24,-,9,32,4,91,147,24,2,23,11,27,19,-,700
,"Z650,Z650 ABS",AEY,831,896,115,159,11,69,346,45,496,921,296,63,187,97,154,81,5,4772
,,AEZ,211,168,28,40,2,10,49,5,92,152,44,5,31,14,28,29,-,908
,Z650RS,AAE,156,209,34,36,8,15,104,8,88,191,69,18,35,11,39,21,1,1043
,,AGY,18,24,5,4,-,3,12,3,15,36,8,1,9,2,4,6,-,150
,"Z750,Z750 ABS",AAZ,1576,1383,187,302,29,90,531,101,790,1390,467,162,463,204,206,256,17,8154
,"Z750,Z750S",379,1222,1109,144,213,33,57,459,93,794,1329,430,123,393,188,217,244,5,7053
,"Z750R ABS,Z750R",ACR,337,283,48,71,4,18,101,13,161,301,86,15,78,37,47,48,-,1648
,"Z800 ABS,Z800",ADO,363,331,69,107,3,18,126,22,162,248,104,29,79,35,62,31,3,1792
,,ADQ,823,795,119,159,11,44,287,58,383,803,202,87,221,110,112,113,10,4337
,Z900,AAC,28,47,7,7,2,2,24,1,22,43,25,5,8,2,9,7,-,239
,,AAD,33,34,3,7,-,3,13,-,17,47,6,1,7,1,9,1,-,182
,,AAQ,746,944,151,150,17,54,370,47,476,1060,297,71,163,89,176,97,4,4912
,,ABA,23,37,5,12,-,-,9,-,13,48,11,1,9,6,5,5,1,185
,,ABB,26,38,5,9,-,-,13,1,20,27,13,2,3,2,6,1,-,166
,,AFN,88,84,15,38,2,6,36,10,43,114,38,12,24,10,23,16,-,559
,,AFO,56,55,8,14,-,-,16,2,16,34,11,3,8,6,15,15,-,259
,,AGE,76,111,15,16,3,15,46,6,59,78,45,3,16,12,16,7,-,524
,,AGF,76,60,8,12,1,1,17,2,27,57,16,5,23,6,9,10,-,330
,,AGG,887,1092,142,229,23,70,404,54,561,1200,354,92,222,111,208,143,11,5803
,"Z900,Z900 ABS",AFG,1202,1214,133,214,15,73,442,68,677,1311,370,97,253,137,175,159,11,6551
,Z900RS,AAN,240,305,51,40,14,24,137,15,128,312,93,22,42,14,44,24,1,1506
,,AFM,676,700,94,95,15,44,317,37,330,801,228,72,87,42,145,39,4,3726
,,AGO,186,230,38,21,4,12,93,5,116,265,71,18,25,18,37,15,-,1154
,ZEPHYR,171,69,70,8,7,5,7,60,2,61,131,35,15,17,9,15,8,-,519
,,186,85,77,18,23,5,13,81,13,83,201,43,8,20,19,21,22,1,733
,"ZEPHYR 1100",176,281,214,31,20,8,33,154,14,170,416,110,28,21,12,59,12,1,1584
,"ZEPHYR 750",172,331,247,22,23,6,33,178,14,163,513,121,44,36,22,82,22,1,1858
,,196,153,166,31,32,10,33,98,18,122,368,74,29,37,17,68,29,2,1287
,"ZL 600",151,11,21,1,3,1,-,17,-,14,22,12,3,2,-,6,1,-,114
,"ZR-7S,ZR-7",234,959,907,152,194,32,69,547,99,833,1696,437,139,326,166,279,240,7,7082
,"ZRX 1100",212,120,113,10,19,7,13,71,8,108,258,76,27,10,6,41,16,1,904
,,224,75,61,6,8,7,6,48,7,57,137,27,13,10,3,22,10,-,497
,,231,77,68,5,10,2,3,51,5,62,129,25,15,5,3,14,8,1,483
,"ZRX 1200,R,S",352,515,453,66,72,35,40,292,25,541,916,240,91,77,31,144,58,2,3598
,"ZX 10;ZX-10",160,45,54,5,11,7,7,54,1,45,100,38,3,3,1,14,3,1,392
,"ZXR 400",173,51,66,5,12,2,5,48,3,41,121,25,4,22,9,14,12,-,440
,"ZXR 750",163,43,46,2,4,-,-,34,-,27,53,18,10,6,1,4,1,-,249
,"ZXR 750,R",175,51,72,-,7,2,2,30,3,29,65,31,6,6,8,6,6,-,324
,,177,21,51,4,7,4,1,23,3,24,55,18,3,9,1,12,4,-,240
,ZZ-R1200;ZZR1200,364,122,206,33,39,13,19,140,12,281,366,106,19,30,24,66,23,2,1501
,"ZZR 1100",167,55,76,4,5,3,5,67,4,58,99,38,13,6,4,21,3,1,462
,,180,56,85,3,14,2,7,55,10,94,133,44,14,10,6,14,8,-,555
,,197,19,41,11,12,1,3,32,8,59,81,32,2,9,5,22,4,-,341
,,223,24,34,6,8,2,4,42,3,43,64,11,3,5,4,19,4,-,276
,"ZZR 600",179,51,85,9,23,2,3,70,6,92,164,37,10,20,20,21,30,1,644
,,198,110,136,30,69,14,17,105,24,174,356,77,15,63,43,69,42,1,1345
,"ZZR1400 ABS",AEP,39,33,18,13,2,2,19,2,23,63,13,3,5,5,8,6,-,254
,"ZZR1400 ABS,ZZR1400",ABF,62,99,24,17,3,3,52,13,90,130,42,10,15,19,27,8,-,614
,"ZZR1400;ZZR1400 ABS",AAH,110,157,26,36,6,14,100,10,128,202,58,20,31,29,38,11,-,976
,ZZR600,166,62,91,5,7,1,4,41,4,56,120,41,10,9,5,10,14,-,480
,,356,28,41,13,23,3,-,38,4,67,93,22,4,14,14,20,5,-,389
,"SONSTIGE/NICHT GETYPT",,16550,19237,1919,2146,426,1048,7531,1229,11645,21508,5694,1787,3492,1934,4286,2002,47,102481
"KAWASAKI (J) ZUSAMMEN",,,58168,65848,8557,12026,1628,4201,29141,5456,42537,76342,22357,5982,14650,8765,14134,9713,337,379842
KREIDLER,FLORETT,053,74,52,2,1,-,4,76,-,43,110,89,11,-,-,8,-,-,470
,"FLORETT 80",082,31,11,-,-,-,1,14,-,17,20,10,-,-,-,4,-,-,108
,"FLORETT RS",046,42,24,-,-,1,5,37,-,19,70,25,5,1,-,11,-,-,240
,"FLORETT RSH",051,24,10,2,-,1,5,33,-,10,50,17,2,-,-,6,-,-,160
,"HIKER,GALACTICA,RMC-E 125",AAJ,14,34,4,2,-,4,16,1,11,21,7,1,2,-,2,-,-,119
,"K 54/53",045,9,20,-,-,1,-,14,-,9,29,13,1,1,-,4,-,-,101
,"SUPERMOTO,ENDURO",AAA,147,162,10,46,4,7,70,51,152,137,45,10,63,48,27,40,-,1019
,,AAB,36,71,-,6,1,1,18,6,16,42,11,2,11,10,7,4,-,242
,"SONSTIGE/NICHT GETYPT",,1780,1386,75,42,22,39,602,49,664,1364,545,92,38,49,185,23,5,6960
"KREIDLER ZUSAMMEN",,,2157,1770,93,97,30,66,880,107,941,1843,762,124,116,107,254,67,5,9419
"KSR (A)","Cromwell 1200X,Cromwell 1",ABD,28,38,5,17,-,6,18,6,39,46,20,1,8,3,13,6,-,254
,"Crossfire 125",ABH,22,49,10,11,1,11,17,8,15,52,8,1,15,7,10,15,-,252
,"Crossfire 500",AAP,16,9,4,11,2,3,10,5,13,19,6,-,15,5,9,6,-,133
,"Crossfire 500 XC,Crossfir",AAS,51,71,19,30,2,16,35,16,51,49,19,2,40,7,17,20,1,446
,Crossfire125XS,AAO,206,282,17,22,8,34,141,13,154,237,86,14,66,21,95,40,-,1436
,"Drakon 125",ABG,15,28,1,3,-,1,2,-,13,28,4,-,7,4,1,5,-,112
,"Dune 125,Dune X 125",AAZ,30,55,6,10,2,3,20,6,41,118,21,1,33,18,18,23,-,405
,"Dune X 125,Dune 125",AAI,28,81,18,24,-,6,35,7,61,111,36,2,22,8,16,14,-,469
,"Felsberg 250 FT,Cromwell",AAM,89,96,18,19,2,23,31,30,51,116,29,2,43,16,28,41,1,635
,GRS,AAC,18,50,4,20,-,9,23,22,50,127,37,7,32,8,20,15,2,444
,"Madison 300",AAK,28,28,8,5,-,2,9,3,36,22,13,4,3,3,2,5,-,171
,"Monte Pro 125,Monte 125",AAL,38,45,6,12,1,1,28,3,36,59,10,3,18,15,9,7,1,292
,Nomad,ABC,9,11,3,12,-,4,2,14,19,42,21,5,16,5,8,9,-,180
,"Rayburn 125 ABS,Rayburn 1",AAG,1129,1145,410,418,53,335,536,301,809,1651,401,77,405,231,404,310,10,8625
,Revolver,ABB,27,37,45,29,5,7,16,16,49,79,11,12,36,15,7,28,-,419
,"RST 125",AAH,21,47,3,14,-,4,19,1,39,52,19,-,5,6,9,2,-,241
,"SIRION 125",AAD,25,25,8,9,-,2,11,8,41,30,6,2,15,8,6,9,-,205
,"TR 125 X,TR 125 SM",AAF,11,26,1,9,1,2,6,13,33,32,9,5,18,4,11,5,-,186
,"TW 125 X,TW 125",AAA,26,64,3,13,-,1,12,28,12,30,8,-,21,20,10,10,-,258
,"X-Nord 125",AAW,25,43,24,19,2,4,11,16,39,102,24,3,32,16,13,23,-,396
,"XTM 125,XSM 125",AAJ,212,344,11,60,1,6,122,25,175,288,116,5,74,47,45,45,2,1578
,"SONSTIGE/NICHT GETYPT",,535,897,108,278,8,47,314,201,341,743,258,56,434,226,163,279,3,4891
"KSR (A) ZUSAMMEN",,,2589,3471,732,1045,88,527,1418,742,2117,4033,1162,202,1358,693,914,917,20,22028
"KTM (A)","1050 Adventure (70 kW)",AEA,161,239,9,22,4,12,70,13,93,176,61,9,35,22,33,33,-,992
,"1090 Adventure R,1090 Adv",AFC,218,301,15,34,3,14,91,15,143,216,81,13,61,47,36,40,-,1328
,"1190 Adventure R (110 kW)",ADE,543,728,42,87,8,23,228,50,297,561,163,49,134,46,103,64,3,3129
,"125 EXC",084,25,51,1,6,-,-,3,6,11,10,3,1,13,9,2,5,-,146
,,087,28,44,1,11,-,1,7,4,14,14,10,4,17,4,1,17,-,177
,"1290 Sup.Adventure(118kW)",AEC,134,204,14,22,-,10,70,9,90,149,33,7,35,25,31,17,2,852
,"1290 Super Adventure R,12",AGY,323,512,40,76,4,38,158,29,167,407,135,20,99,49,60,58,1,2176
,"1290 Super Adventure T,12",AFD,719,1025,65,119,17,41,285,66,453,800,198,41,212,133,146,110,9,4439
,"200 EXC",115,13,44,-,1,-,-,8,2,13,18,6,-,8,4,2,7,-,126
,"250 EXC",116,26,64,-,7,-,1,12,1,19,18,16,3,21,5,3,14,-,210
,,139,13,33,1,3,1,-,4,3,6,12,5,-,10,4,3,2,-,100
,"300 EXC",140,18,45,1,4,-,-,14,3,11,23,11,3,6,5,2,6,-,152
,"400 EXC",118,67,112,7,12,2,1,26,12,36,57,18,2,24,14,17,18,-,425
,,134,71,107,2,14,1,-,21,3,32,46,13,5,12,8,16,6,-,357
,"450 EXC",125,140,311,7,42,2,5,66,28,117,145,64,8,43,36,46,57,-,1117
,"520 EXC",119,148,295,9,54,2,3,57,49,105,96,47,9,56,33,30,38,-,1031
,"525 EXC",126,142,309,7,53,3,4,57,30,95,137,47,6,62,36,28,31,-,1047
,"620 SUPER COMPETITION",122,46,49,6,4,-,1,14,10,20,37,10,5,11,5,22,6,-,246
,"701 Supermoto (30 kW),701",AEK,30,38,-,7,-,-,5,2,12,14,5,1,6,2,1,2,-,125
,"701 Supermoto (49 kW),701",AEL,152,230,15,27,1,6,29,7,66,88,28,9,30,8,17,17,-,730
,"950 ADVENTURE",133,204,331,17,42,1,12,105,22,100,189,42,12,104,33,35,32,2,1283
,"950 Superenduro 72kW",AAL,71,87,6,17,1,7,30,8,42,55,16,2,16,2,11,9,1,381
,"950 Supermoto",AAG,241,315,17,37,5,9,86,23,102,212,91,11,59,18,31,34,1,1292
,"950 SUPERMOTO 72KW",094,39,32,-,7,-,-,11,3,16,24,10,1,6,3,5,1,1,159
,"990 Adventure (78kW)",ABQ,68,72,7,10,2,2,21,4,29,47,13,2,32,5,11,8,-,333
,"990 Adventure (84,5kW)",ABR,77,76,4,14,1,6,29,5,38,66,16,2,34,10,15,18,-,411
,"990 Adventure EFI 72kW",AAJ,147,253,11,26,-,9,84,19,58,156,47,14,68,30,27,35,2,986
,"990 Supermoto T (85kW),99",ABB,705,860,42,73,11,29,240,34,257,560,218,47,138,51,89,68,8,3430
,"BRABUS 1300 R,KTM 1290 Su",AGG,662,840,54,118,9,51,242,43,326,699,234,38,160,111,137,91,7,3822
,"DUKE II",114,253,295,22,49,4,17,98,18,105,259,77,26,129,28,43,36,1,1460
,"EC 300,EC 250",AGR,88,110,3,26,-,-,30,11,39,55,29,3,64,30,3,44,1,536
,"EC 350F",AGT,38,48,-,23,-,-,11,5,25,47,9,1,21,9,14,18,-,269
,"GasGas SM 700,GasGas ES 7",AHE,132,163,20,37,1,2,53,7,53,125,40,4,47,21,26,25,-,756
,,AHF,35,29,-,6,-,-,6,2,7,27,12,-,9,1,3,3,-,140
,"HUSABERG 390 FE",ABS,22,52,2,4,-,1,14,-,15,17,7,1,5,4,3,4,-,151
,"Husaberg 450 FE",AAD,17,36,-,5,-,2,10,3,7,14,3,1,4,-,2,4,-,108
,"HUSABERG 450 FE",089,20,26,2,2,-,1,9,2,8,13,6,-,4,5,3,3,-,104
,,ABM,62,97,-,8,-,1,24,2,24,41,15,2,12,13,6,17,-,324
,"HUSABERG 501 FE;HUSABERG",090,17,29,1,2,-,-,14,3,10,7,5,-,3,6,2,2,-,101
,"HUSABERG 570 FE",ABN,63,97,2,3,1,3,18,2,26,39,15,2,15,17,5,7,-,315
,"Husaberg 650 FE",AAE,58,48,2,8,-,1,17,1,23,25,9,1,11,9,2,11,-,226
,"HUSABERG 650 FE",091,53,32,3,8,1,1,9,3,9,13,6,2,16,-,2,3,-,161
,"Husaberg TE 300,HUSABERG",ABY,26,43,-,2,-,1,10,2,11,24,10,1,11,5,3,4,1,154
,"Husqvarna 701 Enduro,Husq",AFA,850,1361,135,211,20,63,340,77,465,843,261,59,250,119,151,132,4,5341
,,AFB,440,688,18,67,1,11,114,25,157,265,92,39,89,55,35,65,-,2161
,"Husqvarna 901 Norden Exp.",AHD,130,249,30,36,1,12,68,12,78,180,36,14,49,20,39,29,3,986
,"HUSQVARNA FE 250",AEV,32,26,3,9,-,1,13,8,12,15,5,3,27,5,5,12,-,176
,"HUSQVARNA FE 350",ADQ,63,96,2,25,-,1,15,10,50,59,15,4,13,12,12,11,-,388
,,AEW,168,253,12,67,2,6,55,39,108,104,38,16,82,42,35,44,-,1071
,"HUSQVARNA FE 450",ADR,23,48,-,9,2,1,12,3,17,19,11,2,8,6,5,6,-,172
,,AEX,67,91,6,26,1,2,23,10,45,63,16,9,20,12,8,13,-,412
,"HUSQVARNA FE 501",ADS,22,46,-,6,-,-,6,5,9,14,5,2,5,2,3,5,-,130
,,AEY,19,27,2,3,-,-,5,1,23,21,9,3,5,6,4,3,-,131
,,AGC,29,45,4,13,-,1,14,5,29,32,10,5,12,7,1,4,-,211
,"Husqvarna Svartpilen 401,",AFQ,252,442,82,70,8,38,110,23,135,263,64,19,84,38,47,36,2,1713
,,AGX,195,257,43,49,4,24,74,10,91,198,53,14,69,32,24,33,2,1172
,"Husqvarna Svartpilen 701,",AFR,207,336,77,53,7,27,77,17,99,205,64,23,77,34,33,37,3,1376
,"HUSQVARNA TE 300",ADO,56,98,3,14,-,-,18,5,31,37,34,7,33,15,7,21,-,379
,"HUSQVARNA TE 300,HUSQVARN",ADN,31,78,1,12,-,-,17,4,19,24,16,4,17,15,8,13,-,259
,,AFM,241,398,8,65,-,9,101,36,145,184,84,17,115,71,26,95,-,1595
,"Husqvarna Vitpilen 125,Hu",AGZ,199,389,49,84,1,32,120,9,121,219,91,33,74,32,55,47,2,1557
,"KTM 1190 RC8 (113 kW)",ABI,54,58,4,14,4,6,20,9,34,63,19,3,27,8,14,18,2,357
,"KTM 1190 RC8 (121 kW)",ABP,13,20,2,2,-,1,8,4,18,15,5,1,13,4,2,5,-,113
,"KTM 1190 RC8 R (125 kW)",ABZ,57,68,9,21,3,10,17,7,50,52,24,5,26,9,10,18,-,386
,"KTM 125 Duke",AFJ,2973,3260,234,656,24,139,1058,231,1178,2862,965,179,713,462,370,360,8,15672
,"KTM 125 Duke(115),KTM 125",ACA,1935,2231,103,343,24,51,668,198,799,1552,592,111,406,266,246,261,2,9788
,"KTM 125 EXC",AAW,60,88,1,11,-,2,15,15,23,43,21,5,19,20,12,27,-,362
,"KTM 125 EXC,KTM 200 EXC",ACI,13,38,1,1,-,1,6,5,16,12,5,-,10,10,11,14,-,143
,"KTM 1290 Super Duke GT",AEP,469,567,26,49,10,21,186,22,291,492,135,26,67,42,78,45,2,2528
,"KTM 1290 Super Duke GT,KT",AFE,982,1198,84,195,22,41,355,60,571,949,291,69,238,109,166,110,5,5445
,"KTM 1290 Superduke SE,KTM",ADL,664,841,48,99,12,32,228,65,470,568,189,53,168,48,127,59,2,3673
,"KTM 200 Duke",ACL,82,86,7,7,1,7,28,5,30,63,29,4,27,8,10,25,-,419
,"KTM 250 EXC",AAY,32,55,2,7,-,2,24,8,27,28,6,2,18,9,6,17,-,243
,"KTM 250 EXC-F",AAN,18,40,1,9,-,2,7,4,12,10,5,-,12,2,3,7,-,132
,,AAT,45,67,2,20,-,-,12,8,29,29,12,1,17,17,13,19,-,291
,,ACB,31,37,1,27,-,3,9,6,23,35,7,-,22,6,11,13,-,231
,,AER,30,42,4,25,-,2,12,12,25,15,13,1,44,17,16,23,1,282
,"KTM 250 R FREERIDE",ADJ,70,95,-,8,-,1,28,7,12,43,26,2,27,12,11,28,-,370
,"KTM 300 EXC",AAZ,68,153,-,11,-,1,28,12,41,47,34,8,29,13,7,24,-,476
,,ACK,117,266,3,30,-,-,64,36,73,109,58,23,76,29,18,82,-,984
,"KTM 300 EXC TPI,KTM 250 E",AFL,531,955,19,214,3,13,175,84,246,393,211,49,359,196,82,285,-,3815
,"KTM 300 EXC,KTM 250 EXC",ACJ,106,176,10,40,3,4,48,37,46,73,69,9,72,30,17,78,-,818
,"KTM 350 EXC-F",ACC,165,259,14,61,3,7,45,29,99,119,59,4,50,38,47,39,1,1039
,,AED,40,78,3,12,-,2,13,8,31,28,13,2,22,16,12,12,-,292
,,AES,347,508,34,169,7,30,114,94,196,212,97,18,164,126,106,91,-,2313
,"KTM 350 FREERIDE",ACU,208,410,16,34,4,7,75,13,65,131,84,20,59,17,27,43,1,1214
,"KTM 390 Adventure",AGH,320,463,46,79,11,20,144,23,168,414,122,19,119,73,73,63,4,2161
,"KTM 390 Duke",AFH,1570,2015,166,325,25,76,625,100,689,1773,595,108,564,285,240,289,5,9450
,"KTM 390 Duke (30 kW)",ADG,88,142,6,19,2,7,29,4,37,64,34,7,20,5,11,5,-,480
,"KTM 390 Duke (32 kW)",ADH,737,855,75,133,14,29,272,35,324,711,256,69,236,100,124,99,3,4072
,"KTM 400 EXC",ABK,58,77,1,13,1,1,20,5,30,45,14,2,8,7,7,13,-,302
,"KTM 400 LC4",112,29,46,4,9,3,2,28,8,28,42,15,6,5,11,17,7,-,260
,"KTM 450 EXC",096,55,102,4,16,-,2,28,17,49,39,27,5,17,21,11,13,-,406
,,ACD,98,210,9,40,-,8,49,32,94,110,51,11,56,34,33,24,1,860
,,AEE,13,46,2,13,-,1,8,4,20,20,3,1,6,7,4,7,-,155
,"KTM 450 EXC-F",AET,117,206,13,83,1,11,78,35,108,149,44,12,44,49,50,36,-,1036
,"KTM 450 EXC,KTM 450 EXC-R",AAU,167,340,8,55,2,5,77,51,109,118,55,10,56,41,50,35,-,1179
,"KTM 500 EXC",ACE,95,150,7,26,-,7,34,10,51,71,33,7,24,25,20,23,1,584
,,AEF,22,42,3,6,-,3,13,10,19,10,7,-,3,3,5,2,-,148
,"KTM 500 EXC-F",AEU,58,96,3,18,-,3,26,15,44,58,18,6,23,18,12,16,-,414
,,AGB,80,173,10,35,-,7,42,21,66,99,26,11,33,36,29,32,-,700
,"KTM 525 EXC",095,74,136,4,25,1,-,32,22,50,52,26,6,17,13,19,22,-,499
,"KTM 530 EXC,KTM 530 EXC-R",AAV,131,295,8,65,1,6,50,48,88,85,49,4,40,34,30,30,-,964
,"KTM 620 LC4 COMPETITION;K",110,159,229,16,61,3,5,65,39,109,174,41,10,64,23,38,33,3,1072
,"KTM 625 SMC",135,81,84,5,26,-,4,29,18,41,63,24,5,37,11,9,14,-,451
,"KTM 640 LC4,640ADVENTURE",108,26,31,1,6,-,2,6,2,9,26,5,2,13,4,-,2,-,135
,,111,893,1103,65,183,6,36,332,109,381,788,259,49,278,101,138,130,5,4856
,,129,710,1010,61,169,7,41,296,98,306,666,216,55,273,99,110,117,5,4239
,"KTM 640 SUPER COMPETITION",124,88,85,3,16,-,2,20,12,36,69,17,6,26,4,10,13,1,408
,"KTM 660 SUPERMOTO",131,130,108,7,20,2,2,43,10,50,123,41,11,41,13,16,18,1,636
,"KTM 690 Duke",ABD,158,186,16,30,2,9,55,10,61,141,63,9,88,18,16,28,-,890
,,AEM,366,460,48,76,11,19,183,30,211,411,162,31,114,69,78,61,4,2334
,"KTM 690 Duke (50 kW),KTM",ACR,605,700,36,67,8,14,207,44,255,535,185,41,177,64,102,71,1,3112
,"KTM 690 Duke R",ABW,51,83,13,8,-,3,21,3,16,43,15,2,19,4,2,7,-,290
,,AEN,178,207,20,29,6,9,75,14,86,184,58,14,35,19,27,30,-,991
,"KTM 690 Duke R (32 kW),KT",ACQ,39,51,1,5,1,-,7,-,15,14,8,1,10,5,3,7,-,167
,"KTM 690 Duke R (51,5 kW),",ADC,115,133,12,11,4,4,39,6,53,103,43,4,21,13,9,17,-,587
,"KTM 690 Duke R,KTM 690 Du",AEO,32,54,2,4,-,-,12,2,12,33,22,1,6,6,2,5,-,193
,"KTM 690 Enduro;KTM 690 En",ABG,502,654,37,114,4,22,179,66,227,388,127,18,138,73,85,85,1,2720
,"KTM 690 SM",AAR,180,198,9,27,-,6,78,13,65,144,59,10,53,23,14,14,1,894
,"KTM 690 SMC R (30kW),KTM",ACS,151,234,9,19,-,3,26,7,37,69,31,7,26,12,8,12,-,651
,"KTM 690 SMC R (49kW),KTM",ACT,1439,1715,84,288,21,62,464,178,628,1045,324,82,392,212,194,173,7,7308
,"KTM 690 SMC R,KTM 690 End",AFZ,982,1270,111,200,20,69,434,135,570,1147,354,80,244,172,189,148,19,6144
,,AGA,143,195,6,27,-,3,39,14,69,95,34,9,32,33,16,19,1,735
,,AHA,179,343,13,33,-,6,66,18,84,164,63,20,44,33,25,36,-,1127
,"KTM 790 Adventure",AHK,40,59,3,12,1,4,19,7,20,66,15,2,20,9,8,13,-,298
,"KTM 790 Adventure R Rally",AFY,345,589,58,85,11,32,183,29,185,413,136,23,95,57,91,50,17,2399
,"KTM 790 Duke",AFP,968,1311,94,159,15,75,353,44,520,879,296,56,209,105,150,121,4,5359
,,AGJ,41,69,3,13,-,2,11,2,28,41,7,3,19,6,4,11,-,260
,"KTM 790 Duke L",AFS,23,23,4,5,-,1,19,-,18,29,6,1,7,2,2,5,-,145
,,AFT,97,101,4,16,2,3,30,6,37,79,26,2,22,20,9,5,-,459
,,AHH,114,164,11,25,1,10,46,9,53,153,47,7,39,23,16,21,-,739
,,AHI,61,104,2,14,-,3,28,5,14,65,25,3,21,16,15,13,-,389
,"KTM 890 Duke",AGU,307,449,30,74,1,24,129,16,123,334,118,25,83,69,52,44,1,1879
,"KTM 890 Duke L",AGW,33,66,3,5,-,1,12,2,17,26,16,3,10,6,6,3,-,209
,"KTM 890 Duke R",AGM,398,497,32,86,8,27,140,14,176,384,132,21,100,53,61,45,1,2175
,"KTM 890 SM T,KTM 890 Adve",AGO,369,579,43,66,5,35,174,26,159,379,125,25,76,47,88,45,4,2245
,"KTM 990 SUPER-DUKE",137,92,109,4,16,1,2,26,8,41,62,23,2,30,4,18,15,-,453
,"KTM 990 SuperDuke R",ABE,61,101,4,10,2,2,21,6,56,62,25,6,17,13,13,8,-,407
,,ACO,35,40,6,4,-,-,6,-,16,19,12,-,12,7,1,3,-,161
,"KTM 990 SuperDuke,KTM 990",AAB,374,518,31,54,3,9,143,29,208,337,139,18,104,52,82,47,2,2150
,"KTM E-XC",ADT,68,136,3,14,-,1,30,6,35,49,21,2,11,5,10,7,-,398
,"KTM FREERIDE 250 F",AFO,81,106,5,22,-,5,37,4,36,38,20,4,21,15,8,12,-,414
,"KTM FREERIDE E-XC",AFN,63,169,10,17,-,3,35,9,34,62,41,6,28,6,7,18,-,508
,"KTM RC 125",ADU,345,423,15,41,2,7,96,21,145,235,89,9,38,29,55,18,-,1568
,,AFK,265,318,26,28,2,5,119,8,137,227,115,16,23,33,41,23,-,1386
,,AHC,78,108,1,24,-,3,44,3,44,114,60,8,14,14,14,10,-,539
,"KTM RC 390",ADX,77,117,6,10,-,7,16,6,42,63,23,3,17,11,16,6,-,420
,,AEQ,226,308,10,26,1,7,61,4,107,143,58,13,23,12,24,9,-,1032
,,AHB,40,49,2,7,1,3,19,2,16,49,19,2,8,5,3,5,-,230
,"SONSTIGE/NICHT GETYPT",,3962,5773,298,882,43,192,1515,441,2158,3917,1260,273,1138,636,731,781,12,24012
"KTM (A) ZUSAMMEN",,,37731,52049,3212,8110,507,1900,14364,3817,18889,34936,12137,2520,11164,5971,6348,6428,184,220267
"KYMCO (RC)","Agility S 125",AAV,64,90,17,24,-,6,32,7,22,87,33,5,16,10,17,4,-,434
,AGILITY+300,AAK,25,37,4,5,-,3,8,-,14,29,12,2,3,-,9,3,-,154
,,AAR,21,32,7,2,-,2,5,3,8,29,13,2,-,1,4,2,-,131
,"AK 550",AAI,69,80,12,15,1,2,22,3,32,85,29,11,3,6,9,3,-,382
,,AAT,31,23,8,2,-,1,15,2,14,33,17,6,2,4,5,1,-,164
,CV3,AAW,65,71,7,3,1,8,22,1,24,72,22,19,4,6,14,2,-,341
,"Downtown ,New Downtown 12",AAH,145,166,57,32,2,18,78,3,128,285,48,21,13,12,57,9,1,1075
,"Downtown,New Downtown 350",AAK,182,206,47,35,2,11,75,9,122,218,78,26,40,18,37,19,-,1125
,"DT X360",AAU,58,87,8,21,-,3,24,5,30,77,31,12,22,7,18,7,-,410
,,AAV,23,17,7,5,3,3,7,3,13,27,6,2,2,3,8,2,-,131
,"G DINK",AAM,47,42,15,9,-,2,15,2,12,44,22,2,3,3,5,2,1,226
,"HERILSM,CALYPSO 125",101,27,78,10,5,3,-,29,-,20,41,14,6,6,7,4,2,-,252
,"J125 or J125 ABS",AAE,45,55,7,12,-,4,24,6,26,50,12,3,15,4,9,11,-,283
,J300,AAF,57,82,19,16,-,1,51,11,33,69,29,4,21,6,7,14,1,421
,"J300 or J300 ABS",AAD,102,115,15,22,1,6,55,10,38,109,33,10,14,11,14,18,2,575
,KXR,095,261,908,14,54,8,11,194,31,321,375,167,55,73,48,124,78,1,2723
,KYMCO,082,83,166,20,16,3,1,28,4,46,103,24,3,18,10,19,7,-,551
,,091,43,99,18,7,1,3,25,5,31,67,16,2,10,5,23,11,1,367
,,106,21,48,3,20,-,1,9,12,21,27,17,4,18,18,3,16,-,238
,"KYMCO DINK 250",083,16,46,3,2,1,1,6,-,6,32,6,2,2,3,3,2,-,131
,"KYMCO GRAND DINK 125",088,263,405,111,75,14,22,140,25,387,612,119,48,32,25,140,21,1,2440
,"KYMCO GRAND DINK 250",084,24,64,8,3,1,-,9,-,18,55,6,4,5,3,5,3,-,208
,"KYMCO HIPSTER 125",085,34,56,10,26,-,1,15,13,29,59,11,9,29,29,8,19,-,348
,"KYMCO MX 125",093,37,145,2,11,-,3,35,6,44,39,33,2,8,7,25,7,-,404
,"KYMCO MX 150",094,107,412,9,25,8,7,106,12,142,128,87,5,24,15,66,24,-,1177
,"KYMCO YAGER 125",089,97,136,50,22,4,6,29,8,74,148,35,16,13,12,39,10,-,699
,"KYMCO ZING 125,METEROITCR",102,103,181,29,72,2,12,85,19,112,168,80,17,37,43,15,52,-,1027
,"Like II 125i",AAM,130,184,27,20,-,6,57,5,72,122,57,9,23,7,25,12,-,756
,"Like II 125i ABS,LikeII 1",AAE,141,209,25,24,2,12,57,7,72,142,46,7,21,7,34,12,-,818
,"Like II Sport 125i",AAL,59,83,6,13,-,2,25,3,23,55,15,2,14,9,12,8,-,329
,"Like II SPORT 125i",AAI,61,67,9,5,-,7,33,6,22,83,24,3,5,3,12,7,-,347
,"LikeII 125i",AAA,61,75,8,4,-,3,16,1,23,77,15,7,2,6,18,3,-,319
,MXU,096,133,550,14,44,1,-,130,21,163,176,96,15,48,28,74,50,-,1543
,,117,53,197,2,27,-,1,44,5,54,54,32,4,26,16,31,15,-,561
,"New Agility City 125",AAB,188,250,67,51,5,17,90,21,133,272,73,11,65,35,55,51,-,1384
,"NEW AGILITY CITY 125",AAP,85,134,33,51,1,10,56,16,54,141,51,9,49,31,31,32,1,785
,"New People S",AAF,194,271,44,32,2,20,86,7,97,262,59,11,23,11,42,11,-,1172
,,AAH,50,56,3,3,-,1,20,1,12,57,14,3,5,2,9,7,-,243
,"New People S 125",AAN,105,112,11,15,2,10,48,6,40,125,49,9,14,11,29,3,1,590
,"New People S 200",AAQ,44,84,7,4,-,1,21,6,12,53,25,1,7,1,5,4,-,275
,"PEOPLE S",116,65,100,14,6,5,6,28,5,51,87,15,10,8,-,19,6,-,425
,"People S 300i ABS",AAO,35,77,5,5,-,6,22,-,22,49,19,5,5,5,9,4,-,268
,"Visar 125",AAD,10,26,5,14,-,2,3,7,18,32,12,3,15,12,6,3,-,168
,"X-TOWN 125",AAT,21,33,23,13,1,1,19,2,31,37,19,3,7,4,3,1,-,218
,"X-Town 125i",AAC,54,55,13,13,-,4,18,5,29,88,29,11,9,4,8,3,1,344
,"X-TOWN 300, Grand Dink,X-",AAG,53,59,18,21,1,6,17,2,24,100,22,2,22,11,12,5,-,375
,"X-Town CT 125",AAS,59,76,16,17,3,7,28,5,29,115,35,14,13,4,26,2,1,450
,"X-Town CT300",AAU,55,74,17,14,2,5,24,2,36,80,36,7,11,3,16,5,-,387
,"XCITING 500",114,53,87,5,6,3,4,26,4,48,78,18,6,4,11,12,3,-,368
,"Xciting S 400,Xciting 400",AAJ,211,308,32,38,5,9,104,7,104,279,106,44,19,20,50,8,1,1345
,"Xciting VS 400,Xciting S",AAS,77,112,13,12,2,4,39,2,31,101,26,14,13,7,12,6,-,471
,"SONSTIGE/NICHT GETYPT",,6119,12314,1203,1509,146,399,3082,621,5176,7431,2534,591,1693,970,1891,1154,24,46857
" KYMCO (RC) ZUSAMMEN",,,10166,19440,2137,2502,236,681,5236,967,8143,13164,4427,1099,2554,1534,3128,1764,37,77215
"MALAGUTI (I)","F 18 WARRIOR 125",083,21,48,1,2,-,-,8,-,6,16,3,1,-,1,-,1,-,108
,"XT125,XT125SM",084,104,244,8,33,-,5,80,17,57,84,52,4,44,32,19,28,-,811
,XT125R;XT125X,AAB,146,407,10,40,1,4,83,15,86,122,82,12,41,34,17,27,1,1128
,"SONSTIGE/NICHT GETYPT",,169,365,14,22,1,9,81,11,80,178,62,21,19,5,18,11,-,1066
"MALAGUTI (I) ZUSAMMEN",,,440,1064,33,97,2,18,252,43,229,400,199,38,104,72,54,67,1,3113
"MBK (F)","CZD300D-A,CZD300-A,CZD300",ABZ,247,303,69,51,5,19,123,31,79,274,84,17,60,13,36,27,1,1439
,DM01,088,505,608,67,69,17,25,216,50,296,589,180,33,78,40,82,78,1,2934
,"MBK,YAMAHA",081,57,89,-,4,1,1,30,6,24,49,17,8,11,1,8,2,-,308
,"MBK,YAMAHA XQ 125",083,98,201,11,8,2,2,63,4,39,108,39,14,12,10,14,5,-,630
,"MBK,YAMAHA XQ 150",084,25,50,1,2,-,1,11,3,9,27,2,4,3,1,-,-,-,139
,"MT-125,YZF-R125",ABL,1332,1451,96,223,13,43,497,126,684,1158,470,48,166,95,186,90,3,6681
,"MT125A,MT125,YZF-R125A,YZ",ABF,1389,1495,85,174,22,53,519,101,718,1099,496,60,145,97,181,68,7,6709
,"MTM125-C,MTM125",ACE,451,528,129,106,11,59,220,44,209,530,140,36,133,39,80,57,1,2773
,"MTM690D (XSR700 XTribute)",ABG,369,489,162,87,18,68,212,34,228,560,144,35,99,28,95,54,5,2687
,"MTM690D,MTM690",ACD,163,218,55,34,5,24,85,16,88,208,65,13,33,8,35,19,2,1071
,"MTN125-A,YZF125-A",ABT,659,688,130,152,20,47,302,75,410,756,242,31,98,50,109,54,3,3826
,,ABY,1803,2039,309,372,26,125,784,179,915,1925,634,107,324,142,236,180,5,10105
,"MTT690-A  (TRACER 700),MT",ABK,282,353,62,59,8,23,161,33,185,378,104,21,136,34,62,41,5,1947
,"MTT690,MTT690PE,MTT690P,M",ABW,251,300,51,58,11,28,136,25,158,316,111,22,94,19,49,42,-,1671
,"VERSITIY,KILIBRE",086,35,38,4,5,-,1,17,3,26,54,12,3,2,3,5,2,-,210
,"VP125,X CITY (VP 125A),X",AAG,85,219,15,8,1,5,51,4,47,80,31,12,2,2,11,7,-,580
,"WR125X,WR125R",AAL,1733,2578,42,297,9,28,619,255,896,991,502,108,189,164,181,144,3,8739
,"X-MAX 125",ABM,20,29,12,3,-,1,9,4,14,32,10,1,2,1,7,-,-,145
,"X-MAX 400",ABN,18,31,8,2,-,2,16,1,14,29,12,2,2,1,2,1,-,141
,"X-MAX IRON MAX 300,CZD300",ABQ,349,454,99,63,6,27,197,27,116,363,103,35,67,25,51,39,1,2022
,"X-MAX TECH MAX 125,X-MAX",ABP,158,241,74,34,3,18,120,27,74,201,55,10,26,3,24,9,1,1078
,"X-MAX TECH MAX 400,X-MAX",ABO,137,177,58,29,2,9,70,12,36,157,40,11,22,12,10,18,2,802
,"XCITY (VP250),XCITY (VP25",AAF,96,163,19,6,-,7,54,11,43,109,29,9,12,7,13,4,-,582
,"XN 125",082,290,603,29,22,11,16,147,9,164,285,88,27,18,11,32,11,-,1763
,"XT660,XT660X,XT660R",AAD,570,703,75,100,11,33,252,65,290,579,173,51,104,47,68,84,2,3207
,"XT660ZA,XT660Z",AAW,29,42,10,9,-,6,19,5,19,46,17,4,16,3,8,3,-,236
,XTZ690,ACF,84,114,19,21,1,9,37,14,62,93,21,5,26,12,14,13,2,547
,XTZ690-B,ACG,17,32,5,4,2,3,13,3,15,28,8,-,5,2,12,4,-,153
,"XTZ690D-B TENERE700 RALLY",ABV,556,611,85,113,13,37,224,54,264,608,180,29,133,49,111,80,6,3153
,"XTZ690P,XTZ690PE,XTZ690D,",ACA,587,821,117,155,12,69,264,66,364,728,208,49,186,67,141,92,2,3928
,YBR125,090,116,223,22,81,1,9,82,60,78,167,45,17,135,57,24,70,-,1187
,YFM250R,AAI,38,102,-,8,1,2,29,5,14,19,15,2,9,2,11,8,-,265
,YFM350R-W,AAC,15,46,-,7,-,-,9,4,5,6,7,-,2,1,2,6,-,110
,"YP125R-DA,YP125RA,YP125RA",ACB,367,355,170,69,6,44,218,24,97,301,80,25,52,16,38,22,1,1885
,"YP125R,YP125RA",AAR,51,72,7,3,1,9,25,7,28,63,13,3,8,2,1,1,-,294
,"YP125RA,YP125R",ABD,61,104,24,10,-,6,42,7,25,75,19,11,11,4,8,5,1,413
,"YP250R,YP250RA",AAQ,61,64,11,8,-,2,25,5,18,55,7,6,7,2,2,6,-,279
,"YP250RA,YP250R",ABE,82,98,20,7,2,7,30,4,21,66,19,5,18,4,1,6,1,391
,"YP400RA,YP400R",ABC,179,225,37,21,2,13,101,20,49,132,53,21,20,8,14,18,-,913
,"YZF-R125,YZF-R125 ccm",AAH,1023,1135,98,139,14,19,414,55,509,846,369,51,123,74,141,50,1,5061
,"SONSTIGE/NICHT GETYPT",,630,1148,92,85,16,34,321,53,361,824,246,51,134,49,107,61,-,4212
"MBK (F) ZUSAMMEN",,,15018,19240,2379,2708,273,934,6764,1531,7691,14914,5090,997,2723,1205,2212,1481,56,85216
"MONTESA HONDA (E)","CA 125",103,261,440,29,105,14,28,230,73,246,421,216,25,41,52,78,54,-,2313
,,105,10,16,4,21,1,1,10,10,15,16,17,2,7,8,4,14,-,156
,"CB 250",100,32,48,2,28,-,5,33,8,26,52,14,1,15,6,11,13,-,294
,"CLR 125",109,28,53,2,11,-,3,26,6,10,29,16,1,12,4,4,11,-,216
,"CMX 250 C",104,26,41,5,13,1,1,7,3,8,19,9,1,6,7,1,11,-,159
,"COTA 4RT",118,13,35,-,1,-,1,15,-,7,16,14,4,-,-,-,-,-,106
,,AAB,24,35,1,1,-,-,16,1,5,12,11,1,1,-,2,1,-,111
,,AAF,53,76,-,2,-,3,30,-,25,39,16,3,4,-,4,2,-,257
,"COTA 4RT 260",AAH,41,69,-,3,-,-,14,1,14,35,16,2,2,-,1,2,-,200
,DEAUVILLE,113,194,316,67,81,12,30,154,48,322,578,121,24,75,57,107,67,1,2254
,FMX650,119,328,352,49,66,9,13,131,17,162,341,105,17,112,30,41,39,2,1814
,,120,35,32,5,6,-,1,8,2,10,18,8,3,5,4,1,4,-,142
,"FX 650",101,129,183,17,26,5,4,75,9,52,107,55,6,30,20,15,27,-,760
,,102,91,157,13,19,4,8,88,15,66,173,45,7,22,15,15,28,-,766
,"NT 650 V DEAUVILLE",106,181,266,34,69,15,19,138,42,224,421,122,26,78,75,61,47,-,1818
,,108,9,17,1,5,2,3,5,-,15,25,13,3,2,6,2,1,-,109
,NT700V;NT700V/VA;NT700VA,AAA,243,378,98,133,24,32,152,49,343,631,123,22,104,70,111,68,2,2583
,VT125;VT125C,110,466,718,66,144,16,64,256,91,372,693,179,45,101,93,122,56,-,3482
,"XL 125 V",111,460,731,49,133,15,34,297,64,343,809,215,53,127,66,108,66,2,3572
,"XL 650 V TRANSALP",116,323,477,58,74,15,19,185,48,198,563,120,22,118,41,83,79,3,2426
,"XL1000V,XL1000VA VARA-DER",112,440,788,56,81,18,35,304,61,455,914,204,45,152,69,133,121,8,3884
,XL1000V;XL1000VA,AAD,95,154,18,26,16,9,70,15,96,201,43,14,37,22,26,28,1,871
,XL125V,AAC,122,190,20,51,6,12,68,12,103,240,51,13,32,18,46,22,-,1006
,XL700V;XL700VA,AAE,213,301,46,48,10,22,108,29,138,324,78,15,67,26,52,48,4,1529
,"SONSTIGE/NICHT GETYPT",,1218,1787,166,220,22,48,596,154,719,1514,429,103,403,172,208,199,2,7960
"MONTESA HONDA (E) ZUSAMMEN",,,5035,7660,806,1367,205,395,3016,758,3974,8191,2240,458,1553,861,1236,1008,25,38788
"MOTO-GUZZI (I)","1000 CALIFORNIA II",104,148,149,4,11,3,19,63,2,119,169,44,16,1,1,40,-,2,791
,"1200 Sport 4V;1200 Sport",AAP,34,33,6,2,1,3,10,-,17,32,12,1,7,4,7,-,-,169
,"850 LE MANS",839,47,47,4,2,-,9,17,-,28,41,19,3,-,-,4,-,-,221
,"850 LE MANS II",840,36,37,2,1,3,3,18,-,25,49,13,9,-,1,8,2,-,207
,"850 LE MANS III",103,85,132,11,10,4,4,49,1,68,144,42,6,5,2,19,1,-,583
,"850 T 3;850 T3 CALIFORNIA",836,50,49,7,-,1,11,31,1,44,74,23,7,-,-,20,1,-,319
,"Bellagio;Bellagio 940",AAK,37,25,13,4,-,2,18,1,16,29,14,5,13,2,7,4,1,191
,"BREVA 1100",156,47,53,4,4,1,3,22,10,30,44,15,3,20,4,8,6,-,274
,"Breva 1100;Breva 1100, AB",AAH,65,59,13,16,-,4,14,6,40,64,18,2,17,3,13,8,-,342
,"Breva 1200;Breva 1200, AB",AAJ,127,118,25,14,4,4,52,9,72,126,38,8,26,7,29,13,-,672
,"Breva 750 I.E.",AAB,21,16,12,9,-,-,11,2,11,24,6,1,9,5,3,3,-,133
,"BREVA 750 I.E.",152,89,116,16,18,3,3,39,9,64,100,38,4,31,14,14,15,-,573
,California,AAF,79,73,9,5,1,8,22,-,51,76,25,6,5,2,7,3,-,372
,CALIFORNIA,151,82,89,13,12,4,3,36,7,49,79,26,6,13,8,12,4,-,443
,"CALIFORNIA 1100",128,17,31,9,6,1,1,9,1,13,43,5,6,11,5,4,3,1,166
,"CALIFORNIA 1100 I",129,61,80,5,10,4,3,28,7,33,89,31,6,10,2,20,5,1,395
,"CALIFORNIA EVOLUTIONE,SPE",138,183,208,11,29,3,6,72,15,95,223,73,22,10,18,40,8,-,1016
,"CALIFORNIA EVOLUZIONE/SPE",148,160,163,13,11,5,11,46,11,87,149,43,18,33,15,22,16,-,803
,"CALIFORNIA III",118,32,46,2,5,2,4,21,4,36,46,12,2,2,2,10,2,-,228
,"Griso 8V",AAL,41,32,8,7,1,1,8,3,10,23,11,1,7,2,7,-,-,162
,"Griso;Griso 1100",AAA,119,105,22,31,-,7,47,7,57,129,38,5,32,12,18,14,-,643
,"Griso;Griso 850",AAG,33,27,12,3,-,2,14,3,19,26,4,-,8,7,2,7,-,167
,"LE MANS;LE MANS 1000;LE M",109,68,95,11,11,6,6,51,2,63,77,54,10,5,4,16,5,-,484
,"MILLE GT",111,68,64,14,5,3,4,34,1,42,85,28,4,2,1,13,3,-,371
,NEVADA,146,22,27,7,3,-,-,10,1,11,13,6,3,8,5,7,2,-,125
,"Nevada 750 I.E.",AAD,28,18,5,9,-,5,11,1,14,18,6,-,10,3,7,4,-,139
,"NEVADA 750 I.E.",154,27,31,6,7,1,2,10,1,7,24,6,1,6,3,7,5,-,144
,"Stelvio 1200;Stelvio 1200",AAM,31,24,4,2,-,-,7,1,23,16,7,-,4,-,6,1,-,126
,"V 1000 G 5;V 1000 G5",233,11,12,1,-,2,1,15,1,15,36,19,6,-,1,6,1,-,127
,"V 11",149,57,58,4,11,2,2,26,1,50,71,21,5,16,3,10,4,-,341
,,150,78,87,14,5,3,3,21,2,79,71,21,15,14,4,16,3,1,437
,"V 11 SPORT",145,21,33,3,2,1,3,12,1,28,26,16,3,9,1,7,5,1,172
,"V 35;V 35 II",231,17,32,3,1,-,2,14,2,12,33,7,3,1,3,1,1,-,132
,"V 65,V 65 SP",105,25,22,-,1,2,4,11,1,14,24,2,1,1,-,3,-,-,111
,"V7 Caffe 750;V7 Classic 7",AAN,17,20,8,1,1,-,10,2,9,25,9,2,5,2,7,3,-,121
,"SONSTIGE/NICHT GETYPT",,4315,5281,519,338,119,309,1514,134,2563,4343,1326,367,396,130,771,157,6,22588
"MOTO-GUZZI (I) ZUSAMMEN",,,6378,7492,820,606,181,452,2393,250,3914,6641,2078,557,737,276,1191,309,13,34288
"MOTORRADW. ZSCHOP.-MZ",,003,36,27,9,43,-,2,5,19,36,40,12,4,85,29,8,38,-,393
,"DE-3 BAGHIRA;DE-3S BAGHIR",112,74,76,11,68,6,4,51,27,63,87,30,11,163,49,13,100,-,833
,"ES 150",118,1,7,2,19,1,-,6,13,5,3,2,-,46,14,-,35,-,154
,"ES 150/1",122,3,7,4,15,-,1,5,13,4,-,1,-,31,19,3,28,-,134
,"ES 250",121,-,5,2,17,-,-,2,18,1,4,1,-,21,8,1,21,-,101
,"ETZ 125",112,3,5,1,23,-,-,5,23,2,1,2,1,40,29,1,50,-,186
,"ETZ 150",110,29,81,26,401,2,7,43,252,50,39,12,4,798,430,18,710,3,2905
,,111,14,21,7,129,-,2,16,73,28,17,6,2,321,189,3,284,-,1112
,"ETZ 250",101,3,10,3,22,-,1,2,20,8,1,4,-,25,20,-,23,-,142
,,102,41,41,8,31,3,9,34,40,46,87,28,5,49,52,9,48,-,531
,,109,32,58,15,156,1,8,28,133,48,37,31,1,235,139,11,175,1,1109
,"ETZ 251",114,13,24,18,97,1,3,10,94,23,15,13,-,196,113,12,172,1,805
,"MZ 1000 SF;MZ 1000 SPORT;",004,12,17,9,16,3,4,3,7,13,19,6,-,59,21,1,16,-,206
,"MZ 1000 SPORT;SF;ST",007,37,32,8,38,-,2,16,18,16,30,10,4,108,40,-,31,1,391
,"MZ 125 SM,MZ 125 SX",001,240,422,43,336,6,10,151,182,118,158,110,26,655,315,30,410,1,3213
,"MZ 125 SM;MZ 125 SX",AAC,11,22,3,14,-,-,10,6,8,6,4,2,20,15,1,22,-,144
,"SE-2,TE-2 SKORPIONSPORT,T",110,12,17,8,20,-,1,16,14,25,31,7,2,64,22,4,20,-,263
,TOUR,080,20,22,8,24,-,5,10,20,14,10,9,1,120,29,3,38,-,333
,"TOUR,CLASSIC",002,66,110,22,117,3,4,42,93,39,49,30,4,352,145,9,181,-,1266
,"TS 125",107,7,12,7,45,1,1,9,31,12,13,1,2,67,35,6,52,-,301
,"TS 150",108,25,67,14,206,1,5,28,122,36,50,18,3,482,192,16,327,-,1592
,,139,20,27,1,7,-,1,19,6,17,32,13,6,7,4,11,7,-,178
,"TS 250",240,8,13,3,20,-,-,10,20,11,14,5,1,38,15,5,33,-,196
,"TS 250/1",105,25,35,26,199,-,8,19,108,34,23,14,-,253,137,6,234,1,1122
,,239,31,39,3,8,1,4,21,17,43,49,22,4,15,13,11,10,-,291
,"SONSTIGE/NICHT GETYPT",,2058,3326,1178,11110,97,256,1197,8583,2353,2612,880,187,24105,11026,809,13566,30,83373
"MOTORRADW. ZSCHOP.-MZ ZUSAMMEN",,,2821,4523,1439,13181,126,338,1758,9952,3053,3427,1271,270,28355,13100,991,16631,38,101274
"MV AGUSTA (I)",,110,28,32,6,6,1,3,16,1,17,24,13,-,3,-,5,-,-,155
,Brutale,ABF,27,25,3,5,-,5,7,1,12,13,8,5,3,2,3,4,1,124
,"Brutale 1090 RR,BRUTALE 1",ABE,92,71,6,12,1,1,34,4,30,54,23,3,14,6,6,11,-,368
,"BRUTALE 675",ABM,68,89,9,10,1,3,27,-,24,48,15,2,23,7,10,8,-,344
,"BRUTALE 800 DRAGSTER RR,B",ABV,68,107,15,31,3,6,28,5,30,67,22,6,33,14,8,17,-,460
,,ACG,45,65,7,10,1,7,22,4,17,38,12,4,24,7,6,10,-,279
,"BRUTALE 800 DRAGSTER,BRUT",ABP,157,215,16,28,1,11,59,11,56,130,44,12,57,16,17,23,1,854
,,ACA,34,42,4,5,2,4,8,2,9,34,7,6,18,4,4,7,-,190
,"BRUTALE 910",132,40,39,4,2,1,1,13,-,28,29,11,6,8,2,12,5,-,201
,,AAL,48,65,3,9,1,4,10,3,20,42,27,8,7,2,7,4,-,260
,"BRUTALE 910 S",AAB,30,17,3,3,1,1,5,2,12,26,9,2,7,4,1,4,-,127
,"BRUTALE ORO;BRUTALE S",119,95,85,9,10,1,10,31,2,39,86,32,11,20,6,14,11,2,464
,"BRUTALE RR ABS,Brutale RR",ABJ,34,31,1,3,1,1,21,1,15,26,13,2,8,2,4,2,-,165
,"CAGIVA MITO 125",125,43,48,1,5,-,1,5,-,12,21,13,-,4,2,6,1,-,162
,"CAGIVA NAVIGATOR 1000",107,65,55,3,3,2,2,16,5,21,45,18,3,11,2,4,2,-,257
,"CAGIVA RAPTOR,MITO 125",109,33,45,5,5,2,1,13,1,11,16,13,-,11,6,4,5,1,172
,"CAGIVA RAPTOR,V-RAPTOR650",108,33,48,5,4,1,1,11,3,21,20,11,3,5,3,4,4,-,177
,"DRAGSTER RR,BRUTALE RR",ACM,20,26,2,7,2,7,11,3,17,21,6,2,10,5,3,7,1,150
,"F3 675 ABS,F3 675,F3 SERI",ABK,61,59,7,10,-,1,16,2,22,30,17,1,12,6,7,9,-,260
,"F3 800 ABS,F3 800,F3 AGO",ABQ,44,68,3,8,1,3,8,-,25,33,14,2,12,3,7,2,-,233
,"F4 ,F4 1000 R",ABB,19,39,2,1,-,-,12,-,8,28,5,3,4,2,1,-,-,124
,"F4 1000",AAD,18,26,2,3,-,2,6,-,12,20,6,4,3,-,2,3,-,107
,"F4 1000 RR",AAP,23,23,3,2,-,1,9,2,11,14,4,2,6,1,5,7,-,113
,"F4 1000 S / F4 1000 AGO;F",124,54,90,9,9,1,1,22,1,35,52,16,8,16,6,9,1,-,330
,"F4 1078 RR 312",AAT,18,28,1,1,-,3,8,-,16,18,9,1,3,1,1,1,-,109
,"F4 750 S;F4 750 S (1+1)",102,36,45,3,4,1,1,16,-,13,36,11,2,11,2,4,7,-,192
,"F4 ABS / F4 R ABS,F4 R/F4",ABI,17,27,8,8,-,2,8,-,15,21,5,2,8,5,5,3,-,134
,"F4 BRUTALE 1078 RR",AAV,35,36,-,5,1,3,10,-,13,37,11,1,3,4,3,5,1,168
,"RAPTOR 1000",104,140,146,9,23,9,7,39,7,85,109,32,8,44,4,17,12,-,691
,"RAPTOR 650",139,38,24,9,3,-,1,12,-,21,29,6,1,5,1,5,-,-,155
,"RIVALE 800 ABS,RIVALE",ABS,34,32,3,5,-,-,7,3,11,22,5,1,10,4,2,4,-,143
,"SM 610;TE 610",AAF,27,45,3,5,-,1,14,3,5,25,6,1,14,5,4,4,-,162
,"SUPERVELOCE 800,SUPERVELO",ACE,18,21,4,-,-,3,12,1,13,21,4,2,2,3,1,1,-,106
,"SUPERVELOCE,F3 RR,F3 R,F3",ACP,16,26,2,1,-,5,13,1,7,15,4,1,6,2,4,1,-,104
,"TE 450,450 R,SM 450R ENDU",117,61,72,5,8,3,1,12,8,19,36,15,5,29,14,5,13,-,306
,"TE 510 ENDURO,SM 510",136,22,39,2,10,-,2,10,1,15,19,6,3,6,3,1,4,-,143
,"TE 510 ENDURO,SM 510 R",129,24,54,3,9,-,1,10,2,9,17,8,1,12,4,3,3,-,160
,"TE E 610,SM 610",130,56,91,7,8,-,3,18,2,19,36,8,1,20,5,9,14,-,297
,"TURISMO VELOCE LUSSO,TURI",ABY,28,25,1,3,-,1,13,1,8,23,6,1,7,2,1,2,-,122
,"SONSTIGE/NICHT GETYPT",,769,1055,59,116,14,39,239,47,259,568,211,43,257,75,89,86,2,3928
"MV AGUSTA (I) ZUSAMMEN",,,2518,3176,247,400,52,150,851,129,1032,1949,706,169,756,242,303,307,9,12996
"NACIONAL MOTOR (E)",,AAQ,32,69,-,5,-,-,12,-,3,10,4,2,3,-,-,2,-,142
,"BOULEVARD 125",AAD,171,219,54,17,3,16,85,7,38,105,25,6,11,2,17,5,2,783
,"GPR125 4T",AAP,27,28,1,6,1,1,17,3,11,16,10,-,2,6,2,3,-,134
,"SENDA SM 125 4T,SENDA R 1",AAE,28,39,1,4,-,-,6,2,14,12,5,-,9,9,3,10,-,142
,"SONSTIGE/NICHT GETYPT",,251,366,25,37,6,9,132,19,85,255,94,26,62,34,26,48,-,1475
"NACIONAL MOTOR (E) ZUSAMMEN",,,509,721,81,69,10,26,252,31,151,398,138,34,87,51,48,68,2,2676
"NIU (RC)","MQi GT 100,MQi GT Sport,M",AAC,19,16,9,1,-,2,12,1,6,36,9,-,6,2,5,3,-,127
,"MQi GT EVO",AAD,58,84,18,6,1,4,33,3,23,83,19,3,7,7,14,11,1,375
,"NQi GTS,NQi GTS Cargo,NGT",AAG,16,40,21,7,1,7,12,-,9,23,7,3,4,-,5,3,-,158
,"SONSTIGE/NICHT GETYPT",,516,782,2335,74,14,129,318,290,1634,690,200,52,108,18,146,39,3,7348
"NIU (RC) ZUSAMMEN",,,609,922,2383,88,16,142,375,294,1672,832,235,58,125,27,170,56,4,8008
NSU-MOTORENWERKE,"125 ZB",122,36,34,1,-,-,-,5,-,5,14,6,-,-,-,2,-,-,103
,"201 ZB LUX",193,189,174,1,-,-,5,60,2,43,46,46,3,-,-,12,1,-,582
,"251 OSB MAX",242,250,243,7,3,3,3,78,1,85,88,78,9,-,1,26,2,-,877
,"251 OSL",239,47,43,1,-,-,1,7,1,11,15,16,-,-,-,3,2,-,147
,"FOX 101 OSB",096,124,110,1,-,-,-,41,1,37,36,24,1,-,-,6,-,-,381
,"LAMBRETTA 125",124,56,46,1,-,1,2,31,-,22,22,13,-,-,-,4,-,-,198
,"LAMBRETTA 20/150",147,20,28,-,1,-,1,17,-,17,15,10,-,-,2,1,1,-,113
,"SONSTIGE/NICHT GETYPT",,3539,3780,64,145,22,48,807,61,946,1419,616,56,275,82,259,114,1,12234
"NSU-MOTORENWERKE ZUSAMMEN",,,4261,4458,76,149,26,60,1046,66,1166,1655,809,69,275,85,313,120,1,14635
NUERNB.HERCULESWERKE,"III-LC,II -LC,II",058,28,35,3,-,-,5,46,-,14,66,17,9,-,-,5,-,1,229
,"K 125 BW",125,61,156,5,10,1,9,107,6,123,160,75,10,2,1,44,3,1,774
,"K 180 BW",128,10,61,1,-,-,1,16,-,9,22,8,1,-,1,4,-,-,134
,"K 50 N",049,14,26,-,1,-,-,25,-,12,43,17,4,-,-,7,-,-,149
,"K 50 N-RT 159 ES",055,60,73,6,1,-,14,62,-,31,104,33,12,-,-,22,-,-,418
,LC,061,19,31,-,-,-,-,16,-,7,22,11,3,-,-,2,-,-,111
,"ULTRA 80,AC,RS,CHOPPER",081,30,65,2,-,1,2,34,-,28,91,22,7,1,1,6,1,-,291
,"SONSTIGE/NICHT GETYPT",,1276,3583,51,34,22,73,787,24,951,1583,634,167,54,24,265,43,4,9575
"NUERNB.HERCULESWERKE ZUSAMMEN",,,1498,4030,68,46,24,104,1093,30,1175,2091,817,213,57,27,355,47,6,11681
"PELPI (I)","HPS,Flat Track,Sport Clas",AAA,295,357,50,97,2,43,138,40,171,324,128,25,118,56,59,49,2,1954
,SMX;125M;125E;KXE,AAB,247,503,15,119,4,6,161,92,272,232,137,15,126,101,68,58,1,2157
,"Sport Classic, SC,HPS, Ca",AAC,46,55,15,18,1,6,26,14,33,49,18,6,22,12,9,21,-,351
,"SONSTIGE/NICHT GETYPT",,34,50,2,13,1,4,14,5,25,50,24,5,11,18,5,7,-,268
"PELPI (I) ZUSAMMEN",,,622,965,82,247,8,59,339,151,501,655,307,51,277,187,141,135,3,4730
"PEUGEOT (F)",A2,089,92,172,10,3,-,4,45,5,37,104,26,9,24,3,10,4,-,548
,,092,19,48,2,-,-,-,11,-,6,14,4,2,9,-,1,2,-,118
,BELVILLE,ACV,140,214,16,5,1,12,105,2,36,116,79,18,21,6,7,9,-,787
,,ACW,41,35,6,1,-,3,9,-,13,38,23,10,5,3,2,1,-,190
,CITYSTAR,ABX,59,99,14,6,-,2,36,4,23,74,19,4,11,1,8,3,-,363
,,ABY,149,313,57,21,7,5,104,6,104,275,65,22,22,5,27,7,1,1190
,"CITYSTAR 125",ACY,19,15,20,7,-,2,18,1,12,52,17,1,6,3,1,-,1,175
,"CITYSTAR 125,CITYSTAR",ACP,45,88,19,3,1,3,35,-,21,85,19,3,7,3,9,2,-,343
,"CITYSTAR 200",ACU,21,17,10,8,-,1,7,1,6,18,5,5,3,-,1,1,-,104
,DJANGO,ACK,100,181,15,12,1,8,48,4,46,107,46,17,21,2,14,9,1,632
,,ACT,269,318,48,26,3,18,130,6,79,257,103,40,85,22,39,18,3,1464
,"ELYSEO 125",081,113,183,27,5,-,3,66,2,53,112,19,9,6,4,15,6,-,623
,"ELYSEO 150",086,67,111,8,2,2,6,43,1,47,93,32,4,7,3,8,1,-,435
,,087,33,35,6,1,-,-,8,-,15,25,16,4,3,2,3,2,-,153
,ELYSTAR,105,106,165,14,4,3,6,54,2,53,106,39,14,8,2,11,5,-,592
,Geopolis,AAK,39,61,9,1,1,2,23,1,18,35,23,7,4,1,4,4,-,233
,,AAV,58,109,14,6,-,1,35,2,37,49,30,10,13,4,7,2,-,377
,,ABA,22,27,-,2,-,-,7,2,7,25,7,2,-,1,2,1,-,105
,,ABT,12,37,3,-,-,-,12,-,6,23,7,5,1,1,2,-,-,109
,Kisbee,ACF,11,42,5,1,2,1,15,-,7,29,6,1,6,-,3,2,-,131
,"LXR 125",ABK,67,177,8,4,1,1,37,-,22,41,27,7,19,3,5,2,-,421
,METROPOLIS,ACD,149,215,41,14,13,21,80,6,86,202,56,50,14,14,26,8,-,995
,,ACO,405,517,114,68,12,30,286,27,211,623,137,109,86,35,63,28,2,2753
,PULSION,ADK,226,248,38,16,1,12,165,7,72,274,101,41,55,10,31,11,1,1309
,"Satelis,SATELIS",AAA,311,621,118,41,12,31,207,8,291,624,211,103,38,21,68,20,1,2726
,,AAJ,127,153,24,16,2,7,75,7,65,179,47,29,23,5,13,10,-,782
,,AAW,55,68,5,6,1,1,22,-,28,67,17,7,11,5,11,7,-,311
,,AAX,64,87,13,7,2,2,44,2,30,79,26,8,3,1,6,2,-,376
,,ACB,60,107,37,8,4,4,50,5,70,158,44,20,10,2,16,2,-,597
,,ACG,22,44,8,1,-,1,11,1,6,20,12,3,1,-,1,2,-,133
,SPEEDFIGHT,ACI,94,215,10,7,2,3,65,3,37,78,28,8,20,5,4,4,1,584
,,ACZ,349,454,58,26,2,6,172,10,78,207,89,39,77,33,13,28,1,1642
,SPEEDFIGHT;TREKKER;VIVACI,AAL,52,75,3,5,-,1,24,1,9,16,7,5,14,3,4,-,-,219
,"Sum Up 125",ABN,17,39,2,1,-,1,14,1,8,16,9,2,2,2,6,1,-,121
,"SV 100,EX",101,142,317,16,11,2,10,95,4,90,132,81,37,6,4,14,3,-,964
,"SV 125 DE",100,39,80,9,1,-,3,18,-,15,38,16,7,-,1,4,1,-,232
,"TREKKER,SPEEDFIGHT,VIVA-C",102,365,544,24,17,5,7,156,7,83,238,94,34,45,8,19,18,-,1664
,,103,207,362,11,8,-,4,113,6,73,133,62,33,18,8,17,14,-,1069
,TWEET,ACQ,32,54,5,5,-,1,12,-,5,31,10,1,4,-,3,-,-,163
,,ACR,18,37,2,1,1,-,11,-,19,29,4,4,4,2,4,2,-,138
,,ACS,469,598,45,26,5,17,244,6,83,367,167,35,65,21,42,13,2,2205
,,ADM,14,30,1,-,-,1,24,-,9,25,23,10,12,4,2,2,-,157
,,ADP,20,26,2,-,-,-,24,-,6,33,13,15,12,5,10,1,-,167
,"Tweet 125",ABQ,200,290,35,20,3,5,120,5,59,163,64,12,27,8,13,6,1,1031
,"Tweet 125,Tweet 150",ABR,119,176,25,8,2,9,63,1,44,92,40,4,6,4,10,1,-,604
,VIVACITY,ABS,29,63,16,4,1,4,18,-,13,19,12,3,7,-,2,3,-,194
,"SONSTIGE/NICHT GETYPT",,699,1642,152,71,14,46,438,21,439,884,367,133,79,46,134,34,2,5201
"PEUGEOT (F) ZUSAMMEN",,,5766,9509,1125,506,106,305,3399,167,2577,6405,2349,946,920,316,715,302,17,35430
"PIAGGIO (I)",,051,186,330,10,6,4,4,95,1,30,163,37,8,3,1,9,4,-,891
,,126,102,150,5,1,4,7,36,-,26,72,27,26,-,-,9,2,1,468
,,ABF,91,63,1,5,1,1,30,5,30,88,31,6,19,6,14,5,-,396
,,AEF,83,118,36,9,1,5,40,2,37,98,28,6,2,4,22,5,-,496
,,AEG,53,63,2,1,1,5,16,1,10,50,12,2,3,1,3,2,1,226
,125,134,290,370,14,9,9,14,151,5,120,307,92,57,5,5,37,1,-,1486
,"150 V",141,170,240,22,4,6,23,103,4,80,191,70,2,3,-,28,-,-,946
,200,135,785,1011,35,9,16,28,347,5,283,741,221,90,14,12,68,2,1,3668
,"Ape Calessino",ADT,40,63,5,4,1,2,16,1,15,43,9,3,6,-,2,1,-,211
,"Ape Calessino 200",AJO,49,64,3,2,1,5,25,4,20,41,17,3,1,2,9,2,-,248
,,ALX,48,66,1,4,-,3,30,2,25,52,19,2,4,6,12,2,-,276
,"APE TM",022,41,53,1,-,-,-,9,1,8,19,19,3,5,2,6,3,1,171
,,027,307,492,27,33,4,7,130,14,134,287,112,14,34,14,29,19,-,1657
,,AIV,462,608,39,36,12,18,136,14,109,294,125,23,28,16,47,26,-,1993
,"Atlantic 125,Atlantic 125",ABX,24,51,17,11,2,3,19,1,18,82,10,4,3,1,9,3,-,258
,"Atlantic 300,Atlantic 250",ABY,35,29,12,3,1,2,10,4,4,36,16,1,6,-,1,-,-,160
,"Atlantic 500 Sprint",AAT,29,25,5,5,1,-,9,1,6,33,12,1,2,2,-,1,-,132
,"AUTOMATIK,XL",129,111,136,11,2,2,9,37,-,30,57,31,10,-,3,12,4,1,456
,"Bellagio 940",AGB,57,59,13,8,2,3,23,4,32,55,17,8,23,5,5,4,-,318
,"BERVERLY 500",103,143,187,22,12,1,7,62,4,35,112,27,8,4,-,16,2,-,642
,"Beverly 125",AHD,124,215,32,8,1,6,85,3,25,132,44,5,5,4,11,3,1,704
,"BEVERLY 125",053,230,380,46,23,5,27,109,4,108,235,70,18,3,4,51,4,-,1317
,"Beverly 125 Tourer;Beverl",ADF,45,75,15,5,-,2,11,1,9,45,5,2,2,-,5,2,-,224
,"BEVERLY 200",054,78,113,11,1,-,-,25,1,18,80,16,3,4,-,6,-,-,356
,"BEVERLY 250",059,63,73,6,2,-,3,30,1,5,38,12,4,2,-,6,-,-,245
,"Beverly 250;Beverly 250 C",AAM,61,62,8,3,-,4,20,4,10,57,16,1,3,-,4,-,-,253
,"Beverly 300",AHE,116,148,12,6,1,5,49,3,21,96,28,7,7,4,5,2,-,510
,"BEVERLY 300 hpe",AON,26,30,8,7,1,-,4,2,10,18,1,1,2,2,3,1,-,116
,"Beverly 350 ABS,Beverly 3",AIP,623,917,91,28,4,33,258,4,89,421,157,30,21,7,47,11,2,2743
,"BEVERLY 400 hpe",AOO,353,540,52,16,-,21,147,4,85,309,86,21,34,12,33,8,1,1722
,"Beverly 500;Beverly 500 C",AAK,129,168,25,6,2,11,45,-,35,91,25,7,4,1,12,5,-,566
,"BEVERLY,BEVERLY 300 ABS E",ALB,108,132,9,6,-,4,34,-,18,74,21,4,3,2,4,3,-,422
,"BEVERLY,BEVERLY 350 ABS E",ALC,440,650,74,23,-,22,181,5,68,283,111,21,23,2,21,6,5,1935
,"CALIFORNIA 1400,ELDORADO,",AJF,101,132,15,23,2,9,52,7,63,112,47,6,11,7,14,7,-,608
,"CAPONORD 1200 RALLY,CAPON",AJJ,102,134,7,19,1,4,36,8,58,95,37,7,26,17,10,12,-,573
,"Carnaby 125",ADK,141,280,22,10,1,4,54,3,50,145,30,7,10,2,15,3,-,777
,"Carnaby Cruiser 300;Carna",AER,67,116,9,3,1,3,32,3,11,91,18,1,4,4,6,2,-,371
,"Dorsoduro 1200",AHJ,137,195,11,13,4,5,39,7,46,103,34,9,39,17,15,16,1,691
,"DORSODURO 750,Dorsoduro",AEN,397,467,49,63,5,17,113,26,106,329,117,25,132,36,47,61,4,1994
,"Dorsoduro 900",ALP,79,91,11,21,1,4,32,7,33,76,24,7,29,10,6,13,-,444
,,AMQ,59,74,10,13,-,-,19,6,20,56,26,3,15,14,6,10,-,331
,"FLY 125",028,176,210,34,16,2,14,91,4,45,138,40,14,5,2,23,5,-,819
,"Fuoco 500",ADM,15,32,3,2,1,2,15,4,5,26,10,1,-,2,2,3,-,123
,"FUOCO LT",AJU,22,35,13,1,-,-,23,-,10,36,8,-,1,-,1,1,-,151
,GILERA,052,35,53,4,2,1,2,15,-,2,26,6,1,2,-,4,-,-,153
,,055,96,138,7,3,1,2,43,-,16,68,21,2,3,-,11,1,-,412
,"GILERA COGUAR 125",096,20,26,1,4,1,1,19,1,8,14,5,2,3,2,5,3,-,115
,"Gilera GP800",AEB,27,40,7,3,-,1,19,-,9,39,7,2,3,1,-,1,1,160
,"GILERA RUNNER 125 FX DDSP",088,591,799,25,7,7,18,209,6,112,519,79,35,13,2,36,8,2,2468
,"GILERA RUNNER 180",151,482,750,23,10,9,25,287,4,129,490,117,35,10,5,45,8,1,2430
,"Griso 8V",AGI,63,62,13,11,-,2,28,3,41,58,16,3,16,10,10,6,-,342
,"GTV 125,GTS 125,GT 125",ACI,437,886,130,38,13,67,174,8,174,417,120,27,24,5,85,12,5,2622
,HEXAGON,139,258,368,21,7,6,18,159,8,161,352,120,51,6,3,48,5,2,1593
,"HEXAGON 125",089,32,33,4,2,2,3,17,1,11,45,7,2,2,-,6,-,-,167
,,147,57,55,10,3,3,10,40,2,24,80,13,7,-,-,8,1,-,313
,"HEXAGON 180",152,68,111,1,6,4,6,41,-,63,100,20,11,3,2,14,1,-,451
,"HEXAGON GT 250",154,66,75,3,3,-,9,44,3,30,77,10,4,5,1,23,-,-,353
,"Liberty 125",AFT,52,98,15,2,2,3,32,-,25,78,17,4,1,1,7,-,1,338
,"LIBERTY 125",031,47,89,8,2,1,4,14,2,7,29,9,1,6,-,6,-,-,225
,"LIBERTY 125 ie PTT,LIBERT",AAQ,30,95,6,1,-,3,14,-,13,25,13,-,2,1,6,2,-,211
,M19200,156,872,1385,167,41,16,138,361,12,206,586,171,35,20,9,129,16,4,4168
,M20,158,17,24,1,1,-,-,12,1,8,35,4,2,1,-,2,1,-,109
,M23,157,48,43,5,-,-,3,19,-,21,60,12,8,1,-,7,-,-,227
,M25000,050,76,88,1,3,1,3,25,2,13,24,9,2,1,1,6,-,-,255
,"M31 VESPA GRANTURISMO 125",057,523,839,125,27,10,79,259,9,171,558,165,38,17,9,92,8,2,2931
,"Mana 850 GT,Mana 850",AEC,86,67,13,10,2,3,26,4,41,102,28,8,16,5,11,6,-,428
,"Mojito 125 e3",AEQ,51,83,16,9,2,5,19,2,28,63,8,1,9,2,12,2,-,312
,"MOTARD 125,ENDURO 125,SX",AMA,248,283,4,24,-,2,71,20,76,177,59,10,26,31,11,25,2,1069
,MP3,ABQ,20,30,9,1,-,4,14,2,6,23,11,5,3,3,6,1,-,138
,,ABR,49,32,6,-,-,3,16,1,25,46,15,4,5,2,6,1,1,212
,"MP3 300 hpe",ANZ,337,432,75,20,2,23,179,7,88,463,141,31,44,16,60,16,1,1935
,"MP3 300 HPE,MP3 300 LT AB",ANT,230,262,37,16,1,6,94,2,32,241,73,19,20,10,20,7,-,1070
,"MP3 300 LT",AKA,43,46,42,14,1,4,24,1,9,37,12,2,2,3,1,1,1,243
,"MP3 300 LT EURO 4,MP3 300",ALD,17,21,4,3,1,1,21,1,7,22,4,-,-,1,2,-,-,105
,"MP3 300 LT YOURBAN EURO 4",ALR,44,24,-,-,-,1,24,-,4,25,7,-,3,1,2,-,-,135
,"MP3 300 LT,MP3 250 LT",AFF,237,266,101,36,4,23,145,11,84,398,90,22,18,8,41,18,-,1502
,"MP3 350,MP3 350 LT ABS",AMK,68,86,7,6,1,1,46,2,29,112,25,1,6,3,8,4,1,406
,"MP3 400 hpe",AOU,46,39,16,6,-,-,24,-,18,52,18,5,4,3,8,-,-,239
,,APF,39,34,6,-,-,3,13,2,5,34,12,3,3,1,7,1,-,163
,"MP3 400 LT",AFG,831,1130,161,81,16,61,451,37,329,1038,277,95,52,19,111,23,1,4713
,"MP3 400 MIC,MP3 400 RL,MP",ADL,30,41,5,3,-,2,25,1,19,35,14,2,3,1,5,1,-,187
,"MP3 500 hpe",AOJ,118,172,10,5,1,7,62,7,38,122,40,7,9,3,16,3,-,620
,"MP3 500 hpe,MP3 500 LT AB",AMI,411,438,86,26,5,19,178,9,118,369,114,19,23,4,36,9,-,1864
,"MP3 500 LT",AJX,509,642,87,43,5,25,238,10,144,407,157,25,15,9,34,10,-,2360
,"MP3 500 LT BUSINESS/SPORT",AIQ,502,738,83,36,2,28,270,19,191,581,182,62,18,19,57,12,3,2803
,"MP3 500 LT,MP3 500 LT ABS",ALF,311,357,47,20,4,9,138,11,71,292,91,16,13,7,28,3,-,1418
,"MP3 530 hpe",APE,149,203,31,16,1,8,68,6,52,191,53,8,6,4,22,9,-,827
,"MP3 YOUrban 300 LT",AIN,252,358,72,26,3,15,108,7,49,215,75,22,15,-,21,8,2,1248
,"N/A,ELDORADO EURO4,CALIFO",AKM,68,80,16,21,-,6,18,7,32,56,17,4,15,14,8,11,1,374
,"Nevada 750",AHI,27,26,8,4,-,-,12,3,11,18,4,-,6,2,2,4,-,127
,"Nexus 250e3",AAY,46,42,2,1,1,1,14,-,7,27,12,-,3,2,1,1,-,160
,"NEXUS 500",159,64,78,4,3,2,2,36,1,19,84,16,4,8,1,5,2,-,329
,"Norge 1200 4V ABS,Einsitz",AIB,16,27,-,7,1,-,10,2,15,20,10,2,12,6,6,2,-,136
,"P 80 E LUSSO",081,2953,5457,274,50,91,241,914,25,937,2893,502,140,53,18,532,25,20,15125
,"Pegaso Strada/Trail;Pegas",ADB,28,37,5,7,1,2,16,3,8,40,10,2,23,4,1,5,-,192
,"PX 125 E LUSSO",127,750,1157,35,9,20,75,307,3,302,832,216,126,10,6,139,4,4,3995
,,148,40,71,4,1,1,3,10,2,12,28,9,1,-,1,4,-,-,187
,"PX 125 T5",133,19,34,2,-,-,2,16,-,8,22,6,1,-,-,3,-,-,113
,"PX 150 E LUSSO",128,164,221,7,1,4,9,60,-,41,108,48,8,5,1,25,4,1,707
,"PX 200 E LUSSO",123,1873,2807,113,26,45,163,803,11,723,1776,430,88,16,7,261,7,9,9158
,Quargo,ADQ,83,130,3,13,1,3,30,3,14,41,17,2,23,7,8,21,-,399
,"RS 125",ADG,23,22,1,3,1,2,14,1,8,23,7,2,2,3,2,1,-,115
,,AEH,94,90,9,6,2,2,35,5,33,83,26,10,16,4,11,3,-,429
,"RS4 125,GPR 125,RS4 125",AIS,368,353,19,35,3,7,102,14,114,242,104,20,36,18,25,21,1,1482
,"RSV 4",AFQ,94,108,13,28,1,3,33,12,54,93,21,4,51,15,20,19,-,569
,,AJG,49,48,8,14,1,3,18,5,25,26,14,1,19,12,9,9,-,261
,,AKJ,63,91,12,21,3,4,24,8,40,68,23,7,18,15,13,17,-,427
,RSV1000/Tuono,ACK,195,229,25,41,11,11,72,11,102,178,57,6,47,18,27,24,2,1056
,,ACP,42,56,8,22,-,2,15,5,31,50,6,4,33,9,11,12,1,307
,"RSV4 1100 FACTORY",ANM,42,45,7,6,-,3,13,4,24,45,8,1,17,5,9,6,-,235
,"RSV4 FACTORY,RSV4",AOI,44,61,5,12,1,5,20,2,26,39,11,-,13,9,5,11,-,264
,"RSV4 RR-RF EURO 4,RSV4 RR",ALK,50,70,5,14,-,2,16,4,23,46,13,1,24,10,7,6,-,291
,"RUNNER 125",107,55,71,3,4,-,1,16,-,5,43,10,-,7,-,5,-,-,220
,"RUNNER ST 125,RUNNER 125,",AAG,207,332,39,10,3,7,99,7,47,189,31,7,29,7,14,8,-,1036
,"RUNNER ST 200,RUNNER 200,",AAH,121,176,13,12,4,2,54,2,31,118,25,4,4,2,6,1,1,576
,RX125FP;SX125FP,AEU,49,75,1,2,-,1,29,2,25,43,25,1,8,6,10,3,-,280
,S,124,64,72,1,-,2,2,21,-,15,36,11,4,1,1,4,1,-,235
,"S,AUTOMATIK",083,26,41,4,-,-,1,14,1,7,23,13,-,-,-,6,-,-,136
,"Scarabeo 125 ie,Scarabeo",AFW,45,58,7,3,-,1,17,-,5,34,4,1,3,-,7,1,-,186
,"SFERA 125",144,460,656,36,21,13,42,352,8,300,538,240,73,12,6,94,9,5,2865
,"SFERA 80",084,69,99,13,1,1,2,52,3,15,76,20,3,1,-,7,-,-,362
,"Shiver 750 ABS,Shiver 750",ADR,459,594,94,120,8,17,195,38,175,379,136,36,244,62,66,90,5,2718
,"SHIVER 900",ALQ,83,112,12,16,2,1,30,7,51,90,36,12,44,16,7,21,-,540
,,AMO,61,51,14,12,1,2,16,3,34,67,26,6,25,13,5,7,-,343
,"SKIPPER LX 125",094,66,60,1,1,-,1,28,-,8,22,9,-,-,-,4,2,-,202
,"SKIPPER ST 125",098,556,844,55,25,2,28,222,8,110,345,86,19,17,2,38,11,-,2368
,"SKR 125",138,1036,1458,80,34,19,69,649,14,431,1187,365,142,24,9,114,16,3,5650
,"SKR 150",150,32,58,5,1,-,1,18,1,11,36,7,3,2,1,4,-,-,180
,"Sport City 125",ABB,212,253,43,21,2,5,69,8,37,158,46,11,38,9,10,6,1,929
,,AEW,124,128,38,15,-,6,41,9,21,82,19,6,19,2,13,6,1,530
,"Sport City 250",ABE,95,102,23,1,1,5,38,3,16,56,11,4,11,2,5,5,-,378
,"Sport City 300,Sport City",AEV,123,163,29,12,-,2,39,4,30,80,21,7,16,1,11,13,1,552
,"SR MAX 125,Nexus 125, SR",ADJ,89,113,35,21,1,3,45,4,19,116,25,3,9,1,6,7,-,497
,"SR MAX 300,Nexus 300, SR",ADH,186,176,23,14,2,2,91,5,36,146,40,18,33,4,9,13,-,798
,"SRV 850 ABS,SRV 850",AIW,56,59,1,4,4,-,20,2,9,64,23,4,7,1,5,4,-,263
,"Stelvio 1200 NTX,Stelvio",AFZ,213,195,15,25,5,12,64,8,101,195,67,14,36,10,20,10,3,993
,"SUPER HEXAGON GTX 125",155,122,180,24,10,3,14,88,4,97,214,53,24,4,3,32,5,1,878
,"SX 125,RX 125",ANG,681,901,25,132,6,10,179,106,264,481,231,30,99,67,62,54,1,3329
,,AOP,948,1591,83,202,9,21,347,142,453,873,383,64,154,200,100,110,-,5680
,"SXV 550",ADY,19,31,5,2,2,1,9,1,10,16,10,2,5,4,2,3,-,122
,"TPH 125 X-R",146,1207,2287,51,25,4,50,591,13,275,984,308,135,32,11,129,21,2,6125
,"TUAREG 660",APA,109,154,16,15,3,11,50,10,59,122,31,7,22,18,19,18,-,664
,"Tuono 1000 Factory,Tuono",AIL,114,140,8,15,2,9,28,7,48,90,29,11,37,10,12,14,-,574
,,AJN,78,102,4,13,2,4,21,6,39,68,22,7,21,6,15,15,1,424
,"TUONO 125 ,RS 125",ANA,249,212,21,35,2,2,91,7,97,268,81,11,28,11,14,8,-,1137
,,AOW,596,723,73,106,13,14,257,39,321,710,294,23,46,84,50,39,1,3389
,"TUONO 125 EURO4,RS 125 EU",ALG,371,392,9,42,7,8,120,16,154,308,102,17,49,30,23,13,-,1661
,"TUONO 660 FACTORY,RS 660",AOC,319,476,68,55,9,25,127,19,157,457,121,21,88,51,45,45,5,2088
,"TUONO 660,RS 660",AOD,92,155,16,27,3,5,48,10,63,162,39,13,36,14,16,21,-,720
,,AOE,211,356,35,48,5,10,89,17,101,222,58,8,30,29,27,20,1,1267
,"TUONO V4 1100 FACTORY EU4",ALO,217,269,18,33,5,7,64,6,103,199,46,12,47,15,19,28,-,1088
,"Tuono V4 1100 Factory,Tuo",AKK,163,229,15,25,1,5,49,11,62,129,39,13,38,13,21,17,-,830
,"TUONO V4 1100 FACTORY,TUO",ANI,172,235,9,25,5,7,41,2,70,176,41,7,27,19,19,22,-,877
,"TUONO V4 FACTORY,TUONO V4",AOT,139,238,14,22,1,4,45,6,63,163,36,9,44,17,11,20,-,832
,"V100 MANDELLO S,V100 MAND",APG,89,125,20,13,3,2,40,2,59,105,45,4,9,10,24,9,1,560
,"V7 Caffe 750;V7 Classic 7",AFO,77,70,18,11,-,8,40,4,25,61,10,3,12,5,8,4,-,356
,"V7 III EURO4,V7 SPECIAL,V",ALH,169,190,54,33,3,14,69,16,79,201,38,14,45,16,18,11,-,970
,"V7 III,V7 III STONE,V7 II",AMP,62,98,27,12,1,5,28,5,34,100,21,5,25,12,8,6,4,453
,"V7 Record,V7 Racer,V7 Spe",AIZ,56,53,10,6,-,3,18,8,17,53,12,7,17,5,11,5,-,281
,"V7 SPECIAL,V7 STONE CORSA",AOF,287,414,79,50,5,27,131,24,159,341,109,24,81,21,50,34,3,1839
,"V7 Stornello,V7 Record,V7",AHG,392,402,89,56,7,42,151,39,162,370,93,19,74,25,39,31,-,1991
,"V85 TT",ANS,315,410,60,69,3,29,128,12,186,394,102,19,64,27,65,41,1,1925
,,AOL,318,424,43,38,7,16,130,18,225,394,134,17,65,33,56,50,-,1968
,"V850 X,V7 STONE",APC,41,43,7,2,1,1,13,2,23,36,10,3,6,8,8,1,-,205
,"V9 BOBBER SPORT,V9 BOBBER",AMR,19,22,5,4,-,1,9,-,15,25,8,1,9,3,2,4,-,127
,"V9 BOBBER,V9 ROAMER",AKS,122,132,37,47,3,6,47,14,63,131,45,9,32,14,15,24,1,742
,"V9 ROAMER,V9 BOBBER",AOG,42,61,11,11,2,1,19,3,28,52,18,2,16,6,10,5,-,287
,"VESPA 125",087,413,432,22,10,4,34,197,3,74,270,45,12,5,-,47,5,1,1574
,"Vespa 125 i.e.3V,Vespa S",AGK,585,837,75,35,14,36,190,8,97,333,87,9,20,7,33,8,2,2376
,"VESPA 180 SUPERSPORT",180,13,30,1,-,-,-,24,-,12,31,9,1,-,1,3,-,-,125
,"VESPA 946 150,VESPA 946 1",AJM,84,121,4,2,1,6,27,1,19,63,13,5,8,3,3,5,1,366
,"VESPA ELETTRICA",ANN,69,131,26,8,2,11,30,3,24,103,17,2,7,3,10,3,-,449
,"VESPA GRANTURISMO 200 L",056,458,791,84,21,9,51,251,10,143,465,130,17,22,5,67,8,3,2535
,"VESPA GTS 125",AOK,3161,4540,682,258,40,581,1417,71,683,3120,821,135,175,84,476,77,13,16334
,"VESPA GTS 250",106,988,1329,175,44,28,106,456,19,309,816,245,43,29,23,149,16,5,4780
,"VESPA GTS 300 ABS ,VESPA",ABS,4765,7247,701,223,74,559,1977,67,1226,4033,1053,232,224,87,583,81,27,23159
,"VESPA GTS SUPER 125 ABS,V",AGA,1157,2169,211,57,20,123,496,24,255,1021,293,60,44,18,129,20,4,6101
,"VESPA GTS,VESPA GTS 125,V",ALI,1241,1697,362,135,22,253,481,21,313,1185,288,17,62,41,195,34,5,6352
,"VESPA GTV ,VESPA GTS,VESP",ANY,3738,5411,582,209,69,407,1609,83,1002,4269,1008,221,181,130,539,94,18,19570
,"VESPA LX 125",104,206,334,51,13,1,23,80,4,35,124,43,6,4,2,35,4,-,965
,"Vespa LXV 125 i.e.,Vespa",AGJ,802,1387,126,46,12,117,336,20,156,562,166,33,48,9,105,10,2,3937
,"VESPA PX 125",058,68,217,13,1,4,14,34,1,22,108,19,6,3,1,22,1,-,534
,,AAI,50,106,11,3,1,16,17,1,24,84,17,3,3,2,11,-,1,350
,,AIG,211,441,27,6,7,21,90,1,59,299,55,12,9,5,34,5,-,1282
,"VESPA PX 150",AIH,198,289,23,4,5,22,78,4,60,254,40,10,9,2,30,2,3,1033
,"VESPA PX 200FLDT",130,825,1070,64,15,24,122,308,5,417,1101,184,33,9,4,179,4,7,4371
,"VESPA RALLY 200",193,83,133,9,1,4,11,52,-,41,127,27,1,2,1,11,2,1,506
,"VESPA S 125 E.3,VESPA LXV",ABZ,486,1031,99,31,6,94,199,5,111,314,99,23,23,13,70,14,3,2621
,"VESPA SEI GIORNI,VESPA GT",ALE,2191,3138,400,138,30,239,932,34,591,2125,507,137,94,59,234,42,19,10910
,,ANJ,2370,3611,428,162,43,297,932,33,628,2459,585,141,119,72,280,51,13,12224
,"Vespa Spint 125 ABS,Vespa",AKY,1188,1674,148,54,11,114,405,19,181,836,216,43,72,23,88,30,3,5105
,"Vespa Sprint 125 ABS,Vesp",ANF,1452,1770,295,103,23,180,479,31,239,946,249,59,94,30,117,42,5,6114
,"VESPA SPRINT 125 ABS,VESP",AOA,2735,3629,552,252,37,418,1044,62,542,2030,548,121,241,89,311,129,12,12752
,"Vespa Sprint 150 ABS,Vesp",AKX,26,42,19,4,-,4,22,-,13,70,8,1,5,1,6,2,-,223
,,ANH,19,46,3,-,1,4,12,-,6,25,15,-,-,-,4,1,-,136
,,ANX,22,46,5,1,4,-,11,2,18,39,11,-,-,1,1,1,1,163
,"Vespa Sprint,Vespa Primav",AJQ,935,1396,124,35,14,76,352,16,151,533,164,37,50,13,78,20,5,3999
,,AJR,17,36,6,2,1,2,17,1,1,23,6,-,2,-,1,-,-,115
,"X EVO 125;X8 125",AAC,204,266,93,27,15,27,111,5,146,441,80,26,4,3,61,2,2,1513
,"X EVO 250;X8 250",AAA,208,211,22,14,1,11,103,3,83,245,57,11,20,6,21,11,-,1027
,"X EVO 400;X8 400",AAX,200,203,32,20,3,14,80,9,73,209,57,14,7,2,16,8,-,947
,"X10 125",AJC,40,54,34,13,-,11,46,2,26,121,22,5,1,1,14,1,-,391
,"X10 350",AJD,109,115,26,14,1,6,53,-,40,136,29,6,8,5,12,1,-,561
,"X10 500",AJE,82,102,17,8,3,7,50,4,35,91,29,12,9,4,11,4,-,468
,"X7 EVO 125 i.e",AGL,25,30,3,4,-,3,8,-,16,30,3,1,1,-,5,-,1,130
,"X7 EVO 300",AGM,26,28,3,2,-,2,8,-,8,22,7,2,1,1,-,1,-,111
,"X8 125",025,270,395,76,17,13,19,170,8,144,471,115,29,9,7,54,8,-,1805
,"X8 200",024,130,208,18,9,1,13,80,2,50,182,46,15,2,1,15,6,-,778
,"X9 125",114,292,450,118,46,13,36,208,16,211,764,153,71,9,13,91,8,1,2500
,"X9 500",102,173,201,22,13,1,11,94,8,87,203,48,20,6,6,26,5,-,924
,"SONSTIGE/NICHT GETYPT",,22637,39950,2272,740,702,1927,8594,365,8925,24180,5729,1497,799,363,3399,400,82,122561
"PIAGGIO (I) ZUSAMMEN",,,89753,137033,12537,5763,1870,8150,36967,2212,29662,88361,23157,5602,5744,2706,11876,2812,370,464575
"PIAGGIO (RC)",,AAE,449,592,148,38,12,35,199,11,96,334,92,19,19,8,54,9,2,2117
,"FLY100 4T",AAC,49,74,30,6,1,5,15,1,5,36,11,2,1,1,8,-,-,245
,"PIAGGIO 1,PIAGGIO ONE",AAR,64,120,38,11,3,10,45,2,17,93,8,3,20,7,10,10,-,461
,"SR-Motard 125,NEW TYPHOON",AAK,380,635,126,61,4,32,186,27,75,313,108,28,53,14,35,27,4,2108
,"SONSTIGE/NICHT GETYPT",,130,269,37,13,8,11,97,5,82,168,36,4,18,8,27,17,2,932
"PIAGGIO (RC) ZUSAMMEN",,,1072,1690,379,129,28,93,542,46,275,944,255,56,111,38,134,63,8,5863
"PIAGGIO (VN)",,AAC,292,526,72,16,2,10,135,12,41,188,74,11,18,7,14,7,-,1425
,LIBERTY,AAR,365,748,131,54,10,58,185,16,93,445,103,29,42,11,60,16,1,2367
,"LIBERTY 125 3V,LIBERTY 12",AAD,63,112,12,5,-,7,30,2,7,48,20,-,5,1,6,-,-,318
,"LIBERTY 125 ABS",ABA,396,739,196,57,8,73,197,25,113,575,108,22,51,19,95,42,3,2719
,"LIBERTY 125 EURO 3,LIBERT",AAG,82,131,13,3,-,2,31,-,10,77,21,4,5,-,10,4,-,393
,"LIBERTY,LIBERTY 125 ABS E",AAL,307,544,59,20,2,31,129,10,56,291,80,13,31,4,48,16,2,1643
,"Liberty,LIBERTY 150 EURO",AAM,25,20,2,-,-,2,10,1,3,30,6,-,-,-,2,2,-,103
,MEDLEY,AAQ,53,98,7,2,-,7,32,-,14,45,12,3,4,2,8,2,-,289
,,AAY,534,857,139,43,3,53,220,16,99,452,120,32,33,18,59,18,4,2700
,,AAZ,11,18,9,2,-,1,12,-,8,30,7,4,2,-,2,2,-,108
,"MEDLEY 125",ABD,941,1424,245,73,9,101,361,21,166,839,197,45,93,25,122,35,3,4700
,"MEDLEY 150",ABE,35,45,5,1,-,2,24,1,7,50,18,2,2,-,11,4,-,207
,"Medley,MEDLEY 125 ABS EUR",AAJ,311,482,71,13,2,21,125,3,54,270,69,28,23,9,32,5,2,1520
,"MEDLEY,MEDLEY 150 ABS EUR",AAK,22,59,10,2,1,2,23,1,9,41,16,2,1,1,2,1,-,193
,"SR GT 125",ABI,355,439,75,34,5,13,209,15,72,389,105,25,74,36,30,18,1,1895
,"SR GT 200",ABJ,119,135,11,7,2,2,58,4,29,143,33,8,37,10,10,14,1,623
,"SONSTIGE/NICHT GETYPT",,145,197,13,10,-,8,60,4,40,120,60,6,11,4,21,7,-,706
"PIAGGIO (VN) ZUSAMMEN",,,4056,6574,1070,342,44,393,1841,131,821,4033,1049,234,432,147,532,193,17,21909
"POLARIS (USA)","BOARDWALK,GUNNER,JUDGE,HI",AAH,148,126,44,44,6,7,53,12,110,136,45,8,43,21,27,22,2,854
,"JACKPOT, NESS JACKPOT,HAM",AAF,37,25,8,9,-,4,20,8,25,36,6,4,18,7,3,7,-,217
,"JACKPOT,NESS JACKPOT,HAMM",AAI,57,50,16,16,5,5,26,7,61,40,18,2,26,11,14,11,2,367
,"KINGPIN 8-BALL,KINGPIN,HI",AAE,17,21,6,5,-,-,11,1,13,14,5,-,3,2,5,-,-,103
,"MAGNUM X-1,MAGNUM, NESS M",AAG,34,49,22,13,2,6,47,3,30,40,16,3,21,12,12,8,-,318
,"SONSTIGE/NICHT GETYPT",,107,117,17,23,6,8,62,8,80,84,31,6,37,17,29,17,-,649
"POLARIS (USA) ZUSAMMEN",,,400,388,113,110,19,30,219,39,319,350,121,23,148,70,90,65,4,2508
"RENAULT (F)",TWIZY,AZP,747,855,78,71,18,57,371,26,381,1000,271,57,73,54,165,45,4,4273
,,BHA,182,184,24,16,4,23,89,9,87,267,74,17,46,17,43,19,-,1101
,"SONSTIGE/NICHT GETYPT",,12,16,-,1,1,2,8,3,4,29,6,-,1,1,3,4,-,91
"RENAULT (F) ZUSAMMEN",,,941,1055,102,88,23,82,468,38,472,1296,351,74,120,72,211,68,4,5465
REWACO,"REWACO CHOPPER",300,18,28,2,11,1,2,21,6,31,100,34,-,21,10,11,8,-,304
,,302,12,15,-,3,-,-,12,1,11,51,13,-,4,3,3,-,-,128
,"RF 1 ST-3 1.5 ATM,RF 1 ST",AAQ,13,17,1,2,-,-,7,5,8,26,5,5,2,4,1,7,-,103
,"RF 1 ST,RF 1 LT,RF 1 GT,R",AAD,24,34,3,2,-,1,17,3,14,48,21,2,5,5,3,1,-,183
,RF1,AAU,23,40,1,10,-,3,27,6,24,70,17,9,23,5,11,11,-,280
,,AAV,21,30,1,5,-,1,13,5,11,54,14,3,6,2,8,3,-,177
,"SONSTIGE/NICHT GETYPT",,215,197,19,32,4,15,142,42,110,321,129,27,63,41,44,53,-,1454
"REWACO ZUSAMMEN",,,326,361,27,65,5,22,239,68,209,670,233,46,124,70,81,83,-,2629
SACHS,"MadAss 125, Aggressive",AAC,23,27,5,3,1,1,14,-,6,21,1,3,5,-,5,4,-,119
,"MadAss 125,Aggressive",AAB,23,50,6,3,1,4,15,1,19,39,5,3,4,5,16,1,-,195
,"ROADSTER 650 V1.6",106,68,115,17,12,4,-,32,1,26,76,23,12,27,8,12,6,-,439
,"ROADSTER 800 V2",108,68,82,21,21,2,2,31,8,48,72,25,9,32,26,10,13,1,471
,"ZX,ZZ 125",101,15,61,1,5,-,1,17,2,18,26,10,3,-,2,3,3,-,167
,"ZZ,ZX",AAK,17,85,3,27,-,1,26,8,19,39,6,3,23,9,10,12,-,288
,"SONSTIGE/NICHT GETYPT",,301,753,34,73,6,17,161,41,186,353,139,39,116,65,57,71,-,2412
"SACHS ZUSAMMEN",,,515,1173,87,144,14,26,296,61,322,626,209,72,207,115,113,110,1,4091
"SANYANG (RC)",,085,10,30,2,-,-,1,9,-,10,25,5,3,1,-,4,2,-,102
,,088,22,58,5,2,-,-,5,4,13,32,13,4,1,-,1,3,-,163
,,AAE,59,55,13,10,-,3,14,4,16,46,13,1,6,2,2,4,-,248
,,AAN,44,62,4,1,1,2,20,1,13,26,9,3,-,-,5,-,-,191
,,AAQ,14,37,-,4,-,-,11,2,12,13,8,-,11,1,2,5,-,120
,,AAR,60,66,13,9,-,4,18,3,50,58,12,6,8,7,7,5,-,326
,,AAT,133,211,30,12,1,19,62,7,46,103,25,3,8,6,19,2,-,687
,,AAU,67,93,18,7,-,1,34,1,23,59,21,1,18,5,9,5,-,362
,,ABA,67,85,16,6,-,1,13,1,22,47,12,2,8,5,5,5,-,295
,"Citycom 300i,Citycom. 300",AAL,63,77,6,4,-,6,16,3,18,44,12,3,8,2,6,4,-,272
,"Citycom. 125",AAW,32,31,6,5,-,5,13,1,13,32,6,-,3,3,3,-,-,153
,"CRUISYM 300i,GTS 300i",ABT,49,39,23,2,8,4,11,3,28,47,8,2,8,7,2,-,-,241
,"CRUiSYM a,CRUiSYM,CRUISYM",ACF,22,21,35,7,-,3,4,-,9,20,1,-,1,1,2,3,-,129
,,ACG,29,20,11,1,-,-,8,-,7,18,4,2,3,5,-,-,-,108
,"GTS 125",AAY,59,80,32,8,2,11,21,3,71,93,15,2,9,7,17,1,-,431
,"GTS 125i",ABR,23,4,21,5,-,5,9,2,12,16,8,1,4,3,4,-,-,117
,"GTS 300i,N/A",ABJ,72,65,15,8,1,4,22,5,31,46,8,2,9,7,4,4,-,303
,"HD 300i",ACA,31,17,4,2,-,3,13,-,7,28,5,2,2,-,4,-,-,118
,HD2,ABF,36,33,6,1,-,1,6,-,9,26,5,1,1,-,3,1,-,129
,"HUSKY 125",080,158,608,24,68,4,20,134,54,234,317,92,25,61,25,64,30,1,1919
,"JOYMAX Z 300i",ACB,48,32,24,8,2,5,13,6,18,51,10,2,3,5,5,2,-,234
,"JOYMAX Z+,JOYMAX Z",ACI,64,43,13,6,6,2,25,1,16,68,25,8,8,6,9,4,-,304
,,ACJ,43,36,35,5,1,6,20,1,13,42,16,-,15,4,10,3,-,250
,"JOYRIDE S 125i",ABW,29,28,13,3,2,-,3,-,3,25,4,1,-,2,-,2,-,115
,LH18W,105,23,91,7,1,1,-,8,-,11,20,4,4,2,4,1,-,-,177
,LM25W,109,21,27,6,2,-,1,10,-,10,23,7,5,9,1,2,-,-,124
,,111,10,19,11,4,2,-,5,-,21,23,5,2,5,2,4,2,-,115
,"MAXSYM 400i",ABC,31,49,10,1,-,3,7,1,8,26,4,1,2,3,4,2,-,152
,"MAXSYM 400i,MAXSYM 400",ACE,46,28,8,2,-,3,7,-,10,24,9,2,4,1,1,1,-,146
,"MAXSYM 600i",ABP,44,34,17,7,1,3,9,4,13,33,7,5,2,3,4,3,-,189
,,ABV,20,20,6,4,1,3,15,-,5,26,7,1,2,4,1,1,-,116
,"MIO 115i,MIO 115",ABY,19,26,18,2,2,4,4,1,6,8,4,2,13,2,4,2,-,117
,"N/A,GTS 125i",ABK,25,23,8,2,-,4,5,1,12,26,8,-,-,2,3,1,-,120
,"SHARK 125",084,91,244,11,3,3,3,19,-,25,54,16,3,11,7,8,8,-,506
,"SUPER DUKE 125",081,84,259,4,2,1,-,26,1,21,44,14,3,4,1,2,4,-,470
,UA18A,108,41,152,2,5,3,1,29,8,55,41,46,14,8,15,8,2,-,430
,UA25A,090,23,86,2,4,2,1,20,4,40,51,18,6,5,4,12,4,-,282
,"Wolf,CYCLOPS",ABD,25,29,2,3,1,1,10,3,9,14,5,-,4,20,4,7,-,137
,"SONSTIGE/NICHT GETYPT",,731,1220,151,108,15,42,255,31,423,745,229,62,150,71,108,44,3,4388
"SANYANG (RC) ZUSAMMEN",,,2468,4138,632,334,60,175,933,156,1363,2440,720,184,417,243,353,166,4,14786
"SKY TEAM (RC)","SONSTIGE/NICHT GETYPT",,980,945,43,44,27,49,342,32,412,620,178,85,42,15,158,25,2,3999
"SKY TEAM (RC) ZUSAMMEN",,,980,945,43,44,27,49,342,32,412,620,178,85,42,15,158,25,2,3999
"STANDARD MOTOR (RC)","F Kart",AAT,85,102,24,9,5,41,37,-,62,175,25,6,26,8,22,1,-,628
,"F KART",101,37,49,1,4,2,3,12,1,33,41,20,3,2,3,14,1,-,226
,RAM,098,14,38,1,10,2,-,21,5,17,24,20,6,4,3,7,7,-,179
,"REX CHOPPER 125",080,38,51,11,42,5,4,80,29,53,65,42,11,13,11,16,21,-,492
,SMC,087,16,28,1,8,1,2,12,4,15,24,9,3,5,5,4,6,-,143
,,088,22,70,-,1,-,1,18,2,15,31,20,1,4,5,8,9,-,207
,,089,45,110,-,9,2,1,30,4,42,61,50,4,8,6,5,8,-,385
,,093,32,54,1,8,-,-,25,3,29,35,26,4,11,3,8,7,-,246
,"SONSTIGE/NICHT GETYPT",,738,1711,60,157,14,43,507,117,591,912,619,76,204,175,143,212,-,6279
"STANDARD MOTOR (RC) ZUSAMMEN",,,1027,2213,99,248,31,95,742,165,857,1368,831,114,277,219,227,272,-,8785
"SUZUKI (E)","Burgman 125 (UH125G),Burg",AAD,196,224,72,61,6,16,112,35,142,376,86,56,54,30,57,22,1,1546
,"Burgman 200 (UH200G),Burg",AAE,173,206,43,55,1,33,116,24,99,277,75,28,70,30,44,31,2,1307
,DR125SM,AAH,121,192,15,54,2,6,89,32,67,100,54,6,72,37,22,40,-,909
,GS500FU;GS500U,AAB,53,54,7,10,2,3,22,1,20,58,15,1,16,8,11,8,-,289
,GS500U,106,189,215,28,60,6,10,82,28,130,242,88,20,67,31,52,26,1,1275
,"MARAUDER GZ 125",102,24,39,5,25,1,2,15,28,24,33,14,6,35,35,9,25,-,320
,"MAURADER GZ 125",104,27,43,6,12,-,2,22,10,15,35,18,1,16,34,12,10,-,263
,"UH 125",101,323,367,54,49,13,17,187,51,231,482,132,30,45,24,97,25,-,2127
,UX125,AAF,129,159,21,26,1,8,85,17,48,126,37,17,32,11,22,18,2,759
,UX150,AAG,33,64,4,2,-,1,27,8,14,55,11,1,9,7,9,6,-,251
,"SONSTIGE/NICHT GETYPT",,67,82,10,17,1,4,33,3,41,67,43,7,13,11,14,4,1,418
"SUZUKI (E) ZUSAMMEN",,,1335,1645,265,371,33,102,790,237,831,1851,573,173,429,258,349,215,7,9464
"SUZUKI (J)","AN 125",218,77,103,7,8,2,1,48,5,41,96,38,9,5,2,15,7,-,464
,"AN 125,U",239,43,37,5,3,-,-,23,1,8,30,13,-,-,2,6,1,-,172
,"AN 250",249,78,76,4,7,3,7,40,3,39,107,35,12,9,14,9,11,-,454
,"AN 400",253,307,437,34,43,3,21,157,34,235,495,141,62,24,28,69,20,2,2112
,,268,260,322,38,38,9,15,114,28,148,436,106,26,22,30,43,19,-,1654
,"AN 650,BURGMAN 650",287,343,477,68,59,17,18,191,37,263,552,171,63,51,30,90,29,1,2460
,AN400;AN400S,AAG,15,31,1,3,-,1,10,-,17,29,14,2,1,1,5,-,-,130
,"AN650Z/Burgman650Z,AN650/",AAO,521,646,93,83,14,45,243,44,357,718,199,64,65,37,144,39,1,3313
,"BURGMAN 400",289,161,166,28,22,3,8,71,15,101,237,53,25,17,16,42,9,2,976
,"Burgman 400 (AN 400);Burg",ABG,251,281,51,36,6,22,121,32,159,413,109,24,44,26,63,28,1,1667
,"Burgman 400 (AN 400A),Bur",ADD,198,237,53,53,7,16,87,26,142,334,65,47,51,18,39,18,1,1392
,"Burgman 400 (AN400)",AEU,86,144,37,36,2,11,48,16,76,162,47,11,33,20,27,8,1,765
,,AFO,35,60,15,15,1,4,39,8,47,83,22,3,14,10,23,9,-,388
,"Burgman 650 (AN650)",AEV,66,98,23,27,3,3,36,11,59,88,25,12,10,8,19,9,-,497
,"DL 1000",286,627,790,67,123,20,33,363,89,494,972,304,71,225,137,200,140,5,4660
,DL1050,AFB,283,336,42,73,6,23,142,43,230,348,116,21,135,73,82,59,2,2014
,DL650;DL650A,AAE,584,643,112,135,17,50,320,69,496,1000,221,49,217,98,197,101,6,4315
,DL800,AFZ,66,73,14,16,1,8,60,11,53,89,23,5,27,17,14,12,-,489
,"DR 125 SE,SEU",219,34,89,5,25,2,1,49,8,27,43,36,6,13,23,10,24,2,397
,"DR 250 S",136,39,71,2,1,-,2,33,1,8,28,18,3,-,1,4,2,-,213
,"DR 350 S;DR350S OD.DR350S",187,184,244,10,34,1,7,119,28,77,184,90,15,34,23,35,45,-,1130
,"DR 350 SE",211,112,184,15,15,2,12,51,12,39,119,47,7,28,24,10,33,-,710
,"DR 600 S;DR 600 S,DR 600",151,46,78,7,3,-,5,26,-,20,39,21,3,4,-,10,2,-,264
,"DR 600 SU,RU",152,37,62,1,1,1,1,23,1,19,50,19,5,2,-,10,-,-,232
,"DR 650 R",183,26,39,2,6,-,1,2,-,11,18,9,3,1,1,3,3,-,125
,,198,68,97,5,10,3,4,48,5,38,80,38,3,14,9,21,8,-,451
,"DR 650 RE",215,33,54,3,9,2,6,19,4,21,35,17,6,4,8,18,10,1,250
,"DR 650 REU",216,26,30,2,7,-,4,10,1,12,24,20,-,4,6,11,5,-,162
,"DR 650 RSE",194,57,94,6,26,1,4,54,13,29,83,32,7,30,13,14,27,1,491
,,227,16,29,2,8,1,1,9,1,7,18,9,1,4,4,2,6,-,118
,"DR 650 RSEU",195,31,53,4,6,1,5,27,7,22,43,17,2,3,2,14,11,-,248
,,210,25,37,1,16,-,4,29,8,13,31,15,4,7,5,7,6,-,208
,"DR 650 RU",184,21,36,2,1,2,-,19,-,17,24,19,4,3,2,11,2,1,164
,,199,38,55,5,5,2,3,24,6,30,53,22,6,1,2,16,4,1,273
,"DR 650 SE",230,117,157,16,26,3,5,59,15,51,115,51,19,32,25,23,26,-,740
,"DR 650 SEU",231,40,38,4,7,3,6,25,4,18,42,11,3,10,4,11,3,2,231
,"DR 750 S",169,30,29,-,4,-,3,12,1,11,15,16,2,3,2,4,1,-,133
,"DR 800 S",191,90,127,16,36,2,12,72,14,56,164,48,7,40,18,18,35,2,757
,"DR 800 SU",192,22,35,1,4,1,3,31,3,21,31,29,2,6,2,5,9,-,205
,,208,17,15,2,9,-,1,17,8,12,33,17,2,8,4,5,4,-,154
,"DR-Z 400 S",261,175,185,22,18,1,11,86,13,59,136,50,12,25,22,33,21,-,869
,DR-Z400SM,420,275,275,22,41,5,14,124,17,98,224,68,23,42,23,44,36,1,1332
,,ABI,68,65,5,14,2,2,34,6,35,69,24,4,3,6,6,4,-,347
,"EM KATANA",131,15,22,-,-,2,3,11,1,20,30,16,2,2,1,3,1,-,129
,FL125SDW,ACE,104,138,16,19,2,4,47,8,41,89,22,10,12,18,19,15,-,564
,"GLADIUS (SFV650A),GLADIUS",ACQ,1143,1242,220,300,25,112,462,118,792,1445,332,97,386,224,351,218,5,7472
,"GN 125",086,158,269,36,111,9,25,152,55,175,254,155,24,53,55,66,55,1,1653
,,220,40,94,8,24,3,8,55,12,46,106,28,11,12,14,27,21,-,509
,"GN 125 U",087,15,36,11,28,-,1,32,19,23,35,23,1,22,32,9,19,-,306
,"GN 250",140,262,440,66,91,8,28,177,55,172,439,169,35,111,61,58,50,1,2223
,"GR 650,X",145,50,50,5,2,2,1,23,2,31,33,22,5,1,1,10,3,-,241
,"GS 400;GS 400 T",103,55,78,6,-,2,2,27,2,35,67,21,4,3,2,7,2,1,314
,"GS 450 L",155,27,39,5,2,-,-,16,1,10,28,19,3,3,3,6,3,-,165
,"GS 500 E",175,131,130,11,37,9,9,101,33,65,216,89,19,57,29,19,27,-,982
,,229,45,72,11,23,2,3,39,14,44,101,42,4,30,22,20,23,-,495
,"GS 500 EU",176,156,198,22,34,12,13,114,20,106,262,119,17,36,32,48,28,-,1217
,,203,187,201,20,64,9,29,169,28,192,413,124,18,53,39,66,55,1,1668
,"GS 500 U,HU",275,226,253,35,63,2,12,96,26,107,284,111,17,78,50,46,49,3,1458
,"GS 550 E;GS 550 E CHOPPER",105,26,25,1,3,1,1,17,1,16,29,5,1,-,-,5,4,-,135
,"GS 650 G KATANA",129,26,34,3,3,1,-,12,3,26,31,14,1,2,3,3,1,1,164
,"GS 750 D",735,17,24,3,-,1,-,12,-,10,28,14,1,-,-,4,-,-,114
,"GSF 1200,S",267,1917,2007,188,333,52,111,854,222,1552,3081,870,282,415,299,724,243,15,13165
,"GSF 1200,S,SA",233,932,879,71,136,27,54,439,73,656,1413,481,158,119,116,286,127,5,5972
,"GSF 400 BANDIT",189,40,55,4,15,1,4,36,7,39,91,30,4,9,8,10,13,1,367
,"GSF 600 U,SU",225,139,123,23,35,9,26,90,31,150,368,95,15,23,36,59,27,2,1251
,"GSF 600,S",224,520,479,67,163,22,48,312,81,414,1196,323,59,180,129,192,124,2,4311
,"GSF 650,U,S,SU",418,778,830,140,190,21,66,352,99,661,1314,298,71,264,149,323,116,7,5679
,GSF1200;GSF1200A;GSF1200S,AAK,368,410,51,63,10,30,165,41,335,554,144,35,90,59,122,61,3,2541
,GSF600;GSF600S,262,1254,1258,229,378,43,99,636,219,1132,2524,614,159,521,373,448,306,12,10205
,GSF600SU;GSF600U,263,122,138,34,34,6,9,46,16,96,178,61,15,44,19,49,30,2,899
,GSF650;GSF650A;GSF650S;GS,ACU,140,155,66,70,6,28,107,23,194,329,61,9,84,53,74,25,-,1424
,GSR600;GSR600A,AAC,1019,1036,243,324,17,94,468,127,716,1383,375,89,438,247,289,193,9,7067
,"GSR750,GSR750A",ADN,812,978,171,260,11,81,353,112,559,1107,284,76,313,189,241,162,6,5715
,"GSX 1100 F",164,68,67,6,13,4,2,39,10,55,101,44,11,6,3,23,6,1,459
,,204,19,25,4,9,2,2,12,5,31,46,12,2,10,5,11,3,-,198
,"GSX 1100 G",193,56,45,9,12,4,8,40,13,47,93,48,6,8,12,15,9,-,425
,,206,31,15,3,14,3,2,13,6,35,55,15,2,7,8,8,1,-,218
,"GSX 1200",259,107,90,12,18,3,16,62,13,58,181,43,17,29,20,33,17,-,719
,"GSX 1300 R",256,390,455,100,89,18,38,217,45,316,639,180,38,84,68,132,50,2,2861
,"GSX 1400",281,535,443,126,145,30,48,296,46,420,893,226,121,139,98,228,93,1,3888
,"GSX 400 E;GSX 400 E,-ES",139,60,131,10,6,4,6,67,5,53,111,45,3,4,6,19,9,1,540
,"GSX 400;GSX 400 E,GSX 400",125,22,43,1,4,-,-,17,2,15,27,7,3,1,2,2,-,-,146
,"GSX 550 ES,-EF;GSX 550 EU",148,33,41,4,1,1,-,20,-,17,31,12,1,-,2,3,2,-,168
,"GSX 600 F",167,94,165,6,46,2,5,76,13,91,209,88,13,64,46,31,32,1,982
,,241,23,34,4,14,3,7,32,5,35,80,20,5,22,17,13,8,-,322
,,250,64,74,10,51,2,5,37,23,93,172,34,10,39,25,32,23,2,696
,"GSX 600 FU",171,38,60,5,22,3,1,40,12,56,98,48,8,20,13,12,18,1,455
,,242,9,11,3,6,1,5,7,3,29,37,14,2,7,3,4,2,-,143
,"GSX 600 FU 2",172,26,39,3,5,-,2,24,6,25,47,21,1,6,7,6,7,-,225
,,209,29,39,1,12,2,3,17,1,30,59,20,4,6,2,17,8,-,250
,"GSX 750",240,352,326,75,116,16,48,215,43,248,704,172,47,119,96,112,74,5,2768
,"GSX 750 E;GSX 750 L (CHOP",124,18,35,1,1,-,-,13,1,8,24,10,2,2,1,6,2,-,124
,"GSX 750 F",174,60,55,4,11,-,2,27,8,30,69,40,8,9,7,12,7,-,349
,,205,12,39,2,8,-,3,18,5,28,62,20,4,8,7,16,8,1,241
,,251,120,160,25,76,6,18,114,29,197,377,97,17,60,45,87,47,2,1477
,,288,74,79,31,27,5,12,48,17,99,227,48,9,20,31,50,14,2,793
,"GSX 750 S KATANA",132,20,25,3,5,4,1,15,1,10,36,13,2,1,1,6,-,-,143
,"GSX-R 1000",279,474,516,45,93,14,25,183,46,321,564,171,50,104,61,171,42,3,2883
,"GSX-R 1100",158,65,38,3,-,1,1,23,-,46,39,26,5,1,1,11,-,-,260
,,173,132,132,11,14,2,9,65,4,130,186,62,21,9,4,44,4,1,830
,"GSX-R 1100 W",200,62,74,7,14,5,4,27,5,66,97,33,10,8,6,37,6,1,462
,"GSX-R 600",234,69,67,10,31,3,4,50,17,52,116,42,9,30,29,21,19,-,569
,,269,366,442,70,92,8,28,187,50,264,622,150,28,106,85,101,54,5,2658
,,407,226,301,28,54,2,19,128,20,160,372,92,15,38,44,68,27,-,1594
,"GSX-R 750",178,72,64,1,10,-,1,27,2,63,94,43,17,2,4,20,2,1,423
,,232,72,98,11,30,6,6,46,23,83,165,41,10,36,22,31,26,2,708
,,264,145,177,16,40,1,8,74,20,85,213,58,21,48,29,32,21,2,990
,,AAS,330,364,44,50,11,29,187,30,228,445,115,23,67,46,87,36,2,2094
,"GSX-R 750 W",197,54,62,2,12,2,2,36,9,50,103,42,13,4,7,24,14,-,436
,"GSX-R 750 W,SP",212,45,72,1,11,2,4,21,3,35,65,28,10,14,12,15,4,-,342
,"GSX-R 750,R",154,33,32,3,2,3,2,6,-,20,30,11,2,2,-,5,3,-,154
,GSX-R1000,291,393,431,38,68,14,33,165,37,334,533,127,56,88,64,154,36,1,2572
,,423,397,500,68,84,9,17,161,26,305,565,141,35,88,57,128,44,1,2626
,,ABU,420,478,70,88,9,38,211,46,338,646,140,33,104,71,139,55,4,2890
,"GSX-R1000A,GSX-R1000",ACS,248,271,51,74,2,21,105,34,168,342,65,18,50,46,79,25,-,1599
,"GSX-R1000R,GSX-R1000",AER,140,183,37,49,1,13,60,14,116,229,52,8,62,37,27,22,1,1051
,GSX-R600,AAH,380,444,67,56,11,32,148,26,223,535,124,20,64,37,87,25,3,2282
,,ACH,227,213,47,46,7,15,120,9,126,317,62,8,40,23,54,15,2,1331
,,ADI,108,121,32,28,1,11,43,12,55,137,37,4,24,26,29,12,2,682
,GSX-R750,168,44,32,2,1,-,2,12,-,25,46,17,3,3,1,7,-,-,195
,,410,164,223,14,45,4,13,98,21,171,267,88,22,44,34,47,27,1,1283
,,ACK,303,332,68,60,7,19,147,24,168,375,94,25,59,43,70,41,2,1837
,,ADL,110,161,27,31,5,17,71,16,73,205,47,8,40,23,21,26,3,884
,"GSX-S1000F,GSX-S1000FA,GS",ADY,369,387,38,69,12,21,147,40,268,435,118,35,106,61,104,47,4,2261
,"GSX-S1000S Katana,GSX-S10",AEP,363,407,66,105,17,30,190,34,348,575,128,29,136,92,109,55,6,2690
,"GSX-S1000S,GSX-S1000T,GSX",AFN,322,376,64,75,11,23,187,47,276,498,113,26,111,71,95,51,3,2349
,GSX-S750,AEH,631,762,160,213,15,71,297,80,499,994,206,47,266,154,224,105,5,4729
,GSX-S750U,AFA,60,61,16,24,-,3,18,7,37,77,24,2,31,8,21,9,-,398
,GSX-S950U,AFP,31,41,9,5,1,5,16,4,17,34,11,2,8,9,19,6,-,218
,"GSX1250FA,GSF1250SA,GSF12",ABR,1749,1949,350,451,70,151,926,195,1614,2939,730,198,485,295,588,241,17,12948
,GSX1300BK;GSX1300BKA,ACA,229,235,30,50,9,10,96,19,154,256,74,23,71,44,66,38,2,1406
,GSX1300R,AAL,26,38,11,12,2,3,19,4,20,64,14,4,5,2,18,2,-,244
,,AFM,56,87,22,20,2,4,37,10,43,93,30,4,15,6,16,11,-,456
,"GSX650FA,GSX650F,Bandit 6",ABS,581,590,208,202,21,71,323,93,599,1159,221,49,239,152,241,97,5,4851
,GSX800,AGA,92,94,24,21,-,10,46,6,79,141,24,10,30,13,28,15,-,633
,GSX800U,AGB,21,23,2,3,-,4,11,2,12,14,7,1,10,3,8,4,-,125
,"GZ 125",088,161,344,32,82,9,16,159,66,209,356,148,45,84,76,73,62,1,1923
,"GZ 125 U",089,12,22,4,15,-,3,14,10,17,35,19,4,13,10,11,5,-,194
,"GZ 250",248,34,40,6,18,-,-,16,11,19,43,13,3,29,11,5,10,-,258
,"Hayabusa (GSX1300RA),Haya",ACC,126,156,52,51,5,15,94,17,130,272,58,13,26,23,39,20,-,1097
,"Intruder C1500(VL1500)",ADR,34,64,14,43,2,6,29,38,63,108,20,1,53,44,28,12,-,559
,"Intruder C800(VL800B/-C),",AAA,207,331,79,189,8,63,98,127,283,509,109,22,201,202,168,62,1,2659
,"INTRUDER M800 VZ800",421,97,91,24,52,6,12,43,53,83,132,47,6,65,69,40,32,-,852
,"Intruder M800(VZ 800)",ABE,146,149,48,106,4,24,82,69,136,270,58,20,132,100,79,75,-,1498
,"LS 650 P,F",159,226,288,22,82,7,26,162,52,179,272,137,35,72,49,62,52,-,1723
,,207,376,509,52,262,15,28,288,133,306,621,253,52,239,190,121,163,3,3611
,"RF 600 R",201,45,66,11,27,2,2,41,13,58,91,33,3,35,26,22,15,1,491
,"RF 900 R",217,43,49,10,20,1,5,30,11,54,99,30,6,16,6,26,11,-,417
,"RG 500",156,25,20,4,2,-,2,15,-,15,38,11,-,2,1,3,1,-,139
,"RG 80 GAMMA",085,16,34,7,15,-,2,9,13,13,25,14,1,11,10,1,9,-,180
,"RGV 250",190,66,50,2,4,-,1,32,2,26,76,30,4,8,2,3,4,1,311
,"RV 125",104,45,48,4,1,-,2,35,-,19,42,20,5,1,-,8,1,-,231
,,290,129,204,28,14,4,11,79,6,62,124,58,13,30,15,34,15,-,826
,"RV 90",099,38,41,-,-,-,3,24,-,11,20,24,1,-,-,4,-,-,166
,"SV 650 S,650",254,539,569,66,102,15,33,292,38,372,726,243,69,154,81,114,99,1,3513
,"SV 650 SU,650 U",255,11,18,2,9,-,1,9,2,15,38,10,6,1,3,6,8,-,139
,"SV 650,S",295,1082,1018,158,171,28,72,401,53,621,1090,336,68,240,147,203,115,5,5808
,"SV 650U,SU",296,46,47,2,10,-,2,11,1,16,27,11,3,7,3,4,6,-,196
,SV1000S,292,529,529,69,113,16,33,222,60,383,630,163,55,167,118,120,86,7,3300
,SV650,AEB,635,736,174,189,10,81,312,61,548,1007,259,67,248,117,226,103,3,4776
,,AFK,322,388,79,88,1,49,197,32,290,609,119,47,115,86,114,58,2,2596
,SV650;SV650A;SV650S;SV650,ABP,203,251,45,37,3,17,91,13,124,198,58,18,47,25,49,8,1,1188
,SV650U,AEC,149,171,23,29,4,12,62,15,147,197,51,15,64,39,36,28,-,1042
,"TL 1000 R",247,5,18,1,6,1,1,8,2,17,27,12,4,12,3,15,2,-,134
,"TL 1000 S",236,88,88,10,33,2,9,63,10,101,113,44,18,34,13,40,33,-,699
,"TU 125 XT",092,11,13,3,8,1,4,12,5,17,19,9,1,3,6,4,3,-,119
,"UC 125",094,48,43,2,4,-,3,31,4,3,17,5,1,2,2,10,2,-,177
,"UE 125 CT",079,119,176,15,20,-,8,78,13,62,123,65,16,22,17,31,12,1,778
,"V-Strom 1000(DL 1000)",ADW,318,443,43,71,6,23,168,36,229,462,153,23,127,48,87,49,5,2291
,"V-Strom 1000(DL1000),V-St",AET,273,306,36,57,13,16,134,24,190,382,110,17,120,50,71,43,2,1844
,"V-Strom 650 (DL650),DL650",AEJ,559,635,113,154,15,54,319,69,506,1086,226,45,265,115,216,118,4,4499
,"V-Strom 650 ABS(DL650XA),",ADP,518,612,119,134,20,55,259,71,425,935,205,47,203,119,174,94,6,3996
,"V-STROM 650(DL 650);V-STR",405,352,447,48,68,9,22,236,31,250,530,158,35,108,44,106,70,2,2516
,"VanVan 125 (RV125),VanVan",ABO,101,180,30,30,2,11,67,6,48,117,35,9,19,7,29,5,-,696
,"VanVan 200 (RV200)",AEA,22,58,8,2,-,1,18,2,16,26,10,2,2,1,7,1,-,176
,"VL 125",096,109,166,17,65,8,19,97,33,143,189,86,11,34,44,48,30,-,1099
,,283,44,80,5,23,1,4,28,16,39,75,21,7,18,20,10,10,-,401
,"VL 125 U",097,10,14,3,11,-,2,6,11,10,20,7,-,6,8,2,2,-,112
,"VL 125/U",413,25,40,7,18,3,3,12,11,26,48,13,2,17,16,10,9,-,260
,"VL 1500",246,213,292,37,162,6,27,121,113,236,453,164,35,100,123,82,56,1,2221
,"VL 800",276,289,355,94,222,12,34,162,162,372,625,174,41,190,242,186,108,1,3269
,VL125,AAX,11,19,5,7,-,4,7,4,14,13,7,-,9,6,5,5,-,116
,VL1500,ABH,17,25,3,12,-,4,9,18,32,46,13,1,9,19,24,12,-,244
,VL800,417,24,33,5,23,2,11,16,16,27,72,10,3,30,21,17,9,-,319
,VLR1800;VLR1800T,ACF,84,141,21,74,3,17,38,43,96,152,35,10,53,44,57,32,1,901
,"VS 1400 GLP",226,255,410,29,334,9,24,170,250,269,424,140,34,228,254,82,189,4,3105
,"VS 1400 GLP,GLF",163,128,163,10,20,5,9,73,10,77,116,72,14,8,10,22,18,-,755
,,188,279,551,29,233,18,15,240,166,331,519,231,33,119,119,95,134,3,3115
,"VS 600 GL",221,19,42,9,37,2,1,21,15,16,22,19,3,22,27,12,12,1,280
,"VS 600 GLU",222,31,52,5,31,2,4,24,20,32,58,23,1,14,21,11,17,-,346
,"VS 750",157,137,209,15,35,3,7,102,13,92,161,91,16,20,26,32,32,-,991
,"VS 800 GL",196,306,490,52,323,14,25,234,234,292,479,221,49,247,234,116,187,2,3505
,"VX 800",185,100,122,10,33,4,6,49,12,65,104,50,10,35,24,16,14,-,654
,,228,22,25,3,9,-,4,14,2,21,28,10,1,2,3,9,4,-,157
,"VX 800 U",186,110,125,13,21,2,11,69,19,77,169,50,11,18,15,27,16,-,753
,,213,21,26,4,9,-,5,10,1,25,38,13,6,8,5,6,8,-,185
,"VZ 800",235,142,203,17,89,10,17,98,65,120,240,111,34,66,86,55,84,1,1438
,,252,124,168,24,129,5,11,102,96,124,264,78,33,104,106,63,75,-,1506
,VZ1500,ACP,39,69,14,29,2,8,20,15,41,70,28,3,28,20,17,12,-,415
,"VZR1800,VZR1800N",AAQ,465,582,156,250,15,59,267,208,417,798,189,50,257,250,217,142,6,4328
,WVAL,272,172,230,36,119,9,22,106,123,196,392,102,22,100,139,106,63,-,1937
,"X3,GT 80 L/CHOPPER",081,15,22,9,3,-,2,15,-,5,36,13,5,-,-,3,-,-,128
,"XF 650",237,174,247,16,44,3,11,107,30,93,271,105,22,66,36,35,62,2,1324
,"XF 650 U",238,30,39,3,13,-,6,29,2,29,55,21,5,8,3,6,7,2,258
,"SONSTIGE/NICHT GETYPT",,24950,29475,2922,4205,595,1331,9931,2735,16635,32320,8954,2656,6972,3627,6347,3541,104,157300
"SUZUKI (J) ZUSAMMEN",,,64322,75869,9857,15862,1809,4748,31132,9056,47843,94032,26706,7055,19716,12732,19047,10936,382,451104
"SUZUKI INDOMOBIL (RI)","ADDRESS 110 (UK110)",AAA,230,292,28,37,2,12,109,16,96,240,59,14,85,39,30,37,-,1326
,,AAC,310,422,71,76,4,13,152,38,147,288,103,24,143,85,78,60,-,2014
,"GSX-R125,GSX-S125",AAB,1017,950,130,274,10,64,370,128,648,1145,352,66,303,215,229,129,1,6031
,"SONSTIGE/NICHT GETYPT",,13,7,2,5,-,-,12,2,21,24,12,1,5,4,2,1,-,111
"SUZUKI INDOMOBIL (RI) ZUSAMMEN",,,1570,1671,231,392,16,89,643,184,912,1697,526,105,536,343,339,227,1,9482
"SWM (I)","GRAN MILANO-OUTLAW,SIX DA",AAL,28,68,5,4,-,1,6,1,14,16,5,-,5,4,6,4,-,167
,"GRAN TURISMO,GRAN MILANO,",AAE,27,43,2,6,-,-,15,4,18,18,5,1,13,6,15,6,-,179
,RS500R,AAH,12,22,1,7,-,2,9,3,11,7,4,-,6,3,11,3,-,101
,"SM125R, RS125R,RS125R,SM1",AAS,100,159,4,23,-,2,25,17,38,64,41,3,46,16,20,11,-,569
,"SM125R,RS125R",AAF,194,368,3,30,-,4,55,37,55,67,39,6,37,20,51,22,-,988
,SM500R,AAK,42,61,2,5,-,1,12,5,15,25,7,2,14,3,6,4,-,204
,"SM500R,RS500R",AAD,25,27,2,6,-,1,14,1,14,11,5,10,4,4,4,5,-,133
,"SUPERDUAL,SM650,RS650R",AAA,21,27,1,2,-,1,14,3,6,18,6,2,6,5,6,10,-,128
,"VAREZ 125",AAN,32,35,1,5,-,1,11,3,11,30,7,-,10,8,7,4,-,165
,"SONSTIGE/NICHT GETYPT",,154,201,26,39,1,5,47,17,96,112,42,7,55,22,46,34,1,905
"SWM (I) ZUSAMMEN",,,635,1011,47,127,1,18,208,91,278,368,161,31,196,91,172,103,1,3539
"TAIW.GOLDEN BEE (RC)","Blade 250",AAA,19,57,-,9,1,1,16,9,50,41,32,2,13,11,15,15,-,291
,"Blade 425,Blade 425 4x4,B",AAB,9,34,2,5,1,3,11,3,18,13,10,-,7,6,7,7,-,136
,N.A.,AAI,82,88,12,3,-,7,17,3,21,64,25,7,6,5,9,3,1,353
,,AAJ,57,66,8,4,-,7,8,5,12,33,11,7,1,-,9,4,-,232
,"N.A.,Target 325,Blade 325",AAD,132,367,19,39,1,9,126,55,205,247,154,24,61,66,116,60,1,1682
,"PEGASUS CORONA125",084,45,78,6,2,1,1,8,2,15,51,13,1,3,-,10,-,-,236
,"SKY 125",081,41,50,-,-,1,-,3,2,6,12,2,-,1,-,13,-,-,131
,"SONSTIGE/NICHT GETYPT",,470,1319,91,73,11,20,113,58,288,499,132,23,58,36,169,35,-,3395
"TAIW.GOLDEN BEE (RC) ZUSAMMEN",,,855,2059,138,135,16,48,302,137,615,960,379,64,150,124,348,124,2,6456
"TRIUMPH (UK)",America,AAQ,145,140,28,38,1,10,58,14,97,145,42,10,50,19,41,30,2,870
,AMERICA,161,44,57,11,6,2,10,17,10,26,57,14,2,7,3,10,4,-,280
,BONNEVILLE,156,144,139,51,35,7,20,73,13,92,195,48,12,22,13,45,14,-,923
,"Bonneville Speedmaster,Bo",ACD,314,383,54,82,13,26,128,36,169,390,97,35,95,47,60,41,2,1972
,,ADA,103,163,30,22,3,12,74,13,74,164,52,9,35,31,27,26,1,839
,,AEE,190,180,42,38,8,27,102,17,85,255,74,17,46,29,29,33,1,1173
,"Bonneville T100",AEJ,15,20,5,3,2,9,18,2,14,33,8,3,7,4,8,2,-,153
,"BONNEVILLE T100",180,26,30,6,5,4,9,16,2,17,30,11,1,5,2,9,3,-,176
,"Bonneville T100 Black,Bon",ABZ,48,85,19,12,2,17,40,10,28,66,9,3,12,5,22,5,1,384
,"Bonneville T100 Bud Ekins",ACV,13,20,4,-,-,5,16,-,16,29,3,3,4,3,6,2,-,124
,"Bonneville T100 McQueen,B",AAA,426,565,116,92,12,113,223,43,239,584,180,32,84,40,130,48,3,2930
,"Bonneville T120 Black DGR",AEI,163,199,61,34,5,32,97,25,109,257,66,21,33,16,32,21,-,1171
,"Bonneville T120 Black,Bon",ABU,271,349,69,53,6,56,120,17,147,354,72,15,53,28,70,34,1,1715
,"Bonneville T120 Bud Ekins",ADC,95,149,28,25,3,25,64,9,61,163,45,5,21,19,34,21,-,767
,"Bonneville;Bonneville T10",AAT,101,149,36,19,4,19,82,10,68,141,32,12,21,13,29,11,1,748
,"DAYTONA 600I",172,13,16,5,6,1,1,6,1,18,18,10,3,5,2,6,-,-,111
,"Daytona 675",AAB,150,161,18,24,4,17,49,3,89,130,44,6,44,19,29,18,-,805
,"Daytona 675 R,Daytona 675",AAX,92,131,16,20,-,5,36,3,64,94,26,8,31,4,26,11,1,568
,,ABK,52,70,8,8,1,9,24,-,23,60,16,3,12,3,9,5,1,304
,"DAYTONA 900",110,14,17,-,2,1,1,10,-,27,17,7,1,-,-,8,2,-,107
,"DAYTONA 955 I",125,34,23,8,9,3,7,30,4,36,75,25,5,13,1,11,4,-,288
,,140,26,40,2,5,1,5,18,1,38,57,17,5,9,7,14,3,1,249
,"DAYTONA 955I",160,88,70,11,15,3,7,42,6,106,144,48,14,21,10,37,13,2,637
,"Explorer XCX,Explorer XRX",ABV,97,111,11,24,2,10,52,9,61,161,39,10,33,9,21,26,1,677
,"Rocket 3 R Black,Rocket 3",ADP,278,298,60,93,11,25,147,57,188,333,113,25,88,41,62,52,1,1872
,"Rocket III",ABA,94,99,14,18,4,6,35,9,46,102,32,9,17,13,21,9,-,528
,"ROCKET III",176,85,78,11,17,1,9,32,11,44,75,33,10,21,15,11,17,-,470
,"Rocket III Roadster",ABN,93,99,16,18,1,4,37,18,59,106,28,10,21,15,14,12,-,551
,"Rocket III Touring",AAV,38,43,7,13,1,2,11,8,24,35,21,2,4,3,8,-,1,221
,"Rocket III;Rocket III Cla",AAG,56,60,7,11,1,6,28,3,49,62,21,6,13,8,17,6,1,355
,Scrambler,AAS,152,181,33,30,7,40,58,21,66,161,53,11,32,13,32,34,3,927
,SCRAMBLER,AAC,33,47,13,4,1,5,20,4,14,46,18,-,4,2,7,4,-,222
,"Scrambler 1200 Bond Ed.,S",ADM,145,209,35,24,5,26,72,14,90,226,73,14,19,12,21,30,2,1017
,"Scrambler 1200 XC,Scrambl",AEL,124,129,20,18,8,20,71,16,58,181,47,10,21,12,26,25,-,786
,"Scrambler 900,Street Scra",AEA,51,47,8,8,1,7,29,6,27,68,21,9,9,9,7,6,-,313
,"SPEED FOUR",163,35,34,6,9,2,6,18,-,22,33,17,5,20,4,10,5,-,226
,"Speed Triple",AAE,140,130,15,21,5,5,37,5,75,126,40,13,23,8,28,9,1,681
,,AAH,501,526,68,68,20,35,193,23,318,525,166,39,80,39,113,53,8,2775
,"SPEED TRIPLE",171,203,213,19,18,8,15,84,8,169,264,83,30,29,16,45,26,1,1231
,,185,177,220,21,24,10,21,69,11,124,229,59,14,39,12,37,20,-,1087
,"Speed Triple 1200 RR,Spee",AEG,179,137,18,26,2,14,69,9,78,171,59,10,29,8,29,20,1,859
,"Speed Triple R,Speed Trip",ABC,550,588,63,63,9,43,224,25,311,644,187,49,88,43,97,33,6,3023
,,ABT,135,125,15,16,1,12,61,8,82,137,40,8,30,11,23,10,2,716
,"Speed Triple RS,Speed Tri",ACR,56,75,8,8,1,4,20,6,49,67,24,5,18,5,10,10,-,366
,,ACS,117,122,13,20,2,12,51,10,57,136,32,11,31,9,20,11,1,655
,"SPEED TRIPLE T509",126,43,35,2,7,2,3,10,1,32,43,18,4,7,3,3,-,1,214
,"SPEED TRIPLE,DAYTONASUPER",113,30,39,5,12,2,4,17,1,28,62,16,1,2,2,5,2,-,228
,"SPEED TRIPPLE",139,86,112,14,13,7,13,59,6,70,179,43,15,22,9,25,11,-,684
,"Speed Twin",ADL,187,217,31,37,12,32,119,14,120,247,89,14,48,21,44,33,-,1265
,"Speed Twin 900,Street Twi",ADZ,113,135,25,28,4,14,56,11,57,140,44,15,34,14,26,17,1,734
,"Speed Twin Breitling Edt.",AEM,154,132,31,36,6,21,88,12,53,189,38,17,33,15,29,23,-,877
,Speedmaster,AAR,157,176,34,41,5,22,68,21,114,170,47,7,62,28,39,28,-,1019
,SPEEDMASTER,169,25,21,10,10,-,2,11,3,16,33,8,-,5,3,13,3,1,164
,"SPRINT 900",105,19,22,1,3,1,1,8,1,27,71,12,3,6,6,11,5,-,197
,"Sprint GT",ABB,23,30,7,6,2,2,11,4,28,34,13,4,12,2,9,5,-,192
,"SPRINT RS",170,54,62,4,4,4,1,24,2,49,73,23,11,7,3,13,7,-,341
,"SPRINT RS;SPRINT ST",145,118,182,17,18,4,11,82,6,151,195,63,19,37,10,56,20,1,990
,"Sprint ST",AAK,82,101,20,13,5,8,47,3,88,104,31,8,22,13,39,7,1,592
,"SPRINT ST",166,56,80,4,10,4,6,37,4,72,107,39,7,13,7,36,7,-,489
,,186,97,100,12,17,4,5,46,9,104,133,37,6,28,10,29,19,1,657
,"Street Cup",ACC,25,30,6,9,2,4,12,1,24,40,10,-,14,5,9,4,-,195
,"Street Scrambler",ACF,62,92,20,10,3,7,32,10,34,75,32,5,14,5,18,12,-,431
,,ADK,58,71,14,10,1,4,36,6,40,78,24,4,13,9,17,11,-,396
,"Street Triple Moto2,Stree",AEP,151,116,14,30,2,6,51,10,61,153,42,12,17,12,22,15,-,714
,"Street Triple R",AEO,62,48,6,5,3,7,26,3,18,56,18,2,5,8,3,7,-,277
,"Street Triple R (LRH),Str",ADS,100,88,11,17,4,6,41,4,26,120,46,9,22,5,12,9,-,520
,"Street Triple R,Street Tr",AAU,854,897,147,121,24,67,293,35,475,862,297,66,181,49,157,64,9,4598
,,ACI,73,114,14,9,2,9,30,3,37,73,22,3,19,5,14,12,1,440
,"Street Triple RS",ACJ,128,151,15,9,4,14,54,3,71,133,41,10,25,9,26,9,1,703
,,ADG,47,43,3,6,1,4,11,1,15,44,7,4,7,7,7,5,-,212
,,ADO,145,148,19,19,3,21,45,9,59,181,60,16,21,14,28,18,-,806
,"Street Triple RX,Street T",ABH,666,632,100,61,17,52,273,24,335,574,177,27,110,26,104,46,8,3232
,"Street Triple S",ACH,29,34,4,2,-,3,13,1,16,30,8,1,1,2,3,3,-,150
,"Street Twin",ABS,148,191,36,33,2,24,80,12,99,192,41,7,56,26,35,31,-,1013
,,ADH,83,105,16,15,-,12,46,8,58,145,30,6,26,12,19,10,1,592
,"T-Bird Storm/Nightstorm,T",AAZ,201,176,25,47,2,21,83,33,118,204,69,11,62,31,59,38,-,1180
,Thruxton,AAW,208,248,73,40,8,69,94,20,157,255,57,12,56,21,71,39,2,1430
,THRUXTON,174,62,74,15,17,3,15,22,2,48,80,15,5,12,7,21,4,-,402
,"Thruxton RS,Thruxton RS S",ADU,29,43,6,3,1,9,17,5,17,44,18,5,4,3,10,5,-,219
,"Thruxton,Thruxton R",ABW,190,211,41,28,6,41,105,12,123,213,54,14,49,18,42,19,2,1168
,THUNDERBIRD,114,10,24,7,4,1,6,13,-,17,35,8,1,2,4,6,2,-,140
,,115,12,21,2,4,-,6,8,1,11,28,5,1,1,1,4,-,-,105
,"Thunderbird LT,Thunderbir",ABP,69,91,10,14,-,6,25,14,30,69,24,6,18,16,14,19,-,425
,"THUNDERBIRD SPORT",136,47,57,8,12,-,7,29,5,37,105,16,3,9,3,14,5,-,357
,,168,21,16,4,3,-,7,8,2,11,32,9,2,3,3,6,1,-,128
,"THUNDERBIRD,LEGENDTT,ADVE",134,68,72,14,18,4,14,34,13,69,114,37,8,20,11,36,10,-,542
,"Thunderbird,Thunderbird S",AAY,117,108,24,18,4,9,55,18,72,123,31,9,43,26,33,12,2,704
,TIGER,147,70,98,7,6,-,3,37,5,48,143,34,4,18,8,21,7,2,511
,,159,171,192,16,16,5,11,71,9,119,249,57,16,49,14,38,23,1,1057
,,173,61,52,4,6,3,4,21,2,49,115,22,9,10,7,21,8,-,394
,"Tiger 1050,Tiger",AAP,415,439,28,44,7,34,159,23,327,575,175,35,70,31,102,28,5,2497
,"Tiger 1200 Desert,Tiger 1",ADB,101,120,16,17,2,9,62,14,85,146,51,9,54,27,26,34,1,774
,"Tiger 1200 Rally Explorer",AEN,201,209,21,37,4,15,77,24,113,226,62,16,56,29,27,35,1,1153
,"Tiger 1200 XRX (low),Tige",ACO,74,83,10,9,1,5,38,7,62,100,21,4,24,8,16,16,-,478
,"Tiger 800 XC,Tiger 800",ABD,575,594,60,73,23,41,275,26,331,690,207,31,144,41,134,52,5,3302
,"TIGER 900",106,51,83,7,11,2,3,24,5,26,76,17,7,14,9,15,8,-,358
,"Tiger 900 GT Aragon Ed.,T",ADT,377,424,69,85,7,53,197,31,210,481,128,36,100,50,66,72,2,2388
,"Tiger Explorer XC,Tiger E",ABE,417,394,33,50,9,25,194,26,298,473,141,25,87,59,90,57,6,2384
,"Tiger Sport",ABO,124,90,9,8,5,12,46,4,79,138,40,11,23,6,17,9,-,621
,,ABX,89,88,11,10,2,4,34,3,60,148,28,7,28,8,23,9,1,553
,"Tiger Sport,Trident",AEF,536,528,121,92,16,53,286,45,287,788,212,63,133,57,87,89,4,3397
,,AEH,30,21,2,3,-,1,12,-,15,19,7,-,7,1,5,6,-,129
,"Tiger XCA,Tiger XRT,Tiger",ABY,73,80,7,15,2,8,35,9,55,107,17,7,20,7,19,8,-,469
,"Tiger XCX LRH,Tiger XRX L",ACQ,73,98,6,12,5,11,45,10,62,115,30,5,29,7,24,21,-,553
,,ACT,25,36,5,4,1,4,19,5,22,55,13,4,13,4,10,8,-,228
,"Tiger XCX,Tiger XC,Tiger",ABQ,211,245,30,40,9,28,99,15,140,322,89,20,60,16,48,27,1,1400
,"TROPHY 1200",112,29,40,-,6,2,1,25,4,31,52,16,2,6,1,18,6,2,241
,"Trophy SE,Trophy",ABG,24,35,3,3,2,4,13,4,25,45,12,-,12,8,10,13,-,213
,TT600,149,40,49,3,12,1,8,21,1,37,56,13,3,17,7,13,7,-,288
,"SONSTIGE/NICHT GETYPT",,2106,2185,370,263,69,265,827,122,1354,2472,729,155,379,165,538,185,10,12194
"TRIUMPH (UK) ZUSAMMEN",,,16688,18255,2818,2745,525,1966,7597,1267,10576,20775,5992,1374,3800,1679,3886,2094,119,102156
VESPA-RSM,"VESPA 150 GS/3",145,40,47,3,2,1,8,39,-,16,29,12,-,-,-,12,-,-,209
,"VESPA 150 T/4",142,23,41,1,-,-,3,23,-,10,21,6,1,-,-,6,-,-,135
,"SONSTIGE/NICHT GETYPT",,578,992,26,5,15,50,203,4,190,432,102,76,11,6,83,7,2,2782
"VESPA-RSM ZUSAMMEN",,,641,1080,30,7,16,61,265,4,216,482,120,77,11,6,101,7,2,3126
"XIAMEN XIASHING (RC)",,AAA,28,59,4,4,-,4,7,2,13,22,7,1,7,4,1,-,-,163
,Allo,AAE,44,64,11,8,1,6,14,1,23,47,10,2,3,4,11,1,-,250
,FIDDLE,AAU,65,72,28,4,1,8,28,2,20,61,17,3,4,4,12,-,-,329
,,ABT,167,119,71,17,6,23,53,3,30,106,30,4,23,12,18,7,-,689
,"FIDDLE III 125i,FIDDLE II",ABD,55,73,31,4,1,17,19,2,7,42,9,4,4,8,8,-,1,285
,"JET 14",ACA,184,129,116,26,2,6,39,10,41,117,32,8,65,26,4,12,1,818
,"JET 14 125i,JET 14",ABF,82,73,46,6,2,7,23,3,19,100,16,9,21,14,10,4,1,436
,"JET 4",AAD,40,54,11,2,-,2,9,1,11,24,8,5,9,9,3,2,-,190
,"JET X",ACB,40,40,27,1,-,3,11,4,24,35,15,1,20,4,3,1,-,229
,"JET4 125i,JET 4",ABA,27,29,21,7,-,1,6,-,2,19,2,2,2,3,2,1,-,124
,Joyride,ACD,49,33,9,2,1,1,8,1,7,34,13,1,6,8,-,-,-,173
,"ORBIT II 125,CROX 125,X'P",ABC,29,29,16,4,1,3,7,2,-,25,3,1,11,2,2,8,-,143
,"SYMNH T",ABR,45,44,22,16,1,2,23,3,25,85,12,1,31,20,4,15,-,349
,"SYMNH X",ABS,41,46,25,10,-,4,16,2,29,68,12,1,17,18,6,10,-,305
,"Symphony SR",ABZ,65,53,21,8,-,3,8,3,3,35,25,-,22,5,3,3,1,258
,"SYMPHONY SR 125i,SYMPHONY",ABB,42,42,19,4,2,5,17,5,4,36,13,1,2,7,5,3,-,207
,"Symphony SR,N/A",AAG,47,57,11,5,1,1,5,-,12,31,2,1,1,1,5,3,-,183
,"SONSTIGE/NICHT GETYPT",,182,170,61,26,3,12,68,8,77,168,54,7,46,28,33,16,-,959
"XIAMEN XIASHING (RC) ZUSAMMEN",,,1232,1186,550,154,22,108,361,52,347,1055,280,52,294,177,130,86,4,6090
"YAMAHA (E)",DE06,089,185,372,3,24,3,6,67,17,119,140,84,23,25,21,23,20,-,1132
,"XT660Z,XT660ZA",AAM,26,32,5,10,-,2,19,4,14,41,12,3,8,6,5,5,1,193
,"YAMAHA,MBK",082,122,259,9,13,8,8,64,12,51,111,27,10,11,7,20,6,-,738
,"YP 125",081,51,59,4,1,1,1,27,4,23,51,8,1,-,3,13,1,-,248
,"YP 125 D",083,197,376,21,27,16,14,140,16,245,387,98,23,15,7,44,10,2,1638
,"YP 125 E",084,97,179,14,6,9,11,60,6,114,186,56,16,13,7,30,2,-,806
,YP125E,AAB,27,29,7,1,1,-,14,3,30,37,9,3,2,-,3,3,-,169
,YP125R,AAA,295,387,50,26,8,25,145,22,151,351,99,19,23,9,46,11,-,1667
,"YP125RA,YP125R",AAL,159,226,38,20,2,13,85,16,83,177,47,21,14,6,25,8,1,941
,YP250R,090,53,103,10,6,-,3,38,4,25,67,27,4,5,-,7,7,-,359
,,AAD,195,252,26,16,2,11,87,18,74,229,51,12,28,15,25,17,-,1058
,"YP250R,YP250RA",AAK,187,225,34,24,5,7,103,8,56,197,47,16,21,8,16,19,1,974
,"SONSTIGE/NICHT GETYPT",,611,1234,77,65,22,36,310,52,544,829,284,72,72,53,124,47,-,4432
"YAMAHA (E) ZUSAMMEN",,,2205,3733,298,239,77,137,1159,182,1529,2803,849,223,237,142,381,156,5,14355
"YAMAHA (I)","MT 03",AAA,153,134,13,16,1,5,63,11,68,154,49,10,35,16,25,15,1,769
,,AAC,170,198,31,20,3,8,60,15,80,188,66,11,45,21,30,28,-,974
,"TT 600 R",001,14,34,3,5,3,4,15,4,19,36,14,2,2,3,11,1,-,170
,XG250,003,86,91,4,5,1,4,39,6,28,49,28,9,13,5,10,5,-,383
,XT660Z,AAD,102,139,17,14,2,8,56,11,59,133,38,9,36,12,17,14,-,667
,"YAMAHA BT 1100",002,94,106,28,51,6,10,76,21,99,190,45,6,53,26,32,37,-,880
,"SONSTIGE/NICHT GETYPT",,35,25,3,2,1,5,23,4,23,63,17,1,5,2,5,4,-,218
"YAMAHA (I) ZUSAMMEN",,,654,727,99,113,17,44,332,72,376,813,257,48,189,85,130,104,1,4061
"YAMAHA (J)",,333,140,218,15,35,3,5,94,15,97,165,39,8,31,20,36,21,1,943
,,336,259,368,74,169,12,24,118,96,215,468,110,25,143,99,65,67,2,2314
,,337,99,150,43,124,6,16,69,60,153,292,49,12,113,73,58,41,1,1359
,,355,23,80,5,6,1,1,18,1,20,41,8,-,2,6,10,7,1,230
,,AAH,56,63,11,27,4,5,19,12,48,106,19,6,39,16,12,10,-,453
,"BL 125",207,20,43,5,3,-,1,10,1,9,12,3,3,-,-,4,-,-,114
,CJ,364,59,119,4,8,2,4,26,5,37,54,22,7,11,2,10,5,-,375
,"DT 125 E",129,31,56,3,2,-,2,19,-,4,29,12,3,-,-,5,-,-,166
,"DT 125 LC",176,39,67,-,1,1,2,37,1,12,36,36,3,2,2,4,-,-,243
,"DT 125 R",095,160,356,5,62,2,5,104,54,129,146,100,18,50,46,27,30,-,1294
,,259,70,191,8,25,1,5,98,20,77,109,87,17,13,16,25,26,1,789
,"DT 175 MX",148,51,100,-,1,-,5,38,1,23,44,33,15,-,-,4,1,-,316
,,154,68,158,3,1,1,3,68,-,32,61,64,12,-,-,14,2,-,487
,"DT 250",140,36,73,1,1,-,4,29,1,21,47,32,3,-,-,4,-,-,252
,"DT 80",083,21,33,3,1,1,4,23,2,24,74,12,6,-,1,5,1,1,212
,"DT 80 LC",089,17,28,2,2,3,5,32,-,15,57,11,6,1,2,7,2,1,191
,,090,29,77,5,8,1,-,27,3,12,44,20,4,9,10,10,5,-,264
,"FJ 1100",198,42,43,2,4,2,5,27,1,24,47,16,4,3,1,8,2,-,231
,"FJ 1200",209,41,70,3,6,3,3,27,2,32,58,21,3,1,2,15,-,-,287
,,224,89,90,11,7,3,2,53,1,82,117,45,17,3,4,27,9,-,560
,"FJ 1200,A",253,68,85,4,4,4,4,36,3,60,116,35,10,1,3,24,5,2,464
,,275,30,51,5,7,4,4,21,2,47,93,15,9,6,1,13,4,-,312
,"FJR 1300",341,269,395,38,76,12,26,182,37,354,567,160,35,60,30,111,37,6,2395
,FJR1300,AAO,309,447,64,112,21,36,252,58,476,762,146,56,120,49,162,62,-,3132
,,ABR,64,137,27,38,4,7,59,15,135,183,51,7,39,11,44,28,1,850
,,ACB,93,118,37,50,5,13,62,18,118,204,44,5,38,15,49,19,-,888
,"FZ 750",206,25,16,-,2,3,2,7,-,17,28,9,1,2,-,8,1,-,121
,,216,34,38,2,2,2,2,12,-,18,40,22,3,4,1,5,2,1,188
,"FZ1,FZ1-NA,FZ1-SA,FZ1-N,F",AAL,1297,1603,152,258,28,42,624,138,989,1758,462,139,364,141,227,203,10,8435
,FZ6,AAQ,336,321,46,67,13,23,162,37,206,468,139,23,97,37,65,53,2,2095
,,AAT,369,601,78,79,10,25,194,49,239,560,133,29,149,74,56,65,3,2713
,,AAU,412,590,96,99,12,25,243,38,323,655,169,44,136,53,78,47,4,3024
,FZ8,ABL,849,933,163,192,17,63,359,93,467,926,255,56,288,81,126,122,5,4995
,"FZR 1000",219,36,48,-,4,2,2,21,1,42,38,15,3,1,3,8,-,-,224
,,233,96,115,7,8,6,5,59,2,98,139,50,7,2,3,26,8,1,632
,,273,9,19,3,2,1,4,11,1,20,31,4,2,4,2,5,1,1,120
,"FZR 600",231,100,100,3,5,-,4,53,6,48,118,41,5,9,4,15,3,-,514
,"FZR 600 R",289,44,94,4,19,2,-,30,4,39,81,22,3,18,5,17,13,-,395
,"FZS 1000",351,781,787,84,81,23,41,330,42,516,1106,330,124,128,47,164,67,3,4654
,"FZS 600",314,1407,1598,233,330,60,97,750,155,1164,2670,556,140,484,198,433,187,9,10471
,FZS1000,378,149,182,14,11,5,13,86,3,111,224,55,23,19,13,39,7,1,955
,"GTS 1000,GTS 1000 A",267,32,31,2,20,2,2,25,7,32,49,16,1,19,6,11,6,-,261
,MT-07,ABW,1429,1676,228,271,23,82,593,140,753,1448,434,104,376,138,226,134,9,8064
,,ABX,27,30,4,3,1,1,7,1,8,12,3,2,1,-,1,1,-,102
,MT-09,ABT,1257,1598,165,184,32,57,560,97,713,1360,394,101,374,102,191,169,8,7362
,MT01,053,169,251,36,66,12,16,90,26,144,219,90,18,63,34,59,52,1,1346
,,AAA,103,137,16,32,7,6,46,16,97,176,40,15,44,11,29,17,-,792
,,AAW,119,150,38,41,7,11,85,18,95,168,42,16,57,30,37,24,1,939
,MTM890,ACW,80,121,24,14,1,14,38,10,49,111,36,6,20,7,18,4,1,554
,"MTN1000 (MT-10),MTN1000D",ACD,386,473,68,104,11,15,186,39,237,443,127,48,111,34,71,62,5,2420
,"MTN1000D,MTN1000",ACV,98,124,22,29,2,8,51,12,56,135,35,12,22,9,28,12,-,655
,MTN690,ACS,559,750,135,115,19,59,303,57,323,768,233,45,175,39,115,69,4,3768
,"MTN690-A  (MT-07),MT07A",ACF,1082,1383,234,250,27,113,557,115,641,1472,488,88,330,107,219,128,10,7244
,MTN690-U,ACR,188,317,34,34,4,11,79,21,110,243,62,21,46,19,40,27,1,1257
,"MTN690-U  (MT-07),MT07A",ACG,75,181,9,9,-,3,12,5,51,66,20,14,17,6,9,11,-,488
,"MTN850D (MT-09SP),MTN850-",ACC,1479,1846,296,257,42,126,697,118,890,1795,470,114,377,125,295,189,11,9127
,"MTN890D-U,MTN890-U",ACZ,77,95,18,17,4,9,32,6,47,85,19,7,13,7,10,12,-,458
,"MTN890D,MTN890",ACP,427,561,87,84,10,38,202,38,200,550,146,44,107,23,63,50,3,2633
,"MTT850P,MTT850D  (Tracer9",ACL,534,730,83,100,17,38,269,44,307,649,194,25,162,31,133,68,1,3385
,"MTT890D,MTT890D-K,MTT890",ACQ,371,484,70,74,10,32,181,39,233,499,140,36,117,25,80,45,-,2436
,"MXT850D (NIKEN GT),MXT850",ACM,71,68,12,11,2,3,40,12,41,92,26,5,17,12,6,15,1,434
,"RD 200 DX",133,26,42,2,-,-,3,22,1,12,34,13,2,-,-,2,-,-,159
,"RD 250",126,58,67,4,-,1,4,27,-,23,65,32,7,1,1,6,-,-,296
,,159,19,32,1,-,3,3,23,-,15,41,17,2,-,3,4,-,-,163
,,160,9,15,-,-,1,1,16,-,13,41,12,4,2,-,4,-,-,118
,,246,26,28,2,2,2,1,24,-,19,51,23,1,1,-,7,-,-,187
,"RD 350",165,31,27,3,1,-,2,25,-,18,49,15,7,2,-,6,-,-,186
,"RD 350 LC",187,64,61,5,2,4,5,44,-,45,88,28,6,3,1,6,3,-,365
,,213,15,20,1,-,1,-,14,-,12,30,8,2,1,-,2,-,-,106
,,214,26,18,4,-,1,1,15,-,25,42,10,6,1,-,6,2,-,157
,"RD 80",081,20,27,5,-,1,5,22,1,25,109,12,3,-,1,15,1,-,247
,"RD 80 LC",088,20,28,6,-,2,-,21,-,14,60,11,6,1,3,4,3,-,179
,RJ05,360,337,381,37,43,7,21,162,16,199,423,96,21,67,23,53,29,4,1919
,RJ07,367,764,1000,139,217,23,44,446,98,590,1255,318,87,333,151,138,171,7,5781
,RJ09,368,181,218,28,28,3,18,84,8,129,219,54,13,55,23,21,11,2,1095
,RN08,356,232,257,15,33,2,9,118,29,125,304,92,20,48,14,40,28,1,1367
,RN09,357,407,470,47,65,16,15,167,38,319,524,136,40,102,66,94,43,2,2551
,RN11,370,154,199,27,19,9,7,67,6,91,231,67,18,35,6,36,6,2,980
,RN12,377,568,719,64,103,16,33,244,39,385,655,177,50,129,69,129,88,4,3472
,RP08,362,175,217,28,50,12,19,115,22,234,317,103,28,40,25,63,21,-,1469
,RP10,051,19,13,7,2,-,3,8,1,16,44,8,1,9,1,2,3,-,137
,,052,169,193,57,51,5,21,99,35,143,377,78,37,61,25,64,21,2,1438
,RP11,374,225,368,42,64,13,18,159,46,339,564,136,24,71,22,127,35,4,2257
,"RS 100",143,50,85,4,2,-,3,34,-,32,47,21,4,-,-,5,2,-,289
,SH02,376,44,62,9,7,1,5,33,4,27,61,17,7,7,3,3,6,-,296
,SJ03,375,36,36,4,3,2,3,12,-,12,24,4,1,-,-,2,-,1,140
,"SR 125",093,108,218,23,77,3,8,94,48,107,124,89,8,44,48,38,44,-,1081
,"SR 250",161,26,36,2,2,-,1,14,-,22,17,12,1,1,3,10,-,-,147
,,162,56,62,3,3,1,5,41,1,33,78,47,4,3,1,8,2,-,348
,"SR 500",147,512,516,74,31,24,82,362,10,356,761,231,54,12,7,161,10,-,3203
,,193,371,306,70,33,19,65,218,11,224,548,163,28,12,5,91,10,1,2175
,,249,201,240,51,29,16,53,175,20,216,497,111,15,21,14,86,8,2,1755
,SR400,ABY,52,87,31,8,-,15,41,6,42,71,11,5,20,2,17,10,-,418
,"SRX 600",210,19,17,5,2,1,3,10,1,21,29,12,-,2,-,1,3,-,126
,,212,39,40,9,1,2,3,18,1,19,38,23,4,2,2,4,-,1,206
,"TDM 850",258,198,206,12,22,5,6,104,8,98,255,112,15,23,10,34,20,1,1129
,,300,202,242,24,35,-,8,112,16,82,263,84,35,48,16,30,30,-,1227
,,326,301,310,17,28,4,8,121,17,136,369,127,44,59,18,37,31,1,1628
,TDM900,AAE,26,30,3,3,1,-,12,-,15,50,17,3,10,4,3,2,1,180
,,AAS,70,93,20,17,4,6,56,4,63,123,33,7,35,5,17,13,-,566
,TDR,225,22,28,-,1,-,1,17,1,11,25,15,3,3,-,-,3,-,130
,"TDR 125",092,43,130,12,20,2,4,45,6,52,110,50,10,12,14,17,11,1,539
,"TRX 850",296,107,139,7,6,5,10,82,3,112,211,58,14,11,11,32,7,-,815
,"TW 125",094,47,143,4,40,2,11,76,12,39,47,52,8,17,17,23,19,-,557
,,097,56,138,13,17,-,10,39,10,32,54,34,7,23,4,10,18,-,465
,"TZR 250",218,27,18,-,3,-,1,8,-,13,30,10,4,3,2,5,-,-,124
,VE01,096,112,174,27,54,3,10,78,22,116,213,44,9,38,19,34,13,-,966
,VM04,372,105,155,35,86,4,12,78,42,134,272,62,14,116,45,45,29,-,1234
,"VMX17,V-MAX",ABF,73,98,32,36,6,11,76,14,71,119,37,12,28,20,26,23,1,683
,VP16,359,153,228,36,89,13,14,103,52,158,315,70,19,94,53,40,26,2,1465
,"WR 426 F",354,18,45,1,3,1,-,4,-,16,15,6,1,-,-,3,2,-,115
,"WR250,WR250X,WR250R",ABD,137,182,28,36,-,15,73,17,88,152,44,3,23,9,14,9,1,831
,WR450,ABO,22,36,2,7,1,1,10,11,21,13,8,1,3,4,6,6,4,156
,"X C 180",189,22,25,2,-,1,1,11,1,10,25,7,-,1,-,3,2,-,111
,"XC 125",239,219,340,23,5,6,26,107,7,162,299,109,32,12,4,60,10,-,1421
,"XJ 550",164,92,129,8,4,4,11,65,8,65,172,51,5,9,8,14,11,-,656
,"XJ 600",194,86,113,11,14,3,7,50,5,66,149,50,9,11,5,31,8,2,620
,,195,61,71,2,3,4,2,29,8,29,51,22,4,8,3,13,9,-,319
,,255,16,16,2,3,-,1,13,2,26,41,10,2,4,1,9,1,-,147
,"XJ 600 S,N",262,54,83,9,13,2,5,44,9,51,110,33,4,14,9,19,6,1,466
,,263,279,364,35,123,14,26,231,71,315,703,205,39,124,76,109,96,3,2813
,,287,57,92,8,21,3,12,58,8,95,223,56,9,25,13,20,10,-,710
,,307,162,216,42,78,7,30,146,52,140,385,102,20,101,52,56,58,3,1650
,,308,99,140,28,82,8,21,93,42,140,302,96,11,66,47,62,44,1,1282
,,309,25,33,8,15,2,3,27,4,37,78,30,1,4,8,11,13,-,299
,"XJ 650",157,147,205,18,8,9,18,91,7,148,222,88,10,14,11,38,11,1,1046
,,170,52,57,8,10,3,11,53,3,62,127,34,4,1,3,13,7,-,448
,"XJ 750",171,44,59,2,4,1,4,18,3,27,51,26,4,1,4,11,4,-,263
,,192,20,21,1,1,1,1,8,-,22,20,5,1,1,1,4,-,-,107
,"XJ 900",186,63,91,7,4,1,3,30,-,74,88,24,3,6,4,29,-,-,427
,,254,139,153,17,30,7,19,95,13,139,330,90,15,16,15,69,6,1,1154
,"XJ 900 S",291,522,819,78,181,28,37,349,96,722,1536,292,68,173,103,289,100,4,5397
,"XJ 900,XJ 900 F",205,191,163,26,17,8,11,73,6,135,237,77,11,8,12,54,11,1,1041
,XJ6,ABH,1157,1314,226,258,18,79,534,96,612,1289,319,62,370,120,172,151,4,6781
,,ABP,297,413,69,68,8,17,168,25,174,348,77,23,109,23,58,28,2,1907
,"XJR 1200",293,250,263,28,56,8,23,185,38,186,528,142,34,56,45,77,38,3,1960
,"XJR 1300",324,469,482,77,131,12,27,299,75,358,931,207,66,122,59,135,69,4,3523
,,344,289,306,65,60,16,23,161,31,202,628,122,58,59,28,78,32,1,2159
,XJR1300,ABB,306,324,75,67,12,27,193,41,203,585,137,44,73,28,91,48,4,2258
,"XP 500",340,112,154,21,12,3,5,49,5,54,127,37,11,15,4,8,7,-,624
,XP500,ABE,107,119,19,6,2,5,63,2,39,90,20,12,7,-,8,4,-,503
,,ABN,137,141,22,10,1,4,66,4,26,101,23,10,5,2,11,5,-,568
,"XP530D-A  (TMAX DX),XP530",ACE,85,91,19,17,-,11,52,1,28,86,18,2,10,5,9,7,-,441
,"XP560D,XP560,XP560E",ACO,152,196,47,21,2,12,100,14,59,185,50,10,30,7,20,10,-,915
,"XS 1100",149,42,49,12,7,8,12,35,3,58,115,24,2,1,2,40,4,1,415
,"XS 250",150,25,20,6,4,-,3,12,-,16,29,12,1,-,-,5,-,-,133
,"XS 360",138,18,36,4,1,-,4,14,1,16,40,12,3,1,-,3,1,-,154
,"XS 400",146,101,143,9,8,5,14,70,8,85,155,43,8,11,4,21,10,1,696
,,178,38,68,4,6,3,2,30,4,41,68,23,5,5,1,13,7,-,318
,"XS 400 SE",155,40,55,2,9,2,4,28,3,27,44,21,5,3,4,10,6,-,263
,"XS 650",736,120,98,18,10,8,21,74,6,96,158,44,11,-,3,49,4,-,720
,"XS 650 SE",152,26,28,6,2,1,8,29,1,24,34,12,7,2,2,17,2,-,201
,"XS 750",145,32,45,4,1,2,3,21,2,24,39,10,1,-,1,9,4,-,198
,"XS 850",153,24,22,2,-,-,-,18,-,15,32,8,4,1,2,4,-,-,132
,"XT 250",156,86,182,7,2,1,7,77,2,54,79,62,7,1,1,14,1,1,584
,,163,229,419,22,6,4,33,178,7,98,264,179,14,6,4,50,7,-,1520
,"XT 350",204,112,206,6,3,2,4,49,2,40,77,58,10,3,3,9,4,-,588
,,208,11,35,-,1,-,2,17,1,12,13,18,-,-,-,3,1,-,114
,,243,31,68,7,6,1,4,36,3,21,43,32,2,8,4,7,7,-,280
,"XT 500",141,681,806,89,33,29,123,452,7,426,905,329,34,12,6,239,9,1,4181
,"XT 550",174,41,91,4,-,-,2,28,1,30,48,18,2,-,-,9,-,-,274
,,175,22,50,5,4,-,1,17,-,20,24,13,2,1,-,9,-,1,169
,"XT 600",196,61,81,13,2,1,9,21,-,36,49,24,2,1,-,15,2,-,317
,,197,24,44,-,-,1,4,25,-,26,47,16,2,-,-,12,3,-,204
,,220,74,104,5,3,2,6,47,-,73,93,32,1,2,1,27,2,2,474
,,221,142,196,11,3,3,9,46,2,53,98,55,10,9,4,15,3,-,659
,"XT 600 E",320,128,232,14,27,8,14,73,12,135,176,72,9,15,18,41,22,1,997
,"XT 600 E,EA",295,81,162,11,19,1,8,59,10,68,119,49,6,25,10,29,22,1,680
,"XT 600 E,K",241,339,588,35,52,4,18,219,25,225,397,175,18,37,19,82,46,2,2281
,,242,142,262,15,16,9,12,85,6,146,237,88,10,8,9,58,12,-,1115
,,278,23,37,1,4,1,-,10,-,13,24,16,1,2,2,15,2,-,151
,"XT 600 Z",190,37,27,2,2,1,3,20,-,14,30,6,5,1,1,3,1,-,153
,,211,95,101,11,4,1,6,34,1,26,65,27,12,2,1,14,1,1,402
,,227,70,66,6,4,-,7,39,5,33,74,33,8,5,1,15,3,2,371
,XT1200,ABU,102,147,18,24,4,13,72,11,93,147,43,13,32,10,26,21,7,783
,XT1200Z,ABK,274,343,38,57,1,14,161,30,202,415,126,23,78,23,50,41,2,1878
,"XT1200ZE (SUPER TENERE),X",ACI,130,145,23,36,3,10,70,17,88,165,61,12,46,13,32,28,1,880
,"XTZ 660",257,114,197,10,12,2,8,72,11,71,156,51,9,22,6,20,22,-,783
,,297,19,17,2,4,-,4,7,6,8,31,8,-,12,7,3,8,-,136
,"XTZ 750",237,135,191,16,25,6,12,68,12,83,159,63,13,36,13,34,28,1,895
,"XV 1000",168,75,77,9,4,4,8,52,4,41,73,26,2,2,-,15,2,-,394
,"XV 1000 VIRAGO",215,46,52,2,4,-,1,14,4,11,34,12,-,3,-,4,6,-,193
,"XV 1100",230,397,648,49,298,18,17,240,179,248,492,190,43,210,163,76,201,-,3469
,"XV 125",091,343,957,70,231,37,54,378,137,507,830,385,79,115,104,178,101,2,4508
,"XV 1600 A",328,405,635,101,251,18,53,237,182,390,791,175,31,169,147,142,80,7,3814
,"XV 1700",366,57,59,10,23,1,1,31,13,31,55,6,3,21,8,17,8,-,344
,"XV 250",229,195,328,28,67,10,16,157,54,158,369,127,14,78,71,59,59,1,1791
,"XV 500 SE",191,21,37,1,3,1,1,13,-,18,26,11,3,5,3,7,6,-,156
,"XV 535",222,678,972,61,350,21,49,457,187,517,915,402,63,292,204,168,229,4,5569
,,223,110,178,18,71,6,9,80,46,107,195,58,8,32,36,35,37,-,1026
,,284,118,223,15,71,6,7,106,35,112,274,91,19,48,38,34,37,1,1235
,,294,253,381,50,212,13,17,179,143,241,360,129,26,217,141,67,148,-,2577
,,318,109,150,18,146,2,8,67,84,81,135,58,5,181,92,42,92,-,1270
,,319,15,25,-,9,-,1,4,3,11,24,2,4,6,4,3,8,-,119
,"XV 750",167,116,119,12,7,5,14,63,7,74,107,43,5,11,5,25,12,-,625
,,265,114,160,18,93,6,6,73,56,79,187,76,7,64,54,27,55,1,1076
,,292,82,147,32,129,4,5,71,95,102,177,69,12,100,75,33,95,-,1228
,XV1900,AAR,103,156,31,51,8,10,79,37,79,161,38,17,36,28,40,9,-,883
,"XVS 1100",327,190,208,33,111,8,13,135,72,124,260,103,19,98,70,46,49,1,1540
,"XVS 650",304,323,428,66,239,15,33,229,137,304,646,169,30,183,158,94,114,3,3171
,,305,39,102,15,42,5,3,41,31,49,132,32,2,33,14,15,17,-,572
,"XVS 650 A",312,145,220,45,137,8,23,92,84,165,345,83,9,138,81,58,52,2,1687
,,313,12,37,6,30,2,1,15,11,15,44,11,3,11,21,9,7,-,235
,XVS1300A,AAZ,208,306,52,102,6,16,111,63,176,335,83,12,128,60,52,63,1,1774
,XVS1300CU,ABV,48,58,14,38,-,4,29,35,29,60,12,1,39,20,15,18,-,420
,XVS950A,ABG,197,250,34,106,5,16,98,62,141,262,87,15,132,42,31,53,1,1532
,XVS950CU,ABS,256,336,75,122,11,31,146,57,186,356,87,15,163,49,53,50,4,1997
,"XVS950XR-A,XVS950CUD-A",ACH,126,208,40,75,5,30,88,38,111,225,53,11,74,23,30,22,-,1159
,"XVZ 1300 A",303,35,84,23,36,2,10,45,22,68,176,35,12,21,18,16,12,-,615
,"YAMAHA,MBK",331,69,104,15,10,3,5,37,5,36,98,39,10,8,6,15,6,-,466
,"YP 250",298,198,289,16,23,7,12,102,19,132,320,104,26,27,13,54,10,2,1354
,"YP 250 D,A",311,35,45,2,4,1,5,16,6,21,35,16,6,5,-,13,3,-,213
,YP400,AAI,25,39,3,4,-,1,25,2,20,46,8,4,6,2,6,3,1,195
,,AAX,92,149,17,6,2,6,54,6,47,117,28,8,18,3,15,5,-,573
,"YZF 1000 R",301,75,138,23,53,5,7,71,14,136,222,64,13,45,22,59,20,2,969
,"YZF 600 R",302,61,139,13,44,4,8,65,17,84,175,28,3,77,34,34,31,1,818
,"YZF 750 R",270,63,97,5,10,2,3,49,4,70,152,37,3,12,10,17,10,-,544
,YZF-R1,310,39,49,2,14,1,6,33,8,52,78,18,3,14,12,13,13,-,355
,,325,92,149,3,26,6,7,43,14,58,136,38,8,28,22,29,22,-,681
,,AAB,80,96,8,10,1,7,22,4,38,63,16,4,15,8,12,9,1,394
,,AAD,113,146,14,24,2,7,54,7,97,150,40,13,25,12,24,12,1,741
,,ABA,465,495,64,93,10,26,213,40,284,526,145,27,128,58,78,41,1,2694
,,ABI,283,334,51,61,1,17,121,30,181,309,80,24,102,36,39,50,3,1722
,,ABZ,95,103,11,14,2,11,45,9,41,84,31,7,18,8,8,10,-,497
,"YZF-R1,YZF-R1M",ACJ,56,60,11,25,2,2,29,7,32,58,26,2,16,12,9,11,1,359
,YZF-R6,321,560,767,42,126,22,34,273,47,387,681,176,47,200,88,129,72,7,3658
,,322,39,51,6,7,1,2,25,5,19,64,16,3,18,3,6,6,-,271
,,380,253,330,50,47,9,24,151,14,150,320,96,16,56,22,49,36,3,1626
,,AAJ,417,471,54,45,13,29,152,15,206,498,108,14,92,36,54,45,2,2251
,,ABC,325,363,51,59,4,16,140,19,131,349,78,10,52,18,47,27,2,1691
,,ABJ,139,198,40,39,3,15,73,2,60,160,44,7,26,7,15,19,-,847
,"YZF1000D,YZF1000",ACN,115,126,23,21,7,11,66,19,92,152,36,11,32,13,23,23,2,772
,"YZF600 (YZF-R6)",ACK,103,113,19,13,1,7,43,4,36,80,25,2,24,7,12,4,-,493
,YZF690,ACT,95,164,39,28,7,16,75,10,66,165,52,5,26,12,29,7,-,796
,"SONSTIGE/NICHT GETYPT",,29580,37747,4257,4670,778,1934,12139,2738,20139,39333,10337,2708,7507,3305,7848,3385,93,188498
"YAMAHA (J) ZUSAMMEN",,,71131,92824,11134,15288,2184,5351,35830,8295,50431,100681,28278,6653,19500,8979,17908,9742,368,484577
"YAMAHA (RC)",BW'S,AAD,12,48,3,3,-,1,15,2,13,23,6,3,6,2,4,6,-,147
,"CYGNUS X,XC125,CYGNUS-X,C",AAB,311,584,58,33,7,16,153,25,104,273,73,10,67,11,26,34,-,1785
,HW125,AAE,78,120,9,6,-,1,45,3,16,43,16,6,14,4,3,15,-,379
,,AAG,36,49,11,4,-,1,16,4,12,22,12,-,10,6,5,5,-,193
,"MAJESTY S",AAF,56,80,12,6,-,-,23,-,12,24,18,2,9,2,1,6,-,251
,NXC125,AAA,21,52,6,1,1,1,8,-,8,20,14,1,1,2,1,3,-,140
,SE08,082,322,658,39,40,5,15,171,18,185,330,100,41,68,16,46,28,1,2083
,"XC 125 TR,T",100,359,741,37,30,22,25,245,16,382,497,287,33,22,11,115,22,2,2846
,XC125,AAA,189,384,11,33,3,11,91,27,78,201,62,12,68,27,12,33,-,1242
,"YAMAHA,MBK",081,42,57,7,4,-,2,19,3,18,39,6,6,4,5,14,3,-,229
,YB125,AAC,93,170,30,49,1,10,50,52,58,98,37,9,89,39,19,49,-,853
,YBR125,AAA,23,35,3,16,1,2,14,8,11,34,11,2,21,12,1,12,-,206
,,AAB,329,531,74,168,2,15,162,114,180,334,118,26,292,99,43,163,2,2652
,"YS125-5C (YS125)",AAE,106,157,18,71,1,7,66,49,68,93,65,2,59,34,22,35,-,853
,"SONSTIGE/NICHT GETYPT",,820,2057,108,76,17,35,352,36,502,923,305,70,79,37,115,47,4,5583
"YAMAHA (RC) ZUSAMMEN",,,2797,5723,426,540,60,142,1430,357,1647,2954,1130,223,809,307,427,461,9,19442
"YAMAHA (RI)","CZD300-A (X-MAX300)",AAD,75,101,24,8,1,4,34,5,18,71,18,6,21,2,11,3,-,402
,GPD125-A,AAC,119,184,45,27,4,7,51,11,29,125,39,12,47,10,8,19,-,737
,,AAH,389,425,184,88,8,39,216,34,116,317,112,22,103,20,39,42,1,2155
,"GPD125-A (NMAX)",AAE,498,740,220,116,7,43,229,44,127,383,111,45,124,42,50,69,4,2852
,GPD155-A,AAI,45,59,22,7,1,2,35,8,18,54,11,7,12,5,4,4,-,294
,"MTN320-A,YZF320-A",AAJ,123,155,24,26,2,4,59,15,59,143,43,14,45,8,11,19,-,750
,"YZF-R3A,MTN320-A",AAB,206,284,35,31,3,10,108,9,129,246,71,12,55,12,31,15,-,1257
,"YZF320-A (YZF-R3),MTN320-",AAG,489,651,71,84,11,25,255,31,209,477,150,26,120,21,78,64,1,2763
,"SONSTIGE/NICHT GETYPT",,22,26,2,1,-,1,3,2,3,14,5,-,6,1,2,1,-,89
"YAMAHA (RI) ZUSAMMEN",,,1966,2625,627,388,37,135,990,159,708,1830,560,144,533,121,234,236,6,11299
"YAMAHA (THA)",MW125,AAB,63,135,59,27,3,12,60,6,39,117,27,8,20,11,10,10,-,607
,MWD300,AAE,37,49,15,11,1,6,21,4,19,38,11,1,8,4,6,1,-,232
,,AAF,162,211,53,40,10,19,91,15,87,234,66,12,36,19,23,19,-,1097
,"MWS125-C (TRICITY),MWS125",AAC,45,52,31,22,3,7,17,7,14,52,15,1,15,5,3,4,-,293
,XC115S,AAA,155,222,32,31,1,6,77,17,46,87,39,5,44,17,21,30,-,830
,"SONSTIGE/NICHT GETYPT",,11,9,2,2,1,-,5,1,6,6,2,-,1,1,1,1,-,49
"YAMAHA (THA) ZUSAMMEN",,,473,678,192,133,19,50,271,50,211,534,160,27,124,57,64,65,-,3108
"ZHEJIANG CFMOTO (RC)","450SR S,450NK,450SR",ABM,17,18,7,7,-,3,15,-,18,21,3,-,8,3,5,4,-,129
,"650MT,CForce 650 MT",ABB,10,19,2,-,-,3,5,1,19,22,7,1,14,10,3,6,-,122
,"650NK,CF650NK,CF650NK,CF",AAX,11,15,-,4,-,1,3,2,20,17,8,-,5,7,6,4,-,103
,"700CL-X Heritage,700CL-X",ABE,16,19,5,8,-,4,6,3,34,27,8,1,16,9,6,2,-,164
,800MT,ABF,24,24,3,16,-,1,15,4,20,28,9,1,18,11,9,3,-,186
,"CFORCE 450 L",AAD,7,21,-,3,-,-,11,15,3,40,10,-,4,8,2,4,-,128
,"CFORCE 450S,CFORCE 450 S",AAC,15,34,-,8,-,-,16,8,12,15,20,1,8,10,6,14,-,167
,"SONSTIGE/NICHT GETYPT",,233,529,27,91,6,14,147,112,242,386,342,55,224,156,84,176,-,2824
"ZHEJIANG CFMOTO (RC) ZUSAMMEN",,,333,679,44,137,6,26,218,145,368,556,407,59,297,214,121,213,-,3823
"ZHEJIANG QIANJIANG (RC)","RKF 125,RKF;RKF 125;RKF 1",AAX,41,48,6,29,-,2,17,4,40,85,17,3,23,22,4,16,-,357
,"SRT 700 X,SRT 700",ABD,14,24,4,5,-,1,7,1,10,32,9,-,16,3,8,6,-,140
,"SRV 125",ABG,15,18,2,10,1,-,9,2,8,41,10,9,4,4,3,7,-,143
,SUPERLIGHT,AAW,21,29,7,22,-,3,9,5,29,68,9,3,24,35,8,6,-,278
,"VT 125,K-LIGHT 125",AAY,70,43,24,49,1,4,27,22,30,64,33,18,31,44,19,23,-,502
,"SONSTIGE/NICHT GETYPT",,310,571,64,101,13,19,119,77,165,480,118,74,139,83,67,71,-,2471
" ZHEJIANG QIANJIANG (RC) ZUSAMMEN",,,471,733,107,216,15,29,188,111,282,770,196,107,237,191,109,129,-,3891
ZUENDAPP-WERKE,"BELLA 203",203,29,50,2,-,1,2,11,-,9,18,20,-,-,-,3,-,-,145
,COMFORT,199,41,61,2,-,-,2,19,-,6,15,17,1,-,-,4,-,-,168
,"DB 201",196,36,54,-,-,-,1,20,-,12,15,13,-,-,-,-,-,-,151
,"K 80",083,11,69,-,-,-,1,18,-,27,21,10,-,1,-,7,-,-,165
,"KS 175",126,16,60,1,1,-,3,12,-,21,20,12,1,-,-,10,-,-,157
,,127,21,69,-,-,-,1,22,-,19,20,10,-,-,-,2,-,-,164
,"KS 50 SPORT",059,17,31,1,-,-,8,14,-,14,25,6,-,-,-,7,-,-,123
,"KS 50 SUPER SPORT",047,6,31,1,-,1,5,19,-,8,26,7,-,-,-,5,-,-,109
,"KS 50 WATERCOOLED TT",063,41,92,3,-,1,20,37,-,45,56,25,4,-,-,12,1,-,337
,"KS 80",081,34,134,1,1,-,12,35,1,38,89,30,8,-,-,15,-,1,399
,"KS 80 SUPER",080,15,67,-,-,1,1,22,-,10,19,11,5,-,1,6,-,1,159
,NORMA,198,60,49,-,-,-,3,16,-,23,29,22,-,-,-,7,-,-,209
,"SONSTIGE/NICHT GETYPT",,2466,7147,73,122,25,111,959,67,1238,1702,779,75,270,109,376,121,3,15643
"ZUENDAPP-WERKE ZUSAMMEN",,,2793,7914,84,124,29,170,1204,68,1470,2055,962,94,271,110,454,122,5,17929
"SONSTIGE HERSTELLER ZUSAMMEN",,,35433,55688,6200,9601,973,3657,19003,5195,21436,41559,14096,3690,12573,6799,8222,9164,109,253398
INSGESAMT,,,773261,1061079,120600,158401,21046,60385,366602,83594,465225,936347,277406,66706,208154,108011,164482,117239,4041,4992579
,,,,,,,,,,,,,,,,,,,,
Hinweis:,,,,,,,,,,,,,,,,,,,,
"KSR (A) einschließlich GENERIC MOTOR (A).",,,,,,,,,,,,,,,,,,,,
"© Kraftfahrt-Bundesamt, Flensburg",,,,,,,,,,,,,,,,,,,,
