// Code generated by tools/cmd/wmi-gen-go. DO NOT EDIT.

package vin

import _ "embed"

//go:embed wmi.bin
var wmiBlob []byte

var wmiIndex = []struct {
	K uint16
	O uint32
}{
	{K: 0x1, O: 0x0},
	{K: 0x3, O: 0x1f},
	{K: 0x4, O: 0x41},
	{K: 0x5, O: 0x53},
	{K: 0x7, O: 0x66},
	{K: 0x27, O: 0x8a},
	{K: 0x2d, O: 0xa1},
	{K: 0x74, O: 0xb0},
	{K: 0x75, O: 0xd2},
	{K: 0x98, O: 0xf2},
	{K: 0xb4, O: 0x108},
	{K: 0x14c, O: 0x126},
	{K: 0x511, O: 0x162},
	{K: 0x512, O: 0x189},
	{K: 0x51b, O: 0x1ae},
	{K: 0x521, O: 0x1d4},
	{K: 0x52b, O: 0x20c},
	{K: 0x52d, O: 0x234},
	{K: 0x530, O: 0x25d},
	{K: 0x533, O: 0x28c},
	{K: 0x536, O: 0x2b4},
	{K: 0x53e, O: 0x2e2},
	{K: 0x545, O: 0x31e},
	{K: 0x547, O: 0x357},
	{K: 0x549, O: 0x380},
	{K: 0x54b, O: 0x3ae},
	{K: 0x54d, O: 0x3db},
	{K: 0x54f, O: 0x40c},
	{K: 0x552, O: 0x436},
	{K: 0x553, O: 0x458},
	{K: 0x554, O: 0x482},
	{K: 0x555, O: 0x4b6},
	{K: 0x556, O: 0x4ec},
	{K: 0x557, O: 0x510},
	{K: 0x55b, O: 0x540},
	{K: 0x55f, O: 0x56d},
	{K: 0x562, O: 0x597},
	{K: 0x569, O: 0x5c5},
	{K: 0x56b, O: 0x5f2},
	{K: 0x573, O: 0x626},
	{K: 0x576, O: 0x653},
	{K: 0x57b, O: 0x680},
	{K: 0x57c, O: 0x6aa},
	{K: 0x57f, O: 0x6da},
	{K: 0x583, O: 0x712},
	{K: 0x584, O: 0x736},
	{K: 0x589, O: 0x75a},
	{K: 0x58a, O: 0x78a},
	{K: 0x590, O: 0x7bf},
	{K: 0x593, O: 0x7e2},
	{K: 0x598, O: 0x818},
	{K: 0x599, O: 0x846},
	{K: 0x59a, O: 0x869},
	{K: 0x59c, O: 0x890},
	{K: 0x59d, O: 0x8c3},
	{K: 0x59e, O: 0x8e6},
	{K: 0x59f, O: 0x913},
	{K: 0x5a1, O: 0x941},
	{K: 0x5a3, O: 0x960},
	{K: 0x5a5, O: 0x985},
	{K: 0x5a8, O: 0x9b9},
	{K: 0x5ad, O: 0x9ea},
	{K: 0x5b3, O: 0xa21},
	{K: 0x5b4, O: 0xa4f},
	{K: 0x5bf, O: 0xa80},
	{K: 0x5c1, O: 0xab8},
	{K: 0x5c2, O: 0xaec},
	{K: 0x5c8, O: 0xb11},
	{K: 0x5d0, O: 0xb3c},
	{K: 0x5d4, O: 0xb66},
	{K: 0x5df, O: 0xb86},
	{K: 0x5e2, O: 0xba7},
	{K: 0x5e3, O: 0xbcb},
	{K: 0x5e5, O: 0xbf9},
	{K: 0x5e8, O: 0xc2b},
	{K: 0x5ee, O: 0xc67},
	{K: 0x5f4, O: 0xca1},
	{K: 0x5f5, O: 0xcc9},
	{K: 0x5f7, O: 0xcf1},
	{K: 0x5f8, O: 0xd14},
	{K: 0x5fb, O: 0xd48},
	{K: 0x5fe, O: 0xd8c},
	{K: 0x603, O: 0xdb2},
	{K: 0x604, O: 0xde5},
	{K: 0x606, O: 0xe08},
	{K: 0x607, O: 0xe3a},
	{K: 0x608, O: 0xe72},
	{K: 0x609, O: 0xeb5},
	{K: 0x60d, O: 0xed3},
	{K: 0x60f, O: 0xefc},
	{K: 0x612, O: 0xf26},
	{K: 0x613, O: 0xf4c},
	{K: 0x61a, O: 0xf79},
	{K: 0x61f, O: 0xfa7},
	{K: 0x623, O: 0xfd5},
	{K: 0x62d, O: 0x100b},
	{K: 0x62e, O: 0x104b},
	{K: 0x634, O: 0x1071},
	{K: 0x635, O: 0x10a2},
	{K: 0x636, O: 0x10d0},
	{K: 0x638, O: 0x10fb},
	{K: 0x63d, O: 0x1122},
	{K: 0x63f, O: 0x114a},
	{K: 0x640, O: 0x116f},
	{K: 0x645, O: 0x119e},
	{K: 0x64c, O: 0x11d9},
	{K: 0x651, O: 0x1208},
	{K: 0x652, O: 0x1241},
	{K: 0x65b, O: 0x126d},
	{K: 0x65c, O: 0x129b},
	{K: 0x65f, O: 0x12c4},
	{K: 0x661, O: 0x12f5},
	{K: 0x662, O: 0x131e},
	{K: 0x663, O: 0x1347},
	{K: 0x669, O: 0x136a},
	{K: 0x66a, O: 0x13a1},
	{K: 0x671, O: 0x13cf},
	{K: 0x672, O: 0x13f2},
	{K: 0x673, O: 0x1443},
	{K: 0x675, O: 0x1494},
	{K: 0x677, O: 0x14e5},
	{K: 0x678, O: 0x1519},
	{K: 0x67a, O: 0x153c},
	{K: 0x67b, O: 0x157f},
	{K: 0x67c, O: 0x15c1},
	{K: 0x67d, O: 0x1602},
	{K: 0x67e, O: 0x162f},
	{K: 0x67f, O: 0x1670},
	{K: 0x680, O: 0x16b1},
	{K: 0x683, O: 0x16f2},
	{K: 0x684, O: 0x1716},
	{K: 0x685, O: 0x1758},
	{K: 0x686, O: 0x178e},
	{K: 0x687, O: 0x17c4},
	{K: 0x689, O: 0x17f0},
	{K: 0x68b, O: 0x1826},
	{K: 0x68d, O: 0x1857},
	{K: 0x68e, O: 0x187f},
	{K: 0x695, O: 0x18c3},
	{K: 0x69e, O: 0x18f9},
	{K: 0x69f, O: 0x193a},
	{K: 0x6a0, O: 0x1979},
	{K: 0x6a1, O: 0x19b8},
	{K: 0x6a2, O: 0x19f7},
	{K: 0x6a3, O: 0x1a36},
	{K: 0x6a4, O: 0x1a76},
	{K: 0x6a5, O: 0x1ab7},
	{K: 0x6a6, O: 0x1aef},
	{K: 0x6a7, O: 0x1b1b},
	{K: 0x6a8, O: 0x1b47},
	{K: 0x6a9, O: 0x1b73},
	{K: 0x6b1, O: 0x1b9f},
	{K: 0x6b3, O: 0x1bbf},
	{K: 0x6b9, O: 0x1bee},
	{K: 0x6c2, O: 0x1c10},
	{K: 0x6c3, O: 0x1c51},
	{K: 0x6c4, O: 0x1c88},
	{K: 0x6c5, O: 0x1cc8},
	{K: 0x6c6, O: 0x1d09},
	{K: 0x6c7, O: 0x1d4a},
	{K: 0x6c8, O: 0x1d95},
	{K: 0x6c9, O: 0x1dd6},
	{K: 0x6ca, O: 0x1df2},
	{K: 0x6cd, O: 0x1e30},
	{K: 0x6d4, O: 0x1e61},
	{K: 0x6d6, O: 0x1e88},
	{K: 0x6de, O: 0x1ec6},
	{K: 0x6e2, O: 0x1f0d},
	{K: 0x6e6, O: 0x1f49},
	{K: 0x6e7, O: 0x1f8a},
	{K: 0x6e8, O: 0x1fcb},
	{K: 0x6e9, O: 0x200c},
	{K: 0x6ea, O: 0x204d},
	{K: 0x6eb, O: 0x208e},
	{K: 0x6ec, O: 0x20cf},
	{K: 0x6ee, O: 0x2110},
	{K: 0x6f1, O: 0x2134},
	{K: 0x6f4, O: 0x2160},
	{K: 0x6fd, O: 0x2193},
	{K: 0x6ff, O: 0x21c3},
	{K: 0x700, O: 0x21f3},
	{K: 0x701, O: 0x221e},
	{K: 0x703, O: 0x225a},
	{K: 0x704, O: 0x2281},
	{K: 0x706, O: 0x22ae},
	{K: 0x709, O: 0x22de},
	{K: 0x70a, O: 0x230c},
	{K: 0x70b, O: 0x233b},
	{K: 0x70c, O: 0x237e},
	{K: 0x70d, O: 0x23ad},
	{K: 0x70e, O: 0x23dc},
	{K: 0x70f, O: 0x2407},
	{K: 0x710, O: 0x2435},
	{K: 0x712, O: 0x2462},
	{K: 0x713, O: 0x2493},
	{K: 0x714, O: 0x24c8},
	{K: 0x715, O: 0x24f9},
	{K: 0x716, O: 0x252a},
	{K: 0x717, O: 0x255b},
	{K: 0x718, O: 0x258c},
	{K: 0x719, O: 0x25bd},
	{K: 0x71b, O: 0x25ee},
	{K: 0x71c, O: 0x261f},
	{K: 0x71d, O: 0x2650},
	{K: 0x71e, O: 0x2681},
	{K: 0x726, O: 0x26b2},
	{K: 0x72b, O: 0x26eb},
	{K: 0x72c, O: 0x2714},
	{K: 0x72d, O: 0x2744},
	{K: 0x72e, O: 0x2780},
	{K: 0x72f, O: 0x27b0},
	{K: 0x730, O: 0x27e0},
	{K: 0x731, O: 0x2810},
	{K: 0x732, O: 0x2840},
	{K: 0x733, O: 0x2879},
	{K: 0x734, O: 0x28b5},
	{K: 0x735, O: 0x28e5},
	{K: 0x736, O: 0x28f9},
	{K: 0x737, O: 0x2940},
	{K: 0x738, O: 0x297f},
	{K: 0x739, O: 0x29d3},
	{K: 0x73b, O: 0x2a1f},
	{K: 0x73f, O: 0x2a54},
	{K: 0x741, O: 0x2a9b},
	{K: 0x742, O: 0x2ad7},
	{K: 0x747, O: 0x2b2b},
	{K: 0x749, O: 0x2b5b},
	{K: 0x74a, O: 0x2b9b},
	{K: 0x74b, O: 0x2bd3},
	{K: 0x74c, O: 0x2c0b},
	{K: 0x74e, O: 0x2c3e},
	{K: 0x750, O: 0x2c72},
	{K: 0x751, O: 0x2ca8},
	{K: 0x752, O: 0x2ce5},
	{K: 0x753, O: 0x2d22},
	{K: 0x754, O: 0x2d5f},
	{K: 0x755, O: 0x2d9c},
	{K: 0x756, O: 0x2dd9},
	{K: 0x757, O: 0x2e0d},
	{K: 0x758, O: 0x2e4a},
	{K: 0x759, O: 0x2e87},
	{K: 0x75a, O: 0x2ea1},
	{K: 0x75b, O: 0x2eed},
	{K: 0x75c, O: 0x2f2b},
	{K: 0x75d, O: 0x2f69},
	{K: 0x75e, O: 0x2fa7},
	{K: 0x75f, O: 0x2fe4},
	{K: 0x760, O: 0x3011},
	{K: 0x761, O: 0x304e},
	{K: 0x763, O: 0x308b},
	{K: 0x764, O: 0x30cb},
	{K: 0x766, O: 0x3109},
	{K: 0x767, O: 0x3146},
	{K: 0x76b, O: 0x3183},
	{K: 0x76d, O: 0x31ac},
	{K: 0x770, O: 0x31ea},
	{K: 0x771, O: 0x321d},
	{K: 0x772, O: 0x3250},
	{K: 0x775, O: 0x328d},
	{K: 0x776, O: 0x32bc},
	{K: 0x777, O: 0x32f0},
	{K: 0x778, O: 0x3331},
	{K: 0x779, O: 0x336f},
	{K: 0x77a, O: 0x33a0},
	{K: 0x77b, O: 0x33d6},
	{K: 0x77c, O: 0x3415},
	{K: 0x77e, O: 0x343d},
	{K: 0x780, O: 0x3481},
	{K: 0x781, O: 0x34c5},
	{K: 0x782, O: 0x350c},
	{K: 0x783, O: 0x3543},
	{K: 0x784, O: 0x358b},
	{K: 0x785, O: 0x35d6},
	{K: 0x789, O: 0x3602},
	{K: 0x78b, O: 0x3636},
	{K: 0x78d, O: 0x3660},
	{K: 0x78f, O: 0x36a4},
	{K: 0x790, O: 0x36e9},
	{K: 0x791, O: 0x372e},
	{K: 0x792, O: 0x3771},
	{K: 0x793, O: 0x379a},
	{K: 0x794, O: 0x37db},
	{K: 0x7be, O: 0x3802},
	{K: 0x7bf, O: 0x382d},
	{K: 0x7c0, O: 0x386e},
	{K: 0x7c1, O: 0x38c9},
	{K: 0x7c2, O: 0x390a},
	{K: 0x7c3, O: 0x394b},
	{K: 0x7c4, O: 0x399c},
	{K: 0x7c8, O: 0x39dd},
	{K: 0x7c9, O: 0x3a27},
	{K: 0x7ca, O: 0x3a71},
	{K: 0x7cb, O: 0x3ab1},
	{K: 0x7cd, O: 0x3ae7},
	{K: 0x7cf, O: 0x3b1d},
	{K: 0x7d0, O: 0x3b4e},
	{K: 0x7d2, O: 0x3b7d},
	{K: 0x7d9, O: 0x3bb3},
	{K: 0x7da, O: 0x3bfe},
	{K: 0x7df, O: 0x3c23},
	{K: 0x7e4, O: 0x3c4c},
	{K: 0x7e5, O: 0x3c6f},
	{K: 0x7eb, O: 0x3c92},
	{K: 0x7f4, O: 0x3cc2},
	{K: 0x804, O: 0x3cf2},
	{K: 0x805, O: 0x3d0d},
	{K: 0x806, O: 0x3d51},
	{K: 0x807, O: 0x3d79},
	{K: 0x80c, O: 0x3da1},
	{K: 0x80d, O: 0x3dda},
	{K: 0x813, O: 0x3ded},
	{K: 0x814, O: 0x3e15},
	{K: 0x815, O: 0x3e44},
	{K: 0x817, O: 0x3e6e},
	{K: 0x81b, O: 0x3ebd},
	{K: 0x81d, O: 0x3f07},
	{K: 0x822, O: 0x3f3f},
	{K: 0x823, O: 0x3f78},
	{K: 0x825, O: 0x3f95},
	{K: 0x828, O: 0x3fc2},
	{K: 0x829, O: 0x3fe1},
	{K: 0x82a, O: 0x4016},
	{K: 0x82b, O: 0x4057},
	{K: 0x82c, O: 0x408d},
	{K: 0x82d, O: 0x40ba},
	{K: 0x82e, O: 0x40e8},
	{K: 0x82f, O: 0x411a},
	{K: 0x830, O: 0x414f},
	{K: 0x831, O: 0x4181},
	{K: 0x833, O: 0x419e},
	{K: 0x835, O: 0x41d6},
	{K: 0x836, O: 0x4202},
	{K: 0x839, O: 0x424c},
	{K: 0x83d, O: 0x429b},
	{K: 0x83e, O: 0x42d2},
	{K: 0x843, O: 0x4303},
	{K: 0x845, O: 0x4351},
	{K: 0x848, O: 0x437c},
	{K: 0x850, O: 0x43ab},
	{K: 0x852, O: 0x43de},
	{K: 0x853, O: 0x4411},
	{K: 0x854, O: 0x4439},
	{K: 0x855, O: 0x4461},
	{K: 0x857, O: 0x4478},
	{K: 0x85a, O: 0x449c},
	{K: 0x85b, O: 0x44c4},
	{K: 0x85f, O: 0x44ec},
	{K: 0x860, O: 0x4533},
	{K: 0x861, O: 0x455f},
	{K: 0x863, O: 0x458c},
	{K: 0x865, O: 0x45b8},
	{K: 0x868, O: 0x45e6},
	{K: 0x869, O: 0x460e},
	{K: 0x86c, O: 0x4639},
	{K: 0x86d, O: 0x4665},
	{K: 0x892, O: 0x46a3},
	{K: 0x896, O: 0x46d5},
	{K: 0x897, O: 0x4704},
	{K: 0x898, O: 0x4756},
	{K: 0x899, O: 0x4798},
	{K: 0x89a, O: 0x47da},
	{K: 0x89b, O: 0x481c},
	{K: 0x89c, O: 0x485f},
	{K: 0x89d, O: 0x488c},
	{K: 0x89e, O: 0x489d},
	{K: 0x8a5, O: 0x48d6},
	{K: 0x8a9, O: 0x4902},
	{K: 0x8aa, O: 0x492d},
	{K: 0x8ab, O: 0x495a},
	{K: 0x8b1, O: 0x4991},
	{K: 0x8b6, O: 0x49c9},
	{K: 0x8dc, O: 0x49e6},
	{K: 0x8dd, O: 0x4a10},
	{K: 0x8e7, O: 0x4a3e},
	{K: 0x8e8, O: 0x4a6f},
	{K: 0x8eb, O: 0x4a9e},
	{K: 0x8ec, O: 0x4ad8},
	{K: 0x8f1, O: 0x4b01},
	{K: 0x8f3, O: 0x4b2e},
	{K: 0x8fc, O: 0x4b53},
	{K: 0x8ff, O: 0x4b77},
	{K: 0x901, O: 0x4ba8},
	{K: 0x902, O: 0x4bd7},
	{K: 0x903, O: 0x4bfe},
	{K: 0x904, O: 0x4c24},
	{K: 0x906, O: 0x4c48},
	{K: 0x907, O: 0x4c6c},
	{K: 0x908, O: 0x4c93},
	{K: 0x909, O: 0x4cbe},
	{K: 0x90a, O: 0x4cd6},
	{K: 0x90c, O: 0x4cf8},
	{K: 0x90d, O: 0x4d1c},
	{K: 0x90e, O: 0x4d45},
	{K: 0x90f, O: 0x4d6e},
	{K: 0x910, O: 0x4d97},
	{K: 0x911, O: 0x4dc0},
	{K: 0x913, O: 0x4de9},
	{K: 0x915, O: 0x4e12},
	{K: 0x916, O: 0x4e3b},
	{K: 0x917, O: 0x4e5f},
	{K: 0x919, O: 0x4e88},
	{K: 0x91d, O: 0x4ebd},
	{K: 0x91e, O: 0x4ee1},
	{K: 0x91f, O: 0x4f0a},
	{K: 0x922, O: 0x4f33},
	{K: 0x923, O: 0x4f5c},
	{K: 0x924, O: 0x4f8b},
	{K: 0x92b, O: 0x4faf},
	{K: 0x92c, O: 0x4fda},
	{K: 0x92d, O: 0x5005},
	{K: 0x92e, O: 0x501b},
	{K: 0x930, O: 0x504a},
	{K: 0x931, O: 0x508a},
	{K: 0x932, O: 0x50ab},
	{K: 0x935, O: 0x50da},
	{K: 0x937, O: 0x510a},
	{K: 0x938, O: 0x5139},
	{K: 0x93d, O: 0x5164},
	{K: 0x93f, O: 0x5191},
	{K: 0x940, O: 0x51c5},
	{K: 0x941, O: 0x51f0},
	{K: 0x942, O: 0x521c},
	{K: 0x943, O: 0x525a},
	{K: 0x945, O: 0x5292},
	{K: 0x946, O: 0x52c1},
	{K: 0x948, O: 0x52e7},
	{K: 0x94b, O: 0x531e},
	{K: 0x94d, O: 0x5356},
	{K: 0x94e, O: 0x5381},
	{K: 0x954, O: 0x53ba},
	{K: 0x955, O: 0x53fa},
	{K: 0x956, O: 0x5438},
	{K: 0x957, O: 0x546a},
	{K: 0x959, O: 0x5491},
	{K: 0x95b, O: 0x54c3},
	{K: 0x95c, O: 0x54e4},
	{K: 0x95e, O: 0x5519},
	{K: 0x95f, O: 0x554c},
	{K: 0x965, O: 0x5576},
	{K: 0x967, O: 0x55ae},
	{K: 0x968, O: 0x55cf},
	{K: 0x96a, O: 0x55f9},
	{K: 0x96d, O: 0x5634},
	{K: 0x96e, O: 0x5679},
	{K: 0x96f, O: 0x56b6},
	{K: 0x971, O: 0x56e9},
	{K: 0x974, O: 0x571b},
	{K: 0x975, O: 0x5749},
	{K: 0x977, O: 0x5766},
	{K: 0x979, O: 0x5799},
	{K: 0x97b, O: 0x57c4},
	{K: 0x97c, O: 0x5808},
	{K: 0x97d, O: 0x5830},
	{K: 0x982, O: 0x5875},
	{K: 0x983, O: 0x58a3},
	{K: 0x987, O: 0x58d1},
	{K: 0x98a, O: 0x5904},
	{K: 0x98c, O: 0x5923},
	{K: 0x990, O: 0x5965},
	{K: 0x991, O: 0x599e},
	{K: 0x994, O: 0x59c6},
	{K: 0x997, O: 0x59ff},
	{K: 0x998, O: 0x5a3b},
	{K: 0x99a, O: 0x5a60},
	{K: 0x99b, O: 0x5a8a},
	{K: 0x99c, O: 0x5ab4},
	{K: 0x99d, O: 0x5aed},
	{K: 0x99e, O: 0x5b17},
	{K: 0x99f, O: 0x5b42},
	{K: 0x9a1, O: 0x5b7b},
	{K: 0x9a3, O: 0x5ba5},
	{K: 0x9a4, O: 0x5bc6},
	{K: 0x9a5, O: 0x5be7},
	{K: 0x9a6, O: 0x5c08},
	{K: 0x9a7, O: 0x5c29},
	{K: 0x9a9, O: 0x5c4a},
	{K: 0x9ab, O: 0x5c6b},
	{K: 0x9ac, O: 0x5c94},
	{K: 0x9ad, O: 0x5cb5},
	{K: 0x9ae, O: 0x5ce5},
	{K: 0x9af, O: 0x5d0f},
	{K: 0x9b0, O: 0x5d3f},
	{K: 0x9b1, O: 0x5d6f},
	{K: 0x9b2, O: 0x5d99},
	{K: 0x9b3, O: 0x5dc3},
	{K: 0x9b7, O: 0x5dec},
	{K: 0x9bb, O: 0x5e16},
	{K: 0x9bc, O: 0x5e49},
	{K: 0x9be, O: 0x5e6e},
	{K: 0x9c2, O: 0x5ea4},
	{K: 0x9c3, O: 0x5eda},
	{K: 0x9c5, O: 0x5f10},
	{K: 0x9c8, O: 0x5f46},
	{K: 0x9c9, O: 0x5f72},
	{K: 0x9ca, O: 0x5fa3},
	{K: 0x9cb, O: 0x5fed},
	{K: 0x9cd, O: 0x601d},
	{K: 0x9d1, O: 0x604b},
	{K: 0x9d2, O: 0x606d},
	{K: 0x9d3, O: 0x6093},
	{K: 0x9d9, O: 0x60c3},
	{K: 0x9e2, O: 0x6101},
	{K: 0x9e8, O: 0x612b},
	{K: 0x9eb, O: 0x6146},
	{K: 0x9f6, O: 0x6175},
	{K: 0x9f7, O: 0x61a7},
	{K: 0x9fb, O: 0x61f0},
	{K: 0x9fe, O: 0x622f},
	{K: 0x9ff, O: 0x6270},
	{K: 0xa00, O: 0x62b1},
	{K: 0xa01, O: 0x62f2},
	{K: 0xa02, O: 0x631f},
	{K: 0xa03, O: 0x6360},
	{K: 0xa04, O: 0x63a1},
	{K: 0xa05, O: 0x63e2},
	{K: 0xa0a, O: 0x640c},
	{K: 0xa0b, O: 0x644b},
	{K: 0xa0c, O: 0x6482},
	{K: 0xa0f, O: 0x64b9},
	{K: 0xa11, O: 0x64f5},
	{K: 0xa1b, O: 0x651e},
	{K: 0xa1c, O: 0x655e},
	{K: 0xa22, O: 0x6598},
	{K: 0xa28, O: 0x65b4},
	{K: 0xa2d, O: 0x65c9},
	{K: 0xa2e, O: 0x65f4},
	{K: 0xa47, O: 0x6618},
	{K: 0xa90, O: 0x6629},
	{K: 0xb65, O: 0x663c},
	{K: 0xb8a, O: 0x6658},
	{K: 0xb8b, O: 0x66a1},
	{K: 0xb8c, O: 0x66ea},
	{K: 0xb8d, O: 0x6733},
	{K: 0xb8e, O: 0x6769},
	{K: 0xb8f, O: 0x67b2},
	{K: 0xb90, O: 0x67fb},
	{K: 0xb96, O: 0x6844},
	{K: 0xba1, O: 0x6871},
	{K: 0xbaa, O: 0x689e},
	{K: 0xbab, O: 0x68cb},
	{K: 0xbac, O: 0x68f8},
	{K: 0xbad, O: 0x6929},
	{K: 0xbae, O: 0x6976},
	{K: 0xbaf, O: 0x69bf},
	{K: 0xbb0, O: 0x6a08},
	{K: 0xbb1, O: 0x6a51},
	{K: 0xbb2, O: 0x6a9c},
	{K: 0xbb3, O: 0x6aef},
	{K: 0xbb4, O: 0x6b39},
	{K: 0xbb6, O: 0x6b82},
	{K: 0xbb8, O: 0x6bcf},
	{K: 0xbb9, O: 0x6c11},
	{K: 0xbba, O: 0x6c53},
	{K: 0xbbb, O: 0x6c89},
	{K: 0xbbd, O: 0x6cbf},
	{K: 0xbc2, O: 0x6cf5},
	{K: 0xbc5, O: 0x6d2b},
	{K: 0xbc9, O: 0x6d3e},
	{K: 0xbcb, O: 0x6d74},
	{K: 0xbcc, O: 0x6dc2},
	{K: 0xbcd, O: 0x6dfa},
	{K: 0xbce, O: 0x6e34},
	{K: 0xbcf, O: 0x6e67},
	{K: 0xbd0, O: 0x6ea1},
	{K: 0xbd1, O: 0x6ece},
	{K: 0xbd2, O: 0x6f18},
	{K: 0xbd3, O: 0x6f5c},
	{K: 0xbd4, O: 0x6fa5},
	{K: 0xbd5, O: 0x6fee},
	{K: 0xbd6, O: 0x702f},
	{K: 0xbd7, O: 0x7078},
	{K: 0xbd8, O: 0x70b9},
	{K: 0xbd9, O: 0x70fa},
	{K: 0xbda, O: 0x7115},
	{K: 0xbdc, O: 0x7144},
	{K: 0xbdd, O: 0x7187},
	{K: 0xbde, O: 0x71bd},
	{K: 0xbdf, O: 0x71f3},
	{K: 0xbe0, O: 0x7229},
	{K: 0xbe1, O: 0x7263},
	{K: 0xbe4, O: 0x7299},
	{K: 0xbe6, O: 0x72ec},
	{K: 0xbe7, O: 0x732c},
	{K: 0xbe9, O: 0x737f},
	{K: 0xbed, O: 0x73ba},
	{K: 0xbee, O: 0x7402},
	{K: 0xbf6, O: 0x7451},
	{K: 0xbf7, O: 0x749a},
	{K: 0xbf8, O: 0x74e3},
	{K: 0xbf9, O: 0x752c},
	{K: 0xbfa, O: 0x7575},
	{K: 0xbfb, O: 0x75be},
	{K: 0xbfc, O: 0x7607},
	{K: 0xbfe, O: 0x7650},
	{K: 0xc01, O: 0x7688},
	{K: 0xc02, O: 0x76ae},
	{K: 0xc04, O: 0x76dc},
	{K: 0xc0a, O: 0x76ff},
	{K: 0xc0b, O: 0x772a},
	{K: 0xc0f, O: 0x7760},
	{K: 0xc1a, O: 0x7785},
	{K: 0xc1b, O: 0x77bb},
	{K: 0xc1c, O: 0x7804},
	{K: 0xc1d, O: 0x784d},
	{K: 0xc1e, O: 0x7886},
	{K: 0xc1f, O: 0x78bc},
	{K: 0xc20, O: 0x78f5},
	{K: 0xc22, O: 0x792b},
	{K: 0xc24, O: 0x795c},
	{K: 0xc25, O: 0x798d},
	{K: 0xc26, O: 0x79be},
	{K: 0xc27, O: 0x79ef},
	{K: 0xc28, O: 0x7a20},
	{K: 0xc29, O: 0x7a51},
	{K: 0xc2b, O: 0x7a82},
	{K: 0xc2c, O: 0x7ab3},
	{K: 0xc2d, O: 0x7ae4},
	{K: 0xc2e, O: 0x7b15},
	{K: 0xc31, O: 0x7b46},
	{K: 0xc37, O: 0x7b6f},
	{K: 0xc38, O: 0x7b98},
	{K: 0xc3b, O: 0x7bd2},
	{K: 0xc3c, O: 0x7c0f},
	{K: 0xc46, O: 0x7c56},
	{K: 0xc47, O: 0x7c86},
	{K: 0xc48, O: 0x7cc8},
	{K: 0xc49, O: 0x7d0e},
	{K: 0xc4b, O: 0x7d5f},
	{K: 0xc4c, O: 0x7d9b},
	{K: 0xc4d, O: 0x7dc3},
	{K: 0xc51, O: 0x7df3},
	{K: 0xc52, O: 0x7e2f},
	{K: 0xc57, O: 0x7e6f},
	{K: 0xc59, O: 0x7eab},
	{K: 0xc5a, O: 0x7ef0},
	{K: 0xc5b, O: 0x7f22},
	{K: 0xc5c, O: 0x7f54},
	{K: 0xc5e, O: 0x7f8c},
	{K: 0xc5f, O: 0x7fc5},
	{K: 0xc60, O: 0x7ffd},
	{K: 0xc61, O: 0x803c},
	{K: 0xc62, O: 0x8079},
	{K: 0xc63, O: 0x80b6},
	{K: 0xc64, O: 0x80f3},
	{K: 0xc65, O: 0x8130},
	{K: 0xc66, O: 0x816d},
	{K: 0xc67, O: 0x81aa},
	{K: 0xc68, O: 0x81e7},
	{K: 0xc69, O: 0x8224},
	{K: 0xc6a, O: 0x823b},
	{K: 0xc6b, O: 0x827a},
	{K: 0xc6c, O: 0x82b8},
	{K: 0xc6d, O: 0x82f6},
	{K: 0xc6e, O: 0x8333},
	{K: 0xc6f, O: 0x8370},
	{K: 0xc70, O: 0x8397},
	{K: 0xc71, O: 0x83be},
	{K: 0xc73, O: 0x83fb},
	{K: 0xc74, O: 0x843a},
	{K: 0xc75, O: 0x8478},
	{K: 0xc76, O: 0x849b},
	{K: 0xc77, O: 0x84c2},
	{K: 0xc7b, O: 0x84ff},
	{K: 0xc7d, O: 0x8520},
	{K: 0xc81, O: 0x855e},
	{K: 0xc94, O: 0x8592},
	{K: 0xc95, O: 0x85e1},
	{K: 0xc97, O: 0x8631},
	{K: 0xc98, O: 0x8680},
	{K: 0xc9a, O: 0x86cf},
	{K: 0xc9b, O: 0x86ec},
	{K: 0xc9d, O: 0x873c},
	{K: 0xca0, O: 0x8767},
	{K: 0xca1, O: 0x8792},
	{K: 0xca2, O: 0x87bd},
	{K: 0xca3, O: 0x880c},
	{K: 0xca7, O: 0x8837},
	{K: 0xcd0, O: 0x8863},
	{K: 0xcd1, O: 0x88ac},
	{K: 0xcd2, O: 0x88db},
	{K: 0xcd6, O: 0x890a},
	{K: 0xcd7, O: 0x8932},
	{K: 0xcd8, O: 0x895d},
	{K: 0xd15, O: 0x8988},
	{K: 0xd1d, O: 0x89d5},
	{K: 0xd1e, O: 0x89f7},
	{K: 0xd1f, O: 0x8a26},
	{K: 0xd20, O: 0x8a55},
	{K: 0xd21, O: 0x8a83},
	{K: 0xd22, O: 0x8aad},
	{K: 0xd27, O: 0x8ad9},
	{K: 0xd2a, O: 0x8b09},
	{K: 0xd2b, O: 0x8b39},
	{K: 0xd39, O: 0x8b79},
	{K: 0xd3a, O: 0x8ba2},
	{K: 0xd3b, O: 0x8bcb},
	{K: 0xd3d, O: 0x8bf4},
	{K: 0xd46, O: 0x8c23},
	{K: 0xd48, O: 0x8c72},
	{K: 0xd49, O: 0x8ca6},
	{K: 0xd53, O: 0x8cf9},
	{K: 0xd54, O: 0x8d42},
	{K: 0xd58, O: 0x8d6d},
	{K: 0xd59, O: 0x8da4},
	{K: 0xd69, O: 0x8dc8},
	{K: 0xd6a, O: 0x8df1},
	{K: 0xd70, O: 0x8e19},
	{K: 0xd75, O: 0x8e45},
	{K: 0xd7b, O: 0x8e73},
	{K: 0xda6, O: 0x8e96},
	{K: 0xda7, O: 0x8ecc},
	{K: 0xda8, O: 0x8f15},
	{K: 0xda9, O: 0x8f5e},
	{K: 0xdaa, O: 0x8fa2},
	{K: 0xdab, O: 0x8feb},
	{K: 0xdac, O: 0x9035},
	{K: 0xdad, O: 0x906b},
	{K: 0xdb0, O: 0x908a},
	{K: 0xdb2, O: 0x90b7},
	{K: 0xdb9, O: 0x90e4},
	{K: 0xdf6, O: 0x910a},
	{K: 0xdf9, O: 0x914d},
	{K: 0xdfa, O: 0x9179},
	{K: 0xdfc, O: 0x9199},
	{K: 0xdfd, O: 0x91c4},
	{K: 0xe03, O: 0x91f6},
	{K: 0xe0e, O: 0x923d},
	{K: 0xe12, O: 0x9260},
	{K: 0xe13, O: 0x92a1},
	{K: 0xe14, O: 0x92e2},
	{K: 0xe1a, O: 0x9312},
	{K: 0xe1f, O: 0x9334},
	{K: 0xe20, O: 0x9361},
	{K: 0xe21, O: 0x9391},
	{K: 0xe23, O: 0x93cc},
	{K: 0xe25, O: 0x940b},
	{K: 0xe2c, O: 0x942e},
	{K: 0xe30, O: 0x9464},
	{K: 0xe35, O: 0x9491},
	{K: 0xe36, O: 0x94cc},
	{K: 0xe37, O: 0x9508},
	{K: 0xe49, O: 0x9543},
	{K: 0xe4a, O: 0x9566},
	{K: 0xe4d, O: 0x9589},
	{K: 0xe52, O: 0x95ba},
	{K: 0xe53, O: 0x95eb},
	{K: 0xe55, O: 0x9615},
	{K: 0xe57, O: 0x9654},
	{K: 0xe80, O: 0x9680},
	{K: 0xe84, O: 0x96b7},
	{K: 0xe92, O: 0x970c},
	{K: 0xeae, O: 0x9748},
	{K: 0xeb4, O: 0x9775},
	{K: 0xeb5, O: 0x97a2},
	{K: 0xeb6, O: 0x97cf},
	{K: 0xebf, O: 0x97fc},
	{K: 0xecf, O: 0x982a},
	{K: 0xed2, O: 0x9858},
	{K: 0xed3, O: 0x988e},
	{K: 0xed5, O: 0x98bd},
	{K: 0xed8, O: 0x98f3},
	{K: 0xeda, O: 0x991f},
	{K: 0xedd, O: 0x9962},
	{K: 0xf78, O: 0x9990},
	{K: 0xf9e, O: 0x99a4},
	{K: 0x100b, O: 0x99ce},
	{K: 0x1077, O: 0x99e5},
	{K: 0x1098, O: 0x9a03},
	{K: 0x1099, O: 0x9a51},
	{K: 0x109a, O: 0x9a92},
	{K: 0x109b, O: 0x9acb},
	{K: 0x109c, O: 0x9b04},
	{K: 0x109e, O: 0x9b3e},
	{K: 0x109f, O: 0x9b77},
	{K: 0x10a0, O: 0x9bb0},
	{K: 0x10a3, O: 0x9bea},
	{K: 0x10a6, O: 0x9c0e},
	{K: 0x10ac, O: 0x9c40},
	{K: 0x10ad, O: 0x9c93},
	{K: 0x10ae, O: 0x9ce6},
	{K: 0x10b6, O: 0x9d22},
	{K: 0x10b7, O: 0x9d46},
	{K: 0x10b8, O: 0x9d69},
	{K: 0x10b9, O: 0x9d9e},
	{K: 0x10be, O: 0x9dba},
	{K: 0x10bf, O: 0x9df3},
	{K: 0x10c0, O: 0x9e2b},
	{K: 0x10c1, O: 0x9e65},
	{K: 0x10c2, O: 0x9e9e},
	{K: 0x10c3, O: 0x9ed8},
	{K: 0x10c4, O: 0x9f1c},
	{K: 0x10c9, O: 0x9f55},
	{K: 0x10ca, O: 0x9f7f},
	{K: 0x10cd, O: 0x9fa3},
	{K: 0x10cf, O: 0x9fdb},
	{K: 0x10d0, O: 0xa013},
	{K: 0x10d2, O: 0xa03f},
	{K: 0x10d5, O: 0xa071},
	{K: 0x10d9, O: 0xa09f},
	{K: 0x10de, O: 0xa0cc},
	{K: 0x10df, O: 0xa103},
	{K: 0x10e2, O: 0xa140},
	{K: 0x10e3, O: 0xa179},
	{K: 0x10e4, O: 0xa1b3},
	{K: 0x10e5, O: 0xa1e9},
	{K: 0x10e6, O: 0xa222},
	{K: 0x10e7, O: 0xa25c},
	{K: 0x10e8, O: 0xa296},
	{K: 0x10ea, O: 0xa2d0},
	{K: 0x10ee, O: 0xa309},
	{K: 0x10f0, O: 0xa344},
	{K: 0x10ff, O: 0xa36f},
	{K: 0x1100, O: 0xa3a7},
	{K: 0x1101, O: 0xa3da},
	{K: 0x1103, O: 0xa40d},
	{K: 0x1106, O: 0xa444},
	{K: 0x1107, O: 0xa47e},
	{K: 0x1108, O: 0xa4b4},
	{K: 0x1109, O: 0xa4ea},
	{K: 0x110a, O: 0xa523},
	{K: 0x110b, O: 0xa55d},
	{K: 0x110c, O: 0xa5a1},
	{K: 0x110f, O: 0xa5d7},
	{K: 0x1110, O: 0xa608},
	{K: 0x1114, O: 0xa64e},
	{K: 0x1115, O: 0xa685},
	{K: 0x1129, O: 0xa6bc},
	{K: 0x112b, O: 0xa6f7},
	{K: 0x112c, O: 0xa730},
	{K: 0x1133, O: 0xa766},
	{K: 0x113d, O: 0xa797},
	{K: 0x1144, O: 0xa7ce},
	{K: 0x1146, O: 0xa7ff},
	{K: 0x1147, O: 0xa839},
	{K: 0x1148, O: 0xa864},
	{K: 0x114a, O: 0xa892},
	{K: 0x114b, O: 0xa8be},
	{K: 0x1151, O: 0xa8e6},
	{K: 0x1152, O: 0xa923},
	{K: 0x1153, O: 0xa95c},
	{K: 0x1154, O: 0xa991},
	{K: 0x1156, O: 0xa9bd},
	{K: 0x1157, O: 0xa9f1},
	{K: 0x1158, O: 0xaa25},
	{K: 0x1159, O: 0xaa59},
	{K: 0x115a, O: 0xaa8d},
	{K: 0x115b, O: 0xaac1},
	{K: 0x115d, O: 0xaaf3},
	{K: 0x115f, O: 0xab25},
	{K: 0x1162, O: 0xab5a},
	{K: 0x1163, O: 0xab8e},
	{K: 0x1167, O: 0xabcf},
	{K: 0x1169, O: 0xac0e},
	{K: 0x116d, O: 0xac42},
	{K: 0x116f, O: 0xac81},
	{K: 0x1170, O: 0xacbd},
	{K: 0x1171, O: 0xacf3},
	{K: 0x1172, O: 0xad29},
	{K: 0x1173, O: 0xad5f},
	{K: 0x1174, O: 0xad94},
	{K: 0x1175, O: 0xadca},
	{K: 0x1177, O: 0xae00},
	{K: 0x117b, O: 0xae36},
	{K: 0x117c, O: 0xae6b},
	{K: 0x117d, O: 0xaea1},
	{K: 0x1180, O: 0xaed6},
	{K: 0x1181, O: 0xaf0b},
	{K: 0x1183, O: 0xaf41},
	{K: 0x1184, O: 0xaf78},
	{K: 0x1186, O: 0xafae},
	{K: 0x1187, O: 0xafe4},
	{K: 0x1189, O: 0xb021},
	{K: 0x118b, O: 0xb057},
	{K: 0x118c, O: 0xb082},
	{K: 0x118d, O: 0xb0b8},
	{K: 0x1192, O: 0xb0ee},
	{K: 0x1195, O: 0xb12b},
	{K: 0x1197, O: 0xb162},
	{K: 0x1198, O: 0xb19c},
	{K: 0x1199, O: 0xb1d0},
	{K: 0x119a, O: 0xb22b},
	{K: 0x119b, O: 0xb258},
	{K: 0x119e, O: 0xb294},
	{K: 0x119f, O: 0xb2d5},
	{K: 0x11a0, O: 0xb316},
	{K: 0x11a1, O: 0xb357},
	{K: 0x11a3, O: 0xb38e},
	{K: 0x11a4, O: 0xb3ce},
	{K: 0x11af, O: 0xb400},
	{K: 0x11b0, O: 0xb433},
	{K: 0x11b1, O: 0xb467},
	{K: 0x11b2, O: 0xb49a},
	{K: 0x11b3, O: 0xb4cd},
	{K: 0x11e0, O: 0xb500},
	{K: 0x11e1, O: 0xb539},
	{K: 0x11e2, O: 0xb572},
	{K: 0x11e7, O: 0xb5ab},
	{K: 0x11e8, O: 0xb5fa},
	{K: 0x11e9, O: 0xb62c},
	{K: 0x1216, O: 0xb64f},
	{K: 0x1219, O: 0xb682},
	{K: 0x1235, O: 0xb6bf},
	{K: 0x123b, O: 0xb6de},
	{K: 0x1241, O: 0xb713},
	{K: 0x124f, O: 0xb747},
	{K: 0x1252, O: 0xb778},
	{K: 0x1255, O: 0xb7ad},
	{K: 0x1256, O: 0xb7f1},
	{K: 0x1257, O: 0xb826},
	{K: 0x125b, O: 0xb85e},
	{K: 0x1267, O: 0xb889},
	{K: 0x1268, O: 0xb8be},
	{K: 0x126a, O: 0xb906},
	{K: 0x126b, O: 0xb951},
	{K: 0x126d, O: 0xb98d},
	{K: 0x1272, O: 0xb9c4},
	{K: 0x1274, O: 0xb9fb},
	{K: 0x127a, O: 0xba32},
	{K: 0x127c, O: 0xba5f},
	{K: 0x1280, O: 0xba9c},
	{K: 0x1282, O: 0xbacc},
	{K: 0x1288, O: 0xbafa},
	{K: 0x1289, O: 0xbb27},
	{K: 0x12b7, O: 0xbb52},
	{K: 0x12b8, O: 0xbb8c},
	{K: 0x12b9, O: 0xbbc5},
	{K: 0x12ba, O: 0xbbfe},
	{K: 0x12bb, O: 0xbc37},
	{K: 0x12bf, O: 0xbc70},
	{K: 0x12c0, O: 0xbc98},
	{K: 0x12c2, O: 0xbccb},
	{K: 0x12ca, O: 0xbcf3},
	{K: 0x12d1, O: 0xbd39},
	{K: 0x1308, O: 0xbd7b},
	{K: 0x132d, O: 0xbdbb},
	{K: 0x1345, O: 0xbdf3},
	{K: 0x1355, O: 0xbe34},
	{K: 0x1358, O: 0xbe6d},
	{K: 0x135a, O: 0xbe98},
	{K: 0x1366, O: 0xbee2},
	{K: 0x1367, O: 0xbf24},
	{K: 0x1385, O: 0xbf59},
	{K: 0x138f, O: 0xbf94},
	{K: 0x1399, O: 0xbfbd},
	{K: 0x13ab, O: 0xbff5},
	{K: 0x13ac, O: 0xc04f},
	{K: 0x13b1, O: 0xc098},
	{K: 0x13c4, O: 0xc0c6},
	{K: 0x13c6, O: 0xc0f2},
	{K: 0x13c9, O: 0xc122},
	{K: 0x13e8, O: 0xc150},
	{K: 0x1441, O: 0xc180},
	{K: 0x1445, O: 0xc1a9},
	{K: 0x1446, O: 0xc1d9},
	{K: 0x1447, O: 0xc205},
	{K: 0x1448, O: 0xc237},
	{K: 0x144b, O: 0xc265},
	{K: 0x144f, O: 0xc299},
	{K: 0x1450, O: 0xc2c9},
	{K: 0x1451, O: 0xc306},
	{K: 0x1454, O: 0xc32a},
	{K: 0x1455, O: 0xc354},
	{K: 0x1456, O: 0xc389},
	{K: 0x1457, O: 0xc3b4},
	{K: 0x145b, O: 0xc3da},
	{K: 0x145d, O: 0xc421},
	{K: 0x1463, O: 0xc44f},
	{K: 0x1464, O: 0xc490},
	{K: 0x146d, O: 0xc4b0},
	{K: 0x146f, O: 0xc4d0},
	{K: 0x1470, O: 0xc505},
	{K: 0x1474, O: 0xc52e},
	{K: 0x1480, O: 0xc559},
	{K: 0x1482, O: 0xc57f},
	{K: 0x1486, O: 0xc5ae},
	{K: 0x1487, O: 0xc5d1},
	{K: 0x1488, O: 0xc5fe},
	{K: 0x1489, O: 0xc62f},
	{K: 0x1490, O: 0xc654},
	{K: 0x1496, O: 0xc67e},
	{K: 0x1497, O: 0xc6ac},
	{K: 0x149c, O: 0xc6da},
	{K: 0x149f, O: 0xc704},
	{K: 0x14a9, O: 0xc73d},
	{K: 0x14ad, O: 0xc769},
	{K: 0x14ae, O: 0xc797},
	{K: 0x14af, O: 0xc7dc},
	{K: 0x14b1, O: 0xc802},
	{K: 0x14b4, O: 0xc82f},
	{K: 0x14b6, O: 0xc85c},
	{K: 0x14b8, O: 0xc882},
	{K: 0x14c0, O: 0xc8b2},
	{K: 0x14c2, O: 0xc8da},
	{K: 0x14c3, O: 0xc900},
	{K: 0x14cf, O: 0xc928},
	{K: 0x14df, O: 0xc952},
	{K: 0x14e4, O: 0xc987},
	{K: 0x14e5, O: 0xc9a6},
	{K: 0x14e6, O: 0xc9d1},
	{K: 0x14eb, O: 0xc9fc},
	{K: 0x14ee, O: 0xca33},
	{K: 0x14ef, O: 0xca68},
	{K: 0x14f1, O: 0xca95},
	{K: 0x14f2, O: 0xcabc},
	{K: 0x14f3, O: 0xcadf},
	{K: 0x14f4, O: 0xcb09},
	{K: 0x14f7, O: 0xcb2b},
	{K: 0x14f8, O: 0xcb70},
	{K: 0x14f9, O: 0xcbb5},
	{K: 0x14fa, O: 0xcbff},
	{K: 0x14fc, O: 0xcc2c},
	{K: 0x1501, O: 0xcc55},
	{K: 0x1502, O: 0xcc8e},
	{K: 0x1504, O: 0xccc0},
	{K: 0x1507, O: 0xccea},
	{K: 0x1509, O: 0xcd0e},
	{K: 0x1510, O: 0xcd3d},
	{K: 0x1511, O: 0xcd75},
	{K: 0x1513, O: 0xcda0},
	{K: 0x1514, O: 0xcdcd},
	{K: 0x1517, O: 0xcdfa},
	{K: 0x151d, O: 0xce1e},
	{K: 0x151f, O: 0xce58},
	{K: 0x1520, O: 0xce79},
	{K: 0x1526, O: 0xcea3},
	{K: 0x1527, O: 0xced4},
	{K: 0x1528, O: 0xcf03},
	{K: 0x152b, O: 0xcf23},
	{K: 0x1531, O: 0xcf41},
	{K: 0x1536, O: 0xcf75},
	{K: 0x1537, O: 0xcfa8},
	{K: 0x1539, O: 0xcfe3},
	{K: 0x153a, O: 0xd014},
	{K: 0x153e, O: 0xd03d},
	{K: 0x153f, O: 0xd072},
	{K: 0x1541, O: 0xd0a2},
	{K: 0x1542, O: 0xd0c6},
	{K: 0x1544, O: 0xd0ef},
	{K: 0x1548, O: 0xd13a},
	{K: 0x154a, O: 0xd16b},
	{K: 0x154c, O: 0xd19b},
	{K: 0x1550, O: 0xd1c6},
	{K: 0x1552, O: 0xd1f1},
	{K: 0x1553, O: 0xd21f},
	{K: 0x1558, O: 0xd259},
	{K: 0x1559, O: 0xd287},
	{K: 0x155d, O: 0xd2b3},
	{K: 0x155e, O: 0xd2fc},
	{K: 0x155f, O: 0xd323},
	{K: 0x1560, O: 0xd354},
	{K: 0x1563, O: 0xd38c},
	{K: 0x1566, O: 0xd3d2},
	{K: 0x1567, O: 0xd3fa},
	{K: 0x156a, O: 0xd424},
	{K: 0x156b, O: 0xd459},
	{K: 0x156d, O: 0xd488},
	{K: 0x156e, O: 0xd4b2},
	{K: 0x1570, O: 0xd4d8},
	{K: 0x1574, O: 0xd4fb},
	{K: 0x1575, O: 0xd528},
	{K: 0x1576, O: 0xd55d},
	{K: 0x157c, O: 0xd58c},
	{K: 0x1581, O: 0xd5ad},
	{K: 0x1583, O: 0xd5de},
	{K: 0x1585, O: 0xd61c},
	{K: 0x1586, O: 0xd659},
	{K: 0x1587, O: 0xd681},
	{K: 0x1589, O: 0xd6b0},
	{K: 0x1591, O: 0xd6db},
	{K: 0x1592, O: 0xd704},
	{K: 0x1594, O: 0xd72d},
	{K: 0x1595, O: 0xd772},
	{K: 0x1598, O: 0xd7aa},
	{K: 0x159a, O: 0xd7e3},
	{K: 0x159b, O: 0xd812},
	{K: 0x15a0, O: 0xd843},
	{K: 0x15a1, O: 0xd881},
	{K: 0x15a6, O: 0xd8b1},
	{K: 0x15a7, O: 0xd8e6},
	{K: 0x15a8, O: 0xd90d},
	{K: 0x15aa, O: 0xd941},
	{K: 0x15ab, O: 0xd965},
	{K: 0x15ac, O: 0xd9b2},
	{K: 0x15ad, O: 0xd9ff},
	{K: 0x15ae, O: 0xda29},
	{K: 0x15af, O: 0xda6b},
	{K: 0x15b0, O: 0xda95},
	{K: 0x15b2, O: 0xdabb},
	{K: 0x15b8, O: 0xdae7},
	{K: 0x15b9, O: 0xdb17},
	{K: 0x15bb, O: 0xdb48},
	{K: 0x15c1, O: 0xdb6e},
	{K: 0x15c6, O: 0xdb9a},
	{K: 0x15ca, O: 0xdbc8},
	{K: 0x15ce, O: 0xdbf0},
	{K: 0x15cf, O: 0xdc1f},
	{K: 0x15d0, O: 0xdc74},
	{K: 0x15d3, O: 0xdcb5},
	{K: 0x15d4, O: 0xdce8},
	{K: 0x15d5, O: 0xdd12},
	{K: 0x15d6, O: 0xdd34},
	{K: 0x15da, O: 0xdd60},
	{K: 0x15db, O: 0xdd95},
	{K: 0x15df, O: 0xddbf},
	{K: 0x15e1, O: 0xddf0},
	{K: 0x15e5, O: 0xde17},
	{K: 0x15eb, O: 0xde58},
	{K: 0x15f0, O: 0xde81},
	{K: 0x15f2, O: 0xdeb5},
	{K: 0x15f3, O: 0xdedc},
	{K: 0x15f4, O: 0xdf21},
	{K: 0x15f6, O: 0xdf47},
	{K: 0x15f9, O: 0xdf7f},
	{K: 0x15fa, O: 0xdf92},
	{K: 0x15fb, O: 0xdfc7},
	{K: 0x15fc, O: 0xdffc},
	{K: 0x15fd, O: 0xe031},
	{K: 0x15fe, O: 0xe05a},
	{K: 0x15ff, O: 0xe08f},
	{K: 0x1600, O: 0xe0c4},
	{K: 0x1603, O: 0xe0e4},
	{K: 0x1604, O: 0xe119},
	{K: 0x1605, O: 0xe14e},
	{K: 0x1606, O: 0xe183},
	{K: 0x1607, O: 0xe1b8},
	{K: 0x1609, O: 0xe1ed},
	{K: 0x160b, O: 0xe222},
	{K: 0x160c, O: 0xe24f},
	{K: 0x160d, O: 0xe26f},
	{K: 0x160e, O: 0xe2a4},
	{K: 0x160f, O: 0xe2d9},
	{K: 0x1610, O: 0xe30e},
	{K: 0x1611, O: 0xe343},
	{K: 0x1612, O: 0xe378},
	{K: 0x1613, O: 0xe3ad},
	{K: 0x1614, O: 0xe3d6},
	{K: 0x1618, O: 0xe3ff},
	{K: 0x161a, O: 0xe44f},
	{K: 0x1623, O: 0xe476},
	{K: 0x1624, O: 0xe49c},
	{K: 0x1625, O: 0xe4c5},
	{K: 0x1627, O: 0xe4ef},
	{K: 0x1628, O: 0xe514},
	{K: 0x162a, O: 0xe543},
	{K: 0x162f, O: 0xe564},
	{K: 0x1630, O: 0xe588},
	{K: 0x1633, O: 0xe5b5},
	{K: 0x1636, O: 0xe5de},
	{K: 0x163b, O: 0xe5ff},
	{K: 0x163c, O: 0xe654},
	{K: 0x163f, O: 0xe695},
	{K: 0x1640, O: 0xe6bf},
	{K: 0x1644, O: 0xe6ec},
	{K: 0x1645, O: 0xe715},
	{K: 0x1648, O: 0xe740},
	{K: 0x164f, O: 0xe773},
	{K: 0x1651, O: 0xe794},
	{K: 0x1653, O: 0xe7c8},
	{K: 0x1655, O: 0xe801},
	{K: 0x1656, O: 0xe82e},
	{K: 0x1659, O: 0xe85c},
	{K: 0x165b, O: 0xe888},
	{K: 0x165e, O: 0xe8a9},
	{K: 0x165f, O: 0xe8fc},
	{K: 0x1660, O: 0xe92e},
	{K: 0x1661, O: 0xe960},
	{K: 0x1662, O: 0xe988},
	{K: 0x1663, O: 0xe9a8},
	{K: 0x1667, O: 0xe9e3},
	{K: 0x1668, O: 0xea11},
	{K: 0x166a, O: 0xea47},
	{K: 0x166c, O: 0xea7c},
	{K: 0x1670, O: 0xeab8},
	{K: 0x1675, O: 0xeae3},
	{K: 0x167a, O: 0xeb16},
	{K: 0x167b, O: 0xeb3a},
	{K: 0x167f, O: 0xeb71},
	{K: 0x1680, O: 0xebb3},
	{K: 0x1681, O: 0xebe2},
	{K: 0x1682, O: 0xec1f},
	{K: 0x1683, O: 0xec5c},
	{K: 0x1684, O: 0xec9b},
	{K: 0x1685, O: 0xecc7},
	{K: 0x1688, O: 0xed04},
	{K: 0x168a, O: 0xed34},
	{K: 0x168b, O: 0xed61},
	{K: 0x168d, O: 0xed8e},
	{K: 0x168e, O: 0xedc4},
	{K: 0x1693, O: 0xedf4},
	{K: 0x1694, O: 0xee31},
	{K: 0x1695, O: 0xee58},
	{K: 0x1697, O: 0xee95},
	{K: 0x169d, O: 0xeeb9},
	{K: 0x169e, O: 0xeef6},
	{K: 0x16a4, O: 0xef1f},
	{K: 0x16a5, O: 0xef41},
	{K: 0x16ae, O: 0xef62},
	{K: 0x16b0, O: 0xef8e},
	{K: 0x16b3, O: 0xefad},
	{K: 0x16b5, O: 0xefde},
	{K: 0x16b9, O: 0xf001},
	{K: 0x16ba, O: 0xf021},
	{K: 0x16bd, O: 0xf04e},
	{K: 0x16bf, O: 0xf07c},
	{K: 0x16c2, O: 0xf0a6},
	{K: 0x16c3, O: 0xf0d1},
	{K: 0x16c5, O: 0xf105},
	{K: 0x16c7, O: 0xf12f},
	{K: 0x16ed, O: 0xf152},
	{K: 0x16f0, O: 0xf189},
	{K: 0x16f2, O: 0xf1bf},
	{K: 0x16f4, O: 0xf1e8},
	{K: 0x16f9, O: 0xf207},
	{K: 0x16fa, O: 0xf236},
	{K: 0x16fb, O: 0xf265},
	{K: 0x16fc, O: 0xf288},
	{K: 0x1701, O: 0xf2cc},
	{K: 0x1702, O: 0xf2f1},
	{K: 0x170a, O: 0xf31f},
	{K: 0x170b, O: 0xf354},
	{K: 0x170c, O: 0xf380},
	{K: 0x170e, O: 0xf3b7},
	{K: 0x1710, O: 0xf3e9},
	{K: 0x1711, O: 0xf417},
	{K: 0x1713, O: 0xf44c},
	{K: 0x1715, O: 0xf46c},
	{K: 0x1716, O: 0xf498},
	{K: 0x171a, O: 0xf4c4},
	{K: 0x171b, O: 0xf4e8},
	{K: 0x171d, O: 0xf525},
	{K: 0x171e, O: 0xf562},
	{K: 0x171f, O: 0xf587},
	{K: 0x1720, O: 0xf5b5},
	{K: 0x1725, O: 0xf5d7},
	{K: 0x1727, O: 0xf614},
	{K: 0x1729, O: 0xf640},
	{K: 0x1731, O: 0xf66f},
	{K: 0x1734, O: 0xf6a3},
	{K: 0x1735, O: 0xf6c9},
	{K: 0x1738, O: 0xf6f6},
	{K: 0x1739, O: 0xf722},
	{K: 0x173b, O: 0xf750},
	{K: 0x173e, O: 0xf78e},
	{K: 0x1740, O: 0xf7ca},
	{K: 0x1742, O: 0xf7eb},
	{K: 0x1743, O: 0xf81d},
	{K: 0x174a, O: 0xf847},
	{K: 0x174b, O: 0xf86e},
	{K: 0x174f, O: 0xf8a2},
	{K: 0x1753, O: 0xf8cb},
	{K: 0x1755, O: 0xf8ff},
	{K: 0x1756, O: 0xf92e},
	{K: 0x1758, O: 0xf959},
	{K: 0x175a, O: 0xf982},
	{K: 0x175b, O: 0xf9d5},
	{K: 0x175c, O: 0xfa07},
	{K: 0x175e, O: 0xfa39},
	{K: 0x175f, O: 0xfa61},
	{K: 0x1760, O: 0xfaa3},
	{K: 0x1762, O: 0xfadb},
	{K: 0x1763, O: 0xfb02},
	{K: 0x1766, O: 0xfb4a},
	{K: 0x1767, O: 0xfb7b},
	{K: 0x1768, O: 0xfbb0},
	{K: 0x1769, O: 0xfbe4},
	{K: 0x176b, O: 0xfc16},
	{K: 0x176c, O: 0xfc49},
	{K: 0x176d, O: 0xfc70},
	{K: 0x176f, O: 0xfc9e},
	{K: 0x1776, O: 0xfcca},
	{K: 0x1777, O: 0xfcfa},
	{K: 0x1778, O: 0xfd29},
	{K: 0x177b, O: 0xfd59},
	{K: 0x177d, O: 0xfd8e},
	{K: 0x177e, O: 0xfdc1},
	{K: 0x177f, O: 0xfe14},
	{K: 0x1780, O: 0xfe46},
	{K: 0x1781, O: 0xfe78},
	{K: 0x1782, O: 0xfeaa},
	{K: 0x1788, O: 0xfed3},
	{K: 0x178c, O: 0xfefc},
	{K: 0x1793, O: 0xff2b},
	{K: 0x1795, O: 0xff58},
	{K: 0x1798, O: 0xff87},
	{K: 0x1799, O: 0xffc4},
	{K: 0x179a, O: 0x10001},
	{K: 0x179b, O: 0x1003e},
	{K: 0x179c, O: 0x10065},
	{K: 0x17b0, O: 0x1008c},
	{K: 0x17c5, O: 0x100b7},
	{K: 0x17c6, O: 0x100e4},
	{K: 0x17c7, O: 0x10114},
	{K: 0x17c9, O: 0x10161},
	{K: 0x17ca, O: 0x10196},
	{K: 0x17cb, O: 0x101ba},
	{K: 0x17ce, O: 0x101eb},
	{K: 0x17cf, O: 0x10220},
	{K: 0x17d3, O: 0x10254},
	{K: 0x17d4, O: 0x1027e},
	{K: 0x17d8, O: 0x102b1},
	{K: 0x17da, O: 0x102dc},
	{K: 0x17e1, O: 0x1030c},
	{K: 0x17e6, O: 0x10334},
	{K: 0x180e, O: 0x10363},
	{K: 0x1813, O: 0x10394},
	{K: 0x1814, O: 0x103c2},
	{K: 0x1816, O: 0x103e9},
	{K: 0x1820, O: 0x10415},
	{K: 0x182c, O: 0x1043e},
	{K: 0x182e, O: 0x10479},
	{K: 0x1830, O: 0x1049f},
	{K: 0x1831, O: 0x104cc},
	{K: 0x1832, O: 0x10504},
	{K: 0x1833, O: 0x1053d},
	{K: 0x1834, O: 0x1058b},
	{K: 0x1835, O: 0x105dd},
	{K: 0x1836, O: 0x10624},
	{K: 0x1837, O: 0x1066b},
	{K: 0x1838, O: 0x106b1},
	{K: 0x1839, O: 0x106d3},
	{K: 0x183c, O: 0x106f3},
	{K: 0x1843, O: 0x10758},
	{K: 0x1845, O: 0x1077d},
	{K: 0x184b, O: 0x107bd},
	{K: 0x1850, O: 0x107e6},
	{K: 0x1855, O: 0x1080f},
	{K: 0x1856, O: 0x1085f},
	{K: 0x1857, O: 0x108a5},
	{K: 0x1858, O: 0x108f5},
	{K: 0x1859, O: 0x10944},
	{K: 0x185d, O: 0x10975},
	{K: 0x185e, O: 0x1098a},
	{K: 0x185f, O: 0x109ac},
	{K: 0x1860, O: 0x109da},
	{K: 0x1862, O: 0x10a03},
	{K: 0x1864, O: 0x10a2f},
	{K: 0x1867, O: 0x10a5d},
	{K: 0x186a, O: 0x10a87},
	{K: 0x1878, O: 0x10ab9},
	{K: 0x1879, O: 0x10aea},
	{K: 0x187b, O: 0x10b0f},
	{K: 0x187f, O: 0x10b3f},
	{K: 0x1880, O: 0x10b6e},
	{K: 0x1887, O: 0x10b8f},
	{K: 0x1888, O: 0x10bb7},
	{K: 0x188b, O: 0x10bdf},
	{K: 0x188d, O: 0x10c03},
	{K: 0x1894, O: 0x10c36},
	{K: 0x1897, O: 0x10c81},
	{K: 0x189a, O: 0x10ca7},
	{K: 0x189b, O: 0x10cd2},
	{K: 0x189c, O: 0x10d0d},
	{K: 0x189d, O: 0x10d2a},
	{K: 0x189e, O: 0x10d63},
	{K: 0x189f, O: 0x10d9b},
	{K: 0x18a0, O: 0x10dd4},
	{K: 0x18a1, O: 0x10e0d},
	{K: 0x18a2, O: 0x10e46},
	{K: 0x18a6, O: 0x10e7f},
	{K: 0x18a7, O: 0x10eb6},
	{K: 0x18a8, O: 0x10eec},
	{K: 0x18a9, O: 0x10f22},
	{K: 0x18aa, O: 0x10f58},
	{K: 0x18ac, O: 0x10f8f},
	{K: 0x18ad, O: 0x10fc6},
	{K: 0x18af, O: 0x10ffd},
	{K: 0x18b0, O: 0x11035},
	{K: 0x18b1, O: 0x1106d},
	{K: 0x18b2, O: 0x11092},
	{K: 0x18b3, O: 0x110c9},
	{K: 0x18b7, O: 0x110fa},
	{K: 0x18bf, O: 0x1111c},
	{K: 0x18c1, O: 0x11162},
	{K: 0x18c2, O: 0x1119f},
	{K: 0x18c3, O: 0x111c6},
	{K: 0x18c4, O: 0x111ed},
	{K: 0x18c5, O: 0x11214},
	{K: 0x18c8, O: 0x11251},
	{K: 0x18cf, O: 0x11282},
	{K: 0x18d7, O: 0x112a3},
	{K: 0x18db, O: 0x112c9},
	{K: 0x18e0, O: 0x112ee},
	{K: 0x18e1, O: 0x11316},
	{K: 0x18e2, O: 0x11345},
	{K: 0x18e7, O: 0x11363},
	{K: 0x18e8, O: 0x1138d},
	{K: 0x18eb, O: 0x113b5},
	{K: 0x18ee, O: 0x113de},
	{K: 0x18ef, O: 0x1141c},
	{K: 0x18f1, O: 0x11445},
	{K: 0x1901, O: 0x1146e},
	{K: 0x1903, O: 0x114a7},
	{K: 0x1905, O: 0x114d1},
	{K: 0x1912, O: 0x114ff},
	{K: 0x1913, O: 0x11526},
	{K: 0x1915, O: 0x11556},
	{K: 0x191c, O: 0x1157a},
	{K: 0x191e, O: 0x115a4},
	{K: 0x191f, O: 0x115d0},
	{K: 0x1921, O: 0x11601},
	{K: 0x1924, O: 0x1163d},
	{K: 0x192d, O: 0x11667},
	{K: 0x192e, O: 0x1168c},
	{K: 0x192f, O: 0x116b2},
	{K: 0x1930, O: 0x116de},
	{K: 0x193a, O: 0x11702},
	{K: 0x193d, O: 0x11726},
	{K: 0x193f, O: 0x11755},
	{K: 0x1941, O: 0x11778},
	{K: 0x1942, O: 0x117bd},
	{K: 0x1945, O: 0x117e3},
	{K: 0x194f, O: 0x11811},
	{K: 0x1950, O: 0x1183e},
	{K: 0x1952, O: 0x11861},
	{K: 0x1955, O: 0x1188a},
	{K: 0x1956, O: 0x118b1},
	{K: 0x1957, O: 0x118cc},
	{K: 0x195b, O: 0x118f8},
	{K: 0x195e, O: 0x1192a},
	{K: 0x195f, O: 0x11953},
	{K: 0x1960, O: 0x11978},
	{K: 0x1961, O: 0x119a4},
	{K: 0x1963, O: 0x119ca},
	{K: 0x1965, O: 0x119fa},
	{K: 0x1966, O: 0x11a1e},
	{K: 0x1969, O: 0x11a4b},
	{K: 0x196b, O: 0x11a75},
	{K: 0x196c, O: 0x11aa4},
	{K: 0x196d, O: 0x11ad3},
	{K: 0x196f, O: 0x11af6},
	{K: 0x1970, O: 0x11b1f},
	{K: 0x1971, O: 0x11b47},
	{K: 0x1972, O: 0x11b78},
	{K: 0x1973, O: 0x11ba4},
	{K: 0x1974, O: 0x11bd5},
	{K: 0x1975, O: 0x11c00},
	{K: 0x1976, O: 0x11c34},
	{K: 0x1977, O: 0x11c61},
	{K: 0x1978, O: 0x11c86},
	{K: 0x1979, O: 0x11cb1},
	{K: 0x197a, O: 0x11ce2},
	{K: 0x197b, O: 0x11d0f},
	{K: 0x1981, O: 0x11d37},
	{K: 0x1983, O: 0x11d64},
	{K: 0x1985, O: 0x11d8b},
	{K: 0x1989, O: 0x11db7},
	{K: 0x198d, O: 0x11de5},
	{K: 0x198f, O: 0x11e12},
	{K: 0x1990, O: 0x11e37},
	{K: 0x1991, O: 0x11e6d},
	{K: 0x1992, O: 0x11e91},
	{K: 0x1993, O: 0x11eb5},
	{K: 0x1994, O: 0x11ed9},
	{K: 0x1995, O: 0x11f0c},
	{K: 0x1996, O: 0x11f30},
	{K: 0x1997, O: 0x11f5a},
	{K: 0x1998, O: 0x11f7e},
	{K: 0x1999, O: 0x11fa9},
	{K: 0x199a, O: 0x11fdc},
	{K: 0x199b, O: 0x11ffd},
	{K: 0x199d, O: 0x12033},
	{K: 0x199e, O: 0x12066},
	{K: 0x199f, O: 0x1208d},
	{K: 0x19a2, O: 0x120bf},
	{K: 0x19a3, O: 0x120e4},
	{K: 0x19a4, O: 0x12109},
	{K: 0x19a5, O: 0x12134},
	{K: 0x19a6, O: 0x12163},
	{K: 0x19a7, O: 0x12191},
	{K: 0x19a8, O: 0x121b4},
	{K: 0x19a9, O: 0x121e9},
	{K: 0x19ab, O: 0x12227},
	{K: 0x19ac, O: 0x12254},
	{K: 0x19ad, O: 0x1228f},
	{K: 0x19ae, O: 0x122bc},
	{K: 0x19b1, O: 0x122df},
	{K: 0x19b3, O: 0x12308},
	{K: 0x19b4, O: 0x12331},
	{K: 0x19b5, O: 0x1235d},
	{K: 0x19b8, O: 0x12387},
	{K: 0x19ba, O: 0x123af},
	{K: 0x19bb, O: 0x123cf},
	{K: 0x19bc, O: 0x123f5},
	{K: 0x19bd, O: 0x12418},
	{K: 0x19be, O: 0x12437},
	{K: 0x19bf, O: 0x12468},
	{K: 0x19c0, O: 0x1248f},
	{K: 0x19c1, O: 0x124b1},
	{K: 0x19c2, O: 0x124d9},
	{K: 0x19c3, O: 0x124fe},
	{K: 0x19c4, O: 0x12522},
	{K: 0x19c6, O: 0x1254c},
	{K: 0x19c7, O: 0x12583},
	{K: 0x19cb, O: 0x125ad},
	{K: 0x19cc, O: 0x125de},
	{K: 0x19cf, O: 0x12609},
	{K: 0x19d2, O: 0x1262b},
	{K: 0x19d3, O: 0x1265b},
	{K: 0x19d5, O: 0x12683},
	{K: 0x19d7, O: 0x126ac},
	{K: 0x19d9, O: 0x126dd},
	{K: 0x19da, O: 0x1270b},
	{K: 0x19dc, O: 0x12731},
	{K: 0x19dd, O: 0x1275d},
	{K: 0x19de, O: 0x1278c},
	{K: 0x19e1, O: 0x127bb},
	{K: 0x19e2, O: 0x127f0},
	{K: 0x19e4, O: 0x12818},
	{K: 0x19e5, O: 0x1283d},
	{K: 0x19e6, O: 0x12879},
	{K: 0x19ea, O: 0x128a6},
	{K: 0x19eb, O: 0x128ce},
	{K: 0x19ec, O: 0x128fa},
	{K: 0x19ed, O: 0x12929},
	{K: 0x19ef, O: 0x1295a},
	{K: 0x19f0, O: 0x12986},
	{K: 0x19f1, O: 0x129b3},
	{K: 0x19f5, O: 0x129df},
	{K: 0x19fb, O: 0x12a18},
	{K: 0x19fc, O: 0x12a42},
	{K: 0x19fd, O: 0x12a62},
	{K: 0x19fe, O: 0x12a82},
	{K: 0x19ff, O: 0x12aa2},
	{K: 0x1a00, O: 0x12ac2},
	{K: 0x1a04, O: 0x12ae2},
	{K: 0x1a06, O: 0x12b13},
	{K: 0x1a09, O: 0x12b44},
	{K: 0x1a0b, O: 0x12b76},
	{K: 0x1a0c, O: 0x12ba5},
	{K: 0x1a0d, O: 0x12bc8},
	{K: 0x1a10, O: 0x12c01},
	{K: 0x1a11, O: 0x12c32},
	{K: 0x1a14, O: 0x12c55},
	{K: 0x1a15, O: 0x12c86},
	{K: 0x1a17, O: 0x12cb7},
	{K: 0x1a18, O: 0x12ce6},
	{K: 0x1a19, O: 0x12d0e},
	{K: 0x1a1a, O: 0x12d3f},
	{K: 0x1a1b, O: 0x12d66},
	{K: 0x1a20, O: 0x12d93},
	{K: 0x1a21, O: 0x12dd0},
	{K: 0x1a26, O: 0x12e02},
	{K: 0x1a27, O: 0x12e29},
	{K: 0x1a28, O: 0x12e56},
	{K: 0x1a29, O: 0x12e8b},
	{K: 0x1a2b, O: 0x12e9e},
	{K: 0x1a2c, O: 0x12ed0},
	{K: 0x1a2e, O: 0x12f09},
	{K: 0x1a2f, O: 0x12f34},
	{K: 0x1a32, O: 0x12f5f},
	{K: 0x1a33, O: 0x12f82},
	{K: 0x1a34, O: 0x12fb3},
	{K: 0x1a35, O: 0x12fdf},
	{K: 0x1a36, O: 0x1300b},
	{K: 0x1a3b, O: 0x1303c},
	{K: 0x1a3c, O: 0x13066},
	{K: 0x1a3d, O: 0x13099},
	{K: 0x1a3e, O: 0x130c6},
	{K: 0x1a3f, O: 0x130f2},
	{K: 0x1a41, O: 0x13114},
	{K: 0x1a44, O: 0x1313c},
	{K: 0x1a47, O: 0x1316f},
	{K: 0x1a48, O: 0x13197},
	{K: 0x1a4a, O: 0x131c3},
	{K: 0x1a4b, O: 0x131f0},
	{K: 0x1a4d, O: 0x1321d},
	{K: 0x1a4e, O: 0x13251},
	{K: 0x1a4f, O: 0x1327a},
	{K: 0x1a51, O: 0x132a4},
	{K: 0x1a52, O: 0x132dd},
	{K: 0x1a57, O: 0x13314},
	{K: 0x1a58, O: 0x13351},
	{K: 0x1a59, O: 0x13383},
	{K: 0x1a5a, O: 0x133af},
	{K: 0x1a5b, O: 0x133ea},
	{K: 0x1a5c, O: 0x13424},
	{K: 0x1a5d, O: 0x13453},
	{K: 0x1a5f, O: 0x1348e},
	{K: 0x1a61, O: 0x134b7},
	{K: 0x1a62, O: 0x134e2},
	{K: 0x1a63, O: 0x13511},
	{K: 0x1a67, O: 0x1353c},
	{K: 0x1a68, O: 0x13563},
	{K: 0x1a69, O: 0x1358e},
	{K: 0x1a6b, O: 0x135b8},
	{K: 0x1a6c, O: 0x135ec},
	{K: 0x1a6d, O: 0x1360e},
	{K: 0x1a70, O: 0x1364c},
	{K: 0x1a72, O: 0x13675},
	{K: 0x1a74, O: 0x136a6},
	{K: 0x1a75, O: 0x136d0},
	{K: 0x1a76, O: 0x136fa},
	{K: 0x1a77, O: 0x13734},
	{K: 0x1a7a, O: 0x13760},
	{K: 0x1a7c, O: 0x137a4},
	{K: 0x1a7d, O: 0x137d2},
	{K: 0x1a7e, O: 0x13805},
	{K: 0x1a7f, O: 0x1382f},
	{K: 0x1a80, O: 0x13879},
	{K: 0x1a83, O: 0x138ba},
	{K: 0x1a85, O: 0x138df},
	{K: 0x1a86, O: 0x13912},
	{K: 0x1a87, O: 0x13947},
	{K: 0x1a8c, O: 0x13973},
	{K: 0x1a8d, O: 0x1399c},
	{K: 0x1a90, O: 0x139c3},
	{K: 0x1a91, O: 0x139f6},
	{K: 0x1a94, O: 0x13a23},
	{K: 0x1a95, O: 0x13a4d},
	{K: 0x1a99, O: 0x13a72},
	{K: 0x1a9b, O: 0x13aa7},
	{K: 0x1a9c, O: 0x13ad1},
	{K: 0x1aa0, O: 0x13afa},
	{K: 0x1aa4, O: 0x13b22},
	{K: 0x1aa5, O: 0x13b43},
	{K: 0x1aa8, O: 0x13b66},
	{K: 0x1aa9, O: 0x13b9e},
	{K: 0x1aad, O: 0x13bca},
	{K: 0x1aaf, O: 0x13bf4},
	{K: 0x1ab1, O: 0x13c1e},
	{K: 0x1ab2, O: 0x13c44},
	{K: 0x1ab4, O: 0x13c65},
	{K: 0x1ab5, O: 0x13c91},
	{K: 0x1ab6, O: 0x13cb8},
	{K: 0x1ab8, O: 0x13ce5},
	{K: 0x1ab9, O: 0x13d11},
	{K: 0x1abb, O: 0x13d41},
	{K: 0x1abc, O: 0x13d6e},
	{K: 0x1abd, O: 0x13d9a},
	{K: 0x1abe, O: 0x13dc0},
	{K: 0x1abf, O: 0x13de7},
	{K: 0x1ac0, O: 0x13e14},
	{K: 0x1ac4, O: 0x13e4d},
	{K: 0x1ac5, O: 0x13e74},
	{K: 0x1ac6, O: 0x13e94},
	{K: 0x1ac8, O: 0x13ebf},
	{K: 0x1acb, O: 0x13eeb},
	{K: 0x1acc, O: 0x13f16},
	{K: 0x1ad3, O: 0x13f43},
	{K: 0x1ad4, O: 0x13f6e},
	{K: 0x1ad5, O: 0x13fad},
	{K: 0x1ad9, O: 0x13fd7},
	{K: 0x1ae0, O: 0x13fff},
	{K: 0x1ae1, O: 0x1402d},
	{K: 0x1ae2, O: 0x14058},
	{K: 0x1ae6, O: 0x14084},
	{K: 0x1ae7, O: 0x140b9},
	{K: 0x1ae8, O: 0x140eb},
	{K: 0x1aea, O: 0x14120},
	{K: 0x1aeb, O: 0x14148},
	{K: 0x1aef, O: 0x14186},
	{K: 0x1af3, O: 0x141ba},
	{K: 0x1af5, O: 0x141e7},
	{K: 0x1af8, O: 0x14212},
	{K: 0x1af9, O: 0x14255},
	{K: 0x1afa, O: 0x14283},
	{K: 0x1afd, O: 0x142b7},
	{K: 0x1aff, O: 0x142e5},
	{K: 0x1b02, O: 0x1431a},
	{K: 0x1b0d, O: 0x14348},
	{K: 0x1b13, O: 0x14377},
	{K: 0x1b14, O: 0x143a4},
	{K: 0x1b15, O: 0x143d1},
	{K: 0x1b17, O: 0x143ff},
	{K: 0x1b1e, O: 0x1442a},
	{K: 0x1b20, O: 0x1444d},
	{K: 0x1b21, O: 0x1447b},
	{K: 0x1b23, O: 0x144a6},
	{K: 0x1b24, O: 0x144d6},
	{K: 0x1b25, O: 0x144fc},
	{K: 0x1b27, O: 0x14530},
	{K: 0x1b2a, O: 0x1455b},
	{K: 0x1b2b, O: 0x14589},
	{K: 0x1b2c, O: 0x145c0},
	{K: 0x1b2e, O: 0x145ef},
	{K: 0x1b2f, O: 0x14626},
	{K: 0x1b31, O: 0x1464f},
	{K: 0x1b32, O: 0x14673},
	{K: 0x1b33, O: 0x14699},
	{K: 0x1b34, O: 0x146be},
	{K: 0x1b37, O: 0x146e7},
	{K: 0x1b39, O: 0x1470c},
	{K: 0x1b3b, O: 0x14736},
	{K: 0x1b40, O: 0x14763},
	{K: 0x1b41, O: 0x14791},
	{K: 0x1b46, O: 0x147b5},
	{K: 0x1b48, O: 0x147df},
	{K: 0x1b4a, O: 0x14804},
	{K: 0x1b4b, O: 0x14833},
	{K: 0x1b50, O: 0x1485c},
	{K: 0x1b54, O: 0x1487c},
	{K: 0x1b57, O: 0x148a0},
	{K: 0x1b59, O: 0x148d1},
	{K: 0x1b5f, O: 0x14906},
	{K: 0x1b60, O: 0x1493c},
	{K: 0x1b61, O: 0x14963},
	{K: 0x1b63, O: 0x1498e},
	{K: 0x1b64, O: 0x149bd},
	{K: 0x1b66, O: 0x149f0},
	{K: 0x1b67, O: 0x14a1e},
	{K: 0x1b68, O: 0x14a48},
	{K: 0x1b69, O: 0x14a69},
	{K: 0x1b6b, O: 0x14a95},
	{K: 0x1b6c, O: 0x14ac8},
	{K: 0x1b6d, O: 0x14b00},
	{K: 0x1b71, O: 0x14b21},
	{K: 0x1b72, O: 0x14b5a},
	{K: 0x1b73, O: 0x14b82},
	{K: 0x1b74, O: 0x14bb7},
	{K: 0x1b76, O: 0x14be2},
	{K: 0x1b77, O: 0x14c13},
	{K: 0x1b78, O: 0x14c44},
	{K: 0x1b7c, O: 0x14c77},
	{K: 0x1b80, O: 0x14ca1},
	{K: 0x1b81, O: 0x14cef},
	{K: 0x1b82, O: 0x14d1b},
	{K: 0x1b83, O: 0x14d44},
	{K: 0x1b85, O: 0x14d95},
	{K: 0x1b87, O: 0x14dcd},
	{K: 0x1b88, O: 0x14e09},
	{K: 0x1b89, O: 0x14e41},
	{K: 0x1b8b, O: 0x14e6d},
	{K: 0x1b8c, O: 0x14e9d},
	{K: 0x1b8e, O: 0x14ec5},
	{K: 0x1b90, O: 0x14ef9},
	{K: 0x1b91, O: 0x14f24},
	{K: 0x1b92, O: 0x14f4b},
	{K: 0x1b93, O: 0x14f88},
	{K: 0x1b94, O: 0x14fc5},
	{K: 0x1b95, O: 0x14fec},
	{K: 0x1b96, O: 0x15029},
	{K: 0x1b97, O: 0x15050},
	{K: 0x1b98, O: 0x15077},
	{K: 0x1b9a, O: 0x150b4},
	{K: 0x1b9b, O: 0x150f1},
	{K: 0x1b9c, O: 0x15118},
	{K: 0x1b9d, O: 0x1513f},
	{K: 0x1ba0, O: 0x1517c},
	{K: 0x1ba3, O: 0x151a9},
	{K: 0x1ba4, O: 0x151d0},
	{K: 0x1ba5, O: 0x151f7},
	{K: 0x1ba6, O: 0x1522b},
	{K: 0x1ba7, O: 0x15252},
	{K: 0x1ba9, O: 0x1528f},
	{K: 0x1bab, O: 0x152c6},
	{K: 0x1bac, O: 0x15303},
	{K: 0x1bad, O: 0x15332},
	{K: 0x1bae, O: 0x1536f},
	{K: 0x1baf, O: 0x153aa},
	{K: 0x1bb1, O: 0x153d8},
	{K: 0x1bb2, O: 0x153fb},
	{K: 0x1bb3, O: 0x15436},
	{K: 0x1bb4, O: 0x15473},
	{K: 0x1bb6, O: 0x154a1},
	{K: 0x1bb7, O: 0x154cf},
	{K: 0x1bb9, O: 0x154f4},
	{K: 0x1bba, O: 0x15516},
	{K: 0x1bbe, O: 0x1553c},
	{K: 0x1bbf, O: 0x15561},
	{K: 0x1bc0, O: 0x15587},
	{K: 0x1bc1, O: 0x155b3},
	{K: 0x1bc2, O: 0x155fa},
	{K: 0x1bc3, O: 0x15623},
	{K: 0x1bc5, O: 0x15654},
	{K: 0x1bc7, O: 0x1567e},
	{K: 0x1bc8, O: 0x156a5},
	{K: 0x1bc9, O: 0x156d6},
	{K: 0x1bca, O: 0x156f9},
	{K: 0x1bcb, O: 0x15729},
	{K: 0x1bcd, O: 0x1575c},
	{K: 0x1bcf, O: 0x15787},
	{K: 0x1bd1, O: 0x157b9},
	{K: 0x1bd2, O: 0x157ed},
	{K: 0x1bd3, O: 0x1580e},
	{K: 0x1bd7, O: 0x15841},
	{K: 0x1bfd, O: 0x1586d},
	{K: 0x1bfe, O: 0x15896},
	{K: 0x1bff, O: 0x158cc},
	{K: 0x1c00, O: 0x15905},
	{K: 0x1c01, O: 0x1592e},
	{K: 0x1c02, O: 0x15964},
	{K: 0x1c03, O: 0x159a4},
	{K: 0x1c04, O: 0x159dc},
	{K: 0x1c06, O: 0x15a1c},
	{K: 0x1c07, O: 0x15a53},
	{K: 0x1c0a, O: 0x15a88},
	{K: 0x1c0b, O: 0x15ab9},
	{K: 0x1c0c, O: 0x15af1},
	{K: 0x1c0d, O: 0x15b2b},
	{K: 0x1c0f, O: 0x15b50},
	{K: 0x1c10, O: 0x15b79},
	{K: 0x1c11, O: 0x15ba2},
	{K: 0x1c13, O: 0x15bd6},
	{K: 0x1c15, O: 0x15bfd},
	{K: 0x1c17, O: 0x15c26},
	{K: 0x1c19, O: 0x15c4b},
	{K: 0x1c1a, O: 0x15c7f},
	{K: 0x1c1b, O: 0x15cb0},
	{K: 0x1c1c, O: 0x15cea},
	{K: 0x1c1d, O: 0x15d09},
	{K: 0x1c1e, O: 0x15d3b},
	{K: 0x1c20, O: 0x15d66},
	{K: 0x1c21, O: 0x15d96},
	{K: 0x1c26, O: 0x15dc1},
	{K: 0x1c27, O: 0x15de6},
	{K: 0x1c28, O: 0x15e2a},
	{K: 0x1c2b, O: 0x15e59},
	{K: 0x1c2c, O: 0x15e92},
	{K: 0x1c2d, O: 0x15eca},
	{K: 0x1c2e, O: 0x15ef7},
	{K: 0x1c30, O: 0x15f16},
	{K: 0x1c31, O: 0x15f40},
	{K: 0x1c33, O: 0x15f69},
	{K: 0x1c34, O: 0x15fa1},
	{K: 0x1c36, O: 0x15fd9},
	{K: 0x1c37, O: 0x16007},
	{K: 0x1c39, O: 0x1602a},
	{K: 0x1c3b, O: 0x1604c},
	{K: 0x1c3c, O: 0x16078},
	{K: 0x1c3d, O: 0x160a1},
	{K: 0x1c3f, O: 0x160d0},
	{K: 0x1c40, O: 0x160f4},
	{K: 0x1c41, O: 0x16121},
	{K: 0x1c42, O: 0x16152},
	{K: 0x1c43, O: 0x16199},
	{K: 0x1c44, O: 0x161c5},
	{K: 0x1c45, O: 0x161e9},
	{K: 0x1c47, O: 0x1622b},
	{K: 0x1c48, O: 0x1625a},
	{K: 0x1c49, O: 0x1628b},
	{K: 0x1c4a, O: 0x162cc},
	{K: 0x1c4b, O: 0x162fb},
	{K: 0x1c4c, O: 0x16329},
	{K: 0x1c4e, O: 0x16355},
	{K: 0x1c4f, O: 0x1637b},
	{K: 0x1c51, O: 0x163a2},
	{K: 0x1c52, O: 0x163d4},
	{K: 0x1c53, O: 0x16410},
	{K: 0x1c54, O: 0x16438},
	{K: 0x1c58, O: 0x1646b},
	{K: 0x1c59, O: 0x1648e},
	{K: 0x1c5a, O: 0x164b1},
	{K: 0x1c5d, O: 0x164e3},
	{K: 0x1c61, O: 0x16505},
	{K: 0x1c63, O: 0x16545},
	{K: 0x1c66, O: 0x16573},
	{K: 0x1c67, O: 0x16593},
	{K: 0x1c68, O: 0x165cc},
	{K: 0x1c6b, O: 0x165f9},
	{K: 0x1c6c, O: 0x16622},
	{K: 0x1c6f, O: 0x16656},
	{K: 0x1c72, O: 0x16679},
	{K: 0x1c73, O: 0x166a4},
	{K: 0x1c74, O: 0x166cf},
	{K: 0x1c79, O: 0x166fd},
	{K: 0x1c7c, O: 0x16736},
	{K: 0x1c7d, O: 0x1676b},
	{K: 0x1c7f, O: 0x16798},
	{K: 0x1c84, O: 0x167cd},
	{K: 0x1c86, O: 0x167f4},
	{K: 0x1c87, O: 0x1682b},
	{K: 0x1c8a, O: 0x16871},
	{K: 0x1c8b, O: 0x168a4},
	{K: 0x1c8d, O: 0x168d9},
	{K: 0x1c8f, O: 0x1690c},
	{K: 0x1c92, O: 0x1693d},
	{K: 0x1c98, O: 0x16966},
	{K: 0x1c9d, O: 0x1698e},
	{K: 0x1ca2, O: 0x169b6},
	{K: 0x1ca5, O: 0x169fd},
	{K: 0x1ca9, O: 0x16a47},
	{K: 0x1cac, O: 0x16a8e},
	{K: 0x1cae, O: 0x16ab3},
	{K: 0x1caf, O: 0x16ae8},
	{K: 0x1cd4, O: 0x16b08},
	{K: 0x1cd7, O: 0x16b33},
	{K: 0x1cd8, O: 0x16b60},
	{K: 0x1cd9, O: 0x16b8a},
	{K: 0x1cdb, O: 0x16bbe},
	{K: 0x1cdc, O: 0x16be3},
	{K: 0x1cde, O: 0x16c0d},
	{K: 0x1ce1, O: 0x16c3a},
	{K: 0x1ce4, O: 0x16c6d},
	{K: 0x1cea, O: 0x16c98},
	{K: 0x1cef, O: 0x16cdd},
	{K: 0x1cf0, O: 0x16d0e},
	{K: 0x1cf1, O: 0x16d36},
	{K: 0x1cf3, O: 0x16d67},
	{K: 0x1cf6, O: 0x16d9d},
	{K: 0x1d1c, O: 0x16dbd},
	{K: 0x1d1f, O: 0x16de9},
	{K: 0x1d20, O: 0x16e17},
	{K: 0x1d22, O: 0x16e40},
	{K: 0x1d24, O: 0x16e69},
	{K: 0x1d28, O: 0x16e98},
	{K: 0x1d29, O: 0x16ebd},
	{K: 0x1d2a, O: 0x16ee6},
	{K: 0x1d2b, O: 0x16f15},
	{K: 0x1d2d, O: 0x16f4a},
	{K: 0x1d2f, O: 0x16f74},
	{K: 0x1d30, O: 0x16fae},
	{K: 0x1d31, O: 0x16fdb},
	{K: 0x1d37, O: 0x17004},
	{K: 0x1d38, O: 0x1702e},
	{K: 0x1d39, O: 0x1705c},
	{K: 0x1d3b, O: 0x17090},
	{K: 0x1d3d, O: 0x170b9},
	{K: 0x1d3e, O: 0x170d7},
	{K: 0x1d3f, O: 0x170f3},
	{K: 0x1d43, O: 0x1712d},
	{K: 0x1d4a, O: 0x1716a},
	{K: 0x1d4b, O: 0x171b3},
	{K: 0x1d4f, O: 0x171d8},
	{K: 0x1d51, O: 0x17212},
	{K: 0x1d53, O: 0x1723f},
	{K: 0x1d55, O: 0x1726c},
	{K: 0x1d56, O: 0x17290},
	{K: 0x1d57, O: 0x172ba},
	{K: 0x1d5b, O: 0x172e7},
	{K: 0x1d5f, O: 0x17330},
	{K: 0x1d60, O: 0x17360},
	{K: 0x1d61, O: 0x17384},
	{K: 0x1d64, O: 0x173b0},
	{K: 0x1d68, O: 0x173d8},
	{K: 0x1d6e, O: 0x17406},
	{K: 0x1d6f, O: 0x1742d},
	{K: 0x1d70, O: 0x17470},
	{K: 0x1d71, O: 0x174a3},
	{K: 0x1d72, O: 0x174e3},
	{K: 0x1d73, O: 0x17532},
	{K: 0x1d74, O: 0x17581},
	{K: 0x1d75, O: 0x175b6},
	{K: 0x1d77, O: 0x175df},
	{K: 0x1d79, O: 0x17612},
	{K: 0x1d7a, O: 0x17651},
	{K: 0x1d7d, O: 0x1768a},
	{K: 0x1d7f, O: 0x176c0},
	{K: 0x1d80, O: 0x176f6},
	{K: 0x1d82, O: 0x17730},
	{K: 0x1d86, O: 0x1776e},
	{K: 0x1d88, O: 0x177a1},
	{K: 0x1d94, O: 0x177cd},
	{K: 0x1d96, O: 0x177fe},
	{K: 0x1d97, O: 0x17823},
	{K: 0x1d98, O: 0x1785d},
	{K: 0x1d99, O: 0x1787f},
	{K: 0x1d9b, O: 0x178b8},
	{K: 0x1d9d, O: 0x178e0},
	{K: 0x1d9e, O: 0x17906},
	{K: 0x1da1, O: 0x17927},
	{K: 0x1da3, O: 0x1795b},
	{K: 0x1da6, O: 0x17985},
	{K: 0x1da7, O: 0x179b1},
	{K: 0x1da8, O: 0x179eb},
	{K: 0x1da9, O: 0x17a29},
	{K: 0x1daa, O: 0x17a74},
	{K: 0x1dab, O: 0x17aa0},
	{K: 0x1dac, O: 0x17ac8},
	{K: 0x1db0, O: 0x17ae6},
	{K: 0x1db4, O: 0x17b07},
	{K: 0x1db6, O: 0x17b44},
	{K: 0x1db7, O: 0x17b6e},
	{K: 0x1db8, O: 0x17b9b},
	{K: 0x1db9, O: 0x17bbc},
	{K: 0x1dbb, O: 0x17bed},
	{K: 0x1dbc, O: 0x17c29},
	{K: 0x1dbf, O: 0x17c5b},
	{K: 0x1dc0, O: 0x17c86},
	{K: 0x1dc1, O: 0x17cbe},
	{K: 0x1dc2, O: 0x17cec},
	{K: 0x1dc3, O: 0x17d19},
	{K: 0x1dc5, O: 0x17d40},
	{K: 0x1dc7, O: 0x17d7e},
	{K: 0x1dc8, O: 0x17dad},
	{K: 0x1dc9, O: 0x17de0},
	{K: 0x1dca, O: 0x17e19},
	{K: 0x1dcb, O: 0x17e58},
	{K: 0x1dcc, O: 0x17e83},
	{K: 0x1dcd, O: 0x17eae},
	{K: 0x1dce, O: 0x17edb},
	{K: 0x1dcf, O: 0x17f07},
	{K: 0x1ddb, O: 0x17f39},
	{K: 0x1ddd, O: 0x17f5b},
	{K: 0x1dde, O: 0x17f92},
	{K: 0x1ddf, O: 0x17fb6},
	{K: 0x1de1, O: 0x17fe5},
	{K: 0x1de4, O: 0x1800b},
	{K: 0x1de5, O: 0x18036},
	{K: 0x1de6, O: 0x1805a},
	{K: 0x1de7, O: 0x1808a},
	{K: 0x1de9, O: 0x180ae},
	{K: 0x1deb, O: 0x180e4},
	{K: 0x1dec, O: 0x1811a},
	{K: 0x1ded, O: 0x1814d},
	{K: 0x1dee, O: 0x18176},
	{K: 0x1def, O: 0x181a8},
	{K: 0x1df0, O: 0x181d2},
	{K: 0x1df2, O: 0x181f6},
	{K: 0x1df4, O: 0x18225},
	{K: 0x1dfe, O: 0x1824b},
	{K: 0x1dff, O: 0x1827a},
	{K: 0x1e01, O: 0x182b9},
	{K: 0x1e02, O: 0x18304},
	{K: 0x1e03, O: 0x18339},
	{K: 0x1e04, O: 0x18374},
	{K: 0x1e05, O: 0x1839c},
	{K: 0x1e07, O: 0x183cc},
	{K: 0x1e08, O: 0x183f8},
	{K: 0x1e0a, O: 0x1842b},
	{K: 0x1e0f, O: 0x18456},
	{K: 0x1e10, O: 0x18477},
	{K: 0x1e13, O: 0x184aa},
	{K: 0x1e14, O: 0x184f5},
	{K: 0x1e15, O: 0x1852d},
	{K: 0x1e16, O: 0x18559},
	{K: 0x1e1a, O: 0x18585},
	{K: 0x1e1c, O: 0x185c4},
	{K: 0x1e22, O: 0x18607},
	{K: 0x1e23, O: 0x18636},
	{K: 0x1e24, O: 0x18663},
	{K: 0x1e26, O: 0x18690},
	{K: 0x1e27, O: 0x186b9},
	{K: 0x1e29, O: 0x186ff},
	{K: 0x1e2b, O: 0x18726},
	{K: 0x1e2d, O: 0x1874d},
	{K: 0x1e2e, O: 0x18771},
	{K: 0x1e2f, O: 0x187ba},
	{K: 0x1e31, O: 0x187e0},
	{K: 0x1e34, O: 0x18802},
	{K: 0x1e35, O: 0x18841},
	{K: 0x1e36, O: 0x1887b},
	{K: 0x1e38, O: 0x1889e},
	{K: 0x1e39, O: 0x188d9},
	{K: 0x1e3c, O: 0x18902},
	{K: 0x1e41, O: 0x1892e},
	{K: 0x1e42, O: 0x1895d},
	{K: 0x1e43, O: 0x18994},
	{K: 0x1e44, O: 0x189c8},
	{K: 0x1e46, O: 0x189ed},
	{K: 0x1e48, O: 0x18a12},
	{K: 0x1e50, O: 0x18a3b},
	{K: 0x1e51, O: 0x18a77},
	{K: 0x1e52, O: 0x18a9f},
	{K: 0x1e57, O: 0x18ae3},
	{K: 0x1e59, O: 0x18b09},
	{K: 0x1e5a, O: 0x18b31},
	{K: 0x1e5c, O: 0x18b56},
	{K: 0x1e5e, O: 0x18b90},
	{K: 0x1e5f, O: 0x18bbf},
	{K: 0x1e67, O: 0x18bf0},
	{K: 0x1f5f, O: 0x18c0f},
	{K: 0x1f82, O: 0x18c2e},
	{K: 0x1fd3, O: 0x18c4b},
	{K: 0x1fde, O: 0x18c67},
	{K: 0x207d, O: 0x18c84},
	{K: 0x207e, O: 0x18c97},
	{K: 0x2080, O: 0x18cc1},
	{K: 0x2081, O: 0x18cee},
	{K: 0x2092, O: 0x18d0c},
	{K: 0x2095, O: 0x18d30},
	{K: 0x20a1, O: 0x18d6b},
	{K: 0x20a2, O: 0x18da2},
	{K: 0x20a3, O: 0x18ddf},
	{K: 0x20cc, O: 0x18e13},
	{K: 0x2110, O: 0x18e46},
	{K: 0x214d, O: 0x18e75},
	{K: 0x2185, O: 0x18e88},
	{K: 0x218e, O: 0x18eb8},
	{K: 0x2191, O: 0x18f05},
	{K: 0x21e5, O: 0x18f3a},
	{K: 0x21ea, O: 0x18f79},
	{K: 0x21fa, O: 0x18fa9},
	{K: 0x2254, O: 0x18fd6},
	{K: 0x2275, O: 0x19007},
	{K: 0x227d, O: 0x19038},
	{K: 0x22a1, O: 0x1904b},
	{K: 0x235b, O: 0x1907a},
	{K: 0x236f, O: 0x190a4},
	{K: 0x2394, O: 0x1916d},
	{K: 0x2395, O: 0x1919e},
	{K: 0x2396, O: 0x191c8},
	{K: 0x2397, O: 0x191f2},
	{K: 0x2398, O: 0x19223},
	{K: 0x2399, O: 0x19254},
	{K: 0x239a, O: 0x19283},
	{K: 0x239c, O: 0x192a8},
	{K: 0x23a0, O: 0x192d8},
	{K: 0x23a2, O: 0x1930d},
	{K: 0x23a3, O: 0x19338},
	{K: 0x23a5, O: 0x19367},
	{K: 0x23a8, O: 0x1938f},
	{K: 0x23a9, O: 0x193c0},
	{K: 0x23ab, O: 0x193e4},
	{K: 0x23ad, O: 0x19403},
	{K: 0x23b1, O: 0x19428},
	{K: 0x23b2, O: 0x1944b},
	{K: 0x23b3, O: 0x19477},
	{K: 0x23b5, O: 0x1949a},
	{K: 0x23b9, O: 0x194c5},
	{K: 0x23bf, O: 0x194f5},
	{K: 0x23c0, O: 0x19516},
	{K: 0x24b9, O: 0x19541},
	{K: 0x24d9, O: 0x1956a},
	{K: 0x24db, O: 0x1958f},
	{K: 0x24dc, O: 0x195af},
	{K: 0x24dd, O: 0x195d0},
	{K: 0x24df, O: 0x1960f},
	{K: 0x24e0, O: 0x19630},
	{K: 0x24e3, O: 0x19693},
	{K: 0x24f5, O: 0x196b1},
	{K: 0x24fe, O: 0x19712},
	{K: 0x2559, O: 0x1973e},
	{K: 0x258e, O: 0x19780},
	{K: 0x258f, O: 0x197ac},
	{K: 0x2591, O: 0x197e5},
	{K: 0x2592, O: 0x1980f},
	{K: 0x2593, O: 0x1983c},
	{K: 0x2594, O: 0x1985f},
	{K: 0x2596, O: 0x1988a},
	{K: 0x2597, O: 0x198c3},
	{K: 0x2598, O: 0x19914},
	{K: 0x2599, O: 0x19945},
	{K: 0x259a, O: 0x19978},
	{K: 0x259d, O: 0x199a1},
	{K: 0x259f, O: 0x199c7},
	{K: 0x25a0, O: 0x199f3},
	{K: 0x25a2, O: 0x19a21},
	{K: 0x25a3, O: 0x19a49},
	{K: 0x25a7, O: 0x19a86},
	{K: 0x25a8, O: 0x19aab},
	{K: 0x25aa, O: 0x19adc},
	{K: 0x25ac, O: 0x19b07},
	{K: 0x25ae, O: 0x19b34},
	{K: 0x25b0, O: 0x19b59},
	{K: 0x25b1, O: 0x19b83},
	{K: 0x25b2, O: 0x19bb7},
	{K: 0x25b3, O: 0x19bdb},
	{K: 0x25b5, O: 0x19c05},
	{K: 0x25b6, O: 0x19c31},
	{K: 0x25b7, O: 0x19c60},
	{K: 0x25b8, O: 0x19c7f},
	{K: 0x25ba, O: 0x19ca9},
	{K: 0x25bb, O: 0x19cd7},
	{K: 0x25bc, O: 0x19d22},
	{K: 0x25be, O: 0x19d5c},
	{K: 0x25c0, O: 0x19d83},
	{K: 0x25c3, O: 0x19db4},
	{K: 0x25cb, O: 0x19de1},
	{K: 0x25cd, O: 0x19e06},
	{K: 0x25ce, O: 0x19e2f},
	{K: 0x25d2, O: 0x19e5c},
	{K: 0x25d3, O: 0x19e76},
	{K: 0x25d4, O: 0x19ea9},
	{K: 0x25d6, O: 0x19ed3},
	{K: 0x25d8, O: 0x19ef4},
	{K: 0x25d9, O: 0x19f2a},
	{K: 0x25da, O: 0x19f57},
	{K: 0x25dc, O: 0x19f8a},
	{K: 0x25de, O: 0x19fc2},
	{K: 0x25df, O: 0x19fee},
	{K: 0x25e0, O: 0x1a017},
	{K: 0x25e2, O: 0x1a05f},
	{K: 0x25e3, O: 0x1a090},
	{K: 0x25e5, O: 0x1a0be},
	{K: 0x25e7, O: 0x1a0df},
	{K: 0x25e8, O: 0x1a116},
	{K: 0x25e9, O: 0x1a155},
	{K: 0x25ea, O: 0x1a194},
	{K: 0x25eb, O: 0x1a1c3},
	{K: 0x25ed, O: 0x1a1f2},
	{K: 0x25ef, O: 0x1a216},
	{K: 0x25f0, O: 0x1a241},
	{K: 0x25f1, O: 0x1a270},
	{K: 0x25f3, O: 0x1a296},
	{K: 0x25f4, O: 0x1a2c4},
	{K: 0x25f6, O: 0x1a2f5},
	{K: 0x25f7, O: 0x1a31d},
	{K: 0x261c, O: 0x1a34a},
	{K: 0x261d, O: 0x1a368},
	{K: 0x261e, O: 0x1a399},
	{K: 0x261f, O: 0x1a3c5},
	{K: 0x2621, O: 0x1a3f0},
	{K: 0x2624, O: 0x1a422},
	{K: 0x2626, O: 0x1a44e},
	{K: 0x2627, O: 0x1a483},
	{K: 0x2629, O: 0x1a4ad},
	{K: 0x262a, O: 0x1a4d8},
	{K: 0x262b, O: 0x1a4f9},
	{K: 0x262f, O: 0x1a526},
	{K: 0x2630, O: 0x1a55f},
	{K: 0x2632, O: 0x1a591},
	{K: 0x2633, O: 0x1a5c4},
	{K: 0x2637, O: 0x1a5f7},
	{K: 0x2638, O: 0x1a629},
	{K: 0x263a, O: 0x1a64f},
	{K: 0x263b, O: 0x1a679},
	{K: 0x263c, O: 0x1a6aa},
	{K: 0x263e, O: 0x1a6d9},
	{K: 0x263f, O: 0x1a709},
	{K: 0x2641, O: 0x1a73f},
	{K: 0x2642, O: 0x1a76b},
	{K: 0x2644, O: 0x1a798},
	{K: 0x2645, O: 0x1a7c6},
	{K: 0x2646, O: 0x1a7ff},
	{K: 0x2647, O: 0x1a838},
	{K: 0x2648, O: 0x1a862},
	{K: 0x264a, O: 0x1a89b},
	{K: 0x264b, O: 0x1a8d4},
	{K: 0x264c, O: 0x1a90d},
	{K: 0x264d, O: 0x1a946},
	{K: 0x264e, O: 0x1a97f},
	{K: 0x264f, O: 0x1a9b8},
	{K: 0x2650, O: 0x1a9e7},
	{K: 0x2653, O: 0x1aa17},
	{K: 0x2655, O: 0x1aa50},
	{K: 0x265b, O: 0x1aa7c},
	{K: 0x265c, O: 0x1aab2},
	{K: 0x265e, O: 0x1aade},
	{K: 0x265f, O: 0x1ab00},
	{K: 0x2661, O: 0x1ab39},
	{K: 0x2662, O: 0x1ab66},
	{K: 0x2663, O: 0x1ab8c},
	{K: 0x2664, O: 0x1abc3},
	{K: 0x2667, O: 0x1abf0},
	{K: 0x266a, O: 0x1ac1a},
	{K: 0x266b, O: 0x1ac40},
	{K: 0x266e, O: 0x1ac6d},
	{K: 0x266f, O: 0x1ac9c},
	{K: 0x2670, O: 0x1acc3},
	{K: 0x2672, O: 0x1aced},
	{K: 0x2673, O: 0x1ad15},
	{K: 0x2675, O: 0x1ad3d},
	{K: 0x2678, O: 0x1ad6a},
	{K: 0x267a, O: 0x1ad8b},
	{K: 0x267b, O: 0x1add6},
	{K: 0x267d, O: 0x1adfb},
	{K: 0x267f, O: 0x1ae24},
	{K: 0x2680, O: 0x1ae45},
	{K: 0x2682, O: 0x1ae74},
	{K: 0x2683, O: 0x1aea9},
	{K: 0x2684, O: 0x1aed0},
	{K: 0x2685, O: 0x1aefb},
	{K: 0x2687, O: 0x1af20},
	{K: 0x268a, O: 0x1af4c},
	{K: 0x268b, O: 0x1af7e},
	{K: 0x268c, O: 0x1afab},
	{K: 0x268d, O: 0x1afdc},
	{K: 0x268e, O: 0x1b003},
	{K: 0x268f, O: 0x1b022},
	{K: 0x2694, O: 0x1b069},
	{K: 0x2695, O: 0x1b098},
	{K: 0x2696, O: 0x1b0f5},
	{K: 0x2697, O: 0x1b121},
	{K: 0x2699, O: 0x1b141},
	{K: 0x269d, O: 0x1b16b},
	{K: 0x269e, O: 0x1b197},
	{K: 0x26a6, O: 0x1b1d8},
	{K: 0x26a7, O: 0x1b218},
	{K: 0x26a8, O: 0x1b243},
	{K: 0x26a9, O: 0x1b27b},
	{K: 0x26ab, O: 0x1b2a2},
	{K: 0x26ac, O: 0x1b2d6},
	{K: 0x26ad, O: 0x1b30b},
	{K: 0x26ae, O: 0x1b338},
	{K: 0x26af, O: 0x1b365},
	{K: 0x26b0, O: 0x1b393},
	{K: 0x26b1, O: 0x1b3be},
	{K: 0x26b2, O: 0x1b3e6},
	{K: 0x26b3, O: 0x1b411},
	{K: 0x26b6, O: 0x1b434},
	{K: 0x26b7, O: 0x1b460},
	{K: 0x26b8, O: 0x1b485},
	{K: 0x26b9, O: 0x1b4ad},
	{K: 0x26ba, O: 0x1b4e2},
	{K: 0x26bb, O: 0x1b51d},
	{K: 0x26bc, O: 0x1b544},
	{K: 0x26bd, O: 0x1b576},
	{K: 0x26bf, O: 0x1b59f},
	{K: 0x26c0, O: 0x1b5cc},
	{K: 0x26c3, O: 0x1b5eb},
	{K: 0x26c5, O: 0x1b612},
	{K: 0x26c7, O: 0x1b63b},
	{K: 0x26c8, O: 0x1b663},
	{K: 0x26ca, O: 0x1b687},
	{K: 0x26cb, O: 0x1b6b4},
	{K: 0x26cc, O: 0x1b6d9},
	{K: 0x26cd, O: 0x1b70a},
	{K: 0x26ce, O: 0x1b74e},
	{K: 0x26cf, O: 0x1b77d},
	{K: 0x26f4, O: 0x1b7a0},
	{K: 0x26f5, O: 0x1b7ca},
	{K: 0x26f6, O: 0x1b7f6},
	{K: 0x26f7, O: 0x1b81a},
	{K: 0x26f9, O: 0x1b851},
	{K: 0x26fa, O: 0x1b88f},
	{K: 0x26fb, O: 0x1b8b4},
	{K: 0x26fe, O: 0x1b8db},
	{K: 0x2701, O: 0x1b906},
	{K: 0x2702, O: 0x1b932},
	{K: 0x2703, O: 0x1b95a},
	{K: 0x2705, O: 0x1b982},
	{K: 0x2707, O: 0x1b9b2},
	{K: 0x2708, O: 0x1b9e6},
	{K: 0x2709, O: 0x1ba07},
	{K: 0x270a, O: 0x1ba37},
	{K: 0x270b, O: 0x1ba5f},
	{K: 0x270d, O: 0x1ba90},
	{K: 0x2711, O: 0x1bac1},
	{K: 0x2712, O: 0x1baef},
	{K: 0x2713, O: 0x1bb16},
	{K: 0x2714, O: 0x1bb3d},
	{K: 0x2715, O: 0x1bb68},
	{K: 0x2716, O: 0x1bb92},
	{K: 0x2717, O: 0x1bbc7},
	{K: 0x273c, O: 0x1bbee},
	{K: 0x273e, O: 0x1bc1e},
	{K: 0x273f, O: 0x1bc43},
	{K: 0x2740, O: 0x1bc65},
	{K: 0x2741, O: 0x1bc87},
	{K: 0x2742, O: 0x1bca7},
	{K: 0x2743, O: 0x1bcd4},
	{K: 0x2744, O: 0x1bcf5},
	{K: 0x2746, O: 0x1bd1f},
	{K: 0x2747, O: 0x1bd50},
	{K: 0x2749, O: 0x1bd82},
	{K: 0x274b, O: 0x1bdb0},
	{K: 0x274c, O: 0x1bdd7},
	{K: 0x2751, O: 0x1be06},
	{K: 0x2752, O: 0x1be2c},
	{K: 0x2753, O: 0x1be63},
	{K: 0x2757, O: 0x1be9d},
	{K: 0x2758, O: 0x1bed1},
	{K: 0x275a, O: 0x1bef8},
	{K: 0x275b, O: 0x1bf22},
	{K: 0x275c, O: 0x1bf54},
	{K: 0x275d, O: 0x1bf85},
	{K: 0x275e, O: 0x1bfad},
	{K: 0x275f, O: 0x1bfdb},
	{K: 0x2760, O: 0x1c012},
	{K: 0x2761, O: 0x1c03b},
	{K: 0x2763, O: 0x1c06b},
	{K: 0x2764, O: 0x1c08e},
	{K: 0x2765, O: 0x1c0bb},
	{K: 0x2766, O: 0x1c0e2},
	{K: 0x2768, O: 0x1c108},
	{K: 0x276a, O: 0x1c137},
	{K: 0x276c, O: 0x1c15e},
	{K: 0x276d, O: 0x1c185},
	{K: 0x276e, O: 0x1c1b4},
	{K: 0x276f, O: 0x1c1db},
	{K: 0x2770, O: 0x1c209},
	{K: 0x2771, O: 0x1c236},
	{K: 0x2774, O: 0x1c25f},
	{K: 0x2775, O: 0x1c289},
	{K: 0x2776, O: 0x1c2b9},
	{K: 0x2777, O: 0x1c2dc},
	{K: 0x2779, O: 0x1c307},
	{K: 0x277b, O: 0x1c338},
	{K: 0x277c, O: 0x1c362},
	{K: 0x277e, O: 0x1c38d},
	{K: 0x277f, O: 0x1c3c5},
	{K: 0x2780, O: 0x1c405},
	{K: 0x2781, O: 0x1c434},
	{K: 0x2782, O: 0x1c452},
	{K: 0x2784, O: 0x1c47e},
	{K: 0x2785, O: 0x1c4a5},
	{K: 0x2786, O: 0x1c4cb},
	{K: 0x2787, O: 0x1c4fd},
	{K: 0x2788, O: 0x1c524},
	{K: 0x278a, O: 0x1c544},
	{K: 0x278b, O: 0x1c573},
	{K: 0x278c, O: 0x1c59e},
	{K: 0x278f, O: 0x1c5d0},
	{K: 0x2790, O: 0x1c5f8},
	{K: 0x2791, O: 0x1c62d},
	{K: 0x2792, O: 0x1c658},
	{K: 0x2793, O: 0x1c682},
	{K: 0x2794, O: 0x1c6bd},
	{K: 0x2795, O: 0x1c6f8},
	{K: 0x2797, O: 0x1c733},
	{K: 0x2798, O: 0x1c75d},
	{K: 0x2799, O: 0x1c788},
	{K: 0x279a, O: 0x1c7ba},
	{K: 0x279b, O: 0x1c7dc},
	{K: 0x279d, O: 0x1c808},
	{K: 0x27a1, O: 0x1c83a},
	{K: 0x27a2, O: 0x1c860},
	{K: 0x27a3, O: 0x1c887},
	{K: 0x27a5, O: 0x1c8ad},
	{K: 0x27a6, O: 0x1c8d7},
	{K: 0x27a7, O: 0x1c8f9},
	{K: 0x27a8, O: 0x1c92b},
	{K: 0x27a9, O: 0x1c958},
	{K: 0x27ab, O: 0x1c97c},
	{K: 0x27ac, O: 0x1c9ab},
	{K: 0x27ad, O: 0x1c9da},
	{K: 0x27af, O: 0x1ca04},
	{K: 0x27b0, O: 0x1ca28},
	{K: 0x27b2, O: 0x1ca59},
	{K: 0x27b3, O: 0x1ca86},
	{K: 0x27b4, O: 0x1cabc},
	{K: 0x27b5, O: 0x1cae3},
	{K: 0x27b6, O: 0x1cb0a},
	{K: 0x27b8, O: 0x1cb35},
	{K: 0x27bb, O: 0x1cb6a},
	{K: 0x27bc, O: 0x1cb88},
	{K: 0x27bd, O: 0x1cba7},
	{K: 0x27be, O: 0x1cbd3},
	{K: 0x27bf, O: 0x1cbfc},
	{K: 0x27c4, O: 0x1cc27},
	{K: 0x27c5, O: 0x1cc47},
	{K: 0x27c6, O: 0x1cc96},
	{K: 0x27c7, O: 0x1ccbb},
	{K: 0x27c8, O: 0x1ccdc},
	{K: 0x27c9, O: 0x1cd09},
	{K: 0x27ca, O: 0x1cd33},
	{K: 0x27cb, O: 0x1cd59},
	{K: 0x27cc, O: 0x1cd89},
	{K: 0x27cd, O: 0x1cdc0},
	{K: 0x27ce, O: 0x1cde2},
	{K: 0x27cf, O: 0x1ce13},
	{K: 0x27d0, O: 0x1ce36},
	{K: 0x27d1, O: 0x1ce5c},
	{K: 0x27d4, O: 0x1ce7f},
	{K: 0x27d6, O: 0x1ceaf},
	{K: 0x27d7, O: 0x1ced7},
	{K: 0x27d8, O: 0x1cefb},
	{K: 0x27d9, O: 0x1cf1f},
	{K: 0x27da, O: 0x1cf41},
	{K: 0x27dc, O: 0x1cf74},
	{K: 0x27dd, O: 0x1cf9e},
	{K: 0x27df, O: 0x1cfbd},
	{K: 0x27e1, O: 0x1cfdc},
	{K: 0x27e2, O: 0x1d009},
	{K: 0x27e3, O: 0x1d042},
	{K: 0x27e8, O: 0x1d062},
	{K: 0x27ea, O: 0x1d093},
	{K: 0x27eb, O: 0x1d0c5},
	{K: 0x27ec, O: 0x1d0f1},
	{K: 0x27ee, O: 0x1d118},
	{K: 0x27ef, O: 0x1d13f},
	{K: 0x27f0, O: 0x1d160},
	{K: 0x27f1, O: 0x1d181},
	{K: 0x27f2, O: 0x1d1ab},
	{K: 0x27f4, O: 0x1d1dd},
	{K: 0x27f7, O: 0x1d20a},
	{K: 0x27f8, O: 0x1d239},
	{K: 0x27fa, O: 0x1d259},
	{K: 0x27fb, O: 0x1d281},
	{K: 0x27fc, O: 0x1d2b2},
	{K: 0x27fd, O: 0x1d2d4},
	{K: 0x27fe, O: 0x1d2fe},
	{K: 0x27ff, O: 0x1d328},
	{K: 0x2800, O: 0x1d352},
	{K: 0x2801, O: 0x1d37c},
	{K: 0x2803, O: 0x1d3a1},
	{K: 0x2804, O: 0x1d3c6},
	{K: 0x2805, O: 0x1d3ea},
	{K: 0x280b, O: 0x1d41b},
	{K: 0x280c, O: 0x1d454},
	{K: 0x280d, O: 0x1d474},
	{K: 0x2810, O: 0x1d4a2},
	{K: 0x2811, O: 0x1d4c7},
	{K: 0x2813, O: 0x1d4ec},
	{K: 0x2814, O: 0x1d511},
	{K: 0x2815, O: 0x1d551},
	{K: 0x2818, O: 0x1d582},
	{K: 0x281a, O: 0x1d5ce},
	{K: 0x281b, O: 0x1d61b},
	{K: 0x281c, O: 0x1d643},
	{K: 0x281e, O: 0x1d670},
	{K: 0x281f, O: 0x1d6a0},
	{K: 0x2820, O: 0x1d6cc},
	{K: 0x2821, O: 0x1d70b},
	{K: 0x2822, O: 0x1d73a},
	{K: 0x2823, O: 0x1d75b},
	{K: 0x2824, O: 0x1d77d},
	{K: 0x2825, O: 0x1d7ac},
	{K: 0x2827, O: 0x1d7df},
	{K: 0x2828, O: 0x1d801},
	{K: 0x2829, O: 0x1d83e},
	{K: 0x282a, O: 0x1d868},
	{K: 0x282d, O: 0x1d895},
	{K: 0x2832, O: 0x1d8bc},
	{K: 0x2833, O: 0x1d8e6},
	{K: 0x2834, O: 0x1d912},
	{K: 0x2835, O: 0x1d932},
	{K: 0x2836, O: 0x1d959},
	{K: 0x2837, O: 0x1d97b},
	{K: 0x2838, O: 0x1d99e},
	{K: 0x2839, O: 0x1d9cd},
	{K: 0x283a, O: 0x1da02},
	{K: 0x283b, O: 0x1da30},
	{K: 0x283c, O: 0x1da5b},
	{K: 0x283d, O: 0x1da7d},
	{K: 0x283e, O: 0x1daa5},
	{K: 0x2840, O: 0x1dada},
	{K: 0x2842, O: 0x1db04},
	{K: 0x2845, O: 0x1db41},
	{K: 0x2846, O: 0x1db73},
	{K: 0x2847, O: 0x1db97},
	{K: 0x2848, O: 0x1dbb6},
	{K: 0x284c, O: 0x1dbe2},
	{K: 0x284d, O: 0x1dc06},
	{K: 0x2851, O: 0x1dc2c},
	{K: 0x2854, O: 0x1dc55},
	{K: 0x2855, O: 0x1dc80},
	{K: 0x2856, O: 0x1dca7},
	{K: 0x2858, O: 0x1dcd3},
	{K: 0x2859, O: 0x1dcfd},
	{K: 0x285a, O: 0x1dd20},
	{K: 0x285b, O: 0x1dd52},
	{K: 0x285c, O: 0x1dd7e},
	{K: 0x285d, O: 0x1dd9d},
	{K: 0x285e, O: 0x1ddc9},
	{K: 0x285f, O: 0x1dde7},
	{K: 0x2862, O: 0x1de06},
	{K: 0x2864, O: 0x1de32},
	{K: 0x2866, O: 0x1de62},
	{K: 0x2867, O: 0x1de84},
	{K: 0x2868, O: 0x1dead},
	{K: 0x2869, O: 0x1ded8},
	{K: 0x286b, O: 0x1df0c},
	{K: 0x286f, O: 0x1df35},
	{K: 0x2870, O: 0x1df5c},
	{K: 0x2871, O: 0x1df94},
	{K: 0x2872, O: 0x1dfc7},
	{K: 0x2873, O: 0x1dff2},
	{K: 0x2875, O: 0x1e01e},
	{K: 0x2877, O: 0x1e04a},
	{K: 0x2878, O: 0x1e07d},
	{K: 0x2879, O: 0x1e0a4},
	{K: 0x287c, O: 0x1e0cb},
	{K: 0x287d, O: 0x1e0ec},
	{K: 0x287e, O: 0x1e122},
	{K: 0x287f, O: 0x1e147},
	{K: 0x28aa, O: 0x1e176},
	{K: 0x28d1, O: 0x1e19b},
	{K: 0x2912, O: 0x1e1cf},
	{K: 0x29cd, O: 0x1e1e4},
	{K: 0x29e9, O: 0x1e1fa},
	{K: 0x29eb, O: 0x1e21a},
	{K: 0x29ee, O: 0x1e239},
	{K: 0x29f3, O: 0x1e264},
	{K: 0x29f4, O: 0x1e298},
	{K: 0x29f5, O: 0x1e2cd},
	{K: 0x29f6, O: 0x1e2ed},
	{K: 0x29f7, O: 0x1e307},
	{K: 0x29f8, O: 0x1e353},
	{K: 0x29fb, O: 0x1e375},
	{K: 0x29fc, O: 0x1e394},
	{K: 0x29ff, O: 0x1e3b3},
	{K: 0x2a01, O: 0x1e3d2},
	{K: 0x2a05, O: 0x1e3ef},
	{K: 0x2a07, O: 0x1e40d},
	{K: 0x2a08, O: 0x1e42c},
	{K: 0x2a09, O: 0x1e44b},
	{K: 0x2a0a, O: 0x1e46a},
	{K: 0x2a17, O: 0x1e489},
	{K: 0x2a18, O: 0x1e4aa},
	{K: 0x2a23, O: 0x1e4cb},
	{K: 0x2a27, O: 0x1e506},
	{K: 0x2a29, O: 0x1e543},
	{K: 0x2a2a, O: 0x1e580},
	{K: 0x2a33, O: 0x1e5bd},
	{K: 0x2a41, O: 0x1e5d9},
	{K: 0x2aa5, O: 0x1e5f8},
	{K: 0x2ac1, O: 0x1e61e},
	{K: 0x2acd, O: 0x1e654},
	{K: 0x2ad0, O: 0x1e68a},
	{K: 0x2b78, O: 0x1e6a8},
	{K: 0x2b7f, O: 0x1e6e9},
	{K: 0x2b81, O: 0x1e707},
	{K: 0x2b83, O: 0x1e73c},
	{K: 0x2b84, O: 0x1e759},
	{K: 0x2d31, O: 0x1e785},
	{K: 0x2d37, O: 0x1e7a8},
	{K: 0x2d43, O: 0x1e7cd},
	{K: 0x2d6d, O: 0x1e7f0},
	{K: 0x2d93, O: 0x1e81a},
	{K: 0x2de9, O: 0x1e84c},
	{K: 0x2dfb, O: 0x1e865},
	{K: 0x2dfe, O: 0x1e885},
	{K: 0x2e01, O: 0x1e8bc},
	{K: 0x2e02, O: 0x1e8da},
	{K: 0x2e03, O: 0x1e8f7},
	{K: 0x2e08, O: 0x1e912},
	{K: 0x2e0d, O: 0x1e977},
	{K: 0x2e10, O: 0x1e99a},
	{K: 0x2e12, O: 0x1e9b5},
	{K: 0x2e15, O: 0x1e9f5},
	{K: 0x2e17, O: 0x1ea07},
	{K: 0x2e18, O: 0x1ea23},
	{K: 0x2e1a, O: 0x1ea63},
	{K: 0x2e1b, O: 0x1ea89},
	{K: 0x2e1c, O: 0x1eac9},
	{K: 0x2e1d, O: 0x1eafd},
	{K: 0x2e1e, O: 0x1eb3e},
	{K: 0x2e1f, O: 0x1eb5b},
	{K: 0x2e24, O: 0x1eb6f},
	{K: 0x2e2d, O: 0x1eb8c},
	{K: 0x2e30, O: 0x1eba8},
	{K: 0x2e36, O: 0x1ebbb},
	{K: 0x2e37, O: 0x1ebe4},
	{K: 0x2e3d, O: 0x1ebfa},
	{K: 0x2e47, O: 0x1ec21},
	{K: 0x2e5d, O: 0x1ec51},
	{K: 0x2e63, O: 0x1ec79},
	{K: 0x2e67, O: 0x1eca9},
	{K: 0x2e81, O: 0x1ecde},
	{K: 0x2e91, O: 0x1ecf5},
	{K: 0x2ea3, O: 0x1ed12},
	{K: 0x2eb8, O: 0x1ed50},
	{K: 0x2ec6, O: 0x1ed9d},
	{K: 0x2ec9, O: 0x1edb7},
	{K: 0x2ecb, O: 0x1edd0},
	{K: 0x2ede, O: 0x1ede1},
	{K: 0x2ee5, O: 0x1edfa},
	{K: 0x2ee7, O: 0x1ee0e},
	{K: 0x2ee8, O: 0x1ee30},
	{K: 0x2ee9, O: 0x1ee7b},
	{K: 0x2ef7, O: 0x1eea8},
	{K: 0x2f05, O: 0x1eeea},
	{K: 0x2f0e, O: 0x1ef27},
	{K: 0x2f29, O: 0x1ef3e},
	{K: 0x2f2b, O: 0x1ef7b},
	{K: 0x2f2c, O: 0x1efb3},
	{K: 0x2f2d, O: 0x1efd2},
	{K: 0x2f32, O: 0x1eff5},
	{K: 0x2f33, O: 0x1f039},
	{K: 0x2f35, O: 0x1f04c},
	{K: 0x2f37, O: 0x1f094},
	{K: 0x2f38, O: 0x1f0b0},
	{K: 0x2f3b, O: 0x1f0d9},
	{K: 0x2f3c, O: 0x1f111},
	{K: 0x2f3e, O: 0x1f13c},
	{K: 0x2f42, O: 0x1f153},
	{K: 0x2f46, O: 0x1f198},
	{K: 0x2f4d, O: 0x1f1dd},
	{K: 0x2f6f, O: 0x1f227},
	{K: 0x2f73, O: 0x1f25f},
	{K: 0x2f84, O: 0x1f26f},
	{K: 0x2fab, O: 0x1f29b},
	{K: 0x2fb1, O: 0x1f2c5},
	{K: 0x2fb7, O: 0x1f2ea},
	{K: 0x2fb8, O: 0x1f312},
	{K: 0x2fda, O: 0x1f34e},
	{K: 0x31d2, O: 0x1f384},
	{K: 0x31d9, O: 0x1f3a7},
	{K: 0x31db, O: 0x1f3cb},
	{K: 0x31dc, O: 0x1f404},
	{K: 0x31e5, O: 0x1f41f},
	{K: 0x31e8, O: 0x1f44e},
	{K: 0x31f3, O: 0x1f474},
	{K: 0x31f4, O: 0x1f4a6},
	{K: 0x31f7, O: 0x1f4d9},
	{K: 0x31f8, O: 0x1f52e},
	{K: 0x31f9, O: 0x1f56a},
	{K: 0x32bc, O: 0x1f5a6},
	{K: 0x32c6, O: 0x1f5d2},
	{K: 0x32ef, O: 0x1f5fd},
	{K: 0x32f3, O: 0x1f62b},
	{K: 0x3353, O: 0x1f653},
	{K: 0x3369, O: 0x1f67f},
	{K: 0x3371, O: 0x1f6a6},
	{K: 0x3389, O: 0x1f6e3},
	{K: 0x33d6, O: 0x1f710},
	{K: 0x3412, O: 0x1f73f},
	{K: 0x3419, O: 0x1f782},
	{K: 0x341c, O: 0x1f7b3},
	{K: 0x341e, O: 0x1f7e6},
	{K: 0x3421, O: 0x1f83c},
	{K: 0x3427, O: 0x1f897},
	{K: 0x3428, O: 0x1f8cd},
	{K: 0x3434, O: 0x1f8fe},
	{K: 0x343f, O: 0x1f91a},
	{K: 0x3442, O: 0x1f979},
	{K: 0x3449, O: 0x1f99b},
	{K: 0x344b, O: 0x1f9c5},
	{K: 0x3455, O: 0x1f9f9},
	{K: 0x3460, O: 0x1fa27},
	{K: 0x346f, O: 0x1fa55},
	{K: 0x347f, O: 0x1fa83},
	{K: 0x3480, O: 0x1fab0},
	{K: 0x3481, O: 0x1fadd},
	{K: 0x348a, O: 0x1fb0d},
	{K: 0x348b, O: 0x1fb4a},
	{K: 0x348f, O: 0x1fb77},
	{K: 0x3495, O: 0x1fbbc},
	{K: 0x34c6, O: 0x1fbed},
	{K: 0x34c7, O: 0x1fc2a},
	{K: 0x34c9, O: 0x1fc72},
	{K: 0x34db, O: 0x1fc9a},
	{K: 0x34df, O: 0x1fccc},
	{K: 0x34e2, O: 0x1fcf1},
	{K: 0x3515, O: 0x1fd0e},
	{K: 0x351a, O: 0x1fd2b},
	{K: 0x3521, O: 0x1fd76},
	{K: 0x36b9, O: 0x1fdae},
	{K: 0x37b9, O: 0x1fdd4},
	{K: 0x37da, O: 0x1fdeb},
	{K: 0x3923, O: 0x1fdfd},
	{K: 0x396a, O: 0x1fe1e},
	{K: 0x39d5, O: 0x1fe49},
	{K: 0x3b7d, O: 0x1fe6c},
	{K: 0x3b9e, O: 0x1fe9b},
	{K: 0x3bfc, O: 0x1feb6},
	{K: 0x3e2b, O: 0x1fee2},
	{K: 0x3e38, O: 0x1fefd},
	{K: 0x3e39, O: 0x1ff42},
	{K: 0x3e58, O: 0x1ff87},
	{K: 0x3fbd, O: 0x1ffb2},
	{K: 0x41d5, O: 0x1ffc7},
	{K: 0x4244, O: 0x1ffdf},
	{K: 0x4245, O: 0x20000},
	{K: 0x4339, O: 0x20027},
	{K: 0x433c, O: 0x20049},
	{K: 0x4342, O: 0x2006b},
	{K: 0x4343, O: 0x20097},
	{K: 0x43c6, O: 0x200b3},
	{K: 0x43f5, O: 0x200de},
	{K: 0x4852, O: 0x200fa},
	{K: 0x485f, O: 0x2011b},
	{K: 0x4866, O: 0x20137},
	{K: 0x487a, O: 0x20171},
	{K: 0x488f, O: 0x20192},
	{K: 0x489e, O: 0x201b7},
	{K: 0x48b0, O: 0x201d1},
	{K: 0x4cf2, O: 0x201f4},
	{K: 0x5269, O: 0x20218},
	{K: 0x561d, O: 0x20267},
	{K: 0x5620, O: 0x2029e},
	{K: 0x5623, O: 0x202d2},
	{K: 0x5625, O: 0x20308},
	{K: 0x5626, O: 0x20347},
	{K: 0x5627, O: 0x20373},
	{K: 0x562b, O: 0x2039a},
	{K: 0x562e, O: 0x203d6},
	{K: 0x564a, O: 0x20418},
	{K: 0x564b, O: 0x20451},
	{K: 0x5665, O: 0x20491},
	{K: 0x5666, O: 0x204ca},
	{K: 0x5669, O: 0x2050c},
	{K: 0x566f, O: 0x20547},
	{K: 0x5676, O: 0x2057d},
	{K: 0x5678, O: 0x205be},
	{K: 0x5686, O: 0x205fc},
	{K: 0x5687, O: 0x20638},
	{K: 0x569e, O: 0x20681},
	{K: 0x5721, O: 0x206cc},
	{K: 0x572e, O: 0x20707},
	{K: 0x5734, O: 0x2073b},
	{K: 0x5775, O: 0x2077c},
	{K: 0x5778, O: 0x207b7},
	{K: 0x577e, O: 0x207f5},
	{K: 0x577f, O: 0x20835},
	{K: 0x5780, O: 0x20869},
	{K: 0x579f, O: 0x2087b},
	{K: 0x57e5, O: 0x208b1},
	{K: 0x57ff, O: 0x208f1},
	{K: 0x5824, O: 0x20920},
	{K: 0x5856, O: 0x2094e},
	{K: 0x5865, O: 0x20995},
	{K: 0x5871, O: 0x209b9},
	{K: 0x5897, O: 0x209ed},
	{K: 0x58c0, O: 0x20a09},
	{K: 0x58c1, O: 0x20a1c},
	{K: 0x58d7, O: 0x20a54},
	{K: 0x58df, O: 0x20a88},
	{K: 0x5907, O: 0x20aaf},
	{K: 0x5908, O: 0x20aea},
	{K: 0x5909, O: 0x20b21},
	{K: 0x5925, O: 0x20b6a},
	{K: 0x5983, O: 0x20b7d},
	{K: 0x5989, O: 0x20bae},
	{K: 0x59fb, O: 0x20be9},
	{K: 0x5a15, O: 0x20c23},
	{K: 0x5a29, O: 0x20c5d},
	{K: 0x5a4b, O: 0x20c9a},
	{K: 0x5a8c, O: 0x20cd6},
	{K: 0x5aa6, O: 0x20cf5},
	{K: 0x5afe, O: 0x20d2c},
	{K: 0x6151, O: 0x20d6b},
	{K: 0x6152, O: 0x20dab},
	{K: 0x6157, O: 0x20ddf},
	{K: 0x615a, O: 0x20e13},
	{K: 0x615b, O: 0x20e41},
	{K: 0x615c, O: 0x20e7b},
	{K: 0x615d, O: 0x20ebc},
	{K: 0x615e, O: 0x20ef6},
	{K: 0x615f, O: 0x20f24},
	{K: 0x6160, O: 0x20f52},
	{K: 0x6161, O: 0x20f80},
	{K: 0x6163, O: 0x20fae},
	{K: 0x6164, O: 0x20fec},
	{K: 0x6165, O: 0x2101a},
	{K: 0x6166, O: 0x21048},
	{K: 0x6167, O: 0x21076},
	{K: 0x6169, O: 0x210a4},
	{K: 0x616b, O: 0x210d2},
	{K: 0x616c, O: 0x21100},
	{K: 0x616d, O: 0x2112e},
	{K: 0x616e, O: 0x2116f},
	{K: 0x616f, O: 0x2119d},
	{K: 0x6170, O: 0x211cb},
	{K: 0x6171, O: 0x211f9},
	{K: 0x6172, O: 0x21241},
	{K: 0x6173, O: 0x21288},
	{K: 0x619b, O: 0x212c8},
	{K: 0x619c, O: 0x21319},
	{K: 0x619d, O: 0x2136d},
	{K: 0x619e, O: 0x213ab},
	{K: 0x619f, O: 0x213f3},
	{K: 0x61a2, O: 0x2143d},
	{K: 0x61a3, O: 0x2148b},
	{K: 0x61a4, O: 0x214d1},
	{K: 0x61a5, O: 0x21522},
	{K: 0x61a6, O: 0x2155a},
	{K: 0x61a7, O: 0x215a0},
	{K: 0x61a8, O: 0x215ce},
	{K: 0x61a9, O: 0x215fc},
	{K: 0x61ab, O: 0x2163e},
	{K: 0x61ac, O: 0x21676},
	{K: 0x61ad, O: 0x216b2},
	{K: 0x61ae, O: 0x21704},
	{K: 0x61af, O: 0x21757},
	{K: 0x61b1, O: 0x21785},
	{K: 0x61b3, O: 0x217b3},
	{K: 0x61b4, O: 0x217e1},
	{K: 0x61b5, O: 0x2180f},
	{K: 0x61b6, O: 0x2183d},
	{K: 0x61b7, O: 0x2186b},
	{K: 0x61b8, O: 0x21899},
	{K: 0x61b9, O: 0x218c7},
	{K: 0x61ba, O: 0x218f5},
	{K: 0x61bb, O: 0x21923},
	{K: 0x61bf, O: 0x21951},
	{K: 0x61c0, O: 0x219a2},
	{K: 0x61c1, O: 0x219f5},
	{K: 0x61c2, O: 0x21a2f},
	{K: 0x61c3, O: 0x21a75},
	{K: 0x61e0, O: 0x21aba},
	{K: 0x61e1, O: 0x21af0},
	{K: 0x61e2, O: 0x21b37},
	{K: 0x61e3, O: 0x21b88},
	{K: 0x61e4, O: 0x21bbe},
	{K: 0x61e5, O: 0x21bfd},
	{K: 0x61e6, O: 0x21c33},
	{K: 0x61e7, O: 0x21c69},
	{K: 0x61e8, O: 0x21c9f},
	{K: 0x61eb, O: 0x21cd5},
	{K: 0x6205, O: 0x21d16},
	{K: 0x6206, O: 0x21d5d},
	{K: 0x6207, O: 0x21da4},
	{K: 0x6208, O: 0x21de2},
	{K: 0x6209, O: 0x21e20},
	{K: 0x620a, O: 0x21e5e},
	{K: 0x620b, O: 0x21e9c},
	{K: 0x620c, O: 0x21eda},
	{K: 0x620e, O: 0x21f18},
	{K: 0x622b, O: 0x21f5d},
	{K: 0x622c, O: 0x21fad},
	{K: 0x622d, O: 0x21fe3},
	{K: 0x622e, O: 0x2200d},
	{K: 0x622f, O: 0x22037},
	{K: 0x624d, O: 0x22061},
	{K: 0x624e, O: 0x22092},
	{K: 0x624f, O: 0x220c3},
	{K: 0x6250, O: 0x220f5},
	{K: 0x625a, O: 0x2214b},
	{K: 0x6271, O: 0x22186},
	{K: 0x6272, O: 0x221dd},
	{K: 0x6277, O: 0x22234},
	{K: 0x627c, O: 0x2227a},
	{K: 0x6284, O: 0x222c2},
	{K: 0x6287, O: 0x222ee},
	{K: 0x628d, O: 0x2231a},
	{K: 0x6295, O: 0x22362},
	{K: 0x6296, O: 0x223b5},
	{K: 0x6297, O: 0x223fb},
	{K: 0x6298, O: 0x2244a},
	{K: 0x6299, O: 0x2248d},
	{K: 0x629a, O: 0x224c5},
	{K: 0x629b, O: 0x224ec},
	{K: 0x629c, O: 0x22513},
	{K: 0x629e, O: 0x2253a},
	{K: 0x629f, O: 0x22561},
	{K: 0x62a0, O: 0x22588},
	{K: 0x62a1, O: 0x225af},
	{K: 0x62a3, O: 0x225bf},
	{K: 0x62a4, O: 0x225cf},
	{K: 0x62a5, O: 0x225e3},
	{K: 0x62a9, O: 0x2260a},
	{K: 0x62aa, O: 0x2264d},
	{K: 0x62ab, O: 0x22696},
	{K: 0x62b4, O: 0x226aa},
	{K: 0x62b5, O: 0x226e2},
	{K: 0x62b6, O: 0x2271a},
	{K: 0x62b7, O: 0x22752},
	{K: 0x62df, O: 0x2278a},
	{K: 0x62e0, O: 0x227de},
	{K: 0x62e1, O: 0x22824},
	{K: 0x62e2, O: 0x2285c},
	{K: 0x62e3, O: 0x228a5},
	{K: 0x6301, O: 0x228e9},
	{K: 0x6302, O: 0x2292d},
	{K: 0x6306, O: 0x22968},
	{K: 0x6308, O: 0x2299e},
	{K: 0x630a, O: 0x229cd},
	{K: 0x630b, O: 0x229ff},
	{K: 0x630c, O: 0x22a31},
	{K: 0x630d, O: 0x22a6c},
	{K: 0x6316, O: 0x22aa7},
	{K: 0x631c, O: 0x22abb},
	{K: 0x6324, O: 0x22b00},
	{K: 0x6325, O: 0x22b3b},
	{K: 0x6326, O: 0x22b76},
	{K: 0x6327, O: 0x22bb1},
	{K: 0x6328, O: 0x22bec},
	{K: 0x6329, O: 0x22c27},
	{K: 0x632a, O: 0x22c62},
	{K: 0x632b, O: 0x22ca6},
	{K: 0x632c, O: 0x22cea},
	{K: 0x632e, O: 0x22d25},
	{K: 0x632f, O: 0x22d60},
	{K: 0x6330, O: 0x22d9e},
	{K: 0x6331, O: 0x22dd9},
	{K: 0x6332, O: 0x22e14},
	{K: 0x6333, O: 0x22e4f},
	{K: 0x6334, O: 0x22e8a},
	{K: 0x6335, O: 0x22ec5},
	{K: 0x6337, O: 0x22f00},
	{K: 0x6338, O: 0x22f3b},
	{K: 0x6339, O: 0x22f76},
	{K: 0x633a, O: 0x22fb1},
	{K: 0x633b, O: 0x22fec},
	{K: 0x633d, O: 0x23027},
	{K: 0x633f, O: 0x23062},
	{K: 0x6340, O: 0x2309d},
	{K: 0x6341, O: 0x230e1},
	{K: 0x6342, O: 0x2311c},
	{K: 0x6343, O: 0x23157},
	{K: 0x6344, O: 0x23192},
	{K: 0x6345, O: 0x231cd},
	{K: 0x6346, O: 0x23208},
	{K: 0x6347, O: 0x23243},
	{K: 0x6348, O: 0x2327e},
	{K: 0x6349, O: 0x232b5},
	{K: 0x634a, O: 0x232fd},
	{K: 0x634b, O: 0x2334f},
	{K: 0x634c, O: 0x23391},
	{K: 0x634d, O: 0x233c6},
	{K: 0x634e, O: 0x233fd},
	{K: 0x634f, O: 0x23434},
	{K: 0x6350, O: 0x2346b},
	{K: 0x6352, O: 0x234a2},
	{K: 0x6353, O: 0x234e5},
	{K: 0x6354, O: 0x23528},
	{K: 0x6355, O: 0x23567},
	{K: 0x6356, O: 0x235a6},
	{K: 0x6357, O: 0x235e5},
	{K: 0x6358, O: 0x23624},
	{K: 0x6359, O: 0x23663},
	{K: 0x635b, O: 0x236a2},
	{K: 0x635c, O: 0x236e1},
	{K: 0x635d, O: 0x23720},
	{K: 0x635e, O: 0x2375f},
	{K: 0x635f, O: 0x2379e},
	{K: 0x6361, O: 0x237dd},
	{K: 0x6363, O: 0x2381c},
	{K: 0x6364, O: 0x2385b},
	{K: 0x6365, O: 0x2389a},
	{K: 0x6366, O: 0x238d9},
	{K: 0x6367, O: 0x23918},
	{K: 0x6368, O: 0x23957},
	{K: 0x6369, O: 0x23996},
	{K: 0x636a, O: 0x239d5},
	{K: 0x636b, O: 0x23a14},
	{K: 0x636d, O: 0x23a59},
	{K: 0x636e, O: 0x23a90},
	{K: 0x636f, O: 0x23ac3},
	{K: 0x6370, O: 0x23b00},
	{K: 0x6371, O: 0x23b33},
	{K: 0x6372, O: 0x23b66},
	{K: 0x6373, O: 0x23ba4},
	{K: 0x6374, O: 0x23bd7},
	{K: 0x6376, O: 0x23c0e},
	{K: 0x6377, O: 0x23c61},
	{K: 0x6378, O: 0x23c99},
	{K: 0x6379, O: 0x23cd1},
	{K: 0x637a, O: 0x23d09},
	{K: 0x637b, O: 0x23d49},
	{K: 0x6380, O: 0x23d81},
	{K: 0x6381, O: 0x23db8},
	{K: 0x6382, O: 0x23de4},
	{K: 0x6383, O: 0x23e19},
	{K: 0x6385, O: 0x23e45},
	{K: 0x6387, O: 0x23e71},
	{K: 0x6388, O: 0x23ea8},
	{K: 0x6389, O: 0x23ed4},
	{K: 0x638a, O: 0x23f0a},
	{K: 0x638b, O: 0x23f36},
	{K: 0x638c, O: 0x23f62},
	{K: 0x638d, O: 0x23f8e},
	{K: 0x638e, O: 0x23fc4},
	{K: 0x638f, O: 0x23ff0},
	{K: 0x63b7, O: 0x2401c},
	{K: 0x63b8, O: 0x2406b},
	{K: 0x63b9, O: 0x240bf},
	{K: 0x63ba, O: 0x240fb},
	{K: 0x63bb, O: 0x24143},
	{K: 0x63be, O: 0x2418b},
	{K: 0x63bf, O: 0x241de},
	{K: 0x63c0, O: 0x2421f},
	{K: 0x63c1, O: 0x24257},
	{K: 0x63c2, O: 0x2428f},
	{K: 0x63fd, O: 0x242dd},
	{K: 0x63fe, O: 0x24315},
	{K: 0x63ff, O: 0x24358},
	{K: 0x6400, O: 0x24390},
	{K: 0x6401, O: 0x243c8},
	{K: 0x6402, O: 0x24400},
	{K: 0x6403, O: 0x24438},
	{K: 0x6404, O: 0x24470},
	{K: 0x6421, O: 0x244a8},
	{K: 0x6422, O: 0x244ed},
	{K: 0x6423, O: 0x24533},
	{K: 0x6424, O: 0x24580},
	{K: 0x642a, O: 0x245bf},
	{K: 0x6434, O: 0x2460d},
	{K: 0x6435, O: 0x24650},
	{K: 0x643d, O: 0x24693},
	{K: 0x6445, O: 0x246cf},
	{K: 0x6446, O: 0x24709},
	{K: 0x6447, O: 0x24750},
	{K: 0x6448, O: 0x2479e},
	{K: 0x6449, O: 0x247de},
	{K: 0x644a, O: 0x2482a},
	{K: 0x644b, O: 0x2486f},
	{K: 0x644c, O: 0x248a5},
	{K: 0x644e, O: 0x248e6},
	{K: 0x644f, O: 0x2491c},
	{K: 0x6450, O: 0x24952},
	{K: 0x6451, O: 0x24988},
	{K: 0x6452, O: 0x249b9},
	{K: 0x6453, O: 0x249fe},
	{K: 0x6454, O: 0x24a34},
	{K: 0x6455, O: 0x24a6a},
	{K: 0x6457, O: 0x24aaf},
	{K: 0x6458, O: 0x24af4},
	{K: 0x6459, O: 0x24b38},
	{K: 0x645a, O: 0x24b79},
	{K: 0x645b, O: 0x24bbe},
	{K: 0x645d, O: 0x24c03},
	{K: 0x6465, O: 0x24c2f},
	{K: 0x64ac, O: 0x24c51},
	{K: 0x64b3, O: 0x24c76},
	{K: 0x64b4, O: 0x24caa},
	{K: 0x64b5, O: 0x24cde},
	{K: 0x64b6, O: 0x24d12},
	{K: 0x64b7, O: 0x24d52},
	{K: 0x64fb, O: 0x24d92},
	{K: 0x64fc, O: 0x24dce},
	{K: 0x64fd, O: 0x24e14},
	{K: 0x64fe, O: 0x24e4c},
	{K: 0x6502, O: 0x24e84},
	{K: 0x6503, O: 0x24ec2},
	{K: 0x6504, O: 0x24efa},
	{K: 0x6505, O: 0x24f32},
	{K: 0x6506, O: 0x24f6a},
	{K: 0x6513, O: 0x24fa9},
	{K: 0x6514, O: 0x24fe1},
	{K: 0x6515, O: 0x25019},
	{K: 0x66a9, O: 0x25051},
	{K: 0x66b2, O: 0x2506e},
	{K: 0x66bd, O: 0x25087},
	{K: 0x675c, O: 0x250a6},
	{K: 0x675f, O: 0x250d0},
	{K: 0x6762, O: 0x250ed},
	{K: 0x6765, O: 0x25118},
	{K: 0x6767, O: 0x2512a},
	{K: 0x6835, O: 0x2515c},
	{K: 0x6836, O: 0x25193},
	{K: 0x6837, O: 0x251ee},
	{K: 0x6838, O: 0x25213},
	{K: 0x6839, O: 0x2524a},
	{K: 0x683a, O: 0x25278},
	{K: 0x683b, O: 0x2529d},
	{K: 0x683c, O: 0x252d1},
	{K: 0x683e, O: 0x25305},
	{K: 0x683f, O: 0x25348},
	{K: 0x6840, O: 0x2537f},
	{K: 0x6841, O: 0x253b6},
	{K: 0x6842, O: 0x253ed},
	{K: 0x6843, O: 0x25424},
	{K: 0x6845, O: 0x2545b},
	{K: 0x684a, O: 0x25492},
	{K: 0x684d, O: 0x254d2},
	{K: 0x6851, O: 0x254fa},
	{K: 0x6852, O: 0x25511},
	{K: 0x6856, O: 0x25528},
	{K: 0x6859, O: 0x25571},
	{K: 0x685c, O: 0x255b6},
	{K: 0x6860, O: 0x255e6},
	{K: 0x6861, O: 0x25610},
	{K: 0x6862, O: 0x25646},
	{K: 0x6864, O: 0x2565d},
	{K: 0x6866, O: 0x25684},
	{K: 0x6867, O: 0x256ad},
	{K: 0x6869, O: 0x256d8},
	{K: 0x686b, O: 0x25726},
	{K: 0x686c, O: 0x25748},
	{K: 0x6871, O: 0x25782},
	{K: 0x6875, O: 0x257c4},
	{K: 0x6876, O: 0x257ef},
	{K: 0x6877, O: 0x2581a},
	{K: 0x6879, O: 0x2585c},
	{K: 0x687a, O: 0x2589e},
	{K: 0x687b, O: 0x258cc},
	{K: 0x687d, O: 0x2590e},
	{K: 0x687e, O: 0x25948},
	{K: 0x687f, O: 0x25982},
	{K: 0x6880, O: 0x259bc},
	{K: 0x6886, O: 0x259f3},
	{K: 0x6888, O: 0x25a21},
	{K: 0x6889, O: 0x25a44},
	{K: 0x688a, O: 0x25a89},
	{K: 0x688b, O: 0x25ac3},
	{K: 0x688c, O: 0x25afd},
	{K: 0x688d, O: 0x25b37},
	{K: 0x688f, O: 0x25b71},
	{K: 0x6890, O: 0x25bb5},
	{K: 0x6891, O: 0x25bef},
	{K: 0x6892, O: 0x25c29},
	{K: 0x6895, O: 0x25c63},
	{K: 0x6897, O: 0x25c9c},
	{K: 0x6898, O: 0x25cd5},
	{K: 0x689b, O: 0x25d0e},
	{K: 0x68ce, O: 0x25d48},
	{K: 0x68cf, O: 0x25d6e},
	{K: 0x68d1, O: 0x25d8a},
	{K: 0x68d5, O: 0x25db5},
	{K: 0x68e0, O: 0x25de8},
	{K: 0x68e1, O: 0x25e16},
	{K: 0x6929, O: 0x25e3c},
	{K: 0x692a, O: 0x25e76},
	{K: 0x6994, O: 0x25eb0},
	{K: 0x6995, O: 0x25ed6},
	{K: 0x6a56, O: 0x25efc},
	{K: 0x6a58, O: 0x25f30},
	{K: 0x6a5e, O: 0x25f6f},
	{K: 0x6a61, O: 0x25fb0},
	{K: 0x6a71, O: 0x25feb},
	{K: 0x6a74, O: 0x26022},
	{K: 0x6a77, O: 0x2603b},
	{K: 0x6a80, O: 0x2607c},
	{K: 0x6a82, O: 0x260af},
	{K: 0x6a88, O: 0x260e7},
	{K: 0x6a8b, O: 0x26113},
	{K: 0x6a8d, O: 0x2612b},
	{K: 0x6a91, O: 0x26168},
	{K: 0x6aa3, O: 0x261a2},
	{K: 0x6aa4, O: 0x261dc},
	{K: 0x6ac3, O: 0x26204},
	{K: 0x6acd, O: 0x26248},
	{K: 0x6acf, O: 0x26285},
	{K: 0x6ade, O: 0x262b8},
	{K: 0x6ae3, O: 0x262e7},
	{K: 0x6aeb, O: 0x26323},
	{K: 0x6aef, O: 0x26354},
	{K: 0x6af0, O: 0x2639f},
	{K: 0x6af1, O: 0x263d1},
	{K: 0x6af6, O: 0x2640e},
	{K: 0x6afc, O: 0x26451},
	{K: 0x6afd, O: 0x2648d},
	{K: 0x6aff, O: 0x264e1},
	{K: 0x6b00, O: 0x26506},
	{K: 0x6b02, O: 0x2653d},
	{K: 0x6b10, O: 0x26584},
	{K: 0x6b11, O: 0x265bb},
	{K: 0x6b12, O: 0x265f2},
	{K: 0x6b17, O: 0x26634},
	{K: 0x6b18, O: 0x2666a},
	{K: 0x6b1a, O: 0x26694},
	{K: 0x6b1b, O: 0x266c9},
	{K: 0x6b1f, O: 0x26708},
	{K: 0x6b21, O: 0x26746},
	{K: 0x6b25, O: 0x26781},
	{K: 0x6b26, O: 0x267b9},
	{K: 0x6b27, O: 0x267f9},
	{K: 0x6b2e, O: 0x26828},
	{K: 0x6b37, O: 0x26859},
	{K: 0x6b3b, O: 0x26893},
	{K: 0x6b3c, O: 0x268cb},
	{K: 0x6b3e, O: 0x2690f},
	{K: 0x6b45, O: 0x26949},
	{K: 0x6b49, O: 0x26985},
	{K: 0x6b59, O: 0x269ba},
	{K: 0x6b60, O: 0x269f8},
	{K: 0x6b6e, O: 0x26a3a},
	{K: 0x6b6f, O: 0x26a8f},
	{K: 0x6b70, O: 0x26ad6},
	{K: 0x6b71, O: 0x26b0d},
	{K: 0x6b72, O: 0x26b50},
	{K: 0x6b73, O: 0x26ba4},
	{K: 0x6b74, O: 0x26bdc},
	{K: 0x6b75, O: 0x26c0b},
	{K: 0x6b7a, O: 0x26c50},
	{K: 0x6b7b, O: 0x26c8e},
	{K: 0x6b89, O: 0x26cc9},
	{K: 0x6b91, O: 0x26cfe},
	{K: 0x6b92, O: 0x26d3f},
	{K: 0x6ba4, O: 0x26d7c},
	{K: 0x6bab, O: 0x26db6},
	{K: 0x6bba, O: 0x26dec},
	{K: 0x6bbe, O: 0x26e0e},
	{K: 0x6bbf, O: 0x26e58},
	{K: 0x6bc0, O: 0x26e76},
	{K: 0x6bc1, O: 0x26eac},
	{K: 0x6bc2, O: 0x26ec3},
	{K: 0x6bc6, O: 0x26efb},
	{K: 0x6bcc, O: 0x26f36},
	{K: 0x6bcd, O: 0x26f7a},
	{K: 0x6bcf, O: 0x26fb5},
	{K: 0x6bd1, O: 0x26ff6},
	{K: 0x6bd5, O: 0x2702d},
	{K: 0x6bd8, O: 0x27074},
	{K: 0x6bda, O: 0x270a9},
	{K: 0x6bdd, O: 0x270f6},
	{K: 0x6bde, O: 0x27110},
	{K: 0x6bdf, O: 0x2714d},
	{K: 0x6be0, O: 0x2718a},
	{K: 0x6be1, O: 0x271d3},
	{K: 0x6be3, O: 0x27218},
	{K: 0x6be7, O: 0x27258},
	{K: 0x6be9, O: 0x27297},
	{K: 0x6bea, O: 0x272d4},
	{K: 0x6beb, O: 0x27306},
	{K: 0x6bf2, O: 0x27343},
	{K: 0x6bf5, O: 0x27376},
	{K: 0x6bfa, O: 0x273ba},
	{K: 0x6bfb, O: 0x273f2},
	{K: 0x6bfd, O: 0x2741d},
	{K: 0x6bff, O: 0x27463},
	{K: 0x6c00, O: 0x27497},
	{K: 0x6c02, O: 0x274d5},
	{K: 0x6c03, O: 0x2751d},
	{K: 0x6c04, O: 0x27553},
	{K: 0x6c06, O: 0x275a5},
	{K: 0x6c0a, O: 0x275ea},
	{K: 0x6c0e, O: 0x2761e},
	{K: 0x6c15, O: 0x27678},
	{K: 0x6c1b, O: 0x276a7},
	{K: 0x6c1c, O: 0x276b8},
	{K: 0x6c27, O: 0x276f2},
	{K: 0x6c29, O: 0x27734},
	{K: 0x6c2a, O: 0x27771},
	{K: 0x6c2e, O: 0x277b2},
	{K: 0x6c2f, O: 0x277e7},
	{K: 0x6c30, O: 0x277fc},
	{K: 0x6c31, O: 0x27860},
	{K: 0x6c33, O: 0x27887},
	{K: 0x6c38, O: 0x278b8},
	{K: 0x6c3b, O: 0x278de},
	{K: 0x6c3d, O: 0x2793f},
	{K: 0x6c42, O: 0x2796e},
	{K: 0x6c44, O: 0x279af},
	{K: 0x6c46, O: 0x279f8},
	{K: 0x6c4c, O: 0x27a47},
	{K: 0x6c4e, O: 0x27ad6},
	{K: 0x6c50, O: 0x27b1b},
	{K: 0x6c54, O: 0x27b54},
	{K: 0x6c57, O: 0x27b95},
	{K: 0x6c59, O: 0x27bc8},
	{K: 0x6c64, O: 0x27c00},
	{K: 0x6c65, O: 0x27c2d},
	{K: 0x6c68, O: 0x27c59},
	{K: 0x6c69, O: 0x27c80},
	{K: 0x6c6c, O: 0x27ca3},
	{K: 0x6c6f, O: 0x27cd7},
	{K: 0x6c76, O: 0x27d19},
	{K: 0x6c77, O: 0x27d5a},
	{K: 0x6c78, O: 0x27dad},
	{K: 0x6c7a, O: 0x27de5},
	{K: 0x6c7b, O: 0x27e20},
	{K: 0x6c7c, O: 0x27e60},
	{K: 0x6c7d, O: 0x27eaa},
	{K: 0x6c7f, O: 0x27ee3},
	{K: 0x6c82, O: 0x27f0b},
	{K: 0x6c83, O: 0x27f39},
	{K: 0x6c85, O: 0x27f6d},
	{K: 0x6c89, O: 0x27fb5},
	{K: 0x6c8a, O: 0x27fcf},
	{K: 0x6c8b, O: 0x27fff},
	{K: 0x6c8c, O: 0x28036},
	{K: 0x6c8d, O: 0x28055},
	{K: 0x6c8e, O: 0x28094},
	{K: 0x6c8f, O: 0x280d5},
	{K: 0x6c90, O: 0x280ea},
	{K: 0x6c96, O: 0x28129},
	{K: 0x6c9a, O: 0x28140},
	{K: 0x6c9b, O: 0x28172},
	{K: 0x6c9c, O: 0x281ac},
	{K: 0x6c9f, O: 0x281e9},
	{K: 0x6ca0, O: 0x28226},
	{K: 0x6ca3, O: 0x2825c},
	{K: 0x6ca5, O: 0x28282},
	{K: 0x6ca6, O: 0x2829b},
	{K: 0x6caf, O: 0x282da},
	{K: 0x6cb0, O: 0x2831d},
	{K: 0x6cb1, O: 0x28351},
	{K: 0x6cb3, O: 0x28380},
	{K: 0x6cb4, O: 0x283a0},
	{K: 0x6cb5, O: 0x283d7},
	{K: 0x6cbe, O: 0x283f3},
	{K: 0x6cbf, O: 0x2841c},
	{K: 0x6cc4, O: 0x2844b},
	{K: 0x6cc7, O: 0x28475},
	{K: 0x6cca, O: 0x284ca},
	{K: 0x6ccb, O: 0x284f8},
	{K: 0x6cd4, O: 0x28539},
	{K: 0x6cfd, O: 0x2856d},
	{K: 0x6d00, O: 0x2858b},
	{K: 0x6d01, O: 0x285c9},
	{K: 0x6d03, O: 0x2860d},
	{K: 0x6d04, O: 0x2864e},
	{K: 0x6d08, O: 0x28664},
	{K: 0x6d09, O: 0x2868e},
	{K: 0x6d11, O: 0x2870f},
	{K: 0x6d12, O: 0x28753},
	{K: 0x6d13, O: 0x2876f},
	{K: 0x6d17, O: 0x2878e},
	{K: 0x6d18, O: 0x287c1},
	{K: 0x6d1a, O: 0x287f7},
	{K: 0x6d1b, O: 0x2882f},
	{K: 0x6d1c, O: 0x28870},
	{K: 0x6d1d, O: 0x28888},
	{K: 0x6d22, O: 0x2889f},
	{K: 0x6d26, O: 0x288b8},
	{K: 0x6d28, O: 0x28900},
	{K: 0x6d2b, O: 0x2894e},
	{K: 0x6d2c, O: 0x28991},
	{K: 0x6d30, O: 0x289c9},
	{K: 0x6d31, O: 0x289fb},
	{K: 0x6d34, O: 0x28a12},
	{K: 0x6d35, O: 0x28a56},
	{K: 0x6d3d, O: 0x28a6b},
	{K: 0x6d41, O: 0x28aaf},
	{K: 0x6d44, O: 0x28af7},
	{K: 0x6d46, O: 0x28b33},
	{K: 0x6d47, O: 0x28b6a},
	{K: 0x6d4a, O: 0x28b97},
	{K: 0x6d4c, O: 0x28be0},
	{K: 0x6d4e, O: 0x28c30},
	{K: 0x6d50, O: 0x28c77},
	{K: 0x6d52, O: 0x28caf},
	{K: 0x6d53, O: 0x28cdf},
	{K: 0x6d57, O: 0x28d05},
	{K: 0x6d5a, O: 0x28d4a},
	{K: 0x6d5b, O: 0x28d85},
	{K: 0x6d5d, O: 0x28d96},
	{K: 0x6d62, O: 0x28de1},
	{K: 0x6d63, O: 0x28e05},
	{K: 0x6d65, O: 0x28e24},
	{K: 0x6d68, O: 0x28e39},
	{K: 0x6d69, O: 0x28e75},
	{K: 0x6d6c, O: 0x28eb8},
	{K: 0x6d6d, O: 0x28eef},
	{K: 0x6d6e, O: 0x28f1c},
	{K: 0x6d70, O: 0x28f5f},
	{K: 0x6d74, O: 0x28f8b},
	{K: 0x6d76, O: 0x28fb8},
	{K: 0x6d77, O: 0x28fec},
	{K: 0x6d78, O: 0x2902a},
	{K: 0x6d79, O: 0x29068},
	{K: 0x6d81, O: 0x2909f},
	{K: 0x6d87, O: 0x290d5},
	{K: 0x6d88, O: 0x290f4},
	{K: 0x6d89, O: 0x29127},
	{K: 0x6d8d, O: 0x2914f},
	{K: 0x6d8e, O: 0x29185},
	{K: 0x6d90, O: 0x291b7},
	{K: 0x6d96, O: 0x291f2},
	{K: 0x6d97, O: 0x2922d},
	{K: 0x6d99, O: 0x29281},
	{K: 0x6d9a, O: 0x292de},
	{K: 0x6d9c, O: 0x2931b},
	{K: 0x6da3, O: 0x2934e},
	{K: 0x6da5, O: 0x29379},
	{K: 0x6dab, O: 0x293b5},
	{K: 0x6dad, O: 0x293ee},
	{K: 0x6dae, O: 0x29423},
	{K: 0x6dd8, O: 0x29435},
	{K: 0x6dd9, O: 0x2947b},
	{K: 0x6dda, O: 0x294c3},
	{K: 0x6dde, O: 0x29511},
	{K: 0x6de2, O: 0x2953c},
	{K: 0x6de8, O: 0x29576},
	{K: 0x6ded, O: 0x295ad},
	{K: 0x6def, O: 0x295f7},
	{K: 0x6df0, O: 0x2962e},
	{K: 0x6df6, O: 0x29660},
	{K: 0x6e20, O: 0x296a2},
	{K: 0x6e22, O: 0x296da},
	{K: 0x6e27, O: 0x29707},
	{K: 0x6e29, O: 0x29742},
	{K: 0x6e2a, O: 0x29785},
	{K: 0x6e35, O: 0x297c0},
	{K: 0x6e37, O: 0x297f4},
	{K: 0x6e3c, O: 0x29837},
	{K: 0x6e3e, O: 0x29855},
	{K: 0x6e43, O: 0x2989d},
	{K: 0x6e44, O: 0x298ca},
	{K: 0x6e45, O: 0x298f2},
	{K: 0x6e46, O: 0x2992a},
	{K: 0x6e47, O: 0x29964},
	{K: 0x6e48, O: 0x2998e},
	{K: 0x6e4b, O: 0x299bf},
	{K: 0x6e4c, O: 0x29a08},
	{K: 0x6e4e, O: 0x29a34},
	{K: 0x6e4f, O: 0x29a79},
	{K: 0x6e50, O: 0x29aae},
	{K: 0x6e51, O: 0x29ae4},
	{K: 0x6e53, O: 0x29b19},
	{K: 0x6e54, O: 0x29b4c},
	{K: 0x6e5b, O: 0x29b7f},
	{K: 0x6e5c, O: 0x29bc4},
	{K: 0x6e5f, O: 0x29bf7},
	{K: 0x6e62, O: 0x29c31},
	{K: 0x6e65, O: 0x29c66},
	{K: 0x6e68, O: 0x29ca2},
	{K: 0x6e6c, O: 0x29cf1},
	{K: 0x6e6e, O: 0x29d33},
	{K: 0x6e6f, O: 0x29d46},
	{K: 0x6e71, O: 0x29d88},
	{K: 0x6e72, O: 0x29dc0},
	{K: 0x6e7a, O: 0x29e0a},
	{K: 0x6e7b, O: 0x29e40},
	{K: 0x6e7d, O: 0x29e77},
	{K: 0x6e80, O: 0x29ead},
	{K: 0x6e82, O: 0x29ee6},
	{K: 0x6e83, O: 0x29f14},
	{K: 0x6e84, O: 0x29f37},
	{K: 0x6e92, O: 0x29f7b},
	{K: 0x6e93, O: 0x29fb1},
	{K: 0x6e94, O: 0x29ff3},
	{K: 0x6e95, O: 0x2a02c},
	{K: 0x6e98, O: 0x2a05f},
	{K: 0x6e9b, O: 0x2a077},
	{K: 0x6ea3, O: 0x2a0c5},
	{K: 0x6ea7, O: 0x2a0e7},
	{K: 0x6ea9, O: 0x2a142},
	{K: 0x6eab, O: 0x2a16b},
	{K: 0x6eae, O: 0x2a1a8},
	{K: 0x6eaf, O: 0x2a1f9},
	{K: 0x6eb3, O: 0x2a22a},
	{K: 0x6eb6, O: 0x2a265},
	{K: 0x6eb7, O: 0x2a27c},
	{K: 0x6eb8, O: 0x2a299},
	{K: 0x6eba, O: 0x2a2e1},
	{K: 0x6ebb, O: 0x2a329},
	{K: 0x6ebc, O: 0x2a346},
	{K: 0x6ebd, O: 0x2a371},
	{K: 0x6ec2, O: 0x2a399},
	{K: 0x6ec3, O: 0x2a3bd},
	{K: 0x6ec5, O: 0x2a3ed},
	{K: 0x6ec7, O: 0x2a416},
	{K: 0x6ec8, O: 0x2a432},
	{K: 0x6ec9, O: 0x2a4a6},
	{K: 0x6eca, O: 0x2a4d2},
	{K: 0x6ecb, O: 0x2a4f6},
	{K: 0x6ecc, O: 0x2a521},
	{K: 0x6ecd, O: 0x2a55d},
	{K: 0x6ece, O: 0x2a58f},
	{K: 0x6ecf, O: 0x2a5d2},
	{K: 0x6ed0, O: 0x2a601},
	{K: 0x6ed4, O: 0x2a646},
	{K: 0x6edb, O: 0x2a659},
	{K: 0x6ede, O: 0x2a6a0},
	{K: 0x6ee0, O: 0x2a701},
	{K: 0x6ee5, O: 0x2a74a},
	{K: 0x6ee6, O: 0x2a767},
	{K: 0x6eef, O: 0x2a798},
	{K: 0x6ef1, O: 0x2a7d3},
	{K: 0x6ef8, O: 0x2a81c},
	{K: 0x6efa, O: 0x2a856},
	{K: 0x6efc, O: 0x2a88d},
	{K: 0x6efe, O: 0x2a8c2},
	{K: 0x6f01, O: 0x2a8fa},
	{K: 0x6f02, O: 0x2a93e},
	{K: 0x6f04, O: 0x2a989},
	{K: 0x6f08, O: 0x2a9c9},
	{K: 0x6f0a, O: 0x2aa07},
	{K: 0x6f0b, O: 0x2aa45},
	{K: 0x6f0f, O: 0x2aa5a},
	{K: 0x6f10, O: 0x2aa95},
	{K: 0x6f13, O: 0x2aad0},
	{K: 0x6f14, O: 0x2ab06},
	{K: 0x6f16, O: 0x2ab1f},
	{K: 0x6f1c, O: 0x2ab60},
	{K: 0x6f23, O: 0x2abae},
	{K: 0x6f25, O: 0x2abe8},
	{K: 0x6f26, O: 0x2ac32},
	{K: 0x6f29, O: 0x2ac75},
	{K: 0x6f2b, O: 0x2acb5},
	{K: 0x6f2e, O: 0x2acef},
	{K: 0x6f34, O: 0x2ad29},
	{K: 0x6f36, O: 0x2ad67},
	{K: 0x6f37, O: 0x2ad97},
	{K: 0x6f39, O: 0x2adca},
	{K: 0x6f3b, O: 0x2ae12},
	{K: 0x6f3c, O: 0x2ae54},
	{K: 0x6f40, O: 0x2ae80},
	{K: 0x6f47, O: 0x2aeb2},
	{K: 0x6f4a, O: 0x2aef7},
	{K: 0x6f4b, O: 0x2af1d},
	{K: 0x6f4c, O: 0x2af5c},
	{K: 0x6f50, O: 0x2af8a},
	{K: 0x6f51, O: 0x2afb2},
	{K: 0x6f52, O: 0x2aff0},
	{K: 0x6f55, O: 0x2b008},
	{K: 0x6f57, O: 0x2b04a},
	{K: 0x6f58, O: 0x2b09a},
	{K: 0x6f5a, O: 0x2b0d7},
	{K: 0x6f5c, O: 0x2b0f9},
	{K: 0x6f5d, O: 0x2b13d},
	{K: 0x6f5e, O: 0x2b188},
	{K: 0x6f5f, O: 0x2b1a8},
	{K: 0x6f69, O: 0x2b1d3},
	{K: 0x6faf, O: 0x2b1fd},
	{K: 0x6fdc, O: 0x2b219},
	{K: 0x7047, O: 0x2b23a},
	{K: 0x7054, O: 0x2b270},
	{K: 0x70a5, O: 0x2b2a5},
	{K: 0x70c9, O: 0x2b2c7},
	{K: 0x70ca, O: 0x2b304},
	{K: 0x70cb, O: 0x2b333},
	{K: 0x70cc, O: 0x2b362},
	{K: 0x70cd, O: 0x2b391},
	{K: 0x70ce, O: 0x2b3c0},
	{K: 0x70cf, O: 0x2b3d4},
	{K: 0x70d0, O: 0x2b435},
	{K: 0x70d2, O: 0x2b453},
	{K: 0x70d3, O: 0x2b481},
	{K: 0x70d4, O: 0x2b4bd},
	{K: 0x70d5, O: 0x2b4f2},
	{K: 0x70d6, O: 0x2b52f},
	{K: 0x70d7, O: 0x2b56c},
	{K: 0x70d9, O: 0x2b5a9},
	{K: 0x70db, O: 0x2b5d7},
	{K: 0x70dc, O: 0x2b60b},
	{K: 0x70dd, O: 0x2b62a},
	{K: 0x70df, O: 0x2b65c},
	{K: 0x70e5, O: 0x2b680},
	{K: 0x70ed, O: 0x2b6bb},
	{K: 0x70ee, O: 0x2b6d4},
	{K: 0x70f3, O: 0x2b6fc},
	{K: 0x70f4, O: 0x2b74b},
	{K: 0x70fa, O: 0x2b786},
	{K: 0x70fb, O: 0x2b7bb},
	{K: 0x70fd, O: 0x2b805},
	{K: 0x70ff, O: 0x2b834},
	{K: 0x7100, O: 0x2b863},
	{K: 0x7101, O: 0x2b88c},
	{K: 0x7107, O: 0x2b8a5},
	{K: 0x710a, O: 0x2b8c7},
	{K: 0x710b, O: 0x2b8ee},
	{K: 0x710d, O: 0x2b912},
	{K: 0x710e, O: 0x2b93d},
	{K: 0x7111, O: 0x2b95e},
	{K: 0x7112, O: 0x2b97b},
	{K: 0x7113, O: 0x2b9c2},
	{K: 0x7114, O: 0x2b9ed},
	{K: 0x711a, O: 0x2ba17},
	{K: 0x711b, O: 0x2ba55},
	{K: 0x711d, O: 0x2ba69},
	{K: 0x7120, O: 0x2ba8a},
	{K: 0x7125, O: 0x2baa4},
	{K: 0x712e, O: 0x2bad2},
	{K: 0x712f, O: 0x2bb03},
	{K: 0x7136, O: 0x2bb34},
	{K: 0x7139, O: 0x2bb6e},
	{K: 0x713a, O: 0x2bbaa},
	{K: 0x713b, O: 0x2bbd4},
	{K: 0x713d, O: 0x2bbf0},
	{K: 0x7142, O: 0x2bc0e},
	{K: 0x7145, O: 0x2bc50},
	{K: 0x7151, O: 0x2bc7d},
	{K: 0x7159, O: 0x2bca3},
	{K: 0x715b, O: 0x2bcd3},
	{K: 0x715c, O: 0x2bd1d},
	{K: 0x7161, O: 0x2bd52},
	{K: 0x7162, O: 0x2bd78},
	{K: 0x7164, O: 0x2bdae},
	{K: 0x7166, O: 0x2bde8},
	{K: 0x7168, O: 0x2be14},
	{K: 0x716e, O: 0x2be55},
	{K: 0x7173, O: 0x2be84},
	{K: 0x7174, O: 0x2be9d},
	{K: 0x7175, O: 0x2beba},
	{K: 0x7179, O: 0x2bee5},
	{K: 0x717f, O: 0x2bf24},
	{K: 0x71c5, O: 0x2bf5b},
	{K: 0x71c7, O: 0x2bf8e},
	{K: 0x71c8, O: 0x2bfd3},
	{K: 0x71cc, O: 0x2c005},
	{K: 0x71d1, O: 0x2c037},
	{K: 0x71d3, O: 0x2c067},
	{K: 0x71d5, O: 0x2c09d},
	{K: 0x71d8, O: 0x2c0da},
	{K: 0x71d9, O: 0x2c12a},
	{K: 0x71df, O: 0x2c153},
	{K: 0x71e6, O: 0x2c191},
	{K: 0x7217, O: 0x2c1c4},
	{K: 0x7232, O: 0x2c1dc},
	{K: 0x7233, O: 0x2c215},
	{K: 0x723f, O: 0x2c241},
	{K: 0x7254, O: 0x2c26b},
	{K: 0x7257, O: 0x2c2a9},
	{K: 0x7259, O: 0x2c2ef},
	{K: 0x725a, O: 0x2c321},
	{K: 0x725f, O: 0x2c34a},
	{K: 0x7260, O: 0x2c36c},
	{K: 0x7262, O: 0x2c3a5},
	{K: 0x7265, O: 0x2c3db},
	{K: 0x726d, O: 0x2c40c},
	{K: 0x7274, O: 0x2c437},
	{K: 0x7276, O: 0x2c460},
	{K: 0x7278, O: 0x2c491},
	{K: 0x727e, O: 0x2c4d9},
	{K: 0x727f, O: 0x2c521},
	{K: 0x7280, O: 0x2c569},
	{K: 0x7282, O: 0x2c5b1},
	{K: 0x7283, O: 0x2c5dc},
	{K: 0x7284, O: 0x2c616},
	{K: 0x7285, O: 0x2c650},
	{K: 0x7286, O: 0x2c67b},
	{K: 0x7287, O: 0x2c6a6},
	{K: 0x7289, O: 0x2c6db},
	{K: 0x728c, O: 0x2c6eb},
	{K: 0x728d, O: 0x2c71a},
	{K: 0x728e, O: 0x2c73e},
	{K: 0x7293, O: 0x2c77a},
	{K: 0x7294, O: 0x2c7bf},
	{K: 0x7295, O: 0x2c7f4},
	{K: 0x7296, O: 0x2c81f},
	{K: 0x729b, O: 0x2c867},
	{K: 0x729f, O: 0x2c892},
	{K: 0x72a6, O: 0x2c8dd},
	{K: 0x72a7, O: 0x2c944},
	{K: 0x72a8, O: 0x2c9ad},
	{K: 0x72b0, O: 0x2ca0f},
	{K: 0x72b9, O: 0x2ca45},
	{K: 0x72ba, O: 0x2ca75},
	{K: 0x72e5, O: 0x2cab7},
	{K: 0x72e6, O: 0x2cadb},
	{K: 0x72e7, O: 0x2cb27},
	{K: 0x72e9, O: 0x2cb72},
	{K: 0x72eb, O: 0x2cb92},
	{K: 0x72ee, O: 0x2cbc1},
	{K: 0x72ef, O: 0x2cbf1},
	{K: 0x732c, O: 0x2cc31},
	{K: 0x732d, O: 0x2cc6a},
	{K: 0x732e, O: 0x2cc88},
	{K: 0x732f, O: 0x2ccce},
	{K: 0x7338, O: 0x2cd06},
	{K: 0x733d, O: 0x2cd29},
	{K: 0x7349, O: 0x2cd4c},
	{K: 0x734d, O: 0x2cd95},
	{K: 0x7350, O: 0x2cdc0},
	{K: 0x7351, O: 0x2cdf0},
	{K: 0x7353, O: 0x2ce20},
	{K: 0x7407, O: 0x2ce4d},
	{K: 0x740f, O: 0x2ce7b},
	{K: 0x7419, O: 0x2cea9},
	{K: 0x7423, O: 0x2cede},
	{K: 0x7439, O: 0x2cf06},
	{K: 0x7453, O: 0x2cf1e},
	{K: 0x7457, O: 0x2cf45},
	{K: 0x7459, O: 0x2cf67},
	{K: 0x746f, O: 0x2cf99},
	{K: 0x74e8, O: 0x2cfdd},
	{K: 0x7525, O: 0x2d005},
	{K: 0x752c, O: 0x2d01e},
	{K: 0x75e2, O: 0x2d047},
	{K: 0x75e4, O: 0x2d070},
	{K: 0x75e5, O: 0x2d093},
	{K: 0x75e8, O: 0x2d0a8},
	{K: 0x75ed, O: 0x2d0cb},
	{K: 0x75f1, O: 0x2d0fa},
	{K: 0x75f4, O: 0x2d111},
	{K: 0x7620, O: 0x2d122},
	{K: 0x7629, O: 0x2d147},
	{K: 0x7697, O: 0x2d15e},
	{K: 0x76b3, O: 0x2d18b},
	{K: 0x76d8, O: 0x2d1b4},
	{K: 0x7765, O: 0x2d1df},
	{K: 0x7766, O: 0x2d1ef},
	{K: 0x776e, O: 0x2d20d},
	{K: 0x7770, O: 0x2d238},
	{K: 0x7772, O: 0x2d267},
	{K: 0x7773, O: 0x2d294},
	{K: 0x7775, O: 0x2d2ce},
	{K: 0x7777, O: 0x2d30f},
	{K: 0x7778, O: 0x2d350},
	{K: 0x777b, O: 0x2d39d},
	{K: 0x777f, O: 0x2d3d8},
	{K: 0x7780, O: 0x2d40f},
	{K: 0x7781, O: 0x2d43c},
	{K: 0x7787, O: 0x2d473},
	{K: 0x7788, O: 0x2d487},
	{K: 0x7789, O: 0x2d4c1},
	{K: 0x778c, O: 0x2d4f8},
	{K: 0x778f, O: 0x2d52b},
	{K: 0x7792, O: 0x2d555},
	{K: 0x7793, O: 0x2d576},
	{K: 0x7794, O: 0x2d5a6},
	{K: 0x7799, O: 0x2d5d6},
	{K: 0x77a0, O: 0x2d612},
	{K: 0x77a4, O: 0x2d63f},
	{K: 0x77a5, O: 0x2d65c},
	{K: 0x77a6, O: 0x2d6a0},
	{K: 0x77ab, O: 0x2d6ed},
	{K: 0x77b6, O: 0x2d72c},
	{K: 0x77c3, O: 0x2d76d},
	{K: 0x77ce, O: 0x2d7a4},
	{K: 0x77fc, O: 0x2d7c9},
	{K: 0x780a, O: 0x2d810},
	{K: 0x780f, O: 0x2d841},
	{K: 0x7810, O: 0x2d869},
	{K: 0x784a, O: 0x2d88e},
	{K: 0x7850, O: 0x2d8c8},
	{K: 0x785d, O: 0x2d915},
	{K: 0x785e, O: 0x2d928},
	{K: 0x7862, O: 0x2d95f},
	{K: 0x786a, O: 0x2d986},
	{K: 0x78d6, O: 0x2d9ac},
	{K: 0x8003, O: 0x2d9dd},
	{K: 0x8005, O: 0x2da09},
	{K: 0x8007, O: 0x2da2e},
	{K: 0x8008, O: 0x2da4c},
	{K: 0x8089, O: 0x2da85},
	{K: 0x808b, O: 0x2dab2},
	{K: 0x80ae, O: 0x2daf9},
	{K: 0x80b9, O: 0x2db28},
	{K: 0x8185, O: 0x2db74},
	{K: 0x818c, O: 0x2dbb8},
	{K: 0x819d, O: 0x2dbd5},
	{K: 0x81a7, O: 0x2dc0f},
	{K: 0x81a9, O: 0x2dc2c},
	{K: 0x81aa, O: 0x2dc4d},
	{K: 0x81b1, O: 0x2dc60},
	{K: 0x81b2, O: 0x2dc72},
	{K: 0x81b9, O: 0x2dc99},
	{K: 0x81bc, O: 0x2dcbc},
	{K: 0x81bd, O: 0x2dcea},
	{K: 0x81bf, O: 0x2dcfb},
	{K: 0x81c4, O: 0x2dd0e},
	{K: 0x81c7, O: 0x2dd47},
	{K: 0x81ca, O: 0x2dd77},
	{K: 0x81cd, O: 0x2dda7},
	{K: 0x81ce, O: 0x2ddc6},
	{K: 0x81d4, O: 0x2dde5},
	{K: 0x81d6, O: 0x2de1f},
	{K: 0x81e8, O: 0x2de3f},
	{K: 0x81eb, O: 0x2de63},
	{K: 0x8215, O: 0x2de92},
	{K: 0x8217, O: 0x2dead},
	{K: 0x822d, O: 0x2deca},
	{K: 0x8233, O: 0x2dedf},
	{K: 0x8264, O: 0x2df22},
	{K: 0x8266, O: 0x2df35},
	{K: 0x8267, O: 0x2df49},
	{K: 0x826d, O: 0x2df6a},
	{K: 0x8273, O: 0x2dfc0},
	{K: 0x827d, O: 0x2e005},
	{K: 0x82ef, O: 0x2e01e},
	{K: 0x88b6, O: 0x2e051},
	{K: 0x88d4, O: 0x2e06b},
	{K: 0x88d6, O: 0x2e088},
	{K: 0x88de, O: 0x2e0c3},
	{K: 0x88e7, O: 0x2e100},
	{K: 0x88eb, O: 0x2e138},
	{K: 0x88ef, O: 0x2e171},
	{K: 0x88f0, O: 0x2e1a9},
	{K: 0x88f3, O: 0x2e1e2},
	{K: 0x88fe, O: 0x2e232},
	{K: 0x8902, O: 0x2e25d},
	{K: 0x8907, O: 0x2e281},
	{K: 0x8909, O: 0x2e2ab},
	{K: 0x890d, O: 0x2e2d5},
	{K: 0x8911, O: 0x2e318},
	{K: 0x8915, O: 0x2e34a},
	{K: 0x8917, O: 0x2e388},
	{K: 0x8918, O: 0x2e3be},
	{K: 0x8919, O: 0x2e3f9},
	{K: 0x891f, O: 0x2e435},
	{K: 0x8921, O: 0x2e47a},
	{K: 0x8922, O: 0x2e4b9},
	{K: 0x8924, O: 0x2e4fe},
	{K: 0x8927, O: 0x2e53a},
	{K: 0x8928, O: 0x2e56d},
	{K: 0x892b, O: 0x2e5a9},
	{K: 0x892c, O: 0x2e5e9},
	{K: 0x892f, O: 0x2e629},
	{K: 0x8932, O: 0x2e659},
	{K: 0x8937, O: 0x2e693},
	{K: 0x893c, O: 0x2e6d3},
	{K: 0x8941, O: 0x2e711},
	{K: 0x8943, O: 0x2e753},
	{K: 0x8945, O: 0x2e77c},
	{K: 0x8946, O: 0x2e7b4},
	{K: 0x894c, O: 0x2e7f9},
	{K: 0x894f, O: 0x2e82c},
	{K: 0x8957, O: 0x2e863},
	{K: 0x895f, O: 0x2e8ab},
	{K: 0x8961, O: 0x2e8e0},
	{K: 0x896a, O: 0x2e913},
	{K: 0x896f, O: 0x2e959},
	{K: 0x8970, O: 0x2e990},
	{K: 0x8975, O: 0x2e9c0},
	{K: 0x8980, O: 0x2e9fb},
	{K: 0x8989, O: 0x2ea27},
	{K: 0x898a, O: 0x2ea5e},
	{K: 0x8994, O: 0x2ea8c},
	{K: 0x899b, O: 0x2eac9},
	{K: 0x89a1, O: 0x2eaf8},
	{K: 0x89a6, O: 0x2eb43},
	{K: 0x89af, O: 0x2eb89},
	{K: 0x89b0, O: 0x2ebc4},
	{K: 0x89b1, O: 0x2ec03},
	{K: 0x89b2, O: 0x2ec3d},
	{K: 0x89b3, O: 0x2ec87},
	{K: 0x89b4, O: 0x2ecce},
	{K: 0x89b9, O: 0x2ed04},
	{K: 0x89ba, O: 0x2ed3d},
	{K: 0x89c2, O: 0x2ed76},
	{K: 0x89c3, O: 0x2edaf},
	{K: 0x89c8, O: 0x2eded},
	{K: 0x89d2, O: 0x2ee21},
	{K: 0x89db, O: 0x2ee5c},
	{K: 0x89dc, O: 0x2ee9a},
	{K: 0x89df, O: 0x2eed8},
	{K: 0x89e0, O: 0x2ef0f},
	{K: 0x89e1, O: 0x2ef37},
	{K: 0x89e6, O: 0x2ef75},
	{K: 0x89e7, O: 0x2efb2},
	{K: 0x89eb, O: 0x2efeb},
	{K: 0x89ec, O: 0x2f026},
	{K: 0x8a19, O: 0x2f05e},
	{K: 0x8acf, O: 0x2f08d},
	{K: 0x8ad0, O: 0x2f0c9},
	{K: 0x8ad1, O: 0x2f100},
	{K: 0x8ad3, O: 0x2f131},
	{K: 0x8ad4, O: 0x2f16e},
	{K: 0x8ad7, O: 0x2f19c},
	{K: 0x8ad8, O: 0x2f1da},
	{K: 0x8ad9, O: 0x2f219},
	{K: 0x8adc, O: 0x2f24e},
	{K: 0x8ae1, O: 0x2f27f},
	{K: 0x8ae7, O: 0x2f2c1},
	{K: 0x8ae9, O: 0x2f2fc},
	{K: 0x8aea, O: 0x2f337},
	{K: 0x8aeb, O: 0x2f370},
	{K: 0x8aec, O: 0x2f3a8},
	{K: 0x8aee, O: 0x2f3e9},
	{K: 0x8aef, O: 0x2f41c},
	{K: 0x8af1, O: 0x2f44e},
	{K: 0x8afe, O: 0x2f472},
	{K: 0x8b0b, O: 0x2f4aa},
	{K: 0x8b0c, O: 0x2f4d1},
	{K: 0x8b0d, O: 0x2f513},
	{K: 0x8b1e, O: 0x2f54f},
	{K: 0x8b81, O: 0x2f590},
	{K: 0x8b82, O: 0x2f5c5},
	{K: 0x8b83, O: 0x2f603},
	{K: 0x8b84, O: 0x2f631},
	{K: 0x8b86, O: 0x2f665},
	{K: 0x8b87, O: 0x2f69b},
	{K: 0x8b8c, O: 0x2f6d2},
	{K: 0x8b8d, O: 0x2f70b},
	{K: 0x8b8e, O: 0x2f743},
	{K: 0x8b91, O: 0x2f778},
	{K: 0x8b93, O: 0x2f7a1},
	{K: 0x8b95, O: 0x2f7c1},
	{K: 0x8b96, O: 0x2f7ef},
	{K: 0x8b99, O: 0x2f81b},
	{K: 0x8b9b, O: 0x2f847},
	{K: 0x8b9d, O: 0x2f88b},
	{K: 0x8ba3, O: 0x2f8ba},
	{K: 0x8ba4, O: 0x2f8f1},
	{K: 0x8ba8, O: 0x2f90c},
	{K: 0x8bab, O: 0x2f92f},
	{K: 0x8bac, O: 0x2f94c},
	{K: 0x8bae, O: 0x2f97f},
	{K: 0x8bb0, O: 0x2f9bd},
	{K: 0x8bb2, O: 0x2f9ef},
	{K: 0x8bb3, O: 0x2fa0f},
	{K: 0x8bb5, O: 0x2fa3c},
	{K: 0x8bb9, O: 0x2fa70},
	{K: 0x8bba, O: 0x2faad},
	{K: 0x8bbb, O: 0x2fad1},
	{K: 0x8bbd, O: 0x2fae4},
	{K: 0x8bc3, O: 0x2fb1d},
	{K: 0x8bd7, O: 0x2fb57},
	{K: 0x8be5, O: 0x2fbca},
	{K: 0x8bec, O: 0x2fc07},
	{K: 0x8c0b, O: 0x2fc52},
	{K: 0x8c3c, O: 0x2fc84},
	{K: 0x8c44, O: 0x2fcae},
	{K: 0x8caa, O: 0x2fcd6},
	{K: 0x8cab, O: 0x2fd08},
	{K: 0x8cd7, O: 0x2fd3a},
	{K: 0x8cff, O: 0x2fd6c},
	{K: 0x8e09, O: 0x2fd91},
	{K: 0x8f29, O: 0x2fdbe},
	{K: 0x8f2b, O: 0x2fdfd},
	{K: 0x8f31, O: 0x2fe15},
	{K: 0x8f32, O: 0x2fe2a},
	{K: 0x8f33, O: 0x2fe64},
	{K: 0x8f35, O: 0x2fe9b},
	{K: 0x8f37, O: 0x2fed2},
	{K: 0x8f39, O: 0x2fee8},
	{K: 0x8f3b, O: 0x2ff0d},
	{K: 0x8f3d, O: 0x2ff44},
	{K: 0x8f3e, O: 0x2ff7b},
	{K: 0x8f43, O: 0x2ffb5},
	{K: 0x8f45, O: 0x2ffda},
	{K: 0x8f49, O: 0x30026},
	{K: 0x8f4a, O: 0x30052},
	{K: 0x8f4b, O: 0x30081},
	{K: 0x8f4d, O: 0x300c5},
	{K: 0x8f57, O: 0x3010f},
	{K: 0x8f58, O: 0x30149},
	{K: 0x8f59, O: 0x3018f},
	{K: 0x8f5b, O: 0x301b3},
	{K: 0x8f5f, O: 0x301d2},
	{K: 0x8f61, O: 0x301e9},
	{K: 0x8f62, O: 0x3022b},
	{K: 0x8f65, O: 0x3025b},
	{K: 0x8f68, O: 0x30294},
	{K: 0x8f6a, O: 0x302bf},
	{K: 0x8f6b, O: 0x302ed},
	{K: 0x8f6c, O: 0x3030e},
	{K: 0x8f70, O: 0x30340},
	{K: 0x8f75, O: 0x30364},
	{K: 0x8f76, O: 0x30386},
	{K: 0x8f7a, O: 0x303b9},
	{K: 0x8f7b, O: 0x30408},
	{K: 0x8f7c, O: 0x30454},
	{K: 0x8f7d, O: 0x30492},
	{K: 0x8f7e, O: 0x304ac},
	{K: 0x8f7f, O: 0x304de},
	{K: 0x8f80, O: 0x30523},
	{K: 0x8f84, O: 0x30563},
	{K: 0x8f86, O: 0x3058e},
	{K: 0x8f87, O: 0x305bf},
	{K: 0x8f8b, O: 0x305fa},
	{K: 0x8f8c, O: 0x3061d},
	{K: 0x8f8d, O: 0x30643},
	{K: 0x8f8f, O: 0x30672},
	{K: 0x8f91, O: 0x306a5},
	{K: 0x8f92, O: 0x306dd},
	{K: 0x8f93, O: 0x306ff},
	{K: 0x8f99, O: 0x30741},
	{K: 0x8f9b, O: 0x30768},
	{K: 0x8f9c, O: 0x307a1},
	{K: 0x8f9e, O: 0x307d2},
	{K: 0x8f9f, O: 0x3081a},
	{K: 0x8fa0, O: 0x30857},
	{K: 0x8fa1, O: 0x30887},
	{K: 0x8fa3, O: 0x308c7},
	{K: 0x8fa4, O: 0x308f5},
	{K: 0x8fa8, O: 0x30929},
	{K: 0x8fa9, O: 0x30942},
	{K: 0x8fad, O: 0x30969},
	{K: 0x8faf, O: 0x3098c},
	{K: 0x8fb2, O: 0x309be},
	{K: 0x8fbb, O: 0x309e4},
	{K: 0x8fbc, O: 0x30a0d},
	{K: 0x8fc5, O: 0x30a37},
	{K: 0x8fc8, O: 0x30a79},
	{K: 0x8fd1, O: 0x30aa9},
	{K: 0x8fda, O: 0x30acf},
	{K: 0x8fdf, O: 0x30b10},
	{K: 0x8fe2, O: 0x30b40},
	{K: 0x8fe6, O: 0x30b6b},
	{K: 0x8fe7, O: 0x30bb2},
	{K: 0x8fe9, O: 0x30bd4},
	{K: 0x8fea, O: 0x30bfc},
	{K: 0x8ff1, O: 0x30c2a},
	{K: 0x8ff3, O: 0x30c41},
	{K: 0x8ff7, O: 0x30c6d},
	{K: 0x8ffe, O: 0x30ca1},
	{K: 0x8fff, O: 0x30cbd},
	{K: 0x9004, O: 0x30ce4},
	{K: 0x9007, O: 0x30d03},
	{K: 0x900a, O: 0x30d31},
	{K: 0x900b, O: 0x30d50},
	{K: 0x900d, O: 0x30d6d},
	{K: 0x900e, O: 0x30d94},
	{K: 0x9015, O: 0x30db1},
	{K: 0x9017, O: 0x30dd0},
	{K: 0x901e, O: 0x30e00},
	{K: 0x9027, O: 0x30e28},
	{K: 0x902b, O: 0x30e62},
	{K: 0x9035, O: 0x30e91},
	{K: 0x903f, O: 0x30edf},
	{K: 0x9040, O: 0x30f24},
	{K: 0x906d, O: 0x30f72},
	{K: 0x9076, O: 0x30f9c},
	{K: 0x9077, O: 0x30fdb},
	{K: 0x907b, O: 0x3100f},
	{K: 0x907f, O: 0x3102f},
	{K: 0x9080, O: 0x3105f},
	{K: 0x9083, O: 0x31095},
	{K: 0x9087, O: 0x310c2},
	{K: 0x908b, O: 0x310f0},
	{K: 0x908f, O: 0x3110f},
	{K: 0x909a, O: 0x31134},
	{K: 0x909b, O: 0x31174},
	{K: 0x909f, O: 0x3119a},
	{K: 0x90a5, O: 0x311de},
	{K: 0x90a9, O: 0x31203},
	{K: 0x90b9, O: 0x31235},
	{K: 0x90be, O: 0x3124d},
	{K: 0x90bf, O: 0x3127a},
	{K: 0x90c0, O: 0x31296},
	{K: 0x90c3, O: 0x312c4},
	{K: 0x90c4, O: 0x312eb},
	{K: 0x90c7, O: 0x3130a},
	{K: 0x90cb, O: 0x31349},
	{K: 0x90cd, O: 0x31370},
	{K: 0x90d3, O: 0x31396},
	{K: 0x90e7, O: 0x313ab},
	{K: 0x90ee, O: 0x313ee},
	{K: 0x90ef, O: 0x31417},
	{K: 0x90f3, O: 0x3143d},
	{K: 0x90f5, O: 0x31465},
	{K: 0x90f8, O: 0x31499},
	{K: 0x90f9, O: 0x314c2},
	{K: 0x90fb, O: 0x314ed},
	{K: 0x90fd, O: 0x31522},
	{K: 0x90fe, O: 0x3156c},
	{K: 0x90ff, O: 0x315b3},
	{K: 0x9100, O: 0x315f3},
	{K: 0x9103, O: 0x31620},
	{K: 0x9107, O: 0x31668},
	{K: 0x910a, O: 0x31687},
	{K: 0x9111, O: 0x316c3},
	{K: 0x9117, O: 0x31708},
	{K: 0x9118, O: 0x3173f},
	{K: 0x9119, O: 0x31787},
	{K: 0x911f, O: 0x317b7},
	{K: 0x914e, O: 0x317eb},
	{K: 0x914f, O: 0x3180c},
	{K: 0x9152, O: 0x31832},
	{K: 0x9153, O: 0x31861},
	{K: 0x9154, O: 0x31892},
	{K: 0x9158, O: 0x318b3},
	{K: 0x9160, O: 0x318d4},
	{K: 0x91d6, O: 0x318fa},
	{K: 0x91d7, O: 0x3190e},
	{K: 0x9202, O: 0x31936},
	{K: 0x9203, O: 0x31952},
	{K: 0x9204, O: 0x31976},
	{K: 0x9205, O: 0x31994},
	{K: 0x9206, O: 0x319b1},
	{K: 0x9207, O: 0x319c3},
	{K: 0x9208, O: 0x31a0a},
	{K: 0x920b, O: 0x31a3f},
	{K: 0x920d, O: 0x31a78},
	{K: 0x920e, O: 0x31ab6},
	{K: 0x920f, O: 0x31ad7},
	{K: 0x9211, O: 0x31b19},
	{K: 0x9213, O: 0x31b56},
	{K: 0x9214, O: 0x31b99},
	{K: 0x9216, O: 0x31bd1},
	{K: 0x921b, O: 0x31c07},
	{K: 0x921f, O: 0x31c34},
	{K: 0x922a, O: 0x31c57},
	{K: 0x922d, O: 0x31c89},
	{K: 0x9232, O: 0x31cba},
	{K: 0x9237, O: 0x31cdf},
	{K: 0x9238, O: 0x31d03},
	{K: 0x9240, O: 0x31d2f},
	{K: 0x9243, O: 0x31d59},
	{K: 0x9249, O: 0x31d74},
	{K: 0x9251, O: 0x31d86},
	{K: 0x9257, O: 0x31dac},
	{K: 0x925b, O: 0x31ded},
	{K: 0x925f, O: 0x31e14},
	{K: 0x9263, O: 0x31e2e},
	{K: 0x926b, O: 0x31e51},
	{K: 0x926d, O: 0x31e77},
	{K: 0x926e, O: 0x31e89},
	{K: 0x9272, O: 0x31ece},
	{K: 0x927a, O: 0x31ef6},
	{K: 0x9285, O: 0x31f12},
	{K: 0x9286, O: 0x31f37},
	{K: 0x9289, O: 0x31f5b},
	{K: 0x9293, O: 0x31f91},
	{K: 0x9294, O: 0x31fb0},
	{K: 0x9298, O: 0x31ff6},
	{K: 0x929e, O: 0x32036},
	{K: 0x92b5, O: 0x3205c},
	{K: 0x92b6, O: 0x3206d},
	{K: 0x92b7, O: 0x32096},
	{K: 0x92b8, O: 0x320b5},
	{K: 0x92b9, O: 0x320dd},
	{K: 0x92bd, O: 0x3211c},
	{K: 0x92c1, O: 0x3212b},
	{K: 0x92c3, O: 0x32144},
	{K: 0x92c7, O: 0x3216f},
	{K: 0x9348, O: 0x321bc},
	{K: 0x93d6, O: 0x321f5},
	{K: 0x9443, O: 0x32215},
	{K: 0x9444, O: 0x3223d},
	{K: 0x9445, O: 0x32260},
	{K: 0x9447, O: 0x32280},
	{K: 0x9449, O: 0x3229f},
	{K: 0x944e, O: 0x322d7},
	{K: 0x9451, O: 0x3231b},
	{K: 0x9458, O: 0x3234e},
	{K: 0x9467, O: 0x32398},
	{K: 0x9469, O: 0x323b5},
	{K: 0x9472, O: 0x323df},
	{K: 0x9478, O: 0x323fd},
	{K: 0x947c, O: 0x3243a},
	{K: 0x948c, O: 0x32463},
	{K: 0x9494, O: 0x3249c},
	{K: 0x9495, O: 0x324c2},
	{K: 0x9499, O: 0x324e2},
	{K: 0x949c, O: 0x32515},
	{K: 0x94b1, O: 0x32539},
	{K: 0x94ba, O: 0x3255e},
	{K: 0x94d3, O: 0x3257e},
	{K: 0x94de, O: 0x325a2},
	{K: 0x94f6, O: 0x325cf},
	{K: 0x94fd, O: 0x32611},
	{K: 0x950e, O: 0x3264d},
	{K: 0x9520, O: 0x32668},
	{K: 0x9525, O: 0x326ac},
	{K: 0x9526, O: 0x326cf},
	{K: 0x953d, O: 0x326eb},
	{K: 0x957f, O: 0x32737},
	{K: 0x9581, O: 0x3276e},
	{K: 0x959c, O: 0x32790},
	{K: 0x95a4, O: 0x327b9},
	{K: 0x95a9, O: 0x327e3},
	{K: 0x95b4, O: 0x327fb},
	{K: 0x95b5, O: 0x32837},
	{K: 0x95b6, O: 0x32876},
	{K: 0x95b9, O: 0x328a1},
	{K: 0x95bb, O: 0x328e0},
	{K: 0x95bc, O: 0x32908},
	{K: 0x95c1, O: 0x3293e},
	{K: 0x95c2, O: 0x32974},
	{K: 0x95cf, O: 0x329b3},
	{K: 0x95d3, O: 0x329e2},
	{K: 0x95d4, O: 0x32a05},
	{K: 0x95d7, O: 0x32a35},
	{K: 0x95e3, O: 0x32a63},
	{K: 0x95e7, O: 0x32a99},
	{K: 0x95f2, O: 0x32ad5},
	{K: 0x95f3, O: 0x32b11},
	{K: 0x95f4, O: 0x32b4b},
	{K: 0x95f5, O: 0x32b87},
	{K: 0x95fc, O: 0x32bc5},
	{K: 0x9601, O: 0x32c01},
	{K: 0x9604, O: 0x32c49},
	{K: 0x9605, O: 0x32c83},
	{K: 0x9608, O: 0x32c9e},
	{K: 0x9609, O: 0x32cd2},
	{K: 0x9616, O: 0x32d06},
	{K: 0x961a, O: 0x32d30},
	{K: 0x961b, O: 0x32d3f},
	{K: 0x961c, O: 0x32d7b},
	{K: 0x9620, O: 0x32dbe},
	{K: 0x9621, O: 0x32dfa},
	{K: 0x9628, O: 0x32e43},
	{K: 0x9629, O: 0x32e79},
	{K: 0x962a, O: 0x32e9b},
	{K: 0x962e, O: 0x32ebd},
	{K: 0x96a6, O: 0x32f03},
	{K: 0x96a8, O: 0x32f39},
	{K: 0x96aa, O: 0x32f63},
	{K: 0x96b0, O: 0x32f79},
	{K: 0x96b7, O: 0x32fa0},
	{K: 0x96ba, O: 0x32fbf},
	{K: 0x96cb, O: 0x32fee},
	{K: 0x96cc, O: 0x33004},
	{K: 0x96ce, O: 0x3304b},
	{K: 0x96cf, O: 0x33081},
	{K: 0x96d6, O: 0x3309f},
	{K: 0x96d7, O: 0x330df},
	{K: 0x96d9, O: 0x330ff},
	{K: 0x96e2, O: 0x33132},
	{K: 0x9750, O: 0x33161},
	{K: 0x9751, O: 0x33182},
	{K: 0x9752, O: 0x331b3},
	{K: 0x9753, O: 0x331ff},
	{K: 0x9754, O: 0x33225},
	{K: 0x9756, O: 0x3323f},
	{K: 0x9757, O: 0x33261},
	{K: 0x9758, O: 0x33285},
	{K: 0x9760, O: 0x332af},
	{K: 0x9779, O: 0x332eb},
	{K: 0x9799, O: 0x3331f},
	{K: 0x97a2, O: 0x33354},
	{K: 0x97a3, O: 0x33390},
	{K: 0x97c6, O: 0x333d6},
	{K: 0x980e, O: 0x333f2},
	{K: 0x9823, O: 0x33415},
	{K: 0x98b6, O: 0x33442},
	{K: 0x98c2, O: 0x3347a},
	{K: 0x98da, O: 0x334a0},
	{K: 0x9949, O: 0x334ce},
	{K: 0x994a, O: 0x334f1},
	{K: 0x994c, O: 0x3351f},
	{K: 0x9982, O: 0x33544},
	{K: 0x9995, O: 0x3357a},
	{K: 0x99af, O: 0x33598},
	{K: 0x99b1, O: 0x335c7},
	{K: 0x99b2, O: 0x335ec},
	{K: 0x99b7, O: 0x33611},
	{K: 0x99cb, O: 0x3363d},
	{K: 0x99cd, O: 0x3366e},
	{K: 0x99d2, O: 0x3369d},
	{K: 0x9a45, O: 0x336c5},
	{K: 0x9a46, O: 0x336f1},
	{K: 0x9a49, O: 0x33724},
	{K: 0x9a4a, O: 0x33759},
	{K: 0x9a4b, O: 0x3378a},
	{K: 0x9a52, O: 0x337a6},
	{K: 0x9a59, O: 0x337c7},
	{K: 0x9a5a, O: 0x337f7},
	{K: 0x9a8d, O: 0x3381b},
	{K: 0x9a9c, O: 0x33847},
	{K: 0x9ac0, O: 0x33866},
	{K: 0x9ac1, O: 0x33896},
	{K: 0x9acb, O: 0x338d2},
	{K: 0x9ade, O: 0x338f9},
	{K: 0x9af3, O: 0x33947},
	{K: 0x9b14, O: 0x33975},
	{K: 0x9b15, O: 0x33996},
	{K: 0x9b1d, O: 0x339c7},
	{K: 0x9b21, O: 0x339e2},
	{K: 0x9b22, O: 0x33a09},
	{K: 0x9b23, O: 0x33a30},
	{K: 0x9c19, O: 0x33a58},
	{K: 0x9c1a, O: 0x33a79},
	{K: 0x9c1b, O: 0x33a8b},
	{K: 0x9c1c, O: 0x33ad1},
	{K: 0x9c1d, O: 0x33b0e},
	{K: 0x9c1e, O: 0x33b43},
	{K: 0x9c1f, O: 0x33b5d},
	{K: 0x9c21, O: 0x33b79},
	{K: 0x9c31, O: 0x33b8e},
	{K: 0x9c5c, O: 0x33bb7},
	{K: 0x9c7b, O: 0x33bd9},
	{K: 0x9ce9, O: 0x33bf3},
	{K: 0x9d36, O: 0x33c1d},
	{K: 0x9d59, O: 0x33c53},
	{K: 0x9d5d, O: 0x33c74},
	{K: 0x9d60, O: 0x33ca8},
	{K: 0x9d65, O: 0x33cc8},
	{K: 0x9dc9, O: 0x33ce4},
	{K: 0x9dd2, O: 0x33d0f},
	{K: 0x9dd3, O: 0x33d3e},
	{K: 0x9dd6, O: 0x33d63},
	{K: 0x9de5, O: 0x33d8b},
	{K: 0x9e58, O: 0x33db5},
	{K: 0x9e59, O: 0x33de6},
	{K: 0x9e5b, O: 0x33e2e},
	{K: 0x9e5c, O: 0x33e4d},
	{K: 0x9e5d, O: 0x33e8b},
	{K: 0x9e5e, O: 0x33ecf},
	{K: 0x9e61, O: 0x33f0b},
	{K: 0x9e63, O: 0x33f37},
	{K: 0x9e65, O: 0x33f66},
	{K: 0x9e67, O: 0x33f86},
	{K: 0x9e68, O: 0x33fc1},
	{K: 0x9e69, O: 0x34000},
	{K: 0x9e6b, O: 0x34026},
	{K: 0x9e6c, O: 0x34049},
	{K: 0x9e6d, O: 0x34091},
	{K: 0x9e6e, O: 0x340d0},
	{K: 0x9e6f, O: 0x34106},
	{K: 0x9e71, O: 0x3413d},
	{K: 0x9e73, O: 0x34169},
	{K: 0x9e75, O: 0x3419f},
	{K: 0x9e76, O: 0x341d3},
	{K: 0x9e77, O: 0x341fc},
	{K: 0x9e78, O: 0x34228},
	{K: 0x9e79, O: 0x3425c},
	{K: 0x9e80, O: 0x34288},
	{K: 0x9e86, O: 0x342aa},
	{K: 0x9e87, O: 0x342d0},
	{K: 0x9e8b, O: 0x34317},
	{K: 0x9e8d, O: 0x34343},
	{K: 0x9e90, O: 0x3438a},
	{K: 0x9e91, O: 0x343c4},
	{K: 0x9e95, O: 0x343ef},
	{K: 0x9e98, O: 0x3441b},
	{K: 0x9eaf, O: 0x34452},
	{K: 0x9eb4, O: 0x3447e},
	{K: 0x9ecf, O: 0x344a2},
	{K: 0x9ed9, O: 0x344e3},
	{K: 0x9f0d, O: 0x34502},
	{K: 0x9f0e, O: 0x34532},
	{K: 0x9f0f, O: 0x3457b},
	{K: 0x9f10, O: 0x345ab},
	{K: 0x9f11, O: 0x345e8},
	{K: 0x9f12, O: 0x3461f},
	{K: 0x9f13, O: 0x34669},
	{K: 0x9f14, O: 0x34690},
	{K: 0x9f15, O: 0x346c8},
	{K: 0x9f16, O: 0x346e7},
	{K: 0x9f1a, O: 0x34731},
	{K: 0x9f1c, O: 0x3475e},
	{K: 0x9f1d, O: 0x347a4},
	{K: 0x9f20, O: 0x347c9},
	{K: 0x9f22, O: 0x347e6},
	{K: 0x9f23, O: 0x3481d},
	{K: 0x9f29, O: 0x34851},
	{K: 0x9f2c, O: 0x34882},
	{K: 0x9f2d, O: 0x348af},
	{K: 0x9f31, O: 0x348e1},
	{K: 0x9f32, O: 0x34919},
	{K: 0x9f33, O: 0x3494a},
	{K: 0x9f34, O: 0x34971},
	{K: 0x9f35, O: 0x349ae},
	{K: 0x9f36, O: 0x349f0},
	{K: 0x9f37, O: 0x34a37},
	{K: 0x9f38, O: 0x34a74},
	{K: 0x9f39, O: 0x34abb},
	{K: 0x9f3a, O: 0x34ae6},
	{K: 0x9f45, O: 0x34b21},
	{K: 0x9f46, O: 0x34b4f},
	{K: 0x9f47, O: 0x34b76},
	{K: 0x9f4d, O: 0x34b9a},
	{K: 0x9f4e, O: 0x34bbb},
	{K: 0x9f50, O: 0x34be1},
	{K: 0x9f51, O: 0x34c19},
	{K: 0x9f52, O: 0x34c42},
	{K: 0x9f55, O: 0x34c6a},
	{K: 0x9f5a, O: 0x34c91},
	{K: 0x9f5b, O: 0x34cd5},
	{K: 0x9f5c, O: 0x34d04},
	{K: 0x9f6f, O: 0x34d18},
	{K: 0x9f75, O: 0x34d62},
	{K: 0x9f9d, O: 0x34d8a},
	{K: 0x9f9e, O: 0x34dab},
	{K: 0x9fa0, O: 0x34dcc},
	{K: 0x9fb7, O: 0x34ddd},
	{K: 0x9fbc, O: 0x34dfa},
	{K: 0x9fbe, O: 0x34e20},
	{K: 0x9fc1, O: 0x34e31},
	{K: 0x9fc2, O: 0x34e53},
	{K: 0x9fc8, O: 0x34e72},
	{K: 0x9fcd, O: 0x34e91},
	{K: 0x9fd4, O: 0x34ebd},
	{K: 0x9fe8, O: 0x34ee3},
	{K: 0x9fee, O: 0x34f0f},
	{K: 0x9ff4, O: 0x34f48},
	{K: 0xa002, O: 0x34f63},
	{K: 0xa00b, O: 0x34f96},
	{K: 0xa00c, O: 0x34fd7},
	{K: 0xa015, O: 0x3500a},
	{K: 0xa016, O: 0x35033},
	{K: 0xa01c, O: 0x3505c},
	{K: 0xa024, O: 0x3508d},
	{K: 0xa025, O: 0x350ad},
	{K: 0xa026, O: 0x350da},
	{K: 0xa028, O: 0x35102},
	{K: 0xa029, O: 0x35121},
	{K: 0xa02d, O: 0x35150},
	{K: 0xa02e, O: 0x3517c},
	{K: 0xa030, O: 0x351ad},
	{K: 0xa031, O: 0x351d3},
	{K: 0xa037, O: 0x351e9},
	{K: 0xa03a, O: 0x35213},
	{K: 0xa03c, O: 0x3523c},
	{K: 0xa040, O: 0x35269},
	{K: 0xa04b, O: 0x352ae},
	{K: 0xa077, O: 0x352db},
	{K: 0xa088, O: 0x35301},
	{K: 0xa089, O: 0x35325},
	{K: 0xa090, O: 0x3533e},
	{K: 0xa095, O: 0x35358},
	{K: 0xa096, O: 0x3537c},
	{K: 0xa0bd, O: 0x353b9},
	{K: 0xa0bf, O: 0x353e0},
	{K: 0xa0c3, O: 0x35407},
	{K: 0xa0c8, O: 0x3542e},
	{K: 0xa0d1, O: 0x3545d},
	{K: 0xa0dc, O: 0x3547a},
	{K: 0xa0e1, O: 0x3548c},
	{K: 0xa0e5, O: 0x3549e},
	{K: 0xa0e6, O: 0x354e1},
	{K: 0xa0e7, O: 0x3551c},
	{K: 0xa0e8, O: 0x3554d},
	{K: 0xa0e9, O: 0x35580},
	{K: 0xa0ea, O: 0x35593},
	{K: 0xa0eb, O: 0x355dc},
	{K: 0xa0ec, O: 0x3560b},
	{K: 0xa0ed, O: 0x3563e},
	{K: 0xa0ee, O: 0x3566c},
	{K: 0xa0ef, O: 0x356a8},
	{K: 0xa0f0, O: 0x356d9},
	{K: 0xa0f1, O: 0x35701},
	{K: 0xa0f3, O: 0x35729},
	{K: 0xa0f4, O: 0x35751},
	{K: 0xa0f5, O: 0x35780},
	{K: 0xa0fb, O: 0x357ab},
	{K: 0xa0fc, O: 0x357d1},
	{K: 0xa101, O: 0x357f0},
	{K: 0xa102, O: 0x3582d},
	{K: 0xa105, O: 0x35857},
	{K: 0xa107, O: 0x35882},
	{K: 0xa10a, O: 0x358c4},
	{K: 0xa10b, O: 0x358f9},
	{K: 0xa10e, O: 0x3593d},
	{K: 0xa10f, O: 0x3596b},
	{K: 0xa110, O: 0x35999},
	{K: 0xa111, O: 0x359dc},
	{K: 0xa115, O: 0x35a1d},
	{K: 0xa119, O: 0x35a5b},
	{K: 0xa11a, O: 0x35aa3},
	{K: 0xa11d, O: 0x35add},
	{K: 0xa11f, O: 0x35b08},
	{K: 0xa121, O: 0x35b2b},
	{K: 0xa122, O: 0x35b79},
	{K: 0xa123, O: 0x35bb3},
	{K: 0xa14d, O: 0x35be7},
	{K: 0xa151, O: 0x35c0c},
	{K: 0xa155, O: 0x35c32},
	{K: 0xa158, O: 0x35c54},
	{K: 0xa159, O: 0x35c7d},
	{K: 0xa15c, O: 0x35cb3},
	{K: 0xa16c, O: 0x35cd6},
	{K: 0xa17a, O: 0x35cf3},
	{K: 0xa17f, O: 0x35d20},
	{K: 0xa185, O: 0x35d4b},
	{K: 0xa18f, O: 0x35d6d},
	{K: 0xa190, O: 0x35d8c},
	{K: 0xa195, O: 0x35da9},
	{K: 0xa198, O: 0x35dee},
	{K: 0xa199, O: 0x35e11},
	{K: 0xa1a2, O: 0x35e34},
	{K: 0xa1a3, O: 0x35e5e},
	{K: 0xa1a8, O: 0x35e87},
	{K: 0xa1b2, O: 0x35eaf},
	{K: 0xa1b6, O: 0x35ed2},
	{K: 0xa1b9, O: 0x35ef2},
	{K: 0xa1bf, O: 0x35f20},
	{K: 0xa1c4, O: 0x35f3b},
	{K: 0xa1c7, O: 0x35f63},
	{K: 0xa1cb, O: 0x35f8a},
	{K: 0xa1d4, O: 0x35fb7},
	{K: 0xa1de, O: 0x36003},
	{K: 0xa204, O: 0x3602f},
	{K: 0xa206, O: 0x3605b},
	{K: 0xa208, O: 0x36087},
	{K: 0xa209, O: 0x360b3},
	{K: 0xa20a, O: 0x360f5},
	{K: 0xa20b, O: 0x36127},
	{K: 0xa20c, O: 0x36161},
	{K: 0xa20d, O: 0x36195},
	{K: 0xa20e, O: 0x361d2},
	{K: 0xa215, O: 0x3620d},
	{K: 0xa21c, O: 0x36238},
	{K: 0xa21d, O: 0x3626f},
	{K: 0xa21f, O: 0x36298},
	{K: 0xa224, O: 0x362cf},
	{K: 0xa225, O: 0x362f3},
	{K: 0xa226, O: 0x36317},
	{K: 0xa227, O: 0x3633b},
	{K: 0xa228, O: 0x3635f},
	{K: 0xa22e, O: 0x36383},
	{K: 0xa231, O: 0x363a9},
	{K: 0xa232, O: 0x363d3},
	{K: 0xa233, O: 0x363f4},
	{K: 0xa234, O: 0x36415},
	{K: 0xa235, O: 0x36436},
	{K: 0xa238, O: 0x36465},
	{K: 0xa239, O: 0x36493},
	{K: 0xa23a, O: 0x364b7},
	{K: 0xa23b, O: 0x364db},
	{K: 0xa23d, O: 0x3650a},
	{K: 0xa23f, O: 0x3652e},
	{K: 0xa241, O: 0x36552},
	{K: 0xa243, O: 0x36577},
	{K: 0xa244, O: 0x3659b},
	{K: 0xa245, O: 0x365cc},
	{K: 0xa246, O: 0x365fb},
	{K: 0xa247, O: 0x3662c},
	{K: 0xa255, O: 0x3665d},
	{K: 0xa268, O: 0x3667c},
	{K: 0xa269, O: 0x366ad},
	{K: 0xa26a, O: 0x366dc},
	{K: 0xa26b, O: 0x3670d},
	{K: 0xa353, O: 0x3673e},
	{K: 0xa369, O: 0x36763},
	{K: 0xa36a, O: 0x36797},
	{K: 0xa372, O: 0x367c1},
	{K: 0xa373, O: 0x367f2},
	{K: 0xa374, O: 0x36833},
	{K: 0xa375, O: 0x36873},
	{K: 0xa376, O: 0x368af},
	{K: 0xa377, O: 0x368e3},
	{K: 0xa378, O: 0x3691a},
	{K: 0xa379, O: 0x36961},
	{K: 0xa37b, O: 0x36982},
	{K: 0xa37c, O: 0x369a2},
	{K: 0xa37d, O: 0x369c2},
	{K: 0xa37e, O: 0x36a0a},
	{K: 0xa37f, O: 0x36a24},
	{K: 0xa381, O: 0x36a4b},
	{K: 0xa385, O: 0x36a91},
	{K: 0xa386, O: 0x36abf},
	{K: 0xa387, O: 0x36af3},
	{K: 0xa388, O: 0x36b30},
	{K: 0xa38a, O: 0x36b6e},
	{K: 0xa38c, O: 0x36b9c},
	{K: 0xa38d, O: 0x36bd5},
	{K: 0xa38e, O: 0x36c19},
	{K: 0xa38f, O: 0x36c49},
	{K: 0xa390, O: 0x36c8d},
	{K: 0xa391, O: 0x36cd1},
	{K: 0xa392, O: 0x36d1e},
	{K: 0xa393, O: 0x36d60},
	{K: 0xa394, O: 0x36d94},
	{K: 0xa396, O: 0x36dc6},
	{K: 0xa397, O: 0x36e0e},
	{K: 0xa398, O: 0x36e48},
	{K: 0xa399, O: 0x36e80},
	{K: 0xa39a, O: 0x36eaf},
	{K: 0xa39b, O: 0x36ef5},
	{K: 0xa39c, O: 0x36f22},
	{K: 0xa39d, O: 0x36f49},
	{K: 0xa39e, O: 0x36f86},
	{K: 0xa39f, O: 0x36fb2},
	{K: 0xa3a0, O: 0x36fe6},
	{K: 0xa3a1, O: 0x37027},
	{K: 0xa3a2, O: 0x3706c},
	{K: 0xa3a3, O: 0x370aa},
	{K: 0xa3a5, O: 0x370e0},
	{K: 0xa3a7, O: 0x37118},
	{K: 0xa3a8, O: 0x37142},
	{K: 0xa3a9, O: 0x3718d},
	{K: 0xa3aa, O: 0x371bf},
	{K: 0xa3ab, O: 0x371e7},
	{K: 0xa3ac, O: 0x3720d},
	{K: 0xa3ad, O: 0x3724f},
	{K: 0xa3ae, O: 0x3729c},
	{K: 0xa3af, O: 0x372e9},
	{K: 0xa3b3, O: 0x3732b},
	{K: 0xa3ba, O: 0x37360},
	{K: 0xa3bb, O: 0x37393},
	{K: 0xa3bc, O: 0x373b6},
	{K: 0xa3bd, O: 0x373d2},
	{K: 0xa3be, O: 0x37419},
	{K: 0xa3c1, O: 0x37448},
	{K: 0xa3c3, O: 0x37477},
	{K: 0xa3c5, O: 0x374b9},
	{K: 0xa3c6, O: 0x374f2},
	{K: 0xa3c7, O: 0x37523},
	{K: 0xa3c8, O: 0x37560},
	{K: 0xa3cb, O: 0x37589},
	{K: 0xa3cc, O: 0x375b5},
	{K: 0xa3cd, O: 0x375e3},
	{K: 0xa3d4, O: 0x37612},
	{K: 0xa3d5, O: 0x37656},
	{K: 0xa3d6, O: 0x376a0},
	{K: 0xa3d7, O: 0x376e4},
	{K: 0xa3d8, O: 0x3772b},
	{K: 0xa3d9, O: 0x37762},
	{K: 0xa3da, O: 0x37795},
	{K: 0xa3db, O: 0x377c6},
	{K: 0xa3dc, O: 0x377f6},
	{K: 0xa3de, O: 0x37829},
	{K: 0xa3df, O: 0x37866},
	{K: 0xa3e0, O: 0x378a3},
	{K: 0xa3e1, O: 0x378e8},
	{K: 0xa3e2, O: 0x3792d},
	{K: 0xa3e3, O: 0x3796b},
	{K: 0xa3e4, O: 0x379a5},
	{K: 0xa3e5, O: 0x379d7},
	{K: 0xa3e7, O: 0x37a0d},
	{K: 0xa3e8, O: 0x37a51},
	{K: 0xa3e9, O: 0x37a7d},
	{K: 0xa3ea, O: 0x37ab2},
	{K: 0xa3eb, O: 0x37af2},
	{K: 0xa3ed, O: 0x37b19},
	{K: 0xa3ef, O: 0x37b49},
	{K: 0xa3f0, O: 0x37b7b},
	{K: 0xa3f1, O: 0x37bac},
	{K: 0xa3f2, O: 0x37bd7},
	{K: 0xa3f3, O: 0x37c1a},
	{K: 0xa3f4, O: 0x37c4d},
	{K: 0xa3f5, O: 0x37c80},
	{K: 0xa3f6, O: 0x37cb1},
	{K: 0xa3f7, O: 0x37ce3},
	{K: 0xa3f9, O: 0x37d2a},
	{K: 0xa3fa, O: 0x37d4b},
	{K: 0xa3fb, O: 0x37d66},
	{K: 0xa3fc, O: 0x37d9a},
	{K: 0xa3fd, O: 0x37dca},
	{K: 0xa402, O: 0x37de6},
	{K: 0xa403, O: 0x37e1f},
	{K: 0xa404, O: 0x37e4f},
	{K: 0xa405, O: 0x37e8b},
	{K: 0xa406, O: 0x37ec6},
	{K: 0xa407, O: 0x37ef2},
	{K: 0xa408, O: 0x37f2c},
	{K: 0xa409, O: 0x37f4d},
	{K: 0xa40b, O: 0x37f6d},
	{K: 0xa40c, O: 0x37f9b},
	{K: 0xa40d, O: 0x37fc3},
	{K: 0xa40e, O: 0x37fe2},
	{K: 0xa40f, O: 0x38012},
	{K: 0xa411, O: 0x38033},
	{K: 0xa413, O: 0x3807a},
	{K: 0xa414, O: 0x380aa},
	{K: 0xa415, O: 0x380c8},
	{K: 0xa416, O: 0x3810d},
	{K: 0xa417, O: 0x38126},
	{K: 0xa418, O: 0x38158},
	{K: 0xa41b, O: 0x38180},
	{K: 0xa41c, O: 0x381af},
	{K: 0xa41d, O: 0x381e9},
	{K: 0xa41e, O: 0x38223},
	{K: 0xa41f, O: 0x38244},
	{K: 0xa420, O: 0x38265},
	{K: 0xa421, O: 0x38286},
	{K: 0xa422, O: 0x382a7},
	{K: 0xa423, O: 0x382c8},
	{K: 0xa424, O: 0x382e9},
	{K: 0xa426, O: 0x3830a},
	{K: 0xa427, O: 0x3833e},
	{K: 0xa428, O: 0x38381},
	{K: 0xa429, O: 0x383b3},
	{K: 0xa42a, O: 0x383db},
	{K: 0xa42b, O: 0x38413},
	{K: 0xa42c, O: 0x3843f},
	{K: 0xa431, O: 0x38471},
	{K: 0xa433, O: 0x384ae},
	{K: 0xa435, O: 0x384e8},
	{K: 0xa437, O: 0x3851f},
	{K: 0xa439, O: 0x3853c},
	{K: 0xa43c, O: 0x38569},
	{K: 0xa43d, O: 0x385a9},
	{K: 0xa440, O: 0x385e0},
	{K: 0xa443, O: 0x38601},
	{K: 0xa44a, O: 0x38630},
	{K: 0xa44b, O: 0x3866b},
	{K: 0xa44c, O: 0x3868c},
	{K: 0xa44e, O: 0x386d3},
	{K: 0xa44f, O: 0x386fc},
	{K: 0xa450, O: 0x38715},
	{K: 0xa453, O: 0x3874e},
	{K: 0xa455, O: 0x38777},
	{K: 0xa456, O: 0x387be},
	{K: 0xa45b, O: 0x387dc},
	{K: 0xa45c, O: 0x38800},
	{K: 0xa45e, O: 0x38829},
	{K: 0xa461, O: 0x38850},
	{K: 0xa464, O: 0x3886b},
	{K: 0xa465, O: 0x388a3},
	{K: 0xa466, O: 0x388c5},
	{K: 0xa467, O: 0x388e8},
	{K: 0xa468, O: 0x3890e},
	{K: 0xa469, O: 0x38943},
	{K: 0xa46a, O: 0x38966},
	{K: 0xa46b, O: 0x38990},
	{K: 0xa46e, O: 0x389c6},
	{K: 0xa46f, O: 0x38a0e},
	{K: 0xa470, O: 0x38a47},
	{K: 0xa471, O: 0x38a7d},
	{K: 0xa472, O: 0x38aac},
	{K: 0xa473, O: 0x38ae6},
	{K: 0xa474, O: 0x38b2b},
	{K: 0xa475, O: 0x38b5d},
	{K: 0xa477, O: 0x38b9f},
	{K: 0xa478, O: 0x38bc0},
	{K: 0xa479, O: 0x38be7},
	{K: 0xa47a, O: 0x38c0b},
	{K: 0xa47b, O: 0x38c41},
	{K: 0xa47f, O: 0x38c86},
	{K: 0xa480, O: 0x38cca},
	{K: 0xa481, O: 0x38d17},
	{K: 0xa482, O: 0x38d44},
	{K: 0xa483, O: 0x38d6a},
	{K: 0xa484, O: 0x38d97},
	{K: 0xa485, O: 0x38db1},
	{K: 0xa486, O: 0x38dcc},
	{K: 0xa487, O: 0x38df3},
	{K: 0xa4b6, O: 0x38e21},
	{K: 0xa4b7, O: 0x38e3f},
	{K: 0xa4b8, O: 0x38e82},
	{K: 0xa4b9, O: 0x38ea0},
	{K: 0xa4ba, O: 0x38ebd},
	{K: 0xa4bd, O: 0x38ef7},
	{K: 0xa4bf, O: 0x38f2b},
	{K: 0xa4c2, O: 0x38f4f},
	{K: 0xa4c7, O: 0x38f83},
	{K: 0xa4c8, O: 0x38fb7},
	{K: 0xa4c9, O: 0x38ffb},
	{K: 0xa4ca, O: 0x3901c},
	{K: 0xa4cb, O: 0x39043},
	{K: 0xa4d0, O: 0x39084},
	{K: 0xa4d1, O: 0x390c6},
	{K: 0xa4d2, O: 0x390f1},
	{K: 0xa4d3, O: 0x39115},
	{K: 0xa4d4, O: 0x39141},
	{K: 0xa4d5, O: 0x3916a},
	{K: 0xa4d6, O: 0x3918d},
	{K: 0xa4d7, O: 0x391b9},
	{K: 0xa4d8, O: 0x391dd},
	{K: 0xa4da, O: 0x39207},
	{K: 0xa4db, O: 0x3922e},
	{K: 0xa4dc, O: 0x39260},
	{K: 0xa4dd, O: 0x39299},
	{K: 0xa4de, O: 0x392d9},
	{K: 0xa4df, O: 0x39305},
	{K: 0xa4e0, O: 0x39341},
	{K: 0xa4e1, O: 0x39363},
	{K: 0xa4e3, O: 0x3939b},
	{K: 0xa4e4, O: 0x393ca},
	{K: 0xa4e5, O: 0x39419},
	{K: 0xa4e6, O: 0x39461},
	{K: 0xa4e7, O: 0x39493},
	{K: 0xa4e9, O: 0x394c5},
	{K: 0xa4eb, O: 0x394fc},
	{K: 0xa4ec, O: 0x3953d},
	{K: 0xa4ed, O: 0x39575},
	{K: 0xa4ee, O: 0x395a7},
	{K: 0xa4ef, O: 0x395d7},
	{K: 0xa4f0, O: 0x39615},
	{K: 0xa4f1, O: 0x39647},
	{K: 0xa4f2, O: 0x39674},
	{K: 0xa4f3, O: 0x396aa},
	{K: 0xa4fe, O: 0x396cb},
	{K: 0xa4ff, O: 0x396f5},
	{K: 0xa500, O: 0x3973d},
	{K: 0xa501, O: 0x39762},
	{K: 0xa502, O: 0x397a6},
	{K: 0xa503, O: 0x397d5},
	{K: 0xa504, O: 0x39800},
	{K: 0xa505, O: 0x39847},
	{K: 0xa50a, O: 0x39888},
	{K: 0xa50d, O: 0x398b1},
	{K: 0xa511, O: 0x398cc},
	{K: 0xa512, O: 0x398f8},
	{K: 0xa513, O: 0x39910},
	{K: 0xa515, O: 0x3993a},
	{K: 0xa516, O: 0x39962},
	{K: 0xa519, O: 0x39989},
	{K: 0xa51a, O: 0x399b6},
	{K: 0xa522, O: 0x399e4},
	{K: 0xa523, O: 0x39a2e},
	{K: 0xa524, O: 0x39a57},
	{K: 0xa525, O: 0x39a9d},
	{K: 0xa526, O: 0x39ad5},
	{K: 0xa527, O: 0x39b05},
	{K: 0xa528, O: 0x39b49},
	{K: 0xa529, O: 0x39b6b},
	{K: 0xa52b, O: 0x39b9f},
	{K: 0xa52c, O: 0x39bca},
	{K: 0xa52d, O: 0x39bef},
	{K: 0xa52e, O: 0x39c24},
	{K: 0xa52f, O: 0x39c6a},
	{K: 0xa530, O: 0x39c9d},
	{K: 0xa531, O: 0x39cc8},
	{K: 0xa533, O: 0x39cfd},
	{K: 0xa534, O: 0x39d2a},
	{K: 0xa535, O: 0x39d57},
	{K: 0xa536, O: 0x39d91},
	{K: 0xa537, O: 0x39dae},
	{K: 0xa538, O: 0x39df6},
	{K: 0xa539, O: 0x39e39},
	{K: 0xa53a, O: 0x39e5e},
	{K: 0xa53b, O: 0x39e7e},
	{K: 0xa546, O: 0x39ec1},
	{K: 0xa548, O: 0x39ee5},
	{K: 0xa54a, O: 0x39f16},
	{K: 0xa54b, O: 0x39f4b},
	{K: 0xa54c, O: 0x39f6a},
	{K: 0xa54d, O: 0x39f8b},
	{K: 0xa557, O: 0x39fcb},
	{K: 0xa559, O: 0x3a005},
	{K: 0xa56e, O: 0x3a040},
	{K: 0xa575, O: 0x3a06c},
	{K: 0xa57f, O: 0x3a090},
	{K: 0xa584, O: 0x3a0b8},
	{K: 0xa585, O: 0x3a0fc},
	{K: 0xa58e, O: 0x3a144},
	{K: 0xa58f, O: 0x3a184},
	{K: 0xa594, O: 0x3a1a4},
	{K: 0xa599, O: 0x3a1ca},
	{K: 0xa59a, O: 0x3a1f1},
	{K: 0xa59d, O: 0x3a221},
	{K: 0xa59f, O: 0x3a24a},
	{K: 0xa5a2, O: 0x3a283},
	{K: 0xa5cc, O: 0x3a2cf},
	{K: 0xa5d6, O: 0x3a306},
	{K: 0xa5d7, O: 0x3a33e},
	{K: 0xa5d9, O: 0x3a361},
	{K: 0xa5da, O: 0x3a392},
	{K: 0xa5df, O: 0x3a3d7},
	{K: 0xa5e2, O: 0x3a3fc},
	{K: 0xa5e5, O: 0x3a439},
	{K: 0xa5eb, O: 0x3a46e},
	{K: 0xa5f0, O: 0x3a4af},
	{K: 0xa5f1, O: 0x3a4d5},
	{K: 0xa5f2, O: 0x3a4ff},
	{K: 0xa5f3, O: 0x3a530},
	{K: 0xa5f4, O: 0x3a555},
	{K: 0xa5f5, O: 0x3a57c},
	{K: 0xa5f6, O: 0x3a59f},
	{K: 0xa5f7, O: 0x3a5bd},
	{K: 0xa5f8, O: 0x3a5de},
	{K: 0xa5fa, O: 0x3a613},
	{K: 0xa5fb, O: 0x3a63e},
	{K: 0xa5fc, O: 0x3a668},
	{K: 0xa5fd, O: 0x3a6ac},
	{K: 0xa5fe, O: 0x3a6de},
	{K: 0xa5ff, O: 0x3a71a},
	{K: 0xa600, O: 0x3a736},
	{K: 0xa601, O: 0x3a76e},
	{K: 0xa603, O: 0x3a7b0},
	{K: 0xa604, O: 0x3a7ef},
	{K: 0xa605, O: 0x3a81f},
	{K: 0xa606, O: 0x3a863},
	{K: 0xa607, O: 0x3a8a4},
	{K: 0xa609, O: 0x3a8df},
	{K: 0xa60b, O: 0x3a91e},
	{K: 0xa60c, O: 0x3a963},
	{K: 0xa60d, O: 0x3a990},
	{K: 0xa60e, O: 0x3a9cc},
	{K: 0xa60f, O: 0x3aa06},
	{K: 0xa610, O: 0x3aa34},
	{K: 0xa611, O: 0x3aa66},
	{K: 0xa612, O: 0x3aaaa},
	{K: 0xa613, O: 0x3aace},
	{K: 0xa617, O: 0x3ab03},
	{K: 0xa61e, O: 0x3ab26},
	{K: 0xa61f, O: 0x3ab4e},
	{K: 0xa620, O: 0x3ab7d},
	{K: 0xa621, O: 0x3abbe},
	{K: 0xa622, O: 0x3abf8},
	{K: 0xa623, O: 0x3ac27},
	{K: 0xa624, O: 0x3ac69},
	{K: 0xa625, O: 0x3acac},
	{K: 0xa627, O: 0x3acd0},
	{K: 0xa628, O: 0x3acf4},
	{K: 0xa62d, O: 0x3ad25},
	{K: 0xa62f, O: 0x3ad57},
	{K: 0xa630, O: 0x3ad94},
	{K: 0xa631, O: 0x3adc8},
	{K: 0xa632, O: 0x3adf5},
	{K: 0xa633, O: 0x3ae20},
	{K: 0xa634, O: 0x3ae47},
	{K: 0xa635, O: 0x3ae87},
	{K: 0xa639, O: 0x3aea9},
	{K: 0xa642, O: 0x3aed5},
	{K: 0xa643, O: 0x3af01},
	{K: 0xa644, O: 0x3af49},
	{K: 0xa646, O: 0x3af90},
	{K: 0xa647, O: 0x3afbd},
	{K: 0xa64f, O: 0x3aff8},
	{K: 0xa65d, O: 0x3b011},
	{K: 0xa65e, O: 0x3b03e},
	{K: 0xa65f, O: 0x3b079},
	{K: 0xa660, O: 0x3b0a4},
	{K: 0xa661, O: 0x3b0cf},
	{K: 0xa662, O: 0x3b0fa},
	{K: 0xa663, O: 0x3b125},
	{K: 0xa664, O: 0x3b150},
	{K: 0xa666, O: 0x3b17b},
	{K: 0xa667, O: 0x3b1a6},
	{K: 0xa668, O: 0x3b1d1},
	{K: 0xa669, O: 0x3b1fc},
	{K: 0xa66a, O: 0x3b227},
	{K: 0xa66b, O: 0x3b252},
	{K: 0xa66c, O: 0x3b27d},
	{K: 0xa66d, O: 0x3b2b7},
	{K: 0xa66f, O: 0x3b2e2},
	{K: 0xa670, O: 0x3b30d},
	{K: 0xa671, O: 0x3b338},
	{K: 0xa672, O: 0x3b37d},
	{K: 0xa673, O: 0x3b3ba},
	{K: 0xa674, O: 0x3b3e5},
	{K: 0xa675, O: 0x3b410},
	{K: 0xa67c, O: 0x3b430},
	{K: 0xa680, O: 0x3b470},
	{K: 0xa68a, O: 0x3b49e},
	{K: 0xa68b, O: 0x3b4e6},
	{K: 0xa68c, O: 0x3b520},
	{K: 0xa68d, O: 0x3b557},
	{K: 0xa68e, O: 0x3b57e},
	{K: 0xa696, O: 0x3b5a1},
	{K: 0xa69b, O: 0x3b5bf},
	{K: 0xa69c, O: 0x3b5e0},
	{K: 0xa69f, O: 0x3b604},
	{K: 0xa6a0, O: 0x3b629},
	{K: 0xa6b3, O: 0x3b65f},
	{K: 0xa6d2, O: 0x3b691},
	{K: 0xa6d3, O: 0x3b6c4},
	{K: 0xa6ed, O: 0x3b705},
	{K: 0xa6fa, O: 0x3b752},
	{K: 0xa70c, O: 0x3b789},
	{K: 0xa72d, O: 0x3b7bd},
	{K: 0xa741, O: 0x3b7e1},
	{K: 0xa742, O: 0x3b80a},
	{K: 0xa743, O: 0x3b823},
	{K: 0xa74a, O: 0x3b83d},
	{K: 0xa74d, O: 0x3b855},
	{K: 0xa759, O: 0x3b86e},
	{K: 0xa76d, O: 0x3b89e},
	{K: 0xa7b4, O: 0x3b8d1},
	{K: 0xa7bd, O: 0x3b8fa},
	{K: 0xa7c1, O: 0x3b928},
	{K: 0xa7ce, O: 0x3b950},
	{K: 0xa7f5, O: 0x3b980},
	{K: 0xa804, O: 0x3b99d},
	{K: 0xa81c, O: 0x3b9c8},
	{K: 0xa821, O: 0x3b9e0},
	{K: 0xa822, O: 0x3ba45},
	{K: 0xa83a, O: 0x3ba8c},
	{K: 0xa841, O: 0x3bad4},
	{K: 0xa843, O: 0x3bb12},
	{K: 0xa84e, O: 0x3bb43},
	{K: 0xa854, O: 0x3bb5f},
	{K: 0xa85a, O: 0x3bb82},
	{K: 0xa863, O: 0x3bb91},
	{K: 0xa869, O: 0x3bbb6},
	{K: 0xa86b, O: 0x3bbd1},
	{K: 0xa86d, O: 0x3bbf2},
	{K: 0xa874, O: 0x3bc1e},
	{K: 0xa875, O: 0x3bc4b},
	{K: 0xa8a7, O: 0x3bc6b},
	{K: 0xa8e6, O: 0x3bc9b},
	{K: 0xa8fb, O: 0x3bcd1},
	{K: 0xa90a, O: 0x3bd0e},
	{K: 0xa912, O: 0x3bd46},
	{K: 0xa92d, O: 0x3bd6e},
	{K: 0xa92f, O: 0x3bd8c},
	{K: 0xa930, O: 0x3bdb2},
	{K: 0xa953, O: 0x3bdd5},
	{K: 0xa954, O: 0x3be29},
	{K: 0xa955, O: 0x3be51},
	{K: 0xa956, O: 0x3be7b},
	{K: 0xa958, O: 0x3beae},
	{K: 0xa9c0, O: 0x3bedd},
	{K: 0xa9de, O: 0x3bf14},
	{K: 0xa9e3, O: 0x3bf41},
	{K: 0xa9f6, O: 0x3bf6e},
	{K: 0xaa04, O: 0x3bf8b},
	{K: 0xaa07, O: 0x3bfae},
	{K: 0xaa08, O: 0x3bfc0},
	{K: 0xaa0d, O: 0x3bfd5},
	{K: 0xaa0e, O: 0x3bff7},
	{K: 0xaa0f, O: 0x3c03e},
	{K: 0xaa10, O: 0x3c06a},
	{K: 0xaa11, O: 0x3c09f},
	{K: 0xaa12, O: 0x3c0b9},
	{K: 0xaa13, O: 0x3c0e4},
	{K: 0xaa14, O: 0x3c11a},
	{K: 0xaa15, O: 0x3c14b},
	{K: 0xaa17, O: 0x3c17c},
	{K: 0xaa18, O: 0x3c1b6},
	{K: 0xaa19, O: 0x3c1fc},
	{K: 0xaa1f, O: 0x3c22b},
	{K: 0xaa22, O: 0x3c24f},
	{K: 0xaa23, O: 0x3c287},
	{K: 0xaa24, O: 0x3c2a1},
	{K: 0xaa26, O: 0x3c2cf},
	{K: 0xaa2c, O: 0x3c2f4},
	{K: 0xaa34, O: 0x3c31b},
	{K: 0xaa35, O: 0x3c360},
	{K: 0xaa38, O: 0x3c397},
	{K: 0xaa39, O: 0x3c3c0},
	{K: 0xaa3b, O: 0x3c404},
	{K: 0xaa3c, O: 0x3c42a},
	{K: 0xaa43, O: 0x3c45b},
	{K: 0xaa48, O: 0x3c483},
	{K: 0xaa4b, O: 0x3c4b2},
	{K: 0xaa4d, O: 0x3c4e8},
	{K: 0xaa4e, O: 0x3c511},
	{K: 0xaa4f, O: 0x3c537},
	{K: 0xaa50, O: 0x3c55f},
	{K: 0xaa51, O: 0x3c583},
	{K: 0xaa57, O: 0x3c5b4},
	{K: 0xaa58, O: 0x3c611},
	{K: 0xaa5b, O: 0x3c652},
	{K: 0xaa5f, O: 0x3c679},
	{K: 0xaa61, O: 0x3c69f},
	{K: 0xaa69, O: 0x3c6c2},
	{K: 0xaa6f, O: 0x3c6e9},
	{K: 0xaa99, O: 0x3c70c},
	{K: 0xaa9b, O: 0x3c732},
	{K: 0xaaaa, O: 0x3c750},
	{K: 0xaaab, O: 0x3c77d},
	{K: 0xaaad, O: 0x3c7a2},
	{K: 0xaae9, O: 0x3c7ca},
	{K: 0xaaed, O: 0x3c7f4},
	{K: 0xaafa, O: 0x3c817},
	{K: 0xaafe, O: 0x3c83a},
	{K: 0xab0e, O: 0x3c879},
	{K: 0xab2e, O: 0x3c8a2},
	{K: 0xab2f, O: 0x3c8c2},
	{K: 0xab30, O: 0x3c910},
	{K: 0xab31, O: 0x3c948},
	{K: 0xab32, O: 0x3c962},
	{K: 0xab33, O: 0x3c99a},
	{K: 0xab35, O: 0x3c9b4},
	{K: 0xab37, O: 0x3c9d8},
	{K: 0xab38, O: 0x3ca05},
	{K: 0xab3a, O: 0x3ca21},
	{K: 0xab3d, O: 0x3ca5a},
	{K: 0xab40, O: 0x3ca73},
	{K: 0xab41, O: 0x3ca98},
	{K: 0xab42, O: 0x3cac0},
	{K: 0xab44, O: 0x3caeb},
	{K: 0xab46, O: 0x3cb04},
	{K: 0xab47, O: 0x3cb1d},
	{K: 0xab49, O: 0x3cb35},
	{K: 0xab4e, O: 0x3cb5d},
	{K: 0xab57, O: 0x3cb86},
	{K: 0xab64, O: 0x3cba7},
	{K: 0xab66, O: 0x3cbd6},
	{K: 0xab67, O: 0x3cc10},
	{K: 0xab6b, O: 0x3cc2f},
	{K: 0xab7c, O: 0x3cc5a},
	{K: 0xab8a, O: 0x3cc7c},
	{K: 0xab97, O: 0x3cca0},
	{K: 0xab98, O: 0x3ccd0},
	{K: 0xab9b, O: 0x3ccf1},
	{K: 0xab9e, O: 0x3cd17},
	{K: 0xab9f, O: 0x3cd48},
	{K: 0xabb7, O: 0x3cd93},
	{K: 0xabfd, O: 0x3cdbf},
	{K: 0xac07, O: 0x3cde8},
	{K: 0xac0a, O: 0x3ce0b},
	{K: 0xac0c, O: 0x3ce34},
	{K: 0xac15, O: 0x3ce65},
	{K: 0xac19, O: 0x3ce8f},
	{K: 0xac99, O: 0x3ceb7},
	{K: 0xac9b, O: 0x3cee3},
	{K: 0xac9f, O: 0x3cf09},
	{K: 0xaca0, O: 0x3cf2c},
	{K: 0xaca2, O: 0x3cf4b},
	{K: 0xacac, O: 0x3cf64},
	{K: 0xacbf, O: 0x3cf8d},
	{K: 0xacc4, O: 0x3cfa8},
	{K: 0xaccb, O: 0x3cfcc},
	{K: 0xad03, O: 0x3cff3},
	{K: 0xad05, O: 0x3d011},
	{K: 0xad06, O: 0x3d034},
	{K: 0xad0b, O: 0x3d062},
	{K: 0xad0d, O: 0x3d084},
	{K: 0xad16, O: 0x3d0d1},
	{K: 0xad18, O: 0x3d105},
	{K: 0xad1a, O: 0x3d12c},
	{K: 0xad26, O: 0x3d152},
	{K: 0xad27, O: 0x3d173},
	{K: 0xad28, O: 0x3d195},
	{K: 0xad29, O: 0x3d1d4},
	{K: 0xad2b, O: 0x3d201},
	{K: 0xad38, O: 0x3d231},
	{K: 0xad3c, O: 0x3d25f},
	{K: 0xad3d, O: 0x3d288},
	{K: 0xad4a, O: 0x3d2b6},
	{K: 0xad51, O: 0x3d2cf},
	{K: 0xad5c, O: 0x3d2fc},
	{K: 0xad61, O: 0x3d32d},
	{K: 0xad6e, O: 0x3d35c},
	{K: 0xad75, O: 0x3d384},
	{K: 0xad7a, O: 0x3d39d},
	{K: 0xad81, O: 0x3d3c3},
	{K: 0xad84, O: 0x3d3ec},
	{K: 0xad87, O: 0x3d418},
	{K: 0xad89, O: 0x3d445},
	{K: 0xad8a, O: 0x3d474},
	{K: 0xad8b, O: 0x3d4a3},
	{K: 0xad8d, O: 0x3d4ed},
	{K: 0xad91, O: 0x3d511},
	{K: 0xad94, O: 0x3d546},
	{K: 0xad97, O: 0x3d563},
	{K: 0xad9e, O: 0x3d58c},
	{K: 0xada1, O: 0x3d5ab},
	{K: 0xada3, O: 0x3d5c4},
	{K: 0xada4, O: 0x3d5fe},
	{K: 0xadad, O: 0x3d61c},
	{K: 0xadae, O: 0x3d652},
	{K: 0xadaf, O: 0x3d67f},
	{K: 0xadb0, O: 0x3d6c3},
	{K: 0xadb2, O: 0x3d709},
	{K: 0xadb8, O: 0x3d732},
	{K: 0xadb9, O: 0x3d76c},
	{K: 0xadcc, O: 0x3d784},
	{K: 0xadd1, O: 0x3d7a5},
	{K: 0xadd3, O: 0x3d7e0},
	{K: 0xadd5, O: 0x3d80b},
	{K: 0xade6, O: 0x3d84f},
	{K: 0xadf6, O: 0x3d894},
	{K: 0xadf7, O: 0x3d8c3},
	{K: 0xadf8, O: 0x3d8f4},
	{K: 0xadf9, O: 0x3d92b},
	{K: 0xadfa, O: 0x3d953},
	{K: 0xadfc, O: 0x3d984},
	{K: 0xae19, O: 0x3d9a2},
	{K: 0xae1a, O: 0x3d9d3},
	{K: 0xae1e, O: 0x3da01},
	{K: 0xae1f, O: 0x3da1d},
	{K: 0xae3d, O: 0x3da48},
	{K: 0xae3f, O: 0x3da7a},
	{K: 0xae7e, O: 0x3daa6},
	{K: 0xae85, O: 0x3dad3},
	{K: 0xae86, O: 0x3daf1},
	{K: 0xae88, O: 0x3db1b},
	{K: 0xaef1, O: 0x3db4b},
	{K: 0xaef2, O: 0x3db75},
	{K: 0xaef7, O: 0x3db8d},
	{K: 0xaf4b, O: 0x3dba5},
	{K: 0xb012, O: 0x3dbc8},
	{K: 0xb013, O: 0x3dbf5},
	{K: 0xb014, O: 0x3dc30},
	{K: 0xb015, O: 0x3dc5b},
	{K: 0xb017, O: 0x3dc7c},
	{K: 0xb01c, O: 0x3dca7},
	{K: 0xb01e, O: 0x3dcdf},
	{K: 0xb01f, O: 0x3dd01},
	{K: 0xb025, O: 0x3dd21},
	{K: 0xb026, O: 0x3dd43},
	{K: 0xb029, O: 0x3dd75},
	{K: 0xb02b, O: 0x3dd95},
	{K: 0xb02d, O: 0x3ddc3},
	{K: 0xb035, O: 0x3ddef},
	{K: 0xb037, O: 0x3de1d},
	{K: 0xb039, O: 0x3de4d},
	{K: 0xb03b, O: 0x3de6c},
	{K: 0xb03d, O: 0x3de84},
	{K: 0xb04b, O: 0x3dea8},
	{K: 0xb053, O: 0x3dec8},
	{K: 0xb059, O: 0x3dee7},
	{K: 0xb05e, O: 0x3df15},
	{K: 0xb05f, O: 0x3df35},
	{K: 0xb07d, O: 0x3df68},
	{K: 0xb07e, O: 0x3dfaa},
	{K: 0xb07f, O: 0x3dfe8},
	{K: 0xb080, O: 0x3e020},
	{K: 0xb081, O: 0x3e06c},
	{K: 0xb082, O: 0x3e0b6},
	{K: 0xb09b, O: 0x3e0f9},
	{K: 0xb0a1, O: 0x3e110},
	{K: 0xb0a2, O: 0x3e12e},
	{K: 0xb0d3, O: 0x3e15b},
	{K: 0xb0d9, O: 0x3e185},
	{K: 0xb0f3, O: 0x3e1bb},
	{K: 0xb0f4, O: 0x3e1e2},
	{K: 0xb0f9, O: 0x3e207},
	{K: 0xb0fc, O: 0x3e229},
	{K: 0xb137, O: 0x3e244},
	{K: 0xb181, O: 0x3e261},
	{K: 0xb217, O: 0x3e28d},
	{K: 0xb232, O: 0x3e2b1},
	{K: 0xb238, O: 0x3e2cf},
	{K: 0xb243, O: 0x3e2f3},
	{K: 0xb249, O: 0x3e315},
	{K: 0xb24d, O: 0x3e337},
	{K: 0xb266, O: 0x3e358},
	{K: 0xb267, O: 0x3e375},
	{K: 0xb26d, O: 0x3e3a5},
	{K: 0xb272, O: 0x3e3e6},
	{K: 0xb278, O: 0x3e40d},
	{K: 0xb27f, O: 0x3e477},
	{K: 0xb28a, O: 0x3e4ab},
	{K: 0xb28b, O: 0x3e4de},
	{K: 0xb298, O: 0x3e509},
	{K: 0xb29c, O: 0x3e52e},
	{K: 0xb2a1, O: 0x3e551},
	{K: 0xb2a2, O: 0x3e57c},
	{K: 0xb2a3, O: 0x3e5bd},
	{K: 0xb2a4, O: 0x3e5fc},
	{K: 0xb2a5, O: 0x3e62d},
	{K: 0xb2a6, O: 0x3e66c},
	{K: 0xb2a8, O: 0x3e694},
	{K: 0xb2a9, O: 0x3e6c7},
	{K: 0xb2ab, O: 0x3e6ee},
	{K: 0xb2ae, O: 0x3e728},
	{K: 0xb2b1, O: 0x3e762},
	{K: 0xb2b3, O: 0x3e79c},
	{K: 0xb2b4, O: 0x3e7cc},
	{K: 0xb2b5, O: 0x3e80c},
	{K: 0xb2b6, O: 0x3e843},
	{K: 0xb2b7, O: 0x3e87a},
	{K: 0xb2b8, O: 0x3e8bb},
	{K: 0xb2b9, O: 0x3e8ec},
	{K: 0xb2ba, O: 0x3e913},
	{K: 0xb2bc, O: 0x3e932},
	{K: 0xb2be, O: 0x3e95f},
	{K: 0xb2bf, O: 0x3e981},
	{K: 0xb2c1, O: 0x3e99f},
	{K: 0xb2c6, O: 0x3e9d6},
	{K: 0xb2c7, O: 0x3ea0d},
	{K: 0xb2c9, O: 0x3ea4f},
	{K: 0xb2cc, O: 0x3ea60},
	{K: 0xb2ce, O: 0x3ea89},
	{K: 0xb2d2, O: 0x3eaa9},
	{K: 0xb2d3, O: 0x3eacb},
	{K: 0xb2d5, O: 0x3eb19},
	{K: 0xb2d9, O: 0x3eb49},
	{K: 0xb2dc, O: 0x3eb68},
	{K: 0xb2e0, O: 0x3eb89},
	{K: 0xb2e1, O: 0x3ebb0},
	{K: 0xb2e2, O: 0x3ebcf},
	{K: 0xb2e6, O: 0x3ec09},
	{K: 0xb2ea, O: 0x3ec2f},
	{K: 0xb2eb, O: 0x3ec64},
	{K: 0xb2ef, O: 0x3ec94},
	{K: 0xb2f0, O: 0x3ecd7},
	{K: 0xb2f1, O: 0x3ed15},
	{K: 0xb2f6, O: 0x3ed56},
	{K: 0xb2f7, O: 0x3eda3},
	{K: 0xb2fb, O: 0x3edcf},
	{K: 0xb2ff, O: 0x3ee10},
	{K: 0xb303, O: 0x3ee36},
	{K: 0xb304, O: 0x3ee4a},
	{K: 0xb306, O: 0x3ee7b},
	{K: 0xb307, O: 0x3eeb9},
	{K: 0xb308, O: 0x3eef0},
	{K: 0xb309, O: 0x3ef2a},
	{K: 0xb310, O: 0x3ef3e},
	{K: 0xb313, O: 0x3ef85},
	{K: 0xb317, O: 0x3efb1},
	{K: 0xb31a, O: 0x3efdb},
	{K: 0xb31d, O: 0x3f020},
	{K: 0xb321, O: 0x3f04c},
	{K: 0xb326, O: 0x3f07c},
	{K: 0xb32d, O: 0x3f092},
	{K: 0xb330, O: 0x3f0ba},
	{K: 0xb333, O: 0x3f0cd},
	{K: 0xb335, O: 0x3f0f2},
	{K: 0xb337, O: 0x3f11d},
	{K: 0xb339, O: 0x3f164},
	{K: 0xb33f, O: 0x3f18c},
	{K: 0xb344, O: 0x3f1ab},
	{K: 0xb345, O: 0x3f1eb},
	{K: 0xb349, O: 0x3f212},
	{K: 0xb34d, O: 0x3f237},
	{K: 0xb350, O: 0x3f26b},
	{K: 0xb354, O: 0x3f27c},
	{K: 0xb356, O: 0x3f2c3},
	{K: 0xb357, O: 0x3f2f4},
	{K: 0xb358, O: 0x3f339},
	{K: 0xb359, O: 0x3f373},
	{K: 0xb35a, O: 0x3f3b4},
	{K: 0xb35b, O: 0x3f3d0},
	{K: 0xb35f, O: 0x3f405},
	{K: 0xb362, O: 0x3f442},
	{K: 0xb367, O: 0x3f46f},
	{K: 0xb372, O: 0x3f4b2},
	{K: 0xb377, O: 0x3f4d0},
	{K: 0xb37a, O: 0x3f4ff},
	{K: 0xb380, O: 0x3f529},
	{K: 0xb388, O: 0x3f55c},
	{K: 0xb389, O: 0x3f58d},
	{K: 0xb38b, O: 0x3f5b2},
	{K: 0xb38e, O: 0x3f5dd},
	{K: 0xb393, O: 0x3f616},
	{K: 0xb399, O: 0x3f638},
	{K: 0xb3a8, O: 0x3f667},
	{K: 0xb3aa, O: 0x3f68c},
	{K: 0xb3b0, O: 0x3f6c1},
	{K: 0xb3b2, O: 0x3f6f0},
	{K: 0xb3b4, O: 0x3f71a},
	{K: 0xb3b7, O: 0x3f76b},
	{K: 0xb3f1, O: 0x3f793},
	{K: 0xb3f2, O: 0x3f7ae},
	{K: 0xb3f3, O: 0x3f7e1},
	{K: 0xb3f5, O: 0x3f815},
	{K: 0xb3f9, O: 0x3f841},
	{K: 0xb405, O: 0x3f86a},
	{K: 0xb40c, O: 0x3f89f},
	{K: 0xb40d, O: 0x3f8c5},
	{K: 0xb411, O: 0x3f8fd},
	{K: 0xb42e, O: 0x3f928},
	{K: 0xb42f, O: 0x3f94d},
	{K: 0xb430, O: 0x3f988},
	{K: 0xb431, O: 0x3f9c3},
	{K: 0xb433, O: 0x3f9fe},
	{K: 0xb43a, O: 0x3fa2b},
	{K: 0xb43f, O: 0x3fa4e},
	{K: 0xb443, O: 0x3fa79},
	{K: 0xb445, O: 0x3fab0},
	{K: 0xb446, O: 0x3faeb},
	{K: 0xb448, O: 0x3fb11},
	{K: 0xb44e, O: 0x3fb54},
	{K: 0xb44f, O: 0x3fb80},
	{K: 0xb450, O: 0x3fb9f},
	{K: 0xb453, O: 0x3fbbe},
	{K: 0xb46b, O: 0x3fc04},
	{K: 0xb46c, O: 0x3fc1f},
	{K: 0xb46f, O: 0x3fc4c},
	{K: 0xb472, O: 0x3fc7d},
	{K: 0xb476, O: 0x3fcb7},
	{K: 0xb47a, O: 0x3fce3},
	{K: 0xb483, O: 0x3fd06},
	{K: 0xb484, O: 0x3fd3a},
	{K: 0xb48f, O: 0x3fd5a},
	{K: 0xb4ba, O: 0x3fd7f},
	{K: 0xb4bc, O: 0x3fd8e},
	{K: 0xb4bf, O: 0x3fda6},
	{K: 0xb4cf, O: 0x3fddd},
	{K: 0xb4d6, O: 0x3fe11},
	{K: 0xb4fd, O: 0x3fe34},
	{K: 0xb50c, O: 0x3fe5c},
	{K: 0xb515, O: 0x3fe87},
	{K: 0xb530, O: 0x3febc},
	{K: 0xb5d5, O: 0x3fee0},
	{K: 0xb5f9, O: 0x3ff1c},
	{K: 0xb5fa, O: 0x3ff40},
	{K: 0xb5fb, O: 0x3ff71},
	{K: 0xb61d, O: 0x3ff91},
	{K: 0xb61f, O: 0x3ffc2},
}
