WMI,Manufacturer,URL
AAA,Audi South Africa made by Volkswagen of South Africa,https://en.wikipedia.org/wiki/Audi
AAK,FAW Vehicle Manufacturers SA (PTY) Ltd.,https://en.wikipedia.org/wiki/FAW_Group
AAM,MAN Automotive (South Africa) (Pty) Ltd. includes VW Truck & Bus,https://en.wikipedia.org/wiki/MAN_Truck_%26_Bus#CKD-locations; https://en.wikipedia.org/wiki/Volkswagen_Caminh%C3%B5es_e_%C3%94nibus
AAV,Volkswagen of South Africa,https://en.wikipedia.org/wiki/Volkswagen_of_South_Africa
ABJ,Mitsubishi Colt & Triton pickups made by Mercedes-Benz South Africa 1994–2011,https://en.wikipedia.org/wiki/Mitsubishi_Triton; https://en.wikipedia.org/wiki/Mercedes-Benz_South_Africa
ABJ,Mitsubishi Fuso made by Daimler Trucks & Buses Southern Africa,https://en.wikipedia.org/wiki/Fuso_(company)
ABM,BMW Southern Africa,https://en.wikipedia.org/wiki/BMW
ACV,Isuzu Motors South Africa 2018-,https://en.wikipedia.org/wiki/Isuzu_Trucks_South_Africa
AC5,Hyundai Automotive South Africa (cars),https://en.wikipedia.org/wiki/Hyundai_Automotive_South_Africa
ADD,UD Trucks Southern Africa (Pty) Ltd,https://en.wikipedia.org/wiki/UD_Trucks
ADM,General Motors South Africa includes Isuzu through 2018,https://en.wikipedia.org/wiki/General_Motors_South_Africa
ADN,Nissan South Africa (Pty) Ltd,https://en.wikipedia.org/wiki/Nissan_South_Africa
ADR,Renault Sandero made by Nissan South Africa (Pty) Ltd,https://en.wikipedia.org/wiki/Renault_Sandero; https://en.wikipedia.org/wiki/Nissan_South_Africa
ADX,Tata Automobile Corporation (SA) Ltd.,https://en.wikipedia.org/wiki/Tata_Motors
AFA,Ford Motor Company of Southern Africa & Samcor,https://en.wikipedia.org/wiki/Ford_Motor_Company_of_Southern_Africa; https://en.wikipedia.org/wiki/Samcor
AFB,Mazda BT-50 made by Ford Motor Company of Southern Africa,https://en.wikipedia.org/wiki/Mazda_BT-50; https://en.wikipedia.org/wiki/Ford_Motor_Company_of_Southern_Africa
AHH,Hino South Africa,https://en.wikipedia.org/wiki/Hino_Motors
AHM,Honda Ballade made by Mercedes-Benz South Africa 1982–2000,https://en.wikipedia.org/wiki/Honda_Civic; https://en.wikipedia.org/wiki/Mercedes-Benz_South_Africa
AHT,Toyota South Africa Motors,https://en.wikipedia.org/wiki/Toyota_South_Africa_Motors
BAB,BMW cars 1986-2019,
BF9,KIBO Motorcycles,
CL9,Wallyscar,https://en.wikipedia.org/wiki/Wallyscar
CAG,MAC for Mobility Manufacturing (Mansour Automotive Group),
CAH,MAC for Mobility Manufacturing (Mansour Automotive Group),
DA1,Arab American Vehicles,
DA4,Arab American Vehicles,
DAA,Fiat Auto Egypt Industrial Co,https://en.wikipedia.org/w/index.php?title=Fiat_Auto_Egypt_Industrial_Co&action=edit&redlink=1
DAB,BMW Egypt SKD,https://en.wikipedia.org/w/index.php?title=BMW_Egypt_SKD&action=edit&redlink=1
DF9,Laraki,https://en.wikipedia.org/wiki/Laraki
GA1,Renault /SOMACOA - Société Malgache de Construction Automobile,https://en.wikipedia.org/wiki/Renault; https://en.wikipedia.org/w/index.php?title=SOMACOA_-_Soci%C3%A9t%C3%A9_Malgache_de_Construction_Automobile&action=edit&redlink=1
J81,Chevrolet/Geo car made by Isuzu,https://en.wikipedia.org/wiki/Chevrolet; https://en.wikipedia.org/wiki/Geo_(automobile); https://en.wikipedia.org/wiki/Isuzu
J87,Pontiac/Asüna car made by Isuzu for GM Canada,https://en.wikipedia.org/wiki/Pontiac_(automobile); https://en.wikipedia.org/wiki/As%C3%BCna; https://en.wikipedia.org/wiki/Isuzu
J8B,Chevrolet commercial trucks made by Isuzu,https://en.wikipedia.org/wiki/Chevrolet; https://en.wikipedia.org/wiki/Isuzu
J8C,Chevrolet commercial trucks made by Isuzu,https://en.wikipedia.org/wiki/Chevrolet; https://en.wikipedia.org/wiki/Isuzu
J8D,GMC commercial trucks made by Isuzu,https://en.wikipedia.org/wiki/GMC_(automobile); https://en.wikipedia.org/wiki/Isuzu
J8T,GMC commercial trucks made by Isuzu,https://en.wikipedia.org/wiki/GMC_(automobile); https://en.wikipedia.org/wiki/Isuzu
J8Z,Chevrolet pickup truck made by Isuzu,https://en.wikipedia.org/wiki/Chevrolet_LUV; https://en.wikipedia.org/wiki/Isuzu
JA3,Mitsubishi car,https://en.wikipedia.org/wiki/Mitsubishi_Motors
JA4,Mitsubishi MPV/SUV,https://en.wikipedia.org/wiki/Mitsubishi_Motors
JA7,Mitsubishi truck,https://en.wikipedia.org/wiki/Mitsubishi_Motors
JAA,Isuzu truck,https://en.wikipedia.org/wiki/Isuzu
JAB,Isuzu car,https://en.wikipedia.org/wiki/Isuzu
JAC,Isuzu SUV,https://en.wikipedia.org/wiki/Isuzu
JAE,Acura SLX made by Isuzu,https://en.wikipedia.org/wiki/Isuzu_Trooper#Acura_SLX; https://en.wikipedia.org/wiki/Isuzu
JAL,Isuzu commercial trucks & Chevrolet commercial trucks made by Isuzu 2016+ & Hino S-series truck made by Isuzu,https://en.wikipedia.org/wiki/Isuzu; https://en.wikipedia.org/wiki/Chevrolet; https://en.wikipedia.org/wiki/Isuzu; https://en.wikipedia.org/wiki/Hino_Motors; https://en.wikipedia.org/wiki/Isuzu_Elf
JAM,Isuzu commercial trucks,https://en.wikipedia.org/wiki/Isuzu
JB3,Dodge car made by Mitsubishi Motors,https://en.wikipedia.org/wiki/Dodge; https://en.wikipedia.org/wiki/Mitsubishi_Motors
JB4,Dodge MPV/SUV made by Mitsubishi Motors,https://en.wikipedia.org/wiki/Dodge; https://en.wikipedia.org/wiki/Mitsubishi_Motors
JB7,Dodge truck made by Mitsubishi Motors,https://en.wikipedia.org/wiki/Dodge; https://en.wikipedia.org/wiki/Mitsubishi_Motors
JC0,Ford brand cars made by Mazda,https://en.wikipedia.org/wiki/Ford_Motor_Company; https://en.wikipedia.org/wiki/Mazda
JC1,Fiat 124 Spider made by Mazda,https://en.wikipedia.org/wiki/Fiat_124_Spider_(2016); https://en.wikipedia.org/wiki/Mazda
JC2,Ford Courier made by Mazda,https://en.wikipedia.org/wiki/Ford_Courier#Mazda-based_models; https://en.wikipedia.org/wiki/Mazda
JD1,Daihatsu car,https://en.wikipedia.org/wiki/Daihatsu
JD2,Daihatsu SUV,https://en.wikipedia.org/wiki/Daihatsu
JD4,Daihatsu truck,https://en.wikipedia.org/wiki/Daihatsu
JDA,Daihatsu,https://en.wikipedia.org/wiki/Daihatsu
JE3,Eagle car made by Mitsubishi Motors,https://en.wikipedia.org/wiki/Eagle_(automobile); https://en.wikipedia.org/wiki/Mitsubishi_Motors
JE4,Mitsubishi,https://en.wikipedia.org/wiki/Mitsubishi_Motors
JF1,Subaru – Fuji Heavy Industries car,https://en.wikipedia.org/wiki/Subaru; https://en.wikipedia.org/wiki/Fuji_Heavy_Industries
JF2,Subaru – Fuji Heavy Industries SUV,https://en.wikipedia.org/wiki/Subaru; https://en.wikipedia.org/wiki/Fuji_Heavy_Industries
JF3,Subaru – Fuji Heavy Industries truck,https://en.wikipedia.org/wiki/Subaru; https://en.wikipedia.org/wiki/Fuji_Heavy_Industries
JF4,Saab 9-2X made by Subaru,https://en.wikipedia.org/wiki/Subaru_Impreza_(second_generation)#Saab_9-2X; https://en.wikipedia.org/wiki/Subaru
JG1,Chevrolet/Geo car made by Suzuki,https://en.wikipedia.org/wiki/Geo_Metro; https://en.wikipedia.org/wiki/Suzuki
JG7,Pontiac/Asuna car made by Suzuki for GM Canada,https://en.wikipedia.org/wiki/Geo_Metro; https://en.wikipedia.org/wiki/Suzuki
JGC,Chevrolet/Geo SUV made by Suzuki,https://en.wikipedia.org/wiki/Chevrolet_Tracker_(Americas); https://en.wikipedia.org/wiki/Suzuki
JGT,GMC SUV made by Suzuki for GM Canada,https://en.wikipedia.org/wiki/Chevrolet_Tracker_(Americas)#Canada; https://en.wikipedia.org/wiki/Suzuki
JH2,Honda motorcycle/ATV,https://en.wikipedia.org/wiki/Honda
JH3,Honda ATV,https://en.wikipedia.org/wiki/Honda
JH4,Acura car,https://en.wikipedia.org/wiki/Acura
JHA,Hino,https://en.wikipedia.org/wiki/Hino_Motors
JHB,Hino,https://en.wikipedia.org/wiki/Hino_Motors
JHD,Hino,https://en.wikipedia.org/wiki/Hino_Motors
JHF,Hino,https://en.wikipedia.org/wiki/Hino_Motors
JHH,Hino,https://en.wikipedia.org/wiki/Hino_Motors
JHL,Honda MPV/SUV,https://en.wikipedia.org/wiki/Honda
JHM,Honda car,https://en.wikipedia.org/wiki/Honda
JJ3,Chrysler car made by Mitsubishi Motors,https://en.wikipedia.org/wiki/Chrysler#Chrysler_brand; https://en.wikipedia.org/wiki/Mitsubishi_Motors
JK8,Suzuki QUV620F UTV made by Kawasaki,https://en.wikipedia.org/wiki/Suzuki; https://en.wikipedia.org/wiki/Kawasaki_Heavy_Industries_Motorcycle_%26_Engine
JKA,Kawasaki,https://en.wikipedia.org/wiki/Kawasaki_Heavy_Industries_Motorcycle_%26_Engine
JKB,Kawasaki,https://en.wikipedia.org/wiki/Kawasaki_Heavy_Industries_Motorcycle_%26_Engine
JKS,Suzuki Marauder 1600/Boulevard M95 motorcycle made by Kawasaki,https://en.wikipedia.org/wiki/Suzuki; https://en.wikipedia.org/wiki/Kawasaki_Heavy_Industries_Motorcycle_%26_Engine
JL5,Mitsubishi FUSO Truck & Bus Corp,https://en.wikipedia.org/wiki/Fuso_(company)
JL6,Mitsubishi FUSO Truck & Bus Corp,https://en.wikipedia.org/wiki/Fuso_(company)
JLF,Mitsubishi FUSO Truck & Bus Corp,https://en.wikipedia.org/wiki/Fuso_(company)
JLS,Sterling Trucks 360 made by Mitsubishi FUSO Truck & Bus Corp,https://en.wikipedia.org/wiki/Sterling_Trucks; https://en.wikipedia.org/wiki/Fuso_(company)
JM0,Mazda for Oceania export,https://en.wikipedia.org/wiki/Mazda
JM1,Mazda car,https://en.wikipedia.org/wiki/Mazda
JM2,Mazda truck,https://en.wikipedia.org/wiki/Mazda
JM3,Mazda MPV/SUV,https://en.wikipedia.org/wiki/Mazda
JM6,Mazda,https://en.wikipedia.org/wiki/Mazda
JM7,Mazda,https://en.wikipedia.org/wiki/Mazda
JMA,Mitsubishi,https://en.wikipedia.org/wiki/Mitsubishi_Motors
JMB,Mitsubishi,https://en.wikipedia.org/wiki/Mitsubishi_Motors
JMF,Mitsubishi,https://en.wikipedia.org/wiki/Mitsubishi_Motors
JMY,Mitsubishi,https://en.wikipedia.org/wiki/Mitsubishi_Motors
JMZ,Mazda for Europe export,https://en.wikipedia.org/wiki/Mazda
JN1,Nissan car & Infiniti car,https://en.wikipedia.org/wiki/Nissan; https://en.wikipedia.org/wiki/Infiniti
JN3,Nissan incomplete vehicle,https://en.wikipedia.org/wiki/Nissan
JN6,Nissan truck,https://en.wikipedia.org/wiki/Nissan
JN8,Nissan MPV/SUV & Infiniti SUV,https://en.wikipedia.org/wiki/Nissan; https://en.wikipedia.org/wiki/Infiniti
JNA,Nissan Diesel/UD Trucks incomplete vehicle,https://en.wikipedia.org/wiki/Nissan_Diesel; https://en.wikipedia.org/wiki/UD_Trucks
JNC,Nissan Diesel/UD Trucks,https://en.wikipedia.org/wiki/Nissan_Diesel; https://en.wikipedia.org/wiki/UD_Trucks
JNE,Nissan Diesel/UD Trucks truck,https://en.wikipedia.org/wiki/Nissan_Diesel; https://en.wikipedia.org/wiki/UD_Trucks
JNK,Infiniti car,https://en.wikipedia.org/wiki/Infiniti
JNR,Infiniti SUV,https://en.wikipedia.org/wiki/Infiniti
JNX,Infiniti incomplete vehicle,https://en.wikipedia.org/wiki/Infiniti
JP3,Plymouth car made by Mitsubishi Motors,https://en.wikipedia.org/wiki/Plymouth_(automobile); https://en.wikipedia.org/wiki/Mitsubishi_Motors
JP4,Plymouth MPV/SUV made by Mitsubishi Motors,https://en.wikipedia.org/wiki/Plymouth_(automobile); https://en.wikipedia.org/wiki/Mitsubishi_Motors
JP7,Plymouth truck made by Mitsubishi Motors,https://en.wikipedia.org/wiki/Plymouth_(automobile); https://en.wikipedia.org/wiki/Mitsubishi_Motors
JPC,Nissan Diesel/UD Trucks,https://en.wikipedia.org/wiki/Nissan_Diesel; https://en.wikipedia.org/wiki/UD_Trucks
JR2,Isuzu Oasis made by Honda,https://en.wikipedia.org/wiki/Honda_Odyssey_(North_America)#Isuzu_Oasis; https://en.wikipedia.org/wiki/Honda
JS1,Suzuki motorcycle & Kawasaki KLX400S/KLX400SR motorcycle made by Suzuki,https://en.wikipedia.org/wiki/Suzuki; https://en.wikipedia.org/wiki/Kawasaki_Heavy_Industries_Motorcycle_%26_Engine
JS2,Suzuki car,https://en.wikipedia.org/wiki/Suzuki
JS3,Suzuki SUV,https://en.wikipedia.org/wiki/Suzuki
JSA,Kawasaki KFX400 ATV made by Suzuki,https://en.wikipedia.org/wiki/Kawasaki_Heavy_Industries_Motorcycle_%26_Engine; https://en.wikipedia.org/wiki/Suzuki
JSK,Kawasaki KLX125/KLX125L motorcycle made by Suzuki,https://en.wikipedia.org/wiki/Kawasaki_Heavy_Industries_Motorcycle_%26_Engine; https://en.wikipedia.org/wiki/Suzuki
JSL,Kawasaki KFX400 ATV made by Suzuki,https://en.wikipedia.org/wiki/Kawasaki_Heavy_Industries_Motorcycle_%26_Engine; https://en.wikipedia.org/wiki/Suzuki
JT2,Toyota car,https://en.wikipedia.org/wiki/Toyota
JT3,Toyota MPV/SUV,https://en.wikipedia.org/wiki/Toyota
JT4,Toyota truck,https://en.wikipedia.org/wiki/Toyota
JT5,Toyota incomplete vehicle,https://en.wikipedia.org/wiki/Toyota
JT6,Lexus SUV,https://en.wikipedia.org/wiki/Lexus
JT8,Lexus car,https://en.wikipedia.org/wiki/Lexus
JTD,Toyota car,https://en.wikipedia.org/wiki/Toyota
JTE,Toyota MPV/SUV,https://en.wikipedia.org/wiki/Toyota
JTF,Toyota van/truck,https://en.wikipedia.org/wiki/Toyota
JTG,Toyota MPV/bus,https://en.wikipedia.org/wiki/Toyota
JTH,Lexus car,https://en.wikipedia.org/wiki/Lexus
JTJ,Lexus SUV,https://en.wikipedia.org/wiki/Lexus
JTK,Toyota car,https://en.wikipedia.org/wiki/Toyota
JTL,Toyota SUV,https://en.wikipedia.org/wiki/Toyota
JTM,Toyota SUV,https://en.wikipedia.org/wiki/Toyota
JTN,Toyota car,https://en.wikipedia.org/wiki/Toyota
JW6,Mitsubishi FUSO division of Mitsubishi Motors (through mid 2003),https://en.wikipedia.org/wiki/Fuso_(company)
JY3,Yamaha Motor 3-wheel ATV,https://en.wikipedia.org/wiki/Yamaha_Motor
JY4,Yamaha Motor 4-wheel ATV,https://en.wikipedia.org/wiki/Yamaha_Motor
JYA,Yamaha Motor motorcycles,https://en.wikipedia.org/wiki/Yamaha_Motor
JYE,Yamaha Motor snowmobile,https://en.wikipedia.org/wiki/Yamaha_Motor
KAL,Lanka Ashok Leyland,https://en.wikipedia.org/wiki/Lanka_Ashok_Leyland
KAA,RS Automotive,https://en.wikipedia.org/w/index.php?title=RS_Automotive&action=edit&redlink=1
KA1,KEWR Technologies,https://en.wikipedia.org/w/index.php?title=KEWR_Technologies&action=edit&redlink=1
KF3,Merkavim,https://en.wikipedia.org/wiki/Merkavim
KF6,"Automotive Industries, Ltd.",https://en.wikipedia.org/wiki/Automotive_Industries
KF9,Tomcar,https://en.wikipedia.org/wiki/Tomcar
004,Tomcar,https://en.wikipedia.org/wiki/Tomcar
KLA,Daewoo/GM Korea,https://en.wikipedia.org/wiki/Daewoo_Motors; https://en.wikipedia.org/wiki/GM_Korea
KLT,Tata Daewoo,https://en.wikipedia.org/wiki/Tata_Daewoo
KLU,Tata Daewoo,https://en.wikipedia.org/wiki/Tata_Daewoo
KL1,GM Daewoo/GM Korea Chevrolet car,https://en.wikipedia.org/wiki/GM_Korea#Formation:_GM_Daewoo; https://en.wikipedia.org/wiki/GM_Korea
KL2,Daewoo/GM Daewoo Pontiac,https://en.wikipedia.org/wiki/Daewoo_Motors; https://en.wikipedia.org/wiki/GM_Korea#Formation:_GM_Daewoo
KL3,GM Daewoo/GM Korea Holden,https://en.wikipedia.org/wiki/GM_Korea#Formation:_GM_Daewoo; https://en.wikipedia.org/wiki/GM_Korea
KL4,GM Korea Buick,https://en.wikipedia.org/wiki/GM_Korea
KL5,GM Daewoo Suzuki,https://en.wikipedia.org/wiki/GM_Korea#Formation:_GM_Daewoo
KL6,GM Daewoo GMC,https://en.wikipedia.org/wiki/GM_Korea#Formation:_GM_Daewoo
KL7,"Daewoo GM Canada brands: Passport, Asuna (Pre-2000)",https://en.wikipedia.org/wiki/Daewoo_Motors
KL7,GM Daewoo/GM Korea Chevrolet MPV/SUV (Post-2000),https://en.wikipedia.org/wiki/GM_Korea#Formation:_GM_Daewoo; https://en.wikipedia.org/wiki/GM_Korea
KL8,GM Daewoo/GM Korea Chevrolet car (Spark),https://en.wikipedia.org/wiki/GM_Korea#Formation:_GM_Daewoo; https://en.wikipedia.org/wiki/GM_Korea
KMA,Asia Motors,https://en.wikipedia.org/wiki/Asia_Motors
KME,Hyundai commercial truck,https://en.wikipedia.org/wiki/Hyundai_Motor_Company
KMF,Hyundai van & commercial truck & Bering Truck,https://en.wikipedia.org/wiki/Hyundai_Motor_Company; https://en.wikipedia.org/wiki/Bering_Truck
KMH,Hyundai car,https://en.wikipedia.org/wiki/Hyundai_Motor_Company
KMJ,Hyundai bus & minibus,https://en.wikipedia.org/wiki/Hyundai_Motor_Company
KMT,Genesis Motor car,https://en.wikipedia.org/wiki/Genesis_Motor
KMU,Genesis Motor SUV,https://en.wikipedia.org/wiki/Genesis_Motor
KMY,"Daelim Motor Company, Ltd/DNA Motors Co., Ltd.",https://en.wikipedia.org/wiki/DNA_Motors; https://en.wikipedia.org/wiki/DNA_Motors
KM4,Hyosung Motors/S&T Motors/KR Motors,https://en.wikipedia.org/wiki/KR_Motors
KM8,Hyundai SUV,https://en.wikipedia.org/wiki/Hyundai_Motor_Company
KNA,Kia car,https://en.wikipedia.org/wiki/Kia_Motors
KNC,Kia car,https://en.wikipedia.org/wiki/Kia_Motors
KNE,Kia car,https://en.wikipedia.org/wiki/Kia_Motors
KND,Kia SUV/MPV & Hyundai Entourage,https://en.wikipedia.org/wiki/Kia_Motors; https://en.wikipedia.org/wiki/Hyundai_Entourage
KNG,Kia Granbird,
KNJ,Ford Festiva & Aspire,https://en.wikipedia.org/wiki/Ford_Festiva
KNM,Renault Samsung Motors & Nissan Rogue made by Renault Samsung Motors,https://en.wikipedia.org/wiki/Renault_Samsung_Motors; https://en.wikipedia.org/wiki/Nissan_Rogue#Second_generation_(T32;_2013)
KPA,KG Mobility pickup,https://en.wikipedia.org/wiki/KG_Mobility
KPB,KG Mobility car,https://en.wikipedia.org/wiki/KG_Mobility
KM9,Edison Motors/KG Mobility Commercial Buses,https://en.wikipedia.org/wiki/KG_Mobility
KPH,Mitsubishi Precis,https://en.wikipedia.org/wiki/Hyundai_Excel#Mitsubishi_Precis
KPT,KG Mobility SUV/MPV,https://en.wikipedia.org/wiki/KG_Mobility
L1C,Hubei Huawei Special-Purpose Automobile,https://en.wikipedia.org/w/index.php?title=Hubei_Huawei_Special-Purpose_Automobile&action=edit&redlink=1
L2C,Chery Jaguar Land Rover,https://en.wikipedia.org/wiki/Chery_Jaguar_Land_Rover
L5Y,Znen Taizhou Zhongneng Motorcycle Co. Ltd.,https://en.wikipedia.org/wiki/Znen
L6T,Geely,https://en.wikipedia.org/wiki/Geely
L8A,"Jinhua Youngman Automobile Manufacturing Co., Ltd.",https://en.wikipedia.org/wiki/Youngman
L8Y,"Zhejiang Jonway Motorcycle Manufacturing Co., Ltd.",
L9N,"Zhejiang Taotao Vehicles Co., Ltd.",
LA6,King Long,https://en.wikipedia.org/wiki/King_Long
LA9,BYD Auto,https://en.wikipedia.org/wiki/BYD_Auto
LC0,BYD Auto,https://en.wikipedia.org/wiki/BYD_Auto
LAL,"Sundiro Honda Motorcycle Co., Ltd.",https://en.wikipedia.org/wiki/Honda#Motorcycles
LB1,Fujian Benz,https://en.wikipedia.org/wiki/Fujian_Benz
LB2,Geely motorcycle,https://en.wikipedia.org/wiki/Geely
LB3,Geely,https://en.wikipedia.org/wiki/Geely
LBB,Qianjiang Motorcycle & Benelli,https://en.wikipedia.org/wiki/Qianjiang_Motorcycle; https://en.wikipedia.org/wiki/Benelli_(motorcycles)
LBE,Beijing Hyundai/Hyundai Sonata Taxi (DT23 for South Korean Market),https://en.wikipedia.org/wiki/Beijing_Hyundai
LBP,Chongqing Jianshe Yamaha Motor Co. Ltd.,https://en.wikipedia.org/wiki/Yamaha_Motor_Company
LBV,BMW Brilliance,https://en.wikipedia.org/wiki/BMW_Brilliance
LC0,BYD Auto Industry Co. Ltd.,https://en.wikipedia.org/wiki/BYD_Auto
LC2,"Changzhou Kwang Yang Motor Co., Ltd.",https://en.wikipedia.org/wiki/Kymco
LC6,Changzhou Haojue Suzuki Motorcycle Co. Ltd.,https://en.wikipedia.org/wiki/Suzuki#Production_facilities
LCE,"CF Moto by Chunfeng Holding Group Hangzhou Motorcycles Manufacturing Co., Ltd.",
LCR,Gonow,https://en.wikipedia.org/wiki/Gonow
LDC,Dongfeng Peugeot-Citroën,https://en.wikipedia.org/wiki/Dongfeng_Peugeot-Citro%C3%ABn
LDK,"FAW Bus (Dalian) Co., Ltd.",https://en.wikipedia.org/wiki/FAW_Bus_and_Coach
LDN,Soueast,https://en.wikipedia.org/wiki/Soueast
LDY,Zhongtong Bus,https://en.wikipedia.org/wiki/Zhongtong_Bus
LE4,"Beijing Benz & Beijing Benz-Daimler Chrysler Automotive Co., Ltd.",https://en.wikipedia.org/wiki/Beijing_Benz; https://en.wikipedia.org/wiki/Beijing_Benz
LEF,JMC,https://en.wikipedia.org/wiki/Jiangling_Motors
LET,Jiangxi Isuzu,https://en.wikipedia.org/wiki/Jiangxi_Isuzu
LF3,Lifan motorcycle,https://en.wikipedia.org/wiki/Lifan_Group
LFB,FAW Jilin,https://en.wikipedia.org/wiki/FAW_Jilin
LFM,FAW Toyota,https://en.wikipedia.org/wiki/FAW_Toyota
LFN,"FAW Bus (Wuxi) Co., Ltd.",https://en.wikipedia.org/wiki/FAW_Bus_and_Coach
LFP,FAW Car,https://en.wikipedia.org/wiki/FAW_Car
LFV,FAW-Volkswagen,https://en.wikipedia.org/wiki/FAW-Volkswagen
LGA,"Dongfeng Commercial Vehicle Co., Ltd. trucks",https://en.wikipedia.org/wiki/Dongfeng_Motor_Corporation#Dongfeng_Commercial_Vehicles
LGB,Dongfeng Nissan,https://en.wikipedia.org/wiki/Dongfeng_Nissan
LGC,"Dongfeng Commercial Vehicle Co., Ltd. buses",https://en.wikipedia.org/wiki/Dongfeng_Motor_Corporation#Dongfeng_Commercial_Vehicles
LGG,Dongfeng Liuzhou Motor,https://en.wikipedia.org/wiki/Dongfeng_Liuzhou_Motor
LGJ,Dongfeng Fengshen (Aeolus),https://en.wikipedia.org/wiki/Dongfeng_Fengshen
LGL,Guilin Daewoo,https://en.wikipedia.org/wiki/Zyle_Daewoo_Commercial_Vehicle
LGW,Great Wall (Haval),https://en.wikipedia.org/wiki/Great_Wall_Motors; https://en.wikipedia.org/wiki/Haval_(marque)
LGX,BYD Auto,https://en.wikipedia.org/wiki/BYD_Auto
LGZ,Guangzhou Denway Bus,https://en.wikipedia.org/wiki/Guangzhou_Automobile_Group_Bus#Guangzhou_Denway_Bus
LH1,FAW Haima,https://en.wikipedia.org/wiki/Haima_Automobile
LHG,Guangzhou Honda,https://en.wikipedia.org/wiki/Guangqi_Honda
LJ1,JAC,https://en.wikipedia.org/wiki/JAC_Motors
LJ8,Zotye Auto,https://en.wikipedia.org/wiki/Zotye_Auto
LJC,Jincheng Corporation,https://en.wikipedia.org/wiki/Jincheng_Group
LJD,Dongfeng Yueda Kia,https://en.wikipedia.org/wiki/Dongfeng_Yueda_Kia
LJN,Zhengzhou Nissan,https://en.wikipedia.org/wiki/Zhengzhou_Nissan
LJS,Yaxing Coach,https://en.wikipedia.org/wiki/Yaxing_Coach
LJU,Shanghai Maple Automobile & Kandi,https://en.wikipedia.org/wiki/Shanghai_Maple; https://en.wikipedia.org/wiki/Kandi_Technologies
LJV,"Sinotruk Chengdu Wangpai Commercial Vehicle Co., Ltd.",https://en.wikipedia.org/wiki/Sinotruk_(Hong_Kong)
LJX,JMC Ford,https://en.wikipedia.org/wiki/Jiangling_Motors#Licensed_Ford_production
LKC,Changhe,https://en.wikipedia.org/wiki/Changhe
LKG,"Youngman Lotus Automobile Co., Ltd.",https://en.wikipedia.org/wiki/Youngman
LKL,Higer Bus,https://en.wikipedia.org/wiki/Higer_Bus
LKT,"Yunnan Lifan Junma Vehicle Co., Ltd. commercial vehicles",https://en.wikipedia.org/wiki/Lifan_Group
LL3,Xiamen Golden Dragon Bus Co. Ltd,https://en.wikipedia.org/wiki/Golden_Dragon_(company)
LL6,GAC Mitsubishi,https://en.wikipedia.org/wiki/GAC_Mitsubishi
LL8,"Jiangsu Linhai Yamaha Motor Co., Ltd.",https://en.wikipedia.org/wiki/Yamaha_Motor_Company
LLC,Loncin Holdings,https://en.wikipedia.org/wiki/Loncin_Holdings
LLN,Qoros,https://en.wikipedia.org/wiki/Qoros
LLV,Lifan,https://en.wikipedia.org/wiki/Lifan_Group
LM6,SWM (automobiles),https://en.wikipedia.org/wiki/SWM_(automobiles)
LMG,GAC Trumpchi,https://en.wikipedia.org/wiki/Trumpchi
LNB,BAIC Motor,https://en.wikipedia.org/wiki/BAIC_Motor
LNP,NAC MG UK Limited & Nanjing Fiat Automobile,https://en.wikipedia.org/wiki/Nanjing_Automobile#MG_Rover; https://en.wikipedia.org/wiki/Nanjing_Fiat_Automobile
LNY,Yuejin,https://en.wikipedia.org/wiki/Nanjing_Automobile#Brands
LPA,Changan PSA (DS Automobiles),https://en.wikipedia.org/wiki/Changan_PSA
LPE,BYD Auto,https://en.wikipedia.org/wiki/BYD_Auto
LPS,Polestar,https://en.wikipedia.org/wiki/Polestar
LRB,SAIC General Motors Buick,https://en.wikipedia.org/wiki/SAIC-GM
LRD,"Beijing Foton Daimler Automotive Co., Ltd. Auman trucks",https://en.wikipedia.org/wiki/Foton_Motor
LRE,SAIC General Motors Cadillac,https://en.wikipedia.org/wiki/SAIC-GM
LRW,Tesla,https://en.wikipedia.org/wiki/Tesla_Motors
LS5,Changan Automobile & Changan Suzuki,https://en.wikipedia.org/wiki/Changan_Automobile; https://en.wikipedia.org/wiki/Changan_Suzuki
LS7,JMC Heavy Duty Vehicle,https://en.wikipedia.org/wiki/JMC_Heavy_Duty_Vehicle
LSF,SAIC Maxus & Shanghai Sunwin Bus Corporation,https://en.wikipedia.org/wiki/SAIC_Maxus; https://en.wikipedia.org/wiki/SAIC_Motor#Shanghai_Sunwin_Bus
LSG,SAIC General Motors Chevrolet,https://en.wikipedia.org/wiki/SAIC-GM
LSH,SAIC Maxus,https://en.wikipedia.org/wiki/SAIC_Maxus
LSJ,SAIC MG & SAIC Roewe,https://en.wikipedia.org/wiki/MG_Motor; https://en.wikipedia.org/wiki/Roewe
LSK,SAIC Maxus,https://en.wikipedia.org/wiki/SAIC_Maxus
LSV,SAIC Volkswagen,https://en.wikipedia.org/wiki/SAIC_Volkswagen
LSY,Brilliance & Jinbei GM,https://en.wikipedia.org/wiki/Brilliance_Auto_Group; https://en.wikipedia.org/wiki/Jinbei_(marque)
LTA,ZX Auto,https://en.wikipedia.org/wiki/ZX_Auto
LTN,Soueast built Chrysler & Dodge vehicles,https://en.wikipedia.org/wiki/Soueast
LTV,FAW Toyota (Tianjin),https://en.wikipedia.org/wiki/Tianjin_FAW
LUC,Honda Automobile (China),https://en.wikipedia.org/wiki/Honda_Automobile_(China)
LUD,Dongfeng Nissan Diesel Motor Co Ltd,https://en.wikipedia.org/wiki/Dongfeng_Nissan-Diesel_Company
LUX,Dongfeng Yulon Motor Co. Ltd,https://en.wikipedia.org/wiki/Dongfeng_Yulon
LVA,Foton Motor,https://en.wikipedia.org/wiki/Foton_Motor
LVB,Foton Motor,https://en.wikipedia.org/wiki/Foton_Motor
LVC,Foton Motor,https://en.wikipedia.org/wiki/Foton_Motor
LVF,Changhe Suzuki,https://en.wikipedia.org/wiki/Changhe
LVG,GAC Toyota,https://en.wikipedia.org/wiki/GAC_Toyota
LVH,Dongfeng Honda,https://en.wikipedia.org/wiki/Dongfeng_Honda
LVM,Chery Commercial Vehicle,https://en.wikipedia.org/wiki/Chery
LVR,Changan Mazda,https://en.wikipedia.org/wiki/Changan_Mazda
LVS,Changan Ford & Changan Ford Mazda,https://en.wikipedia.org/wiki/Changan_Ford; https://en.wikipedia.org/wiki/Changan_Ford_Mazda
LVV,Chery,https://en.wikipedia.org/wiki/Chery
LVX,Landwind,https://en.wikipedia.org/wiki/Landwind
LVY,Volvo Cars Daqing factory,https://en.wikipedia.org/wiki/Volvo_Cars; https://en.wikipedia.org/wiki/Daqing
LVZ,DFSK Motor,https://en.wikipedia.org/wiki/DFSK_Motor
LWB,"Wuyang Honda Motorcycle (Guangzhou) Co., Ltd.",https://en.wikipedia.org/wiki/Honda#Motorcycles
LWL,Qingling Isuzu,https://en.wikipedia.org/wiki/Qingling_Motors
LWV,GAC Fiat Chrysler,https://en.wikipedia.org/wiki/GAC_Fiat_Chrysler
LXV,"Beijing Borgward Automotive Co., Ltd.",https://en.wikipedia.org/wiki/Borgward_Group
LXY,"Chongqing Shineray Motorcycle Co., Ltd.","https://en.wikipedia.org/w/index.php?title=Chongqing_Shineray_Motorcycle_Co.,_Ltd.&action=edit&redlink=1"
LYB,"Weichai (Yangzhou) Yaxing Automobile Co., Ltd.",https://en.wikipedia.org/wiki/Yaxing_Coach
LYM,"Zhuzhou Jianshe Yamaha Motorcycle Co., Ltd.",https://en.wikipedia.org/wiki/Yamaha_Motor_Company
LYV,Volvo Cars Chengdu factory & Luqiao factory,https://en.wikipedia.org/wiki/Volvo_Cars; https://en.wikipedia.org/wiki/Chengdu; https://en.wikipedia.org/wiki/Luqiao
LZF,SAIC Iveco Hongyan,https://en.wikipedia.org/wiki/SAIC_Iveco_Hongyan
LZG,Shaanxi Automobile Group Shacman Bus,https://en.wikipedia.org/wiki/Shaanxi_Automobile_Group
LZK,Sinotruk (CNHTC) Huanghe bus,https://en.wikipedia.org/wiki/Sinotruk_(Hong_Kong)
LZS,Zongshen,https://en.wikipedia.org/wiki/Zongshen
LZU,Guangzhou Isuzu Bus,https://en.wikipedia.org/wiki/Guangzhou_Automobile_Group_Bus#Guangzhou_Isuzu_Bus
LZW,SAIC GM Wuling,https://en.wikipedia.org/wiki/SAIC-GM-Wuling
LZY,Yutong,https://en.wikipedia.org/wiki/Yutong
LZZ,"Sinotruk (CNHTC) Howo, Sitrak",https://en.wikipedia.org/wiki/Sinotruk_(Hong_Kong)
MA1,Mahindra,https://en.wikipedia.org/wiki/Mahindra_%26_Mahindra
MA3,Maruti Suzuki India Limited,https://en.wikipedia.org/wiki/Maruti_Suzuki
MA6,General Motors India Pvt. Ltd.,https://en.wikipedia.org/wiki/General_Motors_India
MA7,Hindustan Motors Ltd & Mitsubishi Motors models made by Hindustan Motors & Isuzu models made by Hindustan Motors,https://en.wikipedia.org/wiki/Hindustan_Motors; https://en.wikipedia.org/wiki/Mitsubishi_Motors; https://en.wikipedia.org/wiki/Isuzu
MAH,Fiat India Automobiles Pvt. Ltd,https://en.wikipedia.org/wiki/FCA_India_Automobiles
MAJ,Ford India,https://en.wikipedia.org/wiki/Ford_India
MAK,Honda Cars India,https://en.wikipedia.org/wiki/Honda_Cars_India
MAL,Hyundai Motor India,https://en.wikipedia.org/wiki/Hyundai_Motor_India
MAN,Eicher Polaris Multix,https://en.wikipedia.org/wiki/Eicher_Polaris_Multix
MAT,Tata Motors,https://en.wikipedia.org/wiki/Tata_Motors
MB1,Ashok Leyland Ltd,https://en.wikipedia.org/wiki/Ashok_Leyland
MB8,Suzuki Motorcycle India Limited,https://en.wikipedia.org/wiki/Suzuki_Motorcycle_India_Limited
MBF,Royal Enfield,https://en.wikipedia.org/wiki/Royal_Enfield_(India)
MBH,Nissan Pixo made by Maruti Suzuki India Limited,https://en.wikipedia.org/wiki/Nissan_Pixo; https://en.wikipedia.org/wiki/Maruti_Suzuki
MBJ,Toyota Kirloskar Motor Pvt Ltd,https://en.wikipedia.org/wiki/Toyota_Kirloskar_Motor
MBK,MAN Trucks India Pvt. Ltd,https://en.wikipedia.org/wiki/MAN_SE#Postwar_period
MBL,Hero MotoCorp,https://en.wikipedia.org/wiki/Hero_MotoCorp
MBU,Swaraj Vehicles Limited,https://en.wikipedia.org/wiki/SML_Isuzu
MBV,Premier Automobiles Limited,https://en.wikipedia.org/wiki/Premier_Automobiles_Limited
MBX,Piaggio India Piaggio Ape,https://en.wikipedia.org/wiki/Piaggio; https://en.wikipedia.org/wiki/Piaggio_Ape
MBY,Asia Motor Works Ltd,https://en.wikipedia.org/wiki/Asia_MotorWorks
MC1,Force Motors Limited,https://en.wikipedia.org/wiki/Force_Motors
MC2,Eicher Motors Limited,https://en.wikipedia.org/wiki/Eicher_Motors_Limited
MC4,Dilip Chhabria Design Pvt Ltd,https://en.wikipedia.org/wiki/DC_Avanti
MCA,FCA India Automobiles Pvt. Ltd,https://en.wikipedia.org/wiki/FCA_India_Automobiles
MCB,General Motors India Pvt. Ltd.,https://en.wikipedia.org/wiki/General_Motors_India
MCD,Mahindra Two Wheelers,https://en.wikipedia.org/wiki/Mahindra_Two_Wheelers
MCG,Atul Auto,https://en.wikipedia.org/wiki/Atul_Auto
MCL,International Cars And Motors Ltd,https://en.wikipedia.org/wiki/ICML_Motors
MD2,Bajaj Auto Ltd & KTM and Husqvarna models built by Bajaj,https://en.wikipedia.org/wiki/Bajaj_Auto; https://en.wikipedia.org/wiki/KTM; https://en.wikipedia.org/wiki/Husqvarna_Motorcycles
MD6,TVS Motor Company,https://en.wikipedia.org/wiki/TVS_Motor_Company
MD7,LML Ltd including Genuine Scooter Company Stella,https://en.wikipedia.org/wiki/Lohia_Machinery; https://en.wikipedia.org/wiki/Genuine_Scooters
MDE,Kinetic Engineering Limited,https://en.wikipedia.org/wiki/Kinetic_Engineering_Limited
MDH,Nissan Motor India Pvt Ltd,https://en.wikipedia.org/wiki/Nissan_Motor_India
MDT,Kerala Automobiles Limited,https://en.wikipedia.org/wiki/Kerala_Automobiles_Limited
ME1,India Yamaha Motor Pvt. Ltd,https://en.wikipedia.org/wiki/Yamaha_Motor
ME3,Royal Enfield,https://en.wikipedia.org/wiki/Royal_Enfield_(India)
ME4,Honda Motorcycle and Scooter India,https://en.wikipedia.org/wiki/Honda_Motorcycle_and_Scooter_India
ME9,BUYMYEV TECHNOLOGY PVT LTD,https://en.wikipedia.org/w/index.php?title=BUYMYEV_TECHNOLOGY_PVT_LTD&action=edit&redlink=1
MEC,Daimler India Commercial Vehicles Pvt. Ltd. BharatBenz,https://en.wikipedia.org/wiki/Daimler_India_Commercial_Vehicles_Pvt._Ltd.; https://en.wikipedia.org/wiki/BharatBenz
MEE,Renault India Private Limited,https://en.wikipedia.org/wiki/Renault_India_Private_Limited
MEG,Harley-Davidson India,https://en.wikipedia.org/wiki/Harley-Davidson_India
MER,Benelli,https://en.wikipedia.org/wiki/Benelli_(motorcycles)
MET,Piaggio India Vespa,https://en.wikipedia.org/wiki/Piaggio; https://en.wikipedia.org/wiki/Vespa
MEX,Škoda Auto Volkswagen India Pvt. Ltd. 2015 on,https://en.wikipedia.org/wiki/%C5%A0koda_Auto_Volkswagen_India
MYH,Ather Energy,https://en.wikipedia.org/wiki/Ather_Energy
MZ7,MG Motor India Pvt. Ltd.,https://en.wikipedia.org/wiki/MG_Motor_India
MZB,Kia India Pvt. Ltd.,https://en.wikipedia.org/wiki/Kia_India
MZD,Classic Legends Private Limited – Jawa,https://en.wikipedia.org/wiki/Jawa_Moto#JAWA_in_India
M3G,Isuzu Motors India,https://en.wikipedia.org/wiki/Isuzu_Motors_India
M6F,UM Lohia Two Wheelers Private Limited,https://en.wikipedia.org/wiki/UM_Motorcycles
MH1,PT Astra Honda Motor,https://en.wikipedia.org/wiki/Astra_Honda_Motor
MH3,PT Yamaha Indonesia Motor Mfg.,https://en.wikipedia.org/wiki/Yamaha_Motor_Company
MH4,PT Kawasaki Motor Indonesia,https://en.wikipedia.org/wiki/Kawasaki_Heavy_Industries#Southeast_Asia
MHF,PT Toyota Astra Motor,https://en.wikipedia.org/wiki/Toyota_Astra_Motor
MHH,BMW cars 2003-2019 India_clarification needed_,https://en.wikipedia.org/wiki/Wikipedia:Please_clarify
MHK,PT Astra Daihatsu Motor including Toyotas made by Astra Daihatsu,https://en.wikipedia.org/wiki/Astra_Daihatsu_Motor
MHL,PT Mercedes-Benz Indonesia,https://en.wikipedia.org/wiki/Mercedes-Benz_Distribution_Indonesia
MHR,PT Honda Prospect Motor,https://en.wikipedia.org/wiki/Honda_Prospect_Motor
MHY,PT Suzuki Indomobil Motor,https://en.wikipedia.org/wiki/Suzuki_Indomobil_Motor
MJB,GM Indonesia,
MK2,Mitsubishi Motors Krama Yudha Indonesia,https://en.wikipedia.org/wiki/Mitsubishi_Motors_Krama_Yudha_Indonesia
MK3,PT SGMW Motor Indonesia Wuling,https://en.wikipedia.org/wiki/SGMW_Motor_Indonesia
ML0,"Ducati Motor (Thailand) Co., Ltd.",https://en.wikipedia.org/wiki/Ducati_Motor_Holding
ML3,Mitsubishi Motors (Thailand),https://en.wikipedia.org/wiki/Mitsubishi_Motors_(Thailand)
ML5,Kawasaki Motors Enterprise Co. Ltd. (Thailand),https://en.wikipedia.org/wiki/Kawasaki_Heavy_Industries#Southeast_Asia
MLC,"Thai Suzuki Motor Co., Ltd.",https://en.wikipedia.org/wiki/Suzuki#Production_facilities
MLE,"Thai Yamaha Motor Co., Ltd.",https://en.wikipedia.org/wiki/Yamaha_Motor
MLH,Honda motorcycle,https://en.wikipedia.org/wiki/Honda
MLY,Harley-Davidson,https://en.wikipedia.org/wiki/Harley-Davidson
MM0,Mazda (Ford-Mazda AAT plant),https://en.wikipedia.org/wiki/Mazda; https://en.wikipedia.org/wiki/AutoAlliance_Thailand
MM6,Mazda (Ford-Mazda AAT plant),https://en.wikipedia.org/wiki/Mazda; https://en.wikipedia.org/wiki/AutoAlliance_Thailand
MM7,Mazda (Ford-Mazda AAT plant),https://en.wikipedia.org/wiki/Mazda; https://en.wikipedia.org/wiki/AutoAlliance_Thailand
MM8,Mazda (Ford-Mazda AAT plant),https://en.wikipedia.org/wiki/Mazda; https://en.wikipedia.org/wiki/AutoAlliance_Thailand
MMA,Mitsubishi Motors (Thailand),https://en.wikipedia.org/wiki/Mitsubishi_Motors_(Thailand)
MMB,Mitsubishi Motors (Thailand),https://en.wikipedia.org/wiki/Mitsubishi_Motors_(Thailand)
MMC,Mitsubishi Motors (Thailand),https://en.wikipedia.org/wiki/Mitsubishi_Motors_(Thailand)
MMD,Mitsubishi Motors (Thailand),https://en.wikipedia.org/wiki/Mitsubishi_Motors_(Thailand)
MMF,BMW,
MMH,Tata,https://en.wikipedia.org/wiki/Tata_Group
MMK,Toyota (Toyota Auto Works plant),https://en.wikipedia.org/wiki/Toyota
MMM,Chevrolet,https://en.wikipedia.org/wiki/Chevrolet
MML,MG,https://en.wikipedia.org/wiki/MG_Motor
MMR,Subaru,https://en.wikipedia.org/wiki/Subaru
MMS,Suzuki,https://en.wikipedia.org/wiki/Suzuki
MMT,Mitsubishi Motors (Thailand),https://en.wikipedia.org/wiki/Mitsubishi_Motors_(Thailand)
MMU,Holden,https://en.wikipedia.org/wiki/Holden
MNA,Ford (Ford-Mazda AAT plant) for Australia/New Zealand export,https://en.wikipedia.org/wiki/Ford_Motor_Company; https://en.wikipedia.org/wiki/AutoAlliance_Thailand
MNB,Ford (Ford-Mazda AAT plant) for other right-hand drive markets,https://en.wikipedia.org/wiki/Ford_Motor_Company; https://en.wikipedia.org/wiki/AutoAlliance_Thailand
MNC,Ford (Ford-Mazda AAT plant) for left-hand drive markets,https://en.wikipedia.org/wiki/Ford_Motor_Company; https://en.wikipedia.org/wiki/AutoAlliance_Thailand
MNK,Hino Motors Manufacturing Thailand Co Ltd,https://en.wikipedia.org/wiki/Hino_Motors#Thailand
MNT,Nissan Motor Thailand,https://en.wikipedia.org/wiki/Nissan#Manufacturing_locations
MPA,IMCT Isuzu Motors Company Thailand,https://en.wikipedia.org/w/index.php?title=IMCT_Isuzu_Motors_Company_Thailand&action=edit&redlink=1
MPB,Ford (FTM plant),https://en.wikipedia.org/wiki/Ford_Motor_Company; https://en.wikipedia.org/wiki/AutoAlliance_Thailand#Ford_Thailand_Manufacturing
MP1,IMCT Isuzu Motors Company Thailand,https://en.wikipedia.org/w/index.php?title=IMCT_Isuzu_Motors_Company_Thailand&action=edit&redlink=1
MP2,"Mazda BT-50 pickup built by Isuzu Motors (Thailand) Co., Ltd.",https://en.wikipedia.org/wiki/Mazda_BT-50#TF
MP5,Foton,https://en.wikipedia.org/wiki/Foton_Motor
MRH,Honda car,https://en.wikipedia.org/wiki/Honda
MR0,Toyota (Ban Pho and Samrong plant),https://en.wikipedia.org/wiki/Toyota
MR1,Toyota (Samrong plant) (Fortuner),https://en.wikipedia.org/wiki/Toyota
MR2,Toyota (Gateway plant),https://en.wikipedia.org/wiki/Toyota
MRX,"BYD AUTO (THAILAND) CO.,LTD.",
MS0,SSS MOTORS Myanmar/Kia,https://en.wikipedia.org/w/index.php?title=SSS_MOTORS_Myanmar/Kia&action=edit&redlink=1
MS3,"Suzuki Myanmar Motor Co., Ltd.",https://en.wikipedia.org/wiki/Suzuki#Production_facilities
MXV,IMZ-Ural Ural Motorcycles,https://en.wikipedia.org/wiki/IMZ-Ural
MX3,Hyundai Trans Auto,https://en.wikipedia.org/wiki/Hyundai_Motor_Company
N3C,Kavir motor Company (Yektaz),
N58,Kavir motor Company (EURASIA),
NAA,Iran khodro Company,https://en.wikipedia.org/wiki/Iran_Khodro_Company
NAD,Saipa Diesel,https://en.wikipedia.org/wiki/Saipa_Diesel
NAG,Bahman Industrial Group,https://en.wikipedia.org/wiki/Bahman_Group
NAP,Pars Khodro,https://en.wikipedia.org/wiki/Pars_Khodro
NAS,Saipa Co.,https://en.wikipedia.org/w/index.php?title=Saipa_Co.&action=edit&redlink=1
NC0,BMW South Africa,https://en.wikipedia.org/wiki/BMW_South_Africa
NFB,Honda Atlas Cars Pakistan Ltd,https://en.wikipedia.org/wiki/Honda_Atlas_Cars
NG3,Lucky Motor Corporation,https://en.wikipedia.org/wiki/Lucky_Motor_Corporation
NLA,Honda cars,https://en.wikipedia.org/wiki/Honda
NLC,Askam Kamyon Imalat Ve Ticaret A.S.,https://en.wikipedia.org/wiki/Askam_(trucks)
NLH,Hyundai Assan Otomotiv car/SUV,https://en.wikipedia.org/wiki/Hyundai_Assan_Otomotiv
NLJ,Hyundai Assan Otomotiv van,https://en.wikipedia.org/wiki/Hyundai_Assan_Otomotiv
NLN,Karsan Automotive Industry & Trade,https://en.wikipedia.org/wiki/Karsan
NLR,Otokar,https://en.wikipedia.org/wiki/Otokar
NLT,TEMSA,https://en.wikipedia.org/wiki/TEMSA
NL1,Togg,https://en.wikipedia.org/wiki/Togg
NMA,MAN Türkiye A.Ş.,https://en.wikipedia.org/wiki/MANA%C5%9E
NMB,Mercedes-Benz Türk A.S.,https://en.wikipedia.org/wiki/Mercedes-Benz_buses#Mercedes-Benz_Türk
NMC,BMC Otomotiv Sanayi ve Ticaret A.Ş.,https://en.wikipedia.org/wiki/BMC_(Turkey)
NMH,Honda motorcycle,https://en.wikipedia.org/wiki/Honda
NMT,Toyota Motor Manufacturing Turkey,https://en.wikipedia.org/wiki/Toyota_Motor_Manufacturing_Turkey
NM0,Ford Otosan,https://en.wikipedia.org/wiki/Ford_Otosan
NM1,Oyak-Renault Oto Fab AS,https://en.wikipedia.org/wiki/Oyak-Renault
NM4,Tofas (Turk Otomobil Fabrikasi AS),https://en.wikipedia.org/wiki/Tofas
NNA,Anadolu Isuzu,https://en.wikipedia.org/wiki/Anadolu_Isuzu
PAB,Isuzu Philippines Corporation,https://en.wikipedia.org/wiki/Isuzu_Philippines
PAD,Honda Cars Philippines,https://en.wikipedia.org/wiki/List_of_Honda_facilities#Philippines
PAF,BMW Philippines,
PE1,Ford Motor Company Philippines,https://en.wikipedia.org/wiki/Ford_Motor_Company_Philippines
PE3,Mazda Philippines made by Ford Motor Company Philippines,https://en.wikipedia.org/wiki/Ford_Motor_Company_Philippines
PL1,Proton,https://en.wikipedia.org/wiki/PROTON_Holdings
PL8,Hyundai/Inokom,https://en.wikipedia.org/wiki/Inokom
PLP,Subaru,https://en.wikipedia.org/wiki/Subaru
PLZ,Isuzu Malaysia,https://en.wikipedia.org/wiki/Isuzu_Malaysia
PMH,Honda car,https://en.wikipedia.org/wiki/Honda
PML,Hicom,https://en.wikipedia.org/wiki/DRB-HICOM
PM1,BMW,
PM2,Perodua,https://en.wikipedia.org/wiki/Perodua
PM9,Bufori,https://en.wikipedia.org/wiki/Bufori
PMK,Honda Boon Siew motorcycle,https://en.wikipedia.org/wiki/Honda
PMN,Modenas,https://en.wikipedia.org/wiki/Modenas
PMV,Hong Leong Yamaha Motor Sdn. Bhd.,https://en.wikipedia.org/w/index.php?title=Hong_Leong_Financial_Group&action=edit&redlink=1
PNA,Naza/Kia/Peugeot,https://en.wikipedia.org/wiki/Naza_Automotive_Manufacturing
PNA,Peugeot,https://en.wikipedia.org/wiki/Naza_Automotive_Manufacturing
PNV,Volvo Cars,https://en.wikipedia.org/wiki/Volvo_Car_Manufacturing_Malaysia
PN1,Toyota,https://en.wikipedia.org/wiki/UMW_Toyota_Motor_(Malaysia)
PN2,Toyota,https://en.wikipedia.org/wiki/UMW_Toyota_Motor_(Malaysia)
PN8,Nissan,https://en.wikipedia.org/wiki/Tan_Chong_Motor
PP1,Mazda,https://en.wikipedia.org/wiki/Mazda
PP3,Hyundai,https://en.wikipedia.org/wiki/Hyundai_Motor_Company
PPP,Suzuki,https://en.wikipedia.org/wiki/Suzuki
PPV,Volkswagen,https://en.wikipedia.org/wiki/Volkswagen
PR8,Ford,https://en.wikipedia.org/wiki/Ford_Motor_Company
PRA,Sinotruk,https://en.wikipedia.org/wiki/China_National_Heavy_Duty_Truck_Group
PRB,Jaecoo (Chery Jaecoo),https://en.wikipedia.org/wiki/Jaecoo
PRH,Chery,https://en.wikipedia.org/wiki/Chery
PRN,GAC Trumpchi made by Warisan Tan Chong Automotif Malaysia,https://en.wikipedia.org/wiki/Trumpchi
LFA,Ford Lio Ho Motor Co Ltd old designation,https://en.wikipedia.org/wiki/Ford_Lio_Ho_Motor
LM1,Tai Ling Motor Co Ltd old designation,https://en.wikipedia.org/w/index.php?title=Tai_Ling_Motor_Co_Ltd&action=edit&redlink=1
LM4,Tai Ling Motor Co Ltd old designation,https://en.wikipedia.org/w/index.php?title=Tai_Ling_Motor_Co_Ltd&action=edit&redlink=1
LPR,Yamaha Motor Taiwan Co. Ltd. old designation,https://en.wikipedia.org/wiki/Yamaha_Motor_Company
RF3,Aeon Motor,https://en.wikipedia.org/wiki/Aeon_Motor
RF5,Yulon Motor Co Ltd,https://en.wikipedia.org/wiki/Yulon_Motor
RFB,Kymco,https://en.wikipedia.org/wiki/Kymco
RFC,Taiwan Golden Bee,https://en.wikipedia.org/wiki/Taiwan_Golden_Bee
RFD,Tai Ling Motor Co Ltd new designation,https://en.wikipedia.org/w/index.php?title=Tai_Ling_Motor_Co_Ltd&action=edit&redlink=1
RFG,SYM Motors,https://en.wikipedia.org/wiki/SYM_Motors
RFV,PGO Scooters including Genuine Scooter Company models made by PGO,https://en.wikipedia.org/wiki/PGO_Scooters; https://en.wikipedia.org/wiki/Genuine_Scooters
RGS,Kawasaki made by Kymco,https://en.wikipedia.org/wiki/Kawasaki_Heavy_Industries_Motorcycle_%26_Engine; https://en.wikipedia.org/wiki/Kymco
RHA,Ford Lio Ho Motor Co Ltd new designation,https://en.wikipedia.org/wiki/Ford_Lio_Ho_Motor
RK7,Kawasaki ATV made by Tai Ling Motor Co Ltd (rebadged Suzuki ATV) new designation,https://en.wikipedia.org/wiki/Kawasaki_Heavy_Industries_Motorcycle_%26_Engine; https://en.wikipedia.org/w/index.php?title=Tai_Ling_Motor_Co_Ltd&action=edit&redlink=1
RKJ,Prince Motors Taiwan,https://en.wikipedia.org/wiki/Prince_Motors_(Taiwan)
RKL,Kuozui Motors (Toyota),https://en.wikipedia.org/wiki/Kuozui_Motors
RKM,China Motor Corporation,https://en.wikipedia.org/wiki/China_Motor_Corporation
RKR,Yamaha Motor Taiwan Co. Ltd. new designation,https://en.wikipedia.org/wiki/Yamaha_Motor_Company
RKT,Honda Taiwan,https://en.wikipedia.org/wiki/Honda_Taiwan
RL0,Ford Vietnam,https://en.wikipedia.org/wiki/Ford_Vietnam
RL4,Toyota Motor Vietnam,https://en.wikipedia.org/wiki/Toyota_Motor_Vietnam
RLA,Vina Star Motors Corp. – Mitsubishi,https://en.wikipedia.org/wiki/Mitsubishi_Motors
RLC,Yamaha Motor Vietnam Co. Ltd.,https://en.wikipedia.org/wiki/Yamaha_Motor_Company
RLE,Isuzu Vietnam Co.,https://en.wikipedia.org/wiki/Isuzu_Vietnam
RLF,BMW BMW cars 2003-2014 Vietnam,
RLH,Honda Vietnam Co. Ltd.,https://en.wikipedia.org/wiki/List_of_Honda_facilities#Vietnam
RLL,VinFast SUV,https://en.wikipedia.org/wiki/VinFast
RLM,Mercedes-Benz Vietnam,https://en.wikipedia.org/wiki/Mercedes-Benz#Factories
RLV,"Vietnam Precision Industrial CO., Ltd. Can-Am DS 70 & DS 90","https://en.wikipedia.org/w/index.php?title=Vietnam_Precision_Industrial_CO.,_Ltd.&action=edit&redlink=1; https://en.wikipedia.org/wiki/Can-Am_Off-Road"
RP8,Piaggio Vietnam Co. Ltd.,https://en.wikipedia.org/wiki/Piaggio
R4N,Elyx Smart Technology Holdings (Hong Kong) Ltd.,
SA9,Morgan Motor Company,https://en.wikipedia.org/wiki/Morgan_Motor_Company
SA9,OX Global,
SA9,Panther,https://en.wikipedia.org/wiki/Panther_Westwinds
005,Panther,https://en.wikipedia.org/wiki/Panther_Westwinds
SA9,TVR,https://en.wikipedia.org/wiki/TVR
019,TVR,https://en.wikipedia.org/wiki/TVR
SA9,Westfield Sportscars,https://en.wikipedia.org/wiki/Westfield_Sportscars
039,Westfield Sportscars,https://en.wikipedia.org/wiki/Westfield_Sportscars
SA9,McLaren F1,https://en.wikipedia.org/wiki/McLaren_F1
048,McLaren F1,https://en.wikipedia.org/wiki/McLaren_F1
SA9,Marcos Engineering,https://en.wikipedia.org/wiki/Marcos_Engineering
050,Marcos Engineering,https://en.wikipedia.org/wiki/Marcos_Engineering
SA9,MG Sport and Racing,https://en.wikipedia.org/wiki/MG_XPower_SV
130,MG Sport and Racing,https://en.wikipedia.org/wiki/MG_XPower_SV
SA9,Morgan 3-Wheeler,https://en.wikipedia.org/wiki/Morgan_3-Wheeler
202,Morgan 3-Wheeler,https://en.wikipedia.org/wiki/Morgan_3-Wheeler
SA9,KaiserRushforth,
506,KaiserRushforth,
SAA,Austin,https://en.wikipedia.org/wiki/Austin_Motor_Company
SAB,Optare,https://en.wikipedia.org/wiki/Optare
SAD,Daimler until April 1987,https://en.wikipedia.org/wiki/Daimler_Company
SAD,Jaguar SUV,https://en.wikipedia.org/wiki/Jaguar_Cars
SAF,ERF,https://en.wikipedia.org/wiki/ERF_(truck_manufacturer)
SAH,Honda made by Austin Rover Group,https://en.wikipedia.org/wiki/Honda
SAJ,Jaguar,https://en.wikipedia.org/wiki/Jaguar_Cars
SAL,Land Rover,https://en.wikipedia.org/wiki/Land_Rover
SAM,Morris,https://en.wikipedia.org/wiki/Morris_Motors
SAR,Rover & MG Rover Group,https://en.wikipedia.org/wiki/Rover_(marque); https://en.wikipedia.org/wiki/MG_Rover_Group
SAT,Triumph car,https://en.wikipedia.org/wiki/Triumph_Motor_Company
SAX,Austin Rover Group including Sterling Cars,https://en.wikipedia.org/wiki/Austin_Rover_Group; https://en.wikipedia.org/wiki/Sterling_(marque)
SAY,Norton Motorcycles,https://en.wikipedia.org/wiki/Norton_Motorcycle_Company#The_Donington_Park_revival
SAZ,Freight Rover,https://en.wikipedia.org/wiki/Freight_Rover
SBB,Leyland Vehicles,https://en.wikipedia.org/wiki/Leyland_Trucks
SBC,Iveco Ford Truck,https://en.wikipedia.org/wiki/Iveco
SBJ,Leyland Bus,https://en.wikipedia.org/wiki/Leyland_Bus
SBL,Leyland Motors & Leyland DAF,https://en.wikipedia.org/wiki/Leyland_Motors; https://en.wikipedia.org/wiki/Leyland_DAF
SBM,McLaren Group,https://en.wikipedia.org/wiki/McLaren_Group
SBS,Scammell,https://en.wikipedia.org/wiki/Scammell
SBV,Kenworth & Peterbilt trucks made by Leyland Trucks,https://en.wikipedia.org/wiki/Kenworth; https://en.wikipedia.org/wiki/Peterbilt; https://en.wikipedia.org/wiki/Leyland_Trucks
SB1,Toyota Manufacturing UK,https://en.wikipedia.org/wiki/Toyota_Manufacturing_UK
SCA,Rolls-Royce Motor Cars & Rolls-Royce Motors car,https://en.wikipedia.org/wiki/Rolls-Royce_Motor_Cars; https://en.wikipedia.org/wiki/Rolls-Royce_Motors
SCB,Bentley Motors Limited,https://en.wikipedia.org/wiki/Bentley_Motors_Limited
SCC,Lotus Cars Limited,https://en.wikipedia.org/wiki/Lotus_Cars_Limited
SCE,DeLorean,https://en.wikipedia.org/wiki/DeLorean_Motor_Company
SCF,Aston Martin Lagonda Limited,https://en.wikipedia.org/wiki/Aston_Martin_Lagonda_Limited
SCG,Triumph Engineering original Triumph Motorcycle company,https://en.wikipedia.org/wiki/Triumph_Engineering
SCK,Ifor Williams Trailers,https://en.wikipedia.org/wiki/Ifor_Williams_Trailers
SCR,London Electric Vehicle Company & London Taxi Company & London Taxis International,https://en.wikipedia.org/wiki/London_Electric_Vehicle_Company; https://en.wikipedia.org/wiki/London_Taxi_Company; https://en.wikipedia.org/wiki/London_Taxis_International
SCV,Volvo Truck & Bus,https://en.wikipedia.org/wiki/Leyland_Bus
SC6,INEOS Automotive,https://en.wikipedia.org/wiki/Ineos#Ineos_Automotive
SDB,Talbot Motor Company,https://en.wikipedia.org/wiki/Talbot_(automobile)#Chrysler/Peugeot_era_(1979-1985)
SDF,Dodge Trucks – UK 1981–1984,https://en.wikipedia.org/wiki/Chrysler_Europe#Vans_and_Trucks
SDG,Renault Trucks Industries 1985–1992,https://en.wikipedia.org/wiki/Renault_Trucks#History
SDK,Caterham Cars,https://en.wikipedia.org/wiki/Caterham_Cars
SDL,TVR,https://en.wikipedia.org/wiki/TVR
SDP,MG Motor NAC MG UK & MG Motor UK,https://en.wikipedia.org/wiki/MG_Motor
SD7,Aston Martin SUVs,https://en.wikipedia.org/wiki/Aston_Martin
SED,IBC Vehicles (Isuzu Bedford Company),https://en.wikipedia.org/wiki/IBC_Vehicles
SEG,Dennis Eagle,https://en.wikipedia.org/wiki/Dennis_Eagle
SEY,LDV Group,https://en.wikipedia.org/wiki/LDV_Group
SFA,Ford of Britain,https://en.wikipedia.org/wiki/Ford_of_Britain
SFD,Dennis,https://en.wikipedia.org/wiki/Dennis_Specialist_Vehicles
SFE,Alexander Dennis,https://en.wikipedia.org/wiki/Alexander_Dennis
SFN,Foden,https://en.wikipedia.org/wiki/Foden_Trucks
SFZ,Tesla Roadster made by Lotus,https://en.wikipedia.org/wiki/Tesla_Motors
SGD,Swift Group Ltd.,https://en.wikipedia.org/w/index.php?title=Swift_Group_Ltd.&action=edit&redlink=1
SHH,Honda UK Manufacturing car,https://en.wikipedia.org/wiki/Honda_UK_Manufacturing
SHS,Honda UK Manufacturing SUV,https://en.wikipedia.org/wiki/Honda_UK_Manufacturing
SJA,Bentley SUV,https://en.wikipedia.org/wiki/Bentley
SJK,Nissan Motor Manufacturing UK Infiniti,https://en.wikipedia.org/wiki/Nissan_Motor_Manufacturing_UK; https://en.wikipedia.org/wiki/Infiniti
SJN,Nissan Motor Manufacturing UK Nissan,https://en.wikipedia.org/wiki/Nissan_Motor_Manufacturing_UK; https://en.wikipedia.org/wiki/Nissan
SKA,Vauxhall Motors,https://en.wikipedia.org/wiki/Vauxhall_Motors
SKF,Bedford Vehicles,https://en.wikipedia.org/wiki/Bedford_Vehicles
SLA,Rolls-Royce Motor Cars SUV,https://en.wikipedia.org/wiki/Rolls-Royce_Motor_Cars
SLP,JC Bamford Excavators,https://en.wikipedia.org/wiki/JCB_(heavy_equipment_manufacturer)
SLV,Volvo Bus,https://en.wikipedia.org/wiki/Volvo_Buses
SMT,Triumph Motorcycles Ltd current Triumph Motorcycle company,https://en.wikipedia.org/wiki/Triumph_Motorcycles_Ltd
SNE,Wartburg,https://en.wikipedia.org/wiki/Wartburg_(marque)
SNT,Trabant,https://en.wikipedia.org/wiki/Trabant
SNZ,MZ Motorrad- und Zweiradwerk,https://en.wikipedia.org/wiki/MZ_Motorrad-_und_Zweiradwerk
SUA,Sanocka Fabryka Autobusow Sfa / Autosan,https://en.wikipedia.org/wiki/Autosan; https://en.wikipedia.org/wiki/Autosan
SUD,Wielton,https://en.wikipedia.org/wiki/Wielton
SUE,BOSMAL,
SUF,Fabryka Samochodów Małolitrażowych,https://en.wikipedia.org/wiki/Fabryka_Samochod%C3%B3w_Ma%C5%82olitra%C5%BCowych
SUJ,Jelcz,https://en.wikipedia.org/wiki/Jelcz
SUL,FSC Lublin Automotive Factory,https://en.wikipedia.org/wiki/FSC_Lublin_Automotive_Factory
SUM,Metal-Fach Sp. z o.o.,https://en.wikipedia.org/w/index.php?title=Metal-Fach_Sp._z_o.o.&action=edit&redlink=1
SUN,FSD pl,https://en.wikipedia.org/w/index.php?title=Department_of_Commercial_Vehicles&action=edit&redlink=1; https://pl.wikipedia.org/wiki/Zak%C5%82ad_Samochod%C3%B3w_Dostawczych
SUP,Fabryka Samochodow Osobowych,https://en.wikipedia.org/wiki/Fabryka_Samochodow_Osobowych
SUR,Factory of Agricultural Vehicles ‘Polmo’ in Poznań,
SUS,Fabryka Samochodów Ciężarowych „Star”,https://en.wikipedia.org/wiki/FSC_Star
SUU,Solaris Bus & Coach,https://en.wikipedia.org/wiki/Solaris_Bus_%26_Coach
SUZ,Zasław,
SVS,BODEX,
SW9,Solbus,https://en.wikipedia.org/wiki/Solbus
SX9,SOMMER,
SZ9,EPOKA,
SZA,Scania Production Slupsk,https://en.wikipedia.org/wiki/Scania_AB#Production_sites
SZB,Pronar,https://en.wikipedia.org/wiki/Pronar
SZH,BWW,
SZR,BORO,
TAM,Mowag,https://en.wikipedia.org/wiki/Mowag
TAP,Polaris Europe (based in Switzerland),https://en.wikipedia.org/wiki/Polaris_Inc
TAW,Nutzfahrzeuggesellschaft Arbon & Wetzikon (NAW) former Swiss manufacturer of commercial vehicles (until 2003),https://en.wikipedia.org/wiki/Nutzfahrzeuggesellschaft_Arbon_%26_Wetzikon
TCC,Micro Compact Car (until 5/99),https://en.wikipedia.org/wiki/Smart_(marque)
TEB,Bucher Municipal including Johnston Sweepers of the UK (owned by Bucher Municipal of Switzerland),https://en.wikipedia.org/wiki/Bucher_Industries
TH9,Carrosserie HESS AG Swiss manufacturer of buses and trolleybuses,https://en.wikipedia.org/wiki/Carrosserie_Hess
TK9,SOR Libchavy,https://en.wikipedia.org/wiki/SOR_Libchavy
SL5,SOR Libchavy,https://en.wikipedia.org/wiki/SOR_Libchavy
TLJ,Jawa Moto,https://en.wikipedia.org/wiki/Jawa_Moto
TMA,Hyundai Motor Manufacturing Czech car,https://en.wikipedia.org/wiki/Hyundai_Motor_Company#Czech_Republic
TMB,Škoda Auto AS,https://en.wikipedia.org/wiki/%C5%A0koda_Auto
TMC,Hyundai Motor Manufacturing Czech SUV,https://en.wikipedia.org/wiki/Hyundai_Motor_Company#Czech_Republic
TMK,Karosa,https://en.wikipedia.org/wiki/Karosa
TMP,Škoda Ostrov,
TMT,Tatra car,https://en.wikipedia.org/wiki/Tatra_(company)
TNA,Avia/Daewoo Avia,https://en.wikipedia.org/wiki/Avia_Motors
TNT,Tatra trucks,https://en.wikipedia.org/wiki/Tatra_(company)
TNU,Tatra trucks,https://en.wikipedia.org/wiki/Tatra_(company)
TRA,Ikarus Bus,https://en.wikipedia.org/wiki/Ikarus_Bus
TRU,Audi,https://en.wikipedia.org/wiki/Audi
TSM,Suzuki,https://en.wikipedia.org/wiki/Suzuki_Motor_Corporation
TW1,Toyota Caetano Portugal,https://en.wikipedia.org/wiki/Toyota_Motor_Europe#Manufacturing_centres
TW3,Renault Portuguesa SARL,https://en.wikipedia.org/w/index.php?title=Renault_Portuguesa_SARL&action=edit&redlink=1
TW7,Mini Moke made by British Leyland & Austin Rover,https://en.wikipedia.org/wiki/Mini_Moke#Portuguese_Mokes
TW8,General Motors De Portugal Lda,https://en.wikipedia.org/w/index.php?title=General_Motors_De_Portugal_Lda&action=edit&redlink=1
TWG,Salvador Caetano,https://en.wikipedia.org/wiki/Salvador_Caetano
TX5,Mini Moke made by Cagiva,https://en.wikipedia.org/wiki/Mini_Moke#Portuguese_Mokes
TYA,Mitsubishi Fuso Truck and Bus Corp.,https://en.wikipedia.org/wiki/Fuso_(company)#Facilities
TYB,Mitsubishi Fuso Truck and Bus Corp.,https://en.wikipedia.org/wiki/Fuso_(company)#Facilities
U5Y,Kia Motors Slovakia car,https://en.wikipedia.org/wiki/List_of_Kia_design_and_manufacturing_facilities#Žilina_Plant_(Kask)
U6Y,Kia Motors Slovakia SUV,https://en.wikipedia.org/wiki/List_of_Kia_design_and_manufacturing_facilities#Žilina_Plant_(Kask)
UKH,HARDI International A/S (Agricultural Machinery),https://en.wikipedia.org/w/index.php?title=HARDI_International_A/S_(Agricultural_Machinery)&action=edit&redlink=1
ULA,ASA-LIFT: Vegetable Technology Specialist (Agricultural Machinery),https://en.wikipedia.org/w/index.php?title=ASA-LIFT&action=edit&redlink=1
UU1,Dacia,https://en.wikipedia.org/wiki/Automobile_Dacia
UU2,Oltcit,https://en.wikipedia.org/wiki/Oltcit
UU3,ARO,https://en.wikipedia.org/wiki/ARO_(company)
UU5,Rocar,https://en.wikipedia.org/wiki/Rocar
UU6,Daewoo Romania,https://en.wikipedia.org/wiki/Automobile_Craiova
UU7,Euro Bus Diamond,https://en.wikipedia.org/w/index.php?title=Euro_Bus_Diamond&action=edit&redlink=1
UU9,Astra Bus,https://en.wikipedia.org/wiki/Astra_Bus
UZT,UTB (Uzina de Tractoare Brașov),https://en.wikipedia.org/w/index.php?title=UTB_(Uzina_de_Tractoare_Bra%C8%99ov)&action=edit&redlink=1
VA0,ÖAF,https://en.wikipedia.org/wiki/%C3%96AF
VAG,Steyr-Daimler-Puch Puch G & Steyr-Puch Pinzgauer,https://en.wikipedia.org/wiki/Steyr-Daimler-Puch; https://en.wikipedia.org/wiki/Mercedes-Benz_G-Class#Puch_G_(1979–2000); https://en.wikipedia.org/wiki/Steyr-Puch_Pinzgauer
VAN,Steyr-Daimler-Puch Steyr Trucks,https://en.wikipedia.org/wiki/Steyr-Daimler-Puch
VAK,Kässbohrer Transport Technik,
VBK,KTM,https://en.wikipedia.org/wiki/KTM
VBK,Husqvarna Motorcycles & Gas Gas under KTM ownership,https://en.wikipedia.org/wiki/Husqvarna_Motorcycles#Ownership_changes_and_acquisition_by_KTM; https://en.wikipedia.org/wiki/Gas_Gas
VCF,Fisker Inc. (Fisker Ocean) made by Magna Steyr,https://en.wikipedia.org/wiki/Fisker_Inc.; https://en.wikipedia.org/wiki/Fisker_Inc.#Fisker_Ocean; https://en.wikipedia.org/wiki/Magna_Steyr
VF1,Renault & Eagle Medallion made by Renault,https://en.wikipedia.org/wiki/Renault; https://en.wikipedia.org/wiki/Eagle_Medallion
VF2,Renault Trucks,https://en.wikipedia.org/wiki/Renault_Trucks
VF3,Peugeot,https://en.wikipedia.org/wiki/Peugeot
VF4,Talbot,https://en.wikipedia.org/wiki/Talbot_(automobile)#Chrysler/Peugeot_era_(1979-1985)
VF5,Iveco Unic,https://en.wikipedia.org/wiki/Iveco
VF6,Renault Trucks,https://en.wikipedia.org/wiki/Renault_Trucks
VF7,Citroën,https://en.wikipedia.org/wiki/Citro%C3%ABn
VF8,Matra/Talbot/Simca,https://en.wikipedia.org/wiki/Matra
VF9,Mathieu Fayat Group,https://en.wikipedia.org/wiki/Fayat_Group
607,Mathieu Fayat Group,https://en.wikipedia.org/wiki/Fayat_Group
VF9,Venturi Automobiles,https://en.wikipedia.org/wiki/Venturi_(automobile)
673,Venturi Automobiles,https://en.wikipedia.org/wiki/Venturi_(automobile)
VF9,Bugatti Automobiles S.A.S.,https://en.wikipedia.org/wiki/Bugatti_Automobiles
795,Bugatti Automobiles S.A.S.,https://en.wikipedia.org/wiki/Bugatti_Automobiles
VFA,Alpine,https://en.wikipedia.org/wiki/Automobiles_Alpine
VG5,MBK & Yamaha Motor,https://en.wikipedia.org/wiki/MBK_(Scooter_manufacturer); https://en.wikipedia.org/wiki/Yamaha_Motor
VG6,Renault Trucks & Mack Trucks medium duty trucks made by Renault Trucks,https://en.wikipedia.org/wiki/Renault_Trucks; https://en.wikipedia.org/wiki/Mack_Trucks
VG7,Renault Trucks,https://en.wikipedia.org/wiki/Renault_Trucks
VG8,Renault Trucks,https://en.wikipedia.org/wiki/Renault_Trucks
VG9,EVRARD (Agricultural Machinery),https://en.wikipedia.org/w/index.php?title=EVRARD_(Agricultural_Machinery)&action=edit&redlink=1
VGA,Peugeot Motocycles,https://en.wikipedia.org/wiki/Peugeot_Motocycles
VJ1,Heuliez Bus,https://en.wikipedia.org/wiki/Heuliez_Bus
VK8,Venturi Automobiles,https://en.wikipedia.org/wiki/Venturi_(automobile)
VL4,Bluecar,https://en.wikipedia.org/wiki/Bollor%C3%A9_Bluecar
VLU,Scania Production Angers,https://en.wikipedia.org/wiki/Scania_AB#Production_sites
VMK,Renault Sport Spider,https://en.wikipedia.org/wiki/Renault_Sport_Spider
VN1,Renault SOVAB,https://en.wikipedia.org/wiki/SOVAB
VNE,Iveco Bus,https://en.wikipedia.org/wiki/Iveco_Bus
VNK,Toyota Motor Manufacturing France,https://en.wikipedia.org/wiki/Toyota_Motor_Manufacturing_France
VNV,Nissan,https://en.wikipedia.org/wiki/Nissan
VR1,DS Automobiles,https://en.wikipedia.org/wiki/DS_Automobiles
VR3,Peugeot,https://en.wikipedia.org/wiki/Peugeot
VR7,Citroën,https://en.wikipedia.org/wiki/Citro%C3%ABn
VPS,MLT Automotive,
VXE,Opel Automobile GmbH/Vauxhall van,https://en.wikipedia.org/wiki/Opel; https://en.wikipedia.org/wiki/Vauxhall_Motors
VXK,Opel Automobile GmbH/Vauxhall car/SUV,https://en.wikipedia.org/wiki/Opel; https://en.wikipedia.org/wiki/Vauxhall_Motors
VYC,Lancia (models on PSA CMP platform),https://en.wikipedia.org/wiki/Lancia
VS1,Pegaso,https://en.wikipedia.org/wiki/Pegaso
VS5,Renault España,https://en.wikipedia.org/wiki/Renault_Espa%C3%B1a
VF1,Renault Samsung QM3,https://en.wikipedia.org/wiki/Renault_Samsung_QM3
VS6,Ford Espana,https://en.wikipedia.org/wiki/Ford_Valencia_Body_and_Assembly
VS7,Citroën,https://en.wikipedia.org/wiki/Citro%C3%ABn#Factories
VS8,Peugeot,https://en.wikipedia.org/wiki/Peugeot#Stellantis_plants
VS9,Comarth,https://en.wikipedia.org/wiki/Comarth
VSC,Mercedes-Benz Espana SA (Vitoria),https://en.wikipedia.org/wiki/Mercedes-Benz_Group#Locations
VSE,Santana Motor,https://en.wikipedia.org/wiki/Santana_Motor
VSK,"Nissan Motor Iberica SA, Nissan passenger car/MPV/van/SUV/pickup & Ford Maverick 1993–1999",https://en.wikipedia.org/wiki/Nissan_Motor_Ib%C3%A9rica; https://en.wikipedia.org/wiki/Nissan_Terrano_II
VSS,SEAT,https://en.wikipedia.org/wiki/SEAT
VSX,"Opel Automobile Espana, SA",https://en.wikipedia.org/wiki/Stellantis#Figueruelas
VTD,Montesa Honda Honda Montesa motorcycle models,https://en.wikipedia.org/wiki/Montesa_Honda
VTH,Derbi,https://en.wikipedia.org/wiki/Derbi
VTL,Yamaha Motor España SA & Yamaha Sociedad Española de Motocicletas,https://en.wikipedia.org/wiki/Yamaha_Motor
VTM,Montesa Honda Honda motorcycle models,https://en.wikipedia.org/wiki/Montesa_Honda
VTR,Gas Gas,https://en.wikipedia.org/wiki/Gas_Gas
VTT,Suzuki Motor España Motorcycle,https://en.wikipedia.org/wiki/Avello_(motorcycle)#Suzuki
VV9,Tauro Sport Auto,https://en.wikipedia.org/wiki/Tauro_Sport_Auto
VWA,"Nissan Vehiculos Industriales SA, Nissan Commercial Vehicles",https://en.wikipedia.org/wiki/Nissan_Motor_Ib%C3%A9rica
VX1,Zastava Automobiles,https://en.wikipedia.org/wiki/Zastava_Automobiles
V31,Tvornica Autobusa Zagreb (TAZ),https://en.wikipedia.org/wiki/Tvornica_Autobusa_Zagreb
V39,Rimac Automobili,https://en.wikipedia.org/wiki/Rimac_Automobili
AB8,Rimac Automobili,https://en.wikipedia.org/wiki/Rimac_Automobili
WAC,Audi/Porsche RS 2 Avant,https://en.wikipedia.org/wiki/Audi; https://en.wikipedia.org/wiki/Porsche; https://en.wikipedia.org/wiki/Audi_RS_2_Avant
WAG,Neoplan,https://en.wikipedia.org/wiki/Neoplan
WAU,Audi car,https://en.wikipedia.org/wiki/Audi
WAP,Alpina,https://en.wikipedia.org/wiki/Alpina
WUA,Audi SUV,https://en.wikipedia.org/wiki/Audi
WBA,BMW car,
WBS,BMW M car,https://en.wikipedia.org/wiki/BMW_M
WBX,BMW SUV,
WBY,BMW i car,https://en.wikipedia.org/wiki/BMW_i
WB1,BMW Motorrad Motorcycle,https://en.wikipedia.org/wiki/BMW_Motorrad
WB3,BMW Motorrad Motorcycles made in India,
WB4,BMW Motorrad Motorscooters made in China,
WB5,BMW i SUV,
WB6,BMW M SUV,
WCD,"Freightliner Sprinter ""bus"" (van with more than 3 rows of seats) 2008–2019",https://en.wikipedia.org/wiki/Freightliner_Sprinter
WD0,Dodge Sprinter truck (cargo van with 1 row of seats) 2005–2009,https://en.wikipedia.org/wiki/Dodge_Sprinter
WD1,Freightliner Sprinter 2002 & Sprinter (Dodge or Freightliner) 2003–2005 incomplete vehicle,https://en.wikipedia.org/wiki/Freightliner_Sprinter; https://en.wikipedia.org/wiki/Dodge_Sprinter
WD2,Freightliner Sprinter 2002 & Sprinter (Dodge or Freightliner) 2003–2005 truck (cargo van with 1 row of seats),https://en.wikipedia.org/wiki/Freightliner_Sprinter; https://en.wikipedia.org/wiki/Dodge_Sprinter
WD3,Mercedes-Benz truck (cargo van with 1 row of seats) (North America),https://en.wikipedia.org/wiki/Mercedes-Benz
WD4,Mercedes-Benz MPV (van with 2 or 3 rows of seats) (North America),https://en.wikipedia.org/wiki/Mercedes-Benz
WD5,Freightliner Sprinter 2002 & Sprinter (Dodge or Freightliner) 2003–2005 MPV (van with 2 or 3 rows of seats),https://en.wikipedia.org/wiki/Freightliner_Sprinter; https://en.wikipedia.org/wiki/Dodge_Sprinter
WD6,Freightliner Unimog truck,https://en.wikipedia.org/wiki/Unimog#North_America
WD7,Freightliner Unimog incomplete vehicle,https://en.wikipedia.org/wiki/Unimog#North_America
WD8,Dodge Sprinter MPV (van with 2 or 3 rows of seats) 2005–2009,https://en.wikipedia.org/wiki/Dodge_Sprinter
WDA,Mercedes-Benz incomplete vehicle (North America),https://en.wikipedia.org/wiki/Mercedes-Benz
WDB,Mercedes-Benz & Maybach,https://en.wikipedia.org/wiki/Mercedes-Benz; https://en.wikipedia.org/wiki/Maybach
WDC,Mercedes-Benz SUV,https://en.wikipedia.org/wiki/Mercedes-Benz
WDD,Mercedes-Benz car,https://en.wikipedia.org/wiki/Mercedes-Benz
WDF,Mercedes-Benz van (French & Spanish built models – Citan & Vito & X-Class),https://en.wikipedia.org/wiki/Mercedes-Benz; https://en.wikipedia.org/wiki/Citan; https://en.wikipedia.org/wiki/Mercedes-Benz_Vito; https://en.wikipedia.org/wiki/Mercedes-Benz_X-Class
WDP,Freightliner Sprinter incomplete vehicle 2005–2019,https://en.wikipedia.org/wiki/Freightliner_Sprinter
WDR,Freightliner Sprinter MPV (van with 2 or 3 rows of seats) 2005–2019,https://en.wikipedia.org/wiki/Freightliner_Sprinter
WDW,"Dodge Sprinter ""bus"" (van with more than 3 rows of seats) 2008–2009",https://en.wikipedia.org/wiki/Dodge_Sprinter
WDX,Dodge Sprinter incomplete vehicle 2005–2009,https://en.wikipedia.org/wiki/Dodge_Sprinter
WDY,Freightliner Sprinter truck (cargo van with 1 row of seats) 2005–2019,https://en.wikipedia.org/wiki/Freightliner_Sprinter
WDZ,"Mercedes-Benz ""bus"" (van with more than 3 rows of seats) (North America)",https://en.wikipedia.org/wiki/Mercedes-Benz
WEB,EvoBus Mercedes-Benz buses,https://en.wikipedia.org/wiki/EvoBus; https://en.wikipedia.org/wiki/Mercedes-Benz_buses
WEL,e.GO Mobile AG,https://en.wikipedia.org/wiki/E.GO_Mobile
WF0,Ford of Europe,https://en.wikipedia.org/wiki/Ford_of_Europe
WF1,Merkur,https://en.wikipedia.org/wiki/Merkur
WJM,Iveco/Iveco Magirus,https://en.wikipedia.org/wiki/Iveco; https://en.wikipedia.org/wiki/Iveco_Magirus
WJR,Irmscher,https://en.wikipedia.org/wiki/Irmscher
WKK,Setra & Karl Kässbohrer Fahrzeugwerke,https://en.wikipedia.org/wiki/Setra; https://en.wikipedia.org/wiki/Karl_K%C3%A4ssbohrer_Fahrzeugwerke
WKE,Krone Trailer,https://en.wikipedia.org/wiki/Bernard_Krone_Holding
WMA,MAN,https://en.wikipedia.org/wiki/MAN_Truck_%26_Bus
WME,Smart (from 5/99),https://en.wikipedia.org/wiki/Smart_(marque)
WMW,Mini car,https://en.wikipedia.org/wiki/Mini_(marque)
WMX,Mercedes-AMG used for Mercedes-Benz SLS AMG & Mercedes-AMG GT (not used in North America),https://en.wikipedia.org/wiki/Mercedes-AMG; https://en.wikipedia.org/wiki/Mercedes-Benz_SLS_AMG; https://en.wikipedia.org/wiki/Mercedes-AMG_GT
WMZ,Mini SUV,https://en.wikipedia.org/wiki/Mini_(marque)
WNA,Next.e.GO Mobile SE,https://en.wikipedia.org/wiki/E.GO_Mobile
WP0,"Porsche car, see also: Porsche VIN specification",https://en.wikipedia.org/wiki/Porsche; https://en.wikipedia.org/wiki/Porsche_VIN_specification
WP1,Porsche SUV,https://en.wikipedia.org/wiki/Porsche
WS5,StreetScooter,https://en.wikipedia.org/wiki/StreetScooter
WSM,Schmitz Cargobull,https://en.wikipedia.org/wiki/Schmitz_Cargobull
WUA,Audi Sport GmbH & Quattro GmbH car,https://en.wikipedia.org/wiki/Audi_Sport_GmbH
WU1,Audi Sport GmbH SUV,https://en.wikipedia.org/wiki/Audi_Sport_GmbH
WVG,Volkswagen SUV,https://en.wikipedia.org/wiki/Volkswagen
WVM,Arbeitsgemeinschaft VW-MAN,https://en.wikipedia.org/wiki/Volkswagen_Commercial_Vehicles#MAN_/_Volkswagen_joint_venture_1977–93
WVP,Viseon Bus,https://en.wikipedia.org/wiki/Viseon_Bus
WVW,Volkswagen car,https://en.wikipedia.org/wiki/Volkswagen
WV1,Volkswagen Commercial Vehicles,https://en.wikipedia.org/wiki/Volkswagen_Commercial_Vehicles
WV2,Volkswagen Commercial Vehicles,https://en.wikipedia.org/wiki/Volkswagen_Commercial_Vehicles
WZ1,Toyota Supra Fifth generation,https://en.wikipedia.org/wiki/Toyota_Supra_(J29/DB)
W04,Buick Regal & Buick Cascada,"https://en.wikipedia.org/wiki/Opel#Buick_Regal_(fifth_generation,_2009–2017,_and_sixth_generation,_2018–2020); https://en.wikipedia.org/wiki/Opel#Buick_Cascada"
W06,Cadillac Catera,https://en.wikipedia.org/wiki/Opel#Cadillac_Catera_(1997–2001)
W08,Saturn Astra,https://en.wikipedia.org/wiki/Opel#Saturn_Astra_(2008–2009)
W09,Bitter Cars,https://en.wikipedia.org/wiki/Bitter_Cars
B09,Bitter Cars,https://en.wikipedia.org/wiki/Bitter_Cars
W09,Brabus,https://en.wikipedia.org/wiki/Brabus
B16,Brabus,https://en.wikipedia.org/wiki/Brabus
W09,Drögmöller,https://en.wikipedia.org/wiki/Dr%C3%B6gm%C3%B6ller
D05,Drögmöller,https://en.wikipedia.org/wiki/Dr%C3%B6gm%C3%B6ller
W09,HWA AG,https://en.wikipedia.org/wiki/HWA_AG
HA8,HWA AG,https://en.wikipedia.org/wiki/HWA_AG
W09,Ruf Automobile,https://en.wikipedia.org/wiki/Ruf_Automobile
R06,Ruf Automobile,https://en.wikipedia.org/wiki/Ruf_Automobile
W0L,Adam Opel AG/Vauxhall & Holden,https://en.wikipedia.org/wiki/Opel; https://en.wikipedia.org/wiki/Vauxhall_Motors; https://en.wikipedia.org/wiki/Holden
W0S,Opel Special Vehicles,https://en.wikipedia.org/wiki/Opel_Special_Vehicles
W0V,Opel Automobile Gmbh/Vauxhall & Holden,https://en.wikipedia.org/wiki/Opel; https://en.wikipedia.org/wiki/Vauxhall_Motors; https://en.wikipedia.org/wiki/Holden
W1A,Smart,https://en.wikipedia.org/wiki/Smart_(marque)
W1H,Freightliner Econic,https://en.wikipedia.org/wiki/Mercedes-Benz_Econic
W1K,Mercedes-Benz car,https://en.wikipedia.org/wiki/Mercedes-Benz
W1N,Mercedes-Benz SUV,https://en.wikipedia.org/wiki/Mercedes-Benz
W1T,Mercedes-Benz truck,https://en.wikipedia.org/wiki/Mercedes-Benz
W1V,Mercedes-Benz van,https://en.wikipedia.org/wiki/Mercedes-Benz
W1W,Mercedes-Benz MPV (van with 2 or 3 rows of seats) (North America),https://en.wikipedia.org/wiki/Mercedes-Benz
W1X,Mercedes-Benz incomplete vehicle (North America),https://en.wikipedia.org/wiki/Mercedes-Benz
W1Y,Mercedes-Benz truck (cargo van with 1 row of seats) (North America),https://en.wikipedia.org/wiki/Mercedes-Benz
W1Z,"Mercedes-Benz ""bus"" (van with more than 3 rows of seats) (North America)",https://en.wikipedia.org/wiki/Mercedes-Benz
W2W,Freightliner Sprinter MPV (van with 2 or 3 rows of seats),https://en.wikipedia.org/wiki/Freightliner_Sprinter
W2X,Freightliner Sprinter incomplete vehicle,https://en.wikipedia.org/wiki/Freightliner_Sprinter
W2Y,Freightliner Sprinter truck (cargo van with 1 row of seats),https://en.wikipedia.org/wiki/Freightliner_Sprinter
W2Z,"Freightliner Sprinter ""bus"" (van with more than 3 rows of seats)",https://en.wikipedia.org/wiki/Freightliner_Sprinter
XBB,Great Wall Motors/Litex Motors AD,https://en.wikipedia.org/wiki/Great_Wall_Motors; https://en.wikipedia.org/wiki/Litex_Motors
XL9,Autobusfabriek Bova BV,https://en.wikipedia.org/wiki/VDL_Bova
003,Autobusfabriek Bova BV,https://en.wikipedia.org/wiki/VDL_Bova
XL9,VDL Bova,https://en.wikipedia.org/wiki/VDL_Bova
320,VDL Bova,https://en.wikipedia.org/wiki/VDL_Bova
XL9,Spyker Cars,https://en.wikipedia.org/wiki/Spyker_Cars
363,Spyker Cars,https://en.wikipedia.org/wiki/Spyker_Cars
XL9,Groenewold Carrosseriefabriek B.V.,
A27,Groenewold Carrosseriefabriek B.V.,
XLB,Volvo Car B.V./NedCar B.V. (Volvo Cars),https://en.wikipedia.org/wiki/VDL_Nedcar
XLE,Scania Nederland B.V.,https://en.wikipedia.org/wiki/Scania_AB#Production_sites
XLR,DAF Trucks & Leyland DAF,https://en.wikipedia.org/wiki/DAF_Trucks; https://en.wikipedia.org/wiki/Leyland_DAF
XLV,DAF Bus,https://en.wikipedia.org/wiki/DAF_Bus
XMC,NedCar B.V. Mitsubishi Motors,https://en.wikipedia.org/wiki/VDL_Nedcar
XMG,VDL Bus International,https://en.wikipedia.org/wiki/VDL_Bus_International
XNC,NedCar B.V. Mitsubishi Motors (Colt CZC convertible),https://en.wikipedia.org/wiki/VDL_Nedcar
XNL,VDL Bus & Coach,https://en.wikipedia.org/wiki/VDL_Bus_%26_Coach
XNT,Pacton Trailer,
XP7,Tesla Europe (based in the Netherlands),https://en.wikipedia.org/wiki/Gigafactory_Berlin-Brandenburg
XTA,AvtoVAZ,https://en.wikipedia.org/wiki/AvtoVAZ
XTB,AZLK,https://en.wikipedia.org/wiki/Moskvitch
XTC,KAMAZ,https://en.wikipedia.org/wiki/KAMAZ
XTE,ZAZ,https://en.wikipedia.org/wiki/ZAZ
XTF,GolAZ,https://en.wikipedia.org/wiki/GolAZ
XTH,GAZ,https://en.wikipedia.org/wiki/GAZ
XTT,UAZ,https://en.wikipedia.org/wiki/UAZ
XTY,LiAZ,https://en.wikipedia.org/wiki/LiAZ_(Russia)
XU1,UAZ Special Purpose Vehicles,https://en.wikipedia.org/wiki/UAZ
XUF,General Motors Russia,https://en.wikipedia.org/w/index.php?title=General_Motors_Russia&action=edit&redlink=1
XUU,Chevrolet made by Avtotor,https://en.wikipedia.org/wiki/Chevrolet; https://en.wikipedia.org/wiki/Avtotor
XW7,Toyota Motor Manufacturing Russia,https://en.wikipedia.org/wiki/Toyota_Motor_Manufacturing_Russia
XW8,Volkswagen Group Rus,https://en.wikipedia.org/wiki/Volkswagen_Group_Rus
XWE,Hyundai Motor Company & Kia made by Avtotor,https://en.wikipedia.org/wiki/Hyundai_Motor_Company; https://en.wikipedia.org/wiki/Kia; https://en.wikipedia.org/wiki/Avtotor
X1E,KAvZ,https://en.wikipedia.org/wiki/KAvZ
X1M,PAZ,https://en.wikipedia.org/wiki/Pavlovo_Bus_Factory
X4X,BMW made by Avtotor,https://en.wikipedia.org/wiki/Avtotor
X7L,Renault Russia,https://en.wikipedia.org/wiki/Renault_Russia
X8J,IMZ-Ural Ural Motorcycles,https://en.wikipedia.org/wiki/IMZ-Ural
X96,GAZ,https://en.wikipedia.org/wiki/GAZ
X9F,Ford Motor Company ZAO,https://en.wikipedia.org/w/index.php?title=Ford_Motor_Company_ZAO&action=edit&redlink=1
X9L,GM-AvtoVAZ,https://en.wikipedia.org/wiki/GM-AvtoVAZ
X9P,Volvo Vostok ZAO Volvo Trucks,https://en.wikipedia.org/wiki/Volvo_Trucks#Production_facilities
X9X,Great Wall Motors IMS Avtotrade-12 LLC,https://en.wikipedia.org/wiki/Great_Wall_Motors; https://en.wikipedia.org/w/index.php?title=IMS_Avtotrade-12_LLC&action=edit&redlink=1
Z6F,Ford Sollers,https://en.wikipedia.org/wiki/Ford_Sollers
Z8N,Nissan Manufacturing Rus,https://en.wikipedia.org/wiki/Nissan
Z8T,PCMA Rus,
Z94,Hyundai Motor Manufacturing Rus,https://en.wikipedia.org/wiki/Hyundai_Motor_Manufacturing_Rus
Z9M,Mercedes-Benz Trucks Vostok,https://en.wikipedia.org/wiki/Daimler_Truck#Daimler_Truck
XWB,UzDaewoo GM Uzbekistan Ravon,https://en.wikipedia.org/wiki/UzDaewoo; https://en.wikipedia.org/wiki/GM_Uzbekistan; https://en.wikipedia.org/wiki/Ravon_(automobile)
Y4K,BelGee,https://en.wikipedia.org/wiki/BelGee
Y6D,ZAZ,https://en.wikipedia.org/wiki/ZAZ
Y6J,Bogdan group,https://en.wikipedia.org/wiki/Bogdan_group
Y6U,Škoda Auto made by Eurocar,https://en.wikipedia.org/wiki/%C5%A0koda_Auto; https://en.wikipedia.org/wiki/Eurocar
Y7B,Bogdan group,https://en.wikipedia.org/wiki/Bogdan_group
Y7C,Great Wall Motors KrASZ,https://en.wikipedia.org/wiki/Great_Wall_Motors; https://en.wikipedia.org/w/index.php?title=KrASZ&action=edit&redlink=1
YAR,Toyota Motor Europe (based in Belgium) used for Toyota ProAce & Toyota ProAce City,https://en.wikipedia.org/wiki/Toyota_Motor_Europe; https://en.wikipedia.org/wiki/Toyota_ProAce; https://en.wikipedia.org/wiki/Toyota_ProAce_City
YB3,Volvo Trucks,https://en.wikipedia.org/wiki/Volvo_Trucks
YB6,Jonckheere,https://en.wikipedia.org/wiki/Jonckheere
YC1,Honda,https://en.wikipedia.org/wiki/List_of_Honda_facilities#Belgium
YE2,Van Hool,https://en.wikipedia.org/wiki/Van_Hool
YH2,Lynx (snowmobile),https://en.wikipedia.org/wiki/Lynx_(snowmobile)
YH4,Fisker Automotive (Fisker Karma) built by Valmet Automotive,https://en.wikipedia.org/wiki/Fisker_Automotive; https://en.wikipedia.org/wiki/Fisker_Karma; https://en.wikipedia.org/wiki/Valmet_Automotive
YK1,Saab built by Valmet Automotive,https://en.wikipedia.org/wiki/Saab_Automobile; https://en.wikipedia.org/wiki/Valmet_Automotive
YK7,Sisu Auto,https://en.wikipedia.org/wiki/Sisu_Auto
YS2,"Scania, Södertälje truck",https://en.wikipedia.org/wiki/Scania_AB; https://en.wikipedia.org/wiki/S%C3%B6dert%C3%A4lje
YS3,Saab,https://en.wikipedia.org/wiki/Saab_Automobile
YS4,"Scania, Katrineholm bus",https://en.wikipedia.org/wiki/Scania_AB; https://en.wikipedia.org/wiki/Katrineholm
YSC,Cadillac BLS built by Saab,https://en.wikipedia.org/wiki/Cadillac_BLS; https://en.wikipedia.org/wiki/Saab_Automobile
YSM,Polestar,https://en.wikipedia.org/wiki/Polestar
YT9,Gin 1 Cars,https://en.wikipedia.org/wiki/Ginetta_Cars
YT9,Koenigsegg Automotive AB,https://en.wikipedia.org/wiki/Koenigsegg_Automotive_AB
007,Koenigsegg Automotive AB,https://en.wikipedia.org/wiki/Koenigsegg_Automotive_AB
YTN,Saab NEVS,https://en.wikipedia.org/wiki/National_Electric_Vehicle_Sweden
YU7,Husaberg Swedish built models,https://en.wikipedia.org/wiki/Husaberg
YV1,Volvo Cars car,https://en.wikipedia.org/wiki/Volvo_Cars
YV2,Volvo Trucks,https://en.wikipedia.org/wiki/Volvo_Trucks
YV3,Volvo Buses,https://en.wikipedia.org/wiki/Volvo_Buses
YV4,Volvo Cars SUV,https://en.wikipedia.org/wiki/Volvo_Cars
YV5,Volvo Trucks incomplete vehicle,https://en.wikipedia.org/wiki/Volvo_Trucks
YYC,Think Nordic,https://en.wikipedia.org/wiki/Think_Global
ZA9,Lamborghini through mid 2003,https://en.wikipedia.org/wiki/Lamborghini
A12,Lamborghini through mid 2003,https://en.wikipedia.org/wiki/Lamborghini
ZA9,Cizeta Automobili SRL,https://en.wikipedia.org/wiki/Cizeta_Automobili_SRL
D38,Cizeta Automobili SRL,https://en.wikipedia.org/wiki/Cizeta_Automobili_SRL
ZA9,Bugatti Automobili S.p.A,https://en.wikipedia.org/wiki/Bugatti#Bugatti_Automobili_S.p.A._(1987–1995)
D39,Bugatti Automobili S.p.A,https://en.wikipedia.org/wiki/Bugatti#Bugatti_Automobili_S.p.A._(1987–1995)
ZA9,Pagani Automobili S.p.A.,https://en.wikipedia.org/wiki/Pagani_(company)
F76,Pagani Automobili S.p.A.,https://en.wikipedia.org/wiki/Pagani_(company)
ZA9,Italdesign Automobili Speciali,https://en.wikipedia.org/wiki/Italdesign_Giugiaro#Subsidiaries
M09,Italdesign Automobili Speciali,https://en.wikipedia.org/wiki/Italdesign_Giugiaro#Subsidiaries
ZA9,Dallara Stradale,https://en.wikipedia.org/wiki/Dallara_Stradale
M27,Dallara Stradale,https://en.wikipedia.org/wiki/Dallara_Stradale
ZA9,Automobili Pininfarina,https://en.wikipedia.org/wiki/Automobili_Pininfarina
M91,Automobili Pininfarina,https://en.wikipedia.org/wiki/Automobili_Pininfarina
ZAA,Autobianchi,https://en.wikipedia.org/wiki/Autobianchi
ZAC,Jeep and Dodge Hornet,https://en.wikipedia.org/wiki/Jeep; https://en.wikipedia.org/wiki/Alfa_Romeo_Tonale#Dodge_Hornet
ZAH,Rolfo,https://en.wikipedia.org/wiki/Rolfo
ZAM,Maserati car,https://en.wikipedia.org/wiki/Maserati
ZAP,Piaggio and Vespa and Gilera,https://en.wikipedia.org/wiki/Piaggio; https://en.wikipedia.org/wiki/Vespa; https://en.wikipedia.org/wiki/Gilera
ZAR,Alfa Romeo car & Nissan Cherry Europe,https://en.wikipedia.org/wiki/Alfa_Romeo; https://en.wikipedia.org/wiki/Nissan_Cherry#Fourth_generation_(N12;_1982–1986)
ZAS,Alfa Romeo Alfasud & Sprint through 1989,https://en.wikipedia.org/wiki/Alfa_Romeo; https://en.wikipedia.org/wiki/Alfa_Romeo_Alfasud; https://en.wikipedia.org/wiki/Alfa_Romeo_Sprint
ZAS,Alfa Romeo SUV 2018-,https://en.wikipedia.org/wiki/Alfa_Romeo
ZBA,BMW For South africa,
ZBB,Gruppo Bertone,https://en.wikipedia.org/wiki/Gruppo_Bertone
ZBI,BMW For Indonesia,
ZBM,BMW For Philippines,
ZBN,Benelli,https://en.wikipedia.org/wiki/Benelli_(motorcycles)#The_management_of_Andrea_Merloni
ZBP,BMW For Malaysia,
ZBT,BMW For Thailand,
ZBW,Rayton-Fissore Magnum,https://en.wikipedia.org/wiki/Rayton-Fissore_Magnum
ZC2,Chrysler TC by Maserati,https://en.wikipedia.org/wiki/Chrysler_TC_by_Maserati
ZC6,Effedi Veicoli Commerciali,https://en.wikipedia.org/w/index.php?title=Effedi_veicoli_commerciali&action=edit&redlink=1
ZCF,Iveco,https://en.wikipedia.org/wiki/Iveco
ZCG,Cagiva & MV Agusta,https://en.wikipedia.org/wiki/Cagiva; https://en.wikipedia.org/wiki/MV_Agusta
ZCG,Husqvarna Motorcycles Under MV Agusta ownership,https://en.wikipedia.org/wiki/Husqvarna_Motorcycles#Ownership_changes_and_acquisition_by_KTM
ZD0,Yamaha Motor Italia SpA & Belgarda SpA,https://en.wikipedia.org/wiki/Yamaha_Motor
ZD3,Betamotor S.p.A.,https://en.wikipedia.org/wiki/Beta_(motorcycle_manufacturer)
ZD4,Aprilia,https://en.wikipedia.org/wiki/Aprilia
ZDC,Honda Italia Industriale S.p.A.,https://en.wikipedia.org/wiki/List_of_Honda_facilities#Italy
ZDM,Ducati Motor Holding,https://en.wikipedia.org/wiki/Ducati_Motor_Holding
ZDT,De Tomaso Modena SpA,https://en.wikipedia.org/wiki/De_Tomaso
ZDY,Cacciamali,https://en.wikipedia.org/wiki/Cacciamali
ZE8,Bremach,https://en.wikipedia.org/wiki/Bremach
ZES,Bimota,https://en.wikipedia.org/wiki/Bimota
ZF4,Qvale,https://en.wikipedia.org/wiki/Qvale
ZFA,Fiat car Also Fiat Fullback,https://en.wikipedia.org/wiki/Fiat_Automobiles; https://en.wikipedia.org/wiki/Fiat_Fullback
ZFB,Fiat MPV/SUV,https://en.wikipedia.org/wiki/Fiat_Automobiles
ZFC,Ram 1200,https://en.wikipedia.org/wiki/Ram_1200
ZFF,Ferrari,https://en.wikipedia.org/wiki/Ferrari
ZFM,Fantic Motor,https://en.wikipedia.org/wiki/Fantic_Motor
ZFR,Pininfarina,https://en.wikipedia.org/wiki/Pininfarina
ZGA,Iveco Bus,https://en.wikipedia.org/wiki/Iveco#Iveco_Bus
ZGU,Moto Guzzi,https://en.wikipedia.org/wiki/Moto_Guzzi
ZHU,Husqvarna Motorcycles Under Cagiva ownership,https://en.wikipedia.org/wiki/Husqvarna_Motorcycles#Ownership_changes_and_acquisition_by_KTM
ZHW,Lamborghini car from mid 2003,https://en.wikipedia.org/wiki/Lamborghini
ZJM,Malaguti,https://en.wikipedia.org/wiki/Malaguti
ZJN,Innocenti,https://en.wikipedia.org/wiki/Innocenti
ZJT,Italjet,https://en.wikipedia.org/wiki/Italjet
ZKH,Husqvarna Motorcycles Srl Under BMW ownership,https://en.wikipedia.org/wiki/Husqvarna_Motorcycles#Ownership_changes_and_acquisition_by_KTM
ZK5,Hyundai Automobili Italia Importazioni,
ZLA,Lancia,https://en.wikipedia.org/wiki/Lancia
ZLM,Moto Morini srl,https://en.wikipedia.org/wiki/Moto_Morini
ZLV,Laverda,https://en.wikipedia.org/wiki/Laverda
ZN0,SWM Motorcycles S.r.l.,https://en.wikipedia.org/wiki/SWM_(motorcycles)#2014_Resurrection
ZN3,Iveco Defence,https://en.wikipedia.org/wiki/Iveco#Iveco_Defence_Vehicles
ZN6,Maserati SUV,https://en.wikipedia.org/wiki/Maserati
ZNN,Energica Motor Company,https://en.wikipedia.org/wiki/Energica_Motor_Company
ZPB,Lamborghini SUV,https://en.wikipedia.org/wiki/Lamborghini
ZPY,DR Automobiles,https://en.wikipedia.org/wiki/DR_Automobiles
ZZ1,Tomos motorcycle,https://en.wikipedia.org/wiki/Tomos
1A4,Chrysler brand MPV/SUV 2006–2009 only,https://en.wikipedia.org/wiki/Chrysler#Chrysler_brand
1A8,Chrysler brand MPV/SUV 2006–2009 only,https://en.wikipedia.org/wiki/Chrysler#Chrysler_brand
1AC,American Motors Corporation MPV,https://en.wikipedia.org/wiki/American_Motors_Corporation
1AF,American LaFrance truck,https://en.wikipedia.org/wiki/American_LaFrance
1AM,American Motors Corporation car & Renault Alliance 1983 only,https://en.wikipedia.org/wiki/American_Motors_Corporation; https://en.wikipedia.org/wiki/Renault_Alliance
1B3,Dodge car 1981–2011,https://en.wikipedia.org/wiki/Dodge
1B4,Dodge MPV/SUV 1981–2002,https://en.wikipedia.org/wiki/Dodge
1B6,Dodge incomplete vehicle 1981–2002,https://en.wikipedia.org/wiki/Dodge
1B7,Dodge truck 1981–2002,https://en.wikipedia.org/wiki/Dodge
1B9,Buell Motorcycle Company through mid 1995,https://en.wikipedia.org/wiki/Buell_Motorcycle_Company
133,Buell Motorcycle Company through mid 1995,https://en.wikipedia.org/wiki/Buell_Motorcycle_Company
1B9,Motus Motorcycles,https://en.wikipedia.org/wiki/Motus_MST
975,Motus Motorcycles,https://en.wikipedia.org/wiki/Motus_MST
1BA,Blue Bird Corporation bus,https://en.wikipedia.org/wiki/Blue_Bird_Corporation
1BB,Blue Bird Wanderlodge MPV,https://en.wikipedia.org/wiki/Blue_Bird_Wanderlodge
1BD,Blue Bird Corporation incomplete vehicle,https://en.wikipedia.org/wiki/Blue_Bird_Corporation
1BL,"Balko, Inc. from Ladysmith, WI",
1C3,Chrysler brand car 1981–2011,https://en.wikipedia.org/wiki/Chrysler#Chrysler_brand
1C3,Chrysler Group (all brands) car (including Lancia) 2012-,https://en.wikipedia.org/wiki/Chrysler
1C4,Chrysler brand MPV 1990–2005,https://en.wikipedia.org/wiki/Chrysler#Chrysler_brand
1C4,Chrysler Group (all brands) MPV 2012–,https://en.wikipedia.org/wiki/Chrysler
1C6,Chrysler Group (all brands) truck 2012–,https://en.wikipedia.org/wiki/Chrysler
1C8,Chrysler brand MPV 2001–2005,https://en.wikipedia.org/wiki/Chrysler#Chrysler_brand
1C9,CX Automotive,https://en.wikipedia.org/wiki/Citro%C3%ABn_CX#CX_in_North_America
291,CX Automotive,https://en.wikipedia.org/wiki/Citro%C3%ABn_CX#CX_in_North_America
1CM,Checker Motors Corporation,https://en.wikipedia.org/wiki/Checker_Motors_Corporation
1CU,Cushman Haulster (Cushman division of Outboard Marine Corporation),https://en.wikipedia.org/wiki/Cushman_(company); https://en.wikipedia.org/wiki/Outboard_Marine_Corporation
1CY,Crane Carrier Company,https://en.wikipedia.org/wiki/Crane_Carrier_Company
1D3,Dodge truck 2002–2009,https://en.wikipedia.org/wiki/Dodge
1D4,Dodge MPV/SUV 2003–2011 only,https://en.wikipedia.org/wiki/Dodge
1D7,Dodge truck 2002–2011,https://en.wikipedia.org/wiki/Dodge
1D8,Dodge MPV/SUV 2003–2009 only,https://en.wikipedia.org/wiki/Dodge
1F1,Ford SUV – limousine (through 2009),https://en.wikipedia.org/wiki/Ford_Motor_Company
1F6,Ford stripped chassis made by Detroit Chassis LLC,https://en.wikipedia.org/wiki/Ford_Motor_Company
1F9,Seagrave,https://en.wikipedia.org/wiki/Seagrave_Fire_Apparatus
ST2,Seagrave,https://en.wikipedia.org/wiki/Seagrave_Fire_Apparatus
1FA,Ford car,https://en.wikipedia.org/wiki/Ford_Motor_Company
1FB,"Ford ""bus"" (van with more than 3 rows of seats)",https://en.wikipedia.org/wiki/Ford_Motor_Company
1FC,Ford stripped chassis made by Ford,https://en.wikipedia.org/wiki/Ford_Motor_Company
1FD,Ford incomplete vehicle (chassis cab),https://en.wikipedia.org/wiki/Ford_Motor_Company; https://en.wikipedia.org/wiki/Chassis_cab
1FM,Ford MPV/SUV,https://en.wikipedia.org/wiki/Ford_Motor_Company
1FT,Ford truck,https://en.wikipedia.org/wiki/Ford_Motor_Company
1FU,Freightliner Trucks,https://en.wikipedia.org/wiki/Freightliner_Trucks
1FV,Freightliner Trucks,https://en.wikipedia.org/wiki/Freightliner_Trucks
1G0,"GMC ""bus"" (van with more than 3 rows of seats) 1981–1986",https://en.wikipedia.org/wiki/GMC_(automobile)
1G0,GMC Rapid Transit Series (RTS) bus 1981–1986,https://en.wikipedia.org/wiki/GMC_(automobile); https://en.wikipedia.org/wiki/Rapid_Transit_Series
1G0,Opel car 2007–2017,https://en.wikipedia.org/wiki/Opel
1G1,Chevrolet car,https://en.wikipedia.org/wiki/Chevrolet
1G2,Pontiac car,https://en.wikipedia.org/wiki/Pontiac_(automobile)
1G3,Oldsmobile car,https://en.wikipedia.org/wiki/Oldsmobile
1G4,Buick car,https://en.wikipedia.org/wiki/Buick
1G5,GMC MPV/SUV 1981–1986,https://en.wikipedia.org/wiki/GMC_(automobile)
1G6,Cadillac car,https://en.wikipedia.org/wiki/Cadillac
1G7,Pontiac car only sold by GM Canada,https://en.wikipedia.org/wiki/Pontiac_(automobile); https://en.wikipedia.org/wiki/GM_Canada
1G8,Chevrolet MPV/SUV 1981–1986,https://en.wikipedia.org/wiki/Chevrolet
1G8,Saturn car 1991–2010,https://en.wikipedia.org/wiki/Saturn_Corporation
1G9,Google & Waymo,https://en.wikipedia.org/wiki/Google; https://en.wikipedia.org/wiki/Waymo#Project_Chauffeur
495,Google & Waymo,https://en.wikipedia.org/wiki/Google; https://en.wikipedia.org/wiki/Waymo#Project_Chauffeur
1GA,"Chevrolet ""bus"" (van with more than 3 rows of seats)",https://en.wikipedia.org/wiki/Chevrolet
1GB,Chevrolet incomplete vehicles,https://en.wikipedia.org/wiki/Chevrolet
1GC,Chevrolet truck,https://en.wikipedia.org/wiki/Chevrolet
1GD,GMC incomplete vehicles,https://en.wikipedia.org/wiki/GMC_(automobile)
1GE,Cadillac incomplete vehicle,https://en.wikipedia.org/wiki/Cadillac
1GF,Flxible bus,https://en.wikipedia.org/wiki/Flxible
1GG,Isuzu pickup trucks made by GM,https://en.wikipedia.org/wiki/Isuzu
1GH,Oldsmobile MPV/SUV 1990–2004,https://en.wikipedia.org/wiki/Oldsmobile
1GH,Holden Acadia 2019–2020,https://en.wikipedia.org/wiki/GMC_Acadia#Holden_Acadia
1GJ,"GMC ""bus"" (van with more than 3 rows of seats) 1987–",https://en.wikipedia.org/wiki/GMC_(automobile)
1GK,GMC MPV/SUV 1987–,https://en.wikipedia.org/wiki/GMC_(automobile)
1GM,Pontiac MPV,https://en.wikipedia.org/wiki/Pontiac_(automobile)
1GN,Chevrolet MPV/SUV 1987-,https://en.wikipedia.org/wiki/Chevrolet
1GT,GMC truck,https://en.wikipedia.org/wiki/GMC_(automobile)
1GY,Cadillac SUV,https://en.wikipedia.org/wiki/Cadillac
1HA,Chevrolet incomplete vehicles made by Navistar International,https://en.wikipedia.org/wiki/Chevrolet
1HD,Harley-Davidson,https://en.wikipedia.org/wiki/Harley-Davidson
1HF,Honda motorcycle/ATV/UTV,https://en.wikipedia.org/wiki/Honda
1HG,Honda car made by Honda of America Mfg. in Ohio,https://en.wikipedia.org/wiki/Honda; https://en.wikipedia.org/wiki/List_of_Honda_facilities#United_States
1HS,International Trucks & Caterpillar Trucks truck,https://en.wikipedia.org/wiki/Navistar_International#International_Trucks_(1986–present); https://en.wikipedia.org/wiki/Caterpillar_Inc.#On-road_trucks
1HT,"International Trucks & Caterpillar Trucks & Chevrolet Silverado 4500HD, 5500HD, 6500HD incomplete vehicle","https://en.wikipedia.org/wiki/Navistar_International#International_Trucks_(1986–present); https://en.wikipedia.org/wiki/Caterpillar_Inc.#On-road_trucks; https://en.wikipedia.org/wiki/Chevrolet_Silverado#Medium_duty_version_(4500HD,_5500HD,_6500HD_and_International_CV)"
1HV,IC Bus incomplete bus,https://en.wikipedia.org/wiki/IC_Bus
1J4,Jeep SUV 1989–2011 (using Chrysler-style VIN structure),https://en.wikipedia.org/wiki/Jeep
1J7,Jeep truck 1989–1992 (using Chrysler-style VIN structure),https://en.wikipedia.org/wiki/Jeep
1J8,Jeep SUV 2002–2011 (using Chrysler-style VIN structure),https://en.wikipedia.org/wiki/Jeep
1JC,Jeep SUV 1981–1988 (using AMC-style VIN structure),https://en.wikipedia.org/wiki/Jeep
1JT,Jeep truck 1981–1988 (using AMC-style VIN structure),https://en.wikipedia.org/wiki/Jeep
1JU,Marmon Motor Company,https://en.wikipedia.org/wiki/Marmon_Motor_Company
1L1,Lincoln car – limousine,https://en.wikipedia.org/wiki/Lincoln_Motor_Company
1L9,Laforza,https://en.wikipedia.org/wiki/Laforza
234,Laforza,https://en.wikipedia.org/wiki/Laforza
1LJ,Lincoln incomplete vehicle,https://en.wikipedia.org/wiki/Lincoln_Motor_Company
1LN,Lincoln car,https://en.wikipedia.org/wiki/Lincoln_Motor_Company
1LV,"John Deere equipment designed in Augusta, Georgia","https://en.wikipedia.org/wiki/John_Deere; https://en.wikipedia.org/wiki/Augusta,_Georgia"
1M0,John Deere Gator,https://en.wikipedia.org/wiki/John_Deere_Gator
1M1,Mack Trucks,https://en.wikipedia.org/wiki/Mack_Trucks
1M2,Mack Trucks,https://en.wikipedia.org/wiki/Mack_Trucks
1M8,Motor Coach Industries,https://en.wikipedia.org/wiki/Motor_Coach_Industries
1M9,Mosler Automotive,https://en.wikipedia.org/wiki/Mosler_Automotive
682,Mosler Automotive,https://en.wikipedia.org/wiki/Mosler_Automotive
1M9,Proterra Through mid-2019,https://en.wikipedia.org/wiki/Proterra_(bus_manufacturer)
816,Proterra Through mid-2019,https://en.wikipedia.org/wiki/Proterra_(bus_manufacturer)
1MB,Mercedes-Benz Truck Co.,https://en.wikipedia.org/wiki/Mercedes-Benz#Trucks
1ME,Mercury car,https://en.wikipedia.org/wiki/Mercury_(automobile)
1MR,Continental Mark VI & VII 1981–1985 & Continental sedan 1982–1985,https://en.wikipedia.org/wiki/Lincoln_Mark_series; https://en.wikipedia.org/wiki/Lincoln_Continental#Seventh_generation_(1982–1987)
1N4,Nissan car,https://en.wikipedia.org/wiki/Nissan
1N6,Nissan truck,https://en.wikipedia.org/wiki/Nissan
1N9,Neoplan USA,https://en.wikipedia.org/wiki/Neoplan_USA
013,Neoplan USA,https://en.wikipedia.org/wiki/Neoplan_USA
1N9,Nikola Corporation,https://en.wikipedia.org/wiki/Nikola_Corporation
393,Nikola Corporation,https://en.wikipedia.org/wiki/Nikola_Corporation
1NK,Kenworth incomplete vehicle,https://en.wikipedia.org/wiki/Kenworth
1NP,Peterbilt incomplete vehicle,https://en.wikipedia.org/wiki/Peterbilt
1NX,Toyota car made by NUMMI,https://en.wikipedia.org/wiki/Toyota; https://en.wikipedia.org/wiki/NUMMI
1P3,Plymouth car,https://en.wikipedia.org/wiki/Plymouth_(automobile)
1P4,Plymouth MPV/SUV,https://en.wikipedia.org/wiki/Plymouth_(automobile)
1P9,Panoz,https://en.wikipedia.org/wiki/Panoz
213,Panoz,https://en.wikipedia.org/wiki/Panoz
1PY,"John Deere equipment designed or manufactured in Pune, India",https://en.wikipedia.org/wiki/John_Deere; https://en.wikipedia.org/wiki/Pune
1S9,"Scania AB Scania CN112 bus made in Orange, CT",https://en.wikipedia.org/wiki/Scania_AB
098,"Scania AB Scania CN112 bus made in Orange, CT",https://en.wikipedia.org/wiki/Scania_AB
1S9,Saleen S7,https://en.wikipedia.org/wiki/Saleen_S7
842,Saleen S7,https://en.wikipedia.org/wiki/Saleen_S7
1S9,SSC North America,https://en.wikipedia.org/wiki/SSC_North_America
944,SSC North America,https://en.wikipedia.org/wiki/SSC_North_America
1T7,Thomas Built Buses,https://en.wikipedia.org/wiki/Thomas_Built_Buses
1T8,Thomas Built Buses,https://en.wikipedia.org/wiki/Thomas_Built_Buses
1T9,Tomcar USA,https://en.wikipedia.org/wiki/Tomcar
899,Tomcar USA,https://en.wikipedia.org/wiki/Tomcar
1TU,Transportation Manufacturing Corporation,https://en.wikipedia.org/wiki/Transportation_Manufacturing_Corporation
1UT,Jeep DJ made by AM General,https://en.wikipedia.org/wiki/Jeep_DJ
1V1,Volkswagen truck,https://en.wikipedia.org/wiki/Volkswagen
1V2,Volkswagen SUV,https://en.wikipedia.org/wiki/Volkswagen
1V9,Vector Aeromotive,https://en.wikipedia.org/wiki/Vector_Aeromotive
048,Vector Aeromotive,https://en.wikipedia.org/wiki/Vector_Aeromotive
1VH,Orion Bus Industries,https://en.wikipedia.org/wiki/Orion_Bus_Industries
1VR,Vermeer Corporation,https://en.wikipedia.org/wiki/Vermeer_Corporation
1VW,Volkswagen car,https://en.wikipedia.org/wiki/Volkswagen
1WU,White truck,https://en.wikipedia.org/wiki/White_Motor_Company
1WV,Winnebago Industries,https://en.wikipedia.org/wiki/Winnebago_Industries
1WW,Winnebago Industries,https://en.wikipedia.org/wiki/Winnebago_Industries
1WX,White incomplete vehicle,https://en.wikipedia.org/wiki/White_Motor_Company
1WY,White incomplete vehicle,https://en.wikipedia.org/wiki/White_Motor_Company
1XK,Kenworth truck,https://en.wikipedia.org/wiki/Kenworth
1XM,Renault Alliance/GTA/Encore 1984–1987,https://en.wikipedia.org/wiki/Renault_Alliance
1XP,Peterbilt truck,https://en.wikipedia.org/wiki/Peterbilt
1Y1,Chevrolet/Geo car made by NUMMI,https://en.wikipedia.org/wiki/Chevrolet; https://en.wikipedia.org/wiki/Geo_(automobile); https://en.wikipedia.org/wiki/NUMMI
1YJ,"Rokon International, Inc.",https://en.wikipedia.org/wiki/Rokon_(motorcycle_manufacturer)
1YV,Mazda,https://en.wikipedia.org/wiki/Mazda
1Z3,Mitsubishi Raider,https://en.wikipedia.org/wiki/Mitsubishi_Raider
1Z7,Mitsubishi Raider,https://en.wikipedia.org/wiki/Mitsubishi_Raider
1Z9,Oshkosh Specialty Vehicles LLC,https://en.wikipedia.org/wiki/Oshkosh_Corporation
332,Oshkosh Specialty Vehicles LLC,https://en.wikipedia.org/wiki/Oshkosh_Corporation
1ZV,Ford made by AutoAlliance International,https://en.wikipedia.org/wiki/Ford_Motor_Company; https://en.wikipedia.org/wiki/AutoAlliance_International
1ZW,Mercury made by AutoAlliance International,https://en.wikipedia.org/wiki/Mercury_(automobile); https://en.wikipedia.org/wiki/AutoAlliance_International
10R,E-Z-GO,https://en.wikipedia.org/wiki/E-Z-GO
10T,Oshkosh Corporation,https://en.wikipedia.org/wiki/Oshkosh_Corporation
12A,Avanti,https://en.wikipedia.org/wiki/Avanti_(car)
137,AM General Hummer & Hummer H1,https://en.wikipedia.org/wiki/AM_General#Hummer_brand; https://en.wikipedia.org/wiki/Hummer_H1
15G,Gillig bus,https://en.wikipedia.org/wiki/Gillig
16X,Vixen 21 motorhome,https://en.wikipedia.org/wiki/Vixen_(RV)
17N,John Deere incomplete vehicle (RV chassis),https://en.wikipedia.org/wiki/John_Deere
19U,Acura car made by Honda of America Mfg. in Ohio,https://en.wikipedia.org/wiki/Acura; https://en.wikipedia.org/wiki/List_of_Honda_facilities#United_States
19V,Acura car made by Honda Manufacturing of Indiana,https://en.wikipedia.org/wiki/Acura; https://en.wikipedia.org/wiki/Honda_Manufacturing_of_Indiana
19X,Honda car made by Honda Manufacturing of Indiana,https://en.wikipedia.org/wiki/Honda; https://en.wikipedia.org/wiki/Honda_Manufacturing_of_Indiana
2A3,Imperial,https://en.wikipedia.org/wiki/Imperial_(automobile)#Sixth_generation_(1981–1983)
2A4,Chrysler brand MPV/SUV 2006–2011 only,https://en.wikipedia.org/wiki/Chrysler#Chrysler_brand
2A8,Chrysler brand MPV/SUV 2006–2011 only,https://en.wikipedia.org/wiki/Chrysler#Chrysler_brand
2AY,Hino,https://en.wikipedia.org/wiki/Hino_Motors#Canada
2AZ,Hino,https://en.wikipedia.org/wiki/Hino_Motors#Canada
2B1,Orion Bus Industries,https://en.wikipedia.org/wiki/Orion_Bus_Industries
2B3,Dodge car 1981–2011,https://en.wikipedia.org/wiki/Dodge
2B4,Dodge MPV 1981–2002,https://en.wikipedia.org/wiki/Dodge
2B5,"Dodge ""bus"" (van with more than 3 rows of seats) 1981–2002",https://en.wikipedia.org/wiki/Dodge
2B6,Dodge incomplete vehicle 1981–2002,https://en.wikipedia.org/wiki/Dodge
2B7,Dodge truck 1981–2002,https://en.wikipedia.org/wiki/Dodge
2BC,Jeep Wrangler (YJ) 1987–1988 (using AMC-style VIN structure),https://en.wikipedia.org/wiki/Jeep_Wrangler_(YJ)
2BP,Ski-Doo,https://en.wikipedia.org/wiki/Ski-Doo
2BV,Can-Am & Bombardier ATV,https://en.wikipedia.org/wiki/Can-Am_Off-Road
2BW,Can-Am Commander E LSV,https://en.wikipedia.org/wiki/Can-Am_Off-Road
2BX,Can-Am Spyder,https://en.wikipedia.org/wiki/BRP_Can-Am_Spyder_Roadster
2BZ,Can-Am Freedom Trailer for Can-Am Spyder,https://en.wikipedia.org/wiki/BRP_Can-Am_Spyder_Roadster
2C1,Geo/Chevrolet car made by CAMI Automotive,https://en.wikipedia.org/wiki/Geo_(automobile); https://en.wikipedia.org/wiki/Chevrolet; https://en.wikipedia.org/wiki/CAMI_Automotive
2C3,Chrysler brand car 1981–2011,https://en.wikipedia.org/wiki/Chrysler#Chrysler_brand
2C3,Chrysler Group (all brands) car (including Lancia) 2012-,https://en.wikipedia.org/wiki/Chrysler
2C4,Chrysler brand MPV/SUV 2000–2005,https://en.wikipedia.org/wiki/Chrysler#Chrysler_brand
2C4,Chrysler Group (all brands) MPV (including Lancia & VW) 2012-,https://en.wikipedia.org/wiki/Chrysler
2C7,Pontiac car made by CAMI Automotive only sold by GM Canada,https://en.wikipedia.org/wiki/Pontiac_(automobile); https://en.wikipedia.org/wiki/CAMI_Automotive; https://en.wikipedia.org/wiki/GM_Canada
2C8,Chrysler brand MPV/SUV 2001–2005,https://en.wikipedia.org/wiki/Chrysler#Chrysler_brand
2C9,Campagna Motors,https://en.wikipedia.org/wiki/Campagna_Motors
145,Campagna Motors,https://en.wikipedia.org/wiki/Campagna_Motors
2CC,American Motors Corporation MPV,https://en.wikipedia.org/wiki/American_Motors_Corporation
2CG,Asüna/Pontiac SUV made by CAMI Automotive only sold by GM Canada,https://en.wikipedia.org/wiki/As%C3%BCna; https://en.wikipedia.org/wiki/Pontiac_(automobile); https://en.wikipedia.org/wiki/CAMI_Automotive; https://en.wikipedia.org/wiki/GM_Canada
2CK,GMC Tracker SUV made by CAMI Automotive only sold by GM Canada 1990–1991 only,https://en.wikipedia.org/wiki/Chevrolet_Tracker_(Americas)#Canada; https://en.wikipedia.org/wiki/CAMI_Automotive; https://en.wikipedia.org/wiki/GM_Canada
2CK,Pontiac Torrent SUV made by CAMI Automotive 2006–2009 only,https://en.wikipedia.org/wiki/Pontiac_Torrent; https://en.wikipedia.org/wiki/CAMI_Automotive
2CM,American Motors Corporation car,https://en.wikipedia.org/wiki/American_Motors_Corporation
2CN,Geo/Chevrolet SUV made by CAMI Automotive 1990–2011 only,https://en.wikipedia.org/wiki/Geo_(automobile); https://en.wikipedia.org/wiki/Chevrolet; https://en.wikipedia.org/wiki/CAMI_Automotive
2CT,GMC Terrain SUV made by CAMI Automotive 2010–2011 only,https://en.wikipedia.org/wiki/GMC_Terrain#First_generation_(2010); https://en.wikipedia.org/wiki/CAMI_Automotive
2D4,Dodge MPV 2003–2011 only,https://en.wikipedia.org/wiki/Dodge
2D6,Dodge incomplete vehicle 2003,https://en.wikipedia.org/wiki/Dodge
2D7,Dodge truck 2003,https://en.wikipedia.org/wiki/Dodge
2D8,Dodge MPV 2003–2011 only,https://en.wikipedia.org/wiki/Dodge
2DG,Ontario Drive & Gear,https://en.wikipedia.org/wiki/Argo_(ATV_manufacturer)
2E3,Eagle car 1989–1997 (using Chrysler-style VIN structure),https://en.wikipedia.org/wiki/Eagle_(automobile)
2E4,Lancia MPV,https://en.wikipedia.org/wiki/Lancia
2FA,Ford car,https://en.wikipedia.org/wiki/Ford_Motor_Company
2FM,Ford MPV/SUV,https://en.wikipedia.org/wiki/Ford_Motor_Company
2FT,Ford truck,https://en.wikipedia.org/wiki/Ford_Motor_Company
2FU,Freightliner Trucks,https://en.wikipedia.org/wiki/Freightliner_Trucks
2FV,Freightliner Trucks,https://en.wikipedia.org/wiki/Freightliner_Trucks
2FW,Sterling Trucks truck,https://en.wikipedia.org/wiki/Sterling_Trucks
2FY,New Flyer,https://en.wikipedia.org/wiki/New_Flyer
2FZ,Sterling Trucks incomplete vehicle,https://en.wikipedia.org/wiki/Sterling_Trucks
2Gx,General Motors,https://en.wikipedia.org/wiki/General_Motors
2G0,"GMC ""bus"" (van with more than 3 rows of seats) 1981–1986",https://en.wikipedia.org/wiki/GMC_(automobile)
2G1,Chevrolet,https://en.wikipedia.org/wiki/Chevrolet
2G2,Pontiac,https://en.wikipedia.org/wiki/Pontiac_(automobile)
2G3,Oldsmobile car,https://en.wikipedia.org/wiki/Oldsmobile
2G4,Buick,https://en.wikipedia.org/wiki/Buick
2G5,GMC MPV 1981–1986; BrightDrop Zevo delivery van,https://en.wikipedia.org/wiki/GMC_(automobile); https://en.wikipedia.org/wiki/BrightDrop_Zevo
2G6,Cadillac,https://en.wikipedia.org/wiki/Cadillac
2G7,Pontiac car only sold by GM Canada,https://en.wikipedia.org/wiki/Pontiac_(automobile); https://en.wikipedia.org/wiki/GM_Canada
2G8,Chevrolet MPV 1981–1986,https://en.wikipedia.org/wiki/Chevrolet
2G9,Gnome Homes,https://en.wikipedia.org/w/index.php?title=Gnome_Homes&action=edit&redlink=1
2GA,"Chevrolet ""bus"" (van with more than 3 rows of seats)",https://en.wikipedia.org/wiki/Chevrolet
2GB,Chevrolet incomplete vehicles,https://en.wikipedia.org/wiki/Chevrolet
2GC,Chevrolet truck,https://en.wikipedia.org/wiki/Chevrolet
2GD,GMC incomplete vehicles,https://en.wikipedia.org/wiki/GMC_(automobile)
2GE,Cadillac incomplete vehicle,https://en.wikipedia.org/wiki/Cadillac
2GH,GMC GM New Look bus & GM Classic series bus,https://en.wikipedia.org/wiki/GMC_(automobile); https://en.wikipedia.org/wiki/GM_New_Look_bus; https://en.wikipedia.org/wiki/Classic_(transit_bus)
2GJ,"GMC ""bus"" (van with more than 3 rows of seats) 1987–",https://en.wikipedia.org/wiki/GMC_(automobile)
2GK,GMC MPV/SUV 1987–,https://en.wikipedia.org/wiki/GMC_(automobile)
2GN,Chevrolet MPV/SUV 1987-,https://en.wikipedia.org/wiki/Chevrolet
2GT,GMC truck,https://en.wikipedia.org/wiki/GMC_(automobile)
2HG,Honda car made by Honda of Canada Manufacturing,https://en.wikipedia.org/wiki/Honda; https://en.wikipedia.org/wiki/Honda_of_Canada_Manufacturing
2HH,Acura car made by Honda of Canada Manufacturing,https://en.wikipedia.org/wiki/Acura; https://en.wikipedia.org/wiki/Honda_of_Canada_Manufacturing
2HJ,Honda truck made by Honda of Canada Manufacturing,https://en.wikipedia.org/wiki/Honda; https://en.wikipedia.org/wiki/Honda_of_Canada_Manufacturing
2HK,Honda MPV/SUV made by Honda of Canada Manufacturing,https://en.wikipedia.org/wiki/Honda; https://en.wikipedia.org/wiki/Honda_of_Canada_Manufacturing
2HM,Hyundai,https://en.wikipedia.org/wiki/Hyundai_Motor_Company
2HN,Acura SUV made by Honda of Canada Manufacturing,https://en.wikipedia.org/wiki/Acura; https://en.wikipedia.org/wiki/Honda_of_Canada_Manufacturing
2HS,International Trucks truck,https://en.wikipedia.org/wiki/Navistar_International#International_Trucks_(1986–present)
2HT,International Trucks incomplete vehicle,https://en.wikipedia.org/wiki/Navistar_International#International_Trucks_(1986–present)
2J4,Jeep Wrangler (YJ) 1989–1992 (using Chrysler-style VIN structure),https://en.wikipedia.org/wiki/Jeep_Wrangler_(YJ)
2L1,Lincoln incomplete vehicle – limo,https://en.wikipedia.org/wiki/Lincoln_Motor_Company
2L9,Les Contenants Durabac,https://en.wikipedia.org/w/index.php?title=Les_Contenants_Durabac&action=edit&redlink=1
2LJ,Lincoln incomplete vehicle – hearse,https://en.wikipedia.org/wiki/Lincoln_Motor_Company
2LM,Lincoln SUV,https://en.wikipedia.org/wiki/Lincoln_Motor_Company
2LN,Lincoln car,https://en.wikipedia.org/wiki/Lincoln_Motor_Company
2M1,Mack Trucks,https://en.wikipedia.org/wiki/Mack_Trucks
2M2,Mack Trucks,https://en.wikipedia.org/wiki/Mack_Trucks
2ME,Mercury car,https://en.wikipedia.org/wiki/Mercury_(automobile)
2MG,"Motor Coach Industries (Produced from Sept. 1, 2008 on)",https://en.wikipedia.org/wiki/Motor_Coach_Industries
2MR,Mercury MPV,https://en.wikipedia.org/wiki/Mercury_(automobile)
2NK,Kenworth incomplete vehicle,https://en.wikipedia.org/wiki/Kenworth
2NP,Peterbilt incomplete vehicle,https://en.wikipedia.org/wiki/Peterbilt
2NV,Nova Bus,https://en.wikipedia.org/wiki/Nova_Bus
2P3,Plymouth car,https://en.wikipedia.org/wiki/Plymouth_(automobile)
2P4,Plymouth MPV 1981–2000,https://en.wikipedia.org/wiki/Plymouth_(automobile)
2P5,"Plymouth ""bus"" (van with more than 3 rows of seats) 1981–1983",https://en.wikipedia.org/wiki/Plymouth_(automobile)
2P9,Prevost 1981–1995,https://en.wikipedia.org/wiki/Prevost_Car
001,Prevost 1981–1995,https://en.wikipedia.org/wiki/Prevost_Car
2PC,Prevost 1996-,https://en.wikipedia.org/wiki/Prevost_Car
2S2,Suzuki car made by CAMI Automotive,https://en.wikipedia.org/wiki/Suzuki; https://en.wikipedia.org/wiki/CAMI_Automotive
2S3,Suzuki SUV made by CAMI Automotive,https://en.wikipedia.org/wiki/Suzuki; https://en.wikipedia.org/wiki/CAMI_Automotive
2T1,Toyota car,https://en.wikipedia.org/wiki/Toyota
2T2,Lexus SUV,https://en.wikipedia.org/wiki/Lexus
2T3,Toyota SUV,https://en.wikipedia.org/wiki/Toyota
2V4,Volkswagen Routan,https://en.wikipedia.org/wiki/Volkswagen_Routan
2V8,Volkswagen Routan,https://en.wikipedia.org/wiki/Volkswagen_Routan
2WK,Western Star Trucks truck,https://en.wikipedia.org/wiki/Western_Star_Trucks
2WL,Western Star Trucks incomplete vehicle,https://en.wikipedia.org/wiki/Western_Star_Trucks
2WM,Western Star Trucks incomplete vehicle,https://en.wikipedia.org/wiki/Western_Star_Trucks
2XK,Kenworth truck,https://en.wikipedia.org/wiki/Kenworth
2XM,Eagle Premier 1988 only (using AMC-style VIN structure),https://en.wikipedia.org/wiki/Eagle_Premier
2XP,Peterbilt truck,https://en.wikipedia.org/wiki/Peterbilt
3A4,Chrysler brand MPV 2006–2010 only,https://en.wikipedia.org/wiki/Chrysler#Chrysler_brand
3A8,Chrysler brand MPV 2006–2010 only,https://en.wikipedia.org/wiki/Chrysler#Chrysler_brand
3AK,Freightliner Trucks,https://en.wikipedia.org/wiki/Freightliner_Trucks
3AL,Freightliner Trucks,https://en.wikipedia.org/wiki/Freightliner_Trucks
3AV,BMW Mexico 1999-2009,
3B3,Dodge car 1981–2011,https://en.wikipedia.org/wiki/Dodge
3B4,Dodge SUV 1986–1993,https://en.wikipedia.org/wiki/Dodge
3B6,Dodge incomplete vehicle 1981–2002,https://en.wikipedia.org/wiki/Dodge
3B7,Dodge truck 1981–2002,https://en.wikipedia.org/wiki/Dodge
3BJ,Western Star 3700 truck made by DINA S.A.,https://en.wikipedia.org/wiki/Western_Star_Trucks; https://en.wikipedia.org/wiki/DINA_S.A.
3BK,Kenworth incomplete vehicle,https://en.wikipedia.org/wiki/Kenworth
3BM,Motor Coach Industries bus made by DINA S.A.,https://en.wikipedia.org/wiki/Motor_Coach_Industries; https://en.wikipedia.org/wiki/DINA_S.A.
3BP,Peterbilt incomplete vehicle,https://en.wikipedia.org/wiki/Peterbilt
3C3,Chrysler brand car 1981–2011,https://en.wikipedia.org/wiki/Chrysler#Chrysler_brand
3C3,Chrysler Group (all brands) car (including Fiat) 2012-,https://en.wikipedia.org/wiki/Chrysler
3C4,Chrysler brand MPV 2001–2005,https://en.wikipedia.org/wiki/Chrysler#Chrysler_brand
3C4,Chrysler Group (all brands) MPV (including Fiat) 2012-,https://en.wikipedia.org/wiki/Chrysler
3C6,Chrysler Group (all brands) truck 2012–,https://en.wikipedia.org/wiki/Chrysler
3C7,Chrysler Group (all brands) incomplete vehicle 2012–,https://en.wikipedia.org/wiki/Chrysler
3C8,Chrysler brand MPV 2001–2005,https://en.wikipedia.org/wiki/Chrysler#Chrysler_brand
3CE,Volvo Buses de Mexico,https://en.wikipedia.org/wiki/Volvo_Buses
3CZ,Honda SUV,https://en.wikipedia.org/wiki/Honda
3D2,Dodge incomplete vehicle 2007–2009,https://en.wikipedia.org/wiki/Dodge
3D3,Dodge truck 2006–2009,https://en.wikipedia.org/wiki/Dodge
3D4,Dodge SUV 2009–2011,https://en.wikipedia.org/wiki/Dodge
3D6,Dodge incomplete vehicle 2003–2011,https://en.wikipedia.org/wiki/Dodge
3D7,Dodge truck 2002–2011,https://en.wikipedia.org/wiki/Dodge
3E4,Fiat SUV,https://en.wikipedia.org/wiki/Fiat
3F6,Sterling Bullet,https://en.wikipedia.org/wiki/Sterling_Bullet
3FA,Ford car,https://en.wikipedia.org/wiki/Ford_Motor_Company
3FC,Ford stripped chassis made by Ford & IMMSA,https://en.wikipedia.org/wiki/Ford_Motor_Company
3FM,Ford MPV/SUV,https://en.wikipedia.org/wiki/Ford_Motor_Company
3FN,Ford F-650/F-750 made by Blue Diamond Truck Co.,https://en.wikipedia.org/wiki/Ford_F-Series_(medium_duty_truck)#Seventh_generation_(2000-2015)
3FR,Ford F-650/F-750 made by Blue Diamond Truck Co.,https://en.wikipedia.org/wiki/Ford_F-Series_(medium_duty_truck)#Seventh_generation_(2000-2015)
3FT,Ford truck,https://en.wikipedia.org/wiki/Ford_Motor_Company
3G0,Saab 9-4X 2011,https://en.wikipedia.org/wiki/Saab_9-4X
3G0,Holden Equinox 2018–2020,https://en.wikipedia.org/wiki/Chevrolet_Equinox#Holden_Equinox
3G1,Chevrolet car,https://en.wikipedia.org/wiki/Chevrolet
3G2,Pontiac car,https://en.wikipedia.org/wiki/Pontiac_(automobile)
3G4,Buick car,https://en.wikipedia.org/wiki/Buick
3G5,Buick SUV,https://en.wikipedia.org/wiki/Buick
3G7,Pontiac SUV,https://en.wikipedia.org/wiki/Pontiac_(automobile)
3GC,Chevrolet truck,https://en.wikipedia.org/wiki/Chevrolet
3GK,GMC SUV,https://en.wikipedia.org/wiki/GMC_(automobile)
3GM,Holden Suburban,https://en.wikipedia.org/wiki/Chevrolet_Suburban#Holden_Suburban
3GN,Chevrolet SUV,https://en.wikipedia.org/wiki/Chevrolet
3GS,Saturn SUV,https://en.wikipedia.org/wiki/Saturn_Corporation
3GT,GMC truck,https://en.wikipedia.org/wiki/GMC_(automobile)
3GY,Cadillac SUV,https://en.wikipedia.org/wiki/Cadillac
3H1,Honda motorcycle/UTV,https://en.wikipedia.org/wiki/Honda
3H3,"Hyundai de Mexico, S.A. de C.V. for Hyundai Translead (truck trailers)",https://en.wikipedia.org/wiki/Hyundai_Translead
3HA,International Trucks incomplete vehicle,https://en.wikipedia.org/wiki/Navistar_International#International_Trucks_(1986–present)
3HC,International Trucks truck,https://en.wikipedia.org/wiki/Navistar_International#International_Trucks_(1986–present)
3HG,Honda car,https://en.wikipedia.org/wiki/Honda
3HS,International Trucks & Caterpillar Trucks truck,https://en.wikipedia.org/wiki/Navistar_International#International_Trucks_(1986–present); https://en.wikipedia.org/wiki/Caterpillar_Inc.#On-road_trucks
3HT,International Trucks & Caterpillar Trucks incomplete vehicle,https://en.wikipedia.org/wiki/Navistar_International#International_Trucks_(1986–present); https://en.wikipedia.org/wiki/Caterpillar_Inc.#On-road_trucks
3JB,Can-Am ATV/UTV & Can-Am Ryker,https://en.wikipedia.org/wiki/Can-Am_Off-Road; https://en.wikipedia.org/wiki/BRP_Can-Am_Spyder_Roadster#Models
3KP,Kia/Hyundai car,https://en.wikipedia.org/wiki/Kia; https://en.wikipedia.org/wiki/Hyundai_Motor_Company
3LN,Lincoln car,https://en.wikipedia.org/wiki/Lincoln_Motor_Company
3MD,Mazda car,https://en.wikipedia.org/wiki/Mazda
3ME,Mercury car,https://en.wikipedia.org/wiki/Mercury_(automobile)
3MV,Mazda SUV,https://en.wikipedia.org/wiki/Mazda
3MW,BMW,
3MY,Toyota car made by Mazda de Mexico Vehicle Operation,https://en.wikipedia.org/wiki/Toyota; https://en.wikipedia.org/wiki/List_of_Mazda_facilities#List_of_Mazda_production_plants
3MZ,Mazda car,https://en.wikipedia.org/wiki/Mazda
3N1,Nissan car,https://en.wikipedia.org/wiki/Nissan
3N6,Nissan truck & Chevrolet City Express,https://en.wikipedia.org/wiki/Nissan; https://en.wikipedia.org/wiki/Chevrolet_City_Express
3N8,Nissan MPV,https://en.wikipedia.org/wiki/Nissan
3NE,Polaris Inc. ATV,https://en.wikipedia.org/wiki/Polaris_Inc.
3NS,Polaris Inc. UTV,https://en.wikipedia.org/wiki/Polaris_Inc.
3P3,Plymouth car,https://en.wikipedia.org/wiki/Plymouth_(automobile)
3PC,Infiniti SUV made by COMPAS,https://en.wikipedia.org/wiki/Infiniti; https://en.wikipedia.org/wiki/Cooperation_Manufacturing_Plant_Aguascalientes
3TM,Toyota truck made by TMMBC,https://en.wikipedia.org/wiki/Toyota; https://en.wikipedia.org/wiki/TMMBC
3TY,Toyota truck made by TMMGT,https://en.wikipedia.org/wiki/Toyota; https://en.wikipedia.org/wiki/TMMGT
3VV,Volkswagen SUV,https://en.wikipedia.org/wiki/Volkswagen
3VW,Volkswagen car,https://en.wikipedia.org/wiki/Volkswagen
3WK,Kenworth truck,https://en.wikipedia.org/wiki/Kenworth
3WP,Peterbilt truck,https://en.wikipedia.org/wiki/Peterbilt
4A3,Mitsubishi Motors car,https://en.wikipedia.org/wiki/Diamond-Star_Motors
4A4,Mitsubishi Motors SUV,https://en.wikipedia.org/wiki/Diamond-Star_Motors
4B3,Dodge car made by Diamond-Star Motors factory,https://en.wikipedia.org/wiki/Dodge; https://en.wikipedia.org/wiki/Diamond-Star_Motors
4B9,BYD Coach & Bus LLC,https://en.wikipedia.org/wiki/BYD_K_series#North_America
038,BYD Coach & Bus LLC,https://en.wikipedia.org/wiki/BYD_K_series#North_America
4C3,Chrysler car made by Diamond-Star Motors factory,https://en.wikipedia.org/wiki/Chrysler#Chrysler_brand; https://en.wikipedia.org/wiki/Diamond-Star_Motors
4C9,Czinger,https://en.wikipedia.org/wiki/Czinger
561,Czinger,https://en.wikipedia.org/wiki/Czinger
4CD,Oshkosh Chassis Division incomplete vehicle (RV chassis),https://en.wikipedia.org/wiki/Oshkosh_Corporation
4DR,IC Bus,https://en.wikipedia.org/wiki/IC_Bus
4E3,Eagle car made by Diamond-Star Motors factory,https://en.wikipedia.org/wiki/Eagle_(automobile); https://en.wikipedia.org/wiki/Diamond-Star_Motors
4F2,Mazda SUV made by Ford,https://en.wikipedia.org/wiki/Mazda
4F4,Mazda truck made by Ford,https://en.wikipedia.org/wiki/Mazda
4G1,Chevrolet Cavalier convertible made by Genasys L.C. – a GM/ASC joint venture,https://en.wikipedia.org/wiki/Chevrolet_Cavalier#Third_generation_(1995)
4G2,Pontiac Sunfire convertible made by Genasys L.C. – a GM/ASC joint venture,https://en.wikipedia.org/wiki/Pontiac_Sunfire
4G3,Toyota Cavalier made by GM,https://en.wikipedia.org/wiki/Toyota_Cavalier
4G5,General Motors EV1,https://en.wikipedia.org/wiki/General_Motors_EV1
4GD,WhiteGMC Brigadier 1988–1989 made by GM,https://en.wikipedia.org/wiki/WhiteGMC_Brigadier
4GD,Opel Sintra,https://en.wikipedia.org/wiki/Opel_Sintra
4GL,Buick incomplete vehicle,https://en.wikipedia.org/wiki/Buick
4GT,Isuzu incomplete vehicle built by GM,https://en.wikipedia.org/wiki/Isuzu
4JG,Mercedes-Benz SUV,https://en.wikipedia.org/wiki/Mercedes-Benz
4KB,Chevrolet W-Series incomplete vehicle (gas engine only),https://en.wikipedia.org/wiki/Chevrolet_W-Series
4KD,GMC W-Series incomplete vehicle (gas engine only),https://en.wikipedia.org/wiki/GMC_W-Series
4KL,Isuzu commercial truck built by GM,https://en.wikipedia.org/wiki/Isuzu
4M2,Mercury MPV/SUV,https://en.wikipedia.org/wiki/Mercury_(automobile)
4ML,Oshkosh Trailer Division,https://en.wikipedia.org/wiki/Oshkosh_Corporation
4MZ,Buell Motorcycle Company,https://en.wikipedia.org/wiki/Buell_Motorcycle_Company
4N2,Nissan Quest made by Ford,https://en.wikipedia.org/wiki/Nissan_Quest
4NU,Isuzu Ascender made by GM,https://en.wikipedia.org/wiki/Isuzu_Ascender
4P1,Pierce Manufacturing,https://en.wikipedia.org/wiki/Pierce_Manufacturing
4P3,Plymouth car made by Diamond-Star Motors factory 1990–1994,https://en.wikipedia.org/wiki/Plymouth_(automobile); https://en.wikipedia.org/wiki/Diamond-Star_Motors
4P3,Mitsubishi Motors SUV made by Mitsubishi Motor Manufacturing of America 2013–2015 for export only,https://en.wikipedia.org/wiki/Mitsubishi_Motors; https://en.wikipedia.org/wiki/Mitsubishi_Motor_Manufacturing_of_America
4RK,Nova Bus & Prevost made by Nova Bus (US) Inc.,https://en.wikipedia.org/wiki/Nova_Bus; https://en.wikipedia.org/wiki/Prevost_Car
4S1,Isuzu truck made by Subaru Isuzu Automotive,https://en.wikipedia.org/wiki/Isuzu; https://en.wikipedia.org/wiki/Subaru_Isuzu_Automotive
4S2,Isuzu SUV made by Subaru Isuzu Automotive,https://en.wikipedia.org/wiki/Isuzu; https://en.wikipedia.org/wiki/Subaru_Isuzu_Automotive
4S3,Subaru car,https://en.wikipedia.org/wiki/Subaru
4S4,Subaru SUV/MPV,https://en.wikipedia.org/wiki/Subaru
4S6,Honda SUV made by Subaru Isuzu Automotive,https://en.wikipedia.org/wiki/Honda; https://en.wikipedia.org/wiki/Subaru_Isuzu_Automotive
4S7,Spartan Motors incomplete vehicle,https://en.wikipedia.org/wiki/Spartan_Motors
4S9,Smith Electric Vehicles US Corp.,https://en.wikipedia.org/wiki/Smith_Electric_Vehicles
197,Smith Electric Vehicles US Corp.,https://en.wikipedia.org/wiki/Smith_Electric_Vehicles
4S9,Spartan Motors truck,https://en.wikipedia.org/wiki/Spartan_Motors
419,Spartan Motors truck,https://en.wikipedia.org/wiki/Spartan_Motors
4S9,Scuderia Cameron Glickenhaus car,https://en.wikipedia.org/wiki/Scuderia_Cameron_Glickenhaus
454,Scuderia Cameron Glickenhaus car,https://en.wikipedia.org/wiki/Scuderia_Cameron_Glickenhaus
4S9,Scuderia Cameron Glickenhaus SCG Boot (M.P.V.),https://en.wikipedia.org/wiki/Scuderia_Cameron_Glickenhaus; https://en.wikipedia.org/wiki/SCG_Boot
542,Scuderia Cameron Glickenhaus SCG Boot (M.P.V.),https://en.wikipedia.org/wiki/Scuderia_Cameron_Glickenhaus; https://en.wikipedia.org/wiki/SCG_Boot
4S9,Scuderia Cameron Glickenhaus car,https://en.wikipedia.org/wiki/Scuderia_Cameron_Glickenhaus
544,Scuderia Cameron Glickenhaus car,https://en.wikipedia.org/wiki/Scuderia_Cameron_Glickenhaus
4S9,"Spartan Fire, LLC truck (formerly Spartan ER)",https://en.wikipedia.org/wiki/REV_Group
559,"Spartan Fire, LLC truck (formerly Spartan ER)",https://en.wikipedia.org/wiki/REV_Group
4S9,"Spartan Fire, LLC incomplete vehicle (formerly Spartan ER)",https://en.wikipedia.org/wiki/REV_Group
560,"Spartan Fire, LLC incomplete vehicle (formerly Spartan ER)",https://en.wikipedia.org/wiki/REV_Group
4T1,Toyota car made by Toyota Motor Manufacturing Kentucky,https://en.wikipedia.org/wiki/Toyota; https://en.wikipedia.org/wiki/Toyota_Motor_Manufacturing_Kentucky
4T3,Toyota MPV/SUV made by Toyota Motor Manufacturing Kentucky,https://en.wikipedia.org/wiki/Toyota; https://en.wikipedia.org/wiki/Toyota_Motor_Manufacturing_Kentucky
4T4,Toyota car made by Subaru of Indiana Automotive,https://en.wikipedia.org/wiki/Toyota; https://en.wikipedia.org/wiki/Subaru_of_Indiana_Automotive
4T9,"Xos, Inc.",
208,"Xos, Inc.",
4TA,Toyota truck made by NUMMI,https://en.wikipedia.org/wiki/Toyota; https://en.wikipedia.org/wiki/NUMMI
4UF,Arctic Cat,https://en.wikipedia.org/wiki/Arctic_Cat
4US,BMW car,
4UZ,Freightliner Custom Chassis Corporation & gas-powered Mitsubishi Fuso trucks assembled by Freightliner Custom Chassis & Thomas Built Buses FS-65 & Saf-T-Liner C2,https://en.wikipedia.org/wiki/Daimler_Truck_North_America; https://en.wikipedia.org/wiki/Thomas_Built_Buses
4V1,WhiteGMC truck,https://en.wikipedia.org/wiki/WhiteGMC
4V2,WhiteGMC incomplete vehicle,https://en.wikipedia.org/wiki/WhiteGMC
4V4,Volvo Trucks North America truck,https://en.wikipedia.org/wiki/Volvo_Trucks#North_America
4V5,Volvo Trucks North America incomplete vehicle,https://en.wikipedia.org/wiki/Volvo_Trucks#North_America
4VA,Volvo Trucks North America truck,https://en.wikipedia.org/wiki/Volvo_Trucks#North_America
4VG,Volvo Trucks North America truck,https://en.wikipedia.org/wiki/Volvo_Trucks#North_America
4VE,Volvo Trucks North America incomplete vehicle,https://en.wikipedia.org/wiki/Volvo_Trucks#North_America
4VH,Volvo Trucks North America incomplete vehicle,https://en.wikipedia.org/wiki/Volvo_Trucks#North_America
4VM,Volvo Trucks North America incomplete vehicle,https://en.wikipedia.org/wiki/Volvo_Trucks#North_America
4VZ,Spartan Motors/The Shyft Group incomplete vehicle – bare chassis only,https://en.wikipedia.org/wiki/Spartan_Motors; https://en.wikipedia.org/wiki/The_Shyft_Group
4XA,Polaris Inc.,https://en.wikipedia.org/wiki/Polaris_Inc.
4YM,"Carry-On Trailer, Inc.",
4Z3,American LaFrance truck,https://en.wikipedia.org/wiki/American_LaFrance
43C,Consulier,https://en.wikipedia.org/wiki/Consulier
46G,Gillig incomplete vehicle,https://en.wikipedia.org/wiki/Gillig
478,Honda ATV,https://en.wikipedia.org/wiki/Honda
480,Sterling Trucks truck,https://en.wikipedia.org/wiki/Sterling_Trucks
49H,Sterling Trucks incomplete vehicle,https://en.wikipedia.org/wiki/Sterling_Trucks
5AS,GEM,https://en.wikipedia.org/wiki/Global_Electric_Motorcars
5B4,"Workhorse Custom Chassis, LLC incomplete vehicle (RV chassis)",https://en.wikipedia.org/wiki/Workhorse_Group
5BZ,"Nissan ""bus"" (van with more than 3 rows of seats)",https://en.wikipedia.org/wiki/Nissan
5CD,"Indian Motorcycle Company of America Gilroy, CA",https://en.wikipedia.org/wiki/Indian_Motocycle_Manufacturing_Company#Indian_Motorcycle_Company_of_America_(1999–2003)
5CX,Shelby Series 1,https://en.wikipedia.org/wiki/Shelby_Series_1
5DF,Thomas Dennis Company LLC,https://en.wikipedia.org/wiki/Thomas_Dennis_Company_LLC
5EH,Excelsior-Henderson Motorcycle,https://en.wikipedia.org/wiki/Excelsior-Henderson_Motorcycle
5FN,Honda MPV/SUV made by Honda Manufacturing of Alabama,https://en.wikipedia.org/wiki/Honda; https://en.wikipedia.org/wiki/Honda_Manufacturing_of_Alabama
5FP,Honda truck made by Honda Manufacturing of Alabama,https://en.wikipedia.org/wiki/Honda; https://en.wikipedia.org/wiki/Honda_Manufacturing_of_Alabama
5FR,Acura SUV made by Honda Manufacturing of Alabama,https://en.wikipedia.org/wiki/Acura; https://en.wikipedia.org/wiki/Honda_Manufacturing_of_Alabama
5FY,New Flyer,https://en.wikipedia.org/wiki/New_Flyer
5G8,Holden Volt,https://en.wikipedia.org/wiki/Holden_Volt
5GA,Buick MPV/SUV,https://en.wikipedia.org/wiki/Buick
5GD,Daewoo G2X,https://en.wikipedia.org/wiki/Daewoo_G2X
5GN,Hummer H3T,https://en.wikipedia.org/wiki/Hummer_H3#H3T
5GR,Hummer H2,https://en.wikipedia.org/wiki/Hummer_H2
5GT,Hummer H3,https://en.wikipedia.org/wiki/Hummer_H3
5GZ,Saturn MPV/SUV,https://en.wikipedia.org/wiki/Saturn_Corporation
5HD,Harley-Davidson for export markets,https://en.wikipedia.org/wiki/Harley-Davidson
5J6,Honda SUV made by Honda of America Mfg. in Ohio,https://en.wikipedia.org/wiki/Honda; https://en.wikipedia.org/wiki/List_of_Honda_facilities#United_States
5J8,Acura SUV made by Honda of America Mfg. in Ohio,https://en.wikipedia.org/wiki/Acura; https://en.wikipedia.org/wiki/List_of_Honda_facilities#United_States
5KB,Honda car made by Honda Manufacturing of Alabama,https://en.wikipedia.org/wiki/Honda; https://en.wikipedia.org/wiki/Honda_Manufacturing_of_Alabama
5KJ,Western Star Trucks truck,https://en.wikipedia.org/wiki/Western_Star_Trucks
5KK,Western Star Trucks truck,https://en.wikipedia.org/wiki/Western_Star_Trucks
5L1,Lincoln SUV (2004–2009),https://en.wikipedia.org/wiki/Lincoln_Motor_Company
5LD,Ford & Lincoln incomplete vehicle – limousine (2010–2014),https://en.wikipedia.org/wiki/Ford_Motor_Company; https://en.wikipedia.org/wiki/Lincoln_Motor_Company
5LM,Lincoln SUV,https://en.wikipedia.org/wiki/Lincoln_Motor_Company
5LT,Lincoln truck,https://en.wikipedia.org/wiki/Lincoln_Motor_Company
5MZ,Buell Motorcycle Company for export markets,https://en.wikipedia.org/wiki/Buell_Motorcycle_Company
5N1,Nissan & Infiniti SUV,https://en.wikipedia.org/wiki/Nissan; https://en.wikipedia.org/wiki/Infiniti
5N3,Infiniti SUV,https://en.wikipedia.org/wiki/Infiniti
5NM,Hyundai SUV,https://en.wikipedia.org/wiki/Hyundai_Motor_Company
5NP,Hyundai car,https://en.wikipedia.org/wiki/Hyundai_Motor_Company
5NT,Hyundai truck,https://en.wikipedia.org/wiki/Hyundai_Motor_Company
5PV,Hino incomplete vehicle,https://en.wikipedia.org/wiki/Hino_Motors#United_States
5S3,Saab 9-7X,https://en.wikipedia.org/wiki/Saab_9-7X
5SA,Suzuki ATV,https://en.wikipedia.org/wiki/Suzuki
5SX,American LaFrance incomplete vehicle (Condor),https://en.wikipedia.org/wiki/American_LaFrance
5TB,Toyota truck made by TMMI,https://en.wikipedia.org/wiki/Toyota; https://en.wikipedia.org/wiki/TMMI
5TD,Toyota MPV/SUV made by TMMI,https://en.wikipedia.org/wiki/Toyota; https://en.wikipedia.org/wiki/TMMI
5TE,Toyota truck made by NUMMI,https://en.wikipedia.org/wiki/Toyota; https://en.wikipedia.org/wiki/NUMMI
5TF,Toyota truck made by TMMTX,https://en.wikipedia.org/wiki/Toyota; https://en.wikipedia.org/wiki/TMMTX
5UM,BMW M car,https://en.wikipedia.org/wiki/BMW_M
5UX,BMW SUV,
5VC,Autocar incomplete vehicle,https://en.wikipedia.org/wiki/Autocar_Company#Contemporary_activities
5VP,Victory Motorcycles,https://en.wikipedia.org/wiki/Victory_Motorcycles
5WE,IC Bus incomplete vehicle,https://en.wikipedia.org/wiki/IC_Bus
5XX,Kia car,https://en.wikipedia.org/wiki/Kia_Motors
5XY,Kia/Hyundai SUV,https://en.wikipedia.org/wiki/Kia_Motors; https://en.wikipedia.org/wiki/Hyundai_Motor_Company
5Y2,Pontiac Vibe made by NUMMI,https://en.wikipedia.org/wiki/Pontiac_Vibe; https://en.wikipedia.org/wiki/NUMMI
5Y4,"Yamaha Motor Company ATV, UTV",https://en.wikipedia.org/wiki/Yamaha_Motor_Company
5YA,"Indian Motorcycle Company Kings Mountain, NC",https://en.wikipedia.org/wiki/Indian_Motocycle_Manufacturing_Company#Indian_Motorcycle_Company_(2006-2011)
5YF,Toyota car made by TMMMS,https://en.wikipedia.org/wiki/Toyota; https://en.wikipedia.org/wiki/TMMMS
5YJ,Tesla,https://en.wikipedia.org/wiki/Tesla_Motors
5YM,BMW M SUV,https://en.wikipedia.org/wiki/BMW_M
5Z6,Suzuki truck made by Nissan,https://en.wikipedia.org/wiki/Suzuki
50E,Lucid Motors,https://en.wikipedia.org/wiki/Lucid_Motors
50G,Karma Automotive,https://en.wikipedia.org/wiki/Karma_Automotive
516,Autocar truck,https://en.wikipedia.org/wiki/Autocar_Company#Contemporary_activities
51R,Brammo Motorcycles,https://en.wikipedia.org/wiki/Brammo
523,VPG,https://en.wikipedia.org/wiki/Vehicle_Production_Group
52C,GEM subsidiary of Polaris Inc.,https://en.wikipedia.org/wiki/Global_Electric_Motorcars; https://en.wikipedia.org/wiki/Polaris_Inc.
538,Zero Motorcycles,https://en.wikipedia.org/wiki/Zero_Motorcycles
53G,Coda Automotive,https://en.wikipedia.org/wiki/Coda_(electric_car)
53T,"Think North America in Elkhart, IN",https://en.wikipedia.org/wiki/Think_Global
546,EBR,https://en.wikipedia.org/wiki/Erik_Buell_Racing
54C,Winnebago Industries trailer,https://en.wikipedia.org/wiki/Winnebago_Industries
54D,Isuzu & Chevrolet commercial trucks built by Spartan Motors/The Shyft Group,https://en.wikipedia.org/wiki/Isuzu; https://en.wikipedia.org/wiki/Chevrolet; https://en.wikipedia.org/wiki/Spartan_Motors; https://en.wikipedia.org/wiki/The_Shyft_Group
55S,Mercedes-Benz car,https://en.wikipedia.org/wiki/Mercedes-Benz
56K,"Indian Motorcycle International, LLC Polaris subsidiary",https://en.wikipedia.org/wiki/Indian_Motocycle_Manufacturing_Company#Polaris_Acquisition_(since_2011)
57W,Mobility Ventures,https://en.wikipedia.org/wiki/Vehicle_Production_Group
57X,Polaris Slingshot,https://en.wikipedia.org/wiki/Polaris_Slingshot
58A,Lexus car made by TMMK,https://en.wikipedia.org/wiki/Lexus; https://en.wikipedia.org/wiki/Toyota_Motor_Manufacturing_Kentucky
6F1,Ford,https://en.wikipedia.org/wiki/Ford_Australia
6F2,Iveco Trucks Australia Ltd.,https://en.wikipedia.org/wiki/Iveco#Facilities
6F4,Nissan Motor Australia,https://en.wikipedia.org/wiki/Nissan_Motor_Australia
6F5,Kenworth Australia,https://en.wikipedia.org/wiki/Kenworth#Australia
6FM,Mack Trucks Australia,"https://en.wikipedia.org/wiki/Mack_Trucks#Australia,_New_Zealand_and_South_Africa"
6FP,Ford,https://en.wikipedia.org/wiki/Ford_Australia
6G1,Holden & Chevrolet,https://en.wikipedia.org/wiki/Holden; https://en.wikipedia.org/wiki/Chevrolet
6G2,Pontiac,https://en.wikipedia.org/wiki/Pontiac_(automobile)
6G3,Chevrolet,https://en.wikipedia.org/wiki/Chevrolet
6MM,Mitsubishi,https://en.wikipedia.org/wiki/Mitsubishi_Motors
6MP,Mercury Capri,https://en.wikipedia.org/wiki/Mercury_Capri#Third_generation_(1991–1994)
6T1,Toyota,https://en.wikipedia.org/wiki/Toyota
6T9,Trailer,https://en.wikipedia.org/wiki/Trailer_(vehicle)
6U9,"Low Volume (Grey) Import Vehicles which don't have 17 Digit VIN. Uses NON ISO VIN with ""Filler 0's between WMI & Non Iso VIN – I.e Japanese VIN PV35-400637 would become 6U90000PV35400637",
6ZZ,"Low Volume (Grey) Import Vehicles which don't have 17 Digit VIN. Uses NON ISO VIN with ""Filler 0's between WMI & Non Iso VIN – I.e Japanese VIN PV35-400637 would become 6ZZ0000PV35400637",
7A1,Mitsubishi,https://en.wikipedia.org/wiki/Mitsubishi_Motors
7A3,Honda,https://en.wikipedia.org/wiki/Honda
7A4,Toyota,https://en.wikipedia.org/wiki/Toyota
7A5,Ford,https://en.wikipedia.org/wiki/Ford_Motor_Company
7A7,Nissan New Zealand,https://en.wikipedia.org/wiki/Nissan_New_Zealand
7A8,NZ Transport Agency (pre-2009),https://en.wikipedia.org/wiki/NZ_Transport_Agency
7AT,NZ Transport Agency (post–2009),https://en.wikipedia.org/wiki/NZ_Transport_Agency
7FA,Honda SUV made by Honda Manufacturing of Indiana,https://en.wikipedia.org/wiki/Honda; https://en.wikipedia.org/wiki/Honda_Manufacturing_of_Indiana
7FC,Rivian truck,https://en.wikipedia.org/wiki/Rivian
7GZ,GMC incomplete vehicles made by Navistar International,https://en.wikipedia.org/wiki/GMC_(automobile)
7G2,Tesla Cybertruck & Tesla Semi,https://en.wikipedia.org/wiki/Tesla_Cybertruck; https://en.wikipedia.org/wiki/Tesla_Semi
7H4,Hino truck,https://en.wikipedia.org/wiki/Hino_Motors#United_States
7JR,Volvo Cars car,https://en.wikipedia.org/wiki/Volvo_Cars
7JZ,Proterra From mid-2019 on,https://en.wikipedia.org/wiki/Proterra_(bus_manufacturer)
7KG,Vanderhall Motor Works,https://en.wikipedia.org/wiki/Vanderhall_Motor_Works
7MM,Mazda SUV made by MTMUS (Mazda-Toyota Joint Venture),https://en.wikipedia.org/wiki/Mazda; https://en.wikipedia.org/wiki/Mazda_Toyota_Manufacturing_USA
7MU,Toyota SUV made by MTMUS (Mazda-Toyota Joint Venture),https://en.wikipedia.org/wiki/Toyota; https://en.wikipedia.org/wiki/Mazda_Toyota_Manufacturing_USA
7NA,Navistar Defense,https://en.wikipedia.org/wiki/Navistar_International#Navistar_Defense_LLC_(2003–present)
7NY,Lordstown Motors,https://en.wikipedia.org/wiki/Lordstown_Motors
7PD,Rivian SUV,https://en.wikipedia.org/wiki/Rivian
7RZ,Electric Last Mile Solutions,
7R4,Icon Electric Vehicles,
7SA,Tesla SUV 2022+,"https://en.wikipedia.org/wiki/Tesla,_Inc"
7SU,Blue Arc electric trucks made by The Shyft Group,https://en.wikipedia.org/wiki/The_Shyft_Group#Blue_Arc; https://en.wikipedia.org/wiki/The_Shyft_Group
7SV,Toyota SUV made by TMMTX,https://en.wikipedia.org/wiki/Toyota; https://en.wikipedia.org/wiki/TMMTX
7SX,Global Electric Motorcars,https://en.wikipedia.org/wiki/Global_Electric_Motorcars
7Z0,Zoox,https://en.wikipedia.org/wiki/Zoox_(company)
8AC,Mercedes-Benz vans (for South America),https://en.wikipedia.org/wiki/Mercedes-Benz
8AD,Peugeot,https://en.wikipedia.org/wiki/Peugeot
8AE,Peugeot van,https://en.wikipedia.org/wiki/Peugeot
8AF,Ford Motor Argentina,https://en.wikipedia.org/wiki/Ford_Motor_Argentina
8AG,General Motors de Argentina Chevrolet,https://en.wikipedia.org/wiki/General_Motors_de_Argentina
8AJ,Toyota Argentina,https://en.wikipedia.org/wiki/Toyota_Argentina
8AN,Nissan,https://en.wikipedia.org/wiki/Nissan
8AP,Fiat,https://en.wikipedia.org/wiki/Fiat
8AT,Iveco,https://en.wikipedia.org/wiki/Iveco
8AW,Volkswagen Argentina,https://en.wikipedia.org/wiki/Volkswagen_Argentina
8A1,Renault Argentina,https://en.wikipedia.org/wiki/Renault_Argentina
8A3,Scania Argentina,https://en.wikipedia.org/wiki/Scania_AB#Production_sites
8BB,Agrale Argentina S.A,https://en.wikipedia.org/wiki/Agrale#Agrale_in_Argentina
8BC,Citroën,https://en.wikipedia.org/wiki/Citro%C3%ABn
8BN,Mercedes-Benz incomplete vehicle (North America),https://en.wikipedia.org/wiki/Mercedes-Benz
8BR,"Mercedes-Benz ""bus"" (van with more than 3 rows of seats) (North America)",https://en.wikipedia.org/wiki/Mercedes-Benz
8BT,Mercedes-Benz MPV (van with 2 or 3 rows of seats) (North America),https://en.wikipedia.org/wiki/Mercedes-Benz
8BU,Mercedes-Benz truck (cargo van with 1 row of seats) (North America),https://en.wikipedia.org/wiki/Mercedes-Benz
8CH,Honda motorcycle,https://en.wikipedia.org/wiki/Honda
8C3,Honda car/SUV,https://en.wikipedia.org/wiki/Honda
8F9,Reborn Electric Motors SPA,https://en.wikipedia.org/w/index.php?title=Reborn_Electric_Motors_SPA&action=edit&redlink=1
8G1,Automotores Franco Chilena S.A Renault,https://de.wikipedia.org/wiki/Automotores_Franco_Chilena; https://en.wikipedia.org/wiki/Renault
8GD,Automotores Franco Chilena S.A Peugeot,https://de.wikipedia.org/wiki/Automotores_Franco_Chilena; https://en.wikipedia.org/wiki/Peugeot
8GG,General Motors Chile Ltda.,https://en.wikipedia.org/wiki/General_Motors_de_Chile
8L4,Great Wall Motors made by Ciudad del Auto Ciauto Cia. Ltda.,https://en.wikipedia.org/wiki/Great_Wall_Motors
8LB,General Motors OBB,https://es.wikipedia.org/wiki/General_Motors_OBB
8LF,Maresa (Mazda),https://en.wikipedia.org/w/index.php?title=Maresa_(Ecuadorian_company)&action=edit&redlink=1; https://en.wikipedia.org/wiki/Mazda
8LG,Aymesa (Hyundai Motor & Kia),https://en.wikipedia.org/wiki/Aymesa; https://en.wikipedia.org/wiki/Hyundai_Motor; https://en.wikipedia.org/wiki/Kia
8XD,Ford Motor Venezuela,https://en.wikipedia.org/wiki/Valencia_Assembly
8XJ,Mack de Venezuela C.A.,https://en.wikipedia.org/wiki/Mack_Trucks
8XV,Iveco Venezuela C.A.,https://en.wikipedia.org/wiki/Iveco
8Z1,General Motors Venezolana C.A.,https://en.wikipedia.org/wiki/List_of_General_Motors_factories#Former_factories
829,Quantum Motors,https://en.wikipedia.org/wiki/Quantum_Motors
9AM,Massari (?),
9BD,Fiat Automóveis,https://en.wikipedia.org/wiki/Fiat_Autom%C3%B3veis
9BF,Ford Brasil,https://en.wikipedia.org/wiki/Ford_Brasil
9BG,General Motors do Brasil Chevrolet,https://en.wikipedia.org/wiki/General_Motors_do_Brasil
9BH,Hyundai Motor Brasil,https://en.wikipedia.org/wiki/Hyundai_Motor_Brasil
9BM,Mercedes-Benz car & SUV & commercial truck,https://en.wikipedia.org/wiki/Mercedes-Benz
9BN,Mafersa,https://en.wikipedia.org/wiki/Mafersa
9BR,Toyota,https://en.wikipedia.org/wiki/Toyota
9BS,Scania Brazil,https://en.wikipedia.org/wiki/Scania_AB#Production_sites
9BV,Volvo Trucks,https://en.wikipedia.org/wiki/Volvo_Trucks
9BW,Volkswagen do Brasil,https://en.wikipedia.org/wiki/Volkswagen_do_Brasil
9BY,Agrale S.A.,https://en.wikipedia.org/wiki/Agrale
9C2,Honda Motorcycles,https://en.wikipedia.org/wiki/Honda_Motorcycles
9C6,Yamaha Motor,https://en.wikipedia.org/wiki/Yamaha_Motor
9CD,Suzuki (motorcycles) assembled by J. Toledo Motos do Brasil,https://en.wikipedia.org/wiki/Suzuki
9DW,Kenworth & Peterbilt trucks made by Volkswagen do Brasil,https://en.wikipedia.org/wiki/Kenworth; https://en.wikipedia.org/wiki/Peterbilt; https://en.wikipedia.org/wiki/Volkswagen_do_Brasil#Trucks_and_buses
9EZ,Homebuilt vehicles,https://en.wikipedia.org/wiki/Homebuilt_machines
903,Royal Enfield assembled by Grupo Multi,https://en.wikipedia.org/wiki/Royal_Enfield
92Z,Great Wall Motors,https://en.wikipedia.org/wiki/Great_Wall_Motors
932,Harley-Davidson,https://en.wikipedia.org/wiki/Harley-Davidson
935,Citroën,https://en.wikipedia.org/wiki/Citro%C3%ABn
936,Peugeot,https://en.wikipedia.org/wiki/Peugeot
937,Dodge,https://en.wikipedia.org/wiki/Dodge
93C,General Motors do Brasil Chevrolet SUV (Mexico),https://en.wikipedia.org/wiki/General_Motors_do_Brasil
93H,Honda car/SUV,https://en.wikipedia.org/wiki/Honda
93K,Volvo Trucks,https://en.wikipedia.org/wiki/Volvo_Trucks
93P,Volare,https://en.wikipedia.org/wiki/Marcopolo_S.A.#Brand_names
93S,Navistar International,https://en.wikipedia.org/wiki/Navistar_International
93U,Audi 1999–2006,https://en.wikipedia.org/wiki/Audi
93V,Navistar International,https://en.wikipedia.org/wiki/Navistar_International
93W,Fiat Ducato made by Iveco 2000–2016,https://en.wikipedia.org/wiki/Fiat_Ducato#Second_generation_(1993); https://en.wikipedia.org/wiki/Iveco
93X,Souza Ramos – Mitsubishi Motors / Suzuki Jimny,https://en.wikipedia.org/wiki/Mitsubishi_Motors; https://en.wikipedia.org/wiki/Suzuki_Jimny#Third_generation_(1998)
93Y,Renault do Brasil,https://en.wikipedia.org/wiki/Renault_do_Brasil
93Z,Iveco,https://en.wikipedia.org/wiki/Iveco
94D,Nissan,https://en.wikipedia.org/wiki/Nissan
94G,Indabra,https://en.wikipedia.org/w/index.php?title=Indabra&action=edit&redlink=1
94M,HVR-Busscar,https://en.wikipedia.org/wiki/Busscar
94N,RWM Brazil,https://en.wikipedia.org/w/index.php?title=RWM_Brazil&action=edit&redlink=1
94T,Troller Veículos Especiais,https://en.wikipedia.org/wiki/Troller_Ve%C3%ADculos_Especiais
953,VW Truck & Bus / MAN Truck & Bus,https://en.wikipedia.org/wiki/Volkswagen_Caminh%C3%B5es_e_%C3%94nibus; https://en.wikipedia.org/wiki/MAN_Truck_%26_Bus
95P,CAOA / Hyundai & CAOA Chery,https://pt.wikipedia.org/wiki/Grupo_Caoa; https://en.wikipedia.org/wiki/Chery
95V,"Dafra Motos (motorscooters from SYM) & Ducati, KTM, MV Agusta, BMW Motorrad, Royal Enfield - assembled by Dafra",https://en.wikipedia.org/wiki/Dafra_Motos; https://en.wikipedia.org/wiki/Ducati; https://en.wikipedia.org/wiki/KTM; https://en.wikipedia.org/wiki/MV_Agusta; https://en.wikipedia.org/wiki/BMW_Motorrad; https://en.wikipedia.org/wiki/Royal_Enfield
95Z,Buell Motorcycle Company assembled by Harley-Davidson Brazil,https://en.wikipedia.org/wiki/Buell_Motorcycle_Company; https://en.wikipedia.org/wiki/Harley-Davidson
96P,Kawasaki,https://en.wikipedia.org/wiki/Kawasaki_motorcycles
97N,Triumph Motorcycles Ltd,https://en.wikipedia.org/wiki/Triumph_Motorcycles_Ltd
988,Jeep and Fiat (made at the Goiana plant),https://en.wikipedia.org/wiki/Jeep; https://en.wikipedia.org/wiki/Fiat
98M,BMW car/SUV,https://en.wikipedia.org/wiki/BMW
98R,Chery,https://en.wikipedia.org/wiki/Chery
99A,Audi 2016-,https://en.wikipedia.org/wiki/Audi
99J,Jaguar Land Rover,https://en.wikipedia.org/wiki/Jaguar_Land_Rover#Operations
99K,Haojue & Kymco assembled by JTZ Indústria e Comércio de Motos,https://en.wikipedia.org/w/index.php?title=Haojue&action=edit&redlink=1; https://en.wikipedia.org/wiki/Kymco
99L,BYD,https://en.wikipedia.org/wiki/BYD_Auto
99Z,BMW Motorrad Motorcycle assembled by BMW 2017-,https://en.wikipedia.org/wiki/BMW_Motorrad
9FB,Sofasa (Renault),https://en.wikipedia.org/wiki/Sofasa; https://en.wikipedia.org/wiki/Renault
9FC,Compañía Colombiana Automotriz S.A. (Mazda),https://en.wikipedia.org/wiki/Compa%C3%B1%C3%ADa_Colombiana_Automotriz; https://en.wikipedia.org/wiki/Mazda
9GA,GM Colmotores S.A. (Chevrolet),https://en.wikipedia.org/wiki/GM_Colmotores; https://en.wikipedia.org/wiki/Chevrolet
9UJ,Chery assembled by Chery Socma S.A.,https://en.wikipedia.org/wiki/Chery; https://en.wikipedia.org/wiki/Chery_Automobile#Uruguay
9UK,Lifan,https://en.wikipedia.org/wiki/Lifan_Group
9UW,Kia made by Nordex S.A.,https://en.wikipedia.org/wiki/Kia
9V7,Citroen made by Nordex S.A.,https://en.wikipedia.org/wiki/Citroen
9V8,Peugeot made by Nordex S.A.,https://en.wikipedia.org/wiki/Peugeot
