Id,MakeId,ModelId,CreatedOn,UpdatedOn
1,440,1684,NULL,NULL
2,441,1685,NULL,NULL
3,440,1686,NULL,NULL
4,440,1687,NULL,NULL
5,440,1688,NULL,NULL
6,445,1689,NULL,NULL
7,445,1690,NULL,NULL
8,445,1691,NULL,NULL
9,446,1692,NULL,NULL
10,446,1693,NULL,NULL
11,446,1694,NULL,NULL
12,440,1695,NULL,NULL
14,440,1697,NULL,NULL
15,447,1698,NULL,NULL
16,443,1699,NULL,NULL
17,443,1700,NULL,NULL
18,440,1701,NULL,NULL
20,449,1703,NULL,NULL
21,450,1704,NULL,NULL
22,451,1705,NULL,NULL
23,451,1706,NULL,NULL
24,452,1707,NULL,NULL
25,452,1708,NULL,NULL
26,452,1709,NULL,NULL
27,452,1710,NULL,NULL
28,452,1711,NULL,NULL
29,452,1712,NULL,NULL
30,452,1713,NULL,NULL
31,452,1714,NULL,NULL
32,452,1715,NULL,NULL
33,452,1716,NULL,NULL
34,452,1717,NULL,NULL
35,452,1718,NULL,NULL
36,452,1719,NULL,NULL
37,452,1720,NULL,NULL
38,452,1721,NULL,NULL
39,452,1722,NULL,NULL
40,452,1723,NULL,NULL
41,452,1724,NULL,NULL
42,452,1725,NULL,NULL
43,453,1726,NULL,NULL
44,452,1727,NULL,NULL
45,452,1728,NULL,NULL
46,452,1729,NULL,NULL
47,452,1730,NULL,NULL
48,452,1731,NULL,NULL
49,452,1732,NULL,NULL
50,452,1733,NULL,NULL
51,454,1734,NULL,NULL
52,455,1735,NULL,NULL
53,452,1736,NULL,NULL
54,452,1737,NULL,NULL
55,452,1738,NULL,NULL
56,452,1739,NULL,NULL
57,452,1740,NULL,NULL
58,452,1741,NULL,NULL
59,452,1742,NULL,NULL
60,452,1743,NULL,NULL
61,452,1744,NULL,NULL
62,452,1745,NULL,NULL
63,452,1746,NULL,NULL
64,452,1747,NULL,NULL
65,452,1748,NULL,NULL
66,452,1749,NULL,NULL
67,452,1750,NULL,NULL
68,452,1751,NULL,NULL
69,452,1752,NULL,NULL
70,452,1753,NULL,NULL
71,452,1754,NULL,NULL
72,452,1755,NULL,NULL
73,452,1756,NULL,NULL
74,452,1757,NULL,NULL
75,452,1758,NULL,NULL
76,452,1759,NULL,NULL
77,452,1760,NULL,NULL
78,456,1761,NULL,NULL
82,456,1765,NULL,NULL
84,456,1767,NULL,NULL
87,457,1770,NULL,NULL
88,457,1771,NULL,NULL
89,458,1772,NULL,NULL
90,458,1773,NULL,NULL
91,458,1774,NULL,NULL
92,458,1775,NULL,NULL
93,459,1776,NULL,NULL
94,461,1777,NULL,NULL
95,460,1778,NULL,NULL
96,460,1779,NULL,NULL
97,460,1780,NULL,NULL
98,460,1781,NULL,NULL
99,460,1782,NULL,NULL
100,462,1783,NULL,NULL
101,462,1784,NULL,NULL
102,462,1785,NULL,NULL
103,462,1786,NULL,NULL
104,462,1787,NULL,NULL
105,463,1788,NULL,NULL
107,464,1790,NULL,NULL
108,464,1791,NULL,NULL
109,465,1792,NULL,NULL
110,465,1793,NULL,NULL
111,464,1794,NULL,NULL
112,466,1795,NULL,NULL
113,460,1796,NULL,NULL
114,460,1797,NULL,NULL
115,460,1798,NULL,NULL
116,460,1799,NULL,NULL
117,460,1800,NULL,NULL
118,460,1801,NULL,NULL
119,460,1802,NULL,NULL
120,460,1803,NULL,NULL
121,460,1804,NULL,NULL
122,460,1805,NULL,NULL
123,460,1806,NULL,NULL
124,460,1807,NULL,NULL
125,460,1808,NULL,NULL
126,460,1809,NULL,NULL
127,460,1810,NULL,NULL
128,460,1811,NULL,NULL
129,464,1812,NULL,NULL
130,464,1813,NULL,NULL
131,464,1814,NULL,NULL
132,465,1815,NULL,NULL
133,465,1816,NULL,NULL
134,460,1817,NULL,NULL
135,460,1818,NULL,NULL
136,460,1819,NULL,NULL
137,460,1820,NULL,NULL
138,468,1821,NULL,NULL
139,468,1822,NULL,NULL
140,468,1823,NULL,NULL
141,469,1824,NULL,NULL
142,469,1825,NULL,NULL
143,469,1826,NULL,NULL
144,469,1827,NULL,NULL
145,467,1828,NULL,NULL
146,467,1829,NULL,NULL
147,467,1830,NULL,NULL
148,467,1831,NULL,NULL
149,467,1832,NULL,NULL
150,467,1833,NULL,NULL
151,467,1834,NULL,NULL
152,467,1835,NULL,NULL
153,467,1836,NULL,NULL
154,467,1837,NULL,NULL
155,467,1838,NULL,NULL
156,470,1839,NULL,NULL
157,471,1840,NULL,NULL
158,468,1841,NULL,NULL
159,468,1842,NULL,NULL
160,469,1843,NULL,NULL
161,469,1844,NULL,NULL
163,467,1846,NULL,NULL
164,467,1847,NULL,NULL
165,467,1848,NULL,NULL
166,467,1849,NULL,NULL
167,467,1850,NULL,NULL
168,467,1851,NULL,NULL
169,467,1852,NULL,NULL
170,467,1853,NULL,NULL
171,467,1854,NULL,NULL
172,472,1855,NULL,NULL
173,472,1856,NULL,NULL
174,472,1857,NULL,NULL
175,472,1858,NULL,NULL
176,472,1859,NULL,NULL
177,473,1860,NULL,NULL
178,474,1861,NULL,NULL
179,456,1862,NULL,NULL
180,474,1863,NULL,NULL
181,474,1864,NULL,NULL
182,474,1865,NULL,NULL
183,474,1866,NULL,NULL
184,475,1867,NULL,NULL
185,474,1868,NULL,NULL
186,474,1869,NULL,NULL
187,474,1870,NULL,NULL
188,475,1871,NULL,NULL
189,475,1872,NULL,NULL
190,475,1873,NULL,NULL
191,475,1874,NULL,NULL
192,474,1875,NULL,NULL
193,477,1876,NULL,NULL
194,477,1877,NULL,NULL
195,477,1878,NULL,NULL
197,456,1880,NULL,NULL
202,479,1885,NULL,NULL
203,456,1886,NULL,NULL
207,478,1890,NULL,NULL
209,476,1892,NULL,NULL
210,476,1893,NULL,NULL
211,478,1894,NULL,NULL
212,476,1895,NULL,NULL
213,476,1896,NULL,NULL
214,476,1897,NULL,NULL
215,478,1898,NULL,NULL
216,480,1899,NULL,NULL
217,480,1900,NULL,NULL
218,480,1901,NULL,NULL
219,480,1902,NULL,NULL
220,480,1903,NULL,NULL
221,478,1904,NULL,NULL
222,478,1905,NULL,NULL
223,478,1906,NULL,NULL
224,478,1907,NULL,NULL
225,480,1908,NULL,NULL
226,480,1909,NULL,NULL
227,480,1910,NULL,NULL
228,478,1911,NULL,NULL
229,478,1912,NULL,NULL
230,478,1913,NULL,NULL
231,478,1914,NULL,NULL
232,478,1915,NULL,NULL
233,478,1916,NULL,NULL
234,478,1917,NULL,NULL
235,478,1918,NULL,NULL
236,478,1919,NULL,NULL
237,478,1920,NULL,NULL
238,467,1921,NULL,NULL
239,478,1922,NULL,NULL
242,456,1925,NULL,NULL
245,456,1928,NULL,NULL
253,477,1936,NULL,NULL
254,477,1937,NULL,NULL
255,476,1938,NULL,NULL
256,476,1939,NULL,NULL
257,476,1940,NULL,NULL
258,476,1941,NULL,NULL
259,476,1942,NULL,NULL
260,483,1943,NULL,NULL
261,483,1944,NULL,NULL
262,483,1945,NULL,NULL
263,483,1946,NULL,NULL
264,483,1947,NULL,NULL
265,483,1948,NULL,NULL
266,483,1949,NULL,NULL
267,481,1950,NULL,NULL
268,482,1951,NULL,NULL
269,484,1952,NULL,NULL
270,486,1953,NULL,NULL
271,484,1954,NULL,NULL
272,484,1955,NULL,NULL
273,484,1956,NULL,NULL
275,476,1958,NULL,NULL
276,485,1959,NULL,NULL
277,485,1960,NULL,NULL
278,485,1961,NULL,NULL
279,485,1962,NULL,NULL
280,485,1963,NULL,NULL
282,487,1965,NULL,NULL
283,487,1966,NULL,NULL
284,487,1967,NULL,NULL
285,487,1968,NULL,NULL
286,487,1969,NULL,NULL
287,452,1970,NULL,NULL
288,452,1971,NULL,2024-10-23 11:43:07.670
289,450,1972,NULL,NULL
290,450,1973,NULL,NULL
291,450,1974,NULL,NULL
292,450,1975,NULL,NULL
293,450,1976,NULL,NULL
294,450,1977,NULL,NULL
295,450,1978,NULL,2025-08-07 14:24:58.747
296,450,1979,NULL,NULL
297,450,1980,NULL,NULL
298,450,1981,NULL,NULL
299,450,1982,NULL,NULL
300,450,1983,NULL,NULL
301,450,1984,NULL,NULL
302,450,1985,NULL,NULL
303,450,1986,NULL,NULL
304,450,1987,NULL,NULL
305,450,1988,NULL,2025-08-07 14:24:24.860
306,450,1989,NULL,NULL
308,450,1991,NULL,NULL
309,450,1992,NULL,NULL
310,450,1993,NULL,NULL
311,450,1994,NULL,2025-08-07 14:37:40.493
312,450,1995,NULL,NULL
313,450,1996,NULL,NULL
315,450,1998,NULL,NULL
316,450,1999,NULL,NULL
317,450,2000,NULL,NULL
318,450,2001,NULL,NULL
319,450,2002,NULL,NULL
320,450,2003,NULL,NULL
321,450,2004,NULL,NULL
322,450,2005,NULL,NULL
323,450,2006,NULL,NULL
324,450,2007,NULL,NULL
325,450,2008,NULL,NULL
326,450,2009,NULL,NULL
327,450,2010,NULL,NULL
328,450,2011,NULL,NULL
329,450,2012,NULL,NULL
330,450,2013,NULL,NULL
331,450,2014,NULL,NULL
332,450,2015,NULL,NULL
333,450,2016,NULL,NULL
334,450,2017,NULL,NULL
335,450,2018,NULL,NULL
336,450,2019,NULL,NULL
337,450,2020,NULL,NULL
338,450,2021,NULL,NULL
339,450,2022,NULL,NULL
340,450,2023,NULL,NULL
341,452,2024,NULL,NULL
342,489,2025,NULL,NULL
343,489,2026,NULL,NULL
344,489,2027,NULL,NULL
345,490,2028,NULL,2024-05-15 16:10:49.553
346,490,2029,NULL,2024-05-15 17:05:56.993
347,490,2030,NULL,NULL
348,490,2031,NULL,2024-05-15 16:08:36.410
349,490,2032,NULL,2024-05-15 16:08:02.517
350,490,2033,NULL,2024-05-22 15:54:00.207
351,490,2034,NULL,NULL
352,493,2035,NULL,NULL
353,494,2036,NULL,NULL
354,492,2037,NULL,NULL
355,480,2038,NULL,NULL
356,495,2039,NULL,NULL
357,495,2040,NULL,NULL
358,495,2041,NULL,NULL
359,495,2042,NULL,NULL
360,495,2043,NULL,NULL
361,495,2044,NULL,NULL
362,495,2045,NULL,NULL
363,495,2046,NULL,NULL
364,495,2047,NULL,NULL
365,495,2048,NULL,NULL
366,495,2049,NULL,NULL
367,496,2050,NULL,NULL
368,497,2051,NULL,NULL
369,497,2052,NULL,NULL
370,477,2053,NULL,NULL
371,476,2054,NULL,NULL
372,492,2055,NULL,NULL
373,498,2056,NULL,NULL
374,498,2057,NULL,NULL
375,498,2058,NULL,NULL
376,500,2059,NULL,NULL
377,500,2060,NULL,NULL
378,500,2061,NULL,NULL
379,500,2062,NULL,NULL
380,501,2063,NULL,NULL
381,501,2064,NULL,NULL
382,501,2065,NULL,NULL
383,502,2066,NULL,NULL
384,502,2067,NULL,NULL
385,503,2068,NULL,NULL
386,503,2069,NULL,NULL
387,500,2070,NULL,NULL
388,441,2071,NULL,NULL
389,473,2072,NULL,NULL
390,473,2073,NULL,NULL
391,473,2074,NULL,NULL
392,473,2075,NULL,NULL
393,473,2076,NULL,NULL
394,473,2077,NULL,NULL
395,473,2078,NULL,NULL
396,449,2079,NULL,NULL
397,449,2080,NULL,NULL
398,449,2081,NULL,NULL
399,449,2082,NULL,NULL
400,449,2083,NULL,NULL
401,449,2084,NULL,NULL
402,449,2085,NULL,NULL
403,449,2086,NULL,NULL
404,449,2087,NULL,NULL
405,505,2088,NULL,NULL
406,505,2089,NULL,NULL
407,505,2090,NULL,NULL
408,505,2091,NULL,NULL
409,505,2092,NULL,NULL
410,505,2093,NULL,NULL
411,506,2094,NULL,NULL
412,506,2095,NULL,NULL
413,509,2096,NULL,NULL
414,509,2097,NULL,NULL
415,509,2098,NULL,NULL
416,509,2099,NULL,NULL
419,509,2102,NULL,NULL
420,509,2103,NULL,NULL
421,509,2104,NULL,NULL
422,509,2105,NULL,NULL
423,509,2106,NULL,NULL
424,509,2107,NULL,NULL
425,509,2108,NULL,NULL
426,509,2109,NULL,NULL
427,509,2110,NULL,NULL
428,509,2111,NULL,NULL
429,509,2112,NULL,NULL
430,449,2113,NULL,NULL
431,504,2114,NULL,NULL
433,509,2116,NULL,NULL
434,509,2117,NULL,NULL
435,509,2118,NULL,NULL
436,509,2119,NULL,NULL
437,509,2120,NULL,NULL
438,509,2121,NULL,NULL
439,509,2122,NULL,NULL
440,509,2123,NULL,NULL
441,509,2124,NULL,NULL
442,509,2125,NULL,NULL
443,509,2126,NULL,NULL
444,474,2127,NULL,NULL
445,474,2128,NULL,NULL
446,449,2129,NULL,NULL
447,449,2130,NULL,NULL
448,449,2131,NULL,NULL
449,449,2132,NULL,NULL
450,509,2133,NULL,NULL
455,509,2138,NULL,NULL
456,509,2139,NULL,NULL
458,509,2141,NULL,NULL
460,509,2143,NULL,NULL
461,509,2144,NULL,NULL
462,509,2145,NULL,NULL
464,475,2147,NULL,NULL
466,475,2149,NULL,NULL
467,475,2150,NULL,NULL
468,511,2151,NULL,NULL
469,511,2152,NULL,NULL
470,473,2153,NULL,NULL
471,508,2154,NULL,NULL
472,508,2155,NULL,NULL
473,508,2156,NULL,NULL
474,508,2157,NULL,NULL
475,508,2158,NULL,NULL
476,508,2159,NULL,NULL
477,508,2160,NULL,NULL
478,508,2161,NULL,NULL
479,513,2162,NULL,NULL
480,481,2163,NULL,NULL
481,481,2164,NULL,NULL
482,481,2165,NULL,NULL
483,481,2166,NULL,NULL
484,481,2167,NULL,NULL
485,514,2168,NULL,NULL
486,514,2169,NULL,NULL
487,452,2170,NULL,NULL
488,452,2171,NULL,NULL
489,452,2172,NULL,NULL
490,452,2173,NULL,NULL
491,514,2174,NULL,NULL
492,514,2175,NULL,NULL
493,514,2176,NULL,NULL
494,514,2177,NULL,NULL
495,452,2178,NULL,NULL
496,452,2179,NULL,NULL
497,515,2180,NULL,NULL
499,515,2182,NULL,NULL
500,515,2183,NULL,NULL
501,515,2184,NULL,NULL
503,517,2186,NULL,NULL
504,517,2187,NULL,NULL
505,517,2188,NULL,NULL
506,517,2189,NULL,NULL
507,517,2190,NULL,NULL
508,517,2191,NULL,NULL
509,517,2192,NULL,NULL
510,517,2193,NULL,NULL
511,517,2194,NULL,NULL
512,517,2195,NULL,NULL
513,517,2196,NULL,NULL
514,517,2197,NULL,NULL
515,517,2198,NULL,NULL
516,517,2199,NULL,NULL
517,517,2200,NULL,NULL
518,517,2201,NULL,NULL
519,517,2202,NULL,NULL
520,517,2203,NULL,NULL
521,517,2204,NULL,NULL
522,517,2205,NULL,NULL
523,448,2206,NULL,2023-12-13 15:49:17.417
524,448,2207,NULL,2023-12-13 15:49:28.130
525,448,2208,NULL,NULL
526,448,2209,NULL,2024-01-10 08:26:22.393
527,448,2210,NULL,2023-12-13 15:49:34.990
528,448,2211,NULL,NULL
529,515,2212,NULL,NULL
530,448,2213,NULL,NULL
531,515,2214,NULL,NULL
532,515,2215,NULL,NULL
533,448,2216,NULL,2025-09-25 10:23:12.063
534,448,2217,NULL,2025-03-17 12:53:18.580
536,452,2219,NULL,NULL
537,452,2220,NULL,NULL
539,519,2222,NULL,NULL
540,448,2223,NULL,NULL
547,452,2230,NULL,NULL
548,452,2231,NULL,NULL
549,523,2232,NULL,NULL
550,523,2233,NULL,NULL
551,523,2234,NULL,NULL
552,523,2235,NULL,NULL
553,523,2236,NULL,NULL
554,523,2237,NULL,NULL
555,523,2238,NULL,NULL
557,452,2240,NULL,NULL
558,444,2241,NULL,NULL
559,442,2242,NULL,NULL
560,444,2243,NULL,NULL
561,444,2244,NULL,NULL
562,444,2245,NULL,NULL
563,444,2246,NULL,NULL
564,444,2247,NULL,NULL
565,524,2248,NULL,NULL
566,524,2249,NULL,NULL
567,524,2250,NULL,NULL
568,524,2251,NULL,NULL
569,524,2252,NULL,NULL
570,524,2253,NULL,NULL
571,524,2254,NULL,NULL
572,524,2255,NULL,NULL
573,524,2256,NULL,NULL
574,524,2257,NULL,NULL
575,524,2258,NULL,NULL
576,524,2259,NULL,NULL
577,524,2260,NULL,NULL
578,524,2261,NULL,NULL
579,524,2262,NULL,NULL
580,524,2263,NULL,NULL
582,524,2265,NULL,NULL
583,524,2266,NULL,NULL
584,524,2267,NULL,NULL
585,524,2268,NULL,NULL
586,524,2269,NULL,NULL
587,524,2270,NULL,NULL
588,527,2271,NULL,NULL
589,527,2272,NULL,NULL
590,527,2273,NULL,NULL
591,527,2274,NULL,NULL
592,527,2275,NULL,NULL
593,527,2276,NULL,NULL
594,527,2277,NULL,NULL
595,527,2278,NULL,NULL
596,527,2279,NULL,NULL
597,527,2280,NULL,NULL
598,527,2281,NULL,NULL
599,527,2282,NULL,NULL
600,527,2283,NULL,NULL
601,527,2284,NULL,NULL
602,442,2285,NULL,NULL
603,442,2286,NULL,NULL
604,528,2287,NULL,NULL
605,528,2288,NULL,NULL
606,528,2289,NULL,NULL
607,528,2290,NULL,NULL
608,528,2291,NULL,NULL
609,528,2292,NULL,NULL
610,528,2293,NULL,NULL
611,528,2294,NULL,NULL
612,528,2295,NULL,NULL
613,528,2296,NULL,NULL
614,528,2297,NULL,NULL
615,498,2298,NULL,NULL
616,499,2299,NULL,NULL
617,452,2300,NULL,NULL
618,444,2301,NULL,NULL
619,478,2302,NULL,NULL
620,478,2303,NULL,NULL
621,480,2304,NULL,NULL
622,480,2305,NULL,NULL
623,480,2306,NULL,NULL
624,480,2307,NULL,NULL
625,528,2308,NULL,NULL
626,528,2309,NULL,NULL
627,528,2310,NULL,NULL
628,528,2311,NULL,NULL
629,528,2312,NULL,NULL
630,442,2313,NULL,NULL
631,442,2314,NULL,NULL
632,448,2315,NULL,NULL
634,528,2317,NULL,NULL
635,481,2318,NULL,NULL
636,523,2319,NULL,NULL
637,523,2320,NULL,NULL
639,473,2322,NULL,NULL
640,478,2323,NULL,NULL
641,480,2324,NULL,NULL
642,480,2325,NULL,NULL
643,480,2326,NULL,NULL
645,518,2328,NULL,NULL
646,518,2329,NULL,NULL
647,518,2330,NULL,NULL
648,518,2331,NULL,NULL
649,518,2332,NULL,NULL
650,518,2333,NULL,NULL
651,518,2334,NULL,NULL
652,518,2335,NULL,NULL
653,481,2336,NULL,NULL
654,480,2337,NULL,NULL
655,480,2338,NULL,NULL
656,481,2339,NULL,NULL
658,478,2341,NULL,NULL
659,481,2342,NULL,NULL
660,480,2343,NULL,NULL
661,493,2344,NULL,NULL
662,460,2345,NULL,NULL
663,460,2346,NULL,NULL
664,460,2347,NULL,NULL
665,452,2350,NULL,NULL
666,452,2351,NULL,NULL
667,452,2352,NULL,NULL
668,452,2353,NULL,NULL
669,452,2354,NULL,NULL
670,452,2355,NULL,NULL
671,480,2356,NULL,NULL
672,480,2357,NULL,NULL
673,480,2358,NULL,NULL
674,452,2359,NULL,NULL
675,452,2360,NULL,NULL
676,452,2361,NULL,NULL
680,465,2365,NULL,NULL
681,465,2366,NULL,NULL
682,464,2367,NULL,NULL
683,480,2368,NULL,NULL
684,473,2369,NULL,NULL
685,460,2370,NULL,NULL
686,480,2373,NULL,NULL
687,480,2374,NULL,NULL
688,442,2375,NULL,2024-02-16 10:16:29.747
689,452,2376,NULL,NULL
690,452,2377,NULL,NULL
691,452,2378,NULL,NULL
692,460,2379,NULL,NULL
693,531,2380,NULL,NULL
694,531,2381,NULL,NULL
695,531,2382,NULL,NULL
696,531,2383,NULL,NULL
697,460,2384,NULL,NULL
698,531,2385,NULL,NULL
699,531,2386,NULL,NULL
700,531,2387,NULL,NULL
701,531,2388,NULL,NULL
702,531,2389,NULL,NULL
703,531,2390,NULL,NULL
704,531,2391,NULL,NULL
705,531,2392,NULL,NULL
706,531,2393,NULL,NULL
707,531,2394,NULL,NULL
708,531,2395,NULL,NULL
709,531,2396,NULL,NULL
710,531,2397,NULL,NULL
711,531,2398,NULL,NULL
712,531,2399,NULL,NULL
713,531,2400,NULL,NULL
714,531,2401,NULL,NULL
715,531,2402,NULL,NULL
716,531,2403,NULL,NULL
717,531,2404,NULL,NULL
718,531,2405,NULL,NULL
719,531,2406,NULL,NULL
720,531,2407,NULL,NULL
721,531,2408,NULL,NULL
722,531,2409,NULL,NULL
723,531,2410,NULL,NULL
724,531,2411,NULL,NULL
725,531,2412,NULL,NULL
726,531,2413,NULL,NULL
727,531,2414,NULL,NULL
728,531,2415,NULL,NULL
729,531,2416,NULL,NULL
730,531,2417,NULL,NULL
731,531,2418,NULL,NULL
732,531,2419,NULL,NULL
733,531,2420,NULL,NULL
734,531,2421,NULL,NULL
735,531,2422,NULL,NULL
736,531,2423,NULL,NULL
737,531,2424,NULL,NULL
738,531,2425,NULL,NULL
739,531,2426,NULL,NULL
740,531,2427,NULL,NULL
741,531,2428,NULL,NULL
742,531,2429,NULL,NULL
743,531,2430,NULL,NULL
744,531,2431,NULL,NULL
745,531,2432,NULL,NULL
746,531,2433,NULL,NULL
747,531,2434,NULL,NULL
748,531,2435,NULL,NULL
749,531,2436,NULL,NULL
750,531,2437,NULL,NULL
751,531,2438,NULL,NULL
752,531,2439,NULL,NULL
753,531,2440,NULL,NULL
754,531,2441,NULL,NULL
755,531,2442,NULL,NULL
756,531,2443,NULL,NULL
757,531,2444,NULL,NULL
758,531,2445,NULL,NULL
759,531,2446,NULL,NULL
760,531,2447,NULL,NULL
761,531,2448,NULL,NULL
762,531,2449,NULL,NULL
763,531,2450,NULL,NULL
764,531,2451,NULL,NULL
765,531,2452,NULL,NULL
766,531,2453,NULL,NULL
767,531,2454,NULL,2023-09-01 10:13:06.523
768,531,2455,NULL,NULL
769,531,2456,NULL,NULL
770,531,2457,NULL,NULL
771,498,2458,NULL,NULL
772,498,2459,NULL,NULL
773,499,2460,NULL,NULL
774,499,2461,NULL,NULL
775,499,2462,NULL,NULL
776,448,2463,NULL,NULL
777,448,2464,NULL,NULL
778,448,2465,NULL,NULL
779,448,2466,NULL,NULL
780,448,2467,NULL,NULL
781,448,2468,NULL,NULL
782,448,2469,NULL,NULL
783,450,2470,NULL,NULL
788,515,2475,NULL,NULL
792,450,2479,NULL,NULL
793,450,2480,NULL,NULL
794,450,2481,NULL,NULL
795,450,2482,NULL,NULL
796,450,2483,NULL,NULL
797,450,2484,NULL,NULL
798,450,2485,NULL,NULL
799,450,2486,NULL,NULL
800,450,2487,NULL,NULL
801,450,2488,NULL,NULL
802,450,2489,NULL,NULL
803,450,2490,NULL,NULL
804,450,2491,NULL,NULL
805,450,2492,NULL,NULL
806,450,2493,NULL,NULL
807,450,2494,NULL,NULL
808,450,2495,NULL,NULL
809,450,2496,NULL,NULL
810,450,2497,NULL,NULL
811,450,2498,NULL,NULL
812,450,2499,NULL,NULL
813,450,2500,NULL,NULL
814,450,2501,NULL,NULL
815,450,2502,NULL,NULL
816,531,2503,NULL,NULL
817,450,2504,NULL,NULL
818,450,2505,NULL,NULL
819,531,2506,NULL,NULL
820,531,2507,NULL,NULL
821,531,2508,NULL,NULL
822,531,2509,NULL,NULL
823,531,2510,NULL,NULL
824,531,2511,NULL,NULL
825,531,2512,NULL,NULL
826,531,2513,NULL,NULL
827,531,2514,NULL,NULL
828,526,2515,NULL,NULL
831,531,2518,NULL,NULL
833,531,2520,NULL,NULL
837,531,2524,NULL,NULL
840,531,2527,NULL,NULL
843,531,2530,NULL,NULL
845,531,2532,NULL,NULL
847,531,2534,NULL,NULL
854,531,2541,NULL,NULL
855,531,2542,NULL,NULL
856,526,2543,NULL,NULL
857,526,2544,NULL,NULL
858,531,2545,NULL,NULL
859,526,2546,NULL,NULL
860,526,2547,NULL,NULL
861,526,2548,NULL,NULL
862,526,2549,NULL,NULL
863,526,2550,NULL,NULL
864,526,2551,NULL,NULL
865,526,2552,NULL,NULL
866,526,2553,NULL,NULL
867,526,2554,NULL,NULL
868,465,2555,NULL,NULL
869,526,2556,NULL,NULL
870,526,2557,NULL,NULL
871,526,2558,NULL,NULL
872,526,2559,NULL,NULL
873,526,2560,NULL,NULL
874,526,2561,NULL,NULL
875,526,2562,NULL,NULL
876,526,2563,NULL,NULL
877,526,2564,NULL,NULL
878,526,2565,NULL,NULL
879,526,2566,NULL,NULL
880,526,2567,NULL,NULL
881,526,2568,NULL,NULL
882,526,2569,NULL,NULL
883,526,2570,NULL,NULL
884,526,2571,NULL,NULL
885,526,2572,NULL,NULL
886,526,2573,NULL,NULL
887,526,2574,NULL,NULL
888,526,2575,NULL,NULL
889,526,2576,NULL,NULL
890,526,2577,NULL,NULL
891,526,2578,NULL,NULL
892,526,2579,NULL,NULL
893,526,2580,NULL,NULL
894,526,2581,NULL,NULL
895,526,2582,NULL,NULL
897,452,2584,NULL,NULL
898,452,2585,NULL,NULL
899,452,2586,NULL,NULL
900,452,2587,NULL,NULL
901,531,2588,NULL,NULL
902,531,2589,NULL,NULL
903,531,2590,NULL,NULL
904,531,2591,NULL,NULL
905,531,2592,NULL,NULL
906,531,2593,NULL,NULL
907,531,2594,NULL,NULL
908,531,2595,NULL,NULL
909,531,2596,NULL,NULL
910,531,2597,NULL,NULL
911,531,2598,NULL,NULL
912,531,2599,NULL,NULL
913,531,2600,NULL,NULL
914,531,2601,NULL,NULL
915,531,2602,NULL,NULL
916,531,2603,NULL,NULL
917,531,2604,NULL,NULL
918,531,2605,NULL,NULL
919,531,2606,NULL,NULL
920,526,2607,NULL,NULL
921,531,2608,NULL,NULL
922,531,2609,NULL,NULL
923,526,2610,NULL,NULL
924,522,2611,NULL,NULL
925,522,2612,NULL,NULL
926,531,2613,NULL,NULL
927,522,2614,NULL,NULL
928,531,2615,NULL,NULL
929,522,2616,NULL,NULL
930,531,2617,NULL,NULL
931,522,2618,NULL,NULL
932,531,2619,NULL,NULL
933,522,2620,NULL,NULL
934,531,2621,NULL,NULL
935,522,2622,NULL,NULL
936,526,2623,NULL,NULL
937,526,2624,NULL,NULL
938,531,2625,NULL,NULL
939,522,2626,NULL,NULL
940,531,2627,NULL,NULL
941,531,2628,NULL,NULL
942,522,2629,NULL,NULL
943,531,2630,NULL,NULL
944,522,2631,NULL,NULL
945,531,2632,NULL,NULL
946,522,2633,NULL,NULL
947,522,2634,NULL,NULL
948,522,2635,NULL,NULL
949,526,2636,NULL,NULL
950,526,2637,NULL,NULL
951,526,2638,NULL,NULL
952,526,2639,NULL,NULL
953,526,2640,NULL,NULL
954,525,2641,NULL,NULL
955,525,2642,NULL,NULL
956,526,2643,NULL,NULL
957,526,2644,NULL,NULL
958,526,2645,NULL,NULL
959,526,2646,NULL,NULL
960,526,2647,NULL,NULL
961,526,2648,NULL,NULL
962,526,2649,NULL,NULL
963,526,2650,NULL,NULL
964,526,2651,NULL,NULL
965,526,2652,NULL,NULL
966,464,2653,NULL,NULL
967,526,2654,NULL,NULL
968,526,2655,NULL,NULL
969,526,2656,NULL,NULL
970,526,2657,NULL,NULL
971,526,2658,NULL,NULL
972,526,2659,NULL,NULL
973,526,2660,NULL,NULL
974,526,2661,NULL,NULL
975,526,2662,NULL,NULL
976,526,2663,NULL,NULL
977,526,2664,NULL,NULL
978,526,2665,NULL,NULL
979,526,2666,NULL,NULL
980,526,2667,NULL,NULL
981,526,2668,NULL,NULL
982,526,2669,NULL,NULL
983,526,2670,NULL,NULL
984,526,2671,NULL,NULL
985,526,2672,NULL,NULL
986,526,2673,NULL,NULL
987,526,2674,NULL,NULL
988,526,2675,NULL,NULL
989,526,2676,NULL,NULL
990,526,2677,NULL,NULL
991,449,2678,NULL,NULL
992,526,2679,NULL,NULL
993,526,2680,NULL,NULL
994,526,2681,NULL,NULL
995,526,2682,NULL,NULL
996,526,2683,NULL,NULL
997,526,2684,NULL,NULL
998,526,2685,NULL,NULL
999,526,2686,NULL,NULL
1000,526,2687,NULL,NULL
1001,526,2688,NULL,NULL
1002,526,2689,NULL,NULL
1003,526,2690,NULL,NULL
1004,526,2691,NULL,NULL
1005,526,2692,NULL,NULL
1006,526,2693,NULL,NULL
1007,526,2694,NULL,NULL
1008,526,2695,NULL,NULL
1009,526,2696,NULL,NULL
1010,526,2697,NULL,NULL
1011,526,2698,NULL,NULL
1012,526,2699,NULL,NULL
1013,526,2700,NULL,NULL
1014,526,2701,NULL,NULL
1015,526,2702,NULL,NULL
1016,526,2703,NULL,NULL
1017,526,2704,NULL,NULL
1018,526,2705,NULL,NULL
1019,526,2706,NULL,NULL
1020,526,2707,NULL,NULL
1021,526,2708,NULL,NULL
1022,526,2709,NULL,NULL
1023,526,2710,NULL,NULL
1024,526,2711,NULL,NULL
1025,526,2712,NULL,NULL
1026,526,2713,NULL,NULL
1027,526,2714,NULL,NULL
1028,526,2715,NULL,NULL
1029,532,2716,NULL,NULL
1030,532,2717,NULL,NULL
1031,532,2718,NULL,NULL
1032,532,2719,NULL,NULL
1033,532,2720,NULL,NULL
1034,532,2721,NULL,NULL
1035,532,2722,NULL,NULL
1036,532,2723,NULL,NULL
1037,532,2724,NULL,NULL
1038,532,2725,NULL,NULL
1039,532,2726,NULL,NULL
1040,532,2727,NULL,NULL
1041,532,2728,NULL,NULL
1042,532,2729,NULL,NULL
1043,532,2730,NULL,NULL
1044,532,2731,NULL,NULL
1045,532,2732,NULL,NULL
1046,532,2733,NULL,NULL
1047,532,2734,NULL,NULL
1048,498,2735,NULL,NULL
1049,498,2736,NULL,NULL
1050,460,2737,NULL,NULL
1051,499,2738,NULL,NULL
1052,499,2739,NULL,NULL
1053,499,2740,NULL,NULL
1054,473,2741,NULL,NULL
1055,450,2742,NULL,NULL
1056,525,2743,NULL,NULL
1057,525,2744,NULL,NULL
1058,525,2745,NULL,NULL
1059,525,2746,NULL,NULL
1060,525,2747,NULL,NULL
1061,525,2748,NULL,NULL
1062,525,2749,NULL,NULL
1063,525,2750,NULL,NULL
1064,525,2751,NULL,NULL
1065,525,2752,NULL,NULL
1066,525,2753,NULL,NULL
1067,525,2754,NULL,NULL
1068,525,2755,NULL,NULL
1069,525,2756,NULL,NULL
1070,525,2757,NULL,NULL
1071,525,2758,NULL,NULL
1075,452,2762,NULL,NULL
1076,452,2763,NULL,NULL
1077,452,2764,NULL,NULL
1078,452,2765,NULL,NULL
1081,450,2768,NULL,NULL
1082,499,2769,NULL,NULL
1083,499,2770,NULL,NULL
1084,498,2771,NULL,NULL
1085,498,2772,NULL,NULL
1086,498,2773,NULL,NULL
1087,498,2774,NULL,NULL
1088,533,2775,NULL,NULL
1089,464,2776,NULL,NULL
1090,452,2777,NULL,NULL
1091,452,2778,NULL,NULL
1092,535,2779,NULL,NULL
1094,535,2781,NULL,NULL
1095,535,2782,NULL,NULL
1096,535,2783,NULL,NULL
1097,535,2784,NULL,NULL
1098,535,2785,NULL,NULL
1099,534,2786,NULL,NULL
1100,495,2787,NULL,NULL
1101,495,2788,NULL,NULL
1102,495,2789,NULL,NULL
1103,495,2790,NULL,NULL
1104,495,2791,NULL,NULL
1105,495,2792,NULL,NULL
1106,495,2793,NULL,NULL
1107,495,2794,NULL,NULL
1108,495,2795,NULL,NULL
1109,495,2796,NULL,NULL
1110,495,2797,NULL,NULL
1111,495,2798,NULL,NULL
1112,495,2799,NULL,NULL
1113,495,2800,NULL,NULL
1114,495,2801,NULL,NULL
1115,495,2802,NULL,NULL
1116,448,2803,NULL,NULL
1117,452,2804,NULL,NULL
1118,537,2805,NULL,NULL
1120,536,2807,NULL,NULL
1121,464,2808,NULL,NULL
1122,539,2809,NULL,NULL
1123,539,2810,NULL,2025-05-09 17:28:13.820
1124,532,2811,NULL,NULL
1126,540,2813,NULL,NULL
1127,539,2814,NULL,NULL
1128,532,2815,NULL,NULL
1129,541,2816,NULL,NULL
1130,542,2817,NULL,NULL
1131,542,2818,NULL,NULL
1132,542,2819,NULL,NULL
1135,449,2822,NULL,NULL
1136,543,2823,NULL,NULL
1137,543,2824,NULL,NULL
1138,543,2825,NULL,NULL
1139,543,2826,NULL,NULL
1140,448,2827,NULL,NULL
1141,531,2828,NULL,NULL
1142,531,2829,NULL,NULL
1143,531,2830,NULL,NULL
1144,13469,2831,NULL,2025-03-13 10:24:40.097
1145,13470,2832,NULL,2025-03-13 10:25:12.350
1146,13471,2833,NULL,2025-03-13 10:25:39.207
1148,13472,2835,NULL,2025-03-13 10:26:03.753
1151,2373,2838,NULL,NULL
1152,2373,2839,NULL,NULL
1153,2373,2840,NULL,NULL
1154,2373,2841,NULL,NULL
1155,2373,2842,NULL,NULL
1156,2373,2843,NULL,NULL
1157,2373,2844,NULL,NULL
1158,547,2845,NULL,NULL
1160,13549,2847,NULL,2025-04-25 12:14:35.050
1161,514,2848,NULL,NULL
1167,550,2854,NULL,NULL
1168,551,2855,NULL,NULL
1169,552,2856,NULL,NULL
1170,553,2857,NULL,NULL
1171,553,2858,NULL,NULL
1172,553,2859,NULL,NULL
1173,553,2860,NULL,NULL
1174,554,2861,NULL,NULL
1175,554,2862,NULL,NULL
1176,554,2863,NULL,NULL
1177,554,2864,NULL,NULL
1178,554,2865,NULL,NULL
1179,554,2866,NULL,NULL
1180,554,2867,NULL,NULL
1181,555,2868,NULL,NULL
1182,556,2869,NULL,NULL
1183,557,2870,NULL,NULL
1184,558,2871,NULL,2024-09-05 07:36:22.027
1185,559,2872,NULL,NULL
1186,560,2873,NULL,NULL
1187,560,2874,NULL,NULL
1188,560,2875,NULL,NULL
1189,560,2876,NULL,NULL
1190,560,2877,NULL,NULL
1191,560,2878,NULL,NULL
1192,560,2879,NULL,NULL
1193,560,2880,NULL,NULL
1194,560,2881,NULL,NULL
1195,561,2882,NULL,NULL
1196,562,2883,NULL,NULL
1197,562,2884,NULL,NULL
1198,562,2885,NULL,NULL
1199,563,2886,NULL,NULL
1202,564,2889,NULL,NULL
1203,564,2890,NULL,NULL
1204,564,2891,NULL,NULL
1205,564,2892,NULL,NULL
1206,564,2893,NULL,NULL
1207,565,2894,NULL,NULL
1208,565,2895,NULL,NULL
1209,565,2896,NULL,NULL
1210,565,2897,NULL,NULL
1211,565,2898,NULL,NULL
1212,565,2899,NULL,NULL
1213,565,2900,NULL,NULL
1214,565,2901,NULL,NULL
1216,565,2903,NULL,NULL
1217,565,2904,NULL,NULL
1218,565,2905,NULL,NULL
1219,565,2906,NULL,NULL
1220,565,2907,NULL,NULL
1221,565,2908,NULL,NULL
1222,565,2909,NULL,NULL
1223,565,2910,NULL,NULL
1224,566,2911,NULL,NULL
1225,567,2912,NULL,NULL
1226,567,2913,NULL,NULL
1227,567,2914,NULL,NULL
1229,567,2916,NULL,NULL
1230,567,2917,NULL,NULL
1231,567,2918,NULL,NULL
1232,567,2919,NULL,NULL
1233,567,2920,NULL,NULL
1234,567,2921,NULL,NULL
1235,567,2922,NULL,NULL
1236,567,2923,NULL,NULL
1237,567,2924,NULL,NULL
1239,568,2926,NULL,NULL
1240,568,2927,NULL,NULL
1244,570,2931,NULL,NULL
1246,448,2933,NULL,2023-12-13 15:49:45.480
1247,531,2934,NULL,NULL
1248,531,2935,NULL,NULL
1249,449,2936,NULL,NULL
1250,531,2937,NULL,NULL
1251,531,2938,NULL,NULL
1252,449,2939,NULL,NULL
1253,531,2940,NULL,NULL
1254,531,2941,NULL,NULL
1255,531,2942,NULL,NULL
1256,531,2943,NULL,NULL
1257,531,2944,NULL,NULL
1258,525,2945,NULL,NULL
1259,531,2946,NULL,NULL
1260,531,2947,NULL,NULL
1261,531,2948,NULL,NULL
1262,531,2949,NULL,NULL
1263,531,2950,NULL,NULL
1264,531,2951,NULL,NULL
1265,531,2952,NULL,NULL
1266,531,2953,NULL,NULL
1267,531,2954,NULL,NULL
1268,531,2955,NULL,NULL
1269,531,2956,NULL,NULL
1270,531,2957,NULL,NULL
1271,531,2958,NULL,NULL
1272,531,2959,NULL,NULL
1273,531,2960,NULL,NULL
1274,531,2961,NULL,NULL
1275,531,2962,NULL,NULL
1276,531,2963,NULL,NULL
1277,531,2964,NULL,NULL
1278,531,2965,NULL,NULL
1279,531,2966,NULL,NULL
1280,531,2967,NULL,NULL
1281,531,2968,NULL,NULL
1282,531,2969,NULL,NULL
1283,531,2970,NULL,NULL
1284,531,2971,NULL,NULL
1285,531,2972,NULL,NULL
1286,531,2973,NULL,NULL
1287,531,2974,NULL,NULL
1288,531,2975,NULL,NULL
1289,531,2976,NULL,NULL
1290,531,2977,NULL,NULL
1291,531,2978,NULL,NULL
1292,531,2979,NULL,NULL
1293,531,2980,NULL,NULL
1294,531,2981,NULL,NULL
1295,531,2982,NULL,NULL
1296,531,2983,NULL,NULL
1297,531,2984,NULL,NULL
1298,531,2985,NULL,NULL
1299,531,2986,NULL,NULL
1300,531,2987,NULL,NULL
1301,531,2988,NULL,NULL
1302,531,2989,NULL,NULL
1303,531,2990,NULL,NULL
1304,531,2991,NULL,NULL
1305,572,2992,NULL,NULL
1306,572,2993,NULL,NULL
1307,574,2994,NULL,NULL
1308,574,2995,NULL,NULL
1309,574,2996,NULL,NULL
1310,574,2997,NULL,NULL
1311,574,2998,NULL,NULL
1312,574,2999,NULL,NULL
1313,574,3000,NULL,NULL
1314,575,3001,NULL,NULL
1315,576,3002,NULL,NULL
1316,577,3003,NULL,NULL
1317,579,3004,NULL,NULL
1318,448,3005,NULL,NULL
1319,531,3006,NULL,NULL
1320,531,3007,NULL,NULL
1321,531,3008,NULL,NULL
1322,531,3009,NULL,NULL
1323,531,3010,NULL,NULL
1324,531,3011,NULL,NULL
1325,531,3012,NULL,NULL
1326,531,3013,NULL,NULL
1327,531,3014,NULL,NULL
1328,531,3015,NULL,NULL
1329,531,3016,NULL,NULL
1330,531,3017,NULL,NULL
1331,531,3018,NULL,NULL
1332,531,3019,NULL,NULL
1333,531,3020,NULL,NULL
1334,531,3021,NULL,NULL
1335,531,3022,NULL,NULL
1336,531,3023,NULL,NULL
1337,531,3024,NULL,NULL
1338,531,3025,NULL,NULL
1339,531,3026,NULL,NULL
1340,531,3027,NULL,NULL
1341,531,3028,NULL,NULL
1342,531,3029,NULL,NULL
1343,531,3030,NULL,NULL
1344,531,3031,NULL,NULL
1345,531,3032,NULL,NULL
1346,531,3033,NULL,NULL
1347,531,3034,NULL,NULL
1348,531,3035,NULL,NULL
1349,531,3036,NULL,NULL
1350,531,3037,NULL,NULL
1351,531,3038,NULL,NULL
1352,531,3039,NULL,NULL
1353,531,3040,NULL,NULL
1354,531,3041,NULL,NULL
1355,531,3042,NULL,NULL
1356,531,3043,NULL,NULL
1357,531,3044,NULL,NULL
1358,531,3045,NULL,NULL
1359,531,3046,NULL,2024-01-16 13:57:34.407
1361,531,3048,NULL,NULL
1362,531,3049,NULL,NULL
1364,452,3051,NULL,NULL
1365,452,3052,NULL,NULL
1367,452,3054,NULL,NULL
1368,452,3055,NULL,NULL
1369,524,3056,NULL,NULL
1370,524,3057,NULL,NULL
1371,524,3058,NULL,NULL
1372,524,3059,NULL,NULL
1373,524,3060,NULL,NULL
1374,524,3061,NULL,NULL
1375,524,3062,NULL,NULL
1377,531,3064,NULL,NULL
1378,531,3065,NULL,NULL
1379,531,3066,NULL,NULL
1380,531,3067,NULL,NULL
1381,531,3068,NULL,NULL
1382,531,3069,NULL,NULL
1383,531,3070,NULL,NULL
1384,499,3071,NULL,NULL
1385,531,3072,NULL,NULL
1386,531,3073,NULL,NULL
1387,531,3074,NULL,NULL
1388,531,3075,NULL,NULL
1389,531,3076,NULL,NULL
1390,531,3077,NULL,NULL
1391,531,3078,NULL,2023-08-25 13:25:30.127
1392,531,3079,NULL,NULL
1393,531,3080,NULL,NULL
1394,531,3081,NULL,NULL
1395,531,3082,NULL,NULL
1396,531,3083,NULL,NULL
1397,531,3084,NULL,NULL
1398,531,3085,NULL,NULL
1399,531,3086,NULL,NULL
1400,531,3087,NULL,NULL
1401,531,3088,NULL,NULL
1402,531,3089,NULL,NULL
1403,531,3090,NULL,NULL
1404,531,3091,NULL,NULL
1405,531,3092,NULL,NULL
1406,531,3093,NULL,NULL
1407,531,3094,NULL,NULL
1408,531,3095,NULL,NULL
1409,531,3096,NULL,NULL
1411,531,3098,NULL,NULL
1412,531,3099,NULL,NULL
1413,531,3100,NULL,NULL
1414,531,3101,NULL,NULL
1415,531,3102,NULL,NULL
1416,531,3103,NULL,NULL
1417,531,3104,NULL,NULL
1418,531,3105,NULL,NULL
1419,466,3106,NULL,NULL
1420,466,3107,NULL,NULL
1421,487,3108,NULL,NULL
1423,487,3110,NULL,NULL
1425,466,3112,NULL,NULL
1426,466,3113,NULL,NULL
1427,466,3114,NULL,NULL
1428,466,3115,NULL,NULL
1429,466,3116,NULL,NULL
1430,466,3117,NULL,NULL
1431,466,3118,NULL,NULL
1432,466,3119,NULL,NULL
1433,580,3120,NULL,NULL
1434,476,3121,NULL,NULL
1435,466,3122,NULL,NULL
1436,466,3123,NULL,NULL
1437,466,3124,NULL,NULL
1438,466,3125,NULL,NULL
1440,485,3127,NULL,NULL
1441,485,3128,NULL,NULL
1442,485,3129,NULL,NULL
1443,485,3130,NULL,NULL
1445,485,3132,NULL,NULL
1446,482,3133,NULL,NULL
1447,482,3134,NULL,NULL
1448,482,3135,NULL,NULL
1449,482,3136,NULL,NULL
1450,482,3137,NULL,NULL
1452,509,3139,NULL,NULL
1453,482,3140,NULL,NULL
1454,482,3141,NULL,NULL
1455,482,3142,NULL,NULL
1456,509,3143,NULL,NULL
1457,485,3144,NULL,NULL
1458,582,3145,NULL,NULL
1459,582,3146,NULL,NULL
1460,582,3147,NULL,NULL
1461,582,3148,NULL,NULL
1462,582,3149,NULL,2024-05-14 10:55:40.537
1463,582,3150,NULL,NULL
1464,582,3151,NULL,NULL
1465,509,3152,NULL,NULL
1466,474,3153,NULL,NULL
1467,515,3154,NULL,NULL
1468,448,3155,NULL,NULL
1469,509,3156,NULL,NULL
1470,509,3157,NULL,NULL
1471,531,3158,NULL,NULL
1473,460,3160,NULL,NULL
1474,510,3161,NULL,NULL
1475,510,3162,NULL,NULL
1476,510,3163,NULL,NULL
1477,510,3164,NULL,NULL
1478,510,3165,NULL,NULL
1479,510,3166,NULL,NULL
1480,510,3167,NULL,NULL
1481,510,3168,NULL,NULL
1482,510,3169,NULL,NULL
1483,510,3170,NULL,NULL
1484,510,3171,NULL,NULL
1486,510,3173,NULL,NULL
1487,510,3174,NULL,NULL
1488,510,3175,NULL,NULL
1490,510,3177,NULL,NULL
1491,510,3178,NULL,NULL
1492,510,3179,NULL,NULL
1493,510,3180,NULL,NULL
1494,510,3181,NULL,NULL
1495,510,3182,NULL,NULL
1496,475,3183,NULL,NULL
1497,499,3184,NULL,NULL
1498,515,3185,NULL,NULL
1499,509,3186,NULL,NULL
1500,509,3187,NULL,NULL
1501,509,3188,NULL,NULL
1502,509,3189,NULL,NULL
1503,509,3190,NULL,NULL
1504,509,3191,NULL,NULL
1505,509,3192,NULL,NULL
1506,509,3193,NULL,NULL
1507,509,3194,NULL,NULL
1508,509,3195,NULL,NULL
1509,509,3196,NULL,NULL
1510,510,3197,NULL,NULL
1511,510,3198,NULL,NULL
1512,510,3199,NULL,NULL
1513,564,3200,NULL,NULL
1514,564,3201,NULL,NULL
1515,510,3202,NULL,NULL
1516,510,3203,NULL,NULL
1518,509,3205,NULL,NULL
1519,509,3206,NULL,NULL
1520,509,3207,NULL,NULL
1521,509,3208,NULL,NULL
1524,564,3211,NULL,NULL
1525,564,3212,NULL,NULL
1526,564,3213,NULL,NULL
1527,564,3214,NULL,NULL
1535,564,3222,NULL,NULL
1544,510,3231,NULL,NULL
1545,510,3232,NULL,NULL
1547,474,3234,NULL,NULL
1548,474,3235,NULL,NULL
1558,474,3245,NULL,NULL
1559,474,3246,NULL,NULL
1560,474,3247,NULL,NULL
1562,474,3249,NULL,2025-11-06 14:50:57.800
1564,474,3251,NULL,NULL
1565,474,3252,NULL,2025-09-08 12:12:43.273
1566,474,3253,NULL,NULL
1568,474,3255,NULL,NULL
1569,474,3256,NULL,2025-09-08 12:15:18.883
1577,474,3264,NULL,NULL
1580,460,3267,NULL,NULL
1585,509,3272,NULL,NULL
1597,564,3284,NULL,NULL
1611,588,3298,NULL,NULL
1612,589,3299,NULL,NULL
1613,510,3300,NULL,NULL
1614,510,3301,NULL,NULL
1615,510,3302,NULL,NULL
1616,510,3303,NULL,NULL
1618,564,3305,NULL,NULL
1620,564,3307,NULL,2023-12-06 16:56:58.610
1628,564,3315,NULL,NULL
1634,564,3321,NULL,NULL
1635,564,3322,NULL,NULL
1644,564,3331,NULL,NULL
1648,564,3335,NULL,2024-02-13 11:31:15.617
1650,564,3337,NULL,2023-08-07 14:59:01.313
1651,564,3338,NULL,NULL
1685,564,3372,NULL,NULL
1689,564,3376,NULL,NULL
1694,564,3381,NULL,2023-08-21 16:40:23.363
1696,564,3383,NULL,NULL
1697,564,3384,NULL,2023-08-07 14:58:51.080
1699,510,3386,NULL,NULL
1700,510,3387,NULL,NULL
1701,509,3388,NULL,NULL
1702,509,3389,NULL,NULL
1703,510,3390,NULL,NULL
1704,510,3391,NULL,NULL
1705,510,3392,NULL,NULL
1706,509,3393,NULL,NULL
1707,509,3394,NULL,NULL
1709,509,3396,NULL,NULL
1710,509,3397,NULL,NULL
1712,509,3399,NULL,NULL
1713,509,3400,NULL,NULL
1714,509,3401,NULL,NULL
1715,509,3402,NULL,NULL
1716,510,3403,NULL,NULL
1717,510,3404,NULL,NULL
1718,510,3405,NULL,NULL
1719,515,3406,NULL,NULL
1723,460,3410,NULL,NULL
1724,474,3411,NULL,NULL
1727,509,3414,NULL,NULL
1728,509,3415,NULL,NULL
1731,509,3418,NULL,NULL
1733,474,3420,NULL,NULL
1734,466,3421,NULL,NULL
1735,474,3422,NULL,NULL
1742,509,3429,NULL,NULL
1743,509,3430,NULL,NULL
1744,568,3431,NULL,NULL
1746,568,3433,NULL,NULL
1747,568,3434,NULL,NULL
1748,568,3435,NULL,NULL
1749,568,3436,NULL,NULL
1750,568,3437,NULL,NULL
1751,474,3438,NULL,NULL
1752,474,3439,NULL,NULL
1753,565,3440,NULL,NULL
1758,474,3445,NULL,NULL
1763,590,3450,NULL,NULL
1764,590,3451,NULL,NULL
1765,590,3452,NULL,NULL
1766,590,3453,NULL,NULL
1767,590,3454,NULL,NULL
1768,590,3455,NULL,NULL
1769,590,3456,NULL,NULL
1770,590,3457,NULL,NULL
1771,590,3458,NULL,NULL
1773,590,3460,NULL,NULL
1774,590,3461,NULL,NULL
1775,460,3462,NULL,NULL
1776,474,3463,NULL,NULL
1779,474,3466,NULL,NULL
1780,590,3467,NULL,NULL
1781,590,3468,NULL,NULL
1782,590,3469,NULL,NULL
1783,590,3470,NULL,NULL
1784,590,3471,NULL,NULL
1785,591,3472,NULL,NULL
1787,474,3474,NULL,NULL
1788,474,3475,NULL,NULL
1790,474,3477,NULL,NULL
1791,474,3478,NULL,NULL
1792,474,3479,NULL,NULL
1793,474,3480,NULL,NULL
1797,474,3484,NULL,NULL
1798,591,3485,NULL,NULL
1799,497,3486,NULL,NULL
1803,492,3490,NULL,NULL
1806,567,3493,NULL,NULL
1807,567,3494,NULL,NULL
1808,567,3495,NULL,NULL
1809,567,3496,NULL,NULL
1810,567,3497,NULL,NULL
1811,567,3498,NULL,NULL
1812,567,3499,NULL,NULL
1813,567,3500,NULL,NULL
1814,567,3501,NULL,NULL
1815,566,3502,NULL,NULL
1816,566,3503,NULL,NULL
1817,566,3504,NULL,NULL
1818,567,3505,NULL,NULL
1820,474,3507,NULL,NULL
1821,476,3508,NULL,NULL
1823,476,3510,NULL,NULL
1824,485,3511,NULL,NULL
1825,567,3512,NULL,NULL
1826,567,3513,NULL,NULL
1828,474,3515,NULL,NULL
1829,567,3516,NULL,NULL
1830,567,3517,NULL,NULL
1831,567,3518,NULL,NULL
1832,567,3519,NULL,NULL
1833,474,3520,NULL,NULL
1834,474,3521,NULL,NULL
1835,474,3522,NULL,NULL
1837,594,3524,NULL,NULL
1840,474,3527,NULL,NULL
1842,595,3529,NULL,NULL
1843,474,3530,NULL,NULL
1844,467,3531,NULL,NULL
1845,571,3532,NULL,NULL
1846,596,3533,NULL,NULL
1847,596,3534,NULL,NULL
1848,596,3535,NULL,2025-01-15 14:00:23.657
1849,596,3536,NULL,NULL
1851,596,3538,NULL,NULL
1852,596,3539,NULL,NULL
1853,596,3540,NULL,NULL
1854,596,3541,NULL,NULL
1856,596,3543,NULL,NULL
1857,596,3544,NULL,NULL
1858,597,3545,NULL,NULL
1859,597,3546,NULL,NULL
1860,597,3547,NULL,NULL
1861,598,3548,NULL,NULL
1862,598,3549,NULL,NULL
1863,599,3550,NULL,NULL
1864,599,3551,NULL,NULL
1865,599,3552,NULL,NULL
1866,599,3553,NULL,NULL
1867,599,3554,NULL,NULL
1868,599,3555,NULL,NULL
1869,599,3556,NULL,NULL
1870,599,3557,NULL,NULL
1871,599,3558,NULL,NULL
1872,600,3559,NULL,NULL
1873,600,3560,NULL,NULL
1874,600,3561,NULL,NULL
1875,600,3562,NULL,NULL
1876,600,3563,NULL,NULL
1877,600,3564,NULL,NULL
1880,474,3567,NULL,NULL
1881,596,3568,NULL,NULL
1882,596,3569,NULL,NULL
1883,596,3570,NULL,2025-01-15 13:54:39.670
1884,596,3571,NULL,NULL
1886,596,3573,NULL,NULL
1887,596,3574,NULL,NULL
1889,596,3576,NULL,NULL
1891,596,3578,NULL,NULL
1892,601,3579,NULL,NULL
1893,601,3580,NULL,NULL
1894,601,3581,NULL,NULL
1895,601,3582,NULL,NULL
1896,601,3583,NULL,NULL
1897,601,3584,NULL,NULL
1898,601,3585,NULL,NULL
1899,601,3586,NULL,NULL
1900,601,3587,NULL,NULL
1901,601,3588,NULL,NULL
1902,601,3589,NULL,NULL
1903,601,3590,NULL,NULL
1904,601,3591,NULL,NULL
1905,601,3592,NULL,NULL
1906,601,3593,NULL,NULL
1907,601,3594,NULL,NULL
1908,477,3595,NULL,NULL
1909,601,3596,NULL,NULL
1910,474,3597,NULL,NULL
1911,477,3598,NULL,NULL
1912,464,3599,NULL,NULL
1913,574,3600,NULL,NULL
1914,603,3601,NULL,NULL
1916,603,3603,NULL,2025-11-10 09:08:40.630
1918,603,3605,NULL,NULL
1919,603,3606,NULL,2025-11-10 08:59:52.797
1920,603,3607,NULL,NULL
1921,460,3608,NULL,NULL
1922,601,3609,NULL,NULL
1923,601,3610,NULL,NULL
1924,601,3611,NULL,NULL
1925,601,3612,NULL,NULL
1926,601,3613,NULL,NULL
1927,601,3614,NULL,NULL
1928,601,3615,NULL,NULL
1931,474,3618,NULL,NULL
1932,601,3619,NULL,NULL
1933,601,3620,NULL,NULL
1934,601,3621,NULL,NULL
1935,601,3622,NULL,NULL
1936,592,3623,NULL,NULL
1937,592,3624,NULL,NULL
1938,592,3625,NULL,NULL
1939,592,3626,NULL,NULL
1940,592,3627,NULL,NULL
1941,477,3628,NULL,NULL
1942,477,3629,NULL,NULL
1943,601,3630,NULL,NULL
1944,601,3631,NULL,NULL
1945,601,3632,NULL,NULL
1946,601,3633,NULL,NULL
1947,574,3634,NULL,NULL
1949,574,3636,NULL,NULL
1954,542,3641,NULL,NULL
1955,542,3642,NULL,NULL
1957,448,3644,NULL,NULL
1958,448,3645,NULL,NULL
1960,448,3647,NULL,NULL
1961,448,3648,NULL,NULL
1962,448,3649,NULL,NULL
1963,448,3650,NULL,NULL
1965,515,3652,NULL,NULL
1966,515,3653,NULL,NULL
1967,474,3654,NULL,NULL
1968,448,3655,NULL,NULL
1973,448,3660,NULL,NULL
1976,535,3663,NULL,NULL
1978,545,3665,NULL,NULL
1979,474,3666,NULL,NULL
1980,606,3667,NULL,NULL
1982,474,3669,NULL,NULL
1983,474,3670,NULL,NULL
1984,574,3671,NULL,NULL
1985,474,3672,NULL,NULL
1987,474,3674,NULL,NULL
1988,582,3675,NULL,2024-05-14 10:55:03.860
1989,582,3676,NULL,NULL
1990,582,3677,NULL,NULL
1991,582,3678,NULL,NULL
1992,582,3679,NULL,NULL
1993,476,3680,NULL,NULL
1994,613,3681,NULL,NULL
1995,615,3682,NULL,NULL
1996,616,3683,NULL,NULL
1997,474,3684,NULL,NULL
1998,632,3685,NULL,NULL
1999,631,3686,NULL,NULL
2000,628,3687,NULL,NULL
2001,626,3688,NULL,NULL
2002,630,3689,NULL,NULL
2003,634,3690,NULL,NULL
2004,612,3691,NULL,2024-08-26 18:07:29.767
2006,607,3693,NULL,NULL
2008,474,3695,NULL,NULL
2009,474,3696,NULL,NULL
2010,474,3697,NULL,NULL
2011,474,3698,NULL,NULL
2012,474,3699,NULL,NULL
2013,474,3700,NULL,NULL
2014,474,3701,NULL,NULL
2015,474,3702,NULL,NULL
2016,474,3703,NULL,NULL
2017,474,3704,NULL,NULL
2018,474,3705,NULL,NULL
2020,608,3707,NULL,NULL
2021,609,3708,NULL,NULL
2022,610,3709,NULL,NULL
2023,614,3710,NULL,NULL
2024,617,3711,NULL,NULL
2025,621,3712,NULL,NULL
2026,623,3713,NULL,NULL
2027,629,3714,NULL,NULL
2028,645,3715,NULL,NULL
2029,646,3716,NULL,NULL
2030,644,3717,NULL,NULL
2031,643,3718,NULL,NULL
2032,642,3719,NULL,NULL
2034,647,3721,NULL,NULL
2035,648,3722,NULL,NULL
2036,649,3723,NULL,NULL
2037,650,3724,NULL,NULL
2038,651,3725,NULL,NULL
2039,652,3726,NULL,NULL
2040,653,3727,NULL,NULL
2041,654,3728,NULL,NULL
2042,656,3729,NULL,NULL
2043,657,3730,NULL,NULL
2044,657,3731,NULL,NULL
2045,657,3732,NULL,NULL
2046,657,3733,NULL,NULL
2047,657,3734,NULL,NULL
2048,474,3735,NULL,NULL
2049,661,3736,NULL,NULL
2050,662,3737,NULL,NULL
2051,659,3738,NULL,NULL
2052,624,3739,NULL,NULL
2053,664,3740,NULL,NULL
2054,665,3741,NULL,NULL
2055,666,3742,NULL,NULL
2056,667,3743,NULL,NULL
2057,668,3744,NULL,NULL
2058,669,3745,NULL,NULL
2059,670,3746,NULL,NULL
2060,573,3747,NULL,NULL
2061,573,3748,NULL,NULL
2062,573,3749,NULL,NULL
2063,573,3750,NULL,NULL
2064,573,3751,NULL,NULL
2065,573,3752,NULL,NULL
2066,573,3753,NULL,NULL
2067,573,3754,NULL,NULL
2068,573,3755,NULL,NULL
2069,573,3756,NULL,NULL
2070,573,3757,NULL,NULL
2071,573,3758,NULL,NULL
2072,573,3759,NULL,NULL
2073,573,3760,NULL,NULL
2074,573,3761,NULL,NULL
2075,573,3762,NULL,NULL
2076,573,3763,NULL,NULL
2077,573,3764,NULL,NULL
2078,573,3765,NULL,NULL
2079,573,3766,NULL,NULL
2080,573,3767,NULL,NULL
2081,573,3768,NULL,NULL
2082,573,3769,NULL,NULL
2083,573,3770,NULL,NULL
2084,573,3771,NULL,NULL
2085,573,3772,NULL,NULL
2086,573,3773,NULL,NULL
2087,573,3774,NULL,NULL
2088,573,3775,NULL,NULL
2089,474,3776,NULL,NULL
2090,474,3777,NULL,2025-05-20 09:27:46.640
2091,474,3778,NULL,NULL
2093,618,3780,NULL,NULL
2094,672,3781,NULL,NULL
2095,622,3782,NULL,NULL
2096,660,3783,NULL,NULL
2097,673,3784,NULL,NULL
2098,674,3785,NULL,NULL
2099,675,3786,NULL,NULL
2100,582,3787,NULL,NULL
2101,582,3788,NULL,NULL
2102,582,3789,NULL,NULL
2103,676,3790,NULL,NULL
2104,677,3791,NULL,NULL
2110,679,3797,NULL,NULL
2111,680,3798,NULL,NULL
2112,636,3799,NULL,NULL
2114,681,3801,NULL,NULL
2115,682,3802,NULL,NULL
2116,683,3803,NULL,NULL
2117,683,3804,NULL,NULL
2118,683,3805,NULL,NULL
2119,683,3806,NULL,NULL
2120,684,3807,NULL,NULL
2121,685,3808,NULL,NULL
2123,687,3810,NULL,NULL
2124,688,3811,NULL,NULL
2125,689,3812,NULL,NULL
2126,689,3813,NULL,NULL
2127,689,3814,NULL,NULL
2128,689,3815,NULL,NULL
2129,689,3816,NULL,NULL
2130,689,3817,NULL,NULL
2131,689,3818,NULL,NULL
2132,689,3819,NULL,NULL
2133,690,3820,NULL,NULL
2134,692,3821,NULL,NULL
2135,693,3822,NULL,NULL
2136,694,3823,NULL,NULL
2137,695,3824,NULL,NULL
2138,696,3825,NULL,NULL
2139,697,3826,NULL,NULL
2140,698,3827,NULL,NULL
2141,699,3828,NULL,NULL
2142,700,3829,NULL,NULL
2143,702,3830,NULL,NULL
2144,703,3831,NULL,NULL
2145,704,3832,NULL,NULL
2146,705,3833,NULL,NULL
2147,637,3834,NULL,NULL
2148,707,3835,NULL,NULL
2149,709,3836,NULL,NULL
2150,708,3837,NULL,NULL
2151,710,3838,NULL,NULL
2153,712,3840,NULL,NULL
2154,713,3841,NULL,NULL
2156,714,3843,NULL,NULL
2157,715,3844,NULL,NULL
2158,716,3845,NULL,NULL
2159,691,3846,NULL,NULL
2160,462,3847,NULL,NULL
2161,462,3848,NULL,NULL
2162,462,3849,NULL,NULL
2163,462,3850,NULL,NULL
2164,462,3851,NULL,NULL
2165,462,3852,NULL,NULL
2166,462,3853,NULL,NULL
2167,718,3854,NULL,NULL
2168,719,3855,NULL,NULL
2169,719,3856,NULL,NULL
2170,720,3857,NULL,NULL
2171,721,3858,NULL,NULL
2172,723,3859,NULL,NULL
2173,724,3860,NULL,NULL
2174,582,3861,NULL,NULL
2175,582,3862,NULL,NULL
2176,725,3863,NULL,NULL
2177,726,3864,NULL,NULL
2179,728,3866,NULL,NULL
2180,729,3867,NULL,NULL
2181,730,3868,NULL,NULL
2182,731,3869,NULL,NULL
2183,731,3870,NULL,NULL
2184,731,3871,NULL,NULL
2185,732,3872,NULL,NULL
2186,701,3873,NULL,NULL
2187,722,3874,NULL,NULL
2188,734,3875,NULL,NULL
2189,467,3876,NULL,NULL
2190,735,3877,NULL,NULL
2191,736,3878,NULL,NULL
2192,737,3879,NULL,NULL
2193,738,3880,NULL,NULL
2195,740,3882,NULL,NULL
2196,739,3883,NULL,NULL
2197,739,3884,NULL,NULL
2198,739,3885,NULL,NULL
2199,739,3886,NULL,NULL
2200,739,3887,NULL,NULL
2201,742,3888,NULL,NULL
2202,741,3889,NULL,NULL
2203,743,3890,NULL,NULL
2204,744,3891,NULL,NULL
2205,745,3892,NULL,NULL
2206,746,3893,NULL,NULL
2207,747,3894,NULL,NULL
2208,700,3895,NULL,NULL
2209,700,3896,NULL,NULL
2210,700,3897,NULL,NULL
2211,700,3898,NULL,NULL
2212,700,3899,NULL,NULL
2213,700,3900,NULL,NULL
2214,700,3901,NULL,NULL
2215,700,3902,NULL,NULL
2216,748,3903,NULL,NULL
2217,749,3904,NULL,NULL
2218,750,3905,NULL,NULL
2219,750,3906,NULL,NULL
2220,750,3907,NULL,NULL
2221,750,3908,NULL,NULL
2222,750,3909,NULL,NULL
2223,750,3910,NULL,NULL
2224,750,3911,NULL,NULL
2225,750,3912,NULL,NULL
2226,750,3913,NULL,NULL
2227,750,3914,NULL,NULL
2228,751,3915,NULL,NULL
2229,700,3916,NULL,NULL
2230,700,3917,NULL,NULL
2231,700,3918,NULL,NULL
2232,700,3919,NULL,NULL
2233,752,3920,NULL,NULL
2234,753,3921,NULL,NULL
2235,754,3922,NULL,NULL
2236,755,3923,NULL,NULL
2237,739,3924,NULL,NULL
2238,757,3925,NULL,NULL
2239,758,3926,NULL,NULL
2240,759,3927,NULL,NULL
2241,760,3928,NULL,NULL
2242,761,3929,NULL,NULL
2243,762,3930,NULL,NULL
2244,763,3931,NULL,NULL
2245,764,3932,NULL,NULL
2246,766,3933,NULL,NULL
2247,756,3934,NULL,NULL
2248,767,3935,NULL,NULL
2249,768,3936,NULL,NULL
2250,771,3937,NULL,NULL
2251,771,3938,NULL,NULL
2252,772,3939,NULL,NULL
2254,774,3941,NULL,NULL
2255,775,3942,NULL,NULL
2256,776,3943,NULL,NULL
2258,778,3945,NULL,NULL
2259,779,3946,NULL,NULL
2260,780,3947,NULL,NULL
2261,781,3948,NULL,NULL
2262,782,3949,NULL,NULL
2263,783,3950,NULL,NULL
2264,784,3951,NULL,NULL
2265,785,3952,NULL,NULL
2266,786,3953,NULL,NULL
2267,787,3954,NULL,NULL
2268,792,3955,NULL,NULL
2269,795,3956,NULL,NULL
2270,796,3957,NULL,NULL
2271,797,3958,NULL,NULL
2272,806,3959,NULL,NULL
2273,807,3960,NULL,NULL
2274,808,3961,NULL,NULL
2275,809,3962,NULL,NULL
2276,810,3963,NULL,NULL
2277,811,3964,NULL,NULL
2278,811,3965,NULL,NULL
2279,811,3966,NULL,NULL
2280,811,3967,NULL,NULL
2281,811,3968,NULL,NULL
2282,811,3969,NULL,NULL
2283,812,3970,NULL,NULL
2284,811,3971,NULL,NULL
2285,811,3972,NULL,NULL
2286,811,3973,NULL,NULL
2287,811,3974,NULL,NULL
2288,811,3975,NULL,NULL
2289,811,3976,NULL,NULL
2290,811,3977,NULL,NULL
2291,811,3978,NULL,NULL
2292,811,3979,NULL,NULL
2293,813,3980,NULL,NULL
2294,814,3981,NULL,NULL
2295,815,3982,NULL,NULL
2296,816,3983,NULL,NULL
2297,817,3984,NULL,NULL
2298,818,3985,NULL,NULL
2299,10281,3986,NULL,NULL
2300,819,3987,NULL,NULL
2301,820,3988,NULL,NULL
2302,821,3989,NULL,NULL
2303,769,3990,NULL,NULL
2304,770,3991,NULL,NULL
2305,822,3992,NULL,NULL
2306,823,3993,NULL,NULL
2307,824,3994,NULL,NULL
2308,825,3995,NULL,NULL
2309,826,3996,NULL,NULL
2313,828,4000,NULL,NULL
2314,829,4001,NULL,NULL
2315,830,4002,NULL,NULL
2316,831,4003,NULL,NULL
2317,832,4004,NULL,NULL
2318,833,4005,NULL,NULL
2319,834,4006,NULL,NULL
2320,836,4007,NULL,NULL
2324,840,4011,NULL,NULL
2325,811,4012,NULL,NULL
2326,841,4013,NULL,NULL
2327,582,4014,NULL,2024-05-14 10:55:30.950
2328,582,4015,NULL,NULL
2329,582,4016,NULL,NULL
2331,843,4018,NULL,NULL
2332,844,4019,NULL,NULL
2333,845,4020,NULL,NULL
2334,845,4021,NULL,NULL
2335,845,4022,NULL,NULL
2336,845,4023,NULL,NULL
2337,845,4024,NULL,NULL
2338,845,4025,NULL,NULL
2339,845,4026,NULL,NULL
2340,845,4027,NULL,NULL
2341,845,4028,NULL,NULL
2342,845,4029,NULL,NULL
2343,845,4030,NULL,NULL
2344,845,4031,NULL,NULL
2345,848,4032,NULL,NULL
2346,849,4033,NULL,NULL
2347,850,4034,NULL,NULL
2348,851,4035,NULL,2024-05-23 09:20:02.930
2349,852,4036,NULL,NULL
2350,853,4037,NULL,NULL
2351,854,4038,NULL,NULL
2352,855,4039,NULL,NULL
2353,856,4040,NULL,NULL
2354,857,4041,NULL,NULL
2355,859,4042,NULL,NULL
2356,861,4043,NULL,NULL
2357,862,4044,NULL,NULL
2358,863,4045,NULL,NULL
2359,864,4046,NULL,NULL
2360,467,4047,NULL,NULL
2361,865,4048,NULL,NULL
2362,866,4049,NULL,NULL
2363,867,4050,NULL,2024-09-05 08:44:33.117
2364,582,4051,NULL,NULL
2365,582,4052,NULL,NULL
2366,868,4053,NULL,NULL
2367,878,4054,NULL,NULL
2368,880,4055,NULL,NULL
2369,881,4056,NULL,NULL
2370,882,4057,NULL,NULL
2371,883,4058,NULL,NULL
2372,884,4059,NULL,NULL
2373,885,4060,NULL,NULL
2374,886,4061,NULL,NULL
2375,887,4062,NULL,NULL
2376,888,4063,NULL,NULL
2377,889,4064,NULL,NULL
2378,905,4065,NULL,NULL
2379,891,4066,NULL,NULL
2380,892,4067,NULL,NULL
2381,893,4068,NULL,NULL
2382,894,4069,NULL,NULL
2383,895,4070,NULL,NULL
2384,896,4071,NULL,NULL
2385,898,4072,NULL,NULL
2387,900,4074,NULL,NULL
2388,901,4075,NULL,NULL
2389,903,4076,NULL,NULL
2390,904,4077,NULL,NULL
2391,904,4078,NULL,NULL
2392,904,4079,NULL,NULL
2393,904,4080,NULL,NULL
2394,904,4081,NULL,NULL
2395,904,4082,NULL,NULL
2396,921,4083,NULL,NULL
2397,482,4084,NULL,NULL
2399,467,4086,NULL,NULL
2400,922,4087,NULL,NULL
2401,923,4088,NULL,NULL
2402,925,4089,NULL,NULL
2403,926,4090,NULL,NULL
2404,927,4091,NULL,NULL
2405,928,4092,NULL,NULL
2406,472,4093,NULL,NULL
2407,572,4094,NULL,NULL
2440,930,4127,NULL,NULL
2441,931,4128,NULL,NULL
2442,932,4129,NULL,NULL
2444,933,4131,NULL,NULL
2445,6224,4132,NULL,NULL
2446,934,4133,NULL,NULL
2447,935,4134,NULL,NULL
2448,936,4135,NULL,NULL
2449,937,4136,NULL,NULL
2450,938,4137,NULL,NULL
2452,939,4139,NULL,NULL
2453,922,4140,NULL,NULL
2454,922,4141,NULL,NULL
2455,922,4142,NULL,NULL
2456,940,4143,NULL,NULL
2457,941,4144,NULL,NULL
2458,942,4145,NULL,NULL
2459,943,4146,NULL,NULL
2460,944,4147,NULL,NULL
2461,945,4148,NULL,NULL
2462,946,4149,NULL,NULL
2468,906,4155,NULL,NULL
2469,906,4156,NULL,NULL
2472,947,4159,NULL,NULL
2473,933,4160,NULL,NULL
2474,933,4161,NULL,NULL
2475,948,4162,NULL,NULL
2476,948,4163,NULL,NULL
2477,948,4164,NULL,NULL
2478,949,4165,NULL,NULL
2479,950,4166,NULL,NULL
2480,482,4167,NULL,NULL
2481,952,4168,NULL,NULL
2482,953,4169,NULL,NULL
2483,954,4170,NULL,NULL
2484,960,4171,NULL,NULL
2485,966,4172,NULL,NULL
2486,967,4173,NULL,NULL
2487,968,4174,NULL,NULL
2488,968,4175,NULL,NULL
2489,968,4176,NULL,NULL
2490,969,4177,NULL,NULL
2491,970,4178,NULL,NULL
2493,972,4180,NULL,NULL
2494,973,4181,NULL,NULL
2495,974,4182,NULL,NULL
2496,975,4183,NULL,NULL
2497,976,4184,NULL,NULL
2498,976,4185,NULL,NULL
2499,976,4186,NULL,NULL
2500,977,4187,NULL,NULL
2501,978,4188,NULL,NULL
2502,979,4189,NULL,NULL
2503,980,4190,NULL,NULL
2504,981,4191,NULL,NULL
2505,981,4192,NULL,NULL
2506,981,4193,NULL,NULL
2507,981,4194,NULL,NULL
2508,982,4195,NULL,NULL
2509,983,4196,NULL,NULL
2510,984,4197,NULL,NULL
2511,985,4198,NULL,NULL
2512,985,4199,NULL,NULL
2513,985,4200,NULL,NULL
2514,985,4201,NULL,NULL
2515,985,4202,NULL,NULL
2516,985,4203,NULL,NULL
2517,985,4204,NULL,NULL
2518,985,4205,NULL,NULL
2519,985,4206,NULL,NULL
2520,985,4207,NULL,NULL
2521,985,4208,NULL,NULL
2522,986,4209,NULL,NULL
2523,988,4210,NULL,NULL
2524,989,4211,NULL,NULL
2525,990,4212,NULL,NULL
2526,991,4213,NULL,NULL
2527,992,4214,NULL,NULL
2528,986,4215,NULL,NULL
2529,986,4216,NULL,NULL
2530,986,4217,NULL,NULL
2531,986,4218,NULL,NULL
2532,986,4219,NULL,NULL
2533,986,4220,NULL,NULL
2534,986,4221,NULL,NULL
2535,986,4222,NULL,NULL
2536,994,4223,NULL,NULL
2537,995,4224,NULL,NULL
2538,996,4225,NULL,NULL
2539,997,4226,NULL,NULL
2540,998,4227,NULL,NULL
2541,999,4228,NULL,NULL
2542,1000,4229,NULL,NULL
2543,1001,4230,NULL,NULL
2544,1002,4231,NULL,NULL
2545,1003,4232,NULL,NULL
2546,1004,4233,NULL,NULL
2547,467,4234,NULL,NULL
2548,1005,4235,NULL,NULL
2549,1006,4236,NULL,NULL
2550,1007,4237,NULL,NULL
2551,1008,4238,NULL,NULL
2552,1009,4239,NULL,NULL
2553,1010,4240,NULL,NULL
2554,1011,4241,NULL,NULL
2555,1012,4242,NULL,NULL
2556,1015,4243,NULL,NULL
2557,1013,4244,NULL,NULL
2558,1016,4245,NULL,NULL
2559,1017,4246,NULL,NULL
2560,1018,4247,NULL,NULL
2561,1019,4248,NULL,NULL
2562,1019,4249,NULL,NULL
2563,1019,4250,NULL,NULL
2564,467,4251,NULL,NULL
2565,1020,4252,NULL,NULL
2566,1021,4253,NULL,NULL
2567,1022,4254,NULL,NULL
2568,467,4255,NULL,NULL
2570,1023,4257,NULL,NULL
2572,536,4259,NULL,NULL
2573,536,4260,NULL,NULL
2574,536,4261,NULL,NULL
2575,536,4262,NULL,NULL
2576,536,4263,NULL,NULL
2577,536,4264,NULL,NULL
2578,536,4265,NULL,NULL
2580,468,4267,NULL,NULL
2581,1025,4268,NULL,NULL
2582,1026,4269,NULL,NULL
2583,1027,4270,NULL,NULL
2584,1028,4271,NULL,NULL
2585,1029,4272,NULL,NULL
2586,1030,4273,NULL,NULL
2587,1031,4274,NULL,NULL
2588,1031,4275,NULL,NULL
2589,1032,4276,NULL,NULL
2590,11856,4277,NULL,NULL
2592,1035,4279,NULL,NULL
2593,1036,4280,NULL,NULL
2594,1038,4281,NULL,NULL
2595,1039,4282,NULL,NULL
2596,1040,4283,NULL,NULL
2597,1041,4284,NULL,NULL
2598,1041,4285,NULL,NULL
2599,1041,4286,NULL,NULL
2600,468,4287,NULL,NULL
2601,1024,4288,NULL,NULL
2602,1024,4289,NULL,NULL
2603,1024,4290,NULL,NULL
2604,1024,4291,NULL,NULL
2605,1024,4292,NULL,NULL
2606,1042,4293,NULL,NULL
2607,1044,4294,NULL,NULL
2608,1045,4295,NULL,NULL
2609,1046,4296,NULL,NULL
2610,1024,4297,NULL,NULL
2611,1024,4298,NULL,NULL
2612,1024,4299,NULL,NULL
2613,469,4300,NULL,NULL
2614,1024,4301,NULL,NULL
2615,1024,4302,NULL,NULL
2616,1047,4303,NULL,NULL
2617,1024,4304,NULL,NULL
2618,1024,4305,NULL,NULL
2619,1024,4306,NULL,NULL
2620,1048,4307,NULL,NULL
2621,469,4308,NULL,NULL
2622,1049,4309,NULL,NULL
2623,1050,4310,NULL,NULL
2624,469,4311,NULL,NULL
2625,1054,4312,NULL,NULL
2626,1055,4313,NULL,NULL
2627,1051,4314,NULL,NULL
2628,1051,4315,NULL,NULL
2629,1051,4316,NULL,NULL
2630,1055,4317,NULL,NULL
2631,1055,4318,NULL,NULL
2632,1055,4319,NULL,NULL
2633,1055,4320,NULL,NULL
2634,1055,4321,NULL,NULL
2635,1055,4322,NULL,NULL
2636,1056,4323,NULL,NULL
2637,1055,4324,NULL,NULL
2638,1055,4325,NULL,NULL
2639,1055,4326,NULL,NULL
2640,1055,4327,NULL,NULL
2641,1055,4328,NULL,NULL
2642,1055,4329,NULL,NULL
2643,1055,4330,NULL,NULL
2644,1055,4331,NULL,NULL
2645,1055,4332,NULL,NULL
2646,1055,4333,NULL,NULL
2647,1055,4334,NULL,NULL
2648,1056,4335,NULL,NULL
2649,1056,4336,NULL,NULL
2650,1057,4337,NULL,NULL
2651,1057,4338,NULL,NULL
2653,1057,4340,NULL,NULL
2654,1057,4341,NULL,NULL
2655,1058,4342,NULL,NULL
2656,1057,4343,NULL,NULL
2657,1060,4344,NULL,NULL
2658,1061,4345,NULL,NULL
2659,1062,4346,NULL,NULL
2660,1063,4347,NULL,NULL
2661,1064,4348,NULL,NULL
2663,1070,4350,NULL,NULL
2664,1071,4351,NULL,NULL
2665,1072,4352,NULL,NULL
2666,1073,4353,NULL,NULL
2667,1074,4354,NULL,NULL
2669,1076,4356,NULL,NULL
2670,1078,4357,NULL,NULL
2671,1079,4358,NULL,NULL
2672,1080,4359,NULL,NULL
2673,1081,4360,NULL,NULL
2675,1082,4362,NULL,NULL
2676,1083,4363,NULL,NULL
2677,1084,4364,NULL,NULL
2678,1085,4365,NULL,NULL
2679,1086,4366,NULL,NULL
2680,1066,4367,NULL,NULL
2681,1087,4368,NULL,NULL
2682,1089,4369,NULL,NULL
2683,1090,4370,NULL,NULL
2684,1091,4371,NULL,NULL
2685,1092,4372,NULL,NULL
2686,845,4373,NULL,NULL
2687,845,4374,NULL,NULL
2688,845,4375,NULL,NULL
2689,845,4376,NULL,NULL
2690,845,4377,NULL,NULL
2691,845,4378,NULL,NULL
2692,845,4379,NULL,NULL
2693,845,4380,NULL,NULL
2694,845,4381,NULL,NULL
2695,845,4382,NULL,NULL
2696,1093,4383,NULL,NULL
2697,1094,4384,NULL,NULL
2698,1095,4385,NULL,NULL
2699,1096,4386,NULL,NULL
2700,1097,4387,NULL,NULL
2701,1098,4388,NULL,NULL
2702,1099,4389,NULL,NULL
2703,1100,4390,NULL,NULL
2704,1101,4391,NULL,NULL
2705,1103,4392,NULL,NULL
2706,1105,4393,NULL,NULL
2707,1991,4394,NULL,NULL
2709,1107,4396,NULL,NULL
2710,1108,4397,NULL,NULL
2711,1109,4398,NULL,NULL
2712,1110,4399,NULL,NULL
2713,1111,4400,NULL,NULL
2714,1112,4401,NULL,NULL
2715,1113,4402,NULL,NULL
2716,1114,4403,NULL,NULL
2717,1115,4404,NULL,NULL
2718,1116,4405,NULL,NULL
2719,1117,4406,NULL,NULL
2720,845,4407,NULL,NULL
2721,845,4408,NULL,NULL
2722,1118,4409,NULL,NULL
2723,1119,4410,NULL,NULL
2724,1120,4411,NULL,NULL
2725,1122,4412,NULL,NULL
2726,1122,4413,NULL,NULL
2727,1126,4414,NULL,NULL
2728,1127,4415,NULL,NULL
2729,1128,4416,NULL,NULL
2730,3970,4417,NULL,2025-05-05 18:16:23.823
2731,1130,4418,NULL,NULL
2732,1131,4419,NULL,NULL
2733,1132,4420,NULL,NULL
2734,1057,4421,NULL,NULL
2735,1133,4422,NULL,NULL
2736,1134,4423,NULL,NULL
2737,1135,4424,NULL,NULL
2738,1137,4425,NULL,NULL
2739,1138,4426,NULL,NULL
2740,1139,4427,NULL,NULL
2741,1138,4428,NULL,NULL
2742,1138,4429,NULL,NULL
2743,1138,4430,NULL,NULL
2744,1138,4431,NULL,NULL
2745,1138,4432,NULL,NULL
2746,1138,4433,NULL,NULL
2747,1138,4434,NULL,NULL
2748,1138,4435,NULL,NULL
2749,1138,4436,NULL,NULL
2750,1138,4437,NULL,NULL
2751,1138,4438,NULL,NULL
2752,1138,4439,NULL,NULL
2753,1138,4440,NULL,NULL
2754,1138,4441,NULL,NULL
2755,1138,4442,NULL,NULL
2756,1138,4443,NULL,NULL
2757,1138,4444,NULL,NULL
2758,1138,4445,NULL,NULL
2759,1140,4446,NULL,NULL
2760,1141,4447,NULL,NULL
2761,1142,4448,NULL,NULL
2762,1143,4449,NULL,NULL
2763,1144,4450,NULL,NULL
2764,1145,4451,NULL,NULL
2765,1138,4452,NULL,NULL
2766,1147,4453,NULL,NULL
2767,1138,4454,NULL,NULL
2768,1148,4455,NULL,NULL
2769,1149,4456,NULL,NULL
2770,1150,4457,NULL,NULL
2772,1152,4459,NULL,NULL
2773,1151,4460,NULL,NULL
2774,1151,4461,NULL,NULL
2775,1151,4462,NULL,NULL
2776,1151,4463,NULL,NULL
2777,1151,4464,NULL,NULL
2778,1154,4465,NULL,NULL
2779,1155,4466,NULL,NULL
2780,1157,4467,NULL,NULL
2781,1158,4468,NULL,NULL
2782,1159,4469,NULL,NULL
2783,1161,4470,NULL,NULL
2784,1162,4471,NULL,NULL
2785,1163,4472,NULL,NULL
2786,1164,4473,NULL,NULL
2787,1164,4474,NULL,NULL
2788,1164,4475,NULL,NULL
2789,1164,4476,NULL,NULL
2790,1165,4477,NULL,NULL
2791,1088,4478,NULL,NULL
2792,1171,4479,NULL,NULL
2794,1173,4481,NULL,NULL
2795,1174,4482,NULL,NULL
2796,1175,4483,NULL,NULL
2797,1176,4484,NULL,NULL
2798,1177,4485,NULL,NULL
2799,1178,4486,NULL,NULL
2800,1179,4487,NULL,NULL
2801,1180,4488,NULL,NULL
2802,1180,4489,NULL,NULL
2803,1180,4490,NULL,NULL
2804,1180,4491,NULL,NULL
2805,6986,4492,NULL,NULL
2806,6986,4493,NULL,NULL
2807,1183,4494,NULL,NULL
2808,1184,4495,NULL,NULL
2809,1185,4496,NULL,NULL
2811,1186,4498,NULL,NULL
2812,1187,4499,NULL,NULL
2813,6986,4500,NULL,NULL
2814,1188,4501,NULL,NULL
2815,1193,4502,NULL,NULL
2816,1194,4503,NULL,NULL
2817,1195,4504,NULL,NULL
2818,1196,4505,NULL,NULL
2819,1197,4506,NULL,NULL
2820,472,4507,NULL,NULL
2822,1198,4509,NULL,NULL
2823,906,4510,NULL,NULL
2824,906,4511,NULL,NULL
2825,906,4512,NULL,NULL
2826,906,4513,NULL,NULL
2827,906,4514,NULL,NULL
2828,906,4515,NULL,NULL
2829,906,4516,NULL,NULL
2830,906,4517,NULL,NULL
2831,906,4518,NULL,NULL
2832,906,4519,NULL,NULL
2833,906,4520,NULL,NULL
2834,906,4521,NULL,NULL
2835,906,4522,NULL,NULL
2836,906,4523,NULL,NULL
2837,906,4524,NULL,NULL
2838,906,4525,NULL,NULL
2839,1199,4526,NULL,NULL
2840,1200,4527,NULL,NULL
2841,1201,4528,NULL,NULL
2842,1202,4529,NULL,NULL
2843,1203,4530,NULL,NULL
2844,1204,4531,NULL,NULL
2846,1206,4533,NULL,NULL
2848,1208,4535,NULL,NULL
2849,811,4536,NULL,NULL
2850,1212,4537,NULL,NULL
2851,1213,4538,NULL,NULL
2852,1218,4539,NULL,NULL
2853,1219,4540,NULL,NULL
2854,1220,4541,NULL,NULL
2855,1222,4542,NULL,NULL
2856,1223,4543,NULL,NULL
2857,1225,4544,NULL,NULL
2858,1226,4545,NULL,NULL
2859,1226,4546,NULL,NULL
2860,1226,4547,NULL,NULL
2861,467,4548,NULL,NULL
2862,1227,4549,NULL,NULL
2863,1228,4550,NULL,NULL
2864,1224,4551,NULL,NULL
2865,1224,4552,NULL,NULL
2866,1224,4553,NULL,NULL
2867,1229,4554,NULL,NULL
2869,1231,4556,NULL,NULL
2871,1232,4558,NULL,NULL
2872,1233,4559,NULL,NULL
2873,1234,4560,NULL,NULL
2874,1235,4561,NULL,NULL
2875,1236,4562,NULL,NULL
2876,1237,4563,NULL,NULL
2877,1238,4564,NULL,NULL
2878,1239,4565,NULL,NULL
2879,1240,4566,NULL,NULL
2880,1241,4567,NULL,NULL
2881,1242,4568,NULL,NULL
2882,1243,4569,NULL,NULL
2883,1244,4570,NULL,NULL
2884,1246,4571,NULL,NULL
2885,1247,4572,NULL,NULL
2886,1249,4573,NULL,NULL
2887,1250,4574,NULL,NULL
2888,1252,4575,NULL,NULL
2889,1253,4576,NULL,NULL
2890,1254,4577,NULL,NULL
2891,1255,4578,NULL,NULL
2892,472,4579,NULL,NULL
2893,1256,4580,NULL,NULL
2894,1257,4581,NULL,NULL
2895,1260,4582,NULL,NULL
2896,1261,4583,NULL,NULL
2897,1262,4584,NULL,NULL
2898,1263,4585,NULL,NULL
2899,467,4586,NULL,NULL
2900,1264,4587,NULL,NULL
2901,467,4588,NULL,NULL
2902,536,4589,NULL,2024-01-25 15:46:12.407
2903,1265,4590,NULL,NULL
2904,536,4591,NULL,NULL
2905,469,4592,NULL,NULL
2906,469,4593,NULL,NULL
2907,1266,4594,NULL,NULL
2908,1056,4595,NULL,NULL
2909,1056,4596,NULL,NULL
2910,1267,4597,NULL,NULL
2911,951,4598,NULL,NULL
2912,951,4599,NULL,NULL
2913,1268,4600,NULL,NULL
2914,542,4601,NULL,NULL
2916,572,4603,NULL,NULL
2917,1269,4604,NULL,NULL
2918,1270,4605,NULL,NULL
2919,1271,4606,NULL,NULL
2920,1272,4607,NULL,NULL
2921,1273,4608,NULL,NULL
2922,1284,4609,NULL,NULL
2923,1285,4610,NULL,NULL
2924,1286,4611,NULL,NULL
2925,1287,4612,NULL,NULL
2926,1288,4613,NULL,NULL
2927,1288,4614,NULL,NULL
2928,1288,4615,NULL,NULL
2929,1288,4616,NULL,NULL
2930,1288,4617,NULL,NULL
2931,1288,4618,NULL,NULL
2932,811,4619,NULL,NULL
2933,1289,4620,NULL,NULL
2934,1290,4621,NULL,NULL
2935,1291,4622,NULL,NULL
2936,1292,4623,NULL,NULL
2937,1293,4624,NULL,NULL
2938,1294,4625,NULL,NULL
2939,1296,4626,NULL,NULL
2940,1295,4627,NULL,NULL
2941,1295,4628,NULL,NULL
2942,1295,4629,NULL,NULL
2943,1295,4630,NULL,NULL
2944,1295,4631,NULL,NULL
2945,1297,4632,NULL,NULL
2946,1297,4633,NULL,NULL
2947,1297,4634,NULL,NULL
2948,1295,4635,NULL,NULL
2949,1295,4636,NULL,NULL
2950,1295,4637,NULL,NULL
2951,1295,4638,NULL,NULL
2952,1295,4639,NULL,NULL
2953,1295,4640,NULL,NULL
2954,1295,4641,NULL,NULL
2955,1295,4642,NULL,NULL
2956,1295,4643,NULL,NULL
2957,1295,4644,NULL,NULL
2958,1298,4645,NULL,NULL
2959,1299,4646,NULL,NULL
2960,1295,4647,NULL,NULL
2961,1295,4648,NULL,NULL
2962,1295,4649,NULL,NULL
2963,1295,4650,NULL,NULL
2964,1295,4651,NULL,NULL
2965,1304,4652,NULL,NULL
2966,1305,4653,NULL,NULL
2967,1306,4654,NULL,NULL
2968,1307,4655,NULL,NULL
2969,1308,4656,NULL,NULL
2971,1310,4658,NULL,NULL
2972,1295,4659,NULL,NULL
2973,1311,4660,NULL,NULL
2974,1312,4661,NULL,NULL
2975,1313,4662,NULL,NULL
2976,1314,4663,NULL,NULL
2977,1315,4664,NULL,NULL
2978,1316,4665,NULL,NULL
2980,1318,4667,NULL,NULL
2982,1297,4669,NULL,NULL
2983,1297,4670,NULL,NULL
2984,1319,4671,NULL,NULL
2985,1320,4672,NULL,NULL
2986,1321,4673,NULL,NULL
2987,1322,4674,NULL,NULL
2988,1329,4675,NULL,NULL
2989,1330,4676,NULL,NULL
2990,1330,4677,NULL,NULL
2991,1330,4678,NULL,NULL
2992,1330,4679,NULL,NULL
2993,1331,4680,NULL,NULL
2994,1331,4681,NULL,NULL
2995,1331,4682,NULL,NULL
2996,1331,4683,NULL,NULL
2997,1332,4684,NULL,NULL
2998,1333,4685,NULL,NULL
2999,1334,4686,NULL,NULL
3000,467,4687,NULL,NULL
3001,467,4688,NULL,NULL
3002,1335,4689,NULL,NULL
3003,1336,4690,NULL,NULL
3004,1337,4691,NULL,NULL
3005,1338,4692,NULL,NULL
3007,1339,4694,NULL,NULL
3008,1347,4695,NULL,NULL
3009,1352,4696,NULL,2024-09-05 16:40:48.650
3010,1353,4697,NULL,NULL
3011,1354,4698,NULL,NULL
3012,1356,4699,NULL,NULL
3013,1357,4700,NULL,NULL
3014,1358,4701,NULL,NULL
3015,1359,4702,NULL,NULL
3016,1360,4703,NULL,NULL
3017,1362,4704,NULL,NULL
3018,1364,4705,NULL,NULL
3019,1363,4706,NULL,NULL
3020,1366,4707,NULL,NULL
3021,1367,4708,NULL,NULL
3025,1370,4712,NULL,NULL
3026,1371,4713,NULL,NULL
3027,1373,4714,NULL,NULL
3028,1372,4715,NULL,NULL
3035,1375,4722,NULL,NULL
3036,1376,4723,NULL,NULL
3037,1377,4724,NULL,NULL
3038,1059,4725,NULL,NULL
3039,1379,4726,NULL,NULL
3040,1380,4727,NULL,NULL
3041,1382,4728,NULL,NULL
3042,1385,4729,NULL,NULL
3043,1386,4730,NULL,NULL
3044,6005,4731,NULL,NULL
3045,6005,4732,NULL,NULL
3046,6005,4733,NULL,NULL
3047,6005,4734,NULL,NULL
3048,6005,4735,NULL,NULL
3049,1388,4736,NULL,NULL
3050,1389,4737,NULL,NULL
3051,1390,4738,NULL,NULL
3052,1391,4739,NULL,NULL
3053,1392,4740,NULL,NULL
3058,1393,4745,NULL,NULL
3059,1395,4746,NULL,NULL
3060,1396,4747,NULL,NULL
3061,1400,4748,NULL,NULL
3062,1401,4749,NULL,NULL
3063,1402,4750,NULL,NULL
3064,1403,4751,NULL,NULL
3066,1405,4753,NULL,NULL
3067,1406,4754,NULL,NULL
3068,1408,4755,NULL,NULL
3069,1409,4756,NULL,NULL
3070,1410,4757,NULL,NULL
3073,1412,4760,NULL,NULL
3074,1413,4761,NULL,NULL
3075,1414,4762,NULL,NULL
3076,1415,4763,NULL,NULL
3077,1416,4764,NULL,NULL
3078,1417,4765,NULL,NULL
3079,1418,4766,NULL,NULL
3080,1419,4767,NULL,NULL
3081,1420,4768,NULL,NULL
3082,1421,4769,NULL,NULL
3083,1422,4770,NULL,NULL
3084,1423,4771,NULL,NULL
3085,1424,4772,NULL,NULL
3086,467,4773,NULL,NULL
3087,1425,4774,NULL,NULL
3088,1426,4775,NULL,NULL
3089,1427,4776,NULL,NULL
3090,536,4777,NULL,NULL
3091,1428,4778,NULL,NULL
3092,1430,4779,NULL,NULL
3093,1431,4780,NULL,NULL
3094,1056,4781,NULL,NULL
3097,471,4784,NULL,NULL
3098,1436,4785,NULL,NULL
3099,1437,4786,NULL,NULL
3100,1438,4787,NULL,NULL
3101,1439,4788,NULL,NULL
3102,1440,4789,NULL,NULL
3103,1441,4790,NULL,NULL
3104,1442,4791,NULL,NULL
3105,1443,4792,NULL,NULL
3106,1444,4793,NULL,NULL
3107,1445,4794,NULL,NULL
3108,1446,4795,NULL,NULL
3109,1447,4796,NULL,NULL
3110,1448,4797,NULL,NULL
3111,1449,4798,NULL,NULL
3112,1450,4799,NULL,NULL
3113,1451,4800,NULL,NULL
3114,1452,4801,NULL,NULL
3115,1462,4802,NULL,NULL
3116,1466,4803,NULL,NULL
3117,1467,4804,NULL,NULL
3118,1468,4805,NULL,NULL
3119,1469,4806,NULL,NULL
3120,1470,4807,NULL,NULL
3121,1471,4808,NULL,NULL
3122,1472,4809,NULL,NULL
3123,1473,4810,NULL,NULL
3124,1474,4811,NULL,NULL
3126,1476,4813,NULL,NULL
3127,1478,4814,NULL,NULL
3128,1477,4815,NULL,NULL
3129,1479,4816,NULL,NULL
3130,1480,4817,NULL,NULL
3131,1480,4818,NULL,NULL
3132,1480,4819,NULL,NULL
3133,1480,4820,NULL,NULL
3134,1480,4821,NULL,NULL
3135,1480,4822,NULL,NULL
3136,1480,4823,NULL,NULL
3137,1480,4824,NULL,NULL
3138,1480,4825,NULL,NULL
3139,1480,4826,NULL,NULL
3140,1480,4827,NULL,NULL
3141,1480,4828,NULL,NULL
3142,1480,4829,NULL,NULL
3143,1481,4830,NULL,NULL
3144,1480,4831,NULL,NULL
3145,1480,4832,NULL,NULL
3146,1480,4833,NULL,NULL
3147,1480,4834,NULL,NULL
3148,1480,4835,NULL,NULL
3149,1480,4836,NULL,NULL
3150,1480,4837,NULL,NULL
3151,1480,4838,NULL,NULL
3152,1480,4839,NULL,NULL
3153,1480,4840,NULL,NULL
3154,1480,4841,NULL,NULL
3155,1480,4842,NULL,NULL
3156,1480,4843,NULL,NULL
3157,1480,4844,NULL,NULL
3158,1480,4845,NULL,NULL
3159,1480,4846,NULL,NULL
3160,1482,4847,NULL,NULL
3161,1483,4848,NULL,NULL
3162,1429,4849,NULL,NULL
3163,1484,4850,NULL,NULL
3164,1485,4851,NULL,NULL
3165,1429,4852,NULL,NULL
3166,1486,4853,NULL,NULL
3167,1429,4854,NULL,NULL
3168,1487,4855,NULL,NULL
3169,1429,4856,NULL,NULL
3170,1488,4857,NULL,NULL
3171,1489,4858,NULL,NULL
3172,1490,4859,NULL,NULL
3174,1491,4861,NULL,NULL
3175,1492,4862,NULL,NULL
3176,1493,4863,NULL,NULL
3179,1495,4866,NULL,NULL
3181,1497,4868,NULL,NULL
3182,1497,4869,NULL,NULL
3183,1497,4870,NULL,NULL
3184,1497,4871,NULL,NULL
3185,1496,4872,NULL,NULL
3186,1497,4873,NULL,NULL
3187,1497,4874,NULL,NULL
3188,1496,4875,NULL,NULL
3189,1497,4876,NULL,NULL
3190,1496,4877,NULL,NULL
3192,1496,4879,NULL,NULL
3193,1496,4880,NULL,NULL
3194,1498,4881,NULL,NULL
3195,1499,4882,NULL,NULL
3196,1500,4883,NULL,NULL
3197,1497,4884,NULL,NULL
3198,1497,4885,NULL,NULL
3199,1497,4886,NULL,NULL
3200,1497,4887,NULL,NULL
3201,1497,4888,NULL,NULL
3202,467,4889,NULL,NULL
3203,1502,4890,NULL,NULL
3204,1503,4891,NULL,NULL
3205,1477,4892,NULL,NULL
3206,1477,4893,NULL,NULL
3207,1477,4894,NULL,NULL
3208,1504,4895,NULL,NULL
3209,1477,4896,NULL,NULL
3210,1477,4897,NULL,NULL
3211,1501,4898,NULL,NULL
3212,1506,4899,NULL,NULL
3214,1507,4901,NULL,NULL
3215,1508,4902,NULL,NULL
3216,1509,4903,NULL,NULL
3217,1511,4904,NULL,NULL
3218,1512,4905,NULL,NULL
3219,1510,4906,NULL,NULL
3220,1513,4907,NULL,NULL
3221,1514,4908,NULL,NULL
3222,1517,4909,NULL,NULL
3223,1518,4910,NULL,NULL
3224,1519,4911,NULL,NULL
3225,1520,4912,NULL,NULL
3226,1516,4913,NULL,NULL
3227,1522,4914,NULL,NULL
3228,839,4915,NULL,NULL
3229,1521,4916,NULL,NULL
3230,1523,4917,NULL,NULL
3231,1524,4918,NULL,NULL
3232,1525,4919,NULL,NULL
3233,1526,4920,NULL,NULL
3235,1532,4922,NULL,NULL
3236,1533,4923,NULL,NULL
3237,1534,4924,NULL,NULL
3238,1527,4925,NULL,NULL
3239,1527,4926,NULL,NULL
3240,1527,4927,NULL,NULL
3241,1527,4928,NULL,NULL
3242,1527,4929,NULL,NULL
3243,1527,4930,NULL,NULL
3244,1527,4931,NULL,NULL
3245,1527,4932,NULL,NULL
3246,1527,4933,NULL,NULL
3247,1535,4934,NULL,2025-02-10 15:01:07.117
3248,469,4935,NULL,NULL
3250,1527,4937,NULL,NULL
3251,1527,4938,NULL,NULL
3252,1527,4939,NULL,NULL
3253,1527,4940,NULL,NULL
3254,1527,4941,NULL,NULL
3255,1527,4942,NULL,NULL
3256,1527,4943,NULL,NULL
3257,1536,4944,NULL,NULL
3258,1537,4945,NULL,NULL
3260,1539,4947,NULL,NULL
3261,10206,4948,NULL,NULL
3262,10206,4949,NULL,NULL
3264,1540,4951,NULL,NULL
3265,1541,4952,NULL,NULL
3266,468,4953,NULL,NULL
3267,468,4954,NULL,NULL
3268,468,4955,NULL,NULL
3269,1542,4956,NULL,NULL
3270,1543,4957,NULL,NULL
3271,1544,4958,NULL,NULL
3273,1546,4960,NULL,NULL
3275,1548,4962,NULL,NULL
3276,1549,4963,NULL,NULL
3277,1056,4964,NULL,NULL
3278,1550,4965,NULL,NULL
3279,1551,4966,NULL,NULL
3280,1552,4967,NULL,NULL
3281,1553,4968,NULL,NULL
3282,1553,4969,NULL,NULL
3283,1553,4970,NULL,NULL
3284,1555,4971,NULL,NULL
3285,1553,4972,NULL,NULL
3286,1554,4973,NULL,NULL
3287,1556,4974,NULL,NULL
3288,1557,4975,NULL,NULL
3289,956,4976,NULL,NULL
3291,1561,4978,NULL,NULL
3292,1562,4979,NULL,NULL
3293,1563,4980,NULL,NULL
3294,1564,4981,NULL,NULL
3295,1565,4982,NULL,NULL
3296,1565,4983,NULL,NULL
3297,1565,4984,NULL,NULL
3298,1565,4985,NULL,NULL
3299,1566,4986,NULL,NULL
3300,1567,4987,NULL,NULL
3301,1567,4988,NULL,NULL
3302,1567,4989,NULL,NULL
3303,1547,4990,NULL,NULL
3304,1568,4991,NULL,NULL
3305,467,4992,NULL,NULL
3306,536,4993,NULL,NULL
3307,1591,4994,NULL,NULL
3308,1592,4995,NULL,NULL
3309,1593,4996,NULL,NULL
3310,1594,4997,NULL,NULL
3311,1594,4998,NULL,NULL
3312,1595,4999,NULL,NULL
3313,1596,5000,NULL,NULL
3314,1597,5001,NULL,NULL
3315,1602,5002,NULL,NULL
3316,1601,5003,NULL,NULL
3317,1601,5004,NULL,NULL
3318,1601,5005,NULL,NULL
3319,1603,5006,NULL,NULL
3320,1604,5007,NULL,NULL
3322,1605,5009,NULL,NULL
3323,1606,5010,NULL,NULL
3324,1606,5011,NULL,NULL
3325,1606,5012,NULL,NULL
3326,1606,5013,NULL,NULL
3327,1607,5014,NULL,NULL
3328,1608,5015,NULL,NULL
3329,1505,5016,NULL,NULL
3332,1609,5019,NULL,NULL
3333,1609,5020,NULL,NULL
3334,1609,5021,NULL,NULL
3335,1609,5022,NULL,NULL
3336,1609,5023,NULL,NULL
3337,1610,5024,NULL,NULL
3338,1611,5025,NULL,NULL
3339,1612,5026,NULL,NULL
3340,1613,5027,NULL,NULL
3341,1614,5028,NULL,NULL
3344,1615,5031,NULL,NULL
3346,1616,5033,NULL,NULL
3347,1617,5034,NULL,NULL
3349,1618,5036,NULL,NULL
3350,1621,5037,NULL,NULL
3351,1621,5038,NULL,NULL
3352,1621,5039,NULL,NULL
3353,1621,5040,NULL,NULL
3354,658,5041,NULL,NULL
3355,1622,5042,NULL,NULL
3356,1623,5043,NULL,NULL
3357,1624,5044,NULL,NULL
3358,1624,5045,NULL,NULL
3359,1624,5046,NULL,NULL
3360,1625,5047,NULL,NULL
3361,1626,5048,NULL,NULL
3362,1627,5049,NULL,NULL
3363,1515,5050,NULL,NULL
3365,1633,5052,NULL,NULL
3366,1634,5053,NULL,NULL
3368,457,5055,NULL,NULL
3369,457,5056,NULL,NULL
3371,1638,5058,NULL,NULL
3372,482,5059,NULL,NULL
3373,1639,5060,NULL,NULL
3374,1639,5061,NULL,NULL
3375,1639,5062,NULL,NULL
3376,475,5063,NULL,NULL
3377,1642,5064,NULL,NULL
3378,1643,5065,NULL,NULL
3379,1644,5066,NULL,NULL
3381,1646,5068,NULL,NULL
3382,1647,5069,NULL,NULL
3384,1651,5071,NULL,NULL
3386,1654,5073,NULL,NULL
3387,1657,5074,NULL,NULL
3388,1657,5075,NULL,NULL
3390,1665,5077,NULL,NULL
3391,1666,5078,NULL,NULL
3392,1669,5079,NULL,NULL
3393,1670,5080,NULL,NULL
3394,1671,5081,NULL,NULL
3395,1672,5082,NULL,NULL
3396,1672,5083,NULL,NULL
3397,1673,5084,NULL,NULL
3398,1674,5085,NULL,NULL
3399,1676,5086,NULL,NULL
3400,1677,5087,NULL,NULL
3401,1679,5088,NULL,NULL
3402,1680,5089,NULL,NULL
3403,1682,5090,NULL,NULL
3404,1683,5091,NULL,NULL
3406,1686,5093,NULL,NULL
3407,452,5094,NULL,NULL
3408,452,5095,NULL,NULL
3409,452,5096,NULL,NULL
3410,452,5097,NULL,NULL
3411,452,5098,NULL,NULL
3412,452,5099,NULL,NULL
3413,452,5100,NULL,NULL
3414,452,5101,NULL,NULL
3415,452,5102,NULL,NULL
3417,452,5104,NULL,NULL
3418,452,5105,NULL,NULL
3419,452,5106,NULL,NULL
3420,474,5107,NULL,NULL
3421,452,5108,NULL,NULL
3422,452,5109,NULL,NULL
3423,452,5110,NULL,NULL
3424,452,5111,NULL,NULL
3425,452,5112,NULL,NULL
3426,1691,5113,NULL,NULL
3427,1691,5114,NULL,NULL
3428,1691,5115,NULL,NULL
3429,1691,5116,NULL,NULL
3430,1691,5117,NULL,NULL
3431,1709,5118,NULL,NULL
3432,1709,5119,NULL,NULL
3433,1709,5120,NULL,NULL
3434,1709,5121,NULL,NULL
3435,1709,5122,NULL,NULL
3436,1709,5123,NULL,NULL
3437,1709,5124,NULL,NULL
3438,1709,5125,NULL,NULL
3439,1275,5126,NULL,NULL
3440,1711,5127,NULL,NULL
3441,1712,5128,NULL,NULL
3442,1727,5129,NULL,NULL
3443,1713,5130,NULL,NULL
3444,1728,5131,NULL,NULL
3445,452,5132,NULL,NULL
3446,1729,5133,NULL,NULL
3447,1730,5134,NULL,NULL
3448,1731,5135,NULL,NULL
3449,452,5136,NULL,NULL
3450,452,5137,NULL,NULL
3451,452,5138,NULL,NULL
3452,452,5139,NULL,NULL
3453,1732,5140,NULL,NULL
3454,1714,5141,NULL,NULL
3455,1715,5142,NULL,NULL
3456,1716,5143,NULL,NULL
3457,1733,5144,NULL,NULL
3458,475,5145,NULL,NULL
3459,1734,5146,NULL,NULL
3461,1736,5148,NULL,NULL
3462,1736,5149,NULL,NULL
3463,1736,5150,NULL,NULL
3464,1736,5151,NULL,NULL
3465,1738,5152,NULL,NULL
3466,1717,5153,NULL,NULL
3467,1718,5154,NULL,NULL
3468,1719,5155,NULL,NULL
3469,1739,5156,NULL,NULL
3470,1741,5157,NULL,NULL
3471,1742,5158,NULL,NULL
3472,1740,5159,NULL,NULL
3473,1743,5160,NULL,NULL
3474,1720,5161,NULL,NULL
3475,1721,5162,NULL,NULL
3476,1722,5163,NULL,NULL
3478,1745,5165,NULL,NULL
3479,1746,5166,NULL,NULL
3480,1747,5167,NULL,NULL
3481,475,5168,NULL,NULL
3482,1749,5169,NULL,NULL
3483,1750,5170,NULL,NULL
3484,1723,5171,NULL,NULL
3485,1724,5172,NULL,NULL
3486,1725,5173,NULL,NULL
3487,1726,5174,NULL,NULL
3488,1751,5175,NULL,NULL
3489,1752,5176,NULL,NULL
3490,1753,5177,NULL,2025-02-11 15:37:18.453
3491,452,5178,NULL,NULL
3492,1755,5179,NULL,NULL
3493,1755,5180,NULL,NULL
3494,460,5181,NULL,NULL
3495,460,5182,NULL,NULL
3496,1756,5183,NULL,NULL
3497,1757,5184,NULL,NULL
3498,452,5185,NULL,NULL
3499,452,5186,NULL,NULL
3500,452,5187,NULL,NULL
3501,1758,5188,NULL,NULL
3502,1758,5189,NULL,NULL
3503,452,5190,NULL,NULL
3504,465,5191,NULL,NULL
3505,464,5192,NULL,NULL
3508,452,5195,NULL,NULL
3509,1761,5196,NULL,NULL
3510,1761,5197,NULL,NULL
3511,452,5198,NULL,NULL
3512,452,5199,NULL,NULL
3513,452,5200,NULL,NULL
3514,1650,5201,NULL,NULL
3515,1767,5202,NULL,NULL
3516,1775,5203,NULL,NULL
3517,1769,5204,NULL,NULL
3518,1770,5205,NULL,NULL
3519,1771,5206,NULL,NULL
3520,1772,5207,NULL,NULL
3521,1773,5208,NULL,NULL
3522,1774,5209,NULL,NULL
3523,1776,5210,NULL,NULL
3524,1777,5211,NULL,NULL
3527,1778,5214,NULL,NULL
3528,1778,5215,NULL,NULL
3529,1778,5216,NULL,NULL
3530,452,5217,NULL,NULL
3531,1780,5218,NULL,NULL
3532,1783,5219,NULL,NULL
3533,1784,5220,NULL,NULL
3534,1785,5221,NULL,NULL
3535,1786,5222,NULL,NULL
3536,1787,5223,NULL,NULL
3537,1788,5224,NULL,NULL
3538,597,5225,NULL,NULL
3539,597,5226,NULL,NULL
3540,597,5227,NULL,NULL
3541,597,5228,NULL,NULL
3542,597,5229,NULL,NULL
3543,1789,5230,NULL,NULL
3544,1790,5231,NULL,NULL
3545,1791,5232,NULL,NULL
3546,597,5233,NULL,NULL
3547,597,5234,NULL,NULL
3548,1792,5235,NULL,NULL
3549,597,5236,NULL,NULL
3550,452,5237,NULL,NULL
3551,452,5238,NULL,NULL
3552,452,5239,NULL,NULL
3553,1793,5240,NULL,NULL
3554,597,5241,NULL,NULL
3555,597,5242,NULL,NULL
3556,1794,5243,NULL,NULL
3557,1795,5244,NULL,NULL
3558,1796,5245,NULL,NULL
3560,1795,5247,NULL,2023-08-16 14:26:46.867
3561,1795,5248,NULL,2023-08-16 14:27:38.670
3562,1795,5249,NULL,2023-08-16 14:27:05.900
3563,1798,5250,NULL,NULL
3564,1795,5251,NULL,2023-08-16 14:27:13.803
3565,1795,5252,NULL,2023-08-16 14:26:23.297
3566,452,5253,NULL,NULL
3567,452,5254,NULL,NULL
3568,452,5255,NULL,NULL
3569,1795,5256,NULL,NULL
3570,9727,5257,NULL,NULL
3571,465,5258,NULL,NULL
3572,9727,5259,NULL,NULL
3573,9727,5260,NULL,NULL
3574,9727,5261,NULL,NULL
3575,9727,5262,NULL,NULL
3576,9727,5263,NULL,NULL
3577,460,5264,NULL,NULL
3578,1801,5265,NULL,NULL
3579,1802,5266,NULL,NULL
3580,1803,5267,NULL,NULL
3581,1804,5268,NULL,NULL
3582,1805,5269,NULL,NULL
3583,1799,5270,NULL,NULL
3584,1806,5271,NULL,NULL
3586,464,5273,NULL,NULL
3587,1808,5274,NULL,NULL
3591,1810,5278,NULL,NULL
3592,1810,5279,NULL,NULL
3593,1810,5280,NULL,NULL
3594,1810,5281,NULL,NULL
3595,1810,5282,NULL,NULL
3596,1810,5283,NULL,NULL
3597,1810,5284,NULL,NULL
3598,1810,5285,NULL,NULL
3599,1810,5286,NULL,NULL
3600,1809,5287,NULL,NULL
3601,1809,5288,NULL,NULL
3602,1809,5289,NULL,NULL
3606,1811,5293,NULL,NULL
3607,1811,5294,NULL,NULL
3608,1811,5295,NULL,NULL
3609,1812,5296,NULL,NULL
3610,1813,5297,NULL,NULL
3611,1814,5298,NULL,NULL
3612,1815,5299,NULL,NULL
3613,1816,5300,NULL,NULL
3614,1817,5301,NULL,NULL
3615,1818,5302,NULL,NULL
3616,10251,5303,NULL,NULL
3617,1820,5304,NULL,NULL
3618,1821,5305,NULL,NULL
3619,1822,5306,NULL,NULL
3620,1824,5307,NULL,NULL
3621,1823,5308,NULL,NULL
3622,1826,5309,NULL,NULL
3623,1825,5310,NULL,NULL
3625,1827,5312,NULL,NULL
3627,1830,5314,NULL,NULL
3628,1831,5315,NULL,NULL
3629,1832,5316,NULL,2025-05-21 13:20:27.903
3630,1833,5317,NULL,NULL
3631,1834,5318,NULL,NULL
3632,1834,5319,NULL,NULL
3633,1834,5320,NULL,NULL
3634,1834,5321,NULL,NULL
3635,1834,5322,NULL,NULL
3636,1835,5323,NULL,NULL
3637,452,5324,NULL,NULL
3638,1836,5325,NULL,NULL
3639,1839,5326,NULL,NULL
3640,1843,5327,NULL,NULL
3641,1844,5328,NULL,NULL
3644,1840,5331,NULL,NULL
3645,1845,5332,NULL,NULL
3646,1841,5333,NULL,NULL
3647,1842,5334,NULL,NULL
3648,1846,5335,NULL,NULL
3649,1847,5336,NULL,NULL
3650,1848,5337,NULL,2024-02-09 13:16:31.787
3652,475,5339,NULL,NULL
3653,1689,5340,NULL,NULL
3654,1851,5341,NULL,NULL
3655,460,5342,NULL,NULL
3656,452,5343,NULL,NULL
3657,1851,5344,NULL,NULL
3658,1851,5345,NULL,NULL
3659,460,5346,NULL,NULL
3660,452,5347,NULL,NULL
3661,452,5348,NULL,NULL
3664,542,5351,NULL,NULL
3665,1706,5352,NULL,NULL
3666,1703,5353,NULL,NULL
3667,475,5354,NULL,NULL
3668,452,5355,NULL,NULL
3669,1867,5356,NULL,NULL
3670,1868,5357,NULL,NULL
3672,1870,5359,NULL,NULL
3673,1871,5360,NULL,NULL
3674,460,5361,NULL,NULL
3675,1872,5362,NULL,NULL
3676,1873,5363,NULL,NULL
3678,1869,5365,NULL,NULL
3679,663,5366,NULL,NULL
3680,1877,5367,NULL,NULL
3681,1865,5368,NULL,NULL
3684,1862,5371,NULL,NULL
3685,1861,5372,NULL,NULL
3686,1879,5373,NULL,NULL
3687,2696,5374,NULL,NULL
3688,1859,5375,NULL,NULL
3689,1880,5376,NULL,NULL
3690,1766,5377,NULL,NULL
3691,528,5378,NULL,NULL
3692,528,5379,NULL,NULL
3693,528,5380,NULL,NULL
3694,528,5381,NULL,NULL
3695,528,5382,NULL,NULL
3696,528,5383,NULL,NULL
3697,452,5384,NULL,NULL
3698,1881,5385,NULL,NULL
3699,1882,5386,NULL,NULL
3700,1883,5387,NULL,NULL
3701,1884,5388,NULL,NULL
3703,1886,5390,NULL,NULL
3704,1694,5391,NULL,NULL
3705,1858,5392,NULL,2024-08-19 16:46:28.320
3706,1855,5393,NULL,NULL
3707,1856,5394,NULL,NULL
3708,4565,5395,NULL,NULL
3709,1854,5396,NULL,NULL
3710,1853,5397,NULL,NULL
3711,1885,5398,NULL,NULL
3712,1885,5399,NULL,NULL
3713,1891,5400,NULL,NULL
3714,1885,5401,NULL,NULL
3716,1892,5403,NULL,NULL
3718,1893,5405,NULL,NULL
3719,1893,5406,NULL,NULL
3720,1893,5407,NULL,NULL
3721,1893,5408,NULL,NULL
3722,1894,5409,NULL,NULL
3723,473,5410,NULL,NULL
3726,1895,5413,NULL,NULL
3727,518,5414,NULL,NULL
3728,528,5415,NULL,NULL
3729,528,5416,NULL,NULL
3730,528,5417,NULL,NULL
3731,528,5418,NULL,NULL
3732,528,5419,NULL,NULL
3733,528,5420,NULL,NULL
3734,518,5421,NULL,NULL
3735,481,5422,NULL,NULL
3736,481,5423,NULL,2024-04-08 16:20:07.347
3738,481,5425,NULL,NULL
3739,481,5426,NULL,NULL
3740,1896,5427,NULL,NULL
3741,1897,5428,NULL,NULL
3742,1898,5429,NULL,NULL
3743,1899,5430,NULL,NULL
3744,1900,5431,NULL,NULL
3745,1901,5432,NULL,NULL
3747,1903,5434,NULL,NULL
3748,1904,5435,NULL,NULL
3749,1905,5436,NULL,NULL
3750,1906,5437,NULL,NULL
3751,1907,5438,NULL,NULL
3752,1908,5439,NULL,NULL
3754,1911,5441,NULL,NULL
3755,1912,5442,NULL,NULL
3756,1913,5443,NULL,NULL
3757,1914,5444,NULL,NULL
3758,1919,5445,NULL,NULL
3760,1919,5447,NULL,NULL
3761,1919,5448,NULL,NULL
3762,1919,5449,NULL,NULL
3764,1922,5451,NULL,NULL
3765,1922,5452,NULL,NULL
3766,1922,5453,NULL,NULL
3767,1922,5454,NULL,NULL
3768,1922,5455,NULL,NULL
3769,1922,5456,NULL,NULL
3770,1924,5457,NULL,NULL
3771,1925,5458,NULL,NULL
3772,518,5459,NULL,NULL
3773,1928,5460,NULL,NULL
3774,1929,5461,NULL,NULL
3775,1930,5462,NULL,NULL
3776,1932,5463,NULL,NULL
3777,1931,5464,NULL,NULL
3778,1935,5465,NULL,NULL
3779,1934,5466,NULL,NULL
3780,1936,5467,NULL,NULL
3781,1937,5468,NULL,NULL
3782,1938,5469,NULL,NULL
3783,473,5470,NULL,NULL
3784,473,5471,NULL,NULL
3785,1940,5472,NULL,NULL
3786,1941,5473,NULL,NULL
3787,1942,5474,NULL,NULL
3788,1944,5475,NULL,NULL
3789,1945,5476,NULL,NULL
3790,1945,5477,NULL,NULL
3791,1945,5478,NULL,NULL
3792,1945,5479,NULL,NULL
3793,1946,5480,NULL,NULL
3794,1948,5481,NULL,NULL
3795,1949,5482,NULL,NULL
3796,1950,5483,NULL,NULL
3797,1951,5484,NULL,NULL
3798,1951,5485,NULL,NULL
3799,1951,5486,NULL,NULL
3800,1951,5487,NULL,NULL
3801,1951,5488,NULL,NULL
3802,1951,5489,NULL,NULL
3804,1953,5491,NULL,NULL
3805,1954,5492,NULL,NULL
3806,1954,5493,NULL,NULL
3807,473,5494,NULL,NULL
3808,473,5495,NULL,NULL
3809,473,5496,NULL,NULL
3810,473,5497,NULL,NULL
3811,499,5498,NULL,NULL
3812,499,5499,NULL,NULL
3813,499,5500,NULL,NULL
3814,1955,5501,NULL,NULL
3815,1956,5502,NULL,NULL
3816,1957,5503,NULL,NULL
3817,1958,5504,NULL,NULL
3818,1959,5505,NULL,NULL
3819,1960,5506,NULL,NULL
3820,1961,5507,NULL,2023-09-13 13:59:23.377
3821,1962,5508,NULL,NULL
3822,1963,5509,NULL,2024-11-18 14:55:52.640
3823,1964,5510,NULL,NULL
3824,1965,5511,NULL,NULL
3825,1966,5512,NULL,NULL
3826,1967,5513,NULL,NULL
3827,1968,5514,NULL,NULL
3828,1969,5515,NULL,NULL
3829,1970,5516,NULL,NULL
3830,1971,5517,NULL,NULL
3831,1972,5518,NULL,NULL
3832,1973,5519,NULL,NULL
3833,1974,5520,NULL,NULL
3834,1975,5521,NULL,NULL
3835,1976,5522,NULL,NULL
3836,1977,5523,NULL,NULL
3837,1978,5524,NULL,NULL
3838,1979,5525,NULL,NULL
3839,1979,5526,NULL,NULL
3840,1979,5527,NULL,NULL
3841,1979,5528,NULL,NULL
3842,1979,5529,NULL,NULL
3843,1979,5530,NULL,NULL
3844,1979,5531,NULL,NULL
3845,1980,5532,NULL,NULL
3846,1982,5533,NULL,NULL
3851,1983,5538,NULL,NULL
3852,1979,5539,NULL,NULL
3853,1979,5540,NULL,NULL
3854,1979,5541,NULL,NULL
3855,1979,5542,NULL,NULL
3856,1979,5543,NULL,NULL
3857,1979,5544,NULL,NULL
3858,1979,5545,NULL,NULL
3859,1979,5546,NULL,NULL
3860,1984,5547,NULL,NULL
3861,1496,5548,NULL,NULL
3862,1496,5549,NULL,NULL
3863,1496,5550,NULL,NULL
3864,1496,5551,NULL,NULL
3865,1496,5552,NULL,NULL
3866,1496,5553,NULL,NULL
3867,1496,5554,NULL,NULL
3868,1496,5555,NULL,NULL
3869,1496,5556,NULL,NULL
3870,1496,5557,NULL,NULL
3871,1496,5558,NULL,NULL
3872,1496,5559,NULL,NULL
3873,1496,5560,NULL,NULL
3874,1496,5561,NULL,NULL
3875,1496,5562,NULL,NULL
3876,1496,5563,NULL,NULL
3877,1986,5564,NULL,NULL
3878,478,5565,NULL,NULL
3879,478,5566,NULL,NULL
3880,1987,5567,NULL,NULL
3881,1987,5568,NULL,NULL
3882,1979,5569,NULL,NULL
3884,1496,5571,NULL,NULL
3885,480,5572,NULL,NULL
3886,480,5573,NULL,NULL
3887,1496,5574,NULL,NULL
3888,1979,5575,NULL,NULL
3889,1496,5576,NULL,NULL
3890,1496,5577,NULL,NULL
3893,1990,5580,NULL,NULL
3894,1991,5581,NULL,NULL
3895,1993,5582,NULL,NULL
3896,1994,5583,NULL,NULL
3897,1995,5584,NULL,NULL
3898,1996,5585,NULL,NULL
3899,1999,5586,NULL,NULL
3900,1999,5587,NULL,NULL
3901,1999,5588,NULL,NULL
3902,1999,5589,NULL,NULL
3904,2001,5591,NULL,NULL
3905,2000,5592,NULL,NULL
3907,625,5594,NULL,NULL
3909,717,5596,NULL,NULL
3910,788,5597,NULL,NULL
3911,790,5598,NULL,NULL
3912,791,5599,NULL,NULL
3913,793,5600,NULL,NULL
3914,794,5601,NULL,NULL
3915,800,5602,NULL,NULL
3916,801,5603,NULL,NULL
3917,802,5604,NULL,NULL
3919,804,5606,NULL,2024-09-05 08:40:43.960
3920,805,5607,NULL,NULL
3921,860,5608,NULL,NULL
3922,869,5609,NULL,NULL
3923,870,5610,NULL,NULL
3924,871,5611,NULL,NULL
3925,872,5612,NULL,NULL
3926,874,5613,NULL,NULL
3927,875,5614,NULL,NULL
3928,876,5615,NULL,NULL
3929,879,5616,NULL,NULL
3930,897,5617,NULL,2024-11-27 14:19:51.400
3931,955,5618,NULL,NULL
3932,958,5619,NULL,NULL
3933,962,5620,NULL,NULL
3934,963,5621,NULL,NULL
3935,964,5622,NULL,NULL
3936,965,5623,NULL,NULL
3937,1069,5624,NULL,NULL
3938,1136,5625,NULL,NULL
3939,1153,5626,NULL,NULL
3940,1156,5627,NULL,NULL
3941,1160,5628,NULL,NULL
3942,1167,5629,NULL,NULL
3943,1170,5630,NULL,NULL
3944,1191,5631,NULL,NULL
3945,1192,5632,NULL,NULL
3946,1209,5633,NULL,NULL
3947,1211,5634,NULL,NULL
3948,1214,5635,NULL,NULL
3949,1216,5636,NULL,NULL
3950,1245,5637,NULL,NULL
3951,1248,5638,NULL,NULL
3952,1251,5639,NULL,NULL
3953,1258,5640,NULL,NULL
3954,1259,5641,NULL,NULL
3955,1274,5642,NULL,NULL
3956,1276,5643,NULL,NULL
3957,1277,5644,NULL,NULL
3958,1278,5645,NULL,NULL
3959,1281,5646,NULL,NULL
3960,1282,5647,NULL,NULL
3961,1283,5648,NULL,NULL
3962,1302,5649,NULL,NULL
3963,1324,5650,NULL,NULL
3964,1325,5651,NULL,NULL
3965,1326,5652,NULL,NULL
3966,1327,5653,NULL,NULL
3967,1342,5654,NULL,NULL
3968,1344,5655,NULL,NULL
3969,1346,5656,NULL,NULL
3970,1349,5657,NULL,NULL
3971,1350,5658,NULL,NULL
3972,1365,5659,NULL,NULL
3973,1384,5660,NULL,NULL
3974,1387,5661,NULL,NULL
3975,1433,5662,NULL,NULL
3976,1434,5663,NULL,NULL
3977,1453,5664,NULL,NULL
3978,1454,5665,NULL,NULL
3979,1455,5666,NULL,NULL
3980,1456,5667,NULL,NULL
3981,1457,5668,NULL,NULL
3982,1458,5669,NULL,NULL
3983,1459,5670,NULL,NULL
3984,1460,5671,NULL,NULL
3985,1464,5672,NULL,NULL
3986,1465,5673,NULL,NULL
3987,1528,5674,NULL,NULL
3988,1531,5675,NULL,NULL
3989,1570,5676,NULL,NULL
3990,1571,5677,NULL,NULL
3991,1574,5678,NULL,NULL
3992,1576,5679,NULL,NULL
3993,1578,5680,NULL,NULL
3994,1579,5681,NULL,NULL
3995,1581,5682,NULL,NULL
3996,1582,5683,NULL,NULL
3997,1587,5684,NULL,NULL
3998,1588,5685,NULL,NULL
3999,1589,5686,NULL,NULL
4000,1590,5687,NULL,NULL
4001,1629,5688,NULL,NULL
4002,1632,5689,NULL,NULL
4003,1640,5690,NULL,NULL
4004,1641,5691,NULL,NULL
4005,6952,5692,NULL,NULL
4006,1656,5693,NULL,NULL
4007,1659,5694,NULL,NULL
4008,1660,5695,NULL,NULL
4009,1661,5696,NULL,NULL
4010,1662,5697,NULL,NULL
4011,1664,5698,NULL,NULL
4012,1667,5699,NULL,NULL
4013,1668,5700,NULL,NULL
4014,1675,5701,NULL,NULL
4015,1681,5702,NULL,NULL
4016,1685,5703,NULL,NULL
4017,1688,5704,NULL,NULL
4018,1690,5705,NULL,NULL
4019,1692,5706,NULL,NULL
4020,1693,5707,NULL,NULL
4021,1696,5708,NULL,NULL
4022,1697,5709,NULL,NULL
4023,1698,5710,NULL,NULL
4025,1700,5712,NULL,NULL
4026,1701,5713,NULL,NULL
4027,1702,5714,NULL,NULL
4028,1704,5715,NULL,NULL
4029,1705,5716,NULL,NULL
4030,1710,5717,NULL,NULL
4031,1737,5718,NULL,NULL
4032,1744,5719,NULL,NULL
4035,1762,5722,NULL,NULL
4036,1764,5723,NULL,NULL
4037,1765,5724,NULL,NULL
4038,1857,5725,NULL,NULL
4039,1866,5726,NULL,NULL
4040,1887,5727,NULL,NULL
4041,1888,5728,NULL,NULL
4042,1889,5729,NULL,NULL
4043,1915,5730,NULL,NULL
4044,1916,5731,NULL,NULL
4045,1917,5732,NULL,NULL
4046,1918,5733,NULL,NULL
4047,1933,5734,NULL,2024-09-09 16:07:34.243
4048,1943,5735,NULL,NULL
4049,2003,5736,NULL,NULL
4051,2004,5738,NULL,NULL
4052,2006,5739,NULL,NULL
4053,2005,5740,NULL,NULL
4054,2005,5741,NULL,NULL
4055,2007,5742,NULL,NULL
4056,2008,5743,NULL,NULL
4058,2009,5745,NULL,NULL
4059,2011,5746,NULL,NULL
4060,2012,5747,NULL,NULL
4061,478,5748,NULL,NULL
4062,2013,5749,NULL,NULL
4063,2014,5750,NULL,NULL
4064,2015,5751,NULL,NULL
4065,528,5752,NULL,NULL
4066,528,5753,NULL,NULL
4068,481,5755,NULL,NULL
4069,478,5756,NULL,NULL
4070,528,5757,NULL,NULL
4071,528,5758,NULL,NULL
4073,450,5760,NULL,NULL
4074,2017,5761,NULL,NULL
4075,2026,5762,NULL,NULL
4077,2019,5764,NULL,NULL
4078,2020,5765,NULL,NULL
4079,2021,5766,NULL,NULL
4081,2023,5768,NULL,NULL
4082,2024,5769,NULL,NULL
4083,2025,5770,NULL,NULL
4084,2027,5771,NULL,NULL
4085,2028,5772,NULL,NULL
4086,2029,5773,NULL,NULL
4089,2029,5776,NULL,NULL
4090,2029,5777,NULL,NULL
4092,2030,5779,NULL,NULL
4093,2031,5780,NULL,NULL
4094,2032,5781,NULL,NULL
4095,2033,5782,NULL,NULL
4096,2034,5783,NULL,NULL
4097,2016,5784,NULL,NULL
4098,2016,5785,NULL,NULL
4099,2016,5786,NULL,NULL
4100,2035,5787,NULL,NULL
4101,2036,5788,NULL,NULL
4102,2038,5789,NULL,NULL
4103,2039,5790,NULL,NULL
4104,2040,5791,NULL,NULL
4105,2041,5792,NULL,NULL
4106,2042,5793,NULL,NULL
4107,2043,5794,NULL,NULL
4108,2044,5795,NULL,NULL
4109,2045,5796,NULL,NULL
4110,2054,5797,NULL,NULL
4112,2052,5799,NULL,NULL
4113,2051,5800,NULL,NULL
4114,2050,5801,NULL,NULL
4115,2049,5802,NULL,NULL
4116,2048,5803,NULL,NULL
4117,2047,5804,NULL,NULL
4118,2046,5805,NULL,NULL
4119,2055,5806,NULL,NULL
4120,2056,5807,NULL,NULL
4121,481,5808,NULL,NULL
4122,481,5809,NULL,NULL
4123,2057,5810,NULL,NULL
4124,2058,5811,NULL,NULL
4125,2059,5812,NULL,NULL
4126,480,5813,NULL,NULL
4127,2060,5814,NULL,NULL
4128,2061,5815,NULL,NULL
4129,2062,5816,NULL,NULL
4130,2063,5817,NULL,NULL
4131,2065,5818,NULL,NULL
4132,2066,5819,NULL,NULL
4133,2066,5820,NULL,NULL
4134,2066,5821,NULL,NULL
4135,2066,5822,NULL,NULL
4136,2068,5823,NULL,NULL
4137,2067,5824,NULL,NULL
4138,2069,5825,NULL,NULL
4139,2070,5826,NULL,NULL
4140,2071,5827,NULL,NULL
4141,2072,5828,NULL,NULL
4142,2075,5829,NULL,NULL
4143,2073,5830,NULL,NULL
4144,2074,5831,NULL,NULL
4145,2076,5832,NULL,NULL
4146,2078,5833,NULL,NULL
4147,2079,5834,NULL,NULL
4148,2077,5835,NULL,NULL
4149,2080,5836,NULL,NULL
4150,2081,5837,NULL,NULL
4151,2085,5838,NULL,NULL
4152,2084,5839,NULL,NULL
4153,2083,5840,NULL,NULL
4154,2082,5841,NULL,NULL
4155,528,5842,NULL,NULL
4158,528,5845,NULL,NULL
4159,2086,5846,NULL,NULL
4160,498,5847,NULL,NULL
4163,2093,5850,NULL,NULL
4165,2103,5852,NULL,NULL
4166,2101,5853,NULL,NULL
4167,2100,5854,NULL,NULL
4169,2098,5856,NULL,NULL
4170,2097,5857,NULL,NULL
4171,2096,5858,NULL,NULL
4172,2095,5859,NULL,NULL
4173,2094,5860,NULL,NULL
4174,2092,5861,NULL,NULL
4175,2091,5862,NULL,NULL
4176,2090,5863,NULL,NULL
4177,2089,5864,NULL,NULL
4178,2105,5865,NULL,NULL
4179,2106,5866,NULL,NULL
4180,2107,5867,NULL,NULL
4181,460,5868,NULL,NULL
4182,2108,5869,NULL,NULL
4183,2109,5870,NULL,NULL
4184,498,5871,NULL,NULL
4185,498,5872,NULL,2024-01-23 15:48:30.687
4186,2110,5873,NULL,NULL
4187,2111,5874,NULL,NULL
4188,477,5875,NULL,NULL
4189,477,5876,NULL,NULL
4190,2112,5877,NULL,NULL
4191,476,5878,NULL,NULL
4192,476,5879,NULL,NULL
4193,476,5880,NULL,NULL
4194,449,5881,NULL,NULL
4195,2113,5882,NULL,NULL
4196,2114,5883,NULL,NULL
4197,2115,5884,NULL,NULL
4198,449,5885,NULL,NULL
4199,449,5886,NULL,NULL
4200,2116,5887,NULL,NULL
4201,2117,5888,NULL,NULL
4202,2118,5889,NULL,NULL
4203,2119,5890,NULL,NULL
4204,2120,5891,NULL,NULL
4205,2121,5892,NULL,NULL
4206,2122,5893,NULL,NULL
4207,2123,5894,NULL,NULL
4208,2124,5895,NULL,NULL
4209,2125,5896,NULL,NULL
4210,2126,5897,NULL,NULL
4211,2127,5898,NULL,NULL
4212,1404,5899,NULL,NULL
4213,2145,5900,NULL,NULL
4214,2144,5901,NULL,NULL
4215,2146,5902,NULL,NULL
4216,2143,5903,NULL,NULL
4217,2146,5904,NULL,NULL
4218,2146,5905,NULL,NULL
4219,2142,5906,NULL,NULL
4220,2141,5907,NULL,NULL
4221,2140,5908,NULL,NULL
4222,2139,5909,NULL,NULL
4223,2138,5910,NULL,NULL
4224,2137,5911,NULL,NULL
4225,2136,5912,NULL,NULL
4226,2135,5913,NULL,NULL
4227,2134,5914,NULL,NULL
4228,2133,5915,NULL,NULL
4229,2132,5916,NULL,NULL
4230,2131,5917,NULL,NULL
4231,2130,5918,NULL,NULL
4232,2129,5919,NULL,NULL
4233,2128,5920,NULL,NULL
4234,2147,5921,NULL,NULL
4235,2148,5922,NULL,NULL
4236,2149,5923,NULL,NULL
4237,2696,5924,NULL,NULL
4238,2151,5925,NULL,NULL
4239,2152,5926,NULL,NULL
4240,902,5927,NULL,NULL
4241,2153,5928,NULL,2025-02-10 12:56:28.257
4242,2154,5929,NULL,NULL
4243,2155,5930,NULL,NULL
4244,2156,5931,NULL,NULL
4245,2157,5932,NULL,2024-09-10 09:16:03.090
4246,2158,5933,NULL,NULL
4247,2160,5934,NULL,NULL
4248,2161,5935,NULL,NULL
4249,2162,5936,NULL,NULL
4250,2163,5937,NULL,NULL
4251,2163,5938,NULL,NULL
4252,2163,5939,NULL,NULL
4253,2163,5940,NULL,NULL
4254,2164,5941,NULL,NULL
4255,2165,5942,NULL,NULL
4256,2166,5943,NULL,NULL
4257,2167,5944,NULL,NULL
4258,1355,5945,NULL,NULL
4259,2168,5946,NULL,NULL
4262,2171,5949,NULL,NULL
4263,542,5950,NULL,NULL
4264,2172,5951,NULL,NULL
4265,2170,5952,NULL,NULL
4266,2170,5953,NULL,NULL
4267,2173,5954,NULL,NULL
4268,2175,5955,NULL,NULL
4269,2174,5956,NULL,NULL
4270,2176,5957,NULL,NULL
4271,1361,5958,NULL,NULL
4272,474,5959,NULL,NULL
4273,2177,5960,NULL,NULL
4274,2178,5961,NULL,NULL
4275,2179,5962,NULL,NULL
4276,1381,5963,NULL,NULL
4277,2180,5964,NULL,NULL
4278,2181,5965,NULL,NULL
4279,2182,5966,NULL,NULL
4280,2183,5967,NULL,NULL
4281,472,5968,NULL,NULL
4284,1572,5971,NULL,NULL
4285,2184,5972,NULL,NULL
4286,2186,5973,NULL,NULL
4287,2187,5974,NULL,NULL
4288,2189,5975,NULL,NULL
4289,2189,5976,NULL,NULL
4290,2189,5977,NULL,NULL
4291,2190,5978,NULL,NULL
4292,2192,5979,NULL,NULL
4293,2193,5980,NULL,NULL
4294,2194,5981,NULL,NULL
4295,2195,5982,NULL,NULL
4296,2196,5983,NULL,NULL
4297,2197,5984,NULL,NULL
4298,2198,5985,NULL,NULL
4299,2199,5986,NULL,NULL
4300,2200,5987,NULL,NULL
4301,2201,5988,NULL,NULL
4302,2202,5989,NULL,NULL
4303,2203,5990,NULL,NULL
4304,2204,5991,NULL,NULL
4305,452,5992,NULL,NULL
4306,2205,5993,NULL,NULL
4307,2206,5994,NULL,NULL
4308,2207,5995,NULL,NULL
4309,2208,5996,NULL,NULL
4310,2209,5997,NULL,NULL
4311,2210,5998,NULL,NULL
4312,2212,5999,NULL,NULL
4313,2213,6000,NULL,NULL
4314,2214,6001,NULL,NULL
4315,2215,6002,NULL,NULL
4316,2216,6003,NULL,NULL
4317,475,6004,NULL,NULL
4318,2217,6005,NULL,NULL
4319,2218,6006,NULL,NULL
4320,2219,6007,NULL,NULL
4322,542,6009,NULL,NULL
4323,2220,6010,NULL,NULL
4324,2221,6011,NULL,NULL
4326,2222,6013,NULL,NULL
4328,1695,6015,NULL,NULL
4329,2223,6016,NULL,NULL
4330,2224,6017,NULL,NULL
4331,2225,6018,NULL,NULL
4332,2226,6019,NULL,NULL
4333,2227,6020,NULL,NULL
4334,2228,6021,NULL,NULL
4335,2229,6022,NULL,NULL
4337,2231,6024,NULL,NULL
4338,2232,6025,NULL,NULL
4339,2233,6026,NULL,NULL
4340,2234,6027,NULL,NULL
4341,2235,6028,NULL,NULL
4342,2236,6029,NULL,NULL
4343,2237,6030,NULL,NULL
4344,2238,6031,NULL,NULL
4345,2239,6032,NULL,NULL
4346,2240,6033,NULL,NULL
4347,2241,6034,NULL,NULL
4349,2242,6036,NULL,NULL
4350,2243,6037,NULL,NULL
4351,1707,6038,NULL,NULL
4352,1708,6039,NULL,NULL
4353,2244,6040,NULL,NULL
4354,2245,6041,NULL,NULL
4355,2246,6042,NULL,NULL
4356,2247,6043,NULL,NULL
4357,1763,6044,NULL,NULL
4358,2248,6045,NULL,NULL
4359,2249,6046,NULL,NULL
4360,2250,6047,NULL,NULL
4361,2251,6048,NULL,NULL
4362,1768,6049,NULL,NULL
4363,2252,6050,NULL,NULL
4364,2253,6051,NULL,NULL
4365,2254,6052,NULL,NULL
4366,2255,6053,NULL,NULL
4367,2256,6054,NULL,NULL
4368,2257,6055,NULL,NULL
4369,2258,6056,NULL,NULL
4370,2259,6057,NULL,NULL
4371,2260,6058,NULL,NULL
4372,2261,6059,NULL,NULL
4373,2262,6060,NULL,NULL
4375,2264,6062,NULL,NULL
4376,2265,6063,NULL,NULL
4377,2266,6064,NULL,NULL
4378,2267,6065,NULL,NULL
4379,2268,6066,NULL,NULL
4380,2269,6067,NULL,2024-09-10 15:56:49.273
4381,2270,6068,NULL,NULL
4382,2270,6069,NULL,NULL
4383,2270,6070,NULL,NULL
4384,2270,6071,NULL,NULL
4385,11565,6072,NULL,NULL
4387,2270,6074,NULL,NULL
4388,2270,6075,NULL,NULL
4389,2270,6076,NULL,NULL
4390,2270,6077,NULL,NULL
4391,2270,6078,NULL,NULL
4392,2270,6079,NULL,NULL
4393,2270,6080,NULL,NULL
4394,2270,6081,NULL,NULL
4395,2270,6082,NULL,NULL
4397,2272,6084,NULL,NULL
4398,2273,6085,NULL,NULL
4399,2274,6086,NULL,NULL
4400,2275,6087,NULL,NULL
4401,2270,6088,NULL,NULL
4402,2279,6089,NULL,2023-07-14 12:17:47.800
4403,2280,6090,NULL,NULL
4406,523,6093,NULL,NULL
4408,2329,6095,NULL,NULL
4409,2330,6096,NULL,NULL
4410,2331,6097,NULL,NULL
4411,2332,6098,NULL,NULL
4412,2333,6099,NULL,NULL
4413,2334,6100,NULL,NULL
4414,2335,6101,NULL,NULL
4415,2336,6102,NULL,NULL
4416,2337,6103,NULL,NULL
4417,2338,6104,NULL,NULL
4418,509,6105,NULL,NULL
4419,509,6106,NULL,NULL
4420,509,6107,NULL,NULL
4421,2339,6108,NULL,NULL
4422,536,6109,NULL,NULL
4423,2340,6110,NULL,NULL
4424,2341,6111,NULL,NULL
4425,2283,6112,NULL,NULL
4426,2342,6113,NULL,NULL
4427,2342,6114,NULL,NULL
4428,2342,6115,NULL,NULL
4430,2342,6117,NULL,NULL
4431,2342,6118,NULL,NULL
4432,2343,6119,NULL,NULL
4433,2344,6120,NULL,NULL
4434,2345,6121,NULL,NULL
4435,2346,6122,NULL,NULL
4436,2347,6123,NULL,NULL
4437,2348,6124,NULL,NULL
4438,2349,6125,NULL,NULL
4439,2350,6126,NULL,NULL
4440,2351,6127,NULL,NULL
4442,2353,6129,NULL,NULL
4443,2354,6130,NULL,NULL
4444,2355,6131,NULL,NULL
4445,2356,6132,NULL,NULL
4446,2357,6133,NULL,NULL
4448,2358,6135,NULL,NULL
4449,2359,6136,NULL,NULL
4450,2360,6137,NULL,NULL
4451,2361,6138,NULL,NULL
4452,2362,6139,NULL,NULL
4453,2363,6140,NULL,NULL
4454,2364,6141,NULL,NULL
4455,2365,6142,NULL,2025-01-06 15:23:08.717
4456,2366,6143,NULL,NULL
4457,655,6144,NULL,NULL
4458,2367,6145,NULL,NULL
4459,2368,6146,NULL,NULL
4460,2369,6147,NULL,NULL
4461,2370,6148,NULL,NULL
4462,2371,6149,NULL,NULL
4463,2372,6150,NULL,NULL
4465,2374,6152,NULL,NULL
4466,2375,6153,NULL,NULL
4467,2377,6154,NULL,NULL
4468,2378,6155,NULL,NULL
4470,517,6157,NULL,NULL
4471,2380,6158,NULL,NULL
4472,2376,6159,NULL,NULL
4473,483,6160,NULL,NULL
4474,2382,6161,NULL,NULL
4475,2383,6162,NULL,NULL
4476,2384,6163,NULL,NULL
4477,2385,6164,NULL,NULL
4478,2386,6165,NULL,NULL
4479,2388,6166,NULL,NULL
4480,1120,6167,NULL,NULL
4481,2390,6168,NULL,NULL
4482,2391,6169,NULL,NULL
4483,2392,6170,NULL,NULL
4485,2394,6172,NULL,NULL
4486,562,6173,NULL,NULL
4487,562,6174,NULL,NULL
4488,562,6175,NULL,NULL
4489,562,6176,NULL,NULL
4490,2396,6177,NULL,NULL
4491,517,6178,NULL,NULL
4492,2397,6179,NULL,NULL
4493,12381,6180,NULL,2023-06-29 15:00:45.587
4494,2399,6181,NULL,NULL
4495,2401,6182,NULL,NULL
4496,2403,6183,NULL,NULL
4497,2402,6184,NULL,NULL
4498,2404,6185,NULL,NULL
4499,2406,6186,NULL,NULL
4500,2406,6187,NULL,NULL
4501,2406,6188,NULL,NULL
4502,2406,6189,NULL,NULL
4504,2405,6191,NULL,NULL
4505,2407,6192,NULL,NULL
4506,2410,6193,NULL,NULL
4507,2411,6194,NULL,NULL
4508,2412,6195,NULL,NULL
4509,2412,6196,NULL,NULL
4510,2412,6197,NULL,NULL
4511,2412,6198,NULL,NULL
4512,2400,6199,NULL,NULL
4513,2413,6200,NULL,NULL
4514,2414,6201,NULL,NULL
4515,2415,6202,NULL,NULL
4516,2416,6203,NULL,NULL
4517,2417,6204,NULL,NULL
4518,2418,6205,NULL,NULL
4519,2419,6206,NULL,NULL
4520,2420,6207,NULL,NULL
4521,2420,6208,NULL,NULL
4522,2420,6209,NULL,NULL
4523,2420,6210,NULL,NULL
4524,2420,6211,NULL,NULL
4525,2420,6212,NULL,NULL
4526,2420,6213,NULL,NULL
4527,2420,6214,NULL,NULL
4528,2420,6215,NULL,NULL
4529,2420,6216,NULL,NULL
4530,2420,6217,NULL,NULL
4531,2420,6218,NULL,NULL
4532,2420,6219,NULL,NULL
4533,2420,6220,NULL,NULL
4534,2420,6221,NULL,NULL
4535,2421,6222,NULL,NULL
4536,2422,6223,NULL,NULL
4537,2423,6224,NULL,NULL
4538,2424,6225,NULL,NULL
4540,2425,6227,NULL,NULL
4541,2427,6228,NULL,NULL
4542,2428,6229,NULL,NULL
4543,2429,6230,NULL,NULL
4544,2443,6231,NULL,NULL
4545,2442,6232,NULL,NULL
4546,2441,6233,NULL,NULL
4547,2440,6234,NULL,NULL
4548,2439,6235,NULL,NULL
4549,2438,6236,NULL,NULL
4550,2437,6237,NULL,NULL
4551,2436,6238,NULL,NULL
4552,2435,6239,NULL,NULL
4553,2434,6240,NULL,NULL
4554,2433,6241,NULL,NULL
4555,2432,6242,NULL,NULL
4556,2431,6243,NULL,NULL
4557,2430,6244,NULL,NULL
4558,2444,6245,NULL,NULL
4559,2445,6246,NULL,NULL
4560,2629,6247,NULL,NULL
4561,2446,6248,NULL,NULL
4562,2447,6249,NULL,NULL
4563,476,6250,NULL,NULL
4564,2449,6251,NULL,NULL
4565,10250,6252,NULL,NULL
4566,10250,6253,NULL,NULL
4567,476,6254,NULL,NULL
4568,2464,6255,NULL,NULL
4569,2464,6256,NULL,NULL
4570,2464,6257,NULL,NULL
4571,2464,6258,NULL,NULL
4572,2464,6259,NULL,NULL
4573,2464,6260,NULL,NULL
4574,2450,6261,NULL,NULL
4575,2451,6262,NULL,NULL
4576,2455,6263,NULL,NULL
4577,2452,6264,NULL,NULL
4578,2453,6265,NULL,NULL
4579,2454,6266,NULL,NULL
4580,2456,6267,NULL,NULL
4581,2408,6268,NULL,NULL
4582,2408,6269,NULL,NULL
4583,2457,6270,NULL,NULL
4584,2458,6271,NULL,NULL
4585,2459,6272,NULL,NULL
4586,2460,6273,NULL,NULL
4587,2461,6274,NULL,NULL
4588,2462,6275,NULL,NULL
4589,2463,6276,NULL,NULL
4590,2465,6277,NULL,NULL
4591,2466,6278,NULL,NULL
4592,2468,6279,NULL,NULL
4593,2467,6280,NULL,NULL
4594,2469,6281,NULL,NULL
4595,2470,6282,NULL,NULL
4596,2476,6283,NULL,NULL
4600,2474,6287,NULL,NULL
4602,2477,6289,NULL,NULL
4603,2478,6290,NULL,NULL
4604,2479,6291,NULL,NULL
4605,2480,6292,NULL,NULL
4606,2481,6293,NULL,NULL
4607,2482,6294,NULL,NULL
4608,517,6295,NULL,NULL
4609,2484,6296,NULL,NULL
4610,517,6297,NULL,NULL
4620,2486,6307,NULL,NULL
4621,2485,6308,NULL,NULL
4622,2487,6309,NULL,NULL
4624,2490,6311,NULL,NULL
4625,2491,6312,NULL,NULL
4626,2489,6313,NULL,NULL
4627,2492,6314,NULL,NULL
4628,2493,6315,NULL,NULL
4629,2495,6316,NULL,NULL
4630,2494,6317,NULL,NULL
4631,2496,6318,NULL,NULL
4632,2497,6319,NULL,NULL
4633,2498,6320,NULL,NULL
4634,2499,6321,NULL,NULL
4635,2499,6322,NULL,NULL
4636,2499,6323,NULL,NULL
4637,2500,6324,NULL,NULL
4638,2501,6325,NULL,NULL
4639,2502,6326,NULL,NULL
4640,2503,6327,NULL,NULL
4641,2504,6328,NULL,NULL
4642,2505,6329,NULL,NULL
4643,2506,6330,NULL,NULL
4644,2524,6331,NULL,NULL
4645,2523,6332,NULL,NULL
4646,2522,6333,NULL,NULL
4648,2520,6335,NULL,NULL
4649,2519,6336,NULL,NULL
4650,2518,6337,NULL,NULL
4651,2517,6338,NULL,NULL
4652,2516,6339,NULL,NULL
4653,2515,6340,NULL,NULL
4655,2513,6342,NULL,NULL
4656,2512,6343,NULL,NULL
4657,2511,6344,NULL,NULL
4658,2510,6345,NULL,NULL
4659,2509,6346,NULL,NULL
4660,2508,6347,NULL,2024-04-24 12:07:17.410
4661,2507,6348,NULL,NULL
4662,2525,6349,NULL,NULL
4663,2526,6350,NULL,NULL
4664,2527,6351,NULL,NULL
4665,2528,6352,NULL,NULL
4666,2529,6353,NULL,NULL
4667,2529,6354,NULL,NULL
4668,2530,6355,NULL,NULL
4669,476,6356,NULL,NULL
4670,2531,6357,NULL,NULL
4671,2500,6358,NULL,NULL
4672,2533,6359,NULL,NULL
4673,2532,6360,NULL,NULL
4674,2534,6361,NULL,NULL
4676,2535,6363,NULL,NULL
4677,2535,6364,NULL,NULL
4678,2535,6365,NULL,NULL
4679,2535,6366,NULL,NULL
4680,2535,6367,NULL,NULL
4682,2537,6369,NULL,NULL
4683,2538,6370,NULL,NULL
4684,2540,6371,NULL,NULL
4685,2539,6372,NULL,NULL
4687,2542,6374,NULL,NULL
4688,2543,6375,NULL,NULL
4689,2544,6376,NULL,NULL
4690,2545,6377,NULL,NULL
4691,2546,6378,NULL,NULL
4692,2547,6379,NULL,NULL
4693,2548,6380,NULL,NULL
4694,2549,6381,NULL,NULL
4695,2550,6382,NULL,NULL
4696,2551,6383,NULL,NULL
4697,2552,6384,NULL,NULL
4698,2558,6385,NULL,NULL
4699,2558,6386,NULL,NULL
4700,2558,6387,NULL,NULL
4701,2559,6388,NULL,NULL
4702,2560,6389,NULL,NULL
4703,2561,6390,NULL,NULL
4704,2562,6391,NULL,NULL
4705,2563,6392,NULL,NULL
4706,2564,6393,NULL,NULL
4707,2565,6394,NULL,NULL
4708,2566,6395,NULL,NULL
4709,2567,6396,NULL,NULL
4710,2568,6397,NULL,NULL
4711,2569,6398,NULL,NULL
4712,2570,6399,NULL,NULL
4713,2571,6400,NULL,NULL
4714,2572,6401,NULL,NULL
4715,2573,6402,NULL,NULL
4716,2574,6403,NULL,NULL
4717,2575,6404,NULL,NULL
4718,2576,6405,NULL,NULL
4719,2577,6406,NULL,NULL
4720,2578,6407,NULL,NULL
4721,2579,6408,NULL,NULL
4722,2581,6409,NULL,NULL
4723,2580,6410,NULL,NULL
4724,2582,6411,NULL,NULL
4726,2584,6413,NULL,NULL
4727,2585,6414,NULL,NULL
4729,2587,6416,NULL,NULL
4730,2588,6417,NULL,NULL
4731,2544,6418,NULL,NULL
4732,2544,6419,NULL,NULL
4733,2544,6420,NULL,NULL
4734,2544,6421,NULL,NULL
4735,2544,6422,NULL,NULL
4736,2589,6423,NULL,NULL
4737,2591,6424,NULL,NULL
4738,2590,6425,NULL,NULL
4739,2592,6426,NULL,NULL
4740,2590,6427,NULL,NULL
4741,2593,6428,NULL,NULL
4742,2590,6429,NULL,NULL
4743,2594,6430,NULL,NULL
4746,2596,6433,NULL,NULL
4747,2597,6434,NULL,NULL
4750,442,6437,NULL,NULL
4751,2598,6438,NULL,NULL
4752,2599,6439,NULL,NULL
4753,2599,6440,NULL,NULL
4756,2602,6443,NULL,NULL
4757,2603,6444,NULL,NULL
4758,2604,6445,NULL,NULL
4759,2605,6446,NULL,NULL
4760,2606,6447,NULL,2024-04-09 15:23:21.960
4761,2607,6448,NULL,NULL
4763,2373,6450,NULL,NULL
4764,2615,6451,NULL,NULL
4765,2616,6452,NULL,NULL
4766,2617,6453,NULL,NULL
4768,2619,6455,NULL,NULL
4769,2619,6456,NULL,NULL
4770,2619,6457,NULL,NULL
4771,2619,6458,NULL,NULL
4773,2620,6460,NULL,NULL
4774,2620,6461,NULL,NULL
4775,2621,6462,NULL,NULL
4776,2622,6463,NULL,NULL
4777,2623,6464,NULL,NULL
4778,2624,6465,NULL,NULL
4779,2626,6466,NULL,NULL
4780,2627,6467,NULL,NULL
4781,2625,6468,NULL,NULL
4782,2628,6469,NULL,NULL
4783,477,6470,NULL,NULL
4784,2630,6471,NULL,NULL
4785,2632,6472,NULL,NULL
4786,2631,6473,NULL,NULL
4787,2633,6474,NULL,NULL
4788,477,6475,NULL,NULL
4789,477,6476,NULL,NULL
4790,2634,6477,NULL,NULL
4791,2635,6478,NULL,NULL
4792,2636,6479,NULL,NULL
4793,477,6480,NULL,NULL
4794,2637,6481,NULL,NULL
4795,2638,6482,NULL,NULL
4796,477,6483,NULL,NULL
4797,2639,6484,NULL,NULL
4798,477,6485,NULL,NULL
4799,2640,6486,NULL,NULL
4800,2641,6487,NULL,NULL
4801,477,6488,NULL,NULL
4802,2643,6489,NULL,NULL
4803,2642,6490,NULL,NULL
4804,2642,6491,NULL,NULL
4805,2642,6492,NULL,NULL
4806,2642,6493,NULL,NULL
4807,2408,6494,NULL,NULL
4808,2409,6495,NULL,NULL
4809,2409,6496,NULL,NULL
4811,2645,6498,NULL,NULL
4812,2647,6499,NULL,NULL
4813,2648,6500,NULL,NULL
4815,2650,6502,NULL,NULL
4819,2651,6506,NULL,NULL
4820,2652,6507,NULL,NULL
4821,2652,6508,NULL,NULL
4822,2652,6509,NULL,NULL
4823,2652,6510,NULL,NULL
4824,2652,6511,NULL,NULL
4825,2652,6512,NULL,NULL
4826,2652,6513,NULL,NULL
4827,2652,6514,NULL,NULL
4828,2652,6515,NULL,NULL
4829,2653,6516,NULL,NULL
4830,2654,6517,NULL,NULL
4831,2618,6518,NULL,NULL
4832,2618,6519,NULL,NULL
4833,2618,6520,NULL,NULL
4834,2618,6521,NULL,NULL
4836,2618,6523,NULL,NULL
4837,2618,6524,NULL,NULL
4838,2656,6525,NULL,NULL
4839,2657,6526,NULL,NULL
4840,2658,6527,NULL,NULL
4841,2659,6528,NULL,NULL
4842,2659,6529,NULL,NULL
4843,2659,6530,NULL,NULL
4844,2659,6531,NULL,NULL
4845,2659,6532,NULL,NULL
4846,2659,6533,NULL,NULL
4847,2659,6534,NULL,NULL
4848,2659,6535,NULL,NULL
4849,2659,6536,NULL,NULL
4850,2659,6537,NULL,NULL
4851,2659,6538,NULL,NULL
4852,2659,6539,NULL,NULL
4853,2660,6540,NULL,NULL
4855,2661,6542,NULL,NULL
4856,2661,6543,NULL,NULL
4857,2661,6544,NULL,NULL
4858,2661,6545,NULL,NULL
4859,2661,6546,NULL,NULL
4860,2662,6547,NULL,2023-06-29 16:41:57.783
4861,2663,6548,NULL,NULL
4862,2664,6549,NULL,NULL
4863,2665,6550,NULL,NULL
4864,2666,6551,NULL,NULL
4865,2667,6552,NULL,NULL
4866,2668,6553,NULL,NULL
4867,2669,6554,NULL,NULL
4868,2670,6555,NULL,NULL
4869,2671,6556,NULL,NULL
4871,2673,6558,NULL,NULL
4872,2674,6559,NULL,NULL
4873,2674,6560,NULL,NULL
4874,2675,6561,NULL,NULL
4875,2676,6562,NULL,2025-10-06 14:11:25.873
4876,2677,6563,NULL,NULL
4877,2678,6564,NULL,NULL
4878,2678,6565,NULL,NULL
4879,2678,6566,NULL,NULL
4880,2678,6567,NULL,NULL
4881,2678,6568,NULL,NULL
4882,2678,6569,NULL,NULL
4883,2679,6570,NULL,NULL
4886,12805,6573,NULL,2024-02-06 13:35:46.313
4887,2678,6574,NULL,NULL
4889,2678,6576,NULL,NULL
4890,2678,6577,NULL,NULL
4891,2678,6578,NULL,NULL
4892,2678,6579,NULL,NULL
4893,2678,6580,NULL,NULL
4894,2608,6581,NULL,NULL
4895,2609,6582,NULL,NULL
4897,2611,6584,NULL,NULL
4898,2612,6585,NULL,NULL
4899,2613,6586,NULL,NULL
4900,2614,6587,NULL,NULL
4901,2681,6588,NULL,NULL
4902,2683,6589,NULL,NULL
4903,2684,6590,NULL,NULL
4904,2685,6591,NULL,NULL
4905,2686,6592,NULL,NULL
4906,2687,6593,NULL,NULL
4907,2688,6594,NULL,NULL
4908,2689,6595,NULL,NULL
4909,2690,6596,NULL,NULL
4910,2691,6597,NULL,NULL
4911,2692,6598,NULL,NULL
4912,2693,6599,NULL,NULL
4913,2694,6600,NULL,NULL
4914,2695,6601,NULL,NULL
4915,2696,6602,NULL,NULL
4916,2696,6603,NULL,NULL
4917,2696,6604,NULL,NULL
4918,2697,6605,NULL,NULL
4919,2693,6606,NULL,NULL
4921,2693,6608,NULL,NULL
4922,2693,6609,NULL,NULL
4923,2693,6610,NULL,NULL
4924,2693,6611,NULL,NULL
4925,2693,6612,NULL,NULL
4926,2693,6613,NULL,NULL
4927,2693,6614,NULL,NULL
4928,2692,6615,NULL,NULL
4929,2692,6616,NULL,NULL
4930,2692,6617,NULL,NULL
4931,2692,6618,NULL,NULL
4932,2698,6619,NULL,NULL
4933,2702,6620,NULL,NULL
4934,627,6621,NULL,NULL
4935,2703,6622,NULL,NULL
4936,2704,6623,NULL,NULL
4937,2705,6624,NULL,NULL
4938,2707,6625,NULL,NULL
4940,2709,6627,NULL,NULL
4941,2710,6628,NULL,NULL
4942,2711,6629,NULL,NULL
4943,2712,6630,NULL,NULL
4944,2713,6631,NULL,NULL
4945,2714,6632,NULL,NULL
4946,2715,6633,NULL,NULL
4947,2716,6634,NULL,NULL
4948,2717,6635,NULL,NULL
4949,2718,6636,NULL,NULL
4951,2721,6638,NULL,NULL
4952,2722,6639,NULL,NULL
4953,2723,6640,NULL,NULL
4954,2724,6641,NULL,NULL
4955,2725,6642,NULL,NULL
4956,2726,6643,NULL,NULL
4957,2727,6644,NULL,NULL
4958,2728,6645,NULL,NULL
4959,2729,6646,NULL,NULL
4960,2729,6647,NULL,NULL
4961,2730,6648,NULL,NULL
4962,2731,6649,NULL,NULL
4963,2732,6650,NULL,NULL
4964,2733,6651,NULL,NULL
4965,2734,6652,NULL,NULL
4966,2735,6653,NULL,NULL
4967,2736,6654,NULL,NULL
4968,2737,6655,NULL,NULL
4969,2739,6656,NULL,NULL
4970,2740,6657,NULL,NULL
4971,2738,6658,NULL,NULL
4972,2741,6659,NULL,NULL
4973,2742,6660,NULL,NULL
4974,2743,6661,NULL,NULL
4975,2744,6662,NULL,NULL
4976,2745,6663,NULL,NULL
4977,570,6664,NULL,NULL
4979,570,6666,NULL,NULL
4980,570,6667,NULL,NULL
4981,570,6668,NULL,NULL
4982,2747,6669,NULL,NULL
4983,2748,6670,NULL,NULL
4985,2696,6672,NULL,NULL
4986,2409,6673,NULL,NULL
4987,2749,6674,NULL,NULL
4988,2750,6675,NULL,NULL
4989,2751,6676,NULL,NULL
4990,2752,6677,NULL,NULL
4991,2753,6678,NULL,NULL
4992,2754,6679,NULL,NULL
4993,2642,6680,NULL,NULL
4994,2755,6681,NULL,NULL
4995,2756,6682,NULL,NULL
4996,2757,6683,NULL,NULL
4997,2758,6684,NULL,NULL
4998,2759,6685,NULL,NULL
4999,2760,6686,NULL,NULL
5000,2761,6687,NULL,NULL
5001,2762,6688,NULL,NULL
5002,2763,6689,NULL,NULL
5004,2765,6691,NULL,NULL
5005,2767,6692,NULL,NULL
5006,2766,6693,NULL,NULL
5007,2768,6694,NULL,NULL
5008,2769,6695,NULL,NULL
5009,2770,6696,NULL,NULL
5010,2771,6697,NULL,NULL
5011,2772,6698,NULL,NULL
5012,2773,6699,NULL,NULL
5013,2774,6700,NULL,NULL
5015,2776,6702,NULL,NULL
5016,460,6703,NULL,NULL
5017,2777,6704,NULL,NULL
5018,2778,6705,NULL,NULL
5019,2779,6706,NULL,NULL
5020,2780,6707,NULL,NULL
5021,2781,6708,NULL,NULL
5022,2782,6709,NULL,NULL
5023,2783,6710,NULL,NULL
5024,2784,6711,NULL,NULL
5025,2785,6712,NULL,NULL
5026,2786,6713,NULL,NULL
5027,2787,6714,NULL,NULL
5028,2787,6715,NULL,NULL
5029,2788,6716,NULL,NULL
5030,10221,6717,NULL,NULL
5031,10221,6718,NULL,NULL
5032,10221,6719,NULL,NULL
5033,10221,6720,NULL,NULL
5034,10221,6721,NULL,NULL
5035,10221,6722,NULL,NULL
5036,10221,6723,NULL,NULL
5037,10221,6724,NULL,NULL
5038,890,6725,NULL,NULL
5039,2789,6726,NULL,NULL
5040,2790,6727,NULL,NULL
5041,2791,6728,NULL,NULL
5042,2792,6729,NULL,NULL
5043,460,6730,NULL,NULL
5044,460,6731,NULL,NULL
5045,465,6732,NULL,NULL
5046,465,6733,NULL,NULL
5047,2793,6734,NULL,NULL
5048,2794,6735,NULL,NULL
5049,2795,6736,NULL,NULL
5050,2796,6737,NULL,NULL
5051,2797,6738,NULL,NULL
5052,2798,6739,NULL,NULL
5053,2799,6740,NULL,NULL
5054,2800,6741,NULL,NULL
5055,2801,6742,NULL,NULL
5056,2802,6743,NULL,2024-09-16 14:20:33.887
5057,2803,6744,NULL,NULL
5058,2804,6745,NULL,NULL
5059,2805,6746,NULL,NULL
5060,2806,6747,NULL,NULL
5061,2807,6748,NULL,NULL
5062,2808,6749,NULL,NULL
5063,2809,6750,NULL,NULL
5064,2810,6751,NULL,NULL
5065,2811,6752,NULL,NULL
5066,2812,6753,NULL,NULL
5068,2814,6755,NULL,NULL
5069,2815,6756,NULL,NULL
5070,2816,6757,NULL,NULL
5071,2817,6758,NULL,NULL
5072,2818,6759,NULL,NULL
5073,2819,6760,NULL,NULL
5074,2820,6761,NULL,NULL
5075,2821,6762,NULL,NULL
5076,2822,6763,NULL,NULL
5077,2823,6764,NULL,NULL
5078,2824,6765,NULL,NULL
5079,2825,6766,NULL,NULL
5080,2826,6767,NULL,NULL
5081,2827,6768,NULL,NULL
5082,2828,6769,NULL,NULL
5083,2829,6770,NULL,NULL
5084,2830,6771,NULL,NULL
5085,2830,6772,NULL,NULL
5086,2830,6773,NULL,NULL
5087,2830,6774,NULL,NULL
5088,2831,6775,NULL,NULL
5089,2832,6776,NULL,NULL
5090,2834,6777,NULL,NULL
5091,2833,6778,NULL,NULL
5092,2835,6779,NULL,NULL
5093,2836,6780,NULL,NULL
5094,2837,6781,NULL,NULL
5095,2838,6782,NULL,NULL
5096,2839,6783,NULL,NULL
5097,2840,6784,NULL,NULL
5098,2842,6785,NULL,NULL
5100,2844,6787,NULL,NULL
5101,2845,6788,NULL,NULL
5102,2846,6789,NULL,NULL
5103,2847,6790,NULL,NULL
5104,2848,6791,NULL,NULL
5105,2849,6792,NULL,NULL
5107,464,6794,NULL,NULL
5108,2851,6795,NULL,NULL
5109,2852,6796,NULL,NULL
5110,2853,6797,NULL,NULL
5111,2854,6798,NULL,NULL
5112,2855,6799,NULL,NULL
5113,2856,6800,NULL,NULL
5114,2857,6801,NULL,NULL
5115,2858,6802,NULL,NULL
5116,2859,6803,NULL,NULL
5117,2860,6804,NULL,NULL
5118,2861,6805,NULL,NULL
5119,2862,6806,NULL,NULL
5120,2863,6807,NULL,NULL
5121,2864,6808,NULL,NULL
5122,2865,6809,NULL,NULL
5124,2868,6811,NULL,NULL
5125,2869,6812,NULL,NULL
5126,477,6813,NULL,NULL
5127,2870,6814,NULL,NULL
5128,2871,6815,NULL,NULL
5129,2873,6816,NULL,NULL
5130,2872,6817,NULL,NULL
5131,2874,6818,NULL,NULL
5132,2875,6819,NULL,NULL
5133,2867,6820,NULL,NULL
5135,2877,6822,NULL,NULL
5136,2879,6823,NULL,NULL
5137,2879,6824,NULL,NULL
5138,460,6825,NULL,NULL
5139,2879,6826,NULL,NULL
5140,2879,6827,NULL,NULL
5141,2879,6828,NULL,NULL
5142,2879,6829,NULL,NULL
5143,2878,6830,NULL,NULL
5144,2880,6831,NULL,NULL
5145,2882,6832,NULL,NULL
5146,2883,6833,NULL,NULL
5148,2886,6835,NULL,NULL
5149,2885,6836,NULL,NULL
5150,2887,6837,NULL,NULL
5151,2888,6838,NULL,NULL
5152,2889,6839,NULL,NULL
5153,2889,6840,NULL,NULL
5154,2889,6841,NULL,NULL
5155,2889,6842,NULL,NULL
5157,2890,6844,NULL,NULL
5158,2891,6845,NULL,NULL
5160,2892,6847,NULL,NULL
5162,2895,6849,NULL,NULL
5163,2896,6850,NULL,NULL
5164,2897,6851,NULL,NULL
5165,2900,6852,NULL,NULL
5166,2898,6853,NULL,NULL
5167,2901,6854,NULL,NULL
5168,2902,6855,NULL,NULL
5169,2904,6856,NULL,NULL
5170,460,6857,NULL,NULL
5171,2906,6858,NULL,NULL
5172,2905,6859,NULL,NULL
5173,2908,6860,NULL,NULL
5174,2909,6861,NULL,NULL
5175,2910,6862,NULL,NULL
5176,2911,6863,NULL,NULL
5177,2912,6864,NULL,NULL
5178,2903,6865,NULL,NULL
5179,2913,6866,NULL,NULL
5181,2915,6868,NULL,NULL
5182,2916,6869,NULL,NULL
5183,2917,6870,NULL,NULL
5184,2918,6871,NULL,NULL
5185,2919,6872,NULL,NULL
5186,2920,6873,NULL,NULL
5187,2921,6874,NULL,NULL
5188,2922,6875,NULL,NULL
5189,2923,6876,NULL,NULL
5190,2924,6877,NULL,NULL
5191,2925,6878,NULL,NULL
5192,2926,6879,NULL,NULL
5193,2927,6880,NULL,NULL
5194,2928,6881,NULL,NULL
5195,2929,6882,NULL,2025-04-16 10:33:16.763
5196,2930,6883,NULL,NULL
5197,2930,6884,NULL,NULL
5198,2930,6885,NULL,NULL
5199,2930,6886,NULL,NULL
5200,2931,6887,NULL,NULL
5201,2932,6888,NULL,NULL
5202,2940,6889,NULL,NULL
5203,2940,6890,NULL,NULL
5204,2940,6891,NULL,NULL
5205,2940,6892,NULL,NULL
5206,2940,6893,NULL,NULL
5207,2940,6894,NULL,NULL
5208,2940,6895,NULL,NULL
5209,2942,6896,NULL,NULL
5210,2943,6897,NULL,NULL
5211,2950,6898,NULL,NULL
5212,2949,6899,NULL,NULL
5213,2948,6900,NULL,NULL
5214,2947,6901,NULL,NULL
5215,2946,6902,NULL,NULL
5216,2945,6903,NULL,NULL
5217,2944,6904,NULL,NULL
5218,2951,6905,NULL,NULL
5219,2941,6906,NULL,NULL
5220,2939,6907,NULL,NULL
5221,2938,6908,NULL,NULL
5222,2953,6909,NULL,NULL
5223,2952,6910,NULL,NULL
5224,2937,6911,NULL,NULL
5225,2936,6912,NULL,NULL
5226,2935,6913,NULL,NULL
5227,2934,6914,NULL,NULL
5228,2933,6915,NULL,NULL
5229,2954,6916,NULL,NULL
5230,2954,6917,NULL,NULL
5231,2954,6918,NULL,NULL
5232,2954,6919,NULL,NULL
5233,2954,6920,NULL,NULL
5234,2957,6921,NULL,NULL
5235,2954,6922,NULL,NULL
5236,2954,6923,NULL,NULL
5237,2954,6924,NULL,NULL
5238,2954,6925,NULL,NULL
5239,2954,6926,NULL,NULL
5240,2958,6927,NULL,NULL
5241,2954,6928,NULL,NULL
5242,2954,6929,NULL,NULL
5243,2954,6930,NULL,NULL
5244,2954,6931,NULL,NULL
5245,2954,6932,NULL,NULL
5246,2955,6933,NULL,NULL
5247,2955,6934,NULL,NULL
5248,2955,6935,NULL,NULL
5249,2955,6936,NULL,NULL
5250,2955,6937,NULL,NULL
5251,2955,6938,NULL,NULL
5252,2955,6939,NULL,NULL
5253,2955,6940,NULL,NULL
5254,2955,6941,NULL,NULL
5255,2955,6942,NULL,NULL
5256,2955,6943,NULL,NULL
5257,2956,6944,NULL,NULL
5258,2956,6945,NULL,NULL
5259,2956,6946,NULL,NULL
5260,2956,6947,NULL,NULL
5261,2956,6948,NULL,NULL
5262,2959,6949,NULL,NULL
5263,2960,6950,NULL,NULL
5264,2961,6951,NULL,NULL
5265,2963,6952,NULL,NULL
5266,2962,6953,NULL,NULL
5267,2962,6954,NULL,NULL
5268,2962,6955,NULL,NULL
5269,2962,6956,NULL,NULL
5270,2962,6957,NULL,NULL
5271,2962,6958,NULL,NULL
5272,2962,6959,NULL,NULL
5273,2962,6960,NULL,NULL
5274,2962,6961,NULL,NULL
5275,2964,6962,NULL,NULL
5276,2965,6963,NULL,NULL
5277,2965,6964,NULL,NULL
5278,2965,6965,NULL,NULL
5279,2966,6966,NULL,NULL
5280,2965,6967,NULL,NULL
5281,2962,6968,NULL,NULL
5282,2965,6969,NULL,NULL
5283,2965,6970,NULL,NULL
5284,2965,6971,NULL,NULL
5285,2962,6972,NULL,NULL
5286,2965,6973,NULL,NULL
5287,2967,6974,NULL,NULL
5288,2968,6975,NULL,NULL
5289,2969,6976,NULL,NULL
5290,2970,6977,NULL,NULL
5291,2972,6978,NULL,NULL
5292,2974,6979,NULL,NULL
5293,2975,6980,NULL,NULL
5294,2976,6981,NULL,NULL
5295,2977,6982,NULL,NULL
5296,2971,6983,NULL,NULL
5297,2979,6984,NULL,NULL
5299,2980,6986,NULL,NULL
5300,2981,6987,NULL,NULL
5301,2982,6988,NULL,NULL
5302,2983,6989,NULL,NULL
5303,2984,6990,NULL,NULL
5304,2985,6991,NULL,NULL
5305,2986,6992,NULL,NULL
5306,2987,6993,NULL,NULL
5307,2990,6994,NULL,NULL
5308,2988,6995,NULL,NULL
5309,2991,6996,NULL,NULL
5310,2992,6997,NULL,NULL
5311,2993,6998,NULL,NULL
5312,2994,6999,NULL,NULL
5313,2995,7000,NULL,NULL
5314,2994,7001,NULL,NULL
5315,2996,7002,NULL,2025-01-21 13:42:09.887
5316,2997,7003,NULL,NULL
5317,2998,7004,NULL,NULL
5318,2998,7005,NULL,NULL
5319,2998,7006,NULL,NULL
5320,2998,7007,NULL,NULL
5321,2998,7008,NULL,NULL
5322,2998,7009,NULL,NULL
5323,2998,7010,NULL,NULL
5324,2999,7011,NULL,NULL
5325,3000,7012,NULL,NULL
5326,3001,7013,NULL,NULL
5327,3002,7014,NULL,NULL
5328,3003,7015,NULL,NULL
5329,3004,7016,NULL,NULL
5330,3005,7017,NULL,NULL
5331,3007,7018,NULL,NULL
5332,3008,7019,NULL,NULL
5333,3006,7020,NULL,NULL
5334,3009,7021,NULL,NULL
5335,3010,7022,NULL,NULL
5336,3011,7023,NULL,2025-01-06 14:33:26.810
5337,3012,7024,NULL,NULL
5338,3013,7025,NULL,NULL
5339,3014,7026,NULL,NULL
5340,3015,7027,NULL,NULL
5341,3016,7028,NULL,NULL
5342,3017,7029,NULL,NULL
5343,3018,7030,NULL,NULL
5344,3019,7031,NULL,NULL
5345,3020,7032,NULL,NULL
5346,3021,7033,NULL,NULL
5347,3022,7034,NULL,NULL
5348,3022,7035,NULL,NULL
5349,3022,7036,NULL,NULL
5350,3022,7037,NULL,NULL
5351,3022,7038,NULL,NULL
5352,3022,7039,NULL,NULL
5353,3022,7040,NULL,NULL
5354,3022,7041,NULL,NULL
5355,3022,7042,NULL,NULL
5356,3022,7043,NULL,NULL
5357,3022,7044,NULL,NULL
5358,3022,7045,NULL,NULL
5359,3022,7046,NULL,NULL
5360,3023,7047,NULL,NULL
5361,3025,7048,NULL,NULL
5362,3026,7049,NULL,NULL
5363,3027,7050,NULL,NULL
5364,3028,7051,NULL,NULL
5365,3029,7052,NULL,NULL
5366,477,7053,NULL,NULL
5367,3030,7054,NULL,NULL
5368,3031,7055,NULL,NULL
5369,3032,7056,NULL,NULL
5370,3033,7057,NULL,NULL
5371,3038,7058,NULL,NULL
5372,3036,7059,NULL,NULL
5374,3039,7061,NULL,NULL
5375,3040,7062,NULL,NULL
5376,3039,7063,NULL,NULL
5377,3041,7064,NULL,NULL
5378,3044,7065,NULL,NULL
5379,3042,7066,NULL,NULL
5380,3045,7067,NULL,NULL
5381,3046,7068,NULL,NULL
5382,3047,7069,NULL,NULL
5383,3048,7070,NULL,NULL
5384,3049,7071,NULL,NULL
5386,3050,7073,NULL,NULL
5387,3051,7074,NULL,NULL
5388,3052,7075,NULL,NULL
5389,3053,7076,NULL,NULL
5390,3054,7077,NULL,NULL
5392,3055,7079,NULL,NULL
5393,3066,7080,NULL,NULL
5394,3065,7081,NULL,NULL
5395,3063,7082,NULL,NULL
5396,3062,7083,NULL,NULL
5397,3061,7084,NULL,NULL
5399,3059,7086,NULL,NULL
5400,3058,7087,NULL,NULL
5401,3057,7088,NULL,NULL
5402,3067,7089,NULL,NULL
5403,3068,7090,NULL,NULL
5404,3069,7091,NULL,NULL
5405,3070,7092,NULL,NULL
5406,3071,7093,NULL,NULL
5407,3072,7094,NULL,NULL
5408,3073,7095,NULL,NULL
5409,3074,7096,NULL,NULL
5410,3075,7097,NULL,NULL
5411,3076,7098,NULL,NULL
5412,3077,7099,NULL,NULL
5413,3078,7100,NULL,NULL
5414,3079,7101,NULL,NULL
5415,3080,7102,NULL,NULL
5416,3081,7103,NULL,NULL
5417,3082,7104,NULL,NULL
5418,3083,7105,NULL,NULL
5419,3084,7106,NULL,NULL
5420,3085,7107,NULL,NULL
5421,3086,7108,NULL,NULL
5422,3086,7109,NULL,NULL
5423,3086,7110,NULL,NULL
5424,3086,7111,NULL,NULL
5425,3087,7112,NULL,NULL
5426,3088,7113,NULL,NULL
5427,3089,7114,NULL,NULL
5428,3090,7115,NULL,NULL
5429,3091,7116,NULL,NULL
5431,3093,7118,NULL,NULL
5432,3094,7119,NULL,NULL
5433,3095,7120,NULL,NULL
5434,3096,7121,NULL,NULL
5435,3097,7122,NULL,NULL
5436,3098,7123,NULL,NULL
5437,3099,7124,NULL,NULL
5438,3100,7125,NULL,NULL
5440,3102,7127,NULL,NULL
5441,3103,7128,NULL,NULL
5442,3103,7129,NULL,NULL
5443,3104,7130,NULL,NULL
5444,3105,7131,NULL,NULL
5445,3106,7132,NULL,NULL
5446,3107,7133,NULL,NULL
5447,3108,7134,NULL,NULL
5448,3108,7135,NULL,NULL
5449,3108,7136,NULL,NULL
5450,3108,7137,NULL,NULL
5451,3108,7138,NULL,NULL
5452,3109,7139,NULL,NULL
5453,3110,7140,NULL,NULL
5454,3111,7141,NULL,NULL
5455,3111,7142,NULL,NULL
5456,3111,7143,NULL,NULL
5457,3111,7144,NULL,NULL
5458,3111,7145,NULL,NULL
5459,3111,7146,NULL,NULL
5460,3111,7147,NULL,NULL
5461,3111,7148,NULL,NULL
5462,3111,7149,NULL,NULL
5463,3111,7150,NULL,NULL
5464,3111,7151,NULL,NULL
5465,3111,7152,NULL,NULL
5466,3111,7153,NULL,NULL
5467,3111,7154,NULL,NULL
5468,3111,7155,NULL,NULL
5469,3111,7156,NULL,NULL
5470,3111,7157,NULL,NULL
5471,3111,7158,NULL,NULL
5472,3111,7159,NULL,NULL
5473,3111,7160,NULL,NULL
5474,3111,7161,NULL,NULL
5475,3111,7162,NULL,NULL
5476,3113,7163,NULL,NULL
5477,3111,7164,NULL,NULL
5478,3111,7165,NULL,NULL
5479,3111,7166,NULL,NULL
5480,3111,7167,NULL,NULL
5481,3111,7168,NULL,NULL
5482,3111,7169,NULL,NULL
5483,3111,7170,NULL,NULL
5484,3111,7171,NULL,NULL
5485,3111,7172,NULL,NULL
5486,3111,7173,NULL,NULL
5487,3111,7174,NULL,NULL
5488,3111,7175,NULL,NULL
5489,3111,7176,NULL,NULL
5490,3111,7177,NULL,NULL
5491,3111,7178,NULL,NULL
5492,3111,7179,NULL,NULL
5493,3112,7180,NULL,NULL
5494,3111,7181,NULL,NULL
5495,3111,7182,NULL,NULL
5496,3111,7183,NULL,NULL
5497,3111,7184,NULL,NULL
5498,3111,7185,NULL,NULL
5499,3111,7186,NULL,NULL
5500,3111,7187,NULL,NULL
5501,3111,7188,NULL,NULL
5502,3111,7189,NULL,NULL
5503,3111,7190,NULL,NULL
5504,3111,7191,NULL,NULL
5505,3114,7192,NULL,NULL
5506,3115,7193,NULL,NULL
5507,3115,7194,NULL,NULL
5508,3116,7195,NULL,NULL
5509,3117,7196,NULL,NULL
5510,2866,7197,NULL,NULL
5511,2866,7198,NULL,NULL
5512,2866,7199,NULL,NULL
5513,2866,7200,NULL,NULL
5514,2866,7201,NULL,NULL
5515,2866,7202,NULL,NULL
5516,3118,7203,NULL,NULL
5517,3120,7204,NULL,NULL
5518,3121,7205,NULL,NULL
5519,3122,7206,NULL,NULL
5520,3123,7207,NULL,NULL
5521,3124,7208,NULL,NULL
5522,3119,7209,NULL,NULL
5523,3125,7210,NULL,NULL
5524,3126,7211,NULL,NULL
5529,3129,7216,NULL,NULL
5531,3130,7218,NULL,NULL
5532,3131,7219,NULL,NULL
5533,3132,7220,NULL,NULL
5534,3133,7221,NULL,NULL
5535,3134,7222,NULL,NULL
5536,3135,7223,NULL,NULL
5537,3136,7224,NULL,NULL
5538,3137,7225,NULL,NULL
5539,3137,7226,NULL,NULL
5540,3137,7227,NULL,NULL
5541,3137,7228,NULL,NULL
5542,3137,7229,NULL,NULL
5543,3137,7230,NULL,NULL
5544,3137,7231,NULL,NULL
5545,3137,7232,NULL,NULL
5546,3137,7233,NULL,NULL
5547,3137,7234,NULL,NULL
5548,3137,7235,NULL,NULL
5549,3138,7236,NULL,NULL
5550,3139,7237,NULL,NULL
5551,3140,7238,NULL,NULL
5552,3141,7239,NULL,NULL
5553,3142,7240,NULL,NULL
5554,3143,7241,NULL,NULL
5555,3144,7242,NULL,NULL
5556,3145,7243,NULL,NULL
5557,3146,7244,NULL,NULL
5558,3146,7245,NULL,NULL
5559,3146,7246,NULL,NULL
5560,3147,7247,NULL,NULL
5561,3148,7248,NULL,NULL
5562,3148,7249,NULL,NULL
5563,3148,7250,NULL,NULL
5564,3149,7251,NULL,NULL
5565,3150,7252,NULL,NULL
5566,3151,7253,NULL,NULL
5567,3152,7254,NULL,NULL
5568,3153,7255,NULL,NULL
5569,3154,7256,NULL,NULL
5570,3155,7257,NULL,NULL
5571,3156,7258,NULL,NULL
5573,3158,7260,NULL,NULL
5574,3159,7261,NULL,NULL
5575,3160,7262,NULL,NULL
5576,3162,7263,NULL,NULL
5577,3163,7264,NULL,NULL
5578,3164,7265,NULL,NULL
5579,3165,7266,NULL,NULL
5580,3166,7267,NULL,NULL
5581,3167,7268,NULL,NULL
5582,3168,7269,NULL,NULL
5583,3169,7270,NULL,NULL
5584,3170,7271,NULL,NULL
5585,3171,7272,NULL,NULL
5586,3172,7273,NULL,NULL
5587,3173,7274,NULL,NULL
5588,3174,7275,NULL,NULL
5591,3177,7278,NULL,NULL
5592,3178,7279,NULL,NULL
5593,3179,7280,NULL,NULL
5594,3180,7281,NULL,NULL
5595,3181,7282,NULL,NULL
5596,3182,7283,NULL,NULL
5597,3183,7284,NULL,NULL
5598,3184,7285,NULL,NULL
5599,3185,7286,NULL,NULL
5600,3186,7287,NULL,NULL
5602,3188,7289,NULL,NULL
5603,3189,7290,NULL,NULL
5604,3190,7291,NULL,NULL
5606,3192,7293,NULL,NULL
5607,3193,7294,NULL,NULL
5608,3194,7295,NULL,NULL
5609,3195,7296,NULL,NULL
5610,3196,7297,NULL,NULL
5611,3197,7298,NULL,NULL
5612,3198,7299,NULL,NULL
5613,3199,7300,NULL,NULL
5615,3201,7302,NULL,NULL
5616,3201,7303,NULL,NULL
5617,3202,7304,NULL,NULL
5618,3203,7305,NULL,NULL
5619,3204,7306,NULL,NULL
5620,3205,7307,NULL,NULL
5621,3206,7308,NULL,NULL
5622,3207,7309,NULL,NULL
5623,3208,7310,NULL,NULL
5624,3209,7311,NULL,NULL
5625,3209,7312,NULL,NULL
5626,3209,7313,NULL,NULL
5627,3210,7314,NULL,NULL
5628,3211,7315,NULL,NULL
5629,3212,7316,NULL,NULL
5630,3213,7317,NULL,NULL
5631,3214,7318,NULL,NULL
5632,3215,7319,NULL,NULL
5633,3216,7320,NULL,NULL
5634,3217,7321,NULL,NULL
5635,3218,7322,NULL,NULL
5636,3219,7323,NULL,NULL
5637,3220,7324,NULL,NULL
5638,3220,7325,NULL,NULL
5639,3220,7326,NULL,NULL
5640,3220,7327,NULL,NULL
5641,3220,7328,NULL,NULL
5642,3220,7329,NULL,NULL
5643,3220,7330,NULL,NULL
5644,460,7331,NULL,NULL
5645,3222,7332,NULL,NULL
5646,3223,7333,NULL,NULL
5647,3223,7334,NULL,NULL
5648,3223,7335,NULL,NULL
5649,3223,7336,NULL,NULL
5650,3223,7337,NULL,NULL
5651,3223,7338,NULL,NULL
5652,3223,7339,NULL,NULL
5653,3223,7340,NULL,NULL
5654,3223,7341,NULL,NULL
5655,3223,7342,NULL,NULL
5656,3223,7343,NULL,NULL
5657,3223,7344,NULL,NULL
5658,3223,7345,NULL,NULL
5659,3223,7346,NULL,NULL
5660,3223,7347,NULL,NULL
5661,3223,7348,NULL,NULL
5662,3223,7349,NULL,NULL
5663,3223,7350,NULL,NULL
5664,3223,7351,NULL,NULL
5665,3223,7352,NULL,NULL
5666,3223,7353,NULL,NULL
5667,3223,7354,NULL,NULL
5668,3223,7355,NULL,NULL
5669,3223,7356,NULL,NULL
5670,3224,7357,NULL,NULL
5671,3223,7358,NULL,NULL
5672,3225,7359,NULL,NULL
5673,3226,7360,NULL,NULL
5674,3227,7361,NULL,NULL
5675,3228,7362,NULL,NULL
5676,3229,7363,NULL,NULL
5677,3231,7364,NULL,NULL
5678,3230,7365,NULL,NULL
5679,3232,7366,NULL,NULL
5680,3233,7367,NULL,NULL
5681,3235,7368,NULL,NULL
5682,3235,7369,NULL,NULL
5683,3234,7370,NULL,NULL
5684,3236,7371,NULL,NULL
5685,3237,7372,NULL,NULL
5686,3238,7373,NULL,NULL
5687,3239,7374,NULL,NULL
5688,3240,7375,NULL,NULL
5689,3241,7376,NULL,NULL
5690,3242,7377,NULL,NULL
5691,3243,7378,NULL,NULL
5692,3244,7379,NULL,NULL
5693,3245,7380,NULL,NULL
5694,3246,7381,NULL,NULL
5695,3247,7382,NULL,NULL
5696,3247,7383,NULL,NULL
5697,3249,7384,NULL,NULL
5698,3250,7385,NULL,NULL
5699,3251,7386,NULL,NULL
5700,3252,7387,NULL,NULL
5701,3252,7388,NULL,NULL
5702,3252,7389,NULL,NULL
5703,3253,7390,NULL,NULL
5704,3254,7391,NULL,NULL
5705,3255,7392,NULL,NULL
5706,3256,7393,NULL,NULL
5707,3257,7394,NULL,NULL
5708,3258,7395,NULL,NULL
5709,3259,7396,NULL,NULL
5710,3248,7397,NULL,NULL
5711,3260,7398,NULL,NULL
5712,3261,7399,NULL,NULL
5713,3262,7400,NULL,NULL
5714,3263,7401,NULL,NULL
5715,3264,7402,NULL,NULL
5716,3265,7403,NULL,NULL
5717,3266,7404,NULL,NULL
5718,3267,7405,NULL,NULL
5719,3268,7406,NULL,NULL
5720,3269,7407,NULL,NULL
5721,3270,7408,NULL,NULL
5722,3271,7409,NULL,NULL
5723,3272,7410,NULL,NULL
5724,3273,7411,NULL,NULL
5725,3273,7412,NULL,NULL
5726,3273,7413,NULL,NULL
5727,3273,7414,NULL,NULL
5728,3273,7415,NULL,NULL
5729,3274,7416,NULL,NULL
5730,3275,7417,NULL,NULL
5732,3277,7419,NULL,NULL
5733,3278,7420,NULL,NULL
5734,3279,7421,NULL,NULL
5735,3280,7422,NULL,NULL
5737,3283,7424,NULL,NULL
5738,3284,7425,NULL,NULL
5739,3285,7426,NULL,NULL
5740,3285,7427,NULL,NULL
5741,4521,7428,NULL,NULL
5742,4521,7429,NULL,NULL
5743,4840,7430,NULL,NULL
5744,4521,7431,NULL,NULL
5745,3288,7432,NULL,NULL
5746,3289,7433,NULL,NULL
5747,3290,7434,NULL,NULL
5748,3291,7435,NULL,NULL
5749,3293,7436,NULL,NULL
5750,3292,7437,NULL,NULL
5751,3294,7438,NULL,NULL
5753,3295,7440,NULL,NULL
5754,3295,7441,NULL,NULL
5755,3295,7442,NULL,NULL
5756,3295,7443,NULL,NULL
5757,3295,7444,NULL,NULL
5758,3295,7445,NULL,NULL
5759,3296,7446,NULL,NULL
5760,3297,7447,NULL,NULL
5761,3298,7448,NULL,NULL
5762,3299,7449,NULL,NULL
5763,3300,7450,NULL,NULL
5764,3301,7451,NULL,NULL
5765,3302,7452,NULL,NULL
5766,3303,7453,NULL,NULL
5767,3304,7454,NULL,NULL
5768,3305,7455,NULL,NULL
5769,3306,7456,NULL,NULL
5770,3307,7457,NULL,NULL
5771,1819,7458,NULL,NULL
5772,3308,7459,NULL,NULL
5773,3309,7460,NULL,NULL
5774,3309,7461,NULL,NULL
5775,3309,7462,NULL,NULL
5776,3309,7463,NULL,NULL
5777,3309,7464,NULL,NULL
5778,3309,7465,NULL,NULL
5779,3309,7466,NULL,NULL
5780,3309,7467,NULL,NULL
5781,3309,7468,NULL,NULL
5782,3309,7469,NULL,NULL
5783,3309,7470,NULL,NULL
5784,3310,7471,NULL,NULL
5785,3312,7472,NULL,NULL
5786,3311,7473,NULL,NULL
5787,3313,7474,NULL,NULL
5788,3314,7475,NULL,NULL
5789,3315,7476,NULL,NULL
5790,3315,7477,NULL,NULL
5791,3316,7478,NULL,NULL
5792,3318,7479,NULL,NULL
5793,3317,7480,NULL,NULL
5794,3319,7481,NULL,NULL
5796,3320,7483,NULL,NULL
5797,3320,7484,NULL,NULL
5798,3320,7485,NULL,NULL
5799,3320,7486,NULL,NULL
5800,3320,7487,NULL,NULL
5801,3320,7488,NULL,NULL
5802,3321,7489,NULL,NULL
5803,3320,7490,NULL,NULL
5804,3320,7491,NULL,NULL
5805,3320,7492,NULL,NULL
5806,3320,7493,NULL,NULL
5807,3320,7494,NULL,NULL
5808,3320,7495,NULL,NULL
5815,3323,7502,NULL,NULL
5816,3323,7503,NULL,NULL
5817,3323,7504,NULL,NULL
5818,3323,7505,NULL,NULL
5819,3323,7506,NULL,NULL
5820,3324,7507,NULL,NULL
5821,3325,7508,NULL,2023-06-29 17:41:30.683
5822,3326,7509,NULL,NULL
5823,3327,7510,NULL,NULL
5824,3328,7511,NULL,NULL
5825,3329,7512,NULL,NULL
5826,3330,7513,NULL,NULL
5827,3330,7514,NULL,NULL
5829,3331,7516,NULL,NULL
5830,3325,7517,NULL,NULL
5831,3325,7518,NULL,NULL
5832,3325,7519,NULL,NULL
5833,3325,7520,NULL,NULL
5834,3325,7521,NULL,NULL
5835,3325,7522,NULL,NULL
5836,3325,7523,NULL,NULL
5837,3332,7524,NULL,NULL
5838,3333,7525,NULL,NULL
5839,3334,7526,NULL,NULL
5840,3335,7527,NULL,NULL
5841,3336,7528,NULL,NULL
5842,3337,7529,NULL,NULL
5843,3338,7530,NULL,NULL
5844,3339,7531,NULL,NULL
5845,3340,7532,NULL,NULL
5846,3341,7533,NULL,NULL
5847,3342,7534,NULL,NULL
5848,3343,7535,NULL,NULL
5850,3346,7537,NULL,NULL
5851,3345,7538,NULL,NULL
5852,3347,7539,NULL,NULL
5853,3348,7540,NULL,NULL
5854,3347,7541,NULL,NULL
5855,3349,7542,NULL,NULL
5856,3350,7543,NULL,NULL
5857,3350,7544,NULL,NULL
5858,3347,7545,NULL,NULL
5859,3350,7546,NULL,NULL
5860,3351,7547,NULL,NULL
5861,3350,7548,NULL,NULL
5862,3350,7549,NULL,NULL
5863,3350,7550,NULL,NULL
5864,3350,7551,NULL,NULL
5865,3350,7552,NULL,NULL
5866,3350,7553,NULL,NULL
5867,3350,7554,NULL,NULL
5868,3350,7555,NULL,NULL
5869,3350,7556,NULL,NULL
5870,3350,7557,NULL,NULL
5871,3350,7558,NULL,NULL
5872,3350,7559,NULL,NULL
5873,3350,7560,NULL,NULL
5874,3350,7561,NULL,NULL
5875,3350,7562,NULL,NULL
5876,3350,7563,NULL,NULL
5878,3350,7565,NULL,NULL
5879,3350,7566,NULL,NULL
5880,3350,7567,NULL,NULL
5881,3352,7568,NULL,NULL
5882,3350,7569,NULL,NULL
5883,3350,7570,NULL,NULL
5884,3350,7571,NULL,NULL
5885,3350,7572,NULL,NULL
5886,3350,7573,NULL,NULL
5887,3350,7574,NULL,NULL
5888,3350,7575,NULL,NULL
5889,3350,7576,NULL,NULL
5890,3350,7577,NULL,NULL
5891,3350,7578,NULL,NULL
5892,3350,7579,NULL,NULL
5893,3350,7580,NULL,NULL
5894,3353,7581,NULL,2024-09-12 12:57:18.320
5895,3350,7582,NULL,NULL
5896,3350,7583,NULL,NULL
5897,3350,7584,NULL,NULL
5898,3350,7585,NULL,NULL
5899,3350,7586,NULL,NULL
5900,3350,7587,NULL,NULL
5901,3350,7588,NULL,NULL
5902,3350,7589,NULL,NULL
5903,3350,7590,NULL,NULL
5904,3350,7591,NULL,NULL
5905,3350,7592,NULL,NULL
5906,3350,7593,NULL,NULL
5908,3355,7595,NULL,NULL
5909,3356,7596,NULL,NULL
5915,3325,7602,NULL,2023-06-29 17:18:31.467
5916,3325,7603,NULL,2023-06-29 17:18:57.673
5918,3325,7605,NULL,2023-06-29 17:19:12.190
5919,3325,7606,NULL,2023-06-29 17:19:22.787
5920,3325,7607,NULL,2023-06-29 17:19:33.547
5921,3325,7608,NULL,2023-06-29 17:19:48.327
5923,3325,7610,NULL,2023-06-29 17:20:08.263
5924,12382,7611,NULL,2023-06-29 17:21:27.277
5925,12382,7612,NULL,2023-06-29 17:37:47.793
5926,12382,7613,NULL,2023-06-29 17:22:12.907
5927,3357,7614,NULL,NULL
5928,3358,7615,NULL,NULL
5929,3359,7616,NULL,NULL
5930,3360,7617,NULL,NULL
5931,3361,7618,NULL,NULL
5933,3350,7620,NULL,NULL
5935,3364,7622,NULL,NULL
5936,3350,7623,NULL,NULL
5937,3365,7624,NULL,NULL
5938,3350,7625,NULL,NULL
5939,3366,7626,NULL,NULL
5940,3367,7627,NULL,NULL
5941,3369,7628,NULL,NULL
5942,3370,7629,NULL,NULL
5943,3371,7630,NULL,NULL
5944,3372,7631,NULL,NULL
5947,3375,7634,NULL,NULL
5948,3376,7635,NULL,NULL
5949,3350,7636,NULL,NULL
5950,3350,7637,NULL,NULL
5951,3350,7638,NULL,NULL
5952,3350,7639,NULL,NULL
5953,3350,7640,NULL,NULL
5954,3350,7641,NULL,NULL
5955,3350,7642,NULL,NULL
5956,3377,7643,NULL,NULL
5957,3378,7644,NULL,NULL
5958,3379,7645,NULL,NULL
5959,3380,7646,NULL,NULL
5960,3380,7647,NULL,NULL
5961,3381,7648,NULL,NULL
5962,3382,7649,NULL,NULL
5963,3383,7650,NULL,NULL
5964,3384,7651,NULL,NULL
5965,3385,7652,NULL,NULL
5966,3384,7653,NULL,NULL
5967,3384,7654,NULL,NULL
5968,3384,7655,NULL,NULL
5969,3384,7656,NULL,NULL
5970,3384,7657,NULL,NULL
5971,3384,7658,NULL,NULL
5972,3384,7659,NULL,NULL
5973,3384,7660,NULL,NULL
5974,3384,7661,NULL,NULL
5975,3384,7662,NULL,NULL
5976,3384,7663,NULL,NULL
5977,3384,7664,NULL,NULL
5978,3384,7665,NULL,NULL
5979,3384,7666,NULL,NULL
5980,3384,7667,NULL,NULL
5982,3384,7669,NULL,NULL
5983,3384,7670,NULL,NULL
5984,3384,7671,NULL,NULL
5988,3388,7675,NULL,NULL
5989,3389,7676,NULL,NULL
5990,3390,7677,NULL,NULL
5991,3391,7678,NULL,NULL
5992,3392,7679,NULL,NULL
5993,3393,7680,NULL,NULL
5995,3394,7682,NULL,NULL
5996,3395,7683,NULL,NULL
5997,3396,7684,NULL,NULL
5998,3397,7685,NULL,NULL
5999,3397,7686,NULL,NULL
6000,3397,7687,NULL,NULL
6001,3397,7688,NULL,NULL
6002,3398,7689,NULL,NULL
6003,3399,7690,NULL,NULL
6004,3400,7691,NULL,NULL
6006,3402,7693,NULL,NULL
6007,3403,7694,NULL,NULL
6008,3410,7695,NULL,NULL
6009,3411,7696,NULL,NULL
6011,3412,7698,NULL,NULL
6012,3412,7699,NULL,NULL
6013,3413,7700,NULL,NULL
6014,3414,7701,NULL,2025-07-17 08:54:57.437
6016,3417,7703,NULL,NULL
6017,3418,7704,NULL,NULL
6018,3419,7705,NULL,NULL
6019,3421,7706,NULL,NULL
6020,3422,7707,NULL,NULL
6021,3423,7708,NULL,NULL
6023,3424,7710,NULL,NULL
6024,3424,7711,NULL,NULL
6025,3425,7712,NULL,NULL
6026,3426,7713,NULL,NULL
6027,3427,7714,NULL,NULL
6029,3429,7716,NULL,NULL
6030,3430,7717,NULL,NULL
6031,3431,7718,NULL,NULL
6032,3432,7719,NULL,NULL
6033,3433,7720,NULL,NULL
6035,3455,7722,NULL,NULL
6037,3453,7724,NULL,2023-07-07 10:33:00.380
6038,3452,7725,NULL,NULL
6040,3450,7727,NULL,NULL
6042,3448,7729,NULL,NULL
6043,3447,7730,NULL,NULL
6044,3446,7731,NULL,NULL
6045,3445,7732,NULL,NULL
6046,3444,7733,NULL,NULL
6047,3443,7734,NULL,NULL
6048,3442,7735,NULL,NULL
6049,3441,7736,NULL,NULL
6051,3439,7738,NULL,NULL
6052,3438,7739,NULL,NULL
6053,3437,7740,NULL,NULL
6054,3436,7741,NULL,NULL
6056,3434,7743,NULL,NULL
6057,3457,7744,NULL,NULL
6058,3458,7745,NULL,NULL
6059,3459,7746,NULL,NULL
6060,3460,7747,NULL,NULL
6061,3460,7748,NULL,NULL
6062,3461,7749,NULL,NULL
6063,3462,7750,NULL,NULL
6064,3463,7751,NULL,NULL
6065,3462,7752,NULL,NULL
6068,3465,7755,NULL,NULL
6070,3466,7757,NULL,NULL
6071,3464,7758,NULL,NULL
6072,3467,7759,NULL,2025-06-25 15:26:58.500
6073,3462,7760,NULL,NULL
6074,3469,7761,NULL,NULL
6075,3468,7762,NULL,NULL
6076,3470,7763,NULL,NULL
6077,3471,7764,NULL,NULL
6078,3472,7765,NULL,NULL
6079,3473,7766,NULL,NULL
6080,3474,7767,NULL,NULL
6081,3475,7768,NULL,NULL
6082,3476,7769,NULL,NULL
6083,3477,7770,NULL,NULL
6084,3479,7771,NULL,NULL
6085,3478,7772,NULL,NULL
6086,3480,7773,NULL,NULL
6087,3481,7774,NULL,NULL
6088,3481,7775,NULL,NULL
6089,3481,7776,NULL,NULL
6090,3481,7777,NULL,NULL
6091,3482,7778,NULL,NULL
6092,3483,7779,NULL,NULL
6093,3485,7780,NULL,NULL
6094,3486,7781,NULL,NULL
6095,3486,7782,NULL,NULL
6096,3481,7783,NULL,NULL
6097,3481,7784,NULL,NULL
6098,3487,7785,NULL,NULL
6099,3488,7786,NULL,NULL
6100,3489,7787,NULL,NULL
6101,3489,7788,NULL,NULL
6102,3489,7789,NULL,NULL
6103,3490,7790,NULL,NULL
6104,473,7791,NULL,NULL
6105,3491,7792,NULL,NULL
6106,3492,7793,NULL,NULL
6107,3492,7794,NULL,NULL
6108,3492,7795,NULL,NULL
6109,3492,7796,NULL,NULL
6110,3493,7797,NULL,NULL
6111,3493,7798,NULL,NULL
6112,3493,7799,NULL,NULL
6113,3493,7800,NULL,NULL
6114,3493,7801,NULL,NULL
6115,3494,7802,NULL,NULL
6116,3495,7803,NULL,NULL
6117,3496,7804,NULL,NULL
6118,3497,7805,NULL,NULL
6119,3498,7806,NULL,NULL
6120,3500,7807,NULL,NULL
6121,3499,7808,NULL,NULL
6122,3430,7809,NULL,NULL
6123,3430,7810,NULL,NULL
6124,3430,7811,NULL,NULL
6125,3430,7812,NULL,NULL
6126,3430,7813,NULL,NULL
6127,3430,7814,NULL,NULL
6128,3430,7815,NULL,NULL
6129,3430,7816,NULL,NULL
6130,3430,7817,NULL,NULL
6131,3430,7818,NULL,NULL
6132,3430,7819,NULL,NULL
6134,3430,7821,NULL,NULL
6135,3430,7822,NULL,NULL
6136,3430,7823,NULL,NULL
6137,3430,7824,NULL,NULL
6138,3430,7825,NULL,NULL
6139,3430,7826,NULL,NULL
6140,3430,7827,NULL,NULL
6141,3430,7828,NULL,NULL
6142,3502,7829,NULL,NULL
6143,3430,7830,NULL,NULL
6144,3430,7831,NULL,NULL
6145,584,7832,NULL,NULL
6146,3503,7833,NULL,NULL
6149,3505,7836,NULL,NULL
6150,3506,7837,NULL,NULL
6151,3505,7838,NULL,NULL
6152,3505,7839,NULL,NULL
6153,3507,7840,NULL,NULL
6154,3508,7841,NULL,NULL
6155,3508,7842,NULL,NULL
6156,3508,7843,NULL,NULL
6157,3508,7844,NULL,NULL
6158,3509,7845,NULL,NULL
6159,3510,7846,NULL,NULL
6160,584,7847,NULL,NULL
6161,3511,7848,NULL,NULL
6162,3511,7849,NULL,NULL
6163,3511,7850,NULL,NULL
6164,3511,7851,NULL,NULL
6165,3511,7852,NULL,NULL
6166,3511,7853,NULL,NULL
6167,3511,7854,NULL,NULL
6168,3511,7855,NULL,NULL
6169,3511,7856,NULL,NULL
6170,3511,7857,NULL,NULL
6171,3512,7858,NULL,NULL
6172,3513,7859,NULL,NULL
6173,3514,7860,NULL,NULL
6175,3516,7862,NULL,NULL
6176,3517,7863,NULL,NULL
6177,3518,7864,NULL,NULL
6178,3519,7865,NULL,NULL
6179,3519,7866,NULL,NULL
6180,3519,7867,NULL,NULL
6181,3520,7868,NULL,NULL
6182,3521,7869,NULL,NULL
6183,3522,7870,NULL,NULL
6184,3523,7871,NULL,NULL
6185,3524,7872,NULL,NULL
6186,3525,7873,NULL,NULL
6187,3526,7874,NULL,NULL
6188,3527,7875,NULL,NULL
6189,3528,7876,NULL,NULL
6190,3533,7877,NULL,NULL
6191,3540,7878,NULL,NULL
6192,3539,7879,NULL,NULL
6193,3541,7880,NULL,NULL
6194,3538,7881,NULL,NULL
6195,3537,7882,NULL,NULL
6196,3536,7883,NULL,NULL
6197,3535,7884,NULL,NULL
6198,3534,7885,NULL,NULL
6199,3532,7886,NULL,NULL
6200,3531,7887,NULL,NULL
6201,3530,7888,NULL,NULL
6202,3529,7889,NULL,NULL
6203,3542,7890,NULL,NULL
6204,3543,7891,NULL,NULL
6205,3544,7892,NULL,NULL
6206,3545,7893,NULL,NULL
6207,3546,7894,NULL,NULL
6208,584,7895,NULL,NULL
6209,3547,7896,NULL,NULL
6211,3548,7898,NULL,NULL
6212,3549,7899,NULL,NULL
6213,584,7900,NULL,NULL
6214,3550,7901,NULL,NULL
6215,3551,7902,NULL,NULL
6216,3552,7903,NULL,NULL
6217,3553,7904,NULL,NULL
6218,3553,7905,NULL,NULL
6219,3553,7906,NULL,NULL
6220,3554,7907,NULL,NULL
6221,3555,7908,NULL,NULL
6222,3556,7909,NULL,NULL
6223,3557,7910,NULL,NULL
6224,3558,7911,NULL,NULL
6225,3559,7912,NULL,NULL
6226,3560,7913,NULL,NULL
6227,3561,7914,NULL,NULL
6229,3563,7916,NULL,NULL
6230,3564,7917,NULL,NULL
6231,3565,7918,NULL,NULL
6232,3566,7919,NULL,NULL
6233,3567,7920,NULL,NULL
6234,3568,7921,NULL,NULL
6235,3569,7922,NULL,NULL
6236,3571,7923,NULL,NULL
6237,3570,7924,NULL,NULL
6238,3572,7925,NULL,NULL
6239,3573,7926,NULL,NULL
6262,3576,7949,NULL,NULL
6263,3577,7950,NULL,NULL
6264,3578,7951,NULL,NULL
6265,3579,7952,NULL,NULL
6266,3580,7953,NULL,NULL
6267,3581,7954,NULL,NULL
6268,3583,7955,NULL,NULL
6269,3583,7956,NULL,NULL
6270,3583,7957,NULL,NULL
6271,3583,7958,NULL,NULL
6272,3583,7959,NULL,NULL
6273,3583,7960,NULL,NULL
6274,3583,7961,NULL,NULL
6275,3584,7962,NULL,NULL
6276,3585,7963,NULL,NULL
6277,3586,7964,NULL,NULL
6278,3587,7965,NULL,NULL
6279,3587,7966,NULL,NULL
6280,3587,7967,NULL,NULL
6281,3587,7968,NULL,NULL
6282,3587,7969,NULL,NULL
6283,3588,7970,NULL,NULL
6284,3589,7971,NULL,NULL
6285,3590,7972,NULL,NULL
6286,3591,7973,NULL,NULL
6287,3592,7974,NULL,NULL
6288,3593,7975,NULL,NULL
6289,3594,7976,NULL,NULL
6290,3595,7977,NULL,NULL
6291,3596,7978,NULL,NULL
6292,3597,7979,NULL,NULL
6293,3598,7980,NULL,NULL
6294,3599,7981,NULL,NULL
6295,3601,7982,NULL,NULL
6296,3602,7983,NULL,NULL
6297,3610,7984,NULL,2024-08-26 17:50:50.540
6298,3609,7985,NULL,NULL
6299,3608,7986,NULL,NULL
6300,3607,7987,NULL,NULL
6302,3605,7989,NULL,NULL
6303,3604,7990,NULL,NULL
6304,3603,7991,NULL,NULL
6305,3611,7992,NULL,NULL
6307,584,7994,NULL,NULL
6308,3613,7995,NULL,NULL
6309,3614,7996,NULL,NULL
6310,3623,7997,NULL,NULL
6312,3631,7999,NULL,NULL
6313,3616,8000,NULL,NULL
6314,3617,8001,NULL,NULL
6316,3619,8003,NULL,NULL
6317,3620,8004,NULL,NULL
6318,3622,8005,NULL,NULL
6319,3624,8006,NULL,NULL
6320,3625,8007,NULL,NULL
6321,3626,8008,NULL,NULL
6322,3627,8009,NULL,NULL
6323,3628,8010,NULL,NULL
6325,3630,8012,NULL,NULL
6326,3632,8013,NULL,NULL
6327,3632,8014,NULL,NULL
6328,3632,8015,NULL,NULL
6329,3633,8016,NULL,NULL
6330,3634,8017,NULL,NULL
6331,3635,8018,NULL,NULL
6332,3636,8019,NULL,NULL
6333,3637,8020,NULL,NULL
6334,3638,8021,NULL,NULL
6335,584,8022,NULL,NULL
6336,3639,8023,NULL,NULL
6337,3640,8024,NULL,NULL
6338,3641,8025,NULL,NULL
6339,3642,8026,NULL,NULL
6340,3643,8027,NULL,NULL
6341,3644,8028,NULL,NULL
6342,3645,8029,NULL,NULL
6343,3646,8030,NULL,NULL
6344,584,8031,NULL,NULL
6345,3648,8032,NULL,NULL
6346,3647,8033,NULL,NULL
6347,3650,8034,NULL,NULL
6348,3649,8035,NULL,NULL
6349,3651,8036,NULL,NULL
6350,3653,8037,NULL,NULL
6351,3653,8038,NULL,NULL
6352,3653,8039,NULL,NULL
6353,3653,8040,NULL,NULL
6354,3652,8041,NULL,NULL
6355,3654,8042,NULL,NULL
6356,3655,8043,NULL,NULL
6357,3655,8044,NULL,NULL
6358,3656,8045,NULL,NULL
6359,3657,8046,NULL,NULL
6360,3658,8047,NULL,NULL
6361,3659,8048,NULL,NULL
6362,3660,8049,NULL,NULL
6363,3661,8050,NULL,NULL
6364,482,8051,NULL,NULL
6366,482,8053,NULL,NULL
6368,482,8055,NULL,NULL
6369,582,8056,NULL,NULL
6370,582,8057,NULL,NULL
6371,582,8058,NULL,NULL
6372,582,8059,NULL,NULL
6373,3662,8060,NULL,NULL
6374,3663,8061,NULL,NULL
6375,3664,8062,NULL,NULL
6376,3665,8063,NULL,NULL
6377,3665,8064,NULL,NULL
6378,3666,8065,NULL,NULL
6379,3667,8066,NULL,NULL
6380,3668,8067,NULL,NULL
6381,3669,8068,NULL,NULL
6382,3670,8069,NULL,NULL
6383,3671,8070,NULL,NULL
6384,3672,8071,NULL,NULL
6385,3673,8072,NULL,NULL
6386,3493,8073,NULL,NULL
6387,3674,8074,NULL,NULL
6389,3676,8076,NULL,NULL
6390,3676,8077,NULL,NULL
6391,3676,8078,NULL,NULL
6392,3676,8079,NULL,NULL
6393,3676,8080,NULL,NULL
6394,3676,8081,NULL,NULL
6395,3676,8082,NULL,NULL
6396,3676,8083,NULL,NULL
6397,3676,8084,NULL,NULL
6398,3676,8085,NULL,NULL
6399,3677,8086,NULL,NULL
6401,3679,8088,NULL,NULL
6402,3680,8089,NULL,NULL
6403,3681,8090,NULL,NULL
6404,3682,8091,NULL,NULL
6405,3683,8092,NULL,NULL
6406,3684,8093,NULL,NULL
6407,3685,8094,NULL,NULL
6408,3686,8095,NULL,NULL
6409,3687,8096,NULL,NULL
6410,3688,8097,NULL,NULL
6411,3689,8098,NULL,NULL
6412,3690,8099,NULL,NULL
6413,3691,8100,NULL,NULL
6414,3692,8101,NULL,NULL
6415,3678,8102,NULL,NULL
6416,3678,8103,NULL,NULL
6417,3678,8104,NULL,NULL
6418,3678,8105,NULL,NULL
6419,3678,8106,NULL,NULL
6420,3678,8107,NULL,NULL
6421,3678,8108,NULL,NULL
6422,3678,8109,NULL,NULL
6423,3678,8110,NULL,NULL
6424,3678,8111,NULL,NULL
6425,3678,8112,NULL,NULL
6426,3678,8113,NULL,NULL
6427,3678,8114,NULL,NULL
6428,3678,8115,NULL,NULL
6429,3693,8116,NULL,NULL
6430,3694,8117,NULL,NULL
6431,482,8118,NULL,NULL
6432,482,8119,NULL,NULL
6433,3697,8120,NULL,NULL
6434,482,8121,NULL,NULL
6435,3698,8122,NULL,NULL
6436,3699,8123,NULL,NULL
6437,3704,8124,NULL,NULL
6438,3704,8125,NULL,NULL
6439,3704,8126,NULL,NULL
6440,3704,8127,NULL,NULL
6441,3704,8128,NULL,NULL
6442,3704,8129,NULL,NULL
6443,3700,8130,NULL,2024-09-12 15:47:13.317
6444,3704,8131,NULL,NULL
6445,3704,8132,NULL,NULL
6446,3704,8133,NULL,NULL
6447,3701,8134,NULL,NULL
6448,3704,8135,NULL,NULL
6449,3704,8136,NULL,NULL
6450,3704,8137,NULL,NULL
6451,3704,8138,NULL,NULL
6452,3704,8139,NULL,NULL
6453,3702,8140,NULL,NULL
6454,3703,8141,NULL,NULL
6455,3705,8142,NULL,NULL
6456,3706,8143,NULL,NULL
6457,3706,8144,NULL,NULL
6458,3707,8145,NULL,NULL
6459,3831,8146,NULL,NULL
6461,3709,8148,NULL,NULL
6462,3710,8149,NULL,NULL
6463,3711,8150,NULL,NULL
6464,482,8151,NULL,NULL
6465,3712,8152,NULL,NULL
6466,3713,8153,NULL,NULL
6467,3715,8154,NULL,NULL
6469,3716,8156,NULL,NULL
6470,3717,8157,NULL,NULL
6471,3718,8158,NULL,NULL
6472,3719,8159,NULL,NULL
6473,3721,8160,NULL,NULL
6474,3720,8161,NULL,NULL
6475,3720,8162,NULL,NULL
6476,3720,8163,NULL,NULL
6477,3723,8164,NULL,NULL
6478,3724,8165,NULL,NULL
6479,3725,8166,NULL,NULL
6480,3726,8167,NULL,NULL
6481,3727,8168,NULL,NULL
6482,3728,8169,NULL,NULL
6483,3729,8170,NULL,NULL
6484,3730,8171,NULL,NULL
6485,3731,8172,NULL,NULL
6486,582,8173,NULL,NULL
6487,3732,8174,NULL,NULL
6488,3733,8175,NULL,NULL
6489,3734,8176,NULL,NULL
6490,3735,8177,NULL,NULL
6491,3736,8178,NULL,NULL
6492,3737,8179,NULL,NULL
6493,3738,8180,NULL,NULL
6494,3738,8181,NULL,NULL
6520,3739,8207,NULL,NULL
6521,3740,8208,NULL,NULL
6522,3741,8209,NULL,NULL
6523,3742,8210,NULL,NULL
6524,3743,8211,NULL,NULL
6525,3744,8212,NULL,NULL
6526,3745,8213,NULL,NULL
6527,3746,8214,NULL,NULL
6528,3747,8215,NULL,NULL
6529,3748,8216,NULL,NULL
6530,3749,8217,NULL,NULL
6531,3750,8218,NULL,NULL
6532,3751,8219,NULL,NULL
6533,3753,8220,NULL,NULL
6534,3754,8221,NULL,NULL
6535,3755,8222,NULL,NULL
6536,3756,8223,NULL,NULL
6537,3757,8224,NULL,NULL
6539,3758,8226,NULL,NULL
6540,3758,8227,NULL,NULL
6542,3758,8229,NULL,NULL
6543,3758,8230,NULL,NULL
6544,3758,8231,NULL,NULL
6545,3758,8232,NULL,NULL
6546,3758,8233,NULL,NULL
6547,3758,8234,NULL,NULL
6548,3758,8235,NULL,NULL
6549,3758,8236,NULL,NULL
6550,3758,8237,NULL,NULL
6551,3758,8238,NULL,NULL
6552,3759,8239,NULL,NULL
6553,3758,8240,NULL,NULL
6560,3761,8247,NULL,NULL
6561,3763,8248,NULL,NULL
6562,3764,8249,NULL,NULL
6563,3765,8250,NULL,NULL
6564,3767,8251,NULL,NULL
6565,3766,8252,NULL,NULL
6567,3766,8254,NULL,NULL
6568,3766,8255,NULL,NULL
6571,582,8258,NULL,NULL
6573,517,8260,NULL,NULL
6574,517,8261,NULL,NULL
6576,517,8263,NULL,NULL
6577,517,8264,NULL,NULL
6578,517,8265,NULL,NULL
6579,517,8266,NULL,NULL
6580,517,8267,NULL,NULL
6581,3772,8268,NULL,NULL
6582,3772,8269,NULL,NULL
6583,3772,8270,NULL,NULL
6584,3772,8271,NULL,NULL
6585,3772,8272,NULL,NULL
6586,3772,8273,NULL,NULL
6587,3772,8274,NULL,NULL
6588,3772,8275,NULL,NULL
6589,3773,8276,NULL,NULL
6590,3773,8277,NULL,NULL
6591,3773,8278,NULL,NULL
6592,3774,8279,NULL,NULL
6593,3775,8280,NULL,NULL
6594,3773,8281,NULL,NULL
6595,3773,8282,NULL,NULL
6596,3776,8283,NULL,NULL
6597,3778,8284,NULL,NULL
6598,3780,8285,NULL,NULL
6599,3777,8286,NULL,NULL
6600,3781,8287,NULL,NULL
6601,3782,8288,NULL,NULL
6602,3783,8289,NULL,NULL
6603,3784,8290,NULL,NULL
6604,3785,8291,NULL,NULL
6605,3786,8292,NULL,NULL
6606,3787,8293,NULL,NULL
6607,3807,8294,NULL,NULL
6608,3808,8295,NULL,NULL
6609,3806,8296,NULL,NULL
6610,3805,8297,NULL,NULL
6611,3804,8298,NULL,NULL
6612,3803,8299,NULL,NULL
6613,3802,8300,NULL,NULL
6614,3801,8301,NULL,NULL
6615,3800,8302,NULL,NULL
6616,3809,8303,NULL,NULL
6617,3799,8304,NULL,NULL
6618,3798,8305,NULL,NULL
6620,3797,8307,NULL,NULL
6621,3796,8308,NULL,NULL
6622,3795,8309,NULL,NULL
6623,3794,8310,NULL,NULL
6624,3793,8311,NULL,NULL
6625,3792,8312,NULL,NULL
6626,3791,8313,NULL,NULL
6627,3811,8314,NULL,NULL
6628,3790,8315,NULL,NULL
6629,3789,8316,NULL,NULL
6630,3788,8317,NULL,NULL
6631,3812,8318,NULL,NULL
6632,3813,8319,NULL,NULL
6634,3815,8321,NULL,NULL
6636,3817,8323,NULL,NULL
6637,3817,8324,NULL,NULL
6638,3817,8325,NULL,NULL
6639,3817,8326,NULL,NULL
6640,3817,8327,NULL,NULL
6641,3817,8328,NULL,NULL
6642,3817,8329,NULL,NULL
6643,3817,8330,NULL,NULL
6644,3817,8331,NULL,NULL
6645,3817,8332,NULL,NULL
6646,3817,8333,NULL,NULL
6647,3817,8334,NULL,NULL
6648,3817,8335,NULL,NULL
6649,3817,8336,NULL,NULL
6650,3817,8337,NULL,NULL
6651,560,8338,NULL,NULL
6652,560,8339,NULL,NULL
6653,560,8340,NULL,NULL
6654,560,8341,NULL,NULL
6655,3818,8342,NULL,NULL
6656,3819,8343,NULL,NULL
6657,3820,8344,NULL,NULL
6658,3821,8345,NULL,NULL
6659,3821,8346,NULL,NULL
6660,3821,8347,NULL,NULL
6661,3821,8348,NULL,NULL
6662,3822,8349,NULL,NULL
6663,3822,8350,NULL,NULL
6664,3823,8351,NULL,NULL
6665,3823,8352,NULL,NULL
6666,3823,8353,NULL,NULL
6667,3824,8354,NULL,NULL
6668,3825,8355,NULL,NULL
6669,3825,8356,NULL,NULL
6670,3825,8357,NULL,NULL
6671,3825,8358,NULL,NULL
6672,3825,8359,NULL,NULL
6673,3825,8360,NULL,NULL
6674,3825,8361,NULL,NULL
6675,3825,8362,NULL,NULL
6676,3825,8363,NULL,NULL
6677,482,8364,NULL,NULL
6678,3826,8365,NULL,NULL
6681,3830,8368,NULL,NULL
6682,3830,8369,NULL,NULL
6683,3830,8370,NULL,NULL
6684,3830,8371,NULL,NULL
6685,3830,8372,NULL,NULL
6687,3830,8374,NULL,NULL
6688,3832,8375,NULL,NULL
6689,3833,8376,NULL,NULL
6690,3834,8377,NULL,NULL
6691,3835,8378,NULL,NULL
6692,3836,8379,NULL,NULL
6693,3837,8380,NULL,NULL
6694,3838,8381,NULL,NULL
6695,3840,8382,NULL,NULL
6696,3827,8383,NULL,NULL
6697,3583,8384,NULL,NULL
6698,3583,8385,NULL,NULL
6699,3583,8386,NULL,NULL
6700,3858,8387,NULL,NULL
6701,3857,8388,NULL,NULL
6702,3856,8389,NULL,NULL
6703,3855,8390,NULL,NULL
6704,3854,8391,NULL,NULL
6705,3853,8392,NULL,NULL
6706,3852,8393,NULL,NULL
6707,3851,8394,NULL,NULL
6708,3850,8395,NULL,NULL
6709,3849,8396,NULL,NULL
6711,3847,8398,NULL,2025-05-23 13:51:25.053
6712,3846,8399,NULL,NULL
6714,3843,8401,NULL,NULL
6715,3842,8402,NULL,NULL
6716,3841,8403,NULL,NULL
6717,3859,8404,NULL,NULL
6718,3860,8405,NULL,NULL
6719,3859,8406,NULL,NULL
6720,3859,8407,NULL,NULL
6721,3859,8408,NULL,NULL
6722,3859,8409,NULL,NULL
6723,3860,8410,NULL,NULL
6724,3860,8411,NULL,NULL
6725,3859,8412,NULL,NULL
6726,3859,8413,NULL,NULL
6727,3860,8414,NULL,NULL
6728,3860,8415,NULL,NULL
6729,3859,8416,NULL,NULL
6730,3859,8417,NULL,NULL
6731,3859,8418,NULL,NULL
6732,3859,8419,NULL,NULL
6733,3859,8420,NULL,NULL
6734,3859,8421,NULL,NULL
6735,3859,8422,NULL,NULL
6736,3859,8423,NULL,NULL
6737,3859,8424,NULL,NULL
6738,3859,8425,NULL,NULL
6739,3859,8426,NULL,NULL
6740,3859,8427,NULL,2024-05-03 12:29:44.237
6741,3859,8428,NULL,NULL
6743,3859,8430,NULL,NULL
6745,3863,8432,NULL,NULL
6746,3863,8433,NULL,NULL
6747,3863,8434,NULL,NULL
6748,3863,8435,NULL,NULL
6749,3863,8436,NULL,NULL
6750,3863,8437,NULL,NULL
6751,3863,8438,NULL,NULL
6752,3863,8439,NULL,NULL
6753,3863,8440,NULL,NULL
6754,3863,8441,NULL,NULL
6755,3863,8442,NULL,NULL
6756,3863,8443,NULL,NULL
6757,3863,8444,NULL,NULL
6758,3863,8445,NULL,NULL
6759,3863,8446,NULL,NULL
6760,3863,8447,NULL,NULL
6761,3863,8448,NULL,NULL
6762,3863,8449,NULL,NULL
6763,3864,8450,NULL,NULL
6764,3866,8451,NULL,NULL
6765,3873,8452,NULL,NULL
6766,3583,8453,NULL,NULL
6767,3583,8454,NULL,NULL
6768,3583,8455,NULL,NULL
6769,3583,8456,NULL,NULL
6770,3583,8457,NULL,NULL
6771,3583,8458,NULL,NULL
6773,482,8460,NULL,NULL
6775,3583,8462,NULL,NULL
6777,3876,8464,NULL,NULL
6778,5978,8465,NULL,NULL
6779,3878,8466,NULL,NULL
6780,3880,8467,NULL,NULL
6783,3883,8470,NULL,NULL
6784,3884,8471,NULL,NULL
6785,3885,8472,NULL,NULL
6786,3886,8473,NULL,NULL
6789,3889,8476,NULL,NULL
6790,3888,8477,NULL,NULL
6792,3888,8479,NULL,NULL
6793,3888,8480,NULL,NULL
6794,3890,8481,NULL,NULL
6795,3891,8482,NULL,NULL
6797,3893,8484,NULL,NULL
6798,3894,8485,NULL,NULL
6802,3888,8489,NULL,NULL
6803,3888,8490,NULL,NULL
6804,3888,8491,NULL,NULL
6810,3888,8497,NULL,NULL
6811,3888,8498,NULL,NULL
6812,3888,8499,NULL,NULL
6814,3888,8501,NULL,NULL
6815,3888,8502,NULL,NULL
6816,3888,8503,NULL,NULL
6818,3888,8505,NULL,NULL
6819,3888,8506,NULL,NULL
6820,3888,8507,NULL,NULL
6821,3888,8508,NULL,NULL
6822,3888,8509,NULL,NULL
6825,3888,8512,NULL,NULL
6828,3888,8515,NULL,NULL
6829,3888,8516,NULL,NULL
6830,3888,8517,NULL,NULL
6831,3888,8518,NULL,NULL
6832,3888,8519,NULL,NULL
6834,3888,8521,NULL,NULL
6836,3888,8523,NULL,NULL
6838,3888,8525,NULL,NULL
6839,3888,8526,NULL,NULL
6841,3896,8528,NULL,NULL
6842,3897,8529,NULL,NULL
6843,3898,8530,NULL,NULL
6845,3900,8532,NULL,NULL
6846,3902,8533,NULL,NULL
6848,3904,8535,NULL,NULL
6849,3905,8536,NULL,NULL
6851,3907,8538,NULL,NULL
6854,3911,8541,NULL,NULL
6855,3912,8542,NULL,NULL
6856,3913,8543,NULL,NULL
6857,3888,8544,NULL,NULL
6858,3915,8545,NULL,NULL
6859,3916,8546,NULL,NULL
6860,3917,8547,NULL,NULL
6861,3919,8548,NULL,NULL
6862,3920,8549,NULL,NULL
6865,3923,8552,NULL,NULL
6866,3924,8553,NULL,NULL
6867,3925,8554,NULL,NULL
6868,3934,8555,NULL,NULL
6869,3933,8556,NULL,NULL
6870,3932,8557,NULL,NULL
6871,3931,8558,NULL,NULL
6872,3930,8559,NULL,NULL
6873,3929,8560,NULL,NULL
6877,509,8564,NULL,NULL
6878,3935,8565,NULL,NULL
6879,3936,8566,NULL,NULL
6880,3937,8567,NULL,NULL
6881,509,8568,NULL,NULL
6882,3938,8569,NULL,NULL
6883,3939,8570,NULL,NULL
6884,3940,8571,NULL,NULL
6885,509,8572,NULL,NULL
6886,3941,8573,NULL,NULL
6887,509,8574,NULL,NULL
6888,509,8575,NULL,NULL
6889,3942,8576,NULL,NULL
6890,3944,8577,NULL,NULL
6891,3945,8578,NULL,NULL
6893,3954,8580,NULL,NULL
6894,3953,8581,NULL,NULL
6895,3952,8582,NULL,NULL
6896,3951,8583,NULL,NULL
6897,3950,8584,NULL,NULL
6898,3949,8585,NULL,NULL
6899,3948,8586,NULL,NULL
6900,3947,8587,NULL,NULL
6901,509,8588,NULL,NULL
6902,509,8589,NULL,NULL
6903,509,8590,NULL,NULL
6904,509,8591,NULL,NULL
6905,509,8592,NULL,NULL
6906,509,8593,NULL,NULL
6907,509,8594,NULL,NULL
6908,509,8595,NULL,NULL
6909,509,8596,NULL,NULL
6910,509,8597,NULL,NULL
6911,509,8598,NULL,NULL
6912,3955,8599,NULL,NULL
6913,509,8600,NULL,NULL
6923,3956,8610,NULL,NULL
6924,3956,8611,NULL,NULL
6925,3956,8612,NULL,NULL
6926,3956,8613,NULL,NULL
6927,3957,8614,NULL,NULL
6928,3958,8615,NULL,NULL
6929,3959,8616,NULL,NULL
6930,3960,8617,NULL,NULL
6931,3963,8618,NULL,NULL
6932,502,8619,NULL,NULL
6934,502,8621,NULL,NULL
6936,3965,8623,NULL,NULL
6937,3966,8624,NULL,NULL
6938,3967,8625,NULL,NULL
6939,3969,8626,NULL,NULL
6941,3972,8628,NULL,NULL
6946,3976,8633,NULL,NULL
6947,3977,8634,NULL,NULL
6948,3978,8635,NULL,NULL
6949,3978,8636,NULL,NULL
6950,3980,8637,NULL,NULL
6951,3981,8638,NULL,NULL
6952,7183,8639,NULL,NULL
6953,3996,8640,NULL,NULL
6954,3997,8641,NULL,NULL
6955,3998,8642,NULL,NULL
6956,3999,8643,NULL,NULL
6957,3982,8644,NULL,NULL
6958,3983,8645,NULL,NULL
6960,3985,8647,NULL,NULL
6962,3987,8649,NULL,NULL
6963,3988,8650,NULL,2024-12-05 16:01:58.310
6964,3989,8651,NULL,NULL
6966,3991,8653,NULL,NULL
6968,3993,8655,NULL,NULL
6970,4000,8657,NULL,NULL
6971,4001,8658,NULL,NULL
6972,4002,8659,NULL,NULL
6973,4003,8660,NULL,NULL
6974,4004,8661,NULL,NULL
6975,4005,8662,NULL,NULL
6976,4007,8663,NULL,NULL
6977,4007,8664,NULL,NULL
6978,4007,8665,NULL,NULL
6979,4007,8666,NULL,NULL
6980,4007,8667,NULL,NULL
6981,4007,8668,NULL,NULL
6982,4007,8669,NULL,NULL
6983,4007,8670,NULL,NULL
6984,4007,8671,NULL,NULL
6985,4007,8672,NULL,NULL
6986,4007,8673,NULL,NULL
6987,4007,8674,NULL,NULL
6990,4008,8677,NULL,NULL
6991,4009,8678,NULL,NULL
6992,4010,8679,NULL,NULL
6993,4011,8680,NULL,NULL
6994,4012,8681,NULL,NULL
6995,4013,8682,NULL,NULL
6996,4015,8683,NULL,NULL
6997,4016,8684,NULL,NULL
6998,582,8685,NULL,2024-05-14 10:55:46.310
7002,4017,8689,NULL,NULL
7004,4020,8691,NULL,NULL
7005,4021,8692,NULL,NULL
7006,4022,8693,NULL,NULL
7007,4023,8694,NULL,NULL
7008,4024,8695,NULL,NULL
7009,4025,8696,NULL,NULL
7010,4026,8697,NULL,NULL
7011,4027,8698,NULL,NULL
7012,4029,8699,NULL,NULL
7014,4032,8701,NULL,NULL
7015,480,8702,NULL,NULL
7017,4035,8704,NULL,NULL
7020,4043,8707,NULL,NULL
7022,4041,8709,NULL,NULL
7023,4040,8710,NULL,NULL
7024,4039,8711,NULL,NULL
7025,4038,8712,NULL,NULL
7026,4044,8713,NULL,NULL
7027,4045,8714,NULL,NULL
7028,4046,8715,NULL,NULL
7029,4047,8716,NULL,NULL
7030,480,8717,NULL,NULL
7031,4048,8718,NULL,NULL
7032,471,8719,NULL,NULL
7033,4049,8720,NULL,NULL
7034,4050,8721,NULL,NULL
7035,4051,8722,NULL,NULL
7036,4052,8723,NULL,NULL
7037,4053,8724,NULL,NULL
7038,4054,8725,NULL,NULL
7039,4055,8726,NULL,NULL
7040,4057,8727,NULL,NULL
7041,4071,8728,NULL,NULL
7042,4070,8729,NULL,NULL
7045,4067,8732,NULL,NULL
7046,4066,8733,NULL,NULL
7050,4062,8737,NULL,NULL
7051,4061,8738,NULL,NULL
7052,4060,8739,NULL,NULL
7054,4058,8741,NULL,NULL
7055,3386,8742,NULL,NULL
7056,3386,8743,NULL,NULL
7057,3386,8744,NULL,NULL
7058,3386,8745,NULL,NULL
7059,3386,8746,NULL,NULL
7060,3386,8747,NULL,NULL
7061,3386,8748,NULL,NULL
7062,3386,8749,NULL,NULL
7063,3386,8750,NULL,NULL
7064,3386,8751,NULL,NULL
7065,3386,8752,NULL,NULL
7066,3386,8753,NULL,NULL
7067,3386,8754,NULL,NULL
7068,3386,8755,NULL,NULL
7069,3386,8756,NULL,NULL
7070,3386,8757,NULL,NULL
7071,3386,8758,NULL,NULL
7072,3386,8759,NULL,NULL
7073,3386,8760,NULL,NULL
7075,3386,8762,NULL,NULL
7076,3386,8763,NULL,NULL
7077,3386,8764,NULL,NULL
7078,3386,8765,NULL,NULL
7079,3386,8766,NULL,NULL
7082,4074,8769,NULL,NULL
7083,4075,8770,NULL,NULL
7084,4077,8771,NULL,NULL
7085,4078,8772,NULL,NULL
7086,839,8773,NULL,NULL
7087,839,8774,NULL,NULL
7088,839,8775,NULL,NULL
7089,839,8776,NULL,NULL
7090,839,8777,NULL,NULL
7091,839,8778,NULL,NULL
7092,839,8779,NULL,NULL
7093,839,8780,NULL,NULL
7094,839,8781,NULL,NULL
7095,839,8782,NULL,NULL
7096,4085,8783,NULL,NULL
7098,4083,8785,NULL,NULL
7099,4082,8786,NULL,NULL
7100,4081,8787,NULL,NULL
7101,4080,8788,NULL,NULL
7102,4079,8789,NULL,NULL
7103,1341,8790,NULL,NULL
7104,4076,8791,NULL,NULL
7105,961,8792,NULL,NULL
7106,1168,8793,NULL,NULL
7107,4086,8794,NULL,NULL
7108,4087,8795,NULL,NULL
7109,4088,8796,NULL,NULL
7110,4089,8797,NULL,NULL
7111,4089,8798,NULL,NULL
7112,4089,8799,NULL,NULL
7113,4089,8800,NULL,NULL
7114,4090,8801,NULL,NULL
7115,4091,8802,NULL,NULL
7116,4093,8803,NULL,NULL
7117,4092,8804,NULL,NULL
7118,4099,8805,NULL,NULL
7119,4097,8806,NULL,NULL
7121,4095,8808,NULL,NULL
7122,4094,8809,NULL,NULL
7123,4100,8810,NULL,NULL
7124,4101,8811,NULL,NULL
7126,4103,8813,NULL,NULL
7127,4104,8814,NULL,NULL
7128,4105,8815,NULL,NULL
7129,4106,8816,NULL,NULL
7130,4107,8817,NULL,NULL
7131,4108,8818,NULL,NULL
7132,4110,8819,NULL,NULL
7133,4111,8820,NULL,NULL
7134,4113,8821,NULL,NULL
7135,4113,8822,NULL,NULL
7136,4113,8823,NULL,NULL
7137,4113,8824,NULL,NULL
7138,4113,8825,NULL,NULL
7139,4113,8826,NULL,NULL
7140,4113,8827,NULL,NULL
7141,4113,8828,NULL,NULL
7142,4113,8829,NULL,NULL
7143,4113,8830,NULL,NULL
7144,4113,8831,NULL,NULL
7145,4113,8832,NULL,NULL
7146,4114,8833,NULL,NULL
7147,467,8834,NULL,NULL
7148,467,8835,NULL,NULL
7151,536,8838,NULL,NULL
7152,536,8839,NULL,NULL
7153,536,8840,NULL,NULL
7154,468,8841,NULL,NULL
7155,468,8842,NULL,NULL
7156,468,8843,NULL,NULL
7157,469,8844,NULL,NULL
7159,4119,8846,NULL,NULL
7160,4118,8847,NULL,NULL
7162,4116,8849,NULL,NULL
7163,4115,8850,NULL,NULL
7164,4120,8851,NULL,NULL
7165,1056,8852,NULL,NULL
7166,4121,8853,NULL,NULL
7167,4122,8854,NULL,NULL
7168,4123,8855,NULL,NULL
7169,4123,8856,NULL,NULL
7170,4123,8857,NULL,NULL
7171,4123,8858,NULL,NULL
7172,4123,8859,NULL,NULL
7173,4123,8860,NULL,NULL
7174,4124,8861,NULL,NULL
7176,4126,8863,NULL,NULL
7178,4128,8865,NULL,NULL
7184,906,8871,NULL,NULL
7186,906,8873,NULL,NULL
7187,906,8874,NULL,NULL
7188,906,8875,NULL,NULL
7189,906,8876,NULL,NULL
7190,906,8877,NULL,NULL
7191,906,8878,NULL,NULL
7192,472,8879,NULL,NULL
7193,4136,8880,NULL,NULL
7194,467,8881,NULL,NULL
7195,467,8882,NULL,NULL
7196,467,8883,NULL,NULL
7197,536,8884,NULL,NULL
7198,4137,8885,NULL,NULL
7199,4138,8886,NULL,NULL
7200,4139,8887,NULL,NULL
7201,4140,8888,NULL,NULL
7202,4141,8889,NULL,NULL
7203,4142,8890,NULL,NULL
7204,4143,8891,NULL,NULL
7205,4144,8892,NULL,NULL
7206,4145,8893,NULL,NULL
7207,4146,8894,NULL,NULL
7208,4147,8895,NULL,NULL
7209,4149,8896,NULL,NULL
7210,4150,8897,NULL,NULL
7211,4151,8898,NULL,NULL
7212,4152,8899,NULL,NULL
7213,4153,8900,NULL,NULL
7214,4154,8901,NULL,NULL
7215,4155,8902,NULL,NULL
7219,4148,8906,NULL,NULL
7220,4148,8907,NULL,NULL
7224,4148,8911,NULL,NULL
7226,4148,8913,NULL,NULL
7227,4156,8914,NULL,NULL
7228,4157,8915,NULL,NULL
7229,4158,8916,NULL,NULL
7230,4159,8917,NULL,NULL
7231,4160,8918,NULL,NULL
7232,4161,8919,NULL,NULL
7233,4162,8920,NULL,NULL
7234,4162,8921,NULL,NULL
7235,4163,8922,NULL,NULL
7236,4164,8923,NULL,NULL
7237,4165,8924,NULL,NULL
7238,4166,8925,NULL,NULL
7239,4167,8926,NULL,NULL
7241,4169,8928,NULL,NULL
7242,4170,8929,NULL,NULL
7243,4170,8930,NULL,NULL
7244,4171,8931,NULL,NULL
7245,4172,8932,NULL,NULL
7247,4174,8934,NULL,NULL
7248,4175,8935,NULL,NULL
7249,4176,8936,NULL,NULL
7250,4177,8937,NULL,NULL
7251,4178,8938,NULL,NULL
7252,4181,8939,NULL,NULL
7254,4183,8941,NULL,NULL
7255,4184,8942,NULL,NULL
7256,4185,8943,NULL,NULL
7257,4186,8944,NULL,NULL
7258,4187,8945,NULL,NULL
7259,4188,8946,NULL,NULL
7260,4189,8947,NULL,NULL
7261,4190,8948,NULL,NULL
7263,4192,8950,NULL,NULL
7266,4195,8953,NULL,NULL
7267,4194,8954,NULL,NULL
7268,4162,8955,NULL,NULL
7270,4162,8957,NULL,NULL
7271,1056,8958,NULL,NULL
7272,4198,8959,NULL,NULL
7273,4199,8960,NULL,NULL
7274,4200,8961,NULL,NULL
7275,4202,8962,NULL,NULL
7276,4203,8963,NULL,NULL
7277,4204,8964,NULL,NULL
7278,4205,8965,NULL,NULL
7280,4212,8967,NULL,NULL
7281,4211,8968,NULL,NULL
7282,4210,8969,NULL,NULL
7283,4209,8970,NULL,NULL
7284,4208,8971,NULL,NULL
7285,4206,8972,NULL,NULL
7287,620,8974,NULL,NULL
7288,4215,8975,NULL,NULL
7289,4216,8976,NULL,NULL
7290,1488,8977,NULL,NULL
7291,1488,8978,NULL,NULL
7293,1488,8980,NULL,NULL
7294,1488,8981,NULL,NULL
7295,1488,8982,NULL,NULL
7296,4218,8983,NULL,NULL
7297,4219,8984,NULL,NULL
7298,4220,8985,NULL,NULL
7299,536,8986,NULL,NULL
7301,4162,8988,NULL,NULL
7302,469,8989,NULL,NULL
7303,1056,8990,NULL,NULL
7304,1056,8991,NULL,NULL
7305,1056,8992,NULL,NULL
7306,1056,8993,NULL,NULL
7307,1056,8994,NULL,NULL
7308,1056,8995,NULL,NULL
7317,4227,9004,NULL,NULL
7318,4228,9005,NULL,NULL
7319,4229,9006,NULL,NULL
7320,4230,9007,NULL,NULL
7321,4231,9008,NULL,NULL
7323,4233,9010,NULL,NULL
7324,4234,9011,NULL,NULL
7325,4239,9012,NULL,NULL
7326,4236,9013,NULL,NULL
7327,4238,9014,NULL,NULL
7329,467,9016,NULL,NULL
7330,4240,9017,NULL,NULL
7331,4241,9018,NULL,NULL
7332,4242,9019,NULL,NULL
7333,4243,9020,NULL,NULL
7334,4244,9021,NULL,NULL
7335,4245,9022,NULL,NULL
7336,469,9023,NULL,NULL
7337,1056,9024,NULL,NULL
7339,468,9026,NULL,NULL
7340,4246,9027,NULL,NULL
7341,4247,9028,NULL,NULL
7342,4248,9029,NULL,NULL
7343,4249,9030,NULL,NULL
7344,4250,9031,NULL,NULL
7345,4251,9032,NULL,NULL
7346,4252,9033,NULL,NULL
7347,4259,9034,NULL,NULL
7348,4258,9035,NULL,NULL
7350,4256,9037,NULL,NULL
7351,4255,9038,NULL,NULL
7352,4254,9039,NULL,NULL
7353,4253,9040,NULL,NULL
7354,4260,9041,NULL,NULL
7355,4261,9042,NULL,NULL
7356,4262,9043,NULL,NULL
7357,472,9044,NULL,NULL
7358,4263,9045,NULL,NULL
7359,4264,9046,NULL,NULL
7360,4265,9047,NULL,NULL
7361,4266,9048,NULL,NULL
7362,4267,9049,NULL,NULL
7363,4268,9050,NULL,NULL
7365,4270,9052,NULL,NULL
7367,4272,9054,NULL,NULL
7368,4273,9055,NULL,NULL
7369,4274,9056,NULL,NULL
7370,4275,9057,NULL,NULL
7371,4276,9058,NULL,NULL
7372,4277,9059,NULL,NULL
7373,4278,9060,NULL,NULL
7374,4279,9061,NULL,NULL
7376,4281,9063,NULL,NULL
7377,467,9064,NULL,NULL
7378,4162,9065,NULL,NULL
7379,4162,9066,NULL,NULL
7380,4162,9067,NULL,NULL
7381,4162,9068,NULL,NULL
7382,468,9069,NULL,NULL
7383,1056,9070,NULL,NULL
7385,4282,9072,NULL,NULL
7386,4283,9073,NULL,NULL
7388,4285,9075,NULL,NULL
7389,4286,9076,NULL,NULL
7390,4287,9077,NULL,NULL
7391,4288,9078,NULL,NULL
7392,4289,9079,NULL,NULL
7393,4290,9080,NULL,NULL
7396,4296,9083,NULL,NULL
7397,4295,9084,NULL,NULL
7398,4294,9085,NULL,NULL
7399,4293,9086,NULL,NULL
7401,467,9088,NULL,NULL
7402,4162,9089,NULL,NULL
7403,468,9090,NULL,NULL
7404,469,9091,NULL,NULL
7407,4301,9094,NULL,NULL
7409,4162,9096,NULL,NULL
7410,4302,9097,NULL,NULL
7411,4303,9098,NULL,NULL
7412,4304,9099,NULL,NULL
7413,4305,9100,NULL,NULL
7415,4307,9102,NULL,NULL
7416,4308,9103,NULL,NULL
7417,4309,9104,NULL,NULL
7418,4310,9105,NULL,NULL
7419,4311,9106,NULL,NULL
7420,4312,9107,NULL,NULL
7421,4315,9108,NULL,NULL
7422,4316,9109,NULL,NULL
7423,4317,9110,NULL,NULL
7424,4318,9111,NULL,NULL
7425,4319,9112,NULL,NULL
7426,4320,9113,NULL,NULL
7427,4321,9114,NULL,NULL
7428,467,9115,NULL,NULL
7429,467,9116,NULL,NULL
7430,467,9117,NULL,NULL
7432,468,9119,NULL,NULL
7433,468,9120,NULL,NULL
7434,469,9121,NULL,NULL
7435,469,9122,NULL,NULL
7436,4322,9123,NULL,NULL
7437,4323,9124,NULL,NULL
7438,4324,9125,NULL,NULL
7439,4325,9126,NULL,NULL
7440,4326,9127,NULL,NULL
7441,596,9128,NULL,NULL
7442,596,9129,NULL,NULL
7444,4328,9131,NULL,NULL
7445,4329,9132,NULL,NULL
7446,4330,9133,NULL,NULL
7447,4331,9134,NULL,NULL
7448,4333,9135,NULL,NULL
7449,4335,9136,NULL,NULL
7450,4337,9137,NULL,NULL
7451,4338,9138,NULL,NULL
7452,467,9139,NULL,NULL
7453,536,9140,NULL,NULL
7454,4339,9141,NULL,NULL
7455,4340,9142,NULL,NULL
7457,4342,9144,NULL,NULL
7458,4342,9145,NULL,NULL
7459,4342,9146,NULL,NULL
7460,4343,9147,NULL,NULL
7461,4344,9148,NULL,NULL
7462,4344,9149,NULL,NULL
7464,4346,9151,NULL,NULL
7466,4351,9153,NULL,NULL
7467,4350,9154,NULL,NULL
7469,4354,9156,NULL,NULL
7470,4355,9157,NULL,NULL
7471,4356,9158,NULL,NULL
7472,4357,9159,NULL,NULL
7473,4358,9160,NULL,NULL
7474,4359,9161,NULL,NULL
7475,4360,9162,NULL,NULL
7477,4347,9164,NULL,NULL
7478,4348,9165,NULL,NULL
7479,4349,9166,NULL,NULL
7480,4362,9167,NULL,NULL
7481,4363,9168,NULL,NULL
7482,4365,9169,NULL,NULL
7483,4366,9170,NULL,NULL
7484,4367,9171,NULL,NULL
7485,4368,9172,NULL,NULL
7486,474,9173,NULL,NULL
7487,4369,9174,NULL,NULL
7488,4370,9175,NULL,NULL
7489,4371,9176,NULL,NULL
7490,4372,9177,NULL,NULL
7491,4373,9178,NULL,NULL
7492,4374,9179,NULL,NULL
7493,4375,9180,NULL,NULL
7494,4376,9181,NULL,NULL
7495,4377,9182,NULL,NULL
7497,4385,9184,NULL,NULL
7498,4384,9185,NULL,NULL
7499,4381,9186,NULL,NULL
7500,4382,9187,NULL,NULL
7501,4380,9188,NULL,NULL
7502,4379,9189,NULL,NULL
7503,4386,9190,NULL,NULL
7504,4387,9191,NULL,NULL
7505,4388,9192,NULL,NULL
7506,4389,9193,NULL,NULL
7508,4391,9195,NULL,NULL
7509,4392,9196,NULL,NULL
7510,4393,9197,NULL,NULL
7512,4397,9199,NULL,NULL
7515,4399,9202,NULL,NULL
7516,4400,9203,NULL,NULL
7517,4401,9204,NULL,NULL
7518,4402,9205,NULL,NULL
7519,4403,9206,NULL,NULL
7520,4404,9207,NULL,NULL
7521,4408,9208,NULL,NULL
7522,4407,9209,NULL,NULL
7523,4406,9210,NULL,NULL
7524,4405,9211,NULL,NULL
7525,474,9212,NULL,NULL
7526,460,9213,NULL,NULL
7527,460,9214,NULL,NULL
7528,460,9215,NULL,NULL
7529,460,9216,NULL,NULL
7530,460,9217,NULL,NULL
7531,460,9218,NULL,NULL
7532,460,9219,NULL,NULL
7533,460,9220,NULL,NULL
7534,460,9221,NULL,NULL
7535,460,9222,NULL,NULL
7536,460,9223,NULL,NULL
7537,460,9224,NULL,NULL
7538,460,9225,NULL,NULL
7539,460,9226,NULL,NULL
7540,460,9227,NULL,NULL
7541,460,9228,NULL,NULL
7542,460,9229,NULL,NULL
7543,460,9230,NULL,NULL
7544,460,9231,NULL,NULL
7545,460,9232,NULL,NULL
7546,4409,9233,NULL,NULL
7548,4411,9235,NULL,NULL
7549,4417,9236,NULL,NULL
7550,4416,9237,NULL,NULL
7551,4415,9238,NULL,NULL
7552,4414,9239,NULL,NULL
7553,4413,9240,NULL,NULL
7554,4412,9241,NULL,NULL
7555,498,9242,NULL,NULL
7557,4425,9244,NULL,NULL
7558,4424,9245,NULL,NULL
7559,4423,9246,NULL,NULL
7560,4422,9247,NULL,NULL
7561,4421,9248,NULL,NULL
7562,4420,9249,NULL,NULL
7564,4418,9251,NULL,NULL
7565,498,9252,NULL,NULL
7566,452,9253,NULL,NULL
7567,4429,9254,NULL,NULL
7568,4428,9255,NULL,NULL
7569,4427,9256,NULL,NULL
7570,4426,9257,NULL,NULL
7571,4430,9258,NULL,NULL
7572,4431,9259,NULL,NULL
7573,4432,9260,NULL,NULL
7574,4433,9261,NULL,NULL
7575,4434,9262,NULL,NULL
7576,4439,9263,NULL,NULL
7577,4438,9264,NULL,NULL
7578,4437,9265,NULL,NULL
7580,4435,9267,NULL,NULL
7581,460,9268,NULL,NULL
7583,460,9270,NULL,NULL
7585,460,9272,NULL,NULL
7586,4447,9273,NULL,NULL
7587,4446,9274,NULL,NULL
7588,4445,9275,NULL,NULL
7589,4444,9276,NULL,NULL
7590,4443,9277,NULL,NULL
7591,4442,9278,NULL,NULL
7592,4441,9279,NULL,NULL
7593,4440,9280,NULL,NULL
7595,460,9282,NULL,NULL
7596,460,9283,NULL,NULL
7597,460,9284,NULL,NULL
7598,460,9285,NULL,NULL
7599,460,9286,NULL,NULL
7600,460,9287,NULL,NULL
7601,460,9288,NULL,NULL
7602,460,9289,NULL,NULL
7603,460,9290,NULL,NULL
7604,460,9291,NULL,NULL
7605,460,9292,NULL,NULL
7606,460,9293,NULL,NULL
7607,460,9294,NULL,NULL
7608,460,9295,NULL,NULL
7609,460,9296,NULL,NULL
7610,460,9297,NULL,NULL
7611,460,9298,NULL,NULL
7612,460,9299,NULL,NULL
7613,460,9300,NULL,NULL
7614,460,9301,NULL,NULL
7615,460,9302,NULL,NULL
7616,460,9303,NULL,NULL
7617,460,9304,NULL,NULL
7618,460,9305,NULL,NULL
7619,460,9306,NULL,NULL
7620,460,9307,NULL,NULL
7621,460,9308,NULL,NULL
7622,4451,9309,NULL,NULL
7623,4450,9310,NULL,NULL
7624,4449,9311,NULL,NULL
7625,460,9312,NULL,NULL
7626,3816,9313,NULL,NULL
7627,4458,9314,NULL,NULL
7628,4456,9315,NULL,NULL
7629,4455,9316,NULL,NULL
7631,4453,9318,NULL,NULL
7632,498,9319,NULL,NULL
7633,531,9320,NULL,NULL
7634,4461,9321,NULL,NULL
7635,4462,9322,NULL,NULL
7636,4463,9323,NULL,NULL
7637,4464,9324,NULL,NULL
7638,4465,9325,NULL,NULL
7639,4466,9326,NULL,NULL
7642,4473,9329,NULL,NULL
7644,4470,9331,NULL,NULL
7645,4469,9332,NULL,NULL
7646,531,9333,NULL,NULL
7647,531,9334,NULL,NULL
7648,4474,9335,NULL,NULL
7650,444,9337,NULL,NULL
7651,444,9338,NULL,NULL
7652,442,9339,NULL,NULL
7653,442,9340,NULL,NULL
7654,485,9341,NULL,NULL
7655,485,9342,NULL,NULL
7656,485,9343,NULL,NULL
7657,4477,9344,NULL,NULL
7658,444,9345,NULL,NULL
7659,4478,9346,NULL,NULL
7666,487,9353,NULL,NULL
7667,487,9354,NULL,NULL
7668,487,9355,NULL,NULL
7669,487,9356,NULL,NULL
7670,487,9357,NULL,NULL
7671,487,9358,NULL,NULL
7672,487,9359,NULL,NULL
7673,487,9360,NULL,NULL
7674,487,9361,NULL,NULL
7675,487,9362,NULL,NULL
7676,487,9363,NULL,NULL
7677,487,9364,NULL,NULL
7678,487,9365,NULL,NULL
7679,487,9366,NULL,NULL
7680,487,9367,NULL,NULL
7681,487,9368,NULL,NULL
7682,487,9369,NULL,NULL
7683,487,9370,NULL,NULL
7684,487,9371,NULL,NULL
7685,4479,9372,NULL,NULL
7686,448,9373,NULL,NULL
7687,448,9374,NULL,NULL
7688,487,9375,NULL,NULL
7689,487,9376,NULL,NULL
7690,487,9377,NULL,NULL
7691,531,9378,NULL,NULL
7692,510,9379,NULL,NULL
7693,510,9380,NULL,NULL
7694,510,9381,NULL,NULL
7695,510,9382,NULL,NULL
7696,510,9383,NULL,NULL
7697,510,9384,NULL,NULL
7698,510,9385,NULL,NULL
7699,510,9386,NULL,NULL
7700,510,9387,NULL,NULL
7701,510,9388,NULL,NULL
7702,510,9389,NULL,NULL
7703,510,9390,NULL,NULL
7704,510,9391,NULL,NULL
7705,510,9392,NULL,NULL
7706,510,9393,NULL,NULL
7708,531,9395,NULL,NULL
7709,531,9396,NULL,NULL
7710,531,9397,NULL,NULL
7711,531,9398,NULL,NULL
7712,531,9399,NULL,NULL
7713,531,9400,NULL,NULL
7714,531,9401,NULL,NULL
7715,531,9402,NULL,NULL
7716,531,9403,NULL,NULL
7717,531,9404,NULL,NULL
7718,531,9405,NULL,NULL
7719,531,9406,NULL,NULL
7720,510,9407,NULL,NULL
7721,531,9408,NULL,NULL
7723,531,9410,NULL,NULL
7724,531,9411,NULL,NULL
7725,531,9412,NULL,NULL
7726,531,9413,NULL,NULL
7727,531,9414,NULL,NULL
7728,531,9415,NULL,NULL
7729,531,9416,NULL,NULL
7730,531,9417,NULL,NULL
7731,531,9418,NULL,NULL
7732,531,9419,NULL,NULL
7733,531,9420,NULL,NULL
7734,531,9421,NULL,NULL
7735,531,9422,NULL,NULL
7736,531,9423,NULL,NULL
7737,531,9424,NULL,NULL
7738,531,9425,NULL,NULL
7739,531,9426,NULL,NULL
7740,531,9427,NULL,NULL
7741,531,9428,NULL,NULL
7742,542,9429,NULL,NULL
7743,490,9430,NULL,NULL
7744,490,9431,NULL,NULL
7745,490,9432,NULL,NULL
7746,4480,9433,NULL,NULL
7748,4482,9435,NULL,NULL
7751,4485,9438,NULL,NULL
7752,4486,9439,NULL,NULL
7753,4487,9440,NULL,NULL
7754,4488,9441,NULL,NULL
7757,4491,9444,NULL,NULL
7758,4492,9445,NULL,NULL
7760,4494,9447,NULL,NULL
7761,490,9448,NULL,2024-05-14 17:04:56.067
7762,490,9449,NULL,NULL
7763,490,9450,NULL,2024-05-14 17:01:50.993
7764,490,9451,NULL,NULL
7765,452,9452,NULL,NULL
7766,452,9453,NULL,NULL
7767,490,9454,NULL,2024-05-14 17:00:10.747
7768,490,9455,NULL,2024-05-14 15:47:47.790
7769,490,9456,NULL,NULL
7770,490,9457,NULL,NULL
7771,490,9458,NULL,NULL
7772,452,9459,NULL,NULL
7773,4496,9460,NULL,NULL
7774,4497,9461,NULL,NULL
7775,4498,9462,NULL,NULL
7776,4499,9463,NULL,NULL
7777,4500,9464,NULL,NULL
7779,4502,9466,NULL,NULL
7780,4503,9467,NULL,NULL
7782,4505,9469,NULL,NULL
7783,4506,9470,NULL,NULL
7784,522,9471,NULL,NULL
7785,522,9472,NULL,NULL
7786,526,9473,NULL,NULL
7787,526,9474,NULL,NULL
7788,522,9475,NULL,NULL
7789,526,9476,NULL,NULL
7790,526,9477,NULL,NULL
7791,526,9478,NULL,NULL
7792,526,9479,NULL,NULL
7793,526,9480,NULL,NULL
7794,526,9481,NULL,NULL
7795,526,9482,NULL,NULL
7796,526,9483,NULL,NULL
7797,526,9484,NULL,NULL
7798,526,9485,NULL,NULL
7799,526,9486,NULL,NULL
7800,526,9487,NULL,NULL
7801,526,9488,NULL,NULL
7802,526,9489,NULL,NULL
7803,526,9490,NULL,NULL
7805,4511,9492,NULL,NULL
7807,4509,9494,NULL,NULL
7808,4508,9495,NULL,NULL
7809,526,9496,NULL,NULL
7810,526,9497,NULL,NULL
7811,526,9498,NULL,NULL
7812,526,9499,NULL,NULL
7813,526,9500,NULL,NULL
7814,526,9501,NULL,NULL
7815,526,9502,NULL,NULL
7816,526,9503,NULL,NULL
7817,526,9504,NULL,NULL
7818,526,9505,NULL,NULL
7819,526,9506,NULL,NULL
7820,526,9507,NULL,NULL
7822,526,9509,NULL,NULL
7823,526,9510,NULL,NULL
7824,526,9511,NULL,NULL
7825,526,9512,NULL,NULL
7826,526,9513,NULL,NULL
7827,526,9514,NULL,NULL
7828,526,9515,NULL,NULL
7829,526,9516,NULL,NULL
7830,526,9517,NULL,NULL
7831,526,9518,NULL,NULL
7832,526,9519,NULL,NULL
7833,526,9520,NULL,NULL
7834,526,9521,NULL,NULL
7835,526,9522,NULL,NULL
7836,526,9523,NULL,NULL
7837,526,9524,NULL,NULL
7839,526,9526,NULL,NULL
7840,526,9527,NULL,NULL
7841,526,9528,NULL,NULL
7842,526,9529,NULL,NULL
7843,526,9530,NULL,NULL
7844,526,9531,NULL,NULL
7845,526,9532,NULL,NULL
7846,526,9533,NULL,NULL
7847,526,9534,NULL,NULL
7848,526,9535,NULL,NULL
7849,526,9536,NULL,NULL
7850,526,9537,NULL,NULL
7851,526,9538,NULL,NULL
7852,526,9539,NULL,NULL
7853,526,9540,NULL,NULL
7854,526,9541,NULL,NULL
7855,526,9542,NULL,NULL
7857,526,9544,NULL,NULL
7858,526,9545,NULL,NULL
7861,526,9548,NULL,NULL
7862,526,9549,NULL,NULL
7863,526,9550,NULL,NULL
7864,526,9551,NULL,NULL
7865,526,9552,NULL,NULL
7866,526,9553,NULL,NULL
7867,526,9554,NULL,NULL
7868,526,9555,NULL,NULL
7869,526,9556,NULL,NULL
7870,526,9557,NULL,NULL
7871,526,9558,NULL,NULL
7872,526,9559,NULL,NULL
7873,526,9560,NULL,NULL
7874,526,9561,NULL,NULL
7875,526,9562,NULL,NULL
7876,526,9563,NULL,NULL
7877,526,9564,NULL,NULL
7878,526,9565,NULL,NULL
7879,526,9566,NULL,NULL
7880,452,9567,NULL,NULL
7881,452,9568,NULL,NULL
7882,452,9569,NULL,NULL
7883,452,9570,NULL,NULL
7884,4512,9571,NULL,NULL
7885,4512,9572,NULL,NULL
7886,4512,9573,NULL,NULL
7887,4512,9574,NULL,NULL
7888,4512,9575,NULL,NULL
7889,4512,9576,NULL,NULL
7890,474,9577,NULL,NULL
7892,4514,9579,NULL,NULL
7893,4515,9580,NULL,NULL
7895,4517,9582,NULL,NULL
7896,4521,9583,NULL,NULL
7897,4519,9584,NULL,NULL
7898,4518,9585,NULL,NULL
7899,4522,9586,NULL,NULL
7900,4523,9587,NULL,NULL
7902,450,9589,NULL,NULL
7903,450,9590,NULL,NULL
7904,450,9591,NULL,NULL
7905,450,9592,NULL,NULL
7906,450,9593,NULL,NULL
7907,9271,9594,NULL,NULL
7908,9271,9595,NULL,NULL
7909,9271,9596,NULL,NULL
7910,9271,9597,NULL,NULL
7911,9271,9598,NULL,NULL
7912,9271,9599,NULL,NULL
7913,9271,9600,NULL,NULL
7914,9271,9601,NULL,NULL
7915,9271,9602,NULL,NULL
7916,9271,9603,NULL,NULL
7917,9271,9604,NULL,NULL
7918,9271,9605,NULL,NULL
7919,9271,9606,NULL,NULL
7920,9271,9607,NULL,NULL
7921,9271,9608,NULL,NULL
7922,9271,9609,NULL,NULL
7923,9271,9610,NULL,NULL
7924,9271,9611,NULL,NULL
7925,9271,9612,NULL,NULL
7926,9271,9613,NULL,NULL
7927,4525,9614,NULL,NULL
7928,4526,9615,NULL,NULL
7929,4527,9616,NULL,NULL
7930,4528,9617,NULL,NULL
7931,4529,9618,NULL,NULL
7932,450,9619,NULL,NULL
7933,450,9620,NULL,NULL
7934,450,9621,NULL,NULL
7935,450,9622,NULL,NULL
7936,450,9623,NULL,NULL
7937,450,9624,NULL,NULL
7938,450,9625,NULL,NULL
7939,2373,9626,NULL,NULL
7941,4532,9628,NULL,NULL
7942,4541,9629,NULL,NULL
7943,4540,9630,NULL,NULL
7944,4539,9631,NULL,NULL
7945,4538,9632,NULL,NULL
7946,4537,9633,NULL,NULL
7947,4536,9634,NULL,NULL
7948,4535,9635,NULL,NULL
7949,4534,9636,NULL,NULL
7950,4533,9637,NULL,NULL
7952,514,9639,NULL,NULL
7953,514,9640,NULL,NULL
7954,560,9641,NULL,NULL
7955,560,9642,NULL,NULL
7956,4542,9643,NULL,NULL
7957,4543,9644,NULL,NULL
7958,1991,9645,NULL,NULL
7959,4545,9646,NULL,NULL
7960,4546,9647,NULL,NULL
7961,4547,9648,NULL,NULL
7962,4548,9649,NULL,NULL
7963,4549,9650,NULL,NULL
7964,4550,9651,NULL,NULL
7965,4551,9652,NULL,NULL
7966,4552,9653,NULL,NULL
7967,10282,9654,NULL,NULL
7969,4553,9656,NULL,NULL
7973,4557,9660,NULL,NULL
7974,4556,9661,NULL,NULL
7975,4555,9662,NULL,NULL
7976,4554,9663,NULL,NULL
7978,4569,9665,NULL,NULL
7979,4568,9666,NULL,NULL
7980,4567,9667,NULL,NULL
7982,4564,9669,NULL,NULL
7983,4562,9670,NULL,NULL
7984,4535,9671,NULL,NULL
7985,4535,9672,NULL,NULL
7986,4535,9673,NULL,NULL
7987,4535,9674,NULL,NULL
7988,4535,9675,NULL,NULL
7989,4535,9676,NULL,NULL
7990,4535,9677,NULL,NULL
7991,4535,9678,NULL,NULL
7992,4535,9679,NULL,NULL
7993,4535,9680,NULL,NULL
7994,4535,9681,NULL,NULL
7995,4535,9682,NULL,NULL
7996,4535,9683,NULL,NULL
7997,4535,9684,NULL,NULL
7998,4535,9685,NULL,NULL
7999,4535,9686,NULL,NULL
8000,4535,9687,NULL,NULL
8001,4535,9688,NULL,NULL
8002,4535,9689,NULL,NULL
8003,4535,9690,NULL,NULL
8004,4535,9691,NULL,NULL
8005,4535,9692,NULL,NULL
8006,4535,9693,NULL,NULL
8007,4535,9694,NULL,NULL
8008,4535,9695,NULL,NULL
8009,4535,9696,NULL,NULL
8010,4535,9697,NULL,NULL
8011,4535,9698,NULL,NULL
8012,4535,9699,NULL,NULL
8013,4535,9700,NULL,NULL
8014,4535,9701,NULL,NULL
8015,4535,9702,NULL,NULL
8016,532,9703,NULL,NULL
8017,532,9704,NULL,NULL
8018,532,9705,NULL,NULL
8019,532,9706,NULL,NULL
8020,532,9707,NULL,NULL
8021,532,9708,NULL,NULL
8022,532,9709,NULL,NULL
8023,532,9710,NULL,NULL
8024,532,9711,NULL,NULL
8026,532,9713,NULL,NULL
8027,532,9714,NULL,NULL
8028,532,9715,NULL,NULL
8029,532,9716,NULL,NULL
8030,495,9717,NULL,NULL
8031,495,9718,NULL,NULL
8032,495,9719,NULL,NULL
8033,495,9720,NULL,NULL
8034,495,9721,NULL,NULL
8035,495,9722,NULL,NULL
8036,495,9723,NULL,NULL
8037,4578,9724,NULL,NULL
8038,4577,9725,NULL,NULL
8040,495,9727,NULL,NULL
8041,4575,9728,NULL,NULL
8042,1228,9729,NULL,NULL
8043,4574,9730,NULL,NULL
8045,4572,9732,NULL,NULL
8046,4571,9733,NULL,2025-01-06 13:27:40.843
8047,495,9734,NULL,NULL
8048,495,9735,NULL,NULL
8049,495,9736,NULL,NULL
8050,495,9737,NULL,NULL
8051,495,9738,NULL,NULL
8052,4586,9739,NULL,NULL
8053,4585,9740,NULL,NULL
8054,4583,9741,NULL,NULL
8055,4582,9742,NULL,NULL
8056,4581,9743,NULL,NULL
8057,4580,9744,NULL,2023-08-01 16:40:08.930
8059,443,9746,NULL,NULL
8060,443,9747,NULL,NULL
8061,4589,9748,NULL,NULL
8062,4588,9749,NULL,NULL
8063,4587,9750,NULL,NULL
8066,4592,9753,NULL,NULL
8067,4591,9754,NULL,NULL
8070,4598,9757,NULL,NULL
8071,4597,9758,NULL,NULL
8072,4596,9759,NULL,NULL
8073,4595,9760,NULL,NULL
8074,4594,9761,NULL,NULL
8075,4593,9762,NULL,NULL
8076,562,9763,NULL,NULL
8077,562,9764,NULL,NULL
8078,562,9765,NULL,NULL
8079,562,9766,NULL,NULL
8080,562,9767,NULL,NULL
8081,562,9768,NULL,NULL
8082,562,9769,NULL,NULL
8083,562,9770,NULL,NULL
8084,4601,9771,NULL,NULL
8085,563,9772,NULL,NULL
8087,563,9774,NULL,NULL
8088,4602,9775,NULL,NULL
8089,4603,9776,NULL,NULL
8090,4604,9777,NULL,NULL
8091,4605,9778,NULL,2025-09-09 12:31:56.450
8092,4606,9779,NULL,NULL
8093,4607,9780,NULL,NULL
8094,4608,9781,NULL,2025-01-06 13:05:55.873
8095,4609,9782,NULL,NULL
8096,4610,9783,NULL,NULL
8099,445,9786,NULL,NULL
8101,583,9788,NULL,NULL
8102,583,9789,NULL,NULL
8103,445,9790,NULL,NULL
8104,583,9791,NULL,NULL
8105,445,9792,NULL,NULL
8108,445,9795,NULL,NULL
8110,562,9797,NULL,NULL
8111,4619,9798,NULL,NULL
8112,4618,9799,NULL,NULL
8113,4617,9800,NULL,NULL
8114,4616,9801,NULL,NULL
8115,4615,9802,NULL,NULL
8116,4614,9803,NULL,NULL
8117,450,9804,NULL,NULL
8118,450,9805,NULL,NULL
8119,450,9806,NULL,NULL
8120,450,9807,NULL,NULL
8121,450,9808,NULL,NULL
8122,450,9809,NULL,NULL
8123,450,9810,NULL,NULL
8124,450,9811,NULL,NULL
8125,4629,9812,NULL,NULL
8126,4628,9813,NULL,NULL
8127,4627,9814,NULL,NULL
8128,4626,9815,NULL,NULL
8129,4625,9816,NULL,NULL
8130,4624,9817,NULL,NULL
8132,4622,9819,NULL,NULL
8133,4621,9820,NULL,NULL
8134,4620,9821,NULL,NULL
8135,583,9822,NULL,NULL
8136,583,9823,NULL,NULL
8137,583,9824,NULL,NULL
8138,445,9825,NULL,NULL
8139,445,9826,NULL,NULL
8142,583,9829,NULL,NULL
8143,445,9830,NULL,NULL
8144,4633,9831,NULL,NULL
8145,4632,9832,NULL,NULL
8146,4631,9833,NULL,NULL
8147,4630,9834,NULL,NULL
8148,4634,9835,NULL,NULL
8149,4634,9836,NULL,NULL
8150,4634,9837,NULL,NULL
8151,4634,9838,NULL,NULL
8152,4634,9839,NULL,NULL
8153,4634,9840,NULL,NULL
8154,4644,9841,NULL,NULL
8155,4643,9842,NULL,NULL
8156,4642,9843,NULL,NULL
8157,4641,9844,NULL,NULL
8158,4640,9845,NULL,NULL
8159,4639,9846,NULL,NULL
8160,4638,9847,NULL,NULL
8161,4637,9848,NULL,NULL
8162,4645,9849,NULL,NULL
8164,4353,9851,NULL,NULL
8165,4353,9852,NULL,NULL
8166,4353,9853,NULL,NULL
8168,4353,9855,NULL,NULL
8169,4353,9856,NULL,NULL
8170,4353,9857,NULL,NULL
8173,4651,9860,NULL,NULL
8174,4650,9861,NULL,NULL
8175,4649,9862,NULL,NULL
8176,4648,9863,NULL,NULL
8177,4647,9864,NULL,NULL
8178,4653,9865,NULL,NULL
8179,4655,9866,NULL,NULL
8180,4656,9867,NULL,NULL
8181,4656,9868,NULL,NULL
8182,4656,9869,NULL,NULL
8183,4656,9870,NULL,NULL
8184,4656,9871,NULL,NULL
8185,4656,9872,NULL,NULL
8186,4656,9873,NULL,NULL
8188,4656,9875,NULL,NULL
8189,4656,9876,NULL,NULL
8190,4656,9877,NULL,NULL
8191,4656,9878,NULL,NULL
8192,4656,9879,NULL,NULL
8193,4656,9880,NULL,NULL
8194,4656,9881,NULL,NULL
8195,4656,9882,NULL,NULL
8196,4657,9883,NULL,NULL
8197,4657,9884,NULL,NULL
8198,4657,9885,NULL,NULL
8199,4657,9886,NULL,NULL
8200,4657,9887,NULL,NULL
8201,4657,9888,NULL,NULL
8202,4657,9889,NULL,NULL
8203,4657,9890,NULL,NULL
8204,4657,9891,NULL,NULL
8205,4657,9892,NULL,NULL
8206,4657,9893,NULL,NULL
8207,4657,9894,NULL,NULL
8208,4657,9895,NULL,NULL
8209,4657,9896,NULL,NULL
8210,4657,9897,NULL,NULL
8211,4657,9898,NULL,NULL
8212,4657,9899,NULL,NULL
8213,4657,9900,NULL,NULL
8214,4657,9901,NULL,NULL
8215,4657,9902,NULL,NULL
8216,4658,9903,NULL,NULL
8217,4658,9904,NULL,NULL
8218,4658,9905,NULL,NULL
8219,4658,9906,NULL,NULL
8220,4658,9907,NULL,NULL
8221,4658,9908,NULL,NULL
8222,4658,9909,NULL,NULL
8223,4665,9910,NULL,NULL
8224,4664,9911,NULL,NULL
8226,4662,9913,NULL,NULL
8227,4661,9914,NULL,NULL
8228,4660,9915,NULL,NULL
8229,4659,9916,NULL,NULL
8232,4673,9919,NULL,NULL
8233,4672,9920,NULL,NULL
8234,4671,9921,NULL,NULL
8235,4670,9922,NULL,NULL
8236,4669,9923,NULL,NULL
8237,4668,9924,NULL,NULL
8238,4667,9925,NULL,NULL
8239,4666,9926,NULL,NULL
8240,502,9927,NULL,NULL
8241,502,9928,NULL,NULL
8243,4682,9930,NULL,NULL
8244,4681,9931,NULL,NULL
8245,4680,9932,NULL,NULL
8246,4679,9933,NULL,NULL
8247,4678,9934,NULL,NULL
8248,4677,9935,NULL,NULL
8250,4675,9937,NULL,NULL
8251,4674,9938,NULL,NULL
8253,603,9940,NULL,2025-11-10 08:51:02.637
8254,603,9941,NULL,2025-11-07 15:29:56.373
8255,603,9942,NULL,2025-11-10 09:16:59.043
8257,603,9944,NULL,NULL
8258,4691,9945,NULL,NULL
8259,4690,9946,NULL,NULL
8260,4689,9947,NULL,NULL
8261,4688,9948,NULL,NULL
8262,4687,9949,NULL,NULL
8263,4686,9950,NULL,NULL
8264,4685,9951,NULL,NULL
8266,493,9953,NULL,NULL
8267,603,9954,NULL,NULL
8270,603,9957,NULL,NULL
8271,4692,9958,NULL,NULL
8272,4694,9959,NULL,NULL
8273,4695,9960,NULL,NULL
8274,4696,9961,NULL,NULL
8275,4697,9962,NULL,NULL
8276,4698,9963,NULL,NULL
8278,4708,9965,NULL,NULL
8279,4707,9966,NULL,NULL
8280,4706,9967,NULL,NULL
8281,4705,9968,NULL,2025-01-06 12:59:21.640
8282,4704,9969,NULL,NULL
8283,4703,9970,NULL,NULL
8284,4702,9971,NULL,NULL
8285,4701,9972,NULL,NULL
8287,4712,9974,NULL,NULL
8288,4711,9975,NULL,NULL
8289,4710,9976,NULL,NULL
8290,4709,9977,NULL,NULL
8293,4721,9980,NULL,NULL
8296,4718,9983,NULL,NULL
8298,4714,9985,NULL,NULL
8300,639,9987,NULL,NULL
8301,4729,9988,NULL,NULL
8302,4728,9989,NULL,NULL
8303,4727,9990,NULL,NULL
8304,4726,9991,NULL,NULL
8305,4725,9992,NULL,NULL
8306,4724,9993,NULL,NULL
8307,4736,9994,NULL,NULL
8309,4734,9996,NULL,NULL
8310,4733,9997,NULL,NULL
8312,4731,9999,NULL,NULL
8313,4730,10000,NULL,NULL
8316,4737,10003,NULL,NULL
8318,4741,10005,NULL,NULL
8319,4742,10006,NULL,NULL
8320,474,10007,NULL,NULL
8321,4743,10008,NULL,NULL
8322,1043,10009,NULL,NULL
8323,1043,10010,NULL,NULL
8324,1043,10011,NULL,NULL
8325,1043,10012,NULL,NULL
8326,1043,10013,NULL,NULL
8327,1043,10014,NULL,NULL
8328,1068,10015,NULL,NULL
8329,1068,10016,NULL,NULL
8330,1068,10017,NULL,NULL
8331,1068,10018,NULL,NULL
8332,1068,10019,NULL,NULL
8333,1068,10020,NULL,NULL
8334,1068,10021,NULL,NULL
8335,1068,10022,NULL,NULL
8336,1068,10023,NULL,NULL
8337,1068,10024,NULL,NULL
8338,1068,10025,NULL,NULL
8339,1068,10026,NULL,NULL
8340,1068,10027,NULL,NULL
8341,1068,10028,NULL,NULL
8342,1068,10029,NULL,NULL
8343,1068,10030,NULL,NULL
8344,1068,10031,NULL,NULL
8345,1068,10032,NULL,NULL
8346,1068,10033,NULL,NULL
8347,4745,10034,NULL,NULL
8349,4751,10036,NULL,NULL
8350,4750,10037,NULL,NULL
8351,4749,10038,NULL,NULL
8352,4748,10039,NULL,NULL
8353,4746,10040,NULL,NULL
8355,4752,10042,NULL,NULL
8356,467,10043,NULL,NULL
8357,4646,10044,NULL,NULL
8358,452,10045,NULL,NULL
8359,452,10046,NULL,NULL
8360,452,10047,NULL,NULL
8362,572,10049,NULL,NULL
8363,572,10050,NULL,NULL
8364,3758,10051,NULL,NULL
8365,3758,10052,NULL,NULL
8366,3758,10053,NULL,NULL
8367,3758,10054,NULL,NULL
8368,3758,10055,NULL,NULL
8369,3758,10056,NULL,NULL
8370,3758,10057,NULL,NULL
8371,3758,10058,NULL,NULL
8372,3758,10059,NULL,NULL
8373,3758,10060,NULL,NULL
8374,3758,10061,NULL,NULL
8375,3758,10062,NULL,NULL
8376,3758,10063,NULL,NULL
8377,3758,10064,NULL,NULL
8378,3758,10065,NULL,NULL
8379,3758,10066,NULL,NULL
8380,3758,10067,NULL,NULL
8381,3758,10068,NULL,NULL
8382,3758,10069,NULL,NULL
8383,3758,10070,NULL,NULL
8384,3758,10071,NULL,NULL
8385,3758,10072,NULL,NULL
8386,3758,10073,NULL,NULL
8387,3758,10074,NULL,NULL
8388,3758,10075,NULL,NULL
8389,3758,10076,NULL,NULL
8390,3758,10077,NULL,NULL
8391,3758,10078,NULL,NULL
8392,3758,10079,NULL,NULL
8393,3758,10080,NULL,NULL
8394,3758,10081,NULL,NULL
8395,3758,10082,NULL,NULL
8396,4757,10083,NULL,NULL
8397,4758,10084,NULL,NULL
8398,509,10085,NULL,NULL
8401,845,10088,NULL,NULL
8402,4759,10089,NULL,NULL
8403,4759,10090,NULL,NULL
8405,2342,10092,NULL,NULL
8406,2342,10093,NULL,NULL
8407,2342,10094,NULL,NULL
8408,2342,10095,NULL,NULL
8409,2342,10096,NULL,NULL
8410,2342,10097,NULL,NULL
8411,2342,10098,NULL,NULL
8412,2342,10099,NULL,NULL
8413,2342,10100,NULL,NULL
8414,2342,10101,NULL,NULL
8415,2342,10102,NULL,NULL
8416,2342,10103,NULL,NULL
8417,2342,10104,NULL,NULL
8418,2342,10105,NULL,NULL
8419,2342,10106,NULL,NULL
8420,2342,10107,NULL,NULL
8421,2342,10108,NULL,NULL
8422,2342,10109,NULL,NULL
8423,2342,10110,NULL,NULL
8424,2342,10111,NULL,NULL
8425,2342,10112,NULL,NULL
8426,2342,10113,NULL,NULL
8427,2342,10114,NULL,NULL
8428,2342,10115,NULL,NULL
8429,2342,10116,NULL,NULL
8430,2342,10117,NULL,NULL
8431,2342,10118,NULL,NULL
8432,2342,10119,NULL,NULL
8433,2342,10120,NULL,NULL
8434,2342,10121,NULL,NULL
8435,2342,10122,NULL,NULL
8436,2342,10123,NULL,NULL
8437,2342,10124,NULL,NULL
8438,2342,10125,NULL,NULL
8439,2342,10126,NULL,NULL
8440,2342,10127,NULL,NULL
8441,2342,10128,NULL,NULL
8442,2342,10129,NULL,NULL
8443,2342,10130,NULL,NULL
8444,2342,10131,NULL,NULL
8445,2342,10132,NULL,NULL
8446,2342,10133,NULL,NULL
8447,2342,10134,NULL,NULL
8448,2342,10135,NULL,NULL
8449,2342,10136,NULL,NULL
8450,2342,10137,NULL,NULL
8451,2342,10138,NULL,NULL
8452,2342,10139,NULL,NULL
8453,2342,10140,NULL,NULL
8454,2342,10141,NULL,NULL
8455,2342,10142,NULL,NULL
8456,2342,10143,NULL,NULL
8457,2342,10144,NULL,NULL
8458,2342,10145,NULL,NULL
8459,2342,10146,NULL,NULL
8460,2342,10147,NULL,NULL
8461,2342,10148,NULL,NULL
8462,2342,10149,NULL,NULL
8463,2342,10150,NULL,NULL
8464,2342,10151,NULL,NULL
8465,2342,10152,NULL,NULL
8466,2342,10153,NULL,NULL
8467,2342,10154,NULL,NULL
8468,2342,10155,NULL,NULL
8469,2342,10156,NULL,NULL
8470,2342,10157,NULL,NULL
8471,2342,10158,NULL,NULL
8472,2342,10159,NULL,NULL
8473,2342,10160,NULL,NULL
8474,2342,10161,NULL,NULL
8475,2342,10162,NULL,NULL
8476,9271,10163,NULL,NULL
8477,9271,10164,NULL,NULL
8478,9271,10165,NULL,NULL
8479,9271,10166,NULL,NULL
8480,9271,10167,NULL,NULL
8481,9271,10168,NULL,NULL
8482,9271,10169,NULL,NULL
8483,9271,10170,NULL,NULL
8484,9271,10171,NULL,NULL
8485,9271,10172,NULL,NULL
8486,9271,10173,NULL,NULL
8487,9271,10174,NULL,NULL
8488,9271,10175,NULL,NULL
8489,818,10176,NULL,NULL
8490,818,10177,NULL,NULL
8491,818,10178,NULL,NULL
8492,818,10179,NULL,NULL
8493,818,10180,NULL,NULL
8494,818,10181,NULL,NULL
8495,4760,10182,NULL,NULL
8496,4760,10183,NULL,NULL
8497,4760,10184,NULL,NULL
8498,4760,10185,NULL,NULL
8499,4760,10186,NULL,NULL
8500,4760,10187,NULL,NULL
8501,4761,10188,NULL,NULL
8502,4761,10189,NULL,NULL
8503,4761,10190,NULL,NULL
8504,597,10191,NULL,NULL
8505,597,10192,NULL,NULL
8506,597,10193,NULL,NULL
8507,597,10194,NULL,NULL
8508,4762,10195,NULL,NULL
8509,565,10196,NULL,NULL
8511,448,10198,NULL,NULL
8512,441,10199,NULL,NULL
8515,473,10202,NULL,NULL
8516,509,10203,NULL,NULL
8518,4763,10205,NULL,NULL
8519,485,10206,NULL,NULL
8521,485,10208,NULL,NULL
8524,509,10211,NULL,NULL
8525,509,10212,NULL,NULL
8527,509,10214,NULL,NULL
8528,509,10215,NULL,NULL
8541,509,10228,NULL,NULL
8542,509,10229,NULL,NULL
8546,509,10233,NULL,NULL
8548,509,10235,NULL,NULL
8551,509,10238,NULL,NULL
8552,2236,10239,NULL,NULL
8553,3888,10240,NULL,NULL
8554,448,10241,NULL,NULL
8556,509,10243,NULL,NULL
8557,509,10244,NULL,NULL
8558,509,10245,NULL,NULL
8559,509,10246,NULL,NULL
8560,509,10247,NULL,NULL
8561,509,10248,NULL,NULL
8562,509,10249,NULL,NULL
8564,474,10251,NULL,NULL
8566,474,10253,NULL,NULL
8568,509,10255,NULL,NULL
8569,509,10256,NULL,NULL
8570,509,10257,NULL,NULL
8571,509,10258,NULL,NULL
8572,509,10259,NULL,NULL
8573,509,10260,NULL,NULL
8576,509,10263,NULL,NULL
8578,4764,10265,NULL,NULL
8579,4764,10266,NULL,NULL
8580,509,10267,NULL,NULL
8581,509,10268,NULL,NULL
8582,509,10269,NULL,NULL
8583,509,10270,NULL,NULL
8584,509,10271,NULL,NULL
8585,509,10272,NULL,NULL
8587,509,10274,NULL,NULL
8588,509,10275,NULL,NULL
8589,509,10276,NULL,NULL
8590,509,10277,NULL,NULL
8591,509,10278,NULL,NULL
8592,509,10279,NULL,NULL
8595,509,10282,NULL,NULL
8599,509,10286,NULL,NULL
8600,509,10287,NULL,NULL
8601,509,10288,NULL,NULL
8602,445,10289,NULL,NULL
8603,468,10290,NULL,NULL
8604,509,10291,NULL,NULL
8605,509,10292,NULL,NULL
8606,509,10293,NULL,NULL
8607,509,10294,NULL,NULL
8609,509,10296,NULL,NULL
8610,469,10297,NULL,NULL
8611,566,10298,NULL,NULL
8639,493,10326,NULL,NULL
8642,566,10329,NULL,NULL
8644,566,10331,NULL,NULL
8649,566,10336,NULL,NULL
8651,566,10338,NULL,NULL
8652,566,10339,NULL,NULL
8662,566,10349,NULL,NULL
8665,566,10352,NULL,NULL
8666,566,10353,NULL,NULL
8667,566,10354,NULL,NULL
8668,566,10355,NULL,NULL
8669,566,10356,NULL,NULL
8670,566,10357,NULL,NULL
8671,566,10358,NULL,NULL
8672,566,10359,NULL,NULL
8673,566,10360,NULL,NULL
8674,566,10361,NULL,NULL
8675,566,10362,NULL,NULL
8676,566,10363,NULL,NULL
8677,566,10364,NULL,NULL
8678,566,10365,NULL,NULL
8679,566,10366,NULL,NULL
8680,566,10367,NULL,NULL
8681,566,10368,NULL,NULL
8682,566,10369,NULL,NULL
8683,566,10370,NULL,NULL
8686,4759,10373,NULL,NULL
8691,460,10378,NULL,NULL
8692,3122,10379,NULL,NULL
8693,3122,10380,NULL,NULL
8694,4766,10381,NULL,NULL
8695,531,10382,NULL,NULL
8696,531,10383,NULL,NULL
8697,457,10384,NULL,NULL
8698,457,10385,NULL,NULL
8699,457,10386,NULL,NULL
8700,457,10387,NULL,NULL
8701,457,10388,NULL,NULL
8702,457,10389,NULL,NULL
8703,457,10390,NULL,NULL
8704,845,10391,NULL,NULL
8705,845,10392,NULL,NULL
8706,845,10393,NULL,NULL
8707,845,10394,NULL,NULL
8708,845,10395,NULL,NULL
8709,492,10396,NULL,NULL
8711,13473,10398,NULL,2025-03-13 10:26:40.337
8712,13474,10399,NULL,2025-03-13 10:27:06.587
8713,5015,10400,NULL,NULL
8714,527,10401,NULL,NULL
8715,527,10402,NULL,NULL
8716,527,10403,NULL,NULL
8717,527,10404,NULL,NULL
8718,527,10405,NULL,NULL
8719,527,10406,NULL,NULL
8720,527,10407,NULL,NULL
8721,527,10408,NULL,NULL
8722,527,10409,NULL,NULL
8723,527,10410,NULL,NULL
8724,527,10411,NULL,NULL
8725,527,10412,NULL,NULL
8726,527,10413,NULL,NULL
8727,527,10414,NULL,NULL
8728,527,10415,NULL,NULL
8729,527,10416,NULL,NULL
8730,527,10417,NULL,NULL
8731,1923,10418,NULL,NULL
8733,597,10420,NULL,NULL
8734,597,10421,NULL,NULL
8735,597,10422,NULL,NULL
8736,597,10423,NULL,NULL
8737,504,10424,NULL,NULL
8738,574,10425,NULL,NULL
8739,574,10426,NULL,NULL
8740,574,10427,NULL,NULL
8743,574,10430,NULL,NULL
8744,574,10431,NULL,NULL
8745,2536,10432,NULL,NULL
8746,2536,10433,NULL,NULL
8747,2536,10434,NULL,NULL
8748,2536,10435,NULL,NULL
8749,2536,10436,NULL,NULL
8750,2536,10437,NULL,NULL
8751,2536,10438,NULL,NULL
8752,2536,10439,NULL,NULL
8753,2536,10440,NULL,NULL
8754,2536,10441,NULL,NULL
8755,2536,10442,NULL,NULL
8756,2536,10443,NULL,NULL
8757,4767,10444,NULL,NULL
8758,566,10445,NULL,NULL
8759,3122,10446,NULL,NULL
8760,3122,10447,NULL,NULL
8762,3122,10449,NULL,NULL
8763,3122,10450,NULL,NULL
8764,3122,10451,NULL,NULL
8765,3122,10452,NULL,NULL
8766,3122,10453,NULL,NULL
8767,3122,10454,NULL,NULL
8769,3122,10456,NULL,NULL
8770,3122,10457,NULL,NULL
8771,3122,10458,NULL,NULL
8774,4766,10461,NULL,NULL
8775,450,10462,NULL,NULL
8776,450,10463,NULL,NULL
8778,4768,10465,NULL,NULL
8779,4754,10466,NULL,NULL
8780,4771,10467,NULL,NULL
8781,4770,10468,NULL,NULL
8782,4772,10469,NULL,NULL
8783,4773,10470,NULL,NULL
8784,4773,10471,NULL,NULL
8785,4773,10472,NULL,NULL
8787,4775,10474,NULL,NULL
8788,4775,10475,NULL,NULL
8789,798,10476,NULL,NULL
8790,798,10477,NULL,NULL
8791,798,10478,NULL,NULL
8792,798,10479,NULL,NULL
8793,798,10480,NULL,NULL
8794,798,10481,NULL,NULL
8795,798,10482,NULL,NULL
8796,4776,10483,NULL,NULL
8797,2954,10484,NULL,NULL
8798,2954,10485,NULL,NULL
8799,2954,10486,NULL,NULL
8800,2954,10487,NULL,NULL
8801,2954,10488,NULL,NULL
8802,2954,10489,NULL,NULL
8803,2954,10490,NULL,NULL
8804,2954,10491,NULL,NULL
8805,2954,10492,NULL,NULL
8806,2954,10493,NULL,NULL
8807,2954,10494,NULL,NULL
8808,2954,10495,NULL,NULL
8809,2954,10496,NULL,NULL
8810,2954,10497,NULL,NULL
8812,2954,10499,NULL,NULL
8813,2954,10500,NULL,NULL
8814,2954,10501,NULL,NULL
8815,4778,10502,NULL,NULL
8816,4778,10503,NULL,NULL
8817,3863,10504,NULL,NULL
8818,3863,10505,NULL,NULL
8819,3863,10506,NULL,NULL
8821,3863,10508,NULL,NULL
8822,3863,10509,NULL,NULL
8823,3863,10510,NULL,NULL
8824,3863,10511,NULL,NULL
8825,3863,10512,NULL,NULL
8826,3863,10513,NULL,NULL
8827,3863,10514,NULL,NULL
8828,3863,10515,NULL,NULL
8829,3863,10516,NULL,NULL
8830,3863,10517,NULL,NULL
8831,3863,10518,NULL,NULL
8832,3863,10519,NULL,NULL
8833,3863,10520,NULL,NULL
8834,640,10521,NULL,NULL
8835,2469,10522,NULL,NULL
8836,4779,10523,NULL,NULL
8837,4780,10524,NULL,NULL
8838,1068,10525,NULL,NULL
8839,4782,10526,NULL,NULL
8840,4783,10527,NULL,NULL
8846,1649,10533,NULL,NULL
8847,1649,10534,NULL,NULL
8848,1649,10535,NULL,NULL
8849,1649,10536,NULL,NULL
8850,1649,10537,NULL,NULL
8851,1649,10538,NULL,NULL
8852,1649,10539,NULL,NULL
8853,1649,10540,NULL,NULL
8854,1649,10541,NULL,NULL
8855,1649,10542,NULL,NULL
8856,1649,10543,NULL,NULL
8857,1649,10544,NULL,NULL
8858,1649,10545,NULL,NULL
8859,1649,10546,NULL,NULL
8860,1649,10547,NULL,NULL
8861,1649,10548,NULL,NULL
8862,1649,10549,NULL,NULL
8864,4784,10551,NULL,NULL
8865,4784,10552,NULL,NULL
8866,4784,10553,NULL,NULL
8867,4784,10554,NULL,NULL
8870,4785,10557,NULL,NULL
8871,4785,10558,NULL,NULL
8872,4786,10559,NULL,NULL
8873,4713,10560,NULL,NULL
8874,4713,10561,NULL,NULL
8875,4788,10562,NULL,NULL
8876,4789,10563,NULL,NULL
8877,4789,10564,NULL,NULL
8878,4789,10565,NULL,NULL
8879,4787,10566,NULL,NULL
8880,4790,10567,NULL,NULL
8881,4791,10568,NULL,NULL
8882,2969,10569,NULL,NULL
8883,2969,10570,NULL,NULL
8884,2969,10571,NULL,NULL
8885,2969,10572,NULL,NULL
8886,4792,10573,NULL,NULL
8887,4793,10574,NULL,NULL
8888,4794,10575,NULL,NULL
8889,4795,10576,NULL,NULL
8890,4796,10577,NULL,NULL
8891,4797,10578,NULL,NULL
8892,4798,10579,NULL,NULL
8893,4799,10580,NULL,NULL
8894,4800,10581,NULL,NULL
8895,4801,10582,NULL,NULL
8896,4802,10583,NULL,NULL
8897,1496,10584,NULL,NULL
8898,1496,10585,NULL,NULL
8899,1496,10586,NULL,NULL
8900,452,10587,NULL,NULL
8901,3888,10588,NULL,NULL
8905,4803,10592,NULL,NULL
8906,4806,10593,NULL,NULL
8907,4807,10594,NULL,NULL
8908,4808,10595,NULL,NULL
8909,4809,10596,NULL,NULL
8910,4810,10597,NULL,NULL
8911,4811,10598,NULL,NULL
8912,4812,10599,NULL,NULL
8913,4813,10600,NULL,NULL
8914,4814,10601,NULL,NULL
8915,2270,10602,NULL,NULL
8916,2270,10603,NULL,NULL
8917,2270,10604,NULL,NULL
8918,2270,10605,NULL,NULL
8919,2270,10606,NULL,NULL
8920,2270,10607,NULL,NULL
8921,2270,10608,NULL,NULL
8922,2270,10609,NULL,NULL
8923,2270,10610,NULL,NULL
8924,2270,10611,NULL,NULL
8925,4815,10612,NULL,NULL
8928,4816,10615,NULL,NULL
8931,474,10618,NULL,NULL
8932,474,10619,NULL,NULL
8933,474,10620,NULL,NULL
8934,4817,10621,NULL,NULL
8935,474,10622,NULL,NULL
8937,3309,10624,NULL,NULL
8938,3309,10625,NULL,NULL
8939,3309,10626,NULL,NULL
8940,3309,10627,NULL,NULL
8942,4818,10629,NULL,NULL
8944,1622,10631,NULL,NULL
8945,1622,10632,NULL,NULL
8946,1622,10633,NULL,NULL
8954,4819,10641,NULL,NULL
8957,4821,10644,NULL,NULL
8958,4821,10645,NULL,NULL
8966,510,10653,NULL,NULL
8968,510,10655,NULL,NULL
8969,510,10656,NULL,NULL
8970,510,10657,NULL,NULL
8971,510,10658,NULL,NULL
8972,510,10659,NULL,NULL
8973,4821,10660,NULL,NULL
8974,4821,10661,NULL,NULL
8975,4821,10662,NULL,NULL
8976,4821,10663,NULL,NULL
8977,4821,10664,NULL,NULL
8978,4821,10665,NULL,NULL
8979,4821,10666,NULL,NULL
8980,4821,10667,NULL,NULL
8981,4821,10668,NULL,NULL
8982,4821,10669,NULL,NULL
8983,4821,10670,NULL,NULL
8984,4821,10671,NULL,NULL
8985,4821,10672,NULL,NULL
8986,4821,10673,NULL,NULL
8987,4821,10674,NULL,NULL
8988,4821,10675,NULL,NULL
8989,4821,10676,NULL,NULL
8990,4821,10677,NULL,NULL
8991,4821,10678,NULL,NULL
8992,4821,10679,NULL,NULL
8993,4821,10680,NULL,NULL
8994,4821,10681,NULL,NULL
8995,4821,10682,NULL,NULL
8996,4821,10683,NULL,NULL
8997,4821,10684,NULL,NULL
8998,4821,10685,NULL,NULL
8999,4821,10686,NULL,NULL
9000,4821,10687,NULL,NULL
9001,4821,10688,NULL,NULL
9002,4821,10689,NULL,NULL
9003,4821,10690,NULL,NULL
9004,4821,10691,NULL,NULL
9005,4821,10692,NULL,NULL
9006,4821,10693,NULL,NULL
9007,4821,10694,NULL,NULL
9008,4821,10695,NULL,NULL
9009,4821,10696,NULL,NULL
9010,4821,10697,NULL,NULL
9011,4821,10698,NULL,NULL
9012,4821,10699,NULL,NULL
9013,4821,10700,NULL,NULL
9014,4821,10701,NULL,NULL
9016,4821,10703,NULL,NULL
9017,4821,10704,NULL,NULL
9018,4821,10705,NULL,NULL
9019,4821,10706,NULL,NULL
9020,4821,10707,NULL,NULL
9021,4821,10708,NULL,NULL
9022,4823,10709,NULL,NULL
9023,4824,10710,NULL,NULL
9024,3704,10711,NULL,NULL
9025,4825,10712,NULL,NULL
9026,4826,10713,NULL,NULL
9027,4827,10714,NULL,NULL
9028,4828,10715,NULL,NULL
9029,4829,10716,NULL,NULL
9030,4831,10717,NULL,NULL
9031,4832,10718,NULL,NULL
9032,4833,10719,NULL,NULL
9033,4834,10720,NULL,NULL
9034,4835,10721,NULL,NULL
9035,4834,10722,NULL,NULL
9036,4835,10723,NULL,NULL
9037,4834,10724,NULL,NULL
9038,4835,10725,NULL,NULL
9039,4834,10726,NULL,NULL
9040,4835,10727,NULL,NULL
9041,4834,10728,NULL,NULL
9042,4835,10729,NULL,NULL
9043,4834,10730,NULL,NULL
9044,4835,10731,NULL,NULL
9045,4834,10732,NULL,NULL
9046,4834,10733,NULL,NULL
9047,4834,10734,NULL,NULL
9048,4834,10735,NULL,NULL
9049,4834,10736,NULL,NULL
9050,4834,10737,NULL,NULL
9051,4834,10738,NULL,NULL
9052,4834,10739,NULL,NULL
9053,4834,10740,NULL,NULL
9054,4834,10741,NULL,NULL
9055,4834,10742,NULL,NULL
9056,4834,10743,NULL,NULL
9057,4834,10744,NULL,NULL
9058,4834,10745,NULL,NULL
9059,4834,10746,NULL,NULL
9060,4834,10747,NULL,NULL
9061,4834,10748,NULL,NULL
9062,4834,10749,NULL,NULL
9063,4834,10750,NULL,NULL
9064,4834,10751,NULL,NULL
9065,4834,10752,NULL,NULL
9066,4834,10753,NULL,NULL
9067,4834,10754,NULL,NULL
9068,4834,10755,NULL,NULL
9069,4834,10756,NULL,NULL
9070,4834,10757,NULL,NULL
9071,4835,10758,NULL,NULL
9072,4835,10759,NULL,NULL
9073,4835,10760,NULL,NULL
9074,4835,10761,NULL,NULL
9075,4835,10762,NULL,NULL
9076,4835,10763,NULL,NULL
9077,4835,10764,NULL,NULL
9078,4835,10765,NULL,NULL
9079,4835,10766,NULL,NULL
9080,4835,10767,NULL,NULL
9081,4835,10768,NULL,NULL
9082,4835,10769,NULL,NULL
9083,4835,10770,NULL,NULL
9084,4835,10771,NULL,NULL
9085,4835,10772,NULL,NULL
9086,4835,10773,NULL,NULL
9087,4835,10774,NULL,NULL
9088,4835,10775,NULL,NULL
9089,4835,10776,NULL,NULL
9090,4835,10777,NULL,NULL
9091,4835,10778,NULL,NULL
9092,4835,10779,NULL,NULL
9093,4835,10780,NULL,NULL
9094,4835,10781,NULL,NULL
9095,4835,10782,NULL,NULL
9096,4835,10783,NULL,NULL
9097,4836,10784,NULL,NULL
9098,505,10785,NULL,NULL
9099,12415,10786,NULL,2023-07-24 17:05:52.040
9100,12418,10787,NULL,2023-07-24 17:06:40.990
9101,4837,10788,NULL,NULL
9102,4838,10789,NULL,NULL
9103,4839,10790,NULL,NULL
9104,474,10791,NULL,NULL
9105,474,10792,NULL,NULL
9106,484,10793,NULL,NULL
9107,4841,10794,NULL,NULL
9108,564,10795,NULL,NULL
9109,1853,10796,NULL,NULL
9110,1853,10797,NULL,NULL
9111,1853,10798,NULL,NULL
9112,1853,10799,NULL,NULL
9113,1853,10800,NULL,NULL
9114,1853,10801,NULL,NULL
9115,1853,10802,NULL,NULL
9116,1853,10803,NULL,NULL
9117,1853,10804,NULL,NULL
9118,1853,10805,NULL,NULL
9119,1853,10806,NULL,NULL
9120,1853,10807,NULL,NULL
9121,1853,10808,NULL,NULL
9122,1853,10809,NULL,NULL
9123,1853,10810,NULL,NULL
9124,1853,10811,NULL,NULL
9125,1853,10812,NULL,NULL
9126,1853,10813,NULL,NULL
9127,1853,10814,NULL,NULL
9128,1853,10815,NULL,NULL
9129,1853,10816,NULL,NULL
9130,1853,10817,NULL,NULL
9131,1853,10818,NULL,NULL
9132,1853,10819,NULL,NULL
9133,1853,10820,NULL,NULL
9134,1853,10821,NULL,NULL
9135,1853,10822,NULL,NULL
9136,1853,10823,NULL,NULL
9137,1853,10824,NULL,NULL
9138,4842,10825,NULL,NULL
9139,4842,10826,NULL,NULL
9140,4842,10827,NULL,NULL
9141,4842,10828,NULL,NULL
9142,4842,10829,NULL,NULL
9143,4842,10830,NULL,NULL
9144,4842,10831,NULL,NULL
9146,4842,10833,NULL,NULL
9147,4842,10834,NULL,NULL
9148,4842,10835,NULL,NULL
9149,4842,10836,NULL,NULL
9150,4842,10837,NULL,NULL
9151,4842,10838,NULL,NULL
9152,4842,10839,NULL,NULL
9153,4842,10840,NULL,NULL
9154,4842,10841,NULL,NULL
9155,4842,10842,NULL,NULL
9156,4842,10843,NULL,NULL
9157,4842,10844,NULL,NULL
9158,4842,10845,NULL,NULL
9159,4842,10846,NULL,NULL
9160,4842,10847,NULL,NULL
9161,4842,10848,NULL,NULL
9162,4842,10849,NULL,NULL
9163,4842,10850,NULL,NULL
9164,4842,10851,NULL,NULL
9165,4842,10852,NULL,NULL
9166,4842,10853,NULL,NULL
9167,4842,10854,NULL,NULL
9168,4843,10855,NULL,NULL
9169,4843,10856,NULL,NULL
9170,4843,10857,NULL,NULL
9171,4843,10858,NULL,NULL
9172,4843,10859,NULL,NULL
9173,4843,10860,NULL,NULL
9174,4843,10861,NULL,NULL
9175,4843,10862,NULL,NULL
9176,4843,10863,NULL,NULL
9177,4843,10864,NULL,NULL
9178,4843,10865,NULL,NULL
9179,4843,10866,NULL,NULL
9180,4843,10867,NULL,NULL
9181,4843,10868,NULL,NULL
9182,4843,10869,NULL,NULL
9183,4843,10870,NULL,NULL
9184,4843,10871,NULL,NULL
9185,4843,10872,NULL,NULL
9186,4843,10873,NULL,NULL
9187,4843,10874,NULL,NULL
9188,4843,10875,NULL,NULL
9189,4843,10876,NULL,NULL
9191,4843,10878,NULL,NULL
9192,4843,10879,NULL,NULL
9193,4843,10880,NULL,NULL
9194,4843,10881,NULL,NULL
9195,4843,10882,NULL,NULL
9196,4843,10883,NULL,NULL
9197,4843,10884,NULL,NULL
9198,4843,10885,NULL,NULL
9199,1853,10886,NULL,NULL
9200,4842,10887,NULL,NULL
9201,4843,10888,NULL,NULL
9202,4844,10889,NULL,NULL
9203,1853,10890,NULL,NULL
9204,4842,10891,NULL,NULL
9205,4843,10892,NULL,NULL
9206,4844,10893,NULL,NULL
9207,4844,10894,NULL,NULL
9208,4844,10895,NULL,NULL
9209,4844,10896,NULL,NULL
9210,4844,10897,NULL,NULL
9211,4844,10898,NULL,NULL
9212,4844,10899,NULL,NULL
9213,4844,10900,NULL,NULL
9214,4844,10901,NULL,NULL
9215,4844,10902,NULL,NULL
9216,4844,10903,NULL,NULL
9217,4844,10904,NULL,NULL
9218,4844,10905,NULL,NULL
9219,4844,10906,NULL,NULL
9220,4844,10907,NULL,NULL
9221,4844,10908,NULL,NULL
9222,4844,10909,NULL,NULL
9223,4844,10910,NULL,NULL
9224,4844,10911,NULL,NULL
9226,4844,10913,NULL,NULL
9227,4844,10914,NULL,NULL
9228,4844,10915,NULL,NULL
9229,4844,10916,NULL,NULL
9230,4844,10917,NULL,NULL
9231,4844,10918,NULL,NULL
9232,4844,10919,NULL,NULL
9233,4844,10920,NULL,NULL
9234,4844,10921,NULL,NULL
9235,4844,10922,NULL,NULL
9236,4844,10923,NULL,NULL
9237,4845,10924,NULL,NULL
9238,3843,10925,NULL,NULL
9239,3843,10926,NULL,NULL
9240,3843,10927,NULL,NULL
9241,3843,10928,NULL,NULL
9242,3843,10929,NULL,NULL
9243,3843,10930,NULL,NULL
9244,3843,10931,NULL,NULL
9245,3843,10932,NULL,NULL
9246,3843,10933,NULL,NULL
9247,3843,10934,NULL,NULL
9248,3843,10935,NULL,NULL
9249,3843,10936,NULL,NULL
9250,3843,10937,NULL,NULL
9251,3843,10938,NULL,NULL
9252,4846,10939,NULL,NULL
9253,4846,10940,NULL,NULL
9254,4846,10941,NULL,NULL
9255,12319,10942,NULL,2023-05-24 08:54:43.723
9256,12319,10943,NULL,2023-05-24 08:56:59.310
9257,12319,10944,NULL,2023-05-24 08:56:03.353
9258,12319,10945,NULL,2023-05-24 08:54:08.657
9259,4847,10946,NULL,NULL
9260,4847,10947,NULL,NULL
9261,4847,10948,NULL,NULL
9262,4847,10949,NULL,NULL
9263,4847,10950,NULL,NULL
9264,4849,10951,NULL,NULL
9265,4849,10952,NULL,NULL
9266,4849,10953,NULL,NULL
9267,4849,10954,NULL,NULL
9268,568,10955,NULL,NULL
9269,474,10956,NULL,NULL
9270,474,10957,NULL,NULL
9271,474,10958,NULL,NULL
9272,474,10959,NULL,NULL
9273,474,10960,NULL,NULL
9275,476,10962,NULL,NULL
9276,476,10963,NULL,NULL
9277,4850,10964,NULL,NULL
9278,4851,10965,NULL,NULL
9279,4852,10966,NULL,NULL
9280,490,10967,NULL,2024-05-15 14:51:30.673
9281,4853,10968,NULL,NULL
9282,4853,10969,NULL,NULL
9283,490,10970,NULL,NULL
9284,4854,10971,NULL,NULL
9285,4854,10972,NULL,NULL
9286,4854,10973,NULL,NULL
9287,490,10974,NULL,2024-05-15 14:48:23.740
9288,4855,10975,NULL,NULL
9289,4856,10976,NULL,NULL
9291,467,10978,NULL,NULL
9292,467,10979,NULL,NULL
9296,467,10983,NULL,NULL
9298,472,10985,NULL,NULL
9300,509,10987,NULL,NULL
9301,467,10988,NULL,NULL
9310,1056,10997,NULL,NULL
9311,1056,10998,NULL,NULL
9312,1056,10999,NULL,NULL
9313,1056,11000,NULL,NULL
9315,3864,11002,NULL,NULL
9316,3864,11003,NULL,NULL
9317,3864,11004,NULL,NULL
9318,3864,11005,NULL,NULL
9319,3864,11006,NULL,NULL
9320,3864,11007,NULL,NULL
9321,3864,11008,NULL,NULL
9322,3864,11009,NULL,NULL
9323,3864,11010,NULL,NULL
9324,3864,11011,NULL,NULL
9325,3864,11012,NULL,NULL
9326,3864,11013,NULL,NULL
9327,3864,11014,NULL,NULL
9328,3864,11015,NULL,NULL
9329,3864,11016,NULL,NULL
9330,3864,11017,NULL,NULL
9331,3864,11018,NULL,NULL
9332,3864,11019,NULL,NULL
9333,3864,11020,NULL,NULL
9334,3864,11021,NULL,NULL
9335,3864,11022,NULL,NULL
9336,3864,11023,NULL,NULL
9337,3864,11024,NULL,NULL
9338,3864,11025,NULL,NULL
9339,3864,11026,NULL,NULL
9340,3864,11027,NULL,NULL
9341,3864,11028,NULL,NULL
9342,3864,11029,NULL,NULL
9343,3864,11030,NULL,NULL
9344,3864,11031,NULL,NULL
9345,3864,11032,NULL,NULL
9346,3864,11033,NULL,NULL
9347,3864,11034,NULL,NULL
9348,3864,11035,NULL,NULL
9349,3864,11036,NULL,NULL
9350,3864,11037,NULL,NULL
9351,3864,11038,NULL,NULL
9352,3864,11039,NULL,NULL
9353,3864,11040,NULL,NULL
9354,3864,11041,NULL,NULL
9355,3888,11042,NULL,NULL
9356,3888,11043,NULL,NULL
9357,3888,11044,NULL,NULL
9359,3888,11046,NULL,NULL
9361,4857,11048,NULL,NULL
9366,3888,11053,NULL,NULL
9368,3888,11055,NULL,NULL
9369,3888,11056,NULL,NULL
9372,3888,11059,NULL,NULL
9373,3888,11060,NULL,NULL
9375,3888,11062,NULL,NULL
9377,3888,11064,NULL,NULL
9378,3888,11065,NULL,NULL
9380,3888,11067,NULL,NULL
9386,472,11073,NULL,NULL
9387,3888,11074,NULL,NULL
9388,3888,11075,NULL,NULL
9390,3888,11077,NULL,NULL
9391,3888,11078,NULL,NULL
9393,4858,11080,NULL,NULL
9394,4858,11081,NULL,NULL
9395,4858,11082,NULL,NULL
9396,4858,11083,NULL,NULL
9397,3888,11084,NULL,NULL
9398,3888,11085,NULL,NULL
9399,3888,11086,NULL,NULL
9400,3888,11087,NULL,NULL
9401,4858,11088,NULL,NULL
9402,4858,11089,NULL,NULL
9403,4858,11090,NULL,NULL
9404,4858,11091,NULL,NULL
9405,4858,11092,NULL,NULL
9406,4858,11093,NULL,NULL
9407,4858,11094,NULL,NULL
9408,4858,11095,NULL,NULL
9409,4858,11096,NULL,NULL
9410,4858,11097,NULL,NULL
9411,4858,11098,NULL,NULL
9412,4858,11099,NULL,NULL
9413,4858,11100,NULL,NULL
9414,4858,11101,NULL,NULL
9415,4858,11102,NULL,NULL
9416,4858,11103,NULL,NULL
9417,4858,11104,NULL,NULL
9418,4858,11105,NULL,NULL
9419,4858,11106,NULL,NULL
9420,4858,11107,NULL,NULL
9421,4858,11108,NULL,NULL
9422,4858,11109,NULL,NULL
9423,4858,11110,NULL,NULL
9424,4858,11111,NULL,NULL
9425,4858,11112,NULL,NULL
9426,4858,11113,NULL,NULL
9428,4858,11115,NULL,NULL
9429,4858,11116,NULL,NULL
9430,3888,11117,NULL,NULL
9433,3888,11120,NULL,NULL
9434,3888,11121,NULL,NULL
9435,3888,11122,NULL,NULL
9441,3888,11128,NULL,NULL
9442,4858,11129,NULL,NULL
9443,3888,11130,NULL,NULL
9444,3888,11131,NULL,NULL
9445,4858,11132,NULL,NULL
9446,4858,11133,NULL,NULL
9447,4858,11134,NULL,NULL
9448,4858,11135,NULL,NULL
9449,3888,11136,NULL,NULL
9450,3888,11137,NULL,NULL
9451,3888,11138,NULL,NULL
9452,3888,11139,NULL,NULL
9453,4858,11140,NULL,NULL
9454,3888,11141,NULL,NULL
9455,3888,11142,NULL,NULL
9456,3888,11143,NULL,NULL
9457,3888,11144,NULL,NULL
9458,3888,11145,NULL,NULL
9459,3888,11146,NULL,NULL
9460,3888,11147,NULL,NULL
9461,4599,11148,NULL,NULL
9462,4599,11149,NULL,NULL
9463,4599,11150,NULL,NULL
9464,4512,11151,NULL,NULL
9465,4512,11152,NULL,NULL
9466,4512,11153,NULL,NULL
9467,4512,11154,NULL,NULL
9468,4512,11155,NULL,NULL
9469,4512,11156,NULL,NULL
9470,3888,11157,NULL,NULL
9472,3888,11159,NULL,NULL
9473,4859,11160,NULL,NULL
9474,3888,11161,NULL,NULL
9475,3888,11162,NULL,NULL
9476,3888,11163,NULL,NULL
9477,3888,11164,NULL,NULL
9479,3888,11166,NULL,NULL
9480,3888,11167,NULL,NULL
9484,3888,11171,NULL,NULL
9488,3888,11175,NULL,NULL
9489,1067,11176,NULL,NULL
9490,3901,11177,NULL,NULL
9491,1435,11178,NULL,NULL
9492,3535,11179,NULL,NULL
9493,799,11180,NULL,NULL
9494,799,11181,NULL,NULL
9495,799,11182,NULL,NULL
9496,3364,11183,NULL,NULL
9497,3364,11184,NULL,NULL
9498,3364,11185,NULL,NULL
9499,3364,11186,NULL,NULL
9500,3364,11187,NULL,NULL
9501,3364,11188,NULL,NULL
9502,3364,11189,NULL,NULL
9503,3364,11190,NULL,NULL
9509,3888,11196,NULL,NULL
9510,3888,11197,NULL,NULL
9511,3888,11198,NULL,NULL
9512,3888,11199,NULL,NULL
9513,3888,11200,NULL,NULL
9514,4862,11201,NULL,NULL
9515,3888,11202,NULL,NULL
9516,3888,11203,NULL,NULL
9517,4063,11204,NULL,NULL
9518,4063,11205,NULL,NULL
9519,3888,11206,NULL,NULL
9520,3888,11207,NULL,NULL
9521,3888,11208,NULL,NULL
9522,3888,11209,NULL,NULL
9523,3888,11210,NULL,NULL
9524,1837,11211,NULL,NULL
9525,1837,11212,NULL,NULL
9526,1837,11213,NULL,NULL
9527,1837,11214,NULL,NULL
9528,3888,11215,NULL,NULL
9529,3888,11216,NULL,NULL
9532,2473,11219,NULL,NULL
9533,2473,11220,NULL,NULL
9534,2473,11221,NULL,NULL
9535,2473,11222,NULL,NULL
9536,2473,11223,NULL,NULL
9537,2473,11224,NULL,NULL
9538,2473,11225,NULL,NULL
9539,2473,11226,NULL,NULL
9540,2473,11227,NULL,NULL
9541,2473,11228,NULL,NULL
9542,2473,11229,NULL,NULL
9543,2473,11230,NULL,NULL
9544,2473,11231,NULL,NULL
9545,2473,11232,NULL,NULL
9546,2473,11233,NULL,NULL
9547,2473,11234,NULL,NULL
9548,2473,11235,NULL,NULL
9549,2473,11236,NULL,NULL
9550,2473,11237,NULL,NULL
9551,2514,11238,NULL,NULL
9552,2514,11239,NULL,NULL
9553,2514,11240,NULL,NULL
9554,1645,11241,NULL,NULL
9555,1645,11242,NULL,NULL
9556,1645,11243,NULL,NULL
9557,3990,11244,NULL,NULL
9558,3191,11245,NULL,NULL
9559,2088,11246,NULL,NULL
9560,2088,11247,NULL,NULL
9561,2088,11248,NULL,NULL
9562,2088,11249,NULL,NULL
9563,2088,11250,NULL,NULL
9564,4448,11251,NULL,NULL
9566,4448,11253,NULL,NULL
9567,4448,11254,NULL,NULL
9568,4448,11255,NULL,NULL
9569,1998,11256,NULL,NULL
9570,1998,11257,NULL,NULL
9571,1998,11258,NULL,NULL
9572,1998,11259,NULL,NULL
9573,1998,11260,NULL,NULL
9574,1998,11261,NULL,NULL
9575,1998,11262,NULL,NULL
9576,1998,11263,NULL,NULL
9577,1998,11264,NULL,NULL
9578,1998,11265,NULL,NULL
9579,1998,11266,NULL,NULL
9580,1998,11267,NULL,NULL
9581,1998,11268,NULL,NULL
9582,1998,11269,NULL,NULL
9583,1998,11270,NULL,NULL
9584,1998,11271,NULL,NULL
9585,3992,11272,NULL,NULL
9586,3992,11273,NULL,NULL
9587,3992,11274,NULL,NULL
9588,3992,11275,NULL,NULL
9589,3992,11276,NULL,NULL
9590,3888,11277,NULL,NULL
9591,3848,11278,NULL,NULL
9592,3848,11279,NULL,NULL
9593,3848,11280,NULL,NULL
9594,3928,11281,NULL,NULL
9595,3928,11282,NULL,NULL
9596,3888,11283,NULL,NULL
9597,3926,11284,NULL,NULL
9600,3926,11287,NULL,NULL
9601,3888,11288,NULL,NULL
9602,3888,11289,NULL,NULL
9603,3888,11290,NULL,NULL
9605,3888,11292,NULL,NULL
9606,3888,11293,NULL,2025-08-05 11:42:34.710
9607,3888,11294,NULL,NULL
9609,3888,11296,NULL,NULL
9610,753,11297,NULL,NULL
9611,753,11298,NULL,NULL
9612,753,11299,NULL,NULL
9613,753,11300,NULL,NULL
9614,753,11301,NULL,NULL
9615,753,11302,NULL,NULL
9616,753,11303,NULL,NULL
9617,1065,11304,NULL,NULL
9618,1065,11305,NULL,NULL
9619,1065,11306,NULL,NULL
9620,1065,11307,NULL,NULL
9621,1065,11308,NULL,NULL
9622,1065,11309,NULL,NULL
9623,1065,11310,NULL,NULL
9624,1065,11311,NULL,NULL
9625,3888,11312,NULL,NULL
9626,3888,11313,NULL,NULL
9627,1065,11314,NULL,NULL
9628,3888,11315,NULL,NULL
9629,1448,11316,NULL,NULL
9630,1448,11317,NULL,NULL
9631,1448,11318,NULL,NULL
9632,3888,11319,NULL,NULL
9633,3888,11320,NULL,NULL
9634,1496,11321,NULL,NULL
9635,1496,11322,NULL,NULL
9636,3888,11323,NULL,NULL
9637,3888,11324,NULL,NULL
9638,3888,11325,NULL,NULL
9639,3888,11326,NULL,NULL
9640,3888,11327,NULL,NULL
9641,3888,11328,NULL,NULL
9642,3888,11329,NULL,NULL
9643,3888,11330,NULL,NULL
9644,3888,11331,NULL,NULL
9645,3888,11332,NULL,NULL
9646,3041,11333,NULL,NULL
9647,3041,11334,NULL,NULL
9648,3041,11335,NULL,NULL
9649,3041,11336,NULL,NULL
9650,3041,11337,NULL,NULL
9651,3041,11338,NULL,NULL
9652,3041,11339,NULL,NULL
9653,3041,11340,NULL,NULL
9654,3041,11341,NULL,NULL
9655,3041,11342,NULL,NULL
9656,3888,11343,NULL,NULL
9657,3888,11344,NULL,NULL
9658,3888,11345,NULL,NULL
9659,3888,11346,NULL,NULL
9660,3888,11347,NULL,NULL
9661,3888,11348,NULL,NULL
9662,3888,11349,NULL,NULL
9663,4864,11350,NULL,NULL
9664,4864,11351,NULL,NULL
9665,3888,11352,NULL,2025-04-21 10:38:52.280
9666,3888,11353,NULL,NULL
9667,3888,11354,NULL,NULL
9668,3888,11355,NULL,2025-04-17 15:42:36.077
9669,1981,11356,NULL,NULL
9670,11170,11357,NULL,NULL
9671,11170,11358,NULL,NULL
9672,3888,11359,NULL,NULL
9673,4865,11360,NULL,NULL
9674,3888,11361,NULL,NULL
9675,3888,11362,NULL,NULL
9676,3888,11363,NULL,NULL
9677,3888,11364,NULL,NULL
9678,3888,11365,NULL,NULL
9679,3888,11366,NULL,NULL
9680,3888,11367,NULL,NULL
9681,2099,11368,NULL,NULL
9682,2099,11369,NULL,NULL
9683,2099,11370,NULL,NULL
9684,3888,11371,NULL,NULL
9685,3888,11372,NULL,NULL
9686,3187,11373,NULL,NULL
9687,3187,11374,NULL,NULL
9688,3187,11375,NULL,NULL
9689,3187,11376,NULL,NULL
9690,3187,11377,NULL,NULL
9691,3187,11378,NULL,NULL
9692,3187,11379,NULL,NULL
9693,3187,11380,NULL,NULL
9694,3187,11381,NULL,NULL
9695,3888,11382,NULL,NULL
9696,2533,11383,NULL,NULL
9697,2533,11384,NULL,NULL
9698,2533,11385,NULL,NULL
9700,474,11387,NULL,NULL
9701,3888,11388,NULL,NULL
9702,3888,11389,NULL,NULL
9703,3888,11390,NULL,NULL
9704,3888,11391,NULL,NULL
9705,3888,11392,NULL,NULL
9706,3888,11393,NULL,NULL
9707,3888,11394,NULL,NULL
9708,3888,11395,NULL,NULL
9709,4866,11396,NULL,NULL
9710,3888,11397,NULL,NULL
9711,4867,11398,NULL,NULL
9712,4869,11399,NULL,NULL
9713,3888,11400,NULL,NULL
9714,3888,11401,NULL,NULL
9715,3440,11402,NULL,NULL
9716,4410,11403,NULL,NULL
9717,4410,11404,NULL,NULL
9718,4868,11405,NULL,NULL
9719,3888,11406,NULL,NULL
9720,3888,11407,NULL,NULL
9721,474,11408,NULL,NULL
9722,474,11409,NULL,NULL
9723,3888,11410,NULL,NULL
9724,3888,11411,NULL,NULL
9725,3888,11412,NULL,NULL
9726,3888,11413,NULL,NULL
9727,3888,11414,NULL,NULL
9728,3888,11415,NULL,2025-08-05 14:04:36.720
9729,3888,11416,NULL,NULL
9730,3888,11417,NULL,NULL
9731,3888,11418,NULL,NULL
9732,3888,11419,NULL,NULL
9733,3888,11420,NULL,NULL
9734,3888,11421,NULL,NULL
9735,3888,11422,NULL,NULL
9736,3888,11423,NULL,NULL
9737,3888,11424,NULL,NULL
9738,3888,11425,NULL,NULL
9739,3888,11426,NULL,NULL
9740,4870,11427,NULL,NULL
9741,4870,11428,NULL,NULL
9742,4870,11429,NULL,NULL
9743,4870,11430,NULL,NULL
9744,4870,11431,NULL,NULL
9745,4870,11432,NULL,NULL
9746,4870,11433,NULL,NULL
9747,4870,11434,NULL,NULL
9748,474,11435,NULL,NULL
9749,531,11436,NULL,NULL
9750,531,11437,NULL,NULL
9751,468,11438,NULL,NULL
9752,4871,11439,NULL,NULL
9753,442,11440,NULL,NULL
9754,442,11441,NULL,2024-02-16 10:16:15.650
9755,469,11442,NULL,NULL
9756,469,11443,NULL,NULL
9757,469,11444,NULL,NULL
9758,443,11445,NULL,NULL
9759,443,11446,NULL,NULL
9760,498,11447,NULL,NULL
9761,492,11448,NULL,NULL
9762,4872,11449,NULL,NULL
9763,4872,11450,NULL,NULL
9764,449,11451,NULL,NULL
9765,449,11452,NULL,NULL
9766,1840,11453,NULL,NULL
9767,1840,11454,NULL,NULL
9768,1840,11455,NULL,NULL
9769,1840,11456,NULL,NULL
9770,526,11457,NULL,NULL
9771,526,11458,NULL,NULL
9772,526,11459,NULL,NULL
9773,526,11460,NULL,NULL
9774,526,11461,NULL,NULL
9775,526,11462,NULL,NULL
9776,526,11463,NULL,NULL
9777,526,11464,NULL,NULL
9779,526,11466,NULL,NULL
9780,526,11467,NULL,NULL
9781,522,11468,NULL,NULL
9782,526,11469,NULL,NULL
9783,526,11470,NULL,NULL
9784,522,11471,NULL,NULL
9785,4535,11472,NULL,NULL
9786,4535,11473,NULL,NULL
9787,542,11474,NULL,NULL
9788,4873,11475,NULL,NULL
9789,4873,11476,NULL,NULL
9790,4873,11477,NULL,NULL
9791,4873,11478,NULL,NULL
9792,4873,11479,NULL,NULL
9793,4873,11480,NULL,NULL
9794,4873,11481,NULL,NULL
9795,4873,11482,NULL,NULL
9796,467,11483,NULL,NULL
9797,542,11484,NULL,NULL
9799,471,11486,NULL,NULL
9800,4874,11487,NULL,NULL
9801,472,11488,NULL,NULL
9802,467,11489,NULL,NULL
9803,472,11490,NULL,NULL
9804,467,11491,NULL,NULL
9807,4875,11494,NULL,NULL
9808,475,11495,NULL,NULL
9809,4876,11496,NULL,NULL
9810,467,11497,NULL,NULL
9811,536,11498,NULL,NULL
9814,448,11501,NULL,NULL
9815,467,11502,NULL,NULL
9816,472,11503,NULL,NULL
9817,553,11504,NULL,NULL
9818,553,11505,NULL,NULL
9819,478,11506,NULL,NULL
9821,478,11508,NULL,NULL
9822,478,11509,NULL,NULL
9823,480,11510,NULL,NULL
9824,4877,11511,NULL,NULL
9825,3176,11512,NULL,NULL
9826,3176,11513,NULL,NULL
9827,4493,11514,NULL,NULL
9828,4493,11515,NULL,NULL
9829,4493,11516,NULL,NULL
9830,474,11517,NULL,NULL
9831,4436,11518,NULL,NULL
9832,4436,11519,NULL,NULL
9833,4436,11520,NULL,NULL
9834,4436,11521,NULL,NULL
9836,3888,11523,NULL,NULL
9837,3888,11524,NULL,NULL
9839,3888,11526,NULL,NULL
9840,590,11527,NULL,NULL
9843,3888,11530,NULL,NULL
9844,3888,11531,NULL,NULL
9845,3888,11532,NULL,NULL
9846,3888,11533,NULL,NULL
9847,3888,11534,NULL,NULL
9848,3888,11535,NULL,NULL
9849,3888,11536,NULL,2025-08-05 14:40:05.950
9850,3888,11537,NULL,NULL
9851,3888,11538,NULL,NULL
9852,3888,11539,NULL,NULL
9853,3888,11540,NULL,NULL
9854,3888,11541,NULL,NULL
9855,3888,11542,NULL,NULL
9856,3888,11543,NULL,NULL
9858,3888,11545,NULL,NULL
9862,3888,11549,NULL,NULL
9868,3888,11555,NULL,NULL
9869,3888,11556,NULL,NULL
9871,3888,11558,NULL,NULL
9872,3888,11559,NULL,2025-08-05 14:19:12.203
9873,3888,11560,NULL,NULL
9874,3888,11561,NULL,NULL
9875,3888,11562,NULL,NULL
9876,3888,11563,NULL,NULL
9877,3888,11564,NULL,NULL
9878,3888,11565,NULL,NULL
9879,3888,11566,NULL,NULL
9880,3888,11567,NULL,NULL
9881,3888,11568,NULL,NULL
9882,3888,11569,NULL,NULL
9883,3888,11570,NULL,NULL
9884,3888,11571,NULL,NULL
9885,3888,11572,NULL,NULL
9886,3888,11573,NULL,NULL
9888,3888,11575,NULL,NULL
9890,3888,11577,NULL,NULL
9891,3888,11578,NULL,NULL
9892,3888,11579,NULL,NULL
9893,3888,11580,NULL,NULL
9894,3888,11581,NULL,NULL
9895,3888,11582,NULL,NULL
9896,3888,11583,NULL,NULL
9897,3888,11584,NULL,NULL
9898,3888,11585,NULL,NULL
9899,3888,11586,NULL,NULL
9900,3888,11587,NULL,NULL
9901,474,11588,NULL,NULL
9902,474,11589,NULL,NULL
9903,474,11590,NULL,NULL
9904,474,11591,NULL,NULL
9905,474,11592,NULL,NULL
9906,474,11593,NULL,NULL
9907,474,11594,NULL,NULL
9908,474,11595,NULL,NULL
9909,474,11596,NULL,NULL
9910,474,11597,NULL,NULL
9911,474,11598,NULL,NULL
9912,474,11599,NULL,NULL
9913,474,11600,NULL,NULL
9914,474,11601,NULL,NULL
9915,474,11602,NULL,NULL
9916,474,11603,NULL,NULL
9917,572,11604,NULL,NULL
9918,509,11605,NULL,NULL
9922,564,11609,NULL,NULL
9929,564,11616,NULL,NULL
9932,564,11619,NULL,NULL
9937,564,11624,NULL,NULL
9938,564,11625,NULL,NULL
9939,564,11626,NULL,NULL
9940,564,11627,NULL,NULL
9941,564,11628,NULL,NULL
9942,564,11629,NULL,2023-08-21 16:40:35.010
9944,564,11631,NULL,NULL
9948,564,11635,NULL,NULL
9949,564,11636,NULL,NULL
9951,564,11638,NULL,2023-08-28 14:15:21.407
9953,564,11640,NULL,NULL
9954,564,11641,NULL,NULL
9955,564,11642,NULL,NULL
9956,564,11643,NULL,NULL
9959,564,11646,NULL,NULL
9960,564,11647,NULL,NULL
9963,474,11650,NULL,NULL
9964,474,11651,NULL,NULL
9965,474,11652,NULL,NULL
9966,474,11653,NULL,NULL
9971,474,11658,NULL,NULL
9983,474,11670,NULL,NULL
9987,474,11674,NULL,NULL
9992,564,11679,NULL,NULL
9993,564,11680,NULL,NULL
9994,564,11681,NULL,NULL
9995,564,11682,NULL,NULL
9998,564,11685,NULL,NULL
10002,474,11689,NULL,NULL
10005,564,11692,NULL,NULL
10006,564,11693,NULL,NULL
10007,564,11694,NULL,NULL
10009,564,11696,NULL,NULL
10024,564,11711,NULL,NULL
10029,564,11716,NULL,NULL
10030,564,11717,NULL,NULL
10031,474,11718,NULL,NULL
10032,564,11719,NULL,NULL
10035,564,11722,NULL,NULL
10038,564,11725,NULL,NULL
10041,474,11728,NULL,NULL
10044,564,11731,NULL,NULL
10047,564,11734,NULL,NULL
10068,474,11755,NULL,NULL
10069,474,11756,NULL,NULL
10071,1463,11758,NULL,NULL
10072,474,11759,NULL,NULL
10073,474,11760,NULL,NULL
10075,474,11762,NULL,NULL
10076,474,11763,NULL,NULL
10094,474,11781,NULL,NULL
10095,474,11782,NULL,NULL
10100,4878,11787,NULL,NULL
10101,474,11788,NULL,2025-09-08 13:36:47.977
10109,474,11796,NULL,NULL
10116,474,11803,NULL,NULL
10132,474,11819,NULL,NULL
10134,564,11821,NULL,2023-08-18 17:12:49.480
10140,474,11827,NULL,NULL
10141,1043,11828,NULL,NULL
10142,1043,11829,NULL,NULL
10143,1043,11830,NULL,NULL
10144,1043,11831,NULL,NULL
10146,474,11833,NULL,NULL
10147,474,11834,NULL,NULL
10148,474,11835,NULL,NULL
10149,474,11836,NULL,NULL
10150,474,11837,NULL,NULL
10170,474,11857,NULL,NULL
10171,4879,11858,NULL,NULL
10173,564,11860,NULL,NULL
10179,4880,11866,NULL,NULL
10180,4881,11867,NULL,NULL
10186,4883,11873,NULL,NULL
10188,474,11875,NULL,NULL
10189,474,11876,NULL,NULL
10191,564,11878,NULL,2023-08-18 17:15:06.310
10192,474,11879,NULL,NULL
10193,474,11880,NULL,NULL
10195,474,11882,NULL,NULL
10199,4885,11886,NULL,NULL
10200,4886,11887,NULL,NULL
10201,564,11888,NULL,NULL
10202,564,11889,NULL,NULL
10203,4887,11890,NULL,NULL
10206,4888,11893,NULL,NULL
10207,4889,11894,NULL,NULL
10208,570,11895,NULL,NULL
10209,570,11896,NULL,NULL
10210,570,11897,NULL,NULL
10211,2636,11898,NULL,NULL
10212,4892,11899,NULL,NULL
10213,4892,11900,NULL,NULL
10214,564,11901,NULL,2024-02-13 11:37:37.283
10216,474,11903,NULL,NULL
10217,4894,11904,NULL,NULL
10219,4895,11906,NULL,NULL
10220,4895,11907,NULL,NULL
10221,4896,11908,NULL,NULL
10222,564,11909,NULL,NULL
10223,4897,11910,NULL,NULL
10225,1768,11912,NULL,NULL
10227,1768,11914,NULL,NULL
10228,1768,11915,NULL,NULL
10229,1768,11916,NULL,NULL
10230,1768,11917,NULL,NULL
10231,1768,11918,NULL,NULL
10232,1768,11919,NULL,NULL
10233,1768,11920,NULL,NULL
10235,1768,11922,NULL,NULL
10236,1768,11923,NULL,NULL
10237,1768,11924,NULL,NULL
10238,564,11925,NULL,NULL
10239,564,11926,NULL,NULL
10242,564,11929,NULL,NULL
10244,4899,11931,NULL,NULL
10247,564,11934,NULL,NULL
10248,564,11935,NULL,NULL
10249,4900,11936,NULL,NULL
10250,4901,11937,NULL,NULL
10252,564,11939,NULL,NULL
10253,4903,11940,NULL,NULL
10254,4904,11941,NULL,NULL
10255,460,11942,NULL,NULL
10268,4905,11955,NULL,NULL
10269,4906,11956,NULL,NULL
10280,474,11967,NULL,NULL
10282,564,11969,NULL,2023-08-18 17:15:21.900
10286,4907,11973,NULL,NULL
10288,474,11975,NULL,NULL
10289,4909,11976,NULL,NULL
10290,4910,11977,NULL,NULL
10291,474,11978,NULL,NULL
10292,474,11979,NULL,NULL
10294,4911,11981,NULL,NULL
10295,564,11982,NULL,NULL
10300,4912,11987,NULL,NULL
10301,4913,11988,NULL,NULL
10302,474,11989,NULL,NULL
10303,1890,11990,NULL,NULL
10304,4915,11991,NULL,NULL
10305,4916,11992,NULL,NULL
10306,474,11993,NULL,NULL
10307,4917,11994,NULL,NULL
10312,4919,11999,NULL,NULL
10313,4919,12000,NULL,NULL
10314,4919,12001,NULL,NULL
10315,4919,12002,NULL,NULL
10316,4483,12003,NULL,NULL
10317,4483,12004,NULL,NULL
10318,564,12005,NULL,NULL
10319,564,12006,NULL,NULL
10321,564,12008,NULL,NULL
10322,1461,12009,NULL,NULL
10324,4305,12011,NULL,NULL
10328,564,12015,NULL,NULL
10329,564,12016,NULL,NULL
10330,564,12017,NULL,NULL
10331,564,12018,NULL,NULL
10332,564,12019,NULL,2023-08-04 14:55:09.140
10334,474,12021,NULL,NULL
10335,474,12022,NULL,NULL
10336,474,12023,NULL,NULL
10339,904,12026,NULL,NULL
10340,4921,12027,NULL,NULL
10341,4922,12028,NULL,NULL
10342,4924,12029,NULL,NULL
10343,4925,12030,NULL,NULL
10344,4926,12031,NULL,NULL
10347,4928,12034,NULL,NULL
10348,4930,12035,NULL,NULL
10352,4932,12039,NULL,NULL
10353,4933,12040,NULL,NULL
10354,564,12041,NULL,2024-02-13 11:37:54.160
10355,564,12042,NULL,2023-08-22 16:13:54.030
10359,4934,12046,NULL,NULL
10360,564,12047,NULL,NULL
10361,564,12048,NULL,NULL
10362,564,12049,NULL,NULL
10363,564,12050,NULL,NULL
10364,564,12051,NULL,NULL
10365,564,12052,NULL,NULL
10370,4939,12057,NULL,NULL
10371,474,12058,NULL,NULL
10372,4940,12059,NULL,NULL
10373,564,12060,NULL,NULL
10375,4941,12062,NULL,NULL
10376,4942,12063,NULL,NULL
10377,4943,12064,NULL,NULL
10378,4944,12065,NULL,NULL
10379,4945,12066,NULL,NULL
10380,564,12067,NULL,NULL
10383,474,12070,NULL,NULL
10387,474,12074,NULL,NULL
10388,474,12075,NULL,NULL
10390,474,12077,NULL,NULL
10391,4946,12078,NULL,NULL
10392,4947,12079,NULL,NULL
10393,4948,12080,NULL,NULL
10394,4948,12081,NULL,NULL
10395,4948,12082,NULL,NULL
10396,4949,12083,NULL,NULL
10397,4950,12084,NULL,NULL
10398,4951,12085,NULL,NULL
10399,4952,12086,NULL,NULL
10400,4953,12087,NULL,NULL
10401,4954,12088,NULL,NULL
10402,4955,12089,NULL,NULL
10404,4956,12091,NULL,NULL
10406,564,12093,NULL,NULL
10408,4957,12095,NULL,NULL
10415,4960,12102,NULL,NULL
10422,564,12109,NULL,NULL
10429,564,12116,NULL,NULL
10431,4961,12118,NULL,NULL
10432,4961,12119,NULL,NULL
10433,4961,12120,NULL,NULL
10434,4962,12121,NULL,NULL
10436,474,12123,NULL,NULL
10438,4963,12125,NULL,NULL
10439,4965,12126,NULL,NULL
10440,4966,12127,NULL,NULL
10441,4967,12128,NULL,NULL
10442,564,12129,NULL,NULL
10445,474,12132,NULL,NULL
10446,564,12133,NULL,NULL
10448,4968,12135,NULL,NULL
10449,474,12136,NULL,NULL
10450,474,12137,NULL,NULL
10451,4969,12138,NULL,2025-01-06 13:23:50.087
10452,474,12139,NULL,NULL
10456,564,12143,NULL,NULL
10457,474,12144,NULL,NULL
10458,4970,12145,NULL,NULL
10459,474,12146,NULL,NULL
10460,564,12147,NULL,NULL
10461,474,12148,NULL,NULL
10463,474,12150,NULL,NULL
10465,564,12152,NULL,NULL
10468,564,12155,NULL,NULL
10471,474,12158,NULL,NULL
10472,564,12159,NULL,NULL
10473,474,12160,NULL,NULL
10475,474,12162,NULL,NULL
10483,4973,12170,NULL,NULL
10484,4974,12171,NULL,NULL
10485,4975,12172,NULL,NULL
10486,4976,12173,NULL,NULL
10487,4977,12174,NULL,NULL
10488,4977,12175,NULL,NULL
10489,4977,12176,NULL,NULL
10496,474,12183,NULL,NULL
10497,474,12184,NULL,NULL
10500,4979,12187,NULL,NULL
10504,474,12191,NULL,NULL
10505,474,12192,NULL,NULL
10508,474,12195,NULL,NULL
10509,4980,12196,NULL,NULL
10510,474,12197,NULL,NULL
10514,4981,12201,NULL,NULL
10516,474,12203,NULL,NULL
10520,4983,12207,NULL,NULL
10524,4984,12211,NULL,NULL
10528,474,12215,NULL,NULL
10530,474,12217,NULL,NULL
10532,564,12219,NULL,NULL
10533,474,12220,NULL,NULL
10534,474,12221,NULL,NULL
10535,474,12222,NULL,NULL
10537,474,12224,NULL,NULL
10538,474,12225,NULL,NULL
10539,474,12226,NULL,NULL
10541,474,12228,NULL,NULL
10543,474,12230,NULL,NULL
10544,474,12231,NULL,NULL
10545,474,12232,NULL,NULL
10546,474,12233,NULL,NULL
10547,474,12234,NULL,NULL
10548,474,12235,NULL,NULL
10549,474,12236,NULL,NULL
10550,474,12237,NULL,NULL
10551,474,12238,NULL,NULL
10553,4986,12240,NULL,NULL
10554,4987,12241,NULL,NULL
10555,4987,12242,NULL,NULL
10556,4987,12243,NULL,NULL
10557,4987,12244,NULL,NULL
10560,4990,12247,NULL,NULL
10561,4991,12248,NULL,NULL
10563,4994,12250,NULL,NULL
10564,564,12251,NULL,NULL
10565,4995,12252,NULL,NULL
10566,4996,12253,NULL,NULL
10567,4997,12254,NULL,NULL
10570,4998,12257,NULL,NULL
10571,564,12258,NULL,2024-02-13 11:38:36.743
10573,564,12260,NULL,NULL
10575,4999,12262,NULL,NULL
10578,564,12265,NULL,NULL
10579,5001,12266,NULL,NULL
10580,5002,12267,NULL,NULL
10581,565,12268,NULL,NULL
10582,5003,12269,NULL,NULL
10583,5004,12270,NULL,NULL
10584,1991,12271,NULL,2023-10-25 10:04:08.883
10585,5005,12272,NULL,NULL
10586,5006,12273,NULL,NULL
10587,5007,12274,NULL,NULL
10588,5009,12275,NULL,NULL
10589,5010,12276,NULL,NULL
10590,5011,12277,NULL,NULL
10592,5013,12279,NULL,NULL
10593,5014,12280,NULL,NULL
10594,5015,12281,NULL,NULL
10595,1037,12282,NULL,NULL
10596,1037,12283,NULL,NULL
10597,1037,12284,NULL,NULL
10598,1037,12285,NULL,NULL
10599,1037,12286,NULL,NULL
10600,1037,12287,NULL,NULL
10601,474,12288,NULL,NULL
10602,474,12289,NULL,NULL
10603,5016,12290,NULL,NULL
10604,545,12291,NULL,NULL
10605,3843,12292,NULL,NULL
10606,5017,12293,NULL,NULL
10607,2804,12294,NULL,NULL
10608,5018,12295,NULL,NULL
10609,5019,12296,NULL,NULL
10610,4765,12297,NULL,NULL
10611,526,12298,NULL,NULL
10612,526,12299,NULL,NULL
10614,5023,12301,NULL,NULL
10615,5024,12302,NULL,NULL
10616,5025,12303,NULL,NULL
10617,5026,12304,NULL,NULL
10618,5028,12305,NULL,NULL
10619,5029,12306,NULL,NULL
10620,5030,12307,NULL,NULL
10621,5030,12308,NULL,NULL
10622,5030,12309,NULL,NULL
10623,5030,12310,NULL,NULL
10624,5030,12311,NULL,NULL
10625,5030,12312,NULL,NULL
10626,5030,12313,NULL,NULL
10627,5030,12314,NULL,NULL
10628,474,12315,NULL,NULL
10629,474,12316,NULL,NULL
10630,522,12317,NULL,NULL
10631,474,12318,NULL,NULL
10632,474,12319,NULL,NULL
10635,526,12322,NULL,NULL
10636,474,12323,NULL,NULL
10637,474,12324,NULL,NULL
10639,474,12326,NULL,NULL
10640,474,12327,NULL,NULL
10641,522,12328,NULL,NULL
10653,526,12340,NULL,NULL
10654,5031,12341,NULL,NULL
10656,5032,12343,NULL,NULL
10657,526,12344,NULL,NULL
10659,526,12346,NULL,NULL
10660,526,12347,NULL,NULL
10661,5033,12348,NULL,NULL
10662,474,12349,NULL,NULL
10663,474,12350,NULL,NULL
10664,5034,12351,NULL,NULL
10666,474,12353,NULL,NULL
10670,474,12357,NULL,NULL
10672,474,12359,NULL,NULL
10673,474,12360,NULL,NULL
10674,474,12361,NULL,NULL
10675,474,12362,NULL,NULL
10676,474,12363,NULL,NULL
10677,474,12364,NULL,NULL
10680,474,12367,NULL,NULL
10684,474,12371,NULL,NULL
10685,474,12372,NULL,NULL
10686,474,12373,NULL,NULL
10688,474,12375,NULL,NULL
10689,474,12376,NULL,NULL
10690,5035,12377,NULL,NULL
10691,5036,12378,NULL,NULL
10693,5038,12380,NULL,NULL
10695,474,12382,NULL,NULL
10699,474,12386,NULL,NULL
10700,474,12387,NULL,NULL
10701,474,12388,NULL,NULL
10702,474,12389,NULL,NULL
10703,474,12390,NULL,NULL
10704,474,12391,NULL,NULL
10705,474,12392,NULL,NULL
10706,474,12393,NULL,NULL
10707,474,12394,NULL,NULL
10708,474,12395,NULL,NULL
10709,474,12396,NULL,NULL
10710,474,12397,NULL,NULL
10711,474,12398,NULL,NULL
10712,474,12399,NULL,NULL
10713,5040,12400,NULL,NULL
10715,5042,12402,NULL,NULL
10716,474,12403,NULL,NULL
10721,474,12408,NULL,NULL
10722,474,12409,NULL,NULL
10723,474,12410,NULL,NULL
10724,474,12411,NULL,NULL
10725,474,12412,NULL,NULL
10726,474,12413,NULL,NULL
10728,474,12415,NULL,NULL
10729,474,12416,NULL,NULL
10731,474,12418,NULL,NULL
10733,474,12420,NULL,NULL
10734,474,12421,NULL,NULL
10735,474,12422,NULL,NULL
10736,474,12423,NULL,NULL
10737,5043,12424,NULL,NULL
10738,5044,12425,NULL,NULL
10739,5045,12426,NULL,NULL
10740,5046,12427,NULL,NULL
10741,5047,12428,NULL,NULL
10742,739,12429,NULL,NULL
10743,739,12430,NULL,NULL
10744,739,12431,NULL,NULL
10745,739,12432,NULL,NULL
10746,739,12433,NULL,NULL
10747,466,12434,NULL,NULL
10748,5048,12435,NULL,NULL
10749,5049,12436,NULL,NULL
10750,5050,12437,NULL,NULL
10751,5050,12438,NULL,NULL
10753,5053,12440,NULL,NULL
10754,5054,12441,NULL,NULL
10756,5056,12443,NULL,NULL
10757,5057,12444,NULL,NULL
10758,5059,12445,NULL,NULL
10759,3862,12446,NULL,NULL
10760,3862,12447,NULL,NULL
10761,3862,12448,NULL,NULL
10762,3862,12449,NULL,NULL
10763,3862,12450,NULL,NULL
10764,3862,12451,NULL,NULL
10765,5060,12452,NULL,NULL
10766,5061,12453,NULL,NULL
10767,5062,12454,NULL,NULL
10768,474,12455,NULL,NULL
10770,474,12457,NULL,NULL
10771,474,12458,NULL,NULL
10772,474,12459,NULL,NULL
10773,474,12460,NULL,NULL
10774,474,12461,NULL,NULL
10775,474,12462,NULL,NULL
10780,5064,12467,NULL,NULL
10782,5065,12469,NULL,NULL
10783,474,12470,NULL,NULL
10784,474,12471,NULL,NULL
10785,474,12472,NULL,NULL
10786,5066,12473,NULL,NULL
10787,474,12474,NULL,NULL
10788,5067,12475,NULL,NULL
10796,474,12483,NULL,NULL
10798,474,12485,NULL,NULL
10799,474,12486,NULL,NULL
10800,474,12487,NULL,NULL
10801,474,12488,NULL,NULL
10803,5068,12490,NULL,NULL
10806,474,12493,NULL,NULL
10808,5069,12495,NULL,NULL
10812,474,12499,NULL,NULL
10813,474,12500,NULL,NULL
10814,474,12501,NULL,NULL
10815,474,12502,NULL,NULL
10816,474,12503,NULL,NULL
10817,474,12504,NULL,NULL
10818,474,12505,NULL,NULL
10819,474,12506,NULL,NULL
10820,474,12507,NULL,NULL
10821,474,12508,NULL,NULL
10822,474,12509,NULL,NULL
10823,474,12510,NULL,NULL
10824,474,12511,NULL,NULL
10825,474,12512,NULL,NULL
10826,474,12513,NULL,NULL
10827,474,12514,NULL,NULL
10828,474,12515,NULL,NULL
10829,474,12516,NULL,NULL
10830,5071,12517,NULL,NULL
10831,5072,12518,NULL,NULL
10832,5073,12519,NULL,NULL
10833,474,12520,NULL,NULL
10834,5074,12521,NULL,NULL
10836,474,12523,NULL,NULL
10837,5075,12524,NULL,NULL
10838,5076,12525,NULL,NULL
10839,5077,12526,NULL,NULL
10840,474,12527,NULL,NULL
10841,474,12528,NULL,NULL
10843,474,12530,NULL,NULL
10844,474,12531,NULL,NULL
10845,474,12532,NULL,NULL
10847,474,12534,NULL,NULL
10848,474,12535,NULL,NULL
10850,474,12537,NULL,NULL
10852,474,12539,NULL,NULL
10853,474,12540,NULL,NULL
10855,474,12542,NULL,NULL
10859,474,12546,NULL,NULL
10860,474,12547,NULL,NULL
10861,474,12548,NULL,NULL
10864,5079,12551,NULL,NULL
10865,474,12552,NULL,NULL
10867,474,12554,NULL,NULL
10868,474,12555,NULL,NULL
10876,5080,12563,NULL,NULL
10877,474,12564,NULL,NULL
10878,474,12565,NULL,NULL
10880,5081,12567,NULL,2025-02-07 11:10:58.263
10881,474,12568,NULL,NULL
10882,474,12569,NULL,NULL
10883,474,12570,NULL,NULL
10884,474,12571,NULL,NULL
10885,474,12572,NULL,NULL
10886,474,12573,NULL,NULL
10888,474,12575,NULL,NULL
10889,474,12576,NULL,NULL
10892,5083,12579,NULL,NULL
10893,5083,12580,NULL,NULL
10894,474,12581,NULL,NULL
10895,5084,12582,NULL,NULL
10896,474,12583,NULL,NULL
10897,474,12584,NULL,NULL
10898,474,12585,NULL,NULL
10899,474,12586,NULL,NULL
10900,474,12587,NULL,NULL
10901,474,12588,NULL,NULL
10902,474,12589,NULL,NULL
10905,3888,12592,NULL,NULL
10906,3888,12593,NULL,2025-07-31 13:55:00.630
10907,3888,12594,NULL,NULL
10908,3888,12595,NULL,NULL
10909,3888,12596,NULL,NULL
10910,3888,12597,NULL,NULL
10911,3888,12598,NULL,NULL
10912,3888,12599,NULL,2025-07-31 14:58:34.587
10913,3888,12600,NULL,2024-08-22 10:45:01.197
10914,3888,12601,NULL,NULL
10915,3888,12602,NULL,NULL
10916,3888,12603,NULL,2025-07-31 14:37:31.297
10917,3888,12604,NULL,NULL
10918,3888,12605,NULL,2024-08-22 10:59:44.210
10919,3888,12606,NULL,2025-07-31 14:35:50.370
10920,3888,12607,NULL,NULL
10921,3888,12608,NULL,NULL
10922,3888,12609,NULL,2024-08-22 10:55:40.427
10923,3888,12610,NULL,2024-08-22 10:55:56.707
10924,3888,12611,NULL,NULL
10925,3888,12612,NULL,NULL
10926,3888,12613,NULL,NULL
10929,3888,12616,NULL,2024-08-22 10:56:10.860
10930,3888,12617,NULL,NULL
10931,474,12618,NULL,NULL
10932,3888,12619,NULL,NULL
10934,3888,12621,NULL,NULL
10935,3888,12622,NULL,NULL
10936,3888,12623,NULL,2024-08-22 10:46:18.840
10937,3888,12624,NULL,2024-08-22 10:55:22.300
10938,3888,12625,NULL,2024-08-22 10:54:46.517
10939,3888,12626,NULL,2024-08-22 10:55:07.020
10940,3888,12627,NULL,2025-04-17 15:18:40.900
10941,3888,12628,NULL,NULL
10942,3888,12629,NULL,NULL
10943,3888,12630,NULL,NULL
10944,3888,12631,NULL,NULL
10945,3888,12632,NULL,NULL
10946,3888,12633,NULL,NULL
10947,3888,12634,NULL,NULL
10948,3888,12635,NULL,2025-07-31 15:12:20.187
10950,3888,12637,NULL,NULL
10951,3888,12638,NULL,2025-07-31 15:13:12.110
10952,3888,12639,NULL,NULL
10953,3888,12640,NULL,2025-07-31 15:18:32.700
10954,3888,12641,NULL,2025-07-31 15:19:08.507
10956,5086,12643,NULL,NULL
10957,5087,12644,NULL,NULL
10958,5088,12645,NULL,NULL
10959,3888,12646,NULL,NULL
10960,474,12647,NULL,NULL
10961,5087,12648,NULL,NULL
10962,5087,12649,NULL,NULL
10963,5089,12650,NULL,NULL
10964,474,12651,NULL,NULL
10965,5090,12652,NULL,NULL
10967,474,12654,NULL,NULL
10968,5091,12655,NULL,NULL
10969,5091,12656,NULL,NULL
10970,5091,12657,NULL,NULL
10971,474,12658,NULL,NULL
10973,5094,12660,NULL,NULL
10975,474,12662,NULL,NULL
10976,474,12663,NULL,NULL
10977,474,12664,NULL,NULL
10978,5095,12665,NULL,NULL
10979,5096,12666,NULL,NULL
10980,5096,12667,NULL,NULL
10981,5097,12668,NULL,NULL
10983,5099,12670,NULL,NULL
10984,474,12671,NULL,NULL
10985,5100,12672,NULL,NULL
10986,3350,12673,NULL,NULL
10987,3350,12674,NULL,NULL
10988,3350,12675,NULL,NULL
10989,3350,12676,NULL,NULL
10990,3350,12677,NULL,NULL
10992,3350,12679,NULL,NULL
10993,3350,12680,NULL,NULL
10994,3350,12681,NULL,NULL
10995,3350,12682,NULL,NULL
10996,3350,12683,NULL,NULL
10997,3350,12684,NULL,NULL
10998,3350,12685,NULL,NULL
10999,3350,12686,NULL,NULL
11000,5101,12687,NULL,NULL
11001,3350,12688,NULL,NULL
11002,3350,12689,NULL,NULL
11003,3350,12690,NULL,NULL
11004,3350,12691,NULL,NULL
11005,3350,12692,NULL,NULL
11006,3350,12693,NULL,NULL
11007,3350,12694,NULL,NULL
11008,3350,12695,NULL,NULL
11009,3350,12696,NULL,NULL
11010,3350,12697,NULL,NULL
11012,3350,12699,NULL,NULL
11013,3350,12700,NULL,NULL
11014,3350,12701,NULL,2024-05-08 08:55:17.837
11015,3350,12702,NULL,NULL
11016,3350,12703,NULL,NULL
11017,3350,12704,NULL,NULL
11018,3350,12705,NULL,NULL
11019,3350,12706,NULL,NULL
11020,3350,12707,NULL,NULL
11021,3350,12708,NULL,NULL
11022,474,12709,NULL,NULL
11023,474,12710,NULL,NULL
11024,5102,12711,NULL,NULL
11025,5103,12712,NULL,NULL
11026,5105,12713,NULL,NULL
11031,564,12718,NULL,NULL
11035,474,12722,NULL,NULL
11044,5106,12731,NULL,NULL
11045,564,12732,NULL,NULL
11047,564,12734,NULL,NULL
11050,564,12737,NULL,NULL
11053,564,12740,NULL,NULL
11056,564,12743,NULL,NULL
11058,5107,12745,NULL,NULL
11069,509,12756,NULL,NULL
11071,509,12758,NULL,NULL
11072,509,12759,NULL,NULL
11074,509,12761,NULL,NULL
11075,509,12762,NULL,NULL
11079,509,12766,NULL,NULL
11081,5108,12768,NULL,NULL
11085,509,12772,NULL,NULL
11092,5109,12779,NULL,NULL
11100,5111,12787,NULL,NULL
11101,5111,12788,NULL,NULL
11102,5111,12789,NULL,NULL
11103,5112,12790,NULL,NULL
11104,5113,12791,NULL,NULL
11105,5114,12792,NULL,NULL
11106,510,12793,NULL,NULL
11107,5115,12794,NULL,NULL
11108,5115,12795,NULL,NULL
11110,510,12797,NULL,NULL
11111,510,12798,NULL,NULL
11113,4543,12800,NULL,NULL
11114,510,12801,NULL,NULL
11115,510,12802,NULL,NULL
11116,510,12803,NULL,NULL
11117,510,12804,NULL,NULL
11118,4670,12805,NULL,NULL
11119,5117,12806,NULL,NULL
11120,510,12807,NULL,NULL
11121,510,12808,NULL,NULL
11122,510,12809,NULL,NULL
11123,510,12810,NULL,NULL
11124,510,12811,NULL,NULL
11125,5119,12812,NULL,NULL
11126,5120,12813,NULL,NULL
11127,5121,12814,NULL,NULL
11128,499,12815,NULL,NULL
11130,510,12817,NULL,NULL
11131,510,12818,NULL,NULL
11132,510,12819,NULL,NULL
11133,510,12820,NULL,NULL
11134,510,12821,NULL,NULL
11135,5122,12822,NULL,NULL
11136,5122,12823,NULL,NULL
11137,510,12824,NULL,NULL
11138,5123,12825,NULL,NULL
11139,5123,12826,NULL,NULL
11140,5123,12827,NULL,NULL
11141,5123,12828,NULL,NULL
11142,5123,12829,NULL,NULL
11143,5123,12830,NULL,NULL
11144,5123,12831,NULL,NULL
11145,5123,12832,NULL,NULL
11146,5123,12833,NULL,NULL
11147,5123,12834,NULL,NULL
11148,3888,12835,NULL,NULL
11149,3888,12836,NULL,NULL
11150,3888,12837,NULL,NULL
11151,3888,12838,NULL,NULL
11152,474,12839,NULL,NULL
11155,5124,12842,NULL,NULL
11156,5125,12843,NULL,NULL
11157,5127,12844,NULL,NULL
11158,5128,12845,NULL,NULL
11159,5129,12846,NULL,NULL
11161,5130,12848,NULL,NULL
11163,510,12850,NULL,NULL
11164,5131,12851,NULL,NULL
11166,510,12853,NULL,NULL
11168,5132,12855,NULL,NULL
11169,5133,12856,NULL,NULL
11170,5134,12857,NULL,NULL
11171,510,12858,NULL,NULL
11172,5135,12859,NULL,NULL
11173,5136,12860,NULL,NULL
11175,5137,12862,NULL,NULL
11176,510,12863,NULL,NULL
11177,4761,12864,NULL,NULL
11180,4761,12867,NULL,NULL
11181,4761,12868,NULL,NULL
11182,4761,12869,NULL,NULL
11184,4761,12871,NULL,NULL
11185,4761,12872,NULL,NULL
11187,4761,12874,NULL,NULL
11188,4761,12875,NULL,NULL
11189,4761,12876,NULL,NULL
11191,4761,12878,NULL,NULL
11192,5138,12879,NULL,NULL
11193,4761,12880,NULL,NULL
11194,510,12881,NULL,NULL
11195,510,12882,NULL,NULL
11196,510,12883,NULL,NULL
11197,510,12884,NULL,NULL
11198,5139,12885,NULL,NULL
11199,5140,12886,NULL,NULL
11200,5141,12887,NULL,NULL
11201,5142,12888,NULL,NULL
11202,5143,12889,NULL,NULL
11203,5144,12890,NULL,NULL
11204,5145,12891,NULL,NULL
11205,4761,12892,NULL,NULL
11206,5146,12893,NULL,NULL
11207,5147,12894,NULL,NULL
11208,5148,12895,NULL,NULL
11209,5149,12896,NULL,NULL
11210,510,12897,NULL,NULL
11211,5150,12898,NULL,NULL
11212,5151,12899,NULL,NULL
11213,5151,12900,NULL,NULL
11214,5151,12901,NULL,NULL
11215,5151,12902,NULL,NULL
11216,5151,12903,NULL,NULL
11217,5151,12904,NULL,NULL
11218,5151,12905,NULL,NULL
11219,5151,12906,NULL,NULL
11220,5152,12907,NULL,NULL
11221,5153,12908,NULL,NULL
11222,564,12909,NULL,NULL
11230,1496,12917,NULL,NULL
11232,568,12919,NULL,NULL
11233,568,12920,NULL,NULL
11234,5154,12921,NULL,NULL
11236,568,12923,NULL,NULL
11237,568,12924,NULL,NULL
11239,568,12926,NULL,NULL
11240,568,12927,NULL,NULL
11241,568,12928,NULL,NULL
11242,568,12929,NULL,NULL
11244,568,12931,NULL,NULL
11245,568,12932,NULL,NULL
11246,568,12933,NULL,NULL
11247,568,12934,NULL,NULL
11248,568,12935,NULL,NULL
11249,568,12936,NULL,NULL
11255,568,12942,NULL,NULL
11256,510,12943,NULL,NULL
11257,510,12944,NULL,NULL
11258,5155,12945,NULL,NULL
11259,568,12946,NULL,NULL
11260,568,12947,NULL,NULL
11261,568,12948,NULL,NULL
11262,568,12949,NULL,NULL
11263,5156,12950,NULL,NULL
11264,510,12951,NULL,NULL
11265,510,12952,NULL,NULL
11266,5157,12953,NULL,NULL
11267,847,12954,NULL,NULL
11268,847,12955,NULL,NULL
11269,5159,12956,NULL,NULL
11270,5160,12957,NULL,NULL
11271,5161,12958,NULL,NULL
11273,510,12960,NULL,NULL
11274,510,12961,NULL,NULL
11275,510,12962,NULL,NULL
11278,564,12965,NULL,NULL
11281,564,12968,NULL,NULL
11284,564,12971,NULL,NULL
11288,510,12975,NULL,NULL
11289,510,12976,NULL,NULL
11290,510,12977,NULL,NULL
11292,510,12979,NULL,NULL
11293,510,12980,NULL,NULL
11294,510,12981,NULL,NULL
11298,5162,12985,NULL,NULL
11299,5163,12986,NULL,NULL
11300,510,12987,NULL,NULL
11301,510,12988,NULL,NULL
11302,510,12989,NULL,NULL
11303,510,12990,NULL,NULL
11308,510,12995,NULL,NULL
11309,510,12996,NULL,NULL
11310,510,12997,NULL,NULL
11311,510,12998,NULL,NULL
11312,5164,12999,NULL,NULL
11313,5165,13000,NULL,NULL
11314,5166,13001,NULL,NULL
11315,5167,13002,NULL,NULL
11316,510,13003,NULL,NULL
11317,5168,13004,NULL,NULL
11318,5169,13005,NULL,NULL
11319,510,13006,NULL,NULL
11320,5170,13007,NULL,NULL
11321,510,13008,NULL,NULL
11322,510,13009,NULL,NULL
11323,510,13010,NULL,NULL
11324,510,13011,NULL,NULL
11325,510,13012,NULL,NULL
11326,5172,13013,NULL,NULL
11327,5173,13014,NULL,NULL
11328,5174,13015,NULL,NULL
11329,845,13016,NULL,NULL
11330,5175,13017,NULL,NULL
11331,510,13018,NULL,NULL
11332,510,13019,NULL,NULL
11333,510,13020,NULL,NULL
11334,5176,13021,NULL,NULL
11335,510,13022,NULL,NULL
11336,5177,13023,NULL,NULL
11337,510,13024,NULL,NULL
11338,510,13025,NULL,NULL
11339,510,13026,NULL,NULL
11340,510,13027,NULL,NULL
11341,510,13028,NULL,NULL
11343,510,13030,NULL,NULL
11344,510,13031,NULL,NULL
11345,510,13032,NULL,NULL
11346,510,13033,NULL,NULL
11347,510,13034,NULL,NULL
11348,3859,13035,NULL,NULL
11349,3859,13036,NULL,NULL
11350,3859,13037,NULL,NULL
11352,5179,13039,NULL,NULL
11353,510,13040,NULL,NULL
11354,510,13041,NULL,NULL
11355,510,13042,NULL,NULL
11356,5178,13043,NULL,NULL
11357,5180,13044,NULL,NULL
11358,510,13045,NULL,NULL
11359,510,13046,NULL,NULL
11360,510,13047,NULL,NULL
11361,510,13048,NULL,NULL
11362,510,13049,NULL,NULL
11363,5181,13050,NULL,NULL
11364,510,13051,NULL,NULL
11365,510,13052,NULL,NULL
11366,510,13053,NULL,NULL
11367,510,13054,NULL,NULL
11368,5182,13055,NULL,NULL
11369,5183,13056,NULL,NULL
11370,5184,13057,NULL,NULL
11371,509,13058,NULL,NULL
11372,509,13059,NULL,NULL
11381,5185,13068,NULL,NULL
11382,5186,13069,NULL,NULL
11384,5188,13071,NULL,NULL
11386,5189,13073,NULL,NULL
11387,5190,13074,NULL,NULL
11388,5191,13075,NULL,NULL
11389,509,13076,NULL,NULL
11393,5192,13080,NULL,NULL
11394,583,13081,NULL,NULL
11395,509,13082,NULL,NULL
11396,509,13083,NULL,NULL
11397,509,13084,NULL,NULL
11398,509,13085,NULL,NULL
11399,509,13086,NULL,NULL
11400,845,13087,NULL,NULL
11401,845,13088,NULL,NULL
11402,845,13089,NULL,NULL
11403,845,13090,NULL,NULL
11404,845,13091,NULL,NULL
11405,5193,13092,NULL,NULL
11406,5193,13093,NULL,NULL
11407,5193,13094,NULL,NULL
11408,5195,13095,NULL,NULL
11409,5196,13096,NULL,NULL
11410,510,13097,NULL,NULL
11411,5197,13098,NULL,NULL
11412,5198,13099,NULL,NULL
11413,5199,13100,NULL,NULL
11414,5200,13101,NULL,NULL
11415,510,13102,NULL,NULL
11416,510,13103,NULL,NULL
11417,510,13104,NULL,NULL
11418,564,13105,NULL,NULL
11424,5203,13111,NULL,NULL
11425,5204,13112,NULL,NULL
11429,509,13116,NULL,NULL
11430,509,13117,NULL,NULL
11431,509,13118,NULL,NULL
11432,509,13119,NULL,NULL
11434,509,13121,NULL,NULL
11437,509,13124,NULL,NULL
11438,509,13125,NULL,NULL
11439,509,13126,NULL,NULL
11443,509,13130,NULL,NULL
11444,509,13131,NULL,NULL
11445,509,13132,NULL,NULL
11446,5206,13133,NULL,NULL
11447,5207,13134,NULL,NULL
11448,5208,13135,NULL,NULL
11449,5209,13136,NULL,NULL
11450,5210,13137,NULL,NULL
11451,5211,13138,NULL,NULL
11452,5212,13139,NULL,NULL
11454,5214,13141,NULL,NULL
11455,5215,13142,NULL,NULL
11458,509,13145,NULL,NULL
11459,509,13146,NULL,NULL
11460,509,13147,NULL,NULL
11461,509,13148,NULL,NULL
11462,509,13149,NULL,NULL
11465,509,13152,NULL,NULL
11467,509,13154,NULL,NULL
11468,509,13155,NULL,NULL
11469,509,13156,NULL,NULL
11470,509,13157,NULL,NULL
11471,509,13158,NULL,NULL
11472,509,13159,NULL,NULL
11473,509,13160,NULL,NULL
11474,509,13161,NULL,NULL
11475,509,13162,NULL,NULL
11476,509,13163,NULL,NULL
11477,509,13164,NULL,NULL
11478,509,13165,NULL,NULL
11479,509,13166,NULL,NULL
11480,509,13167,NULL,NULL
11481,509,13168,NULL,NULL
11482,509,13169,NULL,NULL
11483,509,13170,NULL,NULL
11484,509,13171,NULL,NULL
11485,509,13172,NULL,NULL
11486,509,13173,NULL,NULL
11487,509,13174,NULL,NULL
11488,509,13175,NULL,NULL
11489,509,13176,NULL,NULL
11490,509,13177,NULL,NULL
11491,509,13178,NULL,NULL
11492,509,13179,NULL,NULL
11493,509,13180,NULL,NULL
11494,509,13181,NULL,NULL
11495,3888,13182,NULL,NULL
11496,509,13183,NULL,NULL
11497,509,13184,NULL,NULL
11499,509,13186,NULL,NULL
11501,509,13188,NULL,NULL
11502,509,13189,NULL,NULL
11503,509,13190,NULL,NULL
11504,509,13191,NULL,NULL
11505,583,13192,NULL,NULL
11506,583,13193,NULL,NULL
11510,509,13197,NULL,NULL
11514,509,13201,NULL,NULL
11515,5216,13202,NULL,NULL
11516,509,13203,NULL,NULL
11517,5217,13204,NULL,2023-06-29 16:42:03.670
11518,509,13205,NULL,NULL
11519,5220,13206,NULL,NULL
11520,5221,13207,NULL,NULL
11521,5223,13208,NULL,NULL
11522,5224,13209,NULL,NULL
11523,5225,13210,NULL,NULL
11524,5226,13211,NULL,NULL
11527,5227,13214,NULL,NULL
11528,5228,13215,NULL,NULL
11530,509,13217,NULL,NULL
11532,509,13219,NULL,NULL
11534,509,13221,NULL,NULL
11535,5230,13222,NULL,NULL
11536,509,13223,NULL,NULL
11537,509,13224,NULL,NULL
11538,5231,13225,NULL,NULL
11539,5232,13226,NULL,NULL
11540,509,13227,NULL,NULL
11541,5233,13228,NULL,NULL
11542,509,13229,NULL,NULL
11543,509,13230,NULL,NULL
11544,5234,13231,NULL,NULL
11545,509,13232,NULL,NULL
11546,509,13233,NULL,NULL
11547,509,13234,NULL,NULL
11548,509,13235,NULL,NULL
11549,509,13236,NULL,NULL
11550,509,13237,NULL,NULL
11551,509,13238,NULL,NULL
11552,509,13239,NULL,NULL
11553,509,13240,NULL,NULL
11554,509,13241,NULL,NULL
11555,509,13242,NULL,NULL
11556,509,13243,NULL,NULL
11557,509,13244,NULL,NULL
11558,509,13245,NULL,NULL
11559,509,13246,NULL,NULL
11560,509,13247,NULL,NULL
11561,509,13248,NULL,NULL
11562,509,13249,NULL,NULL
11563,509,13250,NULL,NULL
11564,509,13251,NULL,NULL
11565,509,13252,NULL,NULL
11566,509,13253,NULL,NULL
11567,509,13254,NULL,NULL
11568,509,13255,NULL,NULL
11569,509,13256,NULL,NULL
11570,509,13257,NULL,NULL
11571,509,13258,NULL,NULL
11572,509,13259,NULL,NULL
11573,509,13260,NULL,NULL
11574,509,13261,NULL,NULL
11575,509,13262,NULL,NULL
11576,509,13263,NULL,NULL
11578,509,13265,NULL,NULL
11579,509,13266,NULL,NULL
11580,509,13267,NULL,NULL
11581,509,13268,NULL,NULL
11582,509,13269,NULL,NULL
11583,509,13270,NULL,NULL
11584,509,13271,NULL,NULL
11585,509,13272,NULL,NULL
11586,509,13273,NULL,NULL
11587,509,13274,NULL,NULL
11588,509,13275,NULL,NULL
11589,509,13276,NULL,NULL
11590,509,13277,NULL,NULL
11591,509,13278,NULL,NULL
11592,509,13279,NULL,NULL
11593,509,13280,NULL,NULL
11594,509,13281,NULL,NULL
11595,509,13282,NULL,NULL
11596,5235,13283,NULL,NULL
11597,509,13284,NULL,NULL
11598,509,13285,NULL,NULL
11599,509,13286,NULL,NULL
11600,509,13287,NULL,NULL
11601,5236,13288,NULL,NULL
11602,509,13289,NULL,NULL
11603,5237,13290,NULL,NULL
11604,5238,13291,NULL,NULL
11605,5239,13292,NULL,NULL
11606,509,13293,NULL,NULL
11607,5240,13294,NULL,NULL
11608,509,13295,NULL,NULL
11609,5241,13296,NULL,NULL
11610,5242,13297,NULL,NULL
11611,509,13298,NULL,NULL
11612,509,13299,NULL,NULL
11613,509,13300,NULL,NULL
11614,5243,13301,NULL,NULL
11615,509,13302,NULL,NULL
11616,509,13303,NULL,NULL
11617,509,13304,NULL,NULL
11618,509,13305,NULL,NULL
11620,509,13307,NULL,NULL
11621,509,13308,NULL,NULL
11622,5244,13309,NULL,NULL
11626,5247,13313,NULL,NULL
11627,5248,13314,NULL,NULL
11628,5249,13315,NULL,NULL
11629,5250,13316,NULL,NULL
11630,5251,13317,NULL,NULL
11631,5252,13318,NULL,NULL
11632,5253,13319,NULL,NULL
11633,5254,13320,NULL,NULL
11634,5255,13321,NULL,NULL
11635,5256,13322,NULL,NULL
11636,5257,13323,NULL,NULL
11637,5257,13324,NULL,NULL
11638,590,13325,NULL,NULL
11639,590,13326,NULL,NULL
11640,4847,13327,NULL,NULL
11643,590,13330,NULL,NULL
11644,590,13331,NULL,NULL
11645,5259,13332,NULL,NULL
11648,5261,13335,NULL,NULL
11649,5262,13336,NULL,NULL
11650,5263,13337,NULL,NULL
11651,568,13338,NULL,NULL
11652,568,13339,NULL,NULL
11654,568,13341,NULL,NULL
11655,568,13342,NULL,NULL
11657,463,13344,NULL,NULL
11658,5265,13345,NULL,NULL
11659,568,13346,NULL,NULL
11661,568,13348,NULL,NULL
11663,568,13350,NULL,NULL
11664,5266,13351,NULL,NULL
11665,568,13352,NULL,NULL
11666,5267,13353,NULL,NULL
11668,5269,13355,NULL,NULL
11669,5270,13356,NULL,NULL
11671,5271,13358,NULL,NULL
11672,5272,13359,NULL,NULL
11673,5273,13360,NULL,NULL
11674,5274,13361,NULL,NULL
11675,13475,13362,NULL,2025-03-13 10:27:37.720
11676,5275,13363,NULL,NULL
11677,5276,13364,NULL,NULL
11678,3888,13365,NULL,NULL
11679,3888,13366,NULL,NULL
11688,452,13375,NULL,NULL
11690,596,13377,NULL,NULL
11691,3814,13378,NULL,NULL
11692,3814,13379,NULL,NULL
11694,3814,13381,NULL,NULL
11697,3814,13384,NULL,NULL
11698,3814,13385,NULL,NULL
11699,3814,13386,NULL,NULL
11701,3814,13388,NULL,NULL
11704,3814,13391,NULL,NULL
11706,3814,13393,NULL,NULL
11707,3814,13394,NULL,NULL
11708,3814,13395,NULL,NULL
11709,3814,13396,NULL,NULL
11710,3814,13397,NULL,NULL
11711,3814,13398,NULL,NULL
11712,3814,13399,NULL,NULL
11714,3814,13401,NULL,NULL
11715,845,13402,NULL,NULL
11716,845,13403,NULL,NULL
11717,845,13404,NULL,NULL
11718,845,13405,NULL,NULL
11719,845,13406,NULL,NULL
11720,845,13407,NULL,NULL
11721,845,13408,NULL,NULL
11722,845,13409,NULL,NULL
11723,845,13410,NULL,NULL
11724,574,13411,NULL,NULL
11725,574,13412,NULL,NULL
11726,574,13413,NULL,NULL
11727,574,13414,NULL,NULL
11728,574,13415,NULL,NULL
11729,574,13416,NULL,NULL
11730,574,13417,NULL,NULL
11731,574,13418,NULL,NULL
11732,574,13419,NULL,NULL
11733,574,13420,NULL,NULL
11734,574,13421,NULL,NULL
11735,574,13422,NULL,NULL
11736,574,13423,NULL,NULL
11737,574,13424,NULL,NULL
11738,452,13425,NULL,NULL
11739,452,13426,NULL,NULL
11740,452,13427,NULL,NULL
11741,574,13428,NULL,NULL
11742,452,13429,NULL,NULL
11744,452,13431,NULL,NULL
11745,4763,13432,NULL,NULL
11746,4763,13433,NULL,NULL
11747,4763,13434,NULL,NULL
11748,4763,13435,NULL,NULL
11749,520,13436,NULL,NULL
11750,452,13437,NULL,NULL
11751,452,13438,NULL,NULL
11752,452,13439,NULL,NULL
11755,452,13442,NULL,NULL
11761,452,13448,NULL,NULL
11763,474,13450,NULL,2025-09-08 13:15:15.130
11772,452,13459,NULL,NULL
11773,5277,13460,NULL,NULL
11774,510,13461,NULL,NULL
11777,510,13464,NULL,NULL
11778,510,13465,NULL,NULL
11780,5278,13467,NULL,NULL
11782,510,13469,NULL,NULL
11783,510,13470,NULL,NULL
11786,5279,13473,NULL,NULL
11788,5283,13475,NULL,NULL
11789,5286,13476,NULL,NULL
11790,5287,13477,NULL,NULL
11791,510,13478,NULL,NULL
11792,5288,13479,NULL,NULL
11793,5289,13480,NULL,NULL
11794,510,13481,NULL,NULL
11795,5290,13482,NULL,NULL
11796,5291,13483,NULL,NULL
11797,5292,13484,NULL,NULL
11798,596,13485,NULL,NULL
11799,596,13486,NULL,NULL
11800,596,13487,NULL,NULL
11801,5293,13488,NULL,NULL
11802,5294,13489,NULL,NULL
11803,5295,13490,NULL,NULL
11804,5297,13491,NULL,NULL
11805,5298,13492,NULL,NULL
11806,5299,13493,NULL,NULL
11819,564,13506,NULL,NULL
11829,564,13516,NULL,NULL
11835,5300,13522,NULL,NULL
11837,478,13524,NULL,NULL
11838,3395,13525,NULL,NULL
11850,3395,13537,NULL,NULL
11851,3395,13538,NULL,NULL
11852,5301,13539,NULL,NULL
11853,5301,13540,NULL,NULL
11854,4892,13541,NULL,NULL
11855,5302,13542,NULL,NULL
11856,4892,13543,NULL,NULL
11857,5302,13544,NULL,NULL
11858,4892,13545,NULL,NULL
11859,5302,13546,NULL,NULL
11860,4892,13547,NULL,NULL
11861,5302,13548,NULL,NULL
11862,5302,13549,NULL,NULL
11863,4892,13550,NULL,NULL
11864,5302,13551,NULL,NULL
11865,4892,13552,NULL,NULL
11871,5305,13558,NULL,NULL
11872,5305,13559,NULL,NULL
11877,5309,13564,NULL,NULL
11878,11899,13565,NULL,NULL
11880,2270,13567,NULL,NULL
11881,2270,13568,NULL,NULL
11882,11900,13569,NULL,NULL
11884,11903,13571,NULL,NULL
11886,5310,13573,NULL,NULL
11887,5310,13574,NULL,NULL
11888,5311,13575,NULL,NULL
11890,5122,13577,NULL,NULL
11891,442,13578,NULL,NULL
11892,5312,13579,NULL,NULL
11893,523,13580,NULL,NULL
11894,5315,13581,NULL,NULL
11895,5316,13582,NULL,NULL
11896,3859,13583,NULL,NULL
11897,3859,13584,NULL,NULL
11898,3859,13585,NULL,NULL
11899,3859,13586,NULL,NULL
11912,567,13599,NULL,NULL
11913,5317,13600,NULL,NULL
11914,5318,13601,NULL,NULL
11915,448,13602,NULL,NULL
11916,448,13603,NULL,NULL
11917,1217,13604,NULL,NULL
11918,1217,13605,NULL,NULL
11919,4148,13606,NULL,NULL
11920,4148,13607,NULL,NULL
11921,5320,13608,NULL,NULL
11922,5321,13609,NULL,NULL
11923,2998,13610,NULL,NULL
11924,2998,13611,NULL,NULL
11925,2998,13612,NULL,NULL
11926,2998,13613,NULL,NULL
11927,2998,13614,NULL,NULL
11928,5322,13615,NULL,NULL
11931,5324,13618,NULL,NULL
11932,5325,13619,NULL,NULL
11933,496,13620,NULL,NULL
11934,496,13621,NULL,NULL
11935,496,13622,NULL,NULL
11936,496,13623,NULL,NULL
11937,496,13624,NULL,NULL
11938,496,13625,NULL,NULL
11939,5326,13626,NULL,NULL
11940,496,13627,NULL,2023-09-08 10:39:00.353
11941,496,13628,NULL,2023-09-08 10:39:13.660
11942,496,13629,NULL,2023-09-08 10:39:23.763
11944,5328,13631,NULL,NULL
11945,5328,13632,NULL,NULL
11946,5329,13633,NULL,NULL
11947,467,13634,NULL,NULL
11948,5330,13635,NULL,NULL
11949,5331,13636,NULL,NULL
11950,5332,13637,NULL,NULL
11951,5334,13638,NULL,NULL
11952,469,13639,NULL,NULL
11954,560,13641,NULL,NULL
11956,5341,13643,NULL,NULL
11957,5341,13644,NULL,NULL
11958,5341,13645,NULL,NULL
11959,5341,13646,NULL,NULL
11960,5341,13647,NULL,NULL
11961,5341,13648,NULL,NULL
11962,5341,13649,NULL,NULL
11963,5341,13650,NULL,NULL
11964,5341,13651,NULL,NULL
11965,5341,13652,NULL,NULL
11966,5341,13653,NULL,NULL
11967,5341,13654,NULL,NULL
11968,5341,13655,NULL,NULL
11969,5341,13656,NULL,NULL
11970,5341,13657,NULL,NULL
11971,5341,13658,NULL,NULL
11973,5341,13660,NULL,NULL
11974,5341,13661,NULL,NULL
11975,5341,13662,NULL,NULL
11976,5341,13663,NULL,NULL
11977,5341,13664,NULL,NULL
11978,5341,13665,NULL,NULL
11979,5335,13666,NULL,NULL
11980,5342,13667,NULL,NULL
11983,482,13670,NULL,NULL
11985,467,13672,NULL,NULL
11986,5343,13673,NULL,NULL
11987,5345,13674,NULL,NULL
11988,5346,13675,NULL,NULL
11989,5347,13676,NULL,NULL
11990,5347,13677,NULL,NULL
11991,5347,13678,NULL,NULL
11992,5347,13679,NULL,NULL
11993,5347,13680,NULL,NULL
11994,5347,13681,NULL,NULL
11995,5347,13682,NULL,NULL
11996,5347,13683,NULL,NULL
11997,5347,13684,NULL,NULL
11998,5347,13685,NULL,NULL
11999,5347,13686,NULL,NULL
12000,5347,13687,NULL,NULL
12001,5347,13688,NULL,NULL
12002,5347,13689,NULL,NULL
12003,5347,13690,NULL,NULL
12004,5347,13691,NULL,NULL
12005,5347,13692,NULL,NULL
12006,5347,13693,NULL,NULL
12007,5347,13694,NULL,NULL
12008,5347,13695,NULL,NULL
12009,5347,13696,NULL,NULL
12010,5347,13697,NULL,NULL
12012,5347,13699,NULL,NULL
12013,5347,13700,NULL,NULL
12014,5347,13701,NULL,NULL
12015,5347,13702,NULL,NULL
12016,5347,13703,NULL,NULL
12017,5347,13704,NULL,NULL
12018,5347,13705,NULL,NULL
12019,5347,13706,NULL,NULL
12020,5347,13707,NULL,NULL
12021,5347,13708,NULL,NULL
12022,5347,13709,NULL,NULL
12023,5347,13710,NULL,NULL
12024,5347,13711,NULL,NULL
12025,5347,13712,NULL,NULL
12026,5347,13713,NULL,NULL
12027,5347,13714,NULL,NULL
12028,5347,13715,NULL,NULL
12029,5347,13716,NULL,NULL
12030,5347,13717,NULL,NULL
12031,5347,13718,NULL,NULL
12032,5347,13719,NULL,NULL
12033,5347,13720,NULL,NULL
12034,5347,13721,NULL,NULL
12035,5347,13722,NULL,NULL
12037,508,13724,NULL,NULL
12038,508,13725,NULL,NULL
12039,5349,13726,NULL,NULL
12040,5350,13727,NULL,NULL
12041,596,13728,NULL,NULL
12042,5351,13729,NULL,NULL
12043,1768,13730,NULL,NULL
12045,5353,13732,NULL,NULL
12046,6218,13733,NULL,NULL
12047,5355,13734,NULL,NULL
12048,5356,13735,NULL,NULL
12049,5358,13736,NULL,NULL
12050,467,13737,NULL,NULL
12051,467,13738,NULL,NULL
12052,467,13739,NULL,NULL
12053,467,13740,NULL,NULL
12054,467,13741,NULL,NULL
12055,467,13742,NULL,NULL
12056,5358,13743,NULL,NULL
12057,5358,13744,NULL,NULL
12058,5361,13745,NULL,NULL
12060,5362,13747,NULL,NULL
12061,5362,13748,NULL,NULL
12062,5362,13749,NULL,NULL
12063,5363,13750,NULL,NULL
12064,440,13751,NULL,NULL
12065,5364,13752,NULL,NULL
12066,507,13753,NULL,NULL
12067,507,13754,NULL,NULL
12068,507,13755,NULL,NULL
12069,507,13756,NULL,NULL
12070,1056,13757,NULL,NULL
12071,1056,13758,NULL,NULL
12072,582,13759,NULL,NULL
12073,5365,13760,NULL,NULL
12074,5366,13761,NULL,NULL
12075,5366,13762,NULL,NULL
12076,5366,13763,NULL,NULL
12077,5366,13764,NULL,NULL
12078,5367,13765,NULL,NULL
12079,5367,13766,NULL,NULL
12080,5367,13767,NULL,NULL
12081,5367,13768,NULL,NULL
12082,5367,13769,NULL,NULL
12083,5367,13770,NULL,NULL
12084,5367,13771,NULL,NULL
12085,5367,13772,NULL,NULL
12086,5366,13773,NULL,NULL
12087,5366,13774,NULL,NULL
12088,5367,13775,NULL,NULL
12089,5366,13776,NULL,NULL
12090,5366,13777,NULL,NULL
12091,5367,13778,NULL,NULL
12092,5367,13779,NULL,NULL
12093,5367,13780,NULL,NULL
12094,5367,13781,NULL,NULL
12095,5367,13782,NULL,NULL
12096,5367,13783,NULL,NULL
12097,5367,13784,NULL,NULL
12099,495,13786,NULL,NULL
12100,5368,13787,NULL,NULL
12101,5370,13788,NULL,NULL
12102,5369,13789,NULL,NULL
12103,5371,13790,NULL,NULL
12104,1896,13791,NULL,NULL
12105,1896,13792,NULL,NULL
12106,1896,13793,NULL,NULL
12107,5327,13794,NULL,NULL
12108,753,13795,NULL,NULL
12109,5372,13796,NULL,NULL
12110,450,13797,NULL,NULL
12111,485,13798,NULL,NULL
12112,485,13799,NULL,NULL
12113,485,13800,NULL,NULL
12114,5374,13801,NULL,NULL
12115,450,13802,NULL,NULL
12116,450,13803,NULL,NULL
12117,450,13804,NULL,2025-08-08 09:48:03.290
12122,484,13809,NULL,NULL
12123,484,13810,NULL,NULL
12124,484,13811,NULL,NULL
12125,484,13812,NULL,NULL
12126,484,13813,NULL,2025-08-29 15:29:58.487
12127,484,13814,NULL,2025-08-29 15:30:19.060
12129,450,13816,NULL,NULL
12130,484,13817,NULL,NULL
12131,484,13818,NULL,NULL
12132,449,13819,NULL,NULL
12133,480,13820,NULL,NULL
12135,448,13822,NULL,NULL
12136,448,13823,NULL,NULL
12138,452,13825,NULL,NULL
12139,452,13826,NULL,NULL
12140,452,13827,NULL,NULL
12141,452,13828,NULL,NULL
12142,1166,13829,NULL,NULL
12143,1166,13830,NULL,NULL
12144,1166,13831,NULL,NULL
12145,1166,13832,NULL,NULL
12147,452,13834,NULL,NULL
12148,452,13835,NULL,NULL
12149,5375,13836,NULL,NULL
12151,5376,13838,NULL,NULL
12152,473,13839,NULL,NULL
12153,5377,13840,NULL,NULL
12154,5378,13841,NULL,NULL
12155,481,13842,NULL,NULL
12156,603,13843,NULL,NULL
12157,482,13844,NULL,NULL
12159,584,13846,NULL,NULL
12160,584,13847,NULL,NULL
12161,584,13848,NULL,NULL
12162,603,13849,NULL,NULL
12163,603,13850,NULL,NULL
12164,603,13851,NULL,NULL
12165,603,13852,NULL,NULL
12168,603,13855,NULL,2025-11-07 12:32:22.380
12169,603,13856,NULL,NULL
12170,5379,13857,NULL,NULL
12171,5379,13858,NULL,NULL
12172,5379,13859,NULL,NULL
12173,5379,13860,NULL,NULL
12174,5379,13861,NULL,NULL
12175,5379,13862,NULL,NULL
12176,5379,13863,NULL,NULL
12178,472,13865,NULL,NULL
12180,481,13867,NULL,NULL
12181,452,13868,NULL,2025-10-28 12:19:13.633
12183,514,13870,NULL,NULL
12186,567,13873,NULL,NULL
12187,5380,13874,NULL,NULL
12205,5381,13892,NULL,NULL
12206,5382,13893,NULL,NULL
12207,5383,13894,NULL,NULL
12209,3330,13896,NULL,NULL
12210,3330,13897,NULL,NULL
12211,5384,13898,NULL,NULL
12213,5385,13900,NULL,NULL
12214,473,13901,NULL,NULL
12215,5386,13902,NULL,NULL
12216,5387,13903,NULL,NULL
12217,5388,13904,NULL,NULL
12218,1146,13905,NULL,NULL
12219,5389,13906,NULL,NULL
12220,496,13907,NULL,NULL
12221,5392,13908,NULL,NULL
12222,5392,13909,NULL,NULL
12223,5392,13910,NULL,NULL
12224,5392,13911,NULL,NULL
12225,5392,13912,NULL,NULL
12226,5392,13913,NULL,NULL
12227,5392,13914,NULL,NULL
12228,5392,13915,NULL,NULL
12229,5392,13916,NULL,NULL
12230,5392,13917,NULL,NULL
12231,5392,13918,NULL,NULL
12232,5392,13919,NULL,NULL
12233,5392,13920,NULL,NULL
12234,2464,13921,NULL,NULL
12235,2464,13922,NULL,NULL
12236,2464,13923,NULL,NULL
12237,2464,13924,NULL,NULL
12238,2464,13925,NULL,NULL
12239,2464,13926,NULL,NULL
12240,2464,13927,NULL,NULL
12241,5393,13928,NULL,NULL
12242,5394,13929,NULL,NULL
12243,5395,13930,NULL,NULL
12244,5396,13931,NULL,NULL
12245,5396,13932,NULL,NULL
12246,5396,13933,NULL,NULL
12247,5396,13934,NULL,NULL
12248,5396,13935,NULL,NULL
12249,5396,13936,NULL,NULL
12250,5396,13937,NULL,NULL
12251,1297,13938,NULL,NULL
12252,1297,13939,NULL,NULL
12253,1297,13940,NULL,NULL
12254,1297,13941,NULL,NULL
12255,1297,13942,NULL,NULL
12256,1297,13943,NULL,NULL
12257,1297,13944,NULL,NULL
12258,5396,13945,NULL,NULL
12259,5396,13946,NULL,NULL
12260,5396,13947,NULL,NULL
12261,5397,13948,NULL,NULL
12262,5398,13949,NULL,NULL
12263,5399,13950,NULL,NULL
12264,5400,13951,NULL,NULL
12265,5401,13952,NULL,NULL
12266,5402,13953,NULL,NULL
12267,3364,13954,NULL,NULL
12268,3364,13955,NULL,NULL
12269,3364,13956,NULL,NULL
12270,3364,13957,NULL,NULL
12271,460,13958,NULL,NULL
12272,5403,13959,NULL,NULL
12273,5404,13960,NULL,NULL
12274,5405,13961,NULL,NULL
12275,465,13962,NULL,NULL
12276,465,13963,NULL,NULL
12277,5406,13964,NULL,NULL
12278,5407,13965,NULL,NULL
12279,5408,13966,NULL,NULL
12280,5409,13967,NULL,NULL
12281,5410,13968,NULL,NULL
12282,5411,13969,NULL,NULL
12284,5412,13971,NULL,NULL
12285,5413,13972,NULL,NULL
12286,3122,13973,NULL,NULL
12287,3122,13974,NULL,NULL
12288,471,13975,NULL,NULL
12289,5414,13976,NULL,NULL
12290,460,13977,NULL,NULL
12291,460,13978,NULL,NULL
12292,460,13979,NULL,NULL
12293,460,13980,NULL,NULL
12294,460,13981,NULL,NULL
12295,5415,13982,NULL,NULL
12296,460,13983,NULL,NULL
12297,5416,13984,NULL,2024-09-12 15:55:53.137
12298,5417,13985,NULL,NULL
12299,5418,13986,NULL,NULL
12300,5419,13987,NULL,NULL
12301,5420,13988,NULL,NULL
12302,5421,13989,NULL,NULL
12303,5422,13990,NULL,NULL
12304,5422,13991,NULL,NULL
12305,5422,13992,NULL,NULL
12306,5422,13993,NULL,NULL
12307,5422,13994,NULL,NULL
12308,5422,13995,NULL,NULL
12309,5422,13996,NULL,NULL
12310,5422,13997,NULL,NULL
12311,5422,13998,NULL,NULL
12312,5422,13999,NULL,NULL
12313,5422,14000,NULL,NULL
12314,5422,14001,NULL,NULL
12315,5422,14002,NULL,NULL
12316,5422,14003,NULL,NULL
12317,5423,14004,NULL,NULL
12318,449,14005,NULL,NULL
12319,583,14006,NULL,NULL
12320,5424,14007,NULL,NULL
12321,474,14008,NULL,NULL
12322,566,14009,NULL,NULL
12323,4841,14010,NULL,NULL
12324,564,14011,NULL,NULL
12325,3859,14012,NULL,NULL
12326,449,14013,NULL,NULL
12327,449,14014,NULL,NULL
12328,449,14015,NULL,NULL
12329,603,14016,NULL,NULL
12330,603,14017,NULL,NULL
12331,472,14018,NULL,NULL
12332,472,14019,NULL,NULL
12333,603,14020,NULL,NULL
12334,472,14021,NULL,NULL
12335,472,14022,NULL,NULL
12336,472,14023,NULL,NULL
12337,603,14024,NULL,NULL
12338,603,14025,NULL,NULL
12339,603,14026,NULL,NULL
12340,603,14027,NULL,2025-11-10 09:16:42.313
12341,603,14028,NULL,NULL
12342,472,14029,NULL,NULL
12343,472,14030,NULL,NULL
12344,603,14031,NULL,NULL
12345,467,14032,NULL,NULL
12346,467,14033,NULL,NULL
12347,467,14034,NULL,NULL
12348,467,14035,NULL,NULL
12349,467,14036,NULL,NULL
12350,467,14037,NULL,NULL
12351,603,14038,NULL,NULL
12352,603,14039,NULL,NULL
12353,467,14040,NULL,NULL
12354,542,14041,NULL,NULL
12355,542,14042,NULL,NULL
12356,542,14043,NULL,NULL
12357,567,14044,NULL,NULL
12358,567,14045,NULL,NULL
12359,5425,14046,NULL,NULL
12360,603,14047,NULL,NULL
12361,603,14048,NULL,NULL
12362,603,14049,NULL,NULL
12363,603,14050,NULL,NULL
12364,5257,14051,NULL,NULL
12365,603,14052,NULL,NULL
12366,603,14053,NULL,NULL
12368,603,14055,NULL,NULL
12369,603,14056,NULL,NULL
12373,474,14060,NULL,NULL
12374,5426,14061,NULL,NULL
12375,5426,14062,NULL,NULL
12376,5426,14063,NULL,NULL
12378,5426,14065,NULL,NULL
12379,5426,14066,NULL,NULL
12381,5426,14068,NULL,NULL
12382,5426,14069,NULL,NULL
12383,5426,14070,NULL,NULL
12384,5426,14071,NULL,NULL
12385,5426,14072,NULL,NULL
12386,5426,14073,NULL,NULL
12387,5426,14074,NULL,NULL
12388,5426,14075,NULL,NULL
12389,5426,14076,NULL,NULL
12390,5426,14077,NULL,NULL
12391,5426,14078,NULL,NULL
12392,5426,14079,NULL,NULL
12393,584,14080,NULL,NULL
12394,449,14081,NULL,NULL
12395,449,14082,NULL,NULL
12396,449,14083,NULL,NULL
12397,449,14084,NULL,NULL
12398,449,14085,NULL,NULL
12400,449,14087,NULL,NULL
12401,449,14088,NULL,NULL
12402,449,14089,NULL,NULL
12403,449,14090,NULL,NULL
12404,449,14091,NULL,NULL
12405,449,14092,NULL,NULL
12406,449,14093,NULL,NULL
12407,5426,14094,NULL,NULL
12408,5426,14095,NULL,NULL
12409,5426,14096,NULL,NULL
12410,5426,14097,NULL,NULL
12411,5426,14098,NULL,NULL
12412,5426,14099,NULL,NULL
12413,5426,14100,NULL,NULL
12414,5426,14101,NULL,NULL
12415,5426,14102,NULL,NULL
12416,5427,14103,NULL,NULL
12417,487,14104,NULL,NULL
12418,487,14105,NULL,NULL
12419,487,14106,NULL,NULL
12420,487,14107,NULL,NULL
12421,5428,14108,NULL,NULL
12422,5429,14109,NULL,NULL
12426,603,14113,NULL,NULL
12427,603,14114,NULL,NULL
12428,5431,14115,NULL,NULL
12429,510,14116,NULL,NULL
12430,5432,14117,NULL,NULL
12431,485,14118,NULL,NULL
12432,485,14119,NULL,NULL
12433,485,14120,NULL,NULL
12434,485,14121,NULL,NULL
12435,485,14122,NULL,NULL
12437,485,14124,NULL,NULL
12438,485,14125,NULL,NULL
12439,485,14126,NULL,NULL
12440,485,14127,NULL,NULL
12443,485,14130,NULL,NULL
12444,485,14131,NULL,NULL
12445,542,14132,NULL,NULL
12446,542,14133,NULL,NULL
12448,485,14135,NULL,NULL
12449,5433,14136,NULL,NULL
12450,542,14137,NULL,NULL
12451,542,14138,NULL,NULL
12453,485,14140,NULL,NULL
12454,5435,14141,NULL,NULL
12455,5434,14142,NULL,NULL
12456,5436,14143,NULL,NULL
12458,442,14145,NULL,NULL
12459,5437,14146,NULL,NULL
12460,5438,14147,NULL,NULL
12461,460,14148,NULL,NULL
12462,460,14149,NULL,NULL
12463,460,14150,NULL,NULL
12464,5439,14151,NULL,NULL
12465,460,14152,NULL,NULL
12466,460,14153,NULL,NULL
12467,460,14154,NULL,NULL
12468,460,14155,NULL,NULL
12469,5440,14156,NULL,NULL
12470,440,14157,NULL,NULL
12471,5441,14158,NULL,NULL
12472,5442,14159,NULL,NULL
12473,5444,14160,NULL,NULL
12474,5445,14161,NULL,NULL
12475,440,14162,NULL,NULL
12476,5446,14163,NULL,NULL
12477,440,14164,NULL,NULL
12478,5447,14165,NULL,NULL
12479,467,14166,NULL,NULL
12480,1146,14167,NULL,NULL
12481,1146,14168,NULL,NULL
12482,536,14169,NULL,NULL
12483,536,14170,NULL,NULL
12484,5448,14171,NULL,NULL
12485,5449,14172,NULL,NULL
12488,4162,14175,NULL,NULL
12489,4162,14176,NULL,NULL
12490,5450,14177,NULL,NULL
12491,5451,14178,NULL,NULL
12492,5452,14179,NULL,NULL
12493,5453,14180,NULL,NULL
12494,4162,14181,NULL,NULL
12495,469,14182,NULL,NULL
12496,469,14183,NULL,NULL
12498,469,14185,NULL,NULL
12499,1056,14186,NULL,NULL
12500,5456,14187,NULL,NULL
12501,5457,14188,NULL,NULL
12502,5458,14189,NULL,NULL
12503,2554,14190,NULL,NULL
12504,5463,14191,NULL,NULL
12505,498,14192,NULL,NULL
12506,498,14193,NULL,NULL
12507,5464,14194,NULL,NULL
12508,465,14195,NULL,NULL
12509,460,14196,NULL,NULL
12510,5466,14197,NULL,NULL
12511,5466,14198,NULL,NULL
12512,460,14199,NULL,NULL
12513,5467,14200,NULL,NULL
12514,465,14201,NULL,NULL
12515,5468,14202,NULL,NULL
12516,542,14203,NULL,NULL
12517,542,14204,NULL,NULL
12518,472,14205,NULL,NULL
12519,467,14206,NULL,NULL
12520,5469,14207,NULL,NULL
12521,5470,14208,NULL,NULL
12522,5471,14209,NULL,NULL
12523,5472,14210,NULL,NULL
12524,5472,14211,NULL,NULL
12525,5473,14212,NULL,NULL
12526,523,14213,NULL,NULL
12527,5474,14214,NULL,NULL
12528,5475,14215,NULL,NULL
12529,482,14216,NULL,NULL
12530,482,14217,NULL,NULL
12531,5483,14218,NULL,NULL
12532,5484,14219,NULL,NULL
12533,5485,14220,NULL,NULL
12534,5486,14221,NULL,NULL
12536,5488,14223,NULL,NULL
12538,5489,14225,NULL,NULL
12539,523,14226,NULL,NULL
12540,5491,14227,NULL,NULL
12541,5491,14228,NULL,NULL
12542,5491,14229,NULL,NULL
12543,5491,14230,NULL,NULL
12544,5492,14231,NULL,NULL
12545,5492,14232,NULL,NULL
12546,5492,14233,NULL,NULL
12547,5492,14234,NULL,NULL
12548,5492,14235,NULL,NULL
12549,5492,14236,NULL,NULL
12550,5492,14237,NULL,NULL
12551,5492,14238,NULL,NULL
12552,5493,14239,NULL,NULL
12553,5493,14240,NULL,NULL
12554,5493,14241,NULL,NULL
12555,5493,14242,NULL,NULL
12556,5493,14243,NULL,NULL
12557,5493,14244,NULL,NULL
12558,523,14245,NULL,NULL
12559,5494,14246,NULL,NULL
12560,5431,14247,NULL,NULL
12561,5497,14248,NULL,NULL
12562,474,14249,NULL,NULL
12563,5498,14250,NULL,NULL
12564,5499,14251,NULL,NULL
12565,5500,14252,NULL,NULL
12573,445,14260,NULL,NULL
12574,482,14261,NULL,NULL
12575,482,14262,NULL,NULL
12576,448,14263,NULL,NULL
12577,448,14264,NULL,NULL
12578,5501,14265,NULL,NULL
12579,482,14266,NULL,NULL
12580,5502,14267,NULL,NULL
12581,5503,14268,NULL,NULL
12582,5505,14269,NULL,NULL
12585,478,14272,NULL,NULL
12587,5506,14274,NULL,NULL
12588,5507,14275,NULL,NULL
12589,5509,14276,NULL,NULL
12590,5510,14277,NULL,NULL
12591,5030,14278,NULL,NULL
12592,5511,14279,NULL,NULL
12593,5512,14280,NULL,NULL
12594,5513,14281,NULL,NULL
12595,5514,14282,NULL,NULL
12597,5516,14284,NULL,NULL
12598,5517,14285,NULL,NULL
12599,5518,14286,NULL,NULL
12600,5519,14287,NULL,NULL
12601,5520,14288,NULL,NULL
12602,5521,14289,NULL,NULL
12603,5522,14290,NULL,NULL
12604,542,14291,NULL,NULL
12605,542,14292,NULL,NULL
12606,5523,14293,NULL,NULL
12607,5524,14294,NULL,NULL
12608,5525,14295,NULL,NULL
12610,472,14297,NULL,NULL
12611,5527,14298,NULL,NULL
12613,5529,14300,NULL,NULL
12614,5530,14301,NULL,NULL
12615,5531,14302,NULL,NULL
12616,5532,14303,NULL,NULL
12617,5533,14304,NULL,NULL
12618,5534,14305,NULL,NULL
12619,5535,14306,NULL,NULL
12620,5537,14307,NULL,NULL
12621,5538,14308,NULL,NULL
12622,5539,14309,NULL,NULL
12623,5540,14310,NULL,NULL
12625,5543,14312,NULL,NULL
12626,5544,14313,NULL,NULL
12627,5545,14314,NULL,NULL
12628,5546,14315,NULL,NULL
12629,5547,14316,NULL,NULL
12630,5548,14317,NULL,NULL
12631,5549,14318,NULL,NULL
12632,5550,14319,NULL,NULL
12634,5551,14321,NULL,NULL
12635,5551,14322,NULL,NULL
12636,5551,14323,NULL,NULL
12637,5551,14324,NULL,NULL
12638,5551,14325,NULL,NULL
12639,493,14326,NULL,NULL
12641,493,14328,NULL,NULL
12642,478,14329,NULL,NULL
12643,493,14330,NULL,NULL
12644,5552,14331,NULL,NULL
12646,5553,14333,NULL,NULL
12647,5553,14334,NULL,NULL
12648,536,14335,NULL,NULL
12649,582,14336,NULL,NULL
12650,582,14337,NULL,NULL
12651,477,14338,NULL,NULL
12652,5554,14339,NULL,NULL
12653,5554,14340,NULL,NULL
12654,4162,14341,NULL,NULL
12655,582,14342,NULL,NULL
12656,582,14343,NULL,NULL
12657,477,14344,NULL,NULL
12658,477,14345,NULL,NULL
12660,5468,14347,NULL,NULL
12661,582,14348,NULL,NULL
12662,5555,14349,NULL,NULL
12663,5556,14350,NULL,NULL
12664,476,14351,NULL,NULL
12665,2409,14352,NULL,NULL
12666,2409,14353,NULL,NULL
12667,542,14354,NULL,NULL
12668,542,14355,NULL,NULL
12669,5557,14356,NULL,NULL
12670,510,14357,NULL,NULL
12671,2409,14358,NULL,NULL
12672,2409,14359,NULL,NULL
12673,5558,14360,NULL,NULL
12674,5559,14361,NULL,NULL
12675,468,14362,NULL,NULL
12676,476,14363,NULL,2024-01-22 16:32:26.180
12677,5560,14364,NULL,NULL
12678,5561,14365,NULL,NULL
12679,5562,14366,NULL,NULL
12681,5563,14368,NULL,NULL
12682,5564,14369,NULL,NULL
12683,5565,14370,NULL,NULL
12684,477,14371,NULL,NULL
12685,477,14372,NULL,NULL
12686,477,14373,NULL,NULL
12687,5566,14374,NULL,NULL
12688,476,14375,NULL,NULL
12689,476,14376,NULL,NULL
12690,5343,14377,NULL,NULL
12691,5567,14378,NULL,NULL
12692,5567,14379,NULL,NULL
12693,5567,14380,NULL,NULL
12694,5567,14381,NULL,NULL
12695,5567,14382,NULL,NULL
12696,5567,14383,NULL,NULL
12697,2408,14384,NULL,NULL
12698,478,14385,NULL,NULL
12699,5568,14386,NULL,NULL
12700,5569,14387,NULL,NULL
12701,5570,14388,NULL,NULL
12702,476,14389,NULL,NULL
12703,2408,14390,NULL,NULL
12704,2408,14391,NULL,NULL
12705,5571,14392,NULL,NULL
12706,509,14393,NULL,NULL
12709,5572,14396,NULL,NULL
12711,2409,14398,NULL,NULL
12712,5573,14399,NULL,NULL
12713,477,14400,NULL,NULL
12714,5574,14401,NULL,NULL
12715,476,14402,NULL,NULL
12716,5575,14403,NULL,NULL
12718,5577,14405,NULL,NULL
12719,2409,14406,NULL,NULL
12720,2409,14407,NULL,NULL
12721,2409,14408,NULL,NULL
12722,2409,14409,NULL,NULL
12723,2409,14410,NULL,NULL
12724,477,14411,NULL,NULL
12725,477,14412,NULL,NULL
12726,477,14413,NULL,NULL
12727,476,14414,NULL,2024-01-04 17:20:54.360
12728,476,14415,NULL,NULL
12729,476,14416,NULL,NULL
12730,476,14417,NULL,NULL
12731,476,14418,NULL,NULL
12732,476,14419,NULL,NULL
12733,528,14420,NULL,NULL
12735,468,14422,NULL,NULL
12736,481,14423,NULL,NULL
12738,5580,14425,NULL,NULL
12739,5580,14426,NULL,NULL
12740,3343,14427,NULL,NULL
12741,3343,14428,NULL,NULL
12742,3343,14429,NULL,NULL
12743,5582,14430,NULL,NULL
12744,528,14431,NULL,NULL
12745,528,14432,NULL,NULL
12746,528,14433,NULL,NULL
12747,528,14434,NULL,NULL
12748,528,14435,NULL,NULL
12749,528,14436,NULL,NULL
12750,542,14437,NULL,NULL
12751,542,14438,NULL,NULL
12752,477,14439,NULL,NULL
12753,472,14440,NULL,NULL
12755,481,14442,NULL,NULL
12756,481,14443,NULL,NULL
12757,472,14444,NULL,NULL
12758,481,14445,NULL,NULL
12759,481,14446,NULL,NULL
12760,472,14447,NULL,NULL
12761,5583,14448,NULL,NULL
12762,481,14449,NULL,NULL
12763,467,14450,NULL,NULL
12764,467,14451,NULL,NULL
12765,467,14452,NULL,NULL
12766,542,14453,NULL,NULL
12767,481,14454,NULL,NULL
12768,481,14455,NULL,NULL
12769,5584,14456,NULL,NULL
12770,467,14457,NULL,NULL
12771,467,14458,NULL,NULL
12772,542,14459,NULL,NULL
12773,467,14460,NULL,NULL
12774,467,14461,NULL,NULL
12775,467,14462,NULL,NULL
12777,467,14464,NULL,NULL
12778,467,14465,NULL,NULL
12779,468,14466,NULL,NULL
12780,536,14467,NULL,NULL
12782,472,14469,NULL,NULL
12783,472,14470,NULL,NULL
12784,536,14471,NULL,NULL
12785,472,14472,NULL,NULL
12786,4162,14473,NULL,NULL
12787,951,14474,NULL,NULL
12788,467,14475,NULL,NULL
12789,472,14476,NULL,NULL
12790,5585,14477,NULL,NULL
12791,5586,14478,NULL,NULL
12792,472,14479,NULL,NULL
12793,472,14480,NULL,NULL
12794,472,14481,NULL,NULL
12795,536,14482,NULL,NULL
12796,1146,14483,NULL,NULL
12797,5587,14484,NULL,NULL
12798,5588,14485,NULL,NULL
12799,468,14486,NULL,NULL
12800,469,14487,NULL,NULL
12801,5589,14488,NULL,NULL
12802,5590,14489,NULL,NULL
12803,5591,14490,NULL,NULL
12804,5592,14491,NULL,NULL
12806,5594,14493,NULL,2025-10-21 14:51:33.117
12807,3350,14494,NULL,NULL
12808,3350,14495,NULL,NULL
12809,5595,14496,NULL,NULL
12810,472,14497,NULL,NULL
12811,472,14498,NULL,NULL
12812,472,14499,NULL,NULL
12813,472,14500,NULL,NULL
12814,467,14501,NULL,NULL
12815,467,14502,NULL,NULL
12816,452,14503,NULL,NULL
12817,452,14504,NULL,NULL
12818,452,14505,NULL,NULL
12819,467,14506,NULL,NULL
12820,472,14507,NULL,NULL
12821,542,14508,NULL,NULL
12822,5596,14509,NULL,NULL
12823,448,14510,NULL,NULL
12824,5597,14511,NULL,NULL
12825,5598,14512,NULL,NULL
12826,467,14513,NULL,NULL
12827,5599,14514,NULL,NULL
12828,467,14515,NULL,NULL
12829,5600,14516,NULL,NULL
12830,5601,14517,NULL,NULL
12831,5602,14518,NULL,NULL
12832,5603,14519,NULL,NULL
12833,5604,14520,NULL,NULL
12834,5605,14521,NULL,NULL
12835,5606,14522,NULL,NULL
12836,5629,14523,NULL,NULL
12837,5630,14524,NULL,NULL
12838,5631,14525,NULL,NULL
12845,5637,14532,NULL,NULL
12846,472,14533,NULL,NULL
12848,472,14535,NULL,NULL
12849,472,14536,NULL,NULL
12851,472,14538,NULL,NULL
12852,472,14539,NULL,NULL
12853,5650,14540,NULL,NULL
12854,5651,14541,NULL,NULL
12855,5652,14542,NULL,NULL
12857,467,14544,NULL,NULL
12858,467,14545,NULL,NULL
12859,467,14546,NULL,NULL
12860,467,14547,NULL,NULL
12861,536,14548,NULL,NULL
12862,536,14549,NULL,NULL
12863,4162,14550,NULL,NULL
12864,448,14551,NULL,NULL
12865,4162,14552,NULL,NULL
12866,4162,14553,NULL,NULL
12867,472,14554,NULL,NULL
12868,472,14555,NULL,NULL
12869,5654,14556,NULL,NULL
12870,5654,14557,NULL,NULL
12871,5654,14558,NULL,NULL
12872,5655,14559,NULL,NULL
12873,5655,14560,NULL,NULL
12874,4162,14561,NULL,NULL
12875,5656,14562,NULL,NULL
12876,5657,14563,NULL,NULL
12877,5657,14564,NULL,NULL
12878,5657,14565,NULL,NULL
12880,5657,14567,NULL,NULL
12881,482,14568,NULL,NULL
12882,482,14569,NULL,NULL
12883,5658,14570,NULL,NULL
12884,472,14571,NULL,NULL
12885,481,14572,NULL,NULL
12886,481,14573,NULL,NULL
12887,477,14574,NULL,NULL
12888,477,14575,NULL,NULL
12889,542,14576,NULL,NULL
12890,481,14577,NULL,NULL
12891,452,14578,NULL,NULL
12892,452,14579,NULL,NULL
12893,452,14580,NULL,NULL
12894,452,14581,NULL,NULL
12895,542,14582,NULL,NULL
12896,452,14583,NULL,NULL
12897,452,14584,NULL,NULL
12898,452,14585,NULL,NULL
12899,452,14586,NULL,NULL
12900,452,14587,NULL,NULL
12901,452,14588,NULL,NULL
12902,452,14589,NULL,NULL
12903,452,14590,NULL,NULL
12904,509,14591,NULL,NULL
12905,509,14592,NULL,NULL
12906,509,14593,NULL,NULL
12907,509,14594,NULL,NULL
12908,509,14595,NULL,NULL
12909,472,14596,NULL,NULL
12910,509,14597,NULL,NULL
12911,603,14598,NULL,NULL
12912,603,14599,NULL,NULL
12913,603,14600,NULL,NULL
12914,603,14601,NULL,NULL
12915,472,14602,NULL,NULL
12916,492,14603,NULL,NULL
12917,492,14604,NULL,NULL
12918,492,14605,NULL,NULL
12919,492,14606,NULL,NULL
12920,509,14607,NULL,NULL
12921,509,14608,NULL,NULL
12922,509,14609,NULL,NULL
12923,509,14610,NULL,NULL
12924,509,14611,NULL,NULL
12925,509,14612,NULL,NULL
12926,509,14613,NULL,NULL
12927,460,14614,NULL,NULL
12928,442,14615,NULL,NULL
12929,467,14616,NULL,NULL
12930,467,14617,NULL,NULL
12931,460,14618,NULL,NULL
12932,467,14619,NULL,NULL
12933,465,14620,NULL,NULL
12935,443,14622,NULL,NULL
12936,443,14623,NULL,NULL
12937,5554,14624,NULL,NULL
12938,5554,14625,NULL,NULL
12939,472,14626,NULL,NULL
12940,542,14627,NULL,NULL
12941,542,14628,NULL,NULL
12942,472,14629,NULL,NULL
12943,472,14630,NULL,NULL
12948,542,14635,NULL,NULL
12949,542,14636,NULL,NULL
12950,467,14637,NULL,NULL
12951,564,14638,NULL,NULL
12954,5660,14641,NULL,NULL
12958,564,14645,NULL,2023-06-26 16:34:19.387
12967,564,14654,NULL,NULL
12968,564,14655,NULL,2023-09-12 13:08:35.353
12972,485,14659,NULL,NULL
12975,564,14662,NULL,NULL
12976,564,14663,NULL,NULL
12982,564,14669,NULL,NULL
12983,564,14670,NULL,NULL
12985,564,14672,NULL,2023-08-29 16:12:13.030
12988,564,14675,NULL,NULL
12989,564,14676,NULL,NULL
12990,564,14677,NULL,NULL
12994,948,14681,NULL,NULL
12997,948,14684,NULL,NULL
12998,948,14685,NULL,NULL
13004,564,14691,NULL,2023-09-11 17:23:00.847
13005,564,14692,NULL,NULL
13008,564,14695,NULL,NULL
13009,564,14696,NULL,NULL
13010,564,14697,NULL,NULL
13011,564,14698,NULL,NULL
13012,477,14699,NULL,NULL
13013,1369,14700,NULL,NULL
13014,1369,14701,NULL,NULL
13019,5661,14706,NULL,NULL
13021,1921,14708,NULL,NULL
13022,1921,14709,NULL,NULL
13023,1921,14710,NULL,NULL
13024,565,14711,NULL,NULL
13025,565,14712,NULL,NULL
13026,1921,14713,NULL,NULL
13027,3814,14714,NULL,NULL
13028,3386,14715,NULL,NULL
13029,2409,14716,NULL,NULL
13030,3386,14717,NULL,NULL
13031,3386,14718,NULL,NULL
13032,3386,14719,NULL,NULL
13033,3386,14720,NULL,NULL
13034,564,14721,NULL,NULL
13035,564,14722,NULL,NULL
13036,564,14723,NULL,NULL
13038,564,14725,NULL,NULL
13039,5667,14726,NULL,NULL
13040,564,14727,NULL,NULL
13041,564,14728,NULL,NULL
13042,564,14729,NULL,NULL
13043,542,14730,NULL,NULL
13044,542,14731,NULL,NULL
13045,3428,14732,NULL,NULL
13046,3428,14733,NULL,NULL
13047,3428,14734,NULL,NULL
13048,3428,14735,NULL,NULL
13049,3428,14736,NULL,NULL
13050,3428,14737,NULL,NULL
13051,3428,14738,NULL,NULL
13052,3428,14739,NULL,NULL
13053,3428,14740,NULL,NULL
13054,3428,14741,NULL,NULL
13055,3428,14742,NULL,NULL
13056,564,14743,NULL,2023-08-29 16:12:23.007
13057,564,14744,NULL,NULL
13058,3816,14745,NULL,NULL
13059,564,14746,NULL,NULL
13060,3816,14747,NULL,NULL
13061,3816,14748,NULL,NULL
13062,3816,14749,NULL,NULL
13063,3816,14750,NULL,NULL
13064,3816,14751,NULL,NULL
13065,564,14752,NULL,NULL
13066,564,14753,NULL,NULL
13067,564,14754,NULL,2023-11-27 15:32:25.277
13068,3862,14755,NULL,NULL
13069,3862,14756,NULL,NULL
13070,3862,14757,NULL,NULL
13071,3862,14758,NULL,NULL
13072,3862,14759,NULL,NULL
13073,3862,14760,NULL,NULL
13074,2409,14761,NULL,NULL
13075,3881,14762,NULL,NULL
13076,3881,14763,NULL,NULL
13077,3881,14764,NULL,NULL
13078,3881,14765,NULL,NULL
13079,476,14766,NULL,NULL
13080,476,14767,NULL,NULL
13083,564,14770,NULL,NULL
13084,564,14771,NULL,NULL
13085,476,14772,NULL,NULL
13086,449,14773,NULL,NULL
13087,449,14774,NULL,NULL
13088,449,14775,NULL,NULL
13089,5669,14776,NULL,NULL
13090,5669,14777,NULL,NULL
13091,5670,14778,NULL,NULL
13092,5671,14779,NULL,NULL
13093,5672,14780,NULL,NULL
13094,5673,14781,NULL,NULL
13096,5674,14783,NULL,NULL
13097,5675,14784,NULL,NULL
13098,1768,14785,NULL,NULL
13099,1768,14786,NULL,NULL
13100,1768,14787,NULL,NULL
13101,5676,14788,NULL,NULL
13102,474,14789,NULL,NULL
13103,474,14790,NULL,NULL
13104,474,14791,NULL,NULL
13105,474,14792,NULL,NULL
13106,474,14793,NULL,NULL
13107,474,14794,NULL,NULL
13108,474,14795,NULL,NULL
13109,474,14796,NULL,NULL
13110,474,14797,NULL,NULL
13112,474,14799,NULL,NULL
13113,474,14800,NULL,NULL
13114,474,14801,NULL,NULL
13116,474,14803,NULL,NULL
13117,474,14804,NULL,NULL
13118,474,14805,NULL,NULL
13119,474,14806,NULL,NULL
13120,474,14807,NULL,NULL
13121,474,14808,NULL,NULL
13122,474,14809,NULL,NULL
13123,474,14810,NULL,NULL
13124,474,14811,NULL,NULL
13125,509,14812,NULL,NULL
13126,474,14813,NULL,NULL
13127,509,14814,NULL,NULL
13128,509,14815,NULL,NULL
13129,509,14816,NULL,NULL
13130,509,14817,NULL,NULL
13131,509,14818,NULL,NULL
13132,509,14819,NULL,NULL
13133,509,14820,NULL,NULL
13135,474,14822,NULL,NULL
13136,474,14823,NULL,NULL
13138,474,14825,NULL,NULL
13139,474,14826,NULL,NULL
13140,474,14827,NULL,NULL
13141,474,14828,NULL,NULL
13142,452,14829,NULL,NULL
13144,476,14831,NULL,NULL
13145,476,14832,NULL,NULL
13146,3864,14833,NULL,NULL
13147,3864,14834,NULL,NULL
13148,3864,14835,NULL,NULL
13149,3864,14836,NULL,NULL
13150,3864,14837,NULL,NULL
13151,3864,14838,NULL,NULL
13152,3864,14839,NULL,NULL
13153,3864,14840,NULL,NULL
13154,3864,14841,NULL,NULL
13155,3864,14842,NULL,NULL
13156,3864,14843,NULL,NULL
13157,3864,14844,NULL,NULL
13158,3864,14845,NULL,NULL
13159,3864,14846,NULL,NULL
13160,5679,14847,NULL,NULL
13161,5679,14848,NULL,NULL
13162,5679,14849,NULL,NULL
13163,5679,14850,NULL,NULL
13164,5679,14851,NULL,NULL
13165,5679,14852,NULL,NULL
13166,5679,14853,NULL,NULL
13167,5679,14854,NULL,NULL
13168,5679,14855,NULL,NULL
13169,5679,14856,NULL,NULL
13170,5679,14857,NULL,NULL
13171,5679,14858,NULL,NULL
13172,5679,14859,NULL,NULL
13173,5679,14860,NULL,NULL
13174,2409,14861,NULL,NULL
13175,2409,14862,NULL,NULL
13177,476,14864,NULL,NULL
13178,474,14865,NULL,NULL
13179,474,14866,NULL,NULL
13180,474,14867,NULL,NULL
13181,476,14868,NULL,NULL
13182,476,14869,NULL,NULL
13183,5680,14870,NULL,NULL
13184,483,14871,NULL,NULL
13185,2536,14872,NULL,NULL
13186,2536,14873,NULL,NULL
13187,2536,14874,NULL,NULL
13188,2536,14875,NULL,NULL
13189,2536,14876,NULL,NULL
13190,2536,14877,NULL,NULL
13191,2536,14878,NULL,NULL
13192,2536,14879,NULL,NULL
13193,2536,14880,NULL,NULL
13194,2536,14881,NULL,NULL
13195,3986,14882,NULL,NULL
13196,3986,14883,NULL,NULL
13197,3986,14884,NULL,NULL
13198,3986,14885,NULL,NULL
13199,3986,14886,NULL,NULL
13200,3986,14887,NULL,NULL
13201,3986,14888,NULL,NULL
13202,3986,14889,NULL,NULL
13203,3986,14890,NULL,NULL
13204,3986,14891,NULL,NULL
13205,3986,14892,NULL,NULL
13206,3986,14893,NULL,NULL
13207,3986,14894,NULL,NULL
13208,3986,14895,NULL,NULL
13209,3986,14896,NULL,NULL
13210,5682,14897,NULL,NULL
13211,5683,14898,NULL,NULL
13212,5684,14899,NULL,NULL
13213,5685,14900,NULL,NULL
13214,5686,14901,NULL,NULL
13215,1077,14902,NULL,NULL
13216,1077,14903,NULL,NULL
13217,1077,14904,NULL,NULL
13218,483,14905,NULL,NULL
13219,5687,14906,NULL,NULL
13220,5688,14907,NULL,NULL
13222,5690,14909,NULL,NULL
13223,5691,14910,NULL,NULL
13225,5693,14912,NULL,NULL
13226,5694,14913,NULL,NULL
13227,5695,14914,NULL,NULL
13228,5696,14915,NULL,NULL
13229,5697,14916,NULL,NULL
13230,5698,14917,NULL,NULL
13232,5700,14919,NULL,NULL
13233,5701,14920,NULL,NULL
13234,5702,14921,NULL,NULL
13235,5703,14922,NULL,NULL
13236,5705,14923,NULL,NULL
13237,5706,14924,NULL,NULL
13238,5707,14925,NULL,NULL
13239,5708,14926,NULL,NULL
13240,483,14927,NULL,NULL
13241,5709,14928,NULL,NULL
13242,5710,14929,NULL,NULL
13243,460,14930,NULL,NULL
13244,5711,14931,NULL,NULL
13245,5712,14932,NULL,NULL
13246,5713,14933,NULL,NULL
13247,5714,14934,NULL,NULL
13248,5714,14935,NULL,NULL
13249,5714,14936,NULL,NULL
13250,5715,14937,NULL,NULL
13251,5716,14938,NULL,NULL
13252,476,14939,NULL,NULL
13253,5718,14940,NULL,NULL
13254,5719,14941,NULL,NULL
13255,5720,14942,NULL,NULL
13256,5721,14943,NULL,NULL
13257,5722,14944,NULL,NULL
13263,5724,14950,NULL,NULL
13264,5725,14951,NULL,NULL
13265,5726,14952,NULL,NULL
13266,5727,14953,NULL,NULL
13267,1429,14954,NULL,NULL
13268,4221,14955,NULL,NULL
13269,4222,14956,NULL,NULL
13270,4223,14957,NULL,NULL
13271,4224,14958,NULL,NULL
13272,4225,14959,NULL,NULL
13273,4226,14960,NULL,NULL
13274,5727,14961,NULL,NULL
13275,5728,14962,NULL,NULL
13276,5728,14963,NULL,NULL
13277,5729,14964,NULL,NULL
13278,5729,14965,NULL,NULL
13280,5730,14967,NULL,NULL
13282,476,14969,NULL,NULL
13283,5732,14970,NULL,NULL
13284,5732,14971,NULL,NULL
13286,5732,14973,NULL,NULL
13287,5732,14974,NULL,NULL
13288,5732,14975,NULL,NULL
13289,5732,14976,NULL,NULL
13290,5732,14977,NULL,NULL
13291,483,14978,NULL,NULL
13292,483,14979,NULL,NULL
13293,5735,14980,NULL,NULL
13294,5736,14981,NULL,NULL
13295,5737,14982,NULL,NULL
13296,5738,14983,NULL,NULL
13297,5739,14984,NULL,NULL
13298,5740,14985,NULL,NULL
13299,5741,14986,NULL,NULL
13300,5742,14987,NULL,NULL
13301,5743,14988,NULL,NULL
13302,5744,14989,NULL,NULL
13303,5744,14990,NULL,NULL
13304,5744,14991,NULL,NULL
13305,5744,14992,NULL,NULL
13306,5744,14993,NULL,NULL
13307,5744,14994,NULL,NULL
13308,5745,14995,NULL,NULL
13309,5746,14996,NULL,NULL
13310,5747,14997,NULL,NULL
13311,5749,14998,NULL,NULL
13312,5751,14999,NULL,NULL
13313,5752,15000,NULL,NULL
13314,5753,15001,NULL,NULL
13316,476,15003,NULL,NULL
13317,5755,15004,NULL,NULL
13318,5755,15005,NULL,NULL
13319,5755,15006,NULL,NULL
13320,5755,15007,NULL,NULL
13321,5755,15008,NULL,NULL
13322,5755,15009,NULL,NULL
13323,5755,15010,NULL,NULL
13324,5755,15011,NULL,NULL
13325,5755,15012,NULL,NULL
13326,5755,15013,NULL,NULL
13327,5755,15014,NULL,NULL
13328,5755,15015,NULL,NULL
13329,5755,15016,NULL,NULL
13330,5755,15017,NULL,NULL
13331,5755,15018,NULL,NULL
13332,5755,15019,NULL,NULL
13335,5755,15022,NULL,NULL
13336,5755,15023,NULL,NULL
13338,5755,15025,NULL,NULL
13339,5755,15026,NULL,NULL
13340,5755,15027,NULL,NULL
13341,5755,15028,NULL,NULL
13342,5755,15029,NULL,NULL
13343,5755,15030,NULL,NULL
13346,5758,15033,NULL,NULL
13347,5759,15034,NULL,NULL
13348,5759,15035,NULL,NULL
13349,5759,15036,NULL,NULL
13350,5759,15037,NULL,NULL
13351,5759,15038,NULL,NULL
13352,5760,15039,NULL,NULL
13353,5760,15040,NULL,NULL
13354,510,15041,NULL,NULL
13355,510,15042,NULL,NULL
13356,510,15043,NULL,NULL
13357,510,15044,NULL,NULL
13358,510,15045,NULL,NULL
13359,510,15046,NULL,NULL
13360,510,15047,NULL,NULL
13361,510,15048,NULL,NULL
13362,510,15049,NULL,NULL
13363,510,15050,NULL,NULL
13364,510,15051,NULL,NULL
13365,510,15052,NULL,NULL
13366,510,15053,NULL,NULL
13367,510,15054,NULL,NULL
13368,510,15055,NULL,NULL
13369,476,15056,NULL,NULL
13370,510,15057,NULL,NULL
13371,510,15058,NULL,NULL
13372,510,15059,NULL,NULL
13373,510,15060,NULL,NULL
13375,510,15062,NULL,NULL
13376,510,15063,NULL,NULL
13377,510,15064,NULL,NULL
13378,510,15065,NULL,NULL
13379,510,15066,NULL,NULL
13380,510,15067,NULL,NULL
13381,510,15068,NULL,NULL
13382,510,15069,NULL,NULL
13384,565,15071,NULL,NULL
13386,483,15073,NULL,NULL
13387,483,15074,NULL,NULL
13388,5763,15075,NULL,NULL
13389,5764,15076,NULL,NULL
13390,5765,15077,NULL,NULL
13391,5766,15078,NULL,NULL
13392,5767,15079,NULL,NULL
13393,5768,15080,NULL,NULL
13394,5769,15081,NULL,NULL
13395,5769,15082,NULL,NULL
13396,476,15083,NULL,NULL
13397,510,15084,NULL,NULL
13398,5771,15085,NULL,NULL
13399,483,15086,NULL,NULL
13400,5772,15087,NULL,NULL
13401,2409,15088,NULL,NULL
13402,2409,15089,NULL,NULL
13403,483,15090,NULL,NULL
13404,3115,15091,NULL,NULL
13405,5773,15092,NULL,NULL
13406,3115,15093,NULL,NULL
13407,5773,15094,NULL,NULL
13408,3115,15095,NULL,NULL
13409,5773,15096,NULL,NULL
13410,3115,15097,NULL,NULL
13411,5773,15098,NULL,NULL
13412,3115,15099,NULL,NULL
13413,5773,15100,NULL,NULL
13414,3115,15101,NULL,NULL
13415,5773,15102,NULL,NULL
13416,3115,15103,NULL,NULL
13417,5773,15104,NULL,NULL
13418,3115,15105,NULL,NULL
13419,5773,15106,NULL,NULL
13420,3115,15107,NULL,NULL
13421,5773,15108,NULL,NULL
13422,3115,15109,NULL,NULL
13423,5773,15110,NULL,NULL
13424,3115,15111,NULL,NULL
13425,5773,15112,NULL,NULL
13426,3115,15113,NULL,NULL
13427,5773,15114,NULL,NULL
13428,3115,15115,NULL,NULL
13429,5773,15116,NULL,NULL
13430,3115,15117,NULL,NULL
13431,5773,15118,NULL,NULL
13432,3115,15119,NULL,NULL
13433,5773,15120,NULL,NULL
13434,3115,15121,NULL,NULL
13435,5773,15122,NULL,NULL
13436,2409,15123,NULL,NULL
13437,476,15124,NULL,NULL
13438,1527,15125,NULL,NULL
13439,1527,15126,NULL,NULL
13440,1527,15127,NULL,NULL
13441,1527,15128,NULL,NULL
13442,5774,15129,NULL,NULL
13443,5775,15130,NULL,NULL
13444,477,15131,NULL,NULL
13446,5777,15133,NULL,NULL
13448,5779,15135,NULL,NULL
13449,5780,15136,NULL,NULL
13450,5781,15137,NULL,2025-09-09 13:01:47.390
13451,5782,15138,NULL,NULL
13452,5784,15139,NULL,NULL
13453,5784,15140,NULL,NULL
13454,5784,15141,NULL,NULL
13455,5784,15142,NULL,NULL
13456,5784,15143,NULL,NULL
13457,5784,15144,NULL,NULL
13458,5784,15145,NULL,NULL
13459,5784,15146,NULL,NULL
13460,5784,15147,NULL,NULL
13461,5784,15148,NULL,NULL
13462,5784,15149,NULL,NULL
13463,5784,15150,NULL,NULL
13464,5784,15151,NULL,NULL
13465,5784,15152,NULL,NULL
13466,5784,15153,NULL,NULL
13470,5784,15157,NULL,NULL
13471,5553,15158,NULL,NULL
13472,5785,15159,NULL,NULL
13473,460,15160,NULL,NULL
13477,2166,15164,NULL,NULL
13478,2166,15165,NULL,NULL
13479,2166,15166,NULL,NULL
13480,5789,15167,NULL,NULL
13482,5791,15169,NULL,NULL
13483,5795,15170,NULL,NULL
13484,5794,15171,NULL,NULL
13485,5796,15172,NULL,NULL
13486,5797,15173,NULL,NULL
13488,5069,15175,NULL,NULL
13489,5069,15176,NULL,NULL
13490,5069,15177,NULL,NULL
13491,5069,15178,NULL,NULL
13492,5069,15179,NULL,NULL
13493,5069,15180,NULL,NULL
13494,5069,15181,NULL,NULL
13495,5069,15182,NULL,NULL
13496,5069,15183,NULL,NULL
13497,5069,15184,NULL,NULL
13498,5069,15185,NULL,NULL
13499,5069,15186,NULL,NULL
13501,5803,15188,NULL,NULL
13502,5804,15189,NULL,NULL
13503,5805,15190,NULL,NULL
13504,5806,15191,NULL,NULL
13506,5807,15193,NULL,NULL
13507,460,15194,NULL,NULL
13508,460,15195,NULL,NULL
13509,5808,15196,NULL,2025-08-25 10:30:01.127
13510,460,15197,NULL,NULL
13511,460,15198,NULL,NULL
13512,4120,15199,NULL,NULL
13513,4120,15200,NULL,NULL
13514,4120,15201,NULL,NULL
13515,4120,15202,NULL,NULL
13516,460,15203,NULL,NULL
13517,460,15204,NULL,NULL
13518,460,15205,NULL,NULL
13519,460,15206,NULL,NULL
13521,460,15208,NULL,NULL
13522,460,15209,NULL,NULL
13523,474,15210,NULL,NULL
13524,5809,15211,NULL,NULL
13525,5810,15212,NULL,NULL
13526,5811,15213,NULL,NULL
13527,5812,15214,NULL,NULL
13528,5813,15215,NULL,NULL
13529,5814,15216,NULL,NULL
13530,5815,15217,NULL,NULL
13531,5816,15218,NULL,NULL
13532,5817,15219,NULL,NULL
13533,5818,15220,NULL,NULL
13534,5819,15221,NULL,NULL
13535,5820,15222,NULL,NULL
13536,460,15223,NULL,NULL
13537,5821,15224,NULL,NULL
13538,460,15225,NULL,NULL
13539,5822,15226,NULL,NULL
13540,5823,15227,NULL,NULL
13541,5824,15228,NULL,NULL
13542,5825,15229,NULL,NULL
13543,5826,15230,NULL,NULL
13544,5827,15231,NULL,NULL
13545,5828,15232,NULL,NULL
13546,5829,15233,NULL,NULL
13547,5830,15234,NULL,NULL
13548,5831,15235,NULL,NULL
13550,5833,15237,NULL,NULL
13551,5833,15238,NULL,NULL
13552,5833,15239,NULL,NULL
13553,5834,15240,NULL,NULL
13554,5834,15241,NULL,NULL
13555,5834,15242,NULL,NULL
13556,5835,15243,NULL,NULL
13557,5835,15244,NULL,NULL
13558,5835,15245,NULL,NULL
13559,5836,15246,NULL,NULL
13560,5836,15247,NULL,NULL
13561,5836,15248,NULL,NULL
13562,5837,15249,NULL,NULL
13563,5837,15250,NULL,NULL
13564,460,15251,NULL,NULL
13565,460,15252,NULL,NULL
13566,5838,15253,NULL,NULL
13567,460,15254,NULL,NULL
13568,460,15255,NULL,NULL
13569,5839,15256,NULL,NULL
13571,5841,15258,NULL,NULL
13572,5842,15259,NULL,NULL
13573,490,15260,NULL,NULL
13574,5843,15261,NULL,NULL
13575,5844,15262,NULL,NULL
13576,490,15263,NULL,NULL
13577,5845,15264,NULL,NULL
13578,5845,15265,NULL,NULL
13579,5846,15266,NULL,NULL
13580,490,15267,NULL,NULL
13582,5847,15269,NULL,NULL
13583,5847,15270,NULL,NULL
13584,5848,15271,NULL,NULL
13585,5849,15272,NULL,NULL
13586,460,15273,NULL,NULL
13587,5850,15274,NULL,NULL
13588,5850,15275,NULL,NULL
13590,490,15277,NULL,NULL
13591,5850,15278,NULL,NULL
13592,5850,15279,NULL,NULL
13593,460,15280,NULL,NULL
13594,5851,15281,NULL,NULL
13595,5852,15282,NULL,NULL
13596,490,15283,NULL,NULL
13597,5853,15284,NULL,NULL
13598,490,15285,NULL,NULL
13599,490,15286,NULL,NULL
13600,5854,15287,NULL,NULL
13601,490,15288,NULL,NULL
13602,490,15289,NULL,NULL
13604,460,15291,NULL,NULL
13605,5855,15292,NULL,NULL
13606,490,15293,NULL,NULL
13607,5856,15294,NULL,NULL
13608,5857,15295,NULL,NULL
13609,5858,15296,NULL,NULL
13610,5859,15297,NULL,NULL
13611,5860,15298,NULL,NULL
13612,5861,15299,NULL,NULL
13613,5862,15300,NULL,NULL
13614,490,15301,NULL,NULL
13615,490,15302,NULL,NULL
13616,490,15303,NULL,NULL
13617,490,15304,NULL,NULL
13618,5863,15305,NULL,NULL
13619,5864,15306,NULL,NULL
13620,5865,15307,NULL,NULL
13621,5865,15308,NULL,NULL
13622,5866,15309,NULL,NULL
13624,5868,15311,NULL,NULL
13625,5869,15312,NULL,NULL
13626,5870,15313,NULL,NULL
13627,5871,15314,NULL,NULL
13628,5872,15315,NULL,NULL
13629,5873,15316,NULL,NULL
13630,490,15317,NULL,NULL
13631,10253,15318,NULL,NULL
13632,5875,15319,NULL,NULL
13633,5876,15320,NULL,NULL
13634,5877,15321,NULL,NULL
13635,5878,15322,NULL,NULL
13636,490,15323,NULL,NULL
13637,5879,15324,NULL,NULL
13638,490,15325,NULL,NULL
13639,5880,15326,NULL,NULL
13640,5881,15327,NULL,NULL
13641,5882,15328,NULL,NULL
13643,5883,15330,NULL,NULL
13644,5884,15331,NULL,NULL
13645,5885,15332,NULL,NULL
13646,5886,15333,NULL,NULL
13647,5887,15334,NULL,NULL
13648,5888,15335,NULL,NULL
13649,5889,15336,NULL,NULL
13650,2529,15337,NULL,NULL
13651,5890,15338,NULL,NULL
13652,5892,15339,NULL,NULL
13654,5894,15341,NULL,NULL
13655,5894,15342,NULL,NULL
13656,5894,15343,NULL,NULL
13657,5894,15344,NULL,NULL
13658,5894,15345,NULL,NULL
13659,5894,15346,NULL,NULL
13660,5894,15347,NULL,NULL
13661,5895,15348,NULL,NULL
13662,5895,15349,NULL,NULL
13663,5895,15350,NULL,NULL
13664,5895,15351,NULL,NULL
13665,5895,15352,NULL,NULL
13666,5895,15353,NULL,NULL
13667,5895,15354,NULL,NULL
13668,5899,15355,NULL,NULL
13669,5896,15356,NULL,NULL
13670,5896,15357,NULL,NULL
13671,5896,15358,NULL,NULL
13672,5896,15359,NULL,NULL
13673,5896,15360,NULL,NULL
13674,5896,15361,NULL,NULL
13675,5896,15362,NULL,NULL
13676,5897,15363,NULL,NULL
13677,5897,15364,NULL,NULL
13678,5897,15365,NULL,NULL
13679,5897,15366,NULL,NULL
13680,5897,15367,NULL,NULL
13681,5897,15368,NULL,NULL
13682,5897,15369,NULL,NULL
13683,4599,15370,NULL,NULL
13684,4599,15371,NULL,NULL
13685,4599,15372,NULL,NULL
13686,4599,15373,NULL,NULL
13687,4599,15374,NULL,NULL
13688,5900,15375,NULL,NULL
13689,5901,15376,NULL,NULL
13690,5902,15377,NULL,NULL
13691,5903,15378,NULL,NULL
13692,5479,15379,NULL,NULL
13693,5904,15380,NULL,NULL
13694,5905,15381,NULL,NULL
13695,5906,15382,NULL,NULL
13697,5908,15384,NULL,NULL
13698,5909,15385,NULL,NULL
13699,5910,15386,NULL,NULL
13700,5911,15387,NULL,NULL
13701,5912,15388,NULL,NULL
13702,5913,15389,NULL,NULL
13704,5915,15391,NULL,NULL
13705,5916,15392,NULL,NULL
13706,5917,15393,NULL,NULL
13707,5918,15394,NULL,NULL
13708,5919,15395,NULL,NULL
13709,5921,15396,NULL,NULL
13710,5922,15397,NULL,NULL
13711,5920,15398,NULL,NULL
13712,490,15399,NULL,NULL
13713,490,15400,NULL,NULL
13714,5923,15401,NULL,NULL
13715,5699,15402,NULL,NULL
13716,5699,15403,NULL,NULL
13717,5699,15404,NULL,NULL
13718,5699,15405,NULL,NULL
13719,5699,15406,NULL,NULL
13720,5699,15407,NULL,NULL
13721,518,15408,NULL,NULL
13722,5924,15409,NULL,NULL
13724,518,15411,NULL,NULL
13726,518,15413,NULL,NULL
13727,518,15414,NULL,NULL
13728,5926,15415,NULL,NULL
13729,5926,15416,NULL,NULL
13730,3374,15417,NULL,NULL
13731,3374,15418,NULL,NULL
13732,3374,15419,NULL,NULL
13733,3374,15420,NULL,NULL
13734,3374,15421,NULL,NULL
13740,3374,15427,NULL,NULL
13741,3374,15428,NULL,NULL
13742,3374,15429,NULL,NULL
13743,3374,15430,NULL,NULL
13744,3374,15431,NULL,NULL
13745,3374,15432,NULL,NULL
13746,3374,15433,NULL,NULL
13747,3374,15434,NULL,NULL
13748,3374,15435,NULL,NULL
13749,3374,15436,NULL,NULL
13750,3374,15437,NULL,NULL
13752,3374,15439,NULL,NULL
13753,3374,15440,NULL,NULL
13754,3374,15441,NULL,NULL
13755,3374,15442,NULL,NULL
13756,3374,15443,NULL,NULL
13757,3374,15444,NULL,NULL
13758,3374,15445,NULL,NULL
13759,3374,15446,NULL,NULL
13760,3374,15447,NULL,NULL
13761,3374,15448,NULL,NULL
13762,3374,15449,NULL,NULL
13763,3374,15450,NULL,NULL
13764,3374,15451,NULL,NULL
13765,3374,15452,NULL,NULL
13766,3374,15453,NULL,NULL
13767,3374,15454,NULL,NULL
13768,3374,15455,NULL,NULL
13769,3374,15456,NULL,NULL
13770,3374,15457,NULL,NULL
13771,3374,15458,NULL,NULL
13772,3374,15459,NULL,NULL
13773,3374,15460,NULL,NULL
13774,3374,15461,NULL,NULL
13775,3374,15462,NULL,NULL
13776,3374,15463,NULL,NULL
13777,3374,15464,NULL,NULL
13778,3374,15465,NULL,NULL
13779,3374,15466,NULL,NULL
13780,3374,15467,NULL,NULL
13781,3374,15468,NULL,NULL
13783,3374,15470,NULL,NULL
13784,3374,15471,NULL,NULL
13785,3374,15472,NULL,NULL
13786,3374,15473,NULL,NULL
13787,3374,15474,NULL,NULL
13788,3374,15475,NULL,NULL
13789,3374,15476,NULL,NULL
13790,3374,15477,NULL,NULL
13791,3374,15478,NULL,NULL
13792,3374,15479,NULL,NULL
13793,3374,15480,NULL,NULL
13794,3374,15481,NULL,NULL
13795,3374,15482,NULL,NULL
13796,3374,15483,NULL,NULL
13797,3374,15484,NULL,NULL
13798,3374,15485,NULL,NULL
13799,518,15486,NULL,NULL
13800,518,15487,NULL,NULL
13801,5927,15488,NULL,NULL
13802,3374,15489,NULL,2025-02-10 14:33:13.430
13803,3374,15490,NULL,NULL
13804,3374,15491,NULL,NULL
13805,3374,15492,NULL,NULL
13806,3374,15493,NULL,NULL
13807,3374,15494,NULL,NULL
13808,3374,15495,NULL,NULL
13809,3374,15496,NULL,NULL
13810,3374,15497,NULL,NULL
13811,3374,15498,NULL,NULL
13812,3374,15499,NULL,NULL
13813,3374,15500,NULL,NULL
13814,3374,15501,NULL,NULL
13815,3374,15502,NULL,NULL
13816,3374,15503,NULL,NULL
13817,3374,15504,NULL,NULL
13818,3374,15505,NULL,NULL
13819,3374,15506,NULL,NULL
13820,3374,15507,NULL,NULL
13821,3374,15508,NULL,NULL
13822,3374,15509,NULL,NULL
13823,3374,15510,NULL,NULL
13824,3374,15511,NULL,NULL
13825,3374,15512,NULL,NULL
13826,3374,15513,NULL,NULL
13827,3374,15514,NULL,NULL
13828,3374,15515,NULL,NULL
13829,3374,15516,NULL,NULL
13830,3374,15517,NULL,NULL
13831,3374,15518,NULL,NULL
13832,3374,15519,NULL,NULL
13833,3374,15520,NULL,NULL
13834,3374,15521,NULL,NULL
13835,3374,15522,NULL,NULL
13836,3374,15523,NULL,NULL
13837,3374,15524,NULL,NULL
13838,3374,15525,NULL,NULL
13839,3374,15526,NULL,NULL
13840,3374,15527,NULL,NULL
13841,3374,15528,NULL,NULL
13842,3374,15529,NULL,NULL
13843,3374,15530,NULL,NULL
13844,3374,15531,NULL,NULL
13845,3374,15532,NULL,NULL
13846,3374,15533,NULL,NULL
13847,3374,15534,NULL,NULL
13848,518,15535,NULL,NULL
13849,518,15536,NULL,NULL
13850,518,15537,NULL,NULL
13851,518,15538,NULL,NULL
13852,3374,15539,NULL,NULL
13854,3374,15541,NULL,NULL
13855,3374,15542,NULL,NULL
13856,3374,15543,NULL,NULL
13857,3374,15544,NULL,NULL
13858,3374,15545,NULL,NULL
13859,3374,15546,NULL,NULL
13860,3374,15547,NULL,NULL
13861,3374,15548,NULL,NULL
13862,3374,15549,NULL,NULL
13863,3374,15550,NULL,NULL
13864,3374,15551,NULL,NULL
13865,3374,15552,NULL,NULL
13866,3374,15553,NULL,NULL
13867,3374,15554,NULL,NULL
13868,3374,15555,NULL,NULL
13869,3374,15556,NULL,NULL
13871,3374,15558,NULL,NULL
13872,3374,15559,NULL,NULL
13873,3374,15560,NULL,NULL
13874,3374,15561,NULL,NULL
13875,3374,15562,NULL,NULL
13876,3374,15563,NULL,NULL
13877,3374,15564,NULL,NULL
13878,3374,15565,NULL,NULL
13879,3374,15566,NULL,NULL
13880,3374,15567,NULL,NULL
13881,3374,15568,NULL,NULL
13882,3374,15569,NULL,NULL
13883,3374,15570,NULL,NULL
13884,3374,15571,NULL,NULL
13885,3374,15572,NULL,NULL
13886,3374,15573,NULL,NULL
13887,3374,15574,NULL,NULL
13888,3374,15575,NULL,NULL
13889,3374,15576,NULL,NULL
13890,3374,15577,NULL,NULL
13891,3374,15578,NULL,NULL
13892,3374,15579,NULL,NULL
13893,3374,15580,NULL,NULL
13894,3374,15581,NULL,NULL
13895,3374,15582,NULL,NULL
13896,3374,15583,NULL,NULL
13897,3374,15584,NULL,NULL
13898,3374,15585,NULL,NULL
13899,3374,15586,NULL,NULL
13900,3374,15587,NULL,NULL
13901,3374,15588,NULL,NULL
13902,3374,15589,NULL,NULL
13903,3374,15590,NULL,NULL
13904,3374,15591,NULL,NULL
13905,3374,15592,NULL,NULL
13906,3374,15593,NULL,NULL
13907,3374,15594,NULL,NULL
13908,3374,15595,NULL,NULL
13909,5928,15596,NULL,NULL
13910,3374,15597,NULL,NULL
13911,5929,15598,NULL,NULL
13912,3758,15599,NULL,NULL
13913,5930,15600,NULL,NULL
13914,5931,15601,NULL,NULL
13915,3758,15602,NULL,NULL
13916,5933,15603,NULL,NULL
13917,5934,15604,NULL,NULL
13918,5935,15605,NULL,NULL
13919,447,15606,NULL,NULL
13920,5936,15607,NULL,NULL
13921,5937,15608,NULL,NULL
13922,5938,15609,NULL,NULL
13923,5939,15610,NULL,NULL
13924,5939,15611,NULL,NULL
13925,5939,15612,NULL,NULL
13926,5939,15613,NULL,NULL
13927,5939,15614,NULL,NULL
13928,5939,15615,NULL,NULL
13929,5939,15616,NULL,NULL
13930,5939,15617,NULL,NULL
13931,5939,15618,NULL,NULL
13932,5939,15619,NULL,NULL
13933,5939,15620,NULL,NULL
13935,5939,15622,NULL,NULL
13936,5939,15623,NULL,NULL
13937,5939,15624,NULL,NULL
13938,5939,15625,NULL,NULL
13939,5939,15626,NULL,NULL
13940,710,15627,NULL,NULL
13941,732,15628,NULL,NULL
13942,732,15629,NULL,NULL
13943,3758,15630,NULL,NULL
13944,5940,15631,NULL,NULL
13947,467,15634,NULL,NULL
13948,5941,15635,NULL,NULL
13949,2101,15636,NULL,NULL
13950,5942,15637,NULL,NULL
13951,5943,15638,NULL,NULL
13953,5945,15640,NULL,NULL
13954,5945,15641,NULL,NULL
13955,5946,15642,NULL,NULL
13956,5947,15643,NULL,NULL
13957,3860,15644,NULL,NULL
13958,3860,15645,NULL,NULL
13959,3860,15646,NULL,NULL
13960,3860,15647,NULL,NULL
13961,5948,15648,NULL,NULL
13962,5949,15649,NULL,NULL
13963,5950,15650,NULL,NULL
13964,3758,15651,NULL,NULL
13965,3758,15652,NULL,NULL
13966,5951,15653,NULL,NULL
13967,5953,15654,NULL,NULL
13968,5954,15655,NULL,NULL
13969,5955,15656,NULL,NULL
13971,5957,15658,NULL,NULL
13972,5958,15659,NULL,NULL
13974,5960,15661,NULL,NULL
13975,5961,15662,NULL,NULL
13976,5962,15663,NULL,NULL
13977,5963,15664,NULL,NULL
13979,5965,15666,NULL,NULL
13980,5965,15667,NULL,NULL
13981,5965,15668,NULL,NULL
13982,5965,15669,NULL,NULL
13983,5965,15670,NULL,NULL
13984,5965,15671,NULL,NULL
13985,5965,15672,NULL,NULL
13986,5965,15673,NULL,NULL
13987,5965,15674,NULL,NULL
13988,5966,15675,NULL,NULL
13989,5967,15676,NULL,NULL
13990,5968,15677,NULL,NULL
13991,5969,15678,NULL,NULL
13992,5970,15679,NULL,NULL
13993,5971,15680,NULL,NULL
13994,5972,15681,NULL,NULL
13995,5973,15682,NULL,NULL
13996,5975,15683,NULL,NULL
13997,5976,15684,NULL,NULL
13998,5977,15685,NULL,NULL
13999,5978,15686,NULL,NULL
14000,5978,15687,NULL,NULL
14001,5978,15688,NULL,NULL
14002,5978,15689,NULL,NULL
14003,5978,15690,NULL,NULL
14004,5978,15691,NULL,NULL
14005,5978,15692,NULL,NULL
14006,5978,15693,NULL,NULL
14007,5978,15694,NULL,NULL
14008,5978,15695,NULL,NULL
14009,5978,15696,NULL,NULL
14010,5978,15697,NULL,NULL
14011,5978,15698,NULL,NULL
14012,5978,15699,NULL,NULL
14013,5978,15700,NULL,NULL
14014,5978,15701,NULL,NULL
14015,5978,15702,NULL,NULL
14016,5978,15703,NULL,NULL
14017,5978,15704,NULL,NULL
14018,499,15705,NULL,NULL
14019,5979,15706,NULL,NULL
14020,5980,15707,NULL,NULL
14021,5981,15708,NULL,NULL
14022,5982,15709,NULL,NULL
14023,5983,15710,NULL,NULL
14024,5984,15711,NULL,NULL
14025,5985,15712,NULL,NULL
14027,5987,15714,NULL,NULL
14028,5988,15715,NULL,NULL
14029,517,15716,NULL,NULL
14030,5989,15717,NULL,NULL
14031,517,15718,NULL,NULL
14032,517,15719,NULL,NULL
14033,517,15720,NULL,NULL
14034,517,15721,NULL,NULL
14035,517,15722,NULL,NULL
14036,517,15723,NULL,NULL
14037,517,15724,NULL,NULL
14038,517,15725,NULL,NULL
14039,517,15726,NULL,NULL
14041,517,15728,NULL,NULL
14043,5991,15730,NULL,NULL
14044,517,15731,NULL,NULL
14045,517,15732,NULL,NULL
14046,517,15733,NULL,NULL
14047,517,15734,NULL,NULL
14048,517,15735,NULL,NULL
14050,5993,15737,NULL,NULL
14051,5994,15738,NULL,NULL
14052,5995,15739,NULL,NULL
14053,5995,15740,NULL,NULL
14054,517,15741,NULL,NULL
14055,517,15742,NULL,NULL
14056,5996,15743,NULL,NULL
14057,5997,15744,NULL,NULL
14058,5998,15745,NULL,NULL
14060,6000,15747,NULL,NULL
14061,6001,15748,NULL,NULL
14062,517,15749,NULL,NULL
14063,517,15750,NULL,NULL
14064,517,15751,NULL,NULL
14065,6002,15752,NULL,NULL
14066,517,15753,NULL,NULL
14068,6004,15755,NULL,NULL
14069,6005,15756,NULL,NULL
14071,6005,15758,NULL,NULL
14072,6006,15759,NULL,NULL
14073,6006,15760,NULL,NULL
14074,6006,15761,NULL,NULL
14075,6006,15762,NULL,NULL
14076,6006,15763,NULL,NULL
14078,6007,15765,NULL,NULL
14079,5714,15766,NULL,NULL
14080,5714,15767,NULL,NULL
14081,5714,15768,NULL,NULL
14082,5714,15769,NULL,NULL
14083,5714,15770,NULL,NULL
14084,5714,15771,NULL,NULL
14085,535,15772,NULL,NULL
14086,535,15773,NULL,NULL
14087,535,15774,NULL,NULL
14088,6009,15775,NULL,NULL
14089,6010,15776,NULL,NULL
14090,6011,15777,NULL,NULL
14091,6012,15778,NULL,NULL
14092,6013,15779,NULL,NULL
14093,6014,15780,NULL,NULL
14094,6015,15781,NULL,NULL
14095,6016,15782,NULL,NULL
14096,6017,15783,NULL,NULL
14097,450,15784,NULL,NULL
14098,450,15785,NULL,NULL
14099,6018,15786,NULL,NULL
14100,6019,15787,NULL,NULL
14101,6019,15788,NULL,NULL
14102,6020,15789,NULL,NULL
14104,6022,15791,NULL,NULL
14105,3888,15792,NULL,NULL
14106,3888,15793,NULL,NULL
14107,6023,15794,NULL,NULL
14108,4545,15795,NULL,NULL
14109,4545,15796,NULL,NULL
14110,6025,15797,NULL,NULL
14111,6026,15798,NULL,NULL
14112,6027,15799,NULL,NULL
14113,448,15800,NULL,NULL
14114,470,15801,NULL,NULL
14115,6029,15802,NULL,NULL
14116,6028,15803,NULL,NULL
14117,6030,15804,NULL,NULL
14118,6031,15805,NULL,NULL
14119,6032,15806,NULL,NULL
14120,6033,15807,NULL,NULL
14121,487,15808,NULL,NULL
14122,6034,15809,NULL,NULL
14123,6035,15810,NULL,NULL
14124,6036,15811,NULL,NULL
14125,6037,15812,NULL,NULL
14126,6037,15813,NULL,NULL
14127,6037,15814,NULL,NULL
14128,6037,15815,NULL,NULL
14129,6038,15816,NULL,NULL
14131,6040,15818,NULL,NULL
14132,6041,15819,NULL,NULL
14133,6042,15820,NULL,NULL
14134,6043,15821,NULL,NULL
14135,6044,15822,NULL,NULL
14136,6045,15823,NULL,NULL
14137,6047,15824,NULL,NULL
14138,6046,15825,NULL,NULL
14139,6048,15826,NULL,NULL
14140,6049,15827,NULL,NULL
14141,6050,15828,NULL,NULL
14142,6051,15829,NULL,NULL
14143,6052,15830,NULL,NULL
14144,474,15831,NULL,NULL
14145,6053,15832,NULL,NULL
14148,474,15835,NULL,2025-03-26 16:43:41.593
14151,6055,15838,NULL,NULL
14153,6057,15840,NULL,NULL
14154,6057,15841,NULL,NULL
14159,6058,15846,NULL,NULL
14160,5422,15847,NULL,NULL
14161,5422,15848,NULL,NULL
14162,5422,15849,NULL,NULL
14163,5422,15850,NULL,NULL
14164,6059,15851,NULL,NULL
14165,3944,15852,NULL,NULL
14166,3944,15853,NULL,NULL
14167,3944,15854,NULL,NULL
14169,6061,15856,NULL,NULL
14170,6062,15857,NULL,NULL
14171,3367,15858,NULL,NULL
14172,3367,15859,NULL,NULL
14173,6063,15860,NULL,NULL
14174,3367,15861,NULL,NULL
14175,3367,15862,NULL,NULL
14176,6064,15863,NULL,NULL
14177,6065,15864,NULL,2023-05-31 09:42:07.477
14178,6066,15865,NULL,NULL
14181,564,15868,NULL,NULL
14182,564,15869,NULL,NULL
14183,564,15870,NULL,2023-08-30 13:56:03.017
14185,564,15872,NULL,NULL
14188,564,15875,NULL,2023-09-05 15:50:26.780
14189,564,15876,NULL,NULL
14191,564,15878,NULL,NULL
14192,564,15879,NULL,NULL
14193,564,15880,NULL,2023-09-12 17:02:21.323
14196,564,15883,NULL,NULL
14198,564,15885,NULL,NULL
14207,564,15894,NULL,2023-11-27 15:45:19.453
14209,564,15896,NULL,2023-09-06 17:41:07.710
14210,6067,15897,NULL,NULL
14211,6068,15898,NULL,NULL
14212,6069,15899,NULL,NULL
14213,6069,15900,NULL,NULL
14214,6069,15901,NULL,NULL
14215,6070,15902,NULL,NULL
14216,6071,15903,NULL,NULL
14217,6072,15904,NULL,NULL
14219,3888,15906,NULL,NULL
14220,3888,15907,NULL,NULL
14221,3888,15908,NULL,NULL
14222,3888,15909,NULL,NULL
14223,3888,15910,NULL,NULL
14224,3888,15911,NULL,NULL
14225,3888,15912,NULL,NULL
14226,3888,15913,NULL,NULL
14227,3888,15914,NULL,NULL
14229,3888,15916,NULL,NULL
14230,3888,15917,NULL,NULL
14231,3888,15918,NULL,NULL
14232,3888,15919,NULL,NULL
14253,3888,15940,NULL,NULL
14254,3888,15941,NULL,NULL
14255,3888,15942,NULL,NULL
14257,3888,15944,NULL,NULL
14258,3888,15945,NULL,NULL
14260,3888,15947,NULL,NULL
14261,4896,15948,NULL,NULL
14262,4896,15949,NULL,NULL
14263,4896,15950,NULL,NULL
14264,6073,15951,NULL,NULL
14265,6073,15952,NULL,NULL
14266,6073,15953,NULL,NULL
14267,6073,15954,NULL,NULL
14268,6073,15955,NULL,NULL
14269,6073,15956,NULL,NULL
14270,6073,15957,NULL,NULL
14271,6073,15958,NULL,NULL
14272,6073,15959,NULL,NULL
14273,6073,15960,NULL,NULL
14274,542,15961,NULL,NULL
14275,6073,15962,NULL,NULL
14276,6073,15963,NULL,NULL
14277,6073,15964,NULL,NULL
14278,6073,15965,NULL,NULL
14279,6073,15966,NULL,NULL
14280,6073,15967,NULL,NULL
14282,6073,15969,NULL,NULL
14283,6073,15970,NULL,NULL
14284,6073,15971,NULL,NULL
14285,6073,15972,NULL,NULL
14286,6073,15973,NULL,NULL
14287,6073,15974,NULL,NULL
14288,6073,15975,NULL,NULL
14289,6073,15976,NULL,NULL
14291,6073,15978,NULL,NULL
14292,6073,15979,NULL,NULL
14293,6073,15980,NULL,NULL
14294,6073,15981,NULL,NULL
14295,6073,15982,NULL,NULL
14296,6073,15983,NULL,NULL
14297,6073,15984,NULL,NULL
14299,6073,15986,NULL,NULL
14300,6073,15987,NULL,NULL
14301,6073,15988,NULL,NULL
14302,6073,15989,NULL,NULL
14303,6073,15990,NULL,NULL
14304,6073,15991,NULL,NULL
14305,6073,15992,NULL,NULL
14306,6073,15993,NULL,NULL
14307,6073,15994,NULL,NULL
14308,6073,15995,NULL,NULL
14309,6073,15996,NULL,NULL
14310,6073,15997,NULL,NULL
14312,6073,15999,NULL,NULL
14317,6073,16004,NULL,NULL
14318,6073,16005,NULL,NULL
14319,6073,16006,NULL,NULL
14320,6073,16007,NULL,NULL
14321,6073,16008,NULL,NULL
14322,6073,16009,NULL,NULL
14323,6073,16010,NULL,NULL
14324,6073,16011,NULL,NULL
14325,6073,16012,NULL,NULL
14326,6073,16013,NULL,NULL
14327,6073,16014,NULL,NULL
14328,6073,16015,NULL,NULL
14329,6073,16016,NULL,NULL
14330,6073,16017,NULL,NULL
14331,6073,16018,NULL,NULL
14332,6073,16019,NULL,NULL
14333,6073,16020,NULL,NULL
14334,6073,16021,NULL,NULL
14335,6073,16022,NULL,NULL
14337,6073,16024,NULL,NULL
14338,6073,16025,NULL,NULL
14339,6073,16026,NULL,NULL
14340,6073,16027,NULL,NULL
14341,6073,16028,NULL,NULL
14342,6073,16029,NULL,NULL
14343,6073,16030,NULL,NULL
14344,6073,16031,NULL,NULL
14345,6073,16032,NULL,NULL
14347,6073,16034,NULL,NULL
14348,6073,16035,NULL,NULL
14349,491,16036,NULL,NULL
14350,491,16037,NULL,NULL
14352,491,16039,NULL,NULL
14353,491,16040,NULL,NULL
14354,491,16041,NULL,NULL
14355,491,16042,NULL,NULL
14356,491,16043,NULL,NULL
14357,491,16044,NULL,NULL
14358,491,16045,NULL,NULL
14359,491,16046,NULL,NULL
14360,491,16047,NULL,NULL
14362,491,16049,NULL,NULL
14363,491,16050,NULL,NULL
14364,491,16051,NULL,NULL
14365,491,16052,NULL,NULL
14366,491,16053,NULL,NULL
14367,491,16054,NULL,NULL
14368,491,16055,NULL,NULL
14369,491,16056,NULL,NULL
14370,491,16057,NULL,NULL
14371,491,16058,NULL,NULL
14372,491,16059,NULL,NULL
14373,491,16060,NULL,NULL
14374,491,16061,NULL,NULL
14375,491,16062,NULL,NULL
14376,491,16063,NULL,NULL
14377,491,16064,NULL,NULL
14378,491,16065,NULL,NULL
14379,491,16066,NULL,NULL
14380,491,16067,NULL,NULL
14381,491,16068,NULL,NULL
14382,491,16069,NULL,NULL
14383,491,16070,NULL,NULL
14385,491,16072,NULL,NULL
14386,491,16073,NULL,NULL
14387,491,16074,NULL,NULL
14388,491,16075,NULL,NULL
14389,491,16076,NULL,NULL
14390,491,16077,NULL,NULL
14391,491,16078,NULL,NULL
14392,491,16079,NULL,NULL
14401,491,16088,NULL,NULL
14407,491,16094,NULL,NULL
14408,491,16095,NULL,NULL
14409,491,16096,NULL,NULL
14410,491,16097,NULL,NULL
14411,491,16098,NULL,NULL
14412,491,16099,NULL,NULL
14413,491,16100,NULL,NULL
14414,526,16101,NULL,NULL
14415,6074,16102,NULL,NULL
14416,6075,16103,NULL,NULL
14417,6076,16104,NULL,NULL
14418,6078,16105,NULL,NULL
14419,6079,16106,NULL,NULL
14420,6080,16107,NULL,NULL
14421,6081,16108,NULL,NULL
14422,6073,16109,NULL,NULL
14423,6073,16110,NULL,NULL
14424,6073,16111,NULL,NULL
14425,6073,16112,NULL,NULL
14426,6073,16113,NULL,NULL
14427,6073,16114,NULL,NULL
14428,6073,16115,NULL,NULL
14429,6073,16116,NULL,NULL
14434,6073,16121,NULL,NULL
14435,6073,16122,NULL,NULL
14436,6082,16123,NULL,NULL
14437,6073,16124,NULL,NULL
14439,6073,16126,NULL,NULL
14440,6073,16127,NULL,NULL
14441,6073,16128,NULL,NULL
14442,6073,16129,NULL,NULL
14443,6073,16130,NULL,NULL
14444,6073,16131,NULL,NULL
14445,6073,16132,NULL,NULL
14446,6073,16133,NULL,NULL
14447,6073,16134,NULL,NULL
14448,6073,16135,NULL,NULL
14449,6073,16136,NULL,NULL
14450,6073,16137,NULL,NULL
14451,6073,16138,NULL,NULL
14452,6073,16139,NULL,NULL
14453,6073,16140,NULL,NULL
14454,6073,16141,NULL,NULL
14456,6073,16143,NULL,NULL
14457,6073,16144,NULL,NULL
14458,6073,16145,NULL,NULL
14459,6073,16146,NULL,NULL
14460,6073,16147,NULL,NULL
14461,6073,16148,NULL,NULL
14462,6073,16149,NULL,NULL
14463,6073,16150,NULL,NULL
14465,6073,16152,NULL,NULL
14466,6073,16153,NULL,NULL
14467,6073,16154,NULL,NULL
14468,6073,16155,NULL,NULL
14469,6073,16156,NULL,NULL
14470,6073,16157,NULL,NULL
14471,6073,16158,NULL,NULL
14472,6073,16159,NULL,NULL
14473,6073,16160,NULL,NULL
14474,6073,16161,NULL,NULL
14475,6073,16162,NULL,NULL
14476,6073,16163,NULL,NULL
14477,6073,16164,NULL,NULL
14479,6073,16166,NULL,NULL
14480,6073,16167,NULL,NULL
14481,6073,16168,NULL,NULL
14482,6073,16169,NULL,NULL
14483,6073,16170,NULL,NULL
14484,6073,16171,NULL,NULL
14485,6073,16172,NULL,NULL
14486,6073,16173,NULL,NULL
14487,6073,16174,NULL,NULL
14488,6073,16175,NULL,NULL
14489,6073,16176,NULL,NULL
14490,6073,16177,NULL,NULL
14491,6073,16178,NULL,NULL
14492,6073,16179,NULL,NULL
14494,6086,16181,NULL,NULL
14495,6087,16182,NULL,NULL
14496,6088,16183,NULL,NULL
14497,6089,16184,NULL,NULL
14498,6090,16185,NULL,NULL
14499,6091,16186,NULL,NULL
14500,6091,16187,NULL,NULL
14501,6091,16188,NULL,NULL
14502,6091,16189,NULL,NULL
14503,6093,16190,NULL,NULL
14504,6095,16191,NULL,NULL
14505,553,16192,NULL,NULL
14506,6096,16193,NULL,NULL
14507,6098,16194,NULL,NULL
14508,6099,16195,NULL,NULL
14509,6100,16196,NULL,NULL
14510,1295,16197,NULL,NULL
14511,1295,16198,NULL,NULL
14512,1295,16199,NULL,NULL
14513,1295,16200,NULL,NULL
14514,567,16201,NULL,NULL
14515,6101,16202,NULL,NULL
14516,526,16203,NULL,NULL
14517,526,16204,NULL,NULL
14518,6073,16205,NULL,NULL
14519,4377,16206,NULL,NULL
14520,4377,16207,NULL,NULL
14521,6073,16208,NULL,NULL
14522,6103,16209,NULL,NULL
14523,6104,16210,NULL,NULL
14524,6105,16211,NULL,NULL
14525,6106,16212,NULL,NULL
14526,526,16213,NULL,NULL
14527,526,16214,NULL,NULL
14528,6107,16215,NULL,NULL
14529,6108,16216,NULL,NULL
14530,6109,16217,NULL,NULL
14531,6110,16218,NULL,NULL
14532,6111,16219,NULL,NULL
14533,6112,16220,NULL,NULL
14534,6113,16221,NULL,NULL
14535,4192,16222,NULL,NULL
14536,4192,16223,NULL,NULL
14537,4192,16224,NULL,NULL
14538,4192,16225,NULL,NULL
14539,4192,16226,NULL,NULL
14540,4192,16227,NULL,NULL
14541,6114,16228,NULL,NULL
14542,6114,16229,NULL,NULL
14543,6115,16230,NULL,NULL
14544,6116,16231,NULL,NULL
14545,6117,16232,NULL,NULL
14546,6118,16233,NULL,NULL
14547,6119,16234,NULL,NULL
14548,6120,16235,NULL,NULL
14549,6122,16236,NULL,NULL
14550,6123,16237,NULL,NULL
14551,6124,16238,NULL,NULL
14552,6125,16239,NULL,NULL
14553,6126,16240,NULL,NULL
14554,6127,16241,NULL,NULL
14555,6127,16242,NULL,NULL
14556,6127,16243,NULL,NULL
14557,6128,16244,NULL,NULL
14558,6129,16245,NULL,NULL
14559,6130,16246,NULL,NULL
14560,6131,16247,NULL,NULL
14561,526,16248,NULL,NULL
14562,10249,16249,NULL,NULL
14563,526,16250,NULL,NULL
14564,6132,16251,NULL,NULL
14565,6133,16252,NULL,NULL
14566,6134,16253,NULL,NULL
14567,3415,16254,NULL,NULL
14568,3415,16255,NULL,NULL
14569,3415,16256,NULL,NULL
14570,3415,16257,NULL,NULL
14571,3415,16258,NULL,NULL
14572,3415,16259,NULL,NULL
14573,3415,16260,NULL,NULL
14574,3415,16261,NULL,NULL
14575,6135,16262,NULL,NULL
14576,6136,16263,NULL,NULL
14577,13281,16264,NULL,2025-01-02 12:42:25.067
14578,6138,16265,NULL,NULL
14579,6139,16266,NULL,NULL
14580,6140,16267,NULL,NULL
14581,6141,16268,NULL,NULL
14582,6142,16269,NULL,NULL
14583,6143,16270,NULL,NULL
14584,6144,16271,NULL,NULL
14586,6146,16273,NULL,NULL
14587,6147,16274,NULL,NULL
14595,6149,16282,NULL,NULL
14596,6150,16283,NULL,NULL
14597,6151,16284,NULL,NULL
14599,6153,16286,NULL,NULL
14600,6154,16287,NULL,NULL
14602,6156,16289,NULL,NULL
14603,6157,16290,NULL,NULL
14604,6158,16291,NULL,NULL
14605,6159,16292,NULL,NULL
14606,6160,16293,NULL,NULL
14607,6161,16294,NULL,NULL
14609,4269,16296,NULL,NULL
14610,4269,16297,NULL,NULL
14611,6163,16298,NULL,NULL
14612,4168,16299,NULL,NULL
14613,4168,16300,NULL,NULL
14614,6164,16301,NULL,NULL
14615,4269,16302,NULL,NULL
14616,6165,16303,NULL,NULL
14617,6166,16304,NULL,NULL
14618,6167,16305,NULL,NULL
14619,6168,16306,NULL,NULL
14620,6169,16307,NULL,NULL
14621,6170,16308,NULL,NULL
14622,6171,16309,NULL,NULL
14623,6172,16310,NULL,NULL
14624,6173,16311,NULL,NULL
14625,525,16312,NULL,NULL
14626,525,16313,NULL,NULL
14627,6073,16314,NULL,NULL
14628,6073,16315,NULL,NULL
14630,6073,16317,NULL,NULL
14631,6073,16318,NULL,NULL
14632,6073,16319,NULL,NULL
14633,6073,16320,NULL,NULL
14634,6073,16321,NULL,NULL
14635,6073,16322,NULL,NULL
14636,6073,16323,NULL,NULL
14637,526,16324,NULL,NULL
14638,526,16325,NULL,NULL
14643,6176,16330,NULL,NULL
14645,6176,16332,NULL,NULL
14646,6176,16333,NULL,NULL
14647,6176,16334,NULL,NULL
14648,6176,16335,NULL,NULL
14649,6176,16336,NULL,NULL
14650,6176,16337,NULL,NULL
14651,6176,16338,NULL,NULL
14652,6176,16339,NULL,NULL
14653,6176,16340,NULL,NULL
14654,6176,16341,NULL,NULL
14655,6176,16342,NULL,NULL
14656,6176,16343,NULL,NULL
14657,6176,16344,NULL,NULL
14659,6176,16346,NULL,NULL
14660,6176,16347,NULL,NULL
14661,6176,16348,NULL,NULL
14662,6176,16349,NULL,NULL
14663,6176,16350,NULL,NULL
14664,6176,16351,NULL,NULL
14665,6176,16352,NULL,NULL
14666,6176,16353,NULL,NULL
14667,6176,16354,NULL,NULL
14668,6176,16355,NULL,NULL
14670,6176,16357,NULL,NULL
14672,6176,16359,NULL,NULL
14673,6176,16360,NULL,NULL
14674,6176,16361,NULL,NULL
14675,6176,16362,NULL,NULL
14676,6176,16363,NULL,NULL
14677,6176,16364,NULL,NULL
14678,6176,16365,NULL,NULL
14679,6176,16366,NULL,NULL
14680,6176,16367,NULL,NULL
14681,6176,16368,NULL,NULL
14682,6176,16369,NULL,NULL
14683,6176,16370,NULL,NULL
14684,6176,16371,NULL,NULL
14685,6176,16372,NULL,NULL
14686,6176,16373,NULL,NULL
14687,6176,16374,NULL,NULL
14688,6176,16375,NULL,NULL
14689,6176,16376,NULL,NULL
14690,6176,16377,NULL,NULL
14691,6176,16378,NULL,NULL
14692,6176,16379,NULL,NULL
14693,6176,16380,NULL,NULL
14694,6176,16381,NULL,NULL
14695,6176,16382,NULL,NULL
14696,6176,16383,NULL,NULL
14697,6176,16384,NULL,NULL
14698,6176,16385,NULL,NULL
14699,6176,16386,NULL,NULL
14700,6176,16387,NULL,NULL
14701,6176,16388,NULL,NULL
14702,6176,16389,NULL,NULL
14703,6176,16390,NULL,NULL
14704,6176,16391,NULL,NULL
14705,6176,16392,NULL,NULL
14706,6176,16393,NULL,NULL
14707,6176,16394,NULL,NULL
14708,6176,16395,NULL,NULL
14709,6176,16396,NULL,NULL
14711,526,16398,NULL,NULL
14712,526,16399,NULL,NULL
14713,526,16400,NULL,NULL
14714,526,16401,NULL,NULL
14715,526,16402,NULL,NULL
14716,526,16403,NULL,NULL
14717,526,16404,NULL,NULL
14718,526,16405,NULL,NULL
14726,526,16413,NULL,NULL
14730,526,16417,NULL,NULL
14740,6177,16427,NULL,NULL
14741,6177,16428,NULL,NULL
14742,6177,16429,NULL,NULL
14743,6177,16430,NULL,NULL
14745,6177,16432,NULL,NULL
14746,6177,16433,NULL,NULL
14747,6177,16434,NULL,NULL
14748,6177,16435,NULL,NULL
14749,6177,16436,NULL,NULL
14750,6177,16437,NULL,NULL
14751,6177,16438,NULL,NULL
14752,6177,16439,NULL,NULL
14753,6177,16440,NULL,NULL
14754,6177,16441,NULL,NULL
14755,6177,16442,NULL,NULL
14756,6177,16443,NULL,NULL
14757,6177,16444,NULL,NULL
14758,6177,16445,NULL,NULL
14759,6177,16446,NULL,NULL
14760,6177,16447,NULL,NULL
14761,6177,16448,NULL,NULL
14762,6177,16449,NULL,NULL
14764,6181,16451,NULL,NULL
14765,6182,16452,NULL,NULL
14766,526,16453,NULL,NULL
14767,526,16454,NULL,NULL
14768,526,16455,NULL,NULL
14769,526,16456,NULL,NULL
14770,6182,16457,NULL,NULL
14771,6182,16458,NULL,NULL
14772,6182,16459,NULL,NULL
14773,6182,16460,NULL,NULL
14774,6182,16461,NULL,NULL
14775,6182,16462,NULL,NULL
14776,6182,16463,NULL,NULL
14777,6182,16464,NULL,NULL
14778,6182,16465,NULL,NULL
14779,6182,16466,NULL,NULL
14780,6182,16467,NULL,NULL
14781,6182,16468,NULL,NULL
14782,6182,16469,NULL,NULL
14783,6182,16470,NULL,NULL
14784,6182,16471,NULL,NULL
14785,6182,16472,NULL,NULL
14786,6182,16473,NULL,NULL
14787,6182,16474,NULL,NULL
14788,6182,16475,NULL,NULL
14789,6182,16476,NULL,NULL
14790,6182,16477,NULL,NULL
14791,6182,16478,NULL,NULL
14792,6182,16479,NULL,NULL
14793,6182,16480,NULL,NULL
14794,6182,16481,NULL,NULL
14795,6182,16482,NULL,NULL
14796,6182,16483,NULL,NULL
14797,6182,16484,NULL,NULL
14798,6182,16485,NULL,NULL
14799,6182,16486,NULL,NULL
14800,6182,16487,NULL,NULL
14801,6182,16488,NULL,NULL
14802,6182,16489,NULL,NULL
14803,6182,16490,NULL,NULL
14804,6182,16491,NULL,NULL
14805,6182,16492,NULL,NULL
14806,6182,16493,NULL,NULL
14807,6182,16494,NULL,NULL
14808,6182,16495,NULL,NULL
14809,6182,16496,NULL,NULL
14810,6182,16497,NULL,NULL
14811,6182,16498,NULL,NULL
14812,6182,16499,NULL,NULL
14813,6182,16500,NULL,NULL
14814,6182,16501,NULL,NULL
14815,6182,16502,NULL,NULL
14816,6182,16503,NULL,NULL
14817,6182,16504,NULL,NULL
14818,6182,16505,NULL,NULL
14819,6182,16506,NULL,NULL
14820,6182,16507,NULL,NULL
14821,6182,16508,NULL,NULL
14822,6182,16509,NULL,NULL
14823,6182,16510,NULL,NULL
14825,6182,16512,NULL,NULL
14826,6182,16513,NULL,NULL
14827,6182,16514,NULL,NULL
14828,6182,16515,NULL,NULL
14830,6182,16517,NULL,NULL
14831,6182,16518,NULL,NULL
14832,6182,16519,NULL,NULL
14833,6182,16520,NULL,NULL
14834,6182,16521,NULL,NULL
14835,6182,16522,NULL,NULL
14837,6182,16524,NULL,NULL
14838,526,16525,NULL,NULL
14839,6182,16526,NULL,NULL
14840,6182,16527,NULL,NULL
14841,6182,16528,NULL,NULL
14842,6182,16529,NULL,NULL
14843,6182,16530,NULL,NULL
14844,6182,16531,NULL,NULL
14845,6182,16532,NULL,NULL
14846,6182,16533,NULL,NULL
14847,6182,16534,NULL,NULL
14848,6182,16535,NULL,NULL
14849,6182,16536,NULL,NULL
14850,6182,16537,NULL,NULL
14851,6182,16538,NULL,NULL
14852,6182,16539,NULL,NULL
14854,6182,16541,NULL,NULL
14855,6182,16542,NULL,NULL
14856,6182,16543,NULL,NULL
14857,6182,16544,NULL,NULL
14858,6182,16545,NULL,NULL
14859,6182,16546,NULL,NULL
14860,6182,16547,NULL,NULL
14861,6182,16548,NULL,NULL
14862,6182,16549,NULL,NULL
14863,6182,16550,NULL,NULL
14864,6182,16551,NULL,NULL
14865,6175,16552,NULL,NULL
14866,6175,16553,NULL,NULL
14867,6175,16554,NULL,NULL
14868,6175,16555,NULL,NULL
14869,6175,16556,NULL,NULL
14870,6175,16557,NULL,NULL
14871,6175,16558,NULL,NULL
14872,6175,16559,NULL,NULL
14873,6175,16560,NULL,NULL
14874,6175,16561,NULL,NULL
14875,6175,16562,NULL,NULL
14876,6175,16563,NULL,NULL
14877,6175,16564,NULL,NULL
14878,6175,16565,NULL,NULL
14879,6175,16566,NULL,NULL
14880,6175,16567,NULL,NULL
14881,6175,16568,NULL,NULL
14882,6175,16569,NULL,NULL
14883,6175,16570,NULL,NULL
14885,6175,16572,NULL,NULL
14886,6175,16573,NULL,NULL
14887,6175,16574,NULL,NULL
14888,6175,16575,NULL,NULL
14889,6175,16576,NULL,NULL
14890,6175,16577,NULL,NULL
14891,6175,16578,NULL,NULL
14892,6175,16579,NULL,NULL
14894,6175,16581,NULL,NULL
14895,6175,16582,NULL,NULL
14896,6175,16583,NULL,NULL
14897,6175,16584,NULL,NULL
14898,6175,16585,NULL,NULL
14899,6175,16586,NULL,NULL
14900,6175,16587,NULL,NULL
14901,6175,16588,NULL,NULL
14902,6175,16589,NULL,NULL
14903,6175,16590,NULL,NULL
14904,6175,16591,NULL,NULL
14905,6175,16592,NULL,NULL
14906,6175,16593,NULL,NULL
14907,6175,16594,NULL,NULL
14908,6175,16595,NULL,NULL
14909,6175,16596,NULL,NULL
14910,6175,16597,NULL,NULL
14911,6175,16598,NULL,NULL
14912,6175,16599,NULL,NULL
14913,6175,16600,NULL,NULL
14914,6175,16601,NULL,NULL
14915,6175,16602,NULL,NULL
14916,6175,16603,NULL,NULL
14917,6175,16604,NULL,NULL
14918,6175,16605,NULL,NULL
14919,6175,16606,NULL,NULL
14920,6175,16607,NULL,NULL
14921,6175,16608,NULL,NULL
14922,6175,16609,NULL,NULL
14923,6175,16610,NULL,NULL
14924,6175,16611,NULL,NULL
14925,6175,16612,NULL,NULL
14926,6175,16613,NULL,NULL
14927,6175,16614,NULL,NULL
14928,6175,16615,NULL,NULL
14929,6175,16616,NULL,NULL
14930,6175,16617,NULL,NULL
14931,6175,16618,NULL,NULL
14932,6175,16619,NULL,NULL
14933,6175,16620,NULL,NULL
14934,6175,16621,NULL,NULL
14935,6175,16622,NULL,NULL
14936,6175,16623,NULL,NULL
14937,6175,16624,NULL,NULL
14938,6175,16625,NULL,NULL
14939,6175,16626,NULL,NULL
14940,6175,16627,NULL,NULL
14941,6175,16628,NULL,NULL
14942,6175,16629,NULL,NULL
14943,6175,16630,NULL,NULL
14944,6175,16631,NULL,NULL
14945,6175,16632,NULL,NULL
14946,6175,16633,NULL,NULL
14947,6175,16634,NULL,NULL
14948,6175,16635,NULL,NULL
14949,6175,16636,NULL,NULL
14950,6175,16637,NULL,NULL
14951,6175,16638,NULL,NULL
14952,6175,16639,NULL,NULL
14953,6175,16640,NULL,NULL
14954,6175,16641,NULL,NULL
14955,6175,16642,NULL,NULL
14956,6175,16643,NULL,NULL
14957,6175,16644,NULL,NULL
14958,6175,16645,NULL,NULL
14959,6175,16646,NULL,NULL
14960,6175,16647,NULL,NULL
14963,6175,16650,NULL,NULL
14964,6175,16651,NULL,NULL
14965,6175,16652,NULL,NULL
14966,6183,16653,NULL,NULL
14967,6183,16654,NULL,NULL
14968,6183,16655,NULL,NULL
14969,6183,16656,NULL,NULL
14971,6183,16658,NULL,NULL
14972,6183,16659,NULL,NULL
14975,6183,16662,NULL,NULL
14976,6183,16663,NULL,NULL
14977,6183,16664,NULL,NULL
14978,6183,16665,NULL,NULL
14979,6183,16666,NULL,NULL
14980,6183,16667,NULL,NULL
14981,6183,16668,NULL,NULL
14982,6183,16669,NULL,NULL
14983,6183,16670,NULL,NULL
14984,6183,16671,NULL,NULL
14985,6183,16672,NULL,NULL
14986,6183,16673,NULL,NULL
14987,6183,16674,NULL,NULL
14988,6183,16675,NULL,NULL
14989,6183,16676,NULL,NULL
14990,6183,16677,NULL,NULL
14991,6183,16678,NULL,NULL
14992,6183,16679,NULL,NULL
14993,6183,16680,NULL,NULL
14994,6183,16681,NULL,NULL
14995,6183,16682,NULL,NULL
14996,6183,16683,NULL,NULL
14997,6183,16684,NULL,NULL
14998,6183,16685,NULL,NULL
14999,6183,16686,NULL,NULL
15000,6183,16687,NULL,NULL
15001,6183,16688,NULL,NULL
15002,6183,16689,NULL,NULL
15003,6183,16690,NULL,NULL
15004,6183,16691,NULL,NULL
15005,6183,16692,NULL,NULL
15007,498,16694,NULL,NULL
15008,6184,16695,NULL,NULL
15009,6184,16696,NULL,NULL
15010,6184,16697,NULL,NULL
15011,6184,16698,NULL,NULL
15012,6184,16699,NULL,NULL
15013,6184,16700,NULL,NULL
15014,6184,16701,NULL,NULL
15015,6184,16702,NULL,NULL
15016,6184,16703,NULL,NULL
15017,6184,16704,NULL,NULL
15018,6184,16705,NULL,NULL
15019,6184,16706,NULL,NULL
15020,6184,16707,NULL,NULL
15021,6184,16708,NULL,NULL
15022,6184,16709,NULL,NULL
15023,6184,16710,NULL,NULL
15024,6184,16711,NULL,NULL
15025,6184,16712,NULL,NULL
15026,6184,16713,NULL,NULL
15027,6184,16714,NULL,NULL
15031,6184,16718,NULL,NULL
15032,6184,16719,NULL,NULL
15033,6184,16720,NULL,NULL
15034,6184,16721,NULL,NULL
15035,6184,16722,NULL,NULL
15036,6184,16723,NULL,NULL
15037,6184,16724,NULL,NULL
15038,6184,16725,NULL,NULL
15039,6184,16726,NULL,NULL
15040,6184,16727,NULL,NULL
15041,6184,16728,NULL,NULL
15042,6184,16729,NULL,NULL
15043,6184,16730,NULL,NULL
15044,6184,16731,NULL,NULL
15046,6184,16733,NULL,NULL
15047,6184,16734,NULL,NULL
15048,6184,16735,NULL,NULL
15049,6184,16736,NULL,NULL
15050,6184,16737,NULL,NULL
15051,6184,16738,NULL,NULL
15052,6184,16739,NULL,NULL
15053,6184,16740,NULL,NULL
15054,6184,16741,NULL,NULL
15055,6184,16742,NULL,NULL
15056,6184,16743,NULL,NULL
15057,6184,16744,NULL,NULL
15058,6184,16745,NULL,NULL
15059,6184,16746,NULL,NULL
15060,6184,16747,NULL,NULL
15061,6184,16748,NULL,NULL
15062,6184,16749,NULL,NULL
15063,6188,16750,NULL,NULL
15064,6188,16751,NULL,NULL
15065,6188,16752,NULL,NULL
15067,6188,16754,NULL,NULL
15068,6188,16755,NULL,NULL
15069,6188,16756,NULL,NULL
15070,6188,16757,NULL,NULL
15071,6188,16758,NULL,NULL
15072,6188,16759,NULL,NULL
15073,6188,16760,NULL,NULL
15074,6188,16761,NULL,NULL
15075,6188,16762,NULL,NULL
15076,6188,16763,NULL,NULL
15077,6188,16764,NULL,NULL
15078,6188,16765,NULL,NULL
15079,6188,16766,NULL,NULL
15080,6188,16767,NULL,NULL
15081,6188,16768,NULL,NULL
15082,6188,16769,NULL,NULL
15083,6188,16770,NULL,NULL
15084,6188,16771,NULL,NULL
15085,6188,16772,NULL,NULL
15086,6188,16773,NULL,NULL
15087,6188,16774,NULL,NULL
15088,6188,16775,NULL,NULL
15089,6188,16776,NULL,NULL
15090,6188,16777,NULL,NULL
15091,6188,16778,NULL,NULL
15092,6188,16779,NULL,NULL
15093,6188,16780,NULL,NULL
15094,6188,16781,NULL,NULL
15095,6188,16782,NULL,NULL
15096,582,16783,NULL,2024-05-14 10:53:03.267
15097,6188,16784,NULL,NULL
15098,6189,16785,NULL,NULL
15099,6189,16786,NULL,NULL
15100,6189,16787,NULL,NULL
15101,6189,16788,NULL,NULL
15102,6189,16789,NULL,NULL
15103,6189,16790,NULL,NULL
15104,6189,16791,NULL,NULL
15105,6189,16792,NULL,NULL
15106,6189,16793,NULL,NULL
15107,6189,16794,NULL,NULL
15108,6189,16795,NULL,NULL
15109,6189,16796,NULL,NULL
15110,6189,16797,NULL,NULL
15111,6189,16798,NULL,NULL
15112,6189,16799,NULL,NULL
15113,6189,16800,NULL,NULL
15114,6189,16801,NULL,NULL
15115,6189,16802,NULL,NULL
15116,6189,16803,NULL,NULL
15117,6189,16804,NULL,NULL
15118,6189,16805,NULL,NULL
15119,6189,16806,NULL,NULL
15120,6189,16807,NULL,NULL
15121,6189,16808,NULL,NULL
15122,526,16809,NULL,NULL
15123,6189,16810,NULL,NULL
15124,6189,16811,NULL,NULL
15125,6189,16812,NULL,NULL
15126,6189,16813,NULL,NULL
15127,6189,16814,NULL,NULL
15128,6189,16815,NULL,NULL
15129,6189,16816,NULL,NULL
15130,6189,16817,NULL,NULL
15131,6189,16818,NULL,NULL
15132,6189,16819,NULL,NULL
15133,6189,16820,NULL,NULL
15134,6189,16821,NULL,NULL
15135,6189,16822,NULL,NULL
15136,6189,16823,NULL,NULL
15137,6189,16824,NULL,NULL
15138,6189,16825,NULL,NULL
15139,6189,16826,NULL,NULL
15140,6189,16827,NULL,NULL
15141,6189,16828,NULL,NULL
15143,6192,16830,NULL,NULL
15144,6192,16831,NULL,NULL
15146,6192,16833,NULL,NULL
15147,6192,16834,NULL,NULL
15148,6192,16835,NULL,NULL
15149,6186,16836,NULL,NULL
15150,6186,16837,NULL,NULL
15151,6186,16838,NULL,NULL
15152,6186,16839,NULL,NULL
15153,6186,16840,NULL,NULL
15154,6186,16841,NULL,NULL
15155,6186,16842,NULL,NULL
15156,6186,16843,NULL,NULL
15158,6186,16845,NULL,NULL
15159,6186,16846,NULL,NULL
15160,6186,16847,NULL,NULL
15161,6186,16848,NULL,NULL
15162,6186,16849,NULL,NULL
15164,6186,16851,NULL,NULL
15166,6186,16853,NULL,NULL
15167,6186,16854,NULL,NULL
15168,6186,16855,NULL,NULL
15169,6186,16856,NULL,NULL
15170,6186,16857,NULL,NULL
15171,6186,16858,NULL,NULL
15172,6186,16859,NULL,NULL
15173,6186,16860,NULL,NULL
15174,6186,16861,NULL,NULL
15175,6186,16862,NULL,NULL
15176,6186,16863,NULL,NULL
15177,6186,16864,NULL,NULL
15178,6186,16865,NULL,NULL
15179,6186,16866,NULL,NULL
15180,6186,16867,NULL,NULL
15181,6186,16868,NULL,NULL
15182,6186,16869,NULL,NULL
15183,6186,16870,NULL,NULL
15184,6186,16871,NULL,NULL
15185,6186,16872,NULL,NULL
15186,6186,16873,NULL,NULL
15187,6186,16874,NULL,NULL
15188,6186,16875,NULL,NULL
15189,6186,16876,NULL,NULL
15190,6186,16877,NULL,NULL
15192,6186,16879,NULL,NULL
15193,6186,16880,NULL,NULL
15194,6186,16881,NULL,NULL
15195,6186,16882,NULL,NULL
15196,6186,16883,NULL,NULL
15198,6186,16885,NULL,NULL
15200,6186,16887,NULL,NULL
15201,6186,16888,NULL,NULL
15202,6186,16889,NULL,NULL
15203,6186,16890,NULL,NULL
15204,6186,16891,NULL,NULL
15205,6186,16892,NULL,NULL
15206,6186,16893,NULL,NULL
15207,6186,16894,NULL,NULL
15208,6186,16895,NULL,NULL
15209,6186,16896,NULL,NULL
15210,6186,16897,NULL,NULL
15211,6186,16898,NULL,NULL
15212,6186,16899,NULL,NULL
15213,6186,16900,NULL,NULL
15214,6186,16901,NULL,NULL
15215,6186,16902,NULL,NULL
15216,6186,16903,NULL,NULL
15217,526,16904,NULL,NULL
15218,6186,16905,NULL,NULL
15219,6186,16906,NULL,NULL
15220,6186,16907,NULL,NULL
15221,6186,16908,NULL,NULL
15222,6186,16909,NULL,NULL
15223,6186,16910,NULL,NULL
15224,6186,16911,NULL,NULL
15225,6186,16912,NULL,NULL
15226,6186,16913,NULL,NULL
15227,6186,16914,NULL,NULL
15228,6186,16915,NULL,NULL
15229,6186,16916,NULL,NULL
15230,6186,16917,NULL,NULL
15231,6186,16918,NULL,NULL
15232,6186,16919,NULL,NULL
15233,6186,16920,NULL,NULL
15235,6186,16922,NULL,NULL
15237,6186,16924,NULL,NULL
15238,6186,16925,NULL,NULL
15239,6186,16926,NULL,NULL
15240,6186,16927,NULL,NULL
15241,6186,16928,NULL,NULL
15242,6186,16929,NULL,NULL
15243,6186,16930,NULL,NULL
15244,6186,16931,NULL,NULL
15245,6186,16932,NULL,NULL
15246,6186,16933,NULL,NULL
15247,6186,16934,NULL,NULL
15248,6186,16935,NULL,NULL
15249,6186,16936,NULL,NULL
15250,6186,16937,NULL,NULL
15251,6186,16938,NULL,NULL
15252,6186,16939,NULL,NULL
15253,6186,16940,NULL,NULL
15254,6186,16941,NULL,NULL
15255,6186,16942,NULL,NULL
15256,6186,16943,NULL,NULL
15257,6186,16944,NULL,NULL
15258,6186,16945,NULL,NULL
15259,6186,16946,NULL,NULL
15261,6186,16948,NULL,NULL
15262,6186,16949,NULL,NULL
15263,6186,16950,NULL,NULL
15264,6186,16951,NULL,NULL
15265,6186,16952,NULL,NULL
15267,6186,16954,NULL,NULL
15269,6186,16956,NULL,NULL
15270,6186,16957,NULL,NULL
15271,6186,16958,NULL,NULL
15272,6186,16959,NULL,NULL
15273,6186,16960,NULL,NULL
15274,6186,16961,NULL,NULL
15275,6186,16962,NULL,NULL
15276,6186,16963,NULL,NULL
15277,6186,16964,NULL,NULL
15278,6186,16965,NULL,NULL
15279,6186,16966,NULL,NULL
15280,6186,16967,NULL,NULL
15281,6186,16968,NULL,NULL
15282,6186,16969,NULL,NULL
15283,6186,16970,NULL,NULL
15284,6186,16971,NULL,NULL
15285,6186,16972,NULL,NULL
15286,6186,16973,NULL,NULL
15287,6186,16974,NULL,NULL
15288,6186,16975,NULL,NULL
15289,6186,16976,NULL,NULL
15290,6186,16977,NULL,NULL
15291,6186,16978,NULL,NULL
15292,6186,16979,NULL,NULL
15293,6186,16980,NULL,NULL
15294,6186,16981,NULL,NULL
15296,6186,16983,NULL,NULL
15297,6186,16984,NULL,NULL
15298,6186,16985,NULL,NULL
15299,6186,16986,NULL,NULL
15301,6186,16988,NULL,NULL
15303,6186,16990,NULL,NULL
15304,6186,16991,NULL,NULL
15305,6186,16992,NULL,NULL
15306,6186,16993,NULL,NULL
15307,6186,16994,NULL,NULL
15308,6186,16995,NULL,NULL
15309,6186,16996,NULL,NULL
15310,6186,16997,NULL,NULL
15311,6186,16998,NULL,NULL
15312,6186,16999,NULL,NULL
15313,6186,17000,NULL,NULL
15314,6186,17001,NULL,NULL
15315,6186,17002,NULL,NULL
15316,6186,17003,NULL,NULL
15317,6186,17004,NULL,NULL
15318,6186,17005,NULL,NULL
15319,6186,17006,NULL,NULL
15320,6186,17007,NULL,NULL
15321,6193,17008,NULL,NULL
15322,6186,17009,NULL,NULL
15323,6186,17010,NULL,NULL
15324,6186,17011,NULL,NULL
15325,6186,17012,NULL,NULL
15326,6191,17013,NULL,NULL
15327,6191,17014,NULL,NULL
15328,6191,17015,NULL,NULL
15329,6191,17016,NULL,NULL
15330,6191,17017,NULL,NULL
15331,6191,17018,NULL,NULL
15332,6191,17019,NULL,NULL
15333,6191,17020,NULL,NULL
15334,6191,17021,NULL,NULL
15335,6191,17022,NULL,NULL
15336,6191,17023,NULL,NULL
15337,6191,17024,NULL,NULL
15338,6191,17025,NULL,NULL
15339,6191,17026,NULL,NULL
15340,6191,17027,NULL,NULL
15341,6191,17028,NULL,NULL
15342,6191,17029,NULL,NULL
15343,6191,17030,NULL,NULL
15344,6191,17031,NULL,NULL
15345,6191,17032,NULL,NULL
15346,6191,17033,NULL,NULL
15347,6191,17034,NULL,NULL
15348,6191,17035,NULL,NULL
15349,6191,17036,NULL,NULL
15350,6191,17037,NULL,NULL
15351,6191,17038,NULL,NULL
15352,6191,17039,NULL,NULL
15353,6191,17040,NULL,NULL
15354,6191,17041,NULL,NULL
15355,6191,17042,NULL,NULL
15356,6191,17043,NULL,NULL
15357,6191,17044,NULL,NULL
15358,6191,17045,NULL,NULL
15359,6191,17046,NULL,NULL
15360,6191,17047,NULL,NULL
15361,6191,17048,NULL,NULL
15362,6191,17049,NULL,NULL
15363,6191,17050,NULL,NULL
15364,6191,17051,NULL,NULL
15365,6191,17052,NULL,NULL
15366,6191,17053,NULL,NULL
15367,6191,17054,NULL,NULL
15368,6191,17055,NULL,NULL
15369,6191,17056,NULL,NULL
15370,6191,17057,NULL,NULL
15371,6191,17058,NULL,NULL
15372,6191,17059,NULL,NULL
15373,6191,17060,NULL,NULL
15374,6191,17061,NULL,NULL
15375,6191,17062,NULL,NULL
15376,6191,17063,NULL,NULL
15377,6191,17064,NULL,NULL
15378,6191,17065,NULL,NULL
15379,6191,17066,NULL,NULL
15380,6191,17067,NULL,NULL
15381,6191,17068,NULL,NULL
15382,6191,17069,NULL,NULL
15383,6191,17070,NULL,NULL
15384,6191,17071,NULL,NULL
15385,6191,17072,NULL,NULL
15386,6191,17073,NULL,NULL
15387,6191,17074,NULL,NULL
15389,6191,17076,NULL,NULL
15390,6191,17077,NULL,NULL
15391,6191,17078,NULL,NULL
15392,6191,17079,NULL,NULL
15393,6191,17080,NULL,NULL
15394,6191,17081,NULL,NULL
15395,6191,17082,NULL,NULL
15396,6191,17083,NULL,NULL
15397,6191,17084,NULL,NULL
15398,6191,17085,NULL,NULL
15399,6191,17086,NULL,NULL
15400,6191,17087,NULL,NULL
15401,6191,17088,NULL,NULL
15402,6191,17089,NULL,NULL
15403,6191,17090,NULL,NULL
15404,6191,17091,NULL,NULL
15405,6191,17092,NULL,NULL
15406,6191,17093,NULL,NULL
15407,6191,17094,NULL,NULL
15408,6191,17095,NULL,NULL
15409,6191,17096,NULL,NULL
15410,6191,17097,NULL,NULL
15411,6191,17098,NULL,NULL
15412,6191,17099,NULL,NULL
15413,6191,17100,NULL,NULL
15414,6191,17101,NULL,NULL
15415,6191,17102,NULL,NULL
15416,6191,17103,NULL,NULL
15417,6191,17104,NULL,NULL
15418,6191,17105,NULL,NULL
15419,6191,17106,NULL,NULL
15420,6191,17107,NULL,NULL
15421,6191,17108,NULL,NULL
15422,6191,17109,NULL,NULL
15423,6191,17110,NULL,NULL
15424,6191,17111,NULL,NULL
15425,6191,17112,NULL,NULL
15426,6191,17113,NULL,NULL
15427,6191,17114,NULL,NULL
15428,6191,17115,NULL,NULL
15429,6191,17116,NULL,NULL
15430,6191,17117,NULL,NULL
15431,6191,17118,NULL,NULL
15432,6191,17119,NULL,NULL
15433,6191,17120,NULL,NULL
15435,6194,17122,NULL,NULL
15436,6194,17123,NULL,NULL
15437,6194,17124,NULL,NULL
15438,6195,17125,NULL,NULL
15439,6196,17126,NULL,NULL
15440,6196,17127,NULL,NULL
15441,6196,17128,NULL,NULL
15442,6196,17129,NULL,NULL
15443,6196,17130,NULL,NULL
15444,6196,17131,NULL,NULL
15445,6196,17132,NULL,NULL
15446,6196,17133,NULL,NULL
15447,6196,17134,NULL,NULL
15448,6196,17135,NULL,NULL
15449,6196,17136,NULL,NULL
15450,6196,17137,NULL,NULL
15451,6196,17138,NULL,NULL
15452,6196,17139,NULL,NULL
15453,6196,17140,NULL,NULL
15454,6196,17141,NULL,NULL
15455,6196,17142,NULL,NULL
15456,6196,17143,NULL,NULL
15457,6196,17144,NULL,NULL
15458,6196,17145,NULL,NULL
15459,6196,17146,NULL,NULL
15460,6196,17147,NULL,NULL
15461,6196,17148,NULL,NULL
15462,6196,17149,NULL,NULL
15463,6196,17150,NULL,NULL
15464,6196,17151,NULL,NULL
15465,6196,17152,NULL,NULL
15466,6196,17153,NULL,NULL
15467,6196,17154,NULL,NULL
15468,6196,17155,NULL,NULL
15469,6196,17156,NULL,NULL
15470,6196,17157,NULL,NULL
15471,6196,17158,NULL,NULL
15472,6196,17159,NULL,NULL
15473,6196,17160,NULL,NULL
15474,6196,17161,NULL,NULL
15475,6196,17162,NULL,NULL
15476,6196,17163,NULL,NULL
15477,6196,17164,NULL,NULL
15478,6196,17165,NULL,NULL
15479,6196,17166,NULL,NULL
15480,6196,17167,NULL,NULL
15481,6196,17168,NULL,NULL
15482,6196,17169,NULL,NULL
15483,6196,17170,NULL,NULL
15484,6196,17171,NULL,NULL
15485,6196,17172,NULL,NULL
15486,6196,17173,NULL,NULL
15487,6196,17174,NULL,NULL
15488,6196,17175,NULL,NULL
15489,6196,17176,NULL,NULL
15490,6196,17177,NULL,NULL
15491,6196,17178,NULL,NULL
15492,6196,17179,NULL,NULL
15493,6196,17180,NULL,NULL
15494,6196,17181,NULL,NULL
15495,6196,17182,NULL,NULL
15496,6196,17183,NULL,NULL
15497,6196,17184,NULL,NULL
15498,6196,17185,NULL,NULL
15499,6196,17186,NULL,NULL
15500,6196,17187,NULL,NULL
15501,6196,17188,NULL,NULL
15502,6196,17189,NULL,NULL
15503,6196,17190,NULL,NULL
15504,6196,17191,NULL,NULL
15505,6196,17192,NULL,NULL
15506,6196,17193,NULL,NULL
15507,2377,17194,NULL,NULL
15508,6197,17195,NULL,NULL
15509,6198,17196,NULL,NULL
15510,6199,17197,NULL,NULL
15511,6199,17198,NULL,NULL
15512,3864,17199,NULL,NULL
15513,3864,17200,NULL,NULL
15516,3864,17203,NULL,NULL
15517,3864,17204,NULL,NULL
15518,6200,17205,NULL,NULL
15519,6201,17206,NULL,NULL
15521,6203,17208,NULL,NULL
15522,526,17209,NULL,NULL
15524,526,17211,NULL,NULL
15525,3825,17212,NULL,NULL
15526,448,17213,NULL,NULL
15527,478,17214,NULL,NULL
15528,6204,17215,NULL,NULL
15529,6205,17216,NULL,NULL
15530,6205,17217,NULL,NULL
15531,6205,17218,NULL,NULL
15532,6206,17219,NULL,NULL
15533,6207,17220,NULL,NULL
15534,6208,17221,NULL,NULL
15535,6209,17222,NULL,NULL
15538,6212,17225,NULL,NULL
15539,6213,17226,NULL,NULL
15540,6214,17227,NULL,NULL
15541,6215,17228,NULL,NULL
15542,6216,17229,NULL,NULL
15543,6217,17230,NULL,NULL
15544,6218,17231,NULL,NULL
15545,6218,17232,NULL,NULL
15546,6218,17233,NULL,NULL
15547,6218,17234,NULL,NULL
15548,6219,17235,NULL,NULL
15549,6220,17236,NULL,NULL
15550,6221,17237,NULL,NULL
15552,6223,17239,NULL,NULL
15554,3344,17241,NULL,NULL
15555,3344,17242,NULL,NULL
15556,6226,17243,NULL,NULL
15557,6227,17244,NULL,NULL
15558,6228,17245,NULL,NULL
15561,1950,17248,NULL,NULL
15562,1950,17249,NULL,NULL
15563,1950,17250,NULL,NULL
15564,2644,17251,NULL,NULL
15565,2644,17252,NULL,NULL
15566,2644,17253,NULL,NULL
15567,2644,17254,NULL,NULL
15568,2644,17255,NULL,NULL
15569,2644,17256,NULL,NULL
15570,2644,17257,NULL,NULL
15571,2644,17258,NULL,NULL
15572,2644,17259,NULL,NULL
15573,2644,17260,NULL,NULL
15574,2644,17261,NULL,NULL
15575,2644,17262,NULL,NULL
15576,2644,17263,NULL,NULL
15577,2644,17264,NULL,NULL
15578,4819,17265,NULL,NULL
15579,4819,17266,NULL,NULL
15580,4819,17267,NULL,NULL
15581,4819,17268,NULL,NULL
15582,6230,17269,NULL,NULL
15584,3385,17271,NULL,NULL
15586,3385,17273,NULL,NULL
15588,3385,17275,NULL,NULL
15589,3385,17276,NULL,NULL
15590,3385,17277,NULL,NULL
15591,3385,17278,NULL,NULL
15592,3385,17279,NULL,NULL
15593,3385,17280,NULL,NULL
15594,3385,17281,NULL,NULL
15596,3385,17283,NULL,NULL
15597,3385,17284,NULL,NULL
15598,3385,17285,NULL,NULL
15599,3385,17286,NULL,NULL
15600,3385,17287,NULL,NULL
15601,3385,17288,NULL,NULL
15602,3385,17289,NULL,NULL
15603,3385,17290,NULL,NULL
15604,3385,17291,NULL,NULL
15605,3385,17292,NULL,NULL
15607,3385,17294,NULL,NULL
15608,3385,17295,NULL,NULL
15609,6231,17296,NULL,NULL
15610,4280,17297,NULL,NULL
15611,4280,17298,NULL,2024-03-26 10:45:32.963
15612,6232,17299,NULL,NULL
15613,6233,17300,NULL,NULL
15614,6234,17301,NULL,NULL
15615,6235,17302,NULL,NULL
15616,6236,17303,NULL,NULL
15617,6237,17304,NULL,NULL
15618,6238,17305,NULL,NULL
15620,2245,17307,NULL,NULL
15621,2245,17308,NULL,NULL
15622,2245,17309,NULL,NULL
15623,2245,17310,NULL,NULL
15624,2245,17311,NULL,NULL
15625,2245,17312,NULL,NULL
15626,2245,17313,NULL,NULL
15627,2245,17314,NULL,NULL
15628,2245,17315,NULL,NULL
15629,6240,17316,NULL,NULL
15630,6241,17317,NULL,NULL
15632,6243,17319,NULL,NULL
15634,6245,17321,NULL,NULL
15635,6246,17322,NULL,NULL
15636,6247,17323,NULL,NULL
15637,6248,17324,NULL,NULL
15638,6249,17325,NULL,NULL
15639,6250,17326,NULL,NULL
15640,6251,17327,NULL,NULL
15641,6252,17328,NULL,NULL
15642,5328,17329,NULL,NULL
15643,6253,17330,NULL,NULL
15644,6254,17331,NULL,NULL
15646,6256,17333,NULL,NULL
15647,6256,17334,NULL,NULL
15649,6258,17336,NULL,NULL
15650,6259,17337,NULL,NULL
15651,6260,17338,NULL,NULL
15652,6261,17339,NULL,NULL
15655,6262,17342,NULL,NULL
15656,6262,17343,NULL,NULL
15657,6262,17344,NULL,NULL
15658,6262,17345,NULL,NULL
15659,6262,17346,NULL,NULL
15660,6262,17347,NULL,NULL
15661,6262,17348,NULL,NULL
15662,6262,17349,NULL,NULL
15663,6262,17350,NULL,NULL
15664,6262,17351,NULL,NULL
15665,6262,17352,NULL,NULL
15666,6262,17353,NULL,NULL
15667,6262,17354,NULL,NULL
15668,6262,17355,NULL,NULL
15669,6262,17356,NULL,NULL
15670,6262,17357,NULL,NULL
15671,6262,17358,NULL,NULL
15672,6262,17359,NULL,NULL
15673,6262,17360,NULL,NULL
15674,6262,17361,NULL,NULL
15675,6262,17362,NULL,NULL
15676,6262,17363,NULL,NULL
15677,6262,17364,NULL,NULL
15678,6262,17365,NULL,NULL
15679,6262,17366,NULL,NULL
15680,6262,17367,NULL,NULL
15681,6262,17368,NULL,NULL
15682,6262,17369,NULL,NULL
15683,6262,17370,NULL,NULL
15684,6262,17371,NULL,NULL
15685,6262,17372,NULL,NULL
15686,6262,17373,NULL,NULL
15687,6263,17374,NULL,NULL
15688,6263,17375,NULL,NULL
15689,6265,17376,NULL,NULL
15690,6265,17377,NULL,NULL
15691,6264,17378,NULL,NULL
15692,6266,17379,NULL,NULL
15693,6267,17380,NULL,NULL
15694,6268,17381,NULL,NULL
15695,6269,17382,NULL,NULL
15696,4324,17383,NULL,NULL
15697,6271,17384,NULL,NULL
15698,6272,17385,NULL,NULL
15701,6275,17388,NULL,NULL
15702,6276,17389,NULL,NULL
15703,6276,17390,NULL,NULL
15705,6279,17392,NULL,NULL
15707,6281,17394,NULL,NULL
15708,6282,17395,NULL,NULL
15709,6283,17396,NULL,NULL
15710,6284,17397,NULL,NULL
15711,739,17398,NULL,NULL
15712,739,17399,NULL,NULL
15713,6285,17400,NULL,NULL
15714,6286,17401,NULL,NULL
15715,6287,17402,NULL,NULL
15716,1124,17403,NULL,NULL
15717,1124,17404,NULL,NULL
15718,6288,17405,NULL,NULL
15719,1124,17406,NULL,NULL
15720,1124,17407,NULL,NULL
15721,6289,17408,NULL,NULL
15726,3386,17413,NULL,NULL
15727,6294,17414,NULL,NULL
15728,2408,17415,NULL,NULL
15729,6295,17416,NULL,NULL
15730,6296,17417,NULL,NULL
15731,6297,17418,NULL,NULL
15732,6298,17419,NULL,NULL
15734,6301,17421,NULL,NULL
15735,6300,17422,NULL,NULL
15736,6302,17423,NULL,NULL
15737,6303,17424,NULL,NULL
15738,6304,17425,NULL,NULL
15739,6305,17426,NULL,NULL
15740,6306,17427,NULL,NULL
15741,6307,17428,NULL,NULL
15742,2123,17429,NULL,NULL
15743,2123,17430,NULL,NULL
15744,2123,17431,NULL,NULL
15745,2123,17432,NULL,NULL
15746,2123,17433,NULL,NULL
15747,2123,17434,NULL,NULL
15748,2123,17435,NULL,NULL
15749,2123,17436,NULL,NULL
15751,2123,17438,NULL,NULL
15752,2123,17439,NULL,NULL
15753,2123,17440,NULL,NULL
15754,2123,17441,NULL,NULL
15755,2123,17442,NULL,NULL
15756,2123,17443,NULL,NULL
15757,2123,17444,NULL,NULL
15758,2123,17445,NULL,NULL
15760,2123,17447,NULL,NULL
15761,2123,17448,NULL,NULL
15762,2123,17449,NULL,NULL
15763,2123,17450,NULL,NULL
15765,2123,17452,NULL,NULL
15766,2123,17453,NULL,NULL
15767,2123,17454,NULL,NULL
15768,2123,17455,NULL,NULL
15769,2123,17456,NULL,NULL
15770,2123,17457,NULL,NULL
15774,2123,17461,NULL,NULL
15775,2123,17462,NULL,NULL
15783,2123,17470,NULL,NULL
15784,2123,17471,NULL,NULL
15786,2123,17473,NULL,NULL
15790,2123,17477,NULL,NULL
15791,2123,17478,NULL,NULL
15794,2123,17481,NULL,NULL
15795,2123,17482,NULL,NULL
15796,2123,17483,NULL,NULL
15802,2123,17489,NULL,NULL
15803,2123,17490,NULL,NULL
15805,2123,17492,NULL,NULL
15806,2123,17493,NULL,NULL
15807,2123,17494,NULL,NULL
15809,2123,17496,NULL,NULL
15810,2123,17497,NULL,NULL
15811,2123,17498,NULL,NULL
15812,2123,17499,NULL,NULL
15813,2123,17500,NULL,NULL
15814,2123,17501,NULL,NULL
15818,2123,17505,NULL,NULL
15819,2123,17506,NULL,NULL
15820,2123,17507,NULL,NULL
15822,6308,17509,NULL,NULL
15823,2123,17510,NULL,NULL
15824,2123,17511,NULL,NULL
15825,2123,17512,NULL,NULL
15826,2123,17513,NULL,NULL
15827,2123,17514,NULL,NULL
15828,2123,17515,NULL,NULL
15829,2123,17516,NULL,NULL
15830,2123,17517,NULL,NULL
15831,2123,17518,NULL,NULL
15832,2123,17519,NULL,NULL
15833,2123,17520,NULL,NULL
15834,2123,17521,NULL,NULL
15835,2123,17522,NULL,NULL
15836,2123,17523,NULL,NULL
15837,2123,17524,NULL,NULL
15838,2123,17525,NULL,NULL
15839,2123,17526,NULL,NULL
15840,6309,17527,NULL,NULL
15841,467,17528,NULL,NULL
15842,6310,17529,NULL,NULL
15843,6311,17530,NULL,NULL
15844,6312,17531,NULL,NULL
15845,6313,17532,NULL,NULL
15846,6314,17533,NULL,NULL
15847,6315,17534,NULL,NULL
15848,6316,17535,NULL,NULL
15849,6318,17536,NULL,NULL
15850,6319,17537,NULL,NULL
15851,6320,17538,NULL,NULL
15852,6321,17539,NULL,NULL
15853,6322,17540,NULL,NULL
15854,6323,17541,NULL,NULL
15856,6325,17543,NULL,NULL
15857,6326,17544,NULL,NULL
15858,6327,17545,NULL,NULL
15859,6328,17546,NULL,NULL
15860,6329,17547,NULL,NULL
15862,6331,17549,NULL,NULL
15863,6332,17550,NULL,NULL
15864,6332,17551,NULL,NULL
15865,6332,17552,NULL,NULL
15866,6332,17553,NULL,NULL
15867,6332,17554,NULL,NULL
15868,6332,17555,NULL,NULL
15869,6332,17556,NULL,NULL
15870,6332,17557,NULL,NULL
15871,6332,17558,NULL,NULL
15872,6332,17559,NULL,NULL
15873,6332,17560,NULL,NULL
15874,6332,17561,NULL,NULL
15875,6333,17562,NULL,NULL
15876,6334,17563,NULL,NULL
15877,6335,17564,NULL,NULL
15878,6336,17565,NULL,NULL
15879,6337,17566,NULL,NULL
15880,6338,17567,NULL,NULL
15881,6339,17568,NULL,NULL
15883,6340,17570,NULL,NULL
15884,6342,17571,NULL,NULL
15886,6344,17573,NULL,NULL
15887,6345,17574,NULL,NULL
15888,6346,17575,NULL,NULL
15889,6347,17576,NULL,NULL
15890,6348,17577,NULL,NULL
15891,6349,17578,NULL,NULL
15892,6350,17579,NULL,NULL
15894,6351,17581,NULL,NULL
15895,1919,17582,NULL,NULL
15896,6352,17583,NULL,NULL
15897,6353,17584,NULL,NULL
15898,6354,17585,NULL,NULL
15899,6355,17586,NULL,NULL
15900,6356,17587,NULL,NULL
15903,6359,17590,NULL,NULL
15904,6360,17591,NULL,NULL
15905,6361,17592,NULL,NULL
15908,6364,17595,NULL,NULL
15909,6365,17596,NULL,NULL
15910,449,17597,NULL,NULL
15911,449,17598,NULL,NULL
15912,449,17599,NULL,NULL
15913,449,17600,NULL,NULL
15914,449,17601,NULL,NULL
15915,449,17602,NULL,NULL
15916,6366,17603,NULL,NULL
15917,6367,17604,NULL,NULL
15918,6368,17605,NULL,NULL
15919,6369,17606,NULL,NULL
15920,6262,17607,NULL,NULL
15921,6262,17608,NULL,NULL
15922,6370,17609,NULL,NULL
15924,573,17611,NULL,NULL
15925,6372,17612,NULL,NULL
15926,6373,17613,NULL,NULL
15928,478,17615,NULL,NULL
15929,478,17616,NULL,NULL
15930,481,17617,NULL,2024-01-09 10:05:13.543
15931,482,17618,NULL,NULL
15932,6374,17619,NULL,NULL
15934,6376,17621,NULL,NULL
15936,6378,17623,NULL,NULL
15938,4785,17625,NULL,NULL
15939,6379,17626,NULL,NULL
15940,6380,17627,NULL,NULL
15941,6381,17628,NULL,NULL
15943,6383,17630,NULL,NULL
15944,6384,17631,NULL,NULL
15945,6385,17632,NULL,NULL
15946,6386,17633,NULL,NULL
15947,6388,17634,NULL,NULL
15948,6387,17635,NULL,NULL
15949,6389,17636,NULL,NULL
15950,6390,17637,NULL,NULL
15954,6394,17641,NULL,NULL
15955,6394,17642,NULL,NULL
15956,6394,17643,NULL,NULL
15957,6396,17644,NULL,NULL
15958,6397,17645,NULL,NULL
15959,6398,17646,NULL,NULL
15960,6398,17647,NULL,NULL
15961,6400,17648,NULL,NULL
15962,3843,17649,NULL,NULL
15963,3843,17650,NULL,NULL
15964,3843,17651,NULL,NULL
15965,3843,17652,NULL,NULL
15966,6401,17653,NULL,NULL
15967,6402,17654,NULL,NULL
15968,6403,17655,NULL,NULL
15969,6404,17656,NULL,NULL
15970,6404,17657,NULL,NULL
15971,6405,17658,NULL,NULL
15972,6406,17659,NULL,NULL
15973,6407,17660,NULL,NULL
15974,6408,17661,NULL,NULL
15975,6409,17662,NULL,NULL
15976,6410,17663,NULL,NULL
15977,6411,17664,NULL,NULL
15978,732,17665,NULL,NULL
15979,732,17666,NULL,NULL
15980,6412,17667,NULL,NULL
15981,4549,17668,NULL,NULL
15982,6413,17669,NULL,NULL
15983,6414,17670,NULL,NULL
15984,6415,17671,NULL,NULL
15985,6416,17672,NULL,NULL
15986,6418,17673,NULL,NULL
15987,6419,17674,NULL,NULL
15988,6420,17675,NULL,NULL
15989,6421,17676,NULL,NULL
15991,6423,17678,NULL,NULL
15992,6424,17679,NULL,NULL
15993,6425,17680,NULL,NULL
15994,6426,17681,NULL,NULL
15995,6427,17682,NULL,NULL
15996,6428,17683,NULL,NULL
15997,6428,17684,NULL,NULL
15998,1527,17685,NULL,NULL
15999,1527,17686,NULL,NULL
16000,1527,17687,NULL,NULL
16001,6429,17688,NULL,NULL
16002,6430,17689,NULL,NULL
16003,6431,17690,NULL,NULL
16004,6432,17691,NULL,NULL
16005,6433,17692,NULL,NULL
16006,6434,17693,NULL,NULL
16007,6435,17694,NULL,NULL
16008,6436,17695,NULL,NULL
16009,6437,17696,NULL,NULL
16010,6437,17697,NULL,NULL
16011,6437,17698,NULL,NULL
16012,6438,17699,NULL,NULL
16013,6438,17700,NULL,NULL
16014,6438,17701,NULL,NULL
16015,6438,17702,NULL,NULL
16016,6438,17703,NULL,NULL
16019,6441,17706,NULL,NULL
16020,6442,17707,NULL,NULL
16021,6443,17708,NULL,NULL
16022,6444,17709,NULL,NULL
16023,6445,17710,NULL,NULL
16024,6446,17711,NULL,NULL
16025,9848,17712,NULL,NULL
16026,9848,17713,NULL,NULL
16027,6447,17714,NULL,NULL
16028,6448,17715,NULL,NULL
16029,6449,17716,NULL,NULL
16030,6450,17717,NULL,NULL
16031,6451,17718,NULL,NULL
16032,6452,17719,NULL,NULL
16033,6453,17720,NULL,NULL
16034,6454,17721,NULL,NULL
16035,3862,17722,NULL,NULL
16036,3862,17723,NULL,NULL
16037,3862,17724,NULL,NULL
16038,3862,17725,NULL,NULL
16039,3862,17726,NULL,NULL
16040,3862,17727,NULL,NULL
16041,3862,17728,NULL,NULL
16042,3862,17729,NULL,NULL
16043,3862,17730,NULL,NULL
16044,3862,17731,NULL,NULL
16045,3862,17732,NULL,NULL
16046,3862,17733,NULL,NULL
16047,3862,17734,NULL,NULL
16048,3862,17735,NULL,NULL
16049,3862,17736,NULL,NULL
16050,3862,17737,NULL,NULL
16051,3862,17738,NULL,NULL
16052,3862,17739,NULL,NULL
16053,3862,17740,NULL,NULL
16054,3862,17741,NULL,NULL
16055,3862,17742,NULL,NULL
16056,6455,17743,NULL,NULL
16057,3862,17744,NULL,NULL
16058,3862,17745,NULL,NULL
16059,3862,17746,NULL,NULL
16060,3862,17747,NULL,NULL
16061,3862,17748,NULL,NULL
16062,3862,17749,NULL,NULL
16063,3862,17750,NULL,NULL
16064,3862,17751,NULL,NULL
16065,3862,17752,NULL,NULL
16066,3862,17753,NULL,NULL
16067,3862,17754,NULL,NULL
16068,3862,17755,NULL,NULL
16069,3862,17756,NULL,NULL
16070,6456,17757,NULL,NULL
16071,6457,17758,NULL,NULL
16072,6458,17759,NULL,NULL
16073,6459,17760,NULL,NULL
16074,6462,17761,NULL,NULL
16075,6463,17762,NULL,NULL
16076,6463,17763,NULL,NULL
16077,6463,17764,NULL,NULL
16078,6463,17765,NULL,NULL
16079,6463,17766,NULL,NULL
16081,6465,17768,NULL,NULL
16082,6466,17769,NULL,NULL
16083,6467,17770,NULL,NULL
16084,6468,17771,NULL,NULL
16085,6469,17772,NULL,NULL
16086,6470,17773,NULL,NULL
16087,460,17774,NULL,NULL
16088,1921,17775,NULL,NULL
16089,1921,17776,NULL,NULL
16090,6471,17777,NULL,NULL
16091,1545,17778,NULL,NULL
16092,6473,17779,NULL,NULL
16093,6473,17780,NULL,NULL
16094,6473,17781,NULL,NULL
16095,6474,17782,NULL,NULL
16096,6475,17783,NULL,NULL
16097,6476,17784,NULL,NULL
16098,6477,17785,NULL,NULL
16099,6478,17786,NULL,NULL
16100,6479,17787,NULL,NULL
16101,6480,17788,NULL,NULL
16102,6480,17789,NULL,NULL
16103,6480,17790,NULL,NULL
16104,6480,17791,NULL,NULL
16105,6480,17792,NULL,NULL
16106,6480,17793,NULL,NULL
16107,6481,17794,NULL,NULL
16108,6482,17795,NULL,NULL
16109,6483,17796,NULL,NULL
16110,6484,17797,NULL,NULL
16111,6485,17798,NULL,NULL
16112,6486,17799,NULL,NULL
16114,6487,17801,NULL,NULL
16115,6488,17802,NULL,NULL
16116,6489,17803,NULL,NULL
16117,6490,17804,NULL,NULL
16118,6491,17805,NULL,NULL
16119,6492,17806,NULL,NULL
16120,6493,17807,NULL,NULL
16121,6494,17808,NULL,NULL
16122,6494,17809,NULL,NULL
16123,6494,17810,NULL,NULL
16124,6494,17811,NULL,NULL
16125,6494,17812,NULL,NULL
16127,6495,17814,NULL,NULL
16129,6497,17816,NULL,NULL
16130,478,17817,NULL,NULL
16131,6498,17818,NULL,NULL
16132,6499,17819,NULL,NULL
16135,6502,17822,NULL,NULL
16136,6505,17823,NULL,NULL
16137,6506,17824,NULL,NULL
16138,6506,17825,NULL,NULL
16139,6506,17826,NULL,NULL
16141,531,17828,NULL,2025-05-20 10:16:53.157
16142,6508,17829,NULL,NULL
16143,6509,17830,NULL,NULL
16144,6509,17831,NULL,NULL
16145,6511,17832,NULL,NULL
16147,441,17834,NULL,NULL
16148,6514,17835,NULL,NULL
16149,6515,17836,NULL,NULL
16150,6516,17837,NULL,NULL
16152,6518,17839,NULL,NULL
16153,6519,17840,NULL,NULL
16154,6520,17841,NULL,NULL
16155,6521,17842,NULL,NULL
16156,6522,17843,NULL,NULL
16157,468,17844,NULL,NULL
16158,6523,17845,NULL,NULL
16159,6524,17846,NULL,NULL
16160,6525,17847,NULL,NULL
16161,6526,17848,NULL,NULL
16162,6527,17849,NULL,NULL
16164,6529,17851,NULL,NULL
16165,6530,17852,NULL,NULL
16167,1691,17854,NULL,NULL
16168,1691,17855,NULL,NULL
16169,1691,17856,NULL,NULL
16170,1691,17857,NULL,NULL
16171,6534,17858,NULL,NULL
16172,6535,17859,NULL,NULL
16173,6536,17860,NULL,NULL
16174,6537,17861,NULL,NULL
16175,6538,17862,NULL,NULL
16177,6540,17864,NULL,NULL
16178,6539,17865,NULL,NULL
16179,6541,17866,NULL,NULL
16180,6542,17867,NULL,NULL
16181,6543,17868,NULL,NULL
16182,6544,17869,NULL,NULL
16183,6545,17870,NULL,NULL
16185,6547,17872,NULL,NULL
16186,523,17873,NULL,NULL
16187,523,17874,NULL,NULL
16188,6548,17875,NULL,NULL
16190,6550,17877,NULL,NULL
16191,6551,17878,NULL,NULL
16192,6552,17879,NULL,NULL
16193,6553,17880,NULL,NULL
16194,6555,17881,NULL,NULL
16199,6558,17886,NULL,NULL
16200,6559,17887,NULL,NULL
16202,5580,17889,NULL,NULL
16203,6561,17890,NULL,NULL
16204,6562,17891,NULL,NULL
16205,6563,17892,NULL,NULL
16206,6564,17893,NULL,NULL
16207,6565,17894,NULL,NULL
16208,6566,17895,NULL,NULL
16209,6567,17896,NULL,NULL
16210,6568,17897,NULL,NULL
16211,6569,17898,NULL,NULL
16212,6570,17899,NULL,NULL
16213,6571,17900,NULL,NULL
16214,6572,17901,NULL,NULL
16215,6573,17902,NULL,NULL
16216,6574,17903,NULL,NULL
16218,6576,17905,NULL,NULL
16219,6577,17906,NULL,NULL
16220,4148,17907,NULL,NULL
16221,6578,17908,NULL,NULL
16222,4148,17909,NULL,NULL
16223,6579,17910,NULL,NULL
16224,6580,17911,NULL,NULL
16225,6581,17912,NULL,NULL
16226,6582,17913,NULL,NULL
16227,6583,17914,NULL,NULL
16228,6584,17915,NULL,NULL
16229,6585,17916,NULL,NULL
16230,6586,17917,NULL,NULL
16231,6587,17918,NULL,NULL
16232,6588,17919,NULL,NULL
16233,6589,17920,NULL,NULL
16234,6590,17921,NULL,NULL
16235,6591,17922,NULL,NULL
16236,6592,17923,NULL,NULL
16237,6593,17924,NULL,NULL
16238,2342,17925,NULL,NULL
16239,2342,17926,NULL,NULL
16240,2342,17927,NULL,NULL
16241,2342,17928,NULL,NULL
16242,2342,17929,NULL,NULL
16243,2342,17930,NULL,NULL
16245,6594,17932,NULL,NULL
16246,2342,17933,NULL,NULL
16247,2342,17934,NULL,NULL
16248,2342,17935,NULL,NULL
16249,2342,17936,NULL,NULL
16250,2342,17937,NULL,NULL
16251,2342,17938,NULL,NULL
16252,2342,17939,NULL,NULL
16253,2342,17940,NULL,NULL
16254,2342,17941,NULL,NULL
16255,2342,17942,NULL,NULL
16256,2342,17943,NULL,NULL
16257,2342,17944,NULL,NULL
16258,2342,17945,NULL,NULL
16259,2342,17946,NULL,NULL
16260,2342,17947,NULL,NULL
16261,2342,17948,NULL,NULL
16262,2342,17949,NULL,NULL
16263,2342,17950,NULL,NULL
16264,2342,17951,NULL,NULL
16265,2342,17952,NULL,NULL
16266,2342,17953,NULL,NULL
16267,2342,17954,NULL,NULL
16268,2342,17955,NULL,NULL
16269,2342,17956,NULL,NULL
16270,2342,17957,NULL,NULL
16271,2342,17958,NULL,NULL
16273,6596,17960,NULL,NULL
16275,6598,17962,NULL,NULL
16277,6600,17964,NULL,NULL
16278,6601,17965,NULL,NULL
16279,6602,17966,NULL,NULL
16280,6603,17967,NULL,NULL
16281,6604,17968,NULL,NULL
16282,6605,17969,NULL,NULL
16283,6606,17970,NULL,NULL
16284,6607,17971,NULL,NULL
16285,6609,17972,NULL,NULL
16286,6608,17973,NULL,NULL
16287,6610,17974,NULL,NULL
16288,6611,17975,NULL,NULL
16289,6612,17976,NULL,NULL
16290,6614,17977,NULL,NULL
16291,6615,17978,NULL,NULL
16292,6616,17979,NULL,NULL
16293,6617,17980,NULL,NULL
16294,6618,17981,NULL,NULL
16295,6619,17982,NULL,NULL
16296,6620,17983,NULL,NULL
16297,6621,17984,NULL,NULL
16298,6622,17985,NULL,NULL
16299,6624,17986,NULL,NULL
16300,6625,17987,NULL,NULL
16302,6627,17989,NULL,NULL
16303,6628,17990,NULL,NULL
16306,6630,17993,NULL,NULL
16307,6631,17994,NULL,NULL
16308,6632,17995,NULL,NULL
16309,6633,17996,NULL,NULL
16310,6634,17997,NULL,NULL
16311,6635,17998,NULL,NULL
16312,450,17999,NULL,NULL
16313,6636,18000,NULL,NULL
16314,6638,18001,NULL,NULL
16315,6639,18002,NULL,NULL
16316,450,18003,NULL,NULL
16317,450,18004,NULL,NULL
16318,493,18005,NULL,NULL
16319,6640,18006,NULL,NULL
16320,6641,18007,NULL,NULL
16321,6642,18008,NULL,NULL
16322,6643,18009,NULL,NULL
16323,6645,18010,NULL,NULL
16324,6644,18011,NULL,NULL
16325,6646,18012,NULL,NULL
16326,6647,18013,NULL,NULL
16327,6648,18014,NULL,NULL
16328,6649,18015,NULL,NULL
16329,6650,18016,NULL,NULL
16330,6651,18017,NULL,NULL
16331,6652,18018,NULL,NULL
16332,6653,18019,NULL,NULL
16333,6654,18020,NULL,NULL
16334,6654,18021,NULL,NULL
16335,6654,18022,NULL,NULL
16336,6654,18023,NULL,NULL
16337,6654,18024,NULL,NULL
16338,6654,18025,NULL,NULL
16339,6654,18026,NULL,NULL
16340,6654,18027,NULL,NULL
16342,6654,18029,NULL,NULL
16343,6654,18030,NULL,NULL
16344,6654,18031,NULL,NULL
16345,6655,18032,NULL,NULL
16346,6656,18033,NULL,NULL
16347,6657,18034,NULL,NULL
16348,6657,18035,NULL,NULL
16349,6658,18036,NULL,NULL
16350,6660,18037,NULL,NULL
16351,6660,18038,NULL,NULL
16352,6660,18039,NULL,NULL
16353,6660,18040,NULL,NULL
16354,6659,18041,NULL,NULL
16355,6661,18042,NULL,NULL
16356,6661,18043,NULL,NULL
16357,6661,18044,NULL,NULL
16358,6661,18045,NULL,NULL
16360,6663,18047,NULL,NULL
16361,6663,18048,NULL,NULL
16362,6664,18049,NULL,NULL
16363,6665,18050,NULL,NULL
16364,6666,18051,NULL,NULL
16365,6667,18052,NULL,NULL
16366,6668,18053,NULL,NULL
16367,523,18054,NULL,NULL
16368,523,18055,NULL,NULL
16369,523,18056,NULL,NULL
16370,6668,18057,NULL,NULL
16371,6669,18058,NULL,NULL
16372,523,18059,NULL,NULL
16373,6670,18060,NULL,NULL
16375,6672,18062,NULL,NULL
16377,6674,18064,NULL,2024-11-20 13:50:49.590
16378,6675,18065,NULL,NULL
16379,3216,18066,NULL,NULL
16380,3216,18067,NULL,NULL
16381,3216,18068,NULL,NULL
16382,3216,18069,NULL,NULL
16383,3216,18070,NULL,NULL
16384,3216,18071,NULL,NULL
16385,3216,18072,NULL,NULL
16386,3216,18073,NULL,NULL
16387,3216,18074,NULL,NULL
16388,3216,18075,NULL,NULL
16389,3216,18076,NULL,NULL
16390,3216,18077,NULL,NULL
16391,3216,18078,NULL,NULL
16392,6677,18079,NULL,NULL
16393,6679,18080,NULL,NULL
16394,523,18081,NULL,NULL
16395,6680,18082,NULL,NULL
16396,6681,18083,NULL,NULL
16399,1649,18086,NULL,NULL
16400,6683,18087,NULL,NULL
16401,6683,18088,NULL,NULL
16402,6684,18089,NULL,NULL
16403,6686,18090,NULL,NULL
16404,6685,18091,NULL,NULL
16405,6687,18092,NULL,NULL
16406,6688,18093,NULL,NULL
16407,6689,18094,NULL,NULL
16408,6690,18095,NULL,NULL
16409,6691,18096,NULL,NULL
16410,6692,18097,NULL,NULL
16412,523,18099,NULL,NULL
16413,6694,18100,NULL,NULL
16414,6694,18101,NULL,NULL
16415,6695,18102,NULL,NULL
16416,6696,18103,NULL,NULL
16417,6697,18104,NULL,NULL
16418,6698,18105,NULL,NULL
16419,6699,18106,NULL,NULL
16420,6700,18107,NULL,NULL
16421,6701,18108,NULL,NULL
16422,6701,18109,NULL,NULL
16423,6701,18110,NULL,NULL
16424,6701,18111,NULL,NULL
16425,6702,18112,NULL,NULL
16426,6703,18113,NULL,NULL
16427,6704,18114,NULL,NULL
16428,6705,18115,NULL,NULL
16429,6706,18116,NULL,NULL
16430,6707,18117,NULL,NULL
16431,6708,18118,NULL,NULL
16432,6709,18119,NULL,NULL
16433,6708,18120,NULL,NULL
16434,6710,18121,NULL,NULL
16435,6712,18122,NULL,NULL
16436,6713,18123,NULL,NULL
16437,6715,18124,NULL,NULL
16438,6717,18125,NULL,NULL
16440,6719,18127,NULL,NULL
16441,6720,18128,NULL,NULL
16442,1336,18129,NULL,NULL
16443,1336,18130,NULL,NULL
16444,1336,18131,NULL,NULL
16445,1336,18132,NULL,NULL
16446,1336,18133,NULL,NULL
16447,6721,18134,NULL,NULL
16448,6722,18135,NULL,NULL
16449,5932,18136,NULL,NULL
16450,478,18137,NULL,NULL
16451,6723,18138,NULL,NULL
16453,6724,18140,NULL,NULL
16454,6724,18141,NULL,NULL
16455,6724,18142,NULL,NULL
16457,6726,18144,NULL,2025-04-22 14:29:30.363
16458,6727,18145,NULL,NULL
16459,6728,18146,NULL,NULL
16460,6729,18147,NULL,NULL
16461,6730,18148,NULL,NULL
16462,6731,18149,NULL,NULL
16463,6732,18150,NULL,NULL
16464,6733,18151,NULL,NULL
16465,6734,18152,NULL,NULL
16466,6735,18153,NULL,NULL
16467,6736,18154,NULL,NULL
16468,6737,18155,NULL,NULL
16469,6738,18156,NULL,NULL
16470,6739,18157,NULL,NULL
16471,6740,18158,NULL,NULL
16472,6741,18159,NULL,NULL
16473,6742,18160,NULL,NULL
16474,6743,18161,NULL,NULL
16475,6744,18162,NULL,NULL
16476,6745,18163,NULL,NULL
16477,6746,18164,NULL,NULL
16478,6747,18165,NULL,NULL
16479,6748,18166,NULL,NULL
16480,6749,18167,NULL,NULL
16481,6750,18168,NULL,NULL
16482,6750,18169,NULL,NULL
16483,6752,18170,NULL,NULL
16484,6753,18171,NULL,NULL
16485,6754,18172,NULL,NULL
16486,6755,18173,NULL,NULL
16487,6756,18174,NULL,NULL
16488,6757,18175,NULL,NULL
16489,6758,18176,NULL,NULL
16490,6759,18177,NULL,NULL
16492,6761,18179,NULL,NULL
16493,6760,18180,NULL,NULL
16495,1336,18182,NULL,NULL
16496,6762,18183,NULL,NULL
16497,6763,18184,NULL,NULL
16498,6764,18185,NULL,NULL
16499,6765,18186,NULL,NULL
16500,6766,18187,NULL,NULL
16501,6767,18188,NULL,NULL
16502,6768,18189,NULL,NULL
16503,6769,18190,NULL,NULL
16504,6771,18191,NULL,NULL
16505,6773,18192,NULL,NULL
16506,6772,18193,NULL,NULL
16507,6770,18194,NULL,NULL
16508,6770,18195,NULL,NULL
16509,6774,18196,NULL,NULL
16510,6770,18197,NULL,NULL
16511,6770,18198,NULL,NULL
16512,6770,18199,NULL,NULL
16514,6775,18201,NULL,NULL
16516,510,18203,NULL,NULL
16517,510,18204,NULL,NULL
16518,6777,18205,NULL,NULL
16520,5268,18207,NULL,NULL
16521,5268,18208,NULL,NULL
16522,5268,18209,NULL,NULL
16523,5268,18210,NULL,NULL
16524,5268,18211,NULL,NULL
16525,5268,18212,NULL,NULL
16526,5268,18213,NULL,NULL
16527,5268,18214,NULL,NULL
16530,6780,18217,NULL,NULL
16531,6781,18218,NULL,NULL
16533,4046,18220,NULL,NULL
16534,6783,18221,NULL,NULL
16536,6785,18223,NULL,NULL
16537,6786,18224,NULL,NULL
16538,6787,18225,NULL,NULL
16539,6788,18226,NULL,NULL
16540,6789,18227,NULL,NULL
16542,6791,18229,NULL,NULL
16543,6790,18230,NULL,NULL
16544,6790,18231,NULL,NULL
16545,6790,18232,NULL,NULL
16546,6790,18233,NULL,NULL
16547,6793,18234,NULL,NULL
16548,6792,18235,NULL,NULL
16549,6792,18236,NULL,NULL
16550,6792,18237,NULL,NULL
16551,6794,18238,NULL,NULL
16552,6795,18239,NULL,NULL
16553,6796,18240,NULL,NULL
16554,6797,18241,NULL,NULL
16555,6798,18242,NULL,NULL
16556,6799,18243,NULL,NULL
16557,6800,18244,NULL,NULL
16558,6801,18245,NULL,NULL
16559,6802,18246,NULL,NULL
16560,6803,18247,NULL,NULL
16561,6804,18248,NULL,NULL
16562,6805,18249,NULL,NULL
16563,6806,18250,NULL,NULL
16564,6807,18251,NULL,NULL
16566,6809,18253,NULL,NULL
16567,6810,18254,NULL,NULL
16568,6811,18255,NULL,NULL
16569,6812,18256,NULL,NULL
16570,3669,18257,NULL,NULL
16571,6813,18258,NULL,NULL
16572,3669,18259,NULL,NULL
16573,3669,18260,NULL,NULL
16574,3669,18261,NULL,NULL
16575,3669,18262,NULL,NULL
16576,3669,18263,NULL,NULL
16577,3669,18264,NULL,NULL
16578,6814,18265,NULL,NULL
16579,6814,18266,NULL,NULL
16580,6814,18267,NULL,NULL
16581,6814,18268,NULL,NULL
16582,6814,18269,NULL,NULL
16583,6814,18270,NULL,NULL
16584,6814,18271,NULL,NULL
16585,6814,18272,NULL,NULL
16586,6814,18273,NULL,NULL
16587,6815,18274,NULL,NULL
16588,6815,18275,NULL,NULL
16589,6816,18276,NULL,NULL
16590,6816,18277,NULL,NULL
16592,6818,18279,NULL,NULL
16593,6819,18280,NULL,NULL
16594,6820,18281,NULL,NULL
16596,6821,18283,NULL,NULL
16597,6822,18284,NULL,NULL
16598,6823,18285,NULL,NULL
16599,6824,18286,NULL,NULL
16600,6825,18287,NULL,NULL
16601,6826,18288,NULL,NULL
16602,6828,18289,NULL,NULL
16603,6829,18290,NULL,NULL
16607,6830,18294,NULL,NULL
16608,6830,18295,NULL,NULL
16609,6830,18296,NULL,NULL
16610,6831,18297,NULL,NULL
16611,6832,18298,NULL,NULL
16612,6832,18299,NULL,NULL
16613,6832,18300,NULL,NULL
16614,6832,18301,NULL,NULL
16615,6832,18302,NULL,NULL
16616,6833,18303,NULL,NULL
16617,509,18304,NULL,NULL
16620,6835,18307,NULL,NULL
16621,6836,18308,NULL,NULL
16622,6836,18309,NULL,NULL
16623,6836,18310,NULL,NULL
16624,6836,18311,NULL,NULL
16625,6836,18312,NULL,NULL
16626,6836,18313,NULL,NULL
16627,6836,18314,NULL,NULL
16628,6836,18315,NULL,NULL
16629,6836,18316,NULL,NULL
16630,6836,18317,NULL,NULL
16631,6836,18318,NULL,NULL
16632,6836,18319,NULL,NULL
16633,6837,18320,NULL,NULL
16634,6838,18321,NULL,NULL
16635,2270,18322,NULL,NULL
16636,6839,18323,NULL,NULL
16637,531,18324,NULL,2025-05-20 10:07:04.147
16638,531,18325,NULL,NULL
16639,6840,18326,NULL,NULL
16640,6840,18327,NULL,NULL
16641,6840,18328,NULL,NULL
16642,6840,18329,NULL,NULL
16643,6840,18330,NULL,NULL
16644,6840,18331,NULL,NULL
16646,6841,18333,NULL,NULL
16647,6842,18334,NULL,NULL
16648,6843,18335,NULL,NULL
16649,6844,18336,NULL,NULL
16650,6845,18337,NULL,NULL
16651,6846,18338,NULL,NULL
16652,6846,18339,NULL,NULL
16653,6846,18340,NULL,NULL
16654,6846,18341,NULL,NULL
16655,6846,18342,NULL,NULL
16656,6847,18343,NULL,NULL
16657,6848,18344,NULL,NULL
16658,6848,18345,NULL,NULL
16659,6849,18346,NULL,NULL
16660,6850,18347,NULL,NULL
16661,6851,18348,NULL,NULL
16663,6853,18350,NULL,NULL
16664,6854,18351,NULL,NULL
16665,6855,18352,NULL,NULL
16666,6856,18353,NULL,NULL
16667,6857,18354,NULL,NULL
16668,6858,18355,NULL,NULL
16669,6858,18356,NULL,NULL
16670,6859,18357,NULL,NULL
16671,6860,18358,NULL,NULL
16672,6862,18359,NULL,NULL
16673,6861,18360,NULL,NULL
16674,6863,18361,NULL,NULL
16675,6864,18362,NULL,NULL
16676,6865,18363,NULL,NULL
16677,6866,18364,NULL,NULL
16679,6868,18366,NULL,NULL
16680,6869,18367,NULL,NULL
16681,6870,18368,NULL,NULL
16682,6871,18369,NULL,NULL
16683,6872,18370,NULL,NULL
16684,6873,18371,NULL,NULL
16689,6876,18376,NULL,NULL
16690,6877,18377,NULL,NULL
16691,6878,18378,NULL,NULL
16692,8278,18379,NULL,NULL
16693,6880,18380,NULL,NULL
16694,6880,18381,NULL,NULL
16695,6880,18382,NULL,NULL
16699,6880,18386,NULL,NULL
16700,6880,18387,NULL,NULL
16701,6880,18388,NULL,NULL
16702,6880,18389,NULL,NULL
16703,6882,18390,NULL,NULL
16705,6883,18392,NULL,NULL
16706,6884,18393,NULL,NULL
16707,6885,18394,NULL,NULL
16708,6886,18395,NULL,NULL
16709,6887,18396,NULL,NULL
16710,6888,18397,NULL,NULL
16712,6890,18399,NULL,NULL
16713,6891,18400,NULL,NULL
16714,6892,18401,NULL,NULL
16715,6893,18402,NULL,2025-05-23 12:40:51.320
16716,6894,18403,NULL,NULL
16717,6895,18404,NULL,NULL
16718,6896,18405,NULL,NULL
16719,6897,18406,NULL,NULL
16720,6898,18407,NULL,NULL
16721,6898,18408,NULL,NULL
16722,6898,18409,NULL,NULL
16723,6898,18410,NULL,NULL
16724,6898,18411,NULL,NULL
16725,6899,18412,NULL,NULL
16726,6900,18413,NULL,NULL
16727,6901,18414,NULL,NULL
16728,4410,18415,NULL,NULL
16729,4410,18416,NULL,NULL
16730,6902,18417,NULL,NULL
16731,6902,18418,NULL,NULL
16732,6902,18419,NULL,NULL
16733,6902,18420,NULL,NULL
16734,6902,18421,NULL,NULL
16735,6903,18422,NULL,NULL
16736,6904,18423,NULL,NULL
16737,6904,18424,NULL,NULL
16738,6904,18425,NULL,NULL
16739,6904,18426,NULL,NULL
16740,6905,18427,NULL,NULL
16741,6906,18428,NULL,NULL
16742,6907,18429,NULL,NULL
16743,6907,18430,NULL,NULL
16744,6907,18431,NULL,NULL
16745,6907,18432,NULL,NULL
16746,6907,18433,NULL,NULL
16747,6907,18434,NULL,NULL
16748,6907,18435,NULL,NULL
16749,6907,18436,NULL,NULL
16750,6908,18437,NULL,NULL
16751,6909,18438,NULL,NULL
16752,6910,18439,NULL,NULL
16753,6911,18440,NULL,NULL
16754,770,18441,NULL,NULL
16755,770,18442,NULL,NULL
16756,770,18443,NULL,NULL
16757,770,18444,NULL,NULL
16758,770,18445,NULL,NULL
16759,770,18446,NULL,NULL
16760,770,18447,NULL,NULL
16761,770,18448,NULL,NULL
16762,770,18449,NULL,NULL
16763,770,18450,NULL,NULL
16764,770,18451,NULL,NULL
16765,770,18452,NULL,NULL
16766,6912,18453,NULL,NULL
16767,6913,18454,NULL,NULL
16768,6914,18455,NULL,NULL
16769,6915,18456,NULL,NULL
16770,6916,18457,NULL,NULL
16771,6917,18458,NULL,NULL
16772,6918,18459,NULL,NULL
16773,6919,18460,NULL,NULL
16774,6919,18461,NULL,NULL
16775,6919,18462,NULL,NULL
16776,6919,18463,NULL,NULL
16777,6919,18464,NULL,NULL
16778,6919,18465,NULL,NULL
16779,6919,18466,NULL,NULL
16780,6919,18467,NULL,NULL
16781,6919,18468,NULL,NULL
16782,6919,18469,NULL,NULL
16783,6919,18470,NULL,NULL
16784,6920,18471,NULL,NULL
16785,6921,18472,NULL,NULL
16786,6921,18473,NULL,NULL
16787,6921,18474,NULL,NULL
16788,6923,18475,NULL,NULL
16789,6924,18476,NULL,NULL
16790,6925,18477,NULL,NULL
16791,6005,18478,NULL,NULL
16793,6926,18480,NULL,NULL
16794,6927,18481,NULL,NULL
16795,6928,18482,NULL,NULL
16796,6928,18483,NULL,NULL
16797,6929,18484,NULL,NULL
16798,6930,18485,NULL,NULL
16800,6932,18487,NULL,NULL
16801,6932,18488,NULL,NULL
16802,6932,18489,NULL,NULL
16803,6932,18490,NULL,NULL
16804,6932,18491,NULL,NULL
16805,6933,18492,NULL,NULL
16806,6932,18493,NULL,NULL
16807,6934,18494,NULL,NULL
16808,6935,18495,NULL,NULL
16809,6936,18496,NULL,NULL
16810,6937,18497,NULL,NULL
16811,6938,18498,NULL,NULL
16812,6939,18499,NULL,NULL
16813,6940,18500,NULL,NULL
16820,6942,18507,NULL,NULL
16821,3678,18508,NULL,NULL
16822,3678,18509,NULL,NULL
16823,6943,18510,NULL,NULL
16824,6944,18511,NULL,NULL
16825,6945,18512,NULL,NULL
16826,6946,18513,NULL,NULL
16827,6947,18514,NULL,NULL
16828,6947,18515,NULL,NULL
16829,6947,18516,NULL,NULL
16830,6947,18517,NULL,NULL
16831,6948,18518,NULL,NULL
16832,6949,18519,NULL,NULL
16833,6951,18520,NULL,NULL
16835,6953,18522,NULL,NULL
16836,8446,18523,NULL,NULL
16837,8446,18524,NULL,NULL
16838,8446,18525,NULL,NULL
16840,6956,18527,NULL,NULL
16841,6958,18528,NULL,NULL
16842,6959,18529,NULL,NULL
16843,6960,18530,NULL,NULL
16844,6961,18531,NULL,NULL
16845,6962,18532,NULL,NULL
16846,6963,18533,NULL,NULL
16847,6964,18534,NULL,NULL
16848,6965,18535,NULL,NULL
16849,6967,18536,NULL,NULL
16850,6966,18537,NULL,NULL
16851,6966,18538,NULL,NULL
16852,6968,18539,NULL,NULL
16853,6969,18540,NULL,NULL
16854,6970,18541,NULL,NULL
16855,6971,18542,NULL,NULL
16856,6972,18543,NULL,NULL
16857,6973,18544,NULL,NULL
16858,6974,18545,NULL,NULL
16859,6975,18546,NULL,NULL
16860,6975,18547,NULL,NULL
16861,6975,18548,NULL,NULL
16862,6975,18549,NULL,NULL
16863,6975,18550,NULL,NULL
16864,6975,18551,NULL,NULL
16865,6975,18552,NULL,NULL
16866,6975,18553,NULL,NULL
16867,6975,18554,NULL,NULL
16868,6975,18555,NULL,NULL
16869,6975,18556,NULL,NULL
16870,6975,18557,NULL,NULL
16871,6975,18558,NULL,NULL
16872,6979,18559,NULL,NULL
16873,6978,18560,NULL,NULL
16874,6978,18561,NULL,NULL
16875,6978,18562,NULL,NULL
16876,6978,18563,NULL,NULL
16877,6978,18564,NULL,NULL
16878,6978,18565,NULL,NULL
16881,6978,18568,NULL,NULL
16882,6978,18569,NULL,NULL
16883,6978,18570,NULL,NULL
16884,6978,18571,NULL,NULL
16885,6978,18572,NULL,NULL
16886,6980,18573,NULL,NULL
16887,6981,18574,NULL,NULL
16888,6982,18575,NULL,NULL
16889,6983,18576,NULL,NULL
16890,6985,18577,NULL,NULL
16891,6986,18578,NULL,NULL
16892,6987,18579,NULL,NULL
16893,6988,18580,NULL,NULL
16894,6989,18581,NULL,NULL
16895,6990,18582,NULL,NULL
16896,6991,18583,NULL,NULL
16898,2123,18585,NULL,NULL
16899,2123,18586,NULL,NULL
16905,2123,18592,NULL,NULL
16906,2123,18593,NULL,NULL
16907,3384,18594,NULL,NULL
16908,3384,18595,NULL,NULL
16909,3384,18596,NULL,NULL
16910,3384,18597,NULL,NULL
16911,3384,18598,NULL,NULL
16912,3384,18599,NULL,NULL
16913,3384,18600,NULL,NULL
16914,3384,18601,NULL,NULL
16915,3384,18602,NULL,NULL
16916,3384,18603,NULL,NULL
16917,3384,18604,NULL,NULL
16918,3384,18605,NULL,NULL
16919,3384,18606,NULL,NULL
16920,3384,18607,NULL,NULL
16921,3384,18608,NULL,NULL
16922,6993,18609,NULL,NULL
16923,3384,18610,NULL,NULL
16924,3384,18611,NULL,NULL
16925,3384,18612,NULL,NULL
16926,3384,18613,NULL,NULL
16927,6994,18614,NULL,NULL
16928,6995,18615,NULL,NULL
16929,6996,18616,NULL,NULL
16930,6996,18617,NULL,NULL
16931,6996,18618,NULL,NULL
16932,6996,18619,NULL,NULL
16933,6997,18620,NULL,NULL
16934,6999,18621,NULL,NULL
16935,7000,18622,NULL,NULL
16936,7001,18623,NULL,2024-12-31 12:24:50.057
16937,7002,18624,NULL,NULL
16938,7003,18625,NULL,NULL
16939,7004,18626,NULL,NULL
16940,7005,18627,NULL,NULL
16941,7006,18628,NULL,NULL
16942,7007,18629,NULL,NULL
16943,7008,18630,NULL,NULL
16944,7009,18631,NULL,NULL
16945,7009,18632,NULL,NULL
16946,7009,18633,NULL,NULL
16947,7009,18634,NULL,NULL
16948,7009,18635,NULL,NULL
16949,7009,18636,NULL,NULL
16950,1055,18637,NULL,NULL
16951,1055,18638,NULL,NULL
16952,1055,18639,NULL,NULL
16953,1055,18640,NULL,NULL
16954,7010,18641,NULL,NULL
16955,7011,18642,NULL,NULL
16956,7012,18643,NULL,NULL
16957,7013,18644,NULL,NULL
16958,7014,18645,NULL,NULL
16959,7015,18646,NULL,NULL
16960,7016,18647,NULL,NULL
16961,7017,18648,NULL,NULL
16962,7017,18649,NULL,NULL
16963,7018,18650,NULL,NULL
16964,7019,18651,NULL,NULL
16965,7020,18652,NULL,NULL
16966,7021,18653,NULL,NULL
16967,7022,18654,NULL,NULL
16968,7023,18655,NULL,NULL
16969,7024,18656,NULL,NULL
16971,7025,18658,NULL,NULL
16972,7025,18659,NULL,NULL
16973,7025,18660,NULL,NULL
16974,7025,18661,NULL,NULL
16975,7026,18662,NULL,NULL
16976,7026,18663,NULL,NULL
16977,7026,18664,NULL,NULL
16978,7026,18665,NULL,NULL
16979,7026,18666,NULL,NULL
16980,7027,18667,NULL,NULL
16981,7028,18668,NULL,NULL
16982,510,18669,NULL,NULL
16983,7029,18670,NULL,NULL
16984,7030,18671,NULL,NULL
16985,7031,18672,NULL,NULL
16986,7032,18673,NULL,NULL
16987,7034,18674,NULL,NULL
16988,7035,18675,NULL,NULL
16989,7036,18676,NULL,NULL
16991,7038,18678,NULL,NULL
16992,3385,18679,NULL,NULL
16993,3385,18680,NULL,NULL
16994,3385,18681,NULL,NULL
16995,3385,18682,NULL,NULL
16996,3385,18683,NULL,NULL
16997,3385,18684,NULL,NULL
16998,3385,18685,NULL,NULL
16999,3385,18686,NULL,NULL
17000,3385,18687,NULL,NULL
17001,3385,18688,NULL,NULL
17002,3385,18689,NULL,NULL
17004,3385,18691,NULL,NULL
17005,3385,18692,NULL,NULL
17006,3385,18693,NULL,NULL
17007,3385,18694,NULL,NULL
17008,3385,18695,NULL,NULL
17009,3385,18696,NULL,NULL
17010,3385,18697,NULL,NULL
17011,3385,18698,NULL,NULL
17012,3385,18699,NULL,NULL
17013,3385,18700,NULL,NULL
17014,3385,18701,NULL,NULL
17015,3385,18702,NULL,NULL
17016,3385,18703,NULL,NULL
17017,3385,18704,NULL,NULL
17018,3385,18705,NULL,NULL
17019,3385,18706,NULL,NULL
17020,3385,18707,NULL,NULL
17021,3385,18708,NULL,NULL
17022,3385,18709,NULL,NULL
17023,3385,18710,NULL,NULL
17024,3385,18711,NULL,NULL
17025,3385,18712,NULL,NULL
17026,3385,18713,NULL,NULL
17027,3385,18714,NULL,NULL
17028,3385,18715,NULL,NULL
17029,3385,18716,NULL,NULL
17030,3385,18717,NULL,NULL
17031,3385,18718,NULL,NULL
17032,3385,18719,NULL,NULL
17033,3385,18720,NULL,NULL
17034,3385,18721,NULL,NULL
17035,3385,18722,NULL,NULL
17036,3385,18723,NULL,NULL
17037,3385,18724,NULL,NULL
17038,3385,18725,NULL,NULL
17039,3385,18726,NULL,NULL
17040,3385,18727,NULL,NULL
17041,3385,18728,NULL,NULL
17042,3385,18729,NULL,NULL
17043,3385,18730,NULL,NULL
17044,3385,18731,NULL,NULL
17045,3385,18732,NULL,NULL
17046,3385,18733,NULL,NULL
17047,3385,18734,NULL,NULL
17048,3385,18735,NULL,NULL
17049,3385,18736,NULL,NULL
17050,3385,18737,NULL,NULL
17051,3385,18738,NULL,NULL
17052,3385,18739,NULL,NULL
17053,3385,18740,NULL,NULL
17054,3385,18741,NULL,NULL
17055,3385,18742,NULL,NULL
17056,3385,18743,NULL,NULL
17057,3385,18744,NULL,NULL
17058,3385,18745,NULL,NULL
17059,3385,18746,NULL,NULL
17060,3385,18747,NULL,NULL
17061,3385,18748,NULL,NULL
17062,3385,18749,NULL,NULL
17063,3385,18750,NULL,NULL
17064,3385,18751,NULL,NULL
17065,3385,18752,NULL,NULL
17066,3385,18753,NULL,NULL
17067,3385,18754,NULL,NULL
17068,3385,18755,NULL,NULL
17069,3385,18756,NULL,NULL
17070,3385,18757,NULL,NULL
17071,3385,18758,NULL,NULL
17072,3385,18759,NULL,NULL
17073,3385,18760,NULL,NULL
17074,3385,18761,NULL,NULL
17075,3385,18762,NULL,NULL
17076,3385,18763,NULL,NULL
17077,3385,18764,NULL,NULL
17078,3385,18765,NULL,NULL
17079,4543,18766,NULL,NULL
17080,4543,18767,NULL,NULL
17081,4543,18768,NULL,NULL
17082,7040,18769,NULL,NULL
17083,7041,18770,NULL,NULL
17084,7042,18771,NULL,NULL
17085,7044,18772,NULL,NULL
17086,5125,18773,NULL,NULL
17087,5125,18774,NULL,NULL
17088,5125,18775,NULL,NULL
17089,5125,18776,NULL,NULL
17090,5125,18777,NULL,NULL
17091,5125,18778,NULL,NULL
17092,5125,18779,NULL,NULL
17093,5125,18780,NULL,NULL
17094,5125,18781,NULL,NULL
17095,5125,18782,NULL,NULL
17096,5125,18783,NULL,NULL
17097,5125,18784,NULL,NULL
17098,5125,18785,NULL,NULL
17099,5125,18786,NULL,NULL
17100,5125,18787,NULL,NULL
17101,5125,18788,NULL,NULL
17102,7045,18789,NULL,NULL
17103,7046,18790,NULL,NULL
17104,7047,18791,NULL,NULL
17105,7048,18792,NULL,NULL
17106,7049,18793,NULL,NULL
17107,7050,18794,NULL,NULL
17108,7050,18795,NULL,NULL
17109,7050,18796,NULL,NULL
17110,7050,18797,NULL,NULL
17111,7050,18798,NULL,NULL
17112,7050,18799,NULL,NULL
17113,7050,18800,NULL,NULL
17114,7050,18801,NULL,NULL
17115,7050,18802,NULL,NULL
17116,7050,18803,NULL,NULL
17117,7050,18804,NULL,NULL
17118,7050,18805,NULL,NULL
17119,7050,18806,NULL,NULL
17120,7051,18807,NULL,NULL
17121,7052,18808,NULL,NULL
17122,7053,18809,NULL,NULL
17123,7054,18810,NULL,NULL
17124,7055,18811,NULL,NULL
17125,7056,18812,NULL,NULL
17126,7057,18813,NULL,NULL
17127,7059,18814,NULL,NULL
17128,7060,18815,NULL,NULL
17129,7061,18816,NULL,NULL
17130,7062,18817,NULL,NULL
17131,7063,18818,NULL,NULL
17132,7064,18819,NULL,NULL
17133,7065,18820,NULL,NULL
17134,7066,18821,NULL,NULL
17135,7066,18822,NULL,NULL
17136,7067,18823,NULL,NULL
17137,7068,18824,NULL,NULL
17138,7069,18825,NULL,NULL
17139,7070,18826,NULL,NULL
17140,7071,18827,NULL,NULL
17141,7072,18828,NULL,NULL
17142,7073,18829,NULL,NULL
17143,5784,18830,NULL,NULL
17144,5784,18831,NULL,NULL
17145,5784,18832,NULL,NULL
17147,5784,18834,NULL,NULL
17148,5784,18835,NULL,NULL
17149,5784,18836,NULL,NULL
17150,5784,18837,NULL,NULL
17151,5784,18838,NULL,NULL
17152,5784,18839,NULL,NULL
17153,5784,18840,NULL,NULL
17154,5784,18841,NULL,NULL
17155,5784,18842,NULL,NULL
17156,5784,18843,NULL,NULL
17157,5784,18844,NULL,NULL
17158,5784,18845,NULL,NULL
17159,5784,18846,NULL,NULL
17160,5784,18847,NULL,NULL
17161,5784,18848,NULL,NULL
17162,5784,18849,NULL,NULL
17163,5784,18850,NULL,NULL
17164,5784,18851,NULL,NULL
17165,5784,18852,NULL,NULL
17166,5784,18853,NULL,NULL
17167,5784,18854,NULL,NULL
17168,5784,18855,NULL,NULL
17169,5784,18856,NULL,NULL
17170,7074,18857,NULL,NULL
17171,7075,18858,NULL,NULL
17173,7076,18860,NULL,NULL
17174,3350,18861,NULL,NULL
17175,3350,18862,NULL,NULL
17176,7077,18863,NULL,NULL
17178,7078,18865,NULL,NULL
17179,4841,18866,NULL,NULL
17180,7079,18867,NULL,NULL
17181,564,18868,NULL,NULL
17182,7080,18869,NULL,NULL
17183,7081,18870,NULL,NULL
17184,7082,18871,NULL,NULL
17185,7083,18872,NULL,NULL
17186,7084,18873,NULL,NULL
17188,7085,18875,NULL,NULL
17189,7086,18876,NULL,NULL
17190,7087,18877,NULL,NULL
17191,7088,18878,NULL,NULL
17192,7089,18879,NULL,NULL
17193,7090,18880,NULL,NULL
17195,7092,18882,NULL,NULL
17197,596,18884,NULL,NULL
17198,596,18885,NULL,NULL
17199,596,18886,NULL,NULL
17200,596,18887,NULL,NULL
17202,597,18889,NULL,NULL
17203,509,18890,NULL,NULL
17204,509,18891,NULL,NULL
17205,509,18892,NULL,NULL
17208,509,18895,NULL,NULL
17209,509,18896,NULL,NULL
17210,509,18897,NULL,NULL
17211,509,18898,NULL,NULL
17212,509,18899,NULL,NULL
17213,509,18900,NULL,NULL
17214,509,18901,NULL,NULL
17215,509,18902,NULL,NULL
17218,509,18905,NULL,NULL
17219,509,18906,NULL,NULL
17220,509,18907,NULL,NULL
17230,509,18917,NULL,NULL
17231,509,18918,NULL,NULL
17233,509,18920,NULL,NULL
17234,509,18921,NULL,NULL
17235,509,18922,NULL,NULL
17236,7094,18923,NULL,NULL
17237,7095,18924,NULL,NULL
17238,7096,18925,NULL,NULL
17239,7097,18926,NULL,NULL
17240,7098,18927,NULL,NULL
17241,7099,18928,NULL,NULL
17242,7099,18929,NULL,NULL
17243,7100,18930,NULL,NULL
17244,7101,18931,NULL,NULL
17245,7102,18932,NULL,NULL
17246,5069,18933,NULL,NULL
17247,7103,18934,NULL,NULL
17248,7104,18935,NULL,NULL
17249,7105,18936,NULL,NULL
17250,7106,18937,NULL,NULL
17251,7107,18938,NULL,NULL
17252,7108,18939,NULL,NULL
17253,7109,18940,NULL,NULL
17254,7110,18941,NULL,NULL
17255,7111,18942,NULL,NULL
17257,7113,18944,NULL,NULL
17261,1768,18948,NULL,NULL
17262,5801,18949,NULL,NULL
17263,5801,18950,NULL,NULL
17264,5801,18951,NULL,NULL
17265,1768,18952,NULL,NULL
17266,5801,18953,NULL,NULL
17267,1768,18954,NULL,NULL
17268,1768,18955,NULL,NULL
17269,1768,18956,NULL,NULL
17270,7115,18957,NULL,NULL
17271,7116,18958,NULL,NULL
17272,509,18959,NULL,NULL
17273,509,18960,NULL,NULL
17274,509,18961,NULL,NULL
17275,509,18962,NULL,NULL
17276,509,18963,NULL,2025-09-02 12:37:26.780
17279,5465,18966,NULL,NULL
17280,7118,18967,NULL,NULL
17281,7119,18968,NULL,NULL
17282,7120,18969,NULL,NULL
17283,7121,18970,NULL,NULL
17285,7123,18972,NULL,NULL
17286,564,18973,NULL,2023-09-12 14:15:03.017
17288,7124,18975,NULL,NULL
17289,7125,18976,NULL,NULL
17290,7125,18977,NULL,NULL
17291,7126,18978,NULL,NULL
17292,471,18979,NULL,NULL
17293,7127,18980,NULL,NULL
17294,7128,18981,NULL,NULL
17295,7129,18982,NULL,NULL
17296,7130,18983,NULL,NULL
17297,7131,18984,NULL,NULL
17298,7132,18985,NULL,NULL
17299,7133,18986,NULL,NULL
17300,7134,18987,NULL,NULL
17301,7135,18988,NULL,NULL
17302,7135,18989,NULL,NULL
17303,7135,18990,NULL,NULL
17304,7135,18991,NULL,NULL
17305,7135,18992,NULL,NULL
17306,7135,18993,NULL,NULL
17307,7135,18994,NULL,NULL
17308,7136,18995,NULL,NULL
17309,7137,18996,NULL,NULL
17310,7138,18997,NULL,NULL
17311,7139,18998,NULL,NULL
17312,7141,18999,NULL,NULL
17313,7142,19000,NULL,NULL
17314,7143,19001,NULL,NULL
17315,7143,19002,NULL,NULL
17317,7145,19004,NULL,NULL
17318,7145,19005,NULL,NULL
17319,7145,19006,NULL,NULL
17320,7145,19007,NULL,NULL
17321,7145,19008,NULL,NULL
17322,7145,19009,NULL,NULL
17323,7145,19010,NULL,NULL
17324,7145,19011,NULL,NULL
17325,7146,19012,NULL,NULL
17326,7147,19013,NULL,NULL
17327,7148,19014,NULL,NULL
17328,7149,19015,NULL,NULL
17329,7149,19016,NULL,NULL
17330,7149,19017,NULL,NULL
17331,7150,19018,NULL,NULL
17332,7150,19019,NULL,NULL
17333,7150,19020,NULL,NULL
17334,7150,19021,NULL,NULL
17335,7150,19022,NULL,NULL
17336,7151,19023,NULL,NULL
17337,7151,19024,NULL,NULL
17338,7151,19025,NULL,NULL
17339,2390,19026,NULL,NULL
17340,2390,19027,NULL,NULL
17341,2390,19028,NULL,NULL
17342,2390,19029,NULL,NULL
17343,2390,19030,NULL,NULL
17344,2390,19031,NULL,NULL
17345,2390,19032,NULL,NULL
17346,2390,19033,NULL,NULL
17347,2390,19034,NULL,NULL
17348,2390,19035,NULL,NULL
17349,7151,19036,NULL,NULL
17350,7151,19037,NULL,NULL
17351,7151,19038,NULL,NULL
17352,7151,19039,NULL,NULL
17353,7151,19040,NULL,NULL
17354,7151,19041,NULL,NULL
17355,7151,19042,NULL,NULL
17356,7151,19043,NULL,NULL
17357,7152,19044,NULL,NULL
17358,7152,19045,NULL,NULL
17359,7152,19046,NULL,NULL
17360,7152,19047,NULL,NULL
17361,7152,19048,NULL,NULL
17362,7152,19049,NULL,NULL
17363,7152,19050,NULL,NULL
17364,7152,19051,NULL,NULL
17365,7152,19052,NULL,NULL
17366,7152,19053,NULL,NULL
17367,7152,19054,NULL,NULL
17368,444,19055,NULL,NULL
17369,7153,19056,NULL,NULL
17370,7153,19057,NULL,NULL
17371,7153,19058,NULL,NULL
17372,2390,19059,NULL,NULL
17373,7153,19060,NULL,NULL
17374,7153,19061,NULL,NULL
17375,7153,19062,NULL,NULL
17376,7153,19063,NULL,NULL
17377,7153,19064,NULL,NULL
17378,7153,19065,NULL,NULL
17379,7153,19066,NULL,NULL
17380,7153,19067,NULL,NULL
17381,4223,19068,NULL,NULL
17382,4223,19069,NULL,NULL
17383,4223,19070,NULL,NULL
17384,4223,19071,NULL,NULL
17385,4223,19072,NULL,NULL
17386,4223,19073,NULL,NULL
17387,4223,19074,NULL,NULL
17388,4223,19075,NULL,NULL
17389,4223,19076,NULL,NULL
17390,4223,19077,NULL,NULL
17391,4223,19078,NULL,NULL
17392,7154,19079,NULL,NULL
17393,4222,19080,NULL,NULL
17394,4222,19081,NULL,NULL
17395,4222,19082,NULL,NULL
17396,4222,19083,NULL,NULL
17397,4222,19084,NULL,NULL
17399,4222,19086,NULL,NULL
17400,4222,19087,NULL,NULL
17401,4222,19088,NULL,NULL
17402,4222,19089,NULL,NULL
17403,4222,19090,NULL,NULL
17404,4222,19091,NULL,NULL
17405,7151,19092,NULL,NULL
17406,7151,19093,NULL,NULL
17407,7151,19094,NULL,NULL
17409,7151,19096,NULL,NULL
17410,7151,19097,NULL,NULL
17411,7151,19098,NULL,NULL
17412,7151,19099,NULL,NULL
17413,7151,19100,NULL,NULL
17414,7151,19101,NULL,NULL
17415,7151,19102,NULL,NULL
17416,7152,19103,NULL,NULL
17417,7152,19104,NULL,NULL
17418,7152,19105,NULL,NULL
17419,7152,19106,NULL,NULL
17420,7152,19107,NULL,NULL
17421,7152,19108,NULL,NULL
17422,7152,19109,NULL,NULL
17423,7152,19110,NULL,NULL
17424,7152,19111,NULL,NULL
17425,7152,19112,NULL,NULL
17426,7152,19113,NULL,NULL
17427,7153,19114,NULL,NULL
17428,7153,19115,NULL,NULL
17429,7153,19116,NULL,NULL
17430,7153,19117,NULL,NULL
17431,7153,19118,NULL,NULL
17432,7153,19119,NULL,NULL
17433,7153,19120,NULL,NULL
17434,7153,19121,NULL,NULL
17435,7153,19122,NULL,NULL
17436,7153,19123,NULL,NULL
17437,7153,19124,NULL,NULL
17438,4223,19125,NULL,NULL
17439,4223,19126,NULL,NULL
17440,4223,19127,NULL,NULL
17441,4223,19128,NULL,NULL
17442,4223,19129,NULL,NULL
17443,4223,19130,NULL,NULL
17444,4223,19131,NULL,NULL
17445,4223,19132,NULL,NULL
17446,4223,19133,NULL,NULL
17447,4223,19134,NULL,NULL
17448,4223,19135,NULL,NULL
17449,4222,19136,NULL,NULL
17450,4222,19137,NULL,NULL
17451,4222,19138,NULL,NULL
17452,4222,19139,NULL,NULL
17453,4222,19140,NULL,NULL
17454,4222,19141,NULL,NULL
17455,4222,19142,NULL,NULL
17456,4222,19143,NULL,NULL
17457,4222,19144,NULL,NULL
17458,4222,19145,NULL,NULL
17459,4222,19146,NULL,NULL
17460,7156,19147,NULL,NULL
17461,7157,19148,NULL,NULL
17462,7157,19149,NULL,NULL
17463,7157,19150,NULL,NULL
17464,7157,19151,NULL,NULL
17465,6035,19152,NULL,NULL
17466,7158,19153,NULL,NULL
17467,596,19154,NULL,NULL
17468,596,19155,NULL,NULL
17469,596,19156,NULL,NULL
17470,596,19157,NULL,NULL
17471,596,19158,NULL,NULL
17472,596,19159,NULL,NULL
17473,596,19160,NULL,NULL
17474,596,19161,NULL,NULL
17475,596,19162,NULL,NULL
17476,596,19163,NULL,2025-02-03 11:49:16.983
17477,4552,19164,NULL,NULL
17478,7159,19165,NULL,NULL
17479,7159,19166,NULL,NULL
17480,7159,19167,NULL,NULL
17481,7160,19168,NULL,NULL
17482,7161,19169,NULL,NULL
17483,7162,19170,NULL,NULL
17484,7163,19171,NULL,NULL
17485,452,19172,NULL,NULL
17486,7164,19173,NULL,NULL
17487,7164,19174,NULL,NULL
17488,7164,19175,NULL,NULL
17489,7164,19176,NULL,NULL
17490,7164,19177,NULL,NULL
17491,7164,19178,NULL,NULL
17492,7164,19179,NULL,NULL
17493,7164,19180,NULL,NULL
17494,7164,19181,NULL,NULL
17495,7164,19182,NULL,NULL
17496,7164,19183,NULL,NULL
17497,7164,19184,NULL,NULL
17498,7164,19185,NULL,NULL
17499,7164,19186,NULL,NULL
17500,7164,19187,NULL,NULL
17501,7164,19188,NULL,NULL
17502,7164,19189,NULL,NULL
17503,7164,19190,NULL,NULL
17504,7164,19191,NULL,NULL
17505,7164,19192,NULL,NULL
17506,7164,19193,NULL,NULL
17507,7164,19194,NULL,NULL
17508,7164,19195,NULL,NULL
17509,7164,19196,NULL,NULL
17510,7164,19197,NULL,NULL
17511,7164,19198,NULL,NULL
17512,7164,19199,NULL,NULL
17513,7164,19200,NULL,NULL
17514,7164,19201,NULL,NULL
17515,7164,19202,NULL,NULL
17516,7164,19203,NULL,NULL
17517,7164,19204,NULL,NULL
17518,7164,19205,NULL,NULL
17519,7164,19206,NULL,NULL
17520,7164,19207,NULL,NULL
17521,7164,19208,NULL,NULL
17522,7164,19209,NULL,NULL
17523,7164,19210,NULL,NULL
17524,7164,19211,NULL,NULL
17525,7164,19212,NULL,NULL
17526,7164,19213,NULL,NULL
17527,7164,19214,NULL,NULL
17528,7164,19215,NULL,NULL
17529,7164,19216,NULL,NULL
17530,7164,19217,NULL,NULL
17531,7164,19218,NULL,NULL
17532,7164,19219,NULL,NULL
17533,7164,19220,NULL,NULL
17534,7164,19221,NULL,NULL
17536,7164,19223,NULL,NULL
17537,7164,19224,NULL,NULL
17538,7164,19225,NULL,NULL
17539,7164,19226,NULL,NULL
17540,7164,19227,NULL,NULL
17541,7164,19228,NULL,NULL
17542,7164,19229,NULL,NULL
17543,7164,19230,NULL,NULL
17544,7164,19231,NULL,NULL
17545,7164,19232,NULL,NULL
17546,7164,19233,NULL,NULL
17547,7164,19234,NULL,NULL
17549,7164,19236,NULL,NULL
17551,7164,19238,NULL,NULL
17552,7164,19239,NULL,NULL
17553,7164,19240,NULL,NULL
17554,7164,19241,NULL,NULL
17555,7164,19242,NULL,NULL
17556,7164,19243,NULL,NULL
17557,7164,19244,NULL,NULL
17558,7164,19245,NULL,NULL
17559,7164,19246,NULL,NULL
17560,7164,19247,NULL,NULL
17561,7164,19248,NULL,NULL
17562,7164,19249,NULL,NULL
17563,7164,19250,NULL,NULL
17564,7164,19251,NULL,NULL
17565,7164,19252,NULL,NULL
17566,7164,19253,NULL,NULL
17567,7165,19254,NULL,NULL
17568,7166,19255,NULL,NULL
17569,7167,19256,NULL,NULL
17570,7168,19257,NULL,NULL
17571,7169,19258,NULL,NULL
17572,7170,19259,NULL,NULL
17573,7170,19260,NULL,NULL
17574,7170,19261,NULL,NULL
17575,7172,19262,NULL,NULL
17576,7173,19263,NULL,NULL
17577,7174,19264,NULL,NULL
17578,7175,19265,NULL,NULL
17579,7176,19266,NULL,NULL
17580,7177,19267,NULL,NULL
17581,7178,19268,NULL,NULL
17582,7179,19269,NULL,NULL
17583,7180,19270,NULL,NULL
17584,7181,19271,NULL,NULL
17585,7182,19272,NULL,NULL
17586,7183,19273,NULL,NULL
17587,7183,19274,NULL,NULL
17588,7183,19275,NULL,NULL
17589,7183,19276,NULL,NULL
17590,7183,19277,NULL,NULL
17591,7184,19278,NULL,NULL
17592,7185,19279,NULL,NULL
17593,3802,19280,NULL,NULL
17594,7186,19281,NULL,NULL
17595,7187,19282,NULL,NULL
17596,7188,19283,NULL,NULL
17597,7189,19284,NULL,NULL
17598,7190,19285,NULL,NULL
17599,7191,19286,NULL,2024-10-08 16:12:53.590
17600,7193,19287,NULL,NULL
17601,7192,19288,NULL,NULL
17602,7192,19289,NULL,NULL
17603,505,19290,NULL,NULL
17604,505,19291,NULL,NULL
17605,505,19292,NULL,NULL
17606,7194,19293,NULL,NULL
17607,7195,19294,NULL,NULL
17608,7195,19295,NULL,NULL
17609,7195,19296,NULL,NULL
17610,7195,19297,NULL,NULL
17611,7195,19298,NULL,NULL
17612,7195,19299,NULL,NULL
17613,7196,19300,NULL,NULL
17615,7198,19302,NULL,NULL
17616,7199,19303,NULL,NULL
17617,7200,19304,NULL,NULL
17618,7201,19305,NULL,NULL
17620,7203,19307,NULL,NULL
17621,4834,19308,NULL,NULL
17622,4834,19309,NULL,NULL
17623,4834,19310,NULL,NULL
17624,4834,19311,NULL,NULL
17625,4834,19312,NULL,NULL
17626,7202,19313,NULL,NULL
17627,4834,19314,NULL,NULL
17628,4834,19315,NULL,NULL
17629,4834,19316,NULL,NULL
17630,4834,19317,NULL,NULL
17631,4834,19318,NULL,NULL
17632,4834,19319,NULL,NULL
17633,4834,19320,NULL,NULL
17634,4834,19321,NULL,NULL
17635,4834,19322,NULL,NULL
17636,4834,19323,NULL,NULL
17637,4834,19324,NULL,NULL
17638,4834,19325,NULL,NULL
17639,4834,19326,NULL,NULL
17640,4834,19327,NULL,NULL
17641,4834,19328,NULL,NULL
17642,4834,19329,NULL,NULL
17643,4834,19330,NULL,NULL
17644,4834,19331,NULL,NULL
17645,4834,19332,NULL,NULL
17646,4834,19333,NULL,NULL
17647,4834,19334,NULL,NULL
17648,4834,19335,NULL,NULL
17649,4834,19336,NULL,NULL
17650,4834,19337,NULL,NULL
17651,4834,19338,NULL,NULL
17652,4834,19339,NULL,NULL
17653,4835,19340,NULL,NULL
17654,4835,19341,NULL,NULL
17655,4835,19342,NULL,NULL
17656,4835,19343,NULL,NULL
17657,4835,19344,NULL,NULL
17658,4835,19345,NULL,NULL
17659,4835,19346,NULL,NULL
17660,4835,19347,NULL,NULL
17661,4835,19348,NULL,NULL
17662,4835,19349,NULL,NULL
17663,4835,19350,NULL,NULL
17664,4835,19351,NULL,NULL
17665,4835,19352,NULL,NULL
17666,4835,19353,NULL,NULL
17667,4835,19354,NULL,NULL
17668,4835,19355,NULL,NULL
17669,4835,19356,NULL,NULL
17670,4835,19357,NULL,NULL
17671,4835,19358,NULL,NULL
17672,4835,19359,NULL,NULL
17673,4835,19360,NULL,NULL
17674,4835,19361,NULL,NULL
17675,4835,19362,NULL,NULL
17676,4835,19363,NULL,NULL
17677,4835,19364,NULL,NULL
17678,4835,19365,NULL,NULL
17679,4835,19366,NULL,NULL
17680,4835,19367,NULL,NULL
17681,4835,19368,NULL,NULL
17682,4835,19369,NULL,NULL
17683,4835,19370,NULL,NULL
17684,7204,19371,NULL,NULL
17685,7204,19372,NULL,NULL
17686,1853,19373,NULL,NULL
17687,7204,19374,NULL,NULL
17688,1853,19375,NULL,NULL
17689,1853,19376,NULL,NULL
17690,1853,19377,NULL,NULL
17691,1853,19378,NULL,NULL
17692,1853,19379,NULL,NULL
17693,1853,19380,NULL,NULL
17694,1853,19381,NULL,NULL
17695,1853,19382,NULL,NULL
17696,1853,19383,NULL,NULL
17697,1853,19384,NULL,NULL
17698,7204,19385,NULL,NULL
17699,1853,19386,NULL,NULL
17700,1853,19387,NULL,NULL
17701,7204,19388,NULL,NULL
17702,1853,19389,NULL,NULL
17703,1853,19390,NULL,NULL
17704,7204,19391,NULL,NULL
17705,7204,19392,NULL,NULL
17706,7204,19393,NULL,NULL
17707,7207,19394,NULL,NULL
17708,4842,19395,NULL,NULL
17709,7207,19396,NULL,NULL
17710,4842,19397,NULL,NULL
17711,7204,19398,NULL,NULL
17712,4842,19399,NULL,NULL
17713,4842,19400,NULL,NULL
17714,7204,19401,NULL,NULL
17715,4842,19402,NULL,NULL
17716,4842,19403,NULL,NULL
17717,7204,19404,NULL,NULL
17718,4842,19405,NULL,NULL
17719,4842,19406,NULL,NULL
17720,4842,19407,NULL,NULL
17721,4842,19408,NULL,NULL
17722,4842,19409,NULL,NULL
17723,4842,19410,NULL,NULL
17724,4842,19411,NULL,NULL
17725,4842,19412,NULL,NULL
17726,4842,19413,NULL,NULL
17727,7204,19414,NULL,NULL
17728,4843,19415,NULL,NULL
17729,4843,19416,NULL,NULL
17730,7204,19417,NULL,NULL
17731,4843,19418,NULL,NULL
17732,4843,19419,NULL,NULL
17733,7204,19420,NULL,NULL
17734,4843,19421,NULL,NULL
17735,7204,19422,NULL,NULL
17736,4843,19423,NULL,NULL
17737,7204,19424,NULL,NULL
17738,7205,19425,NULL,NULL
17739,4843,19426,NULL,NULL
17740,4843,19427,NULL,NULL
17741,7205,19428,NULL,NULL
17742,4843,19429,NULL,NULL
17743,4843,19430,NULL,NULL
17744,4843,19431,NULL,NULL
17745,4843,19432,NULL,NULL
17746,4843,19433,NULL,NULL
17747,4843,19434,NULL,NULL
17748,4843,19435,NULL,NULL
17749,4844,19436,NULL,NULL
17750,4844,19437,NULL,NULL
17751,4844,19438,NULL,NULL
17752,4844,19439,NULL,NULL
17753,4844,19440,NULL,NULL
17754,4844,19441,NULL,NULL
17755,4844,19442,NULL,NULL
17756,4844,19443,NULL,NULL
17757,4844,19444,NULL,NULL
17758,4844,19445,NULL,NULL
17759,4844,19446,NULL,NULL
17760,4844,19447,NULL,NULL
17761,4844,19448,NULL,NULL
17762,4844,19449,NULL,NULL
17763,4844,19450,NULL,NULL
17764,7208,19451,NULL,NULL
17765,7208,19452,NULL,NULL
17766,7208,19453,NULL,NULL
17767,7208,19454,NULL,NULL
17768,7209,19455,NULL,NULL
17769,7208,19456,NULL,NULL
17770,7208,19457,NULL,NULL
17771,7208,19458,NULL,NULL
17772,7208,19459,NULL,NULL
17773,7208,19460,NULL,NULL
17774,7208,19461,NULL,NULL
17775,7208,19462,NULL,NULL
17776,7205,19463,NULL,NULL
17777,7208,19464,NULL,NULL
17778,7205,19465,NULL,NULL
17779,7208,19466,NULL,NULL
17780,7205,19467,NULL,NULL
17781,7208,19468,NULL,NULL
17782,7208,19469,NULL,NULL
17783,7205,19470,NULL,NULL
17784,7208,19471,NULL,NULL
17785,7205,19472,NULL,NULL
17786,7208,19473,NULL,NULL
17787,7208,19474,NULL,NULL
17788,7205,19475,NULL,NULL
17789,7208,19476,NULL,NULL
17790,7208,19477,NULL,NULL
17791,7205,19478,NULL,NULL
17792,7208,19479,NULL,NULL
17793,7208,19480,NULL,NULL
17794,7205,19481,NULL,NULL
17795,7208,19482,NULL,NULL
17796,7208,19483,NULL,NULL
17797,7208,19484,NULL,NULL
17798,7205,19485,NULL,NULL
17799,7208,19486,NULL,NULL
17800,7208,19487,NULL,NULL
17801,7205,19488,NULL,NULL
17802,7208,19489,NULL,NULL
17803,7205,19490,NULL,NULL
17804,7208,19491,NULL,NULL
17805,7208,19492,NULL,NULL
17806,7205,19493,NULL,NULL
17807,7208,19494,NULL,NULL
17808,7208,19495,NULL,NULL
17809,7205,19496,NULL,NULL
17810,7205,19497,NULL,NULL
17811,7206,19498,NULL,NULL
17812,7206,19499,NULL,NULL
17813,7206,19500,NULL,NULL
17814,7206,19501,NULL,NULL
17815,7206,19502,NULL,NULL
17816,7206,19503,NULL,NULL
17817,7206,19504,NULL,NULL
17818,7206,19505,NULL,NULL
17819,7206,19506,NULL,NULL
17820,7206,19507,NULL,NULL
17821,7206,19508,NULL,NULL
17822,7206,19509,NULL,NULL
17823,7206,19510,NULL,NULL
17824,7206,19511,NULL,NULL
17825,7206,19512,NULL,NULL
17826,7206,19513,NULL,NULL
17827,7210,19514,NULL,NULL
17828,7210,19515,NULL,NULL
17829,7210,19516,NULL,NULL
17830,454,19517,NULL,NULL
17831,7211,19518,NULL,NULL
17833,7213,19520,NULL,NULL
17834,7214,19521,NULL,NULL
17835,7215,19522,NULL,NULL
17836,7216,19523,NULL,NULL
17837,7217,19524,NULL,NULL
17838,7219,19525,NULL,NULL
17839,7220,19526,NULL,NULL
17840,7221,19527,NULL,NULL
17841,7222,19528,NULL,NULL
17842,7223,19529,NULL,NULL
17843,7224,19530,NULL,NULL
17844,7225,19531,NULL,NULL
17845,7225,19532,NULL,NULL
17846,7225,19533,NULL,NULL
17847,7225,19534,NULL,NULL
17848,7225,19535,NULL,NULL
17849,6626,19536,NULL,NULL
17850,6626,19537,NULL,NULL
17851,6626,19538,NULL,NULL
17852,6626,19539,NULL,NULL
17853,6626,19540,NULL,NULL
17854,6626,19541,NULL,NULL
17855,6626,19542,NULL,NULL
17856,6626,19543,NULL,NULL
17857,6626,19544,NULL,NULL
17858,6626,19545,NULL,NULL
17859,7226,19546,NULL,NULL
17860,7227,19547,NULL,NULL
17861,7228,19548,NULL,NULL
17862,7229,19549,NULL,NULL
17863,7230,19550,NULL,NULL
17864,7162,19551,NULL,NULL
17865,7231,19552,NULL,NULL
17866,7233,19553,NULL,NULL
17867,7234,19554,NULL,NULL
17868,7235,19555,NULL,NULL
17869,7236,19556,NULL,NULL
17870,7237,19557,NULL,NULL
17871,7238,19558,NULL,NULL
17872,7239,19559,NULL,NULL
17873,7240,19560,NULL,NULL
17874,7241,19561,NULL,NULL
17875,7242,19562,NULL,NULL
17876,7243,19563,NULL,NULL
17877,7244,19564,NULL,NULL
17878,7245,19565,NULL,NULL
17879,7246,19566,NULL,NULL
17881,7248,19568,NULL,NULL
17882,7249,19569,NULL,NULL
17883,7250,19570,NULL,NULL
17884,7251,19571,NULL,NULL
17885,7253,19572,NULL,NULL
17886,7252,19573,NULL,NULL
17887,7254,19574,NULL,NULL
17888,7254,19575,NULL,NULL
17889,7255,19576,NULL,NULL
17890,7256,19577,NULL,NULL
17891,7257,19578,NULL,NULL
17892,7258,19579,NULL,NULL
17893,7259,19580,NULL,NULL
17894,7260,19581,NULL,NULL
17895,7260,19582,NULL,NULL
17896,7260,19583,NULL,NULL
17897,7260,19584,NULL,NULL
17898,7261,19585,NULL,NULL
17899,7262,19586,NULL,NULL
17900,7263,19587,NULL,NULL
17901,7264,19588,NULL,NULL
17902,7265,19589,NULL,NULL
17903,7266,19590,NULL,NULL
17904,7267,19591,NULL,NULL
17905,7268,19592,NULL,NULL
17906,7270,19593,NULL,NULL
17907,7271,19594,NULL,NULL
17908,7272,19595,NULL,NULL
17909,10110,19596,NULL,NULL
17910,7274,19597,NULL,NULL
17911,5316,19598,NULL,NULL
17912,7276,19599,NULL,NULL
17913,7277,19600,NULL,NULL
17914,7257,19601,NULL,NULL
17915,7278,19602,NULL,NULL
17916,7279,19603,NULL,NULL
17917,7279,19604,NULL,NULL
17918,7279,19605,NULL,NULL
17919,7280,19606,NULL,NULL
17920,7281,19607,NULL,NULL
17921,7282,19608,NULL,NULL
17923,440,19610,NULL,NULL
17924,7283,19611,NULL,NULL
17925,7284,19612,NULL,NULL
17926,7286,19613,NULL,NULL
17927,7285,19614,NULL,NULL
17928,7161,19615,NULL,NULL
17930,7288,19617,NULL,NULL
17931,7288,19618,NULL,NULL
17932,7288,19619,NULL,NULL
17933,7288,19620,NULL,NULL
17934,7289,19621,NULL,NULL
17935,7290,19622,NULL,NULL
17936,7291,19623,NULL,NULL
17937,7292,19624,NULL,NULL
17938,7293,19625,NULL,NULL
17939,7294,19626,NULL,NULL
17940,7296,19627,NULL,NULL
17941,7295,19628,NULL,NULL
17942,7297,19629,NULL,NULL
17943,7298,19630,NULL,NULL
17944,7299,19631,NULL,NULL
17945,7300,19632,NULL,NULL
17946,7300,19633,NULL,NULL
17947,7300,19634,NULL,NULL
17948,7300,19635,NULL,NULL
17949,7301,19636,NULL,NULL
17950,7302,19637,NULL,NULL
17951,7303,19638,NULL,NULL
17952,7304,19639,NULL,NULL
17953,7305,19640,NULL,NULL
17954,7305,19641,NULL,NULL
17955,7306,19642,NULL,NULL
17956,7307,19643,NULL,NULL
17957,7308,19644,NULL,NULL
17958,7309,19645,NULL,NULL
17959,7310,19646,NULL,NULL
17960,7311,19647,NULL,NULL
17961,7312,19648,NULL,NULL
17962,7313,19649,NULL,NULL
17963,7314,19650,NULL,NULL
17965,7316,19652,NULL,NULL
17967,7318,19654,NULL,NULL
17968,7319,19655,NULL,NULL
17969,7320,19656,NULL,NULL
17970,7321,19657,NULL,NULL
17971,7322,19658,NULL,NULL
17972,7323,19659,NULL,NULL
17973,7324,19660,NULL,2024-10-08 15:43:43.120
17974,7325,19661,NULL,NULL
17975,7326,19662,NULL,NULL
17976,7327,19663,NULL,NULL
17977,7328,19664,NULL,NULL
17978,7329,19665,NULL,NULL
17979,5060,19666,NULL,NULL
17980,5060,19667,NULL,NULL
17981,5060,19668,NULL,NULL
17982,5060,19669,NULL,NULL
17983,5060,19670,NULL,NULL
17984,5060,19671,NULL,NULL
17985,5060,19672,NULL,NULL
17986,7331,19673,NULL,NULL
17987,7333,19674,NULL,NULL
17989,4881,19676,NULL,NULL
17990,7332,19677,NULL,NULL
17991,5322,19678,NULL,2025-07-08 16:23:01.760
17992,7336,19679,NULL,NULL
17993,7337,19680,NULL,NULL
17994,7338,19681,NULL,NULL
17995,7339,19682,NULL,NULL
17996,7339,19683,NULL,NULL
17997,7339,19684,NULL,NULL
17998,7339,19685,NULL,NULL
17999,7339,19686,NULL,NULL
18000,7340,19687,NULL,NULL
18001,7341,19688,NULL,NULL
18004,7344,19691,NULL,NULL
18005,7345,19692,NULL,NULL
18007,7347,19694,NULL,NULL
18009,7349,19696,NULL,NULL
18010,2412,19697,NULL,NULL
18011,2412,19698,NULL,NULL
18012,2412,19699,NULL,NULL
18013,2412,19700,NULL,NULL
18014,2412,19701,NULL,NULL
18015,2412,19702,NULL,NULL
18016,7350,19703,NULL,NULL
18017,7350,19704,NULL,NULL
18018,7350,19705,NULL,NULL
18019,7351,19706,NULL,NULL
18020,7352,19707,NULL,NULL
18021,7353,19708,NULL,NULL
18023,7355,19710,NULL,NULL
18024,7356,19711,NULL,NULL
18025,7357,19712,NULL,NULL
18026,7358,19713,NULL,NULL
18027,7360,19714,NULL,NULL
18028,7361,19715,NULL,NULL
18029,7361,19716,NULL,NULL
18030,7361,19717,NULL,NULL
18031,7362,19718,NULL,NULL
18033,596,19720,NULL,NULL
18034,7363,19721,NULL,NULL
18035,7192,19722,NULL,NULL
18036,7192,19723,NULL,NULL
18037,7364,19724,NULL,NULL
18038,7365,19725,NULL,NULL
18039,7366,19726,NULL,NULL
18040,7367,19727,NULL,NULL
18041,7369,19728,NULL,NULL
18042,7370,19729,NULL,NULL
18043,7370,19730,NULL,NULL
18044,7370,19731,NULL,NULL
18045,7370,19732,NULL,NULL
18046,7371,19733,NULL,NULL
18047,7371,19734,NULL,NULL
18048,7372,19735,NULL,NULL
18049,7373,19736,NULL,NULL
18050,7374,19737,NULL,NULL
18052,7376,19739,NULL,NULL
18053,7377,19740,NULL,NULL
18056,7380,19743,NULL,NULL
18057,7381,19744,NULL,NULL
18058,7382,19745,NULL,NULL
18059,7383,19746,NULL,NULL
18060,5154,19747,NULL,NULL
18062,7385,19749,NULL,NULL
18063,7385,19750,NULL,NULL
18064,7385,19751,NULL,NULL
18065,7385,19752,NULL,NULL
18066,7385,19753,NULL,NULL
18067,7385,19754,NULL,NULL
18068,7386,19755,NULL,NULL
18069,7386,19756,NULL,NULL
18071,7388,19758,NULL,NULL
18072,7389,19759,NULL,NULL
18073,7390,19760,NULL,NULL
18074,7391,19761,NULL,NULL
18076,7393,19763,NULL,NULL
18077,7394,19764,NULL,NULL
18078,7394,19765,NULL,NULL
18080,7395,19767,NULL,NULL
18081,7395,19768,NULL,NULL
18082,7396,19769,NULL,NULL
18084,7398,19771,NULL,NULL
18085,7399,19772,NULL,NULL
18086,7399,19773,NULL,NULL
18088,7401,19775,NULL,NULL
18089,7402,19776,NULL,NULL
18090,7403,19777,NULL,NULL
18092,7405,19779,NULL,NULL
18093,7406,19780,NULL,NULL
18094,7407,19781,NULL,NULL
18095,7410,19782,NULL,NULL
18096,7411,19783,NULL,NULL
18099,7414,19786,NULL,NULL
18100,7414,19787,NULL,NULL
18101,7415,19788,NULL,NULL
18102,7416,19789,NULL,NULL
18103,7416,19790,NULL,NULL
18104,7416,19791,NULL,NULL
18105,7416,19792,NULL,NULL
18106,7416,19793,NULL,NULL
18107,7417,19794,NULL,NULL
18108,7417,19795,NULL,NULL
18109,7417,19796,NULL,NULL
18110,7417,19797,NULL,NULL
18111,7417,19798,NULL,NULL
18112,7418,19799,NULL,NULL
18113,7420,19800,NULL,NULL
18114,7420,19801,NULL,NULL
18115,7421,19802,NULL,NULL
18116,7422,19803,NULL,NULL
18117,7422,19804,NULL,NULL
18118,7423,19805,NULL,NULL
18119,904,19806,NULL,NULL
18120,904,19807,NULL,NULL
18121,904,19808,NULL,NULL
18122,904,19809,NULL,NULL
18123,904,19810,NULL,NULL
18124,7424,19811,NULL,NULL
18125,7425,19812,NULL,NULL
18126,7426,19813,NULL,NULL
18127,7385,19814,NULL,NULL
18128,7385,19815,NULL,NULL
18129,7385,19816,NULL,NULL
18130,7427,19817,NULL,NULL
18131,7428,19818,NULL,NULL
18132,7429,19819,NULL,NULL
18133,7430,19820,NULL,NULL
18134,7431,19821,NULL,NULL
18135,7432,19822,NULL,NULL
18137,5372,19824,NULL,NULL
18138,7434,19825,NULL,NULL
18139,7434,19826,NULL,NULL
18140,7434,19827,NULL,NULL
18141,7434,19828,NULL,NULL
18142,7435,19829,NULL,NULL
18144,7437,19831,NULL,NULL
18145,7439,19832,NULL,NULL
18146,7441,19833,NULL,NULL
18147,7442,19834,NULL,NULL
18150,7445,19837,NULL,NULL
18151,7445,19838,NULL,NULL
18152,7445,19839,NULL,NULL
18153,7447,19840,NULL,NULL
18154,7448,19841,NULL,NULL
18156,7450,19843,NULL,NULL
18157,7452,19844,NULL,NULL
18158,7453,19845,NULL,NULL
18159,5714,19846,NULL,NULL
18160,7454,19847,NULL,NULL
18161,7233,19848,NULL,NULL
18162,7233,19849,NULL,NULL
18163,5268,19850,NULL,NULL
18164,5268,19851,NULL,NULL
18165,5268,19852,NULL,NULL
18166,5268,19853,NULL,NULL
18167,5268,19854,NULL,NULL
18168,5268,19855,NULL,NULL
18169,7440,19856,NULL,NULL
18170,7457,19857,NULL,NULL
18171,7458,19858,NULL,NULL
18172,7459,19859,NULL,NULL
18173,7459,19860,NULL,NULL
18174,7459,19861,NULL,NULL
18175,7459,19862,NULL,NULL
18176,7459,19863,NULL,NULL
18177,7459,19864,NULL,NULL
18178,7459,19865,NULL,NULL
18179,7459,19866,NULL,NULL
18180,7459,19867,NULL,NULL
18181,7459,19868,NULL,NULL
18182,3309,19869,NULL,NULL
18183,3309,19870,NULL,NULL
18184,3309,19871,NULL,NULL
18185,3309,19872,NULL,NULL
18186,3309,19873,NULL,NULL
18187,3309,19874,NULL,NULL
18188,3309,19875,NULL,NULL
18189,3309,19876,NULL,NULL
18191,2906,19878,NULL,NULL
18192,2906,19879,NULL,NULL
18193,2906,19880,NULL,NULL
18194,2906,19881,NULL,NULL
18195,2906,19882,NULL,NULL
18196,2906,19883,NULL,NULL
18197,2906,19884,NULL,NULL
18198,2906,19885,NULL,NULL
18199,2906,19886,NULL,NULL
18200,2906,19887,NULL,NULL
18201,2906,19888,NULL,NULL
18202,7460,19889,NULL,NULL
18203,1606,19890,NULL,NULL
18204,7461,19891,NULL,NULL
18205,7462,19892,NULL,NULL
18206,5343,19893,NULL,NULL
18207,5343,19894,NULL,NULL
18208,5343,19895,NULL,NULL
18210,5343,19897,NULL,NULL
18211,5343,19898,NULL,NULL
18212,5343,19899,NULL,NULL
18213,5343,19900,NULL,NULL
18214,5343,19901,NULL,NULL
18215,5343,19902,NULL,NULL
18216,5343,19903,NULL,NULL
18217,5343,19904,NULL,NULL
18218,5343,19905,NULL,NULL
18219,5343,19906,NULL,NULL
18220,5343,19907,NULL,NULL
18221,5343,19908,NULL,NULL
18222,5343,19909,NULL,NULL
18223,5343,19910,NULL,NULL
18224,5343,19911,NULL,NULL
18225,5343,19912,NULL,NULL
18226,5343,19913,NULL,NULL
18227,5343,19914,NULL,NULL
18228,5343,19915,NULL,NULL
18229,5343,19916,NULL,NULL
18231,5343,19918,NULL,NULL
18232,5343,19919,NULL,NULL
18233,5343,19920,NULL,NULL
18235,5343,19922,NULL,NULL
18236,5343,19923,NULL,NULL
18237,5343,19924,NULL,NULL
18238,5343,19925,NULL,NULL
18239,5343,19926,NULL,NULL
18240,5343,19927,NULL,NULL
18241,5343,19928,NULL,NULL
18242,5343,19929,NULL,NULL
18243,5343,19930,NULL,NULL
18244,5343,19931,NULL,NULL
18245,5343,19932,NULL,NULL
18246,5343,19933,NULL,NULL
18248,5343,19935,NULL,NULL
18249,5343,19936,NULL,NULL
18250,5343,19937,NULL,NULL
18251,5343,19938,NULL,NULL
18252,5343,19939,NULL,NULL
18253,5343,19940,NULL,NULL
18254,5343,19941,NULL,NULL
18255,5343,19942,NULL,NULL
18256,5343,19943,NULL,NULL
18257,5343,19944,NULL,NULL
18258,5343,19945,NULL,NULL
18259,5343,19946,NULL,NULL
18260,5343,19947,NULL,NULL
18261,5343,19948,NULL,NULL
18262,5343,19949,NULL,NULL
18263,5343,19950,NULL,NULL
18264,5343,19951,NULL,NULL
18265,5343,19952,NULL,NULL
18266,5343,19953,NULL,NULL
18267,5343,19954,NULL,NULL
18268,5343,19955,NULL,NULL
18269,5343,19956,NULL,NULL
18270,5343,19957,NULL,NULL
18271,5343,19958,NULL,NULL
18272,5343,19959,NULL,NULL
18273,5343,19960,NULL,NULL
18274,5343,19961,NULL,NULL
18275,5343,19962,NULL,NULL
18276,5343,19963,NULL,NULL
18277,5343,19964,NULL,NULL
18278,5343,19965,NULL,NULL
18279,5343,19966,NULL,NULL
18280,5343,19967,NULL,NULL
18281,5343,19968,NULL,NULL
18282,5343,19969,NULL,NULL
18283,5343,19970,NULL,NULL
18284,5343,19971,NULL,NULL
18285,5343,19972,NULL,NULL
18286,5343,19973,NULL,NULL
18287,5343,19974,NULL,NULL
18288,5343,19975,NULL,NULL
18289,5343,19976,NULL,NULL
18290,5343,19977,NULL,NULL
18291,5343,19978,NULL,NULL
18292,5343,19979,NULL,NULL
18293,5343,19980,NULL,NULL
18294,5343,19981,NULL,NULL
18295,5343,19982,NULL,NULL
18296,5343,19983,NULL,NULL
18297,5343,19984,NULL,NULL
18298,5343,19985,NULL,NULL
18299,5343,19986,NULL,NULL
18300,5343,19987,NULL,NULL
18301,5343,19988,NULL,NULL
18302,5343,19989,NULL,NULL
18303,5343,19990,NULL,NULL
18304,5343,19991,NULL,NULL
18305,5343,19992,NULL,NULL
18306,5343,19993,NULL,NULL
18307,5343,19994,NULL,NULL
18308,5343,19995,NULL,NULL
18311,5343,19998,NULL,NULL
18312,5343,19999,NULL,NULL
18313,5343,20000,NULL,NULL
18314,5343,20001,NULL,NULL
18315,5343,20002,NULL,NULL
18316,5343,20003,NULL,NULL
18320,5343,20007,NULL,NULL
18321,5343,20008,NULL,NULL
18322,5343,20009,NULL,NULL
18323,5343,20010,NULL,NULL
18324,5343,20011,NULL,NULL
18326,5343,20013,NULL,NULL
18328,5343,20015,NULL,NULL
18331,5343,20018,NULL,NULL
18332,5343,20019,NULL,NULL
18333,5343,20020,NULL,NULL
18334,5343,20021,NULL,NULL
18335,5343,20022,NULL,NULL
18336,5343,20023,NULL,NULL
18338,5343,20025,NULL,NULL
18339,5343,20026,NULL,NULL
18340,5343,20027,NULL,NULL
18341,5343,20028,NULL,NULL
18342,5343,20029,NULL,NULL
18343,5343,20030,NULL,NULL
18344,5343,20031,NULL,NULL
18345,5343,20032,NULL,NULL
18346,5343,20033,NULL,NULL
18347,5343,20034,NULL,NULL
18349,5343,20036,NULL,NULL
18350,5343,20037,NULL,NULL
18351,5343,20038,NULL,NULL
18352,5343,20039,NULL,NULL
18353,5343,20040,NULL,NULL
18354,5343,20041,NULL,NULL
18355,5343,20042,NULL,NULL
18356,5343,20043,NULL,NULL
18357,5343,20044,NULL,NULL
18358,5343,20045,NULL,NULL
18359,5343,20046,NULL,NULL
18360,5343,20047,NULL,NULL
18361,5343,20048,NULL,NULL
18362,5343,20049,NULL,NULL
18363,5343,20050,NULL,NULL
18365,5343,20052,NULL,NULL
18366,5343,20053,NULL,NULL
18367,5343,20054,NULL,NULL
18368,5343,20055,NULL,NULL
18369,5343,20056,NULL,NULL
18370,5343,20057,NULL,NULL
18371,5343,20058,NULL,NULL
18372,5343,20059,NULL,NULL
18373,5343,20060,NULL,NULL
18374,5343,20061,NULL,NULL
18375,5343,20062,NULL,NULL
18376,5343,20063,NULL,NULL
18377,5343,20064,NULL,NULL
18378,5343,20065,NULL,NULL
18379,5343,20066,NULL,NULL
18380,5343,20067,NULL,NULL
18381,5343,20068,NULL,NULL
18382,5343,20069,NULL,NULL
18383,5343,20070,NULL,NULL
18384,5343,20071,NULL,NULL
18385,5343,20072,NULL,NULL
18386,5343,20073,NULL,NULL
18387,5343,20074,NULL,NULL
18388,5343,20075,NULL,NULL
18389,5343,20076,NULL,NULL
18390,5343,20077,NULL,NULL
18391,5343,20078,NULL,NULL
18392,5343,20079,NULL,NULL
18393,5343,20080,NULL,NULL
18394,5343,20081,NULL,NULL
18396,5343,20083,NULL,NULL
18397,5343,20084,NULL,NULL
18398,5343,20085,NULL,NULL
18399,5343,20086,NULL,NULL
18400,5343,20087,NULL,NULL
18403,5343,20090,NULL,NULL
18404,5343,20091,NULL,NULL
18405,5343,20092,NULL,NULL
18406,5343,20093,NULL,NULL
18407,5343,20094,NULL,NULL
18408,5343,20095,NULL,NULL
18409,5343,20096,NULL,NULL
18410,5343,20097,NULL,NULL
18411,5343,20098,NULL,NULL
18412,5343,20099,NULL,NULL
18413,5343,20100,NULL,NULL
18414,5343,20101,NULL,NULL
18415,5343,20102,NULL,NULL
18416,5343,20103,NULL,NULL
18417,5343,20104,NULL,NULL
18418,5343,20105,NULL,NULL
18419,5343,20106,NULL,NULL
18420,5343,20107,NULL,NULL
18421,5343,20108,NULL,NULL
18422,5343,20109,NULL,NULL
18423,5343,20110,NULL,NULL
18424,5343,20111,NULL,NULL
18425,5343,20112,NULL,NULL
18426,5343,20113,NULL,NULL
18427,5343,20114,NULL,NULL
18428,5343,20115,NULL,NULL
18429,5343,20116,NULL,NULL
18430,5343,20117,NULL,NULL
18431,5343,20118,NULL,NULL
18432,5343,20119,NULL,NULL
18433,5343,20120,NULL,NULL
18434,5343,20121,NULL,NULL
18435,5343,20122,NULL,NULL
18436,5343,20123,NULL,NULL
18437,5343,20124,NULL,NULL
18438,5343,20125,NULL,NULL
18439,5343,20126,NULL,NULL
18440,5343,20127,NULL,NULL
18441,5343,20128,NULL,NULL
18443,5343,20130,NULL,NULL
18444,5343,20131,NULL,NULL
18445,5343,20132,NULL,NULL
18446,5343,20133,NULL,NULL
18447,5343,20134,NULL,NULL
18448,5343,20135,NULL,NULL
18449,5343,20136,NULL,NULL
18450,5343,20137,NULL,NULL
18451,5343,20138,NULL,NULL
18452,5343,20139,NULL,NULL
18453,5343,20140,NULL,NULL
18455,5343,20142,NULL,NULL
18456,5343,20143,NULL,NULL
18457,5343,20144,NULL,NULL
18458,5343,20145,NULL,NULL
18459,5343,20146,NULL,NULL
18460,5343,20147,NULL,NULL
18461,5343,20148,NULL,NULL
18462,5343,20149,NULL,NULL
18464,5343,20151,NULL,NULL
18465,5343,20152,NULL,NULL
18466,5343,20153,NULL,NULL
18467,5343,20154,NULL,NULL
18468,5343,20155,NULL,NULL
18469,5343,20156,NULL,NULL
18470,5343,20157,NULL,NULL
18471,5343,20158,NULL,NULL
18472,5343,20159,NULL,NULL
18473,5343,20160,NULL,NULL
18474,5343,20161,NULL,NULL
18475,5343,20162,NULL,NULL
18476,5343,20163,NULL,NULL
18477,5343,20164,NULL,NULL
18478,5343,20165,NULL,NULL
18479,5343,20166,NULL,NULL
18480,5343,20167,NULL,NULL
18481,5343,20168,NULL,NULL
18482,5343,20169,NULL,NULL
18483,5343,20170,NULL,NULL
18484,5343,20171,NULL,NULL
18485,5343,20172,NULL,NULL
18486,5343,20173,NULL,NULL
18487,5343,20174,NULL,NULL
18488,5343,20175,NULL,NULL
18489,5343,20176,NULL,NULL
18490,5343,20177,NULL,NULL
18491,5343,20178,NULL,NULL
18492,5343,20179,NULL,NULL
18493,5343,20180,NULL,NULL
18494,5343,20181,NULL,NULL
18495,5343,20182,NULL,NULL
18496,5343,20183,NULL,NULL
18497,5343,20184,NULL,NULL
18498,5343,20185,NULL,NULL
18499,5343,20186,NULL,NULL
18500,5343,20187,NULL,NULL
18501,5343,20188,NULL,NULL
18502,5343,20189,NULL,NULL
18503,5343,20190,NULL,NULL
18504,5343,20191,NULL,NULL
18505,5343,20192,NULL,NULL
18506,5343,20193,NULL,NULL
18507,5343,20194,NULL,NULL
18508,5343,20195,NULL,NULL
18509,5343,20196,NULL,NULL
18510,5343,20197,NULL,NULL
18511,5343,20198,NULL,NULL
18512,5343,20199,NULL,NULL
18513,5343,20200,NULL,NULL
18514,5343,20201,NULL,NULL
18515,5343,20202,NULL,NULL
18516,5343,20203,NULL,NULL
18517,5343,20204,NULL,NULL
18518,5343,20205,NULL,NULL
18519,5343,20206,NULL,NULL
18520,5343,20207,NULL,NULL
18521,5343,20208,NULL,NULL
18522,5343,20209,NULL,NULL
18523,5343,20210,NULL,NULL
18524,5343,20211,NULL,NULL
18525,5343,20212,NULL,NULL
18526,5343,20213,NULL,NULL
18527,5343,20214,NULL,NULL
18528,5343,20215,NULL,NULL
18529,5343,20216,NULL,NULL
18530,5343,20217,NULL,NULL
18531,5343,20218,NULL,NULL
18532,5343,20219,NULL,NULL
18533,5343,20220,NULL,NULL
18534,5343,20221,NULL,NULL
18535,5343,20222,NULL,NULL
18536,5343,20223,NULL,NULL
18537,5343,20224,NULL,NULL
18538,5343,20225,NULL,NULL
18539,5343,20226,NULL,NULL
18540,5343,20227,NULL,NULL
18541,5343,20228,NULL,NULL
18542,5343,20229,NULL,NULL
18543,5343,20230,NULL,NULL
18544,5343,20231,NULL,NULL
18545,5343,20232,NULL,NULL
18546,5343,20233,NULL,NULL
18547,5343,20234,NULL,NULL
18548,5343,20235,NULL,NULL
18549,5343,20236,NULL,NULL
18550,5343,20237,NULL,NULL
18551,5343,20238,NULL,NULL
18552,5343,20239,NULL,NULL
18553,5343,20240,NULL,NULL
18554,5343,20241,NULL,NULL
18555,5343,20242,NULL,NULL
18556,5343,20243,NULL,NULL
18557,5343,20244,NULL,NULL
18558,5343,20245,NULL,NULL
18559,5343,20246,NULL,NULL
18560,5343,20247,NULL,NULL
18561,5343,20248,NULL,NULL
18562,5343,20249,NULL,NULL
18563,5343,20250,NULL,NULL
18564,5343,20251,NULL,NULL
18565,5343,20252,NULL,NULL
18566,5343,20253,NULL,NULL
18567,5343,20254,NULL,NULL
18568,5343,20255,NULL,NULL
18569,5343,20256,NULL,NULL
18570,5343,20257,NULL,NULL
18571,5343,20258,NULL,NULL
18572,4181,20259,NULL,NULL
18573,4181,20260,NULL,NULL
18574,3680,20261,NULL,NULL
18575,7463,20262,NULL,NULL
18576,7464,20263,NULL,NULL
18577,4255,20264,NULL,NULL
18578,3790,20265,NULL,NULL
18579,3790,20266,NULL,NULL
18580,3790,20267,NULL,NULL
18582,7465,20269,NULL,NULL
18583,7466,20270,NULL,NULL
18584,5343,20271,NULL,NULL
18585,5343,20272,NULL,NULL
18586,5343,20273,NULL,NULL
18587,5343,20274,NULL,NULL
18588,7467,20275,NULL,NULL
18589,7467,20276,NULL,NULL
18590,7467,20277,NULL,NULL
18591,7467,20278,NULL,NULL
18592,5343,20279,NULL,NULL
18593,7468,20280,NULL,NULL
18594,5343,20281,NULL,NULL
18595,5343,20282,NULL,NULL
18596,7469,20283,NULL,NULL
18597,5343,20284,NULL,NULL
18598,5343,20285,NULL,NULL
18599,7470,20286,NULL,NULL
18600,7472,20287,NULL,NULL
18601,5343,20288,NULL,NULL
18602,5343,20289,NULL,NULL
18603,5343,20290,NULL,NULL
18604,7473,20291,NULL,NULL
18605,7473,20292,NULL,NULL
18606,7473,20293,NULL,NULL
18607,7473,20294,NULL,NULL
18608,7473,20295,NULL,NULL
18609,7473,20296,NULL,NULL
18610,1399,20297,NULL,NULL
18611,5064,20298,NULL,NULL
18612,5064,20299,NULL,NULL
18613,5064,20300,NULL,NULL
18614,7474,20301,NULL,NULL
18615,7475,20302,NULL,NULL
18616,7475,20303,NULL,NULL
18617,7475,20304,NULL,NULL
18618,7475,20305,NULL,NULL
18619,7475,20306,NULL,NULL
18620,7476,20307,NULL,NULL
18621,7477,20308,NULL,NULL
18622,2213,20309,NULL,NULL
18623,7478,20310,NULL,NULL
18624,7479,20311,NULL,NULL
18626,7482,20313,NULL,NULL
18627,7484,20314,NULL,NULL
18628,7483,20315,NULL,NULL
18629,7484,20316,NULL,NULL
18630,7485,20317,NULL,NULL
18635,7487,20322,NULL,NULL
18636,3888,20323,NULL,2025-07-31 15:47:12.100
18638,3888,20325,NULL,NULL
18639,3888,20326,NULL,NULL
18640,3888,20327,NULL,NULL
18641,3888,20328,NULL,NULL
18642,7488,20329,NULL,NULL
18643,7489,20330,NULL,NULL
18644,7490,20331,NULL,NULL
18645,7491,20332,NULL,NULL
18646,4413,20333,NULL,NULL
18647,7493,20334,NULL,NULL
18648,3888,20335,NULL,NULL
18649,3888,20336,NULL,2025-04-17 15:40:09.033
18651,3888,20338,NULL,2025-07-30 15:39:38.003
18652,3888,20339,NULL,2025-07-31 15:40:30.663
18653,3888,20340,NULL,NULL
18654,7494,20341,NULL,NULL
18655,3888,20342,NULL,NULL
18656,3888,20343,NULL,2025-07-31 13:11:50.380
18657,3888,20344,NULL,NULL
18658,3888,20345,NULL,NULL
18659,3888,20346,NULL,2025-07-30 15:38:42.517
18660,3888,20347,NULL,NULL
18662,7495,20349,NULL,NULL
18663,7496,20350,NULL,NULL
18664,486,20351,NULL,NULL
18665,3888,20352,NULL,NULL
18666,3888,20353,NULL,NULL
18669,3888,20356,NULL,NULL
18670,3888,20357,NULL,NULL
18671,3888,20358,NULL,NULL
18672,7497,20359,NULL,NULL
18673,7498,20360,NULL,NULL
18674,7499,20361,NULL,NULL
18675,7500,20362,NULL,NULL
18676,531,20363,NULL,NULL
18677,531,20364,NULL,NULL
18678,531,20365,NULL,NULL
18679,7501,20366,NULL,NULL
18680,7502,20367,NULL,NULL
18681,7503,20368,NULL,NULL
18682,7504,20369,NULL,NULL
18683,7505,20370,NULL,NULL
18684,7506,20371,NULL,NULL
18685,7507,20372,NULL,NULL
18686,7508,20373,NULL,NULL
18687,7509,20374,NULL,NULL
18688,7510,20375,NULL,NULL
18689,7511,20376,NULL,NULL
18691,7513,20378,NULL,NULL
18692,7514,20379,NULL,NULL
18693,4266,20380,NULL,NULL
18694,7515,20381,NULL,NULL
18695,7516,20382,NULL,NULL
18696,7516,20383,NULL,NULL
18697,7517,20384,NULL,NULL
18698,732,20385,NULL,NULL
18699,7518,20386,NULL,NULL
18700,7519,20387,NULL,NULL
18701,7520,20388,NULL,NULL
18702,7521,20389,NULL,NULL
18703,7522,20390,NULL,NULL
18704,7523,20391,NULL,NULL
18705,7524,20392,NULL,NULL
18706,568,20393,NULL,NULL
18707,568,20394,NULL,NULL
18708,568,20395,NULL,NULL
18709,568,20396,NULL,NULL
18710,568,20397,NULL,NULL
18711,568,20398,NULL,NULL
18712,7525,20399,NULL,NULL
18713,7525,20400,NULL,NULL
18714,7525,20401,NULL,NULL
18715,7525,20402,NULL,NULL
18716,7525,20403,NULL,NULL
18717,7525,20404,NULL,NULL
18718,7525,20405,NULL,NULL
18719,7525,20406,NULL,NULL
18720,7525,20407,NULL,NULL
18721,7525,20408,NULL,NULL
18722,7525,20409,NULL,NULL
18723,7525,20410,NULL,NULL
18724,7525,20411,NULL,NULL
18725,7525,20412,NULL,NULL
18726,7525,20413,NULL,NULL
18727,7525,20414,NULL,NULL
18728,7525,20415,NULL,NULL
18729,7525,20416,NULL,NULL
18730,7525,20417,NULL,NULL
18732,7527,20419,NULL,NULL
18733,7528,20420,NULL,NULL
18734,7529,20421,NULL,2025-04-28 10:35:40.580
18735,7530,20422,NULL,NULL
18736,7531,20423,NULL,NULL
18737,7532,20424,NULL,NULL
18738,7533,20425,NULL,NULL
18739,7534,20426,NULL,NULL
18740,510,20427,NULL,NULL
18741,510,20428,NULL,NULL
18742,510,20429,NULL,NULL
18743,510,20430,NULL,NULL
18744,7535,20431,NULL,NULL
18746,7537,20433,NULL,NULL
18747,7538,20434,NULL,NULL
18749,7539,20436,NULL,NULL
18750,7541,20437,NULL,NULL
18751,7542,20438,NULL,NULL
18752,7542,20439,NULL,NULL
18753,7542,20440,NULL,NULL
18754,7543,20441,NULL,NULL
18755,7544,20442,NULL,NULL
18756,7545,20443,NULL,NULL
18757,7546,20444,NULL,NULL
18758,7547,20445,NULL,NULL
18759,7548,20446,NULL,NULL
18760,7549,20447,NULL,NULL
18761,2166,20448,NULL,NULL
18762,7550,20449,NULL,NULL
18764,3702,20451,NULL,NULL
18765,7551,20452,NULL,NULL
18766,7552,20453,NULL,NULL
18768,811,20455,NULL,NULL
18769,811,20456,NULL,NULL
18770,811,20457,NULL,NULL
18771,7554,20458,NULL,NULL
18779,7555,20466,NULL,NULL
18780,7556,20467,NULL,NULL
18781,7557,20468,NULL,NULL
18782,7558,20469,NULL,NULL
18783,7559,20470,NULL,NULL
18784,7560,20471,NULL,NULL
18785,7561,20472,NULL,NULL
18786,7562,20473,NULL,NULL
18788,7563,20475,NULL,NULL
18789,7564,20476,NULL,NULL
18790,7565,20477,NULL,NULL
18791,7565,20478,NULL,NULL
18792,7565,20479,NULL,NULL
18793,7565,20480,NULL,NULL
18794,7565,20481,NULL,NULL
18795,7565,20482,NULL,NULL
18796,7565,20483,NULL,NULL
18797,7565,20484,NULL,NULL
18798,7565,20485,NULL,NULL
18799,7566,20486,NULL,NULL
18800,7566,20487,NULL,NULL
18801,7566,20488,NULL,NULL
18802,7566,20489,NULL,NULL
18803,7566,20490,NULL,NULL
18804,7566,20491,NULL,NULL
18805,7567,20492,NULL,NULL
18806,7569,20493,NULL,NULL
18807,7570,20494,NULL,NULL
18808,7571,20495,NULL,NULL
18809,7568,20496,NULL,NULL
18810,7573,20497,NULL,NULL
18811,7575,20498,NULL,NULL
18812,7576,20499,NULL,NULL
18813,7577,20500,NULL,2024-02-26 10:01:27.580
18814,7577,20501,NULL,NULL
18815,7577,20502,NULL,NULL
18816,7577,20503,NULL,2024-02-26 10:01:49.277
18817,7577,20504,NULL,NULL
18818,7577,20505,NULL,NULL
18819,7577,20506,NULL,2024-02-26 10:02:02.760
18820,7577,20507,NULL,NULL
18821,7577,20508,NULL,NULL
18822,7577,20509,NULL,2024-02-26 10:02:15.937
18823,7577,20510,NULL,NULL
18824,7577,20511,NULL,NULL
18825,7577,20512,NULL,NULL
18826,7578,20513,NULL,NULL
18827,7580,20514,NULL,NULL
18828,7579,20515,NULL,NULL
18829,7581,20516,NULL,NULL
18830,7582,20517,NULL,NULL
18831,1210,20518,NULL,NULL
18832,7583,20519,NULL,NULL
18834,4017,20521,NULL,NULL
18835,4017,20522,NULL,NULL
18836,4017,20523,NULL,NULL
18837,4017,20524,NULL,NULL
18838,7584,20525,NULL,NULL
18839,7585,20526,NULL,NULL
18840,7586,20527,NULL,NULL
18841,7587,20528,NULL,NULL
18842,7588,20529,NULL,NULL
18843,7589,20530,NULL,NULL
18844,7590,20531,NULL,NULL
18845,7591,20532,NULL,NULL
18846,7592,20533,NULL,NULL
18847,7593,20534,NULL,NULL
18848,7594,20535,NULL,NULL
18849,7595,20536,NULL,NULL
18850,7596,20537,NULL,NULL
18851,7597,20538,NULL,NULL
18852,7598,20539,NULL,NULL
18853,7599,20540,NULL,NULL
18854,7600,20541,NULL,NULL
18855,7601,20542,NULL,NULL
18856,7602,20543,NULL,NULL
18858,7604,20545,NULL,NULL
18859,7605,20546,NULL,NULL
18860,7606,20547,NULL,NULL
18861,7607,20548,NULL,NULL
18863,7610,20550,NULL,NULL
18864,7611,20551,NULL,NULL
18865,7612,20552,NULL,NULL
18866,7613,20553,NULL,NULL
18867,7614,20554,NULL,NULL
18868,7615,20555,NULL,NULL
18869,7616,20556,NULL,NULL
18870,7617,20557,NULL,NULL
18871,7618,20558,NULL,NULL
18872,7619,20559,NULL,NULL
18873,7620,20560,NULL,NULL
18876,7623,20563,NULL,NULL
18877,7624,20564,NULL,NULL
18878,7625,20565,NULL,NULL
18879,7626,20566,NULL,NULL
18880,7627,20567,NULL,NULL
18881,7628,20568,NULL,NULL
18882,7629,20569,NULL,NULL
18883,7630,20570,NULL,NULL
18884,7631,20571,NULL,NULL
18885,7632,20572,NULL,NULL
18887,7634,20574,NULL,NULL
18888,7635,20575,NULL,NULL
18889,7636,20576,NULL,NULL
18890,7637,20577,NULL,NULL
18891,7639,20578,NULL,NULL
18892,7638,20579,NULL,NULL
18893,484,20580,NULL,NULL
18894,484,20581,NULL,NULL
18895,7640,20582,NULL,NULL
18896,7641,20583,NULL,NULL
18897,7642,20584,NULL,NULL
18898,7643,20585,NULL,NULL
18899,7644,20586,NULL,NULL
18900,7645,20587,NULL,NULL
18901,7646,20588,NULL,NULL
18902,6510,20589,NULL,NULL
18903,7648,20590,NULL,NULL
18905,7649,20592,NULL,NULL
18906,7650,20593,NULL,NULL
18907,484,20594,NULL,NULL
18908,4841,20595,NULL,NULL
18909,564,20596,NULL,NULL
18910,484,20597,NULL,NULL
18911,4841,20598,NULL,NULL
18912,564,20599,NULL,NULL
18913,4841,20600,NULL,NULL
18914,484,20601,NULL,NULL
18915,564,20602,NULL,NULL
18916,484,20603,NULL,NULL
18917,4841,20604,NULL,NULL
18918,564,20605,NULL,NULL
18919,6629,20606,NULL,NULL
18920,6629,20607,NULL,NULL
18921,6629,20608,NULL,NULL
18922,6629,20609,NULL,NULL
18923,6629,20610,NULL,NULL
18924,6629,20611,NULL,NULL
18925,6629,20612,NULL,NULL
18926,6629,20613,NULL,NULL
18927,6629,20614,NULL,NULL
18928,6629,20615,NULL,NULL
18929,7651,20616,NULL,NULL
18930,7652,20617,NULL,NULL
18931,7653,20618,NULL,NULL
18932,7654,20619,NULL,NULL
18933,7655,20620,NULL,NULL
18934,7656,20621,NULL,NULL
18936,7658,20623,NULL,NULL
18937,7659,20624,NULL,NULL
18938,7660,20625,NULL,NULL
18939,7661,20626,NULL,NULL
18940,7661,20627,NULL,NULL
18941,7661,20628,NULL,NULL
18942,7661,20629,NULL,NULL
18943,6198,20630,NULL,NULL
18944,6198,20631,NULL,NULL
18945,7662,20632,NULL,NULL
18946,7663,20633,NULL,NULL
18947,6198,20634,NULL,NULL
18949,7664,20636,NULL,NULL
18950,4310,20637,NULL,NULL
18951,4310,20638,NULL,NULL
18952,4310,20639,NULL,NULL
18953,4310,20640,NULL,NULL
18954,4310,20641,NULL,NULL
18955,4310,20642,NULL,NULL
18956,4310,20643,NULL,NULL
18957,4310,20644,NULL,NULL
18958,4310,20645,NULL,NULL
18959,4310,20646,NULL,NULL
18960,4310,20647,NULL,NULL
18961,4310,20648,NULL,NULL
18962,6198,20649,NULL,NULL
18963,7665,20650,NULL,NULL
18964,7666,20651,NULL,NULL
18965,7666,20652,NULL,NULL
18966,7666,20653,NULL,NULL
18967,7666,20654,NULL,NULL
18968,7666,20655,NULL,NULL
18969,7666,20656,NULL,NULL
18970,7666,20657,NULL,NULL
18971,7666,20658,NULL,NULL
18972,6198,20659,NULL,NULL
18973,6198,20660,NULL,NULL
18974,6198,20661,NULL,NULL
18975,7667,20662,NULL,NULL
18976,7668,20663,NULL,NULL
18977,7669,20664,NULL,NULL
18978,7670,20665,NULL,NULL
18979,7671,20666,NULL,NULL
18980,7672,20667,NULL,NULL
18981,7673,20668,NULL,NULL
18982,7674,20669,NULL,NULL
18983,7675,20670,NULL,NULL
18984,7676,20671,NULL,NULL
18985,7677,20672,NULL,NULL
18986,7678,20673,NULL,NULL
18987,7678,20674,NULL,NULL
18988,7678,20675,NULL,NULL
18989,7679,20676,NULL,NULL
18990,7680,20677,NULL,NULL
18991,7681,20678,NULL,NULL
18992,7682,20679,NULL,NULL
18994,7684,20681,NULL,NULL
18995,7685,20682,NULL,NULL
18996,7686,20683,NULL,NULL
18997,7687,20684,NULL,NULL
18998,7688,20685,NULL,NULL
18999,7689,20686,NULL,NULL
19000,7690,20687,NULL,NULL
19001,7691,20688,NULL,NULL
19002,7692,20689,NULL,NULL
19003,7693,20690,NULL,NULL
19004,7694,20691,NULL,NULL
19005,7695,20692,NULL,NULL
19006,7696,20693,NULL,NULL
19007,7697,20694,NULL,NULL
19008,7698,20695,NULL,NULL
19009,7699,20696,NULL,NULL
19010,10855,20697,NULL,NULL
19011,7701,20698,NULL,NULL
19012,7702,20699,NULL,NULL
19013,7703,20700,NULL,NULL
19014,7706,20701,NULL,NULL
19015,7706,20702,NULL,NULL
19016,7706,20703,NULL,NULL
19017,7706,20704,NULL,NULL
19018,7704,20705,NULL,NULL
19020,7705,20707,NULL,NULL
19022,7705,20709,NULL,NULL
19023,7705,20710,NULL,NULL
19024,7707,20711,NULL,NULL
19025,7708,20712,NULL,NULL
19026,7709,20713,NULL,NULL
19027,7710,20714,NULL,NULL
19028,7711,20715,NULL,NULL
19029,7712,20716,NULL,NULL
19030,6898,20717,NULL,NULL
19031,6898,20718,NULL,NULL
19033,7714,20720,NULL,NULL
19034,906,20721,NULL,NULL
19035,906,20722,NULL,NULL
19036,906,20723,NULL,NULL
19037,906,20724,NULL,NULL
19038,906,20725,NULL,NULL
19039,906,20726,NULL,NULL
19040,906,20727,NULL,NULL
19041,906,20728,NULL,NULL
19042,906,20729,NULL,NULL
19043,906,20730,NULL,NULL
19044,906,20731,NULL,NULL
19045,906,20732,NULL,NULL
19046,906,20733,NULL,NULL
19047,906,20734,NULL,NULL
19048,906,20735,NULL,NULL
19049,906,20736,NULL,NULL
19050,906,20737,NULL,NULL
19051,7715,20738,NULL,NULL
19052,517,20739,NULL,NULL
19053,7716,20740,NULL,NULL
19054,5891,20741,NULL,NULL
19055,7718,20742,NULL,NULL
19056,7719,20743,NULL,NULL
19057,7720,20744,NULL,NULL
19058,7721,20745,NULL,NULL
19059,7722,20746,NULL,NULL
19060,7723,20747,NULL,NULL
19061,7724,20748,NULL,NULL
19062,6198,20749,NULL,NULL
19063,7725,20750,NULL,NULL
19064,6198,20751,NULL,NULL
19065,6198,20752,NULL,NULL
19066,6198,20753,NULL,NULL
19067,6198,20754,NULL,NULL
19068,7726,20755,NULL,NULL
19069,7727,20756,NULL,NULL
19070,6198,20757,NULL,NULL
19071,6198,20758,NULL,NULL
19072,6198,20759,NULL,NULL
19073,6198,20760,NULL,NULL
19074,6198,20761,NULL,NULL
19075,6198,20762,NULL,NULL
19076,7728,20763,NULL,NULL
19077,6198,20764,NULL,NULL
19078,7729,20765,NULL,NULL
19079,6198,20766,NULL,NULL
19080,6198,20767,NULL,NULL
19081,6198,20768,NULL,NULL
19082,6198,20769,NULL,NULL
19083,7730,20770,NULL,NULL
19084,6198,20771,NULL,NULL
19085,6198,20772,NULL,NULL
19086,7731,20773,NULL,NULL
19087,7732,20774,NULL,NULL
19088,7733,20775,NULL,NULL
19089,7734,20776,NULL,NULL
19090,2672,20777,NULL,NULL
19091,2672,20778,NULL,NULL
19092,2672,20779,NULL,NULL
19093,2672,20780,NULL,NULL
19094,564,20781,NULL,NULL
19096,7735,20783,NULL,NULL
19097,7736,20784,NULL,NULL
19098,7737,20785,NULL,NULL
19099,3687,20786,NULL,NULL
19100,3687,20787,NULL,NULL
19101,3687,20788,NULL,NULL
19102,7738,20789,NULL,NULL
19103,7739,20790,NULL,NULL
19104,7740,20791,NULL,NULL
19105,7741,20792,NULL,NULL
19106,7742,20793,NULL,NULL
19107,7743,20794,NULL,NULL
19108,7744,20795,NULL,NULL
19109,7745,20796,NULL,NULL
19110,7746,20797,NULL,NULL
19111,7747,20798,NULL,NULL
19112,7748,20799,NULL,NULL
19113,7749,20800,NULL,NULL
19114,7751,20801,NULL,NULL
19115,7752,20802,NULL,NULL
19117,510,20804,NULL,NULL
19118,510,20805,NULL,NULL
19119,7754,20806,NULL,NULL
19120,7755,20807,NULL,NULL
19121,7756,20808,NULL,NULL
19122,7757,20809,NULL,NULL
19123,7758,20810,NULL,NULL
19124,452,20811,NULL,NULL
19125,7759,20812,NULL,NULL
19126,452,20813,NULL,NULL
19127,452,20814,NULL,NULL
19128,452,20815,NULL,NULL
19129,7760,20816,NULL,NULL
19130,7761,20817,NULL,NULL
19131,7763,20818,NULL,NULL
19132,7764,20819,NULL,NULL
19134,7765,20821,NULL,NULL
19135,7765,20822,NULL,NULL
19136,7765,20823,NULL,NULL
19137,7765,20824,NULL,NULL
19138,7765,20825,NULL,NULL
19139,7766,20826,NULL,NULL
19140,7767,20827,NULL,NULL
19141,7768,20828,NULL,NULL
19142,7769,20829,NULL,NULL
19143,7770,20830,NULL,NULL
19144,7771,20831,NULL,NULL
19145,7772,20832,NULL,NULL
19146,7773,20833,NULL,NULL
19147,7061,20834,NULL,NULL
19148,7774,20835,NULL,NULL
19149,7775,20836,NULL,NULL
19150,7776,20837,NULL,NULL
19151,7777,20838,NULL,NULL
19152,7778,20839,NULL,NULL
19153,7779,20840,NULL,NULL
19154,7780,20841,NULL,NULL
19155,490,20842,NULL,NULL
19156,490,20843,NULL,NULL
19157,490,20844,NULL,NULL
19158,490,20845,NULL,NULL
19159,7781,20846,NULL,NULL
19160,526,20847,NULL,NULL
19161,526,20848,NULL,NULL
19162,526,20849,NULL,NULL
19163,526,20850,NULL,NULL
19164,526,20851,NULL,NULL
19165,526,20852,NULL,NULL
19166,526,20853,NULL,NULL
19167,526,20854,NULL,NULL
19168,526,20855,NULL,NULL
19169,526,20856,NULL,NULL
19170,526,20857,NULL,NULL
19171,7782,20858,NULL,NULL
19172,7783,20859,NULL,NULL
19173,526,20860,NULL,NULL
19174,3862,20861,NULL,NULL
19175,3862,20862,NULL,NULL
19176,3862,20863,NULL,NULL
19177,3862,20864,NULL,NULL
19178,3862,20865,NULL,NULL
19179,3862,20866,NULL,NULL
19180,3862,20867,NULL,NULL
19181,3862,20868,NULL,NULL
19182,3862,20869,NULL,NULL
19183,3862,20870,NULL,NULL
19184,3862,20871,NULL,NULL
19185,3862,20872,NULL,NULL
19186,3862,20873,NULL,NULL
19187,3862,20874,NULL,NULL
19188,3862,20875,NULL,NULL
19189,3862,20876,NULL,NULL
19190,3862,20877,NULL,NULL
19191,3862,20878,NULL,NULL
19192,3862,20879,NULL,NULL
19193,3862,20880,NULL,NULL
19194,3862,20881,NULL,NULL
19195,3862,20882,NULL,NULL
19196,7784,20883,NULL,NULL
19197,7785,20884,NULL,NULL
19198,7786,20885,NULL,NULL
19199,7787,20886,NULL,NULL
19200,7787,20887,NULL,NULL
19201,7787,20888,NULL,NULL
19202,7787,20889,NULL,NULL
19203,7787,20890,NULL,NULL
19204,7787,20891,NULL,NULL
19205,7787,20892,NULL,NULL
19206,7787,20893,NULL,NULL
19207,7787,20894,NULL,NULL
19208,7787,20895,NULL,NULL
19209,7787,20896,NULL,NULL
19210,7787,20897,NULL,NULL
19211,7787,20898,NULL,NULL
19212,7787,20899,NULL,NULL
19213,7787,20900,NULL,NULL
19214,7787,20901,NULL,NULL
19215,7787,20902,NULL,NULL
19216,7787,20903,NULL,NULL
19217,7787,20904,NULL,NULL
19218,7787,20905,NULL,NULL
19220,7789,20907,NULL,NULL
19221,7789,20908,NULL,NULL
19222,7789,20909,NULL,NULL
19223,7789,20910,NULL,NULL
19224,7789,20911,NULL,NULL
19225,7789,20912,NULL,NULL
19226,7789,20913,NULL,NULL
19227,7790,20914,NULL,NULL
19230,1030,20917,NULL,NULL
19231,6183,20918,NULL,NULL
19232,6183,20919,NULL,NULL
19233,6183,20920,NULL,NULL
19234,6183,20921,NULL,NULL
19235,6183,20922,NULL,NULL
19236,6183,20923,NULL,NULL
19237,6183,20924,NULL,NULL
19238,6183,20925,NULL,NULL
19239,6183,20926,NULL,NULL
19240,6183,20927,NULL,NULL
19241,6183,20928,NULL,NULL
19242,6183,20929,NULL,NULL
19243,6183,20930,NULL,NULL
19244,6183,20931,NULL,NULL
19245,6183,20932,NULL,NULL
19246,6183,20933,NULL,NULL
19247,6183,20934,NULL,NULL
19248,6183,20935,NULL,NULL
19249,6183,20936,NULL,NULL
19250,6183,20937,NULL,NULL
19251,6183,20938,NULL,NULL
19252,6183,20939,NULL,NULL
19253,7792,20940,NULL,NULL
19254,7793,20941,NULL,NULL
19255,7793,20942,NULL,NULL
19256,7793,20943,NULL,NULL
19257,7794,20944,NULL,NULL
19258,7794,20945,NULL,NULL
19259,7794,20946,NULL,NULL
19260,7794,20947,NULL,NULL
19261,7795,20948,NULL,NULL
19262,7795,20949,NULL,NULL
19263,7796,20950,NULL,NULL
19264,7797,20951,NULL,NULL
19265,4266,20952,NULL,NULL
19266,7798,20953,NULL,NULL
19267,7799,20954,NULL,NULL
19268,7801,20955,NULL,NULL
19269,7800,20956,NULL,NULL
19270,526,20957,NULL,NULL
19271,526,20958,NULL,NULL
19272,7802,20959,NULL,NULL
19273,526,20960,NULL,NULL
19274,7803,20961,NULL,NULL
19275,7804,20962,NULL,NULL
19276,7805,20963,NULL,NULL
19277,7806,20964,NULL,NULL
19278,7807,20965,NULL,NULL
19279,7808,20966,NULL,NULL
19280,1768,20967,NULL,NULL
19281,1768,20968,NULL,NULL
19282,1768,20969,NULL,NULL
19283,1768,20970,NULL,NULL
19284,1768,20971,NULL,NULL
19285,1768,20972,NULL,NULL
19286,1768,20973,NULL,NULL
19287,1768,20974,NULL,NULL
19288,1768,20975,NULL,NULL
19289,7810,20976,NULL,NULL
19290,7809,20977,NULL,NULL
19291,7812,20978,NULL,NULL
19292,7813,20979,NULL,NULL
19293,7814,20980,NULL,NULL
19294,7815,20981,NULL,NULL
19295,7816,20982,NULL,NULL
19296,7817,20983,NULL,NULL
19297,7818,20984,NULL,NULL
19298,7819,20985,NULL,NULL
19299,3860,20986,NULL,NULL
19300,3860,20987,NULL,NULL
19301,7820,20988,NULL,NULL
19302,3860,20989,NULL,NULL
19303,3860,20990,NULL,NULL
19305,3860,20992,NULL,NULL
19306,7822,20993,NULL,NULL
19307,7821,20994,NULL,NULL
19308,7823,20995,NULL,NULL
19309,7824,20996,NULL,NULL
19310,7825,20997,NULL,NULL
19311,7826,20998,NULL,NULL
19312,7827,20999,NULL,NULL
19313,7827,21000,NULL,NULL
19314,7827,21001,NULL,NULL
19315,7827,21002,NULL,NULL
19316,7827,21003,NULL,NULL
19317,7828,21004,NULL,NULL
19318,7829,21005,NULL,NULL
19319,7830,21006,NULL,NULL
19320,7831,21007,NULL,NULL
19321,7832,21008,NULL,NULL
19322,7833,21009,NULL,NULL
19325,7834,21012,NULL,NULL
19326,7835,21013,NULL,NULL
19327,7836,21014,NULL,NULL
19328,7837,21015,NULL,NULL
19329,7838,21016,NULL,NULL
19338,7841,21025,NULL,NULL
19339,7842,21026,NULL,NULL
19340,7843,21027,NULL,NULL
19341,7844,21028,NULL,NULL
19342,7845,21029,NULL,NULL
19343,7846,21030,NULL,NULL
19344,7847,21031,NULL,NULL
19345,7848,21032,NULL,NULL
19346,7849,21033,NULL,NULL
19347,7850,21034,NULL,NULL
19348,7851,21035,NULL,NULL
19349,7852,21036,NULL,NULL
19350,7852,21037,NULL,NULL
19351,7852,21038,NULL,NULL
19352,7852,21039,NULL,NULL
19353,7852,21040,NULL,NULL
19354,7852,21041,NULL,NULL
19355,7852,21042,NULL,NULL
19356,7852,21043,NULL,NULL
19357,7852,21044,NULL,NULL
19358,7852,21045,NULL,NULL
19359,7853,21046,NULL,NULL
19360,7854,21047,NULL,NULL
19361,7856,21048,NULL,NULL
19362,7855,21049,NULL,NULL
19363,7857,21050,NULL,NULL
19364,7858,21051,NULL,NULL
19365,7860,21052,NULL,NULL
19366,7860,21053,NULL,NULL
19367,7860,21054,NULL,NULL
19368,7860,21055,NULL,NULL
19369,7371,21056,NULL,NULL
19370,7371,21057,NULL,NULL
19371,7371,21058,NULL,NULL
19372,7371,21059,NULL,NULL
19373,7371,21060,NULL,NULL
19374,7861,21061,NULL,NULL
19375,510,21062,NULL,NULL
19376,7862,21063,NULL,NULL
19377,7862,21064,NULL,NULL
19379,7863,21066,NULL,NULL
19380,7863,21067,NULL,NULL
19381,7864,21068,NULL,NULL
19382,7865,21069,NULL,NULL
19383,7865,21070,NULL,NULL
19384,7865,21071,NULL,NULL
19385,7865,21072,NULL,NULL
19386,7865,21073,NULL,NULL
19387,7865,21074,NULL,NULL
19388,7865,21075,NULL,NULL
19389,7865,21076,NULL,NULL
19390,7865,21077,NULL,NULL
19391,7866,21078,NULL,NULL
19392,7867,21079,NULL,NULL
19394,7866,21081,NULL,NULL
19395,7869,21082,NULL,NULL
19396,7870,21083,NULL,NULL
19397,7870,21084,NULL,NULL
19398,7870,21085,NULL,NULL
19399,7870,21086,NULL,NULL
19400,7870,21087,NULL,NULL
19401,7870,21088,NULL,NULL
19402,7870,21089,NULL,NULL
19403,7870,21090,NULL,NULL
19404,7870,21091,NULL,NULL
19405,7870,21092,NULL,NULL
19406,7871,21093,NULL,NULL
19407,7871,21094,NULL,NULL
19408,7871,21095,NULL,NULL
19409,7871,21096,NULL,NULL
19410,7871,21097,NULL,NULL
19411,7871,21098,NULL,NULL
19412,7872,21099,NULL,NULL
19413,7873,21100,NULL,NULL
19415,7875,21102,NULL,NULL
19416,7876,21103,NULL,NULL
19417,7877,21104,NULL,NULL
19418,7878,21105,NULL,NULL
19419,7879,21106,NULL,NULL
19420,7880,21107,NULL,NULL
19421,7880,21108,NULL,NULL
19422,7881,21109,NULL,NULL
19424,7881,21111,NULL,NULL
19425,7881,21112,NULL,NULL
19426,7881,21113,NULL,NULL
19427,7881,21114,NULL,NULL
19428,7881,21115,NULL,NULL
19429,462,21116,NULL,NULL
19430,7884,21117,NULL,NULL
19431,7885,21118,NULL,NULL
19432,7886,21119,NULL,NULL
19433,1280,21120,NULL,NULL
19434,1280,21121,NULL,NULL
19435,619,21122,NULL,NULL
19436,619,21123,NULL,NULL
19437,619,21124,NULL,NULL
19438,619,21125,NULL,NULL
19439,619,21126,NULL,NULL
19440,619,21127,NULL,NULL
19441,619,21128,NULL,NULL
19442,619,21129,NULL,NULL
19443,619,21130,NULL,NULL
19444,7887,21131,NULL,NULL
19445,619,21132,NULL,NULL
19446,619,21133,NULL,NULL
19447,619,21134,NULL,NULL
19448,619,21135,NULL,NULL
19449,619,21136,NULL,NULL
19450,619,21137,NULL,NULL
19451,7888,21138,NULL,NULL
19452,2148,21139,NULL,NULL
19453,7889,21140,NULL,NULL
19454,7890,21141,NULL,NULL
19455,7890,21142,NULL,NULL
19456,7890,21143,NULL,NULL
19457,7891,21144,NULL,NULL
19458,7892,21145,NULL,NULL
19459,7893,21146,NULL,NULL
19460,7894,21147,NULL,NULL
19461,7895,21148,NULL,NULL
19462,7896,21149,NULL,NULL
19463,7897,21150,NULL,NULL
19464,7897,21151,NULL,NULL
19465,7897,21152,NULL,NULL
19466,7897,21153,NULL,NULL
19467,7897,21154,NULL,NULL
19469,7898,21156,NULL,NULL
19470,7898,21157,NULL,NULL
19471,7899,21158,NULL,NULL
19472,7900,21159,NULL,NULL
19473,7901,21160,NULL,NULL
19474,7902,21161,NULL,NULL
19475,7902,21162,NULL,2024-10-11 14:36:07.647
19476,7903,21163,NULL,NULL
19477,7904,21164,NULL,NULL
19478,7905,21165,NULL,NULL
19479,7905,21166,NULL,NULL
19480,3984,21167,NULL,NULL
19481,3984,21168,NULL,NULL
19482,7906,21169,NULL,NULL
19483,7906,21170,NULL,NULL
19484,7907,21171,NULL,NULL
19485,7908,21172,NULL,NULL
19486,7909,21173,NULL,NULL
19487,2165,21174,NULL,NULL
19488,2165,21175,NULL,NULL
19489,2165,21176,NULL,NULL
19490,2165,21177,NULL,NULL
19491,2165,21178,NULL,NULL
19492,7910,21179,NULL,NULL
19493,7911,21180,NULL,NULL
19494,7912,21181,NULL,NULL
19495,7913,21182,NULL,NULL
19497,7915,21184,NULL,NULL
19498,7916,21185,NULL,NULL
19499,7917,21186,NULL,NULL
19500,7918,21187,NULL,NULL
19501,7919,21188,NULL,NULL
19502,7920,21189,NULL,NULL
19503,7921,21190,NULL,NULL
19504,7922,21191,NULL,NULL
19505,7923,21192,NULL,NULL
19506,7924,21193,NULL,NULL
19507,7925,21194,NULL,NULL
19508,7926,21195,NULL,NULL
19509,7927,21196,NULL,NULL
19510,7927,21197,NULL,NULL
19511,7928,21198,NULL,NULL
19512,7930,21199,NULL,NULL
19513,7931,21200,NULL,NULL
19514,526,21201,NULL,NULL
19515,7932,21202,NULL,NULL
19516,6277,21203,NULL,NULL
19517,6277,21204,NULL,NULL
19518,6277,21205,NULL,NULL
19519,6277,21206,NULL,NULL
19520,6277,21207,NULL,NULL
19521,6277,21208,NULL,NULL
19522,6277,21209,NULL,NULL
19523,6277,21210,NULL,NULL
19524,6277,21211,NULL,NULL
19525,6277,21212,NULL,NULL
19526,6277,21213,NULL,NULL
19527,6277,21214,NULL,NULL
19528,7933,21215,NULL,NULL
19529,6777,21216,NULL,NULL
19530,6777,21217,NULL,NULL
19531,6777,21218,NULL,NULL
19532,6777,21219,NULL,NULL
19533,7935,21220,NULL,NULL
19535,7937,21222,NULL,NULL
19536,7938,21223,NULL,NULL
19537,7939,21224,NULL,NULL
19538,7941,21225,NULL,NULL
19539,7942,21226,NULL,NULL
19540,7940,21227,NULL,NULL
19541,7944,21228,NULL,NULL
19542,7609,21229,NULL,NULL
19543,7609,21230,NULL,NULL
19544,7609,21231,NULL,NULL
19545,7609,21232,NULL,NULL
19546,7609,21233,NULL,NULL
19547,7609,21234,NULL,NULL
19548,7945,21235,NULL,NULL
19549,7945,21236,NULL,NULL
19550,7945,21237,NULL,NULL
19551,7945,21238,NULL,NULL
19552,7945,21239,NULL,NULL
19553,7945,21240,NULL,NULL
19554,7946,21241,NULL,NULL
19555,7948,21242,NULL,NULL
19556,7947,21243,NULL,NULL
19557,7947,21244,NULL,NULL
19558,7947,21245,NULL,NULL
19559,7947,21246,NULL,NULL
19560,7947,21247,NULL,NULL
19561,7947,21248,NULL,NULL
19562,7949,21249,NULL,NULL
19563,7950,21250,NULL,NULL
19564,7950,21251,NULL,NULL
19565,7951,21252,NULL,NULL
19566,7951,21253,NULL,NULL
19567,7952,21254,NULL,NULL
19568,7954,21255,NULL,NULL
19569,7955,21256,NULL,NULL
19570,7956,21257,NULL,NULL
19571,7956,21258,NULL,NULL
19572,7956,21259,NULL,NULL
19573,7956,21260,NULL,NULL
19574,7956,21261,NULL,NULL
19575,7957,21262,NULL,NULL
19576,7958,21263,NULL,NULL
19577,7959,21264,NULL,NULL
19578,7960,21265,NULL,NULL
19579,7961,21266,NULL,NULL
19580,7962,21267,NULL,NULL
19581,4933,21268,NULL,NULL
19582,7963,21269,NULL,NULL
19583,7964,21270,NULL,NULL
19584,7967,21271,NULL,NULL
19585,7967,21272,NULL,NULL
19586,7967,21273,NULL,NULL
19587,7967,21274,NULL,NULL
19588,7967,21275,NULL,NULL
19589,7967,21276,NULL,NULL
19590,7967,21277,NULL,NULL
19591,7967,21278,NULL,NULL
19592,7967,21279,NULL,NULL
19593,7967,21280,NULL,NULL
19594,7967,21281,NULL,NULL
19595,7967,21282,NULL,NULL
19596,7967,21283,NULL,NULL
19597,7967,21284,NULL,NULL
19598,7967,21285,NULL,NULL
19599,7967,21286,NULL,NULL
19600,7967,21287,NULL,NULL
19601,7967,21288,NULL,NULL
19602,7967,21289,NULL,NULL
19603,7967,21290,NULL,NULL
19604,7967,21291,NULL,NULL
19605,7967,21292,NULL,NULL
19606,7967,21293,NULL,NULL
19607,7967,21294,NULL,NULL
19608,7967,21295,NULL,NULL
19609,7967,21296,NULL,NULL
19610,7967,21297,NULL,NULL
19611,7967,21298,NULL,NULL
19612,7967,21299,NULL,NULL
19613,7967,21300,NULL,NULL
19614,7967,21301,NULL,NULL
19615,7967,21302,NULL,NULL
19616,7967,21303,NULL,NULL
19617,7967,21304,NULL,NULL
19618,7967,21305,NULL,NULL
19619,7968,21306,NULL,NULL
19620,7967,21307,NULL,NULL
19621,7969,21308,NULL,NULL
19622,4999,21309,NULL,NULL
19623,4999,21310,NULL,NULL
19624,4999,21311,NULL,NULL
19625,4999,21312,NULL,NULL
19626,4999,21313,NULL,NULL
19627,4999,21314,NULL,NULL
19628,7971,21315,NULL,NULL
19629,7972,21316,NULL,NULL
19630,1335,21317,NULL,NULL
19631,1335,21318,NULL,NULL
19632,1335,21319,NULL,NULL
19633,1335,21320,NULL,NULL
19634,1335,21321,NULL,NULL
19635,1335,21322,NULL,NULL
19636,1335,21323,NULL,NULL
19637,1335,21324,NULL,NULL
19638,1335,21325,NULL,NULL
19639,1335,21326,NULL,NULL
19640,1335,21327,NULL,NULL
19641,1335,21328,NULL,NULL
19642,1335,21329,NULL,NULL
19643,1335,21330,NULL,NULL
19644,1335,21331,NULL,NULL
19646,1335,21333,NULL,NULL
19647,1335,21334,NULL,NULL
19648,1335,21335,NULL,NULL
19649,1335,21336,NULL,NULL
19650,7973,21337,NULL,NULL
19651,7973,21338,NULL,NULL
19652,7974,21339,NULL,NULL
19653,7974,21340,NULL,NULL
19654,7974,21341,NULL,NULL
19655,7974,21342,NULL,NULL
19656,7974,21343,NULL,NULL
19657,7974,21344,NULL,NULL
19658,7974,21345,NULL,NULL
19659,7975,21346,NULL,NULL
19660,7975,21347,NULL,NULL
19661,7975,21348,NULL,NULL
19662,7975,21349,NULL,NULL
19663,7976,21350,NULL,NULL
19664,7977,21351,NULL,2025-02-06 13:50:31.583
19670,7978,21357,NULL,NULL
19671,7979,21358,NULL,NULL
19672,7979,21359,NULL,NULL
19673,7980,21360,NULL,NULL
19676,7981,21363,NULL,NULL
19677,7982,21364,NULL,NULL
19682,7983,21369,NULL,NULL
19683,499,21370,NULL,NULL
19685,7983,21372,NULL,NULL
19686,7983,21373,NULL,NULL
19687,7983,21374,NULL,NULL
19688,7984,21375,NULL,NULL
19689,7985,21376,NULL,NULL
19690,7985,21377,NULL,NULL
19691,4176,21378,NULL,NULL
19692,4176,21379,NULL,NULL
19693,7986,21380,NULL,NULL
19694,3671,21381,NULL,NULL
19695,7987,21382,NULL,NULL
19696,7988,21383,NULL,NULL
19697,7989,21384,NULL,NULL
19698,7990,21385,NULL,NULL
19699,7991,21386,NULL,NULL
19700,7992,21387,NULL,NULL
19702,7993,21389,NULL,NULL
19703,6907,21390,NULL,NULL
19704,6907,21391,NULL,NULL
19706,6772,21393,NULL,NULL
19707,6772,21394,NULL,NULL
19708,7996,21395,NULL,NULL
19709,7997,21396,NULL,NULL
19710,7998,21397,NULL,NULL
19711,7998,21398,NULL,NULL
19712,7999,21399,NULL,NULL
19713,8000,21400,NULL,NULL
19714,8000,21401,NULL,NULL
19715,8000,21402,NULL,NULL
19716,8001,21403,NULL,NULL
19717,8003,21404,NULL,NULL
19718,1108,21405,NULL,NULL
19719,1108,21406,NULL,NULL
19720,1108,21407,NULL,NULL
19721,8004,21408,NULL,NULL
19722,8004,21409,NULL,NULL
19723,8005,21410,NULL,NULL
19724,8005,21411,NULL,NULL
19725,8005,21412,NULL,NULL
19726,8005,21413,NULL,NULL
19727,527,21414,NULL,NULL
19728,527,21415,NULL,NULL
19729,527,21416,NULL,NULL
19730,8006,21417,NULL,NULL
19731,8006,21418,NULL,NULL
19732,8006,21419,NULL,NULL
19733,8006,21420,NULL,NULL
19734,8007,21421,NULL,NULL
19735,8007,21422,NULL,NULL
19736,8007,21423,NULL,NULL
19737,8007,21424,NULL,NULL
19738,8007,21425,NULL,NULL
19739,8007,21426,NULL,NULL
19741,8007,21428,NULL,NULL
19742,8007,21429,NULL,NULL
19743,8007,21430,NULL,NULL
19744,8007,21431,NULL,NULL
19745,8007,21432,NULL,NULL
19746,8007,21433,NULL,NULL
19747,8007,21434,NULL,NULL
19748,8007,21435,NULL,NULL
19749,1530,21436,NULL,NULL
19750,8008,21437,NULL,NULL
19751,8009,21438,NULL,NULL
19752,8009,21439,NULL,NULL
19753,8009,21440,NULL,NULL
19754,8009,21441,NULL,NULL
19755,8010,21442,NULL,NULL
19756,8011,21443,NULL,NULL
19757,8012,21444,NULL,NULL
19758,8013,21445,NULL,NULL
19765,8014,21452,NULL,NULL
19766,8014,21453,NULL,NULL
19767,8014,21454,NULL,NULL
19768,8014,21455,NULL,NULL
19769,8014,21456,NULL,NULL
19770,8014,21457,NULL,NULL
19771,8014,21458,NULL,NULL
19772,8015,21459,NULL,NULL
19773,8016,21460,NULL,NULL
19774,8017,21461,NULL,NULL
19775,8018,21462,NULL,NULL
19776,8019,21463,NULL,NULL
19777,8020,21464,NULL,NULL
19778,9848,21465,NULL,NULL
19780,8021,21467,NULL,NULL
19781,8022,21468,NULL,NULL
19782,1774,21469,NULL,NULL
19783,1774,21470,NULL,NULL
19784,1774,21471,NULL,NULL
19786,8024,21473,NULL,NULL
19789,8026,21476,NULL,2025-01-17 10:02:37.187
19796,8028,21483,NULL,NULL
19797,8029,21484,NULL,NULL
19798,8030,21485,NULL,NULL
19799,8031,21486,NULL,NULL
19801,8033,21488,NULL,NULL
19802,8034,21489,NULL,NULL
19803,8036,21490,NULL,NULL
19804,8037,21491,NULL,NULL
19805,8039,21492,NULL,NULL
19806,8038,21493,NULL,NULL
19807,8040,21494,NULL,NULL
19808,8041,21495,NULL,NULL
19809,8042,21496,NULL,NULL
19810,8043,21497,NULL,NULL
19811,8044,21498,NULL,NULL
19812,8045,21499,NULL,NULL
19813,8046,21500,NULL,NULL
19814,8047,21501,NULL,NULL
19815,8047,21502,NULL,NULL
19816,8048,21503,NULL,NULL
19817,8049,21504,NULL,NULL
19818,8050,21505,NULL,NULL
19819,8050,21506,NULL,NULL
19820,8051,21507,NULL,NULL
19821,8052,21508,NULL,NULL
19822,8053,21509,NULL,NULL
19823,8054,21510,NULL,NULL
19824,8055,21511,NULL,NULL
19825,8056,21512,NULL,NULL
19826,8057,21513,NULL,NULL
19827,8056,21514,NULL,NULL
19828,8056,21515,NULL,NULL
19829,8056,21516,NULL,NULL
19830,8056,21517,NULL,NULL
19831,8056,21518,NULL,NULL
19832,8058,21519,NULL,NULL
19833,8059,21520,NULL,NULL
19834,8060,21521,NULL,NULL
19835,8061,21522,NULL,NULL
19836,4669,21523,NULL,NULL
19837,4669,21524,NULL,NULL
19838,4669,21525,NULL,NULL
19839,4669,21526,NULL,NULL
19840,4669,21527,NULL,NULL
19841,4669,21528,NULL,NULL
19842,4669,21529,NULL,NULL
19843,4669,21530,NULL,NULL
19844,4669,21531,NULL,NULL
19845,4669,21532,NULL,NULL
19846,4669,21533,NULL,NULL
19847,8062,21534,NULL,NULL
19848,1146,21535,NULL,NULL
19849,8063,21536,NULL,NULL
19850,8064,21537,NULL,NULL
19851,8065,21538,NULL,NULL
19852,8066,21539,NULL,NULL
19853,8067,21540,NULL,NULL
19854,1950,21541,NULL,NULL
19855,2536,21542,NULL,NULL
19856,8068,21543,NULL,NULL
19857,8069,21544,NULL,NULL
19858,8070,21545,NULL,NULL
19859,8071,21546,NULL,NULL
19860,8072,21547,NULL,NULL
19861,8073,21548,NULL,NULL
19862,8074,21549,NULL,NULL
19863,8075,21550,NULL,NULL
19864,8076,21551,NULL,NULL
19865,8077,21552,NULL,NULL
19866,8078,21553,NULL,NULL
19867,8079,21554,NULL,NULL
19868,8080,21555,NULL,NULL
19869,8081,21556,NULL,NULL
19870,8081,21557,NULL,NULL
19871,8081,21558,NULL,NULL
19872,8082,21559,NULL,NULL
19873,8083,21560,NULL,NULL
19874,8084,21561,NULL,NULL
19875,8085,21562,NULL,NULL
19876,8086,21563,NULL,NULL
19890,2043,21577,NULL,NULL
19891,6976,21578,NULL,NULL
19892,6976,21579,NULL,NULL
19893,6976,21580,NULL,NULL
19894,6976,21581,NULL,NULL
19895,6976,21582,NULL,NULL
19896,6976,21583,NULL,NULL
19897,6976,21584,NULL,NULL
19898,6976,21585,NULL,NULL
19899,8088,21586,NULL,NULL
19900,8089,21587,NULL,NULL
19901,8089,21588,NULL,NULL
19902,8089,21589,NULL,NULL
19903,8089,21590,NULL,NULL
19904,8089,21591,NULL,NULL
19905,8089,21592,NULL,NULL
19906,8089,21593,NULL,NULL
19907,8089,21594,NULL,NULL
19908,8089,21595,NULL,NULL
19909,8089,21596,NULL,NULL
19910,8089,21597,NULL,NULL
19911,8089,21598,NULL,NULL
19912,8089,21599,NULL,NULL
19913,2536,21600,NULL,NULL
19914,2536,21601,NULL,NULL
19915,2536,21602,NULL,NULL
19916,2536,21603,NULL,NULL
19917,2536,21604,NULL,NULL
19918,2536,21605,NULL,NULL
19919,2536,21606,NULL,NULL
19920,2536,21607,NULL,NULL
19921,2536,21608,NULL,NULL
19922,2536,21609,NULL,NULL
19923,2536,21610,NULL,NULL
19925,531,21612,NULL,NULL
19926,4084,21613,NULL,NULL
19927,4084,21614,NULL,NULL
19928,4084,21615,NULL,NULL
19929,4084,21616,NULL,NULL
19930,8090,21617,NULL,NULL
19931,8091,21618,NULL,NULL
19932,8092,21619,NULL,NULL
19933,8093,21620,NULL,NULL
19934,1768,21621,NULL,NULL
19935,1768,21622,NULL,NULL
19936,1768,21623,NULL,NULL
19937,8094,21624,NULL,NULL
19938,1768,21625,NULL,NULL
19939,8095,21626,NULL,NULL
19940,8096,21627,NULL,NULL
19941,8097,21628,NULL,NULL
19942,8098,21629,NULL,NULL
19943,8100,21630,NULL,NULL
19944,8101,21631,NULL,NULL
19945,8102,21632,NULL,NULL
19947,8104,21634,NULL,NULL
19948,8105,21635,NULL,NULL
19949,2623,21636,NULL,NULL
19950,5759,21637,NULL,NULL
19951,5759,21638,NULL,NULL
19952,5759,21639,NULL,NULL
19954,8107,21641,NULL,NULL
19955,8108,21642,NULL,NULL
19956,8108,21643,NULL,NULL
19957,8109,21644,NULL,NULL
19958,8110,21645,NULL,NULL
19959,8111,21646,NULL,NULL
19960,8112,21647,NULL,NULL
19962,8114,21649,NULL,NULL
19963,8115,21650,NULL,NULL
19964,8116,21651,NULL,NULL
19965,8117,21652,NULL,NULL
19966,8117,21653,NULL,NULL
19967,8118,21654,NULL,NULL
19968,8119,21655,NULL,NULL
19969,8120,21656,NULL,NULL
19970,8121,21657,NULL,NULL
19972,8123,21659,NULL,NULL
19978,8124,21665,NULL,NULL
19979,8125,21666,NULL,NULL
19980,8126,21667,NULL,NULL
19981,8127,21668,NULL,NULL
19982,1543,21669,NULL,NULL
19983,1543,21670,NULL,NULL
19984,8128,21671,NULL,NULL
19985,8128,21672,NULL,NULL
19986,8128,21673,NULL,NULL
19987,8128,21674,NULL,NULL
19988,8128,21675,NULL,NULL
19989,8129,21676,NULL,NULL
19990,8130,21677,NULL,NULL
19991,8131,21678,NULL,NULL
19992,8132,21679,NULL,NULL
19993,8133,21680,NULL,NULL
19994,8134,21681,NULL,NULL
19995,8135,21682,NULL,NULL
19996,8136,21683,NULL,NULL
19997,8137,21684,NULL,NULL
19998,8138,21685,NULL,NULL
19999,8138,21686,NULL,NULL
20000,8138,21687,NULL,NULL
20001,8139,21688,NULL,NULL
20002,8140,21689,NULL,NULL
20003,517,21690,NULL,NULL
20004,517,21691,NULL,NULL
20005,517,21692,NULL,NULL
20006,517,21693,NULL,NULL
20007,517,21694,NULL,NULL
20008,517,21695,NULL,NULL
20009,517,21696,NULL,NULL
20010,517,21697,NULL,NULL
20011,560,21698,NULL,NULL
20012,560,21699,NULL,NULL
20013,560,21700,NULL,NULL
20014,560,21701,NULL,NULL
20015,560,21702,NULL,NULL
20016,560,21703,NULL,NULL
20017,560,21704,NULL,NULL
20018,560,21705,NULL,NULL
20019,560,21706,NULL,NULL
20020,560,21707,NULL,NULL
20021,8141,21708,NULL,NULL
20022,8141,21709,NULL,NULL
20023,8141,21710,NULL,NULL
20024,8141,21711,NULL,NULL
20025,8141,21712,NULL,NULL
20026,8141,21713,NULL,NULL
20028,8141,21715,NULL,NULL
20029,8141,21716,NULL,NULL
20030,8141,21717,NULL,NULL
20031,8141,21718,NULL,NULL
20032,8141,21719,NULL,NULL
20033,8141,21720,NULL,NULL
20034,8141,21721,NULL,NULL
20035,8142,21722,NULL,NULL
20036,8142,21723,NULL,NULL
20037,8142,21724,NULL,NULL
20038,8142,21725,NULL,NULL
20039,8142,21726,NULL,NULL
20040,8142,21727,NULL,NULL
20041,8142,21728,NULL,NULL
20042,8142,21729,NULL,NULL
20043,8142,21730,NULL,NULL
20044,8142,21731,NULL,NULL
20045,8142,21732,NULL,NULL
20046,8142,21733,NULL,NULL
20047,8142,21734,NULL,NULL
20048,8142,21735,NULL,NULL
20050,8143,21737,NULL,NULL
20051,8143,21738,NULL,NULL
20052,8143,21739,NULL,NULL
20053,8143,21740,NULL,NULL
20054,8143,21741,NULL,NULL
20055,8143,21742,NULL,NULL
20056,8143,21743,NULL,NULL
20057,8143,21744,NULL,NULL
20058,8143,21745,NULL,NULL
20059,8143,21746,NULL,NULL
20060,8143,21747,NULL,NULL
20061,8143,21748,NULL,NULL
20062,8143,21749,NULL,NULL
20063,8144,21750,NULL,NULL
20064,8144,21751,NULL,NULL
20065,8144,21752,NULL,NULL
20066,8144,21753,NULL,NULL
20067,8144,21754,NULL,NULL
20068,8144,21755,NULL,NULL
20069,8144,21756,NULL,NULL
20070,8144,21757,NULL,NULL
20071,8144,21758,NULL,NULL
20072,8144,21759,NULL,NULL
20073,8144,21760,NULL,NULL
20074,8144,21761,NULL,NULL
20075,8144,21762,NULL,NULL
20076,8144,21763,NULL,NULL
20077,3772,21764,NULL,NULL
20078,3772,21765,NULL,NULL
20079,3772,21766,NULL,NULL
20080,3772,21767,NULL,NULL
20082,3772,21769,NULL,NULL
20083,8145,21770,NULL,NULL
20084,8145,21771,NULL,NULL
20085,8145,21772,NULL,NULL
20086,8145,21773,NULL,NULL
20087,8145,21774,NULL,NULL
20088,8145,21775,NULL,NULL
20089,8145,21776,NULL,NULL
20090,8145,21777,NULL,NULL
20091,8145,21778,NULL,NULL
20092,8145,21779,NULL,NULL
20094,8145,21781,NULL,NULL
20095,8145,21782,NULL,NULL
20096,8145,21783,NULL,NULL
20097,8146,21784,NULL,NULL
20098,8147,21785,NULL,NULL
20099,8148,21786,NULL,NULL
20100,452,21787,NULL,2025-10-28 12:34:27.570
20101,452,21788,NULL,2025-10-30 10:01:28.710
20102,8149,21789,NULL,NULL
20103,452,21790,NULL,2025-10-30 10:01:48.790
20104,452,21791,NULL,2025-10-30 10:02:04.863
20105,452,21792,NULL,2025-10-28 12:18:50.490
20106,452,21793,NULL,2025-10-28 12:34:02.640
20107,8150,21794,NULL,NULL
20108,8151,21795,NULL,NULL
20109,8153,21796,NULL,NULL
20110,8155,21797,NULL,NULL
20112,8157,21799,NULL,NULL
20113,8158,21800,NULL,NULL
20114,8159,21801,NULL,NULL
20115,8160,21802,NULL,NULL
20116,8161,21803,NULL,NULL
20118,8163,21805,NULL,NULL
20119,8163,21806,NULL,NULL
20120,8164,21807,NULL,NULL
20121,8165,21808,NULL,NULL
20122,8166,21809,NULL,NULL
20123,8167,21810,NULL,NULL
20124,8168,21811,NULL,NULL
20125,8169,21812,NULL,NULL
20126,8170,21813,NULL,NULL
20127,8171,21814,NULL,2025-01-06 13:53:17.213
20135,8172,21822,NULL,NULL
20136,8173,21823,NULL,NULL
20137,8174,21824,NULL,NULL
20138,8175,21825,NULL,NULL
20139,8176,21826,NULL,NULL
20141,8177,21828,NULL,NULL
20142,8178,21829,NULL,NULL
20143,8179,21830,NULL,NULL
20145,8181,21832,NULL,NULL
20146,8182,21833,NULL,NULL
20148,8184,21835,NULL,NULL
20149,8185,21836,NULL,NULL
20151,8187,21838,NULL,NULL
20152,8188,21839,NULL,NULL
20155,8190,21842,NULL,NULL
20156,7314,21843,NULL,NULL
20157,7314,21844,NULL,NULL
20158,510,21845,NULL,NULL
20159,1496,21846,NULL,NULL
20160,8191,21847,NULL,NULL
20161,8192,21848,NULL,NULL
20162,8193,21849,NULL,NULL
20163,6295,21850,NULL,NULL
20164,5036,21851,NULL,NULL
20165,5036,21852,NULL,NULL
20166,5036,21853,NULL,NULL
20167,5036,21854,NULL,NULL
20168,5036,21855,NULL,NULL
20169,5036,21856,NULL,NULL
20170,8141,21857,NULL,NULL
20171,8194,21858,NULL,NULL
20172,8195,21859,NULL,NULL
20173,6406,21860,NULL,NULL
20174,8196,21861,NULL,NULL
20175,8197,21862,NULL,NULL
20176,8198,21863,NULL,NULL
20177,8198,21864,NULL,NULL
20178,8198,21865,NULL,NULL
20179,8198,21866,NULL,NULL
20180,8198,21867,NULL,NULL
20181,8199,21868,NULL,NULL
20182,8200,21869,NULL,NULL
20183,6392,21870,NULL,NULL
20185,8202,21872,NULL,NULL
20192,8203,21879,NULL,NULL
20193,8204,21880,NULL,NULL
20194,8205,21881,NULL,NULL
20195,8206,21882,NULL,NULL
20196,8207,21883,NULL,NULL
20197,8208,21884,NULL,NULL
20198,8209,21885,NULL,NULL
20199,8210,21886,NULL,NULL
20200,8212,21887,NULL,NULL
20204,8211,21891,NULL,NULL
20205,8213,21892,NULL,NULL
20206,8213,21893,NULL,NULL
20207,8214,21894,NULL,NULL
20208,8215,21895,NULL,NULL
20209,8217,21896,NULL,NULL
20210,8218,21897,NULL,NULL
20211,8219,21898,NULL,NULL
20212,8220,21899,NULL,NULL
20213,8221,21900,NULL,NULL
20214,8222,21901,NULL,NULL
20215,8223,21902,NULL,NULL
20216,8224,21903,NULL,NULL
20217,8224,21904,NULL,NULL
20218,8224,21905,NULL,NULL
20219,8224,21906,NULL,NULL
20220,8225,21907,NULL,NULL
20221,8227,21908,NULL,NULL
20224,6327,21911,NULL,NULL
20225,6327,21912,NULL,NULL
20226,8228,21913,NULL,NULL
20227,8229,21914,NULL,NULL
20228,8230,21915,NULL,NULL
20229,8231,21916,NULL,NULL
20230,6494,21917,NULL,NULL
20231,6494,21918,NULL,NULL
20232,8232,21919,NULL,NULL
20233,8233,21920,NULL,NULL
20234,8234,21921,NULL,NULL
20235,8235,21922,NULL,NULL
20236,8236,21923,NULL,NULL
20237,8236,21924,NULL,NULL
20238,8236,21925,NULL,NULL
20239,8237,21926,NULL,NULL
20240,8237,21927,NULL,NULL
20241,8238,21928,NULL,NULL
20242,564,21929,NULL,NULL
20243,564,21930,NULL,NULL
20244,484,21931,NULL,NULL
20245,484,21932,NULL,NULL
20246,7416,21933,NULL,NULL
20247,7416,21934,NULL,NULL
20248,8240,21935,NULL,NULL
20249,8239,21936,NULL,NULL
20250,8241,21937,NULL,NULL
20251,8242,21938,NULL,NULL
20252,8243,21939,NULL,NULL
20253,8244,21940,NULL,NULL
20254,8245,21941,NULL,NULL
20255,8246,21942,NULL,NULL
20256,8247,21943,NULL,NULL
20257,8248,21944,NULL,NULL
20258,8249,21945,NULL,NULL
20259,8250,21946,NULL,NULL
20260,8251,21947,NULL,NULL
20261,8252,21948,NULL,NULL
20262,8253,21949,NULL,NULL
20263,448,21950,NULL,2025-04-29 13:43:39.017
20272,4915,21959,NULL,NULL
20273,4915,21960,NULL,NULL
20274,498,21961,NULL,NULL
20275,5358,21962,NULL,NULL
20276,3888,21963,NULL,2025-04-17 15:32:46.290
20277,8254,21964,NULL,NULL
20278,8255,21965,NULL,NULL
20279,8256,21966,NULL,NULL
20280,8256,21967,NULL,NULL
20281,8256,21968,NULL,NULL
20282,8256,21969,NULL,NULL
20283,8256,21970,NULL,NULL
20284,8256,21971,NULL,NULL
20285,8256,21972,NULL,NULL
20286,8256,21973,NULL,NULL
20287,8256,21974,NULL,NULL
20288,8256,21975,NULL,NULL
20289,8256,21976,NULL,NULL
20290,8256,21977,NULL,NULL
20291,8256,21978,NULL,NULL
20292,8256,21979,NULL,NULL
20293,8256,21980,NULL,NULL
20294,8256,21981,NULL,NULL
20295,8256,21982,NULL,NULL
20296,8256,21983,NULL,NULL
20297,8256,21984,NULL,NULL
20298,8256,21985,NULL,NULL
20299,8256,21986,NULL,NULL
20300,8256,21987,NULL,NULL
20301,8257,21988,NULL,NULL
20302,6626,21989,NULL,NULL
20303,6626,21990,NULL,NULL
20304,8258,21991,NULL,NULL
20305,8259,21992,NULL,NULL
20306,8259,21993,NULL,NULL
20307,8259,21994,NULL,NULL
20308,8259,21995,NULL,NULL
20309,8259,21996,NULL,NULL
20310,8259,21997,NULL,NULL
20311,8259,21998,NULL,NULL
20312,8259,21999,NULL,NULL
20313,8259,22000,NULL,NULL
20314,8260,22001,NULL,NULL
20315,8260,22002,NULL,NULL
20316,8260,22003,NULL,NULL
20317,8261,22004,NULL,NULL
20318,8262,22005,NULL,NULL
20319,8263,22006,NULL,NULL
20320,8264,22007,NULL,NULL
20321,8265,22008,NULL,NULL
20322,8266,22009,NULL,NULL
20323,8267,22010,NULL,NULL
20324,8267,22011,NULL,NULL
20325,8268,22012,NULL,NULL
20326,8269,22013,NULL,NULL
20327,8270,22014,NULL,NULL
20328,8271,22015,NULL,NULL
20329,8272,22016,NULL,NULL
20330,8272,22017,NULL,NULL
20331,6152,22018,NULL,NULL
20332,8274,22019,NULL,NULL
20333,8275,22020,NULL,NULL
20334,8276,22021,NULL,NULL
20335,8277,22022,NULL,NULL
20336,6879,22023,NULL,NULL
20337,8279,22024,NULL,NULL
20338,8280,22025,NULL,NULL
20339,8280,22026,NULL,NULL
20340,8280,22027,NULL,NULL
20341,8282,22028,NULL,NULL
20354,8283,22041,NULL,NULL
20355,8284,22042,NULL,NULL
20356,8284,22043,NULL,NULL
20357,10984,22044,NULL,NULL
20358,10984,22045,NULL,NULL
20359,10984,22046,NULL,NULL
20360,10984,22047,NULL,NULL
20361,10984,22048,NULL,NULL
20362,10984,22049,NULL,NULL
20363,10984,22050,NULL,NULL
20364,10984,22051,NULL,NULL
20365,8286,22052,NULL,NULL
20366,8287,22053,NULL,NULL
20367,8288,22054,NULL,NULL
20369,8289,22056,NULL,NULL
20370,8289,22057,NULL,NULL
20371,8289,22058,NULL,NULL
20372,536,22059,NULL,NULL
20373,8290,22060,NULL,NULL
20374,536,22061,NULL,NULL
20375,8291,22062,NULL,NULL
20376,8292,22063,NULL,NULL
20377,8292,22064,NULL,NULL
20378,8292,22065,NULL,NULL
20380,8294,22067,NULL,NULL
20381,8292,22068,NULL,NULL
20382,8292,22069,NULL,NULL
20384,8292,22071,NULL,NULL
20387,8292,22074,NULL,NULL
20388,536,22075,NULL,NULL
20389,8292,22076,NULL,NULL
20390,8292,22077,NULL,NULL
20391,8292,22078,NULL,NULL
20392,8292,22079,NULL,NULL
20393,8292,22080,NULL,NULL
20394,8292,22081,NULL,NULL
20395,8295,22082,NULL,NULL
20396,8296,22083,NULL,NULL
20397,8297,22084,NULL,NULL
20398,8298,22085,NULL,NULL
20399,8299,22086,NULL,NULL
20400,8300,22087,NULL,NULL
20401,8301,22088,NULL,NULL
20402,8302,22089,NULL,NULL
20403,8303,22090,NULL,NULL
20404,8304,22091,NULL,NULL
20405,8305,22092,NULL,NULL
20406,8306,22093,NULL,NULL
20407,8307,22094,NULL,NULL
20408,8308,22095,NULL,NULL
20409,1379,22096,NULL,NULL
20410,8310,22097,NULL,NULL
20411,1146,22098,NULL,NULL
20412,8311,22099,NULL,NULL
20413,8312,22100,NULL,NULL
20414,8313,22101,NULL,NULL
20415,4488,22102,NULL,NULL
20416,4488,22103,NULL,NULL
20417,8314,22104,NULL,NULL
20418,8315,22105,NULL,NULL
20419,536,22106,NULL,NULL
20420,536,22107,NULL,NULL
20421,8316,22108,NULL,NULL
20422,8317,22109,NULL,NULL
20423,8318,22110,NULL,NULL
20424,8319,22111,NULL,NULL
20425,8320,22112,NULL,NULL
20426,8321,22113,NULL,NULL
20427,536,22114,NULL,NULL
20428,8322,22115,NULL,NULL
20429,536,22116,NULL,NULL
20430,8323,22117,NULL,NULL
20431,8324,22118,NULL,NULL
20432,8325,22119,NULL,NULL
20433,8326,22120,NULL,NULL
20434,8327,22121,NULL,NULL
20435,8328,22122,NULL,NULL
20436,8328,22123,NULL,NULL
20437,8328,22124,NULL,NULL
20438,8328,22125,NULL,NULL
20439,8328,22126,NULL,NULL
20440,8328,22127,NULL,NULL
20441,8328,22128,NULL,NULL
20442,8328,22129,NULL,NULL
20443,8328,22130,NULL,NULL
20444,8328,22131,NULL,NULL
20445,8328,22132,NULL,NULL
20446,8329,22133,NULL,NULL
20447,8329,22134,NULL,NULL
20448,8329,22135,NULL,NULL
20449,8329,22136,NULL,NULL
20450,8329,22137,NULL,NULL
20451,8329,22138,NULL,NULL
20452,8329,22139,NULL,NULL
20453,8329,22140,NULL,NULL
20454,8329,22141,NULL,NULL
20455,8329,22142,NULL,NULL
20456,8329,22143,NULL,NULL
20457,8330,22144,NULL,NULL
20458,8330,22145,NULL,NULL
20459,8330,22146,NULL,NULL
20460,8330,22147,NULL,NULL
20461,8330,22148,NULL,NULL
20462,8330,22149,NULL,NULL
20463,8330,22150,NULL,NULL
20464,8330,22151,NULL,NULL
20465,8330,22152,NULL,NULL
20466,8330,22153,NULL,NULL
20467,8330,22154,NULL,NULL
20469,8332,22156,NULL,NULL
20470,8333,22157,NULL,NULL
20471,8334,22158,NULL,NULL
20472,8335,22159,NULL,NULL
20473,8336,22160,NULL,NULL
20474,8337,22161,NULL,NULL
20475,8338,22162,NULL,NULL
20476,8339,22163,NULL,NULL
20477,8340,22164,NULL,NULL
20478,8341,22165,NULL,NULL
20479,8342,22166,NULL,NULL
20480,8344,22167,NULL,NULL
20481,536,22168,NULL,NULL
20482,8345,22169,NULL,NULL
20483,8346,22170,NULL,NULL
20484,8347,22171,NULL,NULL
20485,8348,22172,NULL,NULL
20486,8349,22173,NULL,NULL
20487,8350,22174,NULL,NULL
20488,8350,22175,NULL,NULL
20489,8350,22176,NULL,NULL
20490,8351,22177,NULL,NULL
20491,8350,22178,NULL,NULL
20492,8350,22179,NULL,NULL
20493,8350,22180,NULL,NULL
20494,8350,22181,NULL,NULL
20495,8350,22182,NULL,NULL
20496,8350,22183,NULL,NULL
20497,8350,22184,NULL,NULL
20498,8350,22185,NULL,NULL
20499,8350,22186,NULL,NULL
20500,8350,22187,NULL,NULL
20501,8350,22188,NULL,NULL
20502,8350,22189,NULL,NULL
20503,8350,22190,NULL,NULL
20504,8350,22191,NULL,NULL
20505,8350,22192,NULL,NULL
20506,8350,22193,NULL,NULL
20507,8352,22194,NULL,NULL
20508,8353,22195,NULL,NULL
20509,3709,22196,NULL,NULL
20510,8354,22197,NULL,NULL
20511,8355,22198,NULL,NULL
20512,8356,22199,NULL,NULL
20513,8357,22200,NULL,NULL
20514,8358,22201,NULL,NULL
20515,8359,22202,NULL,NULL
20516,8360,22203,NULL,NULL
20517,8362,22204,NULL,NULL
20518,8363,22205,NULL,NULL
20519,8361,22206,NULL,NULL
20521,8365,22208,NULL,NULL
20522,8366,22209,NULL,NULL
20523,5820,22210,NULL,NULL
20524,5820,22211,NULL,NULL
20525,5820,22212,NULL,NULL
20526,5820,22213,NULL,NULL
20527,5820,22214,NULL,NULL
20528,5820,22215,NULL,NULL
20529,5820,22216,NULL,NULL
20530,5820,22217,NULL,NULL
20531,5820,22218,NULL,NULL
20532,5820,22219,NULL,NULL
20533,5820,22220,NULL,NULL
20534,5820,22221,NULL,NULL
20535,5820,22222,NULL,NULL
20536,5820,22223,NULL,NULL
20537,5820,22224,NULL,NULL
20538,5820,22225,NULL,NULL
20539,5820,22226,NULL,NULL
20540,5820,22227,NULL,NULL
20541,5820,22228,NULL,NULL
20542,5820,22229,NULL,NULL
20543,7417,22230,NULL,NULL
20544,7417,22231,NULL,NULL
20545,7417,22232,NULL,NULL
20546,7417,22233,NULL,NULL
20547,7417,22234,NULL,NULL
20548,7417,22235,NULL,NULL
20550,8368,22237,NULL,NULL
20551,8369,22238,NULL,NULL
20552,8370,22239,NULL,NULL
20553,8371,22240,NULL,NULL
20554,8372,22241,NULL,NULL
20555,8373,22242,NULL,NULL
20556,8374,22243,NULL,NULL
20557,8375,22244,NULL,NULL
20558,8375,22245,NULL,NULL
20559,4125,22246,NULL,NULL
20561,510,22248,NULL,NULL
20562,498,22249,NULL,NULL
20563,8377,22250,NULL,NULL
20564,8377,22251,NULL,NULL
20565,8377,22252,NULL,NULL
20566,8377,22253,NULL,NULL
20568,8379,22255,NULL,NULL
20569,8381,22256,NULL,NULL
20570,8380,22257,NULL,NULL
20571,8382,22258,NULL,NULL
20572,8383,22259,NULL,NULL
20573,8384,22260,NULL,NULL
20574,8385,22261,NULL,NULL
20576,8387,22263,NULL,NULL
20577,8388,22264,NULL,NULL
20578,8389,22265,NULL,NULL
20579,8390,22266,NULL,NULL
20580,8392,22267,NULL,NULL
20581,8392,22268,NULL,NULL
20582,8392,22269,NULL,NULL
20583,8391,22270,NULL,NULL
20584,8392,22271,NULL,NULL
20585,8392,22272,NULL,NULL
20586,8391,22273,NULL,NULL
20587,8391,22274,NULL,NULL
20588,8391,22275,NULL,NULL
20589,8391,22276,NULL,NULL
20590,8393,22277,NULL,NULL
20591,8394,22278,NULL,NULL
20592,8395,22279,NULL,NULL
20593,8396,22280,NULL,NULL
20594,8397,22281,NULL,NULL
20595,8398,22282,NULL,NULL
20596,8399,22283,NULL,NULL
20597,8400,22284,NULL,NULL
20598,8401,22285,NULL,NULL
20599,8402,22286,NULL,NULL
20600,8403,22287,NULL,NULL
20601,8404,22288,NULL,NULL
20602,8405,22289,NULL,NULL
20603,8406,22290,NULL,NULL
20604,8407,22291,NULL,NULL
20605,8408,22292,NULL,NULL
20606,8409,22293,NULL,NULL
20607,8410,22294,NULL,NULL
20608,8411,22295,NULL,NULL
20609,8412,22296,NULL,NULL
20610,8413,22297,NULL,NULL
20611,6406,22298,NULL,NULL
20612,8414,22299,NULL,NULL
20613,8414,22300,NULL,NULL
20614,8414,22301,NULL,NULL
20617,2080,22304,NULL,NULL
20621,8416,22308,NULL,NULL
20622,8416,22309,NULL,NULL
20623,8416,22310,NULL,NULL
20624,8416,22311,NULL,NULL
20625,2080,22312,NULL,NULL
20626,2080,22313,NULL,NULL
20627,2080,22314,NULL,NULL
20628,2080,22315,NULL,NULL
20629,2080,22316,NULL,NULL
20630,2080,22317,NULL,NULL
20631,2080,22318,NULL,NULL
20632,2080,22319,NULL,NULL
20633,2080,22320,NULL,NULL
20634,2080,22321,NULL,NULL
20635,2080,22322,NULL,NULL
20636,2080,22323,NULL,NULL
20637,2080,22324,NULL,NULL
20638,2080,22325,NULL,NULL
20639,2080,22326,NULL,NULL
20640,2080,22327,NULL,NULL
20641,2080,22328,NULL,NULL
20642,2080,22329,NULL,NULL
20643,2080,22330,NULL,NULL
20644,2080,22331,NULL,NULL
20645,2080,22332,NULL,NULL
20646,2080,22333,NULL,NULL
20647,8417,22334,NULL,NULL
20649,8419,22336,NULL,NULL
20650,8419,22337,NULL,NULL
20651,8419,22338,NULL,NULL
20652,8419,22339,NULL,NULL
20653,8419,22340,NULL,NULL
20654,8420,22341,NULL,NULL
20655,8421,22342,NULL,NULL
20657,8423,22344,NULL,NULL
20658,8424,22345,NULL,NULL
20659,8425,22346,NULL,NULL
20660,8426,22347,NULL,NULL
20661,7868,22348,NULL,NULL
20662,8427,22349,NULL,NULL
20663,8428,22350,NULL,NULL
20664,8429,22351,NULL,NULL
20665,5065,22352,NULL,NULL
20666,5065,22353,NULL,NULL
20667,5065,22354,NULL,NULL
20668,5065,22355,NULL,NULL
20669,5065,22356,NULL,NULL
20670,8430,22357,NULL,NULL
20671,8431,22358,NULL,NULL
20672,8431,22359,NULL,NULL
20673,8431,22360,NULL,NULL
20674,8432,22361,NULL,NULL
20675,8433,22362,NULL,NULL
20676,8434,22363,NULL,NULL
20677,8435,22364,NULL,NULL
20678,8436,22365,NULL,NULL
20679,8437,22366,NULL,NULL
20680,2148,22367,NULL,NULL
20681,8438,22368,NULL,NULL
20682,8439,22369,NULL,NULL
20683,8440,22370,NULL,NULL
20684,8441,22371,NULL,NULL
20685,8442,22372,NULL,NULL
20686,8443,22373,NULL,NULL
20687,8443,22374,NULL,NULL
20688,8443,22375,NULL,NULL
20689,8444,22376,NULL,NULL
20690,8445,22377,NULL,NULL
20692,6954,22379,NULL,NULL
20693,8447,22380,NULL,NULL
20694,8448,22381,NULL,NULL
20695,8449,22382,NULL,NULL
20696,8450,22383,NULL,NULL
20697,8451,22384,NULL,NULL
20698,8452,22385,NULL,NULL
20699,8453,22386,NULL,NULL
20700,8454,22387,NULL,NULL
20701,8455,22388,NULL,NULL
20702,8456,22389,NULL,NULL
20703,8457,22390,NULL,NULL
20704,8458,22391,NULL,NULL
20705,8459,22392,NULL,NULL
20706,8460,22393,NULL,NULL
20707,8461,22394,NULL,NULL
20708,8462,22395,NULL,NULL
20709,8463,22396,NULL,NULL
20710,8464,22397,NULL,NULL
20711,8465,22398,NULL,NULL
20712,8466,22399,NULL,NULL
20713,8467,22400,NULL,NULL
20714,8468,22401,NULL,NULL
20715,8469,22402,NULL,NULL
20716,8470,22403,NULL,NULL
20717,8471,22404,NULL,NULL
20718,8472,22405,NULL,NULL
20719,8473,22406,NULL,NULL
20720,8474,22407,NULL,NULL
20721,8475,22408,NULL,NULL
20722,8476,22409,NULL,NULL
20723,8477,22410,NULL,NULL
20724,8478,22411,NULL,NULL
20725,8479,22412,NULL,NULL
20726,8480,22413,NULL,NULL
20727,8481,22414,NULL,NULL
20728,8482,22415,NULL,NULL
20729,8483,22416,NULL,NULL
20730,8484,22417,NULL,NULL
20731,8485,22418,NULL,2025-04-07 12:17:08.200
20732,8486,22419,NULL,NULL
20733,8487,22420,NULL,NULL
20734,8488,22421,NULL,NULL
20735,8489,22422,NULL,NULL
20736,8490,22423,NULL,NULL
20737,8491,22424,NULL,NULL
20738,8493,22425,NULL,NULL
20739,528,22426,NULL,NULL
20740,8494,22427,NULL,NULL
20742,8495,22429,NULL,NULL
20743,8496,22430,NULL,NULL
20744,8497,22431,NULL,NULL
20747,442,22434,NULL,NULL
20748,8498,22435,NULL,NULL
20749,8498,22436,NULL,NULL
20750,8498,22437,NULL,NULL
20751,8498,22438,NULL,NULL
20752,8498,22439,NULL,NULL
20753,8498,22440,NULL,NULL
20754,8499,22441,NULL,NULL
20755,8500,22442,NULL,NULL
20756,8501,22443,NULL,NULL
20757,4162,22444,NULL,NULL
20758,8502,22445,NULL,NULL
20759,8503,22446,NULL,NULL
20760,8504,22447,NULL,NULL
20761,8505,22448,NULL,NULL
20762,8507,22449,NULL,NULL
20763,8506,22450,NULL,NULL
20764,8508,22451,NULL,NULL
20765,8509,22452,NULL,NULL
20766,8510,22453,NULL,NULL
20767,8512,22454,NULL,NULL
20768,8513,22455,NULL,NULL
20769,8514,22456,NULL,NULL
20770,8515,22457,NULL,NULL
20771,8516,22458,NULL,NULL
20772,8516,22459,NULL,NULL
20773,8516,22460,NULL,NULL
20774,8516,22461,NULL,NULL
20775,8517,22462,NULL,NULL
20776,8518,22463,NULL,NULL
20777,8519,22464,NULL,NULL
20778,8520,22465,NULL,NULL
20779,8522,22466,NULL,NULL
20780,8523,22467,NULL,NULL
20781,8524,22468,NULL,NULL
20782,8526,22469,NULL,NULL
20783,8528,22470,NULL,NULL
20784,8529,22471,NULL,NULL
20785,4847,22472,NULL,NULL
20786,8530,22473,NULL,NULL
20787,4847,22474,NULL,NULL
20788,4847,22475,NULL,NULL
20789,4847,22476,NULL,NULL
20790,4847,22477,NULL,NULL
20791,4847,22478,NULL,NULL
20792,4847,22479,NULL,NULL
20793,4847,22480,NULL,NULL
20794,4847,22481,NULL,NULL
20795,4847,22482,NULL,NULL
20796,4847,22483,NULL,NULL
20797,4847,22484,NULL,NULL
20798,4847,22485,NULL,NULL
20799,4847,22486,NULL,NULL
20800,4847,22487,NULL,NULL
20801,4847,22488,NULL,NULL
20802,4847,22489,NULL,NULL
20803,4847,22490,NULL,NULL
20804,8531,22491,NULL,NULL
20805,4847,22492,NULL,NULL
20806,8532,22493,NULL,NULL
20807,8533,22494,NULL,NULL
20808,8534,22495,NULL,NULL
20809,8535,22496,NULL,NULL
20810,8536,22497,NULL,NULL
20811,8537,22498,NULL,NULL
20812,8538,22499,NULL,NULL
20813,8539,22500,NULL,NULL
20814,8540,22501,NULL,NULL
20815,8541,22502,NULL,NULL
20816,8542,22503,NULL,NULL
20817,8543,22504,NULL,NULL
20818,8544,22505,NULL,NULL
20819,8545,22506,NULL,NULL
20820,8546,22507,NULL,NULL
20821,8547,22508,NULL,NULL
20822,8548,22509,NULL,NULL
20823,8549,22510,NULL,2025-02-07 09:14:10.220
20824,467,22511,NULL,NULL
20825,467,22512,NULL,NULL
20826,542,22513,NULL,NULL
20827,542,22514,NULL,NULL
20828,8550,22515,NULL,NULL
20829,8551,22516,NULL,NULL
20830,8553,22517,NULL,NULL
20831,8553,22518,NULL,NULL
20832,8553,22519,NULL,NULL
20833,8553,22520,NULL,NULL
20834,8554,22521,NULL,NULL
20835,8555,22522,NULL,NULL
20836,8556,22523,NULL,NULL
20837,8557,22524,NULL,NULL
20838,8558,22525,NULL,NULL
20839,8559,22526,NULL,NULL
20840,8561,22527,NULL,NULL
20841,8498,22528,NULL,NULL
20842,8498,22529,NULL,NULL
20843,8498,22530,NULL,NULL
20845,8498,22532,NULL,NULL
20846,8562,22533,NULL,NULL
20847,8563,22534,NULL,NULL
20848,8564,22535,NULL,NULL
20849,8565,22536,NULL,NULL
20852,8568,22539,NULL,NULL
20853,8569,22540,NULL,NULL
20854,8570,22541,NULL,NULL
20855,8571,22542,NULL,NULL
20856,8571,22543,NULL,NULL
20857,8572,22544,NULL,NULL
20858,8573,22545,NULL,NULL
20859,8574,22546,NULL,NULL
20860,8575,22547,NULL,NULL
20861,8576,22548,NULL,NULL
20862,8577,22549,NULL,NULL
20863,3330,22550,NULL,NULL
20864,8578,22551,NULL,NULL
20865,8579,22552,NULL,NULL
20866,8580,22553,NULL,NULL
20867,8581,22554,NULL,NULL
20868,8582,22555,NULL,NULL
20869,8583,22556,NULL,NULL
20870,8584,22557,NULL,NULL
20871,8585,22558,NULL,NULL
20872,8586,22559,NULL,NULL
20873,4737,22560,NULL,NULL
20874,4737,22561,NULL,NULL
20875,4737,22562,NULL,NULL
20876,4737,22563,NULL,NULL
20877,4737,22564,NULL,NULL
20878,4737,22565,NULL,NULL
20879,4737,22566,NULL,NULL
20880,4737,22567,NULL,NULL
20881,4737,22568,NULL,NULL
20882,4737,22569,NULL,NULL
20883,4737,22570,NULL,NULL
20884,4737,22571,NULL,NULL
20885,4737,22572,NULL,NULL
20886,8587,22573,NULL,NULL
20887,3956,22574,NULL,NULL
20888,3956,22575,NULL,NULL
20889,3956,22576,NULL,NULL
20890,3956,22577,NULL,NULL
20891,8588,22578,NULL,NULL
20892,8589,22579,NULL,NULL
20893,8590,22580,NULL,NULL
20894,8591,22581,NULL,NULL
20895,8592,22582,NULL,NULL
20896,8593,22583,NULL,NULL
20897,8594,22584,NULL,NULL
20898,5820,22585,NULL,NULL
20899,5820,22586,NULL,NULL
20900,5820,22587,NULL,NULL
20901,5820,22588,NULL,NULL
20902,5820,22589,NULL,NULL
20903,5820,22590,NULL,NULL
20904,5820,22591,NULL,NULL
20905,5820,22592,NULL,NULL
20906,5820,22593,NULL,NULL
20907,5820,22594,NULL,NULL
20908,5820,22595,NULL,NULL
20909,5820,22596,NULL,NULL
20910,5820,22597,NULL,NULL
20911,8595,22598,NULL,NULL
20912,8596,22599,NULL,NULL
20913,8597,22600,NULL,NULL
20914,8598,22601,NULL,NULL
20916,8600,22603,NULL,NULL
20917,8601,22604,NULL,NULL
20919,8603,22606,NULL,NULL
20920,8604,22607,NULL,NULL
20921,8605,22608,NULL,NULL
20922,8605,22609,NULL,NULL
20923,8606,22610,NULL,NULL
20924,8607,22611,NULL,NULL
20925,5820,22612,NULL,NULL
20926,8608,22613,NULL,NULL
20927,8609,22614,NULL,NULL
20928,5820,22615,NULL,NULL
20929,8610,22616,NULL,NULL
20930,8611,22617,NULL,NULL
20931,8612,22618,NULL,NULL
20932,8613,22619,NULL,NULL
20933,5820,22620,NULL,NULL
20934,8614,22621,NULL,NULL
20935,8615,22622,NULL,NULL
20936,8616,22623,NULL,NULL
20937,8617,22624,NULL,NULL
20938,8618,22625,NULL,NULL
20939,8619,22626,NULL,NULL
20940,8620,22627,NULL,NULL
20941,8621,22628,NULL,NULL
20942,8622,22629,NULL,NULL
20943,8623,22630,NULL,NULL
20944,8624,22631,NULL,NULL
20945,8625,22632,NULL,NULL
20946,8626,22633,NULL,NULL
20947,8627,22634,NULL,NULL
20948,8627,22635,NULL,NULL
20949,8627,22636,NULL,NULL
20950,8627,22637,NULL,NULL
20951,8627,22638,NULL,NULL
20952,8627,22639,NULL,NULL
20953,8627,22640,NULL,NULL
20954,8627,22641,NULL,NULL
20955,8627,22642,NULL,NULL
20956,8628,22643,NULL,NULL
20957,8282,22644,NULL,NULL
20958,8282,22645,NULL,NULL
20959,8282,22646,NULL,NULL
20960,8282,22647,NULL,NULL
20961,8629,22648,NULL,NULL
20962,8630,22649,NULL,NULL
20963,8631,22650,NULL,NULL
20964,8631,22651,NULL,NULL
20965,8631,22652,NULL,NULL
20966,8631,22653,NULL,NULL
20967,8631,22654,NULL,NULL
20968,8631,22655,NULL,NULL
20969,8631,22656,NULL,NULL
20970,8632,22657,NULL,NULL
20971,8633,22658,NULL,NULL
20972,8634,22659,NULL,NULL
20973,8634,22660,NULL,NULL
20974,8634,22661,NULL,NULL
20975,8634,22662,NULL,NULL
20976,8634,22663,NULL,NULL
20977,8634,22664,NULL,NULL
20978,8634,22665,NULL,NULL
20979,8635,22666,NULL,NULL
20980,8636,22667,NULL,NULL
20981,8637,22668,NULL,NULL
20982,8638,22669,NULL,NULL
20983,8640,22670,NULL,NULL
20984,1580,22671,NULL,NULL
20985,8641,22672,NULL,NULL
20986,5820,22673,NULL,NULL
20987,5820,22674,NULL,NULL
20988,5820,22675,NULL,NULL
20989,5820,22676,NULL,NULL
20990,5820,22677,NULL,NULL
20991,5820,22678,NULL,NULL
20992,8642,22679,NULL,NULL
20993,8643,22680,NULL,NULL
20994,8644,22681,NULL,NULL
20995,6975,22682,NULL,2023-09-28 11:59:51.503
20996,6975,22683,NULL,2023-09-28 12:00:16.187
21009,8645,22696,NULL,NULL
21010,8646,22697,NULL,NULL
21011,8647,22698,NULL,NULL
21012,8648,22699,NULL,NULL
21013,8649,22700,NULL,NULL
21014,8650,22701,NULL,NULL
21015,8651,22702,NULL,NULL
21016,8652,22703,NULL,NULL
21017,8653,22704,NULL,NULL
21018,8654,22705,NULL,NULL
21019,8655,22706,NULL,NULL
21020,8656,22707,NULL,NULL
21021,8657,22708,NULL,NULL
21022,8658,22709,NULL,NULL
21023,8659,22710,NULL,NULL
21024,8660,22711,NULL,NULL
21025,8661,22712,NULL,NULL
21026,8662,22713,NULL,NULL
21027,8663,22714,NULL,NULL
21028,8664,22715,NULL,NULL
21029,8665,22716,NULL,NULL
21030,1043,22717,NULL,NULL
21031,8666,22718,NULL,NULL
21032,8667,22719,NULL,NULL
21033,8668,22720,NULL,NULL
21034,8669,22721,NULL,NULL
21035,8670,22722,NULL,NULL
21036,3492,22723,NULL,NULL
21037,8671,22724,NULL,NULL
21038,8672,22725,NULL,NULL
21039,4242,22726,NULL,NULL
21040,4242,22727,NULL,NULL
21041,8673,22728,NULL,NULL
21042,8674,22729,NULL,NULL
21043,3992,22730,NULL,NULL
21044,3992,22731,NULL,NULL
21045,3992,22732,NULL,NULL
21046,3992,22733,NULL,NULL
21047,8675,22734,NULL,NULL
21048,8676,22735,NULL,NULL
21049,8677,22736,NULL,NULL
21050,8678,22737,NULL,NULL
21051,8679,22738,NULL,NULL
21052,8680,22739,NULL,NULL
21053,8681,22740,NULL,NULL
21054,8682,22741,NULL,NULL
21055,8683,22742,NULL,NULL
21056,8684,22743,NULL,NULL
21057,8686,22744,NULL,NULL
21058,8687,22745,NULL,NULL
21059,8688,22746,NULL,NULL
21060,8689,22747,NULL,NULL
21061,8690,22748,NULL,NULL
21062,8691,22749,NULL,NULL
21063,8692,22750,NULL,NULL
21064,8693,22751,NULL,NULL
21065,8694,22752,NULL,NULL
21066,8695,22753,NULL,NULL
21067,8696,22754,NULL,NULL
21068,8697,22755,NULL,NULL
21069,8698,22756,NULL,NULL
21070,8699,22757,NULL,NULL
21071,8700,22758,NULL,NULL
21072,8701,22759,NULL,NULL
21073,8702,22760,NULL,NULL
21074,8703,22761,NULL,NULL
21075,5820,22762,NULL,NULL
21076,5820,22763,NULL,NULL
21077,5820,22764,NULL,NULL
21078,5820,22765,NULL,NULL
21079,566,22766,NULL,NULL
21080,8704,22767,NULL,NULL
21081,8705,22768,NULL,NULL
21082,5493,22769,NULL,NULL
21083,8706,22770,NULL,NULL
21084,8707,22771,NULL,NULL
21085,8708,22772,NULL,NULL
21086,8709,22773,NULL,NULL
21087,8710,22774,NULL,NULL
21088,8711,22775,NULL,NULL
21089,8712,22776,NULL,NULL
21090,8713,22777,NULL,NULL
21091,8714,22778,NULL,NULL
21092,8715,22779,NULL,NULL
21093,8716,22780,NULL,NULL
21094,8717,22781,NULL,NULL
21095,8718,22782,NULL,NULL
21096,8719,22783,NULL,NULL
21097,8720,22784,NULL,NULL
21098,8721,22785,NULL,NULL
21099,8722,22786,NULL,NULL
21100,2591,22787,NULL,NULL
21101,8723,22788,NULL,NULL
21102,8724,22789,NULL,NULL
21103,8725,22790,NULL,NULL
21104,478,22791,NULL,NULL
21105,8726,22792,NULL,NULL
21106,8726,22793,NULL,NULL
21107,8726,22794,NULL,NULL
21108,8727,22795,NULL,NULL
21109,1768,22796,NULL,NULL
21110,531,22797,NULL,NULL
21111,528,22798,NULL,NULL
21112,528,22799,NULL,NULL
21113,528,22800,NULL,NULL
21114,8728,22801,NULL,NULL
21115,8728,22802,NULL,NULL
21116,8728,22803,NULL,NULL
21117,8728,22804,NULL,NULL
21118,8728,22805,NULL,NULL
21119,8728,22806,NULL,NULL
21120,8728,22807,NULL,NULL
21121,8728,22808,NULL,NULL
21122,8728,22809,NULL,NULL
21123,8728,22810,NULL,NULL
21124,8728,22811,NULL,NULL
21125,8728,22812,NULL,NULL
21126,8728,22813,NULL,NULL
21127,8728,22814,NULL,NULL
21128,8728,22815,NULL,NULL
21129,8728,22816,NULL,NULL
21130,8728,22817,NULL,NULL
21131,8728,22818,NULL,NULL
21132,8728,22819,NULL,NULL
21133,8728,22820,NULL,NULL
21134,8729,22821,NULL,NULL
21135,8730,22822,NULL,NULL
21136,8731,22823,NULL,NULL
21137,8732,22824,NULL,NULL
21138,4820,22825,NULL,NULL
21139,8733,22826,NULL,NULL
21140,8734,22827,NULL,NULL
21141,8735,22828,NULL,NULL
21142,8736,22829,NULL,NULL
21143,8737,22830,NULL,NULL
21144,8738,22831,NULL,NULL
21145,8739,22832,NULL,NULL
21146,8740,22833,NULL,NULL
21147,8741,22834,NULL,NULL
21148,8742,22835,NULL,NULL
21149,8743,22836,NULL,NULL
21150,8744,22837,NULL,NULL
21151,8745,22838,NULL,NULL
21152,8746,22839,NULL,NULL
21153,8747,22840,NULL,NULL
21154,8748,22841,NULL,NULL
21155,8749,22842,NULL,NULL
21156,8750,22843,NULL,NULL
21157,8751,22844,NULL,NULL
21158,8752,22845,NULL,NULL
21159,8753,22846,NULL,NULL
21160,8754,22847,NULL,NULL
21161,8755,22848,NULL,NULL
21162,8756,22849,NULL,NULL
21163,8757,22850,NULL,NULL
21164,8758,22851,NULL,NULL
21165,8759,22852,NULL,NULL
21166,8760,22853,NULL,NULL
21167,8761,22854,NULL,NULL
21168,8762,22855,NULL,NULL
21170,8763,22857,NULL,NULL
21171,8764,22858,NULL,NULL
21172,8765,22859,NULL,NULL
21173,8766,22860,NULL,NULL
21174,8767,22861,NULL,NULL
21175,8768,22862,NULL,NULL
21176,8769,22863,NULL,NULL
21177,8770,22864,NULL,NULL
21178,8771,22865,NULL,NULL
21179,8772,22866,NULL,NULL
21180,8773,22867,NULL,NULL
21182,8774,22869,NULL,NULL
21183,8775,22870,NULL,NULL
21184,8776,22871,NULL,NULL
21185,8777,22872,NULL,NULL
21186,8778,22873,NULL,NULL
21188,8780,22875,NULL,NULL
21189,8781,22876,NULL,NULL
21190,8782,22877,NULL,NULL
21191,8783,22878,NULL,NULL
21193,8785,22880,NULL,NULL
21194,8786,22881,NULL,NULL
21195,8787,22882,NULL,NULL
21196,8788,22883,NULL,NULL
21197,8789,22884,NULL,NULL
21198,8790,22885,NULL,NULL
21199,8791,22886,NULL,NULL
21200,8792,22887,NULL,NULL
21201,8793,22888,NULL,NULL
21202,8794,22889,NULL,NULL
21203,8795,22890,NULL,NULL
21204,8796,22891,NULL,NULL
21205,8797,22892,NULL,NULL
21206,8798,22893,NULL,NULL
21207,8799,22894,NULL,NULL
21208,8800,22895,NULL,NULL
21209,8801,22896,NULL,NULL
21210,8802,22897,NULL,NULL
21211,8802,22898,NULL,NULL
21212,8802,22899,NULL,NULL
21213,8802,22900,NULL,NULL
21214,8803,22901,NULL,NULL
21215,8804,22902,NULL,NULL
21216,8805,22903,NULL,NULL
21217,8806,22904,NULL,NULL
21219,8808,22906,NULL,NULL
21220,8809,22907,NULL,NULL
21221,8810,22908,NULL,NULL
21222,8811,22909,NULL,NULL
21223,8812,22910,NULL,NULL
21224,8813,22911,NULL,NULL
21225,8814,22912,NULL,NULL
21226,8815,22913,NULL,NULL
21227,8816,22914,NULL,NULL
21228,8817,22915,NULL,NULL
21229,8818,22916,NULL,NULL
21230,2631,22917,NULL,NULL
21231,8819,22918,NULL,NULL
21232,8820,22919,NULL,NULL
21233,8821,22920,NULL,NULL
21234,8822,22921,NULL,NULL
21235,8823,22922,NULL,NULL
21236,8824,22923,NULL,NULL
21237,8825,22924,NULL,NULL
21238,8826,22925,NULL,NULL
21239,8827,22926,NULL,NULL
21240,8828,22927,NULL,NULL
21241,8829,22928,NULL,NULL
21242,8830,22929,NULL,NULL
21243,8831,22930,NULL,NULL
21244,8833,22931,NULL,NULL
21245,5157,22932,NULL,NULL
21246,5157,22933,NULL,NULL
21247,5157,22934,NULL,NULL
21248,5157,22935,NULL,NULL
21249,8834,22936,NULL,NULL
21250,8835,22937,NULL,NULL
21251,8836,22938,NULL,NULL
21252,8837,22939,NULL,NULL
21253,8838,22940,NULL,NULL
21254,8839,22941,NULL,NULL
21255,8840,22942,NULL,NULL
21256,8841,22943,NULL,NULL
21257,8842,22944,NULL,NULL
21258,8843,22945,NULL,NULL
21259,8844,22946,NULL,NULL
21260,8845,22947,NULL,NULL
21261,8845,22948,NULL,NULL
21262,8845,22949,NULL,NULL
21263,8846,22950,NULL,NULL
21264,8847,22951,NULL,NULL
21265,8848,22952,NULL,NULL
21266,8849,22953,NULL,NULL
21267,8850,22954,NULL,NULL
21268,8851,22955,NULL,NULL
21269,8852,22956,NULL,NULL
21270,8853,22957,NULL,NULL
21271,8854,22958,NULL,NULL
21272,8855,22959,NULL,NULL
21273,8856,22960,NULL,NULL
21274,8857,22961,NULL,NULL
21275,8858,22962,NULL,NULL
21276,8859,22963,NULL,NULL
21277,8860,22964,NULL,NULL
21278,8861,22965,NULL,NULL
21279,8862,22966,NULL,NULL
21280,8863,22967,NULL,NULL
21281,8864,22968,NULL,NULL
21282,8865,22969,NULL,NULL
21283,8866,22970,NULL,NULL
21284,8867,22971,NULL,NULL
21285,8868,22972,NULL,NULL
21286,8869,22973,NULL,NULL
21287,8870,22974,NULL,NULL
21288,8871,22975,NULL,NULL
21289,8872,22976,NULL,NULL
21292,8618,22979,NULL,NULL
21293,8874,22980,NULL,NULL
21294,8875,22981,NULL,NULL
21295,8876,22982,NULL,NULL
21296,8877,22983,NULL,NULL
21297,8878,22984,NULL,NULL
21298,8879,22985,NULL,NULL
21299,8880,22986,NULL,NULL
21300,8881,22987,NULL,NULL
21301,8882,22988,NULL,NULL
21302,8883,22989,NULL,NULL
21303,8884,22990,NULL,NULL
21304,8885,22991,NULL,NULL
21305,8886,22992,NULL,NULL
21306,8887,22993,NULL,NULL
21307,7161,22994,NULL,NULL
21308,8888,22995,NULL,NULL
21309,8889,22996,NULL,NULL
21310,8890,22997,NULL,NULL
21311,8891,22998,NULL,NULL
21312,8892,22999,NULL,NULL
21313,8893,23000,NULL,NULL
21314,8894,23001,NULL,NULL
21315,8895,23002,NULL,NULL
21316,8896,23003,NULL,NULL
21317,8897,23004,NULL,NULL
21318,8898,23005,NULL,NULL
21319,8899,23006,NULL,NULL
21321,8900,23008,NULL,NULL
21322,8901,23009,NULL,NULL
21323,8902,23010,NULL,NULL
21324,8903,23011,NULL,NULL
21325,8904,23012,NULL,NULL
21326,8904,23013,NULL,NULL
21327,8905,23014,NULL,NULL
21328,8906,23015,NULL,NULL
21329,8907,23016,NULL,NULL
21330,8908,23017,NULL,NULL
21331,8909,23018,NULL,NULL
21332,8910,23019,NULL,NULL
21333,8911,23020,NULL,NULL
21334,8912,23021,NULL,NULL
21335,8913,23022,NULL,NULL
21336,8914,23023,NULL,NULL
21337,8914,23024,NULL,NULL
21338,8914,23025,NULL,NULL
21339,8914,23026,NULL,NULL
21340,8914,23027,NULL,NULL
21341,8914,23028,NULL,NULL
21342,8914,23029,NULL,NULL
21343,8914,23030,NULL,NULL
21344,8914,23031,NULL,NULL
21345,8915,23032,NULL,NULL
21346,8916,23033,NULL,NULL
21347,8918,23034,NULL,NULL
21348,8919,23035,NULL,NULL
21349,8920,23036,NULL,NULL
21350,8921,23037,NULL,NULL
21351,8922,23038,NULL,NULL
21352,8923,23039,NULL,NULL
21353,8924,23040,NULL,NULL
21354,8925,23041,NULL,NULL
21355,8926,23042,NULL,NULL
21356,8927,23043,NULL,NULL
21357,8928,23044,NULL,NULL
21358,8929,23045,NULL,NULL
21359,8930,23046,NULL,NULL
21360,8931,23047,NULL,NULL
21361,8932,23048,NULL,NULL
21362,8933,23049,NULL,NULL
21363,8934,23050,NULL,NULL
21364,8935,23051,NULL,NULL
21365,8936,23052,NULL,NULL
21366,8937,23053,NULL,NULL
21367,8938,23054,NULL,NULL
21368,8939,23055,NULL,NULL
21369,8939,23056,NULL,NULL
21370,8939,23057,NULL,NULL
21371,8939,23058,NULL,NULL
21372,8939,23059,NULL,NULL
21373,8939,23060,NULL,NULL
21374,8939,23061,NULL,NULL
21375,8939,23062,NULL,NULL
21376,8939,23063,NULL,NULL
21377,8939,23064,NULL,NULL
21378,8939,23065,NULL,NULL
21379,8936,23066,NULL,NULL
21380,8940,23067,NULL,NULL
21381,8941,23068,NULL,NULL
21382,8942,23069,NULL,NULL
21383,8943,23070,NULL,NULL
21384,8944,23071,NULL,NULL
21385,8945,23072,NULL,NULL
21386,8946,23073,NULL,NULL
21387,8947,23074,NULL,NULL
21388,8948,23075,NULL,NULL
21389,8949,23076,NULL,NULL
21390,8950,23077,NULL,NULL
21391,8951,23078,NULL,NULL
21392,8952,23079,NULL,NULL
21393,8953,23080,NULL,NULL
21394,8954,23081,NULL,NULL
21395,8955,23082,NULL,NULL
21396,8956,23083,NULL,NULL
21397,8957,23084,NULL,NULL
21398,8958,23085,NULL,NULL
21399,8959,23086,NULL,NULL
21400,8960,23087,NULL,NULL
21401,8961,23088,NULL,NULL
21402,8962,23089,NULL,NULL
21403,8963,23090,NULL,NULL
21404,8964,23091,NULL,NULL
21405,8965,23092,NULL,NULL
21406,8966,23093,NULL,NULL
21407,8967,23094,NULL,NULL
21408,8968,23095,NULL,NULL
21409,8969,23096,NULL,NULL
21410,8970,23097,NULL,NULL
21411,8971,23098,NULL,NULL
21412,8972,23099,NULL,NULL
21413,8973,23100,NULL,NULL
21414,8974,23101,NULL,NULL
21415,8975,23102,NULL,NULL
21416,8976,23103,NULL,NULL
21417,8977,23104,NULL,NULL
21418,8978,23105,NULL,NULL
21419,8979,23106,NULL,NULL
21420,8980,23107,NULL,NULL
21421,8981,23108,NULL,NULL
21422,8982,23109,NULL,NULL
21423,8983,23110,NULL,NULL
21424,8984,23111,NULL,NULL
21425,8985,23112,NULL,NULL
21426,8986,23113,NULL,NULL
21427,8987,23114,NULL,NULL
21428,8988,23115,NULL,NULL
21429,8989,23116,NULL,NULL
21430,8990,23117,NULL,NULL
21431,8991,23118,NULL,NULL
21432,8992,23119,NULL,NULL
21433,8993,23120,NULL,NULL
21434,8994,23121,NULL,NULL
21435,8995,23122,NULL,NULL
21436,8996,23123,NULL,NULL
21437,8997,23124,NULL,NULL
21439,8999,23126,NULL,NULL
21440,9000,23127,NULL,NULL
21441,9001,23128,NULL,NULL
21442,9002,23129,NULL,NULL
21443,9003,23130,NULL,NULL
21444,9004,23131,NULL,NULL
21445,9005,23132,NULL,NULL
21446,9006,23133,NULL,NULL
21447,9007,23134,NULL,NULL
21448,9008,23135,NULL,NULL
21450,2420,23137,NULL,NULL
21451,9010,23138,NULL,NULL
21452,9011,23139,NULL,NULL
21453,9012,23140,NULL,NULL
21454,9013,23141,NULL,NULL
21455,9014,23142,NULL,NULL
21456,9015,23143,NULL,NULL
21457,9017,23144,NULL,NULL
21458,9018,23145,NULL,NULL
21459,9019,23146,NULL,NULL
21460,9020,23147,NULL,NULL
21461,9021,23148,NULL,NULL
21462,9020,23149,NULL,NULL
21463,9021,23150,NULL,NULL
21464,9020,23151,NULL,NULL
21465,9021,23152,NULL,NULL
21466,9020,23153,NULL,NULL
21467,9021,23154,NULL,NULL
21468,9020,23155,NULL,NULL
21469,9021,23156,NULL,NULL
21470,9020,23157,NULL,NULL
21471,9021,23158,NULL,NULL
21472,9020,23159,NULL,NULL
21473,9021,23160,NULL,NULL
21474,9022,23161,NULL,NULL
21475,9023,23162,NULL,NULL
21476,6020,23163,NULL,NULL
21477,9024,23164,NULL,NULL
21478,9025,23165,NULL,NULL
21479,9026,23166,NULL,NULL
21480,443,23167,NULL,NULL
21481,443,23168,NULL,NULL
21482,443,23169,NULL,NULL
21483,9027,23170,NULL,NULL
21484,9028,23171,NULL,NULL
21485,9029,23172,NULL,NULL
21486,9030,23173,NULL,NULL
21488,9032,23175,NULL,NULL
21489,9033,23176,NULL,NULL
21490,9034,23177,NULL,NULL
21491,9035,23178,NULL,NULL
21492,9036,23179,NULL,NULL
21493,9037,23180,NULL,NULL
21494,9038,23181,NULL,NULL
21495,9039,23182,NULL,NULL
21496,9040,23183,NULL,NULL
21497,9041,23184,NULL,NULL
21498,9042,23185,NULL,NULL
21500,9043,23187,NULL,NULL
21501,9043,23188,NULL,NULL
21502,9043,23189,NULL,NULL
21503,9043,23190,NULL,NULL
21504,9043,23191,NULL,NULL
21505,9043,23192,NULL,NULL
21506,9043,23193,NULL,NULL
21507,9043,23194,NULL,NULL
21508,9043,23195,NULL,NULL
21509,9043,23196,NULL,NULL
21510,9043,23197,NULL,NULL
21511,9043,23198,NULL,NULL
21512,9043,23199,NULL,NULL
21513,9043,23200,NULL,NULL
21514,9043,23201,NULL,NULL
21515,9043,23202,NULL,NULL
21516,9043,23203,NULL,NULL
21517,9043,23204,NULL,NULL
21518,9043,23205,NULL,NULL
21519,9043,23206,NULL,NULL
21520,9043,23207,NULL,NULL
21521,9043,23208,NULL,NULL
21522,9044,23209,NULL,NULL
21523,9044,23210,NULL,NULL
21524,9044,23211,NULL,NULL
21525,9044,23212,NULL,NULL
21526,9044,23213,NULL,NULL
21528,9044,23215,NULL,NULL
21529,9044,23216,NULL,NULL
21530,9044,23217,NULL,NULL
21531,9045,23218,NULL,NULL
21532,9045,23219,NULL,NULL
21533,9045,23220,NULL,NULL
21534,9045,23221,NULL,NULL
21535,9045,23222,NULL,NULL
21536,9045,23223,NULL,NULL
21537,9045,23224,NULL,NULL
21538,5784,23225,NULL,NULL
21539,5784,23226,NULL,NULL
21540,5784,23227,NULL,NULL
21541,5784,23228,NULL,NULL
21542,5784,23229,NULL,NULL
21543,5784,23230,NULL,NULL
21544,5784,23231,NULL,NULL
21545,5784,23232,NULL,NULL
21547,5784,23234,NULL,NULL
21548,5784,23235,NULL,NULL
21549,5784,23236,NULL,NULL
21550,9047,23237,NULL,NULL
21551,9047,23238,NULL,NULL
21552,9047,23239,NULL,NULL
21553,9047,23240,NULL,NULL
21554,9047,23241,NULL,NULL
21555,9047,23242,NULL,NULL
21556,9047,23243,NULL,NULL
21557,9047,23244,NULL,NULL
21558,9047,23245,NULL,NULL
21559,9048,23246,NULL,NULL
21560,9048,23247,NULL,NULL
21561,9048,23248,NULL,NULL
21562,9048,23249,NULL,NULL
21563,9048,23250,NULL,NULL
21564,9048,23251,NULL,NULL
21565,9048,23252,NULL,NULL
21567,9048,23254,NULL,NULL
21568,9048,23255,NULL,NULL
21569,9048,23256,NULL,NULL
21570,9048,23257,NULL,NULL
21571,9048,23258,NULL,NULL
21572,9048,23259,NULL,NULL
21573,9048,23260,NULL,NULL
21574,9049,23261,NULL,NULL
21575,9049,23262,NULL,NULL
21576,9049,23263,NULL,NULL
21577,9043,23264,NULL,NULL
21578,9043,23265,NULL,NULL
21579,9043,23266,NULL,NULL
21580,9043,23267,NULL,NULL
21581,9045,23268,NULL,NULL
21582,5784,23269,NULL,NULL
21583,9050,23270,NULL,NULL
21584,9050,23271,NULL,NULL
21585,9050,23272,NULL,NULL
21586,9050,23273,NULL,NULL
21587,9050,23274,NULL,NULL
21588,9050,23275,NULL,NULL
21589,9050,23276,NULL,NULL
21590,9051,23277,NULL,NULL
21591,9052,23278,NULL,NULL
21592,9053,23279,NULL,NULL
21593,9054,23280,NULL,NULL
21594,9055,23281,NULL,NULL
21595,9056,23282,NULL,NULL
21596,9057,23283,NULL,NULL
21597,9058,23284,NULL,NULL
21598,9059,23285,NULL,NULL
21599,9059,23286,NULL,NULL
21600,9059,23287,NULL,NULL
21601,9059,23288,NULL,NULL
21602,9060,23289,NULL,NULL
21603,9061,23290,NULL,NULL
21604,9062,23291,NULL,NULL
21605,9063,23292,NULL,NULL
21606,9064,23293,NULL,NULL
21607,9065,23294,NULL,NULL
21608,9066,23295,NULL,NULL
21609,9067,23296,NULL,NULL
21610,9068,23297,NULL,NULL
21611,9069,23298,NULL,NULL
21612,9070,23299,NULL,NULL
21613,9071,23300,NULL,NULL
21614,9072,23301,NULL,NULL
21615,9073,23302,NULL,NULL
21616,9074,23303,NULL,NULL
21617,9075,23304,NULL,NULL
21618,9076,23305,NULL,NULL
21620,474,23307,NULL,NULL
21623,9077,23310,NULL,NULL
21624,9078,23311,NULL,NULL
21625,9079,23312,NULL,NULL
21626,9080,23313,NULL,NULL
21627,9081,23314,NULL,NULL
21628,9082,23315,NULL,NULL
21630,9084,23317,NULL,NULL
21631,9085,23318,NULL,NULL
21632,9086,23319,NULL,NULL
21633,9087,23320,NULL,NULL
21634,9088,23321,NULL,NULL
21635,9089,23322,NULL,NULL
21636,9090,23323,NULL,NULL
21637,9091,23324,NULL,NULL
21638,9092,23325,NULL,NULL
21639,9093,23326,NULL,NULL
21640,9094,23327,NULL,NULL
21641,9095,23328,NULL,NULL
21642,9096,23329,NULL,NULL
21643,9097,23330,NULL,NULL
21644,9098,23331,NULL,NULL
21645,9099,23332,NULL,NULL
21646,9100,23333,NULL,NULL
21647,9101,23334,NULL,NULL
21648,9102,23335,NULL,NULL
21649,9103,23336,NULL,NULL
21650,9104,23337,NULL,NULL
21651,9105,23338,NULL,NULL
21652,9106,23339,NULL,NULL
21653,9107,23340,NULL,NULL
21654,9108,23341,NULL,NULL
21655,9109,23342,NULL,NULL
21656,9110,23343,NULL,NULL
21657,9111,23344,NULL,NULL
21658,9112,23345,NULL,NULL
21659,9113,23346,NULL,NULL
21660,9114,23347,NULL,NULL
21661,9115,23348,NULL,NULL
21662,9116,23349,NULL,NULL
21663,9117,23350,NULL,NULL
21664,9118,23351,NULL,NULL
21666,9120,23353,NULL,NULL
21667,9121,23354,NULL,NULL
21668,9122,23355,NULL,NULL
21669,9123,23356,NULL,NULL
21670,9124,23357,NULL,NULL
21671,9125,23358,NULL,NULL
21672,9126,23359,NULL,NULL
21673,9127,23360,NULL,NULL
21674,2879,23361,NULL,NULL
21675,9128,23362,NULL,NULL
21676,9129,23363,NULL,NULL
21677,9130,23364,NULL,NULL
21678,9131,23365,NULL,NULL
21679,9132,23366,NULL,NULL
21680,9133,23367,NULL,NULL
21681,9134,23368,NULL,NULL
21682,9135,23369,NULL,NULL
21683,9136,23370,NULL,NULL
21684,9137,23371,NULL,NULL
21685,9139,23372,NULL,NULL
21686,9139,23373,NULL,NULL
21687,9139,23374,NULL,NULL
21688,9141,23375,NULL,NULL
21689,9142,23376,NULL,NULL
21690,9143,23377,NULL,NULL
21691,9144,23378,NULL,NULL
21692,9145,23379,NULL,NULL
21693,9146,23380,NULL,NULL
21694,9147,23381,NULL,NULL
21695,9148,23382,NULL,NULL
21696,9149,23383,NULL,NULL
21697,9150,23384,NULL,NULL
21698,9151,23385,NULL,NULL
21699,9152,23386,NULL,NULL
21700,9153,23387,NULL,NULL
21701,9154,23388,NULL,NULL
21702,9155,23389,NULL,NULL
21703,9157,23390,NULL,NULL
21704,9157,23391,NULL,NULL
21705,9158,23392,NULL,NULL
21706,9159,23393,NULL,NULL
21707,9159,23394,NULL,NULL
21708,9159,23395,NULL,NULL
21709,9160,23396,NULL,NULL
21710,9161,23397,NULL,NULL
21711,9162,23398,NULL,NULL
21712,9163,23399,NULL,NULL
21713,9164,23400,NULL,NULL
21714,9165,23401,NULL,NULL
21715,9166,23402,NULL,NULL
21716,9167,23403,NULL,NULL
21717,9168,23404,NULL,NULL
21718,9169,23405,NULL,NULL
21719,9170,23406,NULL,NULL
21720,9171,23407,NULL,NULL
21721,9172,23408,NULL,NULL
21722,9173,23409,NULL,NULL
21723,9174,23410,NULL,NULL
21724,9175,23411,NULL,NULL
21725,9176,23412,NULL,NULL
21726,9177,23413,NULL,NULL
21727,9178,23414,NULL,NULL
21728,9179,23415,NULL,NULL
21729,9180,23416,NULL,NULL
21730,9181,23417,NULL,NULL
21731,9182,23418,NULL,NULL
21732,9183,23419,NULL,NULL
21733,9184,23420,NULL,NULL
21734,9185,23421,NULL,NULL
21735,9186,23422,NULL,NULL
21736,9187,23423,NULL,NULL
21737,9188,23424,NULL,NULL
21738,9189,23425,NULL,NULL
21739,9190,23426,NULL,NULL
21740,9192,23427,NULL,NULL
21741,9193,23428,NULL,NULL
21742,9194,23429,NULL,NULL
21743,9195,23430,NULL,NULL
21744,9196,23431,NULL,NULL
21745,9197,23432,NULL,NULL
21746,9198,23433,NULL,NULL
21747,9199,23434,NULL,NULL
21748,9200,23435,NULL,NULL
21749,9201,23436,NULL,NULL
21750,9202,23437,NULL,NULL
21751,9203,23438,NULL,NULL
21752,9204,23439,NULL,NULL
21753,9205,23440,NULL,NULL
21754,9206,23441,NULL,NULL
21755,9207,23442,NULL,NULL
21756,9208,23443,NULL,NULL
21757,9209,23444,NULL,NULL
21758,9210,23445,NULL,NULL
21759,9211,23446,NULL,NULL
21760,9212,23447,NULL,NULL
21761,9213,23448,NULL,NULL
21762,9214,23449,NULL,NULL
21763,9215,23450,NULL,NULL
21764,9216,23451,NULL,NULL
21765,9217,23452,NULL,NULL
21766,9218,23453,NULL,NULL
21767,9219,23454,NULL,NULL
21768,9220,23455,NULL,NULL
21769,9221,23456,NULL,NULL
21770,9222,23457,NULL,NULL
21771,9223,23458,NULL,NULL
21772,9224,23459,NULL,NULL
21773,9225,23460,NULL,NULL
21774,9226,23461,NULL,NULL
21775,9227,23462,NULL,NULL
21776,9228,23463,NULL,NULL
21777,9228,23464,NULL,NULL
21778,9228,23465,NULL,NULL
21779,9229,23466,NULL,NULL
21780,9230,23467,NULL,NULL
21781,9231,23468,NULL,NULL
21782,9232,23469,NULL,NULL
21783,9233,23470,NULL,NULL
21784,9234,23471,NULL,NULL
21785,9235,23472,NULL,NULL
21786,9236,23473,NULL,NULL
21787,9237,23474,NULL,NULL
21788,9238,23475,NULL,NULL
21789,9239,23476,NULL,NULL
21790,9241,23477,NULL,NULL
21792,9243,23479,NULL,NULL
21793,9244,23480,NULL,NULL
21794,9245,23481,NULL,NULL
21795,9246,23482,NULL,NULL
21796,9247,23483,NULL,NULL
21797,9248,23484,NULL,NULL
21798,9249,23485,NULL,NULL
21799,9250,23486,NULL,NULL
21800,9251,23487,NULL,NULL
21801,9252,23488,NULL,NULL
21802,9253,23489,NULL,NULL
21803,9254,23490,NULL,NULL
21804,9255,23491,NULL,NULL
21805,9256,23492,NULL,NULL
21806,9257,23493,NULL,NULL
21807,9258,23494,NULL,NULL
21808,9259,23495,NULL,NULL
21809,9261,23496,NULL,NULL
21810,9262,23497,NULL,NULL
21811,9263,23498,NULL,NULL
21812,9264,23499,NULL,NULL
21813,9265,23500,NULL,NULL
21814,9266,23501,NULL,NULL
21815,9268,23502,NULL,NULL
21816,9269,23503,NULL,NULL
21817,9270,23504,NULL,NULL
21818,9272,23505,NULL,NULL
21819,9273,23506,NULL,NULL
21820,9274,23507,NULL,NULL
21821,9276,23508,NULL,NULL
21822,9277,23509,NULL,NULL
21823,9278,23510,NULL,NULL
21824,503,23511,NULL,NULL
21825,9279,23512,NULL,NULL
21826,9280,23513,NULL,NULL
21827,9281,23514,NULL,NULL
21828,9282,23515,NULL,NULL
21829,9283,23516,NULL,NULL
21830,9284,23517,NULL,NULL
21831,9285,23518,NULL,NULL
21832,9286,23519,NULL,NULL
21833,9287,23520,NULL,NULL
21834,5083,23521,NULL,NULL
21835,531,23522,NULL,NULL
21836,9288,23523,NULL,NULL
21837,9290,23524,NULL,NULL
21838,9291,23525,NULL,NULL
21839,9292,23526,NULL,NULL
21840,9293,23527,NULL,NULL
21841,9294,23528,NULL,NULL
21842,9295,23529,NULL,NULL
21843,9296,23530,NULL,NULL
21844,9297,23531,NULL,NULL
21845,9298,23532,NULL,NULL
21846,9299,23533,NULL,NULL
21847,9300,23534,NULL,NULL
21848,9301,23535,NULL,NULL
21849,9302,23536,NULL,NULL
21850,9303,23537,NULL,NULL
21851,9304,23538,NULL,NULL
21852,9305,23539,NULL,NULL
21853,9306,23540,NULL,NULL
21854,9307,23541,NULL,NULL
21855,9308,23542,NULL,NULL
21856,9309,23543,NULL,NULL
21857,5925,23544,NULL,NULL
21858,9310,23545,NULL,NULL
21859,9311,23546,NULL,NULL
21860,9312,23547,NULL,NULL
21861,9313,23548,NULL,NULL
21862,9314,23549,NULL,NULL
21863,9315,23550,NULL,NULL
21864,9316,23551,NULL,NULL
21865,9317,23552,NULL,NULL
21866,9318,23553,NULL,NULL
21867,4881,23554,NULL,NULL
21868,9319,23555,NULL,NULL
21869,9320,23556,NULL,NULL
21870,9321,23557,NULL,NULL
21871,9322,23558,NULL,NULL
21872,9323,23559,NULL,NULL
21873,9324,23560,NULL,NULL
21874,9325,23561,NULL,NULL
21875,7911,23562,NULL,NULL
21876,9326,23563,NULL,NULL
21877,9328,23564,NULL,NULL
21878,9329,23565,NULL,NULL
21879,9330,23566,NULL,NULL
21880,9331,23567,NULL,NULL
21881,9332,23568,NULL,NULL
21882,9333,23569,NULL,NULL
21883,9334,23570,NULL,NULL
21884,9335,23571,NULL,NULL
21885,9336,23572,NULL,NULL
21886,9337,23573,NULL,NULL
21887,9338,23574,NULL,NULL
21888,3360,23575,NULL,NULL
21889,9339,23576,NULL,NULL
21890,9340,23577,NULL,NULL
21891,9341,23578,NULL,NULL
21892,9342,23579,NULL,NULL
21893,9343,23580,NULL,NULL
21894,9344,23581,NULL,NULL
21895,9345,23582,NULL,NULL
21896,9346,23583,NULL,NULL
21897,9347,23584,NULL,NULL
21898,9348,23585,NULL,NULL
21899,9349,23586,NULL,NULL
21900,9350,23587,NULL,NULL
21901,9351,23588,NULL,NULL
21902,9352,23589,NULL,NULL
21903,9353,23590,NULL,NULL
21904,9354,23591,NULL,NULL
21905,9355,23592,NULL,NULL
21906,9356,23593,NULL,NULL
21907,9357,23594,NULL,NULL
21908,9357,23595,NULL,NULL
21909,9357,23596,NULL,NULL
21910,9357,23597,NULL,NULL
21911,9357,23598,NULL,NULL
21912,9357,23599,NULL,NULL
21913,9358,23600,NULL,NULL
21914,9358,23601,NULL,NULL
21915,9358,23602,NULL,NULL
21916,9358,23603,NULL,NULL
21917,9358,23604,NULL,NULL
21918,9358,23605,NULL,NULL
21919,9358,23606,NULL,NULL
21920,9358,23607,NULL,NULL
21921,9358,23608,NULL,NULL
21922,9358,23609,NULL,NULL
21923,9358,23610,NULL,NULL
21924,9358,23611,NULL,NULL
21926,9358,23613,NULL,NULL
21927,9358,23614,NULL,NULL
21928,9358,23615,NULL,NULL
21929,9358,23616,NULL,NULL
21930,9359,23617,NULL,NULL
21931,9360,23618,NULL,NULL
21932,9361,23619,NULL,NULL
21933,9362,23620,NULL,NULL
21934,9363,23621,NULL,NULL
21936,9364,23623,NULL,NULL
21937,568,23624,NULL,NULL
21938,568,23625,NULL,NULL
21939,9365,23626,NULL,NULL
21940,568,23627,NULL,NULL
21941,9366,23628,NULL,NULL
21942,9367,23629,NULL,NULL
21943,9368,23630,NULL,NULL
21944,9369,23631,NULL,NULL
21945,9370,23632,NULL,NULL
21946,9371,23633,NULL,NULL
21947,9372,23634,NULL,NULL
21948,7079,23635,NULL,NULL
21949,9374,23636,NULL,NULL
21950,9375,23637,NULL,NULL
21951,9376,23638,NULL,NULL
21952,9377,23639,NULL,NULL
21953,9378,23640,NULL,NULL
21954,9379,23641,NULL,NULL
21955,9380,23642,NULL,NULL
21956,9381,23643,NULL,NULL
21957,9382,23644,NULL,NULL
21958,9383,23645,NULL,NULL
21959,9384,23646,NULL,NULL
21960,9385,23647,NULL,NULL
21961,9386,23648,NULL,NULL
21962,9387,23649,NULL,NULL
21963,9388,23650,NULL,NULL
21964,8936,23651,NULL,NULL
21965,9389,23652,NULL,NULL
21966,9390,23653,NULL,NULL
21967,9391,23654,NULL,NULL
21968,9393,23655,NULL,NULL
21969,9394,23656,NULL,NULL
21970,9395,23657,NULL,NULL
21971,9396,23658,NULL,NULL
21972,9397,23659,NULL,NULL
21973,9398,23660,NULL,NULL
21974,9399,23661,NULL,NULL
21975,9400,23662,NULL,NULL
21976,9401,23663,NULL,NULL
21977,9402,23664,NULL,NULL
21978,9403,23665,NULL,NULL
21979,9404,23666,NULL,NULL
21980,9405,23667,NULL,NULL
21981,9406,23668,NULL,NULL
21982,9408,23669,NULL,NULL
21983,9409,23670,NULL,NULL
21984,9410,23671,NULL,NULL
21985,9411,23672,NULL,NULL
21986,9412,23673,NULL,NULL
21987,9413,23674,NULL,NULL
21988,9414,23675,NULL,NULL
21989,9415,23676,NULL,NULL
21990,9416,23677,NULL,NULL
21991,9417,23678,NULL,NULL
21992,9418,23679,NULL,NULL
21993,9419,23680,NULL,NULL
21994,9420,23681,NULL,NULL
21995,9421,23682,NULL,NULL
21996,9422,23683,NULL,NULL
21997,9423,23684,NULL,NULL
21998,9424,23685,NULL,NULL
21999,9425,23686,NULL,NULL
22000,9426,23687,NULL,NULL
22001,9427,23688,NULL,NULL
22002,9428,23689,NULL,NULL
22003,9429,23690,NULL,NULL
22004,9430,23691,NULL,NULL
22005,9431,23692,NULL,NULL
22006,9432,23693,NULL,NULL
22007,9433,23694,NULL,NULL
22008,9434,23695,NULL,NULL
22009,9435,23696,NULL,NULL
22010,9436,23697,NULL,NULL
22011,9437,23698,NULL,NULL
22012,9438,23699,NULL,NULL
22013,9439,23700,NULL,NULL
22014,9439,23701,NULL,NULL
22015,9440,23702,NULL,NULL
22016,454,23703,NULL,NULL
22017,9441,23704,NULL,NULL
22018,9442,23705,NULL,NULL
22019,9443,23706,NULL,NULL
22020,9445,23707,NULL,NULL
22021,9446,23708,NULL,NULL
22022,9447,23709,NULL,NULL
22023,9448,23710,NULL,NULL
22024,9449,23711,NULL,NULL
22025,9450,23712,NULL,NULL
22026,9451,23713,NULL,NULL
22027,485,23714,NULL,NULL
22028,9452,23715,NULL,NULL
22029,9453,23716,NULL,NULL
22030,9454,23717,NULL,NULL
22033,9457,23720,NULL,NULL
22034,9458,23721,NULL,NULL
22035,9459,23722,NULL,NULL
22036,9460,23723,NULL,NULL
22038,9462,23725,NULL,NULL
22039,9463,23726,NULL,NULL
22040,9464,23727,NULL,NULL
22041,9465,23728,NULL,NULL
22042,9466,23729,NULL,NULL
22043,9467,23730,NULL,NULL
22044,9468,23731,NULL,NULL
22045,9469,23732,NULL,NULL
22046,9470,23733,NULL,NULL
22047,9471,23734,NULL,NULL
22048,9472,23735,NULL,NULL
22049,9473,23736,NULL,NULL
22050,9474,23737,NULL,NULL
22051,9475,23738,NULL,NULL
22052,6006,23739,NULL,NULL
22053,9476,23740,NULL,NULL
22054,9477,23741,NULL,NULL
22055,9478,23742,NULL,NULL
22056,9479,23743,NULL,NULL
22057,9480,23744,NULL,NULL
22058,4549,23745,NULL,NULL
22060,9482,23747,NULL,NULL
22061,9483,23748,NULL,NULL
22062,9484,23749,NULL,NULL
22063,9485,23750,NULL,NULL
22064,9486,23751,NULL,NULL
22065,9488,23752,NULL,NULL
22066,9489,23753,NULL,NULL
22067,9490,23754,NULL,NULL
22068,9491,23755,NULL,NULL
22069,9492,23756,NULL,NULL
22070,9493,23757,NULL,NULL
22071,9494,23758,NULL,NULL
22072,9495,23759,NULL,NULL
22073,9496,23760,NULL,NULL
22074,9497,23761,NULL,NULL
22075,9498,23762,NULL,NULL
22076,9499,23763,NULL,NULL
22077,9500,23764,NULL,NULL
22078,9501,23765,NULL,NULL
22080,9502,23767,NULL,NULL
22081,9503,23768,NULL,NULL
22082,9504,23769,NULL,NULL
22083,9505,23770,NULL,NULL
22084,9506,23771,NULL,NULL
22085,5060,23772,NULL,NULL
22086,5060,23773,NULL,NULL
22087,5060,23774,NULL,NULL
22088,9508,23775,NULL,NULL
22089,9509,23776,NULL,NULL
22090,9510,23777,NULL,NULL
22091,9511,23778,NULL,NULL
22092,9512,23779,NULL,NULL
22093,9513,23780,NULL,NULL
22094,9514,23781,NULL,NULL
22095,9515,23782,NULL,NULL
22096,9515,23783,NULL,NULL
22097,9515,23784,NULL,NULL
22098,9515,23785,NULL,NULL
22099,9515,23786,NULL,NULL
22100,9515,23787,NULL,NULL
22101,9515,23788,NULL,NULL
22102,9515,23789,NULL,NULL
22103,9515,23790,NULL,NULL
22106,1077,23793,NULL,NULL
22107,1077,23794,NULL,NULL
22108,9516,23795,NULL,NULL
22109,9517,23796,NULL,NULL
22110,510,23797,NULL,NULL
22111,9518,23798,NULL,NULL
22112,9519,23799,NULL,NULL
22113,7426,23800,NULL,NULL
22114,9521,23801,NULL,NULL
22115,9522,23802,NULL,2024-08-28 11:10:26.193
22119,9524,23806,NULL,NULL
22120,9525,23807,NULL,NULL
22121,9526,23808,NULL,NULL
22122,9527,23809,NULL,NULL
22123,3843,23810,NULL,NULL
22124,3843,23811,NULL,NULL
22125,3843,23812,NULL,NULL
22126,3843,23813,NULL,NULL
22127,567,23814,NULL,NULL
22128,567,23815,NULL,NULL
22129,9528,23816,NULL,NULL
22130,9529,23817,NULL,NULL
22131,9530,23818,NULL,NULL
22132,9531,23819,NULL,NULL
22133,9531,23820,NULL,NULL
22134,9531,23821,NULL,NULL
22135,9531,23822,NULL,NULL
22136,9531,23823,NULL,NULL
22137,9531,23824,NULL,NULL
22138,9531,23825,NULL,NULL
22139,9531,23826,NULL,NULL
22140,9531,23827,NULL,NULL
22141,9531,23828,NULL,NULL
22142,9532,23829,NULL,NULL
22143,9533,23830,NULL,NULL
22144,9534,23831,NULL,NULL
22145,9535,23832,NULL,NULL
22146,9536,23833,NULL,NULL
22147,3384,23834,NULL,NULL
22148,9537,23835,NULL,NULL
22157,6907,23844,NULL,NULL
22158,9043,23845,NULL,NULL
22159,9538,23846,NULL,NULL
22160,9539,23847,NULL,NULL
22161,9540,23848,NULL,NULL
22162,9541,23849,NULL,NULL
22163,9542,23850,NULL,NULL
22164,9543,23851,NULL,NULL
22165,9544,23852,NULL,NULL
22166,9545,23853,NULL,NULL
22167,9546,23854,NULL,NULL
22168,9547,23855,NULL,NULL
22169,9548,23856,NULL,NULL
22170,9549,23857,NULL,NULL
22171,9550,23858,NULL,NULL
22172,9551,23859,NULL,NULL
22173,9552,23860,NULL,NULL
22174,9554,23861,NULL,NULL
22175,9555,23862,NULL,NULL
22176,9556,23863,NULL,NULL
22177,9557,23864,NULL,NULL
22178,9558,23865,NULL,NULL
22179,9559,23866,NULL,NULL
22180,9560,23867,NULL,NULL
22181,9561,23868,NULL,NULL
22182,9562,23869,NULL,NULL
22183,9563,23870,NULL,NULL
22184,9564,23871,NULL,NULL
22185,3859,23872,NULL,NULL
22186,3859,23873,NULL,NULL
22187,9565,23874,NULL,NULL
22188,9566,23875,NULL,NULL
22189,9567,23876,NULL,NULL
22191,9569,23878,NULL,NULL
22192,9571,23879,NULL,NULL
22193,9572,23880,NULL,NULL
22194,9572,23881,NULL,NULL
22195,9572,23882,NULL,NULL
22196,9573,23883,NULL,NULL
22197,9574,23884,NULL,NULL
22198,2542,23885,NULL,NULL
22199,2542,23886,NULL,NULL
22200,2542,23887,NULL,NULL
22201,2542,23888,NULL,NULL
22202,2542,23889,NULL,NULL
22203,2542,23890,NULL,NULL
22204,2542,23891,NULL,NULL
22205,2542,23892,NULL,NULL
22206,2542,23893,NULL,NULL
22207,2542,23894,NULL,NULL
22208,9576,23895,NULL,NULL
22209,9577,23896,NULL,NULL
22210,9578,23897,NULL,NULL
22211,9579,23898,NULL,NULL
22212,9580,23899,NULL,NULL
22213,9581,23900,NULL,NULL
22214,9582,23901,NULL,NULL
22215,9582,23902,NULL,NULL
22216,9582,23903,NULL,NULL
22218,6184,23905,NULL,NULL
22219,9583,23906,NULL,NULL
22220,7477,23907,NULL,NULL
22221,7477,23908,NULL,NULL
22222,7477,23909,NULL,NULL
22223,9584,23910,NULL,NULL
22224,9584,23911,NULL,NULL
22225,9584,23912,NULL,NULL
22226,9584,23913,NULL,NULL
22227,9584,23914,NULL,NULL
22228,9584,23915,NULL,NULL
22229,9584,23916,NULL,NULL
22230,9584,23917,NULL,NULL
22231,9584,23918,NULL,NULL
22232,9584,23919,NULL,NULL
22233,9584,23920,NULL,NULL
22234,9584,23921,NULL,NULL
22235,9584,23922,NULL,NULL
22236,9584,23923,NULL,NULL
22237,9584,23924,NULL,NULL
22238,9584,23925,NULL,NULL
22239,9584,23926,NULL,NULL
22240,9584,23927,NULL,NULL
22241,9584,23928,NULL,NULL
22242,9585,23929,NULL,NULL
22243,9585,23930,NULL,NULL
22244,9585,23931,NULL,NULL
22248,9585,23935,NULL,NULL
22249,9585,23936,NULL,NULL
22250,9585,23937,NULL,NULL
22251,9585,23938,NULL,NULL
22252,9585,23939,NULL,NULL
22253,9586,23940,NULL,NULL
22254,539,23941,NULL,2025-05-09 16:52:43.383
22255,2166,23942,NULL,NULL
22256,9587,23943,NULL,NULL
22257,9588,23944,NULL,NULL
22258,9589,23945,NULL,NULL
22259,7477,23946,NULL,NULL
22260,6184,23947,NULL,NULL
22261,6184,23948,NULL,NULL
22262,6184,23949,NULL,NULL
22263,6184,23950,NULL,NULL
22265,6184,23952,NULL,NULL
22268,6184,23955,NULL,NULL
22269,6184,23956,NULL,NULL
22270,6184,23957,NULL,NULL
22271,6184,23958,NULL,NULL
22273,6184,23960,NULL,NULL
22274,6184,23961,NULL,NULL
22275,6184,23962,NULL,NULL
22276,6184,23963,NULL,NULL
22277,6184,23964,NULL,NULL
22278,6184,23965,NULL,NULL
22279,6184,23966,NULL,NULL
22280,6184,23967,NULL,NULL
22281,6184,23968,NULL,NULL
22282,6184,23969,NULL,NULL
22283,6184,23970,NULL,NULL
22285,6184,23972,NULL,NULL
22286,6184,23973,NULL,NULL
22287,6184,23974,NULL,NULL
22288,6184,23975,NULL,NULL
22289,6184,23976,NULL,NULL
22290,6184,23977,NULL,NULL
22291,6184,23978,NULL,NULL
22292,6184,23979,NULL,NULL
22293,6184,23980,NULL,NULL
22294,6184,23981,NULL,NULL
22295,6184,23982,NULL,NULL
22296,6184,23983,NULL,NULL
22297,6184,23984,NULL,NULL
22298,6184,23985,NULL,NULL
22299,6184,23986,NULL,NULL
22300,6184,23987,NULL,NULL
22301,6184,23988,NULL,NULL
22302,6184,23989,NULL,NULL
22303,6184,23990,NULL,NULL
22304,6184,23991,NULL,NULL
22305,6184,23992,NULL,NULL
22306,6184,23993,NULL,NULL
22307,6184,23994,NULL,NULL
22308,9590,23995,NULL,NULL
22309,9591,23996,NULL,NULL
22310,9592,23997,NULL,NULL
22311,9593,23998,NULL,2024-12-04 10:10:32.177
22312,2954,23999,NULL,NULL
22313,2954,24000,NULL,NULL
22314,2954,24001,NULL,NULL
22315,2954,24002,NULL,NULL
22316,2954,24003,NULL,NULL
22317,2954,24004,NULL,NULL
22318,9594,24005,NULL,NULL
22319,9594,24006,NULL,NULL
22320,9594,24007,NULL,NULL
22321,9594,24008,NULL,NULL
22322,9594,24009,NULL,NULL
22323,9594,24010,NULL,NULL
22324,9594,24011,NULL,NULL
22325,9594,24012,NULL,NULL
22326,9594,24013,NULL,NULL
22327,9594,24014,NULL,NULL
22328,9594,24015,NULL,NULL
22329,9594,24016,NULL,NULL
22330,9594,24017,NULL,NULL
22331,9594,24018,NULL,NULL
22332,9594,24019,NULL,NULL
22333,9594,24020,NULL,NULL
22334,9594,24021,NULL,NULL
22335,9594,24022,NULL,NULL
22336,9595,24023,NULL,NULL
22337,9595,24024,NULL,NULL
22338,9595,24025,NULL,NULL
22339,9595,24026,NULL,NULL
22340,9596,24027,NULL,NULL
22341,9597,24028,NULL,NULL
22342,9598,24029,NULL,NULL
22344,9599,24031,NULL,NULL
22345,9599,24032,NULL,NULL
22353,9600,24040,NULL,NULL
22354,6192,24041,NULL,NULL
22355,6192,24042,NULL,NULL
22356,6192,24043,NULL,NULL
22357,6192,24044,NULL,NULL
22358,6192,24045,NULL,NULL
22359,6192,24046,NULL,NULL
22360,6192,24047,NULL,NULL
22361,6192,24048,NULL,NULL
22362,6192,24049,NULL,NULL
22363,9601,24050,NULL,NULL
22364,9602,24051,NULL,NULL
22365,9603,24052,NULL,NULL
22366,9604,24053,NULL,NULL
22367,9605,24054,NULL,NULL
22368,9606,24055,NULL,NULL
22369,9607,24056,NULL,NULL
22370,9608,24057,NULL,NULL
22371,9609,24058,NULL,NULL
22372,9610,24059,NULL,NULL
22373,9610,24060,NULL,NULL
22374,9610,24061,NULL,NULL
22375,9610,24062,NULL,NULL
22376,9610,24063,NULL,NULL
22378,9612,24065,NULL,NULL
22379,9598,24066,NULL,NULL
22380,9613,24067,NULL,NULL
22381,9614,24068,NULL,NULL
22382,811,24069,NULL,NULL
22383,811,24070,NULL,NULL
22384,811,24071,NULL,NULL
22385,811,24072,NULL,NULL
22386,811,24073,NULL,NULL
22387,9615,24074,NULL,NULL
22388,3860,24075,NULL,NULL
22389,3860,24076,NULL,NULL
22390,3860,24077,NULL,NULL
22391,3860,24078,NULL,NULL
22392,3860,24079,NULL,NULL
22396,9619,24083,NULL,NULL
22397,9620,24084,NULL,NULL
22398,9621,24085,NULL,NULL
22399,9622,24086,NULL,NULL
22400,6902,24087,NULL,NULL
22401,5065,24088,NULL,NULL
22402,5065,24089,NULL,NULL
22403,4543,24090,NULL,NULL
22404,9623,24091,NULL,NULL
22405,9624,24092,NULL,NULL
22406,9625,24093,NULL,NULL
22407,5366,24094,NULL,NULL
22408,9626,24095,NULL,NULL
22409,9627,24096,NULL,NULL
22410,9627,24097,NULL,NULL
22411,9627,24098,NULL,NULL
22412,9627,24099,NULL,NULL
22413,9627,24100,NULL,NULL
22414,9627,24101,NULL,NULL
22415,9627,24102,NULL,NULL
22416,9627,24103,NULL,NULL
22417,9627,24104,NULL,NULL
22418,9627,24105,NULL,NULL
22419,9627,24106,NULL,NULL
22420,9627,24107,NULL,NULL
22421,9627,24108,NULL,NULL
22422,9627,24109,NULL,NULL
22423,9627,24110,NULL,NULL
22424,9627,24111,NULL,NULL
22425,9627,24112,NULL,NULL
22426,9627,24113,NULL,NULL
22427,9627,24114,NULL,NULL
22428,9627,24115,NULL,NULL
22429,9627,24116,NULL,NULL
22430,9627,24117,NULL,NULL
22431,9627,24118,NULL,NULL
22432,9627,24119,NULL,NULL
22433,9627,24120,NULL,NULL
22434,9627,24121,NULL,NULL
22435,9627,24122,NULL,NULL
22436,9627,24123,NULL,NULL
22437,9627,24124,NULL,NULL
22439,9627,24126,NULL,NULL
22440,9627,24127,NULL,NULL
22441,9627,24128,NULL,NULL
22442,9627,24129,NULL,NULL
22443,9627,24130,NULL,NULL
22444,9627,24131,NULL,NULL
22445,9627,24132,NULL,NULL
22446,9627,24133,NULL,NULL
22447,9627,24134,NULL,NULL
22448,9627,24135,NULL,NULL
22449,9627,24136,NULL,NULL
22450,9627,24137,NULL,NULL
22451,9627,24138,NULL,NULL
22452,9627,24139,NULL,NULL
22453,9627,24140,NULL,NULL
22454,9627,24141,NULL,NULL
22455,9627,24142,NULL,NULL
22456,9627,24143,NULL,NULL
22457,9627,24144,NULL,NULL
22458,9627,24145,NULL,NULL
22459,9627,24146,NULL,NULL
22460,9627,24147,NULL,NULL
22461,9627,24148,NULL,NULL
22462,9627,24149,NULL,NULL
22463,9627,24150,NULL,NULL
22464,9627,24151,NULL,NULL
22465,9628,24152,NULL,NULL
22466,9629,24153,NULL,NULL
22467,9630,24154,NULL,NULL
22468,9631,24155,NULL,NULL
22469,574,24156,NULL,NULL
22470,574,24157,NULL,NULL
22471,574,24158,NULL,NULL
22472,574,24159,NULL,NULL
22473,574,24160,NULL,NULL
22474,574,24161,NULL,NULL
22475,574,24162,NULL,NULL
22476,574,24163,NULL,NULL
22477,574,24164,NULL,NULL
22478,574,24165,NULL,NULL
22479,574,24166,NULL,NULL
22480,574,24167,NULL,NULL
22481,574,24168,NULL,NULL
22482,574,24169,NULL,NULL
22483,574,24170,NULL,NULL
22484,9034,24171,NULL,NULL
22485,9034,24172,NULL,NULL
22486,9034,24173,NULL,NULL
22487,9034,24174,NULL,NULL
22488,9034,24175,NULL,NULL
22489,9034,24176,NULL,NULL
22490,5701,24177,NULL,NULL
22491,9632,24178,NULL,NULL
22492,9594,24179,NULL,NULL
22493,9594,24180,NULL,NULL
22494,9594,24181,NULL,NULL
22495,9594,24182,NULL,NULL
22496,9594,24183,NULL,NULL
22497,9594,24184,NULL,NULL
22498,9594,24185,NULL,NULL
22499,9594,24186,NULL,NULL
22500,9594,24187,NULL,NULL
22501,9594,24188,NULL,NULL
22502,5553,24189,NULL,NULL
22503,510,24190,NULL,NULL
22504,510,24191,NULL,NULL
22505,510,24192,NULL,NULL
22506,510,24193,NULL,NULL
22507,510,24194,NULL,NULL
22508,510,24195,NULL,NULL
22509,510,24196,NULL,NULL
22510,9633,24197,NULL,NULL
22511,9633,24198,NULL,NULL
22512,9633,24199,NULL,NULL
22513,9633,24200,NULL,NULL
22514,9634,24201,NULL,NULL
22515,9634,24202,NULL,NULL
22516,9635,24203,NULL,NULL
22517,9635,24204,NULL,NULL
22518,9636,24205,NULL,NULL
22520,3860,24207,NULL,NULL
22521,2954,24208,NULL,NULL
22522,2954,24209,NULL,NULL
22523,2954,24210,NULL,NULL
22524,2954,24211,NULL,NULL
22525,2954,24212,NULL,NULL
22526,2954,24213,NULL,NULL
22527,2954,24214,NULL,NULL
22528,2954,24215,NULL,NULL
22529,2954,24216,NULL,NULL
22530,2954,24217,NULL,NULL
22531,2954,24218,NULL,NULL
22532,2954,24219,NULL,NULL
22533,2954,24220,NULL,NULL
22534,2954,24221,NULL,NULL
22535,2954,24222,NULL,NULL
22536,2954,24223,NULL,NULL
22537,2954,24224,NULL,NULL
22538,2954,24225,NULL,NULL
22539,2954,24226,NULL,NULL
22540,2954,24227,NULL,NULL
22541,2954,24228,NULL,NULL
22542,2954,24229,NULL,NULL
22543,482,24230,NULL,NULL
22544,3385,24231,NULL,NULL
22545,3385,24232,NULL,NULL
22546,3385,24233,NULL,NULL
22547,3385,24234,NULL,NULL
22548,3385,24235,NULL,NULL
22549,3385,24236,NULL,NULL
22550,3385,24237,NULL,NULL
22551,3385,24238,NULL,NULL
22552,3385,24239,NULL,NULL
22553,3385,24240,NULL,NULL
22554,3385,24241,NULL,NULL
22555,3385,24242,NULL,NULL
22556,3385,24243,NULL,NULL
22557,3385,24244,NULL,NULL
22558,3385,24245,NULL,NULL
22559,3385,24246,NULL,NULL
22560,482,24247,NULL,NULL
22561,3385,24248,NULL,NULL
22562,3385,24249,NULL,NULL
22563,3385,24250,NULL,NULL
22564,3385,24251,NULL,NULL
22565,3385,24252,NULL,NULL
22566,3385,24253,NULL,NULL
22567,3385,24254,NULL,NULL
22568,3385,24255,NULL,NULL
22569,3385,24256,NULL,NULL
22570,467,24257,NULL,NULL
22571,3385,24258,NULL,NULL
22572,3385,24259,NULL,NULL
22573,3385,24260,NULL,NULL
22574,3385,24261,NULL,NULL
22575,3385,24262,NULL,NULL
22576,3385,24263,NULL,NULL
22577,3385,24264,NULL,NULL
22578,3385,24265,NULL,NULL
22579,3385,24266,NULL,NULL
22580,3385,24267,NULL,NULL
22581,3385,24268,NULL,NULL
22583,3385,24270,NULL,NULL
22584,3385,24271,NULL,NULL
22585,3385,24272,NULL,NULL
22586,3385,24273,NULL,NULL
22587,3385,24274,NULL,NULL
22588,3385,24275,NULL,NULL
22589,3385,24276,NULL,NULL
22590,3385,24277,NULL,NULL
22591,3385,24278,NULL,NULL
22592,3385,24279,NULL,NULL
22593,3385,24280,NULL,NULL
22594,3385,24281,NULL,NULL
22595,3385,24282,NULL,NULL
22596,3385,24283,NULL,NULL
22597,3385,24284,NULL,NULL
22598,3385,24285,NULL,NULL
22599,3385,24286,NULL,NULL
22600,3385,24287,NULL,NULL
22601,3385,24288,NULL,NULL
22602,3385,24289,NULL,NULL
22603,3385,24290,NULL,NULL
22604,3385,24291,NULL,NULL
22605,3385,24292,NULL,NULL
22606,3385,24293,NULL,NULL
22607,3385,24294,NULL,NULL
22608,3385,24295,NULL,NULL
22609,3385,24296,NULL,NULL
22610,3385,24297,NULL,NULL
22611,3385,24298,NULL,NULL
22612,3385,24299,NULL,NULL
22613,3385,24300,NULL,NULL
22614,3385,24301,NULL,NULL
22615,3385,24302,NULL,NULL
22616,3385,24303,NULL,NULL
22617,3385,24304,NULL,NULL
22618,3385,24305,NULL,NULL
22619,3385,24306,NULL,NULL
22620,3385,24307,NULL,NULL
22621,3385,24308,NULL,NULL
22622,3385,24309,NULL,NULL
22623,9638,24310,NULL,NULL
22624,9639,24311,NULL,NULL
22625,9640,24312,NULL,NULL
22626,9641,24313,NULL,NULL
22627,9642,24314,NULL,NULL
22628,9643,24315,NULL,NULL
22629,9644,24316,NULL,NULL
22630,9645,24317,NULL,NULL
22631,9646,24318,NULL,NULL
22632,474,24319,NULL,NULL
22638,1768,24325,NULL,NULL
22639,9647,24326,NULL,NULL
22640,9647,24327,NULL,NULL
22641,9647,24328,NULL,NULL
22642,9647,24329,NULL,NULL
22643,9647,24330,NULL,NULL
22644,9647,24331,NULL,NULL
22645,9647,24332,NULL,NULL
22646,9647,24333,NULL,NULL
22647,9647,24334,NULL,NULL
22648,9647,24335,NULL,NULL
22649,9647,24336,NULL,NULL
22650,9647,24337,NULL,NULL
22651,9647,24338,NULL,NULL
22652,9647,24339,NULL,NULL
22653,9647,24340,NULL,NULL
22654,5113,24341,NULL,NULL
22655,5113,24342,NULL,NULL
22656,5113,24343,NULL,NULL
22657,5113,24344,NULL,NULL
22658,5113,24345,NULL,NULL
22659,5113,24346,NULL,NULL
22660,5113,24347,NULL,NULL
22661,5113,24348,NULL,NULL
22662,5113,24349,NULL,NULL
22663,5113,24350,NULL,NULL
22664,5113,24351,NULL,NULL
22665,5113,24352,NULL,NULL
22666,5113,24353,NULL,NULL
22667,5113,24354,NULL,NULL
22668,5113,24355,NULL,NULL
22669,5113,24356,NULL,NULL
22670,5113,24357,NULL,NULL
22672,5113,24359,NULL,NULL
22673,5113,24360,NULL,NULL
22674,5113,24361,NULL,NULL
22676,5113,24363,NULL,NULL
22677,5113,24364,NULL,NULL
22678,5113,24365,NULL,NULL
22679,5113,24366,NULL,NULL
22680,5113,24367,NULL,NULL
22681,5113,24368,NULL,NULL
22682,5113,24369,NULL,NULL
22683,5113,24370,NULL,NULL
22684,5113,24371,NULL,NULL
22685,5113,24372,NULL,NULL
22686,5113,24373,NULL,NULL
22687,5113,24374,NULL,NULL
22688,5113,24375,NULL,NULL
22689,5113,24376,NULL,NULL
22690,5113,24377,NULL,NULL
22691,5113,24378,NULL,NULL
22692,5113,24379,NULL,NULL
22693,5113,24380,NULL,NULL
22694,5113,24381,NULL,NULL
22695,5113,24382,NULL,NULL
22696,5113,24383,NULL,NULL
22697,5113,24384,NULL,NULL
22698,5113,24385,NULL,NULL
22699,5113,24386,NULL,NULL
22700,5113,24387,NULL,NULL
22701,5113,24388,NULL,NULL
22702,5113,24389,NULL,NULL
22703,9848,24390,NULL,NULL
22704,9649,24391,NULL,NULL
22705,9651,24392,NULL,NULL
22706,9652,24393,NULL,NULL
22707,490,24394,NULL,NULL
22708,9653,24395,NULL,NULL
22709,9654,24396,NULL,NULL
22710,9655,24397,NULL,NULL
22711,9656,24398,NULL,NULL
22712,5744,24399,NULL,NULL
22713,5744,24400,NULL,NULL
22714,5744,24401,NULL,NULL
22715,5744,24402,NULL,NULL
22725,5157,24412,NULL,NULL
22726,2123,24413,NULL,NULL
22727,2123,24414,NULL,NULL
22728,2123,24415,NULL,NULL
22729,2123,24416,NULL,NULL
22730,2123,24417,NULL,NULL
22732,2123,24419,NULL,NULL
22733,2123,24420,NULL,NULL
22734,2123,24421,NULL,NULL
22735,2123,24422,NULL,NULL
22736,2123,24423,NULL,NULL
22737,2123,24424,NULL,NULL
22738,2123,24425,NULL,NULL
22739,2123,24426,NULL,NULL
22740,2123,24427,NULL,NULL
22741,2123,24428,NULL,NULL
22742,2123,24429,NULL,NULL
22743,2123,24430,NULL,NULL
22744,2123,24431,NULL,NULL
22745,2123,24432,NULL,NULL
22746,5969,24433,NULL,NULL
22747,5969,24434,NULL,NULL
22748,5969,24435,NULL,NULL
22749,5969,24436,NULL,NULL
22750,5969,24437,NULL,NULL
22751,5969,24438,NULL,NULL
22752,5969,24439,NULL,NULL
22753,5969,24440,NULL,NULL
22754,5969,24441,NULL,NULL
22755,5969,24442,NULL,NULL
22756,5969,24443,NULL,NULL
22757,5969,24444,NULL,NULL
22758,5969,24445,NULL,NULL
22759,5969,24446,NULL,NULL
22760,5969,24447,NULL,NULL
22761,5969,24448,NULL,NULL
22762,5969,24449,NULL,NULL
22763,5969,24450,NULL,NULL
22764,5969,24451,NULL,NULL
22765,5969,24452,NULL,NULL
22766,5969,24453,NULL,NULL
22767,5969,24454,NULL,NULL
22768,5969,24455,NULL,NULL
22769,5969,24456,NULL,NULL
22770,5969,24457,NULL,NULL
22771,5969,24458,NULL,NULL
22772,5969,24459,NULL,NULL
22773,5969,24460,NULL,NULL
22774,5969,24461,NULL,NULL
22775,5969,24462,NULL,NULL
22776,5969,24463,NULL,NULL
22777,5969,24464,NULL,NULL
22778,5969,24465,NULL,NULL
22779,5969,24466,NULL,NULL
22780,5969,24467,NULL,NULL
22781,5969,24468,NULL,NULL
22782,5969,24469,NULL,NULL
22783,9660,24470,NULL,NULL
22784,5638,24471,NULL,NULL
22785,5640,24472,NULL,NULL
22786,5641,24473,NULL,NULL
22787,5642,24474,NULL,NULL
22788,5646,24475,NULL,NULL
22789,5649,24476,NULL,NULL
22790,5645,24477,NULL,NULL
22791,5647,24478,NULL,NULL
22792,5648,24479,NULL,NULL
22793,9661,24480,NULL,NULL
22794,9662,24481,NULL,NULL
22795,9663,24482,NULL,NULL
22796,9664,24483,NULL,NULL
22797,9664,24484,NULL,NULL
22798,9664,24485,NULL,NULL
22799,9664,24486,NULL,NULL
22800,9664,24487,NULL,NULL
22801,9664,24488,NULL,NULL
22802,9664,24489,NULL,NULL
22803,9664,24490,NULL,NULL
22804,9664,24491,NULL,NULL
22805,9665,24492,NULL,NULL
22806,9666,24493,NULL,NULL
22807,9667,24494,NULL,NULL
22808,9669,24495,NULL,NULL
22809,9669,24496,NULL,NULL
22810,9669,24497,NULL,NULL
22811,9669,24498,NULL,NULL
22812,9669,24499,NULL,NULL
22813,9669,24500,NULL,NULL
22814,9669,24501,NULL,NULL
22815,9669,24502,NULL,NULL
22816,9669,24503,NULL,NULL
22817,9669,24504,NULL,NULL
22818,9669,24505,NULL,NULL
22819,9669,24506,NULL,NULL
22820,9669,24507,NULL,NULL
22821,9669,24508,NULL,NULL
22822,9670,24509,NULL,NULL
22823,6059,24510,NULL,NULL
22824,564,24511,NULL,NULL
22825,564,24512,NULL,NULL
22832,564,24519,NULL,NULL
22845,564,24532,NULL,NULL
22855,9671,24542,NULL,NULL
22856,9671,24543,NULL,NULL
22857,9671,24544,NULL,NULL
22858,9672,24545,NULL,NULL
22859,564,24546,NULL,NULL
22866,564,24553,NULL,NULL
22867,526,24554,NULL,NULL
22868,526,24555,NULL,NULL
22870,526,24557,NULL,NULL
22871,526,24558,NULL,NULL
22872,526,24559,NULL,NULL
22873,9673,24560,NULL,NULL
22874,9674,24561,NULL,NULL
22875,9673,24562,NULL,NULL
22876,9674,24563,NULL,NULL
22877,9673,24564,NULL,NULL
22878,9674,24565,NULL,NULL
22879,9673,24566,NULL,NULL
22880,9674,24567,NULL,NULL
22881,9673,24568,NULL,NULL
22883,9673,24570,NULL,NULL
22884,9674,24571,NULL,NULL
22885,9673,24572,NULL,NULL
22886,9674,24573,NULL,NULL
22887,9673,24574,NULL,NULL
22888,9674,24575,NULL,NULL
22889,9673,24576,NULL,NULL
22890,9674,24577,NULL,NULL
22891,9673,24578,NULL,NULL
22892,9674,24579,NULL,NULL
22893,9673,24580,NULL,NULL
22896,9674,24583,NULL,NULL
22897,9673,24584,NULL,NULL
22898,9674,24585,NULL,NULL
22899,9673,24586,NULL,NULL
22900,9674,24587,NULL,NULL
22901,9673,24588,NULL,NULL
22902,9674,24589,NULL,NULL
22903,9673,24590,NULL,NULL
22904,9674,24591,NULL,NULL
22905,9673,24592,NULL,NULL
22906,9674,24593,NULL,NULL
22907,9673,24594,NULL,NULL
22908,9674,24595,NULL,NULL
22909,9673,24596,NULL,NULL
22910,9674,24597,NULL,NULL
22911,9673,24598,NULL,NULL
22912,9674,24599,NULL,NULL
22913,9673,24600,NULL,NULL
22914,9674,24601,NULL,NULL
22915,9673,24602,NULL,NULL
22916,9674,24603,NULL,NULL
22917,9673,24604,NULL,NULL
22918,9674,24605,NULL,NULL
22919,9673,24606,NULL,NULL
22921,9673,24608,NULL,NULL
22922,9674,24609,NULL,NULL
22923,9673,24610,NULL,NULL
22924,9674,24611,NULL,NULL
22925,9673,24612,NULL,NULL
22926,9674,24613,NULL,NULL
22927,9673,24614,NULL,NULL
22928,9674,24615,NULL,NULL
22929,9673,24616,NULL,NULL
22930,9674,24617,NULL,NULL
22931,9673,24618,NULL,NULL
22932,9674,24619,NULL,NULL
22933,9673,24620,NULL,NULL
22934,9674,24621,NULL,NULL
22935,9673,24622,NULL,NULL
22936,9674,24623,NULL,NULL
22937,9673,24624,NULL,NULL
22938,9674,24625,NULL,NULL
22939,9675,24626,NULL,NULL
22940,9675,24627,NULL,NULL
22941,9675,24628,NULL,NULL
22942,9675,24629,NULL,NULL
22943,9675,24630,NULL,NULL
22944,9675,24631,NULL,NULL
22945,9675,24632,NULL,NULL
22946,9675,24633,NULL,NULL
22947,9675,24634,NULL,NULL
22948,9675,24635,NULL,NULL
22949,9675,24636,NULL,NULL
22950,9675,24637,NULL,NULL
22951,9675,24638,NULL,NULL
22952,9675,24639,NULL,NULL
22953,9675,24640,NULL,NULL
22954,9676,24641,NULL,NULL
22955,9676,24642,NULL,NULL
22956,9676,24643,NULL,NULL
22957,9676,24644,NULL,NULL
22958,9676,24645,NULL,NULL
22959,9676,24646,NULL,NULL
22960,9676,24647,NULL,NULL
22961,9676,24648,NULL,NULL
22962,9676,24649,NULL,NULL
22963,9676,24650,NULL,NULL
22964,9676,24651,NULL,NULL
22965,9676,24652,NULL,NULL
22966,9676,24653,NULL,NULL
22967,9676,24654,NULL,NULL
22968,9676,24655,NULL,NULL
22969,9677,24656,NULL,NULL
22970,9677,24657,NULL,NULL
22971,9677,24658,NULL,NULL
22972,9677,24659,NULL,NULL
22973,9677,24660,NULL,NULL
22974,9677,24661,NULL,NULL
22975,9677,24662,NULL,NULL
22976,9677,24663,NULL,NULL
22977,9677,24664,NULL,NULL
22978,9677,24665,NULL,NULL
22979,9677,24666,NULL,NULL
22980,9677,24667,NULL,NULL
22981,9677,24668,NULL,NULL
22982,9677,24669,NULL,NULL
22983,9677,24670,NULL,NULL
22984,9678,24671,NULL,NULL
22985,9678,24672,NULL,NULL
22986,9678,24673,NULL,NULL
22987,9678,24674,NULL,NULL
22988,9678,24675,NULL,NULL
22989,9678,24676,NULL,NULL
22990,9678,24677,NULL,NULL
22991,9678,24678,NULL,NULL
22992,9678,24679,NULL,NULL
22993,9678,24680,NULL,NULL
22994,9678,24681,NULL,NULL
22995,9678,24682,NULL,NULL
22996,9678,24683,NULL,NULL
22997,9678,24684,NULL,NULL
22998,9678,24685,NULL,NULL
22999,9679,24686,NULL,NULL
23000,9679,24687,NULL,NULL
23001,9679,24688,NULL,NULL
23002,9679,24689,NULL,NULL
23003,9679,24690,NULL,NULL
23004,9679,24691,NULL,NULL
23005,9679,24692,NULL,NULL
23006,9679,24693,NULL,NULL
23007,9679,24694,NULL,NULL
23008,9679,24695,NULL,NULL
23010,9679,24697,NULL,NULL
23011,9679,24698,NULL,NULL
23012,9679,24699,NULL,NULL
23013,9679,24700,NULL,NULL
23014,9680,24701,NULL,NULL
23015,9680,24702,NULL,NULL
23016,9680,24703,NULL,NULL
23017,9680,24704,NULL,NULL
23018,9680,24705,NULL,NULL
23019,9680,24706,NULL,NULL
23020,9680,24707,NULL,NULL
23021,9680,24708,NULL,NULL
23022,9680,24709,NULL,NULL
23023,9680,24710,NULL,NULL
23024,9680,24711,NULL,NULL
23025,9680,24712,NULL,NULL
23026,9680,24713,NULL,NULL
23027,9680,24714,NULL,NULL
23028,9680,24715,NULL,NULL
23030,9681,24717,NULL,NULL
23031,9682,24718,NULL,NULL
23032,9683,24719,NULL,NULL
23033,10164,24720,NULL,NULL
23034,9685,24721,NULL,NULL
23035,9686,24722,NULL,NULL
23036,9687,24723,NULL,NULL
23037,9688,24724,NULL,NULL
23038,9689,24725,NULL,NULL
23047,2123,24734,NULL,NULL
23048,2123,24735,NULL,NULL
23052,2123,24739,NULL,NULL
23053,2123,24740,NULL,NULL
23054,9691,24741,NULL,NULL
23055,9693,24742,NULL,NULL
23056,568,24743,NULL,NULL
23058,568,24745,NULL,NULL
23059,568,24746,NULL,NULL
23060,568,24747,NULL,NULL
23061,568,24748,NULL,NULL
23062,9694,24749,NULL,NULL
23063,9694,24750,NULL,NULL
23064,9695,24751,NULL,NULL
23065,9695,24752,NULL,NULL
23066,9677,24753,NULL,NULL
23067,9677,24754,NULL,NULL
23068,9676,24755,NULL,NULL
23069,9676,24756,NULL,NULL
23070,9676,24757,NULL,NULL
23071,504,24758,NULL,NULL
23072,467,24759,NULL,NULL
23073,3888,24760,NULL,2025-07-31 14:03:29.430
23074,3888,24761,NULL,2025-08-04 15:15:20.000
23075,9696,24762,NULL,NULL
23076,9697,24763,NULL,NULL
23079,474,24766,NULL,NULL
23080,9698,24767,NULL,NULL
23081,9699,24768,NULL,NULL
23082,9698,24769,NULL,NULL
23083,498,24770,NULL,NULL
23084,531,24771,NULL,NULL
23085,906,24772,NULL,NULL
23086,906,24773,NULL,NULL
23087,906,24774,NULL,NULL
23092,9700,24779,NULL,NULL
23093,9700,24780,NULL,NULL
23094,9700,24781,NULL,NULL
23095,9700,24782,NULL,NULL
23096,5422,24783,NULL,NULL
23097,6317,24784,NULL,NULL
23098,9701,24785,NULL,NULL
23099,9702,24786,NULL,NULL
23100,1527,24787,NULL,NULL
23101,1527,24788,NULL,NULL
23102,1527,24789,NULL,NULL
23103,1527,24790,NULL,NULL
23104,1527,24791,NULL,NULL
23105,1527,24792,NULL,NULL
23106,1527,24793,NULL,NULL
23107,1527,24794,NULL,NULL
23108,1527,24795,NULL,NULL
23109,1527,24796,NULL,NULL
23110,1527,24797,NULL,NULL
23111,1527,24798,NULL,NULL
23112,9703,24799,NULL,NULL
23113,9704,24800,NULL,NULL
23114,509,24801,NULL,NULL
23115,509,24802,NULL,NULL
23116,509,24803,NULL,NULL
23117,509,24804,NULL,NULL
23118,509,24805,NULL,NULL
23119,509,24806,NULL,NULL
23120,509,24807,NULL,NULL
23121,509,24808,NULL,NULL
23122,509,24809,NULL,NULL
23123,509,24810,NULL,NULL
23125,509,24812,NULL,NULL
23126,509,24813,NULL,NULL
23127,509,24814,NULL,NULL
23128,509,24815,NULL,NULL
23129,509,24816,NULL,NULL
23143,509,24830,NULL,NULL
23144,509,24831,NULL,NULL
23145,509,24832,NULL,NULL
23146,509,24833,NULL,NULL
23149,523,24836,NULL,NULL
23150,9705,24837,NULL,NULL
23151,9705,24838,NULL,NULL
23152,9705,24839,NULL,NULL
23153,9705,24840,NULL,NULL
23154,9705,24841,NULL,NULL
23155,9705,24842,NULL,NULL
23156,9705,24843,NULL,NULL
23157,9705,24844,NULL,NULL
23158,9705,24845,NULL,NULL
23159,9705,24846,NULL,NULL
23160,9705,24847,NULL,NULL
23161,9705,24848,NULL,NULL
23162,9705,24849,NULL,NULL
23163,9705,24850,NULL,NULL
23164,9705,24851,NULL,NULL
23165,9705,24852,NULL,NULL
23166,9705,24853,NULL,NULL
23167,9705,24854,NULL,NULL
23168,9705,24855,NULL,NULL
23169,9705,24856,NULL,NULL
23170,9705,24857,NULL,NULL
23171,9705,24858,NULL,NULL
23172,9705,24859,NULL,NULL
23173,9706,24860,NULL,NULL
23174,9707,24861,NULL,NULL
23175,9708,24862,NULL,NULL
23176,9709,24863,NULL,NULL
23177,9710,24864,NULL,NULL
23178,9711,24865,NULL,NULL
23179,2620,24866,NULL,NULL
23180,9712,24867,NULL,NULL
23181,467,24868,NULL,NULL
23182,9713,24869,NULL,NULL
23183,6218,24870,NULL,2023-11-09 11:50:58.853
23184,6218,24871,NULL,2023-11-09 12:24:29.597
23185,6218,24872,NULL,2023-11-09 12:07:58.290
23186,6218,24873,NULL,NULL
23187,6218,24874,NULL,NULL
23188,9714,24875,NULL,NULL
23189,9716,24876,NULL,NULL
23190,9717,24877,NULL,NULL
23191,9718,24878,NULL,NULL
23192,449,24879,NULL,NULL
23193,9719,24880,NULL,NULL
23194,9720,24881,NULL,NULL
23195,2990,24882,NULL,NULL
23196,2990,24883,NULL,NULL
23197,2990,24884,NULL,NULL
23198,2990,24885,NULL,NULL
23199,2990,24886,NULL,NULL
23200,2990,24887,NULL,NULL
23201,2990,24888,NULL,NULL
23202,9721,24889,NULL,NULL
23203,4961,24890,NULL,NULL
23204,4497,24891,NULL,NULL
23205,464,24892,NULL,NULL
23206,9722,24893,NULL,NULL
23207,570,24894,NULL,NULL
23208,9723,24895,NULL,NULL
23209,9724,24896,NULL,NULL
23210,9725,24897,NULL,NULL
23211,9726,24898,NULL,NULL
23212,9727,24899,NULL,NULL
23213,9727,24900,NULL,NULL
23214,9727,24901,NULL,NULL
23215,3655,24902,NULL,NULL
23216,3655,24903,NULL,NULL
23217,442,24904,NULL,NULL
23218,509,24905,NULL,NULL
23219,467,24906,NULL,NULL
23221,9729,24908,NULL,NULL
23222,472,24909,NULL,NULL
23223,472,24910,NULL,NULL
23224,9730,24911,NULL,NULL
23225,9730,24912,NULL,NULL
23226,9730,24913,NULL,NULL
23227,9730,24914,NULL,NULL
23228,9731,24915,NULL,NULL
23229,9732,24916,NULL,NULL
23246,509,24933,NULL,NULL
23247,509,24934,NULL,NULL
23248,509,24935,NULL,NULL
23249,9733,24936,NULL,NULL
23250,9734,24937,NULL,NULL
23251,9735,24938,NULL,NULL
23252,9736,24939,NULL,NULL
23253,452,24940,NULL,NULL
23254,515,24941,NULL,NULL
23255,9737,24942,NULL,NULL
23256,9738,24943,NULL,NULL
23257,452,24944,NULL,NULL
23258,9740,24945,NULL,NULL
23259,9739,24946,NULL,NULL
23260,9739,24947,NULL,NULL
23261,469,24948,NULL,NULL
23262,448,24949,NULL,NULL
23263,9741,24950,NULL,NULL
23264,9742,24951,NULL,NULL
23265,9744,24952,NULL,NULL
23266,9745,24953,NULL,NULL
23267,9746,24954,NULL,NULL
23268,9747,24955,NULL,NULL
23269,9748,24956,NULL,NULL
23270,9749,24957,NULL,NULL
23271,9750,24958,NULL,NULL
23272,9751,24959,NULL,2025-06-25 15:29:20.967
23273,9752,24960,NULL,NULL
23274,9753,24961,NULL,NULL
23275,9754,24962,NULL,NULL
23276,9755,24963,NULL,NULL
23277,9756,24964,NULL,NULL
23278,9757,24965,NULL,NULL
23279,9758,24966,NULL,NULL
23280,9759,24967,NULL,NULL
23281,9759,24968,NULL,NULL
23282,9759,24969,NULL,NULL
23283,9759,24970,NULL,NULL
23284,9759,24971,NULL,NULL
23285,9759,24972,NULL,NULL
23286,9759,24973,NULL,NULL
23287,9759,24974,NULL,NULL
23288,9759,24975,NULL,NULL
23289,9759,24976,NULL,NULL
23290,9759,24977,NULL,NULL
23291,9759,24978,NULL,NULL
23292,9760,24979,NULL,NULL
23293,9761,24980,NULL,NULL
23294,9762,24981,NULL,2023-08-08 15:21:24.733
23295,9763,24982,NULL,NULL
23296,9764,24983,NULL,NULL
23297,515,24984,NULL,NULL
23298,1217,24985,NULL,NULL
23299,4819,24986,NULL,NULL
23300,4819,24987,NULL,NULL
23301,4819,24988,NULL,NULL
23302,4819,24989,NULL,NULL
23303,4819,24990,NULL,NULL
23304,4819,24991,NULL,NULL
23305,4819,24992,NULL,NULL
23306,4819,24993,NULL,NULL
23307,4819,24994,NULL,NULL
23308,4819,24995,NULL,NULL
23309,4819,24996,NULL,NULL
23310,4819,24997,NULL,NULL
23311,4819,24998,NULL,NULL
23312,4819,24999,NULL,NULL
23313,4819,25000,NULL,NULL
23314,4819,25001,NULL,NULL
23315,4819,25002,NULL,NULL
23316,4819,25003,NULL,NULL
23317,4819,25004,NULL,NULL
23318,9765,25005,NULL,NULL
23319,9766,25006,NULL,NULL
23320,531,25007,NULL,NULL
23321,9767,25008,NULL,NULL
23322,11811,25009,NULL,2024-04-02 12:31:15.600
23323,11811,25010,NULL,2024-04-02 12:31:48.597
23324,9769,25011,NULL,NULL
23325,9770,25012,NULL,NULL
23326,9771,25013,NULL,NULL
23327,9772,25014,NULL,NULL
23328,9772,25015,NULL,NULL
23329,9772,25016,NULL,NULL
23330,9772,25017,NULL,NULL
23331,9772,25018,NULL,NULL
23332,9772,25019,NULL,NULL
23333,9772,25020,NULL,NULL
23334,9772,25021,NULL,NULL
23335,9772,25022,NULL,NULL
23336,9772,25023,NULL,NULL
23337,9772,25024,NULL,NULL
23338,9772,25025,NULL,NULL
23339,9772,25026,NULL,NULL
23340,9772,25027,NULL,NULL
23341,9772,25028,NULL,NULL
23342,9772,25029,NULL,NULL
23343,9772,25030,NULL,NULL
23344,9772,25031,NULL,NULL
23345,9772,25032,NULL,NULL
23346,9772,25033,NULL,NULL
23347,9772,25034,NULL,NULL
23348,9772,25035,NULL,NULL
23349,9772,25036,NULL,NULL
23350,9772,25037,NULL,NULL
23351,9772,25038,NULL,NULL
23352,9772,25039,NULL,NULL
23353,9772,25040,NULL,NULL
23355,9772,25042,NULL,NULL
23356,9772,25043,NULL,NULL
23357,9772,25044,NULL,NULL
23358,9772,25045,NULL,NULL
23359,9772,25046,NULL,NULL
23360,9772,25047,NULL,NULL
23361,9772,25048,NULL,NULL
23362,9772,25049,NULL,NULL
23363,9772,25050,NULL,NULL
23364,9772,25051,NULL,NULL
23365,9772,25052,NULL,NULL
23366,9772,25053,NULL,NULL
23367,9772,25054,NULL,NULL
23368,9772,25055,NULL,NULL
23369,9772,25056,NULL,NULL
23370,9772,25057,NULL,NULL
23372,9772,25059,NULL,NULL
23373,9772,25060,NULL,NULL
23374,9772,25061,NULL,NULL
23375,9772,25062,NULL,NULL
23376,9772,25063,NULL,NULL
23377,9772,25064,NULL,NULL
23378,9773,25065,NULL,NULL
23379,9774,25066,NULL,NULL
23380,470,25067,NULL,NULL
23381,4737,25068,NULL,NULL
23382,4737,25069,NULL,NULL
23383,4737,25070,NULL,NULL
23384,4737,25071,NULL,NULL
23385,4737,25072,NULL,NULL
23386,4737,25073,NULL,NULL
23387,4737,25074,NULL,NULL
23388,4737,25075,NULL,NULL
23389,4737,25076,NULL,NULL
23390,4737,25077,NULL,NULL
23391,9775,25078,NULL,NULL
23392,9775,25079,NULL,NULL
23393,9775,25080,NULL,NULL
23394,9775,25081,NULL,NULL
23395,9775,25082,NULL,NULL
23397,9775,25084,NULL,NULL
23398,9775,25085,NULL,NULL
23399,9775,25086,NULL,NULL
23401,9775,25088,NULL,NULL
23402,9775,25089,NULL,NULL
23403,9775,25090,NULL,NULL
23404,9775,25091,NULL,NULL
23405,9775,25092,NULL,NULL
23407,4737,25094,NULL,NULL
23408,4737,25095,NULL,NULL
23409,4737,25096,NULL,NULL
23410,9775,25097,NULL,NULL
23411,3888,25098,NULL,2025-07-31 15:43:15.707
23413,9776,25100,NULL,NULL
23414,9776,25101,NULL,NULL
23415,9776,25102,NULL,NULL
23416,9777,25103,NULL,NULL
23417,9778,25104,NULL,NULL
23431,9779,25118,NULL,NULL
23432,9780,25119,NULL,NULL
23433,9781,25120,NULL,NULL
23434,502,25121,NULL,NULL
23435,1527,25122,NULL,NULL
23436,1527,25123,NULL,NULL
23438,9784,25125,NULL,NULL
23439,9785,25126,NULL,NULL
23440,9786,25127,NULL,NULL
23441,492,25128,NULL,NULL
23442,9787,25129,NULL,NULL
23443,6480,25130,NULL,NULL
23444,6480,25131,NULL,NULL
23445,9788,25132,NULL,NULL
23446,9789,25133,NULL,NULL
23447,465,25134,NULL,NULL
23448,9790,25135,NULL,NULL
23449,9791,25136,NULL,NULL
23450,9792,25137,NULL,NULL
23451,9792,25138,NULL,NULL
23452,9792,25139,NULL,NULL
23453,9792,25140,NULL,NULL
23454,9792,25141,NULL,NULL
23455,9792,25142,NULL,NULL
23456,9792,25143,NULL,NULL
23457,9792,25144,NULL,NULL
23458,9792,25145,NULL,NULL
23459,9792,25146,NULL,NULL
23460,9792,25147,NULL,NULL
23461,9792,25148,NULL,NULL
23462,9792,25149,NULL,NULL
23463,9792,25150,NULL,NULL
23464,9792,25151,NULL,NULL
23465,9793,25152,NULL,NULL
23466,9793,25153,NULL,NULL
23467,9793,25154,NULL,NULL
23468,9793,25155,NULL,NULL
23469,9793,25156,NULL,NULL
23470,9793,25157,NULL,NULL
23471,9793,25158,NULL,NULL
23472,9793,25159,NULL,NULL
23473,9793,25160,NULL,NULL
23474,9793,25161,NULL,NULL
23475,9793,25162,NULL,NULL
23476,9793,25163,NULL,NULL
23477,9793,25164,NULL,NULL
23478,9793,25165,NULL,NULL
23479,9793,25166,NULL,NULL
23480,9794,25167,NULL,NULL
23481,9795,25168,NULL,NULL
23482,9796,25169,NULL,NULL
23483,9797,25170,NULL,NULL
23484,825,25171,NULL,NULL
23485,9798,25172,NULL,NULL
23486,9799,25173,NULL,NULL
23487,9800,25174,NULL,NULL
23488,9801,25175,NULL,NULL
23489,9802,25176,NULL,NULL
23490,9803,25177,NULL,NULL
23491,9804,25178,NULL,NULL
23492,9805,25179,NULL,NULL
23493,603,25180,NULL,NULL
23494,603,25181,NULL,NULL
23495,9806,25182,NULL,NULL
23496,498,25183,NULL,NULL
23497,9807,25184,NULL,2025-01-03 12:31:48.160
23498,9808,25185,NULL,2025-08-22 14:24:10.150
23499,9811,25186,NULL,NULL
23500,9812,25187,NULL,NULL
23509,9821,25196,NULL,NULL
23510,483,25197,NULL,NULL
23512,9823,25199,NULL,NULL
23513,9824,25200,NULL,NULL
23514,9825,25201,NULL,NULL
23515,531,25202,NULL,NULL
23516,9826,25203,NULL,NULL
23517,1991,25204,NULL,NULL
23518,1991,25205,NULL,NULL
23519,1991,25206,NULL,NULL
23520,9827,25207,NULL,NULL
23521,9828,25208,NULL,NULL
23522,9829,25209,NULL,NULL
23526,591,25213,NULL,NULL
23527,591,25214,NULL,NULL
23528,9830,25215,NULL,NULL
23529,9830,25216,NULL,NULL
23530,9830,25217,NULL,NULL
23531,9831,25218,NULL,NULL
23532,9831,25219,NULL,NULL
23533,9831,25220,NULL,NULL
23534,9831,25221,NULL,NULL
23535,9832,25222,NULL,NULL
23536,9833,25223,NULL,NULL
23537,9834,25224,NULL,NULL
23538,9835,25225,NULL,NULL
23539,9836,25226,NULL,NULL
23540,9837,25227,NULL,NULL
23548,3360,25235,NULL,NULL
23552,3360,25239,NULL,NULL
23555,3360,25242,NULL,NULL
23566,9838,25253,NULL,NULL
23567,9839,25254,NULL,NULL
23568,9840,25255,NULL,NULL
23569,1231,25256,NULL,NULL
23570,9841,25257,NULL,NULL
23571,9842,25258,NULL,NULL
23572,9843,25259,NULL,NULL
23573,9844,25260,NULL,NULL
23574,4512,25261,NULL,NULL
23575,4512,25262,NULL,NULL
23576,4512,25263,NULL,NULL
23577,9845,25264,NULL,NULL
23579,1991,25266,NULL,NULL
23580,1991,25267,NULL,NULL
23581,1991,25268,NULL,NULL
23582,9759,25269,NULL,NULL
23583,9759,25270,NULL,NULL
23584,9846,25271,NULL,NULL
23585,474,25272,NULL,NULL
23586,474,25273,NULL,NULL
23589,474,25276,NULL,2025-07-24 09:02:15.133
23590,4737,25277,NULL,NULL
23591,9775,25278,NULL,NULL
23592,467,25279,NULL,NULL
23594,564,25281,NULL,NULL
23630,582,25317,NULL,NULL
23631,904,25318,NULL,NULL
23632,3758,25319,NULL,NULL
23633,9847,25320,NULL,NULL
23634,3859,25321,NULL,NULL
23635,3859,25322,NULL,NULL
23636,3859,25323,NULL,NULL
23637,3859,25324,NULL,NULL
23638,3859,25325,NULL,NULL
23639,3859,25326,NULL,NULL
23640,3859,25327,NULL,NULL
23641,3859,25328,NULL,NULL
23642,3859,25329,NULL,NULL
23663,9849,25350,NULL,NULL
23665,9849,25352,NULL,NULL
23666,9849,25353,NULL,NULL
23670,9849,25357,NULL,NULL
23672,9850,25359,NULL,NULL
23673,9850,25360,NULL,NULL
23674,9850,25361,NULL,NULL
23675,9852,25362,NULL,NULL
23676,9851,25363,NULL,NULL
23677,9853,25364,NULL,NULL
23678,532,25365,NULL,NULL
23679,9854,25366,NULL,NULL
23680,531,25367,NULL,NULL
23682,1920,25369,NULL,NULL
23683,9856,25370,NULL,2024-03-15 14:34:55.097
23684,9857,25371,NULL,NULL
23685,9858,25372,NULL,NULL
23686,9859,25373,NULL,NULL
23687,9860,25374,NULL,NULL
23688,9850,25375,NULL,NULL
23689,9850,25376,NULL,NULL
23690,9861,25377,NULL,NULL
23691,9862,25378,NULL,NULL
23692,8365,25379,NULL,NULL
23693,9863,25380,NULL,NULL
23694,9864,25381,NULL,NULL
23695,9865,25382,NULL,NULL
23696,9865,25383,NULL,NULL
23697,9865,25384,NULL,NULL
23698,9865,25385,NULL,NULL
23699,9865,25386,NULL,NULL
23700,9865,25387,NULL,NULL
23701,9866,25388,NULL,NULL
23702,9867,25389,NULL,NULL
23703,510,25390,NULL,NULL
23704,510,25391,NULL,NULL
23705,510,25392,NULL,NULL
23706,9868,25393,NULL,NULL
23707,9869,25394,NULL,NULL
23709,9870,25396,NULL,NULL
23710,9871,25397,NULL,NULL
23711,9872,25398,NULL,NULL
23712,9873,25399,NULL,NULL
23713,9875,25400,NULL,NULL
23714,9876,25401,NULL,NULL
23715,9877,25402,NULL,NULL
23716,9878,25403,NULL,NULL
23718,1496,25405,NULL,NULL
23719,1496,25406,NULL,NULL
23720,9879,25407,NULL,NULL
23721,9880,25408,NULL,NULL
23722,9759,25409,NULL,NULL
23723,9759,25410,NULL,NULL
23724,9883,25411,NULL,NULL
23725,526,25412,NULL,NULL
23726,9884,25413,NULL,NULL
23727,9885,25414,NULL,NULL
23728,9886,25415,NULL,NULL
23729,9887,25416,NULL,NULL
23730,9888,25417,NULL,NULL
23731,9889,25418,NULL,NULL
23732,9890,25419,NULL,NULL
23733,9891,25420,NULL,NULL
23734,9892,25421,NULL,NULL
23735,9893,25422,NULL,NULL
23736,9894,25423,NULL,NULL
23737,9772,25424,NULL,NULL
23738,9772,25425,NULL,NULL
23739,9772,25426,NULL,NULL
23740,9772,25427,NULL,NULL
23741,9772,25428,NULL,NULL
23742,9772,25429,NULL,NULL
23743,9772,25430,NULL,NULL
23744,9772,25431,NULL,NULL
23745,9772,25432,NULL,NULL
23746,9772,25433,NULL,NULL
23747,9772,25434,NULL,NULL
23748,9772,25435,NULL,NULL
23749,9772,25436,NULL,NULL
23750,9772,25437,NULL,NULL
23751,9772,25438,NULL,NULL
23752,9772,25439,NULL,NULL
23753,9772,25440,NULL,NULL
23754,9772,25441,NULL,NULL
23755,9772,25442,NULL,NULL
23756,9772,25443,NULL,NULL
23757,9772,25444,NULL,NULL
23758,9772,25445,NULL,NULL
23759,10252,25446,NULL,NULL
23760,9895,25447,NULL,NULL
23761,9896,25448,NULL,NULL
23762,9897,25449,NULL,NULL
23763,9898,25450,NULL,NULL
23764,9898,25451,NULL,NULL
23765,9898,25452,NULL,NULL
23766,9898,25453,NULL,NULL
23767,9898,25454,NULL,NULL
23768,9898,25455,NULL,NULL
23769,9898,25456,NULL,NULL
23770,9898,25457,NULL,NULL
23771,9898,25458,NULL,NULL
23772,9898,25459,NULL,NULL
23773,2270,25460,NULL,NULL
23774,526,25461,NULL,NULL
23775,526,25462,NULL,NULL
23776,526,25463,NULL,NULL
23777,526,25464,NULL,NULL
23778,526,25465,NULL,NULL
23779,526,25466,NULL,NULL
23782,526,25469,NULL,NULL
23783,526,25470,NULL,NULL
23784,526,25471,NULL,NULL
23785,526,25472,NULL,NULL
23786,526,25473,NULL,NULL
23787,526,25474,NULL,NULL
23788,526,25475,NULL,NULL
23789,526,25476,NULL,NULL
23790,526,25477,NULL,NULL
23791,526,25478,NULL,NULL
23792,526,25479,NULL,NULL
23793,526,25480,NULL,NULL
23795,526,25482,NULL,NULL
23796,526,25483,NULL,NULL
23798,526,25485,NULL,NULL
23799,526,25486,NULL,NULL
23800,526,25487,NULL,NULL
23801,526,25488,NULL,NULL
23802,526,25489,NULL,NULL
23803,526,25490,NULL,NULL
23804,526,25491,NULL,NULL
23805,526,25492,NULL,NULL
23806,526,25493,NULL,NULL
23808,526,25495,NULL,NULL
23810,526,25497,NULL,NULL
23813,526,25500,NULL,NULL
23819,526,25506,NULL,NULL
23821,526,25508,NULL,NULL
23822,526,25509,NULL,NULL
23823,526,25510,NULL,NULL
23824,526,25511,NULL,NULL
23825,526,25512,NULL,NULL
23826,526,25513,NULL,NULL
23827,526,25514,NULL,NULL
23828,526,25515,NULL,NULL
23829,526,25516,NULL,NULL
23835,526,25522,NULL,NULL
23836,526,25523,NULL,NULL
23837,526,25524,NULL,NULL
23838,526,25525,NULL,NULL
23839,9900,25526,NULL,NULL
23840,9901,25527,NULL,NULL
23841,9902,25528,NULL,NULL
23844,9907,25531,NULL,NULL
23845,9908,25532,NULL,NULL
23846,9909,25533,NULL,NULL
23847,9910,25534,NULL,NULL
23848,9911,25535,NULL,NULL
23849,9912,25536,NULL,NULL
23850,9913,25537,NULL,NULL
23851,9914,25538,NULL,NULL
23852,9915,25539,NULL,NULL
23853,9916,25540,NULL,NULL
23854,9917,25541,NULL,NULL
23855,9918,25542,NULL,NULL
23856,9920,25543,NULL,NULL
23857,9920,25544,NULL,NULL
23858,9920,25545,NULL,NULL
23859,9920,25546,NULL,NULL
23860,9920,25547,NULL,NULL
23861,9920,25548,NULL,NULL
23862,9920,25549,NULL,NULL
23863,9920,25550,NULL,NULL
23864,9920,25551,NULL,NULL
23865,9920,25552,NULL,NULL
23866,9920,25553,NULL,NULL
23867,9920,25554,NULL,NULL
23868,9920,25555,NULL,NULL
23869,9920,25556,NULL,NULL
23870,9920,25557,NULL,NULL
23871,12572,25558,NULL,2023-10-20 13:51:48.767
23872,9922,25559,NULL,NULL
23873,9923,25560,NULL,NULL
23874,9924,25561,NULL,NULL
23875,9925,25562,NULL,NULL
23876,9926,25563,NULL,NULL
23877,509,25564,NULL,NULL
23878,509,25565,NULL,NULL
23879,9927,25566,NULL,NULL
23880,9928,25567,NULL,NULL
23881,3128,25568,NULL,NULL
23882,3128,25569,NULL,NULL
23883,9929,25570,NULL,NULL
23884,9930,25571,NULL,NULL
23885,9931,25572,NULL,NULL
23888,9849,25575,NULL,NULL
23905,9932,25592,NULL,NULL
23907,9934,25594,NULL,NULL
23908,9935,25595,NULL,NULL
23909,464,25596,NULL,NULL
23910,2018,25597,NULL,NULL
23911,2018,25598,NULL,NULL
23912,2018,25599,NULL,NULL
23913,2018,25600,NULL,NULL
23914,2018,25601,NULL,NULL
23915,2018,25602,NULL,NULL
23916,2018,25603,NULL,NULL
23917,2018,25604,NULL,NULL
23918,2018,25605,NULL,NULL
23919,2018,25606,NULL,NULL
23920,9936,25607,NULL,NULL
23921,9937,25608,NULL,NULL
23922,467,25609,NULL,NULL
23923,542,25610,NULL,NULL
23924,9938,25611,NULL,NULL
23925,9938,25612,NULL,NULL
23926,9938,25613,NULL,NULL
23927,9938,25614,NULL,NULL
23928,9938,25615,NULL,NULL
23929,9938,25616,NULL,NULL
23930,9938,25617,NULL,NULL
23931,9938,25618,NULL,NULL
23932,9938,25619,NULL,NULL
23933,9938,25620,NULL,NULL
23934,9938,25621,NULL,NULL
23935,9938,25622,NULL,NULL
23936,9938,25623,NULL,NULL
23937,9938,25624,NULL,NULL
23938,9938,25625,NULL,NULL
23939,9938,25626,NULL,NULL
23940,9938,25627,NULL,NULL
23941,9938,25628,NULL,NULL
23943,9938,25630,NULL,NULL
23944,9938,25631,NULL,NULL
23945,9938,25632,NULL,NULL
23946,9938,25633,NULL,NULL
23947,9938,25634,NULL,NULL
23948,9938,25635,NULL,NULL
23949,9938,25636,NULL,NULL
23950,9938,25637,NULL,NULL
23951,9938,25638,NULL,NULL
23952,9938,25639,NULL,NULL
23953,9938,25640,NULL,NULL
23954,9938,25641,NULL,NULL
23955,9938,25642,NULL,NULL
23956,9938,25643,NULL,NULL
23957,1853,25644,NULL,NULL
23958,1853,25645,NULL,NULL
23959,4842,25646,NULL,NULL
23960,4842,25647,NULL,NULL
23961,4843,25648,NULL,NULL
23962,4843,25649,NULL,NULL
23963,4844,25650,NULL,NULL
23964,4844,25651,NULL,NULL
23965,7208,25652,NULL,NULL
23966,7208,25653,NULL,NULL
23967,565,25654,NULL,NULL
23971,9939,25658,NULL,NULL
23972,9940,25659,NULL,NULL
23973,9941,25660,NULL,NULL
23974,9942,25661,NULL,NULL
23975,9943,25662,NULL,NULL
23977,9945,25664,NULL,NULL
23978,9946,25665,NULL,NULL
23979,9947,25666,NULL,NULL
23980,9948,25667,NULL,NULL
23981,9949,25668,NULL,NULL
23982,3350,25669,NULL,NULL
23984,3350,25671,NULL,NULL
23985,3350,25672,NULL,NULL
23986,3350,25673,NULL,NULL
23987,3350,25674,NULL,NULL
23988,3350,25675,NULL,NULL
23990,3350,25677,NULL,NULL
23991,3350,25678,NULL,NULL
23992,3350,25679,NULL,NULL
23994,3350,25681,NULL,NULL
23995,3350,25682,NULL,NULL
23996,3350,25683,NULL,NULL
23997,3350,25684,NULL,NULL
23998,3350,25685,NULL,NULL
23999,3350,25686,NULL,NULL
24000,3350,25687,NULL,NULL
24001,3350,25688,NULL,NULL
24002,3350,25689,NULL,NULL
24003,3350,25690,NULL,NULL
24004,3350,25691,NULL,NULL
24005,3350,25692,NULL,NULL
24006,3350,25693,NULL,NULL
24007,3350,25694,NULL,NULL
24008,3350,25695,NULL,NULL
24009,3350,25696,NULL,NULL
24010,3350,25697,NULL,NULL
24011,3350,25698,NULL,NULL
24012,3350,25699,NULL,NULL
24013,3350,25700,NULL,NULL
24016,3350,25703,NULL,NULL
24017,3350,25704,NULL,NULL
24018,3350,25705,NULL,NULL
24019,3350,25706,NULL,NULL
24020,3350,25707,NULL,NULL
24022,3350,25709,NULL,NULL
24023,3350,25710,NULL,NULL
24024,3350,25711,NULL,NULL
24025,3350,25712,NULL,2025-04-24 11:47:51.297
24026,3350,25713,NULL,NULL
24027,3350,25714,NULL,NULL
24028,3350,25715,NULL,NULL
24031,3350,25718,NULL,NULL
24032,3350,25719,NULL,NULL
24037,3350,25724,NULL,NULL
24038,3350,25725,NULL,NULL
24039,3350,25726,NULL,NULL
24040,3350,25727,NULL,NULL
24041,9950,25728,NULL,NULL
24042,9950,25729,NULL,NULL
24043,9950,25730,NULL,NULL
24044,9950,25731,NULL,NULL
24045,9950,25732,NULL,NULL
24046,9950,25733,NULL,NULL
24047,9951,25734,NULL,NULL
24048,9952,25735,NULL,NULL
24049,9953,25736,NULL,NULL
24051,9955,25738,NULL,NULL
24052,3888,25739,NULL,NULL
24054,464,25741,NULL,NULL
24055,460,25742,NULL,NULL
24056,9958,25743,NULL,NULL
24057,9959,25744,NULL,NULL
24058,9960,25745,NULL,NULL
24059,9961,25746,NULL,NULL
24060,9961,25747,NULL,NULL
24061,9961,25748,NULL,NULL
24062,9961,25749,NULL,NULL
24063,9962,25750,NULL,NULL
24064,9963,25751,NULL,NULL
24065,8256,25752,NULL,NULL
24066,9964,25753,NULL,NULL
24067,477,25754,NULL,NULL
24068,1691,25755,NULL,NULL
24069,499,25756,NULL,NULL
24071,474,25758,NULL,NULL
24079,9965,25766,NULL,NULL
24080,9966,25767,NULL,NULL
24081,9967,25768,NULL,NULL
24082,9968,25769,NULL,NULL
24083,9969,25770,NULL,NULL
24084,9970,25771,NULL,NULL
24085,9971,25772,NULL,NULL
24086,9972,25773,NULL,NULL
24087,951,25774,NULL,NULL
24088,504,25775,NULL,NULL
24089,442,25776,NULL,NULL
24091,528,25778,NULL,NULL
24092,450,25779,NULL,NULL
24093,1340,25780,NULL,NULL
24094,1014,25781,NULL,NULL
24095,1014,25782,NULL,NULL
24096,1215,25783,NULL,NULL
24097,1215,25784,NULL,NULL
24098,1215,25785,NULL,NULL
24099,1529,25786,NULL,NULL
24100,1529,25787,NULL,NULL
24101,1529,25788,NULL,NULL
24102,1529,25789,NULL,NULL
24103,1529,25790,NULL,NULL
24104,877,25791,NULL,NULL
24105,1585,25792,NULL,NULL
24106,1585,25793,NULL,NULL
24107,1585,25794,NULL,NULL
24108,1585,25795,NULL,NULL
24109,789,25796,NULL,NULL
24110,789,25797,NULL,NULL
24111,789,25798,NULL,NULL
24112,789,25799,NULL,NULL
24113,789,25800,NULL,NULL
24114,789,25801,NULL,NULL
24115,789,25802,NULL,NULL
24116,789,25803,NULL,NULL
24117,789,25804,NULL,NULL
24118,789,25805,NULL,NULL
24119,789,25806,NULL,NULL
24120,789,25807,NULL,NULL
24121,789,25808,NULL,NULL
24122,789,25809,NULL,NULL
24123,789,25810,NULL,NULL
24124,789,25811,NULL,NULL
24125,1397,25812,NULL,NULL
24126,1052,25813,NULL,NULL
24127,1053,25814,NULL,NULL
24128,1053,25815,NULL,NULL
24129,1052,25816,NULL,NULL
24130,1052,25817,NULL,NULL
24131,1053,25818,NULL,NULL
24132,5340,25819,NULL,NULL
24133,5339,25820,NULL,NULL
24134,5338,25821,NULL,NULL
24135,9973,25822,NULL,NULL
24136,5337,25823,NULL,NULL
24137,9974,25824,NULL,NULL
24138,9976,25825,NULL,NULL
24139,542,25826,NULL,NULL
24140,542,25827,NULL,NULL
24141,542,25828,NULL,NULL
24142,9977,25829,NULL,NULL
24143,9978,25830,NULL,NULL
24144,9979,25831,NULL,NULL
24145,9980,25832,NULL,NULL
24146,9981,25833,NULL,NULL
24147,9982,25834,NULL,NULL
24148,9983,25835,NULL,NULL
24149,9984,25836,NULL,NULL
24150,9985,25837,NULL,NULL
24151,9986,25838,NULL,NULL
24152,9987,25839,NULL,NULL
24153,9988,25840,NULL,NULL
24154,9989,25841,NULL,NULL
24155,9990,25842,NULL,NULL
24156,9991,25843,NULL,NULL
24157,6762,25844,NULL,NULL
24158,9993,25845,NULL,NULL
24159,9994,25846,NULL,NULL
24160,498,25847,NULL,NULL
24161,9995,25848,NULL,NULL
24162,9996,25849,NULL,NULL
24163,9997,25850,NULL,NULL
24164,9998,25851,NULL,NULL
24165,9999,25852,NULL,NULL
24167,10002,25854,NULL,NULL
24168,10003,25855,NULL,NULL
24169,469,25856,NULL,NULL
24170,10004,25857,NULL,NULL
24171,10005,25858,NULL,NULL
24172,10006,25859,NULL,NULL
24173,3814,25860,NULL,NULL
24174,10007,25861,NULL,NULL
24175,10008,25862,NULL,NULL
24176,10009,25863,NULL,NULL
24177,10010,25864,NULL,NULL
24178,10011,25865,NULL,NULL
24184,482,25871,NULL,NULL
24185,10012,25872,NULL,NULL
24186,10013,25873,NULL,NULL
24187,582,25874,NULL,NULL
24188,10014,25875,NULL,NULL
24189,10015,25876,NULL,NULL
24190,5874,25877,NULL,NULL
24191,5874,25878,NULL,NULL
24192,5874,25879,NULL,NULL
24193,10017,25880,NULL,NULL
24194,3128,25881,NULL,NULL
24195,3128,25882,NULL,NULL
24196,445,25883,NULL,NULL
24197,452,25884,NULL,NULL
24198,10018,25885,NULL,NULL
24199,10018,25886,NULL,NULL
24200,10019,25887,NULL,NULL
24201,4148,25888,NULL,NULL
24202,10020,25889,NULL,NULL
24203,10021,25890,NULL,NULL
24204,10022,25891,NULL,NULL
24205,10023,25892,NULL,NULL
24206,10024,25893,NULL,NULL
24207,10025,25894,NULL,2023-07-06 13:18:47.347
24208,10026,25895,NULL,NULL
24209,10027,25896,NULL,NULL
24210,10028,25897,NULL,NULL
24211,10029,25898,NULL,NULL
24212,10029,25899,NULL,NULL
24213,10031,25900,NULL,NULL
24214,10031,25901,NULL,NULL
24215,10030,25902,NULL,NULL
24216,10030,25903,NULL,NULL
24217,10029,25904,NULL,NULL
24218,10029,25905,NULL,NULL
24219,10029,25906,NULL,NULL
24220,10029,25907,NULL,NULL
24221,10032,25908,NULL,NULL
24222,10032,25909,NULL,NULL
24223,10032,25910,NULL,NULL
24224,10032,25911,NULL,NULL
24225,10033,25912,NULL,NULL
24226,10033,25913,NULL,NULL
24227,10033,25914,NULL,NULL
24228,10033,25915,NULL,NULL
24229,10034,25916,NULL,NULL
24232,483,25919,NULL,NULL
24233,10035,25920,NULL,NULL
24234,10036,25921,NULL,NULL
24235,10037,25922,NULL,NULL
24236,10038,25923,NULL,NULL
24237,10039,25924,NULL,NULL
24238,1768,25925,NULL,NULL
24239,1768,25926,NULL,NULL
24240,1768,25927,NULL,NULL
24243,10041,25930,NULL,NULL
24244,10042,25931,NULL,NULL
24245,10043,25932,NULL,NULL
24246,10045,25933,NULL,NULL
24247,10046,25934,NULL,NULL
24248,10047,25935,NULL,NULL
24251,10048,25938,NULL,NULL
24252,10049,25939,NULL,NULL
24253,10050,25940,NULL,NULL
24254,10051,25941,NULL,NULL
24255,10052,25942,NULL,NULL
24304,10053,25991,NULL,NULL
24305,10054,25992,NULL,NULL
24306,10055,25993,NULL,NULL
24307,10056,25994,NULL,NULL
24308,10057,25995,NULL,NULL
24310,10058,25997,NULL,NULL
24311,10059,25998,NULL,NULL
24316,3360,26003,NULL,NULL
24319,3360,26006,NULL,NULL
24320,10060,26007,NULL,NULL
24321,10061,26008,NULL,NULL
24322,10061,26009,NULL,NULL
24323,10062,26010,NULL,NULL
24324,10062,26011,NULL,NULL
24325,10062,26012,NULL,NULL
24326,10062,26013,NULL,NULL
24327,10063,26014,NULL,NULL
24328,10064,26015,NULL,NULL
24329,10065,26016,NULL,2024-04-15 08:28:44.970
24330,10066,26017,NULL,NULL
24332,10068,26019,NULL,NULL
24333,10069,26020,NULL,NULL
24334,10070,26021,NULL,NULL
24335,10071,26022,NULL,NULL
24336,10072,26023,NULL,NULL
24337,10072,26024,NULL,NULL
24338,10073,26025,NULL,NULL
24340,10074,26027,NULL,NULL
24342,10076,26029,NULL,NULL
24343,10077,26030,NULL,NULL
24344,10077,26031,NULL,NULL
24345,10077,26032,NULL,NULL
24346,10078,26033,NULL,NULL
24347,10079,26034,NULL,NULL
24348,10080,26035,NULL,NULL
24349,10081,26036,NULL,NULL
24350,10082,26037,NULL,NULL
24351,10083,26038,NULL,NULL
24353,10085,26040,NULL,NULL
24354,10087,26041,NULL,NULL
24355,10088,26042,NULL,NULL
24356,10089,26043,NULL,NULL
24357,10090,26044,NULL,NULL
24358,10091,26045,NULL,NULL
24359,10092,26046,NULL,NULL
24360,10093,26047,NULL,NULL
24361,10049,26048,NULL,NULL
24362,10094,26049,NULL,NULL
24363,10094,26050,NULL,NULL
24364,10094,26051,NULL,NULL
24365,9849,26052,NULL,NULL
24366,5431,26053,NULL,NULL
24367,5431,26054,NULL,NULL
24368,5431,26055,NULL,NULL
24369,5431,26056,NULL,NULL
24370,5431,26057,NULL,NULL
24371,5431,26058,NULL,NULL
24372,5431,26059,NULL,NULL
24373,5431,26060,NULL,NULL
24374,5431,26061,NULL,NULL
24375,5431,26062,NULL,NULL
24377,5431,26064,NULL,NULL
24378,5431,26065,NULL,NULL
24379,5431,26066,NULL,NULL
24380,5431,26067,NULL,NULL
24381,5431,26068,NULL,NULL
24382,5431,26069,NULL,NULL
24383,5431,26070,NULL,NULL
24384,10095,26071,NULL,NULL
24385,517,26072,NULL,NULL
24386,517,26073,NULL,NULL
24391,10097,26078,NULL,NULL
24395,10101,26082,NULL,NULL
24396,10102,26083,NULL,NULL
24397,10103,26084,NULL,NULL
24398,10104,26085,NULL,NULL
24399,10105,26086,NULL,NULL
24400,10106,26087,NULL,NULL
24401,482,26088,NULL,NULL
24402,1919,26089,NULL,NULL
24403,1919,26090,NULL,NULL
24404,1919,26091,NULL,NULL
24405,1919,26092,NULL,NULL
24406,10107,26093,NULL,NULL
24407,10108,26094,NULL,NULL
24408,10108,26095,NULL,NULL
24409,10108,26096,NULL,NULL
24410,5320,26097,NULL,NULL
24411,5320,26098,NULL,NULL
24412,5320,26099,NULL,NULL
24413,5320,26100,NULL,NULL
24414,5320,26101,NULL,NULL
24415,5320,26102,NULL,NULL
24416,5320,26103,NULL,NULL
24417,5320,26104,NULL,NULL
24418,5320,26105,NULL,NULL
24419,5320,26106,NULL,NULL
24420,5320,26107,NULL,NULL
24421,5320,26108,NULL,NULL
24422,5320,26109,NULL,NULL
24423,5320,26110,NULL,NULL
24424,5320,26111,NULL,NULL
24425,5320,26112,NULL,NULL
24426,5320,26113,NULL,NULL
24427,5320,26114,NULL,NULL
24428,5320,26115,NULL,NULL
24429,5320,26116,NULL,NULL
24430,5320,26117,NULL,NULL
24431,5320,26118,NULL,NULL
24432,5320,26119,NULL,NULL
24433,5320,26120,NULL,NULL
24434,5320,26121,NULL,NULL
24435,5320,26122,NULL,NULL
24436,5320,26123,NULL,NULL
24437,5320,26124,NULL,NULL
24438,5320,26125,NULL,NULL
24440,877,26127,NULL,NULL
24442,877,26129,NULL,NULL
24446,877,26133,NULL,NULL
24447,877,26134,NULL,NULL
24461,5777,26148,NULL,NULL
24462,10111,26149,NULL,2025-04-24 14:44:04.413
24463,10115,26150,NULL,NULL
24464,10116,26151,NULL,NULL
24465,10117,26152,NULL,NULL
24466,10118,26153,NULL,NULL
24467,10119,26154,NULL,NULL
24468,10120,26155,NULL,NULL
24469,10121,26156,NULL,NULL
24470,10121,26157,NULL,NULL
24471,10121,26158,NULL,NULL
24472,10121,26159,NULL,NULL
24473,10122,26160,NULL,NULL
24474,10123,26161,NULL,NULL
24479,10124,26166,NULL,NULL
24480,10124,26167,NULL,NULL
24481,10124,26168,NULL,NULL
24482,10125,26169,NULL,NULL
24483,10126,26170,NULL,NULL
24484,10127,26171,NULL,NULL
24485,10128,26172,NULL,2025-01-02 08:37:27.823
24486,10129,26173,NULL,NULL
24487,10130,26174,NULL,NULL
24489,2954,26176,NULL,NULL
24490,2954,26177,NULL,NULL
24491,2954,26178,NULL,NULL
24492,2954,26179,NULL,NULL
24493,2954,26180,NULL,NULL
24494,2954,26181,NULL,NULL
24495,2954,26182,NULL,NULL
24496,2955,26183,NULL,NULL
24497,2955,26184,NULL,NULL
24498,2955,26185,NULL,NULL
24499,2955,26186,NULL,NULL
24500,2956,26187,NULL,NULL
24501,2956,26188,NULL,NULL
24502,10131,26189,NULL,NULL
24503,10131,26190,NULL,NULL
24504,10131,26191,NULL,NULL
24505,10131,26192,NULL,NULL
24506,10131,26193,NULL,NULL
24507,10131,26194,NULL,NULL
24508,10131,26195,NULL,NULL
24509,10131,26196,NULL,NULL
24510,10132,26197,NULL,NULL
24511,10133,26198,NULL,NULL
24512,10134,26199,NULL,NULL
24513,10134,26200,NULL,NULL
24514,10134,26201,NULL,NULL
24515,10134,26202,NULL,NULL
24516,10134,26203,NULL,NULL
24517,10134,26204,NULL,NULL
24518,10134,26205,NULL,NULL
24519,10134,26206,NULL,NULL
24520,10134,26207,NULL,NULL
24521,10134,26208,NULL,NULL
24522,10134,26209,NULL,NULL
24523,10134,26210,NULL,NULL
24524,10134,26211,NULL,NULL
24525,10134,26212,NULL,NULL
24526,10134,26213,NULL,NULL
24527,10134,26214,NULL,NULL
24528,10134,26215,NULL,NULL
24529,3350,26216,NULL,NULL
24530,3350,26217,NULL,NULL
24531,3350,26218,NULL,NULL
24532,10135,26219,NULL,NULL
24533,10136,26220,NULL,NULL
24534,10137,26221,NULL,NULL
24535,10138,26222,NULL,NULL
24536,10139,26223,NULL,NULL
24537,10141,26224,NULL,NULL
24538,10142,26225,NULL,NULL
24539,2113,26226,NULL,NULL
24540,2113,26227,NULL,NULL
24541,2113,26228,NULL,NULL
24542,2113,26229,NULL,NULL
24543,2113,26230,NULL,NULL
24544,2113,26231,NULL,NULL
24545,2113,26232,NULL,NULL
24546,2113,26233,NULL,NULL
24547,2113,26234,NULL,NULL
24548,2113,26235,NULL,NULL
24549,2113,26236,NULL,NULL
24550,2113,26237,NULL,NULL
24551,2113,26238,NULL,NULL
24552,2113,26239,NULL,NULL
24553,10143,26240,NULL,NULL
24554,10144,26241,NULL,NULL
24555,10145,26242,NULL,NULL
24557,10147,26244,NULL,NULL
24558,10148,26245,NULL,NULL
24559,10149,26246,NULL,NULL
24560,10150,26247,NULL,NULL
24561,10151,26248,NULL,NULL
24562,10152,26249,NULL,NULL
24563,10153,26250,NULL,NULL
24564,10154,26251,NULL,NULL
24565,1768,26252,NULL,NULL
24567,474,26254,NULL,NULL
24568,10155,26255,NULL,NULL
24569,509,26256,NULL,NULL
24577,509,26264,NULL,NULL
24584,509,26271,NULL,NULL
24590,509,26277,NULL,2025-09-02 10:46:40.020
24591,509,26278,NULL,2025-09-02 12:36:15.133
24592,10156,26279,NULL,NULL
24593,10156,26280,NULL,NULL
24594,10156,26281,NULL,NULL
24595,10156,26282,NULL,NULL
24596,10156,26283,NULL,NULL
24597,10156,26284,NULL,NULL
24598,10156,26285,NULL,NULL
24599,10156,26286,NULL,NULL
24600,10156,26287,NULL,NULL
24601,10156,26288,NULL,NULL
24602,10156,26289,NULL,NULL
24603,10156,26290,NULL,NULL
24604,10156,26291,NULL,NULL
24605,10156,26292,NULL,NULL
24606,10156,26293,NULL,NULL
24607,10156,26294,NULL,NULL
24608,10156,26295,NULL,NULL
24609,10156,26296,NULL,NULL
24610,10156,26297,NULL,NULL
24611,10156,26298,NULL,NULL
24612,10156,26299,NULL,NULL
24613,10157,26300,NULL,NULL
24614,10158,26301,NULL,NULL
24615,10159,26302,NULL,NULL
24616,4454,26303,NULL,NULL
24617,4454,26304,NULL,NULL
24618,4454,26305,NULL,NULL
24619,4454,26306,NULL,NULL
24620,4454,26307,NULL,NULL
24621,4454,26308,NULL,NULL
24622,4454,26309,NULL,NULL
24623,4454,26310,NULL,NULL
24624,4454,26311,NULL,NULL
24625,4454,26312,NULL,NULL
24626,4454,26313,NULL,NULL
24627,4454,26314,NULL,NULL
24628,4454,26315,NULL,NULL
24630,4454,26317,NULL,NULL
24633,450,26320,NULL,NULL
24634,450,26321,NULL,NULL
24635,450,26322,NULL,NULL
24636,450,26323,NULL,NULL
24637,450,26324,NULL,NULL
24638,450,26325,NULL,NULL
24639,10162,26326,NULL,NULL
24640,13281,26327,NULL,2024-11-08 14:22:35.467
24641,10163,26328,NULL,NULL
24642,1155,26329,NULL,NULL
24643,1155,26330,NULL,NULL
24644,1155,26331,NULL,NULL
24645,1155,26332,NULL,NULL
24646,1155,26333,NULL,NULL
24647,1155,26334,NULL,NULL
24648,1155,26335,NULL,NULL
24649,1155,26336,NULL,NULL
24650,1155,26337,NULL,NULL
24651,1155,26338,NULL,NULL
24652,1155,26339,NULL,NULL
24653,1155,26340,NULL,NULL
24654,1155,26341,NULL,NULL
24655,1155,26342,NULL,NULL
24656,1155,26343,NULL,NULL
24657,1155,26344,NULL,NULL
24658,1155,26345,NULL,NULL
24659,1155,26346,NULL,NULL
24660,1155,26347,NULL,NULL
24661,1155,26348,NULL,NULL
24662,1155,26349,NULL,NULL
24663,1155,26350,NULL,NULL
24664,1155,26351,NULL,NULL
24665,1155,26352,NULL,NULL
24666,1155,26353,NULL,NULL
24667,1155,26354,NULL,NULL
24668,1155,26355,NULL,NULL
24669,1155,26356,NULL,NULL
24670,1155,26357,NULL,NULL
24671,1155,26358,NULL,NULL
24672,1155,26359,NULL,NULL
24673,1155,26360,NULL,NULL
24674,1155,26361,NULL,NULL
24675,1155,26362,NULL,NULL
24676,1155,26363,NULL,NULL
24677,1155,26364,NULL,NULL
24678,1155,26365,NULL,NULL
24679,1155,26366,NULL,NULL
24680,1155,26367,NULL,NULL
24681,1155,26368,NULL,NULL
24682,1155,26369,NULL,NULL
24683,1155,26370,NULL,NULL
24684,1155,26371,NULL,NULL
24685,1155,26372,NULL,NULL
24686,1155,26373,NULL,NULL
24687,1155,26374,NULL,NULL
24688,1155,26375,NULL,NULL
24689,1155,26376,NULL,NULL
24690,1155,26377,NULL,NULL
24691,1155,26378,NULL,NULL
24692,1155,26379,NULL,NULL
24693,1155,26380,NULL,NULL
24694,1155,26381,NULL,NULL
24695,1155,26382,NULL,NULL
24696,1155,26383,NULL,NULL
24697,1155,26384,NULL,NULL
24698,1155,26385,NULL,NULL
24699,1155,26386,NULL,NULL
24700,1155,26387,NULL,NULL
24701,1155,26388,NULL,NULL
24702,1155,26389,NULL,NULL
24703,1155,26390,NULL,NULL
24704,1155,26391,NULL,NULL
24705,1155,26392,NULL,NULL
24706,1155,26393,NULL,NULL
24707,1155,26394,NULL,NULL
24708,1155,26395,NULL,NULL
24709,1155,26396,NULL,NULL
24710,1155,26397,NULL,NULL
24711,1155,26398,NULL,NULL
24712,1155,26399,NULL,NULL
24713,1155,26400,NULL,NULL
24714,1155,26401,NULL,NULL
24715,1155,26402,NULL,NULL
24716,1155,26403,NULL,NULL
24717,1155,26404,NULL,NULL
24719,1155,26406,NULL,NULL
24720,1155,26407,NULL,NULL
24721,1155,26408,NULL,NULL
24722,1155,26409,NULL,NULL
24723,1155,26410,NULL,NULL
24724,1155,26411,NULL,NULL
24725,1155,26412,NULL,NULL
24726,1155,26413,NULL,NULL
24727,1155,26414,NULL,NULL
24728,1155,26415,NULL,NULL
24729,1155,26416,NULL,NULL
24730,1155,26417,NULL,NULL
24731,1155,26418,NULL,NULL
24732,1155,26419,NULL,NULL
24733,1155,26420,NULL,NULL
24734,10164,26421,NULL,NULL
24735,4192,26422,NULL,NULL
24737,4192,26424,NULL,NULL
24738,4192,26425,NULL,NULL
24739,4192,26426,NULL,NULL
24740,4192,26427,NULL,NULL
24741,4192,26428,NULL,NULL
24742,4192,26429,NULL,NULL
24743,4192,26430,NULL,NULL
24744,4192,26431,NULL,NULL
24745,4192,26432,NULL,NULL
24746,4192,26433,NULL,NULL
24747,4192,26434,NULL,NULL
24748,10134,26435,NULL,NULL
24749,10134,26436,NULL,NULL
24750,10134,26437,NULL,NULL
24751,10134,26438,NULL,NULL
24752,10134,26439,NULL,NULL
24753,10134,26440,NULL,NULL
24754,498,26441,NULL,NULL
24756,10166,26443,NULL,NULL
24757,10167,26444,NULL,NULL
24758,10168,26445,NULL,NULL
24759,3322,26446,NULL,NULL
24761,10164,26448,NULL,NULL
24762,10164,26449,NULL,NULL
24763,10019,26450,NULL,NULL
24764,3122,26451,NULL,NULL
24765,10170,26452,NULL,NULL
24766,10170,26453,NULL,NULL
24768,3814,26455,NULL,NULL
24771,10171,26458,NULL,NULL
24772,10171,26459,NULL,NULL
24775,10171,26462,NULL,NULL
24776,10171,26463,NULL,NULL
24777,10172,26464,NULL,NULL
24782,591,26469,NULL,2025-10-16 12:27:43.260
24791,10173,26478,NULL,NULL
24792,10174,26479,NULL,NULL
24793,10175,26480,NULL,NULL
24794,452,26481,NULL,NULL
24795,452,26482,NULL,NULL
24796,452,26483,NULL,NULL
24797,452,26484,NULL,NULL
24798,452,26485,NULL,NULL
24799,603,26486,NULL,2025-11-07 12:05:38.183
24801,603,26488,NULL,NULL
24804,10176,26491,NULL,NULL
24807,10177,26494,NULL,NULL
24808,10178,26495,NULL,NULL
24809,10179,26496,NULL,NULL
24810,10181,26497,NULL,NULL
24811,449,26498,NULL,NULL
24812,449,26499,NULL,NULL
24813,2018,26500,NULL,NULL
24814,10182,26501,NULL,NULL
24815,10183,26502,NULL,NULL
24816,10184,26503,NULL,NULL
24817,10185,26504,NULL,NULL
24818,10186,26505,NULL,NULL
24819,10188,26506,NULL,NULL
24820,10189,26507,NULL,NULL
24821,10190,26508,NULL,NULL
24822,522,26509,NULL,NULL
24823,3772,26510,NULL,NULL
24824,10191,26511,NULL,NULL
24825,7079,26512,NULL,NULL
24826,10193,26513,NULL,NULL
24827,10194,26514,NULL,NULL
24828,10195,26515,NULL,NULL
24829,10196,26516,NULL,NULL
24832,1077,26519,NULL,NULL
24833,10199,26520,NULL,NULL
24834,596,26521,NULL,NULL
24835,596,26522,NULL,NULL
24836,596,26523,NULL,NULL
24837,596,26524,NULL,NULL
24838,596,26525,NULL,NULL
24839,596,26526,NULL,NULL
24841,596,26528,NULL,NULL
24842,596,26529,NULL,NULL
24843,596,26530,NULL,2024-03-11 11:20:13.130
24844,596,26531,NULL,2024-03-11 11:22:35.373
24846,597,26533,NULL,NULL
24847,597,26534,NULL,NULL
24848,597,26535,NULL,NULL
24849,597,26536,NULL,NULL
24850,597,26537,NULL,NULL
24851,457,26538,NULL,NULL
24852,457,26539,NULL,NULL
24853,5349,26540,NULL,NULL
24854,5349,26541,NULL,NULL
24856,10201,26543,NULL,NULL
24857,3674,26544,NULL,NULL
24858,5910,26545,NULL,NULL
24859,5910,26546,NULL,NULL
24860,5910,26547,NULL,NULL
24861,10091,26548,NULL,NULL
24862,10091,26549,NULL,NULL
24863,10091,26550,NULL,NULL
24864,9760,26551,NULL,NULL
24865,9760,26552,NULL,NULL
24866,4807,26553,NULL,NULL
24867,4807,26554,NULL,NULL
24868,526,26555,NULL,NULL
24870,1487,26557,NULL,NULL
24871,9672,26558,NULL,NULL
24872,9672,26559,NULL,NULL
24873,9672,26560,NULL,NULL
24874,9672,26561,NULL,NULL
24875,9672,26562,NULL,NULL
24876,9672,26563,NULL,NULL
24877,9672,26564,NULL,NULL
24878,10202,26565,NULL,NULL
24879,10202,26566,NULL,NULL
24880,4709,26567,NULL,NULL
24881,1644,26568,NULL,NULL
24882,4743,26569,NULL,NULL
24883,4743,26570,NULL,NULL
24884,4743,26571,NULL,NULL
24885,4743,26572,NULL,NULL
24886,4743,26573,NULL,NULL
24887,4743,26574,NULL,NULL
24888,4743,26575,NULL,NULL
24889,4743,26576,NULL,NULL
24890,4743,26577,NULL,NULL
24891,4743,26578,NULL,NULL
24892,4743,26579,NULL,NULL
24893,4743,26580,NULL,NULL
24894,10085,26581,NULL,NULL
24895,10085,26582,NULL,NULL
24896,10085,26583,NULL,NULL
24897,8853,26584,NULL,NULL
24898,8853,26585,NULL,NULL
24899,6757,26586,NULL,NULL
24900,6757,26587,NULL,NULL
24901,6757,26588,NULL,NULL
24902,892,26589,NULL,NULL
24903,9999,26590,NULL,NULL
24904,9999,26591,NULL,NULL
24905,833,26592,NULL,NULL
24906,833,26593,NULL,NULL
24907,833,26594,NULL,NULL
24908,833,26595,NULL,NULL
24909,839,26596,NULL,NULL
24910,839,26597,NULL,NULL
24911,839,26598,NULL,NULL
24912,10203,26599,NULL,NULL
24913,10204,26600,NULL,NULL
24914,3109,26601,NULL,NULL
24915,469,26602,NULL,NULL
24916,469,26603,NULL,NULL
24917,468,26604,NULL,NULL
24918,5269,26605,NULL,NULL
24919,5269,26606,NULL,NULL
24920,5269,26607,NULL,NULL
24921,1498,26608,NULL,NULL
24922,1498,26609,NULL,NULL
24923,1498,26610,NULL,NULL
24924,452,26611,NULL,NULL
24925,452,26612,NULL,NULL
24926,452,26613,NULL,NULL
24927,452,26614,NULL,NULL
24930,452,26617,NULL,NULL
24931,452,26618,NULL,NULL
24938,452,26625,NULL,NULL
24939,452,26626,NULL,NULL
24941,452,26628,NULL,NULL
24942,452,26629,NULL,NULL
24949,452,26636,NULL,NULL
24950,452,26637,NULL,NULL
24951,1613,26638,NULL,NULL
24952,1613,26639,NULL,NULL
24953,1613,26640,NULL,NULL
24954,5272,26641,NULL,NULL
24955,5272,26642,NULL,NULL
24956,5272,26643,NULL,NULL
24957,1971,26644,NULL,NULL
24958,10155,26645,NULL,NULL
24959,10155,26646,NULL,NULL
24960,10155,26647,NULL,NULL
24961,10155,26648,NULL,NULL
24962,2439,26649,NULL,NULL
24963,2439,26650,NULL,NULL
24964,2439,26651,NULL,NULL
24967,9811,26654,NULL,NULL
24970,9811,26657,NULL,NULL
24973,9811,26660,NULL,NULL
24976,4411,26663,NULL,NULL
24977,4411,26664,NULL,NULL
24978,6066,26665,NULL,NULL
24979,6066,26666,NULL,NULL
24980,6066,26667,NULL,NULL
24981,6066,26668,NULL,NULL
24982,2236,26669,NULL,NULL
24983,2236,26670,NULL,NULL
24984,2236,26671,NULL,NULL
24985,2236,26672,NULL,NULL
24986,2236,26673,NULL,NULL
24987,2236,26674,NULL,NULL
24988,2236,26675,NULL,NULL
24989,2236,26676,NULL,NULL
24990,2236,26677,NULL,NULL
24991,2236,26678,NULL,NULL
24992,2236,26679,NULL,NULL
24993,10207,26680,NULL,NULL
24994,10208,26681,NULL,NULL
25002,474,26689,NULL,NULL
25004,10209,26691,NULL,NULL
25005,10209,26692,NULL,NULL
25006,4865,26693,NULL,NULL
25007,2469,26694,NULL,NULL
25008,2469,26695,NULL,NULL
25010,3926,26697,NULL,NULL
25011,993,26698,NULL,NULL
25012,993,26699,NULL,NULL
25013,993,26700,NULL,NULL
25014,993,26701,NULL,NULL
25015,7605,26702,NULL,NULL
25016,7605,26703,NULL,NULL
25017,7605,26704,NULL,NULL
25018,7605,26705,NULL,NULL
25019,7605,26706,NULL,NULL
25020,7605,26707,NULL,NULL
25021,7605,26708,NULL,NULL
25022,920,26709,NULL,NULL
25023,920,26710,NULL,NULL
25024,920,26711,NULL,NULL
25025,10210,26712,NULL,NULL
25026,531,26713,NULL,2025-05-20 10:14:34.390
25027,10211,26714,NULL,NULL
25028,570,26715,NULL,NULL
25029,570,26716,NULL,NULL
25031,1169,26718,NULL,NULL
25032,1279,26719,NULL,NULL
25033,10212,26720,NULL,NULL
25034,1343,26721,NULL,NULL
25036,1351,26723,NULL,NULL
25037,1398,26724,NULL,NULL
25038,1398,26725,NULL,NULL
25039,1399,26726,NULL,NULL
25040,1399,26727,NULL,NULL
25041,1399,26728,NULL,NULL
25042,1432,26729,NULL,NULL
25043,1432,26730,NULL,NULL
25044,1432,26731,NULL,NULL
25045,1530,26732,NULL,NULL
25046,1530,26733,NULL,NULL
25047,1573,26734,NULL,NULL
25048,1583,26735,NULL,NULL
25049,1583,26736,NULL,NULL
25050,1585,26737,NULL,NULL
25051,1586,26738,NULL,NULL
25052,10214,26739,NULL,NULL
25054,1630,26741,NULL,NULL
25055,1630,26742,NULL,NULL
25056,1630,26743,NULL,NULL
25057,1630,26744,NULL,NULL
25058,1631,26745,NULL,NULL
25059,1653,26746,NULL,NULL
25060,4537,26747,NULL,NULL
25061,4537,26748,NULL,NULL
25062,4537,26749,NULL,NULL
25063,10006,26750,NULL,NULL
25064,10215,26751,NULL,NULL
25065,10216,26752,NULL,NULL
25066,10217,26753,NULL,NULL
25067,10218,26754,NULL,NULL
25068,10219,26755,NULL,NULL
25069,510,26756,NULL,NULL
25071,944,26758,NULL,NULL
25072,10220,26759,NULL,NULL
25073,10220,26760,NULL,NULL
25074,10220,26761,NULL,NULL
25075,10220,26762,NULL,NULL
25076,10220,26763,NULL,NULL
25077,10220,26764,NULL,NULL
25078,4697,26765,NULL,NULL
25079,4697,26766,NULL,NULL
25080,4697,26767,NULL,NULL
25081,7484,26768,NULL,NULL
25082,7484,26769,NULL,NULL
25083,7484,26770,NULL,NULL
25094,1658,26781,NULL,NULL
25095,1713,26782,NULL,NULL
25096,1713,26783,NULL,NULL
25097,1713,26784,NULL,NULL
25098,1713,26785,NULL,NULL
25099,5772,26786,NULL,NULL
25100,5772,26787,NULL,NULL
25101,5772,26788,NULL,NULL
25102,5772,26789,NULL,NULL
25103,10222,26790,NULL,NULL
25104,10223,26791,NULL,NULL
25105,4474,26792,NULL,NULL
25106,4474,26793,NULL,NULL
25107,4474,26794,NULL,NULL
25108,4474,26795,NULL,NULL
25109,1297,26796,NULL,NULL
25110,1297,26797,NULL,NULL
25111,1297,26798,NULL,NULL
25112,1297,26799,NULL,NULL
25114,10224,26801,NULL,NULL
25115,906,26802,NULL,NULL
25116,906,26803,NULL,NULL
25117,906,26804,NULL,NULL
25118,906,26805,NULL,NULL
25119,906,26806,NULL,NULL
25120,906,26807,NULL,NULL
25121,906,26808,NULL,NULL
25122,906,26809,NULL,NULL
25123,906,26810,NULL,NULL
25124,906,26811,NULL,NULL
25125,906,26812,NULL,NULL
25126,906,26813,NULL,NULL
25127,906,26814,NULL,NULL
25128,906,26815,NULL,NULL
25129,906,26816,NULL,NULL
25130,906,26817,NULL,NULL
25131,906,26818,NULL,NULL
25132,906,26819,NULL,NULL
25133,906,26820,NULL,NULL
25134,906,26821,NULL,NULL
25135,906,26822,NULL,NULL
25136,3888,26823,NULL,NULL
25137,3888,26824,NULL,NULL
25138,3888,26825,NULL,NULL
25139,474,26826,NULL,NULL
25140,509,26827,NULL,NULL
25141,509,26828,NULL,NULL
25142,474,26829,NULL,NULL
25143,474,26830,NULL,NULL
25144,474,26831,NULL,NULL
25145,564,26832,NULL,NULL
25146,474,26833,NULL,NULL
25148,474,26835,NULL,NULL
25149,474,26836,NULL,NULL
25150,474,26837,NULL,NULL
25152,474,26839,NULL,NULL
25153,474,26840,NULL,NULL
25154,474,26841,NULL,NULL
25155,474,26842,NULL,NULL
25158,509,26845,NULL,NULL
25159,509,26846,NULL,NULL
25160,474,26847,NULL,NULL
25161,509,26848,NULL,NULL
25162,510,26849,NULL,NULL
25163,474,26850,NULL,NULL
25164,452,26851,NULL,NULL
25165,598,26852,NULL,NULL
25166,564,26853,NULL,NULL
25167,510,26854,NULL,NULL
25168,509,26855,NULL,NULL
25169,509,26856,NULL,NULL
25170,509,26857,NULL,NULL
25171,10225,26858,NULL,NULL
25172,10226,26859,NULL,NULL
25173,10227,26860,NULL,NULL
25174,574,26861,NULL,NULL
25175,10228,26862,NULL,NULL
25177,4441,26864,NULL,NULL
25178,4441,26865,NULL,NULL
25179,4441,26866,NULL,NULL
25180,4441,26867,NULL,NULL
25181,4441,26868,NULL,NULL
25182,4441,26869,NULL,NULL
25183,4441,26870,NULL,NULL
25184,4441,26871,NULL,NULL
25185,4441,26872,NULL,NULL
25186,4441,26873,NULL,NULL
25187,4441,26874,NULL,NULL
25188,10229,26875,NULL,NULL
25189,10230,26876,NULL,NULL
25190,10231,26877,NULL,NULL
25191,2156,26878,NULL,NULL
25192,2156,26879,NULL,NULL
25193,2156,26880,NULL,NULL
25194,2156,26881,NULL,NULL
25195,2156,26882,NULL,NULL
25196,2156,26883,NULL,NULL
25197,2156,26884,NULL,NULL
25202,10232,26889,NULL,NULL
25203,10233,26890,NULL,NULL
25204,7502,26891,NULL,NULL
25205,7502,26892,NULL,NULL
25206,7502,26893,NULL,NULL
25207,7502,26894,NULL,NULL
25208,7502,26895,NULL,NULL
25209,570,26896,NULL,NULL
25211,5050,26898,NULL,NULL
25212,5050,26899,NULL,NULL
25213,499,26900,NULL,NULL
25214,10234,26901,NULL,NULL
25215,10235,26902,NULL,NULL
25217,10237,26904,NULL,NULL
25219,10238,26906,NULL,NULL
25220,570,26907,NULL,NULL
25222,10239,26909,NULL,NULL
25223,10240,26910,NULL,NULL
25224,10241,26911,NULL,NULL
25225,10242,26912,NULL,NULL
25226,10242,26913,NULL,NULL
25227,473,26914,NULL,NULL
25228,10243,26915,NULL,NULL
25230,10244,26917,NULL,NULL
25231,535,26918,NULL,NULL
25232,535,26919,NULL,NULL
25233,535,26920,NULL,NULL
25234,535,26921,NULL,NULL
25235,535,26922,NULL,NULL
25236,535,26923,NULL,NULL
25237,535,26924,NULL,NULL
25238,535,26925,NULL,NULL
25239,10245,26926,NULL,NULL
25262,505,26949,NULL,NULL
25263,505,26950,NULL,NULL
25264,505,26951,NULL,NULL
25265,505,26952,NULL,NULL
25266,505,26953,NULL,NULL
25267,10246,26954,NULL,NULL
25268,10247,26955,NULL,2025-09-12 08:54:32.453
25269,10248,26956,NULL,NULL
25270,4474,26957,NULL,NULL
25271,4474,26958,NULL,NULL
25272,4474,26959,NULL,NULL
25273,4474,26960,NULL,NULL
25274,4474,26961,NULL,NULL
25275,4474,26962,NULL,NULL
25276,4474,26963,NULL,NULL
25277,4474,26964,NULL,NULL
25278,4474,26965,NULL,NULL
25279,4474,26966,NULL,NULL
25280,4474,26967,NULL,NULL
25281,4474,26968,NULL,NULL
25283,4474,26970,NULL,NULL
25284,4474,26971,NULL,NULL
25285,4474,26972,NULL,NULL
25286,4474,26973,NULL,NULL
25287,4474,26974,NULL,NULL
25288,4474,26975,NULL,NULL
25289,4474,26976,NULL,NULL
25290,4474,26977,NULL,NULL
25291,8858,26978,NULL,NULL
25292,8858,26979,NULL,NULL
25294,10134,26981,NULL,NULL
25295,10134,26982,NULL,NULL
25296,9401,26983,NULL,NULL
25297,9401,26984,NULL,NULL
25298,6624,26985,NULL,NULL
25300,5305,26987,NULL,NULL
25301,1885,26988,NULL,NULL
25302,1885,26989,NULL,NULL
25303,1885,26990,NULL,NULL
25304,5042,26991,NULL,NULL
25305,565,26992,NULL,NULL
25306,565,26993,NULL,NULL
25308,565,26995,NULL,NULL
25309,2026,26996,NULL,NULL
25310,2026,26997,NULL,NULL
25311,4699,26998,NULL,NULL
25312,4699,26999,NULL,NULL
25313,2476,27000,NULL,NULL
25314,7444,27001,NULL,NULL
25315,7444,27002,NULL,NULL
25316,7444,27003,NULL,NULL
25317,7444,27004,NULL,NULL
25318,7444,27005,NULL,NULL
25319,7444,27006,NULL,NULL
25320,7444,27007,NULL,NULL
25321,7444,27008,NULL,NULL
25322,7444,27009,NULL,NULL
25323,7444,27010,NULL,NULL
25324,7444,27011,NULL,NULL
25325,7444,27012,NULL,NULL
25326,7444,27013,NULL,NULL
25327,9573,27014,NULL,NULL
25328,9573,27015,NULL,NULL
25329,9573,27016,NULL,NULL
25331,467,27018,NULL,NULL
25332,467,27019,NULL,NULL
25333,472,27020,NULL,NULL
25334,472,27021,NULL,NULL
25335,531,27022,NULL,NULL
25336,531,27023,NULL,NULL
25337,531,27024,NULL,NULL
25338,531,27025,NULL,NULL
25339,531,27026,NULL,NULL
25340,441,27027,NULL,NULL
25341,582,27028,NULL,NULL
25342,582,27029,NULL,NULL
25343,3883,27030,NULL,NULL
25344,3883,27031,NULL,NULL
25345,4648,27032,NULL,NULL
25346,4643,27033,NULL,NULL
25347,4643,27034,NULL,NULL
25348,3813,27035,NULL,NULL
25349,3813,27036,NULL,NULL
25350,3813,27037,NULL,NULL
25351,633,27038,NULL,NULL
25352,658,27039,NULL,NULL
25353,658,27040,NULL,NULL
25354,1807,27041,NULL,NULL
25355,1807,27042,NULL,NULL
25356,1807,27043,NULL,NULL
25357,815,27044,NULL,NULL
25358,815,27045,NULL,NULL
25359,1313,27046,NULL,NULL
25360,10255,27047,NULL,NULL
25361,1591,27048,NULL,NULL
25362,957,27049,NULL,NULL
25363,957,27050,NULL,NULL
25364,959,27051,NULL,NULL
25365,5064,27052,NULL,NULL
25366,10256,27053,NULL,NULL
25367,10257,27054,NULL,NULL
25368,10259,27055,NULL,NULL
25369,10260,27056,NULL,NULL
25370,10261,27057,NULL,NULL
25371,10262,27058,NULL,NULL
25372,10263,27059,NULL,NULL
25373,10264,27060,NULL,NULL
25374,10264,27061,NULL,NULL
25375,10264,27062,NULL,NULL
25376,10264,27063,NULL,NULL
25377,10264,27064,NULL,NULL
25378,3862,27065,NULL,NULL
25379,3862,27066,NULL,NULL
25381,3862,27068,NULL,NULL
25382,3862,27069,NULL,NULL
25383,570,27070,NULL,NULL
25384,570,27071,NULL,NULL
25385,570,27072,NULL,NULL
25386,10265,27073,NULL,NULL
25388,10266,27075,NULL,NULL
25391,10269,27078,NULL,NULL
25392,10270,27079,NULL,NULL
25393,10271,27080,NULL,NULL
25394,10272,27081,NULL,NULL
25395,3395,27082,NULL,NULL
25396,3395,27083,NULL,NULL
25397,10243,27084,NULL,NULL
25398,10243,27085,NULL,NULL
25399,10273,27086,NULL,NULL
25401,10274,27088,NULL,NULL
25402,10275,27089,NULL,NULL
25403,10276,27090,NULL,NULL
25404,5509,27091,NULL,NULL
25406,1301,27093,NULL,NULL
25407,1323,27094,NULL,NULL
25408,4474,27095,NULL,NULL
25409,4474,27096,NULL,NULL
25410,4474,27097,NULL,NULL
25411,10277,27098,NULL,NULL
25412,10278,27099,NULL,NULL
25413,10279,27100,NULL,NULL
25415,949,27102,NULL,NULL
25416,949,27103,NULL,NULL
25417,949,27104,NULL,NULL
25418,1476,27105,NULL,NULL
25419,1476,27106,NULL,NULL
25420,1476,27107,NULL,NULL
25421,1476,27108,NULL,NULL
25422,1476,27109,NULL,NULL
25423,1476,27110,NULL,NULL
25424,1142,27111,NULL,NULL
25425,4117,27112,NULL,NULL
25426,4117,27113,NULL,NULL
25427,4117,27114,NULL,NULL
25428,4117,27115,NULL,NULL
25429,4117,27116,NULL,NULL
25430,4117,27117,NULL,NULL
25431,5183,27118,NULL,NULL
25432,6257,27119,NULL,NULL
25433,6257,27120,NULL,NULL
25434,524,27121,NULL,NULL
25435,582,27122,NULL,NULL
25436,10283,27123,NULL,NULL
25437,482,27124,NULL,NULL
25438,4451,27125,NULL,NULL
25439,4451,27126,NULL,NULL
25440,4451,27127,NULL,NULL
25441,4451,27128,NULL,NULL
25442,4451,27129,NULL,NULL
25443,4451,27130,NULL,NULL
25444,4451,27131,NULL,NULL
25445,10284,27132,NULL,NULL
25446,10284,27133,NULL,NULL
25447,10284,27134,NULL,NULL
25448,10284,27135,NULL,NULL
25449,10284,27136,NULL,NULL
25450,10284,27137,NULL,NULL
25451,818,27138,NULL,NULL
25454,3804,27141,NULL,NULL
25455,3540,27142,NULL,NULL
25456,6382,27143,NULL,NULL
25457,6382,27144,NULL,NULL
25458,6382,27145,NULL,NULL
25459,3562,27146,NULL,NULL
25460,532,27147,NULL,NULL
25461,532,27148,NULL,NULL
25462,491,27149,NULL,NULL
25463,491,27150,NULL,NULL
25464,485,27151,NULL,NULL
25465,485,27152,NULL,NULL
25466,514,27153,NULL,NULL
25467,2944,27154,NULL,NULL
25468,505,27155,NULL,NULL
25469,535,27156,NULL,NULL
25470,491,27157,NULL,NULL
25471,2805,27158,NULL,NULL
25472,2805,27159,NULL,NULL
25473,2805,27160,NULL,NULL
25474,2805,27161,NULL,NULL
25475,2805,27162,NULL,NULL
25476,2805,27163,NULL,NULL
25477,2263,27164,NULL,NULL
25478,474,27165,NULL,NULL
25479,2393,27166,NULL,NULL
25480,1654,27167,NULL,NULL
25481,1779,27168,NULL,NULL
25482,2542,27169,NULL,NULL
25483,2542,27170,NULL,NULL
25484,2542,27171,NULL,NULL
25485,2542,27172,NULL,NULL
25486,2542,27173,NULL,NULL
25487,2542,27174,NULL,NULL
25488,2542,27175,NULL,NULL
25489,2542,27176,NULL,NULL
25490,2542,27177,NULL,NULL
25491,2018,27178,NULL,NULL
25492,2018,27179,NULL,NULL
25493,2022,27180,NULL,NULL
25494,2022,27181,NULL,NULL
25495,2022,27182,NULL,NULL
25496,2022,27183,NULL,NULL
25497,2022,27184,NULL,NULL
25498,2022,27185,NULL,NULL
25499,5357,27186,NULL,NULL
25500,2053,27187,NULL,NULL
25501,2053,27188,NULL,NULL
25502,2053,27189,NULL,NULL
25503,2053,27190,NULL,NULL
25504,4297,27191,NULL,NULL
25505,10285,27192,NULL,NULL
25506,10285,27193,NULL,NULL
25507,3674,27194,NULL,NULL
25508,3674,27195,NULL,NULL
25509,3674,27196,NULL,NULL
25510,2352,27197,NULL,NULL
25511,2352,27198,NULL,NULL
25514,2352,27201,NULL,NULL
25516,2352,27203,NULL,NULL
25517,2475,27204,NULL,NULL
25518,2475,27205,NULL,NULL
25519,2475,27206,NULL,NULL
25520,2475,27207,NULL,NULL
25521,2951,27208,NULL,NULL
25522,10286,27209,NULL,NULL
25523,10287,27210,NULL,NULL
25524,10288,27211,NULL,NULL
25526,9768,27213,NULL,NULL
25527,9768,27214,NULL,NULL
25528,10084,27215,NULL,NULL
25529,10290,27216,NULL,NULL
25530,10291,27217,NULL,NULL
25531,10292,27218,NULL,NULL
25532,10293,27219,NULL,NULL
25533,10293,27220,NULL,NULL
25534,10293,27221,NULL,NULL
25535,10293,27222,NULL,NULL
25536,10294,27223,NULL,NULL
25537,10295,27224,NULL,NULL
25538,10297,27225,NULL,NULL
25539,10298,27226,NULL,NULL
25540,2633,27227,NULL,NULL
25541,10299,27228,NULL,NULL
25542,10300,27229,NULL,NULL
25543,10301,27230,NULL,NULL
25544,10302,27231,NULL,NULL
25545,10303,27232,NULL,NULL
25546,10304,27233,NULL,NULL
25547,10305,27234,NULL,NULL
25548,10306,27235,NULL,NULL
25549,531,27236,NULL,NULL
25550,10199,27237,NULL,NULL
25551,10199,27238,NULL,NULL
25552,3212,27239,NULL,NULL
25553,847,27240,NULL,NULL
25554,481,27241,NULL,NULL
25555,6491,27242,NULL,NULL
25556,6491,27243,NULL,NULL
25558,591,27245,NULL,NULL
25559,510,27246,NULL,NULL
25560,510,27247,NULL,NULL
25563,564,27250,NULL,NULL
25564,10307,27251,NULL,NULL
25565,510,27252,NULL,NULL
25566,510,27253,NULL,NULL
25567,474,27254,NULL,NULL
25568,10308,27255,NULL,NULL
25570,10310,27257,NULL,NULL
25571,10311,27258,NULL,NULL
25572,10312,27259,NULL,NULL
25574,3888,27261,NULL,NULL
25575,3888,27262,NULL,NULL
25586,3888,27273,NULL,NULL
25595,524,27282,NULL,NULL
25596,524,27283,NULL,NULL
25597,526,27284,NULL,NULL
25598,526,27285,NULL,NULL
25599,526,27286,NULL,NULL
25600,526,27287,NULL,NULL
25601,526,27288,NULL,NULL
25602,526,27289,NULL,NULL
25607,10313,27294,NULL,NULL
25608,7700,27295,NULL,NULL
25609,452,27296,NULL,NULL
25611,10315,27298,NULL,2024-10-02 15:30:39.007
25612,509,27299,NULL,NULL
25613,509,27300,NULL,NULL
25616,509,27303,NULL,NULL
25617,509,27304,NULL,NULL
25619,10316,27306,NULL,NULL
25620,10317,27307,NULL,NULL
25622,10320,27309,NULL,NULL
25623,526,27310,NULL,NULL
25624,526,27311,NULL,NULL
25625,10333,27312,NULL,NULL
25626,10331,27313,NULL,NULL
25627,10331,27314,NULL,NULL
25628,10331,27315,NULL,NULL
25629,10331,27316,NULL,NULL
25630,10331,27317,NULL,NULL
25631,10331,27318,NULL,NULL
25632,10322,27319,NULL,NULL
25633,10323,27320,NULL,NULL
25634,10336,27321,NULL,NULL
25635,10337,27322,NULL,NULL
25636,10321,27323,NULL,NULL
25637,10327,27324,NULL,NULL
25638,10324,27325,NULL,NULL
25639,10338,27326,NULL,NULL
25640,10325,27327,NULL,NULL
25647,10342,27334,NULL,NULL
25650,10345,27337,NULL,NULL
25651,10347,27338,NULL,NULL
25652,10346,27339,NULL,NULL
25653,10349,27340,NULL,NULL
25654,10348,27341,NULL,NULL
25656,10331,27343,NULL,NULL
25657,10328,27344,NULL,NULL
25658,10350,27345,NULL,NULL
25659,10351,27346,NULL,NULL
25660,10352,27347,NULL,NULL
25663,10355,27350,NULL,NULL
25664,10355,27351,NULL,NULL
25665,10355,27352,NULL,NULL
25666,10355,27353,NULL,NULL
25672,10357,27359,NULL,NULL
25673,10358,27360,NULL,NULL
25674,10356,27361,NULL,NULL
25675,10360,27362,NULL,NULL
25676,10361,27363,NULL,NULL
25677,10362,27364,NULL,NULL
25678,10359,27365,NULL,NULL
25679,10359,27366,NULL,NULL
25680,10359,27367,NULL,NULL
25681,510,27368,NULL,NULL
25682,1768,27369,NULL,NULL
25683,1768,27370,NULL,NULL
25684,1768,27371,NULL,NULL
25685,10363,27372,NULL,NULL
25686,10364,27373,NULL,NULL
25687,10365,27374,NULL,NULL
25688,502,27375,NULL,NULL
25689,10367,27376,NULL,NULL
25691,10368,27378,NULL,NULL
25692,10369,27379,NULL,NULL
25693,10368,27380,NULL,NULL
25694,10368,27381,NULL,NULL
25697,4549,27384,NULL,NULL
25699,10371,27386,NULL,NULL
25700,10372,27387,NULL,NULL
25701,10373,27388,NULL,NULL
25702,10374,27389,NULL,NULL
25703,10375,27390,NULL,NULL
25704,10376,27391,NULL,NULL
25705,10370,27392,NULL,NULL
25706,10377,27393,NULL,NULL
25707,10377,27394,NULL,NULL
25708,10377,27395,NULL,NULL
25709,10377,27396,NULL,NULL
25710,10377,27397,NULL,NULL
25711,10378,27398,NULL,NULL
25712,10379,27399,NULL,NULL
25713,10380,27400,NULL,NULL
25714,582,27401,NULL,NULL
25715,582,27402,NULL,NULL
25716,582,27403,NULL,NULL
25717,10334,27404,NULL,NULL
25718,4948,27405,NULL,NULL
25719,10332,27406,NULL,NULL
25720,490,27407,NULL,NULL
25721,474,27408,NULL,NULL
25722,474,27409,NULL,2025-11-10 13:09:34.680
25723,10382,27410,NULL,NULL
25724,460,27411,NULL,NULL
25725,10383,27412,NULL,NULL
25726,10383,27413,NULL,NULL
25727,10383,27414,NULL,NULL
25728,10383,27415,NULL,NULL
25729,10384,27416,NULL,NULL
25730,10385,27417,NULL,NULL
25731,10386,27418,NULL,NULL
25732,10388,27419,NULL,NULL
25733,10389,27420,NULL,NULL
25734,10390,27421,NULL,NULL
25735,10391,27422,NULL,NULL
25736,10392,27423,NULL,NULL
25737,5083,27424,NULL,NULL
25738,10393,27425,NULL,NULL
25739,10393,27426,NULL,NULL
25740,10393,27427,NULL,NULL
25741,10393,27428,NULL,NULL
25742,10298,27429,NULL,NULL
25743,10298,27430,NULL,NULL
25744,10298,27431,NULL,NULL
25745,10298,27432,NULL,NULL
25746,10298,27433,NULL,NULL
25747,10298,27434,NULL,NULL
25748,10298,27435,NULL,NULL
25749,10298,27436,NULL,NULL
25750,10298,27437,NULL,NULL
25751,10298,27438,NULL,NULL
25752,10298,27439,NULL,NULL
25753,460,27440,NULL,NULL
25754,10396,27441,NULL,NULL
25755,6362,27442,NULL,NULL
25756,10397,27443,NULL,NULL
25757,10268,27444,NULL,NULL
25758,467,27445,NULL,NULL
25759,10398,27446,NULL,NULL
25760,10399,27447,NULL,NULL
25761,10400,27448,NULL,NULL
25762,10400,27449,NULL,NULL
25763,10400,27450,NULL,NULL
25764,10401,27451,NULL,NULL
25767,509,27454,NULL,NULL
25770,509,27457,NULL,NULL
25771,509,27458,NULL,NULL
25772,10407,27459,NULL,NULL
25773,10407,27460,NULL,NULL
25774,10407,27461,NULL,NULL
25775,10407,27462,NULL,NULL
25776,10407,27463,NULL,NULL
25777,10407,27464,NULL,NULL
25778,10407,27465,NULL,NULL
25779,10407,27466,NULL,NULL
25780,2866,27467,NULL,NULL
25781,9865,27468,NULL,NULL
25782,10408,27469,NULL,NULL
25783,10330,27470,NULL,NULL
25784,2236,27471,NULL,NULL
25786,10411,27473,NULL,NULL
25790,6047,27477,NULL,NULL
25791,6047,27478,NULL,NULL
25792,6047,27479,NULL,NULL
25793,6047,27480,NULL,NULL
25794,6047,27481,NULL,NULL
25795,6047,27482,NULL,NULL
25796,6047,27483,NULL,NULL
25797,6047,27484,NULL,NULL
25799,9962,27486,NULL,NULL
25801,13577,27488,NULL,2025-05-14 17:05:42.407
25802,13578,27489,NULL,2025-05-14 17:05:59.963
25803,10418,27490,NULL,NULL
25804,10419,27491,NULL,NULL
25805,10420,27492,NULL,NULL
25806,10421,27493,NULL,NULL
25807,10422,27494,NULL,NULL
25808,9768,27495,NULL,NULL
25810,5044,27497,NULL,NULL
25811,5044,27498,NULL,NULL
25812,5044,27499,NULL,NULL
25813,5044,27500,NULL,NULL
25814,5044,27501,NULL,NULL
25815,5044,27502,NULL,NULL
25816,5044,27503,NULL,NULL
25817,5044,27504,NULL,NULL
25818,5044,27505,NULL,NULL
25819,5044,27506,NULL,NULL
25820,5044,27507,NULL,NULL
25821,5044,27508,NULL,NULL
25822,5044,27509,NULL,NULL
25823,5044,27510,NULL,NULL
25824,10423,27511,NULL,NULL
25825,5044,27512,NULL,NULL
25826,5044,27513,NULL,NULL
25827,5044,27514,NULL,NULL
25828,5044,27515,NULL,NULL
25829,5044,27516,NULL,NULL
25830,5044,27517,NULL,NULL
25831,5044,27518,NULL,NULL
25832,5044,27519,NULL,NULL
25833,5044,27520,NULL,NULL
25834,5044,27521,NULL,NULL
25835,5044,27522,NULL,NULL
25836,5044,27523,NULL,NULL
25837,5044,27524,NULL,NULL
25838,10424,27525,NULL,NULL
25839,10425,27526,NULL,NULL
25840,499,27527,NULL,NULL
25842,10426,27529,NULL,NULL
25843,10427,27530,NULL,NULL
25844,10428,27531,NULL,NULL
25845,10429,27532,NULL,NULL
25846,10430,27533,NULL,NULL
25847,10431,27534,NULL,NULL
25848,10432,27535,NULL,NULL
25849,10433,27536,NULL,NULL
25850,10434,27537,NULL,NULL
25851,10434,27538,NULL,NULL
25852,10434,27539,NULL,NULL
25853,10434,27540,NULL,NULL
25854,10434,27541,NULL,NULL
25855,10434,27542,NULL,NULL
25856,10436,27543,NULL,NULL
25857,10437,27544,NULL,NULL
25858,10434,27545,NULL,NULL
25859,474,27546,NULL,NULL
25860,10439,27547,NULL,NULL
25861,10440,27548,NULL,NULL
25862,10442,27549,NULL,NULL
25864,4981,27551,NULL,NULL
25865,10335,27552,NULL,NULL
25866,1890,27553,NULL,NULL
25867,10224,27554,NULL,NULL
25868,10447,27555,NULL,NULL
25869,10447,27556,NULL,NULL
25870,10447,27557,NULL,NULL
25872,10448,27559,NULL,NULL
25873,10449,27560,NULL,NULL
25874,10450,27561,NULL,NULL
25875,10453,27562,NULL,2024-07-31 12:27:40.673
25876,10454,27563,NULL,NULL
25877,10455,27564,NULL,NULL
25878,10456,27565,NULL,NULL
25879,10457,27566,NULL,NULL
25880,10458,27567,NULL,NULL
25881,10459,27568,NULL,NULL
25885,10461,27572,NULL,NULL
25886,10462,27573,NULL,NULL
25887,10463,27574,NULL,NULL
25889,10465,27576,NULL,NULL
25890,10466,27577,NULL,NULL
25891,10467,27578,NULL,NULL
25892,10468,27579,NULL,NULL
25893,10469,27580,NULL,NULL
25894,10470,27581,NULL,NULL
25895,10471,27582,NULL,NULL
25896,10472,27583,NULL,NULL
25897,10473,27584,NULL,NULL
25898,4516,27585,NULL,NULL
25899,4516,27586,NULL,NULL
25900,4516,27587,NULL,NULL
25901,10474,27588,NULL,NULL
25902,10475,27589,NULL,NULL
25903,10476,27590,NULL,NULL
25904,440,27591,NULL,NULL
25905,510,27592,NULL,NULL
25907,510,27594,NULL,NULL
25908,510,27595,NULL,NULL
25909,510,27596,NULL,NULL
25910,10479,27597,NULL,NULL
25911,10480,27598,NULL,NULL
25913,10483,27600,NULL,2024-08-30 12:36:23.830
25914,10484,27601,NULL,NULL
25916,10486,27603,NULL,NULL
25917,10487,27604,NULL,NULL
25918,10489,27605,NULL,NULL
25919,877,27606,NULL,NULL
25922,877,27609,NULL,NULL
25924,877,27611,NULL,NULL
25926,877,27613,NULL,NULL
25927,10491,27614,NULL,NULL
25928,10492,27615,NULL,NULL
25929,10493,27616,NULL,NULL
25930,10494,27617,NULL,NULL
25932,10498,27619,NULL,NULL
25935,10198,27622,NULL,NULL
25936,10198,27623,NULL,NULL
25937,10198,27624,NULL,NULL
25938,10198,27625,NULL,NULL
25939,10198,27626,NULL,NULL
25940,10198,27627,NULL,NULL
25941,10198,27628,NULL,NULL
25942,10198,27629,NULL,NULL
25943,10198,27630,NULL,NULL
25944,10198,27631,NULL,NULL
25945,10198,27632,NULL,NULL
25946,10198,27633,NULL,NULL
25947,10198,27634,NULL,NULL
25948,10500,27635,NULL,NULL
25949,10502,27636,NULL,NULL
25950,10501,27637,NULL,NULL
25956,10503,27643,NULL,2025-01-17 10:26:09.563
25957,10504,27644,NULL,NULL
25958,10505,27645,NULL,NULL
25959,10506,27646,NULL,NULL
25960,10507,27647,NULL,NULL
25961,10508,27648,NULL,NULL
25962,10509,27649,NULL,NULL
25967,1768,27654,NULL,2025-11-04 11:42:16.980
25975,12050,27662,NULL,NULL
25976,12050,27663,NULL,NULL
25977,12051,27664,NULL,NULL
25978,10512,27665,NULL,NULL
25979,10512,27666,NULL,NULL
25980,10512,27667,NULL,NULL
25981,10511,27668,NULL,NULL
25982,10511,27669,NULL,NULL
25984,10519,27671,NULL,NULL
25985,10521,27672,NULL,NULL
25986,10520,27673,NULL,NULL
25987,10522,27674,NULL,NULL
25988,10523,27675,NULL,NULL
25989,10524,27676,NULL,NULL
25990,10525,27677,NULL,NULL
25991,10526,27678,NULL,NULL
25992,10527,27679,NULL,NULL
25993,10529,27680,NULL,NULL
25994,531,27681,NULL,NULL
25995,10329,27682,NULL,NULL
25996,10530,27683,NULL,NULL
25997,10531,27684,NULL,NULL
25998,1496,27685,NULL,NULL
25999,10534,27686,NULL,NULL
26000,9898,27687,NULL,NULL
26001,9898,27688,NULL,NULL
26006,9898,27693,NULL,NULL
26011,445,27698,NULL,NULL
26012,3888,27699,NULL,NULL
26013,3888,27700,NULL,NULL
26014,3888,27701,NULL,NULL
26015,3888,27702,NULL,NULL
26016,3888,27703,NULL,NULL
26017,3888,27704,NULL,NULL
26018,3888,27705,NULL,NULL
26021,3888,27708,NULL,NULL
26022,3888,27709,NULL,NULL
26023,3888,27710,NULL,2025-08-22 17:35:40.063
26024,3888,27711,NULL,NULL
26025,3888,27712,NULL,NULL
26027,3888,27714,NULL,NULL
26028,3888,27715,NULL,NULL
26029,3888,27716,NULL,NULL
26030,3888,27717,NULL,2025-08-27 13:15:19.250
26031,1840,27718,NULL,NULL
26032,10538,27719,NULL,NULL
26033,10540,27720,NULL,NULL
26035,10541,27722,NULL,NULL
26036,10541,27723,NULL,NULL
26037,10541,27724,NULL,NULL
26038,10541,27725,NULL,NULL
26039,10541,27726,NULL,NULL
26040,10542,27727,NULL,NULL
26041,10354,27728,NULL,NULL
26042,3888,27729,NULL,NULL
26043,10545,27730,NULL,NULL
26044,10538,27731,NULL,NULL
26045,10547,27732,NULL,NULL
26046,7886,27733,NULL,NULL
26047,10549,27734,NULL,NULL
26048,10550,27735,NULL,NULL
26049,10551,27736,NULL,NULL
26050,10541,27737,NULL,NULL
26051,10552,27738,NULL,NULL
26053,10553,27740,NULL,NULL
26054,10554,27741,NULL,NULL
26055,10556,27742,NULL,NULL
26056,10557,27743,NULL,NULL
26057,5399,27744,NULL,NULL
26058,10559,27745,NULL,NULL
26059,591,27746,NULL,NULL
26060,591,27747,NULL,NULL
26062,10560,27749,NULL,NULL
26063,10555,27750,NULL,NULL
26064,10562,27751,NULL,NULL
26066,10563,27753,NULL,2024-04-11 10:40:25.843
26067,10564,27754,NULL,NULL
26068,2955,27755,NULL,NULL
26069,2955,27756,NULL,NULL
26070,2955,27757,NULL,NULL
26071,2956,27758,NULL,NULL
26072,2956,27759,NULL,NULL
26073,1991,27760,NULL,NULL
26074,1991,27761,NULL,NULL
26075,10565,27762,NULL,2025-06-24 11:51:35.373
26076,10565,27763,NULL,2025-06-24 11:51:52.130
26077,10565,27764,NULL,2025-06-24 11:52:31.650
26078,10565,27765,NULL,2025-06-24 11:55:07.943
26079,10565,27766,NULL,2025-06-24 11:56:14.953
26080,10565,27767,NULL,2025-06-24 11:53:23.837
26081,10565,27768,NULL,2025-06-24 11:58:17.580
26082,10565,27769,NULL,NULL
26089,10566,27776,NULL,NULL
26090,10568,27777,NULL,NULL
26091,10569,27778,NULL,NULL
26092,526,27779,NULL,NULL
26093,10570,27780,NULL,NULL
26094,10571,27781,NULL,NULL
26095,10572,27782,NULL,NULL
26096,10573,27783,NULL,NULL
26097,10574,27784,NULL,NULL
26098,10575,27785,NULL,NULL
26100,10577,27787,NULL,NULL
26101,10578,27788,NULL,NULL
26102,10579,27789,NULL,NULL
26103,10579,27790,NULL,NULL
26104,10579,27791,NULL,NULL
26105,10580,27792,NULL,NULL
26106,1527,27793,NULL,NULL
26107,1527,27794,NULL,NULL
26108,1527,27795,NULL,NULL
26109,1527,27796,NULL,NULL
26110,3864,27797,NULL,NULL
26112,3864,27799,NULL,NULL
26114,3864,27801,NULL,NULL
26116,3864,27803,NULL,NULL
26117,5679,27804,NULL,NULL
26118,10581,27805,NULL,NULL
26119,10134,27806,NULL,NULL
26120,10582,27807,NULL,NULL
26121,2602,27808,NULL,NULL
26122,4889,27809,NULL,NULL
26123,4889,27810,NULL,NULL
26124,4889,27811,NULL,NULL
26125,4889,27812,NULL,NULL
26126,4889,27813,NULL,NULL
26127,4889,27814,NULL,NULL
26128,4889,27815,NULL,NULL
26132,582,27819,NULL,NULL
26133,10586,27820,NULL,2024-02-07 12:07:40.030
26134,10587,27821,NULL,NULL
26135,10588,27822,NULL,NULL
26136,603,27823,NULL,2025-11-07 11:15:09.327
26137,10072,27824,NULL,NULL
26138,603,27825,NULL,2025-11-07 09:43:47.943
26140,603,27827,NULL,NULL
26141,603,27828,NULL,NULL
26142,10589,27829,NULL,NULL
26143,477,27830,NULL,NULL
26144,10590,27831,NULL,NULL
26145,10591,27832,NULL,NULL
26146,4992,27833,NULL,NULL
26150,10592,27837,NULL,NULL
26152,474,27839,NULL,NULL
26158,10593,27845,NULL,NULL
26159,10594,27846,NULL,NULL
26160,10595,27847,NULL,NULL
26161,10596,27848,NULL,NULL
26162,10597,27849,NULL,NULL
26163,10598,27850,NULL,NULL
26164,10599,27851,NULL,NULL
26169,2678,27856,NULL,NULL
26170,2678,27857,NULL,NULL
26174,12805,27861,NULL,2024-02-06 13:44:54.580
26184,2678,27871,NULL,NULL
26190,2678,27877,NULL,NULL
26191,12806,27878,NULL,2024-02-06 11:31:14.570
26194,2678,27881,NULL,NULL
26195,2678,27882,NULL,NULL
26196,2678,27883,NULL,NULL
26201,10603,27888,NULL,NULL
26202,474,27889,NULL,NULL
26209,474,27896,NULL,NULL
26210,474,27897,NULL,NULL
26211,474,27898,NULL,2025-11-12 14:31:11.673
26212,474,27899,NULL,2025-11-12 14:29:59.290
26213,10604,27900,NULL,NULL
26215,474,27902,NULL,NULL
26219,474,27906,NULL,NULL
26221,474,27908,NULL,NULL
26222,474,27909,NULL,NULL
26223,574,27910,NULL,NULL
26224,574,27911,NULL,NULL
26225,574,27912,NULL,NULL
26226,574,27913,NULL,NULL
26227,574,27914,NULL,NULL
26228,574,27915,NULL,NULL
26229,574,27916,NULL,NULL
26230,574,27917,NULL,NULL
26231,574,27918,NULL,NULL
26232,574,27919,NULL,NULL
26233,574,27920,NULL,NULL
26234,574,27921,NULL,NULL
26235,574,27922,NULL,NULL
26236,574,27923,NULL,NULL
26237,574,27924,NULL,NULL
26238,574,27925,NULL,NULL
26239,574,27926,NULL,NULL
26240,474,27927,NULL,NULL
26241,474,27928,NULL,NULL
26242,463,27929,NULL,NULL
26243,463,27930,NULL,NULL
26244,463,27931,NULL,NULL
26245,10606,27932,NULL,NULL
26246,574,27933,NULL,NULL
26247,10607,27934,NULL,NULL
26248,10608,27935,NULL,NULL
26249,10609,27936,NULL,NULL
26250,10610,27937,NULL,NULL
26251,10611,27938,NULL,NULL
26252,10613,27939,NULL,NULL
26254,10615,27941,NULL,NULL
26255,474,27942,NULL,2025-01-21 12:08:51.180
26256,10616,27943,NULL,NULL
26257,10617,27944,NULL,NULL
26258,568,27945,NULL,NULL
26259,568,27946,NULL,NULL
26260,568,27947,NULL,NULL
26261,568,27948,NULL,NULL
26262,568,27949,NULL,NULL
26263,568,27950,NULL,NULL
26264,568,27951,NULL,NULL
26265,10618,27952,NULL,NULL
26266,10619,27953,NULL,NULL
26267,10619,27954,NULL,NULL
26268,10619,27955,NULL,NULL
26269,10619,27956,NULL,NULL
26270,10620,27957,NULL,NULL
26271,10621,27958,NULL,NULL
26272,10622,27959,NULL,NULL
26274,10623,27961,NULL,NULL
26275,10623,27962,NULL,NULL
26276,10623,27963,NULL,NULL
26277,10624,27964,NULL,NULL
26278,10625,27965,NULL,NULL
26279,10626,27966,NULL,NULL
26280,6503,27967,NULL,NULL
26282,509,27969,NULL,NULL
26283,10628,27970,NULL,NULL
26284,10629,27971,NULL,NULL
26285,10630,27972,NULL,NULL
26286,10631,27973,NULL,NULL
26287,10632,27974,NULL,NULL
26288,10633,27975,NULL,NULL
26289,10634,27976,NULL,NULL
26290,1496,27977,NULL,NULL
26291,10393,27978,NULL,NULL
26292,10636,27979,NULL,NULL
26293,10637,27980,NULL,NULL
26294,5122,27981,NULL,2024-07-01 15:52:16.237
26299,10639,27986,NULL,NULL
26301,10641,27988,NULL,NULL
26302,10642,27989,NULL,NULL
26303,10643,27990,NULL,NULL
26304,10644,27991,NULL,NULL
26305,10645,27992,NULL,NULL
26306,10646,27993,NULL,NULL
26308,10648,27995,NULL,NULL
26309,10648,27996,NULL,NULL
26310,10648,27997,NULL,NULL
26311,10648,27998,NULL,NULL
26312,10648,27999,NULL,NULL
26313,10648,28000,NULL,NULL
26314,10648,28001,NULL,NULL
26315,10648,28002,NULL,NULL
26316,10648,28003,NULL,NULL
26317,10648,28004,NULL,NULL
26318,10648,28005,NULL,NULL
26319,10648,28006,NULL,NULL
26320,10648,28007,NULL,NULL
26321,10648,28008,NULL,NULL
26322,10649,28009,NULL,NULL
26323,10650,28010,NULL,NULL
26324,10651,28011,NULL,NULL
26325,10652,28012,NULL,NULL
26326,10653,28013,NULL,NULL
26327,10654,28014,NULL,NULL
26328,10655,28015,NULL,NULL
26329,10657,28016,NULL,NULL
26330,10658,28017,NULL,NULL
26331,10659,28018,NULL,NULL
26332,10660,28019,NULL,NULL
26348,3128,28035,NULL,NULL
26350,3128,28037,NULL,NULL
26351,10663,28038,NULL,NULL
26352,9850,28039,NULL,NULL
26353,9850,28040,NULL,NULL
26354,9850,28041,NULL,NULL
26355,9850,28042,NULL,NULL
26356,9850,28043,NULL,NULL
26357,10664,28044,NULL,NULL
26359,10665,28046,NULL,NULL
26362,10666,28049,NULL,NULL
26363,10668,28050,NULL,NULL
26364,10077,28051,NULL,NULL
26365,10077,28052,NULL,NULL
26366,10077,28053,NULL,NULL
26367,10669,28054,NULL,NULL
26368,4454,28055,NULL,NULL
26369,4454,28056,NULL,NULL
26370,4454,28057,NULL,NULL
26372,10670,28059,NULL,NULL
26373,10671,28060,NULL,NULL
26374,11778,28061,NULL,NULL
26380,2678,28067,NULL,NULL
26383,448,28070,NULL,2025-04-29 13:35:39.817
26384,9950,28071,NULL,NULL
26385,9950,28072,NULL,NULL
26388,510,28075,NULL,NULL
26389,510,28076,NULL,NULL
26390,498,28077,NULL,NULL
26391,510,28078,NULL,NULL
26392,10674,28079,NULL,NULL
26393,10675,28080,NULL,NULL
26394,10675,28081,NULL,NULL
26395,10675,28082,NULL,NULL
26396,10675,28083,NULL,NULL
26397,10675,28084,NULL,NULL
26402,10676,28089,NULL,NULL
26403,584,28090,NULL,NULL
26404,10677,28091,NULL,NULL
26405,452,28092,NULL,NULL
26406,452,28093,NULL,NULL
26408,10678,28095,NULL,NULL
26409,10679,28096,NULL,NULL
26410,10680,28097,NULL,NULL
26411,10681,28098,NULL,NULL
26413,452,28100,NULL,NULL
26415,10682,28102,NULL,NULL
26416,10683,28103,NULL,NULL
26417,10684,28104,NULL,NULL
26418,10685,28105,NULL,NULL
26419,10686,28106,NULL,NULL
26420,10686,28107,NULL,NULL
26421,10686,28108,NULL,NULL
26422,10686,28109,NULL,NULL
26423,10687,28110,NULL,NULL
26424,10689,28111,NULL,NULL
26425,10690,28112,NULL,NULL
26426,10691,28113,NULL,NULL
26427,10692,28114,NULL,NULL
26433,12806,28120,NULL,2024-02-06 11:33:48.697
26434,10694,28121,NULL,NULL
26435,10695,28122,NULL,2024-03-11 09:38:25.747
26436,10695,28123,NULL,2024-03-11 09:39:29.680
26437,10695,28124,NULL,NULL
26440,10697,28127,NULL,NULL
26441,10697,28128,NULL,NULL
26442,570,28129,NULL,NULL
26443,570,28130,NULL,NULL
26444,570,28131,NULL,NULL
26445,570,28132,NULL,NULL
26446,570,28133,NULL,NULL
26447,570,28134,NULL,NULL
26448,10699,28135,NULL,NULL
26449,10700,28136,NULL,NULL
26450,10701,28137,NULL,NULL
26452,10703,28139,NULL,NULL
26453,10704,28140,NULL,NULL
26454,10705,28141,NULL,NULL
26455,10706,28142,NULL,NULL
26456,10707,28143,NULL,NULL
26457,10708,28144,NULL,NULL
26458,10709,28145,NULL,NULL
26460,10712,28147,NULL,NULL
26461,10713,28148,NULL,NULL
26462,10713,28149,NULL,NULL
26463,10713,28150,NULL,NULL
26464,10713,28151,NULL,NULL
26465,10713,28152,NULL,NULL
26466,10714,28153,NULL,NULL
26467,9831,28154,NULL,NULL
26469,12806,28156,NULL,2024-02-06 11:32:29.147
26471,10716,28158,NULL,NULL
26472,10717,28159,NULL,NULL
26473,10718,28160,NULL,NULL
26477,10719,28164,NULL,NULL
26478,10720,28165,NULL,NULL
26479,10721,28166,NULL,NULL
26480,10723,28167,NULL,NULL
26481,10724,28168,NULL,NULL
26482,10725,28169,NULL,NULL
26483,10726,28170,NULL,NULL
26484,10727,28171,NULL,NULL
26485,10728,28172,NULL,NULL
26486,10729,28173,NULL,NULL
26487,10731,28174,NULL,NULL
26489,10732,28176,NULL,NULL
26490,10733,28177,NULL,NULL
26491,10734,28178,NULL,NULL
26492,5271,28179,NULL,NULL
26493,10735,28180,NULL,NULL
26494,10736,28181,NULL,NULL
26496,10738,28183,NULL,NULL
26498,10740,28185,NULL,NULL
26499,10741,28186,NULL,NULL
26500,10742,28187,NULL,NULL
26501,10743,28188,NULL,NULL
26502,507,28189,NULL,NULL
26503,10745,28190,NULL,NULL
26504,10746,28191,NULL,NULL
26506,9850,28193,NULL,NULL
26507,10749,28194,NULL,NULL
26509,10750,28196,NULL,NULL
26510,10751,28197,NULL,NULL
26511,10752,28198,NULL,NULL
26512,10753,28199,NULL,NULL
26513,4785,28200,NULL,NULL
26515,10754,28202,NULL,NULL
26516,10755,28203,NULL,NULL
26517,10693,28204,NULL,NULL
26518,10693,28205,NULL,NULL
26519,10693,28206,NULL,NULL
26520,10693,28207,NULL,NULL
26521,10756,28208,NULL,NULL
26523,506,28210,NULL,NULL
26524,505,28211,NULL,NULL
26525,10757,28212,NULL,NULL
26526,10758,28213,NULL,NULL
26527,506,28214,NULL,NULL
26528,506,28215,NULL,NULL
26529,505,28216,NULL,NULL
26530,10759,28217,NULL,NULL
26531,1736,28218,NULL,NULL
26532,482,28219,NULL,NULL
26533,506,28220,NULL,NULL
26534,10761,28221,NULL,NULL
26535,10762,28222,NULL,NULL
26536,10763,28223,NULL,NULL
26537,2123,28224,NULL,NULL
26539,2123,28226,NULL,NULL
26540,2123,28227,NULL,NULL
26541,2123,28228,NULL,NULL
26542,2123,28229,NULL,NULL
26543,2123,28230,NULL,NULL
26544,2123,28231,NULL,NULL
26545,2123,28232,NULL,NULL
26546,2123,28233,NULL,NULL
26547,2123,28234,NULL,NULL
26548,2123,28235,NULL,NULL
26549,2123,28236,NULL,NULL
26550,2123,28237,NULL,NULL
26551,2123,28238,NULL,NULL
26552,2123,28239,NULL,NULL
26553,2123,28240,NULL,NULL
26554,2123,28241,NULL,NULL
26555,2123,28242,NULL,NULL
26556,2123,28243,NULL,NULL
26557,2123,28244,NULL,NULL
26558,2123,28245,NULL,NULL
26559,2123,28246,NULL,NULL
26560,2123,28247,NULL,NULL
26561,2123,28248,NULL,NULL
26562,2123,28249,NULL,NULL
26563,2123,28250,NULL,NULL
26564,2123,28251,NULL,NULL
26565,2123,28252,NULL,NULL
26566,2123,28253,NULL,NULL
26567,10764,28254,NULL,NULL
26568,10765,28255,NULL,NULL
26569,10766,28256,NULL,NULL
26570,10767,28257,NULL,NULL
26571,10768,28258,NULL,NULL
26572,10769,28259,NULL,NULL
26575,10770,28262,NULL,NULL
26577,10773,28264,NULL,NULL
26578,10774,28265,NULL,NULL
26579,10775,28266,NULL,NULL
26580,10776,28267,NULL,NULL
26581,10777,28268,NULL,NULL
26582,10777,28269,NULL,NULL
26583,10778,28270,NULL,NULL
26584,10779,28271,NULL,NULL
26585,10781,28272,NULL,NULL
26586,10782,28273,NULL,NULL
26587,10783,28274,NULL,NULL
26588,10784,28275,NULL,NULL
26589,10785,28276,NULL,NULL
26591,597,28278,NULL,NULL
26595,8292,28282,NULL,NULL
26596,10786,28283,NULL,NULL
26597,10786,28284,NULL,NULL
26598,10786,28285,NULL,NULL
26600,10787,28287,NULL,NULL
26601,10774,28288,NULL,NULL
26602,10774,28289,NULL,NULL
26603,10774,28290,NULL,NULL
26604,10774,28291,NULL,NULL
26605,10774,28292,NULL,NULL
26606,10774,28293,NULL,NULL
26607,499,28294,NULL,NULL
26608,1496,28295,NULL,NULL
26609,10789,28296,NULL,NULL
26610,10790,28297,NULL,NULL
26611,9831,28298,NULL,NULL
26612,10792,28299,NULL,NULL
26613,10792,28300,NULL,NULL
26614,10792,28301,NULL,NULL
26615,10792,28302,NULL,NULL
26616,10792,28303,NULL,NULL
26617,10792,28304,NULL,NULL
26618,10792,28305,NULL,NULL
26619,10792,28306,NULL,NULL
26620,10792,28307,NULL,NULL
26621,10792,28308,NULL,NULL
26622,10792,28309,NULL,NULL
26623,10792,28310,NULL,NULL
26624,3859,28311,NULL,NULL
26625,3859,28312,NULL,NULL
26626,3859,28313,NULL,NULL
26627,3859,28314,NULL,NULL
26628,10794,28315,NULL,NULL
26629,10795,28316,NULL,NULL
26630,10796,28317,NULL,NULL
26631,10797,28318,NULL,NULL
26632,10798,28319,NULL,NULL
26633,10799,28320,NULL,NULL
26634,9938,28321,NULL,NULL
26635,10801,28322,NULL,NULL
26636,10803,28323,NULL,NULL
26637,6060,28324,NULL,NULL
26638,10804,28325,NULL,NULL
26639,10774,28326,NULL,NULL
26640,564,28327,NULL,NULL
26641,564,28328,NULL,NULL
26642,564,28329,NULL,NULL
26643,564,28330,NULL,NULL
26644,564,28331,NULL,2023-09-12 14:28:02.540
26645,564,28332,NULL,NULL
26646,564,28333,NULL,NULL
26647,564,28334,NULL,NULL
26648,564,28335,NULL,NULL
26651,10805,28338,NULL,NULL
26652,4550,28339,NULL,NULL
26653,4550,28340,NULL,NULL
26654,4550,28341,NULL,NULL
26655,10807,28342,NULL,NULL
26656,10808,28343,NULL,NULL
26657,10809,28344,NULL,NULL
26658,10810,28345,NULL,NULL
26659,10811,28346,NULL,NULL
26660,10812,28347,NULL,NULL
26661,10813,28348,NULL,NULL
26662,10814,28349,NULL,NULL
26663,10815,28350,NULL,NULL
26664,10817,28351,NULL,NULL
26665,10818,28352,NULL,NULL
26666,10819,28353,NULL,NULL
26668,10821,28355,NULL,NULL
26669,10821,28356,NULL,NULL
26670,10821,28357,NULL,NULL
26671,10822,28358,NULL,NULL
26672,474,28359,NULL,NULL
26673,474,28360,NULL,NULL
26675,10134,28362,NULL,NULL
26676,10134,28363,NULL,NULL
26677,10134,28364,NULL,NULL
26678,10827,28365,NULL,NULL
26679,10828,28366,NULL,NULL
26681,10831,28368,NULL,NULL
26682,10832,28369,NULL,NULL
26683,10833,28370,NULL,NULL
26684,3309,28371,NULL,NULL
26685,3309,28372,NULL,NULL
26686,10834,28373,NULL,NULL
26687,10835,28374,NULL,NULL
26688,10836,28375,NULL,NULL
26689,10837,28376,NULL,NULL
26690,10837,28377,NULL,NULL
26691,10837,28378,NULL,NULL
26692,10838,28379,NULL,NULL
26693,10839,28380,NULL,NULL
26694,10840,28381,NULL,NULL
26698,12806,28385,NULL,2024-02-06 11:32:01.327
26700,12805,28387,NULL,2024-02-06 11:22:23.943
26702,10841,28389,NULL,NULL
26703,10842,28390,NULL,NULL
26704,10843,28391,NULL,NULL
26705,10844,28392,NULL,NULL
26706,10845,28393,NULL,NULL
26707,10846,28394,NULL,NULL
26708,10847,28395,NULL,NULL
26709,10848,28396,NULL,NULL
26710,10849,28397,NULL,NULL
26711,10850,28398,NULL,NULL
26712,10851,28399,NULL,NULL
26713,10852,28400,NULL,NULL
26714,10511,28401,NULL,NULL
26716,10854,28403,NULL,NULL
26717,845,28404,NULL,NULL
26718,10856,28405,NULL,NULL
26719,10858,28406,NULL,NULL
26720,10859,28407,NULL,NULL
26721,10861,28408,NULL,NULL
26725,13754,28412,NULL,2025-09-16 11:40:52.203
26726,3157,28413,NULL,NULL
26727,10863,28414,NULL,NULL
26728,10097,28415,NULL,NULL
26729,10097,28416,NULL,NULL
26730,10097,28417,NULL,NULL
26731,10097,28418,NULL,NULL
26732,10097,28419,NULL,NULL
26733,10864,28420,NULL,NULL
26734,10865,28421,NULL,NULL
26735,1840,28422,NULL,NULL
26736,10538,28423,NULL,NULL
26737,480,28424,NULL,NULL
26738,1840,28425,NULL,NULL
26739,10867,28426,NULL,NULL
26741,10868,28428,NULL,NULL
26742,10869,28429,NULL,NULL
26743,10870,28430,NULL,NULL
26744,10538,28431,NULL,NULL
26745,10538,28432,NULL,NULL
26746,10538,28433,NULL,NULL
26747,10538,28434,NULL,NULL
26748,10538,28435,NULL,NULL
26750,1840,28437,NULL,NULL
26751,1840,28438,NULL,NULL
26752,1840,28439,NULL,NULL
26753,10871,28440,NULL,NULL
26754,1840,28441,NULL,NULL
26755,1840,28442,NULL,NULL
26756,10872,28443,NULL,NULL
26757,10873,28444,NULL,NULL
26758,10874,28445,NULL,NULL
26759,10875,28446,NULL,NULL
26760,10876,28447,NULL,NULL
26761,10877,28448,NULL,NULL
26762,10878,28449,NULL,NULL
26764,10879,28451,NULL,NULL
26765,7886,28452,NULL,NULL
26766,10879,28453,NULL,NULL
26767,1768,28454,NULL,NULL
26768,1768,28455,NULL,NULL
26769,1768,28456,NULL,NULL
26770,10880,28457,NULL,NULL
26776,5083,28463,NULL,NULL
26777,10884,28464,NULL,NULL
26778,10885,28465,NULL,NULL
26779,10886,28466,NULL,NULL
26780,10887,28467,NULL,NULL
26781,10888,28468,NULL,NULL
26782,10889,28469,NULL,NULL
26791,10891,28478,NULL,NULL
26799,10893,28486,NULL,NULL
26800,10894,28487,NULL,NULL
26801,10895,28488,NULL,NULL
26802,10896,28489,NULL,NULL
26803,485,28490,NULL,NULL
26804,10897,28491,NULL,NULL
26805,10898,28492,NULL,NULL
26806,10899,28493,NULL,NULL
26807,10900,28494,NULL,NULL
26809,2678,28496,NULL,NULL
26810,2678,28497,NULL,NULL
26811,12805,28498,NULL,2024-02-06 11:28:59.460
26813,2678,28500,NULL,NULL
26814,2678,28501,NULL,NULL
26815,2678,28502,NULL,NULL
26816,2678,28503,NULL,NULL
26819,12805,28506,NULL,2024-02-06 11:28:29.660
26820,2678,28507,NULL,NULL
26821,2678,28508,NULL,NULL
26822,2678,28509,NULL,NULL
26823,2678,28510,NULL,NULL
26824,12806,28511,NULL,2024-02-06 11:45:56.643
26827,10901,28514,NULL,NULL
26828,10902,28515,NULL,NULL
26829,10904,28516,NULL,NULL
26830,10903,28517,NULL,NULL
26831,10906,28518,NULL,NULL
26832,10907,28519,NULL,NULL
26833,10908,28520,NULL,NULL
26834,566,28521,NULL,NULL
26835,566,28522,NULL,NULL
26838,3395,28525,NULL,NULL
26840,10019,28527,NULL,NULL
26841,3122,28528,NULL,NULL
26842,10019,28529,NULL,NULL
26843,3122,28530,NULL,NULL
26844,10019,28531,NULL,NULL
26845,3122,28532,NULL,NULL
26846,10019,28533,NULL,NULL
26847,3122,28534,NULL,NULL
26848,10019,28535,NULL,NULL
26849,3122,28536,NULL,NULL
26850,10019,28537,NULL,NULL
26851,3122,28538,NULL,NULL
26852,10019,28539,NULL,NULL
26853,3122,28540,NULL,NULL
26854,10019,28541,NULL,NULL
26855,3122,28542,NULL,NULL
26856,10903,28543,NULL,NULL
26857,10903,28544,NULL,NULL
26858,10903,28545,NULL,NULL
26859,10903,28546,NULL,NULL
26860,10903,28547,NULL,NULL
26861,10903,28548,NULL,NULL
26862,10903,28549,NULL,NULL
26863,10903,28550,NULL,NULL
26864,10903,28551,NULL,NULL
26865,10903,28552,NULL,NULL
26866,10903,28553,NULL,NULL
26867,10903,28554,NULL,NULL
26868,10903,28555,NULL,NULL
26869,10903,28556,NULL,NULL
26870,10903,28557,NULL,NULL
26871,10903,28558,NULL,NULL
26872,10903,28559,NULL,NULL
26873,10903,28560,NULL,NULL
26874,10903,28561,NULL,NULL
26875,10903,28562,NULL,NULL
26876,10903,28563,NULL,NULL
26877,10903,28564,NULL,NULL
26878,10903,28565,NULL,NULL
26879,10903,28566,NULL,NULL
26880,10903,28567,NULL,NULL
26881,10903,28568,NULL,NULL
26882,10911,28569,NULL,NULL
26883,10912,28570,NULL,NULL
26884,2018,28571,NULL,NULL
26885,2018,28572,NULL,NULL
26886,2018,28573,NULL,NULL
26887,2018,28574,NULL,2024-01-30 11:00:33.330
26891,3873,28578,NULL,NULL
26892,3873,28579,NULL,NULL
26893,3873,28580,NULL,NULL
26894,3873,28581,NULL,NULL
26895,3873,28582,NULL,NULL
26896,10913,28583,NULL,NULL
26897,10914,28584,NULL,NULL
26898,10915,28585,NULL,NULL
26899,10916,28586,NULL,NULL
26900,10917,28587,NULL,NULL
26901,10918,28588,NULL,NULL
26902,10918,28589,NULL,NULL
26903,10918,28590,NULL,NULL
26904,10918,28591,NULL,NULL
26905,10918,28592,NULL,NULL
26906,10919,28593,NULL,NULL
26907,10920,28594,NULL,NULL
26908,10921,28595,NULL,NULL
26909,10922,28596,NULL,NULL
26910,10923,28597,NULL,NULL
26911,10925,28598,NULL,NULL
26912,10926,28599,NULL,NULL
26913,10928,28600,NULL,NULL
26914,10927,28601,NULL,NULL
26915,10928,28602,NULL,NULL
26916,10927,28603,NULL,NULL
26917,10928,28604,NULL,NULL
26918,10927,28605,NULL,NULL
26919,10928,28606,NULL,NULL
26920,10927,28607,NULL,NULL
26921,10928,28608,NULL,NULL
26922,10927,28609,NULL,NULL
26923,10928,28610,NULL,NULL
26924,10927,28611,NULL,NULL
26925,10928,28612,NULL,NULL
26926,10927,28613,NULL,NULL
26927,10928,28614,NULL,NULL
26928,10927,28615,NULL,NULL
26929,10928,28616,NULL,NULL
26930,10927,28617,NULL,NULL
26936,10930,28623,NULL,NULL
26937,10931,28624,NULL,NULL
26938,10933,28625,NULL,NULL
26939,474,28626,NULL,NULL
26941,10934,28628,NULL,NULL
26942,10935,28629,NULL,NULL
26944,10936,28631,NULL,NULL
26946,10937,28633,NULL,NULL
26947,10938,28634,NULL,NULL
26948,10939,28635,NULL,NULL
26949,4148,28636,NULL,NULL
26950,4148,28637,NULL,NULL
26951,4148,28638,NULL,NULL
26952,4148,28639,NULL,NULL
26953,10941,28640,NULL,NULL
26954,10942,28641,NULL,NULL
26955,4148,28642,NULL,NULL
26956,4148,28643,NULL,NULL
26957,4148,28644,NULL,NULL
26958,4148,28645,NULL,NULL
26961,10943,28648,NULL,NULL
26962,565,28649,NULL,NULL
26963,524,28650,NULL,NULL
26964,10946,28651,NULL,NULL
26965,482,28652,NULL,NULL
26966,10947,28653,NULL,NULL
26968,10949,28655,NULL,NULL
26969,10949,28656,NULL,NULL
26970,10949,28657,NULL,NULL
26971,10949,28658,NULL,NULL
26972,10949,28659,NULL,NULL
26973,10949,28660,NULL,NULL
26974,10950,28661,NULL,NULL
26975,10951,28662,NULL,NULL
26976,10952,28663,NULL,NULL
26977,10953,28664,NULL,NULL
26978,10954,28665,NULL,NULL
26979,10955,28666,NULL,NULL
26980,10956,28667,NULL,NULL
26981,10957,28668,NULL,NULL
26982,10958,28669,NULL,NULL
26983,10959,28670,NULL,NULL
26984,10882,28671,NULL,NULL
26985,10960,28672,NULL,NULL
26986,10961,28673,NULL,NULL
26987,5423,28674,NULL,NULL
26988,10882,28675,NULL,NULL
26989,10960,28676,NULL,NULL
26990,10961,28677,NULL,NULL
26991,5423,28678,NULL,NULL
26992,10882,28679,NULL,NULL
26993,10960,28680,NULL,NULL
26994,10961,28681,NULL,NULL
26995,5423,28682,NULL,NULL
26996,10882,28683,NULL,NULL
26997,10960,28684,NULL,NULL
26998,10961,28685,NULL,NULL
26999,5423,28686,NULL,NULL
27000,10882,28687,NULL,NULL
27001,10960,28688,NULL,NULL
27002,10961,28689,NULL,NULL
27003,5423,28690,NULL,NULL
27004,10963,28691,NULL,NULL
27005,2536,28692,NULL,NULL
27006,2536,28693,NULL,NULL
27008,10964,28695,NULL,NULL
27009,10965,28696,NULL,NULL
27011,10966,28698,NULL,NULL
27012,10966,28699,NULL,NULL
27013,10966,28700,NULL,NULL
27014,10967,28701,NULL,NULL
27015,10968,28702,NULL,NULL
27016,10969,28703,NULL,NULL
27017,9784,28704,NULL,NULL
27018,9784,28705,NULL,NULL
27019,811,28706,NULL,NULL
27020,10970,28707,NULL,NULL
27021,10971,28708,NULL,NULL
27022,10973,28709,NULL,NULL
27031,10976,28718,NULL,NULL
27032,6480,28719,NULL,NULL
27033,10975,28720,NULL,NULL
27034,10975,28721,NULL,NULL
27035,10975,28722,NULL,NULL
27036,6480,28723,NULL,NULL
27037,10975,28724,NULL,NULL
27038,6480,28725,NULL,NULL
27039,10975,28726,NULL,NULL
27040,10977,28727,NULL,NULL
27041,3888,28728,NULL,2025-04-17 15:44:45.903
27042,509,28729,NULL,NULL
27044,509,28731,NULL,NULL
27045,10978,28732,NULL,NULL
27046,10979,28733,NULL,NULL
27047,10980,28734,NULL,NULL
27048,10565,28735,NULL,NULL
27049,10565,28736,NULL,NULL
27050,10565,28737,NULL,NULL
27051,10981,28738,NULL,NULL
27052,10981,28739,NULL,NULL
27053,10982,28740,NULL,NULL
27054,10982,28741,NULL,NULL
27055,10983,28742,NULL,NULL
27057,10985,28744,NULL,NULL
27058,10986,28745,NULL,NULL
27059,10987,28746,NULL,NULL
27060,10988,28747,NULL,NULL
27061,10989,28748,NULL,NULL
27063,10991,28750,NULL,NULL
27064,2123,28751,NULL,NULL
27065,10992,28752,NULL,NULL
27066,10993,28753,NULL,NULL
27067,10994,28754,NULL,NULL
27068,10995,28755,NULL,NULL
27069,10996,28756,NULL,NULL
27070,10997,28757,NULL,NULL
27071,10998,28758,NULL,NULL
27072,10999,28759,NULL,NULL
27074,10981,28761,NULL,NULL
27075,10982,28762,NULL,NULL
27076,10981,28763,NULL,NULL
27077,10982,28764,NULL,NULL
27078,10981,28765,NULL,NULL
27079,10982,28766,NULL,NULL
27080,10981,28767,NULL,NULL
27081,10982,28768,NULL,NULL
27082,11000,28769,NULL,NULL
27084,11001,28771,NULL,NULL
27086,7577,28773,NULL,NULL
27087,11002,28774,NULL,NULL
27088,11004,28775,NULL,NULL
27089,11005,28776,NULL,NULL
27090,11006,28777,NULL,NULL
27091,11007,28778,NULL,NULL
27092,11008,28779,NULL,NULL
27093,11009,28780,NULL,NULL
27094,10619,28781,NULL,NULL
27095,10619,28782,NULL,NULL
27096,11010,28783,NULL,NULL
27097,11012,28784,NULL,NULL
27100,11016,28787,NULL,NULL
27101,11016,28788,NULL,NULL
27102,11018,28789,NULL,NULL
27103,11019,28790,NULL,NULL
27104,11020,28791,NULL,NULL
27105,11021,28792,NULL,NULL
27106,11022,28793,NULL,NULL
27107,566,28794,NULL,NULL
27108,11023,28795,NULL,NULL
27109,11023,28796,NULL,NULL
27110,11023,28797,NULL,NULL
27111,11023,28798,NULL,NULL
27112,11023,28799,NULL,NULL
27113,10258,28800,NULL,NULL
27114,11025,28801,NULL,NULL
27115,11026,28802,NULL,NULL
27116,11027,28803,NULL,NULL
27117,11028,28804,NULL,NULL
27118,566,28805,NULL,NULL
27119,566,28806,NULL,NULL
27120,566,28807,NULL,NULL
27121,11029,28808,NULL,NULL
27123,11031,28810,NULL,NULL
27124,11032,28811,NULL,NULL
27125,11033,28812,NULL,NULL
27126,11034,28813,NULL,NULL
27127,11035,28814,NULL,NULL
27128,11036,28815,NULL,NULL
27129,498,28816,NULL,NULL
27130,11037,28817,NULL,NULL
27131,485,28818,NULL,NULL
27132,11038,28819,NULL,NULL
27133,11039,28820,NULL,NULL
27134,11040,28821,NULL,NULL
27135,11041,28822,NULL,NULL
27136,1496,28823,NULL,NULL
27137,1496,28824,NULL,NULL
27138,11042,28825,NULL,NULL
27139,526,28826,NULL,NULL
27140,526,28827,NULL,NULL
27141,524,28828,NULL,NULL
27142,524,28829,NULL,NULL
27143,11043,28830,NULL,NULL
27144,11044,28831,NULL,NULL
27145,11045,28832,NULL,NULL
27147,11046,28834,NULL,NULL
27148,11047,28835,NULL,NULL
27149,11048,28836,NULL,NULL
27150,11049,28837,NULL,NULL
27151,10300,28838,NULL,NULL
27152,10300,28839,NULL,NULL
27153,10300,28840,NULL,NULL
27154,10300,28841,NULL,NULL
27155,10300,28842,NULL,NULL
27156,11050,28843,NULL,NULL
27157,11051,28844,NULL,2025-05-05 08:15:10.100
27158,11052,28845,NULL,NULL
27159,11053,28846,NULL,NULL
27160,11054,28847,NULL,NULL
27161,11055,28848,NULL,NULL
27162,11057,28849,NULL,NULL
27163,474,28850,NULL,NULL
27164,11054,28851,NULL,NULL
27165,11054,28852,NULL,NULL
27167,11054,28854,NULL,NULL
27168,11054,28855,NULL,NULL
27169,11054,28856,NULL,NULL
27170,11054,28857,NULL,NULL
27171,11054,28858,NULL,NULL
27172,11054,28859,NULL,NULL
27173,11054,28860,NULL,NULL
27174,11054,28861,NULL,NULL
27175,11054,28862,NULL,NULL
27176,11054,28863,NULL,NULL
27178,11054,28865,NULL,NULL
27181,11054,28868,NULL,NULL
27182,11054,28869,NULL,NULL
27183,11054,28870,NULL,NULL
27184,11054,28871,NULL,NULL
27185,11054,28872,NULL,NULL
27186,11054,28873,NULL,NULL
27187,11054,28874,NULL,NULL
27188,11054,28875,NULL,NULL
27189,11054,28876,NULL,NULL
27190,11054,28877,NULL,NULL
27191,11054,28878,NULL,NULL
27192,11054,28879,NULL,NULL
27193,11054,28880,NULL,NULL
27194,11054,28881,NULL,NULL
27195,11054,28882,NULL,NULL
27196,11054,28883,NULL,NULL
27197,11054,28884,NULL,NULL
27198,11054,28885,NULL,NULL
27199,11054,28886,NULL,NULL
27200,11054,28887,NULL,NULL
27201,11054,28888,NULL,NULL
27202,11054,28889,NULL,NULL
27203,11054,28890,NULL,NULL
27204,11054,28891,NULL,NULL
27205,11054,28892,NULL,NULL
27206,11054,28893,NULL,NULL
27207,11054,28894,NULL,NULL
27208,11054,28895,NULL,NULL
27209,11054,28896,NULL,NULL
27210,11054,28897,NULL,NULL
27211,11054,28898,NULL,NULL
27212,11054,28899,NULL,NULL
27213,11054,28900,NULL,NULL
27214,11054,28901,NULL,NULL
27215,11054,28902,NULL,NULL
27216,11054,28903,NULL,NULL
27217,11054,28904,NULL,NULL
27218,11054,28905,NULL,NULL
27219,11054,28906,NULL,NULL
27221,11054,28908,NULL,NULL
27222,11058,28909,NULL,NULL
27223,11059,28910,NULL,NULL
27224,11060,28911,NULL,NULL
27225,11061,28912,NULL,NULL
27226,10134,28913,NULL,NULL
27227,10134,28914,NULL,NULL
27228,10134,28915,NULL,NULL
27229,11081,28916,NULL,NULL
27230,11082,28917,NULL,NULL
27231,11083,28918,NULL,NULL
27232,11084,28919,NULL,NULL
27233,11116,28920,NULL,NULL
27234,11087,28921,NULL,NULL
27235,11088,28922,NULL,NULL
27236,11089,28923,NULL,NULL
27237,11090,28924,NULL,NULL
27238,1138,28925,NULL,NULL
27239,5633,28926,NULL,NULL
27240,11093,28927,NULL,NULL
27241,11094,28928,NULL,NULL
27242,13479,28929,NULL,2025-03-19 08:57:53.267
27243,11096,28930,NULL,NULL
27244,11097,28931,NULL,NULL
27245,11098,28932,NULL,NULL
27246,11099,28933,NULL,NULL
27247,11100,28934,NULL,NULL
27248,11101,28935,NULL,NULL
27249,2404,28936,NULL,NULL
27250,11103,28937,NULL,NULL
27251,11117,28938,NULL,NULL
27252,11105,28939,NULL,NULL
27253,11106,28940,NULL,NULL
27254,11107,28941,NULL,NULL
27255,11108,28942,NULL,NULL
27256,12787,28943,NULL,2024-01-31 11:20:27.630
27257,11110,28944,NULL,NULL
27258,11111,28945,NULL,NULL
27259,11112,28946,NULL,NULL
27260,11113,28947,NULL,NULL
27261,11114,28948,NULL,NULL
27262,11115,28949,NULL,NULL
27263,11062,28950,NULL,NULL
27265,11063,28952,NULL,NULL
27266,11064,28953,NULL,NULL
27267,5780,28954,NULL,NULL
27268,11065,28955,NULL,NULL
27269,11066,28956,NULL,NULL
27271,11067,28958,NULL,NULL
27272,1215,28959,NULL,NULL
27273,1215,28960,NULL,NULL
27274,1215,28961,NULL,NULL
27276,11068,28963,NULL,NULL
27277,11069,28964,NULL,NULL
27278,11070,28965,NULL,NULL
27279,510,28966,NULL,NULL
27280,460,28967,NULL,NULL
27281,3814,28968,NULL,NULL
27282,3814,28969,NULL,NULL
27283,3814,28970,NULL,NULL
27284,3814,28971,NULL,NULL
27285,3888,28972,NULL,2025-07-31 14:07:36.937
27286,11071,28973,NULL,NULL
27287,11072,28974,NULL,NULL
27288,11072,28975,NULL,NULL
27289,564,28976,NULL,NULL
27291,9684,28978,NULL,NULL
27292,9684,28979,NULL,NULL
27293,10647,28980,NULL,NULL
27294,4543,28981,NULL,NULL
27295,443,28982,NULL,NULL
27296,498,28983,NULL,2024-01-23 14:46:48.597
27297,10648,28984,NULL,NULL
27298,11074,28985,NULL,NULL
27299,11075,28986,NULL,2025-05-06 10:23:14.347
27300,11076,28987,NULL,NULL
27301,11077,28988,NULL,NULL
27302,11079,28989,NULL,NULL
27303,11080,28990,NULL,NULL
27304,564,28991,NULL,NULL
27305,11118,28992,NULL,NULL
27306,11119,28993,NULL,NULL
27308,11122,28995,NULL,NULL
27309,11123,28996,NULL,NULL
27310,11124,28997,NULL,NULL
27311,582,28998,NULL,NULL
27312,5820,28999,NULL,NULL
27313,5820,29000,NULL,NULL
27314,5820,29001,NULL,NULL
27315,5820,29002,NULL,NULL
27316,5820,29003,NULL,NULL
27317,5820,29004,NULL,NULL
27318,5820,29005,NULL,NULL
27319,5820,29006,NULL,NULL
27320,5820,29007,NULL,NULL
27321,5820,29008,NULL,NULL
27322,5820,29009,NULL,NULL
27323,5820,29010,NULL,NULL
27324,5820,29011,NULL,NULL
27325,5820,29012,NULL,NULL
27326,5820,29013,NULL,NULL
27327,5820,29014,NULL,NULL
27328,5820,29015,NULL,NULL
27329,5820,29016,NULL,NULL
27330,5820,29017,NULL,NULL
27331,5820,29018,NULL,NULL
27332,5820,29019,NULL,NULL
27333,5820,29020,NULL,NULL
27334,5820,29021,NULL,NULL
27335,5820,29022,NULL,NULL
27336,5820,29023,NULL,NULL
27337,5820,29024,NULL,NULL
27338,5820,29025,NULL,NULL
27339,5820,29026,NULL,NULL
27340,5820,29027,NULL,NULL
27341,5820,29028,NULL,NULL
27342,5820,29029,NULL,NULL
27343,514,29030,NULL,NULL
27344,6148,29031,NULL,NULL
27345,6148,29032,NULL,NULL
27346,6148,29033,NULL,NULL
27347,3888,29034,NULL,NULL
27348,11125,29035,NULL,NULL
27349,11126,29036,NULL,NULL
27350,3714,29037,NULL,NULL
27351,10400,29038,NULL,NULL
27352,10400,29039,NULL,NULL
27353,10400,29040,NULL,NULL
27354,3360,29041,NULL,NULL
27355,2488,29042,NULL,NULL
27356,11127,29043,NULL,NULL
27357,11128,29044,NULL,NULL
27358,449,29045,NULL,NULL
27359,11129,29046,NULL,NULL
27360,11130,29047,NULL,NULL
27361,11131,29048,NULL,NULL
27362,11131,29049,NULL,NULL
27363,452,29050,NULL,NULL
27364,452,29051,NULL,NULL
27366,11132,29053,NULL,NULL
27367,11133,29054,NULL,NULL
27368,10164,29055,NULL,NULL
27369,11134,29056,NULL,NULL
27370,11137,29057,NULL,NULL
27371,11137,29058,NULL,NULL
27372,11137,29059,NULL,NULL
27373,11137,29060,NULL,NULL
27374,11137,29061,NULL,NULL
27375,11137,29062,NULL,NULL
27376,11137,29063,NULL,NULL
27378,11137,29065,NULL,NULL
27379,11137,29066,NULL,NULL
27380,11137,29067,NULL,NULL
27381,11137,29068,NULL,NULL
27382,11137,29069,NULL,NULL
27383,11137,29070,NULL,NULL
27384,4516,29071,NULL,NULL
27385,11138,29072,NULL,NULL
27386,11139,29073,NULL,NULL
27387,11140,29074,NULL,NULL
27388,11141,29075,NULL,NULL
27389,467,29076,NULL,NULL
27390,472,29077,NULL,NULL
27391,11142,29078,NULL,NULL
27392,11143,29079,NULL,NULL
27393,11144,29080,NULL,NULL
27394,526,29081,NULL,NULL
27395,526,29082,NULL,NULL
27396,11147,29083,NULL,NULL
27397,11148,29084,NULL,NULL
27398,11149,29085,NULL,NULL
27399,5655,29086,NULL,NULL
27400,11151,29087,NULL,NULL
27401,11152,29088,NULL,NULL
27402,11153,29089,NULL,NULL
27403,11154,29090,NULL,NULL
27404,11155,29091,NULL,NULL
27405,5302,29092,NULL,NULL
27406,11156,29093,NULL,NULL
27407,5302,29094,NULL,NULL
27408,11156,29095,NULL,NULL
27409,5302,29096,NULL,NULL
27410,11156,29097,NULL,NULL
27411,5302,29098,NULL,NULL
27412,11156,29099,NULL,NULL
27413,5302,29100,NULL,NULL
27414,11156,29101,NULL,NULL
27415,5302,29102,NULL,NULL
27416,11156,29103,NULL,NULL
27417,5302,29104,NULL,NULL
27418,11156,29105,NULL,NULL
27419,5302,29106,NULL,NULL
27420,11156,29107,NULL,NULL
27421,11157,29108,NULL,NULL
27422,11158,29109,NULL,NULL
27423,11159,29110,NULL,NULL
27424,11160,29111,NULL,NULL
27425,11161,29112,NULL,NULL
27427,11162,29114,NULL,NULL
27428,11162,29115,NULL,NULL
27429,11162,29116,NULL,NULL
27430,11162,29117,NULL,NULL
27431,11162,29118,NULL,NULL
27432,11162,29119,NULL,NULL
27433,11162,29120,NULL,NULL
27434,11162,29121,NULL,NULL
27435,11162,29122,NULL,NULL
27436,11162,29123,NULL,NULL
27437,526,29124,NULL,NULL
27438,473,29125,NULL,NULL
27440,11163,29127,NULL,NULL
27441,11163,29128,NULL,NULL
27442,11163,29129,NULL,NULL
27443,11163,29130,NULL,NULL
27444,11163,29131,NULL,NULL
27445,11163,29132,NULL,NULL
27446,11163,29133,NULL,NULL
27447,11163,29134,NULL,NULL
27448,11163,29135,NULL,NULL
27449,11163,29136,NULL,NULL
27450,11163,29137,NULL,NULL
27451,11164,29138,NULL,NULL
27452,11165,29139,NULL,NULL
27453,11166,29140,NULL,NULL
27454,3350,29141,NULL,NULL
27455,3350,29142,NULL,NULL
27456,3350,29143,NULL,NULL
27457,3350,29144,NULL,NULL
27458,3350,29145,NULL,NULL
27459,3350,29146,NULL,NULL
27460,3350,29147,NULL,NULL
27461,3350,29148,NULL,NULL
27462,3350,29149,NULL,NULL
27463,3350,29150,NULL,NULL
27464,3350,29151,NULL,NULL
27465,3350,29152,NULL,NULL
27466,3350,29153,NULL,NULL
27467,3350,29154,NULL,NULL
27468,3350,29155,NULL,NULL
27469,3350,29156,NULL,NULL
27470,3350,29157,NULL,NULL
27471,11167,29158,NULL,NULL
27472,11168,29159,NULL,NULL
27473,11169,29160,NULL,NULL
27474,11170,29161,NULL,NULL
27475,11171,29162,NULL,NULL
27476,11171,29163,NULL,NULL
27477,11171,29164,NULL,NULL
27478,11171,29165,NULL,NULL
27479,11171,29166,NULL,NULL
27480,1068,29167,NULL,NULL
27481,11172,29168,NULL,NULL
27482,11174,29169,NULL,NULL
27483,11175,29170,NULL,NULL
27485,3888,29172,NULL,2025-07-31 13:45:45.787
27486,10887,29173,NULL,NULL
27487,11178,29174,NULL,NULL
27489,11180,29176,NULL,NULL
27490,11181,29177,NULL,NULL
27491,11182,29178,NULL,NULL
27492,11183,29179,NULL,NULL
27493,11185,29180,NULL,NULL
27494,11186,29181,NULL,NULL
27495,526,29182,NULL,NULL
27496,11187,29183,NULL,NULL
27497,11188,29184,NULL,NULL
27498,11189,29185,NULL,NULL
27499,11190,29186,NULL,NULL
27500,2954,29187,NULL,NULL
27501,2954,29188,NULL,NULL
27502,2955,29189,NULL,NULL
27503,2955,29190,NULL,NULL
27504,11191,29191,NULL,NULL
27505,11192,29192,NULL,NULL
27506,526,29193,NULL,NULL
27507,11193,29194,NULL,NULL
27508,11194,29195,NULL,NULL
27509,11195,29196,NULL,NULL
27510,11196,29197,NULL,NULL
27511,11197,29198,NULL,NULL
27512,11198,29199,NULL,NULL
27513,11199,29200,NULL,NULL
27514,11200,29201,NULL,NULL
27515,11201,29202,NULL,NULL
27516,11202,29203,NULL,NULL
27517,11203,29204,NULL,NULL
27518,11204,29205,NULL,NULL
27519,11205,29206,NULL,NULL
27520,11207,29207,NULL,NULL
27521,11208,29208,NULL,NULL
27522,11209,29209,NULL,NULL
27523,5122,29210,NULL,2024-07-01 15:52:58.243
27524,11210,29211,NULL,NULL
27525,11211,29212,NULL,NULL
27526,11212,29213,NULL,NULL
27527,11213,29214,NULL,NULL
27529,510,29216,NULL,NULL
27530,1527,29217,NULL,NULL
27531,1527,29218,NULL,NULL
27532,11214,29219,NULL,NULL
27533,11215,29220,NULL,NULL
27534,11216,29221,NULL,NULL
27535,11217,29222,NULL,NULL
27538,514,29225,NULL,NULL
27539,514,29226,NULL,NULL
27540,514,29227,NULL,NULL
27541,514,29228,NULL,NULL
27542,11221,29229,NULL,NULL
27543,11222,29230,NULL,NULL
27544,11223,29231,NULL,NULL
27545,1811,29232,NULL,NULL
27546,1811,29233,NULL,NULL
27547,1811,29234,NULL,NULL
27548,1811,29235,NULL,NULL
27549,1811,29236,NULL,NULL
27550,1811,29237,NULL,NULL
27551,1811,29238,NULL,NULL
27552,11224,29239,NULL,NULL
27553,11225,29240,NULL,NULL
27554,11226,29241,NULL,NULL
27555,11227,29242,NULL,NULL
27556,11228,29243,NULL,NULL
27557,11229,29244,NULL,NULL
27558,9898,29245,NULL,NULL
27559,11230,29246,NULL,NULL
27560,11231,29247,NULL,NULL
27562,11232,29249,NULL,NULL
27563,11233,29250,NULL,NULL
27564,11234,29251,NULL,NULL
27565,11236,29252,NULL,NULL
27566,11237,29253,NULL,NULL
27567,11238,29254,NULL,NULL
27568,564,29255,NULL,NULL
27569,10072,29256,NULL,NULL
27570,11239,29257,NULL,NULL
27571,498,29258,NULL,NULL
27572,11240,29259,NULL,NULL
27574,5679,29261,NULL,NULL
27575,5679,29262,NULL,NULL
27576,5679,29263,NULL,NULL
27577,11241,29264,NULL,NULL
27578,11242,29265,NULL,NULL
27579,4858,29266,NULL,NULL
27580,11245,29267,NULL,NULL
27581,463,29268,NULL,NULL
27582,11246,29269,NULL,NULL
27583,11247,29270,NULL,NULL
27584,11248,29271,NULL,NULL
27585,11249,29272,NULL,NULL
27586,11251,29273,NULL,2024-07-09 11:37:35.730
27587,448,29274,NULL,2024-01-10 08:28:02.160
27588,11252,29275,NULL,NULL
27589,11252,29276,NULL,NULL
27590,11252,29277,NULL,NULL
27591,11252,29278,NULL,NULL
27592,11252,29279,NULL,NULL
27593,11252,29280,NULL,NULL
27594,11252,29281,NULL,NULL
27595,11253,29282,NULL,NULL
27596,11254,29283,NULL,NULL
27597,11255,29284,NULL,NULL
27598,11256,29285,NULL,NULL
27599,11257,29286,NULL,NULL
27600,3888,29287,NULL,2025-07-31 13:41:32.540
27601,11258,29288,NULL,NULL
27602,9727,29289,NULL,NULL
27604,9849,29291,NULL,NULL
27605,9849,29292,NULL,NULL
27607,9849,29294,NULL,NULL
27608,9849,29295,NULL,NULL
27609,11261,29296,NULL,NULL
27610,1768,29297,NULL,NULL
27611,11263,29298,NULL,NULL
27612,11262,29299,NULL,NULL
27613,11262,29300,NULL,NULL
27614,11262,29301,NULL,NULL
27616,11262,29303,NULL,NULL
27617,11262,29304,NULL,NULL
27618,11262,29305,NULL,NULL
27619,11262,29306,NULL,NULL
27620,10697,29307,NULL,NULL
27621,11265,29308,NULL,NULL
27622,11267,29309,NULL,NULL
27623,11268,29310,NULL,NULL
27624,11269,29311,NULL,NULL
27625,11270,29312,NULL,NULL
27626,11262,29313,NULL,NULL
27627,11271,29314,NULL,NULL
27628,562,29315,NULL,NULL
27629,4683,29316,NULL,NULL
27630,11273,29317,NULL,NULL
27632,11276,29319,NULL,NULL
27633,11277,29320,NULL,NULL
27635,11278,29322,NULL,NULL
27636,11279,29323,NULL,NULL
27637,597,29324,NULL,NULL
27638,597,29325,NULL,NULL
27639,596,29326,NULL,NULL
27640,11280,29327,NULL,NULL
27641,11281,29328,NULL,NULL
27642,11282,29329,NULL,NULL
27643,11283,29330,NULL,NULL
27644,11284,29331,NULL,NULL
27645,11285,29332,NULL,NULL
27646,11286,29333,NULL,NULL
27647,11287,29334,NULL,NULL
27648,11288,29335,NULL,NULL
27649,11289,29336,NULL,NULL
27650,11290,29337,NULL,NULL
27651,11291,29338,NULL,NULL
27652,11292,29339,NULL,NULL
27653,11293,29340,NULL,NULL
27654,11294,29341,NULL,NULL
27655,11294,29342,NULL,NULL
27656,11295,29343,NULL,NULL
27657,11296,29344,NULL,NULL
27658,10887,29345,NULL,NULL
27660,11298,29347,NULL,NULL
27661,11299,29348,NULL,NULL
27662,11300,29349,NULL,NULL
27663,11301,29350,NULL,NULL
27664,582,29351,NULL,NULL
27665,11302,29352,NULL,NULL
27666,11303,29353,NULL,NULL
27667,11304,29354,NULL,NULL
27668,11305,29355,NULL,NULL
27670,11306,29357,NULL,NULL
27671,11306,29358,NULL,NULL
27672,11307,29359,NULL,2023-05-23 11:43:24.243
27673,597,29360,NULL,NULL
27674,11308,29361,NULL,NULL
27675,11309,29362,NULL,NULL
27676,11310,29363,NULL,NULL
27677,448,29364,NULL,NULL
27678,3350,29365,NULL,NULL
27679,3350,29366,NULL,NULL
27680,3350,29367,NULL,NULL
27681,3350,29368,NULL,NULL
27682,3350,29369,NULL,NULL
27683,3350,29370,NULL,NULL
27684,11311,29371,NULL,NULL
27685,11312,29372,NULL,NULL
27686,11313,29373,NULL,NULL
27687,11314,29374,NULL,NULL
27688,11315,29375,NULL,NULL
27689,11316,29376,NULL,NULL
27690,11317,29377,NULL,NULL
27691,6790,29378,NULL,NULL
27692,3374,29379,NULL,NULL
27693,11320,29380,NULL,NULL
27694,11321,29381,NULL,NULL
27695,11321,29382,NULL,NULL
27696,11321,29383,NULL,NULL
27697,11321,29384,NULL,NULL
27698,11322,29385,NULL,NULL
27700,11323,29387,NULL,NULL
27705,11328,29392,NULL,NULL
27706,11329,29393,NULL,NULL
27707,11330,29394,NULL,NULL
27708,11331,29395,NULL,NULL
27709,11332,29396,NULL,NULL
27710,11333,29397,NULL,NULL
27711,11334,29398,NULL,NULL
27712,11335,29399,NULL,NULL
27713,11336,29400,NULL,NULL
27714,11337,29401,NULL,NULL
27715,11338,29402,NULL,NULL
27716,11336,29403,NULL,NULL
27717,11337,29404,NULL,NULL
27718,11338,29405,NULL,NULL
27719,11340,29406,NULL,NULL
27720,596,29407,NULL,NULL
27721,596,29408,NULL,NULL
27722,596,29409,NULL,NULL
27723,596,29410,NULL,NULL
27724,597,29411,NULL,NULL
27725,597,29412,NULL,NULL
27726,598,29413,NULL,NULL
27727,598,29414,NULL,NULL
27728,11341,29415,NULL,NULL
27729,11342,29416,NULL,NULL
27730,474,29417,NULL,2024-09-16 17:27:47.433
27731,11343,29418,NULL,NULL
27733,11344,29420,NULL,NULL
27735,11345,29422,NULL,NULL
27736,11345,29423,NULL,NULL
27737,11345,29424,NULL,NULL
27738,11345,29425,NULL,NULL
27739,11345,29426,NULL,NULL
27740,11345,29427,NULL,NULL
27741,11345,29428,NULL,NULL
27742,11345,29429,NULL,NULL
27743,11345,29430,NULL,NULL
27744,11345,29431,NULL,NULL
27745,11345,29432,NULL,NULL
27746,11346,29433,NULL,NULL
27748,452,29435,NULL,NULL
27749,452,29436,NULL,NULL
27750,10887,29437,NULL,NULL
27751,11347,29438,NULL,NULL
27752,11349,29439,NULL,NULL
27753,11350,29440,NULL,NULL
27754,11351,29441,NULL,NULL
27755,11352,29442,NULL,NULL
27757,11354,29444,NULL,NULL
27759,11355,29446,NULL,NULL
27760,11356,29447,NULL,NULL
27761,11357,29448,NULL,NULL
27762,11358,29449,NULL,NULL
27764,510,29451,NULL,NULL
27765,510,29452,NULL,NULL
27766,510,29453,NULL,NULL
27767,11361,29454,NULL,NULL
27768,11362,29455,NULL,NULL
27769,11363,29456,NULL,NULL
27770,11364,29457,NULL,NULL
27771,11949,29458,NULL,NULL
27772,11365,29459,NULL,NULL
27774,11367,29461,NULL,NULL
27775,499,29462,NULL,NULL
27776,509,29463,NULL,NULL
27777,509,29464,NULL,NULL
27778,11368,29465,NULL,NULL
27779,11369,29466,NULL,NULL
27780,10077,29467,NULL,NULL
27782,11370,29469,NULL,NULL
27783,11370,29470,NULL,NULL
27784,11370,29471,NULL,NULL
27785,11370,29472,NULL,NULL
27786,11370,29473,NULL,NULL
27787,11370,29474,NULL,NULL
27788,11370,29475,NULL,NULL
27789,11371,29476,NULL,NULL
27790,11372,29477,NULL,NULL
27791,11373,29478,NULL,NULL
27792,11374,29479,NULL,NULL
27793,444,29480,NULL,NULL
27794,11375,29481,NULL,NULL
27795,11376,29482,NULL,NULL
27796,11377,29483,NULL,NULL
27797,11377,29484,NULL,NULL
27798,11377,29485,NULL,NULL
27799,11377,29486,NULL,NULL
27800,11377,29487,NULL,NULL
27801,11377,29488,NULL,NULL
27802,11378,29489,NULL,NULL
27803,11379,29490,NULL,NULL
27804,11380,29491,NULL,NULL
27805,11314,29492,NULL,NULL
27813,11382,29500,NULL,NULL
27814,11383,29501,NULL,NULL
27815,11384,29502,NULL,NULL
27816,11385,29503,NULL,NULL
27817,11386,29504,NULL,NULL
27818,11387,29505,NULL,NULL
27820,11389,29507,NULL,NULL
27821,11390,29508,NULL,NULL
27822,474,29509,NULL,NULL
27823,11392,29510,NULL,NULL
27824,11393,29511,NULL,NULL
27825,11394,29512,NULL,NULL
27826,11396,29513,NULL,NULL
27827,11397,29514,NULL,NULL
27828,11398,29515,NULL,NULL
27829,11399,29516,NULL,NULL
27830,11400,29517,NULL,NULL
27831,526,29518,NULL,NULL
27832,526,29519,NULL,NULL
27833,11401,29520,NULL,NULL
27834,7392,29521,NULL,NULL
27835,2353,29522,NULL,NULL
27836,6021,29523,NULL,NULL
27837,6391,29524,NULL,NULL
27838,3374,29525,NULL,NULL
27839,3374,29526,NULL,NULL
27840,11402,29527,NULL,NULL
27841,11403,29528,NULL,NULL
27842,11404,29529,NULL,NULL
27844,11405,29531,NULL,NULL
27845,11406,29532,NULL,NULL
27846,11407,29533,NULL,NULL
27847,9811,29534,NULL,NULL
27848,10883,29535,NULL,NULL
27849,11411,29536,NULL,NULL
27850,11412,29537,NULL,NULL
27851,3927,29538,NULL,NULL
27852,11413,29539,NULL,NULL
27853,3629,29540,NULL,NULL
27854,11414,29541,NULL,NULL
27855,6560,29542,NULL,NULL
27856,2583,29543,NULL,NULL
27857,11415,29544,NULL,NULL
27858,11416,29545,NULL,NULL
27859,4271,29546,NULL,NULL
27860,11417,29547,NULL,NULL
27861,11418,29548,NULL,NULL
27862,3060,29549,NULL,NULL
27863,474,29550,NULL,NULL
27864,11420,29551,NULL,NULL
27865,11422,29552,NULL,NULL
27866,11422,29553,NULL,NULL
27867,11424,29554,NULL,NULL
27868,10862,29555,NULL,NULL
27869,5454,29556,NULL,NULL
27870,1768,29557,NULL,NULL
27871,1768,29558,NULL,NULL
27872,1768,29559,NULL,NULL
27873,11425,29560,NULL,NULL
27874,11426,29561,NULL,NULL
27875,10702,29562,NULL,NULL
27876,11427,29563,NULL,NULL
27877,10792,29564,NULL,NULL
27878,11428,29565,NULL,NULL
27880,11429,29567,NULL,NULL
27881,11431,29568,NULL,NULL
27882,11431,29569,NULL,NULL
27883,11431,29570,NULL,NULL
27884,11431,29571,NULL,NULL
27885,10672,29572,NULL,NULL
27886,11432,29573,NULL,NULL
27888,11434,29575,NULL,NULL
27889,11435,29576,NULL,NULL
27890,11436,29577,NULL,NULL
27891,452,29578,NULL,NULL
27892,452,29579,NULL,NULL
27893,11437,29580,NULL,NULL
27894,11438,29581,NULL,NULL
27895,11439,29582,NULL,NULL
27896,11440,29583,NULL,NULL
27898,11442,29585,NULL,NULL
27899,1768,29586,NULL,NULL
27900,11443,29587,NULL,2024-03-07 11:17:39.667
27901,5083,29588,NULL,NULL
27902,4454,29589,NULL,NULL
27906,11444,29593,NULL,NULL
27907,11445,29594,NULL,NULL
27909,11446,29596,NULL,NULL
27910,11447,29597,NULL,NULL
27911,11448,29598,NULL,NULL
27912,11448,29599,NULL,NULL
27913,11448,29600,NULL,NULL
27914,11448,29601,NULL,NULL
27915,11448,29602,NULL,NULL
27916,11448,29603,NULL,NULL
27917,11448,29604,NULL,NULL
27918,11448,29605,NULL,NULL
27919,11448,29606,NULL,NULL
27920,11448,29607,NULL,NULL
27921,11448,29608,NULL,NULL
27922,11448,29609,NULL,NULL
27923,11448,29610,NULL,NULL
27924,11448,29611,NULL,NULL
27925,11448,29612,NULL,NULL
27926,11448,29613,NULL,NULL
27927,11448,29614,NULL,NULL
27928,11448,29615,NULL,NULL
27929,11448,29616,NULL,NULL
27930,11448,29617,NULL,NULL
27931,11449,29618,NULL,NULL
27932,474,29619,NULL,NULL
27933,11450,29620,NULL,NULL
27934,11452,29621,NULL,NULL
27935,11453,29622,NULL,NULL
27936,2236,29623,NULL,NULL
27937,2236,29624,NULL,NULL
27938,1768,29625,NULL,NULL
27939,1768,29626,NULL,NULL
27940,1768,29627,NULL,NULL
27941,1768,29628,NULL,NULL
27942,1768,29629,NULL,NULL
27943,11454,29630,NULL,NULL
27944,1768,29631,NULL,NULL
27947,3888,29634,NULL,NULL
27948,3888,29635,NULL,NULL
27949,3888,29636,NULL,NULL
27950,3888,29637,NULL,2025-07-31 13:43:13.630
27951,11455,29638,NULL,NULL
27952,3343,29639,NULL,NULL
27953,4550,29640,NULL,NULL
27954,11456,29641,NULL,NULL
27955,11457,29642,NULL,NULL
27956,11458,29643,NULL,NULL
27958,10077,29645,NULL,NULL
27959,11461,29646,NULL,NULL
27960,11462,29647,NULL,NULL
27961,474,29648,NULL,NULL
27962,4675,29649,NULL,NULL
27963,11463,29650,NULL,NULL
27964,11464,29651,NULL,NULL
27965,11464,29652,NULL,NULL
27966,11464,29653,NULL,NULL
27967,11464,29654,NULL,NULL
27968,11464,29655,NULL,NULL
27969,11464,29656,NULL,NULL
27970,11464,29657,NULL,NULL
27971,11464,29658,NULL,NULL
27972,11464,29659,NULL,NULL
27973,11465,29660,NULL,NULL
27974,11466,29661,NULL,NULL
27975,11467,29662,NULL,NULL
27976,11468,29663,NULL,NULL
27977,11469,29664,NULL,NULL
27978,564,29665,NULL,2023-08-07 17:10:34.687
27980,564,29667,NULL,NULL
27981,564,29668,NULL,NULL
27982,564,29669,NULL,NULL
27983,564,29670,NULL,NULL
27984,564,29671,NULL,2024-02-07 16:03:31.617
27986,9928,29673,NULL,NULL
27987,9928,29674,NULL,NULL
27988,9928,29675,NULL,NULL
27989,9928,29676,NULL,NULL
27990,11344,29677,NULL,NULL
27991,11344,29678,NULL,NULL
27992,11344,29679,NULL,NULL
27993,11470,29680,NULL,NULL
27994,482,29681,NULL,NULL
27995,11472,29682,NULL,NULL
27996,11473,29683,NULL,NULL
27997,2830,29684,NULL,NULL
27998,11474,29685,NULL,NULL
27999,11475,29686,NULL,NULL
28000,1795,29687,NULL,NULL
28001,11476,29688,NULL,NULL
28002,11477,29689,NULL,NULL
28003,11478,29690,NULL,NULL
28004,11480,29691,NULL,NULL
28005,11481,29692,NULL,NULL
28006,11482,29693,NULL,NULL
28007,11483,29694,NULL,NULL
28008,11485,29695,NULL,NULL
28009,11486,29696,NULL,NULL
28010,11487,29697,NULL,NULL
28012,11488,29699,NULL,NULL
28013,11488,29700,NULL,NULL
28014,11488,29701,NULL,NULL
28015,11488,29702,NULL,NULL
28016,11488,29703,NULL,NULL
28017,11488,29704,NULL,NULL
28018,11488,29705,NULL,NULL
28019,11488,29706,NULL,NULL
28020,11488,29707,NULL,NULL
28021,582,29708,NULL,NULL
28022,11489,29709,NULL,NULL
28023,11490,29710,NULL,NULL
28024,11307,29711,NULL,NULL
28025,11307,29712,NULL,NULL
28026,11491,29713,NULL,NULL
28028,11492,29715,NULL,NULL
28029,11493,29716,NULL,NULL
28030,11494,29717,NULL,NULL
28031,11495,29718,NULL,NULL
28032,7577,29719,NULL,NULL
28033,7577,29720,NULL,NULL
28034,7577,29721,NULL,NULL
28035,7577,29722,NULL,NULL
28037,11497,29724,NULL,NULL
28038,11497,29725,NULL,NULL
28039,11497,29726,NULL,NULL
28040,11498,29727,NULL,NULL
28041,11499,29728,NULL,NULL
28042,11500,29729,NULL,NULL
28043,11501,29730,NULL,NULL
28044,11502,29731,NULL,NULL
28045,11503,29732,NULL,NULL
28046,11504,29733,NULL,NULL
28047,11505,29734,NULL,NULL
28048,11506,29735,NULL,NULL
28049,11507,29736,NULL,NULL
28050,11509,29737,NULL,NULL
28051,11509,29738,NULL,NULL
28052,11510,29739,NULL,NULL
28053,11511,29740,NULL,NULL
28054,11512,29741,NULL,NULL
28055,11512,29742,NULL,NULL
28056,11513,29743,NULL,NULL
28057,11514,29744,NULL,NULL
28058,11515,29745,NULL,NULL
28059,11516,29746,NULL,NULL
28060,446,29747,NULL,NULL
28061,446,29748,NULL,NULL
28062,906,29749,NULL,NULL
28063,906,29750,NULL,NULL
28064,906,29751,NULL,NULL
28065,906,29752,NULL,NULL
28066,906,29753,NULL,NULL
28067,906,29754,NULL,NULL
28068,906,29755,NULL,NULL
28069,906,29756,NULL,NULL
28070,906,29757,NULL,NULL
28071,906,29758,NULL,NULL
28072,906,29759,NULL,NULL
28073,906,29760,NULL,NULL
28074,906,29761,NULL,NULL
28075,906,29762,NULL,NULL
28076,11518,29763,NULL,NULL
28077,11519,29764,NULL,NULL
28078,11520,29765,NULL,NULL
28080,531,29767,NULL,NULL
28081,531,29768,NULL,2023-10-24 11:28:03.640
28082,531,29769,NULL,NULL
28083,531,29770,NULL,NULL
28084,531,29771,NULL,NULL
28085,531,29772,NULL,NULL
28086,531,29773,NULL,NULL
28087,531,29774,NULL,NULL
28088,531,29775,NULL,NULL
28089,531,29776,NULL,NULL
28090,531,29777,NULL,NULL
28091,11521,29778,NULL,NULL
28092,11522,29779,NULL,NULL
28093,11523,29780,NULL,NULL
28094,11524,29781,NULL,NULL
28095,11525,29782,NULL,NULL
28096,11526,29783,NULL,NULL
28097,11527,29784,NULL,NULL
28098,11528,29785,NULL,NULL
28099,11529,29786,NULL,NULL
28100,11530,29787,NULL,NULL
28101,11531,29788,NULL,NULL
28102,11532,29789,NULL,NULL
28103,11533,29790,NULL,NULL
28104,11534,29791,NULL,NULL
28105,4785,29792,NULL,NULL
28107,4785,29794,NULL,NULL
28108,11535,29795,NULL,NULL
28112,11535,29799,NULL,NULL
28113,11535,29800,NULL,NULL
28114,11535,29801,NULL,NULL
28115,11535,29802,NULL,NULL
28116,4785,29803,NULL,2025-05-27 11:35:45.180
28117,4785,29804,NULL,NULL
28119,4785,29806,NULL,2025-05-27 11:28:56.467
28120,4785,29807,NULL,NULL
28121,4785,29808,NULL,2025-05-27 11:28:33.663
28122,4785,29809,NULL,2025-05-27 11:28:13.480
28123,11536,29810,NULL,NULL
28124,11537,29811,NULL,NULL
28125,11538,29812,NULL,NULL
28127,11540,29814,NULL,NULL
28128,11541,29815,NULL,NULL
28130,11543,29817,NULL,NULL
28131,11544,29818,NULL,NULL
28132,11545,29819,NULL,NULL
28133,11546,29820,NULL,NULL
28134,11547,29821,NULL,NULL
28135,7438,29822,NULL,NULL
28136,11548,29823,NULL,NULL
28137,5762,29824,NULL,NULL
28151,11549,29838,NULL,NULL
28152,11550,29839,NULL,NULL
28153,11551,29840,NULL,NULL
28154,11551,29841,NULL,NULL
28155,11551,29842,NULL,2024-08-23 09:36:05.693
28156,11542,29843,NULL,NULL
28157,11542,29844,NULL,NULL
28158,11542,29845,NULL,NULL
28159,11542,29846,NULL,NULL
28160,6978,29847,NULL,NULL
28161,6978,29848,NULL,NULL
28162,11552,29849,NULL,NULL
28163,11553,29850,NULL,NULL
28165,11556,29852,NULL,NULL
28169,11560,29856,NULL,NULL
28171,11562,29858,NULL,NULL
28174,11566,29861,NULL,NULL
28175,10894,29862,NULL,NULL
28176,10894,29863,NULL,NULL
28177,10894,29864,NULL,NULL
28178,10894,29865,NULL,NULL
28179,10894,29866,NULL,NULL
28180,11567,29867,NULL,NULL
28181,11568,29868,NULL,NULL
28182,9865,29869,NULL,NULL
28183,11570,29870,NULL,NULL
28185,11572,29872,NULL,NULL
28186,11573,29873,NULL,NULL
28187,11574,29874,NULL,NULL
28188,11575,29875,NULL,NULL
28189,11576,29876,NULL,NULL
28194,4766,29881,NULL,NULL
28195,2618,29882,NULL,NULL
28196,2618,29883,NULL,NULL
28197,2618,29884,NULL,NULL
28198,2618,29885,NULL,NULL
28199,2618,29886,NULL,NULL
28200,2618,29887,NULL,NULL
28201,2618,29888,NULL,NULL
28202,2618,29889,NULL,NULL
28203,11578,29890,NULL,NULL
28204,11578,29891,NULL,NULL
28205,11578,29892,NULL,NULL
28206,11578,29893,NULL,NULL
28207,11578,29894,NULL,NULL
28208,11578,29895,NULL,NULL
28209,11578,29896,NULL,NULL
28210,11578,29897,NULL,NULL
28211,11578,29898,NULL,NULL
28212,11578,29899,NULL,NULL
28213,11578,29900,NULL,NULL
28214,11578,29901,NULL,NULL
28215,11578,29902,NULL,NULL
28216,11578,29903,NULL,NULL
28217,11578,29904,NULL,NULL
28218,11578,29905,NULL,NULL
28219,11578,29906,NULL,NULL
28220,11578,29907,NULL,NULL
28221,11578,29908,NULL,NULL
28222,11578,29909,NULL,NULL
28223,11578,29910,NULL,NULL
28224,11578,29911,NULL,NULL
28225,11578,29912,NULL,NULL
28226,11578,29913,NULL,NULL
28227,11578,29914,NULL,NULL
28228,11578,29915,NULL,NULL
28229,11578,29916,NULL,NULL
28230,11578,29917,NULL,NULL
28231,11578,29918,NULL,NULL
28232,11578,29919,NULL,NULL
28233,11578,29920,NULL,NULL
28234,11578,29921,NULL,NULL
28235,11583,29922,NULL,NULL
28236,11583,29923,NULL,NULL
28237,11583,29924,NULL,NULL
28238,11583,29925,NULL,NULL
28239,11583,29926,NULL,NULL
28240,11583,29927,NULL,NULL
28241,11583,29928,NULL,NULL
28242,11583,29929,NULL,NULL
28243,11583,29930,NULL,NULL
28244,11583,29931,NULL,NULL
28245,11583,29932,NULL,NULL
28246,11583,29933,NULL,NULL
28247,11583,29934,NULL,NULL
28248,11583,29935,NULL,NULL
28249,11583,29936,NULL,NULL
28250,11583,29937,NULL,NULL
28251,11583,29938,NULL,NULL
28252,11583,29939,NULL,NULL
28253,11583,29940,NULL,NULL
28254,11583,29941,NULL,NULL
28255,11583,29942,NULL,NULL
28256,11583,29943,NULL,NULL
28257,11583,29944,NULL,NULL
28258,11583,29945,NULL,NULL
28259,11583,29946,NULL,NULL
28260,11583,29947,NULL,NULL
28261,11583,29948,NULL,NULL
28262,11583,29949,NULL,NULL
28263,11583,29950,NULL,NULL
28264,11583,29951,NULL,NULL
28265,11583,29952,NULL,NULL
28267,11581,29954,NULL,NULL
28268,11581,29955,NULL,NULL
28269,11581,29956,NULL,NULL
28270,11581,29957,NULL,NULL
28271,11581,29958,NULL,NULL
28272,11581,29959,NULL,NULL
28273,11581,29960,NULL,NULL
28274,11581,29961,NULL,NULL
28275,11581,29962,NULL,NULL
28277,11581,29964,NULL,NULL
28278,11581,29965,NULL,NULL
28279,11581,29966,NULL,NULL
28280,11581,29967,NULL,NULL
28281,11581,29968,NULL,NULL
28282,11581,29969,NULL,NULL
28283,11581,29970,NULL,NULL
28284,11581,29971,NULL,NULL
28285,11581,29972,NULL,NULL
28286,11581,29973,NULL,NULL
28287,11581,29974,NULL,NULL
28288,11581,29975,NULL,NULL
28289,11581,29976,NULL,NULL
28290,11581,29977,NULL,NULL
28291,11581,29978,NULL,NULL
28292,11581,29979,NULL,NULL
28293,11581,29980,NULL,NULL
28294,11581,29981,NULL,NULL
28295,11581,29982,NULL,NULL
28297,11581,29984,NULL,NULL
28298,11581,29985,NULL,NULL
28299,11581,29986,NULL,NULL
28300,11583,29987,NULL,NULL
28301,11584,29988,NULL,NULL
28302,590,29989,NULL,NULL
28303,11585,29990,NULL,NULL
28305,11586,29992,NULL,NULL
28306,11587,29993,NULL,NULL
28307,582,29994,NULL,NULL
28308,11588,29995,NULL,NULL
28309,11589,29996,NULL,NULL
28310,11590,29997,NULL,NULL
28311,11591,29998,NULL,NULL
28312,11592,29999,NULL,NULL
28313,11593,30000,NULL,NULL
28314,11594,30001,NULL,NULL
28315,11595,30002,NULL,NULL
28316,11596,30003,NULL,NULL
28317,1795,30004,NULL,NULL
28318,467,30005,NULL,NULL
28319,11597,30006,NULL,NULL
28321,5113,30008,NULL,NULL
28322,5113,30009,NULL,NULL
28323,5113,30010,NULL,NULL
28324,469,30011,NULL,NULL
28325,11599,30012,NULL,NULL
28326,10693,30013,NULL,NULL
28328,11600,30015,NULL,NULL
28329,11601,30016,NULL,NULL
28330,11601,30017,NULL,NULL
28331,11601,30018,NULL,NULL
28332,11601,30019,NULL,NULL
28333,11601,30020,NULL,NULL
28338,11602,30025,NULL,NULL
28339,11603,30026,NULL,NULL
28340,11604,30027,NULL,NULL
28341,11605,30028,NULL,NULL
28342,11606,30029,NULL,NULL
28343,11607,30030,NULL,NULL
28344,11608,30031,NULL,NULL
28345,11609,30032,NULL,NULL
28346,11611,30033,NULL,NULL
28347,11612,30034,NULL,NULL
28348,11613,30035,NULL,NULL
28349,11614,30036,NULL,NULL
28350,11615,30037,NULL,NULL
28351,11616,30038,NULL,NULL
28352,478,30039,NULL,2025-10-27 14:25:11.193
28353,11617,30040,NULL,NULL
28354,448,30041,NULL,NULL
28355,11619,30042,NULL,NULL
28357,11620,30044,NULL,NULL
28358,11621,30045,NULL,NULL
28359,473,30046,NULL,NULL
28360,11622,30047,NULL,NULL
28361,11623,30048,NULL,NULL
28362,11624,30049,NULL,NULL
28363,11624,30050,NULL,NULL
28364,11624,30051,NULL,NULL
28365,11624,30052,NULL,NULL
28366,11624,30053,NULL,NULL
28367,11624,30054,NULL,NULL
28368,11624,30055,NULL,NULL
28369,11624,30056,NULL,NULL
28370,11624,30057,NULL,NULL
28371,11624,30058,NULL,NULL
28372,11625,30059,NULL,NULL
28373,11626,30060,NULL,NULL
28374,11627,30061,NULL,NULL
28375,11628,30062,NULL,NULL
28376,1989,30063,NULL,NULL
28377,1989,30064,NULL,NULL
28378,1989,30065,NULL,NULL
28379,1989,30066,NULL,NULL
28380,1989,30067,NULL,NULL
28381,1989,30068,NULL,NULL
28382,1989,30069,NULL,NULL
28383,1989,30070,NULL,NULL
28384,1989,30071,NULL,NULL
28385,1989,30072,NULL,NULL
28386,1989,30073,NULL,NULL
28387,1989,30074,NULL,NULL
28388,1989,30075,NULL,NULL
28391,1989,30078,NULL,NULL
28392,1989,30079,NULL,NULL
28393,1989,30080,NULL,NULL
28394,1989,30081,NULL,NULL
28395,1989,30082,NULL,NULL
28396,1989,30083,NULL,NULL
28397,1989,30084,NULL,NULL
28398,10805,30085,NULL,NULL
28399,10805,30086,NULL,NULL
28400,10805,30087,NULL,NULL
28401,10805,30088,NULL,NULL
28402,10805,30089,NULL,NULL
28403,10805,30090,NULL,NULL
28404,10805,30091,NULL,NULL
28405,10805,30092,NULL,NULL
28406,10805,30093,NULL,NULL
28407,10805,30094,NULL,NULL
28408,10805,30095,NULL,NULL
28409,10805,30096,NULL,NULL
28410,10805,30097,NULL,NULL
28411,10805,30098,NULL,NULL
28412,10805,30099,NULL,NULL
28413,10805,30100,NULL,NULL
28414,10805,30101,NULL,NULL
28415,10805,30102,NULL,NULL
28416,10805,30103,NULL,NULL
28417,10805,30104,NULL,NULL
28418,10805,30105,NULL,NULL
28419,10805,30106,NULL,NULL
28420,10805,30107,NULL,NULL
28421,10805,30108,NULL,NULL
28422,10805,30109,NULL,NULL
28423,11629,30110,NULL,NULL
28424,10805,30111,NULL,NULL
28425,10805,30112,NULL,NULL
28426,10805,30113,NULL,NULL
28427,10805,30114,NULL,NULL
28428,10805,30115,NULL,NULL
28429,10805,30116,NULL,NULL
28430,10805,30117,NULL,NULL
28431,11630,30118,NULL,NULL
28432,3814,30119,NULL,NULL
28433,10821,30120,NULL,NULL
28434,10821,30121,NULL,NULL
28435,11631,30122,NULL,NULL
28436,10805,30123,NULL,NULL
28437,10805,30124,NULL,NULL
28438,10805,30125,NULL,NULL
28439,11632,30126,NULL,NULL
28440,10805,30127,NULL,NULL
28441,10805,30128,NULL,NULL
28442,10805,30129,NULL,NULL
28443,10805,30130,NULL,NULL
28444,10805,30131,NULL,NULL
28445,11633,30132,NULL,NULL
28446,11633,30133,NULL,NULL
28447,10134,30134,NULL,NULL
28448,10134,30135,NULL,NULL
28449,10134,30136,NULL,NULL
28450,10134,30137,NULL,NULL
28451,10134,30138,NULL,NULL
28452,10134,30139,NULL,NULL
28453,10134,30140,NULL,NULL
28454,11634,30141,NULL,NULL
28455,11635,30142,NULL,NULL
28456,10134,30143,NULL,NULL
28457,11636,30144,NULL,NULL
28459,11637,30146,NULL,NULL
28460,11637,30147,NULL,NULL
28461,11637,30148,NULL,NULL
28462,11638,30149,NULL,NULL
28463,11639,30150,NULL,NULL
28464,11640,30151,NULL,NULL
28465,3235,30152,NULL,NULL
28466,3235,30153,NULL,NULL
28467,11641,30154,NULL,NULL
28468,11642,30155,NULL,NULL
28469,11287,30156,NULL,NULL
28470,11287,30157,NULL,NULL
28471,11643,30158,NULL,NULL
28472,11644,30159,NULL,NULL
28473,11645,30160,NULL,NULL
28474,11646,30161,NULL,NULL
28475,11647,30162,NULL,NULL
28477,11649,30164,NULL,NULL
28478,11314,30165,NULL,NULL
28479,11650,30166,NULL,NULL
28480,11650,30167,NULL,NULL
28481,11650,30168,NULL,NULL
28482,11650,30169,NULL,NULL
28483,11650,30170,NULL,NULL
28484,11650,30171,NULL,NULL
28485,11650,30172,NULL,NULL
28486,11650,30173,NULL,NULL
28487,11650,30174,NULL,NULL
28488,11651,30175,NULL,NULL
28489,11652,30176,NULL,NULL
28490,11652,30177,NULL,NULL
28491,11652,30178,NULL,NULL
28492,11652,30179,NULL,NULL
28493,11652,30180,NULL,NULL
28494,11652,30181,NULL,NULL
28495,11652,30182,NULL,NULL
28496,11652,30183,NULL,NULL
28497,11653,30184,NULL,NULL
28498,11654,30185,NULL,NULL
28499,11655,30186,NULL,NULL
28500,11656,30187,NULL,NULL
28501,11657,30188,NULL,NULL
28502,11658,30189,NULL,NULL
28503,11659,30190,NULL,NULL
28504,523,30191,NULL,NULL
28505,11660,30192,NULL,NULL
28506,11661,30193,NULL,NULL
28507,11662,30194,NULL,NULL
28508,11663,30195,NULL,NULL
28509,11664,30196,NULL,NULL
28510,11665,30197,NULL,NULL
28511,11666,30198,NULL,NULL
28522,11680,30209,NULL,NULL
28523,11681,30210,NULL,NULL
28524,510,30211,NULL,NULL
28525,11682,30212,NULL,NULL
28526,11682,30213,NULL,NULL
28527,11682,30214,NULL,NULL
28528,11682,30215,NULL,NULL
28529,11682,30216,NULL,NULL
28530,11682,30217,NULL,NULL
28531,11682,30218,NULL,NULL
28532,11682,30219,NULL,NULL
28533,11682,30220,NULL,NULL
28534,6148,30221,NULL,NULL
28535,6148,30222,NULL,NULL
28536,6148,30223,NULL,NULL
28537,6148,30224,NULL,NULL
28538,6148,30225,NULL,NULL
28539,6148,30226,NULL,NULL
28540,6148,30227,NULL,NULL
28541,11683,30228,NULL,NULL
28542,449,30229,NULL,NULL
28543,449,30230,NULL,NULL
28544,11684,30231,NULL,NULL
28545,11685,30232,NULL,NULL
28546,11686,30233,NULL,NULL
28547,11687,30234,NULL,NULL
28548,11688,30235,NULL,NULL
28549,11690,30236,NULL,NULL
28551,11691,30238,NULL,NULL
28552,11692,30239,NULL,NULL
28554,11694,30241,NULL,NULL
28555,11695,30242,NULL,NULL
28556,11696,30243,NULL,NULL
28557,11696,30244,NULL,2025-04-01 10:13:56.777
28558,11696,30245,NULL,NULL
28559,11697,30246,NULL,NULL
28560,11698,30247,NULL,NULL
28561,11699,30248,NULL,NULL
28562,11700,30249,NULL,NULL
28563,548,30250,NULL,NULL
28564,548,30251,NULL,NULL
28565,548,30252,NULL,NULL
28566,548,30253,NULL,NULL
28567,548,30254,NULL,NULL
28568,548,30255,NULL,NULL
28569,548,30256,NULL,NULL
28570,548,30257,NULL,NULL
28571,548,30258,NULL,NULL
28572,548,30259,NULL,NULL
28573,548,30260,NULL,NULL
28574,11701,30261,NULL,NULL
28575,11701,30262,NULL,NULL
28576,11701,30263,NULL,NULL
28577,11697,30264,NULL,NULL
28578,449,30265,NULL,NULL
28579,11702,30266,NULL,NULL
28580,11703,30267,NULL,NULL
28581,11704,30268,NULL,NULL
28582,9784,30269,NULL,NULL
28584,510,30271,NULL,NULL
28585,11705,30272,NULL,NULL
28586,11706,30273,NULL,NULL
28587,11707,30274,NULL,NULL
28588,11708,30275,NULL,NULL
28589,11709,30276,NULL,NULL
28590,11710,30277,NULL,2025-04-21 12:20:47.460
28591,11711,30278,NULL,NULL
28592,11712,30279,NULL,NULL
28593,524,30280,NULL,NULL
28594,526,30281,NULL,NULL
28595,474,30282,NULL,NULL
28596,11713,30283,NULL,NULL
28597,11713,30284,NULL,NULL
28598,11713,30285,NULL,NULL
28599,11713,30286,NULL,NULL
28600,11713,30287,NULL,NULL
28601,11713,30288,NULL,NULL
28602,11713,30289,NULL,NULL
28603,11714,30290,NULL,NULL
28604,597,30291,NULL,NULL
28605,597,30292,NULL,NULL
28606,11715,30293,NULL,NULL
28607,2678,30294,NULL,NULL
28608,11716,30295,NULL,NULL
28609,4819,30296,NULL,NULL
28610,11717,30297,NULL,NULL
28611,2678,30298,NULL,NULL
28612,2678,30299,NULL,NULL
28613,2678,30300,NULL,NULL
28614,11718,30301,NULL,NULL
28615,11718,30302,NULL,NULL
28616,11718,30303,NULL,NULL
28617,11718,30304,NULL,NULL
28618,11718,30305,NULL,NULL
28619,11718,30306,NULL,NULL
28620,11718,30307,NULL,NULL
28621,11718,30308,NULL,NULL
28622,11718,30309,NULL,NULL
28623,11718,30310,NULL,NULL
28624,11718,30311,NULL,NULL
28625,11718,30312,NULL,NULL
28626,11719,30313,NULL,NULL
28627,11720,30314,NULL,NULL
28628,11721,30315,NULL,NULL
28631,11722,30318,NULL,NULL
28632,11723,30319,NULL,NULL
28633,11724,30320,NULL,NULL
28634,11725,30321,NULL,NULL
28635,11726,30322,NULL,NULL
28636,11728,30323,NULL,NULL
28637,564,30324,NULL,NULL
28638,564,30325,NULL,NULL
28639,564,30326,NULL,NULL
28640,564,30327,NULL,NULL
28641,564,30328,NULL,NULL
28643,564,30330,NULL,NULL
28645,11729,30332,NULL,NULL
28646,564,30333,NULL,NULL
28647,564,30334,NULL,NULL
28648,532,30335,NULL,NULL
28649,11366,30336,NULL,NULL
28650,11366,30337,NULL,NULL
28652,11730,30339,NULL,NULL
28653,11730,30340,NULL,NULL
28654,11730,30341,NULL,NULL
28655,11730,30342,NULL,NULL
28656,11730,30343,NULL,NULL
28657,11730,30344,NULL,NULL
28658,11730,30345,NULL,NULL
28659,11730,30346,NULL,NULL
28660,11730,30347,NULL,NULL
28661,11730,30348,NULL,NULL
28662,11731,30349,NULL,NULL
28663,11731,30350,NULL,NULL
28664,11731,30351,NULL,NULL
28665,11731,30352,NULL,NULL
28666,11731,30353,NULL,NULL
28667,11731,30354,NULL,NULL
28668,11731,30355,NULL,NULL
28669,11731,30356,NULL,NULL
28670,11731,30357,NULL,NULL
28671,11731,30358,NULL,NULL
28672,11731,30359,NULL,NULL
28673,11731,30360,NULL,NULL
28674,11731,30361,NULL,NULL
28675,11732,30362,NULL,NULL
28676,11733,30363,NULL,NULL
28677,11734,30364,NULL,NULL
28678,564,30365,NULL,NULL
28679,564,30366,NULL,NULL
28680,564,30367,NULL,NULL
28681,564,30368,NULL,NULL
28682,11735,30369,NULL,NULL
28683,11736,30370,NULL,NULL
28684,509,30371,NULL,NULL
28685,474,30372,NULL,NULL
28686,11737,30373,NULL,NULL
28687,474,30374,NULL,2025-11-12 14:33:38.973
28688,11740,30375,NULL,NULL
28689,11741,30376,NULL,NULL
28690,11743,30377,NULL,NULL
28691,11744,30378,NULL,NULL
28692,11745,30379,NULL,NULL
28693,11746,30380,NULL,NULL
28694,443,30381,NULL,NULL
28695,474,30382,NULL,NULL
28696,11747,30383,NULL,NULL
28697,495,30384,NULL,NULL
28698,11748,30385,NULL,NULL
28699,11749,30386,NULL,NULL
28700,11750,30387,NULL,NULL
28701,9950,30388,NULL,NULL
28702,11751,30389,NULL,NULL
28703,509,30390,NULL,NULL
28704,11752,30391,NULL,NULL
28705,11753,30392,NULL,NULL
28706,11754,30393,NULL,NULL
28707,564,30394,NULL,NULL
28708,7928,30395,NULL,NULL
28709,11755,30396,NULL,NULL
28710,11757,30397,NULL,NULL
28711,11757,30398,NULL,NULL
28712,11757,30399,NULL,NULL
28713,11757,30400,NULL,NULL
28714,11757,30401,NULL,NULL
28715,11757,30402,NULL,NULL
28716,11757,30403,NULL,NULL
28717,11757,30404,NULL,NULL
28718,11757,30405,NULL,NULL
28719,11757,30406,NULL,NULL
28720,11757,30407,NULL,NULL
28721,11766,30408,NULL,NULL
28722,11767,30409,NULL,NULL
28723,11768,30410,NULL,NULL
28724,11769,30411,NULL,NULL
28725,11770,30412,NULL,NULL
28726,10755,30413,NULL,NULL
28727,11771,30414,NULL,NULL
28728,11772,30415,NULL,NULL
28729,11773,30416,NULL,NULL
28730,11774,30417,NULL,NULL
28731,11776,30418,NULL,NULL
28732,11777,30419,NULL,NULL
28733,11779,30420,NULL,NULL
28734,11780,30421,NULL,NULL
28735,11781,30422,NULL,NULL
28736,11782,30423,NULL,NULL
28737,564,30424,NULL,NULL
28738,845,30425,NULL,NULL
28739,845,30426,NULL,NULL
28740,11783,30427,NULL,NULL
28742,11784,30429,NULL,NULL
28743,11785,30430,NULL,NULL
28744,11786,30431,NULL,NULL
28745,11787,30432,NULL,NULL
28746,11787,30433,NULL,NULL
28747,11787,30434,NULL,NULL
28748,11787,30435,NULL,NULL
28749,11787,30436,NULL,NULL
28750,11787,30437,NULL,NULL
28751,11787,30438,NULL,NULL
28752,11787,30439,NULL,NULL
28753,11787,30440,NULL,NULL
28754,11787,30441,NULL,NULL
28755,11787,30442,NULL,NULL
28756,11787,30443,NULL,NULL
28757,11787,30444,NULL,NULL
28758,11787,30445,NULL,NULL
28759,11787,30446,NULL,NULL
28760,11787,30447,NULL,NULL
28761,11787,30448,NULL,NULL
28762,11788,30449,NULL,NULL
28763,11790,30450,NULL,NULL
28764,11789,30451,NULL,NULL
28765,564,30452,NULL,NULL
28766,564,30453,NULL,NULL
28767,564,30454,NULL,NULL
28768,564,30455,NULL,NULL
28769,564,30456,NULL,NULL
28770,564,30457,NULL,NULL
28771,564,30458,NULL,NULL
28772,564,30459,NULL,NULL
28773,566,30460,NULL,NULL
28774,566,30461,NULL,NULL
28775,566,30462,NULL,NULL
28776,566,30463,NULL,NULL
28777,11791,30464,NULL,NULL
28778,566,30465,NULL,NULL
28779,566,30466,NULL,NULL
28780,11792,30467,NULL,NULL
28781,474,30468,NULL,NULL
28784,11793,30471,NULL,NULL
28785,11794,30472,NULL,NULL
28786,11795,30473,NULL,NULL
28787,11796,30474,NULL,NULL
28788,591,30475,NULL,NULL
28789,591,30476,NULL,NULL
28790,591,30477,NULL,NULL
28791,4535,30478,NULL,NULL
28793,11721,30480,NULL,NULL
28794,11721,30481,NULL,NULL
28795,11721,30482,NULL,NULL
28796,591,30483,NULL,NULL
28797,591,30484,NULL,NULL
28798,591,30485,NULL,NULL
28799,11797,30486,NULL,NULL
28800,11798,30487,NULL,NULL
28801,11799,30488,NULL,NULL
28802,11800,30489,NULL,NULL
28803,11801,30490,NULL,NULL
28804,11801,30491,NULL,NULL
28805,11801,30492,NULL,NULL
28806,11801,30493,NULL,NULL
28807,11801,30494,NULL,NULL
28808,11697,30495,NULL,NULL
28809,11697,30496,NULL,NULL
28810,11697,30497,NULL,NULL
28811,11697,30498,NULL,NULL
28812,11697,30499,NULL,NULL
28813,11802,30500,NULL,NULL
28815,3122,30502,NULL,NULL
28816,2861,30503,NULL,NULL
28817,2861,30504,NULL,NULL
28818,2861,30505,NULL,NULL
28819,2861,30506,NULL,NULL
28820,2861,30507,NULL,NULL
28821,2861,30508,NULL,NULL
28822,2861,30509,NULL,NULL
28823,11803,30510,NULL,2025-10-14 10:03:30.783
28824,11804,30511,NULL,NULL
28825,452,30512,NULL,NULL
28826,11805,30513,NULL,NULL
28827,11806,30514,NULL,NULL
28828,11807,30515,NULL,NULL
28829,452,30516,NULL,NULL
28830,11808,30517,NULL,NULL
28831,11809,30518,NULL,NULL
28832,11809,30519,NULL,NULL
28833,11809,30520,NULL,NULL
28834,11809,30521,NULL,NULL
28835,11809,30522,NULL,NULL
28836,11809,30523,NULL,NULL
28837,11809,30524,NULL,NULL
28838,11809,30525,NULL,NULL
28839,11809,30526,NULL,NULL
28840,11809,30527,NULL,NULL
28841,11053,30528,NULL,NULL
28842,596,30529,NULL,NULL
28843,11810,30530,NULL,NULL
28844,11459,30531,NULL,NULL
28845,11811,30532,NULL,NULL
28846,11811,30533,NULL,NULL
28847,11811,30534,NULL,NULL
28848,11811,30535,NULL,NULL
28851,596,30538,NULL,NULL
28852,596,30539,NULL,NULL
28853,11813,30540,NULL,2024-12-31 09:09:54.180
28854,11814,30541,NULL,NULL
28855,11814,30542,NULL,NULL
28856,11815,30543,NULL,NULL
28857,11816,30544,NULL,NULL
28858,11817,30545,NULL,NULL
28859,11818,30546,NULL,NULL
28860,11819,30547,NULL,NULL
28861,11819,30548,NULL,NULL
28862,11820,30549,NULL,NULL
28863,11820,30550,NULL,NULL
28864,11821,30551,NULL,NULL
28865,11821,30552,NULL,NULL
28866,11822,30553,NULL,NULL
28867,11822,30554,NULL,NULL
28868,11823,30555,NULL,NULL
28869,11823,30556,NULL,NULL
28870,11826,30557,NULL,NULL
28871,11826,30558,NULL,NULL
28872,11819,30559,NULL,NULL
28873,11820,30560,NULL,NULL
28874,11821,30561,NULL,NULL
28875,11822,30562,NULL,NULL
28876,11823,30563,NULL,NULL
28877,11826,30564,NULL,NULL
28878,11827,30565,NULL,NULL
28879,11828,30566,NULL,2025-06-23 12:55:57.700
28880,11830,30567,NULL,NULL
28881,11831,30568,NULL,NULL
28882,11832,30569,NULL,NULL
28883,11833,30570,NULL,NULL
28884,11835,30571,NULL,NULL
28885,11836,30572,NULL,NULL
28886,11837,30573,NULL,NULL
28887,509,30574,NULL,NULL
28888,509,30575,NULL,2025-04-11 10:09:25.323
28889,476,30576,NULL,2025-02-21 13:15:07.633
28890,446,30577,NULL,NULL
28891,11838,30578,NULL,NULL
28892,11839,30579,NULL,NULL
28893,11840,30580,NULL,NULL
28894,11841,30581,NULL,NULL
28895,3814,30582,NULL,NULL
28896,3814,30583,NULL,NULL
28897,10032,30584,NULL,NULL
28898,10033,30585,NULL,NULL
28899,10032,30586,NULL,NULL
28900,10033,30587,NULL,NULL
28901,10032,30588,NULL,NULL
28902,10033,30589,NULL,NULL
28903,10032,30590,NULL,NULL
28904,10033,30591,NULL,NULL
28905,10032,30592,NULL,NULL
28906,10033,30593,NULL,NULL
28907,10032,30594,NULL,NULL
28908,10033,30595,NULL,NULL
28909,11842,30596,NULL,NULL
28910,11843,30597,NULL,NULL
28911,11844,30598,NULL,NULL
28912,11845,30599,NULL,NULL
28913,11848,30600,NULL,NULL
28914,11849,30601,NULL,NULL
28915,11849,30602,NULL,NULL
28916,11849,30603,NULL,NULL
28917,11849,30604,NULL,NULL
28918,11849,30605,NULL,NULL
28919,11849,30606,NULL,NULL
28920,11850,30607,NULL,NULL
28921,11851,30608,NULL,NULL
28922,11852,30609,NULL,NULL
28923,11853,30610,NULL,NULL
28924,11854,30611,NULL,NULL
28925,11855,30612,NULL,NULL
28926,11856,30613,NULL,NULL
28927,11857,30614,NULL,NULL
28928,3888,30615,NULL,2025-07-31 13:48:00.020
28929,11858,30616,NULL,NULL
28930,11859,30617,NULL,NULL
28931,11860,30618,NULL,NULL
28934,11862,30621,NULL,NULL
28935,11863,30622,NULL,NULL
28937,463,30624,NULL,NULL
28938,11865,30625,NULL,NULL
28939,11868,30626,NULL,NULL
28940,11869,30627,NULL,NULL
28941,11870,30628,NULL,NULL
28942,11697,30629,NULL,NULL
28943,11697,30630,NULL,NULL
28944,11697,30631,NULL,NULL
28945,11697,30632,NULL,NULL
28946,11697,30633,NULL,NULL
28947,11697,30634,NULL,NULL
28948,11871,30635,NULL,NULL
28949,11872,30636,NULL,NULL
28950,11873,30637,NULL,NULL
28951,11873,30638,NULL,NULL
28952,11873,30639,NULL,NULL
28953,11873,30640,NULL,NULL
28954,11874,30641,NULL,NULL
28955,11875,30642,NULL,NULL
28956,11876,30643,NULL,NULL
28957,11876,30644,NULL,NULL
28958,11876,30645,NULL,NULL
28959,11877,30646,NULL,NULL
28960,10400,30647,NULL,NULL
28961,11878,30648,NULL,NULL
28962,11879,30649,NULL,NULL
28963,11880,30650,NULL,NULL
28964,11881,30651,NULL,NULL
28965,11882,30652,NULL,NULL
28966,11883,30653,NULL,NULL
28967,11884,30654,NULL,NULL
28968,11885,30655,NULL,NULL
28969,11697,30656,NULL,NULL
28970,11697,30657,NULL,NULL
28971,11697,30658,NULL,NULL
28972,11886,30659,NULL,NULL
28973,11886,30660,NULL,NULL
28974,11886,30661,NULL,NULL
28975,11886,30662,NULL,NULL
28976,11886,30663,NULL,NULL
28977,11887,30664,NULL,NULL
28978,11887,30665,NULL,NULL
28979,11887,30666,NULL,NULL
28980,11887,30667,NULL,NULL
28981,11887,30668,NULL,NULL
28982,11887,30669,NULL,NULL
28983,11887,30670,NULL,NULL
28984,11887,30671,NULL,NULL
28985,11887,30672,NULL,NULL
28986,11887,30673,NULL,NULL
28988,11887,30675,NULL,NULL
28989,11887,30676,NULL,NULL
28990,11887,30677,NULL,NULL
28991,11887,30678,NULL,NULL
28992,11887,30679,NULL,NULL
28993,11887,30680,NULL,NULL
28994,11887,30681,NULL,NULL
28995,11887,30682,NULL,NULL
28996,11887,30683,NULL,NULL
28997,11887,30684,NULL,NULL
28998,11887,30685,NULL,NULL
28999,11887,30686,NULL,NULL
29000,11887,30687,NULL,NULL
29001,11887,30688,NULL,NULL
29002,11887,30689,NULL,NULL
29003,11887,30690,NULL,NULL
29004,11887,30691,NULL,NULL
29005,11887,30692,NULL,NULL
29006,11887,30693,NULL,NULL
29007,11887,30694,NULL,NULL
29008,11887,30695,NULL,NULL
29009,11887,30696,NULL,NULL
29010,11887,30697,NULL,NULL
29011,11887,30698,NULL,NULL
29012,11887,30699,NULL,NULL
29013,11887,30700,NULL,NULL
29014,11887,30701,NULL,NULL
29015,11887,30702,NULL,NULL
29016,11887,30703,NULL,NULL
29017,11887,30704,NULL,NULL
29018,11889,30705,NULL,NULL
29019,11890,30706,NULL,NULL
29020,11891,30707,NULL,NULL
29021,11893,30708,NULL,NULL
29022,11894,30709,NULL,NULL
29023,532,30710,NULL,NULL
29024,532,30711,NULL,NULL
29025,532,30712,NULL,NULL
29026,532,30713,NULL,NULL
29027,532,30714,NULL,NULL
29028,3350,30715,NULL,NULL
29029,3350,30716,NULL,NULL
29030,4512,30717,NULL,NULL
29031,4512,30718,NULL,NULL
29032,4512,30719,NULL,NULL
29033,4512,30720,NULL,NULL
29034,4512,30721,NULL,NULL
29035,4512,30722,NULL,NULL
29036,11895,30723,NULL,NULL
29037,10134,30724,NULL,NULL
29039,2652,30726,NULL,NULL
29040,11897,30727,NULL,NULL
29041,2652,30728,NULL,NULL
29042,2652,30729,NULL,NULL
29043,2652,30730,NULL,NULL
29044,2652,30731,NULL,NULL
29045,5430,30732,NULL,NULL
29046,11898,30733,NULL,NULL
29047,11898,30734,NULL,NULL
29048,11898,30735,NULL,NULL
29049,11898,30736,NULL,NULL
29050,11898,30737,NULL,NULL
29051,11904,30738,NULL,NULL
29052,11901,30739,NULL,NULL
29053,2270,30740,NULL,NULL
29054,2270,30741,NULL,NULL
29055,2270,30742,NULL,NULL
29056,2270,30743,NULL,NULL
29057,2270,30744,NULL,NULL
29058,2270,30745,NULL,NULL
29059,11906,30746,NULL,NULL
29060,11907,30747,NULL,NULL
29061,11908,30748,NULL,NULL
29062,11909,30749,NULL,NULL
29063,11910,30750,NULL,NULL
29064,568,30751,NULL,NULL
29065,11911,30752,NULL,NULL
29066,11912,30753,NULL,NULL
29067,11913,30754,NULL,NULL
29068,11914,30755,NULL,NULL
29069,498,30756,NULL,NULL
29070,11915,30757,NULL,NULL
29071,11916,30758,NULL,NULL
29072,11917,30759,NULL,NULL
29077,11887,30764,NULL,NULL
29078,11887,30765,NULL,NULL
29079,11887,30766,NULL,NULL
29080,11918,30767,NULL,NULL
29081,11919,30768,NULL,NULL
29082,11920,30769,NULL,NULL
29083,11914,30770,NULL,NULL
29084,11914,30771,NULL,NULL
29085,11921,30772,NULL,NULL
29086,11922,30773,NULL,NULL
29087,11923,30774,NULL,NULL
29088,11924,30775,NULL,NULL
29089,11925,30776,NULL,NULL
29090,11926,30777,NULL,NULL
29091,10266,30778,NULL,NULL
29092,10266,30779,NULL,NULL
29093,10266,30780,NULL,NULL
29094,10266,30781,NULL,NULL
29095,10266,30782,NULL,NULL
29096,10266,30783,NULL,NULL
29097,509,30784,NULL,NULL
29098,11927,30785,NULL,NULL
29099,11928,30786,NULL,NULL
29100,11929,30787,NULL,NULL
29101,11856,30788,NULL,NULL
29102,11930,30789,NULL,NULL
29103,1768,30790,NULL,NULL
29104,1768,30791,NULL,NULL
29106,1768,30793,NULL,NULL
29108,1768,30795,NULL,NULL
29110,7577,30797,NULL,NULL
29111,7577,30798,NULL,NULL
29112,7577,30799,NULL,NULL
29113,7577,30800,NULL,NULL
29114,11931,30801,NULL,NULL
29115,5272,30802,NULL,NULL
29116,5272,30803,NULL,NULL
29117,5272,30804,NULL,NULL
29118,5272,30805,NULL,NULL
29119,5272,30806,NULL,NULL
29120,5272,30807,NULL,NULL
29121,5272,30808,NULL,NULL
29122,5272,30809,NULL,NULL
29123,5272,30810,NULL,NULL
29124,5272,30811,NULL,NULL
29125,5272,30812,NULL,NULL
29126,474,30813,NULL,NULL
29127,11933,30814,NULL,NULL
29128,474,30815,NULL,NULL
29129,474,30816,NULL,NULL
29130,11934,30817,NULL,NULL
29131,11935,30818,NULL,NULL
29132,542,30819,NULL,NULL
29133,2048,30820,NULL,NULL
29134,2048,30821,NULL,NULL
29135,2048,30822,NULL,NULL
29136,2048,30823,NULL,NULL
29137,2048,30824,NULL,NULL
29138,2048,30825,NULL,NULL
29139,2048,30826,NULL,NULL
29140,2048,30827,NULL,NULL
29141,2048,30828,NULL,NULL
29142,2048,30829,NULL,NULL
29143,2048,30830,NULL,NULL
29144,1540,30831,NULL,NULL
29145,1540,30832,NULL,NULL
29146,1540,30833,NULL,NULL
29147,441,30834,NULL,NULL
29148,11936,30835,NULL,NULL
29149,11937,30836,NULL,NULL
29150,11938,30837,NULL,2024-08-14 06:53:15.493
29151,11939,30838,NULL,NULL
29152,11887,30839,NULL,NULL
29154,11887,30841,NULL,NULL
29155,11887,30842,NULL,NULL
29156,11887,30843,NULL,NULL
29157,11887,30844,NULL,NULL
29158,11940,30845,NULL,NULL
29159,11887,30846,NULL,NULL
29161,11887,30848,NULL,NULL
29163,11887,30850,NULL,NULL
29164,11887,30851,NULL,NULL
29165,11887,30852,NULL,NULL
29166,11887,30853,NULL,NULL
29167,11887,30854,NULL,NULL
29168,11887,30855,NULL,NULL
29169,11887,30856,NULL,NULL
29170,11887,30857,NULL,NULL
29171,510,30858,NULL,NULL
29172,564,30859,NULL,NULL
29173,4549,30860,NULL,NULL
29174,11887,30861,NULL,NULL
29175,11887,30862,NULL,NULL
29176,11887,30863,NULL,NULL
29177,11887,30864,NULL,NULL
29178,11887,30865,NULL,NULL
29179,11887,30866,NULL,NULL
29180,11887,30867,NULL,NULL
29181,11887,30868,NULL,NULL
29182,11887,30869,NULL,NULL
29183,11887,30870,NULL,NULL
29184,11887,30871,NULL,NULL
29185,11887,30872,NULL,NULL
29186,11887,30873,NULL,NULL
29187,11887,30874,NULL,NULL
29188,11887,30875,NULL,NULL
29189,11887,30876,NULL,NULL
29190,11887,30877,NULL,NULL
29191,11887,30878,NULL,NULL
29192,11941,30879,NULL,NULL
29193,11942,30880,NULL,NULL
29194,11943,30881,NULL,NULL
29195,11944,30882,NULL,NULL
29196,11945,30883,NULL,NULL
29197,478,30884,NULL,2025-08-27 15:15:12.020
29198,11946,30885,NULL,NULL
29199,11947,30886,NULL,NULL
29200,11948,30887,NULL,NULL
29201,11951,30888,NULL,NULL
29202,11952,30889,NULL,NULL
29203,11953,30890,NULL,NULL
29204,11954,30891,NULL,2023-11-17 15:36:53.770
29205,11955,30892,NULL,NULL
29206,11956,30893,NULL,NULL
29207,11958,30894,NULL,NULL
29208,11960,30895,NULL,NULL
29209,2123,30896,NULL,NULL
29210,11961,30897,NULL,NULL
29211,3814,30898,NULL,NULL
29212,11962,30899,NULL,NULL
29213,564,30900,NULL,NULL
29215,2342,30902,NULL,NULL
29216,2342,30903,NULL,NULL
29217,2342,30904,NULL,NULL
29218,2342,30905,NULL,NULL
29219,2342,30906,NULL,NULL
29220,2342,30907,NULL,NULL
29221,2342,30908,NULL,NULL
29222,2342,30909,NULL,NULL
29223,2342,30910,NULL,NULL
29224,2342,30911,NULL,NULL
29225,2342,30912,NULL,NULL
29226,2342,30913,NULL,NULL
29227,2342,30914,NULL,NULL
29228,2342,30915,NULL,NULL
29229,11963,30916,NULL,NULL
29230,11964,30917,NULL,NULL
29231,11966,30918,NULL,NULL
29232,11967,30919,NULL,NULL
29233,11968,30920,NULL,NULL
29234,11969,30921,NULL,NULL
29235,11970,30922,NULL,NULL
29236,11970,30923,NULL,NULL
29237,11971,30924,NULL,NULL
29238,11971,30925,NULL,NULL
29239,11971,30926,NULL,NULL
29240,11971,30927,NULL,NULL
29241,11730,30928,NULL,NULL
29242,11730,30929,NULL,NULL
29243,11730,30930,NULL,NULL
29244,11730,30931,NULL,NULL
29245,11972,30932,NULL,NULL
29246,11973,30933,NULL,NULL
29247,11973,30934,NULL,NULL
29248,11973,30935,NULL,NULL
29249,11973,30936,NULL,NULL
29250,11974,30937,NULL,NULL
29251,11974,30938,NULL,NULL
29252,11974,30939,NULL,NULL
29253,11974,30940,NULL,NULL
29254,11973,30941,NULL,NULL
29255,11974,30942,NULL,NULL
29256,11973,30943,NULL,NULL
29257,11974,30944,NULL,NULL
29258,11975,30945,NULL,NULL
29259,11979,30946,NULL,NULL
29260,11976,30947,NULL,NULL
29261,11978,30948,NULL,NULL
29262,11976,30949,NULL,NULL
29263,11978,30950,NULL,NULL
29264,11976,30951,NULL,NULL
29265,11978,30952,NULL,NULL
29266,11971,30953,NULL,NULL
29267,11971,30954,NULL,NULL
29268,11971,30955,NULL,NULL
29269,11971,30956,NULL,NULL
29270,11971,30957,NULL,NULL
29271,11971,30958,NULL,NULL
29272,11971,30959,NULL,NULL
29273,11697,30960,NULL,NULL
29274,11667,30961,NULL,NULL
29275,11667,30962,NULL,NULL
29276,11667,30963,NULL,NULL
29277,11667,30964,NULL,NULL
29278,11667,30965,NULL,NULL
29279,11667,30966,NULL,NULL
29280,11667,30967,NULL,NULL
29281,11667,30968,NULL,NULL
29282,11667,30969,NULL,NULL
29283,11667,30970,NULL,NULL
29284,11667,30971,NULL,NULL
29285,11667,30972,NULL,NULL
29286,11667,30973,NULL,NULL
29287,11667,30974,NULL,NULL
29288,11667,30975,NULL,NULL
29289,11669,30976,NULL,NULL
29290,11669,30977,NULL,NULL
29291,11669,30978,NULL,NULL
29292,11669,30979,NULL,NULL
29293,11669,30980,NULL,NULL
29294,11669,30981,NULL,NULL
29295,11669,30982,NULL,NULL
29296,11669,30983,NULL,NULL
29297,11669,30984,NULL,NULL
29298,11669,30985,NULL,NULL
29299,11671,30986,NULL,NULL
29300,11671,30987,NULL,NULL
29301,11671,30988,NULL,NULL
29302,11671,30989,NULL,NULL
29303,11671,30990,NULL,NULL
29304,11671,30991,NULL,NULL
29305,11671,30992,NULL,NULL
29306,11671,30993,NULL,NULL
29307,11671,30994,NULL,NULL
29308,11671,30995,NULL,NULL
29309,11671,30996,NULL,NULL
29310,11671,30997,NULL,NULL
29311,11671,30998,NULL,NULL
29312,11671,30999,NULL,NULL
29313,11671,31000,NULL,NULL
29314,11671,31001,NULL,NULL
29315,11671,31002,NULL,NULL
29316,11671,31003,NULL,NULL
29317,11671,31004,NULL,NULL
29318,11671,31005,NULL,NULL
29319,11671,31006,NULL,NULL
29320,11671,31007,NULL,NULL
29321,11671,31008,NULL,NULL
29322,11672,31009,NULL,NULL
29323,11672,31010,NULL,NULL
29324,11672,31011,NULL,NULL
29325,11672,31012,NULL,NULL
29326,11672,31013,NULL,NULL
29327,11672,31014,NULL,NULL
29328,11672,31015,NULL,NULL
29329,11673,31016,NULL,NULL
29330,11673,31017,NULL,NULL
29331,11673,31018,NULL,NULL
29332,11673,31019,NULL,NULL
29333,11673,31020,NULL,NULL
29334,11673,31021,NULL,NULL
29335,11674,31022,NULL,NULL
29336,11674,31023,NULL,NULL
29337,11674,31024,NULL,NULL
29338,11674,31025,NULL,NULL
29339,11674,31026,NULL,NULL
29340,11674,31027,NULL,NULL
29341,11674,31028,NULL,NULL
29342,11668,31029,NULL,NULL
29343,11668,31030,NULL,NULL
29344,11668,31031,NULL,NULL
29345,11668,31032,NULL,NULL
29346,11668,31033,NULL,NULL
29347,11668,31034,NULL,2025-05-30 11:28:30.260
29348,11668,31035,NULL,NULL
29349,11668,31036,NULL,NULL
29350,11668,31037,NULL,NULL
29351,11668,31038,NULL,NULL
29352,11668,31039,NULL,NULL
29353,11668,31040,NULL,NULL
29354,11668,31041,NULL,NULL
29355,11668,31042,NULL,NULL
29356,11668,31043,NULL,2025-05-30 12:49:47.327
29357,11668,31044,NULL,NULL
29358,11668,31045,NULL,NULL
29359,11668,31046,NULL,NULL
29360,11668,31047,NULL,NULL
29361,11668,31048,NULL,NULL
29362,11668,31049,NULL,NULL
29363,11668,31050,NULL,2025-05-30 12:44:11.200
29364,11668,31051,NULL,NULL
29365,11668,31052,NULL,NULL
29366,11668,31053,NULL,NULL
29367,11668,31054,NULL,NULL
29368,11668,31055,NULL,NULL
29369,11668,31056,NULL,NULL
29370,11668,31057,NULL,NULL
29371,11668,31058,NULL,NULL
29372,11668,31059,NULL,NULL
29373,11668,31060,NULL,2025-05-30 12:39:56.917
29374,11668,31061,NULL,NULL
29375,11668,31062,NULL,NULL
29376,11668,31063,NULL,NULL
29377,11668,31064,NULL,NULL
29378,11668,31065,NULL,NULL
29379,11668,31066,NULL,NULL
29380,11668,31067,NULL,NULL
29381,11668,31068,NULL,NULL
29382,11668,31069,NULL,NULL
29383,11668,31070,NULL,NULL
29384,11668,31071,NULL,NULL
29385,11668,31072,NULL,NULL
29386,11668,31073,NULL,NULL
29387,11668,31074,NULL,NULL
29388,11980,31075,NULL,NULL
29389,11981,31076,NULL,NULL
29390,448,31077,NULL,2024-01-10 08:27:20.820
29391,11982,31078,NULL,NULL
29392,448,31079,NULL,2024-01-10 08:29:32.817
29393,11983,31080,NULL,NULL
29394,11984,31081,NULL,NULL
29395,11986,31082,NULL,NULL
29396,11986,31083,NULL,NULL
29397,11986,31084,NULL,NULL
29398,1768,31085,NULL,NULL
29399,11988,31086,NULL,NULL
29400,11989,31087,NULL,NULL
29402,564,31089,NULL,NULL
29403,564,31090,NULL,NULL
29404,525,31091,NULL,NULL
29405,525,31092,NULL,NULL
29406,525,31093,NULL,NULL
29407,525,31094,NULL,NULL
29408,525,31095,NULL,NULL
29409,11990,31096,NULL,NULL
29410,449,31097,NULL,NULL
29411,11991,31098,NULL,NULL
29412,11535,31099,NULL,NULL
29413,11535,31100,NULL,NULL
29414,11535,31101,NULL,NULL
29415,11535,31102,NULL,NULL
29416,11992,31103,NULL,NULL
29417,11993,31104,NULL,NULL
29418,11994,31105,NULL,NULL
29419,11995,31106,NULL,NULL
29420,11996,31107,NULL,NULL
29421,11997,31108,NULL,NULL
29422,11998,31109,NULL,NULL
29423,11999,31110,NULL,NULL
29424,11999,31111,NULL,NULL
29425,12000,31112,NULL,NULL
29426,12001,31113,NULL,NULL
29427,12002,31114,NULL,NULL
29428,12003,31115,NULL,NULL
29429,12004,31116,NULL,NULL
29430,12005,31117,NULL,NULL
29431,12006,31118,NULL,NULL
29432,12007,31119,NULL,NULL
29433,12007,31120,NULL,NULL
29434,12008,31121,NULL,NULL
29435,12009,31122,NULL,NULL
29436,12010,31123,NULL,NULL
29437,9831,31124,NULL,NULL
29438,12011,31125,NULL,NULL
29439,12012,31126,NULL,NULL
29440,12013,31127,NULL,NULL
29441,564,31128,NULL,NULL
29442,564,31129,NULL,NULL
29443,12014,31130,NULL,NULL
29445,12015,31132,NULL,NULL
29446,12016,31133,NULL,NULL
29447,12017,31134,NULL,2025-11-05 15:18:00.297
29448,12018,31135,NULL,NULL
29449,12019,31136,NULL,NULL
29450,12018,31137,NULL,NULL
29451,12019,31138,NULL,NULL
29452,12018,31139,NULL,NULL
29453,12019,31140,NULL,NULL
29454,12018,31141,NULL,NULL
29455,12019,31142,NULL,NULL
29456,12018,31143,NULL,NULL
29457,12019,31144,NULL,NULL
29458,12018,31145,NULL,NULL
29459,12019,31146,NULL,NULL
29460,12018,31147,NULL,NULL
29461,12019,31148,NULL,NULL
29462,12018,31149,NULL,NULL
29463,12019,31150,NULL,NULL
29464,12018,31151,NULL,NULL
29465,12019,31152,NULL,NULL
29466,12018,31153,NULL,NULL
29467,12019,31154,NULL,NULL
29468,12020,31155,NULL,NULL
29469,12320,31156,NULL,2023-05-24 08:56:35.853
29470,12320,31157,NULL,2023-05-24 08:55:34.533
29471,12320,31158,NULL,2023-05-24 08:53:48.633
29474,12027,31161,NULL,NULL
29475,12026,31162,NULL,NULL
29476,12028,31163,NULL,NULL
29477,12029,31164,NULL,NULL
29478,12030,31165,NULL,NULL
29479,11873,31166,NULL,NULL
29480,12032,31167,NULL,NULL
29481,10019,31168,NULL,NULL
29482,10019,31169,NULL,NULL
29483,10019,31170,NULL,NULL
29484,10019,31171,NULL,NULL
29485,3122,31172,NULL,NULL
29486,3122,31173,NULL,NULL
29487,3122,31174,NULL,NULL
29488,3122,31175,NULL,NULL
29489,12033,31176,NULL,2024-09-03 16:04:03.013
29491,5441,31178,NULL,NULL
29492,12035,31179,NULL,NULL
29493,12035,31180,NULL,NULL
29494,12037,31181,NULL,NULL
29495,12038,31182,NULL,NULL
29496,12039,31183,NULL,NULL
29497,12040,31184,NULL,NULL
29498,12041,31185,NULL,NULL
29499,12040,31186,NULL,NULL
29500,12041,31187,NULL,NULL
29501,12040,31188,NULL,NULL
29502,12041,31189,NULL,NULL
29503,12040,31190,NULL,NULL
29504,12041,31191,NULL,NULL
29505,12040,31192,NULL,NULL
29506,12041,31193,NULL,NULL
29507,12040,31194,NULL,NULL
29508,12041,31195,NULL,NULL
29509,12040,31196,NULL,NULL
29510,12041,31197,NULL,NULL
29511,12040,31198,NULL,NULL
29512,12041,31199,NULL,NULL
29513,12040,31200,NULL,NULL
29514,12041,31201,NULL,NULL
29515,12040,31202,NULL,NULL
29516,12041,31203,NULL,NULL
29517,12040,31204,NULL,NULL
29519,12040,31206,NULL,NULL
29520,12041,31207,NULL,NULL
29521,12040,31208,NULL,NULL
29522,12041,31209,NULL,NULL
29523,12040,31210,NULL,NULL
29524,12041,31211,NULL,NULL
29525,12040,31212,NULL,NULL
29526,12041,31213,NULL,NULL
29527,12040,31214,NULL,NULL
29528,12041,31215,NULL,NULL
29529,12040,31216,NULL,NULL
29530,12041,31217,NULL,NULL
29531,12040,31218,NULL,NULL
29532,12041,31219,NULL,NULL
29533,12040,31220,NULL,NULL
29534,12041,31221,NULL,NULL
29535,584,31222,NULL,NULL
29536,584,31223,NULL,NULL
29537,584,31224,NULL,NULL
29539,526,31226,NULL,NULL
29540,526,31227,NULL,NULL
29541,526,31228,NULL,NULL
29542,526,31229,NULL,NULL
29543,12042,31230,NULL,NULL
29544,12043,31231,NULL,NULL
29545,3814,31232,NULL,NULL
29546,12044,31233,NULL,NULL
29547,3814,31234,NULL,NULL
29548,12045,31235,NULL,NULL
29549,11149,31236,NULL,NULL
29550,11149,31237,NULL,NULL
29551,11149,31238,NULL,NULL
29552,11149,31239,NULL,NULL
29553,11149,31240,NULL,NULL
29554,11149,31241,NULL,NULL
29555,11149,31242,NULL,NULL
29556,11149,31243,NULL,NULL
29557,11149,31244,NULL,NULL
29558,11149,31245,NULL,NULL
29559,11149,31246,NULL,NULL
29560,11149,31247,NULL,NULL
29561,11149,31248,NULL,NULL
29562,11149,31249,NULL,NULL
29563,11149,31250,NULL,NULL
29564,11149,31251,NULL,NULL
29565,11149,31252,NULL,NULL
29566,11149,31253,NULL,NULL
29567,12046,31254,NULL,NULL
29568,12046,31255,NULL,NULL
29569,12046,31256,NULL,NULL
29570,12046,31257,NULL,NULL
29571,12046,31258,NULL,NULL
29572,12046,31259,NULL,NULL
29573,12046,31260,NULL,NULL
29574,12046,31261,NULL,NULL
29575,12046,31262,NULL,NULL
29576,12046,31263,NULL,NULL
29577,12046,31264,NULL,NULL
29578,12046,31265,NULL,NULL
29579,12046,31266,NULL,NULL
29580,12046,31267,NULL,NULL
29581,12046,31268,NULL,NULL
29582,12048,31269,NULL,NULL
29583,12048,31270,NULL,NULL
29584,12048,31271,NULL,NULL
29585,12048,31272,NULL,NULL
29586,12048,31273,NULL,NULL
29587,12048,31274,NULL,NULL
29588,12048,31275,NULL,NULL
29589,12048,31276,NULL,NULL
29590,12048,31277,NULL,NULL
29591,12048,31278,NULL,NULL
29592,12048,31279,NULL,NULL
29593,12048,31280,NULL,NULL
29594,12048,31281,NULL,NULL
29595,12048,31282,NULL,NULL
29596,12048,31283,NULL,NULL
29597,12048,31284,NULL,NULL
29598,12048,31285,NULL,NULL
29599,12048,31286,NULL,NULL
29600,12048,31287,NULL,NULL
29601,12048,31288,NULL,NULL
29602,12048,31289,NULL,NULL
29603,12048,31290,NULL,NULL
29604,12048,31291,NULL,NULL
29605,12048,31292,NULL,NULL
29606,12048,31293,NULL,NULL
29607,12047,31294,NULL,NULL
29608,12047,31295,NULL,NULL
29609,12047,31296,NULL,NULL
29610,12047,31297,NULL,NULL
29611,12047,31298,NULL,NULL
29612,12047,31299,NULL,NULL
29613,12047,31300,NULL,NULL
29614,12047,31301,NULL,NULL
29615,12047,31302,NULL,NULL
29616,12047,31303,NULL,NULL
29617,12047,31304,NULL,NULL
29618,12047,31305,NULL,NULL
29619,12047,31306,NULL,NULL
29620,12047,31307,NULL,NULL
29621,12047,31308,NULL,NULL
29622,12047,31309,NULL,NULL
29623,12047,31310,NULL,NULL
29624,12047,31311,NULL,NULL
29625,12047,31312,NULL,NULL
29626,12047,31313,NULL,NULL
29627,12047,31314,NULL,NULL
29628,12047,31315,NULL,NULL
29629,12047,31316,NULL,NULL
29630,12047,31317,NULL,NULL
29631,12047,31318,NULL,NULL
29632,12047,31319,NULL,NULL
29633,12047,31320,NULL,NULL
29634,12047,31321,NULL,NULL
29635,12047,31322,NULL,NULL
29636,12047,31323,NULL,NULL
29637,12047,31324,NULL,NULL
29638,12047,31325,NULL,NULL
29639,12047,31326,NULL,NULL
29640,12047,31327,NULL,NULL
29641,12047,31328,NULL,NULL
29642,12047,31329,NULL,NULL
29643,12047,31330,NULL,NULL
29644,12047,31331,NULL,NULL
29645,12047,31332,NULL,NULL
29646,12047,31333,NULL,NULL
29647,12047,31334,NULL,NULL
29648,12047,31335,NULL,NULL
29649,12047,31336,NULL,NULL
29650,12047,31337,NULL,NULL
29651,12047,31338,NULL,NULL
29652,12047,31339,NULL,NULL
29653,12047,31340,NULL,NULL
29654,12047,31341,NULL,NULL
29656,12049,31343,NULL,NULL
29657,12049,31344,NULL,NULL
29658,12049,31345,NULL,NULL
29659,12049,31346,NULL,NULL
29660,1055,31347,NULL,NULL
29661,12052,31348,NULL,NULL
29662,12053,31349,NULL,NULL
29663,12054,31350,NULL,NULL
29664,12055,31351,NULL,NULL
29665,12056,31352,NULL,NULL
29666,12056,31353,NULL,NULL
29667,12056,31354,NULL,NULL
29668,12056,31355,NULL,NULL
29669,12057,31356,NULL,NULL
29670,12058,31357,NULL,NULL
29671,12059,31358,NULL,NULL
29672,12060,31359,NULL,NULL
29673,498,31360,NULL,NULL
29674,12061,31361,NULL,NULL
29675,12062,31362,NULL,NULL
29676,12063,31363,NULL,NULL
29677,4738,31364,NULL,NULL
29678,450,31365,NULL,NULL
29679,450,31366,NULL,2024-11-15 13:47:35.500
29680,450,31367,NULL,2024-11-15 13:47:20.993
29681,12065,31368,NULL,NULL
29682,12065,31369,NULL,NULL
29683,12065,31370,NULL,NULL
29684,12065,31371,NULL,NULL
29685,12065,31372,NULL,NULL
29686,12065,31373,NULL,NULL
29687,12065,31374,NULL,NULL
29688,12065,31375,NULL,NULL
29689,12065,31376,NULL,NULL
29690,12066,31377,NULL,NULL
29691,12068,31378,NULL,NULL
29692,12068,31379,NULL,NULL
29693,3888,31380,NULL,NULL
29695,12070,31382,NULL,NULL
29697,1989,31384,NULL,NULL
29698,11336,31385,NULL,NULL
29699,11337,31386,NULL,NULL
29700,11338,31387,NULL,NULL
29701,11336,31388,NULL,NULL
29702,11337,31389,NULL,NULL
29703,11338,31390,NULL,NULL
29704,11336,31391,NULL,NULL
29705,11337,31392,NULL,NULL
29706,11338,31393,NULL,NULL
29707,11336,31394,NULL,NULL
29708,11337,31395,NULL,NULL
29709,11338,31396,NULL,NULL
29710,11336,31397,NULL,NULL
29711,11337,31398,NULL,NULL
29712,11338,31399,NULL,NULL
29713,11336,31400,NULL,NULL
29714,11337,31401,NULL,NULL
29715,11338,31402,NULL,NULL
29716,11336,31403,NULL,NULL
29717,11337,31404,NULL,NULL
29718,11338,31405,NULL,NULL
29719,11336,31406,NULL,NULL
29720,11337,31407,NULL,NULL
29721,11338,31408,NULL,NULL
29722,11336,31409,NULL,NULL
29723,11337,31410,NULL,NULL
29724,11338,31411,NULL,NULL
29725,11336,31412,NULL,NULL
29726,11337,31413,NULL,NULL
29727,11338,31414,NULL,NULL
29728,12072,31415,NULL,NULL
29729,12073,31416,NULL,NULL
29730,12074,31417,NULL,NULL
29731,12075,31418,NULL,NULL
29732,12076,31419,NULL,NULL
29733,510,31420,NULL,NULL
29734,12077,31421,NULL,NULL
29735,12078,31422,NULL,NULL
29736,12079,31423,NULL,NULL
29737,12080,31424,NULL,NULL
29738,12081,31425,NULL,NULL
29740,12084,31427,NULL,NULL
29741,12085,31428,NULL,NULL
29742,10077,31429,NULL,NULL
29747,12086,31434,NULL,NULL
29748,9938,31435,NULL,NULL
29749,9938,31436,NULL,NULL
29750,12087,31437,NULL,NULL
29751,12088,31438,NULL,NULL
29752,12090,31439,NULL,NULL
29753,510,31440,NULL,NULL
29754,12091,31441,NULL,NULL
29756,515,31443,NULL,2024-03-29 11:20:45.073
29757,12092,31444,NULL,NULL
29758,12093,31445,NULL,NULL
29759,12094,31446,NULL,NULL
29760,12095,31447,NULL,NULL
29761,12096,31448,NULL,NULL
29762,12097,31449,NULL,NULL
29763,12098,31450,NULL,NULL
29764,485,31451,NULL,NULL
29765,485,31452,NULL,NULL
29766,485,31453,NULL,NULL
29767,485,31454,NULL,NULL
29768,485,31455,NULL,NULL
29769,485,31456,NULL,NULL
29770,485,31457,NULL,NULL
29771,485,31458,NULL,NULL
29772,485,31459,NULL,NULL
29773,485,31460,NULL,NULL
29774,485,31461,NULL,NULL
29775,485,31462,NULL,NULL
29776,485,31463,NULL,NULL
29777,485,31464,NULL,NULL
29778,485,31465,NULL,NULL
29779,485,31466,NULL,NULL
29780,485,31467,NULL,NULL
29781,485,31468,NULL,NULL
29782,485,31469,NULL,NULL
29783,485,31470,NULL,NULL
29784,566,31471,NULL,NULL
29785,564,31472,NULL,NULL
29786,564,31473,NULL,NULL
29787,564,31474,NULL,NULL
29788,564,31475,NULL,NULL
29789,12100,31476,NULL,NULL
29790,12101,31477,NULL,NULL
29791,12102,31478,NULL,NULL
29792,4948,31479,NULL,NULL
29793,12103,31480,NULL,NULL
29794,12104,31481,NULL,NULL
29795,12105,31482,NULL,NULL
29796,12074,31483,NULL,NULL
29797,12106,31484,NULL,NULL
29798,12107,31485,NULL,NULL
29799,12108,31486,NULL,NULL
29800,12109,31487,NULL,NULL
29801,12110,31488,NULL,NULL
29802,509,31489,NULL,NULL
29803,509,31490,NULL,NULL
29804,12112,31491,NULL,NULL
29805,12112,31492,NULL,NULL
29806,12113,31493,NULL,NULL
29807,10266,31494,NULL,NULL
29808,10266,31495,NULL,NULL
29809,12114,31496,NULL,NULL
29810,12115,31497,NULL,NULL
29811,510,31498,NULL,NULL
29812,12116,31499,NULL,NULL
29813,594,31500,NULL,NULL
29814,12117,31501,NULL,2025-04-08 08:16:50.723
29815,12118,31502,NULL,NULL
29816,12119,31503,NULL,NULL
29817,3454,31504,NULL,2024-03-15 11:56:37.507
29818,12121,31505,NULL,NULL
29819,12121,31506,NULL,NULL
29820,11366,31507,NULL,NULL
29821,11366,31508,NULL,NULL
29822,12123,31509,NULL,NULL
29823,12124,31510,NULL,NULL
29824,12125,31511,NULL,NULL
29825,12125,31512,NULL,NULL
29826,12125,31513,NULL,NULL
29827,12125,31514,NULL,NULL
29828,12125,31515,NULL,NULL
29829,12125,31516,NULL,NULL
29830,12125,31517,NULL,NULL
29831,12125,31518,NULL,NULL
29832,12125,31519,NULL,NULL
29835,12125,31522,NULL,NULL
29836,12125,31523,NULL,NULL
29837,12125,31524,NULL,NULL
29838,12125,31525,NULL,NULL
29839,12125,31526,NULL,NULL
29840,12125,31527,NULL,NULL
29841,12125,31528,NULL,NULL
29844,12125,31531,NULL,NULL
29845,12126,31532,NULL,NULL
29846,12127,31533,NULL,NULL
29847,452,31534,NULL,NULL
29848,474,31535,NULL,NULL
29849,12128,31536,NULL,NULL
29850,12128,31537,NULL,NULL
29851,12129,31538,NULL,NULL
29852,443,31539,NULL,2024-09-24 15:19:34.927
29853,12130,31540,NULL,NULL
29854,12131,31541,NULL,NULL
29855,12132,31542,NULL,NULL
29856,12133,31543,NULL,NULL
29857,1768,31544,NULL,NULL
29858,3655,31545,NULL,NULL
29859,12135,31546,NULL,NULL
29860,12136,31547,NULL,NULL
29861,12137,31548,NULL,NULL
29862,12138,31549,NULL,NULL
29863,12139,31550,NULL,NULL
29864,460,31551,NULL,NULL
29865,564,31552,NULL,NULL
29866,12140,31553,NULL,NULL
29867,12141,31554,NULL,NULL
29868,12142,31555,NULL,NULL
29869,12143,31556,NULL,NULL
29871,12144,31558,NULL,NULL
29872,12145,31559,NULL,NULL
29873,12146,31560,NULL,NULL
29874,12146,31561,NULL,NULL
29875,12147,31562,NULL,NULL
29876,12148,31563,NULL,NULL
29877,474,31564,NULL,NULL
29878,12150,31565,NULL,NULL
29879,12151,31566,NULL,2023-06-15 15:20:39.040
29885,12152,31572,NULL,NULL
29886,12153,31573,NULL,NULL
29887,4549,31574,NULL,NULL
29888,1469,31575,NULL,NULL
29889,1469,31576,NULL,NULL
29890,1469,31577,NULL,NULL
29891,12154,31578,NULL,NULL
29892,12155,31579,NULL,NULL
29893,6038,31580,NULL,NULL
29894,474,31581,NULL,NULL
29895,474,31582,NULL,NULL
29896,12156,31583,NULL,NULL
29897,533,31584,NULL,NULL
29898,12154,31585,NULL,NULL
29899,12157,31586,NULL,NULL
29930,603,31617,NULL,NULL
29931,527,31618,NULL,NULL
29962,12158,31649,NULL,NULL
29963,12159,31650,NULL,NULL
29964,12160,31651,NULL,NULL
29965,1768,31652,NULL,NULL
29966,452,31653,NULL,2025-10-30 10:01:02.313
29967,12161,31654,NULL,NULL
29968,12162,31655,NULL,NULL
29969,12163,31656,NULL,NULL
29970,12165,31657,NULL,NULL
29971,12166,31658,NULL,NULL
29972,12168,31659,NULL,NULL
29973,12169,31660,NULL,NULL
29974,12170,31661,NULL,NULL
29975,12171,31662,NULL,NULL
29976,12172,31663,NULL,NULL
29977,12173,31664,NULL,NULL
29978,531,31665,NULL,NULL
29979,493,31666,NULL,2024-09-18 17:20:34.690
29980,12175,31667,NULL,NULL
29981,12176,31668,NULL,NULL
29982,12177,31669,NULL,NULL
29983,12178,31670,NULL,NULL
29984,12179,31671,NULL,NULL
29985,467,31672,NULL,NULL
29986,467,31673,NULL,NULL
29987,467,31674,NULL,NULL
29988,467,31675,NULL,NULL
29989,12180,31676,NULL,NULL
29990,12181,31677,NULL,NULL
29991,12180,31678,NULL,NULL
29992,12181,31679,NULL,NULL
29993,12180,31680,NULL,NULL
29994,12181,31681,NULL,NULL
29995,12180,31682,NULL,NULL
29996,12181,31683,NULL,NULL
29997,12180,31684,NULL,NULL
29998,12181,31685,NULL,NULL
29999,12180,31686,NULL,NULL
30000,12180,31687,NULL,NULL
30001,12181,31688,NULL,NULL
30002,12180,31689,NULL,NULL
30003,12181,31690,NULL,NULL
30004,12182,31691,NULL,NULL
30005,12180,31692,NULL,NULL
30006,877,31693,NULL,NULL
30007,12183,31694,NULL,NULL
30008,12185,31695,NULL,NULL
30017,12186,31704,NULL,NULL
30018,12187,31705,NULL,NULL
30019,12187,31706,NULL,NULL
30020,12187,31707,NULL,NULL
30021,12188,31708,NULL,NULL
30022,12188,31709,NULL,NULL
30023,12188,31710,NULL,NULL
30024,12189,31711,NULL,NULL
30025,12189,31712,NULL,NULL
30026,12189,31713,NULL,NULL
30027,12190,31714,NULL,NULL
30028,12190,31715,NULL,NULL
30029,12190,31716,NULL,NULL
30030,12187,31717,NULL,NULL
30031,12187,31718,NULL,NULL
30032,12187,31719,NULL,NULL
30033,12187,31720,NULL,NULL
30034,12187,31721,NULL,NULL
30035,12188,31722,NULL,NULL
30036,12188,31723,NULL,NULL
30037,12188,31724,NULL,NULL
30038,12188,31725,NULL,NULL
30039,12188,31726,NULL,NULL
30040,12190,31727,NULL,NULL
30041,12190,31728,NULL,NULL
30042,12190,31729,NULL,NULL
30043,12190,31730,NULL,NULL
30044,12189,31731,NULL,NULL
30045,12189,31732,NULL,NULL
30046,12189,31733,NULL,NULL
30047,12189,31734,NULL,NULL
30048,12191,31735,NULL,NULL
30049,12192,31736,NULL,NULL
30050,12193,31737,NULL,NULL
30051,12192,31738,NULL,NULL
30052,12193,31739,NULL,NULL
30053,12192,31740,NULL,NULL
30054,12193,31741,NULL,NULL
30055,12192,31742,NULL,NULL
30056,12193,31743,NULL,NULL
30057,12192,31744,NULL,NULL
30058,12193,31745,NULL,NULL
30059,12192,31746,NULL,NULL
30060,12193,31747,NULL,NULL
30061,12192,31748,NULL,NULL
30062,12193,31749,NULL,NULL
30063,12196,31750,NULL,NULL
30064,12195,31751,NULL,NULL
30065,527,31752,NULL,NULL
30066,12157,31753,NULL,NULL
30067,11424,31754,NULL,NULL
30068,12196,31755,NULL,NULL
30069,12195,31756,NULL,NULL
30070,527,31757,NULL,NULL
30071,12157,31758,NULL,NULL
30072,11424,31759,NULL,NULL
30073,12196,31760,NULL,NULL
30074,12195,31761,NULL,NULL
30075,527,31762,NULL,NULL
30076,12157,31763,NULL,NULL
30077,12196,31764,NULL,NULL
30078,11424,31765,NULL,NULL
30079,12195,31766,NULL,NULL
30080,527,31767,NULL,NULL
30081,12157,31768,NULL,NULL
30082,12196,31769,NULL,NULL
30083,11424,31770,NULL,NULL
30084,12195,31771,NULL,NULL
30085,564,31772,NULL,NULL
30086,564,31773,NULL,NULL
30087,564,31774,NULL,NULL
30088,12197,31775,NULL,NULL
30089,12198,31776,NULL,NULL
30090,10393,31777,NULL,NULL
30091,12199,31778,NULL,NULL
30092,12200,31779,NULL,NULL
30093,12200,31780,NULL,NULL
30094,12200,31781,NULL,NULL
30095,12200,31782,NULL,NULL
30096,12200,31783,NULL,NULL
30097,12201,31784,NULL,NULL
30098,12204,31785,NULL,NULL
30099,12204,31786,NULL,NULL
30100,12204,31787,NULL,NULL
30101,12204,31788,NULL,NULL
30102,12204,31789,NULL,NULL
30103,12204,31790,NULL,NULL
30104,12204,31791,NULL,NULL
30105,12204,31792,NULL,NULL
30106,12204,31793,NULL,NULL
30107,12204,31794,NULL,NULL
30108,12204,31795,NULL,NULL
30109,12204,31796,NULL,NULL
30110,12204,31797,NULL,NULL
30111,12204,31798,NULL,NULL
30112,12203,31799,NULL,NULL
30113,12203,31800,NULL,NULL
30114,12203,31801,NULL,NULL
30115,12203,31802,NULL,NULL
30116,12203,31803,NULL,NULL
30117,12203,31804,NULL,NULL
30118,12203,31805,NULL,NULL
30119,12203,31806,NULL,NULL
30120,12203,31807,NULL,NULL
30121,12203,31808,NULL,NULL
30122,12203,31809,NULL,NULL
30123,12203,31810,NULL,NULL
30124,12203,31811,NULL,NULL
30125,12203,31812,NULL,NULL
30126,11973,31813,NULL,NULL
30127,11973,31814,NULL,NULL
30128,11973,31815,NULL,NULL
30129,11973,31816,NULL,NULL
30130,11973,31817,NULL,NULL
30131,11973,31818,NULL,NULL
30132,11973,31819,NULL,NULL
30133,11973,31820,NULL,NULL
30134,11974,31821,NULL,NULL
30135,11974,31822,NULL,NULL
30136,11974,31823,NULL,NULL
30137,11974,31824,NULL,NULL
30138,11974,31825,NULL,NULL
30139,11974,31826,NULL,NULL
30140,11974,31827,NULL,NULL
30141,11974,31828,NULL,NULL
30142,603,31829,NULL,NULL
30144,603,31831,NULL,2025-11-07 08:21:21.010
30145,473,31832,NULL,NULL
30146,603,31833,NULL,NULL
30147,12205,31834,NULL,NULL
30148,12206,31835,NULL,NULL
30149,603,31836,NULL,NULL
30150,12207,31837,NULL,NULL
30151,12208,31838,NULL,NULL
30152,12209,31839,NULL,NULL
30153,12210,31840,NULL,NULL
30154,12211,31841,NULL,2024-12-18 10:15:36.420
30155,12211,31842,NULL,2024-12-18 10:20:04.833
30156,12211,31843,NULL,2024-12-18 10:19:57.170
30157,12211,31844,NULL,2024-12-18 10:19:49.750
30159,12214,31846,NULL,NULL
30160,12215,31847,NULL,NULL
30161,12216,31848,NULL,NULL
30162,5422,31849,NULL,NULL
30163,5422,31850,NULL,NULL
30164,5422,31851,NULL,NULL
30165,3430,31852,NULL,NULL
30166,12217,31853,NULL,NULL
30167,12218,31854,NULL,NULL
30168,12219,31855,NULL,NULL
30169,12220,31856,NULL,NULL
30171,12221,31858,NULL,NULL
30172,12222,31859,NULL,NULL
30173,12223,31860,NULL,NULL
30174,12224,31861,NULL,NULL
30175,12225,31862,NULL,NULL
30176,12226,31863,NULL,NULL
30177,603,31864,NULL,NULL
30178,603,31865,NULL,NULL
30179,603,31866,NULL,NULL
30181,603,31868,NULL,2025-11-07 12:38:14.833
30182,591,31869,NULL,NULL
30183,12227,31870,NULL,NULL
30184,12228,31871,NULL,NULL
30185,12229,31872,NULL,NULL
30186,12230,31873,NULL,NULL
30188,12232,31875,NULL,NULL
30189,12233,31876,NULL,NULL
30190,12234,31877,NULL,NULL
30191,12232,31878,NULL,NULL
30192,12233,31879,NULL,NULL
30193,12234,31880,NULL,NULL
30194,12232,31881,NULL,NULL
30195,12233,31882,NULL,NULL
30196,12234,31883,NULL,NULL
30197,4096,31884,NULL,NULL
30198,4096,31885,NULL,NULL
30199,4096,31886,NULL,NULL
30200,4096,31887,NULL,NULL
30201,4096,31888,NULL,NULL
30202,4096,31889,NULL,NULL
30203,10928,31890,NULL,NULL
30204,10927,31891,NULL,NULL
30205,5555,31892,NULL,NULL
30206,10928,31893,NULL,NULL
30207,10927,31894,NULL,NULL
30208,590,31895,NULL,NULL
30209,590,31896,NULL,NULL
30210,590,31897,NULL,NULL
30212,566,31899,NULL,NULL
30215,590,31902,NULL,NULL
30216,12235,31903,NULL,NULL
30217,590,31904,NULL,NULL
30218,590,31905,NULL,NULL
30219,590,31906,NULL,NULL
30220,904,31907,NULL,NULL
30221,904,31908,NULL,NULL
30222,904,31909,NULL,NULL
30223,904,31910,NULL,NULL
30224,904,31911,NULL,NULL
30225,904,31912,NULL,NULL
30226,566,31913,NULL,NULL
30227,12237,31914,NULL,NULL
30228,12238,31915,NULL,NULL
30229,12238,31916,NULL,NULL
30230,12238,31917,NULL,NULL
30231,12239,31918,NULL,NULL
30232,12240,31919,NULL,NULL
30233,12241,31920,NULL,NULL
30234,566,31921,NULL,NULL
30235,566,31922,NULL,NULL
30236,12242,31923,NULL,NULL
30237,12243,31924,NULL,NULL
30238,12244,31925,NULL,NULL
30239,12245,31926,NULL,NULL
30240,11721,31927,NULL,NULL
30241,11721,31928,NULL,NULL
30242,11721,31929,NULL,NULL
30243,11721,31930,NULL,NULL
30244,11721,31931,NULL,NULL
30245,11721,31932,NULL,NULL
30246,11721,31933,NULL,NULL
30247,11721,31934,NULL,NULL
30249,11721,31936,NULL,NULL
30250,11721,31937,NULL,NULL
30251,11721,31938,NULL,NULL
30252,12246,31939,NULL,NULL
30253,12247,31940,NULL,NULL
30254,12248,31941,NULL,NULL
30255,12252,31942,NULL,NULL
30256,12253,31943,NULL,NULL
30257,12254,31944,NULL,NULL
30258,12254,31945,NULL,NULL
30259,12254,31946,NULL,NULL
30260,12254,31947,NULL,NULL
30261,12254,31948,NULL,NULL
30262,12254,31949,NULL,NULL
30263,12254,31950,NULL,NULL
30264,12254,31951,NULL,NULL
30265,12254,31952,NULL,NULL
30266,12254,31953,NULL,NULL
30267,12255,31954,NULL,NULL
30268,12256,31955,NULL,NULL
30269,12257,31956,NULL,NULL
30270,12258,31957,NULL,NULL
30271,12259,31958,NULL,NULL
30272,12260,31959,NULL,NULL
30273,12261,31960,NULL,NULL
30274,12261,31961,NULL,NULL
30275,12261,31962,NULL,NULL
30276,12261,31963,NULL,NULL
30277,12261,31964,NULL,NULL
30278,12261,31965,NULL,NULL
30279,12261,31966,NULL,NULL
30280,12261,31967,NULL,NULL
30281,12261,31968,NULL,NULL
30282,12261,31969,NULL,NULL
30283,12261,31970,NULL,NULL
30284,12262,31971,NULL,2025-02-11 12:10:40.150
30285,12263,31972,NULL,2025-02-11 12:10:52.207
30286,12267,31973,NULL,NULL
30287,12266,31974,NULL,NULL
30288,12268,31975,NULL,NULL
30289,539,31976,NULL,NULL
30290,12269,31977,NULL,NULL
30291,12270,31978,NULL,NULL
30292,12269,31979,NULL,NULL
30293,12270,31980,NULL,NULL
30294,12269,31981,NULL,NULL
30295,12270,31982,NULL,NULL
30296,12269,31983,NULL,NULL
30297,12270,31984,NULL,NULL
30298,12269,31985,NULL,NULL
30299,12270,31986,NULL,NULL
30300,12269,31987,NULL,NULL
30301,12270,31988,NULL,NULL
30302,12269,31989,NULL,NULL
30303,12270,31990,NULL,NULL
30304,12269,31991,NULL,NULL
30305,12270,31992,NULL,NULL
30306,12269,31993,NULL,NULL
30307,12270,31994,NULL,NULL
30308,12269,31995,NULL,NULL
30309,12270,31996,NULL,NULL
30310,12269,31997,NULL,NULL
30311,12270,31998,NULL,NULL
30312,12269,31999,NULL,NULL
30313,12270,32000,NULL,NULL
30314,12271,32001,NULL,NULL
30315,12271,32002,NULL,NULL
30316,12271,32003,NULL,NULL
30317,11662,32004,NULL,NULL
30318,564,32005,NULL,2023-06-07 10:45:34.253
30319,12273,32006,NULL,NULL
30320,12274,32007,NULL,NULL
30321,12277,32008,NULL,NULL
30322,12279,32009,NULL,NULL
30323,12807,32010,NULL,2024-02-06 12:16:26.433
30324,12280,32011,NULL,NULL
30325,12281,32012,NULL,2025-02-14 12:02:56.603
30326,12282,32013,NULL,NULL
30327,12284,32014,NULL,NULL
30328,10669,32015,NULL,NULL
30329,12285,32016,NULL,NULL
30330,12286,32017,NULL,2025-11-10 08:44:46.973
30331,12287,32018,NULL,NULL
30333,2536,32020,NULL,2025-03-20 11:07:56.037
30334,2536,32021,NULL,2025-03-20 11:09:21.560
30335,2536,32022,NULL,2025-03-20 11:08:37.947
30336,2536,32023,NULL,2025-03-20 10:52:23.477
30337,2536,32024,NULL,NULL
30338,12288,32025,NULL,NULL
30339,12289,32026,NULL,NULL
30340,12289,32027,NULL,NULL
30342,12290,32029,NULL,NULL
30343,12291,32030,NULL,NULL
30344,12292,32031,NULL,NULL
30345,12293,32032,NULL,NULL
30346,12294,32033,NULL,NULL
30347,12295,32034,NULL,NULL
30348,12296,32035,NULL,NULL
30349,468,32036,NULL,NULL
30350,12297,32037,NULL,NULL
30351,12298,32038,NULL,NULL
30352,12299,32039,NULL,NULL
30353,12300,32040,NULL,NULL
30354,12302,32041,NULL,NULL
30355,12303,32042,NULL,NULL
30356,472,32043,NULL,NULL
30359,472,32046,NULL,NULL
30361,12304,32048,NULL,NULL
30362,474,32049,NULL,NULL
30365,12307,32052,NULL,NULL
30366,12306,32053,NULL,NULL
30367,12305,32054,NULL,NULL
30368,12308,32055,NULL,NULL
30369,12309,32056,NULL,NULL
30370,12310,32057,NULL,NULL
30371,12310,32058,NULL,NULL
30372,12310,32059,NULL,NULL
30373,11909,32060,NULL,NULL
30374,11909,32061,NULL,NULL
30375,11909,32062,NULL,NULL
30376,11909,32063,NULL,NULL
30377,11909,32064,NULL,NULL
30378,11909,32065,NULL,NULL
30379,11909,32066,NULL,NULL
30380,12311,32067,NULL,NULL
30381,12312,32068,NULL,NULL
30382,12313,32069,NULL,NULL
30384,12314,32071,NULL,NULL
30385,12315,32072,NULL,NULL
30388,11307,32075,NULL,NULL
30389,12316,32076,2023-05-22 12:36:20.083,NULL
30390,12317,32077,2023-05-22 14:05:41.857,NULL
30391,12318,32078,2023-05-23 10:08:18.113,NULL
30392,474,32079,2023-05-23 10:33:23.790,NULL
30393,12321,32080,2023-05-24 08:58:50.020,NULL
30394,12322,32081,2023-05-24 10:10:42.110,NULL
30395,440,32082,2023-05-25 10:14:01.273,NULL
30396,12324,32083,2023-05-25 11:09:28.883,NULL
30397,12325,32084,2023-05-25 13:24:39.740,NULL
30398,12231,32085,2023-05-25 14:33:25.997,NULL
30399,12326,32086,2023-05-25 15:41:16.967,NULL
30400,11671,32087,2023-05-26 08:44:17.047,2023-05-26 08:46:56.197
30401,11671,32088,2023-05-26 08:44:39.430,2023-05-26 08:46:36.090
30402,11671,32089,2023-05-26 08:44:59.360,2023-05-26 08:46:21.890
30403,11671,32090,2023-05-26 08:45:18.097,2023-05-26 08:46:06.500
30404,11671,32091,2023-05-26 09:02:08.947,NULL
30405,11671,32092,2023-05-26 09:03:39.687,NULL
30406,11667,32093,2023-05-26 09:26:43.430,NULL
30407,11667,32094,2023-05-26 09:26:59.823,NULL
30408,11667,32095,2023-05-26 09:27:18.230,NULL
30409,11668,32096,2023-05-26 09:48:23.327,NULL
30410,11668,32097,2023-05-26 09:51:05.597,2025-05-30 11:30:38.877
30411,11668,32098,2023-05-26 09:55:41.890,NULL
30412,11668,32099,2023-05-26 09:55:56.430,NULL
30413,11668,32100,2023-05-26 09:56:11.530,NULL
30414,11668,32101,2023-05-26 10:05:20.670,NULL
30415,11668,32102,2023-05-26 10:05:33.290,NULL
30416,11668,32103,2023-05-26 10:05:48.333,NULL
30417,11668,32104,2023-05-26 10:06:02.560,NULL
30418,11668,32105,2023-05-26 10:06:20.877,NULL
30419,11668,32106,2023-05-26 10:13:35.997,NULL
30420,11668,32107,2023-05-26 10:13:52.430,2025-05-30 12:49:03.443
30421,11672,32108,2023-05-26 10:18:48.210,NULL
30422,12327,32109,2023-05-26 13:51:18.093,NULL
30423,12327,32110,2023-05-26 13:51:34.677,NULL
30424,12327,32111,2023-05-26 13:59:20.323,NULL
30425,12327,32112,2023-05-26 14:00:06.087,NULL
30426,12327,32113,2023-05-26 14:00:18.107,NULL
30427,12327,32114,2023-05-26 14:01:07.330,NULL
30428,12327,32115,2023-05-26 14:01:18.307,NULL
30429,12327,32116,2023-05-26 14:01:32.920,NULL
30430,12327,32117,2023-05-26 14:01:45.977,NULL
30431,11149,32118,2023-05-26 14:10:34.037,NULL
30432,11149,32119,2023-05-26 14:16:02.790,NULL
30433,11149,32120,2023-05-26 14:16:35.007,NULL
30434,12046,32121,2023-05-26 14:26:59.543,NULL
30435,12047,32122,2023-05-30 10:49:03.880,NULL
30436,12047,32123,2023-05-30 10:53:16.097,NULL
30437,474,32124,2023-05-30 11:10:52.940,NULL
30438,12047,32125,2023-05-30 11:23:57.373,NULL
30439,12047,32126,2023-05-30 11:24:53.060,NULL
30440,564,32127,2023-05-30 14:08:13.387,NULL
30441,12329,32128,2023-05-30 14:50:50.887,NULL
30442,564,32129,2023-05-31 14:17:55.833,NULL
30443,12330,32130,2023-05-31 15:51:59.197,NULL
30444,12331,32131,2023-06-01 09:38:23.137,NULL
30445,12332,32132,2023-06-01 13:13:34.867,NULL
30446,12333,32133,2023-06-01 14:26:35.713,NULL
30447,12334,32134,2023-06-01 16:19:14.817,NULL
30448,12334,32135,2023-06-01 16:19:30.517,NULL
30449,12335,32136,2023-06-01 16:32:15.153,NULL
30450,7204,32137,2023-06-01 18:37:06.030,NULL
30451,7204,32138,2023-06-01 18:37:22.950,2025-03-25 09:35:08.547
30452,7204,32139,2023-06-01 18:37:35.233,2025-03-25 09:56:28.893
30453,7204,32140,2023-06-01 18:37:48.070,NULL
30454,7204,32141,2023-06-01 18:38:00.960,NULL
30455,7204,32142,2023-06-01 18:38:12.777,NULL
30456,7204,32143,2023-06-01 18:38:39.670,NULL
30457,7204,32144,2023-06-01 18:38:53.693,NULL
30458,7204,32145,2023-06-01 18:39:04.960,NULL
30459,7204,32146,2023-06-01 18:39:19.033,NULL
30460,7204,32147,2023-06-01 18:39:32.390,NULL
30461,7204,32148,2023-06-01 18:39:46.837,NULL
30462,7204,32149,2023-06-01 18:39:58.393,NULL
30463,7204,32150,2023-06-01 18:40:09.393,NULL
30464,7205,32151,2023-06-01 18:56:52.140,NULL
30465,7205,32152,2023-06-01 18:57:04.707,2025-03-25 09:35:00.230
30466,7205,32153,2023-06-01 18:57:15.733,NULL
30468,7205,32155,2023-06-01 18:57:39.967,NULL
30469,7205,32156,2023-06-01 18:57:50.790,NULL
30470,7205,32157,2023-06-01 18:58:00.570,NULL
30471,7205,32158,2023-06-01 18:58:14.440,NULL
30472,7205,32159,2023-06-01 18:58:25.287,NULL
30473,7205,32160,2023-06-01 18:58:38.510,NULL
30474,7205,32161,2023-06-01 18:59:05.820,NULL
30475,7205,32162,2023-06-01 18:59:18.597,NULL
30476,7205,32163,2023-06-01 18:59:31.190,NULL
30477,7205,32164,2023-06-01 18:59:42.417,NULL
30478,7206,32165,2023-06-01 19:08:07.020,NULL
30479,7206,32166,2023-06-01 19:08:40.503,2025-03-25 09:34:48.347
30480,7206,32167,2023-06-01 19:08:52.617,2025-03-25 09:56:19.797
30481,7206,32168,2023-06-01 19:09:04.450,NULL
30482,7206,32169,2023-06-01 19:09:15.377,NULL
30483,7206,32170,2023-06-01 19:09:26.680,NULL
30484,7206,32171,2023-06-01 19:09:39.493,NULL
30485,7206,32172,2023-06-01 19:09:56.203,NULL
30486,7206,32173,2023-06-01 19:10:10.193,NULL
30487,7206,32174,2023-06-01 19:10:26.500,NULL
30488,7206,32175,2023-06-01 19:10:40.580,NULL
30489,7206,32176,2023-06-01 19:10:53.617,NULL
30490,7206,32177,2023-06-01 19:11:05.867,NULL
30491,7206,32178,2023-06-01 19:11:18.490,NULL
30492,12337,32179,2023-06-01 19:18:39.763,NULL
30493,12337,32180,2023-06-01 19:18:53.320,2025-03-25 09:34:32.420
30494,12337,32181,2023-06-01 19:19:04.483,2025-03-25 09:56:08.823
30495,12337,32182,2023-06-01 19:19:17.477,NULL
30496,12337,32183,2023-06-01 19:19:29.293,NULL
30497,12337,32184,2023-06-01 19:19:40.247,NULL
30498,12337,32185,2023-06-01 19:19:51.480,NULL
30499,12337,32186,2023-06-01 19:20:02.503,NULL
30500,12337,32187,2023-06-01 19:20:12.727,NULL
30501,12337,32188,2023-06-01 19:20:24.467,NULL
30502,12337,32189,2023-06-01 19:20:39.010,NULL
30504,12337,32191,2023-06-01 19:21:02.000,NULL
30505,12337,32192,2023-06-01 19:21:13.060,NULL
30506,12338,32193,2023-06-01 19:31:46.840,NULL
30507,12338,32194,2023-06-01 19:32:15.203,NULL
30508,12338,32195,2023-06-01 19:32:29.277,NULL
30509,12338,32196,2023-06-01 19:32:53.567,NULL
30510,12338,32197,2023-06-01 19:33:05.397,NULL
30511,12338,32198,2023-06-01 19:33:25.327,NULL
30512,12338,32199,2023-06-01 19:33:39.190,NULL
30513,12338,32200,2023-06-01 19:33:49.177,NULL
30514,12338,32201,2023-06-01 19:33:59.187,NULL
30515,12338,32202,2023-06-01 19:34:09.673,NULL
30516,12338,32203,2023-06-01 19:34:20.203,NULL
30517,12338,32204,2023-06-01 19:34:32.023,NULL
30518,12338,32205,2023-06-01 19:34:43.943,NULL
30519,12338,32206,2023-06-01 19:34:56.703,NULL
30520,12339,32207,2023-06-02 10:07:45.883,NULL
30521,12340,32208,2023-06-05 09:41:45.710,NULL
30522,12341,32209,2023-06-05 11:05:29.950,NULL
30523,531,32210,2023-06-05 15:15:31.763,NULL
30524,531,32211,2023-06-05 15:15:51.200,NULL
30525,564,32212,2023-06-06 11:19:56.003,2023-06-06 11:21:52.693
30526,564,32213,2023-06-06 12:34:27.730,NULL
30527,564,32214,2023-06-06 17:40:58.953,NULL
30528,564,32215,2023-06-06 17:59:34.720,NULL
30529,564,32216,2023-06-07 09:13:07.343,NULL
30530,564,32217,2023-06-07 10:12:03.373,NULL
30531,564,32218,2023-06-07 10:16:11.070,NULL
30532,564,32219,2023-06-07 10:26:43.140,2023-08-17 12:47:20.727
30533,564,32220,2023-06-07 10:29:46.030,2023-06-07 10:32:56.527
30534,564,32221,2023-06-07 10:34:56.350,NULL
30535,564,32222,2023-06-07 12:21:52.630,NULL
30536,564,32223,2023-06-07 12:42:45.893,NULL
30537,564,32224,2023-06-07 12:55:00.663,NULL
30538,564,32225,2023-06-07 14:43:00.910,NULL
30540,12343,32227,2023-06-08 08:39:44.013,NULL
30541,12344,32228,2023-06-08 11:03:30.680,NULL
30542,12345,32229,2023-06-09 11:49:04.907,NULL
30543,12346,32230,2023-06-09 12:20:54.700,NULL
30545,12348,32232,2023-06-12 11:39:51.687,NULL
30546,12349,32233,2023-06-12 11:58:37.493,NULL
30547,12350,32234,2023-06-12 12:17:12.030,NULL
30548,12351,32235,2023-06-12 14:10:34.890,NULL
30549,564,32236,2023-06-12 14:11:37.267,NULL
30550,564,32237,2023-06-12 14:22:22.973,NULL
30551,564,32238,2023-06-12 14:24:05.783,NULL
30552,564,32239,2023-06-12 14:26:01.893,NULL
30553,564,32240,2023-06-12 14:29:00.177,NULL
30554,564,32241,2023-06-12 14:30:59.013,NULL
30555,564,32242,2023-06-12 14:37:47.603,NULL
30556,564,32243,2023-06-12 14:59:44.340,NULL
30557,564,32244,2023-06-12 15:05:17.493,NULL
30558,564,32245,2023-06-12 15:16:13.220,NULL
30559,12352,32246,2023-06-13 08:15:06.540,NULL
30560,12354,32247,2023-06-13 08:24:41.097,NULL
30561,12355,32248,2023-06-13 09:33:35.270,NULL
30562,566,32249,2023-06-13 09:45:17.560,NULL
30563,566,32250,2023-06-13 11:15:08.330,2023-06-13 11:17:46.560
30564,12356,32251,2023-06-13 12:20:38.207,NULL
30565,566,32252,2023-06-13 13:45:30.617,NULL
30566,566,32253,2023-06-13 16:06:51.480,NULL
30567,12357,32254,2023-06-14 10:03:47.673,NULL
30568,12358,32255,2023-06-14 10:21:41.710,NULL
30569,12359,32256,2023-06-15 09:43:42.193,NULL
30570,12360,32257,2023-06-15 14:01:51.367,NULL
30571,526,32258,2023-06-15 15:23:29.320,NULL
30572,524,32259,2023-06-15 15:39:55.793,NULL
30573,524,32260,2023-06-15 15:40:23.013,NULL
30574,10821,32261,2023-06-16 08:40:33.880,NULL
30575,12361,32262,2023-06-16 09:05:25.760,NULL
30576,12362,32263,2023-06-16 09:31:57.367,2023-06-23 15:16:42.503
30577,12363,32264,2023-06-16 09:57:26.327,NULL
30578,12363,32265,2023-06-16 09:57:46.817,NULL
30581,12365,32268,2023-06-20 13:04:34.733,NULL
30582,12366,32269,2023-06-20 14:16:43.897,NULL
30583,454,32270,2023-06-22 09:01:44.210,NULL
30584,454,32271,2023-06-22 09:02:02.457,NULL
30585,2236,32272,2023-06-22 10:30:07.917,NULL
30586,12368,32273,2023-06-22 11:47:53.153,NULL
30587,12369,32274,2023-06-23 09:33:22.100,NULL
30588,12370,32275,2023-06-23 11:30:30.807,NULL
30589,12372,32276,2023-06-23 11:46:10.640,NULL
30590,12373,32277,2023-06-23 12:34:27.603,NULL
30591,12374,32278,2023-06-26 08:55:29.053,NULL
30592,1336,32279,2023-06-26 14:39:16.453,NULL
30593,1336,32280,2023-06-26 14:43:20.360,NULL
30594,1691,32281,2023-06-27 14:31:14.317,NULL
30595,12375,32282,2023-06-27 15:14:51.600,NULL
30596,12376,32283,2023-06-27 16:07:52.737,NULL
30597,495,32284,2023-06-28 10:18:13.810,NULL
30598,495,32285,2023-06-28 10:18:23.940,NULL
30599,495,32286,2023-06-28 10:33:18.697,NULL
30600,12377,32287,2023-06-28 11:56:42.347,NULL
30601,3888,32288,2023-06-28 14:30:33.493,NULL
30602,12378,32289,2023-06-29 09:19:21.137,2025-10-16 12:09:54.427
30605,12379,32292,2023-06-29 09:42:30.727,NULL
30606,3888,32293,2023-06-29 12:12:30.713,NULL
30607,12380,32294,2023-06-29 14:09:21.657,NULL
30608,5817,32295,2023-06-29 15:22:23.163,NULL
30609,922,32296,2023-06-30 09:30:19.340,NULL
30610,922,32297,2023-06-30 09:30:28.443,NULL
30611,922,32298,2023-06-30 09:30:37.883,NULL
30612,9898,32299,2023-07-03 09:39:43.763,2024-05-02 08:35:38.627
30613,12383,32300,2023-07-03 10:04:17.467,NULL
30614,12384,32301,2023-07-03 10:09:10.630,NULL
30615,3309,32302,2023-07-03 10:37:08.710,NULL
30616,12385,32303,2023-07-03 14:03:12.970,NULL
30617,448,32304,2023-07-03 15:04:00.897,NULL
30618,12386,32305,2023-07-05 09:20:14.070,NULL
30619,12387,32306,2023-07-05 10:26:49.633,NULL
30620,11324,32307,2023-07-10 11:55:57.467,2023-07-20 12:26:30.460
30621,12388,32308,2023-07-10 12:38:21.607,2023-09-26 08:58:25.020
30622,12389,32309,2023-07-10 14:19:54.630,NULL
30623,10304,32310,2023-07-10 16:47:58.113,NULL
30624,10304,32311,2023-07-10 16:48:13.473,NULL
30625,10304,32312,2023-07-10 16:48:25.627,NULL
30626,7581,32313,2023-07-11 08:14:09.750,NULL
30627,12391,32314,2023-07-11 08:44:58.827,NULL
30628,12391,32315,2023-07-11 08:45:11.693,NULL
30629,12391,32316,2023-07-11 08:45:21.770,NULL
30630,2866,32317,2023-07-11 12:24:09.193,NULL
30631,9865,32318,2023-07-11 12:24:53.800,NULL
30632,12392,32319,2023-07-11 12:40:05.470,NULL
30633,12392,32320,2023-07-11 12:40:23.280,NULL
30634,12392,32321,2023-07-11 12:40:34.410,NULL
30635,12392,32322,2023-07-11 12:40:47.153,NULL
30636,12392,32323,2023-07-11 12:41:02.660,NULL
30637,12392,32324,2023-07-11 12:41:37.137,NULL
30638,12392,32325,2023-07-11 12:41:50.383,NULL
30639,12392,32326,2023-07-11 12:56:59.300,NULL
30640,452,32327,2023-07-12 10:42:49.823,NULL
30641,452,32328,2023-07-12 12:47:20.910,NULL
30642,445,32329,2023-07-12 14:35:52.310,NULL
30643,12393,32330,2023-07-13 09:24:17.913,NULL
30644,12394,32331,2023-07-13 14:06:34.480,NULL
30645,12395,32332,2023-07-14 09:09:36.620,NULL
30646,12396,32333,2023-07-14 09:55:00.647,NULL
30647,12397,32334,2023-07-14 10:50:53.397,NULL
30648,12398,32335,2023-07-14 11:19:01.470,NULL
30649,12399,32336,2023-07-14 11:39:47.270,NULL
30650,12399,32337,2023-07-14 11:40:25.907,2023-10-24 13:33:42.153
30652,12399,32339,2023-07-14 11:40:48.857,NULL
30653,12399,32340,2023-07-14 11:41:01.403,NULL
30654,12399,32341,2023-07-14 11:41:11.417,NULL
30655,12400,32342,2023-07-14 14:57:42.303,NULL
30656,12401,32343,2023-07-17 09:16:46.287,NULL
30657,12402,32344,2023-07-17 12:38:35.157,NULL
30658,12403,32345,2023-07-17 12:52:15.610,NULL
30659,12404,32346,2023-07-17 13:02:08.873,NULL
30660,9768,32347,2023-07-18 08:53:38.043,NULL
30661,498,32348,2023-07-18 10:55:03.473,NULL
30662,12406,32349,2023-07-18 13:18:38.543,NULL
30663,12407,32350,2023-07-19 10:41:37.017,NULL
30664,12408,32351,2023-07-19 11:37:21.740,NULL
30666,12411,32353,2023-07-20 13:47:40.223,NULL
30667,12412,32354,2023-07-20 14:41:48.460,NULL
30668,12413,32355,2023-07-21 11:15:26.817,2023-07-21 16:52:43.300
30669,2954,32356,2023-07-21 13:58:08.670,NULL
30670,2954,32357,2023-07-21 13:58:23.160,NULL
30671,2954,32358,2023-07-21 13:59:00.620,NULL
30672,2954,32359,2023-07-21 14:09:36.733,NULL
30673,12414,32360,2023-07-21 14:35:39.867,NULL
30674,12413,32361,2023-07-21 16:52:56.377,NULL
30675,502,32362,2023-07-24 14:13:51.560,NULL
30676,12014,32363,2023-07-24 15:05:00.060,NULL
30677,12014,32364,2023-07-24 15:06:01.720,NULL
30678,12014,32365,2023-07-24 15:06:34.783,NULL
30679,12416,32366,2023-07-24 17:07:12.410,NULL
30680,12417,32367,2023-07-24 17:07:37.743,NULL
30681,12419,32368,2023-07-24 17:08:13.210,NULL
30682,11053,32369,2023-07-25 09:42:14.547,NULL
30683,545,32370,2023-07-25 09:55:01.537,NULL
30684,545,32371,2023-07-25 09:56:11.047,NULL
30685,12421,32372,2023-07-26 09:41:55.457,NULL
30686,12422,32373,2023-07-26 12:11:34.787,NULL
30687,12423,32374,2023-07-28 12:08:04.960,NULL
30688,483,32375,2023-07-31 10:55:48.327,NULL
30689,12424,32376,2023-07-31 14:04:03.370,NULL
30690,483,32377,2023-07-31 14:19:29.947,NULL
30691,483,32378,2023-07-31 14:28:52.277,NULL
30692,12425,32379,2023-08-01 16:14:46.120,NULL
30693,12426,32380,2023-08-02 10:07:00.007,NULL
30694,12426,32381,2023-08-02 10:07:10.667,NULL
30695,12426,32382,2023-08-02 10:07:22.877,NULL
30696,12426,32383,2023-08-02 10:07:34.653,NULL
30697,12427,32384,2023-08-02 11:12:22.583,NULL
30698,12428,32385,2023-08-02 12:00:33.763,NULL
30699,495,32386,2023-08-03 09:05:29.337,NULL
30700,12429,32387,2023-08-03 10:01:39.877,NULL
30701,10224,32388,2023-08-04 08:41:14.427,2024-08-20 11:53:43.000
30702,12430,32389,2023-08-04 12:37:10.810,NULL
30703,12431,32390,2023-08-04 14:25:31.560,NULL
30704,12432,32391,2023-08-04 14:46:11.587,NULL
30705,12433,32392,2023-08-07 09:08:42.733,NULL
30706,12434,32393,2023-08-07 11:49:02.460,NULL
30707,12434,32394,2023-08-07 11:49:09.823,NULL
30708,12434,32395,2023-08-07 11:51:36.180,NULL
30709,12435,32396,2023-08-07 15:16:54.100,NULL
30710,12437,32397,2023-08-08 09:21:00.040,NULL
30711,12438,32398,2023-08-09 09:04:39.550,NULL
30712,12440,32399,2023-08-09 12:53:15.000,NULL
30713,12441,32400,2023-08-09 13:50:03.557,NULL
30714,12442,32401,2023-08-09 16:11:39.950,NULL
30715,12443,32402,2023-08-10 09:54:11.513,NULL
30716,10949,32403,2023-08-10 10:54:51.677,NULL
30717,10949,32404,2023-08-10 10:55:16.117,NULL
30718,10949,32405,2023-08-10 10:55:51.823,NULL
30719,10949,32406,2023-08-10 10:56:34.117,NULL
30720,10949,32407,2023-08-10 10:56:53.830,NULL
30721,10949,32408,2023-08-10 11:15:28.060,NULL
30722,10949,32409,2023-08-10 11:15:39.067,NULL
30723,10949,32410,2023-08-10 11:24:34.127,NULL
30724,12444,32411,2023-08-10 12:58:00.507,NULL
30725,12446,32412,2023-08-11 12:23:59.427,NULL
30726,10684,32413,2023-08-11 13:23:54.747,NULL
30727,10684,32414,2023-08-11 13:24:08.010,NULL
30728,12447,32415,2023-08-11 15:54:50.777,NULL
30729,12448,32416,2023-08-14 09:49:54.863,2025-04-01 12:35:54.030
30730,12211,32417,2023-08-14 13:31:02.917,2024-12-18 10:19:38.410
30731,12211,32418,2023-08-14 13:34:49.813,2024-12-18 10:19:30.347
30732,12211,32419,2023-08-14 13:35:05.260,2024-12-18 10:19:21.910
30733,12211,32420,2023-08-14 13:39:43.043,2024-12-18 10:19:09.830
30734,12211,32421,2023-08-14 13:39:58.730,2024-12-18 10:19:02.450
30735,12211,32422,2023-08-14 13:40:27.857,2024-12-18 10:18:52.337
30736,12211,32423,2023-08-14 13:43:24.657,2024-12-18 10:18:40.057
30737,12211,32424,2023-08-14 13:43:35.243,2024-12-18 10:18:26.000
30738,12211,32425,2023-08-14 13:43:47.077,2024-12-18 10:17:53.990
30739,9921,32426,2023-08-15 09:42:02.663,NULL
30740,9921,32427,2023-08-15 09:42:11.200,NULL
30741,9921,32428,2023-08-15 09:42:19.957,NULL
30742,9921,32429,2023-08-15 09:42:32.920,NULL
30743,12450,32430,2023-08-15 10:09:34.933,NULL
30744,12451,32431,2023-08-15 10:45:29.787,NULL
30745,9849,32432,2023-08-15 12:26:14.820,NULL
30746,9849,32433,2023-08-15 12:26:32.210,NULL
30747,12452,32434,2023-08-17 09:02:59.520,NULL
30748,12453,32435,2023-08-17 09:24:02.220,NULL
30749,12454,32436,2023-08-17 14:31:29.190,NULL
30750,12455,32437,2023-08-17 14:31:48.210,NULL
30751,12456,32438,2023-08-18 09:32:56.023,NULL
30752,12456,32439,2023-08-18 09:33:51.073,NULL
30753,12456,32440,2023-08-18 09:34:18.787,NULL
30754,12456,32441,2023-08-18 09:34:50.483,NULL
30755,12456,32442,2023-08-18 09:35:02.680,NULL
30756,12456,32443,2023-08-18 09:35:13.860,NULL
30757,12456,32444,2023-08-18 09:35:30.420,NULL
30758,12456,32445,2023-08-18 09:35:40.560,NULL
30759,12457,32446,2023-08-18 13:09:38.280,NULL
30760,12458,32447,2023-08-21 13:29:47.843,NULL
30761,12459,32448,2023-08-21 13:52:27.827,NULL
30762,4643,32449,2023-08-22 09:54:41.560,NULL
30763,4643,32450,2023-08-22 09:54:51.070,NULL
30764,4643,32451,2023-08-22 09:54:59.090,NULL
30765,12413,32452,2023-08-23 13:08:52.800,NULL
30766,12413,32453,2023-08-23 13:09:03.480,NULL
30767,12460,32454,2023-08-23 15:15:45.557,NULL
30768,12461,32455,2023-08-24 13:29:57.520,NULL
30769,531,32456,2023-08-25 13:01:42.843,NULL
30770,531,32457,2023-08-25 13:08:19.030,NULL
30772,531,32459,2023-08-25 13:27:18.287,NULL
30773,12462,32460,2023-08-29 10:46:05.257,NULL
30774,12463,32461,2023-08-29 10:56:28.733,NULL
30775,12463,32462,2023-08-29 10:56:55.847,NULL
30776,3395,32463,2023-08-29 12:47:49.780,2023-08-29 12:49:24.980
30777,3395,32464,2023-08-29 13:01:38.503,NULL
30779,3395,32466,2023-08-29 13:58:32.950,NULL
30780,3395,32467,2023-08-29 14:11:18.487,NULL
30781,1297,32468,2023-08-31 09:57:09.880,NULL
30782,1297,32469,2023-08-31 09:58:18.573,2023-08-31 10:29:59.920
30783,1297,32470,2023-08-31 10:00:06.060,NULL
30784,1297,32471,2023-08-31 10:00:24.037,NULL
30785,12667,32472,2023-09-01 08:41:28.110,2023-11-15 09:05:24.370
30786,12667,32473,2023-09-01 08:41:45.093,2023-11-15 09:05:43.510
30787,12464,32474,2023-09-01 09:01:29.390,NULL
30788,531,32475,2023-09-01 09:25:33.470,NULL
30789,531,32476,2023-09-01 09:53:40.627,2023-09-01 09:54:07.587
30790,1527,32477,2023-09-01 10:42:27.630,2023-09-01 10:43:00.960
30791,509,32478,2023-09-01 13:10:18.200,2023-09-01 13:21:23.780
30793,12465,32480,2023-09-01 15:04:11.167,2023-09-07 12:35:24.043
30794,12466,32481,2023-09-01 15:38:48.967,NULL
30795,12468,32482,2023-09-06 11:33:38.447,NULL
30796,1991,32483,2023-09-06 13:49:01.010,NULL
30797,1991,32484,2023-09-06 13:49:20.607,NULL
30798,1991,32485,2023-09-06 13:49:32.437,NULL
30799,1991,32486,2023-09-06 13:49:43.733,NULL
30800,1991,32487,2023-09-06 13:49:56.903,NULL
30801,1991,32488,2023-09-06 13:50:08.467,NULL
30802,1991,32489,2023-09-06 13:50:21.460,NULL
30803,1991,32490,2023-09-06 13:50:31.990,NULL
30804,1991,32491,2023-09-06 13:50:49.710,NULL
30805,1991,32492,2023-09-06 13:51:06.453,NULL
30806,1991,32493,2023-09-06 13:51:20.320,2023-09-07 08:11:17.847
30807,1991,32494,2023-09-06 13:51:32.853,2023-09-07 08:11:40.643
30808,1991,32495,2023-09-06 13:51:43.537,2023-09-07 08:12:09.327
30810,12767,32497,2023-09-06 15:45:09.057,2024-03-14 08:29:42.227
30811,3350,32498,2023-09-06 15:49:09.877,NULL
30812,3350,32499,2023-09-06 15:55:34.903,2023-09-06 15:56:10.147
30813,3350,32500,2023-09-06 15:56:58.630,NULL
30814,3350,32501,2023-09-06 15:57:30.150,NULL
30815,3350,32502,2023-09-06 15:58:30.313,NULL
30816,12767,32503,2023-09-06 15:59:36.897,2024-03-14 08:30:56.267
30817,3350,32504,2023-09-06 16:00:23.880,NULL
30818,12768,32505,2023-09-06 16:01:00.603,2024-01-16 12:50:22.827
30819,3350,32506,2023-09-06 16:49:13.670,NULL
30820,3350,32507,2023-09-06 16:52:23.837,NULL
30821,9679,32508,2023-09-07 08:57:24.117,NULL
30822,12470,32509,2023-09-07 09:16:33.847,NULL
30823,12470,32510,2023-09-07 09:16:45.193,NULL
30824,12470,32511,2023-09-07 09:17:04.560,NULL
30825,12470,32512,2023-09-07 09:17:17.900,NULL
30826,12470,32513,2023-09-07 09:17:29.580,NULL
30827,12470,32514,2023-09-07 09:17:43.057,NULL
30828,12470,32515,2023-09-07 09:17:57.583,NULL
30829,12470,32516,2023-09-07 09:18:08.360,NULL
30830,12470,32517,2023-09-07 09:18:20.203,NULL
30831,12470,32518,2023-09-07 09:18:37.543,NULL
30832,12470,32519,2023-09-07 09:18:47.647,NULL
30833,12470,32520,2023-09-07 09:18:57.880,NULL
30834,12470,32521,2023-09-07 09:19:10.157,NULL
30835,12470,32522,2023-09-07 09:19:24.793,NULL
30836,12470,32523,2023-09-07 09:19:47.353,NULL
30837,1576,32524,2023-09-07 12:12:38.440,NULL
30838,1576,32525,2023-09-07 12:12:52.693,NULL
30839,1576,32526,2023-09-07 12:13:06.920,NULL
30840,1576,32527,2023-09-07 12:13:21.130,NULL
30841,12465,32528,2023-09-07 12:35:39.057,NULL
30842,8549,32529,2023-09-07 14:05:53.133,NULL
30843,3814,32530,2023-09-07 15:33:28.900,NULL
30844,3814,32531,2023-09-07 15:35:29.060,NULL
30845,12473,32532,2023-09-08 11:59:02.203,NULL
30846,12474,32533,2023-09-08 12:40:40.543,NULL
30847,12475,32534,2023-09-08 14:32:04.470,NULL
30848,12476,32535,2023-09-08 15:44:40.203,NULL
30849,12476,32536,2023-09-08 15:45:00.030,NULL
30850,12476,32537,2023-09-08 15:45:08.483,NULL
30851,12476,32538,2023-09-08 15:45:22.740,NULL
30852,12476,32539,2023-09-08 15:45:36.030,NULL
30853,12477,32540,2023-09-11 13:08:27.050,2023-09-11 13:34:45.770
30854,12477,32541,2023-09-11 13:08:48.603,NULL
30855,12477,32542,2023-09-11 13:09:01.217,NULL
30856,525,32543,2023-09-15 09:16:41.690,NULL
30857,525,32544,2023-09-15 09:17:02.880,NULL
30858,12478,32545,2023-09-15 09:37:10.270,NULL
30859,12479,32546,2023-09-15 09:45:58.307,NULL
30860,525,32547,2023-09-15 09:55:13.203,NULL
30861,525,32548,2023-09-15 09:55:22.650,NULL
30862,525,32549,2023-09-15 10:05:43.413,NULL
30863,525,32550,2023-09-15 10:05:56.310,NULL
30864,12481,32551,2023-09-15 12:01:27.387,NULL
30865,12482,32552,2023-09-15 12:33:20.207,NULL
30866,12482,32553,2023-09-15 12:33:33.757,NULL
30867,12482,32554,2023-09-15 12:33:45.503,NULL
30868,12482,32555,2023-09-15 12:33:57.320,NULL
30869,12482,32556,2023-09-15 12:34:06.967,NULL
30870,12482,32557,2023-09-15 12:34:16.503,NULL
30871,12482,32558,2023-09-15 12:34:31.310,NULL
30872,12482,32559,2023-09-15 12:35:06.170,NULL
30873,12482,32560,2023-09-15 12:35:37.020,NULL
30874,12482,32561,2023-09-15 12:35:51.670,NULL
30875,12482,32562,2023-09-15 12:36:02.643,NULL
30876,12482,32563,2023-09-15 12:36:13.713,NULL
30877,12482,32564,2023-09-15 13:02:19.237,NULL
30878,12482,32565,2023-09-15 13:02:45.870,NULL
30879,12482,32566,2023-09-15 13:03:03.877,NULL
30880,12482,32567,2023-09-15 13:05:05.500,NULL
30881,12482,32568,2023-09-15 13:07:09.113,NULL
30882,12482,32569,2023-09-15 13:07:44.200,NULL
30883,12482,32570,2023-09-15 13:08:19.553,NULL
30884,12482,32571,2023-09-15 13:08:51.347,NULL
30885,12482,32572,2023-09-15 13:09:15.960,NULL
30886,12482,32573,2023-09-15 13:09:30.863,NULL
30887,12482,32574,2023-09-15 13:10:11.070,NULL
30888,12482,32575,2023-09-15 13:10:41.973,NULL
30889,12482,32576,2023-09-15 13:11:21.090,NULL
30890,12482,32577,2023-09-15 13:12:10.843,NULL
30891,12484,32578,2023-09-18 10:46:18.407,2023-09-18 10:48:32.367
30892,12485,32579,2023-09-18 10:47:59.043,NULL
30893,12484,32580,2023-09-18 11:02:18.733,NULL
30894,12485,32581,2023-09-18 11:03:11.703,NULL
30895,12486,32582,2023-09-18 12:11:04.483,NULL
30896,12487,32583,2023-09-19 09:16:44.920,NULL
30897,12488,32584,2023-09-19 10:23:04.717,NULL
30898,12489,32585,2023-09-19 10:38:16.713,NULL
30899,12490,32586,2023-09-19 10:38:28.747,NULL
30900,499,32587,2023-09-20 09:21:34.980,NULL
30901,12491,32588,2023-09-20 12:21:56.577,2023-09-20 12:22:26.843
30902,12493,32589,2023-09-20 13:51:06.577,NULL
30903,12494,32590,2023-09-20 14:49:38.983,NULL
30905,12495,32592,2023-09-21 14:28:49.447,NULL
30906,12211,32593,2023-09-21 14:36:17.913,2024-12-18 10:17:43.920
30907,12211,32594,2023-09-21 14:36:35.287,2024-12-18 10:17:35.657
30908,12211,32595,2023-09-21 14:37:36.650,2024-12-18 10:17:08.023
30910,12497,32597,2023-09-22 11:42:27.923,2023-09-22 11:57:40.830
30911,12498,32598,2023-09-22 11:42:45.747,2023-09-22 11:57:56.397
30912,12499,32599,2023-09-22 11:42:53.350,2023-09-22 11:58:03.053
30913,12500,32600,2023-09-22 11:43:01.220,2023-09-22 11:58:09.260
30914,12501,32601,2023-09-22 11:43:13.857,2023-09-22 11:58:15.567
30915,12502,32602,2023-09-22 11:43:21.670,2023-09-22 11:58:26.183
30916,12503,32603,2023-09-22 11:43:38.537,2023-09-22 11:58:32.540
30917,12504,32604,2023-09-22 11:44:46.313,2023-09-22 11:58:38.170
30928,12505,32615,2023-09-22 14:02:12.437,NULL
30929,12506,32616,2023-09-22 15:23:07.823,NULL
30930,12507,32617,2023-09-25 08:15:24.400,NULL
30931,12508,32618,2023-09-26 09:27:45.590,NULL
30932,12509,32619,2023-09-26 10:21:37.283,NULL
30934,12511,32621,2023-09-27 09:00:09.893,NULL
30936,12513,32623,2023-09-27 11:59:57.303,NULL
30937,12514,32624,2023-09-27 13:04:20.663,NULL
30938,12515,32625,2023-09-27 15:02:40.203,NULL
30939,12516,32626,2023-09-27 15:37:47.220,NULL
30940,12517,32627,2023-09-28 10:11:56.270,NULL
30941,12518,32628,2023-09-28 11:07:04.087,NULL
30942,12518,32629,2023-09-28 11:07:21.017,2023-09-28 11:57:50.487
30943,12518,32630,2023-09-28 11:07:38.750,NULL
30944,8089,32631,2023-09-28 11:44:20.070,NULL
30945,8089,32632,2023-09-28 11:44:46.213,NULL
30946,6978,32633,2023-09-28 11:47:36.823,NULL
30947,6978,32634,2023-09-28 11:47:52.533,2023-09-28 11:48:14.483
30948,12519,32635,2023-09-28 12:35:41.653,NULL
30949,515,32636,2023-09-29 09:25:35.180,NULL
30950,12520,32637,2023-09-29 12:14:05.813,NULL
30951,12521,32638,2023-10-02 10:58:47.733,NULL
30952,596,32639,2023-10-02 11:14:21.427,NULL
30953,596,32640,2023-10-02 11:14:34.970,NULL
30954,12522,32641,2023-10-02 11:49:51.267,NULL
30955,12523,32642,2023-10-02 12:39:06.467,2025-02-13 16:11:34.800
30956,12524,32643,2023-10-02 13:15:43.773,NULL
30957,510,32644,2023-10-02 13:27:57.933,NULL
30958,510,32645,2023-10-02 13:28:15.620,NULL
30959,12525,32646,2023-10-02 14:46:56.463,NULL
30960,531,32647,2023-10-02 16:23:40.847,2025-05-20 10:07:52.520
30961,531,32648,2023-10-02 16:34:50.250,NULL
30962,12526,32649,2023-10-04 09:21:15.800,NULL
30963,12527,32650,2023-10-05 12:43:46.877,NULL
30964,12528,32651,2023-10-05 15:19:54.450,NULL
30965,12529,32652,2023-10-06 13:53:26.593,NULL
30966,1768,32653,2023-10-09 09:45:47.897,NULL
30967,1768,32654,2023-10-09 09:58:56.887,NULL
30968,5817,32655,2023-10-09 10:13:10.797,NULL
30969,11287,32656,2023-10-09 11:16:28.420,2024-03-27 13:31:06.147
30970,12530,32657,2023-10-09 11:42:15.967,NULL
30971,12532,32658,2023-10-09 12:34:49.620,NULL
30972,12533,32659,2023-10-09 14:43:06.153,NULL
30973,12534,32660,2023-10-09 15:34:12.953,NULL
30987,12535,32674,2023-10-10 11:08:06.583,NULL
30988,12536,32675,2023-10-10 11:53:19.727,NULL
30989,12537,32676,2023-10-10 11:53:29.147,NULL
30990,12538,32677,2023-10-10 11:53:40.360,NULL
30991,12539,32678,2023-10-10 11:53:53.463,NULL
30992,11338,32679,2023-10-10 11:54:04.400,NULL
30993,12543,32680,2023-10-10 11:54:12.593,NULL
30994,12542,32681,2023-10-10 12:04:24.687,NULL
30995,12536,32682,2023-10-10 12:04:40.113,NULL
30996,12537,32683,2023-10-10 12:04:48.407,NULL
30997,12538,32684,2023-10-10 12:04:56.377,NULL
30998,12539,32685,2023-10-10 12:05:06.780,NULL
30999,11338,32686,2023-10-10 12:05:14.903,NULL
31000,12542,32687,2023-10-10 12:05:27.783,NULL
31001,12536,32688,2023-10-10 12:05:39.910,NULL
31002,12537,32689,2023-10-10 12:06:28.067,NULL
31003,12538,32690,2023-10-10 12:06:36.253,NULL
31004,12539,32691,2023-10-10 12:06:47.937,NULL
31005,11338,32692,2023-10-10 12:06:55.900,NULL
31006,12543,32693,2023-10-10 12:07:05.320,NULL
31007,12542,32694,2023-10-10 12:07:15.213,NULL
31008,12536,32695,2023-10-10 12:07:28.707,NULL
31009,12537,32696,2023-10-10 12:07:45.747,NULL
31010,12538,32697,2023-10-10 12:08:01.480,NULL
31011,12539,32698,2023-10-10 12:08:14.180,NULL
31012,11338,32699,2023-10-10 12:08:23.653,NULL
31013,12543,32700,2023-10-10 12:08:31.757,NULL
31014,12542,32701,2023-10-10 12:09:05.877,NULL
31015,12536,32702,2023-10-10 12:09:18.700,NULL
31016,12537,32703,2023-10-10 12:09:26.613,NULL
31017,12538,32704,2023-10-10 12:09:33.740,NULL
31018,12539,32705,2023-10-10 12:09:42.290,NULL
31019,11338,32706,2023-10-10 12:09:49.430,NULL
31020,12543,32707,2023-10-10 12:09:56.657,NULL
31021,12542,32708,2023-10-10 12:10:04.973,NULL
31022,12536,32709,2023-10-10 12:10:22.317,NULL
31023,12537,32710,2023-10-10 12:10:29.483,NULL
31024,12538,32711,2023-10-10 12:10:36.160,NULL
31025,12539,32712,2023-10-10 12:10:47.023,NULL
31026,11338,32713,2023-10-10 12:10:54.817,NULL
31027,12543,32714,2023-10-10 12:11:02.803,NULL
31028,12542,32715,2023-10-10 12:11:10.467,NULL
31029,12536,32716,2023-10-10 12:11:23.610,NULL
31030,12537,32717,2023-10-10 12:11:31.593,NULL
31031,12538,32718,2023-10-10 12:11:43.393,NULL
31032,12539,32719,2023-10-10 12:11:57.490,NULL
31033,11338,32720,2023-10-10 12:12:05.270,NULL
31034,12543,32721,2023-10-10 12:12:13.360,NULL
31035,12542,32722,2023-10-10 12:12:34.423,NULL
31036,12536,32723,2023-10-10 12:12:50.780,NULL
31037,12537,32724,2023-10-10 12:12:57.820,NULL
31038,12538,32725,2023-10-10 12:13:04.810,NULL
31039,12539,32726,2023-10-10 12:13:14.987,NULL
31040,11338,32727,2023-10-10 12:13:27.443,NULL
31041,12543,32728,2023-10-10 12:13:35.180,NULL
31042,12542,32729,2023-10-10 12:13:43.420,NULL
31043,12536,32730,2023-10-10 12:13:57.300,NULL
31044,12537,32731,2023-10-10 12:14:04.427,NULL
31045,12538,32732,2023-10-10 12:14:11.757,NULL
31046,12539,32733,2023-10-10 12:14:22.497,NULL
31047,11338,32734,2023-10-10 12:14:29.730,NULL
31048,12543,32735,2023-10-10 12:14:37.393,NULL
31049,12542,32736,2023-10-10 12:14:45.150,NULL
31050,12536,32737,2023-10-10 12:14:57.773,NULL
31051,12537,32738,2023-10-10 12:15:05.773,NULL
31052,12538,32739,2023-10-10 12:15:14.283,NULL
31053,12539,32740,2023-10-10 12:15:22.620,NULL
31054,11338,32741,2023-10-10 12:15:29.767,NULL
31055,12543,32742,2023-10-10 12:15:36.863,NULL
31056,12542,32743,2023-10-10 12:15:45.223,NULL
31057,12536,32744,2023-10-10 12:15:57.097,NULL
31058,12537,32745,2023-10-10 12:16:07.120,NULL
31059,12538,32746,2023-10-10 12:16:13.703,NULL
31060,12539,32747,2023-10-10 12:16:21.903,NULL
31061,11338,32748,2023-10-10 12:16:27.903,NULL
31062,12543,32749,2023-10-10 12:16:34.923,NULL
31063,12542,32750,2023-10-10 12:16:42.130,NULL
31064,12536,32751,2023-10-10 12:16:54.697,NULL
31065,12537,32752,2023-10-10 12:17:02.843,NULL
31066,12538,32753,2023-10-10 12:17:16.137,NULL
31067,12539,32754,2023-10-10 12:17:32.190,NULL
31068,11338,32755,2023-10-10 12:17:45.583,NULL
31069,12543,32756,2023-10-10 12:17:53.767,NULL
31070,12542,32757,2023-10-10 12:18:01.290,NULL
31071,12536,32758,2023-10-10 12:18:15.247,NULL
31072,12537,32759,2023-10-10 12:18:23.037,NULL
31073,12538,32760,2023-10-10 12:18:29.753,NULL
31074,12539,32761,2023-10-10 12:18:37.997,NULL
31075,11338,32762,2023-10-10 12:18:58.590,NULL
31076,12543,32763,2023-10-10 12:19:05.340,NULL
31077,12542,32764,2023-10-10 12:19:12.443,NULL
31078,12536,32765,2023-10-10 12:19:24.433,NULL
31079,12537,32766,2023-10-10 12:19:31.593,NULL
31080,12538,32767,2023-10-10 12:19:37.847,NULL
31081,12539,32768,2023-10-10 12:19:52.200,NULL
31082,11338,32769,2023-10-10 12:19:59.030,NULL
31083,12543,32770,2023-10-10 12:20:07.343,NULL
31084,12542,32771,2023-10-10 12:20:14.707,NULL
31085,12536,32772,2023-10-10 12:20:27.010,NULL
31086,12537,32773,2023-10-10 12:20:33.417,NULL
31087,12538,32774,2023-10-10 12:20:39.770,NULL
31088,12539,32775,2023-10-10 12:20:48.443,NULL
31089,11338,32776,2023-10-10 12:20:54.857,NULL
31090,12543,32777,2023-10-10 12:21:01.690,NULL
31091,12542,32778,2023-10-10 12:21:11.310,NULL
31092,12536,32779,2023-10-10 12:22:24.137,NULL
31093,12537,32780,2023-10-10 12:22:30.967,NULL
31094,12538,32781,2023-10-10 12:22:37.840,NULL
31095,12539,32782,2023-10-10 12:23:03.063,NULL
31096,11338,32783,2023-10-10 12:23:10.073,NULL
31097,12543,32784,2023-10-10 12:23:30.933,NULL
31098,12542,32785,2023-10-10 12:23:37.870,NULL
31099,12536,32786,2023-10-10 12:23:51.343,NULL
31100,12537,32787,2023-10-10 12:23:57.920,NULL
31101,12538,32788,2023-10-10 12:24:04.483,NULL
31102,12539,32789,2023-10-10 12:24:22.273,NULL
31103,11338,32790,2023-10-10 12:24:32.107,NULL
31104,12543,32791,2023-10-10 12:24:38.647,NULL
31105,12542,32792,2023-10-10 12:24:46.830,NULL
31106,12536,32793,2023-10-10 12:24:59.653,NULL
31107,12537,32794,2023-10-10 12:25:05.843,NULL
31108,12538,32795,2023-10-10 12:25:12.293,NULL
31109,12539,32796,2023-10-10 12:25:19.313,NULL
31110,11338,32797,2023-10-10 12:25:26.197,NULL
31111,12543,32798,2023-10-10 12:25:32.780,NULL
31112,12542,32799,2023-10-10 12:25:40.287,NULL
31113,12536,32800,2023-10-10 12:26:02.410,NULL
31114,12537,32801,2023-10-10 12:26:08.677,NULL
31115,12538,32802,2023-10-10 12:26:14.753,NULL
31116,12539,32803,2023-10-10 12:26:21.703,NULL
31117,11338,32804,2023-10-10 12:26:28.733,NULL
31118,12543,32805,2023-10-10 12:26:36.823,NULL
31119,12542,32806,2023-10-10 12:27:06.397,NULL
31120,12536,32807,2023-10-10 12:27:18.323,NULL
31121,12537,32808,2023-10-10 12:27:24.457,NULL
31122,12538,32809,2023-10-10 12:27:31.357,NULL
31123,12539,32810,2023-10-10 12:27:39.647,NULL
31124,11338,32811,2023-10-10 12:27:46.460,NULL
31125,12543,32812,2023-10-10 12:27:53.120,NULL
31126,12542,32813,2023-10-10 12:28:07.090,NULL
31127,12536,32814,2023-10-10 12:28:23.210,NULL
31128,12537,32815,2023-10-10 12:28:29.397,NULL
31129,12538,32816,2023-10-10 12:28:35.420,NULL
31130,12539,32817,2023-10-10 12:28:41.777,NULL
31131,11338,32818,2023-10-10 12:28:51.943,NULL
31132,12543,32819,2023-10-10 12:28:57.987,NULL
31133,12542,32820,2023-10-10 12:29:06.223,NULL
31134,12536,32821,2023-10-10 12:29:19.820,NULL
31135,12537,32822,2023-10-10 12:29:26.930,NULL
31136,12538,32823,2023-10-10 12:29:33.290,NULL
31137,12539,32824,2023-10-10 12:29:39.910,NULL
31138,11338,32825,2023-10-10 12:29:46.413,NULL
31139,12543,32826,2023-10-10 12:29:59.523,NULL
31140,12542,32827,2023-10-10 12:30:06.960,NULL
31141,12536,32828,2023-10-10 12:30:22.537,NULL
31142,12537,32829,2023-10-10 12:30:28.750,NULL
31143,12538,32830,2023-10-10 12:30:34.680,NULL
31144,12539,32831,2023-10-10 12:30:40.687,NULL
31145,11338,32832,2023-10-10 12:30:46.583,NULL
31146,12543,32833,2023-10-10 12:30:53.007,NULL
31147,12542,32834,2023-10-10 12:31:02.530,NULL
31148,12544,32835,2023-10-10 13:25:35.657,NULL
31149,12543,32836,2023-10-10 14:45:41.777,NULL
31150,12545,32837,2023-10-10 15:19:05.680,NULL
31151,12546,32838,2023-10-10 15:40:54.847,NULL
31152,12547,32839,2023-10-10 15:41:03.190,NULL
31153,12548,32840,2023-10-10 15:41:13.327,NULL
31154,12549,32841,2023-10-10 16:35:45.013,NULL
31155,12550,32842,2023-10-11 08:12:06.137,NULL
31156,12550,32843,2023-10-11 08:12:24.513,NULL
31157,12550,32844,2023-10-11 08:12:59.533,NULL
31158,12550,32845,2023-10-11 08:13:35.567,NULL
31159,12551,32846,2023-10-11 09:39:07.090,NULL
31160,12552,32847,2023-10-11 09:53:15.747,NULL
31161,12552,32848,2023-10-11 09:53:28.737,NULL
31162,12552,32849,2023-10-11 09:53:40.540,NULL
31163,12552,32850,2023-10-11 09:53:51.773,NULL
31164,12552,32851,2023-10-11 09:54:01.877,NULL
31165,12552,32852,2023-10-11 09:54:13.053,NULL
31166,12552,32853,2023-10-11 09:54:24.180,NULL
31167,12552,32854,2023-10-11 09:54:36.080,NULL
31168,12552,32855,2023-10-11 09:54:48.020,NULL
31169,12552,32856,2023-10-11 09:54:58.620,NULL
31170,12552,32857,2023-10-11 09:55:12.843,NULL
31171,12552,32858,2023-10-11 09:55:23.950,NULL
31172,12552,32859,2023-10-11 09:55:42.547,NULL
31173,12553,32860,2023-10-11 13:12:52.040,NULL
31174,12554,32861,2023-10-11 14:25:03.927,NULL
31175,12559,32862,2023-10-11 14:25:19.517,NULL
31176,12555,32863,2023-10-11 14:25:32.240,NULL
31177,12558,32864,2023-10-11 14:25:40.207,NULL
31178,12554,32865,2023-10-11 14:25:57.710,NULL
31179,12559,32866,2023-10-11 14:26:26.387,NULL
31180,12555,32867,2023-10-11 14:26:33.417,NULL
31181,12558,32868,2023-10-11 14:26:40.437,NULL
31182,12554,32869,2023-10-11 14:26:50.627,NULL
31183,12559,32870,2023-10-11 14:27:06.620,NULL
31184,12555,32871,2023-10-11 14:27:13.047,NULL
31185,12558,32872,2023-10-11 14:27:19.887,NULL
31186,12554,32873,2023-10-11 14:27:30.837,NULL
31187,12559,32874,2023-10-11 14:27:40.627,NULL
31188,12555,32875,2023-10-11 14:27:47.247,NULL
31190,12554,32877,2023-10-11 14:28:08.710,NULL
31191,12559,32878,2023-10-11 14:28:17.690,NULL
31192,12555,32879,2023-10-11 14:28:24.833,NULL
31193,12558,32880,2023-10-11 14:28:31.210,NULL
31194,12554,32881,2023-10-11 14:28:43.120,NULL
31195,12559,32882,2023-10-11 14:29:05.763,NULL
31196,12555,32883,2023-10-11 14:29:12.507,NULL
31197,12558,32884,2023-10-11 14:29:18.637,NULL
31198,12554,32885,2023-10-11 14:29:43.060,NULL
31199,12559,32886,2023-10-11 14:29:51.640,NULL
31200,12555,32887,2023-10-11 14:29:58.040,NULL
31201,12558,32888,2023-10-11 14:30:12.177,NULL
31202,12554,32889,2023-10-11 14:30:28.807,NULL
31203,12559,32890,2023-10-11 14:30:43.120,NULL
31204,12555,32891,2023-10-11 14:30:49.690,NULL
31205,12558,32892,2023-10-11 14:30:56.027,NULL
31206,12554,32893,2023-10-11 14:31:06.450,NULL
31207,12559,32894,2023-10-11 14:31:25.240,NULL
31208,12555,32895,2023-10-11 14:31:32.113,NULL
31209,12558,32896,2023-10-11 14:31:47.650,NULL
31210,12554,32897,2023-10-11 14:31:54.420,NULL
31211,12559,32898,2023-10-11 14:32:07.630,NULL
31212,12555,32899,2023-10-11 14:32:14.090,NULL
31213,12558,32900,2023-10-11 14:32:20.297,NULL
31214,12554,32901,2023-10-11 14:32:31.283,NULL
31215,12559,32902,2023-10-11 14:32:40.190,NULL
31216,12555,32903,2023-10-11 14:32:47.140,NULL
31217,12558,32904,2023-10-11 14:32:53.710,NULL
31218,12554,32905,2023-10-11 14:33:16.513,NULL
31219,12559,32906,2023-10-11 14:33:25.473,NULL
31220,12555,32907,2023-10-11 14:33:33.823,NULL
31221,12558,32908,2023-10-11 14:34:05.763,NULL
31222,12554,32909,2023-10-11 14:34:23.403,NULL
31223,12559,32910,2023-10-11 14:34:31.977,NULL
31224,12555,32911,2023-10-11 14:34:38.477,NULL
31225,12558,32912,2023-10-11 14:34:44.907,NULL
31226,12554,32913,2023-10-11 14:34:55.077,NULL
31227,12559,32914,2023-10-11 14:35:07.017,NULL
31228,12555,32915,2023-10-11 14:35:13.280,NULL
31229,12558,32916,2023-10-11 14:35:20.837,NULL
31230,12554,32917,2023-10-11 14:36:22.380,NULL
31231,12559,32918,2023-10-11 14:36:38.840,NULL
31232,12555,32919,2023-10-11 14:36:46.907,NULL
31233,12558,32920,2023-10-11 14:36:53.480,NULL
31234,12554,32921,2023-10-11 14:37:29.703,NULL
31235,12559,32922,2023-10-11 14:37:38.073,NULL
31236,12555,32923,2023-10-11 14:37:46.237,NULL
31237,12558,32924,2023-10-11 14:37:55.680,NULL
31238,12554,32925,2023-10-11 14:38:14.837,NULL
31239,12559,32926,2023-10-11 14:38:50.820,NULL
31240,12555,32927,2023-10-11 14:38:56.997,NULL
31241,12558,32928,2023-10-11 14:39:03.720,NULL
31242,12554,32929,2023-10-11 14:39:16.310,NULL
31243,12559,32930,2023-10-11 14:39:24.557,NULL
31244,12555,32931,2023-10-11 14:39:31.440,NULL
31245,12558,32932,2023-10-11 14:39:37.000,NULL
31246,12554,32933,2023-10-11 14:39:46.997,NULL
31247,12559,32934,2023-10-11 14:39:55.333,NULL
31248,12555,32935,2023-10-11 14:40:01.637,NULL
31249,12558,32936,2023-10-11 14:40:07.743,NULL
31250,12554,32937,2023-10-11 14:40:18.857,NULL
31251,12559,32938,2023-10-11 14:40:27.870,NULL
31252,12555,32939,2023-10-11 14:40:34.730,NULL
31253,12558,32940,2023-10-11 14:40:41.187,NULL
31254,12554,32941,2023-10-11 14:40:57.977,NULL
31255,12559,32942,2023-10-11 14:41:05.913,NULL
31256,12555,32943,2023-10-11 14:41:12.630,NULL
31257,12558,32944,2023-10-11 14:41:18.610,NULL
31258,12554,32945,2023-10-11 14:41:30.860,NULL
31259,12559,32946,2023-10-11 14:41:40.250,NULL
31260,12555,32947,2023-10-11 14:41:46.547,NULL
31261,12558,32948,2023-10-11 14:41:52.927,NULL
31262,12554,32949,2023-10-11 14:42:02.920,NULL
31263,12559,32950,2023-10-11 14:42:16.017,NULL
31264,12555,32951,2023-10-11 14:42:23.610,NULL
31265,12558,32952,2023-10-11 14:42:31.937,NULL
31266,12554,32953,2023-10-11 14:42:45.567,NULL
31267,12559,32954,2023-10-11 14:43:08.240,NULL
31268,12555,32955,2023-10-11 14:43:14.470,NULL
31269,12558,32956,2023-10-11 14:43:20.943,NULL
31270,12554,32957,2023-10-11 14:43:31.243,NULL
31271,12559,32958,2023-10-11 14:43:45.230,NULL
31272,12555,32959,2023-10-11 14:43:51.933,NULL
31273,12558,32960,2023-10-11 14:44:01.473,NULL
31274,12554,32961,2023-10-11 14:44:12.210,NULL
31275,12559,32962,2023-10-11 14:44:24.917,NULL
31276,12555,32963,2023-10-11 14:44:32.367,NULL
31277,12558,32964,2023-10-11 14:44:41.553,NULL
31278,12554,32965,2023-10-11 14:44:52.763,NULL
31279,12559,32966,2023-10-11 14:45:00.840,NULL
31280,12555,32967,2023-10-11 14:45:06.867,NULL
31281,12558,32968,2023-10-11 14:45:15.567,NULL
31282,12554,32969,2023-10-11 14:45:28.730,NULL
31283,12559,32970,2023-10-11 14:45:37.427,NULL
31284,12555,32971,2023-10-11 14:45:44.817,NULL
31285,12558,32972,2023-10-11 14:45:51.907,NULL
31286,12554,32973,2023-10-11 14:46:07.403,NULL
31287,12559,32974,2023-10-11 14:46:16.380,NULL
31288,12555,32975,2023-10-11 14:46:24.747,NULL
31289,12558,32976,2023-10-11 14:46:30.623,NULL
31290,12554,32977,2023-10-11 14:46:42.770,NULL
31291,12559,32978,2023-10-11 14:46:51.037,NULL
31292,12555,32979,2023-10-11 14:46:58.233,NULL
31293,12558,32980,2023-10-11 14:47:04.027,NULL
31294,12555,32981,2023-10-11 14:48:24.650,NULL
31295,12554,32982,2023-10-11 14:48:31.473,NULL
31296,12559,32983,2023-10-11 14:48:40.497,NULL
31297,12558,32984,2023-10-11 14:48:47.003,NULL
31298,12554,32985,2023-10-11 14:48:57.790,NULL
31299,12559,32986,2023-10-11 14:49:06.320,NULL
31300,12555,32987,2023-10-11 14:49:12.830,NULL
31301,12558,32988,2023-10-11 14:49:18.490,NULL
31302,12560,32989,2023-10-12 10:42:05.543,NULL
31303,12561,32990,2023-10-12 10:42:17.987,NULL
31304,12564,32991,2023-10-12 10:42:40.353,NULL
31305,12566,32992,2023-10-12 10:42:59.013,NULL
31306,12567,32993,2023-10-12 10:43:18.683,NULL
31307,12568,32994,2023-10-12 10:43:32.573,NULL
31308,12569,32995,2023-10-12 11:27:27.040,NULL
31309,12570,32996,2023-10-12 11:27:48.313,NULL
31310,12571,32997,2023-10-12 11:28:10.097,NULL
31311,12573,32998,2023-10-12 11:45:07.990,2025-03-17 14:14:54.680
31312,12574,32999,2023-10-12 12:22:09.747,2023-10-12 12:25:12.583
31313,12575,33000,2023-10-12 13:45:30.727,NULL
31314,12576,33001,2023-10-12 14:09:08.100,NULL
31315,12577,33002,2023-10-13 10:08:18.537,NULL
31316,12578,33003,2023-10-13 12:01:27.197,NULL
31317,12579,33004,2023-10-13 14:55:06.853,NULL
31318,12580,33005,2023-10-13 15:10:18.417,NULL
31319,12581,33006,2023-10-16 10:06:04.047,NULL
31320,12582,33007,2023-10-16 14:16:44.517,NULL
31321,12583,33008,2023-10-17 09:47:20.203,NULL
31322,12584,33009,2023-10-17 10:27:32.260,NULL
31323,12337,33010,2023-10-17 10:27:46.970,2025-06-12 09:23:18.190
31324,2636,33011,2023-10-17 10:28:04.900,2025-06-12 09:23:38.953
31325,12338,33012,2023-10-17 10:28:16.650,2025-06-12 09:23:46.343
31326,12588,33013,2023-10-17 10:28:27.193,NULL
31327,12589,33014,2023-10-17 10:28:39.387,NULL
31328,12584,33015,2023-10-17 10:29:01.230,NULL
31329,12588,33016,2023-10-17 10:29:09.467,NULL
31330,12589,33017,2023-10-17 10:29:19.897,NULL
31331,12337,33018,2023-10-17 10:29:30.317,2025-06-12 09:25:39.727
31332,12338,33019,2023-10-17 10:29:38.793,2025-06-12 09:25:50.167
31334,12584,33021,2023-10-17 10:30:07.797,2025-06-12 09:49:59.317
31335,12588,33022,2023-10-17 10:30:31.683,2025-06-12 09:50:13.710
31336,12589,33023,2023-10-17 10:31:25.267,2025-06-12 09:50:20.750
31337,12337,33024,2023-10-17 10:31:35.947,2025-06-12 09:50:28.430
31338,2636,33025,2023-10-17 10:31:46.817,2025-06-12 09:50:33.910
31339,12338,33026,2023-10-17 10:32:02.767,2025-06-12 09:50:40.223
31340,12584,33027,2023-10-17 10:32:20.940,2025-06-12 09:51:23.177
31341,12588,33028,2023-10-17 10:32:33.027,2025-06-12 09:51:30.780
31342,12589,33029,2023-10-17 10:32:43.360,2025-06-12 09:51:37.183
31343,12337,33030,2023-10-17 10:32:52.933,2025-06-12 09:51:45.600
31344,2636,33031,2023-10-17 10:33:04.147,2025-06-12 09:51:52.207
31345,12338,33032,2023-10-17 10:33:13.767,2025-06-12 09:51:59.210
31346,12584,33033,2023-10-17 10:34:44.003,2025-06-12 09:52:38.897
31347,12588,33034,2023-10-17 10:34:57.120,2025-06-12 09:52:46.283
31348,12589,33035,2023-10-17 10:35:06.763,2025-06-12 09:52:52.883
31349,12337,33036,2023-10-17 10:35:15.117,2025-06-12 09:52:58.857
31350,2636,33037,2023-10-17 10:35:23.973,2025-06-12 09:53:05.310
31351,12338,33038,2023-10-17 10:35:35.463,2025-06-12 09:53:12.017
31352,12584,33039,2023-10-17 10:36:21.573,2025-06-12 09:53:35.317
31353,12588,33040,2023-10-17 10:36:31.390,2025-06-12 09:53:41.587
31354,12589,33041,2023-10-17 10:36:41.327,2025-06-12 09:53:47.443
31355,12337,33042,2023-10-17 10:36:51.170,2025-06-12 09:53:54.593
31356,2636,33043,2023-10-17 10:37:00.807,2025-06-12 09:54:02.687
31357,12338,33044,2023-10-17 10:37:09.887,2025-06-12 09:54:08.710
31358,12594,33045,2023-10-17 12:00:40.093,NULL
31359,12595,33046,2023-10-17 12:00:48.653,NULL
31360,12596,33047,2023-10-17 12:00:55.850,NULL
31361,12597,33048,2023-10-17 12:01:04.053,NULL
31362,12594,33049,2023-10-17 12:01:21.613,NULL
31363,12595,33050,2023-10-17 12:01:29.850,NULL
31364,12596,33051,2023-10-17 12:01:36.803,NULL
31365,12597,33052,2023-10-17 12:01:48.743,NULL
31366,12594,33053,2023-10-17 12:02:09.400,NULL
31367,12595,33054,2023-10-17 12:02:17.113,NULL
31368,12596,33055,2023-10-17 12:02:23.780,NULL
31369,12597,33056,2023-10-17 12:02:31.513,NULL
31370,12594,33057,2023-10-17 12:02:46.620,NULL
31371,12595,33058,2023-10-17 12:02:54.063,NULL
31372,12596,33059,2023-10-17 12:03:01.133,NULL
31373,12597,33060,2023-10-17 12:03:08.220,NULL
31374,12594,33061,2023-10-17 12:03:22.953,NULL
31375,12595,33062,2023-10-17 12:03:32.090,NULL
31376,12596,33063,2023-10-17 12:03:38.437,NULL
31377,12597,33064,2023-10-17 12:03:44.620,NULL
31378,12594,33065,2023-10-17 12:04:01.280,NULL
31379,12595,33066,2023-10-17 12:04:08.937,NULL
31380,12596,33067,2023-10-17 12:04:23.893,NULL
31381,12597,33068,2023-10-17 12:04:30.513,NULL
31382,12594,33069,2023-10-17 12:04:43.363,NULL
31383,12595,33070,2023-10-17 12:04:54.963,NULL
31384,12596,33071,2023-10-17 12:05:02.420,NULL
31385,12597,33072,2023-10-17 12:05:09.877,NULL
31386,12594,33073,2023-10-17 12:05:26.607,NULL
31387,12595,33074,2023-10-17 12:05:33.970,NULL
31388,12596,33075,2023-10-17 12:05:41.773,NULL
31389,12597,33076,2023-10-17 12:05:49.080,NULL
31390,12594,33077,2023-10-17 12:06:03.633,NULL
31391,12595,33078,2023-10-17 12:06:11.563,NULL
31392,12596,33079,2023-10-17 12:06:19.337,NULL
31393,12597,33080,2023-10-17 12:06:25.533,NULL
31394,12594,33081,2023-10-17 12:06:40.107,NULL
31395,12595,33082,2023-10-17 12:06:46.560,NULL
31396,12596,33083,2023-10-17 12:06:53.133,NULL
31397,12597,33084,2023-10-17 12:06:59.700,NULL
31398,12598,33085,2023-10-17 15:38:28.797,NULL
31399,12599,33086,2023-10-18 10:13:30.923,NULL
31400,12599,33087,2023-10-18 10:13:39.373,NULL
31401,12599,33088,2023-10-18 10:13:49.887,NULL
31402,12599,33089,2023-10-18 10:14:55.450,NULL
31403,12599,33090,2023-10-18 10:15:04.340,NULL
31404,12599,33091,2023-10-18 10:15:13.477,NULL
31405,12599,33092,2023-10-18 10:15:23.047,NULL
31406,12599,33093,2023-10-18 10:15:32.310,NULL
31407,12599,33094,2023-10-18 10:15:40.393,NULL
31408,12599,33095,2023-10-18 10:15:47.910,NULL
31409,12600,33096,2023-10-18 11:35:07.587,NULL
31410,12601,33097,2023-10-18 15:07:46.373,NULL
31411,12602,33098,2023-10-19 12:47:20.290,NULL
31412,449,33099,2023-10-19 13:52:10.157,NULL
31413,450,33100,2023-10-19 13:52:21.450,NULL
31414,12310,33101,2023-10-20 09:16:20.533,NULL
31415,12603,33102,2023-10-20 10:46:13.447,NULL
31416,12604,33103,2023-10-20 11:34:14.200,NULL
31417,12605,33104,2023-10-20 12:49:11.070,NULL
31418,12572,33105,2023-10-20 13:52:05.690,NULL
31419,12572,33106,2023-10-20 13:52:28.980,NULL
31420,12572,33107,2023-10-20 13:52:44.400,NULL
31421,12572,33108,2023-10-20 13:52:56.900,NULL
31422,12572,33109,2023-10-20 13:53:09.133,NULL
31423,12572,33110,2023-10-20 13:53:24.383,NULL
31424,12572,33111,2023-10-20 13:53:35.280,NULL
31425,12572,33112,2023-10-20 13:53:56.337,NULL
31426,12606,33113,2023-10-20 14:29:47.437,NULL
31427,12607,33114,2023-10-20 14:53:31.153,NULL
31428,12608,33115,2023-10-23 11:12:48.320,NULL
31429,12609,33116,2023-10-23 11:49:48.473,NULL
31430,12610,33117,2023-10-23 11:50:00.263,NULL
31431,12611,33118,2023-10-23 11:50:09.983,NULL
31432,12612,33119,2023-10-23 12:50:54.460,NULL
31433,12613,33120,2023-10-23 12:51:15.530,NULL
31434,12615,33121,2023-10-23 15:43:25.317,NULL
31435,12616,33122,2023-10-24 12:49:50.900,NULL
31436,12399,33123,2023-10-24 13:33:58.580,NULL
31437,12399,33124,2023-10-24 13:34:10.130,2023-10-24 13:41:20.867
31438,11873,33125,2023-10-24 14:13:41.940,NULL
31439,12619,33126,2023-10-24 14:35:27.743,NULL
31440,12623,33127,2023-10-24 14:35:39.640,NULL
31441,12621,33128,2023-10-24 14:35:53.613,NULL
31442,12624,33129,2023-10-25 08:38:16.163,NULL
31443,12625,33130,2023-10-25 09:23:28.873,NULL
31444,1991,33131,2023-10-25 09:59:51.427,NULL
31445,1991,33132,2023-10-25 10:00:03.517,NULL
31446,1991,33133,2023-10-25 10:00:16.193,NULL
31447,12626,33134,2023-10-25 13:00:00.190,NULL
31448,441,33135,2023-10-26 09:00:15.473,NULL
31450,12628,33137,2023-10-26 10:12:17.240,NULL
31451,12629,33138,2023-10-26 10:12:29.050,NULL
31452,12628,33139,2023-10-26 10:13:31.770,NULL
31453,12629,33140,2023-10-26 10:13:47.903,NULL
31454,12630,33141,2023-10-26 11:05:46.607,2025-10-28 13:16:28.693
31455,12211,33142,2023-10-27 08:40:26.093,2024-12-18 10:16:11.420
31456,12627,33143,2023-10-27 09:15:53.793,NULL
31457,12632,33144,2023-10-27 09:19:18.413,NULL
31458,12633,33145,2023-10-27 09:19:27.593,NULL
31459,12634,33146,2023-10-27 09:19:37.157,NULL
31460,12635,33147,2023-10-27 09:19:56.507,NULL
31461,12632,33148,2023-10-27 09:20:14.637,NULL
31462,12633,33149,2023-10-27 09:20:49.813,NULL
31463,12634,33150,2023-10-27 09:20:57.743,NULL
31464,12635,33151,2023-10-27 09:21:07.400,NULL
31465,12632,33152,2023-10-27 09:21:33.600,NULL
31466,12634,33153,2023-10-27 09:21:40.607,NULL
31467,12633,33154,2023-10-27 09:21:53.123,NULL
31468,12635,33155,2023-10-27 09:22:00.960,NULL
31469,12636,33156,2023-10-27 09:45:37.993,NULL
31470,12636,33157,2023-10-27 09:46:38.283,NULL
31471,531,33158,2023-10-30 08:42:07.723,NULL
31472,12637,33159,2023-10-30 09:08:46.683,NULL
31473,12637,33160,2023-10-30 09:08:56.850,NULL
31474,12637,33161,2023-10-30 09:09:06.267,NULL
31475,12638,33162,2023-10-30 09:44:42.577,NULL
31476,12639,33163,2023-10-30 10:09:30.640,NULL
31477,12640,33164,2023-10-31 08:54:22.830,NULL
31478,12641,33165,2023-10-31 09:34:04.453,NULL
31479,12642,33166,2023-10-31 11:44:12.833,NULL
31480,12642,33167,2023-10-31 11:44:31.480,NULL
31481,12642,33168,2023-10-31 11:44:43.040,NULL
31482,12642,33169,2023-10-31 11:44:57.917,NULL
31483,12643,33170,2023-11-01 08:38:45.793,NULL
31484,509,33171,2023-11-01 09:03:10.440,NULL
31485,3382,33172,2023-11-02 09:09:30.497,NULL
31486,12644,33173,2023-11-02 14:48:41.923,NULL
31487,474,33174,2023-11-03 08:54:13.850,NULL
31488,12645,33175,2023-11-03 14:16:32.890,NULL
31489,12646,33176,2023-11-06 09:17:36.067,NULL
31491,3888,33178,2023-11-06 13:13:49.010,2025-04-17 15:31:07.080
31493,6480,33180,2023-11-06 14:08:43.873,NULL
31494,10975,33181,2023-11-06 14:08:52.773,NULL
31495,12647,33182,2023-11-06 14:17:07.697,NULL
31497,531,33184,2023-11-07 16:31:42.387,NULL
31498,12649,33185,2023-11-08 08:42:39.230,NULL
31499,12649,33186,2023-11-08 08:42:52.487,NULL
31500,12651,33187,2023-11-08 09:29:45.190,NULL
31502,12652,33189,2023-11-09 08:36:28.710,NULL
31503,12653,33190,2023-11-09 08:36:43.123,NULL
31504,12654,33191,2023-11-09 08:36:59.550,NULL
31505,3612,33192,2023-11-09 09:59:36.000,NULL
31506,474,33193,2023-11-09 11:08:45.117,NULL
31507,6218,33194,2023-11-09 12:29:06.147,NULL
31508,6218,33195,2023-11-09 12:36:27.263,NULL
31509,6218,33196,2023-11-09 12:37:18.870,NULL
31510,12655,33197,2023-11-09 13:27:35.300,NULL
31511,6218,33198,2023-11-09 13:42:00.787,NULL
31512,6218,33199,2023-11-09 13:43:58.107,NULL
31513,6218,33200,2023-11-09 13:50:53.750,NULL
31514,6218,33201,2023-11-09 13:52:18.393,NULL
31515,6218,33202,2023-11-09 13:53:02.843,NULL
31516,12656,33203,2023-11-09 14:13:35.730,NULL
31517,12658,33204,2023-11-09 16:24:38.147,NULL
31518,12659,33205,2023-11-13 11:47:06.400,NULL
31519,12660,33206,2023-11-13 14:04:07.767,NULL
31520,12661,33207,2023-11-13 15:13:09.500,NULL
31521,12663,33208,2023-11-13 15:30:50.700,NULL
31522,12664,33209,2023-11-14 09:09:03.763,NULL
31523,12665,33210,2023-11-14 13:56:36.387,NULL
31524,12144,33211,2023-11-14 14:25:26.820,NULL
31525,12144,33212,2023-11-14 14:25:42.600,NULL
31526,12666,33213,2023-11-14 15:47:22.523,NULL
31527,12668,33214,2023-11-15 09:47:03.283,NULL
31528,12669,33215,2023-11-15 15:43:15.803,NULL
31529,12670,33216,2023-11-16 12:54:54.230,NULL
31530,12144,33217,2023-11-16 13:10:22.710,NULL
31531,12144,33218,2023-11-16 13:10:34.713,NULL
31532,12671,33219,2023-11-16 15:26:25.980,NULL
31533,12672,33220,2023-11-17 12:15:18.773,NULL
31534,12673,33221,2023-11-20 08:57:24.363,NULL
31535,12674,33222,2023-11-20 10:09:38.113,NULL
31536,12675,33223,2023-11-20 15:00:58.613,NULL
31537,12677,33224,2023-11-20 15:25:12.750,NULL
31538,2536,33225,2023-11-21 08:36:06.330,2025-03-20 11:07:30.250
31539,2536,33226,2023-11-21 08:39:51.927,2025-03-20 10:54:07.350
31540,12679,33227,2023-11-22 09:10:54.547,NULL
31541,12679,33228,2023-11-22 09:11:35.600,NULL
31542,12679,33229,2023-11-22 09:11:49.637,NULL
31543,509,33230,2023-11-22 13:11:01.870,NULL
31544,11787,33231,2023-11-27 10:12:42.743,NULL
31545,11787,33232,2023-11-27 10:12:54.370,NULL
31546,11787,33233,2023-11-27 10:13:12.333,NULL
31547,11787,33234,2023-11-27 10:13:32.597,NULL
31548,11787,33235,2023-11-27 10:13:42.890,NULL
31549,11787,33236,2023-11-27 10:13:51.223,NULL
31550,11787,33237,2023-11-27 10:14:07.970,NULL
31551,12680,33238,2023-11-27 13:49:21.553,NULL
31552,564,33239,2023-11-27 16:31:16.460,NULL
31553,564,33240,2023-11-27 17:15:45.933,NULL
31554,564,33241,2023-11-27 17:24:38.110,NULL
31555,564,33242,2023-11-27 17:32:21.953,NULL
31556,564,33243,2023-11-27 17:33:10.170,NULL
31557,564,33244,2023-11-27 17:33:36.953,NULL
31558,12683,33245,2023-11-28 14:50:48.707,NULL
31559,12683,33246,2023-11-28 14:51:12.720,NULL
31560,12684,33247,2023-11-28 16:01:01.830,NULL
31561,12685,33248,2023-11-29 09:09:09.363,NULL
31562,574,33249,2023-11-29 09:59:47.487,NULL
31563,574,33250,2023-11-29 10:45:51.080,NULL
31564,12686,33251,2023-11-29 13:42:33.353,NULL
31565,12687,33252,2023-11-29 15:37:04.820,NULL
31566,12687,33253,2023-11-29 15:37:15.843,NULL
31567,12687,33254,2023-11-29 15:39:25.423,NULL
31568,12688,33255,2023-11-30 08:39:14.237,NULL
31569,12689,33256,2023-11-30 09:04:24.660,NULL
31570,474,33257,2023-11-30 12:48:46.520,NULL
31571,474,33258,2023-11-30 14:10:09.550,NULL
31572,474,33259,2023-11-30 14:11:38.553,NULL
31573,12667,33260,2023-12-01 08:33:46.560,NULL
31574,12690,33261,2023-12-01 09:56:28.543,NULL
31575,12691,33262,2023-12-01 10:10:46.287,NULL
31576,12692,33263,2023-12-01 10:26:08.283,NULL
31577,440,33264,2023-12-01 11:11:03.720,2024-10-28 13:34:41.433
31578,12694,33265,2023-12-01 12:44:56.620,NULL
31579,12695,33266,2023-12-01 13:21:37.360,NULL
31580,12696,33267,2023-12-01 13:22:10.070,NULL
31581,12697,33268,2023-12-01 13:22:36.587,NULL
31582,12698,33269,2023-12-01 13:47:36.070,NULL
31583,12699,33270,2023-12-04 09:12:15.450,NULL
31584,466,33271,2023-12-04 11:33:59.983,NULL
31585,12700,33272,2023-12-04 11:54:12.740,NULL
31586,12701,33273,2023-12-05 10:47:05.130,NULL
31587,12702,33274,2023-12-05 11:22:00.757,NULL
31588,12703,33275,2023-12-05 11:22:31.967,NULL
31589,10823,33276,2023-12-05 13:04:44.777,NULL
31590,10823,33277,2023-12-05 13:04:57.687,NULL
31591,12704,33278,2023-12-05 14:16:04.407,2024-07-05 11:13:11.230
31592,474,33279,2023-12-05 15:08:24.143,NULL
31593,474,33280,2023-12-05 15:10:02.737,NULL
31594,474,33281,2023-12-05 15:11:31.177,NULL
31595,474,33282,2023-12-05 15:12:37.890,NULL
31597,474,33284,2023-12-05 15:14:23.423,NULL
31598,474,33285,2023-12-05 15:16:32.023,NULL
31599,474,33286,2023-12-05 15:17:09.233,NULL
31600,474,33287,2023-12-05 15:17:51.507,NULL
31601,474,33288,2023-12-05 15:19:23.910,NULL
31602,474,33289,2023-12-05 15:20:09.097,NULL
31603,474,33290,2023-12-05 15:23:51.110,NULL
31604,474,33291,2023-12-05 15:24:26.297,NULL
31605,474,33292,2023-12-05 15:44:41.100,NULL
31606,474,33293,2023-12-05 15:49:38.127,NULL
31607,474,33294,2023-12-05 15:55:36.890,NULL
31608,509,33295,2023-12-06 09:25:09.740,NULL
31609,474,33296,2023-12-07 08:57:47.807,NULL
31610,474,33297,2023-12-07 10:31:13.680,NULL
31611,474,33298,2023-12-07 10:34:00.233,NULL
31612,474,33299,2023-12-07 10:45:27.997,NULL
31613,474,33300,2023-12-07 10:45:37.820,NULL
31614,474,33301,2023-12-07 15:30:23.913,NULL
31615,474,33302,2023-12-07 15:31:20.977,NULL
31616,474,33303,2023-12-07 15:38:22.660,NULL
31617,474,33304,2023-12-07 15:43:16.030,NULL
31618,12705,33305,2023-12-07 16:06:58.820,NULL
31619,474,33306,2023-12-08 09:39:02.250,NULL
31620,474,33307,2023-12-08 09:39:58.757,NULL
31621,474,33308,2023-12-08 09:41:13.790,NULL
31622,474,33309,2023-12-08 09:43:08.483,NULL
31623,474,33310,2023-12-08 09:53:51.183,NULL
31624,474,33311,2023-12-08 09:59:53.957,NULL
31625,474,33312,2023-12-08 10:01:00.723,NULL
31626,474,33313,2023-12-08 10:02:36.220,NULL
31627,474,33314,2023-12-08 10:03:32.693,NULL
31628,474,33315,2023-12-08 10:05:04.790,NULL
31629,474,33316,2023-12-08 10:06:04.157,NULL
31630,474,33317,2023-12-08 10:25:35.260,NULL
31631,474,33318,2023-12-08 10:26:41.650,NULL
31632,474,33319,2023-12-08 11:34:55.513,NULL
31633,474,33320,2023-12-08 11:50:04.383,NULL
31634,474,33321,2023-12-08 11:50:20.173,NULL
31635,474,33322,2023-12-08 11:50:35.533,NULL
31636,474,33323,2023-12-08 11:50:49.777,NULL
31637,474,33324,2023-12-08 12:52:24.297,NULL
31638,474,33325,2023-12-08 12:53:26.387,NULL
31639,12706,33326,2023-12-08 14:21:34.700,NULL
31640,12707,33327,2023-12-11 09:19:25.003,NULL
31641,12708,33328,2023-12-11 09:19:37.493,NULL
31642,12709,33329,2023-12-11 10:16:04.957,NULL
31643,12710,33330,2023-12-11 10:37:06.593,NULL
31644,12711,33331,2023-12-11 12:51:44.567,NULL
31645,10805,33332,2023-12-11 14:16:19.163,NULL
31646,12712,33333,2023-12-12 09:50:17.643,NULL
31647,12712,33334,2023-12-12 09:50:28.170,NULL
31648,12712,33335,2023-12-12 09:50:53.530,NULL
31649,12712,33336,2023-12-12 09:51:04.453,NULL
31650,12712,33337,2023-12-12 09:51:27.103,NULL
31651,12712,33338,2023-12-12 09:51:38.593,NULL
31652,12712,33339,2023-12-12 09:51:50.747,NULL
31653,12712,33340,2023-12-12 09:52:06.010,NULL
31654,12713,33341,2023-12-12 10:35:41.240,NULL
31655,12714,33342,2023-12-12 10:35:48.783,NULL
31656,12715,33343,2023-12-12 10:35:56.540,NULL
31657,12716,33344,2023-12-12 10:36:07.720,NULL
31658,12713,33345,2023-12-12 10:36:27.143,NULL
31659,12714,33346,2023-12-12 10:36:44.457,NULL
31660,12715,33347,2023-12-12 10:36:52.570,NULL
31661,12716,33348,2023-12-12 10:37:00.690,NULL
31662,12713,33349,2023-12-12 10:37:18.407,NULL
31663,12714,33350,2023-12-12 10:37:36.783,NULL
31664,12715,33351,2023-12-12 10:37:44.443,NULL
31665,12716,33352,2023-12-12 10:37:52.637,NULL
31666,12713,33353,2023-12-12 10:38:07.540,NULL
31667,12714,33354,2023-12-12 10:38:17.870,NULL
31668,12715,33355,2023-12-12 10:38:25.477,NULL
31669,12716,33356,2023-12-12 10:38:37.230,NULL
31670,12713,33357,2023-12-12 10:38:50.340,NULL
31671,12714,33358,2023-12-12 10:38:58.067,NULL
31672,12715,33359,2023-12-12 10:39:11.020,NULL
31673,12716,33360,2023-12-12 10:39:19.387,NULL
31674,12713,33361,2023-12-12 10:39:32.397,NULL
31675,12714,33362,2023-12-12 10:39:40.577,NULL
31676,12715,33363,2023-12-12 10:39:48.937,NULL
31677,12716,33364,2023-12-12 10:39:55.983,NULL
31678,12713,33365,2023-12-12 10:40:07.957,NULL
31679,12714,33366,2023-12-12 10:40:16.713,NULL
31680,12715,33367,2023-12-12 10:40:24.797,NULL
31681,12716,33368,2023-12-12 10:40:31.930,NULL
31682,12713,33369,2023-12-12 10:40:47.370,NULL
31683,12714,33370,2023-12-12 10:41:03.710,NULL
31684,12715,33371,2023-12-12 10:41:14.673,NULL
31685,12716,33372,2023-12-12 10:41:21.777,NULL
31686,12713,33373,2023-12-12 10:41:40.080,NULL
31687,12714,33374,2023-12-12 10:41:48.817,NULL
31688,12715,33375,2023-12-12 10:41:57.990,NULL
31689,12716,33376,2023-12-12 10:42:13.280,NULL
31690,12713,33377,2023-12-12 10:42:48.010,NULL
31691,12714,33378,2023-12-12 10:42:56.373,NULL
31692,12715,33379,2023-12-12 10:43:05.183,NULL
31693,12716,33380,2023-12-12 10:43:13.037,NULL
31694,12713,33381,2023-12-12 10:43:32.187,NULL
31695,12714,33382,2023-12-12 10:43:40.930,NULL
31696,12715,33383,2023-12-12 10:43:48.257,NULL
31697,12716,33384,2023-12-12 10:44:02.360,NULL
31698,12713,33385,2023-12-12 10:44:20.027,NULL
31699,12714,33386,2023-12-12 10:44:28.373,NULL
31700,12715,33387,2023-12-12 10:44:36.830,NULL
31701,12716,33388,2023-12-12 10:44:48.757,NULL
31702,12713,33389,2023-12-12 10:45:08.470,NULL
31703,12714,33390,2023-12-12 10:45:16.553,NULL
31704,12715,33391,2023-12-12 10:45:23.910,NULL
31705,12716,33392,2023-12-12 10:45:31.947,NULL
31706,12713,33393,2023-12-12 10:45:50.387,NULL
31707,12714,33394,2023-12-12 10:46:05.520,NULL
31708,12715,33395,2023-12-12 10:46:18.140,NULL
31709,12716,33396,2023-12-12 10:46:38.457,NULL
31710,12713,33397,2023-12-12 10:47:02.677,NULL
31711,12714,33398,2023-12-12 10:47:15.070,NULL
31712,12715,33399,2023-12-12 10:47:22.767,NULL
31713,12716,33400,2023-12-12 10:47:30.630,NULL
31714,12713,33401,2023-12-12 10:49:41.280,NULL
31715,12714,33402,2023-12-12 10:51:55.077,NULL
31716,12715,33403,2023-12-12 10:52:13.510,NULL
31717,12716,33404,2023-12-12 10:52:28.143,NULL
31718,12713,33405,2023-12-12 10:53:11.190,NULL
31719,12714,33406,2023-12-12 10:53:25.903,NULL
31720,12715,33407,2023-12-12 10:53:35.833,NULL
31721,12716,33408,2023-12-12 10:53:44.247,NULL
31722,12713,33409,2023-12-12 10:54:07.850,NULL
31723,12714,33410,2023-12-12 10:54:16.300,NULL
31724,12715,33411,2023-12-12 10:54:34.013,NULL
31725,12716,33412,2023-12-12 10:54:48.927,NULL
31726,12713,33413,2023-12-12 10:55:12.410,NULL
31727,12714,33414,2023-12-12 10:55:21.670,NULL
31728,12715,33415,2023-12-12 10:55:30.433,NULL
31729,12716,33416,2023-12-12 10:55:38.210,NULL
31730,12713,33417,2023-12-12 10:55:57.850,NULL
31731,12714,33418,2023-12-12 10:56:11.340,NULL
31732,12715,33419,2023-12-12 10:56:30.517,NULL
31733,12716,33420,2023-12-12 10:56:40.353,NULL
31734,12713,33421,2023-12-12 10:57:01.093,2023-12-12 12:46:10.140
31735,12714,33422,2023-12-12 10:57:08.803,NULL
31736,12715,33423,2023-12-12 10:57:16.650,NULL
31737,12716,33424,2023-12-12 10:57:24.877,NULL
31738,12713,33425,2023-12-12 10:57:43.343,NULL
31739,12714,33426,2023-12-12 10:57:51.460,NULL
31740,12715,33427,2023-12-12 10:57:59.990,NULL
31741,12716,33428,2023-12-12 10:58:08.430,NULL
31742,12713,33429,2023-12-12 10:58:20.690,NULL
31743,12714,33430,2023-12-12 10:58:29.110,NULL
31744,12715,33431,2023-12-12 10:58:37.450,NULL
31745,12716,33432,2023-12-12 10:58:45.670,NULL
31746,12713,33433,2023-12-12 10:59:03.143,NULL
31747,12714,33434,2023-12-12 10:59:11.873,NULL
31748,12715,33435,2023-12-12 10:59:19.610,NULL
31749,12716,33436,2023-12-12 10:59:27.817,NULL
31750,12713,33437,2023-12-12 10:59:51.400,NULL
31751,12714,33438,2023-12-12 10:59:59.167,NULL
31752,12715,33439,2023-12-12 11:00:06.967,NULL
31753,12716,33440,2023-12-12 11:00:15.273,NULL
31754,12713,33441,2023-12-12 11:00:29.560,NULL
31755,12714,33442,2023-12-12 11:00:37.127,NULL
31756,12715,33443,2023-12-12 11:00:44.607,NULL
31757,12716,33444,2023-12-12 11:00:53.337,NULL
31758,12713,33445,2023-12-12 11:01:10.170,NULL
31759,12714,33446,2023-12-12 11:01:18.120,NULL
31760,12715,33447,2023-12-12 11:01:25.767,NULL
31761,12716,33448,2023-12-12 11:01:33.127,NULL
31762,12713,33449,2023-12-12 11:01:47.790,NULL
31763,12714,33450,2023-12-12 11:01:55.577,NULL
31764,12715,33451,2023-12-12 11:02:03.257,NULL
31765,12716,33452,2023-12-12 11:02:10.940,NULL
31766,12713,33453,2023-12-12 11:02:24.010,NULL
31767,12714,33454,2023-12-12 11:02:32.077,NULL
31768,12715,33455,2023-12-12 11:02:39.557,NULL
31769,12716,33456,2023-12-12 11:02:46.863,NULL
31770,12713,33457,2023-12-12 11:02:58.197,NULL
31771,12714,33458,2023-12-12 11:03:05.773,NULL
31772,12715,33459,2023-12-12 11:03:15.210,NULL
31773,12716,33460,2023-12-12 11:03:23.003,NULL
31774,12713,33461,2023-12-12 11:03:35.197,NULL
31775,12714,33462,2023-12-12 11:03:43.543,NULL
31776,12715,33463,2023-12-12 11:03:50.867,NULL
31777,12716,33464,2023-12-12 11:03:58.483,NULL
31778,12713,33465,2023-12-12 11:04:11.153,NULL
31779,12714,33466,2023-12-12 11:04:19.883,NULL
31780,12715,33467,2023-12-12 11:04:27.550,NULL
31781,12716,33468,2023-12-12 11:04:34.777,NULL
31782,12717,33469,2023-12-12 12:54:32.393,NULL
31783,12718,33470,2023-12-12 13:25:31.400,NULL
31784,9898,33471,2023-12-13 14:44:41.007,NULL
31785,4892,33472,2023-12-13 15:56:14.310,2023-12-13 15:57:59.080
31786,2080,33473,2023-12-13 15:59:58.023,NULL
31787,2080,33474,2023-12-13 16:00:44.507,NULL
31788,2080,33475,2023-12-13 16:01:11.587,NULL
31789,2080,33476,2023-12-13 16:01:52.243,NULL
31790,12720,33477,2023-12-13 16:02:47.430,2023-12-13 16:13:29.677
31791,2080,33478,2023-12-13 16:03:48.600,NULL
31792,12721,33479,2023-12-13 16:04:33.373,2023-12-13 16:13:47.290
31793,2080,33480,2023-12-13 16:05:24.763,NULL
31794,2080,33481,2023-12-13 16:06:05.417,NULL
31795,2080,33482,2023-12-13 16:06:44.220,NULL
31796,2080,33483,2023-12-13 16:07:12.033,NULL
31797,2080,33484,2023-12-13 16:07:40.710,NULL
31798,2080,33485,2023-12-13 16:08:08.957,NULL
31799,2080,33486,2023-12-13 16:08:45.590,NULL
31800,2080,33487,2023-12-13 16:09:09.330,NULL
31801,2080,33488,2023-12-13 16:10:01.350,NULL
31802,2080,33489,2023-12-13 16:10:27.247,NULL
31803,2080,33490,2023-12-13 16:10:57.623,NULL
31804,2080,33491,2023-12-13 16:11:22.070,NULL
31805,12805,33492,2023-12-14 10:33:13.877,2024-02-06 11:49:02.713
31806,12722,33493,2023-12-14 15:05:48.597,2023-12-15 08:25:47.200
31807,12723,33494,2023-12-14 16:00:39.720,NULL
31808,12724,33495,2023-12-14 16:23:30.940,NULL
31809,12725,33496,2023-12-15 08:29:27.967,NULL
31810,12726,33497,2023-12-15 09:13:41.617,NULL
31811,12727,33498,2023-12-15 09:32:25.433,NULL
31812,474,33499,2023-12-15 11:17:34.723,NULL
31815,474,33502,2023-12-15 13:27:13.677,NULL
31816,474,33503,2023-12-15 13:33:36.360,NULL
31817,474,33504,2023-12-15 13:52:52.160,NULL
31818,474,33505,2023-12-15 13:56:47.650,NULL
31819,474,33506,2023-12-15 13:58:14.063,NULL
31820,474,33507,2023-12-15 14:01:40.860,NULL
31821,474,33508,2023-12-15 14:03:38.290,NULL
31822,474,33509,2023-12-15 14:06:58.433,NULL
31823,474,33510,2023-12-15 14:07:48.033,NULL
31824,474,33511,2023-12-15 14:11:17.487,NULL
31825,474,33512,2023-12-15 14:12:29.013,NULL
31826,12728,33513,2023-12-15 14:13:39.713,NULL
31827,12729,33514,2023-12-15 14:37:06.100,NULL
31828,474,33515,2023-12-15 16:35:33.313,NULL
31829,474,33516,2023-12-15 16:38:51.830,NULL
31830,474,33517,2023-12-15 16:44:32.933,NULL
31831,474,33518,2023-12-15 16:45:58.440,NULL
31832,474,33519,2023-12-15 16:48:01.737,NULL
31833,474,33520,2023-12-15 16:50:06.600,NULL
31834,474,33521,2023-12-15 16:51:28.417,NULL
31835,474,33522,2023-12-15 16:56:08.310,NULL
31836,474,33523,2023-12-18 10:09:42.703,NULL
31837,474,33524,2023-12-18 16:33:43.910,NULL
31838,474,33525,2023-12-18 16:35:09.903,NULL
31839,474,33526,2023-12-18 16:39:35.960,NULL
31840,474,33527,2023-12-18 16:40:51.617,NULL
31841,12730,33528,2023-12-19 08:56:57.680,NULL
31842,12731,33529,2023-12-19 09:20:48.117,NULL
31843,12732,33530,2023-12-19 09:48:34.100,NULL
31844,12733,33531,2023-12-19 10:25:08.943,NULL
31845,474,33532,2023-12-19 13:05:07.280,NULL
31847,474,33534,2023-12-19 13:12:24.587,NULL
31848,474,33535,2023-12-19 13:13:25.203,NULL
31849,474,33536,2023-12-19 13:34:50.517,NULL
31850,474,33537,2023-12-19 13:37:59.443,NULL
31851,12734,33538,2023-12-19 13:56:02.033,NULL
31852,3888,33539,2023-12-20 11:58:12.237,NULL
31853,12735,33540,2023-12-20 15:14:51.077,NULL
31854,12736,33541,2023-12-21 12:29:14.373,NULL
31855,12572,33542,2023-12-27 12:51:32.050,NULL
31856,12737,33543,2024-01-02 10:10:18.840,NULL
31857,12738,33544,2024-01-02 11:28:55.573,NULL
31858,12739,33545,2024-01-02 12:08:04.823,NULL
31859,12739,33546,2024-01-02 12:08:13.163,NULL
31860,12740,33547,2024-01-02 13:04:37.593,NULL
31861,12741,33548,2024-01-03 09:14:59.103,NULL
31862,12742,33549,2024-01-04 09:18:59.863,NULL
31863,12742,33550,2024-01-04 09:19:10.930,NULL
31864,12742,33551,2024-01-04 09:19:20.940,NULL
31865,12742,33552,2024-01-04 09:19:32.010,NULL
31868,12744,33555,2024-01-04 11:24:30.053,NULL
31869,12745,33556,2024-01-04 13:14:58.110,NULL
31870,12746,33557,2024-01-04 14:26:38.947,NULL
31871,12747,33558,2024-01-04 14:50:26.077,NULL
31872,3888,33559,2024-01-04 15:56:02.910,NULL
31873,11832,33560,2024-01-04 17:46:09.680,NULL
31874,12748,33561,2024-01-05 13:11:58.157,NULL
31875,12749,33562,2024-01-05 13:35:43.953,NULL
31876,12750,33563,2024-01-05 13:56:09.273,NULL
31877,452,33564,2024-01-05 16:50:57.730,NULL
31878,452,33565,2024-01-08 08:51:32.490,2024-01-08 08:53:30.207
31879,452,33566,2024-01-08 08:53:15.333,NULL
31880,452,33567,2024-01-08 08:55:08.390,NULL
31881,452,33568,2024-01-08 08:58:47.467,NULL
31882,452,33569,2024-01-08 09:01:04.410,NULL
31883,452,33570,2024-01-08 09:03:13.960,NULL
31884,452,33571,2024-01-08 09:04:34.753,NULL
31885,452,33572,2024-01-08 09:29:01.900,NULL
31886,452,33573,2024-01-08 09:41:53.953,NULL
31887,452,33574,2024-01-08 09:43:46.920,NULL
31888,452,33575,2024-01-08 09:47:33.500,NULL
31889,452,33576,2024-01-08 09:52:27.027,NULL
31890,452,33577,2024-01-08 09:54:29.420,NULL
31891,452,33578,2024-01-08 09:56:22.780,NULL
31893,12751,33580,2024-01-09 12:35:47.790,NULL
31894,12752,33581,2024-01-09 13:24:18.217,NULL
31895,12753,33582,2024-01-09 16:28:43.697,NULL
31896,12754,33583,2024-01-10 12:31:03.160,NULL
31897,487,33584,2024-01-11 08:51:36.273,2025-11-12 09:59:10.087
31898,474,33585,2024-01-11 11:40:01.867,NULL
31899,12755,33586,2024-01-11 15:08:52.390,NULL
31904,474,33591,2024-01-12 09:36:27.610,NULL
31908,12756,33595,2024-01-12 10:06:43.890,NULL
31909,12757,33596,2024-01-12 12:16:50.037,NULL
31910,12759,33597,2024-01-12 12:24:17.427,NULL
31911,12760,33598,2024-01-12 12:48:00.447,NULL
31912,12761,33599,2024-01-12 12:48:09.063,NULL
31913,12762,33600,2024-01-12 14:27:12.690,NULL
31914,12763,33601,2024-01-12 15:06:49.710,NULL
31915,4762,33602,2024-01-12 15:39:02.760,NULL
31916,474,33603,2024-01-12 15:49:28.687,NULL
31917,474,33604,2024-01-12 15:51:38.393,NULL
31918,12764,33605,2024-01-16 12:12:25.923,NULL
31920,5788,33607,2024-01-16 12:18:59.167,NULL
31921,12768,33608,2024-01-16 12:48:52.153,NULL
31922,12767,33609,2024-01-16 12:56:13.993,NULL
31924,12767,33611,2024-01-16 12:57:00.460,2024-03-14 08:29:08.963
31926,12767,33613,2024-01-16 12:59:18.790,NULL
31927,12767,33614,2024-01-16 12:59:30.597,NULL
31928,12767,33615,2024-01-16 12:59:41.873,NULL
31929,12767,33616,2024-01-16 13:00:47.890,NULL
31930,12767,33617,2024-01-16 13:01:18.070,NULL
31931,12767,33618,2024-01-16 13:03:44.800,NULL
31932,12767,33619,2024-01-16 13:07:22.307,2024-03-14 08:30:24.753
31933,12767,33620,2024-01-16 13:14:11.583,2024-03-14 08:32:14.347
31934,531,33621,2024-01-16 13:39:14.890,NULL
31935,12769,33622,2024-01-16 14:08:04.397,NULL
31936,12770,33623,2024-01-16 14:22:53.430,NULL
31937,12770,33624,2024-01-16 14:23:06.963,NULL
31938,12771,33625,2024-01-17 12:02:31.067,NULL
31939,12771,33626,2024-01-17 12:02:39.877,NULL
31940,12771,33627,2024-01-17 12:02:47.580,NULL
31941,12772,33628,2024-01-17 13:39:49.940,NULL
31942,12773,33629,2024-01-18 09:22:09.903,NULL
31943,12773,33630,2024-01-18 09:22:36.723,NULL
31944,12773,33631,2024-01-18 09:22:55.950,NULL
31945,474,33632,2024-01-18 11:01:01.810,NULL
31946,474,33633,2024-01-18 11:08:22.970,NULL
31947,12775,33634,2024-01-22 08:49:56.130,NULL
31948,2236,33635,2024-01-23 08:17:53.020,NULL
31949,12776,33636,2024-01-23 09:05:04.093,NULL
31950,12777,33637,2024-01-23 14:55:17.303,NULL
31951,12778,33638,2024-01-23 15:38:49.410,NULL
31952,12778,33639,2024-01-23 15:39:04.383,2024-03-12 09:22:48.140
31953,12778,33640,2024-01-23 15:42:57.673,NULL
31954,12778,33641,2024-01-23 15:43:16.163,NULL
31955,12778,33642,2024-01-23 15:43:33.367,NULL
31956,12778,33643,2024-01-23 15:43:45.657,NULL
31957,12778,33644,2024-01-23 15:43:59.920,NULL
31958,12778,33645,2024-01-23 15:44:18.350,NULL
31959,12778,33646,2024-01-23 15:44:32.883,NULL
31960,12778,33647,2024-01-23 15:44:44.823,NULL
31961,12778,33648,2024-01-23 15:44:56.437,NULL
31962,12778,33649,2024-01-23 15:45:09.563,NULL
31963,12779,33650,2024-01-23 16:05:36.530,NULL
31964,12780,33651,2024-01-24 12:23:40.467,NULL
31965,12780,33652,2024-01-24 12:23:50.717,NULL
31966,12780,33653,2024-01-24 12:24:04.067,NULL
31967,12780,33654,2024-01-24 12:24:15.690,NULL
31968,12572,33655,2024-01-24 12:54:47.560,NULL
31969,12781,33656,2024-01-24 13:14:17.630,NULL
31970,12782,33657,2024-01-24 14:31:51.503,NULL
31971,536,33658,2024-01-25 11:42:17.640,NULL
31972,12783,33659,2024-01-31 09:06:17.930,NULL
31973,12783,33660,2024-01-31 09:06:26.590,NULL
31975,12786,33662,2024-01-31 11:04:15.833,NULL
31976,12788,33663,2024-01-31 11:59:33.660,NULL
31977,498,33664,2024-02-01 11:41:58.233,2025-02-26 10:57:00.037
31978,12789,33665,2024-02-01 12:30:31.470,NULL
31979,12790,33666,2024-02-01 12:40:53.177,NULL
31980,12791,33667,2024-02-01 12:53:43.593,2025-04-22 14:22:49.540
31981,12792,33668,2024-02-01 13:06:45.050,NULL
31982,12794,33669,2024-02-01 13:58:20.807,NULL
31983,12795,33670,2024-02-01 14:11:41.517,NULL
31984,12796,33671,2024-02-01 14:18:43.200,NULL
31985,11262,33672,2024-02-01 16:32:16.160,NULL
31986,12799,33673,2024-02-02 15:29:57.827,NULL
31987,12800,33674,2024-02-05 11:58:06.527,NULL
31988,1576,33675,2024-02-05 12:58:48.993,NULL
31989,12802,33676,2024-02-06 09:04:51.220,NULL
31990,12803,33677,2024-02-06 09:49:26.130,NULL
31991,12804,33678,2024-02-06 10:04:53.547,NULL
31992,12806,33679,2024-02-06 12:34:12.513,NULL
31993,12808,33680,2024-02-06 13:22:00.220,NULL
31994,12809,33681,2024-02-06 13:49:59.350,NULL
31995,12811,33682,2024-02-07 14:53:45.520,NULL
31996,564,33683,2024-02-07 16:19:10.490,2024-02-07 16:44:06.710
31997,467,33684,2024-02-08 08:14:45.853,NULL
31998,12812,33685,2024-02-08 14:06:04.620,NULL
31999,12813,33686,2024-02-08 14:42:33.940,NULL
32000,12814,33687,2024-02-09 10:29:20.753,NULL
32001,12816,33688,2024-02-09 15:07:07.303,NULL
32002,2342,33689,2024-02-12 09:38:59.980,NULL
32003,2342,33690,2024-02-12 09:43:26.107,NULL
32004,2342,33691,2024-02-12 09:44:29.180,NULL
32006,2342,33693,2024-02-12 09:45:01.497,NULL
32007,2342,33694,2024-02-12 09:45:19.303,NULL
32008,2342,33695,2024-02-12 09:45:42.327,NULL
32009,2342,33696,2024-02-12 09:45:58.583,NULL
32010,2342,33697,2024-02-12 09:46:17.297,NULL
32011,2342,33698,2024-02-12 09:46:36.043,NULL
32012,2342,33699,2024-02-12 09:46:52.850,NULL
32013,2342,33700,2024-02-12 09:47:11.770,NULL
32014,2342,33701,2024-02-12 09:47:26.913,NULL
32015,2342,33702,2024-02-12 09:47:44.783,NULL
32016,12817,33703,2024-02-12 12:45:54.027,NULL
32017,564,33704,2024-02-12 14:58:00.163,NULL
32018,12818,33705,2024-02-12 15:32:27.460,NULL
32019,452,33706,2024-02-12 16:16:40.693,2024-02-12 16:40:39.130
32020,564,33707,2024-02-13 11:41:38.137,NULL
32021,564,33708,2024-02-13 12:25:26.477,NULL
32022,12819,33709,2024-02-13 14:36:14.487,NULL
32023,12387,33710,2024-02-14 13:45:34.547,NULL
32024,12387,33711,2024-02-14 13:45:45.073,NULL
32025,12387,33712,2024-02-14 13:50:46.947,NULL
32026,12387,33713,2024-02-14 13:51:01.907,NULL
32027,12387,33714,2024-02-14 13:51:14.770,NULL
32028,12387,33715,2024-02-14 13:51:24.640,NULL
32029,12387,33716,2024-02-14 13:51:33.767,NULL
32030,12387,33717,2024-02-14 13:53:11.593,NULL
32031,12387,33718,2024-02-14 13:53:23.497,NULL
32032,12387,33719,2024-02-14 13:58:20.537,NULL
32033,12387,33720,2024-02-14 13:58:40.520,NULL
32034,597,33721,2024-02-15 08:56:46.330,NULL
32035,597,33722,2024-02-15 09:33:34.790,NULL
32036,12007,33723,2024-02-15 14:51:16.127,NULL
32037,12007,33724,2024-02-15 14:51:28.313,NULL
32038,12007,33725,2024-02-15 14:51:40.373,NULL
32039,12007,33726,2024-02-15 14:51:57.847,NULL
32040,12007,33727,2024-02-15 14:52:09.800,NULL
32041,12007,33728,2024-02-15 14:52:20.613,NULL
32042,12007,33729,2024-02-15 14:52:35.073,NULL
32043,12007,33730,2024-02-15 14:52:51.063,NULL
32044,12007,33731,2024-02-15 14:53:05.290,NULL
32045,12007,33732,2024-02-15 14:53:19.390,NULL
32046,12007,33733,2024-02-15 14:53:30.203,NULL
32047,12007,33734,2024-02-15 14:53:45.410,NULL
32048,12820,33735,2024-02-15 15:14:20.903,NULL
32049,12821,33736,2024-02-15 15:28:52.613,NULL
32050,12822,33737,2024-02-15 15:40:51.173,NULL
32051,12823,33738,2024-02-15 15:50:03.183,NULL
32052,12824,33739,2024-02-16 12:22:19.067,NULL
32053,12825,33740,2024-02-16 12:29:46.630,NULL
32054,1768,33741,2024-02-19 10:54:05.680,NULL
32055,12827,33742,2024-02-20 09:34:21.430,NULL
32056,12828,33743,2024-02-20 14:10:19.410,NULL
32057,12829,33744,2024-02-23 08:09:10.927,NULL
32058,12830,33745,2024-02-23 09:43:58.720,NULL
32059,12830,33746,2024-02-23 09:44:14.113,NULL
32060,12830,33747,2024-02-23 09:47:13.090,NULL
32061,12830,33748,2024-02-23 09:47:22.247,NULL
32062,12830,33749,2024-02-23 09:47:32.140,NULL
32063,12830,33750,2024-02-23 09:47:43.990,NULL
32064,12830,33751,2024-02-23 09:47:53.627,NULL
32065,12830,33752,2024-02-23 09:48:03.417,NULL
32070,12952,33757,2024-02-26 10:06:44.277,2024-05-02 16:15:08.473
32071,12952,33758,2024-02-26 10:06:54.363,2024-05-02 16:16:00.813
32072,12952,33759,2024-02-26 10:07:06.410,2024-05-02 16:17:01.220
32073,12831,33760,2024-02-27 13:47:31.613,NULL
32074,12832,33761,2024-02-27 15:17:47.127,NULL
32075,12833,33762,2024-02-28 09:02:05.507,NULL
32076,12834,33763,2024-02-28 11:29:22.280,NULL
32077,12835,33764,2024-02-28 14:50:38.010,NULL
32078,10400,33765,2024-02-28 15:55:46.460,NULL
32079,3888,33766,2024-02-29 09:55:59.193,2025-04-17 15:33:56.613
32080,12836,33767,2024-02-29 11:15:17.997,NULL
32081,12838,33768,2024-02-29 16:00:51.867,NULL
32082,449,33769,2024-02-29 16:15:30.240,NULL
32083,12839,33770,2024-03-01 09:38:57.830,NULL
32084,12840,33771,2024-03-01 09:48:59.437,NULL
32085,12841,33772,2024-03-01 09:49:24.217,NULL
32086,12843,33773,2024-03-01 14:05:27.277,NULL
32087,12844,33774,2024-03-01 14:11:24.560,NULL
32088,5679,33775,2024-03-01 14:48:15.680,NULL
32089,3864,33776,2024-03-01 14:48:35.430,NULL
32090,12845,33777,2024-03-04 09:03:11.347,NULL
32091,12846,33778,2024-03-04 09:04:04.353,2024-03-04 09:20:40.517
32096,583,33783,2024-03-04 12:42:09.983,NULL
32098,3862,33785,2024-03-04 13:57:33.973,NULL
32099,3862,33786,2024-03-04 13:59:05.173,NULL
32100,12847,33787,2024-03-05 10:17:06.077,NULL
32101,12848,33788,2024-03-06 11:47:37.113,NULL
32102,12850,33789,2024-03-06 15:38:13.743,NULL
32103,12851,33790,2024-03-07 09:01:50.790,NULL
32104,5631,33791,2024-03-07 11:17:52.023,NULL
32105,11443,33792,2024-03-07 11:18:06.943,2024-03-07 11:30:32.110
32106,11443,33793,2024-03-07 11:18:22.063,2024-03-07 11:30:47.910
32107,11443,33794,2024-03-07 11:18:34.647,NULL
32108,11443,33795,2024-03-07 11:18:52.687,NULL
32109,11443,33796,2024-03-07 11:23:57.233,2024-03-07 11:30:18.503
32110,12572,33797,2024-03-07 15:47:12.367,NULL
32111,12572,33798,2024-03-07 15:48:44.843,NULL
32112,12572,33799,2024-03-07 15:50:15.953,NULL
32113,12852,33800,2024-03-08 09:17:24.837,NULL
32114,12853,33801,2024-03-08 09:27:01.883,NULL
32115,12854,33802,2024-03-08 12:01:32.810,NULL
32116,12855,33803,2024-03-11 09:05:03.063,2024-04-01 09:28:57.127
32117,10695,33804,2024-03-11 09:39:45.947,NULL
32118,10695,33805,2024-03-11 09:39:56.733,NULL
32119,10695,33806,2024-03-11 09:40:17.080,NULL
32120,12856,33807,2024-03-11 10:35:28.373,NULL
32121,1485,33808,2024-03-11 15:47:46.143,NULL
32122,1485,33809,2024-03-11 15:47:55.793,NULL
32123,12858,33810,2024-03-12 08:29:53.757,NULL
32124,12860,33811,2024-03-12 10:08:26.980,NULL
32125,12861,33812,2024-03-12 13:57:55.253,NULL
32126,12862,33813,2024-03-13 12:41:26.693,NULL
32127,12863,33814,2024-03-13 13:47:48.730,NULL
32128,492,33815,2024-03-13 14:03:49.657,NULL
32129,851,33816,2024-03-13 15:36:26.940,NULL
32130,851,33817,2024-03-13 15:36:42.737,NULL
32131,851,33818,2024-03-13 15:36:59.583,NULL
32132,851,33819,2024-03-13 15:48:02.643,NULL
32133,851,33820,2024-03-13 15:48:14.027,NULL
32134,12767,33821,2024-03-14 08:32:45.827,NULL
32135,12864,33822,2024-03-14 15:00:19.570,NULL
32136,12865,33823,2024-03-15 09:23:05.357,NULL
32137,12866,33824,2024-03-15 10:05:26.187,NULL
32138,12867,33825,2024-03-15 10:21:48.783,NULL
32139,12868,33826,2024-03-15 14:24:21.550,NULL
32140,12869,33827,2024-03-18 08:42:42.447,NULL
32141,12869,33828,2024-03-18 08:42:51.340,NULL
32142,12869,33829,2024-03-18 08:42:59.693,NULL
32143,12869,33830,2024-03-18 08:43:12.043,NULL
32144,12869,33831,2024-03-18 08:43:24.393,NULL
32145,12869,33832,2024-03-18 08:43:31.550,NULL
32146,12869,33833,2024-03-18 08:43:44.653,NULL
32147,12869,33834,2024-03-18 08:43:53.920,NULL
32148,12869,33835,2024-03-18 08:44:01.697,NULL
32149,12869,33836,2024-03-18 08:44:17.573,NULL
32150,12869,33837,2024-03-18 08:44:27.197,NULL
32151,12869,33838,2024-03-18 08:44:36.630,NULL
32152,12870,33839,2024-03-18 09:07:51.037,NULL
32154,12871,33841,2024-03-18 14:38:41.660,NULL
32155,531,33842,2024-03-18 14:59:14.700,NULL
32156,12872,33843,2024-03-20 12:32:27.413,NULL
32157,12392,33844,2024-03-20 14:35:33.113,NULL
32158,12392,33845,2024-03-20 14:35:55.320,NULL
32159,11053,33846,2024-03-21 09:32:41.090,NULL
32160,12873,33847,2024-03-21 12:08:19.527,NULL
32161,12874,33848,2024-03-22 09:14:09.283,NULL
32162,12875,33849,2024-03-22 10:14:16.750,NULL
32163,12877,33850,2024-03-22 12:47:36.220,NULL
32164,12879,33851,2024-03-25 09:17:16.490,NULL
32165,10155,33852,2024-03-25 12:40:58.680,NULL
32166,10155,33853,2024-03-25 12:41:11.140,NULL
32167,12880,33854,2024-03-26 09:44:19.730,NULL
32168,12881,33855,2024-03-26 12:34:06.873,NULL
32169,12882,33856,2024-03-26 13:03:35.820,2024-03-26 13:08:11.307
32170,12238,33857,2024-03-26 14:49:22.530,NULL
32172,1874,33859,2024-03-28 09:30:49.220,NULL
32173,12885,33860,2024-03-28 09:30:56.907,NULL
32174,12886,33861,2024-03-28 09:46:31.623,NULL
32175,12887,33862,2024-03-28 11:15:54.770,NULL
32176,12888,33863,2024-03-28 13:54:34.220,NULL
32177,12889,33864,2024-03-29 09:10:20.827,NULL
32178,12890,33865,2024-04-01 09:15:15.940,NULL
32179,12891,33866,2024-04-01 09:30:07.493,NULL
32180,473,33867,2024-04-01 09:42:25.050,NULL
32181,12892,33868,2024-04-01 09:58:37.910,NULL
32182,12893,33869,2024-04-01 10:13:20.147,NULL
32183,12894,33870,2024-04-01 10:23:00.223,NULL
32184,12895,33871,2024-04-01 10:32:31.503,NULL
32185,12898,33872,2024-04-01 10:33:07.517,NULL
32186,12897,33873,2024-04-01 10:33:17.390,NULL
32187,12899,33874,2024-04-01 10:33:21.380,NULL
32188,12900,33875,2024-04-01 10:33:33.900,NULL
32189,12901,33876,2024-04-01 10:49:04.583,NULL
32190,12902,33877,2024-04-01 11:37:29.793,NULL
32191,3395,33878,2024-04-01 12:30:15.617,2024-04-01 12:32:21.900
32192,3395,33879,2024-04-01 12:31:59.370,2024-04-01 12:35:51.773
32193,3395,33880,2024-04-01 12:34:04.573,2024-04-01 12:40:57.350
32194,3395,33881,2024-04-01 12:36:55.557,NULL
32195,3395,33882,2024-04-01 12:42:40.283,NULL
32196,3395,33883,2024-04-01 12:43:20.210,NULL
32197,3395,33884,2024-04-01 12:48:10.230,NULL
32198,3395,33885,2024-04-01 12:52:21.337,NULL
32199,3395,33886,2024-04-01 12:53:57.923,NULL
32200,3395,33887,2024-04-01 12:54:51.837,NULL
32201,3395,33888,2024-04-01 12:55:37.397,NULL
32202,3395,33889,2024-04-01 12:56:36.917,NULL
32203,3395,33890,2024-04-01 12:57:09.343,2024-04-01 15:51:56.670
32204,3395,33891,2024-04-01 12:58:15.960,NULL
32205,3395,33892,2024-04-01 12:59:18.663,NULL
32206,3395,33893,2024-04-01 13:00:12.763,NULL
32207,3395,33894,2024-04-01 13:00:51.217,NULL
32208,3395,33895,2024-04-01 13:01:27.647,NULL
32209,3395,33896,2024-04-01 13:02:13.920,NULL
32210,3395,33897,2024-04-01 13:03:32.400,NULL
32211,3395,33898,2024-04-01 13:04:35.753,NULL
32212,3395,33899,2024-04-01 13:24:56.500,NULL
32213,3395,33900,2024-04-01 13:26:54.837,NULL
32214,3395,33901,2024-04-01 13:27:40.580,NULL
32215,3395,33902,2024-04-01 13:28:54.183,NULL
32216,3395,33903,2024-04-01 13:30:11.857,NULL
32217,3395,33904,2024-04-01 13:31:59.690,NULL
32218,3395,33905,2024-04-01 13:32:45.473,NULL
32219,3395,33906,2024-04-01 13:43:07.130,NULL
32220,3395,33907,2024-04-01 13:44:39.283,NULL
32221,3395,33908,2024-04-01 13:46:02.017,NULL
32222,3395,33909,2024-04-01 13:48:44.793,NULL
32223,3395,33910,2024-04-01 13:50:05.023,NULL
32224,3395,33911,2024-04-01 13:50:51.353,NULL
32225,3395,33912,2024-04-01 13:52:45.783,NULL
32226,3395,33913,2024-04-01 13:53:53.740,NULL
32227,3395,33914,2024-04-01 13:59:46.490,NULL
32228,3395,33915,2024-04-01 14:00:32.167,NULL
32229,3395,33916,2024-04-01 14:01:15.717,NULL
32230,3395,33917,2024-04-01 14:03:49.307,NULL
32231,3395,33918,2024-04-01 14:04:26.690,NULL
32232,3395,33919,2024-04-01 14:05:16.373,NULL
32233,3395,33920,2024-04-01 14:05:59.567,NULL
32234,3395,33921,2024-04-01 14:06:51.417,2024-04-01 14:08:12.307
32235,3395,33922,2024-04-01 14:09:25.233,NULL
32236,3395,33923,2024-04-01 14:10:11.373,NULL
32237,3395,33924,2024-04-01 14:10:54.420,NULL
32238,3395,33925,2024-04-01 14:11:32.737,NULL
32239,3395,33926,2024-04-01 14:11:41.337,NULL
32240,3395,33927,2024-04-01 14:11:49.530,NULL
32241,3395,33928,2024-04-01 14:12:00.790,NULL
32242,3395,33929,2024-04-01 14:12:08.823,NULL
32243,3395,33930,2024-04-01 14:12:18.290,NULL
32244,3395,33931,2024-04-01 14:12:26.587,NULL
32245,3395,33932,2024-04-01 14:16:02.507,NULL
32246,3395,33933,2024-04-01 14:16:12.917,NULL
32247,3395,33934,2024-04-01 14:16:27.540,NULL
32248,3395,33935,2024-04-01 14:16:39.177,NULL
32249,3395,33936,2024-04-01 14:16:46.850,NULL
32250,12903,33937,2024-04-01 14:58:28.147,NULL
32251,12905,33938,2024-04-01 15:09:56.510,NULL
32252,3395,33939,2024-04-01 16:05:41.970,NULL
32253,3395,33940,2024-04-01 16:06:37.100,NULL
32254,12906,33941,2024-04-02 09:19:07.003,NULL
32255,1768,33942,2024-04-02 09:46:54.090,NULL
32256,1768,33943,2024-04-02 10:00:18.730,NULL
32257,1768,33944,2024-04-02 10:02:31.920,NULL
32258,1768,33945,2024-04-02 10:03:46.060,NULL
32259,12907,33946,2024-04-02 11:29:09.257,NULL
32260,12908,33947,2024-04-02 14:41:11.610,NULL
32261,12908,33948,2024-04-02 14:41:25.620,NULL
32262,12909,33949,2024-04-03 12:38:46.783,2024-05-02 11:20:06.997
32263,4948,33950,2024-04-03 15:29:45.623,NULL
32264,4948,33951,2024-04-03 15:30:03.733,NULL
32265,4948,33952,2024-04-03 15:40:34.090,NULL
32266,4948,33953,2024-04-03 15:46:17.590,NULL
32267,12911,33954,2024-04-04 09:13:15.410,NULL
32268,12912,33955,2024-04-05 11:39:59.783,NULL
32269,12913,33956,2024-04-05 11:40:32.253,NULL
32270,12914,33957,2024-04-05 13:20:20.113,NULL
32271,12915,33958,2024-04-05 15:44:13.410,NULL
32272,12916,33959,2024-04-08 09:11:24.970,NULL
32273,12917,33960,2024-04-09 14:37:08.007,NULL
32274,12919,33961,2024-04-10 12:30:59.647,NULL
32275,12921,33962,2024-04-12 09:38:43.113,NULL
32276,12922,33963,2024-04-12 13:37:07.067,NULL
32277,517,33964,2024-04-12 13:52:58.687,NULL
32278,12923,33965,2024-04-15 11:00:14.393,2024-04-15 14:45:17.340
32279,12924,33966,2024-04-15 11:15:53.170,NULL
32280,12924,33967,2024-04-15 11:16:09.023,NULL
32281,12924,33968,2024-04-15 11:16:42.507,NULL
32282,12901,33969,2024-04-15 12:09:31.063,NULL
32283,12901,33970,2024-04-15 12:09:45.440,NULL
32284,12901,33971,2024-04-15 12:09:59.407,NULL
32285,12925,33972,2024-04-16 09:04:10.497,NULL
32286,12926,33973,2024-04-16 14:02:34.627,NULL
32287,12926,33974,2024-04-16 14:02:51.400,NULL
32288,12926,33975,2024-04-16 14:03:07.420,NULL
32289,12926,33976,2024-04-16 14:03:22.507,NULL
32290,12926,33977,2024-04-16 14:03:48.557,NULL
32291,12926,33978,2024-04-16 14:04:06.517,NULL
32292,12926,33979,2024-04-16 14:04:55.740,NULL
32293,12926,33980,2024-04-16 14:05:15.590,NULL
32294,12926,33981,2024-04-16 14:05:32.487,NULL
32295,12926,33982,2024-04-16 14:05:47.657,NULL
32296,12926,33983,2024-04-16 14:06:01.887,NULL
32297,12926,33984,2024-04-16 14:06:17.497,NULL
32298,12926,33985,2024-04-16 14:06:33.030,NULL
32299,12926,33986,2024-04-16 14:16:53.533,NULL
32300,922,33987,2024-04-17 09:05:16.283,NULL
32301,922,33988,2024-04-17 09:05:27.890,NULL
32302,922,33989,2024-04-17 09:32:32.663,NULL
32303,11730,33990,2024-04-17 10:40:00.630,NULL
32304,11971,33991,2024-04-17 10:56:19.580,NULL
32305,11971,33992,2024-04-17 10:57:53.853,NULL
32306,11971,33993,2024-04-17 11:00:22.483,NULL
32307,466,33994,2024-04-17 12:15:29.930,2024-08-08 06:53:02.803
32308,12927,33995,2024-04-17 15:40:23.680,NULL
32309,12928,33996,2024-04-18 12:14:44.270,NULL
32310,12929,33997,2024-04-18 12:20:40.453,NULL
32311,12930,33998,2024-04-18 14:26:54.950,NULL
32312,12932,33999,2024-04-22 10:06:27.017,NULL
32313,12932,34000,2024-04-22 10:06:46.127,NULL
32314,12932,34001,2024-04-22 10:06:58.970,NULL
32315,12933,34002,2024-04-22 11:00:16.927,NULL
32316,12933,34003,2024-04-22 11:00:26.907,NULL
32317,12933,34004,2024-04-22 11:00:41.080,NULL
32318,12933,34005,2024-04-22 11:00:51.283,NULL
32319,12935,34006,2024-04-22 12:29:38.127,NULL
32320,474,34007,2024-04-23 10:42:16.450,NULL
32321,12936,34008,2024-04-24 08:50:11.377,NULL
32322,12937,34009,2024-04-24 11:11:00.250,NULL
32323,12938,34010,2024-04-24 12:08:01.020,2024-04-24 12:25:16.350
32324,12940,34011,2024-04-24 13:05:48.580,NULL
32325,12941,34012,2024-04-25 09:39:13.590,NULL
32326,12942,34013,2024-04-25 14:14:28.750,NULL
32327,12943,34014,2024-04-26 12:10:31.570,NULL
32328,490,34015,2024-04-26 13:31:15.317,NULL
32329,490,34016,2024-04-26 13:37:50.060,NULL
32330,12944,34017,2024-04-29 09:56:37.177,NULL
32331,12946,34018,2024-04-29 12:09:28.847,NULL
32332,12947,34019,2024-05-01 09:20:11.847,NULL
32333,12948,34020,2024-05-01 14:23:04.410,NULL
32334,1404,34021,2024-05-01 15:19:57.630,NULL
32335,1404,34022,2024-05-01 15:21:33.490,NULL
32336,1404,34023,2024-05-01 15:22:27.763,NULL
32337,1404,34024,2024-05-01 15:23:32.990,NULL
32338,1404,34025,2024-05-01 15:26:32.223,NULL
32339,1404,34026,2024-05-01 15:27:41.470,NULL
32340,1404,34027,2024-05-01 15:28:28.190,NULL
32341,1404,34028,2024-05-01 15:29:29.677,2024-05-01 15:31:00.867
32342,12949,34029,2024-05-02 09:30:49.750,NULL
32343,3536,34030,2024-05-02 12:23:51.463,2024-05-02 12:25:41.503
32344,12951,34031,2024-05-02 12:59:09.423,NULL
32345,490,34032,2024-05-02 17:04:29.430,NULL
32346,12953,34033,2024-05-03 09:15:21.350,NULL
32347,12953,34034,2024-05-03 09:15:52.597,NULL
32348,12955,34035,2024-05-03 11:45:47.643,NULL
32349,3859,34036,2024-05-03 12:18:57.430,NULL
32350,3859,34037,2024-05-03 12:35:24.980,NULL
32351,4948,34038,2024-05-06 09:01:04.947,NULL
32352,4948,34039,2024-05-06 09:01:58.420,NULL
32353,4948,34040,2024-05-06 09:02:53.917,NULL
32354,4948,34041,2024-05-06 09:04:38.553,2024-05-06 09:10:53.540
32355,4948,34042,2024-05-06 09:18:38.390,NULL
32356,4948,34043,2024-05-06 10:22:40.970,NULL
32357,9849,34044,2024-05-07 13:24:22.583,NULL
32359,12956,34046,2024-05-07 14:39:29.573,NULL
32360,490,34047,2024-05-07 15:42:55.573,NULL
32361,490,34048,2024-05-07 15:43:34.020,NULL
32362,3350,34049,2024-05-08 09:44:31.190,NULL
32363,3350,34050,2024-05-08 09:47:34.627,NULL
32364,12957,34051,2024-05-08 10:27:06.027,NULL
32365,12958,34052,2024-05-08 10:43:59.450,NULL
32366,12959,34053,2024-05-08 12:20:26.013,NULL
32367,12331,34054,2024-05-08 13:16:29.683,2024-05-08 13:17:38.730
32368,12962,34055,2024-05-08 15:41:11.103,NULL
32369,12963,34056,2024-05-10 09:12:24.117,NULL
32370,12965,34057,2024-05-10 10:29:50.293,NULL
32371,469,34058,2024-05-10 11:44:26.573,NULL
32372,12966,34059,2024-05-13 10:13:16.690,2024-07-22 10:09:01.073
32373,12968,34060,2024-05-13 13:26:55.630,NULL
32374,582,34061,2024-05-14 11:00:23.793,NULL
32375,582,34062,2024-05-14 11:06:34.247,NULL
32376,12969,34063,2024-05-15 10:29:28.273,NULL
32377,12969,34064,2024-05-15 10:30:16.537,NULL
32378,12969,34065,2024-05-15 10:51:39.250,NULL
32379,490,34066,2024-05-15 13:25:32.097,NULL
32380,12970,34067,2024-05-16 12:05:00.483,NULL
32381,12972,34068,2024-05-17 09:21:03.713,NULL
32382,467,34069,2024-05-17 13:01:44.647,NULL
32383,12973,34070,2024-05-20 08:56:56.260,NULL
32384,12974,34071,2024-05-20 10:57:21.757,NULL
32385,12975,34072,2024-05-20 14:31:00.137,NULL
32386,12976,34073,2024-05-20 15:33:19.520,NULL
32387,510,34074,2024-05-21 08:49:26.120,NULL
32388,12977,34075,2024-05-21 11:35:19.477,NULL
32389,12978,34076,2024-05-22 09:16:07.243,NULL
32390,510,34077,2024-05-23 12:54:09.543,NULL
32391,510,34078,2024-05-23 12:58:20.357,NULL
32392,510,34079,2024-05-23 13:04:13.397,NULL
32393,510,34080,2024-05-23 13:15:39.287,NULL
32394,510,34081,2024-05-23 13:15:54.627,NULL
32395,12979,34082,2024-05-23 15:21:20.013,NULL
32396,12980,34083,2024-05-24 10:42:11.197,2024-05-24 10:48:16.223
32397,12981,34084,2024-05-24 12:15:11.017,NULL
32398,12982,34085,2024-05-28 14:54:37.317,NULL
32399,12982,34086,2024-05-28 14:54:51.220,NULL
32400,12289,34087,2024-05-29 09:16:38.397,NULL
32401,12289,34088,2024-05-29 09:16:48.597,NULL
32402,12289,34089,2024-05-29 09:16:58.987,NULL
32403,12289,34090,2024-05-29 09:17:08.643,NULL
32404,12289,34091,2024-05-29 09:17:18.790,NULL
32405,12289,34092,2024-05-29 09:17:29.040,NULL
32406,12289,34093,2024-05-29 09:20:51.783,NULL
32407,12289,34094,2024-05-29 09:23:46.627,NULL
32408,603,34095,2024-05-29 11:42:45.717,NULL
32409,12983,34096,2024-05-29 15:23:38.853,NULL
32410,12984,34097,2024-05-29 15:30:44.300,NULL
32411,12985,34098,2024-05-29 16:07:42.990,NULL
32412,574,34099,2024-05-31 09:41:18.130,NULL
32413,12986,34100,2024-05-31 10:08:16.603,NULL
32414,11697,34101,2024-05-31 13:28:45.493,2024-05-31 13:46:24.170
32415,11697,34102,2024-05-31 13:30:04.660,NULL
32416,11697,34103,2024-05-31 13:31:08.967,NULL
32417,11697,34104,2024-05-31 13:31:48.470,NULL
32418,11697,34105,2024-05-31 13:33:18.363,NULL
32419,11697,34106,2024-05-31 13:35:20.300,NULL
32420,11697,34107,2024-05-31 13:35:52.610,NULL
32421,11697,34108,2024-05-31 13:36:46.380,NULL
32422,12987,34109,2024-05-31 13:43:19.850,NULL
32423,12987,34110,2024-05-31 13:43:33.197,NULL
32424,12987,34111,2024-05-31 13:43:52.040,NULL
32425,12987,34112,2024-05-31 13:46:57.390,NULL
32426,12987,34113,2024-05-31 13:56:47.310,NULL
32427,12987,34114,2024-05-31 13:56:58.207,NULL
32428,12987,34115,2024-05-31 13:57:08.763,NULL
32429,12987,34116,2024-05-31 13:57:24.190,NULL
32430,12987,34117,2024-05-31 13:57:34.930,NULL
32431,12987,34118,2024-05-31 13:57:43.747,NULL
32432,12987,34119,2024-05-31 13:57:52.897,NULL
32433,12987,34120,2024-05-31 13:58:05.520,NULL
32434,12987,34121,2024-05-31 13:58:24.517,NULL
32435,12987,34122,2024-05-31 13:58:33.520,NULL
32436,12987,34123,2024-05-31 13:58:46.360,NULL
32437,12987,34124,2024-05-31 13:58:55.163,NULL
32438,12987,34125,2024-05-31 13:59:03.663,NULL
32439,12988,34126,2024-05-31 14:11:45.883,NULL
32440,12989,34127,2024-05-31 14:36:00.107,NULL
32443,12990,34130,2024-06-03 14:17:52.190,NULL
32444,12991,34131,2024-06-03 14:33:17.390,NULL
32445,12991,34132,2024-06-03 14:33:29.333,NULL
32446,12992,34133,2024-06-04 09:46:01.347,NULL
32447,11667,34134,2024-06-04 10:18:47.657,NULL
32448,11667,34135,2024-06-04 10:19:36.020,NULL
32449,11667,34136,2024-06-04 10:20:15.117,NULL
32450,11667,34137,2024-06-04 10:20:49.640,NULL
32451,11667,34138,2024-06-04 10:23:05.640,NULL
32452,11667,34139,2024-06-04 10:24:12.707,NULL
32453,11667,34140,2024-06-04 10:25:38.497,NULL
32454,11667,34141,2024-06-04 10:32:49.000,NULL
32455,11667,34142,2024-06-04 10:33:41.010,NULL
32456,11667,34143,2024-06-04 10:34:28.813,NULL
32457,11667,34144,2024-06-04 10:35:24.097,NULL
32458,11667,34145,2024-06-04 10:36:23.763,NULL
32459,11667,34146,2024-06-04 10:37:07.713,NULL
32460,11667,34147,2024-06-04 10:51:47.207,NULL
32461,11667,34148,2024-06-04 10:52:44.083,NULL
32462,11667,34149,2024-06-04 11:02:11.320,NULL
32463,11667,34150,2024-06-04 11:03:17.130,NULL
32464,11668,34151,2024-06-04 11:22:57.273,NULL
32465,11668,34152,2024-06-04 11:23:51.977,NULL
32466,11668,34153,2024-06-04 11:55:21.433,NULL
32467,11668,34154,2024-06-04 11:56:53.487,NULL
32468,11668,34155,2024-06-04 11:57:58.453,NULL
32469,11668,34156,2024-06-04 11:59:16.233,NULL
32470,11668,34157,2024-06-04 12:00:47.570,NULL
32471,11668,34158,2024-06-04 12:01:50.703,NULL
32472,11668,34159,2024-06-04 12:02:54.173,NULL
32473,11668,34160,2024-06-04 12:11:48.817,NULL
32474,11668,34161,2024-06-04 12:13:20.157,NULL
32475,11668,34162,2024-06-04 12:15:17.577,NULL
32476,11668,34163,2024-06-04 12:20:27.440,NULL
32477,11668,34164,2024-06-04 12:22:10.700,NULL
32478,11668,34165,2024-06-04 12:37:24.123,NULL
32479,11668,34166,2024-06-04 12:38:18.113,NULL
32480,11668,34167,2024-06-04 12:39:06.360,NULL
32481,11668,34168,2024-06-04 12:47:56.920,NULL
32482,11668,34169,2024-06-04 12:57:53.117,NULL
32483,11668,34170,2024-06-04 12:58:37.553,NULL
32484,11668,34171,2024-06-04 12:59:24.617,NULL
32485,11668,34172,2024-06-04 13:06:05.500,NULL
32486,11668,34173,2024-06-04 13:06:58.163,NULL
32487,11668,34174,2024-06-04 13:07:52.387,NULL
32488,11668,34175,2024-06-04 13:08:37.387,NULL
32489,11668,34176,2024-06-04 13:09:22.590,NULL
32490,11668,34177,2024-06-04 13:10:26.250,NULL
32491,11668,34178,2024-06-04 13:12:01.850,NULL
32492,11668,34179,2024-06-04 13:12:48.327,NULL
32493,11668,34180,2024-06-04 13:13:31.540,NULL
32494,11671,34181,2024-06-04 13:18:35.310,NULL
32495,11671,34182,2024-06-04 13:19:15.900,NULL
32496,11671,34183,2024-06-04 13:20:03.740,NULL
32497,11671,34184,2024-06-04 13:20:49.880,NULL
32498,11671,34185,2024-06-04 13:22:31.960,NULL
32499,11671,34186,2024-06-04 13:23:54.237,NULL
32500,11671,34187,2024-06-04 13:24:26.020,NULL
32501,11671,34188,2024-06-04 13:25:02.580,NULL
32502,11671,34189,2024-06-04 13:25:42.347,NULL
32503,11671,34190,2024-06-04 13:26:27.157,NULL
32504,11673,34191,2024-06-04 13:41:53.220,NULL
32505,11673,34192,2024-06-04 13:42:33.117,NULL
32506,11674,34193,2024-06-04 13:44:14.147,NULL
32507,12993,34194,2024-06-04 13:53:00.160,NULL
32508,11731,34195,2024-06-04 15:09:29.523,NULL
32509,11731,34196,2024-06-04 15:10:44.410,NULL
32511,11730,34198,2024-06-04 15:15:44.363,NULL
32513,11730,34200,2024-06-04 15:20:36.863,NULL
32514,12327,34201,2024-06-04 15:58:04.927,NULL
32515,12327,34202,2024-06-04 15:58:41.333,NULL
32516,12327,34203,2024-06-04 15:59:48.123,NULL
32517,12327,34204,2024-06-04 16:01:00.893,NULL
32518,12327,34205,2024-06-04 16:01:42.897,NULL
32519,12994,34206,2024-06-04 16:09:19.177,NULL
32520,12994,34207,2024-06-04 16:10:05.727,NULL
32521,12994,34208,2024-06-04 16:11:00.060,NULL
32522,12994,34209,2024-06-04 16:11:42.340,NULL
32523,12994,34210,2024-06-04 16:12:28.193,NULL
32524,12994,34211,2024-06-04 16:13:07.483,NULL
32525,12994,34212,2024-06-04 16:13:42.693,NULL
32526,12994,34213,2024-06-04 16:14:42.827,NULL
32527,12994,34214,2024-06-04 16:15:30.937,NULL
32528,12994,34215,2024-06-04 16:16:06.693,NULL
32529,12994,34216,2024-06-04 16:16:46.910,NULL
32530,12994,34217,2024-06-04 16:17:40.110,NULL
32531,12994,34218,2024-06-04 16:18:19.937,NULL
32532,12994,34219,2024-06-04 16:19:18.317,NULL
32533,12994,34220,2024-06-04 16:20:08.200,NULL
32534,12047,34221,2024-06-04 16:24:23.450,NULL
32535,12047,34222,2024-06-04 16:25:04.647,NULL
32536,12047,34223,2024-06-05 10:02:53.997,NULL
32537,12047,34224,2024-06-05 10:04:46.677,NULL
32538,12047,34225,2024-06-05 10:05:31.173,NULL
32539,12047,34226,2024-06-05 10:06:42.560,NULL
32540,12047,34227,2024-06-05 10:12:33.220,NULL
32541,12047,34228,2024-06-05 10:13:30.700,NULL
32542,12047,34229,2024-06-05 10:15:06.183,NULL
32543,12995,34230,2024-06-05 11:08:39.240,NULL
32544,12996,34231,2024-06-05 15:47:53.927,NULL
32545,12997,34232,2024-06-06 09:31:33.907,NULL
32546,12997,34233,2024-06-06 09:31:43.087,NULL
32547,12997,34234,2024-06-06 09:33:57.760,NULL
32548,12997,34235,2024-06-06 09:34:06.190,NULL
32549,12998,34236,2024-06-06 11:18:47.637,NULL
32550,12998,34237,2024-06-06 11:18:58.890,NULL
32551,12998,34238,2024-06-06 11:19:13.110,NULL
32552,12998,34239,2024-06-06 11:19:26.727,NULL
32553,12998,34240,2024-06-06 11:19:46.650,NULL
32554,12998,34241,2024-06-06 11:19:57.627,NULL
32555,12998,34242,2024-06-06 11:20:13.843,NULL
32556,12998,34243,2024-06-06 11:20:25.267,NULL
32557,12998,34244,2024-06-06 11:20:39.690,NULL
32558,12998,34245,2024-06-06 11:20:52.873,NULL
32559,12998,34246,2024-06-06 11:21:02.773,NULL
32560,12998,34247,2024-06-06 11:21:16.613,NULL
32561,12998,34248,2024-06-06 11:21:29.970,NULL
32562,12998,34249,2024-06-06 11:21:46.650,NULL
32563,12998,34250,2024-06-06 11:21:58.333,NULL
32564,12998,34251,2024-06-06 11:22:08.830,NULL
32565,12998,34252,2024-06-06 11:22:20.737,NULL
32566,12998,34253,2024-06-06 11:22:32.567,NULL
32567,12998,34254,2024-06-06 11:23:06.140,NULL
32568,12998,34255,2024-06-06 11:23:21.080,NULL
32569,12998,34256,2024-06-06 11:23:36.767,NULL
32570,12998,34257,2024-06-06 11:23:53.553,NULL
32571,12998,34258,2024-06-06 11:24:07.593,NULL
32572,12998,34259,2024-06-06 11:24:22.640,NULL
32573,12998,34260,2024-06-06 11:24:35.117,NULL
32574,12998,34261,2024-06-06 11:24:49.160,NULL
32575,12998,34262,2024-06-06 11:25:05.883,NULL
32576,12998,34263,2024-06-06 11:25:18.427,NULL
32577,12998,34264,2024-06-06 11:25:51.457,NULL
32578,12998,34265,2024-06-06 11:26:01.207,NULL
32579,12998,34266,2024-06-06 11:26:12.480,NULL
32580,12998,34267,2024-06-06 11:26:23.470,NULL
32581,12999,34268,2024-06-06 13:40:12.460,NULL
32582,13000,34269,2024-06-07 09:07:47.280,NULL
32583,483,34270,2024-06-07 11:41:56.947,NULL
32584,13001,34271,2024-06-10 12:57:57.490,NULL
32585,467,34272,2024-06-10 16:28:09.747,NULL
32586,13002,34273,2024-06-11 09:15:46.963,NULL
32587,12998,34274,2024-06-11 11:10:54.390,NULL
32588,13003,34275,2024-06-12 11:10:14.727,NULL
32589,13004,34276,2024-06-12 14:17:20.050,NULL
32590,13005,34277,2024-06-13 08:30:28.717,NULL
32591,13007,34278,2024-06-13 09:01:43.037,NULL
32592,13008,34279,2024-06-13 09:08:23.353,NULL
32593,13009,34280,2024-06-13 13:15:47.853,NULL
32594,13010,34281,2024-06-14 08:16:05.813,NULL
32595,13011,34282,2024-06-14 09:11:35.303,NULL
32596,13012,34283,2024-06-14 09:16:47.827,NULL
32597,13013,34284,2024-06-17 09:14:08.613,NULL
32598,13014,34285,2024-06-17 12:12:49.610,NULL
32599,13015,34286,2024-06-17 12:21:11.497,NULL
32600,13016,34287,2024-06-17 14:05:19.480,NULL
32601,526,34288,2024-06-18 10:01:11.083,NULL
32602,526,34289,2024-06-18 10:01:24.893,NULL
32603,13017,34290,2024-06-20 09:08:15.023,NULL
32604,13018,34291,2024-06-20 10:37:14.123,2024-06-20 10:58:33.120
32605,13018,34292,2024-06-20 10:58:59.790,NULL
32606,13019,34293,2024-06-20 13:19:44.080,NULL
32607,13020,34294,2024-06-20 13:30:34.673,NULL
32608,12014,34295,2024-06-20 15:20:18.293,NULL
32609,13021,34296,2024-06-20 15:34:57.403,NULL
32610,2123,34297,2024-06-20 16:17:55.737,NULL
32611,3364,34298,2024-06-21 09:17:04.623,NULL
32612,3364,34299,2024-06-21 09:17:17.347,NULL
32613,3364,34300,2024-06-21 09:17:29.003,NULL
32614,3364,34301,2024-06-21 09:17:40.817,NULL
32615,3364,34302,2024-06-21 09:18:08.417,NULL
32616,469,34303,2024-06-21 12:37:43.373,NULL
32617,13022,34304,2024-06-21 14:54:18.747,NULL
32618,13025,34305,2024-06-21 15:32:31.443,NULL
32619,13025,34306,2024-06-21 15:32:44.270,NULL
32620,13026,34307,2024-06-21 15:55:32.450,NULL
32621,485,34308,2024-06-24 09:13:11.843,NULL
32622,485,34309,2024-06-24 09:13:25.630,NULL
32623,13027,34310,2024-06-24 13:56:51.770,NULL
32624,13024,34311,2024-06-24 16:34:32.117,2024-06-24 16:36:22.063
32625,13028,34312,2024-06-25 08:26:09.560,NULL
32626,485,34313,2024-06-25 09:21:22.440,NULL
32627,485,34314,2024-06-25 09:48:54.173,NULL
32628,13029,34315,2024-06-25 12:19:16.440,NULL
32629,13031,34316,2024-06-25 12:35:25.050,NULL
32630,13031,34317,2024-06-25 12:35:38.343,NULL
32631,13031,34318,2024-06-25 12:35:50.820,NULL
32632,13031,34319,2024-06-25 12:36:01.603,NULL
32641,2123,34328,2024-06-25 14:40:33.147,NULL
32642,13035,34329,2024-06-26 08:48:45.677,NULL
32643,13036,34330,2024-06-26 08:49:11.213,NULL
32644,13038,34331,2024-06-26 09:21:03.940,NULL
32645,10453,34332,2024-06-27 11:46:47.733,NULL
32646,10453,34333,2024-06-27 11:47:27.100,NULL
32647,10453,34334,2024-06-27 11:47:36.933,NULL
32648,10453,34335,2024-06-27 11:47:45.217,NULL
32649,10453,34336,2024-06-27 11:47:54.563,NULL
32650,10453,34337,2024-06-27 11:50:31.540,NULL
32651,12304,34338,2024-06-27 12:03:06.510,NULL
32652,13039,34339,2024-06-27 14:25:06.550,NULL
32653,13040,34340,2024-06-27 16:42:56.987,2024-06-27 16:45:48.903
32654,13041,34341,2024-06-28 09:29:40.840,NULL
32655,11345,34342,2024-06-28 09:29:55.657,NULL
32656,13045,34343,2024-06-28 09:30:06.647,NULL
32657,13046,34344,2024-06-28 09:30:16.993,NULL
32658,13047,34345,2024-06-28 09:30:27.720,NULL
32659,13048,34346,2024-06-28 09:30:37.853,NULL
32660,13044,34347,2024-06-28 09:30:52.360,NULL
32661,13041,34348,2024-06-28 09:31:37.367,NULL
32662,11345,34349,2024-06-28 09:31:45.990,NULL
32663,13045,34350,2024-06-28 09:31:53.857,NULL
32664,13046,34351,2024-06-28 09:32:01.687,NULL
32665,13047,34352,2024-06-28 09:32:10.660,NULL
32666,13048,34353,2024-06-28 09:32:22.857,NULL
32667,13044,34354,2024-06-28 09:32:32.533,NULL
32668,13041,34355,2024-06-28 09:32:45.593,NULL
32669,11345,34356,2024-06-28 09:33:04.820,NULL
32670,13045,34357,2024-06-28 09:33:13.970,NULL
32671,13046,34358,2024-06-28 09:33:21.233,NULL
32672,13047,34359,2024-06-28 09:33:29.410,NULL
32673,13048,34360,2024-06-28 09:33:39.293,NULL
32674,13044,34361,2024-06-28 09:33:47.500,NULL
32675,13041,34362,2024-06-28 09:34:42.280,NULL
32676,11345,34363,2024-06-28 09:34:50.743,NULL
32677,13045,34364,2024-06-28 09:34:58.753,NULL
32678,13046,34365,2024-06-28 09:35:07.583,NULL
32679,13047,34366,2024-06-28 09:35:15.480,NULL
32680,13048,34367,2024-06-28 09:35:25.493,NULL
32681,13044,34368,2024-06-28 09:35:34.840,NULL
32682,13041,34369,2024-06-28 09:35:49.767,NULL
32683,11345,34370,2024-06-28 09:35:58.060,NULL
32684,13045,34371,2024-06-28 09:36:10.673,NULL
32685,13046,34372,2024-06-28 09:36:17.623,NULL
32686,13047,34373,2024-06-28 09:36:25.260,NULL
32687,13048,34374,2024-06-28 09:36:32.893,NULL
32688,13044,34375,2024-06-28 09:36:41.653,NULL
32689,13041,34376,2024-06-28 09:36:54.340,NULL
32690,11345,34377,2024-06-28 09:37:01.563,NULL
32691,13045,34378,2024-06-28 09:37:15.453,NULL
32692,13046,34379,2024-06-28 09:37:22.550,NULL
32693,13047,34380,2024-06-28 09:37:30.523,NULL
32694,13048,34381,2024-06-28 09:37:37.023,NULL
32695,13044,34382,2024-06-28 09:37:48.953,NULL
32696,13041,34383,2024-06-28 09:38:17.853,NULL
32697,11345,34384,2024-06-28 09:38:24.830,NULL
32698,13045,34385,2024-06-28 09:38:51.230,NULL
32699,13046,34386,2024-06-28 09:38:58.603,NULL
32700,13047,34387,2024-06-28 09:39:06.250,NULL
32701,13048,34388,2024-06-28 09:39:28.710,NULL
32702,13044,34389,2024-06-28 09:39:36.607,NULL
32703,13041,34390,2024-06-28 09:39:56.720,NULL
32704,11345,34391,2024-06-28 09:40:04.840,NULL
32705,13045,34392,2024-06-28 09:40:12.713,NULL
32706,13046,34393,2024-06-28 09:40:26.007,NULL
32707,13047,34394,2024-06-28 09:40:33.950,NULL
32708,13048,34395,2024-06-28 09:40:40.480,NULL
32709,13044,34396,2024-06-28 09:40:49.603,NULL
32710,13041,34397,2024-06-28 09:41:11.517,NULL
32711,11345,34398,2024-06-28 09:42:17.753,NULL
32712,13045,34399,2024-06-28 09:42:24.593,NULL
32713,13046,34400,2024-06-28 09:42:41.190,NULL
32714,13047,34401,2024-06-28 09:42:48.263,NULL
32715,13048,34402,2024-06-28 09:43:01.370,NULL
32716,13044,34403,2024-06-28 09:43:08.403,NULL
32717,13041,34404,2024-06-28 09:43:23.370,NULL
32718,11345,34405,2024-06-28 09:43:32.550,NULL
32719,13045,34406,2024-06-28 09:43:41.383,NULL
32720,13046,34407,2024-06-28 09:43:49.380,NULL
32721,13047,34408,2024-06-28 09:43:57.017,NULL
32722,13048,34409,2024-06-28 09:44:05.147,NULL
32723,13044,34410,2024-06-28 09:44:12.303,NULL
32724,13041,34411,2024-06-28 09:44:35.560,NULL
32725,11345,34412,2024-06-28 09:44:45.707,NULL
32726,13045,34413,2024-06-28 09:44:53.073,NULL
32727,13046,34414,2024-06-28 09:44:59.753,NULL
32728,13047,34415,2024-06-28 09:45:06.480,NULL
32729,13048,34416,2024-06-28 09:45:13.107,NULL
32730,13044,34417,2024-06-28 09:45:21.780,NULL
32731,13041,34418,2024-06-28 09:45:45.820,NULL
32732,11345,34419,2024-06-28 09:45:52.990,NULL
32733,13045,34420,2024-06-28 09:46:00.583,NULL
32734,13046,34421,2024-06-28 09:46:14.700,NULL
32735,13047,34422,2024-06-28 09:46:27.353,NULL
32736,13048,34423,2024-06-28 09:46:34.130,NULL
32737,13044,34424,2024-06-28 09:46:41.870,NULL
32738,13041,34425,2024-06-28 09:46:56.343,NULL
32739,11345,34426,2024-06-28 09:47:14.207,NULL
32740,13045,34427,2024-06-28 09:47:21.827,NULL
32741,13046,34428,2024-06-28 09:47:34.660,NULL
32742,13047,34429,2024-06-28 09:47:41.543,NULL
32743,13048,34430,2024-06-28 09:47:48.913,NULL
32744,13044,34431,2024-06-28 09:47:56.180,NULL
32745,13041,34432,2024-06-28 09:48:15.233,NULL
32746,11345,34433,2024-06-28 09:48:30.030,NULL
32747,13045,34434,2024-06-28 09:48:36.913,NULL
32748,13046,34435,2024-06-28 09:48:43.297,NULL
32749,13047,34436,2024-06-28 09:48:49.330,NULL
32750,13048,34437,2024-06-28 09:48:55.437,NULL
32751,13044,34438,2024-06-28 09:49:03.490,NULL
32752,13041,34439,2024-06-28 09:49:19.180,NULL
32753,11345,34440,2024-06-28 09:49:25.530,NULL
32754,13045,34441,2024-06-28 09:49:43.623,NULL
32755,13046,34442,2024-06-28 09:49:54.177,NULL
32756,13047,34443,2024-06-28 09:50:01.310,NULL
32757,13048,34444,2024-06-28 09:50:08.757,NULL
32758,13044,34445,2024-06-28 09:50:16.793,NULL
32759,13041,34446,2024-06-28 09:50:29.860,NULL
32760,11345,34447,2024-06-28 09:50:37.473,NULL
32761,13045,34448,2024-06-28 09:50:49.293,NULL
32762,13046,34449,2024-06-28 09:50:57.333,NULL
32763,13047,34450,2024-06-28 09:51:03.847,NULL
32764,13048,34451,2024-06-28 09:51:10.447,NULL
32765,13044,34452,2024-06-28 09:51:18.387,NULL
32766,13041,34453,2024-06-28 09:51:29.237,NULL
32767,11345,34454,2024-06-28 09:51:42.843,NULL
32768,13045,34455,2024-06-28 09:51:49.573,NULL
32769,13047,34456,2024-06-28 09:51:56.193,NULL
32770,13046,34457,2024-06-28 09:52:06.153,NULL
32771,13048,34458,2024-06-28 09:52:26.103,NULL
32772,13044,34459,2024-06-28 09:52:33.710,NULL
32773,13041,34460,2024-06-28 10:00:50.720,NULL
32774,11345,34461,2024-06-28 10:00:59.560,NULL
32775,13045,34462,2024-06-28 10:01:07.377,NULL
32776,13046,34463,2024-06-28 10:01:14.690,NULL
32777,13047,34464,2024-06-28 10:01:22.417,NULL
32778,13048,34465,2024-06-28 10:01:30.373,NULL
32779,13044,34466,2024-06-28 10:01:41.480,NULL
32780,13041,34467,2024-06-28 10:02:05.637,NULL
32781,11345,34468,2024-06-28 10:02:15.020,NULL
32782,13045,34469,2024-06-28 10:02:25.393,NULL
32783,13046,34470,2024-06-28 10:02:36.020,NULL
32784,13047,34471,2024-06-28 10:02:45.080,NULL
32785,13048,34472,2024-06-28 10:02:52.387,NULL
32786,13044,34473,2024-06-28 10:03:02.373,NULL
32787,13041,34474,2024-06-28 10:03:24.090,NULL
32788,11345,34475,2024-06-28 10:03:31.407,NULL
32789,13045,34476,2024-06-28 10:03:40.870,NULL
32790,13046,34477,2024-06-28 10:03:47.800,NULL
32791,13047,34478,2024-06-28 10:04:01.440,NULL
32792,13048,34479,2024-06-28 10:04:10.187,NULL
32793,13044,34480,2024-06-28 10:04:21.157,NULL
32794,13041,34481,2024-06-28 10:04:39.043,NULL
32795,11345,34482,2024-06-28 10:35:42.840,NULL
32796,13045,34483,2024-06-28 11:17:01.600,NULL
32797,13046,34484,2024-06-28 11:17:14.420,NULL
32798,13047,34485,2024-06-28 11:17:22.880,NULL
32799,13048,34486,2024-06-28 11:17:29.680,NULL
32800,13044,34487,2024-06-28 11:17:43.727,NULL
32801,13041,34488,2024-06-28 11:18:15.447,NULL
32802,11345,34489,2024-06-28 11:18:23.123,NULL
32803,13045,34490,2024-06-28 11:18:30.177,NULL
32804,13046,34491,2024-06-28 11:18:37.540,NULL
32805,13047,34492,2024-06-28 11:18:49.187,NULL
32806,13048,34493,2024-06-28 11:18:55.647,NULL
32807,13044,34494,2024-06-28 11:19:03.420,NULL
32808,13041,34495,2024-06-28 11:19:20.120,NULL
32809,11345,34496,2024-06-28 11:19:26.740,NULL
32810,13045,34497,2024-06-28 11:19:40.320,NULL
32811,13046,34498,2024-06-28 11:19:49.713,NULL
32812,13047,34499,2024-06-28 11:20:03.517,NULL
32813,13048,34500,2024-06-28 11:20:10.327,NULL
32814,13044,34501,2024-06-28 11:20:19.743,NULL
32815,13041,34502,2024-06-28 11:20:40.313,NULL
32816,11345,34503,2024-06-28 11:20:46.477,NULL
32817,13045,34504,2024-06-28 11:20:53.373,NULL
32818,13046,34505,2024-06-28 11:21:00.087,NULL
32819,13047,34506,2024-06-28 11:21:07.690,NULL
32820,13048,34507,2024-06-28 11:21:16.320,NULL
32821,13044,34508,2024-06-28 11:21:23.333,NULL
32822,13041,34509,2024-06-28 11:21:36.500,NULL
32823,11345,34510,2024-06-28 11:21:43.357,NULL
32824,13045,34511,2024-06-28 11:21:50.597,NULL
32825,13046,34512,2024-06-28 11:21:59.040,NULL
32826,13047,34513,2024-06-28 11:22:05.937,NULL
32827,13048,34514,2024-06-28 11:22:13.057,NULL
32828,13044,34515,2024-06-28 11:22:20.870,NULL
32829,13041,34516,2024-06-28 11:22:32.830,NULL
32830,11345,34517,2024-06-28 11:22:40.653,NULL
32831,13045,34518,2024-06-28 11:22:50.590,NULL
32832,13046,34519,2024-06-28 11:22:59.600,NULL
32833,13047,34520,2024-06-28 11:23:06.443,NULL
32834,13048,34521,2024-06-28 11:23:13.940,NULL
32835,13044,34522,2024-06-28 11:23:20.823,NULL
32836,13041,34523,2024-06-28 11:23:33.280,NULL
32837,11345,34524,2024-06-28 11:23:39.417,NULL
32838,13045,34525,2024-06-28 11:23:45.920,NULL
32839,13046,34526,2024-06-28 11:23:53.740,NULL
32840,13047,34527,2024-06-28 11:24:02.323,NULL
32841,13048,34528,2024-06-28 11:24:10.550,NULL
32842,13044,34529,2024-06-28 11:24:18.543,NULL
32843,13041,34530,2024-06-28 11:24:32.593,NULL
32844,11345,34531,2024-06-28 11:24:41.717,NULL
32845,13045,34532,2024-06-28 11:24:48.147,NULL
32846,13046,34533,2024-06-28 11:24:54.770,NULL
32847,13047,34534,2024-06-28 11:25:01.360,NULL
32848,13048,34535,2024-06-28 11:25:07.657,NULL
32849,13044,34536,2024-06-28 11:25:15.587,NULL
32850,13041,34537,2024-06-28 11:25:28.290,NULL
32851,11345,34538,2024-06-28 11:25:45.820,NULL
32852,13045,34539,2024-06-28 11:25:53.513,NULL
32853,13046,34540,2024-06-28 11:26:01.450,NULL
32854,13047,34541,2024-06-28 11:26:13.323,NULL
32855,13048,34542,2024-06-28 11:26:24.340,NULL
32856,13044,34543,2024-06-28 11:26:33.247,NULL
32857,13041,34544,2024-06-28 11:26:48.357,NULL
32858,11345,34545,2024-06-28 11:26:54.547,NULL
32859,13045,34546,2024-06-28 11:27:01.480,NULL
32860,13046,34547,2024-06-28 11:27:10.610,NULL
32861,13047,34548,2024-06-28 11:27:21.657,NULL
32862,13048,34549,2024-06-28 11:27:28.053,NULL
32863,13044,34550,2024-06-28 11:27:35.437,NULL
32864,13041,34551,2024-06-28 11:28:24.363,NULL
32865,11345,34552,2024-06-28 11:28:32.117,NULL
32866,13045,34553,2024-06-28 11:28:39.167,NULL
32867,13046,34554,2024-06-28 11:28:47.543,NULL
32868,13047,34555,2024-06-28 11:28:58.987,NULL
32869,13048,34556,2024-06-28 11:29:05.760,NULL
32870,13044,34557,2024-06-28 11:29:14.833,NULL
32871,13041,34558,2024-06-28 11:29:28.500,NULL
32872,11345,34559,2024-06-28 11:29:39.593,NULL
32873,13045,34560,2024-06-28 11:29:46.013,NULL
32874,13046,34561,2024-06-28 11:29:52.787,NULL
32875,13047,34562,2024-06-28 11:30:00.750,NULL
32876,13048,34563,2024-06-28 11:30:06.997,NULL
32877,13044,34564,2024-06-28 11:30:13.710,NULL
32878,13041,34565,2024-06-28 11:30:26.137,NULL
32879,11345,34566,2024-06-28 11:30:33.213,NULL
32880,13045,34567,2024-06-28 11:30:41.293,NULL
32881,13046,34568,2024-06-28 11:30:53.583,NULL
32882,13047,34569,2024-06-28 11:31:02.263,NULL
32883,13048,34570,2024-06-28 11:31:08.570,NULL
32884,13044,34571,2024-06-28 11:31:15.843,NULL
32885,13050,34572,2024-06-28 13:41:00.337,NULL
32886,11603,34573,2024-06-28 13:48:07.663,2024-06-28 16:26:07.137
32887,13052,34574,2024-07-01 09:04:33.763,NULL
32888,13053,34575,2024-07-01 09:33:33.987,NULL
32889,5358,34576,2024-07-01 11:12:32.457,NULL
32890,5358,34577,2024-07-01 11:12:45.160,NULL
32891,5358,34578,2024-07-01 11:12:55.470,NULL
32892,2236,34579,2024-07-01 14:54:00.490,NULL
32893,5122,34580,2024-07-01 15:50:27.440,NULL
32894,5122,34581,2024-07-01 15:51:11.320,NULL
32895,13054,34582,2024-07-01 16:18:37.120,NULL
32896,13054,34583,2024-07-01 16:18:56.197,NULL
32897,13054,34584,2024-07-01 16:19:11.770,NULL
32898,13054,34585,2024-07-01 16:19:24.150,NULL
32899,13054,34586,2024-07-01 16:19:38.803,NULL
32900,13055,34587,2024-07-01 16:25:56.873,NULL
32901,13056,34588,2024-07-02 10:07:43.820,NULL
32902,13057,34589,2024-07-02 12:20:02.913,NULL
32903,13057,34590,2024-07-02 12:20:14.980,NULL
32904,13057,34591,2024-07-02 12:20:30.657,NULL
32905,13057,34592,2024-07-02 12:20:41.710,NULL
32906,13057,34593,2024-07-02 12:20:52.090,NULL
32907,13057,34594,2024-07-02 12:21:06.880,NULL
32908,13057,34595,2024-07-02 12:21:17.000,NULL
32909,13057,34596,2024-07-02 12:21:31.380,NULL
32910,13057,34597,2024-07-02 12:21:42.593,NULL
32911,13057,34598,2024-07-02 12:22:21.500,NULL
32912,13057,34599,2024-07-02 12:23:07.200,NULL
32913,13057,34600,2024-07-02 12:23:17.637,NULL
32914,13057,34601,2024-07-02 12:23:25.710,NULL
32915,13057,34602,2024-07-02 12:23:33.577,NULL
32916,13057,34603,2024-07-02 12:23:41.910,NULL
32917,13057,34604,2024-07-02 12:23:59.890,NULL
32918,13057,34605,2024-07-02 12:24:11.813,NULL
32919,13057,34606,2024-07-02 12:25:01.027,NULL
32920,13057,34607,2024-07-02 12:25:12.247,NULL
32921,13057,34608,2024-07-02 12:25:23.377,NULL
32922,13057,34609,2024-07-02 12:25:41.243,NULL
32923,13057,34610,2024-07-02 12:25:55.927,NULL
32924,13057,34611,2024-07-02 12:26:06.117,NULL
32925,13057,34612,2024-07-02 12:26:21.720,NULL
32926,13057,34613,2024-07-02 12:26:29.840,NULL
32927,13057,34614,2024-07-02 12:26:49.653,NULL
32928,13057,34615,2024-07-02 12:27:01.603,NULL
32929,13058,34616,2024-07-02 15:49:44.850,NULL
32930,13062,34617,2024-07-03 13:52:41.243,NULL
32931,13062,34618,2024-07-03 13:52:53.717,NULL
32932,13062,34619,2024-07-03 13:53:07.060,NULL
32933,13063,34620,2024-07-03 15:02:19.380,NULL
32934,13059,34621,2024-07-05 11:24:05.423,NULL
32935,13060,34622,2024-07-05 11:24:16.523,NULL
32936,13061,34623,2024-07-05 11:24:27.173,NULL
32937,13064,34624,2024-07-05 12:08:00.067,NULL
32938,13065,34625,2024-07-05 15:54:20.570,NULL
32939,13065,34626,2024-07-05 15:54:43.677,NULL
32940,13065,34627,2024-07-05 15:55:07.167,NULL
32941,452,34628,2024-07-08 10:24:53.930,NULL
32942,13066,34629,2024-07-08 13:22:32.480,NULL
32943,13067,34630,2024-07-08 13:22:44.113,NULL
32944,13068,34631,2024-07-08 13:22:52.917,NULL
32945,13069,34632,2024-07-08 13:23:11.757,NULL
32946,13070,34633,2024-07-08 13:23:21.083,NULL
32947,13071,34634,2024-07-08 13:23:33.710,NULL
32948,13071,34635,2024-07-08 13:23:57.060,NULL
32949,13070,34636,2024-07-08 13:24:05.070,NULL
32950,13069,34637,2024-07-08 13:24:12.867,NULL
32951,13068,34638,2024-07-08 13:24:20.813,NULL
32952,13067,34639,2024-07-08 13:24:29.037,NULL
32953,13066,34640,2024-07-08 13:24:37.413,NULL
32954,13071,34641,2024-07-08 13:25:13.150,NULL
32955,13070,34642,2024-07-08 13:25:20.597,NULL
32956,13069,34643,2024-07-08 13:25:30.693,NULL
32957,13068,34644,2024-07-08 13:25:38.473,NULL
32958,13067,34645,2024-07-08 13:25:47.307,NULL
32959,13066,34646,2024-07-08 13:25:54.667,NULL
32960,13066,34647,2024-07-08 13:26:15.970,NULL
32961,13067,34648,2024-07-08 13:26:23.363,NULL
32962,13068,34649,2024-07-08 13:26:30.133,NULL
32963,13069,34650,2024-07-08 13:26:37.080,NULL
32964,13070,34651,2024-07-08 13:26:43.600,NULL
32965,13071,34652,2024-07-08 13:26:54.337,NULL
32966,13066,34653,2024-07-08 13:27:23.220,NULL
32967,13067,34654,2024-07-08 13:27:30.080,NULL
32968,13068,34655,2024-07-08 13:27:40.903,NULL
32969,13069,34656,2024-07-08 13:27:47.880,NULL
32970,13070,34657,2024-07-08 13:27:57.663,NULL
32971,13071,34658,2024-07-08 13:28:05.383,NULL
32972,13066,34659,2024-07-08 13:28:23.850,NULL
32973,13067,34660,2024-07-08 13:28:30.767,NULL
32974,13068,34661,2024-07-08 13:28:37.670,NULL
32975,13069,34662,2024-07-08 13:28:46.657,NULL
32976,13070,34663,2024-07-08 13:28:53.177,NULL
32977,13071,34664,2024-07-08 13:29:00.930,NULL
32978,13066,34665,2024-07-08 13:29:29.163,NULL
32979,13067,34666,2024-07-08 13:29:35.920,NULL
32980,13068,34667,2024-07-08 13:29:42.860,NULL
32981,13069,34668,2024-07-08 13:29:49.463,NULL
32982,13070,34669,2024-07-08 13:29:57.853,NULL
32983,13071,34670,2024-07-08 13:30:06.960,NULL
32984,13066,34671,2024-07-08 13:30:53.920,NULL
32985,13067,34672,2024-07-08 13:31:00.590,NULL
32986,13068,34673,2024-07-08 13:31:07.623,NULL
32987,13069,34674,2024-07-08 13:31:15.483,NULL
32988,13070,34675,2024-07-08 13:31:21.867,NULL
32989,13071,34676,2024-07-08 13:31:28.900,NULL
32990,13066,34677,2024-07-08 13:32:13.780,NULL
32991,13067,34678,2024-07-08 13:32:20.297,NULL
32992,13068,34679,2024-07-08 13:32:26.653,NULL
32993,13069,34680,2024-07-08 13:32:33.393,NULL
32994,13070,34681,2024-07-08 13:32:45.207,NULL
32995,13071,34682,2024-07-08 13:32:53.267,NULL
32996,13066,34683,2024-07-08 13:33:14.360,NULL
32997,13067,34684,2024-07-08 13:33:21.450,NULL
32998,13068,34685,2024-07-08 13:33:28.443,NULL
32999,13069,34686,2024-07-08 13:33:35.120,NULL
33000,13070,34687,2024-07-08 13:33:41.637,NULL
33001,13071,34688,2024-07-08 13:33:48.000,NULL
33002,13066,34689,2024-07-08 13:34:02.063,NULL
33003,13067,34690,2024-07-08 13:34:09.793,NULL
33004,13068,34691,2024-07-08 13:34:16.560,NULL
33005,13069,34692,2024-07-08 13:34:23.013,NULL
33006,13070,34693,2024-07-08 13:34:29.153,NULL
33007,13071,34694,2024-07-08 13:34:43.887,NULL
33008,13066,34695,2024-07-08 13:35:04.453,NULL
33009,13067,34696,2024-07-08 13:35:10.933,NULL
33010,13068,34697,2024-07-08 13:35:17.977,NULL
33011,13069,34698,2024-07-08 13:35:28.727,NULL
33012,13070,34699,2024-07-08 13:35:35.003,NULL
33013,13071,34700,2024-07-08 13:35:43.127,NULL
33014,13072,34701,2024-07-08 15:51:09.023,2024-07-09 10:24:34.623
33015,13073,34702,2024-07-09 10:25:03.933,NULL
33016,13074,34703,2024-07-09 15:19:17.530,NULL
33017,13075,34704,2024-07-10 10:37:05.677,NULL
33018,13076,34705,2024-07-10 11:37:44.787,NULL
33019,13078,34706,2024-07-11 09:38:35.023,NULL
33020,5817,34707,2024-07-11 13:33:30.917,2024-11-22 12:55:31.963
33021,13079,34708,2024-07-12 15:23:58.500,NULL
33022,13080,34709,2024-07-15 09:26:28.570,NULL
33023,11567,34710,2024-07-15 09:42:00.653,NULL
33024,11567,34711,2024-07-15 09:42:12.100,NULL
33025,13082,34712,2024-07-15 11:02:22.817,NULL
33026,13083,34713,2024-07-16 09:04:58.140,NULL
33027,13084,34714,2024-07-17 11:05:27.187,NULL
33028,13085,34715,2024-07-17 12:31:29.640,NULL
33029,11873,34716,2024-07-17 13:41:20.287,2024-07-17 13:43:33.330
33030,12987,34717,2024-07-18 15:35:36.680,NULL
33031,12987,34718,2024-07-18 15:35:51.603,NULL
33032,12987,34719,2024-07-18 15:36:02.060,NULL
33033,13087,34720,2024-07-19 09:22:24.157,NULL
33034,13088,34721,2024-07-19 13:32:33.600,NULL
33035,13089,34722,2024-07-22 08:24:05.653,NULL
33036,12966,34723,2024-07-22 10:09:36.740,2024-07-22 10:14:34.310
33037,12966,34724,2024-07-22 10:10:01.583,NULL
33038,12966,34725,2024-07-22 10:10:13.740,NULL
33039,12966,34726,2024-07-22 10:10:26.673,NULL
33040,12966,34727,2024-07-22 10:10:47.547,NULL
33041,5346,34728,2024-07-22 15:26:52.560,NULL
33042,13090,34729,2024-07-23 07:04:12.680,NULL
33043,13091,34730,2024-07-23 07:47:22.237,NULL
33044,13092,34731,2024-07-23 09:19:30.183,NULL
33045,13094,34732,2024-07-23 14:03:40.143,NULL
33046,13095,34733,2024-07-23 14:44:37.790,NULL
33047,13096,34734,2024-07-23 15:35:09.050,NULL
33048,13097,34735,2024-07-24 09:49:35.717,NULL
33049,13098,34736,2024-07-24 09:53:47.120,NULL
33050,13099,34737,2024-07-25 09:05:07.550,NULL
33051,5754,34738,2024-07-25 13:10:52.993,NULL
33052,13100,34739,2024-07-26 09:09:46.393,NULL
33053,467,34740,2024-07-26 10:13:29.637,2025-05-29 13:22:11.507
33056,5990,34743,2024-07-26 11:33:34.347,NULL
33057,13101,34744,2024-07-26 11:53:01.050,NULL
33058,13102,34745,2024-07-26 13:02:21.113,NULL
33059,13103,34746,2024-07-26 13:24:22.333,NULL
33060,13103,34747,2024-07-26 13:24:29.793,NULL
33061,13103,34748,2024-07-26 13:24:39.210,NULL
33062,13103,34749,2024-07-26 13:24:48.687,NULL
33063,13103,34750,2024-07-26 13:24:56.937,NULL
33064,13104,34751,2024-07-26 13:37:23.530,NULL
33066,13109,34753,2024-07-30 09:29:06.837,NULL
33067,597,34754,2024-07-31 11:26:07.653,NULL
33068,13106,34755,2024-08-01 06:45:49.550,NULL
33069,13105,34756,2024-08-01 06:49:38.860,NULL
33070,922,34757,2024-08-01 08:44:08.383,2024-08-02 06:41:21.273
33071,13107,34758,2024-08-01 08:50:12.417,NULL
33072,13113,34759,2024-08-01 08:54:49.713,NULL
33073,5653,34760,2024-08-01 09:03:09.690,NULL
33074,6225,34761,2024-08-01 09:04:51.540,NULL
33075,6244,34762,2024-08-01 09:06:09.430,NULL
33076,6255,34763,2024-08-01 09:07:29.960,NULL
33077,13114,34764,2024-08-01 09:12:20.550,NULL
33078,13116,34765,2024-08-01 09:42:16.780,NULL
33079,13117,34766,2024-08-01 10:36:16.710,NULL
33080,3395,34767,2024-08-01 11:40:41.860,NULL
33081,13118,34768,2024-08-01 12:11:49.280,NULL
33082,13119,34769,2024-08-02 08:47:17.210,NULL
33083,13120,34770,2024-08-02 09:38:25.047,NULL
33084,13121,34771,2024-08-02 12:14:52.970,NULL
33085,6210,34772,2024-08-02 15:04:22.037,NULL
33086,7994,34773,2024-08-02 15:08:45.293,NULL
33087,6332,34774,2024-08-02 15:49:52.193,NULL
33088,6332,34775,2024-08-02 15:53:39.740,NULL
33089,6332,34776,2024-08-02 15:53:52.900,NULL
33090,6332,34777,2024-08-02 15:57:00.787,NULL
33091,6332,34778,2024-08-02 15:59:02.250,NULL
33092,6332,34779,2024-08-02 15:59:09.567,NULL
33093,6332,34780,2024-08-02 16:05:25.073,NULL
33094,6332,34781,2024-08-02 16:13:54.203,NULL
33095,7480,34782,2024-08-02 16:28:53.763,NULL
33096,499,34783,2024-08-05 09:17:36.053,NULL
33097,7247,34784,2024-08-05 12:03:21.053,NULL
33098,7155,34785,2024-08-05 18:11:27.843,NULL
33099,13122,34786,2024-08-07 09:47:32.373,NULL
33100,13123,34787,2024-08-07 15:27:02.750,NULL
33101,565,34788,2024-08-08 08:43:14.760,2025-04-16 15:30:03.597
33105,565,34792,2024-08-08 09:10:07.180,NULL
33106,565,34793,2024-08-08 09:29:27.410,NULL
33107,5999,34794,2024-08-08 11:05:24.370,NULL
33108,6039,34795,2024-08-08 11:10:45.010,NULL
33109,7091,34796,2024-08-08 11:14:31.480,NULL
33110,1759,34797,2024-08-08 14:38:10.557,NULL
33111,13124,34798,2024-08-08 14:55:48.417,NULL
33112,12319,34799,2024-08-09 09:40:39.083,NULL
33113,13125,34800,2024-08-09 11:46:34.037,NULL
33114,13126,34801,2024-08-09 14:12:11.357,NULL
33115,13127,34802,2024-08-12 09:04:03.820,NULL
33116,13128,34803,2024-08-12 11:47:54.663,NULL
33117,13129,34804,2024-08-12 12:30:23.620,NULL
33118,13130,34805,2024-08-12 14:57:04.940,NULL
33119,13131,34806,2024-08-13 13:09:46.873,NULL
33121,13133,34808,2024-08-14 10:21:15.907,2024-09-09 12:17:23.233
33123,13134,34810,2024-08-14 14:05:11.933,NULL
33124,2426,34811,2024-08-15 07:09:04.463,NULL
33125,13135,34812,2024-08-15 09:21:39.427,NULL
33126,13136,34813,2024-08-15 10:19:31.877,NULL
33127,12987,34814,2024-08-15 11:35:37.063,NULL
33128,13137,34815,2024-08-15 11:35:45.753,NULL
33129,12987,34816,2024-08-15 11:40:20.380,NULL
33130,13137,34817,2024-08-15 11:43:16.963,NULL
33131,13137,34818,2024-08-15 11:43:31.673,NULL
33132,13137,34819,2024-08-15 11:43:50.773,NULL
33133,13137,34820,2024-08-15 11:44:01.147,NULL
33134,13137,34821,2024-08-15 11:44:10.513,NULL
33135,13137,34822,2024-08-15 11:44:23.873,NULL
33136,13137,34823,2024-08-15 11:44:31.930,NULL
33137,13137,34824,2024-08-15 11:44:41.213,NULL
33138,13137,34825,2024-08-15 11:44:52.047,NULL
33139,13137,34826,2024-08-15 11:45:00.517,NULL
33140,13137,34827,2024-08-15 11:45:10.670,NULL
33141,13137,34828,2024-08-15 11:45:20.243,NULL
33142,13137,34829,2024-08-15 11:45:42.287,NULL
33143,13137,34830,2024-08-15 11:45:52.060,NULL
33144,13137,34831,2024-08-15 11:46:02.197,NULL
33145,13137,34832,2024-08-15 11:47:50.960,NULL
33146,13137,34833,2024-08-15 11:48:01.167,NULL
33147,13137,34834,2024-08-15 11:48:10.880,NULL
33148,13137,34835,2024-08-15 11:48:21.853,NULL
33149,13137,34836,2024-08-15 11:48:33.983,NULL
33150,13137,34837,2024-08-15 11:48:42.717,NULL
33151,7348,34838,2024-08-15 13:49:21.797,NULL
33152,13138,34839,2024-08-15 15:08:49.930,NULL
33153,2514,34840,2024-08-16 11:03:56.037,NULL
33154,2514,34841,2024-08-16 11:06:36.080,NULL
33155,2514,34842,2024-08-16 11:06:47.310,NULL
33156,2514,34843,2024-08-16 11:06:58.853,NULL
33157,13139,34844,2024-08-16 11:23:35.003,NULL
33158,13140,34845,2024-08-16 12:43:16.107,NULL
33159,13141,34846,2024-08-19 09:09:26.630,NULL
33160,13142,34847,2024-08-19 09:30:46.583,NULL
33161,4908,34848,2024-08-19 11:16:19.537,NULL
33162,7862,34849,2024-08-19 17:52:21.437,NULL
33163,582,34850,2024-08-20 09:12:37.670,NULL
33164,582,34851,2024-08-20 09:12:49.680,NULL
33165,13143,34852,2024-08-20 11:03:10.950,NULL
33166,10224,34853,2024-08-20 11:18:51.547,NULL
33167,469,34854,2024-08-20 13:01:07.627,NULL
33168,13145,34855,2024-08-20 15:28:35.330,NULL
33169,11551,34856,2024-08-23 09:34:32.717,NULL
33170,13146,34857,2024-08-23 11:45:05.283,NULL
33171,13147,34858,2024-08-23 12:18:58.800,NULL
33172,13148,34859,2024-08-23 14:35:30.193,2024-08-23 14:39:17.873
33173,13149,34860,2024-08-23 14:55:51.090,NULL
33174,13150,34861,2024-08-23 15:34:12.170,NULL
33175,13151,34862,2024-08-26 10:44:38.390,NULL
33176,12627,34863,2024-08-26 11:54:51.690,NULL
33178,3363,34865,2024-08-26 12:22:49.030,NULL
33179,448,34866,2024-08-27 12:45:56.663,NULL
33180,13152,34867,2024-08-27 12:57:23.397,2024-08-30 13:06:48.107
33181,13153,34868,2024-08-27 13:45:35.260,NULL
33182,13155,34869,2024-08-27 14:03:58.110,NULL
33183,591,34870,2024-08-27 14:56:03.963,NULL
33184,13156,34871,2024-08-28 11:15:43.580,NULL
33185,13157,34872,2024-08-28 11:15:56.727,NULL
33186,13158,34873,2024-08-29 09:18:12.380,2025-03-13 10:05:25.160
33187,10565,34874,2024-08-29 09:48:21.240,NULL
33188,13159,34875,2024-08-29 12:00:24.213,NULL
33189,13160,34876,2024-08-29 12:52:11.663,NULL
33190,13161,34877,2024-08-30 12:40:34.290,NULL
33192,13163,34879,2024-09-03 13:27:20.160,NULL
33193,1527,34880,2024-09-03 14:43:18.267,NULL
33194,1527,34881,2024-09-03 14:44:22.010,NULL
33195,13164,34882,2024-09-03 15:29:40.277,NULL
33196,13164,34883,2024-09-03 15:29:53.637,NULL
33197,13166,34884,2024-09-03 16:08:53.013,NULL
33198,13167,34885,2024-09-04 14:15:22.727,NULL
33199,474,34886,2024-09-04 15:23:30.820,2025-11-10 14:40:20.450
33200,13168,34887,2024-09-05 07:01:04.240,2025-02-26 13:31:30.920
33201,13169,34888,2024-09-06 11:12:35.757,NULL
33202,13170,34889,2024-09-09 09:11:51.627,NULL
33203,13171,34890,2024-09-09 11:23:38.677,NULL
33204,13172,34891,2024-09-09 11:30:55.440,NULL
33205,13173,34892,2024-09-09 12:13:49.833,NULL
33206,13132,34893,2024-09-09 12:24:08.083,NULL
33207,12627,34894,2024-09-09 12:26:02.817,NULL
33208,12627,34895,2024-09-09 12:26:50.920,NULL
33209,12627,34896,2024-09-09 12:27:38.717,NULL
33210,12627,34897,2024-09-09 12:30:00.793,NULL
33211,12627,34898,2024-09-09 12:30:21.867,NULL
33212,13174,34899,2024-09-10 14:27:52.650,NULL
33213,13175,34900,2024-09-11 12:24:42.807,NULL
33214,13176,34901,2024-09-11 13:15:06.227,2024-09-12 14:17:48.587
33215,13178,34902,2024-09-11 14:24:52.027,NULL
33216,13179,34903,2024-09-12 09:22:54.360,NULL
33217,13180,34904,2024-09-12 09:44:27.850,NULL
33218,13181,34905,2024-09-12 12:07:02.340,NULL
33219,6242,34906,2024-09-12 12:12:47.367,NULL
33220,13182,34907,2024-09-12 12:57:46.130,NULL
33221,1989,34908,2024-09-12 15:37:41.617,NULL
33222,1989,34909,2024-09-12 15:37:52.157,NULL
33223,13183,34910,2024-09-12 16:18:23.293,NULL
33224,11731,34911,2024-09-13 09:15:15.460,NULL
33225,11731,34912,2024-09-13 09:17:35.710,NULL
33226,11730,34913,2024-09-13 09:26:46.457,NULL
33227,11730,34914,2024-09-13 09:28:15.280,NULL
33228,13184,34915,2024-09-13 09:31:40.327,NULL
33229,13184,34916,2024-09-13 09:31:49.863,NULL
33230,13184,34917,2024-09-13 09:32:00.043,NULL
33231,13184,34918,2024-09-13 09:32:11.387,NULL
33232,13185,34919,2024-09-13 10:02:15.037,NULL
33233,13185,34920,2024-09-13 10:02:29.050,NULL
33234,13185,34921,2024-09-13 10:02:38.090,NULL
33235,13185,34922,2024-09-13 10:02:49.327,NULL
33236,13185,34923,2024-09-13 10:03:00.727,NULL
33237,13185,34924,2024-09-13 10:03:13.970,NULL
33238,13185,34925,2024-09-13 10:03:28.133,NULL
33239,13185,34926,2024-09-13 10:03:36.193,NULL
33240,13185,34927,2024-09-13 10:03:44.727,NULL
33241,13185,34928,2024-09-13 10:04:03.833,NULL
33242,13185,34929,2024-09-13 10:04:11.983,NULL
33243,13185,34930,2024-09-13 10:04:21.480,NULL
33244,13185,34931,2024-09-13 10:04:28.547,NULL
33245,13185,34932,2024-09-13 10:04:39.393,NULL
33246,13185,34933,2024-09-13 10:16:43.993,NULL
33247,13185,34934,2024-09-13 10:16:59.243,NULL
33248,13185,34935,2024-09-13 10:17:09.737,NULL
33249,13185,34936,2024-09-13 10:17:35.860,NULL
33250,13185,34937,2024-09-13 10:17:46.280,NULL
33251,13185,34938,2024-09-13 10:17:55.683,NULL
33252,13185,34939,2024-09-13 10:18:15.547,NULL
33253,13185,34940,2024-09-13 10:18:30.520,NULL
33254,13185,34941,2024-09-13 10:18:42.177,NULL
33255,13185,34942,2024-09-13 10:18:55.370,NULL
33256,13185,34943,2024-09-13 10:19:07.487,NULL
33257,13185,34944,2024-09-13 10:19:17.983,NULL
33258,13185,34945,2024-09-13 10:19:34.587,NULL
33259,13185,34946,2024-09-13 10:19:48.983,NULL
33260,13185,34947,2024-09-13 10:20:00.080,NULL
33261,13185,34948,2024-09-13 10:20:13.997,NULL
33262,13185,34949,2024-09-13 10:20:25.760,NULL
33263,13185,34950,2024-09-13 10:21:05.510,2024-09-13 10:22:02.943
33264,13185,34951,2024-09-13 10:21:18.590,NULL
33265,13185,34952,2024-09-13 10:22:18.393,NULL
33266,13185,34953,2024-09-13 10:22:35.220,NULL
33267,13185,34954,2024-09-13 10:22:57.113,NULL
33268,13185,34955,2024-09-13 10:23:07.230,NULL
33269,13185,34956,2024-09-13 10:23:17.427,NULL
33270,13185,34957,2024-09-13 10:23:32.810,NULL
33271,13185,34958,2024-09-13 10:23:45.097,NULL
33272,13185,34959,2024-09-13 10:24:04.097,NULL
33273,13185,34960,2024-09-13 10:24:23.587,NULL
33274,13185,34961,2024-09-13 10:24:33.510,NULL
33275,13185,34962,2024-09-13 10:25:13.940,NULL
33276,13185,34963,2024-09-13 10:25:57.237,NULL
33277,13185,34964,2024-09-13 10:26:11.050,NULL
33278,13185,34965,2024-09-13 10:26:37.180,NULL
33279,13185,34966,2024-09-13 10:26:57.127,NULL
33280,13185,34967,2024-09-13 10:27:10.863,NULL
33281,13185,34968,2024-09-13 10:28:39.520,NULL
33282,13185,34969,2024-09-13 10:28:51.300,NULL
33283,13185,34970,2024-09-13 10:29:05.533,NULL
33284,13185,34971,2024-09-13 10:29:18.340,NULL
33285,13185,34972,2024-09-13 10:29:49.437,NULL
33286,13185,34973,2024-09-13 10:30:08.043,NULL
33287,6784,34974,2024-09-13 10:32:20.843,NULL
33288,13185,34975,2024-09-13 10:40:40.830,NULL
33289,13185,34976,2024-09-13 10:40:54.010,NULL
33290,13185,34977,2024-09-13 10:41:16.920,NULL
33291,13185,34978,2024-09-13 10:41:27.197,NULL
33292,13185,34979,2024-09-13 10:41:37.430,NULL
33293,13185,34980,2024-09-13 10:43:11.883,NULL
33294,13185,34981,2024-09-13 10:43:20.197,NULL
33295,13185,34982,2024-09-13 10:43:29.720,NULL
33296,13185,34983,2024-09-13 10:43:38.083,NULL
33297,13185,34984,2024-09-13 10:43:46.873,NULL
33298,13185,34985,2024-09-13 10:43:57.703,NULL
33299,13185,34986,2024-09-13 10:45:59.147,NULL
33300,13185,34987,2024-09-13 10:46:20.763,NULL
33301,13185,34988,2024-09-13 10:46:48.800,NULL
33302,13185,34989,2024-09-13 10:46:57.570,NULL
33303,13185,34990,2024-09-13 10:47:06.753,NULL
33304,13185,34991,2024-09-13 10:47:19.903,NULL
33305,13185,34992,2024-09-13 10:47:33.037,NULL
33306,13185,34993,2024-09-13 10:47:41.870,NULL
33307,13185,34994,2024-09-13 10:47:54.253,NULL
33308,13185,34995,2024-09-13 10:48:14.820,NULL
33309,13185,34996,2024-09-13 10:48:24.787,NULL
33310,13185,34997,2024-09-13 10:48:36.860,NULL
33311,13185,34998,2024-09-13 10:48:49.133,NULL
33312,13185,34999,2024-09-13 11:43:52.690,NULL
33313,7412,35000,2024-09-13 11:52:17.403,NULL
33314,7413,35001,2024-09-13 11:53:22.367,NULL
33315,13186,35002,2024-09-13 13:15:10.917,NULL
33316,13186,35003,2024-09-13 13:15:24.217,NULL
33317,13186,35004,2024-09-13 13:15:32.097,NULL
33318,13186,35005,2024-09-13 13:15:41.020,NULL
33319,13186,35006,2024-09-13 13:15:50.767,NULL
33320,13186,35007,2024-09-13 13:16:05.613,NULL
33321,13186,35008,2024-09-13 13:16:14.810,NULL
33322,13186,35009,2024-09-13 13:16:23.440,NULL
33323,13186,35010,2024-09-13 13:16:34.027,NULL
33324,13186,35011,2024-09-13 13:16:45.553,NULL
33325,13187,35012,2024-09-13 13:49:40.223,NULL
33326,4481,35013,2024-09-13 15:33:52.183,NULL
33327,4573,35014,2024-09-13 16:23:35.733,NULL
33328,4579,35015,2024-09-13 16:37:09.570,NULL
33329,4584,35016,2024-09-13 16:44:51.400,NULL
33330,7683,35017,2024-09-16 10:25:52.850,NULL
33331,13188,35018,2024-09-16 10:38:30.777,NULL
33332,8106,35019,2024-09-16 12:18:46.497,NULL
33333,4720,35020,2024-09-16 15:29:43.197,NULL
33334,13189,35021,2024-09-17 14:15:06.763,NULL
33335,13190,35022,2024-09-18 09:07:47.990,NULL
33336,5246,35023,2024-09-18 11:08:36.060,NULL
33337,13191,35024,2024-09-18 12:45:58.367,NULL
33338,5733,35025,2024-09-18 16:06:31.290,NULL
33339,5986,35026,2024-09-18 17:49:48.403,NULL
33340,13193,35027,2024-09-19 09:02:25.180,NULL
33341,10135,35028,2024-09-19 09:18:40.197,NULL
33342,10135,35029,2024-09-19 09:18:50.963,NULL
33343,10135,35030,2024-09-19 09:19:00.180,NULL
33344,10135,35031,2024-09-19 09:19:10.413,NULL
33345,10135,35032,2024-09-19 09:19:21.617,NULL
33346,10135,35033,2024-09-19 09:19:30.157,NULL
33347,10135,35034,2024-09-19 09:19:43.940,NULL
33348,10135,35035,2024-09-19 09:19:52.567,NULL
33349,10135,35036,2024-09-19 09:20:02.750,NULL
33350,10135,35037,2024-09-19 09:20:15.357,NULL
33351,13196,35038,2024-09-19 09:33:03.950,NULL
33352,13195,35039,2024-09-19 10:39:31.717,NULL
33353,13195,35040,2024-09-19 10:39:45.200,NULL
33354,13195,35041,2024-09-19 10:40:00.037,NULL
33355,13195,35042,2024-09-19 10:40:17.340,NULL
33356,13195,35043,2024-09-19 10:40:34.630,NULL
33357,13195,35044,2024-09-19 10:40:48.247,NULL
33358,13195,35045,2024-09-19 10:41:00.893,NULL
33359,13195,35046,2024-09-19 10:41:15.080,NULL
33360,13195,35047,2024-09-19 10:41:34.660,NULL
33361,13195,35048,2024-09-19 10:41:50.237,NULL
33362,13195,35049,2024-09-19 10:42:09.190,NULL
33363,13195,35050,2024-09-19 10:42:23.170,NULL
33364,6229,35051,2024-09-19 12:33:37.493,NULL
33365,6280,35052,2024-09-19 12:49:59.977,NULL
33366,467,35053,2024-09-20 08:52:54.213,NULL
33367,13197,35054,2024-09-20 09:58:53.460,NULL
33368,13197,35055,2024-09-20 09:59:27.110,NULL
33369,13197,35056,2024-09-20 09:59:46.663,NULL
33370,13199,35057,2024-09-20 10:00:00.597,NULL
33371,13199,35058,2024-09-20 10:00:11.073,NULL
33372,13197,35059,2024-09-20 10:00:15.927,NULL
33373,13199,35060,2024-09-20 10:00:20.850,NULL
33374,13199,35061,2024-09-20 10:00:29.810,NULL
33375,13199,35062,2024-09-20 10:00:39.710,NULL
33376,13199,35063,2024-09-20 10:00:48.530,NULL
33377,13197,35064,2024-09-20 10:00:53.087,NULL
33378,13199,35065,2024-09-20 10:01:00.150,NULL
33379,13199,35066,2024-09-20 10:01:09.000,NULL
33380,13197,35067,2024-09-20 10:01:11.203,NULL
33381,13199,35068,2024-09-20 10:01:16.800,NULL
33382,13199,35069,2024-09-20 10:01:26.097,NULL
33383,13197,35070,2024-09-20 10:01:37.177,NULL
33384,13197,35071,2024-09-20 10:02:20.717,NULL
33385,13197,35072,2024-09-20 10:02:35.817,NULL
33386,13197,35073,2024-09-20 10:03:07.403,NULL
33387,13197,35074,2024-09-20 10:03:39.300,NULL
33388,13198,35075,2024-09-20 10:03:59.447,NULL
33389,13198,35076,2024-09-20 10:04:11.400,NULL
33390,13198,35077,2024-09-20 10:04:28.547,NULL
33391,13198,35078,2024-09-20 10:06:41.880,NULL
33392,13198,35079,2024-09-20 10:06:57.920,NULL
33393,13198,35080,2024-09-20 10:07:15.480,NULL
33394,13198,35081,2024-09-20 10:07:30.797,NULL
33395,13198,35082,2024-09-20 10:07:44.893,NULL
33396,13198,35083,2024-09-20 10:08:02.063,NULL
33397,13198,35084,2024-09-20 10:08:29.023,NULL
33398,13198,35085,2024-09-20 10:08:46.287,NULL
33399,13200,35086,2024-09-20 11:03:34.960,NULL
33400,13201,35087,2024-09-20 13:38:30.497,NULL
33401,13202,35088,2024-09-20 13:38:47.547,NULL
33402,13203,35089,2024-09-20 13:39:01.800,NULL
33403,13204,35090,2024-09-20 13:39:14.597,NULL
33404,13206,35091,2024-09-20 13:40:30.547,NULL
33405,13207,35092,2024-09-20 13:40:44.100,NULL
33406,13208,35093,2024-09-20 13:40:57.550,NULL
33407,13209,35094,2024-09-20 13:41:13.317,NULL
33408,13210,35095,2024-09-20 13:41:35.487,NULL
33410,13213,35097,2024-09-20 13:42:09.830,NULL
33411,13214,35098,2024-09-20 13:42:26.023,2024-09-20 14:05:30.583
33412,13215,35099,2024-09-20 13:45:15.990,NULL
33413,13216,35100,2024-09-20 13:45:50.537,NULL
33414,13217,35101,2024-09-20 13:46:10.323,NULL
33415,13218,35102,2024-09-20 13:46:25.260,NULL
33416,13219,35103,2024-09-20 13:47:02.383,NULL
33417,13220,35104,2024-09-23 09:04:53.560,NULL
33418,3395,35105,2024-09-23 12:33:05.897,NULL
33419,3395,35106,2024-09-23 12:33:24.143,NULL
33420,13221,35107,2024-09-23 14:05:07.553,NULL
33421,7384,35108,2024-09-23 15:14:18.487,NULL
33422,13222,35109,2024-09-24 09:12:06.630,NULL
33423,13224,35110,2024-09-24 09:19:50.030,NULL
33424,474,35111,2024-09-24 09:49:28.370,NULL
33425,13225,35112,2024-09-24 12:59:37.697,2025-08-08 13:55:47.730
33426,539,35113,2024-09-25 14:56:17.347,NULL
33427,13226,35114,2024-09-25 15:08:36.710,NULL
33428,7956,35115,2024-09-25 16:00:44.650,NULL
33429,13227,35116,2024-09-26 10:07:20.773,NULL
33430,13228,35117,2024-09-26 10:07:32.477,NULL
33431,13229,35118,2024-09-26 10:07:41.160,NULL
33432,13230,35119,2024-09-26 10:07:50.063,NULL
33433,13231,35120,2024-09-26 10:08:00.513,NULL
33434,13227,35121,2024-09-26 10:08:19.937,NULL
33435,13228,35122,2024-09-26 10:08:30.550,NULL
33436,13229,35123,2024-09-26 10:08:39.447,NULL
33437,13230,35124,2024-09-26 10:08:48.293,NULL
33438,13231,35125,2024-09-26 10:08:57.003,NULL
33439,13227,35126,2024-09-26 10:09:12.353,NULL
33440,13228,35127,2024-09-26 10:09:19.930,NULL
33441,13229,35128,2024-09-26 10:09:26.983,NULL
33442,13230,35129,2024-09-26 10:09:34.803,NULL
33443,13231,35130,2024-09-26 10:09:41.877,NULL
33444,510,35131,2024-09-27 15:28:41.107,NULL
33445,13232,35132,2024-09-30 11:26:20.637,NULL
33446,13233,35133,2024-09-30 12:14:48.103,NULL
33447,13235,35134,2024-10-01 09:44:11.670,NULL
33448,13236,35135,2024-10-01 09:44:35.850,NULL
33449,13237,35136,2024-10-01 09:44:58.520,NULL
33450,13238,35137,2024-10-01 10:08:10.350,NULL
33451,13239,35138,2024-10-01 11:19:41.190,NULL
33452,5907,35139,2024-10-01 13:52:29.810,NULL
33453,13240,35140,2024-10-01 14:04:13.000,NULL
33454,13241,35141,2024-10-01 15:26:45.490,NULL
33455,13241,35142,2024-10-01 15:27:01.710,NULL
33456,482,35143,2024-10-01 16:41:21.930,NULL
33457,13242,35144,2024-10-02 09:48:27.567,NULL
33458,13243,35145,2024-10-02 13:00:47.973,NULL
33469,13244,35156,2024-10-03 09:21:18.973,NULL
33470,13245,35157,2024-10-03 09:47:27.283,NULL
33471,845,35158,2024-10-03 10:13:59.447,NULL
33472,845,35159,2024-10-03 10:16:41.020,NULL
33473,13246,35160,2024-10-03 10:17:09.040,NULL
33474,8141,35161,2024-10-03 10:58:23.980,NULL
33475,6947,35162,2024-10-03 11:24:47.650,NULL
33476,440,35163,2024-10-03 14:04:43.520,NULL
33477,13247,35164,2024-10-03 15:47:58.583,NULL
33478,582,35165,2024-10-03 15:59:16.050,NULL
33479,8236,35166,2024-10-04 10:09:43.830,NULL
33481,13248,35168,2024-10-07 12:55:06.330,NULL
33482,13249,35169,2024-10-07 14:44:33.827,NULL
33483,7603,35170,2024-10-07 17:00:07.647,NULL
33484,7436,35171,2024-10-07 18:04:55.750,NULL
33485,987,35172,2024-10-08 14:59:25.643,NULL
33486,7343,35173,2024-10-08 15:37:54.327,NULL
33487,13250,35174,2024-10-09 13:24:51.443,NULL
33488,13250,35175,2024-10-09 13:24:58.770,NULL
33489,6507,35176,2024-10-09 16:27:49.550,NULL
33490,13251,35177,2024-10-10 11:54:05.223,NULL
33491,13253,35178,2024-10-10 17:26:04.710,NULL
33492,3395,35179,2024-10-11 09:50:30.170,NULL
33493,3395,35180,2024-10-11 09:51:01.147,NULL
33494,3395,35181,2024-10-11 09:51:37.763,NULL
33495,3395,35182,2024-10-11 09:52:13.193,NULL
33496,3395,35183,2024-10-11 09:52:32.350,NULL
33497,3395,35184,2024-10-11 09:52:42.500,NULL
33498,3395,35185,2024-10-11 09:52:52.777,NULL
33499,3395,35186,2024-10-11 09:53:01.923,NULL
33500,3395,35187,2024-10-11 09:53:23.673,NULL
33501,3395,35188,2024-10-11 09:53:32.513,NULL
33502,3395,35189,2024-10-11 09:53:41.420,NULL
33503,8025,35190,2024-10-11 13:19:28.450,NULL
33504,564,35191,2024-10-11 15:43:11.243,NULL
33505,13254,35192,2024-10-14 10:15:59.240,NULL
33506,13255,35193,2024-10-15 09:21:25.613,NULL
33507,7417,35194,2024-10-15 11:33:30.467,NULL
33508,13256,35195,2024-10-16 09:07:43.193,NULL
33509,13257,35196,2024-10-16 14:58:01.090,NULL
33510,13258,35197,2024-10-17 09:21:24.333,NULL
33511,13260,35198,2024-10-18 09:25:33.107,NULL
33512,13261,35199,2024-10-22 10:32:10.617,NULL
33513,13261,35200,2024-10-22 10:32:24.397,NULL
33514,13262,35201,2024-10-22 10:33:48.310,NULL
33515,13262,35202,2024-10-22 10:33:55.870,NULL
33516,13263,35203,2024-10-22 14:29:01.317,NULL
33517,13263,35204,2024-10-22 14:29:13.680,NULL
33518,13263,35205,2024-10-22 14:29:26.613,NULL
33519,13263,35206,2024-10-22 14:29:38.540,NULL
33520,13263,35207,2024-10-22 14:29:49.743,NULL
33521,13263,35208,2024-10-22 14:30:06.037,NULL
33522,13263,35209,2024-10-22 14:30:45.960,NULL
33523,13264,35210,2024-10-23 11:24:05.000,NULL
33524,13265,35211,2024-10-24 10:23:18.660,2024-10-24 12:54:49.450
33525,13266,35212,2024-10-24 12:53:25.980,NULL
33526,4396,35213,2024-10-24 18:23:45.503,NULL
33527,12396,35214,2024-10-25 12:20:21.060,NULL
33528,565,35215,2024-10-28 13:23:01.657,NULL
33529,440,35216,2024-10-28 13:31:37.393,NULL
33530,1180,35217,2024-10-29 09:59:24.200,NULL
33531,13267,35218,2024-10-29 10:15:55.687,NULL
33532,13268,35219,2024-10-31 09:04:28.457,NULL
33533,13269,35220,2024-10-31 10:32:01.437,NULL
33534,13270,35221,2024-10-31 16:30:26.357,NULL
33535,13271,35222,2024-11-01 09:46:02.863,2024-11-01 10:08:10.670
33536,13272,35223,2024-11-04 08:39:44.650,NULL
33537,13273,35224,2024-11-04 09:46:27.360,NULL
33538,13274,35225,2024-11-04 12:13:08.700,NULL
33539,5689,35226,2024-11-04 13:35:01.660,NULL
33540,13275,35227,2024-11-05 09:12:23.143,NULL
33541,13276,35228,2024-11-05 09:30:43.807,2024-11-05 11:21:46.747
33542,474,35229,2024-11-05 10:18:53.893,2025-11-10 11:06:13.277
33543,474,35230,2024-11-05 10:36:21.170,2025-11-06 14:37:36.680
33544,13277,35231,2024-11-05 11:57:10.583,NULL
33545,13278,35232,2024-11-05 15:18:32.463,NULL
33546,5959,35233,2024-11-05 15:43:51.667,NULL
33547,6054,35234,2024-11-06 11:43:11.600,NULL
33548,6145,35235,2024-11-06 11:51:33.417,NULL
33549,6274,35236,2024-11-06 13:37:15.330,NULL
33550,13279,35237,2024-11-07 14:38:31.023,NULL
33551,13280,35238,2024-11-08 11:55:41.827,NULL
33552,13282,35239,2024-11-12 09:11:55.997,NULL
33553,10304,35240,2024-11-12 09:28:12.393,NULL
33554,1768,35241,2024-11-12 10:09:37.590,NULL
33555,1768,35242,2024-11-12 10:11:36.973,NULL
33556,1768,35243,2024-11-12 10:59:49.237,NULL
33557,12742,35244,2024-11-12 13:33:33.273,NULL
33558,12742,35245,2024-11-12 13:33:47.020,NULL
33559,13283,35246,2024-11-12 13:43:00.720,NULL
33560,13284,35247,2024-11-12 14:55:14.700,NULL
33561,13285,35248,2024-11-13 12:53:47.060,NULL
33562,13286,35249,2024-11-14 09:40:52.137,NULL
33563,13287,35250,2024-11-14 10:09:48.257,NULL
33564,13288,35251,2024-11-14 14:44:48.030,NULL
33565,13289,35252,2024-11-20 08:35:36.623,NULL
33566,13290,35253,2024-11-22 12:35:26.773,NULL
33567,10919,35254,2024-11-25 10:56:45.100,NULL
33568,13291,35255,2024-11-25 11:48:35.143,NULL
33569,13292,35256,2024-11-25 12:57:32.353,NULL
33570,13293,35257,2024-11-25 13:14:55.123,NULL
33571,13294,35258,2024-11-25 13:35:15.590,2024-11-25 13:36:53.163
33572,13296,35259,2024-11-26 11:27:55.833,NULL
33573,13297,35260,2024-12-02 09:10:45.727,NULL
33574,13298,35261,2024-12-02 09:12:21.290,NULL
33575,13299,35262,2024-12-02 10:04:20.637,2024-12-02 10:37:39.440
33576,13299,35263,2024-12-02 10:34:10.933,NULL
33577,13299,35264,2024-12-02 10:34:30.473,NULL
33578,13299,35265,2024-12-02 10:34:57.970,NULL
33579,13300,35266,2024-12-02 15:31:34.650,NULL
33580,531,35267,2024-12-02 15:38:12.163,2024-12-05 14:22:43.530
33581,1496,35268,2024-12-03 12:51:59.193,NULL
33582,1496,35269,2024-12-03 12:52:10.650,NULL
33583,13301,35270,2024-12-04 09:30:41.103,NULL
33585,13304,35272,2024-12-04 14:07:48.530,NULL
33586,13305,35273,2024-12-05 09:06:05.310,NULL
33590,13306,35277,2024-12-06 09:05:34.280,NULL
33591,13307,35278,2024-12-06 09:48:45.893,NULL
33592,13308,35279,2024-12-06 10:16:40.610,NULL
33593,5576,35280,2024-12-06 15:20:18.037,NULL
33594,13309,35281,2024-12-09 09:09:25.360,NULL
33595,13310,35282,2024-12-09 10:31:07.280,NULL
33596,6324,35283,2024-12-09 13:25:12.780,NULL
33597,6377,35284,2024-12-09 13:57:45.300,NULL
33598,6817,35285,2024-12-09 15:35:05.070,NULL
33599,9768,35286,2024-12-10 09:35:06.920,NULL
33600,13311,35287,2024-12-10 10:20:42.457,NULL
33601,565,35288,2024-12-10 13:16:32.410,NULL
33602,13312,35289,2024-12-10 15:56:35.060,NULL
33603,13314,35290,2024-12-11 09:10:29.483,NULL
33604,1760,35291,2024-12-11 11:21:06.943,NULL
33605,12289,35292,2024-12-11 14:45:52.650,NULL
33606,13315,35293,2024-12-12 11:33:56.840,NULL
33607,469,35294,2024-12-13 12:32:50.920,NULL
33608,13316,35295,2024-12-13 13:08:15.923,NULL
33609,13317,35296,2024-12-13 14:40:20.950,NULL
33610,13318,35297,2024-12-13 15:03:49.117,NULL
33611,7212,35298,2024-12-13 15:35:39.567,NULL
33612,13319,35299,2024-12-16 09:10:48.570,NULL
33613,460,35300,2024-12-16 10:16:03.883,NULL
33614,13320,35301,2024-12-16 11:32:45.660,NULL
33615,591,35302,2024-12-16 11:57:16.770,NULL
33616,7387,35303,2024-12-16 13:23:47.640,NULL
33617,7409,35304,2024-12-16 13:27:37.417,NULL
33618,8386,35305,2024-12-16 14:23:42.543,NULL
33619,12211,35306,2024-12-18 10:32:22.820,NULL
33620,12211,35307,2024-12-18 10:33:07.220,NULL
33621,12211,35308,2024-12-18 10:33:38.433,NULL
33622,12211,35309,2024-12-18 10:34:12.680,NULL
33623,12211,35310,2024-12-18 10:34:43.227,NULL
33624,8032,35311,2024-12-18 12:08:53.860,NULL
33625,591,35312,2024-12-18 14:32:55.153,NULL
33626,591,35313,2024-12-18 14:33:05.893,NULL
33627,13321,35314,2024-12-19 09:19:26.583,NULL
33628,5787,35315,2024-12-19 10:29:16.820,NULL
33629,6222,35316,2024-12-19 10:45:50.637,NULL
33630,3984,35317,2024-12-19 12:59:28.507,NULL
33631,6273,35318,2024-12-19 13:30:14.210,NULL
33632,13322,35319,2024-12-20 12:38:58.550,NULL
33633,13323,35320,2024-12-20 12:52:08.330,NULL
33634,597,35321,2024-12-20 14:57:12.690,NULL
33635,2586,35322,2024-12-20 15:15:53.280,NULL
33637,478,35324,2024-12-23 11:05:16.280,NULL
33638,6211,35325,2024-12-23 12:13:39.717,NULL
33639,5360,35326,2024-12-23 15:37:56.640,NULL
33640,13324,35327,2024-12-24 09:09:12.430,NULL
33641,5840,35328,2024-12-24 11:34:16.707,NULL
33642,13325,35329,2024-12-30 11:21:21.113,NULL
33643,13325,35330,2024-12-30 11:22:13.997,NULL
33645,510,35332,2024-12-30 12:28:28.590,NULL
33646,510,35333,2024-12-30 12:58:53.950,NULL
33647,7404,35334,2024-12-31 10:57:23.550,NULL
33648,7001,35335,2024-12-31 12:23:55.543,NULL
33649,13326,35336,2025-01-02 09:16:14.053,NULL
33650,13327,35337,2025-01-02 11:15:32.647,NULL
33651,13328,35338,2025-01-02 11:39:30.210,NULL
33652,13329,35339,2025-01-02 11:48:54.093,2025-01-02 14:45:23.330
33653,10648,35340,2025-01-02 13:48:12.877,NULL
33654,10648,35341,2025-01-02 13:49:57.297,NULL
33655,13330,35342,2025-01-02 14:26:40.500,NULL
33656,13332,35343,2025-01-02 14:26:51.917,NULL
33657,13333,35344,2025-01-02 14:27:04.337,NULL
33658,13329,35345,2025-01-02 14:44:25.010,NULL
33659,13329,35346,2025-01-02 14:45:35.720,NULL
33660,13329,35347,2025-01-02 14:45:50.630,NULL
33661,13329,35348,2025-01-02 14:46:09.370,NULL
33662,13329,35349,2025-01-02 14:46:22.437,NULL
33663,13334,35350,2025-01-02 14:52:42.827,NULL
33664,13334,35351,2025-01-02 14:52:52.570,NULL
33665,13334,35352,2025-01-02 14:53:02.123,NULL
33666,13335,35353,2025-01-02 15:23:56.913,NULL
33667,13335,35354,2025-01-02 15:26:24.500,NULL
33668,13335,35355,2025-01-02 15:26:57.070,NULL
33669,13335,35356,2025-01-02 15:27:14.450,NULL
33670,13335,35357,2025-01-02 15:27:26.743,NULL
33671,13335,35358,2025-01-02 15:27:37.177,NULL
33672,13335,35359,2025-01-02 15:27:51.623,NULL
33673,7354,35360,2025-01-03 09:44:56.540,NULL
33674,13335,35361,2025-01-03 11:55:51.190,NULL
33675,13336,35362,2025-01-03 12:09:28.333,NULL
33676,13337,35363,2025-01-03 13:26:36.353,NULL
33677,13338,35364,2025-01-03 16:04:51.903,NULL
33678,13339,35365,2025-01-03 16:07:28.933,NULL
33679,13340,35366,2025-01-06 10:01:13.547,NULL
33680,531,35367,2025-01-06 11:09:21.620,NULL
33681,13341,35368,2025-01-06 11:51:06.010,NULL
33682,2996,35369,2025-01-07 12:20:55.160,NULL
33683,2996,35370,2025-01-07 12:21:34.437,NULL
33684,2996,35371,2025-01-07 12:21:46.510,NULL
33685,2996,35372,2025-01-07 12:21:55.470,NULL
33686,2996,35373,2025-01-07 12:27:45.030,NULL
33687,2996,35374,2025-01-07 12:27:53.700,NULL
33688,2996,35375,2025-01-07 12:28:02.797,NULL
33689,2996,35376,2025-01-07 12:28:11.807,NULL
33690,2996,35377,2025-01-07 12:28:21.063,NULL
33691,2996,35378,2025-01-07 12:28:29.670,NULL
33692,2996,35379,2025-01-07 12:28:40.370,NULL
33693,2996,35380,2025-01-07 12:28:49.433,NULL
33694,2996,35381,2025-01-07 12:28:58.810,NULL
33695,13343,35382,2025-01-07 14:44:40.593,NULL
33696,13344,35383,2025-01-08 09:01:40.710,NULL
33697,564,35384,2025-01-08 09:54:06.290,NULL
33698,1991,35385,2025-01-08 11:25:51.840,NULL
33699,1991,35386,2025-01-08 11:26:08.417,NULL
33700,1991,35387,2025-01-08 11:26:42.223,NULL
33701,1991,35388,2025-01-08 11:29:00.003,NULL
33702,478,35389,2025-01-08 16:02:10.153,NULL
33703,13345,35390,2025-01-09 09:23:21.580,NULL
33704,13346,35391,2025-01-09 13:18:33.680,NULL
33705,8189,35392,2025-01-09 15:11:31.763,NULL
33706,13347,35393,2025-01-10 13:32:58.463,NULL
33707,13349,35394,2025-01-13 09:27:53.547,NULL
33708,12476,35395,2025-01-13 10:03:16.840,NULL
33709,13350,35396,2025-01-13 10:55:19.437,NULL
33710,4148,35397,2025-01-13 11:14:55.800,NULL
33711,13351,35398,2025-01-13 12:10:33.720,NULL
33712,13352,35399,2025-01-14 12:04:44.223,NULL
33713,13353,35400,2025-01-14 12:11:20.080,NULL
33714,13354,35401,2025-01-14 12:18:44.110,NULL
33715,13355,35402,2025-01-14 12:28:02.697,NULL
33716,13356,35403,2025-01-14 12:28:15.623,NULL
33717,13357,35404,2025-01-14 13:29:06.027,NULL
33718,11053,35405,2025-01-15 11:10:09.590,2025-07-01 12:36:55.743
33719,597,35406,2025-01-15 13:54:05.840,2025-04-22 11:34:10.960
33720,13358,35407,2025-01-15 14:00:16.540,NULL
33721,13359,35408,2025-01-16 11:56:23.740,NULL
33722,13360,35409,2025-01-16 12:27:49.000,NULL
33723,13361,35410,2025-01-16 12:39:04.123,NULL
33724,13362,35411,2025-01-16 13:30:17.577,NULL
33725,1404,35412,2025-01-16 14:11:42.410,NULL
33726,1404,35413,2025-01-16 14:11:52.843,NULL
33727,1404,35414,2025-01-16 14:12:01.373,NULL
33728,1404,35415,2025-01-16 14:12:20.293,NULL
33729,1404,35416,2025-01-16 14:12:29.730,NULL
33730,6501,35417,2025-01-16 15:38:01.540,NULL
33731,13363,35418,2025-01-17 09:07:54.783,NULL
33732,452,35419,2025-01-17 09:42:44.267,NULL
33733,452,35420,2025-01-17 09:52:36.410,NULL
33734,13364,35421,2025-01-17 14:04:34.787,NULL
33735,13365,35422,2025-01-17 15:15:09.590,NULL
33737,3888,35424,2025-01-21 09:44:17.897,NULL
33738,2996,35425,2025-01-21 13:49:46.353,NULL
33739,2996,35426,2025-01-21 13:50:11.467,NULL
33740,2996,35427,2025-01-21 13:50:24.640,NULL
33741,2996,35428,2025-01-21 13:50:42.977,NULL
33742,2996,35429,2025-01-21 13:50:58.000,NULL
33743,13366,35430,2025-01-21 14:02:41.087,NULL
33744,13368,35431,2025-01-21 15:30:13.730,NULL
33745,12894,35432,2025-01-22 09:59:13.670,NULL
33746,13369,35433,2025-01-23 12:59:08.110,NULL
33747,13370,35434,2025-01-23 13:30:00.920,NULL
33748,13371,35435,2025-01-23 13:38:21.670,NULL
33749,13372,35436,2025-01-23 15:32:01.950,NULL
33750,13373,35437,2025-01-24 08:46:16.057,NULL
33751,13374,35438,2025-01-24 12:22:13.120,NULL
33752,13375,35439,2025-01-27 12:40:35.897,NULL
33753,13376,35440,2025-01-28 08:38:10.393,NULL
33754,13377,35441,2025-01-28 13:01:25.120,NULL
33755,13378,35442,2025-01-29 09:08:01.687,NULL
33756,13379,35443,2025-01-29 09:14:04.180,NULL
33757,13380,35444,2025-01-29 11:51:32.970,NULL
33758,13381,35445,2025-02-03 09:41:19.513,NULL
33759,13382,35446,2025-02-03 09:52:16.983,NULL
33760,13383,35447,2025-02-03 10:19:56.190,NULL
33761,13384,35448,2025-02-03 10:35:26.780,NULL
33762,596,35449,2025-02-03 11:49:51.543,NULL
33763,13385,35450,2025-02-03 12:08:39.047,NULL
33764,13386,35451,2025-02-03 13:44:00.670,NULL
33765,13387,35452,2025-02-03 14:06:28.933,NULL
33766,13388,35453,2025-02-03 14:18:49.053,NULL
33767,13389,35454,2025-02-03 14:37:21.083,NULL
33768,13389,35455,2025-02-03 14:37:33.223,NULL
33769,13389,35456,2025-02-03 14:37:43.643,NULL
33770,13389,35457,2025-02-03 14:37:58.223,NULL
33771,13389,35458,2025-02-03 14:38:11.403,NULL
33772,13389,35459,2025-02-03 14:38:23.023,NULL
33773,13391,35460,2025-02-04 09:18:53.830,NULL
33774,13391,35461,2025-02-04 09:19:03.000,NULL
33775,13391,35462,2025-02-04 09:19:45.790,NULL
33776,13391,35463,2025-02-04 09:19:59.853,NULL
33777,13392,35464,2025-02-04 14:36:41.970,NULL
33778,13392,35465,2025-02-04 14:37:13.860,NULL
33779,13392,35466,2025-02-04 14:37:25.147,NULL
33780,13392,35467,2025-02-04 14:37:33.207,NULL
33781,13393,35468,2025-02-05 12:35:38.490,NULL
33782,13393,35469,2025-02-05 12:35:49.107,NULL
33783,13393,35470,2025-02-05 12:36:01.590,NULL
33784,13393,35471,2025-02-05 12:36:09.750,NULL
33785,13393,35472,2025-02-05 12:36:18.190,NULL
33786,13393,35473,2025-02-05 12:36:29.357,NULL
33787,13393,35474,2025-02-05 12:36:40.250,NULL
33788,13394,35475,2025-02-05 13:00:54.440,NULL
33789,2282,35476,2025-02-06 10:33:31.440,NULL
33790,13395,35477,2025-02-07 12:07:11.343,NULL
33792,487,35479,2025-02-07 12:59:50.517,2025-11-12 09:59:51.373
33793,13396,35480,2025-02-07 15:25:36.420,NULL
33794,13398,35481,2025-02-07 15:31:16.733,NULL
33795,13400,35482,2025-02-10 09:06:37.083,NULL
33796,3374,35483,2025-02-10 10:44:11.057,NULL
33797,3374,35484,2025-02-10 10:45:52.980,NULL
33798,3374,35485,2025-02-10 10:46:51.497,NULL
33799,3374,35486,2025-02-10 10:47:50.007,NULL
33800,3374,35487,2025-02-10 10:48:31.167,NULL
33801,3374,35488,2025-02-10 10:49:58.713,NULL
33802,3374,35489,2025-02-10 10:58:00.753,NULL
33803,3374,35490,2025-02-10 10:59:21.013,NULL
33804,3374,35491,2025-02-10 11:00:29.427,NULL
33805,3374,35492,2025-02-10 11:01:25.847,NULL
33806,3374,35493,2025-02-10 11:02:18.273,NULL
33807,3374,35494,2025-02-10 11:03:11.583,NULL
33808,3374,35495,2025-02-10 11:04:56.573,NULL
33809,3374,35496,2025-02-10 11:05:56.903,NULL
33810,3374,35497,2025-02-10 11:07:04.730,NULL
33811,3374,35498,2025-02-10 11:08:43.277,NULL
33812,3374,35499,2025-02-10 11:15:22.497,NULL
33813,3374,35500,2025-02-10 11:16:53.123,NULL
33814,3374,35501,2025-02-10 11:22:10.760,NULL
33815,3374,35502,2025-02-10 11:23:18.610,NULL
33816,3374,35503,2025-02-10 11:24:42.290,NULL
33817,3374,35504,2025-02-10 11:26:07.350,NULL
33818,3374,35505,2025-02-10 11:26:41.833,NULL
33819,3374,35506,2025-02-10 11:27:42.577,NULL
33820,3374,35507,2025-02-10 11:27:55.523,NULL
33821,3374,35508,2025-02-10 13:52:53.213,NULL
33822,3374,35509,2025-02-10 13:56:18.643,NULL
33823,3374,35510,2025-02-10 14:01:17.130,NULL
33824,3374,35511,2025-02-10 14:02:26.553,NULL
33825,3374,35512,2025-02-10 14:03:34.823,NULL
33826,3374,35513,2025-02-10 14:05:12.593,NULL
33827,3374,35514,2025-02-10 14:13:57.293,NULL
33828,13401,35515,2025-02-10 14:43:09.987,NULL
33829,12310,35516,2025-02-11 09:26:34.460,NULL
33830,13402,35517,2025-02-11 09:34:49.150,NULL
33831,13403,35518,2025-02-11 10:12:00.240,NULL
33832,13404,35519,2025-02-11 12:11:46.657,NULL
33833,13405,35520,2025-02-11 12:11:56.627,NULL
33834,13406,35521,2025-02-11 12:12:09.580,NULL
33835,13407,35522,2025-02-11 12:12:22.560,NULL
33836,7657,35523,2025-02-11 14:39:23.100,NULL
33837,13408,35524,2025-02-11 15:17:48.930,NULL
33838,13409,35525,2025-02-12 14:19:29.643,NULL
33839,13410,35526,2025-02-13 10:20:03.083,NULL
33840,13411,35527,2025-02-13 10:25:14.097,NULL
33841,452,35528,2025-02-13 14:32:12.470,NULL
33842,13412,35529,2025-02-14 12:35:27.480,NULL
33843,7577,35530,2025-02-17 13:12:45.853,NULL
33844,7577,35531,2025-02-17 13:13:22.560,NULL
33845,7577,35532,2025-02-17 13:13:58.150,NULL
33846,7577,35533,2025-02-17 13:15:38.723,NULL
33847,7577,35534,2025-02-17 13:16:30.797,NULL
33848,7577,35535,2025-02-17 13:17:06.920,NULL
33849,7577,35536,2025-02-17 13:17:39.190,NULL
33850,7577,35537,2025-02-17 13:18:15.280,NULL
33851,7577,35538,2025-02-17 13:19:09.023,NULL
33852,7577,35539,2025-02-17 13:19:17.997,NULL
33853,7577,35540,2025-02-17 13:19:26.677,NULL
33854,7577,35541,2025-02-17 13:19:46.553,NULL
33855,7577,35542,2025-02-17 13:19:58.710,NULL
33856,7577,35543,2025-02-17 13:20:15.077,NULL
33857,3512,35544,2025-02-17 13:58:37.473,NULL
33858,9898,35545,2025-02-18 09:58:59.380,NULL
33859,9898,35546,2025-02-18 10:00:46.277,NULL
33860,9898,35547,2025-02-18 10:00:59.083,NULL
33861,9898,35548,2025-02-18 10:01:10.003,NULL
33862,9898,35549,2025-02-18 10:01:17.650,NULL
33863,7400,35550,2025-02-18 15:56:35.190,NULL
33864,13414,35551,2025-02-18 16:02:06.807,NULL
33865,13415,35552,2025-02-19 16:08:08.913,NULL
33866,13416,35553,2025-02-21 14:23:37.483,NULL
33867,4992,35554,2025-02-24 10:33:33.263,NULL
33868,4992,35555,2025-02-24 10:34:04.433,NULL
33869,13417,35556,2025-02-24 10:41:37.920,NULL
33870,13418,35557,2025-02-24 11:00:25.943,NULL
33871,13419,35558,2025-02-24 11:14:46.630,NULL
33872,13420,35559,2025-02-24 11:57:26.883,NULL
33873,13421,35560,2025-02-24 13:05:41.637,NULL
33874,13422,35561,2025-02-25 09:18:22.313,NULL
33875,13423,35562,2025-02-25 09:29:29.630,NULL
33876,13424,35563,2025-02-25 13:13:30.480,NULL
33877,13425,35564,2025-02-25 13:20:06.493,2025-02-26 13:26:35.943
33878,13426,35565,2025-02-25 14:17:35.423,NULL
33879,13426,35566,2025-02-25 14:17:42.843,NULL
33880,13426,35567,2025-02-25 14:17:50.767,NULL
33881,13426,35568,2025-02-25 14:17:58.740,NULL
33882,13426,35569,2025-02-25 14:18:10.640,NULL
33883,13426,35570,2025-02-25 14:18:20.663,NULL
33884,13426,35571,2025-02-25 14:18:28.240,NULL
33885,13426,35572,2025-02-25 14:18:39.003,NULL
33886,13426,35573,2025-02-25 14:18:46.770,NULL
33887,13426,35574,2025-02-25 14:18:54.767,NULL
33888,13426,35575,2025-02-25 14:19:02.513,NULL
33889,13426,35576,2025-02-25 14:19:10.047,NULL
33890,13426,35577,2025-02-25 14:19:19.707,NULL
33891,5894,35578,2025-02-25 14:56:22.560,NULL
33892,13427,35579,2025-02-25 14:56:30.740,NULL
33893,13428,35580,2025-02-25 14:56:38.743,NULL
33894,13429,35581,2025-02-25 14:56:48.587,NULL
33895,13430,35582,2025-02-25 14:56:57.210,NULL
33896,13431,35583,2025-02-25 14:57:09.810,NULL
33897,13433,35584,2025-02-25 14:57:20.137,NULL
33898,13432,35585,2025-02-25 14:57:29.430,NULL
33899,5894,35586,2025-02-25 14:57:48.607,NULL
33900,13427,35587,2025-02-25 14:57:54.833,NULL
33901,13428,35588,2025-02-25 14:58:01.600,NULL
33902,13429,35589,2025-02-25 14:58:11.273,NULL
33903,13430,35590,2025-02-25 14:58:18.783,NULL
33904,13431,35591,2025-02-25 14:58:26.163,NULL
33905,13433,35592,2025-02-25 14:58:35.477,NULL
33906,13432,35593,2025-02-25 14:58:42.510,NULL
33907,5894,35594,2025-02-25 14:59:01.130,NULL
33908,13427,35595,2025-02-25 14:59:07.933,NULL
33909,13428,35596,2025-02-25 14:59:14.680,NULL
33910,13429,35597,2025-02-25 14:59:30.153,NULL
33911,13430,35598,2025-02-25 14:59:37.227,NULL
33912,13431,35599,2025-02-25 14:59:44.873,NULL
33913,13433,35600,2025-02-25 14:59:54.787,NULL
33914,13432,35601,2025-02-25 15:00:01.143,NULL
33915,5894,35602,2025-02-25 15:00:17.573,NULL
33916,13427,35603,2025-02-25 15:00:24.107,NULL
33917,13428,35604,2025-02-25 15:00:33.397,NULL
33918,13429,35605,2025-02-25 15:00:40.820,NULL
33919,13430,35606,2025-02-25 15:00:51.620,NULL
33920,13431,35607,2025-02-25 15:00:58.467,NULL
33921,13433,35608,2025-02-25 15:01:05.677,NULL
33922,13432,35609,2025-02-25 15:01:12.253,NULL
33923,5894,35610,2025-02-25 15:01:27.710,NULL
33924,13427,35611,2025-02-25 15:01:33.150,NULL
33925,13428,35612,2025-02-25 15:01:44.787,NULL
33926,13429,35613,2025-02-25 15:01:51.730,NULL
33927,13430,35614,2025-02-25 15:02:01.130,NULL
33928,13431,35615,2025-02-25 15:02:13.497,NULL
33929,13433,35616,2025-02-25 15:02:20.957,NULL
33930,13432,35617,2025-02-25 15:02:27.383,NULL
33931,5894,35618,2025-02-25 15:11:06.160,NULL
33932,13427,35619,2025-02-25 15:11:13.737,NULL
33933,13428,35620,2025-02-25 15:11:21.193,NULL
33934,13429,35621,2025-02-25 15:11:28.607,NULL
33935,13430,35622,2025-02-25 15:11:39.497,NULL
33936,13431,35623,2025-02-25 15:11:50.277,NULL
33937,13433,35624,2025-02-25 15:11:56.960,NULL
33938,13432,35625,2025-02-25 15:12:03.483,NULL
33939,5894,35626,2025-02-25 15:12:19.993,NULL
33940,13427,35627,2025-02-25 15:14:55.567,NULL
33941,13428,35628,2025-02-25 15:15:13.970,NULL
33942,13429,35629,2025-02-25 15:15:24.913,NULL
33943,13430,35630,2025-02-25 15:15:32.543,NULL
33944,13431,35631,2025-02-25 15:15:41.287,NULL
33945,13433,35632,2025-02-25 15:15:48.130,NULL
33946,13432,35633,2025-02-25 15:15:54.033,NULL
33947,5894,35634,2025-02-25 15:22:22.257,NULL
33948,13427,35635,2025-02-25 15:22:28.547,NULL
33949,13428,35636,2025-02-25 15:22:36.053,NULL
33950,13429,35637,2025-02-25 15:22:42.237,NULL
33951,13430,35638,2025-02-25 15:22:49.120,NULL
33952,13431,35639,2025-02-25 15:22:54.737,NULL
33953,13433,35640,2025-02-25 15:23:01.290,NULL
33954,13432,35641,2025-02-25 15:23:06.577,NULL
33955,5894,35642,2025-02-25 15:24:58.080,NULL
33956,13427,35643,2025-02-25 15:25:08.177,NULL
33957,13428,35644,2025-02-25 15:25:14.020,NULL
33958,13429,35645,2025-02-25 15:25:20.563,NULL
33959,13430,35646,2025-02-25 15:25:26.730,NULL
33960,13431,35647,2025-02-25 15:25:32.780,NULL
33961,13433,35648,2025-02-25 15:25:38.337,NULL
33962,13432,35649,2025-02-25 15:25:43.840,NULL
33963,5894,35650,2025-02-25 15:26:08.513,NULL
33964,13427,35651,2025-02-25 15:26:17.553,NULL
33965,13428,35652,2025-02-25 15:26:25.253,NULL
33966,13429,35653,2025-02-25 15:26:32.480,NULL
33967,13430,35654,2025-02-25 15:26:44.560,NULL
33968,13431,35655,2025-02-25 15:26:51.423,NULL
33969,13433,35656,2025-02-25 15:26:57.653,NULL
33970,13432,35657,2025-02-25 15:27:04.590,NULL
33971,13434,35658,2025-02-26 12:22:00.547,NULL
33972,582,35659,2025-02-27 13:36:31.087,NULL
33973,12908,35660,2025-02-27 14:56:21.977,NULL
33974,13435,35661,2025-02-28 09:08:39.840,NULL
33975,597,35662,2025-03-03 08:23:46.003,NULL
33976,13436,35663,2025-03-03 11:29:00.097,NULL
33977,475,35664,2025-03-03 11:35:27.990,NULL
33978,13437,35665,2025-03-03 14:22:46.980,2025-10-17 11:59:14.913
33979,13438,35666,2025-03-03 14:44:34.377,NULL
33980,13440,35667,2025-03-03 15:13:19.503,NULL
33981,12894,35668,2025-03-04 08:28:49.683,NULL
33982,13441,35669,2025-03-04 09:20:09.797,NULL
33983,13442,35670,2025-03-04 12:25:26.580,NULL
33984,13442,35671,2025-03-04 12:25:41.993,NULL
33985,13442,35672,2025-03-04 12:25:53.973,NULL
33986,13442,35673,2025-03-04 12:26:21.813,NULL
33987,13443,35674,2025-03-04 13:06:48.177,NULL
33988,13444,35675,2025-03-04 13:26:25.730,NULL
33990,7486,35677,2025-03-05 10:44:38.920,NULL
33991,13446,35678,2025-03-05 11:54:03.190,NULL
33992,13447,35679,2025-03-05 12:13:20.580,NULL
33993,469,35680,2025-03-05 14:03:42.123,NULL
33994,13448,35681,2025-03-06 09:08:29.610,2025-03-10 16:28:36.507
33995,564,35682,2025-03-06 10:42:43.673,NULL
33996,1896,35683,2025-03-06 12:47:04.677,NULL
33997,1896,35684,2025-03-06 12:47:16.650,NULL
33998,13449,35685,2025-03-06 14:07:04.713,NULL
33999,13450,35686,2025-03-06 14:07:10.937,NULL
34000,13449,35687,2025-03-06 14:07:19.327,NULL
34001,13450,35688,2025-03-06 14:07:26.943,NULL
34002,13449,35689,2025-03-06 14:07:40.243,NULL
34003,13450,35690,2025-03-06 14:07:47.587,NULL
34004,13449,35691,2025-03-06 14:07:56.007,NULL
34005,13450,35692,2025-03-06 14:08:03.243,NULL
34006,13449,35693,2025-03-06 14:08:10.910,NULL
34007,13450,35694,2025-03-06 14:08:19.020,NULL
34008,13449,35695,2025-03-06 14:08:28.557,NULL
34009,13450,35696,2025-03-06 14:08:36.170,NULL
34010,13449,35697,2025-03-06 14:08:43.103,NULL
34011,13450,35698,2025-03-06 14:08:49.613,NULL
34012,13449,35699,2025-03-06 14:08:57.523,NULL
34013,13450,35700,2025-03-06 14:09:09.033,NULL
34014,13449,35701,2025-03-06 14:09:16.123,NULL
34015,13449,35702,2025-03-06 14:09:38.753,NULL
34016,13450,35703,2025-03-06 14:09:44.143,NULL
34017,13449,35704,2025-03-06 14:09:51.613,NULL
34018,13450,35705,2025-03-06 14:09:58.987,NULL
34019,13449,35706,2025-03-06 14:10:08.150,NULL
34020,13450,35707,2025-03-06 14:10:15.317,NULL
34021,13449,35708,2025-03-06 14:10:23.997,NULL
34022,13450,35709,2025-03-06 14:10:30.450,NULL
34023,13449,35710,2025-03-06 14:10:38.147,NULL
34024,13450,35711,2025-03-06 14:10:45.630,NULL
34025,13449,35712,2025-03-06 14:10:54.657,NULL
34026,13450,35713,2025-03-06 14:11:01.437,NULL
34027,13449,35714,2025-03-06 14:11:08.160,NULL
34028,13450,35715,2025-03-06 14:11:14.607,NULL
34029,13449,35716,2025-03-06 14:11:21.780,NULL
34030,13449,35717,2025-03-06 14:11:40.263,NULL
34031,13450,35718,2025-03-06 14:11:46.657,NULL
34032,13449,35719,2025-03-06 14:11:55.187,NULL
34033,13450,35720,2025-03-06 14:12:02.640,NULL
34034,13449,35721,2025-03-06 14:12:12.457,NULL
34035,13450,35722,2025-03-06 14:12:21.197,NULL
34036,13450,35723,2025-03-06 14:21:56.193,NULL
34037,13450,35724,2025-03-06 14:23:58.867,NULL
34038,13452,35725,2025-03-06 14:43:32.123,NULL
34039,13453,35726,2025-03-07 15:35:02.223,NULL
34040,13454,35727,2025-03-07 15:39:22.283,NULL
34041,13455,35728,2025-03-10 09:14:49.640,NULL
34042,454,35729,2025-03-10 11:19:17.753,NULL
34043,1885,35730,2025-03-10 13:28:40.283,NULL
34044,531,35731,2025-03-10 15:09:15.500,NULL
34045,474,35732,2025-03-11 09:29:49.070,NULL
34046,495,35733,2025-03-11 12:26:25.157,NULL
34047,532,35734,2025-03-11 14:21:40.870,NULL
34048,12090,35735,2025-03-11 16:00:36.637,NULL
34049,13456,35736,2025-03-13 09:49:42.190,NULL
34050,13457,35737,2025-03-13 09:50:00.457,NULL
34051,13458,35738,2025-03-13 09:50:20.457,NULL
34052,13459,35739,2025-03-13 09:50:41.253,NULL
34053,13460,35740,2025-03-13 09:51:01.273,NULL
34054,13461,35741,2025-03-13 09:51:19.173,NULL
34055,13462,35742,2025-03-13 09:51:41.350,NULL
34056,13465,35743,2025-03-13 09:53:06.833,NULL
34057,13466,35744,2025-03-13 09:53:28.220,NULL
34058,13467,35745,2025-03-13 09:53:46.117,NULL
34059,13476,35746,2025-03-13 14:27:16.440,NULL
34060,13392,35747,2025-03-14 09:24:14.360,NULL
34061,13392,35748,2025-03-14 09:27:07.463,NULL
34062,498,35749,2025-03-14 09:41:04.423,NULL
34063,11131,35750,2025-03-14 13:53:08.580,NULL
34064,11131,35751,2025-03-14 13:53:31.643,NULL
34065,11131,35752,2025-03-14 13:53:58.120,NULL
34066,11131,35753,2025-03-14 13:54:15.807,NULL
34067,11131,35754,2025-03-14 13:54:30.053,NULL
34068,11131,35755,2025-03-14 13:54:40.103,NULL
34069,11131,35756,2025-03-14 13:54:56.973,NULL
34070,11131,35757,2025-03-14 13:55:07.100,NULL
34071,11131,35758,2025-03-14 13:55:16.130,NULL
34072,11131,35759,2025-03-14 13:55:27.743,NULL
34073,11131,35760,2025-03-14 13:55:38.367,NULL
34074,11131,35761,2025-03-14 13:55:51.873,NULL
34075,11131,35762,2025-03-14 13:56:02.623,NULL
34076,11131,35763,2025-03-14 13:56:19.563,NULL
34077,11131,35764,2025-03-14 13:56:33.657,NULL
34078,11131,35765,2025-03-14 13:56:43.647,NULL
34079,11131,35766,2025-03-14 13:57:00.110,NULL
34080,11131,35767,2025-03-14 13:57:10.363,NULL
34081,11131,35768,2025-03-14 13:57:22.390,NULL
34082,11131,35769,2025-03-14 13:57:33.593,NULL
34083,11131,35770,2025-03-14 13:57:45.087,NULL
34084,11131,35771,2025-03-14 13:57:56.153,NULL
34085,11131,35772,2025-03-14 13:58:27.003,NULL
34086,11131,35773,2025-03-14 13:58:34.920,NULL
34087,11131,35774,2025-03-14 13:58:44.450,NULL
34088,11131,35775,2025-03-14 13:59:11.973,NULL
34089,11131,35776,2025-03-14 13:59:21.393,NULL
34090,11131,35777,2025-03-14 15:14:36.400,NULL
34091,11131,35778,2025-03-14 15:14:47.080,NULL
34093,13477,35780,2025-03-17 13:45:15.020,NULL
34094,13478,35781,2025-03-17 14:45:41.650,NULL
34095,10210,35782,2025-03-19 10:13:30.460,NULL
34096,10210,35783,2025-03-19 10:13:56.987,NULL
34097,10210,35784,2025-03-19 10:14:10.250,NULL
34098,10210,35785,2025-03-19 10:14:26.113,2025-03-19 10:17:08.490
34099,10210,35786,2025-03-19 10:17:21.910,NULL
34100,10210,35787,2025-03-19 10:17:36.827,NULL
34101,10210,35788,2025-03-19 10:17:50.853,NULL
34102,10210,35789,2025-03-19 10:18:04.177,NULL
34103,10210,35790,2025-03-19 10:18:32.420,NULL
34104,10210,35791,2025-03-19 10:19:08.913,NULL
34105,10210,35792,2025-03-19 10:19:21.727,NULL
34106,10210,35793,2025-03-19 10:19:33.000,NULL
34107,10210,35794,2025-03-19 10:19:46.693,NULL
34108,10210,35795,2025-03-19 10:44:56.783,NULL
34110,2536,35797,2025-03-20 11:06:33.090,NULL
34111,13481,35798,2025-03-20 11:33:17.720,NULL
34112,13482,35799,2025-03-20 13:18:53.337,NULL
34113,10194,35800,2025-03-20 14:09:40.760,NULL
34114,10194,35801,2025-03-20 14:09:49.353,NULL
34115,10194,35802,2025-03-20 14:13:29.483,NULL
34116,13483,35803,2025-03-21 10:04:57.717,NULL
34117,13484,35804,2025-03-24 12:15:53.763,NULL
34118,13484,35805,2025-03-24 12:16:05.493,NULL
34119,13484,35806,2025-03-24 12:16:31.720,NULL
34120,13484,35807,2025-03-24 12:16:42.820,NULL
34121,13484,35808,2025-03-24 12:16:58.667,NULL
34122,13484,35809,2025-03-24 12:17:07.853,NULL
34123,13484,35810,2025-03-24 12:17:16.230,NULL
34124,13486,35811,2025-03-24 15:48:21.893,NULL
34125,13485,35812,2025-03-24 16:04:26.367,NULL
34126,13485,35813,2025-03-24 16:04:35.540,NULL
34127,13485,35814,2025-03-24 16:04:44.210,NULL
34128,13485,35815,2025-03-24 16:04:54.183,NULL
34129,13485,35816,2025-03-24 16:05:05.017,NULL
34130,13485,35817,2025-03-24 16:05:15.910,NULL
34131,13485,35818,2025-03-24 16:05:24.630,NULL
34132,13485,35819,2025-03-24 16:05:33.847,NULL
34133,13485,35820,2025-03-24 16:05:44.127,NULL
34134,13485,35821,2025-03-24 16:05:55.637,NULL
34135,13485,35822,2025-03-24 16:06:03.500,NULL
34136,13485,35823,2025-03-24 16:06:11.737,NULL
34137,13485,35824,2025-03-24 16:06:27.227,NULL
34138,13485,35825,2025-03-24 16:06:37.673,NULL
34139,13487,35826,2025-03-25 09:18:27.120,NULL
34140,7204,35827,2025-03-25 09:37:50.397,NULL
34141,7204,35828,2025-03-25 09:38:51.040,NULL
34142,7204,35829,2025-03-25 09:39:20.960,NULL
34143,7204,35830,2025-03-25 09:43:10.360,NULL
34144,7204,35831,2025-03-25 09:43:50.010,NULL
34145,7204,35832,2025-03-25 09:44:19.847,NULL
34146,7204,35833,2025-03-25 09:44:49.043,NULL
34147,7204,35834,2025-03-25 09:45:43.983,NULL
34148,7204,35835,2025-03-25 09:59:03.320,NULL
34149,7204,35836,2025-03-25 10:01:07.530,NULL
34150,7204,35837,2025-03-25 10:02:13.650,NULL
34151,7204,35838,2025-03-25 10:02:36.747,NULL
34152,7204,35839,2025-03-25 10:03:55.760,NULL
34153,7204,35840,2025-03-25 10:04:50.100,NULL
34154,7204,35841,2025-03-25 10:05:20.097,2025-03-25 10:17:03.950
34155,7204,35842,2025-03-25 10:05:49.473,NULL
34156,7204,35843,2025-03-25 10:06:18.503,NULL
34157,7204,35844,2025-03-25 10:06:52.127,NULL
34158,7204,35845,2025-03-25 10:07:34.777,NULL
34159,7204,35846,2025-03-25 10:08:29.320,NULL
34160,7204,35847,2025-03-25 10:10:01.207,NULL
34161,7204,35848,2025-03-25 10:10:45.667,NULL
34162,7204,35849,2025-03-25 10:11:19.990,NULL
34163,7204,35850,2025-03-25 10:12:14.137,NULL
34164,7204,35851,2025-03-25 10:12:51.270,NULL
34165,7204,35852,2025-03-25 10:13:19.343,NULL
34166,13490,35853,2025-03-25 11:30:56.503,NULL
34167,13489,35854,2025-03-25 11:31:12.993,NULL
34168,13489,35855,2025-03-25 11:31:30.830,NULL
34169,13489,35856,2025-03-25 11:31:43.883,NULL
34170,13489,35857,2025-03-25 11:31:57.193,NULL
34171,13489,35858,2025-03-25 11:32:06.883,NULL
34172,13489,35859,2025-03-25 11:32:20.880,NULL
34173,13489,35860,2025-03-25 11:32:29.407,NULL
34174,13489,35861,2025-03-25 11:32:40.300,NULL
34175,13489,35862,2025-03-25 11:32:50.997,NULL
34176,13491,35863,2025-03-26 13:40:34.127,NULL
34177,13492,35864,2025-03-26 13:43:42.473,NULL
34178,13498,35865,2025-03-26 13:43:50.653,NULL
34179,13494,35866,2025-03-26 13:44:00.947,NULL
34180,13495,35867,2025-03-26 13:44:08.773,NULL
34181,13499,35868,2025-03-26 13:44:17.453,NULL
34182,13497,35869,2025-03-26 13:44:24.313,NULL
34183,13491,35870,2025-03-26 13:44:38.297,NULL
34184,13492,35871,2025-03-26 13:44:55.043,NULL
34185,13498,35872,2025-03-26 13:45:03.800,NULL
34186,13494,35873,2025-03-26 13:45:11.873,NULL
34187,13495,35874,2025-03-26 13:45:17.907,NULL
34188,13499,35875,2025-03-26 13:45:29.880,NULL
34189,13497,35876,2025-03-26 13:45:36.577,NULL
34190,13491,35877,2025-03-26 13:45:57.170,NULL
34191,13492,35878,2025-03-26 13:46:04.290,NULL
34192,13498,35879,2025-03-26 13:46:11.117,NULL
34193,13494,35880,2025-03-26 13:46:17.773,NULL
34194,13495,35881,2025-03-26 13:46:24.550,NULL
34195,13499,35882,2025-03-26 13:46:32.767,NULL
34196,13497,35883,2025-03-26 13:46:55.783,NULL
34197,13491,35884,2025-03-26 13:47:10.113,NULL
34198,13492,35885,2025-03-26 13:47:21.597,NULL
34199,13498,35886,2025-03-26 13:47:30.123,NULL
34200,13494,35887,2025-03-26 13:47:38.277,NULL
34201,13495,35888,2025-03-26 13:47:45.103,NULL
34202,13499,35889,2025-03-26 13:47:52.163,NULL
34203,13497,35890,2025-03-26 13:48:01.447,NULL
34204,13491,35891,2025-03-26 13:48:56.410,NULL
34205,13492,35892,2025-03-26 13:49:10.347,NULL
34206,13498,35893,2025-03-26 13:49:17.057,NULL
34207,13494,35894,2025-03-26 13:49:23.523,NULL
34208,13495,35895,2025-03-26 13:49:29.930,NULL
34209,13499,35896,2025-03-26 13:49:36.460,NULL
34210,13497,35897,2025-03-26 13:49:43.080,NULL
34211,13491,35898,2025-03-26 13:49:57.897,NULL
34212,13492,35899,2025-03-26 13:50:04.580,NULL
34213,13498,35900,2025-03-26 13:50:24.550,NULL
34214,13494,35901,2025-03-26 13:50:33.283,NULL
34215,13495,35902,2025-03-26 13:50:39.213,NULL
34216,13499,35903,2025-03-26 13:50:45.323,NULL
34217,13497,35904,2025-03-26 13:50:51.843,NULL
34218,13491,35905,2025-03-26 13:51:15.000,NULL
34219,13492,35906,2025-03-26 13:51:21.293,NULL
34220,13498,35907,2025-03-26 13:51:29.287,NULL
34221,13494,35908,2025-03-26 13:51:42.160,NULL
34222,13495,35909,2025-03-26 13:51:48.983,NULL
34223,13499,35910,2025-03-26 13:51:55.813,NULL
34224,13497,35911,2025-03-26 13:52:02.537,NULL
34225,13491,35912,2025-03-26 13:52:24.137,NULL
34226,13492,35913,2025-03-26 13:52:30.780,NULL
34227,13498,35914,2025-03-26 13:52:37.780,NULL
34228,13494,35915,2025-03-26 13:52:43.893,NULL
34229,13495,35916,2025-03-26 13:52:49.840,NULL
34230,13499,35917,2025-03-26 13:52:56.290,NULL
34231,13497,35918,2025-03-26 13:53:02.413,NULL
34232,13491,35919,2025-03-26 13:58:52.287,NULL
34233,13492,35920,2025-03-26 13:58:59.647,NULL
34234,13498,35921,2025-03-26 13:59:09.817,NULL
34235,13494,35922,2025-03-26 13:59:15.720,NULL
34236,13495,35923,2025-03-26 13:59:22.467,NULL
34237,13499,35924,2025-03-26 13:59:28.737,NULL
34238,13497,35925,2025-03-26 13:59:35.130,NULL
34239,13491,35926,2025-03-26 13:59:51.870,NULL
34240,13492,35927,2025-03-26 13:59:58.097,NULL
34241,13498,35928,2025-03-26 14:00:08.017,NULL
34242,13494,35929,2025-03-26 14:00:14.130,NULL
34243,13495,35930,2025-03-26 14:00:21.550,NULL
34244,13499,35931,2025-03-26 14:00:28.750,NULL
34245,13497,35932,2025-03-26 14:00:34.813,NULL
34246,13491,35933,2025-03-26 14:00:53.260,NULL
34247,13492,35934,2025-03-26 14:00:59.340,NULL
34248,13498,35935,2025-03-26 14:01:06.490,NULL
34249,13494,35936,2025-03-26 14:01:13.297,NULL
34250,13495,35937,2025-03-26 14:01:20.003,NULL
34251,13499,35938,2025-03-26 14:01:29.677,NULL
34252,13497,35939,2025-03-26 14:01:40.197,NULL
34253,13491,35940,2025-03-26 14:02:02.150,NULL
34254,13492,35941,2025-03-26 14:08:52.640,NULL
34255,13498,35942,2025-03-26 14:09:00.033,NULL
34256,13494,35943,2025-03-26 14:09:06.453,NULL
34257,13495,35944,2025-03-26 14:09:12.697,NULL
34258,13499,35945,2025-03-26 14:09:19.867,NULL
34259,13497,35946,2025-03-26 14:09:26.853,NULL
34260,13491,35947,2025-03-26 14:09:41.800,NULL
34261,13492,35948,2025-03-26 14:09:49.303,NULL
34262,13498,35949,2025-03-26 14:09:56.520,NULL
34263,13494,35950,2025-03-26 14:10:03.573,NULL
34264,13495,35951,2025-03-26 14:10:10.550,NULL
34265,13499,35952,2025-03-26 14:10:16.653,NULL
34266,13497,35953,2025-03-26 14:10:23.483,NULL
34267,13491,35954,2025-03-26 14:10:33.813,NULL
34268,13492,35955,2025-03-26 14:10:39.473,NULL
34269,13498,35956,2025-03-26 14:10:46.033,NULL
34270,13494,35957,2025-03-26 14:10:53.103,NULL
34271,13495,35958,2025-03-26 14:11:00.500,NULL
34272,13499,35959,2025-03-26 14:11:07.540,NULL
34273,13497,35960,2025-03-26 14:11:14.723,NULL
34274,13491,35961,2025-03-26 14:11:26.233,NULL
34275,13492,35962,2025-03-26 14:11:32.260,NULL
34276,13498,35963,2025-03-26 14:11:45.340,NULL
34277,13494,35964,2025-03-26 14:11:51.910,NULL
34278,13495,35965,2025-03-26 14:11:59.040,NULL
34279,13499,35966,2025-03-26 14:12:05.443,NULL
34280,13497,35967,2025-03-26 14:12:11.317,NULL
34281,13491,35968,2025-03-26 14:12:30.940,NULL
34282,13492,35969,2025-03-26 14:12:36.983,NULL
34283,13498,35970,2025-03-26 14:12:44.057,NULL
34284,13494,35971,2025-03-26 14:12:50.440,NULL
34285,13495,35972,2025-03-26 14:12:56.830,NULL
34286,13499,35973,2025-03-26 14:13:03.223,NULL
34287,13497,35974,2025-03-26 14:13:10.970,NULL
34288,13491,35975,2025-03-26 14:13:24.003,NULL
34289,13492,35976,2025-03-26 14:13:31.323,NULL
34290,13498,35977,2025-03-26 14:13:38.673,NULL
34291,13494,35978,2025-03-26 14:13:45.383,NULL
34292,13495,35979,2025-03-26 14:13:53.100,NULL
34293,13499,35980,2025-03-26 14:13:59.400,NULL
34294,13497,35981,2025-03-26 14:14:05.570,NULL
34295,13491,35982,2025-03-26 14:14:18.887,NULL
34296,13492,35983,2025-03-26 14:14:24.787,NULL
34297,13498,35984,2025-03-26 14:14:31.390,NULL
34298,13494,35985,2025-03-26 14:14:37.890,NULL
34299,13495,35986,2025-03-26 14:14:44.677,NULL
34300,13499,35987,2025-03-26 14:14:54.690,NULL
34301,13497,35988,2025-03-26 14:15:00.820,NULL
34302,13491,35989,2025-03-26 14:15:13.803,NULL
34303,13492,35990,2025-03-26 14:15:19.600,NULL
34304,13498,35991,2025-03-26 14:15:25.747,NULL
34305,13494,35992,2025-03-26 14:15:32.893,NULL
34306,13495,35993,2025-03-26 14:15:39.263,NULL
34307,13499,35994,2025-03-26 14:15:45.450,NULL
34308,13497,35995,2025-03-26 14:15:52.320,NULL
34309,13491,35996,2025-03-26 14:16:09.140,NULL
34310,13492,35997,2025-03-26 14:16:16.407,NULL
34311,13498,35998,2025-03-26 14:16:23.480,NULL
34312,13494,35999,2025-03-26 14:16:29.873,NULL
34313,13495,36000,2025-03-26 14:16:36.450,NULL
34314,13499,36001,2025-03-26 14:16:43.073,NULL
34315,13497,36002,2025-03-26 14:16:49.200,NULL
34316,13501,36003,2025-03-27 10:16:02.053,NULL
34317,13490,36004,2025-03-27 13:30:31.217,NULL
34318,13502,36005,2025-03-27 13:52:27.077,NULL
34320,13504,36007,2025-03-28 13:42:44.803,2025-04-01 08:46:30.300
34321,13505,36008,2025-03-31 09:09:09.957,NULL
34322,13505,36009,2025-03-31 09:09:17.520,NULL
34323,13505,36010,2025-03-31 09:09:29.257,NULL
34324,13506,36011,2025-03-31 10:48:43.163,NULL
34325,12627,36012,2025-03-31 11:20:11.877,2025-03-31 11:22:43.590
34326,13508,36013,2025-03-31 12:53:13.550,NULL
34327,13509,36014,2025-03-31 15:39:31.170,NULL
34328,13510,36015,2025-04-01 09:08:43.493,NULL
34330,12448,36017,2025-04-01 12:36:24.880,NULL
34331,12448,36018,2025-04-01 12:36:32.407,NULL
34332,13511,36019,2025-04-01 12:37:03.770,NULL
34333,13512,36020,2025-04-01 13:09:13.083,NULL
34334,10481,36021,2025-04-01 13:53:30.190,NULL
34335,13514,36022,2025-04-01 14:18:08.927,NULL
34336,13515,36023,2025-04-01 15:00:44.487,NULL
34337,13517,36024,2025-04-01 15:32:50.983,NULL
34338,13516,36025,2025-04-01 15:32:57.237,NULL
34339,13516,36026,2025-04-01 15:33:10.827,NULL
34340,13516,36027,2025-04-01 15:33:32.763,NULL
34341,13516,36028,2025-04-01 15:33:49.010,NULL
34342,13516,36029,2025-04-01 15:34:02.137,NULL
34343,13516,36030,2025-04-01 15:34:16.660,NULL
34344,13516,36031,2025-04-01 15:34:29.777,NULL
34345,13516,36032,2025-04-01 15:34:39.507,NULL
34346,13518,36033,2025-04-02 08:43:23.717,NULL
34347,13519,36034,2025-04-02 14:08:02.640,NULL
34348,13520,36035,2025-04-02 15:39:07.853,NULL
34349,13521,36036,2025-04-03 12:06:02.550,NULL
34350,13522,36037,2025-04-03 14:12:01.207,NULL
34351,13523,36038,2025-04-07 12:44:13.690,NULL
34352,13524,36039,2025-04-07 15:02:15.757,NULL
34353,13524,36040,2025-04-07 15:02:22.637,NULL
34354,13525,36041,2025-04-07 15:43:52.610,NULL
34355,490,36042,2025-04-09 09:18:44.377,2025-06-30 14:49:32.373
34356,13526,36043,2025-04-09 10:08:04.057,NULL
34357,13526,36044,2025-04-09 10:08:14.540,NULL
34358,13526,36045,2025-04-09 10:08:24.300,NULL
34359,13526,36046,2025-04-09 10:08:32.057,NULL
34360,13526,36047,2025-04-09 10:08:45.223,NULL
34361,13526,36048,2025-04-09 10:08:57.277,NULL
34362,13526,36049,2025-04-09 10:09:07.390,NULL
34363,13527,36050,2025-04-09 11:20:54.330,NULL
34364,13528,36051,2025-04-09 13:26:06.223,NULL
34365,13529,36052,2025-04-09 16:18:37.173,NULL
34366,13530,36053,2025-04-10 14:41:16.527,NULL
34367,13531,36054,2025-04-11 11:41:15.510,NULL
34368,13532,36055,2025-04-11 12:05:12.437,NULL
34369,13533,36056,2025-04-11 15:51:56.013,NULL
34370,13534,36057,2025-04-11 16:25:42.510,NULL
34371,13535,36058,2025-04-14 09:19:07.653,NULL
34372,13536,36059,2025-04-14 13:59:29.387,NULL
34373,13537,36060,2025-04-15 10:12:22.240,NULL
34374,13538,36061,2025-04-15 10:20:35.510,NULL
34375,13539,36062,2025-04-15 10:27:20.830,NULL
34376,13540,36063,2025-04-15 15:45:19.223,NULL
34377,12627,36064,2025-04-16 10:50:45.607,NULL
34378,3888,36065,2025-04-17 15:21:21.547,NULL
34380,3888,36067,2025-04-17 15:29:03.653,NULL
34381,13541,36068,2025-04-18 12:10:01.257,NULL
34382,13543,36069,2025-04-21 09:44:06.167,NULL
34383,13544,36070,2025-04-23 12:35:27.420,NULL
34384,13545,36071,2025-04-23 13:13:59.163,NULL
34385,13546,36072,2025-04-24 11:19:26.597,NULL
34386,13547,36073,2025-04-24 14:43:56.280,NULL
34387,13548,36074,2025-04-24 14:58:01.443,NULL
34388,548,36075,2025-04-25 08:55:43.733,NULL
34389,548,36076,2025-04-25 09:25:22.840,NULL
34390,548,36077,2025-04-25 09:46:01.690,NULL
34391,13549,36078,2025-04-25 12:14:51.920,NULL
34392,13549,36079,2025-04-25 12:15:10.180,2025-04-25 12:15:29.630
34393,548,36080,2025-04-25 12:23:08.750,NULL
34394,548,36081,2025-04-25 12:24:25.803,NULL
34395,13550,36082,2025-04-25 14:59:38.533,NULL
34396,13551,36083,2025-04-28 09:32:44.690,NULL
34397,13552,36084,2025-04-29 11:22:18.550,NULL
34398,13553,36085,2025-05-01 12:07:07.930,NULL
34399,13554,36086,2025-05-01 12:17:33.817,NULL
34400,13555,36087,2025-05-01 12:21:47.007,NULL
34401,13556,36088,2025-05-01 12:49:34.227,NULL
34402,13557,36089,2025-05-01 12:56:15.580,NULL
34403,13558,36090,2025-05-01 14:35:31.803,NULL
34404,568,36091,2025-05-02 09:58:17.277,NULL
34405,13559,36092,2025-05-02 10:05:22.177,NULL
34406,13559,36093,2025-05-02 10:05:44.023,NULL
34407,13559,36094,2025-05-02 10:06:01.327,NULL
34408,13559,36095,2025-05-02 10:06:59.077,NULL
34410,11051,36097,2025-05-05 08:15:21.790,NULL
34411,13562,36098,2025-05-05 15:44:41.327,NULL
34412,13563,36099,2025-05-06 09:51:44.983,NULL
34413,13564,36100,2025-05-06 10:16:27.753,NULL
34414,13565,36101,2025-05-06 11:09:13.297,NULL
34415,13566,36102,2025-05-07 09:07:16.297,NULL
34416,11721,36103,2025-05-07 14:25:02.950,NULL
34417,11721,36104,2025-05-07 14:26:52.087,NULL
34418,11721,36105,2025-05-07 14:28:26.950,NULL
34419,11721,36106,2025-05-07 14:31:54.557,NULL
34420,11721,36107,2025-05-07 14:32:05.600,NULL
34421,11721,36108,2025-05-07 14:39:15.700,NULL
34422,3350,36109,2025-05-08 13:12:07.497,NULL
34423,3350,36110,2025-05-08 13:13:45.910,NULL
34424,13567,36111,2025-05-08 16:27:01.567,NULL
34425,13568,36112,2025-05-09 08:41:16.880,NULL
34426,13569,36113,2025-05-09 12:29:56.580,NULL
34427,539,36114,2025-05-09 17:28:00.210,NULL
34428,13570,36115,2025-05-12 09:26:48.347,NULL
34429,13571,36116,2025-05-12 10:57:39.547,NULL
34430,13572,36117,2025-05-13 09:04:03.443,NULL
34431,13573,36118,2025-05-13 09:20:05.053,NULL
34432,13574,36119,2025-05-13 09:21:13.537,2025-05-13 10:22:41.290
34433,13575,36120,2025-05-13 15:20:24.660,NULL
34434,13576,36121,2025-05-14 09:44:43.120,NULL
34435,566,36122,2025-05-14 13:58:11.440,NULL
34436,13579,36123,2025-05-15 08:58:39.567,NULL
34437,13580,36124,2025-05-15 12:48:58.077,NULL
34438,13581,36125,2025-05-16 10:04:24.630,NULL
34439,13582,36126,2025-05-16 14:48:39.467,NULL
34440,13583,36127,2025-05-16 15:04:57.097,NULL
34441,13583,36128,2025-05-16 15:05:03.067,NULL
34442,13584,36129,2025-05-19 09:24:30.053,NULL
34443,9831,36130,2025-05-19 12:34:22.897,NULL
34444,13585,36131,2025-05-19 13:33:05.097,NULL
34445,13585,36132,2025-05-19 13:33:24.123,NULL
34446,13585,36133,2025-05-19 13:33:43.683,NULL
34447,13585,36134,2025-05-19 13:33:57.803,NULL
34448,13585,36135,2025-05-19 13:34:14.990,NULL
34449,13585,36136,2025-05-19 13:34:25.877,NULL
34450,13585,36137,2025-05-19 13:34:41.507,NULL
34451,13585,36138,2025-05-19 13:34:54.930,NULL
34452,13585,36139,2025-05-19 13:35:07.970,NULL
34453,13585,36140,2025-05-19 13:35:26.747,NULL
34454,13585,36141,2025-05-19 13:35:42.207,NULL
34455,531,36142,2025-05-20 09:57:41.493,NULL
34456,531,36143,2025-05-20 10:04:57.133,NULL
34457,13587,36144,2025-05-21 09:01:06.547,NULL
34458,13588,36145,2025-05-21 10:41:06.027,NULL
34459,485,36146,2025-05-22 09:47:47.927,NULL
34460,13589,36147,2025-05-22 13:42:17.270,2025-05-29 15:35:58.453
34461,13590,36148,2025-05-22 13:52:37.360,NULL
34462,11535,36149,2025-05-22 15:28:11.863,NULL
34463,11535,36150,2025-05-22 15:30:50.110,NULL
34464,11535,36151,2025-05-22 15:32:09.977,NULL
34465,11535,36152,2025-05-22 15:34:46.093,NULL
34466,13591,36153,2025-05-22 15:43:35.203,NULL
34467,13592,36154,2025-05-22 15:50:28.043,NULL
34468,13591,36155,2025-05-22 15:53:13.303,NULL
34469,13592,36156,2025-05-22 15:53:47.337,NULL
34470,13593,36157,2025-05-23 09:10:04.883,NULL
34471,3847,36158,2025-05-23 14:28:09.003,NULL
34472,3847,36159,2025-05-23 14:28:32.803,NULL
34473,3847,36160,2025-05-23 14:28:42.323,NULL
34474,3847,36161,2025-05-23 14:29:01.367,NULL
34475,3847,36162,2025-05-23 14:29:14.360,NULL
34476,13591,36163,2025-05-27 11:13:11.797,NULL
34477,13592,36164,2025-05-27 11:14:28.200,NULL
34478,13591,36165,2025-05-27 11:15:20.203,NULL
34479,13592,36166,2025-05-27 11:15:31.620,NULL
34480,13591,36167,2025-05-27 11:17:53.723,NULL
34481,13592,36168,2025-05-27 11:18:03.153,NULL
34482,13591,36169,2025-05-27 11:22:37.240,NULL
34483,13592,36170,2025-05-27 11:22:46.890,NULL
34484,4785,36171,2025-05-27 11:27:08.360,NULL
34485,13596,36172,2025-05-27 12:59:50.253,NULL
34486,13596,36173,2025-05-27 13:00:04.167,NULL
34487,13589,36174,2025-05-29 15:36:39.520,NULL
34488,13589,36175,2025-05-29 15:36:52.553,NULL
34489,13589,36176,2025-05-29 15:37:04.797,NULL
34490,13589,36177,2025-05-29 15:37:16.847,NULL
34491,13589,36178,2025-05-29 15:37:31.480,NULL
34492,13589,36179,2025-05-29 15:37:42.943,NULL
34493,13589,36180,2025-05-29 15:37:56.767,NULL
34494,13589,36181,2025-05-29 15:38:07.960,NULL
34495,13589,36182,2025-05-29 15:38:23.107,NULL
34496,13589,36183,2025-05-29 15:38:35.247,NULL
34497,13589,36184,2025-05-29 15:38:45.663,NULL
34498,13589,36185,2025-05-29 15:38:58.423,NULL
34499,13589,36186,2025-05-29 15:39:09.267,NULL
34500,13589,36187,2025-05-29 15:39:24.773,NULL
34501,13589,36188,2025-05-29 15:39:37.393,NULL
34502,13589,36189,2025-05-29 15:39:47.657,NULL
34503,13589,36190,2025-05-29 15:40:02.470,NULL
34504,13589,36191,2025-05-29 15:40:13.720,NULL
34505,13589,36192,2025-05-29 15:40:24.913,NULL
34506,13589,36193,2025-05-29 15:40:36.973,NULL
34507,13589,36194,2025-05-29 15:40:48.640,NULL
34508,13589,36195,2025-05-29 15:41:01.417,NULL
34509,13589,36196,2025-05-29 15:41:12.550,NULL
34510,13589,36197,2025-05-29 15:41:27.230,NULL
34511,11667,36198,2025-05-30 10:17:04.513,NULL
34512,11667,36199,2025-05-30 10:18:56.863,NULL
34513,11667,36200,2025-05-30 10:19:41.263,NULL
34514,11667,36201,2025-05-30 10:20:22.363,NULL
34515,11667,36202,2025-05-30 10:29:18.217,NULL
34516,11668,36203,2025-05-30 11:15:58.110,NULL
34517,11668,36204,2025-05-30 11:17:55.770,NULL
34518,11668,36205,2025-05-30 11:18:50.797,NULL
34519,11668,36206,2025-05-30 11:19:33.970,NULL
34520,11668,36207,2025-05-30 11:24:57.093,NULL
34521,11668,36208,2025-05-30 11:27:29.067,NULL
34522,11668,36209,2025-05-30 11:29:43.713,NULL
34523,11668,36210,2025-05-30 11:36:12.543,NULL
34524,11668,36211,2025-05-30 11:46:12.147,NULL
34525,11668,36212,2025-05-30 11:47:04.833,NULL
34526,11668,36213,2025-05-30 12:40:54.387,NULL
34527,11668,36214,2025-05-30 12:42:10.403,NULL
34528,11668,36215,2025-05-30 12:47:10.553,NULL
34529,11668,36216,2025-05-30 12:48:08.240,NULL
34530,11668,36217,2025-05-30 12:50:25.953,NULL
34531,11671,36218,2025-05-30 13:22:28.263,NULL
34532,11671,36219,2025-05-30 13:23:31.537,NULL
34533,11561,36220,2025-05-30 13:32:19.543,2025-06-06 14:58:42.123
34535,11561,36222,2025-05-30 13:32:42.623,2025-06-06 14:59:45.730
34536,11561,36223,2025-05-30 13:32:58.887,2025-06-06 15:00:16.607
34537,11561,36224,2025-05-30 13:33:10.440,2025-06-06 15:00:50.990
34538,11561,36225,2025-05-30 13:33:21.917,2025-06-06 15:01:40.627
34539,11561,36226,2025-05-30 13:33:31.433,2025-06-06 15:02:10.210
34540,11561,36227,2025-05-30 13:33:42.583,2025-06-06 15:02:39.593
34541,11561,36228,2025-05-30 13:33:56.260,2025-06-06 15:03:23.633
34542,11561,36229,2025-05-30 13:34:08.647,2025-06-06 15:03:55.600
34543,11561,36230,2025-05-30 13:34:26.970,2025-06-06 15:04:30.770
34544,11561,36231,2025-05-30 13:34:37.967,2025-06-06 15:05:01.003
34545,11561,36232,2025-05-30 13:34:49.390,2025-06-06 15:05:34.823
34546,11561,36233,2025-05-30 13:35:05.750,2025-06-06 15:05:59.080
34547,11561,36234,2025-05-30 13:35:17.080,2025-06-06 15:06:28.100
34548,11561,36235,2025-05-30 13:36:47.680,2025-06-06 14:59:09.533
34549,11557,36236,2025-05-30 13:55:21.123,2025-06-06 14:43:55.757
34550,11557,36237,2025-05-30 13:55:32.933,2025-06-06 14:45:01.840
34551,11557,36238,2025-05-30 13:55:48.467,2025-06-06 14:39:27.963
34552,11558,36239,2025-05-30 14:02:03.973,2025-06-06 14:49:34.440
34553,11558,36240,2025-05-30 14:02:16.240,2025-06-06 14:50:07.870
34554,11558,36241,2025-05-30 14:02:27.377,2025-06-06 14:52:00.147
34555,11558,36242,2025-05-30 14:02:38.583,2025-06-25 15:29:19.813
34556,11558,36243,2025-05-30 14:02:48.833,2025-06-06 14:54:12.730
34557,11558,36244,2025-05-30 14:02:59.887,2025-06-06 14:54:39.060
34558,11558,36245,2025-05-30 14:03:11.037,2025-06-06 14:55:09.783
34559,11558,36246,2025-05-30 14:03:21.853,2025-06-06 14:55:37.880
34560,13604,36247,2025-06-02 09:07:23.903,NULL
34561,13604,36248,2025-06-02 09:07:36.020,NULL
34562,13604,36249,2025-06-02 09:07:50.477,NULL
34563,13604,36250,2025-06-02 09:08:04.823,NULL
34564,13604,36251,2025-06-02 09:08:15.193,NULL
34565,13604,36252,2025-06-02 09:08:24.620,NULL
34566,13605,36253,2025-06-02 10:17:43.650,NULL
34567,13585,36254,2025-06-02 12:28:46.837,NULL
34568,13585,36255,2025-06-02 12:28:59.713,NULL
34569,13606,36256,2025-06-02 12:50:08.723,NULL
34570,13607,36257,2025-06-02 12:50:17.930,NULL
34571,13608,36258,2025-06-02 12:50:28.540,NULL
34572,11671,36259,2025-06-02 14:11:51.530,NULL
34573,11671,36260,2025-06-02 14:13:09.447,NULL
34574,11671,36261,2025-06-02 14:14:11.403,NULL
34575,11671,36262,2025-06-02 14:15:28.663,NULL
34576,11671,36263,2025-06-02 14:16:41.103,NULL
34577,11672,36264,2025-06-02 14:23:49.853,NULL
34578,11672,36265,2025-06-02 14:24:42.660,NULL
34579,11673,36266,2025-06-02 14:26:57.040,NULL
34580,11674,36267,2025-06-02 14:31:42.357,NULL
34581,11554,36268,2025-06-02 14:36:43.173,2025-08-04 08:55:03.777
34582,11554,36269,2025-06-02 14:36:56.980,2025-08-04 08:55:15.320
34583,11554,36270,2025-06-02 14:37:08.033,2025-08-04 08:55:28.747
34584,11554,36271,2025-06-02 14:37:21.613,2025-08-04 08:56:05.760
34585,11554,36272,2025-06-02 14:37:32.017,2025-08-04 08:56:20.823
34586,11554,36273,2025-06-02 14:37:44.167,2025-08-04 08:56:31.590
34587,11557,36274,2025-06-02 14:49:38.437,2025-06-06 14:37:26.650
34588,11557,36275,2025-06-02 14:50:18.450,2025-06-06 14:38:06.930
34589,11557,36276,2025-06-02 14:50:32.790,2025-06-06 14:38:43.400
34590,11557,36277,2025-06-02 14:50:44.733,2025-06-06 14:40:07.120
34591,11557,36278,2025-06-02 14:50:55.463,2025-06-06 14:40:37.457
34592,657,36279,2025-06-02 15:00:11.100,2025-06-06 14:07:10.587
34593,657,36280,2025-06-02 15:00:21.740,2025-06-06 14:06:58.180
34594,657,36281,2025-06-02 15:00:47.237,2025-06-06 14:06:46.340
34595,13613,36282,2025-06-03 15:00:12.220,NULL
34596,13614,36283,2025-06-03 15:42:47.120,NULL
34597,13615,36284,2025-06-04 09:08:51.523,NULL
34598,13616,36285,2025-06-04 09:26:07.137,NULL
34599,13617,36286,2025-06-04 10:09:57.500,NULL
34600,13618,36287,2025-06-06 09:15:52.447,NULL
34601,13619,36288,2025-06-06 13:35:06.800,NULL
34602,11667,36289,2025-06-06 15:20:54.020,NULL
34603,3350,36290,2025-06-06 15:44:28.087,NULL
34604,3382,36291,2025-06-09 09:27:01.320,NULL
34605,11730,36292,2025-06-09 09:44:44.667,NULL
34606,11730,36293,2025-06-09 09:45:24.600,NULL
34607,11730,36294,2025-06-09 09:46:15.133,NULL
34608,11730,36295,2025-06-09 09:49:36.047,2025-06-09 09:51:06.420
34609,11730,36296,2025-06-09 09:51:48.593,NULL
34610,11730,36297,2025-06-09 09:52:38.187,NULL
34611,11730,36298,2025-06-09 09:53:32.080,NULL
34612,11730,36299,2025-06-09 09:54:17.390,NULL
34613,11730,36300,2025-06-09 09:54:53.610,NULL
34614,11730,36301,2025-06-09 09:55:35.483,NULL
34615,11730,36302,2025-06-09 09:56:21.640,NULL
34616,11730,36303,2025-06-09 09:57:06.193,NULL
34617,11730,36304,2025-06-09 09:57:37.810,NULL
34618,11730,36305,2025-06-09 09:58:18.623,NULL
34619,11730,36306,2025-06-09 09:58:46.363,NULL
34620,11730,36307,2025-06-09 09:59:31.890,NULL
34621,12327,36308,2025-06-09 10:17:16.030,NULL
34622,12327,36309,2025-06-09 10:17:46.293,NULL
34623,12327,36310,2025-06-09 10:18:15.923,NULL
34624,12327,36311,2025-06-09 10:19:01.273,NULL
34625,12327,36312,2025-06-09 10:21:29.827,NULL
34626,12327,36313,2025-06-09 10:22:12.010,NULL
34627,12327,36314,2025-06-09 10:22:42.270,NULL
34628,12327,36315,2025-06-09 10:23:15.073,NULL
34629,12327,36316,2025-06-09 10:23:48.470,NULL
34630,12327,36317,2025-06-09 10:24:19.450,NULL
34631,12327,36318,2025-06-09 10:24:51.880,NULL
34632,12327,36319,2025-06-09 10:25:21.120,NULL
34633,12327,36320,2025-06-09 10:25:56.520,NULL
34634,12327,36321,2025-06-09 10:26:25.277,NULL
34635,12047,36322,2025-06-09 10:34:32.960,NULL
34636,12047,36323,2025-06-09 10:35:04.840,NULL
34637,12047,36324,2025-06-09 10:35:34.403,NULL
34638,12047,36325,2025-06-09 10:38:06.477,NULL
34639,12047,36326,2025-06-09 10:38:42.910,NULL
34640,12047,36327,2025-06-09 10:40:17.903,NULL
34641,12047,36328,2025-06-09 10:50:46.823,NULL
34642,12047,36329,2025-06-09 10:52:00.157,NULL
34643,12047,36330,2025-06-09 10:52:50.913,NULL
34644,12047,36331,2025-06-09 10:54:48.670,NULL
34646,12047,36333,2025-06-09 11:13:15.190,NULL
34647,12047,36334,2025-06-09 11:13:53.287,NULL
34648,12047,36335,2025-06-09 11:14:38.743,NULL
34649,12047,36336,2025-06-09 11:15:31.383,NULL
34650,12047,36337,2025-06-09 11:16:12.093,NULL
34651,12047,36338,2025-06-09 11:16:51.990,NULL
34652,12047,36339,2025-06-09 11:17:31.493,NULL
34653,12047,36340,2025-06-09 11:18:03.463,NULL
34654,12047,36341,2025-06-09 11:18:43.250,NULL
34655,12047,36342,2025-06-09 11:19:17.253,NULL
34656,12047,36343,2025-06-09 11:19:52.897,NULL
34657,12047,36344,2025-06-09 11:20:26.683,NULL
34658,13620,36345,2025-06-09 13:16:20.353,NULL
34659,13621,36346,2025-06-10 09:04:57.660,NULL
34661,564,36348,2025-06-10 13:58:16.930,NULL
34662,13622,36349,2025-06-10 14:42:18.667,NULL
34663,13623,36350,2025-06-10 15:04:14.530,NULL
34666,13624,36353,2025-06-10 15:23:46.463,NULL
34668,564,36355,2025-06-10 15:33:06.000,NULL
34670,564,36357,2025-06-10 15:36:15.827,NULL
34672,564,36359,2025-06-10 15:46:03.477,NULL
34673,474,36360,2025-06-11 15:26:06.210,NULL
34674,13625,36361,2025-06-12 09:08:04.087,NULL
34675,13626,36362,2025-06-12 13:18:49.543,NULL
34676,13627,36363,2025-06-12 15:30:17.933,NULL
34677,13628,36364,2025-06-13 10:56:19.410,NULL
34678,510,36365,2025-06-13 12:33:21.017,NULL
34679,510,36366,2025-06-13 14:41:58.643,NULL
34680,13629,36367,2025-06-13 14:53:43.323,NULL
34681,510,36368,2025-06-13 15:27:10.803,NULL
34682,750,36369,2025-06-16 09:31:06.190,NULL
34683,750,36370,2025-06-16 09:31:23.550,NULL
34684,750,36371,2025-06-16 09:31:38.007,NULL
34685,750,36372,2025-06-16 09:31:50.023,NULL
34686,750,36373,2025-06-16 09:33:29.940,NULL
34687,750,36374,2025-06-16 09:33:44.057,NULL
34688,750,36375,2025-06-16 09:34:04.033,NULL
34689,750,36376,2025-06-16 09:34:22.270,NULL
34690,750,36377,2025-06-16 09:34:36.043,NULL
34691,750,36378,2025-06-16 09:34:46.123,NULL
34692,452,36379,2025-06-16 11:28:48.083,NULL
34693,13630,36380,2025-06-16 13:49:34.783,NULL
34694,12709,36381,2025-06-17 08:51:11.713,2025-09-26 08:44:28.123
34695,13631,36382,2025-06-17 09:17:53.910,NULL
34696,13632,36383,2025-06-17 14:15:52.287,NULL
34697,13633,36384,2025-06-17 15:28:00.007,NULL
34698,13634,36385,2025-06-18 09:41:24.040,NULL
34699,13635,36386,2025-06-18 11:00:41.843,NULL
34700,13636,36387,2025-06-18 11:34:20.520,NULL
34701,13637,36388,2025-06-18 13:44:18.720,NULL
34702,446,36389,2025-06-20 10:35:07.510,2025-06-20 10:39:49.053
34703,446,36390,2025-06-20 10:36:20.077,2025-06-20 10:40:24.453
34704,446,36391,2025-06-20 10:36:28.153,2025-06-20 10:40:35.877
34705,13638,36392,2025-06-20 13:03:22.203,NULL
34706,12709,36393,2025-06-20 15:16:14.570,2025-09-26 08:43:32.457
34707,12709,36394,2025-06-20 15:16:37.687,2025-09-26 08:43:55.647
34708,12709,36395,2025-06-20 15:16:54.200,2025-09-26 08:44:39.617
34709,13639,36396,2025-06-20 16:05:20.740,NULL
34710,13640,36397,2025-06-20 16:29:07.110,NULL
34711,13641,36398,2025-06-23 12:54:12.240,NULL
34712,13642,36399,2025-06-23 12:54:22.083,NULL
34713,13643,36400,2025-06-23 13:08:30.577,NULL
34714,565,36401,2025-06-23 13:44:41.780,NULL
34715,565,36402,2025-06-23 13:44:53.380,NULL
34716,564,36403,2025-06-23 15:34:25.887,NULL
34717,13644,36404,2025-06-24 13:43:49.333,NULL
34718,13644,36405,2025-06-24 13:43:58.610,NULL
34719,13644,36406,2025-06-24 13:44:14.937,NULL
34720,13644,36407,2025-06-24 13:44:24.080,NULL
34721,13644,36408,2025-06-24 13:44:32.820,NULL
34722,13644,36409,2025-06-24 13:44:41.667,NULL
34723,13644,36410,2025-06-24 13:50:03.680,NULL
34724,13644,36411,2025-06-24 13:50:12.513,NULL
34725,13644,36412,2025-06-24 13:50:24.627,NULL
34726,13644,36413,2025-06-24 13:50:42.670,NULL
34727,13644,36414,2025-06-24 13:51:00.690,NULL
34728,13644,36415,2025-06-24 13:51:09.393,NULL
34729,13644,36416,2025-06-24 13:51:17.737,NULL
34730,13644,36417,2025-06-24 13:51:32.123,NULL
34731,13644,36418,2025-06-24 13:51:53.797,NULL
34732,13644,36419,2025-06-24 13:52:02.317,NULL
34733,13644,36420,2025-06-24 13:52:10.007,NULL
34734,13644,36421,2025-06-24 13:52:24.823,NULL
34735,13644,36422,2025-06-24 13:52:33.547,NULL
34736,13644,36423,2025-06-24 13:52:42.453,NULL
34737,13646,36424,2025-06-24 14:18:28.933,NULL
34738,13646,36425,2025-06-24 14:18:40.807,NULL
34740,13647,36427,2025-06-25 14:49:53.773,2025-06-25 14:51:28.720
34741,13647,36428,2025-06-25 14:50:06.077,NULL
34742,13647,36429,2025-06-26 09:58:29.050,NULL
34743,13647,36430,2025-06-26 10:10:58.047,NULL
34745,13645,36432,2025-06-27 08:12:52.100,NULL
34746,13645,36433,2025-06-27 08:13:04.647,NULL
34747,13647,36434,2025-06-27 09:14:06.623,NULL
34748,13648,36435,2025-06-27 11:24:38.437,NULL
34749,13649,36436,2025-06-27 13:26:16.020,NULL
34750,13650,36437,2025-06-30 09:12:25.363,NULL
34751,6198,36438,2025-06-30 11:17:51.807,NULL
34752,6198,36439,2025-06-30 11:18:03.540,NULL
34753,6198,36440,2025-06-30 11:18:17.780,NULL
34754,6198,36441,2025-06-30 11:18:27.113,NULL
34755,6198,36442,2025-06-30 11:18:33.787,NULL
34756,6198,36443,2025-06-30 11:18:47.130,NULL
34757,6198,36444,2025-06-30 11:18:56.390,NULL
34758,6198,36445,2025-06-30 11:21:45.530,NULL
34759,6198,36446,2025-06-30 11:21:58.360,NULL
34760,6198,36447,2025-06-30 11:22:18.253,NULL
34761,6198,36448,2025-06-30 11:22:25.750,NULL
34762,6198,36449,2025-06-30 11:22:54.070,NULL
34763,6198,36450,2025-06-30 11:26:19.577,NULL
34764,6198,36451,2025-06-30 11:26:29.907,NULL
34765,6198,36452,2025-06-30 11:29:35.710,NULL
34766,6198,36453,2025-06-30 11:29:42.530,NULL
34767,6198,36454,2025-06-30 11:30:17.553,NULL
34768,6198,36455,2025-06-30 11:30:34.003,NULL
34769,6198,36456,2025-06-30 11:31:38.777,NULL
34770,6198,36457,2025-06-30 11:37:12.080,NULL
34771,6198,36458,2025-06-30 11:37:23.427,NULL
34772,6198,36459,2025-06-30 11:41:05.170,NULL
34773,13651,36460,2025-06-30 14:12:20.270,NULL
34774,13652,36461,2025-07-01 09:06:53.163,NULL
34775,13653,36462,2025-07-01 09:28:46.860,NULL
34776,13655,36463,2025-07-01 10:47:00.103,NULL
34777,13656,36464,2025-07-01 11:30:50.207,NULL
34778,13658,36465,2025-07-02 14:55:36.913,NULL
34779,13659,36466,2025-07-03 10:00:59.707,NULL
34780,474,36467,2025-07-03 11:17:00.100,NULL
34781,13660,36468,2025-07-03 13:52:31.413,NULL
34782,13661,36469,2025-07-03 15:01:16.897,NULL
34783,1768,36470,2025-07-03 16:28:00.207,NULL
34784,1768,36471,2025-07-03 16:29:34.440,NULL
34785,13662,36472,2025-07-07 14:05:22.323,NULL
34786,13663,36473,2025-07-10 09:02:00.453,NULL
34787,13664,36474,2025-07-10 12:58:27.643,NULL
34788,13665,36475,2025-07-11 14:23:52.817,NULL
34789,13666,36476,2025-07-15 14:18:52.283,NULL
34790,13667,36477,2025-07-15 14:52:20.577,NULL
34791,13668,36478,2025-07-16 12:47:46.333,NULL
34792,13669,36479,2025-07-16 14:34:28.853,NULL
34793,13670,36480,2025-07-17 13:38:58.327,NULL
34794,3814,36481,2025-07-17 14:24:46.803,NULL
34795,3814,36482,2025-07-17 14:24:55.240,NULL
34796,13671,36483,2025-07-18 11:11:05.613,NULL
34797,13672,36484,2025-07-18 11:11:12.203,NULL
34798,13671,36485,2025-07-18 11:11:24.163,NULL
34799,13672,36486,2025-07-18 11:11:31.040,NULL
34800,13671,36487,2025-07-18 11:11:43.990,NULL
34801,13672,36488,2025-07-18 11:11:50.100,NULL
34802,13671,36489,2025-07-18 11:12:01.510,NULL
34803,13672,36490,2025-07-18 11:12:07.790,NULL
34804,13671,36491,2025-07-18 11:12:20.457,NULL
34805,13672,36492,2025-07-18 11:12:29.427,NULL
34806,13671,36493,2025-07-18 11:12:39.320,NULL
34807,13672,36494,2025-07-18 11:12:46.353,NULL
34808,13671,36495,2025-07-18 11:12:55.110,NULL
34809,13672,36496,2025-07-18 11:13:03.383,NULL
34810,13671,36497,2025-07-18 11:13:16.680,NULL
34811,13672,36498,2025-07-18 11:13:23.297,NULL
34812,13671,36499,2025-07-18 11:13:34.810,NULL
34813,13672,36500,2025-07-18 11:13:43.533,NULL
34814,13671,36501,2025-07-18 11:13:51.913,NULL
34815,13672,36502,2025-07-18 11:13:58.853,NULL
34816,13671,36503,2025-07-18 11:14:08.077,NULL
34817,13672,36504,2025-07-18 11:14:15.887,NULL
34818,13673,36505,2025-07-18 12:46:57.007,NULL
34819,535,36506,2025-07-21 10:20:45.633,NULL
34820,535,36507,2025-07-21 10:21:46.000,NULL
34821,13674,36508,2025-07-21 11:23:25.690,NULL
34822,13675,36509,2025-07-21 13:47:38.407,NULL
34823,13677,36510,2025-07-22 15:46:01.727,NULL
34824,12014,36511,2025-07-22 16:13:55.070,NULL
34825,13678,36512,2025-07-23 09:16:32.783,NULL
34826,12337,36513,2025-07-24 09:52:40.843,NULL
34827,877,36514,2025-07-28 09:09:51.170,NULL
34828,13679,36515,2025-07-28 11:44:56.913,NULL
34829,5701,36516,2025-07-28 12:01:00.893,NULL
34830,13681,36517,2025-07-28 13:57:37.620,NULL
34831,13682,36518,2025-07-28 15:53:39.757,NULL
34832,13682,36519,2025-07-28 15:53:50.867,NULL
34833,13682,36520,2025-07-28 15:53:59.747,NULL
34834,13682,36521,2025-07-28 15:54:08.317,NULL
34835,13683,36522,2025-07-29 10:02:03.000,NULL
34836,13684,36523,2025-07-29 13:01:12.487,NULL
34837,13685,36524,2025-07-29 13:29:29.663,NULL
34838,13392,36525,2025-07-29 13:58:03.490,NULL
34839,13686,36526,2025-07-30 08:22:47.193,NULL
34840,13686,36527,2025-07-30 08:22:56.477,NULL
34841,13686,36528,2025-07-30 08:23:06.557,NULL
34842,13686,36529,2025-07-30 08:23:18.610,NULL
34843,13686,36530,2025-07-30 08:23:31.850,NULL
34844,13686,36531,2025-07-30 08:24:02.707,NULL
34845,13687,36532,2025-07-30 12:45:44.610,NULL
34846,13688,36533,2025-07-30 12:45:53.207,NULL
34847,13687,36534,2025-07-30 13:33:17.320,NULL
34848,13688,36535,2025-07-30 13:33:25.110,NULL
34849,13687,36536,2025-07-30 13:33:42.153,NULL
34850,13688,36537,2025-07-30 13:33:48.177,NULL
34851,13687,36538,2025-07-30 13:33:59.843,NULL
34852,13688,36539,2025-07-30 13:34:06.100,NULL
34853,13687,36540,2025-07-30 13:34:22.080,NULL
34854,13688,36541,2025-07-30 13:34:28.563,NULL
34855,13687,36542,2025-07-30 13:34:40.297,NULL
34856,13688,36543,2025-07-30 13:34:46.720,NULL
34857,3888,36544,2025-07-30 14:09:11.393,NULL
34858,3888,36545,2025-07-30 14:11:59.440,NULL
34859,3888,36546,2025-07-30 14:13:19.520,NULL
34860,3888,36547,2025-07-30 14:14:29.087,NULL
34861,3888,36548,2025-07-30 14:15:54.913,NULL
34862,3888,36549,2025-07-30 14:16:38.190,NULL
34863,3888,36550,2025-07-30 14:22:46.190,NULL
34864,3888,36551,2025-07-30 14:26:14.367,NULL
34865,3888,36552,2025-07-30 14:27:28.403,NULL
34866,3888,36553,2025-07-30 14:33:38.657,NULL
34867,3888,36554,2025-07-30 14:45:09.567,NULL
34868,3888,36555,2025-07-30 14:56:53.370,2025-07-30 15:52:17.420
34869,3888,36556,2025-07-30 14:58:21.470,NULL
34870,3888,36557,2025-07-30 15:16:50.833,NULL
34871,3888,36558,2025-07-30 15:19:19.923,NULL
34872,3888,36559,2025-07-30 15:22:50.460,NULL
34873,3888,36560,2025-07-30 15:42:51.643,NULL
34874,13689,36561,2025-07-31 14:07:56.540,NULL
34875,13690,36562,2025-08-01 09:11:38.567,NULL
34876,5654,36563,2025-08-01 09:29:31.293,NULL
34877,5654,36564,2025-08-01 09:29:44.453,NULL
34878,5654,36565,2025-08-01 09:29:56.090,NULL
34879,5654,36566,2025-08-01 09:30:09.673,NULL
34880,5654,36567,2025-08-01 09:30:27.140,NULL
34881,5654,36568,2025-08-01 09:30:52.617,NULL
34882,5654,36569,2025-08-01 09:31:06.297,NULL
34883,5654,36570,2025-08-01 09:31:18.533,NULL
34884,13691,36571,2025-08-01 09:38:52.117,NULL
34885,13692,36572,2025-08-01 10:06:00.663,NULL
34886,13694,36573,2025-08-01 10:16:13.760,NULL
34887,13695,36574,2025-08-01 10:47:36.950,NULL
34888,13696,36575,2025-08-01 12:18:30.153,NULL
34889,13697,36576,2025-08-01 14:00:57.873,NULL
34890,11554,36577,2025-08-04 09:00:29.803,NULL
34891,13698,36578,2025-08-04 09:22:55.897,NULL
34892,13699,36579,2025-08-04 09:28:49.373,NULL
34893,13700,36580,2025-08-04 09:55:36.207,NULL
34894,3888,36581,2025-08-04 10:42:49.890,NULL
34895,13702,36582,2025-08-04 14:06:44.577,NULL
34896,13703,36583,2025-08-04 14:06:57.380,NULL
34897,13704,36584,2025-08-05 09:04:26.010,NULL
34898,13704,36585,2025-08-05 09:04:46.873,NULL
34899,13704,36586,2025-08-05 09:05:00.613,NULL
34900,13704,36587,2025-08-05 09:05:27.327,NULL
34903,13705,36590,2025-08-05 13:46:14.373,NULL
34904,452,36591,2025-08-06 12:14:34.200,NULL
34905,452,36592,2025-08-06 12:16:29.687,NULL
34906,452,36593,2025-08-06 12:16:42.267,NULL
34907,452,36594,2025-08-06 12:20:37.853,NULL
34908,13706,36595,2025-08-06 12:55:34.790,NULL
34909,13707,36596,2025-08-06 15:12:02.517,NULL
34910,3128,36597,2025-08-07 11:34:54.570,NULL
34911,3128,36598,2025-08-07 11:38:32.720,NULL
34912,3128,36599,2025-08-07 11:40:33.520,NULL
34913,3128,36600,2025-08-07 11:46:29.600,NULL
34914,3128,36601,2025-08-07 11:57:29.230,2025-08-07 11:59:35.070
34915,3128,36602,2025-08-07 12:01:09.100,NULL
34917,3128,36604,2025-08-07 13:42:25.273,NULL
34918,450,36605,2025-08-08 10:03:05.837,NULL
34919,450,36606,2025-08-08 10:53:22.820,NULL
34920,450,36607,2025-08-08 11:03:38.573,NULL
34921,450,36608,2025-08-08 11:06:58.803,NULL
34922,450,36609,2025-08-08 11:10:14.080,NULL
34923,12065,36610,2025-08-08 14:04:16.080,NULL
34924,3888,36611,2025-08-08 15:49:21.970,NULL
34925,13708,36612,2025-08-11 10:03:57.413,NULL
34926,13709,36613,2025-08-11 10:30:48.470,NULL
34927,13710,36614,2025-08-11 10:48:21.353,NULL
34928,13711,36615,2025-08-11 13:06:48.450,NULL
34929,13712,36616,2025-08-14 13:01:50.437,NULL
34930,11667,36617,2025-08-18 09:36:28.560,NULL
34931,13713,36618,2025-08-18 12:00:47.817,NULL
34932,13713,36619,2025-08-18 12:01:09.480,NULL
34933,13713,36620,2025-08-18 12:01:20.367,NULL
34934,440,36621,2025-08-19 14:11:00.253,NULL
34935,13714,36622,2025-08-19 15:35:43.247,NULL
34936,13715,36623,2025-08-20 10:38:23.437,NULL
34937,1336,36624,2025-08-20 13:28:20.970,NULL
34938,13716,36625,2025-08-21 09:56:09.120,NULL
34939,13717,36626,2025-08-21 10:07:06.327,NULL
34940,13718,36627,2025-08-21 14:04:53.913,NULL
34941,13719,36628,2025-08-21 14:32:20.453,NULL
34942,13720,36629,2025-08-22 12:33:07.140,NULL
34944,13722,36631,2025-08-25 11:50:39.847,NULL
34945,13722,36632,2025-08-25 11:50:50.643,NULL
34946,13722,36633,2025-08-25 11:50:58.550,2025-08-25 11:58:45.940
34947,13722,36634,2025-08-25 11:51:07.757,NULL
34948,13722,36635,2025-08-25 11:51:20.290,NULL
34949,13722,36636,2025-08-25 11:51:28.540,NULL
34950,13722,36637,2025-08-25 11:51:36.167,NULL
34951,13722,36638,2025-08-25 11:54:58.220,NULL
34952,13722,36639,2025-08-25 11:55:07.233,NULL
34953,13722,36640,2025-08-25 11:55:17.637,NULL
34954,13722,36641,2025-08-25 11:55:25.997,NULL
34955,13722,36642,2025-08-25 11:55:35.920,NULL
34956,13722,36643,2025-08-25 11:55:49.440,NULL
34957,13722,36644,2025-08-25 11:55:57.413,NULL
34958,13722,36645,2025-08-25 11:56:49.377,2025-08-25 12:39:51.270
34959,13722,36646,2025-08-25 11:56:58.563,NULL
34961,13722,36648,2025-08-25 11:57:14.363,2025-08-25 12:02:41.697
34962,13722,36649,2025-08-25 11:57:23.417,2025-08-25 11:58:54.653
34963,13722,36650,2025-08-25 11:57:30.560,NULL
34965,13722,36652,2025-08-25 11:57:45.483,NULL
34966,13722,36653,2025-08-25 11:58:41.057,NULL
34967,13722,36654,2025-08-25 11:59:11.810,NULL
34968,13722,36655,2025-08-25 12:02:57.243,NULL
34969,13722,36656,2025-08-25 12:03:06.307,NULL
34970,13722,36657,2025-08-25 12:03:25.540,NULL
34971,13722,36658,2025-08-25 12:06:49.963,NULL
34972,13722,36659,2025-08-25 12:07:01.270,NULL
34973,13722,36660,2025-08-25 12:07:08.700,NULL
34974,13722,36661,2025-08-25 12:07:17.293,NULL
34975,3888,36662,2025-08-25 14:16:42.977,NULL
34976,13723,36663,2025-08-26 09:34:00.967,NULL
34977,13724,36664,2025-08-27 09:16:14.787,NULL
34978,13724,36665,2025-08-27 09:16:31.173,NULL
34979,13724,36666,2025-08-27 09:16:42.110,NULL
34980,478,36667,2025-08-27 15:15:26.397,2025-08-27 16:10:54.370
34981,514,36668,2025-08-28 16:39:27.660,NULL
34982,514,36669,2025-08-28 16:39:36.270,NULL
34983,514,36670,2025-08-28 16:40:00.520,NULL
34984,514,36671,2025-08-28 16:40:49.707,2025-08-28 16:59:45.170
34985,514,36672,2025-08-28 16:41:08.080,NULL
34986,514,36673,2025-08-28 16:41:17.647,NULL
34987,10134,36674,2025-08-29 10:00:29.927,NULL
34988,10134,36675,2025-08-29 10:00:39.807,NULL
34989,13725,36676,2025-08-29 11:21:53.163,NULL
34990,484,36677,2025-08-29 15:36:38.773,NULL
34991,484,36678,2025-08-29 15:36:48.290,NULL
34992,484,36679,2025-08-29 15:40:03.067,NULL
34993,484,36680,2025-08-29 15:40:14.970,NULL
34994,3888,36681,2025-08-29 16:42:20.503,NULL
34995,3888,36682,2025-08-29 16:43:28.660,NULL
34996,3888,36683,2025-08-29 17:05:50.593,NULL
34997,3888,36684,2025-08-29 17:27:56.600,NULL
34998,509,36685,2025-09-02 10:28:06.597,NULL
34999,509,36686,2025-09-02 10:28:21.180,NULL
35000,13726,36687,2025-09-02 11:01:17.340,NULL
35001,1527,36688,2025-09-02 11:30:29.663,NULL
35002,13727,36689,2025-09-02 13:42:46.450,NULL
35003,13729,36690,2025-09-02 15:16:04.007,2025-09-02 15:44:21.520
35004,13730,36691,2025-09-03 13:05:33.640,NULL
35005,5773,36692,2025-09-03 15:25:15.787,2025-09-03 15:26:41.953
35006,5773,36693,2025-09-03 15:25:34.387,NULL
35007,5773,36694,2025-09-03 15:25:54.483,2025-09-03 15:26:28.500
35008,5773,36695,2025-09-03 15:27:27.103,NULL
35009,5773,36696,2025-09-03 15:28:10.277,NULL
35010,13731,36697,2025-09-04 13:54:20.007,NULL
35011,13732,36698,2025-09-04 14:39:53.667,NULL
35012,13733,36699,2025-09-05 08:27:15.460,NULL
35013,13734,36700,2025-09-05 13:16:49.320,NULL
35014,13735,36701,2025-09-08 09:05:07.910,NULL
35015,13736,36702,2025-09-08 09:13:15.330,NULL
35016,12125,36703,2025-09-08 09:46:46.120,NULL
35017,12125,36704,2025-09-08 10:12:47.113,NULL
35018,12125,36705,2025-09-08 10:15:31.983,NULL
35019,474,36706,2025-09-08 12:12:19.617,NULL
35020,474,36707,2025-09-08 12:22:22.293,2025-09-08 15:19:35.853
35021,474,36708,2025-09-08 12:26:54.883,NULL
35022,474,36709,2025-09-08 12:48:16.737,NULL
35023,13737,36710,2025-09-08 13:14:54.300,NULL
35024,474,36711,2025-09-08 14:10:06.370,2025-09-08 15:19:42.243
35025,474,36712,2025-09-08 14:14:51.267,NULL
35026,474,36713,2025-09-08 15:34:52.983,NULL
35027,474,36714,2025-09-08 15:46:41.997,NULL
35029,13739,36716,2025-09-10 09:10:18.507,NULL
35030,13740,36717,2025-09-10 11:30:45.723,NULL
35031,13741,36718,2025-09-10 11:34:50.953,NULL
35032,13742,36719,2025-09-10 11:40:57.360,NULL
35033,13743,36720,2025-09-10 11:53:02.623,NULL
35035,13746,36722,2025-09-11 09:11:05.833,NULL
35036,13746,36723,2025-09-11 09:11:15.200,NULL
35037,13746,36724,2025-09-11 09:11:24.720,NULL
35038,13746,36725,2025-09-11 09:11:35.550,NULL
35039,13746,36726,2025-09-11 09:11:44.827,NULL
35040,13746,36727,2025-09-11 09:12:07.153,NULL
35041,13746,36728,2025-09-11 09:12:21.867,NULL
35042,13746,36729,2025-09-11 09:12:33.370,NULL
35043,13746,36730,2025-09-11 09:12:51.683,NULL
35044,13746,36731,2025-09-11 09:13:03.270,NULL
35045,13746,36732,2025-09-11 09:13:12.290,NULL
35046,13746,36733,2025-09-11 09:13:33.563,NULL
35047,13746,36734,2025-09-11 09:13:45.867,NULL
35048,13746,36735,2025-09-11 09:13:57.167,NULL
35049,13746,36736,2025-09-11 09:14:05.527,NULL
35050,13746,36737,2025-09-11 09:14:13.537,NULL
35051,13746,36738,2025-09-11 09:14:26.723,NULL
35052,13746,36739,2025-09-11 09:14:34.607,NULL
35053,13746,36740,2025-09-11 09:14:42.270,NULL
35054,13746,36741,2025-09-11 09:19:05.710,NULL
35055,13746,36742,2025-09-11 09:19:23.877,NULL
35056,13746,36743,2025-09-11 09:19:58.560,NULL
35057,13746,36744,2025-09-11 09:20:16.727,NULL
35058,13746,36745,2025-09-11 09:20:55.470,NULL
35059,13746,36746,2025-09-11 09:21:21.040,NULL
35060,13746,36747,2025-09-11 09:21:38.467,NULL
35061,13746,36748,2025-09-11 09:21:52.893,NULL
35062,13746,36749,2025-09-11 09:22:10.987,NULL
35063,509,36750,2025-09-11 09:27:41.543,NULL
35064,13746,36751,2025-09-11 09:52:17.460,NULL
35065,13746,36752,2025-09-11 09:56:50.973,NULL
35066,13746,36753,2025-09-11 09:57:15.977,NULL
35067,13746,36754,2025-09-11 09:57:43.317,NULL
35068,13746,36755,2025-09-11 09:58:00.130,NULL
35069,13746,36756,2025-09-11 09:58:25.013,NULL
35070,13746,36757,2025-09-11 09:58:44.460,NULL
35071,13746,36758,2025-09-11 09:59:11.037,NULL
35072,13746,36759,2025-09-11 10:04:08.370,NULL
35073,13746,36760,2025-09-11 10:04:25.923,NULL
35074,13746,36761,2025-09-11 10:04:43.007,NULL
35075,13746,36762,2025-09-11 10:05:13.457,NULL
35076,13746,36763,2025-09-11 10:08:53.477,NULL
35077,13746,36764,2025-09-11 10:09:14.700,NULL
35078,13746,36765,2025-09-11 10:09:32.843,NULL
35079,13746,36766,2025-09-11 10:09:54.860,NULL
35080,13746,36767,2025-09-11 10:10:10.337,NULL
35081,13746,36768,2025-09-11 10:10:23.973,NULL
35082,13746,36769,2025-09-11 10:10:46.243,NULL
35083,13746,36770,2025-09-11 10:11:12.023,NULL
35084,13746,36771,2025-09-11 10:11:23.800,NULL
35085,13746,36772,2025-09-11 10:14:54.167,NULL
35086,13746,36773,2025-09-11 10:15:11.003,NULL
35087,13746,36774,2025-09-11 10:15:29.553,NULL
35088,13746,36775,2025-09-11 10:15:45.830,NULL
35089,13746,36776,2025-09-11 10:16:06.607,NULL
35090,13746,36777,2025-09-11 10:16:23.593,NULL
35091,13746,36778,2025-09-11 10:16:42.603,NULL
35092,13746,36779,2025-09-11 10:16:58.747,NULL
35093,13746,36780,2025-09-11 10:19:49.420,NULL
35094,13746,36781,2025-09-11 10:20:03.600,NULL
35095,13746,36782,2025-09-11 10:20:19.510,NULL
35096,13746,36783,2025-09-11 10:21:02.667,NULL
35097,13746,36784,2025-09-11 10:21:16.440,NULL
35098,13746,36785,2025-09-11 10:21:31.807,NULL
35099,13746,36786,2025-09-11 10:21:49.407,NULL
35100,13746,36787,2025-09-11 10:23:31.110,NULL
35101,13746,36788,2025-09-11 10:23:49.137,NULL
35102,13746,36789,2025-09-11 10:24:06.270,NULL
35103,13746,36790,2025-09-11 10:24:15.473,NULL
35104,13746,36791,2025-09-11 10:24:26.103,NULL
35105,13746,36792,2025-09-11 10:24:39.043,NULL
35106,13746,36793,2025-09-11 10:24:52.830,NULL
35107,13746,36794,2025-09-11 10:25:06.397,NULL
35108,13746,36795,2025-09-11 10:25:27.467,NULL
35109,13746,36796,2025-09-11 10:25:45.350,NULL
35110,13746,36797,2025-09-11 10:25:58.747,NULL
35111,13746,36798,2025-09-11 10:26:14.973,NULL
35112,13746,36799,2025-09-11 10:26:44.697,NULL
35113,13746,36800,2025-09-11 10:26:59.530,NULL
35114,13746,36801,2025-09-11 10:29:06.010,NULL
35115,13746,36802,2025-09-11 10:29:18.470,NULL
35116,13746,36803,2025-09-11 10:29:41.027,NULL
35117,13746,36804,2025-09-11 10:29:58.117,NULL
35118,13746,36805,2025-09-11 10:30:12.877,NULL
35119,13746,36806,2025-09-11 10:30:24.027,NULL
35120,13746,36807,2025-09-11 10:30:46.083,NULL
35121,13746,36808,2025-09-11 10:30:56.023,NULL
35122,13746,36809,2025-09-11 10:31:09.800,NULL
35123,13746,36810,2025-09-11 10:31:28.387,NULL
35124,13746,36811,2025-09-11 10:31:43.467,NULL
35125,13746,36812,2025-09-11 10:32:07.890,NULL
35126,13746,36813,2025-09-11 10:34:11.180,NULL
35127,13746,36814,2025-09-11 10:34:27.783,NULL
35128,13746,36815,2025-09-11 10:34:41.303,NULL
35129,13746,36816,2025-09-11 10:34:55.950,NULL
35130,13746,36817,2025-09-11 10:35:03.453,NULL
35131,13746,36818,2025-09-11 10:35:15.057,NULL
35132,13746,36819,2025-09-11 10:35:25.917,NULL
35133,13746,36820,2025-09-11 10:35:41.603,NULL
35134,13746,36821,2025-09-11 10:35:58.920,NULL
35135,13746,36822,2025-09-11 10:36:40.350,NULL
35136,13746,36823,2025-09-11 10:37:27.257,NULL
35137,13746,36824,2025-09-11 12:01:38.053,NULL
35138,13746,36825,2025-09-11 13:05:44.840,NULL
35140,13748,36827,2025-09-12 08:52:43.337,NULL
35141,13749,36828,2025-09-12 10:50:32.390,NULL
35142,13750,36829,2025-09-15 12:21:51.300,NULL
35143,13750,36830,2025-09-15 12:22:00.707,NULL
35144,13750,36831,2025-09-15 12:22:09.437,NULL
35145,13751,36832,2025-09-15 14:13:59.010,NULL
35146,13752,36833,2025-09-15 14:25:43.947,NULL
35147,13753,36834,2025-09-15 16:18:35.803,NULL
35148,13755,36835,2025-09-17 08:15:11.957,NULL
35149,13756,36836,2025-09-17 15:48:20.763,NULL
35150,13756,36837,2025-09-17 15:48:37.760,NULL
35151,467,36838,2025-09-18 11:13:37.013,NULL
35152,13757,36839,2025-09-19 13:12:03.370,NULL
35153,13758,36840,2025-09-22 14:34:05.680,NULL
35154,13759,36841,2025-09-23 10:57:31.067,NULL
35155,13760,36842,2025-09-24 12:27:27.757,NULL
35156,13761,36843,2025-09-24 12:27:34.807,NULL
35157,13760,36844,2025-09-24 12:27:57.393,NULL
35158,13761,36845,2025-09-24 12:28:04.560,NULL
35159,13760,36846,2025-09-24 12:28:15.880,NULL
35160,13761,36847,2025-09-24 12:28:22.310,NULL
35161,13760,36848,2025-09-24 12:28:35.060,NULL
35162,13761,36849,2025-09-24 12:28:42.833,NULL
35163,13762,36850,2025-09-24 13:51:05.560,NULL
35164,13762,36851,2025-09-24 13:52:43.360,NULL
35165,13762,36852,2025-09-24 13:52:56.743,NULL
35166,13762,36853,2025-09-24 13:53:20.433,NULL
35167,13762,36854,2025-09-24 13:53:35.000,NULL
35168,13762,36855,2025-09-24 13:53:51.257,NULL
35169,13762,36856,2025-09-24 13:54:18.440,NULL
35170,13762,36857,2025-09-24 14:01:42.443,2025-09-24 14:10:06.587
35171,13763,36858,2025-09-24 14:13:31.830,NULL
35172,13764,36859,2025-09-24 14:58:35.943,NULL
35173,13764,36860,2025-09-24 14:58:56.187,NULL
35174,13764,36861,2025-09-24 14:59:57.107,NULL
35175,13767,36862,2025-09-25 09:08:16.307,2025-11-06 09:23:35.610
35176,13765,36863,2025-09-25 09:30:17.093,NULL
35177,13766,36864,2025-09-25 09:30:27.317,NULL
35178,13765,36865,2025-09-25 09:30:42.230,NULL
35179,13766,36866,2025-09-25 09:31:00.420,NULL
35180,13768,36867,2025-09-25 10:24:45.627,NULL
35181,13768,36868,2025-09-25 10:25:04.500,NULL
35182,13768,36869,2025-09-25 10:25:49.707,NULL
35183,13768,36870,2025-09-25 10:26:02.263,NULL
35184,13768,36871,2025-09-25 10:26:14.213,NULL
35185,13768,36872,2025-09-25 10:26:24.750,NULL
35186,13768,36873,2025-09-25 10:26:36.110,NULL
35187,13768,36874,2025-09-25 10:26:46.210,NULL
35188,13768,36875,2025-09-25 10:26:58.387,NULL
35189,13768,36876,2025-09-25 10:27:08.233,NULL
35190,13768,36877,2025-09-25 10:27:19.970,NULL
35191,13768,36878,2025-09-25 10:27:30.730,NULL
35192,13768,36879,2025-09-25 10:27:45.290,NULL
35193,13768,36880,2025-09-25 10:27:58.330,NULL
35194,13768,36881,2025-09-25 10:28:12.080,NULL
35195,13768,36882,2025-09-25 10:28:27.580,NULL
35196,13769,36883,2025-09-25 12:21:04.063,NULL
35197,13769,36884,2025-09-25 12:21:15.437,NULL
35198,13769,36885,2025-09-25 12:21:27.540,NULL
35199,13769,36886,2025-09-25 12:21:42.050,NULL
35200,13769,36887,2025-09-25 12:21:52.500,NULL
35201,13769,36888,2025-09-25 12:22:01.650,NULL
35202,13769,36889,2025-09-25 12:22:20.390,NULL
35203,13769,36890,2025-09-25 12:22:30.947,NULL
35204,13769,36891,2025-09-25 12:22:48.477,NULL
35205,13769,36892,2025-09-25 12:31:26.460,NULL
35206,13770,36893,2025-09-26 08:29:21.627,NULL
35207,12709,36894,2025-09-26 08:43:04.060,NULL
35208,13771,36895,2025-09-26 13:58:13.697,NULL
35209,498,36896,2025-09-29 10:26:44.840,NULL
35210,13772,36897,2025-09-29 14:19:37.963,NULL
35211,13773,36898,2025-09-29 14:19:58.067,NULL
35212,13774,36899,2025-09-29 14:20:17.353,NULL
35213,13775,36900,2025-09-29 14:20:34.840,NULL
35214,13776,36901,2025-09-29 14:20:50.753,NULL
35215,12739,36902,2025-09-29 15:30:35.573,NULL
35216,13777,36903,2025-10-01 09:19:16.307,NULL
35217,11667,36904,2025-10-01 10:16:08.800,NULL
35218,11667,36905,2025-10-01 10:18:41.310,NULL
35219,11667,36906,2025-10-01 10:18:54.233,NULL
35220,11667,36907,2025-10-01 10:38:31.023,NULL
35221,11668,36908,2025-10-01 10:41:29.657,NULL
35222,11668,36909,2025-10-01 11:10:28.293,NULL
35223,11668,36910,2025-10-01 11:12:22.033,NULL
35224,11668,36911,2025-10-01 11:14:40.057,NULL
35225,11668,36912,2025-10-01 11:17:34.033,NULL
35226,11668,36913,2025-10-01 11:17:45.330,NULL
35227,11668,36914,2025-10-01 11:18:03.283,NULL
35228,11668,36915,2025-10-01 11:20:58.897,NULL
35229,11668,36916,2025-10-01 11:24:53.480,NULL
35230,11668,36917,2025-10-01 11:25:55.153,NULL
35231,11668,36918,2025-10-01 11:26:06.637,NULL
35232,11668,36919,2025-10-01 11:26:17.883,NULL
35233,11671,36920,2025-10-01 11:49:52.610,NULL
35234,11671,36921,2025-10-01 11:51:31.290,NULL
35235,11671,36922,2025-10-01 11:51:43.097,NULL
35236,11674,36923,2025-10-01 11:54:41.637,NULL
35237,11674,36924,2025-10-01 11:54:49.660,NULL
35238,11674,36925,2025-10-01 11:54:58.233,NULL
35239,11561,36926,2025-10-01 11:59:23.090,NULL
35240,11561,36927,2025-10-01 11:59:34.890,NULL
35241,657,36928,2025-10-01 12:06:39.150,NULL
35242,657,36929,2025-10-01 12:06:48.470,NULL
35243,657,36930,2025-10-01 12:06:57.137,NULL
35244,11672,36931,2025-10-01 12:09:14.433,NULL
35245,11673,36932,2025-10-01 12:10:37.280,NULL
35246,13778,36933,2025-10-01 12:18:28.523,NULL
35247,13779,36934,2025-10-02 09:05:58.397,2025-10-03 07:44:45.730
35248,13780,36935,2025-10-02 13:54:28.093,NULL
35249,3395,36936,2025-10-06 14:35:25.267,NULL
35250,3395,36937,2025-10-06 14:36:14.250,NULL
35251,3395,36938,2025-10-06 14:36:46.930,NULL
35252,3395,36939,2025-10-06 14:37:42.530,NULL
35253,3395,36940,2025-10-06 14:38:12.223,NULL
35254,13746,36941,2025-10-08 09:04:56.957,NULL
35255,13746,36942,2025-10-08 09:06:53.930,NULL
35256,13781,36943,2025-10-08 12:54:01.273,NULL
35257,13782,36944,2025-10-09 09:13:03.873,NULL
35258,13783,36945,2025-10-09 09:27:48.747,NULL
35259,13784,36946,2025-10-09 15:59:49.860,NULL
35260,13785,36947,2025-10-10 09:05:27.650,NULL
35261,13786,36948,2025-10-10 09:23:42.900,NULL
35262,13787,36949,2025-10-10 14:46:37.740,NULL
35263,13788,36950,2025-10-13 09:52:53.760,NULL
35264,13789,36951,2025-10-13 13:02:16.130,NULL
35265,474,36952,2025-10-14 09:43:50.207,NULL
35266,474,36953,2025-10-14 09:52:57.453,NULL
35267,474,36954,2025-10-14 09:54:54.613,NULL
35268,13790,36955,2025-10-14 13:07:17.830,NULL
35269,13791,36956,2025-10-15 09:10:18.000,NULL
35270,13792,36957,2025-10-15 09:45:45.347,NULL
35271,13793,36958,2025-10-15 09:55:18.943,NULL
35272,13794,36959,2025-10-16 08:54:46.113,NULL
35273,13795,36960,2025-10-16 09:03:22.820,NULL
35274,13795,36961,2025-10-16 09:03:31.957,NULL
35275,4767,36962,2025-10-16 13:50:24.037,NULL
35276,13796,36963,2025-10-17 10:23:58.687,NULL
35277,13796,36964,2025-10-17 10:24:19.883,NULL
35278,13796,36965,2025-10-17 10:24:36.327,NULL
35279,13796,36966,2025-10-17 10:24:50.190,NULL
35280,13796,36967,2025-10-17 10:25:06.490,NULL
35281,13797,36968,2025-10-20 09:09:27.227,NULL
35282,13798,36969,2025-10-21 09:02:07.030,NULL
35283,13799,36970,2025-10-22 11:11:18.973,NULL
35284,510,36971,2025-10-22 14:32:21.180,NULL
35285,12742,36972,2025-10-23 13:19:08.530,NULL
35286,12742,36973,2025-10-23 13:19:19.107,NULL
35287,12742,36974,2025-10-23 13:19:27.023,NULL
35288,12742,36975,2025-10-23 13:19:36.233,NULL
35289,13801,36976,2025-10-24 09:22:13.537,NULL
35290,2996,36977,2025-10-24 12:44:58.467,NULL
35291,2996,36978,2025-10-24 12:45:19.890,NULL
35292,2996,36979,2025-10-24 12:45:37.107,NULL
35293,13802,36980,2025-10-27 09:47:09.620,NULL
35294,13803,36981,2025-10-28 15:16:47.217,NULL
35295,13804,36982,2025-10-29 12:15:58.743,NULL
35296,13805,36983,2025-10-30 11:34:41.653,NULL
35297,13806,36984,2025-10-31 09:13:53.273,NULL
35298,509,36985,2025-11-03 09:03:56.227,NULL
35299,13807,36986,2025-11-03 09:52:36.810,NULL
35300,13807,36987,2025-11-03 09:52:46.267,NULL
35301,13807,36988,2025-11-03 09:53:05.100,NULL
35302,13807,36989,2025-11-03 09:53:15.100,2025-11-03 10:11:06.777
35303,13807,36990,2025-11-03 09:53:32.067,NULL
35304,13807,36991,2025-11-03 10:12:53.463,NULL
35305,509,36992,2025-11-03 10:22:05.410,NULL
35306,13808,36993,2025-11-03 10:36:37.267,NULL
35307,13809,36994,2025-11-03 13:41:39.727,NULL
35308,13810,36995,2025-11-03 14:59:37.343,NULL
35309,13811,36996,2025-11-03 15:05:42.120,NULL
35310,13589,36997,2025-11-03 15:22:08.673,NULL
35311,13589,36998,2025-11-03 15:22:25.230,NULL
35312,13589,36999,2025-11-03 15:22:39.540,NULL
35313,13589,37000,2025-11-03 15:23:33.190,NULL
35314,11983,37001,2025-11-04 13:59:24.660,NULL
35315,11983,37002,2025-11-04 13:59:38.600,NULL
35316,11983,37003,2025-11-04 14:00:03.783,NULL
35317,11983,37004,2025-11-04 14:01:50.727,NULL
35318,13812,37005,2025-11-04 14:52:25.630,NULL
35319,13812,37006,2025-11-04 14:52:35.807,NULL
35320,13812,37007,2025-11-04 14:52:45.923,NULL
35321,13812,37008,2025-11-04 14:53:15.960,2025-11-04 15:25:53.080
35322,13812,37009,2025-11-04 14:53:28.013,2025-11-04 15:26:06.303
35323,13813,37010,2025-11-04 15:29:49.637,NULL
35324,13814,37011,2025-11-04 15:36:36.600,NULL
35325,13815,37012,2025-11-05 08:56:01.073,NULL
35326,13059,37013,2025-11-05 09:48:18.073,NULL
35327,13060,37014,2025-11-05 09:48:29.043,NULL
35328,13061,37015,2025-11-05 09:48:41.220,NULL
35329,13059,37016,2025-11-05 09:49:28.720,NULL
35330,13060,37017,2025-11-05 09:49:36.693,NULL
35331,13061,37018,2025-11-05 09:49:46.397,NULL
35332,13059,37019,2025-11-05 09:50:17.473,NULL
35333,13060,37020,2025-11-05 09:50:25.467,NULL
35334,13061,37021,2025-11-05 09:50:32.350,NULL
35335,13059,37022,2025-11-05 09:50:46.290,NULL
35336,13060,37023,2025-11-05 09:50:53.803,NULL
35337,13061,37024,2025-11-05 09:51:01.290,NULL
35338,13059,37025,2025-11-05 09:51:23.667,NULL
35339,13060,37026,2025-11-05 09:51:31.967,NULL
35340,13061,37027,2025-11-05 09:51:39.390,NULL
35341,13059,37028,2025-11-05 09:52:01.820,NULL
35342,13060,37029,2025-11-05 09:52:09.940,NULL
35343,13061,37030,2025-11-05 09:52:18.070,NULL
35344,13059,37031,2025-11-05 09:52:30.367,NULL
35345,13060,37032,2025-11-05 09:52:40.080,NULL
35346,13061,37033,2025-11-05 09:52:47.993,NULL
35347,13059,37034,2025-11-05 09:53:17.903,NULL
35348,13060,37035,2025-11-05 09:53:25.903,NULL
35349,13061,37036,2025-11-05 09:53:35.557,NULL
35350,13059,37037,2025-11-05 09:53:46.930,NULL
35351,13060,37038,2025-11-05 09:53:54.580,NULL
35352,13061,37039,2025-11-05 09:54:02.430,NULL
35353,13059,37040,2025-11-05 09:54:25.220,NULL
35354,13060,37041,2025-11-05 09:54:33.110,NULL
35355,13061,37042,2025-11-05 09:54:41.020,NULL
35356,13059,37043,2025-11-05 09:55:02.307,NULL
35357,13060,37044,2025-11-05 09:55:09.523,NULL
35358,13061,37045,2025-11-05 09:55:17.400,NULL
35359,13059,37046,2025-11-05 09:55:34.687,NULL
35360,13060,37047,2025-11-05 09:55:45.183,NULL
35361,13061,37048,2025-11-05 09:55:55.270,NULL
35362,13059,37049,2025-11-05 09:56:14.540,NULL
35363,13060,37050,2025-11-05 09:56:23.140,NULL
35364,13061,37051,2025-11-05 09:56:32.227,NULL
35365,13059,37052,2025-11-05 09:57:32.937,NULL
35366,13060,37053,2025-11-05 09:57:52.237,NULL
35367,13061,37054,2025-11-05 09:57:59.843,NULL
35368,13059,37055,2025-11-05 09:58:15.913,NULL
35369,13060,37056,2025-11-05 09:58:25.117,NULL
35370,13061,37057,2025-11-05 09:58:35.990,NULL
35371,13059,37058,2025-11-05 10:02:04.560,NULL
35372,13060,37059,2025-11-05 10:02:12.183,NULL
35373,13061,37060,2025-11-05 10:02:21.950,NULL
35374,13059,37061,2025-11-05 10:02:49.003,NULL
35375,13060,37062,2025-11-05 10:02:57.460,NULL
35376,13061,37063,2025-11-05 10:03:06.193,NULL
35377,13059,37064,2025-11-05 10:03:18.860,NULL
35378,13060,37065,2025-11-05 10:03:26.917,NULL
35379,13061,37066,2025-11-05 10:03:36.043,NULL
35380,13059,37067,2025-11-05 10:03:58.090,NULL
35381,13060,37068,2025-11-05 10:04:05.533,NULL
35382,13061,37069,2025-11-05 10:04:12.583,NULL
35383,13059,37070,2025-11-05 10:04:32.473,NULL
35384,13060,37071,2025-11-05 10:04:39.413,NULL
35385,13061,37072,2025-11-05 10:04:47.023,NULL
35386,13059,37073,2025-11-05 10:04:59.017,NULL
35387,13060,37074,2025-11-05 10:05:07.100,NULL
35388,13061,37075,2025-11-05 10:05:15.647,NULL
35389,13059,37076,2025-11-05 10:05:29.737,NULL
35390,13060,37077,2025-11-05 10:05:36.387,NULL
35391,13061,37078,2025-11-05 10:05:43.340,NULL
35392,13059,37079,2025-11-05 10:05:56.870,NULL
35393,13060,37080,2025-11-05 10:06:04.910,NULL
35394,13061,37081,2025-11-05 10:06:14.743,NULL
35395,13059,37082,2025-11-05 10:06:27.243,NULL
35396,13060,37083,2025-11-05 10:06:33.767,NULL
35397,13061,37084,2025-11-05 10:06:43.963,NULL
35398,13059,37085,2025-11-05 10:07:06.013,NULL
35399,13060,37086,2025-11-05 10:07:13.070,NULL
35400,13061,37087,2025-11-05 10:07:20.250,NULL
35401,13059,37088,2025-11-05 10:07:32.240,NULL
35402,13060,37089,2025-11-05 10:07:39.470,NULL
35403,13061,37090,2025-11-05 10:07:46.913,NULL
35404,13059,37091,2025-11-05 10:07:57.213,NULL
35405,13060,37092,2025-11-05 10:08:04.753,NULL
35406,13061,37093,2025-11-05 10:08:12.347,NULL
35407,13059,37094,2025-11-05 10:08:27.517,NULL
35408,13060,37095,2025-11-05 10:08:34.110,NULL
35409,13061,37096,2025-11-05 10:08:41.300,NULL
35410,13059,37097,2025-11-05 10:08:51.597,NULL
35411,13060,37098,2025-11-05 10:09:00.360,NULL
35412,13061,37099,2025-11-05 10:09:08.093,NULL
35413,13059,37100,2025-11-05 10:09:30.383,NULL
35414,13060,37101,2025-11-05 10:09:37.413,NULL
35415,13061,37102,2025-11-05 10:09:44.463,NULL
35416,13059,37103,2025-11-05 10:09:59.330,NULL
35417,13060,37104,2025-11-05 10:10:06.647,NULL
35418,13061,37105,2025-11-05 10:10:14.270,NULL
35419,13059,37106,2025-11-05 10:11:17.733,NULL
35420,13060,37107,2025-11-05 10:11:25.767,NULL
35421,13061,37108,2025-11-05 10:11:33.473,NULL
35422,13059,37109,2025-11-05 10:11:55.210,NULL
35423,13060,37110,2025-11-05 10:12:02.747,NULL
35424,13061,37111,2025-11-05 10:12:11.773,NULL
35425,13059,37112,2025-11-05 10:12:56.603,NULL
35426,13060,37113,2025-11-05 10:13:04.457,NULL
35427,13061,37114,2025-11-05 10:13:11.770,NULL
35428,13059,37115,2025-11-05 10:13:32.043,NULL
35429,13060,37116,2025-11-05 10:13:39.523,NULL
35430,13061,37117,2025-11-05 10:13:47.353,NULL
35431,13802,37118,2025-11-05 15:13:04.610,NULL
35432,13802,37119,2025-11-05 15:13:12.827,NULL
35433,13802,37120,2025-11-05 15:13:26.823,NULL
35434,13802,37121,2025-11-05 15:13:43.333,NULL
35435,13802,37122,2025-11-05 15:13:56.143,NULL
35436,13802,37123,2025-11-05 15:14:11.187,NULL
35437,13817,37124,2025-11-06 14:11:03.317,NULL
35438,474,37125,2025-11-06 14:45:17.223,NULL
35439,474,37126,2025-11-06 14:53:29.933,NULL
35440,474,37127,2025-11-06 15:21:34.350,NULL
35441,13820,37128,2025-11-07 09:20:24.930,NULL
35443,13824,37130,2025-11-10 10:03:24.873,NULL
35444,474,37131,2025-11-10 10:16:32.280,NULL
35445,474,37132,2025-11-10 13:36:52.487,NULL
35446,474,37133,2025-11-10 15:35:01.710,2025-11-12 14:09:02.733
35447,13825,37134,2025-11-12 08:52:49.537,NULL
35448,474,37135,2025-11-12 13:53:49.893,NULL
35450,13826,37137,2025-11-12 15:30:21.420,NULL
