Id,Name
12858,#1 ALPINE CUSTOMS
4877,"1/OFF KUSTOMS, LLC"
11257,"102 IRONWORKS, INC."
12255,12832429 CANADA INC.
13053,137 INDUSTRIES INC.
6387,17 Creek Enterprises
12948,1955 Custom Belair
9172,"1M Custom Car Transports, Inc."
6124,1ST CHOICE MANUFACTURING INC
12972,2 GOLDEN EAGLES
6488,2-G Trailer Co LLC
11399,24/7 Onsite Cameras Inc
608,280 Trailers
10123,3 Custom Solutions
11253,3 STAR MFG LTD
8792,"3&1 Enterprises, LLC dba Impact Trailers"
13576,321Trailers
7388,33 East Maintenance Inc
10005,357 Golf Carts
11527,36 FEET LLC
12488,360 Custom Trailers
9857,3C Cattle Feeders Inc.
675,3D Custom Aluminum
4800,3M Dynamic Message Systems
12538,3pluscoco
674,3T Mfg.
11657,4 Boss
8195,4 Star Fabrication
10980,"4 W "
12443,4 Wide
8175,4 X 4 Trailers Ltd
5676,4-Star Trailers Inc.
12874,41 Series
10908,4L Trailers
7349,4M Farm & Trailer Sales
7374,"5 Starr Trailer Company, Inc"
4702,505 Fabrication
6521,5280 Trailerworks
9707,55 Grills
673,58th Street Customs
13240,5G Modular
10122,5JS Welding
10301,5M Trailers
8101,5R Ranch Trailers
8851,"6 & 34 Trailers & Mfg, Inc."
12191,6186433 MB Ltd / Ironmen Industries
13352,62DNC Trailer
12345,643 ENTERPRISE
12888,7 ENERGY
10636,7 Seas Trailers
10653,7 Sons Construction
11425,702 TRAILER'S & WELDING LLC
13645,79Bike
10955,7X Offroad
4991,801 Trailer Manufacturing
11968,818
10007,9149-0847 Quebec Inc.
632,A & A Manufacturing
7770,A & B INDUSTRIES
8220,A & D Company
3832,A & E Fabricators
609,A & E Trailers
6665,A & F TRAILER MFG INC
5983,A & H
9910,A & K Trailers
11466,A & L Smokers
11245,A & L TRAILERS
645,A & M FABRICATIONS
9158,A & R Custom Trailers
13778,A & V Trailers
6666,A & W TRAILOR MANUFACTURE
5695,A Bar K Trailers
5266,A Smith GT Bentley
9296,"A Team Trailers, Ltd."
631,A to Z Auto
10338,A TO Z METAL WORKS Co.
4614,A Trinity Trailer
10216,A&A Steel Enterprises Ltd.
10785,"A&D "
13052,A&M Trailer LLC
11770,A&P WELDING
11655,A&R Economy Cargo Trailers
610,A-1 Custom Trailer aka Tow Master
5803,"A-1 Hitch & Trailer Sales, Inc."
7751,A-1 Truck Repair
611,A-BAR-D MFG.
9632,"A-N-S Manufacturing, Inc."
3833,A. B. Chance Company
9135,A. Bergman
3834,A.A. Trailer
11956,A.G.A EL AMIGUITO
628,A.N. Bowling
7414,A.P.C. Motor Company
7018,"A.P.E, INC"
626,A.Q. Manufacturing
12745,A.R. Services
614,A.R.M.
9635,A.S.C.
8793,A.T.M.
12727,A.V. Trailers L.L.C.
624,A1 Cycles
11314,A1 FOOD TRUCK DEPOT LLC
11534,A2M2 Trailers
11301,A2Z
4708,AA Muffler and Welding
3836,AA Screen Supply
5696,AA Welding
9785,AAA Marine
13624,AAA Tiny Home
9877,AAA Trailer Sales LLC
13573,AACI
8834,"AAD Welding, Inc."
7490,Aapex Trailers Inc
7514,AAR Welding
6867,"AARON WORLDWIDE MACHINE CO., INC."
1288,AAS
621,ABASTECEDORA DE TRACTOPARTES Y REFACCIONES
11919,Abba Trailers LLC
3837,ABC Enterprises
3838,ABC Manufacturing
11514,"ABCMFG, Inc"
10916,ABD EQUIPMENT & PARTS LLC
13660,Aberdeen Power Group
8037,ABI
13235,"ABI ATTACHMENTS, INC"
5984,ABI Caravans Ltd
622,Ability Metals
4672,Able Industries
13508,ABP Trailers
11538,ABS
623,Absolute Concepts
767,Absolute Performance
768,Absolute Trailer Sales
769,Absolutely Wild Ranch
13540,ABT
9395,"Abtec of Wisconsin, Inc."
6141,ABU
770,AC Customs
771,AC Propulsion
772,Academi Training Center
773,ACC TrailRite
9229,Accel Trailers Inc.
13517,Accelerate
9559,Accelerated Media Technologies
9490,"Accelerated Speed Dynamics, Inc"
1113,Accelerated Tanks and Trailers
6484,"ACCU-TEK TRAILER MANUFACTURING, INC."
8608,Accu-Weld Truck Body & Trailer Inc
6653,ACCURATE CYCLE ENGINEERING
774,ACcustomX
1518,Ace
5700,Ace Custom Trailers
11813,ACE Metalworks
10091,ACE MFG
7360,Ace Motorcycle
775,Ace of Spades
4758,Ace Trailers
9511,ACE Truck Body Co.
11211,"ACELA, INC"
6548,ACES CHOPPERWORKS
457,ACG
13361,Acha Trailers
9560,ACI
10332,Acker-Built
8307,ACME
6519,"ACME CRYOGENICS, INC."
776,Acme Group
777,Acme Industries
778,Acme Trailer Works
12692,ACP TRAILERS
6181,Acro Trailer Company
13616,ACS
779,Action Enterprises & Fabrication
780,Action Equipment
8729,Action Industrial Studio
781,Action Signs and Billboards
4799,Action Trailers
6602,"ACTION WELDING & FABRICATION, INC."
11323,ACTIVEDOGS
12238,ACTIVEV LLC
782,Activity Trailer
783,Activmo Auto
475,Acura
5756,Acv Inc
13436,Adagio Collections LLC
5670,Adam Trailers
8157,Adams Equipment
784,Adams MFG
13190,ADAPTIVE HUMANITY LLC
12127,ADDAX Overland LLC
785,Addco
6479,"ADIRONDACK KABINS, LLC"
5680,ADIRONDACK KOTTAGES
4517,Adirondack White Pine Cabins
2464,ADLY
11141,ADM MANUFACTURING
3840,Admiral Drive Systems
786,Admiral Trailers
5806,ADMIRATION HOMES
11045,ADMW
13694,ADOC
4792,Adrenaline
787,Adrian Homes
11768,ADS Manufacturing
12653,ADU 100
12654,ADU 200
792,Advance Engineered Products
795,Advance Lifts
6294,Advance Mechanical Service
4667,Advance Metal Fabrication and Machine
796,Advance Pump & Equipment
11367,ADVANCED BOAT
6407,"ADVANCED BOAT TRAILERS, INC."
7077,"ADVANCED CONTAINMENT SYSTEMS, INC"
797,Advanced Customs & Conversions
8235,Advanced Directional Drilling Services
10155,ADVANCED EV
8589,Advanced Fabrication
6982,ADVANCED FABRICATORS INC
11032,"ADVANCED FIELD SERVICES, LLC"
7776,"ADVANCED MANUFACTURING & POWER SYSTEMS, INC."
12000,"Advanced Metal Products, Inc"
8242,Advanced Metalcraft & Co
8214,Advanced Portable Buildings & Trailers
8912,Advanced Striping Equipment
8551,"Advanced Trailer Concepts, Inc."
13285,Advanced Trailer Manufacturing
8789,"Advanced Trailer Service, Inc."
4593,Advanced Trailer Solutions
8083,Advanced Trailer Systems
9132,Advanced Transport Technologies Inc.
3889,Advanced Welding and Manufacturing
806,Advantage Customs
4604,"Advantage Terrafab, LLC"
9662,Advantage Trailers
12227,ADVENTURE
12252,"ADVENTURE COAST, LLC"
7546,"Adventure Sports Products, Inc"
3890,Adventure Trailers
4798,AEC Enterprises
807,AEP North America
8591,Aero
10287,Aero Build LLC
7793,Aero Fiberglass Company
6572,Aero Flite
11431,Aero Moto
4807,Aero Motors
8904,Aero MotorSports
12773,AERO PRECISION METAL WORKS LLC
5267,"Aero Teardrops, LLC"
5430,Aero Trailers
808,Aerobilt Manufacturing
7373,Aeroglas
7884,AEROPUP Trailers LLC
8899,Aeroswint Trailers
10731,AEROTECH COATINGS LLC
5924,AEROTEK
1231,Aerovault
1233,AFAB Petroleum Equipment & Steel Fabrication
1235,AFC Company
11946,AFCR
1237,Affordable Aluminum
10240,Affordable Trailers
1238,After Hours
7059,AFTER-MARKET SPECIALTIES
4855,AG Dryer Services Inc.
7377,"AG Industrial, Inc"
4797,AG Shield Manufacturing
1015,Ag Spray Equipment
6078,"Ag Spray Equipment,Inc."
4609,AG Works International
1241,"AG-Quip, Inc."
6080,AG. BELT TRAILER
7944,"AGA Gas Central, Inc"
10491,"AGAMS, CO. LTD"
11226,AGAZU
1240,AGB
11715,AGC LSV's
6079,Agri-Drain Corp
1243,AgriFleet Leasing Corporation
1244,"Aguilar's Welding, Inc."
8680,Agvantage Manufacturing Corp.
11788,AHGO FOOD TRAILERS
3891,Ahoy! Houseboats and Fishhouses
13176,AHS Trailers
11628,AI Trailers
12581,AIM Trailers
11428,AimHigh
1247,"Ainley Kennels & Fabrication, Inc."
11286,AIR EASY LLC DBA AVENTURA-X
3878,Air Responder
11754,Air-Flo
12053,Air-Tow Trailers
1249,"Airbagged Trailers, Inc."
9482,AirBurners
12700,"AIRLITE TRAILERS, LLC"
10805,AIRSTREAM
2029,Airstream Inc.
1253,AirTech Tools
1286,Airtronics Metal Products
11279,AIRY
13743,AJ'S
11705,AJAX TOCCO MAGNETHERMIC CORPORATION
7972,"Ajax Tools, Inc."
7168,"AJAX TRAILERS, INC"
9619,AJR Inc.
11288,AKY
1487,Al's Motorsickle Shop Inc.
13272,Al-Assri
7883,"Al-jon, Inc."
1287,Alameda Trailer Sales
1289,"Alan Ritchey, Inc."
1783,Alaska Extreme Trailer
7189,Alaska Frontier Fabrication LLC
11690,ALASKA SEA KING
1291,Albert Böcker GmbH & Co. KG
6133,Albert Lea
1293,Albright Bikes
4793,ALC Manufacturing
1294,"Alcan Trailers, LLC"
7161,"ALCAN TRAVELER, INC"
12984,ALCANTAR CUSTOM TRAILERS
12433,ALCC
1296,Alcom LLC
12432,ALCT
5321,Aldura
12944,Aleman
1299,"Aleph Group, Inc."
6710,"ALEWINE MOTORS, INC."
7502,Alexander Dennis Limited
4588,Alexander's Machine and Maintenance Service Company
10178,Alfa Cargo LLC
493,Alfa Romeo
1306,Alfred Industries
9672,Alien
12542,ALIEN ATV
4671,Alien Engineered Products
5441,Aliner
8316,Aliso Trailer Mfg. Inc.
6493,Alkane
12818,ALKO
8304,"Alkota Cleaning Systems, Inc."
1308,All About Trailers
12415,All Aluminum Structure
7598,All American Big Twin
1310,All American Choppers Co.
13344,ALL AMERICAN CUSTOM
10202,All American Manufacturing LLC
1312,"All American Manufacturing, Inc."
1391,All American Trailer Manufacturers
11480,All American Utilities LLC
1436,All Around Trailers
1437,All Boat Manufacturing
10775,"ALL CUSTOM "
1438,All Custom Fabrications
1439,All Day Lawn
1440,All Fab Trailers
12147,ALL GOOD EQUIPMENT
13274,All Haul Trailers
6499,ALL IN ONE CUSTOM FABRICATION & DESIGN
3893,All Marine Trailers
12452,All Out Custom Trailers & Fabrication
1441,All Phase Trailer and Equipment
4790,All Pro Cycles
1443,"All Right Steel, LLC."
3894,All Seasons Manufacturing
1445,All South Equipment Co. Inc.
1446,"All Star Carts & Vehicles, Inc."
6561,All Star Solutions
1447,All Star Trailers
11204,ALL STAR TRAILERS FABRICATION
11769,ALL STATE
1449,"All Steel Trailer, LLC"
9126,"All Wheel Drive Equipment Mfg., Inc."
11845,All World Trailers LLC
13441,ALL-EQUIP REPAIR & SERVICE LTD.
8900,ALL-IN-ONE Products
11792,ALLARD MOTOR WORKS
12262,Allbetter
8160,Allco Trailer Manufacturing
12315,Allegheny Trailers
7932,Allen Boat Company
1451,Allen Fabricators Inc.
10703,Allen's
6872,ALLEN'S MFG INC.
1452,"Allentown Shotcrete Technology, Inc."
1462,Alley Rat Custom Cycles LLC
1467,Alleykat Kustoms of Arizona
7097,"Alliance North America, Inc"
10304,Alliance RV
1470,Allianz Sweeper Company
7785,Allied Machine Inc
1473,"Allied Manufacturing, Inc."
1858,Allied Steel
10055,Allied Trailer Works (ATW)
7694,Allied Welding Services
6713,ALLISON DUMP BODIES & TRAILERS
9888,"Allmand Bros, Inc."
5268,Allmand Brothers
9770,ALLOUTHUNTING
5399,Alloy
7781,Alloy Custom Products
7353,Alloy Custom Vacuum Products Inc
13301,Allroad
10423,Allroad ORV
8655,Allstates Production Equipment Company
10938,ALLURE TRAILERS
9104,Allvan Corporation
6812,ALMAR MANUFACTURING
7748,Almax Holding Limited
9060,Almighty Trailers LLC
11725,ALPACAMPER
10080,Alpha Boats Unlimited
11906,Alpha Cargo Trailers LLC
13734,Alpha Modified Systems
1480,Alpha Products International
8972,Alpha Tank Builders
10369,AlphaHD Trailers
11081,Alpine
8911,"Alpine Industrial, LLC"
9841,"Alpine Trailers, LLC"
8030,ALPINE WELDING & FABRICATION INC
1492,Alsalor Corp.
13686,Alset
5361,ALTA
6813,"ALTAMONT TECHNOLOGIES, INC"
541,Altec
1494,Altec Environmental Products
4925,"Altec Industries, Inc."
8579,Altitude Teardrop
9221,ALUM-A-FAB INC.
1508,"Alum-Line, Inc."
6142,Aluma
4904,"Aluma Pro Trailers, LLC."
1495,Aluma Tower Company
1497,Alumacar
9216,AlumaIce
9719,Alumatech Trailers
7214,AlumaTrek
12955,AlumaTrek (ALUMATREK TRAILER INC)
7736,Alumax Trailers
10650,Alumi Tech
13029,ALUMINA TRAILERS
1503,"Alumina, Inc."
8471,Aluminator Trailers LLC
3915,Aluminex Fabrication
6467,Aluminum Cargo Trailers Inc
9044,ALUMINUM MODEL
1504,Aluminum Trailer Co.
1506,"Aluminum Trailers, Inc."
7816,Aluminx
4787,Alumituff Manufacturing
11838,Alummikon Trailers
7154,ALVAREZ
9639,Alvey Welding LLC
11186,ALWAYS READY CART CARE LLC
606,AM General
11311,AM MACHINERY INC.
8363,Amacsa
8665,Amaron Trailers
3916,AMAZE-N-TOW
1509,"Amaze-N-Tow, LLC."
9474,Amazing Trailers
11498,AMBER WAVES INC.
11732,Ambers
12366,AMBUSH OUTDOOR PRODUCTS
10056,AMC
10129,AMC APARATOS MECANICOS DE CALIDAD
4709,AMD
1512,"Amelit, Inc."
6650,AMEN CHASSIS WORKS
1514,AmeraTrail
7679,Ameri-Camp
7032,"AMERI-CAN ENGINEERING, INC."
830,Ameri-Carts
11377,AMERICA EV
6071,America's Best Cargo
1517,American Airboat Corporation
3917,American Airport Support & Rescue Systems
9484,American Augers
4673,American Best Corporation
5985,American Bos Corp
10223,American Carts
1633,American Classic Motors Inc.
9631,"American Control and Engineering Service, Inc."
1634,"American Crafted Trailers, Inc."
3919,American Custom Coach
1635,"American Custom Golf Cars, Inc."
12607,AMERICAN CUSTOM TRAILERS
6680,AMERICAN DOZER INC.
8012,American Eagle Trailers Inc.
1638,"American Eagle Trailers, Inc."
1639,"American Electric Vehicle Company, LLC"
7361,American Electronic Sign Co
6481,American Farrier Systems LLC
3920,American Hauler
8498,American Hawg Choppers Inc
8131,American Homestar Corporation
1644,American Hotrod Motorcycles
12346,AMERICAN INDUSTRIAL MANUFACTURING
11929,American Integrated Security Group
4743,American Ironhorse
1649,American IronHorse Motorcycles
1978,American Kulture Cycles
1976,American Kulture Rod and Cycle Shoppe
1979,American LaFrance
10695,American Landmaster
10085,American Lifan
683,American Made
11392,American Made Chassis
13533,American Made Products
13522,AMERICAN MADE QUALITY ALUMINUM TRAILERS
684,American Manufacturing Operations
8586,"American Manufacturing Operations, Inc."
685,AMERICAN MANUFACTURING SUPPORT
687,American Metal Fabrication
9211,American Mobile Vending
689,American Motorcycle Corporation
1124,American Motors
10577,AMERICAN NOMAD MANUFACTURING
710,American Performance Technologies
711,AMERICAN PISTON
9522,American Pneumatic Tools
7191,American Pride
11452,American Pride Trailers
715,AMERICAN PRODUCTS
11064,AMERICAN Q-TEC
6684,AMERICAN QUANTUM CYCLES
718,American Recreational Vehicles
9508,American Road Trailers
719,American Scooter Manufacturing
6194,American Skier
720,American Sport Trailer
722,American SportWorks
1725,American Spray Technologies
727,American Star Metal Fabrication
730,American Steel Horse Cycles
3923,American Steel V-Twin
731,American Super Cycle
10992,"AMERICAN SUPERSTAR "
740,American Surplus & MFG
10718,American Tank
751,American Teardrop
7254,American Thunder Tryke
6135,American Tote
7095,American Trailer and Manufacturing LLC.
754,American Trailer Builders
8969,American Trailer Company
7878,American Trailer Manufacturing Company
9607,American Trailer MFG
7486,American Trailer Mfg. Co
6610,AMERICAN TRAILER SYSTEMS
3924,American Trailers
7270,AMERICAN TRAILERS CO
9122,"American Travel Systems, Inc."
810,American Truck & Trailer Body
8853,American Truck Company
10473,American Vacuum
9748,American Van
10376,American Vintage Motorcycle
6757,AMERICAN WARRIOR MOTORCYCLES
4782,American Wash Company
7674,American Welding & Machine Co
3925,American Welding Service
9621,"American Wood Splitters, Inc."
5632,Americana
812,Americana Chopper
3935,AmeriFab Industries
7443,AmeriMax
7289,AmeriQuip
6759,AMERITECH CORPORATION
9934,"Ameritrail, Inc."
5986,Amfab
13523,AMIDA
10018,Amigo Motors
8924,Amko Service Company
13449,AMO
3936,AMP Customs
11752,AMP Marine LLC
892,AMP Motor Vehicles
10957,Amp Trailers Mfg.
9072,Amp'd Up Trailers
8261,AMPERE
6081,AMPHI-RANGER
8906,"Amphibian Boat Trailers, Inc."
9439,"Amrad Products and Supply Company, Inc."
6193,AMS
822,AMS Global
10184,AMW
13364,"AMW (Austin Motor Works, Inc)"
10241,Anaconda
5699,Anaheim Welding & Fabrication
12113,ANAMNESIS CORPORATION
8606,Anarchy Motorcycle Company
11624,ANCHI
824,Anderson Custom Iron Works
825,Anderson Industries
826,Anderson Mfg.
6082,Anderson Repair
5988,Anderson Truck Body & Equipment
13551,Andhum Trailers
9354,Andrews Equipment Service of Washington Inc.
5386,Andros Engineering
8337,Andy's Welding
8386,Anesko's Custom Trailers
828,Anhui Ankai
10910,ANLIE
12454,ANTE
7337,Antioch
831,Antrim Metalworking & Repair
11795,Anvil
9190,Anvil Products Corporation
832,Anvil Trailer
6550,Anysizer Chassis Manufacturing Co
5402,Anything Goes Cycles
8903,"Anything In Iron, Inc."
12778,AODES
8696,AP Trailers LLC
3937,APA
5991,Apache
833,Apache Golf Cars
6747,APACHE SINCA INDUSTRIES INC
8454,Apache Trailer
6749,APC EQUIPMENT
13330,Apex
8673,Apex Custom Trailers
12534,Apex Energy Svc
9302,Apex Manufacturing Co.
834,Apex Motor
13659,Apex Trailers
837,API
4627,Aplus Trailers
10424,APM
11522,APOGEE
10592,Apogee Trailers
8453,Apogee Trailers LLC
10199,Apollo
839,Apollo Choppers
6088,APOLLO TRAILER COMPANY
840,Appalachian Teardrop Company
841,Appalachian Trailer Sales
7931,Appalachian Trailers Inc.
10631,"APPLEQUIST MANUFACTURING, INC."
7485,"Appleton Steel, Inc."
843,Applied Cryo Technologies
844,Applied Research/Vertek
845,APRILIA
7869,APS Systems
3938,Aptera Motors
6089,Aquacraft Inc
10227,Aquahawk
12579,ARABIAN METAL INDUSTRIES LTD.
10315,ARBOC
12248,Arbuckle's Homes To Go Inc
11842,ARC
11151,ARC LINE MANUFACTURING LLC
7129,ARC Manufacturing
9947,Arc Zone
848,Arcade Iron Motorcycle Company
11082,Arcadia
12886,ARCANE TRAILERS
12702,ARCAS TRAILER
6603,Arch Cargo Trailers
849,Arch Motorcycle Co
12312,ARCHE OLIVE COMPANY LLC.
9116,Archer Manufacturing Corporation
9447,Architectural Welding & Design
13510,Architecture Steel LLC
851,Arcimoto
12162,Arcs
12054,Arctic Blast
10190,Arctic Cat
11518,ArcticMax
850,Arcweld
12977,ARE - 1
9681,Area 51
6065,Arena Werks
8028,"ARGO FAB, INC"
5128,ARGO Trailers
11461,Argo Trailers GA
13335,ARIIC
12442,ARION
852,"ARISING INDUSTRIES, INC"
9281,"Aristocrat Industries, Inc."
8744,"Arizona Machine & Fabrication, Inc."
1139,Arizona Trailer Manufacturing
1143,Arizona Trailer Specialists
6547,"ARIZONA WOODRIVER OUTFITTERS, LLC"
7338,Ark Custom Trailers
12387,ARKANSAS BOATS LLC
1152,Arkfeld
11231,ARKTO CAMPERS LTD.
8739,"Arlen Ness Enterprises, Inc."
4569,Armadillo Camper Kits
11180,ARMADILLO TRAILER MFG.
5367,Armbruster Stageway
11052,Armlift
11080,"ARMOR CARGO TRAILERS, LLC"
6130,Armor Chassis
10849,"ARMOR LITE "
9669,"Armor Lite Excel, LLC"
1161,Armor Lite Trailer
12091,ARMORTECK
6612,"ARMSTRONG TRAILER MANUFACTURING CO., INC."
7726,"Armstrong Trailer Products, Inc."
5129,Armstrong Trailers
9130,Arndt Trailer Manufacturing
8995,"Arning Industries, Inc."
1165,Arnold Machine
6837,ARO SA
9453,Arriba Cueball Trailer MFG L.L.C.
8228,Arrow Dump Trailers
10087,Arrow Tank and Engineering Co.
6687,ARROWHEAD
8688,"Arrowhead Trailer Mfg., Inc."
1171,Arsenal of Virginia
7796,Arsenal Trailer Manufacturing Inc
10307,ART
1180,Art In Motion
5706,Art Roll Tech
5046,Art's Portable Welding
10674,Art's Way
1187,ArTech Parts Fabrication
12820,Arvi Trailers
11963,ASA
1194,"ASC, INC."
5502,ASE
728,ASF LoadMaster
9100,Ash Company of Mountain Lake
9235,Ashcan Fab. Co.
1197,Ashcroft Enterprises
5697,ASHFORD MFG
12182,Ashley's Carolina Cars
11230,ASHLEY'S WELDING AND METAL FABRICATION
7250,ASI TRAILERS
12652,ASPEN
12898,Aspen (KEB)
11816,ASPEN CUSTOM TRAILERS
11083,Aspen Trail
9534,Aspen Trailer Company Ltd.
6801,ASPEN TRAILER INC.
3940,Asphalt Equipment & Service
5698,Asphalt Machinery
7390,Asphalt Zipper Inc
1511,Asphalt Zipper Trailer
9788,Assault Trailers LLC
13183,Assembled
8403,"Associated Side Dump Development, Inc."
6769,ASTEC INDUSTRIES INC.
1199,Astec Mobile Screens
1202,Astec Underground
440,Aston Martin
11877,ASTON METAL ART
11084,Astoria
6771,"ASTORIA INDUSTRIES, INC."
12983,ASTRA STAGES
9862,Astro Haven Enterprises
8088,"Astur N.C. Tooling, Inc"
5464,Asuna
12085,ATC TRAILERS
1236,Atec Aanhangwagens
3941,Atek Trailers
9488,"ATF Mfg, LLC"
10610,ATG
12460,Athens Overland
5820,ATK
13633,ATL 20-40S
12632,ATLANT
5993,Atlanta Fabricating & Equipment Co
12160,Atlantic Marine Trailers
6405,ATLANTIC TRAILERS
13411,Atlantic Trailers Inc
4762,ATLAS
12406,Atlas (VEXAS CORP.)
7426,Atlas Copco
1239,Atlas Custom Trailers
4967,"ATLAS Lift Trailers, Inc."
7690,Atlas Mfg Co Inc
8243,Atlas Specialty Products
13309,Atlas Steel Products
3957,Atoka Trailer & Mfg.
5269,Atomic Electric Vehicles
13321,Atomic Trailers
3723,ATR
9883,ATRO
6588,ATSATV
4846,ATT R&D
6514,"ATTITUDE CUSTOM CYCLES, INC."
7013,ATWOOD TRAILERS
9246,"Auctioneering Systems, Inc."
11991,Audette
582,Audi
9492,August Metal Works
1252,Augusta RV
10022,Aulick Industries
9381,Aurora Modular Industries
1254,Aurora Trailers
10625,AUSRV Inc.
8245,AUSTIN ELECTRIC
6487,Austin EV METRO
1257,Austin Welding Service
11194,AUSTRALIAN OFF ROAD
13483,Auto Boutique
8603,Auto Craft Wholesale Auto
8249,Auto Decor Matane Inc.
5380,Auto Motion Ind.
1263,Auto Tanques y Tolvas Troy S.A. de C.V.
9157,Auto Transport Service
4602,Auto Truck
6754,AUTO-MANIA
1297,Autocar
1331,Autocar Industries
8395,Autocar Ltd
10968,AUTOCYCLE LLC
7836,Autodelta USA Inc
1483,Autokad
9983,Automated Biomass Systems
5994,Automated Engineering Systems Inc
8956,"Automated Waste Equipment Co., Inc."
11346,AUTOMOBILI PININFARINA
7903,Automotive Transformation Inc.
11730,Autumn Ridge
12279,AUTUMNCREST ENTERPRISES LLC
11181,AUWAERTER-ANHAENGER UND AUFBAUTEN GMBH & CO. KG
8715,Available Materials Handling
11087,Avalanche
5552,Avanti
8562,Avanti Marine USA Inc.
1488,Avanti Motorcycles
13461,Avenir
13229,Aventura-X
1498,Avera Motors
8168,Avesco Welding & Fabrication
12033,AVI
6380,Avila Manufacturing
12996,AW Custom Trailer’s LLC
13695,Awaken RV
10396,AWC
1592,Awesome Rebuild
11928,AWS TRAILERS
13329,Axiom
13756,Axios
12569,AXIS
6035,Axis Corporation
12280,AYRO
7055,AZIMUTH INC.
1522,AZLand
1523,Aztec Trailer
13442,Azure
10206,Azure Dynamic Inc.
1533,Azure Dynamics
3958,B & B Enterprises
8039,B & B Fabricators
7257,B & B TRAILER SALES
7310,B & B Trailers
12981,B & B Trailers of Savannah
9179,B & E Trailer Sales Inc.
9410,B & G Supply
3959,B & H Customs
8941,B & H Trailers
9117,B & H Welding Services
9189,"B & K Trailers, Inc."
9164,B & L Trailer Manufacturer
8960,B & M Enterprises
6737,B & M HI-LITE
1542,B & M Manufacturing
5572,B & M Trailer Sales
9013,B & O Custom Trailers
1543,B & R Trailers
7244,B & R WELDING
8993,B & S Concession
7019,B & S TRAILER SALES
6738,B & T MANUFACTURING DBA XTREME TRAILER
7925,B & W CONSTRUCTION
11497,"B & W FABRICATION, LLC"
3960,B & W Mantrad
7245,B & W TRAILERS
13667,B and B Trailers of Mississippi
11356,B AND L FABRICATION
11467,B AND L TRAILERS
5130,B and M Trailer Sales
10350,B AND M TRAILERS LLC
9721,B and S Supply
7063,B B'S TRAILERS
13592,B Motobi
6455,B&A TRAILERS INC.
13317,B&B CAMPER INC
6726,B&B MICRO MANUFACTURING INC
5564,B&D
9927,B&G Trailers Inc
9736,B&K Trailers
1595,B&M Performance Cycles
5528,B&W
8742,B&W Welding & Repair
6723,B's In A Pod Camping LLC
1602,B+B Trailers
7234,B-Line Corporation
6979,B-WELDING
7498,B.C. TRAILERS INC
3963,B.E.E. Welding
13071,B.E.S.T
7133,B.K. Jones Builders LLC
6739,"B.L. INDUSTRIES, INC."
3976,B.T. Custom Trailers
4695,B.T.L. Trailers
1604,Bach Built Choppers
7464,BACK 40 CREATIONS
1605,Back 40 Supply
9476,Back Off Lowboys
10726,BACK PORCH HOMES
3977,Back Track Trailers
1609,Back Yard Choppers
13380,Backdraft
1606,BackRoad Choppers
10956,Backroads Overload Co.
12915,Backstreet Surveillance
7738,BackTrek
7159,BACKWATER TRAILERS
10527,BACKWATER-CUSTOMS
1610,Backwoods Choppers
8625,Backwoods Trailer Sales & Manufacturer
1611,Backyard Choppers
12102,Backyard Structures
7775,"BACKYARD TRAILERS, LLC"
13536,Backyard TRS
1612,Bad 2D Bone Trailers
5026,Bad Ass Choppers
12571,BAD BOY
5424,Bad Boy Buggy
1613,Bad Boy Enterprises
3978,Bad Boy Inc.
1615,Bad Boy Trailers
1623,Bad Boys Choppers
1626,Bad Boyz Toyz
1643,Bad Island Toyz
10834,BADAC
1651,Badass Industries
3980,Badge Boyz Customz
1657,Badger Equipment
8743,Badger Utility Inc.
1669,Badlands Steel Worx
5096,"Badsey Bullet U.S.A, Inc."
12544,Baggets Retail Trailer Sales
3981,Baggett's Trailer Connection
8318,Bagley Inc.
1670,Bahn Wagen
6908,BAHR CUSTOM BOATS & TRAILERS
8534,"Baillie Diesel, Inc."
1671,Bair Bodies and Trailers
5498,Baird & Slaska Mfg
1674,Baja Custom Trailers
6048,Baja Steel Inc
4007,Bajaj Auto
5997,Baker
1680,Bakers Trailer
1683,Bakkura Mobility
11248,BAKU TRAILERS
9042,Balbi Rimorchi Srl
1686,Baldor Generators
8371,Bale Runner Mfg.
8113,Bales Equipment Trailers LLC
5998,Balestra
6191,BALKO
6940,Ballard Power Systems Inc.
7652,Ballews
12783,Ballistic
9498,Ballistic Trailers
1727,Balon Corporation
7542,Baltic Industries Inc
4626,Balzer
13410,BAM Trailers
13264,Bama Built Trailers
5272,Bama LSV
10658,Bandit
5579,Bandit Choppers LLC
11830,"BANDIT TRAILERS, LLC"
7978,Bandy Trailers
5351,Banens
3127,Bantam Trailers USA
3115,BAODIAO
1731,Bar H Welding
8333,Bar T Z Unlimited
6117,Bar Y
5687,Bar-Bel Fabricating
4916,Barclay Truck Rebuilders
7567,BARCO Industrial Supply
10367,Barco Pump Co.
6118,Barcroft Welding and Ornamental Iron
1732,Bare Knuckle Choppers
10071,"Bare Metal, LLC"
6119,Barlow's Welding
5362,Barnstorm Cycles
11483,BARNTS SALES COMPANY LLC
1733,Barnyard Customs
6549,"BARON MOTORCYCLES, INC."
5132,Baron USA Inc
1734,Barreto Manufacturing
11134,BARRETT TRAILERS
5076,"Barrett Trailers, Inc."
13368,"BARRETT TRAILERS, LLC"
1743,Barrier Systems
1745,Barro Ag Welding and Trailer Repair
1747,Barry's Trailers
10684,"BARSTOW KUSTOM "
7314,Bartel Welding
13824,Barter
6240,Bartley Corporation
8802,"Barton Investment Group Manufacturing, LLC"
1778,Base Camp Recreational Vehicles
2976,Basecamp
2080,BASHAN
12720,BASHAN/BMS
12721,BASHAN/RAVEN
13048,BASHI
9051,Basoglu Karavan Sanayi ve Ticaret A.S.
9119,BassCat
5270,Batco
1083,Battle Wagon Trailers
11933,Battle Wagon Trailers (KTD Industries)
5103,Bauer
8951,"Bauer Built Manufacturing, Inc."
1780,Baughman Products
5273,Bauss Manufacturing Inc.
7830,Bautista Welding & Custom Trailers Manufacturing LLC
10892,Bauxlite
11203,BAY AREA METAL FABRICATION
1785,Bay Bridge Manufacturing
1787,Bay City Choppers
7119,BAY EQUIPMENT AND REPAIR (BEAR)
13799,Bay Equipment Rentals
1790,Bay Manufacturing
3911,Bay Town Choppers
5602,Bayer Trailers
5452,Bayshore
7841,"Bayshore Systems, Inc"
6909,BAZ MFG.
1792,Bazooka Farmstar Trailers
10564,Bazzell's
1810,BB Buggies
1794,BB Rollahome
8605,BBC
6485,BBK
11478,BBQ PITS BY KLOSE
12836,BC
6611,BC TRAILERS
7658,BCA Fabrication LLC
7094,BCA INDUSTRIES
10973,BCD TRAILER LLC
7951,BCI MANUFACTURING
5474,BCI Trailers
10275,BCL Fabrication
12391,BCT
1805,Be Seen Advertising and Custom Designs
7723,Beach City Motorcycles
5133,Beach King Inc
4862,Beall Trailers
11171,BEAM GLOBAL
1806,Beamco
5061,"Bean & Conquest, Inc."
9213,Bean Trailer
6529,Bear
7364,Bear Bones
7463,Bear River Fabrication & Machine
10979,BEAR RIVER TRAILERS
8326,Bear River Trailers LLC
788,Bear Steel
9709,Bear Teardrops LLC
3912,Bear Track Products
7224,Bear Trailer Manufacturing
7417,Bearcat
12990,BEARCO
10521,Beards
13373,Beartrailer
10680,Beast
789,Beast Custom Cycle
11405,Beast Mode
12527,BEATS TRAILERS
11427,BEAUER
11934,Beaverfit USA
12288,BEAVERS
7992,BECK TRAILER MANUFACTURING INC
7233,Beck's Mobile Home and RV Center
543,Beckenridge
8007,BEDARD TANKERS INC
790,Bee Trailers
6131,Beehive Road Welding
791,Behnke Enterprises
793,Beijing North Huade Neoplan Bus
794,Beiler Machine
798,Beiqi Foton Motor / Beijing Bus Branch
3913,Bell Custom Products
8730,Bell Machine & Fabrication
6664,"BELL POWER SYSTEMS, INC."
799,Bella Cycles
6836,BellaCar
5690,BELLUE'S WELDING
11079,BELLWETHER / Premier
800,Belmont Machine
4696,Belmont Trailers
9002,Belotti Mfg. Inc.
801,Belshe Industries
12263,Belyoo
12114,BENCHMARK
802,Benchmark Motorcycles and Utility Trailers
10201,Benchmark Trailers
558,Bend Trailers
12709,BENDA
4785,Benelli
3926,BENELLI Q.J. SRL
804,Bennett
8772,Bennett Enterprises
10512,Benson
12051,BENSON/WABASH
6617,BENTECH INDUSTRIES
583,Bentley
7727,"Bentley Industries, LLC"
805,Bentley Trailers & Custom Coaches
993,Benzhou Vehicle Industry Group Co.
10848,BEP
869,Berg Equipment Corporation
6522,BERGEI'S BAD BOYZ BIKES
4091,Berggie
870,Bergkamp
7605,Bering Truck Corporation
8731,Berkelmans Welding and Mfg. Inc.
10126,Berkon
6567,"BERLON INDUSTRIES, LLC"
10486,BERNIER TRAILER
7476,"Bert Jensen & Sons, Inc"
871,Bert Walters and Sons
5747,BERTOLINI
13026,Bertone
8196,BES&T Inc
872,Besler Industries
11841,BEST ALUMINUM STRIPING EQUIPMENT
7601,Best Bet Fabrication Inc
3927,Best Bilt Inc.
5278,BEST BUILT
5068,Best Built Manufacturing Inc.
12178,Best Built Trailers
8874,Best Carts USA
874,Best Lane Enterprises dba Ramp Free
7610,BEST OF SHOW DETAILING SYSTEMS
5692,BEST TRAILER
7907,Best Trailers
875,BestBilt Trailers
5966,Bestmade
5693,BesTrailers
876,Bestway
9056,Bestway Sales
877,Beta
9124,Bethany Welding Inc.
4706,Better Bilt Custom Fabrication & Repair
6910,BETTER BUILT TRAILERS
8063,Better Made Trailers
8031,BETTER WEIGH MFG
5904,Better-Bilt
5134,Betterbuilt Trailers
8464,Beverly Trailer Supply
11389,Beway Brand
11388,BEWAY Mini Campers
13248,Beyer Trailers
3928,"Beyond Extreme, LLC dba Extreme Cycle Works"
1014,Beyond Roads
920,BG Automotive Group
10964,BG CUSTOM WELDING
4872,BG Cycles
6805,BGRS INC
10052,BHW LSV
10361,BI
10839,BI Trailers
7823,Bicknell Racing Products
5694,Bienville
8658,"Big ""T"" Trailers"
9153,"Big 4 Rents, Inc."
8759,Big A Mfg.
8532,Big A Mfg. Co.
12959,BIG BEAR
1043,Big Bear American Made Chopper dba Big Bear Choppers
3929,Big Bear Trailers
3930,Big Boar Custom Cycles
11225,BIG BOY
955,Big Boy Manufacturing
1066,Big Boy Trailers
3931,Big Bubba's Trailer Sales
11055,BIG BULLY
1067,Big City Cycle
7724,Big D's Products
10365,Big D's Trailers
11942,BIG DADDY
8373,Big Dog Industries
1068,Big Dog Motorcycles
9198,Big Dog Trailer Mfg
10038,Big Dog Trailers
6615,BIG E TRAILERS
3932,Big Easy Choppers
10828,Big Ern
2076,Big Horn
10589,Big John
13505,Big John Corp
4998,Big John Manufacturing
9651,Big John Manufacturing Co. Inc
1069,BIG LOW BOY
8700,Big Mac
12828,Big Mo
5318,"Big O's Manufacturing,Inc"
4621,BIg Red Engineering
12698,BIG ROCK TRAILERS
6086,Big Smith Sales & Service
4577,Big Sur
1136,Big Tex
7115,Big Tex/Sun Trailers/Venture
1166,Big Tony's Choppers
1153,Big W Sales
6489,BIGASS GRILLS AND SMOKERS
9556,"Bigbee Trailers, Inc."
1156,"BigBoy Trailer, MFG."
1160,Bigfoot Industries (2010) Inc.
9468,Bigfoot Industries Ltd.
7527,Bigfoot Trailers LLC
11554,Bighorn
12237,BIGHORN LLC
9965,Bighorn Manufacturing LLC
11899,"Bighorn, Bighorn Traveler, Big Country, & Landmark"
1167,BigLug Trailer Works
1168,Bike Performance & Accessories
8679,Biker Barn
1169,BikeToo
1170,Bil-Jax
5703,Bildon Inc
8263,Bill's Trailer Sales
1191,Bill's Tralier Sales
7756,Bill's Welding & Repair
7442,Billings Trailer Fabrication
6386,BILLS
1190,Bills Performance Automotive
1209,Billy Bob's Trailer
1192,Billy Goat Industries
1210,Billy's Hot Rod Cycles
8889,Bilt-Redi Corporation
12112,BIMOTA
7858,Binder Trailer Mfg.
1215,Bintelli
3933,Biohazard Cycles
7515,"Biotech Systems, Inc"
1216,Birschbach MFG.
7312,Biscamp's Trailer Sales
12580,Bison
1274,Bison Coach
10907,BISON FABRICATION LLC
10214,Bison Hooklift Systems
13501,BISON MOTORS
10401,Bison Towable Trailer
1275,Bitter End - Old School Choppers
1276,"Bittercreek Hunting Blinds & Dog Boxes, Inc."
8959,Bivouac Commercial Vehicles
11785,BIVOUAC OVERLAND
8204,Bivy
11584,BIZ BUGGY
12365,BIZNESS ON WHEELS LLC
11295,BJ AND K
1277,BJN Manufacturing
7725,BK Developments Ltd.
10756,BL Solutions
9798,Black Bear Fish House
1278,Black Brothers Equipment Sales
9683,Black Diamond Fabrication
8438,Black Dog Custom Cycle Mfg LLC
1279,Black Dragon Choppers
7357,Black Hawk
12658,BLACK HAWK TRAILER CORPORATION
3934,Black Hawk Trailers
13005,BLACK HORSE FORESTRY TRAILERS
5136,Black Horse Trailer
7705,BLACK IRON CHOPPERS LTD
13628,Black Iron Products
1340,Black Jack Choppers
13809,Black Jaguar
6936,Black Label Choppers
8842,Black Lightning Aluminum Trailers Ltd.
13514,Black Mesa Manufacturing
10523,Black Rhino Trailers
9979,Black River Boats
1341,Black River Choppers
4692,Black Scorpion Off Road
11964,Black Star
13729,Black Star Trading
7666,Black Sunshine Customs
11294,BLACK TEA MOTORBIKES
1342,Black Tie Manufacturing
10657,Black Venom
1343,Black Widow Custom Motorcycle Works
12058,Blacked Out Carts
8320,Blackhawk Bikes
9731,"Blackjack Services, LLC"
1344,Blackrock Trailers Corporation
7928,Blackseries Campers Inc.
12133,BLACKSERIES INTELLIGENT EQUIPMENT INC.
1345,Blacksmith Choppers
1898,Blacksmith Trailers
1346,Blackstone Trailer Company
6473,Blackwater
9491,"Blackwater Ironworks, LLC"
8296,Blackwater Target Systems
8982,Blackwood's Welding & Trailer Sales
5517,Blair Trailers
7307,Blairz Homes
9430,"Blanchat Manufacturing, Inc."
1349,Blastcrete Equipment
9935,Blastrac NA Inc.
11926,BLAZER
8509,Blazing Glory
1350,Blazing Technologies
10053,Bleachers International
1351,Bling's Cycles
12027,BLITZ Electricride
12026,BLITZ MOTORS
11741,BLK LABEL
8108,"Blockbuster, Inc"
4136,Bloomer Trailer Manufacturing
6075,Bloomfield Custom Fabrication Inc
12007,Blue Arc
12671,Blue Barn
505,Blue Bird
13638,Blue Collar Trailers (BCTR)
1397,Blue Coyote
4161,Blue Coyote Trailers
13733,Blue Fire Motorsports
1398,Blue Ghost Cycles
3947,Blue Lake Industries
1399,Blue Line Industries
8004,Blue Mist Holdings
12201,BLUE MOUNTAIN METALWORKS LLC
1432,Blue Ribbon Customs
9691,"Blue Ridge Expedition Trailers, LLC"
7741,Blue Ridge Manufacturing
1433,Blue Ridge Mountain Trailers
4779,Blue Ridge Trailers
1434,Blue Steel Axle & Fabrication
1435,Blue Steel Manufacturing
7591,Blue Streak Manufacturing LLC
5139,Blue Thunder Custom Motorcycles Inc.
9485,Bluebird Trailer
4644,Bluecar
10880,BlueFin Trailers
7609,"Bluegrass Industries, Inc"
7550,"Bluegrass Tank & Equipment Co, Inc"
3948,Blueline Manufacturing Company
1453,Blueridge Exotic Transport
7533,Blueridge Trailer
1454,Blueridge Trailers
12669,Bluewater Marine
11502,Bluff City
4674,Blum's Fab & Design
12334,BMC
3949,BMC Motorcycle Co.
8488,"BMF Trailer Works, LLC"
11474,BMFD Product
1485,BMS
452,BMW
11651,BND Trailers LLC
12497,bnecozone
5658,BNM Trailer Sales
7980,BO Manufacturing
1455,Boathouse Discount Marine dba Captain's Choice Trailers
1456,Boatmate Trailers
9623,"Bob Baxter Welding, Inc."
12831,BOB BISSELL TRUCKING LLC
3950,Bob Boersma Co.
8158,Bob Gerena Fabricating Inc
1458,Bob's Custom Creations
6594,BOB'S TRAILER SALES AND SERVICE
9146,"Bob's Used Cars, Inc. dba Cobra Manufacturing"
6741,BOB'S WELDING & FABRICATION
1457,Bobby's Rule
9451,"Bobcat Trailer Company, Inc."
6052,Bocats
13672,Bocebike
5095,Bock Industries
8539,Bockmann Fahrzeugwerke GmbH
8125,Bodeann Inc
7946,Bodholt Brothers Manufacturing
11975,BodineBuilt
9197,"Boggs Steel Fabrication, Inc."
11817,BOGO
1459,Bohnenkamp's Whitewater Customs
8014,Bohnert Welding
8786,"Boice Marine, Inc"
12230,BOKI CONCESSION TRAILERS
13546,Bold Trailer Co.
6325,BOLINGER INC.
6053,Bollin Tile Stringer
12434,"Bollinger Motors, Inc."
8060,BOLLINGER-ONKEN INC
13139,Bolt EV
6576,BOMAG PAVING PRODUCTS
12044,Bonacassio Lighting
9077,Bonanza Trailers
9742,Bonaparte USA
1460,Bonnell Industries
9543,"Bonner Metal & Fabrication, Inc."
13080,Bontrager Outdoors
5773,BOOM
10252,Boom Trikes
1461,Boom Trikes USA
1463,Boomer's Trikes
13791,Boomerang Marine Trailers
7620,Boondock Campers LLC
1464,Boondocker Trailers
11258,BOONEDOX
1465,Boot Hill Trailer
7808,Booth Specialty Manufacturing
9192,Bootheel Custom Trailers
7400,BOOTSTRAP INC
13118,Borah
7058,BORCO TRAILERS
9123,Borek Brothers Automotive
12209,"BORREGO BROTHERS, INC"
1528,Boscher
12687,BOSHENG
13473,Boss
6000,Boss Equipment Trailer
1529,Boss Hawg Motorcycles
1530,Boss Hoss
11999,BOSS MOTOR
7757,Boss Powersports
9936,"Boss Products, Inc."
9325,Boss Trailers
11908,BOSS VAC
1531,Boss-LTG
10915,"BOSSELMAN "
8530,Boston Motorcycle Company
6668,BOSTON STEEL & MFG. CO.
13582,Botero
11751,Botero Carts
3951,Boulder Choppers
3952,Boulder Electric Vehicle
1573,Boulder Electroride
6669,"BOULDING & LAWSON, INC."
12020,BOULTON BUILT
12241,BOUNCE BACK SERVICES
5081,Bourbon Trailer
1574,Bourbon Trailers
7294,"BOURG CHEMICAL DISTRIBUTING, INC"
6654,BOURGET'S
3953,Bovine Pedicure Industries
11683,Bowe Metal Fabrication & Repair Inc.
1575,Bowe-Built
3954,Bowie Industries
1576,Bowlus Road Chief
7424,"Bowman Manufacturing Co., Inc."
12274,BOXABL INC.
6672,BOXED UTILITY TRAILER TECHNOLOGIES
1578,Boxes Creek Fabricating & Welding
13548,BoxHouse
1579,Boydstun Metal Works
1580,Boylan Signature
1581,Boz Designs / Taylormade Trailers
13326,BOZEMAN TRAILERS
1582,BQ Grills
11321,BRAAAP MOTORCYCLES
9365,Braco Trailers
10011,"Brad's Welding Shop, LLC"
10013,Bradanna
8578,Bradford #1
6674,Bradford Built
6054,Bradley
10750,"BRADY MFG, LLC"
11793,Brahma
1583,Brain Unlimited
6055,Brainard Kilman Drill Company
1585,Brammo
9945,"Brand M, LLC"
11777,BRANDS BUILT
13338,Brandt
9359,Brandy Industries
1586,Brass Knuckle Choppers
8191,Braun
1587,Braun Northwest
5456,Brave
13121,BRAVO
1588,Bravo Trailers
1589,Bravo Trailers Inc.
13707,Bravo Zulu
7810,Braxton Creek
4678,Braxton Trailers
8666,Bray's Metal Works
8384,Brazier Trailers
4962,Brazos
10310,BrazosIronWorks
11386,BRB
4630,BRC Custom Coaches & Trailers
8545,"Break-A-Way, Inc."
10742,Breakpoint Offroad
605,Breckenridge
3452,Breedlove Motor Works Inc
11542,Breeze
13010,BREEZY
13094,BREEZY EV LLC / Shelby
7626,Brehmer
10918,BREMACH
13263,Bremark
5683,BRENDERUP TRAILERS
8089,Brenner
1590,Brenner Tank
6976,Brenner/Beall/Lafayette
9922,Brenon Custom Cycles
9230,"Brent Industries, Inc."
7087,BRESEE MANUFACTURING
1629,Brewer Automotive Equipment
3965,Brewer Cote Southwest
5433,BRIAB
13258,Brian James Trailers
8405,Brians Choppers
9393,Brians Welding Service
1630,Bridge City Cycles
12729,BRIDGER FABRICATION LLC
9812,Bridgewater Steel LLC
11949,BrightDrop
10777,BRILLIANT CREATIVE CAMPERS
1631,Brimstone Cycles
7263,"Brindle Products, Inc."
5548,Britton
1632,BRM Trailers
9525,Broadway Choppers
10043,Broadwind Energy
7021,BROCK'S FIELD SERVICE FABRICATION
10953,BROCK'S TRAILERS
13372,Brockway Mini Homes
1650,Broken Bonz
13300,Brokereasier
13425,Bronco Cart
13711,"BRONTON, LLC"
3966,Brooks Brothers
9591,"Brooks Sales and Engineering, Inc."
7316,Brother's Fleet Service
3967,Brotherhood Cycles
1767,Brothers Body and Equipment
1653,Brothers Equipment
9596,Brothers Industries Inc.
5805,BROUGHAM BRIDGER
1070,Brower Equipment Sales
10508,Brown & Hubert Contracting LLC
5140,"Brown & Reese Enterprises, Inc."
6546,BROWN EQUIPMENT COMPANY
1071,Brown Industries
6804,BROWN MANUFACTURING
7223,Brown's Welding and Steel Inc. dba North Force Mfg.
6520,"Brownell Boat Trailers, Inc."
8193,Brownell Hydraulic Trailers Inc
1072,Broyhill
4766,BRP
11418,BRS Offroad
9686,Bruder Expedition
1316,Bruder Trailers
1073,Brumby Iron Horse Cycles
1074,Brumley Manufacturing
4741,Brumley's Welding
8248,"Brunner's Fabrication, Inc."
1078,Bruno Independent Living Aids
1079,Bruno Trailer Co.
6618,BRUNSWICK TRAILERS PLUS AND MARINE INC.
8456,"Brute Engineering Company, Inc."
1080,Bruton Manufacturing
4865,Brutus
6419,BRYAN POAGE INC.
9005,"Bryant Enterprises, Inc."
1081,Bryant Trailers
7185,"BRYANT'S TRAILERS, INC"
10870,Brylamon
1082,BSC Motorsports
10963,BT
11967,BT Trailers LLC
6125,BT&T
12125,BTL
5421,BTM
9845,BTR
4866,Bubble Buddy
7597,Buchanan Welding
9880,Buck
1085,Buck Dandy
7470,"BUCKBILT TRAILERS, INC."
11585,Buckeye
8895,Buckeye Carriage
1087,Buckeye Fire
8055,Buckeye Trailer Mfg. Co.
10195,Buckeye Truck Equipment Inc.
1088,Buckner Trailers
10728,BUCKSHOT MFG
11875,"BUCKSTOP TRUCKWARE, INC"
12063,Buckwild
6001,Bud Antle Inc
590,Buell
446,BUELL (EBR)
961,Buffalo Choppers
4703,Buffalo Trailer Manufacturing
8068,"Buffalo Truck Equipers, Inc"
7425,Bug Motors
454,Bugatti
468,Buick
1090,Build 2020
4666,Built By Koch
8352,Built Right
5685,Built Rite
9800,Built Rite Cookers LLC
7440,"BUILT RITE TRAILERS OF NEBRASKA, INC"
8817,"Built Wright, LLC"
12354,BUILT-RITE
12819,BUILT-RITE FORESTRY EQUIPMENT LLC
8999,Built-Rite Trailer
7920,"BUILT-RITE TRAILERS, INC"
11172,BUILTT
12684,Builttrailers
12647,Builtware
9155,Builtwright Fabrications & Con.
6975,BULK
5525,BULK FABRICATED PRODUCTS
1092,Bulk Tank International
1093,Bulk Tek Manufacturing
12137,Bull Chassis
11293,BULL CREEK
9582,Bull Cycles
9653,Bull Dawg Trailer
12855,Bull Head Trailers
4880,Bull Manufacturing LLC
1094,Bull Stout Manufacturing
7733,Bull-Dawg Trailers
10603,Bulldog
4537,Bulldog Carts
5587,Bulldog Steel Fabrication LLC
10970,BULLDOG TRAILERS
8573,Bulldog Trailers Inc.
6516,BULLDOG TRAILERWORKS
11088,Bullet
1095,Bulletproof Trailers
4949,"Bullhead Steel Fabricators, LLC"
7489,Bullmobile Trailers Inc
12833,BULLSTON
7216,Bully Brand Trailers
8542,Bumper Bar Products
7815,Bundit
9562,Bunkhouses
11602,BUONOCO MFR.
5047,"Burch Body Works, Inc."
1097,Burch Tank & Truck
4774,Burch Welding & Tank
1098,Burchland Mfg.
9387,Burdick Bros. Machine & Repair
9711,Burk's Best MFG LLC
1100,Burke Enterprises
3969,Burke's Welding
5686,Burkett's Autorama
9504,"Burlingame Industries, Inc."
6098,Burns Mfg.
9087,Burrell Enterprises
6688,"BURRO TRAVEL TRAILERS, LLC"
6911,BURTEK INCORPORATED
7297,"Busby International, Inc."
10745,Bush Lapa
12605,BUSH TRAILER
6002,Bushman
7586,BUSHMASTER OF MEXICO S.A. DE C.V.
8064,Bushtec
1101,Bushtec Products
8983,Bushtee Manufacturing & Sales Inc.
7583,Bushwakka
599,Busscar
6466,"BUTLER TRAILER MFG. WEST, INC."
5141,Butler Trailer Sales
12863,Butte Buildouts
7354,Buttler Built
4546,Buy Enterprise
9977,Buz's Equipment
11223,BUZZ BODIES
10323,BVF Trailer
10976,BVSW
12835,BW Sauna
5411,BWI
4746,Bwise Manufacturing
7002,BWS Trailer
4596,BXR
1103,BYC
1991,BYD
1107,Bye-Rite Trailer Sales
8555,BYW Trailers
11505,C & A Trailers LLC
6478,C & B TRAILERS MANUFACTURING LLC
1111,C & C Ent. Customs
6106,C & C Mfg.
8036,"C & C TRAILER & BODY CO., INC."
1112,C & C Trailer Manufacturing
3982,C & C Trailers
6132,C & D Trailers
8870,C & H Manufacturing Inc
8189,C & H Quality Trailer Sales
6689,"C & H TRAILERS, INC."
8103,C & M Fabrication
7355,"C & M Fabrications, Inc"
5142,C & M Trailers
9269,C & O Manufacturing
1114,C & P Engineering and Manufacturing
6942,C & S CHOPPERS
9011,C & S Farms
6454,"C & S TRAILER DEPOT, INC."
9467,C & S Trailer World
9084,C & W Enterprises
8624,C & W Trailers
10006,"C and A Motors, LLC"
3983,C and C Tooling
11067,C AND P
12822,C AND R
10264,C and S Custom Cycles
1119,C B Repair & Trailer Maintenance
6113,C F Welding & Mfg Inc
7212,"C M MART, INC (PHANTOM TRAILERS)"
6336,C N Power Systems Inc
12378,C TRAILERS LLC
10215,C W Welding
1122,C&B Manufacturing (Hitchdoc)
3970,C&B Quality Trailer Works
9993,C&C Fluid Power LLC
12311,C&C INDUSTRIES INC.
12273,C&C MANUFACTURING CO
5439,C&M TRAILERS INC
7892,C&P Trailer Sales
1115,C&R Metalworks
1116,C&W Industries
1117,C&W Manufacturing and Sales Co.
4646,C&W Trailers
7940,"C-ALL MFG., INC."
8907,C-C Enterprise
2045,C-Hawk Trailers
7207,C-R CHEETAH RACE CARS
5524,C-Trail
1130,C.C. Ironworks
9298,C.C. Rider Trailer Co.
6494,"C.C.E. TECHNOLOGIES, INC."
9307,C.D. Spectrum Inc.
3984,C.E. Smith Company
5055,C.E.I. Truck and AG. Equipment
3985,C.F.'s Welding Service & Custom Built Trailers
10449,C.Gallegos
5691,C.H. CUSTOM COACH
5802,C.P.S.
7311,C.R. Warren Manufacturing
7034,C.V. INC
1133,C.W. Services
4955,C3 Design
7082,C3 Welding
5407,C4 Welding
8029,CABIN CRAFT INC
8531,Cabins in the Mountains
7783,Cable Pulling Equipment Inc
12005,CACHE CAMPER MFG. INC
12324,CACI
9090,Cactus Metal Works
9838,CAD Industries
469,Cadillac
3986,Cagiva Motor S.P.A
1906,Cajas y Semiremolques Blatz
9971,Cajun Fab
6345,Cajun Gear Inc
9239,"Cajun Machine & Welding, Inc."
6346,CAJUN TRAILER AND FARM MFG.
8953,Cajun Trailers & Fabrication Inc.
10077,CAKE
6497,CAL CENTRAL CATERING TRAILERS
9970,Cal-Tex Trailers
8213,Cal-Trailer Mfg
6347,CALAVERAS MFG. INC.
1018,Calcross
1021,Calder Brothers
3987,Calhome
13706,Cali Concession Trailers
8619,Cali Custom Trailers
8499,Caliber Boat Trailers
3988,Calico Trailer
2940,California
10995,"CALIFORNIA CONCESSION INNOVATIONS "
11684,California Custom Concession Trailers LLC
3989,California Live Floors
6348,CALIFORNIA METAL WORKS
7385,California Motorcycle Company (CMC)
1022,California Performance Iron
1024,California Scooter
5705,California Sidecar
12296,"CALIFORNIA TINY HOUSE, INC."
1089,California Trailer Works
9055,California's Custom Concession Trailers
13096,"CALIFORNO, CORP."
13725,Calinox
1096,Callahan Custom Choppers
4595,Calmarc Cabs
11076,CalMotors
4694,Calnan Enterprises
10993,CALTEC LLC
13039,CAM Industries LLC
1109,Cam Superline
5437,Cam-Concept
13028,CAMELOT
11089,Cameo
6756,CAMERON AND SONS WELDING
11439,CAMEX
1885,CAMI
9356,"Camits Industries, Inc."
5778,Camp
8310,Camp N Boat
6044,Camp-Let
4974,Camp365
1118,Campa International
5301,Campagna
9284,Campbell & Kelly Inc.
1145,Campbell Supply Co.
13740,Campbound
7042,Camper Exchange
6580,CAMPER PRODUCT INC
1163,Campers Choice
10465,Campfire Homes
11703,Camppad
10936,"CAMPWORKS "
591,CAN-AM
1184,Canada Trailers Manufacturing
1196,Canadian Electric Vehicles
12132,"CANADIAN LOAD DIVIDER DOLLIES INC. (""CLDD"")"
4742,Canage Custom Trailers
1201,Canajoharie Customs
8221,Cancade Company Limited
3990,Cannondale Corporation
6170,Canoetote
12144,Canoo
12612,Canyon Trailer
1206,Canyon Trailers
12235,CanyonLand Coach
11578,CAOFEN
811,Capacity Trucks
5534,Capco
8115,"Cape Fear Manufacturing, LLC"
930,Capital Automotive
3991,Capital Industrial
931,Capital Pump & Equipment
1261,Capital Trailer
7345,Capitol Packaging
944,Capone
8621,Capstone
945,Capstone Commerce
864,Car Mate Trailers
865,Car Replica Trailers
7827,Car Twin Trailers Inc
9225,Car*Mate Trailers
10009,Car-Tex Trailer Company Inc.
10524,Carapace Campers
8138,"Carbo Tech, Inc"
9326,Carbodies
11090,Carbon
866,Cardale Industries
3201,CARDEL
5143,Carder's Custom Cycles
867,Cardinal
10225,CARDINAL TRAILER
8727,Care Ind
8726,Care Industries Ltd
12258,CAREDI
3992,Carefree Custom Cycles
9795,"Caretta, LLC"
868,Carga Facil
9717,Cargo - VC
3993,Cargo America
6806,"CARGO CRAFT ,INC."
11608,Cargo Express Trailers
10002,Cargo Masters Trailer Mfg & Sales
9024,Cargo Plus
7488,"Cargo Pro, Inc"
878,Cargo South
889,Cargo Trailer Sales
12314,"Cargo United, LLC"
7685,Cargo-Liner Inc
895,Caribean
13409,Carisma Trailers
6686,"CARLIN MANUFACTURING, INC."
12824,CARLSONS
1295,Carlton Professional Tree Equipment
13310,Carmex
11682,CARMONA PRESTIGE HOMES
8385,Carnai Trailers Inc.
946,Carolina Boats & Cars
10931,CAROLINA CARRIAGE
947,Carolina Choppers
12375,CAROLINA CLASSIC
9549,Carolina Custom Mfg.
950,Carolina Custom Products
994,Carolina Equipment & Supply
5144,"Carolina Equipment Sales, Inc."
998,Carolina Growler
921,Carolina Hitch & Truck
9350,Carolina Running Gear
6893,Carolina Running Gear (Tri-State Industries)
1000,Carolina Services
12515,"Carolina Steelworks, LLC"
926,Carolina Trailers & Equipment
8613,"Carolina Trailers Direct, LLC"
1009,Carolina Trikes & Minis
10333,CARRANZA TRAILERS
1622,Carriage
13036,Carriages
6722,"CARRIER SYSTEMS, LLC"
9415,Carrier Trailer Mfg.
7112,"CARRIER TRANSPORTS, INC"
1330,Carrocerias Ayats
1625,Carrocerias de Lucio
7478,Carrocerias Fehr
1627,Carrocerias Gallegos
5145,Carron Truck Repair LTD
4933,Carry-On Trailer
6799,Carson Trailer
9666,Carson's Trailer Manufacturing
1621,Cart Company
12695,Cart Haulers
8582,Cart Kings
7293,Cart Masters Inc.
7183,CART-AWAY CONCRETE
7102,CARTER BROTHERS MFG. CO. INC
9493,Carter Trailers
6620,CARTER'S FABRICATION & DESIGN CO
4697,Carts Unlimited
1661,Cartservices
6482,CARY CART COMPANY
1660,Cary Faas Racing dba Cfrinc
5146,Cascade Custom Manufacturing Inc.
7981,Cascade General Inc
3996,Cascade Trailer & Truck
6136,Cascadian Co
3997,Cascon Transportation Equipment
1659,Casinjac
8584,"Casita Enterprises, Inc."
7484,Casper's Carts
7350,Castle Motorcycle
1658,Castlerock Motorcycles
8961,Cat Trailers
1711,Cata - Marine
6003,Catalina Marina
5147,Catamaran Cruisers
522,Caterpillar
7340,Cates
8543,Cato Customs
5071,Catolac
1712,Cattle Country Equipment
9716,Cavalier - VC
11193,CAWLEY CREEK
12796,CAWLEY CREEK TRAILER
13420,CAZGIRCAZGIR-TOCCAZGIR CRYOGENICS
3998,Cazzani Custom Cycles
11784,CC
5542,CC CYCLES
11270,CC LSV
10813,"CC Tiny "
1713,CC Trikes & Custom Bikes
13009,CC WELDING & SANDBLASTING SERVICES LLC
2693,CCC
7821,CCG Corporation
12609,CD PMF
8750,CDF Trailers
5488,CDH Industries
1714,"CDK Mobile Systems, Inc."
642,CDM
1715,CDS Corp.
9188,CECO Equipment Inc.
12906,Cecza
8129,Cedar Crest Park Homes Inc
10746,Cedar Ridge
1716,Cee-Jay Tool Company
1717,"CEI Equipment Company, Inc."
13474,Cell Caravan
11912,CELLTECH
11951,CELLTECH TRAILERS
3999,Cellxion
11736,Celtic
6045,CEMENTECH
11551,CENNTRO
3340,Centauro
1718,Centech Specialty Vehicles
11058,CENTER CREEK TEARDROPS
7086,"CENTER LINE FABRICATORS, INC"
11004,Centerfold
1719,CenTex
11185,CENTEX SMOKERS
6765,CENTINELA STATE PRISON
7979,Central Alabama Trailer & Truck Equipment
9932,Central Florida Boat Trailers
1720,Central Florida Choppers
8587,"Central Florida Trailers Sales, Inc."
8427,Central Montana Panels
1721,Central MS Custom Built Trailers
1722,Central Ohio Fabrication
5148,"Central Parts Welding, LLC"
9477,Central Power Systems and Services
4004,CENTRAL PURCHASING
1723,Central Star Manufacturing
6447,"CENTRAL TANK OF OKLAHOMA, INC."
8171,Central Trailer Corp
1724,Centralia Machine & Fab
6047,CENTREVILLE TAG-A-LONG TRAILERS
4005,CENTURION
5274,Century Built
8976,Century Metal Products
8879,Century Products Co.
1726,Century Tank & Trailer
5576,Century Trailer Company
12382,Cerberus
1769,Cerberus Trikes
1770,Cerda Industries
11152,CERR-TEX TRAILERS
7378,"Certified Advanced Technologies, Inc"
8366,CET Trailers
11721,CFMOTO
11148,CFT
11330,CFT ECO2
11329,CFT Trailers
8146,CGM Fabrications
1772,CGS Premier
4875,CH TRAILER COMPANY
5024,"Chad Fuller Construction, Inc."
1773,Chahta Enterprise Metal Fabrication
494,Chairiot Mobility
1774,Chalet RV
7236,Chalet RV Manufacturing
4992,Challenger Motorcycles
1822,Challenger Trailer
1827,Challenger Trailers
6143,Chameleon Transportation Systems Inc
13704,Champ
6049,Champagne
5931,Champion
11868,Champion (CT INDUSTRIES LLC)
1828,Champion Bridge
557,Champion Bridge Company
7794,Champion Home Builders Co
10198,Champion Home Builders Inc.
6050,Champion Manufacturing Inc
556,Champion Telecom
8736,Champion Trailer
8137,Champion Trailer Company
708,Champion Trailer Works
555,Champion Trike
5772,Chance Coach
10222,Chance Rides
1830,Chance Trailer Manufacturing & Sales
6051,Chancey
4024,CHANDLER CUSTOM CYCLES
7797,"Chandler Mfg., Inc"
1831,Chandler Originals
4026,CHANGSHU LIGHT MOTORCYCLE FACTORY
4652,Changzhou Kwang Yang Motor Co.
8365,Chanje
9876,Chaos Metal Worxs
7118,CHAPARRAL TRAILERS OF IOWA
4615,Chapman Custom Manufacturing
2006,"Chapman Enterprise, LLC."
6353,CHAR-KAN SALES
12126,CharacterCarts
13128,CHARGE RIGS
2078,Charger
5149,Chariot Eagle West
2007,Chariot Manufacturing
2008,"Charles Blass Welding, LLC"
2010,"Charles Machine Works, Inc."
4027,CHARLESTON MARINE CONTAINERS
4557,Charleston Trailer
2038,"Charlotte County Custom Cycles, Inc."
2041,"Charlotte Custom Cycles, LLC"
13516,Charmac
2011,Charmac Trailers
2043,"Chart, Inc."
2044,"Chase Trailers, LLC"
13167,Chassis King
8180,Chatham Enterprises
10699,"CHAVEZ "
13025,Checker
13491,Cheerdmoto
4222,CHEETA
4029,CHEETAH CHASSIS
1833,Cheetah Trikes
6468,CHEMGUARD
4030,CHENGFEI MOTORCYCLE MANUFACTURING
9612,Cherokee Manufacturing Co.
9627,"Chessline, Inc."
2056,Chester Built Trailers
2061,"Chester County Customs, LLC"
13255,Cheval Liberte
467,Chevrolet
2062,Chica Custom Cycles
9521,Chicago Pneumatic
4889,Chicago Scooter Company
7566,Chief Fire
4035,CHIEF TRANSPORTATION PRODUCTS
2063,Chilton Manufacturing Corp.
11373,Chilton Trailers
2066,Chimera Kustom Carts
2067,Chimera Kustom Choppers
5982,Chin Yuan Chi Casting Corp
2148,China Baotian Motorcycle
2149,"China Off-Road Products, Inc."
2150,China Qingqi Group Inc.
8571,China Taishan Group
13247,Chinook
13185,CHITE
4036,CHLORINATORS & CONTROLS
6562,CHOCTAW TRAILERS
2153,Choice Trailers Manufacturing
1372,Chongqing Hi-Bird Motorcycle
11583,CHONGQING HUANGHE / MASSIMO
1375,Chongqing Huansong Industries
1377,Chongqing Kaier Motorcycle
4044,CHONGQING KINGTON INDUSTRY GROUP
9784,Chongqing Liyang Jiayu Motorcycle
1428,Chongqing Rato
4738,Chongqing Zongshen Automobile Industry
9849,"Chongqing Zongshen Automotive Industry Co., Ltd."
4074,CHONGQUING DAJIANG MOTORCYCLES
9726,Chop Boyz
3329,Chop Shop
7877,Chop Shop Customs
1501,CHOPPER ALLEY LLC
1505,Chopper City
4076,Chopper Designs
8417,Chopper Kings LLC
1507,"Chopper Nation, INC"
1510,Chopper Works Cycles
8517,Chopper Works Performance Motorcycles
4075,CHOPPERHEAD ROAD
1515,Choppers East
7582,Choppers Only
1516,"Chops and Bobbers, LLC"
6090,CHRISMAN CORPORATION
1521,"Christen Brothers, INC"
6578,"CHRISTIANSEN WELDING & MACHINE, INC."
4103,CHRISTIANSON SYSTEMS
1524,Christini AWD
8773,Chronic Choppers
477,Chrysler
7998,Chuck Wagon Industries
1537,Chucks Wagons
1540,Chunfeng
1544,"Churchill Holdings, Inc"
9909,Churchill Manufacturing
1547,Chuy's C&5 Trailers
11310,CICERO BROTHERS
1551,"CIF Industries, INC"
1554,"Cikira RV, LLC"
1557,"Cimarron Trailers, INC."
1388,CIMC
1561,"CIMC REEFER TRAILER,INC"
4101,CIMC VEHICLES GROUP CO
13064,CINCO ESTRELLAS MARQUEZ TRAILERS
1563,Cirbin Inc.
10869,Circle 8
12821,CIRCLE A
13767,Circle C
4100,CIRCLE CITY CHOPPERS
4104,CIRCLE D TRAILERS
5150,Circle G Trailers
9608,Circle H Trailer Company
4105,CIRCLE H TRAILERS
9315,Circle J
1646,CIRCLE J TRAILERS
10889,Circle L
10230,Circle M
7937,Circle M Trailers
4624,Circle N Trailers
4106,CIRCLE R TRAILER MANUFACTURING
4969,Circle R Trailers
11541,Circle TM Trailers
9004,CIRCLE W TRAILER MFG INC
12408,CIRCLE W TRAILERS
1647,CIRCUS CITY CUSTOM CYCLES
10294,CIS
13062,CitiView
12455,Citroen
12543,CITY COCO
6039,City Trailers
7196,City-el
4120,CIXI KINGRING MOTORCYCLE CO
9204,CJ
7035,CJ CARGO INC
7262,CJ'S TRAILERS
4137,CJAY TRAILERS INC.
12519,CJC CUSTOMS
12937,CJZ Custom
1665,CK POWER
5406,CK TRAILERS
13063,CL FAB
1666,CL WHIGHAM
1673,CLACKACRAFT DRIFT
7329,Clackamas Body and Equipment
9976,Clarion Motors Corp.
1676,CLARK TRAILER SERVICE
9449,Clark Trailers
1677,CLARKS WELDING
8887,Class Trailer Manufacturing
4128,Classic
8229,Classic Acquisitions LLC
1679,CLASSIC DESIGN TRAILERS
7473,"Classic Golf Cart Company, Inc"
13334,Classic Legends
6591,CLASSIC MC
5151,Classic Motor Works
1921,CLASSIC MOTORCYCLES & SIDECARS
6880,CLASSIC ROADSTERS
9572,Classic Sports Cars
5345,Classic Tows
4138,CLASSIC TRAILERS
1682,CLASSIC TRAILERS SD
7164,"CLASSIC TRAILERS, INC"
9723,Classic Trolley
9103,Classic Welding
5499,Classy Chassis Campers
1728,CLAY'S TRAILER SALES
8940,Claypoole Specialties
13126,Clayton Tiny Homes
1729,CLC
1738,CLEAN - TECH
1739,CLEAR CUT FABRICATION
10380,CLEARBLAST
7607,"CLEARSPRING CONVERSIONS, INC."
1741,CLEASBY CONVEYORS
12351,Clegg Industries
5405,Clement Industries
9401,Clenet
13024,Clenet Coachworks
1742,CLEVELAND CYCLEWERKS
6394,CLEVELAND MOTORCYCLE MANUFACTURING CO
6624,"CLEVELAND T-TRIKE MANUFACTURING, INC."
4562,Cliff's Welding Service
6627,"CLIFF'S WELDING SERVICE, LLC"
10702,Clifton
8205,Cloud
9886,Cloud 9 Trailers
484,Club Car
10470,CLUB CAR PRECEDENT
11923,CLW9021XLG
10258,CM
11735,CM TRAILERS
1746,CM&W
1749,CMD POWERSYSTEMS
8523,"CMG Custom Trailers, Inc."
682,CMI
1750,CMI TEREX
8339,"CMMC Machine, Inc."
10556,CMP
4139,CMS WELDING
11357,CMW
1751,CnC TRAILERS FABRICATION
12224,CNJ
5152,"Coachcraft Technologies, LLC"
5335,Coachmen
489,Coachworks
12838,COACHWORKS1260 LLC
10327,Coahuila
10015,Coal Mountain
11481,COAL REGION TRAILERS
13349,Coala
6041,Coast
12205,Coast 2 Coast
4152,COAST 2 COAST CHOPPERS
8618,Coast Autonomous
9010,Coast Container Corporation
10028,Coastal Car
11025,COASTAL CAROLINA GOLF CARTS / ICON
1752,COASTAL INDUSTRIES
8647,"Coastal Metal Fab, Inc."
1756,COASTAL PRODUCTION SYSTEMS
8711,Coastal Trailers
13482,Coastline LSV
1757,COASTLINE MANUFACTURING
10901,Coastline Power Solutions
1775,COASTLINE TRAILER
1776,COASTLINE TRAILER MFG
8009,Coastline Trailers
7099,Cobra Cars
4657,Cobra Industries
11217,COBRA INDUSTRIES LLC
4601,Cobra MFG
6734,"COBRA MOTORHOMES & TRAILERS, INC."
8073,Cobra Racing Products Inc
9297,Coburn Equipment & Repairs
7916,Cochise Custom Cycles
1777,Coda
10804,COFFEE CREEK MFG LLC
9238,"Coffeeville Trailer Manufacturing, Inc."
1784,COFFEY MFG
13406,Cogsun
1786,COHEN METALS GROUP
4458,Coker Enterprises
1788,COLE CUSTOMS
6774,COLE STEEL
11948,COLE'S MASTER
1138,Coleman
4153,COLEMAN CUSTOM CHOPPERS
8596,"Colfax Trailer & Repair, LLC"
1789,COLLA TRAILERS
1791,COLLIERS CUSTOM CYCLES
7871,Collin-Arndt Trailer Manufacturing Inc
5777,Collins
7594,Collins Trailers
552,Collins Welding
5633,Colorado
9823,"Colorado Backcountry Trailers, LLC"
8322,"Colorado Custom Center, Inc."
4659,Colorado Teardrop Trailers
5788,Colt
7328,Colt Trailer Mfg. Co.
9727,Columbia
1246,Columbia Basin Trailers
1793,COLUMBIA INDUSTRIES
1795,COLUMBIA NORTHWEST
4895,Colvin Motorcycle Company
6773,COM-FAB INC.
9319,Comanche Trailers
10975,"Combat "
4527,Combat Support Products
5153,Combs Trailer Manufacturing
6293,Comet
1804,COMFORT CAMPER
13377,Comfort Hoof Care
5497,Comfort Station
1808,COMFORTS OF HOME SERVICES
10562,Comm / Light Tower
5009,Commander
4456,Commander SCRV
11606,Commander Trailers
8306,"Commercial Manufacturing & Industrial, Co."
7008,Commercial Mobile Systems
5804,Commercial Structures
1820,COMMERCIAL TRAILER
9539,Commercial Vehicles CV
7905,Commodore Homes of Indiana
4668,Commodore Trailers
1821,COMMON SENSE COTTON SYSTEMS
9912,Communications Vehicle Service
1834,COMPACT CONSTRUCTION
1835,COMPAIR USA
5423,Compaks
8869,Companion Trailer Company
1836,COMPANION TRAILERS
13288,Compass
1839,COMPASS NORTH
11685,Compass Point Trailers
11611,Compass Trailers
1843,COMPETITION BODYWORKS
9112,Competition Trailers
10375,Complete Dewatering
1844,COMPLETE FLEET SERVICES
13268,Complete Trailer Solutions
1845,COMPLIANCE ASSURANCE ASSOCIATES
1846,COMPREHENSIVE COMMUNICATION SERVICES
7581,Comptank
9542,Computer Designed Chassis Inc.
1881,CON-WAY MANUFACTURING
5324,CONCAR
1847,CONCEPT PRODUCTS
4455,Conception Metavic
9215,Concession
9753,Concession Corp.
10354,CONCHO
4540,Concho Choppers
12759,CONCHO EQUIPMENT & SERVICES
9808,"Concord Road Equipment, Mfg."
11039,CONDESSA
3268,Condor
4155,CONDUX INTERNATIONAL
10754,"CONESTOGA WAGON COMPANY, LLC"
6480,Confederate
13206,Confluence
1867,CONLEY FABRICATION
13215,Connect
1242,Conner Farm and Ranch Supply
10960,Conqueror
4873,Conqueror Trailer
11435,Conqueror Trans
13512,Conquest
4934,Conquest Trikes
12494,Consolidated
7022,"CONSTRUCCIONES INDUSTRIALES EL-AR, S.A. DE C.V."
12696,Construction Haulers
1868,CONSTRUCTION TRAILER SPECIALISTS
10249,Consulier
5557,Consulier GTP
9241,Container Enterprise
10590,Container Moving Solutions
8090,ConTec
7517,Contech
1869,CONTEMPORARY CLASSIC CARS (CCC)
1870,CONTINENTAL BIOMASS INDUSTRIES
4507,Continental Mixer
3610,Continental Trailers
1871,CONTRACT MANUFACTURER
1872,CONTRACT WELDING AND FABRICATING
6768,CONTRACTORS SPECIALTIES COMPANY/WATER WORKS
1873,CONTREE SPRAYER AND EQUIPMENT
8420,Convey-All Industries Inc
5914,Convoy
13179,CONWAY AXLE
10299,COOK COUNTY WELDING & MACHINE
7683,Cooke's Trailer Manufacturing
1884,COOKSHACK
6690,COOL CARRIERS CUSTOM TRAILERS
4178,COOL CITY CUSTOMS
4770,Cool City Inc
8493,Coonyz Customz
459,Cooper Cycles
8279,"Cooper Equipment, Inc"
8519,Coose Trailer Mfg Inc
676,Copper River Fabricators
6646,COPPER STATE CYCLES
678,Copperhead Trailers
6798,COPY CATT TRAILERS
10008,Coral Oilfield Services Inc.
679,"Coras Welding Shop, Inc."
5154,Corbin Motors
9349,"Corey Enterprises, Inc."
9844,Corey Machine Company
9372,"Corn Belt Manufacturing Co., Inc."
12303,Cornell
688,Cornerstone Manufacturing
5404,Cornerstone Tiny Homes
9412,Corona Ltd. dba Baron's Trailer Sales
11513,CORPUS TRAILERS
691,Corratti Choppers
6192,Correct Craft Inc
12807,Corterra
11363,CORTES
5155,Corullo Forest Products Corporation
13089,CORVEL FOOD TRAILERS
11814,"Cosentino Motor Company,LLC."
11984,COSMI
9167,"Cosmo Truck Equipment, Inc."
12750,Costa Carts
5042,Costin sports car
693,Cotner
12482,COTTRELL
11093,Cougar
11843,COUGER MANUFACTURING
672,Count's Kustoms
6009,COUNTRY BOY MFG.
7387,Country Boy Trailers
462,Country Coach
694,Country Pride Trailers
8657,Country Sales and Service
613,Country Stones
616,Country Trailers
634,Country Wagon Trailers
8770,Country Welding
659,Countryside Welding
677,County Line Choppers
6740,COUNTY LINE TRAILER CO.
8440,County Road Trailers
4826,County Road Trailers LLC
8301,Courtney Berg Industries Ltd
8181,Covered Body
6356,Covered Wagon Trailers
8407,Covington Cycle City LLC
7162,COWBOY COACHES
8663,"Cowboy Fabrication, Co"
4215,COWBOY TRADING COMPANY INC
702,Cowboy Trailer
7321,Cowboy Trailers
707,Cowboys Kustoms
12008,COWELL BUILT TRAILERS
7281,COWELL CUSTOM TRAILERS
7548,"Cowtown Customs and Cobras, Inc"
10046,Cowtown Trailers and Tires
4809,"Cox Fabrication, Inc."
716,Coyne Oil
10081,Coyote Mfg Co.
723,Coyote MFG Co. Trailers
726,Coyote MFG LLC Trailers
5389,Coyote Welding
1519,Cozad
4216,COZAD TRAILER SALES
7452,"CP Industries, Inc."
5350,"CPAT Distribution, Inc."
732,CPI
6277,CPS Trailer Company
6913,CR SPECIALTY MANUFACTURING
9622,Crafco Inc.
714,Crafton Equipment
6284,"CRAFTSMEN INDUSTRIES, INC."
6010,Craig Systems Corporation
734,Craig Welding
9624,Craig's Custom Fabricating
10263,Crandall
739,Crane Carrier
4454,Crane Carrier Company (CCC)
615,Crane Hill
617,CraneWorks
6579,CRANFORD RADIATOR INC.
4943,Crary
4217,CRARY A DIV OF TERRAMARC INDUSTRIES
618,Crary Agricultural Solutions
11911,CRATEBOX
5376,"Crater Trailers of LA, LLC"
619,Crazy Dago Customs
620,Crazy Horse Iron
11666,CRAZY MONKEY FOOD TRAILERS
625,CRC Cemetery Services
4008,Create A Custom Cycle
627,Create-a-Custom Cycles
5689,CREATION DESIGN
629,Creative Coachworks
9364,Creative Coachworks Inc.
4009,Creative Custom Manufacturing
4010,Creative Cycles
6601,CREATIVE HOT RODS
4011,Creative Mobile Systems
630,Creative Sports Supply
7675,Creative Trailer Concepts
6683,CREEK HILL WELDING
8723,Creekside Welding & Jamar Trailers
633,Creep Cycle Works
9565,Creighton's Trailers
709,CRESCENT MANUFACTURING
712,Criminal Choppers of AZ
713,Criminal Customs
4012,Criminalistics
7918,CRISMON MOBILE CLASSICS
10158,Criterion
9693,Criterion Trailers LLC
6685,CROFT TRAILER SUPPLY
7060,CROMWELL
717,Cronkhite Industries
721,Crooked River Choppers
724,Crop Master Trailers
6011,Cropp Welding & Fabrication
5969,Crosley
7967,Crosley Trailers
4013,"Crosley Trailers, Inc"
725,Cross Cleaning Solutions
680,Cross Country
11958,Cross Country Mfg.
9329,Cross Industries Inc.
8660,Cross Lander of North America Inc.
10978,CROSS ROADS
879,Cross Trailer
4913,Cross Trailers
2156,Crossed Pistons
12936,CROSSHAIR
5566,Crossman
1300,Crossroad RV / Redwood RV
897,Crossroads
9552,Crossroads Industries
6515,Crossroads Manufacturing
11881,"Crossroads Quality Distribution "
5003,"Crow Fabrication, LLC"
7025,"CROWD PLEASERS, INC"
9463,Crowe Co.
5113,Crown Coach Corporation
7557,"Crown Custom Trailers,Inc"
4017,Crown Energy Technologies
4879,Crown Food Carts Incorporated
10724,Crownline
902,CRP Racing
12313,"CRUCIAL, INC"
10647,Cruise
8457,Cruise Air
906,Cruise Car
8461,Cruise Master
9901,Cruise N Camp
4597,Cruise N Snooze Inc.
11094,Cruiser
7369,"CRUISERS MFG, INC (CMI)"
12459,Cruse Trailer MFG
1245,CrustBuster
6415,CRUX EXPEDITION TRAILERS
7208,CRUZER
6803,"CRYENCO, INC."
7551,Cryogenic Vessel Alternatives (CVA)
13581,Cryolor
1248,Cryotech
1251,Crystal Welding
1214,Crysteel Manufacturing
10440,CS&P TECHNOLOGIES
11494,"CSC TRAILERS, LLC"
11981,CSE Trailers
11309,CSIRIUS
13786,CSS
1258,CT Coachworks
1259,CT Fabrication
11536,"CT&E, LLC"
1224,CT&T America
1352,CTJ Trailers
6043,CTM
1355,CTM Customs
11753,CTS Trailers
6807,CUBE MANUFACTURING
11772,CUBE SERIES RV
3499,Cubelite
4016,Cuddle Shuttle
7832,"Cumberland Adventure Trailers, LLC"
12992,Cumberland Camper
1361,Cumberland County Custom Cycles
6031,Cumberland Farms
13650,Curley Brothers Trailers LLC
1365,Currahee Trailers
1369,Current Motor Company
1381,Curry Customs
1384,Curry Supply
7496,Curt's Welding
9162,"Curtis Industries, Inc."
1211,Curtis Welding
9059,Curtiss
7079,Cushman
6633,Cusitec
5010,Custom
6518,CUSTOM AIRBOAT TRAILERS
692,Custom Amusement Products
5156,Custom Bikes of Lauderdale
6376,Custom Bikeworks Inc
6810,CUSTOM BUILT AG. INDUSTRIES LTD.
8985,Custom Built Products Inc.
4020,Custom Built Trailers
5157,Custom Chassis Inc.
636,Custom Choppers by Otis
637,Custom ChopperWerks
638,Custom Components and Structures
639,Custom Concessions Trailers
8765,Custom Cottages
9029,Custom Covers
1032,Custom Crank Down Fish Houses
640,Custom Cut Fabrication
4021,Custom Cycle Carrier
641,Custom Cycle Studio
3036,Custom Cycle Studio LLC
643,Custom Design
10896,Custom Design Park Model Homes
9041,"Custom Designed, Inc."
644,Custom Engineered Products
9294,"Custom Equipment Builders, Inc."
6012,Custom Equipment Co Inc
8990,Custom Equipment Sales Inc.
646,Custom Expansion Fabricators
648,Custom Fabrication and Equipment
8919,"Custom Fabricators, Inc."
649,Custom Farm and Ranch Supply
650,Custom Fire Apparatus
5549,Custom Fit Trailers
11709,Custom Food
6013,Custom Haul
6015,Custom Hauler
7636,Custom Iron Workz
8620,Custom Kayak Trailers
6110,Custom Line Campers
651,Custom Marine Components
652,Custom Max Trailers
7467,Custom Metal Projects
8370,Custom Mfg.
653,Custom Mobile Designs
7145,Custom Mobile Food Equipment
11943,CUSTOM MOBILE SAUNA
4023,Custom Motorcycle Works
654,Custom Pits and Fabrication
4022,Custom Pull Trailer
655,Custom Services
6096,CUSTOM TANK TECHNOLOGY
7450,Custom Trailer Company
8317,Custom Trailers
7336,Custom Trailers Inc
7409,Custom Trailers of Texas
9270,"Custom Trailers, Inc."
6966,"CUSTOM TRIKES, INC."
10624,"CUSTOM TRUCK BODY & EQUIPMENT, INC."
12257,CUSTOM UPFITS
9049,CUSTOM WELDED FRAME
9286,Custom Welding and Trailers
8404,"Custom Welding, Inc."
8025,Custom-Fab
8253,Customized Utility Trailers
8489,Cutlass
13017,Cutting Edge
12039,Cutting Edge Trailers
10840,CVR
5671,"CW Welding and Fabrication, LLC"
9458,CX Automotive
9361,"Cy-Corp Enterprises, Inc."
6574,CYCLE CONCEPTS INC.
8678,Cycle Hauler
7876,Cycle Products
656,CycleStream
657,Cyclone
11904,"Cyclone, Fuel, Gravity, Road Warrior, Torque, & Torque TT, Lithium"
658,Cyclops Trike Components
6622,CYGNUS MANUFACTURING COMPANY (CMC)
10920,"CYLTEX "
661,Cynergy Cargo
10617,CYNERGY CARGO2 LLC
662,Cytec Trailers
8922,"CZ Engineering, Inc."
10256,Czinger
8830,D & D Industries
670,D & D Repair and Fabrication
7744,D & D SALES
6109,D & D Speed
664,D & D Trailers & Equipment
5119,D & D Trailers Inc.
6016,D & G Welding
6111,D & H Enterprises
6112,D & H Truck Equipment Inc
8116,D & J Fabricating LLC
9040,D & K Trailers
665,D & M Marketing Inc.
666,D & M Trailers
667,D & N Trailers
668,D & P Welding
669,D & S Trailer Builders
7380,D & S Trailer Sales
8794,D & S Trailers and Manufacturing Inc.
8398,D and A Custom
8267,D Hart Designs Inc
10615,D Master
11343,D SQUARED
9399,D T Supply
11153,D&A WELDING AND FABRICATION
663,D&B Cycle Parts & Accessories
13147,D&B Fabricators
13140,D&D
8708,D&D Machine and Welding
6440,"D&D METAL WORKS AND POWDER COATING "
695,D&D Trailers
7053,D&L TRAILERS
7769,D&R METAL FAB. INC.
11444,D&S EQUIPMENT
4078,D's Fiberglass
8374,D-Lux Trailer Sales Inc
696,D.G.C. Trailer Sales
6745,D.J. TRAILERS AND WELDING
697,D.K. HOSTETLER
11233,D.R.M. TRAILERS
698,D.R.T
10770,"DA "
10878,Da Car
13790,DA'TINY Homes
11486,DAB Motors
6746,DABCO FABRICATION
9964,DAC
13294,Dach
13254,DACHI GOLF CART
9233,Dacus Manufacturing Inc.
5094,DAECHANG MOTORS COMPANY LIMITED
6658,"DAELIM MOTOR CO., LTD"
1077,Daewoo
13426,Dafu
13644,Dahe
699,Daigle Brothers
7494,Daigle Trailers
847,Daihatsu
7863,Dailey Trailers Inc
10285,Daimler
1811,DAIX
4045,Dakan Mountain Teardrop Trailers
5427,Dakota Airboats
12532,DAKOTA CABINS OF TEXAS
9274,Dakota Corporation
8859,"Dakota Litehouse, LLC"
700,Dakota Manufacturing Co. / TRAIL-EZE
13129,DAKOTA METAL SOLUTIONS
701,Dakota Motorcycle Co.
5512,Dakota Motorcycles U.S.A. Inc
4907,Dakota Trailers
7802,"Dal-Fab & Machine, Inc"
7923,Dale's Welding Sales
703,Dallas Smith Corporation
6017,Dameron
4553,Damon
12468,DAMON MOTORS
5159,"Dan Gurney Alligator Motorcycles, Inc."
8732,"Dan Hudon Sales, Inc."
748,Dan's Golf Car and Trailer Sales
6781,DAN'S REPAIR & MFG.
7001,DANCO
704,Danco Products
7504,Danco Trailer Sales
6433,"DANDEA ENTERPRISES, INC."
737,"Dandy Digger & Supply, Inc."
8883,Daniel B. Shirk Welding Shop
6783,DANIEL J. ESSENPREIS MFG.
5089,Daniel Lohr
8714,Daniel Mfg Inc.
5160,Daniel's Certified Welding Inc.
738,Danko Emergency Equipment
9969,Danny's Custom Golf Carts
8535,DanRon Enterprises
7554,"Danzer Industries, Inc"
10691,"DAPCO, INC."
9411,"Daral, Inc."
6784,"DARDON, INC"
7824,"Daredevil Choppers, Inc"
749,Dark Dayz Choppers
12861,DARK HORSE EXPERIENTIAL
750,Dark Warrior
10186,Darkhorse
752,Darkside Chariots
6508,DARKSIDE CHOPPERS
8720,Darnell's Welding and Fabrication
11854,DarPah LLC
8094,Darrell's Welding Inc.
10671,Dart
6785,DARTRON INDUSTRIES INC.
753,Darwin Motorcycle
7817,DASH
12030,Dash EV
755,Dast Tanks
5598,Dat Trailers
4051,Data Mfg.
5657,Datsun
6042,Daughtry
4047,Dauntless Motors
10899,DAVCO
8575,Dave Finn Motorcycles
7819,"Dave Hanson Trailers, Inc"
8505,Dave Morgan Trailers
8876,Dave's Welding
6811,DAVE'S WELDING SERVICE
8005,DAVES AUTO SALES
6743,DAVID BREWER IMPLEMENT INC.
6087,Davidson Enterprises Inc
10212,"Davidson Trailers, LLC"
13750,Davinci
12521,Davis Industrial Trailers
756,Davis Industries
13136,DAVIS MANUFACTURING LLC
735,Davis Metal Works
736,Davis Trailer Sales
5161,Davis Trailer World LLC
4632,Davis Village Solutions
9545,Davis' Countryside Trailer World
5653,Dawson
9025,Day's Steel & Trailer Barn
6301,Dayang
12119,DAYI MOTOR
9879,Daystar
5162,"DayStar Motorcycles of America, Inc."
9094,Daytec Center
8791,"Daytona Beach Bike Works, Inc."
6018,Daytona Coach Builders
12938,DayTripper
7662,Dazon ( Arizona) Inc DBA DZ Motorcyle Rentals
7668,"DB Industries,Inc"
2844,DB Trailers
6691,DBAT TRAILER SALES & SERVICE
5163,DBR Systems LLC
4897,"DBT Designs, LLC."
741,DC WELD INC. DBA DCW CUSTOMS TRAILERS
8354,DD Custom Cycle LLC
4046,DDI
12300,Dead On Fab
742,DEADEYE WELDING AND FABRICATION
7602,Dealers Choice LLC
743,Deano Motorcycle Company
8577,"Death Row Motorcycles, LLC"
5403,Debnam
7873,Debra H Morgan Co
4048,Debris Systems Plus
8258,DECATUR
10494,Decatur Electronics
12493,"DECATUR ELECTRONICS, LLC"
7681,Deceleste SA
11412,DECK
5297,DECK OVER DOLLY
13770,DeeCo Trailers
10151,Deep Creek Carts
5102,DEEP SOUTH CARGO TRAILERS LLC
744,Deep South Choppers
6425,DEERSKIN
745,Defiance
746,Dejana Truck and Utility Equipment
747,Del Mar Trailers
5992,Del-Val
10204,"Delavan Automotive, LLC"
7434,"Delavan Industries, Inc"
8819,Delaware American Motors LLC
757,Delaware Valley Cycle
758,Delco Trailers
4896,"Delivery Concepts, Inc."
759,Dell Rapids Custom Trailers
9766,Della Terra Trailer
13022,DeLorean
11332,DELOUPE INC
9203,"Delta Manufacturing, Inc."
760,Delta Oilfield Tank Co.
4049,Delta Scientific Corporation
761,Delta Waseca Mini
10239,DeLucio USA
8973,Deluxe Bumper Works
6692,DELUXE WELDING INC.
4050,Demented Cycles
12792,DEMI
7629,Demon Motorcycle Company
762,Demons Cycle
763,Demountable Concepts
6134,Dempster Industries Inc
8926,Dempster Systems Western Div.
9360,Demumbreum Welding Shop
12767,DENAGO
12742,DENAGO EV
8890,Denair Manufacturing LLC
10347,Denali
7667,DeNardis Motocross Factory
764,Denbeste Manufacturing
7084,Denney Brothers Fabrication LLC
9698,Dennis
766,Dennis Boggs Welding Works
12982,Dennis Eagle
13714,Denton
7121,DENTON TRAILER CO.
934,Dentoni's Welding Works
9675,DENZEL
12568,Department Store
7169,Dependable Trailer
935,DePuy's Custom Cycles
5036,Derbi
9064,"Derstine Trailer Works, LLC"
936,Desco Mfg.
13675,"Desert Custom Trailers, LLC"
12049,DESERT POWER WAGON
12711,Desert Star
8593,Desert Sun
937,Desert Thunder Customs
938,Desert Toys RV
939,Desert Wolf
6116,DESIGN CONCEPTS
940,Design Concepts Manufacturing
6019,Design Home
11285,DESIGN SOLUTION CONCESSION INC.
941,Design Worx
1052,DesignLine
942,DesignLine International Holdings
943,DesignLine USA
4919,DeSoto Motors
4192,Desperado
9196,DESSCO
5634,Destiny
809,DeTect
5057,"Determan Welding & Tank Service, Inc."
813,Detroit Bros.
814,Detroit Custom Chassis
6652,DETROIT TOOL INC.
815,Deus Ex Machina
816,Deviant Design
817,Devil Dawg Custom Cycles
6056,Devine
6914,DEWALT UTILITY TRAILERS
7573,Dex Unlimited Inc
13572,DFP
819,DG Fabrication
11733,DG Marshall
8668,DGC Trailer Manufacturing
9941,DH Farm Equipment/DH Trailers
820,DHM Trailers
821,DHS Systems
1313,Di Blasi
7868,DI BLASI OF AMERICA Inc.
1370,"Di-Mond Trailers, Inc."
12627,Diablo
1315,Diablo Performance
600,Diamo
5028,Diamonback
13239,Diamond
7016,DIAMOND B TRAILERWORKS
6114,Diamond Boats Inc
8513,Diamond C Farm Equipment
6469,Diamond C Trailer Mfg.
1318,Diamond Cargo
1333,Diamond City Trailer
6560,"DIAMOND COMPONENTS, INC."
4052,Diamond Cut Carriers
7111,Diamond D Trailer Mfg
1321,"Diamond E Manufacturing, LLC."
13805,Diamond Eco Solutions
7000,DIAMOND H SALES
11132,DIAMOND HAWG MFG
2026,Diamond Heavy Vehicle Solutions
4994,Diamond K Manufacturing
6656,Diamond Line Chassis LLC
9085,Diamond Machining Inc.
7459,Diamond Reo
9574,Diamond T Trailers Inc.
8135,Diamond T Trailers Mfg. Co.
4053,Diamond Trailer Manufacturers
8849,"Diamond Trailers dba Profection Metalworks, Inc."
7896,DIAMOND Z TRAILER INC
9306,Diamond-K-Mfg.
4054,DiamondBack
1322,Diamondback Choppers LLC
4055,DiamondBack Trailer
9093,DiamondBack Trailer Mfg.
7430,Diamondback Trailers
1332,"Diamondback Trailers, LLC."
7453,"DiamondStar Trailer Industries, Inc."
7721,"Dick's Welding, Inc"
6993,DICKSON
13619,DICNOSA EQUIPMENT
6659,"DIEDRICH DRILL, INC."
10238,Digital Defense Surveillance LLC
12388,DIME
12998,DIMEN
9242,"Dimensional Homes, Inc."
7706,Dina Autobuses
13067,DINGYITOP
8707,Dino's Manufacturing
6702,DIRECT SALES
1419,Direct Trailer
1500,Dirt-A-Holic
1502,Disaster Power & Equipment
12199,DISCOUNT DUMPS
9007,Discount Trailer Mfg.
12042,DISCOUNT TRAILERS USA LLC
7569,"Discovery Cargo Trailers, Inc."
12032,DISCOVERY DESIGN
9210,"Disler Trailer, LLC"
1549,Display Compnay dba Speedcheck
8282,Display Solutions Inc
8630,"Distinct Builders, Inc."
1527,Ditch Witch
5097,Dively Mfg. Co.
12383,DIVERSE FIBER COMMUNICATIONS
1228,Diversified
8118,Diversified Service
10876,Diversified Storage Systems
6704,"DIVERSIFIED TRUCK & TRAILER, INC"
1552,DIW engineering & Fabrication
7922,Dixie Craft Trailers Inc
1490,Dixie Hitch
1491,Dixie Welding
7669,"Dixon Trailers & Fabrication, LLC"
11362,DIY
11246,DK
6833,DKOI INC
8597,DLC Power Diesel Corp.
4032,DLM
1591,DLW Payless Transmissions
11576,DM
1593,DM Machine
7584,DMC Five Star Trailers
8709,DMC Inc.
1594,"DMI (D.M.I) PIPE FABRICATION, LLC"
1596,DMP Awnings
8345,DMP TRAILERS
7014,DNA ENTERPRISES INC
1597,DNA Specialty
13815,DNJT
4526,DNM Teardrop Trailers
11745,DOBYS KUSTOM KARTS
3342,Dock Doctors
476,Dodge
1422,Dodgen Industries
8047,Dodger Trailer Manufacturing Inc
7136,Doepker Industries
11488,DOFERN
12261,DOGEBOS
9028,Dolans
11213,DOLEGA TRAILERS
13742,Domani
5164,Domatex
1479,Domine Enterprises
4625,Dominight
7644,Dominion Motorcycle
1468,Don Johnson Sales
5165,Donaldson Fabrications
2342,DONGFANG
10623,Dongfeng
11720,DONGGUAN TAILING ELECTRIC VEHICLE
1607,Dongguan Yongqiang Vehicles
11970,Dongma
1608,Donham's Mobile Service
1616,Donnerite Incorporated
5779,Donovan Spring & Equipment Co. Inc
1442,Dons Truck Sales
4834,DOOHAN
9754,"Dooley Tackaberry, Inc."
10377,"Doolittle, FoxTrail"
1335,Doonan Specialized Trailer
573,Doosan
13476,DopplerTech
13365,Dorado
6700,DORCHEAT MANUFACTURING COMPANY
11972,Dorsey
9738,"Dose Steelworks, Inc."
2554,Dosko
6795,"DOSKO INDUSTRIES, INCORPORATED"
9421,"Double ""P"" Trailers"
13664,Double A
11224,DOUBLE A TRAILERS
12374,DOUBLE D
8485,Double D Distributors
1363,Double D Trailer Sales
8484,"Double D Trailers, Inc."
6023,Double Duty
11049,DOUBLE H
4057,Double K Custom Trailers
8538,Double LJ Manufacturing
5166,Double R Trailer MFG
7719,Double R Trailers
2531,Double R Trailers MFG
6099,Double S Enterprises
6100,Double S Welding
4868,DoubleEagleUSA
1371,Douglas Holding LLC
7260,DOUGLAS MARINE CORPORATION
10855,Douglas Trailers
7700,Douglas Trailers Inc
9098,Douglas Truck & Equipment
7051,"DOUGLASS TRUCK BODIES, INC."
11626,DOVE WELDING
6104,Dover Trailer & Fab
1376,Dowell Schlumberger Int'l
1380,Down 2 Earth Cargo LLC
1382,Down Low Customs
5483,Down to Earth
1753,DownEaster
13090,DOYLE MANUFACTURING
1385,Doz N Go
4688,DP Coningplant USA Corp.
1386,Dp Manufacturing LLC
4077,DPJ
12244,DR FOOD TRUCKS
1396,Draggin Custom Cycles
1405,"DRAGGIN' P, INC"
1415,Dragon ESP
5311,Dragon Mobile Rigs
956,Dragon Products
11992,Dragon Tiny Homes
957,Dragon Trikes
10981,DragonFly
12128,Dragonfly Three Wheeler
13543,Dragonfly Trailers
958,Dragontail Trailers
959,Dragonwing Custom Builds
9643,Dragster Supply
6105,Drake Trailers
5518,Drake Truck & Trailer Equipment
12108,DRAPERBILT
4772,DRC Trailer and Sport
10335,DRE CUSTOM TRAILERS
962,Dream Coach Trailers
963,Dream Design and Fabrication
13198,Dream Fly
12753,Dream Haven
13632,DREAM PROJECTS BUILDERS LLC
964,Dream Ridge Development Corporation
6107,Dreamline
965,Dressen Custom Trailers
1280,Drewes Engineering
1281,Drews Ironworks
6115,Dri-Doc Inc
5334,Drifta Offroad Tourer
9958,Drifter Trailers
10503,Driftwood Boats
1282,Drillers Mud Systems
8638,Drive (Boylan Golf Cars)
9343,"Drive-On Trailer Co., Inc."
5292,DRIVEN FAB LLC
9735,"Driven Innovations, LLC"
1283,Driving Ambitions
12446,DROP 2 LOAD
10079,Droplet Design Ltd.
10400,DRR
8136,DRS Cycle Corp
545,DRV Suites
5167,DRYAIR 2000 Inc.
6196,Drydock
13415,DSM TRAILERS LLC
11002,DSS
10961,DST
11371,DTC
10811,DTGC
13256,DTH
11210,DTM Powersports
5168,DTM Trailers
1301,DTP Muscle Custom Choppers
1302,Dub Box USA
568,Ducati
1328,Ducati Motor Holding SPA
6729,"DUCKWORTH BOAT WORKS, INC."
1323,Ducworld
1324,Duesway
1325,Duffer's Manufacturing
9755,Duffield Marine Inc.
5375,"Dugan/Stone Trailer Co, LLC"
1326,Dukane Precast
13339,Duke's
4086,Dumas Welding
11773,DUN-RITE
6144,Duncan Supply Company
12093,DUNN RITE FAB
10676,"DUNRAVEN "
8987,Dur-A-Lift Inc.
13575,Dura Trailers LLC
5577,Durabilt
1327,Durabody Industries
8713,Durabuilt
8581,DuraBull Trailers
4894,Duraco Inc
4996,DuraHaul
853,DuraLast Trailers
854,Duralite Trailers
5077,Duralite Truck Body & Container
6995,"DURALITE, INC"
13208,Durango
7045,DURANGO TRAILER MFG.
855,Durbin's Custom Weld & Design
9305,"Durnell Industries, Co."
4864,Duruxx
11000,"DUSK TIL DAWN "
856,Dusold Custom Cycles
857,Dutch Master
859,Dutch Park Homes
6145,DUTCH PARK INC
6020,Dutcher
860,Dutchmen Manufacturing
9115,"Dutchmen Mfg., Inc."
5169,Duvall Equipment LLC
8717,Duwa
4748,DV Manufacturing
11069,Dvele
11070,DVELE OMEGA CORPORATION
12380,DY Concrete Pumps
12245,DY Innovate Corporation
861,Dyal's Welding
6527,"DYER'S DOCKING SYSTEMS, INC."
862,DYMAC International
863,DYMAC Vehicle Group
6308,Dymax Inc.
8362,Dyna Hauler LLC
1159,Dyna Products
2414,Dynafab
1213,Dynamax Corporation
6146,Dynamic Air Systems
10591,Dynamic Carts Corporation
8563,Dynamic Chopper Inc
11744,DYNAMIC DRIVES
5170,Dynamic Manufacturing Corporation
1227,Dynamic Trailers
7301,"DYNAMICS COMPOSITE DESIGNS, INC"
10986,"DYNAMITE "
4087,Dynasty Electric Car
5017,Dynatest
9128,"Dynaweld, Inc."
9519,Dyreng Farms
6147,E & L Trailers
11440,E & R Trailers
7120,E & T UTILITY TRAILERS
4088,E & W Manufacturing
13389,E Ride Pro
6604,E Z Dumper Products LLC
4090,E Z Ryder Motor
13369,E&M Trailers
9052,E&R INDUSTRIAL
9067,E&R Trailers
1403,E-Bilt LLC.
12325,E-Chopper
511,E-One
1270,E-PAK MANUFACTURING
10076,E-Riva
4089,E-SUV
6406,E-TON
933,E-Ton I
6224,E-Ton II
12463,e-TRO
948,E-TUK
1045,E-W Trailers
13511,E-Wagon
4068,E-Z Dumper Products
6179,E-Z Pack
8251,E-Z Pull Trailer Mfg. & Sales
6681,E-Z PULL TRAILERS LLC
9186,"E-Z Pull, Inc."
6149,E-Z Tow
922,E-Z-Go Division of Textron
9195,E-Z-TOW FABRICATIONS
10110,E.A. Collins and Sons
10727,"E.B.O. VAN WEEL "
9279,E.C. Woods
9367,E.C.S.A.
1255,"E.F. Couvrette Company, INC"
9578,E.F. Marsh Engineering Company
1256,E.G.M. Trailers
1260,E.K. Machine Co. INC.
1250,E.P. Industries INC
8348,E.T. & T. Enterprises
8034,E.T. Services
1262,E3 Trailers
13004,EA
6198,Eager Beaver
2408,Eagle
6750,EAGLE BRIDGE
7320,Eagle Car Carriers
7371,Eagle Coach Corporation
1265,"Eagle Craft, INC."
1267,Eagle Erectors
1298,Eagle Ford Tanks & Trailers LLC
7457,"Eagle General Contractors, Inc"
1307,Eagle Head Lifts
7801,EAGLE INDUSTRIES
9078,Eagle Iron Metal Works
8186,Eagle Marine Corporation Ltd
11671,Eagle RV
7339,Eagle Trailer
1311,"Eagle Trailer CO., INC"
1314,Eagle Trailer Manufacturing
1320,"Eagle Trailer Sales, INC."
4976,Eagle Trailers
6195,Eagle Trailers Inc
5172,Eagle Trailers LLC
8313,Eagle Trailers Mfg
1264,Eagle Welding & Machine
8758,"Eaglerock Trailers, Inc."
11337,eAhora
7279,EAM
6855,EARTH TOOL CO LLC
10448,Earth Traveler
7166,EARTHWORM INC
6030,Easley
6070,Easley Trailer
12625,East
10893,"EAST COAST "
5173,East Coast Manufacturing & Design
9900,East Coast Oven and Pizza Co.
6856,"EAST COAST RACE CARS, INC."
1329,East Coast Trailers
12965,EAST COAST TREE SERVICE
7040,East Kentucky Trailers Mfg Co
1334,East Manufacturing CORP.
7458,East Prairie Fabrication
8893,East River Machine Corporation
13084,EAST RIVER MANUFACTURING
8693,East Side Custom Choppers
7806,East Tennessee Trailers LLC
13168,EAST TEXAS BUILDING SYSTEMS
8740,"East Texas Longhorn Trailers, LLC"
1358,East Texas Trailers
11915,EAST TEXAS TRAILERS S.A. DE C.V.
9057,East to West
6028,East/West
4107,Eastcoast Bikeworks
6788,EASTERN METAL WORKS
1366,Eastern Rod and Chopper
7449,"Eastern Shore Trailer, Inc"
4108,Eastern Trailer Sales
7261,EASTERN WHOLESALE DISTRIBUTORS
6698,"EASTERN, INC."
8452,Eastmond Trailer Company
13534,Easton
1362,Easton Custom Frames L.L.C
10054,Easy Go LSV
13333,Easy Lawn
5086,"Easy Time Trailers, Inc."
9478,"Easy UP, Easy GO Trailers"
1373,Easyrider Motorcycle Company
1390,Easyrider Motorcycle Company Trailers
6585,"Easyway Tailers, Inc"
11215,EATON COMPRESSOR AND FABRICATION
1395,"Eaton Drilling CO., INC. dba Eaton Fabrication CO."
9597,Eaz-Lift Spring Corporation
11723,EBC
1402,Ebert Precision Products LLC
12379,EBUSCO
13101,EBYS PORTABLE WELDING & FABRICATION
7665,eCart
4110,ECC
1562,"ECHELBERRY MANUFACTURING, LLC"
4942,ECHO
4545,Echo Accessories
4941,ECHO Bear Cat
10436,ECHO DESIGN CONSTRUCTION AND LOGISTICS / ECHO
1406,"Echo Manufacturing, LLC"
1420,Echo Trailer
12171,Echthaft Trailers
1423,Eclipse Aluminum Trailers
11209,ECLIPSE PARK MODEL
1424,"Eclipse Recreational vehicles, INC"
9557,"Eclipse Trailers, Inc."
8274,ECM
11313,ECO
1425,Eco Motor Company
10272,Eco Sense
13260,ECO(SUPPLYOR LLC)
11771,ECO-CART
1466,Eco-Fueler Corporation
12616,ECOCAMPOR
12074,Ecocar
4648,Ecocruise
1427,ECOJOHN
9924,EcomAutomotive
5909,Econ-O-Haul
9645,Econo-Trailer
6793,ECONOBOY CORPORATION
1431,"Econoline Trailer, INC"
4788,Economy Drilling Solutions
11976,ECOOTER
5175,"Ecosse Moto Works, Inc."
12330,Ecostream
1471,Ecotrek Camper
10665,ECPC Epic
13395,ECS
7993,ECSTASY
6091,ECSTASY TRIKES INC
5275,Ed Trailers
8200,Ed's Machine & Repair
9106,ED-KA MFG. INC.
12015,Eddie Bauer
1474,"EDDIE ENGLISH COMPANY, INC."
6093,EDDIE INC
6564,EDDIE TROTTA CUSTOM BIKES
7728,Eddy Motors
6033,Eddy's Welding
11503,EDGE
6095,EDGE MANUFACTURING INC.
1478,Edge Marine INC. dba Edge Marine
8835,Edge Recreation Vehicles
9996,"Edgewood Welding & Fabrication, Inc."
4518,Edmondson Custom Built
11162,"EDOMO, INC."
9630,eDrift
9700,"Efficient Drivetrains, Inc."
1339,Efficient Hauling Systems
1356,EFL Manufacturing
8866,EG & G Mount Sopris Instruments
11368,EggCamper
13057,EGLMOTOR
8117,eGO Vehicles
1359,EH Concepts
12430,EH Wachs
6758,EHW
8356,Eight Mile Choppers
7759,Eiks Bikes
13073,EINGP
7939,EIP Manufacturing
9506,"Eischen Manufacturing Co, Inc."
4990,EISEN
12501,EKOMOTO
12517,"EKONO CATERING EQUIPMENT, INC."
5176,"El Dorado Foundry Machine & Supply Company, Inc."
7030,EL PASO TRAILERS
11276,El Ranchero
1364,El Tiron Custom Trailers
1134,EL-MAR
7028,"EL-SAN, INC"
6500,ELAN MANUFACTURING
5397,ELASTEC
5177,Elco Industries
553,ElDorado National
7632,Electra Meccanica Vehicles Corp.
9448,Electric Car Company
1389,"Electric City Motors, North America"
7678,Electric Cycle Co
11780,ELECTRIC ELK
1393,Electric Mobile Cars
1400,Electric Motorsport
1413,Electric Vehicle Transportation of America
1037,Electric Vehicles International
1048,ELECTRICAL ENGINEERING AND EQUIPMENT
4113,Electro-Technologies
971,Electromotion Design
8377,Electrostorm
1050,Electrovaya
9842,Elevate Trailers
1054,Elevated Security
11462,ELEVATION PARK
8823,"Elgin Enterprises, Inc."
7684,Elgin Sweeper Co
8882,Elgin Trailers
12630,ELI
7158,Eliminator Trailers
6040,Elite
11139,ELITE AIRBOAT COMPANY
11355,ELITE CARGO TRAILERS
7639,Elite Cottages
4986,"Elite Custom Trailer,LLC"
4111,Elite Custom Trailers
11701,ELITE ELECTRIC VEHICLE
1064,Elite Equipment
10312,Elite Industries
10762,Elite LSV
4675,Elite Motor Sales
11895,Elite Retreat Homes
8570,"Elite Specialty Trailers, LLC"
1076,Elite Tool
1086,Elite Trailer Manufacturing
1091,Elite Trailers
7209,"ELITE TRAILERS, INC"
13145,ELITE WELDING & FABRICATION
12661,ELJO INDUSTRIES INC.
10634,Elk Creek
11901,"Elk Ridge, Elk Ridge Focus, & Pioneer FW"
1099,Elk River Machine
1105,Elk Valley
12680,ELKHART TRAILER
1108,Elkin Hi-Tech
12980,ELKINGTON
11559,Elkridge
11046,Elkriver Smokers
1110,Ellington Industry Supply
7698,Elliott Machine Works Inc
9573,Ellis & Watts
6339,"ELLIS INDUSTRIES, INCORPORTED"
7988,Ellis Manufacturing Inc
5713,Ellis Trailers
9353,Elmat Inc.
11403,ELMS
6590,ELSEY MFG.
5590,Elusive
10571,Elyx Smart
9278,EM & RS
1141,EM Transfer
5015,eMa
4699,eMa Motorworks
10549,eMa Motorworks LLC
12892,"Emagineered Solutions, Inc."
6340,EMB INCORPORATED
11287,"EMBER RECREATIONAL VEHICLES, INC"
13465,Embrace
6816,EMBUGGY
10280,eMega
1144,EMERALD WELDING
9347,Emerson Electric Co.
4114,Emerson Trailers
1154,EMF
1158,EMI Technologies
1162,EMK
12502,EMOTO
12041,Emove
4812,Empire Cargo Trailers
8510,Empire Choppers
8020,Empire Manufacturing Company
8968,Empire RV's Inc.
1174,Empire Tanker
6790,"EMPRESAS Y EQUIPOS INDUSTRIALES, S.A. DE C.V."
8652,Emtec Composites Inc.
11038,ENCORE HPG
8706,Encore Trailers
1177,End 2 End Welding
11470,Endless Highways
1183,EnduraMax
1188,Enduraplas
4796,Enduratrailer
4549,ENERGICA
1198,ENERGY ABSORPTION SYSTEMS
1200,ENERGY FABRICATION
11520,Energy Link Trailer
1203,ENERGY PRODUCTS
6140,ENERGY SYSTEMS
12508,Energy Tree
4634,Engine Connection
1204,ENGINEERED MANUFACTURING
1266,ENGLE FABRICATION
11308,ENGLOBAL
11973,ENGTIAN
7506,Ennis Trailer Mfg
6139,Enpro Engineered Products LLC
6605,ENRY CYCLE CREATIONS LLC
1268,ENTECH INDUSTRIES
11675,Entegra
13472,Enterra
4124,"ENVASES DE ACERO, S.A. DE C.V."
6925,ENVIRON PRODUCTS INC
4125,Environmental Service Products
9768,Envirotech Drive Systems Incorporated
11811,ENVIROTECH DRIVE SYSTEMS INCORPORATED (EVT)
12190,Envirotech Vehicles
4610,Envoltz
5510,"Envtech Tank Services, LLC"
1269,EO TRAILER
4126,EP Design
6180,EPCO
6762,Epic
1271,EPIC CUSTOM CYCLES
13031,EPIC EV
9963,Epic Fabrication & Design LLC
12135,EPIC POWER SOULTIONS
1051,EPV Corporation
13554,EQ Outdoors
9366,Equi-Lite Horse Trailers
1285,EQUI-TREK
8497,Equibuilt LLC Trailer
6597,"EQUIBUILT, LLC"
5178,"Equip Manufacturing, Inc."
1637,EQUIPMENT DEVELOPMENT
6744,"EQUIPMENT INNOVATORS, INC."
1272,EQUIPMENT SERVICES
4677,Equipment Source
1273,EQUIPT
12736,Equipter
4058,Equiquest Horse Trailers
1292,EQUUS AUTOMOTIVE
9745,ERC TRADING
4824,Eretz Trailers Manufacturer
8548,Eriba
1290,ERICKSON TANK & PUMP
12500,ERIDE
1304,ERIE ALUMINUM
13072,Erie Industries
2590,ERIE SHORE MARKETING
13027,ERNEST INDUSTRIES LLC
8550,"Ernest Industries, Inc."
6067,Ernest Spencer Trailer
1319,ERSKINE & SONS
896,Erwin Precision
7851,Esarati Electric Technologies Corp
13209,Escalade
9854,Escapade Camper
5271,Escape
7822,Escapod Trailers LLC
900,Escobar Truck Equipment
9021,Escort
5039,Escort Trailer Corp.
12629,ESOMOTO
13457,Essence
932,Essex Performance Boats
6199,Esterel
4620,ET Manufacturing Corp
6699,"ETHER ENTERPRISES, INC."
6701,ETI ELECTRIC TRANSIT INC
6600,ETI Global Solutions Inc
9133,Etnyre
13186,ETOFOODCARTS
10434,ETR
12189,eTrikeCo
11414,ETS MFG
10663,Euro
8468,"Euro-Liner, LLC"
4059,Europa International
10407,Europe - Italy
4060,Eurospeed
10930,"EUROSTAGE "
5755,Eurostyle
12839,EV
949,EV America
986,EV Innovations
12152,EV PORTABLE
11457,EV TITAN
10306,EVA 406
990,EVAC
1003,Evaco Acquisition
6815,EVANGEL
13343,Evans Machinery
9771,Evans Metal Fab
8920,"Evans Steel Fabrications, Inc."
9939,"Evco Service Co., Inc."
1005,EVCOR
11019,Eventure
13499,EVenture (Xiyao)
13497,EVenture Powersports
11383,Everest
5006,Evergreen
4061,Evergreen Off Road Campers
1010,EverGreen Recreational Vehicles
1020,Evergreen Trailer
11609,Everlite Trailers
7438,"EverLite, Inc"
1038,Evil Empire Choppers
8375,Evil Twin Limited
10789,"EVLABS "
9129,EVO-NTS Trailers
11509,EVOBUS
12285,Evolution
12827,Evolution (EVOLUTION WELDING & FABRICATION LLC)
10154,Evolution Trailer Technologies Inc.
1041,Evolve Motorcycles
12813,Evos
8858,EVT
880,EWD Cycles
11237,EWHEELZ
881,EXA Industrial
7536,Excaliber Fabrications Inc
7477,Excalibur Automobile Corporation
882,Excalibur Choppers
6628,EXCALIBUR TRAILER COMPANY
8894,Excavation Technology Corporation
883,Excel
13569,Excel Tent Trailers
8949,"Excel Trailer Co., Inc."
6471,EXCEL TRAILERS
8280,Excel Trailers Inc
4062,Excel Truck Equipment Specialties
4063,Excelsior-Henderson Motorcycles
5545,Execucoach Inc
884,Execuhitch
8607,Executive Choppers
9351,"Exigis, Inc."
8757,Exile Cycles
10904,Exoalloy LLC
7427,Exolon Systems Inc.
885,Exosent Engineering
4064,Exotic Choppers
5030,Exotix Cycle & Motor Werx
12830,EXPANDABLE B.V.
7522,Experimental Fabrication Inc
10348,Explorer Forward Fold
10349,Explorer Rear Fold
6883,EXPLORER VAN COMPANY
10767,"Exponent V2 "
12253,Express Concession Trailers
8465,Express Custom Trailer Mfg. Inc.
8483,Express Roaster
886,Express Shuttle Service
5570,Express Trailers Inc
887,Express Welding
6443,"EXTREME CHOPPERS, INC"
7820,Extreme Chute Trailers
5511,Extreme Classic Trailers
7846,Extreme Engineering Inc.
4066,Extreme Fabrication
888,Extreme Road & Trail
5417,Extreme Trailer
905,Extreme Trailers
890,Extreme Trailers (TN)
5106,EXTREME TRAILERS LLC
11340,EXTREME TRAILERS OF TEXAS
891,Extreme Warrior RVs of Idaho
8011,Extreme Welding
10709,EXTREME WIRELINE TRUCKS AND EQUIPMENT LLC.
3671,Exxiss
893,Eye4Design Conversions
4067,Eyeball Eng.
5814,EZ
894,EZ Deploy Systems
5531,EZ Draw Trailers
4841,EZ GO
898,EZ Hunt & Haul
12621,EZ Kruiser / Raptor
12623,EZ Kruiser / Vector
12619,EZ Kruiser / Venom
4681,EZ Life Campers
4069,EZ Loader Boat Trailer
5341,EZ Loader Custom Boat Trailers
9705,EZ LOADER WIDTH SERIES
901,EZ Pull Trailers
5500,EZ Trac
903,EZ Trailers
7003,EZ-2-LOAD Trailer
7268,"EZ-HAUL, INC"
8329,EZGO
9043,EZL MODEL
12840,F&F
12841,F&FHD
9714,F&S
925,F-3 Trailers & Fab.
13715,F.L.T. Trailers
4070,Fab Tec
8682,Fab-rite Trailer Mfg.
10153,"Fabbro Industries, LLC"
5395,Fabco
927,Fabform Industries
11012,FABMETALS
8672,Fabri-Remorque Inc.
928,Fabricacion y Comercializacion Pena
11851,FABRICACIONES Y SERVICIOS DE MEXICO SA DE CV ( FASEMEX/ LIDDELL)
8867,Fabricated Designs Company
7041,FABRICATION & DESIGN INC
9789,"Fabrication and Maintenance Service, LLC"
2635,Fabrication Technologies
952,Fabricators Plus
10732,"FABRINEERING "
6718,FABTEC INC
953,Fabtech
10166,"FABTECH, LLC"
954,"FabWeld, Inc."
960,Factory Direct Equipment Inc.
5180,Factory Direct Trailer Sales & Manufacturing
966,Factory Motorhomes Inc.
967,"Factory Transports, Inc."
12871,FADING WEST
5429,Fair West
8474,Fairline Inc
968,"Fairplay Electric Cars, LLC"
6553,Fairview Automated Burnouts
969,"Faith Forgotten, LLC"
6586,Fajumes SA de CV
972,Falcon
9111,Falcon Engineering & Mfg Co.
13391,Falcon Motors
973,"Falcon Road Maintenance Equipment, Inc."
4071,Falcon Trailers
12533,Falcon Trailers LLC
7926,Falcon Trailerworks
13670,"FAMILY FORGE UTILITY TRAILERS ,LLC"
11212,FAMILY GARDEN
5339,FAN
9009,Fannin Fabrication
974,Fanntana Trailers
7264,"FANTASY COACH COMPANY, INC"
13812,Fantic
10244,Fantom Teardrops
12092,Far-Out Trailer
9867,Farm Boss Trailer
8032,FARMBILT
975,Farmer Fabrications
7065,FARMERS & CONTRACTORS SUPPLY CO.
9224,Farrington Chariots
976,Farwest Golf
1691,Fast -Way Ideal Mfg Co
10163,FAST CARGO LLC
978,Fast Eddie's Customs and Classics
9858,"Fast Flow Pumps, LLC"
9805,"FAST Global Solutions, Inc."
979,"Fast Master Products, Inc."
3649,Fast Screen Trailers
9075,Fast Toys
8781,"Fast Trac Manufacturing, Inc."
980,Fast Truck Body & Equipment
981,FastlaneLSV
6434,"FASTLINE TRAILER MFG., CO."
4085,Fastload Enterprise
982,Fastrack Engineering
12426,FAT
5181,Fat Attack Custom Bikes
10626,Fat Boy
983,"Fat Boy Trailers, LLC."
984,Fat Daddy Racing
988,Fat Guinea Customs
989,Fat Socks Motorsports
12537,Fatbear Scooters
10106,FATMAN
991,Fatmancycleworks
6634,FATT HOGG FRAMES
11687,Faudoa Taco Carts & Trailers LLC
9640,Faulkner LLC
13323,Fault Line
992,Faw Jiaxing Happy Messenger
13639,Faymonville
8239,Fazekas Industries
923,FBI Motor Co.
13312,FCB
995,FCM-Group
12356,"FD INTERNATIONAL, INC."
4966,FDM
996,Fearless Choppers
11372,Fearless Eagle Trailers
997,Featherlite Trailers
4084,Featherlite Vogue
6022,Federal Motors Inc
10268,Fehr
1001,Fehr Industrial Manufacturing
13665,Fehring
4224,FEKON
4771,Felling Trailers
1002,Felony Street Gear
1006,FEMCO
13061,FENGLING
11887,FENGYUAN
6960,"FENRIS CYCLE, INC."
13123,Ferbel
4995,Ferguson Built Trailers
1730,Ferguson Truck Body & Equipment
7410,Fernando Rivera
1007,Ferocity Industries
9928,Ferrara
603,Ferrari
4082,Ferro Trailers
9152,Ferrotek Corporation
9762,FF
492,Fiat
5059,Fiba Compressed Gas Equipment
8302,"Fiber Pulling Equipment, Inc."
6780,Fiber Trailer
8635,Fiber-Tron Trailer
12560,Fiberglass Bread
7052,FIBERGLASS PROTOTYPES DEVELOPMENT MANUFACTURING COMPANY
7538,Fiberlite Trailers
7493,"Fiberlite Travel Trailers, Inc"
1008,Fibertech Services
9342,"Fibre-Tech, Inc."
8295,Fibro Concept Inc.
4611,Fidelity Manufacturing
1011,Fido Motors
8796,Fields Trailer Sales
4081,Fifties Trailers
1012,FIMCO
11563,Fine Life / Perfect Cottage
10628,"FINELINE "
1025,Fineline Trailers
12663,FINERSON BROTHERS LLC
12098,FINISH STRONG TRAILERS
6464,FINISHLINE CUSTOM TRAILERS
10405,FINISHLINE MOTORSPORTS
10648,Finn
10462,FIRE
4745,Fire Plus
1026,Firebird Custom Choppers
1027,Fireblast 451
13789,Firebolt Equipment
7612,Firedancer Manufacturing Inc
10982,FireFly
11853,"Firefly, LLC"
5563,Firely ESV
6036,Firepower
7298,Fireside Recreational Vehicles
6884,"FIRETAC SYSTEMS, INC."
12699,FireVent
1028,First Call Flagging
6632,FIRST CLASS TRAILERS
1029,First Fueling Systems
8177,First Line Manufacturing
6037,First Products Inc
1030,First United Industrial Foshan
4080,Fischer Tharp
12755,Fish TX
11519,Fisher Tiny Trailer
7103,FISHER WELDING COMPANY
5111,"FISHING HOLDINGS, LLC"
11856,Fisker
9558,Fitzgerald Industries Inc
5182,"Fitzgerald Kit Trucks & Sales, LLC"
11182,FITZGIBBONS
1035,Five Diamond Trailers
12349,FIVE HUNDRED
12344,FIVE STAR
4079,Five Star Custom Trailer
12921,"FIVE STAR FABRICATIONS, INC"
7156,FIVE STAR TRAILER AND EQUIPMENT
1036,Five Star Trailers
13825,FL Custom
6707,FLAC INDUSTRIES INC.
7319,Flame King Inc
8378,"Flame Trailers, Inc"
1040,Flaming Hacksaw Fabrication LLC
9943,Flare Stack
12634,FLASH
8206,Flat Bed
1042,Flat Creek Lodges
1044,Flatt Enterprises
4534,Flaunt Electric Vehicles
6709,"FLEET AIR WORLDWIDE, INC"
1046,Fleet Equine
1047,Fleet Equipment
1049,Fleet Masters
11918,Fleet Tech
5054,"Fleetwing Travelers, Inc."
4564,Fleetwood Enterprises
5642,Fleetwood Enterprises (Avion)
5647,Fleetwood Enterprises (Caribou)
5648,Fleetwood Enterprises (Elkhorn)
5646,Fleetwood Enterprises (Mallard)
5645,Fleetwood Enterprises (Park Models)
5640,Fleetwood Enterprises (Prowler)
5649,Fleetwood Enterprises (Savanna)
5638,Fleetwood Enterprises (Terry)
5641,Fleetwood Enterprises (Wildnerness)
9661,"Fleetwood Enterprises, Inc. (Angler)"
9660,"Fleetwood Enterprises, Inc. (Westport)"
5635,Fleetwood Folding Trailer (Pioneer)
1055,Fleetwood Folding Trailers
1476,"Fleetwood RV, Inc."
6421,FLEMING TRAILERS INCORPORATED
8445,Fletcher's Equipment
12973,FLEX SECURITY LLC.
1058,Flex Temp Systems
5019,Flex Trailers LLC
6190,FLEX-KING
10058,FlexReel Trailers Inc.
9836,Flextech Manufacturing
4885,FlexTop Trailers LLC
1060,Flicker Group
11351,FLINSTONE
6397,FLINT MANUFACTURING
12708,FLISTAR
12602,Flivver
10292,Floatride Trailers
4092,Floe International
11755,Florida Built
8016,Florida Custom Choppers LLC
4093,"Florida Trailers, Inc. dba South Florida Trailers"
7894,Flournoy Trailer Sales
1061,Flow Tech Fabricators
1062,Flow-Boy by Hi-Way
11747,FLOWERS CUSTOM TRAILERS & REPAIR LLC
10232,Flux
10608,"FLUX HORIZON "
5328,FLXIBLE
11167,FLY BY TRAILERS
11697,FLY E-BIKE
11625,FLY WING
6802,FLYER
1063,Flynn's Welding & Machine Shop
1065,Flyrite Choppers
12761,FM
10574,FM Aerovault
1126,"FM Mfg., Inc."
1127,FMB Choppers
4612,FMD Fabrication Services
6835,FNA GROUP INC
9273,Fobes Welding & Iron Works
13278,"Focal Technologies, Inc."
11879,FOFO
6727,"FOGLEMAN MANUFACTLURING, INC."
10118,Foldtrailer Ltd.
7461,Fontaine Specialized Inc
7854,Fontaine Trailer
1128,Fontaine Trailer Co.
5124,Fontaine Truck Equipment Company
10914,Fonzis
4940,Food Buggy
12355,Food Carts Unlimited
12395,FOOD TRAILER PROS
9733,"Food Trailers, Inc."
10719,Food Trucks USA
1135,Food-Trailers
11548,FOODCART USA
12208,FOODIN WHEELS
10073,"Foothills Custom Cabin, LLC"
7325,Foral Company
7048,FORCE MANUFACTURING
460,Ford
5807,Ford Motor Company of New Zealand
4533,Fords Trailer Sales
11646,Forecast
13207,Foreign Export
1137,Foremost Truck & Trailer Specialists
4886,Foreshee Flatbed Ladders and Manufacturing LLC
531,Forest River
11547,Forest Trailers
4881,Foretravel
10092,Forever
4794,Forever Concession Trailers LLC
9454,Forks RV
12880,FORM EV
1140,Formcaster Inc.
1142,Formula 1 Street Com
1148,Formula Trailers
1149,Forrest City Manufacturing
12065,FORST
9584,"Forsythe & Dowis Rides, Inc."
10743,FORT
13172,FORTE
12097,FORTE BIMETAL
1150,Fortitude Manufacturing
1151,FortuneSport VES
11688,FORZA CO
1155,Foshan Fosti Motorcycle Manufacturing Co.
1172,Foshan Nanhai Yiho Hardware Electric Equipment Co
5470,"Foshan Shunde F1 Transport Engineering Co., Ltd"
1173,Foss Developing
4821,Fosti
1175,Foundry Moto
1176,Four - W Trailers
11621,FOUR DEGREE TRAILER COMPANY
5514,Four Horseman Motorcycle Co LLC
9502,Four Mile Fabrication LLC
5636,Four Seasons
6949,Four Winds International Corporation
2954,Four Winns
12075,Fourmen MFG
7331,Fourstar Trailers
7188,"FOWLER TRAILERS, INC"
10270,Fowler Welding and Repair
7024,FOX BETTER BUILT TRAILERS
8447,Fox Fabrication Inc.
1179,Fox Hollow Mfg.
9603,Fox Teardrop
1185,Fox Trailers
11010,"FOX VALLEY "
8182,"Fox Valley Metal Tech, Inc"
4115,Foxworth Enterprises
8676,Fraco Products Ltd
11803,FRACTAL
7984,FRAKER MANUFACTURING CO.
8695,Frala's Trailers
11955,FRAMAR
7116,FRAMTRAC MANUFACTURING CO. LTD
4727,Francis Trailer Manufacturing Inc.
8105,Frank Siviglia & Co. Inc
11043,FRANKLIN ELECTRIC CO INC
4954,Franklin Retreats
1186,Franko's Custom Cycles Inc.
6985,FREDERIKSEN ENTERPRISES INC
6786,FREDY RUIZ MARTINEZ
1193,Free Drive EV
1195,"Freeborn Customs, Inc."
1208,Freeborn's Chop Shop
12002,Freedom Builders
1212,Freedom Fabrication
11156,Freedom Motor Company
1218,Freedom Motorcycle Company
5099,Freedom Outdoor Products
12685,FREEDOM SCOOTERS
4116,Freedom Trailers
10858,Freedom Trailers Inc
1222,Freedom Trailers LLC
1219,"Freedom Trailers, Inc."
1220,"Freedom Trailers, LLC"
1223,"Freeman Choppers, LLC"
7754,Freeman's
1284,FreeMyer Industries
6787,FREEPORT MILLS SIGNWORKS INC
11369,FreeRanger
7217,Freespirit Recreation
450,Freightliner
10105,Friesen Trailers
1225,Friesen Welding
5707,Frisbie Construction Co Inc
10994,FROG
11553,Frolik Cargo Campers
1229,Frontier Cargo
1230,Frontier Equipment Design
970,Frontier Industrial
13138,Frontier Manufacturing Co
1057,Frontier RV
7899,Frontier Trailer Sales
12962,Frontier Unlimited
8144,Frontline
8935,FRP Trailers
12373,FRUEHAUF INC.
4963,Fruehuaf
5749,Fruetel
10797,FRUITLAND PARK TRAILERS
9217,Fry's Welding Inc.
9763,"Fryfogle Manufacturing, Inc."
10787,"FS DESIGNS USA "
11660,FT EL OCHO
13015,FTD
1031,FTEC
4665,FTG Equipment Solutions
12737,FUEL HOG TRAILERS LLC
823,Fuel Horse
13490,FuelCart
11143,FUELTEC
12397,FUERTEC
977,Fujian Changchun (Special Vehicle Mfg)
4617,"Fukushu, Inc."
12417,Full House
4833,Full Throttle Fabrication
8503,Fullmoon Customs
451,Fulmer Fabrications
818,Fulu
13469,Fun Finder
8013,Fun Slides Inc
8024,"FUN TECH INDUSTRIES, INC."
12786,Fun Time
4735,Funbuddy
8408,"FunTec, Inc."
7088,"FUQUA HOMES, INC"
13557,Fusion
9486,Fusion Production System Inc.
12553,FUTURA TRAILERS
5675,Futura Trailers Limited
6712,FUTURE HOME TECHNOLOGY
13479,Fuzion
985,Fuzion Motorcycles
10928,FWD
5561,FWM Inc.
12987,FWMOTO
13291,FX
8482,FX Motorcycle Design & Performance
10801,FYNN
6715,FYRBERG WELDING
7689,G & B Manufacturing
4117,G & C Inc.
6026,G & D Enterprises
999,G & G Fab
1004,G & G METAL FABRICATION
10681,"G & G UTILITY TRAILERS, LLC"
1016,G & K Steelworks
6029,G & R Enterprises
10672,G and G
10203,G R
9205,G&S Enterprise
1019,G-2 Motorcycles
11195,G-CUSTOMS
8442,"G-Fab, Inc."
9499,G-Force Trailers LLC
7271,"G. C, MANUFACTURING, INC"
8967,G.P.T.
8648,G.W. Fabrication L.L.C.
13552,G2 Trailers
10582,G3 Fabrication
1023,Gabilan Welding
9866,Gabriel Logan LLC
4118,Gabriel Villescas West Mesa Choppers
11878,GABRIEL'S
11820,GAEA
12851,GAF
11252,GAIA
5708,Gaitway Trailer Co
5569,Galaxy
7641,Galaxy Trailer Mfg.
8963,Galbreath
11880,GALE MARINE LLC
4888,Galfab
4119,Galion Manufacturing
6885,"GALPIN MANUFACTURING, INC"
7304,Galvanized International
4726,Galyean Equipment Co.
7565,GAM
7994,GAMBLE TRAILERS INC
7825,Gamble's Welding & Fabrication
1618,Gambler
4953,Game Day Traditions
1059,Gangster Choppers Inc
7206,GANGTIEXIA
3865,"Ganzcorp Investments, Inc."
1421,Gap Hill Aluminum Shop
10062,GapVax
2467,Garcia Industries; L.L.P
10868,Garcia's Trailers
6791,GARDEN STATE CHASSIS REMANUFACTURING INC
4094,"Gardner Denver, Water Jetting Systems"
9424,Gardner-Pacific Corporation
1469,Garia
1337,Garland Trailer Designs
5422,GARLOCK TRAILERS
5709,"Garneau's Garage, Inc"
8799,"Garrett Container Systems, Inc."
9646,GASBOX
11307,GasGas
11560,Gateway & Milestone
4040,Gateway Materials
4850,Gateway Teardrops
12037,GATOR
4039,Gator Made
13131,Gator Pit
10670,Gatorback Trailer
12148,GAUTIER
4650,GBA Sales Consignment & Rental
11074,GC Trailers
5943,GC-1
8233,GCA - Largo Industries Inc
12225,GCGC
8237,GCJ
1164,GCK Industrial
9513,"GCL, Inc."
12683,GCP
4095,GDM Incorporated
1226,GE Packaged Power
1234,GE Trailers
9869,GEA Farm Technologies
1392,Gear Gasm
13502,Gear Hub Trailers
1601,Gear Jammer
1614,Gearheads Inc.
13305,Geaux Pull
527,Geely
12195,Geely Group Zhejiang Motorcycle Co Ltd
12200,"GEELY GROUP ZHEJIANG MOTORCYCLE CO., LTD / COLEMAN"
10024,"GEFCO, Inc."
9149,Geisert Enterprises Ltd
1617,Geistwerks
1624,Gelimex JSC
13359,Gelsa Group
595,GEM
11422,GEM WAEV
8612,GEM-L INC
1816,Gemco Park Homes
13649,GEMILANG
7588,GEMINI AUTO & TRAILER INC
1817,Gemini Auto Lifts
5004,Genave/NRC
10469,Genco Mine Service
10107,Gencor
1953,Gene's Golf Carts
5486,"GENERAC MOBILE PRODUCTS, LLC"
7539,Generac Power Systems Inc
5183,General Automotive Corporation
4096,General Coach
1851,General Crane Service
1922,General Duty Trailers
1934,General Fertilizer Equipment
1940,General Machine Products
11620,General Machining &Welding
7525,General Purpose Vehicles
1945,General Rich Enterprises
1949,"General Services, Inc (GSI)"
6120,General Shelters
8184,"General Shelters of Kenedy, TX Ltd"
8978,General Trailer
9406,"General Trailer Mfg, Inc."
1848,GENERAL TRUCK BODY
5398,General Welding and Fabricating Inc
5083,Genesis
6840,"GENESIS SUPREME RV, INC"
11778,GENESIS TRAILER
8556,Genesis Trailers Inc.
6777,"GENIE MANUFACTURING, INC."
9775,Genuine
571,Genuine Jacks
570,Genuine Scooters
4669,GenZe
1146,Geo
11619,George P. Johnson Travel Trailer
6778,GEORGE R. LAWSON
13478,Georgia LSV
7614,Georgia Wholesale Trailers
6123,Gerald L. McCoy
3162,Gerdes Fabricating
5527,Gerling and Associates
5710,GETTIG TECHNOLOGIES LTD
11909,GEVC
6544,GFA
2984,GForce Fabrication
11347,GG TRAILERS
11802,GHEER BUILT
8843,Ghormley Mechanical Industries Inc.
12889,GHOSTEV
11261,GIBRALTAR
3163,Gibson Brothers Welding
8050,Gichner Refrigerated Systems
2872,Gichner Truck Bodies
4532,Gicon Pumps and Equipment
6705,"GIDDINGS MACHINE COMPANY, INC."
11532,GIDDY UP
5384,Gidget
9310,Gilcrest Equipment Co.
4097,Giles RV
9150,Gillespie Welding and Fabrication
554,Gillig
9566,"Gilpin's Welding & Machine Works, Inc."
13311,Gincor Trailer Werx
12596,gio
2880,Girtz Industries
8646,GIVCO CUSTOM TRAILERS
2875,GK Machine
4910,Glacier
11937,GLADE TOP ADVENTURES
10246,GLADIATOR
5184,"Gladiator Custom Trailers, Inc."
8864,"Glas Fab, Inc."
9577,"Glassstream Trailers, Inc."
2955,Glastron
2886,Glendale RV
7100,Glenn
10393,Glickenhaus
6706,GLIDEWELL TRAILER SALES
10425,Global
10331,GLOBAL ENVIRONMENTAL PRODUCTS INC
9786,"Global Equipment Company, Inc."
5349,Global Fabricators
6636,"GLOBAL FACTORY PRODUCTS, INC"
2883,Global Generation Cult
3160,Global Inventive Industries
2906,Global Motorsport Group
5450,Global Power Components
2902,Global Pump Company
2986,Global Steel
2980,Global Truck & Trailer Sales
2988,Global Vaccum Systems
10911,"GLOBALECO "
3164,Globe Trailer Manufacturing
13100,"GLV, LLC"
13281,GM
13246,GM Trailers
472,GMC
8451,GME
7950,"GMR Trailers, Inc"
13088,GMS Powersports
13454,Go Daddy Trailers
13282,Go Easy Carts
13158,Go Explore
13606,Go Lite
12327,GO PLAY
6563,"Go Rite Trailers, Inc."
5309,Go RV
3546,GO-ZAN
13304,Goat Trailers
11458,Goathead
10476,GoBE
10355,GoCar
13405,Goeasy
13137,GOFLY
7290,Gold Star
2898,Gold Star Communications
2871,Gold Star Custom Trailers
7343,Gold Star Trailer
10529,Golden
11251,"GOLDEN ARM TRAILERS, LLC"
7648,Golden Building Corporation
9268,Golden Eagle Trailer Manufacturing & Welding Works
4592,Golden Gait Trailers
13318,Golden Road Trailers
12963,Golden Trailers
7160,GOLDEN WEST HOMES
7127,Golf Car Center
486,Golf Cars of Arizona
10324,Golf Cart Connection LLC
9799,Golf Cart Outlet of Mount Airy
13677,Gone Coastal
12206,"GONTIS WELDING AND FABRICATION, LLC"
7227,GOOD PACE INC
12289,GOOD RV EQUIPMENT INC.
2870,Good Thunder Motorcycles
6742,GOOD TIME
6450,"GOOD TIME OUTDOORS, INC."
8444,GoodBrand Enterprises LLC
11656,GoodGuys Trailers LLC
9450,"Goodman Motorcycles, Ltd."
7265,"GOODSON BUILDING SYSTEMS, INC"
11969,GOODWATER TINY HOMES
1923,Google
2868,Goose Creek Enterprises
7415,"Gooseneck Trailer Mfg.,Co, Inc"
13528,Gordis
5571,Gore
9984,Gorham Fabrication Inc.
11493,GORILLA
2217,Gorilla Built Enterprises
11199,GORILLA TRAILERS LLC
7555,Gorilla Vehicles
9496,Gorman
12768,GOTRAX
2864,Gotwals Brothers
5655,GOVECS
12309,GOVIEW LLC
9980,GP Trailers Inc
9913,GPS Trailers
10320,GR
2863,GR Trailers
7746,GRA-TER INDUSTRIES INC
2860,Grabill RV Manufacturing
2858,Grace Industries
2856,Graetz Manufacturing
9548,Graham Company
8636,Graham LSV
10609,Grain hopper
9791,Grainger Enterprises Inc. dba Cargo Deck LLC
12802,Grand Canyon
8289,Grand Canyon Golf Cars Inc
1336,GRAND DESIGN RECREATIONAL
1347,GRAND ISLAND
1353,GRAND LAKE FABRICATION
10345,Grand Teton
2077,Grande
5317,Grande West
7987,Grandeur Cycles Inc
11920,Grandview
1354,GRANDWATT ELECTRIC
11910,GRANITE INDUSTRIES
4099,Grasshopper Enterprises
6492,"GRAVES CUSTOM CYCLES, LLC"
1357,GRAVITY CONCEPTS
10475,Gray's
1360,GREASYHILL
1367,GREAT AMERICAN CHOPPER
6108,Great Basin Industries Inc
520,Great Dane Trailers
13801,Great Day Golf Carts of OIB
4121,Great Lakes Cargo
8741,Great Lakes Choppers
11221,GREAT LAKES STAGE
1408,GREAT LAKES TRAILER
9423,Great Lakes Trailers
1410,GREAT NORTHERN TRAILER WORKS
11413,GREAT OUTDOOR COTTAGES
1412,GREAT PLAINS FABRICATION
1414,GREAT WHITE TRAILERS
1416,GREAT WOLF TRAILERS
1417,"GRECER, SA DE CV"
8419,Green 4 U Inc.
9199,Green Bros. Manufacturing
1444,GREEN DISTRICT
1448,GREEN ELEC-MOTOR
4789,Green Hop'r
1472,GREEN INTERNATIONAL SOLUTIONS
10757,Green Mountain
1481,GREEN POWER TECHNOLOGY
13366,Green River Cabins
1482,GREEN VALLEY MANUFACTURING
7267,GREEN'S WELDING AND TRAILER SALES
13808,Greenfield
12852,GREENFIELD PRODUCTS LLC
1486,GREENFIELD TRAILERS
12254,GREENFIST
5277,GreenGo Buggies
1499,GREENGO TEK
8074,Greenhead Trailers MFG
1513,GREENKRAFT
10455,"GREENLINE EQUIPMENT, LLC"
1525,GREENLITE TRAILERS
4970,Greenman Machinery Group(HK)Limited
4948,GreenPower
1532,GREENTECH AUTOMOTIVE
5326,Greenwater Trailers
11312,GREG'S TRAILERS
5023,Gregory Industries Inc.
9524,Gregory Racing Fabrications
12913,GREYSON
5711,GRIFFIN TRAILER
1535,Griffin Trailer (Chubbs)
1534,GRIFFITH CHOPPERS
5712,Grigsby
5185,"Grimaldi's Heating & Sheet Metal, Inc."
8093,Grimes-Parker IND Inc.
12626,Gripin
13640,Grizzly
8085,Grizzly Cycle Works
8173,Grizzly Mountain Manufacturing Inc
6126,Grooms Welding & Machine Inc
6501,GROUND FORCE MANUFACTURING LLC
6127,Ground Heaters
12003,Group Los Andes
10177,Grove Creek Fabrication LLC
6944,GRP Fiberglass Limited
6945,"Grubb Trailers, Inc."
5801,Grumman
5069,Grumman Olson
4122,Grumpys Custom Motorcycles
11208,GRUPO AGUIRRE LUNA Y ASOCIADOS SA DE CV
11033,GRUPO INDOLSA S. DE R.L. M.I.
9952,Grupo Industrial Tres Estrellas
1539,GRUPO REMOLQUES del NORTE
6264,Gruppe B
6398,GRYPHON BIKES & CHOPPERS
1545,GS MANUFACTURING
4123,GS Motor Company
9737,GS Trailers
1546,GSE CUSTOM CARS AND CYCLES
9978,GSK
11971,GSL
1409,GSN CUSTOMS
10856,GT
8217,GT Mfg
6937,GT'S BOAT WORKS
9652,GTC
10847,"GTI "
11159,GTO TRAILER
1418,"GUAM STEEL SERVICES, LLC dba TSUNAMI MOTORSPORTS"
13261,Guang Chuan
1426,GUANGDONG QINGXIN LIANTONG INDUSTRY CO. LTD.
8431,Guangzhou Dayang Motorcycle Co Ltd
1430,"GUANGZHOU PANYU HAOJIAN MOTORCYCLE INDUSTRY CO., LTD"
1450,"GUANGZHOU PANYU HUANAN MOTORS GROUP CO., LTD."
1484,GUARDAIN TRAILERS INC.
6974,Guardian
11914,GUD MOTORSPORTS LLC
1489,GUERDON ENTERPRISES LLC
1493,GUERILLA CUSTOMS
12318,Gulf Atlantic Cottages
5603,Gulf Coast Trailer Mfg.
12362,GULF COAST TRAILERS
13615,Gulf of America Manufacturing LLC
4573,Gulf South Trailer Works
7634,"Gulf Stream Coach, Inc."
12159,Gulfside Fabricators
1526,"GULL WING INDUSTRIES, INC."
6663,"GULLWING INTERNATIONAL MOTORS, LTD."
4950,Gun Fighter Customs
10385,GURP
9394,"Guzzler Manufacturing, Inc."
12599,GY DEVICE
11189,GYPSI MAE TRAILERS
8381,"H & G Marine Service, Inc."
1758,H & H Motor Cycles
2157,H & H Supply
1536,H & H TRAILER SW
2158,H & H Trailers
7604,H & H Welding & Repair LLC
1541,"H & H WELDING, LLC"
1567,H & M GOPHER CONTROL
5067,"H & M Manufacturing, Inc."
1564,H & M TRAILERS LLC
8418,H & S Manufacturing Co Inc
5715,H & W Trailer Works Inc
10383,"H BULL SMART TRAILERS, LLC"
8272,H E M Enterprises Inc
13453,H FAB Trailers
13567,H L ENTERPRISE INC.
10950,H&A WELDING LLC
6491,H&H
5533,H&H Custom Solutlons
9628,"H&H Farm Machine Co., Inc."
9314,H&H Manufacturing
6221,H&H Trailer Co
4140,H. Barber & Sons
2160,"H.D. Industries, Inc."
6794,H.J. SMITH WELDING INC.
5125,"Hackney and Sons, Inc."
5117,Hackney Bros. Body Company
5453,Hackney Welding
2161,Hackstetter Motor Holdings LLC
4141,Hageman's Custom Welding
10329,HAGOTH INDUSTRIES LLC
2163,Hahm EV
12516,HAHNZ MFG LLC
2167,Halbert Trailer Service and Repair
8207,Half Moon
5716,HallBuilt Trailers
13777,Haller
2168,Halljack Industries LLC
2169,"Hallstar Trailers, LLC"
2171,Halo Cycles LLC
2172,Halsey Z Trailers
4388,Hamby
11704,Hamfg
7568,Hamilton Trailers
7552,Hamlet Custom Haulers LLC
2173,Hamlin Trailer Manufacturer
2175,"Hamm & Phillips Service Company, Inc."
8988,Hamm Motor Sports & Custom Trailers
9328,Hamman Enterprises
4142,Hammar Lift
2176,Hammelmann Corporation
2177,Hammer Down Choppers LLC
2178,Hammerhead Trailers
5718,Hamner
11096,Hampton
7732,Hampton Amusement Rides LLC
8767,"Han-Made Mfg., LLC"
10966,HANBIRD
4143,Hancock Industries
11021,HANDS ON WORK TRAILERS
6046,Hang Time Inc
13430,Hanhu
2180,Hank Williams Trailer Manufacturing
8964,Hankins Triple-H Trailers & Ag. Products Corp.
9180,Hannigan Fairing Co. Ltd.
9554,"Hanquip, Inc."
5727,Hansen Hydralift
7363,Hansen Mfg. Company
12183,HANSEN TRAILERS
12548,HANSHENG
12564,HANSHENG / Airstream
12566,HANSHENG / Retro
4144,Hanson
12546,HANYI
5834,Haonuo
5835,Haoying
9710,Happier Camper
2181,HappiTrails
8501,Happy Trailers
2182,Happy Trails Trailers LLC
4815,Happy Valley Campers
9702,"Harbeck "
12722,HARBINGER
13087,Harbinger(HARBINGER EQUIPMENT LLC)
10167,Harbor Master Ltd.
2187,Harborview Choppers
7029,HARCO TRAILERS
2190,Hard Bikes
2192,Hard Hat Trailers
12462,HARD SIDE
6638,HARDCORE CHOPPERS
5100,Hardee Manufacturing Company Inc.
4840,Hardknock
4837,Hardkore Karts
8001,Hargrove Brand
10774,Harley
5029,Harley Corp.
3888,Harley-Davidson
5109,"HARMAR , INC."
2196,Harmon
12080,HARMONY
5720,Harnischfeger
6366,Harper
10290,Harper Pitworks
9404,"Harrell Enterprises, Inc."
4145,Harrell Performance Engineering
2198,Harris Custom Cycles
2201,Harris Fabrication LLC
2203,"Harris Waste Management Group, Inc."
9501,Harrison
2204,Harrod Equipment LLC dba Bluegrass Trailer Mfg
5596,Hart
4146,Hart Designs
5330,Hart Manufacturing
6367,Hart Steel Company
7563,Hartstra Manufacturing
11382,Harvest
2205,Harvest AG
2206,Harvest International
13085,HARVEST MOBILE BOTTLING
4227,Harvest Services
5186,"Hatton Fabrication, Inc."
13152,HattyCo
11001,"HAUL KINGS "
12660,HAUL MASTER
2214,"Haul'n Ass Customs, LLC"
10277,Haul-About
2209,"Haul-All, Inc."
11663,Haul-It
5721,Haul-Rite
13752,Hauler Trailers
13735,Haulin Steel Customs
5420,Haulinit
6061,Haulmark
2212,Haulmax Trailer Company
8752,Haulmor
2215,"HaulRite of Four Corners, Inc."
2216,"Haulstar, Inc."
11155,"HAWAII SPRING SUPPLY, INC."
2241,"Hawaiian Chariot Wheelchair Motorbikes, LLC"
10693,HAWAIIAN SCOOTERS
4147,Hawes Manufacturing
2250,"Hawk FRP, LLC"
4149,Hawk Motors
5415,HAWK TRAILERS
12466,"HAWKE TRAILERS SC, INC"
2253,"Hawker Well Works, Inc."
5722,Hawkeye Eagle
7020,HAWKINS WESTERN WORLD
5188,Hawkline LLC
8080,Hay Competitor
2259,Hay Seed Farms LLC
9942,Hay Toter
7165,HAYES TRUCK & TRAILERS
13000,HAYS
2260,Hayvan Manufacturing
2263,"HB Custom Components, Inc."
6843,HBC GROUP LLC
2265,"HBP-Jaybrake, LLC"
9290,HBT Smokers
2267,HCL Truck Equipment Inc.
11501,HD Customs
10144,HD Trailer
11871,"HD TRAILER MANUFACTURING, LLC"
10391,HD TRAILER SOLUTIONS LLC
4829,HDE
10669,HDK Electric Vehicles
2268,HDK Plastic LTD USA
6129,HEARTLAND
6128,Heartland Homes
2270,Heartland RV
2281,Heartland Trailers
6524,Heartland Trailers of BC
4198,Heat Innovation
2333,Heat's on Welding & Fabrication
2282,Heatec
2335,Heavy Duty Cycles
9872,Heavy Equipment & Attachment
13710,"HEAVY EQUIPMENT SOLUTIONS, LLC."
8705,Heavy Hauler Trucks & Equipment
5287,HEAVY HITTER
2337,"Heavybilt Manufacturing, Inc."
11161,HEAVYLITE TRAILERS LLC
2362,"Hebei Changhua Special Vehicle Co., Ltd."
9101,Hecla Mfg. Co.
8871,Heco Mfg.
2363,"Hedererbuilt Manufacturing, Inc."
12976,Hedger
9316,Heico Inc.
7348,"HEIL ENVIRONMENTAL INDUSTRIES, LTD"
2364,Heil Trailer Internacional S.A.
2365,Heil Trailer International
4150,Heisler Boats
12495,Hekipia America Inc.
2375,Helfin Sheet Metal Inc.
12192,HELI
10116,HELIO
2382,Hell-Bent Custom Cycles
2386,HellBilly Motorcycles
2393,Hellbound Steel Motorcycles
13187,Hells Canyon
12834,HELMS
2397,Helmuth Quality Power Systems
12941,HEM
7919,HEMCO
4791,Hemisfear Cycles
2399,"Hemphill, LLC"
11931,"Henan MOBO Electric Technology Co., Ltd"
2407,Henderson Truck Equipment
5123,Hendrickson
13687,Henghe
13387,Henko
9243,"Henley's Trailers, Inc."
12812,HENRED FRUEHAUF
10859,Henry
2411,Hensim
13682,HEO
9633,Her Chee
4151,Herbs
7005,HERCULES
6800,HERCULES AJAX
10784,HERCULES ENTERPRISES LLC.
6986,Heritage
1874,Heritage Custom Trailers
4154,Heritage Manufacturing
2466,"Heritage Manufacturing, Inc."
2468,"Heritage One RV, Inc."
10360,Heritage Park Models
4156,Herman Leasing
5138,HERNCO FABRICATION & SERVICES
13016,Hero Trailers
13400,HERO TRAILERS LLC
13045,HEROWAY
5723,Hesco
9409,Hesperia's Shell City
2625,Hess Services
9514,Hess-Sexton Corporation
11126,HESSE
7210,HESSE CORPORATION
2477,Hester and Walton Tailgating Trailers
5724,Hewitt
11827,HF Trailers
2478,Hi Line Bodies Inc.
7997,Hi-Lite RV Manufacturing
2117,HI-Ride Manufacturing LLC
7178,Hi-Standard Mfg.
2733,Hi-Tech E.V.S. Company
7123,HI-TECH FABRICATORS INC
13681,Hi-Tech Marine
2737,Hi-Vac Corporation
8250,"HI-WAY STAR, INC."
9081,Hicklin Engineering
4733,Hicks Manufacturing
8604,Hidden Hollow Trailer Mfg LLC
12893,Hidden Valley
2479,"HIDDEN VALLEY MFG, LLC"
6677,HIDDENITE METAL PRODUCTS INC
8439,Hide-A-Way RV's
11097,Hideout
11123,HIG - CO
2481,"High Altitude Aviation, Inc."
9990,High Altitude Trailers
6639,"HIGH COUNTRY ALUMINUM PRODUCTS, LLC."
13076,HIGH COUNTRY BOATS & OUTFITTERS
9214,High Country Camps LLC
11300,"HIGH COUNTRY CARGO, LLC"
6679,"HIGH COUNTRY DEVELOPERS, INC."
10781,"HIGH COUNTRY TRAILER MANUFACTURING, LLC"
2499,High Desert Golf Cars
4157,High Gear Repair
11573,HIGH LEVEL ENTERPRISES
2496,High Plains Custom Cycles LLC
13407,High Quality
4536,High Roller Custon Motorcycle
6403,High Speed Welding
4661,High Tide Boat Trailers
13141,High Tide Trailers
4158,High Torque Marine
9602,High View Manufacturing
12539,High-tech
12198,HighCountry
5791,Highland
2495,"Highland Manufacturing, LLC."
2488,HIGHLAND RIDGE
8388,Highlander Park Homes
2487,HighLine Trailers
11537,Highliner Trailer
13762,Hightop Group
2490,"Highway Products, Inc."
4616,"Highwood Global, LP"
11507,Highwood Machine Tool LLC
10803,"HIKER INDUSTRIES, LLC"
9930,"Hill and Smith, Inc."
4159,Hill Equipment
2686,Hillbilly Choppers
2687,Hillbilly Trailors
2689,Hillcrest Manufacturing LLC
12791,HILLCREST TRAILERS
5808,Hillsboro Industries
2690,Hilltop Custom Cycle
10753,"HILLTOP STRUCTURES "
2715,Hiniker
514,Hino
2716,Hinterland
5523,HiPoint
11962,HIPOWER SYSTEMS
2721,Hirons Memorial Works
12572,HISUN
9921,"HISUN MOTORS CORP.,USA"
13047,HISUNYES
11804,Hit
13467,Hitch
7299,HITCH -N-GO- TRAILERS
6507,Hitch and Trailers of Fort Myers
7575,HITCH BUDDY
11249,HITCH HOTELS
11852,Hitch King
7637,Hitch-Hiker Mfg
13233,Hitch-Point Trailers
9304,"Hitchco, Inc."
6719,"HITCHCOCK, INC."
7226,Hitches 'N' Welding
2735,Hitman Choppers
4160,Hitong Motors
7857,HiVAC
7838,Hive Trailers LLC
2741,HJ Customs
2755,HJV Trailers LLC
12267,HK ULEAD / UD
5298,HLT TRAILERS
11599,HM Trailas y Remolques
5714,HMC
13753,HMDE
7852,HME
5592,"HME, Inc."
2758,"HMF Engineering, Inc."
12597,hmp
2760,Hobbs Manufacturing LLC
5394,HOBO
4163,Hobson & Son
2768,Hobson Trailers
12247,"HOCKLEY OILFIELD SUPPLY, LLC"
7230,Hodges Custom Haulers
7395,Hodges Manufacturing Inc
5725,Hoedebeck
2821,Hog Belt Bikes Inc
6697,HOG HAULER INC
2775,Hog Haulin Inc.
5586,Hog Heaven Chopper
7807,Hog Motorcycle Trailers
4164,Hog Shop
2822,Hog Wild Customs
9442,Hog Wild Trailer Company
6763,HOGENTOGLER & CO INC
5189,Hogfather Trailers
9605,"Hogg & Davis, Inc."
10124,HOIRO
470,Holden
7447,"Holden Industries, Inc"
4165,Hole Shot Cycles
9931,"Holiday House RV, LLC"
2453,Holiday Rambler
6555,Holland Choppers
2827,Holland Dollie
2826,Holland Equipment Company
5558,Holland Industries
11729,HOLLIFIELD
10422,HOLLIN HAULERS LLC
13518,Hollis Bay
7462,Hollis Trailer Sales Inc
2829,Holmes Enterprises
5347,Holsclaw Bros. Inc
12109,HOLSTON CREEK WELDING
4525,Holt Brothers Customs
11632,Holt Manufacturing
8153,Holt Sales and Service
1640,HOLT TRAILER MFG. & SALES
455,Hombilt Trailers
11370,"Home Grown Choppers DBA Framed Up, LLC"
8169,Home Manufacturing
6694,HOMECO MANUFACTURED HOUSING
5127,Homegrown Trailers
13188,Homemade
12598,Homestead
12511,Homestead Structures
1570,Homesteader
13620,Hometown MFG
10288,Hometown Trailers
1641,Hometown Welding
6952,Homier Distributing Inc
10795,Hon-Tech
474,Honda
8840,Hongdou Group Chituma Motorcycle Company
8728,Hongdu
11781,Honlu
8277,Honnor Marine Ltd
12240,HONOR LSV
7673,Hoock Custom Trailers
8826,"Hood Fabrication, Inc."
13142,HOOK & LINE CARGO LLC
12873,HOOK-N-HAUL TRAILERS LLC
11566,Hook-Ups
11686,Hooker Boatworks LLC
1654,Hoopes Manufacturing
7686,"Hoosier Trailer & Truck Equipment, Inc."
5428,Hoosier Trailers
8387,Hoover Trailers
7327,Hop Trailers
1571,Hoppel Fabrication Specialties
12978,Horizon
8771,Horizon Animal Health
1656,Horizon Manufacturing
1662,Horizon Products
11128,Horizon Trailers
9600,"Hornet Industries, Inc."
1664,Horse Creek Manufacturing
7651,Horseshoe Trailers
8247,Horst Road Repair LLC
8955,Horstmann Industries
10560,HORTON CARGO
6947,"Horton Homes, Inc."
1667,Horton Iron Works
4166,Horton Vans
11345,HORWIN
8096,Hosking Trailers Ltd
9535,Hoss Custom Trailers
1668,Hoss Fabricators
5190,"Host Industries, Inc."
8687,Hot Carts Inc.
1572,Hot Head Customs
4548,Hot Rod Factory
8764,Hot Springs Performance Trailer
1672,Hot Summer Industries
1675,Hot Tub Hauler
13244,HOTSHOTS
8816,House Of Chopperz
5726,Houston Marine
4167,Howe Brothers
1688,Howell Precision Machine & Engineering
1681,HP Piping Solutions
13562,HP Trailer
13396,HP Trailers
11320,HST
11757,"HSU DRAGON TECHNOLOGY CO., LTD."
10884,HT
12872,HT TRAILERS
10070,HTC
12444,HTC GROUP LIMITED
13775,HTC Trailers
1685,HTMI
10468,HTrailers
10998,HTS Equipment
11581,HUANGHE
3816,HUAWIN
13428,Huazai
13723,"HUBEI JINGHENG SPECIAL PURPOSE VEHICLE CO.,LTD"
9374,Hubler Bros.
10619,HUCK CYCLES
10125,Huckwagon
11127,HUDSON
11054,HUDSON BROTHERS
13515,Hudson Hayes Fuel & Lube
10618,HUDSON TRAILER COMPANY
10481,Hudson Trailers
8719,"Huesman Enterprises, Inc."
5604,Hughes Springs Custom Trailers
8355,Hughes Trailers
5601,Hughes Trailers Works
10283,Hughy Inc.
5575,Hulk
10255,"Hull Porter Trailers, INC."
1759,Hull Trailers
7418,Humble Houses
1760,HumDinger Trailers
951,Hummer
13197,Hummingbird
13065,HummingbirdEV
8783,Humphrey Trailer
9760,Humvee
6626,HUNG DAO CONTAINER CO
5485,Hunna Mei
1779,HUNS Motorcycles
12943,HUNT FAB (HF)
5011,Hunter
8380,"Hunter Automotive Group, Inc"
9781,Hunter Bowen Trailer Sales
6408,"HUNTER DESIGN GROUP, LLC"
7126,HUNTER MARINE CORP.
7500,Hunter Outdoor Products
8178,Hunter Technology Inc
11882,HUNTER TRAILERS
1781,Hurco Trailers
5629,Hurd's Custom Machinery Inc
8837,Hurst Trailers
598,Husaberg
9335,Husky Trailer Manufacturing Co
597,Husqvarna
9396,Husted Bike Trailers
7004,Hustler
5732,Hutchins
13529,Hutchins Fabrication
1807,Huzhou Daixi Scooters
12055,HWAF
1566,Hy-Lift Hunting Blinds Inc
1689,Hy-Line Enterprises
8944,"Hy-Tec, Inc."
1690,Hy-Tech Truck & Trailer
7238,Hy-way Products
7646,"Hybrid Light Solutions, LLC"
1548,Hyde Drift Boats
1550,Hyde Equipment Co
7089,HYDRA PLATFORMS MFG. INC
7180,HYDRA RIG INCORPORATED
4723,Hydra Service
7303,Hydra-Lift Trailers
9580,"Hydra-Sports, Inc."
7865,Hydra-Tension Inc
1555,Hydratrek LLC
1556,Hydro Engineering
1565,"HydroCal, LLC"
5935,Hydroglide
5730,Hydrolift
10655,HYK OUTDOORS LLC
8547,Hymer
6074,Hymer Manufacturing Inc
4226,HYOSUNG
4269,Hyosung Motors & Machinery
1701,Hyper Lite Trailers
1702,Hyper Products
11691,HYTEC EQUIPMENT COMPANY
498,Hyundai
5048,"Hyundai Steel Industries, Inc."
4876,Hyundai Translead Trailers
5731,I Haul
10867,I-35 Trailers LLC
6730,I-85 TRAILER MANUFACTURERS
12220,i-Load
5736,I.P.P
12363,i4 E-Carts
7108,IAP
9889,IAS
13699,IBARRAS
9389,"IBEX Industries, Inc."
1703,IBI
8683,IBS Systems
524,IC Bus
10257,ICART EV LLC
8208,Ice Cave
1704,Ice Houses
10237,Icon
13498,Icon (Xiyao)
7577,ICON EV
1705,Icon Manufacturing
10832,iCon Trailers
8952,Idaho Stove and Fabricating
4169,Idaho Tote Dolly
6731,Idaho Truck Specialties
5290,IDEAL
12141,IDEAL CARGO INC.
6764,Ideal Customs
6732,"IDEAL QUALITY TRAILERS, LLC"
7466,Ideal Trailers
12946,IDEAL WELDING SOLUTIONS
1706,Identity Motors Manufacturing & Assembly
11786,IDLE-TIME
11299,"IES, LLC"
11512,iEV
12068,IEV CORPORATION / iEV
12402,IFA REMOLQUES
9688,IKA TRAILERS
8927,Ikarus USA
11489,IKLCO
13381,Ikon
11434,IKONIQ
5735,ILAUG
13574,Illini Trailers
8804,Illinois Trailer Sales
1707,Illusion Cycles Inc.
1708,Image Custom Cycles Inc.
6932,IMAGE CYCLES INC
1709,Imaginative Manufacturing
13486,IMCO
4199,Immer Enterprises
4901,"Impac Manufacturing, Inc"
11098,Impact
1710,Impact Hydraulic
11612,Impact Trailers
5798,Imperial
1762,Imperial Industries
8703,Imperial Structures LLC
5276,Imperial Trailer Manufacturing
11322,Imperial Trailer Systems
4200,Imperial Trailers
1737,Imperialite
1740,Impressive Motorsports
11201,IN PLACE TECHNOLOGY INC.
6724,In2Go
8691,IndCom Services
7593,Independence Motorcycle Company
8372,Independent Cycle East
8406,Independent Cycle Works Inc
9544,"Independent Dispatch, Inc."
10525,Independent Motorcycles
7110,"INDEPENDENT TRAILER & REPAIR, INC"
6775,INDEPENDENT TRAILER MANUFACTURING
1924,Inder Tool Industries
10554,Indestructible
1763,Indian Larry Legacy
1768,Indian Motorcycle
5352,Indian Motorcycle Binghamton
8227,Indian River Trailers Inc
7640,"Indiana Custom Cargo, Inc"
8219,Indiana Phoenix Inc
4202,Indianhead Truck & Body
4997,Indigan
10649,Indigo Galvanized Trailers
9656,Indigo River Tiny Homes
10041,Industria Real
1764,Industrial Engineering
6776,INDUSTRIAL FABRICATION & TESTING
9027,Industrial Innovations Inc.
4803,Industrial Machine and Kitting SVCS
1765,Industrial Maintenance and Fabricating
5191,Industrial Manufacturing Solutions Inc
8174,Industrial Process Services Inc
7788,Industrial Services Center Inc
1766,Industrial Structures
9175,Industrial Studs Inc.
4975,"Industrial Systems, Inc"
12525,"INDUSTRIAL TOOLZ, INC."
4203,industrial Trailer
2003,Industrial Truck Bodies
6369,Industrial Wheel Exchange
11437,Industrias America
7556,Industrias Met Gri
1700,Industrias Met GRI SA de CV
10721,INDUSTRIAS METALICAS PENNER'S
12360,INEOS
7768,Infamous Motorcycle
1698,Infern-O-Therm
480,Infiniti
10843,INFINITTI TRAILERS
12764,Infinity
6640,INFINITY TRAILER SALES
13697,Infinity Trailers
11265,INFINITY TRAILERS LLC
9756,Infinity Trailers of Florida
8671,"Ingenieria en Transformaciones Metalicas, S.A. De C.V."
1697,Ingenieria y Maquinaria de Guadalupe
9837,Inglewood Custom and Service
4725,Inka Outdoor
10027,INLAND
5463,Inland Empire
6444,INLAND EMPIRE CHOPPERS
12175,INLAND TRAILER
1696,Inland Venture
1694,Innovative
1695,Innovative Biker
9561,"Innovative Control dba Criminalistics, Inc."
7309,Innovative Enterprises
11125,INNOVATIVE SPECIALTIES LLC
1693,Innovative Structure & Design
4204,Innovative Trailer
1692,Innovative Trailer Design Industries
8437,Innovative Trailer Mfg.
6789,INNOVATOR MOTORCYCLES
7560,Innovator Trailers Inc
13171,INOX INDIA LIMITED
8361,Insane Custom Cycle
1796,Insane Cycle Designs
12138,Inspire
8632,"Insta-Gator Choppers, LLC"
8211,inTech Trailers
7985,INTEGRA MANUFACTURING INC
1801,"Integradora Maquirent, S.A DE C.V. dba Wink Equipment"
1802,Integrity Manufacturing
1803,Integrity Metal Fab LLC
5192,Integrity Trailers
1812,Integrity Trailers Inc.
5288,INTELLI-CORE LLC
1813,Intense Creations
5529,Intercontinental Truck Body
7739,Intermodal Container Systems
5737,INTERMOUNTAIN
9722,Intermountain Drilling Supply
1814,"Intermountain Truck Rebuilders, Inc."
526,International
6951,International Equipment Mfg Co.
6300,International Lift Corp
4205,International Structures
6943,INTERNATIONAL SUPPLY CO. INC.
5738,International Tank & Trailer Inc
5739,International Trailer
5035,International Transit System
5742,INTERSTATE
5060,Interstate Manufacturing
7833,"Interstate Manufacturing, Inc."
9370,Interstate Products Inc.
1815,Interstate Trailers
8149,"Interstate Trailers, Inc."
7701,Interstate West Corp
13455,INTI
7835,INTO THE WILD
11748,INTREPID
1818,Intrepid Cycles
1823,Intrepid Engineering Group (IEG)
1825,"Intuitive Control Systems, LLC dba All Traffic Solutions"
6660,INVADER COACH MANUFACTURING INC.
4181,Inventors Classical Electric Vehicle
1832,Invision Trailers
5472,Inzuro
1826,Iowa Steel Fabrication
10172,"Iowa Steel Fabricators, LLC"
1799,Iowa Trailer Manufacturing
12520,IPSE LOCOMOTIVE
5471,"IPT, Inc"
4182,"Irbit Motorworks of America, Inc Hdqtrs for Irbitski Mototsicletny Zavod"
1981,Irbitski Mototsicletny Zavod
5743,IRBY
5193,Irisbus France
4043,Irish Hill Choppers
10370,Irizar
11710,IROK
5457,Iron & Oak
4691,Iron Ax
13040,IRON BLACKBIRD CYCLE
8399,"Iron Born Manufacturing, Inc."
12411,IRON BULL
4828,Iron Craft
5467,"IRON DOG, INC."
4183,Iron Eagle Motorcycles
4184,Iron Eagle Trailers
10677,Iron Famous
9739,Iron Guru Customs
12844,IRON HITCH TRAILERS
2074,Iron Horse
12677,IRON HORSE CUSTOMS LLC
10886,"IRON LITE "
8000,IRON MAN WELDING
9383,Iron Master Mfg.
4041,Iron Mike Cycles
4783,Iron Outfitter
4185,Iron Panther Incorporated
11665,Iron Rail
11982,Iron Stag
11794,Iron Star
13116,Iron Star(IVAN NEUFELD TEICHROEB)
12881,IRON STITCH
10996,"IRON WAGON "
12029,Ironclad
13589,IronHide Blinds
8111,Ironhorse Manufacturing Inc
4000,IRONHORSE TRAILERS
5550,Ironman
4001,IRONMAN CUSTOMS TRAILER MANUFACTURING
4631,Ironman Trailer Company
13630,Ironmann Trailers
12385,IRONSIDE FABRICATORS LLC
8592,Irontech Rig Repair & Manufacturing Inc.
12853,IRONWOLF TRAILERS
4002,IRVING EQUIPMENT
4930,Island Cart
2653,Island Choppers
2673,"Island Topsoil, LLC"
542,Isuzu
2684,Italian Choppers LLC
6379,ITALJET
4186,Itasca Thunder
10337,ITI Cargo Trailers
4003,ITI TRAILERS AND TRUCK BODIES
5744,Iveco
8323,IVEMSA
4187,Iverson Manufacturing
7765,Ives Motors Corporation (IMC)
9494,IXL Machine Shop
4973,IZA DESIGN & MANUFACTURING
9419,J & A Custom Trailers & Fabrication
6609,J & B TRAILERS & EQUIPMENT INC
5745,J & C Mfg Inc
10557,J & C SUPPLIERS
7255,J & D Welding & Trailer Sales
1887,J & E Custom Trailers
1888,J & E Manufacturing Inc.
4188,J & J Marine Services
5651,J & J Trailer
11638,J & J TRAILER REPAIR
6703,J & L EQUIPMENT
9417,J & L Fabrication Inc.
5043,"J & L Tank, Inc."
7287,J & L TRAILERS
6708,"J & L'S CARGO EXPRESS, INC."
6717,J & M FABRICATION
10555,J & M Trailers
8052,J & N SALES
5890,J & R
8435,J & R Trikes
7764,J & S Contractors
6441,J & S TRAILERS
6983,J & T MERCHANDISE INC
4189,J & W Fabrication
6608,J AND E STEEL LLC
10921,"J AND J "
6337,J and P Trailer Company
11594,J And S
12891,J bar J Fabrication
4729,J Bond & Sons
8072,J D B Aluminum Fabricating Inc
10778,"J D WELDING and SANDBLASTING "
4190,J Helgeson Enterprises
8559,J K Brown
6733,J L TRAILER MFG.
9379,J M Trailer Manufacturing
13631,"J MOORE TRAILER MANUFACTURING, LLC"
1889,J R Mills Enterprises Inc.
5114,"J T Trailers, Inc."
10586,J&C
10852,J&D
690,J&D Cycles
1915,"J&D Hydraulic & Repair Co., Inc."
6728,J&D TRAILERS
9696,J&E Custom Utility Trailers LLC
11960,J&J Trailer Star
4528,J&J Trailers and Truck Equipment
5444,J&L
1916,J&M Mfg. Co. Inc.
7397,J&S Repair
8469,J&W Manufacturing
9829,J's Golf Carts
8787,J-10 Trailers
2756,J-Craft
9148,J-Craft of Canada Ltd.
8236,J-D's Motorcycle Stuff
9528,"J-J-N Enterprises, Inc."
1902,J-Lo Industries
13811,J-Tech
1917,"J. A. Emilius' Sons, Inc."
1918,J. Patton Automotive Inc.
6596,J. Ray's Trailers
11005,"J.B. "
8041,J.B.'s Welding
7497,J.D. ENTERPRISES
5195,J.D. Sutherlands Customs Inc
1939,J.G. Enterprises Inc.
7910,J.J.'S TRAILERS INC
5196,J.P. Trailer Manufacturing
2266,J.R.'S ROLLING THUNDER MACHINE WORKS
9418,J.S. Welding
12465,J.U.T.H.
10501,"J.W. Williams, Inc."
2582,Ja-Mar Mfg. Inc.
6364,Jac 427
6537,JACK GREEN CO.
10072,Jack of all Trades by George LLC
8494,"Jackalope Conversions, LLC"
9563,"JackRabbit Manufacturing, LLC"
6401,JACKRABBIT TRAILERS
10738,Jackson Canvas Company
9895,"Jackson Creek Manufacturing, Inc."
10430,Jackson Forward Fold
5968,Jackson Mfg.
9074,Jackson's Trailers
6365,Jacksonville Tire & Automotive
11303,JACOB
1943,JAG Mobile Solutions
442,Jaguar
2340,Jail Break Choppers
2341,Jailhouse Choppers Inc.
12993,JAKOB THALER
9291,JAKShax Fish House and R.V.
2577,Jalopy Choppers
8410,Jamco South Trailers Inc
13102,Jamco Trailers
2587,JAMCO USA
8659,James C. Barry Mfg. Quality Trailers
7054,"JAMES EQUIPMENT COMPANY, INC"
9332,"James Russell Engineering Works, Inc."
2664,James W. Bell Co. Inc.
4813,Jamie Pruitt Trailers
12916,JAMROCK JERK
6470,JANAK TRUCK & EQUIPMENT
5197,"Janco Enterprises, Inc."
8820,Janco Trailer Manufacturing
4721,Janssen Welding and Fabrication Big Bear Trailers
11075,JANSTEEL
5746,Jantz-Femco
2533,Janus
7986,JANUS FABRICATING INC
11654,JARSA
7659,Jarvis Industries
11291,JASH
2668,Jason Industries Inc.
2670,Jason Mitchell Welding & Fabrication LLC
2671,Jasper's Hot Rods LLC
5987,JAWA
9089,Jax Enterprises
11667,Jay Feather
11668,Jay Flight
12361,"JAY MILLS CONTRACTING, INC."
7157,JAY'S INC
12862,JAY'S MOBILE CARTS & TRAILERS
11328,JAY'S TRAILERS
4516,Jayco
12995,JAYCO TRAILER COMPANY
2680,Jayron Fabrication LLC
8788,JayZee mfg
10632,JBA Tex Trailers LLC
6946,"JBH CUSTOM TRAILERS, INC."
9765,JBT
12440,JBT (JEREMY BOWLES TRAILERS LLC)
2681,JC Custom Welding LLC
2683,"JC Fab, LLC"
12429,JCCWE
12524,JCE Trailers LLC
2688,JCH Solutions Inc./Mace Welding & Fabrication Inc.
13175,JD
1305,JD - Bertonlini Ind. Ltd.
11429,JD AXLE
8049,JD Enterprise
7431,"JD Handling Systems, Inc"
2761,JDCI Enterprises Inc.
10888,JDH ENTERPRISE LLC
483,Jeep
7256,JEFCOAT TRAILER'S
9725,Jefe's Trailers
4191,Jeff Nicklus Customs
6876,JEFF'S CUSTOM WELDING
2766,Jefferson State Trailer Works
7372,Jeffery Brothers
12603,JEGA TRAILERS
10135,Jekeen
7537,Jel Corp
12139,JELIN
11490,JELMAX TRAILERS
2770,Jenison Airlease Inc.
6878,JENKINS & JENKINS ENTERPRISES LTD
2772,Jenner Sales Corp.
8806,"Jensen Metal Products, Inc."
7616,Jensen Trailers
10321,JEREH
2779,Jeremy's Welding
8142,Jerr-Dan
5112,Jerr-Dan Corporation
7942,Jerry's Warehouse
3030,Jerry's Welding Service
3037,Jersey Devil Motorcycles LLC
7599,Jesse Rooke Customs
13614,Jet Boats of Texas
3052,Jet Company Inc.
5489,"Jetech,INC"
3053,JetHeat LLC
11898,Jetstream
3054,Jetstream LLC
12814,JEWELL MANUFACTURING
11591,JF Trailers
12911,JF TRAILERS LLC
13340,JFA Trailers
5088,"JFM Services, Inc."
3055,JH Global Services Inc. dba Star
13103,JHB
6644,JHC
3862,JIAJUE
447,Jialing
11718,JIANBU
3070,Jiangmen City Huari Group Co. LTD
3099,"JIANGMEN SINO-HONGKONG BAOTIAN MOTORCYCLE INDUSTRIAL CO., LTD."
6486,"JIANGMEN ZHONGYU MOTOR (GROUP) CO., LTD."
1837,Jiangsu Jinjie Motor Manufacture Co.
10675,"Jiangsu Lvneng Electrical Bicycle Technology Co, Ltd."
1841,Jiangsu Sinski Sonik Motor Technology Co.
1842,Jiangsu Sinski Vehicle Science & Technology Co.
1852,Jiangsu Sunhou & T Motorcycle Co.
1854,Jiangxi Kama Business Bus Co.
9793,Jianshe
13059,JIANYINGJIANSHE
6818,JIM CAMPEN TRAILERS
1855,Jim Nasi Customs
1859,Jim's Enterprise
10130,Jim's Trailers
4197,Jim's Welding Service
1856,"Jim-Glo Trailers, Trading as Jimglo Trailers"
12157,JIMING
1857,Jimmy's Custom Built Trailers & Fabrication
5198,Jimmy's Discount Tire/Trailer
1861,Jincheng Corporation
7205,JINGLONG
1862,Jinhua Regard Manufacturing Company USA
7528,Jinhua Shiwei
1863,Jinhua Shiwei Vehicle Co.
8401,Jinhua Yongqiang Vehicles Factory
13768,Jinlijing
12188,JINMA
12181,JINMAYI
9664,Jinpeng
1864,Jinyun County Xiangyuan Industry Co.
1865,JJ Outdoor Industries
6748,JJ Trailers
8745,JJ's Truck Shop
11869,JJM TRAILERS LLC
6197,"JJR, INC"
13421,JK Trailer Plus
10020,JLC Fabrication
1866,JLE Maunfacturing
11504,JLF
1900,JLFD Production (Fautras Horse Trailers)
3772,JLG
1901,JLG Industries
10219,JLH
4221,JLM
8053,JLR Trailers & Welding Inc
6643,JM TRAILERS
12829,JMA TRAILERS
9706,JMC Inc.
1903,JMD Motor Company
11454,JMF
4195,JMJ Maintenance & Remodeling
4194,JMW Welding & Manufacturing
5836,JN
7204,JNEN
10701,JNG
1905,JNM Equipment
5355,Jo Mac Ltd
9654,Jobsite Trailer
10356,Joe Marshall Customs
7649,Joe's Motorcycles
8150,Joe's Trailer
11613,JoeBed
5431,John Deere
4979,John Evans Manufacturing
8755,"John Ingram, Inc."
1907,"John Jenkins Co., Inc dba Jenkins Company"
9118,"John M. Hill Machine Co., Inc."
1908,John Peper Enterprises
534,John Thomas
6853,JOHN WHITE SERVICES
9200,John's Woodwork & Metal Works
1911,Johnie Gregory Truck Bodies
1912,Johnny Pag Motorcycles
7184,JOHNNY'S TRUCK AND TRAILERS
6509,JOHNS GOLF CARS INC
1913,Johnson Crushers International
7975,"Johnson Equipment Sales, Inc"
5199,"Johnson Farm Machinery Co., Inc."
4584,Johnson Industries
7128,"JOHNSON MANUFACTURING, INC"
6344,Johnson Powerlifts
8801,"Johnson Tool and Die, Inc."
4206,Johnson Truck Bodies
6298,Johnson's Mobile Solutions
7109,JOHNSON'S WELDING
1914,"Johnstown Tube Laser, LLC dba Environmental Tank Corporation"
1955,Jomar Machining & Fabricating
7906,Jonco Manufacturing
1956,Jones County Choppers
12376,Jones Custom Welding & Fabrication
9228,Jones Motor Company
4208,Jones Motorsports
9665,Jones Trailer Co
9613,Jones Trailer Sales
6303,Jones Welding Service
4858,JONWAY
4814,Jordan Air
1958,Joseph R. Thompson Enterprises
5440,JOSTEN
12481,JOY RIDE EV
1959,Joyhon
5562,Joyride
12293,JPC INTERMODAL MX
13422,JPC Trailers
11635,JQ
1960,JR Custom Trailers
5279,"JR KOOP,Inc."
1961,JR Mfg and Sales LLC
9747,JR RAMIRO
6641,JR TRAILERS
7479,JR Welding Inc
6304,JR'S CUSTOM PATTERN CUTTING FABRICATION AND REPAIR
4734,JRB Cuz Enterprises
1962,JRC Custom Trailers
12295,JRL
1963,JRL Cycles
10428,JRS
1964,JRS Custom Fabrication
13814,JRS Food Trailers LLC
1965,"JRW Trailers, Inc. dba Walton and Byson Trailers"
6642,JSD WELDING INC.
1966,JSG Industries
1967,JSR Custom
13345,JSR Trailers
11044,JT Trailers
11995,JT-KUSTOMS
1968,JTC Sales
9860,Juan Pablo Jimenez Morales
9749,Juaneilus
1969,Jubilee Motor Campany
9489,"Jubilee Trailers, LLC"
4209,Judgement Custom Design
1970,Jumping J-Jays Franchises USA
4210,Jumping Jack
10322,JumpStreet Custom
4211,Junior Motorcycle Manufacturing
1971,Junior's Golf Carts
8019,"Juskco Services, Inc."
11622,Just Trailers LLC
1972,Justin Palmer Welding
1973,JV Manufacturing
1974,JV Metal Buildings & Trailers
12223,JVS Cart Company
8965,JW Trailers
1975,JWF Industries
6402,JYC CUSTOM CYCLES L.L.C.
1998,JZ Riders
13780,K & B INCORPORATED
8017,K & C Conversions
12052,"K & K MANUFACTURING, INC."
6391,"K & K SYSTEMS, INC."
8855,K & K Trailers Inc.
4212,K & K Welding
2000,K & M Manufacturing Co.
8336,K & M Trailer Sales
9606,"K & S Manufacturing, LLC"
8997,K & W Load Star
12473,K AND K WELDING
10426,K and S Trailers
6305,"K INDUSTRIES, INC"
10708,K&F INDUSTRIES
6619,K&K REPAIR SERVICE
9734,"K&S Fabrication, LLC"
9272,"K-BAR Industries, Inc."
2099,K-Jack Motors
10466,K-KustomZ
6411,K-Line Trailers Ltd
6306,K-N Manufacturing
9802,K-N-D Trailers
1925,K-otic Kustoms
8351,K-Trail
4214,K.C. Metal Works
9017,"K.T. Specialties, Inc."
10707,KAAB
2001,Kaase Trailers
4905,"Kace Trailers, LLC"
10769,"KACTUS KID "
5833,Kainuo
10454,KAISER PREMIER LLC
8412,"KAK Motorcycles, Inc"
7867,KAL MANUFACTURING
10687,Kalinowski
904,Kalmar Industries LLC
12392,KALT LIFE KUSTOM KART
5701,KALYN SIEBERT
8718,KAMCO
12730,KAMIXO CARROCERIAS
12640,KAMMERER DYNAMICS INC. (KDi)
10471,Kampereen
9323,Kamplite
7085,Kanamak Hydraulics
2018,KANDI
2017,Kandi Steel
5416,KANGAROO
13769,KangJie
4232,Kann Manufacturing Corp
11263,KANOFF EQUIPMENT SERVICES
8359,Kansas Kustoms
10492,KanTerra
2019,Kapels Eng & BLD
5200,KAR Fabrication Inc.
5831,Kar-Karriage
5995,Kar-Tote
5044,Karavan Trailer
2020,Karcher North America (KNA)
6230,Kard Co
10305,Kareem Carts
5740,KARI-KOOL
5122,KARMA
9142,Karnel Enterprizes
10467,Karry USA Trailers
10755,KARSAN
7432,Kasi Infrared
5741,KAST-RITE
8271,KAT Ind
2021,Katharina Loewen dba Taller Fehr
4233,Kathy Spell dba Southern Built Trailers
6323,KAUFMAN TRAILERS
12004,"Kaufman Trailers Group, LLC"
6614,KAUFMAN TRAILERS OF NC
10136,"Kaufman Trailers of NE, Inc."
7749,KAUFMAN TRAILERS OF SC
510,Kawasaki
12986,KAYLAVON
10487,KAYO
4389,KBH
5357,KC Creations
12757,KCH
13736,KCP AMERICA INC.
11506,KCP Concrete Pumps
13353,KD Modular
2023,KDZ Kustoms
9414,Keehn Service Corporation
6280,KEENWAY MANUFACTURING INC.
10273,Keep It Cold
12337,KEEWAY
2024,Keino Cycles
7670,Keith Huber Inc
2025,"Keizer Morris International, Inc. dba K M International"
11499,Kel-Tec
10941,"KELLER "
2046,Keller Welding
10942,KELLER2
9773,Kelley's Fabrication
7295,KELLY WELDING
9422,Kellys Welding & Manufacturing
10704,Kemco
6593,KEMP KUSTOMS
6281,KEN'S CUSTOM TRAILERS AND SUPPLIES
4234,Kenco Fabricating Company
7849,KENDALL TRAILER MFG.
2047,Kendon Industries Incorporated
8234,"Kendon Industries, LLC"
6156,Kendrick Prefab Welding
1824,Kenguru
8642,"Kenlee Trailers, Mfg. by Nacogdoches Iron Works, Inc."
7921,KENN TRAILERS
10862,Kennedy
13384,Kensington Trailers LLC
5844,Kent Power Inc.
5062,Kent Trailers
2048,Kentucky
532,Kenworth
2049,Kepler Motors
6392,KERBY BROTHERS LLC
8346,Kerr Trailers
5782,KERR-BILT
12232,Kers
12233,Kers Wee
2050,Kev's Welding & Manufacturing
8763,Kevin Mc Ardle
7247,KEVIN'S REPAIR & AUTO BODY
2051,Key Energy Services
8865,Keyco Manufacturing Inc.
7615,Keystone
2052,Keystone Choppers
4685,Keystone Kabins
2053,Keystone LSV
2054,Keystone Oilfield Fabrication
13253,Keystone Trailer Co.
2082,Keystone Trailers
8598,"Keystone Vending Cart Co, Inc"
11116,Keystone/Atlas
13655,Keystone/Denali
12302,Keystone/Eddie Bauer
11117,Keystone/Raptor
12787,Keystone/Sprinter
12180,KEYU
7104,Keyway Fabrication & Design
11891,KFTF
499,Kia
10262,kibbi
10965,KICK AZZ
2083,Kickin' Kampers
5809,KID
4926,Kiefer Manufacturing and Sales LLC
5329,Kiefer-Built
7366,Kiepe
7956,KIEWIT
3939,Kikker 5150
8812,Killer Chopper Cycle Fabrication
4239,Killion Enterprises
2084,Kimbel Manufacturing
10814,"KIMBERLEY KAMPERS "
2085,Kimberley Kampers PTY
2692,Kimble
2089,Kimble Chassis
12706,Kindig
13730,Kinetic Custom Trailers
10302,KINETIC CUSTOM TRAILERS LTD
6279,KINETIC ENGINEERING LTD.
2090,King American
7774,King Custom Motorcycles
3759,King Equipment Co.
11416,KING HK INTERNATIONAL TRADING LIMITED
4236,King Kustom Cycle
8389,King Manufacturing Inc
7445,King of the Road
13444,KING RACE TRAILERS
6645,KING RD. WELDING
2091,King Trailers
13191,"KING TRAILERS, LLC"
7938,"KING'S TRAVELER, INC"
11643,Kingdom
2092,Kingdom Customs Motorcycle Company
12864,KINGS HOMES
13113,KINGS TRAILERS LLC
5811,Kings Way Trailer Mfg
10095,Kingstar
5105,Kingston Trailers
10725,"KINGTEC "
10325,Kinich Solar Industries
2094,Kinkaid Trailers
1379,Kinlon
10188,Kinney Mfg
2095,Kinos Custom Concepts
2087,Kinroad Xintian Motorcycle Manufacture Co.
2096,Kioba Industries
8877,Kipe Steel
7435,Kirk's Trailer Mfg.
8148,Kirkley & Son Machine Shop
8938,Kiser Welding
6475,KIT HomeBuilders West
6354,KIT Manufacturing Co
12649,KITE
2097,Kiwi Air
2098,Kiwi's Welding & Repair
10317,KJ Leisure Trailers LLC
13173,KK Carts
9503,KKM Enterprises
10790,KL Manufacturing LLC
2100,KL Welding & Repair
8190,KLA TRAILERS
2101,KLD Energy Technologies
7393,KLEIN CORPORATION
10846,"KLEVENITE "
2103,Klinger Trailer
13196,"KLINGER TRAILER, LLC"
6355,"KLIPPING KING, INC."
9780,KLJ Auto Sales and Service
11344,KME
8287,KMT Service Parts Inc
12333,KMX
551,KNAPHEIDE TRUCK EQUIPMENT COMPANY SOUTHWEST
2088,Knievel Motorcycle Manufacturing
12490,KNIGHT
6390,Knight Fabricating
1879,Knight Trailers
5203,Knight's Dragon Service
1882,KnightHaulers
1883,Knights Choppers
1886,Knights Fabrication
8109,Knights Kargo Inc
7924,"Knowles Manufacturing Company, Inc"
4238,knucklehead Power USA
7203,Knutson Engineering
4565,Koastal Trailer
11099,Kodiak
1891,Kodiak Adventure Products
8749,"Kodiak Aluminum MFG., Inc."
11473,KODIAK EV
8414,"Kodiak Motorcycle Manufacturing Company, Inc."
8003,Koebrick Welding
11692,"Koechner Mfg. Co., Inc."
1896,Koenigsegg
8297,Koester's Machine Shop
9037,Koffler Mfg. Inc.
10033,KOLLTER
13056,KOLUMAN
1897,Komfort Corp.
13279,Kompact Kamp
1663,KONCED MOTORCYCLE
5810,Kondor Coach Builders
7585,Kopavi Trikes Inc
7860,Korando
1899,Korrupt Choppers
12268,"KORU PERFORMANCE, LLC"
5794,Kountry Aire
5796,Kountry Lite
5363,Kovatch Mobile Equipment
12953,KOVE
11574,KPE IMPLEMENTOS
3415,"KR Motors Co., Ltd."
13346,KRABALCRAFT LLC
11183,KRAESE CYCLES
1928,Kraft Custom Cycles
13143,KRAKEN CUSTOM MARINE
9908,Kramo Trailers
9079,"KREMCO, INC."
1929,Kriminal Kustoms
10776,KRIN USA
1930,Kripple Kreek
8863,Kriss Mfg. & Machine
1932,Kristi Trailer Industries
12803,Krome
10351,KROME 728
8290,Kromer Co LLC
9989,Krone Trailer
10484,KRONINGS
5812,Kross Kountry
7613,Kruger Trailers
1935,Krugger
4253,Kruz
8222,Kruzer Motorcycle Trailer
8092,"Krystal Koach, Inc"
11305,KSAD INC. O/A KANGAROO TRAILERS
11925,"KSI CONVEYORS, INC"
7787,"KSM Enterprises, Inc"
10837,KSM INC.
596,KTM
6318,KTM Aluminum Frame
6319,KTM Steel Frame
601,KTMMEX
10489,KUBERG
7501,Kubota
5087,Kubvan
10480,Kumpan Electric
13068,KUNIU
12804,KUNKE
4254,Kuntry Kustom RV
1951,Kuryente Enterprises
4635,Kustom Karz of Scottsboro
1937,Kustom Koncepts
5565,Kustom LSVs
4255,Kustom Machine & Sheet Metal
8737,"Kustom Signals, Inc."
9505,Kustom Trailers & Welding
1938,Kutz Farm Equipment
11630,KUZZY
13125,KWF
8854,"Kwik Dump Trailer Supply, Inc."
4552,Kwik Equipment Sales
6287,KWIK KAMP
1946,Kwik Load
7790,Kwik Trench
9677,KY
4608,KYFAB
1496,KYMCO
4871,Kyzer Aluminum Inc.
1989,KZ-RV
9455,L & D TRL Manufacturing & Sales
7107,"L & H MANUFACTURING, INC."
1990,L & J Manufacturing
8529,L & J Services
5813,L & L Custom
9589,L & L Manufacturing
7983,L & M MACHINE AND FABRICATION
6288,L & M MANUFACTURING INC
9127,"L & M Sales & Service, Inc."
4256,L & M Steel and MFG.
8776,L & M Trailer Manufacturing
12989,L & R FABRICATION
7691,L & S Line Mfg
9840,L A C Welding Mfg. Inc.
10926,L AND O MANUFACTURING
1993,L and S Trailers & Supply
5816,L B Maufacturing Co
10463,L Brothers
5815,L J Welding Inc
7113,L& J HYDRAULICS CO.
11944,L&D TRAILERS
6289,L&F CUSTOM BUILT TRAILERS
1995,L&J Supply
10850,L&L Tool & Machine Co LLC
8716,L&L Trailers
9099,"L.A. Woods Co., Inc."
1996,L.C.B. Enterprises Inc.
4663,L.J. Equipment Rental
8450,L.V.W. Customs
2015,L/E Autoworks
2012,L6 Systems
8815,La Boit Inc.
2013,LA Cart's
8391,LA Concept Cars Inc
4539,LA Custom Trikes
9533,LA Exotics
9446,La Palma Auto Body & Repair
7650,LA Shadow Trailers
2035,LaBarge Products
6436,LACF
10569,"LACOSTA TRAILERS, LLC"
7696,LACOTA INC
6360,"LACROSSE ENTERPRISES, INC."
5818,Ladner
5605,LaFarge
6428,"LAFAYETTE COUNTY CAR COMPANY, LLC"
6307,LAFORZA
9173,Lagasse Rides
2036,Lagoon Manufacturing
2042,Lake City Choppers
6490,Lake County Cycles Inc
8159,"Lake Forest Builders, Inc."
1957,Lake Manufacturing
2055,Lake Norman Trailer
8455,Lake of the Ozarks Custom Cycle
6832,Lake Technology Products Inc.
2059,Lake View Lodges Inc.
5312,Lakeland
4701,"Lakeland Trailers, Inc. of Hill City"
2060,Lakes Enterprises
2065,Lakeshore Watercraft
13784,Lakeside
2069,Lakeside Trailer Manufacturing
11562,Lakeview
7589,Lakeview Mfg
2073,Lakota
4707,LAL Acquisition
12741,LAMAR
6413,LAMAR TRAILERS
10117,Lambert Trailers
502,Lamborghini
10250,Lambretta
7917,Lamco Mfg and Distributing Company Inc
12331,LAMER STREET KREATIONS CORP
2086,"Laminated Wood Systems, Inc."
2093,Lampi Equipment
11872,LANCASTER LOG CABIN TRAILER
10019,LANCE
2106,Lance Camper
2105,Lanchester Trailer Supply
497,Lancia
10823,LAND
2109,"Land & Sea, Inc."
9068,"Land And Sea RV, Inc"
2115,Land and Sea Trailer Shoppe
13470,Land Roamer
444,Land Rover
13766,Land Rover Santana
10271,Landa
5120,Landa Trailer
8460,Landau
5819,Landmark
2123,Landoll Corporation
5547,Landry's Trailer Sales & Service
4760,Landscape
12412,Landsend
5400,Lane Trailer Manufacturing Co.
9212,Lang Specialty Trailers
13055,LANGENDORF
2116,Lanier Marine Trailers
9378,"Lanier Trailer, Inc."
4728,Lankota Inc.
5401,Lantz
13427,Laoye
2208,Lark United Manufacturing
6254,Larry's Trailer Sales Inc
8192,Larson Cable Trailers
12646,LAS CASITAS
2247,Las Vegas Classic Coach
7487,Laser Straight Mfg. Inc
2251,Latco
2264,Late Nyt Choppers
461,Latitude
6517,LAU WELDING INC.
9348,"Laurel Fabricating, Inc."
5115,Laverda
2272,Lawless Welding
11711,Lawlis Cycles
9907,Lawmax
13243,Lawrence Trailers
2273,Lawrimore Manufacturing
13604,Lawson Cryogenic
4258,Lawton Trailers
8975,Layton Manufacturing Company
6203,Lazy B
4259,Lazy J MFG.
9390,Lazy L Mfg.
5763,Lazy N
7163,LAZY-DAZ INC
2274,LB Telesystems
7990,LBT INC
6370,LBT Stainless Inc
4660,LC Services of Louisiana
13509,LC Trailer
2275,LC3
12343,LCA
5535,LCH Colombia S.A.S
8669,LCH Holding Corporation
10845,LCM
5921,LCT
6980,"LDC INDUSTRIES, INC"
2279,"LDJ MANUFACTURING, INC."
12679,LE CARROSSIER RIVE-SUD
9247,Le Hickory Pits
12317,Leaf Energy
13622,Leary
7872,Leber Coach Manufacturing
11271,LECHNER'S
11961,Lecitrailer S.A
2330,Lectrus
2331,LED Authority
7747,Ledbetter Welding Company
13046,LEDOW
9834,"Ledwell & Sons Enterprises, Inc."
2332,Lees Leisure Industries Limited
8537,Leewood Incorporated
4946,Lefort
2334,Left Coast Development
2378,Lefty Brothers Cycles
10036,Legacy
2380,Legacy Housing
2384,Legacy RV
2388,Legacy Trailers
8701,Legacy Trailers LLC
4273,Legend
6539,Legend Ice House
4887,Legend Manufacturing Inc
8496,Legend One Mfg. Inc
9902,Legend Outdoors Trailers
7428,Legend Trailers Inc
4274,Legend Valley Products / O'Brien Mfg
2391,Legendary Innovations
12897,LEGENDARY TRAILERS
2392,Legends Custom Cycles
4275,Legends Motorsports LLC.
2394,Leggett & Platt
13091,LEGION
12151,Legion Electric Vehicles
2396,Legion Motorcycle Company
13596,LEIDIAN
1798,Lektron
9136,Leland Truck Equipment
12769,Lem Remolques
7625,Lemco Tool
7898,Lemna Corporation
2401,Leon's Welding & Fabrication
10457,LEONARD
5573,Leonard Aluminum Utility Buildings
11023,Leonard Motor Works
6214,Lerch RV
12689,LERMA
6809,Leroy Engineering
2403,Leroy-Thompson
12604,LES ÉQUIPEMENTS WOODY
8425,Les Remorques Laroche
8760,Les Soudures Chagnon Ltee
6253,Les' Service And Canopies
8215,Lesters Manufacturing Inc
1892,LET'S GO AERO
3397,"LeVay Machine Co., LLC"
1893,LEVCO WORLDWIDE
1894,LEVEL TRAILERS
6828,LEVON VENDING CARTS CO.
1895,LEXINGTON TRAILER & HITCH
515,Lexus
9595,"LGS Chassis, Inc."
1919,LGS INDUSTRIES
11168,"LH TRAILERS, LLC"
5821,LHT Industries
10818,"LI QIAN "
6282,Li'l Ice Cream Shop Ltd
1931,LIANYUNGANG UNIVERSAL SPECIAL PURPOSE
4276,Liberator Motorcycles
1936,LIBERATOR TRIKES
1942,Liberty
5300,LIBERTY CABINS
6350,LIBERTY INDUSTRIES
1944,LIBERTY MOTORS
6006,Liberty Outdoors
1948,LIBERTY SEAMLESS ENTERPRISES
8183,Liberty Trailers Inc
13008,LIBERTY TRAILERS LLC
6569,"LIBERTY TRAILERS, INC."
10284,Lichi
5434,Liddell
10903,LIEFAN
1950,LIFAN INDUSTRY
1952,LIFAN-VIETNAM MOTOR
6526,Life Tiny Homes
11200,LIFESCAPE
5005,Lifestyle
1954,LIFESTYLE LUXURY
5822,Lifetime Aluminum
1977,Lifetime Products Group
1147,"Lifetime Products, Inc."
10985,"LIFETIME STEEL "
10573,LIFETIME TRAILER CORPORATION
4853,LIFETRIKE
1980,Lift N Lock
5823,LIFTCO
13398,Liftco(SERVICE SPECIALTIES OF ELKHART IN)
8490,"Light Boy Co., Ltd."
6232,Light Campers Inc
1982,Light Engineering
9480,Light House Trades
1983,Lighthouse RV Manufacturing
7386,Lightline Products Inc
5310,Lightning Motors Corp
1984,Lightning Rod Motorcycles
13299,Lightship
4277,Likens Trailer Manufacturing
6233,Lil John
12010,LILLIBRIDGE
7243,LIMBO CONTAINER COMPANY
8886,LIMCO Trailer
1986,Lime City Equipment
13225,LIMITLESS TRAILERS
2005,Limos By Tiffany
2009,Limousine Manufacturing
2014,Linamar Consumer Products
464,Lincoln
12529,LINDE ENGINEERING NORTH AMERICA LLC
5824,Lindig
4278,Lindsay Manufacturing
4576,Lindsay Transportation Solutions
9187,Lindsay's Farm Equipment
6234,LINEAR DYNAMICS INC
4710,Lineman & Son
11138,LINES IN FABWORX
6218,Linhai
10522,Link
12217,LINX
9850,LION
11601,LION ELECTRIC MANUFACTURING USA INC.
10328,Lion Trailers
2068,Lionhead Haulers
11464,LIONHEART CONSTRUCTION LLC
11068,Lipert Components
11165,LIPPERT
4279,Lippert Component
11724,Lippert Components
2016,Liquid Asphalt Systems
4757,Liquid Partners
7215,LISLE SPECIALTIES INC
10654,List Transportation
2027,Lit Motors
2028,Lit Scooters
1999,LITA
10047,Lite Car
9139,"Lite House Campers, Inc."
7716,Lite-N-Bolt
4280,Lithium House
2030,LITO Green Motion
2031,Little Beaver
11575,Little Buggy
2032,Little D's Utility Trailers
2033,Little Fox Campers
10295,Little Guy Max
11417,Little Guy Micro Max
2034,Little Guys Group
2039,Little Joe's Welding & Sons
10885,"LITTLE MOUNTAIN "
9897,Little Snowy
5025,Little Stanley Cycles
12211,LIV
4713,Liv Golf Cars
12775,LIVE MORE
2040,LiVecchi Cycle
2057,Livestock Trailer Equipment
11053,LiveWire
2058,Livin Lite
11394,Living Water
2070,Livingston Custom Boat Trailers
11629,LJ Custom Trailers
13107,LJ INC
13564,LJJ Trailers
2197,LLR Trailers
8390,LMC
2071,LMT
11533,LMT Trailers
2072,Lo-Pro Fluid Transports
5797,Load Eaz
2075,Load Glide Trailers
8486,Load King
8568,"Load Max Trailers, LTD"
7421,Load Maxx Trailer Co.
2107,Load Pro Trailers
11071,LOAD READY
9375,"Load Redi, Inc."
5343,Load Rite
2108,Load Technology
2110,Load Toters Trailers
2111,Load Trail
12846,LOAD TRAIL MX S.A. DE C.V.
13437,LOAD'EM UP TRAILERS
8491,"LoadMaster Aluminum Boat Trailers, Inc"
8231,Loadmaster Manufacturing Inc
8278,Loadmaster Trailer Company Ltd
6879,Loadmaster Trailer Mfg.
5435,Loadstar
5682,LOBB TRAILER
13716,Lobo Adventure Trailers
9685,Local Motors
2112,Location Water Systems
4944,Lockwood
7026,LODAL
9252,Loeffler Filtration Group
2114,Log - Master Portable
2113,Logan Coach
5073,Logan Farm Equipment
12666,Logan Hauler
6267,Logano Trucking Company Inc
4281,Logic Motor Company
4297,Logic Motors
9065,Logistics Support Facility
5785,LOHR
12260,LOHR NORTH AMERICA
12407,LOINEX
9676,LOJO
5179,Lomar Industry
1404,Loncin
8143,London
5795,London Aire
9095,London Bridge Welding
5767,LondonCoach Inc
11858,LONE PINE FABRICATION
8803,Lone Star
10633,Lone Star Body Systems LLC
2119,Lone Star Grillz
13178,LONE STAR MFG
2118,Lone Star Oryogenics
8481,Lone Star Roaster
2120,Lone Star Trailer
2121,Lone Star Trailer Services
12578,LONE STAR TRAILERS LLC
2122,Lone Wolf Customs
4296,Lone Wolf Trailer Co.
2165,Lonesome Road Choppers
4731,Lonestar Dock Products
4295,Lonestar Manufacturing
12413,LONESTAR SPECIALTY VEHICLES
10604,Long Board
2166,Long Chih Industrial
2151,Long Dog Enterprise
6275,Long Horn Welding
2657,Long Neck Trailers
9826,"Long Run Trailers & Fabrication, LLC"
6073,Long Trailer Company
2154,Longbow Motorcycles
10842,"LONGHAUL TRAILERS "
11100,Longhorn
8881,Longhorn Trailer Company
2636,Longjia
7170,Longjia or Buccaneer (SSR Motorsports)
9914,Longway
11605,Look Trailers
7507,Lopez Welding Shop
10768,Lordstown
8256,LORGANO
6963,LOS ANGELES ROLLERS
8821,"Los Lobos Mini Choppers, LLC"
11590,Los Sauces
13696,Lost Road Campers
466,Lotus
8305,Lou Fegers Trailer Sales Inc
2164,Loudo Trailers
13545,Love for You Trailers
2170,Low Speed Vehicles
13668,Low Tide
2174,Low-Tow Trailers
12506,LOWN PERFORMANCE LLC
12243,LOX
2186,Loyalty Mobile Innovations
9988,Lozano Trailer
2189,LPD Trailers
4662,LPG Ventures
2193,LRG Technologies
11650,LSV MANUFACTURING LLC
12348,LSV PLUS LLC / Eco- Cart
10939,LSV ST
5826,LTT
9695,LU
5522,Lucas
2195,Lucas Cycles
11365,LUCAS FABRICATION LLC
10919,Lucid
6647,Lucky Devil Metal Works
2199,Lucky MFG
2202,Lucon
10977,"LUDIE'S "
2207,Ludwigsen Motor Company
5825,Luedtke
2213,Lugo Manufacturing
4628,Lujeana Peters-Howell Rooks County Trailer Sales
9679,LUJO
6819,"LUKE'S TRAILER MFG AND SALES, INC."
12735,Luling
2242,Lumbee Trikes & Bikes
5381,Lumen
13180,Luminys
2243,Lumpkin Enterprises
2244,Lumpkin Trailers
13719,Lund
2245,Luoyang Northern
12628,LUQI
10854,"LUSK CO., LLC"
2246,Luttrell Welding
2248,Lux Customs
2081,Luxe
11990,LUXE MFG. LLC
12118,LUXURY CUSTOM GOLF CARTS
2249,Luxxx Custom Cycle
13231,Luying
2252,Luyuan
11637,LVT
5174,LVTRL
13538,Lyford Overland
9336,Lynden Tank Co
8507,Lynn Welding Shop
2254,Lynx Industries
12595,LYVA
11465,Lyver Trailas
5827,M & G
12142,M & J
5606,M & J Trailers Unlimited Inc
8411,M & L Industries
9163,M & L Racing Enterprises
8188,M & M Development Ltd
5828,M & M Fabricators
7242,M & M MANUFACTURING
2255,M & M Trailer & Supply
6361,M & M Trailer Mfg
7606,M & M TRAILERS & WELDING
2505,M & R Trailers
7181,M & T RESEARCH AND DEVELOPMENT
8332,"M & W Fabricating, Inc."
2256,M & W Shops
2257,M Chein Equipment and Logistics
7731,M Manufacturing
4294,M P D Trailer Manufacturing
2261,M W Bourne Company
2586,M&C Trailer Sales
8432,M&H Trailers Inc.
12825,M&L
2583,M&M Industrial Maintenance
5829,M&R Manufacturing
2616,M&R Speciality Trailers and Trucks
12845,M&RW
7081,M&S
9960,M&W Welding Inc.
13807,"M-B COMPANIES, INC."
2230,"M-B Companies, Inc. of Wisconsin"
5204,"M-B-W, Inc."
6991,M-Co Welding
5291,M-ONE
6416,M.B. BOWEN COMPANY LLC
2615,M.D. Cowan
7708,M.D. PRODUCTS INC
5684,"M.H. EBY, INC"
9147,M.J. Taylor Mfg. Co.
4293,M.S. Metal Works
6755,M8 A1 MULE OFF ROAD TRAILERS
9948,M8-Tech
2552,MAC
2591,MAC Inc.
9400,MAC Stripers Inc.
6826,MAC TRAILER MANUFACTURING
9223,"MAC Trailer Manufacturing, Inc."
7843,Mac's Custom Trailers
8684,Mac's Inc.
5049,Mac-Lander Incorporated
11216,MAC3
4292,Mace Welding & Fabrication
8526,Mach 1 Trailers
6587,MACH ONE TRAILERS
8769,Machineco LLC
490,Mack
7941,Mackey Trailers
9445,Macklin Welding
6242,MACKS METAL FAB
8394,Macomb County Cycle Works
11133,MACTRAIL
12865,MAD Craft
500,Mad Dawg
2124,"MAD FABRICATION, LLC"
2125,Mad Products
12140,MAD YAK TRAILERS LLC
6534,"MADAMI INTERNATIONAL, LLC"
5412,Maddock Machinery Corporation
12019,MADEFOR
2126,MADEWELL PRODUCTS CORPORATION
12396,MadJax
8861,MADMAN Mfg.
12059,MadTex
2127,MADVENTURE CAMPING
12739,Maeving
4720,MAG
4228,Magic Tilt Trailers
13749,Magna Manufacturing
7221,"MAGNACYCLE CO., INC"
12177,MAGNAMERICA TRAILERS
6243,MagneTek Century Electric
7655,"Magnolia Cargo,Inc"
12332,"MAGNOLIA TRAILERS, INC."
4353,Magnum
660,Magnum Choppers
3611,Magnum Fire and Safety Systems
6438,Magnum Performance Motorcycles LLC
4229,Magnum Products
9530,Magnum Trailer & Equipment Inc.
5600,Magnum Trailer Manufacturing
3831,Magnum Trailers of Austin
2146,Mahindra
10142,Mahindra Trailer
9550,"Maibo, Inc."
11447,MAICHE
6831,MAINE HITCH & TRAILER SALES
4230,Maine Portage
4619,Maine Source Machining Co.
2152,"Maine Wood Heat Company, Inc"
13781,Mainefactured Homes
7483,"Mainline, Inc"
7671,Maintenance & Fabrication Services
4908,"Maintenance Services, Inc."
8163,Maisons SRM Blondeau Homes Inc
2128,Majestic Corporation
8677,Majestik Trailers
2129,Majona Steel Corporation
2130,Mak Daddy Builders
8775,"MAK Leasing, Inc."
5383,Makaha
11647,Making American Trailers
2131,Making You Mobile
3714,Maktec Manufacturing
3827,"Malach USA, LLP"
2132,Malachi Motorcycles
7911,MALAGUTI S.P.A.
4586,Malibu Boats
11900,"Mallard, North Trail, & Wilderness"
1809,Malon
9797,Malta Dynamics
10999,"MAMMOTH "
13370,Mammoth Mfg
3866,MAMMOTH TRAILERS
6538,MAN & MATERIAL LIFT ENGINEERING
1232,Man Cave RV
6770,MANA
7933,MANAC
3896,Manac Trailers USA
13265,MANDA
5864,Mang
11336,MANGOSTEEN
10664,Manitex
8199,Manitowoc Cranes Group
10026,Manley ORV Company Inc.
8617,Manley Trailers
6372,Mann Made Products Inc
3897,Mann's Welding and Fabricationg
4231,Manning Marine
5033,"Manorette RV, Inc."
7628,Mansfield Fabricated Products
10812,Mansur
2133,Mantis Choppers
3898,Manufacturas Hercules S.A.DE C.V.
2134,"Manufacturas Industriales Gami, S.A.de C.V"
4870,Manufacture Tent Sales DBA Sunfun Rentals
6326,MANUFACTURERS RESOURCES INTERNATIONAL
4246,Marathon
9403,Marathon Equipment Company
13535,Marathon Homes
2135,Marathon Metalworks
5538,Marauder Travelers Incorporated
9479,Marble Propulsion
2136,Marceaux Cycle Works
7901,Marci's Diesel Service Inc
829,Margo
5728,Marina
8421,Marine Master Trailers
6927,MARINE TRANSPORTATION EQUIPMENT CO. INC
12885,MARINECOASTALGROUP
7173,"MARION FABTECH, INC"
2137,Mariout Motorworks
9425,Mark Body Truck & Equipment Incorporated
9402,"Mark Line Industries of Pennsylvania, Inc."
2138,Mark Miner Enterprise dba Custom
3899,Mark Rite Lines Company Inc. dba MRL Equipment Company
7709,Mark Taylor Enterprises
4556,Mark Wiener Welding
7969,Mark Williams Welding
5838,Mark's Trailers Inc
9713,Market Direct Campers
3900,Markland Trailers
5079,Marksman Manufacturer
5839,Marley Continental Homes Inc
9337,Marlin Trailers
9764,Marlon Recreational Products Ltd.
5056,Marmon Motor Co
7755,Marquardt Trailer & Manufacturing Inc
12624,MARQUEZ BROTHERS INC.
5840,Marquez Mfg Ltd
13130,MARRA FORNI
3901,Marrel Corporation
8054,MARS PERFORMANCE MANUFACTURING
7027,"MARSH INDUSTRIAL SERVICES, INC"
13481,Marshall
8045,"Marshall Austin Productions, Inc."
8588,Marshall Trailer Sales & Repairs
6988,MARSHALL WELDING INC
6424,Marshell
2139,Martex Global Enterprise
2140,Martin and Martin Bros. Bikes
6058,Martin Camper
4247,Martin Conquest
7246,MARTIN ENTERPRISES
8475,Martin Equipment
5841,Martin Machine Inc
5360,Martin Marietta
4248,Martin RV
5206,Martin's Steel Inc.
9843,Martinez
8232,"Martinez & Turek, Inc."
7842,"MARTINEZ WELDING, INC."
2141,Martino Motor Company
9293,Marty's Trailer Depot
9590,Marvel Trailer Manufacturing
12079,MARWAY
443,Maserati
12788,MASON
2142,Mason Dynamics
9110,"Massie Mfg., Inc."
10196,Massimo
6148,Massimo Motor Sports
3904,Master Fabricating & Welding
4249,Master Solutions
6721,Master Tow
8746,MasterBuilt Manufacturing Inc.
5207,Mastercarry Trailer Manufacturing
6907,MASTERCRAFT BOAT COMPANY
3905,"Mastercraft Tools Florida, Inc. dba Altocraft USA"
7812,"Masterpiece Trailers, LLC"
3902,Mastiff Trailers
9636,Material Transfer
3297,Materials Processing Systems
7856,Mathews Mechanical Contractors Inc
2143,Matott's Welding
4776,Matri-Arc Creations LLC
2223,Matrix
2145,Matrix Manufacturing
2144,Matrix Manufacturing Company
5208,Matrix Motor Company
612,Matrixx Specialized Trailers
2224,Mattman Global Specialty Vehicles
7272,MATTOX
13556,"MATTUR HOLDINGS, INC."
7535,"Matty's  Marine & Motorsports, Inc"
9441,Mauck Special Vehicles
4968,Maupin Welding
10607,Mauslein Fuel Max
8458,Maverick
9769,Max Built
6362,MAX-ATLAS
9540,Max-Pak
2225,Maxey Companies
4264,Maxey Trailers
8628,Maxey Trailers MFG
2226,Maxey Welding
11500,MAXFIELD
7792,Maxi Roule Inc
5842,Maxi-Cube
5458,Maxim
9357,Maxim Inc.
13613,MAXIM TRAILERS INC.
10763,Maximum Cargo Trailers
3903,Maxpro Trailers
2227,Maxweld Boats
6400,MAXXD Trailers DROP-N-LOAD
9593,Maxxim
2228,Maxxum
6322,MAY MANUFACTURING & DIST CORP
533,Maybach
7653,Mayes Welding
13585,Mayhem Autoworkz
12456,MAYHEM BIKE
9340,Maynard & Company
2229,Maynard Fab & Trailer Sales
473,Mazda
2232,MB & G Oilfield Fabrication
2231,MB Equipment Services
8698,"MB Machine, Welding & Fabrication Inc."
5852,MBI
12338,MBP
9495,MC Concession Trailers
10313,MC LSV
13114,MC MANUFACTURING
12121,MC MOTO
6649,MC TOURING PRODUCTS
12970,MC Trailer
4928,MC Trailers LLC
2233,MC. Guber
2234,Mcadus US Product Development
6895,McALLISTER
6896,MCBRIDE TRAILERS INC.
7389,MCBS
4250,McCann's Customs
3907,McCartney Trailers
7524,McClain
8480,McClain Trailer Co.
4251,"McClain Trailers, Inc"
6897,MCCORD MANUFACTURING INC
10093,McCormic
8268,McCormick Machine
6625,"McCOY Manufacturing, LLC"
5843,McCullough
9019,McCullough Trailer Corporation
9339,McCullugh Trailers
12600,MCD
4838,MCD Manufacturing & Repair
7283,MCDONALD TRAILER SALES
11550,McElrath Trailers
6536,MCGEE TRAILERS
11524,MCI Trailers
11175,MCINTIRE WELDING SERVICES INC
7341,McKay
2454,McKenzie
2235,Mckinley Enterprises dba Longhorn Trailers
10946,MCKINNEY MEASUREMENT & CONTROL INC. / Panther
2236,McLaren
10233,McLaughlin
8733,"McLaughlin Refuse Equip., Inc."
2237,Mclendon Trailers
8335,MCM Company
2238,McMiller's Chop Shop
10542,MCMULLEN MANUFACTURING
8141,McNeilus
2239,McNew Fabrication Inc.
4956,MCT
6675,"MCT INDUSTRIES, INC."
10630,MCU
11202,MD CARTS
11065,MDM Trailers
12703,MDSC Systems
6655,Me-Two Manufacturing LLC
13277,MEB Trailer Sales
10819,Mechanical Design
2240,Mechanical Mayhem
12875,MechCleSol
9638,Mechgineering & Design LLC
2347,Mechtronic Solutions
9569,Medford Steel
5846,Medic
2348,Medical Coaches
10189,Medical Structures
6150,Meeks Engineering
6151,Meeks Truck & Trailer
12555,MEGA
9950,Mega Tiny Homes
9729,Mega Transportaciones S. de R.L. de C.V. (VANCRAFT)
3864,MEIDUO
6844,"MELISSA MANUFACTURING, INC."
7167,Memory Maker
2349,Menard Manufacturing Company
9671,Mensch
8502,Mensch Manufacturing Marine Division Inc
12377,MENTRAILERS.COM LLC
12081,MERAK
449,Mercedes-Benz
2350,Merch Motorcycle Co.
2351,Merchant's Trailers and Grills
465,Mercury
6540,Merhow Industries
12528,MERHOW OKLAHOMA LLC
12914,Meridian
2352,Meridian Motors Company
5342,Merit Tank
5468,MERKUR
13519,Mermaid Trailers
2353,Merritt
5065,Mertz
13163,MERTZ INTEGRATION
2354,Mertz Manufacturing
11333,MESA
12048,MESA RIDGE
9863,Mesale Fab
8934,"Mesco Industries, Inc."
4252,Meske Welding
9670,MESLA
2355,Metal Craft Manufacturing
8311,Metal Craft Trailers
5847,Metal Fab
2356,Metal Mansions
2357,"Metal Systems, Inc. dba Gator Trailers"
12870,Metal Tank
12575,Metal Valley MFG
7375,Metal Works
10933,"METAL WORKZ "
9526,Metal-Link
11568,Metalcraft of Mayville
2358,Metalcraft Tool & Die
12176,METALIUM INDUSTRIES
9778,Metalwerx Trailers
10143,Metbox
9953,Meter Engineers Inc.
8522,METHOD
5999,METRO FAB INC
7845,"Metro Tank & Steel, Inc"
11008,Metro Trailer
7897,"Metro Trailer Manufacturing, Inc"
11009,Metro Tram
1053,Metrolina
8627,MetroRider LLC
8312,Metry
6676,METS WELDING
6175,Metzger Machine & Engineering
12115,MEV
13308,Meyer
12894,MEYERS MANX
2983,Meyers Trailers
11331,MFG TRAILERS Y TANKES BARAK S.A DE C.V
13663,MGK
5848,MGS Grand Sport (Mardikian)
4515,MGS Incorparated
7766,MHC Group Inc
9413,"MI Joy Manufacturing, Inc."
13336,MI Trailer
11284,MI TRAILER SALES INC
13605,Mia Global
10442,Mia Manufacturing
2359,Miami Choppers
7999,MIANO'S WELDING
2360,Michael D's Custom Cycles
7068,MICHAEL MANUFACTURING AND REPAIR
4263,Michael Seltzer Welding
9995,Micheal's Custom LSV
8286,Michiana Cargo Inc
11190,MICKEY TRUCK BODIES INC.
13133,MICO Carts
559,Micro-Lite Trailer
7952,"MICROFORM PRECISION, LLC"
2361,Mid America Designs
8342,Mid Continent Truck Sales Inc.
11426,Mid Florida
2443,Mid South Distribution Services
11491,Mid State Trailers
8218,Mid Valley Industries Inc
2442,Mid-America Trailer MFG.
6981,"MID-AMERICA TRUCK EQUIPMENT, INC"
6839,"MID-ATLANTIC LEASING, CORP."
2441,Mid-Atlantic Transport
9859,Mid-County Fabricating Inc.
9551,Mid-Nebraska Truck & Trailer Sales Inc.
8463,Mid-South Management
6842,"MID-SOUTH TRAILERS, INC."
2438,Mid-State Tank Company
7219,"Mid-State Trailers, Inc (MST)"
9309,Mid-States International Motocross Inc.
11897,Mid-Town Trailers
4960,Middle Georgia Trailers
12322,MIDLAND
13276,Midland Carrier
2440,Midland Equipment Company
8260,Midland Mfg Ltd
7075,Midsota Manufacturing
10694,Midsota Trailers
2439,Midsouth LSVs
7174,Midwest
6931,MIDWEST CHOPPERS OF IOWA
13050,Midwest Concession Trailers
2437,Midwest Custom Cycles
2436,Midwest General Repair & Fabrication
1178,Midwest Industrial Tanks
4820,MIDWEST MOBILE TECHNOLOGIES
8338,Midwest Municipal Supply Inc.
6320,Midwest Tack & Trailer Brokers
9471,Midwest Teardrops
4856,Midwest Trailer Manufacturing
6321,Midwest Trailers
11790,MIDWEST TRAILERS LLC
9144,"Midwest Trailers of Sikeston, Inc."
9377,Midwest Welding Co.
12877,MIDWEST WELDING LLC
12746,MIDWESTERN
10208,MIG LLC
3242,MIG Trailers
13532,Mighty
2435,Mighty Lite Aluminum Products
7737,"Mighty Mite Industries, Inc"
8114,MightyMover Trailers Inc
6215,Mike Green Hydros Inc
2434,Mike Olsefski's Auto Accessories
6845,MIKE'S CUSTOM CARS
2433,Mike's Custom Works
9227,Mike's Trailers
2432,Mike's Welding & Trailer
5315,Mikes Trailers
7229,Mikey's Custom Trailers
3466,Miles
9181,"Miles Transport Services, Inc."
13475,Milestone
3673,Miley
4265,Milford Pipe & Supply
2431,Milford Welding & Manufacturing
12040,MiLG
4750,Military Spec. Manufacturing
11913,MILL SCALE LLC
2430,Mill Street Customs
5209,"Mill Works, Inc."
8120,Millennium Manufacturing
8086,Millennium Motorcycle Corporation
2475,Millennium Transit Services
5849,Miller
8689,Miller Built Trailers
8546,"Miller Manufacturing, LLC"
5520,Miller RV MFG.
8022,Miller Trailer and Manufacturing Company
11728,Miller Trailers
7945,Miller Trailers Incorporated
11007,MILLER WELDING & FABRICATION INC.
12106,MILLER’S CABINS AND DECKS
7913,"Millertime Mfg., LLC"
2474,"Millons Farm Center, Inc."
12919,Millroad Manufacturing
501,Mills Manufacturing
2473,Milwaukee Motorcycle Company
9318,"Min-Ark, Inc."
6374,Mind's Eye Fabrication Inc
12547,MINGLI
456,MINI
5850,Mini Big Trucks
11438,MINI MONSOON
5845,Minicars
8970,MiniKamp
6171,MiniMixx
2471,Minimover
2507,Minitears Company
4266,Minneapolis Custom Cycle
4555,Minnesota Manufacturing
7202,"MINNESOTA VALLEY ENGINEERING, INC"
8466,Minuteman
9896,Mirage
4267,Mirage Trailers
7135,MIROX
2509,Mirsberger Manufacturing
2510,Misanthropy Cycles
2511,Misfit Marketing Services
9673,Mishozuki
13337,Miska Trailer Factory
10014,Misphit
2512,Mission Motor Company
11051,MISSION OVERLAND
2513,Mission Utility Trailers
10147,Mississippi Tank Company
12988,MISSOURI RIVER TRAILER
5851,Mister Trailer Co
6543,Mitch Bergeron Customs Inc
10382,MITCHCRAFT
6176,Mitchell Industries Inc
481,Mitsubishi
528,Mitsubishi Fuso
6167,Mity Mite Mfg
9801,MIUS
2514,Mizer Motor Works
11631,MJ TEXAS TRAILERS LLC
9833,MJ Trailers
4268,MJL
12145,MJM
7326,MJT Manufacturing
12991,MK Sportscars
12056,MKING
7809,"MKR Fabricators, Inc"
9678,ML
11979,MM MARROKING
2515,"MM Spirit, Inc. dba American Spirit"
2516,"MMDI, Inc. dba Metro Metal & Design, Inc. & Metro Dominator"
4857,MMI
2517,MMLJ
2518,Mo Trailers Corp.
13316,MOABG
9629,Moat Trailers
4282,MOBI
1987,Mobile Armoured Vehicle
2519,Mobile Barriers
12078,Mobile Business Solutions
13374,Mobile Cold Solutions
8656,"Mobile Command Center, Inc."
8298,"Mobile Conversions, Inc"
2520,Mobile Drilling Co.
2521,Mobile Energy Solutions
8989,Mobile International
6695,MOBILE MEDICAL INNOVATIONS
2522,Mobile Medical International Corporation Trailer
2523,Mobile Mini
7422,Mobile Motorhead Inc
11746,MOBILE PROCESSING TRAILERS AND SUPPLY
5857,Mobile Products Inc
6542,"MOBILE RESTROOM RENTALS, INC"
10969,Mobile Solar Pro
2524,Mobile Specialties
12416,Mobile Suites
7740,"Mobile Systems, LLC"
9134,Mobile Tech
2607,Mobile Tech Trailers
7784,"Mobile Technical Systems, Inc"
2608,Mobile Technologies Group
8139,"Mobile Trailers, Inc"
5034,"Mobile Traveler, Inc."
6349,MOBILIFT INC
2609,Mobilight
8241,"Mobility Cubed, Inc."
8833,Mobility Solutions LLC dba TailGator Trailers
2610,Mobility Ventures
5513,"Mobridge Manufacturing, Inc"
2611,Moby1 Expedition Trailers
10429,Mod Box
2612,Mod Car
7545,MOD RODS
7977,Modec
11952,Model G
11954,Model I
11953,Model R
11807,Model Z
5853,Modern
11796,MODERN BUGGY
4736,Modern Metalworx
13044,MODERNFOX
2613,Modisette Welding & Supply
7482,Modular Structures International Inc
9435,Moen Custom Trailers
5855,Moex
8860,Moffett Utility Trailers
5016,Mogi MFG
2614,Mohawk Valley Welding & Stainless Steel
8428,Mokai Manufacturing Inc
8549,Moke
9512,Molt-N-Metal
2566,Monaco
2563,Monaco RV
6753,Monaco Towable
4687,Monarch
9718,Monarch - VC
6064,Monarch Trailer
8933,Monarch Trailers Co
7411,Monarch-McLaren
11449,"MONARD TRAILERS, LLC"
8675,"MONETTA Farrier Specialties, Inc."
5491,Mongoose
2571,Monitor Systems
6021,Monon
9416,Monroe Manufacturing
6972,Monroe Towmaster
2569,Monsoon Marine
2573,Monster Manufacturing
5989,Monster Power Equipment Inc.
2576,Monster Tanks
11101,Montana
9998,Montana Dave's
2704,Montana Dreams
10141,"Montgomery Sales, Inc."
9767,Montondo Trailer LLC
5762,Montone Trailer Company
8319,"Montone Trailers, LLC"
10088,Montrose
6182,Moody
9208,"MOOG USA, INC."
9080,Moon Docker Trailers
458,Moonlight Choppers
4843,Moonra
7239,Moore Enterpreses
9145,"Moore Equipment, Inc."
6696,MOORE MARINE MARKETING INC
10989,MOORESVILLE METAL HOUSE
9663,Moose Bilt Industries
2707,Moose Boats
2729,Moped World
11334,Morales Trailers / OMA Trailers
10132,Moran Welding
2711,Morbark
12584,MORBIDELLI
539,Morgan
13290,Morgan Hatfield
5854,Morgan Industries Inc
4283,Morgan Machine
540,Morgan Trailers
9358,Moritz Inc.
2740,Moritz International
4751,Morocco Electric Inc.
8449,Morocco Welding Company
6157,Morris Farms
7362,Morris Trailers
6158,Morse Manufacturing Inc
8436,Morse Trailer
2742,Morton-Davis
11998,Moser
12615,Mosky Trailers
4764,Mosler
12869,MOTA
11442,Motion
2744,Motion Trailers
9839,Motiv
10541,MOTO
9758,MOTO BURLY
4038,Moto Electric Vehicles
574,Moto Guzzi
12014,Moto Morini
10183,Moto Tech
4961,MOTO1
5574,Moto8ight
2889,MotoAdvent
2748,MotoCzysz
5897,Motofino
2891,Motofino USA
5837,Motomarina
3859,Motor Coach Industries
5074,Motor Truck and Trailer Co
8553,Motorcity Mean Machines
453,Motorcycle Machine Shop Services
12072,MOTOREMOLQUES
4831,Motorized HandleBar
7444,Motorized Manufacturing Inc
8167,"Motorsport Trailers, Inc"
8478,"Motorsports Transporters, L.L.C."
13414,Motsmann Engineering
9438,Mott's Custom Trailers
1217,Motus Motorcycles
13739,Mount Up Texas LLC
7930,Mountain Creek Cabins LLC
2896,Mountain Equipment of New Mexico
9916,"Mountain Goat Trailers, LLC"
7989,"MOUNTAIN LION OUTDOOR, INC"
4285,Mountain Ridge Trailers
8898,"Mountain States Trailer & Equipment Sales, Inc."
8040,Mountain Trailer Co.
13307,MOUNTAIN VIEW ENTERPRISES
12207,MOUNTAIN VIEWS MOTORSPORTS
2900,Mountain West Industries
7840,Mountaineer Welding & Trailer Repair
12725,MOUNTAINSIDE
2904,Mountaintop Custom Kennels
5210,MountainWest
6648,"MOUSER STEEL SUPPLY, INC."
8066,"Movable Roots, LLC"
12536,move eco
2908,Move-It-All
4554,Movitron S.R.L.
9062,Mozaic
10453,MP
7510,MP Trailer & Truck Bodies Inc
10472,MP TRAILER MFG LLP
9655,"MP Trailers Manufacturing, Inc."
4752,MPD Trailers
13460,MPG
8369,"MPH Industries, Inc."
13155,MPJ
2910,MQ Power
9061,Mr Mike Trailers
10437,MR Steel
9231,Mr. Air Sweepers
13623,Mrovi Trailers
2915,MRT Manufacturing
5340,MRV
9779,MRV101
6122,MSA Trailers
2916,MSE Welding and Fabrication
7401,MSR Technologies
10379,MSU
8018,Mt Customs Motorcycles and Choppers LLC
6311,MT TRAILERS
10553,Mt. Bachelor Carts
2917,MT. Eaton Trailers
4286,Mt. Pleasant Trailers
13284,MTI
2918,MtlWrx
5211,MTP Trailers
4287,MTS Manufacturing
4852,MTTS
6495,MTX
2919,Mud Technology International
4575,Mudds Customs
4698,Muddy Creek Manufacturing
2932,Muddy River MFG
9701,Mudslide Chopps
11400,Mudslide Chopps LLC
9835,"Mueller Custom Trailers, LLC"
12154,MULLEN AUTOMOTIVE INC.
2943,Mulligan Manufacturing
2950,Multi-Fab
13637,MultimediaLed
2951,Multiphibious
9334,"Multiple Interests, Inc."
2957,Multiquip
2959,Multitek
11205,Munich Welding
11393,Munoz
9792,Munro
7454,MURPHY'S WELDING SERVICE
9951,Murray Trailers
2344,Murray's Tag & Title Services
10411,MUSARRO
6581,MUSKOKA
7559,MUST Technologies Ltd.
2345,Mustang Horse Trailers
10179,Mustang Trailer A/S
2346,Mustang Trailers
2367,Mutter's Cycle Supply
4795,Muv-All
2564,Muz of North America
2536,MV Agusta Motor
2374,MVL Enterprises
7080,"MVM7, LLC"
2373,MVP RV INC. (THOR CALIFORNIA)
2372,MVP Technologies
10316,MVT-Mobilevision
13097,MW FABRICATION
2371,MWE Monaco MFG
2370,MWE of Ohio
11390,MWI PUMP
12438,MWM
10303,My Getaway Camper
8067,My Mini Trailer LLC.
2376,mycar
2643,MYCO Trailers
7134,MYERS
6556,MYERS MOTORS
13354,Myersmade
2641,MYROS
12899,Mysa
2639,Mystical Custom Cycles
11335,MZ Trailers / Remolques MZ
6226,N & N Remorque Inc
6227,N-Line Trailers
8176,N.I. Wilson Mfg Co Inc
507,NABI
6228,Nabors Trailers of America
9614,"Nabors Trailers, Inc."
7448,Nacional De Carrocerias Sa De Cv
12153,NACOGDOCHES IRON WORKS INC
12530,NAFFCO
2638,Nakutis Custom Choppers
7902,Namron Trailers
6996,NANCHANG AIRCRAFT MFG. CO
2618,Nanchang Freedom Technology Limited Company
2621,Nanfang Space Navigation Science & Technology
12638,NAPPI
8541,"NAS Manufacturing, Inc."
2623,Nasatka Barrier
8202,Nash
8122,Nash Car Aluminum Trailers
2624,Nash Car Trailer
2626,Nash Car Trailers
2628,Nash Motocycles
4883,Nashua
6483,NATION TANK & TRAILER
10796,National Custom Trailers Inc.
2630,National Customized Trailers
2632,National Electric Vehicles
4305,National Golf Cars
7150,"NATIONAL GROUP OF COMPANIES, INC"
11993,NATIONAL MACHINERY & FABRICATION
7186,NATIONAL MANUFACTURING COMPANY
8058,"National Metal Products, Division of Saf T Cart, Inc."
8928,National Office World Inc.
2542,National Oilwell Varco
2546,National Pump & Compressor
2652,National Signal
9257,"National Steelworks, Inc."
11699,"NATIONAL TANK & EQUIPMENT, LLC"
5507,National Trailer Assembly
11837,NATIONAL TRAILER MANUFACTURING
4947,"National Trailer, Inc."
7622,National Truck
2650,National Vacuum Equipment
12645,National Welding
10587,NATIONCRAFT
6283,Nations Trailers Inc
2648,Nationwide Trailer and Equipment Sales
13289,Native Trailers
12789,Nature’s Generator
4705,Nause
491,Navistar
12155,Navitis
9684,NAVYA INC.
12712,NAXEON
9674,Nazaxx
13127,NC
11016,ND
5212,NEA
2645,Neal Manufacturing
9531,"Neal Manufacturing Company, Inc."
2855,Nealco Equipment
4288,Neckover Trailers
8358,"Nedland Industries, Inc."
10752,Needmore Trailers
5650,Neel's Utility Trailer Mfg
4307,Neighborhood Electric Vehicle
2851,Neighbors Garage
8569,Neira Industries Inc.
11144,NEKS
4289,Nelson
10194,"Nelson Industries, Inc."
8065,Nelson Manufacturing Company
8533,Nelson Welding
13689,Neo Camper
2850,Neo Classic Manufacturing
2847,Neo Manufacturing
4759,Neoplan
8402,"Neoteric Hovercraft, Inc."
6796,NEROWALKER BOATS
2840,Ness Motorcycles
4547,Nest Caravans
6324,Neumann's Automotive
10390,NEUSTAR MANUFACTURING INC
2982,Nevada Department of Corrections
8856,Nevada Utility Trailor
9830,Nevco Engineering
11615,Nevco Trailers
2162,NEVILLE WELDING INC.
12974,NEVO
2179,NEW AUTOS INC.
10595,New Braunfels Trailer Company
6414,NEW BUCK CORPORATION
9277,"New Commander Trailers, Inc."
8722,New Covenant Mfg.
11886,New Creation Tiny Homes LLC
2183,"NEW CUSTOM TRAILERS, LLC"
10419,NEW EDGE
6962,NEW ENGLAND CHOPPERS
13371,New England Low Speed Vehicle
508,New Flyer
10764,"NEW GENERATION "
6583,New Generation Park Model Inc
2184,NEW HEIGHTS LLC
7201,NEW HORIZONS
8433,"New Mark Manufacturing, Inc."
4290,New Market Metal Craft
2194,NEW MEXICO STEEL FABRICATORS INC.
9804,New Millennium Builders/Curbside Concessions
2200,NEW PECO INC.
7064,NEW PROGRESS INCORPORATED
2222,"NEW RIVER HOMES, LLC"
13146,"New River Manufacturing, Inc."
11222,NEW RIVER TRAILER
7137,NEW TECH MACHINERY CORP
11273,NEW VISION
9938,New Wave
2210,NEW WAVE TEARDROP
5213,New York City Custom Motorcycles
2219,NEW YORK CITY CUSTOM MOTORCYCLES INC. dba NYC CHOPPERS
5214,"New York Motor Company of L.I., Inc."
10581,Newark Food Trucks
11789,NEWBOT
7248,NEWCO INC
10084,Newell
2220,"NEWFAB, INC."
8629,"Newhouse Mfg. Co., Inc."
2221,NEWKIRK FABRICATION
2627,"Newman Industries, INC"
6262,Newman's Manufacturing Incorporated
8637,Newmans Industries Inc.
2631,Newmar Corporation
2605,"NEWPORT FABRICATING, LLC"
10506,Newsmith Trailers
9182,Newsom Industries
10875,Newton Custom Trailer
12422,NewTrail Industries
13658,NexGen
2258,"NEXGEN FRAMING SYSTEM, LLC"
2262,Nexgen Innovations LLC
6599,NEXHAUL TRAILERS
4606,Next Door Inc
12461,NEXT LEVEL
12935,NEXT LEVEL FABRICATION
13793,Nexus
2269,Niagara
13531,Nichols
2280,"NICHOLSON MANUFACTURING, INC."
7322,"Nickels Boat Works, Inc."
9517,"Nicks Automotive, Inc."
13526,Nicot
2283,Niftylift
10697,"NIKOLA "
6437,Nikota USA
2329,"NILFISK ADVANCE, INC."
5018,Nilfisk Pressure-Pro LLC
6430,NILSON MANUFACTURING
10368,NIMBUS
10074,Nimmka
10156,"Ningbo Dalong Smooth Locomotive Industry Co., Ltd."
2368,"NINGBO KANGDA BICYCLE CO., LTD."
4302,Ningbo Motorcycle Factory
2644,"NINGBO SANJIANG DYKON MOTORCYCLE CO., LTD."
2336,Ninth Circle Customs
478,Nissan
9537,Nitco Drilling Products Division
11644,Nito Bikes
9898,NIU
4775,NIX Evil Twins
2665,NJD Automotive LLC
2338,NJF MANUFACTURING LLC
13164,NJSTAR
2339,NLB CORP.
12266,NO
13104,No Sweat
12094,NOAH'S
8238,Nobles Inc
1120,NoGas Electric Scooter Co
2661,Nogas LLC
10833,"NOLA "
10507,Nolan
12381,Noma Fabrication
4303,Nomad Custom Cycles
13690,Nomad Custom Sauna
2416,NOMAD GCS
10597,Nomad Off Road
9751,Nomad Trailers
2426,Nor-Tech Fabrication LLC
7600,Norac Systems International Inc
7038,NORBERT'S MANUFACTURING LTD
12748,Norcoast
12723,NORDEN
6216,Nordic
11664,Nordic Lodge Inc.
6217,Nordskog Marketeer
13547,Nordtek Trailers Inc
8130,Norfleet mfg. co.
13566,NORIAS AGGREGATE SUPPLY LLC
2422,Norman Power Systems
7722,Normand Co. Ltd
7834,"NORMco Energy Products, LLC"
8622,Nornberg Trailer
4304,Norris Truck & Trailer
4581,Norstar Trailers
12156,NORSTAR TRAILERS MEXICO S DE RL DE CV
9968,NorTex Trailers
8124,NORTH - EAST STEEL FABRICATION
3274,NORTH ALABAMA TRAILER CO. INC.
2428,NORTH AMERICAN CARGO
2429,"NORTH AMERICAN INDUSTRIES, LTD"
5764,North American Mfg.
4653,North American Motorcycles
4647,North American Tank
2449,"NORTH AMERICAN TRAILER, S.A. DE C.V. DBA NATSA TRAILERS"
9529,"North American Transit, Inc."
2459,North American Traveler LLC
6219,North Bay Truckworks
2462,North Coast Truck Body  LLC
2482,North Country Trailers
13782,North East JL Trailers
705,North Jersey Cycle
2489,North park Manufacturing
11672,North Point
6452,NORTH RIVER JET BOATS
2493,NORTH SHORE MANUFACTURING COMPANY INC
2498,North Shore Motorcycle
6309,NORTH SOUTH AUTO CONNECTION
7735,North South Connection Auto Sales Ltd
11570,NORTH STAR LOGISTICS
7146,NORTH STAR MFG
9058,North to South
11558,North Trail
7139,"NORTH VALLEY INDUSTRIES, INC"
8942,Northcutt
2532,Northeast Custom Cycles LLC
7962,"Northeast Fabricators, LLC"
8977,Northern Bay Manufacturing
2539,Northern Lite MFG. LTD
8284,Northern Repair & Welding
2544,"NORTHERN TOOL & EQUIPMENT, INC."
9183,Northern Trailer
8800,"Northern United, Inc."
2559,Northland Machine Inc
10168,"Northshore Truck & Equipment Co., Inc."
4322,NorthStar Fabrication & Machine
8981,"Northstar Mfg., Inc. of Aitkin, MN."
2562,Northwest Aluminum Trailers
2574,Northwest Custom aluminum Trailers
6511,Northwest Enterprises Inc
2575,"NORTHWEST MANUFACTURING, INC."
2581,Northwest technologies Inc
13109,Northwest Towers
9253,Northwest Trailer Sales & Service
11157,Northwind Trailer Group
2585,NORTHWOODS TRAILERS LLC
2343,Norton MotorCycles
5859,Nortrail
2366,Norwalk Trailers
5080,Norwood Sales
6258,NOTO CUSTOM WELDING
8430,"Nova Cruz Products, LLC"
12479,NOVA LOGIX
562,NovaBUS
2405,Novae Trailers
4323,Novak Custom Motorcycle
13012,NOVAMAXA
12690,NOVIELLI
6268,Now Systems
2413,NRG
2417,NRG Trailers
2418,NST MotorCycles
9481,NTC
9313,"Nth, Inc."
8524,NU
9299,Nu Tech Trailer Co.
2420,"NU WA Industries, Inc."
5436,Nu-Gen Products
6269,Nu-Wave Mfg Inc
13802,nuCamp
8664,Nudawn Metal Fabrication Inc.
12969,NuEnergy
4324,Nuko Industries
4844,Numi
11192,NURMAN
9864,Nuro Inc.
12697,Nursery Haulers
9604,Nuthouse Industries
8766,Nuttall Manufacturing and Equipment Company
7818,Nuttall Trailers LLC
13320,NV
11495,NWEI Tiny Homes
8262,"NWT Holdings, LLC"
2423,NY Motorcycles
1880,O & J Trailer Systems
11767,O & R
2424,O'Neal Trailers
4325,O.K. Corral
9436,"O.T. Fabricating, Inc."
5588,O.Z.Z Choppers
13379,O’Guinn ATR Trailers
607,O3 Industries
2427,Oak & Iron Trailers
1642,Oak Creek Homes
10620,OAK TINY HOMES
2450,Oakland County Chopper Motorcycle
2452,Oakley Trailers
13092,Oasis
11945,Oasis Trailer Manufacturing LTD
10882,OBI
11616,OBT
11376,OBX
4326,Ocean Choppers
2425,OCO Pressure Control Trailers
7179,OCS Marine Inc
12922,OCT
7643,Octane Trailers
7935,ODDI CYCLES
5860,Odom
5862,Odom's Manufacturers
6630,Odulair
12246,ODYSSEY
8270,Odyssey Extreme Machines Inc
11930,Odyssey Trailers LLC
12799,"Odyssey(ODYSSEY DESIGN AND MANUFACTURING, INC.)"
9048,OEM
8738,"OEM Fabricators, Inc."
10917,"OFF GRID "
4574,Off The Hook Trailers Corp
12304,OFFROAD CAMPERS LLC
11256,OFFTRAX CAMPERS
7036,OGAWA ENTERPRISE
13627,OGL ADV
4670,OH DEER AUTO BODY LLC
2457,Ohalee Trailers
7778,Ohio Fluid Products Company
2461,Ohio Steel Trailers
2465,Oilfield Repair Trailers
4585,Ok Schooners
9322,OK Trailer Mfg.
2022,OKA
4878,Okie Built Trailers
8038,OKLAHOMA GOOSENECK MFG INC
7251,OKT
2470,Old Dominion Brush
8631,Old Field Motorcycle Mfg.
2486,Old Glory Trailers
2491,Old School Motorcycle
9991,Old School Trailers LLC
2494,Old Town Choppers
4162,Oldsmobile
2377,OLIVER
2383,Olmax Fabrication
2400,Olson Owsley
11149,OLYMPIA
5516,Olympic
6990,"OLYMPIC FIBERGLASS INDUSTRIES, INC"
6912,"Olympic Manufacturing and Sales, Inc."
2402,Olympic Trailer
10259,Olympic Trailer MFG
7508,Olympic Trailers Inc
10121,Olympus
12368,OLYMPUS TECHNOLOGIES INC. / OLYMPUS
2415,Olympus Technologies Trailer
6919,"OMC Fishing Boat Group, Inc."
11894,OMCO
7960,Omega Manufacturing Inc
2419,Omega RV
9266,"Omega Southwest Mfg., Inc."
2421,"OMJC Signal, Inc."
5861,Omni
5863,On The Road
2451,On-site Fleet Services
13629,On-Site Industrial Products
10269,On1Design LLC
9368,Onan Corporation
12949,ONBOARD DYNAMICS
10735,ONE WAY AUTO
2444,Onken's Trailer
6007,Ontario Bus Industries Inc.
13795,Onyx
10298,ONYX Motorcycles
13806,ONYX Motors Inc
2446,OP Tank Trailer
8580,Op4 LLC
471,Opel
12047,OPEN RANGE
2456,Open Range RV Company
2458,"Open Road Motorcycles, Inc."
11147,OPERATION TINY HOME
2460,Operbus S.A de C.V.
2463,OPM Specialties
506,Optima
11889,"OPTIMUS INDUSTRIES, LLC"
12606,OPTRAFFIC
12554,ORA
12559,ORA GROUP / PEERLESS
2480,Orange County Choppers
5817,Orange EV LLC
13779,Orange RV
13804,Orange X
11588,OrangeLine
12496,ORC Trailers
2484,Orchard Hill Welding
9787,Oregon Corrections Enterprises (OCE)
7619,Oregon Food Trucks LLC
2502,Oregon Trailer
8979,Oregon Woodchuck
2503,Oreion Motors
12601,"ORGANILOCK, INC."
11652,Oriental Shimao
6005,Orion Bus
2527,Orlando Metal Fabrication
6285,Ornamental Iron Works LLC
2528,Orteq Energy Services
11482,ORZAM
8321,"Osborn Sheet Metal, LLC"
7509,Osborne Construction & Backhoe Inc
6286,Osbornes Welding
2530,OSCHOOL CHOPPERS
4981,OSCO PRODUCTS LLC / USA
517,Oshkosh
2385,Oshkosh Trailer
12901,Oso Loco Motorcycles
10094,Osprey Custom 4x4
8246,OSW Equipment & Repair Inc
13685,OSY Haulers
5050,Ottawa Brimont Corporation
5599,Otterbacher
8667,Otto's Custom Trailers
13386,OTV Trailers
11545,OTWI
5882,OutAbout
2404,Outback
6817,OUTBACK TRAILERS
10286,Outbound trailer
2406,Outbreak Customz
7795,Outdoor Aluminum
2412,Outdoors RV
4987,Outer Banks Beach Buggies
2629,Outkast Cycles
2445,Outkast Trailer
5215,"Outlander Trailer, LLC"
13241,Outlast
2447,Outlaw Custom
7798,Outlaw Mfg Inc
7381,OUTLAW RANCH TRAILER SALES INC
2455,Outlaw Trailers
12165,OUTLAW TRAILERS LLC
12123,OUTLAW TRAILERS SALES
9761,Overbilt Trailer Company
9824,OverBuilt
10579,OVERKILL CAMPERS LLC
5911,Overland
13314,"Overland (OVERLAND SERVICES, LLC)"
11061,OVERLAND NORTH AMERICA
9362,Overland R.V. Depot
2492,Overland Tank
13134,OVERLAND VEHICLE SYSTEMS
10534,Overstreet
10235,OVO
2497,Owens Cargo
5865,Owens Classic
5912,Owensby
4330,Owings Equipment Co.
10520,OwnBillboard
519,Owosso
3514,Ox
2526,OX Industrial
5370,Oxbo International
2529,Oxygen SPA
2501,Oyler
9088,OZ Bars
2504,Ozark
9001,"Ozark Sales and Service, Inc."
9856,Ozark Trailer Sales
10570,OZI CONCEPT
8572,P & A Trailers
9254,P & P Manufacturing
2506,P & S Machine
7699,"P & T Palmer, Inc"
8252,"P C Industries, LLC"
10042,"P&C Trailer & Repair, LLC"
13553,P&T
12770,P.50
7198,P/TAC INDUSTRIES INC
2500,Pace American
11607,Pace Trailers
6457,Pacesetter
4331,Pacesetter Boat
2549,Pacific Aloha
2579,Pacific Coachworks
4645,Pacific Coachworks LLC
7676,Pacific Coast RV Inc
7096,PACIFIC INDUSTRIAL SUPPLY
13242,Pacific Innovations Trailers
8790,Pacific Metal Enterprises
8712,Pacific Specialty
2588,Pacific Tank Energy
4329,Pacific Tek Trailers
9457,Pacific Trailers
10265,Pacifica Tiny Homes
11283,PACIFICTEK
13570,Pack Mule
5591,Pack Mule Camper
6451,"PACKER INDUSTRIES, INC."
2147,Packrat Trailers
7752,PackUp Trailers
2594,Paddle King
10427,Padgett Mobile Equipment
9429,Padgett Truck Bodies and Equipment
4767,Pagani
11077,PAGE DISTRIBUTION
4810,Pagsta
12715,PAIDM
12716,PAITS
7541,Paiute Trailers
11593,PAJCO Drop Axle Hunter
10807,"PAJCO TECHNOLOGIES "
5332,Pak-Mor Mfg. Reserved
12335,PALADIN MOTORS
12713,PALLA
2599,Palm Beach Golf Cars
10291,Palm Beach Trailers
2601,Palm Harbor Homes
9371,Palm Manufacturing and Sales
2602,Palmer
6248,Palmer Bodies
4571,Palmer's Welding & Fabrication
2603,Palmetto Precision
2604,Palomino
13794,Palos Custom Welding
4218,PAMLICO TRAILERS
4219,PANELLA TRAILERS
4025,Panic Cycles
4220,Panoz
5938,Panther
13124,Panther Cargo
5580,PANTHER MOTORS INC
8314,Panther Trailers
11526,PANUS
8914,"Panzer Motorcycle Works USA, Inc."
12734,Papan
7531,Paradise Trailers Mfg
6249,Paragon Enviromental System
13708,PARAGON TRAILER LLC
2543,Paramount Custom Cycles
5305,ParCar
5867,Paris
11714,PARK
2548,Park City Chopper
12848,PARK COTTAGES
2550,Park Liner
13002,Park Made/RV Trailer
12359,Park Model RV
6448,Park Models Manufacturing Inc
8862,Park N' Ride Trailers
13286,PARKER
2561,Parker Brothers Choppers
12282,Parker County Trailer Co.
7855,Parker Industries
2565,Parker Trailers
2568,Parker Utility
7955,Parklane Enterprises Inc
5869,Parkview Mansions
7253,"ParkWest Industries, Inc."
9023,"Parkwood Homes, Inc."
8429,Paron Industries Inc.
12714,PARRAY
12077,PARTNER
7225,PAS
12186,"PASQ, LLC"
11103,Passport
5868,"Patent Products, Inc"
10242,Pathway Trailer
12656,Patos Trailers
5316,Patriot
12339,PATRIOT BOAT TRAILERS
5654,Patriot Campers
2570,Patriot Energy Services
2580,Patriot Manufacturing
2589,Patriot Motorcycles
9923,Patriot Products Group
12908,Patriot Specialty RV
7617,Patriot Steel Fabrication
11641,Patriot Trailer
9588,Patriot Trailer Manufacturing
9170,Patriot Trailer Sales
11716,Patrol
5216,"Paughco MC, LLC"
2596,Paul Jr. Designs
9579,Paul Krohnert Manufacturing Limited
9120,Paul Manufacturing
4240,PAUL THUN'S CUSTOM WELDING
2597,Paul Yaffe Originals
8472,Paul's Trailer's & Manufacturing
5870,Pauli
11662,PAVE
2633,Paver Motorcycles
1904,PavMaster
10606,Payload
11472,Payload Trailers
7105,PAYNE'S TRAILER
8448,PB Choppers Inc
9527,PBCLV Inc.
6459,PBM
2658,PCI Manufacturing
10851,"PCS PERFORMANCE, LLC"
9703,"PD2, INC."
12912,PDG
9165,PDI Torax Systems
2525,"PDQ Metal Fab.,Inc."
10173,PDQ Trailers
5475,Peach Cargo
4730,Peachland Design and Fabrication
6272,Peak Fabrications
2660,Peak Industries
5217,Peak Manufacturing Inc.
2662,"Peak Manufacturing, LLC"
9982,Peak Outdoors
2663,Pearson and Pearson dba Chasony Concession
13506,Pebble Flow
11453,Pebble Teardrops LLC
11411,Pecan Trail RV LLC
2667,Peck Manufacturing
4623,Pecru Group
2669,Pedal Crawler
13035,Pedal Cruz
12197,Pee Dee Trailers
2674,Peel
9288,Peerless
2691,Peerless Manufacturing Co
2694,Peersouth
5392,Pegasus
2697,Pelletier Manufacturing
7800,Peltz Mfg Inc
6273,Peltzer Enterprises
4241,PEMBERTON FABRICATORS
6274,Pemco Equipment Co
9114,Pendergraft Trailers
8540,Pendu Mfg Inc
13787,PENN CENTRAL WELDING LLC
2698,Penn Jersey Cycles
4854,Pennsylvania Motorcycles
10987,"PENROSE "
9699,Penske
2702,Peoria Custom Cookers
4242,PERAVES AG
11947,Perch & Nest
6584,PEREWITZ CUSTOMS
11870,Performance Assembly Solutions
7010,PERFORMANCE FABRICATING
2705,Performance Indian
7044,PERFORMANCE TRAILER INC.
5630,Performance Trailers
7734,Performance Trailers Inc
2709,Perkins-T.P. Trailers
9137,Pero Trailer Mfg.
2714,Perrin MFG
5871,Perry
5872,Perry Ent
8932,Perry's Manufacturing Company
2718,Personal Trailers
10149,PES
5866,PES Inc
513,Pete's Golf Carts
8147,Petenwell Industries
495,Peterbilt
11387,Peters Manufacturing
6164,"PETERSON BUILT PRODUCTS, INC."
4243,PETERSON INDUSTRIES
11988,"PETERSON MANUFACTURING, LLC / Easley"
2723,Peterson Trailers
2724,Petro2Go
2727,Petrobull
5873,Petrofab Inc
6901,PETROSSI WELDING
8467,Petty Built Mfg.
6338,PETTY TRAILERS
5554,Peugeot
8516,Peugeot Motorcycles
4874,PEZZAIOLI
10723,PFS TRAILERS
12751,PG Trailers
12428,PGT TRAILERS
2731,Phantom Choppers
6558,PHANTOM CYCLE
8121,"Phase ll Truck Body, lnc"
11726,PHAT BOY
2734,Phat Custom Cycles
4915,Pheonix
13758,PhiBer Manufacturing Inc
8476,Phil Larochelle Equipment Inc.
2739,Phillips Diversified Manufacturing
5874,Phoenix
11989,PHOENIX BUILDING SOLUTIONS
13360,Phoenix Coach Works
13577,Phoenix Cruiser
10253,Phoenix Garage
2751,Phoenix Global
9249,"Phoenix Industries & Apparatus, Inc."
9369,"Phoenix Modular R.V., Inc."
2745,Phoenix Motorcars
4244,PHOENIX MOTORCYCLE WORKS
7893,Phoenix Rotary Equipment Ltd.
8785,"Phoenix Sports Cars, Inc."
7142,PHOENIX TRAILERS
2747,Phoenix Trailers INC.
2749,Phoenix Trailers LLC
13578,Phoenix TRX
8409,"Phoenix USA Impex, Inc."
2753,Photo-Sonics
4245,PI MOBILITY
12805,PIAGGIO
2678,Piaggio and Vespa
9469,Piccoli Motori
2759,Pick A Spot
11239,PICKMAN
7472,PID TRANSIT
2762,Piedmont Custom Trailers
8822,Piedmont Service Trucks
560,Pierce Manufacturing
4260,Pierce Manufacturing Company
9803,Piggyback Smokers
2767,Pik Rite
4261,PIKE EQUIPMENT & SUPPLY
12867,PIKE OVERLAND LLC
2773,Pilgrim International
7780,"Pilgrim International, Inc."
8880,"Pilgrim Manufacturing Co., Inc."
8710,"Pilling's F.R.P., Inc."
12229,PILOT
10359,Pilot View Golf Carts
11262,Pilotcar
10003,Pin Drop Travel Trailer
2783,Pin Oak Service
2787,Pine Cone Low Speed
13748,Pine Hill
9202,"Pine Hill Trailers, Inc."
10247,Pine Hill/Bauxlite
6368,Pine Ridge
7047,PINES
11614,Pines Trailers
12193,PINGANDAYUN
5661,Pininfarina
11673,Pinnacle
4262,PINNACLE INDUSTRIAL SERVICES
2788,Pinnacle Manufacturing
4912,Pinnacle Power Services Inc.
9777,"Pintail Duck Boats, LLC"
8884,Piona's Machine & Fab
4521,Pioneer
7974,Pioneer Fabricating Inc
7266,"PIONEER METAL WORKS, INC"
2819,Pioneer Pump
12104,Pioneer Truckweld
11903,"Pioneer, Prowler, & Prowler Lnyx"
4958,PipeHunter
8600,Pipeline Manufacturing
2825,Pitbull Fabrication
4270,PITBULL MOTORSPORTS LTD
2789,Pits by JJ
7623,Pitt Steel
2828,Pitt's & Spitt's
2831,Pitts Trailers
8844,Pittsburgh Motorcycle Works
5876,Pittsville Homes
13737,Pivot Power Inc.
6060,PJ
11137,"PJ TRAILERS COMPANY, S.A. DE C.V."
8626,PJ Woodwork LLC
9955,PJ's
2836,Placer Fire Equipment
13593,Plainscraft
2854,Platinum Cottages
7712,Platinum Manufacturing LLC
13403,Platinumstar
7333,PLAY PEN PRODUCTS
7057,PLAYBUOY PONTOON MFG. INC
8747,"Playmaker RV, Inc."
4271,PLEASANT HILLS
5014,"Pleasant Valley Homes, Inc."
2861,Pleasant Valley Teardrop Trailers
7437,"Pleasant Valley Trailers, Inc."
5877,Pleasant View Mfg
10891,PLH
2879,PLOT USA INC (ZERO ENGINEERING)
7197,PLS TRAILER MANUFACTURING
13757,Plum
12477,PLUMETTAZ AMERICA CORP
5878,Plunkett
2409,Plymouth
4453,PMD Motorcycles
5875,PMI
11485,PMI INC.
12895,PMRV
10540,PN Motors LLC
2890,Poe Const. & MFG
8079,Poke Tote
2927,POL-TECH MANUFACTORY
4989,Polar Corporation
12166,POLAR FOX
9184,"Polar King International, Inc."
12932,POLAR SERVICE CENTERS (PSC)
2921,Polar Tank Trailer
13679,Polar Texas
566,Polaris
10224,Polestar
10720,"Polestar Trailers, Inc."
8104,Polk's Farm & Fab
5075,Poly Cal Plastics
5451,POLYCOAT SYSTEMS
10104,Polydrops Inc.
2929,POLYJOHN TRAILER
9121,"Pomona Sheet Metal Works, Inc."
4272,POND KING
11240,PONDERAY
9405,Ponderosa Trailers
9724,PONTI-LOAD
536,Pontiac
2931,Pool Trailer Design
11187,POOL WATER PURIFICATION PRODUCTS
4784,Pop's LSV's
10714,Pop-Top
2942,Porkys Chopper
584,Porsche
2952,Port-A-Cool
12352,PORTABLE CAR HOIST
12043,PORTABLE CEDAR CABINS
6621,Portaboards
12782,PortaCams
2958,PortAFrame
2962,Porteon Electric Vehicles
11492,Porter Overland LLC
9567,Posey Lumber & Mfg.
8528,Posi-Plus
12744,"POSI-PLUS MFG., LLC"
4817,Pothole Patrol
8902,Potomac RV
7071,POTTER & SON TRAILER FABRICATING INC
12847,POURTER
12927,Powell Safety Solutions
5729,Power
8653,Power & Chrome
2979,Power Dynamics
9015,Power Equipment Co.
2987,Power Factory
13408,Power House
10530,POWER LINE CARGO LLC
8170,Power Manufacturing Inc
2991,Power Play RV
2992,Power Products
6846,"POWER SLED MOTORCYCLES, INC."
4473,Power Sports Factory dba Yamati Motorcycles
12832,POWER TRAILERS
9704,"Power Trip Rentals, LLC"
2993,Power Up Mobile
4529,"Power, Process & Industrial"
13448,Powerbase Solar
3001,PowerFab
13355,"PowerLink Energy Tech (Shanghai) Co.,Ltd."
13356,"Powerlink Energy, Inc"
2995,Powers Auto & Custom Bikes
4298,POWERSECURE
7176,Powertek
3006,Prairie Creek MFG
11907,Prairie Fire
3012,Pratt & Whitney Power Systems
3015,Pratt Industries
11380,PRATT INTERMODAL CHASSIS LLC
13001,PRATT UTILITY TRAILERS
3021,Prebola Products
5771,Precedent
7758,Precious Metal Customs Inc.
3023,Precise Metal Welding
7813,Precision
3026,Precision Boatworks
5053,"Precision Chassis & Engineering, Inc."
6847,PRECISION COACH INC.
12704,PRECISION CUSTOM SERVICES LLC
3029,Precision Custom Trailers
3033,Precision Custom Trailers LLC
3041,Precision Cycle Works
6857,"PRECISION EQUIPMENT COMPANY, INC."
3045,Precision Equipment Manufacturing
10474,Precision Fab
10809,PRECISION FABRICATING
6854,PRECISION FABRICATING & CLEANING
8392,Precision Husky Corporation
3048,Precision Laser & Mfg LLC
7423,Precision Metal Works & Fabrication
3068,Precision Motorcycle Concepts
3072,Precision Performance Motorcycles
3140,Precision Solar Controls
3076,Precision Trailer
7182,PRECISION WELDING
3077,Precision Welding and Fabrication
8197,Precision-Bilt
3081,Predator Custom Trailers
6276,Predator Eagle
8814,Predator Motorcycle Company
8576,"Preferred Cycles, Inc."
4300,PREMCO PRODUCTS
12850,PREMIA GROUP(Enduratrailer)
5631,Premier
5652,Premier Coachbuilders Inc
8347,Premier Coil
11443,PREMIER CRYOGENIC SERVICES
3085,Premier Fabricating INC
3087,Premier Fabricators LLC
4301,PREMIER NORTHWEST
3090,Premier Pump and Power
3092,Premier Pump Company
3095,Premier Trailer
6861,"PREMIER TRAILER MANUFACTURING, INC."
12290,PREMIER TRAILER SOLUTIONS LLC
7971,Premier Trailers
11174,PREMIER TRAILERS INC
5880,Presidential Arm
11047,Prestige
10786,Prestige Trailers
4148,Prevost
3097,Priefert MFG
7861,Priest Motor Corp.
12404,PRIME B.H.
12116,PRIME FOOD TRAILERS
9929,Prime Manufacturing
12651,"Prime Manufacturing (ULTRAQUIP, LLC)"
8795,Prime Trailer Products
13135,Prime Trailers LLC
8240,PRIMO TRAILERS
3100,Primus Steel Solutions
12107,PRITCHARD METALFAB
13236,PRIVATE LABEL
9420,"Pro Auto Sales & Salvage, Inc."
3103,Pro Cycles & Accessories
3104,Pro Dog Creations
3107,Pro Fab IND
3110,Pro Fish Enterprises
8473,Pro Lite Trailers Inc
6766,PRO PULL
13424,Pro R66 USA Food Trailers
10078,Pro Sport Trailers
11267,PRO STANDS
4316,PRO TILT
5220,Pro Welding & Fabricating
5418,"Pro West Mechanical, Inc"
4317,PRO X TRAILERS
6004,Pro-Craft
13082,PRO-FAB TRAILERS
3135,Pro-Formance Manufacturing
2659,Pro-One
2540,Pro-Par
8081,Pro-Street Frameworks
10119,Pro-Tainer
7866,Pro-Tec
2551,Pro-Tech
4319,PRO-TRAK TRAILERS
3113,Proaxis
3114,Probilt Body & Trailer
9076,Probuilt
7864,Proc
5346,Process Engineering Inc
11375,"PRODUCTION TECHNOLOGIES, INC"
6864,PRODUCTION WELDING
3116,Productos Y Servicios Regger
3118,Profab Mex SA DE CV
13249,PROFESSIONAL TRAILERS
3120,Professional Welding
6868,PROFILE TRAILERS
11734,PROFOOD AND WHEELS
3130,Proform Trailers
11645,"Proform Trailers, Inc."
8087,Progress
3136,Progress Solar Solutions
6429,Progress Tank
4318,PROGRESSIVE DESIGNS
836,Progressive Products
2534,Progressive Trailers
9828,Progressive Trailers Inc.
2537,Prohauler
7814,Project X Choppers
2538,Proline Products
2666,Proline Trailers
2996,ProLite
7313,Prolite Trailers
9000,Promark Products Inc.
13568,Promatec
10505,Promise Land
10922,"PROPEL "
12522,Propell
2545,Proper Chopper
12637,PROPPED UP MOTORS
3124,ProService
1933,Prospector
9033,ProSportsman
2547,Prostar
2558,Protected Vehicles
2672,Proterra
7657,Protow Trailers
12672,Proud Trailers
4320,PROWELD
11561,Prowler
12747,PROWORKS LLC
12179,"PRS Holdings, LLC. DBA Rhino Trailers"
6870,"PRYCO, INC."
4780,PST
2560,Psycles
4321,PT WELDING
4689,Puck Custom Enterprises
10740,Pud Pro
7252,Puffy Boy
13432,Pulada
9592,Pull Proven Products
6377,Pull-Wright
2567,Pullman Modular
5221,Pullright Trailer Inc
6871,PULVER RACE FAB
2572,Pulverisateur
9583,Pumps Incorporated
13674,Punch Trailers
6530,PURDY ADVENTURE TEARDROP TRAILERS LLC
2675,PurdyBilt
12952,PURE
2578,Pure Hell
6598,PURGATORY TOWING INC.
2584,Puro Remolque S.A. de C.V.
2677,Purple Chopper
4951,Purple Line LLC
8462,Pursuit
9324,Putnam Manufacturing
6334,Putzmeister
11876,PUVITER
11525,PWRW
5881,Pyramid
10531,QC CART CRAFT LLC
2685,Qianjiang Motorcycles
13069,QIJUE
2592,Qingdao Singamas
2696,Qingqi
2703,Qingqi Group Ningbo Rhon Motorcycle
4819,Qipai
11535,QJMOTOR
13591,QJTEC
10111,QMC Cranes
2593,QMe
2722,QPS
9972,QSB Trailers
10563,QTC
8778,Quadra Manufacturing
2598,Qualitech
6335,"QUALITY BUILDING SYSTEMS, L.L.C."
10185,Quality Cargo
2710,Quality Concession Trailers
9108,Quality Craft Corp.
8008,Quality Discount Trailers
8583,Quality Electric Systems
2712,Quality Industrial Construction
2713,Quality Machine Company
8164,Quality Manufacturing Co
2717,Quality Manufacturing Corporation
8165,Quality Modular Structures
3478,Quality Performance Trailers
7131,QUALITY PRODUCTS
2725,Quality Rebuilt Autos & Manufacturing
6310,QUALITY SPECIALTY PRODUCTS
6476,Quality Specialty Trailers
2728,Quality Steel & Aluminum Products
7991,QUALITY TRAILER & RV'S
2730,Quality Trailer Enterprises
2743,Quality Trailers Inc
11268,"QUALITY TRAILERS OHIO, INC."
10861,"Quality Trailers, Inc."
8126,"Quality Truck Bodies & Repair, Inc"
2750,"Quality Welding & Fabrication, Inc."
6168,Quality Welding Service Inc
2736,"QualityTrailer Manufactury, Inc."
2617,Quantum Leap
10912,QUANTUM-XE
2619,Quantya SA
7645,Queens Motor Company
479,Quest Manufacturing
4328,QUICK SILVER CUSTOM TRAILERS
11407,QuickLoadz
4590,Quickloadz Container Delivery System
4551,Quik Manufacturing DBA QMC
2622,"Quitman Tank Solutions, LLC."
2634,Quixote MM LLC
2637,Qunsheng Group
11528,QWF
7587,QWS TRAILER INC.
8166,"R "" 2"" LTD"
2679,R & A Manufacturing
7730,R & B Aluminum Fabricators
2640,R & B Industries
2642,R & D Baker Trailers
7912,R & D Design and Fabrication
10397,R & H
2647,R & H Specialties
9994,"R & J Builders of Aiken, S.C., Inc."
7308,R & J Trading
2651,R & J Trailers
7439,"R & J Trailers, Inc."
8908,R & K Precision Grind
2769,R & M Trailer Mfg. Inc.
5774,R & R
6342,R & R CUSTOM TRAILERS & PARTS INC
8051,"R & R FARMS, MFG"
8123,R & R Welding
13751,R & S
2654,R & W Enterprises
9497,"R and I Holdings, Inc"
13226,R AND R
9237,R and S Trailers Inc.
12486,R E V
2656,R Jenkins Trailers
11706,R Tiny Homes LLC
11634,R Venture
2754,R Way Trailer
8662,R&B Fabrication
2763,R&D Machine of Marlboro County
2752,R&D Precision Machine & Fab Inc
8558,R&D Trailer Service dba Merlot Tarpaulin & Sidekit Mfg. Co. Inc.
11140,R&H
8674,"R&J Industries, Plus Inc."
8808,R&J Trailers
6964,R&S CUSTOM CYCLES
2771,R&S Custom Trailers
2774,R&S Trailers
6383,R&W TRAILERS INC
4338,R-ANELL HOUSING GROUP
2695,R-Vision
9265,R-Way Corporation
2777,R. E. Plante Company
8945,R. M. Welding
6172,R.A.M. TRAILERS
9847,R.C. Lyon & Co. LLC.
7889,R.E. PRESCOTT CO. INC
7141,R.G. HOOD WELDING SERVICE
8957,R.H. Manufacturing
9440,R.J. Cox Co.
2778,R.J. Stroup Tool and Die
2781,R.K. Cycles
2782,R.M. Johnson Company
7904,R.M. Warren Manufacturing
4337,R.N.R. CUSTOM CYCLES
12809,R.U.Trailer
9303,"R.V. Mini Mart, Inc."
8334,"R/C Scooters, Inc."
9245,RAB Trailer Manufacturers
10418,RAC
6496,"RACE CITY RV PRODUCTS, LLC."
6956,RACE COACHES LLC
7844,"Race Rigs & Trailers, L.L.C"
5775,Race Tech
5286,RACE TRAILERS
6923,RACEMASTER ENGINEERING TIRE AND PERFORMANCE
2784,Raceport Custom Trailers
11936,Racer Chaser
9986,RacersRig
11589,Racetek
2786,Racing Lizard Chopper
8839,"Rackley Bilt Custom Trailers, Inc."
10913,RAD
10221,RAD Customs Central Florida Choppers
12674,RAD DOG CUSTOMS MOTOR CORP
11873,RAD RYDZ
13458,Radiance
12997,RADIANCE INC
2820,Radical Curves Custom Motorcycles
6449,RADIOACTIVE CYCLES
7231,Radley Custom Trailers
11468,Raft Trailer
9961,Rage
2823,"Rage'n, Inc."
2865,Raging Iron Choppers
5223,Raglan Industries Inc
9750,"RailPod, Inc."
13492,Rain
8958,Rainbow Industries
2824,Rainbow Trailers inc
8075,Rainier Enterprises
8544,"Rainier Hydraulics, Inc."
2830,Rainier Truck and Chassis
5438,Raja Trailer
10898,"RALLY "
6265,Rally Sport
4983,Rally Time
2832,RallyTime Trailers
496,Ram
5224,"Ram Enterprises, LLC"
8069,Ram Fabrication
9050,RAM OEM Trailer
2834,Ram Transcorp
6177,Ram-Lin
10509,Rambler
5883,Ramika
7405,Ramirez
6173,RAMP AGE TRAILER CO.
3391,Ramp Champ
4827,Rampless
4952,Rampless Motorcycle Trailers
5559,Ramptek
12487,RAMSA
2837,Ramsey Fabrication
6431,RAMSHORN WELDING
5492,RamVac
6200,Rance Aluminum Fabrication Inc
12124,Ranch Land Solutions
7885,"Rancher Trailer Company, Inc."
6657,Randco Tanks
9263,Randi and Assoc. Corp. dba Trans Spec
11702,Randon
11865,RANDON NORTH AMERICA LLC
5884,RANGE
7635,Ranger
2839,Ranger Boat
11234,RANGER TRAILER
2843,Ranger Trailers
2849,Rankin Industries
11801,Rankins Uniques
2859,Ransom Motorsports
12484,RAP
11543,RAP / R Antonio’s P
8686,Rapid Hook Transportation Systems Inc.
2862,Rapid Power
7505,Rapid Tool & Equipment
10362,RAPTOR
10991,RAPTOR DESIGN & ENGINEERING LLC
12902,RAPTOR MFG.
2869,RAS Internation LLC
2876,Rat King Kustomz Motorcycle
2874,Rat King Kustomz Trailer
2882,Rat Race Trikes
6204,RAT Trailer Mfg
10439,RATTLECAN
6532,"RAVEN MOTORCYCLE "
12985,Ravenna Boat Works
2885,Raw Iron Choppers
13227,Rawatron
7580,Rawmaxx
11983,RAWRR
9256,Ray Gaskin Service
2901,Ray's Body Shop
2905,Ray's Custom Trailers
7050,RAYCO
11396,RAYCO TRAILERS
8829,Rayfab Inc.
2887,Raymond's Utility Trailers
2892,Rayner Equipment Systems
13661,Raystar
5379,Rayttle
2912,Razorback Industries
2923,RB Components
4999,RB Fabrication LLC
2924,RB Trailer Manufacturing
10228,RBD
7543,RBG INC.
6161,RC
4365,RC MOTORSPORTS
9807,RC TRAILERS
5509,RCM
12009,RCM MANUFACTURING
5387,RCM Motorcycles
13003,RCO
12086,RD TRAILERS
12499,RDB
8841,RDM Products
2925,RDVehicles
7192,RE-TECH
2926,Ready Customs
11475,Ready2Go
10596,ReadyFab
5750,Real-Lite
7954,Reality's Edge Inc.
13189,Reansol
7831,Rears Manufacturing Co.
2928,Rebel Custom Trailers
2930,Rebel Equipment
4655,Rebel Manufacturing
9008,Rebel Manufacturing Inc.
5432,Rebel West
4362,REBELL INNOVATION
5885,"REBUILDERS & SANDBLASTERS, INC"
12608,RECAMZA
10371,Reconnect
10458,RECONVIEW
12561,Rectangle
2974,Red Baron Choppers
2990,Red Baron Motors
2981,Red Baron Trailers
7590,Red Dawg Trailers
5365,Red Ewald
5135,Red Fern Dynamics
2994,Red Horse Motorworks
8426,Red Hot Customs
10660,Red Mountain
3014,Red Oak Mfg
8078,Red Ox
8077,Red Rhino
7682,Red Rhino Manufacturing
5886,Red River
11700,Red River Fabrication
7235,RED RIVER M TRAILER SALES
10145,"Red Rock Trailer Mfg, LLC"
13298,Red Runner Processors
5393,Redi-Haul
10749,REDLAND
2997,Redland Manufacturing Company
7564,Redline
11743,REDLINE CUSTOM TRAILERS / CROWNLINE
11740,REDLINE CUSTOM TRAILERS / REDLINE
4538,"Redman Manufacturas, S.A. DE C.V."
3000,Redman Welding & Trailer
11105,Redwood
4363,REDWOOD METAL WORKS
12636,REE
3004,Reeb Manufacturing
10128,Reed
6735,REED'S WELDING INC
11280,REEDE
13447,Reel Deal Trailers
8614,Reel EZ Trailers
3007,Reelstrong Inc
10372,REEVES WELDING
13446,Reflex
9757,Refuge Rock Trailers
3009,"Regal Mobile Solutions, LLC"
13267,REGAL RAPTOR
13083,Rehab Garage
3013,Rehme Manufacturing
2793,Reid's Trailer
13148,Reign
2794,Reilley Welding & Metal Fabrication
9030,Reilly Incorporated
13332,Reinco
7228,Reinco Inc
2795,Reinert MFG.
2796,"REINKE MANUFACTURING COMPANY, INC"
5101,Reiser
5594,Reitnouer Inc
3377,Reitz's Custom Trailers
1520,Reliance
10678,Reliance Repair
13195,Reliance Trailer
2797,Reliance Trailer Sales
8179,Reliance Trailers
11546,"Reliance, Alloy, Comet, Sturdyweld"
5002,"Relic Custom Trailers, LLC"
11130,REMACKEL TRAILERS
11397,REMEQ
7499,REMOLQUES AGAMAR C.A.
11859,REMOLQUES DEL CORREDR
2798,Remolques Di-Kar
12011,REMOLQUES EL AGUILA 602
2799,Remolques Enmar
13347,Remolques FTM de Monclova
11840,REMOLQUES GUHA
4683,REMOLQUES NARIZON
12423,REMOLQUES QUSEM
11839,REMOLQUES SAN JUAN
10815,REMOLSA REMOLQUES SALDUA
8112,Remorques
8487,Remorques Action Air Trailers International Inc.
13652,Remorques Packet Inc.
11402,Remorques Savage
6313,Renaissance
7715,Renaldo Sales & Service Inc
13647,Renault
7015,Renco
12574,Rendon Trailers
9878,Renegade
2800,Renegade Motorcycles
10729,RENEGADE TRAILERS LLC
9697,RennWorks Trailers Manufacturing
11031,RENTAL TRAILERS
5879,Replica Mini Trailer
2801,Repoman Choppers
11106,Residence
5378,Respo
2802,Retesa
9581,"Retract-O-Craft, Inc."
11107,Retreat
1819,Retriever Motorcycles
10251,Retriever Trailers
11749,RETRO
10643,Retro Ride Teardrop
12718,RetroRide
2803,"Retting Enterprises, Inc. dba Retco"
6314,Retzer Custom Design Trailers
9601,Reube's Welding
12448,Rev
6426,Revel 42
11059,Revel Off Grid
4859,Revology
12474,REVOLUTION BUILT
7654,Revolution Cycle Company
7661,Revtech Industries
13169,Revue
7720,Rewaco
2804,Rewaco Spezialfahrzeuge GMBH dba Rewaco
13709,REWARD CATERING LTD
2805,"Rexhall Industries, Inc."
6315,"REXMONT PRODUCTS, L.L.C."
13666,Rexton Trailers
9346,"Rexworks, Inc."
12756,Rey Cargo
5887,Rezner
11893,RGN MANUFACTURING
11378,RGR Trailers
10822,RGS
11587,"RGV TRAILER SALES, LLC"
2806,RHC Specialni Privesy
9091,"Rhea's Trailer Sales, Inc."
6410,RHINO
12923,RHINO BUILDING
12686,Rhino Chassis
8015,Rhino Corporation
11066,RHINO FOOD
4368,RHINO MARINE
6316,Rhino Metals Inc
2807,Rhino Motorcycles
8875,Rhino Services LLC
2808,Rhino Trailers
9962,Rhino Trailers LLC
10637,"Rhino, Prime Cargo"
3235,RHM
13683,Rhyno
2809,Ricco Trailers S.A. DE C.V.
5888,RICE
2810,Rice Trailer
8107,Rice Trailers
7516,Rich's Vacation Cottages
2811,Richard Carter MFG.
7630,Richard Glaves
8315,Richardson Rice Trailers Ltd
8134,"Richcreek Muffler, Inc"
2812,Richway Industries
1338,Rick's Fabrication & Design
10352,Ricks Truck and Trailer Repair
12659,RIDDLE METAL WORKS
12552,RIDE
10835,"RIDE ON RIDE OFF "
2813,Ride-Rite Motorcycle Trailers
3523,Ridge & Valley Metalcraft
2814,Ridge Runner Trailers
10060,Ridgefield Custom Trailers
12868,RIDGELINE
2815,Ridgestone Cabins
6235,Ridgeview Racing Inc
13210,Ridgeway
6236,Ridley
2816,Riecher's Truck Body & Equipment
2817,Rief Design & Manufacturing
13199,RIF PERFORMANCE
2818,Rig Works
12305,RIIT
7523,Riley Design & Fabrication
2933,Riley Technologies
11586,Rileybilt
11921,RIMAC
2934,Ring-O-Matic Manufacturing Co.
5408,Ringo
5889,Ringtown
12203,RINNAI
7143,RIONED
2935,Ripple Effects
8396,Rising Star Trailers
2936,Risk Investments dba Vanderhoff Speed and Chrome
12887,RIVER BASIN
2937,River Bend Choppers
2938,River Depot
12665,RIVER RIDER
5108,"RIVER RIM TEARDROPS, LLC"
6328,"RIVER RUN ENTERPRISES, INC."
4664,River Steel
7249,RIVER VALLEY SALES
4909,River Valley Trailer LLC
2939,Riverbed
2941,Riverbend Equipment Leasing
13731,Rivercraft
2944,Riverside Cruiser
6329,Riverside Hitch & Trailer
2945,Riverside RV
2946,Riverside Travel Trailer
4587,Riverside Welding and Fabrication
5445,Riverview Manufacturing Inc
2947,Riverwolf Boats
10887,RIVIAN
12667,RIZON
5388,RJ Distribution Inc.
13673,RJ Trailers
6331,RJK&H Inc
8127,RKB Inc.
10392,RKS
11020,RLC WELDING
11917,RM Thune LLC
10358,RMART
6295,RMC
2948,RMD Technologies
13423,RMF
13388,RMS
11040,RMS TRAILERS
2949,Ro Drift Boats
11649,RO-ME
11874,RO7
3066,Road Boss Trailer MFG.
9428,"Road Boss Trailers, Inc."
7376,Road Builders Trailers
11515,ROAD DOG
8601,Road Dog Trailers
3065,Road King Trailers
3064,Road King Trailers of Florida
3063,Road Rash Trailers
8962,"Road Ready Trailers, Inc."
6332,ROAD RUNNER
11884,ROAD TRAMPS MC
3715,Road Truck Engineering
3062,Road Warrior Sports LLC
9987,"Roadclipper Enterprises, Inc."
7069,Roadhog Trailer Mfg
12664,Roadhouse Cycles
3061,Roadman Campers
2476,Roadmaster
7056,"ROADMASTER INDUSTRIES, INC"
4396,ROADMASTER LLC
7370,"Roadmaster Motor Cycles, Inc"
10629,Roadrunner
8293,Roadrunner Mfg. LLC
13692,Roadrunner Teardrops
3060,"Roadrunner Trailers, LLC"
4397,ROADSTERTEC
3059,Roadway Utility Trailers
6333,ROADWORKS MANUFACTURING INC
13550,Roam
9220,Roamer Corporation
3058,Roar Motorcycles LLC
9431,Rob's Inc.
8244,Rob's Welding & Fabrication
3057,Robb Technologies LLC
5283,ROBBINS MFG.
6918,"ROBCOL, INC."
12287,ROBERSON TECHNOLOGIES LLC
4639,Robert Allen Mowery Ramco
3964,"ROBERT E. KING EQUIPMENT, INC. dba KING EQUIPMENT CO."
3167,"Robert L. Barr Enterprises, Inc. dba Timeless Tear Drop Trailers"
4470,Robert Van Fleet dba Cash Wagons
13095,Roberts
8649,Roberts Auto Sales
8930,Roberts Metal Manufacturing Company
3168,Robin Construction
3169,Robinson Metal Inc. dba Robinson Custom Enclosures
3170,Robinson Vacuum Tanks
9178,Robison Manufacturing Trailer Sales
10431,Robson XTT
9363,"Rochelle Steel Fabricating, Inc."
11883,ROCK AND ROLL TRAILERS
3171,Rock Bottom Choppers
3172,Rock City Trailers
13218,Rock Climber
6432,ROCK CREEK CUSTOM TRAILER INC.
3173,Rock Island Manufacturing
4308,Rock Line Products
5891,Rock Rapids Repair
8360,Rock Solid Cargo
6244,Rock-N Diamond
3174,Rockandrod LLC dba Terrain Campers
12507,ROCKBAR
13555,RockBuilt Trailers
4309,Rockem & Sockem Motorcycle
13746,Rocket
8809,Rocket City Cycles
6245,ROCKET FIBERGLASS
5539,"Rocket International, Inc."
11636,Rocket Marine
579,Rocket Rogers Victory Old 97 Choppers
3176,Rocket Sled Motors
12752,"ROCKETRUCK, INC."
9292,Rockin H
12117,Rockin' S Trailer
6246,Rocking Chair Manufacturing
6814,ROCKING R ENTERPRISES INC
4310,Rockland Coach Works
3177,Rockland Custom Trailers
4613,Rockwood
7474,Rocky ATV Trailers Inc
10686,ROCKY MOUNTAIN CHALET
3178,Rocky Mountain Choppers
3179,Rocky Mountain Manufacturing
3180,Rocky Mountain Trailer Company
3181,Rocky Mountain Trailers
3182,Rocky Mountain Welding & Fabricating
7888,Rocky Top Trailers
3183,Rod Chomper
10023,Rod Iron Custom
9032,Rodco Manufacturing Incorporated
3184,Rods & Rides By TD
3185,Roehr Motorcycles
13641,Rog
11828,Rog/Venu
3186,Roger King dba Myers Welding
10226,ROGERS
13119,ROGERS WELDING
10566,Rogue
7578,ROGUE CHOPPERS
8810,"Rogue Industries, Inc."
13296,Rogue Truck Body
6237,"ROHR MFG. GROUP, INC."
12710,ROI Specialties LLC
3187,Roketa
13524,ROKIT
4763,Rokon
3188,Roland Curtains U.S.A.
2390,Rolco Trailers
4311,Roll-A-Home
10139,ROLLIES TRAILERS
13011,ROLLIN KITCHENS LLC
8852,Rollin' Custom Cycle
4312,Rollin-S Trailers
9946,Rolling Acres Cabins
3189,Rolling Boat
3190,Rolling Industries
3191,Rolling Thunder
3192,Rollingstar Manufacturing
3193,Rollinoak
3194,Rolloff Systems
3195,Rollon Trailer Corporation
8084,Rollrite Trailer Manufacturing
6238,Rolls Rite Trailers Inc
445,Rolls-Royce
3196,Rollz Fabrication
3197,Roman Wrosz dba Romans Design
12070,ROMARCO
2961,Ron's Trailers
6503,"RON'S TRAILERS, INC."
3198,Ronald J. Menard dba Ron's Fix-It Shop
8062,"Ronco Trailer, Inc"
3199,Rondar Raceboats
6568,RONNIE AKERY WELDING
3002,Ronred Customs
2963,Ronson MFG
9355,Roose Manufacturing Co.
2965,Rooster Custom Cycles
6545,ROPER MANUFACTURING
11797,Roque Trailers LLC
9861,Rosa
11850,ROSE CITY CANOPY INC.
9609,Rose Welding & Trailers
2970,Roseburg Trailer Works
11696,Rosenbauer
9893,Rosenbauer Arff
9894,Rosenbauer Chassis
9890,Rosenbauer Minnesota
5358,"Rosenbauer Motors,LLC"
9892,Rosenbauer Nebraska
9891,Rosenbauer South Dakota
5766,ROSEWOOD
8564,Ross Hill LLC
2972,Ross Motorcycles
4603,Ross Technology Corporation
11229,ROSTAM
10389,ROTAIR
12930,ROTO-MIX
12545,Rotofab Inc
2977,Rough V.A.C. Trailers
10644,Roughcut
3125,Round 2 Motorcycles
12084,ROUND HOUSE
3126,Route 6 Trailers
7511,Route Sixty Six Motorcycles LLC
5225,Route2Trailers.com
11997,Rove Lite
10652,Rover
10459,Roving Pony Campers
12242,ROWAMERICA
7803,Roy's Custom Trailers Inc
9831,Royal Alloy
11459,Royal Bengal Engineering
12491,Royal Built
6582,"ROYAL CARGO, LLC"
12143,Royal Carts
10700,ROYAL ELECTRIC VEHICLE
3128,Royal Enfield
10600,Royal Enfield Highway Motorcycle
10662,Royal Enfield Highway Motorcycle and J Product family
4818,Royals
10902,"ROYALTY FABRICATION, LLC."
10545,Royco
2911,Roygatti
11980,RPB
13705,RPG Brands
5299,RPM
4315,RPM Custom Choppers
13105,RREV
11658,RRR
13078,RRR (Triple R)
12172,RS
9740,RS Manufacturing
6263,RS Spider
13074,RS UNIVERSAL MANUFACTURA
3132,RSSI Barriers
3237,RTA Trailers
5597,RTD Manufacturing
6404,RTDI
3133,RTM Group
6797,RTM Trailers
9981,"RU2 Systems, Inc."
13817,Rude Boy
5226,Rude Dog Trailers
4347,Rudes Riggs
6206,Rudy's Truck Body Repair
12550,RUF
3137,Ruff & Tuff Electric Vehicles
3138,Ruffneck Custom Trailers
6388,"RUFFNECK TRAILER COMPANY, INC."
12879,RUGGED TOUGH TRAILERS
11292,RUGGED TRAILERS
5227,"RuggedBilt-USA, Inc"
3141,Rullo Custom Cycles
4348,Run Roader
3143,Runaway Trailers
12187,RUNHORSE
11196,"RUPP OVERLAND CAMPERS, LLC"
13754,Rush
6207,Rush & Son Inc
3144,Rush Creek Welding and Manufacturing
9940,"Russ Welding and Machine, Inc."
9341,Russell H Sonnenberg
3146,Russell Marlowe Custom Cycles
11342,Rustic Trail Campers
11927,RUSTIC TRAIL RV
9667,Rutana
3148,Ruthless Motorcycle Company
3150,RV Direct
12105,"RV ELEMENT, LLC"
11036,RVA CARTS
3151,RVC Trailers
4349,RVSQUARED
3228,RW Welding
7853,"RWCI, INC."
3229,RWN Contractors
11783,RXV
4350,Ry-Chase
8132,Ryan Trailers
13617,Rydz
11924,Ryvid
6420,S & B TRAILERS
3244,S & C Trailer Sales & Manufacturer
7413,S & D Manufacturing
6211,S & J Mfg
9003,S & M Equipment Corp.
8992,S & R Industries
8119,S & R King
3260,S & S Lite Line
6208,S & S Manufacturing Inc
3250,S & S Trailer & Truck Equipment
8368,S & S Trailers
6209,S & S Welding
10308,"S & S Welding, Inc."
6210,S & W Welding Inc
8161,S * S COMPANY
3252,S and C Enterprises of Tarboro
4351,S C Trailers
13580,S Outdoors
13618,"S&S CABLE, LLC"
9426,S&S Custom Trailers
3253,S&S Cycle
3246,S&S Motorsports
11521,S&S Trailers
3262,S&S Worldwide
4724,S&V Fabrication & Steel LLC
7383,S.A.P TRAILERS
9285,"S.D. Pitman, Inc."
6220,S.D.P. Manufacturing Inc
3316,S.I.C. Choppers
9610,S.T.I
3318,S/C Choppers
13160,S3
572,SAAB
11860,Saber
3319,Sabers Specialties
3325,Sabertooth
9626,Sabre Bus & Coach Corporation
9344,Sabre Luxury Coach Inc.
3333,Sabre Trailers
1840,SACIN
2606,Safari Condo
10399,SAFE ROOM DESIGNS
9384,Safe-Ride Trailers Inc.
9071,Safe-T-Pull Inc.
4354,Safe-T-Tank Corp.
3334,Safety Technologies
3336,Safety Trailers
12357,SafTCart
12882,SAG
11941,SAGE
3337,Sage Industries
5372,"Sage Oil Vac, INC"
8520,"Sage Pump Services, LLC"
12668,Saginaw Products Corporation
6629,SAI GON CHAN PHAT JOINT STOCK COMPANY
3338,Sail Trailers
6222,SAKO CORPORATION
2726,SALBOATTRANSPORTER TRAILERS LLC
4355,Saleen
2732,Salsco INC
2738,"SALTY'S MANUFACTURING, LTD"
6068,Salvation Trailers
5765,SAM'S
2757,Samhell Choppers
6223,Sammy
5892,Samson
7627,SAMSON TRAILERS INC
6939,SAN CLEMENTE GOLF CARTS
7302,SAN DIEGO CUSTOM TRAILER & LIQUID TANK MFG.
10010,San Jose Conservation Corps + Charter School
5637,San-Jo Trailer
7710,Sanchez and Son Manufacturing
4607,Sanchez Brothers Enterprises Inc.
2765,SANCHEZ TRAILERS
13797,Sand Shark Trailers
6296,Sand's Welding Inc
7745,Sandbagger Corporation
5895,Sanden
7532,Sanders Trailer Service
6297,Sandpoint Custom Iron
2776,SANKEPALLY MOTOR COMPANY LLC
13765,Santana
3093,Santek Trailers
2780,"SANTIAGO CHOPPER SPECIALTIES, LLC"
13157,SANY
2785,"SANY HEAVY INDUSTRY CO., LTD"
5320,SANYOU
8515,"Sapper Trailers, Inc"
2790,SAPPHIRE SCIENTIFIC
2791,SARATOGA CUSTOM CYCLES
11063,SARO CAMPER
2792,SAS GROUP LLC
6229,Saskarc Industries Inc
11432,Sasquatch Campers
11659,SASQUATCH III
10137,Satellite Industries dba Satellite Suites
1056,Saturn
12576,Saturn Industries
10170,Saturn Machine & Welding Co Inc.
4356,Sauber MFG. Co.
5893,Saucier's Welding Inc
6427,SAUK TECHNOLOGIES
12808,SAUTTIS LLC
5783,Savage
4357,Savage Cycles
5719,Savannah
7982,Savannah Machine Shop & Loader Co
9634,SAW
12856,SAW Manufacturing
2846,SAW MANUFACTURING LLC
11791,SAWS
10971,"SAWTOOTH CARGO CARRIER "
13530,Sawyer Trailers
11374,SAWYER TRAILERS LLC
9752,Saxon Enterprises
4341,Saxon Motorcycle
13266,SBS
12738,SC AUTOSPORTS
2857,SC TRAILERS INC.
12062,Scaf Pak
2866,SCAG GIANT-VAC
9865,Scag Power Equipment
5899,Scammell
10103,Scamp
9587,Scamper Canada Ltd.
5107,Scania
2873,"SCAR, INC"
2956,Scarab
9443,"Scarab Manufacturing and Leasing, Inc."
2877,SCEADU DESIGN
4358,Scelzi Equipment
2909,SCENIC VIEW WELDING
11028,SCF Trailers
1013,Schaben Industries
2953,"SCHANTZ & SONS, INC"
7280,SCHELL MANUFACTURING
6259,SCHIEN TRAILERS
2960,SCHLAGEL MANUFACTURING INC
10035,Schloer
2964,SCHNELLER MANUFACTURING INC.
5066,Schodorf
2969,"SCHOOLHOUSE MOTORCYCLE ACCESSORIES, INC."
5900,Schoon Backhoe Service
2975,"SCHRAMM, INC."
9796,Schroeder Machine
2985,"SCHUH SHOP, LLC"
3011,SCHUTT INDUSTRIES
9226,Schutt's Welding
7561,"Schwartz, Indy, Inc."
3016,SCHWARTZKOPF EXCLUSIVE CUSTOMS
3017,"SCHWARZ'S CUSTOM TRAILERS, LLC"
7465,SCHWARZE INDUSTRIES
8984,Schweigers Inc.
13504,Schwel
2676,Scona
12485,SCOOBIC
11158,Scooper Company
1994,Scooterbilt Manufacturing
12158,Scootercar
12917,Scorpion
3018,SCORPION CHOPPERS
3020,SCORPION CHOPPERS INC.
7680,Scorpion Customs
3025,"SCORPION MOTORSPORTS, INC."
13132,Scorpion Rides
12299,Scorpion Trailers
9282,Scott Equipment Co.
8291,"Scott Heavy Equipment, Inc."
8379,Scott Industry
3028,"SCOTT MANUFACTURING, INC"
6260,SCOTT'S CUSTOM TRAILERS
3039,SCOTT'S INSANE CHOPPERS
4589,Scott's Welding & Fabrication
5293,SCOTTIES
9026,"Scottsman Manufacturing Co., Inc."
12642,Scout
6261,Scranton Manufacturing Company Inc
4359,Scrap Iron Kustoms
10017,Screen-Led
3042,"SCRUGGS TRAILER & EQUIPMENT WSE LEASING, INC."
9236,"SCS Machine & Fabricating, Inc."
9759,Scuderia Cameron Glickenhaus (SCG)
7761,Sculpture Cycles
10943,SD CUSTOMS
10146,SDL
11456,SEA
8303,Sea-Bow International Inc.
10927,"SEAGRAVE "
11809,SEAHISUN
7398,Seahorse
6589,"SEALCOATERS DEPOT , INC."
3047,SEALION METAL FABRICATORS
3049,SEATTLE TINY HOMES
6378,SEBASTO WELDING
5901,Sebring
5091,Sebring Auto-Cycle Inc.
4360,Second Trunk Trailers
11940,SECOND WIND TRAILERS LLC
10639,SECURITY2GO
10045,Seed Cargo
13489,SeedCart
8283,"Seedling Homes, LLC"
11324,SEGWAY
9176,"SEI A DIVISION OF STOVALL FAB & MACHINE, INC."
11674,Seismic
3050,"SELEC TRAILERS, LLC"
5902,Self-Loading Systems
3051,SELLNER MANUFACTURING COMPANY
12001,SELS
3165,Semeredy Imperial
9794,Semiremolques el Paisano
3166,Semiremolques EL Puma
11131,SenLing
11247,SENTINEL TRAILERS
13280,SequoiaCAT
10297,Sequor Trailer
8734,Sequoyah Trailer Sales Inc.
11808,Serendipitous Endeavors / Natura
11302,Serf-Rite
3209,Service King Manufacturing
7066,SERVICES & MATERIALS COMPANY
4849,Setra
3211,Seven Custom Cycles
3219,Severe Trailers
13250,Sevic
5493,Sewer Equipment Co. of America
8308,Sexton Customs
9515,Sexton Incorporated
5903,SEYMOUR WELDING
9720,SF Motors Inc.
3213,SFC Industries
3214,SFS Truck Sales
11549,SG Echo
11600,SG Trailer Sales and Rentals
3217,SH Distributing
5228,Shaddo International
12394,Shade Haven
8185,ShadeTree Automotive Equipment
13456,Shadow Cruiser
6027,Shadow Custom
3283,Shadow Trailers
3284,Shafer and Shafer Welding
12006,Shaffer Trailers
9206,Shaffer's Muffler Shops Inc.
10873,"SHALOM "
3427,SHANDONG BAOYA NEW ENERGY VEHICLE
4637,Shandong Liangzi Power Co. Ltd.
3324,Shandong Zhongtong Feiyan Automobile
10447,"SHANGHAI FU QUAN AUTOMOBILE MANUFACTORY CO., LTD."
3428,SHANGHAI HONLING MOTORCYCLE MANUFACTURE
3327,Shanghai Howhit Machinery Manufacture
3429,SHANGHAI HUIZHONG AUTOMOTIVE MANUFACTURING
3430,SHANGHAI JMSTAR MOTORCYCLE
4377,Shanghai Meitian Motorcycle Company
4378,Shanghai Shenke Motorcycle Co.
11242,SHANNON BROTHERS LLC
7194,SHANNON CUSTOM TRAILERS
11164,SHANSU
13402,SHAOLIN BUS
4845,Shark Cart
3431,Shark Trailers
4380,"Sharp Companies, LLC dba Stumphouse Scoots"
4379,Sharp MFG.
9973,Shasta
5479,Shasta Trailer
8827,Shaull Equipment and Supply Co.
3432,SHAVER MANUFACTURING
13018,Shay Reproduction
11832,Shelby
7711,"Shelf Above, Inc."
3433,SHELLBOURNE REYNOLDS ENGINEERING
5121,Sheller-Globe Corporation
7152,SHENQI
5230,"Shenzhen Cimc Heavy Industries Co., LTD"
3506,SHENZHEN GREENWHEEL ELECTRIC VEHICLE
6823,SHEPHERD MFG & DIST
13054,SHERCO
10082,Sherman + Reilly
12017,SHERPA
6510,Sherpa Trailers
3550,SHETRON CUSTOM TRAILERS
3551,SHETRON MANUFACTURING
4578,Sheyenne Tooling & MFG.
9472,ShieldSafe
7149,Shift
3553,SHILOH CUSTOM KARTS
3554,SHILOH MANUFACTURING
4945,Shindaiwa
4737,Shineray
5981,SHINN FU
3555,SHIPSHE WELDING
5425,Shivers Utility Trailer
7850,Shoal Runner Boats Inc
3557,SHOCKWAVE MOTORS
11445,SHONUFF TRAILERS
6250,"SHOOK ELECTRONCIS USA, INC."
8725,Shook Mobile Technology
13774,Shore Haven
6317,ShoreLand'r
9870,Shoreline Fuel Products
7412,ShoreMaster
5413,"Short Go, Inc"
8892,Shortstop Enterprises
12726,Shoulder Master
6271,Show Trucks USA
10937,SHOW-TIME Trailers
11398,Showalter
3559,SHOWHAULER TRUCKS
8203,Showliner Trailers Inc
3560,Showoff Trailers
5905,Shreveport
8091,Shrum Trailers Manufacturing LLC
10090,Shubert
7187,"SHUFFETT MACHINE & WELDING, INC"
3561,SIBERIAN TRAILERS
3562,SIC CYCLES
3563,SIC METALS & FABRICATION
3080,SIC Trailers
3565,SICK PIGS MOTORCYCLE COMPANY
3566,SICKASSO CYCLE CREATIONS
3568,SICON
4381,Side Kick RV
8076,"Sidekick Trailers, Inc"
3569,SIDESHOW'S CYCLES
13216,Sidewinder
8224,Sidewinders
7688,"SIE, INC"
5906,Siebert
13204,Sienna
10346,Sierra
12811,Sierra LSV
3589,SIERRA MOTOR CORPORATION
7306,SIERRA PRECISION TOOL
5537,Sierra Welding & Fabricating
3590,SIGEL WELDING
5038,"Sigma Metals, Inc."
8353,Signalisation Ver-Mac Inc
6396,"SIGNALMASTERS, INC."
4786,"SignaTour Campers, LLC"
7631,Signature Motor Company
3591,SIGNCO
3592,SIK N TWISTED PSYCLES
7090,SIKESTON FENCE & CONSTRUCTION INC
3593,SIKESTON FENDER
9255,Sikeston Trailer Sales
11446,SILANG
3594,SILENT DRIVE
3595,SILOS Y TANQUES GONZALEZ
12514,SILVER ARMOR
10559,SILVER BULLET MFG.
4382,Silver Creek Homes
3596,SILVER EAGLE BUS MANUFACTURING
6251,"SILVER EAGLE COACH, INC."
3597,SILVER EAGLE MANUFACTURING
3598,SILVER EAGLE MANUFACTURING COMPANY
7076,SILVER MOTOR COACH
12222,Silver Ox
3599,SILVER RANCH INDUSTRIES
9774,Silver Special Trailers LLC
5907,Silver Star Mfg
3601,SILVER STAR TRAILERS
3602,SILVER STATE INDUSTRIES DIVISION
9851,Silver Streak
3677,SILVER WRAITH CHOPPERS
12673,SILVERBACK
12843,SILVERBACK TRAILER
11552,Silvercat Trailer Company LLC
11306,Silverlight
3678,SILVERLITE TRAILERS
11255,SILVERMOUNTAIN TRAILERS
12046,SILVERSTAR
6063,Silverwing
8824,Simmons Trailers
9069,Simms Bros.
9620,Simon Aerials Inc.
7288,SIMON-DUPLEX
7091,"SIMPLEX, INC"
10551,SIMPLIFIED FABRICATORS INC
5758,Simpson
13698,Sin Trans
13357,Siner AG
3679,SINFUL CYCLEWORKS
11277,SINGLETARY TRAILERS
3680,SINISTER CUSTOM CYCLES
8397,Sinkhole Customs LLC
11571,SINOSWAN
12633,SINOTECH
12018,SINSKI
9141,Sioux Steam Cleaner Corporation
9193,Sioux Veneer Panel Co.
7125,SIOUXLAND TRAILER SALES INC
5674,Sirchie
13351,Sivo
3681,SIX GUN WELDING
6025,Six Wheel Wonder
3682,SIXTH STREET CHOPPERS
3683,SIZEMORE WELDING
11450,SJ
3684,SJ PARK MODELS
10218,SJT Trailers
6352,Skeeter Products
8611,Skiles Industries Inc
12573,Skinny Guy Campers
13079,Skinny River Customs
6183,Skipper B
5231,Skorczewski Welding
3685,SKULLBONE WELDING
3686,SKUNK MOTORSPORTS
9276,Skwatter Trailer Co.
12269,SKYBLUE
5908,Skycoach International Inc
8470,Skylift
5007,Skyline
3216,Skyline Corporation
13220,"SKYLINE MOBILITY, INC."
10538,SKYTEAM
6863,SKYTOP BREWSTER CO.
11717,Slacklander
7403,Slagel
13251,"SLANT BAR AG, LLC"
13771,Slate
3688,SLATER INCORPORATED
3689,SLED SHED ENTERPRISES
9131,"Sleek Craft, Inc."
4384,Sleeping Giant MFG.
594,Slingshot
7300,Slip Stream
3690,SLNYC
11027,"SLOANEBUILT TRAILERS "
7367,Sloth Truck Equipment Co
5232,Slusarski Mfg.
4385,Smack Trailers
3691,SMALL CAR SOLUTIONS
11819,SMARDA
11823,Smarda Scooter
11826,Smarda Soversky
504,smart
3692,SMART MANUFACTURING
4765,Smart Trailer
4965,Smart Trailers
6882,"SMART TRAILERS, INC."
3753,SMART TRANSPORT SOLUTIONS
11401,SmartFeed
10152,SMC Trailers
13520,SMI
3754,SMI & HYDRAULICS
3755,SMILEY RILEY'S TRAILER
8145,Smit
8651,SmitBuilt Mfg.
3757,SMITH ELECTRIC VEHICLES
7460,Smith Farm Equipment Co
11207,SMITH INDUSTRIES LLC
6886,SMITH TRAILERS
8382,Smith-McDaniel Inc.
6887,SMITHCO MANUFACTURING
7503,Smitty-Built Trailers
9887,Smittybilt
3756,SMJ TRAILERS
10089,SMOK'D
8477,Smoke Dog LLC
9047,SMOKERCRAFT
12551,SMOKEY MT GREENWAY
3763,SMOKIN CONCEPTS COMPOSITES
3761,SMOKIN' BARBEQUE
10959,SMORT FABRICATION
6188,SMP
11627,Smyrna Truck & Cargo
3764,SNAKE ALLEY CUSTOMS
3765,SNAKE RIVER TRAILER
3767,SNAPCO INCORPORATED
12130,SNH GOLF CARTS LLC
5289,SNIDERBUILT TRAILERS
11617,SNO TRAILERS
6184,Sno-Bird
5702,Snorkel
6888,SNOW MANUFACTURING INC
2833,SnowBear
9509,"Snowblast-Sicard, Inc."
5768,Snowco
13324,So Cal Trailer Builders
2835,So-Cal Teardrops
12131,Soderblooms
12270,SODO
10773,SOLA
12505,SOLA MOTORS CORP.
10575,SOLALSA
13541,Solana
10689,SOLAR
8212,Solar Guide
13099,SOLAR MOTORS INC.
13718,Solar Rig
8162,"Solar Technology, Inc"
2838,Solares Trailers
4410,Solectria
13416,Solguard Trailers
11385,Solid Point
5233,Solid Steel Fabrication
4811,Solight
5442,Somerset
7891,"Somerset Axle Company, LLC"
10550,SomEV
9911,Sonbuilt
11072,SONDORS
13202,Sonic
3672,Sooner
2842,"Sooner Manufacturing, LLC"
5090,Sooner Trailer Mfg
9234,Sopko Manufacturing Company
11160,SOUTH ATLANTA GOLF CARTS
2845,South Bay Choppers
4957,South Central Industrial
5234,"South Coast Choppers, Inc."
13270,SOUTH COAST TRAILERS
2848,"South Dade Choppers, LLC."
7900,South East Body Corporation
2852,"South East Industries, LLC"
11774,SOUTH FLORIDA
2853,South Florida Choppers Inc.
8514,"South Florida Trailers of FL, Inc."
12780,South Georgia Cargo
10759,South River Cargo LLC.
4399,South Shore Iron Works
2867,South Side Kustoms
2878,South Valley Manufacturing
9811,SOUTH WALTON
9427,"Southco Industries, Inc."
9790,SouthCoast
8097,Southeastern Seating
13662,Southeastern Steel
2888,"Southeastern Steel Choppers, Inc."
8905,"Southeastern Truck Body & Equipment, Inc."
5466,Southern Cartz
2893,"Southern Cycle Works, Inc."
3739,Southern Dimensions Group
2895,"Southern Field Welding, LLC"
2897,"Southern Frac, LLC"
8915,Southern Heritage Trailers LLC
6252,Southern Indiana Materials Co Inc
9262,Southern Iowa Manufacturing Co.
5928,Southern Legacy
11806,Southern Made
10220,Southern Metal Choppers
2903,Southern Motorcycle Works
4591,Southern Ohio Chassis
7576,"Southern Pride Distributing, LLC"
13579,Southern Sky
7200,SOUTHERN SPECIALTY WELDING
10958,SOUTHERN ST
8561,"Southern Star Trailers, Inc."
8623,Southern Style Trailers & Truck Accessories
2914,Southern Texas Industrial Service Company Inc.
11022,SOUTHERN UTILITY TRAILERS
2922,Southern Vac Trailers LLC
2966,Southern Yankee Bar-B-Q
8848,"SouthernRio Industries, Inc."
13341,Southfield Classics
13462,Southfork
12038,Southland LSV
11281,SOUTHLAND TOOL MFG. INC.
10622,"SOUTHTRAIL FABRICATIONS "
2967,"Southwest CMF, LLC"
6351,"Southwest Georgia Wholesale Builders Supply, Inc."
4411,Southwest Golf Cars
9997,Southwest Products
9218,Southwest Sales
5473,Southwest Signs LLC
7961,Southwest Specialty Trailers
2968,Southwest Trailers
6903,SOUTHWEST TRUCK RIGGING & EQUIP.
7570,Southwest Welding
7292,Southwest/TCP
11338,SoverSky
9967,Sowal Beach Buggys
10865,SPACE
2971,"Space Coast Industries, Inc."
10808,Space Trailers
8654,SPAR Roofing & Metal Supplies Limited
10279,SPARK
9959,Spark Intermodal Equipment Inc.
12942,SPARK SHOP LLC
6159,Sparta
10025,Spartan
4768,Spartan Cargo
10668,Spartan Fabrication Inc.
10565,"SPARTAN FIRE, LLC"
13703,Spartan Intimidator
13732,Spartan Manufacturing
5669,Spartan Motors
3758,Spartan Motors Chassis
12890,Spartan Performance
10713,Spartan RV Chassis
12219,SPARTAN TECHS
2998,"Spartan Tool, LLC."
4754,Spartan Trailer Mfg INC
12717,SPARTAN TRAILERS
2999,"Spartan Truck Company, Inc."
11890,Spartan-EV
3003,"Spaulding Manufacturing, Inc."
3005,Spearman Manufacturing
13237,SPECIAL
6570,SPECIAL CONSTRUCTION MOTORCYCLES
3008,Special Equipment Manufacturing
8506,Special T Trailer Manufacturing LLP
9073,"Specialized Equipment Company, LLC"
3010,Specialized Hauling Concepts LLC
9177,Specialized Products Inc.
7656,Specialized Trailers
11966,SPECIALIZED TRAILERS SA DE CV
3079,Specialized Truck Equipment
3074,"Specialized Truck Equipment Manufacturing, LLC."
4403,Specialty Aluminum Works - Trailers
7324,Specialty Auto Transport
7124,"SPECIALTY BRISTOW SALES, INC."
3083,"Specialty Bus Manufacturing, LLC."
3106,"Specialty Fabrication, Inc."
3105,"Specialty Fabrication, LTD."
7122,SPECIALTY IRON WORKS
8974,"Specialty Machine & Manufacturing, Inc."
4404,Specialty Metal Fab.
9045,SPECIALTY MODELS (EZL)
5001,Specialty Performance LLC
8424,Specialty Steel Incorporated
11178,Specialty Trailer
13651,Specialty Trailers
7789,Specialty Trailers Corporation
5910,Specialty Vehicle Mfg Corp
2369,Specialty Vehicles & Equipment
8057,SPECIALTY WELDING
3112,"SpecSys, Inc."
4409,Spector Manufacturing
6667,SPECTRAC
3117,"Spectre Manufacturing, Inc."
7092,SPECTRUM ENGINEERING HAWAII
13813,Spectrum Sports Intl.
8901,Spectrum Steel Inc.
3119,Speed & Precision Cycles LLC
4402,Speed and Custom Enterprises
3131,Speed Driven Supply
8595,Speed Motorsports LLC
3134,Speed Street Custom Builds
12421,SPEEDWAGON
3153,SpeedWagon Manufacturing
5235,Speedy Bleacher Corp
13783,Speedy Food Trailers
4400,Spencer Bowman Customs
11060,SPHINX
6670,"SPI MANUFACTURING, INC."
7549,Spika Welding & Manufacturing
3305,Spindletop
4599,Spira
3389,Spirit Carts
6456,SPIRIT TRAILER MANUFACTURING
9295,Spirit Trailer Mfg.
7875,Spirit Trailers
9871,Spitfire Vintage Caravans
5236,"Splash Marine, LLC"
11531,SPLASH SALES
6929,"SPM CUSTOMS, INC"
13691,SPOG Trailers
3390,Sport Boat Trailers
13776,Sport Club
13773,Sport Haven
7365,Sport King LLC
12509,SPORT TRAIL
8364,"Sport Trailers, Inc"
6673,"SPORTRUNNER TRAILERS, LLC"
3392,Sports Hauler Inc.
9974,Sportscoach
6186,SPORTSMAN
6187,Sportsman Trailers
13214,Sportsmen (KZ)
7692,"SportsRig.com, LLC"
13741,Sportster X
13201,SportTrek
3399,"Sportworks Northwest, Inc."
6848,SPOUTVAC USA INC
12110,SPRAYER DEPOT
7544,Sprayer Specialties Inc
3402,"Spraying Devices, Inc."
13217,Spree
4401,Spreuer & Son
11108,Springdale
3403,"Springers Custom Cycles, LLC"
9154,"Sprint Manufacturing, Inc."
580,Sprinter (Dodge or Freightliner)
13149,Sprout
11604,SPROUT MOTOR CO.
7305,SPS
5064,Spudnik Equipment Company LLC
2920,Spur K Custom Trailers
8925,Spur Trailers
3413,"Spurlock Vehicles, Inc."
3108,SPV
5759,SPYDER
9949,Spyder Extras
3766,Spyker
6160,Spykgaard
9219,"Squatdown Mfg., Inc."
3740,SR Products
8913,SR Trailers
13419,SRFab
8299,SRTS Company Inc
3418,"SS Trike, LLC"
12771,SSC North America
8225,SSI Shredding Systems. Inc
3419,Ssinster Choppers
3285,SSR
4892,SSR Motorsports
8878,SST Trailers
13200,ST
7968,"St Certification Service (USA) Co., Ltd."
13153,St Croix Trailers
7927,STA Corporation
8948,Stafford's Trailers
4711,Stag Trailers MFG LLC.
6851,STAGECOACH INDUSTRIES INC
4408,Stagecoach Trailers
10210,Stageline
3421,STAHL/Scott Fetzer Company
11441,Stahley Enterprises Inc.
13727,Stairs
4778,Stallion Interiors
11477,Stallion Manufacturing LLC
11214,STALLION OILFIELD SERVICES LTD
3423,"Stallion Trailers, Inc."
10666,Stampede
5913,Standard
13306,Standard Iron
3461,Standard Motor Corporation
6792,Stanford Customs
13527,Stanger Fab
5237,"Stanley Emergency Products, Inc."
8082,Stanley Trailer & Mfg
12526,STANLEY TRAILERS
8748,Stanton Dynamics
9054,Star City Teardrops
5915,Star Custom
7773,"Star Custom Creations, LLC"
3773,STAR Electric Cars
7416,Star EV
3463,Star Fabrication LLC
10234,"Star Lake Fabrication, LLC"
13810,Star Manufacturing
7384,STAR MANUFACTURING INC
10758,STAR TRAILERS
6987,STAR WAGGONS
4407,Star-Trans Equipment Manufacturing
6247,Starboard
5784,Starcraft
12854,STARFIRE
13224,STARFIRE AMERICA LLC
3465,Starfire Trailer Systems
12358,STARK
13452,Stark Future
5858,Starlight
8400,Starlite Trailers
8780,Starr Manufacturing
1039,Stars
5769,Stauffer Mfg.
12170,Stayman
6059,STC
13358,STCC
5781,STE
7277,Stealth
3467,Stealth Trailers
9649,StealthCraft Boats
11350,STEAMBOAT
3475,Steamroller Motorcycle Company LLC
7475,"Steco, Inc"
6205,Steeds
5544,Steel Bone Trailer Mfg
13362,STEEL BOYZ LLC
11805,Steel Creek
4406,Steel Ponies
4405,Steel Prep
8198,Steel Technologies
7779,STEEL TRAILERS OF COLORADO
12979,STEEL X METAL TRANSFORMATION
6312,Steel-Tech
5753,Steelbro
4333,Steele Enterprises
11042,STEELWATER TRAILERS
3528,"Steelweld Equipment Co., Inc"
7278,STEELWRIGHT
3533,Stehl Tow
3541,Stein Metal Fab
9483,Stella Specialty
5131,STELLAR INDUSTIES INC.
8813,"Stelter Repair, Inc."
6442,Stephenville Trailers & Truck Accessories
3817,Stepp Manufacturing Co
8986,"Sterling Corporation dba HomeCorp, Inc."
3543,"Sterling Fabrication, Inc."
5555,Sterling Motor Car
9271,Sterling Truck
8980,Steve's Welding & Fabrication
9434,Steve's Welding Service & Machine Shop
7547,STEVENSON'S CYCLE
3544,Steves Welding
7714,Stewart & Stevenson Services Inc.
3663,Stewart's Fabrication and Welding
5238,Stiles Trailer Company
3664,Stiletto Rides
11290,Still Shot Cart
5239,Still Trailer Manufacturing
4335,Stingers
12763,Stingray
13283,Stingray Trailers
5540,Stirling
12350,STL INDUSTRIAL
10245,STM
6165,Stock Car Fabrications
3666,"Stock's Garage, Inc."
6166,STOCKTON TRUCK AND WELDING
7562,Stoess Manufacturing Inc
8230,Stohl Trailers
7592,"STOLL TRAILERS, INC."
12129,Stone Canyon Homes
7763,Stone Cold
7958,Stone Construction Equipment
8095,Stone River
8762,"Stone's Motorcycle Company, Inc."
13219,Stoneridge
3667,Stones
11166,"STONES RIVER TRAILER COMPANY, LLC"
3777,Stonewell Bodies & Machine
2155,Storm
1157,Storms Welding
8100,Storri
9338,Stotler Welding
3414,Stoughton Trailers
10483,Stout Conveyors
5929,StoutBilt
7406,Stovall Equipment Inc
5240,Stratos Boats Inc
13203,Stratus
4339,Stream Industries
3818,Streamline Designs
8850,Streamline International
3819,Streamline Precision LLC
4340,Streamliner Motorcycles
3820,Streator Dependable
7529,Street Car
3821,Street Cars by Volla's Carts & Service
4900,Street Carts on 12
3822,Street Golf Carts
10766,STREET LEGAL
3823,Street Legal Carts
12185,Street Legal Carts (SLC)
12136,STREET LIFE
4306,Street only
3824,Street Smart Performance
3825,Street Steel Motorsports
11831,STREET TRAILERS
5551,Streetrod
7890,Streetrod Productions Inc
2535,Streetster Golf Cars
4342,Streight Motorcycles
3826,Streme Trailer Mfg
6661,STRETCH CHASSIS INTERNATIONAL
4977,Strick Commercial Trailer
8098,Strict Development
8609,Strictly Choppers
13539,Strobel
6327,STROHL CORPORATION
8446,Stroker Cycles Inc
6954,STROKERS MANUFACTURING
11282,"STRONG ARM TRAILERS, LLC"
13669,Strong Blue
4932,Strong Built Trailers LLC
3019,Strong Island Cycles
3022,Strong Manufacturing
10120,STRONGARM
2218,Strongback Trailers
3027,Strother Welding
3031,Structural Metal Fabricators
7697,Structural Steel Supply Inc
3032,STRUK
13459,Stryker
6169,Stuart Scotsman
8845,Studebaker Motor Company
3038,Stump Smokers
3040,Stunata Customs
3044,StunterX Stuntshop
3046,Stupid Choppers
3396,SturD.S. Trailer
3067,"Sturdy Built Services, LLC"
9160,"Sturdy Built, Inc."
9232,"SturdyWeld Equipment & Design, Inc."
7909,Sub Culture Cycles
523,Subaru
6409,SUBURBAN MANUFACTURING CO.
3069,Suckerpunch Sallys
6761,"Sudenga Industries, Inc."
3071,"Sugarloaf Fabricators, Inc."
7062,SUGGS MANUFACTURING COMPANY
3073,Suicide Jack Choppers
8459,Suite
10207,SULFUR CREEK CYCLES
3075,Sullivan's Garage
3156,Sullivans Motorcycles
12146,SUMEC
12567,Summer Ice Cream
5916,Summerset Homes
3078,Summit
9641,Summit Expedition Trailers LLC
3082,Summit Industries Incorporated
10063,Summit Sales
5382,Summit Trailer
12905,SUMMIT TRAILERS
4808,Summit Truck Bodies
12221,Sumo Trailers USA
5519,Sumstad Mfg
12900,Sun
8641,Sun Classic (Boylan Golf Cars)
4343,Sun Coast Trailer
3310,Sun Country
3307,Sun Country Trailers
9917,Sun Devil Trailer Manufacturing LLC
6201,Sun International Holdings Inc
13608,Sun Lite
9853,Sun Moon
6266,Sun Ray Mfg
8896,Sun Set Trailer Manufactory
5241,"Sun West Engineering, Inc."
5917,Sun-Land Express
4346,Sun-Lite
3084,Sunbeam Motorsports
3086,Sunbeam Rentals
3088,Sunbelt Equipment Marketing
3089,Suncoast Choppers & Fab
10311,Suncoast Fabrication LLC
4344,Suncor
11821,SUNCYCLE
11557,Sundance
3091,Sundance Equipment
6066,SUNDANCE GOLF CARS
11565,Sundance TT
12316,SUNDAY CARTS LLC
7351,Sundiro  Honda Motorcycle Co. Ltd
10097,Sundowner
4922,SunDrop Solar Trailers
13760,SunHou
11361,SUNLITE TRAILERS INC.
13549,Sunnybrook
10599,SUNNYSIDE OFFROAD
9680,SUNPULSE
1853,Sunra
13607,Sunray
7973,Sunridge Industries Inc
5918,Sunrise
11849,SUNSET CHOPPERS INC.
3157,Sunset Liberty
13383,SUNSET LSV INNOVATIONS
10588,Sunset Manufacturing
11110,Sunset Trail
8690,Sunset Trailer Sales
11596,SUNSHINE
7595,"SUNSHINE PIPING , INC."
5919,Sunshine Stainless Tank & Equip
9207,Sunshine Wholesale
4835,SUNTERA
7420,Suntera (The Solar Electric Chariot Company)
11529,Super Champion
11731,Super Lite
3094,Super Lite Pro Trailers and Equipment
3159,Super Vacuum Mfg Co
5072,Super X Products
7061,SUPERBUS
12400,Supercar System
11354,SUPERIOR
9036,Superior Aluminum Trailer Mfg.
12478,SUPERIOR CHASSIS
5366,Superior Coaches
8128,"Superior Fabrication, Inc."
12424,SUPERIOR FLATDECKS
6014,Superior Handling Equipment
5567,Superior Industries
5585,Superior Manufacturing & Engineering Cor
7518,Superior Metal Works
8954,Superior Mfg.
10621,"Superior Mfg., Inc."
5419,Superior Steel Products
3096,"Superior Steel Sales, LLC"
12779,SUPERIOR STORAGE TANKS & TRAILERS
6693,SUPERIOR TRAILER INC.
5505,Superior Trailer Manufacturing
9258,Superior Trailer Works
3109,Superior Trailers LLC
3098,Superior Trailers of Georgia
8106,Superior Transport Inc
7624,"Superior Welding and Manufacturing, Inc."
4366,Superlite
12035,SUPERMACH
12294,Superstar
9034,"Supertrail Manufacturing Co., Inc."
5920,Supreme
550,Supreme Corporation
3102,Sure Tech Engineering
3111,Sure-Load Trailers
2410,Sure-Trac
4015,Sureride Trailer Manufacturing
12310,SURRON
9966,Susitna Teardrops
3311,"Sussex Welding, LLC"
10211,SUTPHEN
3121,Sutter Manufacturing
3123,Suwanee Camper
3129,Suzhou Eagle Electric Vehicle
509,Suzuki
13315,Svenn
3315,"SVI, Inc"
13269,Svifflug
12399,SVN-CART
8187,Swab Wagon Company Inc
10568,SWAMP DADDY
10502,Swap-N-Dump
13098,SwapLoader USA Ltd.
12475,SWARTZ MFG
8891,Sway-A-Way Inc.
9532,Sway-Tamer Mfg.
3139,Sweat's Portable Buildings
3142,Swede Built
5923,Sweet Home
9470,Sweet Way Trailers
11415,Sweet-Haus
7037,SWEITZER COMPANIES
7618,Swenson Steel Products Co. Inc.
12163,SWF
13648,SWFL Trailers
3320,Swift
6162,Swift Enterprises
12437,Swift EV
6163,Swinford Mfg
8133,Swinglift USA Inc
8512,Swink Metal Works. LLC
10988,"SWITCH "
4680,SWM Enterprises
12414,SWT Trailers
11384,Sycamore
3145,SylvanSport
11623,SYLVER MOTOR CORPORATION
3122,SYM
10384,Symmetry Trailers
10817,"SYNER-G "
3147,"Synergy Technology, LLC"
3149,Synergy Trailer
10900,SyS Welding
5930,Systems Technology Company
4367,T & B Welding & Trailers
3152,T & D Enterprises
8818,"T & D Manufacturing, LLC"
7441,T & G Sales
12777,T & G Trailers
3154,T & J Welding
3210,T & M Mfg
7791,T & R Enterprises
7072,T & R RACING AND FABRICATION
6453,T & S CYCLES
8044,"T & T Enterprises & Mfg., LLC"
3202,T & T Unlimited
8857,T Bar J Trailers
11642,T Bar Trailers
3203,T C Trailers
3204,T R Welding
12823,T SERIES LLC
8846,T&A Double Tilt Trailers
4801,T&D Trailer Supplies
6772,"T&E Enterprises of Herscher, Inc."
10838,T&H Welding
8943,"T&L Manufacturing Co., Inc."
7480,T&M Custom Trailers LLC
13161,T&M METAL WORKS
9097,T&R Trailer Manufacturing
3205,T&R Trailer Mfg
8909,T&R's Used Cars
8264,T&T Sales of Elberton Inc
3267,T-Built Trailer Company
3637,T-N-A Custom Motorcycles
3522,T-RAXX SYSTEMS INC
10386,T-Rex Trailers
8479,T-Trike
6435,"T. & W. PEASE, LLC"
9264,T. Rome Ent.
3323,T.A. Pelsue Company
9510,T.D. Trailers
7491,T.H.E. MACHINE COMPANY
6736,"T.H.S. Products, Inc"
4832,"T.J. Clark International, LLC"
7782,T.L.R. S.p.A
7663,T.M.M
7011,T.S.I
9261,"T.W.G. Machine, Inc."
6592,"T2 SERVICES, INC."
11278,T3
7638,Taboo Motorcycle Co.
9018,TABSA Trailer Company
5933,Tac Trailer
3206,Tag-A-Long Trailers
5830,Tag-Along
8937,Tagger Trailers
13826,Tago
10039,Tail Gunner
9712,"Tailgate Pop Up, LLC"
5242,Tailgater Party Trailers
10127,Tailgater Trailers
3207,Tailgator Concepts
8349,TailGator Trailers
9333,Tailored Trailers
12016,TAILWIND DESIGNS INC
3208,Tailwinds Trailers
3309,Taiwan Golden Bee
3212,Taiwan Helio Technology Co.
3215,Taixing Sandi Motorcycle
4761,Taizhou Chuanl Motorcycle Manufacturing
4524,Taizhou Chuanl Motorcycle Manufacturing Co.
3386,"Taizhou City Kaitong Motorcycle Manufacture Co.,Ltd"
3220,Taizhou Jiaojiang Zhiwei Motorcycle
7195,"Taizhou Nebula Power Co., Ltd"
3223,Taizhou Oming Motorcycle
6498,TAKATI MOTORCYCLES LLC
3225,Take 3 Trailers Inc
5932,Talbert
10827,"TALIAH "
3226,"Talleres de la Garza, S.A. DE C.V"
3227,Talleres Lozano
6933,TALON TRAILERS
3231,Talon Trikes
3232,Tamarack Ind.
6302,TAMCO
3236,Tammy's Trailers
9730,"Tampa Armature Works, Inc."
8947,"Tampa Trailerworks, Inc."
11833,Tan Thanh
11835,Tan Thanh / Superior
3238,Tanfield Engineering Systems US
8061,Tanglewood Management LLC
3240,Tank Master
3241,Tank Sports
8536,Tankcon FRP Inc.
3245,Tankko LLC
3330,Tanom Motors
12816,TANQ
3247,Tanques Y Equipos Industriales
10066,"Tanques Y Remolques Guerra, SA de CV"
3249,Tanques y Remolques SILMEX
5934,Tansa
4369,Tantric Cycles
3350,TAOTAO
11487,Taquerias Mobiles
13558,TARA
5031,TarasPort Trailers
3255,TareLite Trailer
10164,Tarform
4386,Target Trailer
8590,Tarnel USA
10949,TARO
4370,"Tarrant Manufacturing Co., Inc."
3256,Tarter Industries
3257,Tarter Industries (Tarter West)
10779,TASK
10034,"TAT, Inc."
3258,Tate's Customizations
5595,Tatsa
3259,"Tattoo Yachts, LLC."
11695,TAURO
3261,Tavasci
3343,TAXA INC.
6225,Taylor
13785,Taylor and Ard Equipment
6958,TAYLOR MADE CHOPPERS INC.
4376,Taylor Made Equipment
13363,Taylor Made Metal Works
5243,Taylor Power Systems
13587,"TAYLOR RIG AND EQUIPMENT, LLC"
4375,Taylor Tide-Land Trailers
4374,Taylor Trailers
5244,Taylor's Fab & Mechanical SVC's
4373,Taylor's Manufacturing
3263,Taylor-Dunn
9885,Taylor-Wharton
11041,TAYSON
12933,TAZZARI
3346,Tazzari GL SPA
3264,TBEI
9022,TBG Equipment Division of Cushion Cut
8811,TBM Mfg.
3266,TBM Sand & Storage Logistic LLC
13275,TBT Trailers
13262,TCB
3270,TCB Choppers
13075,TCM
3271,TCM LLC
3272,TCS Bagger Chassis
9185,"TCS Cable, Inc."
5323,"TD Manufacturing, LLC"
8033,TDM
4372,TDS Disposal Services
10021,TDSL
12762,TEAM
3383,Team Fenex
8021,"TEAM SPIRIT TRAILERS OF ELKHART, INC."
9832,Teardrop
1401,Teardrop Camper
4605,Teardrops NW
3273,Tebben Enterprises
3348,"TEBCO of KY, Inc"
13720,TECAM MAKINA OTOMOTIV TEKSTIL CADIR INSAAT ENERJI DIS TICARET
3288,Techline Engineering
9251,"Technical Mobile Structures, Inc."
7274,Technology Development Group Inc
8836,"Technology Plus Trailers, Inc."
7347,Technology Systems
8692,TechSun Trailers
8023,"TECHSYS CHASSIS, INC."
7199,TECHWELD EQUIPMENT CO. INC
6720,TEDSON TRAILER & EQUIPMENT REPAIR LLC
6189,Tee Nee
12231,TEEMAK
10799,"TEEMS FABRICATION "
3289,Tejas Trailers
12583,TEKIAR
13559,TEKO Inc.
8288,Teksol Inc
11661,Teleric
13184,Telluride
13150,TELO
5246,Temisko
3381,Temp-Air
6651,TEMPEST CYCLES
6997,Temples Trailer Sales Inc
563,Temsa
10176,Ten Speed Tears LLC
11633,TENCO
3385,Tennessee Trailers
3291,Tennfab
9201,Tensas Machine & Manufacturing
11406,TENSIK
3293,Tentrax
12150,TERBERG BENSCHOP B.V.
13325,Terberg Taylor
3294,Terco Manufacturing
3335,Terex Advance Mixer
3295,Terex USA LLC
7947,Terminal Service Co
13724,Tern
12389,Terra Bikes
10954,TerraCraft Outdoors
7772,TERRADYNE EQUIPMENT COMPANY
3378,Terrafugia
8825,TerraMarc Industries
12457,TERRAPIN TRAILERS
7132,TerraPod
11857,TERRAROVER OVERLAND COMPANY
5936,Terrell
10578,Terry's Southern Automotive
3298,Terry's Trailers
8777,"Terry's Trailers, Inc."
9398,Tesh & Sons
3300,Teske Manufacturing
441,Tesla
3301,Teton Buildings
8006,Teton Homes
4658,Teton International
10783,Teton Trailers
6381,TetonX
5084,TEVCO MANUFACTURING LLC
10456,"TEX FAB MFG, LLC"
1131,Tex Hill Auto and Trailer Sales
9169,Tex Mex Trailers
9317,Tex Star Mfg.
3303,Tex-All
11111,Texan
7285,TEXAN TRUCK BODY CO
10706,Texas Best
7805,Texas Best Trailer Sales & Service
8265,Texas Bragg Enterprises
3155,Texas Custom Choppers
3158,Texas Iron Designs
12218,TEXAS METAL WORKS
8615,Texas NovaChem Corp
8423,Texas Precision
10148,Texas Pride Trailers
10692,TEXAS PUSH OFF
3290,Texas Roll-Back Trailers
9806,Texas Select
12790,Texas Sidecar
3292,Texas Star Fabrications
10519,Texas Strong Trailers by JCA
12701,TEXAS TRAILER
6465,Texas Trailer Cabin
6820,TEXAS TRAILER COMPANY
7286,Texas Trailer Corporation
6822,TEXAS TRAILER SERVICE
7358,Texas Trailers
6821,TEXAS TRAILERS INC.
3296,Texas Trailers Sales and Service
4371,Texas Truck and Trailer
3299,Texas Underground aka Pipehunter
4718,Texas Wide Welding & Services
11298,TEXINO
7276,Texline
3304,Texmo Manufacturing
4582,Texoma Trailers
8043,"Texoma Waste Control, Inc."
3306,Texstar RV and Trailers
9875,Textron
10134,TEYIN
7101,TFK CUSTOM TRAILER
8872,TFS Co
10983,TGC
3314,TGMI INC
12308,TH TRAILERS
1755,Th!nk
10065,THACO
12453,THACO TRAILERS
10821,THAMLEV
8500,Thatta Enterprises LLC
5937,THAYCO
3317,The Advance Metalworking Co
7106,THE ALLIED GROUP
3322,The American Road Machinery Company
3326,The Bag Lady
8936,"The Beevers, Inc."
10683,The Boxenstopp Inc.
3328,The Brinkmann Corporation
6241,THE BROWN CO.
11198,THE BURLY
9014,The Canopy Man
4387,The Chariot
12277,THE CHOP SHOP
5247,The Chop Shop LLC
8699,The Chopper Shop LLC
3331,The Concrete Edge Co
7579,The Cycle Exchange
3332,The Dickirson Corporation
9708,The Dog House
13013,"THE DUMP TRAILER COMPANY, LLC"
7887,The Egg Ranch of Oregon
3344,The Electric Vehicle Company
8670,The Fab Shop
3347,The Factory Metal Works
12451,THE FAST FOODTRAILERS
12675,The Food Truck Factory
11154,THE FUD TRAILER
3352,The Glass Hand
9460,The Graham Co.
3355,The Hog Farm
6606,THE HYDROSEEDING COMPANY LLC
9625,"The Job Shop, Inc."
9585,The Kuker Line
9465,The Lee Co
13385,The Little Car Company
5248,"The Little Trailer Co, Inc."
11379,THE METAL GUYS
9248,The Nolan Company
13222,The Off-Road Trailers
5249,The Perfection Company
3356,The Piggy Backer Co
3379,The Riverman Boatworks
3380,The RV Factory
9576,The Scotty Company
12643,THE SHAK FISH HOUSES
5250,"The Sholar Co, Inc."
4514,The Shop
11057,"The Torch Chariot "
3384,The Toro Company
10243,The Toy Barn
5656,The Trailer Shop Puerto Rico MFG
3393,"The Trailer Shop, INC"
13646,The Utility Bike Company
3394,The Vehicle Production Group
3398,Therm Dynamics MFG
6213,Thermal Trek Inc
12259,Thermo King of Fargo
9462,"Theurer, Inc."
6760,"THIELEN MACHINE & WELDING, INC"
3400,Thigpen Metalworks
10064,Things Done Cycles
11818,THINK BIG
10421,THML
6138,THO
535,Thomas Built
7318,Thomas Fabricating Inc
537,Thomas Grinding
10274,Thomas Humphries Innovative Solutions
3410,"Thompson & Zaber's Garage, INC"
3411,Thompson Choppers
6458,THOMPSON CHOPPERS INC
5041,Thompson Manufacturing Company Wexford Ltd.
7743,"THOMPSON PUMP & MANUFACTURING CO., INC."
7870,Thompson Tank Inc
5939,Thomsen
7742,Thomson Projects Ltd
12503,THOR
10836,Thor Built
13443,"Thor Indiana, Inc."
10282,THOR INDUSTRIES WEST
547,Thor Manufacturing LLC
7915,"THOR TRAILERS, INC"
3412,Thoroughbred Motorsports INC
5251,"Thorp Equipment, Inc"
3417,Three Feathers Manufacturing
9096,Three Kit
3422,Three Rivers Welding
3424,Three Two Choppers
13671,Throne Cycles
12928,THROWING FITZ
3425,Thru-Air Trailer
3426,Thru-Way Trailers Centre Limited
13571,Thrust Innovation
3457,THT Manufacturing
3458,Thug Custom Cycles
3459,THULE Trailers
4523,THULE TRAILERS A DIVISION OF THULE TOWING SYSTEMS LLC
8350,"THULE Trailers, Inc/C & C Distributors, Inc."
8508,Thumper
7611,THUNDER CHOPPER WORKS
4656,Thunder Mountain Custom Cycles
6256,Thunder Trikes Inc
6257,Thunderbolt
10741,Thunderbolt Industries LLC
6385,THUNDERDOME ENTERPRISES
3460,Thunderstruck Custom Bikes
5353,ThunderVolt
7148,"Thuro-Bilt, Inc."
4802,Thurston Manufacturing Company
5940,Ti-Brook
3462,Tianjin Qingyuan Electric Vehicle Co
1477,"TIANMA MOTORCYCLE CO., LTD."
13273,Tianzong
3469,Tibban MFG
3382,TICO Manufacturing Division
3471,Tidewater Trailers
10874,"TIDWELLS "
9012,"Tie Down Engineering, Inc."
10388,TIER 1 FABRICATION
10642,Tiernan
3481,"Tiffin Motorhomes, Inc"
9555,Tiger Line
3489,"Tiger Motor Co., Ltd."
3492,Tiger Truck
11227,TIGERTX
3494,Tight Lines Trailers LLC
3496,Tightline Fish House
13763,Tillery Auto
3498,Tilman Dump Trailers
3500,Tim Nobles Trailers
9105,Timber Creek Recreational Vehicle
9884,Timber Ridge Country Cabins
5484,Timberleaf
7012,TIMBERLINE ENTERPRISES
8643,Timberline Range Camps Inc.
3503,Timberwolf Manufacturing Corporation
3505,Timbery LLC
13487,Timbren X
10229,Time Out
7571,TIMELEE'S
3508,Timeless Travel Trailers
11544,TIMEN
5331,"Timpte, INC"
10032,TINBOT
5409,Tinitron Motors
5410,Tinitron Trailers
13477,Tiny
5560,TINY CAMPER COMPANY
6994,Tiny Home
11719,Tiny Home RV
5501,Tiny Home Trailer
10049,Tiny Homes of Maine
6541,TINY HOMES OF OHIO
6502,Tiny Homes of Oklahoma LLC
5448,Tiny House Chattanooga
9689,"Tiny House Cribs, LLC"
4580,Tiny Idahomes
11163,TINY MOUNTAIN HOUSES
9063,Tiny SMART House
3510,Tiny Trailer
3511,Tioga Air Heaters
13525,TIPSY TRASH TRAILERS
4391,Tisdell's Implements
6898,TITAN
10925,TITAN ELECTRIC VEHICLES
8393,Titan Fabrication & Welding
11169,TITAN FOOD TRAILERS LLC
3516,Titan Haul USA
3612,Titan Imports
12425,TITAN INTELLIGENCE TECHNOLOGY LLC
3613,Titan Manufacturing
12860,TITAN MANUFACTURING LLC
3614,Titan Marine LLC
3623,Titan Trailer MFG
3631,Titan Trailers
6999,Titan Trailers Inc.
11994,Titan Truss
3632,Titan UTV
11404,Titanium Cargo Trailers
4682,Titanium Trailer MFG
13788,Titaone
5295,"TJ OILFIELD SERVICES,LLC."
7664,TJ Raese and Company LLC
5532,TJC
12210,TJS Welding
8357,TJW Welding Trailer Supply & Steel
8585,TK Trailers
10947,"TKB MANUFACTURING "
10872,TKO Equipment Sales & Rental LLC
7399,TL Engineering
7291,TL ENTERPRISES
8761,TLC of Tx. Inc.
3633,TLR Welding & Fabricating
7469,"TM Industries, LLC"
4392,TM Marine Group
3860,TMC
4393,TMC Design
8831,"TMC Trailers, LLC"
3634,"TMC, inc"
4679,TMCO
4441,TMEC
12903,TMG Trailer
3635,TMP Out West
5368,TMP Truck & Trailer
5252,"TMS, Inc"
3636,TMT Manufacturing
3638,TNA Customs
11006,TNPS
8254,TNS TRAILERS
10765,"TNT "
8266,TNT Aluminum Trailers Inc
3641,TNT Choppers
7006,"TNT JET TECH, INC"
6513,"TNT TRAILER, INC"
3645,TNT Trailers
8223,"TNT, A Division of Banks Trailer Group"
3709,TOA USA
7083,Toby's Mechanical
7138,Todd Geisert
9222,"Todd's Welding Service, Inc."
8102,Toe-me Trailers
10934,Toedrop Trailer 02
10935,Toedrop Trailer 03
9113,"Tom's Sales & Service, Inc."
8048,Tom's Trailer Works
9039,"Tom's Trailers, Inc."
10363,TOMAHAWK
3652,Tomahawk Custom Choppers
7804,Tomahawk Fabricating
13038,TOMAHAWK TRAILERS
7258,TOMAHAWK TRAILERS INC
3655,Tomberlin
3656,Tombstone Hearse & Trikes
3659,Tomcar USA
6535,TOMKEN MACHINE INC.
3662,Tommy 2-Way Trailer
3665,Tommy Boy Racing
3668,Tommy Tow Trailers
3669,Tomos
6359,Tonkawa Trailers & Steel Fabricators
3670,Toocylinder
13688,Tookcar
12523,TOOL TRAILER USA
13232,"TOOL TRAILER USA (Jinhua Better Trailer Manufacturing Co., LTD)"
13221,"Toolcrest, LLC"
5465,Top Brand
6953,TOP DECK TRAILERS AND MOTORHOME INC.
3693,Top Dog Aluminum
7895,Top Enterprises Inc
9846,Top Gun Trailers
5660,Top Hat Industries
4469,Top Notch Manufacturing
7241,Top Notch Trailers
3694,Top Notch Trailers Manufacturing Inc
13245,Top Shelf
9821,Top Shelf Mfg.
10504,Top Tier Trailers
8697,Top Tow Trailers
9287,Top Trailers
3697,Topeka Metal Specialties (TMS Trailers)
13563,Torera
10547,Tork Trailers LLC
10794,TORO
10175,"Toro Cargo, LLC"
11922,TORO DESIGN AND MANUFACTURING LLC
13702,Toro Workman
11996,TORRES-CASTANEDA TRAILER LLC
4714,Torrid T.G.
9053,"Torrot Electric Eupoa, S.L."
6824,"TORSION TRAILERS, LLC"
10593,Tortoise
3698,Tortured Steel Choppers
3704,Total E&S dba Total Equipment and Service
3706,Total Electric Vehicles
3711,Tote 'em Trailers
7240,Tote'em Trailright Trailers
3713,Totem Equipment & Supply
3717,Toter Industries
6477,"TOUCH ""A"" CLASS MFG."
3720,Tour de Taverns
3724,TouringProducts.com
3727,Tournier MFG.
3729,Tourtec Trailers
8341,Tow Pro LLC
3730,Tow Rite MFG
13590,Tow Smart
6825,TOW TRUE TRAILERS
3731,Tow Zone Trailer
4477,Tow-It-All
3737,Tow-Rite
3732,Towblazer
8255,Tower Sign & Signal Co
3734,Tower Solutions
3735,Tower Trailers
4712,Tower Trikes
3736,Towerworx
9174,Towmaster Inc.
4461,Towmaxx Speciality Trailer
6616,TOWMORE
12066,TowYo
3218,Toxic Cycles LLC
3222,"TOY CARRIERS, INC"
7007,Toy Dolly
4462,Toy Toters
5253,TOYHOYST Inc.
448,Toyota
12907,TPWS
9644,TRA/REM
7175,Trac Vac
12286,TRACK Trailer
10061,Trackabout Off Road Campers
10191,Tracker
4939,Trackmaster
7352,Trackmaster Trailers
6849,TRACKSTAR INC.
12297,TracPac
12535,TRACTEC
3224,TRACTO DE MONTERREY Y ASOCIADOS SA DE CV
11238,"TRACTOCAMIONES Y CARROCERIAS ""REMADA"""
3230,"TRACTOREMOLQUES Y ADAPTACIONES, SA DE CV"
10159,Tradco
5941,TRADERS MFG. GROUP INC
4921,Tradesman Company
4704,Tradewinds Power Corp
12418,Tradition
3234,TRAFCON INDUSTRIES INC.
8210,Traffic Advisor
8998,Traffic Transport Engineering
5568,TraffiCalm Systems
11296,TRAIALDI
5996,Trail A Board
9746,Trail Campers
6154,Trail Craft
3239,TRAIL CREEK RV. LLC
3251,TRAIL KING INDUSTRIES
4463,Trail Maker Trailers
3243,"TRAIL MASTER, INC."
4464,Trail Mate Products
12340,Trail Maxx
3248,Trail One LLC
9280,Trail Rite Trailers
11556,Trail Runner
5446,Trail Star Trailer
12431,Trail Trailer
8694,Trail-A-Long
3265,TRAIL-A-TOY MANUFACTURING CORPORATION
6830,TRAIL-ET
7392,Trail-Rite
6565,Trail-Rite LLC
6829,TRAIL-RITE TRAILERS
7558,TrailAlong Trailer Inc.
7879,TRAILBLAZER TRAILERS
3269,"TRAILBLAZER, INC"
5942,Trailboss
5944,Trailboss Boat Trailers Inc
8797,Trailco Equipment Sales
8344,Trailduster Trailers Inc.
5254,Trailer & Truck
3275,"TRAILER BARON OF S.C., INC."
8633,Trailer Builders Inc.
9855,Trailer Central
9546,"Trailer Components of Florida, Inc."
3276,"TRAILER COMPONENTS, INC."
8434,"Trailer Corporation of America, Inc."
3277,TRAILER CREATIONS LLC
3278,Trailer Daddy MFG
9599,Trailer Distributors Incorporated
8966,Trailer Engineering Co.
7880,Trailer Force
3279,TRAILER FRANCHISE
3280,TRAILER FX CUSTOM MANUFACTURING
3282,"TRAILER IN A BAG, INC."
7296,"TRAILER INDUSTRIES, INC"
10877,Trailer King Custom Design and Build
12800,TRAILER MADE
10261,Trailer Made Custom Trailers
11779,TRAILER MANIA
3302,"TRAILER MANUFACTURERS OF TOLEDO, LLC"
10048,"Trailer Manufacturers, Inc."
10733,Trailer Master
11592,Trailer Pro
7130,"Trailer Rebuilders, Inc."
10594,Trailer Repairs of NW Florida LLC
3308,"TRAILER RUSH, INC."
8681,Trailer Sales and Supply of Chattahoochee
3312,Trailer Sales of MI
12724,"TRAILER SOURCE MANUFACTURING, LLC"
9194,"Trailer Source, Inc."
12076,"TRAILER SOURCES MANUFACTURER, LLC"
10598,Trailer Specialists Of Knoxville LLC
3313,"TRAILER SPECIALTIES, INC."
11516,TRAILER TECH
8156,"Trailer Tech, Inc"
11916,Trailer Technologies
6631,Trailer Time Trailers
12441,TRAILER UP
3321,TRAILER WELD SHOP
9459,Trailer World Inc.
12639,"Trailer World, Caliber"
3339,TRAILER-LIFT LTD.
7799,Trailer-Pro Inc
8610,"Trailering Depot, LLC"
3341,"TRAILERMAKERS, LLC"
10336,Trailerman Trailers
12386,Trailerman Trailers Ltd
3345,"TRAILERMAN TRAILERS, INC."
12688,TrailerMax
8838,Trailers +
4465,Trailers and More
8885,Trailers by JEL
13635,Trailers By Machine WorX
6559,TRAILERS BY MIKE
10641,Trailers by Premier
10174,Trailers By Southern LLC
6255,Trailers Express Inc
3349,TRAILERS INC. OF HILL CITY
8888,Trailers Ltd
13322,Trailers Niagara Mfg.
10408,Trailers of Knoxville
6850,TRAILERS PLUS
12088,Trailers Solutions
3351,TRAILERS TANDEMS Y MAQUINAS S.A. DE C.V.
7402,Trailers Unlimited
13820,Trailers Unlimited (H-Custom)
6973,TRAILERS UNLIMITED OF ARLINGTON
8294,"Trailers USA, Inc."
9166,Trailers-N-More
8991,"Trailers-R-Us, Inc."
10736,Trailers4Two LLC
10083,Trailershop
10278,TrailersMT.com
3357,TRAILEX INC.
3358,"TRAILGRADER FABRICATION, LLC"
13376,Trailhawk Manufacturing
11129,TRAILHEAD
3359,"TRAILMAN, INC."
3464,TRAILMANOR
3468,"TRAILMANOR MANUFACTURING COMPANY, LLC"
5945,Trailmaster
8798,Trailmaster Inc.
9330,"Trailmaster, Inc."
1920,TRAILMASTER/VANGUARD
1736,TrailMax
13007,TrailMax Trailers
6072,Trailmobile
3477,TRAILON TRAILER CORP.
7323,TrailRite
9388,Trails West Manufacturing
5946,TrailStar
12754,TRAILTECH LLC
9452,Trailtech Trailers
11935,Train View
8916,Tram Power Car
8918,Tram Trailer
4466,Tramont Corporation
4641,Tramont Manufacturing
10182,Tranformacion y Transporte SA de CV
8921,"Trans National Trailers, Inc."
8056,"Trans-Tech Industries, Inc."
7677,Transcor International Development Corpo
10511,Transcraft
12050,TRANSCRAFT/WABASH
3482,"TRANSFORMATRUCKS, LLC"
8070,"Transformer Trailers, Inc"
3487,"TRANSGLOBAL CONTAINER, LLC"
5947,Transglobal Industries
3490,"TRANSHAUL, INC."
5369,TRANSI-CORP
9385,"Translift Systems, Inc."
9020,Transmark
4867,Transport Buddy
4851,Transport Custom Designs
3493,"TRANSPORT DESIGNS, INC."
7862,Transport Equipment Manufacturing & Sales Corp
3502,"TRANSPORTATION SYSTEMS SOLUTIONS, LLC"
4412,Transportation Techniques
10685,TRANSPORTER
3674,TransPower
11974,TRANSPRO
12168,TRANSQUIP LLC / VersaMax
5449,Transtar ATW
5948,Transtech
3507,TRANSWORLD EQUIPMENT CORP.
3509,TRANSWORLD MANUFACTURING CO.
13328,Trash Rocket
11050,TRAVALIGN
5949,Travalong
10863,Travalum
5950,Travel Line
3512,"TRAVEL LITE, INC."
12419,Travel Suites
12926,Travel Supreme (TS-1)
3517,"TRAVEL UNITS, INC."
3515,"TRAVEL-LITE, INC."
3518,"TRAVELMATE, LLC"
12994,TravelStar
3519,TRAVERTSON INC.
3520,"TRAVIS BODY & TRAILER, INC."
3521,TRAX MANUFACTURING
12215,TRAYLFER
4816,TRAYLORCO
647,Trekker
7786,Trelan Manufacturing
10984,TREMCAR
12929,TRETTER BUILT
5582,Tri City
3524,TRI COUNTY CHOPPERS II
4413,Tri State Industries
5951,Tri-City Boat Dock
8994,Tri-Co Specialties
6890,"TRI-COUNTY MANUFACTURING, INC."
7046,"TRI-DEN, INC"
6891,"TRI-ONE, INC."
9547,"Tri-Quest, Inc."
3564,TRI-STAR TRAILER MFG.
6892,TRI-STAR TRAILERS
3567,"TRI-STATE CHOPPERS, INC."
3578,TRI-WELDING FABRICATIONS
6894,TRIAD ALUMINUM FABRICATION
3525,TRIAD TRAILERS LLC
7959,Triangle Manufacturing and Pump Co. Inc
10952,TRIBE
13434,Tricargo
3526,TRICK TRAILERS
729,Tricker Trailers
3527,TRICKFIGHTERCUSTOMS LLC
3542,"TRIDELTA SYSTEMS, L.L.C."
9920,TRIDENT
5953,Trident Motor
11191,TRIDENT PEDAL
8616,Trident Trailers
9066,Trifecta
3545,"TRIFUN, INC."
9125,Trigger Technics BV
5954,Trihawk
3547,TRIKE WORX LLC
3548,TRIKES-R-US
5955,Triking
3549,TRILLIUM RV LTD.
13626,Trim Chute Trailer
12013,"Trime US, Inc."
10682,Trimworkz
12169,TRINITY
3587,TRINITY FRAME & FAB
10108,Trinity Highway Products
3588,Trinity Industries
3552,"TRINITY TRAILER MFG., INC."
6152,TRINITY TRAILERS
9744,Trinity Trailers (Trinity Truck & Trailer Service)
12641,"TRIPLE B FAB, LLC"
6153,TRIPLE B TRAILERS
8910,Triple B&J Trailers Mfg. Inc.
12458,Triple C Manufacturing
5583,Triple C Trailers
5454,"Triple Crown Trailers, Inc"
8292,Triple E Industries
10479,Triple G
6384,Triple G Smokers
7436,Triple J Custom Trailers
8704,Triple J Enterprises
3556,"TRIPLE J WELD FAB REPAIR, LLC"
9321,Triple J. Trailer Sales
10716,Triple L
8413,Triple M Manufacturing
7718,Triple R
3558,"TRIPLE R TRAILER SALES, INC"
13588,Triple Trailers
11844,Triple X
9331,Triple-B Truck Body and Metal Fabricating Company
5521,Triple-C Trailer
6905,TRIPLE-H-TRAILERS
8194,Triple-L
12028,Triple-T Trailers
12298,TRIPPS
6906,TRISEN FABRICATION
10069,TriStar Welding LLC
5956,Tritan Ventures
4911,Triton
10162,Triton Defense
12427,Triton Power
3570,"TRITON TRIKES, LLC"
565,Triumph
12705,TRIUMPH TRAILERS
3576,"TRIUNE MANUFACTURING CO., INC."
6525,Trivan Truck Body LLC
3577,"TRIVAN TRUCK BODYY TEXAS, LLC"
11289,TROJAN EV
12384,TROJAN HOSE & SUPPLY
4594,Trojan Trailers
8774,Trolley Boats
3579,"TROPHY BOAT TRAILERS, INC"
8327,"Tropic Trailer, Inc."
8059,"TROPICAL TRAILERS OF LAKELAND, INC"
10209,Tropos Motors
11595,Tropos Technologies Inc
7767,"Trotters Manufacturing, Inc"
12504,Trotty
3580,TROUBADOUR TRAILERS LLC
7519,Trout Creek Enterprises
4684,Trout River Industries
7520,Troxell Company
12760,TROXUS
11848,"TROYER BROTHERS, INC."
4773,TRP Motors
12958,TRR
6838,TRU LEVEL TRAILERS
3388,Tru-Hitch
6076,Tru-Tow Trailers
5589,Tru-Weld
3581,"TRUCK BED AND TRAILER SALES, LLC"
3584,TRUCK CRANE SOLUTIONS
7976,Truck Equipment Corporation(TEC)
6202,Truck Tech
4414,Truck World
4579,Truck-Tech
3585,TRUCK-TECH ENGINEERS INC.
12403,TRUCKERS OF AMERICA
4598,Trucking TRM Inc.
3676,Trucks & Trailer OU
7211,TRUCKS UNLIMITED
11511,True Blue Trailers
4906,True Texan Manufacturing
4415,True Trail
13120,TRUELINE
12909,TruePath Trailers
4416,Trunks on Wheels
12966,TruRebel
11142,TRUSS TRAILER
11358,TRUVIE TRAILERS LLC
12045,Truxco
10580,TRUXTON
12239,TRYSTAR LLC
5255,"TSE International, Inc."
11026,TSI
10260,TTC
12073,"TTNMX, S. DE R.L. DE C.V"
11304,TTOCS TRAILER
12326,Ttop Mfg
10761,"TTS "
10810,TTS Offroad
13327,TTS Trailers
10705,"Tub Hand "
10883,Tubal-Cain
8443,Tube Systems LLC
6551,TUF
8828,"Tuf-Manufacturing, Inc."
6231,Tuff Boy Sales
4806,Tuff Built Products Inc.
4417,Tuff Built Trailers of Oklahoma
10526,Tuff Dawg
4825,Tuff Manufacturing LLC
8155,Tuff Mfg.
9925,Tuff Stuff
3470,Tuff Trailer USA Inc
3472,Tuff-Built Trailers
7826,Tuff-E-Nuff Mfg
3473,Tuff-Go
10552,TuffDump
10004,Tuffr Trailer Co.
13159,"Tuffshitrailers, LLC"
12644,Tuffy
10231,Tuffy Tilt Tables
5256,Tug Hill Trailer Mfg.
9926,"Tulsa Gas Technologies, Inc."
3474,Tulsa Rig Iron
4418,Tulsa Trikes
3476,Tumbleweed Trailer
11572,Tune
13435,TURBOCRISTAL INC.
8650,TurfMaker Corporation
5957,Turnbow
12866,Turner Machine Company
6552,"TURNING POINT TRAILER MFG, LLC"
3479,Turris Systems
1744,Turtle Top
10057,"Turtle Transit, Inc."
5469,Turtle Up
10059,Turtleback Adventure LLC
561,Turtleback Trailers
11469,Tuscaloosa Custom Carts
12781,TUSCARORA STRUCTURES
12103,TUSKY
12435,TUT
13653,TuYou LLC
3480,TW Enterprises
10895,Twain Trailers
1877,Twamco Trailer
13319,TWH TRAILERS LLC
3647,TWI Trailers
3483,Twike Fine Motor GmbH
13466,Twilight/Twilight Signature
13537,Twin Brook Fabrication
5789,Twin City
10967,Twin Hauler
3485,Twin Oaks Industries
9159,Twin Rivers Mfg.
3486,Twisted Hawaiian
3491,Twisted Iron Bobbers
3488,Twisted Iron Customs
9687,Twisted Pine Trailer Manufacturing
3495,Twisted Ridez
3497,Twisted Steel Choppers
8441,Twisted Twin Inc
7382,Twister Trailer Mfg Inc
3513,Twistercity Cycle Works
8996,Two-K Manufacturing
9380,Two-Pak Trailer Company Inc.
8518,TX Strong Trailers
11694,TX Trailer
3571,TXC
12090,"TXMFG, LLC / TetonX"
11228,TXP
7193,Ty-Crop Manufacturing Ltd
5958,TYCO
3572,Tyco Fire Protection Products
13700,Tycrop
10844,TYEE
7777,Tygar
5959,Tyler Coach Mfg. Inc
12691,Type 2 Campers
4836,TYRRSA
3254,TYRSOL
3353,TYTAL
13182,TYTANK
7023,U-Dump Trailers LLC
11188,U-TRAIL
7964,"U.S. Abilities, Inc."
11364,U.S. BUILT TRAILERS
9168,U.S. Coach Works Inc.
3573,U.S. Iron Horse Motor Cycle Company
5294,"U.S. JETTING,LLC"
7693,U.S. Trailer Co.
11766,UAM Carts
7886,UBCO
12749,UberDisplays
6069,UCC
518,UD
9538,UEC Equipment Company
10051,UFT Mobile Solutions
11048,UKANCAMP
3583,Ukeycheyma
8259,ULB Corporation
7356,Ullman Auto Sales
13021,Ullman Motorcycle Co.
3639,Ultima
8640,Ultima (Boylan Golf Cars)
6373,ULTIMATE CUSTOM CYCLES
4519,Ultimate Manufacturing
13350,Ultimate Trailer
3586,Ultimate Trailers
1084,Ultra
7396,Ultra Acquisition Corporation
3640,Ultra Haulers
5960,Ultra Lite
5257,"Ultra Motorcycle Company, Inc."
12398,ULTRA STEEL
3642,Ultra Trailer
6969,"ULTRA-LIGHT TRAILERS, L.L.C."
11640,Uluru
13656,ULV
5377,UM Motorcycles
12216,Uncharted
13293,Uncle J
12999,UNI-GLIDE
7521,Uni-Go Nz Ltd
6101,Unicell Body Company
9741,Unified Trailer Company
7177,Unilift
9541,Union Chill Mat Company
7067,UNION CITY BODY COMPANY INCORP.
12096,Unique Cabin Collection Trailer
3643,Unique Custom Cycles
4420,Unique Custom Truck & Trailer
4421,Unique Cycle Works
7031,"UNIQUE DESIGNS, INC."
3644,Unique Fabrications
8751,Unique Motorcycle Co.
3646,Unique Performance Customs
4422,Unique Products
12728,Unique Trailers
7695,"United Alloy, Inc."
10342,UNITED CONCRETE
10068,United Dynamic Services
3648,United Expressline
5961,United Hauler
3650,United Hydraulics
13713,UNITED MACHINE CORPORATION
5896,United Motors
4168,United Motors of America
6446,"UNITED MOUNTAIN TRAILERS, INC."
3651,United Precision Metals
3653,United Site National Services Company
3654,United Specialized Trailers
3657,United Specialties
6382,United States Motorcycle Corporation
9300,"United States Systems, Inc."
11707,United Tiny Homes
12372,"UNITED TINY HOMES, INC. / TINY HOME"
4423,United Trailer Products
3658,United Trailers
5032,United Truck Equipment Corp.
13621,UNIV
6038,Universal
4424,Universal Composite
3660,Universal Cycle
10050,Universal Enterprises Inc.
12401,UNIVERSAL FOOD TRAILERS LLC
3661,Universal Hovercraft
9035,Universal MFG
5259,"Universal Specialty Vehicles, Inc."
4903,Universal Trailer Corporation Horse/Livestock Group
8300,Universal Trailers Inc
3707,Unknown Choppers
6873,"UNLIMITED RECREATION, INC."
3708,Unruh
10906,UNRUH WELDING AND REPAIR LLC
3710,Unverferth
7534,Upbeat Co. Ltd
13058,"UPLAND ENTERPRISES, INC."
11530,UPRISING ENGINEERING USA
8504,Upstate Choppers
3712,Upstate Concessions
9827,Upstate Trailer Manufacturing
11170,URAL
12284,"URAL (IMZ-KAZAKHSTAN, LLC)"
10171,Ural Sidecars & Solos
12393,"Urban Wing Co., LLC"
13404,Urdream
10897,URSA
12947,URSUS CAMPERS LLC
3716,Urway
3718,US Built Trailers
10420,"US FIRE PUMP COMPANY, LLC"
12611,US MHF
12610,US PMF
8735,US Prefab
9776,US Specialty Vehicles LLC
4640,US Tower Corp.
9500,US Trailer Manufacturing
12061,US281TTS
12228,USA
11810,USA Chassis
3719,USA Choppers
4924,USA FLIR DETECTION INC.
7017,USA MOTOR CORPORATION
3721,USA Motortoys
12329,USA MPV Co
11698,USA Trailer
1890,USA Trailer Co.
10498,USA Trailer Company
5364,USA Trailer Manufacturer
12450,USA TRAILER MANUFACTURERS
10217,USA Trailers
9070,USEMCO
12087,USHI
12489,USMC
7098,USPC
4425,Ustankco
8756,Utah Tank & Trailer
5780,Utilimaster Motor Corporation
8340,"Utilimax Manufacturing, Inc."
11037,Utiliquip UMI
3725,Utilitoy
6032,UTILITY
4869,Utility Buddy
9571,"Utility Equipment, Inc."
3726,Utility Tent Trailers
10138,Utility Trailer Manufacturer
8209,Utility Van
3728,UtilityMate
3774,Uwood
10841,V Trailers
6921,V TWIN CITY
11836,V&J TRAILERS
6571,"V-8 CHOPPERS, L.L.C."
3434,V-Force Customs
3775,V. Marone Enterprises
3776,V.E. Enterprises
10645,V.E.M. LLC
3778,V/M Custom Boat Trailers
3780,VA Enterprises
3233,Vac King Trailers
9311,Vac-Tec
3782,Vac-Tron Equipment
3781,Vacation Structures
5962,Vacationeer
8046,VACMASTERS OF DENVER INC
9852,Vagabond
4567,Valaren Motorsports
5356,"Valderaz Services,LLC"
3783,Valenti Choppers
503,Valew (Hayes Welding)
3784,Valew Quality Truck Bodies East
11855,VALIANT
9873,"Valiant Expedition Trailers, LLC"
4980,Valkyrie Trailers
13297,Vallee Sawmills
5322,Valley
3785,Valley Farm Industries
10181,Valley Manufacturing LLC
7073,"VALLEY MANUFACTURING, INC"
10923,"VALLEY STEEL WORKS "
6924,VALLEY TRAILER MFG INC
9386,Valley Trailer Mfg. Custom Built Trailers
4749,Valley Trailers
8702,Valley Truck Truckbeds & Repair
3786,Valley Vessel Fabric
4429,Valley View Custom Trailer Manufacturers
7344,"VALLEY WELDING & EQUIPMENT, INC"
9171,Valley Welding & Repair
12795,ValleyBilt
13712,VALOR CARTS
10373,VALOR INDUSTRIES
11986,VALTIR
7702,VAMA Manufacturing
3787,Van
7404,"Van Camp Trailer & Body, Inc"
10357,VAN DAM CUSTOM BOATS
592,Van Hool
7190,VAN KAM TRUCK & TRAILER
5963,Van Overflow Inc
7078,Vanclaes
11540,VANDERBILT TRAILERS
3360,Vanderhall Motor Works
12271,Vanderhall North America LLC
8325,"Vanguard Industries of Michigan, Inc."
6474,VANGUARD NATIONAL TRAILER CORPORATION (VNTC)
13634,"VANGUARD REFRIGERATED TRAILER CO.,LTD."
9594,"Vanguard Trailer, Inc."
4550,Vanleigh RV
3361,Vanmar Manufacturing
3363,Vantage Trailers
3364,Vantage Vehicle International
3365,Vantem Modular
3366,Vaporcon
10133,"VAR TRAILERS, LLC"
11776,VAUGHN
9937,Vault Master
11455,VAZA TRAILERS
9918,Vazquez Industries
12772,VCalm
12476,VCARTS
13625,VCC
4428,VCS Custom Cycles
12570,VECTOR
9250,Vector Aeromotive Corporation
13393,Vector Mixer
4427,Vector Technologies
8721,Vector Trailers
1941,Vector Trikes
6920,VECTRIX
3367,Vectrix SP. Z.O.O.
12234,Veeco
4426,Vega Integrated Products
13684,VELAZ
9432,Velcon Filters
12498,veleco
13484,Veli
4572,Velocette Trailers
13485,Velocifero
1645,Vengeance Motorcycles
1761,Venier Customs
12161,VENOM
13213,Venom (Inferno)
3369,Venom Trailers
12732,VENPOL
5374,Venter
7703,Vento
11232,VENTURA
5414,Venture Buggy
5964,Venture Ride Mfg Inc
13521,Venture Tiny Homes
3370,Venture Trailers
3371,Venturetech Corporation
13642,Venu
13759,Venus Fab
12740,Veolectra
12577,VEQOR
11119,VER-MAC
9732,Ver-Mac Inc.
3372,Veradyn
11862,Verdegro Light Tower
13583,VERDI MOTORS INC.
12956,Verge
7049,"VERI-LITE, INC."
3374,Vermeer
10792,Vermeer MV Solutions
5927,Vermeer- Delta
9382,Vern's Welding and Fabrication
6767,Vernon Trailer Company
11597,VersaMax
7704,"Versatrail, Inc."
13412,Verse EV
13292,Vertex
3375,Vertical Reality
5325,VERTICAL WORKS INC
12214,VERTISA TRAILER
7949,Verucci Motorcycles LLC
12806,VESPA
3376,Vessel Service Co
13014,VESTA
6841,"Vetro, Inc."
5556,VETS
11118,VETTED
9868,Vexus Boats
12292,"VIA MOTORS, INC."
11567,VICINITY
4629,Victor Valley Steel Fabricators
7407,Victor Valley Trailers
12588,VICTORIA
12589,VICTORIA MOTORRAD
567,Victory
7687,Victory Custom Trailers
5530,Victory Haulers
576,Victory Industrial Products
575,Victory Sweepers
577,Victory Trailers
11523,VIDA TOWABLES INC.
13471,View Finder
9915,Viking Cives
13643,Viking Custom Trailer
5261,Viking Fabrication
5338,Viking Formed Products
5337,Viking RV
5688,Viking Trailer
4431,"Viking Vee, Inc.(dba Viking Spirit Trailers)"
3436,Viking-Cives Midwest
3437,Village Trailer Sales and Parts
4618,Villmow Racing Developments
9642,VIMAR Trailers
3438,Vindicator Cycles
11366,VinFast
13798,Vinrus
5760,Vintage Auto
10029,Vintage Cruiser
10030,Vintage Microbus
4642,Vintage Overland
10031,Vintage Rover
11341,VINTAGE TRAILER WORKS INC
12655,VINTEGE TRAILERS
4430,"VIP Custom Coach, Inc."
13170,Viper
6577,Viper Cargo LLC
3439,Viper Motorcycle Company
6573,Viper Trailers LLC
12291,"VIPER USA, INC."
13440,Viper(VIPER LOADERS LLC)
8753,Vipex Ltd.
9209,"Virginia LP Trucks, Inc."
13117,Virnig Manufacturing
5965,Vironex
9598,Vironex of Illinois Inc.
13418,VISION CARGO LLC
3440,Vision Industries
3441,Vision Metals Inc. dba Ferree Trailer
3442,Visionary Metals
9312,Vista Cruiser Mfg.
2508,Vistabule
13417,VISUM TECHNOLOGIES LLC
3443,Viva Motorsports
11197,VIVID EV
13378,VJ Trailers
10646,VLC Trailers
12370,VLY
3830,VMI Offroad Xtender
2620,Vmoto
3444,"Vogel Traffic Services, Inc. dba EZ-Liner Industries"
11112,Volante
11034,VOLKOFF AG LLC
482,Volkswagen
10293,VOLT
10150,Volta Motor Company SL
11113,Voltage
12582,Voltex
13156,VOLTZ
485,Volvo
487,Volvo Truck
6463,VON DUTCH/FLYING EYEBALL MOTORCYCLE COMPANY L.L.C.
3445,Voodoo Choppers
10398,VORP
10300,"Vorsheer, LLC"
6505,VORTEX MOTORCYCLES CO
8754,"Vosberg Enterprises, Inc."
7074,Vossloh
3446,Voyager Aluminum
4649,Voyager Industries
3447,Voyager Trailers
6899,Voyager Travel Trailers
7070,VRC INDUSTRIES
7009,VRV
13450,Vseiko
3448,VT Hackney
3449,VT SVC
13494,Vtron
13495,Vtron Moto
3450,Vtwin Custom MFG
12817,Vulcan
12173,VULCAN TRAILERS
6900,"Vulcan Works, Inc."
10012,W D Trailer Mfg
3454,W-W
6989,W. JOHN PRICE MANUFACTURING AND REPAIR
3455,"W.E. Machine & Welding, Inc."
7881,W.G. Manufacturing
4847,Wabash
12321,WABASH DOLLIES
12320,WABASH PLATFORMS
12518,WABASH TANKS
12319,WABASH VANS
11349,WABTEC CORPORATION
9107,Wack Engineering
6959,WACKER CORPORATION
3529,Wacker Neuson Corporation dba Wacker Neuson
5584,WACO
6961,"WADE SERVICES, INC."
3530,Wadsworth Industries
5673,Wagner-Smith Equipment Co
5262,Wagon Wheel Trailers
6418,"WAGS MOTORCYCLE TRAILERS, LLC"
12975,WAGS PET & CARGO TRAILERS LLC
6462,WAGS UNIQUE MOTORCYCLE TRAILERS
7391,Waguespack Welding & Manufacturing Inc
3531,"Wahoo Marine Construction Company dba Aluma Technologies, Aluma Tek"
6965,"WALDEN STRUCTURE'S, INC."
4432,Walden Structures Construction
9283,Waldock Equipment Sales & Service
3532,Waldrop's Welding & Fabrication LLC
4839,Walinga USA
6967,"WALINGA, INC."
13726,Walkabout
6978,WALKER
8768,Walker Mountain Trailers Unlimited
6968,WALKER STAINLESS EQUIPMENT CO
11815,WALLACE
3534,Wallace Lowboys
5494,Wallrich Welding
9397,Wallstrong Trailers
9615,Wally-Mo
5371,Walsh Auto & Fabrication
3535,Walters Group
11254,WALTON
3536,Walton Trailers
11352,"WALTON TRAILERS, LLC"
8557,Waltron Limited
3537,Walz Hardcore Cycles USA
8140,"Wanco, Inc"
11269,WANDER TEARS
5894,Wangye
7153,WANQIANG
3538,Wanted Choppers
12707,WANWEI
3539,War Eagle Motorcycles
8868,"War Hawk, Inc."
8151,Ward Equipment
12100,WARE CARGO TRAILERS
6445,WARE'S WELDING
10493,Warfield Fabrication LLC
3540,Warhawk Performance
13174,WARHORSE OVERLAND
987,Warlock Trailers
5263,Warman's Welding LTD
8661,"Warren Equipment, Inc."
6862,Warren Inc.
6970,"WARREN MANUFACTURING, INC."
4433,Warren Power Attachments
2079,Warrior
2913,Warrior Lifestyles
3603,Warrior Manufacturing
8971,Warrior Mfg.
4583,Warrior Trikes S.E.
11463,WARTECH ENGINEERING
13544,Warthog EV
3604,Washington Choppers
9352,WASP
6971,WASTE STREAM INC.
1387,Wastequip Cusco
6926,WATAUGA WELDING INC
10951,WATCHDOG TRAILERS LLC
3605,Watco Truck Rigging
3606,"Watec, Inc. dba H & H Trailers Southeast"
3607,Water Hog Trailers
8724,Water Wars Company
3608,Waterblasting Technologies
12341,Watercar
3609,Waterford Tank and Fabrication
11863,WaterHual
12447,WaterMade
4522,Waterman Welding & Machining
13755,Watersnake Boats
9825,Watertown Draft Trailer LLC
588,Watertrailers.net
5970,Watson
10613,Watson RVs
3616,Wausau Equipment Company
9682,Waycaster Performance
6915,Wayde Mfg Co inc
5971,Waymatic Inc
5967,Wayne
8847,Wayne A. Miller
5040,Wayne Engineering Corporation
6916,Wayne Wheeled Vehicles
3617,Wayne's
9464,Wayne's Screen Machine
7948,Wayne's Trailer Supply
4638,WB Enterprises
9516,"WCCT, Inc."
13803,WCM Trailers
5754,WCW
4690,Weaver Systems
5972,Webco Pacific
9564,Weber Built Trailers
6917,Weber Generators
3618,Weber Manufacturing
3619,Weber Trailer By Mrres Industries
8110,Weber's Welding & Repair
13717,Weberlane Manufacturing
11316,WEBETTER
10690,"WECAN "
11315,WECARE
6566,"WEDLAKE FABRICATING, INC."
3620,Wee Engineer
3622,Weekend Warrior Trailers
5013,Weekender
11939,WEEROLL
6557,WEEZE CHOPPERS
3624,Wegener Steel & Fabricating
9408,Wegner Welding
10782,WeGo Camp Trailers
11782,Wehope
3625,Weiler
7259,Weimer Manufacturing
13287,Weistec
9466,Welch Trailer
3626,"WELCH TRAILERS, LLC"
4434,"Welchel Enterprises, L.L.C. dba Cherokee"
1132,Weld Built Trailers
11236,WELD PRO CUSTOM BUILT
3627,Weld Shop
3629,Weld-It Company
3630,Weld-Tek Custom Fabrication
11680,WELDCAT TRAILER
11420,WELDCO MFG
3628,Welding & Machine
4439,Welding Unlimited
6752,WELDING WORKS
12057,"WELDING WORLD, INC"
3741,Well Done Equipment
5973,Wellco
10131,Wellcraft
6062,Wells Cargo
5543,Wells Machine Co Inc
7729,Wells Western Trailer
5503,"Wellspring Components, LLC"
7147,WEN C
3742,Wendigo Industries Inc. dba So-Cal Choppers
10461,WENDUMP
7332,Wenger Corp
4438,Wenzhou Light Motorcycle Co.
3743,Wenzlau Engineering
3744,Wes Mor Cryogenic Manufacturing
2485,WESCO
8897,Wesco Trailer Sales
7996,WESLEY CUSTOM FABRICATION INC
10831,West Coast
5264,West Coast ABT Inc.
8275,West Coast Carriage
3745,West Coast Trailer
6865,"West Georgia Mobile Hydraulic, Inc."
13257,West Point
3746,West Side Choppers
3747,West Side Cycle
8257,West Tech
10374,West Texas
7771,WEST TEXAS DOLLIES INC.
12012,WEST VALLEY MANUFACTURING
1771,West-Mark
3748,Westar Manufacturing
5506,Westbrook Greenhouse Systems Ltd.
3749,Westbury Handcrafted Motorcycles
9244,Westcar Industries Ltd.
7172,WESTECH CUSTOM METAL FABRICATION
8328,Western
7642,Western Construction Components
12731,Western Elite
12776,Western Hwys
3750,Western Innovation
3751,Western Int'l
8330,Western LIDO
5975,Western Metals Company Inc
6904,"Western Recreational Vehicles, Inc."
5976,Western RV
10751,"Western Shotcrete Equipment, Inc."
4512,Western Star
3808,Western Trailer Company
6423,"WESTERN WISCONSIN FABRICATING, LLC"
8929,"Western World, Inc."
9376,Westfall Motors Corp.
11885,WestGen Power Solutions
8010,Westinghouse Corporation
5751,Westline
3806,Westmor Industries
3805,Weston Choppers
10798,WestQuip
681,Westside Trailers
8950,Westside Welding & Radiator
463,Westward Industries
9345,"Weyhrich Industries, Inc."
3804,Wheatridge
3803,Wheego Electric Cars
3687,Wheeler Reeler
5925,WHEELER STEEL WORKS
3802,Wheelhaus
8383,Wheels Unlimited
6948,WHISKEY CHOPPERS
3801,Whiskey Custom Cycles
13382,Whisper Carts
7220,Whispering Pines Fabricating
3800,Whit Service & Supply
3798,Whit-Log
5396,White
11669,White Hawk
12369,White Knuckle Fab
7760,White Knuckle Performance Cycles
10193,White label - other
8645,White River Marine Group
9086,White's Auto Sales
6934,White's Welding & Body Shop
9109,White's Welding & Fabrication
10864,"White's Welding, LLC"
5426,WHITEGMC
6935,Whitehead Welding and Trailer Sales
8324,Whites/Keen Mfg. Inc.
3799,Whitetail Watersports dba Whitetail Airboats
5385,Whitewater
11681,WHITEY FABRICATION
9433,"Whitley Motor Company, Inc."
7963,Whitlock Mills Trailer
1568,WHIZZER
10611,WhoDat Trailers
6607,WHOLESALE TRAILER WORLD
12306,WHWT
10102,WibTech
6938,Wichita Trailer Manufacturing
10651,Wicked
4437,Wicked Choppers Corporation
7213,Wicked Cool Motorcycles
3797,Wicked Custom Cycles
7957,WICKED DESIGNS LLC
7660,Wicked Enterprises
3796,Wicked Sick Designs Manufacturing T-Town Chopz
3795,Wicked Sickles
4436,Wicked Women Choppers
3794,Wicomico Custom Cycles
3793,Wide Open Cycles
12513,Widescape
3792,Wideside Customs
6930,WIDOWMAKERS
3791,Wiechelman Repair
13401,Wiens Energy
13122,WIGGINS
3852,Wil-Ro Inc
3790,Wilbert Funeral Services
5667,Wilcken Industries
6103,WILCO MACHINE & FAB INC.
3789,Wilco Manufacturing
9536,Wild Boar Manufacturing
3788,Wild Cat Crane & Welding
8805,Wild Child
3841,Wild Metal Manufacturing
4435,Wild Rice Industries
7848,Wild Side
3842,Wild Side Customs
3843,Wild West Motor Company
3845,"Wild West Motor Company, Inc."
3846,Wild West Trailers
3847,Wildcat
12694,Wildcat Cable Solutions
6523,WILDCAT MOTORCYCLES
7282,WILDCAT TRAILER CO
8495,WilderMaven
11029,"WILDERWISE "
10281,Wildfire
3848,Wildfire Motors
7828,Wildlife
9586,"Wildwood Traveler, Inc."
7429,"Wilkens Industries, Inc"
4447,Wilkens Manufacturing
6034,William Clark
3849,William N. Mason Inc. t/a Mason Drawn Equipment
3850,William Steele Welding & Fabrication
5856,Williams
8594,"Williams Fire and Hazard Control, Inc."
3851,Williamson Ocean-Trailers
4917,Willis Extendable
6928,Willmar Mfg.
10659,Willow
6860,WILLTEN MFG. CORP.
4446,Wilmer's Welding
6528,WILRAY MFG. INC.
3853,Wilshire Trailers
10450,WILSON
12968,Wilson (WILLIAM E WILSON JR LLC)
7237,Wilson Custom Trailer Inc
4686,Wilson Manufacturing
3854,Wilson Steel Products Co.
3855,Wilson Trailer Co.
3856,Wilton Manufacturing
5977,Wimyer
4445,Winchester Auto Repair & Welding
3857,Winco
11317,WIND RIVER
8269,Wind River Manufacturing
12957,WINDING CREEK MANUFACTURING
6635,WINDROCK
13151,Windrose Technology
8071,Windsor Trailer
13438,"Windstrong Industries, LLC"
3858,Windswept
5265,Windward Campers Inc
3874,Windy Ridge Fabrication
11603,WINK MOTORS INC
12470,WINMAX/SOLAR
4543,Winnebago
548,Winnebago Of Indiana
3876,Wins Trike Bike
8042,WINSOR METAL PRODUCTS INC
7155,WINSTON
9092,Wire Wagon
6866,Wisconsin Body & Hoist
5978,Wisdom
9259,Wiser Trailer and Equipment
5137,WISTAR EQUIPMENT
5733,Witco Challenger
10734,Witmer
3699,WIZARD SPEED AND DESIGN
3453,WKM
12101,WM WELDING AND MANUFACTURING LLC
10378,WOLF
9006,Wolf Coach
7603,Wolf Design Metal Fabrication
9473,"Wolf Industries, Inc."
11062,WOLF INNOVATIONS
11799,"Wolf Mfg, LLC"
6412,wolf trailes
7495,Wolf-Trax
4444,Wolfe Electric
8574,Wolfgang Cycles
4899,"Wolfpack Chassis, LLC"
5979,Wolverine
3705,Wolverine custom
7847,WOLVERINE RACING
12794,WOLVERINE TRAILERS
3700,Wolverine Trailers LLC
10894,Wombat Camper
12613,Wonder Camper
9301,"Wood's Associated Products, Inc."
6902,"Wood-Mizer Products, Inc."
4170,Wood-Tex Corporate LLC
6212,Wood/Chuck Chippers Corp
12226,WOODBREW LLC
3701,"Woodcredit, inc. dba timberking"
10334,Woodies
3702,Woodland Park Inc
3703,"Woods line equipment, inc."
7596,"Woodsman, Inc"
9308,Woodstream Mfg.
9143,Woodworth Mfg.
8644,WOPE Trailers
7394,Work Area Protection Corp
4171,Work Easy Trailers LLC
4172,"Work Hawg Trailer Company, LLC"
4443,Work Horse Manufacturing
8931,"Workbench, Inc."
525,Workhorse
589,Workhorse Industries of Texas
11737,WORKHORSE TRAILERS LLC
5546,Workhorse Utility Trailers
6877,Workman and Sons Inc.
10500,"World Communication Towers, LLC"
10101,World Industrial Equipment
8923,World Trailers
4442,World Transport Authority
4633,Worldwide Trailer
4174,"WorldWide Trailer Manufacturing, Inc."
4622,Worldwide Trailer Services
9437,Worley Welding Works Inc.
9038,Worley's Welding
10717,Worth
5085,"WORTHINGTON CRYOGENICS, LLC"
4175,WORTHINGTON TRAILER L.P.
4176,Worthington Welding Inc.
5990,Worthy
4568,Worxs
4177,"WOT FABRICATION & ENGINEERING, LLC"
7222,WOW CARGO TRAILERS LLC
5980,WR Manufacturing Inc
10248,Wrangler
9102,"Wrangler Trailers, Inc."
9082,Wren Body Works
3738,Wrench
7530,Wright Built
4479,Wright Welding Inc.
4481,Wright's Design & Fabrication
9151,"Wright's Welding and Fabrication, Inc."
4480,Wrightbus
7908,WSD
11124,WTM
8946,WTM Communications
9985,"WTM, Inc."
10330,WTT
12281,WTX Containers
13166,Wuling Dash
4482,Wurk Metal Products
5752,WURST
11708,Wurzbach
12558,WUSUN
11978,"WUXI DAYANG ELECTRIC TECHNOLOGY CO., LTD. / DAYANG"
4483,Wuxi Jinhong Motorcycle Co.
12635,WUXI SINOTECH
12204,"WUXI TENGHUI INTERNATIONAL CO., LIMITED / ENGTIAN"
4484,Wuxi Zhida Vehicle Manufacturing Co.
4485,Wuzheng North America
11653,WWRV
4486,Wyatt Engineering & Fabrication
7672,Wyatt's
4487,Wyld Rydes
4488,Wylie
4490,Wyoming Fabrication & Machine
8276,Wyoming Sheep Wagons
7707,X-CEL Trailers
6869,X-L SPECIALIZED TRAILERS INC
10037,X-On Trailers LLC
7284,X-PRESS
13193,X-STAR TRAILERS LLC
8939,X-TEN
4496,X-Treme Fabricating
7513,X-Treme Trailer Mfg
13394,"Xcel Manufacturing, LLC"
4491,XCS Choppers dba Xtreme Cycle Supply
10432,XH7.4 Hauler
4492,Xiamen Xiagong Yuwei Heavy Industry Co.
4493,Xiamen Xiashing Motorcycle Co.
4223,XIANFENG
4225,XIANGJIANG
13228,Xiangyu
13796,Xinben
13041,XINLING
13433,Xinlvjiayuan
4842,Xinri
4494,"Xinri E-Veh Hongkong Co., Limited dba Jiangsu Xinn International Trading"
11241,XION.BIKE
4440,Xkeleton Motorcycle
9475,XL Carts Inc.
5922,XLT
10266,Xos
4448,Xotic Cycle & Motor Werx
11639,XOTO INC
10364,Xpedition Trailers
12307,XPL
11750,XPL/xPlorer
5672,Xplor Campers
5787,XPLORER
4823,XPO
10433,XT16 HR East West
8634,XTC Motorcycles
4542,Xtreme Choppers
4449,Xtreme Custom Conversions
8554,Xtreme Cycles of Sarasota LLC
4497,Xtreme Green Products
3733,Xtreme LT
13636,Xtreme Manufacturing
10997,XTREME TRAILERS
4498,Xtreme Trailers and MFG
10115,XTREME16LED
11798,Xxiss
13020,XYZ Trailers
13106,XZ ELECTRIC VEHICLES
4499,Y.B. Welding
13772,Yacht Club
10879,YADEA
12925,Yak Master
4500,Yakima Products
564,Yamaha
4474,Yamasaki
12095,YAN YUN
1603,Yangtse River
4450,Yangzhou Tonghua Semi-Trialer
4502,Yantai Haide Special Auto Works
4503,Yantai Jereh Oilfield Service Group Co.
13764,Yanzhimei
7468,Yardbeast
13070,YASHIXIN
12034,YAXING
10871,"Yellow Cow Trailers, LLC"
12256,YELLOWSTONE
4451,Yester Year Auto
11436,YFT
5679,YIBEN
11822,YIDE
12549,YIESON
5302,Yingang
1429,YINXIANG
13722,YiYing
1017,"YODER SMOKERS, INC."
4505,Yoder Utility Trailer
13019,YOLO
4535,Yongfu
10157,"YONGKANG EAGLE MOTOR CO., LTD"
4478,"Yongkang MTL Metal Products Co., Ltd."
13429,Yongxin
4651,York Welding and Fabrication
4506,Younessi Motors
12464,"YOUNG BROTHERZ, LLC"
8026,"YOUNG'S WELDING, INC."
12924,YU AN
4511,Yuba Trailer
13431,Yueben
5553,YUGO
13066,YUHANZHEN
11114,Yukon
9161,Yukon Marine Corp.
4643,YULE
9320,Yuma Welding and Fabrication
8565,Yurko Custom Cycles
6389,YVTS
9694,YW
10712,Z
4510,Z & M Controls
4509,Z Electric Vehicle Corporation
4508,Z Fabrication Wildfire Pits and Smokers
12951,Z TRAILERS
3807,Z Z CHOPS
3809,Z3 SUPPLY
13181,Zack Shack
3835,Zacky's Custom Rods
3810,ZACKYS
13678,ZAGO TRAILERS
3811,ZAKS CUSTOM PITS
8782,Zamora Sales and Service
3812,ZAMR.A.C SYSTEM INC
9391,Zanella
4541,Zanetti Trailer Manufacturing
3813,ZAP
5447,ZARK
6858,ZAT ENTERPRISES
1123,ZBM
10572,Zebra
12940,Zebra(ZEBRA E-CARTS CORP)
11712,ZEC
10616,ZECK GMBH
11722,ZEEHO
13271,Zeekr
6859,ZEHR ENTERPRISES INC
5327,ZELIGSON
3815,ZENGCHENG HAILI MOTORCYCLE CO
4083,ZENN
13230,ZeraEnergy
11476,Zerbe Mfg
11018,"ZERIMAR "
3814,ZERO MOTORCYCLES
4984,Zero4Outdoors
1553,ZEUS CHOPPERS
13792,Zeus Force LLC
11800,ZG TRAILERS
12196,"ZHEJIANG GEELY MING INDUSTRIAL CO., LTD / COLEMAN"
11424,"ZHEJIANG GEELY MING INDUSTRIAL CO., LTD / SONDORS"
9647,"Zhejiang Jiajia Juneng Motorcycle Technology Co., Ltd."
3863,ZHEJIANG JMSTAR SHENKE MOTORCYCLE CO
3873,ZHEJIANG KANGDI VEHICLES
9772,"Zhejiang Kinye Motor Vehicle Co., Ltd."
3942,ZHEJIANG LEIKE MACHINE INDUSTRY CO
6506,ZheJiang Lingtian Motorcycle Co Ltd
3944,ZHEJIANG LINGYU VEHICLE INDUSTRY CO
3945,ZHEJIANG LONGWISE TECHNOLOGY CO
12594,ZHEJIANG LUYUAN ELECTRIC VEHICLE / LUYUAN
3946,ZHEJIANG MENGDELI ELECTRICAL CO
2469,Zhejiang Qianjiang Motorcycle
3972,ZHEJIANG RIYA MOTORCYCLE CO
4452,Zhejiang Summit Huawin Motorcycle
3956,ZHEJIANG TAIZHOU WANGYE POWER CO
3973,ZHEJIANG TAOTAO INDUSTRY CO
3955,ZHEJIANG XINGYUE VEHICLE CO
11787,ZHILONG
2004,Zhongmao
3974,ZHONGMO TECHNOLOGY CO
11448,ZHONGXING
13060,ZHUBEN
7837,"Zhumadian Dali Tianjun Special Vehicle Manufacturing Co.,Ltd"
3975,ZHUZHOU NANFANG MOTORCYCLE CO
7151,ZHWEKI
3886,ZIERKE BUILT MANUFACTURING
8172,Ziffel Manufacturing
9999,ZIGGY
11122,ZIMAR-T
3885,ZIMCO MANUFACTURING
5926,Zimmer
5045,Zimmerman Manufacturing Corp.
3884,ZIMMERMAN TRAILER
11115,Zinger
13375,Zion
11510,ZION OFF-ROAD
9518,Zion's Tiny Homes
12060,Zip Kit
13392,ZM Trucks
13565,ZMod
3395,ZNEN
6057,Zoe Motors
3883,ZONE ELECTRIC CAR
10679,Zone RV Pty Ltd
9848,"Zongshen Industrial Group Co., LTD."
7829,Zook's Welding
13761,Zoondy
11938,Zoox
13238,"ZROX EV, INC."
10276,ZTech Industries
11035,ZTM
3881,ZTPOWERSTATION
12733,ZUBIRIA
13584,Zurc Trailers
12670,"ZYBERGRAPH, LLC"
3880,ZZ TRAILER
8416,ZZ Trailers
11713,ZZKNOWN
