Id,Name
955,"TESLA, INC."
956,ASTON MARTIN LAGONDA LIMITED
957,"BMW OF NORTH AMERICA, LLC"
958,"JAGUAR LAND ROVER NA, LLC"
959,"MASERATI NORTH AMERICA, INC."
960,ROLLS ROYCE MOTOR CARS
961,BUELL MOTORCYCLE CO.
962,"TOYOTA MOTOR NORTH AMERICA, INC"
964,"MERCEDES-BENZ USA, LLC (SPRINTER)"
965,FULMER FABRICATIONS
966,BMW AG
967,BMW M GMBH
968,BMW MANUFACTURER CORPORATION / BMW NORTH AMERICA
969,"MOTORCYCLE MACHINE SHOP SERVICES, LLC"
970,BUGATTI AUTOMOBILES S.A.S.
971,HOMBILT TRAILERS INC
972,BMW AG MOTORCYCLES
973,"AMERICAN CUSTOM GOLF CARS, INC"
974,MOONLIGHT AUTO
975,COOPER CYCLES
976,FORD MOTOR COMPANY
977,"FORD MOTOR COMPANY OF CANADA, LTD."
978,"AUTO ALLIANCE INTERNATIONAL, USA"
979,"FORD MOTOR COMPANY, MEXICO"
980,"LATITUDE CAMPER COMPANY, LLC"
981,COUNTRY COACH CORPORATION
982,WESTWARD INDUSTRIES LTD.
983,LOTUS CARS LIMITED
984,GENERAL MOTORS LLC
985,"BLUE DIAMOND TRUCK, S. DE R. L. DE C. V."
986,"FORD OTOMOTIV SANAYI A.S., TURKEY"
987,"HONDA MOTOR CO., LTD."
988,"AMERICAN HONDA MOTOR CO., INC."
990,"HONDA OF CANADA MFG., A DIVISION OF HONDA CANADA INC."
991,"HONDA OF THE U.K. MFG., LTD."
992,"HONDA DE MEXICO, S.A. DE C.V."
994,FCA US LLC
995,FCA CANADA INC.
996,"NISSAN MOTOR COMPANY, LTD"
997,"NISSAN NORTH AMERICA, INC."
998,QUEST MANUFACTURING
999,"NISSAN MEXICANA, S.A. DE C.V."
1000,"RENAULT SAMSUNG MOTORS CO., LTD"
1001,RENAULT GROUP
1002,CHRYSLER DE MEXICO TOLUCA
1003,CLUB CAR LLC.
1006,"VOLVO CAR USA, LLC"
1011,"ZHEJIANG GEELY HOLDING GROUP CO.,LTD"
1014,GOLF CARS OF ARIZONA
1015,"VOLVO GROUP NORTH AMERICA, LLC"
1023,"MERCEDES-BENZ, AG"
1024,DAIMLER TRUCK NORTH AMERICA LLC
1025,FREIGHTLINER CUSTOM CHASSIS CORP.
1026,COACHWORKS HOLDINGS INC
1027,MACK TRUCKS INC.
1028,"INTERNATIONAL MOTORS, LLC"
1029,FCA ITALY S.P.A.
1030,CHAIRIOT MOBILITY INC
1031,PACCAR INC.
1032,KENWORTH TRUCK COMPANY
1033,Peterbilt Motors Company
1034,HYUNDAI-KIA AMERICA TECHNICAL CENTER INC (HATCI)
1035,MAD DAWG CYCLES AND TRAILERS
1038,Mills Manufacturing Inc
1040,HAYES WELDING INC
1041,Mazda Motor Corporation
1042,Mercedes-Benz Cars
1043,"MERCEDES-BENZ OF NORTH AMERICA, INC."
1044,BLUE BIRD BODY COMPANY
1045,OPTIMA BUS CORP
1047,"North American Bus Industries Inc., LLC"
1048,"SUZUKI MOTOR OF AMERICA, INC"
1050,"E-ONE, INC."
1052,Mitsubishi Motors Corporation (MMC)
1053,PETE’S GOLF CARTS
1054,MITSUBISHI MOTORS NORTH AMERICA
1055,INTERNATIONAL TRUCK AND ENGINE CORPORATION
1056,HINO MOTORS MANUFACTURING U.S.A.
1057,TOYOTA MOTOR CORPORATION
1058,OSHKOSH CORPORATION
1059,TOYOTA MOTOR MFG DE BAJA CALIFORNIA S DE RL DE CV
1060,UD TRUCKS CORPORATION (USA)
1061,OWOSSO MOTOR CAR COMPANY
1062,"New United Motor Manufacturing, Inc."
1063,"TOYOTA MOTOR MANUFACTURING, CALIFORNIA, INC."
1064,"IC BUS, LLC"
1073,Great Dane Trailers
1074,"NAVISTAR CANADA, INC."
1075,"FUJI HEAVY INDUSTRIES U.S.A., INC. (C/O SUBARU OF AMERICA)"
1078,Workhorse Custom Chassis
1079,JAGUAR LAND ROVER LIMITED
1080,"ZHEJIANG GEELY MING INDUSTRIAL CO., LTD"
1081,MITSUBISHI FUSO TRUCK AND BUS CORPORATION
1083,MAZDA MOTOR MANUFACTURING DE MEXICO S.A. DE C.V.
1084,"FOREST RIVER, INC."
1085,TOYOTA MOTOR MANUFACTURING CANADA
1086,"Thomas Built Buses, Inc"
1087,"TOYOTA MOTOR MANUFACTURING, INDIANA, INC."
1088,"TOYOTA MOTOR MANUFACTURING, KENTUCKY, INC."
1089,"JOHN THOMAS, INC"
1090,"TOYOTA MOTOR MANUFACTURING, TEXAS, INC."
1091,"TOYOTA MOTOR MANUFACTURING, NORTHERN KENTUCKY, INC."
1092,THOMAS GRINDING INC.
1095,"MORGAN TRAILERS, INC"
1096,"Altec Environmental Products, LLC"
1098,"ISUZU MANUFACTURING SERVICES OF AMERICA, INC."
1099,CENTRAL OHIO FABRICATION LLC
1100,THOR MOTOR COACH INC.
1101,THOR INDUSTRIES INC
1102,BRECKENRIDGE
1104,CRUISER RV
1106,"MVP RV INC. (THOR CALIFORNIA, INC.)"
1107,THOR MANUFACTURING LLC
1108,"WINNEBAGO OF INDIANA, LLC"
1109,"HINO MOTORS, LTD."
1110,SUPREME CORPORATION
1115,KNAPHEIDE TRUCK EQUIPMENT COMPANY SOUTHWEST
1116,"COLLINS WELDING, INC."
1118,GILLIG LLC
1119,CHAMPION TRIKE MANUFACTURING INC.
1120,"CHAMPION TELECOM, INC."
1121,"CHAMPION BRIDGE CO., INC."
1122,"Champion Trailers, Inc."
1123,MICRO-LITE TRAILER MFG. LLC
1124,PIERCE MANUFACTURING INC.
1126,"MOTOR COACH INDUSTRIES, INC."
1127,TURTLEBACK TRAILERS LLC
1128,PREVOST CAR (US) INC.
1129,TEMSA SKODA SABANCI ULASIM ARACLARI A.S.
1130,YAMAHA MOTOR CORPORATION
1131,TRIUMPH MOTORCYCLES (AMERICA) LIMITED
1132,POLARIS INDUSTRIES INC.
1133,"DUCATI MOTOR HOLDING S.p.A. "
1134,"BOMBARDIER RECREATIONAL PRODUCTS INC "
1135,MOTIVE POWER INDUSTRY CO. LTD.
1136,GENUINE JACKS MANUFACTURING INC
1137,"SAAB CARS NORTH AMERICA, INC."
1139,MOTO GUZZI S.P.A
1140,VICTORY SWEEPERS INC
1141,VICTORY INDUSTRIAL PRODUCTS
1142,KTLL Group LLC dBa VICTORY TRAILERS
1144,ROCKET ROGERS VICTORY OLD 97 CHOPPERS INC
1145,"TOYOTA MOTOR MANUFACTURING, MISSISSIPPI, INC."
1146,DAIMLER CHRYSLER AG
1147,"VOLKSWAGEN GROUP OF AMERICA, INC."
1148,VOLKSWAGEN AG
1149,AUDI AG
1150,AUDI SPORT GMBH
1151,GOOGLE AUTO LLC
1152,"KAWASAKI MOTORS, LTD"
1153,"YAMAHA MOTOR TAIWAN CO., LTD."
1155,"TOYOTA MOTOR MANUFACTURING, FRANCE, S.A.S."
1156,"Workhorse Manufacturing, Inc"
1157,"WATERTRAILERS.NET, INC."
1158,WORKHORSE INDUSTRIES OF TEXAS
1159,Shasta Industries LLC
1163,VAN HOOL N.V.
1164,"VOLVO INDUSTRIAL DE MEXICO, S.A. DE C.V."
1166,BUSSCAR ONIBUS S.A.
1167,"ZheJiang LingYun Motorcycle Co., Ltd."
1168,KTMMEX SA. DE CV.
1169,"FERRARI NORTH AMERICA, INC."
1171,"ISUZU MOTORS LIMITED, JAPAN"
1173,DAMON CORPORATION
1174,AM GENERAL LLC
1175,O3 INDUSTRIES LLC
1176,280 TRAILERS LLC
1177,"3D CUSTOM ALUMINUM, LLC"
1178,3T MFG.
1179,58TH STREET CUSTOMS
1180,9013-7233 QUEBEC INC.
1181,A & E TRAILERS
1182,A & M FABRICATIONS LLC
1183,"A-1 CUSTOM TRAILER MFG., INC. "
1184,A TO Z AUTO SALES
1185,A UNIQUE CARS INC.
1186,A & A MANUFACTURING
1187,"A. N. BOWLING, MFG."
1188,A.Q. MANUFACTURING CORP.
1189,"A.R.M.(U.S.A.), INC."
1191,A1 CYCLES INC.
1192,A-BAR-D MFG.
1193,ABASTECEDORA DE TRACTOPARTES Y REFACCIONES LLC
1194,ABILITY METALS
1195,ABSOLUTE CONCEPTS INC.
1196,2231545 ONTARIO INC. DBA MATRIXX SPECIALIZED TRAILERS
1198,"Royalty Investments, LLC"
1199,COUNTRY TRAILERS LLC
1201,"CRANEWORKS, INC."
1202,"CRARY AGRICULTURAL SOLUTIONS, LLC"
1203,CRAZY DAGO CUSTOMS
1204,"CRAZY HORSE IRON, LLC"
1205,CRC CEMETERY SERVICES INC.
1206,CREATE-A-CUSTOM CYCLE LLC
1207,"CREATIVE COACHWORKS, INC"
1208,CREATIVE SPORTS SUPPLY LLC
1209,CREEP CYCLE WORKS INC.
1211,COUNTRY WAGON TRAILERS
1213,CUSTOM CHOPPERS BY OTIS
1214,"CUSTOM CHOPPER WERKS, INC."
1215,CUSTOM COMPONENTS AND STRUCTURES INC.
1216,CUSTOM CONCESSIONS TRAILERS
1217,CUSTOM CUT FABRICATION LLC
1218,CUSTOM CYCLE STUDIO LLC
1219,CUSTOM DESIGN MANUFACTURING
1220,"CUSTOM DESIGN, INC."
1221,"CUSTOM ENGINEERED PRODUCTS, LLC"
1222,"CUSTOM EXPANSION FABRICATORS, INC."
1223,CUSTOM FABRICATION AND EQUIPMENT
1224,CUSTOM FARM AND RANCH SUPPLY
1225,"CUSTOM FIRE APPARATUS, INC."
1226,"CUSTOM MARINE COMPONENTS, INC."
1227,CUSTOM MAX TRAILERS
1228,CUSTOM MOBILE DESIGNS LLC
1229,CUSTOM PITS AND FABRICATION LLC
1230,CUSTOM SERVICES
1231,"CYCLESTREAM, LLC"
1232,"CYCLONE ENVIRONMENTAL TECHNOLOGIES, LLC"
1233,CYCLOPS TRIKE COMPONENTS
1234,COUNTRYSIDE WELDING
1235,CYNERGY CARGO LLC
1236,R&D BAKER TRAILERS INC.
1237,CYTEC TRAILERS
1238,D&B CYCLE PARTS & ACCESSORIES INC.
1239,D & D TRAILERS & EQUIPMENT
1240,D & M MARKETING INC.
1241,D & M TRAILERS LLC
1242,D & N TRAILERS
1243,D & P WELDING
1244,MARKET DIRECT CAMPERS/MDC
1245,D & D REPAIR AND FABRICATION
1246,COUNT'S KUSTOMS
1247,"COPPER RIVER FABRICATORS, INC."
1248,COUNTY LINE CHOPPERS INC.`
1249,COPPERHEAD TRAILERS LLC
1250,"CORAS TRAILER MANUFACTURING, INC."
1252,"CROSS COUNTRY MFG., INC."
1253,CONVENTURE  LLC
1254,"CORNELIUS MANUFACTURING, INC."
1255,AMERICAN MADE
1256,"AMERICAN MANUFACTURING OPERATIONS, INC."
1257,CROSS ENERGY SOLUTIONS LLC
1258,AMERICAN MANUFACTURING SUPPORT DE MEXICO S.A. DE C.V.
1259,"AMERICAN METAL FABRICATION, INC."
1260,"CORNERSTONE MANUFACTURING, LLC"
1261,AMERICAN MOTORCYCLE CORPORATION
1262,American Motorcycle Specialty Center
1264,Corratti Choppers
1265,"COTNER TRAILERS, INC"
1267,Country Pride Trailers
1268,D&D TRAILERS LLC
1269,"D.G.C. TRAILER SALES, LLC"
1270,"D.K. Hostetler, Inc."
1271,D.R.T
1272,"DAIGLE BROTHERS, INC."
1273,"TRAIL-EZE, INC"
1274,Dakota Motorcycle Co.
1275,"Cowboy trailer sales, inc."
1276,DALLAS SMITH CORPORATION
1278,North Jersey Cycle
1279,Cowboys Kustoms
1280,"Champion Trailer Works, Inc"
1281,"CRESCENT MANUFACTURING, INC."
1282,"American Performance Technologies, LLC"
1284,"AMERICAN PISTON, LLC"
1285,CRIMINAL CHOPPERS OF AZ
1287,"CRAFTON EQUIPMENT, INC."
1288,"AMERICAN PRODUCTS, LLC"
1289,Coyne Oil Corporation
1290,"CRONKHITE INDUSTRIES, INC."
1291,American Recreational Vehicles
1292,American Scooter Manufacturing
1293,American Sport Trailer Company LLC
1294,CROOKED RIVER CHOPPERS INC.
1296,COYOTE MFG CO
1297,CROP MASTER TRAILERS INC.
1298,"CROSS CLEANING SOLUTIONS, LLC"
1299,LUCAS CYCLES
1300,DARWIN MOTORCYCLE LLC
1302,TIM NOBLES TRAILERS and Repair LLC
1303,IRONTECH RIG REPAIR & MANUFACTURES INC.
1304,BELL CUSTOM PRODUCTS
1305,"TOP NOTCH TRAILER Manufacturing, Inc."
1306,"ACME TRUCK PARTS AND EQUIPMENT, INC."
1307,"MILLCREEK EQUIPMENT CO. INC. "
1308,CSC MOTORCYCLES INC.
1309,"PATRIOT ENERGY SERVICES, LLC"
1310,"JOMAR MACHINING & FABRICATING, INC."
1311,"VORTEX TRUCK AND EQUIPMENT, INC."
1312,"CHINA OFF-ROAD PRODUCTS, INC."
1313,"FAT DADDY RACING, L.C. "
1314,GLAVAL BUS - DIVISION OF FOREST RIVER INC.
1315,"SURFACE PREPARATION TECHNOLOGIES, LLC"
1316,HILLCREST MANUFACTURING LLC
1317,L&M TRUCK SALES INC.
1318,AFFORDABLE TRAILERS
1319,NORTH COAST TRUCK BODY LLC
1321,DRIVE CRAFT AND TECHNOLOGY INC.
1322,"WENZHOU LONGDA AUTOMOBILE & MOTORCYCLE PARTS CO., LTD"
1323,CHRYSLER LLC
1324,QUALITY REBUILT AUTOS & MANUFACTURING LLC
1325,"PORTEON ELECTRIC VEHICLES, INC."
1326,"ABACOR, INC."
1327,"SHANGHAI HUIZHONG AUTOMOTIVE MANUFACTURING CO., LTD"
1328,GLOBAL WHEEL SOLUTIONS
1330,CHINA WHEEL (HK) COMPANY LIMITED
1331,CHINA WHEEL (TAI'AN) ALUMINIUM PRODUCTS COMPANY LIMITED
1332,JIANGMEN CHINA WHEEL ALUMINUM WHEEL COMPANY LIMITED
1333,CHINA WHEEL ALUMINUM WHEEL (TAI'AN) COMPANY LIMITED
1334,TJ AUTOMOBILE WHEEL COMPANY LIMITED
1335,"WYOMING FABRICATION & MACHINE, LLC"
1336,"LIANYUNGANG UNIVERSAL SPECIAL PURPOSE VEHICLE MANUFACTURING CO., LTD."
1338,"W.A. JONES & SON, INC."
1341,TMP TRUCK & TRAILER
1342,Tow Pro LLC
1344,KOENIGSEGG AUTOMOTIVE AB
1345,VECTRIX SP. Z O.O.
1346,JONES BODY COMPANY
1347,"DYMAC VEHICLE GROUP, INC."
1348,"CM&W, LLC"
1349,"MXROS, INC. "
1350,LINETECH DESIGN & MFG. LTD.
1351,MID SOUTH DISTRIBUTION SERVICES
1352,IMPACT HYDRAULIC
1353,JIANGMEN PENGCHENG HELMETS LTD.
1354,"MERRITT MANUFACTURING, INC."
1355,"SANY HEAVY INDUSTRY CO., LTD"
1356,LIMOS BY MOONLIGHT
1357,RAW INTERNATIONAL LLC
1358,ADSCO CORPORATION
1359,"KEIZER MORRIS INTERNATIONAL, INC. DBA KM INTERNATIONAL"
1360,"MENARD MANUFACTURING COMPANY, INC."
1361,LIBERATOR TRIKES LLC
1362,BLACKWATER TARGET SYSTEMS
1363,BITTER END - OLD SCHOOL CHOPPERS
1364,SILVER EAGLE MANUFACTURING
1365,MATTHEWS SPECIALTY VEHICLES INC
1366,"AG-QUIP, INC."
1367,"L & J MANUFACTURING, LLC"
1368,WILBAR TRUCK EQUIPMENT INC.
1369,WILCO MACHINE & FAB INC.
1370,"WILCO, INC."
1371,WILD CHILD PERFORMANCE
1372,WILD RICE INDUSTRIES
1373,WILD SIDE CUSTOM TRAILERS & TRUCK CONVERSIONS
1374,"WILDCAT MFG. CO., INCORPORATED"
1376,WILDFIRE WILLIAM KASBOHM
1379,WILKENS MANUFACTURING
1380,"WILKES-BARRE TRUCK CENTER, INC."
1381,"WILKINS MOTORS, INC."
1382,WILKINS SERVICE STATION
1384,WILLIAM & HARVEY ROWLAND OF GA INC.
1385,WOODSMAN INC.
1386,WOODWORTH MFG
1388,"WORCESTER TANK & EQUIPMENT CO., INC"
1389,"WORCESTER WHITE AUTOCAR, INC."
1390,"WORKBENCH, INC."
1391,"U-SCREEN U.S.A., INC."
1392,"L AND T MANUFACTURING, LLC"
1393,DAUNTLESS MOTORS CORPORATION
1394,"RAPSURE CONCESSION TRAILERS, INC."
1395,"SHADOW TRAILERS, LLC"
1396,HEISLER BOATS
1397,"INDUSTRIAL TRAILER MANUFACTURING, INC."
1398,CUSTOM TRAILER WORKS LLC
1399,"THULE TRAILERS, INC."
1400,ASPHALT EQUIPMENT & SERVICE CO.
1401,POWERSECURE INC.
1402,"E. T. & T. ENTERPRISES dba HOLLAND METAL FAB., INC"
1403,SPENCER BOWMAN CUSTOMS
1404,JMR MANUFACTURING LLC
1405,D'S FIBERGLASS
1406,"CHRISTIANSON SYSTEMS, INC."
1407,CONVEY-ALL INDUSTRIES INC.
1408,"CENTENNIAL WELDING, INC."
1409,COAST 2 COAST CHOPPERS
1410,SIGNALISATION VER-MAC INC.
1411,EIGHT MILE CHOPPERS
1412,"OUTKAST KUSTOM CYCLES, INC."
1413,EAGLE TRAILERS MFG
1414,"BRIDGEVILLE TRAILERS, INC."
1415,MOTORCYCLE MACHINE SHOP SERVICES LLC
1416,CHOPPER DESIGNS
1417,AMERICAN TRAILERS
1418,K.C. METAL WORKS LLC.
1419,MESKE WELDING LLC
1420,GABRIEL VILLESCAS WEST MESA CHOPPERS
1421,COWBOY TRADING COMPANY INC. aka Cowboy Custom Chop
1422,"BLUE HEN, LLC"
1423,TDS DISPOSAL SERVICES LLC
1424,"JRW TRAILERS, INC."
1425,"TARGET TRAILER MFG., CO."
1426,"BROWN WELDING SHOP, INC."
1427,"TIGER TRUCK, LLC AKA TIGER TRUCK MANUFACTURING, LL"
1428,WELD-TEK CUSTOM FABRICATION
1429,AMERICAN NATIONAL FLEET SERVICE INC. DBA AMERICAN FLEET SERVICES
1430,PAFCO TRUCK BODIES
1433,"BG AUTOMOTIVE GROUP, LTD."
1434,BLING'S CYCLES
1435,TEUTONIA USA LLC
1436,WISDOM RIDES
1438,"S & B TRAILERS, INC"
1439,"MINIMOVER, LLC"
1440,"BOULDER ELECTRORIDE, INC."
1441,"CREST CHEVROLET, INC."
1442,"UNITED SERVICE ALLIANCE, INC."
1443,"WELL DONE EQUIPMENT, LLC"
1444,J&M MANUFACTURING CO. INC.
1445,"VT HACKNEY , INC."
1446,RWN CONTRACTORS
1447,"TRANSFORMATRUCKS, LLC"
1448,"OHIO STEEL INDUSTRIES, INC."
1449,CENTURY TANK & TRAILER
1450,"EMK, LLC"
1451,TOTAL TRUCK & TRAILER
1452,SCEADU DESIGN
1453,"VAPORCON, LLC"
1454,METAL MANSIONS
1455,"P.D.Q. METAL FABRICATION, INC."
1456,"KEYSTONE OILFIELD FABRICATION, LLC"
1457,GRAND ISLAND MANUFACTURING
1458,WALTERS GROUP INC.
1460,"MISSION TRUCK EQUIPMENT, LLC."
1462,"ROOSTER CUSTOM CYCLES, INC."
1463,GREAT PLAINS FABRICATION LLC
1464,"SPECTOR MANUFACTURING, INC."
1465,Trailerweldshop
1466,DUESWAY INC.
1467,"LOAD PRO TRAILERS, INC."
1468,HELL-BENT CUSTOM CYCLES
1469,"V. MARONE ENTERPRISES, INC."
1470,DAVIS METAL WORKS
1471,"CHONGQING RATO POWER CO., LTD."
1472,EYEBALL ENG.
1473,"RILEEY FORESTRY EQUIPMENT, LLC"
1474,EXTREME ROAD & TRAIL
1475,HANSON MANUFACTURING INC.
1476,TAYLOR-DUNN MANUFACTURING
1477,IDENTITY MOTORS MANUFACTURING & ASSEMBLY
1478,"CHRYSLER GROUP LLC(USA),CHRYSLER CANADA, CHRYSLER DE MEXICO"
1479,TAZZARI GL SPA
1480,"CHANGZHOU CITY WENMING VEHICLE ACCESSORIES FACTORY "
1481,"SALSCO, INC."
1482,"LIFT N LOCK, LLC"
1483,"CONTINENTAL BIOMASS INDUSTRIES, INC."
1484,BADLANDS STEEL WORX
1485,"PADDLE KING, INC."
1486,"PALMER INDUSTRIES, INC."
1487,ZTPOWERSTATION LLC
1488,FEMCO
1489,PACE AMERICAN OF GEORGIA INC.
1490,PACE AMERICAN OF TEXAS INC.
1491,PACE AMERICAN OF UTAH INC.
1492,INTECH TRAILERS INC.
1493,"BOYLAN SALES, INC. DBA BOYLAN GOLF CARS"
1494,C & B MANUFACTURING
1496,GLOBAL TRUCK & TRAILER SALES
1497,MRR CYCLES LLC
1498,"LAGOON MANUFACTURING, LLC"
1499,WYATT ENGINEERING & FABRICATION LLC
1500,TANOM MOTORS LLC
1501,"LPD TRAILERS, LLC"
1502,"WWL VEHICLE SERVICES AMERICAS, INC."
1503,"GLOBAL INVENTIVE INDUSTRIES, INC."
1504,TEAMCO INC.
1505,THE DOCK DOCTORS LLC
1507,NITE EQUIPMENT INC. (NORTHERN IL. TRACTOR & EQUIP.)
1509,EAST TEXAS TRAILERS
1510,CHALMERS AUTOMOTIVE LLC
1511,FIVE DIAMOND TRAILERS
1512,"KINGSPORT IRON & METAL, LLC"
1513,WYOMING MACHINERY COMPANY
1514,VANTEM MODULAR LLC
1515,ROBINSON METAL INC.
1516,LIMOUSINE MANUFACTURING CORP.
1517,OREGON TRAILER LLC
1518,SCAG GIANT-VAC
1519,"C.J. SEITZ, INC."
1520,CHIMERA CUSTOMS
1522,WESTAR MANUFACTURING
1523,"CHANGZHOU WUYI LAMPS CO., LTD."
1524,"CHANGZHOU FUJIANG VEHICLE INDUSTRY CO., LTD."
1525,"PERFIT LIGHTING & ELECTRIC MANUFACTURING CO., LTD."
1526,RYAN SIMPSON
1528,"BAHNWAGEN, LLC"
1529,"IOWA STEEL FABRICATORS, LLC"
1530,ECOTREK CAMPER
1532,TRI-STATE CHOPPER llc
1533,"Ryfab and Coatings, Inc."
1534,M.B. WELDING AND FABRICATION LLC
1535,TI AUTOMOTIVE TECHNOLOGY CENTRE GMBH
1536,BUNDY INDIA LTD.
1537,HANIL TUBE INDIA PRIVATE LIMITED
1538,PT TI AUTOMOTIVE LIMITED
1539,TI AUTOMOTIVE BRINDISI S.R.L.
1540,TI AUTOMOTIVE CISLIANO S.R.L.
1541,TI GROUP AUTOMOTIVE SYSTEMS S.P.A.
1542,TI AUTOMOTIVE JAPAN GUNMA LTD.
1543,TI AUTOMOTIVE JAPAN LTD.
1544,"HANIL TUBE CO., LTD."
1545,TI AUTOMOTIVE LTD. (KOREA)
1546,TI GROUP AUTOMOTIVE SYSTEMS S DE RL DE CV
1547,TI POLAND SP. Z O. O.
1548,LIMITED LIABILITY COMPANY TI AUTOMOTIVE
1549,LIMITED LIABILITY COMPANY HANIL RUS
1550,TI AUTOMOTIVE SLOVAKIA S.R.O.
1551,TI-HANIL SLOVAKIA S.R.O.
1552,"DIW ENGINEERING & FABRICATION, LLC"
1553,MATOTT'S WELDING
1554,DRAKE EQUIPMENT
1555,"PRIMUS STEEL SOLUTIONS, INC."
1556,"CLASSIC DESIGN TRAILERS, INC."
1557,GERRY'S AUTOMOTIVE LLC
1558,AMERICAN CUSTOM VEHICLES LLC
1559,MICHELS COPORATION
1560,"KASPAR RANCH HAND EQUIPMENT, L.P."
1561,"LIGHTHOUSE RV MANUFACTURING COMPANY, LLC"
1562,THE VEHICLE PRODUCTION GROUP LLC
1563,REINERT MFG. INC.
1564,"CODA AUTOMOTIVE, INC."
1565,OLSON OWSLEY ENTERPRISES LLC DBA KOKOPELLI TRAILERS
1566,"S and C ENTERPRISES OF TARBORO, INC."
1567,"GERMFREE LABORATORIES, INC."
1568,"NAVISTAR MODEC EV ALLIANCE (NMEVA), LLC"
1569,ENERFLOW INDUSTRIES INC.
1570,"JIANGSU SACIN MOTORCYCLE CO., LTD."
1572,DURABODY INDUSTRIES LIMITED
1573,"SPECIALTY FABRICATION, LTD."
1574,EBERT PRECISION PRODUCTS LLC
1575,"DEZHOU FULU VEHICLE CO., LTD."
1576,TRAILERS INC. OF HILL CITY
1577,AMERIFAB INDUSTRIES INC.
1578,DATTCO INC.
1579,CARTSERVICES INC.
1580,NEW DEAL TOOL & DIE CO.
1581,"ORLAND MANUFACTURING, LLC"
1582,"YODER UTILITY TRAILERS, LLC"
1583,"HESHAN CITY, SHUNBANG THE PLASTIC PRODUCTS LTD."
1584,"OLD DOMINION BRUSH COMPANY, INC."
1585,ENTEGRA COACH
1586,"ROY'S RV SUPERCENTER, LLC"
1587,THREE RIVERS WELDING
1588,L.I.T.B. INC. DBA INDUSTRIAL TRUCK BODIES
1589,"WUXI TMEC POWER TECHNOLOGY CO., LTD."
1590,PRECISION CUSTOM TRAILERS LLC
1591,ROEHR MOTORCYCLES LLC
1592,"ALEX GLOBAL AEROSPACE TECHNOLOGY, INC."
1593,F.B.I. MOTOR CO.
1594,TELFORD FIFTY-FIVE ENTERPRISES
1595,"DREAM COACH TRAILERS, LLC"
1597,JEM OF CENTRAL NEW YORK INC. DBA MAYS MITSUBISHI FUSO
1598,ARCONIC INC.
1599,HIDDEN LAKE INTERNATIONAL INC.
1600,ELLIOTT EQUIPMENT COMPANY
1601,TOXIC CYCLES LLC
1602,KRISTI TRAILER INDUSTRIES
1603,"LA CUSTOM COACH, INC."
1604,"RUFF & TUFF ELECTRIC VEHICLES, INC."
1605,"UNDERGROUND, INC."
1606,MODENA DESIGN S.P.A.
1607,"RUSH CREEK WELDING AND MANUFACTURING, LLC"
1608,MI-TECH INC.
1609,"MOBILE MINI, INC."
1610,"VAN INDUSTRIES, INC."
1611,BODEN FRABRICATING & METAL PRODUCTS LTD.
1612,TI AUTOMOTIVE PAMPLONA S.L.
1615,TI AUTOMOTIVE (THAILAND) LIMITED
1616,TI AUTOMOTIVE ROH (THAILAND) LIMITED
1617,TI OTOMOTIV SANAYI VE TICARET LIMITED SIRKETI
1618,TI GROUP AUTOMOTIVE SYSTEMS (DEESIDE) LTD.
1619,TI GROUP AUTOMOTIVE SYSTEMS (UK) LTD.
1620,DEADEYE WELDING AND FABRICATION
1621,FISHER METAL FABRICATING LLC
1622,"CLARK TRAILER SERVICE, INC."
1623,"DEMERS, AMBULANCE MANUFACTURER INC."
1624,"ZHUZHOU NANFANG MOTORCYCLE CO., LTD"
1626,HARROD EQUIPMENT LLC
1627,SR PRODUCTS INC.
1628,BECO METAL WORKS COMPANY
1629,DUB BOX USA
1630,"JR MANUFACTURING AND SALES, LLC"
1631,KIBBI LLC
1632,RIEF DESIGN & MANUFACTURING L.L.C.
1633,FONTAINE ENGINEERED PRODUCTS (Fontaine Intermodal)
1634,DYNES ENTERPRISES LLC
1635,BREEZE TRAILERS LLC
1636,"RYAN HOWELL MARKETING, LLC"
1637,"HAINING YUANDA LIGHTING CO., LTD."
1638,"SHILOH CUSTOM KARTS, LLC"
1639,"ALL SOUTH EQUIPMENT CO., INC."
1640,GORILLA FABRICATION INC.
1641,"DYAL'S WELDING, INC"
1642,"DYTECH DYNAMIC FLUID TECHNOLOGIES, SPA"
1643,"GEISTWERKS LLC "
1644,"FOSTER COACH SALES, INC."
1645,BLACK JACK CHOPPERS INC.
1646,AVION INTERNATIONAL LLC
1647,"OGK KABUTO CO., LTD."
1648,"QINGDAO KABUTO SAFETY PRODUCT CO., LTD."
1649,R & D PRECISION MACHINE & FAB. INC.
1650,OREION MOTORS LLC
1651,RON'S TRAILERS
1652,"RV WARRIOR, LLC"
1653,NEXUS RVS LLC
1654,"MOBILITY SVM, LLC"
1655,BOWLUS ROAD CHIEF LLC
1656,"OLD SCHOOL MOTORCYCLE COMPANY, LLC"
1657,NEW PRIME INC.
1658,"JDCI ENTERPRISES, INC."
1659,"GUANGZHOU HENGZHENG AUTO PARTS MANUFACTURING CO., LTD."
1660,ZAMR.A.C SYSTEM INC.
1661,L.C.B. ENTERPRISES LLC
1662,"SUMMIT INDUSTRIAL CONTRACTORS, LLC"
1663,LANDI RENZO USA
1664,"NUTCASE, INC."
1665,"RUSH TRUCK CENTERS OF TEXAS, LP"
1666,"HANGZHOU YUANFAN AUTO PARTS CO., LTD."
1667,"BACK 40 SUPPLY INC. "
1668,COOL CITY CUSTOMS LLC
1669,"AMAZE-N-TOW, LLC"
1670,ROCK BOTTOM CHOPPERS
1671,"CROFTON EQUIPMENT, INC."
1672,HEAT'S ON WELDING & FABRICATION
1673,"MB SANCHEZ INVESTMENTS INC. "
1674,"PROTERRA OPERATING COMPANY, INC."
1675,"TRAILER SPECIALTIES, INC."
1676,MIGHTY LITE ALUMINUM PRODUCTS
1677,WILLIAMSON OCEAN-TRAILERS
1678,"DURALAST COMPANIES, INC. "
1679,SUZHOU YUAN CHEN ALUMINUM WHEEL COMPANY
1680,V-FORCE CUSTOMS
1681,ZHEJIANG IRON HORSE TECHNOLOGY CO. LTD.
1682,"PHOENIX TRAILERS, LLC"
1684,JOHN PEPER ENTERPRISES
1685,"ALPHA PRODUCTS INTERNATIONAL, INC."
1686,"SCORPION MOTORSPORTS, INC."
1687,HOLLEY SALES INC.
1688,ALL CUSTOM FABRICATIONS
1689,TOMOS D.O.O. MOTOINDUSTRIJA
1690,"HUGHY, INC."
1691,TAXA LLC
1692,BARRY'S TRAILERS
1693,"CARY FAAS RACING INC. "
1694,"ROBERT L. BARR ENTERPRISES, INC. "
1695,MARATHON HOMES CORPORATION
1696,DRAGONWING CUSTOM BUILDS
1697,ZIMCO MANUFACTURING
1698,"MATRIX MANUFACTURING, INC."
1699,"OHALEE, INC."
1700,"ECHO MANUFACTURING, LLC"
1701,"ZHANG JIA GANG YANDING GLASS CO., LTD"
1702,"DLHBOWLES, INC."
1703,"JIANGSU YEDI AUTO LAMP CO., LTD."
1704,"RODS & RIDES BY TD, LLC"
1705,AZURE DYNAMICS
1706,"JUNENG MOTORCYCLE TECHNOLOGY CO., LTD"
1707,PEERLESS LIMITED
1708,JAMES J. GAMMONS dba Erie Shore Marketing
1709,"NANNING GUIGE PRECISION INDUSTRY CO., LTD"
1711,ORCHARD MACHINERY CORPORATION
1712,"WOLVERINE TRAILERS, INC."
1713,"STONEWELL BODIES & MACHINE, INC."
1714,KGB TRAILER SALES INC.
1715,"CHANGZHOU GUANGMING LIGHT BULB CO., LTD"
1716,"BB ROLLAHOME, LLC"
1717,DOUGLAS HOLDING LLC dba Sidump'r Trailer
1718,"BAR H WELDING, LLC"
1719,"INTEGRITY Sales & Service, Inc."
1720,BIGFOOT TRAILER SALES INC.
1721,MULLIGAN ENGINEERING LLC
1732,"DOUGLASS TRUCK BODIES, INC."
1733,DOVER TRAILER & FAB.
1737,"DOWNS-CLARK, INC."
1738,DRAGON MOTORCYCLES
1739,"DRAGON PRODUCTS, LLC"
1740,DRAKE EQUIPMENT OF ARIZONA
1741,DRAKE TRAILERS
1742,DRAKE TRUCK & TRAILER
1744,"DRAKE-SCRUGGS EQUIPMENT, INC."
1746,DREAMLINE TRAILERS INC
1747,DRESSEN CUSTOM TRAILERS
1748,"GPPDSON BUILDING SYSTEMS, INC."
1749,GRA-TER INDUSTRIES INC.
1750,GRAHAM FABRICATION INC.
1751,"GRAN PRIX ENTERPRISES, INC."
1752,GRAND AMERICAN CORPORATION
1753,"GRAND PRIX ENTERPRISES, INC."
1754,GRAND TOURING R. V. MFG. INC.
1755,GRANDEUR CYCLES INC
1756,GRANT TRUCK EQUIPMENT INC.
1757,GRASS ROOTS MFG INC DBA CREATIVE TRL. CONCEPTS
1758,"GRASSHOPPER ENTERPRISES, INC."
1759,"GRAY WING SALES, INC."
1760,GREAT BASIN INDUSTRIES INC.
1761,GREAT LAKES CARGO LLC
1762,GREAT LAKES CHOPPERS
1763,FACTORY DIRECT
1764,FACTORY DIRECT TRAILER SALES & MANUFACTURING
1765,FACTORY DIRECT TRAILERS SALES & MFG.
1767,"FAGEOL MOTORS, INC."
1768,"FAIRBURY PLANNING MILL, INC."
1769,"BLANCHAT MFG., INC."
1770,"CUSTOM WELDING, INC"
1771,CUSTOMIZED UTILITY TRAILERS
1772,CUSTOMIZERS & CREATIVE ACCENTS
1773,CUSTOMLINE SALES & MFG. CO.
1775,CX AUTOMOTIVE CORPORATION
1776,CYCLE PRODUCTS
1778,CYGNUS MANUFACTURING COMPANY (CMC)
1779,CYPRESS VAN CONVERSIONS
1780,D & D INDUSTRIES
1781,D & D MFG
1782,D & D SALES
1783,"D & D SPEED & DECAL SHOP, INC."
1784,D & D TRAILERS
1785,D & H ENTERPRISES
1786,JJS TRUCK EQUIPMENT LLC
1787,C.E.I. EQUIPMENT COMPANY INC
1788,"C.F. WELDING & MANUFACTURING, INC."
1789,C.K. MANUFACTURING
1790,DESIGNER VANS
1792,DETERMAN BROWNIE INC.
1793,"DETERMAN WELDING & TANK SERVICE,INC"
1794,"DETROIT WHITE AUTOCAR, INC."
1796,DEVERS & SONS INC.
1797,DEX UNLIMITED INC
1798,DIALIGHT CORPORATION
1799,"DIAMON REO WILMINGTON, INC."
1800,DIAMOND B. BOAT & TRAILER INC.
1801,DIAMOND BOATS INC
1802,"Diamond C Enterprises, Inc. dba Diamond C Farm Equipment"
1804,DIAMOND COACH ACQUISITION
1805,DIAMOND D TRAILER MFG.
1806,"DRESSER INDUSTRIES, INC."
1807,DRI-DOC INC
1808,DRIFTER VANS
1809,"DRIFTWOOD, INC."
1810,"IKEDA INTERIOR SYSTEMS, INC."
1811,ILLINOIS TRAILER SALES
1812,ILLUSION MOTORCYCLE COMPANY OF AMER
1813,IMAGE CUSTOM CYCLES INC
1815,"DEPENDABLE MOUNTING SERVICE, INC."
1816,"DEPT. NATURAL RESOURCES, WASH.STATE"
1817,DERBI
1818,"DERMODY WHITE TRUCK CO., INC."
1819,"DEROSE INDUSTRIES, INC."
1820,DERSYSTEMS LLC
1821,DES MOINES TRUCK EQUIPMENT
1822,DESIGN CONCEPTS
1823,DESIGN PROJECT ENGINEERING
1824,GALBREATH INC.
1825,GALLAGHER EQUIPMENT COMPANY
1826,"GALLAGHER TRUCK CENTER, INC."
1827,GALLAGHER`S TANK & EQUIPMENT
1828,GALLATIN TRUCK SALES
1829,"GALLIMORE'S TRAILER SALES, INC."
1830,BOLES AERO INC.
1831,BOLLINGER-ONKEN INC
1832,"BOMAX, INC."
1834,BOMBARDIER MOTOR CORPORATION OF AMERICA INC.
1835,BONARRIGO'S INC
1836,BONDUNANT'S SERVICE & TOWING INC.
1837,BONNELL INDUSTRIES INC.
1838,GENERAL AUTOMOTIVE CORPORATION
1844,GENERAL CABLE
1845,GENERAL CABLE CORPORATION APPARATUS
1846,GENERAL COACH
1847,"GENERAL DIESEL & EQUIPMENT CO., INC"
1848,GENERAL ELECTRIC COMPANY
1849,J. BECKER & SONS INC.
1850,"J. C. AUTO PART GROUP,LTD"
1851,J. EDINGER & SON INC.
1852,J. MEZES & SONS INC.
1853,"J.Q. TEX, INC. "
1854,J. RAY'S TRAILERS
1856,J.B. DAVIS & SON
1857,J.C. TRUCK EQUIPMENT INC.
1858,J.D. ENTERPRISES
1859,J.D. SUTHERLAND CUSTOMS INC
1860,J.D.M. AUTOHOUSE INC.
1861,J.H. WEIR TRUCK BODY MFG. COMPANY
1863,J.J.'S TRAILERS INC
1864,"J.M. CUSTOM & INDUSTRIAL WELDING, INC."
1865,J.P. TRAILER MANUFACTURING
1869,J.W. BARTOLOW MACHINERY CO.
1870,HARTMAN'S WHITE & AUTOCAR INC.
1871,HARVEST RECREATION VEHICLES
1872,HARVEY TRAILERS
1873,HASSELL FABRICATION INC.
1875,HATRICK HORSEBOXES INC
1876,"HATTON FABRICATION, INC."
1877,"DIAMOND REO TRUCKS, INC."
1878,DIAMOND STAR MOTORS
1879,HONNOR MARINE LTD
1880,"HONORBUILT TRAILER, INC."
1881,HOOCK CUSTOM TRAILERS
1882,HOOD FABRICATION INC.
1885,HOG MOTORCYCLE TRAILERS
1886,HORIZON ANIMAL HEALTH
1889,BAR T Z UNLIMITED
1890,BAR Y RANCH SUPPLY
1891,BARCROFT WELDING
1892,BARKUS & SONS TRUCK CENTER INC
1893,BARLOW'S WELDING AND CUSTOM TRAILER
1894,BARON USA INC
1895,"BARRETO MANUFACTURING, INC."
1896,"BARRETT EQUIP., INC."
1897,BARRETT TRAILERS LLC
1898,BART TRUCK EQUIPMENT LLC.
1899,BARTH INC.
1900,"BARTLETT LIFTING DEVICES, INC."
1901,"BATON ROUGE WHITE TRUCK SALES, INC."
1903,"BAUMERT SALES CO., INC."
1904,"BAUR TRUCK & EQUIPMENT, INC."
1905,"BAXLEY BLOWPIPE CO.,Inc."
1906,"BAXTER BUILT MFG., & SALES"
1907,"BAY BRIDGE MANUFACTURING, INC."
1908,GENERAL SHELTERS OF TEXAS INC
1909,GENERAL SUPPLY & LEASING CO.
1910,"GENERAL TIRE, INC."
1911,"GENERAL TRAILERS, INC."
1914,GENERAL TRUCK SALES
1915,GENERAL WELDING AND FABRICATING INC
1917,"JAKEL COMPANY, INC."
1918,JAMES A. KILEY CO.
1919,BLACK HORSE TRAILER
1920,BLACK LIGHTNING ALUMINUM TRAILERS LTD
1921,BLACKFOOT MANUFACTURING
1922,BLACKHAWK BIKES
1923,"BLACKHAWK MOTOR WORKS, INC"
1924,"BLACKHAWK MOTOR WORKS, INC."
1925,"GEORGIE BOY MANUFACTURING, INC."
1926,GER-WIN VANS
1927,"GER-WIN VANS OF KANSAS, INC."
1928,"GER-WIN VANS, INC."
1929,GER/WIN CORP
1930,GER/WIN CORPORATION
1931,GERALD ENOCHS
1932,GERALD L. MCCOY
1933,GERIC-SCURFIELD
1936,1 & A TRUCKS & EQUIPMENT COMPANY
1937,"14-24 DESIGNS, LLC"
1938,1M CUSTOM CAR TRANSPORTS INC
1939,1ST CHOICE MANUFACTURING INC
1940,33 EAST MAINTENANCE INC.
1941,3M DYNAMIC MESSAGE SYSTEMS
1942,BULK TRUCK & TRANSPORT SERVICE INC
1943,BULL DAWG TRAILERS
1944,BULLMOBILE TRAILERS INC.
1945,BUMPER BAR PRODUCTS
1946,BUNDIT
1947,"BURCH BODY WORKS, INC."
1948,GRIMALDI'S HEATING & SHEET METAL INC
1949,"GRIMM'S PUMP SERVICE, INC."
1950,"GRISWOLD MACHINE & ENGINEERING, INC."
1951,GRIWOLD MACHINE & ENGINEERING INC
1952,GRIZZLY CYCLE WORKS
1953,GRIZZLY MOUNTAIN MANUFACTURING
1955,GROOMS WELDING AND MACHINE
1956,GROUND HEATERS INC
1957,ALUMINX CO
1958,"ALUMITUFF MANUFACTURING, LLC"
1959,ALVAN CORPORATION
1960,ALVEY EQUIPMENT INC.
1962,AMARON TRAILERS
1963,AMAZE-N-TOW INC
1964,AMBASSADOR CONVERSIONS CORPORATION
1966,AMCAST AUTOMOTIVE
1967,AMEN CHASSIS WORKS
1968,"AMERA TRAIL INC "
1969,"AMERI-CAN ENGINEERING, INC."
1970,AMERI-CAMP
1971,AMERICA ELECTRIC POWER
1972,AMERICAN AIRPORT SUPPORT & FIRE RESCUE SYSTEMS INC
1973,"AMERICAN AUGERS, INC."
1976,CAROLINA TRUCK & BODY COMPANY INC.
1978,CARPENTER GROUP INC.
1979,"CARPENTER MANUFACTURING, INC."
1980,"HAWKEYE MANUFACTURING OF SD, INC."
1982,"HAWKEYE TRUCK EQUIPMENT CO., INC."
1983,HAWKEYTRUCK EQUIPMENT
1984,HAYE LIVE STOCK SUPPLY
1985,HAYES LEMMERZ S. P. A.
1986,HEACOCK WELDING NORTH
1987,HEARTLAND HOMES
1988,"HEARTLAND MOTORCYCLE, INC."
1991,ARISTOCRAT INDUSTRIES INC
1993,ARIZONA DEPT OF TRANSPORTATION
1994,ARIZONA MACHINE & FABRICATION INC.
1995,ARIZONA TRUCK SERVICE & SALES
1996,"ARIZONA'S TOWING PROFESSIONALS, INC"
1998,ARKANSAS CONVERSION CENTER
1999,ARLEN NESS
2000,ARLO INDUSTRIES INC.
2001,"T G INDUSTRIES, INC."
2002,"ARMOR CHASSIS, LLC"
2003,ARMOR MOBILE SYSTEMS INC
2004,ARMORED TRANSPORT OF NEVADA
2005,"BEAR TRACK PRODUCTS, INC."
2006,BECK FIRE APPARATUS
2007,BECK TRAILER MANUFACTURING INC
2008,BECKER AUTO SALES INC. ACC
2009,BEDARD TANKERS INC
2010,BEDELL TRAILER COMPANY
2011,"BEE TRAILERS, INC."
2012,BEEHIVE ROAD WELDING & TRUCK SALES
2013,BELL EQUIPMENT COMPANY
2014,BELL SPORTS INC
2015,BELL INTERNATIONAL INC.
2016,CONCEPT TRAILERS
2017,CONCEPTION METAVIC INC.
2018,CONCEPTOR INDUSTRIES INC.
2019,CONCHEMCO INCORPORATED
2020,"CONCORD ROAD EQUIPMENT MANUFACTURING, LLC"
2021,"CONCRETE EQUIPMENT, INC."
2022,CONDON MOTOR COMPANY
2025,CONDUX INTERNATIONAL INC.
2027,CONIBEAR EQUIPMENT COMPANY
2028,CONLEY-LOTT NICHOLS MACHINERY CO.
2029,"CONNELL MOTOR TRUCK CO., INC."
2030,CONNER'S MFG. INC.
2031,CONSOLIDATED LEISURE
2032,CONSOLIDATED UTILITY EQUIPMENT
2033,CONSTRUCTION MACHINERY COMPANY
2034,"CONSTRUCTION/UTILITIES EQUIP., INC."
2036,"CONSULIER INDUSTRIES, INC."
2037,CONTAINER PRODUCTS CORPORATION
2038,CONTAINMENT TECHNOLOGY (CON-TEC)
2039,CONTECH MANUFACTURING LLC
2041,FEATHERLITE LUXURY COACHES
2042,FEATHERLITE MFG. INC.
2043,"FED-ER-LINE TRUCK BODIES, INC."
2045,FEDERAL MOGUL CORPORATION
2046,FEDERALCOACH
2047,FEDERLINE CORPORATION
2048,"FELKER PETROLEUM EQUIPMENT, INC."
2049,"FELTS TRAILER & EQUIPMENT, INC."
2051,FERRARI-FIAT REASEARCH & DEV.
2052,FERREE TRAILER CORPORATION
2053,C&P TRAILER SALES
2055,C & D TRAILERS
2056,C-C ENTERPRISES
2057,C-CO TRAILER
2058,"C-R TRAILER & BODY WORKS, INC."
2059,"C-TECH, INC."
2060,C-WAY BUILT INC.
2061,"C. EARL BROWN, INC."
2062,H & H TRAILER COMPANY
2064,H & L TRADING POST
2065,"H & M UTILITY TRAILERS, INC."
2066,"H & S SHEETMETAL, LLC"
2067,H&H CUSTOM SOLUTIONS
2068,"H&H EQUIPMENT CO., INC."
2069,H&H SALES CO (H&H EQUIP CO)
2070,"H&H TRUCK TANK CO., INC."
2071,H&H WELDING & REPAIR LLC
2072,H&K TRUCK EQUIPMENT
2073,H-C-L EQUIPMENT INC.
2074,ALAMO THERMO KING EQUIPMENT CORP.
2075,"ALAMO WHITE TRUCK SERVICE, INC."
2076,ALASKA UTILITY TRAILER FACTORY
2077,ALASKAN CAMPERS
2078,ALBANY THERMO KING EQUIPMENT CORP.
2079,ALBERT LEA TRAILER INC.
2081,DEMPSTER INDUSTRIES INC.
2082,DENAIR TRAILER MANUFACTURING LLC
2083,"DENVER PETERBILT, INC."
2084,DENZEL D. CASEY
2085,"AMERICAN TOTE BOAT TRAILER CO., INC"
2086,"AMERICAN TRAILER & EQUIPMENT, INC."
2087,"AMERICAN TRAILER MANUFACTURING CO., Inc."
2089,AMERICAN TRAILER MFG. CO.
2090,AMERICAN TRAILER SERVICE INC.
2091,"AMERICAN TRAILER SERVICE, INC."
2092,AMERICAN TRAILER SYSTEMS
2093,"AMERICAN TRAILERS, INC."
2094,AMERICAN TRAVEL SYSTEMS INC.
2096,"CARTER CHEVROLET AGENCY, INC."
2097,CARTER'S FABRICATION & DESIGN CO
2098,CASCADE CUSTOM MANUFACTURING INC
2099,CASCADE GENERAL INC
2100,CASCADE TRAILER & TRUCK
2101,CASCADIAN COMPANY
2102,CASECO MANUFACTURING INC
2103,"CASPER WHITE TRUCKS, INC."
2104,CASTLE MOTORCYCLE MFG INC
2105,CASTROL OILS INCORPORATED
2106,CATAMARAN CRUISERS
2107,CATO CUSTOMS
2108,"CAUSCO, INC."
2109,CAVALIER EQUIPMENT CORPORATION
2110,CAVENAUGH CORPORATION
2111,CAW CONTRACTORS EQUIPMENT COMPANY
2112,CAYO RV CORPORATION
2113,CCE TECHNOLOGIES INC
2114,CCI OF MICHIGAN
2115,CDF TRAILERS
2116,CDM SALES AND SERVICE INC.
2117,ASTRO TRUCK EQUIPMENT COMPANY
2118,ATECO EQUIPMENT COMPANY
2120,ATHEY PRODUCTS CORPORATION
2121,"ATK AMERICA, INC."
2122,ATLANTIC HOMES DIVISION
2123,CLALLENGER WRECKER CORPORATION
2124,"CLARENCE VALERY SONS, INC."
2125,CLARK EQUIPMENT COMPANY
2126,"CLARK TRUCK EQUIP. CO., INC."
2127,CLARK TRUCK EQUIPMENT CO INC
2128,"CLASSEN MANUFACTURING, INC."
2129,"CLASSIC ACQUISITIONS, LLC"
2130,CLASSIC CONVERSIONS
2131,"CLASSIC CONVERSIONS, INC."
2132,CLASSIC CRUISER CORPORATION
2134,"CLASSIC CUSTOM COACHES, INC."
2135,"CLASSIC GOLF CAR COMPANY, INC."
2136,"CLASSIC MANUFACTURING COMPANY, INC."
2138,CLASSIC MOTOR WORKS
2139,"CLASSIC MOTORCYCLES & SIDECARS, INC."
2140,CLASSIC REPRODUCTIONS
2142,CLASSIC TOWS
2143,CLASSIC TRAILERS
2144,CLASSIC INVESTORS INC
2145,"CLASSY CHASSIS, INC."
2146,"CLAYTON H. LANDIS COMPANY, INC."
2147,"EMMERT EQUIPMENT, INC. DBA W.A. JONES & SON"
2148,"EMPIRE COACH, INC."
2149,"EMPIRE RV'S, INC."
2151,EMTEC COMPOSITES INC.
2152,EN PRO ENGINEERING PRODUCTS
2153,ENCORE TRAILERS
2154,ENERGY FABRICATION INC.
2155,"ENERGY FABRICATION, INC."
2156,ENERGY SYSTEMS
2157,ENGINE CONNECTION
2158,ENGLE FABRICATION INC.
2159,ENGS MOTOR TRUCK COMPANY
2160,ENNIS TRAILER MFG.
2162,DAIGLE TRAILERS
2163,"DAIHATSU MOTOR CO., LTD."
2164,DAILEY BODY COMPANY
2167,DAIRY-EQUIPMENT COMPANY
2168,"ABS MACHINING & FABRICATION, INC."
2169,"ABU TRAILERS, INC."
2171,"ACCUBUILT, INC."
2172,ACCURATE CYCLES
2173,ACCURIDE CORPORATION
2174,ACE MOTORCYCLE CORPORATION
2175,ACE TRAVELER COMPANY
2176,ACE TRUCK & EQUIPMENT CO.
2177,"ACE TRUCK BODY, INC."
2178,ACE TRUCK EQUIPMENT CO.
2179,C&S CYCLE & LEATHER INC DBA INDIAN MOTORCYCLE BRIT
2180,"CALLIS-THOMPSON, INC."
2181,CALUMENT COACH COMPANY
2183,"CENTRAL ENGINEERING COMPANY, INC."
2184,"CENTRAL FLORIDA MACK TRUCKS, INC."
2185,DIAMOND T TRAILERS
2186,"DIAMOND TRAILER MANUFACTURERS, INC."
2187,"DIAMOND TRAILERS dba Profection Metalworks, Inc."
2188,DIAMOND-STAR MOTORS
2189,DIAMONDBACK TRAILER MANUFACTURE
2191,"ALTHA, INC."
2193,ALTMEYERS FABRICATING LTD
2194,"ALTON COMPANY, INC."
2195,ALUM-A-FAB
2196,ALUM-A-FAB INC
2197,"ALUM-LINE, INC."
2198,ALUMA
2200,ALUMAX TRAILERS
2202,ALUMINATOR TRAILERS LLC
2203,ALUMINUM BODY CORPORATION
2204,ALUMINUM COMPANY OF AMERICA
2205,THE ALUMINUM TRAILER COMPANY
2206,ALUMINUM TRAILER MANUFACTURING
2207,"CERTIFIED EQUIPMENT AND MFG., CO."
2208,CERTIFIED STAINLESS SERVICES INC DBA WESTMARK
2209,CERTIFIED STAINLESS SERVICES INC.
2210,CGM FABRICATIONS
2211,CHALET RV INC.
2212,"CHALLENGE-COOK BROS., INCORPORATED"
2213,CHAMELEON TRANSPORTATION SYSTEMS IN
2214,CHAMPION BUS INC.
2216,"CENTURION VEHICLES, INC."
2217,"CENTURION-LEHMAN, INC."
2218,"CENTURY MOTOR COACH, INC."
2220,"CENTURY TRAILER COMPANY, INC."
2221,CENTURY WRECKER CORPORATION
2223,DUN-RITE MANUFACTURING LLC
2225,DUNCAN DBA SUPPLY COMPANY
2226,"DUNCAN MFG. & EQUIPMENT CO., INC."
2227,DUNCAN TRUCK SALES CO.
2228,"DUNHAM MANUFACTURING CO., INC."
2230,DURACO INDUSTRIES INC
2231,DURALITE TRUCK BODY & CONTAINER COR
2232,"DURNELL INDUSTRIES, CO."
2233,DUTCH GOSNELL'S WELDING AND SUPPLY
2234,"DUTCH PARK HOMES, INC"
2235,"DUTCH PARK HOMES, INC."
2236,"DUTCH PARK, INC."
2237,DUTTON-LAINSON COMPANY
2238,DUVALL EQUIPMENT LLC
2239,DWYER EQUIPMENT COMPANY
2240,DYCK WELDING
2241,"DYNA VANS, INC."
2242,"DYNA-PLASTICS, INC."
2243,DYNA-TRUCK DIVISION
2244,DYNAMAX CORPORATION
2245,DYNAMIC AIR SYSTEMS
2247,DYNAMIC MANUFACTURING CORPORATION
2248,DYNCORP TRI-CITIES SERVICES INC
2249,E & L TRAILERS
2250,E-Z TOW TRAILERS LLC
2251,MATKOZ MFG.
2252,MATRIX MOTOR COMPANY INC
2254,"MATTY'S MARINE & MOTORSPORTS, INC."
2256,TUFF/LUGG INC.
2257,TUG HILL TRAILER MFG
2258,TUK-A-WAY TRAILER COMPANY
2259,"TULSA BODY WORKS, INC."
2260,TULSA OPERATION
2261,TULSA RIG IRON INC
2262,TURNER TRUCK EQUIPMENT INC.
2264,MCGLOTHLIN & SONS TRAILERS SERVICE INC
2265,"MCHENRY METAL PRODUCTS CO., INC."
2266,MCHENRY TRUCK EQUIPMENT INC
2267,"MCILHANY EQUIPMENT CO., INC."
2270,PICKERING CONVERSIONS
2271,PICKWICK COMPANY
2273,PIEDMONT SERVICE TRUCKS
2274,PIERCE MANUFACTURING COMPANY
2277,PIKE TRAILER COMPANY
2278,"PILGRIM MANUFACTURING CO., INC."
2279,"PACIFIC TRUCK COLORS, INC."
2280,PACIFIC TRUCK EQUIPMENT INC
2281,PACIFIC TRUCK TANK INC.
2283,PAK-MOR MANUFACTURING COMPANY
2285,MEEKS ENGINEERING
2286,MEEKS TRUCK & TRAILER
2287,MELRAY INC.
2288,"MELTON MOTOR CO., INC."
2289,"MEMPHIS AUTO PARTS CO., INC."
2290,PITTS ENTERPRISES INC
2291,PITTSBURGH MACK SALES
2292,PITTSBURGH MACK SALES & SERVICE INC
2293,PITTSBURGH MOTORCYCLE WORKS
2294,PIVOT PRODUCTS INC.
2295,"P.L. CUSTOM BODY AND EQUIPMENT CO.,INC"
2296,PLANET ELECTRIC
2297,PLATINUM MANUFACTURING LLC
2298,"PLATT, INC."
2299,SOUTHWEST TRUCK BODY COMPANY
2300,"SPACE CREATORS, INC."
2301,BAXTER STEFAN INC
2302,SPANO CRANE SALES & SERVICE CORP.
2303,"TRINITY INDUSTRIES, INC."
2304,"TRINITY TRAILER MFG., INC."
2305,TRINITY TRAILERS
2306,TRIPLE B TRAILERS
2307,TRIPLE B&J TRAILERS MFG. INC.
2308,TRIPLE C SERVICES
2310,TRIPLE E CANADA LTD.
2311,TRIPLE G TRAILERS
2312,"TRADEWINDS CONVERSIONS, INC."
2314,TRAIL CAR TRAILERS
2315,TRAIL CRAFT
2316,"TRAIL MAKER TRAILERS, INC."
2317,SPECIAL FLEET SERVICE INC
2318,SPECIALIZED PRODUCTS INC
2323,SPECIALTY METAL FAB.
2324,Specialty Steel Incorporated
2325,KEN/TEL EQUIPMENT COMPANY
2326,"KENCO FABRICATING COMPANY, INC."
2327,KENDALL JOHNSON CUSTOMS
2328,KENDALL TRAILER MFG.
2330,KENDRICK'S PRE-FAB WELDING
2331,"KENT FWD TRUCK SALES, INC."
2332,"KENT KITTERMAN, INC."
2333,KENT TRUCK-TRAILER SERVICE INC.
2334,KENT-ARON INC.
2338,"KENTRON, INC."
2339,"KENTS TRAILERS, LLC"
2340,KENTUCKY MANUFACTURING CO.
2341,"KENTUCKY WHITE TRUCKS, INC."
2342,"KENWORTH SALES COMPANY, INC."
2343,"KEY GMC TRUCK SALES, INC."
2344,"KEYSER TRAILER, KSH, INC."
2345,"KEYSTONE MACK SALES, INC."
2346,"KEYSTONE PETERBILT, INC."
2347,KEYSTONE RV
2348,KEYSTONE TRUCK EQUIPMENT INC.
2349,"KEYWAY INTERNATIONAL, INC."
2350,KIA MOTORS (FORD IMPORTS)
2352,"KIDRON BODY CO., INC."
2353,KIEFER BUILT INC.
2354,"KIF, LLC"
2355,PLAYMAKER RV INC
2356,"PLEASANT HILLS, LLC."
2357,"PLEASANT VALLEY HOMES, INC. D/B/A FORK CREEK"
2358,PLEASURE-WAY INDUSTRIES LTD.
2361,POARCH BROS. INC.
2362,"MORONEY BODY WORKS, INC."
2363,"MORRIS BERMAN & CO., INC."
2364,MORRIS FARMS
2366,"MORRISON BROS., CO."
2367,"MORRISON-KNUDSEN COMPANY, INC."
2368,"MORROW MOBILES 2, INC."
2371,"MORSE MANUFACTURING, INC."
2373,MORSE TRAILER
2374,"MORYSVILLE BODY WORKS, INC."
2376,MOTO LAVERDA SPA
2378,MOTOR CITY CYCLE
2381,SPAR ROOFING & METAL SUPPLIES LTD
2383,SPARTA MANUFACTURING CORPORATION
2385,SPARTAN EQUIPMENT CO.
2386,SPYGAARD INDUSTRIES INC.
2387,SQUARE 2 TRAILERS
2388,SQUATDOWN MFG INC
2389,SR TRAILERS
2390,SRTS COMPANY INC
2391,SSI SHREDDING SYSTEMS INC
2392,RBG INC.
2393,"RBM COMPANY, INC."
2394,"RC COMPONENTS, INC."
2395,RC TRAILERS
2396,RDM PRODUCTS
2399,"SWECO PRODUCTS, INC."
2400,SWEDISH RAIL SYSTEM AB SRS
2401,"SWEPCO, INC."
2402,SWIFT ENTERPRISES INC.
2403,SWINFORD TRAILER SALES
2404,SWINGLIFT USA
2405,"SYRACUSE AUTO PARTS, INC."
2406,T&A DOUBLE TILT TRAILERS
2407,T & D ENTERPRISE INC
2408,"T & D MANUFACTURING, LLC"
2409,T & L TRAILERS
2410,T & T WELDING & REPAIR
2413,T AND G SALES
2414,T BAR J TRAILERS
2415,T&R'S USED CARS INC.
2417,T&D TRAILER SUPPLIES
2419,"T&M CUSTOM TRAILERS, LLC."
2420,T&T EQUIPMENT COMPANY
2421,T&T SALES OF ELBERTON INC
2423,MONROE TRUCK EQUIPMENT
2424,"MONROE-PATTERSON, INC."
2425,MONTANA METAL FABRICATIONS INC
2426,MONTE CARLO  LIMITED INC
2427,"MONTGOMERY WHITE TRUCK, INC."
2429,MONTONE TRAILERS LLC
2430,MOODY EQUIPMENT & SUPPLY COMPANY
2431,MOOG USA INC
2432,MARRC CORPORATION
2433,MARS PERFORMANCE MANUFACTURING
2434,"MARSHALL AUSTIN PRODUCTIONS, INC."
2435,MOTOR TRUCK EQUIPMENT COMPANY
2436,"MOTOR TRUCK SALES, INC."
2437,"REGENCY CONVERSIONS, INC."
2438,REGENCY VANS
2440,REHILS WELDING LLC
2441,REILLY DUERR TANK COMPANY
2442,"REINCO, INC."
2443,"PETERSON BUILT PRODUCTS, INC."
2444,"PETERSON INDUSTRIES, INC."
2445,PETERSON MACHINERY CO.
2446,"PETERSON MACHINERY COMPANY, INC."
2447,PETERSON MANUFACTURING CO.
2449,"PETERSON SALES COMPANY, INC."
2450,PETE`S CUSTOM AUTO SERVICE
2451,"PETRO EQUIPMENT COMPANY, INC."
2452,"MIKE WILEY CO., INC."
2453,"MIKE'S TRAILER MANUFACTURING, INC."
2454,MIKE'S TRAILERS
2455,MILES TRANSPORT SERVICES INC
2456,MILESNICK WELDING INC
2457,MILL WORKS INC
2458,MILLENNIUM MANUFACTRUING
2459,MILLENNIUM MOTORCYCLE CORPORATION
2460,"MILLENNIUM TRAILERS, INC."
2461,WOOD CORPORATION
2462,MILLER BUILT TRAILERS
2463,"MILLER INDUSTRIES, INC."
2464,"MILLER MANUFACTURING, LLC"
2466,MILLER RV MFG. COMPANY
2467,MILLER TRAILER AND MANUFACTURER COMPANY
2468,"MILLER TRAILERS, INC."
2469,MILLERTIME MFG LLC
2470,SUPERIOR TRANSPORTS INC.
2471,SUPERIOR TRUCK & EQUIPMENT PRODUCTS INC
2472,"SUPERIOR TRUCKS, INC."
2473,SUPREME CORP
2474,RICHARDSON HOMES CORPORATION
2475,RICHARDSON RICE TRAILERS LTD
2476,"T-W TRUCK EQUIPPERS, INC."
2477,"DELTA-WASECA, INC. SALES & OPERATIONS"
2478,MARTIN TRUCK ENTERPRISES OF BOYD INC.
2479,KAYOT WANDERER
2480,"KAYOT, INC."
2481,KB TRAILER MANUFACTURING
2482,KB WELDING INC
2483,KD UNLIMITED
2484,KEARGAR INDUSTRIES INC.
2485,KEEHN SERVICE CORPORATION
2486,"TRANSPORT EQUIPMENT, INC."
2487,TRANSPORT PRODUCTS COMPANY
2488,"TRANSPORT SUPPLY CO., INC."
2489,TRANSPORT TRUCK & EQUIP. CO. INC.
2490,TRANSPORTATION DESIGN & MANUFACTURING CO.
2491,TRANSPORTATION EQUIPMENT CORP.
2492,STEINER AG PRODUCTS
2493,STEPHEN DURKOVICH LAW OFFICES
2494,STEPHENSON EQUIPMENT INC.
2496,Sterling Trucks (Daimler Division)
2497,STERLING COACHWORKS
2499,STERNBERG CHRYSLER-PLYMOUTH INC.
2500,STEUBENVILLE WHITE TRUCK CO.
2501,STEURY CORPORATION
2502,"STEWART & STEVENSON SERVICES, INC."
2503,STEWART WHOLESALE CO. INC.
2504,STEWART'S WELDING & EQUIPMENT INC.
2505,Stiles Trailer Company
2506,STILL TRAILER MANUFACTURING
2507,STIMAN STEEL
2508,STIMSONITE DIVISION
2509,STITH EQUIPMENT COMPANY
2510,STOCK CAR FABRICATIONS
2511,"STOCKTON KENWORTH, INC."
2512,STOCKTON TRUCK AND WELDING
2513,STODDARD MANUFACTURING CO.
2514,STOESS MANUFACTURING INC
2515,STOHL TRAILERS
2517,VICIOUS CYCLE
2518,"VAN CONVERSIONS OF THE LEHIGH VALLEY, INC."
2519,WALKER WELDING L.L.C.
2521,WOOD TRAILER MFG
2522,NIX EVIL TWINS
2523,"VAN CONVERSIONS, INC."
2524,TLC MANUFACTURING INC.
2525,"BANDIT MOTORCYCLE CO., LLC"
2526,"BLUELK MANUFACTURING, LLC"
2527,BECKER WELDING & MFG.
2528,"CHEVRON COMMERCIAL, INC."
2529,COYOTE TRAILERS
2530,ALLTECH COMMUNICATIONS
2531,HANK WILLIAMS TRAILER MANUFACTURING
2532,GLENMORE VILLAGE INC.
2533,DRAGGIN DRAGOONS
2534,"FREEDOM TRUCK CENTERS, INC."
2535,ZJ MOTORSPORT LLC
2536,"LI BROTHERS, INC."
2538,BILLS TRUCK AND TRAILER REPAIR & SALES
2539,SHENZHEN LEOCH E-VEHICLE CO. LTD.
2540,J & R MFG. CO. LLC.
2541,LARRY'S WELDING
2542,LIFT AND GO TRAILER CORPORATION
2543,MULETUF TRAILER MFG
2544,ROAD KING TRAILERS OF FLORIDA LLC
2545,"TOWBLAZER, INC."
2546,ZAP!
2547,"YUAN CHENG INT'L GROUP, INC."
2548,LACFAMET
2549,GREENE COUNTY CHOPPERS
2555,MITY MITE MANUFACTURING
2556,MIX RIGHT INC
2557,"MJT MANUFACTURING "
2558,MK ENTERPRISE INC
2559,"MKR FABRICATORS, INC."
2560,"MOBILE AERIAL TOWERS, INC."
2561,T.A. BROUILLETTE & SONS INC.
2562,T.A. PELSUE COMPANY
2563,T.D.S. CORP.
2564,"THAWZALL, LLC"
2565,"T.J.C., INC"
2566,T.J.R. ENTERPRISES
2567,T.K. ALLEN
2568,II Toro Italiano Inc.
2569,"POE CONST. & MFG., INC."
2570,"SOUTH AG MFG, INC."
2572,"SOUTH COAST CHOPPERS, INC"
2573,SOUTH FLORIDA ENGINEERS INC.
2574,SOUTH FLORIDA TRAILERS OF FL. INC.
2575,SOUTH TEXAS WHITE TRUCK COMPANY
2576,SOUTH UNION BODY WORKS INC.
2577,"QUALITY TRUCK BODIES & REPAIR, INC."
2578,"QUALITY TRUCK BODY & EQUIP., CO."
2579,QUALITY TRUCK EQUIPMENT CORPORATION
2580,"QUALITY TRUCK EQUIPMENT, INC."
2581,"QUALITY UTILITY TRAILERS, INC."
2582,"QUALITY WELDING SERVICE, INC."
2583,"STRUCTURAL STEEL SUPPLY, INC."
2584,"STUART SCOTSMAN, L.L.C."
2585,STUART TANK SALES CORPORATION
2586,"STUBBS TRUCKS, INC."
2587,"STUDEBAKER COACHWORKS, INC."
2588,STUDEBAKER MOTOR COMPANY
2589,"STUDENT COACHWORKS, INC."
2590,STURDICORP
2591,"STURDY TRUCK EQUIPMENT, INC."
2592,SUBARU OF AMERICA INC
2593,"SUBARU OF AMERICA, INC"
2594,SUBCO
2596,SUGAR CREEK MANUFACTURING CO.
2598,SULLY ARMORED DIV. OF THE SULLY COR
2599,SUMMER BREEZE INC
2600,SUMSTAD MFG
2602,"Grand Canyon Golf Cars, Inc. "
2603,K.P.K. TRUCK BODY MFG. & EQUIPMENT
2605,MILWAUKEE MOTORCYCLE COMPANY
2606,"MIMS' TRUCK EQUIPMENT, INC."
2607,MINER MANUFACTURING COMPANY
2608,MINIBUS INC.
2609,MINIMIXX CONCRETE SYSTEMS
2611,"MEADE MANUFACTURING, INC."
2612,MEADOWS HYDRAULICS SALES & SERVICE
2613,"MECHANICS OF EASTON, INC."
2614,"MECO, INC."
2618,"R-V INDUSTRIES, INC."
2619,R.A.M. TRAILERS
2620,POLLARD MOTOR CO.
2622,POLY-JOHN ENTERPRISES INCORPORATION LLC
2623,"POODLE COACHES, INC."
2624,"POOR BOY COMPONENTS, INC"
2627,MOD RODS
2628,MODEC INC
2629,"MODERN LIVING, INC."
2630,MODERN SEELY EQUIP. & SUPPLY CO INC
2631,"MODLODGE, INC."
2632,"MODULAR STRUCTURES INTERNATIONAL, INC."
2633,MOELLER MANUFACTURING INC.
2634,MOEN CUSTOM TRAILERS (MCT)
2635,MOFFETT UTILITY TRAILERS
2636,"MOHAWK INDUSTRIES, INC."
2637,MOHAWK LTD
2638,MOHAWK LTD.
2640,"MOKAI MANUFACTURING, INC."
2641,"MOLINE BODY COMPANY, INC."
2642,"ROADMASTER, MONACO COACH CORPORATION "
2643,MONACO COACH CORPORATION
2644,"MONACO RV, LLC"
2645,"RALPH'S BLACKSMITH SHOP, INC."
2648,RAM COACH CORPORATION
2649,"RAM ENTERPRISES, L.L.C"
2650,RAM FABRICATION LLC
2651,RAMCOR STEEL PRODUCTS
2652,RAMP AGE TRAILER CO.
2653,RAMPAGE TRAILER COMPANY
2654,"RANCE ALUMINUM FABRICATION, INC."
2655,"RANDALL COMMERCIAL BODY, INC."
2656,SUN COUNTRY MARINE
2657,"SUN HAWK PRODUCTS, INC."
2658,"SUN INTERNATIONAL HOLDING, INC"
2660,KAFFENBARGER TRUCK EQUIPMENT CO.
2661,KAL MANUFACTURING
2662,"KALIDA TRUCK EQUIPMENT, INC."
2665,"HAC INCORPORATED "
2667,"KANKAKEE TRUCK EQUIPMENT CO., INC."
2668,"KANSAS TRUCK EQUIPMENT CO., INC."
2670,TRUCK LIQUIDATING CENTRE
2671,"TRUCK PARTS AND EQUIPMENT, INC."
2672,TRUCK SAFETY EQUIPMENT INSTITUTE
2673,"TRUCK SPECIALIST, INC."
2674,TRUCK SPECIALISTS INC.
2675,TRUCK SPECIALITY INDUSTRIES
2676,"TRUCK TECH, INC."
2677,"TRUCK THERMO KING, INC."
2678,TRUCK TRAILER INC.
2679,TRUCK TRANSPORT EQUIPMENT CORP.
2680,"TRUCK UTILITIES, INC."
2682,"SUNRAY RV, LLC"
2683,SUNRIDGE INDUSTRIES INC
2685,SUNSET VANS INC
2686,"LAVANCO, INC."
2687,LAWCO COMPANY
2688,LAWRENCE L. HAFER T/A HAFER'S
2689,"LAZY DAZE, INC."
2690,LAZER VANS INC.
2691,"BUCKNER WELDING "
2692,LAZY N INC
2693,LB TRAILERS
2694,LBE COMPANY INC DBA CUSTOM MFG
2695,"LBT, INC."
2696,"LBT STAINLESS, INC."
2697,LCH HOLDING CORPORATION
2698,"LCM, INC."
2699,LEACH COMPANY
2700,LEAVITT & SONS WELDING
2701,"LEBANON HOMES, INC."
2702,LEBER COACH MANUFACTURING
2703,LEDGEND MANUFACTURING INC
2704,"LEDOM HAYES TRUCK EQUIPMENT, INC."
2705,"LEDWELL & SON ENTERPRISES, INC."
2706,"LEE COACHES, INC."
2707,VESUVIUS INC
2708,LEEAHELD
2709,LEEWOOD INC ELECTRIC CAR
2710,LEGACY TRAILERS LLC
2711,LEGEND CONVERSIONS
2712,"LEGEND TRAILERS, INC."
2713,"LEISURE TIME DISTRIBUTORS, INC."
2714,"LELAND ENGINEERING, INC."
2715,Leland Truck Equipment
2716,EXCALIBER FABRICATIONS INC.
2717,EXCALIBUR AUTOMOBILE CORPORATION
2718,EXCALIBUR TRAILER COMPANY
2719,EXCAVAC CORPORATION
2720,EXCEL EZLOAD TRAILERS LLC
2721,EXCEL INC
2722,RAPIND TOOLS & EQUIPMENT CO.
2723,RAT TRAILER MFG
2724,RATCLIFF INDUSTRIES INC.
2725,"RAVENS, INC."
2726,"RAWSON-KOENING, INC."
2727,RAY MURRY TRAILERS
2728,"SUN WEST ENGINEERING, INC"
2729,SURGICAL STEEDS AMERICAN MOTORCYCLE
2731,"SWAB WAGON COMPANY, INC."
2732,SWAN RUBBER DIVISION
2733,SWANSTON EQUIPMENT COMPANY
2735,SWAY-A-WAY INC
2736,RUDY'S TRUCK BODY REPAIR
2738,"RUF AUTOMOBILES OF AMERICA, INC."
2739,RUGGEDBILT-USA INC
2740,RUPERT MANUFACTURING COMPANY
2741,RUSH & SON INC.
2742,RUSH SALES COMPANY
2743,"RUSS UPSON CO., INC."
2744,"RUSSELL FINCH CONTRACTORS, INC."
2745,"RVC, INC."
2746,"RWCI, INC."
2747,"RY-CHASE, INC."
2748,RYAN TRAILERS
2749,S & D MANUFACTURING
2750,"S & E WELDING, INC."
2751,S & R KING MECHANICAL CONTRACTOR INC
2752,SUPERIOR OF OHIO INC.
2754,S & S ENTERPRISES
2756,S & S MANUFACTURING
2757,S & S MANUFACTURING INC
2760,S & S WELDING
2761,S & W WELDING INC
2762,S * S COMPANY
2763,S AND H TRAILER MFG CO
2764,S AND J MFG.
2765,KIFFER INDUSTRIAL
2766,KILLER CHOPPER CYCLE FABRICATION
2767,"THE TRAILER COMPANY, INC."
2768,THE TRANSIT AUTHORITY CORP.
2769,THE TRUCK ENGINEERING COMPANY
2770,"THE TRUCK ENGINEERING COMPANY, INC."
2772,THE VAN HOUSE
2773,THE VAN MAN
2774,"THE VAN WORKS, INC."
2775,THE WEATHERHEAD COMPANY
2776,THE WINTER-WEISS COMPANY
2777,"THE WISE COMPANY, INC."
2778,THE WOOD/CHUCK CHIPPER CORP.
2779,THERMAL TREK INC.
2780,LELY PACIFIC INC.
2782,LENCO INDUSTRIES INC.
2784,L.E.R INDUSTRIES INC.
2785,LERCH'S RECREATION VEHICLE SALES
2786,LERIC HOLDINGS LTD.
2788,MIDWEST TRAILERS INC
2790,"MIDWEST VANS, INC."
2791,"MIDWEST WHITE TRUCKS, INC."
2792,MIDWESTERN TRUCK SALES CO.
2793,MIGHTY MITE
2794,"MIGHTYMOVER TRAILERS, INC."
2795,MIKE GREEN HYDROS INC
2796,KRUZ INC.
2797,KRUZER MOTORCYCLE TRAILERS
2798,KSM ENTERPRISES/LOWBED DIVISION
2800,"KUNTRY KUSTOM RV, LLC DBA RICH SPECIALTY TRAILERS"
2802,KUSTOM CREATIONS LUXURY CONVERSIONS
2803,KUSTOM SIGNALS INC.
2806,"KWANG YANG MOTOR CO., LTD (KYMCO)"
2807,NORDIC TRAILER SALES
2808,NORDSKOG ELECTRIC VEHICLES
2809,NORFLEET MFG. CO.
2810,NORMAND CO. LTD
2811,NORTH - EAST STEEL FABRICATION
2812,NORTH ALABAMA TRUCK & TRAILER INC
2813,NORTH AMERICAN MFG. CO. INC.
2814,NORTH AMERICAN TRANSIT INC
2815,NORTH BAY TRUCKWORKS
2816,"NORTH JERSEY WHITE-AUTOCAR, INC."
2819,S&S WELDING AND TRAILER
2820,"S-K TRAILERS, L.L.C."
2821,S.D. MYERS INC
2822,"S.D.P. MANUFACTURING, INC."
2823,THE GERSTENSLAGER COMPANY
2824,THE GLEDHILL ROAD MACHINERY CO.
2825,THE GROTE MANUFACTURING CO.
2826,THE H&H TRAILER CO.
2827,THE HACK SHACK
2829,TABOO MOTORCYCLE COMPANY LLC
2830,TAFCO EQUIPMENT COMPANY
2831,TAG ALONG TRAILERS INC
2832,SAAB-SCANIA OF AMERICAN INC.
2833,"SAC RECYCLING SYSTEMS, INC."
2834,SACRAMENTO VAN CONVERSIONS
2835,"SADLER MACHINE COMPANY, INC."
2836,"SAF T CART, INC."
2837,"SAFARI PRODUCTS, INC."
2838,SAFELINE CHILDREN'S PRODUCTS  CO.
2839,SAGINAW PRODUCTS CORPORATION
2840,SAKO CORPORATION
2841,SALEEN INC
2843,SALEM KROGER
2844,"SALEM SPRING CO., INC."
2845,"SALINA BODY CO., INC."
2846,"SALINA WHITE TRUCKS, INC."
2847,SAM'S TRAILERS
2848,SAM'S WELDING SHOP
2849,SAMMY'S GOLF CARS LLC
2850,SAN DIEGO WHITE TRUCK COMPANY
2851,"TANK TRUCK SERVICE & SALES, INC."
2854,TANK-TRAILER CO.
2855,TANKCON FRP INC
2856,"TARASPORT TRAILERS, INC."
2857,TARRANT MANUFACTURING CO. INC
2858,"TATES, INC."
2859,TAXI-VAN CORP.
2860,TAYLOR AND SONS CUSTOM BUILT TRAILERS
2861,TAYLOR IMPLEMENT INC.
2862,"TAYLOR MACHINE WORKS, INC."
2863,TAYLOR MADE EQUIPMENT COMPANY
2864,"TAYLOR POWER SYSTEMS, INC."
2865,TAYLOR WHITE AUTOCAR INC.
2866,TAYLOR'S FAB & MECHANICAL SVC'S
2867,TAYLOR'S MANUFACTURING
2868,"TAYLOR-WHITE TRUCKS, INC."
2870,"TBC FABRICATION, INC"
2871,TCS CABLE INC
2872,TEAGUE EQUIPMENT COMPANY
2874,L&M CUSTOM MANUFACTURING LLC
2875,"L & M SALES & SERVICE, INC"
2878,MOTOR VEHICLE SALES OF G.A.
2879,MOTORCYCLE COMPANY
2880,"MOTORSPORT TRAILERS, INC."
2881,MOTORSPORTS TRANSPORTERS L.L.C.
2882,MOTT'S CUSTOM TRAILERS
2883,MOUNT TRAILER CO.
2884,MINNEAPOLIS CUSTOM CYCLE
2885,MINNEAPOLIS EQUIPMENT COMPANY
2886,MINUTEMAN BOAT HANDLING EQUIPMENT INC
2887,MINUTEMAN TRUCKS INC
2888,MIRAGE TRAILERS LLC
2889,"MIRAMAR FORD TRUCK SALES, INC."
2890,"MIRO-FLEX COMPANY, INC."
2891,MTS MANUFACTURING
2892,MUDHENS MANUFACTURING
2898,"MUNCIE WHITE TRUCK SALES, INC."
2901,"MURPHY MANUFACTURING COMPANY, INC."
2903,MUST TECHNOLOGIES LTD
2904,"MUSTANG EQUIPMENT, INC."
2905,MUSTANG TRAILER CO. INC
2907,MV AGUSTA MOTOR S.P.A.
2908,MYCO TRAILERS
2909,MYERS & SON  HI-WAY SAFETY INC
2911,MYERS EQUIPMENT CORPORATION
2912,N&N REMORQUES INC.
2913,"N I WILSON MFG, CO  INC."
2914,"N-LINE TRAILERS, INC."
2915,"N.A. BURKITT, INC."
2917,"NABORS TRAILERS OF AMERICA, LLC"
2918,"NABORS TRAILERS, INC."
2921,NAHANNI INDUSTRIES LTD.
2922,"NALLEY MOTOR TRUCKS, INC."
2923,"RICHCREEK MUFFLER, INC."
2924,SAPPER TRAILERS INC
2925,SASKARC INDUSTRIES
2926,SATCHELL MFG.
2928,"STRINGFELLOW, INC."
2930,STROBEL BROS.
2931,TEAM FENEX
2933,TEARDROPS & DOLLYS
2935,KOLSTAD COMPANY
2936,KOMFORT CORP.
2937,KOPAVI TRKES INC
2938,KOPOC
2939,"KORWALL INDUSTRIES, INC."
2940,KAR FABRICATION INC
2941,KAR-GO INTERNATIONAL
2942,KARD CO.
2943,TEKSOL INC
2944,TELEDYNE CONTINENTAL MOTORS
2946,"TELEX COMMUNICATIONS, INC"
2947,"TEMISKO, INC."
2948,TEMPLEMAN MOTORS
2950,TENCO INDUSTRIES INC.
2952,TENNESSEE TRAILERS INC.
2954,TENSAS MACHINE & MANUFACTURING
2955,TENTRAX CORPORATION
2956,"TERN INDUSTRIES, INC."
2957,TERRADYNE EQUIPMENT COMPANY
2958,TERRY BROS. REPAIR & FARM SUPPLY
2959,TERRY TRUCK EQUIPMENT
2960,LIFELINE TRAILERS
2961,LIFESTYLE CUSTOM AMERICAN MOTORCYCLES
2962,LIFESTYLE TRANSPORTATION INC
2963,LIFETIME MANUFACTURING CO. INC.
2964,"LIFT-ALL EAST, INC."
2966,"LIGHT CAMPERS, INC."
2967,LIGHTLINE PRODUCTS INC
2968,LIKENS MANUFACTURING CO.
2969,LIKENS TRAILER MANUFACTURING
2970,LIL TAG ALONG TRAILER MFG
2971,"LIL' JOHN'S PLACE, INC."
2972,LIMITED EDITION VAN CORPORATION
2973,"LIMOUSINE WERKS, INC."
2974,LINCK MOTOR COMPANY
2975,LINDSAYS FARM EQUIPMENT
2976,LINEAR DYNAMICS INC
2977,LINK ENVIRONMENTAL EQUIPMENT
2978,LIPPERT COMPONENT INC
2979,"LIPPS INDUSTRIES, INC."
2980,LITCHFIELD TRUCK SALES & SERVICE
2981,LITE-N-BOLT MANUFACTURING COMPANY
2982,"LITTLE GIANT CRANE & SHOVEL, INC."
2983,"LITTLE GIANT INTERNATIONAL, INC."
2984,LITTLE STANLEY CYCLES
2985,LLENGER WRECKER CORPORATION
2986,RICHLANDS METAL PRODUCTS COMPANY
2987,RICON CORPORATION
2988,RIDDELL TRAILER & EQUIPMENT CO.
2989,RIDE-AWAY HANDICAP EQUIPMENT CORP.
2990,"RIDGEVIEW RACING, INC."
2991,RIDLEY MOTORCYCLE COMPANY
2992,RIECHERS BODY CO.
2993,R.A.O. INC.
2994,R.A.O. INC. dba DELAVAN
2995,TECH WELD CORPORATION
2996,"TECH-TRANS, INC."
2997,"Poly-John International Corp., Trailer Division"
2998,TECHNOLAB S.P.A.
2999,"TECHNOLOGY PLUS TRAILERS, INC."
3000,"SUN-LITE, INC."
3001,"SUNCANDR CO., LIN'S TRADING CO."
3002,"SUNCOAST TRUCK EQUIPMENT, INC."
3003,SUNCOR INDUSTRIES INC.
3004,SUNDIAL CAMPER INC.
3005,"Sundowner Trailers, Inc."
3007,ROEBUCK TRUCK & ENGINE
3008,ROEBUCK TRUCK & ENGINE INC.
3009,ROGERS BROTHERS CORPORATION
3010,"ROGERS MANUFACTURING COMPANY, INC."
3011,"ROGUE INDUSTRIES, INC."
3012,ALTUGLAS LLC
3013,"ROHR MFG. GROUP, INC."
3014,ROLLIN' CUSTOM CYCLE
3015,ROLLRITE TRAILER MANUFACTURING
3016,ROLLS RITE TRAILERS
3021,"ROMAN WHEELS MIDWEST, INC."
3024,"ROME ENGINEERING MFG., CO., INC."
3025,RON SIMMS BAY AREA CUSTOM CYCLES
3026,"ROOSTER ENTERPRISES, INC."
3027,ROPER CORPORATION-NEWARK DIVISION
3028,ROSEBURG TRAILER WORKS INC
3029,"ROSEWOOD ENTERPRISES, INC"
3030,"ROTOCHOPPER, INC."
3031,ROUSE WELDING & BODY SHOP
3032,ROUSE WELDING SHOP
3033,"KOVINGTON PERFORMANCE HOLDINGS, INC."
3034,ROUSSEAU & SON TRUCK BODY INC.
3035,DOUG BRAGG INC.DBA TEXAS BRAGG ENTERPRISES
3036,TEXAS HYDRAULIC AND EQUIPMENT CO.
3037,L&M TRAILERS MANUFACTURING
3039,"L-Z TRUCK EQUIP. COMPANY, INC."
3040,"L.B. SMITH, INC."
3042,L.L. DEWEY CO.
3043,"L.W. VOLZ TRUCK EQUIPMENT, INC."
3044,KING MARINE INC
3045,KING RD. WELDING
3046,"KING TRAILER & EQUIPMENT CO., INC."
3047,KING'S TRUCK BODY WORKS
3048,"KINGFISHER VAN WORKS, INC."
3049,"KINGSTON TRAILERS, LLC"
3050,"KINNAIRD BODY WORKS, INC."
3051,KIPE STEEL
3052,KIRKLEY & SON MACHINE SHOP
3053,TFC TRAILER SALES & SERVICE
3054,"TGB FABRICATION, INC."
3056,THATCHER BODY COMPANY
3057,"THE ADVANCE METALWORKING CO., INC."
3058,THE AEROFLO TRAILER COMPANY
3059,THE AMERICAN OIL COMPANY
3060,THE BARTLEY CORPORATION
3061,THE BENDIX CORPORATION
3062,THE BOARDMAN COMPANY
3063,THE BOB HOWARD CO.
3064,"THE BODY BUILDERS, INC."
3065,"THE BRACKEN COMPANY, INC."
3066,THE BRAUN CORPORATION
3067,THE BROWN CO
3068,THE CARNEGIE BOCY COMPANY
3071,THE CHOP SHOP LLC
3072,THE CHOPPER SHOP LLC
3073,CLEVELAND MOTORCYCLE MANUFACTURING CO
3074,THE COLEMAN COMPANY
3075,THE COLWELL COMPANY
3076,COMMODORE HOMES OF INDIANA
3077,THE CONCRETE EDGE COMPANY
3078,THE CONNECTICUT WHEEL & RIM CO.
3079,THE CONNECTICUT WHITE TRUCK CORP.
3080,"THE CUSTOMIZERS, INC"
3081,LLOYD'S WRECKER SALES & SERVICE
3082,LOAD GLIDE TRAILERS
3083,LOAD KING LLC
3084,LOAD MAXX TRAILER CO.
3087,LOAD RITE TRAILERS INC
3088,NELSON TRAILER & BODY
3089,NELSON TRUCK EQUIPMENT COMPANY INC.
3091,NELSON WELDING
3096,MACKLIN WELDING
3097,MACKS METAL FAB
3098,"MACQUEEN EQUIPMENT, LLC"
3099,MACTAW INC
3102,"MADISON CUSTOM VANS, INC."
3103,"MADISON TRUCK EQUIPMENT, INC."
3104,MADMAN MANUFACTURING INC.
3105,CRUISE MASTER BOAT TRAILERS DIVISION OF MAGLINE INC.
3106,MAGNA TECH
3107,"MAGNETEK, INC."
3108,MAGNOLIA CARGO INC.
3109,MAGNUM CONVERSION VANS
3110,MAGNUM MANUFACTURING DIVSION OF COACH CORP
3112,"PARKHURST MANUFACTURING CO., INC."
3113,PARKWOOD HOMES
3114,PARMA COMPANY
3115,NELSON FORD INC.
3116,ROCK-N DIAMOND B TRAILERS
3117,ROCKET CITY CYLCLES
3118,ROCKET FIBERGLASS
3119,"ROCKET INTERNATIONAL, Inc."
3120,"ROCKFORD MOTORS, INC."
3121,ROCKING CHAIR MFG
3122,"ROCKING L TRAILERS, INC."
3123,ROYAL TRUCK AND EQUIPMENT LLC.
3124,"ROYAL VAN OF TEXAS, INC."
3125,ROYALTY VANS INC.
3126,RSO LTD.
3127,"RSO, LTD."
3128,"RT-VEHICLES, INC."
3131,"RU2 SYSTEMS, INC."
3132,RUDCO PRODUCTS INC.
3133,RUDE DOG TRAILERS
3134,"PALMER MACHINE WORKS, INC."
3135,"PALMER MANUFACTURING, LLC."
3136,PALMER TRAILER SALES CO. INC.
3139,PALOMINO MANUFACTURING CORPORATION
3140,PAMLICO TRAILERS
3141,"PANDERRA ENTERPRISES, INC."
3142,PANELLA TRAILERS
3144,"PANHANDLE WHITE TRUCKS, INC."
3146,PANOZ AUTO DEVELOPMENT CORPORATION
3147,PANTHER CAR COMPANY LIMITED
3148,PANTHER TRAILERS AND EQUIPMENT HAULERS INC
3149,PANTHER TRAILERS INC
3150,PANZER MOTORCYCLE WORKS  LLC
3152,"PAR-KUT INTERNATIONAL, INC."
3154,PARAGON ENVIROMENTAL SYSTEMS
3155,PARAMOUNT CUSTOM CYCLES
3156,PARAMOUNT TRUCK BODY & EQUIPMENT CO
3157,PARK AVENUE
3158,PARK BUILD BODY CO.
3159,SHERROD
3161,SHERROD VANS OF JACKSONVILLE INC
3162,SHERROD VANS
3163,"SHERROD VANS, INC."
3166,SHERRY DESIGNS/ DISCOVERY INC.
3167,SHERRY DESIGNS/DISCOVERY INC.
3169,"SHOAL RUNNER BOATS, INC."
3170,"SHOOK ELECTRONCIS USA, INC."
3171,ROLLTECHS SPECIALTY VEHICLES LLC
3172,SHORE WHITE TRUCK SALES & SER. INC.
3173,ROUTE SIXTY-SIX MOTORCYCLE CO. LLC
3174,ROUTE2TRAILERS.COM
3176,"ROWLAND TRUCK EQUIPMENT, INC."
3177,TEXAS PRECISION
3178,TEXAS ROYAL MANUFACTURING CO.
3179,TEXAS STAGECOACH
3180,THE HEIL CO.
3181,THE HENLEY-KEMBALL CO.
3182,THE HOCKENSMITH CORPORATION
3183,THE HYCALOADER COMPANY
3184,THE JAUNTER CORP.
3185,THE KBH CORPORATION
3186,THE KENSINGTON WELDING & TRAILER CO.
3187,THE LAS-STIK MANUFACTURING COMPANY
3188,THE LELAND TRAILER & EQUIPMENT
3189,"THE LESLIE METAL ARTS CO., INC."
3190,SIGGIE'S TRAILER SALES
3191,"SIGMA METALS, INC."
3192,SIGNAL MOUNTAIN WELDING & FABRICATION
3193,SIGNATURE VAN CORPORATION
3194,"SIGNET VANS, INC."
3195,SIKESTON FENCE & CONSTRUCTION INC
3196,"SILVER EAGLE COACH, INC."
3197,SILVER EAGLE MANUFACTURING COMPANY
3198,SILVER EAGLE MFG. COMPANY
3199,"SILVERLITE TRAILERS, INC."
3200,SILVER MOTOR COACH
3201,"SOUTHERN INDIANA MATERIALS COMPANY, INC"
3202,SIMON-MIDWEST INC.
3203,TRAILER KING
3205,TRAILERS PLUS
3206,TRAILER SALES AND SUPPLY OF CHATTAHOOCHEE
3207,THE DOW CHEMICAL COMPANY
3208,THE EGG RANCH OF OREGON
3209,THE ELECTRIC CYCLE COMPANY
3210,THE FAB SHOP
3211,THE FINEST BOX
3212,The Flxible Corporation
3213,LES CAMIONS JACQUES CONSTANT INC
3215,LES ENTREPRISES CAMPWAGON INC.
3216,LES REMORQUES JELANO INC
3218,LES' SERVICE AND CANOPIES
3219,"LARRY'S TRAILER SALES, INC."
3220,LARSEN INTERNATIONAL
3221,LARSON CABLE TRAILERS
3222,"LARSON INDUSTRIES, INC."
3223,LARSON INTERNATIONAL INC
3225,"LARSON MANUFACTURING, INC."
3226,LAS VEGAS TRIKES LLC
3227,"LAS VEGAS TRIKES, LLC"
3228,LASER STRAIGHT MFG. INC.
3229,TRAILERS UNLIMITED OF ARLINGTON
3230,TRAILERS USA
3231,TRAILEX INC.
3233,TRAILMOBILE (PULLMAN INCORPORATED)
3234,"TRAILTECH, A DIVISION OF CUSTOM BUILT AG. INDUSTRIES LTD."
3236,TRAM BODY & COACH LIMITED
3237,TRAMONT CORPORATION
3238,TRAMS INTERNATIONAL
3239,"TRAN BODY & COACH, LTD."
3240,TRANS LECTRIC CORPORATION
3241,TRANS PACIFIC PRODUCTS
3242,TRANS-AIRE INTERNATIONAL INC.
3243,TRANS-CON
3244,MAC'S INC
3245,MACH 1 TRAILERS
3246,MACHINECO INC
3247,MACK CANADA INC.
3248,SIMPLEX MANUFACTURING INC.
3249,SIMPSON EQUIPMENT CORPORATION
3250,SINCA INDUSTRIES INC
3251,SIOUX STEAM CLEANER CORP
3252,SIOUX VENEER PANEL CO
3253,SIROD
3254,TRAILER SOURCE INC  TSI
3255,"TRAILER TECH, INC."
3256,TRAILER USA
3257,"TRAILERS EXPRESS, INC."
3259,"TRAILERMAN TRAILERS, INC."
3260,TRAILERS +
3261,THOMPSON SALES & SERVICE INC.
3262,THOMPSON STEEL SERVICES
3264,THOMPSON TANK INC
3265,THOMPSON W. & MARION L. STERNE
3266,THOMSON PROJECTS LTD.
3267,THOR INDIANA INC
3268,THOR INDUSTRIES WEST
3269,THOR CALIFORNIA
3271,THORP EQUIPMENT INC
3272,"THORP EQUIPMENT, INC."
3273,"THUNDER MOUNTAIN CUSTOM CYCLES, INC."
3274,"THUNDER TRIKES, INC."
3275,"THUNDERBOLT ENTERPRISES, INC."
3276,THUNDERBOLT TRAILERS
3277,THURSTON MANUFACTURING COMPANY
3278,TI-BROOK INC.
3279,"TI-BROOK OF GENEVA, INC."
3280,"TIANJIN AUTOMOBILE WHEEL CO., LTD."
3281,TIARA MOTOR COACH
3284,MACK TRUCK SALES OF CHARLOTTE INC
3286,PARON INDUSTRIES INC
3287,"PATHFINDER EQUIPMENT CO., INC."
3288,"PATHFINDER MOBILEHOME, INC."
3289,PATRICK B. KELLY & PONDAIL CORP.
3290,PATRIOT MOTORCYCLES DBA ATK MOTORCYCLES
3292,PAUGHCO MC LLC
3293,"PAUGHCO MC, LLC"
3294,MOUNTAIN HIGH COACHWORKS
3296,MOUNTAIN RIDGE TRAILERS
3297,"MOUNTAIN STATES TRAILER & EQUIPMENT SALES, INC."
3298,MOUNTAIN TRAILER CO.
3299,MOUNTAINEER WELDING & TRAILER REPAIR
3300,"MOUSER STEEL SUPPLY, INC."
3301,NORTHSIDE TRUCK BODY
3302,NORTHSIDE TRUCK BODY & EQUIPMENT
3303,NORTHWEST BODIES INC.
3304,"NORTHWEST ENTERPRISES, INC."
3305,NORTHWEST MACO
3306,"NORTHWEST OIL EQUIPMENT, INC."
3307,NORTHWEST TEL-E-LECT
3308,"NORTHWEST TRUCKSTELL SALES, INC."
3311,NORWOOD DISTRIBUTORS INC.
3312,NOTO CUSTOM WELDING
3313,NOVA CRUZ PRODUCTS LLC
3316,NOVAK CUSTOM MOTORCYCLE COMPANY
3317,RIOR/RIONED B.V.
3318,SCHEER BROTHERS PERFECTION EQUIP.
3319,SCHEER WELDING SERVICE
3320,SCHERER TRUCK EQUIPMENT INC.
3321,"SCHERER TRUCK EQUIPMENT, INC."
3322,SCHETKY EQUIPMENT CORPORATION
3324,SCHIEN EQUIPMENT INC
3325,SCHLOTH ENTERPRISES INC(SCHLOTH TRU
3326,"SCHMACHER TRAILER & BODY CO., INC."
3327,SCHMIDT & MARKWORTH COMPANY
3328,"SCHNURE MFG. CO., INC."
3329,SCHODORF TRUCK BODY & EQUIPMENT CO.
3330,"SCHOTT'S CUSTOM COACH, INC."
3331,SCHRECK INDUSTRIES
3332,"SCHROCK MFG., INC."
3333,SCHUSTER & COMPANY
3334,SCHUSTER EQUIPMENT COMPANY
3335,"SCHUTT INDUSTRIES OF CLINTONVILLE, WIS., INC."
3336,SCHWALBE TRUCKS INC.
3337,SCHWARTZ MANUFACTURING CO.
3339,SCHWARZE INDUSTRIES INC
3341,"SCHWEIGERS, INC."
3342,"SCHWING AMERICA, INC."
3343,SCHWYN CHEVROLET
3345,SCIENTIFIC BRAKE & EQUIPMENT CO.
3346,SCIENTIFIC SYSTEMS CORPORATION
3347,"SCOTSMAN MANUFACTURING CO., INC."
3348,SCOTT EQUIPMENT CO
3349,SCOTT HEAVY EQUIPMENT INC
3350,SCOTT'S CUSTOM TRAILERS
3351,SCOTT-PREUSSE INC.
3352,SCRANTON MFG CO. INC.
3353,"SCRANTON WHITE AUTOCAR TRUCKS, INC."
3354,RAY-TECH INFRARED CORP.
3355,"RAYCO MANUFACTURING, INC."
3356,RAYFAB INC.
3358,NEW ENGLAND ARRIAL & TRUCK EQUIPMENT
3359,NEW ENGLAND TRUCK DESIGN INC.
3360,"FRONTRUNNER BUS GROUP, INC."
3361,"NEW ENGLAND WHEELS WEST, INC."
3362,"NEW ERA TRANSPORTATION, INC."
3363,NEW GENERATION MFG INC
3364,NEW HARRISBURG TRUCK & BODY CO.
3365,NEW HAVEN BODY BUILDING CO.
3366,"NEW JERSEY KENWORTH SALES, INC."
3367,NEW MARK MANUFACTURING INC
3368,"NEW MARKET METALCRAFT, INC."
3369,"NEW METHOD EQUIPMENT CO., INC."
3371,"NEW ORLEANS WHITE TRUCKS, INC."
3372,NEW PROGRESS INCORPORATED
3373,NEW WAY MFG. CO.
3374,NEW YORK CITY CUSTOM CYCLES
3375,NEW YORK CITY CUSTOM MOTORCYCLES
3376,NEW YORK MOTOR COMPANY OF L.I. INC
3377,NEWBRIDGE PRODUCTIONS INC.
3378,NEWLAND BODY COMPANY
3379,NEWMAN'S MANUFACTURING INCORPORATED
3380,NEWSOM INDUSTRIES
3381,"NIAGARA HEIL BODY CO., INC."
3382,"NICHIBEI METROPAGES, INC."
3384,"NICHIRIN RUBBER INDUSTRIAL CO.,LTD."
3385,NICHOLS CUSTOM WELDING INC
3386,"NICHOLS FLEET EQUIPMENT, INC."
3387,NICHOLS TRUCK BODIES INC
3388,"NICHOLS TRUCK EQUIPMENT CO., INC."
3389,NICHOLSON TRUCK AND TRAILER CO.
3391,SUN INTERNATIONAL RACING CORP
3392,"SUN PRODUCTS INTERNATIONAL GROUP, INC."
3393,SUN RAY MANUFACTURING
3395,TIGER LINE EQUIPMENT INC.
3402,KRANZ AUTOMOTIVE BODY COMPANY
3403,KROHNERT STAINLESS INC.
3404,KROMER CO
3405,"LODER & SHARP, INC."
3406,LODI EQUIPMENT
3407,"LOGAN FARM EQUIPMENT CO., INC."
3408,LOGANO TRUCKING CO INC
3409,LOGIC MOTOR COMPANY
3410,"The LondonCoach Company, Incorporated"
3413,"LONDON TAXIS NORTH AMERICA, INC."
3414,LONE STAR CHOPPERS
3415,LONE STAR GAS COMPANY
3416,LONE STAR TRAILER
3417,LONESTAR MANUFACTURING
3418,LONESTAR TRAILERS
3419,"LONG BODY SERVICE, INC."
3423,NOVEA CORP
3424,NOW SYSTEMS INC.
3427,"NU WA INDUSTRIES, INC."
3428,NU WAVE MANUFACTURING INC.
3429,"NU-WAY MFG., INC."
3430,NUDAWN METAL FABRICATION INC
3431,"NUKO INDUSTRIES, INC"
3432,"SHORE-MASTERS, INC."
3434,SHORTSTOP ENTERPRISES LLC
3435,"SHOW TRUCKS USA, INC."
3436,"C & S MOTORS "
3437,SHOWLINER TRAILERS INC
3438,"SHREDFAST, INC."
3439,SHUGARMAN INC.
3440,SAAB AUTOMOBILE AB (USA)
3442,"SAAB CARS USA, INC."
3443,"PAYETTE TRUCK BODY MFG. CO., INC."
3444,PDI TORAX SYSTEMS
3445,PEABODY GALION CORPORATION
3446,PEABODY SOLID WASTE MNGMT/DEWALD
3447,PEACH STATE TRUCK CENTER
3448,"PEAK FABRICATIONS, INC."
3449,PEAK MANUFACTURING INC.
3452,"PEERLESS TRAILER & TRUCK SER., INC."
3453,"PEG-PEREGO USA, INC"
3455,"PELTZ MAUNFACTURING, INC."
3456,PELTZER ENTERPRISES
3457,PEMBERTON FABRICATORS INC.
3458,PEMCO EQUIPMENT COMPANY
3459,PENN TRUCK PAINTING & LETTERING COR
3460,PENNSTYLE CAMPERS INC
3461,"PEPPERS TRUCK BODY & EQUIP., CO."
3462,SIMONSEN MANUFACTURING CO.
3463,LONG ISLAND WHITE AUTOCAR CORP.
3464,LONGHORN TRAILER & BODY COMPANY
3465,LONGHORN WELDING CO.
3466,"LOOKING GLASS REPLICAS, INC."
3467,LOOMIS ARMORED INC.
3469,Nuttall Manufacturing and Equipment Company
3470,NYE INC.
3471,"O'CONNOR MOTOR CO., INC."
3472,"O'DELL MFG & TRUCK SALES, INC"
3473,O.G. HUGHES & SONS INC.
3474,"O.J. WATSON COMPANY, INC."
3475,O.K. CORRAL
3477,O.R. COTE COMPANY
3478,OAKDALE MANUFACTURING
3480,NATIONAL CRANE CORPORATION
3481,NATIONAL CUSTOM COACHES INC.
3482,NATIONAL METAL PRODUCTS
3484,NATIONAL REFUSE EQUIPMENTM INC.
3485,COWIN EQUIPMENT COMPANY INC.
3486,COWTOWN CUSTOMS AND COBRAS
3487,COX MACHINERY CO.
3488,"COZAD TRAILER SALES, LLC"
3489,COZYCRUISER
3491,"CP INDUSTRIES, INC"
3492,CPI MOTOR CO.
3493,CPS TRAILER CO
3495,KIMBLE CHASSIS
3497,KINCAID EQUIPMENT MANUFACTURING
3498,KINETIC ENGINEERING LTD.
3499,KING KUSTOM CYCLE
3500,KING MANUFACTURING INC
3501,KEENWAY MANUFACTURING INC.
3502,KEITH HUBER INC
3503,KELLER AND HECKMAN
3504,KELLER MARINE & RV
3505,KELLOGG MANUFACTURING INC.
3506,KELLY COACHWORKS INC.
3507,"KEMCO INDUSTRIES, INC."
3508,KEMPER INDUSTRIES INC.
3509,KEN'S CUSTOM TRAILERS AND SUPPLIES
3510,THE LI'L ICE CREAM SHOP LTD.
3511,THE LITTLE TRAILER CO INC
3512,"THE MHC GROUP, INC."
3514,THE NATIONS TRAILERS INC
3515,"THE NESS COMPANY, INC."
3517,THE OHIO BRASS COMPANY
3518,THE PERFECTION COMPANY
3519,THE R.B. COMPANY
3520,THE SANDBAGGER CORPORATION
3521,THE SHOLAR COMPANY INC
3522,THE SHOP
3524,"SNOWCO, INC"
3525,THE SNYDER TRAILER COMPANY
3526,"THE SOUTHERN CO., INC."
3527,THE TIDY CORPORATION
3528,THE TINGGOLD CORPORATION
3529,THE TORO COMPANY
3530,"CRAFTSMEN INDUSTRIES, INC."
3531,CRAIG MANUFACTURING LTD
3532,"CRAIG MOTOR SERVICE COMPANY, INC."
3533,"BATTLE MOTORS, INC"
3534,CRANE SPECIALISTS INC.
3535,CRANES & EQUIPMENT CORP.
3536,ORLANDO'S TANK TRUCKS
3537,ORMSON CORPORATION
3538,"ORNAMENTAL IRON WORKS, LLC"
3539,"ORSCHELN MOTOR & EQUIPMENT CO., INC"
3540,"OSAGE VANS, INC."
3541,OSBORN SHEET METAL LLC
3542,OSBORNE CONSTRUCTION
3543,OSBORNE'S PRO STREET AUTOMOTIVE
3544,OSBORNES WELDING
3545,OSHKOSH TRAILER DIVISION
3546,SKWATTER TRAILER CO
3548,RILEY DESIGN & FABRICATION
3549,"RILEY-BARNARD WHITE TRUCKS, INC."
3550,"RIMA WHITE SALES, INC."
3551,RINGLER MOTOR INC.
3552,"KWIK DUMP TRAILER SUPPLY, INC."
3553,USA VENTURCRAFT CORPORATION
3554,KMT SERVICE PARTS INC
3556,L & D WELDING & MANUFACTURING
3558,"L & H MANUFACTURING, INC."
3559,L & J SERVICES
3560,L & L FABRICATION & STEEL CO.
3561,L & M AIRCRAFT WELDING & MACHINING
3562,L & M MANUFACTURING INC
3563,"L & M MANUFACTURING, INC."
3565,"L & S TRUCK CENTER OF APPLETON, INC"
3567,L&F CUSTOM BUILT TRAILERS
3569,NICOLS TRUCK BODIES INC
3570,NIEBERG SUPPLY CO.
3571,NIEHANS WELDING WORKS
3574,ROY F. DRAKE BODY & EQUIPMENT CO.
3575,ROY'S CUSTOM TRAILERS INC
3577,ROYAL PALM COACH
3578,Oswald Inc.
3579,"REITNOUER, INC."
3580,REITTER & SCHEFENACKER KG
3581,RELIABLE WELDING
3582,RELIABLE WELDING WORKS
3583,"RELIANCE TRAILER CO., LLC"
3584,"REMCO MOTOR COMPANY, INC."
3585,REMKE INC.
3587,NITCO DRILLING PRODUCTS DIVISION
3588,"NOEL ENTERPRISES, INC."
3589,NOERR'S GARAGE INC.
3590,NOR'WESTER INDUSTRIES INC.
3591,"NORAC SYSTEMS INTERNATIONAL , INC"
3593,NORBERT'S MANUFACTURING LTD
3594,"SAN JOSE WHITE TRUCKS, INC."
3595,"WAY-MAR LEASING INC "
3596,SAN LEANDRO TRUCK BODY CO.
3597,"SAN'S VANS OF FLORIDA, INC."
3598,SAN-JO TRAILER MFG.
3599,SANCHEZ AND SON MANUFACTURING
3600,"SAND'S WELDING, INC."
3601,SANDERS TRAILER SERVICE INC
3602,SANDFORDS TRUCK BODY & WELDING SER.
3603,SANDPOINT CUSTOM IRON
3604,"SANDS INDUSTRIES, INC."
3605,SANDZIMIER TRUCK BODY
3607,"SANITARY CONTROLS, INC."
3609,SANTA FE VANS
3610,"THIELE MANUFACTURING, LLC"
3611,THOMAS & LOMASON COMPANY
3613,"LARK ENTERPRISES, INC. DBA TOW RITE"
3614,"LARMEE EQUIPMENT & SUPPLY, INC."
3615,JOHNSON WELDING & EQUIPMENT CO. INC
3616,JOHNSON WELDING & TRAILERS
3617,JOHNSON'S MOBILE SOLUTIONS
3618,JOHNSTON ACQUISITION CORP
3619,JOHNSTON EQUIPMENT INC.
3620,"Jo Mac  Ltd "
3621,JONES & FRANK
3622,JONES MOTOR COMPANY
3623,"TAIAN CHIRAN MACHINERY CO., LTD"
3624,TAILGATER PARTY TRAILERS
3625,"TAIXING SANDI MOTORCYCLE CO., LTD."
3626,TK GLOBAL LLC
3629,TXTX LLC
3630,TAMCO TRAILER CO
3631,"TAMPA TRAILERWORKS, INC."
3632,TANK TRAILER MFG. & REPAIR
3634,MARTIN COMPANY
3635,MARTIN EQUIPMENT
3636,MARTIN FAB INC
3637,JONES WELDING SERVICE
3638,JONES WHITE TRUCK COMPANY
3639,"JOPLIN WHITE TRUCKS, INC."
3640,JORDAN MOTORS
3641,"JORDAN'S THERMO KING, INC."
3642,"JOSEPH DE MARTINI OIL EQUIP., SERV."
3643,JOURNEYMAN VANS
3644,"JOY CUSTOM VEHICLES, INC."
3645,"JOYSERV COMPANY, LTD."
3646,JPD INC
3647,JR TRAILERS
3648,"JR WELDING, INC."
3649,JR'S CUSTOM PATTERN CUTTING FABRICATION AND REPAIR
3650,JSD WELDING INC.
3652,JT WELDING & FABRICATIONS INC
3653,JT WELDING & FABRICTION INC
3654,"JUMPING JACK, INC."
3655,JUNIOR MOTORCYCLE MANUFACTURING INC.
3656,"JUSKO SEVICES, INC."
3657,JUSTBUILT
3658,C&S CONVERSIONS INC
3660,K & K TRAILERS INC
3661,K & K WELDING
3662,"K INDUSTRIES, INC"
3663,K J ENTERPRISES
3664,K STAUFFER MFG LLC
3665,K & K  WELDING
3666,K&M TRAILERS SALES
3667,K-N MANUFACTURING
3668,K. JOVE  ENTERPRISES CORPORATION
3669,K.C. CREATIONS INC
3670,MIDWAY TRUCK & COACH CORPORATION
3671,MIDWAY COMMERCIAL VEHICLES(DIV. OF HANOVER)
3672,MOTOR TRUCK BODY COMPANY
3673,"MOTOR TRUCK DISTRIBUTORS, INC."
3674,"SCRANTON, TRUCK BODY & EQUIPMENT CO"
3675,"SCRUGGES-DRAKE EQUIPMENT, INC."
3676,"SCRUGGS EQUIPMENT CO., INC."
3677,TIGER TRUCK LLC
3678,TIM DOWDEY COMPANY
3679,TIM'S REPAIR
3680,TIM'S TRAILER SALES
3681,TIMBERLAND RV COMPANY
3682,TIME CONDOR CORPORATION
3683,TIME MANUFACTURING COMPANY
3684,LOAD TRAIL LLC
3685,LOADMASTER CORP
3686,LOADMASTER CORPORATION
3687,LOADMASTER MANUFACTURING INC
3688,TECHSUN TRAILERS
3689,"TECHSYS CHASSIS, INC."
3690,TECHTOW TECHNOLOGY INC
3691,TECOGEN INC.
3692,Ted's Auto Sales dba Built right Trailers
3693,TEENEE TRAILER COMPANY
3694,"TITAN TRAILER MFG., INC. "
3695,TLC OF TX. INC.
3696,TM TRAILERS
3699,"TMC TRAILERS, LLC"
3700,"TMS, INC."
3701,"TMS, INC. (THE MACHINE SHOP INC)"
3702,TN TRAILERS
3703,TNT A DIVISION OF BANKS TRAILER GROUP
3704,"TNT ALUMINUM TRAILERS, INC"
3705,"TODD CREEK CUSTOM VANS, LTD."
3706,TODD'S WELDING SERVICE INC
3707,TOE-ME TRAILERS
3711,TOM MATSON'S VALLEY MOTORS
3712,TOM WOOD EQUIPMENT CORPORATION
3713,LAFARGE TRAILER COMPANY
3714,"LAFAYETTE COUNTY CAR COMPANY, LLC"
3715,"LAFAYETTE WHITE-AUTOCAR SALES, INC."
3717,"LAFORZA AUTOMOBILES, INC."
3718,LAGASSE RIDES
3719,LAKE DIESEL INCORPORATED
3720,"LAKE FOREST BUILDERS, INC."
3721,LAKE OF THE OZARKS CUSTOM CYCLE
3722,LAKELAND ENTERPRISES INC
3723,LAKESIDE CHEVROLET CO.
3724,LAKOTA INC
3725,"LAMBERT TRUCK BODY & EQUIP., INC."
3726,LANCASTER AUTOMOBILE SPRING CO. INC
3727,LAND ROVER NORTH AMERICA INC
3728,LANDA INC.
3729,"LANDOLL COMPANY, LLC"
3730,NORTH REPAIR & WELDING
3732,NORTH SOUTH AUTO CONNECTION
3734,"S.M. CHRISTHILF & SON, INC."
3736,S.P.A. ELMA
3737,"QUALITY EQUIPMENT & SUPPLY CO., INC"
3739,QUALITY MANUFACTURING CO.
3740,QUALITY MANUFACTURING CORP.
3741,QUALITY MODULAR STRUCTURE
3742,QUALITY ONE TRAILER SALES
3743,QUALITY PRO TRAILERS
3744,QUALITY SPECIALTY PRODUCTS
3746,MP TRAILER & TRUCK BODIES INC
3748,"MPH INDUSTRIES,INC."
3749,MPIRE INDUSTRIES INC.
3750,MR. TRAILER
3751,MT TRAILERS
3752,MT. PLEASANT MINE SERVICE
3753,"MT. VERNON TRUCK BODY CO., INC."
3754,MTP TRAILERS
3755,SURGI EQUIPMENT CORP.
3756,STEEL PREP LLC
3757,STEEL TECHNOLOGIES
3758,STEEL TRAILERS OF COLORADO
3759,STEEL-TECH INC
3761,STEELFAB; DIVISION OF P. GARAFANO
3762,"STEELWELD EQUIPMENT CO., INC"
3764,"STEFFEN, INC."
3765,REMKOR TRAILER
3766,REMORQUES JMS INC.
3767,RENAISSANCE CARS INC
3769,RENALDO SALES & SERVICE INC.
3772,RENFROEMATICS
3773,RENOLUX PARIS INC
3774,"RENTAL ENTERPRISES, INC."
3775,RESCO EQUIPMENT & SUPPLY CORP.
3776,RESLINK & WIGGERS MOTORS CO.
3777,RETZER'S CUSTOM DESIGN TRAILERS
3778,"REVCON, INCORPORATED"
3780,REWACO-TRIKES LLC
3781,REX CHAINBELT INC.
3784,"REXMONT PRODUCTS, L.L.C."
3785,"REYNOLDS & SON, INC."
3786,REYNOLDS TRUCK BODIES INC.
3787,"RHINO METALS, INC."
3789,RHODES INDUSTRIES INC  DBA  BARCO IND. SUPPLY
3790,"RHS, INC."
3791,RICH'S VACATION COTTAGES
3792,RICHARD GLAVES
3793,RICHARDS AND CLARKER INC
3794,"STONE CONSTRUCTION EQUIPMENT, INC."
3796,"STONE TRUCK EQUIPMENT CO., INC."
3797,STONERIDGE INCORPORATED
3798,STONERIDGE INCORPORATED (POLLAK)
3800,"JOHNIE GREGORY TRUCK BODIES, INC."
3801,"MIDWAY FORD TRUCK CENTER, INC."
3802,MIDWAY INC.
3803,MIDWAY SPECIALTY VEHICLES
3804,MIDWEST EQUIPMENT COMPANY
3805,MIDWEST INDUSTRIES INC
3807,"MIDWEST MOTOR VEHICLES, INC."
3808,MIDWEST SYSTEMS TRUCK EQUIPMENT
3809,"MIDWEST TACK & TRAILER BROKERS, INC"
3810,MIDWEST TRAILERS
3812,"MAXIM, INC."
3813,"MAXON INDUSTRIES, INC"
3815,MAXWELL ENTERPRISES
3816,MAXWELL TRUCK EQUIPMENT SERVICE
3817,MAY MANUFACTURING & DIST CORP
3818,"KARL KOEFOED BODY MFG., CORP."
3819,"KARLE CARRIAGE WORKS, INC."
3820,"KASEA MOTORSPORTS, INC."
3821,KAUFMAN TRAILERS
3822,"BRIAN'S WELDING & FABRICATION, INC."
3824,"VIP CUSTOM COACH, INC."
3825,"M P D TRAILER MANUFACTURING, INC."
3826,M&C EQUIPMENT SALES INC.
3828,M&H TRAILERS INC.
3829,M & L INDUSTRIES INC
3831,M&M MINI STORAGE & TRAILER'S
3832,M&W FABRICATING INC
3833,"M-B COMPANIES, INC. OF WISCONSIN"
3834,M-B-W INC
3835,"M.D. MODDY & SONS, INC."
3836,"OSW EQUIPMENT & REPAIR, LLC"
3837,NEOPLAN USA CORPORATION
3838,NEOTERIC HOVERCRAFT INC
3839,NEUMANN'S AUTOMOTIVE
3840,NEVADA UTILITY TRAILOR
3841,"NEVLEN COMPANY, INC."
3843,"MANUFACTURERS CERTIFICATES, INC."
3844,MANUFACTURERS RESOURCES INTERNATIONAL
3845,MAP ENTERPRISES INC.
3847,MARATHON EQUIPMENT COMPANY (DEL)
3848,MARBILCAP ENTERPRISES INC.
3849,MARCO TRUCK BODY
3852,MARICOPA COUNTY EQUIPMENT SERVICES
3854,"MARINE MASTER TRAILERS, LLC"
3855,"MARION BODY WORKS, INC."
3856,"MARION WELDING & MACHINE CO., INC."
3857,MARION WHITE SALES & SERVICE INC.
3858,MARK BODY DIVISION
3859,MARK BODY TRUCK & EQUIPMENT INC.
3860,MARK III INDUSTRIES
3863,STROHL CORPORATION
3864,"STRONG BOND MFG., CO."
3865,STRONG MANUFACTURING
3866,STRONGBILT TRUCK BODY CO.
3867,RITE-WAY INC.
3868,RITTER ENTERPRISES INC
3869,"TALON TRAILERS DIVISION OF RIVER PRODUCTS, INC."
3870,"RIVER RUN ENTERPRISES, INC."
3871,"RIVERS BODY FACTORY, INC."
3872,"RIVERS FORD, INC."
3873,RIVERSIDE HITCH & TRAILER
3874,RIVERSIDE TRAILER COMPANY
3875,RIVERVIEW SUPPLY COMPANY
3876,"RIVIERA VANS, INC."
3878,RJK&H INC
3879,RKB INC.
3880,ROACH-RUSSELL INC.
3881,"ROAD CUSTOM VANS, INC."
3882,ROAD EQUIPMENT INC.
3883,ROAD KING TRAILERS INC
3884,"ROAD RESCUE, INC."
3885,ROAD RUNNER TRAILERS MANUFACTURING (1994) LTD
3886,"ROADMASTER INDUSTRIES, INC."
3887,ROADRUNNER MANUFACTURING
3888,ROADRUNNER MFG
3889,"ROADRUNNER VANS, INC."
3890,"ROADSTERTEC USA, INC."
3891,"ROADWAGON, INC."
3892,ROADWORKS MANUFACTURING INC
3893,ROANOKE WELDING CO.
3894,ROB'S INC
3895,ROB'S WELDING & FABRICATION
3896,ROBB TECHNOLOGIES LLC
3897,"ROBCO, INC."
3898,ROBCOL INC. R/C SCOOTERS INC.
3900,ROBERT R TAYLOR ASSOC INC
3901,ROBERTS BODY WORKS
3902,ROBINSON BODY WORK
3903,HEFTY TRAILER MFG. & SALES
3904,MILTON MOTORS
3905,MILWAUKEE BOLER MANUFACTURING CO.
3906,MILWAUKEE IRON
3907,"PUTZMEISTER AMERICA, INC."
3910,"Q C METAL FAB., INC."
3911,QIANJIANG MOTORCYCLES GROUP CORPORATION
3912,"QINGDAO GUOSONG MACHINERY PARTS CO., LTD."
3913,QUAC-QUAC VANS
3914,"QUADRA MFG, INC. DBA QUADRA ENGINEERING"
3915,"QUALICO ENTERPRISES,INC."
3916,"QUALITY BUILDING SYSTEMS, L.L.C."
3917,"QUALITY COACHES, INC."
3918,QUALITY CONCEPTS INC.
3919,QUALITY CONVERSIONS INC.
3920,QUALITY DISCOUNT TRAILERS
3925,PILLING'S F.R.P. INC
3926,MISSION VALLEY FORD TRUCKS
3927,"MISSOURI TANK AND PRESSURE VESSEL, L.L.C."
3928,MISSOURI WHITE TRUCKS INC.
3929,MISTY MEADOW TRAILER SALES
3930,"MITCHELL AND SONS, INC."
3931,CLEARBROOK WELDING & REPAIR CO.
3932,CLEMENT-BRASWELL
3934,FIBA COMPRESSED GAS EQUIPMENT
3935,GREGORY TRUCK BODY COMPANY
3936,GRIFFIN IMPLEMENT AND MILLING CO
3937,GRIFFITH SALES & SERVICE
3938,CLINTON TRUCK & TRACTOR CO. INC.
3939,"CLINTONVILLE FIRE APPARATUS, INC."
3940,CLOUGH EQUIPMENT
3941,CLOUGH EQUIPMENT COMPANY
3943,"CONTRACT MANUFACTURER, LLC"
3944,"CMI/CHAMPION MANUFACTURING, INC."
3945,"CMMC MACHINE, INC."
3946,"CMS WELDING, INC."
3947,"CMT MANUFACTURING, INC."
3948,"CN POWER SYSTEMS, INC."
3949,"CO-TEM, INC."
3950,COACH AND EQUIPMENT MFG. CORP.
3952,COACH & EQUIPMENT SALES CORPORATION
3953,"COACH HOUSE, INC."
3955,COACHCRAFT INDUSTRIES CORPORATION
3956,"COACHCRAFT TECHNOLOGIES, LLC"
3957,"ELLIOTT EQUIPMENT COMPANY, INC."
3958,"ELLIOTT MACHINE WORKS, INC."
3959,ELLIOTT MOBILE HOMES MFG. CO.
3960,ELLIS & WATTS
3961,"ELLIS INDUSTRIES, INCORPORTED"
3962,ELLIS MANUFACTURING INC
3963,"ELMCO, INC."
3964,ELTON'S INC.
3965,ELYS INC.
3966,EMB INCORPORATED
3967,"EMERSON TRAILERS, INC."
3968,"SIMARD SUSPENSIONS, INC."
3969,"C JONES, INC. dba QUICAMP TRAILER"
3970,QUICK SILVER CUSTOM TRAILERS
3971,"QUICKSILVER CUSTOM TRAILERS, INC."
3972,"QUIGLEY MOTOR COMPANY, INC."
3973,QWS TRAILER INC
3974,R & B INDUSTRIES
3975,R & D TRAILER AND EQUIPMENT SALES
3976,R & J CUSTOM TRAILERS & WELDING
3977,R & J TRAILERS
3978,R & R CUSTOM TRAILERS & PARTS INC
3979,R & R ENTERPRISES
3980,R & R TRUCK AND TRAILER
3981,R & R WELDING
3982,"R "" 2"" LTD"
3983,R.J. COX CO
3986,R V TOTE INC
3987,R&B FABRICATION
3988,R & D DESIGN AND FABRICATION
3992,JOHN'S WOODWORK & METAL WORKS
3993,"JOHNSON ASSOCIATES, INC."
3994,JOHNSON DISTRIBUTING INC.
3995,JOHNSON ENGINE AND AIR CONDITIONING
3997,JOHNSON FARM MACHINERY COMPANY INC
3998,JOHNSON FIXIT & TRAILER SALES
3999,JOHNSON POWER LIFTS
4001,"JOHNSON TOOL AND DIE, INC."
4002,JOHNSON TRUCK BODIES
4003,TRIPLE J ENTERPRISES
4004,TRIPLE M MANUFACTURING
4005,TRIPLE R
4007,TRIPLE-C TRAILERS LLC
4008,CA ENGINEERING
4009,CABANA COACH CORPORATION
4010,CABIN CRAFT INC
4012,CABINS IN THE MOUNTAINS LLC
4013,"CABLE PULLING EQUIPMENT, INC."
4016,CACTUS METAL WORKS
4018,CAJUN GEAR
4019,CAJUN TRAILER AND FARM MFG.
4020,"CAL TRAILER, MFG"
4021,CAL TRANS (CALIFORNIA DEPT. OF TRANSPORTATION)
4023,CALAVAR CORPORATION
4024,CALAVERAS MFG. INC.
4025,CALHOUN AUTO PARTS CO.
4026,CALICO TRAILER MFG. CO.
4027,CALIFORNIA CAMPER MANUFACTURING
4028,CALIFORNIA COMFORT VANS
4030,CALIFORNIA LIVE FLOORS INC.
4031,CALIFORNIA MENS COLONY
4032,CALIFORNIA METAL WORKS
4033,CALIFORNIA TRUCK & BODY
4034,CALIFORNIA TRUCK EQUIPMENT COMPANY
4035,"CALIFORNIA TRUCK EQUIPMENT, INC"
4036,CALKINS FARM MACHINERY
4037,CALKINS MANUFACTURING CO AKA CALKINS FARM MACHINRY
4038,"CALLAHAN ENGINEERING COMPANY, INC."
4039,"CALLAHAN MOTOR COMPANY, INC."
4040,CALLEN CAMPERS
4041,TERRY'S TRAILERS INC
4042,TESI LEASING INC
4043,TEX WILLET CO.
4044,TEX-MEX TRAILERS
4045,TEX-NEX TRAILERS
4046,"TEXARKANA WHITE TRUCK SALES, INC."
4047,TEXAS BEST TRAILER SALES & SERVICE
4048,LANDRY'S WELDING & TRAILERS INC
4049,LANDS DESIGN CORPORATION
4050,"LANGE INDUSTRIES, INC."
4052,NARTRON CORPORATION
4053,NAS MANUFACTURING INC
4054,"NASATKA BARRIER, INC."
4055,NASH CAR ALUMINUM TRAILERS
4056,"NASSAU SUFFOLK WHITE TRUCKS, INC."
4057,"NATIONAL AMBULANCE BUILDERS, INC"
4058,"NATIONAL AMBULANCE BUILDERS, INC."
4059,NATIONAL COACH CORPORATION
4061,"NATIONAL COACH ENGINEERING, LTD."
4062,NATIONAL COACH INC.
4063,MOBILIFT INC
4064,"MOBILITY NEEDS, INC."
4065,MOBILITY SOLUTIONS LLC DBA TAILGATOR TRAILERS
4066,MOBILITY WORKS
4067,MOBILUX CORPORATION
4068,"MOBLEY TRAILER & EQUIP., SER., INC."
4069,MOBRIDGE MANUFACTURING
4071,"LIBERTY HOMES, INC."
4072,LIBERTY INDUSTRIES
4073,LIFE LINE EMERGENCY VEHICLES INC
4074,LIFELINE SHELTER SYSTEMS INC
4075,CHAMPION CORPORATION
4077,"CHAMPION TRAILERS COMPANY, LP"
4078,"CHAMPION VANS, INC."
4079,CHANCE COACH INC.
4080,CHANGZHOU NANXIASHU TOOL FACTORY
4081,CHAR-KAN SALES
4082,CHARIOT VAN INC
4083,"CHARIOT VANS, INC."
4084,CHARLES CASEY (DBA CHUCK'S TRAILER
4086,CHARIOT EAGLE WEST
4087,CHART STORAGE SYSTEMS
4088,"CHAS. OLSON & SONS, INC."
4089,"CHASE INDUSTRIES, INC."
4090,CHASTAIN INTERNATIONAL INC.
4091,CHATHAM ENTERPRISES
4092,CHEATERBOX DUMPING SYSTEMS
4093,CHECKER MOTORS CORPORATION
4094,CHEETAH CHASSIS CORPORATION
4095,CHEIF TRAILERS INC
4096,CLEVELAND AVE. TRAILER SALES
4098,GEMINI AUTO & TRAILER INC
4099,GENE'S VAN CONVERSION COMPANY
4100,GENE'S VANS CONVERSION COMPANY
4101,GENERAC POWER SYSTEMS INC
4102,"CENTRAL WISCONSIN BODY & HOIST, INC"
4104,MEDTEC AMBULANCE CORPORATION
4105,KIT MANUFACTURING COMPANY
4107,KLASSIC MANUFACTURING COMPANY
4108,KLEESPIE TANK
4110,"KLIPPING KING, INC."
4111,KLUTE METAL PRODUCTS
4120,KNIGHT MANUFACTURING CORPORATION
4121,KNIGHT OIL EQUIPMENT
4122,KNIGHT'S DRAGON SERVICE
4123,"KNIGHTS KARGO, INC."
4124,"KNOB CREEK MOTOR COACH, INC."
4125,"KNOX WHITE TRUCKS, INC."
4126,"KNUCKLEHEAD POWER USA, INC."
4127,"KODIAK ALUMINUM MFG., INC"
4128,KODIAK MANFACTURING
4129,KODIAK MOTORCYCLE MANUFACTURING CO  INC
4130,KODIAK MOTORCYCLE MANUFACTURING CO. INC
4131,KOEBRICK WELDING
4132,KOESTER'S MACHINE SHOP
4133,KOHLHAAS TANK & EQUIPMENT COMPANY
4134,KOIS BROTHERS EQUIPMENT CO
4135,"KOITO MANUFACTURING CO., LTD."
4136,"MOBILE FREEZE COMPANY, INC."
4137,"MOBILE COMMAND CENTER, INC."
4138,MOBILE CONVERSIONS INC
4139,R&J INDUSTRIES PLUS INC
4140,R & K PRECISION GRIND
4141,R&R MANUFACTURING
4142,"R&R TRAILER SALES & PARTS "
4143,R&S-GOWIN TRUCK BODY CO. LLC
4144,RB MANUFACTURING LLC
4145,TOM'S HYDRAULIC SUPPLY
4146,TOM'S SALES AND SERVICE
4147,TOMAHAWK FABRICATING
4148,TOMARK EQUIPMENT INC.
4149,TOMCO CONVERSATIONS INC
4150,TONKAWA TRAILERS & STEEL FABRICATOR
4151,TONY FOWLER USED CARS
4152,"TOOL SALES & SERVICE, INC."
4153,LORAIN MOTOR COACH
4154,"LOS LOBOS MINI CHOPPERS, LLC"
4156,LTV MISSLES AND ELECTRONICS GROUP
4157,LUBBOCK REMONT
4159,LUCAS TRAILERS
4160,"LUCKEY OIL EQUIPMENT, INC."
4161,LUCKY DEVIL METAL WORKS
4162,"LUCKY'S TRAILER SALES, INC."
4163,LUGO MANUFACTURING INC.
4165,LA HASS CORPORATION
4166,LA WEST INC.
4167,"LA WORKS TRADING U.S.A., INC."
4168,"LABEAU BROS., INC."
4169,"LACROSSE ENTERPRISES, INC."
4170,LUXURY MOTORS INC.
4171,LW WELDING
4172,LYCO MANUFACTURING
4173,LYNCH DIVERSIFIED VEHICLES
4174,LYNN WELDING SHOP
4175,LYONS MACHINERY COMPANY
4176,"M & J TRAILERS UNLIMITED, INC."
4177,M & L RACING ENTERPRISES
4178,M & M DEVELOPMENT LTD.
4179,M & M TRAILER MFG.
4180,"M & M TRAILER MFG., INC."
4181,M & W FABRICATING INC.
4182,M & W FIRE APARATUS INC.
4183,M & W FIRE APPARATUS INC.
4184,"M & W TRAILERS, INC."
4185,M A N NUTZFAHRZEUGE GMBH
4186,MAUCK SPECIAL VEHICLES INC
4187,MAX-ATLAS EQUIPMENT INTERNATIONAL INC.
4188,"MAXEY INCORPORATED "
4189,MAXEY TRAILERS
4192,MAXI PRODUCTS CO. INC.
4193,MANHATTAN INDUSTRIES INC.
4194,"MANITEX, INC."
4195,MANITOWOC CRANES INC
4196,"MANITOWOC SOUTHEASTERN, INC."
4197,MANN MADE PRODUCTS INC.
4198,MANNING EQUIPMENT INC.
4199,MANNING MARINE
4200,"MANORETTE RV, INC."
4201,MANSFIELD STRUCTURAL & ERECTING COMPANY
4202,"TRUCK WORLD, INC."
4203,"TRUCK-LITE CO., INC."
4204,"TRUCK-MATE VANS, INC."
4205,"TRUCK/TRAILER EQUIPMENT, INC."
4206,"TRUCKER EQUIPMENT, INC."
4207,TRUCKERS EQUIPMENT INC.
4208,TRUCKERS MANUFACTURING COMPANY
4209,TRUCKING EQUIPMENT CO. OF MACON FNC
4210,"TRUCKS OF TEXAS, INC."
4211,TRUCKWELD EQUIPMENT CO.
4213,"TRUE TEC, INCORPORATED"
4214,TRUE-PORT INC.
4215,TRUFMAKER CORP.
4216,TRUK-MATE VANS INC
4218,"TRUX, INC."
4220,TSE INTERNATIONAL INC
4221,"TUBE SYSTEMS, LLC"
4222,TUCSON DIESEL INC.
4223,TUFF BUILT TRAILERS OF OKLAHOMA
4224,CODY LANDON
4225,TUFF MFG.
4226,JA-MAR MFG. INC.
4227,"JAC MILWAUKEE, LTD."
4228,JACK SOSENKO TRAILERS
4229,JACKSON TRUCK & TRACTOR CO.
4230,JACKSON'S WHITE TRUCK SALES & SER.
4231,JACKSONVILLE TIRE & AUTOMOTIVE
4232,JACOB BRENNER COMPANY
4233,JACOBS EQUIPMENT CO.
4234,JACOBS WELDING SERVICE
4235,JACOBSEN TRAILER INC
4236,"AGWAY, INC.(WAYMARK DEPT.)"
4237,ELECTRICAL TESTING LABORATORIES INC
4238,ELETE TRAILER CO.
4239,"ELGIN ENTERPRISES, INC."
4240,ELGIN SWEEPER COmpany
4242,ELI BRIDGE COMPANY
4243,ELITE TRAILER MANUFACTURING LLC
4244,"ELITE TRAILERS, INC."
4245,"ELITE TRAILERS, INCORPORATED"
4246,"ELKHART TRUCK & BODY, INC."
4248,HARLEY CORP. DIV OF MTC
4249,HARLEY-DAVIDSON MOTOR COMPANY
4251,"HARMAR , INC."
4252,HARMON TANK CO  INC
4253,HAROLD G. ANDERSON EQUIPMENT CORP.
4254,HARPER SALES
4255,HARRELL PERFORMANCE ENGINEERING
4256,HARRISBURG TRUCK BODY COMPANY
4257,HARRISBURG WHITE TRUCK CO.
4258,HART DESIGNS
4259,HART MACHINE & MANUFACTURING CO.
4260,HART MFG. INC.
4261,HART STEEL COMPANY
4262,"HARTLAND FMC CONVERSIONS, INC."
4263,"HARTMAN WHITE TRUCKS, INC."
4264,"MILLENNIUM CYCLES, INC. "
4265,COLEMAN CUSTOM CHOPPERS
4266,"CIRCLE CITY CHOPPERS, LLC"
4267,WESTBURY HANDCRAFTED MOTORCYCLES
4268,"BRASS KNUCKLE CHOPPERS, INC."
4269,KNIGHTHAULERS MFG. LLC
4270,FALCON ASPHALT REPAIR EQUIPMENT
4271,"ZHEJIANG BEST INDUSTRY CO., LTD."
4272,CIRCLE TRUCK CENTER
4273,SPEED MOTORSPORTS LLC
4274,"BEIJING NORTH HUADE NEOPLAN BUS CO., LTD."
4275,STEPP EQUIPMENT
4276,TUFF TRAILER USA INC.
4277,"DREWS IRONWORKS, INC."
4278,"EFX CHOPPERS, LLC"
4279,"CHALLENGER TRAILERS, LLC"
4280,"A+ NORTH AURORA AUTO BODY & PAINT "
4281,SJ PARK MODELS LLC
4282,MUSTANG HORSE TRAILERS
4283,ELPERS TRUCK EQUIPMENT
4284,"KEYSTONE VENDING CART CO., INC."
4285,"TORTURED STEEL CHOPPERS, INC."
4286,UNICOR FEDERAL PRISON INDUSTRIES
4287,EAGLE TRAILER MFG.
4288,"KOBO CO., LTD"
4290,"MEMPHIS WHITE TRUCKS, INC."
4291,MENNE NURSERY
4292,MENTO MOTOR SALES
4295,MERESS ENTERPRISES INC
4296,"PLAY PEN PRODUCTS, INC."
4297,"PLAY-MOR TRAILERS, INC."
4298,SOMERSET WELDING & STEEL INC.
4299,"SOONER CONSTRUCTION EQUIP., AND SER"
4300,"SOONER TRAILER MFG. CO., INC."
4301,"KING KUTTER II, INC."
4302,SHADDO INTERNATIONAL
4303,"SHADE EQUIIPMET COMPANY, INC."
4304,"SHADE EQUIPMENT CO.,INC."
4309,PINE HILL TRAILERS INC
4310,PINE RIDGE INC
4312,PINES TRAILER LIMITED PARTNERSHIP
4313,PINNACLE BUILDING SYSTEMS CORP.
4315,"PIONEER MATERIALS CO., INC."
4316,"PIONEER TRAILERS, INC"
4317,PITTS ENGINEERING WORKS
4318,BAYER TRAILERS
4319,BAYERISCHE MOTOREN WERKE AG
4320,"BAYKAT MANUFACTURING, INC."
4321,BAYOU-KING TRUCK BODY & TRAILER CO
4322,BAYWOOD TRUCK & EQUIPMENT CO.
4323,GEM CITY IRON WORKS
4324,GEM MAUNFACTURING
4325,"INDUSTRIAL SERVICES CENTER, INC."
4326,INDUSTRIAL STUDS INC
4327,INDUSTRIAL TRUCK BODY CORPORATION
4328,"INDUSTRIAL WHEEL EXCHANGE, INC."
4330,INFINITY TRAILER SALES
4331,INGENIERIA EN TRANSFORMACIONES METALICAS
4332,INGERSOLL RAND COMPANY
4333,DIANEM COMPANY
4334,DICK CONDON
4335,"DICK TRACY, INC."
4336,"DICK'S WELDING, INC."
4338,"DICKIRSON-DAVIS, INC."
4339,"Dico Trailer, Inc."
4340,DICO COMPANY INCORPORATED
4341,"DIEDRICH DRILL, INC."
4343,"DESSCO DIESEL ELECTRIC SERVICE & SUPPLY CO., INC."
4344,GENERAL EQUIPMENT COMPANY
4345,"GENERAL GMC TRUCKS, INC."
4346,"GENERAL GMC, INC."
4347,"GENERAL ILLINOIS WHITE TRUCKS, INC."
4348,GENERAL MACHINE PRODUCTS (KT) LLC.
4351,"GENERAL PURPOSE VEHICLES, INC."
4352,GENERAL RICH ENTERPRISES LLC EVO-NTS TRL.
4353,GENERAL SAFETY EQUIPMENT CORP.
4354,"GENERAL SHELTERS OF KENEDY, TX LTD"
4355,MONARCH TRAILERS
4356,MONMOUTH TRUCK EQUIPMENT ACQUISITION LLC
4357,"MONOGRAM CONVERSIONS, INC."
4358,"MONON TRAILER, INC."
4359,MONROE  MACHINE WELDING INC.
4360,STRATOS BOATS INC
4362,STREAM INDUSTRIES INC
4365,STREETWIZE
4366,STRETCH CHASIS INTERNATIONAL
4368,"THE SHYFT GROUP, INC."
4369,SPARTON MANUFACTURING CO.
4370,"R.M. JOHNSON COMPANY, INC."
4371,"R.O. PRODUCTS, INC."
4372,"R.V. SEAMAN COMPANY, INC."
4373,"R.W. MCCOLLUM CO., INC."
4374,"R/L INDUSTRIES, INC."
4375,R/S TRUCK BODY CO.
4378,R4 WELDING
4379,"RACE RIGS & TRAILERS, L.L.C."
4380,"RACE-TECH TRAILERS, INC "
4381,RACEMASTER ENGINEERING
4382,"RACKLEY BILT CUSTOM TRAILERS, INC."
4383,RAFTERY'S  GARAGE INC.
4384,RAGLAN INDUSTRIES INC
4385,RAINBOW INDUSTRIES
4387,RAINBOW VANS
4388,"RAINBOW VANS, INC."
4389,"RAINBOW WELDING AND SERVICES, INC."
4390,RAINIER ENTERPRISES
4391,"RAINIER HYDRAULICS, INC."
4392,RALEIGH SPRING & BRAKE SERVICE INC.
4393,"3T EQUIPMENT CO, INC."
4394,4 STAR FABRICATION
4395,"4-STAR TRAILERS, INC."
4397,4D TRAILER
4398,"4X4 TRAILERS, LTD."
4400,A & B INDUSTRIES
4401,A & D TRAILERS
4402,A & F TRAILER MFG INC
4403,A & H EQUIPMENT COMPANY
4404,"A & J VANS, INC. "
4405,A & M TRUCK CENTER CORPORATION
4406,A & R CUSTOm TRAILERS
4407,A & W COACHWORKS
4408,A & W TRAILOR MANUFACTURE
4409,A + MEDICAL
4410,"ISLAND SERVICES INC. DBA A-1 HITCH AND TRAILER SALES "
4412,A COMPLETE ASSEMBLY
4413,A R T  DESIGNS INC.
4414,A TEAM TRAILERS LTD
4416,A&A TRUCK EQUIPMENT
4419,A-1 TRUCK REPAIR LLC
4420,A-OK TRAILERS
4421,A-PLUS CUSTOM TRAILERS
4422,A. B. CHANCE COMPANY PITMAN MFG.
4423,A. B. SCARLETT GMC TRUCKS INC.
4425,"HAUL-MOR, INC."
4426,"SPECIALTY TRUCK PARTS, INC."
4427,"SPECIALTY WELDING "
4428,SPECIALZED TRAILERS
4429,SPECTRAC SUSPENSION CENTERS INC
4430,SPEEDSTER MOTORCARS
4431,SPEEDY BLEACHER CORP
4432,"SPI MANUFACTURING, INC."
4434,SPLASH MARINE LLC
4436,SPORT BOATS
4437,SPORTLINE MFG. CO.
4438,"SPORTRUNNER TRAILERS, LLC"
4439,SPORTSCOACH CORPORATION OF AMERICA
4440,SPORTSCOACH OF CALIFORNIA
4441,"TRUCK EQUIPMENT & SERVICE CO., INC."
4442,TRUCK EQUIPMENT BOSTON INC
4443,"TRUCK EQUIPMENT CO., SUBSIDIARY OF"
4444,MCLAUGHLIN REFUSE EQUIPMENT
4445,"MCLEAN RENTALS, INC."
4446,"MCLELLAN EQUIPMENT, INC."
4448,MCM COMPANY
4449,MCNEIL HEAVY DUTY FRAME & AXLE
4450,"MCNEILUS TRUCK AND MANUFACTURING, INC."
4451,MCPHEETERS MACHINE PRODUCTS INC.
4452,"MCT INDUSTRIES, INC."
4453,"ME-TWO MANUFACTURING, LLC"
4455,"METRO TANK & STEEL, INC."
4456,"METRO TRUCK BODY, INC."
4457,METROTRANS CORPORATION
4458,METS WELDING
4459,"MEYER BODY COMPANY, INC."
4460,MEYER INDUSTRIES
4461,MGS INCORPORATED
4462,AMERICAN BODY & EQUIPMENT CO.
4463,AMERICAN BODY & EQUIPMENT COMPANY
4464,"AMERICAN BODY CO., INC."
4465,"AMERICAN COACH, INC."
4466,AMERICAN COMMERCIAL TRUCK INC
4467,AMERICAN CUSTOM VANS
4468,AMERICAN DOZER INC.
4469,AMERICAN EAGLE TRAILERS INC
4470,"AMERICAN EQUIPMENT & TRAILER, INC"
4471,AMERICAN HOMESTAR CORPORATION
4473,"AMERICAN INTERNATIONAL CONVERSIONS, INC"
4475,"AMERICAN IRONHORSE MOTORCYCLE COMPANY, INC."
4476,AMERICAN LAFRANCE
4477,AMERICAN LUXURY COACH
4478,AMERICAN MOTORCYCLE CORP
4479,AMERICAN MOTORS CORP.
4480,AMERICAN OIL COMPANY
4482,AMERICAN PERFORMANCE CYCLE MOTOR COMPANY
4483,AMERICAN QUANTUM CYCLES
4484,BBC RV INC
4485,BC MANUFACTURING INC.
4486,BCA FABRICATION LLC
4487,R.B. EVERETT & COMPANY CONSTRUCTION
4488,R.E. DIETZ COMPANY
4489,R.E. PRESCOTT CO. INC
4491,R.G. SMTIH EQUIPMENT CO.
4492,R.M. HOLLINGSHEAD CORPORATION
4493,NATIONAL TOWING AND SERVICE
4494,NATIONAL TRAILER SALES
4499,"NATIONS WELDING SERVICE, INC."
4500,NATURAL GAS VEHICLE TECHNOLOGY CENT
4501,"NAVIGATOR ALUMINUM BOAT TRAILERS, I"
4502,NAVISTAR INTERNATIONAL CORPORATION
4503,NAVISTAR INTERNATIONAL TRANS CORP
4504,NBC TRUICK EQUIPMENT
4506,NEA
4507,NEAL MANUFACTURING COMPANY INC
4508,"NEAL'S TECHNOLOGY, INC."
4509,"NEBRASKA WHITE TRUCKS, INC."
4510,NEDLAND INDUSTRIES INC.
4511,"NEEL FIRE PROTECTION APPARATUS, INC."
4512,NEEL'S UTILITY TRAILER MFG
4514,NEIGHBORHOOD ELECTRIC VEHICLE aka NEVCO
4515,NEIGHBORHOOD ELECTRIC VEHICLE COMPANY aka NEVCO
4516,NEIL'S AUTOMOTIVE SERVICE INC.
4517,NEISS BODY & EQUIPMENT CORP.
4518,ROBISON MANUFACTURING
4519,"AL TUCKER TRAILERS,INC."
4520,AL-JON MANUFACTURING LLC
4521,CANNONDALE CORPORATION
4522,"CANTAB MOTORS, LTD."
4523,CAPACITY OF TEXAS
4526,CAPITOL DODGE TRUCK CENTER
4527,CAPITOL WHITE TRUCK COMPANY
4528,CAPRICE VANS CONVERSIONS & ACCESSORIES INC
4529,"CAR SEAT SPECIALTY, INC., SUB OF TEAM TEX."
4530,CAR TWIN TRAILERS INC
4531,"CARBO TECH, INC."
4532,CARDER'S CUSTOM CYCLES
4533,CARDINAL AUTOMOTIVE INC
4534,CARDINAL MANUFACTURING COMPANY
4535,"CARDINAL TRAILERS DIV OF CAROLINA CARPORTS, INC."
4536,"CARE CONCEPTS, INC."
4537,CAREFREE CUSTOM CYCLES
4538,CARGEM CORP.
4539,CARGO AMERICA
4540,"CARGO CRAFT ,INC."
4541,"CARGO KING MANUFACTURING, INC."
4542,"CARGO PRO, INC."
4544,"CARGO-LINER, INC"
4545,CARLEY MANUFACTURING COMPANY
4546,"CARLIN MANUFACTURING, INC."
4548,"ARMSTRONG TRAILER MANUFACTURING CO., INC."
4549,ARMSTRONG TRAILERS
4551,ARNOLD MACHINERY CO.
4552,"ARNOLD MACHINERY CO., INC."
4553,ARO SA
4554,ARROW TRAILER & EQUIPMENT CO.
4556,ARROWHEAD EQUIPMENT CO.
4557,"ARROWHEAD EQUIPMENT, INC."
4558,ARROWHEAD TRAILERS
4559,ARROWHEAD TRAILER MFG INC
4560,"ART DESIGNS, INC."
4561,ART'S PORTABLE WELDING
4562,"ARTMAN VALERO MFG., INC."
4564,"GENERAL WELDING & MACHINE CO., INC."
4567,GENEVA SVS INCORPORATED
4568,BEACH CITY MOTORCYCLES INC.
4569,BEACH KING INC
4570,BEAJAY
4571,"BEALL MANUFACTURING, INC."
4572,"BEALL EQUIPMENT CORP., OF COLORADO"
4573,"BEAM MACK SALES & SERVICE, INC."
4574,"BEAM TRAILER MANUFACTURING, INC."
4575,"BEAN & CONQUEST, INC."
4576,BEAR RIVER TRAILERS LLC
4577,CHRYSLER CORPORATION
4581,CHUCK WAGON INDUSTRIES
4582,CHUPP & SONS CONVERSIONS INC.
4583,"CHUPP & SONS CONVERSIONS, INC."
4585,CHURNEYS' BODYWORKS INC.
4586,CIBIE PROJECTEURS
4589,CIRCLE G. TRAILERS
4590,"CIRCLE H TRAILERS, INC."
4591,BISON MANUFACTURING LLC
4592,BIVOUAC COMMERCIAL VEHICLES
4593,BK DEVELOPMENT LTD
4594,BKC WELDING& TRAILER CO
4595,"BLACK DIAMOND EQUIPMENT, INC."
4596,GOLDEN NUGGET DIVISION OF GOLDEN
4597,CIRCLE R Manufacturer and Sales
4598,CISCO INC. TRUCK DIVISION
4599,"CITY MACHINE & WELDING, INC."
4600,"ECONOLINE TRAILERS, INC."
4601,"ECONOMY BODY BUILDERS, INC."
4602,ECONOMY MANUFACTURING COMPANY
4603,ECONOMY MOTORS INC.
4604,POCKLINGTON COACHWORKS LIMITED
4605,POLAR KING INTERNATIONAL INC
4608,POLK'S FARM & FAB
4609,"PREMIER INDUSTRIES, INC "
4610,PRESITGE MOTORCOACH CORPORATION
4611,"PRICE DESIGNS, INC."
4613,PRIME TRAILER PRODUCTS INC
4614,"PRINCIPAL MOTOR COACH, INC."
4615,MORGAN MACHINE CO.
4617,MORGAN TRAILER MFG. COMPANY
4618,MORITZ INTERNATIONAL INC.
4619,MOROCCO WELDING
4620,JAY'S INC.
4622,"JAYNES & COMPANY, INC."
4623,JAYRON FABRICATION LLC
4624,"BURNUP EQUIPMENT COMPANY, INC."
4625,BURR BUILT CUSTOMS DBA CYCLE PERFORMANCE
4626,"BURRO TRAVEL TRAILERS, LLC"
4627,BURRUS ENGINE & BODY
4628,BUS & TRUCK SUPPLY CO.
4629,"BUS ANDREWS EQUIP., SALES & SER.INC"
4632,BUSHMASTER OF MEXICO S.A. DE C.V.
4633,BUSHWAKKA AFRICA CC
4634,BUTLER TRAILER SALES
4635,BUTTERWORTH MOTOR CO.
4637,"BYRON JACKSON SERVICE EQUIP., CO."
4638,"C & C TRAILER & BODY CO., INC."
4639,C & C WELDING
4640,C & F MACHINE WORKS INC.
4641,C & G CORP.
4642,"C & H QUALITY TRAILER SALES, LLC."
4643,"C & H TRAILERS, INC."
4644,C & M TRAILERS
4645,"C & S PLATING & BUMPER RECYCLING, INC."
4646,"C & W TRUCK & EQUIPMENT CO., INC."
4647,C E SMITH COMPANY INC
4648,C TRAIL TRAILER
4649,"C & C DISTRIBUTORS, INC."
4650,"CONTEMPO CAMPERS, INC."
4651,CONTEMPO VANS
4652,CONTEMPORARY COACH CORPORATION
4653,"CONTINENTAL COACH,INC."
4655,CONTINENTAL COACH CORPORATION
4656,"CONTINENTAL TRUCK INDUSTRIES, INC."
4657,CONTINENTAL VAN & TRUCK CONVERSIONS
4661,A.A. TRAILER
4662,A.B. CHANCE COMPANY
4663,"A.B.C. INDUSTRIES, INC."
4664,A.B.E. CORPORATION
4665,"A.C.T. VEHICLE, EQUIPMENT, INC."
4666,A.D.I. MANUFACTURING
4667,"A.J. WALL COMPANY, INC."
4668,A.T. BABB & SON
4670,"CONVERTO MFG. CO., INC."
4671,CONWELL SMITH COMPANY
4672,"CONYERS WELDING AND MACHINE, INC"
4673,"COOK BODY COMPANY, INCORPORATED"
4674,COOKE'S TRAILER MFG.
4675,COOL CARRIERS CUSTOM TRAILERS
4676,COONS MANUFACTURING INC.
4677,COOPER EQUIPMENT INC
4678,COPE TRUCK BODY AND TRAILER CORP.
4681,CORKY'S TRUCK & EQUIPMENT INC.
4682,"CORLEY-WETSEL WHITE TRUCK, INC."
4684,"CORMETAL OF USA, INC."
4685,"CORPAC INDUSTRIES, INC."
4686,"CORTS TRUCK EQUIPMENT, INC."
4687,FATT HOGG FRAMES
4688,JOSEPH FAZEKAS
4689,DBAT TRAILER SALES & SERVICE
4690,DBR SYSTEMS LLC
4691,"DE TOMASO AUTOMOBILES, LTD."
4692,DEALER CHOICE LLC
4693,"DEALER TRUCKSTELL SALES, INC."
4694,DEALERS BODY AND EQUIPMENT CO.
4695,DEALERS TRUCK EQUIPMENT INC.
4696,DEBRA H MORGAN COMPANY
4697,"DEBRIS SYSTEMS PLUS, LLC"
4698,DEBUT AUTOMOTIVE DESIGN INC.
4699,"DEBUT AUTOMOTIVE DESIGN, INC."
4700,DECEW CARPENTRY CONTRACTING (Custom Cottages)
4701,DECKER TANK COMPANY
4702,"DEJANA TRUCK AND UTILITY EQUIPMENT COMPANY LLC "
4704,DEL CORPORATION
4705,DELAWARE AMERICAN MOTORS LLC
4706,"DELMARVA AUTO SUPPLY CO., INC."
4707,DELPHI AUTOMOTIVE SYSTEMS INC.
4708,DELTA INDUSTRIES INC.
4709,DELTA METALS FABRICATING
4710,DELTA SCIENTIFIC CORPORATION
4711,"DELTA TRUCK TRAILER CO., INC."
4712,"DELTA-WASECA, INC."
4713,"DELTEQUIP, INC"
4714,DELUXE WELDING INC.
4715,G-FAB INC
4716,G. PAOLETTI CO.
4718,"G.M.C. QUALITY TRUCKS, INC."
4719,"G.M.F. INDUSTRIES, INC."
4720,CARRIAGE INC.
4722,CARRON TRUCK REPAIR LTD
4724,SUNSET TRAILER MFG. INC
4725,SUNSHINE TRUCK & EQUIPMENT
4726,"SUPER CITY MFG. CO., INC."
4728,SUPER VACUUM MFG. CO. INC.
4729,SUPER X PRODUCTS INC.
4730,CARROCERIAS PRECONSTRUIDAS S A (Magnabus SA de CV)
4731,SUPERIOR ALUMINUM BODY CORP.
4732,SUPERIOR AUTO INC.
4734,SUPERIOR COACHES
4736,SUPERIOR EQUIPMENT COMPANY
4738,SUPERIOR MFG. INC
4740,"SUPERIOR SPRING & MFG. CO., INC."
4741,"SUPERIOR SPRING & MFG. CO., INCORPORATED"
4742,SUPERIOR TRAILER INC.
4743,MOBILE MANUFACTURING CO.
4744,MOBILE MEDICAL INNOVATIONS
4745,"MOBILE MEDICAL, INC."
4746,MOBILE SCOUT MANUFACTURING CORP.
4747,"MOBILE SYSTEMS, LLC"
4748,MOBILE TECH
4749,"MOBILE TRAILERS, INC."
4750,"MOBILE TRAVELER, INC."
4751,"MOBILE WHITE AUTOCAR CO., INC."
4752,MOORE CORPORATION
4753,MOORE EQUIPMENT INC
4754,MOORE MARINE MARKETING INC
4755,MOORMAN'S INC.
4756,"MORBARK, LLC"
4759,MORGAN BUILT INC
4760,MORGAN CORPORATION
4761,LAURINBURG MACHINE CO.
4762,"FLEETWOOD MOTOR HOMES OF IN,INC.#44"
4763,"FLEETWOOD MOTOR HOMES OF PA,INC.#71"
4764,FLEETWOOD TRAVEL TRAILERS OF CA #15
4765,FLEETWOOD TRAVEL TRAILERS OF IN #42
4768,DORCHEAT MANUFACTURING COMPANY
4771,"BERT JENSEN & SONS, INC."
4772,"BERT'S TRUCK EQUIPMENT, INC."
4773,"BES & T, INC."
4774,"BESLER INDUSTRIES, INC."
4775,BEST BET FABRICATION INC
4776,DAVIDSON-KENNEDY COMPANY
4777,DAVIS TRAILER & EQUIPMENT CO.
4778,DAVIS TRANS-LITE
4779,DAVIS TRAILER WORLD LLC
4780,"DAWSON INDUSTRIES, INC."
4781,DAY CRUISER CORPORATION
4784,FREIGHTLINER SPECIALTY VEHICLES INC
4785,FREMONT WHITE TRUCK SALES & SERVICE
4786,"FRIEND'S MOTOR SUPPLY, INC."
4787,STROMCO LLC
4788,"FRONTIER GMC, INC."
4789,"FRONTIER MIDWEST, INC."
4791,FRONTIER TRAILER SALES
4792,"FRONTIER, INC."
4793,FRP TRAILERS
4794,FRUEHAUF CORPORATION
4795,FRY'S WELDING INC
4796,"FT. WORTH WHITE TRUCKS, INC."
4798,IRON WORKS ENTERPRISES INC DBA ALLCO TRAILER MANUFACTURING
4800,"IRON WORKS ENTERPRISES, INC."
4801,"IRONHORSE TRAILERS, L.L.C."
4802,"IRONHORSE TRAILERS, INC."
4803,IRONWORKS MOTORCYCLE COMPANY
4804,IROQUOIS MANUFACTURING COMPANY INC.
4805,ISE RESEARCH CORPORATION
4808,"ISLAND LUXURY VANS, INC."
4810,ITASCA EQUIPMENT CO.
4811,ITB
4812,"ITC, INC."
4813,"ITM V8 TRIKES PRODUCTION, INC."
4815,IVEMSA
4816,IVORY COACH
4817,J & B TRAILERS & EQUIPMENT INC
4818,"J&I MANUFACTURING, INC."
4819,"J & J MARINE SERVICES, INC."
4820,J & J TRAILER SALES MFG. CO.
4821,J & L EQUIPMENT
4822,"J & L TANK, INC."
4823,"J & L'S CARGO EXPRESS, INC."
4824,"ALBIN'S ENTERPRISES, INC."
4825,ALC MANUFACTURING LLC
4826,ALCO EQUIPMENT INC.
4827,ALERCO CORP.
4828,"ALEWINE MOTORS, INC."
4829,"ALEX NICHOLS AGENCY, INC."
4830,ALEX. FEIGELSON COMPANY
4831,"ALEXANDER WELDING AND MFG., CO.,"
4832,ALEXIS FIRE EQUIPMENT COMPANY
4833,"ALFA MOTORHOMES, INC."
4834,ALFA ROMEO S.P.A.
4836,ALISO TRAILERS MFG INC
4837,ALKOTA CLEANING SYSTEMS INC
4838,"ALL AMERICAN MANUFACTURING, INC."
4839,ALL PRO CYCLES
4840,"ALL WHEEL DRIVE EQUIP. MFG., INC"
4841,ALL-IN-ONE PRODUCTS
4844,"ALLEN BOAT COMPANY, INC."
4845,ALLIANCE TRUCK EQUIPMENT CORP.
4846,"ALLIED BODY WORKS, INC."
4847,ALLIED CHEMICAL CORP.
4848,ALLIED TANK TRUCK EQUIPMENT CO.
4849,ALLIED TRUCK EQUIPMENT CO.
4850,ALLIED TRUCK EQUIPMENT CORP.
4851,ALLIED WELDING SERVICES
4852,ALLISON DUMP BODIES & TRAILERS
4853,"ALLMAND BROTHERS, INC"
4854,ALLOY CUSTOM VACUUM PRODUCTS INC
4855,"ALLOY TRAILER, INC"
4856,ALLVAN CORPORATION
4859,ASC INCORPORATED
4860,ASCIMCO INTERNATIONAL INC
4861,FAB TEC INC.
4862,FAB-RITE TRAILER MFG
4864,"FABCO DIVISION, KELSEY-HAYES CO"
4865,"FABCO INDUSTRIES, INC."
4867,FABRI-REMORQUE INC
4868,"FABRICATED ALLOY & BUILDING CO., LLC"
4870,FABTEC INC.
4871,FLEETWOOD TRAVEL TRAILERS OF MD #28
4872,FLEETWOOD TRAVEL TRAILERS OF MD #53
4874,HINTON WHITE TRUCK SALES & SERVICE
4876,HIPOINT TRAILERS USA
4877,HIPPO TRAILER INC.
4878,"HIRDS, INC."
4880,"HITCHCOCK, INC."
4882,CUSTOM VAN CONVERSIONS BY PRATTCO
4883,CUSTOM VANS OF HOUSTON INC
4884,FLINK COMPANY
4885,FLINT TRUCK EQUIPMENT COMPANY
4886,FLORIDA FLEET INC.
4887,FLORIDA SHORES TRUCK CENTER
4888,"FLORIDA TRUCK EQUIPMENT, INC."
4889,"FLORIG EQUIPMENT COMPANY, INC."
4890,"FLORISSANT VAN CENTER, INC."
4891,FLXIBLE SOUTHERN CO.
4892,FLYNN AND LARSEN
4893,FMC CORPORATION
4894,FMC JOHN BEAN DIVISION
4895,FMC MANUFACTURING
4896,"FMG CONVERSIONS, INC."
4897,"FOCUS  INC "
4899,"FOGLEMAN MANUFACTLURING, INC."
4900,"FOLEY-GILL FORD TRUCK SALES, INC."
4901,FONTAINE BODY & HOIST CO.
4902,FONTAINE MODIFICATION COMPANY
4903,ELDORADO NATIONAL (KANSAS) INC
4904,ELECTRIC CAR COMPANY
4906,J&W MANUFACTURING INC
4907,J&D TRAILERS
4908,J&J EQUIPMENT & TRAILER SERVICE
4909,J&L MANUFACTURING
4910,J & R TRIKES
4911,DTS INC
4912,"DTS, INC."
4914,"DUCKWORTH BOAT WORKS, INC."
4915,DUKE ENERGY FLEET SERVICES
4916,DUKE POWER COMPANY
4917,"DUKE TRAILER MANFACTURING, INC."
4918,"DUKES WELDING AND FABRICATION, LLC"
4919,"DUMAS WELDING, INC."
4920,"GOODPASTURE MOTOR COMPANY, INC."
4921,"GOODRICH MANU. CO., INC."
4922,GOODTHUNDER MOTORCYCLE CO.
4923,GORE'S TRAILER MANUFACTURERS INC.
4924,GORHAM FABRICATION INC.
4925,GORILLA VEHICLES
4926,GOSHEN COACH
4928,"GOWANS KNIGHT CO, INC"
4933,GPM GAS SERVICES CO
4934,HYOSUNG MOTORS & MACHINERY INC
4935,HYSTER COMPANY
4937,"I & M BULK EQUIPMENT SALES, INC."
4938,I-85 TRAILER MANUFACTURERS
4939,"I.G. BURTON & CO., INC."
4940,IBS SYSTEMS
4942,"ICE PACIFIC EXPRESS, INC."
4944,"IDAHO TRUCK SPECIALTIES, LLC"
4945,"IDEA VAN CONVERSION, INC."
4946,IDEA VAN CONVERSIONS INC.
4948,"IDEAL INDUSTRIES, INC. "
4949,IDEAL MFG. CO.
4950,"IDEAL QUALITY TRAILERS, LLC"
4951,"IDEAL VANS, INC."
4952,IDULFO AND MICHELLE ZAVALA
4954,J & W TRAILERS
4955,J AND S MANUFACTURING
4956,"J D B ALUMINUM FABRICATING, INC."
4957,"J HELGESON ENTERPRISES, INC."
4958,J L TRAILER MFG.
4959,"COBRA MOTORHOMES & TRAILERS, INC."
4960,COBRA RACING PRODUCTS INC.
4961,"COCHRAN & NICHOLS, INC."
4963,IMC INC.
4964,BLAZE ENTERPRISES INC
4965,BLAZING GLORY
4966,BLAZON MOBILE HOMES CORPORATION
4967,BLISS' TORCH WORKS
4968,BLITZ BODY CORPORATION
4970,"REBEL MANUFACTURING,  LLC"
4971,RECREATIONAL ENTERPRISES CORP.
4973,"CALIFORNIA CUSTOM DESIGN, INC"
4974,"RED EWALD, INC."
4976,RED HOT CUSTOMS.COM
4977,RED RHINO TRAILER MANUFACTURING
4978,RED RIVER
4980,"REDMAN INDUSTRIES, INC."
4981,REDMAN WESTERN CORP.
4982,REDNECK ENGINEERING
4983,REDWOOD KENWORTH COMPANY
4984,REDWOOD METAL WORKS
4985,REED SYSTEMS LTD
4986,REED'S WELDING INC.
4987,"REESE PRODUCTS, INC"
4988,SUPERIOR TRAILER WORKS
4990,TRUCK EQUIPMENT COMPANY
4991,"TRUCK EQUIPMENT COMPANY, INC."
4992,TRUCK EQUIPMENT CORPORATION
4993,"TRUCK EQUIPMENT DIV., OF WARNER"
4994,"TRUCK EQUIPMENT HAWAII, INC."
4995,"TRUCK EQUIPMENT, INC."
4996,TRUCK EQUIPMENT SALES COMPANY
4997,"TRUCK EQUIPMENT SALES, INC."
4998,TRUCK EQUIPMENT SERVICE COMPANY
4999,"TRUCK EQUIPMENT, INC."
5000,TRUCK EQUIPMETNT INC.
5001,"TRUCK HOIST INDUSTRIES, INC."
5002,TRUCK HOIST SYSTEMS
5003,"TRUCK HYDRAULIC EQUIPMENT CO., INC."
5004,JERR-DAN CORPORATION
5005,"JET FORCE, INC."
5006,JET SETTLER TRAILERS
5007,"JETECH, INC."
5008,CENTRAL WHEEL & BRAKE COMPANY
5009,HERITAGE INC
5010,HERITAGE INDUSTRIES
5011,HERITAGE MANUFACTURING
5012,HERITAGE MARKETING INC.
5017,HERMAN LEASING INC.
5018,HERNCO FABRICATION & SERVICES
5019,"HERRIN WELDING SERVICE, INC."
5020,HESCO SALES INC
5021,"HESS SERVICES, INC."
5022,HESS-SEXTON CORPORATION
5023,HI-LITE RV MANUFACTURING
5024,HI ROLLIN TRAILER MANUFACTURING
5025,B & M HI-LITE
5026,B & S TRUCK BODY INC.
5027,B & T MANUFACTURING DBA  XTREME TRAILER
5028,"B & Z TRUCK BODIES, INC."
5029,B AND M TRAILERS SALES
5030,B L INDUSTRIES INC
5031,B&B ENTERPRISES
5032,B&B HOMES INC DBA TETON HOMES DBA TETON INT.
5033,"B&G CUSTOM CREATION VANS, INC."
5034,"B & K TRAILERS, INC"
5035,"B&R TRAILER MFG., INC."
5036,B-ISTLES TRUCKS PART
5037,B. FOSTER & CO. INC.
5038,B. H. CHESLEY COMPANY
5039,B.E.E. WELDING
5041,"B.L. INDUSTRIES, INC."
5043,"BACKTREK COMPANY "
5044,COUNTY LINE TRAILER CO.
5045,COUNTY ROAD TRAILERS LLC
5046,BOB'S WELDING & FABRICATION
5047,BOBCAT TRAILER CO INC
5048,"GOLF CARS LIMITED, INC."
5049,GOLF CART OUTLET INC
5050,GOOD TIME PRODUCTIONS
5051,PULMOR INC.
5052,GOODMAN MOTORCYCLES LTD
5053,"ACOUSTICAL CONTROL SYSTEMS, INC."
5054,CLEAN HARBORS ENVIRONMENTAL SERVICES INC
5055,ACTION FLEET & TRUCK EQUIP. INC.
5056,ACTION INDUSTRIAL STUDIO
5057,"ACTION INDUSTRIES, INC."
5058,ACTION TRAILERS
5059,"ACTION VANS, INC."
5060,"ACTION WELDING & FABRICATION, INC."
5061,"ADAM BLACK & SONS, INC."
5062,ADAMS & FOGG OIL EQUIPMENT CO.
5063,ADAMS EQUIPMENT
5064,ADAMS-IRICK TRUCK BODY WORKS
5065,ADIRONDACK KOTTAGES
5066,"ADIRONDACK WHITE PINE CABINS, INC."
5067,ADLER TANK RENTALS
5068,"ADMIRAL TRUCK EQUIPMENT, INC."
5069,"ADOLPH TRUCK EQUIPMENT, INC."
5070,ADRIAN STEEL COMPANY
5071,ADSCOM CORPORATION
5072,ADVANCE TANK PRODUCTION
5074,"ADVANCED BUS INDUSTRIES, LLC"
5075,ADVANCED COMPOSITES & TOOLING
5076,ADVANCED CREATIONS
5082,RICH-CO AUTO/MARINE
5083,BRENNER TANK LLC
5084,"BRENT INDUSTRIES, INC."
5085,BREWER IMPLEMENTS LLC
5086,"BRI-MAR MANUFACTURING, LLC"
5087,BRICKLIN VEHICLE CORPORATION
5088,"BRIGHAM MFG., CO."
5089,"BRIGHTON TRUCK & EQUIP., SALES, INC"
5091,"EQUIPMENT INNOVATORS, INC."
5092,"D & J FABRICATING, L.L.C."
5093,D&L TRAILERS
5094,"D & L TRAILERS, LLC."
5096,D & D MACHINE AND WELDING
5097,"D&B COMMERCIAL BODY SALES, INC."
5098,D&D TRAILER REPAIR
5099,D&R METAL FAB. INC.
5100,D & S TRAILERS AND MANUFACTURING INC.
5101,"D'ELEGANT, INC."
5103,D. HART DESIGNS INC.
5104,"D.C. BATES EQUIPMENT CO., INC."
5106,D.H. SCHMIDT CARRIAGE CO.
5107,"D.H. THOMAS & SON, INC."
5108,D.J. TRAILERS AND WELDING
5110,DABCO FABRICATION
5111,DADE CITY TRUCK & EQUIPMENT CO.
5112,MERHOW ACQUISITION LLC
5113,DEMON MOTORCYCLE CO
5115,"DEMPSTER BROTHERS, INC."
5117,FOREMOST INDUSTRIES LP
5118,UTILITY ONE SOURCE FORESTRY EQUIPMENT LLC DBA GENERAL TRUCK BODY
5119,C.A.M.I. LLC
5122,C.E. GLASS
5123,C.E. POLLARD COMPANY
5124,CROWN COACH CORPORATION
5125,"HINE BROS. INTERNATIONAL, LLC."
5126,"ANYTHING IN IRON, INC"
5127,AP TRAILERS LLC
5128,APACHE  SINCA INDUSTRIES INC
5129,APACHE TRAILERS
5130,APACHE TRAILERS INC.
5131,APC TRUCKING INC. DBA APC EQUIPMENT
5132,APEX CUSTOM TRAILERS
5133,APEX MACHINE MANUFACTURING COMP.
5134,"APEX MANUFACTURING CO., INC."
5135,"APEX TRAILER SERVICE, INC."
5136,"FALCON VANS, INC."
5137,FALLSWAY EQUIPMENT COMPANY
5138,FALLSWAY SPRING AND EQUIPMENT CO.
5139,FAME MFG.
5140,"FAMILY VANS, INC."
5141,"FAN COACH COMPANY, INC."
5142,"FARENWALD ENTERPRISES, INC."
5143,FARM BED MANUFACTURING
5144,FARMER FABRICATIONS
5145,"FARMER LUMBER AND SUPPLY CO., INC."
5146,FARMINGTON WHITE-AUTOCAR
5147,"FARNSWORTH ARMORED, INC."
5148,FARRINGTON CHARIOTS
5149,FARRIS MFG.
5150,FAST TRAC MANUFACTURING INC
5151,"FAST TRAC OF NEW ENGLAND, LLC dba LACONIA CUSTOM C"
5152,FAT ATTACK CUSTOM BIKES (USA) INC
5153,FAT ATTACK CUSTOM BIKES (USA) INC.
5154,FAT MAN FABRICATIONS
5155,FATSOCKS MOTORSPORTS
5156,"HOLIDAY RAMBLE CORPORATION "
5157,HOLIDAY RECREATIONAL VEHICLES
5158,HOLIDAY SALES INC
5159,HOLIDAY VANS
5160,HOLIDAY-HUTT MANUFACTURING CO.
5161,CAMERON AND SONS WELDING
5162,CAMION EQUIP. INC. DBA/FLASCO
5163,CAMP MATE MANUFACTURING
5164,CAMP N BOAT
5165,CAMP-A-LOT INVENTORY AND EQUIPMENT
5166,HAR-LEE USA INC.
5167,HARBOR TRUCK BODIES INC
5168,"HARDCORE CHOPPERS, LLC"
5169,HARDIN INDUSTRIES INC
5170,HARDY MOTORCYCLE
5171,HARING PANELS
5172,HARLAND BODY SHOP
5173,"HARLAND BODY SHOP, INC."
5174,HARLAND TRUCK & EQUIP. SALES INC.
5176,HARLEY CORP DIV. OF MTC
5177,AMERICAN TRUCK & TRAILER BODY CO. INC
5178,"AMERICAN VAN CONVERSION, INC."
5179,AMERICAN VAN EQUIPMENT INC.
5180,AMERICAN VANS
5181,"AMERICAN VANS,INCORPORATED"
5182,AMERICAN WARRIOR MOTORCYCLES
5183,AMERICAN WASH COMPANY
5184,"AMERICAN WATER WORKS, INC. DBA UNIVERSAL TRAILER"
5185,AMERICAN WELDING & MACHINE
5186,AMERICAN WELDING SERVICE INC.
5187,AMERIMAX METALWORKS
5188,AMERITECH CORPORATION
5189,HOGENTOGLER & CO INC
5190,HOGFATHER TRAILERS
5191,"HOGG & DAVIS, INC. "
5192,HOLIDAY COACH
5193,"CAMP INDUSTRIES, INC "
5194,MAD PRODUCTS
5195,"ATLAS RECREATIONAL VEHICLES, INC."
5196,ATLAS STEEL PRODUCTS COMPANY
5197,ATM
5198,ATOKA TRAILER & MFG. L.L.C.
5199,"AUDIO INTELLECT, INC."
5200,AUGUSTA WHITE TRUCK CO.
5201,AUSTIN ROVER GROUP LIMITED
5202,AUSTIN TRUCK AND MACHINERY CO.
5204,AUTO CRANE COMPANY
5205,Auto Decor Matane Inc.
5206,AUTO FORM CORPORATION
5207,AUTO PARTS & ELECTRIC COMPANY
5209,AUTO SAFETY HOUSE
5210,"AUTO SAFETY HOUSE, INC."
5211,"AUTO SALES OF GEORGIA, INC."
5212,AUTO TRUCK SERVICE EQUIPMENT CO.
5213,"AUTO WARHOUSERS, INC."
5215,EASTERN WELDING COMPANY
5216,"CECIL & BRUCE TRUCK EQUIPMENT, INC."
5217,CECO EQUIPMENT CO
5218,"CEDAR CREST PARK HOMES, INC."
5219,"CELEBRITY COACH, INC."
5220,"CELLXION, LLC"
5221,"CENEX, INC."
5222,CENLA CUSTOM TRAILER MANUFACTURER
5223,CENTAURUS
5225,CENTENNIAL INDUSTRIES DIVISION
5226,"CENTER TRUCK FRAME & BODY CO, INC."
5227,CENTERVILLE MANUFACTURING INC
5228,CENTINELA STATE PRISON
5229,CONTRACTORS SPECIALTIES COMPANY/WATER WORKS
5230,CONTROL POVER INC.
5231,CONTROL POWER
5232,CONVERSIONS BY PARKWOOD DESIGNS
5233,"CONVERTO DIVISION, GOLAY & CO., INC"
5234,"DROPBOX, INC."
5235,DRS CYCLE CORP.
5236,DRY LAUNCH
5237,DRYAIR 2000 INC
5238,"DTI, INC."
5239,"FIRST AUTO WORKS "
5240,DTM TRAILERS
5241,ASPLUNDH TREE EXPERT CO.
5242,ASSOCIATED HANDICAPABLE VANS
5243,"SIDE DUMP INDUSTRIES, LLC"
5244,ASSPLUNDH SERVICE CENTER
5245,ASTEC INDUSTRIES INC.
5246,"ASTORIA FIBRA-STEEL, INC."
5247,"ASTORIA INDUSTRIES, INC."
5248,"COLONIAL VANS, INC."
5249,COLONY FORD TRUCK SALES INC.
5251,"COLORADO CUSTOM CENTER, INC"
5252,"COLORADO WEST WHITE AUTOCAR, INC."
5253,COLUMBIA CORPORATION
5254,COLUMBIA MEDICAL MFG. CORP.
5256,COLUMBIA NORTHWEST INC
5258,COM-FAB INC.
5259,COMBS TRAILER MANUFACTURING
5260,"COMET ELECTRONICS, INC."
5261,"COMET VANS, INC."
5262,COMFORT COACH (KOMFORT KOACH)
5263,COMFORT MOTORHOMES OF CALIFORNIA
5265,CROWN CUSTOM TRAILERS INC
5267,CROWN ENERGY TECHNOLOGIES INC
5269,"GUNTER'S SERVICES, INC."
5270,"GUTHRIE TRAILER SALES, INC."
5272,COLE STEEL
5273,COLFAX TRAILER & HITCH SALES
5274,Arndt Trailer Manufacturing
5275,COLLIER UTILITY TRAILERS INC
5277,COLLIER WELDING INC
5278,"COLLINS AMBULANCE CORPORATION "
5280,IMPCO TECHNOLOGIES INC
5281,IMPERIAL EASTMAN
5282,IMPERIAL FIRE APPARATUS DIVISION OF
5286,IMPERIAL TRAILERS  DIV. OF EILEEN CORP.
5287,IMPERIAL VALLEY GMC TRUCKS
5288,INDCOM SERVICES INC
5289,INDEPENDENT DISPATCH INC.
5290,INDEPENDENT TRAILER MANUFACTURING
5292,INDIAN VALLEY TRAILERS
5293,INDIANA CUSTOM CARGO INC
5294,INDIANA PHOENIX INC
5295,"INDIANA WHITE TRUCKS, INC"
5296,"INDIANAPOLIS WHITE-AUTOCAR, INC."
5298,INDUSTRIAL CLEANING EQUIP. MANUFACTURERS
5299,INDUSTRIAL ELECTRIC VEHICLES INC
5300,INDUSTRIAL EQUIPMENT & ENG. INC.
5301,INDUSTRIAL FABRICATION & TESTING
5303,BOBSHOP
5304,BOCKMANN FAHRZEUGWERKE GMBH
5305,BODEANN
5306,E NOA CORPORATION
5307,E W USA LC
5310,"GENIE MANUFACTURING, INC."
5311,"GEORGE ASSOCIATES, INC."
5312,"GEORGE HEISER BODY COMPANY, INC."
5313,GEORGE HIRN COMPANY INC
5314,GEORGE R. LAWSON
5315,GEORGIA POWER COMPANY
5316,CHIEF'S FIRE AND RESCUE INC
5317,"CHIEF'S TRAILERS & PARTS COMPANY,IN"
5318,"CHILLICOTHE METAL CO., INC."
5321,CHINA JIALING INDUSTRY CO. LTD (GROUP)
5324,E.Z. MANUFACTURING CO.
5325,EAGLE BODY INC.
5326,"EAGLE CONVERSION MARKETING, INC."
5327,EAGLE CUSTOM MOTORCYCLES
5328,EAGLE INDUSTRIES
5329,EAGLE IRON METAL WORKS
5330,EAGLE MARINE CORPORATION LTD.
5331,EAGLE TRAILERS LLC
5332,EAM
5333,EARL SHERMAN & COMPANY
5334,EARLY'S WHITE TRUCK SALES
5335,"EASOM TRUCK SALES, INC."
5336,"EAST CAROLINA WHTE TRUCKS, INC."
5337,EAST COAST MANUFACTURING & DESIGN INC
5338,EAST MANUFACTURING CORP.
5340,"EAST RIVER MACHINE CORPORATION "
5341,EAST SIDE CUSTOM CHOPPERS
5342,"GUERDON INDUSTRIES, INC."
5343,GUIDE CORPORATION
5344,"GUIDO FOGGINI, FERRARI S.P.A. SEFAC"
5345,GULF COAST TRAILER MFG.
5346,GULF POWER COMPANY
5351,"GULF STREAM COACH, INC."
5353,"HAULMARK INDUSTRIES, INC"
5354,HAULMOR
5356,HAVIS-SHIELDS EQUIPMENT CORP.
5357,"FIBER TRUCKS & TRAILERS, INC."
5358,FIBERGLASS SPECIALTIES CORP
5359,FIBERLITE TRAILERS
5360,"FIBERLITE TRAVEL TRAILERS, INC."
5361,FIBRO CONCEPT INC
5362,FIELD MASTER TRAILER INC
5363,FIELDS TRAILER SALES
5364,"FIFTH WHEELS, INC."
5365,FINLEY'S BUSINESS SERVICE
5366,FINNESEY BODY CORPORATION OF N.J.
5367,"FIRAN MOTOR COACH, INC."
5368,"FIRE PLUS, LLC."
5369,FIRE-MAX
5370,"FIREBALL INDUSTRIES, INC."
5371,FIREDANCER MANUFACTURING INC
5372,FIREMAX CORPORATION
5373,FIRST CLASS CUSTOMS
5374,FIRST CLASS TRAILERS
5375,FIRST LINE MANUFACTURING
5376,HORNER EQUIPMENT COMPANY
5377,"HORNET INDUSTRIES, INC."
5378,"HORSE CREEK MANUFACTURING & FABRICATION, INC."
5380,DAKOTA MOTORCYCLES U.S.A. INC
5382,"DALE & RANKIN EQUIPMENT CO., INC."
5383,DALE SHARP TRUCKS INC.
5384,DALEIDEN'S INCORPORATED
5386,"DALTON ENTERPRISES, INC. "
5390,"DAN DEA ENTERPRISES, INC."
5391,DAN GURNEY ALLIGATOR MOTORCYCLES INC
5392,DAN HUDON SALES INC
5394,DAN MITCHELL & SONS OF NASSAU &
5395,DAN'S REPAIR & MFG.
5396,DAN'S TRUCK REFRIGERATION
5398,"DANDY DUMP, INC."
5399,DANIEL'S CERTIFIED  WELDING INC.
5400,DANIEL J. ESSENPREIS MFG.
5401,DANRON ENTERPRISES CUSTOM TRAILERS
5402,"DARDON, INC"
5403,DARNELL'S WELDING AND FABRICATION
5404,DARTRON INDUSTRIES INC.
5405,DAUGHERTY EQUIPMENT COMPANY
5406,AUTODELTA USA INC
5410,"CAMPAGNA MOTORSPORT, INC."
5411,"FOX VALLEY METAL TECH, INC."
5412,"FOXEY VANS "
5413,FOXWORTH ENTERPRISES INC.
5414,FRACO PRODUCTS LTD
5415,FRALA'S TRAILERS
5416,FRAME SERVICE INC.
5417,FRANK BRYAN CATE DBA
5418,"FRANK GEORGE & SON, INC."
5421,"FRANK SIVIGLIS & CO., INC."
5422,FRANKLIN BODY & EQUIPMENT CORP.
5423,FRANKLIN COUNTY FIRE DISTRICT 3
5424,"FRANLKIN MOTOR COACHES, INC."
5426,"FRAZER, LTD."
5427,FRED M. BOERNER MOTOR 6
5428,FREDY RUIZ MARTINEZ
5429,"FREE SPIRIT VANS, INC."
5430,"FREE WINDS, INC."
5431,"FREEDOM CONVERSIONS, INC."
5432,FREEDOM MOTORS USA INC.
5433,FREEDOM WHEELS
5434,FREEHOLD CARTAGE INC.
5435,FREEMAN EQUIPMENT CO.
5436,FREEMAN TRUCK BODIES
5437,FREEMAN'S CUSTOM MADE TRAILERS
5438,FREEPORT MACHINE WORKS
5439,FREEPORT MILLS SIGNWORKS INC
5443,FREIGHTLINER  CORPORATION
5445,EASTERN BODY CO.
5446,EASTERN METAL WORKS
5447,EASTERN TRAILER SALES
5449,INNOVATOR MOTORCYCLES
5450,"TMC GROUP, INC"
5451,GALLIMORE'S TRAILERS SALE INC
5453,GALSTEVE INC DBA SPECIALTY B SALES
5454,GALSTEVE INC. DBA SPECIALTY B SALES
5455,"GALSTEVE, INC."
5456,"GALSTEVE, INC. DBA SPECIALTY B SALE"
5457,"GALSTEVE, INC. DBA SPECIALTY B SALES"
5458,GALVIN TRUCK & EQUIPMENT INC.
5459,GAMBLE TRAILERS INC
5460,GAMBLE'S WELDING & FABRICATION
5461,"GAR WOOD ALBANY TRUCK EQUIP., INC."
5462,"GAR WOOD DETROIT TRUCK EQUIP., INC."
5463,GAR WOOD WASHINGTON TRUCK EQUIP.
5464,GAR WOOD-BOSTON TRUCK EQUIP. CO.
5465,"GAR-P INDUSTRIES, INC."
5466,GARDEN STATE CHASSIS REMANUFACTURING INC
5467,GARDEN STATE WHITE COMPANY
5468,"GARDNER INC., WEST COAST DIVISION"
5469,"GARDNER, INC."
5470,"GAREN MARTENS EQUIPMENT, INC."
5471,"GARRETT CONTAINER SYSTEM, INC"
5472,"GARSITE PRODUTS, INC."
5473,"GARWOOD BUFFALO TRUCK EQUIP., CO"
5474,"GARWOOD TWIN CITIES TRUCK EQUIP.,"
5475,GARY LEONE/REBEL MFG.
5476,GATCO FIRE APPRATUS CO INC
5477,GAUSMAN'S GARAGE
5478,GCA LARGO INDUSTRIES INC
5480,GDM INCORPORATED
5482,"GEFFCO VAN CONVERSIONS, LTD."
5483,"GEFFCO VAN CONVERSONS, LTD."
5484,GEISERT ENTERPRISES LTD
5486,GREAT LAKES MOBILE HOMES
5487,"GREAT SOUTHERN SERVICES, LLC"
5488,GREAT WEST VAN CONVERSIONS INC
5489,GREEN BROS MANUFACTURING CO
5490,"GREENBAUM, WOLFF & ERNST"
5491,ABC ENTERPRISES
5492,ABC MACK SALES INC
5493,ABLE BODY COMPANY
5494,EATON CORP PLC
5495,EATON FABRICATION CO  INC
5496,"EATON DRILLING CO., INC. DBA EATON FABRICATION CO."
5497,EAU CLAIRE EQUIPMENT CO.
5498,EAZ-LIFT SPRING CORPORATION
5499,"EBC, INC. EL DORADO NATIONAL-KANSAS"
5501,"EBUS, INC."
5502,ECC INC.
5503,ECK'S GARAGE INC.
5504,ECLIPSE CONVERSIONS
5505,ECONOBOY CORPORATION
5506,H. & B. MACHINERY INC.
5507,"H. & H. CHIEF SALES, INC."
5509,H. BARKOW INC.
5510,"H.A. DEHART & SON, INC."
5511,H.E.R.S. INC.
5512,H.J. SMITH WELDING INC.
5513,"H.K. NUTTALL EQUIPMENT COMPANY, INC"
5514,H.K. TRUCK SERVICES INC.
5515,"H.M. FELTY SALES & SERVICE, INC."
5516,H.M. HOWE COMPANY OF NEW ENGLAND
5517,H.N.L. CORP.
5518,"HACKNEY AND SONS, INC."
5519,HACKNEY BROS. BODY COMPANY
5521,"HADCO-SHERWOOD, A DIVISION OF A-T-O"
5522,HAGEMAN'S CUSTOM WELDING
5523,HAGEN WELDING AND SALVAGE
5524,"HALEY'S USED CARS, INC."
5525,HALL COACH INCORPORATED
5526,"HALLENBERGER, INC."
5527,HALLIBURTON COMPANY
5528,"DO-RAY LAMP COMPANY, INC."
5529,DOC BAILEY CONSTRUCTION EQUIPMENT INC
5531,"DOCKENDORF EQUIPMENT CO., INC."
5532,"DOCKING SYSTEMS, INC."
5533,"DODGEN INDUSTRIES, INC."
5534,DOERR BROS.
5535,DOLPHIN CAMPER COMPANY
5536,DOMATEX INC
5537,"DON'S AUTO SALES, INC."
5538,DONALDSON FABRICATION
5539,"DONCO, INC."
5541,"DONG-A MOTOR CO., LTD."
5542,"DONOVAN EQUIPMENT CO., INC."
5544,COMMERCIAL BODY BUILDERS LTD
5545,COMMERCIAL BODY CORPORATION
5546,COMMERCIAL BODY SALES & MFG. CO
5547,COMMERCIAL CARRIER CORP.
5548,IRC OF CALIFORNIA
5550,DORSEY TRAILER LLC
5551,"DOSKO INDUSTRIES, INCORPORATED"
5552,DOTHAN TRUCK & EQUIPMENT
5553,DOUBLE A TRAILER & CONTRACTING INC
5555,DOUBLE DELIGHT INC.
5556,DOUBLE J CUSTOM TRAILERS
5557,DOUBLE LJ MANUFACTURING
5558,GERLING AND ASSOCIATES INC
5560,"GETAWAY RECREATIONAL VEHICLES,INC."
5561,GF FABRICATION
5563,GHORMLEY MECHANICAL INDUSTRIES INC.
5564,"HEIL TRAILER INTERNATIONAL, CO"
5565,HEIL TRUCK EQUIPMENT CO.
5566,HEIL-CHICAGO INC.
5568,"HEIMBURGER, INC."
5569,HELL BOUND STEEL LLC
5570,HELLER TRUCK BODY CORPORATION
5571,HELM MANUFACTURING CO. LLC
5572,H E M ENTERPRISES INC
5573,HENDERSON MANUFACTURING
5574,"HENDERSON MFG., COMPANY, INC."
5575,"HME, INC."
5576,HENRIETTA EQUIPMENT DIVISION
5577,"HENRY R. NINNEMANN, INC."
5578,HENSLEY FABRICATING & EQUIPMENT CO.
5580,"HER CHEE INDUSTRIAL CO., LTD."
5582,AJAX MANUFACTURING CO. INC.
5583,ASHKASH TRUCK CORP.
5584,"ASKEY MOTOR TRUCK, INC."
5585,ASPEN COACH CORPORATION
5586,ASPEN EQUIPMENT
5588,ASPEN TRAILER INC.
5589,ASPLUNDH CHIPPER COMPANY
5590,"HUMES TRANSFER COMPANY, INC."
5591,"HUMES TRUCK & TRAILER MFG., CO. INC"
5592,HUMMEL TRUCK EQUIPMENT
5593,HUMPHREY TRAILER
5594,"HUMPHRIES-MCKNIGHT TRUCKS, INC."
5595,"HUNT TRUCK SALES & SERVICE, INC."
5596,BILLY BOY'S TRAILERS
5597,"BILTMORE TRUCK & BRAKE SER., INC."
5599,BINGHAMSON EQUIPMENT CORP.
5600,BINGHAMTON EQUIPMENT CORP.
5603,BIOTECH SYSTEMS INC
5605,CROWNE MOTOR COACH
5606,CROYDON HOMES CORPORATION
5607,CRUISE AMERICA
5608,"CRUISE CONCEPTS OF TEXAS, INC."
5610,"CRYENCO, INC."
5613,J-CRAFT A DIV. OF CRYSTEEL MFG INC
5614,J-CRAFT OF CANADA LTD
5616,"J-ROD, INC."
5618,"BRONX WESTCHESTER WHITE TRUCKS, INC"
5619,"BROOKER MOTOR COMPANY, CORP."
5620,"BROOKER, INC."
5621,BROS DIVISION OF AMERICAN HOIST &
5622,BROTHERHOOD CYCLES
5623,"BROUGHHAM INDUSTRIES, INC."
5624,BROWN & REESE ENTERPRISES INC
5625,"BROWN CARGO VAN, INC."
5626,BROWN MANUFACTURING
5627,"BROWN-DOWLING CO., INC."
5628,"BROWN-MINNEAPOLIS TANK & FAB., CO."
5629,BROWNELL ALUMINUM TRUCK BODIES
5631,"BRUMBAUGH BODY CO., INC."
5632,BRUN INDUSTRIES INC.
5633,"BRUNNER'S FABRICATION, INC."
5635,BRUNSWICK TRAILERS PLUS AND MARINE INC.
5636,BEST BUY CUSTOM TRAILERS
5637,BEST TRAILERS
5638,"BEST-BUILT HOMES, INC."
5639,BETH-ALLEN SALES CO.
5640,BETHANY FELLOWSHIP INC.
5641,"BETTER BUILT EQUIPMENT, LLC"
5642,BETTERBUILT TRAILERS MFG BY RET HOT & STEEL
5643,"BETTS INDUSTRIES, INC."
5646,"BEVERAGE TRANSPORT TRADE, INC"
5649,"BEYOND EXTREME, LLC dba EXTREME CYCLE WORKS"
5650,BGRS INC
5651,CORULLO FOREST PRODUCTS CORPORATION
5652,COSMO TRUCK EQUIPMENT INC.
5653,COSTAL METAL FAB. INC.
5654,COTNER MANUFACTURING COMPANY
5656,COUNTRY BOY TRAILORS INC
5657,"COUNTRY COACHES, INC."
5658,COUNTRY COMFORT CORPORATION
5659,"COUNTRY EAGLE, INC."
5660,COUNTRY IRON WORKS
5661,"COUNTRY SALES, INC."
5663,"ALLIED TRUCK EQUIPMENT & BODY CO., LLC"
5664,COUNTY COACH INC
5665,"HAMILL MFG. COMPANY, DIVISION OF"
5666,HAMILTON TRAILERS
5667,HAMLET CUSTOM HAULERS LLC
5668,"CTR/CABRIOLET, INC."
5669,CUBE MANUFACTURING
5670,CUMMING MOBILITY CONVERSIONS & SUPPLY INC.
5671,CUMMINGS MOBILITY CONVERSIONS & SUPPLY INC.
5672,CUMMINGS WELDING INC
5673,CURRIER'S CERTIFIED WARNING INC.
5674,CURRIERS CERTIFIED WELDING INC
5675,CURT'S WELDING
5676,Cushman A Division of Outboard Marine Corporation
5677,CUSTOM AMUSEMENT PRODUCTS CO
5679,"CUSTOM AUTOMOTIVE SPECIALTIES, INC."
5681,"CUSTOM BIKES OF LAUDERDALE, LLC"
5682,CUSTOM BUILT AG. INDUSTRIES LTD.
5683,CUSTOM BUILT GOOSENECK TRAILERS
5684,"CUSTOM CAMP VANS & SERVICE, INC."
5685,"CUSTOM CARE CREATIONS, INC."
5686,CUSTOM CHASSIS INC
5687,CUSTOM COACHES INC
5688,"CUSTOM COACHES, INC."
5689,CUSTOM CRUISERS INTERNATIONAL division of L.E.R. Industries Inc.
5690,CUSTOM CYCLE CARRIER
5691,"CUSTOM DESIGN TRAILERS, MFG"
5693,CUSTOM IRON WORKERS INC
5694,CUSTOM PULL TRAILER MFG.
5695,DAVE'S WELDING SERVICE
5696,HERCULES ENTERPRISES LLC.
5699,BRASWELL EQUIPMENT COMPANY
5700,BRATTAIN INTERNATIONAL INC.
5701,"BRATTAIN INTERNATIONAL, INC."
5702,"BRAUN INDUSTRIES, LLC."
5703,"BRAUN INDUSTRIES, INCORPORATED"
5705,BRAUN NORTHWEST INC.
5707,BRAVE INDUSTRIES INC.
5708,BRAY'S METAL WORKS
5709,"BRAYLOR, LTD."
5710,BRAZIER TRAILERS
5711,"BREAK-A-WAY, INC."
5712,BULTMAN SUPPLY CO
5713,DELTA FUEL INDUSTRIES LLC
5715,ALPINA USA LLC CROSSROADS CORP. CENTER
5716,ALPINE INDUSTRIAL LLC
5717,ALPINE WELDING & FABRICATION INC
5718,"ALTAMONT TECHNOLOGIES, INC"
5719,"ALTEC INDUSTRIES, INC."
5721,EXCEL TRAILERS INC
5722,"EXCLUSIVE COACH, INC."
5723,EXECUTIVE INDUSTRIES INC.
5724,XOTIC CYCLE & MOTOR WERX
5725,EXOTIX CYCLE & MOTOR WERX
5726,"EXPEDITION TRAILERS, INC."
5727,EXPERIMENTAL FABRICATION INC
5728,EXPLORER MOTOR HOME CORPORATION
5731,"PACE AMERICAN, INC."
5732,PACE AMERICAN of  INDIANA  INC.
5733,SEA-BOW INTERNATIONAL INC
5734,SEBAGO LAKE GARAGE
5735,SEBRING AUTO-CYCLE INC.
5736,SECCA CORPORATION
5737,TIMELESS VANS INC.
5738,TIMEOUT TRAILERS INC
5739,TIMMONS METAL PRODUCTS COMPANY
5740,TIMPERMAN TRAILER SALES
5741,ROCKING R ENTERPRISES INC
5744,"ROCKWOOD, INC."
5745,ROCKY ATV TRAILERS INC.
5746,ROCKY RIDGE INC
5747,"ROCKY RIDGE, INC."
5748,ROCKY TOP CHEVROLET/GEO
5750,ROCKY TOP TRAILERS LLC
5751,OTTO'S TRUCK BODY WORKS CORP.
5752,OUTBACK TRAILERS
5753,OUTDOOR POWER LLC
5754,"OUTLANDER TRAILERS, LLC"
5755,"OVERLAND INDUSTRIES, INC."
5756,"OVERLAND MANUFACTURING CO., INC."
5757,ALUMINUM SLIDE ON TRAILERS LLC
5758,OWENS AUTO REPAIR
5759,OX BODIES INC
5760,"OX BODIES, INC."
5761,OXNARD WHITE TRUCKS & EQUIPMENT
5762,OZ BARS
5763,P & T PALMER INC
5764,P. E. WENTWORTH CO.
5765,"P C INDUSTRIES, LLC"
5767,SECO INC.
5770,MALLARD COACH CORPORATION
5771,THE CANAM MANAC GROUP INC
5772,"MANAC TRAILERS USA, INC."
5774,JIANGSU LINHAI POWER MACHINERY GROUP CORP.
5775,JIM CAMPEN TRAILERS SALES INC.
5776,"JIM FUOCO MOTOR COMPANY, INC."
5777,JIM HOOKS WELDING & TRUCK EQP INC.
5778,"JIM KRILEY SALES & SERVICE, INC."
5779,JIM ROBBINS SEAT BELT CO.
5780,JIM'S WELDING SERVICE
5781,JIMMY'S DISCOUNT TIRE/TRAILER
5783,JJ'S TRUCK SHOP & CELLULAR
5784,"JLG INDUSTRIES, INC."
5785,JM TRAILERS
5787,"JO BUD, INC."
5789,JOCOBSEN TRAILER INC
5790,JOHN INGRAM INC
5791,SOMERSET AXLE COMPANY LLC
5792,"TRANSFORMER TRAILERS, INC."
5793,TRANSHAUL INC
5794,TRANSI-CORP
5795,TRANSI-CORP-COLLINS INDUSTRIES
5797,TRANSIT AUTHORITY CORPORATION
5798,TRANSPORT ENGINEERING & EQUIP. CO.
5799,"TRANSPORT EQUIPMENT MANUFACTURING AND SALES, CORPORATION"
5800,TRANSPORT EQUIPMENT COMPANY
5801,LUMBERTON LOWBOY & SPECIALTIES
5803,"LUOYANG NORTHERN EK CHOR MOTORCYCLE CO., LTD."
5804,LUTTIG TRAILER COMPANY
5805,LUVERNE FIRE APPARATUS CO.
5806,LUXRIDER CONVERSIONS INC.
5807,"LUXURY CAMPER VANS, INC."
5808,SOUTHCASTERN TRUCK BODY & EQUIPMENT INC
5809,"SOUTHEAST MANUFACTURING, INC. - WRENCH MOTORCYCLES"
5810,SOUTHEASTERN EQUIPMENT INC.
5811,"SOUTHEASTERN TRUCK BODY & EQUIPMENT, INC."
5812,SOUTHERN COMFORT CONVERSION
5814,SOUTHERN COMFORT TRUCKS & SUV'S
5815,"SOUTHERN EDITIONS OF AL, LLC"
5816,SOUTHERN FIBERGLASS FABRICATION INC.
5818,SOUTHERN LIFT EQUIP CORP
5819,"SOUTHERN PRIDE DISTRIBUTING, LLC"
5821,SOUTHERN PUMP & TANK COMPANY
5822,SOUTHERN STAR MFG LLC
5823,SOUTHERN TANK & MFG. INC.
5824,SOUTHERN TRUCK BODY CORPORATION
5825,SOUTHERN TRUCK CORPORATION
5826,"SOUTHERNRIO INDUSTRIES, INC."
5827,"RED HORSE TRUCK BODY & HOIST, LLC"
5828,AUTO CRAFT WHOLESALE AUTO
5829,HIDDEN HOLLOW TRAILER MFG  LLC
5830,"INTERMOUNTAIN TRUCK REBUILDERS, INC."
5831,MULTI-FAB LLC
5832,VANQUISH MOTORCYCLES
5833,"CRAIG WELDING & MFG., INC."
5834,DANYANG MOTORCYCLE WINDSCREEN & LAMPS FACTORY
5835,BIKE PERFORMANCE & ACCESSORIES BPA INC.
5836,DIESEL EQUIPMENT LIMITED
5837,ELECTRICAL ENGINEERING AND EQUIPMENT COMPANY
5838,"M&M INDUSTRIAL MAINTENANCE, INC."
5839,"ZHEJIANG HONGXIN TECHNOLOGY CO., LTD."
5841,HOBSON TRAILERS
5842,"LANTZ'S COACHWORKS, INC."
5843,TEXAS IRON DESIGNS
5844,"QUALITY INDUSTRIAL CONSTRUCTION, LLC"
5845,"BROWER EQUIPMENT SALES, INC."
5846,SWEAT'S PORTABLE BUILDINGS
5847,WAR EAGLE MOTORCYCLES
5848,TOMMY 2-WAY TRAILER
5849,"THE ELECTRIC VEHICLE COMPANY, LLC"
5850,"CYCLE WORKS/ MACHINE, INC."
5853,JAMCO SOUTH TRAILERS INC.
5854,"BRAGG INVESTMENT COMPANY, INC. "
5855,"TCB CHOPPERS, INC."
5856,HENDERSON TRUCK EQUIPMENT-NY
5857,"KAK MOTORCYCLES, INC."
5858,COMMERCIAL TRUCK AND VAN EQUIPMENT INC
5859,"SHANGHAI POWEREAGLE INTERNATIONAL CO., LTD."
5860,"HENDERSON TRUCK EQUIPMENT-MANCHESTER, LLC"
5861,DESERT TOYS R.V. LLC
5862,HAMLIN TRAILER MANUFACTURERS
5863,RUSSELL MARLOWE CAROLINA CUSTOM CYCLES
5864,"SPM CUSTOMS, INC."
5865,BALON CORPORATION
5866,"CLARK'S WELDING, INC."
5867,SEAL TRAILER COMPANY
5870,"MICROFORM PRECISION, LLC"
5871,HARVEY'S TRAILERS
5872,"GLOBE TRAILER MANUFACTURING, INC."
5873,WARRIOR INDUSTRIES
5874,"ALUMNO MANUFACTURING, INC."
5878,SELLNER MANUFACTURING COMPANY
5882,SEMCO
5883,"SEMI SERVICE INC. "
5884,SEMINOLE TRAILER MFG. CORP.
5885,SEMO TANK & SUPPLY CO.
5886,SENTINEL FABRICATION
5888,KOREA WHEEL CORPORATION
5889,SEQUOYAH STORAGE & TRAILER SALES
5890,TOOMBS TRUCK & EQUIPMENT COMPANY
5891,TOP BRAND INC
5892,TOP TOW TRAILERS
5893,"TOP TRAILERS SALES, INC."
5894,"LUKE'S TRAILER MFG AND SALES, INC."
5895,"LUMBERTON IMPLEMENT CO., INC."
5896,TEXAS TRAILER COMPANY
5897,TEXAS TRAILER SERVICE
5898,TEXAS TRAILERS INC.
5899,TEXAS TRUCK AND TRAILER
5900,TEXOMA TRUCK BODIES INC
5902,TEXOMA UTILITY EQUIPMENT INC
5903,TEXOMA WASTE CONTROL
5906,SHADE TREE AUTOMOTIVE EQUIPMENT
5907,SHADOW TRAILER CORPORATION
5908,"SHADOW, INC."
5909,"SHAEFER BODY, INC."
5911,"SHAFER & SHAFER WELDING, LLC"
5912,SHAFFER'S MUFFLER SHOPS INC
5913,SHAFFER'S WELDING SHOP
5914,SHANDONG JINING WHEEL FACTORY
5915,SHANGHAI MEITIAN MOTORCYCLE COMPANY LTD.
5916,SHAPIRO AND SHAPIRO
5917,"SHARP MANUFACTURING, LLC"
5918,SHARPSVILLE STEEL EQUIPMENT CO.
5919,SHATTERPROOF GLASS CORPORATION
5920,SHAULL EQUIPMENT AND SUPPLY COMPANY
5921,SHEET STEEL WELDING ENGINEERING CO.
5922,"SHELBY AMERICAN, INC."
5923,"SHELBY AUTOMOBILES, INC."
5924,"SHELF ABOVE MANUFACTURING, INC."
5925,SHELLER-GLOBE CORPORATION
5927,SHENZHEN CIMC HEAVY INDUSTRIES CO. LTD
5929,SHEPHERD MFG & DIST
5930,"TOPCO MANUFACTURING & SERVICE, INC."
5931,"TOPY INDUSTRIES, LIMITED"
5932,TORQUE MANUFACTURING L.L.C.
5933,"TORSION TRAILERS, LLC"
5934,TOW TRUE TRAILERS
5935,TOW-IT-ALL
5936,"TOW-ME TRAILERS, INC."
5937,"TOWERS FIRE APPARATUS COMPANY, INC."
5939,TOYHOYST INC
5940,TOYNE'S IOWA FIRE TRUCK SERVICE
5941,"MD PRODUCTS AND SOLUTIONS, INC."
5943,"M.H. EBY, INC."
5946,M.S.R. TECHNOLOGIES
5947,MA JERRY & CO INC.
5948,"MABAR, INC."
5950,"MAC TRAILER MFG, INC."
5951,OCHOCO MANUFACTURING CORP.
5952,ODDI CYCLES
5955,LESTER MANUFACTURING INC
5956,"LET'S GO AERO, INC."
5957,"LEVAN MACHINE CO., INC."
5958,LEVON VENDING CARTS CO.
5959,LIBBEY-OWENS-FORD COMPANY
5960,"LIBERAL TRUCK SERVICE, INC."
5961,"LIBERATOR MOTORCYCLES, INC."
5962,LIBERTY BUS INC.
5963,"TRAIL MASTER VEHICLES, INC."
5964,"TRAIL MATE PRODUCTS, INC."
5966,TRAIL-A-LONG MANUFACTURING
5967,TRAIL-ET INC
5969,TRAIL-RITE TRAILERS
5972,TRAILBLAZER DIVISION
5973,TRAILDUSTER TRAILERS INC
5975,"TRAILER CITY, INC."
5976,"TRAILER COMPANY OF LANCASTER, INC."
5977,"TRAILER CORPORATION OF AMERICA, INC."
5978,TRAILER CRANE
5979,TRAILER FORCE
5980,"TRAILER HAUL CONCRETE SYSTEMS,INC."
5981,MAGNUM TRAILER & EQUIPMENT INC
5982,MAGNUM TRAILER MANUFACTURING INC.
5983,MAINE EQUIPMENT CO.
5984,MAINE HITCH & TRAILER SALES
5985,MAINITOWOC ENGINEERING CO.
5986,"MAINLINE, INC."
5987,MAINTENANCE & FABRICATION SERVICES
5988,MAJESTIC VAN CORPORATION
5989,MAJESTIK TRAILERS
5990,PACIFIC BELL
5991,"PACIFIC BODY BUILDERS, INC."
5992,PACIFIC CAR AND FOUNDRY COMPANY
5993,PACIFIC COAST RV INC
5994,PACIFIC MANUFACTURING CORPORATION
5995,PACIFIC METAL ENTERPRISES
5996,PACIFIC SALES & DEVELOPMENT CORP.
5997,PACIFIC STAR WHITE TRUCK SALES
6000,PAUL THUN'S CUSTOM WELDING (PCW)
6001,"PAUL YAFFE ORIGINALS LLC,PAUL YAFFE DESIGNS INC., AM. LEGEND MOTORCYCLE CO."
6002,PAUL'S TRAILER'S & MANUFACTURING
6003,PAULMARK TRAILERS
6005,MHT LUXURY ALLOYS
6006,MI-WAY TRUCK EQUIPMENT INC.
6007,"MIAMI OUTBOARD SERVICE, CORP."
6008,"MIAMI VALLEY TRUCK EQUIPMENT, INC."
6009,MIANO'S WELDING
6010,MICHAEL SELTZER WELDING
6011,MICHIANA CARGO INC
6012,"MICHIGAN CHIEF SALES, INC."
6014,MID ATLANTIC UNIVERSAL MOTOR COACH
6015,MID BUS INC.
6016,MID CITY AUTO BODY COMPANY
6017,MID VALLEY INDUSTRIES INC
6018,MID WEST TRUCK EQUIPMENT SALES CORP
6019,MID-AMERICA BODY & EQUIPMENT CO.
6020,"MID-ATLANTIC LEASING, CORP."
6021,"MID-EQUIPMENT, INCORPORATED"
6022,MID-PACIFIC EQUIPMENT CORPORATION
6023,"MID-SOUTH TRAILERS, INC."
6024,"MID-STATES CAMPER MFG., INC."
6025,MIDDLEKAUFF INC.
6026,MIDDLESEX EQUIPMENT COMPANY
6027,"MIDDLESEX TRUCK & AUTO BODY, INC"
6028,MIDLAND MANUFACTURING LIMITED
6032,HOT HEAD CUSTOM DESIGN LLC
6033,"VIPER USA, INC."
6034,S CROWN TRAILERS INC.
6035,BADASS INDUSTRIES LLC
6036,"CHONGQING JIELI WHEEL MANUFACTURING CO., LTD."
6037,"HUBEI DONGTAI WHEEL SUPPLY CO., LTD."
6038,"GOULD EQUIPMENT Technologies, LLC"
6039,TRI-WELDING FABRICATIONS
6040,STELLAR INDUSTRIES INC.
6041,"SUPERIOR STEEL SALES, LLC"
6042,"MERITT MANAGEMENT COMPANY, LLC"
6043,"STREET GOLF CARTS, LLC"
6044,"NORTHWEST TECHNOLOGIES, INC."
6045,SENTERA ELECTRIC CORPORATION
6046,EQUI-TREK LTD.
6047,LYNX INDUSTRIES LLC
6048,"TINY SMART HOUSE, INC."
6049,"RUIAN SANLIAN AUTO & MOTO PARTS CO., LTD."
6050,BEAMCO INC.
6051,GERDES FABRICATING INC.
6052,"QINHUANGDAO NEW LIGHT WHEEL ENGINEERING & RESEARCH CO., LTD."
6053,GOMMA LINE LTD.
6054,CARDINAL GLASS INDUSTRIES
6055,BEYOND ROADS LLC
6056,MCNEW FABRICATION INC.
6057,DOUBLE COIN GROUP (XINJIANG) KUNLUN TYRE CO. LTD
6058,"DUR-A-BUS COACH BUILDERS 2016, INC."
6059,"JINYONG (QINGYUAN) RUBBER INDUSTRIAL CO., LTD"
6060,COMFORT CAMPER
6061,D.H. WELDING LLC
6062,"COUNTRY STONES, LLC"
6063,THE WELDING SHOP
6064,AXTON LLC
6065,"SIGNATURE AUTO GROUP, INC. "
6066,"TALLERES DE LA GARZA, S.A. DE C.V."
6067,"EXOSENT ENGINEERING,LLC"
6068,TANQUES Y REMOLQUES CENTAURO S.A. DE C.V.
6069,NJF MANUFACTURING LLC
6071,THE LION ELECTRIC COMPANY
6072,"DEUS EX MACHINA MOTORCYCLES USA, INC."
6073,"MMDI, INC. D/B/A/ STEELPOINT"
6074,MILWAUKEE CYCLE TRAILERS LLC
6075,"INTERASIA, LLC"
6076,ROUGHNECK TRAILERS LLC
6077,MOUNTAIN WEST INDUSTRIES
6078,"RILEY TECHNOLOGIES, LLC"
6079,GLOBAL STEEL
6080,SOUTHWEST EQUIPMENT COMPANY
6081,"DON'S TRUCK SALES, INC."
6083,ANTONIO FRANCISCO MARTINEZ GONZALEZ DBA REMOLQUES Y CARROCERIA MARGO
6084,LANIER MARINE TRAILERS LLC
6086,HARVEST AG FABRICATING LLC
6087,H & H FARM SUPPLY
6088,SILVER WRAITH CHOPPERS LLC
6089,WK MACHINE LLC
6090,"YANTAI PHICHON AUTO PARTS CO., LTD."
6091,"ZHUJI BOHI PIPE INDUSTRY CO., LTD."
6092,TOOCYLINDER MOTOR CYCLE REPAIR
6093,"DRV, LLC."
6094,MCCARTNEY TRAILERS
6095,"SOUTHERN FIRE SERVICE & SALES, INC."
6096,"MERIDIAN SPECIALTY VEHICLES, INC."
6097,MINNESOTA TEARDROP TRAILER LLC
6098,"ENERGY PRODUCTS, INC."
6099,BINTELLI LLC
6100,"CROWN TANK CO., LLC"
6101,AMERICAN JEREH INTERNATIONAL CORPORATION
6103,RUNAWAY TRAILERS
6104,PREMIER OILFIELD EQUIPMENT CO.
6105,"ADVANCED RV, LLC"
6106,"EMI TECHNOLOGIES, INC."
6107,M&R SPECIALTY TRAILERS AND TRUCKS INC
6108,"CHANGZHOU ZHONGMAO MACHINERY CO., LTD"
6109,STEEL HORSE Manufacturing
6110,ROULOTTES PROLITE INC.
6111,VALHALLA MARINE INNOVATIONS LLC
6112,SELECT CUSTOM APPARATUS INC.
6113,TINY TRAILER
6114,"SYNERGY TECHNOLOGY, LLC"
6115,"ZHEJIANG ZHONGYA ALUMINIUM CO., LTD."
6116,GARDEN STATE BUS COLLISION LLC
6117,STALLION BUS AND TRANSIT CORP.
6118,BLUE LINE INDUSTRIES LLC
6119,J.A.C.K.S METAL WERX
6120,TWISTED IRON LLC
6121,"VALERO SERVICE, INC."
6122,BUCHAN INDUSTRIES LLC
6123,"ZHEJIANG SHANGYU JIAFENG ELECTRIC APPLIANCE CO., LTD."
6124,K&K WELDING
6125,"PAMCO, INC."
6126,"RAZORBACK INDUSTRIES, LLC"
6127,"NORTHWEST MACK PARTS & SERVICE COMPANY "
6129,"YUEQING DENGFENG MOTORCYCLE FITTINGS CO., LTD."
6130,MALLEY INDUSTRIES INC.
6132,PARKER TRAILERS
6133,TNA CUSTOMS
6134,"RAY'S BODY SHOP, INC."
6135,"MATRIX, INC."
6136,"FMB CHOPPERS, LLC"
6137,SPRING CREEK OUTFITTERS
6138,VT SVC. INC.
6139,"FEROCITY INDUSTRIES, INC."
6140,TBEI
6141,"BAD BOY, INC."
6142,"VENOM TRAILERS, LLC"
6144,"KEY ENERGY SERVICES, LLC"
6145,HORIZON MANUFACTURING INC.
6146,NORTHWEST CUSTOM ALUMINUM TRAILERS
6147,"CALIFORNIA SCOOTER COMPANY, LLC"
6148,TRAILER BUILDERS INC.
6149,TRICK TRAILERS
6150,"G & G METAL FABRICATION, INC."
6151,"WORKTRUX, LLC"
6152,KNIGHT BROTHERS LLC dba TWAMCO TRAILER CO.
6153,HUMDINGER EQUIPMENT LTD
6154,MOBILE TECH TRAILERS INC.
6155,"YUEQING VENUS SAFETY BELT FOR AUTOMOBILE CO., LTD."
6156,CLEVELAND CYCLEWERKS LLC DBA CULTURA SCOOTER COMPANY
6157,"EV INNOVATIONS, INC."
6158,"HEAT ARMOR, LLC"
6159,C & C TRAILER MANUFACTURING INC.
6160,"UNITED SPECIALIZED TRAILERS, INC."
6161,"U.S. BUILT TRAILERS, LLC"
6163,"NORTH CADDO WELDING & FABRICATION, INC."
6164,"AUTOCAR INDUSTRIES, LLC"
6165,PI MOBILITY
6166,SHELL INDIA MARKETS PRIVATE LIMITED
6167,"RIVERSIDE TRAVEL TRAILER, INC"
6168,"GLOBAL PUMP COMPANY, LLC"
6169,SIKESTON FENDER dba TRAILER PARTS PLUS
6170,CALDER BROTHERS CORPORATION MANUFACTURER OF MAULDIN PAVING PRODUCTS
6173,CURRY SUPPLY CO.
6174,IRON PANTHER INCORPORATED
6175,"JIANGXI KAMA BUSINESS BUS CO., LTD.,"
6176,BRIMSTONE CYCLES LLC
6177,ADVANCE LIFTS
6178,ALLEYKAT KUSTOMS OF ARIZONA
6179,"POLAR TANK TRAILER, LLC"
6180,YUEQING HUAXIA HELMET FACTORY
6181,DESTINY FABRICATION LLC dba Genesis Trailers Inc.
6182,"SV HOLDINGS, INC."
6183,"CIRCLE J TRAILERS, INC."
6184,TOTE 'em TRAILERS
6185,"CONTRACT WELDING & FABRICATING, INC."
6186,UTILITOY LLC
6188,BADGER MANUFACTURING (CANADA) LTD.
6189,"JEN HUI LING LIGHTING ENT. CO., LTD."
6190,AGB (ATELIER GERARD BEAULIEU INC.)
6192,HIGH QUALITY CUSTOM DESIGN
6193,PERRIN MFG. INC.
6194,"XIAMEN SUNRISE GROUP CO., LTD."
6195,ADMIRAL TRAILERS
6196,"TCT MANUFACTURING, LLC"
6197,UNITED SITE NATIONAL SERVICES COMPANY A UNITED SITE SERVICE CO.
6198,"TLR WELDING & FABRICATING, INC."
6199,"SABERTOOTH MOTOR GROUP, LLC"
6200,WRIGHTBUS LTD.
6201,"TRIFUN, INC."
6202,"CONDOR ENGINEERING AND MANUFACTURING, LLC"
6203,"CHASE TRAILERS, LLC"
6204,"HYDRAULIC MUDPUMPS, INC."
6205,OTTO TRUCK BODY
6206,ZIMM-O-MATIC LLC
6207,STEWART-AMOS SWEEPER CO.
6208,HALSEY Z TRAILERS
6209,ONE EMBARCADERO CENTRE
6210,"J.G. ENTERPRISES, INC. "
6211,"LDJ MANUFACTURING, INC."
6212,"MODISETTE WELDING & SUPPLY, CORP."
6213,CRIMINAL CUSTOMS INC
6214,DONHAM'S MOBILE SERVICE
6215,"KWIK LOAD, INC."
6216,TITAN TRAILERS
6217,"MIRSBERGER MANUFACTURING, LLC"
6218,"ACTION SIGNS AND BILLBOARDS, INC."
6219,BULLETPROOF TRAILERS
6220,WACKER NEUSON PRODUCTION AMERICAS LLC
6221,KELDERMAN INDUSTRIES
6222,BUILT-RITE FORESTRY EQUIPMENT LLC
6223,HAPPITRAILS TRAILERS LLC
6224,"CUSTOM FARM AND RANCH SUPPLY, LLC"
6225,TRUX LLC
6226,R&J TRAILERS INC
6227,NOR-TECH FABRICATION LLC
6228,"T & T UNLIMITED, LLC"
6229,VANTAGE VEHICLE INTERNATIONAL INC.
6232,"DEANGELO BROTHERS, INC."
6233,"MID-ATLANTIC TRANSPORT, INC."
6234,"ZHEJIANG WELET PLASTIC (HELMETS) CO., LTD."
6235,PACIFIC ALOHA INNOVATIONS
6236,ULTRA HAULERS CORP.
6237,SEMEREDY IMPERIAL LLC
6238,BAGGETT'S TRAILER CONNECTION LLC
6239,"TRAILER COMPONENTS, INC."
6240,ACCUSTOMX
6241,NY MOTORCYCLE DESIGN
6243,TRUCKS & TRAILERS OU
6244,"TW ENTERPRISES, INC."
6245,MURRAY'S TAG & TITLE SERVICES
6246,"SHENZHEN GREENWHEEL ELECTRIC VEHICLE CO., LTD."
6247,SWELL MARINE
6249,QUANTYA SA
6250,"RONALD J. MENARD "
6251,"ARMOUR GROUP, INC."
6252,MAYNARD FAB & TRAILER SALES LLC
6253,"MAINTAINER CORPORATION OF IOWA, INC."
6254,"RAYNER EQUIPMENT SYSTEMS, INC."
6256,GENERAL BODY MANUFACTURING COMPANY
6258,WEATHERFORD TRUCK EQUIPMENT
6259,EAGLE FORD TANKS & TRAILERS LLC
6260,"DIAMONDBACK TRAILERS, LLC"
6261,"FORTITUDE MANUFACTURING, LLC"
6262,WESTERN CASCADE CONTAINER LLC
6263,"TOURINGPRODUCTS.COM, LLC"
6264,GOTWALS BROTHERS LLC
6265,FEHR'S INDUSTRIAL MANUFACTURING LLC
6266,GREEN BEE ELECTRIC VEHICLE TECHNOLOGY INC.
6267,"LINDCO EQUIPMENT SALES, INC."
6268,SUSQUEHANNA TRUCK SERVICE
6269,"MASTERCRAFT TOOLS FLORIDA, INC. "
6270,"WEST COAST TRUCK EQUIPMENT, INC."
6271,"FLAMING HACKSAW FABRICATION, LLC"
6272,HI-RIDE MANUFACTURING LLC
6274,"QUALITY TRAILER MANUFACTURY, INC."
6275,TI AUTOMOTIVE ARGENTINA SA
6276,BUNDY TUBING CO (AUSTRALIA) PTY LTD
6277,TI GROUP AUTOMOTIVE SYSTEMS (BELGIUM) SA
6278,TI BRASIL INDUSTRIA E COMERCIA LTDA
6279,TI AUTOMOTIVE CANADA INC. DBA TI AUTOMOTIVE AND/OR BUNDY
6280,BUNDY FLUID SYSTEMS (CHONGQING) CO. LTD.
6281,"BUNDY FLUID SYSTEMS (SHANGHAI) CO., LTD"
6283,"BUNDY FLUID SYSTEMS (TIANJIN) CO., LTD"
6284,"TI AUTOMOTIVE SYSTEMS (CHANGCHUN) CO., LTD"
6285,"TI AUTOMOTIVE SYSTEMS (HAINAN) CO., LTD"
6286,"TI AUTOMOTIVE SYSTEMS (SHANGHAI) CO., LTD"
6287,"WUHAN BUNDY FLUID SYSTEMS CO., LTD"
6288,BUNDY COLOMBIA SA
6289,TI AUTOMOTIVE AC SRO
6290,TI GROUP AUTOMOTIVE SYSTEMS SRO
6291,TI AUTOMOTIVE FUEL SYSTEMS SAS
6292,"TI GROUP AUTOMOTIVE SYSTEMS, SAS"
6293,TI AUTOMOTIVE (ETTLINGEN) GMBH
6294,TI AUTOMOTIVE (FULDABRÜCK) GMBH
6295,TI AUTOMOTIVE (GIFHORN) GMBH
6296,TI AUTOMOTIVE (HEIDELBERG) GMBH
6297,TI AUTOMOTIVE GMBH
6298,TI AUTOMOTIVE (NEUSS) GMBH
6299,TI AUTOMOTIVE ENGINEERING CENTRE (HEIDELBERG) GMBH
6300,"CHANGZHOU JINMAO VEHICLE LAMPS CO., LTD."
6301,HUNDRED STUDIO INC
6302,L.T. CUSTOMS
6303,"ROLLING STAR MANUFACTURING, INC."
6304,"CHIPING XINFA ALUMINOUS PRODUCT CO., LTD."
6305,"INTEGRADORA MAQUIRENT, S.A. DE C.V."
6306,ELITE TOOL LLC
6307,"CHANGZHOU ZHILIN AUTO PARTS CO.,LTD"
6308,"ZHEJIANG WANHAO MOULD & PLASTIC CO., LTD."
6309,"EVOLUTION TRAILER TECHNOLOGIES, INC."
6310,"GUANGZHOU VIKOUSI ELECTRONIC TECHNOLOGY CO., LTD."
6311,"GUANGDONG KINGWOOD ELECTRONIC CO., LTD."
6312,ZEROTRUCK CORPORATION
6313,WICKED DESIGNS LLC
6314,DARK WARRIOR MOTORCYCLE CORP
6315,"ZING CARS, INC."
6316,"ARCH MOTORCYCLE COMPANY, LLC"
6317,H & J INVESTMENT DBA ZEUS CHOPPERS
6318,WALDROP'S WELDING & FABRICATION LLC
6319,TANQUES Y EQUIPOS INDUSTRIALES S.A DE C.V.
6320,"TERCO MANUFACTURING, LLC"
6321,STRUK AUTO TRANSPORTE SA DE CV
6322,"LONE STAR TRAILER SERVICES, INC."
6324,CHARLES BLASS WELDING LLC
6325,TENNFAB
6326,STEVES WELDING
6327,R & M TRAILER MFG. INC.
6328,"SIZEMORE WELDING, INC."
6329,MASTIFF TRAILERS LLC
6330,JMG EQUIPMENT COMPANY
6331,"CALIFORNIA WORK TRUCKS, INC."
6332,"BATTISTI CUSTOMS, INC."
6333,"BAY ENERGY SERVICES, INC."
6334,A & K EQUIPMENT CO. INC.
6335,HOT MIX MOBILE LLC
6336,"FLEET EQUIPMENT, LLC"
6337,"ERTL FABRICATING, INC."
6338,BALDOR ELECTRIC COMPANY
6339,"LGS INDUSTRIES, INC."
6340,"BURCH TANK & TRUCK, INC. (FORMERLY, BURCH WELDING & TANK)"
6341,"JIM-N-I, INC."
6342,"XINGMIN INTELLIGENT TRANSPORTATION SYSTEMS (GROUP) CO.,LTD"
6343,"JAY SQUARED, LLC"
6344,"FOSHAN ELECTRICAL AND LIGHTING CO., LTD."
6345,RUI'AN CITY DAXIN HOSE FACTORY
6346,PENN JERSEY CYCLES LLC
6347,LUX CUSTOMS LLC
6348,"AZ HOLDINGS, INC."
6349,TANKKO LLC
6350,"FOSHAN HAILA ELECTRICAL CO., LTD."
6351,BIGFOOT INDUSTRIES (2010) Inc.
6352,OAK & IRON CO.
6354,CLARKE POWER SERVICES INC.
6355,PURO REMOLQUE S.A. DE C.V.
6356,"NINGBO SANJIANG DYKON MOTORCYCLE CO., LTD."
6357,"BRASS PRO INDUSTRIAL CO.,LTD."
6358,HOBBS MANUFACTURING LLC
6359,CARDINAL INDUSTRIES LLC
6360,INTEGRITY METAL FAB LLC
6361,"TEXSTAR RV AND TRAILERS, INC."
6362,"SHENZHEN SUNKING ELECTRONICS TECH., CO., LTD"
6363,"JIANGSU FULAIDISI AUTO SYSTEM CO., LTD"
6364,AEROVAULT LLC
6365,LITTLE FOX CAMPERS
6366,"CENTRAL CONNECTICUT TANK FABRICATION & TRUCK REPAIR, LLC"
6367,MAG INTERNATIONAL INC.
6368,HERITAGE ONE RV INC.
6369,BUSHTEC PRODUCTS CORPORATION
6371,"ZHEJIANG KEDALI PIPE INDUSTRY CO., LTD."
6372,"YONGKANG MTL METAL PRODUCTS CO., LTD."
6373,"FAT GUINEA CUSTOMS, LLC"
6374,"TAIZHOU GONGDA MOTORCYCLE PARTS CO., LTD"
6375,FATMANCYCLEWORKS
6376,SURE-LOAD TRAILERS
6377,"GENERAL CRANE SERVICE, INC."
6378,"VOGEL TRAFFIC SERVICES, INC."
6380,"SYNERGY DESIGN & PRODUCTION, LLC"
6381,BRM TRAILERS
6383,"IMPRESSIVE MOTORSPORTS, LLC"
6384,"J&D HYDRAULIC & REPAIR CO., INC."
6385,"THT MANUFACTURING,  INC."
6386,COVENTURE LLC dba WESTSIDE TRAILERS
6387,"FAITH FORGOTTEN, LLC"
6388,T-RAXX SYSTEMS INC.
6389,"SAFE-T-TANK CORP,"
6390,"BOHNENKAMP'S WHITEWATER CUSTOMS, INC."
6391,M & W SHOPS INC. dba MULTI-VAC
6392,MONARCH LEASING INC.
6393,US TRUCK BODY
6394,ROSS LEVAY dba LEVAY MACHINE CO. LLC
6395,"SPORTWORKS NORTHWEST, INC."
6396,"TRIUNE MANUFACTURING CO., INC."
6397,"HULL PORTER TRAILERS, INC."
6398,THE BRINKMANN CORPORATION
6400,"FLICKER GROUP, INC."
6401,STARFIRE TRAILER SYSTEMS
6402,"FOREMOST TRUCK & TRAILER SPECIALISTS, INC."
6403,"INTERNATIONAL TELECOMMUNICATION SUPPLY CO., LLC"
6404,WILLIAM N. MASON INC. t/a MASON DRAWN EQUIPMENT
6405,"HOLCOMB FREIGHTLINER, INC."
6406,GREENKRAFT INC.
6407,PRECISION BOATWORKS
6408,"BRAMMO, INC."
6409,OUTDOORS RV MNUFACTURING INC.
6410,NOGAS LLC
6411,"FREEMYER INDUSTRIAL PRESSURE, LP"
6412,SHETRON MANUFACTURING LLC
6413,WOLFE ELECTRIC INC.
6414,"CAROLINA TRAILERS DIRECT, LLC"
6415,"NORNBERG TRAILER, INC."
6416,IMAGINATIVE MANUFACTURING INC.
6417,"ZHEJIANG RUIFEI TRAFFIC EQUIPMENT CO., LTD."
6418,"XIAMEN XIAGONG YUWEI HEAVY INDUSTRY CO., LTD."
6419,"CHANGZHOU JUXIN LAMP CO., LTD."
6420,"JIANGSU CITY YUXIN VEHICLE LAMPS CO., LTD."
6421,SHAOXING JINGLING VEHICLE REFLECTOR FACTORY
6422,BIG BOY TRAILERS
6423,R. E . PLANTE COMPANY
6424,STREET CARS BY VOLLA'S CARTS & SERVICE
6425,ATLAS CUSTOM TRAILERS
6426,IDEAL TRAILER'S INC.
6427,"ROCKY MOUNTAIN WELDING & FABRICATING, INC."
6428,TRAIL-A-TOY MANUFACTURING CORPORATION
6429,TREAD CORPORATION
6430,"GENERAL SERVICES, INC."
6431,"TRANSPORTATION COLLABORATIVE, INC."
6432,FIBERTECH SERVICES INC.
6433,BESTBILT TRAILERS
6434,ANDERSON BROS.
6435,SUNSET PARK & RV INC.
6436,STEAMROLLER MOTORCYCLE COMPANY LLC
6437,RICHARD CARTER MFG.
6438,"COOKSHACK, INC."
6439,"TRANS EQUIPMENT, CO."
6440,IMPLEMENTOS BANENS SA DE CV
6441,KEYSTONE TRAILERS INC.
6444,CERDA INDUSTRIES INC.
6445,"TRANSPORTATION POWER, INC."
6446,VESSEL SERVICE CO.
6447,JEFF NICKLUS DESPERADO MOTORCYCLES LLC
6448,"HAUL-ALL, INC."
6449,L&J SUPPLY
6450,"COMMERICAL TRUCK & VAN EQUIP., INC."
6451,ADRIAN EQUIPMENT COMPANY
6452,MAXEY WELDING
6453,COMMERICAL VAN INTERIORS
6454,COMMERCIAL VAN INTERIORS
6455,DENNIS TRUCK & EQUIPMENT CO.
6456,HANGZHOU FORLONG AUTOMOBILE COMPONENTS
6457,"QINYANG XINGBO WHEEL MAKING CO., LTD."
6458,"JIAOZUO SAIER AUTOMOBILES FITTINGS MAKING CO., LT"
6460,"JOYHON, INC."
6462,"LIBERTY SEAMLESS ENTERPRISES, INC."
6463,APEX MOTOR USA
6464,MC EQUIPMENT
6466,"KUKURIN CONTRACTING, INC."
6467,ROAD BOSS TRAILER MFG.
6468,JR CUSTOM TRAILERS LLC
6469,LANCE CAMPER MFG. CORP.
6470,"H.D. INDUSTRIES, INC."
6471,"BRANDFX, LLC"
6472,"CHAMPION TRIKE MANUFACTURING, INC."
6473,TRUCK CRANE SOLUTIONS
6474,LAS VEGAS CLASSIC COACH LTD.
6475,SLED SHED ENTERPRISES DBA GREAT LAKES PORTABLE
6476,CNC TRAILERS & FABRICATION
6478,"DESIGNLINE USA, LLC"
6480,"BE SEEN ADVERTISING AND CUSTOM DESIGNS, INC."
6481,"JWF INDUSTRIES, INC."
6482,TRAILER FX CUSTOM MFG
6483,"BOB'S CUSTOM CREATIONS, LLC"
6484,"TITAN MANUFACTURING, LLC"
6485,WYOMING DEPARTMENT OF TRANSPORTATION
6486,HOMETOWN WELDING LLC
6487,GUANG YANG INDUSTRIAL WORKS
6489,"BEST LANE ENTERPRISES INC. "
6490,"2101, LLC DBA INTERCONTINENTAL TRUCK BODY "
6492,"DSU PETERBILT & GMC INC. DBA DSU REBUILD CENTER, DIESEL SERVICE UNIT CO."
6493,"GIBSON BROTHERS WELDING, INC."
6494,HUTCHINSON TUNISIE
6495,TRILLIUM RV LTD.
6496,TOTEM EQUIPMENT and Supply Inc.
6497,JENNER SALES CORPoration
6498,"SUREFITTERS, INC"
6499,"THRU-WAY TRAILERS, LLC"
6500,CASINJAC
6501,"JIANGSU JUNHUI Safety SYSTEM CO., LTD."
6502,"CHANGZHOU GUDE AUTO PARTS CO., LTD."
6503,LONE STAR GRILLZ AND FABRICATION LLC
6504,COPAN CO LLC
6505,TERRADYNE ARMORED VEHICLES INC.
6506,"TRUCK BED AND TRAILER SALES, LLC"
6507,"AMREP, INCORPORATED"
6508,"ZHONGSHAN CARRI AUTO LAMP PRODUCTS CO., LTD."
6509,"NIAGARA FABRICATION, INC."
6510,"CLEAN ENERGY ALTERNATIVES, LLC"
6511,"TAIZHOU CITY YUANJIA INDUSTRY CO., LTD."
6512,A-1 SYSTEMS
6513,"AMELIT, INC."
6514,EM TRANSFER COMPANY
6515,HAMMER DOWN CHOPPERS LLC
6516,"KEITH'S TRUCK SERVICE, INC."
6517,MIKE'S TRUCK SERVICE & SALES INC.
6518,AMERICAN STAR METAL FABRICATION LLC
6519,"ALBATROS PROMOTORA EMPRESARIAL, S.A."
6520,IRON OUTFITTER
6521,"BENNETT'S GARAGE & TOWING, INC."
6522,DONGHAI COUNTY LANTIAN AUTO WHEEL FACTORY
6523,"Zhejiang Hengzheng Auto Parts Co., Ltd."
6524,"JIANGSU SHENTONG AUTO PARTS CO., LTD"
6525,"CIXI GRAND UNION AUTO PARTS CO., LTD"
6526,"HANGZHOU WT MECHANICAL & ELECTRICAL TECHNOLOGY DEVELOPMENT CO., LTD."
6527,"DANYANG QINGTIAN PLASTICS CO., LTD"
6528,"LIANYUNGANG ALLEN IRON STEEL CO., LTD."
6529,Ratco LLC Welding
6530,FOSHAN CITY NANHAI DISTRICT JIUJIANT JINYOMI HARDWARE & PLASTIC FACTORY
6531,"KING TRAILERS, INC."
6532,"Anderson Custom Iron Works, LLC"
6533,AUTOMOTIVE DESIGNS AND FABRICATIONS
6535,Boulevard Auto & Truck Repair
6536,"TARTER INDUSTRIES, LLC (TARTER WEST)"
6537,"St. Landry EMS, LLC"
6538,PRO DOG CREATIONS
6540,47 INDUSTRIES
6541,WARLOCK RIGIDS
6542,TEXAS OUTLAW CYCLES
6543,"M W BOURNE COMPANY, INC."
6544,"ILJIN COMPOSITES CO., LTD."
6545,GANGSTER CHOPPERS INCORPORATED
6546,EDGE MARINE INC.
6548,"ROCK ISLAND Trailer, LLC"
6549,OZONE SRL
6550,LAKE FABRICATORS INC.
6551,PEEL ENGINEERING LIMITED
6552,KINOS CUSTOM CONCEPTS LLC
6553,"GOOD EARTH ENERGY CONSERVATION, INC"
6555,"SIX GUN WELDING, LLC"
6556,"DIAMOND CARGO, LLC"
6557,"COMMERCIAL TRAILER, LLC"
6558,"QUALITY WELDING & FABRICATION, INC."
6559,"PACESETTER ROADSIDE ASSISTANCE, INC."
6560,"OMP Specialties, Inc."
6561,FOUR SEASONS TRUCK EQUIPMENT
6562,"MULTIPHIBIOUS VEHICLE COMPANY, LLC"
6563,"YOUNESSI MOTORS, LLC"
6564,"TUF-MANUFACTURING, INC."
6565,NEW AUTOS INC.
6566,TWO STATE
6567,"PLATINUM COTTAGES, LLC"
6568,HAMMELMANN CORPORATION
6569,"Chase Enterprises, Inc."
6570,SHETRON CUSTOM TRAILERS
6571,"VIA MOTORS, INC."
6572,"STEEL SMITH TANK & EQUIPMENT, LLC"
6573,"LEGACY EQUIPMENT CO., DBA AG TRUCK EQUIPMENT COMPANY"
6574,NORTHWEST FLATTANKS LLC
6575,"DAST TANKS, LLC"
6576,LINEMASTER SERVICES LLC
6577,"UNIDAD DE VEHICULOS INDUSTRIALES, S.A."
6578,"SIOUX AUTOMATION CENTER, INC"
6579,M Chein Equipment and Logistics
6580,ADVANTAGE CUSTOMS LLC
6583,PRO-FORMANCE MANUFACTING INC.
6584,HYDRO TEK CORP.
6585,SPECIALIZED HAULING CONCEPTS LLC
6586,BLOSSMAN GAS INC.
6587,"PEAK INDUSTRIES, INC."
6588,"SILVER RANCH INDUSTRIES, LLC"
6589,KIWI AIR LLC
6591,"ANHUI DARUI RUBBER CO., LTD."
6592,"Palm Beach Golf Cars, LLC"
6593,"CASECO TRUCK BODY & EQUIPMENT SALES - OKC, LLC"
6594,TRITON AMBULANCE BUILDERS
6595,"TRI-STATE RETREADING, LLC"
6597,SHELLBOURNE REYNOLDS ENGINEERING LTD.
6598,QINGDAO HONGHUA TYRE FACTORY
6599,ZAKS CUSTOM PITS
6600,ELWELL ENTERPRISES LLC
6601,"QUALITY PRODUCT SOLUTIONS, LLC"
6602,"VERSATILE TRAILERS, INC"
6603,RAINIER TRUCK AND CHASSIS LLC
6604,CleanNG LLC
6605,"LANCE CO., LTD."
6606,TS GROUP LLC
6607,"CHANGZHOU DENGFENG AUTOMOBILE INDUSTRY CO., LTD."
6608,"TAIZHOU LUQIAO HENGRONG MECHANICAL & ELECTRIC CO., LTD."
6609,R & D BAKER TRAILERS LLC
6610,"EQUIPMENT DEVELOPMENT CO., INC."
6611,SOLARES TRAILERS
6612,CABOT COACH BUILDERS INC
6613,"READY CUSTOMS, LLC"
6614,READING TRUCK GROUP LLC
6615,MATTMAN GLOBAL SPECIALTY VEHICLES
6616,"DUCWORLD, INC."
6617,FINELINE TRAILERS
6618,TOMMY TOW TRAILERS LLC
6619,NOV LUXEMBOURG S.A.
6620,TAIZHOU YINGJIA VEHICLE ACCESSORIES CO. LTD.
6621,JAG MOBILE SOLUTIONS
6622,AUBREY L. CONNER PROPERY LLC dba CONNER FARM AND RANCH SUPPLY
6623,HESTER AND WALTON TAILGATING TRAILERS
6624,"NEXX-USA, LLC"
6625,GE TRAILERS
6626,MBK MOTORIZED VEHICLES
6627,FLEET EQUINE LLC
6628,LEGACY RV LLC
6629,LOGAN COACH INC.
6630,"WOODCREDIT, INC. "
6631,TALON TRIKES LLC
6632,B&M PERFORMANCE CYCLES
6633,TAMARACK INDUSTRIES OF AMERICA
6634,AEP NORTH AMERICA
6635,EZ PULL TRAILERS LLC
6637,"ROKE CUSTOMS, LLC"
6638,KINGDOM CUSTOMS MOTORCYCLE COMPANY LLC
6639,"CARSON TRAILER, INC."
6640,"J. PATTON AUTOMOTIVE, INC."
6641,"FRAC 1, INC."
6642,"CENTRAL STAR MANUFACTURING, LLC"
6643,"ELECTRIC CITY MOTORS, NORTH AMERICA, INC."
6644,MAX HELMETS LLC
6645,LABRIE ENVIRONMENTAL GROUP INC.
6646,"JUBILEE MOTOR COMPANY, LLC"
6647,LMT INC.
6648,STONEY HYDRAULICS
6649,PRIME-TIME SPECIALTY VEHICLES INC.
6651,"DHM TRAILERS, INC."
6652,COMPASS NORTH
6653,"DRILLERS MUD SYSTEMS, LLC"
6654,"HIRONS MEMORIAL WORKS, INC."
6655,EMERGENCY EQUIPMENT SPECIALISTS INC.
6656,PHOENIX TRAILERS INC.
6657,"YONGKANG JIASHITE VEHICLE CO., LTD"
6658,"GUANGZHOU HUAYE ELECTRIC VEHICLE TECHNOLOGY CO., LTD."
6659,"ZHEJIANG SENLING MOTORCYCLE CO., LTD."
6660,MARTIN CONQUEST LIMITED
6661,DREAM RIDGE DEVELOPMENT CORPORATION
6662,"TARTER INDUSTRIES, LLC"
6663,ANTRIM METAL WORKING & REPAIR LLC
6665,"TRANSPORT CONCEPTS USA, INC."
6666,"GREEN POWER TECHNOLOGY, LLC"
6668,SMJ TRAILERS LLC
6669,AL'S MOTORSICKLE SHOP INC.
6670,B.T. CUSTOM TRAILER
6671,LUMAX INDUSTRIES LIMITED
6672,"YUYAO SONGYUAN MOTOR VEHICLE SAFETY BELTS CO., LTD."
6673,"FAIRPLAY ELECTRIC CARS, LLC"
6674,"SKILES INDUSTRIES, INC."
6675,"ELECTRIC MOBILE CARS, INC."
6676,LEGGETT & PLATT
6677,"NATIONAL VACUUM EQUIPMENT, INC."
6678,GRAND LAKE FABRICATION LLC
6679,UNIQUE CYCLE WORKS INC.
6680,GEM-L INC.
6681,WENZHOU OUHAI MOTOR ORGANIC PLASTIC PARTS FACTORY
6682,"ZHEJIANG XUNDA PLASTIC & MOULD CO., LTD."
6684,"MARKLAND TRAILERS, LLC"
6685,"LA AURORA INDUSTRIAL CO., LTD."
6686,"ALUMACAR USA, LLC"
6687,"SHARPE COMPANIES, LLC dba STUMPHOUSE SCOOTS"
6688,AMERICANA CHOPPER COMPANY
6689,TANK SPORTS INC. a Parent Company of PMI NORTHERN COMPANY LTD.
6690,"ZHEJIANG KANGLI METAL PRODUCTS CO., LTD."
6691,"ZHEJIANG JONWAY MOTORCYCLE MANUFACTURING CO., LTD."
6692,"MJ AXQUISITIONS, INC., "
6693,A NETA MANUFACTURER
6694,"SORCE'S TRAILER SALES, INC."
6695,"WUXI PETROCHINA LUBRICATING GREASE CO.,  LTD."
6696,CLEAR CUT FABRICATION INC.
6697,AMERICAN PRODUCTS LLC
6698,HIGH DESERT GOLF CARS
6699,BAD BOY ENTERPRISES
6700,"FOSHAN FOSTI MOTORCYCLE MANUFACTURING CO., LTD."
6701,"QINGDAO HUAWU RUBBER & PLASTIC CO., LTD."
6702,"SHANGHAI MINGQI ALUMINUM INDUSTRY CO., LTD."
6703,VANGUARD REEFER TRAILER INC.
6704,"FIRST FUELING SYSTEMS, INC."
6705,ALL BOAT MANUFACTURING
6706,"EQUUS AUTOMOTIVE, INC."
6707,BESTWAY INC.
6708,"QUNSHENG GROUP CO., LTD."
6709,"STEALTH MANUFACTURING, L.L.C."
6710,"BIRSCHBACH MFG., LLC"
6711,"WINK TRAILER, LLC"
6712,"BRISTOL-DONALD CO., INC."
6713,WINDY RIDGE FABRICATION
6714,BILLY BOB'S TRAILER MFG.
6715,"DePUY'S CUSTOM CYCLES, INC."
6716,"ACME INDUSTRIES, LLC"
6717,FAST EDDIE'S CUSTOMS AND CLASSICS
6718,LED AUTHORITY
6719,"SPRINGERS CUSTOM CYCLES, LLC"
6720,SAPPHIRE SCIENTIFIC
6721,OLD FIELD MOTORCYCLE MFG.
6722,"PREBOLA PRODUCTS COMPANY, INC."
6723,"DAN'S GOLF CAR AND TRAILER SALES, LLC"
6724,"CARROCERIAS AYATS, S.A."
6725,FASTLANE LUBEMASTERS INC./FASTLANE LSV
6726,"EXTREME WARRIOR RVS OF IDAHO, LLC"
6727,"THE PIGGY BACKER COMPANY, INC."
6728,"H&H TRAILERS, LLC"
6729,LEFTY BROTHERS CYCLES LLC
6731,THE CHOP SHOP
6732,BLACKSTONE DESIGNS INC.
6733,"SOUTH DADE CHOPPERS, LLC"
6734,"G & E GOLF CARS & PARTS, LLC"
6735,CATTLE COUNTRY EQUIPMENT
6736,TWISTED IRON CUSTOMS LLC
6738,"SHANDONG FENGLUN TYRE CO., LTD."
6739,"SHANDONG HENGRONG RUBBER TECHNOLOGY CO., LTD"
6741,AWESOME REBUILD
6742,Southern Coach
6743,"METALCRAFT TOOL & DIE, INC."
6744,HINTERLAND INDUSTRIES
6745,ROCKY MOUNTAIN TRAILERS
6746,"MORGAN OLSON, LLC"
6747,"OUTBACK SPECIALTIES, LLC"
6748,"Lone Star Handicap Vans, LLC"
6749,NAT G CNG SOLUTIONS LLC
6751,DAVIS INDUSTRIES LLC
6752,"QINGDAO ZHENHUA BARROW MANUFACTURING CO., LTD."
6753,"QINGDAO HUASHENG RUBBER CO., LTD."
6754,NATGASCAR LLC
6755,"HYDROCAL, LLC"
6756,"INDIANHEAD TRUCK EQUIPMENT, LLC"
6757,"WARD ALTERNATIVE ENERGY, LLC"
6758,REWACO SPEZIALFAHRZEUGE GMBH
6759,"Intuitive Control Systems, LLC"
6760,"PALFLEET TRUCK EQUIPMENT COMPANY, LLC"
6761,CHAHTA ENTERPRISE METAL FABRICATION
6762,"JJ OUTDOOR INDUSTRIES, LLC"
6763,REVABILITY
6764,"CLOSED JOINT STOCK COMPANY ""CORDIANT-VOSTOK"""
6765,"JSC ""NIZHNEKAMSKSHINA"""
6766,NIZHNEKAMSK TRUCK TIRE PLANT LTD.
6767,NASTP LTD.
6768,BAD 2D BONE TRAILERS INC.
6769,"PALFLEET TRUCK EQUIP, CO., LLC"
6770,FIDO MOTORS
6771,RICHWAY INDUSTRIES
6772,JIM'S ENTERPRISE
6773,ARMOR INC.
6774,UNRUH MANUFACTURING
6775,COUNTY OF HUMBOLDT
6776,LEON'S WELDING & FABRICATION LLC
6778,CROSS PISTONS CUSTOM DESIGN
6779,"CT&E, LLC"
6780,HAHM EV CORPORATION
6782,FONTAINE ENGINEERED PRODUCTS (Fontaine Military Products)
6783,"VEYANCE (QINGDAO) ENGINEERED ELASTOMERS CO., LTD"
6784,SCJ ROBERTS LLC
6785,TROUBADOUR TRAILERS LLC
6786,"DON CHALMERS FORD, INC."
6787,PT. Yamaha Indonesia Motor Manufacturing
6788,"RAD CUSTOMS, LLC"
6789,QUALITY TRAILERS INC
6790,"AUBRIGHT, LLC"
6791,"C B REPAIR & TRAILER MAINTENANCE, INC."
6792,"REVZILLA MOTORSPORTS, LLC dba REZILLA dba REVZILLA.COM"
6793,TUMBLE WEED TINY HOUSE COMPANY
6794,"SHANDONG JINYU ENGINEERING MACHINERY MANUFACTURING CO., LTD."
6795,JOSE ANTONIO MEDINA PEGRAM
6797,"AERO-MARINE, LLC "
6798,"JIANGSU XINRI E-VEHICLE CO.,LTD."
6799,THE RV FACTORY LLC
6800,CONDON JOHNSON AND ASSOCIATES
6801,"EH CONCEPTS, LTD."
6802,"DYNAMIC TRAILERS, LLC"
6803,ROSS MOTORCYCLES LLC
6804,THE TRAILER SHOP
6805,"INTEGRATED CHASSIS SOLUTIONS, LLC "
6806,INNOVATIVE STRUCTURE & DESIGN
6807,"DMP AWNINGS, LLC"
6808,SIAMTRUCK RADIAL COMPANY LIMITED
6809,"FUYAO GLASS RUSSIA CO., LTD. "
6810,"XINYI AUTO PARTS TIANJIN CO., LTD."
6811,DAFENG JAGUAR RUNZE MACHINERY LLC
6812,"SHANDONG HAOLONG RUBBER TYRE CO., LTD "
6813,"DERUIBAO TIRE CO., LTD. "
6814,"LANG SPECIALTY TRAILERS, LLC"
6815,"VALLEY TRAILERS DIVISION OF CREATIVE FAB & WELDING, LLC"
6817,AFAB PETROLEUM EQUIPMENT & STEEL FABRICATION
6818,"FUZHOU CHING HO AUTOMOBILE ACCESSORY CO., LTD."
6819,"JUST IN HARDWARE CO., LTD"
6820,"JIANGSU SINSKI VEHICLE SCIENCE & TECHNOLOGY CO., LTD."
6821,D & K TRAILERS INC.
6822,"LB TELESYSTEMS, INC."
6823,NOGAS ELECTRIC SCOOTER CO.
6824,TEJAS TRAILERS
6825,"NO MAGIC NEON, INC./ STREET MAGIC LEDS"
6826,"EVERGREEN RECREATIONAL VEHICLES, LLC "
6827,RIECHER'S TRUCK BODY & EQUIPMENT CO.
6828,EBL ENTERPRISES INC.
6829,NORTHSHORE MANUFACTURING
6830,MIDWAY EQUIPMENT & SUPPLY CO.
6831,"YUYAO QILIN TUBE INDUSTRY CO., LTD"
6832,"YAKIMA PRODUCTS, INC."
6834,APTERA MOTORS CORP.
6835,UNIQUE FABRICATIONS INC.
6836,"ZHEJIANG TAOTAO INDUSTRY CO., LTD."
6837,"DENNING MACHINE SHOP, INC."
6838,ALDRIDGE ELECTRIC INC.
6839,LAMPI EQUIPMENT INC.
6840,MIZER MOTOR WORKS INCORPORATED
6841,NUCTECH COMPANY LIMITED
6842,"AUTOLIV SAFETY SYSTEMS INDIA PVT., LTD.,"
6843,"DILLARD RALSTON INC. "
6844,CUSTOM QUALITY CONCESSION & BBQ TRAILERS INC
6845,E-W TRAILERS
6846,BURKE ENTERPRISES
6847,RACING LIZARD CHOPPER
6848,"FIREBIRD CUSTOM CHOPPERS, LLC"
6849,REVELL MOTORCYCLE COMPANY
6850,MARK TAYLOR ENTERPRISES
6851,INFAMOUS MOTORCYCLE COMPANY
6852,FOUR HORSEMEN MOTORCYCLES LLC
6853,"HEDERER BUILT MFG., INC."
6854,DYNATEST NORTH AMERICA
6855,HANCOCK INDUSTRIES
6856,ALUMINEX FABRICATION
6857,VINPIN CHOPPERS LLC
6858,SIBERIAN TRAILERS
6859,BARNICK'S TRUCK & EQUIPMENT
6860,"HAWAIIAN CHARIOT WHEELCHAIR MOTORBIKES, LLC"
6862,ZHEJIANG HUANGYAN DAYANG MOTORCYCLE PENJIAN FOCTOR
6863,"FTCA, INC."
6865,"TRAIL BOSS CONVERSIONS, INC."
6866,NASH CAR TRAILER CORPORATION
6867,BANDIT BIKEWERKS
6868,OHIO VAN & TRUCK SUPPLY
6870,DP MANUFACTURING LLC
6871,"DRIVERGE VEHICLE INNOVATIONS, LLC"
6872,"OMAHA TRUCK EEQUIPMENT, LLC"
6873,"MID-STATE TANK COMPANY, INC."
6874,RANGER TRAILERS
6875,S C TRAILERS
6876,"W.N.Y. BUS PARTS, INC. "
6877,"CHONGQING D-CHAMWIN MOTOR TECHNOLOGY CO.,LTD."
6878,"ACE TRUCK BODY AND TRAILER REPAIR INC "
6879,"LAWLESS WELDING, INC"
6880,THE L.E. MYERS CO.
6881,"STURGEON ELECTRIC CO., INC."
6882,"FIREMATIC MFG., INC."
6884,"NEO CLASSIC MANUFACTURING, LLC"
6885,"POKER CLOTHING, INC. dba WARRIOR LIFESTYLES"
6886,HJ CUSTOMS
6887,"EV AMERICA, LLC"
6888,ERIE ALUMINUM PRODUCTS
6889,EGM WELDING AND TRAILERS
6890,"NOMAD GLOBAL COMUNICATION SOLUTIONS (GCS), INC."
6891,"FEDERAL COACH, LLC"
6892,NEW MEXICO STEEL FABRICATORS INC.
6893,"TRAVELMATE, LLC"
6894,"MUD TECHNOLOGY INTERNATIONAL, INC."
6895,"C.D. HILL ENTERPRISES, INC. "
6897,CHARLES L WHIGHAM SR DBA BEST BUILT TRAILER
6898,"MUTTER'S CYCLE SUPPLY, INC. "
6899,BURCHLAND MANUFACTURING INC.
6900,CONCEPT PRODUCTS CORPORATION
6901,"LAKESIDE TRAILER MANUFACTURING, INC."
6902,HUNS MOTORCYCLE MANUFACTURING
6903,STANDARD MOTOR CORPORATION
6904,TWENTY EIGHT INC.
6905,"TITAN UTV, LLC"
6906,SICON
6907,"GRAETZ MANUFACTURING, INC."
6908,"CONQUEST MOTOR COMPANY, INC."
6909,"CT&T AMERICA, INC."
6910,"WORLDWIDE TRAILER MANUFACTURING, INC."
6911,"ULTRA TRAILER CO., INC."
6912,LECTRUS CORPORATION
6913,TRAILER FRANCHISE
6914,TATE'S CUSTOMIZATIONS
6915,"GREEN VALLEY MANUFACTURING, INC."
6916,"PRATT & WHITNEY POWER SYSTEMS, INC."
6917,"THOMPSON CHOPPERS, LLC"
6919,"FELLING TRAILERS, INC."
6920,"POWER EQUIPMENT LEASING COMPANY, INC."
6921,"CLAY'S TRAILER SALES, LLC"
6922,HIGHTOWER CUSTOMS
6923,"ROCKANDROD LLC "
6924,BLUE GHOST CYCLES
6925,"PELLETIER MANUFACTURING, INC."
6926,FORMULA TRAILERS LLC
6927,"SS TRIKE, LLC"
6928,TUTHILL DRIVE SYSTEMS DIVISION OF TUTHILL CORPORATION
6929,"TAIZHOU HUANGYAN DINGSHENG MOTOR VEHICLE CO., LTD."
6930,"LIFETIME PRODUCTS GROUP, INC."
6931,"SHANDONG BAOYA NEW ENERGY VEHICLE CO., LTD."
6932,"DANYANG RISINGSTAR AUTOLAMP CO., LTD"
6933,"DANYANG SANMING AUTOMOTIVE SPARE PART CO., LTD."
6934,ALAN AUTOSPORTS
6936,"SHANGHAI HUGONG AUTO-ELECTRIC CO., LTD."
6937,WILD WEST MOTOR COMPANY
6938,FIREBLAST 451 INC.
6939,"DELUN TIRE CO., LTD"
6940,"SHANDONG ZHONGYI RUBBER CO.,LTD"
6941,"WUYI QIANGNAI RUBBER MANUFACTURE CO., LTD."
6942,SHANGHAI CHINAUST AUTOMOTIVE PLASTICS CORP. LTD.
6943,NUMSIAM RUBBER ( LAOS) CO. LTD
6944,"AUNG HTET MYET CO., LTD (YANGON TYRE FACTORY)"
6945,BALKRISHNA INDUSTRIES LTD.
6946,"ZHEJIANG KEDALI INDUSTRY CO.,LTD"
6948,PINE CONE LOW SPEED LLC
6949,GRIFFIN INCORPORATED
6950,SOUTHERN DIMENSIONS GROUP INC.
6951,"A4 ECO WORLD TIRES, LLC"
6952,QUIXOTE MM LLC
6953,"NANJING YUNHAI AUTOMOBILE GLASS & EQUIPMENT MANUFACTURING CO., LTD."
6954,CHANGZHOU ZHENGLIANG AUTOMBILE FITTINGS FACTORY
6955,"TIANJIN CENTURY RUBBER CO., LTD."
6956,"SHANDONG FUYU BLUESTONE TYRE CO., LTD."
6957,"XINJIANG KUNLUN TYRE CO., LTD."
6958,"XINJIANG KUNLUN ENGINEERING TYRE CO., LTD."
6959,AUTHORITY TRANSPORTATION
6960,"SHANGHAI PROWEL TECHNOLOGY CO., LTD"
6961,"SHANDONG HAOHUA TIRE CO.,LTD"
6962,"TIANJIN HUGE DRAGON TIRE CO., LTD"
6963,"NANTONG FANHUA GLASS METAL PRODUCTS CO., LTD."
6964,QINGDAO GE RUI DA RUBBER COMPANY
6965,"SHANGHAI MIKROUNA MECH. TECH. CO., LTD"
6966,TAIAN YUAN CAR GLASS FACTORY
6967,"JOYALL (WEIHAI) TIRE CO., LTD. "
6968,"TAIZHOU YIMA VEHICLE INDUSTRY CO., LTD."
6969,"TIANJIN JAL, WHEEL CO., LTD."
6970,"ZIYANG JUDA VEHICLE SAFETY SYSTEM CO., LTD."
6971,SHANDONG DETONG WHEELS JOINT-STOCK CO. LTD
6972,"SUZHOU CHENXIN TIRE CO., LTD."
6973,"BULK TEK MANUFACTURING, INC."
6974,GARRY'S TRUCK REPAIR
6975,MB&G OILFIELD FABRICATION
6976,"CROSS TRAILER MANUFACTURING & SALES, LLC"
6977,CAPITAL PUMP & EQUIPMENT
6978,YORK MOTORS INC.
6979,"CIF INDUSTRIES, INC."
6980,"SELEC TRAILERS, LLC"
6981,BACK YARD CHOPPERS
6982,"NAKAJIMA GLASS CO., LTD"
6983,"HENAN CARPUD SAFETY GLASS CO., LTD."
6984,"HEBEI TIANRUI RUBBER CO., LTD."
6985,"MOTIV POWER SYSTEMS, INC."
6986,DIAMOND CITY TRAILER
6987,"TREAD WAREHOUSE, INC."
6988,"JCH SOLUTIONS INC. (previously known as Mace Welding & Fabrication, Inc.)"
6989,ALL-TERAIN CONVERSIONS LLC
6990,KLD ENERGY TECHNOLOGIES
6991,"PHILLIPS DIVERSIFIED MANUFACTURING, INC."
6992,"CON-WAY MANUFACTURING, INC."
6993,POOL TRAILER DESIGN
6994,PETROBULL SALES LLC
6995,NORTHWEST ALUMINUM TRAILERS
6997,"TRAILERING DEPOT, LLC"
6998,SMILEY RILEY'S TRAILER MANUFACTURING
6999,"LIQUID ASPHALT SYSTEMS, INC."
7000,"COMPLETE FLEET SERVICES, INC"
7001,HOG HAULIN INC.
7002,"R. A. ADAMS ENTERPRISES, INC."
7003,"KDZ KUSTOMS, LLC"
7004,PURDYBILT BY UPSCO LLC
7005,"STALLINGS MOTORS, INC."
7006,"BUSH SPECIALTY VEHICLES, INC"
7007,WORK EASY TRAILERS LLC
7008,"ESSEX PERFORMANCE BOATS, INC."
7009,EAGLE  WELDING & MACHINE LL.
7010,GODWIN MANUFACTURING COMPANY INCORPORATED
7011,"RUIAN JIANDA TYRE MANUFACTURE CO., LTD."
7012,"CAR REPLICA TRAILERS, LLC"
7013,"BOSHART ENGINEERING INC.,"
7014,TOP DOG ALUMINUM
7015,THREE TWO CHOPPERS LLC
7016,YOUNGS CHOPPERS INC
7017,"SPRAYING DEVICES, INC."
7018,TRIKES-R-US
7019,BYC
7020,AMERICAN SPORTWORKS
7021,TAGGART MOTOR CO.
7022,"ZHONGMO TECHNOLOGY CO., LTD"
7023,TOY TOTERS INC.
7024,"WORTHINGTON WELDING, INC. "
7026,EASYRIDER MOTORCYCLE COMPANY
7027,RAT KING KUSTOMZ
7028,SKUNK MOTORSPORTS INC
7029,"PALMETTO PRECISION MACHINING, INC."
7030,"GATEWAY MATERIALS, INC."
7031,GENERAL BODY METROPLEX
7032,TAG-A-LONG TRAILERS
7033,"MOTOADVENT, INC."
7034,R.J. STROUP TOOL AND DIE
7035,BHP INC D/B/A
7036,"PERKINS-T.P. TRAILERS, INC."
7037,BRUMBY IRON HORSE CYCLES LLC
7039,"INTEGRITY TRAILERS, LLC"
7040,"KOENIG BODY AND  EQUIPMENT, INCORPORATED"
7041,GUARDIAN EMERGENCY VEHICLES
7042,ROCKY MOUNTAIN MANUFACTURING
7043,DETROIT CUSTOM CHASSIS
7044,"KING AMERICAN, LLC"
7045,"WILSON STEEL PRODUCTS CO., INC."
7046,"KINROAD XINTIAN MOTORCYCLE MANUFACTURE CO., LTD."
7047,"BOYD SERVICE, INC."
7048,BRAKES INDIA LTD
7050,KANSAS FLEET COM
7051,HCL TRUCK EQUIPMENT INC.
7052,"LOAD TECHNOLOGY, INC."
7053,DETECT INC.
7054,"CALIFORNIA TRAILER WORKS, INC."
7055,"DESIGN CONCEPTS MANUFACTURING, INC."
7056,GRABILL RV MANUFACTURING COMPANY
7057,"TETON BUILDINGS, LLC"
7058,"CHONGQING LONCIN MOTOR CO., LTD"
7059,EP DESIGN
7060,ROAR MOTORCYCLES LLC
7062,"HIGHWAY PRODUCTS, INC."
7063,"CAROLINA CUSTOM PRODUCTS, INC."
7064,ATLAS CUSTOM TRAILERS INC.
7065,HY-TECH TRUCK & TRAILER MFG LLC
7066,"MVL ENTERPRISES, LP "
7067,L&B CONEPTS LLC dba SCOOTERBILT MANUFACTURING
7068,NOMA FABRICATION
7069,DOMINE ENTERPRISES LLC
7071,IRISH HILL CHOPPERS
7072,"ASHCROFT ENTERPRISES, LLC"
7073,AMERICAN TEARDROP
7074,DANCO PRODUCTS INC
7075,ALL DAY LAWN CARE
7076,QM EQUIPMENT S.A.
7077,"SUWANEE CAMPER, LLC"
7078,"PREMIER FABRICATORS, LLC"
7079,HELPENSTELL CUSTOM WORKS HCW
7080,CE POLLARD COMPANY
7081,STREAMLINE PRECISION
7082,"SCHRICK TRAILER SALES, LTD"
7083,TEXAS TRAILERS SALES AND SERVICE
7084,"NEO MANUFACTURING, LLC"
7085,PURPLE CHOPPER LLC
7086,"WES MOR CRYOGENIC MANUFACTURING, LTD."
7087,ROAD WARRIOR SPORTS LLC
7088,KL WELDING & REPAIR LLC
7089,LEGION MOTORCYCLE COMPANY LLC
7090,"SMART AUTOMOTIVE LLC "
7091,DLW PAYLESS TRANSMISSIONS LLC
7092,"PJ WOODWORK, LLC"
7094,"UNIVERSAL BODY TRUCK, INC."
7096,RAM TRANSCORP LLC
7097,ELLINGTON INDUSTRIAL SUPPLY INC.
7098,"ROBIN CONSTRUCTION, LLC"
7099,UTILIMASTER CORPORATION
7100,SYNERGY TRAILER COMPANY
7101,"LO-PRO FLUID TRANSPORTS, LLC"
7102,IDEAL MANUFACTURING INC.
7103,"VIKING-CIVES MIDWEST, INC."
7104,"C.W. SERVICES, INC."
7105,"SOUTHERN FIELD WELDING, LLC"
7106,"TAIZHOU HENGLU MOTOR PARTS CO., LTD"
7107,"CIXI SHIBO CAR PARTS CO., LTD."
7108,INDUSTRIAL ENGINEERING COMPANY
7109,"SVI, INC."
7110,"CHANGCHUN HONGGUANG-AUTOLIV VEHICLE SAFETY SYSTEM CO., LTD."
7111,"CIXI HENWEI PLASTIC MANUFACTORY CO., LTD."
7112,"WOODY'S DODGE JEEP EAGLE, INC."
7113,"GAOYOU YUANLI MACHINERY CO., LTD."
7114,FRONTLINE COMMUNICATIONS AN OSHKOSH CORPORATION COMPANY
7115,SPEED DRIVEN SUPPLY
7116,"NACOGDOCHES IRON WORKS, INC."
7117,"WIECHELMAN REPAIR, INC."
7118,"MULTITEK NORTH AMERICA, LLC"
7119,TIGHT LINES TRAILERS LLC
7120,"IRONSMITH TRAILERS, INC."
7121,NORWALK PRECAST MOLDS INC.
7122,THE FACTORY METAL WORKS
7123,UNIVERSAL HOVERCRAFT
7124,ROADWAY UTILITY TRAILERS
7125,"E.P. INDUSTRIES, INC."
7126,"TUFF-GO, INC."
7127,"BESSEMER ENTERPRISES, INC."
7129,"HEBEI XIEMEI RUBBER PRODUCTS CO., LTD."
7130,"HANGZHOU SHUNYUAN TIRE MANUFACTURE CO., LTD"
7131,"GUANGRAO YONGLONG RUBBER CO., LTD."
7132,"GUANGZHOU KOMASPEC MECHANICAL AND ELECRTICAL PRODUCTS MANUFATURING CO., LTD"
7133,"HANGZHOU LINAN SUXIN INDUSTRIAL CO., LTD."
7134,VSE CORPORATION
7136,PRECISION TRAILERS LLC
7137,"SHANDONG CHANGSHENG RUBBER CO., LTD."
7138,"SHANDONG ZHENTAI GROUP CO., LTD."
7139,CARIBBEAN TRUCK BODIES & EQUIPMENT INC.
7140,MIDWEST AUTOMOTIVE DESIGNS CORP
7141,"QINGDAO CHENGTAI HAND TRUCK CO., LTD."
7142,"QINGDAO CARFLEX AUTO PARTS CO., LTD."
7143,"SHANDONG HUASHENG RUBBER CO., LTD."
7145,T & M MFG. INC. (FORMERLY PRINCETON MACHINE)
7146,NEW WAVE TEARDROP CAMPERS LLC
7147,"DOUBLESTAR DONGFENG TYRE CO., LTD."
7148,"DONGGUAN FINEHAU AUTOMOBILE ACCESSORIES CO., LTD. "
7149,"LINGLONG(GUANGX)TIRE CO., LTD."
7150,"HANGZHOU HUACAI AUTO PARTS CO., LTD."
7151,"ZHUJI CITY HONGHAI PLASTIC PIPE CO.,LTD."
7152,GREASYHILL CUSTOMS
7153,"ULTIMATE GARAGE, LLC"
7154,"JIANDA TIANXIA JILIN TIRE CO.,LTD"
7155,"TENNESSEE TINY HOMES, LLC "
7156,MOBILITY TECHNOLOGIES LLC
7157,HIGHLINE TRAILERS
7158,MUDDY RIVER MANUFACTURING LLC
7159,"EL TIRON CUSTOM TRAILERS, LLC"
7160,"IMS AUTO, INC."
7161,SANKEPALLY MOTOR COMPANY LLC
7162,"CARGO TRAILER SALES, INC."
7163,MIDSOUTH GOLF CARTS
7164,NORTHERN GOLF CARS INC
7165,"E.M. KUTZ, INC."
7166,"EDWARDS INTERIORS, INC"
7167,"AMERICAN STEEL FABRICATORS, INC."
7168,RATE INC. (dba RANDCO TANKS)
7170,GREAT LAKES TEARDROPS LC
7171,"QINGDAO FLEMING TYRE CO., LTD."
7172,"SHANDONG FUTAIER TIRE CO., LTD."
7173,RIVERSIDE CUSTOM KARTS LLC
7174,"COMPOSANTES LIPPERT CANADA, INC."
7175,"SAILUN(VIETNAM)CO., LTD. "
7176,PAGANI SPA
7177,RAFTER M TRAILERS INC
7179,"LAOLING VHEAL RUBBER CO., LTD."
7180,"KEERUN TIRE (DEZHOU) CO.,LTD"
7181,"DONGYING FANGXING RUBBER CO., LTD."
7182,"QINGDAO HUADA INDUSTRIAL PRODUCTS CO.,LTD"
7183,"INDEPENDENT PROTECTION COMPANY, INC."
7184,"HAYS FIRE AND RESCUE SALES & SERVICE, LLC"
7185,CROSSFIRE LLC
7186,SPEEDWAYS RUBBER COMPANY
7187,"GIRTZ INDUSTRIES, INC. "
7188,"SHAWN'S CUSTOM MANUFACTURING "
7189,BOULDER CHOPPERS INC.
7190,ACE OF SPADES INC.
7191,GCK INDUSTRIAL USA
7192,"TAIZHOU CHEXINGDA E-SCOOTER CO., LTD."
7193,"LIMOS BY TIFFANY, INC."
7194,"ZHEJIANG YONGKANG SHUKEDA METAL CO., LTD"
7195,ELK VALLEY TRAILER MFG.
7196,"FOSHAN RESHINE MOTOR VEHICLE PARTS CO., LTD"
7197,"ZHEJIANG LONGWISE TECHNOLOGY CO., LTD."
7198,"DANYANG WUZHOU PLASTIC CO., LTD."
7199,"XTREME GREEN PRODUCTS, INC."
7200,BARR FREIGHTLINER
7201,MOBILE TECHNOLOGIES GROUP INC.
7202,"ZHEJIANG BUYANG AUTO WHEEL CO., LTD."
7203,"JINAN QINGQI MOTORCYCLE CO., LTD."
7204,SUPREME MID-ATLANTIC CORPORATION
7205,SUPREME NORTHWEST
7206,"KENNY VICE FORD SALES INC. "
7207,"ZHEJIANG JIAJUE MOTORCYCLE MANUFACTURING CO., LTD."
7209,LAND AND SEA TRAILER SHOPPE
7210,OWENS
7211,"GALAXY COACH ENTERPRISES, INC."
7212,WILDFIRE MOTORS
7214,TOURTEC TRAILERS LLC
7215,"TIANJIN STANLEY ELECTRIC CO., LTD"
7217,UKEYCHEYMA
7218,BADGER TRUCK AND AUTOMOTIVE GROUP
7219,MOBILE BARRIERS LLC
7220,MOTOR TRIKE INC.
7221,BOSS HAWG MOTORCYCLES
7222,NATIONAL ELECTRIC VEHICLES LLC
7223,"YODER SMOKERS, INC."
7224,"TAIZHOU WANFENG AUTOMOBILE AND MOTORCYCLE PARTS CO., LTD."
7225,"SCHWARZ'S CUSTOM TRAILERS, LLC"
7226,EXCALIBUR CHOPPERS INC.
7227,"TRAILER BARON OF S.C., INC."
7228,"QUANTUM LEAP ENGINEERED PRODUCTS, LLC"
7229,ROAD RASH TRAILERS
7230,"ORTEQ ENERGY SERVICES, LLC"
7231,"ATLAS MANUFACTURING, INC."
7232,"WEGENER STEEL & FABRICATING, INC."
7233,"DISPLAY COMPANY "
7234,GARLAND TRAILER DESIGNS
7235,"CRANE HILL MACHINE & FABRICATION, INC."
7236,YONGKANG HONGSHENG POWER MACHINERY COMPANY
7237,ELDER TRAILER SALES
7238,"SINFUL CYCLEWORKS, LLC"
7239,"SH DISTRIBUTING, INC"
7240,BAYHEAD INVESTMENTS
7241,WENDIGO INDUSTRIES INC. DBA SO-CAL CHOPPERS
7242,"TAIZHOU OMING MOTORCYCLE CO., LTD."
7243,SUMMER INFANT (USA) INC.
7244,ALL TRAILERS
7245,"COLE TRAILERS, INC."
7246,NORTH SHORE MANUFACTURING COMPANY INC.
7249,INFERN-O-THERM CORP.
7250,WADSWORTH INDUSTRIES
7251,"TRAIL CREEK RV, LLC"
7252,RPM-CO
7253,LAYNE CHRISTENSEN COMPANY
7254,ARROW MANUFACTURING
7255,WIDESIDE CUSTOMS LLC
7256,HUZHOU DAIXI ZHENHUA TECHNOLOGY TRADE CO. LTD.
7257,"MELISSA MANUFACTURING, INC."
7258,LAYTON TRUCK EQUIPMENT
7259,ALLIED OILFIELD MACHINE AND PUMP LLC
7260,"P & K DEVELOPMENT GROUP, LLC"
7261,"BEHNKE ENTERPRISES, INC."
7262,BERG EQUIPMENT CORPORATION
7263,"UNKNOWN CHOPPERS, INC."
7264,CAMPA INTERNATIONAL INC. dba CAMPA USA
7265,BACK WOODS TRAILER
7266,ROBINSON VACUUM TANKS INC.
7267,"AMERICAN CARRIER EQUIPMENT TRAILER SALES, LLC"
7268,"BENNETT DESIGN, LLC"
7269,TRAILER-LIFT LTD.
7270,"TODD'S WELDING, INC. "
7271,HUDSON RIVER TRUCK & TRAILER
7272,CARDALE INDUSTRIES LLC
7274,"MOUNTAIN EQUIPMENT OF  NEW MEXICO, INC. DBA MOUNTAIN EQUIPMENT"
7275,"ROCKLAND CUSTOM TRAILERS, LLC"
7276,FUELTEK CONVERSION CORP.
7277,"IMPCO AUTOMATIVE, INC"
7278,"CHRISTINI TECHNOLOGIES, INC."
7279,RED BARON CHOPPERS
7280,RED BARON MOTORS
7281,RED BARON TRAILERS
7282,QUALITECH FABRICATIONS L.L.C.
7283,TWIN CITY TRUCK SALES AND SERVICE LTD
7284,"SCHRAMM, INC."
7285,ARBOC SPECIALTY VEHICLES LLC
7286,"MTLWRX, LLC"
7288,ROCK CITY TRAILERS
7289,"EAGLE TRUCK EQUIPMENT, INC."
7290,ZIMMERMAN TRAILER LLC
7291,"DUPONT INDUSTRIES, INCORPORATED"
7292,JS PENRY CO. LLC DBA CORRECT MANUFACTURING
7293,MIDSTATE TRUCK SERVICE INC.
7294,WATSON DIESEL INC.
7295,"RETESA REMOLQUES, TANQUES Y EQUIPOS, S.A. DE C.V."
7296,"TRAILMANOR MANUFACTURING COMPANY, LLC"
7297,FLEET TECHNOLOGY & MAINTENANCE CORP.
7298,BRASS ALIGNMENT INC.
7299,"NORTH AMERICAN TRAILER, S.A. DE C.V. "
7300,"NINGBO DONGFANG LINGYUN VEHICLE MADE CO., LTD."
7301,LOG-MASTER PORTABLE BANDSAW SAWMILL MFG. CO. INC.
7302,T R WELDING SERVICE INC.
7303,H AND H TRAILER SALES
7304,"KEVIN ROBERTSON "
7305,"SCALETTA ARMORING CORP. "
7306,"PEERSOUTH, INC."
7307,"NINGBO WUYI MACHINERY MANUFACTURING CO., LTD."
7308,CLEVELAND BROTHERS EQUIPMENT COMPANY
7309,"DETROIT CUSTOM COACH, LLC"
7310,"HOLLAND MOVING AND RIGGING SUPPLIES "
7311,"GRAY'S GARAGE, INC"
7312,"COASTAL PUMP & EQUIPMENT, LLC"
7313,MONSTER MANUFACTURING
7314,MADVENTURE CAMPING
7315,STAR FABRICATION LLC
7316,"JD MUELLER, INC."
7317,"YOKOHAMA TIRE MANUFACTURING MISSISSPPI, LLC"
7318,GRANDWATT ELECTRIC CORP
7319,"COMPREHENSIVE COMMUNICATION SERVICES, LLC"
7320,"MAXXUM, LLC"
7321,"NEW WAY GENERAL CONSTRUCTION "
7322,"FIRST CLASS CUSTOMS, INC."
7323,"LATITUCE CAMPER CO., LLC"
7324,PJ'S TRUCK BODIES & EQUIPMENT COMPANY
7325,"COMPETITION BODYWORKS, INC."
7326,HUTCHINNOVATIONS LLC
7327,GRECH MOTORS INC.
7328,SHANGHAI BAOSTEEL WHEELS CO. LTD.
7329,"KNIGHTEN MACHINE & SERVICE, INC."
7330,BYD AUTO INDUSTRY COMPANY LIMITED
7331,"XPER, INC."
7332,"RIVER RIM TEARDROPS, LLC"
7333,"HAINING YANQI LIGHTING CO., LTD."
7334,HINES SPECIALITY VEHICLE GROUP
7335,"CRYSTAL LAKES DEV., CO., LTD. "
7336,"OMEGA RV, LLC"
7337,"DV MANUFACTURING, INC."
7338,GREAT LAKES TIRE LLC
7339,EP MANUFACTURING LLC
7340,MOROCCO ELECTRIC INC.
7341,MILITARY SPEC. MANUFACTURING
7342,"BWISE MANUFACTURING, LLC"
7343,CUSTOM BUILT MOTORS LLC
7344,HARVEST INTERNATIONAL INC.
7345,HELLBILLY MOTORCYCLES LLC
7346,"MINDEN MACHINE SHOP, INC. & PATRIOT EQUIPMENT"
7347,FREMONT AMERITECH EQUIPMENT COMPANY
7348,WILCOX BODIES LIMITED
7349,"T.M. TIRE CO., INC."
7350,BAF TECHNOLOGIES
7351,"HEBEI CHANGHUA SPECIAL VEHICLE CO., LTD"
7352,"ZHEJIANG WANLI SAFETY EQUIPMENT MANUFACTURING CO., LTD."
7353,LEGACY HOUSING LTD.
7354,"GREGORY RACING FABRICATIONS, INC."
7355,DYNA SALES & SERVICE LLC
7356,PORT-A-COOL LLC
7359,"STURDY BUILT SERVICES, LLC"
7360,OUTLAW TRAILERS OF TEXAS
7361,"WEILER, INC."
7362,GREEN INTERNATIONAL SOLUTIONS INC.
7363,"Xinri E-Vehicle Hongkong Co., Limited"
7364,KATHARINA LOEWEN LOEWEN DBA Taller Fehr
7365,"AIRBAGGED TRAILERS, INC."
7366,LEVCO WORLD WIDE
7367,"TWISTED HAWAIIAN, LLC"
7368,APPLIED CRYO TECHNOLOGIES
7369,JOHAN BLATZ BUHLER
7370,"CURTIS WELDING & FABRICATION, INC."
7371,"FUJIAN CHANGCHUN SPECIAL VEHICLE MANUFACTURING CO., LTD."
7372,"TWIN OAKS INDUSTRIES, INC."
7373,PAVER MOTORCYCLES LLC
7374,EMPIRE TANKER
7375,COILHOSE PNEUMATICS
7376,COLUMBIA INDUSTRIES LLC
7377,"ANHUI FUNAN AOYANG HARDWARE PLASTIC CO., LTD."
7378,"BRIDGE CITY CYCLES, LTD."
7379,"BEIJING LIDI XIN TECHNOLOGY DEVELOPMENT CO., LTD."
7380,"ECOJOHN, INC."
7381,"WUJIANG SOLID AUTOMOBILE PARTS CO., LTD."
7382,"WHEATRIDGE MANUFACTURING, LLC"
7383,"MOBILE DRILL OPERATING COMPANY, LLC"
7384,"SHANDONG NEW CONTINENT TIRE CO., LTD."
7386,"TRANSPRO EQUIPMENT SALES, LLC"
7387,"TOP HAT INDUSTRIES, INC."
7388,"FUYANG JINKE PLASTIC INDUSTRY CO., LTD."
7389,"CHANGZHOU YIJIANG AUTO PARTS CO., LTD."
7390,LIT MOTORS CORPORATION
7391,"DAST, LLC"
7392,"CHANGZHOU MINGZHI AUTO PARTS CO., LTD"
7393,J. HVIDTVED LARSEN A/S
7394,AIRTECH TOOLS LLC
7395,KOGUALA CORPORATION
7396,"HUBEI TIANCHENG AUTOMOBILE PARTS CO., LTD."
7397,"DANYANG XIAOCHAO AUTO LAMP CO., LTD."
7398,"CRYSTEEL MFR, INC"
7399,HJC AMERICA INC.
7400,"6D HELMETS, LLC"
7401,LICKS CYCLES LLC
7402,"APEX STAGES A DIVISION OF PROGRESSIVE PRODUCTS, INC."
7404,"U.S. TRAINING CENTER, INC."
7405,"HOT TUB HAULER USA, LLC"
7406,"ARCTIC VANS, LLC"
7407,SPORTCHASSIS LLC
7408,NINTH CIRCLE CUSTOMS
7409,ALL FAB TRAILERS
7410,GSN CUSTOMS
7411,"BUCKNER TRAILERS, LLC"
7412,CUSTOM DYNAMICS LLC
7413,TRAILER TECH PARTS & SERVICE INC.
7414,"ZHEJIANG TAOTAO VEHICLES CO.,LTD"
7415,ROMAN WROSZ
7416,"ALUMINUM SERVICE CENTER, INC., OR A.S.C., INC."
7417,WESTERN INNOVATION
7418,"RELIANCE TRAILER SALES, LLC"
7419,"NINGBO XINGHE STEEL TUBE & ELECTRIC APPLIANCES CO.,LTD"
7420,"JIANG YIN DAAN AUTO PARTS CO., LTD."
7421,EVOLVE ELECTRIC MOTORCYCLES
7423,EASTERN ROD AND CHOPPER
7424,"RAMSEY FABRICATION, LLC"
7425,"SHANGHAI HEHUI SAFETY PRODUCTS MANUFACTURE CO., LTD."
7426,"ALL STEEL TRAILER, LLC"
7427,"MARSHALL MACHINE SHOP, INC."
7428,"CURRENT MOTOR COMPANY, INC."
7429,"CALIFORNIA CUSTOMS, LLC"
7430,"DENNIS BOGGS WELDING WORKS, INC."
7431,"DIVERSIFIED METAL FABRICATORS, INC."
7432,LEFT COAST DEVELOPMENT LLC
7433,"GKU MANUFACTURING, LLC "
7434,ZHEJIANG APOLLO SPORTS TECHNOLOGY CO LTD.
7435,JINHUA EAGLEKING TOOLS LTD.
7436,AIRSTREAM INC.
7437,CROSSLEY CUSTOMS
7438,CRP RACING
7439,"AC PROPULSION, INC."
7440,"EDWARD R. SUMMERS "
7441,WARHAWK PERFORMANCE INC.
7442,"ALL RIGHT STEEL, LLC"
7443,"GRAHAM GOLF CARS, INC"
7444,CK POWER
7445,BIGLUG TRAILER WORKS
7446,"PAUL JR DESIGNS, LLC"
7447,PALMER MANUFACTURING & FARM INC.
7448,"SFC INDUSTRIES, INC."
7449,"FISK TANK CARRIER, A G.D. ROBERTS COMPANY, INC."
7450,BRIDGEVIEW MFG. LLC
7451,MAHINDRA & MAHINDRA LIMITED
7452,GARIA A/S
7453,"EXTREME TRAILERS (JCJ CONSULTING OF MISSISSIPPI, LLC)"
7454,"HIDDEN VALLEY MFG, LLC"
7455,"TIBBAN MFG, INC."
7456,DANKO EMERGENCY EQUIPMENT
7457,"ICE HOUSES, INC. OF HILL CITY"
7458,THINK NORTH AMERICA INC.
7459,MOBILE SPECIALTIES INC.
7460,"VOYAGER ALUMINUM, INC."
7461,"GRACE INDUSTRIES, LLC"
7462,"JIANGMEN SHENQIANG PLASTIC & MACHINE CO., LTD."
7463,"DARE WHEEL MANUFACTURING CO., LTD."
7464,SMOAKIN CONCEPTS COMPOSITES LLC
7465,"RAYMOND'S UTILITY TRAILERS, LLC"
7466,"APPALACHIAN TRAILERS OF MI, INC."
7467,GREENTECH AUTOMOTIVE INC.
7468,PARKER UTILITY PRODUCTS
7469,"CHANGZHOU DONGCHEN VEHICLE PARTS CO., LTD."
7470,"HEBEI TANGYIN IRON & STEEL CO., LTD."
7471,WALKING MFG. INC. dba T&C FABRICATION
7472,KEYSTONE LSV CO.
7473,RAW IRON CHOPPERS LLC
7474,"SHOCKWAVE MOTORS, INC."
7475,NEW PECO INC.
7476,"SHAANXI YANCHANG PETROLEUM GROUP RUBBER CO., LTD."
7477,ACTION CUSTOM CYCLES
7478,"C & R FLEET SERVICES, INC."
7479,BOONDOCKER TRAILERS LLC
7480,SUN COUNTRY TRAILERS
7481,C AND W MFG. AND SALES
7482,Chuck's Wagons
7483,"APPALACHIAN TRAILER SALES, INC."
7484,"WEIFANG ZHENFU INDUSTRIAL CO., LTD."
7485,"WEIFANG SHUNFUCHANG RUBBER AND PLASTIC PRODUCTS CO., LTD."
7486,"WIEGEL RUBBER CO., LTD."
7487,"TIUMSUN RUBBER TIRE (WEI HAI) CO., LTD."
7488,"ZHEJIANG PANRONG MACHINERY MANUFACTURING CO., LTD."
7489,"CONTEMPORARY CLASSIC CARS, INC."
7490,BUCKEYE TRUCK EQUIPMENT INC.
7491,STUNTERX STUNTSHOP
7492,KRIMINAL KUSTOMS LLC
7493,ANDERSON INDUSTRIES
7494,CITE ARMORED
7495,"QINGDAO CENTRICS INDUSTRIES CO., LTD."
7496,"QINGDAO HUATIAN HAND TRUCK CO., LTD."
7498,"ZHENJIANG R & D AUTO PARTS CO., LTD."
7499,FOLEY INDUSTRIES
7500,REC BOAT HOLDINGS LLC
7501,THE REITZ PUMP CORPORATION
7502,"FARBER SPECIALTY VEHICLES, INC."
7503,"SAINT-GOBAIN SEKURIT DEUTSCHLAND GMBH & CO., KG"
7504,"TATTOO YACHTS, LLC"
7505,"TELLUS UNDERGROUND TECHNOLOGY, INC."
7506,SYLVAN EQUIPMENT COMPANY
7507,"COACH, LLC"
7509,HIGH PLAINS CUSTOM CYCLES LLC
7510,"THOR LIVIN' LITE, INC."
7511,COYNE OIL CORPORPATION
7512,SEMIREMOLQUES EL PUMA S.A. DE. C.V.
7513,"BEIJING CAPITAL TIRE CO., LTD."
7514,"CLEAN BLAST SERVICES, INC. DBA ALUMINUM TRANSFER REPAIR"
7515,THINK GLOBAL AS
7517,CGS PREMIER INC.
7518,"OLATHE FORD SALES, INC."
7520,LIT SCOOTERS CORPORATION
7521,COVERED WAGON TRAILERS LLC.
7522,"K. Z., INC."
7523,"Specialized Truck Equipment, LLC"
7524,"HENGSHUI BRAKE HOSE MACHINERY CO., LTD"
7525,LITO GREEN MOTION INC.
7526,"TOUR DE TAVERN, LLC"
7527,PECK MANUFACTURING LLC
7528,INNOVATIVE BIKER INC.
7529,"RMD TECHNOLOGIES, INC."
7531,"SHANGHAI HOWHIT MACHINERY MANUFACTURE CO., LTD"
7532,"TRANSGLOBAL CONTAINER, LLC"
7534,MASON DYNAMICS INC.
7535,"CONLEY FABRICATION, LLP"
7536,"TIMBERLAKE MACHINE WORKS, INC."
7537,COMMERCIAL BODY & RIGGING LLC
7538,JTC SALES INC.
7539,"HALLJACK INDUSTRIES LLC "
7540,"KAASE TRAILERS, LLC"
7541,"BIRMINGHAM MOTORCYCLE COMPANY, LLC "
7542,"NATIONAL OILWELL VARCO, LP"
7543,"CADET MANUFACTURING, INC."
7544,XTC INC. dba XTC Motorcycles
7545,BACKWOODS TRAILER SALES & MANUFACTURER
7546,J.R.'S ROLLING THUNDER MACHINE WORKS
7547,BB BUGGIES INC.
7548,ELITE CUSTOM TRAILERS LLC
7549,TIMBERLINE RANGE CAMPS
7550,"SHANDONG HUALUN INDUSTRIES CO., LTD."
7551,SHEKONIC GROUP LIMITED
7552,COKER ENTERPRISES
7553,R&D BAKER TRAILERS LLC
7554,"L AND S TRAILERS & SUPPLY, LLC"
7555,"GRIZZLY MANUFACTURING, INC."
7556,BAZOOKA FARMSTAR
7557,WINS TRIKE BIKE
7558,SHOPPAS MATERIAL HANDLING LTD.
7559,ELITE EQUIPMENT MFG. CO.
7560,ZENN MOTOR COMPANY LIMITED
7561,"TAIZHOU SAN XI MACHINERY CO., LTD."
7562,"TERRY'S TRAILERS, INC."
7563,"PREMIER TRAILER, INC."
7564,"GEMINI AUTO LIFTS, INC."
7566,B & M WORK TRUCK
7567,"MERCH MOTORCYCLE CO., INC."
7568,MAXPRO TRAILERS
7569,"COMMERCIAL TRUCK & VAN EQUIPMENT., INC."
7570,"YUEQING XINZHONG MOTORCYCLE FITTINGS CO., LTD"
7571,"EXCELLANCE, INC."
7572,FASTRACK ENGINEERING
7574,BENDIX COMMERCIAL VEHICLE SYSTEMS LLC
7575,SHANDONG ZHONGTONG FEIYAN AUTOMOBILE CO. LTD.
7576,"JIANGMEN CITY HUARI GROUP CO., LTD."
7577,"SOUTHEASTERN STEEL CHOPPERS, INC."
7578,ANVIL TRAILER LLC
7579,"EMF, INC."
7580,"RDVEHICLES, INC."
7581,"SOUTH SHORE IRON WORKS, INC."
7582,"P & S MACHINE, INC."
7583,"HERITAGE TRUCK EQUIPMENT, INC."
7584,COLE CUSTOMS
7585,"SUPER LITE PRO TRAILERS AND EQUIPMENT, LLC"
7586,LC3 INC.
7587,KNIGHTS FABRICATION
7588,HENDERSON TRUCK EQUIPMENT
7589,BROOKVIEW HEAVY EQUIPMENT REPAIR
7590,ACADEMI TRAINING CENTER LLC
7591,"HE SHAN JIAN HAO LIGHTING INDUSTRIAL CO., LTD."
7592,"Shaoxing Groupstar Electric Appliance Co., Ltd"
7593,VANTAGE MOBILITY LLC
7594,TRINITY FRAME & FAB
7595,"NICHOLAS WYOMING VALLEY TRUCK SALES, INC."
7596,VEHICLE DEVELOPMENT ENTERPRISES
7597,"HOLLAND EQUIPMENT CO., DBA EXTREME TRAILERS"
7599,"WENZLAU ENGINEERING, INC."
7600,MOLLY CORPORATION
7601,ZHUJI IMPORT AUTO PARTS FACTORY
7602,LIBERTY FABRICATION LLC
7603,PENN LINE SERVICE INC.
7604,"QINGDAO YUANZHOU RUBBER PRODUCTS CO., LTD."
7605,"ZHEJIANG BOSHITE GROUP CO.,LTD."
7606,YUYAO TRAFFIC HOSE FACTORY
7607,"GMY LIGHTING & ELECTRICAL CO., LTD."
7608,TAIZHOU CITY LUQIAO BAIDI MOTORCYCLE ACCESSORIES FACTORY
7609,CLASSIC TRAILERS SD
7610,TRUCKSMART INC.
7611,"REGAL MOBILE SOLUTIONS, LLC"
7612,"SHUNJING PLASTIC AND HARDWARE FACTORY OF LONGJIANG TOWN, SHUNDE"
7613,FOOD-TRAILERS INC.
7614,"WURK METAL PRODUCTS, INC."
7615,LEGGETT & PLATT INCORPORATED
7616,TIOGA AIR HEATERS LLC
7617,"REFLEXALLEN USA, INC"
7618,WHEELHAUS INC.
7619,QINGDAO LIDINGWEI RUBBER TYRES CO. LTD
7620,"SHANDONG DERUTA TYRE TECHNOLOGY CO., LTD"
7621,"SHANDONG HAVSTYEAR RUBBER TECHNOLOGY CO., LTD"
7622,"TERCELO TIRE (QINGZHOU) CO., LTD."
7623,"SHANDONG XINGHONGYUAN TYRE CO., LTD."
7624,"SHANDONG YONGJIN RUBBER CO., LTD"
7625,"WUHU VALEO AUTOMOTIVE LIGHTING SYSTEMS CO., LTD"
7626,"JAYHAWK TRAILERS, INC."
7627,"FLEET MASTERS, INC."
7628,TEREX USA LLC
7629,DRAGON TRIKES
7630,TCS BAGGER CHASIS
7631,DEMLER ENTERPRISES LLC
7633,TITAN MARINE LLC
7634,SIDESHOW'S CYCLES
7635,WISE TECHNOLOGY LLC
7637,"BERT WALTERS AND SONS, INC."
7638,"YANFENG KSS (SHANGHAI) AUTOMOTIVE SAFETY SYSTEMS CO., LTD."
7639,HIGHLAND RIDGE RV
7640,"YANTAI JEREH OILFIELD SERVICE GROUP CO., LTD."
7641,"ZHUJI CITY CHANGRONG MACHINERY CO., LTD."
7642,"ZHEJIANG SANYE MACHINERY CO., LTD "
7643,"HUBEI AULICE TYRE CO., LTD."
7644,"QINGDAO LONGHUA SPECIAL HAND TRUCK CO., LTD."
7645,"XUZHOU TONGFEI TYRE CO., LTD."
7646,"ZHEJIANG BAILIDE MOTORCYCLE FITTINGS CO., LTD."
7647,ALMARED INC
7648,SUMMIT ENERGY EQUIPMENT
7649,"SUMMIT WELDING AND FABRICATING, INC. DBA SUMMIT FIRE APPARATUS"
7650,"BELL CUSTOM CYCLES LLC "
7651,"SUGARLOAF FABRICATORS, INC."
7652,"PCI MANUFACTURING, LLC"
7654,GENPRO POWER SYSTEMS INC.
7655,"INDIAN HEAD TRAILERS, LLC"
7656,BACH BUILT CHOPPERS LLC
7657,EVAC EMERGENCY PREPAREDNESS EQUIPMENT & SUPPLY LLC
7658,INDUSTRIAS MET GRI SA DE CV
7659,"WOOD-TEX CORPORATE, LLC"
7660,CQS INDUSTRIES INC.
7661,CQS PRECISION DIE CASTING INC.
7662,"WORTHINGTON TRAILERS I, LLC"
7663,"NINGBO YEDA AUTOMOBILE PARTS CO., LTD."
7664,MITCHELL RAIL GEAR
7665,"INTERSTATE POWER SYSTEMS, INC."
7666,"POWER DYNAMICS, LLC"
7667,SYNERGY POWER GROUP
7668,"CIMC INTERMODAL EQUIPMENT, LLC"
7669,MCNAMEE COACH CORPORATION
7670,MERTS EQUIPMENT COMPANY
7671,"METAL FABRICATION, INC."
7672,"METRO HOIST, INC."
7673,MIDWEST MUNICIPAL SUPPLY INC
7674,MIDWEST TRAILER SALES INC.
7675,"MIKE AND JOE EQUIPMENT CO., INC."
7676,MIKE'S CUSTOM CARS
7677,MIRANDA MOTORS TRUCK INC
7679,"MOBILE TECHNICAL SYSTEMS, INC."
7680,"MOBILITY INDUSTRIES, INC."
7681,MONTONE TRAILER COMPANY
7682,"MORGAN CRANE COMPANY, INC."
7683,"MOUNTAIN LION OUTDOOR, INC"
7684,MOUNTAIN WEST CUSTOM TRAILERS LLC
7686,NATIONAL TRAVELER
7687,NATIONAL VAN SALES INC
7688,NEW HAVEN CARRIAGE & AUTO WORKS INC
7689,KEV'S WELDING & MANUFACTURING
7690,"TRIDELTA SYSTEMS, L.L.C."
7691,"E-TON POWER TECH CO., LTD."
7692,"ZENGCHENG HAILI MOTORCYCLE CO., LTD."
7693,MECHANICAL MAYHEM
7694,"IRONMAN CUSTOMS TRAILER MANUFACTURING, LLC"
7696,"CHONGQING JIANSHE - YAMAHA MOTOR CO., LTD."
7697,CALIFORNIA PERFORMANCE IRON INC.
7698,"INDEPENDENT TRUCK TANK, LLC"
7699,PREMIER FABRICATING INC.
7700,"MAKING YOU MOBILE, LLC"
7701,CALHOME INC.
7702,"J. W. HALL, L.L.C."
7703,"HAMMAR LIFT, INC."
7704,PIN OAK SERVICE COMPANY INC.
7705,HORIZON PRODUCTS LLC
7706,ARIZONA BUS SALES CORPORATION
7707,"AMERIPUMPS, LLC"
7708,"K & M MANUFACTURING CO., INC."
7709,SCHNELLER MANUFACTURING INC.
7710,"KEPLER MOTORS, INC."
7711,"QUALITY VAN SALES, INC."
7712,"DEZHOU TIANDE VEHICLE PARTS MANUFACTURE CO., LTD."
7713,T & G SALES L.L.C.
7714,KUSTOM KONCEPTS LLC
7715,BUILD 2020
7716,FACTORY TRANSPORTS INCORPORATED
7717,"ALL AMERICAN SPECIALTY VEHICLES, LLC"
7718,"GULF CITY BODY & TRAILER WORKS, INC."
7719,"DRAGON ESP, LTD"
7721,TEXTRON E-Z-GO LLC
7722,LIUZHOU WULING SPECIAL PURPOSE VEHICLE
7723,DWIGHT MACGILLIVARY WELDING & METAL FAB. LTD.
7724,Z ELECTRIC VEHICLE CORPORATION
7725,"SHOWTIME CONVERSIONS, INC."
7726,IRBITSKI MOTOTSICLETNY ZAVOD
7727,"ROLLING BOAT, INC."
7728,WESTERN INT'L INC.
7729,TIDEWATER TRAILERS
7731,DOZ N GO
7733,"C & W INDUSTRIES, LLC"
7735,NEW YORK CITY CUSTOM MOTORCYCLES INC. dba NYC CHOPPERS
7736,MCMILLER'S CHOP SHOP
7738,"CHANGENT SYSTEMS, LLC "
7739,"APACHE LP TRUCKS, INC."
7740,CLC
7741,"HAINING MOZO TECHNOLOGIES CO., LTD."
7742,SPECIALIZED TRUCK EQUIPMENT MFG. LLC
7743,"BITTERCREEK HUNTING BLINDS & DOG BOXES, INC."
7744,HAULMAX TRAILER COMPANY
7745,"TEBCO OF KENTUCKY, INC."
7746,"SCHULTZ EQUIPMENT & PARTS CO., INC."
7747,POWER PRODUCTS COMPANY INC.
7748,"EARTHROAMER.COM, LLC DBA EARTHROAMER"
7749,RAT RACE TRIKES
7750,"TAIZHOU XIAOJIN MOULD CO., LTD."
7751,"E-PAK MANUFACTURING, LLC"
7752,"SOUTHWEST CMF, LLC"
7753,SHORE EQUIPMENT CO.
7754,"LOFTIN TRAILER COMPANY, LLC"
7755,"DAVIS TRAILER SALES, INC."
7756,XTREME TRAILERS AND MFG. LLC
7757,"PACIFIC TANK & ENERGY, LLC"
7758,GAP HILL ALUMINUM SHOP
7759,"WOT FABRICATION & ENGINEERING, LLC"
7760,"TOPEKA METAL SPECIALTIES DIVISION OF LB STEEL, LLC"
7761,"ASTEC UNDERGROUND, INC."
7762,"VERSATRAN, INC."
7763,SOUTHERN VAC LLC
7764,"END 2 END WELDING, LLC"
7765,BLACKLION HOLDINGS LLC
7766,EZ HUNT & HAUL LLC
7767,"BRUMLEY MANUFACTURING, LLC"
7768,BIG BOY MANUFACTURING LLC.
7769,"TBM SAND AND STORAGE LOGISTICS, LLC"
7771,WHITEFEATHER 4X4 CONVERSIONS LLC
7772,"CHARLOTTE PARTY CHARTERS, INC."
7773,"DMI (D.M.I) PIPE FABRICATION, LLC"
7774,ELECTRO-TECHNOLOGIES
7775,MCLAREN AUTOMOTIVE LIMITED
7777,"THE TRUCK & BUS STOP, INC."
7778,"NOLF CHRYSLER-DODGE, INC."
7779,MYSTICAL CUSTOM CYCLES LLC
7780,WILTON MANUFACTURING LLC
7781,"COMPACT CONSTRUCTION, LLC"
7782,CHANGZHOU XINYU TIANLI LIGHTING FACTORY
7783,MAJONA STEEL CORPORATION
7784,ICON MANUFACTURING
7785,"MAC LTT, INC."
7786,NINGBO KLEANSOURCE ELECTRONIC TECH. CO.
7788,"OMJC SIGNAL, INC."
7790,"PREMIER PUMP AND POWER, LLC"
7791,BAUGHMAN PRODUCTS
7792,FREEDOM FABRICATION
7793,TRITON TRAILERS LLC
7794,"VALEW QUALITY TRUCK BODIES EAST, INC."
7795,TOWER LIGHTING INC.
7796,SPECIALTY EQUIPMENT CO.
7797,ZENITH MOTORS LLC
7798,"HENAN SAIER WHEEL CO., LTD."
7799,"DONGGUAN YONGQIANG VEHICLES MANUFACTURING CO., LTD."
7800,YUYAO JIAYU ELECTRONICS COMPANY LTD
7801,"ZHEJIANG CHANGLUN INDUSTRIAL CO., LTD."
7802,"SHANGHAI COMSTAR WHEEL CO., LTD. "
7803,"SHANDONG GOOD FORGED  ALUMINIUM WHEEL CO., LTD"
7804,"SHANDONG JINFU RUBBER TECHNOLOGY CO., LTD."
7805,"SHANDONG CHANGHONG RUBBER TECHNOLOGY CO., LTD."
7806,"OPEN JOINT STOCK COMPANY ""YAROSLAVL TYRE PLANT"""
7807,"ZHEJIANG RIYA MOTORCYCLE CO., LTD."
7808,"ANDERSON COPPER AND BRASS CO., LLC"
7809,"FRITEL AND ASSOCIATES, LLC"
7810,MAGNUM FABRICATION INC.
7811,M&C TRAILER SALES
7812,UPSTATE CONCESSIONS
7814,STARCRAFT BUS - A DIVISION OF FOREST RIVER INC.
7815,MCSWEENEY DESIGNS
7816,THE BAG LADY INC.
7817,SLNYC
7818,EPV Corporation
7819,PORTLAND VINTAGE TRAILER WORKS LLC
7820,AUTO TRUCK GROUP LLC
7821,DESMAN CORPORATION
7822,"SEATTLE TINY HOMES, INC."
7823,HOOPES MANUFACTURING CO.
7824,"WILLIAMS WELDING, INC."
7825,"ZODO TIRE CO., LIMITED (previously SHANDONG KAIXUAN RUBBER CO., LTD.)"
7826,"UTAS-NOVA AUTOMOTIVE LIGHTING SYSTEMS CO., LTD."
7827,SOLUCIONES VIDRIADAS SA
7828,NINGBO NEW HUATAI PLASTICS ELETRIC APPLIANCE LTD.
7829,"LIMO LAND, INC.(FORMERLY IMPERIAL COACH BUILD)"
7830,TEXMO MANUFACTURING LLC
7831,AMERICAN HAULER INC
7832,FIVE STARS TRAILERS LIMITED LIABILITY CO.
7833,DELCO TRAILERS
7834,ABSOLUTELY WILD RANCH
7835,NEIGHBOR'S GARAGE
7836,ETUK USA LLC
7837,KYLIN MOTORCYCLE FITTINGS CO. LTD
7838,NOLANGROUP S.P.A. SOCIETA CON SOCIO UNICO
7839,FORGHIERI SRL
7840,"CHINA YANGZHOU GUOTAI CO., LTD."
7841,"GOODBABY CHILD PRODUCTS CO., LTD"
7842,"MAY BROTHERS ENTERPRISES, LLC"
7843,BRAVO TRAILERS LLC
7844,ROUTE 6 TRAILERS LLC
7845,MILL STREET CUSTOMS INC.
7846,ARGENTOIL S.A.
7847,NEWMANS INDUSTRIES INC.
7848,"ERIE TRUCK & TRAILER, INC."
7849,"FISH-N-RETREAT, INC."
7850,THOR MOTOR COACH
7851,"SOUTHERN FRAC, LLC"
7852,DREAM DESIGN AND FABRICATION
7853,"M-L UTILITIES, LLC"
7854,RIVER CITY BODY COMPANY
7855,"BOATHOUSE DISCOUNT MARINE, INC. "
7856,"NRG MANUFACTURING, INC."
7857,"FIBER-TRON TRAILERS, LLC DIV OF  FIBER-TRON CORP"
7858,CANADIAN ELECTRIC VEHICLES LTD.
7859,HORIZON TRAILERS
7860,MILFORD PIPE & SUPPLY INC.
7861,AUTHORITY FLEET SERVICE CORP
7862,"LAKE CITY CHOPPERS, INC."
7863,"PARK LINER, INC."
7864,"BOURBON TRAILERS, LLC"
7865,KRUGGER AUTO LLC
7866,APPALACHIAN TEARDROP COMPANY INC.
7867,AIRTRONICS METAL PRODUCTS
7868,MANUFACTURAS HERCULES S.A.DE C.V.
7869,"METAL WORKS OF MONTANA, INC."
7870,CUMMINS ROCKY MOUNTAIN LLC - BILLINGS BRANCH
7871,"ROBERT HUTSON FORD LINCOLN, INC. DBA ROBERT HUTSON PAINT & BODY"
7872,ROLLOFF SYSTEMS
7873,SPECIALTY ALUMINUM WORKS-TRAILERS
7874,COOPER STANDARD AUTOMOTIVE INDIA PRIVATE LTD.
7875,"QUALITY MACHINE COMPANY, INC."
7876,"ZHEJIANG HOPE SPORTS EQUIPMENT CO., LTD ELECTRIC MOTORCYCLE"
7877,"T-N-A CUSTOM MOTORCYCLES, LLC"
7878,"JIANGSU TIANJU LAMP INDUSTRIAL CO., LTD."
7879,D & L MARKETING
7880,RIVERBED LLC
7881,TRANSWORLD MANUFACTURING CO.
7882,APIARIES & ORCHARD FORKLIFT INC.
7883,WELD SHOP INC.
7884,CRUSTBUSTER SPEED KING INC.
7885,BAKKURA MOBILITY INC.
7886,"ZHANG JIAGANG CITY YINGKE CHEMICAL CO., LTD."
7887,TAIZHOU LUQIAO MOTORCYCLE PARTS FACTORY
7888,"ZHEJIANG CHUANGTAI MOTORCYCLE CO., LTD."
7889,RIVERWOLF BOATS INC.
7890,CONQUEST VEHICLES INC.
7891,EASY LOAD TRAILERS
7892,"DELTA WASECA MINI, LLC"
7893,LEES LEISURE INDUSTRIES LIMITED
7894,"ZHEJIANG DISON AUTO ELECTRICAL CO., LTD."
7895,"ZHENJIANG HERONG MECHANICAL & ELECTRICAL CO., LTD."
7896,"JINHUA ZHENLONG WHEEL CO., LTD."
7897,AMS GLOBAL INC
7898,"GLOBAL VACUUM SYSEMS, INC."
7899,"SCHUH SHOP, LLC"
7900,CARROCERIAS DE LUCIO S.A. DE C.V.
7901,"RUFNECK CUSTOM TRAILERS, LLC"
7902,EXECUHITCH MANUFACTURING LLC
7903,"TRITON TRIKES, LLC"
7905,EXA INDUSTRIAL S.A. DE C.V.
7906,"KIEWIT INFRASTRUCTURE WEST CO.,"
7907,TRIKE WORX LLC
7908,"QUALITY TRAILERS OHIO, INC."
7909,"JOHNSTOWN TUBE LASER, LLC DBA ENVIRONMENTAL TANK CORPORATION"
7910,"BIVOUAC CAMPING TRAILERS, LLC"
7911,"WAUSAU EQUIPMENT COMPANY, INC."
7912,MARCEAUX CYCLE WORKS
7913,MINITEARS COMPANY
7914,"PEARSON AND PEARSON ENTERPRISES, INC"
7915,DOLPHIN GLASS SPECIALISTS LLC
7916,PARKER BROTHER CHOPPERS INC.
7917,"BOWMAN SALES & EQUIPMENT, INC."
7918,"PHOTO-SONICS, INC."
7919,SUPERAUTO F.LLI BIONDI SRL
7920,"FUJIAN SHENLIKA ALUMINUM INDUSTRY DEVELOPMENT CO.,LTD"
7921,KICKIN' KAMPERS INC.
7922,SIC METALS & FABRICATION LLC
7923,"LAND & SEA, INC."
7924,"TRANSPORT EQUIPMENT CO., INC."
7925,"ZHEJIANG SHANGPU ALLOY WHEEL CO., LTD."
7926,PERFORMANCE INDIAN
7927,TYCO FIRE PROTECTION PRODUCTS
7928,"TC DEVELOPMENT & DESIGN, INC."
7929,"TERMINAL TRACTOR SYSTEMS, INC."
7930,"RUIAN BENTAI CAR ACCESSORIES CO., LTD."
7931,"QINGDAO BEIHAI WHEELS CO., LTD"
7932,"AUTO CONCEPT OF NEW YORK, LLC"
7933,"TRAILER MANUFACTURERS OF TOLEDO, LLC"
7934,JETSTREAM LLC
7935,"RB COMPONENTS, INC."
7936,"HJV TRAILERS, LLC"
7937,"BOULDER ELECTRIC VEHICLE, INC."
7938,INNOVATIVE TRAILER DESIGN INDUSTRIES INC.
7939,C & R METALWORKS
7940,ITALIAN CHOPPERS LLC
7941,"CAPITAL AUTOMOTIVE, LLC"
7942,"RANKIN, INDUSTRIES"
7943,"CHANGZHOU PENGTONG VEHICLE PARTS CO., LTD."
7944,"OX INDUSTRIAL, LLC"
7945,"SPECIALTY PASSENGER VEHICLES, CORP"
7946,"GREAT AMERICAN TROLLEY CO., INC. "
7947,GREENBEE EV TECHNOLOGY
7948,DTI TRUCKS
7949,SWAMPY HOLLOW MANUFACTURING
7950,"WHIT SERVICE & SUPPLY, INC."
7951,"CRIME POINT, INC."
7952,RAS INTERNATIONAL LLC
7953,"LAZY LOWDER, LLC DBA LAZY LOWDER"
7954,SMITH ELECTRIC VEHICLES
7955,"LUKE WATSON / GLENN MANN DBA GORILLA BUILT ENTERPRISES, INC."
7956,ALL CUSTOM GOLF CARS
7957,TRANSWORLD EQUIPMENT CORP.
7958,ROUGH V.A.C. TRAILERS LLC
7960,WATER HOG TRAILERS LLC
7961,"SOUTHEASTERN REGIONAL UTILITY EQUIPMENT, INC."
7962,"COMMUNITY CARS, INC."
7963,"SCHRUDER LLC "
7964,CATTLELACK RANCH
7965,"DONS TRUCK SALES, INC."
7966,U.S. COACH COMPANY
7967,FABRICACION Y COMERCIALIZACION PENA S.A. DE C.V. DBA PENA
7968,GUANGDONG QINGXIN LIANTONG INDUSTRY CO. LTD.
7969,"JOHN WIESNER, INC."
7970,"TRAILER SALES OF MI, INC. "
7971,CR SOLUTIONS LLC
7972,"DONNERITE INCORPORATED DBA DONNERITE INC., 2DM AND IST"
7973,TARTER GATE WEST
7974,"AIRRIDE CORPORATION "
7975,NLB CORP
7976,"BECK MANUFACTURING INTERNATIONAL, INC. "
7977,"NALCO FAB TECH, LLC"
7978,RAGE HARD CHOPPERS INC.
7979,"LUDWIGSEN MOTOR COMPANY, LLC"
7980,"SUZHOU KDL LIGHTING TECHNOLOGY CO., LTD "
7981,"XIAMEN JIASONG INDUSTRIAL & COMMERCE CO., LTD. "
7982,TOP LIMO MFG NY INC
7983,"DEFIANCE BOATS, LLC"
7985,WINCO
7986,"H&H SUPPLY, LLC"
7987,"PETRO2GO, LLC "
7988,VERADYN LLC
7989,HARD HAT TRAILER LLC
7990,"BLAST IT ALL MFG., INC."
7991,"FORTUNE HANEBRINK, INC."
7992,MIDSOTA MANUFACTURING INC
7994,MIDVALLEY MECHANICAL INC
7995,SERRO TRAVEL TRAILER CO.
7997,"SERVICE PLUS, INC."
7998,"SEVEN O SEVEN INDUSTRIES, INC."
7999,SEWER EQUIPMENT CO OF AMERICA
8001,"SEYLLER & SONS, INC."
8002,"SFA INC., FREDICK MANUFACTURING DIV"
8005,SIDEKICK TRAILERS INC.
8006,SIDEWINDERS
8008,SIERRA CUSTOM COVERS
8009,SIERRA WELDING & FABRICATING
8011,SIESTA RECREATION VEHICLES
8012,"PORSCHE CARS NORTH AMERICA, INC."
8013,PORTEC INC.
8014,"POSEY & LINN, INC."
8015,"POST & CO., INC."
8016,POTOMAC RV
8017,"POWELL'S SALES AND SERVICE, INC."
8018,"POWER BRAKE COMPANY, INC."
8019,"POWER BRAKE SER., & EQUIP. CO., INC"
8020,POWER MANUFACTURING INC.
8021,"POWER SLED MOTORCYCLES, INC."
8022,POWER VAC INC.
8023,POWER & CHROME
8024,POWERFAB LLC
8025,PPG INDUSTRIES INC.
8026,PRAIRE PIPELINE CONTRACTORS INC.
8027,PRATT INDUSTRIES (US) LLC
8028,"PRECISION CHASSIS & ENGINEERING,INC"
8029,PRECISION COACH INC.
8030,PRECISION CYCLE WORKS
8031,SPORTSMOBILE
8032,"SPORTSMOBILE TEXAS, INC."
8033,SPORTSMOBILE WEST
8034,SPORTSMOBILE WEST INC.
8035,"SPORTSMOBILE,INC."
8036,SPORTSPAL PRODUCTS
8037,SPOUTVAC USA INC
8040,"TRA-TECH, INC"
8041,T.R.A.C SERVICE AND BODY CO.
8042,TRACE TRAILERS
8043,TRACKSTAR INC.
8044,TRACY TRAILERS
8045,"TRADEWIND INDUSTRIES, INC."
8046,TRAILERS PLUS
8047,TRAILERS UNLIMITED
8048,"ST. CLOUD INDUST. PROD. INC.,"
8049,STAGECOACH INDUSTRIES INC
8050,RANDY MYERS STAGECOACH TRAILERS
8051,STAGEWAY COACHES INC.
8053,STAINLESS AND REPAIR INC
8054,STALICK INTERNATIONAL INC.
8055,STALKER MACHINE INC
8056,"STAMINA VANS, INC."
8057,STANDARD PARTS CORPORATION
8058,STANDARD SPRING ALIGNMENT
8060,"STANLEY ELECTRIC CO., LTD."
8061,"STANLEY ELECTRIC U.S. CO., INC."
8062,"STANLEY ENTERPRISES, INC."
8063,STANLEY TRAILER & MFG.
8064,"STANTON EQUIP., CO."
8067,"STANTON EQUIPMENT CO., INC."
8068,STAR CONVERSIONS
8069,"STAR CUSTOM INDUSTRY, INC."
8070,STAR TRAILERS
8071,STAR-TRANS EQUIPMENT MANUFACTURING INC.
8075,GONE FISHIN ENTERPRISES JAYZEE MFG
8076,JB-RES-Q INC.
8077,"JB-RES-Q,INC."
8078,JD ENTERPRISE
8079,MAK LEASING INC
8081,MALAGUTI S.P.A.
8083,KERR-BILT TRAILERS JL INC
8084,"JOHN P. DOERR & SONS, INC."
8085,JOHN PENNER TRAILER MFG.
8087,JOHN ROBBINS MOTOR COMPANY
8088,JOHN RUSSO INDUSTRIAL SHEETMETAL
8090,JOHN WHITE SERVICES
8091,"MERIT TANK & BODY, INC."
8092,"MERRITT TRAILERS INC. "
8093,"PRECISION ENGINEERING & MFG., INC."
8094,"PRECISION EQUIPMENT COMPANY, INC."
8095,PRECISION FABRICATING & CLEANING
8096,"PRECISION FIRE APPARATUS, INC."
8097,PRECISION HUSKY CORPORATION
8099,"HILL AND SMITH, INC."
8100,PREMCO PRODUCTS INC.
8101,"PREMIER COACHBUILDERS, INC."
8102,PREMIER ENGINEERING CO.
8103,"PREMIER TRAILER MANUFACTURING, INC."
8104,"SAUNDERS LEASING SYSTEM, INC."
8105,"MACK TRUCKS OF UTAH,INC."
8107,"SCELZI ENTERPRISES, INC."
8108,SCENIC VIEW WELDING LLC
8111,MARTIN MARIETTA COMPOSITES
8112,MARTIN'S STEEL INC
8113,MARTINEZ & TUREK INC
8116,"MARTINEZ WELDING, INC."
8118,MARTN RV CORPORATION
8119,MARTY'S TRAILER DEPOT DBA M.E.LIGHT & ELE. INC
8121,MARYSVILLE TRUCK EQUIPMENT
8122,"MASSART SUPPLY, INC."
8123,MASSON'S WELDING
8124,MASTER BODY WORKS INC.
8125,"MASTER CRAFT INDUSTRIAL EQUIP., CO."
8126,MASTER MANUFACTURERS INC.
8128,MASTER VAN & TRUCK CONVERSIONS INC
8129,MASTERBUILT MANUFACTURING INC
8130,MASTERCARRY TRAILER MANUFACTURING
8131,PERAVES AG
8132,PERCO INC.
8133,PERFECTION EQUIPMENT CO.
8134,PERFECTION WELDING AND MACHINE SHOP
8135,PERFORMANCE TRAILER INC.
8136,SPRAYER SPECIALITIES INC
8137,"SPREUER & SON, INC."
8138,SPRING JOINT SPEC. CO.
8139,SPRIT TRAILER
8140,SPRITE MANUFACTURING CO.
8141,SPUDNIK EQUIPMENT COMPANY LLC
8144,SKYTOP BREWSTER CO.
8145,SLABACH ENTERPRISES
8146,PRO LUBE INC.
8147,"PRO-STREET FRAMEWORKS, LLC"
8148,PRO-TEC TRAILERS
8149,PRO-TECH INDUSTRIES INC
8150,PROCESS ENGINEERING INC.
8151,PRODUCTION DIGGERS INC
8152,PRODUCTION WELDING
8153,"PROFESSIONAL DIESEL SERVICE, INC."
8154,PROFESSIONAL FABRICATION
8155,"PROFESSIONAL POWER PRODUCTS, INC."
8156,PROFILE TRAILERS
8157,"PROGRESS INDUSTRIES, INC."
8158,PROJECT X CHOPPERS
8159,PROLINE PRODUCTS LLC
8160,"PROMOTIONAL TRIM CONVERSIONS, INC"
8161,"PROMOTIONAL TRIM CONVERSIONS, INC."
8162,PROTOW TRAILERS
8163,PROVIDENCE BODY COMPANY
8165,"PROWELD, LLC."
8166,"PRYCO, INC."
8167,PUGET SOUND FABRICATION
8168,PULLIAM WATKINS ENTERPRISES INC
8169,PULLMAN EQUIPMENT COMPANY
8170,PULLRIGHT TRAILERS INC
8171,PULVER RACE FAB
8172,PUMMEL SUPPLY COMPANY
8173,"PUMP AND TANK COMPANY, INC."
8174,PUMP METER AND TANK SERVICE
8177,"STARCRAFT AUTOMOTIVE GROUP, INC."
8180,STARCRAFT CORP. CARGO HAULER DIVISION
8181,STARCRAFT RV
8182,JD'S MOTORCYCLE STUFF
8183,JDM MANUFACTURING
8185,JEEP CORPORATION
8186,JEFF'S CUSTOM WELDING
8187,"JEFFERSON BODY COMPANY, INC."
8188,JEL CORP
8189,JENKINS & JENKINS ENTERPRISES LTD
8190,JENKINS AUTO REPAIR
8191,JENKINS AUTO SUPPLY CO.
8192,JENSEN METAL PRODUCTS
8193,"JENSEN MOTORS, INC."
8194,LOADMASTER OF TENNESSEE
8195,LOADMASTER TRAILER COMPANY LTD.
8196,LOADSTAR MANUFACTURING
8197,LOBB TRAILER MANUFACTURING
8198,"SLATES BODY COMPANY, INC."
8199,SLUSARSKI MFG
8200,SMART STALLS
8201,"SMART TRAILERS, INC."
8202,SMC CORPORATION
8204,SMITBUILT MFG.
8205,SMITH-MCDANIEL INC
8206,"SMITH FARM EQUIPMENT, CO."
8207,SMITH TANK & EQUIPMENT COMPANY
8208,SMITH TRAILERS
8209,SMITH TRUCK CRANES & EQUIPMENT CO
8211,SMITHCO MANUFACTURING
8213,SMOKEY CAMPERS OF PENNSYLVANIA
8214,SNELL & WILMER
8215,SNORKEL FIRE EQUIPMENT COMPANY
8216,SNOW MANUFACTURING INC
8219,SNYDER AUTOMOBILE CO.
8220,"SNYDER BODY, INC."
8221,"SNYDER EQUIPMENT SALES, INC."
8222,"SOCAL WHITE TRUCKS, INC."
8224,TRANS-IOWA EQUIPMENT COMPANY INC.
8225,"TRANS-LINER, INC."
8226,"TRANS-STAR ENTERPRISES, INC."
8227,TRANS-TECH INDUSTRIES INC
8228,TRANSAMERICA VANS INC.
8229,TRANSATLANTIC BUILDERS OF TEXAS INC
8230,TRANSCOR INTERNATIONAL DEVELOPMENT CORP.
8231,TRANSCRAFT CORPORATION
8234,METAL CRAFT MANUFACTURING LLC
8235,METAL WORKS 360 INC
8236,"METALCRAFTERS, INC."
8237,METALITE INDUSTRIES INC.
8238,METRO EQUIPMENT AND RENTAL CORP.
8239,"METRO EQUIPMENT CO., INC."
8241,"NORTHCUTT TRUCK-TRAILER SALES, INC."
8242,"NORTHEAST FABRICATORS, LLC"
8243,NORTHERN TRAILER & FABRICATION COMPANY
8245,NORTHERN UNITED INC
8246,"NORTHLAND EQUIPMENT CO,INC"
8249,NORTHSIDE INDUSTRIES INC.
8250,"TRANSPORTATION TECHNIQUES, LLC"
8251,"TRANSTAT EQUIPMENT, INC."
8253,TRATECH
8254,"TRAVEL CRAFT, INC."
8255,TRAVEL EQUIPMENT CORPORATION
8256,TRAVEL LITE INC.
8257,TRAVEL SAFER INC DBA THE UTILITY BODYWERKS
8258,"TRAVEL UNITS, INC."
8259,"TRAVELEZE TRAILER COMPANY, INC."
8260,"TRAVELIER INDUSTRIES, INC."
8261,"TRAVELINE, INC."
8262,"SHOWCASE TRAVEL, INC"
8263,"TRAVELWISE, INC."
8264,TRAY TRAILERS
8265,TREMCAR USA INC.
8266,"TRI-CITY TRUCK EQUIPMENT CO., INC."
8267,"TRI-COUNTY MANUFACTURING, INC."
8268,"TRI-COUNTY WHITE TRUCKS, INC."
8269,"TRI-ONE, INC."
8270,"TRI-R MUNICIPAL EQUIPMENT, INC."
8271,TRI-STAR TRAILERS
8273,"TRI-STATE INDUSTRIES, INC."
8274,TRIAD ALUMINUM FABRICATION & SALES
8275,TRIAD TRAILERS LLC
8277,MARK IV HOMES INC.
8278,MARKSON PRODUCTS INC
8279,PERFORMANCE TRAILERS
8280,"PERFORMANCE TRAILERS, INC."
8282,PETER J. HARTMAN COMPANY
8283,PETER PIRSCH & SONS CO.
8284,PETERBILT TRUCKS OF DALLAS
8285,PETERMANS GARAGE INC.
8286,PETERS AUTO BODY & SPRING WORKS INC
8287,PETERSON BODY SERVICE
8288,OTTAWA TRUCK CORPORATION
8289,OTTAWA WHITE TRUCK SALES & SER. INC
8290,"OTTCO TRUCK BODIES, INC."
8291,OTTERBACHER TRAILERS
8293,OTTO'S CUSTOM TRAILERS
8294,"MAY TRAILER MFG., LLC"
8295,MAYER BODY CORPORATION
8296,"MAYER EQUIPMENT, INC."
8297,MAYES WELDING
8299,"MB MACHINE, WELDING & FABRICATION INC"
8300,MC TOURING PRODUCTS
8301,"MCAK TRUCKS, INC."
8302,MCALLISTER MOTORCYCLE MANUFACTURING
8303,MCBRIDE TRAILERS INC.
8304,MCCABE-POWERS BODY COMPANY
8305,"MCCAHAN BODY CO., INC."
8306,MCCANN HYDRAULIC & WELDING SERVICE
8307,MCCANN'S CUSTOMS
8308,MCCLAIN TRAILER CO
8309,"MCCLAIN TRAILERS, INC"
8310,MCCORD MANUFACTURING INC
8311,"MCCORMICK MACHINE, LLC"
8312,"MCCORMICK, INC."
8313,MCCOY MILLER CORPORATION
8314,MCDONALD TRAILER SALES
8315,"MCFARLAND PARTS, INC."
8318,"PICK-UP PALS, INC."
8319,PICK'S MANUFACTURING & WELDING INC.
8322,"STARLINE RV, INC."
8323,STARR INDUSTRIES INC
8324,STARR MANUFACTURING
8327,STATE AUTO PAINT
8328,STANTON DYNAMICS
8329,"STECO, INC."
8330,TIMPTE INC.
8331,"TINDER WHITE TRUCK & EQUIP., CO."
8333,"TITAN TRUCK EQUIPMENT CO., INC."
8334,"TITAN MANUFACTURING CO., INC."
8335,TITAN MOTORCYCLE COMPANY OF AMERICA
8336,"PETROLEUM CONTRACTORS, INC."
8337,PETROLEUM EQUIPMENT & SERVICE INC.
8338,"PETROLEUM EQUIPMENT CO., INC."
8339,PETROLEUM EQUIPMENT SERVICE
8340,PETROLEUM TANK CORPORATION
8341,PETROSSI WELDING
8342,PETTY BUILT MFG
8343,PEUDU MFG INC
8344,PEUGEOT MOTORCYCLES
8345,"PFOHL EQUIPMENT CO., INC."
8346,PHANTOM MOTORCYCLE COMPANY
8347,PHANTOM TRIKES
8348,"PHASE II TRUCK BODY, INC."
8350,"PHENIX ENTERPRISES, INC."
8351,PHIL LAROCHELLE EQUIPMENT INC
8352,PHIL PHELP TRUCK CENTER
8353,PHILIP J. ORTIZ MFG. CORP.
8354,"PHILLIPS MACHINERY, INC."
8355,PHILLIPS PETROLEUM COMPANY
8356,PHILLIPS PETROLIUM COMPANY
8357,PHOENIX MANUFACTURING INCORPORATED
8358,PHOENIX MOTORCARS LLC
8361,PHOENIX ROTARY EQUIPMENT LTD
8362,PHOENIX SPORTS CARS INC
8363,PHOENIX TRAILER EQUIPMENT MFG.
8364,PHOENIX USA IMPEX INC
8369,"SOLAR TECHNOLOGY, INC."
8371,SOLECTRIA CORPORATION
8372,SOLEM MACHINE COMPANY
8373,SOLID STEEL FABRICATION
8374,"SOLO VANS, INC."
8375,SOUTHWEST  TRUCK RIGGING & EQUIP.
8376,"SOUTHWEST GOLF CARS, INC."
8377,"SOUTHWEST GOOSENECK, LTD"
8378,SOUTHWEST MACHINE
8379,SOUTHWEST SALES
8380,SOUTHWEST SPECIALTY TRAILERS
8381,"TRIANGLE FLEET SERVICE, INC."
8382,"TRIANGLE GMC TRUCKS, INC."
8383,TRIANGLE TRAILER COMPANY D/B/A
8385,TRIGGER TECHNICS BV
8387,MARMON MOTOR CO
8388,"MAROLA MOTOR SALES, INC."
8389,"MARPLEX INDUSTRIES, INC."
8390,"MARQUARDT TRAILER MANUFACTURING, INC."
8391,MARQUE INC.
8392,"MARQUE, INC."
8393,MARQUEE CUSTOMS & CLASSICS LLC
8394,"ODYSSEY EXTREME MACHINES, INC"
8395,OEM FABRICATORS INC
8396,OIL EQUIPMENT SALES & SERVICE CO. INC
8397,"OFF-ROAD MOTORCOACH, INC."
8399,OHIO BODY MFG. COMPANY
8400,"OHIO BUS SALES, INC."
8401,TRIPLE-H-TRAILERS
8408,TRISEN FABRICATION
8409,TRITON CORPORATION
8412,"TRIUS, INC."
8413,"TRNSMED INDUSTRIES, INC."
8414,TROJAN FABRICATORS INC.
8415,TROJAN TRUCK BODY
8416,"TROLLEY BOATS , LLC"
8417,TRONT CREEK ENERPRISES INC
8418,TROPHY HOMES INC
8419,TROPHY TRUCKS OF TEXAS
8420,TROPIC TRAILER INC
8421,TROPICAL TRAILERS OF LAKELAND
8422,"TROTTERS MANUFACTURING, INC."
8423,"TROXELL COMPANY, INC."
8424,"TRUBILT TRUCK BODY COMPANY., INC."
8425,TRUCK & EQUIPMENT CORP.
8426,TRUCK & REFUSE EQUIP. OF SYRACUSE
8427,TRUCK & TRAILER EQUIPMENT CO.
8428,"TRUCK & TRAILER EQUIPMENT, INC."
8429,"TRUCK AND TRANSPORTATION EQUIPMENT COMPANY, INC."
8430,TRUCK AND TRAILER SALES CORPORATION
8431,"TRUCK EQUIPMENT & BODY CO., INC."
8432,"TRUCK EQUIPMENT & BODY COMPANY OF KY., INC."
8433,MASTERCRAFT BOAT COMPANY
8434,"MASTERPIECE TRAILERS, LLC"
8435,MASTERTOW INC
8436,"RAGE'N, INC. dba WEEKEND WARRIOR TRAILERS, INC."
8437,SUB CULTURE CYCLES
8438,"S&S CYCLE, INC."
8440,"MIDWEST CUSTOM CYCLES, INC."
8441,"UP-N-ATOM, INC."
8442,"WILLIAMS FIRE & HAZARD CONTROL, INC."
8443,"SUNDANCE EQUIPMENT, INC."
8444,AVANTI MOTORCYCLES INC.
8445,"CAROLINA EQUIPMENT & SUPPLY CO., INC."
8446,PRECISION MOTORCYCLE CONCEPTS
8447,"LUXXX CUSTOM CYCLES a DIVISON OF ACTIVEQUEST, INC."
8448,"WRIGHT'S DESIGN & FAVRICATION, INC."
8449,ZHEJIANG XIANJU XIANYI RUBBER SEAL CO. LTD.
8450,ANDROID INDUSTRIES - SPRINGFIELD LLC
8451,"FULLCHAMP TECHNOLOGIES CO., LTD. (USA)"
8452,PREMIER PUMP COMPANY
8453,H & H TRAILER SW
8454,GLASPO-GRZEGORZEW SPOLKA Z O.O.
8455,"MARK MINER ENTERPRISES, INC. dba CUSTOM"
8456,"H.Y.O., INC.  DBA PENGWYN"
8457,"WUXI HONGDOU LIGHT ALLOY WHEEL CO., LTD."
8458,"GRANITE FORD, LLC"
8459,"JASON INDUSTRIES, INC."
8461,SUPERWHEEL TECHNOLOGY INC.
8462,"WOODS LINE EQUIPMENT, INC."
8463,JINCHENG CORPORATION
8464,SPEEDWAGON MANUFACTURING INC. SPEEDWAGON TRAILERS
8465,SHANGHAI HONGHONG RUBBER MANUFACTORY
8467,"VIVA MOTORSPORTS, INC."
8468,"RIVER BEND CHOPPERS, INC."
8469,RUTHLESS MOTORCYCLE COMPANY
8470,HARRIS CUSTOM CYCLES
8471,CMI TRUCK EQUIPMENT
8472,"K-LITE (SHANGHAI) INDUSTRIAL CO., LTD"
8473,EASTCOAST BIKEWORKS LLC
8474,"FLEET MAINTENANCE, INC. "
8475,"MASTER SOLUTIONS, INC."
8476,"JENN FENG INDUSRIAL CO., LTD."
8477,DIAMOND CUT CARRIERS
8478,CLASSIC FIRE
8479,HAZ-FLASH LLC
8480,"ZHUZHOU TORCH AUTO LAMP CO., LTD"
8481,"ROADRUNNER TRAILERS, LLC"
8482,"INDUSTRIAL TRUCK EQUIPMENT, INC."
8483,"ZHANGZHOU YONGYULONG PRECISE HARDWARE CO., LTD"
8484,"JIASHAN ZHENYANG AUTO PARTS CO., LTD."
8485,"PIONEER PUMP, INC."
8486,COMFORTS OF HOME SERVICES INC
8487,"CT COACHWORKS, LLC"
8488,TRUE TRAIL INC.
8489,"NATIONAL GOLF CARS, INC."
8490,"SELECT-TECH, INC."
8491,"RIVERSIDE RV, INC."
8492,ZACKYS
8493,LIFE ALERT RESCUE
8494,"MXROS, INC. DBA BANTAM TRAILERS USA"
8495,WHITETAIL WATERSPORTS
8496,OAKLEY WELDCRAFT LLC
8497,SHOW COUNTRY TRAILERS
8498,"SCRUGGS TRAILER & EQUIPMENT WSE LEASING, INC."
8499,UNIVERSAL COMPOSITE LLC
8500,TRI COUNTY CHOPPERS II
8501,BRYANT TRAILERS
8502,"JIANGSU WENGUANG AUTOMOBILE ACCESSORY CO., LTD"
8503,"JIAXING STONE WHEEL CO.,LTD"
8504,"ZHUHAI PAINTER TECHNOLOGY CO.,LTD"
8505,"ANARCHY MOTORCYCLE COMPANY, LLC"
8506,SMALL CAR SOLUTIONS LLC
8507,COBB COUNTY CYCLES
8508,CROSS ROADS TRAILERS
8509,"CHOPS AND BOBBERS, LLC"
8511,UWOOD CO.
8512,ORLANDO METAL FABRICATION
8513,ALLIGHT PTY LTD.
8514,"TERRAFUGIA, INC."
8515,A & E FABRICATORS
8516,FIVE STAR TRAILERS S.A. DE C.V.
8517,"KRUIS ENTERPRISES, INC."
8518,"CHONGQING QINCHUAN INDUSTRY AND TRADE CO., LTD."
8519,"CHONGQING JIALI LAMP CO., LTD."
8520,HACKSTETTER MOTOR HOLDINGS LLC
8521,"JIANGMEN SHEN QIANG PLASTIC & HARDWARE CO., LTD"
8522,EZ TRAILERS
8523,"TRANSPORTATION SYSTEMS SOLUTIONS, LLC"
8524,TOWMAXX SPECIALITY TRAILER CO.
8525,"J&B TRUCK BODY, INC."
8526,FLATT ENTERPRISES
8527,"NEW WAVE COACH, CORP"
8528,"GUANGDONG ZHAOQING JUNHONG CO., LTD."
8529,"PROBILT BODY & TRAILER, INC."
8530,CARCO INDUSTRIES INC.
8531,OPEN RANGE RV COMPANY
8533,"HAYVAN MANUFACTURING BK3 INVESTMENTS, LLC"
8534,"CASEY'S WASHINGTON TRUCK CENTER, INC."
8535,CLEASBY CONVEYORS
8536,STERLING TEK INC.
8538,"HI PERFORMANCE GOLF CARS, INC."
8539,USA CHOPPERS LLC
8540,RACEPORT CUSTOM TRAILERS
8541,"HYDRATREK, LLC"
8542,TANFIELD ENGINEERING SYSTEMS US INC.
8543,WESTERN TRAILER COMPANY
8544,"PACIFIC VEHICLE PROCESSORS, INC."
8545,"SHANDONG ZHENGFANG TYRE CO., LTD"
8547,AMERICAN VANS INC.
8550,APPROVED STRUCTURES INC
8553,"ASIA MOTORS CO., INC."
8554,ASPLUNDH SERVICE CENTER
8555,"AUTOMATE RECREATIONAL PRODUCTS, INC"
8556,AUTOMOTIVE RECONDITIONING CENTER IN
8557,B&W CUSTOM TRUCK BEDS INC
8558,B.C. TRAILERS INC
8559,"B&W WELDING & REPAIR, INC."
8560,"BACKYARD TRAILERS, LLC"
8561,BAHR CUSTOM BOATS &  TRAILERS
8562,BAYLINER MARINE CORPORATION
8563,BAZ MFG.
8564,"SHANGHAI JMSTAR MOTORCYCLE CO., LTD"
8565,"LITHIUM HOUSE, INC."
8566,"GS  MANUFACTURING, LLC"
8567,CART-AWAY CONCRETE SYSTEMS INC.
8568,"BAY TOWN CHOPPERS, INC."
8569,EASTWEST UNITED GROUP INC.
8570,"LOADMASTER ALUMINUM BOAT TRAILERS, INC"
8571,BYW TRAILERS
8573,NORTH AMERICAN MOTORCYCLE CO.
8574,S & S TRAILERS
8575,ANESKO'S CUSTOM TRAILERS
8576,"COVINGTON CYCLE CITY, LLC"
8577,CHOPPER KINGS LLC
8578,JONES MOTORSPORTS
8579,"WHEELER STEEL WORKS , INC"
8580,WHEELING WHITE TRUCK COMPANY
8581,WHEELS UNLIMITED
8582,WHITE AUTOCAR SALES INC.
8583,"WHITE BEAR EQUIPMENT, INC."
8584,WHITE INDIANA SERVICE INC.
8585,THUNDERDOME ENTERPRISES
8586,EASTERN PERFORMANCE CYCLES
8588,MYERS WELDING
8589,AVILA MANUFACTURING
8590,MOD CYCLES CORP.
8591,"CUSTOM BIKE WORKS, INC."
8592,FR TEXAS GROUP L.P.
8593,PULL-WRIGHT TRAILERS & RANCH EQUIPMENT
8594,FLINT MANUFACTURING
8596,COUGARTNT
8599,FARIA'S TRAILERS LLC
8600,FLYNN'S WELDING & MACHINE SHOP
8601,HOLLAND CHOPPERS
8602,BOMAG PAVING PRODUCTS
8603,"K & K SYSTEMS, INC."
8604,E Z RYDER MOTORS
8605,ROPER MANUFACTURING
8606,PILLINGS F. R. P. INC.
8607,LOHR EQUIPMENT & WELDING
8608,"DAELIM MOTOR CO., LTD"
8609,R. G. SMITH EQUIPMENT CO.
8610,XTREME TRAILERS & MOTORCOACHES LLC
8611,ERWIN PRECISION INC.
8612,"PUL-TOY TRAILERS, INC."
8613,CRANFORD RADIATOR INC.
8614,"CHRISTIANSEN WELDING & MACHINE, INC."
8615,"SANITATION PRODUCTS, INC."
8617,WEEZE CHOPPERS
8618,HTL LIMITED
8619,"BARON MOTORCYCLES, INC."
8620,"CUSTOM TRIKES, INC. (Trikes & Accessories Inc.)"
8622,CLASSIC MC
8623,"SEALCOATERS DEPOT , INC."
8624,ATSATV
8625,"TOUCH ""A"" CLASS MFG."
8626,MIDWEST GENERAL REPAIR & FABRICATION LLC
8627,TARNEL USA
8628,"RUFFNECK TRAILER COMPANY, INC."
8629,OUTLAW CUSTOMS
8630,SEBASTO WELDING
8631,SILVER STATE INDUSTRIES DIVISION
8632,RED HORSE MOTORWORKS
8633,"BOBBY'S RULE, INC."
8634,"NEW HEIGHTS, LLC"
8635,"WARRIOR MANUFACTURING, LLC"
8637,"DETROIT BROTHERS, LLC dba DETROIT BROS. CUSTOM CYC"
8639,"SIXTH STREET CHOPPERS, LLC"
8640,"R & H SPECIALTIES, INC."
8641,LAKE NORMAN TRAILER
8642,BLACKROCK TRAILERS CORPORATION
8643,LUMBEE TRIKES & BIKES
8644,SUNDANCE TRAILERS dba SANTEK TRAILERS
8646,"TOMMY BOY RACING, INC."
8647,"PRO FAB IND., INC."
8648,HEAVY DUTY CYCLES
8649,TRAILMANOR
8650,L/E AUTO WORKS
8651,"HB CUSTOM COMPONENTS, INC."
8652,RHINO MOTORCYCLES
8653,BLASTCRETE EQUIPMENT CO.
8654,"ABSOLUTE PERFORMANCE, INC."
8655,MVP TECHNOLOGIES
8656,"YUEQING ANDELI MOTORCYCLE FITTINGS CO., LTD."
8657,"CHUANSIN METAL PRODUCTS (KUNSHAN) CO., LTD."
8658,"HUNTER AUTOMOTIVE GROUP, INC."
8659,HOOVER TRAILERS
8660,HIGHLANDER PARK HOMES LLP
8661,STAR EV CORPORATION
8662,"LEHMAN MFG. COMPANY, INC."
8663,HWA SEUNG DETROIT NETWORKS INC.
8664,"BRIDGERS COACHES, INC. DBA TAYLOR MADE AMBULANCES"
8665,"BOOT HILL TRAILER, LLC"
8666,SANDERS REPRODUCTION GLASS LLC
8667,"TRIPLE R TRAILER SALES, INC."
8668,"BAIR BODIES & TRAILERS, INC."
8669,TIMBERLAND TRUCK SALES CORP.
8670,"ZHEJIANG LINGYU VEHICLE INDUSTRY CO., LTD."
8671,"FOSHAN VFLY SPORTS PRODUCTS MANUFACTURE CO., LTD."
8672,SWIFT SAFETY AND TANK INSPECTIONS
8673,CEE-JAY TOOL COMPANY
8674,B & W MANTRAD INC.
8675,"TMT MANUFACTURING CO., INC."
8676,EAGLE WAELDING & MACHINE LLC
8677,"SMI & HYDRAULICS, INC"
8678,TRAILER ALABAMA TRAILER CO. INC.
8679,FOUNDRY MOTO LLC
8680,"CTM CUSTOMS, LLC"
8681,ALL MARINE TRAILERS
8682,"TROPHY BOAT TRAILERS, INC."
8683,NORTHERN TRUCK EQUIPMENT CORPORATION
8684,NORTHERN TRUCK EQUIPMENT CORP.
8685,LIGHTNING ROD MOTORCYCLES
8686,VALLEY VESSEL FABRICATORS INC.
8687,SVE BANTAM TRAILERS USA
8688,BQ GRILLS
8689,"WATSON HOPPER, INC."
8690,DEL MAR TRAILERS LLC
8691,"TILMAN DUMP TRAILERS, LLC"
8692,"GENERAL RICH ENTERPRISES, LLC"
8693,"ALL-STATE FORD TRUCK SALES, LLC"
8694,NORRIS TRUCK & TRAILER
8695,"QUALITY STEEL & ALUMINUM PRODUCTS, LLC"
8696,"HAWK FRP, LLC"
8697,"BEAR STEEL, INC."
8698,"CHONGQING GUANGDA INDUSTRIAL CO., LTD."
8699,MULTIQUIP INC.
8700,"CIXI XINGAN INDUSTRIAL CO., LTD."
8701,"G. HANSEN MANUFACTURING, INC."
8702,EAGLE ERECTORS INC.
8703,VENTURETECH CORPORATION
8704,LARK UNITED MANUFACTURING INC.
8705,KELLER WELDING LLC
8708,BAKERS TRAILER CO.
8709,"DELAWARE VALLEY CYCLE, INC."
8710,BERGKAMP INC
8711,"RAGING IRON CHOPPERS, LLC"
8712,"COFFEY MFG., LLC"
8713,"MARATHON INDUSTRIES, INC."
8714,PATRIOT MOTORCYCLE CORPORATION
8715,"KONERDING LEASING "
8717,CAMPERS CHOICE INC.
8718,LANCASTER TRUCK BODIES
8719,TIMBERWOLF MANUFACTURING CORPORATION
8721,WILKENS WALKING FLOOR TRAILERS
8722,JENISON AIRLEASE INC.
8723,"HIGH GEAR REPAIR, INC."
8724,ADRIAN HOMES
8725,C & M FABRICATION
8727,BLACK RIVER CHOPPERS INC.
8729,COMMANDER INDUSTRIES INC.
8731,SKORCZEWSKI WELDING
8732,PRO-ONE QUALITY ACCESSORIES & CUSTOM MOTORCYCLES
8733,"TIANJIN QINGYUAN ELECTRIC VEHICLE CO., LTD."
8734,STANLEY EMERGENCY PRODUCTS INC.
8735,BEST GOLF CARS INC
8736,"BETCO, INC."
8737,"BETTER BUILT TRAILERS, LLC"
8738,BETTER WEIGH MFG RONALD J WALLACE
8739,"BIRMINGHAM MFG., CO., INC."
8740,BIVOUAC AUTOMOTIVE CORPORATION
8741,"BLACK DIAMOND ENTERPRISES, INC."
8742,BOICE MARINE INC
8743,Bonanza & Rawhide Trailer Co.
8744,BONE INTERNATIONAL INC.
8745,"BROADWAY METAL WORKS, INC."
8746,"BROOKLYN WHITE TRUCKS, INC."
8747,"BURL FLEMING EQUIPMENT CO., INC."
8748,BURTEK INCORPORATED
8749,C.E.I. TRUCK & AG EQUIPMENT
8750,C.H. BRADSHAW CO.
8751,C.S. JOHNSON CO.
8753,CAGIVA MOTOR S.P.A.
8755,"CANUTO A. ESPINOZA, DBA"
8756,"CAPE FEAR MANUFCTURING, LLC"
8757,"CAR MATE TRAILERS, INC."
8759,CAVIS-CAVETTI ISOLATI S.P.A.
8760,"CHANDLER MFG., INC."
8761,"MIND'S EYE FABRICATION, INC."
8762,"CENTRAL FLORIDA TRAILER SALES, INC."
8763,"LAKE COUNTY CYCLES "
8764,"CHINA XINGYUE GROUP CO., LTD."
8765,BOB'S TRAILER SALES AND SERVICE
8766,"LIGHTNING V-8 MOTORCYCLES, INC."
8767,"OCEAN CHOPPERS MANUFACTURING, INC."
8769,GRYPHON BIKES & CHOPPERS
8770,"LANG'S CORNER GARAGE, INC."
8771,"COATES OIL EQUIPMENT CO., INC."
8772,"COBRA INDUSTRIES, INCORPORATED"
8773,COMPANION VANS INCORPORATED
8774,"COOK TRUCK EQUIPMENT & TOOLS, INC."
8775,COPCO STEEL & ENGINEERING CO.
8776,CORBIN MOTORS INC
8777,CR SPECIALTY MANUFACTURING
8779,"CUSTOM-FAB BODIES AND TRAILERS, INC."
8780,PHARAOHS' COACH CORP.
8781,SYNISTER CYCLE DESIGNS INC.
8782,"JJB SERVICES, LLC "
8783,M & M TRUCK & TRAILER FABRICATION
8784,"MERLIN MOTORS, INC."
8785,"TRI-STATE DIESEL, INC."
8786,MATCHBOX Q LTD DBA MONKEY BIKE WORKSHOP
8787,FAT CITY CHOPPERS
8788,LOS ANGELES ROLLERS
8789,"MIDDLEBURY TRAILERS, INC."
8790,BIGASS GRILLS AND SMOKERS
8792,D & S CUSTOM WELDING
8793,"CHONGQING KINGTON INDUSTRY GROUP CO., LTD."
8794,WESTER EQUIPMENT CO. OF EUGENE
8795,WESTERN COMMANDER INC.
8796,WESTERN CONTRACTORS EQUIPMENT INC.
8798,WESTERN DYNAMICS CORPORATION
8799,"ZHEJIANG LINGTIAN MOTORCYCLE CO., LTD"
8800,WILRAY MFG. INC.
8801,CYCLE CONCEPTS INC.
8802,VIPER TRAILERS L.L.C
8803,ALL IN ONE CUSTOM FABRICATION & DESIGN
8804,"GRAVES CUSTOM CYCLES, LLC"
8805,"C.C.E. TECHNOLOGIES, INC."
8806,"2-G TRAILER CO., LLC"
8807,"ELDORADO NATIONAL (CALIFORNIA), INC."
8808,IRONROCK CHOPPERS
8809,"PADU TRAILER MANUFACTURING, INCORPORATED"
8811,"MYERS MOTORS, LLC"
8812,"ACME CRYOGENICS, INC."
8813,"JARCO, INC."
8814,ACES CHOPPERWORKS
8815,"ARIZONA WOODRIVER OUTFITTERS, LLC"
8816,"PENATE GENERAL WELDING, INC."
8817,BROWN EQUIPMENT COMPANY
8819,PEREWITZ CUSTOMS
8820,"UNRUH FAB, INC."
8821,SREDY ENTERPRISES
8822,"RACE CITY RV PRODUCTS, LLC."
8823,NEW GENERATION PARK MODELS INC.
8824,"CIMARRON TRAILERS, INC."
8825,SPRINGFIELD MACK INC.
8826,"KOCH PERFORMANCE GROUP, LLC "
8827,MOVIE SITE POWER & LITE INC DBA MOBILE RESTROOM RENTAL
8828,MAN & MATERIAL LIFT ENGINEERING
8829,FRONTIER TRUCK EQUIPMENT & PARTS COMPANY
8830,SLADE MANUFACTURING L.L.C.
8831,JACK GREEN CO.
8832,PROPER CHOPPER INC.
8833,MCGEE TRAILERS SALES
8834,TOMKEN MACHINE INC.
8835,"MADAMI INTERNATIONAL, LLC"
8836,RAVEN MOTORCYCLE
8837,ALL SEASONS MANUFACTURING
8838,AERO FLITE TRAILERS
8839,STREAMLINER MOTORCYCLES INC.
8840,TITAN FABRICATION & WELDING
8841,TAYLOR TRAILERS
8842,TAYLOR TIDE-LAND TRAILERS LLC
8843,"WUXI DOUBLEGLYING LIGHT TYRE CO., LTD."
8844,JIAXING FENG PAI AUTO WHEEL FACTORY
8845,"HUNTER DESIGN GROUP, LLC"
8846,G & L TRAILERS
8847,VEGA FUNMOBILES PVT. LTD.
8848,TRAILON TRAILER CORP.
8849,BULL STOUT MANUFACTURING LLC
8850,EVCOR LLC
8851,LIVECCHI CYCLE L.L.C
8852,FALCON TRAILERS
8853,TRAVERTSON INC.
8854,ABM EQUIPMENT AND SUPPLY
8855,"YANGZHONG XINDANENG AUTOMOBILE PARTS CO., LTD."
8856,EQUIPMENT SERVICES INC.
8857,BENTLEY TRAILERS & CUSTOM COACHES
8858,T C TRAILERS
8859,SUPERIOR TRAILERS
8860,X-TREME FABRICATING INC.
8861,TRICKFIGHTERCUSTOMS LLC
8862,"RIVER'S TRUCK CENTER, INC."
8863,"REXHALL INDUSTRIES, INC."
8864,KIOBA INDUSTRIES
8865,RANEWS TRUCK & EQUIPMENT
8866,"BERT'S TRUCK EQUIPMENT OF MOORHEAD, INC."
8867,FANNTANA TRAILERS
8868,"BC EQUIPMENT, LLC"
8869,"FACTORY MOTORHOMES, INC."
8870,"LEGENDARY INNOVATIONS, LLC"
8871,PRECISION TRUCK BODY EQUIPMENT
8873,"SILVER CROWN, LLC"
8874,NST INC.
8875,"GUANGZHOU HUALIANG ALUMINIUM WHEEL CO., LTD."
8876,"JIANGSU BAODIAO LOCOMOTIVE CO., LTD."
8877,EQUIPT
8878,"COMPLIANCE ASSURANCE ASSOCIATES, INC. OF TN."
8879,"SHELBY'S WELDING & FABRICATING, INC"
8880,NORTH STAR DIV. OF DOUBLE R TRAILER MFG.
8881,"TOP NOTCH MANUFACTURING, LLC"
8882,"MINI AUTO TRUCK EQUIPMENT CO. INC. "
8883,"ARTECH PARTS FABRICATION, INC."
8884,"ART IN MOTION, LLC"
8885,CADMAN POWER EQUIPMENT LTD.
8886,WALTS PERFORMANCE
8887,ATTITUDE CYCLE
8888,GS MOTOR COMPANY
8889,"HBP-JAYBRAKE, LLC"
8890,"TAIZHOU CITY SENLONG MOTORCYCLE MANUFACTURE CO.,LTD."
8891,"QINGQI GROUP NINGBO RHON MOTORCYCLE CO., LTD"
8892,INDIAN LARRY LEGACY
8893,"LITTLE JOE'S WELDING & SONS, INC."
8894,TOW-RITE
8896,"NINGBO YONGJIA AUTO PARTS CO., LTD."
8897,DI BLASI OF NORTH AMERICA
8898,WICKED ENTERPRISES LLC
8899,"TEAM-TEX AMERICA, INC"
8900,ECO-FUELER CORPORATION
8901,"MERTZ MANUFACTURING, INC."
8902,"ALCAN TRAILERS, LLC"
8903,"INTERNATIONAL MACHINERY & EQUIPMENT (Zhengzhou) Co., LTD."
8905,AUTOCAR LIMITED
8906,PRO-PAR (1978) INC.
8908,SINKHOLE CUSTOMS LLC
8909,"AMERICAN LIFAN INDUSTRY, INC."
8910,PRESTIGE MOTORCOACH CORP.
8911,"ECLIPSE RECREATIONAL VEHICLES, INC."
8912,"CHESTER COUNTY CUSTOMS, LLC"
8914,"ARSENAL OF VIRGINIA, INC."
8915,"SHANGHAI HONLING MOTORCYCLE MANUFACTURE CO., LTD."
8916,LAMAR TRAILERS INC.
8917,"SABRE TRAILERS, INC."
8918,"DISASTER POWER & EQUIPMENT, LLC"
8919,LEVESQUE STEEL MANUFACTURING L.L.C.
8920,METAL-LINK CORPORATION
8921,"DAN'S TRUCK SERVICE, LLC"
8922,CDK MOBILE SYSTEMS INC.
8923,"MID-AMERICA TRAILER MFG., LLC"
8924,"BROWN INDUSTRIES, LLC"
8926,WEST JERSEY ENT. INC. COMPANY
8927,"WAG'N TAILS MOBILE CONVERSIONS, LLC"
8928,O'REILLY EQUIPMENT LLC
8929,AFFORDABLE ALUMINUM INC.
8930,"ECHO TRAILERS, LLC"
8931,"VOYAGER TRAILERS, INC."
8932,BULLDOG TRAILER MFG.
8933,TRAUNBILT LLC
8934,"BIG CITY CYCLE, INC."
8935,"CATA-MARINE, INC."
8936,MARIOUT MOTORWORKS LLC
8937,INDIAN MOTORCYCLE COMPANY
8938,"HAULSTAR, INC."
8939,HEIGHTS MACHINERY INC.
8940,"TOTER INDUSTRIES, LLC"
8941,"RIVERBEND EQUIPMENT LEASING, INC."
8942,"G-2, USA"
8943,MARTIN AND MARTIN BROS. BIKES
8944,"FORREST CITY MANUFACTURING, INC."
8946,SPECIAL EQUIPMENT MANUFACTURING
8947,"ZERO MOTORCYCLES, INC."
8948,"GENERAL COACH AMERICA, INC."
8949,"LUCON, INC."
8950,"KUTZ FARM EQUIPMENT, INC."
8951,DHS SYSTEMS LLC
8952,JEFF NICKLUS CUSTOMS LLC
8953,AEROBILT MANUFACTURING COMPANY
8954,"SHANDONG ZHUSHENGHUA RUBBER CO., LTD."
8955,CYCLE CONCEPTS
8957,CYCLONE TRAILERS
8959,"DAL-FAB & MACHINE, INC."
8960,DAYTONA BEACH BIKE WORKS INC
8961,DETROIT CHASSIS LLC
8962,DEWALT UTILITY TRAILERS
8963,DINO'S MANUFACTURING
8964,DISPLAY SOLUTIONS
8965,DIVERSIFIED FABRICATORS INC.
8966,"DIXIE VANS, INC."
8967,DMC
8971,DPJ MANUFACTURING INC. DBA JOHNSON MANUFACTURING
8972,DYNAMIC CHOPPER INC.
8974,EAGLEROCK TRAILERS INC
8975,EARTH TOOL CO LLC
8976,"EAST COAST RACE CARS, INC."
8977,EAST PRAIRIE FABRICATION
8978,"EASTERN SHORE TRAILER, INC."
8979,"EIP MANUFACTURING, L.L.C."
8980,EL DORADO INDUSTRIES INC.
8981,ROYAL COACH BUILDERS INC.
8982,TOWERWORX
8983,BRIAN'S TRUCK EQUIPMENT INC.
8984,"SJC INDUSTRIES CORP. "
8985,ECLIPSE ALUMINUM TRAILERS L.L.C.
8986,BRANNON TRUCK & DIESAL
8987,GREAT WHITE TRAILERS
8988,MIDLAND EQUIPMENT COMPANY
8989,ULTIMATE CUSTOM COACH INC.
8990,REMOLQUES DI-KAR
8991,DEMENTED CYCLES
8992,"ZAHL EQUIPMENT SERVICE, INC."
8993,ZAMORA SALES AND SERVICE
8994,ZANELLA HNOS Y CIA SA
8996,ZAT ENTERPRISES
8997,"ZECOL, INC,"
8998,ZEELAND TRUCK & TRAILER BODY CO.
8999,ZEHR ENTERPRISES INC
9000,ZELIGSON COMPANY
9001,"ZERTECK, INC."
9002,ZIEMAN MANUFACTURING COMPANY
9003,"V-8 CHOPPERS, L.L.C."
9004,SPECIAL CONSTRUCTION MOTORCYCLES
9005,GROUND FORCE MANUFACTURING LLC
9006,ROLLON TRAILER CORPORATION
9007,"LIBERTY TRAILERS, INC."
9008,CRYSTEEL TRUCK EQUIPMENT
9009,LACONIA CUSTOM CYCLES
9010,"BERLON INDUSTRIES, LLC"
9011,"TRAIL-RITE, LLC"
9012,"R-ANELL HOUSING GROUP, LLC"
9013,THUNDER CYCLE DESIGN INC.
9014,CHOCTAW TRAILERS
9015,PANTHER MOTORS INC
9016,TRAILERS BY MIKE
9017,PHANTOM CYCLE
9018,"PAMARO, INC."
9019,WAYNE'S TRAILER SUPPLIES
9020,"MITCH BERGERON CUSTOMS, INC."
9021,"QUACKERTIME OUTFITTERS, INC."
9022,EMPIRE COACH CO.
9023,WILLIAMS MFG. CO. INC.
9024,WILLIAMS WHITE TRUCK SALES & SER.
9025,WILLIAMSEN IDAHO EQUIPMENT CO.
9026,"WILLIAMSPORT FABRICATORS, INC."
9028,WILLIMAS VACUUM TANK TRUCKS
9029,WILLTEN MFG. CORP.
9031,"RANTOUL TRUCK CENTER, L.L.C"
9032,"CUSTOM BODY, LLC"
9033,"ULTIMATE CYCLEWORKS, INC."
9034,APOLLO CHOPPERS LLC
9035,LAU WELDING & GRADING LLC.
9036,BOOM TRIKES USA
9037,ELAN MANUFACTURING
9038,WILDCAT MOTORCYCLES
9039,LONE STAR ROASTER
9040,"RMS A DIVISION OF STOMS COMPANIES, LLC"
9042,"JIANGMEN ZHONGYU MOTOR (GROUP) CO., LTD."
9043,SMOKE DOG LLC
9044,FAIRLINE INC.
9045,"ATTITUDE CUSTOM CYCLES, INC."
9046,"TNT TRAILER, INC."
9048,"ELECTRA ACCESSORIES, INC."
9049,"HITCH AND TRAILERS OF FORT MYERS, INC."
9050,ACCURATE CYCLE ENGINEERING
9052,TAKATI MOTORCYCLES LLC
9053,CREATIVE HOT RODS
9054,"VIA, LLC"
9055,"STREET STEEL MOTORSPORTS, LLC"
9056,"WESTERN CASCADE TRUCK,INC"
9057,PREFERRED CYCLES INC.
9058,"KURTZ WELDING, INC."
9059,"BUCKBILT TRAILERS, INC."
9060,"AMERITRAIL, INC."
9061,"SPECIALTY VEHICLE SOLUTIONS, LLC"
9062,"SIGNALMASTERS, INC."
9063,"FINISH LINE TRAILERS, L.L.C."
9064,METAL WORX INC.
9065,"PADGETT, INC."
9066,SOLAR TEMP INC.
9067,"D & A CUSTOM TRAILER, INC."
9068,ALL PHASE TRAILER AND EQUIPMENT
9069,"FEEDMOBILE, INC."
9070,YANTAI HAIDE SPECIAL AUTO WORKS
9071,SUNCOAST CHOPPERS & FAB.
9072,"CHANGZHOU CITY SHANFENG VEHICLE FITTINGS CO., LTD."
9073,J-MARK TRAILER LLC
9074,RAY'S CUSTOM TRAILER CO.
9075,T & J WELDING INC.
9076,"TWISTERCITY CYCLE WORKS, LLC"
9077,"BRAUN MOTOR WORKS, INC. "
9079,TRISTATE TRUCK EQUIPMENT
9080,RIDGE RUNNER TRAILERS
9081,"HY-LIFT HUNTING BLINDS, INC."
9082,RHINO TRAILERS LLC
9083,"RTS TRUCK CENTER, INC."
9084,"LOGIC MOTORS, LLC"
9086,"CMD POWERSYSTEMS, INC."
9087,"SHANDONG O'GREEN WHEELS CO., LTD."
9088,B+B TRAILERS
9089,PIPELINE MANUFACTURING
9090,"GUANGZHOU PANYU HAOJIAN MOTORCYCLE INDUSTRY CO., LTD."
9091,BLACK HAWK TRAILERS
9092,"ADVANCED NORTHWEST WELDING, LLC"
9093,GLOBAL DISTRIBUTING LLC dba ECLIPSE WIRELINE LLC
9094,BOWE-BUILT LLC
9095,"CAREFREE CUSTOM CYCLES, INC."
9096,MONSOON MARINE
9097,TCM LLC
9098,EAST COAST TRAILERS
9099,TRIPLE M MECHANICAL
9100,DALLAS SMITH CORP.
9101,"SLEEPY HOLLOW CUSTOMS, INC."
9102,VILLAGE TRAILER SALES AND PARTS
9103,"DURALITE TRAILERS, LLC"
9104,JEREMY'S WELDING
9105,"TRAILER TECH, LLC (DBA-TT TRAILERS)"
9107,LINAMAR CONSUMER PRODUCTS INC.
9108,SUNBEAM MOTOR COMPANY INC.
9109,PREDATOR CUSTOM TRAILERS AND MOTORCOACHS INC.
9110,BYE RITE TRAILER & FABRICATION INC.
9111,"DIAMOND HEAVY VEHICLE SOLUTIONS, LLC"
9112,COMMTRANS DIV. OF THE SULLY CORPORATION
9113,STALLION INTERIORS INC.
9114,MWE OF OHIO LLC
9116,WICKED CUSTOM CYCLES
9117,WEBER TRAILERS BY MRRES INDUSTRIES INC
9118,AMERICAN CLASSIC MOTORS INC.
9119,ELKIN HI-TECH
9120,"CRYOTECH, LLC"
9122,"ROYAL TRUCK BODY, INC."
9123,"O'NEAL TRAILERS, LLC"
9124,PATCHSTOP.COM INC.
9125,BROWN COUNTY HIGHWAY DEPARTMENT
9126,ROCKY MOUNTAIN TRAILER COMPANY
9127,CAROLINA GROWLER INC
9128,"JOHNSON CRUSHERS INTERNATIONAL, INC."
9129,DG FABRICATION INC.
9130,TRI-STAR TRAILER MFG.
9131,"TEXTRAIL, INC."
9132,"BIG TEX TRAILER MANUFACTURING, LLC"
9134,HALBERT TRAILER SERVICE AND REPAIR
9135,WIZARD SPEED AND DESIGN
9136,SAS GROUP LLC dba VENDETTA V8 MOTORCYCLES
9137,"UTILITY TRUCK EQUIPMENT, INC."
9139,"CREATIVE MOBILE SYSTEMS, INC./CREATIVE CARTS LLC"
9141,SHRED-TECH CORPORATION
9142,CHOP SHOP CUSTOMS
9144,DIAMONDBACK CHOPPERS LLC
9145,"INTERNATIONAL SPECIALIZED TRAILER MFG., LLC"
9146,VISION MANUFACTURING LTD
9147,"MOSER MOTOR SALES, INC."
9148,"LIGHT ENGINEERING, INC."
9149,"NINGBO LONGJIA MOTORCYCLE CO., LTD."
9150,FRONTIER EQUIPMENT DESIGN
9151,"ISLAND TOPSOIL, LLC"
9152,"LOAD LIFTER SOLUTIONS, LLC"
9153,"MSE WELDING AND FABRICATION, LLC"
9154,"SOUTHLAND INTERNATIONAL OF LOUISIANA, LLC"
9155,"HAUL'N ASS CUSTOMS, LLC"
9156,FOUR - W TRAILERS
9157,EZ DEPLOY SYSTEMS LTD.
9158,GROVE US LLC
9159,"C.E. SMITH COMPANY, INC."
9160,"TRANSPORT DESIGNS, INC."
9161,MONSTER TANKS INC.
9162,"HYPER PRODUCTS, LLC"
9163,"VISIONARY METALS, LLC"
9164,"M-L UTILITIES, LLC"
9165,GATOR MADE INC.
9166,"COACHMEN RECREATIONAL VEHICLE COMPANY, LLC"
9167,ZIENTARA FLEET EQUIPMENT INC.
9169,ZIFFEL MANUFACTURING
9170,ZIMMER CORPORATION
9171,ZIMMER MOTOR VANS
9172,ZIMMERMAN METALS INC.
9173,"ZIP'S AUTO BODY, INC."
9174,"ZIP'S BODY PARTS, INC."
9175,ZIP'S TRUCK & TRICK BODY SHOP
9176,"ZIP'S TRUCK EQUIPMENT, INC."
9178,ZONE ELECTRIC CAR LLC
9179,ZOOK'S WELDING
9180,ZORESCO EQUIPMENT CO.
9182,"A. WRENN & SONS, INC."
9183,A.B. SCARLETT GMC TRUCKS INC.
9185,"AARON WORLDWIDE MACHINE CO., INC."
9186,ADVANCED STRIPING EQUIPMENT
9187,ADVANTAGE ENTERPRISES INC
9188,ADVENTURE SPORTS PRODUCTS INC
9189,AERO TECH MFG INC
9190,ALFRED SPINDELBERGER FAHRZEUGTECHNIK GMBH
9191,TOW RITE MGF. CO. INC.
9192,"NEWELL EQUIPMENT, INCORPORATED"
9193,DUFFER'S MANUFACTURING
9194,"R&S TRAILERS, LLC"
9195,"NELSON, L.C."
9196,CHUBBS STEEL SALES INC
9197,ACME TRAILER WORKS INC.
9198,WUXI CITY ZHONGLIAN METAL PRODUCTS FACTORY
9199,"SHANDONG BETTER WHEEL CO., LTD."
9200,TRUCK UTILITIES KIMBALL
9201,WRECKER SALES COMPANY
9202,WRIGHT BUILT
9203,WRIGHT CARRIAGE CO.
9205,"WRM, INC."
9206,WYATT'S TRAILER SALES
9207,"WYCOFF COMPANY, INC."
9208,"WYLIE & SON, INC. DBA WYLIE MANUFACTURING"
9209,WYMAN`S INC.
9210,WYOMING INVENTION & DEVELOPMENT CORP.
9211,WYOMING SHEEP WAGONS
9212,X-CEL TRAILERS
9213,"BULL MOOSE HEAVY HAUL, INC"
9214,X-TEN CORPORATION
9215,X-TREME TRAILERS INC
9216,XPLORER ENTERPRISES OF CONSTANTINE
9217,"AEROPUP TRAILERS, LLC"
9218,WICKED CHOPPERS CORPORATION
9219,"WUXI FUTONG MOTORCYCLES CO., LTD."
9221,FX MOTORCYCLE DESIGN & PERFORMANCE
9222,HINIKER COMPANY
9223,SJS CHOPPERS
9224,"KUJA MOTO, INC."
9226,"LOU FEGERS TRAILER SALES, INC"
9228,"ROBT. E. RAFALKO "
9229,RDS MFG. INC.
9230,METALITE AVIATION LIGHTING
9231,LEGENDS MOTORSPORTS LLC.
9233,"FASTLINE TRAILER MFG., CO."
9234,AHOY! HOUSEBOATS AND FISHHOUSES INC.
9235,"STREIGHT MOTORCYCLES, INC."
9236,"EMERGENCY VEHICLES, INC."
9237,LINDSAY MANUFACTURING CO.
9238,"SPEEDWAY CHOPPERS, LLC"
9239,ULTIMATE CYCLES LLC
9240,STEVENSON'S CYCLE
9241,SOUTHERN YANKEE BAR-B-Q
9242,"NORTHWEST MANUFACTURING, INC."
9243,"SHANDONG PIONEER MOTORCYCLE CO., LTD"
9244,BLUE RIDGE MOUNTAIN TRAILERS INC.
9246,SAMHELL CHOPPERS
9247,BRUNO TRAILER CO.
9248,"WILBERT FUNERAL SERVICES, INC."
9249,WILLIAM STEELE WELDING & FABRICATION LLC
9250,MIAMI CHOPPERS INC.
9251,LATE NYT CHOPPERS
9252,PRIEST MOTOR CORP.
9253,"STAR CUSTOM CREATIONS, LLC."
9254,RIVER DEPOT
9255,BILLY’S HOT ROD CYCLES
9256,HITMAN CHOPPERS
9257,RW WELDING
9259,SEXTON CUSTOMS
9260,SPECIALTY VEHICLE ENGINEERING - AMERICA
9261,CUSTOM BUILT TRAILERS
9262,The Broyhill Company
9263,GREENFIELD TRAILERS
9264,CAROLINA BOATS & CARS
9266,ACME MOTORCYCLE CO.
9267,"BACKROAD CHOPPERS, LLC"
9268,"STOLL TRAILERS, INC."
9269,"ZHEJIANG JIXIANG MOTORCYCLE FITTINGS CO., LTD"
9270,ULTIMATE MANUFACTURING LLC
9272,"WELDING & MACHINE, INCORPORATED"
9273,"FAT BOY TRAILERS, LLC"
9274,"TAIZHOU ZHONGNENG MOTORCYCLE CO., LTD."
9275,"WELDING AND MACHINE, INCORPORATED"
9276,"ZHEJIANG XINGYUE VEHICLE CO., LTD."
9277,"FRONTIER RV GEORGIA, LLC"
9278,"POWERS AUTO & CUSTOM BIKES, INC."
9279,"DOWN 2 EARTH CARGO, LLC"
9280,C & C ENT. CUSTOMS
9281,WESTERN CHOPPERS
9282,FRONTIER INDUSTRIAL CORPORATION
9283,"DON JOHNSON SALES, INC."
9284,"WALLACE LOWBOYS, INC."
9285,HILLBILLY TRAILORS
9286,"FREEDOM TRAILERS, LLC"
9287,"JET COMPANY, INC."
9288,LIME CITY EQUIPMENT INC.
9290,RTM GROUP INC.
9291,D & P ENTERPRISES
9292,"KUNSHAN BOGA METALWORK CO., LTD."
9293,MOTOCZYSZ
9294,VISION METALS INC. DBA FERREE TRAILER
9295,"SIGEL WELDING, INC."
9296,"PLACER FIRE EQUIPMENT, INC."
9299,"EUROSPEED, INC."
9300,ROAD DOG TRAILERS
9301,LEVEL TRAILERS
9302,"SPACE COAST INDUSTRIES, INC."
9303,"ARIZONA TRAILER MANUFACTURING, INC."
9304,WEST SIDE CYCLE LLC
9305,LONDON MACHINERY INC.
9306,"J. A. EMILIUS' SONS, INC."
9307,"THERM DYNAMICS MFG., INC."
9308,"SYLVANSPORT, LLC"
9309,"ARISING INDUSTRIES, INC"
9310,SEVEN CUSTOM CYCLES INC.
9311,LUYUAN INC.
9312,"HAINING FIRST ELECTRICAL APPARATUS CO., LTD."
9313,"FREE DRIVE EV, INC."
9314,DM MACHINE
9315,MUSTANG TRAILER
9316,"PERSONAL TRAILERS, INC."
9318,"NEW CUSTOM TRAILERS, LLC"
9319,BAJA CUSTOM TRAILERS INC.
9320,SOUTH FLORIDA CHOPPERS INC.
9321,WOLVERINE CUSTOM
9322,"CHOPPER CITY CUSTOMS, INC."
9323,AKINS CUSTOM BUILTS MFG. CO.
9324,"FREEDOM TRAILERS, INC. (TEXAS)"
9325,NORTHEND TRUCK EQUIPMENT COMPANY INC.
9326,"RANSOM MOTORSPORTS, LLC"
9327,"SILVER STAR TRAILERS, LLC"
9328,S/C CHOPPERS
9329,STEWART'S FABRICATION AND WELDING
9330,GENERAL TRUCK EQUIPMENT AND TRAILER SALES
9331,"A DIVISION OF UNIQUE INDUSTRIES, INC."
9332,ARIZONA REFUSE SALES LLC
9333,"RUFF & TUFF PRODUCTS, LLC"
9334,MICHAEL D'S CUSTOM CYCLES
9335,BIMOTA SA SEDE SECONDARIA
9336,"COLLA TRAILERS, LLC"
9337,"SHOU CHI INDUSTRIAL CO., LTD."
9338,"JRC CUSTOM TRAILERS, INC."
9339,ACTION ENTERPRISES & FABRICATION LLC
9341,R WAY TRAILER MANUFACTURING CORPORATION
9342,"NEXGEN FRAMING SYSTEM, LLC"
9345,"MIKE'S WELDING  & TRAILER MFG., LLC."
9346,AMERICAN EMERGENCY VEHICLES
9347,PATRIOT MANUFACTURING LLC
9348,"HIAB, INC."
9349,IRVING EQUIPMENT LLC
9350,LOAD TOTOERS TRAILER SALES
9351,"TOMBSTONE HEARSE CO. INC., "
9352,"JAC ENTERPRISES, INC. DBA MIDWAY TIRE"
9353,"SHANGHAI UNISON ALUMINIUM PRODUCTS CO., LTD"
9354,L & M STEEL AND MFG.
9355,"LITTLE BEAVER, INC."
9356,"PLOT USA, INC. "
9357,"ZHUJI CHAOAN MECHANICAL PARTS CO., LTD."
9358,HALO CYCLES LLC
9359,"DUKANE PRECAST, INC."
9360,"WHELEN ENGINEERING COMPANY, INC."
9361,"RETTIG ENTERPRISES, INC. "
9362,SUPREME TRAILERS
9363,"AFTER HOURS BIKES, INC."
9364,"SHOWHAULER TRUCKS, INC."
9365,"PARK CITY CHOPPER ""WHERE COWBOYS RIDE STEEL"" LLC"
9366,"GFORCE FABRICATION, INC."
9368,ELK RIVER MACHINE COMPANY
9369,OLYMPIC ENTERPRISES LLC DBA MILLENNIUM CUSTOM AUTO
9370,O.C.O. PRESSURE CONTROL
9371,"JIANGMEN QIPAI MOTORCYCLE CO., LTD"
9372,"LONE WOLF TRAILER CO., INC."
9373,"WATER-LAND MANUFACTURING & SUPPLY, LLC"
9374,COMING THROUGH SWEDEN AB
9375,"SPURLOCK VEHICLES, INC."
9376,"TOY CARRIERS, INC"
9377,COOL AMPHIBIOUS MANUFACTURER INTERNATIONAL LLC
9378,"INSTA-GATOR CHOPPERS, LLC"
9379,"ALLEGHENY BODY CO., INC."
9380,ALLEN'S MFG INC.
9381,"ALLIED MACHINE, INC."
9382,AMAZ-N-TOW INC
9383,AMERI. RECREATIONAL INDUSTRIES INC.
9385,"UNIQUE MOTOR COACH, INC."
9386,UNIQUE MOTORCYCLE COMPANY
9387,UNIQUE PRODUCTS
9388,UNITED ALLOY
9389,"UNITED EXPRESS LINE, INC. "
9390,"UNITED OIL OF IDAHO, INC."
9391,UNITED TRAILER PRODUCTS
9392,UNITED TRUCK EQUIPMENT CORP.
9393,UNITED TRUCK LEASING
9394,UNIVERSAL CYCLE CORPORATION
9395,UNIVERSAL MOTOR COACH
9396,"UNIVERSAL SPECIALTY VEHICLES, INC."
9397,"UNIVERSAL TRAILERS, INC"
9398,"UNIVERSAL TRUCK EQUIPMENT,INC."
9399,"UNLIMITED RECREATION, INC."
9400,UPBEAT CO.LTD
9401,"UPLIFT MOBILITY PRODUCTS, LLC"
9402,"URAL (YPAN) AMERICA, INC."
9403,"XTRA MILE TRAILERS, INC."
9404,XTREME CUSTOM CONVERSIONS
9406,"Xtreme Trailer Sales, Inc. dba Interior Mobile Welding, Inc."
9410,CHARLESTON MARINE CONTAINERS INC.
9411,CCI CORPORATION
9412,"HIGHLAND METAL DISTRIBUTION, INC."
9413,SHORT GO INC.
9414,"ORBIT SCREENS, INC."
9415,CHOPPERZ4LIFE MFG. INC.
9416,VOODOO CHOPPERS
9417,"FABFORM INDUSTRIES, INC TRAILER MFG. DIVISION"
9419,M.J. MAC INTOSH & CO.
9420,"MAC-LANDER, INC."
9421,"MAGNUM RECREATIONAL, INC."
9422,MAINE PORTAGE
9423,"MAISONS SRM BLONDEAU HOMES, INC."
9424,"MARK INDUSTRIES,INC."
9425,MARMON-HERRINGTON AUTOMOTIVE
9426,MATHERS ELECTRIC MOTORCAR CORP.
9427,MATTHEW BUSES INC.
9428,MAXI ROULE INC
9429,IRON MIKE CYCLES LLC
9431,"SERVICE KING MANUFACTURING, INC."
9432,"LIVESTOCK TRAILER EQUIPMENT, LLC"
9433,SAFETY TECHNOLOGIES
9435,APACHE GOLF CARS LLC
9437,"OPEN ROAD MOTORCYCLES, INC."
9438,THRU-WAY TRAILERS CENTRE LIMITED
9439,AMERICAN AIRBOAT CORPORATION
9440,BELLA CYCLES
9441,UNIVERSAL BODY AND EQUIPMENT
9442,"IOWA MOLD TOOLING CO., INC."
9443,"J & D EQUIPMENT, INC. "
9444,TOWER SOLUTIONS
9445,MIDDLETON AND MEADS CO. INC.
9446,SABERS SPECIALTIES LLC
9447,NOWAK COMMERCIAL REFINISHING INC.
9451,HIGH ALTITUDE AVIATION INC.
9452,SPAULDING MFG INC
9453,LONE STAR TRAILER MFG.
9454,"COLLIERS CUSTOM CYCLES, INC."
9455,UNITED TRUCK BODIES
9456,"WERTS WELDING & TANK SERVICE, INC."
9457,"FENRIS CYCLE, INC."
9458,"VIKING VEE, INC."
9459,TRI-STATE INDUSTRIES
9460,"VALTIR, LLC"
9461,"SILVER CREEK HOMES, INC."
9462,CHARLEY'S LP TRUCK CORP.
9463,"CIRCLE D TRAILERS, INC."
9464,DOUBLE K CUSTOM TRAILERS
9465,"ADVANCED WELDING AND MANUFACTURING, INC."
9466,"ZHEJIANG WANFENG AUTO WHEEL CO., LTD"
9467,KING CUSTOM MOTORCYCLES
9469,GALION MANUFACTURING CO.
9470,"ERICKSON TANK & PUMP, LLC"
9471,"SICK PIGS MOTORCYCLE COMPANY, LLC"
9472,"BADGE BOYZ CUSTOMZ, LLC"
9473,"CAPITAL INDUSTRIAL, INC."
9474,PROGRESSIVE DESIGNS
9475,BIG BEAR TRAILERS
9476,TOMAHAWK CUSTOM CHOPPERS LLC
9477,KUSTOM MACHINE & SHEET METAL
9478,"PROGRESSIVE RESOURCES, INC. "
9479,HMF ENGINEERING INC.
9480,"HAWES MANUFACTURING, INC."
9481,R.G. SMITH EQUIPMENT CO.
9482,"PREMIER NORTHWEST, LLC"
9483,ROCKEM AND SOCKEM MOTORCYCLE CO. LLC
9484,"C & M MOTORS, INC."
9485,B & H CUSTOMS
9487,CASCON TRANSPORTATION EQUIPMENT CO.
9488,"GLOBAL MOTORSPORT GROUP, INC."
9489,SAVAGE CYCLES INC.
9490,COMPANION TRAILERS INC.
9491,"EDMONDSON CUSTOM BUILT, LLC"
9492,"PROSTAR, LLC"
9493,03 INDUSTRIES LLC
9494,TRANSPORT LEASING COMPANY LLP
9495,"HAULRITE OF FOUR CORNERS, INC."
9496,TOMCAR USA INC.
9497,"CHYONG HORNG ENTERPRISE CO., LTD."
9498,YUYAO CITY JINLONG VITTA MACHINE CO. LTD.
9499,"LINHAI SITONG PIPE-MAKING CO., LTD"
9500,NINGBO YINGDAHUANG AUTO PARTS INC.
9501,TEREX ADVANCE MIXER
9502,"CUMBERLAND COUNTY CUSTOM CYCLES, LLC"
9503,DI BLASI INDUSTRIALE SRL
9504,"RENEGADE MOTORCYCLES, INC."
9505,WIDE OPEN CYCLES
9506,EFL MANUFACTURING LLC
9507,"CHUY'S C-5 TRAILER, INC. "
9508,OUTKAST CUSTOM TRAILER
9509,SHILOH MANUFACTURING INC.
9510,"MAXWELD BOATS, INC."
9511,"ROUND 2 MOTORCYCLES, INC."
9512,OLD GLORY TRAILERS
9513,"RB TRAILER MANUFACTURING, INC."
9514,FEARLESS CHOPPERS LLC
9515,"SIC CYCLES, LLC"
9516,EXOTIC CHOPPERS INC.
9517,"NEWMAN INDUSTRIES, INC."
9518,"THREE FEATHERS MANUFACTURING, LLC"
9519,MPT s.r.l.
9520,LAWLESS CUSTOMS
9521,JAIL BREAK CHOPPERS
9522,DARK DAYZ CHOPPERS
9523,ULTIMA COMPANY LLC
9524,"TRI STATE UTILITY SALES AND SERVICE, INC."
9525,"J. C. MADIGAN, INC."
9526,BLACKBURN TRUCK BODIES
9527,NORTH AMERICAN CARGO
9528,"MILLENNIUM TRANSIT SERVICES, LLC"
9529,BLACKSMITH CHOPPERS
9530,"OSAGE INDUSTRIES, INC."
9531,"ALUMA TOWER COMPANY, INC."
9532,LAKOTA TRAILERS
9533,ROCKY MOUNTAIN CHOPPERS
9534,BLACK WIDOW CUSTOM MOTORCYCLE WORKS
9537,ABBY MANUFACTURING COMPANY
9538,WILMER'S WELDING
9540,LUOYANG CITY XIGONG LINGKONG SAFETY GLASS FACTORY
9541,"INSANE CYCLE DESIGNS, INC."
9542,FREEBORN CUSTOMS INC.
9543,ACTION FABRICATION & TRUCK EQUIPMENT
9544,"METAL SYSTEMS, INC. dba GATOR TRAILERS"
9545,WICOMICO CUSTOM CYCLES INC.
9546,J & B TRUCK BODIES INC.
9547,TRAILBLAZER TRAILERS
9548,SNYDER ENTERPRISES INC.
9549,EXCAVATION TECHNOLOGY CORPORATION
9550,LTF MOBILE TECHNOLOGIES
9551,TWISTED TWIN INC.
9552,TRI-INDUSTRIES
9553,JERRY'S WELDING SERVICE
9554,"CHONGQUING DAJIANG MOTORCYCLES CO., LTD"
9555,BACKYARD CHOPPERS
9556,SULLIVANS MOTORCYCLES
9557,"FELONY STREET GEAR COMPANY, LLC"
9558,URAL AMERICA INCOPROATED
9559,US TRUCK BODY CO INC.
9560,USA MOTOR CORPORATION
9561,"UST COMPANY, INC."
9562,UTAH TANK & TRAILER
9563,"UTE LINER MANUFACTURING, INC."
9565,UTICA COMMERCIAL TRUCK BODY BUILDERS INC.
9572,UTILICORP INC
9574,UTILIMASTER HOLDINGS INC
9575,UTILIMAX MANUFACTURING INC
9576,UTILITY BODY COMPANY
9577,"UTILITY EQUIPMENT CO., INC."
9578,TIE CAR CORPORATION
9579,RIG WORKS INC.
9580,STEIN METAL FAB
9581,"CLARK DEVELOPMENT COMPANY, LLC"
9582,WALZ HARDCORE CYCLES USA
9583,"C-ALL MFG, INC."
9584,"CLASSIC ROADSTERS, LTD."
9585,"CLASSIC TRAILERS, INC."
9586,"CLASSY CONVERSIONS, INC."
9587,CLEASBY MANUFACTURING OF DENVE
9589,COASTAL TRAILERS INC.
9590,V/M CUSTOM BOAT TRAILERS
9591,"VAC-CAN, INC."
9592,VAC-CON
9594,"VAC-CON, INC."
9595,"VACATION VANS, INC."
9596,VACMASTERS OF DENVER INC
9597,VACUTRUX LIMITED
9598,"VALLEY FABRICATING, INC."
9599,VALLEY FABRICATION INC.
9600,VALLEY TRAILER MFG INC
9601,VALLEY TRAILERS
9602,VALLEY TRAILERS INC
9603,VALLEY TRUCK AND TRAILER REPAIR INC
9605,VALLEY TRUCK TRUCKBEDS & REPAIR
9606,"VALLEY VANS, INC."
9607,VALLEY VIEW CUSTOM TRAILER MANUFACTURERS
9608,VAMA MANUFACTURING
9609,MONROE TRAILER MANUFACTURING INC
9610,RANDALL'S VIP TRAILER'S INC
9613,RANKIN MFG. INC.
9614,RANTOUL TRUCK EQUIPMENT
9615,RAPID HOOK TRANSPORTATION SYSTEMS
9616,"ALL BRAKE & DRIVE UNIT SERVICE, INC"
9617,KOVATCH MOBILE EQUIPMENT CORP. KME FIRE APPARATUS
9618,"CHARLOTTE TANK TRUCKS, INC."
9619,CROW RIVER FABRICATING
9620,"MIDWAY CUSTOM TRAILERS, INC."
9621,"RON'S TRAILERS, INC."
9622,MICRO-VETT SPA
9623,KNIGHTS CHOPPERS INC.
9624,GUANGDONG KINGTOWN GROUP
9625,"EXECUTIVE MOTOR COACH, INC."
9626,EXPERT SERVICE & SALES CO.
9627,EXPLORER VAN COMPANY
9628,FAMILY-WAGON DIV OF COMPACT EQUIPMENT CO.
9629,FARMBILT INC
9630,FAST FREDDIES INC.
9631,FIFTIES TRAILERS INC.
9632,"FIRE APPARATUS UNLIMITED DIV OF FHW ENTERPRISES, I"
9633,"FIRETAC SYSTEMS, INC."
9634,"FIRST RESPONSE, INC."
9635,FITZGERALD KIT TRUCKS & SALES LLC
9636,FLOE INTERNATIONAL INC
9637,FLORIDA-GEORGIA WHITE TRUCKS
9638,"FLOYD'S SALES & SERVICES, INC."
9639,FORETRAVEL INC
9641,FOUR SEASONS
9642,FOUR WINNS BOATS LLC
9643,FOX FABRICATION INC
9647,"GALFAB, INC"
9649,"GALPIN MANUFACTURING, INC"
9651,GENERAL SAFETY CORPORATION
9652,"GENERAL TRAILER COMPANY, INC."
9655,GLAVAL CORPORATION
9656,GRAN VAN
9657,GRAND RENTAL STATION
9658,"THE CHARIOT, INC."
9659,"HOBSON & SON, LLC"
9660,"CUSTOM MOTORCYCLE WORKS, INC."
9661,WALDEN STRUCTURES CONSTRUCTION
9662,OHIO FLUID PRODUCTS COMPANY
9663,"ULTIMATE TRAILERS, INC."
9664,AZURE DYNAMICS INC.
9665,ALFRED INDUSTRIES
9666,SSC NORTH AMERICA LLC.
9667,"ROLLIN-S TRAILERS, INC."
9668,"KILLION ENTERPRISES, LLC"
9669,"INNOVATIVE TRAILER MFG., INC."
9670,FONTAINE TRAILER COMPANY
9671,"PHAT CUSTOM CYCLES, INC."
9672,"NORTHSTAR FABRICATION & MACHINE, INC."
9673,"SMACK TRAILERS, LLC"
9674,BROADWAY CHOPPERS
9675,TULSA TRIKES
9676,BURCH WELDING & TANK
9677,"DAYTON WHEEL CONCEPTS, INC."
9678,CHENANGO TRUCK LLC
9679,CLARK TRUCK EQUIPMENT CO
9681,DETROIT TOOL INC. DBA ADVANCED FABRICATION
9682,"ZHEJIANG YUEQING HUABAO MOTORCYCLE ACCESSORIES CO., LTD."
9683,"R & A MANUFACTURING, LLC"
9684,OUTLAW INC.
9685,"HOPPEL FABRICATION SPECIALTIES, INC."
9686,"GRADALL INDUSTRIES, INC."
9687,"VACATION STRUCTURES, INC."
9688,BAY CITY CHOPPERS INC.
9689,"UNITED TRUCK BODY COMPANY, INC."
9690,NINGBO MOTORCYCLE FACTORY
9693,PRECISION EQUIPMENT MANUFACTURING
9694,JOHNSTON MADVAC
9695,HOG BELT BIKES INC.
9696,THULE TRAILERS
9697,AMP CUSTOMS
9698,R.N.R. CUSTOM CYCLES INC.
9699,"ZHENGXING WHEEL GROUP CO., LTD"
9700,JUDGEMENT CUSTOM DESIGN
9702,DICKASON TRUCK & EQUIPMENT INC.
9703,ROBERT GREEN TRUCK DIVISION
9704,T & R REPAIR SERVICE
9706,BIG EASY CHOPPERS
9707,GSE CUSTOM CARS AND CYCLES INC.
9708,QUEENS MOTOR COMPANY
9709,"INVENTORS CLASSICAL ELECTRIC VEHICLES, LLC"
9710,BINDER TRAILER MFG.
9711,"TRIDENT INDUSTRIES, INC."
9712,"PILGRIM INTERNATIONAL, INC."
9713,OAKLAND COUNTY CHOPPERS LLC
9716,"CHINA QINGQI GROUP SHANGHE LIGHT MOTORCYCLE CO., LTD"
9718,"AEON MOTOR CO., LTD"
9719,"SHANGHAI ARAYS HARDWARE MANUFACTURER CO., LTD."
9720,"SUNGWOO AUTOMOTIVE CO., LTD"
9721,"LONG CHIH INDUSTRIAL CO., LTD."
9722,PW CUSTOMBUILT TRAILERS
9723,"SCAR, INC."
9724,"CREEK HILL WELDING, LLC"
9725,"LIFE STAR RESCUE, INC."
9726,TOW ZONE TRAILER & EQUIPMENT SALES INC.
9727,"BAODING LIZHONG WHEEL MANUFACTURING CO., LTD."
9728,WUXI YAGUANG SECTION ALUMINIUM GROUP
9729,BACKPACKER TRAILERS
9730,DARKSIDE CHARIOTS INC.
9731,"COLFAX TRAILER & REPAIR, LLC"
9732,FERRO TRAILERS INC.
9733,"MMLJ, INC."
9736,TAVASCI REMOLQUES Y MANUFATURAS METALICAS
9737,PACIFIC COACHWORKS INC
9738,BACK TRACK TRAILERS
9739,HAY SEED FARMS LLC TRAILER MFG.
9740,AGUILAR'S WELDING INC.
9741,MORTON - DAVIS
9742,METROKING MOTORS LLC
9744,BUFORI MOTOR CAR COMPANY (M) SDN BHD.
9745,"WESMOR CRYONGENIC SERVICES, INC."
9747,R JENKINS TRAILERS
9748,MCLENDON TRAILERS
9749,"GODDARD EQUIPMENT, LLC "
9750,"NORTH AMERICAN EQUIPMENT UPFITTERS, INC."
9751,"CHOPPER ALLEY, LLC"
9752,"NATIONAL SIGNAL, INC."
9753,SALBOATTRANSPORTER TRAILERS LLC
9754,"HUSQVARNA MOTORCYCLES S.R.L (FORMERLY KNOWN AS BOXER S.R.L., VARESE, ITALY)"
9755,"WILSHIRE TRAILERS, LLC"
9756,"ROBERT E. KING EQUIPMENT, INC. dba  KING EQUIPMENT CO."
9757,ACTIVITY TRAILER LLC
9758,"EAGLE TRAILER CO., INC."
9759,"CT FABRICATION, LLC"
9760,"PHOENIX MOTORCYCLE WORKS, INC."
9761,NORTH RIVER TRUCK & TRAILER INC.
9762,"ZHEJIANG WANFENG MOTORCYCLE WHEEL CO., LTD."
9763,SURE TECH ENGINEERING
9765,"VICTORY TRUCK BODY, INC."
9767,JV METAL BUILDINGS & TRAILERS
9768,CDS CORP.
9769,ITASCA THUNDER INC.
9770,CAD INDUSTRIES
9771,"CHOPPER NATION, INC."
9772,"HOWARD P. FAIRFIELD, INC."
9773,WELD-IT COMPANY
9774,GUARDIAN FIRE EQUIPMENT
9775,VIDROBOX VIDROS GERAIS LTDA
9776,"GARNON TRUCK EQUIPMENT, INC."
9777,SPEARMAN MANUFACTURING
9778,INDUSTRIAL STRUCTURES INC.
9779,WOODLAND PARK INC.
9780,FABRICATION TECHNOLOGIES INC.
9781,"SULLIVAN'S GARAGE, INC."
9783,"SOUTHERN CYCLE WORKS, INC."
9784,PULVERISATEUR MS/ MS SPRAYER
9785,ISLAND CHOPPERS
9786,SUN SET TRAILER MANUFACTORY
9787,"DOING INDUSTRY CO., LTD."
9788,"ZHEJIANG WANLONG PLASTICS CO., LTD"
9789,AG SHIELD MANUFACTURING
9790,BUCKEYE CARRIAGE
9792,"GUANGZHOU DAYANG MOTORCYCLE CO., LTD."
9793,AGRIFLEET LEASING CORPORATION
9794,"CAR-MAR, INC."
9795,GERALD HOLMES CORPORATION
9796,CHEIF SALES CO.
9797,"TRUCKS UNIQUE, INC."
9798,MELTON TRAILERS
9799,"VAN AMERICAN, INC."
9800,VAN CITY
9801,VAN CONVERSIONS INC.
9802,VAN CRAFT
9803,"VAN EPOCH, INC."
9804,VAN EXPRESS
9805,"VAN EXPRESS, INC."
9806,VAN HOUSE COACH
9807,VAN PATTON VANS DIVISION-VEMCO
9809,VAN-CON INC.
9810,"VANAIR MANUFACTURING, INC."
9811,VANGUARD INDUSTRIES OF MICHIGAN INC
9812,"VANIMAN INTERNATIONAL, INC."
9813,VANN MANN CORPORATION
9814,"VANS BY BROTHERS III, INC."
9815,VANS UNLIMITED - BURCAP CORPORATION
9816,VANTAGE MINI VANS
9818,"YOUNG WHITE TRUCKS, INC."
9819,"YOUNG'S WELDING, INC."
9820,YUKON DELTA
9822,Z Z  TRAILERS
9823,"ZHEJIANG XINCHANG ZHONGYA INDUSTRY CO., LTD"
9824,"ADVANCED CUSTOMS & CONVERSIONS, INC."
9825,CALCROSS S DE R.L DE C.V.
9826,GS ENGINEERING
9827,BLAZING TECHNOLOGIES INC.
9828,ALBRIGHT BIKES LLC
9830,LONESOME ROAD CHOPPERS
9831,"MANTIS CHOPPERS, INC."
9832,"DAREDEVIL CHOPPERS, INC."
9833,"DEVIANT DESIGN, INC."
9834,"TEECO PRODUCTS, INC."
9835,FLOW-BOY BY HI-WAY
9836,"JIANGSU SINSKI SONIK MOTOR TECHNOLOGY CO., LTD."
9838,CAROLINA TRIKES & MINIS
9839,"EVIL EMPIRE CHOPPERS, INC."
9840,"HYDRO ENGINEERING, INC."
9841,ADVANCE PUMP & EQUIPMENT INC.
9842,IVERSON MANUFACTURING
9843,FRONTIER CARGO
9844,UNITED PRECISION METALS INC.
9846,"BOSS-LTG, INC"
9847,"STROTHER WELDING, INC."
9848,"ACCESS TOOLS, INC "
9849,XKELETON MOTORCYCLE
9850,"SANYANG MOTOR CO., LTD. (SYM)"
9851,"SMART TRANSPORT SOLUTIONS, INC."
9852,FAST TRUCK BODY & EQUIPMENT
9854,GUZZLER MANUFACTURING INC.
9855,HANCO MANUFACTURING CO.
9856,HARBOR MASTER LTD
9857,HARDEE MANUFACTURING CO.
9858,HAWKLINE LLC
9860,HEALEY INTERNATIONAL TRUCKS
9862,YANGZHOU TONGHUA SEMI-TRIALER CO. LTD.
9863,"YANT TESTING, SUPPLY & EQUIP., INC."
9864,"YARBROUGH MANUFACTURING CO., INC."
9865,YELLOW JACKET TRAILER COMPANY
9866,"YELLOWSTONE, INC."
9867,YESTER YEAR AUTO
9868,"J R MILLS ENTERPRISES, INC."
9869,"NOVA TRIKES, INC."
9870,KEMP KUSTOMS
9871,"T2 SERVICES, INC."
9872,"DYER'S DOCKING SYSTEMS, INC."
9874,TEMPEST CYCLES
9875,COPPER STATE CYCLES
9876,DARKSIDE CHOPPERS
9877,HONGDOU GROUP CHITUMA MOTORCYCLE COMPANY
9878,HOOSIER TRAILER & TRUCK EQUIPMENT INC
9879,"HORIZON FLEET SERVICES, INC."
9880,"HUNTER OUTDOOR PRODUCTS, INC"
9881,HYDRAULIC MACHINERY INC.
9882,IMAGE CYCLES INC
9884,IMPERIAL AUTOMOTIVE GROUP INC
9885,"IMPERIAL INDUSTRIES, INC."
9886,INTERMODAL CONTAINER SYSTEMS
9887,"INTERNATIONAL MOBILE HOMES, INC."
9888,INTERNATIONAL SUPPLY CO. INC.
9889,J-10 TRAILERS
9890,"J. LAMONT MFG., INC."
9891,J.B.'S WELDING
9892,"JAYCO, INC."
9893,"JBH CUSTOM TRAILERS, INC."
9894,JEFFERY L AMES DBA INNOVATIVE TRAILER MFG
9895,JOHNNY PAG
9897,JOHNSON TRCUK BODIES (A CARLISE COMPANY)
9898,KAMCO
9899,"IRON HORSE BBQ, INCORPORATED"
9900,"USSI HOLDINGS, INC., "
9901,PICK A SPOT
9902,"GREAT LAKES TRAILER COMPANY, LLC"
9903,SMOKIN' BARBEQUE
9904,"TANK SPORTS INC "
9905,"D  & D TRAILERS, INC"
9906,"CP DEVELOPMENT, INC. DBA TRICKER TRAILERS"
9907,"SPEED AND CUSTOM ENTERPRISES,LLC"
9908,COOKS TRUCK BODY MFG. INC.
9909,"CIXI KINGRING MOTORCYCLE CO., LTD"
9910,DESIGN PLASTICS
9911,ALL AMERICAN CHOPPERS CO.
9912,"CLEARSPRING CONVERSIONS, INC."
9913,M & M TRAILERS & WELDING
9914,"LAHR INDUSTRIAL WELDING, INC. DBA"
9915,COASTLINE TRAILER MFG.
9916,NOVAE LLC
9917,"L - Z TRUCK EQUIPMENT, INC."
9919,SOUTH BAY CHOPPERS
9920,STREET THUNDER LLC
9922,PRO LITE TRAILER INC. USA
9923,"ACCURATE CUSTOMS, LLC"
9924,UNIQUE CUSTOM TRUCK & TRAILER
9925,HITONG MOTORS CORP.
9926,"KACHINA MOTORWORKS, LLC"
9927,VCS CUSTOM CYCLES
9928,"WORK HORSE MANUFACTURING, LLC"
9929,"NESS MOTORCYCLES, LLC"
9930,TRIPLE C INC.
9931,DOKEN CO. LTD.
9932,"SAGE INDUSTRIES, INC."
9933,FISCHER THARP LLC
9934,R & W ENTERPRISES INC.
9935,YUEQING JINGUAN MOTORCYCLE FITTINGS CO. LTD
9936,IDAHO TOTE DOLLY INC.
9937,"US BUILT TRAILERS, INC. (USBT)"
9938,"MILLIONS FARM CENTER, INC."
9939,JMW WELDING & MANUFACTURING INC.
9940,HEAT INNOVATIONS INC.
9941,"SUNSHINE PIPING , INC."
9942,TRAILALONG TRAILER INC.
9944,"SWIFT MOTOR SPORTS, INC. "
9945,STRONG ISLAND CYCLES INC.
9946,C & S CHOPPERS INC.
9948,WHISKEY CHOPPERS
9949,THE CYCLE EXCHANGE LLC
9950,"CIMC VEHICLES GROUP CO., LTD."
9951,ALEXANDER DENNIS LIMITED
9952,C&W TRAILERS
9953,ROGUE CHOPPERS
9954,"ARROWHEAD EQUIPMENT SOUTH, INC."
9955,R.K. CYCLES
9957,"HITCH BUDDY, INC."
9958,"TRAILMAN, INC."
9959,"FM MFG., INC."
9960,CAROLINA CHOPPERS
9961,E-BILT LLC
9963,"TAILGATOR CONCEPTS, INC."
9964,METRY CUSTOM CYCLES
9965,"TRANSEO, LLC"
9966,BAD BOY TRAILERS
9967,"LARGO TANK & EQUIPMENT, INC."
9968,LA CART'S INC.
9969,"STROKERS MANUFACTURING "
9971,"INTREPID CYCLES, LLC"
9972,CAMELLIA HOLDING LTD
9973,P.B. CHOPPERS INC
9974,"WORK HAWG TRAILER COMPANY, LLC"
9975,CALUMET COACH COMPANY
9976,CHIEF TRAILERS INC.
9977,"GAM LLC "
9978,"U-DUMP TRAILERS, LLC"
9979,"THE TRAILER SHOP, INC."
9980,WHISKEY CUSTOM CYCLES INC.
9981,REBEL EQUIPMENT INC.
9982,BLACK SUNSHINE CUSTOMS
9983,BOURGET'S BIKE WORKS
9984,OLD TOWN CHOPPERS
9985,"HYDRA-TECH, INC."
9986,"E.F. COUVRETTE COMPANY, INC."
9987,ALL ABOUT TRAILERS
9988,"EQUIBUILT, LLC"
9989,TIGHTLINE FISH HOUSE LLC
9990,GEAR JAMMER CUSTOMS
9991,A UNIQUE CARS INC. dba MAGNUM CHOPPERS
9993,RAHN EQUIPMENT COMPANY
9994,"BOWIE INDUSTRIES, INC."
9996,ANLAS ANADOLU LASTIK SANAYI VE TICARET A.S.
9997,DODGE COUNTY HIGHWAY DEPARTMENT
9998,NATIONWIDE TRAILER AND EQUIPMENT SALES
9999,KNIEVEL MOTORCYCLE MANUFACTURING INC.
10000,MESSER TRUCK EQUIPMENT
10001,IBI LLC
10002,Z FABRICATION WILDFIRE PITS AND SMOKERS
10003,"ZHEJIANG JINFEI MACHINERY GROUP CO., LTD."
10004,LOG CABIN FENCE COMPANY
10005,GEARHEADS INC.
10006,"EXTREME TRUCK BODY, LLC"
10007,"HARDBIKES, LLC"
10008,SC TRAILERS INC.
10009,OWENS CARGO INC.
10010,YONGKANG CITY DONGPENG HELMET FACTORY
10011,DIRT-A-HOLIC TRAILERS
10012,COONYZ CUSTOMZ
10013,"JACKALOPE CONVERSIONS, LLC"
10014,WICKED SICKLES LLC
10015,"ROD CHOMPER, INC."
10016,"ADDCO, INC."
10017,"NINGBO SYPO INDUSTRIAL CO., LTD."
10018,"JONES COUNTY CHOPPERS, INC."
10019,ACTIVMO AUTO INC.
10020,VAC-TRON EQUIPMENT LLC
10021,"PROLINE TRAILERS, INC."
10022,DIXIE WELDING LLC
10023,MILFORD WELDING & MANUFACTURING INC.
10024,"MM SPIRIT, INC. DBA AMERICAN SPIRIT"
10025,"CHANGSHU ULIDA METAL PRODUCTS CO., LTD"
10026,NINGBO HENGWEI WHEELS CORPORATION
10027,"POL-TECH MANUFACTORY, CORPORATION"
10028,"WUXI HENGSHENG WHEELS CO., LTD."
10029,GOOSE CREEK ENTERPRISES
10030,GOLD STAR COMMUNICATIONS
10031,"CHRISTEN BROTHERS, INC."
10032,STIRLING INNOVATIVE PRODUCTS INC.
10033,NASH MOTORCYCLES LLC
10034,"STERLING FABRICATION, INC."
10035,THE DEXTER COMPANY
10036,SELMAT AUTOMOTIVE SPA
10037,ADAMS MFG.
10038,CHONGQING SHUANGQING MECHANICAL & ELECTRICAL CO. LTD.
10041,"CUSTOM AMUSEMENT PRODUCTS COMPANY, INC."
10042,UNIQUE PERFORMANCE CUSTOMS
10043,BLACK DRAGON CHOPPERS
10044,"FLAT CREEK LODGES, INC."
10045,FONTAINE TRAILER MILITARY PRODUCTS
10046,SABRE EQUIPMENT INC.
10047,SPEED & PRECISION CYCLES LLC
10048,ALL STEEL FABRICATION INC. dba ALLIED STEEL &
10049,TWISTED STEEL CHOPPERS
10050,LATCO INC.
10051,ATEC AANHANGWAGENS BV
10052,BIG BOYZ MINI CHOPPERS
10053,BURBANK MOTORS CORP. DBA BURQUIP
10054,"NORTH SHORE MOTORCYCLES, INC."
10055,DREWES ENGINEERING
10056,"MOBILIGHT, INC."
10057,KIMBERLEY KAMPERS PTY LTD
10058,"ELITE TRAILERS, INC"
10059,"SOONER MANUFACTURING, LLC"
10060,"NEW RIVER HOMES, LLC"
10061,ROLLING THUNDER LLC
10062,JALOPY CHOPPERS
10063,"TAIWAN HELIO TECHNOLOGY CO., LTD."
10064,CHOPPERS EAST
10065,"LUCKY MFG, LLC"
10066,ROADMASTER
10067,SHERRY DESIGN/ DISCOVERY INC.
10068,STILETTO RIDES
10069,DIAMOND H TRAILERS
10070,"UNITED SPECIALTIES, INC"
10071,WORLD TRANSPORT AUTHORITY INC
10072,WORLEY WELDING WORKS INC.
10074,WRANGLER CARGO TRAILER MFG
10075,WRANGLER TRAILERS
10076,TUTTLE MFG. COMPANY
10078,"TWADDLE MANUFACTURING, INC."
10079,"TWAMCO TRAILERS MANUFACTURING, INC."
10080,TWF MANUFACTURING
10081,"TWIN CITY TRAILER SALES, INC."
10083,TWIN CITY TRUCK EQUIPMENT
10084,TWIN-STATES TRUCK EQUIPMENT CO. INC
10085,"TXC MFG. CO. "
10087,"TYMCO, INC."
10088,U S CARGO INC
10090,U S ELECTRICAR INC
10091,"U.S. JETTING, LLC"
10093,"U-HAUL INTERNATIONAL, INC. A NEVADA CORPORATION"
10094,U.S. ABILITIES INC
10096,"U.S. AUTO MANUFACTURING, INC."
10097,KARAVAN TRAILERS INC.
10098,"R. FILION MANUFACTURER INC. "
10100,KEARNEY TRAILERS
10101,KEERLE CARRIAGE WORKS INC.
10102,KEN HUBER INC
10103,KENCAR EQUIPMENT CO.
10105,KIPPES BROTHERS LLC
10106,KISER WELDING
10108,"KRUGER TRAILERS, INC."
10109,KRYSTAL KOACH INC.
10111,NEW WORLD CORPORATION
10112,NOBLES INC.
10113,NOR-CAL MOBILITY INC
10116,BROKEN BONZ INC.
10117,SINISTER CUSTOM CYCLES
10119,ARCADE IRON MOTORCYCLE COMPANY
10121,MICKEY TRUCK BODIES INC.
10122,W.H. MOORE ENTERPRISES
10123,"W.H. PINGREE COMPANY, INC."
10124,"W.H. ROSE, INC."
10125,WS DARLEY & COMPANY
10126,"W.T. STRINGFELLO & CO., INC."
10127,WACHS VALVE & HYDRANT
10128,WACKER CORPORATION
10129,WACO TRUCK BODIES INC
10130,"WADDELL WHITE TRUCK SALES, INC."
10133,"WADE SERVICES, INC."
10134,WAGNER ELECTRIC CORPORATION
10135,WAGNER TRANSPORTATION
10136,"WAGON WHEEL TRAILERS "
10137,"WALDEN BODY COMPANY, INC."
10138,"WALDEN STRUCTURE'S, INC."
10139,WALDOCH CRAFTS INC.
10140,"WALINGA, INC."
10141,WALKER MOUNTAIN TRAILERS UNLIMITED
10142,WALKER STAINLESS EQUIPMENT CO
10143,"WALKER STAINLESS EQUIPMENT LLC "
10144,"WALNUT GROVE MFG., INC."
10146,"DRAGONZ LAIR CUSTOM CYCLES, INC. dba"
10147,"SOUTH EAST INDUSTRIES, LLC"
10148,CHIEF TRANSPORTATION PRODUCTS
10149,"TMP OUT WEST, LP"
10150,"HIGHLAND MANUFACTURING, LLC"
10151,"TRAVEL-LITE, INC."
10152,SPIKA WELDING & MANUFACTURING
10153,MIDWEST ENCLOSURE COMPANY
10154,BAD BOYZ TOYZ INC.
10155,JIMMY'S CUSTOM BUILT TRAILERS & FABRICATION
10156,BASE CAMP RECREATIONAL VEHICLES
10157,GT'S BOAT WORKS
10158,SAN CLEMENTE GOLF CARTS
10159,"LAYTON TRUCK EQUIPMENT CO., LLC"
10162,UNIQUE CUSTOM CYCLES INC.
10163,T & B WELDING & TRAILERS
10164,MADEWELL PRODUCTS CORPORATION
10165,M & M TRAILER & SUPPLY
10166,"UNVERFERTH MANUFACTURING COMPANY, INC."
10167,"MCADUS US PRODUCT DEVELOPMENT, LLC"
10168,RICE TRAILER CO.
10169,"FORMULA 1 STREET COM, LLC"
10170,"CONSTRUCTION TRAILER SPECIALISTS, INC."
10171,SOUTH SIDE KUSTOMS
10172,COUNTY LINE CHOPPERS INC.
10173,"GRAVITY CONCEPTS MANUFACTURING, LLC"
10174,DUPONT SERVICE CENTER LTD
10175,GREER STEEL INC.
10176,"COUGAR TRAILER AND TRUCK, LLC"
10177,B&W TRAILERS
10178,CHARLIE'S CHOPPERS INC
10179,WARREN MANUFACTURING INC.
10180,ROLLIGON
10181,"NICHOLS HI-TECH MARINE, INC."
10182,"BODACIOUS CUSTOM MOTORCYCLE, LLC"
10183,DAWN TRUCKING CO.
10184,"QUALITY PRODUCTS INTERNATIONAL, INC."
10185,BILLS GOLF CARTS
10186,MOODY ENTERPRISES
10187,TUFF BUILT TRAILERS L.L.C.
10188,MARMC TRANSPORTATION INC.
10189,"ATLAS PERFORMANCE INDUSTRIES, INC."
10190,BAR H SALES
10191,"CAROLINA TRAILERS, LLC"
10192,CENTRAL MONTANA PANELS
10193,"C & S TRAILER DEPOT, INC."
10194,"CIRCLE MANUFACTURING, INC."
10195,CHINA BAOTIAN MOTORCYCLE INDUSTRIAL CO. LTD.
10196,COL-VEN S.A.
10198,EXIT 99 SALES LLC
10199,VON DUTCH/FLYING EYEBALL MOTORCYCLE COMPANY L.L.C.
10200,GREG'S BUY RITE L.L.C.
10201,GCS MANUFACTURING
10202,GATOR TRAILERS
10203,GIBSON'S TRAILERS
10205,CHOPPER STYLE INC.
10206,HAY VAN
10207,HAUL-A-FAME
10208,EZ HAUL HAY HANDLER
10209,CHICA CUSTOM CYCLES
10211,"XTREME CHOPPERS, INC."
10212,MIKE'S CUSTOM WORKS
10213,PEERLESS MANUFACTURING COMPANY
10214,MERCHANT'S TRAILERS AND GRILLS LLC
10215,DURBIN'S CUSTOM WELD & DESIGN
10216,CENTURION WHEEL MANUFACTURING COMPANY (USA)
10217,STUNATA CUSTOMS
10218,DUSOLD CUSTOM CYCLES
10219,"NINGBO KANGDA BICYCLE CO., LTD."
10220,C-HAWK TRAILERS
10221,J & E MANUFACTURING INC.
10222,SNAPCO INCORPORATED
10223,"ROLAND CURTAINS U.S.A., INC."
10224,Kathy Spell dba Southern Built Trailers
10225,TRAVEL-LITE INC.
10226,CMC CUSTOM TRAILER MANUFACTURER
10227,PORKYS CHOPPER CO.
10228,ROSEBURG TRAILER WORKS
10229,"F-3 TRAILERS & FAB, LLC"
10230,"TEAM SPIRIT TRAILERS OF ELKHART, INC."
10232,"DUTCHESS COUNTY DIESELS, INC."
10233,HOMEBUILT TRAILERS INC.
10234,"WATER BOY PRODUCTS, INC."
10235,NOMAD CUSTOM CYCLES INC.
10236,MFA OIL COMPANY
10237,ROCKER ORIGINALS
10238,CAPSTONE COMMERCE CO. and EGENOLF ENTERPRISE INC.
10239,"HORTON IRON WORKS, LLC"
10240,UNION CITY BODY COMPANY INCORP.
10241,UNIQUE CONVERSIONS
10242,"UNIQUE DESIGNS, INC."
10243,E & W MANUFACTURING
10244,"ENVIRONMENTAL SERVICE PRODUCTS MFG., INC."
10245,L & M TRAILER MFG.
10246,ELECTROSTORM
10247,"FLAME TRAILERS, INC."
10248,BRIANS CHOPPERS
10249,INDEPENDENT CYCLE WORKS INC.
10250,PHANTOM CHOPPERS
10252,"EXTRA LABOR FORCE, INC. DBA ZZ TRAILER, INC."
10253,"BLACK TIE MANUFACTURING, INC."
10254,"HEARTLAND RECREATIONAL VEHICLES, LLC"
10255,"QINGDAO DAJINMA MOTORCYCLE CO.,LTD"
10256,HEIL TRAILER INTERNACIONAL S.A.
10257,INDEPENDENT CYCLE EAST
10258,"LEE BROTHERS TRUCK BODY, INC."
10259,"CASA RESEARCH LLC "
10260,"INDUSTRIAL MOTOR SUPPLY, INC. "
10261,FIRST CALL FLAGGING INC.
10262,"NJC MANUFACTURING, LLC"
10263,PERFORMANCE TIRE AND OIL INC.
10264,BRUTON MANUFACTURING CO.
10265,HILLBILLY CHOPPERS
10266,"BJN MANUFACTURING, LLC"
10267,PRECISION CUSTOM TRAILERS
10268,U.S. BUS CORP.
10269,U.S. BUS CORPORATION
10270,U.S. COACH
10271,U.S. COMMERICAL BODY BUILDING CO.
10272,"U.S. TRUCK BODY CO., INC."
10273,UEC EQUIPMENT COMPANY
10274,"UEC FABRICATORS, INC."
10276,UHL'S TRUCK SALES INC.
10277,UITICA COMMERICAL TRUCK BODY BUILDE
10279,"ULTIMATE TRUCK BODY, INC."
10280,ULTRA GOLF CART INC.
10281,ULTRA MOTORCYCLE COMPANY
10282,ULTRA MOTORCYCLES COMPANY INC
10283,"ULTRA-FAB PRODUCTIONS, INC."
10284,"ULTRA-LIGHT TRAILERS, L.L.C."
10285,UTILITY EQUIPMENT COMPANY INTERNA-
10286,"UTILITY EQUIPMENT, INC."
10287,"UTILITY HYDRAULICS, INC."
10288,"UTILITY TRAILER & EQUIP. CO., INC."
10289,UTILITY TRAILER MANUFACTURING COMPANY
10290,UTILITY TRAILER SALES CO.
10291,UTILITY TRAILER SALES COMPANY OF
10292,"UTILITY TRUCK BODIES, INC."
10293,LOPEZ WELDING SHOP
10294,"LOTUS PERFORMANCE CARS, (LPC)"
10295,"XIAMEN XIASHING MOTORCYCLE CO., LTD."
10296,BATTERSON TRUCK EQUIPMENT  LLC
10297,DICK PALMER & SONS TRUCK SERVICE INC.
10298,M.S. METAL WORKS LLC
10299,MAMMOTH TRAILERS
10300,MOOSE BOATS
10301,CRUISE SPEED LTD.
10302,"ZHEJIANG SUMMIT HUAWIN MOTORCYCLE CO., LTD."
10304,"LAWRIMORE MANUFACTURING, INC"
10305,WICKED SICK DESIGNS MANUFACTURING  T-TOWN CHOPZ INC.
10306,S&S LITE LINE MFG. & SALES
10307,MAK DADDY BUILDERS
10308,TAMMYS TRAILERS
10309,"JNM EQUIPMENT, INC."
10310,"OYLER CUSTOM CYCLES, INC."
10311,OLIVER TRAVEL TRAILERS
10312,WEE ENGINEER INC.
10313,"ROLLING INDUSTRIES, INC."
10314,"BAD BOYZ CHOPPERS, LLC"
10315,Z & M CONTROLS INC.
10316,REELSTRONG INC.
10317,"C AND C TOOLING, INC."
10318,"ITI TRAILERS AND TRUCK BODIES, INC."
10319,DESERT THUNDER CUSTOMS
10320,DRAGONTAIL TRAILERS
10321,LONGBOW MOTORCYCLES LLC
10322,HILL EQUIPMENT
10323,C.C. IRONWORKS LLC
10324,WALSH'S AUTO & FABRICATION
10325,"WALTON TRAILERS, LLC"
10326,"WANCO, INC."
10327,WARD SCHOOL BUS MFG. INC.
10328,WARMAN'S WELDING LTD.
10329,WARNES REPAIRING
10330,WARREN BODY AND EQUIPMENT COMPANY
10331,WARREN EQUIPMENT INC.
10332,WARREN MANUFACTURING COMPANY
10333,"WARREN MANUFACTURING, INC."
10334,WARREN TRUCK & TRAILER LLC
10335,"WARREN, INC."
10336,WASHINGTON AUTO CARRIAGE CO.
10337,WASTE STREAM INC.
10338,WATAUGA WELDING INC
10339,EL PASO WHITE TRUCK INC.
10340,"ELDREDGE EQUIPMENT SERVICES, INC."
10341,ELECTRIC VEHICLE TECHNOLOGIES INC.
10342,ENVIRON PRODUCTS INC
10345,MACOMB COUNTY CYCLES WORKS
10346,"TAIZHOU CHUANL MOTORCYCLE MANUFACTURING CO., LTD."
10347,NEW ENGLAND CHOPPERS
10348,TAYLOR MADE CHOPPERS INC.
10349,L.V.W. CUSTOMS
10350,ORANGE COUNTY CHOPPERS
10351,OZBIKE MOTORCYCLES
10352,P J'S FABRICATION INC
10354,"PARDONNET MANUFACTURING CO, INC."
10355,"PARK-BUILT BODY CO., INC."
10357,"PARKS MOTOR CO., INC."
10358,PAROS CUSTOM TRAILERS INC.
10359,PENTENWELL INDUSTRIES LLC
10360,"PERK'S WELDING CO, INC."
10361,"PETER GARAFANO & SON, INC."
10362,"PIEDMONT FORD TRUCK SALES, INC."
10363,PLEASURE MATE INDUSTRIES; KARRION
10365,PREMIER TRAILERS
10366,PREVOST CAR INC
10367,PRF INDUSTRIES INC.
10368,"PRITCHARD-KING, INC."
10369,PRO WELDING & FABRICATING
10370,"QUALITY MANUFACTURING, INC."
10371,QUALITY TRUCK EQUIPMENT CO.
10373,RACEMASTER ENGINEERING TIRE AND PERFORMANCE
10375,IRONHOG CYLCES LLC
10378,IRON HOUSE
10379,JB'S AUTO REPAIR AND WELDING
10380,K.C. TRAILERS
10381,JSK CORP. DBA KOESTERS BODY & FRAME
10382,VAN INDUSTRIES DBA KARD CO.
10383,KRANZ OF KANSAS CITY
10384,MAC'S METAL MATERIALS
10386,MASTER CRAFT MOTORCYCLES
10387,"MID-WEST CHOPPERS, INC."
10388,UNITED MODULAR
10389,LAS VEGAS TRIKES
10391,NEW YORK CITY CHOPPERS
10392,"NORTH EAST CUSTOMS, LLC"
10393,PRO-CUSTOM TRAILERS
10394,PRIDE CRAFT
10395,"PALM AIRE, INC."
10396,R.C.  MOTORCYCLES
10397,"THRU-AIR TRAILER, LLC"
10398,"TSL ENTERPRISES INC. "
10399,CAROLINA SERVICES
10400,"SUPERIOR TRAILERS OF GEORGIA, INC."
10401,CHOQUETTES & SON TRUCK BODY & EQUIPMENT
10403,SO-CAL TEARDROPS
10404,"FOSHAN NANHAI ZHONGNAN ALUMINUM WHEEL CO., LTD."
10405,"TISONG GROUP CO., LTD."
10406,"STALLION TRAILERS, INC."
10407,BOB'S SERVICES INC.
10408,CRESTLINE COACH LTD.
10409,"KCA MANUFACTURING CO., LTD."
10410,SARATOGA CUSTOM CYCLES
10411,"BENCHMARK MOTORCYCLE & UTILITY TRAILERS, LLC"
10412,BEST OF SHOW DETAILING SYSTEMS
10413,"COLFAX FABRICATING, LLC"
10414,SUNG YONG HI-METAL INC.
10415,BUILT RIGHT UTILITY BODIES LTD.
10416,BACK 40 CREATIONS
10417,SCHWARTZKOPF EXCLUSIVE CUSTOMS
10418,ALL AMERICAN TRAILER MANUFACTURERS INC.
10419,KXK CHOPPERS OF KXK FABRICATIONS INC.
10421,TOTAL OUTDOOR ADVENTRUES
10422,"DD CUSTOM CYCLE, LLC"
10423,"ENTERPRISING SOLUTIONS "
10425,"CORKY'S TRUCK & EQUIPMENT, INC."
10426,GREAT WESTERN TRAILER
10427,"ZHEJIANG HUAWIN MOTORCYCLE CO., LTD"
10428,"LDV, INC."
10430,"INLAND VENTURE, INC."
10432,TEXAS ROLL-BACK TRAILERS
10433,STAHL A SCOTT FETZER COMPANY
10434,"EAGLE CRAFT, INC."
10435,"RKI, INC."
10436,NEWMAR CORPORATION
10437,OMAHA STANDARD TRUCK EQUIPMENT CO.
10438,"DRAGGIN CUSTOM CYCLES, LLC"
10439,FOX HOLLOW MFG.
10440,CLEAN-TECH
10441,"TAIZHOU JIAOJIANG ZHIWEI MOTORCYCLE MANUFACTURE CO., LTD."
10442,KRAFT CUSTOM CYCLES L.L.C.
10443,HILLTOP CUSTOM CYCLE
10444,"LCL TRUCK TRUCK EQUIPMENT, INC."
10445,"ROYAL RYDER MOTORCYCLE MANUFACTURING CO., INC."
10446,"NEWPORT FABRICATING, LLC"
10447,MADDOCK MACHINERY CORP.
10448,"SHANDONG LONG LONGKOU XINGMIN WHEEL CO., LTD."
10449,INTENSE CREATIONS
10450,"SUNNYBROOK RV, INC."
10451,SSINSTER CHOPPERS LLC
10452,SNF. INC
10455,WHOLESALE TRAILER WORLD
10457,ELKHART COACH
10458,PROFORM TRAILERS INC.
10459,DYNASTY ELECTRIC CAR CORPORATION
10460,ALSALOR CORP.
10461,"HOLE SHOT CYCLES, INC."
10462,"BARE KNUCKLE CHOPPERS, LLC"
10463,BERGEI'S BAD BOYZ BIKES
10464,NASH CAR TRAILERS
10465,VX UNLIMITED INC.
10466,"VTWIN CUSTOM MFG., LLC"
10467,SANCHEZ TRAILERS
10468,R & J TRAILERS COMPANY
10469,HAMMERHEAD TRAILERS
10470,LUMPKIN ENTERPRISES
10471,"MT.EATON TRAILER,LLC"
10473,V TWIN CITY
10474,"V&H, INC."
10475,"V.E. ENTERPRISES, INC."
10476,V/M BOAT TRAILERS
10478,REPOMAN CHOPPERS INC.
10479,"CHONGQING KINLON MOTORCYCLE MANUFACTURE CO., LTD"
10480,"CONTREE SPRAYER AND EQUIPMENT COMPANY, LLC"
10481,CANUSA EQUIPMENT LTD.
10482,AMERICAN HOMESTAR
10483,FETERL MANUFACTURING CORP.
10484,CHOPPER WORKS CYCLES
10485,"BEST GOLF CARS, INC"
10486,DEMON'S CYCLE SOUTH INC.
10487,"H & H SALES CO., INC."
10488,BALLEWS SOUTH CENTRAL CUSTOMS
10489,LIBERTY OIL EQUIPMENT COMPANY INC.
10491,XCS CHOPPERS
10492,"CREATIVE MOBILE INTERIORS, INC."
10493,"KINKAID TRAILERS, LLC"
10494,CHANDLER CUSTOM CYCLES
10496,CANYON TRAILERS
10497,"QINGDAO SINGAMAS INDUSTRIAL VEHICLE CO., LTD."
10498,"REID MANUFACTURING, LLC"
10499,HI-VAC CORPORATION
10500,TRIAD TRUCK EQUIP. INC.
10501,"FREEMAN CHOPPERS, LLC"
10502,FOSHAN NANHAI YIHO HARDWARE ELECTRIC EQUIPMENT CO. LTD
10503,"CHAD FULLER CONSTRUCTION, INC."
10504,"INTERCON TRUCK OF BALTIMORE, INC"
10505,WILCO MANUFACTURING
10506,"JMD MOTOR COMPANY, LLC"
10507,BREEDEN TRUCK EQUIP & ACCESS INC.
10508,"YUEQING LANTIAN HELMET PRODUCTION CO., LTD."
10509,COYOTE MFG. LLC
10510,"CHONGQING JINDUN RUBBER PRODUCTS CO., LTD."
10511,"HANGZHOU QIHE SPORTS MANUFACTURE CO., LTD."
10512,"CHANGZHOU DONGCHEN VEHICLE COMPONENTS CO., LTD."
10513,"WENGLING FENGCHI MECHANICAL PRODUCTION CO., LTD"
10514,"ELECTRIC VEHICLES INTERNATIONAL DE MEXICO, S DE R.L DE C.V."
10515,REHME MANUFACTURING
10516,MCROPIN LLC DBA WASHOE METAL FABRICATING
10517,PACE AMERICAN OF OREGON INC.
10518,THE RIVERMAN BOATWORKS
10519,J & E CUSTOM TRAILERS
10520,MOUNTAINTOP CUSTOM KENNELS
10521,FORMCASTER INC.
10522,K-OTIC KUSTOMS
10523,"J-LO INDUSTRIES, LLC"
10524,"MONSTER TANKS, INC."
10525,S.M.S. INC.
10526,"MARIETTA DIESEL, INC."
10527,"NINGBO WELLDON MANUFACTURING CO., LTD."
10528,NORTHSIDE FORD TRUCKS & EQUIPMENT
10529,"GARDNER DENVER, WATER JETTING SYSTEMS, INC."
10530,DURRANI RACING COMPONENTS INC.
10531,"STRONGBACK MANUFACTURING, LLC "
10532,"JETSTAR INDUSTRIES GROUP CO., LTD"
10533,GICHNER TRUCK BODIES
10534,VANTAGE TRAILERS INC
10535,VANTAGE VEHICLE GROUP
10536,"VANTASIC CONVERSIONS, INC."
10537,VANTASY CUSTOM AUTOMOTIVE
10538,CONVERSIONS BY VANTASY LTD
10539,VANWORKS INC
10540,VARSITY ENTERPRISES INC.
10541,VARSITY VANS
10542,O'DAY EQUIPMENT LLC
10543,OMR  CORP AKA INDIAN RIVER TRAILERS
10547,"ECHELBERRY MANUFACTURING, LLC"
10548,"HEWS COMPANY, LLC"
10549,"ZHEJIANG JINGU AUTOMOBILE COMPONENTS MANUFACTURING CO., LTD."
10550,"ZHEJIANG QIANJIANG MOTORCYCLE CO., LTD."
10551,"KENDON INDUSTRIES, LLC"
10553,ADMIRAL DRIVE SYSTEMS INC.
10554,"NORTHERN TOOL & EQUIPMENT, INC."
10555,"LIFAN-VIETNAM MOTOR CO., LTD."
10556,VECTRIX CORPORATION
10557,COMMANDER SCRV LLC.
10558,"TRAILER IN A BAG, INC."
10559,"ROLLINOAK, LLC"
10560,STUPID CHOPPERS
10561,CANADA TRAILERS MANUFACTURING LIMITED
10562,LOW-TOW TRAILERS LLC
10563,ENGINEERED MANUFACTURING CORPORATION
10564,"SPIRIT CARTS, LLC"
10565,ROCKIN L TRAILERS
10566,"SUZHOU EAGLE ELECTRIC VEHICLE MANUFACTURING CO., LTD."
10567,HUGH CRANE (CLEANING EQUIPMENT) LTD
10568,BIOHAZARD CYCLES INC.
10569,"JIM NASI CUSTOMS, INC."
10570,FABTECH
10571,GARY'S CUSTOM CHOPPERS
10572,ABC MANUFACTURING
10573,READING TRUCK BODY LLC
10575,RED DAWG TRAILERS
10578,REVTECH INDUSTRIES
10579,ROADMASTER LLC
10580,ROAMER CORPORATION
10581,"ROBCOL, INC."
10582,ROBERTS EQUIPMENT
10583,RONNIE AKERY WELDING
10584,"ROUGH & READY TRAILERS, INC."
10585,ROVER VANS SUBSIDIARY OF C&M SALES
10586,"ROYAL CARGO, LLC"
10587,HI-LITE SAFETY SYSTEMS
10588,HI-TECH AUTOMOTIVE
10589,"HI-WAY  SAFETY, INC."
10590,"HOESKSTRA TRUCK EQUIP., CO., INC."
10592,"MARK RITE LINES EQUIPMENT COMPANY, INC."
10593,EAST TEXAS TRUCK EQUIPMENT
10594,MUZ OF NORTH AMERICA
10595,SETEX INC.
10596,SHERRY DESIGNS INC.
10597,SHUTTS WELDING
10598,SKAUG TRUCK BODY WORK
10600,SKYLINE CORPORATION
10603,SOUTH FLIRIDA TRAILERS OF FL. INC.
10604,SOUTHCO INDUSTRIES INC
10605,"SOUTHEASTERN TRAILER & CONTAINER REPAIRS, INC."
10606,"SPECIALITY BRISTOW SALES, INC"
10607,"SPECIALTY BRISTOW SALES, INC."
10608,STANTON EQUIPMENT COMPANY
10609,STEVES WELDING SERVICE MACHINE SHOP
10610,STEWART-WARNER CORPORATION
10611,STINGERS MFG.
10612,STONE'S MOTORCYCLE COMPANY INC
10613,"SUDENGA INDUSTRIES, INC."
10615,SUPERIOR EMERGENCY VEHICLES LTD.
10616,SUPERIOR METAL WORKS
10617,"SUPERLITE, INC."
10618,SWENSON STEEL PRODUCTS CO. INC
10619,SWIFT MFG. CO. INC.
10620,SWINK METAL WORKS LLC
10621,SYRACUSE TRAILER SERVICE INC.
10622,"UTILITY TENT TRAILERS, INC."
10623,"CIKIRA RV, LLC"
10624,LOUISVILLE TRUCK EQUIPMENT
10625,FORT WAYNE FLEET EQUIPMENT
10626,METROPOLITAN TRUCK CENTER INC
10627,THE TRUCK WORKS
10628,"H. BARBER & SONS, INC."
10629,SPORT BOAT TRAILERS INC.
10630,INDIANA MICHIGAN POWER CO. A UNIT OF
10631,THUG CUSTOM CYCLES LLC
10632,SICKASSO CYCLE CREATIONS INC.
10633,"PRECISION PERFORMANCE MOTORCYCLES, LLC"
10634,"BIL-JAX, INC."
10635,SCULPTURE CYCLES
10637,"DENTONI'S WELDING WORKS, INC."
10638,WHITE KNUCKLE PERFORMANCE CYCLES
10639,EIKS BIKES
10640,EWD CYCLES LLC
10641,SNAKE RIVER TRAILER COMPANY
10642,DOMINION MOTORCYCLE COMPANY
10643,STONE COLD CUSTOM CYCLES
10644,PLEASANT VALLEY TEARDROP TRAILERS LLC
10645,RAINS TRAILER & METAL WORKS
10646,"C.M.T. MANUFACTURING, INC."
10647,CHOPPERS ONLY
10648,BOB'S WELDING AND FABRICATION INC.
10650,THE TICO MANUFACTURING DIVISION OF TERMINAL
10651,PEORIA COOKERS LLC
10652,"JLE MAUNFACTURING, INC."
10653,B & R TRAILERS
10654,MARKTAYLOR ENTERPRISES
10655,EASTERN CUSTOM FRAMES L.L.C.
10656,1652344 ONTARIO LIMITED
10657,"SNAKE ALLEY CUSTOMS, INC."
10658,"KNIGHT TRAILERS, LLC"
10659,"TJW WELDING, TRAILER SUPPLY & STEEL"
10660,TENCO INDUSTRIES INC.
10661,BARNYARD CUSTOMS
10662,"D-LUX TRAILER SALES, INC."
10663,JEFFREY VENTURES
10664,"TEREX SOUTH DAKOTA, INC."
10665,RENO TRUCK & EQUIPMENT LLC
10666,"S & H TRAILERS, LLC"
10667,"DRAGONZ LAIR CUSTOM CYCLES, INC. DBA BUFFALO"
10668,"YUEQING TIAN'E MOTORCYCLE FITTINGS CO., LTD."
10669,BIG DOG INDUSTRIES
10670,MIDWEST CHOPPERS OF IOWA
10671,NEWKIRK FABRICATION
10672,REDLAND MANUFACTURING COMPANY
10673,"WIDOWMAKERS, LLC"
10674,"DOUBLETREE RV, LLC"
10675,BACKWOODS CHOPPERS
10677,CARGA FACIL S. A. DE C.V.
10678,"JUNIOR'S GOLF CARTS, INC."
10679,"NORTH AMERICAN INDUSTRIES, LTD"
10680,"SLEEPING GIANT MFG., INC."
10681,"MASTER FABRICATING & WELDING, INC."
10682,"LAKESHORE WATERCRAFT "
10683,"SOUTHERN TRAILERS INC. "
10684,PORTAFRAME INC.
10685,OUTLAW CUSTOM CHOPPERS
10686,"ZHEJIANG MEIYU MOTORCYCLE FITTING CO., LTD"
10687,UTILITY TRUCK EQUIPMENT SALES
10689,"ANDERSEN INDUSTRIES, INC."
10692,MALACHI MOTORCYCLES
10693,BOZ DESIGNS LLC/TAYLORMADE TRAILERS
10694,CENTRAL FLORIDA CHOPPERS
10695,"TEXAS CUSTOM CHOPPERS, INC."
10697,REBELL INNOVATION INC.
10698,NEVILLE WELDING INC.
10699,"LANCHESTER TRAILER SUPPLY, LLC"
10700,LONE STAR CRYOGENICS
10701,"BENZHOU VEHICLE INDUSTRY GROUP CO., LTD"
10702,"SCOTT MANUFACTURING, INC"
10703,"SANTIAGO CHOPPER SPECIALTIES, LLC"
10705,SMART MANUFACTURING INC.
10706,NORTHEAST CUSTOM CYCLES LLC
10707,"KIMBEL MANUFACTURING, LLC"
10708,"PROGRESSIVE TRAILERS, LLC"
10709,CARROSSERIEBOUW ROELOFSEN RAALTE B.V.
10710,"BRAVO TRAILERS, INC."
10711,COCHISE CUSTOM CYCLES
10712,SHANDONG ZIBO COMMUNICATING WHEEL PLANT
10713,COASTLINE MANUFACTURING INC.
10714,MOPED WORLD
10715,"SCHOOLHOUSE MOTORCYCLE ACCESSORIES, INC."
10716,"HAMM & PHILLIPS SERVICE COMPANY, INC."
10717,AUTOMOTIVE TRANSFORMATIONS INC.
10718,"PURE HELL CUSTOMS, INC."
10719,"Z Z CHOPS, LLC"
10720,"CHINA BUYANG GROUP CO., LTD"
10721,CUSTOM EQUIPMENT OF NORTH AMERICA
10722,NEVADA DEPARTMENT OF CORRECTIONS
10724,FIRST UNITED INDUSTRIAL FOSHAN LIMITED
10725,TOMBERLIN AUTOMOTIVE GROUP
10726,"SALTY'S MANUFACTURING, LTD"
10727,"NRG, INC."
10728,PALM HARBOR HOMES
10729,"AMERICAN ELECTRIC VEHICLE COMPANY, LLC"
10730,THUNDERSTRUCK CUSTOM BIKES INC.
10732,FEIN
10733,YURKO CUSTOM CYCLES
10734,WARNER BODIES DIV BOICE MANUFACTURING
10736,TRAILERS TANDEMS Y MAQUINAS S.A. DE C.V.
10737,"HYUNDAI TRANSLEAD (HYUNDAI PRECISION AMERICA, INC.)"
10738,"KURYENTE ENTERPRISES, LLC"
10739,"MANN'S WELDING AND FABRICATING, INC."
10740,MIDWEST UTILTY INC.
10741,"DELAND TRUCK CENTER, INC."
10742,VALENTI CHOPPERS
10743,CUSTOM QUALITY TRAILERS
10744,YUBA TRAILER MFG.
10745,"PROTECTED VEHICLES, INC."
10746,HOUSTON AUTOMOTIVE GROUP INC.
10747,"HEMPHILL, LLC"
10748,CART COMPANY
10749,WILD METAL MANUFACTURING
10750,"THEODORE E. POEHLER "
10751,FISCHER CRANE COMPANY
10752,"CERBERUS TRIKES, LLC"
10753,"DRIVING AMBITIONS, INC."
10754,"WUXI JINHONG MOTORCYCLE CO., LTD"
10755,"JINHUA HONGYING CRAFTS CO., LTD"
10757,BENELLI Q.J. SRL
10758,"MAXEY TRAILERS MFG., INC."
10759,HULL WELDING
10760,"CIXI KONCED MOTORCYCLE CO., LTD"
10762,"MAGNA AFTERMARKET OF AMERICA, INC. "
10763,AUTO TRUCK INC.
10765,BBC.
10766,EXECUTIVE CHOPPERS
10768,"TUFF-BUILT TRAILERS, LLC"
10769,ARCWELD INC.
10770,THULE TRAILERS A DIVISION OF THULE TOWING SYSTEMS LLC
10771,TOURNIER MFG. INC.
10772,"LIME LITE COACH SALES, INC."
10773,TITAN HAUL USA
10774,"YUEQING ZHENXING MOTORCYCLE FITTINGS CO., LTD"
10775,"CUSCO FABRICATORS, INC. AKA WASTEQUIP CUSCO INC."
10776,"FREEBORN'S CHOP SHOP, LLC"
10777,"ALLENTOWN SHOTCRETE TECHNOLOGY, INC."
10778,QUALITY MANUFACTURING CORPORATION
10779,"BAD BOYS CHOPPERS, INC. DBA MATEO CYCLES"
10780,"PINNACLE LIMOUSINES MANUFACTURING, INC."
10781,"BLUE RIBBON PERFORMANCE, INC. dba BLUE RIBBON CUST"
10782,SWEDE BUILT
10783,SUICIDE JACK CHOPPERS LLC
10784,NAKUTIS CUSTOM CHOPPERS INC.
10785,GEAR GASM CYCLE
10786,SPEED STREET CUSTOM BUILDS
10787,ERIE VEHICLE COMPANY
10788,EXCEL TRUCK EQUIPMENT SPECIALTIES
10789,VECTOR AEROMOTIVE CORPORATION
10790,VECTOR TRAILERS
10791,"VEGA INTEGRATED PRODUCTS, INC."
10793,VEHICLE CONCEPTS
10794,"VEHICLE CONCEPTS, INC."
10795,VELCON FILTERS INC
10796,VERMEER MANUFACTURING COMPANY
10797,VENGEANCE MOTORCYCLES
10798,VENUS ASSOCIATES INTERNATIONAL TRADE(& MANUFACTURING) LTD.
10799,"VERI-LITE, INC."
10802,VERNON TRAILER COMPANY
10803,VERNZ TRUCKIN EQUIPMENT
10804,"VERSA-HAUL, INC."
10805,"VERSATRAIL, INC."
10806,VESELY COMPANY
10807,"T&E ENTERPRISES OF HERSCHER, INC."
10808,"T & T ENTERPRISES & MFG., LLC"
10809,Water Wars Company
10810,"TAYLOR MOTORS, INC."
10811,TBM MFG.
10812,TEX MEX TRAILERS
10813,TEXA STAGECOACH
10815,"EDWARD R. BACON COMPANY, INC."
10816,THE FYDA WHITE TRUCK CO.
10817,THE HAMBY COMPANY
10818,THE HORTON COMPANY
10820,KYZER ALUMINUM INC.
10821,LAKE TECHNOLOGY PRODUCTS INC
10822,LAKEVIEW MFG
10825,"LEADER INDUSTRIES, INC."
10826,LEDBETTER WELDING
10827,"LEE EQUIPMENT, INC."
10828,"LEGEND MANUFACTURING, INC."
10829,LEISURE RESORTS INC.
10830,LINEAR DYNAMICS INC.
10831,LOAD EAZ TRAILER CORPORATION
10833,BILLS PERFORMANCE AUTOMOTIVE
10834,TRAIL WAGONS INC.
10836,TRAIL-RITE INC
10837,TRAILER & TRUCK
10839,"TRAVIS BODY & TRAILER, INC."
10840,TRI-STATE FORD TRUCK SALES INC
10841,TRIANGLE BODY WORKS INC.
10842,TROUT CREEK ENTERPRISES INC
10843,"TRUCK & EQUIPMENT SERVICE CO., INC."
10844,TRUCK BODY CORPORATION
10845,"TRUCK EQUIPMENT CO., INC."
10846,TULSA EQUIPMENT SALES & SERVICE INC
10849,TWO-DAY TRAILERS
10851,"UNISUL, INC."
10853,UNITED STEEL PRODUCTS CO.
10854,UNITED TRUCK TANKS INC.
10855,"UNIVERSAL TRUCK BODY, INC."
10858,VALLEY TRUCK & EQUIPMENT INC.
10859,"VENTO NORTH AMERICA, LLC"
10860,VENTURES MANUFACTURING INC
10861,"COMMON SENSE COTTON SYSTEMS, INC."
10863,"SOUTHERN MOTORCYCLE WORKS, INC. DBA SMW"
10864,"CHEMICAL SEAL & PACKING, LP"
10865,"AMERICAN CARGO PRODUCTS, LLC"
10866,"HARNETT COMMERCIAL TOWING, INC."
10867,STONES
10868,"KAPELS ENG & BLD, INC."
10869,MONTANA DREAMS
10870,CHANDLER ORIGINALS INC.
10871,"POWER PLAY RV, LLC"
10872,"PROHAULER TRAILER, INC."
10873,LOUDO TRAILERS INC.
10874,MASTERACK/CROWN
10875,"STAR ELECTRIC CARS, INC."
10876,KANSAS KUSTOMS
10877,FLEET BODY EQUIPMENT
10878,INSANE CUSTOM CYCLE
10879,"SPORT TRAILERS, INC."
10880,"BIG BEAR AMERICAN MADE CHOPPERS, INC. "
10882,THOMAS DEAN COSTELLO
10883,"CON-TRUCK COMPANY "
10884,THOMPSON & ASSOCIATES INC. DBA ARCHITECTURAL WELDING & DESIGN
10885,THOMPSON CUSTOM TRAILERS
10886,THOMPSON EQUIPMENT CORP.
10887,THOMPSON MFG. COMPANY WEXFORD LTD.
10888,"THOMPSON PUMP & MANUFACTURING CO., INC."
10889,WIND RIVER MFG LLC
10890,WINDSOR TRAILER
10891,THE WELDING SHOP & MFG.
10892,"RUBS, INC. "
10893,TOP DECK TRAILERS AND MOTORHOME INC.
10894,PAIUTE TRAILERS
10895,CRENSHAW'S WELDING & PAINTING TRAILER MANUFACTURER
10897,AVENGER LLC
10898,SOUTHEAST COOLER CORP.
10899,"MENSCH MANUFACTURING MARINE DIVISION, INC."
10900,T & S CYCLES
10901,"HAWK MOTORS, INC."
10902,"ADVANCED TRAILER CONCEPTS, INC."
10903,"ERNEST INDUSTRIES, INC."
10904,FINISHLINE CUSTOM TRAILERS
10905,WAGS UNIQUE MOTORCYCLE TRAILERS
10906,"GOOD TIME OUTDOORS, INC."
10907,J K BROWN
10908,NICK'S WELDING AND FABRICATING
10909,"R&D TRAILER SERVICE DBA MERLOT TARPAULIN & SIDEKIT MFG. Co., INC."
10910,"FAST MASTER PRODUCTS, INC."
10911,WALTRON TRAILERS INC.
10912,UPSTATE CHOPPERS
10913,CHOPPERHEAD ROAD INC.
10914,JEFFERSON STATE TRAILER WORKS
10915,WENZHOU LIGHT MOTORCYCLE CO. LTD. (POWERSPORTS)
10916,"GREENWOOD FIRE APPARATUS, INC."
10917,GOLF CART WORLD
10918,DRC TRAILER AND SPORT LLC
10919,SPECIALIZED TRAILERS
10920,CUSTOM BUILT TRAILERS SALES & M.F.G.
10921,REVOLUTION CYCLE COMPANY
10922,INGERSOLL - RAND COMPANY
10923,"PACKER INDUSTRIES, INC."
10924,"SABERTOOTH MOTORCYCLES, LLC"
10925,RIDE-RITE MOTORCYCLE TRAILERS
10926,RISK INVESTMENTS dba VANDERHOFF SPEED AND CHROME
10927,R&S CUSTOM TRAILERS INC.
10928,"LTF WELDING & MACHINE, LLC"
10929,CONTINENTAL RAILWORKS TECHNOLOGY INC.
10930,POWER UP MOBILE EQUIPMENT & TRAILERS
10931,"REID'S TRAILER, INC."
10932,"CENTERPOINT ENERGY HOUSTON ELECTRIC, LLC"
10933,CAR-TEX TRAILER COMPANY INC.
10934,"CHANGZHOU JEOUTI LIGHTING CO., LTD."
10935,"AURORA TRAILERS, LLC"
10937,WAYNE'S INC.
10938,"JIANGSU JINJIE MOTOR MANUFACTURE CO., LTD"
10939,"SHANGHAI TRI-GOLD INP. & EXP. CO., LTD."
10940,S.G. NEW TECHNOLOGY DEVELOPMENT COMPANY TIANJIN CHINA
10941,"WENZHOU ZHONGYA ELECTRIC CO., LTD"
10942,"ARIZONA TRAILER SPECIALISTS, INC."
10943,STREET SMART PERFORMACE INC.
10944,SEALION METAL FABRICATORS
10945,"BELSHE INDUSTRIES, INC. DBA DURABUILT TRAILERS"
10947,ELECTRIC VEHICLE TRANSPORTATION OF AMERICA INC.
10948,BSC MOTORSPORTS
10949,"FREEDOM MOTORCYCLE COMPANY, INC."
10950,TURTLE TOP CONVERSIONS OF FLORIDA
10952,"ACCUBUILT, INC., TRUCK AND VAN DIVISION"
10953,ACTION EQUIPMENT CO.
10954,REED ENTERPRISES INC.
10955,"EDDIE ENGLISH COMPANY, INC."
10956,DEEP SOUTH CHOPPERS
10957,TNT TRAILERS
10958,"ED TUCKER DISTRIBUTION, INC. "
10959,AUTOKAD LTD
10960,MARTINO MOTOR COMPANY
10962,NORTH AMERICAN TRAVELER LLC
10963,PUMMEL TRUCK SUPPLY CO.
10964,HARTFORD TRUCK EQUIPMENT
10965,"OEM SYSTEMS, LLC"
10966,RAPID POWER MFG.
10967,JANECEK PERFORMANCE & EQUIPMENT
10968,IMPERIAL TRAILER MFG.
10969,"DIABLO PERFORMANCE, LLC"
10970,CASTLEROCK MOTORCYCLES
10971,TEX-ALL ALUMINUM FABRICATION
10972,"NINGBO NEWSTAR OPTOTECH CO., LTD."
10973,"TEBBEN ENTERPRISES, INC."
10974,GOLD STAR CUSTOM TRAILERS
10976,KEYSTONE CHOPPERS
10977,MIKE OLSEFSKI'S AUTO ACCESSORIES
10978,"EFFICIENT HAULING SYSTEMS, LP dba EHS INDUSTRIES,AZTEC TRAILERS,NOVAN TECH."
10979,"KINGSLEY COACH, INC."
10980,AMERICAN STEEL HORSE CYCLES
10981,SERVICE TRUCKS INTERNATIONAL
10982,ROBERTSON TRUCK SALES
10983,"SUN COUNTRY TRUCK EQUIPMENT, INC"
10984,"WITT BOYS, INC."
10985,VETRO INC.
10987,VICTOR & CO
10988,VICTOR VALLEY TRAILERS
10990,VICTORY MOTORCYCLE DIV POLARIS INDUST. INC
10991,VICTORY MOTORCYCLE DIVISION
10993,VIGANO ACCESSORI S.R.L.
10994,VIGEANT INDUSTRIES INC.
10995,"VIGO WHITE TRUCK SALES, INC."
10996,VIKING FABRICATION
10997,"VIKING RECREATIONAL VEHICLES, INC."
10999,VIKING TRAILERS
11000,VIKING-EDGEWOOD CORPORATION
11001,VILLATA TRUCK BODY COMPANY
11002,"VINCENT S. JERRY & SONS, INC."
11003,VINCENT SALVATO SERVICE & EQUIPMENT
11005,VIPER MOTORCYCLE CO.
11006,VIPER TRAILERS
11007,"VIRGINIA LP TRUCKs, INC."
11009,UNI-GO NEW ZEALAND LIMITED
11010,UNIBILT TRAILER MANUFACTURING
11012,UNION CITY BODY COMPANY
11014,VESCO TRAILER MANUFACTURING
11016,WAGON WHEEL CUSTOM VANS
11017,WALDOCK EQUIPMENT SALES SERV
11018,WARD LAFRANCE TRUCK CORPORATION
11019,WARREN INC.
11020,WELLMAX INDUSTRIES INC.
11022,WESLEY CUSTOM FABRICATION INC
11023,"WEST GEORGIA MOBILE HYDRAULIC, INC."
11024,"WESTMINSTER HYDRAULICS, INC."
11025,"WATCO TRUCK RIGGING, INC."
11026,"WATERBURY TRUCK SERVICE, INC."
11027,"WATEREE TRAILER & SUPPLY, INC."
11028,WATERLAND WHITE TRUCKS SALES & SER.
11029,WATERLOO STEEL
11030,WATERMAN WELDING & MACHINING
11031,"WATKINS MOTOR TRUCKS, INC."
11033,RING-O-MATIC MANUFACTURING CO. INC.
11034,"VINDICATOR CYCLES, LLC"
11035,"WENZHOU AIKAI AUTOCYCLE FITTINGS CO., LTD"
11036,WINDWARD CAMPERS INC
11039,"WINNEBAGO INDUSTRIES, INC."
11040,WINSOR METAL PRODUCTS INC
11042,WINTER WELDING AND MACHINE CORP.
11043,WIRE WAGON NORTH AMERICA INC
11045,"LAKE REGION ENTERPRISES, INC."
11046,"WISCONSIN WHITE TRUCKS, INC."
11047,WITMER'S WELDING
11048,WITTES TRUCK & TRACTOR
11049,WITZCO TRAILERS INC
11050,WIZARD CYCLE WORKS
11051,WM. A. WEST COMPANY
11054,"KTMMEX SA. DE CV.,"
11055,"PROTAR, LLC"
11056,CRL TRAILERS
11057,"SPECIAL T TRAILER MANUFACTURING, LLP"
11058,THUMPER MOTORCYCLE COMPANY
11059,MAIN MOBILITY INC.
11060,FULLMOON CUSTOMS
11061,"LONCIN GROUP CO., LTD"
11062,"BUTLER TRAILER MFG. WEST, INC."
11063,"T. & W. PEASE, LLC"
11064,HAVOC INDUSTRIES
11065,"SAUK TECHNOLOGIES "
11066,P. B. LOADER CORPORATION
11067,TK SERVICES
11068,ALUMINUM CARGO TRAILERS INC.
11069,CHONGQING ZONGSHEN GROUP-CHONGQING ZONGSHEN HAILIN
11070,RONNIE'S TRAILER MANUFACTURING
11071,"ROSENBAUER MOTORS, LLC"
11072,SWIFT MOTORCYCLE CO.
11073,SOUTHERN COMFORT CABINS
11074,SUNRIGHT INTERNATIONAL OF AMERICA
11076,TRANSFER FLOW INC.
11078,"TNT CHOPPERS, INC."
11079,SIGNATURE EQUIPMENT CORPORATION
11080,"EL SHADDAI MANUFACTURING, INC."
11082,WORKMAN AND SONS INC
11083,"ACCU-TEK TRAILER MANUFACTURING, INC."
11084,"WELCHEL ENTERPRISES, L.L.C."
11085,"UNITED MOUNTAIN TRAILERS, INC."
11086,WARE'S WELDING
11087,JV MANUFACTURING
11088,MISSISSIPPI POWER COMPANY
11089,"EXTREME CHOPPERS, INC"
11090,STEPHENVILLE TRAILERS & TRUCK ASSESSORIES
11092,"GS MANUFACTURING, LLC"
11093,"RHINO POWER SPORT INDUSTRIAL CO., LTD"
11094,ATLANTIC TRAILERS
11095,SCORPION CHOPPERS INC.
11096,HAPPY TRAILERS
11097,C & B TRAILERS MANUFACTURING LLC
11098,"MAGNUM PERFORMANCE MOTORCYCLES,L.L.C."
11099,HOT ROD TRANSPORT LLC
11100,"TRANS WORLD TRANSPORTATION SERVICES, LLC"
11101,CAZZANI CUSTOM CYCLES INC.
11103,"LEGEND ONE MFG., INC."
11104,NOR-CAL VANS
11105,"MOSLER AUTO CARE CENTER,INC."
11106,ROCK CREEK CUSTOM TRAILER INC.
11107,EASTLINE TRAILER MFG.
11108,"MAXIM GLOBAL, L.L.C."
11109,"INDEPENDENT MOBILITY SYSTEMS, INC."
11110,CARTER INDUSTRIES
11111,"ALLENTOWN SHOTCRETE EQUIPMENT, LLC dba ALLENTOWN EQUIPMENT"
11112,HARPER INDUSTRIES INC.
11113,"TIFFIN LOADER CRANE, CO"
11114,"JIANGSU ZHONGLIAN ALUMINUM CO., LTD."
11115,"JAILHOUSE CHOPPERS, INC."
11116,GREAT AMERICAN CHOPPER
11117,LIVINGSTON CUSTOM BOAT TRAILERS
11118,"NORTH PARK MANUFACTURING, INC."
11119,"L'CAT EQUIPMENT, INC."
11120,TEXAS STAR FABRICATION & EQUIPMENT L.L.P.
11121,RVSQUARED INC.
11122,"HALLSTAR TRAILERS, LLC"
11123,GROUNDTEK MANUFACTURING
11124,"DYMAC INTERNATIONAL, INC."
11126,"VA ENTERPRISES, LLC"
11127,H & M TRAILERS LLC
11128,TRAILER CREATIONS LLC
11130,"E3 TRAILERS, INC."
11131,"SUCKERPUNCH SALLYS, LLC"
11132,U.S. MUNICIPAL SUPPLY INC.
11133,"HANGZHOU HUANMEI AUTO-PARTS CO., LTD"
11134,"JERRY'S TRANSMISSION SERVICE, INC. "
11135,HACKER'S PACKERS INC.
11136,ALCOM HOLDING COMPANY LLC
11137,EXPRESS SHUTTLE SERVICE INC.
11139,"RMS CUSTOMS, LCC"
11140,STEELMASTER INDUSTRIES INC.
11141,ROCKLAND COACH WORKS LLC
11142,ENRY CYCLE CREATIONS LLC
11143,"SCELZI EQUIPMENT, INC."
11144,HEAVYBILT MFG. INC.
11145,"MAD FABRICATION, LLC"
11146,"DREAMSHAK, LLC"
11147,"RIPPLE EFFECTS, INC"
11148,"CHURCHILL HOLDINGS, INC."
11149,"LATHAM HOME SANITATION CO., INC."
11150,CHAPMAN ENTERPRISE LLC
11152,"CHONGQING HENSIM GROUP CO., LTD."
11153,SCORPION CHOPPERS
11154,VACTOR/GUZZLER MANUFACTURING
11155,SCHLAGEL MANUFACTURING INC.
11156,"BLUE STEEL AXLE & FABRICATION, INC."
11157,"KIWI'S WELDING & REPAIR, INC."
11158,TEREX REEDRILL
11159,"PACRAT MULTI-TRAILERS, INC."
11160,"LA CARGO TRAILERS, LLC"
11161,"SILVER EAGLE BUS MANUFACTURING, INC"
11162,DESERT SUN MOTOR SPORTS INC.
11163,"CHONGQING HI-BIRD MOTORCYCLE INDUSTRY CO., LTD."
11164,"JERSEY DEVIL MOTORCYCLES, LLC"
11165,"CIRCUS CITY CUSTOM CYCLES, INC."
11166,"FACTORY DIRECT EQUIPMENT, INC."
11167,SCRAP IRON KUSTOMS INC.
11168,"GR TRAILERS, LLC"
11169,DLC POWER DIESEL CORP.
11171,"CHOPPER CITY USA, LLC "
11172,FCM-GROUP
11173,ODYNE CORPORATION
11174,"FSL AUTOTECH CO., LTD"
11176,"SPEED AND CUSTOM ENTERPRISES, LLC dba SPEED AND"
11177,CARROCERIAS GALLEGOS S.A. DE C.V.
11178,VANMAR MANUFACTURING INC.
11182,VOSBERG ENTERPRISES INC.
11183,VOYAGER TRAVEL TRAILERS
11184,"VPSI, INC."
11185,VSP MANUFACTURING CORPORATION
11186,VULCAN TRAILER MANUFACTURING CO INC
11187,"VULCAN WORKS, INC."
11188,"W & M ENTERPRISES, INC."
11189,"SPECIALTY FABRICATORS, INC."
11190,"MBF INDUSTRIES, INC."
11191,TRUCK-TECH ENGINEERS INC.
11192,"MICHAEL'S TRUCK SALES, INC."
11193,NIFTYLIFT LIMITED
11194,SLATER INCORPORATED
11195,EMPIRE COACHWORKS INTERNATIONAL LLC
11196,MT. PLEASANT TRAILERS
11198,"RUDES RIGGS, LLC"
11199,DI-MOND TRAILERS INC.
11201,"PRO-TECH FABRICATORS, INC."
11202,"DESIGNLINE INTERNATIONAL HOLDINGS, LLC (USA)"
11203,JUMPING J-JAYS FRANCHISES USA LLC
11204,TRAILER REPAIR & REBUILDING
11205,"MIA MODA, INC."
11206,"WUHU SHENGLI BRAKE CO., LTD"
11207,"HUZHOU ZHENYE HOSE CO., LTD."
11208,TWISTED RIDEZ LLC
11209,"JENSON & MITCHELL, INC."
11210,"AA SCREEN SUPPLY, INC."
11212,"NANFANG SPACE NAVIGATION SCIENCE & TECHNOLOGY CO., LTD."
11213,OPERBUS S.A. DE C.V.
11214,"TANK MASTER, INC."
11215,ATEK TRAILERS
11216,"THOMPSON & ZABER'S GARAGE, INC."
11217,"HAULMARK INDUSTRIES, MOTOR COACH DIVISION"
11218,BOOMER'S TRIKES
11219,"L&S CUSTOM COACHES, INC. a.k.a. LEE'S CUSTOM COACHES, INC."
11220,"FLORIDA TRAILERS, INC. "
11221,"WM. F. LACEY & SONS, COMPANY"
11222,WOLF COACH COMPANY
11223,WOLF DESIGN METAL FABRICATION
11224,WOLF TRAX
11225,WOLVERINE RACING
11226,WOMACK EQUIPMENT TRAILER MFG.
11227,"WOOD'S ASSOCIATED PRODUCTS, INC."
11228,WOOD-MIZER PRODUCTS INC
11230,S&W TRUCK SALES & EQUIPMENT
11231,"S.J. MEEKS' SON, INC."
11232,SATELLITE AUTO INC.
11233,CENTEX TRAILERS LTD.
11234,HUGHES TRAILERS
11235,"WEST COAST TRAILER, MFG."
11236,PMD MOTORCYCLES
11237,EPIC CUSTOM CYCLES INC.
11238,LEROY THOMPSON INC.
11239,CITAIR INC.
11240,WESTERN OHIO TRUCK & EQUIPMENT CO.
11241,"WESTERN PRODUCTS, DIVISION OF"
11243,"WESTERN RECREATIONAL VEHICLES, INC."
11244,WESTERN REPAIR SERVICE
11245,WESTERN SALES & SERVICE INC.
11246,WESTERN SERVICE CENTER
11248,WESTERN STAR TRUCKS INC
11250,"WESTERN STATES FIRE APPARATUS, INC."
11251,"WESTERN STATES MACHINERY CO., INC."
11253,WESTERN TRUCK & TRAILER SALES INC
11254,"WESTERN TRUCK EQUIPMENT CO., INC."
11255,"WESTERN TRUCK EQUIPMENT CO.,INC."
11256,WESTERN TRUCK PARTS & EQUIP. CO INC
11257,WESTERN TURTLE TOP INC.
11258,"WESTERN WORLD, INC."
11259,"L. A. WEST, INC."
11260,PROGRESS TANK
11261,NILSON MANUFACTURING
11262,"INDUSTRIAL PROPANE SERVICE, INC."
11263,DAIMLERCHRYSLER COMMERCIAL BUSES NORTH CAROLINA
11264,SPIRIT TRAILER MANUFACTURING
11265,AMERICAN EAGLE MANUFACTURING COMPANY INC.
11266,"ADVANCED BOAT TRAILERS, INC."
11267,"A G VAN & TRUCK EQUIPMENT, INC"
11268,"OBS, INC"
11269,RADIOACTIVE CYCLES
11270,"E-TON AMERICA, LLC."
11271,"KRUTSINGER SERVICES, INC"
11272,"R&W TRAILERS, INC."
11273,"B.D.P. OF CT., INC."
11274,"ADIRONDACK KABINS, LLC"
11276,"TURNING POINT TRAILER MFG, LLC"
11277,"KIT HOMEBUILDERS WEST, LLC"
11278,"KEIZER-MORRIS, INC."
11280,"CHARLOTTE CUSTOM CYCLES, LLC"
11281,THUNDER CHOPPER WORKS
11282,SAIL TRAILERS
11283,OVERLAND TANK INC.
11284,"EVERGREEN TRAILER COMPANY,LLC"
11285,"EXLON EXTRUSION, INC"
11287,DESERT WOLF (PTY) LTD.
11288,CC TRIKES & CUSTOM BIKES
11289,"CURRY CUSTOMS, LLC"
11290,WHITE MOTOR CORPORATION
11291,"RIVERSIDE VANS, INC."
11292,"TESKE MANUFACTURING, INC."
11293,"CALIFORNIA COMFORT VANS, INC."
11294,LOKATON TRAILERS
11295,BLACK HAWK CHOPPERS INC.
11297,FAST TRACK TRAILERS
11298,"LQ TRAILERS, INC."
11299,"MISENHELDER WELDING, INC."
11300,RIVER RIDGE DESIGNS INC.
11301,"DEALS ON WHEELS OF PENSACOLA, INC."
11304,RAMSHORN WELDING
11305,"VICTORY HAULERS USA, INC."
11306,"CORRECT CYCLE WERKS, INC."
11308,COUNTS CUSTOMS
11309,AVANTI MARINE USA INC.
11310,MATECO TRUCK EQUIPMENT
11311,"THAT E.V., LLC"
11312,K.B. DISTRIBUTING/EMPIRE CHOPPERS
11313,VEXEL NORTH AMERICA
11314,RXT CUSTOM DESIGNS
11315,VENTURE TRAILERS INC.
11316,PITBULL MOTORSPORTS LTD. CO.
11317,URO NORTH AMERICA
11318,TRI STATE CHOPPERS L.L.C.
11319,STEEL STALLION MOTORCYCLE COMPANY
11320,LIBERTY INDUSTRIES INVESTMENTS
11322,"CARRIAGE INDUSTRIES, LLC"
11323,"AMERICAN HAWG CHOPPERS, INC."
11324,BD MANUFACTURING
11325,BEILER MACHINE LLC
11327,WILD SIDE CUSTOMS
11328,"ZHEJIANG MENGDELI ELECTRICAL CO., LTD"
11329,"CALLAHAN CUSTOM CHOPPERS, INC."
11330,NEW CONCEPT EQUIPMENT
11331,"INTERIOR MOBILE WELDING & SERVICES, INC."
11332,DESIGN WORX
11333,ROCKET SLED MOTORS LLC
11334,"Boumans & Associates, Inc."
11335,"ZHEJIANG HUAFENG MOTORCYCLE FITTINGS CO., LTD"
11336,NORTH COUNTRY TRAILERS
11337,"NEWFAB, INC."
11338,SCHMIDY'S MACHINERY
11339,"TMC, INC."
11340,"YUEQING HUABAO MOTORCYCLE FITTINGS CO., LTD."
11341,GEMSTATE MANUFACTURING; INC
11342,DEVIL DAWG CUSTOM CYCLES
11343,LUXE TRUCKS DBA THE UTILITY BODYWERKS
11344,"AMERICAN CRAFTED TRAILERS, INC."
11346,GREAT WOLF TRAILERS LLC
11347,TAILWINDS TRAILERS
11348,RADICAL CURVES CUSTOM MOTORCYCLE
11349,SUMMIT TRUCK BODIES
11351,TANTRIC CYCLES LLC
11352,"BIGBOY TRAILER, MFG."
11353,"MJL ENGINEERING & MANUFACTURING, INC."
11354,LAZY J MFG.
11355,"POWER FACTORY, INC."
11356,FERROTEK CORP.
11358,"IMPERIALITE, INC."
11359,RPM CUSTOM CHOPPERS LLC.
11360,TRAILER DADDY MFG.
11361,CHANCE TRAILER MANUFACTURING & SALES
11362,MARSHALL TRAILER SALES & REPAIRS
11363,UNITED STATES MOTORCYCLE CORPORATION
11365,JYC CUSTOM CYCLES L.L.C.
11366,"CHONGQING HUANSONG INDUSTRIES (GROUP) CO., LTD."
11367,"TRAILERMAKERS, LLC"
11368,SHOWOFF TRAILERS
11369,"GRIFFITH CHOPPERS, INC."
11370,"BAVARIA EQUESTRIAN INTERNATIONAL, INC."
11371,LEGACY TRAILERS
11372,MOD CAR
11373,HURCO TECHNOLOGIES INC.
11374,MAJESTIC CORPORATION
11375,"DONGFENG YANGTSE MOTOR (WUHAN) CO., LTD DBA WUXI AN YUAN AUTOMOBILE COMPANY"
11376,"DIAMOND E MANUFACTURING, LLC"
11377,"T-BUILT TRAILER COMPANY, LLC"
11378,RO DRIFT BOATS
11379,"BAD ISLAND TOYZ, LLC"
11380,"COMPAIR USA, INC."
11381,"COASTAL INDUSTRIES, INC."
11382,"TRAILGRADER FABRICATION, LLC"
11383,"M.D. COWAN, INC."
11385,"THE GLASS HAND, INC."
11386,"INDIANHEAD TRUCK & BODY CO., INC."
11387,"THE SOUND COLLECTIVE, INC."
11388,"OSCHOOL CHOPPERS, LLC"
11389,PARKLANE ENTERPRISES INC.
11390,REEB MANUFACTURING
11391,"DOONAN SPECIALIZED TRAILER, LLC"
11392,WYLD RYDES INC.
11393,WARLOCK MOTORCYCLES
11394,PITS BY JJ
11395,"CROWLEY MANUFACTURING, INC. "
11397,ROLL-A-HOME
11398,HEARTLAND TRAILERS
11399,"INTERSTATE TRAILERS, INC."
11400,MARATHON METALWORKS
11401,WIEGERS INC.
11402,AC CUSTOMS INC.
11403,"ALL STAR CARTS & VEHICLES, INC."
11404,STREME TRAILER MFG. INC.
11405,"LUMPKIN TRAILERS, LLC"
11406,DELTA OILFIELD TANK CO. LLC
11408,WUYI FENGYUAN MINING MACHINE MANCFACTOR CO. LTD
11409,"ZACHERL MOTOR TRUCK SALES, INC."
11410,"QINGDAO FULLRUN TYRE TECH CORP.,LTD"
11411,STRICTLY CHOPPERS
11412,"MEDIX SPECIALTY VEHICLES, LLC"
11413,J & J MUFFLER SHOP INC.
11414,DENBESTE MANUFACTURING INC.
11415,S & S WELDING AND TRUCK BODIES
11416,"DANYANG ZHONGYUAN AUTO LAMPS CO., LTD."
11417,PSYCLES-INC.
11418,"EVACO ACQUISITION CORP., INC."
11420,"DEALERS TRUCK EQUIPMENT CO., LLC"
11421,"DUECO, INC."
11422,"ROYAL ENFIELD, A UNIT OF EICHER MOTORS LTD."
11423,SHIPSHE WELDING
11424,"AMERICAN MOTORCYCLE SPECIALTY CENTER, INC."
11425,"SEVERE TRAILERS, LLC"
11426,"BASIN FILTRATION SYSTEMS AND TUBIN' TESTIN', INC."
11429,"ELEVATED SECURITY, INC."
11430,"STEPP MANUFACTURING CO., INC."
11431,JIZHOU SHI SHENGHUA RUBBER PRODUCT FACTORY
11432,"JIZHOU SHI JINLONG RUBBER PRODUCT CO., LTD."
11433,"OHIO TRUCK BODY MFG., INC."
11435,"OHIO TRUCK EQUIPMENT, INC."
11437,"OHNSORG TRUCK BODIES, INC."
11438,OK CHAMPION
11439,OKLAHOMA GOOSENECK MFG INC
11440,"OKLAHOMA WHITE TRUCKS, INC."
11441,OLD WEST MANUFACTURING
11442,OLEYNIK BODY CO.
11443,OLIN CORPORATION
11444,"OLINGHOUSE SUPPLY & FAB, INC."
11445,"OLIVIER & SONS, INC."
11447,OLSON TRAILER AND BODY
11448,"OLYMPIC MANUFACTURING AND SALES, INC."
11450,WESTINGHOUSE ELECTRIC CORPORATION
11452,WESTMOR INDUSTRIES
11453,WESTSIDE SPECIALTY VEHICLES INC
11454,"WESTWAYS MANUFACTURING COMPANY, INC"
11455,WHEAT MOTOR COMPANY
11456,WHEEL MASTER INC.
11457,WHEELED COACH INDUSTRIES
11459,THOMAS FABRICATING INC.
11460,THOMPSON FABRICATING INC.
11461,TIMELEE'S
11464,O'DONNELL'S TRUCK & BODY INC.
11465,DAKAN MOUNTAIN TEARDROP TRAILERS LLC
11466,"WATKINS TRUCKS, INC."
11467,WATOD CORP
11468,WATSON AUTOMOTIVE EQUIPMENT CO.
11469,WAUSAU IRON WORKS
11470,WAYDE MFG CO INC.
11471,WAYNE CORPORATION
11472,WAYNE ENGINEERING CORPORATION
11473,WAYNE A. MILLER
11474,WAYNE TRAILER SERVICE INC.
11475,"WAYNE VAN & TRUCK SHOP, INC."
11476,WAYNE WHEELED VEHICLES
11477,"WEBB TRUCK, INC."
11478,WEBER GENERATORS INC.
11479,WEBER'S WELDING & REPAIR
11480,"WEBER'S WHITE TRUCKS, INC."
11481,WEBRE'S IRON WORKS
11482,"WEDLAKE FABRICATING, INC."
11483,WEEKEND WARRIOR TRAILERS INC
11484,"WELD BUILT BODY CO., INC."
11485,"WELD MASTER,INC."
11486,WELDALL FABRICATION
11487,WELDEN METAL FABRICATING COMPANY
11488,WELDING DESIGN'S
11489,WELDING UNLIMITED
11490,XTREME RYDZ CUSTOM CYCLES
11491,THATTA ENTERPRISES LLC
11492,8 BALL CUSTOMS
11493,THE THIRD WHEEL TRIKES & BIKES
11494,"NORTHWOOD MANUFACTURING, INC. "
11495,YODER BYERS WELDING
11497,"SUMMERS FABRICATION & DESIGN, LLC"
11498,CHOP SHOP CUSTOM MOTORCYCLES
11499,HYDE DRIFT BOATS
11502,"VECOPLAN, LLC"
11503,"LWJ ENTERPRISES, INC."
11504,JVS POWERSPORTS INC.
11505,"FLYRITE CHOPPERS, INC. "
11507,J & S TRAILERS
11508,BROOKS EQUIPMENT COMPANY
11509,JJ'S SPORT & ELECTRIC CRUISERS
11510,LEXINGTON-FAYETTE URBAN COUNTY GOVERNMENT DIVISION
11511,"CENTECH SPECIALTY VEHICLES, LTD., CO."
11512,R - VISION
11513,"R & R TRAILERS, INC."
11514,"SHANGHAI MEITIAN MOTORCYCLE CO., LTD."
11515,"WATEC, INC. dba H & H TRAILERS SOUTHEAST"
11516,A&A MANUFACTURING
11517,WESTERN GOLF CAR MANUFACTURING INC
11518,WESTERN HOMES CORP
11519,"SIN CITY SLEDS, INC. DBA VEGAS CITY CHOPPERS"
11520,DUMP-MASTER INC.
11521,TAIWAN GOLDEN BEE COMPANY
11522,"DEATH ROW MOTORCYCLES, LLC"
11523,MCKINLEY ENTERPRISES DBA LONGHORN TRAILERS
11524,"PACIFIC TECHNICAL EQUIPMENT & ENGINEERING, INC."
11525,MAP ENTERPRISES
11526,WILDCAT CUSTOM TRAILERS
11527,"HACIENDA CUSTOM MANUFACTURING USA, LLC"
11528,"LIQUID MEASUREMENT & CONTROL, INC"
11529,"E.W. SLEEPER COMPANY, INC."
11530,"BEILER HYDRAULICS,INC."
11531,"INTERMODAL TECHNOLOGIES, INC."
11532,COLLINS BUS CORPORATION
11533,"TRAVEL SUPREME, INC."
11535,XTREME CYCLES OF SARASOTA L.L.C.
11537,DAVE FINN MOTORCYCLES
11538,WOLFGANG CYCLES
11539,BULLDOG TRAILERS INC.
11540,W.B. HILL INC.
11542,P & A TRAILERS
11543,METALHEAD ENGINEERING INC.
11544,"NORTH-SOUTH CONNECTION AUTO SALES, LTD."
11545,ADVENTURE TRAILERS INC.
11547,"CHINA TAISHAN GROUP, TAISHAN, HAOFU, DAJINYA"
11548,"TRI STATE TANK, L. L. C."
11549,MEEDER EQUIPMENT/ RANSOME MFG.
11550,"UTICA MACK, INC."
11551,BRAKE & CLUTCH INC
11552,"NATIONAL VAN BUILDERS, INC."
11553,"ACTION CAMERA CARS, INC."
11554,"ELITE SPECIALTY TRAILERS, LLC"
11555,"RON'S GARAGE, INC."
11556,JSR CUSTOM LLC
11557,HOLT BROTHERS CUSTOMS INC.
11558,WANTED CHOPPERS INC.
11559,"SAFETY TRAILERS, INC."
11560,HI LINE BODIES INC.
11561,DEANO MOTORCYCLE COMPANY
11562,HOG WILD CUSTOMS
11563,"PRO FISH ENTERPRISES, LLC"
11564,ANJER INC.
11565,"DIRECT TRAILER, LP"
11566,DOWELL SCHLUMBERGER INT'L INC.
11568,"MRRES INDUSTRIES, INC."
11569,"BUSTER INC. "
11571,"GREAT NORTHERN TRAILER WORKS, INC."
11572,"NINGBO FENGMAO AUTO SPARE PART CO., LTD."
11573,"NINGBO HD POWERSPORTS SAFETY PRODUCTS CO., LTD"
11574,"BLUE STEEL MANUFACTURING, LLC"
11575,ALLIANZ SWEEPER COMPANY
11576,"LOAD MAX TRAILERS, LTD"
11577,"CRARY INDUSTRIES, INC"
11578,ARIZONA BYWAYS INCORPORATION
11579,REMOLQUES ENMAR
11580,"BOXES CREEK FABRICATING & WELDING, LLC"
11581,"DAYTONA HELMETS, LLC"
11582,OAKDOWN INC.
11583,BEAST CUSTOM CYCLE
11584,VASQUEZ CUSTOM FABRICATING
11585,"AMERICAN HOTROD MANUFACTURING, LLC dba AMERICAN"
11586,"RANCHER TRAILER COMPANY, INC."
11587,"LARRICK, LLC,"
11588,"CARIBBEAN, INC."
11589,"TALLERES LOZANO, S.A. DE C.V."
11591,"USA MOTORTOYS, LLC"
11592,GOOD THUNDER MOTORCYCLE CO.
11593,LITTLE D'S UTILITY TRAILERS
11594,EAGLE HEAD LIFTS
11595,"AMERICAN SURPLUS & MFG., INC."
11596,TWIKE/FINE MOBILE GMBH
11597,"PETERSEN INDUSTRIES, INC."
11598,"D&D SEEDS AND FARM EQUIPMENT SALES, INC."
11599,HOG SHOP
11600,"SHANDONG TONGLI STEEL WHEEL CO., LTD."
11601,SKULLBONE WELDING
11602,"IDEAL TRAILERS, LLP"
11603,BLUE RIBBON TRAILERS LTD
11604,STEEL PONIES LLC
11605,ROADMAN CAMPERS
11606,"ALUMINUM TRAILERS, INC."
11607,RIDGESTONE CABINS INC.
11608,"LA BOIT SPECIALTY VEHICLES INC. "
11609,VERTICAL REALITY
11610,"LIFETIME PRODUCTS, INC."
11611,MINNKOTA POWER COOP INC.
11613,EAGLE TRAILER MANUFACTURING
11614,"SPARTAN TRUCK COMPANY, INC."
11615,S & S TRAILERS & TRUCK EQUIPMENT
11616,MIDWAY SERVICE INC.
11617,MONITOR SYSTEMS
11618,ZHEJIANG PROVINCE LEQING CITY HUABAO RUB & MIX
11619,HARVEST SERVICES (1995) LTD
11620,OLYMPIC TRAILERS INC.
11621,"OMAHA BODY & EQUIPMENT COMPANY, INC"
11624,"OMC FISHING BOAT GROUP, INC."
11625,"OMI INDUSTRIES, INC."
11626,"OMNITRANS DISTRIBUTING, INC."
11627,ONAN CORPORATION
11628,ONKEN'S INC.
11629,OPTIMA BUS CORP.
11630,"OPTIMA INDUSTRIES LLC SUB OF PACE AMERICAN, INC."
11631,"ORBIT INDUSTRIES, INC."
11632,ORE-WEST BODY & EQUIPMENT
11633,OREN ROANOKE CORPORATION
11634,DAIMLERCHRYSLER COMMERCIAL BUSES NORTH AMERICA (Canada)
11635,"ORION BUS INDUSTRIES, INC."
11636,"VIRGINIAN METAL PRODUCTS CO., INC."
11637,VISTA CRUISER CORPORATION
11639,SCAVO AUTO BODY INC.
11640,SCHENCK CORPORATION
11641,SCHUTT'S WELDING
11642,ROLLZ FABRICATION
11643,KRAUSE CORPORATION
11644,REILLEY WELDING & METAL FABRICATION
11645,ACTION TRAILER DEPOT
11646,BRAIN UNLIMITED
11647,"U.S. IRON HORSE MOTOR CYCLE COMPANY, LLC"
11648,"S & S MOTORSPORTS, INC."
11649,SOUTHERN TEXAS INDUSTRIAL SERVICE COMPANY INC.
11650,"WUYI HAORUI INDUSTRY AND TRADE CO., LTD."
11651,"HANGZHOU DASHENG DAILY CHEMICAL CO., LTD."
11652,"S&R COACH, LLC"
11653,APPLIED RESEARCH ASSOCIATES INC. VERTEK DIVISION
11654,"DEALERS TRUCK EQUIPMENT CO., LLC"
11655,SIDEKICK RV INC.
11656,"DESM, LLC DBA CONSTRUCTION TRUCKS AND EQUIPMENT"
11657,KORRUPT CHOPPERS
11658,"BEIQI FOTON MOTOR CO., LTD. BEIJING BUS BRANCH COM"
11659,"GREAT LAKES LIMOUSINE REPAIR, INC."
11660,"LABARGE PRODUCTS, INC."
11661,MISSION UTILITY TRAILERS
11662,JOSEPH R. THOMPSON ENTERPRISES
11663,WEMHOFF COMPANY
11664,WER DOIN IT
11665,WESBAR CORPORATION
11666,WESCO TRAILER SALES
11667,WESCO TRUCK & TRAILER SALES
11668,WEST COAST CARRIAGE
11669,WEST COAST ABT INC
11670,WEST COAST CHOPPERS
11671,"WEST COAST FRAME & COLLISION REPAIR, INC."
11672,WEST COAST UTILITY EQUIPMENT CO.
11673,"WEST PARK TRUCK EQUIPMENT, INC."
11674,WEST TEXAS DOLLIES INC.
11675,WEST TEXAS WHITE TRUCKS INC.
11676,WESTATES TRUCK & EQUIPMENT CORP.
11677,WHEEL UNLIMITED
11678,WILLIAMS EQUIPMENT CO.
11679,WILLIAMSENS INC.
11680,WILLMAR MFG. DIV. WILLKNIGHT INC.
11681,WILSON TRAILER CO.
11683,"WOODWARD, WIGHT & CO., LTD."
11684,WORK AREA PROTECTION CORP
11686,YANKEE MOTOR COMPANY
11688,YUKON MARINE CORP
11689,EVIL TWIN LIMITED
11690,ARROWHEAD TRUCK EQUIPMENT
11691,"CHANGZHOU XUFENG ZHIXIU AUTO LAMP CO., LTD"
11692,"WHITE RIVER DISTRIBUTORS, INC."
11693,WHITE TRUCKS & EQUIPMENT SALES INC.
11694,WHITE'S WELDING & BODY SHOP
11696,WHITEHEAD WELDING AND TRAILER SALES
11697,MQ WHITEMAN (A DIVISION OF MULTIQUIP INC.)
11698,WHITEMAN MANUFACTURING COMPANY
11699,WHITES/KEENE MFG. INC
11702,WHITLEY MOTOR COMPANY INC
11703,WHITLOCK MILLS TRAILERS
11704,WHM DIESEL PARTS
11705,"WICHITA BODY & EQUIPMENT CO., INC."
11706,"WICHITA TANK MFG., LTD"
11707,WICHITA TRAILER MANUFACTURING
11708,"WICHITA WHITE TRUCK SALES, INC."
11709,"WICKES HOMES, INC."
11710,WIDMER GMC TRUCK & EQUIPMENT CO.
11711,"WIERS INTERNATIONAL TRUCKS, INC."
11712,"WIERS MANUFACTURING, INC."
11713,"WIL-RO, INC."
11715,"SOUTHERN STAR TRAILERS, INC."
11716,BENTON COUNTY FIRE PROTECTION DISTRICT NO. 4
11717,"SUPER SPORT TRAILERS, LLC"
11718,"XTC CHOPPERS A DEL SOL CYCLES, INC. CO."
11719,SAVAGE FORK IRON
11720,"SPORTSRIG.COM, LLC"
11721,DIONBILT L.L.C.
11722,"SPS, LLC"
11724,NORTH CENTRAL TRUCK EQUIPMENT
11725,JIM HARDEE EQUIPMENT CO. INC.
11728,"COOL CITY, INC."
11729,MOTOR CITY MEAN MACHINE
11731,ACE MARINE & FABRICATION
11732,MATRIX MANUFACTURING COMPANY
11733,"F & K PARTNERS, LLP "
11734,SUBURBAN MANUFACTURING CO.
11735,"C & C TRAILERS, INC."
11736,"NORTH RIVER JET BOATS, INC."
11737,"E-SUV, LLC "
11739,WICKED WOMEN CHOPPERS
11740,"PARK MODELS MANUFACTURING, INC."
11741,"CENTRAL TANK OF OKLAHOMA, INC."
11742,S.I.C. CHOPPERS (STYLE IN CUSTOM CHOPPERS)
11743,"AMERICAN FARRIER SYSTEMS, LLC"
11745,"WILD WEST MOTOR COMPANY, INC."
11746,"CHART, INC"
11748,"ARKFELD MFG. & DISTR. CO., INC."
11749,"SHANDONG SHENGTAI WHEEL CO., LTD."
11750,GUERDON ENTERPRISES LLC
11751,TRAILER FX CUSTOM MANUFACTURING
11752,EMERALD WELDING INC.
11753,"PHOINIX GLOBAL, LLC"
11754,"TRIPLE J WELD FAB REPAIR, LLC"
11755,SUMMIT INDUSTRIES INCORPORATED
11756,"TRU-HITCH, INC"
11757,"TOWER TRAILERS, INC."
11758,CHRIS NIKEL CHRYSLER JEEP DODGE
11759,"JASON MITCHELL WELDING & FABRICATION, LLC"
11760,METRORIDER LLC
11761,FREEDOM TRAILERS LLC.
11762,RANGER BOAT CO.
11764,TIME OUT TRAILERS INC
11765,"THE NEW BUS COMPANY, INC."
11766,"SKYLARK INDUSTRIES, INC."
11768,"STUMP SMOKERS, INC."
11769,INTREPID ENGINEERING GROUP (IEG)
11770,JSG INDUSTRIES INC.
11771,"WARREN POWER ATTACHMENTS, LLC"
11772,"LEGACY TRAILERS INC. "
11773,FLOW TECH FABRICATORS L.L.C.
11774,NORAM POWER SYSTEMS
11775,HORLACHER & SHERWOOD INC.
11776,"HYPER LITE TRAILERS, INC."
11777,ALL AROUND TRAILERS
11778,MO TRAILERS CORP.
11779,"NINGBO FUDING INDUSTRIAL AND TRADING CO., LTD."
11780,PULLMAN MODULAR INDUSTRIES
11781,"KEASLER BODY CO., INC."
11782,"PT WELDING, LLC"
11783,"ALUMINA, INC."
11784,TECHLINE ENGINEERING
11785,"TRAIL MASTER, INC."
11786,OZARK CUSTOM TRAILERS
11787,RALLYTIME TRAILERS INC.
11788,THOROUGHBRED MOTORSPORTS INC.
11789,"SUTTER MANUFACTURING, INC."
11790,"QUALITY TRUCK EQUIPMENT & FABRICATION, INC."
11791,D&D METAL WORKS AND POWDER COATING
11792,"API, INC."
11793,"WILD CAT CRANE & WELDING, INC."
11794,WILD WEST TRAILERS
11796,"RV DIRECT, LLC"
11797,FORZA POWERSPORTS
11798,BULK TANK INTERNATIONAL S DE RL DE CV
11799,PENNSYLVANIA TRUCK CENTERS INC.
11800,SPARTAN TOOL LLC.
11801,"CLEASBY MANUFACTURING COMPANY INCORPORATED "
11802,CANAJOHARIE CUSTOMS
11803,LEGENDS CUSTOM CYCLES LLC
11804,"AZTEC TRAILER, INC."
11805,WINCHESTER AUTO REPAIR & WELDING
11806,WASHINGTON CHOPPERS
11807,"ANHUI MASTEEL HOLLY INDUSTRIAL CO., LTD."
11808,SIK N TWISTED PSYCLES
11809,NORTHERN LITE MFG LTD
11810,FRANKO'S CUSTOM CYCLES INC.
11811,DUTCHMEN MANUFACTURING INC.
11812,THIGPEN METALWORKS
11813,VIVIAN INDUSTRIES INC
11814,VIXEN MOTOR COMPANY
11815,WYNN FIRE & RESCUE EQUIPMENT
11816,"TNT MOTO CORPORATION, INC."
11817,"NEALCO EQUIPMENT, LLC"
11818,STS TRUCK EQUIPMENT & TRAILER SALES
11819,CJAY TRAILERS INC.
11820,HARBORVIEW CHOPPERS
11821,STREAMLINE DESIGNS INC.
11822,"PETRO TECH, INC."
11823,CHANGZHOU YAMASAKI MOTORCYCLE CO. LTD.
11824,SPORT HAULER INC.
11825,VALLEY FARM INDUSTRIES LLC
11826,TRAFCON INDUSTRIES INC
11827,PACIFIC WILDFIRE INTERNATIONAL
11828,"CHARLOTTE COUNTY CUSTOM CYCLES, INC."
11829,GREEN ELEC-MOTOR INC.
11830,"ENDURAMAX,  LLC"
11831,STEPP EQUIPMENT CO.
11832,DOWN LOW CUSTOMS
11833,"SUMMIT BODY & EQUIPMENT, INC."
11834,BURTEK ENTERPRISES INC.
11835,RIMROCK TIRE INC.
11836,"DNM TEARDROP TRAILERS, LLC "
11837,COMBAT SUPPORT PRODUCTS INC.
11838,J&J TRAILERS AND TRUCK EQUIPMENT LLC
11839,"J.W. DEVERS & SON, INC."
11841,KOCIELA ENTERPRISES
11842,TORRID TECHNOLOGIES GROUP LLC
11843,"POWER, PROCESS & INDUSTRIAL LLC"
11844,ZANETTI TRAILER MANUFACTURING
11845,"VISSER TRUCK & TRAILER INC. "
11846,CONCHO CHOPPERS
11847,"CHANGZHOU CITY NANGUA VEHICLE ELEMENTS CO., LTD. "
11848,"QINGDAO TAIHANG TYRE CO.,LTD"
11849,"WENLING YAODING MACHINE CO., LTD."
11850,LA CUSTOM TRIKES
11851,"HELMET CITY INC. "
11852,"REDMAN MANUFACTURAS, S.A. DE C.V."
11853,BULLDOG CARTS
11854,"HIGH ROLLER CUSTOM MOTORCYCLE, LLC"
11855,"CASP AUTO PARTS CO., LTD."
11856,"TAIZHOU XINLI MACHINERY CO., LTD."
11857,"GUAM STEEL SERVICES, LLC "
11858,JUSTIN PALMER WELDING
11859,BARRIER SYSTEMS INC.
11860,"SCOTT POWERLINE AND UTILITY EQUIPMENT, LLC"
11861,ZHEJIANG HUANGYAN MINGYUAN AUTO LAMP FACTORY
11862,"AMARILLO THERMO KING, INC"
11863,"ASTEC MOBILE SCREENS, INC."
11864,"GREEN DISTRICT, INC. DBA BENTLEY WELDING"
11865,CAROLINA HITCH & TRUCK ACCESSORIES
11867,L6 SYSTEMS LLC
11868,STOLTZ MFG. LLC
11870,"CHOICE TRAILERS MANUFACTURING, LTD"
11871,"TIMELESS TRAVEL TRAILERS, LLC"
11873,"ARISTA TRUCK SYSTEMS, INC."
11874,"FTEC, INC."
11875,T&R TRAILER MFG. INC.
11876,WOMACK TRUCK BODY INC.
11877,OSHKOSH SPECIALTY VEHICLES LLC
11878,"TARELITE TRAILER, LLC"
11879,"MISFIT MARKETING SERVICES, LLC"
11880,"WHEEGO ELECTRIC CARS, INC."
11881,GANZCORP INVESTMENTS INC.
11882,"FASTLOAD ENTERPRISE, INC."
11883,BROTHERS EQUIPMENT INC.
11884,AFC COMPANY
11885,ELECTROVAYA COMPANY
11886,"CHONGQING YINGXU LAMP CO., LTD."
11887,"HDK PLASTIC FACTORY, LTD (USA)"
11888,HI TEC INDUSTRIES INC.
11889,ASAHI INDIA GLASS LTD.
11890,"JC CUSTOM WELDING, LLC"
11891,"STREET LEGAL CARTS, LLC"
11892,DAVIS METAL WORKS LANDSCAPE TRAILERS
11893,GREENGO TEK
11894,ROCK LINE PRODUCTS INC.
11895,SMS LIMITED
11896,ATTS INC.
11897,TOTAL ELECTRIC VEHICLES L.L.C.
11898,FABRICATORS PLUS
11899,"WUXI ZHIDA VEHICLE MANUFACTURING CO., LTD."
11900,REV RECREATION GROUP
11901,GRAND PRIX TRAILER SALES LLC DBA AMERICAN PRIDE TRAILERS
11902,"LEXINGTON TRAILER & HITCH, LLC"
11903,"POWER PRODUCTS, LLC"
11904,OILFIELD REPAIR SPECIALISTS LTD.
11905,"H&A PRODUCTS, INC. dba STORM TRAILERS"
11906,"AUSTIN WELDING SERVICE, INC."
11907,CHRYSLER GROUP GLOBAL ELECTRIC MOTORCARS LLC
11908,WEBER MANUFACTURING
11909,GUERILLA CUSTOMS
11910,MARTEX GLOBAL ENTERPRISE LLC
11911,"TAIZHOU CITY HUASHENG PLASTIC CO., LTD."
11912,"NINGBO LONGTIME MACHINE CO., LTD."
11913,"SIGNCO, INC."
11914,"AMERICAN LAFRANCE, LLC"
11915,"MAUCK2, LLC"
11916,BURLINGTON RV SPECIALTY VEHICLE A WISCONSIN LLC
11917,STEALTH ENTERPRISES LLC
11918,RONDAR RACEBOATS LTD.
11919,"ASPEN AERIALS, INC."
11920,BLACKSTONE TRAILER COMPANY LP
11921,"MERIDIAN MOTORS COMPANY, INC."
11923,MOTION TRAILERS INC.
11924,"TISHOMINGO ACQUISITION, LLC, "
11925,"JOHN JENKINS CO., INC."
11926,K-JACK MOTORS L.L.C.
11927,GUARDAIN TRAILERS INC.
11928,ACCU-WELD TRUCK BODY & TRAILER INC.
11930,PRECISE METAL WELDING
11931,"SILENT DRIVE, INC."
11932,"FALCON MOTOR SPORTS, INC."
11933,"JIM-GLO TRAILERS, LLC"
11934,CHARMAC TRAILERS
11935,MISANTHROPY CYCLES
11936,"TRAVEL LITE, INC."
11937,"PIK RITE, INC."
11938,KODIAK ADVENTURE PRODUCTS
11939,"ROCKFORD COMMERICAL WAREHOUSE, INC. "
11940,SCOTT'S INSANE CHOPPERS
11942,"BIG TONY'S CHOPP SHOP INC. "
11943,"NATIONAL PUMP & COMPRESSOR, LTD"
11944,"AMERITRANS BUS, INC."
11946,METALCRAFT MANUFACTURING LLC
11947,TRACTO DE MONTERREY Y ASOCIADOS SA DE CV
11948,RY EQUIPMENT TRADING LLC DBA VAC-KING TRAILERS
11949,"ZHUZHOU ZHENBANG TECHNOLOGY INDUSTRIAL CO., LTD."
11951,"TRAILBLAZER, INC."
11953,FINELINE ENTERPRIESES
11954,"OP TANK TRAILERS, LLC"
11955,"NICHOLSON MANUFACTURING, INC. (NMI)"
11956,EK MACHINE CO. INC.
11957,"AUGUSTA RV, LLC"
11958,SHENZHEN BYD AUTO COMPANY LIMITED
11959,"SPECSYS, INC."
11960,LRG TECHNOLOGIES INC
11961,H & M GOPHER CONTROL
11962,PIPING ENTERPRISE COMPANY INC.
11963,"TEXAS CES "
11964,PROFICIENT FABRICATION & CONSULTING CO.
11965,WESTERN STATES TRUCK CENTERS LLC
11966,"CHANGSHA BYD BUS CO., LTD."
11968,PIEDMONT CUSTOM TRAILERS
11969,CAMPBELL SUPPLY CO. DBA CAM SPRAY
11971,"LAMINATED WOOD SYSTEMS, INC."
11972,BILL'S TRAILER SALES
11973,R&D MACHINE OF MARLBORO COUNTY      COMPANY
11974,"TRAILER RUSH, INC."
11975,LUTTRELL WELDING SERVICES
11976,DC WELD INC.
11977,WRIGHT WELDING INC.
11978,TATSA INC
11980,"INTERMOUNTAIN GOLF CARS, INC."
11981,"DIAMOND B MANUFACTURING, LLC"
11982,"MAINTAINER CUSTOM BODIES, INC."
11983,"MOXLEY WELDING AND MACHINE SERVICE, INC."
11984,"TOTAL E&S, INC."
11985,DLUBAK SPECIALTY GLASS CORPORATION
11986,TRULITE GLASS & ALUMINUM SOLUTIONS LLC
11987,"SANMEN COUNTY YONGFU MACHINE CO., LTD."
11988,FLAUNT ELECTRIC VEHICLES
11989,FORDS TRAILER SALES
11990,"FUJIAN YONGXING INDUSTRY & TRADE CO., LTD"
11991,"GICON PUMPS AND EQUIPMENT, INC."
11992,BYD COACH & BUS LLC
11993,"KORONIS PARTS, INC. "
11994,ECHO ACCESSORIES CC
11995,"BUY ENTERPRISE "
11996,CUSTOM CONCESSIONS LLC
11997,NEST CARAVANS
11998,PETE'S WELDING & METAL WORKS INC.
11999,HOT ROD FACTORY INC.
12001,"JIANGSU JIUJIU TRAFFIC FACILITIES CO., LTD"
12002,"ARIZONA PIPELINE CO., INC."
12003,ABLATIVE VEHICLE ARMORING INC.
12004,"TREADWRIGHT TIRES, LLC "
12006,ENERGICA MOTOR COMPANY SPA
12008,OMNI GLASS & PAINT
12011,"QMC CRANES, LLC"
12013,ACUTREAD ALLIANCE GROUP
12014,BRIDGESTONE TIRE MANUFACTURING C.I.S. LLC
12015,"QINGDAO TAIHAO TYRE CO., LTD"
12016,"KWIK EQUIPMENT SALES, LLC"
12017,MOVITRON S.R.L.
12018,MINNESOTA MANUFACTURING LLC
12019,"HYDRA SERVICE, INC."
12020,HALCORE GROUP INC
12021,"INDUSTRIAL MACHINE AND KITTING SVCS, LLC"
12022,"MARK WIENER WELDING "
12023,CHARLESTON TRAILER LLC
12024,FELKER TRUCK AND EQUIPMENT INC.
12025,AMERICAN KULTURE ROD AND CYCLE SHOPPE DBA AMERICAN
12026,AMERICAN KULTURE ROD AND CYCLE SHOPPE
12027,JASPER'S HOT RODS LLC
12028,"RULLO CUSTOM CYCLES, LLC"
12029,NORTHWOODS TRAILERS LLC
12030,JRL CYCLES LLC.
12031,"CRUISE CAR, INC."
12032,"CENTRALIA MACHINE & FAB, INC."
12033,BLUERIDGE TRAILER INC.
12034,"WATERFORD TANK AND FABRICATION, LTD"
12035,CHRIS NIKEL AUTOHAUS INC.
12036,"MODERN MANUFACTURING INTERNATIONAL, INC. "
12037,"MALACH USA, LLP"
12038,ACME GROUP LLC
12039,"PROLIFIC COACH, LLC"
12040,"KOREA ALLOY TECHNOLOGY CO., LTD."
12041,"C W WELDING, LLC"
12042,"ZIERKE BUILT MANUFACTURING, INC."
12043,PROFESSIONAL WELDING CO.
12044,"CARGO SOUTH, INC."
12045,ARCIMOTO INC.
12046,JOHNSON'S ELITE TRAILER
12047,ZHEJIANG KANGDI VEHICLES CO. LTD.
12049,PARR TRAILER & EQUIPMENT CO.
12050,"LEHMAN TRIKES USA, INC."
12051,LIBERTY MOTORS LLC
12055,LITTLE GUYS GROUP LLC
12056,"TRIVAN TRUCK BODYY TEXAS, LLC"
12057,ANDERSON MANUFACTURING INC.
12058,"KRIPPLE KREEK, LLC"
12059,MILLER RANCH EQUIPMENT
12060,SPECIALTY BUS MANUFACTURING LLC
12061,"SHANGHAI KOITO AUTOMOTIVE LAMP CO., LTD."
12062,HERING KUSTOMS INC
12064,NORTHLAND MACHINE INC.
12065,ORCHARD HILL WELDING LLC
12066,"XIAMEN RISHANG INDUSTRY CO., LTD."
12067,FARWEST GOLF DIV. OF FARWEST INDUSTRIES INC.
12068,AMERICAN TRAILER BUILDERS
12069,ELECTRIC MOTORSPORT INC.
12070,PANASONIC ELECTRIC WORKS CORPORATION OF AMERICA
12071,ADVANTAGE OUTFITTERS
12072,SHANDONG GREEN. TEC ELECTRIC TECHNOLOGY . CO. LTD
12073,BRIDGEPORT TRUCK MANUFACTURING
12074,"JAMES W. BELL CO, INC."
12075,NANCHANG FREEDOM TECHNOLOGY LIMITED COMPANY
12076,CLIPPINGER TRUCK EQUIPMENT
12077,GEMCO PARK HOMES LLC
12078,"SHANGHAI SHENKE MOTORCYCLE CO., LTD"
12079,HIGHLANDS RANCH METRO DISTRICT
12080,SHAVER MANUFACTURING CO.
12081,"DIXIE HITCH, INC."
12082,HANGZHOU SAITE MOTOR VEHICLE TECHNICAL SERVICE CO.
12083,"EAST COAST TRAILER & EQUIPMENT CO., INC."
12084,"BUCKEYE FIRE EQUIPMENT COMPANY "
12085,"HOSS FABRICATORS, LLC"
12086,"PARAGON MOTORCYCLES, LLC DBA JANUS MOTORCYCLES"
12087,ALLEN FABRICATORS INCORPORATED
12088,"ODYNE SYSTEMS, LLC"
12089,CAPONES STREET ROD MOTORCYCLES
12090,"FOUR TURKEYS LLC "
12091,"HANGZHOU SAGE INDUSTRY CO., LTD."
12092,SHWING AMERICA INC.
12093,"WAHOO MARINE CONSTRUCTION COMPANY "
12094,STONEWELL INTERNATIONAL CORPORATION
12095,MOBILE MEDICAL INTERNATIONAL CORPORATION TRAILER
12098,INDUSTRIAL MAINTENANCE AND FABRICATING INC.
12099,INTEGRITY TRAILERS INC.
12100,DYNAMITE MANUFACTURING
12101,"EVEREST EMERGENCY VEHICLES, INC."
12102,KENNEDY FABRICATING INC.
12103,"CHANGZHOU LANLING SPECIAL VEHICLE MANUFACTURING CO., LTD"
12104,INNOVATIVE PRODUCTS INC.
12105,"EPSILON ELECTRONICS INC. "
12106,"PINNACLE MANUFACTURING, LLC"
12107,PAR NADO INC.
12108,"GREENLITE TRAILERS, LLC"
12109,"ARMOR LITE TRAILER MFG, LLC"
12110,MALLAGHAN INC.
12111,"FIREVENT, LLC"
12112,FAT SOCKS MOTORSPORTS
12113,PRECISION LASER & MFG LLC
12114,HARRIS FABRICATION LLC
12115,"KANDI STEEL LLC "
12116,"TAIZHOU TIANDA ROPE & BELT CO., LTD"
12117,"PEAK MANUFACTURING, LLC"
12118,"IOWA TRAILER MFR. CO., LLC DBA ITM"
12119,URIBE OCHOA DISTRIBUTION LLC
12120,"GAMBLER ENTERPRISES, INC. "
12121,"ALAN RITCHEY INC. "
12122,MID AMERICA DESIGNS LLC
12123,"HP PIPING SOLUTIONS, LLC"
12124,"WESTPORT FUEL SYSTEMS, INC."
12125,STOCK'S GARAGE INC. dba ROCK CITY IRON
12126,VANDERHALL MOTOR WORKS INC
12127,RSSI BARRIERS LLC
12128,WAGNER TRUCKING
12130,"SHARK TRAILERS, LLC"
12131,"JETHEAT, LLC"
12133,AMERICAN SUPER CYCLE
12134,S&S WORLDWIDE
12135,HEFEI LUOBO SAFETY GLASS CO.
12136,KEINO CYCLES LLC
12137,"UNITED TRAILERS, LLC"
12138,"JIANGSU RESHINE AUTO PARTS., LTD."
12139,GENE'S GOLF CARS INC.
12141,"SUFFOLK INTERNATIONAL TRUCK & EQUIPMENT SALES, INC."
12142,"CHONGQING GUANGYU MOTORCYCLE MANUFACTURE CO., LTD."
12143,FOSS DEVELOPING LLC
12144,"FISKER AUTOMOTIVE, INC."
12145,"PENNYLESS, LLC "
12146,"ECO MOTOR COMPANY, INC."
12147,"AZLAND, INC."
12148,Z3 SUPPLY LLC
12149,OMAHA TRACK EQUIPMENT
12150,CHANGZHOU CITY JUFENG VEHICLE LAMP FACTORY
12151,"TAIXING SHI YONGCHENG DYNAMO PLASTIC CO., LTD"
12153,"ZHEJIANG HAOREN ELECTROMECHANICAL CO., LTD"
12154,"BLACK BROTHERS EQUIPMENT SALES, INC."
12155,TAIZHOU XINYI MOTORCYCLES FITTINGS COMPANY
12156,"GATOR MOTO UTILITY VEHICLES & MORE LLC, DBA MOTO ELECTRIC VEHICLES"
12157,"ANHUI ANKAI AUTOMOBILE CO., LTD."
12158,ALLEY RAT CUSTOM CYCLES LLC
12159,WEST SIDE CHOPPERS
12160,TITAN IMPORTS INC. DBA US TITAN INC.
12161,"EYE4DESIGN CONVERSIONS, LLC"
12162,"STRUCTURAL METAL FABRICATORS, INC."
12163,"SUNBELT EQUIPMENT MARKETING, INC."
12164,JINAN DALONG VEHICLE INDUSTRY CO. LTD. (QINGQI GROUP MOTORCYCLE CO. LTD.)
12165,"OLYMPUS TECHNOLOGIES, INC."
12166,"TAIZHOU LUQIAO XIN DA JIN PLASTIC MOULD CO., LTD."
12167,"IMPERIAL AUTO INDUSTRIES, LTD."
12168,ALL STAR TRAILERS
12169,"JRS CUSTOM FABRICATION, INC."
12170,MISSION MOTOR COMPANY
12171,"LONE WOLF CUSTOMS, L.L.C."
12172,"HARRIS WASTE MANAGEMENT GROUP, INC."
12173,"C&B QUALITY TRAILER WORKS, INC."
12174,G & G FAB
12175,"FABWELD, INC."
12176,5274398 Manitoba Ltd
12177,MARREL CORPORATION
12178,"S & C TRAILER SALES & MANUFACTURER, LLC"
12179,THE HOG FARM
12180,NEXGEN INNOVATIONS LLC
12181,"EVERGREEN OFF ROAD CAMPERS, LLC"
12182,ORBIT BABY INC.
12183,"RED OAK MFG., INC."
12184,A-1 LIMO DEPOT
12185,COLUMBUS TRADING-PARTNERS
12186,UTILITYMATE LLC.
12187,LOW SPEED VEHICLES BY HARLINGEN GOLF ALA CART
12188,"CARGO HUTCH, INC."
12189,"ALLIED MANUFACTURING, INC."
12190,C.C. TRAILERS INC. DBA CUSTOM CABS & TRAILERS
12191,"DTP MUSCLE, LLC "
12192,TRAIL ONE LLC
12193,"LOYALTY MOBILE INNOVATIONS, INC."
12194,STEHL TOW
12195,"LIMO LAND, INC."
12196,PROGRESS SOLAR SOLUTIONS
12197,MOR/RYDE INTERNATIONAL
12198,PRAIRIE CREEK MFG. LLC
12199,NATIONAL CUSTOMIZED TRAILERS
12200,REBEL CUSTOM TRAILERS
12201,HAPPY TRAILS TRAILERS LLC
12202,CENTRAL MS CUSTOM BUILT TRAILERS
12203,"SHADOW LITE, INC."
12204,PETERSON TRAILERS
12205,AVERA MOTORS
12206,SAW MANUFACTURING LLC
12207,"FEDERALEAGLE, LLC"
12208,STREET LEGAL CARTZ
12209,AMERICA'S INC.
12210,ZORESCO EQUIPMENT CO
12211,CHESTER'S BUILT TRAILERS
12213,GK MACHINE INC.
12214,"H & H WELDING, LLC"
12215,"RONSON MACHINE & MANUFACTURING, INC."
12216,"PEDAL CRAWLER, LLC"
12217,"AXO SHREDDERS, INC."
12218,"STREATOR INDUSTRIAL HANDLING, INC. "
12219,SUN TRAILERS LLC
12220,"HEXAGON AGILITY, INC."
12222,"FORUM US, INC DBA HAWKER WELL WORKS"
12223,M.A.C. INC.
12224,"QINHUANGDAO XINGLONG WHEELS CO., LTD"
12226,HUTCHINSON POLAND SP Z.O.O.
12227,"BIKETOO, INC."
12228,BAY WELDING SERVICES INC.
12229,"HUAIBEI WANYUAN INDUSTRY & TRADE CO., LTD"
12230,"KLINGER TRAILER, INC."
12231,"DESCO MFG., INC."
12232,"CHANGZHOU GUOSHI VEHICLE FITTINGS CO., LTD"
12234,"LIAN YUNGANG GEMSY HEAVY INDUSTRY EQUIPMENT CO., LTD."
12235,"GRAND DESIGN RV, LLC"
12236,"ARIA GROUP, INC."
12238,MOHAWK VALLEY WELDING & STAINLESS STEEL
12239,BREWER AUTOMOTIVE EQUIPMENT
12240,NOSSO AUTOMOTIVE
12241,"PEACH STATE AMBULANCE, INC."
12242,"GROTE INDUSTRIES, LLC"
12243,"WALINGA USA, INC."
12244,3M COMPANY
12245,TIMBERY LLC
12246,"OPTIMUM COMPOSITE TECHNOLOGIES, LLC"
12247,"COHEN METALS GROUP, LLC"
12248,"C & J SERVICES & SUPPLIES, INC."
12249,"LUMA INDUSTRIAS, S.A."
12250,URWAY FABRICATION LLC
12251,LOCATION WATER SYSTEMS LLC
12252,ENDURAPLAS LLC
12253,CHANGZHOU LIN ZHI BULB FACTORY
12254,"JIAXING GUANGTAI LIGHTING CO., LTD."
12256,"TRUCK EQUIPMENT AND CRANE SOLUTIONS, INC."
12257,RVC TRAILERS
12258,ORICA USA INC.
12259,BLUERIDGE TRAILERS INC.
12260,BLUERIDGE EXOTIC TRANSPORT LTD
12261,TRIPLE B AUTOMOTIVE INC.
12262,"JP RV'S REPO DEPOT, LLC"
12263,"ABSOLUTE TRAILER SALES, INC."
12264,WOLVERINE TRAILERS LLC
12265,"DELL RAPIDS CUSTOM TRAILERS, INC."
12266,"INGENIERIA Y MAQUINARIA DE GUADALUPE, S.A. DE C.V."
12267,"FLEX TEMP SYSTEMS, LLC"
12268,FONTAINE COMMERCIAL TRAILER INC.
12269,FONTAINE Heavy Haul
12270,Fontaine Military Products
12272,ALLEGHENY FORD TRUCK SALES INC
12275,"AMERICAN RACING EQUIPMENT, INC."
12278,AURANCO
12279,AUTOCAR LLC
12281,"BAD ISLAND TOYZ, CA"
12282,BALLARD POWER SYSTEMS INC
12283,"BIG TEX TRAILER WORLD, INC."
12285,"BLUE RIDGE LOG CABINS, INC."
12286,"BOAT MATE TRAILERS, INC."
12287,C&K SPORT INDUSTRIES LLC
12288,CHAMPION TRAILERS INC
12291,CHEMICAL CONTAINERS INC.
12293,"CHONGQING ASTRONAUTIC BASHAN MOTORCYCLE MANUFACTURING CO., LTD."
12294,"CHONGQING KAIER MOTORCYCLE MANUFACTURING CO.,"
12298,CONNECTICUT EQUIPMENT SALES CO.
12301,"CUMMINS ENGINE COMPANY, INC."
12302,"DADON CORP "
12303,DAIMLER CHRYSLER
12306,"DANYANG TIANJU LAMP INDUSTRIAL CO., LTD"
12307,"DOOSAN BOBCAT NORTH AMERICA, INC."
12314,GOODBRAND ENTERPRISES LLC
12317,"GUANGZHOU ZHIHUA REARVIEW MIRROR MANUFACTURE CO., LTD."
12318,"HAMPTON ROADS MOBILITY, INC."
12321,HEARTLANND MOTORCYCLE COMPANY
12323,HEMPHILL CORPORATION
12324,HILINE CARTS & CARS INC.
12326,HYDE EQUIPMENT COMPANY
12329,INTERCON TRUCK EQUIPMENT INC
12330,"INTREPID CYCLES, INC."
12331,"IRBIT MOTORWORKS OF AMERICA, INC."
12332,"IZUMI MOTOR CO., LTD."
12335,KENCO ENGINEERING
12343,"LUX CO., INC. (THE)"
12348,"MCCROCKLIN FORD SALES, INC., DBA MCCROCKLIN FORD MOBILITY"
12349,MEGA CORPORATION INC
12350,MIDWAY FORD TRUCK CENTER
12351,MIDWEST INTERNATIONAL
12353,"MIDWEST MOBILE TECHNOLOGIES,INC."
12354,NEW COVENANT MFG. L.L.C.
12355,"NINGBO SHENFENG AUTOMOTIVE BRAKE SYSTEM CO., LTD"
12356,"NINGBO SHENFENG AUTOPARTS CO., LTD."
12357,"OEM SYSTEMS, INC."
12365,"PLOARIS IND. INC. , VICTORY MOTORCYCLES USA"
12366,STEELFAB  MFG LLC
12368,"REDI-HAUL TRAILERS, INC."
12369,REGEGADE CABINETRY & CONVERSIONS INC.
12370,ROCKET SUPPLY INC
12374,RPM HOLDINGS GROUP LLC
12375,SHADOW INTERIORS
12377,"SHANGHAI FU QUAN AUTOMOBILE MANUFACTORY CO., LTD."
12379,SHANGHAI ULTRA VEHICLE PARTS CO. LTD.
12381,SKYLIFT
12383,STRAIT-STOP MANUFACTURING COMPANY
12385,SUNBEAM MOTORSPORTS INC.
12388,"TEREX-TELELECT, INC."
12389,"TEXAS PRECISION MANUFACTURING, INC."
12392,TIFFIN MOTOR HOMES INC.
12393,TIM NOBLES TRAILERS INC.
12394,TRELAN MANUFACTURING
12395,TRIXMOTIVE LIMOUSINES & CUSTOM VEHICLES DBA MOONLIGHT INDUSTRIES
12396,TXC MFG. CO.
12397,"T.Y.C BROTHER INDUSTRIAL CO., LTD."
12398,UNIROYAL COACH
12400,VALLEY FAB AND EQUIPMENT INC.
12401,VAN STOP INC.
12402,"VERSALIFT EAST, LLC. "
12408,"YONGKANG HENGSHUN MACHINERY TOOL CO., LTD."
12409,"YUE QING JIXIANG MOTORCYCLE FITTINGS CO., LTD."
12410,ZEXEL CORPORATION
12412,EAST TENNESSEE TRAILERS LLC
12413,EAST TEXAS LONGHORN TRAILERS LLC
12414,ENTERPRISE TRUCK & TRAILER SALES IN
12415,"ENTERTAINMENT COACHES OF AMERICA, INC."
12417,ENV INC.
12419,"ENVASES DE ACERO, S.A. DE C.V."
12420,"ENVIROTECH FABRICATION, LLC"
12421,EQUIP MANUFACTURING INC
12422,JAMES WELDING & ENG. CO. INC.
12423,JANCO ENTERPRISES INC
12424,JANCO TRAILER MANUFACTURING
12425,"S&R MANUFACTURING, INC. DBA RELIANCE TRAILERS"
12426,JANMEL & SON BODY CO.
12427,"E-Z RIDE VANS, INC."
12428,E-Z-TOW FABRICATIONS
12429,"E. BERGMAN COMPANY, INC."
12430,E. HOIBY BODY CO.
12431,"E. LEHNERT & SONS, INC."
12432,E. PFAFFMAN MFG. COMPANY
12433,"E. T. JONES ENTERPRISES, INC."
12434,E.D. ETNYRE & CO
12435,E.F. CRAVEN COMPANY
12436,E.R. RUSKE DISTRIBUTING COMPANY
12437,E.T. SERVICES
12438,GROV 'LANDER TRAILERS
12439,GROVE MANUFACTURING CO.
12440,GROVE MANUFACTURING COMPANY
12441,G.R.P FIBERGLASS LIMITED
12442,GRT UTILICORP
12443,GRT UTILICORP INC
12444,"GRUBB TRAILERS, INC."
12445,"GRUMMAN ALLIED INDUSTRIES, INC."
12446,GRUMMAN OLSON INDUSTRIES INC.
12447,GRUMPYS CUSTOM MOTORCYCLES INC.
12448,"GT MFG., INC"
12449,G.T.E TELEPHONE OPERARTIONS NORTH AREA
12452,GUASTI TRAILERS
12454,HORST ROAD REPAIR LLC
12455,"HORTON HOMES, INC."
12456,HOSKING TRAILERS LIMITED
12458,HOSS CUSTOM TRAILERS
12459,"HOST INDUSTRIES, INC."
12460,HOT CARTS INC
12461,HOT SPRINGS PERFORMANCE TRAILERS
12462,HOUSBY MACK INC.
12463,"HOUSBY MIXER GROUP, LLC"
12464,HOUSE OF CHOPPERZ
12465,HOWE BROTHERS INC.
12466,"HOWE FIRE APPARATUS,CO., INC."
12467,"HRDRA-TECH, INC"
12468,"HTS CONVERSIONS, INC."
12469,"HUDSON BROTHERS TRAILER MFG., INC."
12470,"HUDSON COUNTY MOTORS, INC."
12471,HUDSON LAMP COMPANY
12472,HUESMAN ENTERPRISES INC
12473,HUGHES SPRINGS CUSTOM TRAILERS
12474,CHENGFEI MOTORCYCLE MANUFACTURING COMPANY LTD
12476,DAKOTA CORPORATION
12477,"DAKOTA LITEHOUSE, LLC"
12481,FORTUNESPORT
12482,FOTO-GRAFIX INDUSTRIES
12483,FOUR WINDS INTERNATIONAL
12486,FOX & JAMES WHITE TRUCK CO.
12487,"FOX FIRE, INC."
12488,FOX TRAILERS INC
12489,INTEGRITY TRAILERS
12490,INTER PIPE INC.
12491,INTERCONTINENTAL TRUCK BODY LTD
12492,INTERMOUNTAIN RV INC
12493,INTERNATION HARVESTER COMPANY
12494,"INTERNATIONAL DESIGN & MANUFACTURING, LLC"
12495,INTERNATIONAL EQUIPMENT MFG. CO.
12496,INTERNATIONAL LTD. INC.
12497,INTERNATIONAL MOBILITY PRODUCTS
12499,INTERNATIONAL STRUCTURES L.L.C.
12501,INTERNATIONAL TRAILERS INC
12502,"INTERNATIONAL TRANSIT SYSTEMS, LTD."
12504,INTERNATIONAL VEHICLES CORPORATION
12506,INTERSTATE EQUIPMENT INC.
12507,INTERSTATE MANUFACTURING CO
12508,INTERSTATE TRAILER & EQUIPMENT
12509,INTERSTATE TRAILERS
12510,INTERSTATE TRUCK EQUIPMENT
12511,INTERWEST LTD
12512,INVADER COACH MANUFACTURING INC.
12513,"GULL WING INDUSTRIES, INC."
12514,"GULLWING INTERNATIONAL MOTORS, LTD."
12516,"GUNDERSON WHITE TRUCKS, INC."
12517,"A.Y. MCDONALD MFG., CO."
12518,AAA CRANE
12519,"AAA TRAILER REPAIR, INC."
12520,"AAD WELDING, INC."
12521,"AAPEX TRAILERS, INC."
12522,AAR WELDING INC
12523,"AB'S WELDING & FABRICATING, INC."
12524,HALLMON INC.
12525,HALS-EZ MFG.
12526,"WHEEL PROS LLC "
12527,AMERICAN RECREATION INDUSTRTIES INC
12528,AMERICAN SAFETY EQP. CORP.
12529,"AMERICAN SPIRIT MFG., INC."
12530,AMERICAN STEEL V-TWIN
12531,"AMERICAN SUNDIRO, INC."
12532,"EQUIQUEST HORSE TRAILERS, INC."
12533,EQWEST MANUFACTURING
12536,"ERIE DIESEL & TRUCK SERVICE, INC."
12537,ERLINDER MFG. COMPANY
12538,ERNEST HOLMES COMPANY
12539,"ERSKINE & SON'S , INC"
12541,ESARATI ELECTRIC TECHNOLOGIES CORP.
12542,"ESCAPADE TRAILER, INC."
12545,ESCOBAR TRUCK EQUIPMENT CORP.
12546,ESCORT TRAILER CORPORATION
12547,"ESQUIRE, INC,"
12548,"ESQUIRE, INC."
12549,HEAVY HAULER TRUCKS AND EQUIPMENT
12550,HEAVY METAL CUSTOM CYCLE'S
12551,HEF-T TRAILER MFG
12552,HEHR INTERNATIONAL INC.
12554,HEIL EQUIPMENT CO. OF PHILADELPHIA
12555,"HEIL EQUIPMENT CO., INC."
12556,HUNT-PIERCE CORPORATION
12557,HUNTER TECHNOLOGY INC.
12558,"HURD'S CUSTOM MACHINERY, INC."
12559,HURLEY ENGINE SERVICE CO INC
12560,HURST TRAILERS
12561,"BELL MACHINE & FABRICATION, INC."
12562,BELL MACHINE AND WELDING
12563,BELL MFG. CORPORATION
12564,"BELL POWER SYSTEMS, INC."
12565,BELMONT MACHINE
12566,BEN HUNT MFG. CO.
12567,"BEN WILLIAMS EQUIPMENT CO., INC."
12568,"BENCO EQUIPMENT CO., INC."
12569,BEND RITE CUSTOM FABRICATION INC
12570,BENDIX
12571,"BENDIX HOME SYSTEMS, INC."
12573,BENNETT ENTERPRISES
12574,"BENNETT TRUCK EQUIPMENT, INC."
12575,"BENO TRUCK EQUIPMENT CO., INC."
12576,BENTECH INDUSTRIES
12578,BENTLEY INDUSTRIES LLC
12579,BENTON COUNTY FIRE PROTECTION DISTRICT #2
12580,BENTZ TRANSPORT PRODUCTIONS INC
12582,BERG'S TRUCK BODIES & TRAILERS
12583,BERGEY'S GMC WHITEGMC INC
12585,BERING TRUCK CORPORATION
12586,"IOWA TRUCK CENTER, INC."
12587,IRABAK & COMPANY
12588,"IRBIT MOTORWORKS OF AMERICA, INC. HDQTRS for"
12589,"CLEVELAND T-TRIKE MANUFACTURING, INC."
12590,"CLIFF'S WELDING SERVICE, INC."
12591,"CLIFF'S WELDING SERVICE, LLC"
12592,CLIFFSIDE BODY CORPORATION
12593,BEST BUILT HOMES
12595,"HAMLIN TRUCK & BODY CO., INC."
12596,HAMPTON AMUSEMENT RIDES LLC
12597,HAN-MADE MANUFACTURING L.L.C.
12598,FIBER PULLING EQUIPMENT INC
12599,IRI INTERNATIONAL CORPORATION
12600,IRISBUS FRANCE
12602,"IRIZAR,S.COOP"
12603,"IRL DAFFIN ASSOCIATES, INCORPORATED"
12604,"EAGLE IRON TRAILERS, INC."
12605,BOONE'S MACHINE & FABRICATION
12606,BOOTH SPECIALTY MANUFACTURING
12607,BOOTH-ROUSE EQUIPMENT
12608,CHARLES P. SIEBERT
12609,"BORBEIN, YOUNG & COMPANY"
12610,BOSS HOSS CYCLES LLC
12611,BOSTON STEEL & MFG. CO.
12612,"BOSWELL CAMPER INDUSTRIES, INC."
12613,"BOULDING & LAWSON, INC."
12614,BOVINE PEDICURE INDUSTRIES
12615,BOWES SEAL FAST CORPORATION
12616,"BOWMAN MANUFACTURING COMPANY, INC."
12617,BOXED UTILITY TRAILER TECHNOLOGIES
12618,BOYDSTUN METAL WORKS
12619,"BOYERTOWN AUTO BODY WORKS, INC."
12620,BRAD RAGAN INC. (PIEDMONT SERVICE T
12621,BRADFORD BUILT INC
12622,BRAKE & ELECTRIC SALES CORPORATION
12623,"BRAKE & EQUIPMENT CO., INC."
12624,BRAKE SERVICE & PARTS
12625,"BRAKE SERVICE & PARTS, INC."
12626,"BRANCA BROS., INC."
12627,BRANDT INDUSTRIES CANADA LTD.
12628,EXPRESS SERVICES
12629,HI-LO TRAILER CO.
12630,"HI-RANGER, INC."
12632,HI-TECH EMERGENCY VEHICLE SERVICE INC.
12633,HI-TECH FABRICATORS INC
12634,HI-V INC.
12638,"HI-WAY TRUCK EQUIPMENT, INC."
12639,"HI-WAY, INC."
12640,HIAWATHA MOBILE HOMES
12641,"HIBBARD TRUCK BODY WORKS, INC."
12642,HICKLIN ENGINEERING
12643,HICKORY WHITE TRUCKS INC.
12644,HIDDENITE METAL PRODUCTS INC
12646,HIDE-A-WAY
12647,"HIGH COUNTRY ALUMINUM PRODUCTS, LLC."
12648,"HIGH COUNTRY DEVELOPERS, INC."
12649,HIGH DESERT DESIGNS INC.
12650,HIGH LONESOME HOTRODS
12651,"HIGH TORQUE MARINE, INC."
12652,"HIGHWAY MOTORS, INC."
12653,"HILL WHITE TRUCK SALES, INC."
12654,"HILLLSBORO FORD, INC."
12655,HILLS BRAKE & EQUIPMENT
12656,BERKELMANS WELDING AND MFG INC
12657,"BERMAN WHITE, INC."
12658,"BERSHIRE GMC, INC."
12659,"CENTRAL GLASS PRODUCTS CO., LTD."
12660,CENTRAL MINE EQUIPMENT COMPANY
12661,"CENTRAL MISSOURI WHITE TRUCKS, INC."
12662,CENTRAL PARTS WELDING LLC
12663,"CENTRAL STATES FIRE APPARATUS, INC."
12664,"CENTRAL STATES TOOL & DIE WORKS,INC"
12665,"CENTRAL STATES TOOL, ENGINE & EQUIPment Co., Inc."
12666,CENTRAL TRAILER CORP.
12667,CENWELD CORPORATION
12668,"COUPLERS, INC."
12669,COURTNEY BERG INDUSTRIES LTD
12670,"COVENTRY CONVERSIONS, INC."
12671,E-TEC INC.
12673,"E-VANS, INC."
12675,E-Z DUMPER PRODUCTS
12676,E-Z PULL INC
12677,E-Z PULL TRAILER MFG. & SALES
12678,E-Z PULL TRAILERS LLC
12679,BAKER EQUIPMENT ENGINEERING CO.
12683,BAKER EQUIPMENT ENGINEERING COMPANY
12684,BALDOR GENERATORS
12685,BALES EQUIPMENT TRAILERS L.L.C.
12686,BALLOON ON WHEELS
12687,"BALTIC INDUSTRIES, INC."
12688,"BAMA TRUCK & FARM EQUIP., CO., INC."
12689,BANDY TRAILERS
12691,BANNER HOMES CORP.
12698,"COACHMEN INDUSTRIES, INC."
12701,COAST CITIES TRUCK SALES
12702,COAST COUNTIES TRUCK & EQUIPMENT CO
12703,"COASTAL  METAL FAB, INC."
12706,EQUIPMENT RENTAL CO
12707,EQUIPMENT SALES COMPANY INCORPATED
12708,"BIGSON II, LLC dba Equipment Service"
12709,"EQUIPMENT TECHNOLOGY, INC."
12710,CRARY A DIV OF TERRAMARC INDUSTRIES INC.
12711,"CREATE A CUSTOM CYCLE, LLC"
12712,CREATIVE CUSTOM MANUFACTURING
12713,CREATIVE CYCLES INC.
12714,"CREATIVE TUBES, LLC"
12715,CREEDBILT
12716,CREEK HILL WELDING
12717,CREEKSIDE WELDING & JAMAR TRAILERS
12718,CRENSHAW CORPORATION
12719,"CRES TRUCK EQUIPMENT CO., INC."
12720,CRESCENT CRUISER COMPANY
12721,"CRESCENT FORD TRUCK SALES, INC."
12723,CREST TRUCK EQUIPMENT CO INC
12724,READING TRUCK EQUIPMENT LLC
12725,"CREST TRUCK EQUIPMENT CO., INC."
12726,CRESTLINER INC.
12727,"INNOVATIVE CONTROL, LLC DBA CRIMINALISTICS, INC."
12728,CRITZER EQUIPMENT COMPANY
12729,"CROFT TRAILER SUPPLY, INC"
12730,CROSLEY CORPORATION
12731,"CROSLEY TRAILERS, INC."
12733,"CROSS COUNTRY VANS, INC."
12734,"CROSS LANDER OF NORTH AMERICA, INC."
12735,"CROSS LANDER U.S.A., INC."
12736,"CROSS MANUFACTURING, LLC"
12737,"CROSS TRUCK EQUIPMENT CO., INC."
12741,"HOLMES ENTERPRISES, INC."
12742,HOLMES INTERNATIONAL INC.
12743,"HOLSCLAW BROS., INC."
12744,HOLT SALES AND SERVICE
12745,"HOLT SPECIALTY EQUIPMENT, INC."
12746,"HOLT TRAILER MFG. & SALES, LLC"
12747,"HOLT WHITE TRUCKS, INCORPORATED"
12748,HOLTE TRUCK EQUIPMENT & BODY CO INC
12751,HANMAR MOTOR CORPORATION
12752,HOME MANUFACTURING
12753,HOMECO MANUFACTURED HOUSING
12754,HOMESTEADER LLC
12755,BACKYARD TRAILER SALES
12756,BAD ASS CHOPPERS
12757,"BADDORF & SONS, INC."
12758,CHEROKEE TRUCK EQUIPMENT
12759,CHESAPEAKE CLASSICS
12760,CHESLEY CO.
12761,CHEVRON/CHRYSTAR
12762,"CHEYENNE MFG., CO."
12764,"CHICKASHA SUPERIOR COACH, INC."
12765,"CHIEF INDUSTRIES, INC."
12766,CHIEF SALES CO.
12767,"HOBBS EQUIPMENT CO., INC."
12768,"HODGES TIRE & WHITE TRUCK, INC."
12769,HOEKSTRA TRUCK EQUIPMENT CO INC
12770,HOENER EQUIPMENT CO.
12771,HOG HAULER INC
12772,HOG WILD TRAILER COMPANY
12773,HOGAN TRANSPORTATION EQUIPMENT INC.
12774,"EASTERN WRECKER SALES, INC."
12775,"EASTERN, INC."
12776,EASTMOND TRAILER COMPANY
12777,"EASTON MACK TRUCK SALES, INC."
12779,"EASY TIME TRAILERS, INC."
12780,EASYSTREET
12781,AVCO RECREATIONAL VEHICLES
12782,AVENGER CHASSIS
12783,AVENGER CORPORATION
12784,AVESCO WELDING & FABRICATION
12785,AVIATOR
12786,AVIATOR VAN CONVERSIONS
12787,AVION COACH CORPORATION
12788,"AWESOME V8  CYCLES, LLC"
12789,AXIS PRODUCTS INC
12790,AXLE & EQUIPMENT SALES CO.
12791,AZ-TEX TRAILER MFG.
12792,AZIMUTH INC.
12793,AZTEC CONVERSIONS CORP.
12794,"AZTEC PRODUCTS, INC."
12795,AZTEC TRADING CO
12796,B & B ENTERPRISES
12797,B & B FABRICATORS
12798,B & B INDUSTRIES
12799,B & B TRAILERS
12800,B & E TRAILER SALES INC
12801,B & G SUPPLY
12802,B & L TRAILER MANUFACTURER
12805,COLLINS TRAILERS
12806,COLMAN EQUIPMENT CO
12810,ESTABLISHMENT INDUSTRIES INC.
12811,ESTES MACHINE CO.
12813,"ETHER ENTERPRISES, INC."
12814,ETI ELECTRIC TRANSIT INC
12815,ETL EQUIPMENT SALES & SERVICE
12816,ETNOM CORPORATION
12818,EURO-LINER LLC
12820,"EUROPA INTERNATIONAL, INC."
12821,"EVANS-PLUGGE COMPANY, INC."
12822,EVANSVILLE TRUCK EQUIPMENT INC.
12823,EVERGREEN TRUCK EQUIPMENT COMPANY
12824,EVERYTHING MARINE USA
12825,EVEX SERVICES
12826,"EMERGENCY VEHICLE FABRICATORS, INC. DBA E.V.F."
12827,"EVRIDGE TRAILER CO., INC."
12828,"EVT TECHNOLOGY CO., LTD."
12829,EWELL EQUIPMENT CO.
12830,HUGHES TOOL COMPANY
12831,HUGHES TRAILER WORKS
12832,HUGHES TRAILERS MANUFACTURING AND SALES L.L.C.
12833,HULET BODY COMPANY
12834,BRISTOL IRON WORKS
12835,BRITISH LEYLAND MOTORS INC.
12836,BRNERAL RICH ENTERPRISE
12837,BROADNAX WHITE TRUCK CO.
12838,"BROADWAY FORD TRUCK SALES, INC."
12839,BROCKHOFF MANUFACTURING
12840,CAMPBELL & KELLY INC
12841,CAMPBELL EQUIPMENT COMPANY
12842,CAMPBELL TRAILERS
12843,"CEI MANUFACTURING "
12844,"CANADIAN BLUE BIRD COACH, LTD."
12845,CANCADE COMPANY LIMITED
12846,CANFIELD EQUIPMENT SERVICE INC
12847,"CANNON ENGINEERING & EQUIPMENT CO, LLC"
12849,DILEMA TRAILERS
12850,DINA AUTOBUSES
12851,"DINGELDEIN INTERNATIONAL, INC."
12852,DIRECT SALES
12853,DISEL SERVICE UNIT COMPANY
12855,CHARLES MACHINE WORKS
12856,DIVELY MFG CO INC
12857,"DIVERSIFIED  METALS, INC."
12858,"DIVERSIFIED EQUIPMENT SALES & SERVICES, INC."
12859,"DIVERSIFIED MOBILE PRODUCTS, INC."
12860,DIVERSIFIED SERVICE
12861,"Diversified Truck & Trailer, Inc. "
12863,"DIXIE TRAILER EQUIPMENT MFG., INC."
12864,DIXIE VANS
12865,DIXIE VANS INC.
12866,DIXON TRAILERS & FABRICATION LLC
12868,DJ SAFETY INC.
12869,DMC FIVE STAR TRAILERS
12870,DMC INC
12871,DNA ENTERPRISES INC
12872,DNA SPECIALTY INC.
12873,GIANT MANUFACTURING COMPANY
12874,"GIDDINGS MACHINE COMPANY, INC."
12875,GILCREST EQUIPMENT CO
12876,"GILES MACHINERY COMPANY, INC."
12877,"GILES RV, LLC."
12878,GILLESPIE WELDING AND FABRICATION
12879,GILMORE TRAILER MFG
12880,GILOMEN TRUCK & EQUIPMENT INC.
12881,GINDER HYDRAULIC & MACHINE SHOP
12882,GINDY MFG. CORPORATION
12884,"A Girardin inc. "
12886,GIROUX SPEED & MARINE
12887,GIVCO CUSTOM TRAILERS
12890,"GLADIATOR CUSTOM TRAILERS, INC."
12891,"GLADIATOR,INC."
12892,GLADISH TRUCK EQUIPMENT COMPANY
12893,"GLASSIC MOTOR CAR COMPANY, INC."
12894,GLAVAL CORP.
12895,GLAVAL INC.
12896,GLAVAL MFG. CORP
12897,"GLEN TRUCK SALES & SERVICE, INC."
12898,GLIDEWELL TRAILER SALES
12900,"GLOBAL FACTORY PRODUCTS, INC"
12901,GLOBAL VANS
12902,GM DAEWOO AUTO & TECHNOLOGY COMPANY
12903,"GMC SEARCY TRUCKS, INC."
12904,"GMR ENTERPRISES, INC"
12905,GO VACATION INDUSTRIES LTD.
12907,EXCEL TRAILER COMPANY INC
12908,"BOONE TRAILERS, INC."
12909,CRYOGENIC VESSEL ALTERNATIVES (CVA)
12910,CSL EQUIPMENT COMPANY
12912,CTI INC.
12914,HERCULES MANUFACTURING CO.
12916,"HERCULES TRAILERS, INC."
12919,"FISHER BODY CO, DIVISION OF FISHER"
12920,"FISK TANK CARRIER, INC."
12921,FITZGERALD WELDING & TRUCK EQUIP.
12923,FIVE STAR MANUFACTURING INC
12924,FLAC INDUSTRIES INC.
12926,FLACK EQUIPMENT COMPANY
12927,FLARE MFG. INC.
12928,"FLATHEAD POWER USA, INC."
12929,FLEERWOOD TRAVEL TRAILERS OF TX #40
12930,"FLEET AIR WORLDWIDE, INC."
12931,FLEET EQUIPMENT COMPANY
12932,"SPECIALTY VEHICLES SOUTHEAST, INC."
12933,FLEETWING TRAVELER INC.
12936,"FLEETWOOD ENTERPRISES, INC."
12937,"FLEETWOOD FOLDING TRAILER, INC."
12939,"FLEETWOOD MOTOR HOMES OF CA, INC"
12940,"FLEETWOOD MOTOR HOMES OF CA,INC #30"
12941,"FLEETWOOD MOTOR HOMES OF CA,INC #47"
12943,"FULTON WHITE TRUCK CO., INC."
12944,FUN SLIDES INC
12945,"FUN TECH INDUSTRIES, INC."
12946,FUNTEC INC
12947,FUOR HORSEMAN MOTOR
12948,FUTURE HOME TECHNOLOGY
12949,FUTURE VANS
12950,FWD CORPORATION
12951,FWD TRUCKS & EQUIPMENT
12953,"FWT, INC."
12955,FYRBERG WELDING
12956,"G & C, INC."
12957,G PAOLETTI CO. INC.
12958,GODMUDDER'S CUSTOM TRUCK MANUFACTURING
12959,"GOLD EAGLE PRODUCTS COMPANY, INC."
12960,GOLD RUSH INC.
12961,COVENTRY VANS EAST INC.
12962,"COVENTRY VANS, INC."
12964,COWBOY CONVERSION INC.
12965,COWBOY FABRICATION CO
12967,"G.V. INDUSTRIES, INC."
12968,G.W. FABRICATION L.L.C.
12970,G.W. TAYLOR TANK CO.
12971,GABILAN WELDING INC.
12972,GAGNON TRAILERS
12973,GALAXY TRAILER MFG
12974,IRON EAGLE MOTORCYCLES
12975,IRON HORSE TRIKE WORKS
12976,IRON MAN WELDING
12977,J&M FABRICATION
12980,J & S CONTRACTORS
12981,J & S TRAILER SALES
12982,J & W FABRICATION
12983,"HANG TIME, INC."
12984,HANK N SONS
12986,HANNIGAN FAIRING CO LTD
12987,HANSEN OIL EQUIPMENT
12988,"HAPPY CAMPERS RV SPECIALISTS, INC"
12989,HAPPY TIMES INC.
12990,COMPETITIVE BOAT TRAILERS
12991,COMPLETE COACH WORKS
12992,"COMPLIMENT CONVERSIONS, INC"
12994,COMPTANK CORPORATION
12995,"COMPUTER DESIGNED CHASSIS, INC."
12996,"Peterbilt of Cleveland, Inc. dba Express Truck Repair"
12997,"EXPRESS WELDING, INC. (FORMERLY EXPRESS WELDING, EXPRESS WELDING CO.)"
12998,EXTREME CLASSIC TRAILERS INC
13000,"EXTREME ENGINEERING "
13001,EXTREME RVS LLC
13002,EXTREME WELDING
13003,EXXISS ALUMINUM TRAILERS
13005,"EZ DRAW TRAILERS, INC"
13008,EZ LOADER CUSTOM BOAT TRAILERS INC.
13009,F.A. LONG COMPANY
13010,F.B. HART COMPANY
13011,F.L. JURSIK COMPANY
13012,"F.M.G. CONVERSIONS, INC."
13013,"F.P. RIESTER, INC."
13014,FAB METALS INC.
13015,FONTAINE SPECIALIZED
13016,FONTAINE TRUCK EQUIPMENT CO.
13017,FORCE MANUFACTURING
13018,"FORCE MANUFACTURING, INC."
13020,FORD BODY COMPANY INC.
13021,"FORD BODY COMPANY, INC."
13022,"FORD BROTHERS BODY WORKS, INC."
13023,G&C INC
13024,"G&H WELDING, INC."
13025,G&W BODY WORKS
13026,BADGER BODY AND TRUCK EQUIPMENT CO.
13027,BADGER UTILITY INC
13028,BADGERLAND TRUCK REPAIR INC
13029,BAGLEY INC
13031,BAILEY SALES & SERVICE INC.
13032,BAILLIE DIESEL INC
13033,BAJA STEEL INC.
13034,BAJAJ AUTO LTD
13036,HVL EQUIP CORP
13039,"HYDRA TECH., INC."
13040,HYDRAULIC MOBILE CARRIER
13041,"HYDRAULICS UNLIMITED MFG. CO., INC."
13042,HYLAND MANUFACTURING INC.
13043,HYMER MANUFACTURING INC.
13044,BLOCKBUSTER INC.
13045,"BLOOMER TRAILER MFG., INC."
13046,"BLOOMFIELD CUSTOM FABRICATION, INC."
13048,BLUE COYOTE CO
13050,"BLUE LAKE INDUSTRIES, INC."
13051,BLUE RIDGE MANUFACTURING
13052,"BLUE ROCK MFG, LLC"
13053,BLUE STREAK WELDING
13054,BLUE THUNDER CUSTOM MOTORCYCLES INC
13055,BLUEGRASS INDUSTRIES INC
13056,BLUEGRASS TANK & EQUIPMENT INC
13057,"BLUEGRASS TRUCKS, INC."
13058,BLUELINE MANUFACTURING COMPANY
13059,BLUERIDGE TRAILER
13060,BLUESTREAK MANUFACTURING LLC
13061,BLUM TRAILERS
13062,BMC MOTORCYCLE CO.
13063,"BME ENGINEERING, INC."
13064,BMF TRAILER WORKS LLC
13065,BO MANUFACTURING
13066,"BOA-MACK, INC."
13067,BOAR MOTOR CORPORATION
13068,"BOATMATE TRAILERS, INC."
13070,BOB BOERSMA CO.
13071,BOB GERENA FABRICATING INC.
13072,BOB'S AUTO SERVICE INC.
13073,ADVANCED DIRECTIONAL DRILLING SYS. INC.
13074,"ADVANCED MANUFACTURING & POWER SYSTEMS, INC."
13075,ADVANCED METALCRAFT & CO.
13077,"ADVANCED TANK SYSTENS, INC."
13078,ADVANCED TRAILER SERVICE INC
13079,ADVANCED TRAILER SYSTEMS
13080,ADVANCED TRANS. TECH. INC.
13081,ADVANCED TRANSPORTATION TECHNOLOGY R&D CO.
13082,ADVANCED TRUCK BODY & EQUIPMENT CO.
13083,"ADVANCED WHEELS OF TECHNOLOGY, INC."
13084,ADVANTAGE CORPORATION
13085,ADVANTAGE CORPORATION SOUTH-WEST
13086,"ADVANTAGE ENTERPRISES, INC."
13087,ADVANTAGE WEST
13088,AE TRUCK EQUIPMENT CO INC
13089,AEC ENTERPRISES INC
13090,"AERIAL LIFT, INC"
13091,AERO LIFT
13092,AERO VANS INC.
13093,AEROGLAS
13094,AEROLITE INC.
13095,AEROSWINT TRAILERS
13096,"AG SPRAY EQUIPMENT, INC."
13097,AGRI DRAIN CORPORATION
13098,AGRICULTURAL BELT SERVICE
13099,"AGTEC, INC."
13100,AGVANTAGE MANUFACTURING CORP.
13101,"CAM SUPERLINE, INC."
13102,"CAMCO SALES, INC."
13103,CAMEL MANUFACTURING COMPANY
13104,"CAMELOT CONVERSIONS, INC."
13105,AMH EQUIPMENT INC.
13106,"AMI TRUCK EQUIPment, A Division of Natick Ford Sales"
13107,AMPHI-RANGER-FAHRZEUG GMBH
13108,AMPHIBIAN BOAT TRAILERS INC
13109,AMS INC
13110,AMTHOR INTERNATION INC.
13111,ANAHEIM INDUSTRIES INC
13112,"ANDERSON & SON, INC."
13113,"ANDERSON ENGINEERING CO., INC."
13114,ANDERSON REPAIR
13115,"ANDERSON SERVICE, INC."
13116,ANDREW BILLETS & SON
13117,ANDY'S WELDING
13118,"ANDYS MANUFACTURING, INC."
13119,ANGELUS TRUCK BODIES
13120,ANSTUN CORPORATION
13121,ANTHONY COMPANY
13123,"II STANLEY CO., INC."
13124,"AUTOMATED EQUIPMENT, INC."
13125,AUTOMATED WASTE EQUIPMENT CO INC
13126,AUTOMOBILE TRANSPORT SERVICE
13127,AUTOMOTIVE CONTROLS CORPORATION
13129,AUTOMOTIVE SAFETY INC.
13130,AUTOMOTIVE SERVICE COMPANY
13131,AVANTI MOTOR CORPORATION
13132,"FORKS RV., INC."
13133,"FORREST CATE FORD, INC."
13134,IMDUSTRIAL MANUFACTURING SOLUTIONS INC.
13135,IMMER ENTERPRISES
13136,BODYWORKS EQUIPMENT INC.
13137,BOGGS STEEL FABRICATION INC
13138,BOISE CASCADE CORPORATION
13139,COMMERCIAL MANUFACTURING & INDUSTRIAL
13140,COMMERCIAL MOBILE SYSTEMS
13141,COMMERCIAL TRUCK & BODY SERVICE INC
13142,COMMERCIAL TRUCK BODIES
13143,"COMMERCIAL VEHICLES, INC."
13144,COMPACT EQUIPMENT COMPANY
13145,INGRAM TRUCK BODIES
13146,"INNOVATIVE TRAILERS, INC."
13147,"BIETRIX INDUSTRIES, INC."
13149,BIG A MFG CO
13150,BIG BEAR CHOPPERS
13151,BIG BOAR CUSTOM CYCLES INC.
13152,BIG BOYZ CUSTOM CYCLES
13153,"BIG BUBBA'S TRAILER SALES, INC."
13154,BIG D'S PRODUCTS
13155,BIG DOG MOTORCYCLES
13156,BIG DOG TRAILER CO
13157,BIG E TRAILERS
13158,BIG JOHN'S
13159,"BIG O'S MANUFACTURING, INC."
13160,"BIG SHOT MANUFACTURING, INC."
13161,BIG SMITH SALES & SERVICE
13162,BIG T TRAILERS
13164,BIG TOYS COACHWORKS INC
13165,BIG WEST
13166,BIGFOOT TRAILERS
13167,BIGHEART CRUDE OIL CORPORATION
13169,BIKER BARN CYCLES
13170,BILL AUTO & TRUCK SUPPLY INC
13171,BILL MACHINE & WELDING
13172,BILL TRAILER SALES
13173,BILL YODER JEEP-EAGLE AND R.V.
13174,BILL YODER VANS
13175,BILL'S SAFETY AUTO GLASS AUTO AC
13176,BILL'S WELDING & REPAIR
13177,BRUTE ENGINEERING COMPANY INC
13178,BRYSON MOTORS
13179,"BTM, INC."
13180,BUCHANAN WELDING
13181,"BUCK DANDY CO., INC."
13182,BUCKEYE EQUIPMENT COMPANY
13183,BUCKEYE TRAILER MANUFACTURING
13185,BUCKY'S AUTO SALES INC.
13188,"BUFFALO TRUCK EQUIPERS, INC."
13189,"BUFFALO WHITE TRUCK, INC."
13190,BUFFINGTON MFG
13191,BUGGY EXPRESS
13192,"BUILT WRIGHT, LLC"
13193,BUILTWRIGHT FABRICATION & CONSTRUCT
13194,BULK FABRICATED PRODUCTS
13195,ANTIETAM EQUIPMENT CORP.
13196,ANVIL PRODUCTS CORPORATION
13198,DAVES AUTO SALES
13199,DAVE'S TRAILERS
13201,DAVID KNIGHT'S FAB
13202,"DAVID KNIGHT'S FABRICATION, INC."
13203,DAVID'S WELDING & TRAILER SALES
13204,"DAVIDSON ENTERPRISES, INC."
13205,"DAVIDSON IRON WORKS, INC."
13206,"AINLEY KENNELS & FABRICATION, INC."
13207,AIR BRAKES & CONTROLS OF DC INC.
13208,AIR SENSORS INC
13209,AIRSTREAM BEATRICE FOODS CORP.
13210,AIRTEX PRODUCTS UNITED INC.
13211,"AK ASSOCIARES, LLC d/b/a AK SPECIALTY VEHICLES"
13212,"AL SHAALI MARINE, U.S.A., INC."
13213,CARNAI TRAILERS INC
13214,CARNIK CUSTOM TRAILER COMPANY
13215,INDUSTRIAL MANUFACTURING SOLUTIONS INC
13216,INDUSTRIAL MFG SOLUTIONS INC (IMSI)
13217,INDUSTRIAL PROCESS SERVICES
13218,APOGEE TRAILERS LLC
13219,APOLLO TRAILER COMPANY
13220,APP FORGED WHEELS
13221,"APPALACHIAN MANUFACTURING, INC."
13222,"APPLETON STEEL, INC."
13223,APPLIED CONCEPTS
13224,"APPLIED CONCEPTS, INC."
13225,"APPLIED RESEARCH ASSOCIATES, INC."
13226,AQUACRAFT INC
13227,ARAUCARIA
13228,ARCHIBALD FORD
13229,ARCHOS INC.
13230,ARDON MABILE CORPORATION
13231,AREA TRUCK & TRAILER EQUIPMENT CO.
13232,"ARESENAL TRAILER MANUFACTURING, INC."
13234,ARGO TRAILERS
13235,ARIES SUPPLY AND EQUIPMENT
13239,LIFAN INDUSTRY (GROUP) COMPANY LTD.
13240,CHOPPER WORKS PERFORMANCE MOTORCYCLES
13241,CHRISMAN CORPORATION
13242,"CHRISTOPHER WHITE TRUCK SALES, INC."
13243,CHRONIC CHOPPERS
13244,ECOSSE MOTO WORKS INC
13246,ECSTASY INC.
13247,ECSTASY TRIKES INC
13249,"ECYCLE, INCORPORATED"
13250,"EDDIE INC,"
13251,EDDY MOTORS
13252,EDDY WALKER EQUIPMENT CO.
13253,EDDY-WALKER EQUIPMENT COMPANY
13254,"EDECO-WEST, INC."
13255,EDELMAN METALWORKS
13256,EDGE MANUFACTURING INC.
13257,"EDGE MANUFACTURING, INC."
13258,EDGE RECREATION VEHICLES
13259,EDWARD G. MOODY & SON INC.
13260,"EGO VEHICLES, INC."
13261,EIGHT POINT TRAILER CORPORATION
13262,EKNDALL JOHNSON CUSTOMS
13263,EL DORADO FOUNDRY MACHINE & SUPPLY CO. INC
13264,EL DORADO NATIONAL
13265,EL KAPITAN
13266,"EL KAPITAN VAN CONVERSIONS, INC."
13267,EL PASO TRAILERS
13268,ELAM TRAILERS
13269,ELCO INDUSTRIES LTD
13270,ELDER/QUINN & MCGILL INC.
13272,CUSTOM TANK TECHNOLOGY
13273,CUSTOM TRAILER
13274,CUSTOM WELD TRAILERS
13276,CUSTOM TRAILERS LLC
13277,"CUSTOM TRUCK BODIES, INC."
13278,CUSTOM UTILITY TRAILERS INC
13279,CUSTOM VAN CO.
13280,JANUS FABRICATING INC
13281,JARVIS INDUSTRIES
13282,JAX ENTERPRISES
13283,JAY & KAY MANUFACTURING INC
13285,"C&H WELDING COMPANY, INC."
13286,C AND K SPORT INDUSTRIES LLC
13288,"CAROLINA CUSTOM PRODUCTS, INC. dba S&S MACHINE, INC."
13289,CAROLINA EQUIP. & SUPPLY CO. INC
13290,CAROLINA EQUIPMENT SALES INC
13291,CAROLINA POWER & LIGHT COMPANY
13292,FLEETWOOD TRAVEL TRAILERS OF NE #95
13293,FLEETWOOD TRAVEL TRAILERS OF OH #29
13294,FLEETWOOD TRAVEL TRAILERS OF OR #23
13295,FLEETWOOD TRAVEL TRAILERS OF OR #24
13296,FLEETWOOD TRAVEL TRAILERS OF TX #49
13297,FLEETWOOD TRAVEL TRAILERS OF VA #14
13298,FLESSNER TRUCK EQUIPMENT SALES
13299,FLET HAULERS INC
13300,FLETCHER'S EQUIPMENT
13301,"BURKE'S WELDING, INC."
13302,BURLINGTON FARM MACHINERY CORP.
13304,BURNS MFG.
13305,BURNSVILLE SNOWMOBILE SUPPLY
13306,BURNUP & SIMS INC.
13307,DAYSTAR MOTORCYCLES OF AMERICA
13308,DAYSTAR MOTORCYCLES OF AMERICA INC
13309,DAYTEC CENTER
13310,"DAYTON WHITE TRUCKS, INC."
13311,"DAZON , INC."
13312,DB INDUSTRIES INC
13313,"JOHN H ENTERPRISE, INC"
13315,"CARRY-ON TRAILER, INC."
13316,CARRYIN TRAILERS
13317,CARSON MANUFACTURING INC
13318,DOUBLE R TRAILER MFG
13319,DOUBLE R TRAILERS
13321,DOUBLE S ENTERPRISES
13322,DOUBLE-S-WELDING
13323,DOUBLETREE RV
13325,DOUGLAS & LOMASON CO
13326,"Dandy Digger & Supply, Inc."
13330,ACC TrailRite
13331,"HINO MOTORS CANADA, LTD"
13333,"ARAI SHOJI CO., LTD."
13336,EXTREME TRAILERS (TN)
13337,"AMP Motor Vehicles, Inc."
13338,DS CORP
13339,KALMAR SOLUTIONS LLC
13341,"FEATHERLITE TRAILER MANUFACTURING, LLC"
13342,FIMCO INC.
13343,"G & K STEELWORKS, INC"
13344,Ford Steel
13345,"FRONTIER RV TEXAS, INC."
13346,"C & P Engineering and Manufacturing Co., Inc."
13347,C&W Manufacturing and Sales Co.
13348,"EL-MAR COMPANY, INC."
13349,Big W Sales
13350,"Arnold Machine, Inc."
13351,DYNACORN CLASSIC BODIES INC. DBA HERITAGE MOTOR CAR
13352,CANNONBALL ENGINEERING LLC DBA ALAMEDA TRAILER SALES
13353,"Billy Goat Industries, Inc."
13354,GE Packaged Power Inc
13355,CRYSTAL WELDING INC.
13356,E.G.M. Trailers
13357,"ENTECH INDUSTRIES "
13358,"EO TRAILER MFG., INC."
13360,"Carlton Professional Stump Grinders (J.P. Carlton Company Div. DAF, Inc.)"
13361,ALEPH GROUP INC
13362,"EAGLE TRAILER SALES, INC"
13363,CTJ Trailers
13364,EASTON CUSTOM FRAMES L.L.C
13365,"DOUBLE D DISTRIBUTORS "
13367,"DRAGGIN' P, INC"
13368,"Grupo Remolques del Norte, S.A. de C.V."
13369,B & M Manufacturing Company
13370,"AMERICAN EAGLE TRAILERS, INC."
13371,Badger Equipment Company
13373,Clackacraft Drift Boats
13375,Howell Precision Machine & Engineering Inc.
13376,"Hy-Line Enterprises Holdings, LLC"
13377,"ILLUSION CYCLES, INC."
13378,GEM MOTORSPORTS
13379,"Barro Ag Welding and Trailer Repair, INC."
13380,"CMI TEREX CORPORATION "
13383,TABC INC.
13384,Th!nk Nordic AS
13385,BROTHERS BODY AND EQUIPMENT
13386,"COASTLINE TRAILER MFG., INC. "
13387,"JINYUN COUNTY XIANGYUAN INDUSTRY CO., LTD"
13388,JINHUA REGARD MANUFACTURING COMPANY USA
13389,JINHUA SHIWEI VEHICLE CO. LTD
13390,"FREEDOM OUTDOOR PRODUCTS, INC."
13392,COASTGUARD DC ENG.
13393,ZIMMERMAN MANUFACTURING CORP.
13394,MOTORCYCLES MACHINE SHOP SERVICES LLC
13396,"MACE WELDING & FABRICATION , INC."
13397,Koastal Trailer LLC
13399,"Whit-Log Inc "
13400,"SUSSEX WELDING,LLC"
13401,OUTBREAK CUSTOMZ
13402,"T.R. ARNOLD & ASSOCIATES,INC"
13403,"EZ DUMPERS PRODUCTS, LLC"
13404,General Duty Trailers
13405,"General Fertilizer Equipment, Inc."
13406,"CHEROKEE TRAILERS "
13407,LIBERTY INC
13408,JZ RIDERS INC
13409,BREWER COTE SOUTHWEST
13410,REDMAN WELDING & TRAILER MFG. Inc.
13411,"CHARIOT MANUFACTURING COMPANY, INC."
13412,"WICCID SICKLES LLC "
13413,Pacific-Tek
13414,"Kandi USA, Inc."
13415,KÄRCHER NORTH AMERICA
13416,KAZ (RUSSIA) KAMSKY AUTOASSEMBLY FACTORY
13418,"S&S TRAILERS & TRUCK EQUIPMENT, INC."
13420,R-VISION
13421,STEAMLINE DESIGNS  INC.
13422,SPORTS HAULER INC.
13423,THE DICKIRSON CORPORATION
13424,LAKE VIEW LODGES INC.
13425,CHILTON MANUFACTURING CORPORATION
13426,FREEDOM TRAILERS LLC
13427,"SUNL GROUP , INC."
13429,"SCHANTZ & SONS, INC"
13430,"LONG DOG ENTERPRISE,INC."
13433,RAIN TRAILER & METAL WORKS
13434,Y.B.WELDING INC.
13435,WUZHENG NORTH AMERICA LTD
13436,"PRO TILT , LLC"
13437,SETRA OF NORTH AMERICA
13439,JMJ MAINTENANCE & REMODELING
13442,Bock Industries Inc
13443,MAINE GREEN IRONWORKS
13444,"BADSEY BULLET U.S.A., INC."
13445,"Large Lift Rentals, Inc."
13446,"H & M MANUFACTURING, INC"
13448,BEST BUILT MANUFACTURING INC
13449,Motor Truck & Trailer Co
13450,CATOLAC CORPORATION
13451,Poly Cal Plastics Inc
13452,"Heatec, Inc."
13453,"NILFISK ADVANCE, INC."
13454,Mechtronic Solutions Inc.
13456,Helfin Sheet Metal Inc.
13458,Olmax Fabrication d/b/a Speed & Custom Cycles
13461,Helmuth Quality Power Systems
13463,NORMAN POWER SYSTEMS
13467,"On-Site Fleet Services, INC."
13468,GARCIA INDUSTRIES; L.L.P
13471,"MWE Monaco MFG, LLC"
13472,JAMCO USA
13474,Safari Condo Inc.
13475,"Quitman Tank Solutions, LLC"
13476,NJD Automotive LLC
13477,Mobility Ventures LLC
13478,Moby1 Expedition Trailers LLC
13479,"JC FAB, LLC"
13481,PHOENIX GLOBAL
13482,Pitbull Fabrication
13483,RAINBOW TRAILERS INC
13484,PITT'S & SPITT'S LLC
13485,South Valley Manufacturing
13486,Glendale RV
13487,"Motofino USA, Inc. Corporate Office"
13488,MOVE-IT-ALL LLC
13489,MRT MANUFACTURING INC.
13490,"HEHE CALIFORNIA COACH GROUP, INC."
13491,"SUNBEAM RENTALS LLC, DBA SUNBEAM INNOVATIONS"
13492,Priefert Mfg.Co.INC
13493,"JIANGMEN SINO-HONGKONG BAOTIAN MOTORCYCLE INDUSTRIAL CO., LTD."
13494,Pro Cycles & Accessories
13495,"SPECIALTY FABRICATION, INC."
13496,"Spectre Manufacturing, Inc."
13497,"EQUIPMENT SERVICES CO.,INC."
13498,TRAIL KING INDUSTRIES
13499,Roketa
13501,Roger King dba Myers Welding
13502,Terex USA LLC
13504,"TGMI, INC."
13505,G.S.Engineering
13506,"STOUGHTON TRAILERS, LLC"
13507,"Vision Industries, LLC"
13508,"Turris Systems, LLC"
13509,"Tiger Motor Co., Ltd."
13510,DR. ING. H.C.F. PORSCHE AG
13511,TRAX MANUFACTURING
13512,"W.E. Machine & Welding, Inc."
13514,SIERRA MOTOR CORP.
13515,"WELCH TRAILERS, LLC"
13516,"UNITED HYDRAULICS, LLC"
13517,EXISS SOONER TRAILER MANUFACTURING LLC
13521,MAGNUM TRAILERS OF AUSTIN TX
13522,VALAREN MOTORSPORTS
13523,DONGYING MONDAY RUBBER TECHNOLOGY
13524,Maktec Manufacturing LLC
13525,WESTON CHOPPERS
13526,MITSUBISHI MOTORS AUSTRALIA LTD.
13527,AMERICAN CUSTOM COACH
13528,"Best Bilt, Inc."
13530,"Zhejiang Leike Machinery Industry Co., Ltd."
13531,BROOKS BROTHERS TRAILERS
13532,C.F.'s Welding Service & Custom Built Trailers Inc.
13533,CENTRAL PURCHASING LLC.
13534,CUDDLE SHUTTLE LLC
13535,CAMI AUTOMOTIVE INC
13536,CHANGSHU LIGHT MOTORCYCLE FACTORY
13537,CHLORINATORS & CONTROLS
13538,Data Manufacturing Inc.
13540,Excelsior-Henderson Motorcycles
13541,Extreame Fabrication
13542,Five Star Custom Trailer
13543,Featherlite Vogue
13544,"BRUNO INDEPENDENT LIVING AIDS, INC."
13545,"VOLVO GROUP CANADA, INC"
13546,Herbs Welding Shop
13547,FLINT HILLS INDUSTRIES INC
13548,Blue Coyote Trailers
13549,"HORTON VANS, INCORPORATED"
13551,HAWAIIAN HEAT MOTORCYCLE INC
13552,Magic Tilt Trailers Inc.
13553,"Magnum Products, Inc."
13554,KANN MANUFACTURING CORP
13555,Martin RV Corporation
13556,"Lawton Trailers, Inc."
13557,"S&T MOTORS CO., LTD. "
13559,PIKE EQUIPMENT & SUPPLY
13560,PINNACLE INDUSTRIAL SERVICES INC.
13561,"POND KING, INC."
13562,Legend Valley Products - O'Brien Mfg.
13563,"C DIAMOND F, INC."
13564,MOUNTAIN STATES MOTOR
13565,"PRO-TRAK TRAILERS, INC. "
13566,WORXS LLC
13567,"armadillo camper kits, inc."
13568,"Slick Spot Farm, Truck & Auto"
13570,PALMER'S WELDING & FABRICATION LLC.
13571,"VELOCETTE TRAILERS LLC "
13572,"TIANJIN HENGTAI GALLOP TECHNOLOGY CO., LTD."
13574,"GULF SOUTH TRAILER WORKS, LLC."
13575,OWINGS EQUIPMENT CO.
13576,Pacesetter Boat Co.
13577,STEELe ENTERPRISES
13578,OFF THE HOOK TRAILERS CORP
13579,"DIVERSIFIED  PRODUCTS LLC "
13580,PREMIER TRUCK RENTAL
13581,"AUTOTRONICS ,LLC"
13582,"THERMO KING OF CHARLESTON "
13583,PAGSTA. LLC LIMITED LIABILITY COMPANY
13584,"ZHEJIANG FUERKANG MOTORCYCLE FITTINGS CO., LTD."
13585,HOLT & SONS INC
13586,MUDDS CUSTOMS
13587,"LINDSAY TRANSPORTATION SOLUTIONS, INC."
13588,"SANBORN BUILDING & DESIGN, INC."
13589,SHEYENNE TOOLING & MFG.
13590,"TRUCK-TECH "
13591,D & D DIRECT
13592,TINY IDAHOMES LLC
13593,"FORTRESS RESOURCES, LLC DBA ROYAL TRUCK BODY"
13594,NORSTAR TRAILERS
13596,"Sun Coast Trailer Manufacturers, Inc."
13597,"Second Trunk Trailers, Inc."
13598,Sauber Mfg. Co.
13599,Safari Motor Coaches
13600,SUBZERO INSULATION AND REFRIGERATION TECHNOLOGIES LLC
13601,TEXOMA TRAILERS
13602,"DELIVERY CONCEPTS, INC."
13603,"NORDCO, INC."
13604,WARRIOR TRIKES S.E.
13605,"JOHNSON INDUSTRIES, INC. "
13606,"OK SCHOONERS LLC "
13607,"MALIBU BOATS, LLC"
13608,"SCOTT'S WELDING & FABRICATION "
13609,"QINGDAO MOONSTAR VEHICLE CO., LTD"
13610,Run Roader
13611,"GOLDEN GAIT TRAILERS, LLC "
13612,"SOUTHERN OHIO CHASSIS, LLC"
13613,PREMIER MOTORCOACH COMPANY LLC
13614,SCOTT INDUSTRY'S PRO-FORMANCE MANUFACTURING
13615,ALEXANDER'S MACHINE AND MAINTENANCE SERVICE COMPANY INC.
13616,"RIVERSIDE WELDING AND FABRICATION, LLC"
13617,FRONTIER TRUCK AND EQUIPMENT
13618,BROWN COUNTY PUBLIC WORKS - HIGHWAY
13619,QUICKLOADZ CONTAINER SYSTEMS
13620,"ZHENJIANG WELLNICE WHEEL MANUFACTURING CO.,LTD"
13621,"SHANDONG ZHENGYU FORGING ALUMINUM WHEELS CO., LTD."
13622,"SHANDONG HONGSHENG RUBBER TECHNOLOGY CO., LTD."
13623,"FUCHS ENTERPRISES, INC."
13624,MERCY SALES INCORPORATED
13625,"HBF INVESTMENTS, LLC"
13627,"RC MOTORSPORTS, LLC."
13628,"KR MOTORS CO., LTD"
13629,"QINGDAO VIH HOSE CO., LTD"
13630,SVO GROUP INC.
13631,SPIRA4U LLC
13632,"LEE TRANSPORT EQUIPMENT INC. "
13633,"TRUCKING TRM INC. "
13634,CRUISE N SNOOZE INC.
13635,BXR LLC
13636,"CALMARC CABS "
13637,STONEHAM TRUCK EQUIPMENT
13638,"RHINO MARINE, INC. "
13639,"CITY OF SIOUX FALLS - FLEET DIVISION "
13640,C&K WELDING SERVICES
13641,WAYNE DAVIS AUTO GROUP
13642,WIEDEMANN ENVIRO TEC GMBH & CO.KG
13643,TROJAN TRAILERS MANUFACTURING
13644,ADVANCED TRAILER SOLUTIONS INC.
13645,"LANGFANG JS VEHICLE PARTS CO., LTD."
13646,HQ CUSTOM DESIGN INC.
13647,ROSS TECHNOLOGY CORPORATION
13648,"ADVANTAGE TERRAFAB, LLC "
13649,TEARDROPS NW INC.
13650,Next Door Inc
13651,"SMART SYSTEMS, INC "
13652,"SANCHEZ BROTHERS ENTERPRISES INC. "
13654,146 BUSINESS PARK INC.
13655,"VALDERAZ SERVICES, LLC"
13656,"PINTO METAL FABRICATION, INC."
13657,"KYFAB, LLC"
13658,"DURUXX, LLC"
13659,AG WORKS INTERNATIONAL
13660,Tisdell's Implements
13661,TM Marine Group
13662,TMC DESIGN CORPORATION
13663,"ENVOLTZ, LLC"
13664,FIDELITY MANUFACTURING
13665,FMD FABRICATION SERVICES
13666,"MAINE SOURCE MACHINING CO, INC."
13667,"VILLMOW RACING DEVELOPMENTS "
13668,WATKINS MFG INC.
13669,"FUKUSHU, INC."
13670,HIGHWOOD GLOBAL LP
13673,"ZHEJIANG YUANZHENG AUTO & MOTORCYCLE ACCESSORIES CO., LTD."
13675,J BOND & SONS LTD.
13676,"CIXI POOLKE HYDRAULIC & PNEUMATIC CO., LTD"
13677,"ANYUAN BUS MANUFACTURING CO., LTD "
13678,"Hangzhou Yongheng Car Industry Co., Ltd"
13679,"Taizhou Hezhan Auto Parts Co., Ltd"
13680,"Qingdao Annaichi Tyres Co., Ltd."
13681,"CHAPMAN CUSTOM MANUFACTURING, LLC "
13682,"A TRINITY TRAILER "
13683,ET MANUFACTURING CORP
13684,"HEBEI CHINAUST AUTOMOTIVE PLASTICS CORP., LTD."
13685,"NINGBO LITE-WAY CAR ACCESSORIES CO.,LTD"
13686,"SHANDONG OKLOONG RUBBER TECHNOLOGY CO., LTD "
13687,"ETHER PHOTOELECTRIC LIMITED "
13693,"JIANGSU YUANGUAN AUTO PARTS CO., LTD."
13699,CHANGZHOU YANJIANG XINYE AUTO PARTS FACTORY
13700,"BIG RED ENGINEERING, LLC"
13701,WORLDWIDE TRAILER SERVICES INC
13702,"DUCATI MOTOR (THAILAND) CO., LTD. "
13704,PECRU GROUP LLC
13705,TERMINAL INVESTMENT CORPORATION
13706,PATRIOT MOTORS
13707,"CIRCLE N TRAILERS "
13708,DOMINIGHT LLC
13709,"ZHEJIANG JUJIU HUB CO., LTD."
13710,BALZER INC.
13711,"VENCO VENTURO INDUSTRIES, LLC"
13712,APLUS TRAILERS INC.
13713,"LUJEANA PETERS-HOWELL ROOKS COUNTY TRAILER SALES "
13714,"VICTOR VALLEY STEEL FABRICATORS, LLC"
13715,"Nanjing Jincheng Plastic Co., Ltd."
13716,SAINT-GOBAIN SEKURIT MAROC SARLU
13717,Saint-Gobain Glass Finland Oy
13718,"ZHONGCE RUBBER GROUP CO., LTD."
13719,"BECKER AUTOMOTIVE DESIGNS, INC."
13720,CENTRIC CORPORATION
13721,AGC AUTOMOTIVE (QINHUANGDAO) INC.
13724,IRONMAN TRAILER COMPANY
13727,"ACTION TRUCK AND BODY EQUIPMENT , LLC"
13728,"TAIZHOU WANGYE MOTORCYCLE CO., LTD."
13729,"DAVIS VILLAGE SOLUTIONS, LLC"
13730,"GROUND EFFECTS, LTD"
13731,"WORLDWIDE TRAILER, LLC"
13733,KUSTOM KARZ OF SCOTTSBORO
13734,"FLORIDA SPRAYERS, INC."
13735,PACIFIC COACHWORKS LLC
13736,"SHANDONG LIANGZI POWER CO., LTD"
13737,"SICHUAN TYRE & RUBBER CO., LTD."
13739,"WENLING YUECHENG MACHINE CO., LTD"
13740,"WB ENTERPRISES "
13741,"BESPOKE COACH, INC"
13742,"MASTERCRAFT TRUCK EQUIPMENT "
13743,INNOVATIVE VEHICLE SOLUTIONS LLC
13744,"Z COACHWORKS "
13745,"LIAONING ZHONGXIANG ALUMINUM CO,LTD"
13746,AMAZON HOSE & RUBBER CO.
13747,"RONALD S. ERICKSON INC "
13748,"ROBERT ALLEN MOWERY RAMCO LLC "
13749,"US TOWER CORP. "
13750,TRAMONT MANUFACTURING LLC
13751,FUYAO GLASS AMERICA INC.
13752,"VINTAGE OVERLAND, LLC "
13753,"ZHEJIANG YULE NEW ENERGY AUTOMOBILE TECHNOLOGY CO., LTD."
13754,WAYNE'S WELDING SERVICES INC
13755,"BLUECAR, SAS "
13756,TAISHAN DCENTI WHEEL INTELLIGENT MANUFACTURE LIMITED COMPANY
13757,"ZHUJI XINRAN AUTO PARTS CO.,LTD."
13758,"QINGDAO KUNHUA MACHINERY CO., LTD "
13759,"CANAGE CUSTOM TRAILERS, INC. "
13760,TRIVAN TRUCK BODY LLC
13761,"CHANGZHOU KWANGYANG MOTOR CO., LTD."
13762,A&M FABRICATION LLC.
13763,"FOSHAN RUIGUANG AUTO LIGHTING & ELECTRICAL CO., LTD"
13765,"ZHUCHENG YONGAN RUBBER TECHNOLOGY CO., LTD."
13766,"YORK WELDING AND FABRICATION LLC "
13767,GBA SALES CONSIGNMENT & RENTAL LLC
13768,VOYAGER INDUSTRIES INC.
13769,"VIGERS PHOTOELECTRICE TECHNOLOGY CO., LTD"
13770,"GUANGZHOU NAO ELECTRONIC TECHNOLOGY CO., LTD."
13771,"ZHENGZHOU EAST INDUSTRY CO., LTD."
13772,"NORTH AMERICAN TANK, LLC"
13773,"CHONGQING BAOSTEEL MW WHEELS CO., LTD."
13774,"FTG EQUIPMENT SOLUTIONS, INC."
13775,"ALTERNATIVE CONSTRUCTION LIGHTING, LLC"
13776,TEXAS TRAILER CORRAL
13777,"RIVER STEEL, INC."
13778,"L.J. EQUIPMENT RENTAL,LLC"
13779,"LPG VENTURES, INC."
13780,GROWMARK INC.
13781,"W&M TRUCK CLINIC, INC.,"
13782,"J.A.R. CAPITAL GROUP, INC."
13783,"HIGH TIDE BOAT TRAILERS, LLC"
13784,"LC SERVICES OF LOUISIANA, LLC"
13785,"COLORADO TEARDROP TRAILERS, LLC"
13786,AMERICAN BEST CORPORATION
13787,ABLE INDUSTRIES
13788,"ALIEN ENGINEERED PRODUCTS LLC "
13789,GVMI INC
13790,"OH DEER AUTO BODY LLC "
13791,FABERCATION PLUS
13792,MAHINDRA TRACTOR ASSEMBLY INC
13793,"COMMODORE TRAILERS LLC "
13794,"ADVANCED METAL FABRICATION AND MACHINE, INC."
13795,GREEN ARC TIRE MANUFACTURING INC.
13796,ADAMSON INDUSTRIES CORP.
13797,BUILT BY KOCH L.L.C.
13798,"SHANDONG ZHENGYU WHEEL GROUP CO., LTD"
13799,"SHANDONG ZHENGYU LVYE CO., LTD"
13800,REMOLQUES NARIZON
13801,"TITANIUM TRAILER MFG., LLC"
13802,"EZ LIFE CAMPERS LLC "
13803,PURPLE LINE LLC
13804,SWM ENTERPRISES LLC
13805,"TMCO, INC."
13806,"BRAXTON TRAILERS, LLC"
13807,"EQUIPMENT SOURCE, INC"
13808,"ADVANCED VEHICLES ASSEMBLY, INC."
13809,"EQUIPMENT WORKS, INC."
13810,ELITE MOTOR SALES INC
13812,BLUM'S FAB & DESIGN
13813,"RECYCLING EQUIPMENT SALES, INC."
13814,"WEAVER SYSTEMS, LLC "
13815,STARTRANS BUS - A DIVISION OF FOREST RIVER INC.
13816,"PUCK CUSTOM ENTERPRISES, INC."
13817,DP CONINGPLANT USA CORP.
13818,"MONARCH,LLC"
13819,FASTER FASTER INC.
13820,"WILSON MANUFACTURING "
13821,KEYSTONE KABINS
13822,TROUT RIVER INDUSTRIES
13823,Trunks on Wheels
13824,ROYAL TRUCK BODY INC.
13825,DONGGUAN ORION LAMPS TECHNOLOGY LTD.
13826,"STILES TRUCK BODY & EQUIPMENT, INC."
13827,EMA MOTORWORKS LLC
13828,VECTOR TECHNOLOGIES LTD
13829,"MUDDY CREEK MANUFACTURING, INC."
13830,K.E. ROSE COMPANY LTD.
13831,"CARTS UNLIMITED "
13832,BELMONT TRAILERS LLC
13833,"MILLER BY DESIGN LLC "
13834,B.T.L. TRAILERS
13835,CALNAN ENTERPRISES INC.
13836,CENNTRO AUTOMOTIVE CORPORATION
13837,"NINGBO PACE PNEUMATICS CO., LTD."
13838,"CHONGQING ZONGSHEN AUTOMOBILE INDUSTRY CO., LTD."
13839,BLACK SCORPION OFF ROAD
13840,"ZHEJIANG HUIZEN AUTO INDUSTRY CO., LTD"
13841,TRI-STAR INDUSTRIES LIMITED
13842,YOUNG CHOPPERS INC.
13843,POWER SPORTS FACTORY
13844,Pro X Trailers
13846,Robert Van Fleet dba Cash Wagons
13847,VSC CUSTOM CYCLES
13848,AA MUFFLER AND WELDING LLC
13850,Ustankco LLC
13851,"SHIYAN GUANDA AUTO PARTS CO., LTD."
13852,"THE MAINE WOOD HEAT CO., INC."
13853,"LAL ACQUISITION, INC."
13854,"B&D FABRICATION, LLC"
13855,BETTER BILT CUSTOM FABRICATION & REPAIR
13857,"G.L. NAUSE CO., INC."
13858,ROADHOUSE DISTRIBUTION INC.
13859,TRADEWINDS POWER CORP
13860,BUFFALO TRAILER MANUFACTURING INC.
13861,Summit Expedition Trailers LLC
13862,"CUSTOM TRUCK AND EQUIPMENT, LLC"
13863,"WELDCO SALES, INC."
13864,LIQUID PARTNERS OF AMERICA LLC
13866,"XIAOGAN REALIGHT AUTO LIGHTING CO., LTD."
13868,MPD TRAILERS
13869,"ANHUI SGC HI-TECH SAFETY GLASS CO., LTD."
13871,SENGCHIN INDUSTRIAL GROUP LTD.
13872,CATERPILLAR INC.
13874,ALLEGRI CESARE S.p.A.
13875,GLOBAL FABRICATORS
13876,VIRAVER TECNOLOGY
13877,H. A. AUTOMOTIVE SYSTEMS INC.
13878,"FOSHAN APEX AUTOGLASS CO., LTD"
13879,"LAKELAND TRAILERS, INC. OF HILL CITY"
13880,INOCOM INC.
13881,"LIV GOLF CARS, INC."
13882,POLYCASA SPAIN S.A.U.
13883,CASHMAN EQUIPMENT COMPANY
13884,"COLD CAR USA, INC."
13885,KTM AG
13887,"PLASKOLITE, LLC"
13888,"TOWER TRIKES, INC."
13889,GREEN LINE HOSE AND FITTINGS LTD
13890,"RILEY FORESTRY EQUIPMENT, LLC."
13891,STAG TRAILERS MFG LLC.
13892,"RUI'AN HONGYUAN AUTO PARTS CO., LTD"
13893,"CHANGZHOU XINYUE LAMPS CO., LTD"
13897,"LINEMAN & SON "
13898,"KIDO SPORTS CO., LTS."
13899,"NINGBO XUQIANG AUTOPARTS MANUFACTURING CO., LTD"
13902,GUANGZHOU AOQIYA LIGHTING FACTORY
13904,"SHANDONG YONGTAI GROUP CO., LTD"
13905,METROQUIP
13909,"THE HANDLEBAR, LLC"
13911,SFERA S.R.L.
13912,"AMAR MOTOR DEVELOPMENT "
13913,HIGHWAY EQUIPMENT COMPANY
13914,SPARTAN TRAILER MFG. INC.
13915,"SWERVE SUPERBIKES, LLC"
13916,HEMISFEAR CYCLES L.L.C.
13917,HRM UNLIMITED LLC
13918,AMERICAN IRONHORSE LLC
13919,"SHANGHAI AUTOMOTIVE BRAKE SYSTEMS CO.,LTD."
13920,CANOVAS SAC
13922,INTERGLASS OTO CAM OTOM. OTO. YED. PAR. IMI. TIC. PAZ. NAK. ITH. IHR. SAN. LTD. STI.
13923,"IRON CRAFT FABRICATION, INC."
13926,ACE TRUCK BODY & VAN REPAIR
13928,"BRUMLEY'S WELDING, LLC"
13929,"TIANJIN NANO MACHINERY MANUFACTURING CO., LTD"
13930,HEAT DESIGN EQUIPMENT INC.
13931,"ZHEJIANG ZHONGCHI RUBBER CO., LTD"
13932,"QINGDAO JINGCHENG RUBBER PRODUCTS CO., LTD"
13933,"ATLANTIC EMERGENCY SOLUTIONS, INC."
13934,SOUTHWEST SWEEPER SALES INC.
13935,"GREEN HOP'R, LLC"
13937,SKULLY INC.
13938,"TEREX USA, LLC"
13939,"UTEC OF LAFAYETTE, INC."
13941,KANSAS MOTORCYCLE WORKS LLC
13943,ACME FABRICATION
13944,"SHOEI CO., LTD."
13945,"CLEVELAND FREIGHTLINER, INC."
13946,"XIANGRUI VEHICLE CO., LTD."
13947,REECE ALBERT INC.
13948,"Shandong Shifeng (Group) Co., Ltd."
13949,WOOD'S TRAILERS AND REPAIR LLC
13950,"SINOFLEX CO., LTD."
13951,"HOGLUND BODY & EQUIPMENT, INC."
13952,MUV-ALL TRAILER COMPANY
13953,PARRATT-WOLFF INC.
13954,"CANFIELD FLEET SERVICES, LLC"
13955,"HUBEI HUANYU AUTO Lighting Co., Ltd."
13956,BILTWELL CUSTOM MOTORCYCLE CORP.
13957,"WAGS MOTORCYCLE TRAILERS, LLC"
13959,"Tian Jin Zhenxin Rubber Co., Ltd."
13960,CHINA FIRST AUTOMOBILE GROUP IMP. % EXP. CORP.
13961,Singamas Container Holdings Limited
13962,"Taizhou RenLi Tire Co., Ltd"
13963,"QINGDAO JINJING CO., LTD."
13964,"CHANGZHOU MODERN EXPO TECHNOLOGY CO., LTD."
13965,"QinHuangDao Taehwa Strong Glass Co., Ltd."
13966,MAGNUS INDUSTRIES LLC
13967,"HEBEI CHIBANG AUTO PARTS CO., LTD"
13968,"NATURAL GAS FUEL SYSTEMS, LLC."
13969,"CT&T Korea, Ltd. - CT&T Co., Ltd."
13970,"Zhejiang Dake Safety Glass Co., Ltd."
13971,KC HOT RODS LLC
13972,PARADISE POWER SPORTS LLC
13973,"LIAOCHENG CITY DEVELOPMENT ZONE YOUJIAGLASS CO., LTD."
13974,"TAIZHOU HUANGYAN SHIWEI PLASTICS & MOULD CO., LTD."
13975,VIDRIERIA 28 DE JULIO S.A.C.
13976,"ZHONGSHAN FEDO LIGHTING CO., LTD"
13977,"GUANGZHOU MORSUN TECHNOLOGY CO., LTD."
13978,"SHENZHEN YINGDONG AUTOMOBILE GLASS CO., LTD."
13979,"GENERAC POWER SYSTEMS, INC."
13981,"ARBOC, INC. "
13982,TURF COMMANDERS
13983,BENTLEY MOTORS LIMITED
13984,BOYER'S AUTO BODY & SALES INC.
13985,ERETZ TRAILERS MANUFACTURER
13986,"XPO MANUFACTURING, LLC"
13987,"NINGXIA SHENZHOU TIRE CO., LTD."
13988,PAP AUTO PRODUCTS CORPORATION
13989,"TRP MOTORS, LLC"
13990,"CHANGZHOU CHUNGANG MACHINERY CO., LTD."
13991,"BLACKSMITH TRAILERS, LLC"
13992,"KARMA AUTOMOTIVE, INC."
13993,"TINY HOUSE SOCIETIES, INC."
13994,"APEX SPECIALTY VEHICLES, LLC"
13995,Janssen Welding and Fabrication
13996,THE TORCH CHARIOT LLC
13997,Inka Outdoor LLC
13998,GALYEAN EQUIPMENT CO.
13999,Francis Trailer Manufacturing Inc.
14000,LANKOTA INC.
14002,"PLUTCHAK FAB, LLC"
14003,TUFF MANUFACTURING LLC
14004,"KANAMAK HYDRAULICS, INC."
14005,"SIGNATOUR CAMPERS, LLC"
14006,Peachland Design and Fabrication
14007,"Lonestar Dock Products, LLC"
14008,"L&J Manufacturing, LLC"
14009,"HICKS MANUFACTURING, LLC"
14010,JRB Cuz Enterprises
14011,"FUNBUDDY, INC."
14012,"MODERN METALWORX, LLC"
14013,POP'S LSV'S
14014,RTM Uruguay S.A.
14015,"GUANGZHOU HENGXIN ELECTRON Co .,LTD"
14016,Inder Tool Industries
14021,"TVS MOTOR CO., LTD."
14022,GWR Safety Systems Inc.
14023,FOREVER CONCESSION TRAILERS LLC.
14024,PASS GMBH & CO. KG
14025,"WEIFANG TIAN CI CHEMICAL AND INDUSTRY CO., LTD."
14026,"WeiHai Ping'An Tyre Co., Ltd."
14027,"WEIFANG LUYI RUBBER PRODUCTS CO., LTD."
14028,"WEIFANG JINTONGDA TYRE CO., LTD."
14029,"TONGLI TYRE CO., LTD."
14030,"JIANGSU HUA'AN TYRE TECHNOLOGY CO., LTD."
14031,TWEDDELL'S INC.
14032,INDUSTRIAS AVIZOR S.A.
14033,POLAR CORPORATION
14034,"WREN BODY WORKS, LLC"
14035,"REV AMBULANCE GROUP ORLANDO, INC."
14036,"SHANDONG LINGLONG RUBBER CO., LTD."
14037,"INTERSTATE COMPANIES, INC."
14038,"ETERNAL RISE TYRE (TIANJIN) CO., LTD."
14039,"Jizhou City Hengwei Rubber Products Co., Ltd."
14040,JiZhou Xiongshi Brake Hose Factory
14041,"JI ZHOU JINXING RUBBER PRODUCTS CO., LTD."
14042,MATRI-ARC CREATIONS LLC
14043,"JOINT-STOCK COMPANY ""SISECAM AUTOMOTIVE RUS"""
14044,"WEIHAI WANFENG MAGNESIUM S&T DEVELOPMENT CO., LTD."
14045,Willard's Auto Service
14046,"Shenyang Dooray Wheel Co., Ltd, China"
14047,"Walapx Industries Co., Ltd."
14048,"Liufeng Precision Machinery (Kunshan) Co., Ltd."
14049,"Jiangsu Yaozhong Aluminum Wheels Co., Ltd."
14050,"Armor China Co., Ltd."
14051,Asean Tire Company Limited
14052,Autotanques Alcocer S.A.
14053,"Balflex Portugal -- Componentes Hidraulicos E Industriais, S.A. -- Portugal"
14054,TM Racing SpA
14055,"NINGBO LUXIANG AUTO PARTS MANUFACTURING CO., LTD"
14056,MOBILE LIFTS
14057,"ZHEJIANG DOOHAN TECHNOLOGY CO., LTD."
14058,KAPP TRAILER SALES & SERVICE INC
14059,"Ningbo Attawe Parts Co., Ltd."
14061,"WENZHOU WUHUAN AUTO AND MOTORCYCLE FITTINGS CO., LTD."
14062,"AEOLUS TYRE(TAIYUAN) CO., LTD."
14063,"Zhejiang Vie Science & Technology Co., Ltd."
14064,"HEYUAN SUNNYWAY BATTERY CO., LTD."
14065,"SIFUTE INDUSTRIAL GROUP CO., LTD."
14066,"QINGDAO MORECHI RUBBER CO., LTD."
14067,"Qingdao HongChi Tire Co., Ltd."
14068,"Shandong Yinuo Engineering Tyre Co., Ltd"
14069,"QINGDAO MOREWIN RUBBERWARE CO., LTD."
14070,"NEW DONGYUE GROUP CO., LTD."
14071,PRO.DE srl
14072,AGP PERU S.A.C.
14073,"Yantai Jereh Petroleum Equipment & Technologies Co., Ltd."
14074,"KENDA RUBBER (TIANJIN) CO., LTD"
14075,"Cenchelyn Tire Co., Ltd."
14076,"Aeolus Tyre Co., Ltd."
14077,"Briland Rubber Tire Co., Ltd."
14078,"DONGYING ZHANGAO RUBBER CO.,LTD."
14079,"RENOLIT (GUANGDONG) NEW AND ADVANCED MATERIALS CO., LTD"
14080,Panzer Glas Mex SA de CV
14081,Baskent Auto Safety Glasses Industry and Trade Inc.
14082,"HUBEI XINCHUFENG TRUCK CO., LTD."
14083,"Jinhua Youngman Automobile Manufacturing Co., Ltd."
14084,Polarsun Motor Holdings LTD.
14085,"Sichuan Kalevei Technology Co., Ltd."
14086,SAFRI
14087,"ZODO TIRE CO., LIMITED"
14088,Auto Truck - New Jersey
14090,"T.J. CLARK INTERNATIONAL, LLC"
14091,APRILIA S.P.A.
14092,Shelbourne Reynolds Inc.
14093,LLantas y Accesorios Guadalajara S.A. de C.V.
14094,"ALUX CO., LTD."
14095,Kiverco Ltd.
14096,"SAINT TOUR TYRE CO.,LTD."
14097,Optima Ballistic Glass Corporation
14098,ACE TRAILERS
14099,HILBILT SALES - CORP
14100,"DesignLine International Holdings, LLC"
14102,"AN YNG ENTERPRISE CO., LTD."
14103,"INDUSTRIAS PRO ACERO MONTERREY, S.A. DE C.V."
14104,LAYNE WEST MANUFACTURING LLC
14105,"Qingdao Huashi Industrial Products Co., Ltd."
14106,"YOUTH TAISUN CO., LTD."
14107,"Weifang Longshan Tyre Co., Ltd."
14108,TEIJIN LIMITED
14109,"Changzhou Nanxiashu Tools Co., Ltd."
14110,"ACCURIDE WHEELS (SHANDONG) CO., LTD."
14111,Jining Shiji Wheel Manufacturing Co.
14112,NINGBO ZHENHAI QX- ELECTRONICS HARDWARE FACTORY
14113,"Tovic Tire Co., Ltd."
14114,"Double Coin Holdings, Ltd."
14115,"HENAN TIANJI TYRE CO.,LTD."
14116,"Shandong ChangFeng Tyres Co.., Ltd."
14117,"Jiangsu General Science Technology Co., Ltd."
14118,"FOSHAN NANHAI JIUJIANG JIADESHI HELMET CO., LTD."
14119,HARDKORE KARTS LLC
14120,BARNSTORM US CORP
14121,"W AND W BODY BUILDERS OF COLUMBIA, INC."
14122,"FULL THROTTLE PERFORMANCE FABRICATION "
14123,"Changzhou JiLi Glass Co, Ltd."
14124,"Tg Yueda Autoglass Co., Ltd."
14125,"Liuzhou Qicaiyangguang Safety Glass Co., Ltd"
14126,"Shanghai Fuyao Bus Glass Co., Ltd"
14127,"TAIZHOU LUQIAO XIONGXIN MOTOR FITTINGS CO., LTD."
14128,PT. INDOKARLO PERKASA
14129,BETAMOTOR S.P.A.
14130,"Ace Safety Glass Co., Ltd."
14131,INNOVATIVE TYRES & TUBES LIMITED
14133,Atiker Metal ITH. IHR. Ve IML. SAN. TIC. A.S.
14134,"SS Tech Co., Ltd."
14136,Autohandl s.r.o. (Ltd)
14137,BIG CHIMNEY AUTO AND DIESEL REPAIR LLC
14138,QUANTUM FUEL SYSTEMS LLC
14139,BLUE RIDGE METAL WORKS INC.
14140,EAGLE EYES TRAFFIC INDUSTRIAL CO. LTD.
14141,"ShanDong Province LiangShan ShenLi Auto Parts Co., Ltd."
14142,"Jiangsu Chengtong Tire Co., Ltd."
14143,"Sichuan Huachuan Industry Co., Ltd."
14144,VIDEOTURISMO S.A.DE.C.V
14145,"Wenzhou Zhengxin Tyre Co., Ltd."
14146,"SPARTAN CARGO TRAILERS, LLC"
14147,ATC TIRES PVT. LTD.
14148,"SHANDONG ZHENGXING TYRES CO., LTD."
14149,"Hong Chang Hardware Co., Ltd."
14150,"Daesung Electric Co., Ltd."
14151,CAMPAGNA CANADA INC.
14152,Empire Retreading Ltd.
14153,"ZHEJIANG DICASTAL HONGXIN TECHNOLOGY CO., LTD."
14154,Zhejiang Jingu Company Limited
14155,Manufactura Especializada en Transporte SA de CV
14156,COASTAL ALTERNATIVE FUEL SYSTEMS
14157,T. & M. MFG. Inc. (Formerly Princeton Machine)
14158,Bocker Maschinenwerke GmbH
14159,TIMBERLAND INC DBA GLACIER
14161,CHARLES D. STAHL SALES & SVC INC.
14162,"Qingdao Elite Rubber Co., Ltd."
14163,"Qingdao Tianchi Tyre Co., Ltd."
14164,"NINGBO GUOHONG AUTOMOTIVE CO.,LTD"
14165,"Shandong Wonbon Rubber Co., Ltd."
14166,"Tai Zhou San Xi Machinery Co., Ltd."
14167,"PRESTIGE METAL WORKS, INC"
14168,Hebei Yideli Rubber Products System Company
14169,"DALIAN TYRE CO.,LTD."
14170,"Dongying Xinjinshan Rubber Co., Ltd."
14171,"24/7 MOTORSPORTS LLC "
14172,"ZHEJIANG JUNHE RUBBER SCIENCE AND TECHNOLOGY CO., LTD."
14173,"SHENZHEN XWODA ELECTRONIC CO., LTD."
14174,CONTINENTAL AG
14175,Carolina Trailers
14176,"QINGDAO WANGYU RUBBER CO., LTD"
14177,"QINGDAO YUANDA TYRE CO., LTD."
14178,Asphalt Zipper Inc.
14179,"SHANDONG WANDABOTO TYRE CO., LTD."
14180,W.D.WILSON INC.
14181,"SCOTT HOLLINGSWORTH EQUIPMENT, CO"
14182,"LCL Truck Equipment, Inc."
14183,"Chongqing Hankook Tire Co., Ltd."
14184,PT. HANKOOK TIRE INDONESIA
14185,DAIMLER AG -- SMART CAR DIVISION
14186,NORTON MOTORCYCLES UK LTD
14187,"SONAR AUTO PARTS CO., LTD."
14188,"BRIDGESTONE (HUIZHOU) TIRE COMPANY, LTD."
14189,"Bridgestone India Private Limited, Pune plant"
14190,DAIMLER CHRYSLER DE MEXICO SA DE CV
14191,Bridgestone Tire Manufacturing Vietnam LLC
14192,"MCD MANUFACTURING & REPAIR, INC"
14193,TI GROUP AUTOMOTIVE SYSTEMS S.A.
14194,Pulsar Hydraulics Ltd.
14195,"Shanghai Yikin Helmets Manufacture Co., Ltd."
14196,"Changzhou Greenland Vehicle Co., Ltd."
14197,"HWASEUNG R&A CO., LTD."
14198,Techno Innovative Rubber Enterprise Inc.
14199,ALEX GLOBAL AEROSPACE TECHNOLOGY INC.
14200,TI GROUP AUTOMOTIVE SYSTEMS AB
14201,TRAYLORCO
14202,PIERPONT ENERGY
14203,Favilam Bolivia SRL
14204,"TIANJIN HONGDE AUTO GLASS CO., LTD."
14206,Belshina
14207,"Chinnaraje Co., Ltd."
14208,P. Moetefindt Fahrzeugbau GmbH & Co. KG
14209,"SILOS Y TANQUES GONZALEZ, S.A. DE C.V."
14210,"TANQUES Y REMOLQUES SOL, S.A. DE C.V."
14211,"PRODUCTOS Y SERVICIOS REGGER, S.A. DE C.V."
14212,"BIMOTA SPIRIT LLC "
14213,"APPLIQUE TECHNOLOGIES INTERNATIONAL, LLC"
14214,"TANQUES Y REMOLQUES SILMEX, S.A. DE C.V."
14215,"BOB KING'S TRUCK BEDS, LLC"
14216,"Tokai Rubber Industries, Ltd."
14217,DAIMLER AG - PROGRAMM-MANAGEMENT MAYBACH
14218,NORMEN IND. E COM DE CONEXOES E MANGUEIRAS LTDA.
14219,HAPPY VALLEY CAMPERS
14220,"DANYANG JINCHENG ACCES. CO., LTD."
14221,"USUAL CO., LTD."
14222,"TRUCK EQUIPMENT ENTERPRISES, L.L.C."
14223,BUNDY FLUID SYSTEMS CO LTD
14224,"R&K PUMP & EQUIPMENT, INC."
14225,ATLAS PRECISION / PRO MAGNUM
14226,BISMARCK PROP & WELDING
14227,"JORDAN AIRCRAFT SERVICES, INC."
14228,WEBB REPAIR LLC
14229,CIRCLE H TRAILERS
14231,"SHANDONG YONKING RUBBER CO., LTD"
14232,RAJYSAN INCORPORATED
14233,"Qinzhou Hua Han Rubber Co., Ltd."
14234,Thomas Hilfen fur Behinderte GmbH & Co. Medico KG
14235,"GUANGZHOU TIANMA GROUP TIANMA MOTORCYCLE CO., LTD."
14236,"CHONGQING SHINERAY MOTORCYCLE CO., LTD."
14237,"SHANDONG WOSEN RUBBER CO., LTD."
14238,"OTANI TIRE CO., LTD"
14239,"Qingdao Mao Xiang Rubber Co., Ltd."
14240,Metalurgica Cartec LTDA
14241,Maflow S.p.A.
14242,"QINGDAO BUNDY MACHINERY PARTS CO., LTD."
14243,"Qingdao Gofar Machinery Parts Co., Ltd."
14244,"MANUFACTURAS INDUSTRIALES GAMI, S.A. DE C.V"
14245,Indo Australian Hose Manufacturing (P) Ltd.
14247,TECNOVIDRO - INDUSTRIA DE VIDROS LTDA.
14248,TRAILERS Y TANQUES DE ALUMINIO S.A. DE C.V.
14249,BOSCHER INDUSTRIAS S.A. DE C.V.
14250,CHALLENGER TRAILERS PTY LTD
14251,"HEBEI STARBRIGHT TIRE CO., LTD."
14252,"Triangle (Weihai) Huasheng Tyre Co., Ltd."
14253,Intermeccanica International Inc.
14254,"SAILUN (DONGYING) TIRE CO., LTD."
14255,Apex Motor Corporation
14256,TI Automotive (Fuldabrueck) GmbH
14257,H and M Trailer Sales
14258,"Shandong Guangtong Machinery Co., Ltd."
14259,CJSC
14260,RICCO TRAILERS S.A. DE C.V.
14261,Hi-Tec Industries Inc.
14262,Zhejiang Qingda Rubber Co Ltd
14263,TRW AUTOMOTIVE INC.
14264,"Ningbo Tip Automobile Parts Co., Ltd."
14265,"Nimbus Trailer, LLC"
14266,"ZHEJIANG QIAOYU ENGINE PARTS CO., LTD."
14267,"GITI TIRE MANUFACTURING (USA), LTD"
14268,"Jiangsu Fanhua Glass Co., Ltd."
14269,WildSideCustoms LLC
14270,JINHUA YONGQIANG VEHICLES FACTORY
14271,GELIMEX
14272,Shanghai Davey Machinery Co. Ltd.
14273,"SHANGHAI JIALING VEHICLE CO., LTD."
14274,Prefabricados Industriales Del Noroeste S.A. De C.V.
14275,EMPIRE CARGO TRAILERS
14276,"HNY Tires Co., Ltd."
14277,"Changzhou Lanling Special Automobile Manufacturing Co., Ltd."
14278,"Wendeng Sanjing Chemistry Co., Ltd."
14279,"FULLCHAMP TECHNOLOGIES CO., LTD."
14280,TRANFERENCIA DE FLUIDOS MEXICO S.A. DE C.V.
14281,"Hecheng Vehicle Parts (Taicang) Co., Ltd."
14282,"HYUNDAI DE MEXICO, S.A. DE C.V."
14283,SILVERSTONE INC.
14284,"AUTOTANQUES Y TOLVAS TROY, S.A. DE C.V."
14285,Great Lakes Recreational Vehicles
14286,PROFAB MEX SA. DE CV.
14287,"Zhengzhou Fuyao Glass Co., Ltd."
14288,"Longkou Xingmin Safety Glass Co., Ltd."
14289,"Changzhou Aierfa Vehicle Co., Ltd."
14290,"HUBEI MINGXING GLASS CO., LTD."
14291,ABG FABRICATION LLC
14292,Sacilese Industriale Vetraria SpA
14293,Nordglass II Sp. z O.O.
14294,"MINGCHI GLASS CO., LTD."
14295,Chonche Group Nanjing 7425 Factory
14296,"JAWOOPLATECH CO., LTD."
14297,"FUJIAN GUANGHUA GLASS CO., LTD."
14298,"Henan Yahua Safety Glass Co., Ltd."
14299,"FUJIAN LAIKE PETROCHEMICAL CO., LTD."
14300,"Huizhoushi Dade Glass Co., Ltd."
14301,Malo S.p.A.
14302,"Guangzhou Fuyao Glass Co., Ltd."
14303,RJC GLASS LIMITED-TOUGHGLASS
14304,A.R.C. INDUSTRIES INC.
14305,Hiflex Fluidtechnik Limited
14306,Industria Nacional De Parabrisas Laminados S.A.I.C.  -- Inapal
14307,Korea Autoglass Corporation
14308,"Guangzhou Dongxu Automobile Glass Co., Ltd."
14309,KYUMG SEONG TEMPERED GLASS
14311,HANKUK SEKURIT LIMITED
14312,"Wuhan Yaohua Pilkington Safety Glass Co., Ltd."
14313,Vetro Sud SRL
14314,"TRQSS, Inc."
14315,"Active-Cycles (China) Co., Ltd."
14316,Lien T'ung P&F Co. Ltd.
14317,Prevent Glass S.A.S.
14318,PRUITT EQUIPMENT LLC
14319,teutonia Kinderwagenfabrik GmbH
14320,"Ningbo Saiting Electric Bicycle Science & Technology Co., Ltd."
14321,"LEXANI MOTORCARS "
14322,Dneproshina JSC
14323,Autosock AS
14324,Sumitomo Rubber do Brasil Ltda.
14325,"SUMITOMO RUBBER (HUNAN) CO., LTD."
14326,"Sumitomo Rubber (Thailand) Co., Ltd."
14327,"Cheng Shin Tire & Rubber (Chongqing) Co., Ltd."
14328,"SVIFFLUG, S. DE R.L. DE C.V."
14330,"RIZHAO XURI AUTO PARTS CO., LTD."
14333,"ROKON INTERNATIONAL, INC."
14337,"THAI HONDA CO., LTD."
14338,American Glass Products Do Brasil Ltda.
14340,"TRACTOREMOLQUES Y ADAPTACIONES, SA DE CV"
14341,MC GUBER
14342,Techking Tires Limited
14343,ChongQing Kaler Motorcycle Mfg Company Ltd.
14344,"CHONGQING WEIXING RUBBER INDUSTRY CO., LTD."
14345,"ACME RUBBER IND. CO., LTD."
14346,"LONGKOU CITY LONGFA INDUSTRY AND TRADE CO., LTD."
14347,"TRANSKIA CO., LTD."
14348,POLYHOSE INDIA PVT LTD
14349,Reifenwerk Heidenau GmbH & Co.
14350,"SEYEN HEAVY INDUSTRIES (SHANGHAI) CO., LTD."
14351,APOLLO TYRES LIMITED
14352,"MANIOBRAS EQUIPOS Y CONSTRUCCIONES DE TAMAULIPAS, S.A. DE C.V."
14353,Gemolques Tavasci/Gerardo Roberto Tavasci Interian
14354,"UNICAPE AUTO PARTS CO., LTD."
14355,"Gas Gas Motos, S.A."
14356,TECGLASS INDUSTRIA E COMERCIO DE VIDROS
14357,"GUANGZHOU CHIMING ELECTRONIC TECHNOLOGY CO., LTD."
14358,Serisur S.A. Tire Restreading
14359,TOYOTA INDUSTRIES CORPORATION
14360,SENTAIDA GROUP CO.
14361,"NINGBO GLOBAL KIDS BABY PRODUCTS CO.,LTD"
14362,"Zhejiang Jiali Industry Co., Ltd."
14363,Twinglass Vidros Ltd.
14364,IMPACT SAFETY GLASS WORKS PVT. LTD.
14365,"Xuchang Huanyu Safety Glass Co., Ltd."
14366,"Lung Ming Li Co., Ltd."
14367,"COX FABRICATION, INC."
14368,Han Duck Tempered Glass Company
14369,"Heshan Zhengda Auto Glass Co., Ltd."
14370,"Zhangjiagang City Muden Automobile Accessory Co., Ltd."
14371,Daikyo Nishikawa Corporation
14372,Tempersinos Industria E Comercio De Vidros Ltda
14373,Brightpower Optoelectronic Technology Company
14374,"Rainbow Trust Industrial Co., Ltd."
14375,Jiaozuo Xunfan Specical Glass Factory
14376,"Xuchang Fuhua Glass Co., Ltd."
14377,"Plavica Ven, C.A."
14378,MIGLASS LIMITED
14379,AUTOMOBILI LAMBORGHINI SPA
14380,DANANG RUBBER JOINT STOCK COMPANY
14381,FRARY TRANSPORT SERVICES INC.
14382,"TRELLEBORG WHEEL SYSTEMS AMERICAS, INC."
14383,"OSRAM SYLVANIA, INC."
14385,"CONECTORES, FLEXIBLES AUTOMOTRICES, SA. DE C.V."
14386,Flexitech Do Brasil Industria e Comerio de Mangueiras de Freios Ltda
14387,Hankook Tire Hungary Ltd.
14388,"GINOVE, Inc."
14389,Precisions Provencal Inc.
14390,"INPAK VEHICLES, INC."
14391,Kirsch Kunststofftechnik GmbH
14392,GREEN LINE MANUFACTURING LTD
14393,"Jiangsu FuAo Mould Plastic Co., Ltd."
14394,"Zhucheng Guoxin Rubber Co., Ltd."
14395,"SAILUN GROUP CO., LTD."
14396,"The Liberty Motor Co., Inc."
14397,"ZHEJIANG LEGEND ELECTRIC VEHICLE CO., LTD."
14398,Ironhead Rubber Technologies
14399,Roadtrek Motorhomes Inc.
14400,Schefer Comercio Internacional
14401,JK Tyre & Industries Limited
14402,DESERT HOSE & SUPPLY
14403,ABC HYDRAULICS
14404,KENSWELL TUBE FORMING
14405,"G-TECH CO., LTD"
14406,Agudelo S.J Ingenieria
14407,SERVICE TYRES PRIVATE LIMITED
14408,KIMBERLEY KAMPERS MANUFACTURING PTY. LTD.
14409,"Shandong Jinwangda Tire Co., Ltd."
14410,Geotek Ltd.
14411,"SHANGHAI NICHIRIN AUTOMOBILE ACCESSORIES CO., LTD."
14412,Nichirin Vietnam Company Limited
14413,QINGDAO SUNSONG CO LTD
14414,DAIMLER AG -- VAN DIVISION
14415,"NICHIRIN RUBBER (SHANGHAI) CO., LTD."
14416,Michelin India TamilNadu Tyres PVT. Ltd.
14417,Rechapage Belisle Quebec Inc
14418,CORPORATION MICRO BIRD INC.
14419,"Qingdao Odyking Tyre Co., Ltd."
14420,LEGEND-WIDE TECHNOLOGY INC. D/B/A AERO MOTORS GROUP ( AMG )
14421,TUFF BUILT PRODUCTS INC.
14422,Colun Vehicles Corp
14423,Bremach Industrie S.r.l.
14424,ANSOR SPA
14425,"""ZMA"" Inc. (Russia)"
14426,PJSC
14427,VOSLA GMBH
14428,Oriental Export Corporation
14429,Vyrus Divisione Motori SRL
14430,MOTOR COACH INDUSTRIES LIMITED
14431,"Taizhou Xinli Machinery Manufacturing Co., Ltd."
14432,GUANGDONG DAFU MOTORCYCLE CO LTD.
14433,"Zhejiang Taifa Machinery & Electronics Industrial Co., Ltd."
14434,"LONCIN GROUP IMPORT & EXPORT CO., LTD."
14435,Glass Industry s.r.o.
14436,Ace Performance Parts
14437,"Laiwu Sunshine Tyre Co., Ltd."
14438,"Weifang Huantai Rubber Co., Ltd."
14439,Nexen Tire Corporation
14440,Qingdao Nexen Tire Corporation
14441,PT. Nichirin Indonesia
14442,Nichirin Coupler Tec Mexico S.A. De C.V.
14443,"Hebei Zhongxing Automobile Co., Ltd."
14444,Petroshina Joint-stock Company
14446,"TOYAMA TYRE CORP., LTD"
14447,"TEXAS WIDE WELDING & SERVICES, LLC."
14449,Northwest Glass Products Inc.
14450,CANADIAN TREADS CORPORATION
14451,"OLYMPIC TRAILERES & TRUCKBEDS, SA DE CV"
14453,ORAN SAFETY GLASS
14454,TRIGO SELECT PREFABRICADOS S. DE R.L. DE C.V.
14455,OXYGEN S.P.A
14456,"KEERUN TIRE (RIZHAO) CO.,LTD."
14457,"SHANGHAI HONGLI METAL MATERIAL CO., LTD."
14458,Panasonic Corporation
14459,VALMET AUTOMOTIVE INC.
14460,DAIMLER BUSES GMBH
14461,Tolins Tyres PVT. LTD.
14462,PIAGGIO & C.S.P.A.
14463,NACIONAL MOTOR S.A.U.
14464,MAXION WHEELS USA LLC
14465,PILKINGTON AUTOMOTIVE INDIA PRIVATE LIMITED
14466,"SHANDONG ANXING GLASS PRODUCTS CO., LTD."
14467,Pirelli Neumaticos S.A. de C.V.
14468,"VITRO, S.A.B. DE C.V. (Poland)"
14469,PLAZIT 2001
14470,DeMonte Fabricating Ltd.
14471,I-Greatest Rubber Ind. Co. Ltd.
14472,"Green.Tec Electric Technology Co., Ltd."
14473,CYBEX Industrial Ltd.
14474,BIG LOWBOY S DE RL DE CV
14475,Teschner Motorhome Manufacture
14476,DYMAG RACING UK LIMITED
14477,"Faw Bus and Coach (WUXI) Co., Ltd."
14478,Tema Plast S.R.L.
14479,"AD Motors Co., Ltd."
14480,Castrol India Limited
14481,Maico International
14482,IEE S.A.
14483,GUIDOSIMPLEX SRL
14484,"HOSE & RUBBER PRODUCTS, INC "
14485,MOGI MFG
14486,NILFISK PRESSURE-PRO LLC
14487,AGV S.p.A.
14488,"YUYAO HOJA LIGHTING PRODUCTS CO., LTD."
14489,"Shan Dong Lu Jun Electric Vehicle Co., Ltd."
14490,"Zhanjiang Global Steel Wheel Manufacturing Co., Ltd."
14491,Riderz Ragz Inc.
14492,ACE MANUFACTURING LLC
14493,C.I.D. srl Compagnia Italiana Deflettori
14494,SPA STAMPAGGIO PLASTICA E AFFINI SPA
14495,Lenti srl
14497,SAAB AUTOMOBILE AB
14498,"MONTOYA, ARNOLD, INDIVIDUAL"
14499,"SAILUN (SHENYANG) TIRE CO., LTD."
14500,"BAYI RUBBER CO., LTD."
14501,FAUTRAS HORSE TRAILERS (JLFD PRODUCTION)
14502,"ALL HOSE, INC"
14503,TROJAN IND. INC
14504,MOUSE HOUSE TINY HOMES LLC
14505,Jiangmen Giantco Motorcycle Company Limited
14506,"ESUSE Auto Parts Mfg. Co., Ltd."
14507,SISECAM OTOMOTIV A.S.
14508,WABASH NATIONAL CORPORATION
14509,Ortakci Cam Tic. Ve San. A.S.
14510,SISECAM AUTOMOTIVE BULGARIA EAD
14511,"VIZAHEM, BELGRADE"
14513,CROSS ROADS RV
14514,"Weifang Yuelong Rubber Co., Ltd."
14515,"Chaoyang Long March Tyre New Co., Ltd."
14516,"Rui'an Bentai Car Accessories Co., Ltd."
14518,LOVE'S TRUCK SOLUTIONS LLC
14520,"NCC VIETNAM CO., LTD."
14521,"BAODING JIANQIANG BRAKE HOSE CO., LTD."
14522,"SICHUAN YUANXING RUBBER CO., LTD."
14523,"Qingzhou Huachen Rubber Co., Ltd."
14524,"Dezhou Linglong Tyre Co., Ltd."
14525,"EUDEMON TIRE CO.,LTD."
14526,"Dongying Zhongyi Rubber Co., Ltd."
14527,"Weifang Huari Rubber Co., Ltd."
14528,"Chongqing Dragon Rubber Products Co., Ltd."
14529,"Weifang Angu Rubber Industry Co., Ltd."
14530,"Shandong Cascen Rubber Ind., Ltd."
14531,TianJin XieLi Rubber Product Limited Company
14532,Nortop Canada Inc.
14533,CALECHE USA
14534,Remolques Tanques Equipos S.A de C.V
14535,Willy Dog Ltd.
14536,RHC specialni privesy
14537,S.A.G. Safety Glass Co.
14538,"NANT CORPORATION "
14539,"DONGYING DURUN TYRE CO., LTD."
14540,"Weifang Huadong Rubber Co., Ltd."
14541,"SEAGRAVE FIRE APPARATUS, LLC"
14542,"ChangChun FAW Sihuan Automobile CO.,Ltd. Wheel Branch Company"
14543,"GUANGRAO GEE-STAR TIRE CO., LTD."
14544,"SHANDONG HUGERUBBER CO., LTD. "
14545,"Jiangsu Roc Tyres Co., LTD"
14546,ALLIANCE CONCRETE PUMPS USA LP
14547,"T&R TALLERES, S.A. DE C.V."
14548,"JIANGSU SUNHOU S&T MOTORCYCLE CO., LTD."
14549,Tana Oy
14550,"Zhuhai Tectran Automobile Equipment Co., Ltd."
14551,"UTILITY TRAILER SALES OF IDAHO, INC."
14552,"CIXI JINMAO CAR PARTS CO., LTD."
14553,AUTOPORT INC.
14554,"WUXI RISHO TECHNOLOGY CO., LTD."
14555,APPLE GLASS PERUANA S.A.C
14556,"SHANDONG JILUER TYRE CO., LTD."
14557,"NINGBO ANGRICHT AUTO PARTS CO., LTD"
14558,"CHANGZHOU BOMEI GLASS CO., LTD"
14560,"Ultra Motor Taiwan Co., Ltd."
14561,"SHANDONG CHANGLU HONG TIRE CO., LTD."
14562,Hanil RUS LLC
14563,CROWN NORTH AMERICA INC.
14564,"CONSTRUCTORA DHAP, S.A. DE C.V."
14565,Qingdao Great Rubber Factory
14566,"Shandong Goodtyre Rubber Co., Ltd."
14567,"GUILIN BEILI TYRE CO.,LTD."
14568,CARZOOM VEHICLE PARTS MANUFACTURE LTD.
14569,COGBURN & COGBURN LLC
14570,TOYO TIRE CORPORATION
14571,"Toyo Tire (Zhangjiagang) Co., Ltd. "
14572,"Toyo Tire and Rubber Co., Ltd."
14573,Toyo Tyre Malaysia Sdn Bhd
14574,"Shandong Xingmin Wheel Co., Ltd."
14575,"Qingzhou Dajinma Motorcycle Co., Ltd."
14576,PT Suryaraya Rubberindo Industries
14577,Danng Rubber Joint Stock Company
14578,RGR Conexoes Industria E Comercio Ltda
14579,PT. BANTENG PRATAMA RUBBER
14580,The Southern Rubber Industry of Join Stock Company (CASUMINA)
14581,SBU-SOCIEDADE BRASILEIRA DE USINAGENS LTDA.
14582,MRF Limited
14583,CEAT LIMITED
14584,UD Trucks Corporation
14585,Hangzhou General Rubber Factory
14586,Diesse Rubber Hoses s.p.a.
14587,Federal Corporation
14588,"NANJING VMOTO MANUFACTURING CO., LTD."
14589,FUNKE & WILL AG
14590,Magistral Ltd.
14591,BRIGHT SUN MANAGEMENT L.L.C
14592,HANVEY ENGINEERING & DESIGN
14593,MPAK MOTOR COMPANY INC.
14594,ADVANCED FABRICATORS CORP
14595,"ROCKIN D HYDRAULIC SERVICES, LLC"
14596,NOVA BUS INC.
14597,"VOLVO GROUP MEXICO, S.A. DE C.V."
14600,Webasto Solar GmbH
14601,"Qingdao Yi-He Pipes Co., Ltd."
14602,Ultronix Products Ltd.
14603,"Yuyao Yuhua Industry & Trade Co., Ltd."
14604,"Zhejiang Topsun Logistic Control Co., Ltd."
14605,TRANSPORT CUSTOM DESIGNS LLC
14606,"HUBEI QUANLI CASTING CO., LTD."
14607,"Jiangsu Xiongfeng Vehicle, LTD"
14608,"YUHUAN AIGEMA COOPER CO., LTD."
14609,Zhejiang Xinyang Industry Co. Ltd.
14610,"Yamaha Motor Co., Ltd."
14611,"BYD AUTO CO., LTD."
14612,"GUANGDONG FOSTI MOTOR INDUSTRY CO., LTD."
14613,YOKOHAMA INDIA PRIVATE LTD.
14614,Yokohama R.P.Z.
14615,DongGuan Huacheng Tyre Factory
14616,"QINGDAO CHONGKUN INDUSTRIAL DEVELOPMENT CO., LTD."
14617,ZEINTEC AUTOMOTIVE TECHNOLOGIES (PTY) LTD.
14618,CHONGQING ZONGSHEN GROUP I/E CORP.
14619,DAIWA MOTOR PARTS CORPORATION
14620,"Changzhou Longhua Shuangyi Metal Tools Co., Ltd."
14621,"QINGDAO QIANZHEN TYRE CO., LTD."
14622,"Zhejiang Xinqi Auto Parts Manufacturing Co., Ltd"
14623,"Zhuhai Yintong Power Technology Co., Ltd."
14624,Zhejiang GongZheng Auto Parts Factory
14625,"GROOVY ADVENTURES, INC. DBA SLEEP AND GO"
14626,"METRO WORLDWIDE, LLC"
14627,MIGUEL'S TRUCKS AND TRAILERS SALES INC.
14628,"FOSHAN SUNWAY AUTO ELECTRICAL CO., LTD."
14629,"JIANGSU HUACHENG TECHNOLOGY CO., LTD"
14630,GLOHH
14631,"SYP KANGQIAO AUTOGLASS CO., LTD."
14632,"WUHAN SYP KANGQIAO AUTOGLASS CO., LTD."
14633,"YIZHENG YAOPI AUTOGLASS CO., LTD."
14634,"Fujian Haian Rubber Co., Ltd. "
14635,"NANJING 7425 RUBBER & PLASTIC CO., LTD."
14636,"GUANGDONG SAMMOON AUTO ELECTRONICS CO., LTD"
14638,"Rich Fluid Tech, Inc."
14639,"NINGBO SHIJUN AUTO PARTS TECHNOLOGY CO., LTD."
14640,"SICHUAN CHUANHUAN TECHNOLOGY CO., LTD. "
14641,"Taizhou Zhen Tong Pipe Co., Ltd"
14642,"Xiangyang Luoshen Automobile Glass Co., Ltd. "
14643,FR CONVERSIONS
14644,"Zhejiang Feifang Valve Co., Ltd."
14645,"Zhejiang Yalida Machinery Co., Ltd. "
14646,"IRON MEN INDUSTRIES INC "
14647,JJJR'S TRUCK REPAIR MAINTENANCE MANAGEMENT SERVICES INC.
14648,"VARROC LIGHTING SYSTEMS, INC."
14649,JIUJIANG JINYOMI HARDWARE & PLASTIC FACTORY
14650,"Zhejiang Luyan Electric Vehicle Co., Ltd."
14651,"Zhuji Longway Pipe Industry Co., Ltd."
14652,"GENAVE/NRC, INC."
14653,"KENDA RUBBER (VIETNAM) CO., LTD."
14654,"KENDA RUBBER (CHINA) CO., LTD"
14655,"KENDA RUBBER INDUSTRIAL COMPANY, LTD"
14656,"KENDA RUBBER INDUSTRIAL CO, LTD"
14657,Taizhou Jiao Jiang Zhi Wei Motorcycle Mfg
14658,RA.MA s.r.l.
14659,OKIE BUILT TRAILERS LLC
14660,ANDYS PRO TIRE AND AUTO
14661,"CAGED CROW FABRICATION, LLC"
14662,A.M. HAIRE MANUFACTURING AND SERVICE CORPORATION
14663,"TRUCK EQUIPMENT SALES, LLC"
14664,SPECIALTY PERFORMANCE
14665,"SHOUGUANG FIREMAX TYRE CO., LTD."
14666,EKC INTERNATIONAL FZE
14667,New-Line Products Ltd.
14668,"HANKOOK TIRE CHINA CO., LTD."
14669,"Jiangsu Hankook Tire Co., Ltd."
14670,"Shandong Yongfeng Tyres Co., Ltd."
14671,GOVECS AG
14674,AU TO GARDEN LIMITED
14675,Vetraria Poli srl
14676,"Qingdao Xiyingmen Double Camel Tyre Co., Ltd."
14678,FORD WERKE AG
14679,"ZERO4OUTDOORS, LLC"
14680,"Sailun (Vietnam) Co., Ltd."
14681,"ANHUI JICHI TIRE CO.,LTD"
14682,"GUANGDONG DONNELLY ZHENHUA AUTOMOTIVE SYSTEMS CO., LTD."
14683,BROADWAY BRAKE CORP
14684,"Jiaxing Feng Pai Wheel Co., Ltd."
14685,KEBODA TECHNOLOGY CORP.
14686,"LONGKOU YONGAN VEHICLE WINDOW CO., LTD"
14687,"Qingdao Putian Automobile Parts Co., Ltd."
14688,"FLEX TRAILERS, LLC"
14689,"Shenzhen Global Media Electronic Technology Development Co., Ltd."
14690,Sumitomo Rubber AKO Lastik Sanayi ve Ticaret A.S.
14691,"HONDA VIETNAM CO., LTD."
14692,"QINGDAO LONG DISTANCE TECHNOLOGY CO., LTD"
14693,"Airfit Global Co., Ltd."
14694,"Panasonic Works Co., Ltd. dba Matsushita Electric Works Ltd."
14695,ABT SPORTSLINE GMBH
14696,"Ancara, S.A. DE C.V."
14698,Wastebuilt Environmental Solutions LLC
14699,"Elite Metal Perfomance, LLC"
14700,"RELIC CUSTOM TRAILERS, LLC"
14701,Wabtee Global Services
14702,Wayne Truck and Trailer Ltd.
14703,Chongqing Nan'an Xinxin Metal Machining Plant
14704,WEBASTO LUXEMBOURG S.A.
14705,FRF Hydraulic Inc.
14706,"GGC-GLOBAL GENERATION CULT, GMBH"
14707,"I Greatest Rubber Ind. Co., Ltd."
14708,"GARDNER CRYOGENICS, A DEPT OF AIR PRODUCTS & CHEMICALS, INC."
14709,FAIRVIEW LTD.
14710,"Zhejiang Fangdun Instrument Valve Co., Ltd."
14711,Release Industrial Technology LLC
14712,THE DOLOMITE GROUP
14713,MARQUEZ BROTHERS INC.
14714,3P S.R.L.
14715,BLR Motors Limited
14716,"Ag Dryer Services, Inc."
14717,Glaspo Sp. Zo.o.
14718,MIDWEST TRAILER MANUFACTURING LLC
14719,DBA Taller Fehr
14720,"CHANGZHOU HAOJUE SUZUKI MOTORCYCLE CO., LTD."
14721,NANJING HONGDING AUTO PARTS LTD
14722,"Jiangsu Feituo Auto Mirror System Co., Ltd"
14723,"Hongfa Motor Vehicle Fittings Col., Ltd."
14724,Gruter+Gut GmbH Technik+Emotion
14725,GRUPO INDUSTRIAL PERSAL S.A. DE C.V.
14726,"GRECER, SA DE CV"
14728,Jizhou Yongxing Kaidi Rubber Plastic Factory
14729,J-TECH CORPORATION
14730,"GOODTIRE RUBBER INDUSTRIAL(VIETNAM) CO., LTD"
14731,"LLIT (THAILAND) CO., LTD."
14733,BASIN ELECTRIC POWER COOPERATIVE
14734,PRODUCCION DE MANGUERAS PLASTICS NAM SA DE CV
14735,"Shanghai Top Team Trade Co., Ltd."
14736,Polyhose India (Rubber ) PVT. Ltd.
14737,Taller y Maquinaria S.A. de C.V.
14738,PT. Muliaglass
14741,"CANGZHOU JINLI AUTO PARTS MANUFACTURING CO., LTD."
14742,CAMBLI GROUP INC.
14743,Zhejiang Junda Wheel Manufacturing Co.
14744,"Shandong Duratti Rubber Corporation Co., Ltd."
14745,THAI SUZUKI MOTOR CO. LTD.
14746,"Qingdao Fuyingda Rubber Co., Ltd."
14747,"VIA Motors Latin America Manufacturing, S.A.P.I. de C.V."
14748,Scutum Logistic S.L.
14749,"SHANDONG FENGYUAN TIRE MANUFACTURING CO.,LTD"
14750,SHIFENG JUXING TIRE CO LTD
14751,"TAIZHOU TAIYANGFENG RUBBER CO.,LTD"
14752,Yuyao Yaobeixingchen Electrical Appliance Factory
14753,"Siam Rubber Ltd., Part."
14754,"SHANDONG COCREA TYRE CO., LTD"
14755,"RED OAK HYDRAULICS, LLC"
14756,"KACE TRAILERS, LLC"
14757,"Alcoa Wheel Products Mexico, S. De R. L. De C.V."
14758,"Alpha Innovation Co., Ltd."
14760,"ANSHAN TYRE CO.,LTD"
14761,ALP'VERRE GLASSOLUTIONS ANNECY
14762,"Wuyi Fengyua Mining Machine Manufacturing Co., Ltd."
14763,"Xinyi Automobile Glass (Dongguan) Co., Ltd."
14764,XYG (HK) Limited
14765,"VIKING HOSE AND FITTINGS, LLC"
14766,Dotto S.R.L.
14767,Serhan Acar
14768,Eku Fren Kampanasi ve Dok. San. A.S.
14769,Gas Turbine Efficiency AB
14770,SISECAM AUTOMOTIVE ROMANIA S.A.
14771,Glassoulutions Charles Andre
14772,FLX INDUSTRIES INCORPORATED
14773,LIGHTNING MOTORS CORP
14774,JAGUAR CARS LIMITED
14775,"Jiangmen Qingqi Huanan Motorcycle Co., Ltd."
14776,"Shandong Guopeng Rubber Co., Ltd"
14777,AMERICAN ENGINEERING GROUP LLC
14778,BIG JOHN MANUFACTURING CORPORATION
14779,"Sentury Tire (Thailand) Co., Ltd."
14780,SCHEUERLE FAHRZEUGFABRIK GMBH
14781,SAINT-GOBAIN PRIME GLASS WORKING S.R.L.
14782,MOTO HONDA DA AMAZONIA LTDA.
14783,NANOGATE GLAZING SYSTEMS B.V.
14784,"Open Joint Staock Company ""OMSKSHINA"""
14785,"Ozka Lastik Ve Kaucuk San. Tic. A.S. "
14786,"Qingdao Deji Wheel Cart Co., Ltd."
14787,Zhuozhou Taoyuan Automobile Glass Company
14788,"Zhuji Qinwei Hydraulic & Pneumatic Components Co., Ltd."
14789,"TD Manufacturas Metalicas, S. DE R.L MI"
14790,"SUNDIRO HONDA MOTORCYCLE CO., LTD."
14791,"Sumitomo Bakelite Co., Ltd. "
14792,steel impex & Industries
14793,DIAMOND K CORPORATION
14794,"Bridgeview Manufacturing, Inc."
14795,Brinkoflex BV
14796,CAN AM GLASS PRODUCTS LTD
14797,Carello Industriale S.P.A.
14798,"Carl F. Schroth, GMBH"
14799,"Carlisle Tire & Rubber Co., Ltd."
14800,Carlisle Tire Co.
14801,Changchun Pilkington Safety Glass Company Limited
14802,"Changzhou Yougguang Vehicle Industry Co Ltd "
14803,"Deestone International Co., Ltd."
14804,"Express Shuttle Service, Inc."
14805,FERRARI S.P.A.
14806,Forrest Partnership T/A Glasshape
14807,"SUMITOMO RUBBER INDUSTRIES, LTD."
14808,"Sumitomo Rubber (Suzhou) Co., Ltd."
14809,"Yantai Yihua Autoglass Co., Ltd."
14810,"Yau Bong Car Glass Company, Ltd."
14811,GLASSEK S.A.
14812,PG Products Industria e Comercio de Vidros Ltda
14813,"Societe Verriere de LAtlantique (SVA) "
14814,Spring Auto Parts Industrial Corp.
14816,"GUANGZHOU AURORA LIGHTING CO., LTD"
14817,GREENMAN MACHINERY GROUP(HK)LIMITED
14818,HPD CONTRATISTAS GENERALES SAC
14819,INCOVISA COMERÇIO IMPORTACÄO E EXPORTAÇÄO LTDA
14820,GUANGZHOU LOYO ELECTORNIC FACTORY
14821,KODIAK UPFITTERS LLC.
14823,PARABRISAS Y LAMINADOS NACIONALES S.A.DE.C.V.
14824,"TAIZHOU HUANGYAN SHENTUO VEHICLE CO., LTD"
14825,INDIGAN
14826,Adana Haci Sabanci Organize
14827,"FERGUSON FARMS, INC"
14828,"JDC ENTERPRISES, INC."
14829,2000007 Ontario Inc.
14830,ACE TYRES PRIVATE LIMITED
14831,"Aces Autocreations "
14832,AFX North America Inc.
14833,"AGC Automotive Mexico, S. de R.L. de C.V."
14834,Associated Ceat (PVT) Limited
14836,BEIJING SHENZHOU RODIA INDUSTRY & TRADE CO. LTD.
14837,"Beiqi Foton Motor Co., Ltd."
14838,BORUM INDUSTRI A/S
14839,CHANGZHOU PENGXIANG AUTOMOBILE DECORATION FACTORY
14840,"JIANTE (ZHEJING) TRANSPORTATION EQUIPMENT CO., LTD."
14841,"ZHEJIANG FANGWEI RUBBER HOSE TECHNOLOGY CO.,LTD."
14842,"PRO FAB US, S.A. DE C.V."
14843,"Bridgestone (Shenyang) Tire., Ltd."
14844,"CAM-CONCEPT, INC."
14845,Ceat Kelani Radials (PVT) Limited
14846,CIPSA Industrias S.A. de C.V.
14847,CJC 2000 Inc.
14848,"COOPER (KUNSHAN) TIRE CO., LTD."
14850,"Corporacion de Occidente, SA de CV"
14851,"Dae Woo Engineering Co., Ltd"
14852,SOUTHERN TRUCK EQUIPMENT.
14853,Detroit Electric UK Ltd
14854,801 TRAILER MANUFACTURING
14855,Dinolift Oy
14856,Dongguan LvTong Golf & Sightseeing Cars Co.
14857,"Empresas Y Equipos Industriales, S.A. De C.V."
14858,"FRAENKISCHE PIPE-SYSTEMS (SHANGHAI) CO., LTD."
14859,FRUEHAUF DE MEXICO S.A. DE C.V.
14860,"FUYAO GROUP (SHENYANG) AUTOMOTIVE GLASS CO., LTD"
14861,GRANDE WEST TRANSPORTATION INTERNATIONAL LTD.
14862,MUNNS MANUFACTURING INC
14863,"CYPRESS CREEK MOTORSPORTS II, LLC"
14864,"Hangzhou Tle Tools Co., Ltd."
14865,Henan Huanyu Glass Tech Corp.
14866,"Henan Shenbang Tire co., Ltd."
14867,Hog Billets Pty Ltd t/a Motorworxsa
14868,Hubei Longyao Auto Glass Co. Ltd.
14869,"Hwa Li Industrial Co., Ltd."
14870,"Innova Rubber Co., Ltd"
14871,EISEN MOTOR COMPANY
14872,Jerry Light Pty Ltd
14873,"Jiangsu Hongchang Sci-Tech Co., LTD"
14874,"JIANGSU SANYUAN TIRE CO., LTD."
14875,"Jianxin Tyre (Fujian) Co., Ltd."
14876,"Kart Performance Trailers Inc. "
14877,"Kyo Wa Racing Co., Ltd."
14878,"LIFENG GROUP CO., LTD."
14879,Masats S.A.
14880,Maxxis Rubber India Private Limited
14881,"ALPHA TRUCK SOLUTIONS, INC."
14882,N54Tuning
14883,NINGBO AIRFIT PNEUMATIC & HYDRAULIC CO. LTD.
14884,"Old Pine Compania, S.A. de C.V."
14885,BG CYCLES
14886,Petlas Tyre Industry and Trade Company
14887,PRINX CHENGSHAN (SHANDONG) TIRE COMPANY LTD.
14888,PT. Maxxis International Indonesia
14889,"Qingdao Fudong Tyre co., Ltd."
14890,Qingdao KST Technology Inc.
14891,"SICHUAN DUANHUI LIDA ELECTRONIC TECHNOLOGY CO., LTD."
14892,Ricden Auto Import Inc.
14893,"RUI'AN GAODA VEHICLE PARTS CO., LTD"
14894,Saint-Gobain Argentina S.A.
14895,SAINT-GOBAIN INNOVATIVE MATERIALS POLSKA SP. Z.O.O.
14896,"SANRAY ELECTRONIC CORP., LTD."
14897,SBH Extrusion S.R.L.
14898,"Semiremolques el Paisano, S.A. de C.V."
14899,"Shandong PGW Jinjing Automotive Glass Co., Ltd."
14900,"Shanghai Meiji Auto Parts Co., Ltd. "
14901,"Shih Fa Rubber Industries (VN) Co., Ltd."
14902,"Soltechnology Co., Ltd."
14903,Soudure A.C.N.S. Inc.
14904,Zhehiang Taizhou Wangye Power Factory
14905,"STRATEGIC SPORTS, LTD."
14907,"Taizhou Hezhan Auto Parts Co., Ltd."
14908,TI Automotive GmbH
14909,"Touchdown International Co., Ltd."
14910,DI MAGGIO TIRES-MICHIGAN INC.
14911,"Trailers Concar De Mexico, S. de R.L. de C.V."
14912,TRISTAR TYRE FACTORY
14913,"Curtis (Chih-Chung) Lin "
14914,VOLVO CAR CORPORATION
14915,"MAINTENANCE SERVICES, INC."
14916,Gateway Teardrops LLC
14917,COUNTRY BLACKSMITH LLC
14918,CAROLINA CUSTOM GOLF CARTS
14919,"OUTER BANKS BEACH BUGGIES, LLC"
14920,US FLEET SERVICES CORP.
14921,GARDEN STATE BUS GROUP LLC
14922,WPI Global Ltd.
14926,XINYI GLASS (SICHUAN) COMPANY LIMITED
14928,"Yizheng Yaopi Autoglass Co., Ltd"
14934,"COLUMBIA PARCAR CUSTOM CARTS, INC."
14935,THORLEY INDUSTRIES LLC
14936,SATELLITE INDUSTRIES
14937,"MOHNEY FABRICATING & MANUFACTURING, LLC."
14938,"ELITE CUSTOM TRAILERS, LLC"
14939,SUNFUN RENTALS
14940,"Zhucheng Yiheshang Rubber Co., Ltd."
14941,Norwood Sales Inc.
14942,"ZHONG CE RUBBER (THAILAND) CO., LTD."
14943,Zhejiang Zhongda Techinal Export Co. Ltd.
14944,INLAD TRUCK & VAN EQUIPMENT/U.S. UPFITTERS INC.
14945,MODEL 1 COMMERCIAL VEHICLES
14946,JOHN EVANS MANUFACTURING CO.
14947,"RAM AUTO SUPPLY, INV"
14948,PARLIAMENT MOTOR COACH CORP
14949,ERICKSON INCORPORATED
14950,"HEIRLOOM, INC."
14951,REVOLOGY CARS LLC
14952,"OUTLAW FAB & CONSULTING LLC "
14953,"FWT-DW, LTD."
14954,LUEBKE'S TUBES & HOSES LLC
14955,"ROUTE17 CO.,LTD"
14956,"STRICK TRAILERS, LLC"
14957,GOODRIDGE (USA) INC
14958,CAR REPLICA TRAILERS
14959,"NYLONCRAFT, INC"
14960,"BORDER RECAPPING, LLC"
14961,EAGLE TRAILERS
14962,J-CRAFT
14964,"INDUSTRIAL SYSTEMS, INC."
14965,CROWN FOOD CARTS INCORPORATED
14966,"ZHEJIANG HANGTONG MACHINERY MANUFACTURING CO., LTD."
14967,"PERFORMANCE CUSTOM TRAILERS, INC."
14968,"AWOL OUTDOORS, INC. D/B/A CAMP365"
14969,JAMES REEVES INC.
14970,"NEW ENGLAND SELF-SERVE, INC."
14971,HARLEY-DAVIDSON DO BRASIL LTDA
14972,ROUTE 11 TRUCK & EQUIPMENT SALES AND SERVICE INC.
14973,RAYSIDE TRUCK & TRAILER
14974,INDUSTRIAL GLOBAL SALES
14975,"S&H TRAILERS, LLC"
14976,"J AND J FABRICATING, INC."
14977,"SHENZHEN Y&T TECHNOLOGY CO., LTD"
14979,RAMPLESS MOTORCYCLE TRAILERS LLC
14980,INTERNATIONAL HELMET COMPANY SA
14981,PRESSES ET CISAILLES LEFORT SA
14982,COAST INDUSTRIAL PARTS LTD
14983,"IZA DESIGN & MANUFACTURING, S.A DE C.V"
14984,"Shanghai Tung Kuang I Light Industry Co., Ltd."
14985,"CROSS TRAILERS, INC."
14986,CARBON REVOLUTION OPERATIONS PTY LTD
14991,"ZHONGCE RUBBER (FUYANG) CO.,LTD."
14992,CIRCLE R TRAILERS
14993,HOSE HEADQUARTERS (EDM. N.W.) LTD
14994,HOSE HEADQUARTERS (RED DEER) LTD
14995,CARAVAN OUTFITTER
14996,STAR AUTOHAUS
14997,VALLEY WELDING & TRAILER REPAIR
14998,MAUPIN WELDING INC
14999,SKYLINE ATTRACTIONS LLC
15000,HILLBILLY MANUFACTURING LLC
15001,"ATLAS LIFT TRAILERS, INC."
15002,CITECAR LLC
15004,BRAZOS TRAILER MANUFACTURING LLC
15005,MENTZER CUSTOM TRAILER MANUFACTURING
15006,"C3 DESIGN, INC. T/A FRANKLIN RETREATS"
15007,GREENPOWER MOTOR COMPANY INC.
15008,MIDDLE GEORGIA TRAILERS
15009,"BULLHEAD STEEL FABRICATORS, LLC"
15011,"BEST DRIVE, LLC"
15012,VENTURA COACH CORP
15013,"SOUTH CENTRAL INDUSTRIAL, LLC."
15014,COLVIN MOTORCYCLE
15015,GUN FIGHTER CUSTOMS
15016,NEXT STEP FAMILY OF PRODUCTS LLC
15017,"HUMVEE EXPORT, LLC"
15018,"ABSOLUTE HOSE & FITTINGS, LLC"
15019,SUSPENSION ONLINE
15020,BERNIE ENTERPRISES INC
15021,NATIONAL TRAILER INC
15022,HARLEY-DAVIDSON OFF-ROAD
15023,CHARLESTON RUBBER & GASKET
15024,"COLLIFLOWER, INC"
15025,LANIER HYDRAULIC HOSE & SUPPLY
15026,TUBES N HOSES WACO
15027,CONTRACTOR'S MAINTENANCE SERVICE
15028,"WOOD'S LOGGING SUPPLY, INC"
15029,RB PETERS
15030,LESTER'S GEAR & AUTOMATIC
15031,DU-TEK HOSE CENTER
15032,ROGUE ENGINEERING
15033,"R1 CONCEPTS, INC"
15034,SPRING TECH CORPORATION
15035,"HOUSE OF HOSE, INC"
15036,"HOSE & RUBBER SUPPLY, INC"
15037,ERA PRODUCTS INC.
15038,"ROYAL BRASS & HOSE, INC"
15039,CLUTCH MASTERS INC
15040,"HYDRAULIC SOLUTIONS, LLC"
15041,TUNE RS MOTORSPORTS
15042,PIRTEK WIXOM
15043,"LAUREAN CORPUZ, INDIVIDUAL"
15044,ROUGH COUNTRY
15045,LONESS MACHINE SHOP
15046,THEO'S AUTOMOTIVE
15047,PIRTEK-FENTON
15048,COLUMBIA RUBBER & GASKET CO. INC
15049,COMPETITION CLUTCH INC.
15050,"GEAR HEADZ, LLC"
15052,PIRTEK SAN FRANSISCO
15053,COAST CLUTCH & BRAKE SUPPLY
15054,CENTURY AUTO AIR
15055,"MRS AND SON, LLC"
15056,"TRI-C ENGINEERING, INC. DBA TRACKMASTER RACING FRAMES"
15057,CONQUEST TRIKE OF TAMPA BAY LLC
15058,"YANGZHOU KERIBO AUTO PARTS CO., LTD."
15059,"JUST IN FITTING CO., LTD"
15060,"WEIHAI HUAYANG RUBBER TECHNOLOGY BRANCH COMPANY, TRIANGLE TYRE CO., LTD"
15061,"EASTFORD FIRE & RESCUE SALES, INC."
15062,"KENWORTH NORTHEAST GROUP , INC"
15063,ISLAND CART RENTALS AND SALES
15064,STRONG BUILT TRAILERS LLC
15065,ILDERTON CONVERSION
15066,CONQUEROR MANUFACTURERS (PTY) LTD
15067,INDBUS ITALMAK DOOEL SKOPJE
15068,FORESHEE FLATBED LADDERS & MFG LLC
15069,ABKG ENTERPRISES INC.
15070,"MC TRAILERS, LLC"
15071,MAXION INCI JANT SANAYI AS
15072,MAXION WHEELS ESPANA SL
15073,MAXION WHEELS ITALIA SRL
15074,MAXION WHEELS KONIGSWINTER GMBH
15075,"XINYI AUTOMOBILE GLASS (SHENZHEN) CO., LTD."
15076,VENTER MANUFACTURING (PTY) LTD
15077,"Saint-Gobain Sekurit Portugal, Vidro Automovel, S.A."
15078,"LANXI YEMA MOTORCYCLE FITTINGS CO., LTD."
15079,"Tong Ho Hsing Industrial Co., Ltd."
15080,"CARFOLDIO, LTD"
15081,Hose Headquarters (FSJ) Ltd.
15082,CARROZZERIA PEZZAIOLI S.R.L.
15083,"RIZHAO YOUNAI TIRES CO., LTD."
15084,PT. GEMALA SARANAUPAYA
15085,"Core Power (Fujian) New Energy Automotive Co., Ltd."
15086,FLIR DETECTION INC.
15088,"TRU FORM, LLC"
15089,"RMH ENTERPRISES, INC"
15090,V & S INDUSTRIAL SUPPLY INC
15091,"PERFORMANCE SALES & SERVICE, INC."
15092,CH TRAILER COMPANY
15093,"SANYOU HOLDING GROUP YINYOU MOTORCYCLE CO., LTD"
15094,VENCHURS VEHICLE SYSTEMS LLC
15095,"FRANK K ELLINGTON, DBA SUNDROP SOLAR TRAILERS"
15096,TRADESMAN COMPANY
15097,"SPILLAR CUSTOM HITCHES, INC."
15098,SERVICIOS INDUSTRIALES GONZALEZ S.A. DE C.V.
15099,OFF THE GRID
15100,SPRINGFIELD TRAILER INC
15101,"TAIZHOU HUANGYAN CHUNFENG PLASTIC CO., LTD"
15102,DRIFTA CAMPING KITCHENS PTY LTD
15103,"CHANGZHOU ZHANCHEN BROWN AUTO SPARE PARTS CO., LTD"
15104,DURJA ENTERPRISE CORPORPATION
15105,"HYUNDAI STEEL INDUSTRIES, INC."
15107,RIMSTOCK PLC
15108,WILLIS EXTENDABLES
15109,"BARCLAY MANUFACTURING, LLC"
15110,VRV MANUFACTURE LLC
15111,"L3C, INC. D/B/A AG 98 TRAILER SALES"
15112,RED DEER CLASSICS LLC
15113,BAMA LOW SPEED VEHICLES
15116,ALLIANCE CONCRETE PUMPS INC.
15117,GOODRIDGE LTD
15118,"ZHEJIANG SHUNQI VEHICLE INDUSTRY CO.,LTD."
15119,"CHATTANOOGA RV TRAILERS, LLC DBA TINY HOUSE CHATTANOOGA"
15121,NAVARSA INDUSTRIES S DE RL DE CV
15122,"DURATECH INDUSTRIES INTERNATIONAL, INC."
15123,PINNACLE POWER SERVICES INC.
15124,"SCOTT BRIDGE COMPANY, INC."
15125,Oneness Mobility Service
15126,"1/OFF KUSTOMS, LLC"
15127,FIFER ORCHARDS
15128,DAKOTA TRAILERS
15129,SOUTHWEST PRODUCTS
15130,Henderson Products Inc.
15131,RIVER VALLEY TRAILER CO LLC
15133,WOLFPACK CHASSIS LLC
15134,"BROTHERS INDUSTRIAL SERVICES, LLC"
15135,"ALUMA PRO TRAILERS, LLC."
15136,"NANJING ORIENTLEADER TECHNOLOGY CO., LTD"
15137,NASHUA HOMES OF IDAHO DBA NASHUA BUILDERS
15138,"MALATESTA SUD SRL "
15139,ADAM OPEL AG
15140,GREGORY INDUSTRIES
15141,SRC MONTEZUMA LLC
15142,"CROSSROADS AMBULANCE SALES & SERVICE LLC "
15143,IMPAC MANUFACTURING INC.
15144,ABSOLUTE ABLUTIONS PTY LTD
15145,"NEXXPRO, SA"
15146,FLUIDOS VENEZOLANOS CA FLUVECA
15147,HUIZHOU LIGHT AND LIGHT ASIAN LIGHTING PROCESSING PLANT
15148,"ARAI HELMET, LIMITED"
15149,"SUPERALLOY INDUSTRIAL CO., LTD"
15150,"DBT DESIGNS, LLC."
15151,"AMERICAN TRUCK BODIES & REPAIR, INC."
15152,HIGGS WELDING LLC
15153,CARTS ON 12 INC.
15154,Unicell Body Company
15155,"RUBBER AND SPECIALTIES, INC"
15156,"HOSE & FITTINGS USA "
15157,"Consolidated Utility Equipment Service, Inc."
15158,Southern Truck Body
15159,"FORMAN PERFORMANCE, INC"
15160,DURACO INC
15161,"VITALIZADORA CORRECAMINOS, S.A. DE C.V."
15162,FLEXTOP TRAILERS LLC
15163,DARSAN TRADING CO.
15164,COWTOWN RETREADING LLC
15165,EXTREME TRAILERS LLC
15166,VB-AIRSUSPENSION NORTH AMERICA CORP.
15167,BULL CYCLES LLC
15168,BULL MANUFACTURING LLC.
15169,REISER MANUFACTURING CO INC
15170,"ELECTRIC VEHICLES INTERNATIONAL, LLC"
15171,MONTESA HONDA SA
15172,"JFM SERVICES, INC."
15173,"TJ OILFIELD SERVICES, LLC"
15174,UTILITY ONE SOURCE
15175,"NICK'S DIESEL SERVICE "
15176,TJC INC
15177,Plymouth Feed Co
15178,DANIEL LOHR
15179,SAEWON CO. LTD
15180,Prestige Custom Manufacturing LLC
15181,A2-SOLAR ADVANCED AND AUTOMOTIVE SOLAR SYSTEMS GMBH
15182,FIRST LINE INDUSTRIAL INC.
15183,CASTROL LTD.
15184,A SMITH GT BENTLEY LTD
15185,BAUER COMPRESSORS INC.
15186,"SPACE COAST HYDRAULICS, INC"
15187,"KJD ENTERPRISES, INC."
15188,"WORTHINGTON CRYOGENICS, LLC."
15189,"FIRST PRIORITY EMERGENCY VEHICLES, INC."
15190,Deep South Cargo Trailers LLC
15191,FTE AUTOMOTIVE (U.S)
15192,"OPPERMAN & SON, INC."
15193,GILBERT CHEVROLET COMPANY INC
15194,"TIMBERLEAF TRAILERS, INC."
15195,"UNDER PRESSURE CONNECTIONS, LLC"
15196,"MQ POWER (A DIVISION OF MULTIQUIP INC.) "
15197,NAPPI FABRICATION DESIGNES
15198,"KID MANUFACTURING "
15199,KINGS WAY TRAILER MFG.
15200,"KONDOR COACH BUILDERS, INC"
15201,"KREMCO, INC"
15202,Saris Aanhangers B.V.
15203,MAXXIM INDUSTRIES II S. DE R.L DE C.V.
15204,"KROSS KOUNTRY INDUSTRIES "
15205,MICHAEL LOEWEN REIMER DBA LOMAR INDUSTRY
15206,Proall International Mfg. Inc.
15207,"Thai Seat Belt Co., Ltd."
15209,"L & L CUSTOM TRAILERS "
15210,"Goodyear -- SLP, S.deR.L.deC.V."
15211,HJC Vina Limited Company
15212,"L.J. WELDING INC "
15213,GIDGET RETRO TEARDROP CAMPER PTY. LTD.
15214,"L.B. MANUFACTURING COMPANY "
15215,LADNER MANUFACTURING LTD
15216,LANDMARK INDUSTRIES INC.
15217,C.MATIC S.P.A.
15218,TRUCK-LITE EUROPE LTD.
15219,"LEITNER CORPORATION "
15220,BORBET GMBH
15221,KCP CONCRETE PUMPS LTD.
15222,"LHT INDUSTRIES, INC "
15223,"LIFETIME ALUMINUM TRAILER CO., INC "
15224,"LIFTCO INCORPORATED "
15225,"LINDIG MANUFACTURING CORPORATION "
15226,"LITTON RESOURCES SYSTEMS "
15227,"LONG TRAILER COMPANY, INC"
15228,"LUEDTKE MANUFACTURING, INC"
15229,LUPER'S TANK & TRAILER
15230,"M & G TANKERS LTD "
15231,"M & M FABRICATORS CORPORATION "
15232,"M & R MANUFACTURING "
15233,PT. Tokai Rika Safety Indonesia
15234,KYZER TRUCK AND TRAILER REPAIR INC
15235,MASCHINEFABRIK AUGSBURG- NUERNBERG
15236,M.G. RHOADS
15237,"MAMER'S "
15238,"MARATHON EQUIPMENT LTD "
15241,TRCZ s.r.o.
15242,"MARINE FIBERGLASS PRODUCTS, INC "
15243,"MARK'S TRAILERS, INC "
15250,MARLEY CONTINENTAL HOMES OF KANSAS
15251,"MARQUEZ MFG. CO. "
15252,"MARTIN MACHINE "
15253,"MAXI-CUBE TRANSPORT SYSTEMS, INC "
15254,MAYNARD & CO.
15255,"McCULLOUGH ALUMINUM TRAILER CO., INC "
15256,"MCKECHNIE CORPORATION "
15257,"MCR TECHNOLOGY, INC "
15258,"MEDIC EQUIPMENT CO, INC "
15259,"METAL FAB, INC "
15260,TOKAI RIKA MINDA INDIA PRIVATE LIMITED
15261,METZGER MACHINE & ENGINE CO.
15262,"TOKAI RIKA CO., LTD."
15263,"MGS GRAND SPORT "
15264,"MILLER'S WELDING SERVICE "
15265,"MINI BIG TRUCK OF TEXAS "
15266,MISTER TRAILER CO.
15267,"MITCHELL INDUSTRIES INC "
15268,"Motor Bike Imports, Inc"
15269,"MODERN, INC"
15270,"MOODY MANUFACTURING COMPANY "
15271,"MORGAN INDUSTRIES, INC "
15272,"MORSE BROS. INC "
15273,"MOYOCK MFG., INC "
15274,"MYERS PRODUCTS INCORPORATED "
15275,"NEOSHO FIBERGLASS CO. INC "
15276,"NISSAN RESEARCH & DEVELOPMENT, INC "
15277,"NORTRAIL PRODUCTS CO., INC "
15278,"ODOM TRAILER MFG. CO INC "
15279,"ODOM'S MANUFACTURING INC  WELDING "
15280,"OMNI TRAILERS, INC "
15281,"ON THE ROAD "
15282,"ONTARIO BUS INDUSTRIES, INC "
15283,PT. Gajah Tunggal Tbk.
15284,HJC Corporation
15285,"OREGON MANUFACTURING COMPANY, INC"
15286,OSTERLUND INC
15288,CLASSIC MANUFACTURING INC
15289,"PACIFIC ENERGY SYSTEMS, INC "
15290,"PARIS CUSTOM TRAILERS "
15291,"PATENT PRODUCTS, INC "
15292,"PARKVIEW MANSIONS, INC "
15293,"PAULI COOLING SYSTEMS, INC "
15294,"PERRY COMPETITION, INC "
15295,PERRY ENT.
15296,"PETROFAB, INC "
15297,"PETTIBONE (CANADA) LIMITED "
15298,"PHOENIX GARAGE "
15299,"PIONEER MACHINERY INC "
15300,TEVCO MANUFACTURING LLC
15301,"TINY HOUSE BUILDING COMPANY, LLC"
15302,PITTSVILLE HOMES INC
15303,"PLEASANT VIEW MFG. CO., INC "
15304,"PLUNKETT TRAILER SALES "
15305,"PORT CITY TRUCK AND TRAILER "
15306,"PRAUSER'S "
15307,SILVERCREST INDUSTRIES INC
15308,"PYRAMID MANUFACTURING COMPANY "
15309,"R.V. CLASSICS, INC "
15310,"RAMIKA INDUSTRIES INC "
15311,"RAM-LIN CUSTOM TRAILERS "
15312,RANGE MANUFACTURING COMPANY
15313,"REBUILDERS & SANDBLASTERS, INC "
15314,"RED RIVER MANUFACTURING & DISTRIBUTING "
15315,"RELIANCE STEEL & ALUMINUM CO.,"
15316,"REZNER TRAILERS INC "
15317,"RICE OF LEICESTERSHIRE, LTD."
15318,"RINGTOWN WILBERT VAULT WORKS, INC "
15319,"ROAD SYSTEMS "
15320,"BONIFIED FINANCIAL DEVELOPMENT, INC."
15321,"ROCK RAPIDS STAINLESS STEEL AND ALUMINUM, INC."
15322,"ROCK RAPIDS REPAIR "
15323,"SAMSON STEEL CORPORATION "
15324,"SAUCIER'S WELDING, INC "
15325,SCAMMELL MOTORS PLANT
15326,SCHOON BACKHOE SERVICE
15327,"SEBRING HOMES CORPORATION "
15328,"SELF-LOADING SYSTEMS, INC "
15329,"SEYMOUR WELDING "
15330,SHASTA TRAILER MFG.
15331,"SHIPMAN WELDING SERVICES "
15332,"SHREVEPORT ROD SPECIALTIES "
15333,"SIEBERT TRAILERS, INC "
15334,SILVER STAR MFG.
15335,"SKIPPER 'B' TRAILERS, INC "
15336,"SKY COACH INTERNATIONAL, INC "
15337,"SNAPPER EQUIPMENT DISTRIBUTORS, INC "
15338,"SNO BIRD TRAILER CO., INC"
15339,"SPARTAN CLASSIC MOTORS "
15340,"SPECIALTY VEHICLES MFG. CORPORATION "
15341,"SPORTSMAN TRAILERS "
15342,"SPRAY FORCE MFG. INC "
15343,"SPRING REPAIR SERVICE, INC"
15344,"STANDARD TRAILER COMPANY "
15345,STANDARD TRUCK & TRAILER SALES
15346,"STAR CUSTOM TRAILER "
15347,"SUMMERSET HOMES, INC "
15348,"SUN-LAND RECREATIONAL VEHICLES, INC "
15349,"SUNRISE SYSTEMS "
15350,SUNSHINE STAINLESS TANK & EQUIPMENT CO.
15351,"SUPREME TRAILER CO. "
15352,"SUPREME TRAILERS, INC "
15353,"SWEET HOME STOVE WORKS, INC "
15354,"SWEETWATER METAL PRODUCTS "
15355,"SYLVANIA CONCRETE COMPANY "
15356,"SYSTEMS TECHNOLOGY COMPANY "
15357,"T & M EQUIPMENT "
15358,"CENTRAL STATES THERMO KING OF ST. LOUIS, LLC"
15359,"TA TA INDUSTRIAL CO., LTD "
15360,TALBERT MANUFACTURING INC.
15361,"WICKED CUSTOMS, LLC"
15362,"TAC TRAILERS  ALUMINUM BOATING DESIGNS "
15363,FABWORKS & SERVICES LLC
15364,FRANKLIN COUNTY HIGHWAY DEPARTMENT
15365,TECNICA AUTOMOTRIZ DEL NOROESTE SA
15366,TAYLOR MARINE CO.
15367,"TEE NEE TRAILERS "
15368,"TERRELL INDUSTRIES, LTD "
15369,"THAYCO TRAILER CORPORATION "
15370,"THE PANTHER CAR COMPANY LTD "
15371,"THEURER, INC"
15372,"THOMSEN EQUIPMENT "
15373,"TI-BROOK SOUTH, INC "
15374,"TRADERS MFG. GROUP INC "
15375,TRAILBOSS TRAILERS INC.
15376,"TRAILBOSS, INC "
15377,"TRAILMASTER "
15378,"TRAILSTAR  MANUFACTURING CORPORATION "
15379,"TRANSGLOBAL INDUSTRIES, INC "
15380,"TRANSPORTATION MANUFACTURING CORPORATION "
15381,"TRANSTECH LTD "
15382,TRAVALONG INC.
15383,"TRAVEL LINE INC "
15384,"TRI-CITY BOAT DOCK "
15385,"TRIDENT MOTORS, INC "
15386,HAWK VEHICLES INC
15387,TRIKING OF MARLINGFORD
15388,"TRITAN VENTURES , INC "
15389,"TURNBOW TRAILERS, INC "
15390,TYCO TRAILER MFG.
15391,"TYLER COACH MFG.,INC "
15392,"U.S. TECHNICAL RESEARCH COMPANY "
15393,ULTRA LITE TRAILERS
15394,"UNITED INTERNATIONAL MFG. INC "
15395,"SHELTON INDUSTRIES INC "
15396,"VAN OVERFLOW INC "
15397,VENTURE RIDE MFG. INC
15398,"VIRONEX, INC "
15399,"W.C. LAIKAM CO. LTD "
15400,W.H. ALDRICH CO.
15402,"WATERS BROTHERS  CONTRACTORS, INC "
15403,WATSON RVS INC
15404,"WAYMATIC "
15405,"WEBCO PACIFIC, INC "
15406,WELLCO MFG.
15407,"WESTERN METALS CO, INC "
15408,WESTERN RV CENTER
15410,"WIMYER INDUSTRIES, INC "
15412,"WOLVERINE WESTERN CORPORATION "
15413,"WR MFG. "
15415,SHINN FU COMPANY
15416,"SOUR ZAVODI CRVENA ZASTAVA dba Yugo America, Inc."
15417,"FAIR-WEST TRAILERS "
15418,"FLEX-KING CORPORATION "
15419,Chin Yuan Chi Casting Corp
15420,AMERICAN TRAILERS AND SADDLE CO
15421,"ABI CARAVANS LTD "
15422,Marauder Travelers Incorporated
15423,"MOTO METEORA "
15424,"AMERICAN BOS CORPORATION "
15425,"AMERICAN FABRICATORS, INC "
15426,CUSTOM TOUCH HOMES LLC
15427,"HOMEGROWN TRAILERS, SPC"
15428,"AMERICAN JAWA LTD "
15429,"AMERICAN SKIER BOAT CORPORATION "
15430,"ANDERSON TRUCK BODY AND EQUIPMENT "
15431,"ANONYMOUS BUILDINGS "
15432,"APACHE SALES CORPORATION "
15433,ARLINGTON POWER SYSTEMS
15434,"ATLANTA FABRICATING AND EQUIPMENT CO.  "
15435,"AUTOMATED ENGINEERING SYSTEMS, INC "
15436,AUTOMATIC EQUIPMENT MFG.
15437,"B & GEE'S OFF ROAD "
15438,"B & M TRAILER SALES "
15439,"ARTHUR L. BAKER ENTERPRISES, INC "
15440,"BALESTRA CONSTRUCTION, INC "
15441,"BALKO, INC"
15442,"BAY-VIEW TRAILER & EQUIPMENT "
15443,"METRO FAB INC "
15444,"BLAIR TRAILERS, INC"
15445,BOSS EQUIPMENT CO.
15446,BRITTON TRAILERS LTD
15447,"BUD ANTLE, INC "
15448,"BUSHMAN DISTRIBUTION, INC "
15450,CARBODIES LTD
15451,"CATALINA MARINA "
15452,"WEST COAST CORRECT CRAFT, INC"
15454,"COUNTRY BOY MFG. "
15455,"CRAIG SYSTEMS CORPORATION "
15456,"CROPP WELDING & FABRICATION "
15457,"CUERO TRAILER MFG. INC "
15458,"CUSTOM EQUIPMENT CO, INC"
15459,"CUSTOM FIT TRAILERS "
15460,"CUSTOM HAUL, INC"
15461,"BILL'S WELDING SHOP, INC  dba Custom Hauler"
15462,"D & G WELDING & MUFFLER "
15463,"DAMERON MANUFACTURING CORPORATION "
15464,"DAYTONA COACH BUILDERS, INC "
15465,"DESIGN MOBILE SYSTEMS, INC "
15466,The Dutcher Corporation
15467,"GENERAL ENGINES CO., INC "
15468,"EAGLE INTERNATIONAL, INC "
15469,EAGLE TRAILER
15470,COYOTE WELDING
15471,ESTEREL CARAVANES S.A
15472,"EVANS PRODUCTS COMPANY "
15473,DAYTON-WALTHER CORPORATION
15474,"FEDERAL MOTORS INC "
15475,"DOUBLE D WELDING "
15476,DRI INDUSTRIES INC
15477,"DRYDOCK  TRAILERS, INC"
15478,G & D ENTERPRISES LTD
15479,"G & R ENTERPRISES "
15480,"E & L ASSOCIATES "
15481,"EASLEY TRAILER SERVICE, INC "
15482,"EAST/WEST, INC"
15483,"CUMBERLAND FARMS DIARY, INC "
15484,"FIKE METAL PRODUCTS DIVISION "
15485,"EDDIE'S WELDING SHOP "
15486,"WILLIAM CLARK BOAT & VEHICLE WORKS, INC"
15487,FIREPOWER
15488,FIRST PRODUCTS INC.
15489,"D.P. ENTERPRISES "
15490,"CITY TRAILER SALES, INC"
15491,ELITE TRAILERS
15492,"COAST TRAILERS MFG. "
15493,DAT TRAILER MFG
15494,DAUGHTRY TRAILERS
15495,CAMPER TRAILERS MFG.
15496,CAMP-Let APS
15497,"CEMEN TECH, INC"
15498,"CENTREVILLE TAG A LONG TRAILERS, INC"
15499,CHAMPAGNE TRAILER MFG. INC
15500,"CHAMPION MFG, INC"
15501,"CAPITAL DISTRICT MEDICAL TRANSPORTATION, INC"
15502,MAZDA(NORTH AMERICA) INC
15503,"VACUUM SALES, INC."
15504,"CHANCEY'S MOTORCYCLE SERVICE, INC "
15505,BOCATS  INC
15506,BOLLIN MFG. CO.
15507,"BRADLEY INDUSTRIES, INC"
15508,"BRAINARD-KILMAN DRILL COMPANY "
15509,"RED FERN DYNAMICS, INC"
15510,TITAN PROPERTY SPECIALISTS LLC
15511,THIMBLE HOMES
15512,F3 MANUFACTURING
15513,"WISTAR EQUIPMENT, INC "
15515,ALUCRI S.A DE C.V.
15516,TRUCK-LITE S. DE R.L. DE C.V.
15517,"ZHEJIANG BIO INDUSTRY & TRADE CO., LTD"
15518,"FOUNDATION ENERGY MANAGEMENT LLC "
15519,LIST VENTURES LLC
15520,"QINGDAO RILI TYRE CO., LTD."
15521,CENTURY MACHINERY CO. INC.
15522,"DONGYING RUISHENG RUBBER CO., LTD."
15523,"NIngbo Honz Sport Goods Co., Ltd."
15524,"QINGDAO CENTURY FUNG TIRE CO., LTD."
15525,"WEIFANG GOLDSHIELD TIRE CO., LTD."
15526,"LUCID USA, INC."
15527,VERTICAL WORKS INC
15528,LIBERTY CABINS
15529,ROTOR BLADE LLC
15530,"FISHING HOLDINGS, LLC"
15531,"BAUSS MANUFACTURING INC. "
15532,J T Enterprises
15533,"INNOVATIVE HYDRAULIC SOLUTIONS, LLC"
15534,NEW HORIZONS RV CORP
15535,"ROBBINS MANUFACTURING, INC."
15536,9339-1340 QUÉBEC INC
15537,"CHONGQING BEIBEI XINGLONG LAMPS CO., LTD."
15538,"CHONGQING YINGANG SCIENCE & TECHNOLOGY (GROUP) CO., LTD."
15539,CONCORD CONCRETE PUMPS INTERNATIONAL LTD.
15540,ED TRAILERS
15541,"JINAN GOPO MACHINERY MANUFACTURE CO., LTD"
15542,"MICROLIGHT AUTO PARTS MFG, CO., LTD."
15543,B&B MICRO MANUFACTURING INC
15544,AMERICAN TINY HOUSE DBA TEXZEN TINY HOME CO.
15545,HERCULES BM USA INC
15546,"MIKES TRAILERS INC "
15547,"GO RV, INC"
15548,COMPASS CONVERSIONS
15549,TD MANUFACTURING LLC.
15551,"AERO TEARDROPS, LLC"
15552,BARRY HOSE & HYDRAULICS
15553,"BP PERFORMANCE CUSTOM TRAILERS, INC."
15554,GTR EQUIPMENT CO. INC.
15555,MAINTENANCE ONE
15556,DALLAS 1 CORPORATION
15557,"LAKELAND COMPANY OF BARRON COUNTY, INC."
15558,TRUCK-LITE EUROPE GMBH
15559,B'S IN A POD CAMPING LLC
15560,ADVENTURER LP
15561,"APC STORES, INC "
15562,Haynes Welding and Repair
15564,"MAXXIS INTERNATIONAL (THAILAND) CO., LTD."
15569,Tiny Homes of Ohio
15570,Bad Ass Trailer Company
15571,"SHANDONG ZHONGNING RUBBER TECHNOLOGY CO.,LTD"
15572,CHENG SHIN RUBBER IND. CO. LTD.
15573,CHENG SHIN RUBBER (VIETNAM) IND. CO. LTD.
15574,SUMMIT BODYWORKS SPECIALTY VEHICLES
15575,HAAS FORD LLC
15576,ATOMIC ELECTRIC VEHICLES
15577,"TOY DOLLY-PS, LLC"
15578,"ECO-WHEELS, LLC"
15579,IRONSTAR BEDS LLC
15580,TECHNI-GLASS LLC
15581,"RUILI GROUP RUIAN AUTO PARTS CO.,LTD."
15582,"QINGDAO WANTAI RUBBER PRODUCTS CO.,LTD"
15583,"FARMHOUSE INVESTMENTS LLC "
15584,SNIDERBUILT TRAILERS
15585,"SAGE OIL VAC, INC."
15586,FENDER OPERATIONS LLC DBA FENDER TRUCK ACCESSORIES
15587,"ROGERS FABRICATION,INC"
15588,"MIDWEST TINY HOMES, LLC"
15589,R G BURNS INC. DBA SAMSON & ASSOCIATES
15590,NU-WAY TRAILERS LLC
15591,"REDMARK CNG SERVICES, LLC"
15592,METZGER GEAR INC
15593,Auto Motion Industries Inc.
15594,"JIANGSU WANYANG WHEEL CO.,LTD"
15595,"BMARKO STRUCTURES, LLC"
15596,"ENPING SHILAN LIGHTING ELECTRONIC CO.,LTD"
15597,RDH MANUFACTURING INCORPORATED
15598,FALL RIVER FABRICATION LLC
15600,"CHENG SHIN RUBBER (XIAMEN) IND., LTD."
15601,"CHENG SHIN TIRE & RUBBER (CHINA) CO., LTD."
15602,"Chen Shin Rubber (Tianjin Dafeng) Ind. Co., Ltd."
15603,PIRELLI TIRE LLC
15604,"JUN YAN INDUSTRIAL CO., LTD."
15605,"MANGUERAS SKS, S.A. DE C.V."
15606,"SAINT-GOBAIN SEKURIT (WUHAN) CO., LTD"
15607,SNG BARRATT GROUP LTD
15608,SIGLER SYSTEMS
15609,NORTH RANCH WELDING
15611,"CST RUBBER (ZHANGZHOU) IND., LTD."
15612,"AUTOLIV ASP, INC."
15613,BOGGY CREEEK MFG
15614,"TINDEO TECH CO.,LTD"
15615,AUTOMOTIVE LIGHTING REUTLINGEN GMBH
15616,BRISA BRIDGESTONE SABANCI
15617,ESCAPE TRAILER INDUSTRIES LTD.
15618,"IMPERIAL TRAILER MANUFACTURING & SALES, INC."
15619,"TMH TECHNOLOGY CO.,LTD"
15620,"DANYANG LONSHINE LAMP CO.,LTD"
15621,"GUANGZHOU AES SCIENCE & TECHNOLOGY CO.,LTD"
15622,LANE TRAILER MANUFACTURING COMPANY
15624,THE LUMEN MOTORS COMPANY
15625,"VARROC LIGHTING SYSTEMS, S.R.O."
15626,"CHANGZHOU YONGHAO LIGHTING CO., LTD"
15627,"HEFEI XINGTU REFLECTIVE MATERIAL CO., LTD."
15628,DOWNEASTER MANUFACTURING dba Coastal Metal Fab
15629,"TAMPA CRANE & BODY, INC."
15630,"JR KOOP, INC."
15631,"CHENG SHIN RUBBER (TIANJIN DAFENG) IND. CO., LTD."
15632,"ULTRALED, INC."
15633,"DUGAN/STONE TRAILER CO. , LLC"
15634,INTELLI-CORE LLC
15635,"Cheng Shin Tire (Xiamen) Co., Ltd."
15636,"NANJING KUMHO TIRE CO., LTD."
15638,"Hitachi Cable Europe, s.r.o."
15639,"Kumho Tire Company, Inc."
15640,Jose Da Silva Gomes
15641,K-D LAMP CO.
15642,"NIPPON SHEET GLASS CO., LTD. "
15643,"Haining Powered Autoparts Co., Ltd."
15644,"QINGDAO LIMA LIGHTS TECHNOLOGY CO., LTD."
15645,"NINGBO CHARIOT INUDSTRY TRADE CO., LTD."
15647,"JIANGYIN DAFEIMA AUTOMOBILE TECHNOLOGY CO., LTD."
15648,MINIMALISTE INC.
15649,"GEA FARM TECHNOLOGIES CANADA, INC."
15650,"PEGASUS VANS AND TRAILERS, INC"
15651,FXE INDUSTRIES INC.
15652,CRANE COMPONENTS LLC
15653,"SHIELD RESTRAINT SYSTEMS, INC"
15654,DRIVEN FAB LLC
15655,Garrett Enterprises Inc
15656,BLAZE TRAILER COMPANY
15657,HLT LIMITED
15658,"JAMES KING & CO., INC."
15659,"SKI MCQUEENEY YOUTH FOUNDATION, INC. DBA RPM SPORTS"
15660,GREENGO BUGGIES INC
15661,"Devine's Machine & Design, Inc "
15662,"Zoe Motors, Inc "
15663,"Brown Production and Development Corporation "
15664,MAKAHA Trailers
15665,"AGC PROCESSING TEPLICE A.S., MEMBER OF AGC GROUP"
15666,LITE INDUSTRIES INCORPORATED
15667,"RAYTTLE (UK) MOTORS CO., LTD"
15668,TCI Mobility
15669,"OXBO INTERNATIONAL CORP. "
15670,"TRUCK BODY SALES, INC"
15671,AM GLOBAL TRADE INC.
15672,SCOTTIES METAL SHOP
15673,CLEARWATER INDUSTRIES INC.
15674,"JARROD ZACHARY WELDING, LLC"
15675,"B. A. & I. WELDING, INC."
15676,"ZHEJIANG GKO INDUSTRY CO.,LTD."
15677,WANLI TIRE CORPORATION LIMITED
15678,LANTZ TRAILER MFG LLC
15679,"STONE FARM SALES, LLC"
15680,"ELASTEC, INC"
15681,POWER TRIP RENTALS
15682,VALLEY WRECKER SALES INC.
15683,"CLEMENT INDUSTRIES, INC."
15685,"Suncharge Systems, Inc."
15686,VEHICLE SAFETY MANUFACTURING LLC
15687,"WHITEWATER WORTHY EQUIPMENT, LLC"
15688,TEMP-AIR
15689,"CPAT DISTRIBUTION, INC"
15690,"MOTORCYCLESHELMETS, INC."
15691,TRAVALIGN CORP.
15692,"TC MOTOR COMPANY, INC."
15693,DIG AND RIG EQUIPMENT LLC
15694,UTILITY TRUCK & EQUIPMENT CO.  (UTEC)
15695,"CUSTOM CRAFTED CARS, INC."
15696,HOBO ADVENTURE TRAILERS LLC
15697,FABCO FABRICATION INC.
15698,TLC MEDICAL TRANSPORTATION SERVICES INC
15699,"C4 WELDING, INC."
15700,CUSTOM METAL FABRICATING INC.
15701,PRIVATE PROPERTIES LLC
15702,HD FABRICATION
15703,PURCELL TIRE & SERVICE CENTER
15704,"DEBNAMS USED CARS "
15705,"QINGDAO LITECH LIGHTING CO., LTD"
15706,"ZHEJIANG HANVOS AUTO PARTS CO.,LTD"
15707,"DONGGUAN BESTSTONE RUBBER TECHNOLOGY CO., LTD"
15708,DANYANG JIANYU AUTOMOBILE ACCESSORY FACTORY
15709,NEWMAN'S TRUCK BODY & EQUIPMENT INC
15710,R J YELLER DISTRIBUTION INC.
15711,55 GRILLS INC
15712,HYUNDAI MOTOR MANUFACTURING ALABAMA LLC (HMMA)
15713,FUTURA TRAILERS INC.
15714,"BEIJING RODIA SPORTS MANUFACTURER CO., LTD"
15715,RINGO TRAILER
15716,"NWEV, LLC"
15718,CIMC Commercial Tire Inc.
15719,ANYTHING GOES CYCLES LLC
15720,"RENIAS CO., LTD."
15721,TREMBLAY'S GARAGE
15722,ANDROS ENGINEERING
15723,OUTLAW CONVERSIONS
15724,R.C.M. MOTORCYCLE USA INC.
15725,"CORNERSTONE DESIGN BUILD, INC."
15726,CRATER TRAILERS OF LA LLC
15727,Pennsbury Manufacturing Inc
15728,BENCHMARK TOOL & MACHINE INC
15729,American Signal Company
15730,"CK MANUFACTURING, LLC"
15731,JBL BUILDS
15732,INLAND EMPIRE TRAILERS
15733,BEAR TRAILERS
15734,"AUTOLIV B.V. & CO. KG "
15735,AUTOLIV CANKOR OTOMOTIV EMNIYET SISTEMLERI SANAYI VE TICAVET A.S
15736,AUTOLIV CORPORATION
15737,AUTOLIV KFT
15738,"AUTOLIV POLAND SP.Z.O.O. OPERATING CO "
15739,RONGCHENG COMPAKS (HONG KONG) NEW ENERGY AUTOMOBILE CO LTD
15740,A PLUS BOAT TRAILERS
15741,XL HYBRIDS INC
15742,Perseus Partners LLC.
15743,ADVANCED MODIFICATIONS
15744,"TRIPLE CROWN TRAILERS, LLC"
15745,EAST COAST BUS REPAIR
15746,"Bentley Welding, Inc."
15747,"NATIONAL FLEET SERVICES OF OHIO, LLC"
15748,GULF COAST SPORTS AE & S LLC
15749,TINITRON INC.
15750,DTE INC.
15751,"JOHN DEERE WATERLOO WORKS "
15752,CHINOOK MOTOR COACH LLC
15753,"TRUCK & EQUIPMENT REPAIR OF TEXAS, LLC"
15754,RRE - EVENTS & CONSULTANCY NORTH AMERICA LLC. (BRAND NAME: TERRACAMPER)
15755,EXTREME MANUFACTURING INC
15756,BAYSHORE ALUMINUM TRAILERS
15757,ASPEN CUSTOM TRAILERS
15758,"NELSON INDUSTRIES, INC."
15759,"PRO WEST MECHANICAL, INC."
15760,VENTURE BUGGY INC
15761,Armbruster  Stageway (Division of NEOAX Inc)
15763,KENWORTH MEXICANA SA DE CV
15764,"JIANGYIN ZHEGANG MOULD PLASTIC  CO., LTD. "
15765,AUTOLIV ROMANIA SRL
15766,AUTOLIV JAPAN LTD.
15767,"GUANGZHOU OVOVS LIGHTING CO., LTD."
15768,ZKW GROUP GMBH
15769,INNOVUS ENTERPRISE
15770,"POLIMER KAUÇUK SAN. VE PAZ. A.S. "
15771,"Hefei Wanli Tire Co., Ltd."
15772,"Longkou An'tai Glass Co., Ltd."
15773,Qualvalv Manufacturing Co. Ltd.
15774,SALEMWOODS PROPERTIES INC.
15775,BAIRD & SLASKA MFG.
15776,"INNOVATIVE VEHICLE SOLUTIONS WEST, LLC"
15777,LADDER TOWER CO.
15778,US TANKER
15779,HAWK TRAILERS INC.
15780,AERO TRAILERS LLC
15781,"RECAUCHUTAGEM NORTENHA, S.A."
15782,JIEJING NEW ENERGY TECHNOLOGY CO. LTD.
15783,"SHANDONG ZHENYUAN AUTO WHEEL CO., LTD."
15784,BRIDGESTONE EUROPE
15785,"ZHEJIANG ETERNAL AUTOMATION SCI-TEC CO.,LTD "
15786,"TAIZHOU BOYE MACHINERY CO., LTD."
15787,"GUANGZHOU PERFECT  TECHNOLOGY CO., LTD."
15789,"Tianjin Feiyada Rubber Products Co., Ltd."
15790,HELLA INNENLEUCHTEN-SYSTEME GMBH
15791,HELLA AUTOMOTIVE MEXICO S.A. DE. C.V.
15792,"INDIANA MILLS & MANUFACTURING, INC."
15793,HELLA SATURNUS SLOVENIJA D.O.O.
15794,HELLA SLOVAKIA FRONT-LIGHTING S.R.O.
15795,NISSAN MOTOR MANUFACTURING (UK) LTD
15796,Magna International
15797,SHARKEY FISH HOUSES LLC
15798,Southern Emergency and Rescue Vehicle Sales LLC
15799,"COMMERCIAL VAN INTERIORS of Dallas/Fort Worth, LLC"
15800,"Commercial Van Interiors of Northern California, LLC"
15801,"SUPERIOR STEEL PRODUCTS, INC."
15802,SNIDER FLEET SOLUTIONS
15803,"POLY-COAT SYSTEMS, INC"
15804,HAULINIT TRAILERS LLC. DBA HAULINIT.COM
15805,"Mobility Works of California, LLC. dba. Mobility Works"
15806,HOOSIER HORSE TRAILERS
15807,BS TRAILER SALES INC.
15808,"NINGBO O-RING AUTO PARTS CO., LTD."
15809,M.D.T. TIRE COMPANY
15810,GARLOCK EQUIPMENT CO.
15811,Farwest Tire & Auto Inc.
15812,WALLRICH WELDING
15813,"GUANGDONG RAYTON INTELLIGENT OPTO CO., LTD."
15814,CHANGZHOU WEN QI VEHICLE ACCESSORIES FACTORY
15815,"CHANGZHOU DINGFENG AUTO LAMPS CO., LTD."
15816,WAGNER-SMITH EQUIPMENT CO
15817,"CARLEX GLASS AMERICA, LLC"
15818,COPANCO USA LLC
15819,"Flexitech (Wuxi) Automotive Parts Co., Ltd."
15820,ALLIANCE FLEET LLC
15821,PINNACLE RV LLC
15822,Dakota Airboats INC.
15823,"MonDak Portables, LLC"
15824,Henderson Products - Illinois
15825,HACKNEY WELDING LLC
15826,FUTURE TYRES PRIVATE LIMITED
15827,"ZHEJIANG HUANGYAN FEIHU MOTORCYCLE CO.,LTD"
15828,WHITE RIVER MARINE GROUP LLC
15829,AUTOMANN INC.
15830,"REDLINE TRAILERS, LLC"
15831,RIVERVIEW MANUFACTURING INC.
15832,REBEL WEST POWERSPORTS LLC
15833,TRANSTAR ALL TRAILER WORKS (ATW)
15834,"ERWIN HYMER GROUP NORTH AMERICA, INC"
15835,"FOSHAN SHUNDE F1 TRANSPORT ENGINEERING CO., LTD"
15836,RESPO HAAGISED AS
15837,WESTBROOK GREENHOUSE SYSTEMS LTD
15838,ZKW LICHTSYSTEME GMBH
15839,"ZKW LIGHTING SYSTEMS (DALIAN) CO., LTD."
15840,ZKW MÉXICO S.A. DE C.V.
15841,ZKW SLOVAKIA S.R.O.
15842,"SUMMIT TRAILER MANUFACTURING, INC."
15843,IROQUOIS MANUFACTING COMPANY
15844,"TRUX SUPER STORE, INC"
15845,"SHIVERS UTILITY TRAILERS, INC."
15846,VOLVO WHITE TRUCK CORPORATION
15847,"MONSTER POWER EQUIPMENT, INC."
15848,"MANUFACTURAS Y ACCESORIOS ELECTRICOS, S.A."
15849,"ZHEJIANG HUATAI ALUMINUM WHEEL MANUFACTURING CO., LTD."
15850,"XUCHANG ANNAIO AUTOMOTIVE GLASS CO., LTD."
15851,YUYAO SHENGLONG PLUMBING EQUIPMENT FACTORY
15852,"Zhangjiagang City Zaofa Safety-glass Co., Ltd."
15853,ZHEJIANG JIALI (LISHUI) INDUSTRY LIMITED BY SHARE LTD.
15854,REMORQUES SAVAGE INC.
15855,NACIONAL DE COBRE SA DE CV
15856,"Yancheng Luxeway Tires Co., Ltd."
15857,FORD MOTOR CO OF AUSTRALIA LTD.
15858,NATIONAL TRUCK AND EQUIPMENT LLC
15860,"WORK TRUCK STUFF, INC."
15861,CLASSY CHASSIS CAMPERS
15862,US SPECIALTY VEHICLES LLC
15863,NU-GEN PRODUCT
15864,"AMERICAN VALLEY AVIATION, INC."
15865,"DAYCO PRODUCTS, LLC"
15866,"ALKANE TRUCK COMPANY, INC."
15868,BCI TRAILER MANUFACTURING LLC.
15869,"Hexagon Lincoln, LLC"
15872,"Great Northern Equipment Distributing, Inc."
15873,"Jiangsu Pomlead Forging Co., Ltd"
15874,"TSUN TIEN EQUIPMENTS CO., LTD"
15875,LEBLANC TRAILER SALES INC
15876,"UTILITY CRANE & EQUIPMENT, INC."
15877,"IRON DOG, INC."
15878,ROBERT KIMBALL dba K&K Customs
15879,AMAZING AUTO INC
15880,MERCEDES-BENZ TRUCK COMPANY INC
15881,BUCKLEY POWDER COMPANY
15882,"LIDDELL INDUSTRIES, INC."
15883,"MOBILITYTRANS, LLC"
15884,"KELSO TECHNOLOGIES, INC."
15885,ZARK IRON WORKS LLC
15886,"VOLVO EUROPA TRUCK NV "
15887,VOLVO DO BRASIL VEICULOS LTDA
15888,Rickardsson Slapvagns Ab
15889,"JIANGSU GUNADE TYRE CO., LTD."
15890,RAJA TRAILER & EQUIPMENT SALES LTD.
15891,"TAIZHOU NEBULA POWER CO., LTD."
15892,SBI MFG
15893,CHRIS HOOVER ENTERPRISES INC.
15894,C&M TRAILERS INC.
15895,BEASLEY TIRE SERVICE - HOUSTON INC.
15896,J.W. SPEAKER CORPORATION
15897,"SNORKEL INTERNATIONAL, LLC"
15898,SOUTHWEST SIGNS LLC
15899,PEACH CARGO LLC
15900,"HUNNA MEI, LLC."
15901,SUPREME FOODS & COMMISSARY LLC
15902,TURTLE UP TRAILERS
15903,GRIGGS SOUTHERN SPORTZ LLC
15904,"APPLIED INTEGRATION TECHNOLOGIES, LLC"
15905,"WEIHAI HUAMAO RUBBER SCIENCE AND TECHNOLOGY BRANCH COMPANY OF TRIANGLE TYRE,CO., LTD."
15906,"Envtech Tank Services, LLC"
15907,"SOUTHEASTERN SPECIALTY VEHICLES, INC."
15908,"TINY LIFESTYLE HOMES, LLC"
15909,ROCCO DELUCA
15910,ANTIQUE AUTO SHEET METAL DBA BROOKVILLE ROADSTER
15911,Wellspring Components LLC
15912,SUPERIOR TRAILER MANUFACTURING LLC
15913,"IPT, INC."
15914,SUPERIOR CUSTOM DESIGNS INC
15915,"BNM TRAILER SALES, INC."
15916,DTR INDUSTRIES
15917,"EZ TRAC TRAILERS, INC."
15918,TRUCK UPFITTERS OF MS
15919,"TRIPLE CROWN TRAILERS GA, LLC"
15920,SOUTHERN TIRE MART LLC
15921,SUPERIOR MANUFACTURING AND ENGINEERING CORPORATION
15922,SELECT TRAILERS LLC DBA CONTAINGO
15923,"Mobile Rotisserie Systems, Inc"
15924,TRAX MANUFACTURING LLC.
15925,"MAURER MANUFACTURING, L.L.C."
15926,"WILSON TRAILER SALES & SERVICE, INC."
15927,"HAPPY TRAILS RV, LLC"
15928,LORRIE FRANCIS
15929,PACIFIC RUBBER INC.
15930,"CAVCO INDUSTRIES, INC."
15931,J ANDRUS INC.
15932,RADICAL CONSTRUCTION MANUFACTURE USA INC
15933,SUPER PRODUCTS LLC
15934,MOR MANUFACTURING
15935,"MONRO MUFFLER BRAKE, INC."
15936,"JOYRIDE TOUR, LLC"
15937,"JIN HUA BOKAI MOTORCYCLE FITTING CO., LTD"
15938,LCH COLOMBIA SAS
15939,"ALLEN (WUXI) CV PARTS CO.,LTD"
15940,"DFSK MOTOR CO.,LTD."
15941,"IMMI DE MEXICO PRODUCTION, S. DE R.L. DE C.V."
15942,HANNER CHEVROLET GMC INC.
15943,VETS
15944,TINY CAMPER COMPANY
15945,"CC Cycles "
15946,Wells Machine Co Inc
15947,"Steel Bone Trailer Mfg. Inc "
15948,Execucoach Inc
15949,"WorkHorse Utility Trailers "
15950,IRONMANWELDING CO
15951,SEPTRONICS INTERNATIONAL OF FLORIDA INC.
15952,OY SAAB VALMET AB
15953,LARRY'S REPAIR SERVICE
15954,DYMAX INC.
15955,Brink's Manufacturing Company
15956,MASERATI S.P.A.
15957,RAMPTEK
15958,"HOLLAND INDUSTRIES, LLC"
15959,AUTOMOBILES PEUGEOT
15960,CROSSMAN TRAILER INC.
15961,TOYOMOTO CORP.
15962,KENT HOMES
15963,MOTO8IGHT
15964,BANDIT CHOPPERS LLC
15965,CAROLINA KUSTOM KARTS & LSV'S
15966,HULK EQUIPMENT CORPORATION
15967,SUPER LAWN TRUCK INC
15968,"NAVY REGION NORTHWEST, CODE N31 PORT OPERATIONS"
15969,"ADVANCED TECHNOLOGY AUTOMOTIVE COMPANY, LLC."
15970,FWM INC.
15971,DANNY'S ORIGINAL CUSTOMS
15972,REVEL 42 LLC
15973,GALAXY AMERICA INC
15974,"Pomp's Tire Services, Inc."
15975,G.T. EXPRESS ENTERPRISES. INC.
15976,Superior Industries
15977,"LEONARD ALUMINUM UTILITY BUILDINGS, LLC."
15978,"BULLDOG STEEL FABRICATION, LLC"
15979,UNIWHEELS PRODUCTION (GERMANY) GMBH
15980,UNIWHEELS PRODUCTION (POLAND) SP.Z.O.O
15981,CURBELL PLASTICS INC.
15982,"THE ARMORED GROUP, LLC"
15983,MCMINNVILLE RV SALES CONSIGNMENT
15984,HYUNDAI MOTOR CO
15985,TRI CITY TRAILERS LLC
15986,IDAHO RETREAD COMPANY
15987,NULFCO INC
15988,SD AUTOMOTIVE GROUP LP
15989,"PREMIER FLEET SERVICES, LLC"
15990,AVERY DENNISON
15991,MAGNUM SHIELDING CORPORATION
15992,"COASTAL TRUCK & TRAILER EQUIPMENT, LLC."
15993,HAAS METAL ENGINEERING INC.
15994,Pack Mule Campers
15995,TRU-WELD TRAILERS
15996,HOG HEAVEN CHOPPERS LLC
15997,O.Z.Z.CHOPPERS
15998,AUTO TRUCK GROUP - CHARLESTON
16000,RTD MANUFACTURING INC.
16001,TK-FUJIKIN CORPORATION
16002,PACESETTER MANUFACTURING INC.
16003,HART TRAILER LLC
16004,"Sanfu Motor Industry "
16005,SOUTHLAND TRAILER CORP.
16006,NOBEL AUTOMOTIVE ROMANIA SRL
16009,PATRIOT CAMPERS PTY LTD
16010,"SHANDONG MEIKA WHEEL CO., LTD."
16011,MANIFATTURA GOMMA FINNORD SPA
16013,"PJ TRAILERS MANUFACTURING, INC."
16015,"MASSIMO MOTOR SPORTS, LLC"
16016,PREMIER TRUCK CENTER
16017,AMERICAN COMMERCIAL BODY COMPANY INC
16019,"TRAILS WEST MANUFACTURING OF IDAHO, INC."
16020,"BRAMCO, INC."
16021,PINE COUNTRY
16022,THE TRAILER SHOP PUERTO RICO
16023,"CN ENTERPRISES, LLC"
16024,"CW WELDING AND FABRICATION, LLC"
16025,"MCNAMARA CONTRACTING, INC."
16026,SIRCHIE AQUISITION COMPANY
16027,COLE RETAIL LLC
16028,JOYSON SAFETY SYSTEM
16029,"SNODGRESS EQUIPMENT, INC."
16030,ELKHART CUSTOM DESIGNS LLC.
16031,Showa COrporation
16032,STUDDS ACCESSORIES LIMITED
16033,S.C. INTERNATIONAL TYRES S.R.L.
16034,SHENZHEN JINFENGCHI TECHNOLOGY LIMITED
16035,"BRITAX CHILD SAFETY, INC."
16036,"ACELA, INC"
16037,"ASYLUM HARDWARE, LLC DBA TETONX"
16038,"BERWYCK CAPITAL, INC."
16039,"AXIS UNLIMITED, LLC."
16040,HUTCHINSON NICHIRIN BRAKE HOSES SL
16041,WICKFORD MOULD & TOOL LTD.
16043,"KEVIN W EZZELL, LLC"
16044,"SALVATION TRAILERS MFG, LLC"
16045,CONLAN TIRE LLC
16046,TREAD HOUSE LLC
16047,AUTOMOBILI LAMBORGHINI AMERICA LLC
16048,ULTIMATE CLASSIC CARS LP
16049,LONG BEACH TIRE
16050,"OVERLANDER'S EXPEDITION OUTFITTERS, LLC"
16051,ECODESIGNS
16052,"TRAILER GUYS, LLC"
16053,Pininfarina
16054,TRIUMPH MOTORCYCLES LIMITED
16055,WILCKEN INDUSTRIES
16056,WILLIAM PETERS
16057,MITCHELL HOLLAR
16058,WILSON TRAILER MFG. INC.
16059,"DEALER VEHICLE ACCESSORIES, INC."
16060,TUFLEX MANUFACTURING INC.
16061,BORBET ALABAMA
16062,"WENZHOU JIETENG LIGHTING EQUIPMENT CO., LTD"
16063,"SHENZHEN CAR 16 AUTO PARTS CO., LTD"
16064,"XPLOR CAMPERS, LLC."
16065,AMERICAS BEST CARGO INC.
16066,"MID SOUTH MANUFACTURING, LLC"
16067,"CATALINA COMPOSITES A DIVISION OF CATALINA CYLINDERS, INC."
16068,WOLF TRAILERS
16069,KANSAS TRAILER MANUFACTURING LLC
16070,"DENNIS EAGLE, INC."
16071,KENT POWER INC.
16072,"B A & I WELDING, INC."
16073,TINY HOME OREGON
16074,OMEXEY RUBBER INDUSTRIAL CORPORATION (VN)
16075,REDBURN TIRE COMPANY
16076,Applied Industrial Technologies
16077,BRENDERUP TRAILERS
16078,"BUILTRITE TRAILER MFG. "
16079,Charles H. Burkett's  Autorama
16081,"Bar-Bel Fabricating "
16082,"CREATION DESIGN & MFG., INC."
16083,"BELLUE'S WELDING "
16084,"C.H. CUSTOM COACH "
16085,"BEST TRAILER MANUFACTURING "
16086,"BesTrailers,  Inc"
16087,BIENVILLE STEEL INC
16088,"ENERCLEAN CANADA, INC DBA HYPERVAC TECHNOLOGIES"
16089,HUNG DAO CONTAINER JOINT STOCK CO.
16090,KOITO CZECH S.R.O
16091,NELSON STOKES LTD
16092,SAI GON CHAN PHAT JOINT STOCK COMPANY
16093,SMR AUTOMOTIVE MIRRORS UK LIMITED
16094,"SNORKEL EUROPE LIMITED "
16095,TOPY MW MANUFACTURING MEXICO S.A. DE C.V.
16096,TORNADO GLOBAL HYDROVACS LTD.
16097,BORBET AUSTRIA GMBH
16098,"HELLA INNENLEUCHTEN-SYSTEME BRATISLAVA, S.R.O."
16099,HELLA KGAA HUECK & CO.
16100,"JHC NEW ENERGY VEHICLE HONGKONG CO.,LTD"
16101,MAXION WHEELS CZECH S.R.O.
16102,PHOTUM SMART LIGHTING (ZHUHAI) LIMITED
16103,A Bar K Trailers
16104,Clint R Woods Inc
16105,Ashford Manufacturing Company
16106,Asphalt Machinery Inc
16107,Anaheim Welding and Fabrication
16108,"Ace Welding Co. "
16109,Kalyn Siebert Inc
16110,"BILDON, INC"
16111,"AGRATI-GARELLI CORP OF AMERICA "
16112,"CALIFORNIA SIDECAR INC "
16113,ALLEN MANUFACTURING SYSTEMS INC
16114,ART ROLL TECH
16115,FRISBIE CONSTRUCTION CO INC
16116,"Gaitway Trailer Company "
16117,"Garneau's Garage, Inc"
16118,GETTIG TECHNOLOGIES LTD
16119,"Arai Shoji Co., Ltd. (Michigan location)"
16120,"GMA PANACHE CO. "
16121,"Go-Tag-A-Long "
16122,KNIGHT FABRICATING
16123,GOLDEN AGE AUTO CORP
16124,DAN HUDSON
16125,ADAMSON TRAILER MANUFACTURING
16126,"GREEN 4 U INC. "
16127,MORIN DIESEL LLC
16128,TRIPLE G GROUP LLC
16129,"GOOSENECK TRAILER MFG. CO, INC"
16130,Griffin Trailer Sales
16131,Grigsby Trailer & Metal Work Co
16132,"ELLIS TRAILERS "
16133,"HH Modern Products "
16134,H & W Trailer Works Inc
16135,"Harry Hall Body Shop, Inc"
16136,Hamner Welding Co
16137,CHUMMY VEHICLE PARTS INC.
16138,Hampton Homes Corp
16139,Harnischfeger Corporation
16140,Haul-Rite Inc
16141,PHOENIX CARS LLC
16142,HELLA LIGHTING FINLAND OY
16143,"HELLA AUTOTECHNIK NOVA, S.R.O."
16144,DOOLEY TACKABERRY INC.
16145,Hawkeye Eagle Transportation Equipment Co. Inc
16146,"Holtkamp Company "
16147,"SAWCO INDUSTRIES "
16148,Hewitt Tubular Products Inc
16149,Hoedebeck Brothers Inc
16150,Houston Marine Containers Inc
16151,"Hydralift Corporation "
16152,422 Marine Co.
16153,I Haul Trailers Co.
16154,"Hutchins Company, Inc"
16155,"I R Witzer Co. of Florida Inc "
16156,AMERICAN IRON CO
16157,17 CREEK ENTERPRISES
16158,"SUPERIOR HANDLING EQUIPMENT, LLC"
16159,Ideal Welding Co Inc
16160,ILAUG PRODUCTS INC
16161,"INDUSTRIAL POWER PRODUCTS "
16162,ROGUE ENTERPRISE LLC
16163,INTERMOUNTAIN FIBERGLASS MFG INC
16164,FERCAM CAM SANAYI TICARET LIMITED SIRKETI
16165,International Harvester Company
16166,Reflex & Allen Do Brasil Automotiva Ltda.
16167,KERBY BROTHERS LLC
16168,International Tank & Trailer Inc
16169,"International Trailer Corporation "
16170,"KARI-KOOL "
16171,Kassbohrer Fahrzeugwerke Gmbh
16172,KAST-RITE SILOS INC
16173,"ZHONGSHAN EASTAR OPTOELECTRONIC TECHNOLOGY CO., LTD."
16174,"INTERSTATE SUPPLY CO INC "
16175,IRBY CONSTRUCTION CO
16176,"IVECO TRUCKS OF NORTH AMERICAN, INC "
16177,"GRAND COACH, LLC"
16178,"J & C Manufacturing Inc "
16179,"J Bar S Manufacturing "
16180,"Jammer Cycle Products, Inc"
16181,Jantz-Femco
16182,J D Bertolini Industries Inc
16183,"JEFFERY BROTHERS "
16184,HARVINDER THIND
16185,FLEX FLUID POWER
16186,John Fruetel Enterprises Inc
16187,Juno Industries Incorporated
16188,Westline Manufacturing Inc
16189,Fairview Fittings & Manufacturing Incorporated
16190,Wurst Machine And Welding
16191,STEELBRO CONTAINER HANDLING SOLUTIONS
16192,WCW Walklate
16193,DPL Eurostyle Co.
16194,ACV INC
16195,Simpson Diversified Metal Products
16196,AMERICAN MOTOR OF CANADA
16197,Evans Automobile Manufacturers
16198,Vintage Auto Works Inc
16199,"TRUCK EQUIPMENT, INC"
16200,"RIDE THE DUCKS INTERNATIONAL, LLC"
16201,"BOLLINGER MOTORS, INC."
16202,"JACKSON MFG. CO., INC."
16203,HIGH SPEED WELDING LLC
16204,"BLUE JAY TRAILERS, LLC"
16205,JACKRABBIT FABRICATION LLC
16206,VOLENS LLC
16207,"SHENZHEN QIANHAI DRIVEYE AUTOTECH CO., LTD"
16208,"SHANDONG DREAMAKER TIRE CO., LTD."
16209,MOORE EQUIPMENT COMPANY LLC
16210,"LEVEL 3 HOMES & DESIGN, LLC DBA TINY INNOVATIONS"
16211,"SYNTHETIC LUBRICANT OIL AND GREASE BRANCH SINOPEC LUBRICANT CO., LTD"
16212,K-LINE TRAILERS LTD.
16213,"FUJIAN XINLI YUAN REFLECTIVE MATERIAL CO., LTD"
16214,"GUANGDONG MARSHELL ELECTRIC VEHICLE CO., LTD."
16215,MAGNETI MARELLI ESPANA SA
16216,TECNOLOGÍA DE ILUMINACIÓN AUTOMOTRIZ S. DE R.L. DE C.V.
16217,AUTOMOTIVE LIGHTING S.R.O.
16218,SUPER SEAL FLEXIBLE HOSE LTD
16219,HEARTLAND TRAILERS OF BC
16220,HELLA SLOVKIA SIGNAL-LIGHTING S.R.O.
16221,"Southwest Georgia Wholesale Builders Supply, Inc."
16222,MAGNETI MARELLI POLAND SP.ZO.O.
16223,AUTOMOTIVE LIGHTING BROTTERODE GMBH
16224,"JIANGSU SRUMTO AUTO PARTS CO., LTD"
16225,FORD MOTOR COMPANY BRASIL LTDA.
16226,BRUE & YIN LLC
16227,MOTION TRAILER WORX
16228,THE HIGHLAND GROUP
16229,CENTEX LEGACY INDUSTRIES
16230,MAHINDRA NORTH AMERICAN TECHNICAL CENTER INCORPORATED
16231,"ROADCLIPPER ENTERPRISES, INC."
16232,"WEASTEC, INC."
16233,ORANGE EV LLC
16234,"COMMERCIAL STRUCTURES, INC"
16235,BROUGHAM BRIDGER INC
16236,ADMIRATION HOMES INC
16237,FORD MOTOR COMPANY OF NEW ZEALAND LTD
16238,AUTOMOTIVE LIGHTING REAR LAMPS FRANCE S.A.S
16239,NEW BUCK CORPORATION
16240,E-Z DISCOUNT INC
16241,TOWMORE
16242,PEREI GROUP LIMITED
16243,"DONGGUAN BOWANG PHOTELECTRIC CO., LTD."
16244,FUTURE LINE LLC
16245,FABIANS MACHINE AND WELDING INC
16247,"J VAN BODY, INC."
16248,ENDURO TRADE DBA CRUX EXPEDITION TRAILERS
16249,SKEETER PRODUCTS INC.
16250,"WESTERN WISCONSIN FABRICATING, LLC"
16251,M. B. BOWEN COMPANY LLC
16252,Cromodora Wheels S.R.O.
16253,BRYAN POAGE INC.
16254,T AND A TRUCK SPECIALIST INC
16256,GOLDEN HORSE RUBBER SDN BHD
16257,J and P Trailer Company
16258,HIGHWAY TYRE SERVICE PTY LTD
16259,"JJR, Inc."
16260,VALEO AUTOSYSTEMY SP.Z O.O.
16261,Altech-Eco Corporation
16262,VALEO VISION SAS
16263,VALEO VISION BELGIQUE
16264,TEXAS TINY CABINS
16265,"BEST ONE RETREADING OF GREAT BEND, LLC"
16266,"PMI TRUCK BODIES, INC"
16267,FLEMING TRAILERS INC
16268,DEERSKIN MANUFACTURING INC.
16269,XIAMEN BYMEA LIGHTING COMPANY LIMITED.
16270,"JIANGSU ZHANGCHI WHEEL MANUFACTURING CO., LTD"
16271,"EFFICIENT DRIVETRAINS, INC."
16272,PBM SUPPLY & MANUFACTURING INC
16273,"AEROTEK INC "
16274,MEARS WELDING & MFG CORP
16275,VERMEER -DELTA
16276,WORKHORSE GROUP INC.
16277,"JANAK & SONS, LLC"
16278,CROMODORA WHEELS SPA
16279,J & J TRAILERS MANUFACTURERS AND SALES INC.
16280,AXIS CORPORATION
16281,Tokai Rika Mexico S.A. DE C.V.
16282,"ECO TIRE TREADING CO.      "
16283,"SHANDONG HENGTONG AUTO PARTS CO., LTD"
16284,SÜDRAD GMBH RADTECHNIK
16285,KRONPRINZ GMBH
16286,HUTCHINSON D.O.O
16287,GE HUNGARY IPARI ÉS KERESKEDELMI KORLÁTOLT FELELOSSÉGU TÁRSASÁG
16288,SMR AUTOMOTIVE MANUFACTURING HUNGARY BT
16289,TRW AUTOMOTIVE GMBH
16290,LOMBRA DE GUADALAJARA SA DE CV
16291,BANDAREY SA DE CV
16292,"TRW VEHICLE SAFETY SYSTEMS DE MEXICO, S. DE R.L. DE C.V."
16293,LIBERTY VEHICLE TECHNOLOGIES LTD
16294,ZF PASSIVE SAFETY CZECH S.R.O.
16295,TRW POLSKA SP. Z O.O.
16296,"American Truck & Trailer, LLC"
16297,B&A TRAILERS INC.
16298,"XTREME OUTDOORS, LLC"
16299,CENTRAL HYDRAULICS HOSE AND ACCESSORIES
16300,SHANGHAI GENERAL MOTORS CORP LTD.
16301,HOMETOWN MANUFACTURING INC.
16302,"CORRECT CRAFT INC "
16303,"ICON CUSTOMS LLC "
16304,MVM7
16305,REPPERTS CYCLE SHOP
16306,"JIANGMEN SHILIDUO AUTO PARTS CO., LTD."
16307,VARROC LIGHTING SYSTEMS S DE RL DE CV
16308,"JIAXING HELLA LIGHTING CO., LTD"
16309,ODELO SLOVENIJA D.O.O.
16310,ODELO DEUTSCHLAND GMBH
16311,"ASPIRETEC, INC."
16312,FAIRVIEW AUTOMATED BURNOUTS
16313,"HELLA BHAP(SANHE) AUTOMOTIVE LIGHTING CO., LTD."
16314,"OW EXCEL OILFIELD EQUIPMENTS, INC."
16315,BLACKWATER FLEET SERVICES INC
16317,"SHANDONG ZHENGSHUN WHEELS CO., LTD."
16318,CARY CART COMPANY
16319,"COMPAÑIA HULERA TORNEL, S.A. DE C.V.        "
16320,HELLA FAHRZEUGTEILE AUSTRIA GMBH
16321,"OUTBACK CUSTOMS,LLC"
16322,OCTANE TRAILERS LLC
16323,"VENDWORKS, LLC"
16324,BUILT BY KRAMER BBK LLC
16325,AYRO INC
16326,HUGHES & HOWARD ENGINEERING
16327,"CROSSROADS MANUFACTURING, LLC"
16328,JOHNS GOLF CARS INC
16329,ERNEST SPENCER METALS INC
16330,Cal Central Catering Trailers
16331,Tiny Homes of Oklahoma
16332,SOUTHERN OHIO EQUIPMENT COMPANY LLC
16333,QUALITY MANUFACTURING SERVICE
16334,HUNTER TIRES INC
16335,S.C. Hella Romania S.R.L.
16336,"UTILITIES EQUIPMENT CO., INC"
16337,BROWNELL BOAT TRAILERS INC.
16338,"AZTEC MACHINE & REPAIR, INC."
16339,TUFF BOY SALES INC
16340,"CRANES & MATERIAL HANDLING, INC."
16341,WIN TEAM CORPORATION
16342,AIRBOAT STUFF LLC
16343,"RICE WELDING "
16344,C & C MANUFACTURING LLC
16345,"ADVENTURE RENTALS, LLC"
16346,PURDY ADVENTURE TEARDROP TRAILERS LLC
16347,"HOSE & HYDRAULICS, INC"
16348,BRIDGESTONE HOSE POWER
16349,LIFE TINY HOUSE COMPANY
16350,"DIAMOND COMPONENTS, INC."
16351,"BEAR METAL WELDING & FABRICATION, LLC"
16352,DAIRY SYSTEMS INC
16353,"ENOVEN OF REDDING, INC."
16354,"ENOVEN INDUSTRIES, LLC"
16355,GFA TRAILERS LLC
16356,NAPA AUTO PARTS
16357,"LEGEND MANUFACTURING LLC  "
16358,"Power Systems, LLC"
16359,DOKTOR VIP OTOMOTIV TASARIM DIS TICARET LTD. STI
16360,MUSKOKA TRAILER MANUFACTURING
16361,"INTIER AUTOMOTIVE INTERIORS ZIPPEX,S.A"
16362,"HUAYI GROUP (THAILAND) COMPANY LIMITED           "
16363,MAGNA MIRRORS SCHLEIZ GMBH
16364,MAGNA SPIEGELSYSTEME GMBH
16365,"MAGNA MIRRORS ESPAÑA, S.A"
16366,"JIAXING HENKO AUTO SPARE PARTS CO., LTD"
16367,LCW AUTOMOTIVE CORP.
16368,BRC CUSTOM COACHES & TRAILERS
16369,"MASTER TOW, INC."
16370,"KAUFMAN TRAILERS OF NC, INC."
16371,"MCCLAIN INDUSTRIES COMPANY "
16372,PLAVICA PLUS C.A.
16373,PLASTIMAT GMBH
16374,LAND GLASS C.A.
16375,KRÄCKER GMBH
16376,CEVHER JANT SAN. A.S.
16377,"TAI'AN CITY ANTEROGRADE AUTOMOTIVE GLASS CO., LTD. "
16378,"SHANDONG KUPO TIRE CO., LTD."
16379,"NINGBO CENTURY EVA MOTORS CO.,LTD."
16380,"KEICH INTERNATIONAL TYRE CO., LTD."
16382,GLOBAL MOTOR COACH INC.
16383,NEROWALKER BOATS LLC
16384,"CABIN TECHNOLOGIES, INC."
16385,WASATCH CLEAN ENERGY LLC
16386,STEELCO INC
16387,"WPLJR, LLC DBA PIRTEK FOSTER"
16388,"MIDAMERICA EQUIPMENT, INC"
16389,WINDROCK TRAILERS INC
16390,"AEROHAUZ FABRICATIONS, LLC"
16391,TUF CORP.
16392,"ALL STAR SOLUTIONS "
16393,"GO RITE TRAILERS, INC."
16394,WORLD CNG SW LLC
16395,"RODROCK AUTO PARTS MFG CO., LTD."
16396,AUTOMOTIVE LIGHTING ITALIA S.P.A.
16397,CHANGZHOU INTER UNIVERSAL MACH/EQUIP CO. LTD
16398,VIPER CARGO LLC
16399,OLSA SPA
16400,OLSA POLAND SP.ZO.O
16401,STELLANTIS EUROPE S.P.A.
16402,NANOGATE PD SYSTEMS GMBH
16403,"CONTINENTAL TIRE THE AMERICAS, LLC"
16404,TRAILER MANIA TRAILERS INC.
16405,"TOYOTA MOTOR MANUFACTURING,TURKEY ,INC."
16406,Cardinal CG Company
16407,"SEEDLING HOMES, LLC."
16408,EASYWAY TRAILERS INC
16409,ELSEY MFG. LLC
16410,Purgatory Towing Inc.
16411,"Schneider Sales & Service, LLC"
16412,Mahindra GenZe
16413,MCCOY MANUFACTURING LLC.
16414,AVERY CABIN COMPANY
16415,Nexhaul Trailers
16416,FSM INC
16417,ARCH BUILDERS LLC.
16418,"ELDORADO MOBILITY, INC."
16419,WILMES CHEVROLET BUICK GMC
16420,"TRAILER TIME ENTERPRISES, LLC."
16421,"HBC GROUP, LLC"
16422,FOUTS BROS. INC. D/B/A SMYRNA TRUCK & CARGO
16423,"DANYANG RUIMEITAI AUTO PARTS CO., LTD"
16424,FTE AUTOMOTIVE SLOVAKIA S.R.O.
16425,FTE AUTOMOTIVE MOVE GMBH
16426,RTM SERVICES
16427,"ODULAIR, LLC"
16428,"WUHU ANRUI OPTOELECTRONICS CO., LTD."
16429,HAVIS INC.
16430,LUMA RV INC
16431,"VLF AUTOMOTIVE, LLC"
16432,REAL FLEET SOLUTIONS LLC
16433,UNIVERSAL PTO HITCH CO. LLC
16434,PORTABOARDS ENTERPRISES LLC
16435,BARTUK HOSE & HYDRAULICS
16436,"K&K REPAIR SERVICE, LLC"
16437,"ALT FUEL INNOVATIONS, LLC"
16438,JIM REEDS TRUCK SALES INC
16439,ADVANCE MECHANICAL SERVICE
16440,WORK HORSE MANUFACTURING INC
16441,"BELLAMY'S OUTDOOR SPORTS, INC."
16442,ABSOLUTE STYLING LIMOUSINE LTD.
16443,"INTERNATIONAL LIFT CORPORATION "
16444,J AND E STEEL LLC
16445,AETNA ROOFING CORP
16446,THE HYDROSEEDING COMPANY LLC
16447,"COUFAL-PRATER EQUIPMENT, LLC"
16448,BOLINGER INC.
16449,FIRST CHOICE AUTO CLINIC
16450,"SKEETER EMERGENCY VEHICLES, LLC"
16451,"MESA INDUSTRIES, INC."
16452,"PETTY TRAILERS "
16453,TRUCK & TRAILER SPECIALTIES INC
16454,ISI AUTOMOTIVE AUSTRIA GMBH
16455,MW LUBLIN SP. Z O.O.
16456,"MARKMA TIRE CO., LIMITED"
16457,VANCLAES BOAT TRAILERS
16458,CAVENDISH INDUSTRIES LIMITED (A JK TYRE ASSOCIATE)
16459,"ITW PRONOVIA, S.R.O."
16460,HELLA NEW ZEALAND LIMITED
16461,HELLA INDIA LIGHTING LTD.
16462,"HUNG-A CO., LTD"
16463,TEDSON TRAILER & EQUIPMENT REPAIR LLC
16464,"REFUSE EQUIPMENT AND TRUCK SERVICES, INC."
16465,"SHIFT MOTORSPORTS, LLC"
16466,THE WELDING WORKS
16467,"WECLY INTERNATIONAL, INC"
16469,"VRV, Inc."
16470,A THUMBS UP INC.
16471,RED ROCK OILFIELD SERVICES
16472,AUTO-MANIA
16473,ULTIMATE CUSTOM CYCLES AND FRAMES
16474,FNA GROUP INC
16475,"CHEMGUARD INC "
16476,BULLDOG TRAILERWORKS
16477,DAQING VOLVO CAR MANUFACTURING CO LTD
16478,VOLKSWAGEN DE MEXICO SA DE CV
16479,"MACH ONE TRAILERS "
16480,"FAJUMES SA DE CV "
16481,CAMPER PRODUCT INC
16482,M-CO WELDING
16483,"M&M LIFTS,INC"
16484,M8-A1 MULE OFF ROAD TRAILER
16485,"TOTAL TUBING, LLC"
16486,"HENSON'S AUTO PARTS & SUPPLY, LLC"
16487,"BUSH ELECTRONICS, INC."
16488,"TOPAR WELDING, INC."
16489,"ETI GLOBAL SOLUTIONS "
16490,BC TRAILERS
16491,"MRL TYRES, LTD."
16492,BRIDGESTONE CANADA INC
16493,"SHANDONG YIWEI RUBBER CO., LTD"
16494,"SHANDONG HENGRI SUSPENSION SPRING CO., LTD."
16495,"QINGDAO VISASTONE INDUSTRY &TRADE CO.,LTD"
16496,REBEL METAL FABRICATORS LTD
16497,ATLAS COPCO AIRPOWER NV
16498,"CHANGZHOU HONGQIAO MINI AUTO ACCESSORIES FACTORY "
16499,"IN2GO INDUSTRIES, LLC"
16500,E.H. WACHS COMPANY
16501,Inverom Corp
16502,"THIELEN MACHINE & WELDING, INC"
16503,PRO PULL
16505,BEAR BONES SYSTEMS LLC
16506,"MULTI PARTS SUPPLY USA, INC."
16507,EPIC MANUFACTURING LLC
16508,INDUSTRIA VITALIZADORA OTTO'S TIRE S.A. DE C.V.
16509,B.W.S. MANUFACTURING LTD.
16511,IDEAL WELDING
16512,STANFORD MANUFACTURING CO.
16513,"CARRIER SYSTEMS, LLC"
16514,INLAND EMPIRE CHOPPERS
16515,SATURN MACHINE & WELDING CO. INC.
16516,"EAST POINT EQUIPMENT CO., INC. "
16517,BB WELDING LLC
16518,MHQ
16519,BROKEN ARROW INCORPORATED
16520,"THOMPSON CHOPPERS INC "
16521,COPY CATT TRAILERS
16522,VANGUARD NATIONAL TRAILER CORPORTATION
16523,CUSITEC SA DE CV
16524,PREH GMBH
16525,"ASPÖCK PORTUGAL, S.A."
16526,"VALEO SISTEMAS ELECTRICOS, S.A. DE C.V."
16527,KERR INDUSTRIES OF TEXAS
16529,"ROCK RIVER INDUSTRIES "
16530,TRU LEVEL TRAILERS
16531,PT. KENDA RUBBER INDONESIA
16532,CRISTALERÍA PONTEVEDRESA S.L.
16533,PROTECTION MATERIALS S.A. DE C.V.
16534,"GENESIS SUPREME RV, INC."
16535,"TRUCK-N-TRAILER "
16536,ADVENTURE WAGON
16537,"ZHUMADIAN DALI TIANJUN SPECIAL VEHICLE MANUFACTURING CO., LTD"
16538,ELAUSA ELECTRONICA I AUTOMATISMES S.L.
16539,"DKOI, INC."
16540,"SMEAL HOLDING, LLC"
16541,RECAUCHUTAGEM 31 S.A.
16542,KIEPE ELECTRIC INC.
16543,"R. R. CHARLEBOIS, INC. "
16544,WHISPERING PINES FABRICATING
16545,"WELDON, A DIVISION OF AKRON BRASS"
16546,TOWNSEND TRAVEL TRAILERS
16547,"MATHEWS MACHINE & HYDRAULICS SUPPLY, LLC"
16548,"ANHUI BAOREN MOTORCYCLE WHEELS TECHNOLOGY CO.,LTD."
16550,"Zhongshan BOMI Electronics Technology Co., Ltd."
16551,"DYNAMIC HOSE SOLUTIONS, INC"
16552,LGE COACHWORKS
16553,CZ ENGINEERING INC
16554,PRICE ENGINEERING
16555,ARC SALES AND SERVICE
16556,"SHANDONG DONGCHENG GLASS TECHNOLOGY CO., LTD."
16557,BLACK LABEL CHOPPERS LLC
16558,MARINE TRANSPORTATION EQUIPMENT CO. INC
16559,HOMIER DISTRIBUTING INC
16560,"RACE COACHES LLC "
16561,R&S CUSTOM CYCLES
16562,MARK'S MACHINE SHOP INC.
16563,AMERICAN TRAILER AND MANUFACTURING LLC
16564,FORD INDIA LTD
16565,TRI COUNTY TRAILER MFG &SALES LLC
16566,"MONROE TOWMASTER, LLC"
16567,ROADHOG TRAILER MFG.
16568,TRAILER REBUILDERS INC.
16569,BCA INDUSTRIES
16570,EDENVILLE EQUIPMENT LLC
16571,"SOWARDS ELECTRIC, LLC"
16572,MAXI-METAL INC.
16573,TITAN TRAILERS INC.
16574,KEENTECH COMPOSITES TECH CO. LIMITED
16575,odelo Otomotiv Aydinlatma A.S.
16576,"NANTONG ZHONGYOU TOUGHENED GLASS MANUFACTURE CO,LTD"
16577,"HEJIAN YIAN PLASTICS PRODUCTS CO., LTD"
16578,JESUS ALBERTO RENTERIA ARMENDARIZ
16579,FTE AUTOMOTIVE GMBH
16580,FRANZ SPAHN GLÜHLAMPENFABRIK GMBH&CO.KG
16581,"MYERS FABRICATION, INC"
16583,"ALLIANCE NORTH AMERICA, INC."
16584,MIROX CORPORATION
16585,GOLF CAR LIMITED
16586,"INTERSTATE GROUP, LLC"
16587,ALL-ABOARD! CUSTOM L.P.
16588,SUNLINE COACH COMPANY
16589,"MIDWEST EQUIPMENT MANUFACTURING, INC."
16590,"HI-STANDARD MANUFACTURING, INC."
16591,"THURO-BILT, INC."
16592,"STRICK CORPORATION "
16593,STERLING TRUCK SALES CO.
16594,"STERLING SALEM CORPORATION "
16595,STECO SALES INC
16596,STARDUST CRUISER MFG. COMPANY
16597,"ETR,L.L.C."
16598,"GUARDIAN TRAILER INC. A DIVISION OF ROGUE JET BOATWORKS, INC."
16599,ON-SITE SERVICES MID MICHIGAN
16600,"G & B SPECIALTIES, INC."
16601,MASPETH TRUCK OUTFITTERS
16602,"B-WELDING "
16603,"DENNEY BROTHERS FABRICATION, LLC"
16604,"THE TRAILER SHOP, LLC"
16605,FINN CORPORATION
16606,"STEEL-BILT, INC"
16607,"STANDARD TRUCK AND EQUIPMENT "
16608,STEWART INTERNATIONAL INC
16609,ALKON CORPORATION
16610,"STUART EQUIPMENT INC "
16611,"STERLING ENGINEERING & MANUFACTURING COMPANY( DIVISION OF PUBLIC SERVICE ENTERPRISES OF PENNSYLVANIA, INC)"
16612,"STERLING INDUSTRIAL CORPORATION "
16613,"STARLINE ENTERPRISES, INC"
16614,"STAR ENGINEERING, INC"
16615,"RICE AND WOOLARD MANUFACTURING, INC."
16616,"LDC INDUSTRIES, INC"
16617,"MID-AMERICA TRUCK EQUIPMENT, INC"
16618,ADVANCED FABRICATORS INC
16619,J & T MERCHANDISE INC
16620,FREDERIKSEN ENTERPRISES INC
16621,"SUSTAINABLE ENGINEERED BUILDINGS, INC. "
16622,CHAOS FAB SHOP
16623,"BRISTOL HOSE & FITTINGS, INC"
16624,"Qingdao Doublestar Tire Industrial Co., Ltd"
16625,"ZHUHAI WEINENG AUTOMOBILE PARTS CO., LTD."
16626,"QINGDAO AILITE RUBBER CO., LTD."
16627,RONAL PRODUKTIONS GMBH & CO. KG
16628,RONAL IBÉRICA S.A.U.
16629,SPEEDLINE S.R.L.
16630,APP-TECH SRL.
16631,"STAR WAGGONS, INC"
16632,RONAL SAN LUIS S.A. DE C.V.
16633,MARSHALL WELDING INC
16634,W. JOHN PRICE MANUFACTURING AND REPAIR
16635,"OLYMPIC FIBERGLASS INDUSTRIES, INC "
16636,"MHUNDLEY, INC. D/B/A SHAMROCK TUBE & HOSE"
16637,TOBY'S MECHANICAL LLC
16638,"JIANGSU POMLEAD CO., LTD"
16639,RINALDI S/A INDÚSTRIA DE PNEUMÁTICOS
16640,RONAL QUERÉTARO S.A. DE C.V.
16641,BASF SE
16642,"CNLIGHT CO., LTD."
16643,United Enterprises
16644,Shandong Lufeng Special-Purpose Vehicle Co. Ltd.
16646,DICKSON INDUSTRIES INC
16647,"US PRECISION CONSTRUCTION, LLC"
16648,C3 WELDING & FABRICATION
16649,"CONSTRUCCIONES INDUSTRIALES EL-AR, S.A. de C.V."
16650,AMERA TRAIL- ORLANDO FL
16651,"DURALITE, INC"
16652,"AGRI-MART, INC"
16653,NANCHANG AIRCRAFT MFG. CO ( HONGDU MACHINERY PLANT)
16654,TEMPLES TRAILER SALES INC
16655,OCS MARINE INC
16656,HUMBLE HOMES MANAGEMENT LLC
16657,"DIAMOND H SALES "
16658,"DANCO TRAILERS, INC"
16659,"SIVAD, INC"
16660,"HERCULES COACH & MFG. CO, INC "
16661,"TNT JET TECH, INC"
16662,PERFORMANCE FABRICATING
16663,"TECHNICAL STRUCTURES, INC"
16664,CARGOSEAT US LLC
16665,"LIPPERT COMPONENTS MANUFACTURING, INC. PLANT #119"
16666,"TIMBERLINE ENTERPRISES "
16667,ATWOOD TRAILERS
16668,"RENCO, INC"
16669,DIAMOND B TRAILERWORKS
16670,"A.P.E, INC"
16671,"B & S TRAILER SALES "
16672,HAWKINS WESTERN WORLD
16673,"BROCK'S FIELD SERVICE FABRICATION "
16674,KNUTSON ENGINEERING LLC
16675,MILLENNIUM INDUSTRIES CORPORATION
16676,"A PLUS MANUFACTURING & COLLISION REPAIR "
16677,FOX BETTER BUILT TRAILERS
16678,"CROWD PLEASERS, INC"
16679,LODAL LLC
16680,"TAYLOR TRAILERS (DIVISION OF DACODA TRAILERS, INC)"
16681,"MARSH INDUSTRIAL SERVICES, INC"
16682,"EL-SAN, INC"
16683,HOLLAND LP
16684,"PHOENIX CONVERSIONS, INC."
16685,HARCO TRAILERS
16686,C.V. INC
16687,CJ CARGO INC
16688,OGAWA ENTERPRISE
16689,OVERLAND ACCESS LLC
16690,"SWEITZER COMPANIES "
16691,EAST KENTUCKY TRAILERS MFG. CO
16692,FABRICATION & DESIGN INC
16693,DURANGO TRAILER MFG.
16694,"TRI-DEN, INC"
16695,FIBERGLASS PROTOTYPES DEVELOPMENT MANUFACTURING COMPANY
16696,"JAMES EQUIPMENT COMPANY, INC"
16697,PLAYBUOY PONTOON MFG. INC
16698,"BORCO EQUIPMENT "
16699,AFTER-MARKET SPECIALTIES
16700,CROMWELL BUILDERS MANUFACTURING INC
16701,M AND S AUTO SALES INC
16702,"SUGGS MANUFACTURING COMPANY "
16703,B B's TRAILERS
16704,"FARMERS & CONTRACTORS SUPPLY CO. "
16705,"SERVICES & MATERIALS COMPANY "
16706,BULLY BRAND TRAILERS
16707,"MICHAEL MANUFACTURING AND REPAIR "
16708,"VRC INDUSTRIES "
16709,POTTER & SON TRAILER FABRICATING INC
16710,"T & R RACING AND FABRICATION "
16711,"VALLEY MANUFACTURING, INC"
16712,DISCOVERY CARGO TRAILERS INC.
16713,BESSER APPCO
16714,"ADVANCED CONTAINMENT SYSTEMS, INC"
16715,NAPA WEST RIDGE
16716,"COOPER-STANDARD AUTOMOTIVE INC. "
16717,"CENTER LINE FABRICATORS, INC"
16718,"BRESEE MANUFACTURING "
16719,"FUQUA HOMES, INC"
16720,HYDRA PLATFORMS MFG. INC
16721,"SIMPLEX, INC"
16722,SPECTRUM ENGINEERING HAWAII
16724,"DULUTH TRAILER SALES, INC"
16725,"PACIFIC INDUSTRIAL SUPPLY "
16726,"COBRA CARS, INC"
16727,GLENN ENGINEERING INC
16728,TFK CUSTOM TRAILER
16729,CARTER BROTHERS MFG. CO. INC
16730,FISHER WELDING COMPANY
16731,"KEYWAY FABRICATION & DESIGN "
16732,PAYNE'S TRAILER
16733,THE ALLIED GROUP
16734,INDUSTRIAL AIR PRODUCTS (IAP) INC
16735,JOHNSON'S WELDING
16736,"INDEPENDENT TRAILER & REPAIR, INC"
16737,"CLARKSTON MOTORS, INC"
16739,"CARRIER TRANSPORTS, INC"
16740,L& J HYDRAULICS CO.
16741,ARK PRES EMNIYET KEMERI SANAYI VE TICARET A.S
16742,CARGOSEAT LTD
16743,DOEPKER INDUSTRIES LTD.
16744,SAO VANG RUBBER JOINT STOCK COMPANY
16745,"SHANDONG MIRAGE TYRES CO.,LTD"
16746,"WONDERLAND NURSERYGOODS CO., LTD"
16747,"DENNIS EAGLE, LTD."
16748,KOITO EUROPE LIMITED
16749,TY-CROP MANUFACTURING LTD.
16750,VALEO LIGHTING INJECTION S A
16751,TRAILER PLUS
16752,LEGEND MOTOR WORKS INC
16753,JERRY JOHNSON TRAILER SALES
16754,FRAMTRAC MANUFACTURING CO. LTD
16755,CHAPARRAL TRAILERS OF IOWA
16756,BAY EQUIPMENT AND REPAIR
16757,E & T UTILITY TRAILERS
16758,DENTON TRAILER CO.
16759,SPECIALTY IRON WORKS
16760,SIOUXLAND TRAILER SALES INC
16761,HUNTER MARINE CORP.
16762,GULLICKSON TRAILER SALES & SERVICES INC
16763,"JOHNSON MANUFACTURING, INC"
16764,RICHEY FAMILY INC
16765,"QUALITY PRODUCTS "
16766,VANDOUBLE ENTERPRISES LLC
16767,LIGHTNING EMOTORS INC.
16768,"GOFSR, LLC D/B/A FREESPIRIT RECREATION"
16769,NEW TECH MACHINERY CORP.
16770,TODD GEISERT WELDING SALES & SERVICE
16771,"NORTH VALLEY INDUSTRIES, INC "
16772,D & M TRAILERS
16773,R.G. HOOD WELDING SERVICE
16774,COLEMAN'S CUSTOM WELDING INC
16775,"VIKING TRAILER SALES, INC"
16776,"CUSTOM SALES AND SERVICE, INC"
16777,"NORTH STAR MFG. "
16778,"WEN C, INC"
16779,WICKED COOL MOTORCYCLES LLC
16780,DAVE HANSON TRAILERS INC
16781,"NATIONAL GROUP OF COMPANIES, INC"
16782,"BUS SAFETY, INC"
16783,"BRIJ WAY, LLC DBA TRACPAC TRAILERS"
16784,ALUMATREK CUSTOM ALUMINUM TRAILERS INC
16785,ALVAREZ - TALLER DE TORNOS Y SOLDADURA
16786,"WTM, INC"
16787,"FIVE STAR TRAILER AND EQUIPMENT "
16788,UNGER & WILHELM INC
16789,PRODUCTION AUTOMOTIVE SERVICES
16790,"FAYETTE INDUSTRIES INC,"
16791,"BACKWATER TRAILERS "
16792,GOLDEN WEST HOMES
16793,"ALCAN TRAVELER, INC"
16794,"COWBOY COACHES "
16795,VENTURE QUALITY TRAILER MFG
16796,LAZY-DAZ INC
16797,BROWN'S WELDING AND STEEL
16798,"CLASSIC TRAILERS, INC"
16799,"HESPERIA'S SCHELL CITY "
16800,"HAYES TRUCK & TRAILERS "
16801,EARTHWORM INC
16802,"TRAILS END MANUFACTURING, INC"
16803,"AJAX TRAILERS, INC "
16804,"WESTECH CUSTOM METAL FABRICATION "
16805,"MARION FABTECH, INC"
16806,"HYDRA RIG INCORPORATED "
16807,M & T RESEARCH AND DEVELOPMENT
16808,"PRECISION WELDING "
16809,"MCCLINTOCK METAL FABRICATORS, INC"
16810,"JOHNNY'S TRUCK AND TRAILERS "
16811,TRAILER HITCH INC
16812,"BRYANT'S TRAILERS, INC"
16813,"NATIONAL MANUFACTURING COMPANY  "
16814,ALASKA FRONTIER FABRICATION LLC
16815,"MITCHELL COACH MANUFACTURING COMPANY "
16816,"SHUFFETT MACHINE & WELDING, INC"
16817,"FOWLER TRAILERS, INC "
16818,PackUp Trailers
16819,"WOW CARGO TRAILERS, LLC"
16820,Melissa's Golf Carts Inc
16821,VAN KAM TRUCK & TRAILER
16822,"CHENGDU E-MANUFACTURE CO., LTD"
16823,TRITON TRUCK & TRAILER REP. INC
16824,BuK Boots-und Kunststoffbau GmbH.
16825,Sealander Floating Caravans Inc.
16826,ENVIROQUIP SYSTEMS INC
16827,MERCURY POWER BOAT
16828,"SHANNON CUSTOM TRAILERS "
16829,"ABI LEISURE PRODUCTS "
16830,"GUANGZHOU PUDAO ELECTRONIC TECHNOLOGY CO., LTD"
16831,"DANAPERSADARAYA MOTOR INDUSTRY, PT"
16832,"Zhejiang RuiYiDe Automobile & Motorcycle Fittings Co., Ltd."
16833,CITYCOM ELEKTROMOBILFABRIK A/S
16834,"Mid-State Trailers, Inc."
16835,"COMPETITIVE TRAILERS, INC"
16836,"PLS TRAILER MANUFACTURING "
16837,P/TAC INDUSTRIES INC
16838,TECHWELD EQUIPMENT CO. INC
16839,"SOUTHERN SPECIALTY WELDING "
16840,"HULL'S TRAILER SALES AND MANUFACTURING "
16841,"NEW HORIZONS RESEARCH CORPORATION "
16842,"MINNESOTA VALLEY ENGINEERING, INC"
16843,C-R CHEETAH RACE CARS
16844,"SOFTOUCH MANUFACTURING "
16845,SURE STEER AXLE CO.
16846,"ELITE TRAILERS, INC"
16847,HESSE CORPORATION
16848,"TRUCKS UNLIMITED "
16849,"C M MART, INC"
16850,LISLE SPECIALTIES INC
16851,"MAGNACYCLE CO., INC"
16852,ELECTRA MECCANICA VEHICLES CORPORATION
16853,"JIANGSU DONGHAO RUBBER CO., LTD."
16854,"SHANDONG PROVINCE SANLI TIRE MANUFACTURE CO., LTD "
16855,Brownell & Williams Inc
16856,Good Pace Inc
16857,TEXAS TRAILER CORPORATION
16858,FLYBRIDGE CORPORATION
16859,"TRINITY HOSE & INDUSTRIAL SUPPLY, INC"
16860,"TEXLINE TRAILERS, LLC"
16861,NORTON ENERGY DRILLING LLC
16862,DZINE UNLIMITED INC
16863,BULLISTIC RACE TRAILERS
16864,EXTREME OPTIONS FABRICATION
16865,Mikey's Custom Trailers
16866,Hodges Custom Haulers
16867,Radley Custom Trailers
16868,BECK'S MOBILE HOME AND RV CENTER
16869,B-Line Corporation
16870,WEBER MANUFACTURING LLC
16871,Red River M Trailer Sales
16872,Chalet RV Manufacturing
16873,Wilson Custom Trailer Inc
16874,Moore Enterpreses
16875,Tote'Em Trailright Trailers
16876,TRIANGLE HEALTHCARE SYSTEMS LTD
16877,TOP NOTCH TRAILERS
16878,M & M MANUFACTURING
16879,"LIMBO CONTAINER COMPANY "
16880,"B & R WELDING "
16881,B & W TRAILERS
16882,MARTIN ENTERPRISES
16883,KEVIN'S REPAIR & AUTO BODY
16884,"NEWCO INC "
16885,"RIVER VALLEY SALES "
16886,"AUTOMATION SALES, INC"
16887,Southwest Trail Boss
16888,ABOUT SALES INC
16889,"TRAILERS BY DORSEY, INC"
16890,"ParkWest Industries, Inc."
16891,"AMC TRAILER REPAIR MANUFACTURING "
16892,"GENERAL AUTO & TRUCK SALES INC "
16893,"EXCEL SHEET METAL, INC "
16894,"American Thunder Tryke, Inc."
16895,J & D Welding & Trailer Sales
16896,JEFCOAT TRAILER'S
16897,"Rural Mfg. Co., Inc."
16898,"B & B TRAILER SALES "
16900,TOMAHAWK TRAILERS INC MN
16901,"Weimer Manufacturing Co., Inc."
16902,DOUGLAS MARINE CORPORATION
16903,"EASTERN WHOLESALE DISTRIBUTORS "
16904,CJ'S TRAILERS
16905,"Brindle Products, Inc."
16906,E.A. COLLINS AND SONS
16907,"FANTASY COACH COMPANY, INC"
16908,HOPPY TRAILERS
16909,"GOODSON BUILDING SYSTEMS, INC"
16910,"PIONEER METAL WORKS, INC"
16911,"GREEN'S WELDING AND TRAILER SALES "
16912,"EZ-HAUL, INC"
16913,AMERICAN TRAILERS CO
16914,PRO-TRAC TRAILERS
16915,"G. C, MANUFACTURING, INC "
16916,MATTOX WELDING & FABRICATION
16917,TECHNOLOGY DEVELOPMENT INC
16918,STEELWRIGHT MANUFACTURING CORP.
16919,"SKYLINE HOMES, INC"
16920,EAGLE AUTOMATED METHODS
16921,"SCHELL MANUFACTURING "
16922,COWELL CUSTOM TRAILERS
16923,WILDCAT TRAILER CO.
16924,"4M FARM & TRAILER SALES, LLC"
16925,"BONTRAGER OUTDOORS, LLC"
16926,"X-PRESS "
16927,TEXAN TRUCK BODY CO
16928,SCUDERIA CAMERON GLICKENHAUS LLC
16929,"J & L TRAILERS "
16930,"SIMON-DUPLEX INC "
16931,AmeriQuip
16932,M & M TRAILER
16933,TL ENTERPRISES
16934,Gold Star
16935,Southwest/TCP
16936,Cart Masters Inc.
16937,"BOURG CHEMICAL DISTRIBUTING, INC"
16938,"KELLY WELDING "
16939,"TRAILER INDUSTRIES, INC"
16940,"Busby International, Inc."
16941,Fireside Recreational Vehicles
16942,HITCH -N-GO- TRAILERS
16943,"COASTAL MANUFACTURING CO., L.P."
16944,"DYNAMICS COMPOSITE DESIGNS, INC"
16945,SAN DIEGO CUSTOM TRAILER & LIQUID TANK MFG.
16946,Galvanized International Boat Trailer Mfg. & Service
16947,HYDRA-LIFT TRAILERS
16948,"SURFACE PREPARATION SYSTEMS INC "
16949,"SIERRA PRECISION TOOL "
16950,"BLAIRZ HOMES "
16951,WALLY MO TRAILERS
16952,"R & J TRADING "
16953,"INNOVATIVE ENTERPRISES "
16954,"HITCH-HIKER MFG., INC."
16955,BEST TRAILER INC
16956,C.R. WARREN MANUFACTURING
16957,"Modern Enterprises, Inc."
16958,BISCAMP'S TRAILER SALES
16959,Prolite Trailers
16960,Bartel Welding
16962,BROTHER'S FLEET SERVICE
16964,Ariens Company
16966,"FLAME KING INC "
16967,Pendergraft Trailers
16968,EAGLE CAR CARRIERS REPAIR & MFG
16969,HORSE & COUNTRY DBA COWBOY TRAILERS
16970,"NICKELS BOAT WORKS, INC."
16971,TrailRite
16972,"SPECIALTY AUTO TRANSPORT "
16973,Foral Company
16974,Hop Trailers
16975,Colt Trailer Mfg. Co.
16976,"CLACKAMAS BODY AND EQUIPMENT "
16977,"SUNTERA "
16978,"WENGER CORPORATION "
16979,Fourstar Trailers
16980,AIRMATE COMPANY INCORPORATED
16981,"HOSE SPECIALTY & SUPPLY CO, LLC"
16982,"SLINGSHOT CYCLES, LLC"
16983,OKLAHOMA TRAILER MANUFACTURING INC.
16985,CUSTOM TRAILER INC
16986,Antioch Manufacturing & Sales
16987,"ARK CUSTOM TRAILERS "
16988,IRONIK CYCLES
16989,Capitol Machinery Company
16990,"VALLEY WELDING & EQUIPMENT, INC"
16991,Simplot Financial Corporation
16992,Silverfox Trailer
16993,Medford Trailer Company Inc.
16994,Technology Systems
16995,"HEIL ENVIRONMENTAL INDUSTRIES, LTD"
16996,AGC AUTOMOTIVE AMERICAS
16997,IRVINE SPECIALTIES
16998,BUTTLER BUILT
16999,AUTOCRAFT DRIVETRAIN SOLUTIONS LIMITED
17000,"FOSHAN TOURY ELECTRONIC TECHNOLOGY CO.,LTD."
17001,"GUANGZHOU YING MI TECHNOLOGY CO., LTD."
17002,LUMILEDS GERMANY GMBH
17003,REDERICK METAL INDUSTRIES CORP. S.A
17004,SAAND INC
17005,"ZHANGJIAGANG TEEC AUTOMOTIVE CHEMICALS CO., LTD"
17006,"ZHUJI AND AUTO PARTS CO.,LTD"
17007,"C & M FABRICATIONS, INC"
17008,ULLMAN AUTO SALES
17009,BLACK HAWK TRAILERS
17010,HANSEN MFG. COMPANY
17011,ICON EV LLC
17012,TEXAS TRAILERS
17013,AMERICAN ELECTRONIC SIGN CO.
17014,MORRIS TRAILERS
17015,"TM INDUSTRIES, LLC"
17016,SPORT KING LLC
17017,SLOTH TRUCK EQUIPMENT CO.
17018,"CRUISERS MANUFACTURING, INC."
17019,ROADMASTER MOTOR CYCLES INC
17020,"PARKER TRAILER SALES, INC"
17021,"5 STARR TRAILER COMPANY, INC."
17022,"WES-TEX MANUFACTURING, INC"
17023,"AG INDUSTRIAL, INC "
17024,"CERTIFIED ADVANCED TECHNOLOGIES, INC"
17025,XERTECH CORPORATION
17026,MCCARTHY TIRE SERVICE CO. OF NEW YORK INC.
17027,"D & S TRAILER SALES "
17028,"OUTLAW RANCH TRAILER SALES INC "
17029,TAG-A-LONG INC
17030,"TWISTER TRAILER MANUFACTURING, INC."
17031,"BAHA TECH, LLC"
17032,"S.A.P TRAILERS "
17033,STAR MANUFACTURING INC
17034,"CALIFORNIA MOTORCYCLE COMPANY "
17035,WAGUESPACK WELDING & MANUFACTURING INC
17036,"SJH MANUFACTURING, INC "
17037,KLEIN CORPORATION
17038,HODGES MANUFACTURING INC
17039,"ULTRA ACQUISITION CORPORATION "
17040,"J&S REPAIR "
17041,S&S MANUFACTURING
17042,"TL ENGINEERING "
17043,BOOTSTRAP INC
17044,"MSR TECHNOLOGIES "
17045,"D & M PRODUCTS "
17046,"VAN CAMP TRAILER & BODY, INC "
17047,"TRAILERS DE MONTERREY, S.A."
17048,STOVALL EQUIPMENT INC
17049,CASPER'S CARTS LLC
17050,GEORGIA WHOLESALE TRAILERS
17051,"BETTER BUILT TRAILERS "
17052,"CUSTOM TRAILERS OF TEXAS "
17053,FERNANDO RIVERA & ASSOCIATES
17056,MONARCH-MCLAREN
17057,"BEARCAT CORPORATION "
17058,MCLAUGHLIN WELDING MFG. & SALES
17059,"ELITE MANUFACTURING, INC."
17060,PETER DYCK AND JACOB FROESE DBA WG MANUFACTURING
17061,CUSTOM METAL PROJECTS LLC
17062,"CRESTON HYDRAULICS, INC"
17063,DUAL TECH INC
17064,MOTORIZED MANUFACTURING INC
17065,MOBILE MOTORHEAD INC.
17066,"PRECISION METAL WORKS & FABRICATION "
17067,"Bug Motors, Inc."
17068,"ARO OF AMERICA, INC"
17069,ATLAS COPCO
17070,"Exolon Systems, Inc."
17071,Legend Trailers Inc
17072,"WILKENS INDUSTRIES, INC"
17073,Diamondback Trailers
17074,"BETTER BUILT TRAILERS "
17075,"JD HANDLING SYSTEMS, INC"
17077,"SPECIAL TRUCKS, INC"
17078,"DELAVAN INDUSTRIES, INC"
17079,KIRK'S TRAILER MFG.
17080,TRIPLE J CUSTOM TRAILERS
17081,"Pleasant Valley Trailers, Inc."
17082,"EVERLITE, INC"
17083,"R & J Trailers, Inc."
17084,"BUILT RITE TRAILERS OF NEBRASKA, INC"
17085,GARDNER AUTOMOTIVE SERVICES  LLC   D.B.A. GTO GOLF KARS
17086,T & G Sales
17087,Billings Trailer Fabrication Inc.
17088,"CURRENTWRX,LLC"
17089,KING OF THE ROAD DIVISION
17090,"HOLDEN INDUSTRIES, INC"
17091,"DOUBLE D TRAILER SALES "
17092,"PID TRANSIT, LLC"
17093,REBERLAND EQUIPMENT INCORPORATED
17094,EAGLE GENERAL CONTRACTORS INC
17095,"STA-LITE TRAILER & BODY INC "
17096,KELSEY L. MURPHY
17097,"DIAMONDSTAR TRAILER INDUSTRIES, INC"
17098,"CUSTOM TRAILER COMPANY "
17099,"BRAKE CONNECTIONS, LLC"
17100,NACIONAL DE CARROCERIAS SA DE CV
17101,"SCHWARTZ, INDY, INC."
17102,C.P. COMPANY DBA/ CT POWER AND ICEBERG ENTERPRISES
17103,HARTSTRA MANUFACTURING LLC
17104,PUBLIC WORKS COMMISSION OF THE CITY OF FAYETTEVILLE
17105,"REDLINE WELDING, INC."
17106,HOLLIS TRAILER SALES INC
17107,"MEDICAL COACHES, INC"
17108,"CHIEF TECHNOLOGIES, LLC"
17109,"THE HEIL CO. "
17110,"ETX FLEET PLUS, LLC"
17111,BEAR RIVER FABRICATION & MACHINE
17112,"TITAN TINY HOMES, LLC"
17113,BIGFOOT TRAILERS LLC
17115,"BALTIMORE HYDRAULICS, INC."
17116,MOUNTAIN CREEK CABINS LLC
17117,"ADVANCED ONSITE SERVICES, LLC"
17118,"JENSEN ENTERPRISES LTD., DBA JENSEN TRAILERS"
17119,"CUSTOM GLASS SOLUTIONS UPPER SANDUSKY, LLC"
17120,"JIANGSU HUAERSHENG GLASS TECHNOLOGY CO.,LTD"
17121,"CIXI CIFT CONTROL CABLES CO.,LTD"
17122,OLIMPIA OTO CAMLARI SANAYI VE TICARET A.S
17123,RAWMAXX S.A. DE C.V.
17124,"SHENZHEN FIRSTPOWER TECHNOLOGY CO.,LTD."
17125,SMR AUTOMOTIVE AUSTRALIA PTY. LIMITED
17126,REMOLQUES AGAMAR C.A.
17127,BOONDOCK CAMPERS LLC
17128,National RV Inc.
17129,Smitty Built Trailers Inc
17130,HORSESHOE TRAILER
17131,"PATRIOT STEEL FABRICATION, INC."
17132,Danco Trailer Sales
17133,Rapid Tool & Equipment Company
17134,OREGON FOOD TRUCKS LLC
17135,"GLOBAL EXPEDITION VEHICLES, LLC"
17137,CUSTOM CAMPERS INC
17138,"VITRO, S.A.B. DE C.V."
17139,L & D Trl Manufacturing & Sales
17140,BILL'S TRAILER SALES
17141,PARADISE TRAILERS MANUFACTURERS
17142,PROFAB TRAILERS
17143,"STRIPING SERVICE AND SUPPLY, INC."
17144,PITT STEEL LLC
17145,VISION TRAILER MANUFACTURING LLC
17146,BREHMER MFG INC
17147,"SUPERIOR WELDING AND MANUFACTURING, INC."
17148,"TJCW, Inc."
17149,Southwest Welding LLC
17150,Snowy Mountain Campers
17151,Norfolk Southern Corporation
17152,"BLUE MOUNTAIN LOG HOMES, INC"
17153,"DANZER INDUSTRIES, INC"
17154,LEMCO TOOL CORPORATION
17155,ELITE COTTAGE BUILDERS LLC
17156,"HYDRAULIC HOSE OF NORFOLK, LLC"
17157,"MOBILEFLEET, INC."
17158,TJRAESE AND COMPANY LLC
17159,ALL AMERICAN BIG TWIN
17160,Jesse Rooke Customs
17161,"HYBRID LIGHT SOLUTIONS, LLC"
17162,"SHERPA ADVENTURES, LLC"
17163,GOLDEN BUILDING CORPORATION
17164,SAMSON TRAILERS INC
17165,SIGNATURE MOTOR COMPANY
17166,RANGER TRAILER AND COACH SALES LLC
17167,CUSTOM IRON WORKZ
17168,Western Construction Components Inc.
17169,RHINO SERVICES LLC
17170,TAYLOR MADE MANUFACTURING LLC
17171,WALT'S PERFORMANCE AUTO (JOE'S MOTORCYCLES)
17172,"CCDF ENTERPRISES, INC"
17173,TUNERS MALL CORPORATION
17174,BARRY'S SMYRNA HYDRAULICS
17175,HART SALES
17176,"AMERISAR INTERNATIONAL, LLC"
17177,"AAXION, INC"
17178,"WALA HOLDINGS, LLC"
17179,"ALLIANCE RUBBER & PLASTICS, INC"
17180,HECKTHORN PRODUCTS INC
17181,DENARDIS MOTOCROSS FACTORY
17182,ECART
17183,"SPECIALIZED TRAILERS "
17184,SCORPION CUSTOMS
17186,DECELESTE SA
17187,"PRECISION CARGO, LLC "
17188,"CUMBERLAND ADVENTURE TRAILERS, LLC"
17189,Agarwal Rubber Limited
17190,"NINGBO MAOYUAN VEHICLE PARTS CO., LTD."
17191,"RONAL POLSKA, SP. Z.O.O."
17192,Versa Fittings Inc.
17193,RONAL CR S.R.O.
17194,Shenzhen Goodtimes Special Trailer Co. Ltd.
17195,"VICTORY CUSTOM TRAILERS "
17196,"SIE, INC"
17197,EXTREME CHUTE COMPANY LLC
17198,"G & B MANUFACTURING CO. "
17199,ATLAS MANUFACTURING CO. INC
17200,L & S LINE MANUFACTURING
17201,"U.S. TRAILER CO. "
17202,DELUXE BUMPER WORKS
17203,Lacota Inc
17204,DOUGLAS TRAILERS INC SC
17205,BLACK IRON CHOPPERS LTD
17206,ESCAPOD TRAILERS LLC
17207,EQUATION COMPOSITES LLC
17208,PERKGANA LLC - DBA HIVE TRAILERS
17209,"Armstrong Trailer Products, Inc."
17210,Wells Western Trailer
17211,R & B Aluminum Fabricators
17212,"BOREAS CAMPERS, INC"
17213,M Manufacturing Inc.
17214,"NORMCO ENERGY PRODUCTS, LLC"
17215,ESSQUARE LLC
17216,T&W TIRE LLC
17217,"KAUFMAN TRAILERS OF SC, INC."
17218,"INTERSTATE MANUFACTURING, INC."
17219,"Mobility Cubed, Incorporated"
17220,Kogler Equipment Service Inc.
17221,BLACK SERIES CAMPERS INC
17222,"STARLITE TRAILERS, INC"
17223,ALLOY CUSTOM PRODUCTS LLC
17224,"TWO GUYS SELLING, INC DBA BOSS POWERSPORTS"
17225,Precious Metal Customs Inc.
17226,IVES MOTORS CORPORATION (IMC)
17227,REARS MANUFACTURING COMPANY
17228,Tygar Mfg. Inc.
17229,L&D TRAILER MFG LLC
17230,BAUTISTA WELDING & CUSTOM TRAILERS MANUFACTURING LLC
17231,"SPECIALTY TRAILERS CORPORATION "
17232,SAFETY THAW LLC
17233,T.H. RILEY MANUFACTURING INC
17234,"T & R ENTERPRISES "
17235,AERO FIBERGLASS CO.
17236,"CHAMPION HOME BUILDERS, INC"
17237,"OUTDOOR ALUMINUM "
17238,"ARSENAL TRAILER MANUFACTURING, INC"
17239,TRAILER-PRO INC
17240,COOPER-STANDARD AUTOMOTIVE CESKA REPUBLIKA S.R.O.
17241,"COOPER-STANDARD AUTOMOTIVE FHS, S. DE R.L. DE C.V."
17242,"COOPER-STANDARD AUTOMOTIVE FLUID SYSTEMS DE MEXICO, S. DE R.L. DE C.V."
17243,COOPER-STANDARD AUTOMOTIVE INDIA PVT. LTD
17244,"CVG VEHICLE COMPONENTS (SHANGHAI) CO.,LTD."
17245,WIPAC LTD.
17246,LORGANO LLC
17247,"SHANGHAI CHEXUDA PHOTOELECTRIC TECHNOLOGY CO.,LTD"
17248,"SHANGHAI PINGJUN ELECTRON&ELECTRIC APPLIANCE CO.,LTD"
17249,FALCON EQUIPMENT LTD
17250,"KLEIN PRODUCTS OF TEXAS, INC."
17251,STATEWIDE EMERGENCY PRODUCTS
17252,"AM SHEET METAL, INC."
17253,JUNCTION RV INC
17254,DARRELLS WELDING INC
17255,BMT MANUFACTURING LLC
17256,GREENHEAD TRAILERS
17257,"INDUSTRIAL FLUID POWER, INC."
17258,CCG CORPORATION
17259,"BICKNELL RACING PRODUCTS "
17260,"BAYSHORE SYSTEMS, INC"
17261,MAC'S CUSTOM TRAILERS
17262,"HENDRICKSON MOBILE EQUIPMENT, INC."
17263,BRYANT TRAILERS
17264,APPALACHIAN TRAILERS INC
17265,CUSTOM TRUCK BODY & EQUIPMENT
17266,"PARKER INDUSTRIES "
17267,"MATHEWS MECHANICAL CONTRACTORS "
17268,SSANGYONG MOTOR CO. LTD
17270,CUPERTINO ELECTRIC INC
17271,"SUNDOWNERS, LLC"
17272,DAILEY TRAILERS INC
17273,"MEGA MANUFACTURING INC "
17274,"HYDRA TENSION, INC"
17275,APS SYSTEMS
17276,"SF MOTORS, INC."
17277,"COLLIN-ARNOT TRAILER MFG., INC "
17278,"SPIRIT TRAILER MANUFACTURING "
17279,"YADEA  TECHNOLOGY GROUP CO., LTD."
17280,SPYKER NEDERLAND B.V.
17281,TRW OCCUPANT RESTRAINTS SOUTH AFRICA INC.
17282,"W G MANUFACTURING "
17283,"MOVABLE ROOTS LLC "
17284,WATERBLASTING LLC
17285,E-TON DISTRIBUTION L.P.
17286,"FLOURNOY TRAILER SALES "
17287,"ADVANCED RESOURCES & CONSTRUCTION ENTERPRISES INC "
17288,SOUTHEASTERN SEATING INCOPORATED
17289,TEXAS TRAILERS
17291,"TOP ENTERPRISES, INC"
17292,DIAMOND Z TRAILER INC
17293,"MIMS MOTORS CORPORATION "
17294,"METRO TRAILER MANUFACTURING, INC "
17295,"LEMNA CORPORATION "
17296,"SOUTH EAST BODY CORPORATION "
17297,"MARCI'S DIESEL SERVICE, INC"
17298,NAMRON TRAILERS MANUFACTURING INC
17299,TANGLEWOOD MANAGEMENT LLC
17300,"AMERICAN COATING AND WELDING, LLC"
17302,Diamond Glass S.A de CV
17303,"FOUR GUYS STAINLESS TANK & EQUIPMENT, INC."
17304,"DONAHUE TRUCK SALES, LLC"
17305,FORT FABRICATION & WELDING LTD.
17306,"JONCO MANUFACTURING "
17307,BLUE MIST HOLDINGS LIMITED (A REGISTERED LIMITED LIABILITY COMPANY) DBA EQUI-STILL PORTABLE EQUINE STOCKS
17308,EURL SATEREX
17309,"Qingdao Double Road Tyre Co., Ltd"
17310,GRIMES-PARKER IND INC
17311,"PIRELLI TYRE (JIAOZUO) CO., LTD"
17312,"REINKE MANUFACTURING COMPANY, INC"
17313,"THOR TRAILERS, INC"
17314,FLEET EQUIPMENT CORPORATION
17315,LAMCO MANUFACTURING & DISTRIBUTING COMPANY INC
17316,"CRISMON MOBILE CLASSICS "
17317,HEMCO TOOL & DIE CO
17318,"BUILT-RITE TRAILERS, INC"
17319,"KENN TRAILERS "
17320,"DIXIE CRAFT TRAILERS, INC"
17321,"DALE'S WELDING SALES "
17322,"KNOWLES MANUFACTURING COMPANY, INC"
17323,"B & W CONSTRUCTION "
17324,MY MINI TRAILER LLC
17325,STROMAN INDUSTRIES LLC DBA FALCON TRAILERWORKS
17326,"STA CORPORATION "
17327,TRIANGLE MANUFACTURING AND PUMP CO. INC
17328,"CIRCLE M TRAILERS "
17329,"KING'S TRAVELER, INC"
17330,HARRIS TRAILERS
17331,"MACKEY TRAILERS "
17332,"JERRY'S WAREHOUSE "
17333,"RONCO TRAILER, INC"
17334,"JOE'S TRAILER MFG, INC."
17335,"AGA GAS CENTRAL, INC"
17336,COLLINS CAMPERS INC
17337,"UNITED TRADE REPRESENTATIVES, INC"
17338,"BODHOLDT BROTHERS MANUFACTURING "
17339,NELSON MANUFACTURING COMPANY
17340,"BLACK LAKE TRAILER MANUFACTURING "
17341,"HEARTLAND INDUSTRIES, MIDWEST"
17342,TERMINAL SERVICES CO.
17343,"VERUCCI MOTORCYCLES, LLC"
17344,Reality's Edge Inc.
17345,"OMEGA MANUFACTURING, INC"
17346,"CROSLEY TRAILERS, STROUDSBURG "
17347,"St Certification Service (USA) Co., Ltd."
17348,MARK WILLIAMS WELDING SERVICE
17349,EURL SATEREX
17350,AZ-CAL TRAILERS
17351,"PIONEER FABRICATING, INC"
17352,JOHNSON EQUIPMENT SALES
17353,"NAPA AUTO PARTS DBA  MASON DIXON AUTO PARTS, INC."
17354,CENTRAL ALABAMA TRAILER & TRUCK EQUIPMENT CO.
17355,SNOEKS AUTOMOTIVE NORTH AMERICA
17356,"SAVANNAH MACHINE SHOP & LOADER COMPANY "
17357,"L & M MACHINE AND FABRICATION "
17358,FRAKER MANUFACTURING CO.
17359,INTEGRA MANUFACTURING INC
17360,"GOBOB PIPE AND STEEL SALES, LLC"
17361,"MORSE HYDRAULICS USA, LLC"
17362,QUALITY MANUFACTURING
17364,"T C CONSTRUCTION CO., INC"
17365,STONE RIVER TRAILER MANUFACTURING
17366,"RIGID TRUCK BODIES LLC "
17367,"BOHNERT WELDING "
17368,"RHINO CORPORATION "
17369,"KC TRUCK SYSTEM, INC"
17370,"FLORIDA CUSTOM CHOPPERS, LLC"
17371,"M T CUSTOMS MOTORCYCLES AND CHOPPERS, LLC"
17372,"STORRI, LLC"
17373,Empire Manufacturing Company
17374,CROWLEY FUELS LLC
17375,"TRUE TRACK TRAILER, INC"
17376,"STRICT DEVELOPMENT, INC."
17377,"ARGO FAB, INC"
17378,R BRAUN INC
17379,"DODGER TRAILER MANUFACTURING "
17380,TOM'S TRAILER WORKS
17381,GICHNER REFRIGERATED SYSTEMS DIVISION
17382,"R & R FARMS, MFG"
17383,"J & N SALES "
17384,"JLR TRAILERS & WELDING, INC"
17385,"GGAP ENTERPRISES, LLC DBA GOLF CAR JUNKIES (GCJ)"
17386,5R RANCH TRAILERS
17387,CAPITAL TRAILER & EQUIPMENT
17388,"ASTUR N.C. TOOLING, INC"
17389,"SHRUM TRAILERS MANUFACTURING, LLC"
17390,"WESTWIND COACHWORKS, LLC."
17391,"Superior Fabrication, Inc."
17392,PETENWELL INDUSTRIES LLC
17394,PRECISION ACCESSORY LLC.
17395,KLA DESIGNS
17396,"LIBERTY TRAILERS, INC"
17397,"KAT INDUSTRIES, INC"
17398,"BROWNELL HYDRAULIC TRAILERS INC "
17399,PRECISION-BILT TRAILERS
17400,ED'S MACHINE & REPAIR
17401,QUAD LOGIC
17402,"NWT HOLDINGS, LLC"
17403,ADVANCED PORTABLE BUILDINGS & TRAILERS
17404,HERSH PACKING & RUBBER COMPANY
17405,PRIMO CORPORATIONS INC
17406,PORTAGE PAL
17407,ARROW DUMP TRAILERS
17408,WEST MOTOR CO INC
17409,AERO-TEC INC
17410,"WEST TECH INDUSTRIES, LLC."
17411,"EZ LOADER ADJUSTABLE BOAT TRAILERS, INC."
17412,TERRA NOVA SCOUTS LLC
17413,"THE MOTOWORKS, INC"
17414,"HI-WAY STAR, INC."
17415,DECATUR GOLF CARS LLC
17416,"AMPERE ELECTRIC CARS, INC."
17417,DOVELL AND WILLIAMS LLC
17418,BOBCAT CONTRACTING L.L.C.
17419,TOWER SIGN AND SIGNAL CO
17420,"BINZHOU DISEN WHEEL TECHNICAL CO.,LTD"
17421,"SHANDONG TIRE SOURCE CO., LIMITED"
17422,"QINGDAO QIHANG TYRE CO., LTD."
17423,K-TRAIL INC.
17424,NINGBO PHILLIPS AUTO PARTS INC.
17425,"PREMIER COIL SOLUTIONS, INC."
17426,"LIGHT BOY CO., LTD."
17427,Errecinque Srl
17428,Changjiang Automobile Holdings Ltd.
17429,"Zhaoqing Nanyue Industry Co., Ltd."
17430,DREAMTIME TEARDROPS LLC
17431,"ULB CORPORATION "
17432,"IRON BORN MANUFACTURING, INC "
17433,"NORTHERN REPAIR & WELDING "
17434,CARE INDUSTRIES LTD.
17435,"ADEMES Y MAQUINARIA DE CUAUHTEMOC, S.A. DE C.V."
17436,CROWN INTERNATIONAL CORPORATION
17437,"MICRO-STAR INTERNATIONAL CO.,LTD."
17438,NEXEN TIRE EUROPE S.R.O.
17439,OSRAM GMBH
17440,"QINGDAO CROWNTYRE  INDUSTRIAL CO., LTD."
17441,"SHANDONG HADES AUTOMOTIVE PARTS CO., LTD."
17442,"SHENZHEN SIBARUIKE TECHNOLOGY CO., LTD"
17443,SOUDURE KERR INC.
17444,TORROT ELECTRIC EUROPA S.L.
17445,"XIAMEN ANTOURLITE TECHNOLOGY CO., LTD. "
17446,COOSE TRAILER MFG INC
17447,GOODYEAR DUNLOP TIRES OPERATIONS SA
17448,"P.M.C.S., INC."
17449,"JINING SHENZHOU TYRE CO., LTD."
17450,BLUESKY TRAILER MANUFACTURING INCORPORATED
17451,ADVANTURE COMPANY
17452,DENARDIS MOTOR FACTORY
17453,PALM TRUCK CENTERS
17454,NU-WAVE UTITILY TRAILERS
17455,Mid Continent Truck Sales Inc.
17456,"PARKER HANNIFIN, FLUID SYSTEM CONNECTORS DIVISION"
17457,AVALON SERVICE CENTER INC
17458,BEVERLY TRAILER SUPPLY
17459,DYNA HAULER LLC
17460,DORA OTOMOTIV CAM SAN. VE TIC. A.S.
17461,"LAND AND SEA RV, INC."
17462,EARTHCRUISER USA LLC
17463,CET TRAILERS
17464,Bale Runner Mfg.
17465,"WELTY SERVICES, LLC"
17467,"H & G Marine Service, Inc."
17468,LA CONCEPT CARS INC
17469,D AND A CUSTOM
17470,RISING STAR TRAILERS LLC
17471,ZZ Trailers
17472,TRADEWINDS COACH SALES
17473,"W-W TRAILER MANUFACTURER, INC"
17474,"H & S MANUFACTURING CO., INC "
17475,"SECOND CHANCE RESTORATION AND DESIGN, LLC"
17476,"NINGBO SUPERIM SHENGLONG TECHNOLOGIES CO., LTD."
17477,"FOSHAN DAYLEAD NEWCON TECHNOLOGY CO.,LTD"
17478,"QINGDAO KETER INTERNATIONAL CO., LTD"
17479,"GUANGDONG TAIYAO AUTOMOBILE TECHNOLOGY CO., LTD"
17480,WITTE ACCESS TECHNOLOGY S R.O.
17481,WITTE AUTOMOTIVE BULGARIA EOOD
17482,WITTE BITBURG GMBH
17483,WITTE NEJDEK SPOL. S R.O.
17484,WITTE NIEDERBERG GMBH
17485,WITTE STROMBERG GMBH
17486,WITTE-VELBERT GMBH & CO. KG
17487,"WESTERN MOUNTAIN SUPPLY, INC"
17488,COUNTY ROAD TRAILERS
17489,"STROKER CYCLES, INC"
17490,TRANSTAR TRUCK BODY AND WELDING COMPANY INC
17491,MID-SOUTH MANAGEMENT INC.
17492,"COAST AUTONOMOUS, INC."
17493,"THE MOSS COMPANY "
17494,"LUTONE TRUCK TIRES "
17495,"DOMINATOR INDUSTRIES, INC"
17496,EXPRESS CUSTOM MFG. INC.
17497,"SHRADER TIRE & OIL INC,"
17498,RUCO EQUIPMENT COMPANY
17499,BEYER FLEET LLC
17500,"AMERICAN AUTOMOTIVE AFTERMARKET, INC."
17501,VEHICLE ARMOR SYSTEMS LLC
17502,"Double D Trailers, Inc."
17503,Remorques Action Air Trailers International Inc.
17504,EXOLON GROUP NV
17505,"SUMEC WHEELS CO., LTD."
17506,"WENZHOU SELO TECHNOLOGY CO.,LTD"
17507,CUTLASS FLOATWORKS INC.
17508,MITSUBISHI FUSO TRUCK EUROPE S.A.
17509,"D.MAG NEW MATERIAL TECHNOLOGY CO.,LTD"
17510,"CHANGZHOU TIANCHEN VEHICLE PARTS CO., LTD."
17511,"HEBEI WANDA TYRE CO., LTD"
17512,CHANGZHOU JIULONG AUTO LAMP FACTORY
17513,"HEBEI TANGXING ALLOY TECHNOLOGY CO., LTD."
17514,MSTYRE INDUSTRIES SDN BHD
17515,"VERY OPTOELECTRONICS (HUI ZHOU) CO., LTD."
17516,WILDERMAVEN CORPORATION
17517,"WHIPPLE 753 LLC "
17518,"CMG CUSTOM TRAILERS, INC."
17519,METHOD HOMES LLC
17520,HOUSE OF METAL LLC
17521,DAVE MORGAN TRAILERS
17522,MWI CORPORATION
17523,"SHENZHEN ELNOR CO.,LTD."
17524,"VITRO, S.A.B. DE C.V. (Mexico)"
17525,TINY HOUSES OF MAINE LLC
17526,SAGE PUMP SERVICES
17527,"IMPERIAL TRUCK BODY & EQUPMENT,INC."
17528,XKGLOW INC.
17529,TX Strong Trailers
17530,FCR SERVICE CENTER LLC
17531,BOSTON MOTORCYCLE COMPANY
17532,TRAILERS NIAGARA MANUFACTURING
17533,"CASITA ENTERPRISES, INC. "
17534,Pendu Mfg Inc
17535,Tecstar Automotive LLC.
17536,The Lite Car Company
17537,"Neelco Industries, Inc."
17538,Ross Hill LLC
17539,ALTITUDE TEARDROP COMPANY LLC
17540,OP4 LLC
17541,"PRIVATE FLAGSHIP, LLC"
17542,BNJ CONSTRUCTION
17543,CART KINGS
17544,QUALITY ELECTRICAL SYSTEMS INC
17545,DURABULL TRAILERS LLC
17546,CHANGSHU YAO PI AUTO GLASS CO. LTD
17547,"FUYAO GLASS(SUZHOU)CO.,LTD."
17548,TRAILTECH INC.
17549,VARROC POLYMERS PVT. LTD
17550,Retread Solutions LLC
17551,Neira Industries Inc.
17552,LAND ARK RV LLC
17553,KANE RATANAMONGKALA-BRAY DBA TK TRAILERS
17555,TUMBLEWEED TINY HOUSE COMPANY INC
17556,ELECTRONIC CONTROLS COMPANY INC
17557,"MOTOR RITE, INC. "
17558,"SITE-SAFE, LLC"
17559,"AMR AMBULANCE SERVICE, INC. (D/B/A AMR - NEXTFLEET)"
17560,REEL EZ INDUSTRIES LLC
17561,E AND R AUTO REPAIR
17562,"HONGDU ELECTRIC VEHICLE HONGKONG CO.,LIMITED"
17563,"PARKER HANNIFIN CORP., FLUID SYSTEM CONNECTORS DIVISION"
17564,TRIDENT TRAILERS
17565,TEXAS NOVACHEM CORP
17566,"YUYAO JINLONG HOSE AND FITTINGS/BRAKE LINES CO.,LTD"
17567,OFFROAD RVS PTY LTD
17569,"DEALERS TRUCK EQUIPMENT CO., INC."
17570,CALI CUSTOM TRAILERS
17571,MECHGINEERING & DESIGN LLC
17572,HAYES COMMERCIAL TRUCKS LLC
17573,T.H.E. Machine Company
17574,ATS Gorilla Built American Truck Sales
17575,"MANLEY METALWORKS,LLC"
17576,"DANYANG FABLED AUTO PARTS CO., LTD"
17577,ABUTILON
17578,"BLACK STAG, LLC"
17579,"TRUCKWELL OF ALASKA, INC."
17580,CUSTOM KAYAK TRAILERS
17581,"QINGDAO WANSHIXING RUBBER & PLASTIC CO., LTD"
17582,CAPSTONE TRAILERS INC.
17583,Lukaz Ltd.
17584,"SHENZHEN CMK ELECTRONICS TECHNOLOGY CO., LTD."
17585,HOPESPARE LTD
17586,"SHERPTEK, LLC"
17587,JACKS TRAILERS
17589,"CRAFTSMEN TRAILER, LLC"
17590,SOUTHERN STYLE TRAILERS & TRUCK ACCESSORIES
17591,C & W Trailers
17592,EXECUTIVE COACH BUILDERS INC.
17593,"Newhouse Mfg. Co., Inc."
17594,Distinct Builders Inc.
17595,PACIFIC SPECIALTY VEHICLES
17596,CITY OF BEAUMONT
17597,"FELTON'S CLUTCH SERVICE, INC"
17598,HOUSE OF IMPORTS INC
17599,SEABREEZE TINY HOMES
17600,"COLUMBIA VEHICLE GROUP, INC."
17601,"COASTAL TRAILER MANUFACTURING, LLC."
17602,3B UPFIT LLC
17603,"XINGYUAN TIRE GROUP CO., LTD."
17605,DANIEL MFG INC.
17606,"HUSH PERFORMANCE, LLC"
17607,HYDRAULINK GUAM
17608,BARRETT CUSTOM DESIGNS LLC
17609,Roberts Auto Sales
17610,TurfMaker Corporation
17611,AVAILABLE MATERIAL HANDLING
17612,Allstates Production Equipment Company
17613,Country Sales and Service
17614,James C. Barry Mfg. Quality Trailers
17615,"MASTERACK, LLC"
17616,L&L FABRICATION & CUSTOM TRAILERS
17617,DUWA’S QUALITY WALLS INC.
17618,DGC Trailer Manufacturing
17619,"Monetta Farrier Specialties, Inc."
17620,1469466 Ontario Limited Cycle Hauler
17621,"WC MANUFACTURING & SPECIALTY CO., INC"
17622,Mac Machine and Gear Corporation
17623,Imperial Structures LLC
17624,US PREFAB
17625,BALBI RIMORCHI SRL
17626,BRAXX SP Z O.O.
17627,"GUANGZHOU FORDA SIGNAL EQUIPMENT CO.,LTD."
17628,NAM BEE TYRE RETREADING SDN BHD
17629,"ZOOX, INC."
17630,CHAMPION TRAILER PARTS AND REPAIR LLC
17631,YUYAO HAIYUE AUTO PARTS FACTORY
17632,"SUZHOU HAO TANG AUTO PARTS CO., LTD."
17633,Basoglu Karavan Sanayi ve Ticaret A.S.
17634,"Foshan Guangyue Lighting Co., Ltd."
17635,"GUANGZHOU WENYAN AUTO PARTS CO., LTD."
17636,"HESAI PHOTONICS TECHNOLOGY CO., LTD"
17637,Vipex Ltd.
17638,Exile Cycles
17639,"Decorated Products Co., Inc."
17640,Les Soudures Chagnon Ltee
17641,Kevin Mc Ardle
17642,G&H Distributing Inc.
17643,"PRODUCTION COMPONENTS, INC"
17644,PROTANK AND EQUIPMENT DBA BESTWAY SALES
17645,Machineco LLC
17646,EAST-TO-WEST & NORTH-TO-SOUTH INC.
17647,DERSTINE TRAILERWORKS LLC
17648,"INDUSTRIAL VIDEO & CONTROL CO, LLC"
17649,Country Welding
17650,Genuine Parts Company dba Napa Auto Parts
17651,Benton County Road Department
17652,HIAB USA INC
17653,"3&1 Enterprises, LLC dba Impact Trailers"
17654,TRAILCO EQUIPMENT SALES
17655,Trailmaster Inc.
17656,eNow Inc
17657,"Barton Investment Group Manufacturing, LLC"
17658,OUTSIDEVAN
17659,PIRTEK LAKE WRIGHT
17660,"Stelter Repair, Inc."
17661,Predator Motorcycle Company
17662,La Boit Inc.
17663,"NEW ENGLAND TRUCKMASTER, INC."
17664,"CURTISS MOTORCYCLE COMPANY, INC."
17665,CAPSTONE CONCEPTS LLC DBA GENESIS TRUCK AND TRAILER
17666,Simmons Trailers
17667,MODERN TINY LIVING LLC
17668,Streamline International
17669,"6 & 34 Trailers & Mfg, Inc."
17670,American Truck Company
17671,Park N' Ride Trailers
17672,Kriss Mfg & Machine Inc
17673,"Glas Fab, Inc."
17674,Keyco Manufacturing Inc.
17675,EG & G Mount Sopris Instuments
17676,Fabricated Designs Company
17677,"War Hawk, Inc."
17678,Companion Trailer Company
17679,C & H Manufacturing Inc
17680,"CHARTER INDUSTRIAL SUPPLY, INC"
17681,CALIFORNIA'S CUSTOM CONCESSION TRAILERS LLC
17682,PAYNE'S TRAILER SALES & SERVICE LLC
17683,CUSTOM TRUCK AND BODY WORKS INC
17684,Heco Manufacturing
17685,TFS Co
17686,"CHONGQING HUANGHE MOTORCYCLE CO.,LTD"
17687,EPOG ENERGY PTY LTD
17688,PETER BLATZ KRAHN
17689,NOKIAN TYRES PLC
17690,TANQUES DE ACERO DEL BRAVO S.A. DE C.V.
17691,WINMAX ASIA LIMITED
17692,ALMIGHTY TRAILERS LLC.
17693,"Allen Coach Works, Inc."
17694,Dave's Welding
17695,SST Trailers
17696,Century Products Co.
17697,"NINGBO FREEMAN AUTO COMPONENTS CO.,LTD."
17698,"Miller Trailer Parts, Inc."
17699,"Erectors & Fabricators, Inc."
17700,Longhorn Trailer Company
17701,G & F Horse Trailers & Repair
17702,EUROTAI AUTOMOTIVE CORPORATION
17703,S & R Industrial Maintenance
17704,Dominion Boats
17705,Daniel B. Shirk Welding Shop
17706,Piona's Machine & Fab
17707,American Hitch & Mfg Company
17708,W W WELDING & FABRICATION
17709,Limco Manufacturing Corporation
17710,Class Trailer Manufacturing
17711,C&D Trailer Sales
17712,Trailers Ltd
17713,Bilt-Redi Corporation
17714,ZORESCO EQUIPMENT COMPANY
17715,MOZAIC MOTORSPORTS CO
17716,Spectrum Steel Inc.
17717,MR MIKE TRAILERS
17718,SYNERGY UPFIT INC
17719,"Aero MotorSports, LLC"
17720,TRIFECTA WATER TRANSFER LLC
17721,Southern Heritage Trailers LLC
17722,"Custom Fabricators, Inc."
17723,Graves Farm Trailers
17724,"Evans Steel Fabrications, Inc."
17725,"Trans National Trailers, Inc. T.N.T."
17726,World Dump Trailer Inc.
17727,Amko Service Company
17728,Spur Trailers
17729,Dempster Systems Western Div.
17730,"Ikarus USA, Inc."
17731,"National Office World, Inc."
17732,Strong Boy Trailers
17733,Roberts Metal Manufacturing Company
17734,Perry's Manufacturing Company
17735,MONARCH TRAILERS CO
17736,"Mesco Industries, Inc."
17737,"The Beevers, Inc."
17738,Tagger Trailers
17739,MiniKamp
17740,"Rodco Manufacturing, Inc."
17741,Claypoole Specialties
17742,B & H Trailers
17743,"T&L Manufacturing Co., Inc. Tow Dollie Division"
17744,"Highway Transportation Equipment Co., Inc. (Hy-Tec, Inc.)"
17745,ALUMAICE LLC
17746,ARRIBA CUEBALL TRAILER MFG L.L.C.
17747,SMC ACQUISITIONS CORP
17748,R. M. Welding
17749,WTM Communications
17750,"Western Manufacturing, Inc."
17751,Stafford's Trailers
17752,"Excel Trailer Co., Inc."
17753,WESTSIDE WELDING & Radiator
17754,"Bauer Built Manufacturing, Inc."
17755,Idaho Stove & Fabricating
17756,CAJUN TRAILERS & FABRICATION INC.
17757,Trailer World Inc.
17758,"Superior Manufacturing A Division of Superior Welding, Inc."
17759,Horstmann Industries
17760,"Road Ready Trailers, Inc."
17762,R.H. Manufacturing
17764,RC DISPLAY VANS INC
17765,B & M Enterprises
17766,Cat Trailers
17767,Hankins Triple H-Trailers & Ag. Products Corp.
17768,JW Trailers
17769,Trailer Engineering Co.
17770,GRAND PRIX Trailer MANUFACTURING INC. (G.P.T.)
17771,American Trailer Company
17772,Warrior Mfg.
17773,Rigid Inc.
17774,Alpha Tank Builders
17775,Two-Pak Trailer Co. Inc.
17776,"Specialty Machine & Manufacturing, Inc."
17777,"R AND I HOLDINGS, INC"
17778,Layton Manufacturing Company
17779,Century Metal Products
17780,NORTHERN BAY MANUFACTURING
17781,OREGON WOODCHUCK Inc.
17782,Steve's Welding & Fabrication
17783,"Northstar Mfg. Inc. of Aitkin, MN."
17784,Blackwood's Welding & Trailer Sales
17785,Bushtee Manufacturing & Sales Inc.
17786,Custom Built Products Inc.
17787,"Sterling Corporation dba HomeCorp, Inc."
17788,"EASY UP, EASY GO TRAILERS"
17789,Cajun Machine & Welding Inc.
17790,DUR-A-LIFT INC.
17791,Hamm Motor Sports & Custom Trailers
17792,Nova Fabricating
17793,Mobile International
17794,Custom Equipment Sales Inc.
17795,"Trailers-R-Us, Inc."
17796,S & R Industries
17797,B & S Concession
17798,Tri-Co Specialties
17799,"Arning Industries, Inc."
17800,Two-K Manufacturing
17801,K & W LOAD STAR
17802,Gallaty Trailer Manufacturing
17803,Traffic Transport Engineering
17804,Built-Rite Trailers
17805,Promark Products Inc.
17806,"OZARK SALES AND SERVICE, INC."
17807,SMS
17808,Belotti Mfg. Inc.
17809,"COOPER-STANDARD AUTOMOTIVE (SUZHOU) CO., LTD."
17810,"DANYANG YUEFENG VEHICLE CO.,LTD"
17811,FUSION PRODUCTION SYSTEMS INC.
17812,VARROC ENGINEERING PVT.LTD.
17813,"WUXI CITY WANXUAN METAL PRODUCTION CO., LTD."
17814,SPACE MASTER MANUFACTURING
17815,S & M Equipment Corp.
17816,Circle W Trailer Mfg Inc
17817,Bryant Enterprises Inc.
17818,"SIMMS BROTHERS MARINE SERVICES, INC"
17819,PRIME WHEEL COPORATION
17820,LOGISTICS SUPPORT FACILITY
17821,Discount Trailer Mfg.
17822,Rebel Manufacturing Inc.
17823,Fannin Fabrication
17824,Coast Container Corporation
17825,C & S Farms
17826,Tie Down Engineering. Inc.
17827,B & O Custom Trailers
17828,The Canopy Man
17829,Power Equipment Co.
17830,TAMPA ELECTRIC COMPANY
17831,"K.T. Specialties, Inc."
17832,MCCULLOUGH Trailer CORPORATION
17833,"Exigis, Inc."
17834,"Byrd Marine, Inc."
17835,"Mc Coy Mfg. Co., Inc."
17836,TBG EQUIPMENT DIVISION OF CUSHION CUT
17837,CARGO PLUS
17838,Day's Steel & Trailer Barn
17839,"Scottsman Manufacturing Co., Inc."
17840,Industrial Innovations Inc.
17841,Donna Ford Mfg. Co.
17842,Dolans Trailer Mfg. LLC.
17843,REILLY INCORPORATED
17844,Four Eight (4-8) Enterprises
17845,Pro Sportsman Inc.
17846,Craig's Machine Shop Ltd.
17847,"Laurel Fabricating, Inc."
17848,"Supertrail Manufacturing Co., Inc."
17849,UNIVERSAL MFG
17850,Superior Aluminum Trailer Mfg.
17851,"CARTER ENTERPRISES LLC "
17852,SAFE-T-PULL INCORPORATED
17853,USEMCO INC.
17854,E&R HAY SALES
17855,EMERALD TRANSPORTATION SOLUTIONS
17856,"VLRV, LLC."
17857,Koffler Mfg. Inc.
17858,Worley's Welding
17859,"Tom's Trailers, Inc."
17860,T&O Trailer
17861,"Custom Designed, Inc."
17862,AMP'D UP TRAILERS
17863,YOKOHAMA TIRE MANUFACTURING VIRGINIA LLC
17864,"SPECIALIZED EQUIPMENT COMPANY, LLC."
17865,AMERICAN MOBILE VENDING INC.
17866,FAST TOYS
17867,PROBUILT TRAILERS INC.
17868,"L.A. WEST, INC"
17869,LINGREEN EQUIPMENT
17870,J & J TRAILERS AND TRUCK EQUIPMENT LLC
17871,Jackson's Trailers & Welding
17872,"LIFTMOORE, INC."
17873,NTC DRIFT TRIKES LLC
17874,D & J Trailer Manufacturing & Sales
17875,HIGH COUNTRY CAMPS LLC
17876,Moon Docker Trailers
17877,"MIDWEST TEARDROPS, LLC"
17878,C & W Enterprises
17879,Diamond Machining Inc.
17880,"M. T. Trailers, Inc."
17881,White's Auto Sales
17882,Burrell Enterprises
17883,R&R TRAILERS
17884,"Rhea's Trailer Sales, Inc."
17885,DIAMONDBACK TRaiLER MFG.
17886,London Bridge Welding
17887,Three Kit
17888,T&R Trailer Manufacturing
17889,Douglas Truck & Equipment
17890,"L.A. Woods Co., Inc."
17891,Ash Company of Mountain Lake
17892,"Hecla Manufacturing Co., Inc."
17893,"Wrangler Trailers, Inc."
17894,Classic Welding
17895,Timber Creek Recreational Vehicle
17896,ED-KA MFG. INC.
17897,Wack Engineering
17898,"Collins Professional Cars, Inc."
17900,Quality Craft Corp.
17901,White's Welding & Fabrication
17902,"Massie Mfg., Inc."
17903,Falcon Engineering & Mfg Co.
17904,Competition Trailers
17905,"CARL'S TRAILER SALES, INC."
17906,"Dutchmen Mfg., Inc."
17907,Archer Manufacturing Corporation
17908,B & H Welding Services
17909,"John M. Hill Machine Co., Inc."
17910,Bass Cat Boats
17911,Paul Manufacturing
17912,"Pomona Sheet Metal Works, Inc."
17913,Borek Brothers Automotive
17914,Bethany Welding Inc.
17915,"SHENZHEN TUYAO AUTO ACCESSORIES CO., LTD."
17916,"KUNSHAN MAOMAO AUTOMOBILE FITTINGS CO., LTD."
17917,U.S. UPFITTERS OF COLORADO
17918,"NINGBO LANDWHEEL AUTO PART CO., LTD."
17919,"Dynaweld, Inc."
17920,"SHENZHEN TOMTOP TECHNOLOGY CO., LTD."
17921,Modcon
17922,C. I. TAKIRON CORPORATION
17923,MDX Plastics Inc
17924,Advanced Transport Technologies Inc.
17925,L.D. Burleson
17926,Mobile Tech
17927,A. BERGMAN
17928,H AND R OUTDOOR INDUSTRIES  INC.
17929,Pero Trailer Mfg.
17930,"Lite House Campers, Inc."
17931,JIM SHUFF'S PROPERTY MANAGEMENT INC. DBA FREEDOM TRAILERS
17932,Karnel Enterprizes
17933,"Midwest Trailers of Sikeston, Inc."
17934,"BOB'S USED CARS, INC."
17935,M.J. Taylor Mfg. Co.
17936,"Wright's Welding and Fabrication, Inc."
17937,"Big 4 Rents, Inc."
17938,"Sprint Manufacturing, Inc."
17939,"BETTER BUILT TRAILERS  "
17940,"TINIK, INC."
17941,Auto Transport Service
17942,Twin Rivers Mfg.
17943,"Sturdy Built, Inc."
17944,"Curtis Industries, Inc."
17945,Disler Trailer LLC
17946,BULL DAWG TRAILER COMPANY LLC
17947,AUTOHAUS OF COLORADO DBA TRAILER MADE CUSTOM TRAILERS LLC
17948,Trailers-N-More
17949,U.S. Coach Works Inc.
17950,"Patriot Trailer Sales, Inc."
17951,Valley Welding & Repair
17952,"SEI A Division of Stovall Fab & Machine, Inc."
17953,THE GASBOX LLC
17954,Lindsay's Farm Equipment
17955,N.B.R. TYRES PTY LTD
17956,GORMAN TRAILERS
17957,"Trailers Plus  "
17958,Bootheel Custom Trailers
17959,American Trailer Manufacturing
17960,BLACK LINE CONVERSIONS
17961,"Delta Manufacturing, Inc."
17962,MARBLE PROPULSION TECHNOLOGY’S INC
17963,SAM'S TRANSPORT COMPANY
17964,ROCKIN H INDUSTRIES INC
17965,G&S Enterprise
17966,Isis Imports
17967,"CHANGZHOU JIUDING AUTOMOBILE CO., LTD."
17968,"HANGZHOU BROAD WAY PUBLIC SECURITY TECHNOLOGY CO.,LTD"
17969,HERMANN HARBECK FAHRZEUGBAU GMBH & CO. KG
17970,"JIANGSU CHANGDA TYRE CO., LTD."
17971,VIMAR TRAILERS
17972,"Bean Trailer Manufacturing, LLC"
17973,FOUR MILE FABRICATION LLC
17974,WATERS INTERNATIONAL TRUCKS INC.
17975,JAK STEELE MFG. LLC.
17976,Accel Trailers Inc.
17977,The Rover Group plc
17978,"Mr. Air Sweepers, Inc."
17979,"SturdyWeld Equipment & Design, Inc."
17980,Dacus Manufacturing Inc.
17981,Sopko Manufacturing Company
17982,Ashcan Fab. Co.
17983,"SCS Machine & Fabricating, Inc."
17984,Diamond-K-Mfg.
17985,R and S Trailers Inc.
17986,M & R Trailers Mfg.
17987,"Coffeeville Trailer Manufacturing, Inc."
17988,Container Enterprise
17989,"Dimensional Homes, Inc."
17990,"Henley's Trailers, Inc."
17991,Westcar Industries Ltd.
17992,RAB Trailer Manufacturers
17993,"Auctioneering Systems, Inc."
17994,"DAVID B KNIGHT & ASSOCIATES, INC."
17995,The Nolan Company
17996,"Phoenix Industries & Apparatus, Inc."
17997,"BLACKWATER IRONWORKS, LLC."
17998,DYRENG FARMS & DAIRY LLC
17999,"ATF MFG, LLC"
18000,"MARTIN TRUCK BODIES, INC."
18001,Loeffler Filtration Group
18002,Northwest Trailer Sales & Service
18003,P & P Manufacturing
18004,Sikeston Trailer Sales
18005,"Welding Unlimited "
18006,Ray Gaskin Service
18007,"National Steelworks, Inc."
18008,Wiser Trailer and Equipment
18009,Decatur Industrial & Tech Center
18010,"T.W.G. Machine, Inc."
18011,Southern Iowa Manufacturing Co.
18012,Randi and Assoc. Corp. dba Trans Spec
18013,CTR Inc. Trailer & Custom Truck Division
18014,T. Rome Ent.
18015,R-Way Corporation
18016,"WENTWORTH ENTERPRISES INC "
18017,"K & K MANUFACTURING, INC."
18018,"Omega Southwest Mfg., Inc."
18019,"Stallion Trailers, Inc. "
18020,Golden Eagle Trailer Manufacturing & Welding Works
18021,C & O Manufacturing
18022,"Custom Trailers, Inc."
18023,Fobes Welding & Iron Works
18024,B&B Trailer Mfg
18025,"The Shop  "
18026,"New Commander Trailers, Inc."
18027,Equipment Maintenance & Repair Service
18028,E.C. Woods
18029,"Corn Belt Manufacturing, Inc."
18030,Trail Rite Trailers
18031,Cheney Weeder Manufacturing Inc.
18032,"S.D. Pitman, Inc."
18033,Custom Welding And Trailers
18034,"JUBILEE TRAILERS, LLC"
18035,"BENNETT'S PERFORMANCE V TWIN, INC"
18036,PERFORMANCE DEPOT INC.
18037,HBT SMOKERS LLC
18038,TRIPLE C FABRICATION LLC
18039,"XL CARTS, INC."
18040,"Circle A Prefab, Inc."
18041,Peerless Corporation
18042,M & W Manufacturing
18043,S & A Manufacturing
18044,Sportsmen's Travel Trailers (KZ Inc.)
18045,"R&W Mfg., Inc."
18046,"Hausman Bus Sales, Inc."
18047,"Custom Equipment Builders, Inc."
18048,Spirit Trailer Mfg.
18049,"RIVER CITY HYDRAULICS, INC."
18050,Coburn Equipment & Repairs
18051,C.C. Rider Trailer Co.
18052,Nu Tech Trailer Inc.
18053,"United States Systems, Inc."
18054,Thoro Built Trailers Inc.
18055,"R.V. Mini Mart, Inc."
18056,"Hitchco, Inc."
18057,K-Dee Supply Inc.
18058,Overseas Timetrade (Canada) Corp.
18059,C.D. Spectrum Inc.
18060,Woodstream Mfg. Division of Playland Recreational Village
18061,RICH MOTORCOACH
18062,Mid-States International Motocross Inc.
18063,Vac-Tec
18064,"Roadmaster Rail, Inc."
18065,Vista Cruiser Mfg.
18066,"Nth, Inc."
18067,H&H Manufacturing
18068,"RMACC HOSE COMPANY, INC"
18069,"AUGUST METAL WORKS, LLC"
18070,Tex Star Mfg.
18071,"Min-Ark, Inc."
18072,"Comanche Manufacturing, Inc."
18073,"Analytical Logging, Inc."
18074,Yuma Welding and Fabrication
18075,Triple J. Trailer Sales
18076,OK Trailer Mfg.
18077,Kamplite Mfg. Corp.
18078,Putnam Manufacturing
18079,Boss Trailers
18080,"NUTHOUSE INDUSTRIES, LLC"
18081,Country Trailers
18082,"AIR BURNERS, INC."
18083,Hamman Enterprises
18084,Cross Industries Inc.
18085,"Trailmaster, Inc."
18086,Triple-B Truck Body and Metal Fabricating Company
18087,"James Russell Engineering Works, Inc."
18088,Pavement Technologies Inc.
18089,Tailored Trailers
18090,"Multiple Interests, Inc. dba Trailers, Etc."
18091,"McLendon Welding, Inc."
18092,Husky Trailer Manufacturing Co
18093,Lynden Tank Co
18094,Marlin Trailers
18095,STOTLER WELDING
18096,McCullugh Trailers
18097,Russell H. Sonnenberg
18098,"Fibre-Tech, Inc."
18099,"DRIVE-ON TRAILER CO., INC."
18100,Sabre Luxury Coach Inc.
18101,Weyhrich Industries Inc.
18102,Rexworks Inc.
18103,Emerson Electric Co
18104,"Corey Enterprises, Inc."
18106,"FAST GLOBAL SOLUTIONS, INC."
18107,The New Avanti Motor Corporation
18108,Elmat Inc.
18109,CARA VALENTE
18110,Andrews Equipment Service of Washington Inc.
18111,"Modular Building Systems, Inc."
18112,Roose Manufacturing Co.
18113,"Camits Industries, Inc."
18114,Brandy Industries
18115,Demumbreum Welding Shop
18116,"Cy-Corp Enterprises, Inc."
18117,Overland R.V. Depot
18118,"Rochelle Steel Fabricating, Inc."
18119,Creative Coachworks Inc.
18120,Braco Trailers
18121,McClain Industries Inc.
18122,Equi-Lite Horse Trailers
18123,AMAZING TRAILERS INC
18124,FATHOM BOATS LLC
18125,"E.C.S.A. Ensambladora Cacanilla, S.A. de C.V."
18126,"Phoenix Modular R.V., Inc."
18127,Interstate Products Inc.
18128,Palm Manufacturing and Sales
18129,MOAT TRAILERS INC.
18130,WOLF INDUSTRIES INC
18131,Hubler Bros.
18132,"LOAD REDI, INC"
18133,Westfall Motors Corp.
18134,Midwest Welding Co.
18135,"Chessline, Inc."
18136,"VANGUARD TRAILER, INC."
18137,"Lanier Trailer, Inc."
18138,J M Trailer Manufacturing
18139,Aurora Modular Industries
18140,Vern's Welding and Fabrication
18141,Iron Master Mfg.
18142,Safe-Ride Trailers Inc.
18143,"ACCELERATED SPEED DYNAMICS, INC "
18144,"CENTRAL POWER SYSTEMS AND SERVICES, LLC."
18145,STELLA SPECIALTY TRAILERS LLC
18146,"BAODING LIFE AUTOMOTIVE LIGHTING GROUP CO., LTD."
18147,"CHONGQING YINGQI VEHICLE PARTS CO., LTD."
18148,"HEBEI HENGBANG RUBBER PRODUCTS CO.,LTD."
18149,"HEBEI JIZHENG AUTO PARTS CO.,LTD.  "
18150,"SHANGHAI MANJIE PRECISION AUTO PARTS CO.,LTD"
18151,"TAI-YUE RUBBER INDUSTRIAL CO., LTD."
18152,"TESD (BEIJING) TECHNOLOGY DEVELOPMENT CO., LTD."
18153,"WENZHOU HONGDA POLICE EQUIPMENT SHARES CO.,LTD"
18154,"Technical Mobile Structures, Inc."
18155,ENTOW
18156,"Translift Systems, Inc."
18157,BURDICK BROS. MACHINE & REPAIR
18158,Western Trailer Supply
18159,"Invader Boats, Inc."
18160,"IBEX INDUSTRIES, INC."
18161,Lazy L Mfg.
18162,D&D TRAILERS
18163,Brians Welding Service
18164,"Interstate Trailers "
18165,"Abtec of Wisconsin, Inc."
18166,Husted Bike Trailers
18167,Wallstrong Trailers
18168,TESH & SONS TRAILER HITCH CENTER INC.
18169,D T Supply
18170,MAC Stripers Inc.
18171,G-FORCE TRAILERS LLC
18172,H&H FARM MACHINE CO INC
18173,COLLISION WARNING SIGNALS
18174,SOUTH JERSEY TRUCK BODIES INC
18175,QT EQUIPMENT COMPANY
18176,BLUEBIRD TURF PRODUCTS LLLP
18177,LOCKHART MARINE
18178,"Clenet International, Ltd."
18179,"Mark Line Industries of Pennsylvania, Inc."
18180,Bera Tilt-Top Trailer Inc.
18181,"Central Arkansas Fabrication, Inc. dba Ponderosa Trailers"
18182,"General Trailer Mfg, Inc."
18183,"Morris Trailers "
18184,Wegner Welding
18185,"Daral, Inc."
18186,Corona Ltd. dba Baron's Trailer Sales
18187,"MI Joy Manufacturing, Inc."
18188,Carrier Trailer Mfg.
18189,"Trailers Unlimited "
18190,Monroe Manufacturing
18191,J & L Fabrication Inc.
18192,J.S. WELDING
18193,"J & A Custom Trailers & Fabrication division of Cordis Johnson Automotive, Inc."
18194,"Pro Auto Sales & Salvage, Inc."
18195,"DOUBLE ""P"" FABRICATION & INSTALLATION, INC."
18196,Kellys Welding & Manufacturing
18197,Great Lakes Trailers
18198,Gardner-Pacific Corporation
18199,S&S Custom Trailers
18200,"Road Boss Trailers, Inc."
18201,Padgett Truck Bodies and Equipment
18202,Steve's Welding Service & Machine Shop
18203,HARRISON WELDING LLC
18204,TOP-LINE INDUSTRIAL PRODUCTS INC
18205,RUSSELL RECE HEATON (Forever Bunkhouses)
18206,"O.T. Fabricating, Inc."
18207,CW's Welding
18208,"Amrad Products and Supply Company, Inc."
18209,"Scarab Manufacturing and Leasing, Inc."
18210,Taylor Trailers (Royal Taylor)
18211,JACKRABBIT MANUFACTURING LLC
18212,BALLISTIC TRAILERS LLC
18213,La Palma Auto Body & Repair
18214,Clark Trailers
18215,RS MANUFACTURING
18216,PARD'S EQUALIZER TRAILER HITCH
18217,World Car Company
18218,"Boat Trailers Pacific, Inc. dba Pacific Trailers"
18220,S&S Trailers Inc.
18221,"Burkett Enterprises, Inc. dba The Graham Co."
18223,Crowe Co.
18224,Wayne's Screen Machine
18225,The Lee Co
18226,Welch Trailer
18227,C & S Trailer World
18228,Geneva Truck & Equipment Inc.
18229,"Autoliv Mexico S.A. de C.V. "
18230,SOUTH COAST MANUFACTURING LLC
18231,MC CONCESSION TRAILERS
18232,"Autoliv Safety Technology de Mexico S.A. de C.V. "
18233,Clariant GmbH
18234,Light House Trades
18235,PICCOLI MOTORi S.R.L.
18236,Sweet Way Trailers
18237,"LIVE A CHARMED LIFE ENTERPRISES LLC "
18238,NORTHWEST TUBES N' HOSES
18239,LOUIS PADNOS IRON & METAL COMPANY
18240,COYOTE CANYON TRUCK ACCESSORIES
18241,HORIZON TUBES N' HOSES
18242,"US TRAILER MANUFACTURING "
18243,BEST TRUCK EQUIPMENT INC.
18244,ZION'S TINY HOMES LLC
18245,KKM Enterprises
18246,"Burlingame Industries, Inc."
18247,Kustom Trailers & Welding
18248,"Eischen Manufacturing Co, Inc."
18249,Best Trailer Corporation
18250,"Rebel Custom Trailers "
18251,American Road Trailers
18252,"Snowblast-Sicard, Inc."
18253,T.D. Trailers
18254,ACE Truck Body Co.
18255,Molt-N-Metal
18256,"GCL , Inc."
18257,"PATRIOT TRAILER MANUFACTURING, LLC"
18258,CITY OF BUCKHANNON
18259,"GLOBAL MOTORS, Inc."
18260,"WCCT, Inc."
18261,"Nicks Automotive, Inc."
18262,"A-N-S manufacturing, Inc."
18263,"Tire Centers West, LLC"
18264,AIR BEAR AVIATION LLC
18265,GREGORY RACING FABRICATIONS INC.
18266,"AUTONATION CARRIERS, INC"
18267,FITZGERALD INDUSTRIES INC.
18268,"ACCELERATED MEDIA TECHNOLOGIES, INC"
18269,YELLOWSTONE TRUCK BEDS LLC
18270,Scott's Welding
18271,"HP Tanks, LLC"
18272,PBCLV INC
18273,"Springfield Limousine Sales & Leasing, Inc."
18274,"J-J-N Enterprises, Inc"
18275,"RETROBUILDER, LLC"
18276,Fountain Auto Service
18277,TNTE-Scooters
18278,"Millmark Enterprises, Inc."
18279,Laguna Trailers LLC
18280,"Dryden Oil Company, Inc."
18281,Sway-Tamer Mfg.
18282,LA Exotics
18283,Aspen Trailer Company Ltd.
18284,Wild Boar Manufacturing
18285,KEMP TRAILER SALES
18286,UNICORN SPECIALTIES LLC
18287,AUTOCRAFT LLC
18288,"Ajax Tools, Inc."
18289,"TINY HOUSE CRIBS, LLC"
18290,"Leisure, Inc."
18291,CROSSROADS INDUSTRIES
18292,Waste Processing Equipment
18293,Union Chill Mat Company
18294,FOREIGN ENTERPRISE “BIRINCHI REZINOTEXNIKA ZAVODI” LLC
18295,"HUBEI TRI-RING AUTO-ELECTRIC APPLIANCE CO., LTD."
18296,"Bonner Metal & Fabrication, Inc."
18297,DAVIS' COUNTRYSIDE TRAILER WORLD
18298,"Trailer Components of Florida, Inc."
18299,"Tri-Quest, Inc."
18300,Graham Company
18301,Carolina Custom Mfg.
18302,"Maibo, Inc."
18303,Mid-Nebraska Truck & Trailer Sales Inc.
18304,Terry's Trailers
18305,"Hanquip, Inc."
18306,"Bigbee Trailers, Inc."
18307,"Eclipse Trailers, Inc."
18308,"CONSTRUCTION MUNICIPAL INDUSTRIAL EQUIPMENT SALES, INC."
18309,"STEALTHCRAFT BOATS, LLC"
18310,Creighton's Trailers
18311,"Gilpin's Welding & Machine Works, Inc."
18312,Posey Lumber & Mfg.
18314,"Wilson Manufacturing  "
18315,Classic Sports Cars
18316,Maximon Machine
18317,Diamond T Trailers Inc.
18318,The Scotty Company
18319,"Glasstream Trailers, Inc."
18320,E.F. Marsh Engineering Company
18321,Paul Krohnert Manufacturing Limited
18322,"Hydra-Sports, Inc."
18323,"BLACKJACK SERVICES, LLC"
18324,Pumps Incorporated
18325,Forsythe & Dowis Rides Inc.
18326,NOR CAL FIRE
18327,"KUKER INDUSTRIES, INC."
18328,"Wildwood Traveler, Inc."
18329,Beck Corporation
18330,Scamper Canada Ltd.
18331,"FOX TEARDROP CAMPER, LLC"
18332,BLACK DIAMOND FABRICATION LLC
18333,"ELATION HYPERCARS, INC."
18334,KJET DIRECT LLC DBA HOGWORKZ
18336,L & L Manufacturing
18337,Marvel Trailer Manufacturing
18338,"Brooks Sales and Engineering, Inc."
18339,Pull Proven Products
18340,BESTDRIVE TIRE LLC
18341,"LEGGETT & PLATT COMPONENTS COMPANY, INC."
18342,Econo-Trailer
18343,AMERICAN TRAILER MFG
18345,Faulkner LLC.
18346,Sullivan Palatek
18347,Dragster Supply
18348,"Nucleus Scientific, Inc."
18349,"LGS Chassis, Inc."
18350,Brothers Industries Inc.
18351,Vironex of Illinois Inc.
18352,Trailer Distributors Incorporated
18353,Reube's Welding
18354,High View Manufacturing
18355,EDRIFT SCOOTERS
18356,"OUTBACK FIRE APPARATUS, INC."
18357,"K & S FABRICATION, LLC"
18358,Circle H Trailer Company
18359,"VIM Trailer Mfg., Inc."
18360,Rose Welding & Trailers
18361,Lamar Company
18362,Cherokee Manufacturing Co.
18363,TEXAS TRUCK OUTFITTERS
18364,Jones Trailer Sales
18365,To-Am Equipment Co. Inc.
18366,AJR Inc.
18367,Simon Aerials Inc.
18368,Material Transfer Company
18369,"American Wood Splitters, Inc."
18370,Crafco Inc.
18371,Loadmaster Trailer Division of Champion Mfg. Co.
18372,D. JONES LTD. DBA JONES TRAILER COMPANY
18373,"JULBERT,INC."
18374,"Automotive Safety Testing (AST) [agent for] Asia Smith Motor Co., Inc. dba ASC"
18375,"Bob Baxter Welding, Inc."
18376,QUALITY METAL PRODUCTS INC.
18377,The Second Automobile Works
18378,Manteca Manufacturing
18379,CRAIG'S CUSTOM FABRICATING
18380,"The Job Shop, Inc."
18381,Sabre Bus & Coach Corporation
18382,CPS LIMITED
18383,"FOSHAN BRIGHTER LED LIGHTING CO., LTD. "
18384,IKA TRAILERS S.A. DE C.V.
18385,PILKINGTON AUTOMOTIVE LIMITED
18386,PRIME WHEEL MEXICO S. DE R.L. DE C.V.
18387,PT.TOYODA GOSEI INDONESIA
18388,"TOYODA GOSEI (FOSHAN) RUBBER PARTS CO., LTD."
18389,"TIANJIN TOYODA GOSEI CO., LTD."
18390,"TOYODA GOSEI (THAILAND) CO., LTD."
18391,"TOYODA GOSEI CZECH, S.R.O."
18392,"TOYODA GOSEI RUBBER (THAILAND) CO., LTD."
18393,"SANYANG MOTORCYCLE INDUSTRY CO., LTD."
18394,"SHANDONG GIKI TYRE CO.,LTD"
18395,"SHENG WANG AUTO PARTS(KUNSHAN)CO.,LTD"
18396,"YANTAI MEFINE MACHINE CO.,LTD."
18397,"AMERICAN CONTROL AND ENGINEERING SERVICE, INC."
18398,"Advanced Hydraulic Supply, LLC"
18399,PARAGON TEMPERED GLASS LLC
18400,BREMBO S.P.A.
18401,"DANYANG XINHUAYANG AUTO LAMPS CO., LTD."
18402,"SICHUAN AIJING MACHINERY MANUFACTURING CO.,LTD."
18403,"TOYODA GOSEI CO., LTD. "
18404,"YIHUI OPTICAL LENS MANUFACTURING CO.,LTD"
18405,"HUI BAO ENTERPRISE CO., LTD"
18406,BRUDER EXPEDITION PTY LTD
18407,ALVEY WELDING LLC
18408,THE DOG HOUSE
18409,"FERRARA FIRE APPARATUS, INC."
18410,"CARSON'S TRAILER MANUFACTURING, INC."
18411,"Jiangsu Kingbon Vehicle Co., Ltd."
18412,"SHENGQIN ELECTRONIC TECHNOLOGY CO., LTD."
18413,"DANYANG BENBAOLI AUTO PLASTIC CO., LTD."
18414,"DANYANG SOAR AUTO PARTS CO., LTD"
18415,"Jiangsu Zhiyun New Material Co., Ltd."
18416,Vee Rubber India Private Limited
18417,"Guangdong Lvtong New Energy Electric Vehicle Technology Co Ltd "
18418,"Guangzhou Jinhao Sporting Goods Co., Ltd (GSB)"
18419,"WEBTEZ, INC."
18420,MARKET DIRECT CAMPERS AND CARAVANS INC
18421,"BIG JOHN MANUFACTURING CO., INC"
18422,GUERRA TRUCK CENTER LLC
18423,METER ENGINEERS INC.
18424,"MP TRAILERS MANUFACTURING, INC."
18425,TWISTED PINE TRAILER MANUFACTURING
18426,INDIGO RIVER TINY HOMES LLC
18427,"CAPE COD MARINE SERVICES, INC. / (DBA) ALUMATECH MARINE"
18428,HIGH MILE ENTERPRISE LLC
18429,"ADVANTAGE TRAILER, LLC"
18430,"MOOSE BILT INDUSTRIES, INC."
18431,BALKAN AUTOMOTIVE PRODUCTS SH.P.K.
18432,CHANGZHOU BONA VEHICE  PARTS CO.LTD
18433,"CHANGZHOU SCIENCE & TECHNOLOGY CO.,LTD"
18434,"NEW THAI WHEEL MANUFACTURING CO., LTD"
18435,PLEXIWEISS GMBH
18436,"SHANDONG WANLONG MACHINERY CO.,LTD"
18437,"TIANJIN LIZHONG WHEEL CO., LTD"
18438,"XUCHANG YONGXIANG GLASS CO.,LTD"
18439,"MICHAELS TRUCK EQUIPMENT, INC."
18440,RUTANA CONCESSIONS
18441,WEE ROLL LLC
18442,BLIP MOTO LLC
18443,MARTIN'S QUALITY TRUCK BODY INC
18444,"SHENZHEN AOXINGDA AUTO LIGHTING CO., LTD."
18445,"CHANGZHOU OULANG AUTO PARTS CO., LTD."
18446,"Taizhou Fengchi Wheel Co., Ltd."
18447,"Zhejiang Fengchi Mechanical Co., Ltd."
18448,Beijing Boe Commerce Co. Ltd
18449,SAINT-GOBAIN MEXICO SA DE CV
18450,"ROADBOSS RUBBER TECHNOLOGY CO., LTD"
18451,UNCHARTED TINY HOMES
18452,ALIEN VEHICLES
18453,MICHAEL SCOTT HORSTMAN DBA HORSTMANS ON THE MOVE TRAILER SERVICE
18454,NAVYA INC.
18455,INFONET CORPORATION
18456,PLANT EQUIPMENT CO. OF NM
18457,LOCAL MOTORS INC.
18458,"MCGUIRE IRVINE CUSTOM FABRICATION, LLC"
18459,TA OPERATING LLC
18460,VANDERLELY'S TRUCK SALES & SERVICE INC.
18461,"WAYCASTER PERFORMANCE LLC "
18462,AREA 51 GLOBAL LOGISTICS LLC
18463,TACTICAL VEHICLE OUTFITTERS LLC
18464,RIDENOUR RIDES LLC
18465,MID CITY ENGINEERING LLC
18467,BLUE RIDGE EXPEDITION TRAILERS LLC
18468,TAIL GUNNER TRAILER INC
18469,"CRITERION TRAILERS, LLC"
18470,PRO CARE AUTOMOTIVE REPAIR
18471,"Piedmont Truck Tires, Inc."
18472,"RENNWORKS, LLC"
18473,NUEKIT
18474,DBL DESIGN
18475,B & S SUPPLY COMPANY LLC
18476,"Xuchang Yenuo Auto Parts Co., Ltd."
18477,"Zongshen Industrial Group Co., Ltd"
18478,J&E CUSTOM UTILITY TRAILERS LLC
18479,BEAR TEARDROP TRAILERS LLC
18480,R.W. TRUCK EQUIPMENT CORP.
18481,"ENTRANS INTERNATIONAL, LLC"
18482,MUDSLIDE CHOPPS LLC
18483,Alden Padfield Inc
18484,"AUTO XTRAS, INC"
18485,"PD2, INC."
18486,"MERCURY PARTNERS, INC."
18487,FLOOKS TRUCK AND TRAILER LLP
18488,7227477 CANADA LTD.
18489,NEVCO ENGINEERING PTY LTD
18490,PT. HA TIRE
18491,"SCO MOTOR CO., LTD"
18492,"SHANDONG SHUANGWANG WHEEL CO., LTD."
18493,"SHANGHAI DIYAN ELECTRONIC TECHNOLOGY CO., LTD."
18494,"SHENZHEN LEMYTH TECHNOLOGY CO.,LTD."
18495,SMR AUTOMOTIVE SYSTEM (THAILAND) LTD.
18496,"YOKOHAMA TIRE MANUFACTURING (THAILAND) CO., LTD."
18497,YOKOHAMA TIRE PHILIPPINES INC.
18498,"ZHEJIANG JINFEI KAIDA WHEEL CO., LTD"
18499,"ZHEJIANG YUELING CO., LTD."
18500,"ZIBO HANDE INDUSTRIES CO.,LTD"
18501,JMC Inc.
18502,"Freight Solutions, RAC, LLC"
18503,Aksarben Manufacturing LLC
18504,FIRETRUCKS UNLIMITED LLC
18505,"HAPPIER CAMPER, INC."
18506,"Clek, Inc."
18507,F&S FABRICATION AND WELDING SOLUTIONS S.A DE C.V.
18508,"Innovative Excavation "
18509,BURK'S BEST MFG LLC
18510,VER-MAC INC.
18511,MAKSIM KORCHAK
18512,"Caretta, LLC"
18513,"TAILGATE POP UP, LLC"
18514,"CAN-AM CUSTOM TRUCKS, INC."
18515,CLASSIC WEST TRAILERS
18516,"FOOD TRAILERS, INC. "
18517,TRAXX TRAILERS
18518,CUSTOM UTILITY TRAILERS LLC
18519,TRAILER CAMPERS LLC.
18520,"FIRST LINE EMERGENCY SERVICES, INC."
18521,FOX FACTORY INC.
18522,SLIM HOUSE RV'S
18523,SUPERIOR AUTO SUPPLY INC.
18524,INTERMOUNTAIN DRILLING SUPPLY
18525,"LEGACY TRUCK EQUIPMENT, INC."
18526,FINNORD TUNISIA SARL
18527,"FUJIAN SUNRISE FORGING TECHNOLOGY CO., LTD."
18528,MEGA TRANSPORTACIONES S DE RL DE CV
18529,"NEW LIGHT VEHICLE WHEEL ENGINEERING & TECHNOLOGY CO., LTD."
18530,"SHANDONG RUNTONG RUBBER CO., LTD."
18531,"ZHEJIANG KINYE MOTOR VEHICLE CO.,LTD"
18532,"ZHEJIANG TIANYING LOCOMOTIVE CO., LTD"
18533,"BACKWATER RV, LLC"
18534,"MINNESOTA TEARDROP TRAILER, LLC"
18535,JEFE'S WELDING CO. LLC
18536,PONTICO GROUP LLC
18537,CHOP BOYZ CUSTOM CYCLEZ
18538,TAMPA ARMATURE WORKS INC.
18539,ASSAULT TRAILERS LLC
18540,OVERBILT TRAILER COMPANY
18541,"DIAMOND TRUCKING EXPRESS ,INC"
18542,"CHANGZHOU FLE VEHICLE PARTS CO., LTD"
18543,"GUANGZHOU STARTWAY AUTOPART CO,.LTD"
18544,"HANGZHOU HENGHONG MACHINERY CO., LTD"
18545,"WUXI HUAJI STEEL ROLL FORMING CO., LTD."
18546,"SHENZHEN WAIX TECHNOLOGY CO., LTD."
18547,"GUANGZHOU MATEC ELECTRONICS CO., LTD."
18548,"FOSHAN CITY SHUNDE YOUDE HARDWARE PRODUCTS CO., LTD."
18549,"ZHEJIANG ZHUOFENG AUTO WHEEL CO.,LTD"
18550,"SHANDONG HUICHUAN AUTO PARTS CO., LTD."
18551,"CHANGZHOU DEFOE LONG AUTO PARTS CO., LTD."
18552,M.T.M. S.r.l.
18553,Westport Power Inc.
18554,TINY LIVING LIMITED TRADING AS MINT TINY HOUSE COMPANY
18555,BROADWAY WELDING INC.
18557,STRONG'S ENTERPRISE INC.
18558,"K&S FABRICATION, LLC"
18559,PSI-HYDRAULIC SOLUTIONS LLC DBA PIRTEK GRAND RAPIDS
18560,DEEP SOUTH CARGO TRAILERS LLC
18561,SHARK
18562,B&K TRAILERS
18563,FAST FLOW LLC.
18564,"DRIVEN INNOVATIONS, LLC"
18565,"NINGBO NEW JIAXING AUTOMATIC INDUSTRY CO., LTD."
18566,"RAILPOD, INC."
18567,"RIDE TIRE DISTRIBUTION, LLC"
18568,"PANJAB AVIATION INC  "
18569,"CHONGQING WANSHENG FUYAO GLASS CO., LTD."
18570,"CHONGQING LIYANG HONGBEN MOTORCYCLE MANUFACTURING CO., LTD. "
18571,INDUSTRIAS MICHELIN S.A DE C.V.
18572,JOSE RAMIRO BARRERA AGUIRRE
18573,"QINGDAO PUREGAIN TYRE CO., LTD."
18574,"DOSE STEELWORKS, INC."
18575,GLOBAL EQUIPMENT COMPANY INC.
18576,RS Companies
18577,"SAXON PAINTING  COMPANY LLC DBA SAXON ENTERPRISES "
18578,TRINITY TRUCK & TRAILER SERVICE
18579,"BONAPARTE USA, LLC"
18580,"UNIFIED DEFENSE, LLC"
18581,THE JUANEILUS CO. LLC
18582,ERC TRADING INC
18583,"American Infrastructure, LLC"
18584,TWISTED WIRE.INC.
18585,BOILING SPRINGS AUTO PARTS INC.
18586,MOTOVATION INC. DBA: POWERMADD
18587,"ANAI (BEIJING) SPECIAL RUBBER HOSE CO., LTD."
18589,"W.C.P.,INC."
18590,"ERWIN HYMER GROUP USA, L.P. "
18591,DUFFIELD MARINE INC.
18592,Deldo Autobanden NV
18593,China Tyres Distribution Limited
18594,ELIAS DIVERSIFIED INC.
18595,"REFUGE ROCK TRAILERS, LLC"
18596,"TEAM CHAOS MOTORSPORTS LLC "
18597,ENVIROTECH DRIVE SYSTEMS INC
18598,"FRYFOGLE MANUFACTURING, INC."
18599,SCREEN-LED SP. Z O.O. SP.K.
18600,"ZHONGSHAN JIACHI ELECTRONICS CO., LTD."
18601,"SHANGHAI CATA SIGNAL CO., LTD"
18602,"ZHONGSHAN BIOTIC LIGHTING CO., LTD."
18603,"MIKE ALBERT LEASING, INC."
18604,BULLSTON GROUP OF INDUSTRIES CORP
18605,INFINITY TRAILERS OF FLORIDA LLC
18606,LIBERATOR PERFORMANCE BOATS
18607,"MAVS TIRE CO., LLC"
18608,"MONTONDO TRAILER, LLC"
18609,GRAND TRAVERSE RUBBER SUPPLY
18610,HELIE FIRE TRUCKS INC.
18611,CHANGZHOU SUE HE VEHICLE INDUSTRY CO . LTD
18612,"EPRO AUTOMOTIVE INDUSTRY(JIANGSU) CO.,LTD"
18613,LUMILEDS POLAND S.A.
18614,JERSEY BUS TECH LLC
18615,STREAMLINE INDUSTRIES INCORPORATED
18616,MOTO BURLY
18617,FARADAY&FUTURE INC.
18618,MARLON RECREATIONAL PRODUCTS LTD
18619,"RENQIU RUILANG AUTO PARTS CO.,LTD."
18620,STEEL STRIPS WHEELS LIMITED
18621,"MEDIEVAL METALWERX, LLC"
18622,ALPINE TINY HOMES LLC.
18623,MOVE SYSTEMS INTERNATIONAL LLC
18624,UNITED ENDUSTRIYEL ELMASLAR GIDA VE SAGLIK HIZMETLERI SANAYI VE TICARET LTD STI
18625,ICOM NORTH AMERICA LLC.
18626,"CHANGZHOU HUA R SHENG REFLECTIVE MATERIAL CO., LTD."
18627,"BABCO ENGINEERING, LLC"
18628,BLINDAJES ISBI LTDA
18629,VOLTA MOTOR COMPANY S.L.
18630,"RECYKLING INDUSTRIAL REPAIRS, INC"
18631,PRECISION MOBILE MAINTENANCE & FABRICATION
18632,EVANS METAL FAB
18633,"SOUTHWEST ENERGY,LLC"
18634,"MAX BUILT TRAILERS, LLC"
18635,Kelley's Fabrication
18636,KLJ AUTO SALES AND SERVICE
18637,"CENTRAL STATES THERMO KING OF OKLAHOMA, INC"
18638,HATHAWAY'S AUTO SALES
18639,"AG ENTERPRISE SUPPLY, INC."
18640,BIRD BUS CENTER INC.
18641,CLAYTON OFF ROAD
18642,SILVER SPECIAL TRAILERS LLC
18643,"JIANGSU YIMEIJI ELECTRIC VEHICLE MANUFACTURING CO., LTD."
18644,"WEIFANG XIANGZHONG MACHINERY CO.,LTD"
18645,"GLOBAL MEDIA INDUSTRY GROUP CO., LTD. "
18646,"QINGDAO SUMMIT RUBBER INDUSTRY CO.,LTD"
18647,"JINHUA ZHENFEI TOOLS CO., LTD."
18648,"MUNRO TECHNOLOGY CO.,LIMITED"
18649,AAA MARINE TRAILERS LLC.
18650,CHRIS HOLLAND (Malta Dynamics)
18651,"PINTAIL DUCK BOATS, LLC"
18652,"HUNTER BOWEN TRAILER SALES "
18653,"CNG-ONE, LLC"
18654,BARCO PUMP
18655,STAVEY INC.
18656,"MIKE WARD & COMPANY, INC."
18657,ADKINS TRUCK EQUIPMENT CO.
18658,SIV AMBULANCES
18659,"Kapscomoto Inc. "
18660,OREGON CORRECTIONS ENTERPRISES
18661,CAMEX EQUIPMENT SALES & RENTALS INC.
18662,"HEBEI SMART CRYOGENIC TECHNOLOGY CO., LTD"
18663,"ZHEJIANG JIN'AN AUTO PARTS CO., LTD."
18664,Thieman's Fleet & Auto Repair
18665,"GRAINGER ENTERPRISES INC, DBA CARGO DECK, LLC"
18666,TIRE SERVICE UNLIMITED LLC
18667,"FABRICATION AND MAINTENANCE SERVICE, LLC"
18668,STRAIN METALWORKS LLC
18669,MIUS INDUSTRIES
18670,THE GOODYEAR TIRE & RUBBER COMPANY
18671,SOUTH WALTON CARTS LLC
18672,"FINLEY ASPHALT & CONCRETE, INC."
18673,"YUYAO YONGJIA ELECTRICAL APPLIANCE CO., LTD"
18674,NANJING HAIWANG AUTO PARTS CO. LTD.
18675,ILIGHT SKY LTD
18676,RANGER DESIGN INC
18677,"SHANDONG NEW HAWK TYRE CO., LTD."
18678,"LONESTAR FREIGHTLINER GROUP, LLC"
18679,SCHROEDER MACHINE SHOP INC
18680,JBALL FISH HOUSES LLC
18681,GOLF CART OUTLET OF MOUNT AIRY
18682,BUILT RITE COOKERS LLC
18683,GOLDSFINE INDUSTRIAL LIMITED
18684,OYSENI TECHNOLOGIES (ZHUHAI) LIMITED
18685,"INTERMOUNTAIN TRAILER SALES & SERVICE, LLC"
18686,NEW MILLENNIUM BUILDERS / CURBSIDE CONCESSION
18687,PIGGYBACK SMOKERS LLC
18688,MID-STATE TRUCK EQUIPMENT INC
18689,"HD TRAILER MANUFACTURING, LLC"
18690,"RC TRAILERS, INC."
18691,SOUTHERN CALIFORNIA TRUCK BODIES &  SALES INC.
18692,JIANGSU JIUJIU WHEEL CO. LTD.
18693,"TE AN (VIET NAM) HELMET INDUSTRIAL CO., LTD"
18694,"ZHEJIANG BAILI MACHINERY CO.,LTD"
18695,"HEBEI CHANGTAI RUBBER & PLASTIC PRODUCTS CO., LTD"
18696,"SHENZHEN LINGHANGJING NETWORK TECHNOLOGY CO., LTD"
18697,"TML AUTOMOTIVE PARTS (SUZHOU) CO., LTD"
18698,REMOLQUES Y SERVICIOS PARA LA INDUSTRIA METAL MECANICA S DE R L DE C V
18699,"TRAILSTAR TRAILERS "
18700,A-1 HITCH CENTER
18701,BRIDGEWATER STEEL LLC
18702,INGLEWOOD CUSTOM AND SERVICE CENTER LLC
18703,"CWD, LLC"
18704,"JIANGSU DAFIER MOTORCYCLE CO., LTD."
18705,RESPONSE EQUIPMENT SPECIALISTS LLC.
18706,"NEW PRIDE TIRE, INC."
18707,All Systems Brake Service
18708,Collision Works Ltd.
18709,"COLORADO BACKCOUNTRY TRAILERS, LLC"
18710,"NANTONG YIXIN GLASS TECHNOLOGY CO., LTD."
18711,DIONO LLC
18712,Mountain States Diesel Inc.
18713,TOP SHELF MANUFACTURING LLC
18714,"ZIN SOLUTIONS, INC. "
18715,J'S GOLF CARTS SALES AND SERVICE
18724,GLOBAL GLASS SOLUTIONS
18725,"SHANGHAI BEST STAR INTERNATIONAL CO., LTD."
18726,Inter-Sprint Banden B.V.
18727,"TALLERES MARTINEZ, SOCIEDAD ANONIMA DE CAPITAL VARIABLE"
18728,"LONG RUN TRAILERS AND FABRICATION , LLC"
18729,L A C WELDING MFG INC
18730,"FOUNDATION AMBULANCE, INC."
18731,"SPLASH BOAT SALES , LLC"
18732,"DEXTER MARINE PRODUCTS OF GEORGIA, LLC"
18733,RUSS WELDING AND MACHINE INC.
18734,A OTOMOTIV CAM SAN.TIC. A.S.
18735,"SHANDONG JINMA AUTOMOTIVE EQUIPMENT TECHNOLOGY CO.,LTD"
18736,VEHGLASS AUSTRALIA PTY LTD
18737,"ZHEJIANG LIANMEI INDUSTRIAL CO.,LTD "
18738,WATERTOWN DRAFT TRAILERS LLC
18739,PREMIER TIRE DISTRIBUTORS INC.
18740,BIG LIFE TINY HOMES
18741,ECHO3 ENERGY
18742,CHONGQING SULIAN PLASTICS CO. LTD.
18743,ECS TUNING LLC
18744,LEE DILL INC. DBA TIGER MFG. CO.
18746,"DEXTER MARINE PRODUCTS, LLC"
18747,JUAN PABLO JIMENEZ MORALES
18748,OVB HOLDING LLC DBA OVERBUILT
18749,PROGRESSIVE INDUSTRIES INC.
18750,"A DEGREE ABOVE, LLC DBA FREE2ROAM TINY HOMES  "
18751,UPSTATE TRAILER MANUFACTURERS AND REPAIR
18752,"MUELLER CUSTOM TRAILERS, LLC"
18753,"BDF DESIGN, LLC"
18754,JNT WELDING LLC
18755,"DOUBLE Z'S TRAILERS, LLC"
18756,"RABBIT GLASS, S.A."
18757,"TAIAN QICHENG WHEEL MANUFACTURING CO., LTD."
18758,"FINISHING LINES, LLC"
18759,FLEXTECH ENTERPRISES
18760,"BALDWIN'S GARAGE,LLC ,DBA BALDWIN TRUCK EQUIPMENT "
18761,EQUIPMENT SPECIALISTS INC.
18762,"TRUCK BODY OF BEAUMONT, INC."
18763,G STONE COMMERCIAL DIVISION LLC
18764,"777 INDUSTRIES, LLC"
18765,"EVERYWHERE, INC. "
18766,STEEL TRAILERS MFG LLC
18767,PIN DROP TRAVEL TRAILERS LLC
18768,"ABLE AUTO & TRUCK PARTS, INC."
18769,"FRONT LINE MOTORS, INC"
18770,ALPINE TRAILERS L.L.C.
18771,"ELEVATE TRAILERS "
18772,"TAP WORLDWIDE, LLC"
18773,COREY MACHINE COMPANY
18774,"LEGACY EQUIPMENT COMPANY, LLC."
18775,INTERSTATE TANK TRAILERS. INC.
18776,SCHOLL INDUSTRIES
18777,TOP GUN MANUFACTURING LLC
18778,R. C. LYON & CO. LLC.
18779,"LUOYANG NORTHERN EK CHOR MOTORCYCLE CO., LTD."
18780,"MOMENTUM MOTORWERKS, LLC"
18781,EAST COAST RETREADERS OF CONNECTICUT LLC
18782,"ESCAPADE CAMPER CO, LLC"
18783,"R.C. PORTABLE WELDING & FABRICATION, INC."
18784,AKWEL AUTOMOTIVE
18785,"Custom Industries, Incorporated"
18786,RUSH TRUCK CENTERS OF GEORGIA INC DBA RUSH BUS CENTER ATLANTA
18787,"ADVENTURE VENTURES, LLC"
18788,3C CATTLE FEEDERS INC.
18789,"CHANJE ENERGY, INC."
18790,MOUNTAIN TRADES LLC
18791,"LIMITED LIABILITY COMPANY ""PREMIORI"""
18792,VITKOVICE CYLINDERS A.S.
18793,SOURCE TUBE & HOSE INC.
18794,"CONCESSION NATION, INC."
18795,ONBOARD DYNAMICS LLC
18796,TRAILER CENTRAL
18797,COLD RUSH REPAIRS AND CUSTOMIZATION LLC
18798,PRECISION TRUCK EQUIPMENT INC.
18799,ROSA TRAILER MANUFACTURING INC.
18800,MID-COUNTY FABRICATING INC.
18801,FARM BOSS TRAILERS
18802,PRECISION RESCUE VEHICLES
18803,Neumaticos Andres SAV
18804,"ADVANCED MARINE PERFORMANCE, LLC"
18805,ASTRO HAVEN ENTERPRISES
18806,"CLEAR VIEW MIRROR, LLC"
18807,MESALE FABRICATION
18808,"NURO, INC."
18809,DIRTGRASSSNOW
18810,"GABRIEL LOGAN, LLC"
18811,UTILITY TRAILER SALES COMPANY OF GEORGIA
18812,EAST COAST TRUCK BODIES
18813,The Amalgamated Sugar Company LLC
18814,"CHONGQING ANDES MOTORCYCLE MANUFACTURING CO.,LTD."
18815,"MOVEMOBILITY, INC."
18816,"ANHUI TOPPLO AUTOMOTIVE TECHNOLOGY CO., LTD"
18817,COMERCIALIZADORA NIMMKA SA DE CV
18818,SPITFIRE VINTAGE CARAVANS LLC
18819,"NINGHAI HOPESTEK ELECTRONIC TECHNOLOGY CO., LTD"
18820,"GUANGZHOU YUANYANG AUTOMOBILE ACCESSORIES CO.,LTD"
18821,"JIANGSU SAFEWHEELS TECHNOLOGY CO., LTD."
18822,BOOM TRIKES FAHRZEUGBAU AG
18823,"YUFING INTELLIGENT TECHNOLOGY GROUP CO., LTD."
18824,"ZHEJIANG HUATAIFARUI ALUMINUM ALLOY CO.,LTD."
18825,SOMI TAPE INDUSTRIAL LIMITED
18826,"SHANXI LIHU GROUP QINGYAO TECHNICAL GLASS CO., LTD."
18827,COOPER STANDARD AUTOMOTIVE & INDUSTRIAL
18828,TIMBER RIDGE COUNTRY CABINS
18829,"Shoreline Fuel Products, LLC"
18830,AAA TRAILER SALES LLC
18831,NICHIRIN IMPERIAL AUTOPARTS INDIA PRIVATE LIMITED
18832,HEAVY EQUIPMENT & ATTACHMENT LLC
18833,"JACKSON CREEK MFG., INC."
18834,PEACE VANS ENTERPRISES LLC
18835,ARSENAL SAPI DE CV
18836,NIU TECHNOLOGIES GROUP LIMITED
18837,"VALIANT EXPEDITION TRAILERS, LLC"
18839,"STORYTELLER OVERLAND, LLC"
18840,"INTERNATIONAL AUTOMATED SYSTEMS, INC"
18841,J & L Tire Services LLC
18842,SERVICE ONE TRUCK EQUIPMENT
18843,"DAYBREAK TRADING, LLC"
18844,APB TUBES N HOSES
18845,"ROBERT PINKERTON, INC. DBA ROBERT PINKERTON SERVICES"
18846,"UTAH TANK AND TRAILER, LLC DBA UTAH VANBUILD"
18847,"QUALITY COACHWORKS "
18848,TAYLOR-WHARTON AMERICA INC.
18849,BRIDGESTONE AMERICAS TIRE OPERATIONS DBA GCR TIRES AND SERVICE
18850,CLOUD 9 CUSTOM TRAILERS LLC
18851,"ONPOINT MANUFACTURING, LLC"
18852,CUSTOM GOLF CAR SUPPLY
18853,THE WORKFORCE HUB DBA MEGA TINY HOMES
18854,JFP MULTISERVICES INC
18855,CLARKE INDUSTRIAL SUPPLY
18856,DAKAR INDUSTRIAL CORPORATION
18857,"QINHUANGDAO SINOLION WHEELS CO., LTD."
18858,ELRINGKLINGER AG
18859,EMERGENCY VEHICLES PLUS
18860,"GUTHRIE HELI-ARC, INC"
18861,J&C TRAILERS
18862,"JAMAR TECHNOLOGIES, INC."
18863,COMMUNICATIONS VEHICLE SERVICE
18864,"VERMEER MV SOLUTIONS, INC."
18865,"ZHAOQING JUNHONG CO.,LTD."
18866,SUN DEVIL TRAILER MANUFACTURING LLC
18867,RPT COMMERCIAL
18868,BEAR AMBULANCE REBUILDERS LLC
18869,"AGASSIZ INDUSTRIAL GROUP,LLC"
18870,RIVIAN AUTOMOTIVE LLC
18871,Campease LLC
18872,"SJS Executives, LLC"
18873,Anzatsan Muhendislik Sans Tic. AS.
18874,LTD «Safe Glass Factory»
18875,Trilight Development Limited
18876,Borgna Vetri SRL
18877,PHILLIPS HOSE & FITTINGS LLC
18878,STEPHEN JON KATZ
18879,CATTARAUGUS COUNTY DEPARTMENT OF PUBLIC WORKS
18880,LEGEND OUTDOORS LLC
18881,"DOS HERMANOS USA, INC."
18882,"POWER LINE RENT-E-QUIP, INC"
18883,"ADVANCED FLEET SERVICES OF ND, INC."
18884,LOZOYA CONSTRUCTION
18885,SYNC VANS
18886,SCHNEIDER'S AUTO
18887,CIVES CORPORATION DBA VIKING-CIVES
18888,EAST COAST OVEN AND PIZZA CO
18889,VAZQUEZ INDUSTRIES
18890,KIC LLC
18891,"TOURIG, LLC"
18892,SUSITNA TEARDROPS
18893,UNION AUTO PARTS
18894,PROGRESS RAIL SERVICES CORPORATION
18895,KRAMO AMERICA CONSULTING INC.
18896,PRAXAIR DISTRIBUTION
18897,"SONBUILT TRAILERS, LLC"
18898,LAWMAX COMPLETE TRAILERS
18899,A & K WELDING & REPAIR
18900,NELSON AND NELSON MANUFACTURING
18901,CHURCHILL MANUFACTURING
18902,LONGWAY DIRECT LLC
18903,CRUISE N CAMP LLC
18904,C&C FLUID POWER LLC.
18905,TINY BOX PRODUCTIONS LLC
18906,PRO-MOTIVE EV LLC
18907,"DECISIVE COMMUNICATIONS, INC."
18908,TERRY SLIGHAUTOMOTIVE
18909,PATRIOT PRODUCTS GROUP LLC
18910,BARRY ALAN LABOVITZ
18911,"KANOFF EQUIPMENT SERVICES, LLC"
18912,BRENON CUSTOM CYCLES
18913,"GPS TRAILERS, LLC"
18914,"BUCHER MUNICIPAL NORTH AMERICA, INC."
18915,"KELLERMAN COACHWORKS, INC. DBA PLATINUM FUNERAL COACH"
18916,MONTANA INVESTMENTS INC. DBA HOSEQUICK
18917,"JARCO ENTERPRISES, LLC "
18918,"ANDERSON INDUSTRIES, INC."
18919,"HISUN MOTORS CORP.,USA"
18920,"MOUNTAIN GOAT TRAILERS, LLC"
18921,PRICE MECHANICAL A DIVISION OF PRICE INDUSTRIES LIMITED
18922,"WULIAN JUGUO MACHINERY CO.,LTD"
18923,UNITED ENDUSTRIYEL ELMASLAR GIDA VE SAGLIK HIZMETLERI SANAYI VE TICARET LTD
18924,PINGDU ZIHAI RUBBER MANUFACTORY
18925,BEVER CAR PRODUCTS B.V.
18926,GRUPO INDUSTRIAL TRES ESTRELLAS
18927,"DENZEL MOTORS CO.,LIMITED"
18928,"JIANGSU HUAFENG AUTO PARTS CO., LTD."
18929,XINYI ENERGY SMART (MALAYSIA) SDN BHD
18930,ECOMAUTOMOTIVE INC DBA TUFF STUFF
18931,BARSH APPARATUS
18932,SICK FAB LLC
18933,"TULSA GAS TECHNOLOGIES, INC."
18934,PRIME MANUFACTURING
18935,B&G TRAILERS INC
18936,FORSETH ENTERPRISES INCORPORATED
18937,NORTHWOOD CABINS LLC
18938,BLASTRAC NA INC.
18939,"HOLIDAY HOUSE RV, LLC"
18940,J AND T TRUCK ACCESSORIES
18941,ZHEJIANG KANDI VEHICLES CO. LTD.
18942,KEELER INVESTMENTS INC.
18943,CENTRAL FLORIDA BOAT TRAILERS LLC
18944,"LIVING TINY, LLC"
18945,DONALD B. RICE TIRE
18946,ADVANTAGE COMMERICAL TIRE & SERVICE INC.
18947,TREAD CONNECTION LLC
18948,LONG MACHINE CO LLC
18949,"ATEK DEFENSE SYSTEMS, LLC"
18950,"FABTECH, LLC"
18951,OKLAHOMA UPFITTERS LLC
18952,BOSS PRODUCTS INC.
18953,"TIRE SERVICES COMPANY, INC"
18954,L&W ENGINEERING INC.
18955,V & E CUSTOM TRUCKS INC
18956,"WAYB, INC."
18957,SHIRLEY EQUIPMENT CO INC
18958,ROLLING ACRES CABINS LLC
18959,"EVCO SERVICE CO., INC."
18960,EPIC FABRICATION & DESIGN LLC
18961,FORCE BIKES
18962,CARGO MASTERS TRAILER MANUFACTURING AND SALES LLC
18963,AUTOMATED BIOMASS SYSTEMS LLC
18964,TEMCO MANUFACTURING LLC
18965,ALBERTA FLARES ENERGY SERVICES LTD.
18966,"TUFFR TRAILERS, LLC"
18967,"BAUGH INDUSTRIES, LLC"
18968,MONACO TOURING VANS
18969,"VANQUISH INVESTMENT GROUP, LLC"
18970,EMERGENCY SERVICES LLC
18971,"BRAND M, LLC"
18973,M8-TECH
18974,MILRON METAL FABRICATORS INC.
18975,CCI MANUFACTURING IL CORPORATION
18976,"WENZHOU HONGYUAN AUTO PARTS TECHNOLOGY CO., LTD."
18977,"CITIC DICASTAL CO., LTD"
18978,"LIANYUNGANG TUOXI IMP&EXP CO., LTD"
18979,"NINGBO CARLIGHT TECHNOLOGY CO.,LTD."
18980,"SHANDONG SHUANGWANG ALUMINIUM INDUSTRY CO., LTD."
18981,"CHANGSHA DESINO AUTOMOBILE TECHNOLOGY CO., LTD."
18982,ARC ZONE LLC
18983,XUZHOU ARMOUR RUBBER COMPANY LTD.
18984,SPARK INTERMODAL EQUIPMENT INC.
18985,"SUPERIOR INDUSTRIES INTERNATIONAL, INC."
18986,BRADS WELDING SHOP LLC
18987,HOGAN MFG INC. DBA MURRAY TRAILERS
18988,"RAGEUSA, LLC"
18989,"XOS, INC"
18990,GP TRAILERS INC
18993,San Antonio Brake & Clutch
18994,"GAUTIER FABRICATION SERVICES, LLC"
18995,MICHAEL'S CUSTOM LSV LLC
18996,RHINO TRAILERS LLC.
18997,PJ'S GARAGE LLC
18998,"R & J BUILDERS OF AIKEN, S.C., INC."
18999,Riverside Boot and Saddle
19000,CONTROLLED MOTION SOLUTIONS
19001,TIRE TECH INC
19002,M&W WELDING INC.
19003,9299-5000 QUÉBEC INC.
19004,"CHANGZHOU BK SEATBELT CO., LTD."
19005,"CHANGZHOU CHEDA AUTO ACCESSORIES CO., LTD"
19006,"HUIZHOU GREENCITY LIGHT CO., LTD"
19007,"LIAN-HWAU GROUP CO., LTD."
19008,REFLEXALLEN UK LTD.
19009,"SDAAC AUTOMOTIVE AIR-CONDITIONING SYSTEMS CO., LTD., SHANGHAI"
19010,"TANQUES Y REMOLQUES GUERRA, SA DE CV"
19011,"ZHONGSHAN CBUS ELECTRONIC TECHNOLOGY CO., LTD."
19012,URSA MINOR VENTURES LLC
19013,NORTEX TRAILERS
19014,"DUNRAVEN CAMPERS, LLC"
19015,DRIFTER TRAILERS
19016,NOBLE CASING INC
19017,SOWAL BEACH BUGGYS INC.
19018,"PERKIOMEN PERFORMANCE, INC."
19019,DAC TECHNOLOGIES
19020,DK TRUCK OUTFITTERS
19021,COOPER-STANDARD INDIA PRIVATE LIMITED
19022,"SR ADVANCED INDUSTRIES CO., LTD."
19023,MTECH INCORPORATED
19025,PRESTONE PRODUCTS CORPORATION
19026,NORWOOD EQUIPMENT COMPANY LLC
19027,"EPIC DISTRIBUTION, LLC"
19028,BIGHORN MANUFACTURING LLC
19029,AGC AUTOMOTIVE EUROPE SA
19030,AGC AUTOMOTIVE INDUVER MOROCCO SA
19031,"DONGYING BAOFENG AUTO PARTS CO., LTD "
19032,GRAHER  CONSTRUCTORA INDUSTRIAL S.A. DE C.V.
19033,MARS OTOMOTIV SANAYI VE TICARET ANONIM SIRKETI
19034,PESZKE S.C.
19035,"SHANDONG JEKEEN INTELLIGENT MANUFACTURING TECHNOLOGY CO., LTD."
19036,"XIAMEN ROADECO REFLECTIVE TECHNOLOGY CO.,LTD"
19037,Swailes Auto Supply Inc.
19038,D AND D TRADING LLC
19039,"BUZ'S EQUIPMENT TRAILERS, INC"
19040,WAIAHA LLC
19041,"NATIONAL CYCLE, INC."
19042,FAB-TECH INCORPORATED
19043,"LVT MANUFACTURING, LLC"
19044,DISTINCTIVE SERVICE INC.
19045,B. K. AUTO REPAIR
19046,VOGEL SALES INC
19047,COMPLETE TRUCK BODIES INCORPORATED
19048,"MISTER AUTOMOTIVE OF NEWPORT, INC."
19049,CAL-TEX TRAILERS
19050,"CAJUN FAB VENTURES, LLC"
19051,QUE'N STEW'N & BREW'N INC.
19052,SCOTTY'S TUBES N HOSES
19053,BAUER BUILT INC.
19054,"APPARATUS CENTRAL REPAIR, LLC"
19055,BAYOU TRAILERS AND MANUFACTURING. LLC
19056,GRUETT MFG
19057,"OLIVO ENTERPRISES, INC., DBA SAM & SONS TRUCK EQUIPMENT"
19058,"MESA NATURAL GAS SOLUTIONS, LLC"
19059,PEAK OUTDOORS
19060,"TRITON METALS, INC"
19061,CALHOUN WELDING INC.
19062,KATANIC & COMPANY LLC
19063,"TAYLOR PUMP AND LIFT, INC."
19064,PIRTEK MIDWAY
19065,CRICLE T TRAILERS
19066,"C AND A MOTORS, LLC"
19067,EAGLE INDUSTRY LLC
19068,POLYDROPS INC
19069,WILDFIRE TRUCK & EQUIPMENT SALES
19070,BLACK RIVER BOATS
19071,MOBILE ELECTRONIC BATTERY SOLUTIONS LLC
19072,BROADWIND ENERGY INC.
19073,"UBERWURX, LLC"
19074,"TRAILER & TRUCK EQUIPMENT OF WILLISTON, LLC"
19075,KING COUNTRY TRAILER & REPAIR
19076,MANN HYDRAULICS & HOSES
19077,"KAY RADIO & ELECTRONICS, LLC"
19078,"EDGEWOOD WELDING & FABRICATION, INC."
19079,X-ON TRAILERS LLC
19080,"RACERS RIG, LLC."
19081,Clarion Motors Corp
19082,REGIONAL TRUCK EQUIPMENT
19083,SAY IT SIGN LLC
19084,HIGH ALTITUDE TRAILER CO LLC
19085,FASCHING SALZBURG GMBH
19086,"Trac Tire Services, LLC"
19087,"GSK METALWORKS, LLC"
19088,"SIERRA TRUCK BODY & EQUIPMENT, INC."
19089,"OLD SCHOOL TRAILERS, LLC"
19090,"KGM EQUIPMENT SOLUTIONS, INC"
19091,9149-0847 QUEBEC INC
19092,A&A STEEL ENTERPRISES LTD.
19093,AMW AUTOCOMPONENT LTD
19094,CAKE 0 EMISSION AB
19095,"CHEER RICH INC., LTD."
19096,COMERCIALIZADORA ROSTAM S.A. DE C.V.
19097,CORAL OILFIELD SERVICES INC.
19098,DOLLIES Y REMOLQUES MEXICO S.  DE R.L. DE C.V.
19099,"DONGGUAN TAILING ELECTRIC VEHICLE CO.,LTD."
19100,EVERTHROUGH RUBBER PRODUCTS SDN BHD
19101,"HEBEI BEINAIER WHEEL MANUFACTURING CO., LTD."
19102,"HUITENG INDUSTRIAL TECHNOLOGY CO., LTD."
19103,MONTANA DAVE’S CHOPPERS
19104,"HUNAN CANGMAOTE GLASS PRODUCTS CO.,LTD"
19105,"JIANGSU L.L TRUCK MIRROR CO.,LTD."
19106,"JINAN WANBIN IMPORT & EXPORT TRADE CO.,LTD"
19107,NEW FLYER INDUSTRIES CANADA ULC
19108,SOMAVER
19109,SUBARU CORPORATION
19110,TAIZHOU DONGNAN AUTOMOBILE PARTS LTD.
19111,"TAIZHOU XUANWEI PLASTIC INDUSTRY CO., LTD. "
19112,"WENZHOU TIVDAN LIGHTING TECHNOLOGY CO.,LTD"
19113,YADONG INDUSTRY LIMITED
19114,PIRTEK - DAYTONA
19115,"TRUCK UPFITTERS, INCORPORATED"
19116,HHTC INC dba Pirtek Midway
19117,ZIGGY LSV INC. (FORMERLY ZIGGY INC.)
19119,BIG DOG TRAILERS
19120,AMERICAN TRAILER SALES CO
19121,GTRV-VANS
19122,DBAPALMER POWER AND TRUCK EQUIPMENT
19123,ARIZONA MACHINERY LLC DBA STOTZ EQUIPMENT
19124,KLINK EQUIPMENT
19125,357 GOLF CARTS
19126,"GEFCO, INC. AN ASTEC INDUSTRIES CO."
19127,"ROD IRON CUSTOM FABRICATION, LLC"
19128,SCHLOER TRUCKING LLC
19129,MAXBOX LLC
19130,"DAVE SMITH MOTORS, INC"
19131,"SP STARTEX TRUCK & FABRICATION, LLC"
19132,"HARRELL AND HALL ENTERPRISES, INC."
19133,BASIN ENERGY PARTNERS LLC
19134,"AAG GLASS, LLC"
19135,"NB4 BRAND LLC, DBA THE KINGSTAR COMPANY"
19136,SAN JOSE CONSERVATION CORPS + CHARTER SCHOOL
19137,"ROB MURDOCH SALES AND SERVICE, INC."
19138,"JACKSON TRUCK AND TRAILER RREPAIR OF LA., INC."
19139,CAJUN CUSTOM COOKERS LLC
19140,"GAPVAX, INC."
19141,Familywise Digital Inc.
19142,"VAR TRAILERS, LLC"
19143,JACK OF ALL TRADES BY GEORGE LLC
19144,"SHANDONG QILUN RUBBER CO.,LTD"
19145,"HUBEI LINGLONG TYRE CO.,LTD"
19146,"TOPMEGA INTERNATIONAL GROUP CO., LTD."
19147,"AFP INDUSTRIES, INC."
19148,PIRTEK - ROCKVILLE
19149,FRAS-LE NORTH AMERICA INC.
19150,CCI MANUFACTURING GERMANY GMBH
19151,"CHONGQING HANXUE TECHNOLOGY CO, LTD"
19152,ENRIQUE VILLEGAS ROMERO
19153,"FOLKS ENTERPRISE CO., LTD."
19154,MIKES HEATING & AC
19155,HUNG HAI THINH JOINT STOCK COMPANY
19156,"R & D TRUCK ACCESSORIES, INC."
19157,W D OUTDOOR WOOD FURNACES LLC
19158,"JIANGSU KEYROAD TRANSPORTATION TECHNOLOGY CO.,LTD."
19159,TINBOT TECHNOLOGY GMBH
19160,"WUXI ZHI-DA ALUMINIUM INDUSTRY CO.,LTD"
19161,"BRADANNA, INC."
19162,MISPHIT INC.
19163,COAL MOUNTAIN TRAILERS
19164,SUTPHEN CORPORATION
19165,LEGACY MANUFACTURING LLC
19166,MEDLEY'S AUTO & TRUCK REPAIR SERVICE INC.
19167,KV POWER LLC
19168,AULICK INDUSTRIES
19169,American Motors (Canada) Inc
19170,COMMERCIAL VEHICLE UPFITTERS
19171,FUELL INC
19172,CSC OF KING CITY
19173,"LAIZHOU SANLI AUTO REPLACEMENT PARTS CO., LTD."
19174,"TAROKO INTERNATIONAL CO., LTD."
19175,TRACKABOUT OFF ROAD CAMPERS AUST PTY LTD
19176,Pennsylvania Department of Transportation dba Union County Garage
19177,MANLEY ORV COMPANY INC
19178,DAIMLERCHRYSLER COMMERCIAL BUSES NORTH AMERICA
19179,"T&D SCOTT, LLC"
19180,VNE Automotive GMBH & Co. KG
19181,"Tong Yang Industry Co., Ltd."
19182,SWM MOTORCYCLES S.R.L.
19183,"SUNTOP TIRE (WUXI) CO., LTD."
19184,UNIVERSAL ENTERPRISES INC.
19185,JEFFS CUSTOM REPAIR
19186,JLC FABRICATION LLC
19187,"BARE METAL, LLC"
19188,SILVER STREAK TRAILER COMPANY LLC
19189,PIRTEK MCKINLEY PARK
19190,"BROCEN TECHNOLOGY (SHENZHEN) CO.,LTD"
19191,"CHANGZHOU FANGSHENG AUTO PARTS CO.,LTD"
19192,"COASTAL GOLF CART RENTALS, LLC  DBA COASTAL GOLF CAR SALES"
19193,"CHONGQING CHAOQUN INDUSTRY CO.,LTD"
19194,"DONGYING BORUI BRAKE SYSTEM CO.,LTD"
19195,"GUANGZHOU AOKE LIGHTING ELECTRICAL APPLIANCES CO., LTD."
19196,TMI TRAILER MECHANIC INTERNATIONAL S.A DE C.V.
19197,"XIAMEN ANTOURVISION TECHNOLOGY CO., LTD."
19198,"TAT, INC."
19199,"CATTAIL COVE MARINA, LLC., DBA: APEX MANUFACTURING & MARINE"
19200,"CALIFORNIA DEPARTMENT OF CORRECTIONS & REHABILITATION, CALIFORNIA STATE PRISON - SOLANO GARAGE"
19201,TRUCK FELLAS
19202,KAMINSKI REFRIGERATION & TRUCK EQUIPMENT INC.
19203,"Custom Glass Solutions - Fostoria, LLC."
19204,"TURTLE TRANSIT, INC"
19205,ARMOR SUPPLY METALS
19206,"PRO SPORT TRAILER MANUFACTURING, LLC"
19207,"DLAA INDUSTRIAL CO., LTD"
19208,"FUJIAN ZHONGBAO GLASS PRODUCTS CO.,LTD"
19209,"HENGSHUI ZHISHUO RUBBER HOSE CO.,LTD"
19210,KABAT TYRE SPÓLKA Z OGRANICZONA ODPOWIEDZIALNOSCIA SPÓLKA JAWNA
19211,"MEIJI (QINGDAO) RUBBER & PLASTIC PRODUCTS CO., LTD."
19212,"SHANDONG LEIDE GLASS TECHNOLOGY CO., LTD."
19213,"SHANDONG WODAFENG LIGHT CO,.LTD"
19214,"SHENZHEN YUNKE VEHICLE PRODUCTS CO.,LTD"
19215,"TAIZHOU ZUNCHI MOULDING CO.,LTD."
19216,THE VINTAGE COMPANY S.A.
19217,"TIANJIN UNITED TIRE AND RUBBER INTERNATIONAL CO., LTD"
19218,TARFORM INC
19219,"SCOTTS HEAVY TRUCK & TRAILER REPAIR, LLC"
19220,TRAILER MANUFACTURERS INC.
19221,"Morgan Tire of Sacramento, Inc."
19222,"RUTHMANN REACHMASTER NA , LP"
19223,"P&C TRAILER & REPAIR, LLC"
19224,"PRIORITY VAN SALES, INC"
19225,TINY HOMES OF MAINE LLC
19226,"STANDARD MOTOR PRODUCTS, INC."
19227,NEWELL COACH CORPORATION
19228,"YOHE GROUP CO.,LTD."
19229,GEYER & HOSAJA ZAKLADY GUMOWE W MIELCU SP. Z O.O.
19230,INDUSTRIA REAL S.A. DE C.V.
19231,"SHANDONG SANDING AUTOMOTIVE FITTINGS CO., LTD."
19232,"XIANGYANG HENGDE AUTO PARTS CO., LTD"
19233,"ZHEJIANG KAYO MOTOR CO., LTD."
19234,UNITED FOOD TRUCK LLC
19235,THE CHOPPER SHOP
19236,"EASY GO LSV, LLC"
19237,"UNIT SHOP, LLC"
19238,STEPHENSON SPECIALTY TRUCKS LLC
19239,GARDEN STATE LSV
19240,SEED CARGO
19241,COWTOWN TRAILERS AND TIRES LLC
19242,CARTER AMBULANCE SERVICE LLC
19243,SARDINE MARINE LLC.
19244,Mustang-Trailers A/S
19245,"Friction One Brake Technology (Xiantao) Co., Ltd"
19246,TRANSFER FLOW INCORPORATED
19247,"ENDERA MOTORS, LLC"
19248,SOCAL UPFITTERS INC
19249,ALLIED TRAILER WORKS (ATW)
19250,R WASHERS INCORPORATED
19251,VALIERN COMPANY
19252,MATTHEWS MOTORS
19253,SPECIALIZED AUTOMOTIVE SERVICES
19254,"GENERAL RUBBER (THAILAND) CO., LTD."
19255,R & S AUTO PARTS - NAPA CLAREMORE
19256,FOOTHILLS CUSTOM CABINS LLC
19257,KIRK'S AUTO
19258,TURTLEBACK ADVENTURES LLC
19259,SOUTHWEST RADIATOR SHOP
19260,VOSS Automotive Inc.
19261,BRENNER TANK SERVICES LLC
19262,RIDGEFIELD CUSTOM TRAILERS
19263,SUMMIT SALES &  EQUIPMENT
19264,UNITED DYNAMIC SERVICES LLC
19265,ACCURIDE WHEELS TROYES S.A.S.
19266,"CHANG ZHOU FENG YOU LIGHTING TECHNOLOGY CO., LTD."
19267,FLEX REEL TRAILERS INC
19268,"JIANDE HONGTU ELECTRONICS CO., LTD."
19269,KSAD INC. O/A KANGAROO TRAILERS
19270,"SHENGHESI AUTOMOBILE FITTINGS (SUZHOU) CO., LTD."
19271,"TAIZHOU XUANLE TRADING CO., LTD."
19272,XINYI GLASS(GUANGXI)COMPANY LIMITED
19273,SERVICE TRUCK DEPOT
19274,THINGS DONE CYCLES
19275,CHUCK'S CUSTOM LLC
19276,HYBRID TRAILER CO LLC
19277,"AMERICAN SPECIALTY VEHICLES, INC."
19278,TRISTAR WELDING LLC
19279,"FOUR WAY AUTO & TRUCK SALES, LLC"
19280,"DEALERS TRUCK EQUIPMENT CO., LLC"
19281,"DONLEY AND ASSOCIATES, INC (A.D.B. DONLEY SAFETY)"
19282,"CAR BRAKES' MASTER CO., LTD."
19283,"FUZHOU TEITO RUBBER CO.,LTD."
19284,ASIAN TIRE FACTORY LIMITED
19285,"DANYANG MEITONG AUTO PARTS CO., LTD."
19286,DROPLET DESIGN LTD.
19287,"JINHUA HUADUN MOTORCYCLE ARTICLES CO.,LTD"
19288,"TAIZHOU CITY YANGGUANG GLASS CO., LTD"
19289,THACO SPECIAL VEHICLES MANUFACTURING LIMITED COMPANY
19290,TRANSFORMACION Y TRANSPORTE SA DE CV
19291,Bee Lighting Ltd
19292,MAZZ'S MOTORCYLES INC.
19293,ALPHA BOATS UNLIMITED DBA OF BARBER WELDING INC.
19294,ECAR GARAGE
19295,MARCO EQUIPMENT SALES LLC
19296,PBK AUTOMOTIVE LLC
19298,"ALLSOURCE ENTERPRISES, LLC"
19299,WIBTECH LLC
19300,HENRY & WRIGHT CORPORATION
19301,"ORVIL W CARTER, INC"
19302,"PACK ENTERPRISES, LLC"
19303,"QINGDAO JINGTAI RUBBER PRODUCTS CO., LTD"
19304,"ROGUE TRUCK BODY, LLC"
19305,"PRO-TAINER, INC."
19306,"SHERMAN + REILLY, INC."
19307,"SIGNATURE AUTOSPORT, LLC"
19308,911 RAPID RESPONSE LLC.
19309,MIDWEST GLASS FABRICATORS INC.
19310,5JS WELDING
19311,ARROW TANK AND ENGINEERING CO.
19312,CIRCLE L TRAILERS
19313,MONTROSE CUSTOM FABRICATION LLC
19314,THE TRAILERSHOP INC
19315,HEMPHILL BROTHERS LEASING CO. LLC
19316,DEEP CREEK CARTS
19317,AMERICAN LIFAN
19318,SMOK'T
19319,SHUBERT CUSTOM CYCLES
19320,ATLANTIC COAST EXOTICS LLC
19321,MCCORMIC WELDING
19322,ICART EV LLC
19323,HAMMERGLASS AB
19324,"NINGBO DALONG SMOOTH LOCOMOTIVE INDUSTRY CO., LTD."
19325,"RUI’AN JUBANG AUTO PARTS CO.,LTD"
19326,"SHANDONG JUNCHENG METAL TECHNOLOGY CO., LTD."
19327,VISIONPLUS (HK) LIMITED
19328,"WUXI LSH IMPORT & EXPORT CO., LTD"
19329,"ZHEJIANG YINHONG AUTO & MOTORCYCLE ACCESSORIES CO., LTD."
19330,EMERGENCY MOBILE TECH. INC.
19331,PADGETT MOBILE EQUIPMENT
19332,"WORLD INDUSTRIAL EQUIPMENT, INC."
19333,EVELAND’S INC.
19334,ARCTIC CAT INC
19335,FATMAN CYCLES
19336,"CHAMPION HOME BUILDERS, INC."
19337,DANNY JACKSON dba DJ Trailers
19338,GENCOR INDUSTRIES INC.
19339,KIMBO CAMPERS LLC
19340,IOWA SFK LEASING INC
19341,ALL ACCESS COACH LEASING LLC
19342,"FLORIDA COACH, INC."
19343,"NITETRAIN COACH COMPANY, INC."
19344,"RUSSELL COACHWORKS, LLC"
19345,FIRSTHEALTH OF THE CAROLINAS
19346,"GEOMARC, INC."
19347,ROBERTS BROTHERS COACH COMPANY INC.
19348,SIMPLIFIED FABRICATORS INC
19349,WYOMING BEARING & SUPPLY
19350,"PIONEER COACH INTERIORS, LLC"
19351,TROPOS TECHNOLOGIES INC
19352,3 CUSTOM SOLUTIONS (DBA) 3CS RANCH LLC
19353,"BERKON INDUSTRIES, LLC"
19354,LAMBERT WELDING & SANDBLASTING
19355,HELIO ENTERPRISES
19356,"AMC APARATOS MECANICOS DE CALIDAD, S.A. DE C.V."
19357,FOLDTRAILER LIMITED
19358,"GUANGZHOU RUNYE AUTO PARTS CO., LTD."
19359,"JINYUN QIANGFU METAL PRODUCTS CO.,LTD."
19360,"LONGKOU RONGDI MECHANIC PARTS CO., LTD."
19361,METBOX KURPAS SPÓLKA JAWNA
19362,MIN HSIANG CORPORATION
19363,PT INDUSTRI KARET DELI
19364,"QINGDAO HOIRO MARINE CO.,LIMITED"
19365,"QINGDAO TULECHI RUBBER CO., LTD."
19366,"SHANGHAI SUNNYDA INDUSTRY CO.,LTD."
19367,SHENZHEN AURORA TECHNOLOGY LIMITED
19368,"SHENZHEN YOU-SAN TECHNOLOGY CO., LIMITED"
19369,"WUXI KAISHENG MACHINE MANUFACTURE CO., LTD."
19370,REED LLC
19371,MOR- STORAGE LLC
19372,"HOWE & HOWE TECHNOLOGIES, INC."
19373,STRONGARM TRAILERS AND HITCHES
19374,PLATINUM ELECTRIC VEHICLES LLC
19375,MBS TRUCK & EQIPMENT INC.
19376,"DMI Contractors, Inc."
19377,TENSPEEDTEARS LLC
19378,JIM'S TRAILERS
19379,EMERGENCY VEHICLE REPAIR LLC
19380,PT HOSE AND BEARING
19381,"APEX EQUIPMENT SALES, INC."
19382,"RED ROCK TRAILER MFG, LLC"
19383,FRANCIS ENOS FIRE PUMP REPAIR
19384,TRI-STATE REMOVAL LLC
19385,Schroder Spezialglas GmbH
19386,"HUCKWAGONS, LLC"
19387,"RECREATION BY DESIGN, LLC"
19388,"SB NORTHWEST INVESTMENTS, LLC"
19389,EKPOL OTOMOTIV CAM SAN VE TIC LTD. STI.
19390,"ROCK AND ROLL TRAILERS, LLC"
19391,LVTONG USA GOLF CARS
19392,"MISSISSIPPI TANK AND MANUFACTURING COMPANY, DBA MISSISSIPPI TANK COMPANY"
19393,HALAN TRAILER SALES
19394,"MONTGOMERY SALES, INC."
19395,"MORAN WELDING, INC."
19396,ROLLIES TRAILERS
19397,HD TRAILER
19398,KAUFMAN TRAILERS OF NE
19399,INTERSTATE WRECK REBUILDERS INC
19400,"TANK SERVICES, LLC"
19401,"FABBRO INDUSTRIES, LLC"
19402,"TRUCK UPFITTERS OF MISSISSIPPI, LLC"
19403,SPINBAR DESIGN LAB
19404,"TEXAS PRIDE TRAILERS, LLC DBA U.S. BUILT TRAILERS"
19405,PIPELINE EQUIPMENT SPECIALTIES
19406,"INTEGRITY INTERIORS, LLC."
19407,"R ENTERPRISES, LLC"
19408,"B&C DIESEL SERVICES, LLC"
19409,PITTSBURGH AUTOMOTIVE SUPPLY DBA CARTHAGE AUTO
19410,THOMAS HUMPHRIES INNOVATIVE SOLUTIIONS
19411,BEST ONE RETREADING MICHIGAN & OHIO
19412,"ARROW MANUFACTURING, INC."
19413,ACTR COMPANY LIMITED
19414,CHANGZHOU GUANGYANG AUTO BULB FACTORY
19415,"CHANGZHOU SAINUO SAFETY SYSTEM TECHNOLOGY CO., LTD."
19416,"DANYANG HAOLI AUTO LAMPS CO., LTD."
19417,NEUSTAR MANUFACTURING INC.
19418,SAINT – GOBAIN GLASS ROMANIA S.R.L. BU SEKURIT
19419,TECHNIC DO BRASIL LTDA
19420,"YONGKANG EAGLE MOTOR CO.,LTD"
19421,FAST CARGO LLC
19422,QP ENERGY SERVICES LLC
19423,"HIETPAS EQUIPMENT & TRUCK LEASING, LLC"
19424,KINNEY MANUFACTURING LLC
19425,MONTANA MOUNTAIN ENTERPRISES INC
19426,"NORTHSHORE TRUCK & EQUIPMENT CO., INC."
19427,TRUCKCORP LLC
19428,BLUDOT - AGS
19429,HARBOR TRUCK AND VANS
19430,"PATHWAY TRAILERS, LLC"
19431,MAXLIDER MOTORS LLC
19432,"WESTERN FAB, INC."
19433,MURDOCK CHEVROLET BUICK GMC
19434,BETA FUELING SYSTEMS LLC
19435,"SKYMARK REFUELERS, LLC"
19436,FLEET OUTFITTERS INC.
19437,CAP-IT COVERS AND MORE INC
19438,TRAILERS BY SOUTHERN LLC
19439,Teacup Tiny Homes Ltd.
19440,LINE-X CUSTOMS OKC
19441,ANACONDA MANUFACTURING LLC
19442,EXPRESS RETAIL SERVICES LLC
19443,PDQ CATV SUPPLY INC.
19444,NORTHSHORE HYDRAULICS
19446,"TORO CARGO, LLC "
19447,5150 RACE TRAILERS INC
19448,QUALITY CARGO TRAILERS LLC
19450,ALFA CARGO LLC
19451,AUTOWHEELS FASHION SDN BHD
19452,DAYA BANDING SDN. BHD
19453,"GUANGXI NEW GUILUN RUBBER CO., LTD."
19454,CT CUSTOMS
19455,"FREEDOM TRAILERS, INC. (INDIANA)"
19456,BARN-LIVIN' LLC
19457,818 TRUCKING LLC
19458,"GROVE CREEK FABRICATION, LLC"
19459,VALLEY MANUFACTURING LLC
19460,BRADY-BUILT SUNROOMS
19461,MJR EQUIPMENT INC
19462,"A-7 AUSTIN, LTD"
19463,MOTO TECH TRAILERS LLC
19464,BRAZOS IRON WORKS
19465,"ALAMO INDUSTRIES, INC."
19466,FITZGIBBONS FLEET FABRICATORS
19467,KLINE VAN AND SPECIALTY RENTAL LLC DBA VANDOIT
19468,"J&B PAVELKA, INC."
19469,AMW TRAILERS LLC
19470,ALLOY WHEEL REPAIR SPECIALISTS LLC
19471,AQUAHAWK ENERGY LLC
19472,"NASG HOLDINGS, LLC"
19473,"DARKHORSE CARGO, INC."
19474,"Medical Structures, LLC"
19475,"STAINLESS TANK AND EQUIPMENT, LLC"
19476,"ALLIANCE RV, LLC"
19477,"WUXI XIYAO INTELLIGENT TECHNOLOGY CO., LIMITED"
19478,"VALOR INDUSTRIES, LLC"
19479,CALCULUS PRODUCTS (PTY) LTD
19480,NVS TECHNOLOGIES
19481,"DONGGUAN YONGXUAN AUTOMOBILE PARTS CO., LTD"
19482,"JC TECH ASIA CO.,LTD."
19483,SOUTHERN METAL CHOPPERS
19484,"All American Manufacturing, LLC"
19485,ROADTREK INC.
19486,LOHR NORTH AMERICA
19487,"DAVIDSON TRAILERS, LLC"
19488,G&R MANUFACTURING LLC
19489,B H TRAILERS AND PLOWS
19490,SUPERIOR TRAILERS LLC
19491,ENFLEX CORPORATION
19492,KUANTUM CAM SANAYI VE TICARET A.S.
19493,ZHEJIANG HAOQING AUTOMOBILE MFG CO LTD
19494,STAGELINE MOBILE STAGE INC
19495,"TIANJIN SYP AUTOGLASS CO.,LTD"
19497,B H TRAILERS AND PLOWS CT LLC
19498,"D&S CLASSIC COACH, INC"
19499,"NASHVILLE LUXURY COACH SALES, LLC"
19500,THE CRUISER COMPANY
19501,STASH AUTOMOTIVE
19502,"BUSSANI MOBILITY TEAM EAST, LLC"
19503,TUFFY TILT TABLES
19504,"SLADEN D MARKHAM, LLC"
19505,JOE BLAND CONSTRUCTION
19506,MCKINNEY MEASUREMENT & CONTROL INC.
19507,SULFUR CREEK CYCLE LLC
19508,"MIG LLC,"
19509,"RECYCLE NOW, INC."
19510,DE LUCIO USA LLC
19511,TC CONSTRUCTION
19515,Dailmer AG.
19516,BRIESEN INDUSTRIES LLC
19517,Open Joint Stock Company “Orders of Lenin and October Revolution Yaroslavl Tire Plant” (also known as OJSC “Yaroslavl Tire Plant”)
19518,"ULTRA COACH, INC."
19519,"COMMERCIAL VAN SOLUTIONS, LLC"
19520,FLORIDA TRUCK AND TRAILER COMPANY
19521,TOYOTA MOTOR MANUFACTURING DE GUANAJUATO
19522,ENRICHED MOBILE ELECTRONICS INC.
19523,HENSLEY'S HYDRAULICS
19524,AMERICAN CARTS
19525,USA TRAILERS
19526,"JLH SALES AND SERVICE, LLC"
19527,"STAR LAKE FABRICATION, LLC"
19528,SMOKIN JOES ENTERPRISE LLC
19529,"JOST FABRICATING, LLC"
19530,"GRAFFITI SHIELD, INC."
19531,A.L.R.T. CORPORATION
19532,ELITE INDUSTRIES LLC
19533,SHOW STOPPER EXPRESS LLC
19534,ADVANCED TRAILER DESIGN LLC
19535,ON1DESIGN LLC
19536,CARDINAL TRAILER SALES
19537,WILBRI INC.
19538,SUNCOAST FABRICATION LLC
19539,WORK READY TRUCK LLC
19540,"SUNDANCE CUSTOM GOLF CARTS, INC."
19541,NEXT GEN CUSTOM
19542,DIGITAL DEFENSE SURVEILLANCE LLC
19543,"GO18(QINGDAO)AUTOMOBILE PARTS CO., LTD"
19544,"Danyang Lanxin Autolamps Co., Ltd."
19545,Armoric Design Inc.
19546,"CAMAX INTERNATIONAL CO., LTD."
19547,"SUNTEX RUBBER ENTERPRISE CO., LTD."
19548,"GUANGZHOU YEYAN TECHNOLOGY CO., LTD."
19549,"JAPAN TEMPERED & LAMINATED GLASS CO., LTD."
19550,"KALT LIFE KUSTOM KARTS, INC"
19551,"THE TOY BARN OF FLORIDA, LLC"
19552,OVO
19553,"LECO GLAS-, SPIEGEL- UND KUNSTSTOFF-TECHNIK GMBH"
19554,VACUUM X-TRACTION PRODUCTS INC.
19555,PEDDERS USA LLC (AS REPRESENTATIVE OF PEDDERS SHOCK ABSORBER SERVICE PTY LTD
19556,SAM'S TIRE AND AUTO
19557,WADE HOLDINGS DBA STATLER BODY WORKS
19558,"FANTOM TEARDROPS, LLC"
19559,"SHERPA OUTFITTERS, LLC"
19560,MASON DIESEL SERVICE INC.
19561,TJMC LLC DBA CJ'S SPECIALITY TRAILER MANUFACTURING
19562,C AND S CUSTOM CYCLES
19563,INDUSTRIAL POWER LLC
19564,S & S WELDING INC
19565,TRAILERS OF KNOXVILLE
19566,"PINE HILL MANUFACTURING, LLC"
19567,"F&S SUPPLY, INC"
19568,BLUE CHIP TECHNOLOGIES INC.
19569,CZV INC.
19570,GLADIATOR MANUFACTURING
19571,"ORIGINAL SERVICES, INC."
19572,"COBURN SUPPLY COMPANY, INC."
19573,CRANDALL TRAILERS MFG.
19574,CP TECH GMBH
19575,MID ATLANTIC EMERGENCY VEHICLES INC.
19576,ELITE AMERICAN FABRICATION L.L.C.
19577,RUFF KUTT KUSTOMZ LLC
19578,INDIANA WHEEL COMPANY LLC
19579,PACIFICA TINY HOMES
19580,VAROZZA 4X4 OUTFITTERS
19581,FEHR TRAILERS
19582,"ECO SENSE GLOBAL SERVICES, LLC"
19583,FOWLER WELDING AND REPAIR
19584,ZTECH INDUSTRIES
19585,LANDA MOBILE SYSTEMS LLC
19586,RICOCHET TRUCK ACCESSORIES
19587,"KALI PROTECTIVES, LLC"
19588,"MUSTARD SEED TINY HOMES, LLC"
19589,KIC MANUFACTURING LLC
19590,"TTI HYDRAULICS, INC."
19591,Industrias Del Neumatico S.A.U.
19592,BCL FABRICATION LLC
19593,CONSULIER AUTOMOTIVE
19594,MASTER TRUCK TRAILER
19595,JONES ABRASIVE WATERJET SERVICES LLC
19596,HAUL-ABOUT LLC
19597,"TROJAN HOSE & PUMP RENTAL, LLC"
19598,PARTS CARGO INC
19599,"CENTURY TRAILER SAN ANGELO, INC."
19600,PLAZIT-POLYGAL GROUP
19601,MK COACH COMPANY INC.
19602,OUTBOUND TRAILER LLC
19603,SPARK CYCLEWORKS LLC
19604,LMC-AG LLC
19605,TRAILERSMT.COM
19606,TEXAS AUTO INVESTORS LTD
19607,ROUND HOUSE INDUSTRIES LLC
19608,CITY OF GREENVILLE
19609,DISCOUNT GOLF CARTS & PARTS LLC
19610,ALLEGHENY EQUIPMENT AND LEASING LLC
19611,WENDORFF WELDING AND FABRICATION
19612,"ELITE FLEET SERVICES, LLC"
19613,"TSI TANK SERVICES, INC."
19614,KITTILSON'S GARAGE LLC
19615,HARPER PITWORKS LLC
19616,HOMETOWN TRAILERS LLC
19617,"NOOKNCRANNY, LLC"
19618,"FOSHAN YONGLITAI AXLE CO., LTD"
19619,"HUIZHOU ALWAYS SHINE COMMODITY CO., LTD."
19620,JIANGSU CHANGXIN VEHICLE EQUIPMENT CO. LTD
19621,JINHUA DAQIANG RUBBER PRODUCTS INSTITUTE
19622,KARSAN OTOMOTIV SANAYII VE TIC. A.S.
19623,KINETIC CUSTOM TRAILERS LTD.
19624,MAXTREK TYRE MANUFACTURING MALAYSIA SDN. BHD.
19625,MKA TRADING (HK) LIMITED
19626,"NINGBO SHULI TECHNOLOGY CO., LTD."
19627,"PRINX CHENGSHAN TIRE (THAILAND) CO., LTD."
19628,REIFEN HINGHAUS GMBH
19629,SEQUOR TRAILERS LTD
19630,"SHANDONG YOUSHENG TYRE CO., LTD"
19631,"Z.ONE EV CO., LTD."
19632,"FOSHAN NANHAI XINYUAN HELMETS CO., LTD."
19633,VIGO-SPORT INTERNATIONAL CO LTD
19634,"KIEKERT USA, INC."
19635,"REV RTC, INC."
19636,GLENNS WELDING AND TRAILER SUPPLY
19637,ARIZONA TUBES & HOSES
19638,"AERO BUILD, LLC"
19639,PALM BEACH TRAILERS
19640,GOLDEN CARGO UTILITY TRAILER SALES LLC
19641,AGRICOMM TRANSPORT LLC DBA FLOATRIDE TRAILERS
19642,ISHIELD LLC
19643,BOB’S TRUCK REPAIR AND CAR CARE CENTER LLC
19644,WIDOW MAKER MUD BOATS
19646,"B&E TRUCKS, LLC"
19647,COOK COUNTY WELDING AND MACHINE
19648,TWIN STAR EQUIPMENT & MFG. CO.
19649,TRAILERS WELDING & MORE
19650,"RTC TIRE SERVICE, LLC"
19651,"TRADE LEASING "
19652,"KRAFTSMAN, INC"
19653,"FED SAFETY SYSTEMS, LLC"
19654,"VORSHEER, LLC"
19655,"ONYX MOTORBIKES, INC."
19656,BLUE DOG RANCH LLC
19657,5M TRAILERS
19658,BEN VAN DAM
19659,SPRINTERENGINEERING LLC
19660,HIG - CO
19661,JOHNNIE TURNER
19662,KAREEM CORPORATION
19663,"CLINE HOSE & HYDRAULICS, LLC."
19664,RAIL WURX
19666,A RESTROOM TRAILER COMPANY LLC
19667,TOMAHAWK TRAILERS INC
19668,TEXTRON SYSTEMS CORPORATION
19669,MUSIC CITY LSV LLC
19670,"KOFFLER BOATS, INC."
19671,MULTI CHEM GROUP LLC
19672,NORDSPIRE INDUSTRIES LLC DBA SPACE TRAILERS
19673,GOLF-RIDES LLC
19674,PREMIER UPFITS
19675,"HYMER GROUP USA, LLC"
19676,COMMERCIAL VAN SPECIALISTS
19677,"NORTHEAST COMMUNICATIONS, INC."
19678,JUMPSTREET CUSTOM
19679,NUSTYLE MARKETING
19680,TRWH INC.
19681,"Rolling Smoke Manufacturing, LLC"
19682,SSBC USA
19683,BRANDYWINE VALLEY FABRICATORS
19684,"DANYANG TIANCHI VEHICLE INDUSTRY CO.,LTD"
19685,"FOSHAN NANHAI ANCHI ALUMINIUM WHEEL CO.,LTD."
19686,"HEDA(SHANDONG)RUBBER TECHNOLOGY  CO.,LTD."
19687,"KAMOLPISARN SAFETY GLASS, LTD."
19688,KUBERG S.R.O
19689,MISSION OVERLAND TRAILERS CORPORATION
19690,"SHANDONG SHENGHAI RUBBER CO., LTD."
19691,"TOYO RETREAD CO., LTD."
19692,"ZHEJIANG TIANZHOU WHEEL CO.,LTD"
19693,HORACIO CARRANZA FLORES
19694,"DONGGUAN PAIDAO INDUSTRIAL CO., LTD"
19695,"IRIZAR, S.COOP."
19696,"SUNDANCE INDUSTRIES CO., LTD"
19697,VELVAC DE REYNOSA S. DE R.L. DE C.V
19698,"WENZHOU FAR EUROPE AUTOMOBILE SAFETY SYSTEM CO., LTD."
19699,"YOMAHUB (XUYI) CO.,LTD."
19700,"BRANCH OF LONG HUEI (VIETNAM) CO., LTD"
19701,"DOUGLAS TRAILERS, INC."
19702,A TO Z METAL WORKS
19703,"E-N-G MOBILE SYSTEMS, LLC"
19704,ERIK J HAIMAN DBA KUSTOM TRAILERS & FABRICATION
19705,GOLF CART CONNECTION LLC
19706,"H BULL SMART TRAILERS, LLC"
19707,IMG Solutions LLC
19708,SEA ELECTRIC LLC
19709,"SANDBOX SPACES, LLC"
19710,ROYELLE INC.
19711,KINICH SOLAR INDUSTRIES LLC
19712,METER CHECK MEASUREMENT SERVICES LLC
19713,"MAGNOLIA 3.6.9 DESIGNS, LLC"
19714,GLASS TINT ETC
19715,"DEALERS TRUCK EQUIPMENT CO., LLC"
19716,"DEALERS TRUCK EQUIPMENT CO., LLC"
19717,"HIKER INDUSTRIES, LLC"
19718,"HARNESS ROOFING, INC."
19719,UNITED CONCRETE
19720,"JOE MARSHALL CUSTOMS, LLC."
19721,BIG D'S TRAILER COMPANY
19722,ARTEC INDUSTRIES LLC.
19723,"RKS OFF-ROAD, LLC"
19724,RIVERWALK TRAILERS
19725,TANIS RESEARCH AND DESIGN LLC
19726,"WORLD COMMUNICATION TOWERS, LLC"
19727,"GO FABRICATION, LLC"
19728,VICTORY FORD
19729,B AND M TRAILERS LLC
19730,RICHARD STANLEY SHACKLEFORD
19731,"R MART TRAILERS, LLC"
19732,"BLUEXBALL, LLC DBA PUSH-N-PULL, INC."
19733,RAPTOR PRODUCTS INC.
19734,"DOOLITTLE TRAILER MFG., INC."
19735,NIMBUS AV INC.
19736,"INTERNATIONAL HOUSING CONCEPTS, INC."
19737,GLOBAL ENVIRONMENTAL PRODUCTS INC
19738,360 INTERNATIONAL GROUP LTD
19739,"DA WO AUTOMOBILE PARTS (JIANGSU) CO., LTD."
19740,"DONGGUAN TAMOK ELECTRONIC TECHNOLOGY CO., LTD"
19741,"HUBEI OUBO AUTO PARTS CO., LTD"
19742,TIREVOLUTION ENTERPRISE LIMITED
19743,"ANHUI GUANGTONG AUTOMOBILE MANUFACTURING SHARE CO, LTD"
19744,"SPARTAN FIRE, LLC"
19745,"RAY-MAN, INC."
19746,"US FIRE PUMP COMPANY, LLC"
19747,THE MARSHALL GROUP LLC
19748,DAVE SANTORO
19749,NEW TREND CUSTOM TRAILER INC
19750,HUMMINGBIRDEV INC.
19751,GREEN LINE EQUIPMENT LLC
19752,BERKSHIRE COACH
19753,"ICE MANUFACTURING, INC."
19754,AMERICAN VINTAGE MOTORCYCLE LLC
19755,MIA MANUFACTURING INC
19756,CS&P TECHNOLOGIES LP
19757,RECONNECT LLC
19758,JB SALES & LEASING LLC
19759,THE TRUX SUPER STORE
19760,CDPW INC.
19761,KJ LEISURE TRAILERS LLC
19762,"GENERAL TRUCK CENTER, INC"
19763,LION TRAILERS
19764,DRE CUSTOM TRAILERS LLC
19765,"MOUNTAINEER UPFIT SOLUTIONS INC "
19766,HAGOTH INDUSTRIES LLC.
19767,SOUTH TEXAS OUTFITTERS MANAGEMENT CORPORATION
19768,COMPLETE TRUCK BODY REPAIR INC
19769,ACKER-BUILT
19770,WOODIES HUNGRY BEAR MARKET AND RESORT DBA WOODIES TOWING AND TRANSPORT
19771,CHAOS METAL WORX
19772,INDUSTRIAL SERVICE COMPONENTS
19773,"QUICK FOX,LLC. DBA OPEN UMBRELLA, SUPREME SUSPENSIONS"
19774,ADVANCED ENGINEERED SALES LLC
19775,MITCHCRAFT INC
19776,REEVES WELDING
19777,KROME 728 AQUISITION
19778,RICKS TRUCK AND TRAILER REPAIR
19779,PILOT VIEW GOLF CARTS
19780,"TIER 1 FABRICATION, LLC"
19781,"ZHANGJIAGANG CHANGJIANGJUNYE INTERNATIONAL CO., LTD"
19782,BI MANUFACTURING
19783,TRAIL DUST TRAILERS
19784,LOU DECUZZI
19785,STE SERVICES LLC
19786,CHUCK'S WELDING AND REPAIR
19787,HD TRAILER SOLUTIONS LLC
19788,WEST TEXAS TRAILER REELZ AND MORE
19789,SAFE TRIP TRAILERS
19790,CLEARBLAST LLC
19791,MUSEE TRAILERS
19792,NCB DIESEL
19793,SIMPO'S SOLUTIONS LLC
19794,L & R RACING INC
19795,"AUTOMATED WELLHEAD COMPRESSION, LLC"
19796,TOR FAB
19797,ELGI COMPRESSORS USA
19798,"CNY EMERGENCY VEHICLES, INC"
19799,SORIANO MOTORI CORP
19800,GURP
19801,"SYMMETRY TRAILERS, LLC"
19802,SAFE ROOM DESIGNS
19803,VORP ENERGY LLC
19804,R AND H AUTOBODY PAINT AND REPAIR
19805,J.F. EDWARDS CONSTRUCTION COMPANY
19806,HOLLIN HAULERS LLC
19807,FINISHLINE MOTORSPORTS
19808,"BISON TRAILERS, LLC"
19809,RHINO TRAILERS LLC
19810,"BUCKSTOP TRUCKWARE, INC"
19811,DESIRABLE AUTOS & CLASSICS
19812,"HAAH MANUFACTURING, LLC"
19813,OSCO Products LLC
19814,"PHOENIX USA RV, INC."
19815,MUSARRO TRANSPORT
19816,STOUT CONVEYORS LLC
19817,UNITED IRON WORKS
19818,BONTRAGER OUTDOORS
19819,RAC ENTERPRISES
19820,NEW EDGE TECHNOLOGY SOLUTIONS
19821,MR STEEL ACQUISITION CORP
19822,APM MANUFACTURING
19823,GLOBAL FABRICATION AND MARINE LLC
19824,ROYAL BRASS INC.
19825,ECHO DESIGN CONSTRUCTION AND LOGISTICS LLC
19826,ALL ROAD MANUFACTURING
19827,MP TRAILER MFG LLP
19828,BE CHANGE LLC
19829,MAC'S FRONTIERLAND INC
19830,KOEHN AND SONS
19831,MOTION & FLOW CONTROL PRODUCTS
19832,"PANTHER FLEET SERVICES, LLC"
19833,JRS TRAILERS LLC
19834,HOLMAN CRAFTSMEN INC.
19835,"TEX FAB MFG, LLC"
19836,"VERMIL, INC."
19837,SQUARE GROUPER MANUFACTURING
19838,COMPASS MOBILE SECURITY INC.
19839,"LUSK CO., LLC"
19840,AAA CLUB ALLIANCE
19841,RATTLECAN CHOPSHOP
19842,WORKFORCE SERVICES INC - SPOKANE
19843,"POWER DYNAMICS INNOVATIONS, LLC"
19844,"HUCK CYCLES, CORP"
19845,"RUGER TRAILERS, LLC"
19846,EMBASSY SPECIALTY VEHICLES LLC
19847,"STRAIGHT-EIGHT, LLC"
19848,KAISER PREMIER LLC
19849,"CAMPFIRE HOMES, LLC"
19850,GREEN HORIZONS
19851,MACHINE DRIVEN SERVICES
19852,"ROADRUNNER TRAILERS, LLC FORMERLY BI-STATE MANUFACTURING, LLC"
19853,EARTH TRAVELER TEARDROP TRAILERS LLC
19854,SMOKY MOUNTAIN JET BOAT BUILDING LLC
19855,"YELLOW JACKET DRILLING SERVICES, LLC"
19856,CONLEY SALES LLC
19857,"ARKANSAS TRAILER MFG. CO., INC."
19858,"METRO WEST AMBULANCE SERVICE, INC."
19859,HUDSON TRAILER COMPANY
19860,"MP CUSTOM TRAILERS, LLC"
19861,KRONINGS APS
19862,LEONARD MOTOR WORKS
19863,RECONVIEW LLC
19864,TRAILER TECH MIAMI INC
19865,SASSTASS AND THE POUR HORSE MOBILE BAR CO LLC
19866,PINTAIL RV INC
19867,WARFIELD FABRICATION LLC
19868,L BROTHERS TRAILERS LLC
19869,SHOW ME FABRICATION INCORPERATED
19870,"ART'S WAY MANUFACTURING COMPANY, INC."
19871,EVLABS LLC
19872,CAVALIER HOMES
19873,CALIFORNIA TYRE EMPIRE INC
19874,"NANNA AND POPPA, LLC DBA THE RIDESHARE SAFETY PARTITION COMPANY"
19875,"70 EAST CUSTOM CARTS, LLC"
19876,KARRY USA
19877,NICKS KNACKS
19878,GENCO MINE SERVICE
19879,HTRAILERS AND SERVICES
19880,AJAX TOCCO MAGNETHERMIC CORPORATION
19881,OPEN ROAD OUTFITTERS INC.
19882,CARL MAROTZKE INC.
19883,SEEKCO INTERNATIONAL LLC
19884,GRAY'S TRAILER SALES AND SERVICE LLC
19885,"ULTRA STROBE COMMUNICATIONS, INC."
19886,KEN GARFF FLEET CENTER
19887,AMERICAN VACUUM TRAILER CORP
19888,PRECISION FAB
19890,VOSS AUTOMOTIVE POLSKA SP. Z.O.O. (LTD.)
19891,VOSS AUTOMOTIVE GMBH
19892,MASSIMO MARINE
19893,"KELLERMAN BY K2, LLC"
19894,"ICE GLEN HOLDINGS, INC."
19895,QUALITY TELECOM CONSULTANTS INC.
19896,"TRIPLE GGG TRAILER ENTERPRISES, LLC"
19897,TOP TIER TRAILERS
19898,BUSH LAPA OFFROAD CARAVANS (PTY) LTD.
19899,E-BILITY GMBH
19900,GRAKON VEHICLE COMPONENTS (DONGGUAN) CO. LTD
19901,STERLING CUSTOM COACH BUILDERS
19902,"JIANGSU LVNENG ELECTRICAL BICYCLE TECHNOLOGY CO., LTD."
19903,"JIANGSU NIU ELECTRIC TECHNOLOGY CO., LTD."
19904,"QINGDAO HUAXUHAOCHENG INDUSTRY AND TRADE CO., LTD."
19905,"SHANDONG LEIHU TIRE MANUFACTURING  CO., LTD"
19906,POWELL SAFETY SOLUTIONS LLC.
19907,BERNIER MOTORS COMPANY
19908,D AND K ENGINEERING INC
19909,"GRECH RV, INC."
19910,"GOLF CARTS AND PARTS, INC."
19911,J & C SUPPLIERS
19912,ZACO TRAILERS LLC
19913,BACKWATER-CUSTOMS
19914,BCI TRAILERS SA DE CV
19915,INTERMEX KITCHEN SOLUTIONS
19916,SUNSET MANUFACTURING CO OF SAINT JOSEPH
19917,NEWSMITH TRAILERS
19918,WATERWAY PROPERTY SOLUTIONS LLC
19919,BULLDOG TRAILERS INC
19920,KANSAS CITY TRAILER PROZ LLC
19921,PULL DO TRAILERS LLC
19922,KANTERRA TRAILER CO.
19923,"NOLAN MANUFACTURING, LLC"
19924,"J.W. WILLIAMS, INC."
19925,SQU SERVICES
19926,DRIFTWOOD BOATS LLC
19927,TREMCAR INC.
19928,TMN REMOLQUES
19929,DONGGUAN BABY LIGHTING COMPANY LIMITED
19930,"XIAMEN HENGRUIYUAN INDUSTRY AND TRADE CO., LTD"
19931,"ZHONGSHAN JUCAR AUTO ACCESSORIES CO.,LTD."
19932,PROMISE LAND MANUFACTURING LLC
19933,"NATIONCRAFT, LLC"
19934,DISTRICT TRAILERS LLC
19935,ARROYO BUILDERS LLC
19936,SAND WAVE LLC
19937,GREMAX INDUSTRIAL PTE LTD
19938,"INNER MONGOLIA HUATANG ALUMINUM INDUSTRY CO., LTD"
19939,TR-TEC (PTY) LTD.
19940,"UBCO BIKES US, LLC"
19941,NIKOLA CORPORATION
19942,BROWN & HUBERT CONTRACTING LLC
19943,ROCKFORD HYDRAULIC SALES LLC DBA PIRTEK - ROCKFORD
19944,SOLALSA S. DE R.L. DE C.V.
19945,"VIETNAM KWANG YANG MOTOR CO., LTD."
19946,"VOSSEN MANUFACTURE (THAILAND) CO.,LTD"
19947,KOC INDUSTRY CORP
19948,KINUGAWA RUBBER LTD.
19949,SERVICE TIRE TRUCK CENTERS
19950,SUMMIT TRUCK GROUP
19951,FAT BOY TRAILERS
19952,EAGLE TRUCK BODY AND EQUIPMENT CO.
19953,QC CART CRAFT LLC
19954,INDEPENDENT MOTORCYCLES LLC
19955,OWNBILLBOARDS
19956,TEXAS STRONG TRAILERS BY JCA
19957,BEARDS TRAILER SALES
19958,"CARAPACE CAMPERS, LLC"
19959,LINK HYDRAULIC LLC
19960,BLACK RHINO MANUFACTURING INC.
19961,LUBE N TUNE
19962,MATERIAL HANDLING OF GA INC
19963,LIFETIME TRAILER CORPORATION
19964,TERRY'S SOUTHERN AUTOMOTIVE L.L.C.
19965,POWER LINE CARGO LLC
19966,SILVER BULLET MANUFACTURING INC
19967,"P AND G IMPORTS, LLC"
19968,"THE SOMERVILLE ELECTRIC VEHICLE COMPANY, INC."
19969,OVERSTREET'S WELDING AND FABRICATION
19970,"CPR AQUATIC, INC."
19971,"INDUSTRIAL GLASS PRODUCTS, INC."
19972,SCOOPER COMPANY LLC
19973,KEY MOBILITY SERVICES
19974,RLC INC. DBA CREECH LADDERS AND RACKS
19975,PRECISION AERIAL SERVICES INC
19976,THE PROS FOOD TRAILERS
19977,SUNNYSIDE ENTERPRISES LLC
19978,RZ Metal Worx LLC
19980,"REGION WELDING OF MISSOURI, INC."
19981,PN MOTORS LLC
19982,DROVER RV LLC
19983,"RANEWS OUTDOOR EQUIPMENT, INC."
19984,MCMULLEN MANUFACTURING
19985,J & M TRAILERS LLC
19986,S&S MANUFACTURING
19987,TORK TRAILERS LLC
19988,TOTAL TIRES INC.
19989,TECHNICAL CHEMICAL COMPANY
19990,NEW BRAUNFELS TRAILER COMPANY
19991,SWAMP DADDY AIRBOATS AND FABRICATION LLC.
19992,DOUBLE DEUCE INC. DBA DEVIOUS CUSTOMS
19993,DOLPHIN HYDRAULICS DBA PIRTEK NOCO
19994,AMERICAN NOMAD MANUFACTURING
19995,MAGNOLIA EQUIPMENT
19996,LUXE CC LLC
19997,"INDESTRUCTIBLE DESIGN, INC"
19998,"MT. BACHELOR CARTS AND PARTS, LLC"
19999,"SPORT TRAILERS, LLC"
20000,"HUGHES FIRE EQUIPMENT, INC."
20001,CMP ATTACHMENTS
20002,"DC MACK, INC. DBA PIRTEK - POWER INN"
20003,PERFORMANCE MACHINE
20004,FRONTIER AMBULANCE SOLUTIONS LLC
20005,CAMPWORKS CO LLC
20006,"GRM DISTRIBUTING, LLC"
20007,"BRILLIANT CREATIVE CAMPERS, LLC"
20008,"PATRIOT CARGO TRAILERS, LLC"
20009,J D WELDING & SANDBLASTING LLC
20010,ALLOY WELDING AND FABRICATING INC.
20011,"WHODAT TOWERS, LLC"
20012,"BAZZELL'S TRUCK AND CAMPER, INC"
20013,RETREADERS TIRE&SERVICE
20014,HORTON CARGO HAULERS
20015,JEMI AUTOMOTIVE DBA JB IMPORT AUTOMOTIVE REPAIR
20016,"ASW, LLC"
20017,ECLIPSE FLEET SERVICE LLC
20018,"ALUMINUM TRAILER GROUP, LLC"
20019,"ROYALTY FABRICATION, LLC."
20020,AUSRV INC.
20021,MCMANUS CONSTRUCTION INC
20022,ULTIMATE LEATHER APPAREL INC.
20023,AEROTECH COATINGS LLC
20024,"APPLEQUIST MANUFACTURING, INC."
20025,"LACOSTA TRAILERS, LLC"
20026,STAR AGRI-PRODUCTS
20027,DARK STAR ENGINEERING
20028,ROGUE GEAR WORKS FABRICATION LLC
20029,DANNY'S CUSTOMIZED VANS & TRUCKS
20030,OZICONCEPT
20031,SPECIALTY FLEET SERVICES
20032,ELYX SMART TECHNOLOGY HOLDINGS (HONGKONG) LIMITED
20033,HYDRODIG LTD
20034,INTERNATIONAL EPIZEN S.A. DE C.V.
20035,SPANN ENTERPRISES LLC
20036,K-TEC GESELLSCHAFT MIT BESCHRÄNKTER HAFTUNG
20037,"BREMACH, INC."
20038,OVERKILL CAMPERS LLC
20039,"GOWEN ENTERPRISES, INC. DBA BIG JOHN TRAILERS"
20040,"PALMER MFG. & TANK, INC."
20041,"ABSOLUTE CARVINGS, LLC"
20042,"LONE STAR BODY SYSTEMS, LLC"
20043,NINJAVAN LLC
20044,PIRTEK - FOSTER
20045,MCU MANUFACTURING LLC
20046,NEWARK FOOD TRUCKS MANUFACTURE
20047,G3 FABRICATION LLC
20048,BLAZIER OFF-ROAD LLC DBA YOTOMAFIA
20049,HORST WELDING & FABRICATING LLC
20050,"DOREL JUVENILE GROUP, INC."
20051,KRAFTYSOLUTIONS LLC
20052,WYOMING DEPARTMENT OF TRANSPORTATION
20053,MAUSLEIN WELDING
20054,BEARCOM
20055,TUBING & METRIC HYDRAULICS INC. DBA TM HYDRAULICS INC.
20056,DYNAMIC CARTS CORPORATION
20057,CONTAINER MOVING SOLUTIONS LLC.
20058,JOHNSTON BUILDING SERVICES INC.
20059,ROUGHCUT TINYHOMES
20060,FINELINE FABRICATIONS PTY LTD
20061,OMNIGLASS S.A.
20062,PT. CHEMCO HARAPAN NUSANTARA
20063,PYRAMIDS FOR TIRES MANUFACTURE S.A.E.
20064,REMOLSA REMOLQUES SALDUA
20065,REMORQUES APOGEE INC.
20066,SLOANEBUILT TRAILERS PTY LTD
20067,"TAIZHOU HUANGYAN GUANGHUAN INDUSTRY & TRADE CO.,LTD"
20068,ZECK GMBH
20069,VIMINAS VIDROS ESPECIAIS LTDA
20070,WILDERWISE BH D.O.O. TUZLA
20071,TORTOISE SHELL HOME
20072,TYCON SYSTEMS INC.
20073,READYFAB LLC
20074,"CUSTOM METAL WORKS, LLC"
20075,TRAILER REPAIRS OF NW FLORIDA LLC
20076,NOMAD OFF ROAD
20077,"TRAILER SPECIALISTS OF KNOXVILLE, LLC"
20078,TRAVOIS
20079,"GREAT WEST TRAILER AND TRUCK, INC."
20080,TYEE BOATS & FABRICATION
20081,JBA TEX TRAILERS LLC
20082,"BULLDOG MANUFACTURING, LLC."
20083,"WELL MADE MANUFACTURING, LLC"
20084,"MEDIC BUILT, LLC"
20085,LONG BOARD TRAILERS LLC
20086,YEARTHSELF LLC
20087,NULL'S SALES AND SERVICE LLC
20088,AFA CORPORATION
20089,FABRINEERING LLC
20090,PAYLOAD ENTERPRISES
20091,RETRO RIDE LLC
20092,"MAVRON, INC."
20093,"DC TRAILER, INC"
20094,FLUX HORIZON MANUFACTURING LLC
20095,DYME PERFORMANCE SYSTEMS INC.
20096,"MASTER'S SPECIALTY VEHICLES, LLC"
20097,"POLYMERSHAPES, LLC"
20098,"BUCKSHOT MFG, LLC"
20099,DYNAMIC CUSTOMS & TRUCK EQUIPMENT
20100,UNITED RADIO
20101,BOSTICK TRUCK CENTER LLC.
20102,A1 FOOD TRUCK DEPOT LLC
20103,WATSON AND SON AUTOMOTIVES
20104,V.E.M. LLC
20105,D MASTER TRAILER REPAIR LLC
20106,"CUSTOM TRUCK BODY & EQUIPMENT, INC."
20107,CYNERGY CARGO2 LLC
20108,TRAILERS4TWO LLC
20109,ALL SEASON VANS LLC
20110,SOUTHTRAIL FABRICATIONS LLC
20111,TRI-ANGLE FABRICATION AND BODY CO INC.
20112,"YLC SOURCE, LLC"
20113,GENERAL WATER SYSTEMS INC. DBA JT FABRICATION
20114,7 SONS MANUFACTURING INC.
20115,W STAR USA INC.
20116,TRUCK FELLAS LLC
20117,MAXIMUM CARGO TRAILERS LLC
20118,AK MOTORCARS
20119,HYK OUTDOORS LLC
20120,"SYSTEMS FOR PUBLIC SAFETY, INC."
20121,JCO CORPORATION
20122,JONESBORO CYCLE & ATV LLC
20123,WESTERN TRUCK FAB
20124,XTREME TRAILERS LLC
20125,RESOLUTE INDUSTRIAL
20126,THUNDER BLADE MFG LLC.
20127,CLS SEWER EQUIPMENT CO. INC
20128,TIERNAN AERATION INC.
20129,JUST TRAILERS LLC
20130,"BRADY MFG, LLC"
20131,SMITH MADE INC
20132,SECURITY2GO
20133,INDIGO GALVANIZED TRAILERS
20134,THE BOXENSTOPP
20135,"SABRE MANUFACTURING, LLC"
20136,VICTORY LANE CUSTOMS
20137,PAUL'S FAN COMPANY
20138,"DEFENDER SUPPLY, LLC"
20139,"RIVER VILLAS, LLC"
20140,ALUMI TECH PRODUCTS INC
20141,ROVER CUSTOMS
20142,ALLEN'S PUMP AND RENTALS
20143,GATORBACK TRAILER SALES & SERVICE LLC.
20144,LIST TRANSPORTATION
20145,"HAULING HOOVES, LLC"
20146,RED MOUNTAIN INDUSTRIAL
20147,CRISTIAN MERCADO  MERCADO CUSTOM TRAILERS
20148,BLACK VENOM PRODUCTS
20149,"IRONSTRONG METAL FABRICATION, INC."
20150,"MASTER PERFORMANCE HOSE AUTOMOTIVE, LLC"
20151,BANDIT FABRICATION
20152,TRANSPORT TRAILERS LLC
20153,"POP-TOP TINY HOMES, LLC"
20154,"GROUND ZERO SHELTERS, CO."
20155,VISTO'S TRAILER SALES
20156,EURO TRAILERS
20157,EROSION CONTROL PRODUCTS CORPORATION
20158,STAMPEDE OUTDOORS
20159,SPARTAN FABRICATION INC.
20160,LAUDERDALE LIQUIDATORS
20161,"FORM/TEC PLASTICS, INC. (DBA:  SHIELDS WINDSHIELDS)"
20162,"MARX TRUCK TRAILER SALES, INC"
20163,DART TRANSPORTATION LLC
20164,GENESIS TRAILER
20165,AEON INDUSTRIES LLC
20166,KOVATCH INC.
20167,G AND G FABRICATION
20168,HERRERA FABRICATING INC.
20169,WITMER MFG. LLC
20170,"MOBILE LIFTS, LLC"
20171,RELIANCE REPAIR LLC
20172,"WECAN FABRICATORS, LLC"
20173,MICROZ INC.
20174,CUNNINGHAM AUTOMOTIVE INC.
20175,TEXAS PUSH OFF
20176,"1200 FEET LIMITED, DBA KRIN USA"
20177,"ASIA WHEEL CO., LTD"
20178,TEXAS BEST TRAILERS INC.
20179,ZONE RV PTY LTD
20180,VINFAST TRADING AND PRODUCTION JOINT STOCK COMPANY
20181,TRIMWORKZ
20182,RCP INVESTMENTS LLC
20183,"GUANGZHOU FUXIN AUTO PARTS CO., LTD"
20184,ALWAYS READY CART CARE LLC
20185,TTS STUDIOS
20186,"G & G UTILITY TRAILERS, LLC"
20187,MISSILE EV
20188,DARYL THOMPSON DBA ROCKY MOUNTAIN CHALET
20189,FOREST REBEL DESIGN LLC DBA FORT CAMPERS
20190,BARSTOW KUSTOM MOTORCYCLES CORP.
20191,BULLDOG BILT LLC
20192,"DAPCO, INC."
20193,"LINCOLN CENTER MANUFACTURING, LLC"
20194,HOMETOWN AUTO DBA CHAMPION NAPA
20195,KALINOWSKI TRANSPORTATION LLC
20196,TEACO TECHNOLOGIES INC.
20197,CONNEXA ENERGY LLC
20198,FRACTAL
20199,"REMARKABLE FOODS, INC."
20200,HAWAIIAN SCOOTERS
20201,"DAVE AND MATT VANS, LLC"
20202,JNG MANUFACTURING
20203,TRAILER MASTERS LLC
20204,"TRUCK & TRAILER EQUIPMENT CO, INC."
20205,CLIFTON CHEVROLET INC.
20206,MOUNTAIN TRAILER SPORTS
20207,CHAVEZ WELDING & MACHINE
20208,ROYAL ELECTRIC VEHICLE
20209,JACKSON CANVAS CO.
20210,KINGTEC GROUP COMPANY LIMITED
20211,"KEMCO MANUFACTURING, LLC"
20212,BRB SPECIALTY TRAILERS AND EQUIPMENT LLC.
20213,"SC AUTOSPORTS, LLC"
20214,K&F INDUSTRIES
20215,TEXAS IMAGINEERS LLC
20216,"HANKOOK TIRE MANUFACTURING TENNESSEE, LP"
20217,CAREY AUTO INC
20218,KAAB MFG LLC
20219,CIFA NORTH AMERICA INCORPORATED
20220,THUNDERBOLT INDUSTRIES LLC
20221,NATIONAL CUSTOM TRAILER
20222,Z POWERBOATS LLC
20223,BOTTOMLINE AUTO SOLUTIONS
20224,"ROUSH INDUSTRIES, INC."
20225,"ROUSH CLEANTECH, LLC."
20226,YPYLOGISTICS INC.
20227,"TRUCK 'N TRAILERS USA, INC."
20228,TRIPLE L GROUP LLC
20229,WORTH TRAILER PARTS
20230,MIA-305 CUSTOM WORKS LLC
20231,AMERICAN TANK
20232,DANVILLE RUBBER GROUP INC
20233,FOOD TRUCKS USA
20234,POLESTAR TRAILERS INC
20235,"DYNAMIC MANUFACTURING SOLUTIONS, S. DE R.L. DE C.V."
20236,E.B.O. VAN WEEL B.V.
20237,FRANZ PENNER OLFERT DBA INDUSTRIAS METALICAS PENNER'S
20238,ICON AIRCRAFT INC.
20239,SOLIVER NV
20241,"BACK PORCH HOMES, LLC"
20242,RENEGADE TRAILERS LLC
20243,HILLTOP STRUCTURES LLC
20244,"TRIPLE R TRAILERS, LLC"
20245,ONE WAY AUTO
20246,MILLER EMS LLC
20247,SONDORS ELECTRIC CAR COMPANY
20249,"FOREST RIVER VAN - A DIVISION OF FOREST RIVER, INC."
20250,LORDSTOWN EV CORPORATION
20251,"ALL CUSTOM FABRICATIONS, INC"
20252,"TASK MANUFACTURING, LLC"
20253,BREAKPOINT OFFROAD INC.
20254,CEDAR RIDGE CAMPERS LLC
20255,TETON TRAILER MANUFACTURING
20256,"WESTERN SHOTCRETE EQUIPMENT, INC."
20257,"WEGO CAMP TRAILERS, LLC."
20258,SOUTH RIVER CARGO LLC
20259,LION TRAILERS LLC
20260,INDOFIX INTERNATIONAL PRIVATE LIMITED
20261,TOUCH OF REDLAND
20262,"ADVANCE TYRE (VIETNAM) CO., LTD."
20263,"CONESTOGA WAGON COMPANY, LLC"
20264,"PATTS FABRICATION, INC."
20265,NEW GENERATION TRAILERS LLC
20266,GREEN MOUNTAIN TRAILERS LLC
20267,PETE'S GOLF CARTS
20268,"REC-TECH OUTDOORS, LLC"
20269,GENUINE PARTS OF CHEYENNE
20270,BIGBLISS TINYHOMES LLC
20271,TILBURY AUTO PARTS GROUP
20272,S & S AG AND AUTO PARTS
20273,COLSON AUTO PARTS
20274,"PRECISION TRUCK SOLUTIONS, INC."
20275,HYDRA-AIR PACIFIC
20276,"WUXI JUNGUANG LIGHTING AND ELECTRIC CO., LTD"
20277,"QINGDAO ZHENGYA RUBBER INDUSTRIAL CO.,LTD."
20278,TKS INDUSTRIES LTD.
20279,"PROMETEON TYRE EGYPT CO. S.A.E. "
20280,"LHM TANK, INC."
20281,STAR TRAILER MANUFACTURING INC.
20282,SE INCORPORATED
20284,REXROVER LLC
20285,TRAILMAX TRAILER SALES LLC
20286,"KIRSH HELMETS, INC."
20287,THOR-BUILT BOATS INC
20288,"AMERICA EV, INC."
20289,POLYPLASTIC BESLOTEN VERNOOTSCHAP
20290,RGS
20291,SIMPSON PERFORMANCE PRODUCTS
20292,COOPER COMPANY INC.
20293,HYDRAULIC HOSE OF VIRGINIA BEACH LLC.
20294,ULTIMATE GOLF CARTS AND LSV LLC
20295,"ALPINE VANS, LLC"
20296,"HIGH COUNTRY TRAILER MANUFACTURING, LLC"
20297,DELAND GENCO ACQUISITION COMPANY INC.
20298,NORTHLAND INDUSTRIAL SPECIALTIES
20299,"EXOALLOY,LLC"
20300,REVISION MOTO LLC
20301,TNT TRAILERS
20302,STREET LEGAL GOLF CARTS
20303,EXCEL GROUP LLC
20304,"TRU-TRAILERS MFG., INC."
20305,VANSION LLC
20306,KACTUS KID TRAILERS
20307,"LEETE TIRE & AUTO CENTER, INC."
20308,DA UNDERGROUND
20309,LIL SMOKEY MOTORCYCLES
20310,"EV TRANSPORTATION SERVICES, INC."
20311,"SOLARIS OILFIELD SITE SERVICES OPERATING, LLC"
20312,"MIKE MCCOOL ENTERPRISES, LLC"
20313,"WARTECH ENGINEERING, LLC"
20314,THE TRAILER SHOP & OFFROAD
20315,A&D GOLF CARTS
20316,TWAIN TRAILERS LLC
20317,FS DESIGNS USA LLC
20318,"LARSON INDUSTRIES, INC"
20319,"DAKOTA BODIES, LLC"
20320,INTEGRITY CAR CARE
20321,TALL BOY TRUCK EQUIPMENT
20322,KL MANUFACTURING LLC
20324,TOEDROP MANUFACTURING LLC
20325,THAM CORPORATION
20326,SOUTHERN AUTOMOTIVE SPECIALTY SHOPS
20327,QUALITY TRUCK CARE CENTER
20328,HON-TECH FABRICATION
20329,"PAJCO TECHNOLOGIES, LLC"
20330,FRUITLAND PARK TRAILERS
20331,"TORO MASTER TRAILERS, LLC"
20332,"BCG, INC."
20333,"TALIAH GROUP, LLC"
20334,COFFEE CREEK MFG LLC
20335,AUTOCYCLE CORP LLC
20336,JANSTEEL USA INC.
20337,TEEMS FABRICATION INCORPORATED
20338,CONCRETE CONSTRUCTION SERVICES OF ARIZONA
20339,FYNN TRAILERS LLC
20340,"ANJI WANQIAO AUTOMOBILE PARTS CO., LTD."
20341,BRAAAP MOTORCYCLE PTY LTD
20342,"CHANGZHOU HUIKAI AUTOMOBILE SYSTEMS CO., LTD."
20343,CHEATA CHASSIS
20344,LUBRICATION EQUIPMENT & SUPPLY CO.
20345,"CIRCLE C TRACTOR, LLC"
20346,"PARTS IS PARTS, INC."
20347,COFFMAN CORVETTE
20348,"LH BUILT, LLC"
20349,CLASSIC BUSINESS GROUP LLC
20350,HEXAGON PURUS SYSTEMS USA LLC
20351,"CHONGQING YONGSHENG DIE-CASTING CO.,LTD."
20352,ELITE HAIL INTERNATIONAL LLC DBA AMERAGUARD ELITE
20353,"I-35 TRAILERS, LLC"
20354,CYNERGI 3 WEST LLC
20355,RED WING GEAR LLC
20356,"MORE RESOURCEFUL, LLC."
20357,PRECISION FABRICATING
20358,TRAXX TRAILERS PARTS & SERVICE
20359,"FENGCHENG JUNFENG SAFETY GLASS CO., LTD."
20360,FARM SOURCE INC.
20361,"JINYU(VIET NAM) TIRE CO.,LTD"
20362,"POHAKU CLASSIC, LLC"
20363,KSM INC.
20364,EVOLVE SOLAR TEARDROPS LTD.
20365,PHILLIPS INDUSTRIES DE MEXICO
20366,TGC MANUFACTURING SA DE CV
20367,"WUXI HOPE MICROELECTRONICS CO., LTD."
20368,"YONGKANG LIQIAN INDUSTRY AND TRADE CO., LIMITED"
20369,"ZHEJIANG BENYANG AUTO PARTS CO., LTD"
20370,"ZHEJIANG SHENGBIDE AUTO PARTS TECHNOLOGY CO., LTD"
20371,ZHEJIANG WEDO AUTO-PARTS CO. LTD
20372,"NORTEX HYDRAULICS, LLC"
20373,CENTER CREEK TEARDROPS LLC
20374,"BOONDOCK, INC."
20375,NOLA TRAILERS LLC
20376,"JIANGSU DALONG JIANHAO NEW ENERGY INDUSTRY CO.,LTD"
20377,IRON LITE TRAILERS
20378,"HH TRAILERS, INC"
20379,NAVAN VANS LLC
20380,BOSSELMAN TANK & TRAILER INC.
20381,DEAN TEAM BRENTWOOD INC.
20382,SCRUFFY’S AUTO REPAIR AND MORE LLC
20383,CENTRAL COAST TINY HOMES
20384,LAND ENERGY INC.
20385,"A&D TRAILER SALES, LLC"
20386,"ELECTRIC LAST MILE SOLUTIONS, INC."
20387,SYNER-G METAL WORKS
20389,MECHANICAL DESIGN INC.
20390,OZICONCEPT USA CORP.
20391,EL DAVID TOWING LLC
20392,"BEP PETROLEUM & TANK, LLC"
20393,BISON FABRICATION LLC
20394,P. SHERMANN LLC
20395,KULANI ENTERPRISES LLC
20396,BIG ERN TRAILERS
20397,MODULE TRUCK SYSTEMS
20398,BONEYARD BOATWORKS LLC
20399,GOOD-TEX LLC
20400,BETTS PLATINUM GROUP LLC.
20401,WEST COAST TRAILERS SUPPLY HB INC.
20402,MONAHAN PRODUCTS LLC/UPPABABY
20403,RWC INTERNATIONAL LTD.
20404,SYSWELDING
20405,L & L TOOL & MACHINE CO LLC
20406,ICON TRAILERS LTD
20408,JOHN COUTANT'S KINGSTON AUTO SUPPLY INC.
20409,"ACORN VANS, LLC"
20410,BADAC ADVENTURE CO LLC
20411,RIDE ON RIDE OFF TRAILERS LLC
20412,BACKROADS OVERLAND COMPANY LLC.
20413,J AND J FABRICATING
20414,"YELLOW COW TRAILERS, LLC"
20415,T&H WELDING
20416,TERRACRAFT OUTDOORS LLC
20417,BI TRAILERS
20418,PRECISION HYDRAULIC AND OIL
20419,INTERWEST HOSE & SUPPLY CO. INC.
20420,COUNTRY VALLEY LLC
20421,LAUNCH VANS LLC
20422,PAYER IRONWORKS
20423,V TRAILERS MANUFACTURE LLC
20424,CUSTOM DESIGN PARK MODEL HOMES
20425,"PCS PERFORMANCE, LLC"
20426,LONGHAUL TRAILERS LLC
20427,"ARMOR LITE OF TEXAS, LLC"
20428,INFINITTI TRAILERS
20429,"U.P. TRUCK CENTER, INC."
20430,"DOUBLE BARREL FABRICATION, INC."
20431,KLEVENITE TRAILERS
20432,GTI TRAILERS LLC
20433,PERFORMANCE ENGINEERING OF GLENCOE DBA SUPERIOR LITE CAMPERS INC.
20434,J&D MILLWRIGHT
20435,"PALMETTO HYDRAULIC REPAIR, LLC DBA PIRTEK - COLUMBIA"
20436,ABD EQUIPMENT & PARTS LLC
20437,ZION OFF-ROAD LLC
20438,OBI/CONQUEROR CORPORATION
20439,HENRY
20440,"OMAHA STANDARD, LLC"
20441,"SUN POWER CONTRACTORS, INC."
20442,TAILORED TRAILERS
20443,SUPERIOR TRUCK BEDS
20444,KENNEDY FABRICATING
20445,LITTLE MOUNTAIN MFG
20446,GARCIA'S TRAILERS LLC
20447,ECLIPSE TINY HOMES
20448,CIRCLE 8 TRAILERS
20449,"Quality Trailers, Inc."
20450,"WHITE'S WELDING, LLC"
20451,TKO EQUIPMENTS SALES & RENTAL LLC
20452,DMC WELDING AND REPAIR LLC
20453,FINLEY'S SERVICES LLC
20454,WOMBAT CAMPER LLC
20455,"CHANGZHOU BOTAO GLASS CO.,LTD."
20456,"SP DISTRIBUTION, LLC"
20457,PLH TRAILER MANUFACTURING
20458,AGRICULTURAL PUMP SUPPLY
20459,SHALOM TRAILERS
20460,TIDWELLS WELDING
20461,"3E NDT, LLC"
20462,GREEN COPPERFIELD LLC
20463,GOLF CARTS LSV HAWAII INC.
20464,FULL VISION
20465,MIDWEST HOSE & SPECIALTY
20466,TMD MANUFACTURING INC. DBA DIVERSIFIED STORAGE SYSTEMS
20467,OBI CONQUEROR CORPORATION
20468,"EMPIRE METAL WORKS, LLC"
20469,"PAX POWER, LLC"
20470,"NAVISTAR DEFENSE, LLC"
20471,"SAFE TRAFFIC SYSTEM, INC."
20472,LECOLIFT INC
20473,"U-VANS, LLC"
20474,LINES IN FABWORX
20476,"TUBAL-CAIN INDUSTRIES, INC."
20477,"PENROSE TRAILER MANUFACTURING, LLC."
20478,WAGNER TRUCK EQUIPMENT INC
20479,CRUCIBLE
20480,SOUTHERN SPECIALTY TRAILERS LLC
20481,GRACIE INDUSTRIES D/B/A BOLT CUSTOM COACHES
20482,TURNER’S TINY HOUSES
20483,HT TRAILERS LLC
20484,"CHILLICOTHE KENWORTH, LLC"
20485,CIRCLE L TRAILERS
20486,JDH ENTERPRISE LLC
20487,"PROGRESS AUTOMOTIVE, LLC DBA KARTUNZ"
20488,"WEST COAST ADVENTURE VEHICLES, LLC"
20490,EAST COAST LOW SPEED VEHICLES LLC
20491,"WALKER STAINLESS EQUIPMENT CO., INC."
20492,"PIRTEK USA OEM, LLC"
20493,DTR HYDRAULICS
20494,COASTLINE POWER SOLUTIONS
20495,URSA MAJOR MANUFACTURING
20496,DAV.CO LLC
20497,RALLY TRAILER MANUFACTURING LLC
20498,"ONE FAT FROG, INCORPORATED"
20499,IMPRESSIONS COACH WORKS
20500,FOUR PLUS ONE CORP.
20501,COUPLED PRODUCTS LLC
20502,NORTHLAND INDUSTRIAL SPECIALTIES LLC
20503,LIFETIME STEEL INDUSTRIES
20504,ALLURE TRAILERS
20505,RENTAL TRAILERS MFG INC.
20506,"NESCON, LLC"
20507,4187229 CANADA INC.
20508,PROMETEON TYRE GROUP INDUSTRIA BRASIL LTD.
20509,OFF GRID TRAILERS GENERAL PARTNERSHIP
20510,"CHANGZHOU DEHONG QICHE ACCESSORIES CO., LTD."
20511,"TAIZHOU QIANXIN VEHICLE CO,.LTD."
20512,"NINGBO JUNKAI RUBBER INDUSTRY & TRADE CO., LTD."
20513,UNRUH WELDING AND REPAIR LLC
20514,MVA RESTAURANT EQUIPMENT
20515,SHOW-TIME ENTERPRISES INCORPORATED
20516,"ADVANCE GREEN MANUFACTURING COMPANY, INC"
20517,4L SALES & SERVICES LLC
20518,WAKARUSA COACH COMPANY
20519,"CRUMP TRUCK AND TRAILER WORKS, INC."
20520,SUNDOWN TIRE AND LUBE LLC
20521,QUANTUM XCEL EMOTORS LLC
20523,GLOBALECO LLC
20524,MICHELIN RETREAD TECHNOLOGIES
20525,COEUR D'ALENE TINY HOMES
20526,FONZIS TRAILERS
20527,"ADVANCED FIELD SERVICES, LLC"
20528,DESIGNER CONSTRUCTION CORPORATION
20529,RAD ADVENTURE DWELLINGS
20530,"COMBI USA, INC."
20531,L AND O MANUFACTURING LLC
20532,"TUBES N HOSES OF LAKELAND, INC"
20533,AMP TRAILERS MFG.
20534,MONTANA IRONWORKS INC.
20535,INDIANA DIESEL GROUP LLC
20536,PROPEL PREFAB LLC
20537,SCHETKY NW SALES
20538,"MIDWEST WELDING & MACHINE, INC"
20540,CYLTEX LLC
20541,J AND J WELDING
20542,VALLEY STEEL WORKS LLC
20543,TITAN ELECTRIC VEHICLES
20544,PIONEER ADVENTURE VEHICLES LLC
20545,HITCHINGS TIMBER SERVICES LLC
20546,EDDIE'S WELDING INC
20547,METAL WORKZ LLC
20548,GEN-TECH INC
20549,HAMMER PERFORMANCE LLC
20550,CSE ENTERPRISES INC. DBA CAROLINA CARRIAGE
20551,EUROSTAGE LLC
20552,WATCHDOG TRAILERS LLC
20553,"MILLER DESIGN & MANUFACTURING, LLC"
20554,"SALINA CREEK FABRICATION, LLC"
20556,"BRISTOL HOSE & FITTINGS, INC."
20557,LSV STREET
20558,BRS OFFROAD NORTH AMERICA
20559,"7 X TORC, LLC DBA 7 X OFF ROAD"
20560,AEROSERVICIOS USA INC.
20561,SD CUSTOM BOATS LLC
20562,BUILT TRAILERS LLC
20563,H&A WELDING LLC
20564,MOTION TECH SERVICES LLC
20565,DAINESE S.P.A.
20566,DVELE OMEGA CORPORATION
20567,NORTH CENTRAL BUS & EQUIPMENT
20568,NORTH STAR LOGISTICS LLC
20569,BG CUSTOM WELDING
20570,FOREMOST EQUIPMENT LP
20571,TKB MANUFACTURING LLC
20572,SAWTOOTH CARGO CARRIER LLC
20573,IRON WAGON LLC
20574,IMPINDA LLC DBA POWERBRAKE
20575,"SSI, INC. DBA: BROCK'S TRAILERS"
20576,"SWITCH VEHICLES, INC."
20577,ECOMAUTOMOTIVE INC DBA TRIBE TRAILERS
20578,GTO SALES LLC
20579,"ORBIT GLOBAL, INC"
20580,SMORT FABRICATION
20581,"BLACK CHARIOT OVERLAND, LLC"
20582,AUTOMOBILI PININFARINA GMBH
20583,CET FIRE PUMPS MFG
20584,CHANGZHOU JINTAN CHENGDA AUTOMOBILE ACCESSORIES FACTORY
20585,"CHONGQING HUANYA LAMPS CO., LTD."
20586,"DAOMING OPTICS & CHEMICAL CO., LTD"
20587,"DONGGUAN COTTON & GOLD PLASTIC PRODUCTS CO., LTD"
20588,EUROPTEC GMBH
20589,GROUPE VRP INC.
20590,GRUPO INDOLSA S. DE R.L. M.I.
20591,"GUANGZHOU KECO OPTOELECTRONIC CO., LTD."
20592,HANBIRD TECHNOLOGY(HONGKONG) LIMITED
20593,"HENAN GENGYUAN TECHNOLOGY CO., LTD."
20594,NEW CREATION TINY HOMES LLC
20595,JANSTEEL KR LTD
20596,"JIANGSU JIANGLONG AUTOMOBILE SYSTEM CO., LTD"
20597,"JIANGSU XIAOXIANG INDUSTRIAL CO., LTD"
20598,"NINGBO GUOOU AUTO PARTS CO.,LTD"
20599,"PANSTON TYRE CO., LTD."
20600,P.S.C. PRIMA SOLE COMPONENTS S.P.A.
20601,SISECAM AUTOMOTIVE GERMANY GMBH
20602,UAZ LLC
20603,"XINJI HUAYI AUTOMETER CO., LTD."
20604,PAVE MOTORS INC.
20605,STALLION OILFIELD SERVICES LTD
20606,BVH TRAILERS LLC
20607,BCD TRAILER LLC
20608,ZENVANZ LLC
20609,PREMIER PLASMOTEC PVT. LTD
20610,"CAJAS Y REMOLQUES MUÑOZ, SA DE CV"
20611,"JIANGSU LIYUAN AUTO PARTS MANUFACTURING CO., LTD"
20612,RAPTOR DESIGN & ENGINEERING LLC
20613,CALTEC LLC
20614,KICK AZZ SERVICES LLC
20615,WESTART CORP
20616,CHAMPION SITE PREP INCORPORATED
20617,R.H.B. CUSTOMS
20618,101 HARDWARE & AUTO SUPPLY
20619,F/8 TRAILERS
20620,"MOORESVILLE METAL HOUSE, INC."
20621,ARTSANA USA INC
20622,ROADLINE PRODUCTS INC USA
20623,MAMMOTH OVERLAND
20624,BULLDOG TRAILERS
20625,XTREME TRAILERS
20626,BV STEEL AND WELDING LLC
20627,COMBAT MOTORS LLC
20628,LUDIE'S CUSTOM METAL WORKS
20629,AMERICAN EMERGENCY PRODUCTS
20630,EAGLE LIGHTING INC D/B/A HDEQUIPT (AN S CORPORATION)
20631,JS CROSS ROADS
20632,GREENPOWER TRUCK BODY INC.
20633,4 W FABRICATION LLC
20634,"VANCRAFT, LLC"
20635,PCR METALWORKS LLC
20636,BEAR RIVER TRAILERS
20637,CNC WORX INC
20638,"HILARK INDUSTRIES, INC"
20639,AHOSEMAN
20640,"DYNAMITE TRAILERS, LLC"
20641,"RUSTY WALLACE, INC."
20642,AMERICAN SUPERSTAR TRAILERS
20643,WORLD TOUR OFF ROAD
20644,GYPSY HILL CREATIONS LLC
20645,PALS MFG. LLC
20646,CALIFORNIA CONCESSION INNOVATIONS LLC
20647,HOSEWORX INTERNATIONAL
20648,MED-CO LLC
20649,CALIFORNIA HOSE
20650,"EAST TEXAS MACK SALES, LLC"
20651,COASTAL CONVERSIONS
20652,DUSK TIL DAWN OUTFITTERS LLC
20653,AIR EASY LLC
20654,HAUL KINGS LLC
20655,"AMERICAN MADE CHASSIS, LLC"
20656,LOKEN IMPORTS LLC; DBA FULMER POWERSPORTS
20657,WTM ENTERPRISE LLC
20658,CALIFORNIA MOTORS LLC
20659,MILLER WELDING & FABRICATION INC.
20660,EXOTIC AUTOMATION & SUPPLY
20661,DEEP SOUTH SMOKERS
20662,EVENFLO COMPANY INC
20663,J.B. TRAILERS
20664,"TNPS, LLC"
20665,UTEC LLC
20666,MOUNTAINLAND TRUCK OUTFITTERS
20667,SHANNON RETREAD COMPANY LLC
20668,"RUPP OVERLAND CAMPERS, LLC"
20669,KOECHNER MFG. CO. INC.
20670,"T SPORTLINE, LLC"
20671,APOCALYPSE MANUFACTURING
20672,FABMETALS INC.
20673,F&H CONTRACTORS
20674,AK MOBILE WELDING AND REPAIR LLC
20675,FOX VALLEY WELDING LLC
20676,EAST COAST TRANS LLC
20677,HANDS ON WORK TRAILERS
20678,TAYSON ENTERPRISES HOLDING LLC
20679,"SCI INNOVATIONS, LLC"
20680,"DELRI INDUSTRIAL SUPPLIES, INC."
20681,TRUCK EQUIPMENT INC.
20682,HARBEN INC.
20683,ZERIMAR TRAILERS
20684,RLC WELDING & FABRICATION
20685,VOLKOFF AG LLC
20686,SOUTHERN UTILITY TRAILERS
20687,DANA WHITE MACHINING & WELDING  INC.DBA AMP-TECH
20688,NEW STREAM LOGISTICS LLC
20689,EATON COMPRESSOR AND FABRICATION
20690,"XOTO, INC."
20691,"VALEO NORTH AMERICA, INC."
20692,COASTAL CAROLINA GOLF CARTS
20693,VETTED SECURITY SOLUTIONS LLC.
20694,PAGE DISTRIBUTION LLC
20695,"FIN AND FEATHER MARINE, INC."
20696,AMERICAN MIDWEST MFG INC
20697,MAVERICK MANUFACTURING LLC
20698,EAST TENNESSEE AUTO PARTS DBA MARDEB INC.
20699,AGAZU TRAILERS INC.
20700,BEST ALUMINUM STRIPING EQUIPMENT
20701,"S&S / SUPERIOR COACH COMPANY, INC."
20702,TRAILER SOLUTIONS INC.
20703,"A&R ECONOMY CARGO TRAILERS, LLC"
20704,VEIT NORTH AMERICA INC
20705,ZEUS TRAILERS AND MORE
20706,RVA CUSTOM CARTS LLC
20707,OMEGA ENDEAVORS LLC DBA OMEGA TRAILER
20708,QUICK SUPPLY-DESMOINES
20709,"FACTION TECHNOLOGY, INC."
20710,SOUTH ATLANTA GOLF CARTS LLC
20711,UTILIQUIP INC
20712,MULTIDIMENSIONAL MANUFACTURING LLC
20713,ENCORE OILFIELD SERVICES LLC
20714,CONDESSA CONCRETE
20715,RMS TRAILERS LLC
20716,"SAILOR GROUP, LLC"
20717,A1A AUTO AND TRUCK LIMITED LIABILITY COMPANY
20718,STEELWATER TRAILERS
20719,HAMMER DOWN ENTERPRISES
20720,FRANKLIN ELECTRIC CO INC
20721,AD METAL WORKS
20722,"ROYAL TRUCK & TRAILER SALES AND SERVICE, INC."
20723,IPC INDUSTRIES
20724,DOUBLE H TRAILERS LLC
20725,"UKANCAMP, LLC"
20726,"LIFESTYLE CAMPER TRAILERS PTY LTD "
20727,A&P WELDING
20728,"WOLF INNOVATIONS, INC."
20729,C&W FABRICATION
20730,ALABAMA UPFITTERS
20731,"ARMOR CARGO TRAILERS, LLC"
20732,BIG BULLY TRAILERS
20733,VIVID EV LLC
20734,INTERNATIONAL RV MANUFACTURING LLC
20735,EXTREME MANUFACTURING LLC
20736,SPHINX TRAILER MFG. LLC
20737,"QUFU TEMB AUTO ELECTRICS CO., LTD"
20738,"SHENZHEN KAIFURUI TRADING CO., LTD"
20739,MAC3
20740,"SPRINGFIELD AUTO & TRUCK, INC."
20741,GETAWAY TEARS LLC
20742,"TRUCK & VAN WORKS, INC."
20743,NATH SPECIALTY COATINGS LLC
20744,SILVERLIGHT ELECTRIC VEHICLE INC.
20745,SARO CAMPER
20746,AMERICAN Q-TEC INC.
20747,RHINO STEEL MANUFACTURING INC.
20748,C AND P REPAIRS AND SERVICE LLC
20749,COUTU AUTO SALES INC.
20750,GAIA INTERNATIONAL TRADE LIMITED
20751,CROSBY AND DRUMM LLC
20752,LOAD READY
20753,KING HK INTERNATIONAL TRADING LIMITED
20754,"LIVEWIRE EV, LLC"
20755,STANLEY ELECTRIC HUNGARY KFT
20756,BELLWETHER MANUFACTURING LLC.
20757,FUEL HELMETS INC.
20758,"SBL FREIGHTLINER,  DBA  A-1 METAL SUPPLY"
20759,"HAWAII SPRING SUPPLY, INC."
20760,GOOSECREEK TRAILERS
20761,CORTES CAMPERS LLC
20762,INDUSTRIAL FLOOR CLEANERS
20763,VEHICLE CONVERSION SERVICES LLC
20764,"K2 MANUFACTURING, LLC"
20765,"CAP FLEET UPFITTERS, LLC"
20766,"CAP-A-BUS, INC."
20767,"SINDAX ELECTRONICS CO.,LTD."
20768,YUYAO DIMAISHI AUTO PARTS MANUFACTURING CENTER
20769,"TAIZHOU CITY XINGYU VEHICLE COMPONENTS CO., LTD."
20770,"TAIZHOU CITY XUANJIN AUTOMOTIVE LAMP MANUFACTURING CO., LTD."
20771,"WUYI KANGNUO AUTO PARTS CO., LTD"
20772,"SUNSONG (THAILAND) CO., LTD"
20773,"SHAOXING CHENGNAN RUBBER PRODUCTS CO., LTD"
20774,"PJ TRAILERS COMPANY, S.A. DE C.V."
20775,"PASQ, LLC"
20776,ZIMAR-T
20777,"MAZDA TOYOTA MANUFACTURING, USA, INC."
20778,"BOIVIN EVOLUTION, INC."
20779,"LTG RV & TRAILER SALES, LLC DBA LONESTAR SPECIALTY VEHICLES"
20780,RYAN AMBULANCE LLC
20781,VANCATION LLC
20782,INNOVATIVE SPECIALTIES LLC
20783,"REMACKEL TRAILERS, INC"
20784,LIZARD MOTORS SAS
20785,EXPORT - IMPORT ART. PRZEMYSLOWYCH ADAM LASEK
20786,"DANYANG TONGLIAN AUTO PARTS CO., LTD."
20787,"CHANGZHOU HUIFENG VEHICLE FITTINGS CO., LTD."
20788,"ANHUI YUESU AUTOMOTIVE INDUSTRIAL CO., LTD."
20789,AUWAERTER-ANHAENGER UND AUFBAUTEN GMBH & CO. KG
20790,ELITE AIRBOAT COMPANY GRAYSON COUNTY INC.
20791,BERNHARD NEUFELD LOEWEN
20792,ISABELLA A/S
20793,FRAMED UP LLC DBA HOME GROWN CHOPPERS
20794,FUELTEC SYSTEMS LLC
20795,BAPTISTE CERTIFIED WELDING
20796,HUDSON TRAILERS AND TRAILER REPAIR
20797,CLEAR-ARMOR LLC
20798,SUDAMERICANTRAIL SOCIEDAD ANONIMA
20799,DIAMOND HAWG MFG
20800,PETROLEUM SYSTEMS INC.
20801,ALPHA FABRICATION
20802,"FEDERAL COACH "
20803,"HBD/THERMOID, INC."
20804,COBRA INDUSTRIES LLC
20805,GORILLA TRAILERS LLC
20806,"PROALL USA, L.P."
20807,KTD INDUSTRIES INC.
20808,"PETE'S TIRE BARNS, INC"
20809,R&H TRAILERS
20810,"ADM MANUFACTURING, LLC"
20811,HEAVYLITE TRAILERS LLC
20812,FLY BY WHOLESALE LLC
20813,EMBER RECREATIONAL VEHICLES
20814,GREAT WESTERN BUILDERS LLC
20815,OPERATION TINY HOME
20816,BEAM GLOBAL
20817,"DANYANG CHENTAI AUTO PARTS CO., LTD."
20818,CRYOLOR SA
20819,OREGON TRUSS
20820,"JIANGYIN DAERAN AUTOMOTIVE INTERIOR TECHNOLOGY CO., LTD"
20821,NEW MEXICO EMERGENCY PRODUCTS
20822,ARIZONA EMERGENCY PRODUCTS LLC
20823,"FIREFLY, LLC"
20824,MAXFIELD LP
20825,"NINGBO KAILIANG AUTOMOBILE PARTS CO.,LTD"
20826,MCINTIRE WELDING SERVICES INC
20827,PROMETEON TURKEY ENDUSTRIYEL VE TICARI LASTIKLER A.S.
20828,"DALB, INC."
20829,SUSANA NEUFELD KNELSEN DBA NEKS
20830,9 MANUFACTURING
20831,D&A WELDING AND FABRICATION
20832,ARC LINE MANUFACTURING LLC
20833,MFG Trailers y Tankes Barak S.A de C.V
20834,"YONGKANG CHANGPAO INDUSTRY AND TRADE CO., LTD."
20835,"ZHONGSHAN JUNYE LIGHTING CO., LTD"
20836,ABS REMORQUES INC.
20837,FUD TRAILERS MARTINEZ S.A. DE C.V.
20838,GROUPE MECALAC S.A.S.
20839,DeVisser Food Service Equipment BV
20840,STONES RIVER TRAILER COMPANY LLC
20841,"GITI RADIAL TIRE (ANHUI) COMPANY, LTD."
20842,CUSTOM FOOD TRAILERS LLC
20843,CERR-TEX TRAILERS
20844,COZY HOME INC.
20845,TINY MOUNTAIN HOUSES
20846,DAYTON LEASE AND PIPELINE SERVICES INC.
20847,AROW GLOBAL CORP.
20848,TITAN FOOD TRAILERS LLC
20849,"TINY CUSTOM HOMES OF COLORADO,LLC"
20850,"LIFESCAPE BUILDERS, INC."
20851,RECAUCHUTADOS DEL NORTE SAPI DE CV
20852,HAYNES EQUIPMENT REPAIR
20853,"LH TRAILERS, LLC"
20854,TRIGGER CALIFORNIA INC
20855,PATRIOT STEEL PRODUCTS LLC
20856,"BAMA BUILT TRAILERS, LLC."
20857,SUSANA FAST KLASSEN
20858,SYAM TRELLEBORG TIRES LLP
20859,TOYO TIRE SERBIA DRUŠTVO SA OGRANICENOM ODGOVORNOŠCU
20860,DARPAH LLC
20861,K NEAL TRUCK & BUS CENTER
20862,SIMARD SUSPENSIONS INC.
20863,"ROBERT YOUNG'S AUTO & TRUCK, INC"
20864,ROAMEO
20865,PARADIGM OUTDOORS
20866,ALL STAR TRAILERS FABRICATION
20867,PREMIER TRAILERS INC
20868,"SHANDONG JINYU TIRE CO., LTD."
20869,3 STAR MFG LTD
20870,SCOUT MFG. INDUSTRIAL INC.
20871,ARMADILLO TRAILER MFG. LTD.
20872,BLACK TEA MOTORBIKES GMBH
20873,ESDAN PLASTICS PTY LTD
20874,GRUPO AGUIRRE LUNA Y ASOCIADOS SA DE CV
20875,"VUIU, INC."
20876,JAKOB THALER GMBH
20877,"JIANGSU CHENGTAI VEHICLE CO., LTD."
20878,RHOST PTY LTD
20879,"TRACTOCAMIONES Y CARROCERIAS ""REMADA"""
20880,ROSHEL INC.
20881,SR NURDIN JULIAN RAMIREZ
20882,PT TOPY PALINGDA MANUFACTURING INDONESIA
20883,"RICARDO GONZALEZ DOMINGUEZ "
20884,D&S EQUIPMENT
20885,KRAESE REPAIRS LLC
20886,OBIE TRAILERS LLC
20887,SMITH INDUSTRIES LLC
20888,CENTEX SMOKERS
20889,"XINJIANG JIALUN TIRE CO., LTD"
20890,LATHROP POOL SERVICE AND REPAIR INC. DBA POOL WATER PURIFICATION PRODUCTS
20891,USC LLC
20892,GYPSI MAE TRAILERS
20893,"MERCHANTS MOVING & STORAGE, INC."
20894,"CONLAN TIRE CO., LLC"
20895,"COTTRELL, INC."
20896,ARC ZONE
20897,CGMI ACQUISITION COMPANY LLC
20898,DOLEGA TRAILERS
20899,TRIDENT PEDAL BOATS LLC
20900,LAWRENCE TRAILER & TRUCK EQUIPMENT
20901,G-CUSTOMS
20902,IN PLACE TECHNOLOGY INC.
20903,S & J CUSTOMS LLC
20904,NORMONT EQUIPMENT CO.
20905,CAWLEY CREEK MOBILE WELDING
20906,GREAT LAKES STAGE COMPANY LLC
20907,"TRAVELLERS AUTOBARN, LLC"
20908,"TIGERTX, LLC"
20909,GEORGE P. JOHNSON COMPANY
20910,WHISPER CARTS LLC
20911,"BAY AREA METAL FABRICATION, LLC"
20912,MARION AUTO SERVICE LLC
20913,TRUVIE TRAILERS LLC
20914,"GIBRALTAR FABRICATION, LLC"
20915,THE HYDRAULIC SHOP
20916,TITAN AUTO REPAIR
20917,PEACOCK TRAILERS LLC
20918,"IES, LLC"
20919,DOBSON TURF MANAGEMENT LLC
20920,FAMILY GARDEN TRAILERS
20921,HINSON MOTORSPORTS
20922,SCOT RODS GARAGE
20923,PM MACHINE AND FABRICATION LLC
20924,"NEW RIVER TRAILER CO, LLC"
20925,FISKER GROUP INC.
20926,"MARSHALL MACHINERY, INC."
20927,BIG BOY TRAILERS
20928,ASHLEY'S WELDING AND METAL FABRICATION
20929,ROCK EQUIPMENT RENTALS LLC
20930,BARTIMAEUS BY DESIGN INC
20931,SHANNON BROTHERS LLC
20932,PILOTCAR OTOMOTIV SAN. TIC. A.S.
20933,KAI YUN AUTOMOBILE MANUFACTURING CO. LTD
20934,ARKTO CAMPERS LTD.
20935,"DANYANG HAIRUN AUTOMOTIVE PARTS CO. , LTD."
20936,"GUANGZHOU SHUANGHONG INTELLIGENT TECHNOLOGY CO. , LTD."
20937,Peters Manufacturing S.A. De C.V.
20938,"TEXAS PAVILLION, LLC"
20939,WELD PRO LLC
20940,"WEST COAST LIGHTS & SIRENS, INC."
20941,FIREX LLC DBA EWHEELZ
20942,NOVA BUS (US) INC.
20943,INFINITY TRAILERS LLC
20944,SERVICIOS Y MANUFACTURAS AHGO SA DE CV
20945,KITCH-N-TOW LLC
20946,"HUBEI YUEXIN RUBBER CO., LTD."
20947,REVELATIONS IN CHRIST MINISTRIES
20948,VIP CUSTOM CYCLES LLC DBA XION.BIKE
20949,MOBILE HYDRAULICS
20950,"ST. PETE MARINE PARTS, LLC DBA ST. PETE MARINE OUTFITTERS"
20951,"IMPERIAL DESIGNS, LLC"
20952,NEW VISION MANUFACTURING LLC
20953,FIELD VAN INC
20954,MOORE'S WELDING LLC DBA A & L SMOKERS
20955,WANDER TEARS
20956,MARCOPOLO S.A.
20957,MVS TRUST T/A OFFTRAX CAMPERS
20958,"NINE TECH CO., LTD."
20959,SILVERMOUNTAIN TRAILERS & EQUIPMENT LTD.
20960,"ZHEJIANG BAOKANG WHEEL MANUFACTURE CO.,LTD"
20961,"ZHUHAI MAIGENA OPTOELECTRONICS TECHNOLOGY CO., LTD."
20962,IMPULSORA INDUSTRIAL DEL RIO S.A. DE C.V.
20963,PILKINGTON AUTOMOTIVE ARGENTINA S.A.
20964,BAKU TRAILERS LLC
20965,DK WELDING AND REPAIR LLC
20966,"ARCTICMAX, LLC"
20967,"GOLDEN ARM TRAILERS, LLC"
20968,WALTON TRAILER SALES INC
20969,RUGGED TRAILERS
20970,MEBCCO INDUSTRIES LLC
20971,SENTINEL TRAILERS
20972,BRIDGESTONE HOSEPOWER
20973,NEVADA HOUSE OF HOSE - HENDERSON
20974,SMART UPFIT LLC
20975,"102 IRONWORKS, INC."
20976,HITCH HOTEL INC.
20977,HIGH SIERRA TRAILER CO.
20978,ARETE FOOD TRAILERS LLC
20979,"SHANDONG YINBAO TYRE GROUP CO., LTD."
20980,SINGLETARY TRAILERS
20981,KDC TRAILER REPAIR INC
20982,VINTAGE TRAILER WORKS INC
20983,LAND AND SEA LLC
20984,NORTHERN HYDRAULICS & FLEET SERVICE
20985,"AMERICAN HOSE & FITTINGS, INC."
20986,REEDE FABRICATION AND DESIGN
20987,"SATELLITE INDUSTRIES, INC. DBA SATELLITE VACUUM TRUCKS"
20988,"PRO STANDS, LLC"
20989,Linglong International Europe D.O.O. Zrenjanin
20990,MEDINA MARKETING CONSULTATION
20991,CUSTOM CONCEPTS CARTS LLC
20992,"TR CUSTOMS, LLC DBA SAN JUAN VANS"
20993,RED MOUNTAIN TEARDROPS LLC
20994,SUPER SEER CORPORATION
20995,LECHNER'S WELDING AND EXCAVATING
20996,"KIA GEORGIA, INC"
20997,KMM MOTORS INC
20998,"SOUTHERN FIRE APPARATUS, PLLC"
20999,FOURGONS TRANSIT INC.
21000,"KIA AMERICA, INC"
21001,UNION MANUFACTURING LLC
21002,DISPENSING TECHNOLOGY CORPORATION
21003,T3 FABRICATION LLC
21004,702 TRAILER'S & WELDING LLC
21005,KAMP KESSEL INC.
21006,P3 MANUFACTURING
21007,DESIGN SOLUTION CONCESSION INC
21008,AIRY TRANSIT LLC
21009,LYTTLES FLEET MAINTENANCE INC.
21010,"RC HUNT ELECTRIC, INC."
21011,HONG KONG MAICHE MACHINERY MANUFACTURING CO. LIMITED
21012,"HENDERSON PRODUCTS, INC"
21013,NEWBEGIN ENTERPRISES INC
21014,SOUTHLAND TOOL MFG. INC.
21015,TROJAN EV LLC
21016,"STRONG ARM TRAILERS, LLC"
21017,MI TRAILER SALES INC
21018,ADVANCED MANUFACTURING FABRICATION
21019,PROFESSIONAL AMBULANCE SALES AND SERVICE LLC DBA SERVS
21020,"FREE RANGE, LLC"
21021,"TAISHAN CITY WHEELTECH ALUMINUM INDUSTRY CO., LTD"
21022,"GUANGZHOU WANTIAN INDUSTRIAL CO., LTD"
21023,"HUBEI JINNONGFENG INDUSTRY CO., LTD."
21024,"HUBEI NAJIN BODY SYSTEM CO., LTD"
21025,JAGAN LAMPS LTD
21026,JINGMEN HUIDONG XIANGSU PRODUCTS CO. LTD
21027,PIAA CORPORATION
21028,PILKINGTON AUTOMOTIVE DEUTSCHLAND GMBH
21029,PILKINGTON AUTOMOTIVE ESPANA S.A.
21030,PILKINGTON BRASIL LTDA.
21031,PILKINGTON ITALY S.P.A.
21032,PROFOOD AND WHEELS
21033,QINGDAO TONGDA RUBBER PRODUCT FACTORY
21034,"QINGZHOU RYDANZ RUBBER SCIENCE AND TECHNOLOGY CO., LTD."
21035,"SHANDONG BAILONG TYRE CO.,LTD."
21036,"SHANDONG DONGSHENG RUBBER TECHNOLOGY CO., LTD."
21037,"SHENZHEN PENGSIHAI TECHNOLOGY CO., LTD"
21038,TALLERES BARRERA S.A. DE C.V.
21039,TAURUS HELMETS INDÚSTRIA DE CAPACETES LTDA
21040,"ZHEJIANG DAYI INDUSTRIAL CO., LTD."
21041,ZHEJIANG HONGPIN INDUSTRY AND TRADE CO. LTD.
21042,"ZHEJIANG YANKON GROUP CO., LTD."
21043,AKY TRAILERS LLC
21044,CONSTRUCTORA ALDIMA S. DE R.L. DE C.V.
21045,Glass - Industry Zrt.
21046,GUILIN PILKINGTON SAFETY GLASS COMPANY LIMITED
21047,"GUANGZHOU YINGGUANGCHONG ELECTRONIC TECHNOLOGY CO., LTD."
21048,"DANYANG SPEDKING AUTO PARTS MANUFACTURING CO., LTD."
21049,MITSUBISHI ELECTRIC MOBILITY CORPORATION
21050,JOSE GUADALUPE DE LA CRUZ FUERTE
21051,"WENZHOU HOCEAN CO., LTD"
21052,VERONICA ALFARO SEGOVIA
21053,"HENAN WEBETTER INTELLIGENT EQUIPMENT CO., LTD."
21054,OVIDIO MORALES AVENA
21055,"TRELLEBORG WHEEL SYSTEMS MOTO, D.O.O."
21056,ALABAMA MOTOR WORKS LLC DBA MAGIC CITY AUTO WORKS
21057,ACTIVEDOGS.COM LLC
21058,POWERMAX RUBBER FACTORY
21059,"Cleer Vision Tempered Glass, LLC "
21060,"O'SULLIVAN FILMS, INC."
21061,"Keif's Tires, Inc. "
21062,H.O.W. RUBBER INC.
21063,WABTEC CORPORATION
21064,LUXE MFG. LLC
21065,BULL CREEK WELDING AND FABRICATION INC.
21068,BJ AND K RENTALS
21069,"WIND RIVER CUSTOM HOMES, LLC"
21070,"SWEET-HAUS, LLC"
21071,"HI-PERFORMANCE DESIGNS, INC"
21072,AM MACHINERY INC.
21073,SHRADDHA BRASS PRODUCTS
21074,THE FOOD TRUCKERS COMPANY
21075,BEAUER
21076,LLANTERA GARROM SA DE CV
21077,"STEEL PINES CARGO, LLC"
21078,"VAST (JINGZHOU) CO., LTD."
21079,"HEBEI GUANGYING AUTOMOBILE COMPONENTS AND PARTS MANUFACTURE CO., LTD."
21080,"RIZHAO AOYOU INDUSTRY AND TRADE CO., LTD."
21081,"ELITE CARGO TRAILERS, LLC"
21082,A2Z MAINTENANCE LLC
21083,RICK'S WELDING
21084,"CUSTOM FIRE, LLC"
21085,JACOB STEEL FABRICATOR LLC
21086,TTOCS TRAILERS MANUFACTURING
21087,ANDREW'S ORNAMENTAL IRON
21088,"BUGABOO NORTH AMERICA, INC."
21089,"ENGLOBAL U.S., INC."
21090,CSIRIUS LLC
21091,FALCON MOTORS CORPORATION
21092,"CICERO BROTHERS ENTERPRISES, LLC"
21093,FORCE OF GRAVITY LLC
21094,"24/7 ONSITE CAMERAS, INC."
21095,JAY'S TRAILERS
21096,FABRICACIONES Y SERVICIOS DE MEXICO SA DE CV (FASEMEX/LIDDELL)
21097,RAVO B.V.
21098,HISPANO SUIZA CARS SL
21099,GREG'S FABRICATION
21100,"ARGO TRAILERS GA, LLC"
21101,ECO GOLF CARTS
21102,"MANGOSTEEN TECHNOLOGY CO., LIMITED"
21103,NRC INDUSTRIES INC
21104,"HEBEI JUNZE RUBBER AND PLASTIC PRODUCTS CO., LTD."
21105,"ZHUCHENG HUAWEI RUBBER CO.,LTD."
21106,THERMO KING WEST DBA  ARCTIC VANS
21107,SERVICE LONG MARCH TYRE (PRIVATE) LIMITED
21108,MARTIN ZAMORA GONZALEZ
21109,"NINGBO ENMANA AUTO PARTS CO., LTD"
21110,"XL HOLDING GROUP (HK) CO., LIMITED"
21111,"ZHENGZHOU SINOSWAN TECH CO., LTD."
21112,"TOHO SHEET&FRAME CO., LTD."
21113,DELOUPE INC
21114,AGMA GROUP INC.
21115,SUNLITE TRAILERS INC.
21116,"MAGNA SLOVTECA, S.R.O."
21117,"BLACKCAT TIRE (FUJIAN) CO., LTD."
21118,"GUANGYUAN ANYU ALUMINIUM ALLOY WHEEL CO., LTD."
21119,ARTSANA S.P.A.
21120,"GG TRAILERS, SA DE CV"
21121,REMORQUES CFT INC. / CFT TRAILERS INC.
21122,POSI-PLUS TECHNOLOGIES INC.
21123,"PLANT PROCESS FABRICATORS, LLC"
21124,NORTHWEST EVERGREEN INNOVATIONS LLC
21125,DENVER COMMERCIAL PROPERTY SERVICES INC.
21126,"TRI-VALLEY HOSE, INC"
21127,"FOREST CITY ERECTORS, INC."
21128,TRIDENT WELDING
21129,"FOREST RIVER BUS, LLC."
21130,STEPHENS PNEUMATICS
21131,NABORS RADIATOR & ELECTRICAL SERVICES
21132,EXTREME TRAILERS OF TEXAS
21133,AUTO TEMP INC.
21134,CAVALIER HOSE & FITTINGS
21135,MCD INNOVATIONS
21136,"AIRXCEL, INC."
21137,AQUA-HOT HEATING SYSTEMS INC.
21138,SUMCO SALES LLC
21139,D SQUARED
21140,BIZRINGER INC. DBA ELD MANDATE
21141,"M&K OIL COMPANY, LLC"
21142,"VIGNAL ABL USA, INC."
21143,PRATT INTERMODAL CHASSIS LLC
21144,FLINSTONE TRAILERS AND EQUIPMENT LLC
21145,B AND L FABRICATION LLC
21146,STEAMBOAT TRAILERS LLC
21147,LION ELECTRIC MANUFACTURING USA INC.
21148,"ETS MFG, LLC"
21149,"JILIN LINGLONG TYRE CO.,  LTD."
21150,JD AXLE LLC
21151,JK TRAILER PLUS
21152,"GREENCO INDUSTRIES, LLC"
21153,"PREMIER CRYOGENIC SERVICES, LLC"
21154,2134828 ONTARIO LTD
21155,SOLID POINT TRAILERS
21156,"GREAT OUTDOOR COTTAGES, LLC"
21157,LUCAS FABRICATION LLC
21158,FAST LANE TRAILER SALES & RENTALS LLC
21159,MY BUS HOTEL LLC
21160,DICOR CORPORATION INC.
21161,"VIXEN COMPOSITES, LLC"
21162,"UNITED SHADE, LLC"
21163,NJS SYSTEM & CONTROLS
21164,CAMEX BY PROMOTORA INDUSTRIAL DE  DESARRLLO
21165,"NAYBEN INDUSTRIES, LLC."
21166,"CITY MACHINE & WELDING, INC. /  DBA: SUPERIOR TRAILER"
21167,STERNBERG TRUCK EQUIPMENT AND REPAIR
21168,C.A. MANUFACTURING CORP
21169,"PRODUCTION TECHNOLOGIES, INC"
21170,HOOSIER CUSTOM CRUISERS LLC
21171,SAWYER TRAILERS LLC
21172,IL TRUCK GROUP LLC
21173,ADVANCED BOAT PROTECTION
21174,BANGARANG CAMPERS LLC
21175,WELDCO MFG LLC
21176,"JMJFIRE PROTECTION FOUNDATION, INC"
21177,OBX CUSTOMS LLC
21178,POPTOP OVERLAND CORP
21179,SPECIALTY SOLIDS CONTROL
21180,FLEETPRIDE - SAINT JOSEPH
21181,BOLIN AUTO & TRUCK PARTS
21182,BEEMER BITS
21183,"IRON HORSE MOTORCYCLES, LLC"
21184,DIEHL & SONS INC.
21185,THE METAL GUYS
21186,TITANIUM CARGO TRAILERS LLC
21187,SEBAGO DOCK & LIFT
21188,U.S. BUILT TRAILERS
21189,DESIGNS OF CAROLINA LLC
21190,ALEK INDUSTRIAS SA DE CV
21191,CAPOBELLA LIMITED LLC
21192,"ZHEJIANG XINGHUI INDUSTRY AND TRADE CO., LTD"
21193,REMEQ INC
21194,"IDAHO TRAILER SALES, INC."
21195,EMPRESAS GV SA DE CV
21196,NAIDA MOROSOLES NOELIA FERNANDA Y BLANCO SCHIERLING JOSE IGNACIO
21197,"BAOTOU SHENGTAI AUTO COMPONENTS MANUFACTURING CO., LTD."
21198,"JIANGSU KAITE AUTOMOBILE PARTS CO., LTD"
21199,"KINGHWA TOPTRUE WHEEL CO., LTD."
21200,SITZTECHNIK GMBH
21201,PRODUCTOS J LOYA
21202,GRUPO ZAETA DEL BOSQUE S.P.R. DE R.L. DE C.V.
21203,PECAN TRAIL RV LLC
21204,"SILLY FAST, LLC."
21205,BETON AMERICA LLC
21206,WISE RV GLASS LLC
21207,MR MOWITALL PROPERTY MANAGEMENT LLC DBA DIRTGRASSSNOW ENTERPRISES
21208,RAYCO TRAILERS LLC
21209,ELEVATION PARK MODEL COMPANY
21210,WAEV INC.
21211,SHOWALTER FABRICATION SERVICES
21212,QUALITY TRUCK AND TRAILER
21213,C-LOCK INC.
21214,CANDIA TRAILERS & SNOW EQ. CO.
21215,GENERAL MACHINING & WELDING
21216,ROACH CUSTOM TRAILERS & FABRICATION
21217,PORTER OVERLAND LLC
21218,LIONHEART CONSTRUCTION LLC
21219,"BOXABL, INC"
21220,AK MANUFACTURING
21221,FARMBOYS TRUCK & AUTO SERVICE LLC.
21222,WELDING BEAST FABRICATION
21223,TENSIK INC
21224,STALLION MANUFACTURING LLC
21225,"MONARD TRAILERS, LLC."
21226,"QINGDAO LAUREL GLASS TECHNOLOGY CO.,LTD"
21227,"DOUBLE A BODY BUILDERS, INC"
21228,"CART TIRE CO.,LTD."
21229,"SUZHOU NICHIRIN AUTOMOBILE PARTS CO., LTD."
21230,"PANUS ASSEMBLY CO., LTD."
21231,SJ TRAILERS
21232,ADV MOBIL LLC COMPANY
21233,MID FLORIDA METALWORKS
21234,LUXVAN LLC
21235,NOMAD RVS
21236,SASQUATCH CAMPERS
21237,AIM HIGH POWER WASHING
21238,KRISS MOTORS CORPORATION
21239,ROYAL BENGAL LOGISTICS
21240,LAFORCE FABRICATION LLC
21241,IKONIQ
21242,DRIVE PRODUCTS USA
21243,CONQUEROR TRANS LLC
21244,PEGASUS SPECIALTY VEHICLES
21245,6B LLC
21246,STAHLEY ENTERPRISES INC
21247,E AND R TRAILERS
21248,"IEV FACTORY, INC."
21249,MINI MONSOON LLC
21250,CERTAFAB
21251,"MODERN CHEVROLET SALES, INC."
21252,KINGDOM CAMPING LLC
21253,NEOHAUS LIFE LLC
21254,RYNO POWERSPORT
21255,REDBEARD FABRICATION LLC
21256,SHONUFF TRAILERS
21257,"JIANGSU ZHONGXING MOTORCYCLE CO.,LTD."
21258,SCOOTERCAR LTD.
21259,"LFA Co., Ltd."
21260,BRINDLEE MOUNTAIN FIRE APPARATUS LLC
21261,3P PRAEZISIONS PLASTIC PRODUKTE GMBH
21262,CEYLON TIRE MANUFACTURING COMPANY (PVT) LTD.
21263,"CHANGSHU LINZHI ELECTRIC TECHNIQUE CO., LTD."
21264,"CHANGZHOU BRILLIANCE AUTOMOBILE PARTS CO., LTD."
21265,"DONGGUAN SHOWPAL DISPLAY PRODUCTS CO., LTD"
21266,"DOUFENG VEHICLE CO., LIMITED"
21267,FISKER GROUP INC.
21268,BUFFALO ARMORY LLC
21269,DIVERSIFIED TRUCK AND EQUIP SALES INC DBA DT BODY
21270,"AVERY BARRON INDUSTRIES, LLC"
21271,SILVERCAT TRAILER COMPANY LLC
21272,DANA SAFETY SUPPLY
21273,5 STAR TRAILERS CORP
21274,PEBBLE TEARDROPS LLC
21275,"VONDERAU FORD,LP"
21276,FRUEHAUF INC
21277,JMF ENTERPRISES LLC
21279,FOODCART USA CORP
21280,FOCAL TECHNOLOGIES. INC.
21281,JELMAX TRAILERS
21282,"HONDA ITALIA INDUSTRIALE, S.P.A."
21283,"JIANGSU ZHUOYI INDUSTRY CO., LTD."
21284,"JIANGSU ZHIKAI AUTOMOTIVE SAFETY SYSTEMS CO., LTD."
21285,VAZA LLC
21286,BARNTS SALES COMPANY LLC
21287,BLUFF CITY FABRICATORS LLC
21288,ATIA RV INC.
21289,LCI ITALY SRL
21290,"EV TITAN, LLC"
21291,"OPTIMAL ELECTRIC VEHICLES, LLC"
21292,"YANCHENG MOCHENG AUTOMOTIVE INTERIOR TECHNOLOGY CO., LTD"
21293,PIRTEK - PRINCE GEORGE
21294,36 FEET LLC
21295,JINING LI YANG DIANDONGCHE LTD
21296,FOURGONS ELITE 9081-0060 QUEBEC INC
21297,B AND L TRAILERS
21298,VAN MART INC.
21299,FERENTINO TYRE CORPORATION (PRIVATE) LIMITED
21300,PLASTRANCE SAS
21301,"TAICANG BAILANGXING LIGHTING CO., LTD."
21302,"HIGHWOOD MACHINE TOOL, LLC"
21303,"ZHEJIANG SUNRISE WHEELS MANUFACTURE CO.,LTD"
21304,R & M METAL FAB
21305,R&A GRADS DBA TUSCALOOSA CUSTOM CARTS
21306,"CIRCLE TM TRAILERS, LLC"
21307,"MACHINED PRODUCTS, INC."
21308,POPS TRAILERS INC
21309,"PAYLOAD TRAILERS OF WV, INC"
21310,LIONEL ELMER'S RADIATOR SHOP
21311,LINCO PRECISION LLC
21312,URBAN TIMBERWORKS DBA BENCHMARK VEHICLES
21313,TDH MANUFACTURING LLC
21314,"MUSE AND COMPANY - MUSE VANS, INC."
21315,ENERGY LINK INDUSTRIAL SERVICES
21316,CART PART PROS
21317,"VALCRUM, LLC"
21318,2585 ORO DAM LLC DBA BUTTE METAL FABRICATION AND DESIGN
21319,"READY2GO RESTROOM TRAILERS SALES, LLC"
21320,VANDERBILT TRAILERS INC.
21321,KLOSE CONSTRUCTION AND FABRICATION INC
21322,"GUS PECH MFG. CO., INC."
21323,"L & M MACHINE TOOLS, LTD"
21324,ZERBE MANUFACTURING
21325,COAL REGION TRAILERS
21326,KEL-TEC TRAILER MFG. LLC
21327,BBQ PITS BY KLOSE
21328,ALL AMERICAN UTILITIES LLC
21329,TRAVELER INNOVATIONS LIMITED
21330,"VAST VICTORY SHUANGTAI COMPONENTS CO., LTD.(SICHUAN)"
21331,VIDA TOWABLES INC.
21332,"WUYANG-HONDA MOTORS CO., LTD."
21333,"ZHEJIANG TANLUZE CAR LAMP CO.,LTD."
21334,ZHENJIANG YUJIU INTELLIGENT EQUIPMENT LIMITED BY SHARE LTD.
21335,"ZHUJI CITY WANJIANG MACHINERY CO.,LTD."
21336,PREFERRED METALFAB INC
21337,"UPRISING ENGINEERING USA, LLC"
21338,DAB MOTORS
21339,ERSKINE & SONS INC
21340,TAQUERIAS MOBILES
21341,DC DYNO & PERFORMANCE LLC
21342,EMMANUEL TRANS LLC
21343,C & A TRAILERS LLC
21344,REMOTE VANS LLC
21345,INDIANKENTUCK LUMBER CO.
21346,TRUE BLUE TRAILERS LLC
21347,OVAT SOLUTIONS LLC
21348,ITZ NC INC.
21349,A & A TRUCK SALES REPAIR
21350,GORILLA RIDES LLC
21351,"CSC TRAILERS, LLC"
21352,AMBER WAVES INC.
21354,"B & W FABRICATION, LLC"
21355,ALASKA SEA KING LLC
21356,"WUXI LEE-CARE CHILD PRODUCTS CO., LTD"
21357,GLOBAL RUBBER INDUSTRIES PRIVET  LIMITED.
21358,"DRAGONFLY THREE WHEELER, LLC"
21359,"CHANGZHOU QUNXING AUTO PARTS CO., LTD."
21360,CHANGZHOU WELLSHAPE CORPORATION LTD
21361,JAVIER TIJERINA MENCHACA
21362,"CARROCERIAS CORPUS CHRISTI, S.A. DE C.V."
21363,"ZHENGZHOU YITUO MACHINERY CO., LTD."
21364,KIA MEXICO S.A. DE C.V.
21365,HD CUSTOMS
21366,T BAR TRAILERS
21367,"LIUZHOU ARAYS TECHNOLOGY CO., LTD."
21368,"XING YUNSHI TIRE FOREIGN TRADE CO., LTD."
21369,HIGHLINER TRAILERS LTD
21370,"HSU DRAGON TECHNOLOGY CO., LTD."
21371,NUEVA INDUSTRIA TORINESE S.R.L.
21372,JLF CUSTOM WELDING AND FABRICATION
21373,EDGE TRAILER MANUFACTURER INC.
21374,"SEKISUI S-LEC AMERICA, LLC"
21375,"JIANGSU ACE ALLOY CO.,LTD"
21376,EAST COAST GEAR SUPPLY
21377,RGV TRAILER SALES LLC
21378,FOREST TRAILERS LLC
21379,BOSQUE INTEGRITY FABRICATION LLC
21380,"ABCMFG, INC."
21381,ZHEJIANG APPLESTONE VEHICLE LTD
21382,RODOLFO ANTONIO PULIDO BARAJAS
21383,"MR. HOSE, INC."
21384,SG ECHO LLC
21385,SPLASH SALES LLC DBA SPLASH TRUCK SALES
21386,LSV MANUFACTURING LLC
21387,"YHI ADVANTI MANUFACTURING (SUZHOU) CO., LTD."
21388,J & F LOCKWOOD INC. DBA CSC OF PASO ROBLES
21389,"PARKWAY AUTO SALES AND SERVICE, LLC"
21390,GIDDY UP USA MFG LLC
21391,L AND J MANUFACTURING AND MARINE
21392,FISHER TINY HOMES
21393,"PLYMOUTH INDUSTRIES, LLC"
21394,"AQUAFORM WATERCRAFT, LLC"
21395,APOGEE INDUSTRIES LLC
21396,STX HORSEBOXES  KFT
21397,PT.BANGUN SARANA ALLOY
21398,H&H SPORTS PROTECTION GROUP
21399,"RUIAN DI YIMING TECHNOLOGY CO., LTD"
21400,"FU HWA MIRROR CO.,LTD."
21401,GLASSPORT LTD.
21402,MANUFACTURAS DE ALUMINIO - MADEAL S.A.
21403,COLOMBIANA DE FRENOS - COFRE S.A.
21404,INDUSTRIAL DEVELOPMENT LLC.
21405,"HENGSHUI LONGXIN FRICTION MATERIAL CO., LTD"
21406,"SHANDONG BAOLI SCIENCE AND TECHNOLOGY CO., LTD."
21407,"ZHEJIANG VALIANT POWER TECHNOLOGY CO., LTD."
21408,CAMEX BY PROMOTORA INDUSTRIAL DE  DESARRLLO S.A. DE C.V.
21409,RG VENTURES LLC DBA RACETEK TRAILERS
21410,"FLOAT-ON, LLC"
21411,MOBILE CONCEPTS INC.
21412,PINEY WOODS RUSTIC WORKSHOP
21413,QUALITY PLASTICS INCORPORATED
21415,BUCKEYE TRAILER AND FAB CO LLC
21416,HOOKER BOATWORKS LLC
21417,QUARTERWIN FARMS LLC
21418,SUPER CHAMPION INC.
21419,"THE SHYFT GROUP EV SOLUTIONS, LLC"
21420,POWERHOUSE RV CENTER INC
21421,OUT & UPFITTERS LLC
21422,STREET CUSTOMZ LLC
21423,"PINNACLE EMERGENCY VEHICLES, LLC"
21424,GETFOODTRAILERS.COM LLC
21425,A2M2 TRAILERS
21426,ILM INC
21427,DOVE WELDING & FABRICATION
21428,SOL AUTO LLC
21429,"GUANGZHOU RUIJING INTERNATIONAL TRADE CO., LTD"
21430,RALSON TYRES LIMITED
21431,BUONOCO MFR.
21432,ON THE WATER INNOVATIONS LLC
21433,"WICKED CREATIONS, INC."
21434,"GRATIMAX, LLC DBA MCELRATH TRAILERS"
21435,"SPECIAL EDITIONS, INC."
21436,"HIGH LEVEL ENTERPRISES, INC."
21437,JHB INC. DBA FROLIK CARGO CAMPERS
21438,SUPERFORMANCE LLC
21439,HOOK-UPS TRAILERS INC.
21440,INTIMIDATOR LLC
21441,"OE WHEEL DISTRIBUTORS, LLC."
21442,"KPE COMERCIALIZADORA AGROPECUARIA DEL NOROESTE, S.A. DE C.V."
21443,JJ REMOLQUES EN RENTA SA DE CV
21444,VICINITY MOTOR (BUS) USA CORP
21445,GENTEX CORPORATION
21446,METALCRAFT OF MAYVILLE INC.
21447,MIKES TRUCK SERVICE AND SALES INC.
21448,JOURNEY RV LLC
21449,J AND S OILFIELD SERVICES
21450,ROHLING'S DIESEL & HOSE REPAIR
21451,LEGEND EQUIPMENT
21452,DM TRAILERS
21453,AUTOGLAS OPCO BM S.L
21454,HECTOR ALEJANDRO MENCHACA GUAJARDO
21455,27NORTH INC
21456,BOSS MOTOR INC.
21457,AIR & HOSE SOURCE
21458,"HOWMET AEROSPACE, INC"
21459,RILEY INDUSTRIAL SERVICES INC.
21460,"THE NEW TAMAQUA TRUCK AND TRAILER, LLC"
21461,"HAWKINS GLASS WHOLESALERS, LLC"
21462,WHITEY EXTERIORS
21463,LOS SAUCES WELDING
21464,JF TRAILERS LLC
21465,SYLVER MOTOR CORPORATION
21466,ELITE ELECTRIC VEHICLES LLC
21467,TEST MANUFACTURER 4/1/2022
21468,MJ TEXAS TRAILERS LLC
21469,ROCKET MARINE INC.
21470,HOLT CAT
21471,HY-FLEX CORPORATION
21472,RANCH KING TRAILERS
21473,NEW TREADS LLC
21474,TRUCK COMPONENT SERVICES THE LARSON GROUP
21475,OVERLAND DESIGN-BUILD
21476,DRIVE MASTER SYSTEMS AND CONTROLS LLC
21477,"GLASS ENTERPRISES, INC."
21478,ROGUE VAN COMPANY
21479,SOUTHERN GRACE STEEL FABRICATION LLC
21480,J & J TRAILER REPAIR
21481,"FACTORY FIVE RACING, INC."
21482,JOEBED LLC
21483,PINES MANUFACTURING LLC
21484,NEVAREZ CO LLC
21485,TRURV INC.
21486,BOONDOCKER EQUIPMENT INC.
21487,9069-4654 QUÉBEC INC.
21488,FOUR DEGREE TRAILER COMPANY
21489,LAND DOMINATOR LLC
21490,OUT OF BOUNDS TRAILERS
21491,PATRIOT TRAILER
21492,SNO TRAILERS
21493,CITY OF WOODWARD
21494,FIM TRADE LLC
21495,"ZHEJIANG HAOYUAN INDUSTRY CO., LTD"
21496,"NINGBO YAJIADA MOTOR CO., LTD."
21497,LEAN SOON TYRE SDN. BHD.
21498,YANGZHOU HONGJU GLASS PRODUCTS COMPANY
21499,MOKE USA LLC
21500,"ZHEJIANG AUTOM ALUMINUM WHEEL CO., LTD"
21501,"BME FIRE TRUCKS, LLC"
21502,ANCHI MOTORCYCLE TECHNOLOGY LIMITED
21503,ASCEND INDUSTRIES S.A. DE C.V.
21504,CLASSIC TRAILERS MX
21505,"INDUSTRIAS KUZZY DE MEXICO, S.A DE C.V."
21506,INFRAVISION PTY LTD
21507,REMOLQUES JARSA S.A. DE C.V.
21508,STATTONROCK SIMPLY LIVING LTD.
21509,VALENS COMPANY LIMITED
21510,FAUDOA TACO CARTS & TRAILERS LLC
21511,"INTEGRITY ROAD EQUIPMENT, LLC"
21512,DC WHOLESALE COMPANY INC
21513,"DANFOSS POWER SOLUTIONS II, LLC"
21514,"AXLE OF DEARBORN, INC."
21515,AMBERS MOBILE PET SALONS INC
21516,PIKE OUTDOOR LLC
21517,ENCORE RV LLC
21518,JULIAN E. RICE & CO.
21519,SMITH TRUCK BODY LLC
21520,TENCO INC.
21521,GOODGUYS TRAILERS
21522,"LEITO & ASSOCIATES, LLC"
21523,R VENTURE CONTRACTING
21524,EMPIRE RADIATOR SERVICE
21525,JQ WELDING
21526,"DOREL CHINA AMERICA, INC."
21527,"CAHILL SERVICES OPERATING, LLC"
21528,EMERGENCY TRANSPORTATION ASSOCIATES
21529,UMPQUA MARINE
21530,"FREED, LLC"
21531,"FENTON MOBILITY PRODUCTS, INC."
21532,ORTHENE CHEMICALS LTD
21533,ALLARD MOTOR WORKS LLC
21534,"PROFORM TRAILERS, INC"
21535,NEXT LEVEL TRAILERS LLC
21536,ULURU TRAILERS
21537,FORECAST SALES INC.
21538,MAKING AMERICAN TRAILERS LLC
21540,"HYTEC EQUIPMENT COMPANY, LLC"
21541,"QINGDAO FOOD VAN MACHINERY CO., LTD."
21542,"EASTWAY TANK,PUMP AND METER LTD"
21543,SCHUBERTH GMBH
21544,JOSE ANTONIO GRANADOS SAUCEDO
21545,"CHANGZHOU JIASHENG VEHICLE PARTS CO., LTD."
21546,"ZHONGJING AUTO PARTS (TAIZHOU) CO.,LTD"
21547,"NINGBO BEILUN HAIYU AUTOMOTIVE LAMP CO., LTD."
21548,"CHANGZHOU XINGYU AUTOMOTIVE LIGHTING SYSTEMS CO., LTD."
21549,"FOSHAN JEDISON ELECTRONIC TECHNOLOGY CO., LTD."
21550,JUAN ADOLFO CANTU RODRIGUEZ
21551,"GREENSTREET EV, INC."
21552,"QINGDAO ORIENTAL SHIMAO IMPORT AND EXPORT CO.,LIMITED"
21553,ROSENBAUER INTERNATIONAL AG
21554,"SHANDONG YANZHIMEI BARBECUE EQUIPMENT CO., LTD"
21555,"BAE SYSTEMS, INC."
21556,TARENO SA DE CV
21557,"ZHEJIANG LANGXIANG INDUSTRY CO.,LTD."
21558,"ZHONGNAN ALUMINUM WHEEL (FOSHAN) CO., LTD."
21559,BNDTRAILERS LLC
21560,COMPASS POINT TRAILERS LLC
21561,CENTURY DELIVERIES
21562,FGR MECHANICAL INC
21563,"ED'S AUTO,INC"
21564,CAMPPAD
21565,FWMOTO INC.
21566,"THOMAS GROUP COMPANIES, LLC"
21567,MAVERICK ULTIMATE MANUFACTURING
21568,WEIGHT WISE RV
21569,MONGOOSE INDUSTRY LLC
21570,T&D LOGISTICS LLC
21571,A&R ECONOMY CARGO TRAILERS LLC
21572,4 BOSS TRAILER MANUFACTURING
21573,RRR CUSTOM FOOD TRAILERS LLC
21574,JT-KUSTOMS LLC
21575,"SOLAR ADVANCED WARNING SYSTEMS, INC."
21576,ET QUALITY RV
21577,PIRTEK - LEHI
21578,TELERIC CORPORATION
21579,NORDIC LODGE INC.
21580,WELDCAT FABRICATION INC.
21581,CATERHAM CARS NORTH AMERICA LLC
21582,"HEBEI KEMO AUTO PARTS TECHNOLOGY CO.,LTD"
21583,"JIANGSU HONGJI AUTO PARTS CO.,LTD."
21584,RED RIVER FABRICATION
21585,"JIANGSU LINHUI AUTOMOBILE PARTS CO.,LTD"
21586,"STAGHORN INDUSTRIES, LLC"
21587,"Tom's Auto Options "
21588,CARMONA PRESTIGE HOMES LLC
21589,CARAVAN UNIVERSAL UPFIT  FACTORY LLC
21590,ZEUS ELECTRIC CHASSIS INC.
21591,"BOWE METAL FABRICATION & REPAIR, INC."
21592,"BRINKLEY RV, LLC"
21593,SILVER METALX INC
21594,"NATIONAL TANK & EQUIPMENT, LLC"
21595,REDLINE CUSTOM TRAILERS
21596,ALASKA RUBBER GROUP
21597,BABY TREND
21598,LONE PINE FABRICATION
21599,AMERICAN CRAFTERS INC
21600,TONNELLE TIRES LLC
21601,TRW EMPIRE
21602,QUALITY TRUCK AND TIRE SERVICE LLC
21603,HOBBS COMPANY LIMITED LLC
21604,CALI FOOD TRUCK AND TRAILER CORPORATION
21605,"BLACK TIE PRODUCTS, LLC"
21606,MOBILE PROCESSING TRAILERS AND SUPPLY
21607,RANDON S.A IMPLEMENTOS E PARTICIPAÇÕES
21608,"IROK TRAILERS, INC."
21609,"TRUCK PARTS & SALES OF CONNECTICUT, INC"
21610,"NOREASTER FABRICATIONS, INC"
21611,STARK FUTURE USA LLC
21612,"MODERN BUGGY RV, LLC"
21613,"WINNER CYCLES, LLC"
21614,MASTER TECH TRUCK & EQUIPMENT LLC.
21615,BIG SLACK OFF ROAD
21616,HONEST AL MFG
21617,FP RACING LLC
21618,QUALITY RETREADING AND TIRE COMPANY INC.
21619,GOOD RV EQUIPMENT INC.
21620,"SHANDONG LUHE GROUP CO., LTD."
21621,AGP WORLDWIDE OPERATIONS GMBH
21622,AGROKTIMA S. A.
21623,ARC V LTD
21624,BAODING SOUTH URBAN BRAKE HOSE COMPANY
21625,"BOGO CO., LTD."
21626,CANADIAN LOAD DIVIDER DOLLIES INC.
21627,CNREALLY KNOWN CORPORATION LIMITED
21628,"DANYANG RI'AN AUTOMOBILE PARTS CO., LTD"
21629,R TINY HOMES LLC
21630,"24/7 VEGAS MOTORSPORTS LTD "
21631,WURZBACH ELECTRONICS INC.
21632,CUSTOM FOOD TRUCKS AND REPAIR
21633,SUPERIOR CHASSIS INC
21634,OFF GRID ADVENTURE VANS LLC
21635,LAWLIS MFG.
21636,SOUTH AMERICA CORP
21637,HUNTER RMV LLC
21638,RUSTIC MOUNTAIN HOLDINGS LLC
21639,RM THUNE LLC DBA WILKEN HOMES
21640,"COSENTINO MOTOR COMPANY, LLC"
21641,TINY HOUSE RV RENTALS LLC
21642,"QINGDAO TUNE IMPORT AND EXPORT CO.,LTD"
21643,FLOWERS CUSTOM TRAILERS & REPAIR LLC
21644,ADAPTIVE HUMANITY LLC
21645,"CELTIC MANUFACTURING, LLC"
21646,ASHEBORO GOLF CARTS
21647,"SALTY RENTALS NSB, LLC"
21648,"BANDIT TRAILERS, LLC"
21649,KAISER TINY HOMES
21650,"ELECTRIC BIKE COMPANY, LLC"
21651,AMBUSH OUTDOOR PRODUCTS
21652,INEOS AUTOMOTIVE AMERICAS LLC
21653,BRANDS BUILT
21654,DURABUILT HOMES LLC
21655,"MEIZHOU SAINT-GOBAIN SEKURIT AUTOMOTIVE GLASS.,LTD"
21656,"DANYANG XINTIANYI TEZHONGCHELIANGLINGBUJIAN CO., LTD"
21657,JAYASHREE TUBESTECH COMPONENT PRIVATE LIMITED
21658,"JIAXING MINXIN SAFETY GLASS CO., LTD."
21659,AIR-FLO MFG. CO. INC.
21660,Kyungju Tire & Rubber (KTR)
21661,VAN AMERICA LLC
21662,ALPACAMPER INC.
21663,BLAZER WELDING AND TRAILERS LLC
21664,"CA RETREADING, LLC"
21665,FOX CITIES BUILDERS
21666,MILLER TRAILERS
21667,PERFORMANCE FAB LLC
21668,ALL STATE TRAILER COMPANY
21669,QUADRACYCLE DESIGN COMPANY LLC
21670,WALKER INSPECTION LLC
21671,HOLLIFIELD FABRICATION SERVICES LLC
21672,DB MOTORING GROUP
21673,"ZG TRAILERS, LLC"
21674,DG MARSHALL ASSOCIATES
21675,HOSES UNLIMITED
21676,FLORIDA BUILT TRAILERS LLC
21677,CIRCLE M WELD & FAB INC.
21678,XXISS CORP.
21679,WORKHORSE TRAILERS LLC
21680,TUBEWORKS INC.
21681,1488 TRAILERS
21682,RANKINS UNIQUES
21683,PROPELL AMERICAN LLC
21684,DOBYS KUSTOM KARTS
21685,DYNAMIC DRIVES & DESIGN
21686,MINK CAMPERS EHF
21687,RANDON NORTH AMERICA LLC
21688,MICHELIN NORTH AMERICA (CANADA) INC.
21689,HENAN WEHOPE SPECIAL EQUIPMENT CO. LTD
21690,"SOCIEDADE MICHELIN DE PARTICIPACOES, INDUSTRIA E COMERCIO LTDA"
21691,BOTERO CARTS
21692,CURRY'S TRANSPORTATION SERVICES INC
21693,AMP MARINE LLC.
21694,CUBE SERIES RV
21695,"JET HOSE & PACKING, INC."
21696,CSC OF IMPERIAL VALLEY
21697,BABYARK INC.
21698,ALWAYS DOING SOMETHING INC.
21699,MAHANSARIA TYRES PRIVATE LIMITED
21700,ATKINSON ROLL OFF
21701,UNITED AUTO MALL INC.
21702,STEEL CREEK TRAILERS LLC
21703,WALLACE FABRICATIONS LLC
21704,O & R WELDING SA
21705,LETHAL PERFORMANCE INC
21706,NATIONAL TRAILER MANUFACTURING
21707,HYVISTA
21708,"GHEER BUILT, LLC"
21709,GOLF CARTS PLUS LLC
21710,"NEWBOT (HK) CO., LIMITED"
21711,"ZHEJIANG WUZHENG COMMERCE & TRADING CO., LTD"
21712,"QINGDAO MARRIS RUBBER CO.,LTD"
21713,"GUANGZHOU DIAMOND TIRE CO.,LTD"
21714,"SHANGHAI ZHICHENG MACHINERY EQUIPMENT CO., LTD."
21715,"TAIZHOU ZHILONG TECHNOLOGY CO.,LTD"
21716,"WOLF MANUFACTURING, LLC"
21717,FALCON RIGWERX LLC
21718,SOUTH FLORIDA GOLF CARTS
21719,VAUGHN SAN ANTONIO INC.
21720,TRAILER MANIA LLC
21721,ELECTRIC ELK LLC
21722,COLORADO CAMPER VAN
21723,TOWN OF LITCHFIELD PUBLIC WORKS DEPARTMENT
21724,ANAMNESIS CORPORATION
21725,"VAPORBRANDS INTERNATIONAL INC., DBA E-CITE MOTORS GROUP"
21726,BIVOUAC OVERLAND LLC
21727,"ALLEN CAMPER MANUFACTURING COMPANY, INC."
21728,ANVIL TRAILER COMPANY
21729,ALL WORLD TRAILERS LLC
21730,"AMPLE, INC."
21731,MIDWEST TRAILERS LLC
21732,"SHANGHAI ZHISHI AUTOMOBILES PARTS CO., LTD"
21733,HEWES MARINE
21734,CAPSTONE DESIGN AND FABRICATION INC.
21735,ROQUE TRAILERS LLC
21736,CT INDUSTRIES LLC
21737,FOSTER'S CUSTOM FABRICATION LLC
21738,"KIRILA FIRE TRAINING FACILITIES, INC."
21739,BRAHMA TRAILER LLC
21740,IRON STAR MANUFACTURING INC.
21741,"GLENNWOOD TINY HOMES, LLC"
21742,TITAN VANS LLC
21743,STERLING LUXURY COACHES
21744,ROAD TO SUCCESS LLC
21745,SYNERGIES CASTINGS LIMITED
21746,RYVID INC
21747,EW2 II LLC   DBA MOBILE CONCEPTS SPECIALTY VEHICLES
21748,"LUFENG DONGSHEN MOTORCYCLE CO., LTD."
21749,HERITAGE FABRICATION INC.
21750,HIT TRAILERS LLC
21751,"QINGDAO AARON INDUSTRY CO., LTD."
21752,"MCCARTHY TIRE SERVICE COMPANY OF NJ, LLC"
21753,ZHUJI VEHICLE AXLE FITTING PLANT
21754,SERENDIPITOUS ENDEAVORS LLC
21755,"KIDSEMBRACE, LLC"
21756,SOUTHERN MADE TRAILERS AND EQUIPMENT
21757,"HENAN LOFTY MACHINERY EQUIPMENT CO.,LTD"
21758,"HENAN MOBO ELECTRIC TECHNOLOGY CO., LTD."
21759,"NINGBO ERZODA MACHINERY TECHNOLOGY CO., LTD"
21760,"MEIJI FLOW SYSTEMS CO., LTD."
21761,"HK PUVITER INTERNATIONAL CO., LIMITED"
21762,"JIANGSU DONGZHIBAO VEHICLE INDUSTRY CO.,LTD."
21763,"JIANGSU ZHONGBO GLASS TECHNOLOGY CO., LTD"
21764,LES INDUSTRIES FIBROBEC INC.
21765,"NINGBO YOUYING BABY PRODUCT CO.,LTD."
21766,"QINGDAO SEAHISUN TRAILER TECHNOLOGY CO., LIMITED"
21767,REDWOOD GLOBAL LTD
21768,TERRAROVER OVERLAND COMPANY
21769,ACE METALWORKS LLC
21770,INFAMOUS COMPANY CORP.
21771,ACE MOTORCYCLE
21772,VELOCITY RESTORATIONS LLC
21773,"ZHUCHENG LUYANG TIRE CO.,LTD."
21774,"GRANSTELLAR TIRES CO., LTD."
21775,USA CHASSIS
21776,COUGER MANUFACTURING LLC
21777,"JIANGYIN PREMIER AUTOPARTS INDUSTRY CO.,LTD"
21778,RIZHAO HANMA TIRE CORP
21779,"RUIAN HONGWEITE AUTO PARTS CO.,LTD."
21780,"SHANDONG DONGHAO AUTO GLASS CO., LTD."
21781,"SHIYAN TIEMA AUTOMOBILE PARTS CO., LTD"
21783,"SMARDA INDUSTRY & TRADE CO., LIMITED"
21784,TALLER METALURGICO CARIBE S.A
21785,CAMPERS Y CASETAS TEPA SA DE CV
21786,JJM TRAILERS LLC
21787,BURGESS AMBULANCE SALES
21788,CHARACTER CARTS LLC
21789,M&R MANUFACTURING AND SUPPLY INC
21790,THINK BIG TRAILERS LLC
21791,"LANCASTER LOG CABINS, LLC"
21792,BODINE WELDING & FABRICATION LLC
21793,GRANITE INDUSTRIES
21794,"TROYER BROTHERS, INC."
21795,"SPARTAN EV, LLC"
21796,SYNERGIES CASTINGS LIMITED
21797,WUXI MYFIT CHILD PRODUCTS CO LTD
21798,TAN THANH TRADING MECHANIC CORPORATION
21799,"CHENGLI SPECIAL AUTOMOBILE CO.,LTD"
21800,"OXLEY AUTOMOTIVE CO., LTD."
21801,STREET TRAILERS
21802,VANAHOLIC LLC
21803,"WHITEHEAD CONSTRUCTION, INC."
21804,MARTIN TRANSPORTATION SYSTEMS
21805,"TRADE UNION INTERNATIONAL, INC."
21806,NOBLE TRANS LLC
21807,LEGACY LIMOUSINE & LUXURY COACHES
21808,FABPLUS LLC
21809,V&J TRAILERS
21810,HIMOINSA POWER SYSTEMS
21811,THE FARMERS' TRUCK INC
21812,ARMORTECK INC.
21813,"ZHEJIANG CHANGLONG AUTO LIGHTING CO.,LTD"
21814,IDEAL CARGO INC
21815,ZHENGZHOU BIUCO SAFETY TECHNOLOGY CO. LTD
21816,"ZHONGNAN ALUMINUM WHEEL (GUANGDONG) CO., LTD."
21817,"WUXI THAI-RACING TRADE CO.,LTD."
21818,CONEX INDUSTRIA E COMERCIO DE CONEXÕES E MANGUERIAS
21819,CONSORCIO INDUSTRIAL DE MANUFACTURAS SJ DE FRONTERA S.A. DE C.V.
21820,ParallelExlm Inc.
21821,"FOSHAN LEADCOM SEATING CO.,LTD."
21822,SUNSET CHOPPERS INC.
21823,FRANCISCO YANES PUIGBO
21824,"FUJIAN HEXING RUBBER CO., LTD."
21825,GERHARD BLATZ BULHER DBA REMOLQUES DEL CORREDR
21826,HANIA ELIZA GUERRA HADDAD
21827,HARVEY TECHNOLOGY PTY LTD
21828,QUALITY TRUCK GROUP
21829,TRIPLE X TRAILERS LLC
21830,"ROADFORCE COMPANIES, LLC"
21831,ROSE CITY CANOPY INC.
21832,"KSI CONVEYORS, INC"
21833,"RGN MANUFACTURING SERVICES, PLLC"
21834,HITCH KING INC.
21835,P&C UNITED DISTRIBUTION
21836,MOKE INTERNATIONAL LIMITED
21837,ODYSSEY TRAILERS LLC
21838,"PRAIRIE FIRE FABRICATION, LLC"
21839,WERIDE
21840,MILL SCALE LLC
21841,SOUTHWEST IRRIGATION
21842,"GOODWATER TINY HOMES, LLC"
21843,GRANDVIEW SALES
21844,SABER TRAILERS
21845,"BENCHMARK, INC."
21846,IRONCLAD FABRICATION LLC
21847,BULLETPROOF TRAILERS LLC
21848,PERFORMANCE ASSEMBLY SOLUTIONS LLC
21849,MID TOWN TRAILERS LLC
21850,VOSSEN WHEELS INC
21851,"RAD RYDZ, LLC"
21853,ASTON METAL ART
21854,RO7 SERVICES LLC
21855,ALPHA CARGO TRAILERS LLC.
21856,COMMERCIAL TIRE
21857,"LIVE MORE CAMPERVANS, LLC"
21858,"JIANGSU TRINAWAY NEW ENERGY TECHNOLOGY CO., LTD."
21859,JIAXING OLSA MANUFACTURING COMPANY
21860,"KAWASAKI MOTORS, LTD."
21861,CRATEBOX MANUFACTURING
21862,"LENS TECHNOLOGY (CHANGSHA) CO., LTD"
21863,MI BUS TRANSPORT S.A. DE C. V.
21864,BEAT THE STREET INTERIORS INC
21865,QUSEM DEL NORTE
21866,RSP GMBH
21867,IRON EAGLE DIRECT
21868,"SIRIUS LIGHT TECHNOLOGY CO., LTD."
21869,"SUZHOU JIAYOU JIXING AUTO PARTS CO., LTD."
21870,AC CARS (ENGLAND) LIMITED
21871,SUZUKI MOTOR CORPORATION
21872,"TAIZHOU ZHUOMA VEHICLE INDUSTRY CO., LTD."
21873,"TIANJIN WANDA TYRE GROUP CO., LTD."
21874,GALE MARINE LLC
21875,ARNESEN DESIGN GROUP INC.
21876,AMERICAN STEEL TRAILERS LLC
21877,GATEWOOD TRAILER EMPIRE LLC
21878,GABRIEL'S WELDING & TRUCK BODY
21879,EAST TEXAS TRAILERS S.A. DE C.V.
21880,MAXILITE AG
21881,"HUNTER TRAILERS, S.A. DE C.V."
21882,BUGATTI RIMAC D.O.O.
21883,"WESTGEN POWER SOLUTIONS, INC."
21884,BELLOWS FALLS TIRE LLC
21885,EDWARDS WELDING AND TRUCK
21886,"SOUTHSIDE TIRE OF NEBRASKA, LLC"
21887,ROAD TRAMPS MC
21888,"ELITE RETREAT HOMES, LLC"
21889,SYNERGIES CASTINGS LLC
21890,"BOSS VAC, LLC"
21891,TIPCO TECHNOLOGIES
21892,RAYCO TRAILERS MANUFACTURING LLC.
21893,"OPTIMUS INDUSTRIES, LLC"
21894,RUSTIC TRAIL RV LLC
21895,ARKONIK LTD
21896,"JETSTREAM OF HOUSTON, LLP"
21897,AMERICAN INTEGRATED SECURITY GROUP
21898,ALLARD MOTOR WORKS INC.
21899,MANGELS INDUSTRIAL S/A
21900,"RENEGADE TRUCK EQUIPMENT, INC."
21901,ANTON TIRE
21902,GLOBAL EV CONNECT LLC
21903,ABBA TRAILERS LLC
21904,BOSQUE INTEGRITY FABRICATION LLC D/B/A CELLTECH TRAILERS
21905,"PROLIFIC METAL WORKS, INC."
21906,HIZA WELDING LLC
21907,GUD MOTORSPORTS LLC
21908,TEXMEX SERVICES LLC
21909,"HEALTHY HOME SERVICES, LLC"
21910,JACOB JAYNES SALES
21911,"KAUFMAN TRAILERS GROUP, LLC"
21912,"NWD OFFROAD & PERFORMANCE, INC."
21913,FLEET TECH INC
21914,HANSEN TRAILERS LLC
21915,TORO DESIGN AND MANUFACTURING LLC
21916,"GLADE TOP ADVENTURES, LLC"
21917,LOGAN CORP
21918,WANDERBOX MANUFACTURING LLC
21919,SOUTH COAST TRAILERS
21920,DFC COMPANY
21921,DETROIT FLEX DEFENSE
21922,ALS WELDING & STEEL FAB
21923,"HERITAGE INDUSTRIES, LLC"
21924,RALLY SPECIALIST INC
21925,"VAN HAUS, LLC"
21926,MELIUS CORPORATION
21927,"LYNN KOLAJA FIRE EQUIPMENT SALES, INC."
21928,BT TRAILERS LLC
21929,TEXAS AG & INDUSTRIAL SUPPLY
21930,MOBO MANUFACTURING INC
21931,"PETERSON MANUFACTURING, LLC"
21932,"KTM NORTH AMERICA, INC."
21933,SECOND WIND TRAILERS LLC
21934,DAMON MOTORS CORPORATION
21935,COLE'S MASTERCRAFT DOG TRAILERS
21936,BEAVERFIT USA
21937,CANOO TECHNOLOGIES INC.
21938,TRAIN VIEW WINDOW & DOOR LLC
21939,LEHDREX INC
21940,MULTICO USA LLC
21941,RBGL LLC
21942,MOTORSPORT TRAILER SPECIALISTS LLC
21943,"ADVANCED METAL PRODUCTS,INC"
21944,ELITE MANUFACTURING LLC
21945,SAGE SUPPLY INC
21946,BIG DADDY WELDZ
21947,CUSTOM MOBILE SAUNAS LLC
21948,"VOLCON, INC"
21949,ARCANE TRAILERS
21950,"MOSER ENGINE SERVICE, INC."
21951,CELLTECH TRAILERS LLC
21952,AFFORDABLE FOOD CART RENTALS LLC
21953,GERARDO RODRIGUEZ BENAVIDES
21954,"RANGE ENERGY, INC."
21955,"SHANDONG HENGDA RUBBER CO.,LTD."
21956,"JIANGSU DIBON AUTOMOBILE PARTS CO., LTD"
21957,HARBINGER MOTORS INC.
21958,EBUSCO HOLDING N.V.
21959,"XINYI GLASS (HAINAN) CO., LTD"
21960,CALVERA MAQUINARIA E INSTALACIONES S.A.
21961,LECITRAILER S.A.
21962,"ALL GOOD EQUIPMENT COMPANY, LLC"
21963,"WUXI TONMA ELECTRIC VEHICLE CO.,LTD"
21964,TRAILER SHOP S.A. DE C.V.
21965,SPECIALIZED TRAILERS SA DE CV
21966,HORIZON TRAILERS MEXICO S DE RL DE CV
21967,FREEDOM VANS LLC
21968,"ELI ELECTRIC VEHICLES, INC."
21969,"BUTTE BUILDOUTS, LLC"
21970,COSMI SERVICIOS DE MANTENIMIENTO S.A. DE C.V.
21971,PHOENIX BUILDING SOLUTIONS
21972,H&S WELDING AND FABRICATION
21973,TRAILER PLUS LLC
21974,J & J TRAILER STAR
21975,JOHN T. PRICE DBA USA REPLACEMENT AUTO GLASS
21976,BOUNCE BACK SERVICES
21977,MOTION AND CONTROL ENTERPRISES LLC
21978,"I-LOAD, LLC"
21979,ARBUCKLE’S HOMES TO GO INC.
21980,"MIRANDA ANN HOLDINGS, LLC."
21981,GEM WAEV LLC
21982,BLACK STAR TRAILERS
21983,"MICHELIN SIAM CO., LTD."
21984,"MICHELIN ITALIANA, SOCIETÀ PER AZIONI"
21985,"MICHELIN REIFENWERKE, AG & CO."
21986,MICHELIN ESPAÑA PORTUGAL S.A.
21987,ASA TRANSPORTATION LLC
21988,818 CHOPPERS
21989,MANUFACTURE FRANCAISE DES PNEUMATIQUES MICHELIN
21990,TIGAR TYRES D.O.O.
21991,MICHELIN ROMANIA S.A.
21992,"MICHELIN POLSKA SP, Z.O.O. (LLC)"
21993,MICHELIN HUNGARIA TYRE MANUFACTURE LTD
21994,KIA CORPORATION
21995,POLYMERSHAPES DISTRIBUTION CANADA INC.
21996,"TXMFG, LLC"
21997,ROSSMONSTER VANS LLC
21998,INTERNATIONAL TRUCK BODY INC.
21999,JANTSA JANT SANAYII. VE TICARET. A.S.
22000,LANG LANG PHOTOELECTRIC (DONGGUAN) TECHNOLOGY LIMITED
22001,MM CARROCERIAS S.A. DE C.V.
22002,SAINT-GOBAIN SEKURIT INDIA LTD.
22003,"WEST VALLEY, S.A. DE C.V."
22004,SELS USA LLC
22005,"BUCKWILD TRAILER MFG,LLC"
22006,SPOKANE HUTTERIAN
22007,LIBERTAS MOTORBIKES LLC.
22008,"CACHE CAMPER MFG. INC. - PALMER, AK"
22009,TORRES-CASTANEDA TRAILER LLC
22010,"WUXI DAYANG ELECTRIC TECHNOLOGY CO., LTD."
22011,"WUXI TENGHUI ELECTRIC VEHICLES CO., LIMITED"
22012,BEON HELMETS INDUSTRY LIMITED
22013,BLITZ ELECTRIC MOTORS LTD.
22014,EVCO MANUFACTURING
22015,"RV ELEMENT, LLC"
22016,RAWRR INC.
22017,RD TRAILERS LLC
22018,RUFUS POWER BOATS
22019,GAMMA PROJECTS LLC
22020,CENLA STEEL ERECTORS INC.
22021,"HOLMAN & MOODY, INC"
22022,"SCAF PAK TRAILERS, LLC"
22023,DISCOVERY DESIGN TRUCK BODY AND EQUIPMENT INC.
22024,"TRIME US, INC."
22025,RCM MANUFACTURING
22026,"TRIPLE-T CARGO TRAILERS, LLC."
22027,"MADTEX CONSTRUCTION, LLC"
22028,DEEP VEE MANUFACTURING INC. DBA BOULTON BUILT
22029,QUALITY EQUIPMENT SALES AND SERVICE
22030,"AUDETTE MOTORCYCLE COMPANY, LLC"
22031,DRAGON TINY HOMES
22032,NATIONAL MACHINERY & FABRICATION INC.
22033,"AMERICAN CARGO GROUP TRAILERS, LLC"
22034,"THE BLACK HOLE ICE SHACK, LLC"
22035,TITAN TRUSS TRAILERS LLC
22036,US 281 TRUCK & TRAILER SALES LLC
22037,"ADVANTAGE FLEET, LLC"
22038,BERDEX USA LLC
22039,"LILLIBRIDGE METAL CRAFT, LLC"
22040,GARIA INC.
22041,"DANYANG ZHIHE AUTO PARTS CO.,LTD"
22042,TRI-COUNTY HOSE & HYDRAULICS
22043,"GUANGZHOU LOSUN ELECTRONICES TECHOLOGY CO., LTD."
22044,HELENA SUDERMAN NEUDROF Y/O FABRICA DE TUBOS Y REMOLQUES EL AGUILA 602
22045,"JIAMEI (SHANDONG) RUBBER CO.,LTD."
22046,FREEDOM BUILDERS
22047,GROUP LOS ANDES INC.
22048,"SPV COACH COMPANY, INC."
22049,"SHANDONG ANTE SPECIAL VEHICLES MANUFACTURING CO.,LTD"
22050,"TAIZHOU SHENGLONG MOTORCYCLE FITTINGS CO., LTD."
22051,"ZHEJIANG CFMOTO POWER CO., LTD"
22052,"(HONG KONG) SUMEC CO, LTD"
22053,"ASHIMORI KOREA., LTD."
22054,"FOSHAN XIANMING ELECTRIC CO.,LTD"
22055,FUTENGDA VEHICLE(HK) LIMITED
22056,VEOLECTRA INC
22057,"HEBEI CHUANLUO AUTO PARTS CO., LTD."
22058,"HENAN YINHANG GLASS CO.,LTD."
22059,INEOS AUTOMOTIVE LIMITED
22060,"KUNSHAN HENGNUO AUTOMOBILE PARTS CO.,LTD"
22061,"MC MOTO, MOTOINDUSTRIJA, D.O.O."
22062,"MKING TECHNOLOGY (HONGKONG) CO., LIMITED"
22063,NAFFCO FZCO
22064,"QINGDAO WANFANG RECYCLING TECHNOLOGY CO., LTD."
22065,ROMARCO S.A.S.
22066,"SHANGHAI LAIERDE AUTOMOBILE TECH-DEVELOPMENT CO .,LTD"
22067,SULTANA CARROCERIAS S.A. DE C.V.
22068,TUNING FACTORY GMBH
22069,"WUXI ZHONGFA TECHNOLOGY CO., LTD"
22070,"XINYI MINGDA GLASS CO., LTD"
22071,"ZHEJIANG ET TECHNOLOGY CO., LTD."
22072,ZHEJIANG GOLD INTELLIGENT SUSPENSION CORP.
22073,"ZHEJIANG JINYE AUTO PARTS CO.,LTD."
22074,"ZHEJIANG MINGDAO INDUSTRY CO.,LTD."
22075,"ZHEJIANG MORINI VEHICLE CO.,LTD."
22076,"ZHONGSHAN ROADMATE JUVENILE PRODUCTS CO., LTD"
22077,TRUCK WORKS HOLDINGS LLC
22078,THERMO-LAY MANUFACTURING LLC
22079,TAILWIND DESIGNS INC.
22080,INNOVA EV INC.
22081,JOHNS GARAGE LLC
22082,SHERPA TRAILERS LTD
22083,ECOCAR INC.
22084,ICONIC AUTOMOTIVE BRANDS LLC
22085,"INTEGRATED TOWER SYSTEMS, INC."
22086,CALECHE CUSTOMS
22088,ATC TRAILERS LLC
22089,EXCEL HOSE AND HYDRAULICS
22090,BACONS  DBA  LUMA LAST
22091,FOURMEN MFG
22092,DOLL AMERICA INC.
22093,RETNO LLC
22094,"TUSKY, LLC"
22095,HYDRADYNE LLC
22096,DOHO VANS
22097,ULTIMATE TOP DRIVES INC
22098,TITAN IMPORTS INC.
22099,WEICHAI YANGZHOU YAXING COMMERICIAL VEHICLE CO LTD
22100,FANZE T&M (JIASHAN) CO LTD
22101,"ZHEJIANG HONGSUN WHEELS CO.,LIMITED"
22102,TTNMX S. DE R.L. DE C.V..
22103,"FLEX TRAILERS, INC."
22104,TOWYO L.L.C
22105,SOUTHLAND GOLF CART
22106,DISCOUNT TRAILERS USA LLC
22107,MILLER’S CABINS AND DECKS
22108,"ADVENTURE COAST, LLC"
22109,PORTABLE CEDAR CABINS LLC
22110,HONOR LSV
22111,ANGAD FREIGHTS INC
22112,BLACKSERIES INTELLIGENT EQUIPMENT INC.
22113,TRUXCO TRAILERS
22114,CHICOT IRRIGATION INC
22115,TIMBERHAWK INC
22116,"AMERICAN CADDY VAC, INC."
22117,M & A HOLDINGS DBA BLACKED OUT CARTS
22118,IEV CORPORATION
22119,"ASTRA, LLC"
22120,"TRAILER SOURCES MANUFACTURER, LLC"
22121,"WELDING WORLD, INC"
22122,HIGHS WELDING AND FABRICATION
22123,TRIBAL IRON CUSTOMS
22124,HARMONY TRAILERS MANUFACTURING LLC
22125,ROBBY'S HITCHIN' POST
22126,DRAPERBILT LLC
22127,WM WELDING AND MANUFACTURING LLC
22128,GULFSIDE FABRICATORS
22129,WESTERN TRUCK EXCHANGE
22130,"INTEGRITY AUTOMOTIVE, LLC"
22131,USHI OUTDOORS LLC
22132,MAD YAK TRAILERS LLC
22133,DIVERGE TRAILERS LLC
22134,MARWAY WELDING LLC
22135,MOBILE BUSINESS SPECIALIST INC.
22136,BAKERSFIELD ONE STOP SERVICE
22137,"FAR-OUT TRAILER, LLC"
22138,"LOCO EV, LLC"
22139,JUICY JAMS LLC
22140,BAEZ MOTOR COMPANY
22141,FORTE BIMETAL
22142,"THE CARLSTAR GROUP, LLC"
22143,SHELLEM SOLUTIONS LLC
22144,UNIQUE ELECTRIC SOLUTIONS INCORPORATED
22145,VENTURE VEHICLES INC.
22146,DUNN RITE FABRICATION LLC
22147,BACKYARD STRUCTURES LLC
22148,NYCO CORPORATION
22149,"ADVANCED INTERNATIONAL MULTITECH CO., LTD."
22150,ELKINGTON ELECTRIC
22151,WARE COUNTY CARGO TRAILERS
22152,FINISH STRONG TRAILERS
22153,"CHONGQING FUJI MACHINE MANUFACTURING CO., LTD."
22154,M&T TRAILERS
22155,"CHONGQING REBO LIGHTING & ELECTRONICS CO.,LTD."
22156,"DANYANG HAOPENG VEHICLE PARTS CO., LTD."
22157,"DANYANG TIANHAO AUTO PARTS CO., LTD."
22158,DAYI INTELLIGENT TECHNOLOGY CO. LIMITED
22159,MOBILE COLD SOLUTIONS LLC
22160,EYE ON SOUND SRL
22161,GRUPOS ELECTROGENOS EUROPA SAU
22162,"HEBEI WEIYAO SPECIAL GLASS CO., LTD."
22163,"JIANGSU DESHI LUBRICATING OIL CO., LTD."
22164,"JIANGSU NEW SAIL AUTO PARTS CO., LTD"
22165,"JIANGSU YIXIANG GLASS TECHNOLOGY CO., LTD"
22166,BIRD-IN-HAND PET STRUCTURES
22167,INTEGRAL DX INCORPORATED
22168,ULTRA TRUCK WORKS INC
22169,ACCESS INVESTOR GROUP LLC
22170,SALBRO LLC
22171,NOAH TRADING LLC
22172,YUNJIN GROUP INC.
22173,BIGHORN LLC
22174,LEGION ELECTRIC VEHICLES LLC
22175,DOUBLE L TRAILERS
22176,JINHUA ZIYUAN INDUSTRY AND TRADE CO LTD
22177,"JONWAY GROUP CO., LTD."
22178,MEIBAN TECHNOLOGIES (ZHONGSHAN) CO. LTD.
22179,"NINGBO WEIGAO AUTO PARTS CO.,LTD."
22180,"NINGBO YUANYUAN AUTO ACCESSORIES CO.,LTD."
22181,MIKE GIBSON MANUFACTURING
22182,GAUTIER TRAILER COMPANY LLC
22183,OUTLAW TRAILERS SALES LLC
22190,PIONEER TRUCKWELD INC
22191,JIAYUAN POWER (HONG KONG) LIMITED
22192,HOMEWELL TECHNOLOGY CORP.
22193,PRITCHARD METALFAB
22194,ARKANSAS BOATS LLC
22195,"ADVANCED SYSTEMS TECHNOLOGY SPRAYER DEPOT, LLC"
22196,HOLSTON CREEK WELDING LLC
22197,"RICE ADVANCED ENGINEERING SYSTEMS AND RESEARCH, LLC"
22198,ELLIS COUNTY PUBLIC WORKS
22199,ECOSTREAM RV INDUSTRIES LLC
22200,JQ SPECIALTY VEHICLES
22201,LUXURY CUSTOM GOLF CARTS
22202,TITAN INTELLIGENCE TECHNOLOGY LLC
22203,PEG PEREGO S.P.A.
22204,"QINHUANGDAO BEIDAIHE HONGDA METAL PIPES INDUSTRY CO., LTD."
22205,MORGAN MOTOR COMPANY LIMITED
22206,"SHANDONG JUHANG VEHICLE CO., LTD."
22207,TERBERG BENSCHOP B.V.
22208,"TERCELO RUBBER TECHNOLOGY (DONGYING) CO.,LTD."
22209,VEGA AUTO ACCESSORIES PVT LTD
22210,"WUXI GREAT GENERAL COMPONENTS CO.,LTD"
22211,"ZHEJIANG SHUOZHI INDUSTRIAL AND TRADING CO., LTD."
22212,SJG TRAILERS LLC.
22213,TIMBILLY TRAILER
22214,KJE TINY HOMES
22215,4M  TRAILERS
22216,"413 CABINS, LLC"
22217,"Goodyear (Thailand) Public Company Limited "
22218,"Goodyear de Chile S.A.I.C. "
22219,Goodyear de Colombia S.A.
22220,PT Goodyear Indonesia Tbk
22221,PT MULTISTRADA ARAH SARANA TBK
22222,MOUNTAIN VIEW CUSTOM CABINS LLC
22223,TINY LIFE HOME BUILDERS LLC
22224,SKINNY GUY CAMPERS LLC
22225,"SHANGHAI MICHELIN TIRE CO., LTD."
22226,EDGE-EV
22227,"KODIAK EMERGENCY EQUIPMENT, INC."
22228,"MEYERS MANX, LLC"
22229,ADDAX OVERLAND LLC
22230,NATURES GENERATOR INC.
22231,TRIBAL IRON CHOPPERS
22232,REHABITAT LLC
22233,CARMOTIVE LLC
22234,BIG D'S MOTORSPORTS LLC
22235,SNH GOLF CARTS LLC
22236,SODERBLOOMS LLC
22237,LINX LLC
22238,"PROTERIAL CABLE AMERICA, INC."
22239,"NL BUILDERS, INC"
22240,"SUPERIOR HOSE & FITTINGS, INC."
22241,"KOIS BROTHERS EQUIPMENT CO., INC"
22242,"APG, LLC"
22243,"NOR-CAL LASER, INC."
22244,"TRAILER WORLD ACQUISITION COMPANY, LLC"
22245,"HOME FAB DESIGN, LLC"
22246,STREET LIFE CUSTOMS INC.
22247,"EPIC POWER SOULTIONS, LLC"
22248,ALBERTO DIAZ MUÑOZ
22249,"ANHUI SHENGJI AUTOMOBILE PARTS CO., LTD"
22250,"BAODING LIZHONG DONG'AN LIGHT ALLOY PARTS MANUFACTURING CO., LTD."
22251,"COMPTUR, LLC"
22252,"CHANGZHOU FUJIANG VEHICLE CO.,LTD"
22253,DUNLOOP RUBBER SOLE CO.LTO
22254,"BLUE COLLAR CUSTOMS, LLC"
22255,GAYAM MOTOR WORKS PRIVATE LIMITED
22256,TRAIL MAXX TRAILER SALES LLC
22257,PALADIN MOTORS
22258,TEXAS HOSE PRO
22259,LORD TRADING LOGISTICS LLC
22260,"ROBO-FIT, INC"
22261,S&R TRUCK LLC
22262,Trailerman Trailers Limited
22263,INSPIRE RVS LLC
22264,JELIN TRUCK AND TRAILER
22265,OFFROAD CAMPERS LLC
22266,"OLISANTI, S.A. DE C.V."
22267,"M & J FAB, LLC"
22268,BC COMPANIES LLC
22269,SOUTHSIDE LIVESTOCK EQUIPMENT INC.
22270,ISLAND CITY ENGINEERING
22271,PIRTEK - ALEXANDRIA
22272,"CON-TECH MANUFACTURING, INC"
22273,"HONG KONG RUNHORSE HOLDING CO., LIMITED"
22274,Sebring Works Ltd.
22275,MOUNTAIN VIEWS MOTORSPORTS
22276,"MICHELIN SHENYANG TIRE CO., LTD."
22277,BUILDING TINY IN ATX LLC
22278,"SEMCOR, INC."
22279,PINE TECHNOLOGIES LLC
22280,"BOLLINGER INNOVATIONS, INC."
22281,"GUANGDONG XINMATUO LOCOMOTIVE PARTS INDUSTRIAL CO., LTD."
22282,HELI MOTORCYCLE TECHNOLOGY LIMITED
22283,"INLAND TRAILER, S. DE R.L. DE C.V."
22284,"LUCKYLION TIRE FOREIGN TRADE CO., LTD."
22285,"NINGBO LITO AUTO PARTS CO., LTD."
22286,NORSTAR TRAILERS MEXICO S DE RL DE CV
22287,"QINGDAO LUDATONG RUBBER PRODUCTS CO., LTD."
22288,"QINGDAO WANSHISHUN SPECIAL VEHICLES CO.,LTD."
22289,QINGDAO WVK TIRE COMPANY LIMITED
22290,"QUANZHOU KWOK SHING AUTOMOTIVE SUBASSEMBLY CO., LTD."
22291,SANDRA DAVALOS SANCHEZ
22292,S.A.R.L. NANCY CHEVAL
22293,"SHANDONG KEYSTONE RUBBER GROUP CO., LTD."
22294,"SHANDONG KEYU SPECIAL AOTOMOBILE MANUFACTURING CO., LTD."
22295,"SHIYAN JINYIDA INDUSTRY AND TRADE CO., LTD."
22296,"WUXI TENGHUI INTERNATIONAL CO., LIMITED"
22297,AVID VEHICLES LLC
22298,IRON UPFITTERS & HEAVY REPAIR LLC
22299,LOWBOY MOTORSPORTS
22300,3D-OFFROAD
22301,PRECISION HOSE AND HYDRAULICS
22302,JVS CART COMPANY LLC
22303,ATLANTIC MARINE TRAILERS
22304,VENOM EV
22305,ARCS AND ALLOYS
22306,SIDEWINDER FABRICATION LTD
22307,OUTLAW TRAILERS LLC
22308,GLADIATOR TRAILERS SERVICE AND PARTS LLC
22309,METALIUM INDUSTRIES S. DE R.L. DE C.V.
22310,POLAR FOX OUTDOORS
22311,TRINITY ENTERPRISES LLC
22312,TRANSQUIP LLC
22313,ECHTHAFT TRAILERS LLC
22314,STAYMAN FABRICATION
22315,ELITE KITCHEN AND TRAILERS LLC
22316,RS TRAILERS INC.
22317,"GONTIS WELDING AND FABRICATION, LLC"
22318,VULCAN TRAILERS LLC
22319,"INFINITY VANS, LLC"
22320,WOODBREW LLC
22321,BEAVERS TRUCK PARTS LLC
22322,MOOSE MOUNTAIN ADVENTURE
22323,TEXAS METAL WORKS LTD CO
22324,THE OPULENT FOUNTAIN GROUP
22325,BEST BUILT TRAILERS LLC
22326,6186433 MB LTD / IRONMEN INDUSTRIES
22327,D. A. HOCHSTETLER  & SONS
22328,STREET LEGAL CARTS
22329,VENTURE LUXURY COACH BUILDER & LIMOUSINE DESIGNS L.L.C
22330,Goodyear do Brasil Produtos de Borracha Ltda.
22331,ADVENCE MOBILITY TECHNOLOGIES
22332,TJS METAL FUSION AND FABRICATION
22333,"ROLLING UNIT, INC."
22334,"PRS HOLDINGS, LLC."
22335,ASHLEY'S CAROLINA CARS
22336,YHI MANUFACTURING (MALAYSIA) SDN. BHD.
22337,YHI MANUFACTURING (S) PTE LTD
22338,DISCOUNT MFG CORP
22339,PEE DEE FABRICATORS INC
22340,HIGHCOUNTRY UNLIMITED LLC
22341,ACTIVAN LLC
22342,BLUE MOUNTAIN METALWORKS LLC
22343,YELLOWSTONE TRAILERS LLC
22344,EAG HOLDINGS LLC
22345,SEQUOIA AND SALT LLC
22346,COAST 2 COAST
22347,VERTISA CEVRE TEKNOLOJILERI INS.REK.DAN.ITH.IHR. SAN.VE TIC.LTD.STI.
22349,DY INNOVATE CORPORATION
22350,"BORREGO BROTHERS, INC"
22351,PIRTEK - BROADWAY
22352,"ROWAMERICA BOAT WORKS, LLC"
22353,TRYSTAR LLC
22354,TRAYLFER S.A. DE C.V.
22355,12832429 CANADA INC.
22356,FABTRON INCORPORATED
22357,PICKUP OUTFITTERS OF ST. LOUIS INC
22358,SPARTAN TECHS LLC
22359,EXPRESS CONCESSION TRAILERS INC.
22360,VANCAR LLC
22361,GULF COAST GOLF CARTS LLC
22362,CNJ TRAILER CO
22363,KERS USA INC
22364,CLYPX INC.
22365,ADVENTURE MANUFACTURING LLC
22366,"MULTI-CRAFT CONTRACTORS, INC."
22367,USA LOW SPEED LLC
22368,PILOT LSV GROUP LLC
22369,IROAM COACHES INC
22370,SPRINT HYDRAULICS
22371,OVERLAND VAN PROJECT LLC
22372,MAC MANUFACTURING LLC
22373,ODYSSEY TEARDROPS LLC
22374,LAMER STREET KREATIONS CORP
22375,BOKI CONCESSION TRAILERS
22376,CONTAINING LUXURY LLC
22377,TEEMAK POWER CORPORATION
22378,643 ENTERPRISE
22379,LOXAHATCHEE TRAILER SALES LLC
22380,CANYONLAND COACH LLC
22381,IBARRA'S FOOD TRUCK BUILDERS LLC
22382,"CLARY LONGVIEW, LLC"
22383,BIVVI LLC
22384,ACTIVEV LLC
22385,"HOCKLEY OILFIELD SUPPLY, LLC"
22386,AUTOMOTIVE PERFORMANCE SYSTEMS INC
22387,CORNELL PUMP COMPANY LLC
22388,ROBERSON TECHNOLOGIES LLC
22389,NEWTON COUNTY AMBULANCE DISTRICT
22390,"CHENGDU HUANMAO TONGDA SUPPLY CHAIN CO., LTD"
22391,"CHONGQING QIULONG TECHNOLOGY CO., LTD"
22392,"CHONGQING UNIONSTRONG GENERAL MOTOR PARTS CO., LTD."
22393,DR FOOD TRUCKS LLC
22394,"DANYANG HUITONG AUTO PARTS CO., LTD"
22395,"THE SAFETY COMPANY, LLC - DBA MTECH"
22396,"DOGEBOS INDUSTRIAL CO., LIMITED"
22397,HK EASYCOOL MOTORCYCLE COMPANY LIMITED
22398,JIANGSU CHUANBEI AUTOMOTIVE PARTS COMPANY LTD
22399,"LIZHONG MEXICO, S. DE R.L. DE C.V."
22400,"QINGDAO LIHONGDA TOOLS CO., LTD."
22401,"SHANDONG FOCUS INDUSTRY CO., LIMITED"
22402,"SHANGHAI TICKTACK TECHNOLOGY CO., LTD."
22403,"SKYBLUE MOTORS (HK) CO., LIMITED"
22404,"TM DV HONG KHANG CO., LTD."
22405,"VESTA CO., LTD."
22406,"Zhuji Xiangjia Machinery Co., Ltd."
22407,HK ULEAD VEHICLE MANUFACTURING LIMITED
22408,"BEAVER TRAILERS DE MEXICO, S.A. DE C.V."
22409,STEEL ROOTS WELDING & FABRICATION
22410,"General Tires Technology (Cambodia) Co., Ltd."
22411,"IMZ-Kazakhstan, LLC"
22412,SAMMY'S GARAGE LLC
22413,GRACO CHILDREN'S PRODUCTS INC.
22414,THERMO KING OF FARGO
22415,"BABY JOGGER, LLC"
22416,CUSTOM UPFITS
22417,PARKER COUNTY TRAILER CO. LLC
22418,"KORU PERFORMANCE, LLC"
22419,VANDERHALL NORTH AMERICA LLC
22420,SMEEBLE TRAILERS LLC
22421,"BATERIAS WILLARD, SOCIEDAD ANONIMA"
22422,HORIZON AERONAUTICS
22423,TRIPPS TRAILERS & CUSTOMS LLC.
22424,"YHI INTERNATIONAL (TAIWAN) CO., LTD."
22425,C&C MANUFACTURING CO
22426,THE CHOP SHOP
22427,AUTUMNCREST ENTERPRISES LLC
22428,WTX CONTAINERS LLC
22429,GULF COAST TRAILERS
22430,RF ENDEAVORS LLC
22431,"DAEHO INDUSTRY CO., LTD."
22432,DAISY MARINA CASTRO
22433,ESMELILER OTO MAKAS NAKLIYE INSAAT TURZ TEKST. SAN VE TIC. LTD. STI.
22434,"HAINING NAITE IMPORT AND EXPORT CO., LTD"
22435,"HENAN FANS INDUSTRY CO., LTD."
22436,PACKMAT COMPACTORS INC.
22437,WEST END TIRE 1990 LTD.
22438,"ZHEJIANG PDW INDUSTRIAL CO., LTD"
22439,PREMIER TRAILER SOLUTIONS LLC
22440,GOVIEW LLC
22441,SUPERSTAR TRAILERS
22442,DIVERSE FIBER COMMUNICATIONS
22443,"CALIFORNIA TINY HOUSE, INC."
22444,CUSTOM GOLF CART SUPPLY
22445,LARSEN AUTOMOTIVE LLC
22446,"SOUTHERN TRAILERS, LLC"
22447,SCORPION TRAILERS LLC
22448,IRONSIDE FABRICATORS LLC
22449,"EKONO CATERING EQUIPMENT, INC."
22450,DEAD ON FAB
22451,BRAKE AND EQUIPMENT CO
22452,J&J TRAILERS
22453,READING ASSET 1 LLC
22454,VCARTS INC
22455,"BLUEWATER MARINE & DOCK SPECIALTIES, INC."
22456,T.H. TRAILERS LLC
22457,C&C INDUSTRIES INC.
22458,"GUNANRAO YONGFENG RUBBER CO., LTD"
22459,ARCHE OLIVE COMPANY LLC.
22460,AFAB INDUSTRIAL SERVICES INC.
22461,CC'S TRAILERS
22462,"CRUCIAL, INCORPORATED"
22463,GULF BAY BUILDERS
22464,HARD SIDE MFG LLC
22465,"CARGO UNITED,LLC"
22466,"SOUTHERN TANK, INC."
22467,MILLER COACH COMPANY INC
22468,LEAF ENERGY INC
22469,SUNDAY CARTS LLC
22470,TYPE 2 CAMPERS INC
22471,WATERCAR INC
22472,SPRINTER SYSTEMS AND AUTOMATION
22473,"MIDLAND TRAILER SALES & SERVICE, LLC"
22474,SCAMPER LLC
22475,TANNERSVILLE AUTO PARTS INC
22476,RUFFIAN SNOWBIKE CORPORATION
22477,"SAFTCART, INC."
22478,"MAGNOLIA TRAILERS, INC."
22479,T TOP MANUFACTURING
22480,CACI FEDERAL INC
22481,E-CHOPPER LLC
22482,"CEDAR CREEK BUILDERS, LLC"
22483,OFF THE GRID VANWORKS LLC
22484,"DRY FABRICATION, INC"
22485,SOUTHEASTERN CASUALTY
22486,JONES CUSTOM WELDING & FABRICATION
22487,HIDE AND SEAT LLC
22488,THE SHAK FISH HOUSES LLC
22489,PEAK ACCESSORIES LLC
22490,WOLFPACK MFG
22491,DIME LLC
22492,PATRIOT BOAT TRAILERS LLC
22493,"CHANGZHOU ZHENHE VEHICLE INDUSTRY CO., LTD."
22494,KMX TRAILERS INC
22495,"GANZHOU RUEIZU LIGHTWEIGHT TECHNOLOGY CO., LTD."
22496,AL VAN EQUIP NW
22497,"EUROPTEC USA, LLC"
22498,FIVE STAR BOAT TRAILERS LLC
22499,LOUISIANA CUSTOM ALUMINUM LLC
22500,WEBASTO ROOF SYSTEMS INC
22501,"CLEGG INDUSTRIES, INC. "
22502,I4 E-CARTS LLC
22503,"FD INTERNATIONAL, INC."
22504,Diamond Mobility LLC
22505,AMERICAN INDUSTRIAL MANUFACTURING
22506,PORTABLE CAR HOIST
22507,COMPTANK CORPORATION
22508,"FLEETPRIDE, INC."
22509,"JAY MILLS CONTRACTING, INC."
22510,LSV PLUS LLC
22511,FIVE HUNDRED INC
22512,STL INDUSTRIAL LLC
22513,BIZNESS ON WHEELS LLC
22514,M.J.P. MOTORS
22515,"QUEEN CITY ENGINEERING & DESIGN, PLLC"
22516,JINLANG SCIENCE AND TECHNOLOGY CO. LTD.
22517,NINGBO TOPIN IMPORT AND EXPORT CO.LTD
22518,FOOD CARTS UNLIMITED
22519,BUILT RITE TRAILERS
22520,SCHELLER METAL FABRICATORS LTD.
22521,"SHANGHAI JIHOO IMPORT&EXPORT CO.,LTD"
22522,XIAMEN MIN-SHING COMPANY
22523,CECZA INDUSTRIAS SA
22524,"NIVEL PARTS & MANUFACTURING CO., LLC"
22525,FRIA GROUP LLC
22526,C TRAILERS LLC
22527,STARK TRAILER LLC
22528,AUSTIN MOTOR USA LLC
22529,WHITE KNUCKLE FAB
22530,STUCK ENTERPRISES
22531,AXIOM DIESEL CYCLES
22532,ROLL-A-HOME
22533,ELITE MANUFACTURING SPECIALISTS
22534,"THERMO KING COLUMBIA, INC"
22535,"TUFFHAUL TRAILERS, LLC"
22536,ATHENS OVERLAND LLC
22537,OLYMPUS TECHNOLOGIES INC.
22538,"IRONMAN ENTERPRISES, LLC"
22539,"UNITED TINY HOMES, INC."
22540,JR-A CHASSISES AND TRAILERS LLC
22541,"CHANGZHOU RAMOS INTERNATIONAL TRADING CO., LTD"
22542,"CHONGQING SL QINCHUAN AUTOMOTIVE LIGHTING CO.,LTD"
22543,ENSOL MULTICLEAN EQUIPMENTS PRIVATE LIMITED
22544,"GUANGDONG ROADMATE GROUP CO., LTD"
22545,GUANGDONG YUEFENG DISPLAY PRODUCTS CO. LTD.
22546,"GUANGZHOU CHIKU CAR LIGHT CO., LTD"
22547,REMOLQUES FUERTEC S. DE R.L. DE C.V.
22548,"SHANGHAI ANZOO AUTOPARTS INDUSTRY CO., LTD."
22549,"SHANGHAI HENGSHENG DEVELOPMENT CO., LTD."
22550,"SHANGHAI QIAOGUANG AUTO PARTS CO.,LTD"
22551,"SHENZHEN SHUNZHIYING MOLDS CO.,LTD."
22552,"SICHUAN QIANGZHEN TECHNOLOGY CO.,LTD"
22553,"TAIZHOU OKLA  AUTOMOBILE CO., LTD"
22554,"THAISTONE RUBBER CO., LTD."
22555,ULTRA LEASE S. DE R.L. DE C.V.
22556,VLY INC
22557,DOUBLE D SERVICES INC
22558,ROBERT W. MORGAN INC
22559,TERRA BIKES LLC
22560,BOX CANYON TRAILERS
22561,MENTRAILERS.COM LLC
22562,"SNYDER WELDING TECHNOLOGIES, LLC"
22563,DY CONCRETE PUMPS INC.
22564,"MOKE ASSEMBLY, LLC"
22565,ADVANCED BODY COMPANY LLC
22566,"DECATUR ELECTRONICS, LLC"
22567,"TROJAN HOSE & SUPPLY, LLC"
22568,SUPERCAR SYSTEM
22569,BANT BORU SAN. VE TIC. A.S.
22570,"VALEO ICHIKOH (CHINA) AUTO LIGHTING CO., LTD."
22571,"YOUNG BROTHERZ, LLC"
22572,"5 AMIGOS, LLC"
22573,"REHBEIN FORD, INC."
22574,WIND RIVER TRAILERS
22575,"FOXTROT FABRICATION AND FLEET SERVICE, LLC"
22576,"JINHUA SUNCART VEHICLE CO., LIMITED"
22577,LOGISTICA Y TRANSPORTES LOINEX S.A. DE C.V.
22578,PUMA ENERGY SERVICES S.A.
22579,RAVEN TRAILERS LLC
22580,CONVERTIBLE TRAILER MANUFACTURING WORLDWIDE LTD.
22581,"SHANDONG JINSHENG AXLE MANUFACTURING CO., LTD"
22582,"SHANDONG XINGDA TIRE CO., LTD."
22583,SUMMIT MANUFACTURING LTD.
22584,"JIANGSU ANKO OPTICAL MATERIALS CO., LTD."
22585,FALCAN INDUSTRIES LTD.
22586,UNIVERSAL FOOD TRAILERS LLC
22587,FOOD TRAILER PROS
22588,GRAZING SHADE LLC
22589,"URBAN WING CO., LLC"
22590,NEWTRAIL INDUSTRIES LLC
22591,PGT TRAILERS LLC
22592,"TRUCK & EQUIPMENT REPAIR OF TEXAS - D/FW, LLC"
22593,"FOSHAN SHUNDE DISTRICT TULIANG AUTOMOBILE LIGHTING CO., LTD."
22594,"HANGZHOU SATURN POWER TECHNOLOGY CO., LTD."
22595,"HENAN FENGBAO HEAVY INDUSTRY TECHNOLOGY CO., LTD"
22596,"HENAN KELUN AUTO PARTS CO., LTD."
22597,"HUBEI HONGMADA WHEEL CO.,LTD."
22598,INDUSTRIAS FLORES Y ASOCIADOS S.A. DE C.V.
22599,PRIME B.H. LLC
22600,TRUCKERS OF AMERICA LLC
22601,GEORGE'S NAPA AUTO PARTS
22602,AMERICAN HOSE & RUBBER LLC
22603,"JIANGSU YUSHENG AUTO ELECTRONIC TECHNOLOGY CO., LTD."
22604,"LUYI DE AO FU SAFETY GLASS CO., LTD."
22605,"MAGNA LIGHTING (JIAXING) CO., LTD."
22606,MAKAIRA BOATS LIMITED
22607,PROVIDENCE BUILDING GROUP
22608,VEXAS CORP.
22609,CIRCLE W TRAILERS
22610,MAC EV LTD. CO.
22611,OILSTAINLAB LLC
22612,LANDSEND TRAILERS
22613,"MCCARTHY TIRE SERVICE COMPANY OF PA II, INC."
22614,IRON BULL CARTS LLC
22615,AGS AUTOMOTIVE SOLUTIONS
22616,PIRTEK - SFO
22617,WATERMADE BOAT TRAILERS
22618,"HILARK-LUFKIN HEAVY HAUL TRUCKS & TRAILERS, LLC"
22619,SUNRISE TRUCK PARTS INC
22620,BOYER TRUCKS INC.
22621,RODIFICATION LLC
22622,SPEEDWAGON INDUSTRIES
22623,"INTEGRITY TANK SALES AND SERVICE, INC"
22624,POLESTAR PERFORMANCE AB
22625,JN FARM EQUIPMENT & TRAILER SALES
22626,SUPERIOR FLATDECKS COMPANY LLC
22627,MC MILLER DBA RECREATIONAL SPECIALTIES
22628,FAT ELECTRIC LLC
22629,AMERICAS GENERATORS INC.
22630,JC CUSTOM WELDING & ELECTRIC INC.
22631,RBJ TRAILERS INC
22632,"BROWNELL FABRICATION, LLC"
22633,MACON WELDING AND MANUFACTURING
22634,ALL OUT CUSTOM CYCLES
22635,INSIGHT PRODUCTS
22636,ALL OUT CUSTOM TRAILERS
22638,TUT CORPORATION
22639,EXTREME WELDING AND FABRICATION LLC
22641,GREENFIELD WELDING LLC
22642,SWIFT EV LLC
22643,JEREMY BOWLES TRAILERS LLC
22644,LONE STAR TRAILERS LLC
22645,"KEEZIO GROUP, LLC"
22646,R & M METALWORKS
22647,CALI STEEL STYLES CORPORTATION
22648,PLUMETTAZ AMERICA CORP
22649,NOVA LOGIX LLC
22650,FUSIONZ LLC
22651,TRAILER UP LLC
22652,DREAM MACHINES INC.
22653,ARION TRAILERS INC
22654,TORO BRAVO 4X4
22655,4 WIDE INDUSTRIES LLC
22656,HTC GROUP LIMITED
22657,REV EV LLC
22658,CASCADES OVERLAND LLC
22659,"CAROLINA STEELWORKS, LLC"
22660,DROP 2 LOAD LLC
22661,PENN FABRICATION
22662,FIRST PHASE MARINE LLC
22663,USA TRAILER MANUFACTURERS LLC
22664,THE FAST FOODTRAILERS LLC
22665,MOTO MORINI MOTORCYCLE INC.
22666,"MAYHEM BIKE, LLC."
22667,TALOS PERFORMANCE LTD
22669,SPINNMAX TYRES PRIVATE LIMITED
22670,"TAIZHOU NAYU PLASTIC & MOULD CO., LTD."
22671,THACO INDUSTRIES TRAILERS AND HEAVY STEEL STRUCTURES MANUFACTURING LIMITED LIABILITY COMPANY
22672,ALL OUT CUSTOM TRAILERS AND FABRICATION LLC
22673,TRIPLE C MANUFACTURING LLC
22674,TNT AUTO BODY LLC
22675,TERRAPIN TRAILERS
22676,HYZON MOTORS INC
22677,ANVIL INCORPORATED
22678,CRUSE SEPTIC & TRAILER MFG
22679,HAMILTON COMPANIES FLEET SERVICES
22680,HEMMINGER CUSTOM METALS LLC
22681,"LEWIS TRAILER SALES, INC - MS"
22682,NEXT LEVEL INC
22683,TINY DREAMS LLP
22684,AMERICAN WHEEL AND TIRE LLC
22685,ARROWHEAD TRAILERS
22686,CENTRAL VALLEY GMC
22687,RIDDLE METAL WORKS
22688,OFF ROAD CAPABLE TRAILERS LLC
22689,BELAIR SERVICES
22690,ROCKBAR ENERGY SERVICES LLC
22691,BRANDCRAFT LLC
22692,COASTWISE MARINE
22693,JUST US TINY HOMES
22694,"HAWKE TRAILERS SC, INC"
22695,"SNR, INC."
22696,BIVVY OVERLAND
22697,SONY HONDA MOBILITY OF AMERICA INC.
22698,STEELENG GOLF CART CORPORATION
22699,FALCON TRAILERS LLC
22700,"PSC CUSTOM, LLC"
22701,"ARMET STEELWORKS, LLC"
22702,KAMMERER DYNAMICS INC.
22703,K AND K WELDING LLC
22704,REVOLUTION BUILT LLC
22705,H L ENTERPRISE INC.
22706,SWARTZ MANUFACTURING AND WELDING
22707,BOB SUMEREL TIRE CO
22708,SQUARE TRANSPORTATION
22709,GEOTREK LLC
22710,"WALTON TRANSPORTATION, LLC"
22711,"ZHEJIANG BAOCHI INDUSTRY&TRADE CO.,LTD"
22712,JUST QUALITY TRUCK AND BUS SERVICES INC
22713,BORRACHAS VIPAL NORDESTE S.A.
22714,"WUXI JINXIU WHEELS CO., LTD"
22715,YIWU WEILUN AUTO PARTS FACTORY
22716,"ZHEJIANG QUNYING VEHICLE CO., LTD"
22717,GREEN MESSENGER ELECTRIC VEHICLE LIMITED
22718,MEHER USA INC
22719,"GUANGZHOU FUNING TIMES AUTO PARTS REMANUFACTURING CO., LTD."
22720,WAYFARER VANS LLC
22721,"REIZ AUTO PARTS (THAILAND) CO., LTD"
22722,SBS LTD
22723,"VITAL TRUCK & VAN, LLC"
22724,"MIDWEST MEDICAL TRANSPORT COMPANY , LLC"
22725,SCHANTZ ENGINEERING ENTERPRISES LLC
22726,AMERICAN CUSTOM TRAILERS LLC
22727,KINGS HOMES INC.
22728,S3E LLC SERIES 2
22729,DISTRIBUIDORA DE SUSPENSIONES Y FRENOS S.A. DE C.V.
22730,TRIPLE H INDUSTRIES INC.
22731,D&S HOMES LLC
22732,HEKIPIA AMERICA INC.
22733,JCE TRAILERS LLC
22734,R E V INDUSTRIES LLC
22735,"BENNENG VEHICLE INDUSTRY CO., LIMITED"
22736,CUPPERS CARROSSERIEËN B.V.
22737,"DANYANG JIE NORMAN AUTOMOTIVE INDUSTRY CO., LTD."
22738,"DANYANG MEICHI VEHICLE PARTS CO.,LTD."
22739,EINRIDE AB
22740,"MICHIANA MILLWORKS, LLC"
22741,ARABIAN METAL INDUSTRIES LTD.
22742,IMAGINE FIBERGLASS PRODUCTS INC.
22743,INDUSTRIAS ARMADORAS IARSA
22744,ITALJET S.R.L.
22745,"JIANGSU FANCHEN VEHICLE PARTS CO.,LTD."
22746,"JIANGSU SANJO INTELLIGENT TECHNOLOGY CO., LTD."
22747,"JIUZHONG (XIAMEN) EXHIBITION ENGINEERING CO., LTD."
22748,"REMOLQUES Y ADAPTACIONES MONTERREY, SA DE CV"
22749,360 CUSTOM TRAILER & SOLUTIONS LLC
22750,U.S. MOTORS CORP.
22751,"LUXURY GROUP HOLDINGS, LLC"
22752,SRQ FABRICATIONS INC.
22753,CONSOLIDATED PUMPS AND EQUIPMENT
22754,DAVIS INDUSTRIAL GROUP LLC
22755,NLB MANUFACTURING
22756,SOLA MOTORS CORP.
22757,A PLUS ENVIRONMENTAL RESTORATION LLC
22758,LOWN PERFORMANCE LLC
22759,KOTINOCHI JOINT STOCK COMPANY
22760,LE CARROSSIER RIVE-SUD INC.
22761,"NANTONG LING LU AUTO PARTS CO., LTD"
22762,"NINGBO PINCHUAN AUTO PARTS CO., LTD."
22763,ENBECK ALUMINUM PRODUCTS INC.
22764,"SHANDONG DEVELOP NEW MATERIAL CO., LTD."
22765,"SHANDONG SUN AUTO PARTS CO.,LTD."
22766,SHANGHAI PANHANG INTERNATIONAL TRADE CO.
22767,"SHANGHAI REGO AUTOMOTIVE TECHNOLOGY CO., LTD."
22768,TRACTEC SAS BIC
22769,VIETNAM PRECISION INDUSTRIAL CO LTD
22770,"WENZHOU GASHER TRADE CO., LTD"
22771,"WENZHOU TAILONG TECHNOLOGY CO., LTD"
22772,"XIAMEN WANTAIXIANG TRADING CO., LTD."
22773,"ZHEJIANG LUYUAN ELECTRIC VEHICLE CO., LTD."
22774,BRIDGER FABRICATION LLC
22775,HAHNZ MFG LLC
22776,ANDREWS METAL WORKS
22777,ENERGY TREE LLC
22778,TERRICORP INC.
22779,SPORT TRAIL
22780,CHECKER MOTOR CARS
22781,ATLANTA SPRINTERS LLC
22782,FLEET LAB LLC
22783,HOMESTEAD STRUCTURES
22784,ALL-EQUIP REPAIR & SERVICE LTD.
22785,"ANHUI YOUHE TECHNOLOGY CO.,LTD."
22786,ATLANT INDUSTRY LIMITED
22787,"CHANGZHOU AIBEIHONG AUTOMOTIVE TECHNOLOGY CO.,LTD"
22788,"CHANGZHOU HONGLILAI AUTOLAMP CO., LTD"
22789,"CHANGZHOU TIANTIAN VEHICLE INDUSTRY CO., LTD."
22790,"FOSHAN XLR AUTO PARTS CO., LTD."
22791,TLE TRANS
22792,DAKOTA CABINS OF TEXAS
22793,"TEXAS SIDECAR COMPANY, LLC"
22794,GERHARD PETERS NEUDORF
22795,"GUANGDONG ECOCAMPOR VEHICLE CO., LTD."
22796,"TEALSTONE RESIDENTIAL CONCRETE, INC"
22797,"GUANGZHOU SEAL WHEEL HUB CO., LTD"
22798,"GY DEVICE GROUP CO., LTD."
22799,HANSHENG INDUSTRIAL MANUFACTURING LIMITED
22800,"HEBEI SIERDA RUBBER&PLASTIC PRODUCT CO.,LTD"
22801,"FLEET CARE SERVICES, LLC"
22802,"HENAN CHUANGJIA CABLE CO., LTD"
22803,DURALITE MANUFACTURING LLC
22804,HIRSCHLER AUTOMOTIVE GLASS KFT.
22805,BISON TRUCKS S.A.S.
22806,HONG KONG YIESON TRAILER LIMITED
22807,IPSE LOCOMOTIVE SA DE CV
22808,"JIANGSU AORELLA AUTOMOTIVE ELECTRONIC TECHNOLOGY CO., LTD"
22809,"JIANGSU HAIHUA AUTOMOBILE PARTS CO., LTD."
22810,"LIZHONG WHEEL (HUBEI) CO., LTD."
22811,LLANCONL SA DE CV
22812,MAQUILAS Y REMOLQUES DE QUERETARO SA DE CV
22813,MAYANK RAW MINT PVT LTD
22814,METAL VALLEY MANUFACTURING
22815,"NINGBO EXTREME IMP&EXP CO., LTD"
22816,"NINGBO MOTOR INDUSTRIAL CO., LTD"
22817,"NINGBO TIEKECHONG TUBE INDUSTRY CO., LTD."
22818,NINGBO YAOCHONG TECHNOLOGY CO. LTD
22819,CJC CUSTOMS
22820,"INDUSTRIAL TOOLZ, INC."
22821,APEX ENERGY SERVICES LLC
22822,WANDERFUL WHEELS
22823,"PUBLIC SAFETY INNOVATION, INC."
22824,CCMSM MANUFACTURING PTY LTD
22825,STINGER TRAILER INC.
22826,"OMEGA LIQUID WASTE SOLUTIONS, INC."
22827,OPTRAFFIC CO.LTD
22828,BOSQUE INTEGRITY FABRICATION LLC D/B/A STANLEY TRAILERS
22829,ORA GROUP LIMITED
22830,QEV TECHNOLOGIES SL
22831,"QINGDAO XIONGXIANG RUBBER CO.,LTD"
22832,RUF AUTOMOBILE GMBH
22833,"SAINT-GOBAIN SEKURIT AUTOMOTIVE GLAZING (SHANGHAI) CO., LTD."
22834,"SHANDONG HENGBANG GLASS CO.,LTD"
22835,"SHANDONG ODES INDUSTRY CO.,LTD."
22836,"SHANDONG SANTAI RUBBER CO., LTD."
22837,"SHANGHAI GAOGE TRADING CO., LTD"
22838,"SHIJIAZHUANG TOPA TRADING CO., LTD"
22839,"SMX DICASTAL WHEEL MANUFACTURE CO., LTD."
22840,"TAIAN SHUNXING AUTO GLASS CO.,LTD"
22841,"TAIZHOU DIKE LOCOMOTIVE INDUSTRIAL CO., LTD."
22842,TIME TOP INTERNATIONAL INDUSTRY LIMITED
22843,BEATS TRAILERS LLC
22844,"WUXI SANRAIN VEHICLE TECH CO.,LTD."
22845,"WUXI SUNDIRO ELECTRIC VEHICLE CO., LTD."
22846,"WUYI XINGFEI INDUSTRIAL AND TRADING CO.,LTD"
22847,LINDE ENGINEERING NORTH AMERICA LLC
22848,YUYAO QISHENG MACHINERY FACTORY (GENERAL PARTNERSHIP)
22849,"ZHEJIANG FEISHEN VEHICLE INDUSTRY CO., LTD."
22850,"ZHENJIANG SHANGYUECHANG TRANSPORTATION EQUIPMENT CO., LTD."
22851,MERHOW OKLAHOMA LLC
22852,"ZHEJIANG SITIS TECHNOLOGY CO., LTD"
22853,"ZHEJIANG TODAY SUNSHINE NEW ENERGY VEHICLE CO., LTD."
22854,"ZHENJIANG SHANGYI TRANSPORTATION EQUIPMENT CO., LTD."
22855,"AZ POLYMERS, LLC"
22856,J&A RECYCLING LLC
22857,BAGGETTS RETAIL TRAILER SALES
22858,SMOKEY MT GREENWAY COMPANY LLC
22859,FAB-X LLC
22860,GREENSTAR VEHICULOS ELECTRICOS S.R.L.
22861,BABYARK LTD
22862,BROCK LEMKO INC
22863,CAZGIR INSAAT ISI SISTEMLERI TICARET VE SANAYI A.S.
22864,"CHANGZHOU LONGWIND AUTO PARTS CO.,LTD."
22865,GESKIN INTERNATIONAL PTY LTD
22866,ABRAHAM MENDOZA ZAPATA
22867,"GREENMAN ELECTRIC VEHICLES CO, LTD"
22868,GROUND FLOOR LOGISTICS LLC
22869,LEADING WHEEL COMPANY LIMITED
22870,MAEVING LIMITED
22871,METALIGNA MODULAR INC.
22872,"NANNING LIAOWANG AUTOMOTIVE LAMP CO., LTD."
22873,"NEWBUSTAR (CAMBODIA) TIRE CO., LTD."
22874,"NINGBO LONGJIA POWER TECHNOLOGY CO., LTD."
22875,NINGBO YINZHOU EVERYOUNG METALS CO. LTD.
22876,NOKIAN TYRES EUROPE OPERATIONS LLC
22877,PRECISION METALIKS LIMITED
22878,"PROTERIAL, LTD."
22879,"QINGDAO ROAD ON OUTDOOR PRODUCTS CO., LTD"
22880,"ROTIFORM FAITH CO., LTD"
22881,"SAMSONG INDUSTRIES,LTD."
22882,"SHANDONG LUYUEQIAO MACHINERY CO., LTD"
22883,"SHENZHEN WELL-DONE INDUSTRIAL CO., LTD"
22884,SONIA GUADALUPE RENDON MIRELES
22885,"SUZHOU YIZHIQI AUTO PARTS CO., LTD"
22886,"TRIPLE B FAB, LLC"
22887,VARISCO SRL
22888,VEQOR S.A. DE C.V.
22889,VIETNAM COFO TIRES COMPANY LIMITED
22890,WINGAMM GROUP SRL
22891,"ZHEJIANG PROCAST INDUSTRIAL CO., LTD"
22892,BUSH TRAILER COMPANY LLC.
22893,CANYON TRAILER LLC
22894,MEGA DISTRIBUTION INT'L INC
22895,"HOMESTEAD ENTERPRISES, LLC"
22896,MARINE/BOAT SERVICE & REPAIR . INC
22897,"CHANGZHOU PULIS AUTO PARTS CO.,LTD."
22898,"CHANGZHOU RUNZE AUTO PARTS  CO., LTD."
22899,CONSTRUCCIONES Y AFILADOS ALCA SA DE CV
22900,"DANYANG HONGCHANG AUTO TRIM PARTS CO.,LTD."
22901,"DANYANG YUPENG AUTOMOTIVE TECHNOLOGY CO., LTD."
22902,"FOSHAN DINGSHILI AUTOMOBILE PARTS CO., LTD."
22903,"HAOHUA (VIETNAM) CO., LTD"
22904,"HC QUERETARO, S.A. DE C.V."
22905,HILLCREST TRAILERS LLC
22906,"HILISTONE TYRE (QINGDAO) CO., LTD."
22907,"HUBEI JINTIAN TYRE CO. , LTD."
22908,"IVISIONWHEEL CO.,LIMITED"
22909,JEGA TRAILERS DE MEXICO SA DE CV
22910,"JIANGSU GRAND ORANGE PHOTOELECTRIC TECHNOLOGY CO., LTD."
22911,"JIANGSU ZHIYI AUTO PARTS CO., LTD"
22912,JMS MAKINA SANAYI VE TICARET A.S.
22913,BUENA VISTA MHP LLC
22914,LES ÉQUIPEMENTS WOODY INC.
22915,"LUQI INTELLGENT TECHNOLOGY CO., LTD"
22916,METAAL CENTRUM DUNNING BV
22917,KENNEBEC DESIGN LLC
22918,TEKOA MT LLC
22919,PROPPED UP MOTORS
22920,"ORGANILOCK, INC."
22921,PRECISION CUSTOM SERVICES LLC
22922,FLIVVER ELECTRIC VEHICLES
22923,KINDIG-IT DESIGN
22924,TEXAS TORO
22925,MOSKY INDUSTRIES LLC
22926,GAREIS WELDING LLC
22927,"NICHIRIN BULGARIA, EOOD"
22928,PENDINE MOTORS LTD.
22929,"PP WHEELS INTERTRADE CO.,LTD."
22930,"QINGDAO SHUNQUANLONG TIRE CO., LTD"
22931,TRUCK & TRAILER PARTS SOLUTIONS INC
22932,GRIPIN SRL
22933,ANNA TAYLOR INDUSTRIES INC.
22934,PIRTEK-BELVIDERE
22935,DIABLO ELECTRIC VEHICLES
22936,REE AUTOMOTIVE LTD.
22937,ROUTE MANAGEMENT (PTY) LTD
22938,SCOUT MOTORS INC.
22939,"M-L UTILITIES, LLC"
22940,REE AUTOMOTIVE USA INC.
22941,"SHANXI TONGYU METAL MATERIALS TECHNOLOGY CO., LTD."
22942,"SUNNYLOVE BABY PRODUCTS ZHUHAI CO., LTD"
22943,SHAMROCK TRUCK EQUIPMENT INC
22944,"SUZHOU WINTAO INTELLIGENT TECHNOLOGY CO., LTD"
22945,"TAIZHOU BOSHENG LOCOMOTIVE TECHNOLOGY CO.,LTD"
22946,TAIZHOU HAILING DISTRICT HAIFENG TOUGHENED GLASS FACTORY
22947,"TAIZHOU QUANSHUN ELECTRIC DRIVE TECHNOLOGY CO.,LTD."
22948,WANWEI ELECTRIC VEHICLE LIMITED
22949,"WUHU TONHE AUTOMOBILE FLUID SYSTEM CO.,LTD."
22950,"XIAMEN DALLE NEW ENERGY AUTOMOBILE CO., LTD."
22951,"XT TYRE CO., LTD."
22952,"YONGKANG JINLING VEHICLE CO.,LTD."
22953,"YUHUAN ZHENGSHI MACHINERY RESPONSIBILITY CO.,LTD"
22954,"ZHEJIANG MINGTAI AUTO SPARE PARTS CO.,LTD"
22955,"ZHONGSHAN TECHKIDS BABY PRODUCTS CO.,LTD."
22956,CP DIESEL AND AUTOMOTIVE LLC
22957,"ADAPTIVE MOBILITY SYSTEMS, INC."
22958,"POSI-PLUS USA, INC."
22959,TUFFY CLEANING SYSTEMS INC
22960,"ABI ATTACHMENTS, INC"
22961,NOVIELLI BOAT BUILDERS INC
22962,SIERRA LSV LLC
22963,NATIONAL WELDING
22964,"LAS CASITAS, LLC"
22965,ABT SPORTSLINE NORTH AMERICA LP
22966,BEARCO TRAILERS INC.
22967,AIKOLON OY
22968,"CHANGZHOU NINGCHANG VEHICLE PARTS CO., LTD."
22969,BUILTWARE FABRICATION INC
22970,LANDX MOTORS INC.
22971,HUNT FABRICATION LLC.
22972,"ULTRAQUIP, LLC"
22973,"GUANGDONG JIANYA MOTORCYCLE TECHNOLOGY CO.,  LTD"
22974,HAMMAR MASKIN AB
22975,"LIAOCHENG BISON AUTO PARTS CO.,LTD"
22976,"LONGKOU AODA AUTO PARTS CO.,LTD"
22977,"MAQUINAS Y CARROCERIAS DE LA PIEDAD, S.A. DE C.V."
22978,"MAXION WHEELS (THAILAND) CO., LTD."
22979,NICHIRIN MEXICO S.A. DE C.V.
22980,TUCSON TRAILER COMPANY INC
22981,PURE ZERO CONSTRUCTION LLC
22982,FINERSON BROTHERS LLC
22983,BLACK HAWK TRAILER CORPORATION
22984,PATOS TRAILERS LLC
22985,"SILVERBACK TRAILERS, LLC"
22986,H&S TRAILERS OF TEXAS LLC
22987,HAUL MASTER
22988,ELJO INDUSTRIES INC.
22989,ROADHOUSE CYCLES
22990,DESTINATION INVESTMENTS LLC
22991,BSO HB PRODUCTS LLC
22992,"FAST FORWARD EV, LLC"
22993,ZYBERGRAPH
22994,SNAKE RIVER LOCKERS
22995,ALLIANCE VEHICLE SOLUTIONS LLC
22996,ACP TRAILERS
22997,RAD DOG CUSTOMS MOTOR CORP
22998,BLUE BARN FOOD TRAILERS LLC
22999,BOOM INTERNATIONAL HOLDINGS (USA) INC.
23000,PROUD TRAILERS LLC
23001,MFT CONSULTING INC
23002,IRON HORSE CUSTOMS LLC
23003,"GENESIS PRODUCTS, LLC"
23004,MIFOLD LTD
23005,GCP USA GROUP INC
23006,FUEL HOG TRAILERS LLC
23007,FABLAB LLC
23008,UNDERGROUND REFUSE SYSTEMS
23009,F&F FABRICATION AND TRAILERS LLC
23010,WASATCH OVERLAND
23011,DENAGO EV CORPORATION
23012,"DF INDUSTRIES, LLC"
23013,"AIRLITE TRAILERS, LLC"
23014,ELKHART TRAILER COMPANY
23015,COMPACT CARS CORPORATION
23016,A.V. TRAILERS L.L.C.
23017,WILDCAT CABLE SOLUTIONS LLC
23018,BUILTTRAILERS
23019,ACE POWERSPORTS INC
23020,"NINGBO LTI TRADING CO.,LTD"
23021,MIDWESTERN MANUFACTURING COMPANY
23025,"ROCKETRUCK, INC."
23027,NORGREN MANUFACTURING DE MEXICO S.A. DE C.V.
23028,REMOLQUES RANCHO VIEJO
23029,VANTURE CUSTOMS
23031,"TAIZHOU YONGAN REDIRECTOR CO.,LTD"
23032,"TALLERES ZUBIRIA, S.A. DE C.V."
23033,"ZHEJIANG AIMIT MOTORCYCLE FITTINGS CO., LTD."
23034,"ZHEJIANG ZHAOFENG MECHANICAL  AND ELECTRONIC CO., LTD."
23035,ZHUJI KENIDA PIPE CO. LTD
23036,"ON-SITE INDUSTRIAL PRODUCTS, LLC"
23037,BIG ROCK TRAILERS
23038,SOUTHFIELD CLASSICS
23039,PILOTCAR EV INC.
23040,TEXAS TRAILER
23041,TRIUMPH TRAILERS CANADA
23042,ARCAS TRAILER OÜ
23043,"CARROCERIAS KAMIXO, S.A. DE C.V."
23044,"KUNMING PASSENGER CAR MANUFACTURING CO., LTD"
23045,"LT MANUFACTURING, S DE RL DE CV"
23046,NIVLA TRADING
23047,"REFACCIONES Y REMOLQUES VENPOL, S.A. DE C.V."
23048,"SHAOWU ZHENGXING WUYI TYRE CO., LTD. FUJIAN"
23049,"WUXI EXTRA MILES TECHNOLOGY CO., LTD."
23050,ZHAO QING BOHAN SPORTS COMPANY LTD
23051,"ZHEJIANG GAFLE AUTO CHEMICAL CO., LTD"
23052,"TOM'S EQUIPMENT, INC."
23053,ROI SPECIALTIES LLC
23054,GAF TRAILERS
23055,THE TRAILER GUYS OF FLORIDA INC
23056,GARY W CLEM INC
23057,"RBW SPORTS & CLASSICS, INC."
23058,"PINTAIL MANUFACTURING CO, LLC."
23059,DESERT STAR MANUFACTURING INC
23060,SPARTAN TRAILERS
23061,E-ROLL CORPORATION
23062,BSA Company Limited
23063,EXPANDABLE B.V.
23064,BARCLAY RV
23065,GINGERICH TRAILER SALES LTD
23066,"TRAILER SOURCE MANUFACTURING, LLC"
23067,NORDEN WELDING AND MACHINE
23068,UNIQUE TRAILERS AND REPAIR
23069,DAYCAB COMPANY INC.
23070,LETENDA INC.
23071,LOAD TRAIL MX S.A. de C.V.
23072,"INTEGRATED MICRO-ELECTRONICS, INC."
23073,DAKOTA EQUIPMENT MANUFACTURING INC
23074,"DISCOUNT DUMPSTERS, LLC"
23075,LILLEY INTERNATIONAL INC.
23076,"TESCO SPECIALTY VEHICLES, LLC"
23077,PAPAN EXPRESS INC
23078,"BENS ASPHALT, INC."
23079,KANE LAWN & GARDEN
23080,LULING IRON WORKS
23081,ALEMAN CUSTOM TRAILERS LLC
23082,"TURNER MACHINE CO., INC."
23083,"REY CARGO, LLC"
23084,AUTOMOTIVE RESTORATION SERVICES LLC
23085,KANDR RETREAD LLC
23086,TRAILTECH LLC
23087,NORCOAST ASSETS INC
23088,COSTA CARTS LLC
23089,UBERDISPLAYS
23090,STETCO GROUP LLC
23091,STAZWORKS LLC
23092,PARAISO GLOBAL LLC
23093,T & G SERVICES
23094,CARTIOLOGY LLC
23095,HORSCH TRAILER SALES
23096,FISH TX LLC
23097,PIRTEK-NORCROSS
23098,ATTITUDE PERFORMANCE
23099,MILLROAD MANUFACTURING & SALES INC.
23100,"SERVICIOS DE FABRICACION LEM, S. DE R.L. DE C.V."
23101,"DACHI INTELLIGENT AUTOMOBILE(RIZHAO)CO.,LTD"
23102,YANGJIANG YONGSHENG EXTREME SPORTS EQUIPMENT LTD
23103,YANGZHOU FUSHENG AUTO PARTS FACTORY
23104,"ZHEJIANG STARCO HUANMEI AUTO-PARTS CO.,LTD."
23105,KCH TRAILERS
23106,CONCHO EQUIPMENT & SERVICES
23107,TEAM REFURB & SUPPORT
23108,CRYSTAL DEFENSE TECHNOLOGIES
23109,PUTZMEISTER MAKINA SAN. VE TIC. A.S.
23110,"ShanDong Xingyu RV Manufacturing Co., Ltd."
23111,TH CAMPER COMPANY LLC
23112,SPIN WERKES LLC
23113,"FORTEL TRAFFIC, INC."
23114,CSC CUSTOMS LLC
23115,ANDALTEC ILS SLU
23116,ROVER SPECIALTY MANUFACTURING LLC
23117,"CARROCERIAS TRACTO MEXICO, S.A. DE C.V."
23118,DONGGUAN EXCEL JOINTURE ACRYLIC PRODUCTS LTD.
23121,DOTGLASS OTOMOTIV SANAYI VE TICARET LIMITED SIRKETI
23122,"SHENZHEN BDC TECHNOLOGY CO., LTD"
23123,"ZHEJIANG JIATAI AUTOMOTIVE PARTS CO., LTD"
23124,AERO PRECISION METAL WORKS LLC
23125,"ADABOY, INC"
23126,"CARS, TRUCKS, & RVS INC"
23127,"SOUTH GEORGIA CARGO, LLC"
23128,DARK HORSE EXPERIENTIAL LLC
23129,THE NORTON MOTORCYCLE COMPANY LIMITED
23130,TUSCARORA STRUCTURES INC.
23131,WESTERN HWYS TRAFFIC SAFETY PRODUCTS INC
23132,SUPERIOR STORAGE TANKS & TRAILERS
23133,MOTA MOTOR LLC
23134,BALLISTIC MOTORS
23135,THE KNAPHEIDE MANUFACTURING COMPANY
23137,PORTACAMS LLC
23138,"VALLEYBILT TRAILER MANUFACTURING, INC."
23139,MASON INC
23140,TRU TRAILERS INC.
23141,HARD CHROME SPECIALISTS INC
23142,BULLSTON GROUP OF INDUSTRIES
23143,M & C TRAILERS LLC
23144,NJ TRANSTECH INC.
23146,"ODYSSEY DESIGN AND MANUFACTURING, INC."
23147,CAWLEY CREEK WELDING
23148,TRAILER MADE LLC
23149,CELLTECH CARGO LLC
23150,"STANLEY TRAILERS, LLC"
23151,GRAND CANYON TRAILERS
23152,BOOGIE BIKES LLC
23153,JJ WELDING & FABRICATION LLC
23154,SAUTTIS LLC
23155,LIEN OUTDOORS LLC
23156,"CITY OF MARQUETTE, MI"
23157,JACINTO CITY COLLISION CENTER
23158,JEWELL MANUFACTURING
23159,EVOS TECHNICAL SOLUTIONS LLC
23160,"EMERGENCY VEHICLE GROUP, INC."
23161,T SERIES LLC
23162,TANQ MOTOR LLC
23163,VULCANS WELDING INC
23164,LEGENDARY TRAILERS LLC
23165,GHOSTEV CORPORATION
23166,ARVI TRAILERS SA DE CV
23167,METAL TANK COMPONENTS LLC
23168,"CHANGZHOU CHIJIE VEHICLE PARTS CO., LTD."
23169,"CHANGZHOU KAILING AUTOMOBILE FITTINGS CO., LTD"
23170,"CHANGZHOU WANGCHAO VEHICLE CO., LTD."
23171,"CHONGQING HAOSEN MOTORCYCLE CO., LTD."
23172,ALKO MFG CORP
23173,CORE EQUIPMENT INCORPORATED
23174,C AND R LLC
23175,HILLTOP STRUCTURES LLP
23176,SANDY VANS LLC
23177,HOOK-N-HAUL TRAILERS LLC
23178,"SHANDONG YONGSHENG RUBBER GROUP CO., LTD."
23179,"STONEY CREEK RENTALS, INC."
23180,"#1 ALPINE CUSTOMS, LLC"
23181,JMA WELDING TRAILERS LLC
23182,"CIRCLE A MANUFACTURING, INC."
23183,CARLSONS CUSTOM CREATIONS
23184,"FRONTIER UNLIMITED, LLC"
23185,M&L ENGINE
23186,EVOLUTION WELDING & FABRICATION LLC
23187,"PRO-FAB TRAILERS, LLC"
23188,ARG INDUSTRIAL - SPOKANE
23189,BIG MO TRAILERS
23190,MOBILE MEDICAL RESPONSE
23191,G BAR K EQUIPMENT LLC
23192,COOK'S COMMUNICATIONS
23193,"BLUE TONGUE CAMPERS, USA LLC"
23194,AUI INC.
23195,BOB BISSELL TRUCKING LLC
23196,"DILLS ENTERPRISES, LLC"
23197,"EMAGINEERED SOLUTIONS, INC."
23198,GULF OF AMERICA MANUFACTURING LLC
23199,POWER WORLD REEVOLUTION INC
23200,P2W MOTORSPORTS LLC
23201,HELMS FABRICATION
23202,BW SAUNA CO
23203,COACHWORKS1260 LLC
23204,IRON HITCH TRAILERS INC
23205,SILVERBACK TRAILER COMPANY
23206,M&RW
23207,VANNA CONVERSIONS LLC
23208,"ROLLING, TANK AND FABRICATION, INC"
23209,REJ CALIFORNIA GROUP INC
23210,EMERGENCY AUTOMOTIVE TECHNOLOGIES INC
23211,TUFFSHITRAILERS LLC
23212,INDY STEEL TRAILERS LLC
23213,POURTER LLC
23214,YAK MASTER TRAILERS LLC
23215,SEMINOLE MOTOR SPORTS MFG. CO. LLC
23216,LOKI BOX DESIGN INC.
23217,PREMIA GROUP A DIVISION OF TANK HOLDING CORP
23218,ED MILLER AUTO SUPPLY
23219,"H.I.S. FIRE AND SAFETY , LLC"
23220,JAY'S MOBILE CARTS & TRAILERS
23221,GREENFIELD PRODUCTS LLC
23222,IRONWOLF TRAILERS
23223,LSV FIX LLC
23224,NUENERGY CORPORATION
23225,WINDING CREEK MANUFACTURING LLC
23226,"DANYANG CITY KUNHUA AUTO PARTS CO., LTD."
23227,"DANYANG HONGYAO AUTO PARTS CO, LTD."
23228,"GUANGZHOU CANTE TECHNOLOGY CO., LTD."
23229,"GUANGZHOU EAGLE VISION ELECTRONIC TECHNOLOGY CO., LTD"
23230,"JIANGSU XINLING MOTORCYCLE FABRICATE CO., LTD."
23231,MIFOLD LTD
23232,PERNIAGAAN SEMANGAT MAJU
23233,"SHANDONG YOUYUE RUBBER TECHNOLOGY CO.,LTD."
23234,"SHANGHAI PENGZHAO PLEXIGLASS PRODUCTS CO. , LTD."
23235,"SHININGMOON LIGHTING (CAMBODIA) CO., LTD."
23236,STERLING INC
23237,"TAIZHOU JIUYI TECHNOLOGY CO., LTD"
23238,"TIBET NEW SUMMIT MOTORCYCLE CO., LTD."
23239,"ZHEJIANG ANGCHENG INFORMATION TECHNOLOGY CO.,LTD"
23240,"ZHEJIANG ZENGCHENG TECHNOLOGY CO.,LTD"
23241,"ZHENGZHOU BLESS MACHINERY EQUIPMENT CO., LTD."
23242,TITAN MANUFACTURING LLC
23243,VOLTZ INNOVATIONS LLC
23244,MASTER AQUATIC DESIGN
23245,DYESS CUSTOMS LLC
23246,"FLEETWOOD HOMES, INC."
23247,"SKYLINE MOBILITY, INC."
23248,"FIVE STAR FABRICATIONS, INC"
23249,SUPERIOR TRAILER SALES OF TEXAS LLC
23250,CARTS DE LUXE LLC
23251,ALL OUT CUSTOM TRUCK AND BODY #2
23252,"KNOLLWOOD, LLC"
23253,FADING WEST HOMES
23254,"3W MANUFACTURING, LLC"
23255,MARINECOASTALGROUP LLC
23256,BROUGH SUPERIOR MOTORCYCLES SAS
23257,"CHANGZHOU YIDAQI VEHICLE PARTS CO., LTD"
23258,"PREMIER SPECIALTY VEHICLES, INC."
23259,MIDWEST WELDING LLC
23260,RUGGED TOUGH TRAILERS LLC
23261,TRAILER REPAIR AND REBUILDING CORPORATION
23262,MECHANIZED CLEANING SOLUTIONS INC
23263,KEB HOMES LLC
23264,"U POWER ROBOTICS USA, INC."
23265,"SWAT, LLC"
23266,"FIRST CLASS FIRE APPARATUS, LLC"
23267,RAPTOR MFG. LLC
23268,ROLLING ART
23269,VENTURE FORMATIONS LLC
23270,IRON STITCH WELDING & FABRICATION
23271,Sapphire Automotive Group LLP
23272,DIAMOND TRUCK BODY MFG. INC.
23273,L&H Industrial
23274,CORE EQUIPMENT USA INC.
23275,"HIGH CALIBER CRANES, LLC"
23276,CHANDLER SERVICES INC.
23277,HERITAGE TRAILERS LLC
23278,HOTSY OF WESTERN MONTANA
23279,STAHL/SCOTT FETZER COMPANY
23280,RIVER BASIN RENTALS LLC
23281,7 ENERGY LLC
23282,"SUMMIT TRAILERS, LLC"
23283,INTEGRATED BALLISTIC SYSTEMS LLC
23284,TMG FARMS LLC
23285,RAFTER J HOLDINGS LLC
23286,SPARTAN PERFORMANCE
23287,TEXAS PRESSURE WASHING STORE
23288,"PATRIOT SPECIALTY RV, LLC"
23289,MARTEL WELDING & SONS INC
23290,"EMPIRE SOUTHWEST, LLC"
23291,TAZZARI GL IMOLA SPA
23292,JF TRAILERS LLC
23293,ROTOMIX LLC
23294,"WUHAN LOTUS CARS CO., LTD"
23295,PLASTIC DEVELOPMENT GROUP LLC.
23296,DYNAMITE BUILDERS LLC
23297,MERIDIAN CAMERA LLC
23298,BACKSTREET SURVEILLANCE INC
23299,"THE DUMP TRAILER COMPANY, LLC"
23300,ARK LA TEX RESTAURANT EQUIPPERS
23301,"OFFSITEK, LLC"
23302,RBW SPORTS & CLASSICS LIMITED
23303,SCORPION MARINE INC
23304,BREEZY EV LLC
23305,PLATINUM APPARATUS LLC
23306,PROTERIAL (THAILAND) LTD.
23307,"PROTERIAL CABLE (SUZHOU) CO., LTD."
23308,"CHANGZHOU YU AN ALUMINUM WHEEL CO., LTD."
23310,ONSITE COMPANIES
23311,RAVENNA BOAT WORKS LLC
23312,MOVERE LLC
23313,BROTHERS MOTORS CORP.
23314,HYUNDAI MOTOR GROUP METAPLANT AMERICA
23315,URSUS CAMPERS LLC
23316,THROWING FITZ WELDING & FABRICATION LLC
23317,TRETTER BUILT LLC
23318,"JOHN GUIRE SUPPLY, LLC."
23319,"H2 TRAILERS, LLC"
23320,WISKERCHEN TRUCK & EQUIPMENT LLC
23321,NEVO ELECTRIC VEHICLES LLC
23322,"ROCKY MOUNTAIN ATV/MC, INC."
23323,NEXT LEVEL FABRICATION
23324,"DANYANG SHENGMA AUTO PARTS CO.,LTD."
23325,"FUZHOU TIANYAO INDUSTRY CO., LTD."
23326,GUANGZHOU ADTORY (MINSHENG) AUTOMOTIVE TECHNOLOGY CO LTD
23327,GUANGZHOU BAOSTEP INDUSTRIAL LIMITED
23328,"AABACO HOLDINGS, LTD."
23329,"HAINAN JINPENG AUTOMOBILE TECHNOLOGY SERVICE CO.,LTD"
23330,"JIANGSU JINHAI AUTO PARTS CO., LTD"
23331,"JIANGXI SUCHI INDUSTRIAL CO., LTD."
23332,"NINGBO FAR EUROPE AUTO PARTS MANUFACTURING CO., LTD."
23333,PASCAL INTERNATIONAL INC.
23334,JR TRAILERS LLC
23335,RYDER'S RETREAD
23336,A&M TRAILER LLC
23337,DCS SALES INC
23338,"CROSSHAIR INDUSTRIES, INC."
23339,VBROS AUTO PVT LTD.
23340,ZEBRA E-CARTS CORP
23341,ROYALUX EXPORTS PRIVATE LIMITED
23342,"RUIAN HONGDU TECHNOLOGY CO., LTD"
23343,STEEL X METAL TRANSFORMATION S DE RL MI
23344,"TAIZHOU DEWANG GLASS TECHNOLOGY CO., LTD."
23345,VERGE MOTORCYCLES OÜ
23346,"WEIFANG XUHUI GLASS CO., LTD."
23347,"TEXAS CUSTOM RIGGING, LLC"
23348,SPARK SHOP LLC
23349,NO LIMITS OFF-ROAD TRAILERS
23350,BIG BEAR TRAILERS LLC
23351,IDEAL WELDING SOLUTIONS
23352,MOUNTAIN REGIONAL EQUIPMENT SOLUTIONS
23353,ULV LLC.
23354,HOSE NOW LLC
23355,JACC OF ALL TRADES LLC
23356,Z TRAILERS LLC
23357,"NEW FLYER OF AMERICA, INC."
23358,AW CUSTOM TRAILER'S LLC
23359,AUTOCRAFT GROUP INC.
23360,TN MIDLAND CO.
23361,JOHANNSEN METAL FABRICATION
23362,DOG HOUSE CARTS INC
23363,SIGNATURE TRUCK SYSTEMS LLC.
23364,"ZHEJIANG SANBAO AUTO PARTS CO., LTD."
23365,EPIC SOLUTIONS INC.
23366,NIELSEN FLEET
23367,EAST COAST TREE SERVICE LLC
23368,GOLDEN BAR & RESTAURANT EQUIPMENT LLC.
23369,KOMPACT KAMP LLC
23370,"IMPCO,INC."
23371,MYBUSHOTEL LLC
23372,"LIQUID TRANSPORT, INC"
23373,FLEX SECURITY LLC.
23374,"AMERICAN MADE PRODUCTS, INC."
23375,WILLIAM E WILSON JR LLC
23376,"DANYANG YUECHENG AUTO PARTS CO., LTD."
23377,DIALIGHT DE MEXICO
23378,"ELECTRIC ALLIANCE TECHNOLOGY CO., LIMITED"
23379,EUSINO AUTO LTD.
23380,GIVI SPA
23381,"GUANGDONG ZEUS LIGHTING APPLIANCES CO., LTD."
23382,"HENAN SHUNSU INDUSTRIAL CO., LTD."
23383,"HUBEI CHUSHENG VEHICLE IMP. & EXP. CO., LTD."
23384,BORAH MANUFACTURING LLC
23385,"HUBEI FUGONG FRICTION MATERIALS CO., LTD."
23386,L2 COMPANY LIMITED
23387,2 GOLDEN EAGLES
23388,"LIANGSHAN CHANGZAI MACHINERY MANUFACTURING CO., LTD"
23389,WAGS PET & CARGO TRAILERS LLC
23390,HEDGER TRAILER MANUFACTURING
23391,ROYAL BRASS AND HOSE INC
23392,F&S US LLC
23393,"NINGBO KANGXIN CHILDREN PRODUCT CO.,LTD"
23394,AUSTIN MOTOR COMPANY LTD
23395,"NINGBO MYBABY BABY & CHILDREN TECHNOLOGY CO., LTD."
23396,"QINGDAO SENLINHE RV CO., LTD"
23397,NORTH AMERICA TRAILER COMPANY LTD
23398,"SHANDONG SHODAILER AUTOMOBILE MANUFACTURING CO.,LTD"
23399,"SHANDONG XIDA RUBBER TECHNOLOGY CO., LTD."
23400,ALCANTAR CUSTOM TRAILERS
23401,NEW ERA  AUTOMOTIVE INC
23402,RING POWER CORPORATION
23403,IRON BLACKBIRD CYCLES
23404,SUPPLYOR LLC
23405,RADIANCE INC
23406,ASTRA STAGES LLC
23407,LOGIC WORKS LLC
23408,FRONTIER GOLF CARTS INC
23409,KAYLAVON ENTERPRISE LLC
23410,COVALENT LTD
23411,"QUADRATEC, INC."
23412,MISSOURI RIVER OUTDOORS LLC
23413,L & R FABRICATION LLC
23414,CUKS METAL RECYCLERS L.L.C.
23415,PHANTOM E-MOTO INC
23416,WENECO SERVICES LLC
23417,"MEDMOUNTS, LLC"
23418,SHANDONG XINNENG KUNGANG LIGHTWEIGHT EQUIPMENT INCORPORATED COMPANY
23419,SHERCO MOTORCYCLES SARL
23420,"WEIFANG DREAM FLY INTELLIGENT TECHNOLOGY CO., LTD."
23421,"LIGHTSHIP ENERGY, INC"
23422,PARKER MANUFACTURING LLC
23423,JAYCO TRAILER COMPANY
23424,"J PIERSKI ENTERPRISES, LLC"
23425,"VINTAGE MODERN, INC."
23426,AJAW LLC
23427,BIC UNLIMITED LLC
23428,LELANDS CABINS LLC
23429,"SMALL SPACE DESIGN, LLC"
23430,PRATT UTILITY TRAILERS
23431,FOOD TRUCK DEPOT
23432,"RENT CO, LLC"
23433,FRANK D ULLMAN III LLC
23434,WINK MOTORS INC.
23435,KRAKEN CUSTOM MARINE
23436,LIBERTY TRAILERS LLC
23437,137 INDUSTRIES INC.
23438,CC WELDING & SANDBLASTING SERVICES LLC
23439,"BLACK HORSE FORESTRY TRAILERS, INC."
23440,HEXEL TRAILERS INC
23441,ROLLIN KITCHENS LLC
23442,NOVAMAXA LLC
23443,"KLINGER TRAILER, LLC"
23444,BLACKTHORN VANS LLC.
23445,ELITE EQUIPMENT LLC
23446,CUTTING EDGE GOLF CARTS
23447,YOLO TRAILERS LLC
23448,ENCORE BOAT WORKS LLC
23449,SHAY MOTORS CORP
23450,FAZIL ENGINEERING AND ELECTROPLATING INDUSTRIES
23451,SENTURY TIRE MOROCCO
23452,ERNEST INDUSTRIES LLC
23453,CHALLENGER MANUFACTURING LTD.
23454,STENTEN'S GOLF CART ACCESSORIES
23455,"CW MILL EQUIPMENT CO., INC."
23456,Delorean Motor Cars Limited
23457,Clenet Coachworks
23459,Carrozzeria Bertone Spa
23460,ALUMINA TRAILERS LLC
23461,TOMAHAWK TRAILERS LLC
23462,"HARVEST MOBILE BOTTLING, LLC"
23463,CAPITOL CITY TRAILERS INC
23464,LION CAGE LLC
23465,Camelot Motors
23466,ZHEJIANG CENTANT INDUSTRY CORP.LTD
23467,"ZHEJIANG LEQI VEHICLE CO.,LTD"
23468,ANC MODULAR INC.
23469,"CHANGZHOU HENGDA VEHICLE ACCESSORIES CO., LTD"
23470,"CHANGZHOU OLAITE VEHICLE CO.,LTD"
23471,CRYSTAL DEFENSE TECHNOLOGIES
23472,DAIMLER VEHÍCULOS COMERCIALES MÉXICO S. DE R.L. DE C.V.
23473,"DANYANG HONGSHENG PHOTOELECTRICITY TECHNOLOGY CO., LTD."
23474,DURATUF GLASS INDUSTRIES PVT. LTD.
23475,"UPLAND ENTERPRISES, INC."
23476,"ROYAL EMERALD MOTORS, INC."
23477,EXPROLINK INC.
23478,"HENAN YISHAN LAMP MANUFACTURE CO., LTD."
23479,HIROHITO MARQUEZ BUSTAMANTE
23480,"HK DINGYI TECHNOLOGY CO., LIMITED "
23481,"HUNAN TANIN MANUFACTURE TECHNOLIGY CO.,LTD."
23482,JAMCO TRAILERS DIVISION OF MACLELLAN WELDING LTD.
23483,IVAN NEUFELD TEICHROEB
23484,"JIANGSU GAOLING AUTOMOTIVE TECHNOLOGY CO.,LTD."
23485,"JIANGSU GUOWEI MOTOR CO.,LTD"
23486,"JIANGSU HAIDELAITE VEHICLE INDUSTRY TECHNOLOGY CO., LTD"
23487,"JIANGSU XINDANENG AUTO PARTS CO., LTD."
23488,"JIANHU TEJIA HYDRAULIC PIPE CO., LTD."
23489,"JIAXING CIJU CONTROL SYSTEMS CO., LTD."
23490,LA TIRES LTD.
23491,NANKANG RUBBER TIRE CORPORATION
23492,"QINGDAO SANSHELL IMP. & EXP. CO., LTD."
23493,"EURO RESTAURANT SOLUTIONS, INC."
23494,FAIRWAY SERVICE
23495,CAM INDUSTRIES LLC
23496,"FAM VANS, INC."
23497,RONGCHENG FUQI TECHNOLOGY CO. LTD
23498,RS UNIVERSAL MANUFACTURA
23499,"SHANDONG BUS NEW ENERGY VEHICLE INDUSTRY CO., LTD"
23500,"SHANGHAI SHENGJIE INDUSTRY CO.,LTD"
23501,"SHENZHEN ANTELUN INTELLIGENT TECHNOLOGY CO., LTD"
23502,HEDLEY STUDIOS LIMITED
23503,VEHICLE DYNAMICS FZE
23504,YAMA VANS INC.
23505,MIDWEST CONCESSION TRAILERS
23506,"STAR SAFETY TECHNOLOGIES, LLC"
23507,HYDRAULIC HOSE & SUPPLY INC
23508,"ZHEJIANG JIANYING LOCOMOTIVE CO., LTD."
23509,ARMSTRONG ZE (PRIVATE) LIMITED
23510,"CHINA BAMBINO PREZIOSO CO., LTD."
23511,COVALCA GROUP
23512,EFFEDUE SRL
23513,ENDURANCE TECHNOLOGIES LIMITED
23514,"HEBEI ZHIGU AUTOMOBILE TECHNOLOGY CO.,LTD"
23515,"HENAN CREATE MACHINERY CO., LTD"
23516,"JIANGSU ANLU CHI TECHNOLOGY CO., LTD."
23517,"JIANGSU DANHONG AUTO LAMP CO., LTD."
23518,"JIANGSU JINPENG GROUP CO., LTD."
23519,"JIANGSU YUEAO AUTOMOBILE TECHNOLOGY CO., LTD."
23520,LANGENDORF GMBH
23521,"NANJING MINGUANG OIL PIPE CO., LTD"
23522,NEXPORTS CORPORATION LTD
23523,"NINGBO MOTAI ELECTRONIC TECH CO., LTD."
23524,PER-ACCURATE INCORPORATION
23525,PT SAILUN MANUFACTURING INDONESIA
23526,SHANGHAI JUESHUN MACHINERY & TECHNOLOGY CO. LTD
23527,"TAIZHOU XINNUO TECHNOLOGY CO., LTD."
23528,VIET TRUNG INTERNATION DEVELOPMENT JOINT STOCK COMPANY
23529,"QINGDAO XINYUYANG RUBBER CO., LTD."
23530,VIGANO' ACCESSORI
23531,"WUXI CANHUI AUTOMOTIVE MATERIALS CO., LTD"
23532,"YANCHENG SHUNHUI GOLF EQUIPMENT MANUFACTURING CO., LTD"
23533,"YANCHENG YANDU KAIFA ELECTRIC VEHICLE PARTS CO., LTD"
23534,"YUHUAN LETENG MACHINERY MANUFACTURING CO.,LTD"
23535,"ZHEJIANG CHEYUAN MACHINERY TECHNOLOGY CO. , LTD."
23536,"ZHEJIANG DONGSHENG MOTORCYCLE ACCESSORIES CO.,LTD"
23537,"ZHEJIANG GROUPSTAR AUTOMOTIVE LAMP CO.,LTD"
23538,"ZHEJIANG LAMDA TECHNOLOGY CO., LTD"
23539,"ZHEJIANG WATSON SPORTING GOODS CO., LTD"
23540,"ZHEJIANG ZHIBIAO INDUSTRY AND TRADE CO., LTD."
23541,"ACTON CONTROLS, INC."
23542,"ZHONGSHAN AURORA PHOTOELECTRIC TECHNOLOGY CO., LTD."
23543,CORVEL FOOD TRAILERS
23544,"DANYANG BAOLIMAI AUTOPARTS CO.,LTD"
23545,FAYMONVILLE AG
23546,"HENAN JIAMING MACHINERY MANUFACTURING CO., LTD."
23547,"HUNAN AUTOMOBILE MANUFACTURING CO., LTD."
23548,"JINHUA YOSOCOMA TECHNOLOGY CO.,LTD"
23549,KOLUMAN OTOMOTIV ENDÜSTRI A.S
23550,KONGSBERG FLUID TRANSFER SYSTEMS S. DE R.L. DE C.V.
23551,"NINGBO XINKAIHONG MACHINE FABRICATE CO.,LTD"
23552,OFF ROAD ACCESSORIES LTD
23553,"SHANDONG TIANZONG FOOD TRUCK CO., LTD"
23554,"NORMA MICHIGAN, INC."
23555,"Xuzhou Rongteng Locomotive Co., Ltd."
23556,CL FABRICATION INC.
23557,TELO TRUCKS INC
23558,HIGH COUNTRY BOATS AND OUTFITTERS
23559,WINDROSE TECHNOLOGY INC
23560,SPARTAN INTEGRATION SOLUTIONS LLC
23561,PREMIER WATER TANKS LLC
23562,MV COACHBUILDERS
23563,LITHIONICS BATTERY
23564,PANTHER CARGO LLC
23565,"EAST RIVER MANUFACTURING, LLC"
23566,ST REMOLQUES S.A. DE C.V.
23567,SKINNY RIVER CUSTOMS LLC
23568,EBYS PORTABLE WELDING & FABRICATION
23569,REHAB GARAGE LLC
23570,"TBT TRAILERS, LLC"
23571,"GLV, LLC"
23572,TRUELINE INC
23573,ELITE TRAILERS CORPORATION
23574,SOLAR MOTORS INC
23575,"LUMINAR TECHNOLOGIES, INC."
23576,HARBINGER EQUIPMENT LLC
23577,DREAMLINER LUXURY COACHES LLC
23578,"JHB GROUP, INC."
23579,"JOHN'S TRUCK SERVICE, INC"
23580,GANNETT MECHANICAL SERVICES
23581,"ADVENTURE WAGON SERVICES, LLC"
23582,"PREMIER SERVICE CENTER, INC."
23583,"DICKSON MOTOR SALES & LEASING, INC."
23584,CAT-I GLASS MANUFACTURING
23585,CHASSIS KING LLC
23586,OVERSEAS STRATEGIC CONSULTANS PRIVATE LIMITED
23587,LEGION TRAILERS LLC
23588,DOYLE MANUFACTURING
23589,"CALIFORNO, CORP."
23590,NET TRAILERS LLC
23591,SWAPLOADER USA LTD.
23592,"VALEO ESPANA, S.A.U."
23593,"GIANTLIGHT TRAFFIC SUPPLIES INSTRUMENT CO., LTD"
23594,"SICHUAN ANTARCTICA STAR RV EQUIPMENT CO., LTD"
23595,BELRISE INDUSTRIES LIMITED
23596,"ZHEJIANG JINSHEN INTELLIGENT TECHNOLOGY CO., LTD."
23597,ALEJANDRO ARENAS
23598,MW FABRICATION LLC
23599,ECS MOBILE ALERTING SYSTEMS
23600,THE OFF-ROAD TRAILERS LLC
23601,MIRROR HOUSES USA INC
23602,"COVINA ACCESSORIES, LLC"
23603,VIRNIG MANUFACTURING INC.
23604,WIGGINS METAL WORKS
23605,"LAWSON CRYOGENIC MANUFACTURING & REPAIR, LLC"
23606,SOARING EAGLE CAMPERS INC.
23607,NO SWEAT SERVICE GROUP INC.
23608,ROAM RESILIENT EXPEDITION VEHICLES
23609,XZ ELECTRIC VEHICLES LLC
23610,"AXIONLIFT NORTH AMERICA, LLC"
23611,"HEBEI WEIXU GLASS CO., LTD."
23612,LJ INC
23613,"ZHE JIANG SIGMA AUTOMOTIVE SUSPENSION CO., LTD"
23614,"DALIAN YUDA AUTOMOBILE PARTS MANUFACTURING CO., LTD"
23615,"NANTONG RELIANCE MACHINERY MANUFACTURING TECHNOLOGY CO., LTD."
23616,NORTHWEST TOWERS
23617,"INTERNATIONAL TRAILER GROUP, LLC"
23618,MRC FABRICATION
23619,KINGS TRAILERS LLC
23620,"MCGRATH AUTOMOTIVE GROUP, INC."
23621,ROGERS WELDING
23622,WARHORSE OVERLAND
23623,FORTE INFRAESTRUCTURA S.A. DE C.V.
23624,"HENAN CANCHE INDUSTRY CO., LTD."
23625,MC MANUFACTURING AND REPAIR LLC
23626,SUSSEX UPFITTERS LLC
23627,"PRISTINE ENVIRONMENTAL, LLC"
23628,SEVIC INC.
23629,DAVIS MANUFACTURING LLC
23630,"CIRCLE DOUBLE B TRAILER SALES, LLC"
23631,SUMACORTEC S.A. DE C.V.
23632,INOUE RUBBER (THAILAND) PUBLIC COMPANY LIMITED
23633,"SHANDONG GREFORCE TIRE CO., LTD."
23634,"ZHUCHENG KINGWORLD RUBBER CO., LTD."
23635,"DANYANG LANQI AUTO ELECTRICS CO., LTD"
23636,INOX INDIA LIMITED
23637,CIRCLE COMPUTER RESOURCES
23638,"DAKOTA METAL SOLUTIONS, LLC"
23639,ELITE CUSTOM TRAILERS
23640,"GATOR PIT OF TEXAS, LP"
23641,KENNYS AUTO ACCESSORIES
23642,KNOTT COUNTY WELDING AND FABRICATING LLC
23643,NORTHERN CARTS LLC
23644,A&G DIESEL LLC
23645,"CHARGE RIGS, LLC"
23646,HIGH STAR TRAFFIC
23647,MERTZ INTEGRATION LLC
23648,MANUFACTURING AND PRODUCTION SERVICES CORP
23649,WESTERN HORSE & STOCK TRAILERS
23650,"EASTERN GLASS RESOURCES, INC."
23651,OVERLAND VEHICLE SYSTEMS LLC
23652,PRIME TRAILERS LLC
23653,"GREAT WESTERN TIRE, INC."
23654,"NEW RIVER MANUFACTURING, INC."
23655,FRONTIER MANUFACTURING CO
23656,HYUNDAI MOTOR GROUP INNOVATION CENTRE IN SINGAPORE
23657,"ZEEKR INTELLIGENT TECHNOLOGY US, LLC"
23658,HIGH TIDE TRAILERS LLC
23659,BOLT EV LLC
23660,D&D MACHINE & HYDRAULICS INC.
23661,EXPERTEC USA INC.
23662,QUNYAO AUTOGLASS (VIETNAM) COMPANY LIMITED
23663,DONGFENG MAXION WHEELS LIMITED
23664,HOOK & LINE CARGO LLC
23665,"NINGBO MINGJIANG LIGHTWEIGHT TECHNOLOGY CO., LTD"
23666,"HENAN GUILUN TIRE CO.,LTD."
23667,BREMARK INC.
23668,YYTON DIGITAL TECHNOLOGY INC.
23669,"ZHONGSHAN SUNGMO SCIENCE AND TECHNOLOGY CO., LTD"
23670,MENGHE YUPIN AUTOMOBILE PARTS FACTORY IN XINBEI DISTRICT
23671,"YUHUAN JIANGHONG MACHINERY CO. , LTD"
23672,"King Shing Industrial Co., Ltd."
23673,"ALL AMERICAN TRAILER CONNECTION, INC."
23674,"QINGDAO HENGSHENG METAL PRODUCTS CO.,LTD."
23675,JIL ENTERPRISES LLC
23676,"PORFITEL TECHNOLOGY CO., LIMITED"
23677,SPECIALTY TRUCK SALES
23678,"KING SHING AUTOMOBILE PARTS CO., LTD."
23679,"ZHEJIANG KETAI MOTORCYCLE ACCESSORIES CO., LTD."
23680,ST.CROIX HOLDINGS INC
23681,"MJL UPHOLSTERY COACH NY, LLC"
23682,D&B FABRICATORS
23683,"KING TRAILERS, LLC"
23684,HATTYCO WELDING & FABRICATION CORPORATION
23685,"WENZHOU TAST MOTORCYCLE PARTS CO., LTD."
23686,WALLENSTEIN EQUIPMENT INC.
23687,"LIUZHOU WULING AUTOMOBILE INDUSTRY CO.,LTD"
23688,"ZHEJIANG FENGBO MECHANICAL AND ELECTRICAL TECHNOLOGY CO.,LTD"
23689,"CHE JINXI AUTO PARTS CO.,LTD"
23690,CHANGZHOU SHENYA AUTOMOTIVE ACCESSORIES FACTORY
23691,"MJ'S MOBILE FLEET, LLC"
23692,TKR EQUIPMENT
23693,EBIKESHOP LLC
23694,KYVEK ENERGY SERVICES INC
23695,EAST TEXAS BUILDING SYSTEMS
23696,S3 SUPPLY LLC
23697,T&M METAL WORKS
23698,"DONGGUAN DAYOUFA HARDWARE PRODUCTS CO.,LTD."
23699,"SHENZHEN VINSTAR PHOTOELECTRICITY CO., LTD."
23700,VIVITECH LIMITED
23701,"HENGYU GROUP HYDRAULIC FLUID  TECHNOLOGY HEBEI CO., LTD."
23702,BEATTIE SPRING & WELDING SERVICE INC
23703,"CONWAY AXLE & TRAILER PARTS, LLC"
23704,SPRING RIVER MARINE & FABRICATION LLC
23705,"QINGDAO FORCAR MOTORSPORT CO.,LTD"
23706,HENAN SHAOLIN BUS CO. LTD.
23707,"CHANGZHOU CHENGHAO VEHICLE LAMPS CO., LTD."
23708,"SHANGHAI JINXINFU AUTO PARTS CO., LTD"
23709,"CHANGZHOU CHAOYU VEHICLE PARTS CO., LTD"
23710,VIPER CART USA
23711,AL-ASSRI INDUSTRIES LLC
23712,MERCURY TRANSFORM COMPANY LIMITED.
23713,"WUXI MINGKE AUTO PARTS CO., LTD."
23714,PT XINYI GLASS INDONESIA
23715,5G MODULAR MT LLC
23716,"RIZHAO KAISHUN TIRE CO.,LTD"
23717,SHUYANG ZHONGXIN AUTOMOBILE TECHNOLOGY CO. LTD
23718,"SHENZHEN SAIMAN INTELLIGENT LIGHTING TECHNOLOGY CO., LTD"
23719,CHANGZHOU WEIDONG ENTERPRISE LIMITED
23720,DEROTIC LLC
23721,ARAUJO INDUSTRIAL SUPPLY'S LLC
23722,JIANGXI RAYONE WHEELS TECHNOLOGY COMPANY LIMITED
23723,"ZHEJIANG MINGYANG SPORTING GOODS CO., LTD."
23724,"JINHUA BETTER TRAILER MANUFACTURING CO., LTD"
23725,NICE FISH HOUSE LLC
23726,PT MATAHARI TIRE INDONESIA
23727,JD CUSTOM KAYAK TRAILERS
23728,LONE STAR MFG
23729,INFAMOUS COMPANY CORP.
23730,ANIMAL HOUSING SOLUTIONS INC
23731,"CHONGQING GUANGNENG WANXI TECHNOLOGY CO., LTD."
23732,LUMINYS SYSTEMS CORPORATION
23733,"ZHEJIANG GUANGCHUANGXIN ENERGY TECHNOLOGY CO.,LTD."
23734,"DOWNTOWN AUTO GROUP, INC."
23735,NEAL MOTOR COMPANY LLC
23736,ZO MOTORS NORTH AMERICA LLC
23737,MEHTAR TARIM MAKINALARI SANAYI VE TICARET LTD.STI.
23738,"JIANGXI RONGHUO WEELS TECHNOLOGY CO., LTD"
23739,SAMBUS OTOMOTIV SANAYI VE TICARET LTD. STI.
23740,HELLS CANYON MARINE INC.
23741,RM TRAILER LTD
23742,"DALIAN HONGHUANG ZHILI ELECTRONIC TECHNOLOGY CO., LTD"
23743,"CHANGZHOU TRAILBLAZER VEHICLE PARTS CO., LTD"
23744,"JERRY'S WELDING SERVICE, INC"
23745,"ZHEJIANG JINBANG PRECISION MANUFACTURING CO., LTD."
23746,"DANYANG DENGFENG VEHICLE INDUSTRY CO., LTD."
23747,"GUANGZHOU NORTH AND SOUTH LIGHTING TECHNOLOGY CO., LTD."
23748,"XIAMEN QIANZE ELECTROINC TECHNOLOGY CO., LTD"
23749,"CHINA WHEEL (TAISHAN) CO., LTD."
23750,"DANYANG WEIMAN VEHICLE PARTS CO., LTD"
23751,TVS SRICHAKRA LIMITED
23752,"JINBO AUTO PARTS (THAILAND) CO.,LTD"
23753,"SHENZHEN CHASING LITE CO., LTD"
23754,MDSC SYSTEMS OÜ
23755,DRAKE'S TRUCK BOX SALES LIMITED
23756,DAWSON CONSTRUCTION
23757,X-STAR TRAILERS LLC
23758,"LIMITLESS TRAILERS MFG, LLC"
23759,"TOOLCREST, LLC"
23760,PCD RACE CARS LLC
23761,NV MOTOR GROUP
23762,ROKIT CARTS INCORPORATED
23763,NU CLASSIC COACH INC
23764,STARFIRE AMERICA LLC
23765,WEISTEC ENGINEERING INC.
23766,TRI-STATE HOSE & FITTINGS LLC
23767,OSPREY WIRELESS
23768,R AND R MANUFACTURING
23769,EQUIX INC
23770,"J & T TRAILERS, LLC"
23771,GIGONE LLC
23772,DTH INT GROUP LLC
23773,"ZROX EV, INC."
23774,O'GUINN ATR TRAILERS
23775,DIAMOND TRAILERS INC
23776,SANFORD AND COUSIN LLC
23777,VOLITION COMPONENETS LLC
23778,"PHOENIX USA MV, INC"
23779,HITCH-POINT TRAILERS
23780,"SHANDONG LUJUN AUTOMOBILE MANUFACTURE CO., LTD"
23781,AR PRO SERVICES LLC
23782,"PEBBLE MOBILITY, INC."
23783,PARAMEDIC BUILT
23784,PE INNOVATIONS LLC
23785,HOTSHOTS TRAILER LLC
23786,TOP SHELF METAL WORKS LLC
23787,GM TRAILERS MANUFACTURING LLC
23788,"SLANT BAR AG, LLC"
23789,NEBEL & LUCE INC.
23790,ADRENALIN INDUSTRIES
23791,"HORSE VANS, LLC"
23792,BEYER SERVICES LLC
23793,"L.P. AERO PLASTICS, INC."
23794,STEEL BOYZ LLC
23795,FOX HEAD INC.
23796,LC TRAILER SALES
23797,"QINGDAO AONUO TYRE CO., LTD."
23798,OPERADORA Y TRANSFORMADORA VIG SA DE CV
23799,KEYSTONE TRAILER CO
23800,"RIVERS EDGE ADVENTURE VANS, INC."
23801,DWI POWER SYSTEMS COMPLETE HYDRAULIC
23802,BRIAN JAMES TRAILERS LTD
23803,DONGGUAN HONGMEI HEXIN HARDWARE BUSINESS UNIT
23804,HIM IMPERIAL AUTO GLASS WORKS
23805,LIBERTYTECH LLC
23806,J AND R SERVICES LLC
23807,"UNITED ACCESS, L.L.C."
23808,WEST POINT DESIGN INC.
23809,"NINGBO ENGINEERING TECHNOLOGY CO., LTD. "
23810,HOSE CONNECTIONS INC
23811,15203341 CANADA INC
23812,"JIANXIN TYRE CO., LTD"
23813,"TAIZHOU CHUNFENG AUTO PARTS CO., LTD."
23814,"EXMILE (JIANGSU) NEW MATERIAL TECHNOLOGY CO., LTD"
23815,EVOKE ELECTRIC MOTORCYCLES (HK) LIMITED
23816,"SHANDONG JINHAO GLASS PRODUCTS CO., LTD."
23817,GROTE INDUSTRIES CO.
23818,DE TOMASO AUTOMOBILI GMBH
23819,"JIANGXI XIFA TECHNOLOGY CO., LTD."
23820,"TIDE CRAFT BOATS, LLC"
23821,"SHENZHEN BAIYUE AUTOMOTIVE TECHNOLOGY CO., LTD."
23822,"LIHONG (GUANGDONG) OPTOELECTRONIC TECHNOLOGY CO.,LTD"
23823,"ZHEJIANG GUANGHUAN INDUSTRY AND TRADE CO.,LTD."
23824,THE RASMUSSEN GROUP INC.
23825,EAGLE MOTORSPORTS LLC
23826,M&A CONTRACTING INC
23827,FIRESIDE TRUCKS
23828,"MAYBEE (TAIZHOU) AUTO PARTS CO., LTD"
23829,HEATMASTER FURNACES INC.
23830,GARCIA TRAILERS SALE AND REPAIR LLC
23831,STONE TABLE LLC
23832,CHAN MAO TECHNOLOGY LTD
23833,TELITEK WIRELESS INC.
23834,"MOABG, LLC"
23835,DUGGER STEEL CO
23836,MOUNTAIN VIEW ENTERPRISES
23837,IMOTOR INDUSTRY FZE
23838,"ZHEJIANG MINGZHOU AUTO PARTS CO.,LTD"
23839,"GUILIN GUIKE TECHNOLOGY CO., LTD"
23840,COMPLETE CONCESSIONS
23841,"WENZHOU SEKO TECHNOLOGY CO., LTD."
23842,TCB OILFIELD SERVICES LLC
23843,PERFORMANCE TIRE LLC
23844,TOMMY CAMPER VANS AND ADVENTURE TRUCKS LLC
23845,PREDATOR MOTORSPORTS INC
23846,"QINGDAO HENGXIANG INDUSTRIAL PRODUCTS CO.,LTD."
23847,"FOSHAN TUFF PLUS AUTO LIGHTING CO., LTD."
23848,JFA TRAILERS
23849,ALL HAUL TRAILER'S
23850,ACTON CUSTOM ENTERPRISES
23851,SEQUOIA CAMPERS AND TRAILERS LLC
23852,"TRANSMISSION & FLUID EQUIPMENT, INC"
23853,MEB TRAILER SALES
23854,"MIDLAND CARRIERS MFG, LLC"
23855,"SW&E, LLC"
23856,"CHANGZHOU YU AN ELECTRIC APPLIANCE CO., LTD."
23857,"CHONGQING CHARMING MOTORCYCLE MANUFACTURE CO., LTD."
23858,"TERBERG TAYLOR AMERICAS, LLC"
23859,ADVANCED TRAILER SALES & SERVICE LLC
23860,BYD DO BRASIL LTDA
23861,GO EASY CART RENTALS LLC
23862,ERMONT NORTH AMERICA LLC
23863,"NATIVE TRAILERS, LLC"
23864,STINGRAY TRAILERS LLC
23865,ADVANCED TRAILER MANUFACTURING
23866,COMPASS MARINE TRAILERS
23867,"10-8 EMERGENCY VEHICLE SERVICE, LLC"
23868,TTS TRAILERS INC
23869,PETRA TRUCK EQUIPMENT LTD
23870,ATL VANS LLC
23872,DURABAC INC.
23873,US ARC FORCE OF SUMTER TRUST
23874,INTEGRITY SERVICE PROVIDERS
23875,FIRST FOOD TRUCK INC
23876,"PHILBROOK STEEL, INC."
23877,"MERCEDES BENZ VANS,LLC"
23878,NEXIO POWER INC.
23879,BECKS AUTOMOTIVE & DIESEL
23880,DBMC AMERICA LLC
23881,"NINGBO SUHAO AUTOPARTS CO., LTD"
23882,MORGAN HATFIELD ENTERPRISES LLC
23883,"DETHMERS MANUFACTURING CO., LLC"
23884,"TRI-COUNTY MACHINE, LLC"
23885,DCD VEHICLE CORP
23886,STANDARD IRON & WIRE WORKS LLC
23887,TIM'S TRIM INC.
23888,UNCLE J CUSTOM BOATS LLP
23889,VERTEX CYCLES LLC
23890,VAMONOS VANS INC
23891,HOGLUND SPECIALTY SERVICES INC.
23892,"GEAUX PULL TRAILERS AND RENTALS, LLC"
23893,"TEMPEST FLEET SERVICES,LLC"
23894,VJ TRAILERS LLC
23895,"NINGBO QIXING PNEUMATIC TECHNOLOGY CO., LTD"
23896,TWH TRAILERS LLC
23897,SHATTERPRUFE A DIVISION OF THE PG GROUP
23898,WATERSNAKE BOATS LLC
23899,BROKEREASIER INC.
23900,MI TRAILER LLC
23901,"DMA INDUSTRIES , LLC"
23902,"SNOW-WAY INTERNATIONAL, INC."
23903,TAYLOR MADE METAL WORKS
23904,CAPCO USA INC.
23905,RESTAR OTOMOTIV TURIZM SANAYI IC VE DIS TICARET ANONIM SIRKETI
23906,GOAT TRAILERS LLC
23907,THAT TRUCK AND VAN
23908,"GJR MEYER SERVICE COMPANY, INC."
23909,VERNIE'S TRUX-N-EQUIP INC
23910,"ECHO AUTOMILES INTERNATIONAL TRADING CO.,LTD"
23911,ELITE TRAILER RENTALS LLC
23912,"ATLAS STEEL PRODUCTS, INC."
23913,"BOX HOUSE HOLDINGS, INC."
23914,CABASE LLC
23915,"JINBO AUTO PARTS CO., LTD"
23916,RETRO RELICS MOTORS LLC
23917,"POWERLINK ENERGY TECH (SHANGHAI) CO., LTD"
23918,"BRANO AUTOMOTIVE PARTS (SUZHOU) CO.,LTD."
23919,2598309 ONTARIO LIMITED
23920,"XCEL MANUFACTURING, LLC"
23921,BEARTRAILER L.L.C.
23922,ROCKET EQUIPMENT LLC
23923,SOUTHEASTERN STEEL MANUFACTURING CORP
23924,FIRST CLASS BODIES LLC
23925,"OVERLAND SERVICES, LLC"
23926,HIGHLAND VANS LLC
23927,SVENN LLC
23928,GOLDEN ROAD TRAILERS LLC
23929,B & B CAMPER INC
23930,AXIOM EQUIPMENT INC
23931,"ZHEJIANG LIANZHONG AUTO PARTS CO.,LTD"
23932,"SHANDONG MARS CABIN TECHNOLOGY CO., LTD"
23933,"JIANGXI YINGBO AUTO PARTS CO., LTD"
23934,"CHENGDU JIANGZAO AUTO PARTS CO., LTD."
23935,"ALL AMERICAN CUSTOM REEL TRAILER & SUPPLIES, LLC"
23936,"HYPER BICYCLES, INC."
23937,"JIANGSU HERUI TECHNOLOGY CO., LTD."
23938,"EASDAR OPTOELECTRONICS GUANGDONG CO., LTD."
23939,P J TRAILERS CANADA INC.
23940,PONTIAC MOTOR COMPANY
23941,"MOTSMANN ENGINEERING, LLC"
23942,"ZHUHAI ZHENGYUAN OPTOELECTRONIC TECHNOLOGY CO., LTD."
23943,"NINGBO REFORGE AUTO PARTS CO., LTD"
23944,"NINGBO PINJIA IMPORT & EXPORT CO., LTD"
23945,FAULT LINE TRAILERS AND AUTO SALES LLC
23946,"VELI TECHNOLOGY INDUSTRIAL CO., LIMITED"
23947,N.D. RUBBER PUBLIC COMPANY LIMITED
23948,"CHONGQING NICOT MOTORSPORTS CO., LTD"
23949,"CHANGZHOU EAGLE HUMMER VEHICLE PARTS CO.,LTD"
23950,"TIANJIN DH TRADE CO., LTD."
23951,"YANGZHOU BENUO AUTO PARTS CO., LTD"
23952,SO CAL TRAILER BUILDERS
23953,"YANTAI ZHENGGANG AUTO PARTS MANUFACTURING CO., LTD"
23954,"ANHUI HONGYUN AUTO PARTS TECHNOLOGY CO.,LTD"
23955,"DONGGUAN SPOTLIGHT LIGHTING CO., LTD"
23956,"YUYAO NUOLING ELECTRIC CO., LTD"
23957,"ZODO TIRE (CAMBODIA) CO., LTD."
23958,"QINGDAO CAMEL TYRE CO.,LTD."
23959,"GRUPO GELSA FABRICACION Y DISTRIBUCION, S.A. DE C.V."
23960,"ACHA TRAILERS & INOX, S.A. DE C.V."
23961,TURBOCRISTAL INC.
23962,"SHANDONG YATONG AUTO PARTS MANUFACTURING CO., LTD."
23963,"TAIZHOU WEIAO AUTOMOTIVE PARTS CO., LTD."
23964,"SHANDONG KANGJIE INTELLIGENT TECHNOLOGY CO,.LTD"
23965,2055495 ONTARIO LTD.
23966,"HEBEI WANJUN TIRE CO.,LTD"
23967,"LEOPAARD MOTORS CO., LTD."
23968,CLASSIC LEGENDS PVT LTD
23969,INTEGRITY WELDING AND FABRICATION COMPANY LLC
23970,TIANJIN BOYUANSHENG AUTOMOTIVE PART MANUFACTURING COMPANY LIMITED
23971,"GUANGZHOU SUPAREE ELECTRONIC CO.,LTD."
23972,SINER AG
23973,"JIANGSU VALITY AUTO PARTS CO.,LTD"
23974,MERRILL MOTOR AND AEROSPACE LLC
23975,"MINGHESI ELECTRONIC (SUZHOU) CO., LTD"
23976,"DANYANG CAREST AUTO PARTS CO., LTD."
23977,"DANYANG JINXIU AUTO PARTS CO., LTD."
23978,CAROLINA REMOUNTS LLC
23979,ADAGIO COLLECTIONS LLC
23980,DUKE'S TRUCKS & MORE
23981,EDGAR MANUEL RODRIGUEZ VILLARREAL
23982,"JIANGSU DUO RUI MI FA AUTOMOBILE TECHNOLOGY CO., LTD"
23983,OCEAN BREEZE TRAILERS INC
23984,D&K FABRICATION
23985,EVANS MACHINERY INC
23986,JONES SERVICE & REPAIR LLC
23987,KRABALCRAFT LLC
23988,"ONDEMAND SPECIALTY VEHICLES, LLC"
23989,INLAND MOBILE HOSE
23990,ULTIMATE CUSTOM TRAILERS
23991,"JIANGSU GUANGWEI FORGING CO.,LTD"
23992,"TAIZHOU ENKS AUTO PARTS CO., LTD."
23993,MOR STORAGE
23994,SIVO EV
23995,SUNSET LSV INNOVATIONS
23996,"BTE BODY COMPANY, INC."
23997,MYERS MADE INDUSTRIES LLC
23998,KD MODULAR INSTALLERS
23999,62 DEGREE NORTH CUSTOMS
24000,CLEVR CARTS LLC
24001,PHOENIX COACH WORKS INC.
24002,IDEAL MACHINE LLC
24003,"AUSTIN MOTOR WORKS, INC."
24004,"LOGUE INDUSTRIES, INC."
24005,E&M TRAILERS LLC
24006,DAYTON PARTS L.L.C
24007,DORADO MOTORS INC.
24008,"ROVER ADVENTURES, LLC"
24009,"BARRETT TRAILERS, LLC"
24010,"CASCADE VAN, LLC"
24011,GREEN RIVER CABINS LLC
24012,HENKO TRAILERS LLC
24013,DROPCASES LIMITED
24014,"XIAJIN SHUNJIE AUTO PARTS CO., LTD"
24015,"YUEQING LUWEI MOTORCYCLE EQUIPMENT CO., LTD."
24016,GULF COAST FLEET AND TRUCK EQUIPMENT
24017,NEW ENGLAND LOW SPEED VEHICLE
24018,MAMMOTH MANUFACTURING INC.
24019,INSPIRE VENTURES LLC
24020,BROCKWAY MINI HOMES INC.
24021,"TAIZHOU LEITUO AUTO PARTS CO., LTD."
24022,EXCEL TENT TRAILERS LTD.
24023,"NINGBO PENGQI WHEEL MANUFACTURING CO., LTD"
24024,HRT TRUCK BODY LLC
24025,TOP LEAGUE
24026,"C&S PLATING AND BUMPER RECYCLING INC,"
24027,HORIZON TRAILERS LLC
24028,YODER'S STORAGE BUILDINGS LLC
24029,MACHINE POWER TRUCK AND EQUIPMENT LLC
24030,ZION HORSE LLC
24031,SANSOM EQUIPMENT COMPANY INC
24033,"JIANGSU SUNHOU MOTORCYCLE CO., LTD."
24034,"KAXA MOTOS CO., LTD."
24035,"TIANJIN JET AUTOMOTIVE THREE WAY CATALYST CO., LTD"
24036,"NINGBO MINGXUN AUTOMOTIVE COMPONENTS CO., LTD."
24037,TRAILHAWK MANUFACTURING INC.
24038,"SHANGHAI MEKRA LANG VEHICLE MIRROR CO., LTD."
24039,"JIANGSU PRIME AUTO TECHNOLOGY CO., LTD."
24040,"JINAN BYD AUTO CO., LTD."
24041,"COMMERCE GROUP INTERNATIONAL, LLC"
24042,DP PLATINUM STAR TRAILERS
24043,"DIVERSIFIED BODY ACQUISITION, LLC"
24044,ROCKY MOUNTAIN STRUCTURES
24045,JK SALES LLC.
24046,HERO TRAILERS LLC
24047,SOLAR TRANSPORT SYSTEMS. INC
24048,"JOHNSON CONTRACTING COMPANY, INC."
24049,KENSINGTON TRAILERS LLC
24050,J & T PROPERTY DEVELOPMENT LLC
24051,"WCC CUSTOMS, LLC"
24052,"BEIJING HEDAO TIANCHI CULTURE CO., LTD."
24053,"CHANGZHOU CHANGMING PLASTIC PARTS CO.,LTD."
24054,"RUIAN MAG ELECTRONIC TECHNOLOGY CO., LTD."
24055,"CHANGZHOU SHARK AUTO PART CO., LTD."
24056,IKON TRAILER MANUFACTURING
24057,"NINGBO INTELL PNEUMATIC TECHNOLOGY CO.,LTD"
24058,"DONGFENG AUTOMOTIVE WHEEL SUIZHOU CO., LTD"
24059,"GUANGDONG TOURY AUTO PARTS CO.,LTD"
24060,"VECTOR MIXERS, LLC."
24061,DSM TRAILERS LLC
24062,REFLEX NORTH AMERICA INC
24063,KIEWIT INFRASTRUCTURE CO.
24064,RURUP METAL FAB LLC
24065,LOWBED TRAILER SALES OF NORTH AMERICA LLC
24066,PETROLEUM FLEET SPECIALISTS
24067,DON KEYDIK SERVICES LLC
24068,ALLEGHENY CONTRACTING LLC
24069,"CAROLINA CUSTOMS UPFITTING, LLC"
24070,SERVICE SPECIALTIES OF ELKHART IN
24071,HAY PLUS FARMS
24072,ATLANTIC TRAILERS INC
24073,REVIVAL MOTOR ICONS LLC
24074,TRAMEC LLC
24075,WIENS ENERGY LLC
24076,POWERHOUSE SUPPLY
24077,"POSTLE OPERATING, LLC"
24078,"ALTA ELECTRIC VEHICLES, LLC"
24079,VISION SYSTEMS SAS
24080,KFP REALTY
24081,TACTICAL TRADING LIMITED
24082,QUANZHOU QUANSHENG HELMET MANUFACTURING CO..LTD.
24083,"HEBEI YADA AUTO PLASTIC PRODUCTS CO., LTD."
24084,"CARISMA GROUP, LLC"
24085,"U.S. HEAVY DUTY REPAIRS, LLC"
24086,"LPR (ZHUHAI) AUTO PARTS CO., LTD."
24087,"ZHEJIANG AOLIN VEHICLES INDUSTRY CO., LTD."
24088,MOTION RESOURCES
24089,BAM EQUIPMENT SALES
24090,"CYNEBABY (XIAOGAN) PRODUCT CO., LTD."
24091,"ORANGE ELECTRONIC CO., LTD."
24092,Hiroshima Corporation Empresa Individual de Responsabilidad Limitada
24093,KAVA ENTERPRISES
24094,NANJING YCLOUD INDUSTRIAL CO. LTD.
24095,JAMUNA TYRE AND RUBBER INDUSTRIES LIMITED
24096,"HONGKONG YIXING INDUSTRY AND TRADE CO., LIMITED"
24097,AXIOM EQUIPMENT INC
24098,STARK FUTURE S.L.
24099,NIU TECHNOLOGY INC.
24100,USA HAULERS LLC
24101,"INTERSTATE ASSEMBLY SYSTEMS, INC."
24102,"CHTC KINWIN(NANJING) AUTOMOBILE CO., LTD."
24103,"FUJIAN GP TIRE CO., LTD"
24104,"Goodyear Slovenija, d.o.o."
24105,"Goodyear Slovenija, d.o.o."
24106,PFAFF SIGNS LLC
24107,TATE SERVICES
24108,TRICARGO LLC
24109,SCHMUCKERS WELDING LLC
24110,ADA OTO CAM ÇERÇEVE SAN.TIC.LTD.STI.
24111,KORO BAS INC.
24112,"NINGBO PNEUMATIC TECHNICAL EXPERT CO., LTD."
24113,ZAPP ELECTRIC VEHICLES LIMITED
24116,VISION CARGO LLC
24121,"GUANGZHOU IRON BOX AUTO SUPPLIER CO.,LTD."
24122,"JIANGXI SUNFLEX OPTICAL TECHNOLOGY CO., LTD"
24123,VISUM TECHNOLOGIES LLC
24124,"QINGDAO RENTONE HOSE CO., LTD"
24125,TAIZHOU YONGZHENG AUTOMOBILE PARTS CO LTD
24126,SIPSEY RIVER FABRICATION
24127,RG GROUP INDUSTRIES INC
24128,SL&TD TIRE MANUFACTURING S.A.P.I. DE C.V.
24129,"BRP MEXICO, S.A. DE C.V."
24130,BUCKTREAD ACQUISITION
24131,PRO R66 AUTOS LLC
24132,LOOKOUT MOUNTAIN BRONCO CARTS
24133,KING RACE TRAILERS
24134,FSC HIGHLANDER LLC
24135,"ZHEJIANG LIZHONG CHASSIS PARTS CO., LTD."
24136,"JINGZHOU JINGFU AUTO PARTS CO.,LTD"
24137,EXPANSION CORPORATION
24138,"VSOLUTION MANUFACTURING (THAILAND) CO., LTD."
24139,"SIN LING CO., LTD"
24140,"GLOBAL NET AUTOMOTIVE CO., LTD."
24141,"NINGBO MINGJIANG INTELLIGENT EQUIPMENT CO., LTD."
24142,"SHANDONG ANQIDI AUTOMOBILE PARTS CO., LTD"
24143,"TAIZHOU HONGBEN AUTO PARTS CO.,LTD"
24144,"ZHUCHENG DIRUI AUTOMOTIVE TECHNOLOGY CO., LTD."
24145,"SHANGHAI SHENGXUN TECHNOLOGY DEVELOPMENT CO.,LTD"
24146,"ZHEJIANG DEZHONG AUTO PARTS MANUFACTURING CO.,LTD."
24147,ATELIER AP FORTIER INC.
24148,"FAITHFUL ENGINEERING PRODUCTS CO., LTD."
24149,"BRP QUERETARO, S.A. DE C.V."
24150,"SHIEY JOUNG ENTERPRISE CO., LTD."
24151,EASTERN ALLOYS PVT LTD
24152,REEL DEAL TRAILERS INC
24153,"UNITED COACHWORKS, INC."
24154,"WINDSTRONG INDUSTRIES, LLC"
24155,CENTURY LEASING CORPORATION
24156,LOAD'EM UP TRAILERS
24157,"YANGZHOU HAINA AUTO PARTS MANUFACTURING CO., LTD"
24158,"TAIZHOU AOXINGNA MACHINERY CO., LTD."
24159,DND TRAILERS
24160,VIPER LOADERS LLC
24161,"JIANGSU LIDE AUTO OPTICAL SYSTEM CO.,LTD"
24162,"POWERBASE SOLAR, LLC"
24163,AZURE PRINTED HOMES
24164,"BRENNAN INDUSTRIES, INC."
24165,HWANG YU AUTOMOBILE PARTS CO. LTD
24166,"TAIZHOU VELOCIFERO VEHICLE CO., LTD"
24167,"TKS INDUSTRIAL CO., LTD"
24168,CONQUEST MANUFACTURING S.A. DE C.V.
24169,"DESERT CUSTOM TRAILERS, LLC"
24170,H FAB LLC
24171,GO DADDY LOGISTICS
24172,BEYTAS CAM AYNA INSAAT TEKSTIL MAKINA SANAYI VE TICARET ANONIM SIRKETI
24173,"XCELLENT MANUFACTURING (THAILAND) CO., LTD."
24174,"ANHUI STRONG AUTO PARTS CO.,LTD"
24175,"ZHEJIANG SENFA INTELLIGENT POWER DOOR LOCK CO., LTD"
24176,"WENZHOU YOUAI PLASTIC PRODUCTS CO., LTD."
24177,"CHONGQING AILAIKE TECHNOLOGY CO., LTD"
24178,TAILORED TRAILERS LLC
24179,RYDZ LLC
24180,AUTO BOUTIQUE LLC
24181,"CHANGZHOU NASCENCE INTERNATIONAL TRADING CO., LTD"
24182,"JIANGSU RENAISSANCE AUTOPARTS CO., LTD"
24183,"GUBERSAIL TIRE (JIANGSU) CO.,LTD"
24184,"JIANGXI ZHONGBO AUTO PARTS CO., LTD."
24185,"MARSHALL CUSTOM WELDING, LLC"
24186,HYDRAULICS & GASKETS
24187,POWERHOUSE DIESEL GENERATORS
24188,THE HEADREST SAFE COMPANY LLC
24189,STREAMLINE INDUSTRIES LLC.
24190,BLACK MESA MANUFACTURING LLC
24191,LUXFER INC
24192,STRONG BLUE LLC
24193,LOST ROAD CAMPERS LLC
24194,FLEET STRONG INC
24195,DOPPLERTECH INC.
24196,"TIPSY TRASH TRAILERS, LLC"
24197,HDMC (THAILAND) LIMITED
24198,YIWUSHI HAOYING DIANZISHANGWU YOUXIANGONGSI
24199,SPOG TRAILERS LLC
24200,"BO PAI RUBBER PLASTIC TECHNOLOGY NANTONG CO.,LTD"
24201,"BEIJING SPF SPORTS TECH CO., LTD"
24202,"SICHUAN ZAHC LIGHT ALLOY CO., LTD"
24203,"TAI’AN HEXIN MANUFACTURING CO., LTD"
24204,SNYDER'S ONE STOP
24205,"CHELANGHU (CHANGZHOU) AUTO PARTS CO., LTD"
24206,"ZIBO SHENBO MACHINELECTRONICS CO.,LTD."
24207,ZHEJIANG RUITAI SUSPENSION SYSTEM TECHNOLOGY LTD
24208,GEORGIA LSV LLC
24209,"FOSHAN JIANLI NEW MATERIAL TECHNOLOGY CO., LTD."
24210,"ALLOTEK CO., LTD"
24211,THEORK LLC
24212,PACK MULE TRAILERS LLC
24213,"INTERMOUNTAIN WHOLESALE, INC."
24214,BUCHANAN INVESTMENTS INC
24215,BRITTEN INC.
24216,"TWISTED US, INC."
24217,HUSHAN AUTOPARTS INC.
24218,SHANGHAI PUDONG XINGWANG AUTOMOBILE ACCESSORY CO LTD
24219,"WUHAN USTSENSOR TECHNIC CO., LTD"
24220,"NINGBO SHANGRUNHE AUTO FITTINGS CO.,LTD."
24221,"YUAN DA AUTO MIRROR INDUSTRIAL CO., LTD."
24222,"Y.C.C. PARTS MFG. CO., LTD."
24223,BIG JOHN CORP
24224,PARALLEL PRODUCTS LLC
24225,TALBROS ENGINEERING LIMITED
24226,"ANHUI WUYAO AUTOMOBILE GLASS CO., LTD."
24227,ZARA HOLDINGS LLC
24228,"SHANDONG YANZHIMEI IMPORT AND EXPORT CO., LTD. ZIBO BRANCH"
24229,"XUZHOU SONGLING MOTORCYCLE CO.,LTD."
24230,KEELEY CONSTRUCTION GROUP INC.
24231,"LAMBERT & LAMBERT, INC."
24232,SINHAO INTERNATIONAL
24233,"TAIWAN GOLDEN QUALITY MOTOR TECHNOLOGY CO., LTD."
24234,"WUXI HUAFENG CAR & MOTOR FITTINGS CO., LTD."
24235,FORTRESS AUTO INTERNATIONAL LTD
24236,JESSE LAI INCORPORATION
24237,BISON MOTORS INC
24238,GEAR HUB TRAILERS LLC
24239,RUIAN HONGKE XINDE ELECTRIC CO LTD
24240,"COOPER STANDARD (SHANDONG) AUTOMOTIVE PARTS CO., LTD."
24241,"SHANDONG LUQI MACHINERY CO.,LTD"
24242,K.S. TERMINALS INC.
24243,"NXG TRUCK BODIES, LLC"
24244,O.E. ALLOYS L.L.C.
24245,MOUNTAIN VIEW HOSE SUPPLY LLC DBA PIRTEK SLC
24246,"DAYTONA HYDRAULICS, LLC"
24247,CYBER STORE
24248,"BH MANUFACTURING, LLC"
24249,MEDINA UPFIT
24250,YANGZHOU PRO VEHICLE INDUSTRY CO LTD
24251,"MERMAIDS ENTERPRISES, LLC"
24252,HUDSON TRAILERS
24253,ARCHITECTURE STEEL LLC
24254,CUB ELECPARTS INC.
24255,"ATLAS COPCO (WUXI) COMPRESSOR CO., LTD."
24256,DELUX BEARINGS PVT LTD
24257,"JIANGSU HAIDELAITE INTELLIGENT TECHNOLOGY CO., LTD."
24258,"SHANDONG LUDEBEI AUTOMOBILE LIGHT CO., LTD."
24259,"JINHUA HEMEI LEISURE CO., LTD"
24260,"ZHEJIANG SONGYUAN AUTOMOTIVE SAFETY SYSTEMS CO., LTD."
24261,A BETTER PRODUCT INC.
24262,"DONGGUAN PWC FORGED WHEELS CO., LTD"
24263,LC TRAILER LLC
24264,TWIN BROOK FABRICATION LLC
24265,GRIFFES VENTURES LLC
24266,HULK SERVICES LLC
24267,"SAW MACHINE INTEGRATORS, LLC"
24268,HOLLIS BAY FABRICATIONS LLC
24269,"WIRED EBIKES, LLC"
24270,ROWDEN BROS. CORPORATION
24271,BEER CO.
24272,DENTON EQUIPMENT LLC
24273,AMERICAN MADE QUALITY ALUMINUM TRAILERS
24274,"STROBEL MANUFACTURING, INC."
24275,"ANHUI PIONEERING ELECTROMAGNETIC CLUTCHES CO.,LTD"
24276,ORION STEEL TRAILERS LLC
24277,SUPERIOR EMERGENCY RESPONSE VEHICLES LLC
24278,CITY RENT A TRUCK
24279,AVP OUTFITTING
24280,STANGER FAB LLC
24281,SAWYER TRAILERS LLC
24282,GORDIS
24283,"HANGZHOU GREAT IMPORT & EXPORT CO.,LTD."
24284,"SUMEC YANGZHOU INTERNATIONAL CO., LTD"
24285,PARAMJYOTI MOVERS PVT. LTD.
24286,SAFRAN DATA SYSTEMS
24287,AMERICAN BOBTAIL INC.
24288,HUTCHINS FABRICATION & WOOD LLC
24289,"WUCHENG HENGHE VEHICLE INDUSTRY CO., LTD"
24290,VERDI MOTORS INC.
24291,EQ OUTDOORS
24292,"XUZHOU DIAMOND LEOPARD LOCOMOTIVE CO., LTD"
24293,"ANAND MOTOR PRODUCTS, PVT. LTD."
24294,"SJAP CO., LIMITED"
24295,"HAINAN FUCHANG TECHNOLOGY CO., LTD"
24296,NEOLITE ZKW LIGHTINGS PVT. LTD.
24297,EASTON TEARDROPS LLC
24298,MIGHTY MANUFACTURING LLC
24299,"YUEQING BOJIN MOTORCYCLE FITTINGS CO.,LTD"
24300,"HIGHER AND DETAIL AUTO PART(THAILAND) CO.,LTD."
24301,"ZHEJIANG ZHAORI SHOCK ABSORBER CO., LTD."
24302,"MARATHON HOMES, LLC"
24303,TALLER BAIGORRIA S.A.
24304,"SHANDONG TAIZHAN MECHANICAL AND ELECTRICAL TECHNOLOGY CO.,LTD"
24305,"CHANGZHOU HUIRUI CAR INDUSTRY CO.,LTD."
24306,"ZHEJIANG BONDLYE ENVIRONMENTAL TECHNOLOGY CO., LTD."
24309,BACKYARD BRICK OVENS LLC
24311,"NINGBO LANGCHI NEW MATERIALS TECHNOLOGY CO., LTD."
24312,"JEESOON TERMINALS CO., LTD"
24313,ROCKBUILT TRAILERS INC.
24314,MICRO BIRD USA LLC
24315,LYFORD OVERLAND INC.
24316,"ALTEZZA CO., LTD."
24317,NORDTEK TRAILERS INC
24318,REMOLQUES Y CARROCERIAS CRUZ S.A. DE C.V.
24319,"PRODUCTORA DE MATERIALES TECNICOS, S.A. DE C.V."
24320,KD PROMOTIONS LLC
24321,SOLANA EV LLC
24322,LYRA ENERGY SOLUTIONS INC.
24323,TRAILERS ANDHUM CORP
24324,MANSFIELD TRAILER SOLUTIONS LLC
24325,"MATTUR HOLDINGS, INC."
24326,NORIAS AGGREGATE LLC
24327,"AC DISPOSAL SERVICES, INC."
24328,STREVELER FAB AND MACHINE
24329,KIEWIT INFRASTRUCTURE SOUTH CO
24330,"ADVANCED AG CONCEPTS, INC."
24331,TODDLER MOBILITY LLC
24332,LOGAN INDUSTRIES INC
24333,TORERA LLC
24334,LJJ TRAILERS LLC
24335,"TEKO, INC."
24336,WARTHOG EV LLC
24337,ALE TRUCK BEDS
24338,S OUTDOORS LLC
24339,LOVE FOR YOU TRAILERS LLC
24340,"PRO FORTUNE INDUSTRIAL CO., LTD"
24341,"Golden Legion Automotive Corp. "
24342,BOLD TRAILER COMPANY LLC
24343,P&T WELDING & TRAILER SALES INC
24344,"AP AUTO PARTS IND, LTD"
24345,"SOUTHWEST STRUCTURES, INC."
24346,"MACHINE WORX, LLC"
24347,"HE Qing Industry Co., LTD"
24348,ROAM ELECTRIC VEHICLES LLC
24349,"Chevy Industrial Co., Ltd"
24350,"TAIZHOU XINMAI INTERNATIONAL IMPORT AND EXPORT CO., LTD."
24351,"LOGIC HOUSE CO., LTD"
24352,RICH PARTS INDUSTRIAL CO.
24353,"XIAMEN YONG YU MACHINERY CO.,LTD."
24354,"PARTS CARE SERVICE CO., LTD"
24355,"ZHEJIANG TIANYUE AUTOMOBILE PARTS CO., LTD. "
24356,"YUNGYUAN FORWARD CO., LTD."
24357,"SHANGHAI TENGFEN INDUSTRIAL CO., LTD"
24358,"RED WOOD ENTERPRISE CO., LTD."
24359,PIRTEK AVON
24360,TARA ELECTRIC VEHICLES CORP
24361,"NIX COACH INTERIORS, LLC"
24362,WEST COAST CUSTOM SPRINTERS
24363,"IMPERIAL CABLE INDUSTRY CO.,LTD."
24364,"KONG PENG ENTERPRISE CO, LTD."
24365,"DONGGUAN G-VIEW LIGHTING TECHNOLOGY CO., LIMITED"
24366,"CHUZHOU XIFENG TECHNOLOGY DEVELOPMENT CO., LTD."
24367,LAWAI'A TRAILERS
24368,SLOW RIDES LLC
24369,"RE:CAR, INC."
24370,MOUNT UP TEXAS LLC
24371,AC METAL WERX LLC
24372,HP CUSTOM MANUFACTURING LLC
24373,TRI-STATE EQUIPMENT
24374,ARG INDUSTRIAL
24375,Z-MODULAR LLC
24376,DAKOTA FLUID POWER
24377,PIRELLI DEUTSCHLAND GMBH
24378,BANGOR TRUCK EQUIPMENT
24379,LOGAN MANUFACTURING GROUP INC
24380,NEW LIFE CONVERSIONS LLC
24381,"BALDI BROS, INC."
24382,MAXIM TRAILERS INC.
24383,BAY EQUIPMENT RENTALS
24384,"HIGH GROUND CONVERSIONS, LLC"
24385,THRUST INNOVATIONS
24386,"Auto Parts Development, Inc."
24387,"QINGDAO MIC INDUSTRIAL MACHINERY CO., LTD."
24388,SIDEM NV
24389,D LIGHT LLC
24390,"SMI INNOVATIONS COMPANY, LTD."
24391,MCS LOGISTICS INC
24392,MYCARR LIGHTING TECHNOLOGY CO. LTD
24393,"YUE SHENG INDUSTRIAL CO., LTD."
24394,9123-3486 QUEBEC INC.
24395,MANEK METALCRAFT
24396,OTTO'S REPLICA AUTOS
24397,"PT. INDOSPRING, TBK."
24398,"AEONTEK VIETNAM CO., LTD."
24399,"ZHEJIANG FULGID AUTOMOTIVE SYSTEMS CO., LTD."
24400,DURA TRAILERS LLC
24401,321TRAILERS LLC
24402,"TAI YUE ELECTRIC CO., LTD."
24403,WEBERLANE MFG. (1990) CO.
24404,"COBRA KING INDUSTRY CO., LTD."
24405,VALLEY RIDGE SUPPLY COMPANY LLC
24406,"GORDON AUTO BODY PARTS CO., LTD."
24407,"TENACITY AUTO PARTS CO., LTD."
24408,"WANLI TIRE (CAMBODIA) CO., LTD."
24409,"POLYWAY INDUSTRY CO., LTD."
24410,"RUIAN MINGJUE AUTO PARTS CO., LTD"
24411,"NINGBO OMEDA AUTO PART CO., LTD"
24412,THREEPIECEUS LLC
24413,"JASON CO., LTD"
24414,SOPER'S MOBILITY LLC
24415,"CHANGZHOU OUYI VEHICLE PARTS CO., LTD."
24416,"TAYLOR RIG AND EQUIPMENT, LLC"
24417,"PALMA ENTERPRISE CO., LTD"
24418,VOLTU MOTOR INC
24419,BOTERO INDY LLC
24420,BOTERO AND FINLEY INVESTMENTS
24421,"SHENG TENG ELECTRON INTERNATIONAL CO.,LTD"
24422,"CAMOZZI AUTOMATION, SPA"
24423,PARAGON TRAILERS LLC
24424,TRIPLE TRAILERS LLC
24425,TAYLOR & ARD EQUIPMENT
24426,"ABERDEEN POWER GROUP, LLC"
24427,HOOD MANUFACTURING INC.
24428,TRIVERUS LLC
24429,TOW SMART TRAILERS LLC
24430,"TUYOU, LLC"
24431,SPARKS TRAILER REPAIRS LLC
24432,PLAINSCRAFT LLC
24433,"RUIAN WANTAI AUTO ELECTRIC APPLIANCE CO.,LTD"
24434,"ANHUI NORTH AUTO PARTS CO.,LTD"
24435,E-S TRAILER & BODY INC.
24436,"HUNG CHANG NETWORK AUTO CO., LTD."
24437,DEUTSCH'S TRUCK REPAIR
24438,SUNDRAM FASTENERS LIMITED
24439,JOSE M ESTEVEZ LLC
24440,"HANGZHOU LEISHEN MOTORCYCLE CO.,LTD."
24441,"DONGGUAN SANDAO ELECTRONIC TECHNOLOGY CO., LTD"
24442,"YUHUAN SHANGHE AUTO PARTS CO.,LTD"
24443,OMMELIFT A/S
24444,VIRTUS VANS LLC
24445,VALLEY VIEW WELDING LLC
24446,"J MOORE TRAILER MANUFACTURING, LLC"
24447,MIA GLOBAL INC.
24448,"SHANDONG SHUANGHE RUBBER AND PLASTIC SCIENCE AND TECHNOLOGY CO.,LTD"
24449,ANTRC INDUSTRIAL CORP
24450,"CHL AUTO PARTS CO., LTD."
24451,"TRAN HUNG INTERNATIONAL CO., LTD"
24452,"SHANGHAI FUTURE MOULD & PLASTIC TECHNOLOGY CO., LTD."
24453,"RUNG CHERNG SUSPENPARTS CO., LTD"
24454,XINNAISI INC
24455,"HUBEI DANRUI NEW MATERIALS TECHNOLOGY CO,.LTD"
24456,OLUSUM CAM AYNA SANAYI VE TICARET ANONIM SIRKETI
24457,"NEWFAST CO., LTD."
24458,"HERTZ PRECISION INDUSTRIAL CO., LTD."
24459,"HANGZHOU QIANTANG YOKOHAMA TIRE CO., LTD."
24460,DAYTON CLUTCH & JOINT
24461,SPECIALTY TRAILERS PTY LTD
24462,"NINGBO HAISHAN CLORING SEALING PRODUCTS CO.,LTD"
24463,UN FUEL TANK MANUFACTURE CO.
24464,"QINGDAO SUNSON TIRE CO., LTD"
24465,SUNRISE WHEEL VIETNAM COMPANY LIMITED
24466,"WENZHOU JEATU SAFETY SYSTEMS CO., LTD."
24467,GLOBAL CUSTOMS
24468,"ON TIME TAIWAN, LTD"
24469,"ZHEJIANG UNIVERSAL MACHINERY CO., LTD"
24470,COMPLETE AG RESOLUTIONS LLC
24471,"P&A MOBILITY ENTERPRISES, INC"
24472,"YUBEI-CSA (XINXIANG) AUTO TECH CO., LTD."
24473,NOVOFLEX INDUSTRIES PRIVATE LIMITED
24474,"YIH FA METAL INDUSTRIES CO., LTD."
24475,"JIANGSU XLEX AUTOMOTIVE TECHNOLOGY CO., LTD."
24476,"S&S CABLE, LLC"
24477,ACS MOBILE WELDING HAWAII LLC
24478,PEPCO TRADING  LTD.
24479,"AUTO STAR IND. CO., LTD."
24480,"OSSCA AUTO PARTS IMP & EXP CO.,LTD."
24481,"LIAN TUOH CO., LTD."
24482,"JET BOATS OF TEXAS, LLC"
24483,"FIREMAX (CAMBODIA) TIRES CO., LTD."
24484,"SHANGHAI FAIRSUN ELECTRONIC CO., LTD."
24485,DISENADORES DE INGENIERIA Y CONSTRUCCION DEL NORESTE S.A. DE C.V.
24486,"NINGBO JINGLEI AUTO PARTS CO.,LTD"
24487,PKJ GROUP COMPANY LIMITED
24488,EQUIPMENTSHARE.COM INC
24489,MOBILITY INNOVATIONS
24490,"JOINHANDS AUTO SPARE PARTS CO.,LTD"
24491,TRUE PATH SPECIALTY VEHICLE LLC
24492,"SHANDONG LIJING MACHINERY EQUIPMENT CO., LTD"
24493,"AUTO POWER CO., LTD."
24494,"HUI YIH INDUSTRIAL CO., LTD."
24495,"WEIHAI BANGDE COOLING SYSTEM CO., LTD"
24496,"FEHR BROS. INDUSTRIES, S. DE R.L DE C.V."
24497,"FAIR SUN INDUSTRIAL CO., LTD."
24498,"ZHEJIANG MAIXING MACHINERY CO., LTD."
24499,"KOA ASIA ENTERPRISE CO., LTD."
24500,THACO MECHANICAL COMPLEX LIMITED LIABILITY COMPANY
24501,"ZHEJIANG SUNSHINE AUTO PARTS CO.,LTD"
24502,"ZHEJIANG CHUANGHUI SPORTS CO., LTD"
24503,"IMEIER GREEN TECHNOLOGY CO., LTD"
24504,MARELLI MOROCCO LLC SARL
24505,DREAM PROJECTS BUILDERS LLC
24506,BIG BOAR BRANDS (USA) INC
24507,CURLEY BROTHERS TRAILERS LLC
24508,SLUP LLC
24509,"LUOYANG NORTH DAHE THREE-WHEELED MOTORCYCLE CO., LTD"
24510,INTERSUN TIRES RETREADING
24511,"JUIN DAW ENTERPRISE CO., LTD."
24512,"WENZHOU WINTOM TRADE CO., LTD."
24513,"JIANGXI TIANYUE AUTOMOBILE PARTS CO.,LTD"
24514,"SHANDONG ZAOZHUANG MINING GROUP ZHONGXING HUITONG TYRE CO., LTD"
24515,"YIH SHENG AUTO PARTS IND CO., LTD."
24516,"JIANGSU JUNSITE VEHICLE PARTS CO.,LTD"
24517,"ZHEJIANG JINJIA AUTOMOBILE PARTS CO., LTD."
24518,"FOSHAN NANHAI LEI TE AUTOMOTIVE PARTS CO., LTD."
24519,"XIAMEN JUST SUPPLY CHAIN MANAGEMENT CO.,LTD."
24520,"FUYAO GLASS (ANHUI) AUTO PARTS CO., LTD"
24521,ZHONG HUI INDUSTRIAL CO. LTD
24522,"SANE MECHANIC INDUSTRIAL CO., LTD."
24523,"WUXI JEWEL TECHNOLOGY CO.,LTD"
24524,"HUA THAI INFORMATION AND COMMUNICATION TECHNOLOGY CO., LTD."
24525,C-INERTIA
24526,NEW HENGYANG VIETNAM MACHINERY MANUFACTURING COMPANY LIMITED
24527,OSSEO FORD SALES AND SERVICE
24528,"SHENYANG HUATIE IRREGULAR SECTION CO., LTD."
24529,"SA.TAI-H INDUSTRIAL CO., LTD."
24530,"RUICHENG AUTO PARTS(SHANGHAI)CO.,LTD."
24531,"ANHUI LIXING ALUMINUM TECHNOLOGY CO., LTD"
24532,"WENZHOU O'NAI SPORTS PRODUCTS CO., LTD"
24533,AC FUTURE
24534,NEW PAK SHING ENTERPRISE COMPANY
24535,"DA JUANE INDUSTRIAL CO., LTD"
24536,"SHENZHEN AZGIANT TECHNOLOGY CO., LTD"
24537,CHANGZHOU BEISANWEI VEHICLE PARTS FACTORY
24538,"FUYAO GLASS (ANHUI) CO., LTD."
24539,"SHANGHAI WORTHFOR INDUSTRIAL CO.,LTD"
24540,BANCO PRODUCTS (INDIA) LIMITED
24541,"COMART VIETNAM CO., LTD."
24542,"JIANGXI SAIRUIKE VEHICLE PARTS CO., LTD"
24543,TEXAS STAR TRAILERS COMPANY
24544,"VELAZQUEZ WELDING SERVICE, LLC"
24545,"SAFETY CONTROL CABLE IND. CO., LTD."
24546,ZHEJIANG DONGXINDA AUTO PARTS CO LTD
24547,BANCO GASKETS (INDIA) LIMITED
24548,ASHER TOOLS AND HARDWARES CO LTD
24549,"WUQIQU AUTO INDUSTRY (ZIBO) CO., LTD"
24550,ARVAUTO ECOM PRIVATE LIMITED
24551,VINTAGE CAMPER COMPANY
24552,"ANSLA SCIENCE TECHNOLOGY CO., LIMITED"
24553,"NINGBO JII-POWER AUTO ACCESSORIES CO., LTD."
24554,BRENNAN INDUSTRIES DE MEXICO
24555,"ZHEJIANG FEIHU ALUMINIUM WHEEL CO., LTD."
24556,"JIANGSU JINQIANG STEEL WHEEL CO.,LTD."
24557,"RUIAN JINZUN AUTO PARTS TECHNOLOGY CO., LTD"
24558,AAA TINY HOME CONSULTANTS LLC
24559,MROVI TRAILER PARTS LLC
24560,LEARY CUSTOM CYCLE LLC
24561,"SHENZHEN KINGSHOWSTAR TECHNOLOGY CO., LIMITED"
24562,GUANGRAO COUNTY HONGYUAN RUBBER FACTORY
24563,"GUANGDONG TESIDI AUTO PARTS TRADE CO., LTD."
24564,"JIANGSU CHENENG TECHNOLOGY CO., LTD"
24565,"LUOYANG JIAWANG ENERGY SAVING GLASS CO., LTD"
24566,"XINCHANG HENGTAI MACHINERY CO., LTD."
24567,VORTEX COMPANIES LLC
24568,TRINSEO - ALTUGLAS INTERNATIONAL SAS
24569,TRANSTEK INDUSTRIES INC.
24570,"FUYAO GLASS (FUJIAN) CO.,LTD."
24571,MGK SOLUCOES INDUSTRIAIS PARA CALDEIRARIA LTDA
24572,PACIFIC COMMERCIAL TRUCK BODY
24573,O.G. LIVING LLC
24574,STJOHN TRUCK & TRAILER SERVICE INC.
24575,"BLACK IRON PRODUCTS, LLC"
24576,President Automobile Industries Public Company Limited
24577,"NINGBO TANGYANG ELECTRONICS TECHNOLOGY CO., LTD."
24578,IRONMANN INDUSTRIES
24579,"VANGUARD REFRIGERATED TRAILER CO.,LTD."
24580,Tawa Auto Parts Corporation
24581,Goodyear Canada Inc.
24582,GEMILANG COACHWORK SDN. BDH
24583,NOKE VAN CO.
24584,MULTIMEDIA LED INC.
24585,XTREME MANUFACTURING
24586,MICHAEL GRAHAM RACING LLC
24587,GRIZZLY WRECKER SALES & SERVICE INC.
24588,SWFL TRAILER SALES AND REPAIRS LLC.
24589,PLUM TRAILER COMPANY LLC
24590,"MISSION VEHICLES, LLC"
24591,B AND B TRAILERS OF MISSISSIPPI INC.
24592,"YUHUAN JINLI AUTO PARTS CO., LTD"
24593,"MORAN INTERNATIONAL CO., LTD"
24594,"SIHE MACHINE (THAILAND) CO., LTD"
24595,THE UTILITY BIKE COMPANY
24596,ALCES WELDING WORKS LLC
24597,SPARK OUTDOORS INC.
24598,"ALSET ELECTRIC VEHICLES, LLC"
24599,WUXI SMR HUAXIANG AUTOMOTIVE COMPONENT COMPANY LTD FOSHAN BRANCH
24600,"TAIZHOU HUANGYAN MEIYUANGUANG AUTO PARTS CO., LTD"
24601,SHERPA TRAILERS LLC
24602,"YIWU TAICUITONG E-COMMERCE CO., LTD"
24603,"SUZHOU LIYAN NEW MATERIAL TECHNOLOGY CO., LTD"
24604,"ZHONGYI RUBBER CO.,LTD"
24605,"CHANGZHOU DINGHAO AUTO PARTS CO., LTD"
24606,CCYS HI-TECH INTERNATIONAL LTD
24607,KALYN SIEBERT
24608,"GREAT BESTCAM CO., LTD."
24609,"BAIKE VEHICLE VIETNAM CO., LTD"
24610,BESAN CO. FOR MANUFACTURING CARS SPARE PARTS
24611,HARMONY LIFESTYLE
24612,"CARICO ENTERPRISE CO., LTD."
24613,SLING AUTOMOBILE BEARING (THAILAND) CO. LTD
24614,JIANGXI JIYU INDUSTRIAL CO LTD
24615,"WINNOVA (THAILAND) CO.,LTD."
24616,REMORQUES PACKET INC.
24617,"ZHEJIANG LANDO TECHNOLOGY CO.,LTD."
24618,ZHEJIANG HERI ROCKER ARM CO.
24619,"DANYANG LUBO AUTO PARTS CO.,LTD"
24620,MAGUIRES FORD INC
24621,"YUHUAN DIAO MACHINERY MFG. CO.,"
24622,IM AXLE SPECIALISTS LIMITED
24623,XINCHANG KAIYUAN AUTOMOBILE
24624,GAA AUTOMOTIVE TECHNOLOGY SDN.BHD.
24625,CHOPRA RETEC RUBBER PRODUCTS LIMITED
24626,"BRTEC WHEEL HUB BEARING CO., LTD"
24627,"YUHUAN HUAYER INDUSTRY CO., LTD"
24628,SIN TRANS ENGINEERING PTE LTD
24629,"WUXI CREDIBLE TURBOCHARGERS CO., LTD"
24630,"NINGBO GP TURBOCHARGER CO., LTD"
24631,FRSTONE DOGAL TAS SAN. VE TIC. LTD. STI.
24632,"SHAN HUA PLASTIC INDUSTRIAL CO.,LTD"
24633,GPM TRUCK CENTER
24634,"WALPAX INDUSTRIES CO.,LTD."
24635,"HEBEI HONGCHUAN AUTO PARTS CO., LTD"
24636,"MIDNIGHT COACH, LLC"
24637,S.S.P. Otomotiv Sanayi ve Dis Ticaret A.S.
24638,"XUZHOU TIANYING AUTOMOBILE CO., LTD."
24639,TRUCK BUILDERS LLC
24640,"DOWN TO EARTH ENERGY, LLC"
24641,NEXGEN TRAILER MFG
24642,"TAIZHOU HUANGYAN XINXING MACHINERY FITTINGS CO.,LTD"
24643,SHANDONG HIGHTOP GROUP
24644,CENTRAL CO. LTD
24645,H.M.L. AUTO INDUSTRIES SDN BHD
24646,MASU INTERNATIONAL PRODUCTS
24647,XGM CORPORATION LIMITED
24648,PALCHE INDUSTRY CO LTD
24649,"RMW INDUSTRIES, INC."
24650,FUSINE INVESTMENTS PTY LTD
24651,CRANBERRY TOWNSHIP
24652,RAYSTAR MANUFACTURE LLC
24653,ANEW TRANSPORT
24654,"WENZHOU DAIERTEK ELECTRIC CO., LTD"
24655,MANGUERAS Y CONEXIONES MUNDIALES
24656,"MOTOREX CHASSIS SYSTEM(NINGBO)CO., LTD"
24657,HEFEI TAINA IMPORT & EXPORT CO. LTD
24658,"GUANGDE BORUI AUTO PARTS CO., LTD"
24659,MAX TA GROUP LLC
24660,"JIANGSU SUOTEPOWER ENGINEERING CO., LTD"
24661,SACER LTD.
24662,"FENRIR-MOTO CO.,LTD"
24663,HANGZHOU YOUZHICHENG AUTO PART
24664,NINGBO EZRA AUTO PARTS CO LTD
24665,"ZHEJIANG DEMING AUTOMOBILE PARTS CO.,LTD"
24666,"YUHUAN JIANHONG MACHINE MANUFACTURE CO.,LTD"
24667,"HIGH LINK AUTOPARTS CO., LTD"
24668,"ANHUI KEYUAN MACHINERY CO., LTD"
24669,"ZHEJIANG LIFUDE MACHINERY CO., LTD"
24670,HANGZHOU RADICAL ENERGY SAVING
24671,LIM OTOMOTIV TIC. A.S.
24672,TEMCO INTERNATIONAL LIMITED
24673,HUBEI NEW TORCH SC & TECH CO
24674,ROADRUNNER TEARDROPS LLC
24675,SILVER CREEK TRAILERS
24676,"SHANDONG YISHANG MEICHEN LANDSCAPE ENGINEERING CO.,LTD"
24677,LUXFER CANADA LIMITED
24678,REX MOTORCYCLE INC.
24679,REN ZHONG MOTOR INC.
24681,AWAKEN RV LLC
24682,Guangdong Xintongshi Group Co. Ltd.
24683,SERCK SERVICES GULF LTD. CO.
24684,"TONGCHENG SUPER RUBBER CO., LTD."
24685,"PROHIMAX INDUSTRIES CO., LTD"
24686,HANGZHOU SUHAN IMPORT & EXPORT CO.
24687,TMB MANUFACTURING LLC
24688,"ASP INDUSTRIES, INC."
24689,TAYLOR TRAILER & BODY LLC
24690,TALON SPECIALTY VEHICLES
24691,OZARK MOUNTAIN VAN COMPANY
24692,"NINGBO EBI BEARINGS AND AUTO PARTS INDUSTRY CO.,LTD"
24693,"ZHEJIANG SIHE MACHINE CO., LTD"
24694,AMPLE AUTO TECH PRIVATE LTD
24695,FEHRING ORNAMENTAL IRON WORKS
24696,"MAIN HORN INDUSTRIAL CO., LTD"
24697,VDL VAN HOOL MACEDONIA
24698,"SANGSIN BRAKE CO., LTD."
24699,"WEI DA MAO YI (SHEN ZHEN) CO., LTD"
24700,REWARD CATERING LTD
24701,ELECTRIC MOTION
24702,ANJIDEHENG RIGGING INC
24703,YUHUAN RUILI MACHINERY COMPANY LTD.
24704,"ANHUI XINGDA AUTO PARTS TECHNOLOGY CO., LTD"
24705,NITRO-300 XTREME PERFORMANCE LLC
24706,"JIANGMEN CITY INGO DEVELOPMENT ELECTRONICS CO.,LTD."
24707,RIEJU S.A.
24708,"SHANDONG RONGBANG SPARE PARTS CO., LTD."
24709,"DANYANG BOKE LIGHTING TECHNOLOGY CO., LTD."
24710,SUNRISE MWX LLC
24711,STEALTH TRAILERS LLC
24712,REXTON TRAILERS MANUFACTURING LLC
24713,"ZHEJIANG BALALI AUTOMOBILE PARTS CO.,LTD"
24714,ADM AUTOTECH INDIA PRIVATE LIMITED
24715,"TAIZHOU TERRILL AUTO PARTS MANUFACTURING CO., LTD"
24716,ZHEJIANG TIG MOTOR CORPORATION LIMITED
24717,"NEXUS MOTORS, INC."
24718,"FAMILY FORGE UTILITY TRAILERS ,LLC"
24719,LOW TIDE GOLF CART RENTALS LLC
24720,VISHWAKARMA AUTO PARTS PRIVATE LIMITED
24721,CLASSIC EXPORTS
24722,THAIFU AUTOMOTIVE COMPANY LIMITED
24723,SHELLER MOBILITY LLP
24724,"GUANGZHOU LINGDU TRADING CO., LTD"
24725,"JINXIN ROSEN ELECTRONIC (SHENZHEN) CO., LTD"
24726,"TAIZHOU KAODA MACHINERY CO., LTD."
24727,"CHANGZHOU E&E TURBO-POWER CO.,LTD."
24728,NINGBO MAGIC CAR PARTS COMPANY LIMITED
24729,"CONQUER 4X4 CO., LTD"
24730,RJ TRAILERS LLC
24731,MAX ADVANCED BRAKES USA INC.
24732,TGT TRAILERS
24733,PINGXIANG DEBO TECHNOLOGY CORPORATION LIMITED
24734,"GUANGZHOU QILONG INTERNATIONAL TRADE CO., LTD"
24735,"SHANDONG MINGTAI MODULAR INTEGRATED HOUSING CO., LTD."
24736,CHANGZHOU HONISHEN MACHINE FITTINGS FACTORY
24737,"GUANGDONG YUESHAN TECHNOLOGY CO., LTD"
24738,"MAN ZAI INDUSTRIAL CO.,LTD"
24739,LAURA LETICIA ZAMORA GONZALEZ
24740,"BEITEJIA INDUSTRIAL EQUIPMENT (DONGGUAN) CO., LTD"
24741,"NINGBO JIACHEN AUTO PARTS CO.,LTD"
24742,"DEPO AUTO PARTS INDUSTRIAL CO., LTD"
24743,BARTER ENTERPRISES LLC
24744,KCP AMERICA INC.
24745,NOMAD CUSTOM SAUNA
24746,GONE COASTAL MANUFACTURING LLC
24747,"WITT FORD, LLC"
24748,KLEIN S.A.
24749,TECAM MAKINA OTOMOTIV TEKSTIL CADIR INSAAT ENERJI DIS TICARET SANAYI LIMITED SIRKETI
24750,ONYX MOTORS INC
24751,"TRAILER EQUIPMENT, INC."
24752,"GUANGXI DONGSHUN SCI&TECH CO., LTD."
24753,APEX AUTO PARTS INC.
24754,BALAJI EXTRUSIONS AND CABLES PVT LTD
24755,WESTERN HIGHWAYS TRAFFIC TRUCK PRODUCTS INC.
24756,MACKOW INDUSTRIES INC.
24757,MD JUAN ENTERPRISES INC
24758,TYCROP TRAILERS INC
24759,"ANHUI TONGJIU TECHNOLOGY CO.,LTD"
24760,"JIAONAN HUALU RUBBER PRODUCTS CO.,LTD"
24761,"CHANGZHOU WOCHI E-COMMERCE CO., LTD."
24762,"BAITAI RUBBER RENEWABLE (CAMBODIA) CO., LTD."
24763,"SHENZHEN KUMAISI TECHNOLOGY CO., LTD"
24764,TRAIL-BLAZER INDUSTRY LLC
24765,POLAR TEXAS
24766,GROUNDED RVS INC
24767,"HEBEI MINGXIN CRAFTS MANUFACTURING CO., LTD."
24768,"ANYANG GUTELONG TECHNOLOGY INDUSTRIAL CO., LTD."
24769,"CHENGDU DUANJIJIANG AUTOMOTIVE PARTS CO., LTD."
24770,"JIANGSU LETU AUTOMOBILE TECHNOLOGY CO.,LTD"
24771,COMPAÑÍA GOODYEAR DEL PERÚ S.A.
24772,"TTRD, LLC"
24773,ZENDO INTERNATIONAL LTD
24774,JJF CASTINGS LIMITED
24775,"WESTMARK REMOLDING TYRE CO., LTD."
24776,"STAMFORD SPORT WHEEL CO., LTD."
24777,KINGS WELDING AND TRAILER REPAIR
24778,MICRON INDUSTRIES INC.
24779,"CTS AUTOMOTIVE CO.,LTD"
24780,"ENKEI ALUMINIUM PRODUCTS (CHINA) CO.,LTD."
24781,"SPORTRAK TIRE CO . , LTD."
24782,"CHANGSHA BESTER TECHNOLOGY CO., LTD."
24783,GUANG ZHOU DE SHI MU KE JI YOU XIAN GONG SI
24784,"GUANGZHOU HONGYIZHICHE TECHNOLOGY CO.,LTD."
24785,PHIBER INC
24786,UNITED MACHINE CORPORATION
24787,"HUBEI JINGHENG SPECIAL PURPOSE VEHICLE CO.,LTD"
24788,"QINGDAO JUYUAN RUBBER PRODUCT CO.,LTD"
24789,"QINGDAO TECHHERO TIRE CO., LTD."
24790,"SICHUAN XINGWEIDU TECHNOLOGY CO., LTD."
24791,CROSSFIELD CAPITAL LLC
24792,"I-PARTS MOTOR INDUSTRIAL CO., LTD."
24793,"PINGXIANG BOWANG INDUSTRY CO.,LTD."
24794,"RUIAN RUILAIBO INTERNATIONAL TRADE CO., LTD."
24795,"GUANGDONG JUNLI METAL TECHNOLOGY CO., LTD."
24796,MANSONS INTERNATIONAL PVT LTD.
24797,"BEN-YA INDUSTRIAL CO., LTD."
24798,"WEI LIANG POWER WINDOW ENTERPRISE CO., LTD."
24799,"TORO COMPANY DE MEXICO, S. DE R.L. DE C.V"
24800,"GRANG FAIR INDUSTRIAL CO., LTD."
24801,OLD SCHOOL YAMAHA TRAILERS
24802,INFINITY MANUFACTURING INC.
24803,DOWNTOWN FORD SALES
24804,"PHELPS HONEY WAGON, INC"
24805,WUCHENG HENGHE VEHICLE INDUSTRY LLC
24806,IN MOTION MOBILITY LLC
24807,M/S TPRS ENTERPRISES PRIVATE LIMITED
24808,"SICHUAN LONGHUA FILM CO., LTD."
24809,GUARDIAN TIRE PTE.LTD
24810,"DYELIH TECHNOLOGY CO., LTD."
24811,"NANJING CHILI INTELLIGENT AUTO-TECH CO.,LTD"
24812,EMMBROS AUTOCOMP LTD
24813,ZHEJIANG B.S.T VIBRATION CONTROL SYSTEM. CO.LTD
24814,"DONGJIN ELECTRIC & PRECISION CO., LTD"
24815,"QINGDAO ZEIT MOULD CO.,LTD"
24816,"WELL PARTS CO., LTD."
24817,ELITE EMERGENCY LIGHTS LLC
24818,"UFM (THAILAND) CO., LTD."
24819,NEO CAMPER LLC
24820,SHENZHEN XINYISHENG METAL LIMITED
24821,POLYRUB COOPER STANDARD FTS PRIVATE LIMITED
24822,"ZHENJIANG GAOYUAN SENSOR TECH. CO., LTD"
24823,"LANZHOU JINGANG TYRE CO., LTD"
24824,"SHANDONG JIN LI MECHANICAL EQUIPMENT CO., LTD"
24825,F.L.T. TRAILERS
24826,INTER-CONTINENTAL GEAR & BRAKE INC.
24827,JENVAN INNOVATIONS INC
24828,GRAKON HAMSAR HOLDINGS LTD.
24829,METHODE ELECTRONICS INC.
24830,"GUANGDONG SPEEDUP AUTO ACCESSORIES CO., LTD."
24831,"ABORN AUTOMOTIVE SENSOR (THAILAND) CO., LTD."
24832,"ZHEJIANG UNIQUE AUTO PARTS CO.,LTD"
24833,"ZHEJIANG ABORN AUTOMOTIVE SENSOR CO.,LTD."
24834,"WUXI BAINIANLING TECHNOLOGY CO., LTD."
24835,GUMMITREAD SDN BHD
24836,GUANGZHOU SHENG YI AUTO ACCESSORIES CO.LTD
24837,"GUANGZHOU DEAO LIGHT SOURCE TECHNOLOGY CO., LTD"
24838,CALI CONCESSION TRAILERS LLC
24839,PRO TRUCK UPFITTERS
24840,RPG BRANDS
24841,BAKCOU LLC
24842,"BRONTON, LLC"
24843,COOPER'S CUSTOM CARTS LLC
24845,AJ'S WELDING & MACHINE SHOP INC
24846,"HEAVY EQUIPMENT SOLUTIONS, LLC."
24847,"SOLAR RIG TECHNOLOGIES, LLC"
24848,MIZELL MIXED MEDIA
24849,"DONGYING FENGDA RUBBER & PLASTIC CO., LTD"
24850,FREEGLASS GMBH & CO. KG
24851,"FARHAT LIGHT MANUFACTURING, LLC"
24852,"CHONGQING LIDONG TECHNOLOGY CO.,LTD"
24853,EVELYN MONSERRATH SANCHEZ ZAPATA
24854,NORSTAR INDUSTRIES INC
24855,TGR LLC
24856,SIERRA MANE TRAILERS LLC
24857,LUND MANUFACTURING LLC
24858,HEFEI YIJIANG AUTO PARTS COMPANY LIMITED
24859,"ZHEJIANG RETI AUTO PARTS CO.,LTD"
24860,"ZHEJIANG ODM TRANSMISSION TECHNOLOGY CO., LTD"
24861,"FLORIDA TRAILER MANUFACTURING, CORP."
24862,GOODYEAR DALIAN TIRE COMPANY LTD
24863,GOODYEAR INDIA LIMITED
24864,IZA DESIGN AND MFG
24865,"ZHEJIANG MACHAGE INDUSTRY CO., LTD"
24866,RISING SUN INTERNATIONAL
24867,"EBI TRANSMISSION SYSTEM (THAILAND) CO., LTD."
24868,"MIND AUTOMOTIVE PARTS (TAIZHOU) CO., LTD."
24869,MIND ELECTRONICS APPLIANCE COMPANY LIMITED BAODING OPTOELECTRONICS DIVISION
24870,HAULIN STEEL CUSTOMS
24871,"LIAOCHENG LIAOGONG ENGINEERING MACHINERY CO,LTD."
24872,PINGXIANG YANGDE RUBBER PRODUCTS FACTORY
24873,"SHENYANG JINYUAN HERLI AUTOMOTIVE COMPONENTS CO.,LTD."
24874,"NINGBO BEILUN HAIPU AUTO PARTS CO ., LTD"
24875,"WENZHOU BAIHENG SPORTS EQUIPMENT CO., LTD."
24876,UNITED RUBBER INDUSTRIES (I) PVT LTD.
24877,JRS FOOD TRAILERS LLC
24878,TEST 586 MANUFACTURER
24879,BUYERS PRODUCTS COMPANY
24880,SPARTAN MANUFACTURING INC
24881,PROMAX AUTO PARTS DEPOT (USA)LTD.
24882,MCCOWN TECHNOLOGY CORPORATION
24883,"CIRCLE C EQUIPMENT, LLC"
24884,"GUANGZHOU SAILING INDUSTRIAL TRADE CO, LTD."
24885,SHARIF CORPORATION
24886,"NINGBO WHEELSHOME INT’L TRADING CO., LTD."
24887,OMC AXLES AND TRAILERS SRL
24888,"ZHUHAI CARWAY AUTO ACCESSORIES CO., LTD."
24889,"GUIZHOU LONGKAI TECHNOLOGY CO., LTD"
24890,"ADVENTURE SERIES RV, LLC"
24891,T & R SPECIALTIES LLC
24892,DARCO INC
24893,"NING BO BAIFU AUTO PARTS CO.,LTD"
24894,"HENAN CHIJUN ALUMINUM INDUSTRY CO., LTD"
24895,SUNRICH TYRE & AUTO PRODUCTS SDN BHD
24896,MUSASHI AUTO PARTS CANADA INC
24897,"CHANGZHOU HEJING TEMPERED GLASS CO., LTD."
24898,"YANFENG AUTOMOTIVE SAFETY SYSTEMS CO., LTD."
24899,"ZHEJIANG KETENG PRECISION MACHINERY CO., LTD"
24900,ZHEJIANG BOMETEC ELECTRONIC CO.LTD
24901,"EXPRESS CUSTOM MANUFACTURING (2024) LTD. "
24902,STAIRS WELDING RL INC.
24903,DARKHORSE ACQUISITION LLC
24904,JAY REPAIR SERVICES LLC
24905,"TRIPLE CROWN TRAILERS NC, LLC."
24906,OLD SOREN LLC
24907,"PIACORP, INC."
24908,SHENZHEN SHURAN SPORTS EQUIPMENT LTD.
24909,"Goodyear France, SAS"
24910,BLUE FIRE MOTORSPORTS
24911,LOVELACE GAS SERVICE (LOVE80)
24912,"BLACK STAR TRADING COMPANY, LLC"
24913,LEGEND CONVERSION CORPORATION
24914,"FIRMA OPONIARSKA DEBICA S.A.  "
24915,Goodyear Germany GmbH
24916,SINOCARTS LLC
24917,KINETIC CUSTOM TRAILERS USA INC.
24918,GABRIELLI TRUCK SALES LTD.
24919,WRIGHT INDUSTRIES LLC
24920,VENUS FABRICATION & BLASTING LLC
24921,RIVERCRAFT TRAILERS LLC
24922,"Goodyear Serbia LLC  "
24923,Goodyear Lastikleri T.A.S.
24924,Goodyear South Africa (Pty) Ltd.
24925,"YUEQING KAIQIDUN SPORTS GOODS CO., LTD"
24926,NOVA CUSTOM TRAILERS INC
24927,BILLS CUSTOM FAB INC.
24928,ZEN TYRES PTE LTD
24929,"MOTOPLASTIC, S.A."
24930,"NANNING HUAXINGSHENG TECHNOLOGY CO., LTD"
24931,"DURIGHT ENTERPRISE CO., LTD."
24932,"ZHEJIANG TEENRAY AUTOMOBILE PARTS CO.,LTD"
24933,SPRINGS & SUSPENSION
24934,ALPHA MODIFIED SYSTEMS LLC
24935,"YANG SING PRECISION CO., LTD"
24936,MASU BRAKES PVT. LTD.
24937,"GIVING INDUSTRIAL CO., LTD."
24938,PENN CENTRAL WELDING LLC
24939,AUTO ELITE LLC
24940,PIVOT POWER INC
24941,VIMO MOBILITY INC.
24942,"TEMPERED EDGE, LLC"
24943,HOLLINGSHEAD MIXER COMPANY LLC
24944,"GUANGZHOU ZUOBAN SCIENCE AND TECHNOLOGY INDUSTRY CO., LTD"
24945,"DAN YANG FU ANN AUTO PARTS CO.,LTD"
24946,"GUANGZHOU GUANMINGJIE INTELLIGENT PHOTOELECTRIC TECHNOLOGY CO., LTD"
24947,"JIUJIANG BAEAD PHOTOELECTRIC TECHNOLOGY CO., LTD"
24948,QUNYAO GLASS GROUP COMPANY LIMITED
24949,"HENAN OULEAD TRAILER MANUFACTURING CO., LTD."
24950,"WENZHOU LIGHT TIMES TECHNOLOGY CO., LTD."
24951,CONQUEST EQUIPMENT INC
24952,GOLDHOFER AG
24953,"WORKING CLASS MOBILE WELDING, LLC."
24954,AMI INDUSTRIES
24955,"GUANGZHOU RUIKU AUTO PARTS CO., LTD."
24956,"DANYANG RUITUO AUTOMOTIVE TECHNOLOGY CO., LTD."
24957,E - Z TRAIL INC.
24958,"ATLAS FABRICATION, INC"
24959,GUIYANG BAIYUN ALLOY CASTING FACTORY
24960,"QINGDAO AOXING GLASS TECHNOLOGY CO., LTD"
24961,"NANTONG FENYUN AUTO PARTS CO.,LTD"
24962,"ZHONGSHAN YOULIAO ELECTRONIC TECHNOLOGY CO., LTD."
24963,"YUHUAN BOYU IMPORT & EXPORT CO.,LTD."
24964,EMMFORCE AUTOTECH LIMITED
24965,"CHU HUNG OIL SEALS IND., CO., LTD"
24966,"CAR WAY CO., LTD."
24967,"CTR CO.,LTD"
24968,R & S MANUFACTURING INC.
24969,ACTION HOSE INC
24970,HAULER TRAILERS MFG.
24971,K & B INCORPORATED
24972,"GOLDENSUN TIRE MOROCCO CO., LTD"
24973,PT SUNRISE WHEEL INDONESIA
24974,UCAL LIMITED
24975,"JIANGSU FMOTOS TECH, CO, LTD"
24976,"WENZHOU WEILI CAR FITTINGS CO.,LTD."
24977,PHIBER MANUFACTURING INC
24978,BEACHMAN MOTOR COMPANY LTD.
24979,"JIANGSU FEIBEN TECHNOLOGY CO., LTD."
24980,EVCO HOLDINGS LLC
24981,"ITURRI AMERICA, INC."
24982,MANCOR CANADA INC
24983,TABORS GARAGE LLC
24984,MP TRAILERS LLC
24985,HORIZON TRAILERS TEXAS LLC
24986,SATCO TRUCK EQUIPMENT
24987,BRADSHAW SUPPLY
24988,THE SABRE GROUP LLC.
24989,"GUSTAFSSON PLASTICS, INC"
24990,"DEECO TRAILERS, LLC"
24991,A & V TRAILERS INC
24992,ZEUS FORCE LLC
24993,"REDLINE FIRE TRUCKS, LLC"
24994,TILLERY AUTO SALES & MARINE LLC
24995,MAX ADVANCED BRAKES
24996,BURCAM CAM AYNA ANONIM SIRKETI
24997,TRI FORCE TRAILERS LLC
24998,TEXAS TRUCK RIGGINS
24999,METAL3 LLC
25000,"PAN'AN XINLUN INDUSTRY & TRADE CO., LTD"
25001,"ZHEJIANG ZHENG'AO AUTO PARTS CO.,LTD"
25002,"WUCHENG MIN AI TRADING CO., LTD."
25003,AVTEC LIMITED
25004,"MIIN LUEN MANUFACTURE CO., LTD."
25005,"CHAOFENG AUTOMOBILE (GUANGDONG) CO., LTD"
25006,"JIANGMEN TAIKAIWEI TECHNOLOGY CO., LTD"
25007,"YANTAI LEADING SOLUTION AUTO PARTS CO., LTD."
25008,"SHANDONG WEISHI AUTOMOBILE MANUFACTURING CO., LTD."
25009,MESSER WORK VAN SOLUTIONS LLC
25010,SHAFIQ INDUSTRIES
25011,MTS MOBILE TIEFBAU SAUGSYSTEME GMBH
25012,"YUO-CHINE INDUSTRIAL CO., LTD."
25013,YOKOHAMA TIRE MANUFACTURING MEXICO SA DE CV
25014,"TCR INTERNATIONAL CO.,LTD"
25015,PREMCAR PTY LTD
25016,"ZHEJIANG ROPAS RADIATOR CO.,LTD"
25017,"FIREBOLT EQUIPMENT, LLC"
25018,EDUARDO JAVIER SANMIGUEL SALOMON
25019,JESUS GARZA LUMBRERAS
25020,DC GASKETS
25021,"SHANGHAI XICHEN TECHNOLOGY CO., LTD."
25022,CHANGZHOU WENTAO AUTO-PARTS FACTORY
25023,CHRIS CAM INDUSTRY INC.
25024,"CNKG INTERNATIONAL COMPANY, LIMITED"
25025,LS AUTOMOTIVE QINGDAO CORP.
25026,"WUXI SUSHA AUTO PARTS CO., LTD"
25027,ANATS INTERNATIONAL LLC
25028,BACK COUNTRY CARTS
25029,LAKESIDE TRAILERS LLC
25030,NAVEX TRADING COMPANY INC
25031,"JIANGXI BOLANG MACHINERY TECHNOLOGY CO., LTD"
25032,"ZHEJIANG BOCE AUTOMOTIVE PARTS CO.,LTD."
25033,CLASICA LLC
25034,"YANTAI RONGDI INTL TRADE CO., LTD."
25035,NANJING SPRING CO LTD
25036,"LAIZHOU HUALU AUTOMOTIVE FITTINGS CO., LTD."
25037,MAINEFACTURED LLC
25038,HARTOWNIA SZKLA SZOTKIEWICZ MAREK SZOTKIEWICZ EWA UCIECHOWSKA SP.J
25039,GRAND HC AUTO TOOLING CORPORATION
25040,MAX MANUFACTURING INC
25041,"YANGZHOU WHANLONG ELECTRIC VEHICLES CO., LTD"
25042,NOVA CUSTOM TRAILERS MEX
25043,TRANSTEK INDUSTRIES INC.
25044,CUSTOM SITE SOLUTIONS
25045,"JIANGXI HUADIAO LIGHTING APPLIANCE CO., LTD"
25046,"FOSHAN CAR-REFINE OPTOELECTRONICS CO., LTD."
25047,"HUZHOU HENGTIAN NEW MATERIAL TECHNOLOGY CO., LTD"
25048,SOAPTIME LLC
25049,"SEOJIN VIET NAM CO., LTD"
25050,ORANGE X TRAILERS S.A DE C.V
25051,"HIGHWAY SPECIALTY EQUIPMENT, LLC"
25052,D&W INCORPORATED
25053,KETTEMAN CONCEPT VEHICLES
25054,FREEWIND TECHNOLOGY CORPORATION
25055,SPURGEON YACHTS INC.
25056,PALOS CUSTOM WELDING INC.
25057,L-MAR MFG LTD
25058,"CAVCO MANUFACTURING, LLC"
25059,"SHUN YI GLASS CO., LTD."
25060,"QIFAN (WUHAN) TRADING CO., LTD"
25061,"GUANGZHOU KEJIE TRADING CO., LTD"
25062,"GUANGZHOU MUXUAN TRADING CO., LTD"
25063,"SEHYUNG GLASSTECH CO., LTD."
25065,"SAILUN XIN HE PING (SHENYANG) TIRE CO., LTD."
25066,FANTIC MOTOR S.P.A.
25067,NORTHERN TOWERS INDUSTRIES INC.
25068,"DEZHOU MINORITY AUTO PARTS CO., LTD."
25069,"KEILERS HOLDINGS, INC."
25070,"NINGBO FLYSKY AUTOMOTIVE PARTS CO,.LTD"
25071,PUTZMEISTER MÖRTELMASCHINEN GMBH
25072,SHANGDONG JILU AUTO-REFITTING CO LTD
25073,"JIANGSU HAISHI AUTOMOTIVE COMPONENTS CO., LTD."
25074,KARA CVS INC.
25075,SIA KULBA
25076,"SHANDONG YILUTONG RUBBER TECHNOLOGY CO., LTD."
25077,BACKWATER HAULERS
25078,CARRVE CUSTOM VANS
25079,VINRUS
25080,"ANHUI SHARETRONIC DATA TECHNOLOGY CO.,LTD."
25081,BURSA TEKNIK OTOMOTIV CAM SANAYI VE TICARET ANONIM SIRKETI
25082,JIANGSU EASYLAND AUTOMOTIVE CORPORATION
25083,SHIPMAN AUTOPARTS SP. Z O.O.
25084,ALFAGOMMA MALAYSIA SDN BHD
25085,ECSY INTERNATIONAL LIMITED
25086,"DICASTAL MEXICO, S. DE R.L. DE C.V."
25087,JIANGYIN KRYON IMPORT & EXPORT CO. LTD
25088,RECHAPAGE 2000 INC
25089,"NINGBO GRAND VOYAGE HIGH TECHNOLOGY MANUFACTURE CO., LTD"
25090,GREAT DAY GOLF CARTS OF OIB LLC
25091,"ROADBOSS TIRE (CAMBODIA)CO .,LTD"
25092,DIAMOND ECO SOLUTIONS LLC
25093,POWER UP CONNECT LLC
25094,IKON TYRES LTD.
25095,HERMANN PAUS MASCHINENFABRIK GMBH
25096,AISIN CORPORATION
25097,RECON RESCUE INC.
25098,"SHANGHAI HUIMEI PLASTIC PRODUCTS CO., LTD"
25099,SWINGLIFT TRANSPORT SERVICES LLC
25100,RANNIX CORPERATION
25101,DADS TS LLC
25102,WEST CHESTER MACHINERY & SUPPLY CO
25103,TEXAS STAR INDUSTRIAL MANUFACTURING
25104,SPECTRUM SPORTS INTERNATIONAL
25105,"JAGUAR MANUFACTURING, INC."
25106,H-CUSTOM WELD & MACHINE LLC
25107,DNJ TRAILERS LLC
25108,RYN MOTORS LLC
25109,RUDE BOY TRAILERS LLC
25110,"SYBRIX, LLC"
25111,NORTHUP SAUNAS LLC
25112,SKY HIGH SERVICES LLC
25113,KASE PUMPING SYSTEMS LLC
25114,"DANYANG YICHI VEHICLE PARTS CO., LTD"
25115,AXA PARTS LLC
25116,FL CUSTOM TRAILERS LLC
25117,POWERHAUL TRAILERS LLC
