Id,ManufacturerId,MakeId
80,955,441
81,956,440
82,959,443
83,958,442
84,960,445
85,961,446
87,962,448
88,964,449
89,964,450
90,965,451
91,968,452
92,967,452
93,966,452
94,969,453
95,971,455
97,970,454
98,979,460
99,977,460
100,976,460
101,980,461
102,982,463
103,983,466
104,975,459
105,984,472
107,987,474
108,990,474
109,991,474
111,992,474
112,986,460
113,995,477
114,994,477
115,985,460
116,988,474
117,981,462
118,978,460
119,976,464
120,976,465
121,977,464
122,977,465
123,979,464
124,979,465
125,976,473
126,984,467
127,984,468
128,984,470
129,984,469
130,995,476
131,994,476
132,957,452
133,997,478
134,996,478
135,999,478
136,1002,477
137,1002,476
138,994,481
139,994,483
140,995,482
141,1003,484
142,1011,485
143,1006,485
144,1011,447
145,1014,486
146,1015,487
147,1025,450
148,998,479
149,1026,489
151,1027,490
152,1029,492
153,1030,494
154,1029,493
155,1029,496
156,1034,498
157,1034,499
158,1035,500
159,1038,501
161,1040,503
162,1041,473
163,1044,505
164,1045,506
165,1047,507
167,1048,509
168,1050,511
169,1042,449
170,1042,504
171,1052,481
172,1053,513
173,1054,481
174,1056,514
175,1057,515
176,1057,448
177,962,515
178,1058,517
179,1060,518
180,1061,519
181,1059,448
182,1062,448
183,1063,448
185,1075,523
186,1079,444
188,1028,524
189,1028,526
190,1028,522
191,1028,525
192,1074,526
193,1074,524
194,1074,525
195,1074,522
196,1080,527
198,1081,528
202,1083,473
203,1084,531
204,1085,448
205,1087,448
206,1088,448
207,1042,533
208,1062,536
209,1090,448
210,1091,448
211,1032,532
212,1096,541
213,1095,540
216,1092,537
217,1089,534
218,1086,535
219,1098,542
222,1107,547
223,1108,548
224,1109,514
225,1110,550
226,1115,551
227,1116,552
229,1118,554
230,1119,555
231,1120,556
232,1121,557
233,1122,558
234,1123,559
235,1124,560
236,1127,561
237,1128,563
238,1130,564
240,1132,566
241,1132,567
242,1133,568
244,1135,570
245,1136,571
246,1031,495
247,1031,532
248,1137,572
249,1139,574
250,1140,575
251,1141,576
252,1142,577
253,1144,579
254,1145,448
255,1078,525
256,1146,580
257,1146,476
258,1146,450
259,1023,476
260,1023,449
261,1023,450
262,1147,482
263,1147,582
264,1148,582
265,1148,502
266,1148,583
267,1148,454
268,1148,584
269,1148,568
270,1148,482
271,1150,582
272,1152,510
273,1153,564
275,1155,448
276,1158,589
277,1157,588
281,1134,591
282,1163,592
283,1164,485
285,1132,594
289,1166,599
290,1167,600
291,1168,601
292,1169,603
293,1171,542
294,1171,467
295,1171,472
296,1174,606
297,1175,607
298,1176,608
299,1181,609
300,1183,610
301,1192,611
302,1196,612
304,1189,614
306,1199,616
307,1198,615
308,1201,617
309,1202,618
310,1203,619
311,1204,620
312,1193,621
313,1194,622
314,1195,623
315,1191,624
316,1205,625
317,1188,626
318,1206,627
319,1187,628
320,1207,629
321,1184,631
322,1186,632
323,1208,630
324,1209,633
325,1211,634
327,1213,636
328,1214,637
329,1215,638
330,1216,639
331,1217,640
332,1218,641
333,1219,642
334,1220,643
335,1221,644
336,1182,645
337,1222,646
338,1180,647
339,1223,648
340,1224,649
341,1225,650
342,1226,651
343,1227,652
344,1228,653
345,1229,654
346,1230,655
347,1231,656
348,1232,657
349,1233,658
350,1234,659
351,1185,660
352,1235,661
353,1237,662
354,1238,663
355,1239,664
356,1240,665
357,1241,666
358,1242,667
359,1243,668
360,1244,669
361,1245,670
363,1246,672
364,1179,673
365,1178,674
366,1177,675
367,1247,676
368,1248,677
369,1249,678
370,1250,679
371,1253,681
372,1254,682
373,1255,683
374,1256,684
375,1258,685
377,1259,687
378,1260,688
379,1261,689
380,1262,690
381,1264,691
382,1265,693
383,1267,694
384,1268,695
385,1270,697
386,1272,699
387,1273,700
388,1274,701
389,1271,698
390,1276,703
391,1275,702
393,1279,707
394,1280,708
395,1281,709
396,1278,705
397,1282,710
398,1284,711
399,1285,712
401,1287,714
402,1288,715
403,1289,716
404,1290,717
405,1291,718
406,1292,719
407,1293,720
408,1294,721
410,1296,723
411,1297,724
412,1298,725
414,1269,696
415,1252,680
416,10509,726
417,6518,727
418,9906,729
419,7167,728
420,5833,734
421,1470,735
422,7755,736
423,7456,738
424,3533,739
425,11595,740
426,13326,737
427,11976,741
428,1620,742
429,11561,743
430,10956,744
431,7983,745
432,4702,746
433,8690,747
434,6723,748
435,9522,749
436,6314,750
437,9730,752
438,1300,753
440,7391,755
442,6575,755
443,6751,756
444,12068,754
445,8709,757
446,12265,759
447,7833,758
448,11406,760
449,7892,761
450,10486,762
451,9765,763
452,11414,764
453,8654,767
454,12263,768
455,7834,769
456,11402,770
457,7439,771
458,7590,772
459,13330,773
460,6240,774
461,7190,775
462,12038,776
463,6716,777
464,9197,778
465,9339,779
466,10953,780
467,6218,781
468,9757,782
469,10019,783
470,10037,784
471,13331,514
472,10016,785
473,6195,786
474,8724,787
475,5072,792
476,6177,795
477,9841,796
478,9824,797
479,6580,806
480,6634,807
481,8953,808
482,7053,809
483,4523,811
484,8637,813
485,7043,814
486,6072,815
487,9833,816
488,11342,817
489,1575,818
490,9129,819
491,6651,820
492,8951,821
493,7897,822
494,10689,823
495,6532,824
496,7493,825
497,12057,826
499,12157,828
500,6083,829
501,6663,831
502,7578,832
503,9435,833
504,6463,834
505,7402,836
506,11792,837
510,7866,840
511,7483,841
513,7368,843
514,11653,844
516,13333,509
517,13333,847
518,13333,481
519,10119,848
520,6316,849
521,10769,850
522,12045,851
523,9309,852
524,1678,853
525,9103,854
526,10215,855
527,10218,856
528,2235,859
529,11811,860
530,1641,861
531,11124,862
532,1347,863
533,8757,864
534,7012,865
535,7272,866
536,6359,867
537,10677,868
538,12044,878
539,10640,880
540,7905,881
541,7226,882
542,2721,883
543,7902,884
544,6067,885
545,11137,886
546,12997,887
547,1474,888
548,7162,889
550,6726,891
551,12161,893
552,9157,894
553,11588,895
555,6976,879
556,7766,898
558,6635,901
559,7438,902
560,8522,903
561,13339,904
563,13336,890
576,12031,906
577,12031,918
578,12031,919
580,9034,839
582,1593,923
583,10229,925
584,6602,927
585,7967,928
587,10637,934
588,6715,935
589,12231,936
590,10319,937
591,5861,938
592,11287,939
593,7055,940
594,11332,941
595,11202,942
596,6478,943
597,9264,946
598,12089,944
600,11865,921
601,10238,945
602,6977,931
603,9960,947
604,7063,950
605,9282,970
606,12045,971
607,9001,985
608,9001,987
609,8445,994
610,13341,997
612,10570,953
613,12175,954
614,11166,960
615,8869,966
616,7716,967
617,6673,968
618,6387,969
619,11932,972
620,4270,973
621,8867,974
622,5144,975
623,12067,976
624,6717,978
625,10910,979
626,9852,980
627,6725,981
628,7572,982
629,9273,983
630,1313,984
631,6373,988
632,12112,989
633,9127,998
634,6375,991
635,11172,995
636,9514,996
637,10399,1000
638,12174,999
639,6265,1001
640,9557,1002
641,6150,1004
642,1488,1006
643,6139,1007
644,6432,1008
645,9838,1009
646,6770,1011
647,13342,1015
648,13342,1013
649,13342,1012
650,13343,1016
651,7223,1017
652,9825,1018
653,8942,1019
654,6170,1021
655,7697,1022
656,12971,1023
657,6147,1024
658,6617,1025
659,6848,1026
660,6938,1027
661,10261,1028
662,6704,1029
663,10724,1030
664,11874,1031
665,7849,1032
668,1511,1035
669,8516,1036
670,7832,1039
671,6271,1040
672,10044,1042
673,8526,1044
674,6627,1046
675,6336,1047
676,7627,1049
677,12937,1055
678,12267,1058
679,9277,1057
680,6400,1060
681,11773,1061
682,9835,1062
684,8600,1063
685,11505,1065
686,5845,1070
687,8924,1071
688,9262,1072
689,7037,1073
690,7767,1074
692,9247,1079
693,10264,1080
694,8501,1081
695,10948,1082
696,6122,1083
697,13344,1084
698,13181,1085
699,12084,1087
700,7411,1088
701,13345,1057
702,7054,1089
703,7715,1090
704,11798,1092
705,6973,1093
706,8849,1094
707,6219,1095
708,6340,1097
709,11329,1096
710,6899,1098
711,6846,1100
712,6369,1101
713,7019,1103
716,9110,1107
717,13101,1109
720,9280,1111
721,6159,1112
722,12248,1113
723,13346,1114
724,7939,1115
725,7733,1116
726,13347,1117
727,7264,1118
728,6791,1119
729,6823,1120
730,1494,1122
731,1494,1123
732,9959,1126
733,6136,1127
734,12268,1128
736,10323,1130
737,6895,1131
738,1519,1132
739,7104,1133
740,7613,1135
741,6402,1137
742,10521,1140
743,6863,1138
744,6863,1055
745,10169,1142
746,11969,1145
747,11610,1147
748,6926,1148
749,8944,1149
750,6261,1150
751,12481,1151
752,6700,1155
753,7355,1159
754,8717,1163
755,7191,1164
756,10502,1172
757,12143,1173
758,8679,1175
759,9156,1176
760,12090,1178
761,10439,1179
762,10561,1184
763,12488,1185
764,11810,1186
766,9313,1193
767,9542,1195
768,7858,1196
769,11802,1201
771,10496,1206
773,10776,1208
774,7792,1212
775,7370,1211
776,7398,1214
777,10949,1218
779,9286,1220
780,11761,1222
781,10501,1223
782,6909,1224
783,4787,1225
784,13354,1226
785,7809,1228
786,9843,1229
787,9150,1230
788,6364,1231
789,6817,1233
790,6625,1234
791,11884,1235
792,8929,1237
793,9363,1238
794,6190,1240
795,1366,1241
796,9793,1243
797,9740,1244
798,7884,1245
799,13206,1247
800,9120,1248
801,7365,1249
802,13355,1251
803,7394,1253
804,8487,1258
805,13356,1256
808,9759,1259
809,6779,1261
810,6411,1284
811,7867,1286
813,6934,1288
814,12121,1289
815,9828,1293
816,8902,1294
817,11136,1296
818,13361,1299
819,13361,1305
820,9665,1306
821,9987,1308
822,9911,1310
823,13360,1295
824,4838,1312
825,9503,1313
826,10969,1315
827,11981,1316
830,11376,1321
831,9144,1322
832,6724,1330
833,6260,1332
834,6986,1333
835,11391,1335
836,8680,1355
837,13363,1352
841,11199,1370
842,7428,1369
843,1717,1371
844,11163,1372
845,11366,1375
846,11566,1376
847,12294,1377
848,9279,1380
849,11289,1381
850,11832,1382
852,6173,1384
853,7731,1385
854,6870,1386
855,10775,1387
857,7668,1388
858,10785,1392
859,10438,1396
860,13367,1405
861,10479,1404
862,10479,1379
863,7058,1379
864,7058,1404
865,7410,1409
867,7719,1415
868,11857,1418
869,11565,1419
870,7758,1421
871,7968,1426
872,1471,1428
873,6877,1429
874,9090,1430
875,10418,1391
876,11777,1436
877,6705,1437
878,1688,1438
879,7075,1439
880,7409,1440
881,9068,1441
882,7965,1442
883,7442,1443
884,1639,1445
885,11403,1446
886,12168,1447
887,6658,1450
888,7426,1449
889,12087,1451
890,10777,1452
891,12158,1462
892,6178,1467
893,9283,1468
894,11575,1470
895,12189,1473
897,11900,1476
899,7069,1479
900,1685,1480
901,11927,1484
902,6877,1485
903,6669,1487
904,11750,1489
905,12081,1490
906,10022,1491
907,10460,1492
908,11909,1493
909,1096,1494
910,9531,1495
912,6686,1497
913,10011,1500
914,9751,1501
915,8918,1502
916,11783,1503
917,2205,1504
918,11606,1506
919,2197,1508
920,1669,1509
921,6513,1512
922,1968,1514
923,9439,1517
924,7267,1518
925,7267,1519
926,7267,1520
927,8509,1516
928,10484,1510
929,9771,1507
930,10031,1521
931,7278,1524
932,12513,1526
933,12855,1527
934,9196,1535
935,8453,1536
936,7482,1537
938,12214,1541
939,11148,1544
940,11499,1548
941,7233,1549
942,6979,1551
943,1552,1552
944,6317,1553
945,12326,1550
946,10623,1554
947,8541,1555
948,9840,1556
949,8824,1557
950,1739,956
951,6703,1561
953,11127,1564
955,6755,1565
956,9081,1566
957,11961,1567
958,9507,1547
959,9497,1568
960,12754,1570
961,9685,1571
963,6032,1572
964,1440,1573
965,7864,1574
966,9094,1575
967,7091,1591
968,1655,1576
969,8688,1582
970,6741,1592
971,11580,1578
972,12618,1579
974,13369,1542
975,9314,1593
976,7773,1594
977,6632,1595
979,11171,1505
980,6807,1596
981,12872,1597
982,10693,1581
983,11646,1583
985,9088,1602
986,9990,1601
988,7656,1604
989,11375,1603
990,1667,1605
991,9267,1606
992,7799,1607
993,6214,1608
996,6981,1609
997,4268,1586
998,6408,1585
999,1493,1580
1000,10675,1610
1001,9555,1611
1002,6768,1612
1003,6699,1613
1004,10005,1614
1005,9966,1615
1006,7972,1616
1007,1643,1617
1008,12120,1618
1009,10748,1621
1010,4720,1622
1011,10779,1623
1013,7900,1625
1014,10154,1626
1015,11177,1627
1016,10064,1515
1017,966,456
1018,973,457
1019,974,458
1020,978,473
1021,984,471
1022,984,536
1023,984,542
1024,984,572
1025,984,951
1026,984,1056
1028,984,1077
1029,984,1124
1030,984,1146
1032,985,491
1034,985,522
1035,985,524
1036,985,525
1037,985,526
1038,987,475
1039,988,475
1041,990,475
1043,994,482
1044,994,492
1045,994,497
1046,995,483
1047,995,492
1048,995,497
1049,996,467
1050,996,480
1051,997,480
1052,999,480
1053,1000,478
1054,1002,482
1055,1002,483
1056,1002,492
1057,1002,497
1058,1015,485
1059,1024,450
1060,1028,491
1061,1033,495
1062,1043,449
1063,1048,510
1064,1055,491
1065,1055,522
1066,1055,524
1067,1055,525
1068,1055,526
1069,1062,467
1070,1064,491
1071,1064,522
1072,1064,524
1073,1064,525
1074,1064,526
1075,1073,520
1076,1074,491
1077,1078,491
1078,1078,522
1079,1078,524
1080,1078,526
1081,1079,442
1082,1085,515
1084,1128,562
1085,1129,563
1086,1132,595
1087,1149,582
1090,1173,543
1092,1215,608
1093,1433,920
1094,1450,1162
1095,1457,1347
1096,1463,1412
1097,1466,1324
1098,1478,482
1099,1509,1358
1100,1530,1471
1103,1572,1327
1104,1574,1402
1105,1595,962
1106,1629,1302
1107,1634,1246
1108,1645,1340
1109,1696,959
1110,1700,1406
1111,1705,1533
1112,1747,965
1113,1837,1460
1114,2011,790
1115,2154,1200
1116,2158,1266
1118,2234,859
1119,2244,1213
1121,3492,732
1122,4243,1086
1123,4274,793
1124,4277,1281
1125,4368,542
1126,4600,1431
1127,4774,872
1128,4859,1194
1129,5035,1543
1130,5177,810
1131,5338,1334
1132,5496,1395
1133,5533,1422
1134,5835,1168
1135,5837,1048
1136,6046,1285
1137,6055,1014
1138,6098,1203
1139,6099,1215
1140,6106,1158
1141,6118,1399
1142,6157,986
1143,6164,1331
1145,6213,713
1146,6224,649
1147,6259,1298
1148,6306,1076
1149,6348,1511
1150,6351,1160
1151,6390,1459
1152,6406,1513
1153,6422,1066
1154,6433,875
1155,6483,1458
1156,6489,874
1157,6514,1141
1158,6521,804
1159,6545,1059
1160,6546,1478
1161,6616,1323
1162,6622,1242
1163,6643,1389
1164,6653,1282
1165,6661,964
1166,6666,1481
1167,6675,1393
1168,6678,1353
1169,6688,812
1170,6706,1292
1171,6707,876
1172,6710,1216
1173,6714,1209
1174,6773,1157
1175,6801,1359
1176,6802,1227
1177,6826,1010
1178,6845,1045
1179,6887,949
1180,6888,1304
1181,6915,1482
1182,6924,1398
1183,7008,932
1184,7009,1264
1185,7020,722
1186,7026,1373
1187,7026,1390
1188,7064,1239
1190,7072,1197
1191,7073,751
1192,7074,704
1193,7097,1110
1194,7125,1250
1196,7152,1360
1197,7159,1364
1198,7170,1401
1199,7195,1105
1200,7221,1529
1201,7234,1337
1202,7261,791
1203,7262,869
1204,7318,1354
1205,7362,1472
1206,7371,977
1207,7374,1174
1208,7380,1427
1209,7421,1041
1210,7423,1366
1211,7430,766
1212,7440,1338
1213,7445,1167
1214,7452,1469
1216,7467,1532
1217,7479,1464
1218,7493,823
1219,7541,1217
1220,7559,1064
1221,7579,1154
1222,7629,957
1223,7637,871
1225,7657,990
1226,7691,933
1227,7721,922
1229,7743,1276
1230,7751,1270
1231,7761,1202
1232,7764,1177
1233,7768,955
1234,7818,1051
1235,7818,1052
1236,7818,1053
1237,7836,948
1238,7852,963
1239,7855,1455
1240,7941,930
1242,8444,1488
1244,8611,896
1245,8633,1457
1246,8642,1344
1247,8653,1349
1248,8665,1465
1249,8697,788
1250,8702,1267
1251,8710,870
1252,8727,1341
1254,8812,469
1255,8812,472
1256,8812,536
1257,8850,1005
1258,8856,1272
1259,8857,805
1260,8877,1273
1261,8883,1187
1262,8884,1180
1263,8900,1466
1264,8911,1424
1265,8914,1171
1266,8930,1420
1267,8934,1067
1268,8985,1423
1269,8987,1414
1270,9036,1461
1271,9098,1329
1272,9119,1108
1273,9132,1136
1274,9193,1325
1275,9244,1433
1276,9255,1210
1277,9263,1486
1278,9303,1139
1279,9359,1326
1280,9368,1099
1281,9440,799
1282,9460,1198
1283,9470,1290
1284,9502,1361
1285,9506,1356
1286,9529,1345
1287,9534,1343
1290,9707,1546
1291,9758,1311
1292,9827,1350
1293,9839,1038
1294,9846,1531
1295,9902,1408
1296,9961,1403
1297,9986,1255
1298,10043,1279
1299,10051,1236
1300,10055,1280
1301,10058,1091
1302,10173,1357
1303,10253,1342
1304,10266,1277
1305,10320,958
1306,10411,802
1307,10434,1265
1309,10547,1562
1310,10563,1204
1311,10634,1170
1312,10667,961
1313,10701,993
1314,10753,1283
1315,10781,1432
1316,10833,1190
1317,10880,1043
1318,10935,1254
1319,10942,1143
1320,10945,801
1321,10947,1413
1322,10955,1474
1323,10959,1483
1324,10978,1339
1325,10980,730
1327,11092,1545
1328,11116,1367
1329,11130,1262
1330,11156,1434
1331,11218,1463
1332,11237,1271
1333,11284,1020
1334,11325,794
1335,11334,857
1336,11346,1416
1337,11352,1156
1338,11369,1534
1339,11418,1003
1340,11429,1054
1341,11571,1410
1342,11574,1435
1343,11583,789
1344,11594,1307
1346,11613,1314
1347,11658,798
1348,11748,1152
1349,11752,1144
1350,11804,1523
1351,11829,1448
1352,11830,1183
1353,11863,1199
1354,11864,1444
1355,11885,1050
1356,11893,1499
1357,11898,952
1358,11906,1257
1359,11920,1346
1361,11942,1166
1362,11956,1260
1363,11957,1252
1364,11972,1191
1366,12069,1400
1368,12100,1232
1369,12108,1525
1370,12109,1161
1371,12133,731
1372,12146,1425
1373,12147,1522
1374,12154,1278
1375,12191,1301
1376,12205,1498
1377,12209,830
1378,12227,1169
1379,12235,1336
1380,12252,1188
1381,12259,1454
1382,12260,1453
1383,12279,1297
1384,12539,1319
1385,12545,900
1386,12565,800
1387,12610,1530
1388,12708,1272
1390,13048,1397
1391,13068,1456
1392,13288,950
1393,13337,892
1394,13348,1134
1395,13349,1153
1396,13350,1165
1397,13353,1192
1398,13357,1268
1399,13358,1269
1401,13362,1320
1402,13364,1362
1403,13368,1539
1404,5705,1587
1405,7843,1588
1406,5083,1590
1407,12239,1629
1408,7378,1630
1409,6176,1631
1410,6381,1632
1411,9118,1633
1412,11344,1634
1413,973,1635
1415,13370,1638
1416,6610,1637
1417,1133,1328
1418,12746,1640
1419,10729,1639
1420,1102,605
1421,6486,1641
1422,10482,1642
1423,13155,1068
1424,11379,1643
1425,11585,1645
1426,11585,1644
1427,10710,1589
1428,6183,1646
1430,4475,1649
1431,11165,1647
1432,6035,1651
1433,10116,1650
1434,11883,1653
1435,7823,1654
1437,6145,1656
1440,1363,1275
1441,8807,553
1442,1579,1661
1443,1693,1660
1444,6500,1659
1445,10970,1658
1446,13371,1657
1447,1434,1351
1449,7705,1662
1450,10760,1663
1451,5378,1664
1452,7444,1665
1453,6897,1666
1454,10239,1667
1455,12085,1668
1456,1484,1669
1457,1528,1670
1458,8668,1671
1459,1712,1672
1460,9319,1674
1461,13373,1673
1462,7405,1675
1463,1622,1676
1464,5866,1677
1465,1556,1679
1466,8708,1680
1467,12123,1681
1468,7609,1682
1469,7885,1683
1471,6564,1685
1472,6338,1686
1473,13375,1688
1474,6093,545
1475,13376,1689
1476,7065,1690
1477,7102,1691
1478,7938,1692
1479,6806,1693
1480,12104,1694
1481,7528,1695
1482,10430,1696
1483,12266,1697
1484,7249,1698
1486,7658,1700
1487,11776,1701
1488,9162,1702
1489,10001,1703
1490,7457,1704
1491,7784,1705
1492,1477,1706
1493,13377,1707
1494,1813,1708
1495,6416,1709
1496,1352,1710
1497,8935,1711
1498,6735,1712
1499,11288,1713
1500,8922,1714
1501,9768,1715
1502,8673,1716
1503,1787,1717
1504,11511,1718
1505,11233,1719
1506,10694,1720
1507,12202,1721
1508,1099,1722
1509,6642,1723
1510,12032,1724
1511,1449,1726
1513,5865,1727
1514,6921,1728
1515,7740,1729
1516,13378,1730
1517,1718,1731
1518,10462,1732
1519,10661,1733
1520,1895,1734
1522,11341,1736
1523,11358,1737
1524,10440,1738
1525,6696,1739
1526,6383,1740
1527,8535,1741
1528,6156,1742
1529,11859,1743
1530,7183,1744
1531,13379,1745
1532,1348,1746
1533,1692,1747
1534,9086,1749
1535,13380,1750
1536,6476,1751
1537,11381,1752
1538,13383,448
1539,12703,1753
1540,978,465
1541,13384,1755
1542,7312,1756
1543,10713,1757
1547,10759,1759
1548,6153,1760
1549,6301,1761
1550,9885,1762
1551,8892,1763
1552,7108,1764
1553,12098,1765
1554,9778,1766
1555,13385,1767
1556,8937,1768
1557,9915,1775
1558,10752,1769
1559,6444,1770
1560,2208,1771
1561,7517,1772
1562,6761,1773
1563,2211,1774
1564,13386,1776
1565,1564,1777
1566,10156,1778
1567,6902,1779
1568,7791,1780
1569,11373,1781
1570,976,478
1571,12228,1783
1572,8712,1784
1573,1907,1785
1574,9754,597
1575,12247,1786
1576,9688,1787
1577,7584,1788
1578,9336,1789
1579,6333,1790
1580,9454,1791
1581,7556,1792
1582,7376,1793
1583,1716,1794
1584,5256,1795
1586,9541,1796
1587,7326,1798
1588,12118,1799
1590,1719,1802
1591,6360,1803
1592,6305,1801
1593,6060,1804
1594,6480,1805
1595,6050,1806
1596,7256,1807
1597,7256,1809
1598,7547,1810
1599,8486,1808
1600,7256,1811
1601,12509,1815
1602,5830,1814
1603,10449,1813
1604,12099,1812
1605,12077,1816
1606,7564,1817
1607,12330,1818
1608,9374,1819
1609,6557,1820
1610,10861,1821
1612,7962,1824
1613,11769,1823
1614,1529,1826
1615,6759,1825
1616,4279,1827
1617,1121,1828
1618,11361,1830
1619,10870,1831
1621,10663,1833
1622,7781,1834
1623,11380,1835
1624,9490,1836
1625,6652,1839
1626,7325,1843
1627,7000,1844
1628,8878,1845
1629,10938,1837
1632,7319,1846
1633,9836,1841
1634,6820,1842
1635,6900,1847
1636,6256,1848
1639,6377,1851
1641,11933,1856
1643,6798,1853
1644,6175,1854
1645,10569,1855
1646,10155,1857
1647,6341,1858
1648,6772,1859
1650,8463,1861
1651,6762,1865
1652,10652,1866
1653,13387,1864
1654,13388,1862
1655,13389,1863
1656,7535,1867
1657,10170,1868
1658,7489,1869
1659,1483,1870
1661,6185,1872
1662,10480,1873
1664,6152,1877
1665,10658,1879
1666,7329,1880
1667,1052,528
1668,6992,1881
1669,4269,1882
1670,9623,1883
1671,6438,1884
1672,9377,1885
1673,1878,481
1674,7587,1886
1675,10519,1887
1676,10221,1888
1677,9868,1889
1679,11938,1891
1680,5956,1892
1681,7366,1893
1682,9301,1894
1683,11902,1895
1684,1344,1896
1685,2936,1897
1686,8715,1898
1687,11657,1899
1688,6384,1915
1690,5784,1901
1691,10523,1902
1692,10506,1903
1693,6330,1904
1694,10309,1905
1695,7369,1906
1696,11925,1907
1697,1684,1908
1698,3800,1911
1699,9128,1913
1700,7909,1914
1701,1444,1916
1702,9306,1917
1703,6640,1918
1705,1853,1920
1706,2139,1921
1707,13404,1922
1708,1151,1923
1710,10522,1925
1711,10442,1928
1712,7492,1929
1713,12058,1930
1714,1602,1932
1715,1336,1931
1716,6119,1933
1717,7865,1935
1718,13405,1934
1719,1361,1936
1720,7714,1937
1721,8950,1938
1722,6210,1939
1724,7602,1941
1726,6621,1943
1727,12051,1944
1728,4348,1940
1729,8692,1945
1730,6215,1946
1731,6462,1948
1732,13239,1950
1733,6430,1949
1734,10738,1951
1735,10555,1952
1736,12139,1953
1737,6826,1954
1738,1310,1955
1739,10018,1956
1740,6795,1957
1741,11662,1958
1742,6460,1959
1743,6468,1960
1744,1630,1961
1745,9338,1962
1746,12030,1963
1747,12169,1964
1748,1424,1965
1749,11770,1966
1750,11556,1967
1751,7538,1968
1752,6646,1969
1753,11203,1970
1754,10678,1971
1755,11858,1972
1756,11087,1973
1757,9767,1974
1758,6481,1975
1759,12026,1976
1760,6930,1977
1761,12025,1978
1762,11914,1979
1763,1482,1980
1764,7726,1981
1765,9148,1982
1766,1561,1983
1767,8685,1984
1768,2806,1496
1769,9288,1986
1770,11914,1987
1772,7522,1989
1775,1367,1990
1776,7330,1991
1777,7554,1993
1778,7067,1994
1779,6449,1995
1780,1661,1996
1782,12103,1999
1783,7540,2001
1784,7708,2000
1785,13408,1998
1786,1588,2003
1787,7193,2005
1788,6108,2004
1789,11150,2006
1790,13411,2007
1791,6324,2008
1793,1516,2009
1794,11934,2011
1795,11867,2012
1796,9968,2013
1797,9107,2014
1798,8650,2015
1799,6999,2016
1800,1146,1979
1801,9111,2026
1802,12115,2017
1803,10868,2019
1804,7364,2021
1805,7003,2023
1806,12136,2024
1807,1359,2025
1808,13414,2018
1809,7390,2027
1810,13416,2022
1811,7520,2028
1812,13415,2020
1813,7436,2029
1814,7525,2030
1815,9355,2031
1816,11593,2032
1817,6365,2033
1818,12055,2034
1819,11660,2035
1820,1498,2036
1821,976,1755
1822,11828,2038
1823,8893,2039
1824,8851,2040
1825,11280,2041
1826,7862,2042
1828,6203,2044
1829,10220,2045
1831,10551,2047
1832,2340,2048
1833,7710,2049
1834,7689,2050
1835,6144,2051
1836,10976,2052
1837,7472,2053
1838,1456,2054
1839,8641,2055
1840,9432,2057
1841,7510,2058
1842,13424,2059
1843,12211,2056
1845,8912,2061
1846,10209,2062
1847,13425,2063
1848,10682,2065
1849,1520,2066
1850,1520,2067
1851,1520,2068
1852,6901,2069
1853,11117,2070
1854,6647,2071
1855,7101,2072
1856,3082,2075
1857,9532,2073
1858,9532,2076
1859,9532,2077
1860,9532,2078
1861,9532,2079
1862,9532,2074
1863,12293,2080
1864,9532,2081
1865,6441,2082
1866,7921,2083
1867,10707,2084
1868,10057,2085
1869,11971,2086
1870,7046,2087
1871,9999,2088
1872,6839,2093
1873,3495,2089
1874,7044,2090
1875,6531,2091
1876,6638,2092
1877,10493,2094
1878,6552,2095
1879,8864,2096
1880,6589,2097
1881,11157,2098
1882,11926,2099
1883,7088,2100
1884,6990,2101
1885,12230,2103
1887,10699,2105
1888,6469,2106
1889,1467,2107
1890,7052,2108
1891,7923,2109
1892,9350,2110
1893,3684,2111
1894,12251,2112
1895,6629,2113
1896,7301,2114
1898,6084,2116
1899,6272,2117
1900,10700,2118
1901,6503,2119
1902,9453,2120
1903,6322,2121
1904,12171,2122
1905,3729,2123
1906,11145,2124
1907,5194,2125
1908,10164,2126
1909,7314,2127
1910,7451,2146
1911,11374,2128
1912,7783,2129
1913,10307,2130
1914,7700,2131
1915,10692,2132
1916,9831,2133
1918,11400,2135
1919,7912,2136
1920,8936,2137
1921,8455,2138
1922,11910,2139
1923,8943,2140
1924,10960,2141
1925,7534,2142
1926,1553,2143
1927,11732,2144
1928,1698,2145
1930,13443,2147
1931,10195,2148
1932,1312,2149
1933,10255,2150
1935,13430,2151
1937,11870,2153
1938,10321,2154
1939,11905,2155
1940,6778,2156
1941,7986,2157
1942,1098,474
1943,6728,2158
1944,6470,2160
1945,8520,2161
1946,10698,2162
1947,6780,2163
1948,10873,2164
1949,9830,2165
1950,9721,2166
1951,9134,2167
1952,7539,2168
1953,11122,2169
1955,12187,2170
1956,9358,2171
1957,6208,2172
1958,5862,2173
1959,10716,2175
1960,10562,2174
1961,6568,2176
1962,6515,2177
1963,10469,2178
1964,6565,2179
1965,2531,2180
1966,6223,2181
1967,12201,2182
1968,9318,2183
1969,12193,2186
1970,8634,2184
1971,11820,2187
1972,1501,2189
1973,10007,2190
1974,7989,2192
1975,11960,2193
1976,6892,2194
1977,1299,2195
1978,4252,2196
1979,13445,2197
1980,8470,2198
1981,10065,2199
1982,7475,2200
1983,12114,2201
1984,8949,2202
1985,12172,2203
1986,1626,2204
1987,6086,2205
1988,7344,2206
1989,7979,2207
1990,8704,2208
1991,6448,2209
1992,7146,2210
1993,7744,2212
1994,4163,2213
1995,9155,2214
1996,9495,2215
1997,8938,2216
1998,1171,475
1999,7955,2217
2000,11587,2218
2001,7735,2219
2002,11337,2220
2003,10671,2221
2004,10060,2222
2005,6860,2241
2006,6135,2223
2007,6615,2224
2008,4188,2225
2009,6452,2226
2010,9510,2227
2011,7320,2228
2012,6252,2229
2013,3833,2230
2014,1534,2231
2016,10167,2234
2017,11523,2235
2018,7775,2236
2019,9748,2237
2020,7736,2238
2021,6056,2239
2022,7693,2240
2023,6975,2232
2024,8643,2242
2025,10470,2243
2026,11405,2244
2027,5803,2245
2028,11975,2246
2029,6474,2247
2030,6347,2248
2031,8447,2249
2032,8696,2250
2033,10050,2251
2034,12222,2253
2035,9311,2252
2036,6047,2254
2037,10165,2255
2038,6391,2256
2039,6579,2257
2040,9342,2258
2041,9739,2259
2042,8533,2260
2043,6543,2261
2044,12180,2262
2045,8651,2263
2046,9251,2264
2047,8889,2265
2048,7546,2266
2049,7051,2267
2050,11887,2268
2051,6509,2269
2052,6879,2272
2053,10254,2270
2054,10304,2273
2055,6822,2274
2056,7586,2275
2057,6211,2279
2058,11955,2280
2059,11398,2281
2060,13452,2282
2061,11193,2283
2064,13453,2329
2065,6912,2330
2066,6718,2331
2067,7893,2332
2068,7432,2334
2069,1672,2333
2070,8648,2335
2071,7408,2336
2072,12902,536
2073,12902,509
2074,12902,1077
2075,12902,467
2076,11144,2337
2077,6069,2338
2079,7975,2339
2080,9521,2340
2081,11115,2341
2082,7300,2342
2084,6245,2344
2085,4282,2345
2086,9315,2346
2088,1360,2349
2089,10214,2351
2090,7567,2350
2091,11921,2352
2092,8092,2353
2093,8901,2354
2094,11946,2355
2095,6743,2358
2096,9250,2359
2097,9334,2360
2098,12122,2361
2099,9544,2357
2100,1454,2356
2102,8234,2355
2104,7351,2362
2105,13454,2347
2106,6853,2363
2107,10256,2364
2108,5564,2365
2109,7121,2366
2110,6898,2367
2111,10219,2368
2112,1349,2369
2113,9114,2370
2114,8655,2372
2116,7066,2374
2117,13456,2375
2118,10311,2377
2119,6619,2376
2120,6729,2378
2122,7353,2380
2123,1029,483
2125,1468,2382
2126,13458,2383
2127,6628,2384
2129,7345,2386
2130,11371,2388
2131,11772,2390
2132,8870,2391
2133,11803,2392
2135,6676,2394
2137,7089,2396
2139,13461,2397
2141,10747,2399
2142,1565,2400
2143,6776,2401
2146,11238,2403
2147,6747,2404
2148,9916,2405
2149,13401,2406
2150,7588,2407
2151,994,2408
2152,994,2409
2153,9916,2410
2154,11877,517
2155,11152,2411
2156,6409,2412
2157,7631,2385
2160,12165,2415
2161,6890,2416
2162,10727,2417
2163,8874,2418
2164,7336,2419
2165,3427,2420
2166,7788,2421
2167,6241,2423
2168,13463,2422
2169,9123,2424
2170,7856,2414
2171,7856,2413
2172,9370,2425
2173,6227,2426
2174,6352,2427
2175,9527,2428
2176,10679,2429
2177,1351,2443
2178,8923,2442
2179,6233,2441
2180,8988,2440
2181,7163,2439
2182,6873,2438
2183,8440,2437
2184,8626,2436
2185,1676,2435
2186,10977,2434
2187,10212,2433
2189,10023,2431
2190,7845,2430
2193,11628,2444
2194,9508,2445
2196,11954,2446
2197,10685,2447
2198,7299,2449
2199,8629,2447
2201,9713,2450
2202,13467,2451
2204,8496,2452
2205,2643,2453
2206,2643,2454
2207,7360,2455
2208,8531,2456
2209,1699,2457
2210,9437,2458
2211,10962,2459
2212,11213,2460
2213,1448,2461
2214,1319,2462
2215,6560,2463
2216,5580,2464
2217,11904,2465
2218,5011,2466
2219,13468,2467
2220,6368,2468
2222,10550,2469
2223,995,2409
2224,1584,2470
2225,2642,2476
2226,9528,2475
2227,6623,2477
2228,9938,2474
2229,2605,2473
2231,1439,2471
2232,1002,2409
2233,9345,2432
2234,11560,2478
2235,7454,2479
2236,10350,2480
2237,9451,2481
2238,11336,2482
2239,12065,2484
2240,9512,2486
2241,1711,2485
2242,7157,2487
2243,7639,2488
2244,7062,2490
2245,11118,2489
2246,1656,2491
2247,11283,2492
2248,7246,2493
2249,9984,2494
2250,10150,2495
2251,7509,2496
2252,10009,2497
2253,10054,2498
2254,6698,2499
2255,5732,2500
2256,10310,2501
2257,1517,2502
2258,1489,2500
2259,1650,2503
2260,11786,2504
2261,7260,2505
2262,7582,2506
2263,7913,2507
2264,6097,2508
2265,6217,2509
2266,11935,2510
2267,11879,2511
2268,12170,2512
2269,11661,2513
2270,6840,2514
2271,10024,2515
2272,6073,2516
2273,9733,2517
2274,11778,2518
2275,7219,2519
2277,1674,2521
2278,12095,2522
2279,1609,2523
2280,7459,2524
2281,1455,2525
2282,7944,2526
2283,8512,2527
2284,7230,2528
2286,11388,2530
2287,1491,2500
2288,1490,2500
2289,8880,2531
2290,10517,2500
2291,12086,2533
2292,10706,2532
2293,10708,2534
2294,7164,2535
2295,2907,2536
2296,10872,2537
2297,8159,2538
2298,8906,2540
2299,11809,2539
2301,7542,2542
2302,5731,2500
2303,3155,2543
2304,10554,2544
2305,8832,2545
2306,11943,2546
2307,9492,2547
2308,9365,2548
2309,6235,2549
2310,7863,2550
2311,11201,2551
2312,7785,2552
2318,10745,2558
2319,12064,2559
2320,11417,2560
2321,7916,2561
2322,6995,2562
2323,2644,2563
2324,10594,2564
2325,6132,2565
2326,2644,2566
2327,11780,2567
2328,7468,2568
2329,9096,2569
2330,1309,2570
2331,11617,2571
2332,9784,2572
2333,7313,2573
2334,6146,2574
2335,9242,2575
2336,9161,2576
2337,10062,2577
2338,10718,2578
2339,9737,2579
2340,9347,2580
2341,6044,2581
2342,4226,2582
2343,5838,2583
2344,6355,2584
2345,13471,2371
2346,12029,2585
2347,7811,2586
2348,13472,2587
2349,7757,2588
2351,8714,2589
2352,12223,2591
2353,1708,2590
2354,10497,2592
2355,7076,2593
2356,1485,2594
2357,995,2408
2358,1002,2408
2360,7446,2596
2361,6001,2597
2362,7282,2598
2363,6592,2599
2364,10728,2601
2365,1486,2602
2366,7029,2603
2367,3139,2604
2368,10446,2605
2369,13474,2606
2370,1106,2373
2371,11383,2615
2372,6107,2616
2373,7228,2617
2374,6249,2619
2375,12075,2618
2377,11212,2621
2378,13475,2622
2379,4054,2623
2380,6866,2624
2381,10464,2626
2382,9517,2627
2383,5021,2625
2384,10033,2628
2385,1412,2629
2386,12199,2630
2387,7222,2632
2388,10436,2631
2389,7373,2633
2390,6952,2634
2391,9780,2635
2392,9149,2636
2393,6708,2637
2394,7977,2635
2395,10784,2638
2396,7779,2639
2397,3974,2640
2398,8494,2641
2399,6609,2642
2400,2908,2643
2401,6356,2644
2402,4507,2645
2403,8640,2647
2404,9998,2648
2406,6677,2650
2407,10468,2651
2408,9752,2652
2409,9785,2653
2410,9934,2654
2411,9747,2656
2412,11513,2657
2413,7652,2658
2414,8732,2659
2415,6587,2660
2416,6410,2661
2417,12117,2662
2418,7914,2663
2419,12074,2664
2420,13476,2665
2421,10021,2666
2422,7527,2667
2423,8459,2668
2424,11759,2670
2425,12216,2669
2426,12027,2671
2427,1674,2672
2428,9151,2673
2429,6551,2674
2430,7004,2675
2431,1707,2676
2432,7085,2677
2433,9683,2679
2435,12238,2614
2436,6212,2613
2437,11372,2612
2438,10056,2609
2439,7201,2608
2440,6154,2607
2441,13477,2610
2442,13478,2611
2443,4623,2680
2444,11890,2681
2445,13479,2683
2446,7940,2684
2447,3911,2685
2448,10265,2686
2449,9285,2687
2451,6988,2688
2452,1316,2689
2453,10443,2690
2454,10213,2691
2455,7334,2692
2456,7334,2693
2457,7306,2694
2458,2644,2453
2459,2644,2695
2460,2644,2454
2462,6925,2697
2463,7203,2696
2464,6346,2698
2465,10651,2702
2466,8891,2703
2467,10524,2576
2468,12164,2696
2469,10869,2704
2470,7926,2705
2471,10300,2707
2472,7036,2709
2473,6844,2710
2474,5844,2712
2475,4756,2711
2476,7875,2713
2477,6193,2714
2478,9222,2715
2479,6744,2716
2480,10778,2717
2481,9316,2718
2483,6654,2721
2484,6601,2722
2486,12204,2723
2487,7987,2724
2488,1324,2725
2489,9753,2726
2490,6994,2727
2492,10714,2729
2493,7908,2730
2494,10250,2731
2495,12632,2733
2496,1481,2732
2497,9671,2734
2498,9256,2735
2499,6274,2736
2500,10499,2737
2501,6991,2739
2502,4618,2740
2503,6886,2741
2504,9741,2742
2505,6789,2743
2506,11923,2744
2507,8358,2745
2508,10726,2738
2509,6656,2747
2510,9293,2748
2511,1682,2749
2512,6558,2750
2513,13481,2751
2514,1649,2752
2515,7918,2753
2516,9341,2754
2517,7453,905
2518,7453,890
2519,7936,2755
2521,9246,2757
2522,9479,2758
2523,9901,2759
2524,6358,2760
2525,1658,2761
2526,11968,2762
2527,11973,2763
2529,10467,2765
2530,11937,2767
2531,10914,2766
2532,5841,2768
2533,6327,2769
2534,8722,2770
2535,10927,2771
2536,6497,2772
2537,9712,2773
2538,9194,2774
2539,7001,2775
2540,7161,2776
2541,6423,2777
2542,7034,2778
2543,9104,2779
2544,10703,2780
2545,9955,2781
2546,4370,2782
2547,7704,2783
2548,8540,2784
2549,1355,2785
2550,6847,2786
2551,6948,2787
2553,12106,2788
2554,11394,2789
2555,6720,2790
2556,10410,2791
2557,9136,2792
2558,10931,2793
2559,11644,2794
2560,1563,2795
2562,7418,2797
2563,8990,2798
2564,11579,2799
2565,9504,2800
2566,10478,2801
2567,7295,2802
2568,9361,2803
2569,6758,2804
2570,8863,2805
2572,8652,2807
2573,9082,2808
2575,10168,2810
2576,6437,2811
2577,6771,2812
2578,10925,2813
2579,9080,2814
2580,11607,2815
2581,6827,2816
2582,1632,2817
2583,9579,2818
2584,8485,2819
2585,11348,2820
2586,9695,2821
2587,11562,2822
2588,8436,2823
2589,13483,2824
2590,13482,2825
2591,7597,2826
2592,7310,2827
2593,13484,2828
2594,12741,2829
2595,6603,2830
2596,2290,2831
2597,11787,2832
2598,7096,2834
2599,10656,2833
2600,10403,2835
2601,9296,2836
2602,7424,2837
2603,6611,2838
2604,11762,2839
2605,9929,2840
2606,10059,2842
2607,6874,2843
2608,6694,2844
2609,9919,2845
2610,12206,2846
2611,7084,2847
2612,6733,2848
2613,7942,2849
2614,6884,2850
2615,7835,2851
2616,10147,2852
2617,9320,2853
2618,6567,2854
2619,11817,2855
2620,6907,2856
2621,10008,2857
2622,7461,2858
2623,9326,2859
2624,7056,2860
2626,10966,2862
2627,11168,2863
2628,6264,2864
2629,8711,2865
2630,1518,2866
2631,10029,2868
2632,7952,2869
2633,11592,2870
2634,10974,2871
2635,10644,2861
2636,10171,2867
2637,9723,2873
2638,10533,2872
2639,7027,2874
2640,12213,2875
2641,7027,2876
2642,1452,2877
2643,13485,2878
2644,9356,2879
2645,7187,2880
2646,7749,2882
2649,7473,2885
2650,13486,2886
2651,7465,2887
2652,7577,2888
2653,7033,2889
2654,2569,2890
2655,6254,2892
2656,9783,2893
2657,13487,2891
2659,7105,2895
2660,7274,2896
2661,7851,2897
2662,6077,2900
2663,10030,2898
2664,6134,2901
2665,10520,2904
2666,6168,2902
2667,9074,2905
2668,9488,2906
2669,13488,2908
2670,8699,2910
2671,1497,2911
2672,6126,2912
2673,8108,2909
2674,10863,2903
2675,6885,2913
2676,11649,2914
2677,13489,2915
2678,9153,2916
2679,10471,2917
2680,7286,2918
2681,6894,2919
2682,10683,2920
2683,6179,2921
2685,7763,2922
2686,7935,2923
2687,9513,2924
2688,7580,2925
2689,6613,2926
2690,10027,2927
2691,12200,2928
2692,2622,2929
2693,9981,2930
2694,6993,2931
2695,7158,2932
2696,10227,2942
2697,1721,2943
2698,13490,2940
2700,5831,2950
2701,6562,2951
2702,13429,2953
2703,7356,2952
2704,7529,2948
2705,11378,2949
2706,7889,2947
2707,6167,2946
2708,8491,2945
2709,7173,2944
2710,8941,2941
2711,7880,2939
2712,9254,2938
2713,7500,2954
2714,7500,2955
2715,8468,2937
2716,7500,2956
2717,10926,2936
2718,11147,2935
2719,11033,2934
2720,6078,2933
2722,10684,2958
2723,7118,2959
2724,11155,2960
2725,1651,2961
2726,12215,2963
2727,7709,2964
2728,9241,2966
2729,1462,2965
2730,1325,2962
2731,7752,2967
2733,10715,2969
2734,10228,2970
2735,6803,2972
2736,7279,2974
2737,7284,2975
2738,7819,2976
2739,7958,2977
2740,9302,2971
2741,7666,2979
2742,1496,2980
2743,7281,2981
2744,10722,2982
2745,7963,2983
2746,9366,2984
2747,7899,2985
2748,6079,2986
2749,7898,2988
2750,11355,2987
2751,7280,2990
2752,10871,2991
2753,11903,2992
2754,10930,2993
2755,8632,2994
2756,9278,2995
2757,6110,2996
2758,10672,2997
2760,11800,2998
2761,11614,2999
2762,13410,3000
2763,1401,3001
2765,9452,3003
2766,11390,3004
2767,9777,3005
2768,10316,3007
2769,8946,3008
2770,12198,3006
2771,7611,3009
2772,6585,3010
2773,3335,3011
2774,10515,3013
2775,6916,3012
2776,12183,3014
2777,8027,3015
2778,10417,3016
2779,7225,3017
2780,11153,3018
2781,9945,3019
2782,11095,3020
2783,6722,3021
2784,3865,3022
2785,11930,3023
2786,1686,3025
2787,6407,3026
2788,9847,3027
2789,10702,3028
2790,9553,3030
2791,10267,3029
2792,12162,3031
2793,1590,3033
2794,6321,3032
2795,11768,3038
2796,11940,3039
2797,11164,3037
2798,10217,3040
2799,8030,3041
2800,8498,3042
2801,7491,3044
2802,9693,3045
2803,10560,3046
2804,10944,3047
2805,12113,3048
2806,7822,3049
2807,6980,3050
2808,5878,3051
2809,9287,3052
2810,12131,3053
2811,7934,3054
2812,8661,3055
2814,3896,3057
2815,7060,3058
2816,7124,3059
2817,7359,3067
2818,8481,3060
2819,11605,3061
2820,7087,3062
2821,7229,3063
2823,3883,3065
2824,6467,3066
2825,8446,3068
2826,11131,3069
2827,7576,3070
2828,7651,3071
2829,10633,3072
2830,10783,3073
2831,7742,3074
2832,9781,3075
2833,7136,3076
2834,12219,3077
2835,7648,3078
2836,7523,3079
2837,1662,3080
2838,9109,3081
2839,11755,3082
2840,12060,3083
2841,12385,3084
2842,7699,3085
2843,13491,3086
2844,7078,3087
2845,12163,3088
2846,9071,3089
2847,7790,3090
2848,8443,3091
2849,8452,3092
2850,8644,3093
2851,7585,3094
2852,7563,3095
2853,6041,3096
2854,13492,3097
2855,10400,3098
2856,13493,3099
2857,1555,3100
2859,9763,3102
2860,13494,3103
2861,6538,3104
2862,1573,3105
2863,13495,3106
2864,8647,3107
2865,7945,3108
2866,8859,3109
2867,11563,3110
2868,6376,3111
2869,6033,3113
2870,8529,3114
2871,11959,3112
2872,8876,3115
2874,13496,3117
2876,10047,3119
2877,12043,3120
2878,11789,3121
2879,9850,3122
2880,7077,3123
2881,11964,3124
2882,9511,3125
2883,7844,3126
2884,8687,3127
2885,10566,3129
2886,11422,3128
2887,10458,3130
2888,7115,3131
2889,12127,3132
2890,9290,3133
2891,10786,3134
2892,6583,3135
2893,2544,3064
2894,12196,3136
2895,1604,3137
2896,7901,3138
2897,5846,3139
2898,8099,3140
2899,12028,3141
2900,10782,3142
2901,6103,3143
2902,1607,3144
2903,9308,3145
2904,5863,3146
2905,6114,3147
2906,8469,3148
2907,7100,3149
2908,11796,3150
2909,12257,3151
2910,2407,3152
2912,8464,3153
2913,9075,3154
2914,10695,3155
2915,9556,3156
2916,6435,3157
2917,5843,3158
2918,4728,3159
2919,1503,3160
2920,6051,3162
2921,6493,3163
2922,5872,3164
2923,6237,3165
2924,7512,3166
2925,1694,3167
2926,7098,3168
2927,1515,3169
2928,7266,3170
2929,1670,3171
2930,7288,3172
2931,6548,3173
2932,6923,3174
2934,11333,3176
2935,7275,3177
2936,9533,3178
2937,7042,3179
2938,9126,3180
2939,6745,3181
2940,6427,3182
2941,10015,3183
2942,1704,3184
2943,1591,3185
2944,10223,3188
2945,7727,3189
2946,10313,3190
2947,10061,3191
2948,10559,3193
2949,7872,3194
2950,9006,3195
2951,11642,3196
2952,7415,3197
2953,6250,3198
2954,11918,3199
2958,6228,3202
2959,8858,3203
2960,7302,3204
2961,11875,3205
2962,7032,3206
2963,9963,3207
2964,11347,3208
2965,9431,3209
2966,7145,3210
2967,9310,3211
2968,10063,3212
2969,7448,3213
2970,4301,3214
2971,3625,3215
2972,10600,3216
2973,7239,3217
2974,1601,3218
2975,11425,3219
2976,10441,3220
2978,9376,3222
2979,995,481
2980,1002,481
2981,7242,3223
2982,11947,3224
2983,1218,3036
2984,3629,3225
2985,6066,3226
2986,11589,3227
2987,9257,3228
2988,1446,3229
2989,6631,3231
2991,6633,3232
2992,11948,3233
2993,1636,3235
2994,11826,3234
2995,10308,3236
2996,1526,3237
2997,8542,3238
2998,7251,3239
2999,11214,3240
3000,6689,3241
3001,2350,460
3002,1533,3242
3003,11785,3243
3004,12178,3244
3005,6349,3245
3006,11648,3246
3007,6319,3247
3009,11615,3250
3010,13498,3251
3011,1566,3252
3012,8438,3253
3014,11878,3255
3015,6662,3256
3016,6536,3257
3017,6914,3258
3018,7504,3259
3019,12192,3248
3020,10306,3260
3021,9736,3261
3022,12134,3262
3023,1476,3263
3024,6140,3264
3025,6428,3265
3026,7769,3266
3027,11377,3267
3028,7928,3268
3029,11951,3269
3030,5855,3270
3031,9097,3271
3032,7630,3272
3033,10973,3273
3034,8678,3274
3035,7227,3275
3036,6239,3276
3037,11128,3277
3038,11360,3278
3039,6913,3279
3040,11751,3280
3041,10558,3282
3042,1395,3283
3043,5911,3284
3045,13499,3187
3047,13501,3186
3048,11784,3288
3049,6824,3289
3050,10432,3290
3051,6325,3291
3052,2955,3293
3053,11120,3292
3054,6320,3294
3055,13502,3295
3056,7083,3296
3057,7628,3297
3058,7562,3298
3059,1605,3299
3060,11292,3300
3061,7057,3301
3062,7933,3302
3063,10971,3303
3064,7830,3304
3065,11963,3305
3066,6361,3306
3067,7480,3307
3068,11974,3308
3069,11521,3309
3070,7480,3310
3071,13400,3311
3073,1675,3313
3074,13504,3314
3075,7109,3315
3076,7970,3312
3077,11742,3316
3078,9328,3318
3079,3057,3317
3080,9446,3319
3081,9944,3320
3082,1465,3321
3084,2562,3323
3085,7575,3324
3086,6199,3325
3087,7816,3326
3088,7531,3327
3089,6398,3328
3090,6731,3329
3091,1500,3330
3092,3077,3331
3094,13423,3332
3095,8917,3333
3096,9433,3334
3097,9501,3335
3098,11559,3336
3099,9932,3337
3100,11282,3338
3101,7269,3339
3102,6068,3340
3103,11367,3341
3104,1505,3342
3105,1691,3343
3106,5849,3344
3107,1479,3346
3108,3259,3345
3109,7122,3347
3110,7745,3348
3111,1576,3349
3112,7414,3350
3113,10736,3351
3114,11385,3352
3117,12179,3355
3118,6727,3356
3119,3231,3357
3120,11382,3358
3121,9958,3359
3122,12126,3360
3123,11178,3361
3125,10534,3363
3126,6229,3364
3127,1514,3365
3128,1453,3366
3129,1345,3367
3130,6142,3369
3131,11315,3370
3132,8703,3371
3133,7988,3372
3135,11609,3375
3136,6446,3376
3137,7501,3377
3138,8514,3378
3139,10518,3379
3140,6799,3380
3142,10650,3382
3143,2931,3383
3144,3529,3384
3145,2952,3385
3146,8890,3386
3147,11756,3388
3148,10564,3389
3149,10629,3390
3150,6804,3391
3151,13422,3392
3152,9979,3393
3153,1562,3394
3154,9274,3395
3155,6063,3396
3156,6394,3397
3157,9307,3398
3158,11812,3400
3159,6395,3399
3161,7017,3402
3162,6719,3403
3163,11216,3410
3164,6917,3411
3165,11788,3412
3166,9375,3413
3167,13506,3414
3169,13420,2695
3170,9518,3417
3171,6927,3418
3172,10451,3419
3173,10433,3421
3174,1587,3422
3175,10406,3423
3176,7015,3424
3177,10397,3425
3178,9438,3426
3179,6931,3427
3180,8915,3428
3181,1327,3429
3182,8564,3430
3183,12130,3431
3184,12080,3432
3185,6597,3433
3186,13507,3440
3187,11005,3439
3188,11034,3438
3189,9102,3437
3190,7103,3436
3191,1680,3434
3192,6385,3457
3193,10631,3458
3194,9696,3459
3195,10730,3460
3196,6903,3461
3197,8733,3462
3198,7315,3463
3199,8649,3464
3200,6401,3465
3201,8733,3466
3203,7455,3469
3204,7296,3468
3205,4276,3470
3206,9294,3441
3207,7729,3471
3208,9163,3442
3209,8467,3443
3210,6378,3444
3211,9416,3445
3212,7460,3446
3213,1445,3448
3214,6138,3449
3215,10466,3450
3217,10465,3452
3218,6089,3453
3220,10768,3472
3221,8931,3447
3222,7126,3473
3223,2261,3474
3224,6436,3475
3225,6793,3476
3226,12366,3478
3227,8848,3477
3228,13508,3479
3229,6244,3480
3230,12392,3481
3231,1447,3482
3232,11596,3483
3233,7372,3485
3234,7367,3486
3235,7532,3487
3236,6736,3488
3237,13509,3489
3238,5793,3490
3239,6120,3491
3240,1427,3492
3241,9160,3493
3242,7119,3494
3243,11208,3495
3244,9989,3496
3245,10049,3497
3246,8691,3498
3247,12393,3500
3248,9494,3499
3249,8523,3502
3250,13510,584
3251,8719,3503
3253,6246,3506
3254,12245,3505
3255,7957,3507
3256,11871,3508
3257,7881,3509
3258,6113,3510
3259,7616,3511
3260,11936,3512
3261,9076,3513
3262,11924,3514
3263,10151,3515
3264,10773,3516
3265,8258,3517
3266,6893,3518
3267,8853,3519
3268,10839,3520
3269,13511,3521
3270,6388,3522
3271,6987,3523
3272,8500,3524
3273,8275,3525
3274,6149,3526
3275,8861,3527
3276,13512,3455
3277,3762,3528
3278,12194,3533
3279,9580,3541
3280,7690,3542
3281,10034,3543
3282,6220,3529
3283,7250,3530
3284,12093,3531
3285,6318,3532
3286,9284,3534
3287,1458,3535
3288,10325,3536
3289,9582,3537
3290,11558,3538
3291,5847,3539
3292,7441,3540
3293,6326,3544
3294,6201,3545
3296,7907,3547
3297,7018,3548
3298,6495,3549
3299,6570,3550
3300,6412,3551
3301,2304,3552
3302,1638,3553
3303,9509,3554
3304,11423,3555
3305,11754,3556
3306,7474,3557
3307,8667,3558
3308,9364,3559
3309,11368,3560
3310,6858,3561
3311,9515,3562
3312,7922,3563
3313,9130,3564
3314,9471,3565
3315,10632,3566
3317,1532,3567
3318,6906,3568
3319,7634,3569
3320,10085,3571
3321,7903,3570
3322,7927,3572
3323,11647,3573
3326,6396,3576
3327,12056,3577
3328,6039,3578
3329,8682,3579
3330,6785,3580
3331,6506,3581
3332,7217,3583
3333,6473,3584
3334,11191,3585
3335,9663,3586
3336,7594,3587
3337,2303,3588
3338,13514,3589
3339,9295,3590
3340,11913,3591
3341,11808,3592
3342,6169,3593
3343,11931,3594
3345,11161,3596
3346,1364,3597
3347,3197,3598
3348,6588,3599
3349,9327,3601
3350,8631,3602
3351,8635,3603
3352,11806,3604
3353,11025,3605
3354,11515,3606
3355,7960,3607
3357,12034,3609
3359,9373,3610
3360,12160,3612
3361,7810,3611
3362,6484,3613
3363,7633,3614
3364,3694,3623
3365,6216,3631
3366,1428,3630
3367,9773,3629
3368,9272,3628
3369,7883,3627
3370,7361,3625
3371,7232,3624
3372,11483,3622
3373,10312,3620
3374,9117,3619
3375,11908,3618
3376,10937,3617
3377,7911,3616
3379,6905,3632
3380,13515,3626
3381,6198,3633
3382,11339,3634
3383,10149,3635
3384,8675,3636
3385,7877,3637
3386,6133,3638
3387,9523,3639
3388,6236,3640
3389,11078,3641
3390,6911,3642
3391,10162,3643
3392,6835,3644
3393,10957,3645
3394,10042,3646
3395,9389,3648
3396,7270,3647
3397,7270,3649
3398,13516,3650
3399,9844,3651
3400,6197,3653
3402,6160,3654
3403,10725,3655
3404,9351,3656
3405,10070,3657
3406,12137,3658
3407,9496,3659
3408,9394,3660
3409,7123,3661
3410,5848,3662
3411,9329,3663
3412,10068,3664
3413,8646,3665
3414,12125,3666
3415,10867,3667
3417,6618,3668
3418,1689,3669
3419,6092,3670
3423,13517,3673
3424,13517,3672
3425,13517,3671
3426,6445,3674
3427,6243,3676
3428,6088,3677
3429,3199,3678
3430,7238,3679
3431,10117,3680
3432,6555,3681
3433,8639,3682
3434,6328,3683
3435,4281,3684
3436,11601,3685
3437,7028,3686
3438,8145,3687
3439,11194,3688
3440,6475,3689
3441,7817,3690
3442,8506,3691
3443,10705,3692
3444,7014,3693
3445,1305,3694
3447,7760,3697
3448,4285,3698
3449,9135,3699
3450,12264,3700
3451,6630,3701
3452,9779,3702
3453,8462,3703
3454,11984,3704
3455,9321,3705
3456,11897,3706
3457,7263,3707
3458,6774,3708
3459,10421,3709
3460,10166,3710
3461,6184,3711
3462,7812,3712
3463,6496,3713
3464,12119,3715
3465,12250,3716
3466,8940,3717
3467,9937,3718
3468,8539,3719
3469,11591,3721
3470,7526,3720
3471,7514,3723
3472,6263,3724
3473,6186,3725
3474,10622,3726
3475,10771,3727
3476,12186,3728
3477,7214,3729
3478,9191,3730
3479,9726,3731
3480,2545,3732
3481,7795,3733
3482,9444,3734
3483,11757,3735
3484,8982,3736
3485,8894,3737
3486,5809,3738
3487,6950,3739
3488,1627,3740
3489,1443,3741
3490,7241,3742
3491,7599,3743
3492,7086,3744
3493,11235,3745
3494,12159,3746
3495,9304,3747
3496,1522,3748
3497,4267,3749
3498,7417,3750
3499,7728,3751
3500,9851,3753
3501,8677,3754
3502,6998,3755
3503,6668,3756
3504,7954,3757
3506,9756,3759
3509,9903,3761
3510,7464,3763
3511,10657,3764
3512,10641,3765
3515,10222,3767
3521,13524,3714
3522,1058,3772
3523,10875,3773
3524,8511,3774
3525,1469,3775
3526,10475,3776
3527,9590,3778
3528,11126,3780
3529,1713,3777
3530,9687,3781
3531,10020,3782
3532,10742,3783
3533,7794,3784
3534,11825,3785
3535,8686,3786
3536,1610,3787
3537,10719,3807
3538,12148,3809
3539,8492,3810
3540,6599,3811
3541,1660,3812
3542,2546,3813
3543,8947,3814
3544,7692,3815
3546,11793,3788
3547,10505,3789
3548,9248,3790
3549,7117,3791
3550,7255,3792
3551,11430,3817
3552,9505,3793
3553,9545,3794
3554,10014,3795
3556,9116,3797
3557,13399,3798
3558,8495,3799
3559,7950,3800
3560,9980,3801
3561,7618,3802
3562,11880,3803
3563,7382,3804
3564,11452,3806
3565,8543,3808
3566,13525,3805
3568,11821,3818
3569,7081,3819
3570,12218,3820
3571,6424,3821
3572,6043,3822
3574,6043,3823
3575,10943,3824
3576,9055,3825
3577,11404,3826
3578,12037,3827
3580,6111,3830
3581,13526,481
3582,13521,3831
3583,8515,3832
3584,4422,3833
3585,4661,3834
3586,4280,3835
3587,11210,3836
3588,5491,3837
3589,10572,3838
3590,10553,3840
3591,10749,3841
3592,11327,3842
3593,6937,3843
3594,11745,3845
3595,11794,3846
3596,1374,3847
3597,7212,3848
3598,6404,3849
3599,9249,3850
3600,1677,3851
3601,11713,3852
3602,9755,3853
3603,7045,3854
3604,11681,3855
3605,7780,3856
3606,7985,3857
3607,6814,3858
3611,7207,3862
3613,6659,3864
3615,11881,3865
3616,12047,3873
3617,10299,3866
3618,6713,3874
3619,7557,3876
3621,7635,3878
3622,10252,3880
3623,1487,3881
3625,9178,3883
3626,7290,3884
3627,1697,3885
3628,12042,3886
3629,4249,3888
3630,9465,3889
3631,11545,3890
3632,9234,3891
3634,8681,3893
3635,8837,3894
3636,5772,3896
3637,10739,3897
3638,7868,3898
3640,6684,3900
3642,6329,3902
3643,7568,3903
3644,10681,3904
3645,6269,3905
3647,6094,3907
3648,8568,3911
3649,2005,3912
3651,1304,3913
3652,12177,3901
3653,6856,3915
3654,1963,3916
3655,1972,3917
3656,13527,3919
3659,12530,3923
3660,1417,3924
3661,5186,3925
3662,10757,3926
3663,5649,3928
3664,9475,3929
3665,13151,3930
3666,13153,3931
3667,9706,3932
3668,10568,3933
3669,9091,3934
3670,13528,3927
3671,1577,3935
3672,9697,3936
3673,5130,3937
3674,6834,3938
3675,7254,3939
3676,1400,3940
3677,11215,3941
3678,13530,3942
3679,8670,3944
3680,7197,3945
3681,11328,3946
3682,13050,3947
3683,13058,3948
3684,13062,3949
3685,13070,3950
3686,7189,3951
3688,12614,3953
3689,9994,3954
3690,9276,3955
3692,5198,3957
3694,9485,3959
3695,8674,3960
3696,5039,3963
3697,9756,3964
3698,13409,3965
3699,5622,3967
3700,13301,3969
3702,13531,3966
3703,7807,3972
3704,6836,3973
3705,7022,3974
3706,1624,3975
3707,6670,3976
3708,9738,3977
3709,6141,3978
3711,9472,3980
3712,6238,3981
3713,11735,3982
3714,10317,3983
3716,8753,3986
3717,7701,3987
3718,4026,3988
3719,4030,3989
3720,4521,3990
3721,9473,3991
3722,9095,3992
3723,4539,3993
3724,13532,3985
3725,4802,4000
3726,7694,4001
3727,9349,4002
3728,10318,4003
3729,13533,4004
3730,2216,4005
3731,13034,4007
3732,12711,4008
3733,12712,4009
3734,12713,4010
3735,9139,4011
3736,12727,4012
3737,12731,4013
3738,11395,4015
3739,13534,4016
3740,5220,3999
3741,11101,3998
3742,9487,3997
3743,2100,3996
3745,5267,4017
3747,9261,4020
3748,5690,4021
3749,5694,4022
3750,9660,4023
3751,10494,4024
3752,7738,4025
3753,13536,4026
3754,9410,4027
3755,4094,4029
3756,12474,4030
3757,7879,4032
3758,10148,4035
3759,13537,4036
3761,8793,4044
3762,12156,4038
3763,9165,4039
3764,7030,4040
3765,9429,4041
3766,9899,2074
3767,7071,4043
3768,11465,4045
3769,5398,4046
3770,1393,4047
3771,4697,4048
3772,4710,4049
3773,8991,4050
3774,13538,4051
3775,8477,4052
3776,2186,4053
3777,1404,4054
3778,2189,4055
3779,9464,4057
3780,12532,4058
3781,12820,4059
3782,9299,4060
3783,12181,4061
3784,10788,4062
3785,9516,4064
3787,1472,4067
3788,12675,4068
3789,13008,4069
3790,4861,4070
3791,8852,4071
3794,9554,4074
3795,10913,4075
3796,1416,4076
3797,8971,4077
3798,1405,4078
3800,13540,4063
3801,13541,4066
3802,9933,4080
3803,9631,4081
3804,9732,4082
3806,11882,4085
3807,13542,4079
3808,13543,4084
3809,4919,4086
3810,10459,4087
3811,10243,4088
3812,11737,4089
3813,8604,4090
3814,12429,4091
3815,9636,4092
3816,11220,4093
3817,10529,4094
3818,5480,4095
3819,1846,4096
3820,12877,4097
3821,1758,4099
3822,4266,4100
3823,9950,4101
3824,1406,4103
3825,9463,4104
3826,4590,4105
3827,4597,4106
3828,8473,4107
3829,5447,4108
3830,5502,4110
3831,7548,4111
3832,4244,1091
3833,4245,1091
3834,7774,4113
3835,3967,4114
3836,5413,4115
3837,13426,1212
3838,12956,4117
3839,1420,4118
3840,9469,4119
3841,9909,4120
3842,1761,4121
3843,12447,4122
3844,8888,4123
3845,12419,4124
3846,10244,4125
3847,7059,4126
3857,13045,4136
3858,9895,1912
3859,11819,4137
3860,9585,4138
3861,3946,4139
3862,10628,4140
3863,5522,4141
3864,7703,4142
3865,6855,4143
3866,1475,4144
3867,4255,4145
3868,4258,4146
3869,9480,4147
3870,10366,4148
3871,13545,4148
3872,1128,4148
3873,10901,4149
3874,1396,4150
3875,13546,4151
3876,1409,4152
3877,4265,4153
3878,5011,4154
3879,2025,4155
3880,5017,4156
3881,8723,4157
3882,12651,4158
3883,10322,4159
3884,9925,4160
3885,13548,4161
3886,10305,3796
3887,984,4162
3888,9659,4163
3889,11599,4164
3890,10461,4165
3891,13549,4166
3892,12465,4167
3893,4934,4168
3894,9936,4169
3895,7659,4170
3896,7007,4171
3897,9974,4172
3899,6910,4174
3900,7662,4175
3901,7024,4176
3902,7759,4177
3903,1668,4178
3904,5657,462
3905,9709,4181
3906,12588,4182
3907,12974,4183
3908,12604,4184
3909,6174,4185
3910,9769,4186
3911,9842,4187
3912,4819,4188
3913,12982,4189
3914,4957,4190
3915,8952,4191
3916,6447,4192
3918,9939,4194
3919,13439,4195
3920,5780,4197
3921,9940,4198
3922,13135,4199
3924,11386,4202
3925,1397,4203
3926,9669,4204
3927,12499,4205
3929,4002,4206
3930,8578,4208
3931,9700,4209
3932,3654,4210
3933,3655,4211
3934,3661,4212
3935,1418,4214
3936,1421,4215
3937,3488,4216
3938,12710,4217
3939,3140,4218
3940,3142,4219
3942,3146,4220
3943,6877,4221
3944,6877,4222
3945,6877,4223
3946,6877,4224
3947,6877,4225
3948,6877,4226
3949,11619,4227
3950,13552,4228
3951,13553,4229
3952,9422,4230
3953,4199,4231
3954,4126,4238
3955,3499,4236
3956,9668,4239
3957,2326,4234
3958,10224,4233
3959,13554,4232
3960,13338,1300
3961,6000,4240
3962,3457,4241
3963,8131,4242
3964,2444,4243
3965,9760,4244
3966,6165,4245
3967,1695,4246
3968,6660,4247
3969,13555,4248
3970,8475,4249
3971,8307,4250
3972,8309,4251
3973,1419,4252
3974,2796,4253
3975,2800,4254
3976,9477,4255
3977,9354,4256
3979,11354,4259
3980,13556,4258
3981,13557,509
3982,13557,3415
3984,13559,4261
3985,6010,4263
3986,4189,4264
3987,7860,4265
3988,2884,4266
3989,2888,4267
3990,11353,4268
3991,13557,4269
3992,13560,4262
3993,11316,4270
3994,2356,4271
3995,13561,4272
3996,2712,4273
3997,9231,4275
3998,5961,4276
3999,2969,4277
4000,9237,4278
4001,2978,4279
4002,8565,4280
4003,3409,4281
4004,13562,4274
4005,10056,4282
4006,4615,4283
4009,3296,4285
4011,11196,4286
4012,2891,4287
4013,13563,4288
4014,9195,4289
4015,3368,4290
4016,13396,4292
4017,10298,4293
4018,3825,4294
4019,3417,4295
4020,9372,4296
4022,9084,4297
4023,1401,4298
4024,8100,4300
4025,9482,4301
4026,9690,4302
4027,10235,4303
4028,8694,4304
4029,8489,4305
4030,8489,4306
4031,4515,4307
4032,3028,2970
4033,11359,4315
4034,11894,4308
4035,9483,4309
4036,11141,4310
4037,11397,4311
4038,9667,4312
4039,13436,4316
4040,9474,4318
4041,13565,4319
4042,8165,4320
4043,11782,4321
4044,9672,4322
4045,3316,4323
4046,3431,4324
4047,3475,4325
4048,8767,4326
4049,13034,596
4050,3970,4328
4051,13575,4330
4052,13576,4331
4053,13413,4329
4054,13577,4333
4055,10611,4335
4056,984,509
4057,9698,4337
4058,9012,4338
4059,4362,4339
4060,8839,4340
4061,12374,4341
4062,9235,4342
4063,13596,4343
4064,3003,4344
4066,3000,4346
4067,2747,4350
4068,6875,4351
4069,6389,4354
4070,2841,4355
4071,9489,4357
4072,11143,4358
4073,11167,4359
4074,13597,4360
4075,13598,4356
4076,13599,4353
4077,11121,4349
4078,11198,4347
4079,13610,4348
4081,4984,4363
4082,13627,4365
4083,10617,4366
4084,10163,4367
4085,13638,4368
4086,11351,4369
4087,2857,4370
4088,5899,4371
4089,1423,4372
4090,2867,4373
4091,8841,4374
4092,8842,4375
4093,2863,4376
4094,9673,4385
4095,10680,4384
4096,9461,4382
4097,11655,4381
4098,6687,4380
4099,5917,4379
4100,12078,4378
4101,5915,4377
4102,11514,4377
4103,1425,4386
4104,9658,4387
4105,10817,4388
4106,3185,4389
4107,13660,4391
4108,13661,4392
4109,13662,4393
4110,10066,2476
4111,9476,3652
4112,10579,4396
4113,3890,4397
4114,7581,4399
4115,1403,4400
4116,8137,4401
4117,9907,4402
4118,2323,4404
4119,7873,4403
4120,3756,4405
4121,11604,4406
4122,8071,4407
4123,8050,4408
4124,1464,4409
4125,8371,4410
4126,8376,4411
4127,8250,4412
4128,9459,4413
4129,4202,4414
4130,8488,4415
4131,4223,4417
4132,13823,4416
4133,9675,4418
4135,9924,4420
4136,6679,4421
4137,9387,4422
4138,9391,4423
4139,8499,4424
4140,10791,4426
4141,9927,4428
4142,9607,4429
4143,13828,4427
4144,11084,4434
4145,11771,4433
4146,9661,4432
4147,9458,4431
4148,3824,4430
4149,1372,4435
4150,11739,4436
4151,9218,4437
4152,10915,4438
4153,11489,4439
4154,9849,4440
4155,1589,4441
4156,10071,4442
4157,9928,4443
4158,6413,4444
4159,11805,4445
4160,9538,4446
4161,1379,4447
4162,9404,4449
4163,9862,4450
4164,9867,4451
4165,10302,4452
4166,11236,4453
4167,2017,4455
4168,10557,4456
4169,7552,4458
4171,3237,4466
4172,7765,4465
4173,5964,4464
4174,2316,4463
4175,7023,4462
4176,8524,4461
4177,8881,4469
4178,13843,4473
4179,13844,4317
4181,13846,4470
4182,11823,4474
4184,13850,4425
4185,5935,4477
4186,6372,4478
4187,11977,4479
4188,7363,4494
4189,10295,4493
4190,6418,4492
4191,10491,4491
4192,1335,4490
4193,9208,4488
4194,11392,4487
4195,1499,4486
4196,13435,4485
4197,11899,4484
4198,10754,4483
4199,7614,4482
4200,8448,4481
4201,6200,4480
4202,8860,4496
4203,7199,4497
4204,7756,4498
4205,13434,4499
4206,6832,4500
4208,9070,4502
4209,7640,4503
4211,1582,4505
4212,6563,4506
4213,1028,4507
4214,10744,4511
4215,10315,4510
4216,7724,4509
4217,10002,4508
4218,11248,4512
4219,5066,4517
4221,4461,4515
4222,3522,4514
4223,9491,4518
4224,9270,4519
4225,5443,450
4226,11030,4522
4227,10770,4523
4228,10346,4524
4229,11557,4525
4230,11836,4526
4231,11843,4529
4232,11838,4528
4233,11837,4527
4236,11844,4541
4237,11846,4540
4238,11850,4539
4239,11852,4538
4240,11853,4537
4241,11854,4536
4242,11987,4535
4243,11988,4534
4244,11989,4533
4245,11991,4532
4246,10211,4542
4247,11039,4543
4248,12016,4552
4249,12011,4551
4251,12006,4549
4252,11999,4548
4253,11997,4547
4254,11995,4546
4255,11994,4545
4258,1173,4553
4259,12023,4557
4260,12022,4556
4261,12018,4555
4262,12017,4554
4265,12590,4562
4266,12936,4564
4267,13397,4565
4268,13522,4567
4269,13566,4568
4270,13567,4569
4272,13570,4571
4273,13571,4572
4274,13574,4573
4275,13578,4574
4276,13586,4575
4277,13587,4576
4278,13588,4577
4279,13589,4578
4280,13579,1228
4281,13590,4579
4282,13592,4580
4283,13594,4581
4284,13601,4582
4285,13604,4583
4286,13605,4584
4287,13606,4585
4288,13607,4586
4289,13619,4590
4290,13616,4587
4291,13615,4588
4292,13608,4589
4293,13612,4591
4294,13611,4592
4295,13644,4593
4296,13643,4594
4297,13636,4595
4298,13635,4596
4299,13634,4597
4300,13633,4598
4301,13631,4599
4303,13981,4601
4304,10763,4602
4305,13647,4603
4306,13648,4604
4307,13649,4605
4308,13650,4606
4309,13652,4607
4310,13657,4608
4311,13659,4609
4312,13663,4610
4313,13664,4611
4314,13665,4612
4315,5744,4613
4316,13682,4614
4317,13681,4615
4318,13670,4616
4319,13669,4617
4320,13667,4618
4321,13666,4619
4323,13983,583
4325,2274,4260
4326,13683,4620
4327,13700,4621
4328,13701,4622
4329,13704,4623
4330,13707,4624
4331,13708,4625
4332,13710,4626
4333,13712,4627
4334,13713,4628
4335,13714,4629
4336,13720,1725
4338,13724,4631
4339,13729,4632
4340,13731,4633
4341,2157,4634
4342,13733,4635
4343,13735,4645
4344,13736,4637
4345,13740,4638
4346,13748,4639
4347,13749,4640
4348,13750,4641
4349,13752,4642
4350,13753,4643
4351,13755,4644
4352,9952,4646
4353,8573,4653
4354,4970,4655
4355,13761,4652
4356,13766,4651
4357,13767,4650
4358,13768,4649
4359,13771,4648
4360,13772,4647
4361,3273,4656
4362,8772,4657
4363,5032,4658
4364,13785,4659
4365,13784,4660
4366,13783,4661
4367,13779,4662
4368,13778,4663
4369,13777,4664
4370,13774,4665
4371,13797,4666
4372,13794,4667
4373,13793,4668
4374,13792,4669
4376,13788,4671
4377,13787,4672
4378,13786,4673
4379,1075,448
4380,13800,4683
4381,13801,4682
4382,13802,4681
4383,13804,4680
4384,13805,4679
4385,13806,4678
4386,13807,4677
4388,13810,4675
4389,13812,4674
4390,13822,4684
4391,13821,4685
4392,13820,4686
4393,13818,4687
4394,13817,4688
4395,13816,4689
4396,13814,4690
4397,13813,4691
4398,13827,4699
4399,13829,4698
4400,13831,4697
4401,13832,4696
4402,13834,4695
4403,13835,4694
4404,13839,4692
4405,13848,4708
4406,13853,4707
4407,13855,4706
4408,13857,4705
4409,13859,4704
4410,13860,4703
4411,13861,4702
4412,13879,4701
4413,13881,4713
4414,13888,4712
4415,13891,4711
4416,13897,4710
4417,13912,4709
4418,11842,4714
4419,13994,4720
4420,13995,4721
4421,11996,639
4422,12019,4723
4423,13996,4724
4424,13997,4725
4425,13998,4726
4426,13999,4727
4427,14000,4728
4429,14006,4730
4430,14007,4731
4431,14008,1990
4432,14009,4733
4433,14010,4734
4434,14011,4735
4435,14012,4736
4438,13759,4742
4439,13928,4741
4440,13918,4743
4442,5368,4745
4443,7342,4746
4444,7337,4748
4445,6815,4749
4446,7341,4750
4447,7340,4751
4448,13868,4752
4450,13864,4757
4451,14098,4758
4452,4368,3758
4453,3837,4759
4455,1575,4760
4456,12474,4761
4457,14225,4762
4458,1131,565
4459,14333,4763
4460,14235,1477
4461,11105,4764
4462,14646,4765
4463,999,467
4464,9850,4766
4465,14678,460
4466,7176,4767
4467,14146,4768
4468,13914,4754
4471,11728,4770
4472,6919,4771
4473,10918,4772
4474,13989,4773
4475,9676,4774
4476,2522,4775
4477,14042,4776
4478,9642,2954
4479,9113,4778
4480,6691,3863
4481,14139,4779
4482,14002,4780
4483,5183,4782
4484,6520,4783
4485,14013,4784
4486,10550,4785
4487,14005,4786
4488,1958,4787
4489,13966,4788
4490,13935,4789
4491,4839,4790
4492,13916,4791
4493,13917,4792
4494,4825,4793
4495,14023,4794
4496,13952,4795
4497,9789,4797
4498,13089,4798
4499,5058,4799
4500,1941,4800
4501,2417,4801
4502,3277,4802
4503,1024,4512
4504,12021,4803
4505,14447,4718
4506,14421,4806
4507,14420,4807
4508,11349,4808
4509,14367,4809
4510,13583,4810
4511,14202,4811
4512,14275,4812
4513,14318,4813
4514,14227,4814
4515,14219,4815
4516,14201,4816
4517,14213,4817
4518,4720,4818
4519,9371,4819
4520,12353,4820
4521,6700,4821
4522,13352,1287
4523,13991,1898
4524,13986,4823
4525,13985,4824
4526,14003,4825
4527,5045,4826
4528,13923,4827
4529,13923,4828
4530,13930,4829
4531,13938,3297
4532,13909,4831
4533,12252,4796
4534,14090,4832
4535,14122,4833
4536,14057,4834
4537,14057,4835
4539,14119,4837
4540,14192,4838
4541,12243,4839
4545,12164,3285
4546,12164,4521
4547,12164,4840
4548,13982,4841
4549,13982,484
4550,13982,564
4551,6798,4843
4552,6798,4842
4553,6798,4844
4554,13972,4845
4555,13081,4846
4556,14508,4847
4558,14460,4849
4559,14916,4850
4560,14605,4851
4561,14627,4852
4562,7156,4853
4563,14711,4854
4564,14716,4855
4565,14718,4856
4566,14862,4857
4567,6691,4858
4568,14951,4859
4570,14962,2756
4571,13702,568
4572,4571,4862
4573,14971,3888
4574,5724,4448
4575,13658,4864
4576,13658,2228
4577,7650,4865
4578,15002,4866
4579,1439,4868
4580,15002,4867
4581,15002,4869
4582,14939,4870
4583,10820,4871
4584,15022,3888
4585,1041,492
4586,14885,4872
4587,14236,4737
4588,15066,4873
4589,15082,4874
4590,15092,4875
4592,1088,515
4593,14282,4876
4594,15126,4877
4595,15139,471
4596,15139,469
4597,1075,572
4598,14659,4878
4599,14965,4879
4600,15168,4880
4601,9639,4881
4602,15137,4883
4604,15162,4885
4605,15068,4886
4606,10828,4887
4607,14698,4888
4608,9149,570
4609,9149,4889
4610,9149,4892
4611,15171,474
4612,15160,4894
4613,15014,4895
4614,13602,4896
4615,15150,4897
4616,15133,4899
4617,15153,4900
4618,15143,4901
4620,13517,4903
4621,15135,4904
4622,14756,4905
4623,15134,4906
4624,15128,4907
4625,14915,4908
4626,15131,4909
4627,14159,4910
4628,7793,4911
4629,15123,4912
4630,14985,4913
4632,15112,1890
4633,13677,4915
4634,15109,4916
4635,15108,4917
4636,14828,4919
4638,15096,4921
4639,15095,4922
4640,15086,4924
4641,5719,4925
4642,2354,4926
4643,15070,4928
4644,15063,4930
4645,15064,4932
4646,13315,4933
4647,15057,4934
4648,15056,4939
4649,15016,4940
4650,11577,4941
4651,11577,4942
4652,11577,4943
4653,11577,4944
4654,11577,4945
4655,14981,4946
4656,15021,4947
4657,15007,4948
4658,15009,4949
4659,15015,4950
4660,13803,4951
4661,14979,4952
4662,15006,4955
4663,15006,4954
4664,15006,4953
4665,15005,4956
4666,15013,4957
4667,1605,4958
4668,15008,4960
4669,14212,4961
4670,15004,4962
4671,14859,4963
4672,14859,3924
4673,14859,4965
4674,14859,4966
4675,15001,4967
4676,14998,4968
4678,14992,4969
4679,14817,4970
4680,14983,4973
4681,14968,4974
4682,14964,4975
4683,14961,4976
4684,14956,4977
4685,14946,4979
4686,14952,4980
4687,14950,4981
4688,14937,4983
4689,14679,4984
4690,14938,4986
4691,14919,4987
4692,14033,4989
4693,14871,4990
4694,14854,4991
4695,14863,4992
4696,14793,4994
4697,10038,4090
4698,14827,4995
4699,14842,4996
4700,14825,4997
4701,14778,4998
4702,4144,4999
4703,14664,5001
4704,14700,5002
4705,14661,5003
4706,14652,5004
4707,8699,2957
4708,6826,5005
4709,6826,5006
4710,6826,5007
4711,14625,4128
4712,14625,5009
4713,14625,5010
4714,14625,5011
4715,14625,2404
4716,14625,5013
4717,2357,5014
4718,13827,5015
4719,14485,5016
4720,6854,5017
4721,14486,5018
4722,14688,5019
4723,15140,3336
4724,15140,5023
4725,10503,5024
4726,2984,5025
4727,12756,5026
4728,13311,5028
4729,4248,5029
4730,5725,5030
4731,2856,5031
4732,9392,5032
4733,4200,5033
4734,4750,5034
4735,12502,5035
4737,3191,5038
4738,12546,5039
4739,11472,5040
4740,10887,5041
4741,10887,5042
4742,4822,5043
4743,10097,5044
4744,13393,5045
4745,4561,5046
4746,1947,5047
4747,4479,483
4748,15105,5048
4749,9420,5049
4750,8288,5050
4751,8028,5053
4752,12933,5054
4753,8749,5055
4754,8387,5056
4755,1793,5057
4756,3934,5059
4757,12507,5060
4758,4575,5061
4759,2333,5062
4761,8141,5064
4764,3329,5066
4765,13446,5067
4766,13448,5068
4767,12446,5069
4768,13450,5071
4769,4729,5072
4770,3407,5073
4771,13449,5074
4772,13451,5075
4773,1897,5076
4774,2231,5077
4775,15320,5079
4776,14941,5080
4777,1034,5083
4778,15300,5084
4779,15188,5085
4780,12779,5086
4781,15172,5088
4782,12446,5087
4783,15178,5089
4784,4300,5090
4785,5735,5091
4786,14955,5094
4787,13442,5095
4788,13444,5096
4789,12856,5097
4790,13390,5099
4791,15169,5101
4792,9857,5100
4793,15190,5102
4794,15185,5103
4795,3049,5105
4796,15165,5106
4797,2832,5107
4798,7332,5108
4799,4251,5109
4802,15530,5111
4803,5004,5112
4804,5124,5113
4805,15532,5114
4806,13392,5115
4808,5519,5117
4809,9905,5119
4810,15187,5081
4811,3728,5120
4812,5925,5121
4813,13992,5122
4815,13016,5124
4816,5518,5125
4817,15427,5127
4818,13234,5128
4819,4549,5129
4820,5029,5130
4821,6040,5131
4822,1894,5132
4823,4569,5133
4824,5642,5134
4825,15509,5135
4826,1919,5136
4827,15513,5137
4828,5018,5138
4829,13054,5139
4830,5624,5140
4831,4634,5141
4832,4644,5142
4833,4532,5143
4834,13290,5144
4835,4722,5145
4836,2098,5146
4837,2106,5147
4838,12662,5148
4839,4086,5149
4840,4589,5150
4841,2138,5151
4842,3956,5152
4843,5259,5153
4844,8776,5154
4845,5651,5155
4846,5681,5156
4847,5686,5157
4848,2163,847
4849,5391,5159
4850,5399,5160
4851,4779,5161
4852,13308,5162
4853,4690,5163
4854,5536,5164
4855,5538,5165
4856,13318,5166
4857,5237,5167
4858,5240,5168
4859,2238,5169
4860,2247,5170
4861,5331,5172
4862,15519,5174
4863,5337,5173
4864,13244,5175
4865,13263,5176
4866,13269,5177
4867,13628,509
4868,13628,3415
4869,13628,4269
4870,15205,5179
4871,12421,5178
4872,1764,5180
4873,5153,5181
4874,9635,5182
4875,1838,5183
4876,12890,5184
4877,1948,5185
4878,1876,5186
4879,9858,5188
4880,5190,5189
4881,12459,5190
4882,13215,5191
4883,12489,5192
4884,12600,5193
4885,1859,5195
4886,1865,5196
4887,12423,5197
4888,5781,5198
4889,3997,5199
4890,2940,5200
4892,4122,5203
4893,3834,5204
4895,8112,5206
4896,8130,5207
4897,2252,5208
4898,2457,5209
4899,7684,5210
4900,3754,5211
4901,4506,5212
4902,3375,5213
4903,3376,5214
4904,5754,5215
4905,3293,5216
4907,3449,5217
4908,10369,5220
4909,8170,5221
4910,4384,5223
4911,2649,5224
4912,3174,5225
4913,3133,5226
4914,2739,5227
4915,4302,5228
4916,5927,5230
4917,8731,5231
4918,8199,5232
4919,8373,5233
4920,2572,5234
4921,4431,5235
4922,4434,5236
4923,8734,5237
4924,2505,5238
4925,2506,5239
4926,4360,5240
4927,2728,5241
4928,3624,5242
4929,2864,5243
4930,2866,5244
4931,2947,5246
4932,3071,5247
4933,3511,5248
4934,3518,5249
4935,3521,5250
4936,3272,5251
4937,3700,5252
4938,5939,5253
4939,10837,5254
4940,4220,5255
4941,2257,5256
4942,10281,5257
4943,14151,1563
4944,14508,4963
4945,9396,5259
4946,10996,5261
4947,10136,5262
4948,10328,5263
4949,11669,5264
4950,11036,5265
4951,15184,5266
4952,15551,5267
4953,4853,5268
4954,15576,5269
4955,15570,5270
4956,15617,5271
4957,15113,5272
4958,15531,5273
4959,15521,5274
4960,15540,5275
4961,15618,5276
4962,15660,5277
4963,6897,5278
4964,9307,5279
4965,15630,5279
4966,15535,5283
4967,15652,5286
4968,15587,5287
4969,15634,5288
4970,15584,5289
4971,4948,5290
4972,15555,5291
4973,15654,5292
4974,15672,5293
4975,10091,5294
4976,15173,5295
4977,15597,5297
4978,15657,5298
4979,15659,5299
4980,9718,564
4981,15528,5300
4983,14151,5301
4985,15538,3285
4986,15538,4892
4987,15538,5302
4991,14934,5305
4992,14934,3655
4993,15547,5309
4994,14773,5310
4995,1739,5311
4996,15557,5312
4997,15546,5315
4998,7346,5316
5000,14430,3859
5001,15380,3860
5002,1126,3859
5003,8937,566
5004,8937,567
5005,14861,5317
5006,13159,5318
5007,1083,448
5008,15093,5320
5009,15098,5321
5010,14282,499
5012,15712,498
5013,15549,5323
5014,14911,5324
5015,15527,5325
5016,994,496
5017,995,496
5018,1002,496
5020,15598,5326
5021,9000,5327
5022,3212,5328
5023,2353,5329
5024,4260,5330
5025,8330,5331
5026,2283,5332
5028,15102,5334
5030,10997,5337
5032,12698,5339
5033,12698,5340
5034,9166,5335
5035,13008,5341
5036,8091,5342
5037,3087,5343
5038,15727,5343
5040,2142,5345
5041,8150,5346
5042,12743,5347
5044,13875,5349
5045,15689,5350
5046,6440,5351
5047,2179,5352
5048,4805,5353
5050,3620,5355
5051,13655,5356
5052,3669,5357
5053,11071,5358
5055,8111,5360
5056,13819,5361
5057,14120,5362
5058,3545,517
5059,9617,5363
5060,15751,517
5061,15748,5364
5062,1041,460
5063,4974,5365
5064,15761,5367
5065,4734,5366
5068,15763,495
5069,1341,5368
5070,5794,5369
5071,15669,5370
5072,10797,1645
5073,10324,5371
5074,15585,5372
5075,15076,5374
5076,15795,478
5077,13841,3859
5078,15633,5375
5079,15726,5376
5080,3911,5377
5082,15667,5379
5083,15593,5380
5084,15836,5378
5085,15624,5381
5086,15842,5382
5087,15664,5383
5088,15213,5384
5089,15722,5386
5090,15724,5387
5091,15710,5388
5092,15687,5385
5093,15470,5389
5098,15650,5392
5099,12368,5393
5100,15696,5394
5101,15697,5395
5102,15846,1297
5103,15846,5396
5104,15680,5397
5105,1915,5398
5106,4855,5399
5107,15622,5400
5108,15678,5401
5109,15719,5402
5110,15704,5403
5111,15725,5404
5112,15683,5405
5113,15857,465
5114,15730,5406
5115,15699,5407
5116,15715,5408
5117,15749,5409
5118,15749,5410
5119,15746,5411
5120,10447,5412
5121,9413,5413
5122,15760,5414
5123,15779,5415
5124,6774,5416
5125,15755,5417
5126,15759,5418
5127,15801,5419
5128,15804,5420
5129,15728,5421
5130,15810,5422
5131,15739,5423
5132,13733,474
5133,13733,484
5134,13733,4841
5135,13733,566
5136,13733,564
5137,13733,5424
5138,15845,5425
5139,1015,5426
5140,15880,449
5141,15822,5427
5142,15806,5428
5143,14953,5429
5144,15780,5430
5145,13733,510
5146,13733,5431
5147,15832,5432
5148,14914,485
5149,15886,485
5150,15887,485
5151,15888,5433
5152,15882,5434
5153,15882,5435
5154,15863,5436
5155,14844,5437
5156,15890,5438
5157,15894,5439
5158,15892,5440
5159,5256,5441
5160,5256,5442
5161,5564,5444
5162,15831,5445
5163,15828,5446
5164,15885,5447
5165,1171,1146
5166,1062,1146
5167,15119,5448
5168,15833,5449
5169,7035,5450
5170,15803,5451
5171,15756,5452
5172,15825,5453
5173,15744,5454
5174,15872,5458
5175,15872,2554
5176,15872,5457
5177,15872,5456
5178,15732,5463
5179,1171,5464
5180,5891,5465
5181,15903,5466
5182,15877,5467
5183,14678,5468
5184,15902,5469
5185,15835,5470
5186,15913,5471
5187,15904,5472
5188,15898,5473
5189,15868,5474
5190,15899,5475
5197,15919,5483
5198,15194,5484
5199,15900,5485
5200,13979,5486
5201,15363,5488
5202,5007,5489
5203,7999,5491
5204,7999,5493
5205,7999,5492
5206,15812,5494
5207,15751,5431
5208,15823,5497
5209,15775,5498
5210,15861,5499
5211,15917,5500
5212,15908,5501
5213,15931,5502
5214,15911,5503
5215,15912,5505
5216,15837,5506
5217,15858,5507
5218,15932,5509
5219,15906,5510
5220,12998,5511
5221,5380,5512
5222,4069,5513
5223,6852,5514
5224,9473,5516
5225,15177,5517
5226,1742,5518
5227,2600,5519
5228,2466,5520
5229,4007,5521
5230,4159,5522
5231,4876,5523
5232,4648,5524
5233,13194,5525
5234,5558,5527
5235,8557,5528
5236,6490,5529
5237,11305,5530
5238,13005,5531
5239,15176,5532
5240,2067,5533
5241,5677,5534
5242,10041,692
5243,10041,5534
5244,15938,5535
5245,8009,5537
5246,15422,5538
5247,3119,5539
5248,15837,4246
5249,15837,5540
5250,15945,5542
5251,15946,5543
5252,15947,5544
5253,15948,5545
5254,15949,5546
5255,15444,5517
5256,4048,5547
5257,15446,5548
5258,15459,5549
5259,15952,572
5260,15950,5550
5261,15141,5551
5262,13131,5552
5263,15416,5553
5264,15956,477
5265,15959,5554
5267,5201,5555
5268,15943,5556
5269,1052,2409
5270,2036,5557
5271,15837,2014
5272,15958,5558
5273,15957,5559
5274,15944,5560
5275,15970,5561
5276,15936,5562
5277,15969,5563
5278,13854,5564
5279,15965,5565
5280,15960,5566
5281,15976,5567
5282,15934,5568
5283,15973,5569
5284,15975,5570
5285,4923,5571
5286,15438,5572
5287,15977,5573
5288,15963,5574
5289,15966,5575
5290,2220,5576
5291,15457,5577
5293,15984,481
5294,15964,5579
5295,9015,5580
5296,15985,5582
5297,1052,477
5298,6087,5583
5299,1478,2408
5300,1478,477
5301,1001,2408
5302,10129,5584
5303,1174,951
5304,15921,5585
5306,15996,5586
5307,15978,5587
5308,15997,5588
5309,15995,5589
5310,15983,5590
5311,15994,5591
5312,15993,5592
5313,3579,5594
5314,11978,5595
5315,16004,542
5316,16003,5596
5317,16000,5597
5318,15493,5598
5319,8291,5599
5320,5982,5600
5321,12831,5601
5322,4318,5602
5323,5345,5603
5324,12473,5604
5325,3713,5605
5326,4176,5606
5343,12558,5629
5344,8279,5630
5345,4609,5631
5346,12937,5632
5347,12937,5633
5348,12937,5634
5349,12937,5635
5350,12937,5636
5351,3598,5637
5352,12936,5642
5353,12936,5647
5354,12936,5648
5355,12936,5646
5356,12936,5645
5357,12936,5640
5358,12936,5638
5359,12936,5641
5360,12936,5649
5361,4512,5650
5362,4820,5651
5363,8101,5652
5364,4780,5653
5365,16009,5654
5366,14671,5655
5367,16022,5656
5368,996,5657
5369,15915,5658
5370,7387,5660
5371,16053,5661
5374,16055,5667
5375,4368,5669
5376,5386,5670
5377,16024,5671
5378,16064,5672
5379,15816,5673
5380,16026,5674
5381,15713,5675
5382,4395,5676
5384,8890,5679
5385,8890,3864
5386,1052,476
5387,5065,5680
5388,2907,3986
5389,8197,5682
5393,3284,490
5394,3247,490
5395,1001,490
5396,16077,5683
5397,16077,3459
5398,5943,5684
5399,16078,5685
5400,16079,5686
5401,16081,5687
5402,10999,5688
5403,16082,5689
5404,16083,5690
5405,16084,5691
5406,16085,5692
5407,16086,5693
5408,16087,5694
5409,16103,5695
5410,16104,5696
5411,16105,5697
5412,16106,5698
5413,16107,5699
5414,16108,5700
5415,16109,5701
5416,16094,5702
5417,16110,5703
5418,16112,5705
5419,16114,5706
5420,16115,5707
5421,16116,5708
5422,16117,5709
5423,16118,5710
5424,16123,460
5425,16130,5711
5426,16131,5712
5427,16132,5713
5428,1034,5714
5429,16134,5715
5430,16135,5716
5432,10302,3816
5433,10427,3816
5434,16136,5718
5435,16138,5719
5436,16139,5720
5437,16140,5721
5438,16145,5722
5439,16146,5723
5440,16148,5724
5441,16149,5725
5442,16150,5726
5443,16151,5727
5444,16151,5729
5445,16151,5728
5446,16152,5730
5447,16153,5731
5448,16154,5732
5449,16155,5733
5450,16159,5290
5451,16160,5735
5452,16161,5736
5453,16163,5737
5454,16168,5738
5455,16169,5739
5456,16170,5740
5457,16172,5741
5458,16174,5742
5459,16175,5743
5460,16176,5744
5461,16178,5745
5462,16181,5746
5463,16182,5747
5465,16186,5749
5466,16187,5750
5467,16188,5751
5468,16190,5752
5469,16191,5753
5470,16192,5754
5471,16193,5755
5472,16194,5756
5473,16195,5758
5474,16196,483
5475,1134,5759
5476,15956,443
5477,16198,5760
5478,2376,5115
5480,2692,5763
5481,2813,5764
5482,2847,5765
5483,3029,5766
5484,3410,5767
5485,3524,5768
5486,3524,5431
5487,3664,5769
5488,4049,5771
5489,4079,5772
5490,12855,2010
5491,8876,5773
5492,4142,5774
5493,4380,5775
5495,11532,5777
5496,5193,5778
5498,5542,5779
5499,7099,5780
5500,8053,5781
5501,8083,5782
5502,8105,5783
5503,8181,5784
5504,16225,460
5505,8607,5785
5506,9216,5787
5507,9532,5788
5508,10081,5789
5509,9412,2495
5510,16228,5791
5511,10436,5794
5512,10436,5795
5513,10436,5796
5514,10831,5797
5515,994,5798
5516,995,5798
5517,12445,5801
5518,12608,5802
5519,4410,5803
5520,16234,5804
5521,16235,5805
5522,16236,5806
5523,16237,5807
5524,13547,5808
5525,15198,5809
5526,15200,5810
5527,15199,5811
5528,15204,5812
5530,15209,5813
5531,16240,5814
5532,15212,5815
5533,15214,5816
5534,16233,5817
5535,15215,5818
5536,15216,5819
5537,15219,5820
5538,15222,5821
5539,15223,5822
5540,15224,5823
5541,15225,5824
5542,15228,5825
5543,15229,5826
5544,15230,5827
5545,15231,5828
5546,15232,5829
5547,15236,5830
5548,13387,3350
5549,15237,5831
5550,15238,4246
5551,12142,5833
5552,12142,5834
5553,12142,5835
5554,12142,5836
5556,15423,5837
5557,15243,5838
5558,15250,5839
5559,15251,5840
5560,15252,5841
5561,15253,5842
5562,15255,5843
5563,16071,5844
5564,15257,5845
5565,15258,5846
5566,15259,5847
5567,15263,5848
5568,15264,5849
5569,15265,5850
5570,15266,5851
5571,15268,5852
5572,15269,5853
5573,1739,5853
5574,15271,5854
5575,15272,5855
5576,15273,5856
5577,15274,5857
5578,15275,5858
5579,15277,5859
5580,15278,5860
5582,15280,5861
5583,15279,5862
5584,15281,5863
5585,15285,5864
5586,15288,5865
5587,15289,5866
5588,15290,5867
5589,15291,5868
5590,15292,5869
5591,15293,5870
5592,15294,5871
5593,15295,5872
5594,15296,5873
5596,15299,5875
5597,15302,5876
5598,15303,5877
5599,15304,5878
5600,15306,5879
5601,15307,5880
5602,15308,5881
5603,15309,5882
5604,15310,5883
5605,15312,5884
5606,15313,5885
5607,15314,5886
5608,15316,5887
5609,15317,5888
5610,15318,5889
5611,15321,5890
5612,15322,5891
5613,15323,5892
5614,15324,5893
5615,15325,5899
5621,15326,5900
5622,15327,5901
5623,15328,5902
5624,15329,5903
5625,15330,5479
5626,15331,5904
5627,15332,5905
5628,15333,5906
5629,15334,5907
5630,15336,5908
5631,15337,5909
5632,15340,5910
5633,15342,5911
5634,15343,5912
5635,15344,5913
5636,15345,5914
5637,15346,5915
5638,13661,5915
5639,15347,5916
5640,15348,5917
5641,15349,5918
5642,8105,490
5643,15350,5919
5644,15351,5920
5645,15351,5921
5646,15351,5922
5647,15352,5920
5648,15353,5923
5649,16273,5924
5650,16274,4749
5651,8579,5925
5652,9170,5926
5654,10796,3374
5657,16275,5927
5658,16229,5928
5659,15355,5929
5660,15356,5930
5661,15357,5931
5662,15360,5932
5663,15362,5933
5664,15365,5934
5665,15366,5935
5666,15368,5936
5667,15369,5937
5668,7242,600
5669,15370,5938
5671,15372,5939
5672,15373,5940
5673,15374,5941
5674,15375,5942
5675,6990,5943
5676,15376,5944
5677,15377,5945
5678,15378,5946
5679,15379,5947
5680,15381,5948
5681,15382,5949
5682,15383,5950
5683,15384,5951
5684,2931,5951
5685,15385,5953
5686,15386,5954
5687,15387,5955
5688,15389,5957
5689,15390,5958
5690,15391,5959
5692,15393,5960
5693,1028,467
5694,1028,472
5695,15394,5961
5696,15395,5962
5697,15388,5956
5698,15396,5963
5699,15397,5964
5700,15398,5965
5701,15399,5966
5703,16202,5968
5704,15402,5969
5706,15404,5971
5707,15405,5972
5708,15406,5973
5709,15407,5975
5710,15408,5976
5711,15410,5977
5712,1436,5978
5713,15412,5979
5714,15413,5980
5715,15415,5981
5716,15419,5982
5717,15420,5983
5718,15421,5984
5719,15424,5985
5720,15425,5986
5721,15428,5987
5722,15430,5988
5723,15847,5989
5724,15431,5990
5725,15432,5991
5726,15433,5992
5727,15434,5993
5728,15435,5994
5729,15436,5995
5730,15437,5996
5731,15439,5997
5732,15440,5998
5733,15443,5999
5734,15445,6000
5735,15447,6001
5736,16300,469
5737,15448,6002
5738,15451,6003
5739,15452,6004
5740,15763,532
5741,11634,6005
5742,16298,6006
5743,15282,6007
5744,15984,5714
5745,15454,6009
5746,15455,6010
5747,15456,6011
5748,15458,6012
5749,15460,6013
5751,16158,6014
5752,15461,6015
5753,15462,6016
5754,15463,6017
5755,15464,6018
5756,15465,6019
5757,15466,6020
5758,15472,6021
5759,15474,6022
5760,15475,6023
5761,15476,6025
5762,15478,6026
5763,15480,6027
5764,15479,6029
5765,15482,6028
5766,15481,6030
5767,15483,6031
5768,15484,6032
5769,15485,6033
5770,15486,6034
5771,16280,6035
5772,15487,6036
5773,15488,6037
5774,15489,6038
5775,15490,6039
5776,15491,6040
5777,15492,6041
5778,15494,6042
5779,15495,6043
5780,15496,6044
5781,15497,6045
5782,12983,6046
5783,15498,6047
5784,13033,6048
5785,15499,6049
5786,15500,6050
5787,15504,6051
5788,15505,6052
5789,15506,6053
5790,15507,6054
5791,15508,6055
5792,15661,6056
5793,15662,6057
5794,15663,6058
5795,16005,6059
5796,16013,6060
5799,16023,6063
5800,16027,6064
5801,10556,3367
5802,16029,6065
5804,16044,6068
5805,16329,6067
5806,16048,6069
5807,16058,6070
5808,16065,6071
5809,3233,6072
5810,16326,1758
5811,16326,1536
5812,15227,6073
5813,1060,526
5814,14584,526
5815,13043,6074
5816,13046,6075
5817,13066,6076
5818,13096,6078
5819,13097,6079
5820,13098,6080
5823,13114,6082
5824,13161,6086
5825,13204,6087
5826,13219,6088
5827,13226,6089
5828,13241,6090
5829,13247,6091
5830,13250,6093
5831,13256,6095
5832,13257,6095
5833,13272,6096
5834,13304,6098
5835,13321,6099
5836,13322,6100
5837,15154,6101
5839,1369,6103
5840,1733,6104
5841,1741,6105
5842,16344,6106
5843,1746,6107
5844,1760,6108
5845,1783,6109
5846,1773,6110
5847,1785,6111
5848,1786,6112
5849,1788,6113
5850,1801,6114
5851,1807,6115
5852,1822,6116
5853,1890,6117
5854,1891,6118
5855,1893,6119
5856,1908,6120
5857,1915,6122
5858,1932,6123
5859,1939,6124
5860,1942,6125
5861,1955,6126
5862,1956,6127
5863,1987,6128
5864,1988,6129
5865,2002,6130
5866,2012,6131
5867,2055,6132
5868,2079,6133
5869,2081,6134
5870,2085,6135
5871,2101,6136
5872,3290,5820
5873,2121,5820
5875,16073,6138
5876,2152,6139
5877,2156,6140
5878,2169,6141
5879,2198,6142
5880,2213,6143
5881,2225,6144
5882,2236,6145
5883,2245,6146
5884,2249,6147
5885,16015,6148
5886,2250,6149
5887,2285,6150
5888,2286,6151
5889,2305,6152
5890,2306,6153
5891,2315,6154
5893,2330,6156
5894,2364,6157
5895,2371,6158
5896,2383,6159
5897,2386,6160
5898,2395,6161
5899,2402,6162
5900,2403,6163
5901,2443,6164
5902,2510,6165
5903,2512,6166
5904,2555,6167
5905,2582,6168
5906,2584,6169
5907,2596,6170
5908,2609,6171
5909,2619,6172
5910,5156,2453
5911,2642,2453
5912,2642,2454
5913,2652,6173
5914,16276,525
5915,15267,6176
5916,15261,6175
5917,15311,6177
5918,16371,4251
5919,16371,6180
5920,16371,6179
5921,5054,6181
5922,15270,6182
5923,15335,6183
5924,15338,6184
5925,16386,6186
5926,15341,6187
5927,15354,6188
5928,15418,6190
5929,15367,6189
5930,15441,6191
5931,16302,6192
5932,16113,6193
5933,15429,6194
5934,15469,6195
5935,15477,6196
5936,16259,6197
5937,15467,6198
5938,15471,6199
5939,2654,6200
5940,2658,6201
5941,2676,6202
5942,2691,6203
5943,16405,448
5944,2723,6204
5945,2729,6205
5946,2736,6206
5947,2741,6207
5948,2756,6208
5949,2760,6209
5950,2761,6210
5951,2764,6211
5952,2778,6212
5953,2779,6213
5955,2785,6214
5956,2795,6215
5957,2807,6216
5958,2808,6217
5959,5774,6218
5960,2815,6219
5961,2822,6220
5962,2826,6221
5963,2840,6222
5964,7691,6224
5965,2849,6223
5966,2860,6225
5968,2912,6226
5969,2914,6227
5970,2917,6228
5971,2925,6229
5973,2942,6230
5974,16339,6231
5975,2966,6232
5976,2971,6233
5977,2976,6234
5978,2990,6235
5979,2991,6236
5980,3013,6237
5981,3016,6238
5983,3060,6240
5984,3067,6241
5985,3097,6242
5986,3107,6243
5987,3116,6244
5988,3118,6245
5989,3121,6246
5990,3132,6247
5991,3134,6248
5992,3154,6249
5993,3170,6250
5994,3196,6251
5995,3201,6252
5996,3218,6253
5997,3219,6254
5998,3257,6255
5999,3274,6256
6000,3275,6257
6001,3312,6258
6002,3324,6259
6003,3350,6260
6004,3352,6261
6005,3379,6262
6006,14260,2809
6007,14260,4836
6008,3391,6263
6009,3391,6265
6010,3391,6264
6011,3393,6266
6012,3408,6267
6013,3424,6268
6014,3428,6269
6015,3435,6271
6016,3448,6272
6017,3456,6273
6018,3458,6274
6019,3465,6275
6020,3472,6276
6021,3493,6277
6022,3498,6279
6023,3501,6280
6024,3509,6281
6025,3510,6282
6026,3514,6283
6027,3530,6284
6028,3538,6285
6029,3544,6286
6030,3553,6287
6031,3562,6288
6032,3563,6288
6033,3567,6289
6035,3583,1520
6037,3583,6293
6038,3583,5399
6039,16439,6294
6040,3584,6295
6041,3600,6296
6042,3603,6297
6043,3617,6298
6045,16443,6300
6046,3630,6302
6047,3637,6303
6048,3649,6304
6049,5803,6301
6050,3662,6305
6051,3667,6306
6052,3717,6307
6053,15954,6308
6054,3732,6309
6055,3744,6310
6056,3751,6311
6057,3759,6312
6059,3767,6313
6060,3777,6314
6061,3784,6315
6062,3787,6316
6063,3805,6317
6064,16069,6318
6065,16069,6319
6066,3809,6320
6067,3810,6321
6068,3817,6322
6069,3821,6323
6070,3839,6324
6071,16448,6325
6072,3844,6326
6073,3863,6327
6074,3870,6328
6075,3873,6329
6077,3878,6331
6078,3885,6332
6079,9916,2158
6080,3892,6333
6081,3907,6334
6082,3916,6335
6083,3948,6336
6084,16257,6337
6085,16452,6338
6086,3961,6339
6087,3966,6340
6088,3978,6342
6089,3980,6342
6090,3999,6344
6091,4018,6345
6092,4019,6346
6093,4024,6347
6094,4032,6348
6095,4063,6349
6096,4072,6350
6097,16221,6351
6098,16249,6352
6099,4081,6353
6100,4105,6354
6101,4110,6355
6102,7521,6356
6103,4150,6359
6104,4169,6360
6105,4179,6361
6106,4187,6362
6107,4227,6364
6108,4231,6365
6109,4254,6366
6110,4261,6367
6111,4310,6368
6113,4328,6369
6114,2696,6370
6115,4197,6372
6116,16473,6373
6117,16477,485
6118,16478,482
6119,8761,6374
6120,8591,6376
6121,8593,6377
6122,8630,6378
6123,8590,6379
6124,8589,6380
6125,16037,6381
6126,11363,6382
6127,16128,6384
6128,11272,6383
6129,8585,6385
6130,10185,6386
6131,16157,6387
6132,8628,6388
6133,6600,6389
6134,16122,6390
6135,8603,6391
6138,3073,6394
6139,9062,6396
6140,8594,6397
6141,8769,6398
6142,10758,6400
6143,16205,6401
6144,11365,6402
6145,16203,6403
6146,16200,6404
6147,11094,6405
6148,11270,6406
6149,11266,6407
6150,8845,6408
6151,11734,6409
6152,11093,6410
6153,16212,6411
6154,16068,6412
6155,8916,6413
6156,16239,6414
6157,16248,6415
6158,16251,6416
6159,13957,6418
6160,16253,6419
6161,1438,6420
6162,16267,6421
6163,16250,6423
6164,16214,6424
6165,16268,6425
6166,15972,6426
6167,11065,6427
6168,3714,6428
6169,11260,6429
6170,11261,6430
6171,11304,6431
6172,11106,6432
6173,5390,6433
6174,9233,6434
6175,11063,6435
6176,2548,6436
6177,8764,6437
6178,11098,6438
6179,11791,6440
6180,11507,6441
6181,11090,6442
6182,11089,6443
6183,16514,6444
6184,11086,6445
6185,11085,6446
6186,11741,6447
6187,11740,6448
6188,11269,6449
6189,10906,6450
6190,10923,6451
6191,11736,6452
6192,10900,6453
6193,10193,6454
6194,16297,6455
6195,11264,6456
6196,16002,6457
6197,16520,6458
6198,16272,6459
6199,10199,6463
6200,10905,6462
6201,10904,6464
6202,16264,6465
6203,11062,6466
6204,11068,6467
6205,16475,6468
6206,16231,6469
6207,16277,6470
6208,16314,6471
6209,16315,6473
6210,16522,6474
6211,11277,6475
6212,13782,6476
6213,8625,6477
6214,11097,6478
6215,11274,6479
6217,11743,6481
6218,16318,6482
6219,11630,2500
6220,16039,6483
6221,11083,6484
6222,16324,6485
6223,9042,6486
6224,16325,6487
6225,8806,6488
6226,8790,6489
6227,8763,6490
6228,16326,6491
6229,8804,6492
6230,15866,6493
6231,8805,6494
6232,16227,6495
6233,8822,6496
6234,16330,6497
6235,9052,6498
6236,8803,6499
6237,9037,6500
6238,9005,6501
6239,16331,6502
6240,9621,6503
6241,4264,6505
6242,8799,6506
6243,9049,6507
6244,9876,6508
6247,13790,6510
6248,3304,6511
6249,13790,4670
6250,9046,6513
6251,9045,6514
6252,16327,6515
6253,16476,6516
6254,9035,6517
6255,16342,6518
6256,8812,6519
6257,16337,6520
6258,16345,6521
6259,10463,6522
6260,9038,6523
6261,16219,6524
6262,13760,6525
6264,15139,468
6265,16349,6526
6266,9872,6527
6267,8800,6528
6269,16351,6529
6270,8836,6532
6271,16346,6530
6272,8835,6534
6273,8834,6535
6274,8833,6536
6275,8831,6537
6276,8828,6538
6277,5112,6540
6278,16357,6539
6279,15569,6541
6280,8827,6542
6281,9020,6543
6282,16355,6544
6283,8605,6545
6284,8817,6546
6285,8815,6547
6286,8814,6548
6287,8619,6549
6288,16388,6550
6289,16391,6551
6290,11276,6552
6291,16312,6553
6292,8601,6555
6293,8811,6556
6294,8617,6557
6295,9017,6558
6296,9016,6559
6297,16350,6560
6298,16392,6561
6299,9014,6562
6300,16393,6563
6301,9013,6564
6302,9011,6565
6303,11482,6566
6304,9010,6567
6305,10583,6568
6306,9007,6569
6307,9004,6570
6308,9003,6571
6309,8838,6572
6310,8802,6573
6311,8801,6574
6312,8602,6576
6313,16398,6577
6314,8614,6578
6315,8613,6579
6316,16481,6580
6317,16360,6581
6318,10586,6582
6319,8823,6583
6320,8819,6584
6321,16408,6585
6322,16480,6586
6323,16479,6587
6324,8624,6588
6325,8623,6589
6326,16409,6590
6327,8622,6591
6328,9871,6592
6329,9870,6593
6330,8765,6594
6332,1854,6596
6333,9988,6597
6334,16410,6598
6335,16415,6599
6336,1142,6599
6337,16489,6600
6338,9053,6601
6339,5060,6602
6340,16417,6603
6341,13403,6604
6342,11142,6605
6343,16446,6606
6344,10455,6607
6345,4817,6609
6346,16444,6608
6347,2092,6610
6348,16490,6611
6349,4548,6612
6350,16370,6614
6351,13157,6615
6352,16241,6616
6353,12576,6617
6354,5635,6618
6355,16436,6619
6356,2097,6620
6357,16434,6621
6358,1778,6622
6359,12589,6624
6360,16413,6625
6361,16089,6626
6362,12591,6627
6363,2718,6628
6364,16092,6629
6365,16427,6630
6366,16420,6631
6367,5374,6632
6368,16523,6633
6369,4687,6634
6370,16389,6635
6371,12900,6636
6373,5168,6638
6374,12647,6639
6375,4330,6640
6376,3647,6641
6377,3650,6642
6378,5785,6643
6379,16100,6644
6380,3045,6645
6381,9875,6646
6382,4161,6647
6383,3300,6648
6384,8300,6649
6385,1967,6650
6386,9874,6651
6387,9681,6652
6388,9050,6653
6389,9983,6654
6390,4453,6655
6391,4595,6656
6392,7168,6657
6393,8608,6658
6394,4341,6659
6395,12512,6660
6396,4366,6661
6398,12514,6663
6399,12564,6664
6400,4402,6665
6401,4408,6666
6402,4429,6667
6403,12611,6668
6404,12613,6669
6405,4432,6670
6407,12617,6672
6408,4438,6673
6409,12621,6674
6410,4452,6675
6411,4458,6676
6412,12644,6677
6413,12648,6679
6414,4468,6680
6415,12678,6681
6416,12716,6683
6418,4483,6684
6419,4546,6686
6420,12729,6685
6421,4558,6687
6422,4626,6688
6423,4643,6689
6424,4675,6690
6425,4689,6691
6426,4714,6692
6427,4742,6693
6428,12753,6694
6429,4744,6695
6430,4754,6696
6431,12771,6697
6432,12775,6698
6433,12813,6699
6434,4768,6700
6435,12814,6701
6436,12852,6702
6437,4821,6703
6438,12861,6704
6439,12874,6705
6440,12898,6706
6441,12924,6707
6442,4823,6708
6443,12930,6709
6444,4828,6710
6445,12948,6712
6446,4852,6713
6447,12955,6715
6448,12977,6717
6449,4870,6718
6450,4880,6719
6451,16463,6720
6452,16369,6721
6453,16513,6722
6454,15559,6723
6455,16499,6724
6456,15543,6726
6457,4899,6727
6458,4907,6728
6459,4914,6729
6460,4938,6730
6461,4944,6731
6462,4950,6732
6463,4958,6733
6464,4959,6734
6465,4986,6735
6466,5002,6736
6467,5025,6737
6468,5027,6738
6469,5041,6739
6470,5044,6740
6471,5046,6741
6472,5050,6742
6473,5085,6743
6474,5091,6744
6475,5108,6745
6476,5110,6746
6477,5128,6747
6478,16279,6748
6479,5131,6749
6480,5143,6750
6482,16466,6752
6483,2643,6753
6484,16472,6754
6485,16484,6755
6486,5161,6756
6487,5182,6757
6488,16500,6758
6489,5188,6759
6490,16502,6760
6491,10613,6761
6492,16507,6762
6493,5189,6763
6494,16511,6764
6495,5228,6765
6496,10802,6767
6497,16503,6766
6498,5229,6768
6499,5245,6769
6500,16230,6770
6501,5247,6771
6502,5258,6773
6503,10807,6772
6504,5272,6774
6505,5290,6775
6506,5301,6776
6507,5310,6777
6508,5314,6778
6510,5357,6780
6511,5395,6781
6512,5400,6783
6513,5402,6784
6514,5404,6785
6515,5428,6786
6516,5439,6787
6517,5446,6788
6518,5449,6789
6519,14857,6790
6520,5466,6791
6521,16512,6792
6522,5505,6793
6523,5512,6794
6524,5551,6795
6525,16383,6796
6526,16426,6797
6527,16521,6798
6528,6639,6799
6529,5582,6800
6530,5588,6801
6531,5607,6802
6532,5610,6803
6533,5626,6804
6534,5650,6805
6535,4540,6806
6536,5669,6807
6538,16311,6809
6539,5682,6810
6540,5695,6811
6541,5712,6812
6542,5718,6813
6543,5741,6814
6544,16379,6815
6545,16379,6816
6546,5752,6817
6547,5775,6818
6548,5894,6819
6549,5896,6820
6550,5898,6821
6551,5897,6822
6552,5929,6823
6553,5933,6824
6554,5934,6825
6555,5950,6826
6556,5958,6828
6557,5969,6829
6558,5967,6830
6559,5984,6831
6560,10821,6832
6561,16539,6833
6562,16474,6835
6563,16441,6836
6564,4553,6837
6565,16530,6838
6566,6020,6839
6567,16534,6840
6568,10985,6841
6569,6023,6842
6570,16421,6843
6571,7257,6844
6572,7676,6845
6573,8021,6846
6574,8029,6847
6575,8037,6848
6576,8043,6849
6577,8046,6850
6578,8049,6851
6580,8090,6853
6581,8095,6854
6582,8975,6855
6583,8976,6856
6584,8094,6857
6585,8996,6858
6586,8999,6859
6587,9029,6860
6588,8103,6861
6589,11019,6862
6590,8144,6863
6591,8152,6864
6592,11023,6865
6593,11045,6866
6594,9185,6867
6595,8156,6868
6596,9213,6869
6597,8166,6870
6598,8171,6871
6599,9380,6872
6600,9399,6873
6603,8186,6876
6604,11082,6877
6605,8189,6878
6607,9584,6880
6608,8201,6882
6609,9627,6883
6610,9633,6884
6611,9649,6885
6612,8208,6886
6613,8211,6887
6614,8216,6888
6616,8267,6890
6617,8269,6891
6618,8271,6892
6619,8273,6893
6620,8274,6894
6621,8302,6895
6622,8303,6896
6623,8310,6897
6624,8335,6898
6625,11183,6899
6626,11187,6900
6627,8341,6901
6628,11228,6902
6629,8375,6903
6630,11243,6904
6631,8401,6905
6632,8408,6906
6633,8433,6907
6634,8561,6908
6635,8563,6909
6636,8737,6910
6637,8748,6911
6638,11448,6912
6639,8777,6913
6640,8962,6914
6641,11470,6915
6642,11476,6916
6643,11478,6917
6644,10581,6918
6645,11624,6919
6646,4360,6919
6647,10556,6920
6648,10473,6921
6649,10373,6923
6650,9600,6924
6651,10342,6925
6652,10338,6926
6653,16558,6927
6654,11680,6928
6655,5864,6929
6656,10673,6930
6657,10670,6931
6658,9882,6932
6659,3869,6933
6660,11694,6934
6661,11696,6935
6662,16557,6936
6663,10157,6937
6664,11707,6938
6665,10158,6939
6666,12282,6940
6668,9946,6942
6669,9888,6943
6670,12441,6944
6671,12444,6945
6672,9893,6946
6673,12455,6947
6674,9948,6948
6675,12483,6949
6676,12495,6951
6677,16559,6952
6678,10893,6953
6679,9969,6954
6680,16560,6956
6681,10348,6958
6682,10128,6959
6683,9457,6960
6684,10133,6961
6685,10347,6962
6686,8788,6963
6687,16561,6964
6688,10138,6965
6689,10140,6967
6690,8620,6966
6691,10142,6968
6692,10284,6969
6693,10333,6970
6694,10337,6971
6695,16564,460
6696,16566,6972
6697,3229,6973
6698,16598,6974
6699,16602,6979
6700,11798,6975
6702,16616,6980
6703,10142,6978
6704,16617,6981
6705,16618,6982
6706,16619,6983
6707,16620,6985
6708,5012,6986
6709,16631,6987
6710,16633,6988
6711,16634,6989
6712,16635,6990
6713,16482,6991
6715,16646,6993
6716,15930,6994
6717,16651,6995
6718,16653,6996
6719,16654,6997
6720,16573,6999
6721,16657,7000
6722,16658,7001
6723,16509,7002
6724,16509,7003
6725,16659,7004
6726,16660,7005
6727,16661,7006
6728,15577,7007
6729,13140,7008
6730,16469,7009
6731,16662,7010
6732,16663,7011
6733,16666,7012
6734,16667,7013
6735,12871,7014
6736,16668,7015
6737,16669,7016
6738,9560,7017
6739,16670,7018
6740,16671,7019
6741,16672,7020
6742,16673,7021
6743,16649,7022
6744,9978,7023
6745,16677,7024
6746,16678,7025
6747,16679,7026
6748,16680,4374
6749,16681,7027
6750,16682,7028
6751,16685,7029
6752,13267,7030
6753,10242,7031
6754,1969,7032
6755,16686,7034
6756,16687,7035
6757,16688,7036
6758,16690,7037
6759,3593,7038
6760,16691,7040
6761,16692,7041
6762,12843,7042
6763,8135,7044
6764,16693,7045
6765,16694,7046
6766,4312,7047
6767,13017,7048
6768,10799,7049
6769,3355,7050
6770,1732,7051
6771,16695,7052
6772,5093,7053
6773,16696,7054
6775,12792,7055
6776,3886,7056
6777,16697,7057
6778,16698,7058
6779,16699,7059
6780,16700,7060
6781,4730,7061
6782,16702,7062
6783,16703,7063
6784,3372,7064
6785,16704,7065
6786,16705,7066
6787,10240,7067
6788,16707,7068
6789,16567,7069
6790,16708,7070
6791,16709,7071
6792,16710,7072
6793,16711,7073
6794,16542,7074
6795,7992,7075
6796,3200,7076
6797,16714,7077
6798,16457,7078
6799,13733,7079
6800,16304,7080
6802,16701,7081
6803,16648,7082
6804,16637,7083
6805,16603,7084
6806,14004,7085
6807,16717,7086
6808,16718,7087
6809,16719,7088
6810,16720,7089
6811,3195,7090
6812,16721,7091
6813,16722,7092
6815,7177,5949
6816,16569,7094
6817,16563,7095
6818,16725,7096
6819,16583,7097
6820,16647,7098
6821,16726,7099
6822,16727,7100
6823,16728,7101
6824,16729,7102
6825,16730,7103
6826,16731,7104
6827,16732,7105
6828,16733,7106
6829,3558,7107
6830,16734,7108
6831,16735,7109
6832,16736,7110
6833,1805,7111
6834,16739,7112
6835,16740,7113
6836,16753,7115
6837,16754,7116
6838,16755,7118
6839,16756,7119
6840,16757,7120
6841,16758,7121
6842,16759,7122
6843,12633,7123
6844,10607,7124
6845,16760,7125
6846,16761,7126
6847,16585,7127
6848,16763,7128
6849,16555,7129
6850,16568,7130
6851,16765,7131
6852,16570,7132
6853,16565,7133
6854,16581,7134
6855,16584,7135
6856,16743,7136
6857,16769,7137
6858,16770,7138
6859,16771,7139
6860,16772,666
6861,16773,7141
6862,16774,7142
6863,3317,7143
6864,16776,7145
6865,16777,7146
6866,16778,7147
6867,16591,7148
6868,16465,7149
6869,16781,7150
6870,10441,7151
6871,10441,4223
6872,10441,4222
6873,16785,7154
6874,16786,7155
6875,10441,7152
6876,10441,7153
6882,16787,7156
6883,4620,7157
6884,16788,7158
6885,16791,7159
6886,16792,7160
6887,16793,7161
6888,16794,7162
6889,16796,7163
6890,16798,7164
6891,16800,7165
6892,16801,7166
6893,16802,7167
6894,16803,7168
6895,16599,7169
6896,9149,7170
6898,16804,7172
6899,16805,7173
6900,16589,7174
6901,16589,7175
6902,16589,7176
6903,16589,7177
6904,16590,7178
6905,16655,7179
6906,16806,7180
6907,16807,7181
6908,16808,7182
6909,16809,7183
6910,8567,7183
6911,16810,7184
6912,16812,7185
6913,16813,7186
6914,16816,7187
6915,16817,7188
6916,16814,7189
6917,16821,7190
6919,11901,7191
6920,16826,7192
6921,16749,7193
6922,16828,7194
6923,15891,7195
6924,16833,7196
6925,16836,7197
6926,16837,7198
6927,16838,7199
6928,16839,7200
6929,16841,7201
6930,16842,7202
6931,16674,7203
6932,16843,7207
6933,6798,7208
6934,16846,7209
6935,1706,7204
6936,1706,7205
6937,1706,7206
6938,16847,7210
6939,16848,7211
6940,16849,7212
6941,16779,7213
6942,16784,7214
6943,16850,7215
6944,16706,7216
6945,16768,7217
6946,16834,7219
6947,16544,7220
6948,16851,7221
6949,16819,7222
6950,16797,7223
6951,15733,7224
6952,16789,7225
6953,16855,7226
6954,16856,7227
6955,2442,7228
6956,16865,7229
6957,16866,7230
6958,16867,7231
6959,16868,7233
6960,16869,7234
6961,16871,7235
6962,16872,7236
6963,16873,7237
6964,16652,7238
6965,16874,7239
6966,16875,7240
6967,16877,7241
6968,16878,7242
6969,16879,7243
6970,16880,7244
6971,16881,7245
6972,16882,7246
6973,16883,7247
6974,16884,7248
6975,16885,7249
6976,16886,7250
6977,16889,7251
6978,16888,7252
6979,16890,7253
6980,16894,7254
6981,16895,7255
6982,16896,7256
6983,16898,7257
6984,16900,7258
6985,16901,7259
6986,16902,7260
6987,16903,7261
6988,16904,7262
6989,16905,7263
6990,16907,7264
6992,16909,7265
6993,16910,7266
6994,16911,7267
6995,16912,7268
6996,16913,7270
6997,16915,7271
6998,16916,7272
7001,16917,7274
7002,16860,5316
7003,16860,7276
7004,16860,7277
7005,16918,7278
7006,16920,7279
7007,16921,7280
7008,16922,7281
7009,16923,7282
7010,8314,7283
7011,16926,7284
7012,16927,7285
7013,16857,7286
7014,16929,7287
7015,16930,7288
7016,16931,7289
7017,16934,7290
7018,16933,7291
7019,16935,7292
7020,16936,7293
7021,16937,7294
7022,16938,7295
7023,16939,7296
7024,16940,7297
7025,16941,7298
7026,16942,7299
7027,16943,7300
7028,16944,7301
7029,16945,7302
7030,16947,7303
7031,16946,7304
7032,16948,7305
7033,16949,7306
7034,16950,7307
7035,16952,7308
7036,16953,7309
7037,12799,7310
7038,16956,7311
7039,16958,7312
7040,16959,7313
7041,16960,7314
7043,16962,7316
7045,11459,7318
7046,16966,7319
7047,16968,7320
7048,16969,7321
7049,16970,7322
7050,16971,7323
7051,16972,7324
7052,16973,7325
7053,2557,7326
7054,16974,7327
7055,16975,7328
7056,16976,7329
7057,16979,7331
7058,16978,7332
7059,4296,7333
7063,16985,7336
7064,16986,7337
7065,16987,7338
7067,3618,7339
7068,16986,7340
7069,16986,7341
7070,3724,7343
7071,16990,7344
7072,16989,7345
7074,16994,7347
7075,16995,7348
7076,16924,7349
7077,2104,7350
7078,14790,7351
7079,14790,474
7080,16997,7352
7081,4854,7353
7082,16998,7354
7083,17007,7355
7084,17008,7356
7086,17009,7357
7087,17012,7358
7088,2174,7360
7089,17013,7361
7090,17014,7362
7091,8923,7363
7092,16505,7364
7093,16542,7366
7094,17016,7365
7095,17017,7367
7096,17018,7369
7097,17019,7370
7098,11161,7371
7099,16183,7372
7100,13093,7373
7101,17021,7374
7102,8235,7375
7104,17022,7376
7105,17023,7377
7106,17024,7378
7108,17027,7380
7109,17028,7381
7110,17030,7382
7111,17031,558
7112,17032,7383
7113,17033,7384
7115,17034,7385
7116,2967,7386
7117,5656,7387
7118,1940,7388
7120,14178,7390
7121,17035,7391
7122,10836,7392
7123,17037,7393
7124,11684,7394
7125,17038,7395
7126,17039,7396
7127,17040,7397
7128,17041,7398
7129,17042,7399
7130,17043,7400
7131,17044,7401
7132,8047,7402
7133,17045,7403
7134,17046,7404
7135,17047,7405
7136,17048,7406
7137,10988,7407
7138,17051,6910
7139,17052,7409
7140,17053,7410
7141,17056,7411
7142,3432,7412
7143,2749,7413
7144,4482,7414
7145,16129,7415
7146,3205,6850
7147,8661,7416
7148,17057,7417
7150,16656,7418
7151,16977,7420
7152,3084,7421
7153,17065,7422
7154,17066,7423
7155,12616,7424
7156,17067,7425
7157,17069,7426
7158,17070,7427
7159,17071,7428
7160,17072,7429
7161,17073,7430
7162,17074,6910
7163,17075,7431
7164,10098,7432
7166,17078,7434
7167,17079,7435
7168,17080,7436
7169,17081,7437
7170,17082,7438
7171,17083,7439
7172,17084,7440
7173,17086,7441
7174,17087,7442
7175,5187,7443
7176,17064,7444
7177,17089,7445
7178,17090,7447
7179,17100,7448
7180,8978,7449
7181,17098,7450
7182,3491,7452
7183,17097,7453
7184,17096,7454
7185,17091,1363
7186,17094,7457
7187,8977,7458
7188,1877,7459
7189,8206,7460
7190,13015,7461
7191,17106,7462
7192,17107,2348
7193,17111,7463
7194,10416,7464
7195,3339,7465
7196,11602,7466
7197,17061,7467
7198,17003,7468
7199,17015,7469
7200,9059,7470
7201,17092,7472
7202,2135,7473
7203,5745,7474
7204,8329,7475
7205,4771,7476
7206,2717,7477
7207,16578,7478
7208,3648,7479
7209,2419,7480
7210,2632,7482
7212,5986,7483
7213,17049,7484
7214,13222,7485
7215,2089,7486
7216,3228,7487
7217,4542,7488
7218,1944,7489
7219,12521,7490
7220,2564,7491
7221,5360,7493
7222,2162,7494
7223,11224,7495
7224,5675,7496
7225,1858,7497
7226,8558,7498
7227,17126,7499
7228,9880,7500
7229,13733,7501
7230,13960,992
7231,9951,7502
7232,17129,7503
7233,17132,7504
7234,17133,7505
7235,2160,7506
7236,10293,7507
7237,11620,7508
7238,3542,7509
7239,5286,4200
7240,3746,7510
7241,14175,926
7242,3173,7511
7244,11404,7513
7245,12522,7514
7246,5603,7515
7247,3791,7516
7248,2039,7517
7249,10616,7518
7250,10842,7519
7252,8423,7520
7253,11009,7521
7254,5727,7522
7255,3548,7523
7257,8309,7524
7258,4351,7525
7260,7831,3920
7261,17113,7527
7262,10754,7528
7263,5049,7529
7264,9202,7530
7265,17141,7531
7266,3601,7532
7267,13059,7533
7268,9400,7534
7269,2254,7535
7270,2716,7536
7271,8188,7537
7272,5359,7538
7273,4101,7539
7274,10894,7541
7275,12687,7542
7276,2392,7543
7277,8136,7544
7278,2627,7545
7279,9188,7546
7280,9240,7547
7281,3486,7548
7282,10152,7549
7283,13056,7550
7284,12909,7551
7285,5667,7552
7287,17153,7554
7288,4925,7555
7289,7658,7556
7290,5265,7557
7291,9942,7558
7292,2903,7559
7293,5450,7560
7294,17101,7561
7295,2514,7562
7296,17103,7563
7297,17105,7564
7298,9977,7565
7299,17108,7566
7300,3789,7567
7301,16712,7569
7302,5666,7568
7303,17149,7570
7304,11461,7571
7305,1797,7573
7306,9916,1109
7307,9957,7575
7308,5819,7576
7309,17011,7577
7310,9953,7578
7311,17123,7580
7312,9949,7579
7313,12994,7581
7314,10647,7582
7315,4633,7583
7316,12869,7584
7317,2937,7585
7318,4632,7586
7319,3973,7587
7320,4098,7588
7321,10822,7589
7322,10575,7590
7323,13053,7591
7324,9268,7592
7325,4897,7593
7326,12805,7594
7327,1385,7596
7328,9941,7595
7329,13180,7597
7330,17159,7598
7331,17160,7599
7332,3591,7600
7333,4775,7601
7334,4692,7602
7335,11223,7603
7336,2071,7604
7337,12585,7605
7338,9913,7606
7339,9912,7607
7340,13055,7609
7341,10412,7610
7342,11281,7611
7343,5371,7612
7344,10108,7613
7345,17050,7614
7346,2347,7615
7347,17118,7616
7348,17131,7617
7349,10618,7618
7350,17134,7619
7351,17127,7620
7352,17145,3442
7353,17143,7622
7354,17144,7623
7355,17147,7624
7356,17154,7625
7357,17146,7626
7358,17164,7627
7359,4201,7628
7360,5113,7629
7361,3792,7630
7362,17165,7631
7363,16852,7632
7365,5351,7634
7366,17166,7635
7367,17167,7636
7368,16954,7637
7369,17155,7639
7370,17085,564
7371,17085,5424
7372,17085,484
7373,17085,4841
7374,17085,474
7375,17085,5431
7376,17085,510
7377,17085,7501
7378,17085,7079
7379,17085,566
7380,2829,7638
7381,5293,7640
7382,12973,7641
7383,17168,7642
7384,16322,7643
7385,10642,7644
7386,9708,7645
7387,17161,7646
7388,17162,6510
7389,17163,7648
7390,17171,7649
7391,17117,7650
7392,10485,484
7393,10485,4841
7394,10485,564
7395,17130,7651
7396,10488,7652
7397,8297,7653
7398,10921,7654
7400,3108,7655
7401,17183,7656
7402,8162,7657
7403,4486,7658
7404,13281,7659
7405,8898,7660
7406,10578,7661
7407,13311,7662
7408,17170,7663
7409,17158,7664
7410,17182,7665
7411,9982,7666
7412,17181,7667
7413,13312,7668
7414,12866,7669
7415,3502,7670
7416,5987,7671
7417,9206,7672
7418,1881,7673
7419,5185,7674
7420,1757,7675
7421,5993,7676
7422,8230,7677
7423,3209,7678
7424,1970,7679
7425,17184,7680
7426,17186,7681
7427,4977,7682
7428,4674,7683
7429,4240,7684
7430,4544,7685
7431,9878,7686
7432,17195,7687
7434,13338,897
7435,17196,7688
7437,17198,7689
7438,17199,7690
7439,17200,7691
7440,11720,7692
7441,17201,7693
7442,4851,7694
7443,9388,7695
7444,17203,7696
7445,2583,7697
7446,3958,7698
7447,5763,7699
7449,16586,7701
7450,9608,7702
7451,10859,7703
7452,10805,7704
7454,17205,7705
7455,12850,7706
7456,9212,7707
7457,5941,7708
7458,6850,7709
7459,3599,7710
7460,5924,7711
7461,2297,7712
7462,2502,7714
7463,3769,7715
7464,2981,7716
7465,4005,7718
7466,13319,7719
7467,3780,7720
7468,4336,7721
7469,2810,7722
7470,4568,7723
7471,13154,7724
7472,4593,7725
7473,17209,7726
7474,12578,7727
7475,13251,7728
7476,17210,7729
7477,17211,7730
7478,17213,7731
7479,12596,7732
7480,1943,7733
7481,8280,7734
7482,11544,7735
7483,2200,7736
7484,2793,7737
7485,5043,7738
7486,9886,7739
7487,4747,7740
7488,13051,7741
7490,3266,7742
7491,10888,7743
7492,1782,7744
7493,3520,7745
7494,1749,7746
7495,10826,7747
7496,5713,7748
7500,17217,7749
7501,4419,7751
7502,16818,7752
7504,16820,4841
7505,16820,564
7506,16820,484
7507,5437,7754
7508,8390,7755
7509,13176,7756
7510,17224,7757
7511,17225,7758
7512,10639,7759
7513,10638,7760
7514,10635,7761
7515,10643,7763
7516,12980,7764
7517,17226,7765
7518,3512,7766
7519,8422,7767
7520,6851,7768
7521,5099,7769
7522,4400,7770
7523,11674,7771
7524,2957,7772
7525,9253,7773
7526,12796,3958
7527,5031,3958
7528,9467,7774
7529,8560,7775
7530,13074,7776
7531,17228,7777
7532,9662,7778
7533,3758,7779
7534,9712,7780
7535,17223,7781
7536,2568,7782
7537,4013,7783
7538,7679,7784
7539,9381,7785
7540,12394,7786
7541,2798,7787
7542,4325,7788
7543,17231,7789
7544,17233,7790
7545,17234,7791
7546,9428,7792
7547,17235,7793
7548,17236,7794
7549,17237,7795
7550,17238,7796
7551,8760,7797
7552,9684,7798
7553,17239,7799
7554,3455,7800
7555,5328,7801
7556,8959,7802
7557,3575,7803
7558,4147,7804
7559,4047,7805
7560,12412,7806
7561,1885,7807
7562,12606,7808
7563,2559,7809
7564,16925,7810
7565,8434,7812
7566,17187,7813
7567,8158,7814
7568,1946,7815
7569,1957,7816
7570,16501,7817
7571,3469,7818
7572,16780,7819
7573,17197,7820
7574,17258,7821
7575,17206,7822
7576,17259,7823
7577,9832,7824
7578,5460,7825
7579,4224,7826
7580,4530,7827
7581,6042,7828
7582,9179,7829
7583,17230,7830
7584,17227,7831
7585,17188,7832
7586,17218,7833
7587,17214,7834
7588,17212,7835
7589,5406,7836
7590,16537,7837
7591,17208,7838
7593,3299,7840
7594,17260,7841
7595,8116,7842
7596,17261,7843
7597,4379,7844
7598,4455,7845
7599,13000,7846
7600,11225,7847
7601,1373,7848
7602,2328,7849
7603,3169,7850
7604,12541,7851
7606,2746,7853
7607,9670,7854
7608,17266,7855
7609,17267,7856
7610,10499,7857
7611,9710,7858
7612,17268,7860
7613,9252,7861
7614,5799,7862
7616,17272,7863
7617,17273,7864
7618,17274,7865
7619,8148,7866
7620,2661,7867
7622,17275,7869
7623,8897,7868
7624,3264,7870
7625,17277,7871
7626,2702,7872
7627,4696,7873
7629,17278,7875
7630,1776,7876
7631,9142,7877
7632,2087,7878
7633,9547,7879
7634,5979,7880
7635,17282,7881
7636,4520,7883
7637,9217,7884
7638,11586,7885
7639,17279,7886
7640,3208,7887
7641,5750,7888
7642,4489,7889
7643,15141,7890
7644,5791,7891
7645,2053,7892
7646,8361,7893
7647,17286,7894
7648,17289,7358
7649,17291,7895
7650,17292,7896
7651,17294,7897
7652,17295,7898
7653,4791,7899
7654,17296,7900
7655,17297,7901
7656,17298,7902
7657,10717,7903
7658,16956,7904
7660,3076,7905
7661,9159,3984
7662,17306,7906
7663,5637,7907
7664,1308,7908
7665,8437,7909
7666,1863,7910
7667,8081,7911
7668,3988,7912
7669,2469,7913
7671,10697,4362
7672,17313,7915
7673,10711,7916
7674,17315,7917
7675,17316,7918
7676,17317,7919
7677,17318,7920
7678,17319,7921
7679,17320,7922
7680,17321,7923
7681,17322,7924
7682,17323,7925
7683,17325,7926
7684,17326,7927
7685,17221,7928
7686,17263,1081
7687,17116,7930
7688,17264,7931
7689,4844,7932
7690,5771,7933
7691,5952,7935
7693,17328,7937
7694,17329,7938
7695,8979,7939
7697,17331,7941
7698,17332,7942
7699,9583,7940
7700,17335,7944
7701,2468,7945
7702,17338,7946
7703,9019,7948
7704,17342,7947
7705,17343,7949
7706,12904,7950
7707,5712,7951
7708,5870,7952
7709,17344,7954
7710,11389,7955
7711,7906,7956
7712,6313,7957
7713,3794,7958
7714,17327,7959
7715,17345,7960
7716,8380,7961
7717,8242,7962
7718,11703,7963
7719,10094,7964
7720,17346,7967
7721,17347,7968
7722,17348,7969
7723,4355,6064
7724,10365,7971
7725,17350,7972
7726,2683,7973
7727,17351,7974
7728,17352,7975
7729,4992,7976
7730,2628,7977
7731,12689,7978
7732,17354,7979
7733,13065,7980
7734,2099,7981
7735,17356,7982
7736,17357,7983
7737,17358,7984
7738,17359,7985
7739,13280,7986
7740,1755,7987
7742,3962,7988
7743,7683,7989
7744,2695,7990
7745,17362,7991
7746,2007,7992
7747,13246,7993
7748,5459,7994
7750,11022,7996
7751,5023,7997
7752,4581,7998
7753,6009,7999
7754,12976,8000
7755,3478,8001
7756,4131,8003
7757,17307,8004
7758,13198,8005
7759,5032,8006
7760,2009,8007
7761,3920,8008
7762,5082,8009
7763,11450,8010
7764,13002,8011
7765,4469,8012
7766,12944,8013
7767,17367,8014
7768,17368,8015
7769,17370,8016
7770,3658,8017
7771,17371,8018
7772,3656,8019
7773,17373,8020
7774,10230,8021
7776,2467,8022
7777,3689,8023
7778,12945,8024
7779,8779,8025
7780,9819,8026
7781,17377,8028
7782,4010,8029
7783,5717,8030
7784,8738,8031
7785,9629,8032
7786,2490,8033
7787,12437,8034
7788,4638,8036
7789,5074,8037
7790,11439,8038
7791,12797,8039
7792,3298,8040
7793,9891,8041
7794,11040,8042
7795,5903,8043
7796,10808,8044
7797,2434,8045
7798,9596,8046
7799,17379,8047
7800,17380,8048
7801,8078,8049
7802,17381,8050
7803,17382,8051
7804,17383,8052
7805,17384,8053
7806,2433,8054
7807,13183,8055
7808,8227,8056
7809,4427,8057
7810,3482,8058
7811,8421,8059
7812,1831,8060
7813,17299,8061
7814,17333,8062
7815,17255,8063
7816,17255,8064
7817,17339,8065
7818,17283,8066
7819,17324,8067
7820,13188,8068
7821,2650,8069
7822,5792,8070
7823,10890,8071
7824,4956,8072
7825,4960,8073
7826,17256,8074
7827,4390,8075
7828,8005,8076
7829,8147,8081
7830,17360,8077
7831,17360,8078
7832,17360,8079
7833,17360,8080
7834,8063,8082
7835,13079,8083
7836,3015,8084
7837,1952,8085
7838,2459,8086
7839,11798,8087
7840,10142,8087
7841,5083,6976
7842,17388,8088
7843,5083,8089
7844,2038,8090
7845,17389,8091
7846,10109,8092
7847,17310,8093
7848,17254,8094
7849,17365,8095
7850,12456,8096
7851,17288,8097
7852,17376,8098
7853,17372,8100
7855,17386,8101
7856,3707,8102
7857,8725,8103
7858,4608,8104
7859,5421,8105
7861,2470,8106
7862,16615,8107
7863,13044,8108
7864,4123,8109
7865,11479,8110
7866,4801,8111
7867,3766,8112
7868,12685,8113
7869,2794,8114
7870,8756,8115
7871,5092,8116
7872,13260,8117
7873,12860,8118
7874,2751,8119
7875,2458,8120
7876,8348,8121
7877,4055,8122
7878,3981,8123
7879,2811,8124
7880,5305,8125
7881,2577,8126
7882,3879,8127
7884,17391,8128
7885,5218,8129
7886,2809,8130
7887,4471,8131
7888,2748,8132
7889,2404,8133
7890,2923,8134
7891,2185,8135
7892,5235,8136
7893,4077,8137
7894,4531,8138
7895,4749,8139
7896,10326,8140
7897,2210,8146
7898,1058,560
7899,1058,8141
7900,1058,8142
7901,1058,8143
7902,1058,8144
7903,1058,8145
7908,1124,8144
7909,1124,3772
7911,1124,517
7912,1124,8141
7913,1124,8145
7914,1124,8142
7915,1124,8143
7916,17392,8147
7917,3052,8148
7918,11399,8149
7919,17334,8150
7920,3054,8151
7921,12744,8153
7923,4225,8155
7924,3255,8156
7925,5063,8157
7926,13071,8158
7927,3720,8159
7928,4798,8160
7930,8369,8162
7931,9423,8163
7932,3739,8164
7933,3741,8165
7934,3982,8166
7935,2880,8167
7936,12784,8168
7937,12752,8169
7938,8020,8170
7939,12666,8171
7940,9169,8172
7941,1953,8173
7942,13217,8174
7943,4398,8175
7944,2913,8176
7945,5375,8177
7946,12557,8178
7947,12425,8179
7948,4091,8180
7949,13224,8181
7950,5411,8182
7951,17396,8183
7952,4354,8184
7953,5906,8185
7954,5330,8186
7955,2731,8187
7956,4178,8188
7957,4642,8189
7958,17395,8190
7959,17378,8191
7960,3221,8192
7961,17398,8193
7962,4450,8141
7963,5784,8194
7964,4394,8195
7965,4773,8196
7966,17399,8197
7967,3757,8198
7968,4195,8199
7969,17400,8200
7970,16167,6392
7972,11494,8202
7973,3437,8203
7974,17150,8204
7975,17150,8205
7976,17150,8206
7977,17150,8207
7978,17150,8208
7979,17150,8209
7980,2909,8210
7981,1492,8211
7982,2909,8212
7983,4020,8213
7984,17403,8214
7985,5955,8215
7986,12448,8217
7987,6017,8218
7988,5294,8219
7989,4401,8220
7990,12845,8221
7991,2797,8222
7992,3703,8223
7993,8006,8224
7994,2391,8225
7995,10543,8227
7996,17407,8228
7997,2129,8229
7998,2515,8230
7999,3687,8231
8000,8113,8232
8001,5478,8233
8002,13073,8235
8003,10551,8234
8004,8182,8236
8005,17385,564
8006,17385,484
8007,17385,7416
8008,17385,8237
8009,10112,8238
8010,4688,8239
8011,17405,8240
8012,17219,8241
8013,13075,8242
8014,13313,8243
8015,3895,8244
8016,16325,8245
8017,3836,8246
8018,12454,8247
8019,5633,8248
8020,5205,8249
8021,17414,8250
8022,12677,8251
8023,5765,8252
8024,1771,8253
8025,17412,8254
8026,17419,8255
8027,17246,8256
8028,17410,8257
8029,17415,8258
8030,17431,8259
8031,6028,8260
8032,17416,8261
8033,17402,8262
8034,17140,8263
8035,2421,8264
8036,3035,8265
8037,3704,8266
8038,5103,8267
8039,8311,8268
8040,10889,8269
8042,8394,8270
8043,17397,8271
8044,5572,8272
8045,5327,8274
8046,11668,8275
8047,9211,8276
8048,1879,8277
8049,3685,6879
8050,8195,8278
8051,4677,8279
8052,5721,8280
8053,8964,8282
8054,16407,8283
8055,17433,8284
8057,6011,8286
8058,3554,8287
8059,2943,8288
8060,2602,8289
8061,3404,8290
8062,3349,8291
8063,2310,8292
8064,3888,8293
8065,3230,8294
8066,5361,8295
8067,1362,8296
8068,4132,8297
8069,4138,8298
8070,2390,8299
8071,9397,8300
8072,12669,8301
8073,12598,8302
8074,5733,8303
8075,4837,8304
8076,9226,8305
8077,9266,8307
8078,13139,8306
8079,9259,8308
8080,5164,8310
8081,8234,8311
8082,9964,8312
8084,1413,8313
8085,3149,8314
8086,2475,8315
8087,4836,8316
8088,13276,8317
8089,13029,8318
8090,2429,8319
8091,7681,5762
8092,1922,8320
8093,3541,8321
8094,5251,8322
8095,4815,8323
8096,11699,8324
8097,9811,8325
8098,4576,8326
8099,8420,8327
8100,11517,8328
8101,11517,8329
8102,11517,8330
8104,4181,8332
8105,1889,8333
8106,3898,8334
8107,4448,8335
8108,3666,8336
8109,13117,8337
8110,7673,8338
8111,3945,8339
8112,9575,8340
8113,1342,8341
8114,17455,8342
8115,5973,8344
8116,17452,8345
8117,17443,8346
8118,1402,8348
8119,17425,8347
8120,10423,8349
8121,1399,8350
8122,17423,8351
8123,10415,8352
8124,1410,8353
8125,10422,8354
8126,11234,8355
8127,1411,8356
8128,10659,8357
8129,4510,8358
8130,10876,8359
8131,17148,8360
8132,10878,8361
8133,17459,8362
8134,17435,8363
8135,10879,8364
8136,17428,8365
8137,17463,8366
8138,8574,8368
8139,3748,8369
8140,2694,8370
8141,17464,8371
8142,10257,8372
8143,10669,8373
8144,10662,8374
8145,11689,8375
8146,10246,8377
8147,10247,8378
8148,13614,8379
8149,8658,8380
8150,17467,8381
8151,8205,8382
8152,8581,8383
8153,5710,8384
8154,13213,8385
8155,8575,8386
8156,8659,8387
8157,8660,8388
8158,3500,8389
8159,8662,8390
8160,8097,8392
8161,17468,8391
8162,8840,8393
8163,10345,8394
8164,8905,8395
8165,17470,8396
8166,8908,8397
8167,17469,8398
8168,17432,8399
8169,17222,8400
8170,14270,8401
8172,3838,8402
8173,5243,8403
8174,1770,8404
8175,10248,8405
8176,10249,8406
8177,8576,8407
8178,12946,8408
8179,8364,8409
8180,5853,8410
8181,3829,8411
8182,4004,8413
8183,5857,8412
8184,7691,6406
8185,4130,8414
8186,17471,8416
8187,8577,8417
8188,17474,8418
8189,16126,8419
8190,1407,8420
8191,3854,8421
8192,3177,8423
8193,2324,8424
8194,1168,7662
8195,3216,8425
8196,4976,8426
8197,10192,8427
8198,2640,8428
8199,3286,8429
8200,8901,5065
8202,3313,8430
8203,9792,8431
8204,3828,8432
8205,3367,8433
8206,5977,8434
8207,4910,8435
8208,2373,8436
8209,9894,8437
8210,9228,8438
8211,12646,8439
8212,17488,8440
8213,9551,8441
8214,4715,8442
8215,4221,8443
8216,12314,8444
8217,13300,8445
8218,17489,8446
8219,9643,8447
8220,9973,8448
8221,4619,8449
8222,10349,8450
8223,1950,8451
8224,12776,8452
8225,13218,8453
8226,5129,8454
8227,3721,8455
8228,13177,8456
8229,1925,8457
8230,1925,8458
8231,1925,8459
8232,1925,8460
8233,1925,8461
8234,1925,8462
8235,17491,8463
8236,17458,8464
8237,17496,8465
8238,2886,8466
8239,8342,8467
8240,12818,8468
8241,4906,8469
8242,12381,8470
8243,2202,8471
8244,6002,8472
8245,9922,8473
8246,9044,8474
8247,3635,8475
8248,8351,8476
8249,2881,8478
8250,9043,8477
8251,12996,8479
8252,9039,8481
8253,8308,8480
8254,9221,8482
8255,12996,8483
8256,17502,8484
8257,13365,8485
8258,3083,8486
8259,17503,8487
8260,13064,8488
8261,17507,8489
8262,17426,8490
8263,8570,8491
8264,17508,528
8265,10012,8493
8266,10013,8494
8267,17516,8495
8268,11103,8496
8269,5967,8497
8270,11323,8498
8271,11099,8499
8272,11491,8500
8273,11096,8501
8274,10899,8502
8275,11060,8503
8276,10912,8504
8278,17521,8505
8279,4174,8507
8280,11057,8506
8281,11058,8508
8282,4965,8509
8283,11312,8510
8284,10620,8512
8285,1802,8513
8286,2574,8514
8287,2924,8515
8288,8344,8516
8289,13240,8517
8290,17529,8518
8291,17446,8519
8292,17526,8520
8293,17519,8522
8294,17518,8523
8295,17454,8524
8296,3245,8526
8298,3559,8529
8299,17531,8530
8300,4012,8531
8301,13149,8532
8302,3091,8533
8303,13032,8534
8304,5401,8535
8305,2855,8536
8306,2709,8537
8307,5557,8538
8308,5304,8539
8309,17534,8540
8310,4053,8541
8311,1945,8542
8312,2107,8543
8313,4391,8544
8314,5711,8545
8315,2464,8546
8316,15834,8547
8317,15834,8548
8318,12031,8549
8319,10903,8550
8320,10902,8551
8321,11729,8553
8322,11535,8554
8323,8571,8555
8324,6181,8556
8325,10911,8557
8326,10909,8558
8327,10907,8559
8328,11715,8561
8329,11309,8562
8330,8972,8563
8331,17538,8564
8333,10733,8565
8335,11576,8568
8336,17551,8569
8337,11554,8570
8338,11547,8571
8339,11542,8572
8340,11539,8573
8341,11538,8574
8342,11537,8575
8343,9057,8576
8345,11522,8577
8346,10592,3899
8347,17542,8578
8348,17539,8579
8349,17540,8580
8350,17545,8581
8351,17543,8582
8352,17544,8583
8353,17533,8584
8354,17553,8585
8355,1256,8586
8356,8762,8587
8357,11362,8588
8358,9681,8589
8359,8627,8590
8360,9718,8591
8361,1303,8592
8362,11162,8593
8363,8442,8594
8365,4273,8595
8366,9731,8596
8367,11169,8597
8368,4284,8598
8369,9089,8600
8370,9300,8601
8375,5828,8603
8376,5829,8604
8377,10765,8605
8378,8505,8606
8379,10766,8607
8380,11928,8608
8381,11411,8609
8382,6997,8610
8383,6674,8611
8384,6680,8612
8385,6414,8613
8386,17560,8614
8387,17565,8615
8388,17564,8616
8389,17575,8617
8390,17492,8618
8391,17570,8619
8392,17580,8620
8393,17582,8621
8394,6415,8622
8395,17590,8623
8396,17591,8624
8397,7545,8625
8398,7092,8626
8399,11760,8627
8401,10758,8628
8402,17593,8629
8403,17594,8630
8404,6721,8631
8405,9378,8632
8406,6148,8633
8407,7544,8634
8408,7857,8635
8409,7443,8636
8411,3379,8637
8412,1493,8638
8413,1493,8640
8414,1493,8641
8415,7116,8642
8416,7549,8643
8417,7112,8644
8418,15828,8645
8419,12887,8646
8421,15628,8647
8422,12968,8648
8423,17609,8649
8424,17610,8650
8425,8204,8651
8426,2151,8652
8427,8023,8653
8428,2381,8654
8429,17612,8655
8430,4137,8656
8432,17613,8657
8433,13162,8658
8434,17614,8659
8435,12734,8660
8436,10331,8661
8437,3987,8662
8439,12965,8663
8440,3430,8664
8441,1962,8665
8442,5708,8666
8443,8293,8667
8444,17618,8668
8445,2697,8669
8446,3210,8670
8447,4331,8671
8448,4867,8672
8449,5132,8673
8450,4139,8674
8451,17619,8675
8452,5414,8676
8453,5989,8677
8454,17620,8678
8455,13169,8679
8456,13100,8680
8458,3206,8681
8459,4862,8682
8460,4940,8683
8461,3244,8684
8462,9615,8686
8463,12460,8687
8464,4559,8688
8465,2462,8689
8466,4724,8690
8467,5288,8691
8468,3688,8692
8469,5341,8693
8470,5966,8694
8471,5415,8695
8472,5127,8696
8473,5892,8697
8474,8299,8698
8475,3072,8699
8476,17622,8700
8477,2710,8701
8478,9605,8702
8479,17623,8703
8480,4003,8704
8481,12549,8705
8482,2153,8706
8483,8963,8707
8484,5096,8708
8485,12870,8709
8486,3925,8710
8487,17601,8711
8488,17595,8712
8489,10945,8713
8490,17605,8714
8491,17611,8715
8492,17616,8716
8493,17617,8717
8494,9898,8718
8495,12472,8719
8496,5403,8720
8497,10790,8721
8498,12354,8722
8499,12717,8723
8500,10809,8724
8501,3171,8725
8502,17434,8726
8503,17434,8727
8504,1025,528
8505,17562,8728
8506,5056,8729
8507,12561,8730
8508,12656,8731
8509,5392,8732
8510,4444,8733
8511,5889,8734
8512,17624,8735
8513,17630,8736
8514,2803,8737
8515,8395,8738
8516,1999,8739
8517,12413,8740
8518,1762,8741
8519,8559,8742
8520,13027,8743
8521,1994,8744
8522,5783,8745
8523,8129,8746
8524,2355,8747
8525,8328,8748
8526,4127,8749
8527,2115,8750
8528,9386,8751
8529,5354,8752
8530,17637,8753
8531,11182,8754
8532,5790,8755
8533,9562,8756
8534,17638,8757
8535,8974,8758
8536,13149,8759
8537,17640,8760
8538,3695,8761
8539,10612,8762
8540,17641,8763
8541,12461,8764
8542,4700,8765
8543,3469,8766
8544,12597,8767
8545,10141,8768
8546,17645,8769
8547,17649,8770
8548,1886,8771
8549,12573,8772
8550,13243,8773
8551,8416,8774
8552,8079,8775
8553,10245,8776
8554,4041,8777
8555,3914,8778
8557,8324,8780
8558,5150,8781
8559,8993,8782
8560,5593,8783
8561,8362,8785
8562,8742,8786
8563,9889,8787
8564,8075,8788
8565,13078,8789
8566,5995,8790
8567,8960,8791
8568,17653,8792
8569,2206,8793
8570,5100,8794
8571,4613,8795
8572,5363,8796
8573,17654,8797
8574,17655,8798
8575,5471,8799
8576,8245,8800
8577,4001,8801
8578,17657,8802
8579,3414,8803
8580,1811,8804
8581,1371,8805
8582,8192,8806
8583,3977,8808
8584,3117,8809
8585,3011,8810
8586,10811,8811
8587,2766,8812
8588,17660,8813
8589,17661,8814
8590,17662,8815
8591,12464,8816
8592,13192,8817
8593,2408,8818
8594,4705,8819
8595,12424,8820
8596,4154,8821
8597,2273,8822
8598,4239,8823
8599,17666,8824
8600,12710,8825
8601,1882,8826
8602,5920,8827
8603,6564,8828
8604,3356,8829
8605,1780,8830
8606,3699,8831
8607,4065,8833
8608,12520,8834
8609,13258,8835
8610,2999,8836
8611,12560,8837
8612,3260,8838
8613,4382,8839
8614,9877,8840
8615,2396,8841
8616,1920,8842
8617,5563,8843
8618,2293,8844
8619,2588,8845
8620,2406,8846
8621,11473,8847
8622,5826,8848
8623,2187,8849
8624,17668,8850
8625,17669,8851
8626,3014,8852
8627,17670,8853
8628,3552,8854
8629,3660,8855
8630,3840,8856
8631,2414,8857
8632,12828,8858
8633,12477,8859
8634,2635,8860
8635,3104,8861
8636,17671,8862
8637,17672,8863
8638,17673,8864
8639,17674,8865
8640,17675,8866
8641,17676,8867
8642,17677,8868
8643,17678,8869
8644,17679,8870
8645,17684,8871
8646,17685,8872
8648,17520,8874
8649,17169,8875
8650,17694,8876
8651,3051,8877
8652,17695,8878
8654,17696,8879
8655,2278,8880
8656,17700,8881
8657,17703,8882
8658,17705,8883
8659,17706,8884
8660,17707,8885
8661,17709,8886
8662,17710,8887
8663,17712,8888
8664,17713,8889
8665,2082,8890
8666,2735,8891
8667,3434,8892
8668,5340,8893
8669,9549,8894
8670,9790,8895
8671,9786,8896
8673,11666,8897
8674,3297,8898
8675,13095,8899
8676,4841,8900
8677,17716,8901
8678,8016,8902
8679,5126,8903
8680,17719,8904
8681,5811,8905
8682,13108,8906
8683,2056,8907
8684,4140,8908
8685,2415,8909
8686,2307,8910
8687,5716,8911
8688,9186,8912
8689,2389,8913
8690,3150,8914
8691,17721,8915
8692,3238,8916
8693,3238,8918
8694,17722,8919
8695,17724,8920
8696,17725,8921
8697,16553,8922
8698,17726,8923
8699,17727,8924
8700,17728,8925
8702,17729,8926
8703,17730,8927
8704,17731,8928
8705,11258,8929
8706,17733,8930
8707,1390,8931
8708,17734,8932
8709,17735,8933
8710,17736,8934
8711,4793,8935
8712,17737,8936
8713,17738,8937
8714,10106,8938
8715,9214,8939
8716,17741,8940
8717,17742,8941
8718,8241,8942
8719,17743,8943
8720,17744,8944
8721,17748,8945
8722,17749,8946
8723,3631,8947
8724,17751,8948
8725,17752,8949
8726,17753,8950
8727,17754,8951
8728,17755,8952
8729,17756,8953
8730,17758,8954
8731,17759,8955
8732,13125,8956
8733,17762,8957
8734,4385,8958
8735,4592,8959
8736,17765,8960
8737,17766,8961
8738,17760,8962
8739,1824,8963
8740,17767,8964
8741,17768,8965
8742,17769,8966
8743,17770,8967
8744,2149,8968
8745,17771,8969
8746,17739,8970
8747,17772,8971
8748,17774,8972
8749,17202,8973
8750,17776,8974
8752,17778,8975
8753,17779,8976
8754,17780,8977
8755,9652,8978
8756,17781,8979
8757,17782,8980
8758,17783,8981
8759,17784,8982
8760,17785,8983
8761,3341,8984
8762,17786,8985
8763,17787,8986
8764,17790,8987
8765,17791,8988
8766,17793,8989
8767,17794,8990
8768,17795,8991
8769,17796,8992
8770,17797,8993
8771,17798,8994
8772,17799,8995
8773,17800,8996
8774,17801,8997
8775,17803,8998
8776,17804,8999
8777,17805,9000
8778,17806,9001
8779,17808,9002
8780,17815,9003
8781,17816,9004
8782,17817,9005
8783,11222,9006
8784,17821,9007
8785,17822,9008
8786,17823,9009
8787,17824,9010
8788,17825,9011
8789,17826,9012
8790,17827,9013
8791,17828,9014
8792,17829,9015
8793,17831,9017
8794,17690,9018
8795,17832,9019
8796,4059,9020
8797,4059,9021
8798,17836,9022
8799,3113,9023
8800,17837,9024
8801,17838,9025
8802,17839,9026
8803,17840,9027
8804,17842,9028
8805,3427,9029
8806,17843,9030
8808,17740,9032
8809,17845,9033
8810,17848,9034
8811,17849,9035
8813,17850,9036
8814,17857,9037
8815,17858,9038
8816,17859,9039
8817,6821,9040
8818,17861,9041
8819,17625,9042
8820,17411,9043
8821,17411,9044
8822,17411,9045
8823,17411,5784
8824,17411,9047
8825,17411,9048
8826,17411,9049
8827,17411,9050
8828,17633,9051
8829,17688,9052
8830,17444,9053
8831,13833,9054
8832,17681,9055
8833,17644,9056
8834,17646,9057
8835,17646,9058
8836,17664,9059
8837,17692,9060
8838,17717,9061
8839,17715,9062
8840,6048,9063
8841,17647,9064
8842,17820,9065
8843,17720,9066
8844,17854,9067
8845,17461,9068
8846,17818,9069
8847,17853,9070
8848,17852,9071
8849,17862,9072
8850,17864,9073
8851,17871,9074
8852,17866,9075
8853,17867,9076
8854,8743,9077
8855,5329,9078
8856,15201,9079
8857,17876,9080
8858,12642,9081
8859,14034,9082
8861,17878,9084
8862,17879,9085
8863,17881,9086
8864,17882,9087
8865,5762,9088
8866,13282,9089
8867,4016,9090
8868,17884,9091
8869,11043,9092
8870,17885,9093
8871,13309,9094
8872,17886,9095
8874,17887,9096
8875,17888,9097
8876,17889,9098
8877,17890,9099
8878,17891,9100
8879,17892,9101
8880,17893,9102
8881,17894,9103
8882,4856,9104
8883,17895,9105
8884,17896,9106
8885,17897,9107
8887,17900,9108
8888,17901,9109
8889,17902,9110
8890,17903,9111
8891,17904,9112
8892,4146,9113
8894,16967,9114
8896,17906,9115
8897,17907,9116
8898,17908,9117
8899,17909,9118
8900,17910,9119
8901,17911,9120
8902,17912,9121
8903,2094,9122
8904,17913,9123
8905,17914,9124
8906,8385,9125
8907,4840,9126
8908,2875,9127
8909,17919,9128
8910,4352,9129
8911,5274,9130
8912,17923,9131
8913,17924,9132
8914,12434,9133
8915,17926,9134
8916,17927,9135
8917,2715,9136
8918,17929,9137
8919,17930,9139
8920,17931,4116
8921,3251,9141
8922,17932,9142
8923,1386,9143
8924,17933,9144
8925,4753,9145
8926,17934,9146
8927,17935,9147
8928,5614,9148
8929,5484,9149
8930,12878,9150
8931,17936,9151
8932,11356,9152
8933,17937,9153
8934,17938,9154
8935,13193,9155
8936,17939,6910
8937,17941,9157
8938,4406,9158
8939,17942,9159
8941,17943,9160
8942,11688,9161
8943,17944,9162
8944,4177,9163
8945,12802,9164
8946,3444,9165
8947,17948,9166
8948,5652,9167
8949,17949,9168
8950,10812,9169
8951,17950,9170
8953,17951,9171
8954,1938,9172
8955,3718,9173
8956,16566,9174
8957,4326,9175
8958,17952,9176
8959,2318,9177
8960,4518,9178
8961,12800,9179
8962,12986,9180
8963,2455,9181
8964,3380,9182
8966,8243,9183
8967,4605,9184
8968,2871,9185
8969,12676,9186
8970,17954,9187
8971,5217,9188
8972,5034,9189
8973,13196,9190
8974,17957,6850
8975,17958,9192
8976,3252,9193
8977,3254,9194
8978,12428,9195
8979,4343,9196
8980,13137,9197
8981,13156,9198
8982,5489,9199
8983,3992,9200
8984,2954,9201
8985,4309,9202
8986,17961,9203
8987,3969,9204
8988,17965,9205
8989,5912,9206
8990,4725,9207
8991,2431,9208
8992,11007,9209
8993,17945,9210
8994,17856,4550
8995,17865,9211
8996,6814,9212
8997,17972,9213
8998,17875,9214
8999,12238,9215
9000,17745,9216
9001,4795,9217
9002,8379,9218
9003,2388,9219
9004,10580,9220
9005,2196,9221
9006,3706,9222
9007,5950,9223
9008,5148,9224
9009,3460,9225
9010,11641,9226
9011,2454,9227
9012,3622,9228
9013,17976,9229
9014,5084,9230
9015,17978,9231
9016,17979,9232
9017,17980,9233
9018,17981,9234
9019,17982,9235
9020,17983,9236
9021,17985,9237
9022,17987,9238
9023,17789,9239
9024,17988,9241
9025,17989,9242
9026,17990,9243
9027,17991,9244
9028,17992,9245
9029,17993,9246
9030,17994,9247
9031,17995,9248
9032,17996,9249
9033,10789,9250
9034,2997,9251
9035,18001,9252
9036,18002,9253
9037,18003,9254
9038,18004,9255
9039,18005,4439
9040,18006,9256
9041,18007,9257
9042,4988,9258
9043,18008,9259
9044,18009,2744
9045,18010,9261
9046,18011,9262
9047,18012,9263
9049,18014,9264
9050,18015,9265
9051,18018,9266
9052,18019,3423
9053,18020,9268
9054,18021,9269
9055,18022,9270
9056,2496,9271
9057,14190,9271
9058,10554,9272
9059,18023,9273
9060,12476,9274
9061,18025,4514
9062,3546,9276
9063,18026,9277
9064,18027,9278
9065,18028,9279
9066,18030,9280
9068,1991,9281
9069,3348,9282
9070,11017,9283
9071,12840,9284
9072,18032,9285
9073,18033,9286
9074,5893,9287
9075,15984,5083
9076,18041,9288
9077,18038,5583
9078,18037,9290
9079,17975,9291
9080,17964,9292
9081,8119,9293
9082,18047,9294
9083,18048,9295
9084,4414,9296
9085,18050,9297
9086,18051,9298
9087,18052,9299
9088,18053,9300
9089,11227,9301
9090,5134,9302
9091,18055,9303
9092,18056,9304
9093,2232,9305
9094,17984,9306
9095,18059,9307
9096,18060,9308
9097,18062,9309
9098,12875,9310
9099,18063,9311
9100,18065,9312
9101,18066,9313
9102,18067,9314
9103,11258,9315
9104,11800,9316
9105,18070,9317
9106,18071,9318
9107,18072,9319
9108,18074,9320
9109,18075,9321
9110,18076,9322
9111,18077,9323
9112,18078,9324
9113,18079,9325
9114,15450,9326
9115,18081,616
9116,18083,9328
9117,18084,9329
9118,18085,9330
9119,18086,9331
9120,18087,9332
9121,18089,9333
9122,18090,9334
9123,18092,9335
9124,18093,9336
9125,18094,9337
9126,18095,9338
9127,18096,9339
9128,15254,9340
9129,18097,9341
9130,18098,9342
9131,18099,9343
9132,18100,9344
9133,18101,9345
9134,18102,9346
9135,18103,9347
9136,17847,9348
9137,18104,9349
9138,9159,9350
9139,17833,9351
9140,18106,9352
9141,18108,9353
9142,18110,9354
9143,18112,9355
9144,18113,9356
9145,3812,9357
9146,4618,9358
9147,18114,9359
9148,18115,9360
9149,18116,9361
9150,18117,9362
9151,18118,9363
9152,18119,9364
9153,18120,9365
9154,18122,9366
9155,18125,9367
9156,11627,9368
9158,18126,9369
9159,18127,9370
9160,18128,9371
9161,18029,9372
9162,5676,7079
9163,18131,9374
9164,18132,9375
9165,18133,9376
9166,18134,9377
9167,18137,9378
9168,18138,9379
9169,17775,9380
9170,18139,9381
9171,18140,9382
9172,18141,9383
9173,18142,9384
9174,18156,9385
9175,14997,9386
9176,18157,9387
9177,16019,9388
9178,18160,9389
9179,18161,9390
9180,8994,9391
9181,18162,695
9182,18163,9393
9183,9854,9394
9184,18165,9395
9185,18166,9396
9186,18167,9397
9187,18168,9398
9188,18169,9399
9189,18170,9400
9190,18178,9401
9191,18179,9402
9192,3847,9403
9193,2011,9404
9194,18181,9405
9195,18182,9406
9196,18183,7362
9197,18184,9408
9198,16799,9409
9199,12801,9410
9200,18185,9411
9201,18186,9412
9202,18187,9413
9203,2485,9414
9204,18188,9415
9205,18190,9416
9206,18191,9417
9207,18192,9418
9208,18193,9419
9209,18194,9420
9210,18195,9421
9211,18196,9422
9212,18197,9423
9213,18198,9424
9214,3859,9425
9215,18199,9426
9216,10604,9427
9217,18200,9428
9218,18201,9429
9219,1769,9430
9220,3894,9431
9221,10795,9432
9222,11702,9433
9223,18202,9434
9224,2634,9435
9225,18206,9436
9227,10072,9437
9228,2882,9438
9229,18208,9439
9230,3983,9440
9232,4186,9441
9233,12772,9442
9235,18209,9443
9236,18210,4374
9237,3096,9445
9238,18213,9446
9239,10884,9447
9240,4904,9448
9241,18214,9449
9242,5052,9450
9243,8923,9451
9245,3234,9452
9246,17746,9453
9247,13132,9454
9248,17139,9455
9250,18218,9457
9251,1775,9458
9252,17757,9459
9253,18221,9460
9255,15371,9462
9256,18223,9463
9257,18224,9464
9258,18225,9465
9259,18226,9466
9260,18227,9467
9261,6351,9468
9263,18235,9469
9264,18236,9470
9265,17877,9471
9266,18109,9472
9267,18130,9473
9268,18123,9474
9269,18039,9475
9270,17963,9476
9271,18144,9477
9272,17788,9478
9273,17962,9479
9274,18234,9480
9275,17873,9481
9276,18082,9482
9277,18145,9483
9278,1973,9484
9279,18176,9485
9280,17811,9486
9281,17999,9488
9282,18034,9489
9283,18143,9490
9284,17997,9491
9285,18069,9492
9286,17851,9493
9287,18239,9494
9288,18231,9495
9289,17956,9496
9290,17777,9497
9291,18212,9498
9292,18171,9499
9293,18242,9500
9294,18203,9501
9295,17973,9502
9296,18245,9503
9297,18246,9504
9298,18247,9505
9299,18248,9506
9300,18250,2928
9301,18251,9508
9302,18252,9509
9303,18253,9510
9304,18254,9511
9305,18255,9512
9306,18256,9513
9307,5022,9514
9309,5022,9515
9310,18260,9516
9311,18261,9517
9312,18244,9518
9313,17998,9519
9314,16497,7426
9315,16497,9521
9316,16497,9522
9317,7354,9524
9318,9674,9525
9319,8920,9526
9320,18272,9527
9321,18274,9528
9322,2814,9529
9323,5981,9530
9324,4507,9531
9325,18281,9532
9326,18282,9533
9327,18283,9534
9328,12458,9535
9329,18284,9536
9330,3587,9537
9331,18288,7972
9332,10273,9538
9333,13143,9539
9334,18292,9540
9335,18293,9541
9336,12995,9542
9337,18296,9543
9338,5289,9544
9339,18297,9545
9340,18298,9546
9341,18299,9547
9342,18300,9548
9343,18301,9549
9344,18302,9550
9345,18303,9551
9346,18291,9552
9347,18304,3298
9348,18305,9554
9349,3395,9555
9350,18306,9556
9351,18307,9557
9352,18267,9558
9353,18268,9559
9354,18266,9560
9355,12727,9561
9356,18205,9562
9357,18211,9563
9358,16870,9564
9359,18310,9565
9360,18311,9566
9361,18312,9567
9363,16993,9569
9364,18314,4686
9365,10286,9571
9366,18315,9572
9367,3960,9573
9368,18317,9574
9370,18318,9576
9371,18319,9577
9372,18320,9578
9373,18321,9579
9374,18322,9580
9375,17704,9581
9376,15167,9582
9377,18324,9583
9378,18325,9584
9379,18327,9585
9380,18328,9586
9381,18330,9587
9382,18257,9588
9383,18336,9589
9384,18337,9590
9385,18338,9591
9386,18339,9592
9387,15203,9593
9388,18136,9594
9389,18349,9595
9390,18350,9596
9391,5498,9597
9392,18351,9598
9393,18352,9599
9394,5377,9600
9395,18353,9601
9396,18354,9602
9397,18331,9603
9398,18080,9604
9399,5191,9605
9400,18357,9606
9401,18343,9607
9402,18358,9608
9403,18360,9609
9404,17077,9610
9406,18362,9612
9407,18364,9613
9408,2918,9614
9409,16951,9615
9413,18366,9619
9414,18367,9620
9415,18369,9621
9416,18370,9622
9417,18375,9623
9418,18379,9624
9419,18380,9625
9420,18381,9626
9421,18135,9627
9422,18172,9628
9423,18129,9629
9424,18355,9630
9425,18397,9631
9426,18262,9632
9427,18382,9633
9428,18377,9634
9429,18374,9635
9430,18368,9636
9432,17571,9638
9433,18407,9639
9434,18345,9640
9435,13861,9641
9436,17971,9642
9437,18347,9643
9438,18346,9644
9439,18342,9645
9440,17953,9646
9441,1706,9647
9443,18309,9649
9444,18421,9651
9445,18422,9652
9446,17946,9653
9447,17946,9654
9448,18424,9655
9449,18426,9656
9451,18316,5969
9452,12936,9660
9453,12936,9661
9454,18429,9662
9455,18430,9663
9456,18411,9664
9457,18372,9665
9458,18410,9666
9459,18440,9667
9460,12109,9669
9461,16820,9670
9462,18442,9671
9463,18452,9672
9464,17686,9673
9465,17686,9674
9466,17691,9675
9467,17691,9676
9468,17691,9677
9469,17691,9678
9470,17691,9679
9471,17691,9680
9472,18462,9681
9473,18461,9682
9474,18332,9683
9475,18454,9684
9476,18457,9685
9477,18406,9686
9478,18425,9687
9479,18384,9688
9480,18289,9689
9481,18467,9691
9482,14958,865
9483,18469,9693
9484,17691,9694
9485,17691,9695
9486,18478,9696
9487,18472,9697
9488,16747,9698
9489,16747,9699
9490,16070,9698
9491,16271,9700
9492,18482,9701
9493,17969,9702
9494,18485,9703
9495,15681,9704
9497,17411,9705
9498,18501,9706
9499,15711,9707
9500,18408,9708
9501,18479,9709
9502,18505,9710
9503,18509,9711
9504,18513,9712
9505,18420,9713
9506,18507,9714
9508,18515,9716
9509,18515,9717
9510,18515,9718
9511,18427,9719
9512,17276,9720
9513,18475,9721
9514,18524,9722
9515,2144,9723
9516,18536,9724
9517,18535,9725
9518,18537,9726
9519,17600,9727
9520,17600,3655
9521,18528,9729
9522,18538,9730
9523,18323,9731
9524,18510,9732
9525,18516,9733
9526,18558,9734
9527,18564,9735
9528,18562,9736
9529,18555,9737
9530,18574,9738
9531,18576,9740
9532,18576,9739
9533,18580,9741
9534,18579,9742
9535,18578,9744
9536,18582,9745
9537,18519,9746
9538,18572,9747
9539,18583,9748
9540,18581,9749
9541,18566,9750
9542,11917,9751
9543,18577,9752
9545,18511,9753
9546,16144,9754
9547,18591,9755
9548,18605,9756
9549,18595,9757
9551,18616,9758
9552,16928,9759
9553,16431,9760
9554,18540,9761
9555,18617,9762
9556,18598,9763
9557,18618,9764
9558,18614,9765
9559,17646,9766
9561,18608,9767
9563,18634,9769
9564,18630,9770
9565,18632,9771
9566,18531,9772
9567,18635,9773
9568,18642,9774
9570,14236,9775
9571,15862,9776
9572,18651,9777
9573,18621,9778
9574,18623,9779
9575,18636,9780
9576,18652,9781
9577,14379,502
9579,18570,9784
9580,18649,9785
9581,18575,9786
9582,18660,9787
9583,18539,9788
9584,18667,9789
9585,18230,9790
9586,18665,9791
9587,18648,9792
9588,18648,9793
9589,14898,9794
9590,18512,9795
9591,18679,9796
9592,18650,9797
9593,18680,9798
9594,18681,9799
9595,7383,2520
9596,18682,9800
9597,13728,5895
9598,13728,5894
9599,13728,3956
9600,13728,5896
9601,13728,5897
9602,13728,4599
9603,18669,9801
9604,3588,9802
9605,18687,9803
9606,18686,9804
9607,18106,9805
9608,18689,9806
9609,18690,9807
9610,2020,9808
9611,3488,1519
9612,18671,9811
9613,18701,9812
9614,6339,1919
9622,18713,9821
9624,18709,9823
9625,18748,9824
9626,18738,9825
9627,18728,9826
9628,18751,9827
9629,18749,9828
9630,18715,9829
9631,18489,9830
9632,18704,9831
9633,18753,9832
9634,18754,9833
9635,2705,9834
9636,18752,9835
9637,18759,9836
9638,18702,9837
9639,9770,9838
9640,6985,9839
9641,18729,9840
9642,18770,9841
9643,18771,9842
9644,18727,9843
9645,18773,9844
9646,15109,9845
9647,18777,9846
9648,18778,9847
9653,6071,9850
9654,18787,9851
9655,18787,9852
9656,18787,9853
9657,18782,9854
9658,18796,9855
9659,1739,1415
9660,18790,9856
9661,18788,9857
9662,18563,9858
9663,18800,9859
9664,18747,9860
9665,18799,9861
9666,18805,9862
9667,18807,9863
9668,18808,9864
9669,1518,9865
9671,18810,9866
9672,15925,2060
9673,18801,9867
9674,18804,9868
9675,15649,9869
9676,18829,9870
9677,18818,9871
9678,18832,9872
9679,18837,9873
9680,13782,2534
9681,17085,9875
9682,18596,9876
9683,18830,9877
9684,18842,9878
9685,14282,498
9686,18843,9879
9687,18843,9880
9688,18843,1084
9690,18817,9883
9691,18828,9884
9692,18848,9885
9693,18850,9886
9694,18772,9887
9695,4853,9888
9696,18840,9889
9697,11071,9893
9698,11071,9894
9699,11071,9890
9700,11071,9892
9701,11071,9891
9702,18822,5554
9703,18833,9895
9704,17150,9896
9705,17150,9897
9706,18836,9898
9707,14210,3254
9710,18477,9849
9711,18477,9848
9712,18888,9900
9713,18903,9901
9714,18880,9902
9719,18898,9907
9720,18895,9908
9721,18901,9909
9722,18899,9910
9723,18897,9911
9724,18863,9912
9725,18913,9913
9726,18902,9914
9727,18887,9915
9728,18920,9916
9729,18866,9917
9730,18889,9918
9731,18927,9675
9732,18927,9920
9733,18919,9921
9734,18912,9922
9735,18909,9923
9736,18930,9924
9737,18930,9925
9738,18933,9926
9739,18935,9927
9740,18409,9928
9741,18934,9929
9742,8099,9930
9743,18939,9931
9744,18943,9932
9745,18477,7632
9747,9060,9934
9748,18938,9935
9750,18952,9936
9751,18948,9937
9752,6798,9938
9753,18959,9939
9754,18733,9940
9755,18881,9941
9756,18881,9942
9757,18965,9943
9759,18971,9945
9760,18958,9946
9761,18982,9947
9762,18973,9948
9763,18900,9949
9765,18853,9950
9766,18987,9951
9767,18926,9952
9768,18423,9953
9770,18997,9955
9772,2426,8549
9773,19015,9958
9774,18984,9959
9775,19002,9960
9776,18988,9961
9777,18996,9962
9778,18960,9963
9779,19019,9964
9780,19028,9965
9781,18892,9966
9782,19017,9967
9783,19013,9968
9784,19038,9969
9785,19049,9970
9786,19050,9971
9787,19051,9972
9789,1159,9973
9790,12698,9974
9793,19081,9976
9794,19039,9977
9795,19087,9978
9796,19070,9979
9797,18990,9980
9798,3131,9981
9799,19059,9982
9800,18963,9983
9801,4924,9984
9802,16786,9985
9803,19080,9986
9804,16231,9987
9805,11589,9988
9806,11589,9989
9807,19084,9990
9808,19089,9991
9809,19027,6762
9810,18904,9993
9811,18998,9994
9812,18995,9995
9813,19078,9996
9814,15129,9997
9815,19103,9998
9816,19117,9999
9819,18962,10002
9820,18767,10003
9821,18966,10004
9822,19125,10005
9823,19066,10006
9824,14158,1291
9825,19091,10007
9826,19097,10008
9827,10933,10009
9828,19136,10010
9829,18986,10011
9830,19157,10012
9831,19161,10013
9832,19162,10014
9833,19163,10015
9834,19169,1124
9835,4479,1124
9836,13535,1124
9837,13535,467
9838,19044,5874
9839,18599,10017
9840,6658,10018
9841,6658,10019
9842,19178,6005
9843,19107,508
9844,19186,10020
9845,19179,10021
9846,19168,10022
9847,19127,10023
9848,19126,10024
9849,19199,10025
9850,19177,10026
9851,19196,10027
9852,19192,10028
9853,19216,10029
9854,19216,10031
9855,19216,10030
9856,19159,10032
9857,19159,10033
9858,19198,10034
9859,19128,10035
9860,19165,10036
9861,19079,10037
9862,19119,10038
9863,18468,10039
9864,1134,4766
9865,19230,10041
9866,19223,10042
9867,19072,10043
9868,19235,3002
9869,19240,10045
9870,19241,10046
9871,17536,10047
9872,19220,10048
9873,19225,10049
9874,19184,10050
9875,19234,10051
9876,19239,10052
9877,19251,10053
9878,19236,10054
9879,19249,10055
9880,19152,10056
9881,19204,10057
9882,19267,10058
9883,19258,10059
9884,19262,10060
9885,19175,10061
9886,19140,10062
9887,19263,10063
9888,19274,10064
9889,19289,10065
9890,19010,10066
9891,19264,10068
9892,19278,10069
9893,19276,10070
9894,19187,10071
9895,19143,10072
9896,19256,10073
9897,18817,10074
9898,18906,10076
9899,19094,10077
9900,19206,10078
9901,19286,10079
9902,19293,10080
9903,1296,10081
9904,19306,10082
9905,19314,10083
9906,19227,10084
9907,19317,10085
9908,19311,10087
9909,19313,10088
9910,19318,10089
9911,19319,10090
9912,19320,10091
9913,15528,10092
9914,19321,10093
9915,19307,10094
9916,19135,10095
9918,3005,10097
9922,19332,10101
9923,19299,10102
9924,19333,10103
9926,19068,10104
9927,4787,10105
9928,19335,10106
9929,19338,10107
9930,9460,10108
9931,16906,10110
9932,12011,10111
9933,19376,10115
9934,19355,10116
9935,19354,10117
9936,19357,10118
9937,19305,10119
9938,19373,10120
9939,19296,10121
9940,19310,10122
9941,19352,10123
9942,19364,10124
9943,19386,10125
9944,19353,10126
9945,2888,10127
9946,19370,10128
9947,19356,10129
9948,19378,10130
9949,7500,10131
9950,19395,10132
9951,19142,10133
9952,19398,10136
9953,14936,10137
9954,10289,10138
9955,19396,10139
9956,17232,7646
9957,19394,10141
9958,16230,10142
9959,19361,10143
9960,19397,10144
9961,19382,10145
9962,19403,10146
9963,19392,10147
9964,19404,10148
9965,19405,10149
9966,18629,10150
9967,19316,10151
9968,17747,10152
9969,19401,10153
9970,6309,10154
9971,19391,10155
9972,19324,2703
9973,19324,10156
9974,19420,10157
9975,18469,10158
9976,18469,10159
9977,3533,4454
9978,19035,10135
9979,19060,10162
9981,19421,10163
9982,19218,10164
9983,18532,10134
9984,18950,10166
9985,9856,10167
9986,19426,10168
9987,19427,3322
9988,9850,10019
9989,16515,10170
9990,2139,10171
9991,1529,10172
9992,19443,10173
9993,19438,10174
9994,19446,10175
9995,19377,10176
9996,19458,10177
9997,19450,10178
9998,19244,10179
9999,19459,10181
10000,19290,10182
10001,19463,10183
10002,19469,10184
10003,19448,10185
10004,19473,10186
10005,19455,1219
10006,19424,10188
10007,4834,493
10009,19474,10189
10011,11992,1991
10012,19475,5781
10013,19334,10190
10014,19334,522
10015,19334,3772
10016,19334,10191
10017,19334,7079
10018,19334,10193
10019,19334,564
10020,15758,10194
10021,7490,10195
10022,16015,10196
10024,17236,10198
10025,7434,10199
10027,15728,10201
10028,13808,9760
10029,8450,526
10030,19484,10202
10032,13107,6081
10033,19488,10203
10034,19486,10204
10035,19490,3109
10036,9664,10206
10037,19507,10207
10038,19508,10208
10039,19351,10209
10040,19494,10210
10041,19164,10211
10042,19521,448
10044,19487,10212
10045,7937,3952
10046,19516,10214
10047,12041,10215
10048,19092,10216
10049,19525,10217
10051,19528,10218
10053,19526,10219
10054,13535,472
10055,19483,10220
10058,6788,10221
10059,4079,10222
10060,19524,10223
10061,19493,10224
10062,957,448
10063,7209,2115
10064,19540,6066
10065,19536,10225
10066,3009,10226
10067,19471,10227
10068,19387,10228
10069,11764,10229
10070,17328,10230
10071,19503,10231
10073,18864,10233
10074,19527,10234
10075,19552,10235
10081,19542,10238
10082,19510,10239
10083,1318,10240
10084,19441,10241
10085,19430,10242
10086,19551,10243
10087,19558,10244
10088,19561,10245
10090,19570,10246
10091,19566,10247
10092,7990,10248
10093,14016,1924
10094,17600,5305
10095,19593,10249
10096,5580,10250
10097,9374,10251
10098,17730,508
10099,18822,10252
10100,15298,10253
10101,4368,467
10102,4368,472
10103,7458,1755
10104,13753,3813
10105,6397,10255
10106,19569,10256
10107,19322,10257
10108,3943,1871
10109,3943,10258
10110,9473,10259
10111,2767,10260
10112,6445,495
10113,6445,532
10114,6445,491
10115,6445,485
10116,6445,514
10117,6445,505
10118,6445,6919
10119,17947,10261
10120,1631,10262
10121,19573,10263
10122,19562,10264
10123,19579,10265
10124,18989,10266
10126,19581,10268
10127,19535,10269
10128,19583,10270
10129,19585,10271
10130,19582,10272
10131,19589,10273
10132,19410,10274
10133,19592,10275
10134,19584,10276
10135,19596,10277
10136,19605,10278
10137,19603,10279
10138,15170,1037
10139,15170,10280
10140,1575,10281
10141,1132,1768
10142,16054,565
10144,3268,10282
10145,1064,467
10146,1690,10283
10147,13946,10284
10148,13946,818
10149,7173,4841
10150,7173,484
10151,7173,564
10152,5569,2393
10153,13351,6986
10154,6445,10285
10155,6445,535
10156,19602,10286
10157,19638,10287
10158,19616,10288
10159,19615,10290
10160,19639,10291
10161,19641,10292
10162,19609,10293
10164,17223,10294
10165,16298,10295
10166,19648,10036
10167,19629,10297
10168,19655,10298
10169,19647,10299
10170,19654,10300
10171,19657,10301
10172,19623,10302
10173,19479,10303
10174,19476,10304
10175,19662,10305
10176,19664,10306
10177,19666,10307
10178,19564,10308
10179,19464,10310
10180,19538,10311
10181,19532,10312
10182,19669,10313
10183,19701,7700
10184,14584,518
10185,7285,10315
10186,17648,10316
10187,19761,10317
10189,19673,10320
10190,6101,10321
10191,19678,10322
10192,19683,10323
10193,19705,10324
10194,19711,10325
10195,19649,10327
10196,19763,10328
10197,19766,10329
10198,19653,10330
10199,19737,10331
10200,19769,10332
10201,19693,10333
10202,1052,2408
10203,19770,10334
10204,19764,10335
10205,9916,10336
10206,9916,10337
10207,19702,10338
10208,19003,10116
10211,19719,10342
10216,19736,10347
10217,19736,10345
10218,19736,10346
10219,1244,10348
10220,1244,10349
10221,19729,10350
10222,19777,10351
10223,19778,10352
10225,19727,10355
10226,19720,10356
10227,19658,10357
10228,19731,10358
10229,19779,10359
10230,19774,10360
10231,19782,10361
10232,19733,10362
10233,19667,10363
10234,19722,10364
10235,19721,10365
10236,18654,10367
10237,19735,10368
10238,19753,10369
10239,19695,10370
10240,19757,10371
10241,19776,10372
10242,19478,10373
10243,19788,10374
10244,19760,10375
10245,19754,10376
10246,19734,10377
10247,18814,10378
10249,8793,10378
10250,19791,10379
10251,19790,10380
10253,19775,10382
10254,19706,10383
10255,19801,10384
10256,19800,10385
10257,19793,10386
10258,19780,10388
10259,19797,10389
10260,19417,10390
10261,19787,10391
10262,19723,10392
10263,16928,10393
10265,19795,10396
10266,19804,10397
10267,19803,10398
10268,19802,10399
10269,19794,10400
10272,19807,10405
10273,19182,10407
10274,19565,10408
10275,19815,10411
10278,19809,9962
10280,19819,10418
10281,19820,10419
10282,19746,10420
10283,19225,10421
10284,19806,10422
10285,19826,10423
10286,19822,10424
10287,19823,10425
10288,19830,10426
10289,19331,10427
10290,19833,10428
10291,1244,10429
10292,1244,10430
10293,1244,10431
10294,1244,10432
10295,1244,10433
10297,19825,10436
10298,19821,10437
10299,19837,10434
10300,19841,10439
10301,19756,10440
10302,19755,10442
10304,19813,4981
10305,19807,1890
10306,7560,4083
10307,12377,10447
10308,19853,10448
10309,11177,10449
10310,11681,10450
10311,19860,10453
10312,19848,10454
10313,19751,10455
10314,14091,845
10316,19835,10456
10317,14209,3595
10318,14211,3116
10319,19862,10457
10320,14214,3249
10321,14244,2134
10322,14248,3353
10323,14249,1528
10324,14271,1624
10325,14273,447
10326,14286,3118
10327,14341,2233
10329,14462,2678
10330,14463,5036
10331,14454,3546
10332,14455,2529
10333,14474,1069
10334,14501,1900
10335,14548,1852
10336,14588,2620
10337,14611,1991
10338,2762,8161
10339,19865,10459
10341,14547,3201
10342,19611,10461
10345,19864,10462
10346,19868,10463
10348,19849,10465
10349,19808,1274
10350,19808,10401
10352,17621,2485
10353,16368,4630
10354,19877,10466
10355,19876,10467
10356,19879,10468
10357,19863,10458
10358,19878,10469
10359,19875,10470
10360,19881,10471
10362,19827,10472
10363,19887,10473
10364,9892,4516
10365,19888,10474
10366,19884,10475
10367,13852,2152
10368,14451,2402
10369,14186,2343
10370,6303,3192
10371,19559,10476
10372,17708,5967
10373,19892,10196
10374,19896,10479
10375,19899,10480
10377,19816,10483
10378,19861,10484
10379,19907,10486
10380,19233,10487
10381,19688,10489
10383,19743,10491
10385,19922,10492
10386,19867,10493
10387,19908,10494
10390,19918,10498
10391,19726,10500
10392,19924,10501
10393,19925,10502
10394,19926,10503
10395,19897,10504
10396,19932,10505
10397,19917,10506
10398,19923,10507
10399,19856,10509
10401,8231,10511
10402,8231,10512
10408,19942,10508
10409,19956,10519
10410,19955,10520
10411,19957,10521
10412,19959,10522
10413,19960,10523
10414,19958,10524
10415,19954,10525
10416,19962,10526
10417,19913,10527
10418,19914,5474
10419,19640,10529
10420,19965,10530
10421,19953,10531
10422,19945,1496
10423,19969,10534
10424,19903,9898
10427,19981,10540
10428,19967,10541
10429,19984,10542
10430,11846,10354
10431,19912,10545
10433,1570,10538
10434,19987,10547
10435,19940,7886
10436,13827,10549
10437,19968,10550
10438,19348,10551
10439,19983,10552
10440,19998,10553
10441,19997,10554
10442,19985,10555
10443,20001,10556
10444,19911,10557
10445,20010,5399
10446,19966,10559
10447,20014,10560
10448,18965,10562
10449,19895,10563
10450,20012,10564
10451,19744,10565
10452,20028,10566
10453,19991,10568
10454,20025,10569
10455,20030,10570
10456,20032,10571
10457,20032,10572
10458,19963,10573
10459,6364,10574
10460,19944,10575
10461,19994,10577
10462,19964,10578
10463,20038,10579
10464,20034,10580
10465,20046,10581
10466,20047,10582
10467,20040,2602
10468,7807,4889
10469,20008,5316
10470,18861,10586
10471,19933,10587
10472,19916,10588
10473,20039,10589
10474,20057,10590
10475,20056,10591
10476,20065,10592
10477,20071,10593
10478,20075,10594
10479,19990,10595
10480,20073,10596
10481,20076,10597
10482,20077,10598
10483,19977,10599
10484,11422,10600
10486,20082,10603
10487,20085,10604
10488,20090,10606
10489,20053,10607
10490,20094,10608
10491,20093,10609
10492,20018,10610
10493,20011,10611
10495,20103,5970
10496,20105,10615
10497,20068,10616
10498,20107,10617
10501,19859,10618
10502,19844,10619
10503,18905,10620
10504,4738,10621
10505,20110,10622
10506,15940,10623
10507,20106,10624
10508,20020,10625
10509,19951,10626
10510,20060,10628
10511,19852,10629
10512,20045,10630
10513,20024,10631
10514,20081,10632
10515,20042,10633
10516,19656,10634
10517,20126,10636
10518,19809,10637
10520,20132,10639
10522,20129,10641
10523,20128,10642
10524,20091,10643
10525,20059,10644
10526,20104,10645
10527,20136,10646
10528,984,10647
10529,16605,10648
10530,20133,10649
10531,20140,10650
10532,20122,10651
10533,20141,10652
10534,20114,10653
10535,20144,10654
10536,20119,10655
10537,20147,4956
10538,20148,10657
10539,20151,10658
10541,20146,10660
10542,11422,10662
10543,20156,10663
10544,20135,10664
10545,20157,10665
10546,20158,10666
10547,20159,10668
10548,11887,10669
10549,20143,10670
10551,11320,1942
10552,20163,10671
10554,20167,10672
10555,19870,10674
10556,19902,10675
10557,19014,10676
10558,20149,10677
10559,20171,10678
10560,20179,10679
10561,20137,10680
10562,20186,10681
10563,20181,10682
10564,20134,10683
10565,20190,10684
10566,20191,10685
10567,20188,10686
10568,20195,10687
10569,20197,10689
10570,20172,10690
10571,20192,10691
10572,20175,10692
10573,20200,10693
10574,9916,10694
10575,20016,10695
10577,19941,10697
10578,20207,10699
10579,20208,10700
10580,20202,10701
10581,20205,10702
10582,20142,10703
10583,20211,10704
10584,20215,10705
10585,20178,10706
10586,20218,10707
10587,20214,10708
10588,15139,1056
10589,20212,10709
10590,20213,2018
10591,20222,10712
10593,4368,10713
10594,20153,10714
10595,18491,9831
10596,20228,10716
10597,20229,10717
10598,20231,10718
10599,20233,10719
10600,20234,10720
10601,20237,10721
10602,20235,10723
10603,20154,10724
10605,20241,10726
10606,20236,10727
10607,20098,10728
10608,20242,10729
10610,20023,10731
10611,20089,10732
10612,20203,10733
10613,20169,10734
10614,15701,5271
10615,20245,10735
10616,20108,10736
10617,20209,10738
10618,20206,10740
10619,20220,10741
10620,20253,10742
10621,20189,10743
10622,19898,10745
10623,20254,10746
10624,20259,9850
10625,20261,10749
10626,20130,10750
10627,20256,10751
10628,19854,10752
10629,20243,10753
10630,20263,10754
10631,19622,10755
10632,20223,10756
10633,1047,505
10634,1047,506
10635,20266,10757
10636,20281,10758
10637,20258,10759
10638,20285,1736
10639,17730,507
10640,20185,10761
10641,20294,10762
10642,20117,10763
10643,20265,10764
10644,20301,10765
10645,20302,10766
10646,20300,10767
10647,20250,10768
10648,20306,10769
10649,20308,10770
10651,20303,883
10652,11746,2043
10653,20311,10773
10654,20309,10774
10655,20251,10775
10656,20176,10776
10657,20007,10777
10658,20009,10778
10659,20252,10779
10660,20296,10781
10661,20257,10782
10662,20255,10783
10663,5696,10784
10664,20315,10785
10665,2310,10786
10666,20317,10787
10667,19919,8573
10668,19871,10789
10669,20322,10790
10670,18864,10792
10671,20331,10794
10672,20328,10795
10673,20221,10796
10674,20330,10797
10675,7985,10798
10676,20337,10799
10677,7146,9938
10678,20339,10801
10679,19717,10803
10680,20334,10804
10681,7436,10805
10682,20329,10807
10683,20355,10808
10684,20357,10809
10685,20314,10810
10686,20381,10811
10687,20382,10812
10688,20383,10813
10689,14408,10814
10690,20064,10815
10691,20385,10785
10692,20387,10817
10693,20368,10818
10694,20389,10819
10696,20325,10821
10697,20290,10822
10698,20384,10823
10699,20390,10570
10700,20333,10827
10701,20396,10828
10703,20401,10831
10704,20406,10832
10705,20375,10833
10706,20410,10834
10707,20411,10835
10708,20287,10836
10709,20363,10837
10710,20415,10838
10711,20417,10839
10712,20420,10840
10713,20423,10841
10714,20426,10842
10715,20428,10843
10716,20080,10844
10717,20193,10845
10718,20431,10846
10719,20432,10847
10720,20392,10848
10721,20427,10849
10722,20405,10850
10723,20425,10851
10724,20434,10852
10725,19839,10854
10726,17204,10855
10727,20399,10856
10728,9324,10858
10729,20439,10859
10730,20442,9333
10731,20449,10861
10732,20444,10862
10733,13407,10863
10734,20450,10864
10735,19672,10865
10737,6062,613
10739,12698,5338
10740,16328,6509
10741,1570,1840
10742,15403,10613
10743,20353,10867
10744,20446,10868
10745,20448,10869
10746,20452,10870
10747,20414,10871
10748,20451,10872
10749,20459,10873
10750,20460,10874
10751,20343,10875
10753,20466,10876
10754,20462,10877
10755,20463,10878
10756,17279,10879
10757,20378,10880
10758,20438,10882
10760,20483,10884
10761,20445,10885
10762,20377,10886
10763,18870,10887
10764,20486,10888
10765,20485,10889
10766,20457,10891
10767,19566,10892
10768,20490,10893
10769,20454,10894
10770,20316,10895
10771,20424,10896
10772,20495,10897
10773,20497,10898
10774,20496,10899
10775,20404,10900
10776,20494,10901
10777,20019,10902
10778,20511,10903
10779,20299,10904
10780,20513,10906
10781,20393,10907
10782,20517,10908
10783,20511,10910
10784,12047,2018
10785,20523,10911
10786,20521,10912
10787,18941,2018
10788,20529,10913
10790,20526,10914
10791,20380,10915
10792,20436,10916
10793,20509,10917
10794,20037,10918
10795,15526,10919
10796,20540,10920
10797,20541,10921
10798,20536,10922
10799,20542,10923
10800,20543,10925
10801,20531,10926
10802,14541,10928
10803,14541,10927
10805,20551,10930
10806,20550,10931
10807,20548,10847
10808,20547,10933
10809,20324,10934
10810,20324,10935
10811,20005,10936
10812,20515,10937
10813,20504,10938
10814,20557,10939
10816,13545,562
10817,8705,10941
10818,8705,10942
10819,8705,2046
10820,20561,10943
10821,19506,10946
10822,20571,10947
10826,7888,10949
10827,20563,10950
10828,20552,10951
10829,7888,4761
10830,14337,474
10831,14691,474
10832,987,542
10833,14782,474
10834,20577,10952
10835,20575,10953
10836,20416,10954
10837,20559,10955
10838,20412,10956
10839,20533,10957
10840,20480,10958
10841,20580,10959
10842,20438,10960
10843,20438,10961
10844,20438,5423
10845,20606,10963
10846,20569,10964
10847,20614,10965
10848,20592,10966
10849,20619,10967
10850,20335,10968
10851,20072,10969
10852,20624,10970
10853,20572,10971
10854,20607,10973
10856,20627,10975
10859,20626,10976
10861,20627,6480
10862,20628,10977
10863,20631,10978
10864,20636,10979
10865,20633,10980
10866,20310,10981
10867,20310,10982
10868,20366,10983
10869,8265,10984
10870,19927,10984
10871,20503,10985
10872,20640,10986
10873,20477,10987
10874,20576,10988
10875,20620,10989
10876,20612,10991
10877,20642,10992
10878,20613,10993
10879,20498,10994
10880,20646,10995
10881,20573,10996
10882,20625,10997
10883,20545,10998
10884,20623,10999
10885,995,536
10886,20652,11000
10887,20654,11001
10888,20661,11002
10889,20645,11004
10890,20663,11005
10891,20664,11006
10892,20659,11007
10893,20516,11008
10894,20516,11009
10895,20675,11010
10896,20672,11012
10898,20470,11016
10899,20470,526
10900,20683,11018
10901,20679,11019
10902,20684,11020
10903,20677,11021
10904,20686,11022
10905,19862,11023
10906,20692,11025
10907,20702,11026
10908,20066,11027
10909,20554,11028
10910,20070,11029
10911,20505,11031
10912,20527,11032
10913,20590,11033
10914,20685,11034
10915,20705,11035
10916,20706,11036
10917,9718,566
10918,20711,11037
10919,20713,11038
10920,20714,11039
10921,20715,11040
10922,20678,11041
10923,20718,11042
10924,14726,1417
10925,20720,11043
10926,20113,11044
10927,20721,11045
10928,20716,11046
10929,20723,11047
10930,20725,11048
10931,20724,11049
10932,15691,11050
10933,19689,11051
10934,2001,11052
10935,4249,11053
10936,12469,11054
10937,20732,11055
10938,13996,11057
10939,20373,11058
10940,20735,11059
10941,20736,11060
10942,20726,11061
10943,20728,11062
10944,20745,11063
10945,20746,11064
10946,20712,11065
10947,20747,11066
10948,20748,11067
10949,20566,11069
10950,20566,11068
10951,20566,11070
10952,20752,11071
10953,20247,11072
10954,20648,1725
10955,20760,11074
10956,20336,11075
10957,20658,11076
10958,20694,11077
10959,20756,11079
10960,20731,11080
10961,2347,11081
10962,2347,11082
10963,2347,11083
10964,2347,11084
10965,2347,11116
10966,2347,11087
10967,2347,11088
10968,2347,11089
10969,2347,11090
10970,2347,1138
10971,2347,5633
10972,2347,11093
10973,2347,11094
10975,2347,11096
10976,2347,11097
10977,2347,11098
10978,2347,11099
10979,2347,11100
10980,2347,11101
10981,2347,2404
10982,2347,11103
10983,2347,11117
10984,2347,11105
10985,2347,11106
10986,2347,11107
10987,2347,11108
10989,2347,11110
10990,2347,11111
10991,2347,11112
10992,2347,11113
10993,2347,11114
10994,2347,11115
10995,20693,11118
10996,1410,11119
10998,20776,11122
10999,19660,11123
11000,20657,11124
11001,20782,11125
11002,14742,11126
11003,20796,11127
11004,20791,11128
11005,20801,11129
11006,20783,11130
11007,6659,11131
11008,20799,11132
11009,20798,11133
11010,20145,11134
11011,20774,11137
11012,20474,11138
11013,20790,11139
11014,20809,11140
11015,20810,11141
11016,20819,11142
11017,20794,11143
11018,20829,11144
11019,20815,11147
11020,20842,11148
11021,7639,11149
11022,20832,11151
11023,20843,11152
11024,20831,11153
11025,20837,11154
11026,20759,11155
11027,15538,11156
11028,19972,11157
11029,19972,11158
11030,20578,11159
11031,20710,11160
11032,20811,11161
11033,20844,11162
11034,20845,11163
11035,20834,11164
11036,20815,11165
11037,20840,11166
11038,20812,11167
11039,20853,11168
11040,20848,11169
11041,7726,11170
11042,20816,11171
11043,20562,11172
11044,20867,11174
11045,20826,11175
11046,17972,11178
11047,20871,11180
11048,20789,11181
11049,19466,11182
11050,20885,11183
11051,20888,11185
11052,20184,11186
11053,20890,11187
11054,20891,11188
11055,20892,11189
11056,10121,11190
11057,20899,11191
11058,20881,11192
11059,20905,11193
11060,20878,11194
11061,20901,11195
11062,20668,11196
11063,20733,11197
11065,20886,11198
11066,20805,11199
11067,20850,11200
11068,20902,11201
11069,20910,11202
11070,20911,11203
11071,20866,11204
11072,20729,11205
11073,20887,11207
11074,20874,11208
11075,18905,11209
11076,20919,11210
11077,16036,11211
11078,20920,11212
11079,20898,11213
11080,20605,11214
11081,20689,11215
11082,20739,11216
11083,20804,11217
11085,1171,514
11086,20906,11221
11087,20924,11222
11088,20923,11223
11089,5553,11224
11090,20927,11225
11091,20699,11226
11092,20908,11227
11093,20938,11228
11094,19096,11229
11095,20928,11230
11096,20934,11231
11097,19098,11232
11098,19098,11233
11099,20893,11234
11100,20939,11236
11101,20941,11237
11102,20879,11238
11103,20933,11239
11104,20525,11240
11105,20948,11241
11106,20931,11242
11107,13753,4858
11108,20954,11245
11109,20965,11246
11110,20971,11247
11111,20964,11248
11112,20976,11249
11113,20967,11251
11114,20777,448
11115,15984,498
11116,20750,11252
11117,20869,11253
11118,20968,11254
11119,20959,11255
11120,20957,11256
11121,20975,11257
11122,20930,11258
11123,20914,11261
11124,20932,11262
11125,18911,11263
11126,20943,11265
11127,20988,11267
11128,7908,11268
11129,20955,11269
11130,20991,11270
11131,20995,11271
11132,20952,11273
11133,20962,11276
11134,20980,11277
11135,14596,562
11136,20942,562
11137,21003,11278
11138,21008,11279
11139,20986,11280
11140,21014,11281
11141,21016,11282
11142,21018,11283
11143,21017,11284
11144,21007,11285
11145,20653,11286
11146,20813,11287
11147,21043,11288
11148,21015,11289
11149,21056,11290
11150,21052,11291
11151,20969,11292
11152,21065,11293
11153,20872,11294
11154,21068,11295
11155,21044,11296
11156,20374,11298
11157,20918,11299
11158,21077,11300
11159,21082,11301
11160,21083,11302
11161,21085,11303
11162,21086,11304
11163,19269,11305
11164,20744,11306
11165,13885,596
11166,13885,598
11167,13885,597
11168,13885,11307
11169,21089,11308
11170,21090,11309
11171,21092,11310
11172,21072,11311
11173,21099,11312
11174,21101,11313
11175,20102,11314
11176,21053,11315
11177,21053,11316
11178,21069,11317
11181,20977,11320
11182,20341,11321
11183,20951,11322
11184,21057,11323
11185,20958,11324
11189,21095,11328
11190,21121,11329
11191,21121,11330
11192,20833,11331
11193,21113,11332
11194,21123,11333
11195,21054,11334
11196,21108,11335
11197,21102,11336
11198,21102,11337
11199,21102,11338
11200,21132,11340
11201,20982,11341
11202,21138,11342
11203,21139,11343
11204,18409,11344
11205,21110,11345
11206,20582,11346
11207,21120,11347
11208,21063,11349
11209,21146,11350
11210,21144,11351
11211,10325,11352
11212,21166,11354
11213,21081,11355
11214,21145,11356
11215,4599,11357
11216,20913,11358
11217,21115,11361
11218,20525,11362
11219,20761,11363
11221,21157,11365
11222,20180,11366
11223,21173,11367
11224,21188,11364
11225,21020,11368
11226,21020,11369
11227,20793,11370
11228,21002,11371
11229,21087,11372
11230,21093,11373
11231,21171,11374
11232,21169,11375
11233,21177,11376
11234,20288,11377
11235,21179,11378
11236,21185,11379
11237,21143,11380
11239,19588,10659
11240,19588,11382
11241,19588,11383
11242,19588,11384
11243,21155,11385
11244,20212,11386
11245,20937,11387
11246,21196,11388
11247,21196,11389
11248,17522,11390
11249,20792,6044
11250,20655,11392
11251,20610,11393
11252,20983,11394
11253,21208,11396
11254,21193,11397
11255,21211,11398
11256,21094,11399
11257,18482,11400
11258,21213,11401
11259,17312,2796
11260,15854,11402
11261,20386,11403
11262,21186,11404
11263,21222,11405
11264,21223,11406
11265,13619,11407
11266,20476,10883
11267,21203,11411
11268,20525,11412
11269,21156,11413
11270,21148,11414
11271,21070,11415
11272,20753,11416
11273,16298,11417
11274,20558,11418
11275,21175,11420
11276,21210,11422
11277,1080,11424
11278,21004,11425
11279,21233,11426
11280,21075,11427
11281,21237,11428
11282,21150,11429
11283,21238,11431
11284,21236,11432
11285,21241,11434
11286,21243,11435
11287,21245,11436
11288,20857,11437
11289,21249,11438
11290,21164,11439
11291,21247,11440
11292,21246,11441
11293,21250,11442
11294,21153,11443
11295,20884,11444
11296,21256,11445
11297,21011,11446
11298,21011,11447
11299,21257,11448
11300,966,448
11301,21225,11449
11302,21231,11450
11303,21273,11452
11304,21274,11453
11305,21277,11454
11306,21285,11455
11307,19708,11456
11308,21290,11457
11309,21246,11458
11310,21239,11459
11311,21100,11461
11312,21209,11462
11313,20313,11463
11314,21218,11464
11315,21050,11465
11316,20954,11466
11317,21297,11467
11318,21304,11468
11319,21305,11469
11320,1655,11470
11321,9916,10127
11322,9916,4267
11323,9916,3645
11324,21309,11472
11325,21316,11473
11326,21318,11474
11327,21319,11475
11328,21324,11476
11329,21224,11477
11330,21327,11478
11331,21328,11480
11332,21325,11481
11333,21202,11482
11334,21286,11483
11335,21336,11485
11336,21338,11486
11337,21340,11487
11338,21266,11488
11339,21345,11489
11340,21281,11490
11341,21348,11491
11342,21217,11492
11343,21350,11493
11344,21351,11494
11345,21124,11495
11346,21354,11497
11347,21352,11498
11348,21326,11499
11349,20824,11500
11350,21365,11501
11351,21364,499
11352,21287,11502
11353,21373,11503
11354,21372,11504
11355,21343,11505
11356,15221,11506
11357,21302,11507
11358,14460,11509
11359,20437,11510
11360,21346,11511
11361,21248,11512
11362,21362,11513
11363,21380,11514
11364,21379,11515
11365,19864,11516
11366,961,590
11367,20966,11518
11368,21392,11519
11369,21315,11520
11370,19986,11521
11371,21395,11522
11372,21331,11523
11373,21411,11524
11374,21412,11525
11375,21230,11526
11376,21294,11527
11377,21417,11528
11378,21418,11529
11379,21337,11530
11381,21385,11531
11382,21390,11532
11383,21323,11533
11384,21425,11534
11385,10550,11535
11386,6779,11536
11387,21369,11537
11388,20836,11538
11390,21320,11540
11391,21306,11541
11392,20356,11542
11393,21382,11543
11394,21361,11544
11395,21432,11545
11396,3583,11546
11397,21378,11547
11398,21279,11548
11401,21384,11549
11402,21434,11550
11403,13836,11551
11404,21271,11552
11405,21437,11553
11406,10254,11554
11407,10254,11556
11408,10254,11557
11409,10254,11558
11410,10254,11559
11411,10254,11560
11412,10254,11561
11413,10254,11562
11414,10254,11563
11415,10254,11565
11416,21439,11566
11417,21444,11567
11418,21446,11568
11419,21446,9865
11420,20568,11570
11421,21111,11571
11423,21436,11573
11424,21442,11574
11425,21408,11439
11426,21448,11575
11427,21364,498
11428,21452,11576
11429,19334,4766
11430,17686,11578
11431,17686,11583
11432,17686,11581
11433,15016,11584
11434,21415,11585
11435,21459,11586
11436,21377,11587
11437,3943,11588
11438,21409,11589
11439,21463,11590
11440,21464,11591
11441,21168,11592
11442,20329,11593
11443,21449,11594
11444,19351,11595
11445,21255,11596
11447,21471,11597
11448,14129,877
11449,21454,11599
11450,21479,11600
11451,21147,11601
11452,21431,11602
11453,21295,11603
11454,21295,11604
11455,9916,11605
11456,9916,11606
11457,9916,11607
11458,9916,11608
11459,9916,11609
11460,9916,1148
11461,9916,11611
11462,9916,11612
11463,21482,11613
11464,21483,11614
11465,21484,11615
11466,21490,11616
11467,21492,11617
11468,20909,11619
11469,21215,11620
11470,21488,11621
11471,20777,473
11472,19109,523
11473,19109,448
11474,20129,11622
11475,21465,11623
11476,21502,11624
11477,21502,11625
11478,21427,11626
11479,16422,11627
11480,21503,11628
11481,21391,11629
11482,21505,11630
11483,21468,11631
11484,21470,11632
11485,21520,11633
11486,21523,11634
11487,21525,11635
11488,19744,11344
11489,21469,11636
11490,19043,11637
11491,21480,11638
11492,20690,11639
11493,21536,11640
11494,21491,11641
11495,21366,11642
11496,21252,11643
11497,21371,11644
11498,21534,11645
11499,21537,11646
11500,21538,11647
11501,21550,11649
11502,21386,11650
11503,21559,11651
11504,21552,11652
11505,21568,11653
11506,21507,11654
11507,21571,11655
11508,21521,11656
11509,21572,11657
11510,21573,11658
11511,21576,11659
11512,21556,11660
11513,21578,11661
11514,20604,11662
11515,21169,11663
11516,21579,11664
11517,21561,11665
11518,21544,11666
11519,9892,11667
11520,9892,11668
11521,9892,11669
11522,9892,11671
11523,9892,11672
11524,9892,11673
11525,9892,11674
11526,9892,11675
11529,1057,523
11530,13838,7632
11531,13838,9849
11532,13838,4738
11533,13838,9848
11534,21580,11680
11535,21462,11681
11536,21588,11682
11537,14610,564
11538,21591,11683
11539,17681,11684
11540,21560,11685
11541,21416,11686
11542,21510,11687
11543,21443,11688
11544,21355,11690
11545,21540,11691
11546,20996,499
11547,20669,11692
11549,21506,11694
11550,21522,11695
11551,21553,11696
11552,21565,11697
11553,21567,11698
11554,21594,11699
11555,21584,11700
11556,21466,11701
11557,2593,523
11558,21607,11702
11559,21564,11703
11560,21616,11704
11561,19880,11705
11562,21629,11706
11563,21629,11707
11564,21631,11708
11565,21632,11709
11566,21608,11710
11567,21635,11711
11568,21590,11712
11569,21627,11713
11570,17020,11714
11571,21642,11572
11572,21646,11715
11573,21638,11716
11574,14462,845
11575,21615,11717
11576,21557,11718
11577,21641,11719
11578,19099,11720
11581,21650,11723
11582,21654,11724
11583,21662,11725
11584,21647,11726
11585,21666,11728
11586,21671,11729
11587,8181,11730
11588,8181,11731
11589,21515,11732
11590,21674,11733
11591,21032,11734
11592,21677,11735
11593,21645,11736
11594,21679,11737
11595,21595,11743
11596,21595,11740
11597,21595,11741
11598,21685,11744
11599,21684,11745
11600,21606,11746
11601,21643,11747
11602,8491,11748
11603,8491,11749
11604,8491,11750
11605,21691,11751
11606,21693,11752
11607,21692,11753
11608,21659,11754
11609,21676,11755
11610,21370,11757
11611,21701,11766
11612,21704,11767
11613,21698,11768
11614,21668,11769
11615,20727,11770
11616,21709,11771
11617,21694,11772
11618,2223,11773
11619,21718,11774
11620,21719,11776
11621,21653,11777
11622,20164,11778
11623,21720,11779
11624,21721,11780
11625,21689,11781
11626,21689,11782
11627,7691,564
11628,10410,11783
11629,10410,11784
11630,21726,11785
11631,21727,11786
11632,21715,11787
11633,20944,11788
11634,21710,11789
11635,21731,11790
11636,21575,11791
11637,21533,11792
11638,21739,11793
11639,21740,11794
11640,21728,11795
11641,21612,11796
11642,21735,11797
11643,21678,11798
11644,21716,11799
11645,13941,1068
11646,21673,11800
11647,21682,11801
11648,21708,11802
11649,20198,11803
11650,21750,11804
11651,21702,11805
11652,21756,11806
11653,21592,11807
11654,21754,11808
11655,21766,11809
11656,21775,11810
11657,18597,9768
11658,18597,11811
11660,13034,597
11661,21769,11813
11662,21640,11814
11663,21703,11815
11664,15757,11816
11665,21625,11817
11666,21790,11818
11667,21783,11819
11668,21783,11823
11669,21783,11826
11670,21783,11820
11671,21783,11821
11672,21783,11822
11673,21749,11827
11674,21517,11828
11675,21648,11830
11676,21801,11831
11677,21438,11832
11678,21798,11833
11679,21798,11835
11680,21809,11836
11681,21706,11837
11682,1029,476
11683,21187,11838
11684,21819,11839
11685,21826,11840
11686,20700,11841
11687,21623,11842
11688,21776,11843
11689,21829,11844
11690,21729,11845
11691,21794,11848
11692,21822,11849
11693,21831,11850
11694,21096,11851
11695,21834,11852
11696,20823,11853
11697,20860,11854
11698,21407,11855
11699,21267,11856
11700,21768,11857
11701,21598,11858
11702,21825,11859
11703,21844,11860
11704,21527,11862
11705,21841,11863
11706,21687,11865
11707,21736,11868
11708,21786,11869
11709,21848,11870
11710,18689,11871
11711,21791,11872
11712,21851,11873
11713,21854,11874
11714,19810,11875
11715,21761,11876
11716,21853,11877
11717,21878,11878
11718,21424,11879
11719,21874,11880
11720,21835,11881
11721,21881,11882
11722,19390,11883
11723,21887,11884
11724,21883,11885
11725,20594,11886
11726,20511,11887
11727,21892,11396
11728,21893,11889
11729,21795,11890
11730,21738,11891
11731,21803,1890
11732,21833,11893
11733,5951,11894
11734,21888,11895
11736,21849,11897
11737,21896,11898
11738,10254,11899
11739,10254,11904
11740,10254,11900
11741,10254,11901
11742,10254,11903
11743,21855,11906
11744,21838,11907
11745,21890,11908
11746,21902,11909
11747,21793,11910
11748,21861,11911
11749,21904,11912
11750,21840,11913
11751,21907,11914
11752,21879,11915
11753,21910,11916
11754,21639,11917
11755,21913,11918
11756,21903,11919
11757,21843,11920
11758,21882,11921
11759,21915,11922
11760,21799,11923
11761,21746,11924
11762,21832,11925
11763,21663,11926
11764,21894,11927
11765,21922,11928
11766,21897,11929
11767,12144,11856
11768,21837,11930
11769,21758,11931
11770,20807,11933
11771,21936,11934
11772,21938,11935
11773,21942,11936
11774,21916,11937
11775,21941,11939
11776,17629,11938
11777,21933,11940
11778,21945,11941
11779,21946,11942
11780,21947,11943
11781,17229,11944
11782,20869,11945
11783,21952,11946
11784,15583,11947
11785,21935,11948
11786,984,11949
11787,21951,11951
11788,21592,11954
11789,21592,11952
11790,21592,11953
11791,21964,11955
11792,19032,11956
11793,12176,11958
11794,21966,11128
11795,21974,11960
11796,21961,11961
11797,21810,11962
11798,21987,11963
11799,21982,11964
11800,21965,11966
11801,21928,11967
11802,21988,11968
11803,21842,11969
11804,21963,11970
11805,8181,11971
11806,5550,11972
11807,22011,11973
11808,22011,11974
11809,21792,11975
11810,22010,11976
11811,22010,11978
11812,22001,11979
11813,22018,11980
11814,22020,11981
11815,21586,11982
11816,22016,11983
11817,21970,11984
11818,9460,11986
11819,21931,11988
11820,21971,11989
11821,21064,11990
11822,22030,11991
11823,22031,11992
11824,22032,11993
11825,22035,11994
11826,21574,11995
11827,22009,11996
11828,11936,11997
11829,21950,11998
11830,21456,11999
11831,21943,12000
11832,22004,12001
11833,22046,12002
11834,22047,12003
11835,21911,12004
11836,22008,12005
11837,21973,12006
11838,21419,12007
11839,21949,12008
11840,22025,12009
11841,22039,12010
11842,22044,12011
11843,22003,12012
11844,22024,12013
11845,22075,12014
11846,10254,12015
11847,22079,12016
11848,22082,12017
11849,6820,12018
11850,6820,12019
11851,22028,12020
11852,22033,3920
11854,22033,6062
11855,22013,12027
11856,22013,12026
11857,22026,12028
11858,21846,12029
11859,22080,12030
11860,22023,12032
11861,21562,12033
11862,22099,12034
11863,6659,12035
11864,8231,4847
11865,19091,12037
11866,22105,12038
11867,15712,5083
11868,21972,12039
11869,22055,12040
11870,22055,12041
11871,22106,12042
11872,22109,12043
11873,21681,12044
11874,22113,12045
11875,7639,12047
11876,7639,12048
11877,7639,12046
11878,19307,12049
11879,8231,12050
11880,8231,12051
11881,18017,12052
11882,22103,12053
11883,22103,12054
11884,22122,12055
11885,22062,12056
11886,22121,12057
11887,22117,12058
11888,22027,12059
11889,22115,12060
11890,22036,12061
11891,22022,12062
11892,22005,12063
11893,21767,12065
11894,22104,12066
11895,22118,12068
11896,22065,12070
11897,21823,12072
11898,22102,12073
11899,22083,12074
11900,22091,12075
11901,22120,12076
11902,22136,12077
11903,22135,12078
11904,22134,12079
11905,17870,4528
11906,10550,3888
11907,22124,12080
11908,22067,12081
11909,19607,12084
11910,22088,12085
11911,10142,4847
11912,5083,4847
11913,11798,4847
11914,22017,12086
11915,22131,12087
11916,22143,12088
11917,21996,12090
11918,21812,12091
11919,22137,12092
11920,22146,12093
11921,22171,12094
11922,22172,12095
11923,22166,12096
11924,22141,12097
11925,22152,12098
11927,22051,1540
11928,22051,11721
11929,22051,11722
11930,22051,596
11931,21898,11792
11932,22151,12100
11933,22127,12101
11934,22147,12102
11935,12307,573
11936,8961,460
11937,13675,4729
11938,22099,4948
11939,22094,12103
11940,22190,12104
11941,22015,12105
11942,22107,12106
11943,22193,12107
11944,22126,12108
11945,22196,12109
11946,14706,2883
11947,22195,12110
11948,14340,3230
11949,14284,1263
11950,21613,12112
11951,21724,12113
11952,21845,12114
11953,22191,12115
11954,21953,12116
11955,22170,12117
11956,22201,12118
11957,22158,12119
11958,22061,12121
11959,22183,12123
11960,22212,12124
11961,22205,539
11962,3533,12125
11963,21788,12126
11964,22229,12127
11965,21358,12128
11966,22216,12129
11967,22235,12130
11968,22236,12131
11969,21626,12132
11970,22112,12133
11971,22247,12135
11972,22246,12136
11973,22259,12137
11974,22263,12138
11975,22264,12139
11976,22021,460
11977,20942,4148
11978,22132,12140
11979,21814,12141
11980,22267,12142
11981,22268,12143
11982,21937,12144
11983,22269,12145
11984,22052,12146
11985,21994,499
11986,21962,12147
11987,22182,12148
11988,22207,12150
11989,22174,12151
11990,22199,12152
11991,7116,12153
11992,22280,12154
11993,22226,12155
11994,22226,4841
11995,22226,484
11996,22226,564
11997,22226,6038
11998,22286,12156
11999,21994,498
12000,1080,12157
12001,14597,485
12002,21258,12158
12003,22128,12159
12004,22303,12160
12005,22304,12161
12006,22305,12162
12007,22306,12163
12008,22307,12165
12009,22310,12166
12010,22312,12168
12011,22311,12169
12012,22314,12170
12013,22313,12171
12014,22316,12172
12015,22318,12173
12016,22283,12175
12017,22309,12176
12018,22266,12177
12019,22325,12178
12020,22334,12179
12021,22294,12180
12022,22294,12181
12023,22335,12182
12024,21914,12183
12025,22328,12185
12026,20775,12186
12027,22273,12187
12028,22273,12188
12029,22273,12189
12030,22273,12190
12032,14805,603
12033,22326,12191
12034,22282,12192
12035,22282,12193
12036,1080,12195
12037,1080,12196
12038,22339,12197
12039,22340,12198
12040,22338,12199
12041,1080,12200
12042,22342,12201
12043,22296,12203
12044,22296,12204
12045,22346,12205
12046,22317,12206
12047,22275,12207
12048,22291,12208
12049,22350,12209
12050,22332,12210
12051,20734,12211
12052,22347,12214
12053,22354,12215
12054,18451,12216
12055,20754,11053
12056,22237,12217
12057,22323,12218
12058,22358,12219
12059,21978,12220
12060,22181,12221
12061,22233,12222
12062,22302,12223
12063,22362,12224
12064,22361,12225
12065,22320,12226
12066,22365,12227
12067,22367,12228
12068,22368,12229
12069,21122,8528
12070,22375,12230
12071,22377,12231
12072,22363,12232
12073,22363,12233
12074,22363,12234
12075,17262,5123
12076,5575,7852
12077,22380,12235
12079,22173,12237
12080,22384,12238
12081,22353,12239
12082,22110,12240
12083,21976,12241
12084,22352,12242
12085,14250,1822
12086,22379,12243
12087,22393,12244
12088,17280,3766
12089,22349,12245
12090,22373,12246
12091,22385,12247
12092,21979,12248
12093,14536,2806
12094,22108,12252
12095,22359,12253
12096,22401,12254
12097,22355,12255
12098,22343,12256
12099,22416,12257
12100,22248,12258
12101,22414,12259
12102,19486,12260
12103,22396,12261
12104,22407,12262
12105,22407,12263
12106,22407,12266
12107,22407,12267
12108,22418,12268
12109,22403,12269
12110,22403,12270
12111,22419,12271
12112,22425,12273
12113,21219,12274
12114,22426,12277
12115,22427,12279
12116,16325,12280
12117,22428,12281
12118,22417,12282
12119,22411,12284
12120,11887,12285
12121,21827,12286
12122,22388,12287
12123,22408,12288
12124,21619,12289
12125,22439,12290
12126,6033,12291
12127,6571,12292
12128,22432,12293
12129,22441,12294
12130,22445,12295
12131,22443,12296
12132,22423,12298
12133,22423,12297
12134,22447,12299
12135,22450,12300
12136,2347,12302
12137,22387,12303
12138,22265,12304
12141,8491,12305
12142,8491,12306
12143,8491,12307
12144,22456,12308
12145,22440,12309
12146,22391,12310
12147,22457,12311
12148,22459,12312
12149,22462,12313
12150,22465,12314
12151,19300,12315
12152,22469,12316
12153,22468,12317
12154,22463,12318
12155,14508,12319
12156,14508,12321
12157,14508,12320
12158,22473,12322
12159,22480,12324
12160,22481,12325
12161,22479,12326
12162,7639,12327
12163,7494,12329
12164,22199,12330
12165,22374,12331
12166,22478,12332
12167,22494,12333
12168,22140,12334
12169,22257,12335
12170,1706,12337
12171,1706,12338
12172,22492,12339
12173,22256,12340
12174,22471,12341
12175,22499,12343
12176,22498,12344
12177,22378,12345
12178,22505,12346
12179,22510,12348
12180,22511,12349
12181,22512,12350
12182,22501,12351
12183,22506,12352
12184,22519,12354
12185,22518,12355
12186,22503,12356
12187,22477,12357
12188,22527,12358
12189,22482,12359
12190,22059,12360
12191,22509,12361
12192,22429,12362
12193,22502,12363
12194,22532,4311
12195,22513,12365
12196,21651,12366
12197,22537,12368
12198,22529,12369
12199,22556,12370
12200,22539,12372
12201,21276,12373
12202,22557,12374
12203,22558,12375
12204,22486,12376
12205,22561,12377
12206,22526,12378
12207,21958,12379
12208,22563,12380
12209,7068,12381
12210,10924,3325
12211,10924,12382
12212,22442,12383
12213,22567,12384
12214,22448,12385
12215,22262,12386
12216,22194,12387
12217,20139,10025
12218,22491,12388
12219,22559,12389
12220,22507,7581
12221,22560,12391
12222,19550,12392
12223,22589,12393
12224,22588,12394
12225,22587,12395
12226,22524,12396
12227,22547,12397
12228,22555,12398
12229,22576,12399
12230,22568,12400
12231,22586,12401
12232,22598,12402
12233,22600,12403
12234,22599,12404
12235,22608,12406
12236,22577,12407
12237,22609,12408
12239,22614,12411
12240,22612,12412
12241,20779,12413
12242,22562,12414
12243,6093,12415
12244,6093,12416
12245,6093,12417
12246,6093,12418
12247,6093,12419
12248,22622,12421
12249,22590,12422
12250,21865,12423
12251,22624,10224
12252,22626,12424
12253,22564,8549
12254,22202,12425
12255,22628,12426
12256,22629,12427
12257,22591,12428
12258,22630,12429
12259,12920,12430
12260,22635,12431
12261,22636,12432
12262,22634,12433
12263,16201,12434
12264,22638,12435
12265,22642,12437
12266,22633,12438
12267,22643,12440
12268,22651,12441
12269,22653,12442
12270,22655,12443
12271,22656,12444
12272,22631,9913
12273,22660,12446
12274,22662,12447
12275,22657,12448
12276,22663,12450
12277,22664,12451
12278,22672,12452
12279,22671,12453
12280,15016,12454
12281,15016,12455
12282,22666,12456
12283,22675,12457
12284,22673,12458
12285,22678,12459
12286,22536,12460
12287,22682,12461
12288,22685,6687
12289,22464,12462
12290,22650,12463
12291,22571,12464
12292,22693,12465
12293,22694,12466
12294,21934,12468
12295,17691,12470
12296,21836,8549
12297,22703,12473
12298,22704,12474
12299,22706,12475
12300,22454,12476
12301,22648,12477
12302,21633,12478
12303,22649,12479
12304,22695,10953
12305,22730,12481
12306,20895,12482
12307,22717,12484
12308,22717,12485
12309,22734,12486
12310,22748,12487
12311,22749,12488
12312,22750,12489
12313,22750,12490
12314,22646,12491
12315,22566,12493
12316,22744,6379
12317,22753,12494
12318,22732,12495
12319,22688,12496
12320,22735,12497
12321,22735,12498
12322,22735,12499
12323,22735,12500
12324,22735,12501
12325,22735,12502
12326,22735,12503
12327,22735,12504
12328,22756,12505
12329,22758,12506
12330,22690,12507
12331,22777,12508
12332,22779,12509
12333,15922,3050
12335,22783,12511
12337,22769,4766
12338,22769,12513
12339,22794,12514
12340,22659,12515
12341,22775,12516
12342,22449,12517
12343,5083,12518
12344,11798,12518
12347,10142,12518
12348,22819,12519
12349,22807,12520
12350,1087,515
12351,22754,12521
12352,21683,12522
12353,22728,12523
12354,22733,12524
12355,22820,12525
12356,22828,12526
12357,22843,12527
12358,22851,12528
12359,22847,12529
12360,22063,12530
12361,22792,12532
12362,22699,12533
12363,22821,12534
12364,22768,12535
12365,22842,12536
12366,22842,12537
12367,22842,12538
12368,22842,12539
12369,22842,11338
12370,22842,12543
12371,22842,12542
12373,22857,12544
12374,22763,12545
12375,22799,12546
12376,22799,12547
12377,22799,12548
12378,22806,12549
12379,22832,12550
12380,22858,12551
12381,11992,12552
12382,22812,12553
12383,22829,12554
12384,22829,12555
12386,22829,12558
12387,22829,12559
12388,22799,12560
12389,22799,12561
12390,22799,12564
12391,22799,12566
12392,22799,12567
12393,22799,12568
12394,18919,12571
12395,18919,12569
12396,18919,12570
12397,18919,12572
12398,22224,12573
12399,22884,12574
12400,22814,12575
12401,22862,12576
12402,22888,12577
12403,22644,12578
12404,22741,12579
12405,22805,12580
12406,22776,12581
12407,22894,12582
12408,22743,12583
12409,22874,12584
12411,22874,12588
12412,22874,12589
12416,22773,12594
12417,22773,12595
12418,22773,12596
12419,22773,12597
12420,22895,12598
12421,22773,4026
12422,22798,12599
12423,22916,12600
12424,22920,12601
12425,22922,12602
12426,22909,12603
12427,22914,12604
12428,22892,12605
12429,22827,12606
12430,22726,12607
12431,22866,12608
12432,22871,12609
12433,22871,12610
12434,22871,12611
12435,22893,12612
12436,22893,12613
12437,22925,12615
12438,22795,12616
12439,22933,12621
12440,22933,12619
12441,22933,12623
12442,14713,12624
12443,14859,12625
12444,22932,12626
12445,22935,12627
12446,22915,12628
12447,22915,12629
12448,22867,12630
12449,22786,12632
12450,22786,12633
12451,22786,12635
12452,22786,12634
12453,22936,12636
12454,22940,12636
12455,22919,12637
12456,15197,12638
12457,22244,12639
12458,22702,12640
12459,22886,12641
12460,22938,12642
12461,22488,12643
12462,21871,509
12463,22959,12644
12464,984,475
12465,984,474
12466,22963,12645
12467,22964,12646
12468,22969,12647
12470,22860,12649
12471,22972,12651
12472,22981,12652
12473,22981,12653
12474,22981,12654
12475,12186,12655
12476,22984,12656
12477,22983,12658
12478,22687,12659
12479,22987,12660
12480,22988,12661
12481,22982,12663
12482,22989,12664
12483,22994,12665
12484,22991,12666
12485,1081,12667
12486,2839,12668
12487,22455,12669
12488,22993,12670
12489,22998,12671
12490,23000,12672
12491,22985,12673
12492,22997,12674
12493,23001,12675
12494,23002,12677
12495,22760,12679
12496,23014,12680
12497,23005,12683
12498,23018,12684
12499,18814,12685
12500,22759,12686
12501,22945,12687
12502,22896,12688
12503,22977,12689
12504,22961,12690
12505,22470,12691
12506,22996,12692
12507,23017,12694
12508,20902,12695
12509,20902,12696
12510,20902,12697
12511,23037,12698
12512,12111,12699
12513,23013,12700
12514,23040,12701
12515,23042,12702
12516,23042,12703
12517,22921,12704
12518,23041,12705
12519,22923,12706
12520,22948,12707
12521,22948,12708
12522,22594,12709
12523,23053,12710
12524,23059,12711
12525,22973,12712
12526,22845,12713
12527,22845,12714
12528,22845,12715
12529,22845,12716
12530,23060,12717
12531,20453,12718
12532,12293,4892
12533,12293,12720
12534,12293,12721
12535,21957,12722
12536,23067,12723
12537,23066,12724
12538,23055,12725
12539,23056,12726
12540,23016,12727
12541,23068,12728
12542,22774,12729
12543,23043,12730
12544,23074,12731
12545,23047,12732
12546,23032,12733
12547,23077,12734
12548,23080,12735
12549,8634,12736
12550,23006,12737
12551,20213,12738
12552,22870,12739
12553,22056,12740
12554,23045,12741
12555,23011,12742
12556,22958,12744
12557,23084,12745
12558,23021,12746
12559,23058,12747
12560,5922,11832
12561,23087,12748
12562,23089,12749
12563,23088,12750
12564,23092,12751
12565,23025,12752
12566,22824,12753
12567,23086,12754
12568,23096,12755
12569,23083,12756
12570,23105,12757
12571,23106,12759
12573,22849,12760
12574,22849,12761
12575,23107,12762
12576,23094,4762
12577,23094,484
12578,23094,4841
12579,23094,11493
12580,23094,12763
12581,23094,12161
12582,23094,564
12583,23094,11197
12584,23094,10237
12585,9532,12764
12586,7414,12767
12587,7414,12768
12588,23100,12769
12589,22928,12770
12590,9666,12771
12591,23113,12772
12592,23124,12773
12593,21857,12775
12594,23131,12776
12595,23093,12777
12596,22835,12778
12597,23132,12779
12598,23127,12780
12599,23130,12781
12600,23137,12782
12601,23134,12783
12603,2347,12786
12604,2347,12787
12605,23139,12788
12606,22230,12789
12607,22793,12790
12608,22905,12791
12609,23073,12792
12610,1712,12794
12611,23138,12795
12612,23147,12796
12613,23039,11262
12614,23146,12799
12615,23148,12800
12616,23150,12526
12617,23151,12802
12618,23152,12803
12619,23044,12804
12620,14462,12805
12621,14462,12806
12622,10254,12807
12623,23154,12808
12624,23155,12809
12625,22962,12811
12626,22937,12812
12627,23159,12813
12628,23158,12814
12629,16141,2745
12630,23162,12816
12631,23163,12817
12632,23172,12818
12633,6222,12819
12634,23166,12820
12635,23182,12821
12636,23174,12822
12637,23161,12823
12638,23183,12824
12639,23185,12825
12640,23186,12827
12641,23189,12828
12642,23181,12829
12643,23063,12830
12644,23195,12831
12645,23199,12832
12646,23142,12833
12647,23201,12834
12648,23202,12835
12649,23072,3814
12650,22268,12836
12651,23203,12838
12652,22471,12839
12653,23009,12840
12654,23009,12841
12655,23205,12843
12656,23204,12844
12657,23209,10953
12658,23071,12846
12659,23206,12845
12660,23213,12847
12661,10482,12848
12662,23217,12850
12663,23054,12851
12664,20210,10725
12665,23221,12852
12666,23222,12853
12667,23223,12854
12668,23212,12855
12669,22181,12856
12670,23180,12858
12671,23242,12860
12672,23128,12861
12673,23220,12862
12674,21969,12863
12675,22727,12864
12676,23244,12865
12677,23082,12866
12678,21516,12867
12679,17473,3454
12680,18790,12868
12681,23133,12869
12682,23167,12870
12683,23253,12871
12684,23219,12872
12685,23177,12873
12686,23250,12874
12687,23262,12875
12688,23259,12877
12689,23260,12879
12690,23269,12880
12691,23270,12881
12692,23271,12882
12694,23277,1874
12695,23255,12885
12696,21949,12886
12697,23280,12887
12698,23281,12888
12699,23165,12889
12700,23286,12890
12701,23285,12891
12702,23197,12892
12703,23254,12893
12704,22228,12894
12705,23164,12897
12706,23263,12895
12707,23263,12898
12708,23263,12900
12709,23263,12899
12710,23215,12901
12711,23267,12902
12712,23284,12903
12713,23282,12905
12714,22523,12906
12715,23287,12907
12716,23288,12908
12717,23208,12909
12718,23292,12911
12719,23295,12912
12720,23295,12913
12721,23297,12914
12722,23298,12915
12723,23153,12916
12724,23303,12917
12725,12107,2606
12726,23099,12919
12727,23248,12921
12728,23310,12922
12729,23301,12923
12730,23308,12924
12731,23214,12925
12732,8181,12926
12733,23294,466
12734,19906,12927
12735,23316,12928
12736,23317,12929
12737,23293,12930
12738,23109,6334
12739,22700,12932
12740,23291,12933
12741,23323,12935
12742,23338,12936
12743,23278,12937
12744,6097,12938
12745,23340,12940
12746,23328,12941
12747,23348,12942
12748,22971,12943
12749,23081,12944
12750,23351,12946
12751,23315,12947
12752,22068,12948
12753,18795,12949
12754,22710,3536
12755,23356,12951
12756,17011,12952
12757,23238,12953
12758,23198,12955
12759,20632,4948
12760,23345,12956
12761,23225,12957
12762,23261,12958
12763,23350,12959
12764,23184,12962
12765,23368,12963
12766,23367,12965
12767,22991,12966
12768,23375,12968
12769,23224,12969
12770,20309,12970
12771,23387,12972
12772,23357,508
12773,23373,12973
12774,23321,12974
12775,23389,12975
12776,23390,12976
12777,23300,12977
12778,22422,12978
12779,23343,12979
12780,22150,12980
12781,23401,12981
12782,16070,12982
12783,23406,12983
12784,23400,12984
12785,23311,12985
12786,16300,468
12787,23409,12986
12788,21565,12987
12789,23412,12988
12790,23413,12989
12791,22966,12990
12792,23200,12991
12793,23360,12992
12794,20876,12993
12795,7639,12994
12796,23423,12995
12797,23358,12996
12798,23405,12997
12799,23378,12998
12800,23196,12999
12801,23372,13000
12802,23430,13001
12803,23428,13002
12804,23432,13003
12805,23427,13004
12806,23439,13005
12807,23424,13007
12808,23436,13008
12809,23438,13009
12810,23304,13010
12811,23441,13011
12812,23442,13012
12813,23299,13013
12814,22405,13014
12815,23431,13015
12816,7843,13016
12817,23446,13017
12818,23449,13018
12819,23447,13019
12820,23225,13020
12821,23433,13021
12822,12270,1128
12823,12269,1128
12824,23456,13022
12825,23457,13024
12826,4093,13025
12827,23459,13026
12828,23452,13027
12829,23465,13028
12830,23460,13029
12832,17011,13031
12834,23414,13035
12835,23414,13036
12836,23461,13038
12837,23495,13039
12838,23403,13040
12839,23230,13041
12840,23230,11345
12841,23230,13045
12842,23230,13046
12843,23230,13047
12844,23230,13048
12845,23230,13044
12846,23505,13050
12847,23434,11603
12848,23336,13052
12849,23437,13053
12850,23419,13054
12851,23520,13055
12852,23549,13056
12853,19420,13057
12854,23475,13058
12855,23508,13059
12856,23508,13060
12857,23508,13061
12858,23541,13062
12859,23556,13063
12860,23479,13064
12861,19750,13065
12862,23480,13066
12863,23480,13067
12864,23480,13068
12865,23480,13069
12866,23480,13070
12867,23480,13071
12868,23418,13072
12869,23418,13073
12870,23498,13074
12871,23117,13075
12872,23558,13076
12873,20244,13078
12874,23567,13079
12875,16925,13080
12876,16925,12573
12877,23187,13082
12878,23569,13083
12879,23565,13084
12880,23462,13085
12881,23576,13087
12882,23580,13088
12883,23543,13089
12884,23588,13090
12885,23587,13091
12886,23454,13092
12887,23304,13094
12888,23263,13095
12889,23589,13096
12890,23598,13097
12891,23591,13098
12892,23574,13099
12893,23571,13100
12894,23568,13101
12895,23482,13102
12896,23578,13103
12897,23607,13104
12899,23616,13109
12900,23609,13106
12901,23608,13105
12902,23612,13107
12903,23619,13113
12904,23625,13114
12905,23483,13116
12906,23603,13117
12907,23384,13118
12908,23621,13119
12909,23572,13120
12910,23630,13121
12911,23518,11603
12912,23604,13122
12913,23631,13123
12914,23564,13124
12915,23642,13125
12916,19872,13126
12917,23643,13127
12918,23645,13128
12919,23638,13129
12920,23493,13130
12921,23640,13131
12924,23651,13134
12925,23652,13135
12926,23629,13136
12927,21565,13137
12928,23655,13138
12929,23659,13139
12930,23660,13140
12931,23658,13141
12932,23664,13142
12933,23435,13143
12934,23639,13145
12935,23654,13146
12936,23682,13147
12937,2347,13148
12938,2347,13149
12939,23557,13150
12940,23559,13151
12941,23684,13152
12942,23680,13153
12943,23427,13155
12944,9718,591
12945,23547,13157
12946,23547,13156
12947,23211,13159
12948,23696,13160
12949,23697,13161
12950,23647,13163
12951,23594,13164
12952,23687,13166
12953,23585,13167
12954,23695,13168
12955,21517,13169
12956,23710,13170
12957,23636,13171
12958,23623,13172
12959,22935,13132
12960,22935,13173
12961,22935,13133
12962,23622,13174
12963,23727,13175
12964,23730,13176
12965,23728,13178
12966,6080,2968
12967,23703,13179
12968,23732,13180
12969,23725,13181
12970,14248,13182
12971,13399,13183
12972,8181,13184
12973,23733,13185
12974,23515,13186
12975,23740,13187
12976,23744,13188
12977,23597,13189
12978,21644,13190
12979,23683,13191
12980,23757,13193
12981,23615,13195
12982,23443,13196
12983,23420,13197
12984,23420,13198
12985,23693,13199
12986,23566,13200
12987,7522,13201
12988,7522,13210
12989,7522,13202
12990,7522,5271
12991,7522,13209
12992,7522,13204
12993,7522,13207
12994,7522,13203
12995,7522,13215
12996,7522,13213
12997,7522,13216
12998,7522,13217
12999,7522,13218
13000,7522,13208
13001,7522,13206
13002,7522,13214
13003,7522,13219
13004,23247,13220
13005,23759,13221
13006,23600,13222
13007,23764,13224
13008,23758,13225
13009,23768,13226
13010,22844,13227
13011,22844,13228
13012,22844,13229
13013,22844,13230
13014,22844,13231
13015,23724,13232
13016,23779,13233
13017,22960,13235
13018,22960,13236
13019,22960,13237
13020,23773,13238
13021,23314,498
13022,23775,13239
13023,23715,13240
13024,23771,13241
13025,23784,13242
13026,20900,13243
13027,23785,13244
13028,23786,13245
13029,23787,13246
13030,15752,13247
13031,23792,13248
13032,23781,13249
13033,17025,987
13034,23628,13250
13035,23788,13251
13036,23799,13253
13037,23499,13254
13038,22292,13255
13039,23772,13256
13040,23808,13257
13041,23802,13258
13042,23656,498
13043,23404,13260
13044,23467,13261
13045,23820,13262
13046,23667,13263
13047,20856,13264
13049,23826,13265
13050,23831,13266
13051,15795,480
13053,14878,13267
13054,23840,13268
13055,14328,13269
13056,21919,13270
13057,23657,13271
13058,23711,13272
13059,23553,13273
13060,23849,13274
13061,23570,13275
13062,23854,13276
13063,23853,13277
13064,21280,13278
13065,23369,13279
13066,23851,13280
13067,1028,13281
13068,1064,13281
13069,23861,13282
13070,23864,13283
13071,18690,13284
13072,23865,13285
13073,23422,13286
13074,23765,13287
13075,23866,13288
13076,23472,450
13077,23863,13289
13078,23882,13290
13079,17011,13291
13080,23889,13292
13081,23888,13293
13082,23885,13294
13083,19304,13296
13084,23333,13297
13085,23333,13298
13086,23421,13299
13089,23899,13300
13090,22879,13301
13091,23101,13254
13092,23906,13304
13093,23892,13305
13094,23886,13306
13095,23836,13307
13096,23908,13308
13097,23912,13309
13098,14103,13310
13099,23919,13311
13100,23924,13312
13101,23925,13314
13102,23927,13315
13103,23834,13316
13104,23929,13317
13105,23928,13318
13106,23896,13319
13107,23761,13320
13108,15892,13321
13109,17532,13322
13110,23945,13323
13111,23952,13324
13112,23858,13325
13113,23780,13326
13114,23868,13327
13115,23922,13328
13116,23930,13329
13117,20157,13330
13118,20157,13332
13119,20157,13333
13120,23968,13334
13121,22516,13335
13122,23900,13336
13123,23965,13337
13124,12627,13338
13125,23980,13339
13126,23848,13340
13127,23038,13341
13128,23983,12098
13129,23985,13343
13130,23935,13344
13131,23986,13345
13132,23987,13346
13133,23981,13347
13134,23914,13349
13135,23990,13350
13136,23994,13351
13137,23999,13352
13138,23998,13353
13139,23997,13354
13140,23917,13355
13141,23917,13356
13142,23972,13357
13143,19875,13358
13144,23959,13359
13145,24001,13360
13146,23960,13361
13147,23794,13362
13148,23903,13363
13149,24003,13364
13150,24007,13365
13151,24011,13366
13152,24009,13368
13153,24005,13369
13154,24018,13370
13155,24017,13371
13156,24020,13372
13157,23921,13373
13158,22159,13374
13160,24030,13375
13162,24037,13376
13163,24041,13377
13164,23894,13378
13165,23774,13379
13166,19939,13380
13167,24056,13381
13168,20910,13382
13169,23995,13383
13170,24049,13384
13171,23502,13385
13172,23798,13386
13173,24012,13387
13174,24044,13388
13175,23809,13389
13176,21091,13391
13177,23736,13392
13178,24060,13393
13179,23920,13394
13180,23599,13395
13181,24071,13396
13182,24070,13398
13183,24046,13400
13184,24075,13401
13185,23706,13402
13186,24042,13403
13187,22407,13404
13188,22407,13405
13189,22407,13406
13190,22407,13407
13191,24076,13408
13192,24084,13409
13193,24089,13410
13194,24072,13411
13195,24000,13412
13196,24099,9898
13197,23941,13414
13198,24061,13415
13199,24111,13416
13200,24123,13417
13201,24116,13418
13202,24126,13419
13203,22863,13420
13204,21151,13421
13205,24085,13422
13206,24064,13423
13207,24131,13424
13208,24132,13425
13209,14432,13426
13210,13728,13427
13211,13728,13428
13212,13728,13429
13213,13728,13430
13214,13728,13431
13215,13728,13432
13216,13728,13433
13217,24108,13434
13218,17284,3608
13219,23961,13435
13220,23979,13436
13221,992,475
13222,24156,13437
13223,24154,13438
13224,24160,13440
13225,22784,13441
13226,24163,13442
13227,3267,13443
13228,24133,13444
13230,24062,13446
13231,24152,13447
13232,24162,13448
13233,24096,13449
13234,24096,13450
13235,24098,13452
13236,24170,13453
13237,24171,13454
13238,24047,13455
13239,1104,13456
13240,1104,13457
13241,1104,13458
13242,1104,13459
13243,1104,13460
13244,1104,13461
13245,1104,13462
13246,1104,13465
13247,1104,13466
13248,1104,13467
13249,1104,13158
13250,1104,13469
13251,1104,13470
13252,1104,13471
13253,1104,13472
13254,1104,13474
13255,1104,13475
13256,1104,13473
13257,24195,13476
13258,24197,3888
13259,23874,13477
13260,24208,13478
13261,2347,13479
13263,24185,13481
13264,24214,13482
13265,24180,13483
13266,23946,13484
13267,24166,13485
13268,24213,13486
13269,16925,13487
13270,24178,9333
13271,1494,13489
13272,1494,13490
13273,19477,13491
13274,19477,13492
13275,19477,13498
13276,19477,13494
13277,19477,13495
13278,19477,13499
13279,19477,13497
13280,19477,10232
13281,24237,13501
13282,24238,13502
13283,24102,13151
13284,20996,498
13285,24109,13504
13286,24223,13505
13287,23782,13506
13289,24261,13508
13290,24263,13509
13291,24253,13510
13292,22657,13511
13293,24168,13512
13294,24252,10481
13295,24190,13514
13296,24029,13515
13297,23424,13516
13298,7522,13517
13299,24268,13518
13300,24251,13519
13301,24267,13520
13302,24265,13521
13303,24273,13522
13304,20630,13523
13305,23762,13524
13306,24196,13525
13307,23948,13526
13308,24280,13527
13309,24282,13528
13310,24288,13529
13311,24281,13530
13312,3387,13531
13313,24298,13532
13314,23374,13533
13315,24297,13534
13316,24302,13535
13317,24309,13536
13318,24264,13537
13319,24315,13538
13320,24274,13539
13321,24324,13540
13322,24149,591
13323,24129,591
13324,24321,13541
13325,23149,11951
13326,24067,13543
13327,24336,13544
13328,24339,13545
13329,24342,13546
13330,24317,13547
13331,24248,13548
13332,4319,452
13333,1108,13549
13334,24348,13550
13335,24323,13551
13336,24231,13552
13337,24343,13553
13338,24291,13554
13339,24313,13555
13340,24325,13556
13341,21210,13557
13342,24360,13558
13343,13544,1078
13344,24335,13559
13345,24372,13562
13346,12173,3970
13347,24333,13563
13348,24334,13564
13349,24375,13565
13353,24009,1365
13354,24326,13566
13355,6556,1318
13356,22705,13567
13357,24319,13568
13358,24022,13569
13359,21747,7389
13360,24212,13570
13361,24385,13571
13362,24376,13572
13363,24330,13573
13364,24330,13574
13365,24400,13575
13366,24401,13576
13367,19814,13577
13368,19814,13578
13369,24391,13579
13370,24338,13580
13371,20818,13581
13372,24419,13582
13373,24290,13583
13374,24318,13584
13375,22666,13585
13376,24420,13582
13377,8159,1832
13378,22033,6061
13379,8695,2728
13381,24416,13587
13382,24424,13588
13383,24328,13589
13384,24429,13590
13385,10550,13591
13386,10550,13592
13387,15688,3381
13388,24432,13593
13389,24425,13523
13390,24440,13596
13394,23605,13604
13395,24447,13605
13396,6435,13606
13397,6435,13607
13398,6435,13608
13401,24382,13613
13402,24482,13614
13403,23198,13615
13404,24477,13616
13405,24179,13617
13406,24476,13618
13407,24485,13619
13408,9892,11561
13409,9892,657
13410,9892,11554
13411,9892,11557
13412,9892,11558
13413,16301,13620
13414,24469,13621
13415,24560,13622
13416,24559,13623
13417,24558,13624
13418,24551,13625
13420,22874,12337
13421,22874,2636
13422,22874,12338
13423,24445,13626
13424,24573,13627
13425,24575,13628
13426,23036,13629
13427,24578,13630
13428,24446,13631
13429,11887,13558
13430,24505,13632
13431,24389,13633
13432,24579,13634
13433,24346,13635
13434,24585,13636
13435,24584,13637
13436,23860,12552
13437,24586,13638
13438,23545,13639
13439,24587,13640
13440,21517,13641
13441,21517,13642
13442,4429,13643
13443,24509,13644
13444,24509,13645
13445,24595,13646
13446,1001,13647
13447,11917,3467
13448,994,13647
13449,24588,13648
13450,24582,13649
13451,24507,13650
13452,24461,13651
13453,24616,13652
13454,24430,13653
13455,2347,13655
13456,23353,13656
13457,24601,6510
13458,24641,13658
13459,24496,13659
13460,24426,13660
13461,24652,13661
13462,23923,13662
13463,6040,5322
13464,24571,13663
13465,24687,13664
13466,24695,13665
13467,24712,13666
13468,24591,13667
13469,24719,13668
13470,24192,13669
13471,24718,13670
13472,24034,13671
13473,24034,13672
13474,24730,13673
13475,9916,13674
13476,24169,13675
13477,24697,592
13478,24746,13677
13479,24739,13678
13480,16743,2676
13481,9892,13475
13482,9892,12416
13483,24765,13679
13484,24607,5701
13485,10181,13681
13486,24772,13682
13487,23398,13683
13488,24544,13684
13489,24801,13685
13490,24598,13686
13491,24805,13687
13492,24805,13688
13493,24819,13689
13494,24745,13690
13495,24199,13691
13496,24674,13692
13497,24286,13694
13498,24681,13695
13499,24193,13696
13500,24802,13697
13501,24628,13698
13502,22381,13699
13503,24758,13700
13504,24799,13702
13505,24799,13703
13506,23857,13704
13507,24840,13705
13508,972,452
13509,24838,13706
13510,24843,13707
13511,24423,13708
13512,24700,13709
13513,24846,13710
13514,24842,13711
13515,22935,13712
13516,24786,13713
13517,24272,13714
13518,24825,13715
13519,22490,13716
13520,24403,13717
13521,24847,13718
13522,24857,13719
13523,24749,13720
13524,24879,9808
13525,24752,13722
13526,24787,13723
13527,20350,13724
13528,24853,13725
13529,2347,13726
13530,24902,13727
13532,24912,13729
13533,24903,10186
13534,24917,13730
13535,22999,5773
13536,24921,13731
13537,24880,13732
13538,24910,13733
13539,24934,13734
13540,24870,13735
13541,24744,13736
13542,24940,13737
13543,24370,13739
13544,7522,13740
13545,7522,13741
13546,7522,13742
13547,24845,13743
13548,24711,3467
13549,24861,13746
13550,19566,13748
13551,24951,13749
13552,24549,13750
13553,24968,13751
13554,24970,13752
13555,24904,13753
13556,6435,13754
13557,23898,13755
13558,24980,13756
13559,24589,13757
13560,24977,13758
13561,24984,9655
13562,24920,13759
13563,24033,13760
13564,24033,13761
13565,24643,13762
13566,24994,13763
13567,24228,13764
13568,22084,13765
13569,22084,13766
13570,24883,13767
13571,24492,13768
13572,23964,13769
13573,24990,13770
13574,24369,13771
13575,24985,11128
13576,22656,13772
13577,22656,13773
13578,22656,13774
13579,22656,13775
13580,22656,13776
13581,7239,13772
13582,7239,13773
13583,7239,13774
13584,7239,13775
13585,7239,13776
13586,20309,13777
13587,24991,13778
13588,24824,13779
13589,24971,13780
13590,18560,5102
13591,25037,13781
13592,25019,13782
13593,25018,13783
13594,25029,13784
13595,24425,13785
13596,25044,13786
13597,24938,13787
13598,24509,13788
13599,25017,13789
13600,24631,13790
13601,25055,13791
13602,24992,13792
13603,24717,13793
13604,25056,13794
13606,24638,13796
13607,24891,13797
13608,25079,13798
13609,3110,4353
13610,24383,13799
13611,25071,6334
13612,25090,13801
13613,10644,13802
13614,23243,13156
13615,23243,13157
13616,24953,13803
13617,25050,13804
13618,25092,13805
13619,24750,13806
13620,3833,13807
13621,22641,13808
13622,25105,13809
13623,25103,13810
13624,20400,13811
13625,25066,13812
13626,25104,13813
13627,24877,13814
13628,25107,13815
13629,10644,12017
13630,25109,13817
13631,25106,13820
13633,24650,12286
13634,24743,13824
13635,25116,13825
13636,24390,13826
