WmiId,MakeId
1995,440
1996,442
1997,444
1998,441
1999,446
1999,590
2000,443
2001,447
2002,445
2003,449
2004,450
2005,449
2005,450
2006,450
2007,449
2008,450
2009,449
2010,450
2011,451
2012,452
2013,452
2014,452
2016,452
2018,453
2019,452
2020,452
2021,455
2022,454
2023,452
2024,456
2025,457
2026,458
2027,459
2028,460
2029,464
2030,465
2031,460
2032,460
2033,464
2034,465
2035,460
2036,464
2037,465
2038,461
2039,462
2040,463
2041,464
2042,464
2043,460
2044,460
2045,466
2046,460
2047,460
2048,460
2049,460
2051,460
2052,467
2053,468
2054,469
2055,470
2056,471
2057,467
2058,468
2059,469
2060,467
2061,467
2062,467
2063,467
2064,472
2065,467
2066,472
2067,468
2069,468
2071,469
2072,469
2073,467
2074,467
2075,467
2076,467
2077,472
2078,472
2079,467
2080,467
2081,472
2082,472
2082,572
2083,469
2084,467
2085,472
2086,460
2087,460
2088,464
2089,464
2090,473
2091,465
2093,474
2094,474
2095,474
2096,474
2097,474
2098,474
2099,474
2100,475
2101,474
2102,474
2103,475
2104,474
2105,475
2106,474
2108,475
2109,474
2110,475
2111,474
2112,475
2113,475
2114,474
2115,475
2116,474
2117,475
2118,474
2119,474
2120,476
2121,476
2121,477
2121,492
2121,497
2122,476
2123,476
2123,477
2123,492
2123,497
2124,479
2125,478
2125,480
2125,5657
2126,478
2126,480
2127,478
2127,480
2128,478
2128,480
2129,478
2129,480
2130,478
2130,480
2131,478
2132,478
2133,467
2133,478
2134,478
2134,480
2135,467
2135,478
2135,480
2136,478
2137,476
2138,476
2139,481
2140,476
2141,476
2142,477
2143,476
2144,483
2145,483
2146,477
2147,476
2148,477
2149,476
2150,482
2151,474
2152,474
2153,474
2154,474
2155,484
2156,485
2157,485
2158,452
2159,486
2160,487
2161,487
2162,484
2163,450
2163,528
2164,489
2165,489
2166,489
2167,490
2168,490
2170,490
2172,450
2173,450
2174,450
2175,450
2176,493
2177,494
2179,483
2179,492
2179,496
2180,495
2181,495
2182,495
2183,495
2184,495
2186,495
2187,495
2187,532
2189,476
2189,477
2189,492
2189,497
2190,498
2190,5083
2191,499
2192,499
2193,498
2193,499
2194,498
2194,499
2195,498
2195,499
2196,498
2197,498
2198,498
2198,5083
2199,500
2200,501
2201,502
2202,503
2203,503
2204,500
2205,441
2206,473
2207,473
2208,473
2209,473
2211,473
2212,449
2214,449
2214,533
2215,504
2216,449
2217,505
2218,505
2219,505
2220,505
2221,506
2222,509
2223,509
2223,510
2224,509
2225,509
2225,510
2226,509
2226,3415
2226,4269
2228,509
2229,509
2230,509
2231,510
2232,510
2233,510
2234,510
2236,449
2237,449
2238,473
2239,475
2240,508
2241,508
2242,511
2243,481
2244,481
2245,513
2246,481
2247,481
2248,514
2249,514
2250,514
2251,514
2252,514
2253,515
2254,448
2255,448
2255,515
2255,523
2256,448
2257,515
2258,448
2259,448
2259,523
2260,452
2261,517
2261,560
2261,3772
2261,8141
2261,8142
2261,8143
2261,8144
2261,8145
2262,448
2263,519
2264,448
2265,448
2266,491
2266,522
2266,524
2266,525
2266,526
2267,491
2267,522
2267,524
2267,525
2267,526
2268,467
2268,491
2268,522
2268,524
2268,525
2268,526
2268,13281
2269,472
2269,491
2269,522
2269,524
2269,525
2269,526
2269,13281
2270,491
2270,522
2270,524
2270,525
2270,526
2271,491
2271,522
2271,524
2271,525
2271,526
2272,491
2272,522
2272,524
2272,525
2272,526
2273,491
2273,522
2273,524
2273,525
2273,526
2274,491
2274,522
2274,524
2274,525
2274,526
2275,491
2275,522
2275,524
2275,525
2275,526
2276,491
2276,522
2276,524
2276,525
2276,526
2277,491
2277,522
2277,524
2277,525
2277,526
2278,491
2278,522
2278,524
2278,525
2278,526
2279,491
2279,522
2279,524
2279,525
2279,526
2280,491
2280,522
2280,524
2280,525
2280,526
2281,523
2282,523
2283,523
2284,448
2284,523
2285,491
2285,522
2285,524
2285,525
2285,526
2286,491
2286,522
2286,524
2286,525
2286,526
2287,491
2287,522
2287,524
2287,525
2287,526
2288,491
2288,522
2288,524
2288,525
2288,526
2289,467
2289,491
2289,522
2289,524
2289,525
2289,526
2289,13281
2290,527
2290,11424
2290,12157
2290,12195
2290,12196
2290,12200
2291,528
2291,12667
2297,528
2298,480
2299,480
2300,480
2301,480
2303,518
2304,518
2307,480
2309,481
2310,460
2311,460
2312,465
2313,464
2314,464
2315,460
2316,460
2318,473
2319,460
2320,460
2321,460
2322,531
2323,465
2324,464
2325,460
2326,448
2327,448
2328,536
2329,448
2330,448
2331,532
2332,532
2333,532
2334,532
2335,448
2335,515
2336,532
2337,532
2338,532
2339,448
2340,448
2341,464
2342,515
2343,448
2344,491
2344,522
2344,524
2344,525
2344,526
2345,491
2345,522
2345,524
2345,525
2345,526
2346,491
2346,522
2346,524
2346,525
2346,526
2347,448
2348,580
2349,476
2350,476
2351,476
2352,476
2353,10248
2354,588
2355,589
2356,485
2357,487
2358,450
2358,580
2359,580
2360,482
2361,482
2362,482
2363,482
2364,509
2365,509
2366,509
2368,582
2369,582
2370,582
2371,582
2372,509
2373,510
2374,510
2375,568
2376,564
2380,564
2381,448
2382,448
2383,474
2384,474
2386,474
2386,7351
2387,474
2388,474
2389,474
2390,564
2391,531
2392,531
2393,509
2394,509
2395,509
2398,565
2400,564
2401,564
2403,568
2404,497
2405,492
2406,446
2406,590
2407,446
2407,590
2408,446
2408,590
2409,591
2410,591
2410,5759
2411,570
2412,591
2413,566
2413,567
2413,1768
2414,566
2415,485
2417,594
2418,595
2419,448
2420,571
2421,467
2421,1146
2422,515
2423,596
2423,597
2423,598
2423,11307
2424,476
2424,477
2425,515
2426,448
2427,599
2428,600
2428,3223
2429,601
2430,601
2430,7662
2432,448
2433,603
2434,592
2435,541
2436,575
2441,574
2443,467
2443,514
2443,542
2444,467
2445,472
2446,542
2447,467
2448,472
2450,543
2451,572
2452,448
2453,540
2454,535
2455,535
2456,535
2457,483
2458,483
2459,13158
2459,13456
2459,13457
2459,13458
2459,13459
2459,13460
2459,13461
2459,13462
2459,13465
2459,13466
2459,13467
2459,13469
2459,13470
2459,13471
2459,13472
2459,13473
2459,13474
2459,13475
2460,483
2461,483
2464,483
2465,483
2471,483
2472,483
2477,545
2477,12415
2477,12416
2477,12417
2477,12418
2477,12419
2479,573
2480,606
2486,2373
2487,550
2488,517
2488,560
2488,3772
2488,8141
2488,8142
2488,8143
2488,8144
2488,8145
2490,547
2491,607
2494,551
2495,576
2496,553
2497,612
2498,577
2498,6599
2499,561
2500,537
2501,534
2502,608
2503,609
2504,613
2505,610
2506,579
2507,554
2508,615
2509,614
2510,616
2511,617
2512,560
2513,563
2514,621
2515,618
2516,623
2517,626
2518,562
2518,4148
2519,628
2520,631
2521,632
2522,624
2523,634
2524,554
2525,647
2526,620
2528,659
2529,619
2531,645
2532,625
2533,672
2534,627
2535,622
2536,476
2536,477
2536,482
2536,483
2536,492
2536,496
2536,497
2537,476
2537,477
2537,482
2537,483
2537,492
2537,496
2537,497
2538,476
2538,477
2538,482
2538,483
2538,492
2538,496
2538,497
2539,476
2539,477
2539,482
2539,483
2539,492
2539,496
2539,497
2540,476
2540,477
2540,482
2540,483
2540,492
2540,496
2540,497
2541,476
2541,477
2541,482
2541,483
2541,492
2541,496
2541,497
2541,536
2542,476
2542,477
2542,482
2542,483
2542,492
2542,496
2542,497
2543,476
2543,477
2543,482
2543,483
2543,492
2543,496
2543,497
2544,476
2544,477
2544,482
2544,483
2544,492
2544,496
2544,497
2545,629
2546,630
2547,675
2548,676
2549,677
2550,674
2551,680
2552,636
2553,633
2554,673
2556,679
2557,681
2558,682
2559,660
2564,683
2565,2162
2567,559
2568,692
2569,467
2570,688
2571,684
2572,691
2573,555
2574,695
2575,637
2576,696
2577,558
2578,685
2579,697
2580,557
2581,702
2582,698
2583,687
2584,556
2585,693
2586,689
2587,707
2588,699
2590,690
2591,708
2592,703
2594,709
2595,710
2596,716
2597,548
2597,13549
2598,462
2600,715
2601,723
2602,718
2604,712
2605,713
2606,714
2607,719
2608,700
2609,717
2610,720
2611,726
2614,727
2615,721
2616,724
2617,728
2618,694
2619,730
2620,729
2621,701
2622,731
2623,469
2624,732
2625,722
2626,704
2627,734
2628,735
2629,736
2630,738
2631,740
2632,737
2635,739
2635,4454
2635,12125
2636,741
2637,742
2638,743
2639,744
2640,746
2641,748
2642,751
2643,754
2645,749
2646,745
2647,750
2648,747
2649,467
2649,472
2649,542
2650,752
2651,753
2652,755
2653,756
2654,757
2655,758
2656,767
2657,768
2658,769
2659,759
2660,760
2661,761
2662,762
2663,763
2664,764
2665,766
2666,770
2667,771
2668,772
2669,788
2670,774
2671,789
2672,810
2673,775
2674,776
2675,790
2676,811
2677,812
2678,778
2679,791
2680,822
2681,779
2682,780
2683,830
2684,781
2685,793
2686,823
2687,782
2688,783
2689,794
2690,784
2691,785
2692,786
2693,787
2694,792
2695,792
2696,4865
2697,799
2698,800
2699,795
2700,801
2701,796
2702,802
2703,797
2704,806
2709,1318
2710,467
2711,807
2712,808
2713,809
2714,804
2715,813
2716,825
2717,824
2718,805
2719,864
2720,814
2721,815
2722,816
2723,865
2724,817
2725,819
2726,826
2727,821
2728,821
2729,866
2730,526
2731,526
2732,867
2733,828
2734,868
2735,829
2736,831
2737,820
2738,869
2739,821
2740,870
2741,818
2741,4760
2741,10281
2742,878
2743,871
2744,872
2745,879
2746,880
2747,881
2748,882
2749,889
2750,883
2751,884
2752,885
2753,892
2754,832
2755,886
2756,887
2757,484
2757,564
2757,4841
2758,888
2759,896
2760,905
2761,897
2762,895
2763,891
2764,874
2765,890
2766,900
2767,833
2768,893
2769,894
2770,898
2771,875
2772,5784
2772,9043
2772,9044
2772,9045
2772,9047
2772,9048
2772,9049
2772,9050
2772,9705
2773,834
2774,834
2775,876
2776,902
2777,836
2781,904
2782,1143
2783,877
2784,839
2785,906
2785,8549
2786,901
2788,840
2789,920
2790,841
2791,921
2792,3312
2793,843
2794,926
2795,844
2796,470
2796,572
2797,848
2798,2156
2799,930
2800,922
2801,931
2802,932
2803,564
2803,933
2803,6224
2803,6406
2804,849
2805,934
2806,944
2807,851
2808,850
2809,852
2810,935
2811,945
2812,853
2813,854
2814,946
2815,947
2816,936
2817,948
2818,923
2826,855
2829,469
2830,471
2830,1056
2831,856
2832,925
2833,927
2834,949
2835,927
2836,937
2837,857
2838,928
2839,950
2842,859
2843,938
2844,939
2845,951
2846,860
2847,940
2848,941
2849,952
2850,953
2851,954
2852,960
2853,966
2854,967
2855,968
2856,955
2857,950
2858,969
2859,970
2860,972
2861,957
2862,973
2863,958
2864,974
2865,975
2866,959
2867,976
2868,977
2869,978
2870,962
2871,979
2872,980
2873,963
2874,981
2885,982
2886,965
2887,983
2888,984
2889,964
2890,964
2892,986
2893,942
2894,985
2895,988
2896,943
2897,989
2898,990
2899,991
2900,992
2901,995
2902,996
2903,994
2904,998
2905,997
2906,1000
2907,1001
2908,999
2909,1002
2910,1003
2911,993
2913,467
2913,1146
2915,1005
2916,1004
2917,1006
2918,1007
2919,1008
2920,1010
2920,5005
2920,5006
2920,5007
2921,1011
2922,1009
2923,1012
2923,1013
2923,1015
2924,1014
2925,861
2926,1016
2927,1017
2928,1018
2929,961
2930,862
2931,1020
2932,1021
2933,1019
2934,1022
2935,863
2936,482
2937,1023
2943,536
2944,536
2948,1024
2949,536
2953,536
2954,1025
2955,1026
2956,1028
2957,1029
2958,1030
2959,1032
2960,11856
2961,11856
2962,956
2962,1415
2962,5311
2962,5853
2963,1035
2964,1036
2965,1038
2966,1037
2967,1039
2968,1040
2969,1041
2970,1042
2971,1043
2972,1045
2973,1046
2974,1047
2975,1048
2976,1049
2977,1051
2977,1052
2977,1053
2978,1031
2979,1054
2980,1056
2981,1055
2982,1050
2983,845
2984,1058
2985,1057
2986,1059
2987,1057
2988,1060
2989,1061
2990,1062
2991,1063
2992,1065
2993,1070
2994,1064
2995,1077
2996,1076
2997,1071
2998,1072
2999,1066
3000,536
3001,1084
3002,1073
3003,1086
3004,472
3005,1074
3006,1067
3007,1057
3008,1091
3009,1089
3010,1069
3011,1096
3012,1099
3014,1079
3015,1080
3016,1081
3017,1082
3018,1105
3019,1088
3020,1085
3021,1087
3022,1108
3023,1110
3024,1109
3025,1109
3027,1118
3028,469
3029,536
3030,468
3031,536
3032,472
3032,536
3033,467
3034,467
3035,472
3036,472
3037,472
3038,482
3039,467
3040,468
3041,536
3042,542
3043,467
3043,1124
3044,1126
3045,1127
3046,1128
3047,1128
3048,1128
3049,1134
3050,1135
3051,1136
3052,1137
3053,1139
3054,1140
3055,1141
3056,1142
3057,1138
3058,1144
3059,1145
3060,472
3061,472
3061,536
3061,1146
3062,1147
3063,467
3063,1146
3064,471
3064,472
3065,1148
3066,542
3067,1149
3068,1150
3069,1151
3070,572
3071,951
3072,951
3073,1056
3074,1152
3075,1153
3076,1154
3077,1155
3077,4821
3078,1156
3079,1157
3080,1158
3081,1160
3082,1159
3083,1161
3084,1162
3085,1163
3086,1164
3087,1165
3088,1168
3089,1171
3090,1169
3091,1173
3092,1174
3093,1175
3094,1166
3095,1176
3096,1177
3097,1178
3098,1090
3099,1092
3100,1179
3101,1083
3102,1093
3103,1094
3104,1095
3105,1180
3106,1167
3107,1097
3108,1183
3109,1185
3110,1184
3111,1098
3112,1186
3113,1100
3114,1187
3115,1188
3115,4796
3116,1101
3117,6986
3118,1190
3119,1193
3120,1194
3121,1195
3122,1196
3123,1197
3124,1198
3124,10108
3124,11986
3125,1199
3126,1200
3127,1202
3128,1201
3129,1203
3130,1204
3131,1287
3132,1206
3133,798
3134,1208
3135,1191
3136,1209
3137,1211
3138,1212
3139,2756
3140,1218
3141,1192
3142,1210
3143,10858
3144,1222
3145,1223
3146,1213
3147,1215
3148,1224
3149,1225
3150,1226
3151,1227
3152,1228
3153,1229
3154,10914
3155,1231
3155,10574
3156,1232
3157,1233
3158,1235
3159,1234
3160,1236
3161,1237
3162,1103
3163,608
3164,1991
3165,1238
3166,1107
3167,1239
3168,1240
3169,1241
3170,1242
3171,1217
3172,1243
3173,1244
3174,1216
3175,1246
3176,1245
3177,1247
3178,1248
3179,1249
3180,1250
3181,1252
3182,1251
3183,1253
3184,1254
3185,1255
3186,1257
3187,1256
3188,1258
3189,1259
3190,1260
3191,1261
3191,11536
3192,1111
3193,1112
3194,1113
3195,1114
3196,1262
3197,1115
3198,1263
3199,1264
3200,1265
3201,1266
3202,1056
3203,1116
3204,1117
3205,1119
3206,10215
3207,1122
3207,1123
3207,13489
3207,13490
3208,1267
3209,3970
3210,1130
3211,1268
3212,1131
3213,1132
3214,1133
3215,1269
3216,1270
3217,1271
3218,1272
3219,1272
3220,1273
3221,1027
3222,903
3223,1044
3224,1274
3225,1284
3226,1220
3227,1285
3228,1286
3229,1276
3230,811
3231,1277
3232,1288
3233,1278
3234,1279
3235,1289
3236,1280
3237,1290
3238,1291
3239,1292
3240,1293
3241,1281
3242,1294
3243,1282
3244,1296
3245,1296
3246,1297
3247,1298
3248,1295
3249,542
3250,1304
3251,1283
3252,1299
3252,1305
3253,1306
3254,1308
3255,1307
3256,1301
3257,1297
3258,1310
3259,1302
3260,1311
3261,10202
3262,1313
3263,1315
3264,1316
3265,1314
3267,1318
3268,1319
3269,1320
3270,1321
3271,1322
3272,1329
3273,1323
3274,1330
3275,1324
3276,1331
3277,1325
3278,1332
3279,1333
3280,1334
3281,1336
3282,1335
3283,1337
3284,1338
3285,1339
3286,1326
3287,1327
3288,1170
3289,1347
3290,1340
3291,1341
3292,1352
3293,1353
3294,1342
3295,1354
3296,1343
3297,1356
3298,1355
3299,1357
3300,1344
3301,1356
3302,1345
3303,1346
3304,1358
3305,1359
3306,1360
3307,1361
3308,1362
3309,1364
3310,8485
3312,1367
3313,1349
3314,1350
3315,1366
3316,5833
3316,5834
3316,5835
3316,5836
3317,1370
3318,1371
3319,1369
3320,1390
3321,1376
3322,520
3323,1373
3324,1380
3325,1381
3326,1382
3327,1372
3328,1384
3329,1385
3330,643
3331,1386
3332,1387
3334,6005
3335,6005
3336,1388
3337,6005
3339,1389
3340,1392
3341,1393
3342,1377
3343,1395
3344,1397
3345,1398
3346,1399
3347,1396
3348,1400
3349,1402
3350,1401
3351,1379
3351,1404
3352,1403
3353,1405
3354,1406
3356,1408
3357,1375
3358,1409
3359,1410
3360,1412
3361,1413
3362,1414
3363,1416
3364,1417
3365,1419
3366,1420
3367,1418
3368,1421
3369,1423
3370,1422
3371,1424
3372,1425
3373,1426
3374,1427
3375,1428
3376,1429
3376,1485
3376,4221
3376,4222
3376,4223
3376,4224
3376,4225
3376,4226
3377,1430
3378,1431
3379,471
3380,1432
3381,1433
3382,1434
3383,1435
3384,1391
3385,1436
3386,1437
3387,1438
3388,1439
3389,1440
3390,1441
3391,1443
3392,1444
3393,1445
3394,1442
3395,1446
3396,1447
3397,1449
3398,1450
3398,10018
3398,10019
3399,1451
3400,1452
3401,1448
3402,1462
3403,1453
3404,1455
3405,1456
3406,1454
3407,1467
3408,1466
3409,1468
3410,1469
3411,1470
3412,1448
3413,1471
3414,1472
3415,1473
3416,1474
3417,644
3418,1476
3419,1478
3420,1477
3421,1479
3422,646
3423,1480
3424,1481
3425,1480
3426,7529
3427,1483
3428,1457
3429,1458
3430,1484
3431,1459
3432,1486
3433,648
3434,1487
3435,1488
3436,1489
3437,1490
3438,1491
3439,1492
3440,649
3441,1493
3442,1495
3443,650
3444,1493
3445,1497
3446,1496
3447,651
3448,1498
3449,1499
3450,1500
3451,1502
3452,1501
3453,1503
3454,1504
3455,652
3456,1506
3457,1507
3458,1508
3459,1509
3460,1460
3461,1510
3462,1461
3463,1511
3464,1463
3465,1512
3466,1513
3467,1514
3468,1517
3469,1516
3470,1518
3470,1519
3470,1520
3471,1522
3472,1521
3473,1523
3474,1464
3475,1465
3476,653
3477,1524
3478,1525
3479,1526
3480,1528
3481,1529
3482,1530
3483,1532
3484,1531
3485,1527
3486,1534
3487,1533
3488,1535
3489,1536
3490,1537
3491,10206
3492,596
3492,1540
3492,11721
3492,11722
3493,1541
3494,1539
3495,1543
3496,1544
3497,1545
3498,1546
3499,1549
3500,1551
3501,1552
3502,1553
3503,1554
3504,1557
3505,1561
3506,1415
3507,1562
3508,1563
3509,1564
3510,1567
3511,468
3512,1547
3513,536
3514,1568
3515,951
3516,1056
3517,1570
3518,1571
3519,1571
3520,1572
3521,1573
3522,1574
3523,1591
3524,1576
3524,11470
3525,1592
3526,597
3527,1542
3528,1593
3529,1594
3530,1595
3531,1596
3532,1578
3533,1597
3534,1582
3535,654
3536,1602
3537,1604
3538,1601
3539,1603
3540,655
3541,1583
3542,477
3543,1605
3544,477
3545,477
3546,477
3547,477
3548,476
3549,1606
3550,1607
3551,1585
3552,476
3553,1608
3554,476
3555,481
3556,481
3557,481
3558,481
3559,481
3560,656
3561,657
3562,1505
3563,1609
3564,1580
3564,8638
3564,8640
3564,8641
3565,1581
3566,1610
3567,1579
3568,1611
3569,1612
3570,1585
3571,1613
3572,1586
3573,1614
3574,1616
3575,1617
3576,658
3577,1615
3578,1621
3579,1622
3580,1623
3581,1624
3582,1625
3583,1626
3584,1627
3585,1515
3586,1587
3587,1588
3588,1633
3589,1634
3590,1589
3591,4820
3592,1590
3592,4847
3592,6976
3592,8089
3592,12518
3593,1638
3594,1629
3595,1630
3596,1640
3597,1639
3598,1642
3598,12848
3599,1641
3600,1632
3601,1618
3602,1643
3603,1644
3604,1645
3605,1631
3606,1646
3607,1649
3608,1647
3609,1651
3610,6952
3611,1651
3612,1653
3613,1654
3614,1656
3615,1658
3616,1659
3617,1660
3618,1657
3619,1661
3620,1662
3621,4096
3622,7886
3622,10879
3623,1664
3624,1665
3625,1666
3625,5278
3626,1667
3627,1668
3628,1669
3629,1670
3630,1671
3631,1672
3631,12794
3632,1674
3633,1673
3634,1675
3635,1676
3636,1677
3637,1351
3638,1679
3639,1680
3640,1682
3641,1681
3642,1683
3643,1685
3643,8828
3644,1688
3645,1686
3646,1689
3647,1690
3648,1691
3649,1692
3650,1693
3651,1694
3652,1695
3653,1696
3654,1697
3655,1698
3656,13310
3657,1700
3658,1701
3659,1702
3660,1703
3661,1704
3662,1705
3663,1706
3664,1707
3665,1708
3666,1709
3667,1710
3668,1275
3669,1711
3670,1712
3671,1713
3672,1727
3673,1728
3674,1728
3675,1729
3676,1731
3677,1730
3678,1732
3679,1716
3680,1715
3681,1714
3682,1733
3683,3723
3684,1736
3685,1737
3686,1738
3687,1717
3688,1718
3689,1719
3690,1739
3691,1740
3692,1741
3693,1742
3694,1734
3695,1743
3696,1744
3697,1720
3698,1721
3699,1723
3700,1722
3701,1745
3702,1746
3703,1749
3704,1724
3705,1725
3706,1726
3707,1750
3708,1751
3709,1752
3710,1747
3711,448
3712,1753
3713,465
3714,1755
3715,1756
3716,1757
3717,1758
3718,8355
3719,10283
3720,1759
3721,1759
3722,1760
3723,1761
3724,1762
3725,1763
3726,1764
3727,1765
3728,1766
3729,1767
3730,1768
3731,1775
3732,1768
3733,1769
3734,1770
3735,1771
3736,1776
3737,465
3738,1772
3739,1773
3740,1777
3741,460
3742,1778
3743,1779
3744,460
3745,1780
3746,460
3747,460
3748,1781
3749,465
3750,478
3751,1783
3752,478
3753,1784
3754,1785
3755,1786
3756,1787
3757,1788
3758,1774
3759,1789
3760,1790
3761,1791
3762,552
3763,1792
3764,1793
3765,1794
3766,1795
3767,1798
3768,1796
3769,8211
3770,3655
3770,9727
3771,1799
3772,1801
3773,1802
3774,1803
3775,1804
3776,1805
3777,1806
3778,1807
3778,1809
3778,1811
3779,478
3780,465
3781,1810
3782,1808
3783,1812
3784,1813
3785,1814
3786,1815
3787,1816
3788,1817
3789,1818
3790,1819
3790,10251
3791,1820
3792,1821
3793,1822
3794,1823
3795,1825
3796,1826
3797,1824
3798,1827
3799,1830
3800,1831
3801,1832
3802,1833
3803,1834
3805,1836
3806,1839
3807,1843
3808,1844
3809,1845
3810,1846
3811,1847
3812,1848
3814,1837
3815,6218
3816,1840
3816,10538
3817,1841
3818,1842
3818,12018
3818,12019
3819,1851
3820,542
3821,452
3822,1853
3822,4842
3822,4843
3822,4844
3822,7208
3822,9938
3823,1854
3824,1855
3825,1856
3826,1856
3827,1857
3828,1858
3829,1859
3830,2696
3830,3285
3830,4521
3830,4840
3831,2696
3832,1861
3833,1865
3834,1866
3835,1864
3835,3350
3836,4483
3836,7528
3837,1862
3838,1867
3839,1868
3840,661
3841,1870
3842,10258
3843,662
3844,1872
3845,1873
3847,1869
3848,1877
3849,1879
3850,1880
3851,528
3852,1881
3853,1882
3854,1883
3855,1884
3856,1886
3857,1885
3858,1887
3859,1888
3860,1889
3861,4565
3862,1891
3863,1885
3864,1892
3865,663
3866,1893
3867,1894
3868,1895
3869,481
3870,1896
3871,1897
3872,1898
3873,1899
3874,1915
3875,1916
3876,1917
3877,1914
3878,1913
3879,1911
3880,1908
3881,1907
3882,1906
3883,1905
3884,1904
3885,1903
3886,1918
3887,1901
3887,8194
3888,1900
3889,1919
3890,1920
3891,1921
3892,1922
3893,1924
3894,1925
3895,1929
3896,1930
3897,1932
3898,1931
3899,1933
3900,1935
3901,1934
3902,1936
3903,1937
3904,1938
3905,1940
3906,1941
3907,10863
3908,1943
3909,1944
3910,1945
3911,1946
3912,1948
3913,1950
3914,1949
3915,1951
3916,1952
3917,1953
3918,1954
3919,1976
3920,1977
3921,1955
3922,1956
3923,1957
3924,1958
3925,1959
3926,1960
3927,1961
3928,1962
3929,1963
3930,1964
3931,1978
3932,1965
3933,1966
3934,1967
3935,1968
3936,1969
3937,1970
3938,1971
3939,1972
3940,1973
3941,1974
3942,1975
3943,1979
3944,1980
3945,1982
3946,1983
3947,1979
3947,1987
3948,1979
3948,1987
3949,1984
3950,1981
3950,11170
3951,1496
3952,1986
3953,1979
3954,1989
3954,5271
3954,13201
3954,13202
3954,13203
3954,13204
3954,13206
3954,13207
3954,13208
3954,13209
3954,13210
3954,13213
3954,13214
3954,13215
3954,13216
3954,13217
3954,13218
3954,13219
3954,13517
3954,13740
3954,13741
3954,13742
3955,1990
3956,1991
3957,1993
3958,1994
3959,1995
3960,481
3961,1996
3962,1999
3963,1998
3964,2000
3965,2001
3966,2003
3967,2004
3968,2006
3969,2005
3970,2007
3971,2008
3972,2011
3973,2012
3974,2009
3975,2009
3976,2009
3977,2014
3977,5506
3977,5540
3978,2014
3979,2015
3980,2016
3981,528
3982,450
3983,1979
3984,2026
3985,2027
3986,2022
3987,2023
3988,2024
3989,2025
3990,2028
3991,2017
3992,2018
3993,2019
3994,2020
3995,2021
3996,2029
3997,2030
3998,2031
3999,2032
4000,2033
4001,2034
4002,2035
4003,2036
4004,10805
4005,10805
4006,2029
4007,2029
4008,1755
4009,2013
4010,10805
4011,2038
4012,2039
4013,2040
4014,2041
4015,2043
4016,2042
4017,2044
4018,2045
4019,2054
4020,2053
4021,2052
4022,2051
4023,2050
4024,2049
4025,2048
4026,2047
4027,2046
4027,10941
4027,10942
4028,2055
4029,2057
4030,2058
4031,2059
4032,2056
4033,2060
4034,2061
4035,2062
4036,2063
4037,2065
4038,2068
4039,2066
4040,2067
4041,2069
4042,2070
4043,2071
4044,2072
4045,2075
4046,2073
4046,2074
4046,2076
4046,2077
4046,2078
4046,2079
4046,2081
4047,2080
4047,4892
4047,12720
4047,12721
4048,2085
4049,2084
4050,2083
4051,2082
4052,528
4053,2086
4054,2087
4055,2088
4056,2088
4057,2093
4058,2105
4059,2089
4060,2091
4061,2090
4062,2092
4063,2094
4064,2095
4065,2096
4066,2097
4067,2098
4068,2099
4069,2100
4070,2103
4071,5943
4072,2106
4073,2106
4074,2101
4075,2107
4076,2108
4077,2110
4078,2111
4079,2109
4080,2112
4081,2113
4082,2114
4083,2115
4084,2116
4085,2117
4086,2118
4087,2119
4088,2120
4089,2121
4090,2122
4091,2123
4092,2124
4093,2125
4094,2126
4095,2127
4096,542
4097,542
4098,542
4099,542
4100,467
4100,1146
4101,542
4101,5464
4102,542
4103,542
4104,2146
4105,2146
4106,2128
4107,2129
4108,2130
4109,2131
4110,2132
4111,2133
4112,2134
4113,2135
4114,2136
4116,2137
4117,2138
4118,2139
4119,2140
4120,2141
4121,2147
4122,2142
4123,2143
4124,2144
4125,2145
4126,2148
4127,2149
4128,2151
4129,2152
4130,2153
4131,2154
4132,2155
4133,2157
4134,542
4135,474
4136,2158
4137,2160
4138,2161
4139,2163
4140,2164
4141,2165
4142,2166
4143,2167
4144,2168
4145,2216
4146,2170
4147,2171
4148,2172
4149,2173
4150,2175
4151,2174
4152,2176
4153,2177
4154,2178
4155,2179
4156,2180
4157,2181
4158,2182
4159,2183
4160,2186
4161,2184
4161,12736
4162,2187
4163,2189
4164,2190
4165,2192
4166,2193
4167,2194
4168,2195
4169,2196
4170,2197
4171,2198
4172,2199
4173,2200
4174,2201
4175,2202
4176,2203
4177,2204
4178,2205
4179,2206
4180,2207
4181,2208
4182,2209
4183,2212
4184,2213
4185,2214
4186,2210
4187,2213
4188,2215
4189,475
4190,2217
4191,2218
4192,2219
4193,2220
4194,2221
4195,2222
4196,2241
4197,2235
4198,2234
4199,2233
4200,2232
4201,2231
4202,2230
4203,2229
4204,2228
4204,4864
4205,2227
4206,2226
4207,2225
4208,2224
4209,2223
4210,2242
4211,2243
4212,2244
4213,2245
4213,6301
4214,2246
4215,2247
4216,2248
4217,2249
4218,2250
4219,2251
4220,2253
4221,2252
4222,2254
4223,2255
4224,2256
4225,2257
4226,2258
4227,2259
4228,2260
4229,2261
4230,2262
4231,2263
4232,2264
4233,2265
4234,2266
4235,2267
4236,2268
4237,2269
4238,2272
4239,2270
4239,11554
4239,11556
4239,11557
4239,11558
4239,11559
4239,11560
4239,11561
4239,11562
4239,11563
4239,11565
4239,11899
4239,11900
4239,11901
4239,11903
4239,11904
4239,12015
4239,12807
4240,2273
4241,2274
4242,2275
4243,2236
4244,2279
4245,2238
4246,2239
4247,2240
4248,2280
4249,2281
4250,2282
4251,2283
4252,2329
4253,2330
4254,2331
4255,2332
4256,2334
4257,2333
4258,2335
4259,2336
4260,2337
4261,1077
4262,509
4263,2338
4264,2339
4265,2340
4266,2341
4267,2342
4268,2343
4269,2344
4270,2345
4271,2346
4273,2361
4274,2360
4275,2359
4276,2358
4277,2355
4278,2357
4279,2356
4280,2355
4281,2354
4281,5065
4282,2353
4283,2352
4284,2351
4285,2350
4286,2349
4287,2348
4288,2362
4289,2347
4290,2363
4291,2364
4292,2366
4293,2365
4294,2367
4295,2368
4296,2369
4297,2370
4298,2372
4299,2374
4300,2375
4301,476
4301,483
4301,492
4301,496
4302,2378
4303,2377
4305,2380
4306,2376
4307,517
4308,2382
4309,2384
4310,2386
4311,2388
4312,1120
4313,2385
4314,562
4315,2390
4316,2383
4317,2391
4318,2392
4319,2394
4320,2393
4321,2396
4322,2397
4323,2399
4324,2396
4326,2401
4327,2402
4328,2403
4329,2404
4330,12381
4331,1109
4331,1148
4331,2158
4331,2405
4331,2410
4331,3645
4331,4267
4331,10127
4331,10336
4331,10337
4331,10694
4331,11605
4331,11606
4331,11607
4331,11608
4331,11609
4331,11611
4331,11612
4331,13674
4332,476
4333,476
4335,477
4336,2406
4339,2408
4340,2407
4341,2408
4342,3128
4342,10600
4342,10662
4343,2408
4344,2411
4345,2409
4346,2400
4347,2412
4348,2413
4348,2414
4349,2415
4350,2416
4351,2417
4352,2418
4353,2419
4354,2420
4355,2421
4356,2423
4357,2422
4358,2424
4359,2425
4360,2426
4361,2427
4362,2428
4363,2429
4364,2443
4365,2442
4365,7363
4365,9451
4366,2441
4367,2440
4368,2439
4369,2438
4370,2437
4371,2436
4372,2435
4373,2434
4374,2433
4375,2431
4376,2430
4377,2444
4378,2445
4379,2629
4380,2446
4381,2447
4382,1928
4383,2449
4384,2447
4385,2464
4385,10250
4386,2450
4387,2451
4388,2455
4389,2452
4390,2453
4391,2456
4392,2457
4393,2458
4394,2459
4395,2460
4396,2461
4397,2462
4398,2463
4399,476
4400,2466
4401,476
4402,2454
4402,6753
4403,476
4404,476
4405,477
4406,2468
4407,2465
4408,483
4409,2409
4410,2409
4411,2409
4412,2409
4413,477
4414,483
4415,2409
4416,2469
4416,3888
4416,4785
4416,11535
4416,13591
4416,13592
4417,2409
4418,2409
4419,2470
4420,2409
4421,2476
4422,476
4423,476
4424,476
4425,476
4426,477
4427,2477
4428,483
4429,2409
4430,2409
4431,2409
4432,2409
4433,2471
4433,4868
4434,5316
4435,2473
4436,2478
4437,2474
4438,2475
4439,2479
4440,2480
4441,2482
4442,2481
4443,705
4444,2484
4445,476
4446,477
4447,476
4448,476
4449,2486
4450,2485
4451,2487
4452,2488
4452,11149
4452,12046
4452,12047
4452,12048
4452,12327
4452,12994
4453,2490
4454,2489
4455,2491
4456,2492
4457,2493
4458,2494
4459,2495
4460,2496
4461,2497
4462,2498
4463,2499
4464,2500
4465,2501
4466,2502
4467,2500
4468,2502
4469,2503
4470,2504
4471,2505
4472,2506
4473,2507
4474,2508
4474,12938
4475,2509
4476,2510
4477,2511
4478,2512
4479,2513
4480,2514
4481,2515
4482,2516
4483,2517
4484,2518
4485,2519
4486,2520
4487,2521
4487,2672
4488,2522
4489,2523
4490,2524
4491,2525
4492,2503
4493,2526
4494,2527
4495,2528
4496,2529
4497,2530
4498,2500
4499,2500
4500,2531
4501,2500
4502,2533
4503,2532
4504,2534
4505,2535
4506,2537
4507,2536
4507,3986
4508,2538
4509,2540
4510,2539
4512,2542
4513,2500
4514,2543
4515,2544
4515,9272
4516,2545
4517,2546
4518,2548
4519,2547
4520,2549
4521,2550
4522,2551
4523,2552
4524,2559
4525,2560
4526,2561
4527,2563
4528,2562
4529,2558
4530,2565
4531,2566
4532,2567
4533,2568
4534,2569
4535,2570
4536,2571
4537,2572
4538,2573
4539,2574
4540,2575
4541,2576
4542,2577
4543,2579
4544,2578
4546,2581
4547,2583
4548,2582
4549,2371
4550,2584
4551,2585
4552,2586
4553,2587
4554,2564
4555,2588
4556,2589
4557,2591
4558,2590
4559,2592
4560,2593
4561,2408
4562,2409
4563,2594
4564,2408
4565,2409
4566,7541
4567,2408
4568,2409
4569,2596
4570,2597
4571,2598
4572,2599
4573,2601
4574,2602
4575,2603
4576,2605
4577,2606
4578,2615
4579,2616
4580,2617
4581,2618
4582,2620
4583,2619
4584,2580
4585,2621
4586,2622
4587,2623
4588,2624
4589,2626
4590,2627
4591,2625
4592,2628
4593,2630
4594,2631
4594,5794
4595,2632
4596,2633
4597,2604
4598,2542
4599,2634
4600,570
4600,2636
4600,4889
4600,4892
4600,7170
4601,2635
4602,2637
4603,2638
4604,2639
4605,2640
4606,2641
4607,2643
4608,2642
4609,2644
4610,2645
4611,2647
4612,2648
4613,5820
4614,2650
4615,2652
4616,2651
4617,2653
4618,2654
4619,2656
4620,2657
4621,2658
4622,2659
4623,2660
4624,2661
4625,2662
4626,2663
4627,2664
4628,2665
4629,2666
4630,2667
4631,2668
4632,2669
4633,2670
4634,2671
4635,2673
4636,2674
4637,2179
4638,2179
4639,2675
4640,2676
4641,2676
4642,2677
4643,2679
4644,2678
4644,12805
4644,12806
4645,4311
4646,2680
4647,2681
4648,2607
4649,2608
4650,2683
4651,2609
4651,4282
4652,2611
4653,2612
4654,2613
4655,2614
4655,9215
4656,2684
4657,2685
4657,5377
4658,2686
4659,2687
4660,2688
4661,2689
4662,2690
4663,2691
4664,2694
4665,2692
4665,2693
4666,2453
4667,2695
4668,2697
4669,2454
4670,2692
4670,2693
4671,2698
4672,2702
4673,2703
4673,10156
4674,2576
4675,2704
4676,2705
4677,2707
4678,2709
4679,2710
4680,2712
4681,2711
4682,2713
4683,2714
4684,2715
4685,2716
4686,2717
4687,2718
4688,2721
4689,2722
4690,2723
4691,2724
4692,2725
4693,2727
4695,2726
4696,2729
4697,2730
4698,2731
4699,2733
4700,2732
4701,2734
4702,2735
4703,2736
4704,2737
4705,2739
4706,2740
4707,2741
4708,2742
4709,2743
4710,2741
4711,2744
4712,2745
4713,2747
4714,2748
4715,2749
4716,2750
4717,2751
4718,2752
4719,2753
4720,2738
4721,2754
4722,2738
4723,2755
4724,2757
4725,2758
4726,2759
4727,2760
4728,2762
4729,2761
4730,2763
4731,2767
4732,2766
4733,2765
4734,2768
4735,2769
4736,2770
4737,2771
4738,2773
4739,2772
4740,2774
4741,2775
4742,2777
4743,2776
4744,2778
4745,2779
4746,2781
4747,2780
4748,2782
4749,2783
4750,2784
4751,2785
4752,2786
4753,2787
4754,10221
4755,2788
4756,2789
4757,2790
4758,2791
4759,2792
4760,2819
4761,2820
4762,2821
4763,2793
4764,2822
4765,2794
4766,2796
4767,2823
4768,2797
4769,2798
4770,2799
4771,2800
4772,2801
4773,2802
4774,2803
4775,12037
4776,2804
4777,2825
4778,2805
4779,2806
4780,2807
4781,2808
4782,2809
4782,4836
4783,2810
4784,2826
4785,2827
4786,2828
4787,2829
4788,2830
4789,2831
4790,2832
4791,2834
4792,2833
4793,2835
4794,2836
4795,2837
4796,2838
4797,2839
4798,2840
4799,2842
4800,2843
4801,2844
4802,2845
4803,2846
4804,2850
4805,2848
4806,2847
4807,2849
4808,2851
4809,2852
4810,2853
4811,2855
4812,2854
4813,2856
4814,2857
4815,2858
4816,2859
4817,2860
4818,2861
4818,12017
4818,13802
4819,2862
4820,2863
4821,2864
4822,2865
4823,2866
4823,9865
4824,2868
4825,2869
4826,2870
4827,2871
4828,2867
4829,2873
4830,2872
4831,2861
4832,2874
4833,2875
4834,2877
4835,2878
4836,2876
4837,2879
4838,2880
4839,2795
4840,2882
4841,2883
4842,2885
4843,2886
4844,2887
4845,2888
4846,2889
4847,2890
4848,2892
4849,2891
4850,2893
4851,3412
4852,2895
4853,2896
4854,2897
4855,2900
4856,2898
4857,2901
4858,2904
4859,2902
4860,2905
4861,2906
4862,2908
4863,2910
4863,2957
4864,2911
4865,2909
4866,2912
4867,2903
4868,2911
4869,2914
4870,2913
4871,2915
4872,2916
4873,4657
4874,477
4875,477
4876,2917
4877,477
4878,477
4879,477
4880,2918
4881,2919
4882,2811
4883,2812
4884,2814
4885,2815
4886,2816
4887,2817
4888,2818
4889,2920
4890,2922
4891,2921
4892,2923
4893,2924
4894,2925
4895,2926
4896,2927
4897,2928
4898,2929
4899,2930
4900,2931
4901,2932
4902,2943
4903,2942
4904,2950
4905,2940
4906,2951
4907,2952
4908,2953
4909,2910
4909,2957
4910,2958
4911,2954
4911,2955
4911,2956
4911,10131
4912,2949
4913,2948
4914,2947
4915,2946
4916,2945
4917,484
4917,564
4917,2944
4917,4841
4918,2941
4919,2939
4920,2959
4921,2938
4922,2937
4923,2960
4924,2936
4925,2935
4926,2934
4927,2933
4928,2961
4929,2963
4930,2964
4931,2966
4932,2965
4933,2967
4934,2962
4935,2968
4936,476
4937,476
4938,477
4939,2969
4940,476
4941,476
4942,476
4943,476
4944,2970
4945,476
4946,476
4947,476
4948,476
4949,476
4950,476
4951,2972
4952,476
4953,2974
4954,477
4955,476
4956,476
4957,476
4958,476
4959,2976
4960,2977
4961,2971
4962,2975
4963,2980
4964,2981
4965,2979
4966,2983
4967,2982
4968,2984
4969,2985
4970,2986
4971,2988
4972,2987
4973,2990
4974,2991
4975,2992
4976,2993
4977,2994
4978,2995
4979,2996
4980,2997
4981,2998
4981,9316
4982,2999
4983,3000
4984,3001
4986,3003
4987,3004
4988,3005
4989,3007
4990,3008
4991,3006
4992,3009
4993,3010
4994,3011
4995,3013
4996,3012
4997,3014
4998,3015
4999,3016
5000,3002
5001,3017
5002,3018
5003,3019
5004,3021
5005,3020
5006,3022
5007,3023
5008,640
5009,3025
5010,3026
5011,3027
5012,3028
5013,3029
5014,3030
5015,3031
5016,3033
5017,3032
5018,3038
5019,3039
5020,3040
5021,3041
5022,3042
5023,3044
5024,3045
5025,3047
5026,3048
5027,3046
5028,3049
5029,3050
5030,3051
5031,3052
5032,3053
5033,3054
5034,3055
5035,3067
5036,3068
5037,3069
5038,3071
5039,3070
5040,3057
5041,3058
5042,3072
5043,3059
5044,3060
5045,3073
5046,3061
5047,3062
5048,3063
5049,3064
5050,3065
5052,3074
5053,3075
5054,3076
5055,3077
5056,3078
5057,3079
5058,3080
5059,3081
5060,3082
5061,3083
5062,3084
5063,3066
5064,3085
5065,3086
5066,3087
5067,3088
5068,3089
5069,3090
5070,3091
5071,3093
5072,3094
5073,3095
5074,3096
5075,3097
5076,3098
5077,3099
5078,3100
5079,5271
5080,3103
5081,3104
5082,3105
5083,3106
5084,3102
5085,3107
5086,3108
5087,3109
5088,3110
5089,3113
5090,3111
5091,3114
5092,3112
5093,3115
5093,5773
5094,3116
5095,3117
5096,3118
5097,3119
5098,3120
5099,3121
5100,3122
5100,4766
5100,10019
5101,3123
5102,3124
5103,3125
5104,3126
5105,3129
5106,3130
5107,3131
5108,3132
5109,3133
5110,3134
5111,3135
5112,3136
5113,3137
5114,3138
5115,3139
5116,3140
5117,3141
5118,3142
5119,3143
5120,3144
5121,3145
5122,3146
5123,3147
5124,3148
5125,3149
5126,3150
5127,3151
5128,3152
5129,3153
5130,3154
5131,3155
5132,3156
5133,13607
5133,13608
5134,3158
5135,3159
5136,3160
5137,3162
5138,3163
5139,3164
5140,3165
5141,3166
5142,3201
5143,3202
5144,3203
5145,3204
5146,3179
5147,3178
5148,3177
5149,3176
5150,3205
5151,3174
5152,3173
5153,3172
5154,3171
5155,3170
5156,3169
5157,3206
5158,3168
5159,3167
5160,3207
5161,3208
5162,3209
5163,3210
5164,3211
5165,3212
5166,3213
5167,3214
5168,3215
5169,3217
5170,3218
5171,3216
5172,3216
5173,3219
5174,3220
5175,3220
5175,4222
5175,4223
5175,7151
5175,7152
5175,7153
5176,477
5177,477
5178,477
5179,477
5180,477
5181,3222
5190,3224
5192,3225
5196,3226
5197,477
5198,477
5199,477
5200,477
5201,477
5202,3227
5203,3228
5204,3229
5205,3231
5206,3230
5207,3233
5208,3232
5209,3235
5210,3234
5211,3236
5212,3237
5213,3238
5214,3239
5215,3240
5216,3241
5217,3242
5218,460
5219,3243
5220,3244
5221,3245
5222,3246
5223,1068
5224,3247
5225,3249
5226,3250
5227,3251
5228,3180
5229,3181
5230,3182
5231,3184
5232,3185
5233,3188
5234,3252
5235,3189
5236,3190
5237,465
5238,3253
5239,3254
5240,3255
5241,3251
5242,3256
5243,3257
5244,3257
5245,3258
5246,3259
5247,3248
5248,3260
5249,3261
5250,3262
5251,3263
5252,3264
5253,3265
5254,3266
5255,3267
5256,3268
5257,3269
5258,3270
5259,3271
5260,3272
5261,3273
5262,3274
5263,3275
5264,3277
5265,3278
5266,3276
5267,3279
5268,3280
5270,3284
5271,3192
5272,3187
5273,3186
5274,3191
5275,3288
5276,3193
5277,3194
5278,3195
5279,3289
5280,3196
5281,3197
5282,3198
5283,3290
5284,3199
5285,3291
5286,3293
5287,3292
5288,3294
5289,3295
5290,3296
5291,3297
5292,3298
5293,3299
5294,3300
5295,3301
5296,3302
5297,3303
5298,3304
5299,3305
5300,3306
5301,3307
5302,3308
5303,3307
5304,3309
5305,3310
5306,3311
5307,3313
5308,3314
5309,3315
5310,3316
5311,3318
5312,3317
5313,3319
5314,3320
5315,3321
5316,3322
5317,3325
5318,3324
5319,3323
5320,3326
5321,3327
5322,3328
5323,3329
5324,3330
5325,3331
5326,3325
5327,3315
5328,3332
5329,3333
5330,3334
5331,3335
5332,3336
5332,5023
5333,3337
5334,3338
5335,3339
5336,3340
5337,3341
5338,3342
5339,3341
5340,3343
5341,3344
5342,460
5343,460
5344,3346
5345,3345
5346,3347
5347,3348
5348,3347
5349,3349
5350,3351
5351,3352
5352,3353
5352,13182
5353,3350
5353,12767
5353,12768
5354,3325
5354,12382
5355,3355
5356,3356
5357,3357
5358,3358
5359,9271
5360,9271
5361,3359
5362,3360
5363,3361
5365,3363
5366,3364
5367,3365
5368,3377
5369,3366
5370,3367
5371,3378
5372,3369
5373,3370
5374,3379
5375,3372
5376,3374
5377,3375
5378,3376
5379,3380
5380,3381
5381,3382
5382,3383
5382,5951
5383,3384
5384,3385
5385,3386
5385,3864
5385,5679
5386,2745
5387,3388
5388,3389
5389,3390
5390,3391
5391,4512
5392,3392
5393,3393
5394,3128
5395,4512
5396,3394
5397,3395
5398,3396
5399,3397
5400,3398
5400,5279
5401,3400
5402,3399
5403,1755
5404,3402
5405,3403
5406,3410
5407,536
5408,3411
5409,468
5410,3412
5411,3414
5412,3413
5413,2695
5414,3417
5415,3419
5416,3421
5417,3422
5418,3423
5419,3424
5420,3425
5421,3426
5422,3427
5423,3429
5424,3430
5425,3431
5426,3432
5427,3433
5428,3440
5429,3439
5430,3438
5431,3437
5432,3436
5433,3434
5434,3457
5435,3458
5436,3459
5436,5683
5437,3418
5438,3460
5439,3461
5440,3463
5441,3462
5441,3466
5442,3465
5443,3464
5444,3467
5445,3469
5446,3468
5447,3470
5448,3471
5449,3441
5450,3443
5451,3444
5452,3445
5453,3472
5454,4649
5455,3447
5456,9751
5457,3473
5458,3474
5459,3475
5460,3476
5461,3478
5462,3477
5463,3479
5464,3480
5465,3481
5466,3482
5467,3483
5468,3485
5469,3486
5470,3487
5471,3488
5472,3489
5473,3442
5474,3490
5475,3491
5476,3492
5477,3493
5478,3428
5479,3494
5480,3495
5481,3497
5482,3496
5483,3498
5484,3500
5485,3499
5486,584
5487,3502
5488,3503
5489,3506
5490,3505
5491,3507
5492,3508
5493,3509
5494,3510
5495,3511
5496,3512
5496,11997
5497,3513
5498,3515
5499,3514
5500,3515
5501,3516
5502,3517
5503,3518
5504,3519
5505,3520
5506,3521
5507,3522
5508,3523
5509,3524
5510,3525
5511,3526
5512,3527
5513,3450
5514,3452
5515,3453
5516,3455
5517,3528
5518,3533
5519,3541
5520,3543
5521,3542
5522,3544
5523,3545
5524,3540
5525,3540
5526,3540
5527,3539
5528,3538
5529,3537
5530,3536
5531,3535
5532,3534
5533,3532
5534,3531
5535,3530
5536,3529
5537,584
5538,3546
5539,3547
5540,3549
5541,3550
5542,3551
5543,3552
5544,3553
5545,3554
5546,3555
5547,3556
5548,3557
5549,3559
5550,3558
5551,3560
5552,3561
5553,3562
5554,3563
5555,3564
5556,3565
5557,3566
5558,3567
5559,3568
5560,3569
5561,3571
5562,3570
5563,3572
5564,3573
5565,3576
5566,3577
5567,3578
5568,3579
5569,3580
5570,3581
5571,3583
5572,3583
5573,3584
5574,3585
5575,3548
5576,3587
5577,3588
5578,3589
5579,3590
5580,3591
5581,3592
5582,3593
5583,3594
5584,3595
5585,3596
5586,3597
5587,3598
5588,3599
5589,3601
5590,3602
5591,3610
5592,3609
5593,3608
5594,3607
5595,3606
5596,3605
5597,3604
5598,3603
5599,3612
5600,3611
5601,3613
5602,3614
5603,3623
5604,3631
5605,3632
5606,3616
5607,3617
5608,3618
5609,3619
5610,3620
5611,3622
5612,3624
5613,3625
5614,3626
5615,3627
5616,3628
5617,3630
5618,3633
5619,3634
5620,3635
5621,3636
5622,3637
5623,3586
5624,3638
5625,3639
5626,3640
5627,3641
5628,3642
5629,3643
5630,3644
5631,3645
5632,3646
5633,3648
5634,3647
5634,3649
5635,3629
5636,3650
5637,3651
5638,3653
5639,3652
5640,3654
5641,3655
5642,3656
5643,3657
5644,3658
5645,3659
5646,3660
5647,3661
5648,482
5649,3662
5650,3663
5651,3664
5652,3665
5653,3666
5654,3667
5655,3668
5656,3669
5657,3670
5658,3671
5658,3672
5658,3673
5658,4903
5659,485
5659,491
5659,495
5659,505
5659,514
5659,532
5659,535
5659,3674
5659,10285
5660,3676
5661,3677
5662,3678
5663,3679
5664,3680
5665,3681
5666,3682
5667,3683
5668,3684
5669,3685
5670,3686
5671,3691
5672,3690
5673,3689
5674,3688
5675,3687
5676,3693
5677,3694
5678,3831
5679,3697
5680,3698
5681,3699
5682,3704
5683,3706
5684,3700
5685,3707
5686,3701
5687,5416
5688,3709
5689,3710
5690,3711
5691,3703
5692,3712
5693,3713
5694,3715
5695,3716
5696,3705
5697,3717
5698,3718
5699,3719
5700,3702
5701,3721
5702,3720
5703,3721
5704,3724
5705,3725
5706,3726
5707,3727
5708,3728
5708,12655
5709,3729
5710,3730
5711,3731
5712,3732
5713,3733
5714,3702
5715,3734
5716,3735
5717,3736
5718,3737
5719,3738
5720,3739
5721,3740
5722,3741
5723,3742
5724,3743
5725,3744
5726,3745
5727,3746
5728,3747
5729,3748
5730,3749
5731,3750
5732,3692
5733,3753
5734,3754
5735,3755
5736,3756
5737,467
5737,472
5737,542
5737,3758
5737,5669
5737,10713
5738,3758
5739,3448
5740,3757
5741,3761
5742,3763
5743,3764
5744,3765
5745,3767
5747,3766
5748,3766
5749,3714
5750,3773
5751,3774
5752,3775
5753,3775
5754,3776
5755,3778
5756,3780
5757,3777
5758,3781
5759,3782
5760,3783
5761,3784
5762,3785
5763,3786
5764,3787
5765,3807
5766,3835
5767,3811
5768,3812
5769,3813
5770,3814
5771,3815
5772,3816
5773,3817
5774,3808
5775,3806
5776,3805
5777,3804
5778,3803
5779,3802
5780,3801
5781,3800
5782,3799
5783,3798
5783,13183
5784,3797
5785,3795
5786,3794
5787,3793
5788,3792
5789,3791
5790,3790
5791,3789
5792,3788
5793,3818
5794,3819
5795,3820
5796,3821
5797,3822
5797,3823
5798,3809
5799,3824
5800,3825
5801,3826
5801,7513
5802,3827
5803,3830
5804,3832
5805,3833
5806,3834
5807,3836
5808,3837
5809,3838
5810,3840
5811,3583
5812,3583
5813,3859
5814,3860
5815,3859
5816,3859
5817,3841
5818,3842
5819,3843
5820,3846
5821,3847
5822,3848
5823,3849
5824,3850
5825,10199
5826,3851
5827,3852
5828,3853
5829,3854
5830,10450
5831,3856
5832,3857
5832,10798
5833,3858
5833,9212
5834,3862
5835,3863
5835,4858
5836,3864
5837,3864
5837,11131
5837,12035
5838,3865
5839,2018
5840,482
5841,3583
5842,3583
5843,3874
5844,3876
5845,5978
5846,3878
5847,3880
5848,3881
5849,4738
5849,7632
5849,9848
5849,9849
5850,3884
5851,3454
5852,3885
5853,3886
5854,3751
5855,3183
5856,9271
5857,9271
5858,3888
5858,11053
5859,3889
5860,3890
5861,3891
5862,3893
5863,3894
5864,3896
5865,3899
5866,3898
5867,3900
5868,3901
5869,3902
5870,3903
5871,3904
5872,3905
5873,3907
5874,2467
5875,3911
5876,3912
5877,3913
5878,3897
5879,482
5880,3915
5881,3916
5882,3917
5883,3919
5884,3920
5885,3923
5886,3924
5887,3925
5888,3873
5889,3934
5890,3933
5891,3932
5892,3931
5893,3930
5894,3929
5895,3926
5896,3927
5897,3928
5898,509
5899,3935
5900,3936
5901,3937
5902,3938
5903,3939
5904,3940
5905,3941
5906,3942
5907,3944
5908,3945
5909,3947
5910,3948
5911,3949
5912,3950
5913,3951
5914,3952
5915,3953
5916,3954
5917,509
5918,3955
5919,664
5920,3956
5920,4599
5920,5894
5920,5895
5920,5896
5920,5897
5920,13427
5920,13428
5920,13429
5920,13430
5920,13431
5920,13432
5920,13433
5921,665
5922,666
5923,667
5924,668
5925,669
5925,10348
5925,10349
5925,10429
5925,10430
5925,10431
5925,10432
5925,10433
5926,3957
5927,670
5928,3759
5929,3958
5930,3959
5931,3960
5932,3963
5933,502
5934,3965
5935,3966
5936,3967
5937,3969
5938,3883
5939,3972
5939,4889
5940,2432
5941,3976
5942,3977
5943,3978
5944,3980
5945,3981
5946,2237
5947,3982
5948,3983
5949,3984
5950,3985
5951,3987
5952,3988
5953,3988
5954,3989
5955,3990
5956,3991
5957,4000
5958,3992
5959,3993
5960,946
5961,4001
5962,4002
5963,4003
5964,4004
5965,4005
5966,596
5966,597
5966,4007
5967,4008
5968,4009
5969,4010
5970,4011
5971,4012
5971,9561
5972,4013
5973,4015
5974,4016
5975,7183
5976,3996
5977,3997
5978,3998
5979,3999
5980,4017
5981,472
5982,4020
5983,4021
5984,4022
5985,4023
5986,4024
5987,4025
5988,4026
5988,12594
5988,12595
5988,12596
5988,12597
5989,4027
5990,4029
5991,4761
5991,10949
5992,4032
5993,4035
5994,10378
5994,12685
5995,4043
5996,2074
5997,4041
5998,1548
5999,1550
6000,1555
6001,1556
6002,1565
6003,1566
6004,4040
6005,4039
6006,4866
6006,4867
6006,4869
6007,4045
6008,4046
6009,4047
6010,4048
6011,4049
6012,4050
6013,4051
6014,4052
6015,4053
6016,4054
6017,4055
6018,4057
6020,4058
6021,1319
6022,4060
6023,4061
6024,4062
6025,4063
6026,4448
6027,4066
6028,4067
6029,4070
6030,4071
6031,4077
6032,4085
6033,4084
6034,4083
6035,4082
6036,4081
6037,4079
6038,4076
6039,4078
6040,4086
6041,4088
6042,4089
6043,4090
6044,4091
6045,4092
6046,4093
6047,4094
6048,4095
6049,4097
6050,4099
6051,4100
6052,4101
6053,4103
6054,4075
6055,4074
6056,4104
6057,4105
6058,4106
6059,4107
6060,4108
6061,4110
6062,4111
6063,1091
6064,1091
6065,4113
6066,4114
6067,4119
6068,4118
6069,4117
6070,1212
6071,4115
6072,4120
6073,4087
6074,4121
6075,4122
6076,4123
6077,4124
6078,4125
6079,4126
6080,1912
6081,4136
6082,4138
6083,4139
6084,4140
6085,4141
6086,4142
6087,4143
6088,4144
6089,4145
6090,4146
6091,4147
6092,4148
6093,4149
6094,4150
6095,4151
6096,4152
6097,4153
6098,4154
6099,4156
6100,4155
6101,4157
6102,4158
6103,4159
6104,4160
6105,4161
6106,3796
6107,4080
6108,470
6108,4162
6109,467
6110,4163
6111,4164
6112,4165
6113,4166
6114,4167
6115,4168
6116,4169
6117,4170
6118,4171
6119,4172
6120,4174
6121,4175
6122,4176
6123,4177
6124,7032
6125,4162
6126,4162
6127,4195
6128,4194
6129,4181
6130,4183
6131,4184
6132,4186
6133,4187
6134,4188
6135,4189
6136,4190
6137,4191
6138,4192
6139,4819
6140,642
6141,3036
6142,639
6143,467
6144,536
6145,4198
6146,4199
6147,4200
6148,4202
6149,4203
6150,4204
6151,4205
6152,1912
6153,4206
6154,4208
6155,4209
6156,4210
6157,4211
6158,4212
6159,4212
6160,4215
6161,1519
6161,4216
6162,4871
6163,4218
6164,4219
6165,4220
6166,4227
6167,4228
6168,4229
6169,4230
6170,4231
6171,4232
6172,4233
6173,4239
6174,4236
6175,4238
6176,4234
6177,4240
6178,4241
6179,4242
6180,4243
6181,4244
6182,4245
6183,4246
6184,4247
6185,4248
6186,4249
6187,4250
6188,4251
6188,7524
6189,4252
6190,4259
6191,4258
6192,4256
6193,4255
6194,4254
6195,4253
6196,4261
6197,4263
6198,4264
6199,4265
6200,4266
6201,4267
6202,4268
6203,4262
6204,4270
6205,4271
6206,4272
6207,4281
6208,2058
6209,4279
6210,4280
6211,4277
6212,4276
6213,4275
6214,4273
6215,4274
6216,4283
6217,4285
6218,4286
6219,4287
6220,4288
6221,4289
6222,4290
6223,4297
6224,4296
6225,4295
6226,4294
6227,4293
6228,4301
6229,4302
6230,4303
6231,4304
6232,4305
6233,4307
6234,4308
6235,4309
6236,4310
6237,4312
6238,2970
6239,4315
6240,4316
6241,4318
6242,4319
6243,4320
6244,4321
6245,467
6245,1146
6246,536
6247,4322
6248,4323
6249,4324
6250,4325
6251,4326
6252,4328
6253,4330
6254,4331
6255,4329
6256,4333
6257,4335
6258,509
6259,472
6259,509
6260,542
6261,542
6262,4337
6263,4338
6264,4339
6265,4340
6266,4342
6267,4343
6268,4344
6269,10097
6270,4346
6271,4350
6272,4351
6273,4353
6274,4354
6276,4356
6277,4357
6278,4358
6279,4359
6280,4360
6281,4347
6282,4348
6283,4349
6284,2839
6285,4362
6286,4363
6287,2793
6288,4365
6289,4366
6290,4367
6291,4368
6292,4369
6293,4370
6294,4371
6295,4372
6296,4373
6297,4374
6298,4375
6299,4376
6300,4377
6301,4379
6302,4380
6303,4381
6304,4382
6305,4384
6306,4385
6307,4386
6308,4387
6309,4388
6310,4389
6311,4391
6312,4392
6312,5915
6313,4393
6314,2476
6315,4396
6316,4397
6317,4399
6318,4400
6320,4400
6321,4401
6322,4402
6323,4403
6324,4404
6325,4408
6326,4407
6327,4406
6328,4405
6329,4409
6330,4410
6331,4411
6332,4412
6333,4413
6336,4414
6337,4415
6338,4416
6339,4417
6340,4418
6342,4420
6343,4421
6344,4423
6345,4424
6346,4422
6347,4422
6348,4427
6349,4429
6350,4428
6351,4426
6352,3374
6353,577
6354,4430
6355,4431
6356,4434
6357,4433
6358,4432
6359,4439
6360,4438
6361,4437
6362,4436
6363,4435
6364,4440
6365,4441
6366,4442
6367,4443
6368,4444
6369,4445
6370,4446
6371,4447
6372,4449
6373,4450
6374,4451
6375,3216
6376,3216
6377,3216
6378,3216
6379,3216
6380,3216
6381,3216
6382,3216
6383,3216
6384,3216
6385,3216
6386,3216
6387,3216
6388,3216
6389,4137
6390,4458
6391,4456
6392,4455
6393,4453
6394,4461
6395,4462
6396,4463
6397,4464
6398,4465
6399,4466
6400,4469
6401,4473
6402,4317
6403,4470
6404,4162
6405,4474
6406,2018
6407,4425
6408,510
6409,510
6410,4477
6411,4478
6412,487
6413,487
6414,487
6415,487
6416,487
6417,487
6418,487
6419,7049
6420,487
6421,4479
6422,487
6422,5426
6423,487
6423,5426
6424,2692
6424,2693
6425,4480
6426,4481
6427,4482
6428,4485
6429,4486
6430,4487
6431,4488
6432,4488
6433,4490
6434,4491
6435,4492
6436,4493
6437,4494
6438,4496
6439,4497
6440,4498
6441,4499
6442,4500
6443,4502
6444,4507
6445,6389
6446,4505
6447,4506
6448,4503
6450,4511
6451,4509
6452,4508
6453,4512
6454,4512
6455,4512
6456,725
6457,2943
6458,4514
6459,4515
6460,657
6460,4516
6460,11554
6460,11557
6460,11558
6460,11561
6460,11667
6460,11668
6460,11669
6460,11671
6460,11672
6460,11673
6460,11674
6460,11675
6460,12416
6460,13475
6461,1885
6462,4518
6463,4519
6464,3866
6465,450
6466,450
6467,450
6468,450
6469,450
6470,450
6471,450
6472,9271
6473,4522
6474,4523
6475,4525
6476,4526
6477,4529
6478,4528
6479,4527
6482,4532
6483,4533
6484,4534
6485,4535
6486,4536
6487,4537
6488,4538
6489,4539
6490,4540
6491,4541
6492,514
6493,514
6494,4278
6495,4542
6496,4543
6497,1991
6497,12552
6498,4545
6499,4546
6500,4547
6501,4548
6502,4549
6503,4550
6504,4551
6504,10111
6505,10282
6506,4552
6507,543
6507,4553
6508,4554
6509,4555
6510,4260
6511,4556
6512,4557
6513,4038
6514,4562
6515,4564
6516,4567
6517,4568
6518,4569
6519,4578
6520,4577
6521,4575
6522,1228
6523,4574
6524,4573
6525,4572
6526,4571
6527,4584
6528,4585
6529,4586
6530,4583
6533,4580
6534,4579
6535,4581
6536,4582
6537,9615
6538,4589
6539,4588
6540,4587
6541,4590
6541,11407
6544,4591
6545,4592
6546,4593
6547,4594
6548,4595
6549,4596
6550,4597
6551,4598
6552,4599
6553,4601
6554,4602
6555,4612
6556,4611
6557,4610
6558,4609
6559,4607
6560,4606
6561,4605
6562,4604
6563,4603
6564,4613
6565,4614
6566,4615
6567,4616
6568,4617
6569,4618
6570,4619
6571,583
6572,4629
6573,4628
6574,4627
6575,4626
6576,4625
6577,4624
6578,4623
6579,4622
6580,4620
6581,4621
6582,4630
6583,4631
6584,4632
6585,4633
6586,4634
6587,4644
6588,3813
6588,4643
6588,4858
6589,4642
6590,4641
6591,4640
6592,4639
6593,4638
6594,4637
6595,4645
6596,474
6596,484
6596,510
6596,564
6596,566
6596,4635
6596,4841
6596,5424
6596,5431
6596,7079
6596,7501
6597,8624
6598,4653
6599,4655
6600,4651
6601,4650
6602,4648
6603,4647
6604,4656
6605,4658
6606,4659
6607,4660
6608,4661
6609,4662
6610,4663
6611,4664
6612,4665
6613,4666
6614,4667
6615,4668
6616,4669
6617,4670
6618,4671
6619,4672
6620,4673
6621,4674
6622,4675
6623,9760
6624,4677
6625,4678
6626,4679
6627,4680
6628,4681
6629,4682
6630,4683
6631,4684
6632,4685
6633,4686
6634,4687
6635,4688
6636,4689
6637,4690
6638,4691
6639,4692
6640,4694
6641,4695
6642,4696
6643,4697
6644,4698
6645,4699
6646,4701
6647,4702
6647,9641
6648,4703
6649,4704
6650,4705
6651,4706
6652,4707
6653,4708
6654,4709
6655,4710
6656,4711
6657,4712
6658,4713
6659,4714
6660,4720
6661,4721
6662,4723
6663,4729
6664,4728
6665,4727
6666,4726
6667,4725
6668,4724
6668,11057
6669,4640
6670,4736
6671,4735
6672,4734
6673,4733
6674,4731
6675,4730
6676,4737
6676,9775
6677,4742
6678,4741
6679,4743
6680,818
6680,10284
6681,4745
6682,4649
6683,4746
6684,4748
6685,4749
6686,4750
6687,4751
6688,4752
6689,5122
6690,474
6691,4757
6692,4758
6693,4759
6694,9271
6695,4762
6696,851
6697,4763
6698,485
6699,566
6700,1333
6701,4764
6702,564
6703,564
6704,460
6705,5015
6706,1923
6707,4767
6709,4768
6710,4754
6711,4770
6712,4771
6713,4772
6714,4773
6715,4775
6716,798
6717,4776
6718,2954
6719,4778
6720,4779
6721,4780
6722,1068
6723,4608
6724,4782
6725,4783
6726,4784
6727,4786
6728,4787
6729,4788
6730,4789
6731,4790
6732,4791
6733,4792
6734,4793
6735,4794
6736,4795
6737,4797
6738,4798
6739,4799
6740,4800
6741,4801
6742,4802
6743,4803
6744,4718
6745,4806
6746,4807
6747,4808
6748,4809
6749,4810
6750,4811
6751,4812
6752,4813
6753,4814
6754,4815
6755,4816
6756,4817
6757,1622
6758,4818
6759,1622
6760,4818
6761,4517
6762,1898
6763,4823
6764,4824
6765,4825
6766,4826
6767,4827
6767,4828
6768,4829
6769,3297
6770,4831
6771,4832
6772,4833
6773,4834
6773,4835
6774,4837
6775,4838
6776,4839
6777,484
6777,564
6777,4841
6778,4845
6779,4846
6780,4847
6780,4963
6780,12319
6780,12320
6780,12321
6781,4849
6782,4850
6783,4851
6784,4852
6785,4853
6786,4854
6787,4855
6788,4856
6789,4857
6790,4512
6791,4859
6792,1092
6792,4847
6792,6975
6792,8087
6792,12518
6793,4862
6794,3888
6795,3888
6797,4870
6798,468
6798,469
6799,442
6800,443
6801,583
6802,3888
6803,473
6803,492
6804,4872
6805,449
6806,449
6807,449
6808,449
6809,4873
6810,4874
6811,4875
6812,515
6813,4876
6814,4162
6815,4877
6816,469
6816,471
6817,474
6818,474
6819,572
6820,509
6821,4878
6822,4879
6823,4880
6824,4881
6825,4883
6826,4885
6827,4886
6828,4887
6829,4888
6830,474
6831,4894
6832,4895
6833,4896
6834,4897
6835,4899
6836,4900
6837,4901
6838,4904
6839,4905
6840,4906
6841,4907
6842,4908
6843,4909
6844,4910
6845,4911
6846,4912
6847,4913
6848,1890
6849,4915
6850,4916
6850,9845
6851,4917
6852,4919
6853,4921
6854,4922
6855,4924
6856,4925
6857,4926
6858,4928
6859,4930
6860,4932
6861,4933
6862,4934
6863,2073
6863,2074
6863,2076
6863,2077
6863,2078
6863,2079
6863,2081
6863,5788
6863,12764
6864,4939
6865,4940
6865,11584
6866,4941
6866,4942
6866,4943
6866,4944
6866,4945
6867,4946
6868,4947
6869,4948
6870,4949
6871,4950
6872,4950
6873,4951
6874,4952
6875,4953
6875,4954
6875,4955
6876,4956
6877,4957
6878,4960
6879,4961
6880,4962
6881,3924
6881,4963
6881,4965
6881,4966
6881,12625
6882,4967
6883,4968
6884,4969
6885,4970
6886,4973
6887,4974
6888,4975
6889,4976
6890,4977
6891,4977
6892,4979
6893,4980
6894,4981
6895,4983
6896,4984
6897,4986
6898,4987
6899,4990
6900,4991
6901,4992
6902,4994
6903,4995
6904,4996
6905,4997
6906,4998
6907,4999
6908,5001
6909,5002
6910,5003
6911,5004
6912,1991
6913,2910
6913,2957
6914,2404
6914,4128
6914,5009
6914,5010
6914,5011
6914,5013
6915,5014
6916,5015
6917,5016
6918,5017
6919,5018
6920,5019
6921,4765
6922,4185
6923,4038
6924,5024
6925,5025
6926,5026
6927,5028
6928,5029
6929,5030
6930,5031
6931,5032
6932,5033
6933,5034
6934,5035
6935,5036
6936,10861
6937,5038
6938,5039
6939,3216
6940,3216
6941,3216
6944,5040
6945,5042
6946,5043
6947,5044
6948,5045
6949,5046
6950,5047
6951,2796
6952,483
6953,5048
6954,5049
6955,5050
6956,2113
6957,5053
6958,5054
6959,5056
6960,5057
6961,5059
6962,5060
6963,5061
6964,5062
6965,7406
6966,5064
6967,5065
6968,5066
6969,5067
6970,5068
6971,5069
6972,5071
6973,5072
6974,5073
6975,5074
6976,5075
6977,5076
6978,5077
6980,5080
6981,5084
6982,5079
6983,5085
6984,5086
6985,514
6986,514
6987,5087
6988,5088
6989,5089
6990,5090
6991,5091
6992,3588
6993,5094
6994,2011
6995,5095
6996,5096
6997,5097
6998,5099
6999,5100
7000,5101
7001,5102
7002,564
7003,5103
7004,5105
7005,5106
7006,2658
7007,5107
7008,5108
7009,5109
7011,5111
7012,5112
7013,5113
7014,5114
7015,5115
7016,4543
7017,5117
7018,5119
7019,5081
7020,5120
7021,5121
7022,1496
7023,5123
7024,5124
7025,5125
7026,5127
7027,5128
7028,5129
7029,5130
7030,5131
7031,5132
7032,5133
7033,5134
7034,5135
7035,5136
7036,5137
7037,5139
7038,5140
7039,5141
7040,5142
7041,4646
7042,1201
7043,5143
7044,5144
7045,5145
7046,5146
7047,5138
7048,5147
7049,5148
7050,5149
7051,5150
7052,5151
7053,5152
7054,5153
7055,5154
7056,5155
7057,5156
7058,5157
7059,847
7060,847
7061,5159
7062,5160
7063,5161
7064,5162
7065,5163
7066,5097
7067,564
7068,5164
7069,5165
7070,5166
7071,5167
7072,5168
7073,1415
7074,5169
7075,5170
7076,5172
7077,5174
7078,5173
7079,5175
7080,5176
7081,5177
7082,5179
7083,5178
7084,5180
7085,5181
7086,5182
7087,5183
7088,5184
7089,5185
7090,5186
7091,5188
7092,5189
7093,5190
7094,5191
7095,5192
7096,5193
7097,5195
7098,5196
7099,5197
7100,5198
7101,5199
7102,5200
7103,5203
7104,5204
7105,5206
7106,5207
7107,5208
7108,5209
7109,5210
7110,5211
7111,5212
7112,5214
7113,5215
7114,5216
7115,5217
7116,5220
7117,5221
7118,5223
7119,5224
7120,5225
7121,5226
7122,5227
7123,5228
7124,5230
7125,510
7126,5231
7127,5232
7128,5233
7129,5234
7130,5235
7131,5236
7132,4408
7133,5237
7134,5238
7135,5239
7136,5240
7136,6919
7137,5241
7138,3152
7139,5242
7140,5243
7141,5244
7142,5247
7143,5248
7144,5249
7145,5250
7146,5251
7147,5252
7148,5253
7149,5254
7150,5255
7151,5256
7152,5257
7153,5259
7154,5261
7155,5262
7156,5263
7158,5265
7159,5266
7160,5267
7161,5268
7161,9888
7162,5269
7163,5270
7164,5271
7165,5272
7166,5273
7167,5274
7168,5275
7169,5276
7170,4763
7171,5277
7172,3589
7173,5283
7174,5286
7175,5287
7176,5288
7177,5289
7178,5290
7179,5291
7180,5292
7181,5293
7182,5294
7183,5295
7184,5297
7185,5298
7186,446
7186,590
7187,5299
7188,564
7188,566
7188,591
7188,8591
7189,5300
7189,10092
7190,5301
7191,4892
7191,5302
7191,11156
7192,3655
7192,5305
7193,5309
7194,5444
7195,2365
7195,5444
7196,5465
7197,5310
7198,5312
7199,5315
7200,3859
7201,2921
7202,5317
7203,5318
7204,448
7205,473
7206,5320
7207,5321
7208,498
7208,499
7209,5322
7210,5323
7211,5324
7212,5325
7213,5326
7214,5327
7215,5328
7216,5329
7217,5330
7218,5331
7219,5332
7220,2657
7221,5334
7222,5340
7223,5335
7224,9973
7225,5337
7226,5339
7227,5338
7228,5341
7229,5342
7230,5343
7232,5345
7233,5345
7234,5346
7235,5347
7236,5772
7237,5349
7238,5349
7239,5350
7240,5351
7241,1768
7242,5352
7243,5353
7244,5355
7245,5356
7246,5357
7247,2089
7248,5358
7249,5360
7250,5361
7251,5362
7252,517
7253,5363
7254,5431
7255,5364
7256,505
7256,506
7256,507
7257,5365
7258,5367
7259,5366
7260,5368
7261,5369
7262,5370
7263,5371
7264,5372
7265,5246
7266,5374
7267,478
7267,480
7268,3859
7269,5375
7270,5376
7271,5378
7272,5379
7273,5380
7274,5381
7275,5382
7276,5383
7277,5384
7278,5386
7279,5387
7280,5388
7281,5385
7282,5389
7283,5392
7284,5393
7285,5394
7286,5395
7287,1297
7288,1297
7289,5396
7290,5396
7291,5397
7292,5398
7292,6122
7293,1297
7294,5396
7295,5399
7296,5400
7297,5401
7298,5402
7299,5403
7300,5404
7301,5405
7302,465
7303,5406
7304,5407
7305,5408
7306,5410
7307,5409
7308,5411
7309,5412
7310,5413
7311,5414
7312,5415
7313,5417
7314,5418
7315,5419
7316,5420
7317,5421
7318,5422
7319,5422
7320,5423
7321,5425
7322,487
7323,449
7324,449
7325,5427
7326,5428
7327,5429
7328,5430
7329,5432
7330,485
7331,485
7332,485
7333,485
7334,485
7335,485
7336,5433
7337,485
7338,5434
7338,5435
7339,5436
7340,5437
7341,5438
7342,5438
7343,5439
7344,5440
7344,13321
7345,1795
7345,5441
7345,5442
7346,5445
7347,5446
7347,8645
7348,5447
7349,5448
7350,5449
7351,5450
7352,5451
7353,5452
7354,5453
7355,5454
7356,2554
7356,5456
7356,5457
7356,5458
7357,5463
7358,5466
7359,5467
7360,5468
7361,3520
7362,5469
7363,5470
7365,5471
7366,5472
7367,5473
7368,5474
7369,5475
7370,464
7371,4355
7372,1742
7373,5483
7374,5484
7375,5485
7376,5486
7377,5488
7378,5489
7379,1996
7380,523
7381,5491
7381,5492
7381,5493
7382,5494
7383,5497
7384,5498
7385,5499
7386,5500
7387,5501
7388,482
7389,482
7390,5502
7391,5503
7392,5505
7393,5507
7394,5509
7395,5510
7396,5511
7397,5512
7398,5513
7399,5514
7400,8440
7401,3991
7401,5516
7402,5517
7403,5518
7404,5519
7405,5520
7406,5521
7407,5522
7408,5523
7409,5524
7410,5525
7411,1228
7412,5527
7413,5528
7414,5529
7415,5530
7416,5531
7417,5532
7418,5533
7419,5534
7420,5289
7421,5535
7422,1771
7423,5537
7424,5538
7425,5539
7426,5542
7427,5543
7428,5544
7429,5545
7430,5546
7431,5517
7432,5547
7433,5548
7434,5549
7435,572
7436,5550
7437,5551
7438,5552
7439,5553
7440,477
7442,5554
7443,5555
7444,5556
7445,2409
7446,5557
7447,5558
7448,5559
7449,481
7450,5560
7451,5561
7452,5562
7453,5563
7454,5564
7455,5565
7456,5566
7457,5343
7458,5567
7459,5568
7460,5569
7461,5570
7462,5571
7463,481
7463,509
7463,847
7464,476
7464,481
7465,5572
7466,5573
7467,5574
7468,5575
7469,5576
7470,5577
7471,481
7472,481
7472,2409
7473,5579
7474,5580
7475,5582
7476,481
7477,5583
7478,2408
7479,2408
7479,13647
7480,5584
7481,606
7481,951
7482,5585
7483,5586
7484,5587
7485,5588
7486,5589
7487,5590
7488,5591
7489,472
7490,5592
7491,5594
7492,5595
7493,467
7494,542
7495,542
7496,5596
7497,5597
7498,5598
7499,5599
7500,2824
7501,5600
7502,5601
7503,5602
7504,5603
7505,5604
7506,5605
7507,5606
7508,2643
7509,5629
7510,5630
7511,5631
7512,1055
7512,5632
7513,1055
7514,5633
7515,5634
7516,1055
7516,5636
7517,1055
7518,1055
7519,1055
7520,1055
7521,1055
7522,5635
7523,1055
7524,1055
7525,1055
7526,1055
7527,1055
7528,1055
7529,5637
7530,5638
7531,5638
7532,5640
7533,5640
7534,5641
7535,5641
7536,5642
7537,5642
7538,5646
7539,5646
7540,5649
7541,5649
7542,5645
7543,5645
7544,5647
7545,5647
7546,5648
7547,5648
7548,5650
7549,5651
7550,5652
7551,5653
7552,5654
7553,5655
7554,5656
7555,5658
7556,603
7557,492
7558,472
7559,5660
7560,5661
7561,565
7562,3814
7563,5667
7564,4956
7565,591
7566,591
7567,5669
7568,467
7568,11949
7569,472
7570,5670
7571,5671
7572,5671
7573,2424
7574,5672
7575,5673
7576,467
7577,5674
7578,5675
7579,5676
7580,509
7581,476
7582,5680
7583,5682
7584,490
7585,490
7586,490
7587,490
7588,490
7589,5684
7590,5685
7591,5686
7592,5687
7593,5688
7594,5689
7595,5690
7596,5691
7597,5693
7598,5694
7599,5695
7600,5696
7601,5697
7602,5698
7603,5700
7604,5701
7605,5702
7606,5703
7607,5705
7608,5706
7609,5707
7610,5708
7611,5709
7612,5710
7613,460
7614,5711
7615,5712
7616,5713
7617,5714
7618,5715
7619,5716
7620,5718
7621,5719
7622,5720
7623,5721
7624,5722
7625,5724
7626,5725
7627,5726
7628,5727
7628,5728
7628,5729
7629,5730
7630,5732
7631,483
7632,5733
7633,483
7634,5290
7635,5735
7636,5736
7637,5737
7638,5738
7639,5739
7640,5740
7641,5741
7642,5742
7643,5743
7644,5744
7645,5745
7646,5746
7647,5747
7648,7372
7649,5749
7650,5751
7651,5752
7652,5753
7653,5754
7654,5755
7655,483
7656,5756
7657,5758
7658,483
7659,5760
7660,565
7661,4553
7662,5762
7663,5763
7664,5764
7665,5765
7666,5766
7667,5767
7668,5431
7668,5768
7669,5769
7670,5771
7671,5772
7671,10222
7672,2409
7673,5774
7674,5775
7675,1431
7676,5777
7677,5778
7678,5779
7679,5780
7680,5780
7681,5781
7682,5782
7683,490
7684,5784
7684,11730
7684,11731
7684,11971
7684,12926
7684,13184
7685,5784
7686,5630
7687,460
7688,5785
7689,2814
7690,5787
7691,5789
7692,5791
7693,5794
7694,5795
7695,5796
7696,5795
7697,5796
7698,5797
7699,4543
7700,1856
7701,5801
7702,5802
7703,5803
7704,5805
7705,5807
7706,5806
7707,5804
7708,5808
7709,460
7710,5809
7711,5810
7712,5811
7713,5812
7714,5813
7715,5814
7716,5815
7717,5816
7718,5817
7719,5818
7720,5819
7721,5820
7722,5821
7723,5822
7724,5823
7725,5824
7726,5825
7727,5826
7728,5827
7729,5828
7730,5829
7731,5830
7732,5831
7733,4246
7734,5837
7735,5838
7736,5839
7737,5840
7738,5841
7739,5842
7740,5844
7741,5843
7742,5845
7743,5846
7744,5847
7745,5848
7746,5849
7747,5850
7748,5851
7749,5852
7750,5854
7751,5855
7752,5856
7753,5857
7754,5858
7755,5859
7756,5860
7757,5861
7758,5862
7759,5863
7760,5864
7761,5865
7762,5866
7763,5867
7764,5868
7765,5869
7766,5870
7767,5871
7768,5872
7769,5873
7770,10253
7771,5875
7772,5876
7773,5877
7774,5878
7775,5879
7776,5880
7777,5881
7778,5882
7779,5883
7780,5884
7781,5885
7782,5886
7783,5887
7784,5888
7785,5889
7786,5890
7787,5891
7788,5892
7789,5893
7790,5899
7791,5900
7792,5901
7793,5902
7794,5903
7795,5479
7796,5904
7797,5905
7798,5906
7799,5907
7800,5908
7801,5909
7802,5910
7803,5911
7804,5912
7805,5913
7806,5914
7807,5916
7808,5917
7809,7982
7810,5919
7811,490
7812,5920
7813,5920
7813,5921
7813,5922
7814,5923
7815,5699
7816,5924
7817,4749
7818,5925
7819,5926
7820,5926
7821,5927
7822,5928
7823,5929
7824,5930
7825,5931
7827,5933
7828,5934
7829,5935
7830,5936
7831,5937
7832,5938
7833,5939
7835,5940
7836,467
7837,5941
7838,5942
7839,5944
7840,5945
7841,5946
7842,5947
7843,5948
7844,5949
7845,5950
7846,5951
7847,2999
7848,5953
7849,5954
7850,5955
7851,5957
7852,5958
7853,5959
7854,467
7854,491
7855,5960
7856,5961
7857,5962
7858,5963
7859,9432
7860,5965
7861,5966
7862,5967
7863,5968
7864,5969
7865,10613
7866,5971
7867,5972
7868,5973
7869,5975
7870,5976
7871,5977
7872,5978
7873,5979
7874,5980
7875,5981
7876,5982
7877,5983
7878,5984
7879,5985
7880,5986
7881,474
7882,5987
7883,5988
7884,5989
7885,5990
7886,5991
7887,5992
7888,5993
7889,5994
7890,5995
7891,5996
7892,5997
7893,5998
7894,5999
7895,6000
7896,6001
7897,469
7898,6002
7899,6003
7900,6004
7901,532
7902,532
7903,6006
7904,6007
7905,6009
7906,6010
7907,6011
7908,6012
7909,6013
7910,6014
7911,6015
7912,6016
7913,6017
7914,6018
7915,6019
7916,6020
7917,6021
7918,6022
7919,6023
7920,4545
7921,6025
7922,6026
7923,6027
7924,6029
7925,6028
7926,6030
7927,6031
7928,6032
7929,6033
7930,6034
7931,6035
7932,6036
7933,6037
7934,6038
7935,6039
7936,6040
7937,6041
7938,6042
7939,6043
7940,6044
7941,6045
7942,6046
7943,6047
7944,6048
7945,6049
7946,6050
7947,6051
7948,6052
7949,6053
7950,6054
7951,6055
7953,6057
7954,6058
7955,6059
7956,6060
7957,6061
7957,6062
7958,6063
7959,6064
7960,3367
7960,6920
7961,6065
7962,6066
7963,6068
7964,6067
7965,6069
7966,6070
7967,6071
7968,6072
7969,526
7970,526
7971,6074
7972,6075
7973,6076
7974,6078
7975,6079
7976,6080
7977,6081
7978,6073
7979,6082
7980,3931
7981,6086
7982,6087
7983,6088
7984,6089
7985,6090
7986,6091
7987,6093
7988,6095
7989,6095
7990,6096
7991,6098
7992,6099
7993,6100
7994,6101
7995,6103
7996,6104
7997,6105
7998,6106
7999,456
8000,6107
8001,6108
8002,6109
8003,6110
8004,6111
8005,6112
8006,6113
8007,4192
8008,6114
8009,6115
8010,6116
8011,6117
8012,6118
8013,6119
8014,6120
8015,6123
8016,6124
8017,6125
8018,6126
8019,6127
8020,6128
8021,6129
8022,6130
8023,6131
8024,10249
8025,6132
8026,6133
8027,6134
8028,6135
8029,6136
8030,6138
8031,6139
8032,6140
8033,6141
8034,6142
8035,6143
8036,6144
8037,6145
8038,6146
8039,6147
8040,6148
8041,6149
8042,6150
8043,6151
8044,6152
8045,6153
8046,6154
8047,6156
8048,6157
8049,6158
8050,6159
8051,6160
8052,6161
8053,6162
8054,6163
8055,6164
8056,6165
8057,6166
8058,6167
8059,6168
8060,6169
8061,6170
8062,6171
8063,6172
8064,6173
8065,525
8066,525
8067,6176
8068,6175
8069,6177
8070,4251
8070,6179
8070,6180
8071,6181
8072,6182
8073,6183
8074,6184
8075,2270
8076,6186
8077,6187
8078,6188
8079,6190
8080,6189
8081,6191
8082,6192
8083,6193
8084,6194
8085,6195
8086,6196
8087,6197
8088,6198
8089,6199
8090,6200
8091,6201
8092,7864
8093,6203
8094,448
8095,6204
8096,6205
8097,6206
8098,6207
8099,6208
8100,6209
8102,6211
8103,6212
8104,6213
8105,6214
8106,6215
8107,6216
8108,6217
8109,6219
8110,6220
8111,6221
8112,6222
8113,6223
8114,6225
8115,6226
8116,6227
8117,6228
8118,6229
8119,1897
8120,6230
8121,6231
8122,6232
8123,6233
8124,6234
8125,6235
8126,6236
8127,6237
8128,6238
8129,6240
8130,6241
8131,6242
8132,6243
8133,6244
8134,6245
8135,6246
8136,6247
8137,6248
8138,6249
8139,6250
8140,6251
8141,6252
8142,6253
8143,6254
8144,6255
8145,6256
8146,6257
8147,6258
8148,6259
8149,6260
8150,6261
8151,6262
8151,8637
8152,6263
8153,6264
8154,6265
8155,6266
8156,6267
8157,6268
8158,6269
8159,6271
8160,6272
8161,6273
8162,6274
8163,6275
8164,6276
8165,6277
8166,714
8167,6279
8168,6280
8169,6281
8170,6282
8171,6283
8172,6284
8173,6285
8174,6286
8175,6287
8176,6288
8177,6288
8178,6289
8180,11546
8181,472
8182,6294
8183,6295
8184,6296
8185,6297
8186,6298
8187,6300
8188,6302
8189,6303
8190,6304
8191,6305
8192,6306
8193,6307
8194,6308
8195,6309
8196,6310
8197,6311
8198,6312
8199,6313
8200,6314
8201,6315
8202,6316
8204,6318
8204,6319
8205,6320
8206,6321
8207,6322
8208,6323
8209,6324
8210,6326
8211,6327
8212,6328
8213,6329
8214,6331
8215,6331
8216,6332
8217,6333
8218,6334
8219,6335
8220,6337
8221,6336
8222,6338
8223,6339
8224,6340
8225,2640
8226,6342
8227,6342
8228,6344
8229,6345
8230,6346
8231,6347
8232,6348
8233,6349
8234,6350
8235,6351
8236,6352
8237,6353
8238,6354
8239,6355
8240,6356
8241,5774
8242,6359
8243,6360
8244,6361
8245,6364
8246,6365
8247,6366
8248,6367
8249,6368
8250,7047
8251,6369
8252,6370
8253,6372
8254,485
8255,482
8256,6374
8257,6325
8258,6376
8259,6377
8260,6378
8261,6379
8262,6380
8263,6381
8264,6382
8265,6384
8266,6383
8267,6385
8268,6386
8269,6388
8270,6387
8271,6390
8272,6392
8273,6394
8274,6391
8275,6396
8276,6397
8277,6398
8278,6400
8278,8628
8279,6401
8280,6402
8281,6403
8282,6404
8283,6405
8284,6406
8285,1835
8286,6407
8287,6408
8288,6409
8290,6411
8291,6412
8292,6413
8293,6414
8294,6415
8295,6416
8296,6418
8297,6419
8298,6420
8299,6421
8300,4928
8301,6423
8302,6424
8303,6425
8304,6426
8305,6427
8306,6428
8307,6429
8308,6430
8309,6431
8310,6432
8311,6433
8312,6434
8313,6435
8314,6436
8315,6437
8316,6438
8317,6440
8318,6441
8319,6442
8320,6443
8321,6444
8322,6445
8323,6446
8324,6447
8325,6448
8326,6449
8327,6450
8328,6451
8329,6452
8330,6453
8331,6454
8332,6455
8333,6456
8334,6457
8335,6458
8336,6459
8337,6463
8338,6464
8339,6465
8340,6466
8341,6467
8342,6468
8343,6469
8343,9987
8344,6470
8345,6471
8346,6473
8347,6474
8348,6475
8349,6476
8350,6477
8351,6478
8352,6479
8353,6480
8354,6481
8355,6482
8356,6483
8357,2500
8358,6484
8359,6373
8360,6485
8361,6486
8362,6487
8362,12280
8363,6488
8364,6489
8365,6490
8366,6491
8367,6492
8368,6493
8369,6494
8370,6495
8371,6496
8372,6497
8373,6498
8374,6499
8375,6500
8376,6501
8377,6502
8378,6503
8380,6505
8381,6506
8382,6507
8383,6508
8384,6509
8385,6511
8386,6513
8387,6514
8388,6515
8389,6516
8390,6517
8391,6518
8392,6519
8393,6520
8394,6521
8395,6522
8396,6523
8397,6524
8398,6525
8399,6526
8400,6527
8401,6528
8402,6529
8403,6530
8404,6532
8405,6534
8406,6535
8407,6536
8408,6537
8409,6540
8410,6539
8411,6541
8412,6538
8413,6542
8414,6543
8415,6544
8416,6545
8417,6546
8418,6547
8419,6491
8420,6548
8421,6549
8422,6550
8423,6551
8424,6552
8425,6553
8426,6555
8427,6556
8428,6557
8429,6558
8430,6559
8431,6560
8432,6561
8433,6562
8434,6563
8435,6564
8436,6565
8437,6566
8438,6567
8439,6568
8440,6569
8441,6570
8442,6571
8443,6572
8444,6573
8445,6574
8446,6577
8447,6576
8448,6578
8449,6579
8450,6580
8451,6581
8452,6582
8453,6583
8454,6584
8455,6585
8456,6586
8457,6587
8458,6588
8459,6589
8460,6590
8461,6591
8462,6592
8463,6593
8464,6594
8465,6596
8466,6830
8466,8497
8467,6598
8468,6600
8469,6601
8470,6602
8471,6603
8472,6604
8473,6605
8474,6606
8475,6607
8476,6609
8477,6608
8478,6610
8479,6611
8480,6612
8481,6614
8482,6615
8483,6616
8484,6617
8485,6618
8486,6619
8487,6620
8488,6621
8489,6622
8490,6624
8491,6625
8492,6626
8493,6627
8494,6628
8495,6629
8496,6630
8497,6631
8498,6632
8499,6633
8500,6634
8501,6635
8502,6636
8503,493
8504,6638
8505,6639
8506,6640
8507,6641
8508,6642
8509,6643
8510,6644
8511,6645
8512,6646
8513,6647
8514,6648
8515,6649
8516,6650
8517,6651
8518,6652
8519,6653
8520,6654
8521,6655
8522,6656
8523,6657
8524,6658
8525,6660
8526,6659
8527,6661
8528,6663
8529,6664
8530,6665
8531,6666
8532,6668
8533,6667
8534,6669
8535,6670
8536,5236
8537,6672
8538,6673
8539,6674
8540,3216
8541,3216
8542,3216
8543,6675
8544,6676
8545,6677
8546,6679
8547,6681
8548,6680
8549,1649
8550,6683
8551,6684
8552,6686
8553,6685
8554,6687
8555,6688
8556,6689
8557,6690
8558,6691
8559,6692
8560,6693
8561,6694
8562,6695
8563,6696
8564,6697
8565,6698
8566,6699
8567,2711
8568,6700
8569,6701
8570,6702
8571,6704
8572,6705
8573,6703
8574,6706
8575,6707
8576,6708
8577,6709
8578,6710
8579,4564
8580,4564
8581,1312
8582,6712
8583,6713
8584,6715
8585,6717
8586,5523
8587,6719
8588,6720
8589,6721
8590,6722
8591,5932
8592,6723
8593,6724
8594,6726
8595,6727
8596,6728
8597,6729
8598,6730
8599,6731
8600,6732
8601,6733
8602,6734
8603,6735
8604,6736
8605,6737
8606,6738
8607,6739
8608,6740
8609,6741
8610,6742
8611,6743
8612,6744
8613,6745
8614,6746
8615,6747
8616,6748
8617,6749
8618,6750
8619,6752
8620,6754
8621,6755
8622,6756
8623,6757
8624,6758
8625,6760
8626,6761
8627,6759
8628,6762
8629,6764
8630,6763
8631,6765
8632,6767
8633,6766
8634,6768
8635,6769
8636,6770
8637,6771
8638,6773
8639,6772
8640,6774
8641,6775
8642,6776
8643,6777
8644,6778
8646,6780
8647,6781
8648,6783
8649,6784
8650,6785
8651,6786
8652,6787
8653,6788
8654,6789
8655,6790
8656,6791
8657,4095
8658,6793
8659,6792
8660,6794
8661,6795
8662,6795
8663,6796
8664,6797
8665,2365
8666,6798
8667,6799
8668,6800
8669,6801
8670,6802
8671,6803
8672,6804
8673,6805
8674,6806
8675,6807
8676,6809
8677,6810
8678,6811
8679,6812
8679,7951
8680,6813
8681,6814
8682,6815
8682,6816
8683,6817
8684,6818
8685,6819
8686,6820
8687,6821
8688,6822
8689,6823
8690,6824
8691,6825
8692,6826
8693,6828
8694,6829
8695,6831
8696,6832
8697,6833
8698,6835
8699,6836
8700,6837
8701,6838
8702,6839
8703,6840
8704,6841
8705,6842
8706,6843
8707,5131
8708,4176
8709,2493
8710,6844
8711,6845
8712,6846
8713,6847
8714,6848
8715,6849
8716,6850
8717,6851
8718,6853
8719,6854
8720,6855
8721,6856
8722,6857
8723,6858
8724,6859
8725,6860
8726,6861
8727,6862
8728,6863
8729,6864
8730,6865
8731,6866
8732,6868
8733,6869
8734,6870
8735,6872
8736,6873
8737,6871
8738,6876
8739,6877
8740,6878
8741,6880
8742,8278
8743,6882
8744,6883
8745,6884
8746,6885
8747,6886
8748,6887
8749,6888
8750,6890
8751,6891
8752,6892
8753,6893
8754,6894
8755,6895
8756,6896
8757,6897
8758,6898
8759,6898
8760,6899
8761,6900
8762,6901
8763,4410
8764,4410
8765,4410
8766,6902
8767,6903
8768,6904
8769,6905
8770,6906
8771,6907
8772,6908
8773,6909
8774,3503
8775,6910
8776,6911
8777,6912
8778,6913
8779,6914
8780,6915
8781,6916
8782,6917
8783,6918
8784,6921
8785,6923
8786,6924
8787,6925
8788,6926
8789,6927
8790,6928
8791,6929
8792,6930
8793,6931
8794,6932
8795,6934
8796,6933
8797,6935
8798,6936
8799,6938
8800,6937
8801,6940
8802,6939
8803,6942
8804,6943
8805,6944
8806,6945
8807,6947
8808,6946
8809,6948
8810,6949
8811,4194
8812,6951
8813,6953
8814,8446
8815,5789
8816,6956
8817,5044
8818,6958
8819,6959
8820,6960
8821,6961
8822,6962
8823,6963
8824,6965
8825,6964
8826,6967
8827,6966
8828,6966
8829,6968
8830,6969
8831,6970
8832,6971
8833,460
8834,6972
8834,9174
8835,6973
8836,6974
8837,6979
8839,6980
8840,4847
8840,6968
8840,6978
8840,8087
8840,12518
8841,6981
8842,6982
8843,6983
8844,1848
8845,6985
8846,6986
8847,6987
8848,6988
8849,6989
8850,6990
8851,6991
8852,6993
8853,3384
8854,6994
8856,6995
8857,6996
8858,6997
8859,6999
8860,7000
8861,7001
8862,7002
8862,7003
8863,7004
8864,7005
8865,7006
8866,7007
8867,1055
8868,7008
8869,7009
8870,7010
8871,7011
8872,487
8873,7012
8874,7013
8875,7014
8876,2047
8877,7015
8878,7016
8879,7017
8880,7018
8881,7019
8882,7020
8883,7021
8884,7448
8885,7023
8886,7024
8887,7025
8888,7026
8889,4374
8890,7027
8891,7028
8892,7029
8893,7030
8894,7031
8895,7034
8896,7035
8897,7036
8898,7037
8899,7038
8900,517
8901,7040
8902,7041
8903,7042
8904,7044
8905,7045
8906,7046
8907,7048
8908,5797
8909,7050
8910,7051
8911,7052
8912,7053
8913,7054
8914,7055
8915,7056
8916,7057
8917,7059
8918,7060
8919,7061
8920,7062
8921,7063
8922,7064
8923,7065
8924,7066
8925,7067
8926,7068
8927,7069
8928,7070
8929,7071
8930,7072
8931,7073
8932,7074
8933,7075
8934,7076
8935,7077
8936,2208
8937,7078
8938,7080
8939,7081
8940,7082
8941,7083
8942,7084
8943,7085
8944,7086
8945,7087
8946,7088
8947,7089
8948,7090
8949,7091
8950,7092
8951,3847
8952,5949
8953,7094
8954,7095
8955,7096
8956,7097
8957,7098
8958,7099
8959,7100
8960,7101
8961,7102
8962,7103
8963,7104
8964,7105
8965,7106
8966,7107
8967,7108
8968,7109
8969,7110
8970,7111
8971,7112
8972,7113
8973,7037
8974,7115
8975,7116
8976,7118
8977,7119
8978,7120
8979,7121
8980,9443
8981,7123
8982,7124
8983,7125
8984,471
8985,7126
8986,7127
8987,7128
8988,7129
8989,7130
8990,7131
8991,7132
8992,7133
8993,7134
8994,7135
8995,2676
8995,7136
8996,7137
8997,7138
8998,7139
8999,666
9000,7141
9001,7142
9002,7143
9003,7145
9004,7146
9005,7147
9006,7148
9007,7149
9008,7150
9009,7154
9010,7155
9011,7156
9012,7157
9013,7158
9014,7159
9015,7160
9016,7161
9018,7163
9019,7164
9020,7165
9021,7166
9022,7167
9023,7168
9024,7169
9025,6879
9026,7172
9027,7173
9028,7174
9028,7175
9028,7176
9028,7177
9029,7178
9030,7179
9031,7180
9032,7181
9033,7182
9034,7184
9035,7185
9036,7186
9037,7187
9038,7188
9039,7189
9040,7190
9041,7191
9042,7193
9043,7192
9044,7194
9045,7196
9046,7195
9047,7197
9048,7198
9049,7199
9050,7200
9051,7201
9052,7203
9053,7202
9054,7207
9055,7209
9056,7204
9056,7205
9056,7206
9056,9647
9056,12337
9056,12338
9057,7210
9058,7211
9059,7212
9060,7213
9061,7214
9062,7215
9063,7216
9064,7217
9065,7219
9066,7220
9067,7221
9068,7222
9069,7223
9070,7224
9071,7225
9072,7226
9073,7227
9074,7228
9075,7229
9076,7162
9077,7230
9078,7231
9079,7233
9080,7234
9081,7235
9082,7236
9083,7237
9084,7238
9085,7239
9086,7240
9087,7241
9088,7242
9089,7243
9090,7244
9091,7245
9092,7246
9093,7247
9094,7248
9095,7249
9096,7250
9097,7251
9098,7252
9099,7253
9100,7254
9101,7255
9102,7256
9103,7257
9104,7258
9105,7259
9106,7260
9107,7261
9108,7263
9109,7262
9110,7264
9111,7265
9112,7266
9113,7267
9114,7268
9115,7270
9116,7271
9117,7272
9118,10110
9119,7274
9120,5316
9120,7276
9120,7277
9121,7278
9122,7279
9123,7280
9124,7281
9125,7282
9126,7283
9127,7284
9128,7285
9129,7286
9130,7287
9131,7288
9132,7289
9133,7290
9134,7291
9135,7292
9136,7293
9137,7294
9138,7296
9139,7295
9140,7297
9141,7298
9142,7299
9143,7300
9144,7301
9145,7302
9146,7303
9147,7304
9148,7305
9149,7306
9150,7307
9151,7308
9152,7309
9153,7310
9154,7311
9155,7313
9156,7312
9157,7314
9158,7316
9159,7318
9160,7319
9161,7320
9162,7321
9163,7322
9164,7323
9165,7324
9166,7325
9167,7326
9168,7327
9169,7328
9170,7329
9171,5060
9172,7331
9173,7332
9174,7333
9175,4881
9176,7336
9177,7337
9177,7340
9177,7341
9178,7338
9179,7339
9180,7343
9181,7344
9182,7345
9183,7347
9184,7349
9185,7348
9186,7350
9187,7352
9188,7353
9189,7354
9190,7355
9191,7356
9192,7357
9193,7358
9194,7360
9195,7361
9196,7362
9197,7364
9198,7366
9199,7365
9200,7367
9201,7369
9202,7370
9203,7371
9204,7373
9205,7374
9206,7375
9207,7376
9208,7377
9209,7378
9210,987
9211,7380
9212,7381
9213,7382
9214,558
9215,7383
9216,5154
9217,7384
9218,7385
9219,7386
9220,7387
9221,7388
9223,7390
9224,7391
9225,7392
9226,7393
9227,7394
9228,7395
9229,7396
9230,7397
9231,7398
9232,7399
9233,7400
9234,7401
9235,7402
9236,7403
9237,7404
9238,7405
9239,7406
9240,7407
9241,6910
9242,7409
9243,7410
9244,7411
9245,7412
9246,7413
9247,7414
9248,985
9248,987
9249,7415
9250,6850
9251,7416
9252,7417
9253,7418
9254,5573
9255,7420
9256,7421
9257,7422
9258,7423
9259,7424
9260,7425
9261,7426
9262,7427
9263,7428
9264,7429
9265,7430
9266,6910
9267,7431
9268,7432
9269,7434
9270,7435
9271,7436
9272,7437
9273,7438
9274,7439
9275,7441
9276,7442
9277,7443
9278,7444
9279,7445
9280,7447
9281,7449
9282,7450
9283,7452
9284,7453
9285,7454
9286,1363
9287,7440
9288,7457
9289,7458
9290,7459
9291,7460
9292,7461
9293,7462
9294,7463
9295,7464
9296,7465
9297,7466
9298,7467
9299,7468
9300,7469
9301,7470
9302,7472
9303,1650
9304,7473
9305,7474
9306,7475
9307,7476
9308,7477
9309,7478
9310,7479
9311,7480
9312,7484
9313,7482
9314,7483
9315,7484
9316,7485
9318,7487
9319,7488
9320,7489
9321,7490
9322,7491
9323,7493
9324,7494
9325,7495
9326,7496
9327,7497
9328,7498
9329,7499
9330,7500
9331,7502
9332,7503
9333,7504
9334,7505
9335,7506
9336,7507
9337,7508
9338,7509
9339,7510
9340,7511
9341,3425
9342,7514
9343,7515
9344,7516
9345,7517
9346,7518
9347,7519
9348,7520
9349,7521
9350,7522
9351,7523
9352,7525
9353,3920
9354,7527
9355,7530
9356,7531
9357,7532
9358,7533
9359,7534
9360,7535
9361,7536
9362,7537
9363,7538
9364,7539
9365,7542
9366,7543
9367,7544
9368,7545
9369,7546
9370,7547
9371,7548
9372,7549
9373,7550
9374,7551
9375,7552
9376,7554
9377,7555
9378,7556
9379,7557
9380,4270
9381,7558
9382,7559
9383,7560
9384,7561
9385,7562
9386,7563
9387,7564
9388,7565
9389,7566
9390,7567
9391,7569
9392,7568
9393,7570
9394,7571
9395,4261
9396,7573
9397,7575
9398,7576
9399,6624
9400,7577
9401,7578
9402,7580
9403,7581
9404,7579
9405,7582
9406,3371
9407,7583
9408,4017
9409,4017
9410,7584
9411,7585
9412,7586
9413,7587
9414,7588
9415,7589
9416,7590
9417,7591
9418,7592
9419,7593
9420,7594
9421,7596
9422,7595
9423,7597
9424,7598
9425,7599
9426,7600
9427,7601
9428,7602
9429,7603
9430,7604
9431,7605
9432,7606
9433,7607
9434,7610
9435,7609
9436,7612
9437,7613
9438,7614
9439,1138
9439,2404
9439,5633
9439,7615
9439,11081
9439,11082
9439,11083
9439,11084
9439,11087
9439,11088
9439,11089
9439,11090
9439,11093
9439,11094
9439,11096
9439,11097
9439,11098
9439,11099
9439,11100
9439,11101
9439,11103
9439,11105
9439,11106
9439,11107
9439,11108
9439,11110
9439,11111
9439,11112
9439,11113
9439,11114
9439,11115
9439,11116
9439,11117
9439,12302
9439,12786
9439,12787
9439,13148
9439,13149
9439,13479
9439,13655
9439,13726
9440,7616
9441,7617
9442,7618
9443,7619
9444,7620
9445,3442
9446,7623
9447,7624
9448,7625
9449,7626
9450,7627
9451,7628
9452,7629
9453,7630
9454,6062
9455,6062
9456,6062
9457,6062
9458,7632
9459,7631
9460,7634
9461,7635
9462,7637
9463,7639
9464,474
9464,484
9464,510
9464,564
9464,566
9464,4841
9464,5424
9464,5431
9464,7079
9464,7501
9464,9875
9465,7638
9466,7636
9467,7640
9468,7641
9469,7642
9470,7643
9471,7644
9472,7645
9473,7646
9474,6510
9475,7648
9476,7649
9477,7650
9478,7651
9479,7652
9480,7653
9481,7654
9482,7655
9483,7656
9484,7657
9485,7658
9486,7659
9487,7660
9488,7661
9489,7662
9490,7663
9491,7664
9492,7665
9493,7666
9494,7667
9495,7668
9496,7669
9497,7670
9498,7671
9499,7672
9500,7673
9501,7674
9502,7675
9503,7676
9504,7677
9505,7678
9506,7679
9507,7680
9508,7681
9509,7682
9510,7683
9511,7684
9512,7685
9513,7686
9514,7687
9515,7688
9516,7689
9517,7690
9518,7691
9519,7692
9520,7693
9521,7694
9522,7695
9523,7696
9524,7697
9525,7698
9526,7699
9527,10855
9528,7701
9529,7702
9530,7703
9531,7706
9532,7704
9533,7705
9534,7707
9535,7708
9536,7709
9537,7710
9538,7711
9539,2226
9540,7712
9541,6208
9542,7714
9543,7715
9544,7716
9545,7718
9546,7719
9547,7720
9548,7721
9549,7722
9550,7723
9551,7724
9552,7725
9553,7726
9554,7727
9555,7728
9556,7729
9557,7730
9558,7731
9559,7732
9560,7733
9561,7734
9562,7735
9563,7736
9564,7737
9565,7738
9566,7739
9567,7740
9568,7741
9569,7742
9570,7743
9571,7744
9572,7744
9573,7745
9574,7746
9575,7747
9576,7748
9577,7748
9578,7749
9579,7751
9580,7752
9581,484
9581,564
9581,4841
9581,9670
9582,7754
9583,7755
9584,7757
9585,7758
9586,7759
9587,7760
9588,7761
9589,7611
9590,7763
9591,7756
9592,7764
9593,7765
9594,7766
9595,7767
9596,7768
9597,7769
9598,7770
9599,7771
9600,7772
9601,2625
9602,7773
9603,3958
9604,5514
9605,4434
9606,7774
9607,7775
9608,7776
9609,7777
9610,7778
9611,6340
9612,7779
9613,7780
9614,7781
9615,7782
9616,7783
9617,4166
9618,7784
9619,7785
9620,7786
9621,7787
9622,7789
9623,7790
9624,7792
9625,7793
9626,7794
9626,10198
9627,7795
9628,7796
9629,7797
9630,7798
9631,7799
9632,7800
9633,7801
9634,7802
9635,7803
9636,7804
9637,7805
9638,7806
9639,7807
9640,7808
9641,7810
9642,7809
9643,7812
9644,7813
9645,7814
9646,7815
9647,7816
9648,5184
9649,7817
9650,7818
9651,3689
9652,7819
9653,7820
9654,7822
9655,7821
9656,7823
9657,7824
9658,7825
9659,7826
9660,7813
9661,7827
9662,7828
9663,7829
9664,7830
9665,7831
9666,7832
9667,7833
9668,7834
9669,7835
9670,7836
9671,7837
9672,7838
9673,6840
9674,7840
9675,7841
9676,7842
9677,7843
9678,7844
9679,7845
9680,3601
9681,7846
9682,7847
9683,7848
9684,7849
9685,7850
9686,7851
9687,7852
9688,7853
9689,7854
9690,7855
9691,7856
9692,7857
9693,7858
9694,3458
9695,7860
9696,7861
9697,7862
9698,7863
9699,7865
9700,7866
9701,7867
9702,7868
9703,7869
9704,7870
9705,7871
9706,7872
9707,7873
9709,7875
9710,7876
9711,7877
9712,7878
9713,7879
9714,7880
9715,7881
9716,7883
9717,7884
9718,7885
9719,10171
9720,1921
9721,7887
9722,7888
9723,2148
9724,7889
9725,7890
9726,7891
9727,7892
9728,7893
9729,7894
9730,7358
9731,7895
9732,7896
9733,7897
9734,7898
9735,7899
9736,7900
9737,7901
9738,7902
9739,7903
9740,7904
9741,5547
9742,7905
9743,7906
9744,7907
9745,7908
9746,7909
9747,7910
9748,7911
9749,7912
9750,7913
9751,7915
9752,7916
9753,7917
9754,7918
9755,7919
9756,7920
9757,7921
9758,7922
9759,7923
9760,7924
9761,7925
9762,7926
9763,7927
9764,7928
9765,1081
9766,7930
9767,7931
9768,7932
9769,7933
9770,6777
9771,7935
9772,3225
9773,7937
9774,7938
9775,7939
9776,7941
9777,7942
9778,7940
9779,7944
9780,7945
9781,7946
9782,7948
9783,7947
9784,7949
9785,7950
9786,7952
9787,7954
9788,7955
9789,7956
9790,7957
9791,7958
9792,7959
9793,7960
9794,7961
9795,7962
9796,7963
9797,7964
9798,7968
9799,7967
9800,7969
9801,6064
9802,7971
9803,7972
9804,1335
9805,7973
9806,7974
9807,7975
9808,7976
9809,7977
9810,2805
9811,7978
9812,7979
9813,7980
9814,7981
9815,7983
9816,7984
9817,7985
9818,7986
9819,7987
9820,7988
9821,7989
9822,7990
9823,7991
9824,7992
9825,7993
9826,7994
9827,7996
9828,7997
9829,7998
9830,7999
9831,8000
9832,8001
9833,6210
9834,8003
9835,1108
9836,8004
9837,8005
9838,8006
9839,8007
9840,8008
9841,8009
9842,8010
9843,2523
9844,8011
9845,8012
9846,8013
9847,8014
9848,8015
9849,8016
9850,8017
9851,8019
9852,8018
9853,8020
9854,8021
9855,8022
9856,8023
9857,8024
9858,8025
9859,7111
9860,8026
9861,8028
9862,8029
9863,8030
9864,8031
9865,8032
9866,8033
9867,8034
9868,8036
9869,8037
9870,8039
9871,8038
9872,8040
9873,8041
9874,8043
9875,8044
9876,8045
9877,8042
9878,8046
9879,8047
9880,8048
9881,8049
9882,8050
9883,8051
9884,8052
9885,8053
9886,8055
9887,8054
9888,8056
9889,8057
9890,8058
9891,8059
9892,8060
9893,8061
9894,8062
9895,8063
9895,8064
9896,8065
9897,8066
9898,8067
9899,8068
9900,8069
9901,8070
9902,8071
9903,8072
9904,8073
9905,8074
9906,8075
9907,8076
9908,8081
9909,8077
9909,8078
9909,8079
9909,8080
9910,8082
9911,8083
9912,8084
9913,8085
9914,8086
9915,8088
9916,8090
9917,8091
9918,8092
9919,8093
9920,8094
9921,8095
9922,8097
9923,8096
9924,8098
9925,8100
9926,8101
9927,8102
9928,8103
9929,8104
9930,8105
9931,8106
9932,8107
9933,8108
9934,8109
9935,8110
9936,8111
9937,8112
9938,8113
9939,8114
9940,8115
9941,8116
9942,8117
9943,8118
9944,8119
9945,8120
9946,8121
9947,1504
9948,8123
9949,8124
9950,8125
9951,8126
9952,8127
9953,1543
9954,8128
9955,8129
9956,8130
9957,8131
9958,8132
9959,8133
9960,8134
9961,8135
9962,8136
9963,8137
9964,8138
9965,8139
9966,8140
9967,8146
9968,8147
9969,8148
9970,8149
9971,8150
9972,9082
9973,8153
9974,8155
9975,8156
9976,8157
9977,8158
9978,8159
9979,8160
9980,8161
9981,8163
9982,8164
9983,8165
9984,8166
9985,8167
9986,8168
9987,8169
9988,8170
9989,8171
9990,8172
9991,8173
9992,8174
9993,8175
9994,8176
9995,8177
9996,8178
9997,8179
9998,8180
9999,8181
10000,4386
10001,8182
10002,8183
10003,8184
10004,8185
10005,8187
10006,8188
10007,8189
10008,8190
10009,8191
10010,8192
10011,5049
10012,8193
10013,8141
10014,8195
10015,8196
10016,8197
10017,8198
10018,8199
10019,8200
10020,11551
10021,8202
10022,8203
10023,8204
10023,8205
10023,8206
10023,8207
10023,8208
10023,8209
10023,9896
10023,9897
10024,8210
10024,8212
10025,8211
10026,8213
10027,8214
10028,8215
10029,8217
10030,8218
10031,8219
10032,8220
10033,8221
10034,8222
10035,8223
10036,8224
10037,8225
10038,8227
10039,8228
10040,8229
10041,8230
10042,8231
10043,8232
10044,8233
10045,7593
10046,8235
10047,8234
10048,8236
10049,484
10049,564
10049,7416
10049,8237
10050,8238
10051,8240
10052,8239
10053,8241
10054,8242
10055,8243
10056,8244
10057,8245
10058,8246
10059,8247
10060,8248
10061,8249
10062,8250
10063,8251
10064,8252
10065,8253
10066,8254
10067,8255
10068,8256
10069,8257
10070,8258
10071,8259
10072,8259
10073,8260
10074,8261
10075,8262
10076,8263
10077,8264
10078,8265
10079,8232
10080,8266
10081,8267
10082,8268
10083,8269
10084,8270
10085,8271
10086,8272
10087,6152
10088,8274
10089,8275
10090,8276
10091,8277
10092,7892
10093,8279
10094,8280
10095,6276
10096,8282
10098,8283
10099,8284
10100,10984
10101,8286
10102,8287
10103,8288
10104,8289
10105,8290
10106,8291
10107,8293
10108,8292
10109,8294
10110,8295
10111,8296
10112,8297
10113,8298
10114,8299
10115,8300
10116,8301
10117,8302
10118,8303
10119,8304
10120,8305
10121,8306
10122,8307
10123,8308
10124,8310
10125,8311
10126,8312
10127,8313
10128,8314
10129,8315
10130,8316
10131,8317
10132,8318
10133,8319
10134,8320
10135,8321
10136,8322
10137,8323
10138,8324
10139,8325
10140,8326
10141,8327
10142,8328
10142,8329
10142,8330
10144,8332
10145,8333
10146,8334
10147,8335
10148,8336
10149,8337
10150,8338
10151,8339
10152,8340
10153,8341
10154,8342
10155,8344
10156,536
10157,8345
10158,8346
10159,8348
10160,8347
10161,8349
10162,8351
10163,8350
10164,8352
10165,8353
10166,8354
10167,8356
10168,8357
10169,8358
10170,8359
10171,8360
10172,8362
10173,8361
10174,8363
10175,8365
10176,8366
10177,2934
10178,8369
10179,8368
10180,8370
10181,8371
10182,8372
10183,8373
10184,8374
10185,8375
10186,4125
10187,8377
10188,8378
10189,8379
10190,8381
10191,8380
10192,8382
10193,8383
10194,8384
10195,8385
10196,8386
10197,8387
10198,8388
10199,8389
10200,8390
10201,8392
10202,8391
10203,8393
10204,8394
10205,8395
10206,8396
10207,8397
10208,8398
10209,8399
10210,8400
10211,8401
10212,8402
10213,8403
10214,8404
10215,8405
10216,8406
10217,8407
10218,3799
10219,8408
10220,8409
10221,8410
10222,8411
10223,8413
10224,8412
10225,8414
10226,8416
10227,8417
10228,8418
10229,8419
10230,8420
10231,8421
10232,8423
10233,8424
10234,8425
10235,8426
10236,8427
10237,8428
10238,8429
10239,8430
10240,8431
10241,8432
10242,8433
10243,8434
10244,8435
10245,8436
10246,8437
10247,8438
10248,8439
10249,8441
10250,8442
10251,8443
10252,8444
10253,8445
10254,6954
10255,8447
10256,8448
10257,8449
10258,8450
10259,8451
10260,8452
10261,8453
10262,8454
10263,8455
10264,8456
10265,8457
10265,8458
10265,8459
10265,8460
10265,8461
10265,8462
10266,8463
10267,8464
10268,8465
10269,8466
10270,8467
10271,8468
10272,8469
10273,8470
10274,8471
10275,8472
10276,8473
10277,8474
10278,8475
10279,8476
10280,8478
10281,8479
10282,8477
10283,8480
10284,8481
10285,8482
10286,8483
10287,8484
10288,8486
10289,8487
10290,8488
10291,8489
10292,8490
10293,8491
10294,528
10295,8493
10296,8494
10297,8495
10298,8496
10299,8498
10300,8499
10301,6410
10302,8500
10303,8501
10304,8502
10305,8503
10306,8504
10307,8505
10308,8507
10309,8506
10310,8508
10311,8509
10312,8510
10313,8512
10314,8513
10315,8514
10316,8515
10317,8516
10318,8517
10319,8518
10320,8519
10321,8520
10322,8522
10323,8523
10324,8524
10325,5483
10326,8526
10327,8528
10328,8529
10329,8530
10330,8531
10331,8532
10332,8533
10333,8534
10334,8535
10335,8536
10336,8537
10337,8538
10338,8539
10339,8540
10340,8541
10341,8542
10342,8543
10343,8544
10344,8545
10345,8546
10346,8547
10346,8548
10347,8549
10348,8550
10349,8551
10350,7541
10351,8553
10352,8554
10353,8555
10354,8556
10355,8557
10356,8558
10357,8559
10358,6462
10359,8561
10360,8562
10361,8563
10362,8564
10363,8565
10364,8568
10365,8569
10366,8570
10367,8571
10368,8572
10369,8573
10370,8574
10371,8575
10372,8576
10373,8577
10374,8578
10375,8579
10376,8580
10377,8581
10378,8582
10379,8583
10380,8584
10381,8585
10382,8586
10383,8587
10384,8588
10385,8589
10386,8590
10387,8592
10388,8593
10389,8594
10390,8595
10391,8596
10392,8597
10393,8598
10394,7798
10395,8600
10396,8601
10397,8603
10398,8604
10399,8605
10400,8605
10401,8606
10402,8607
10403,8608
10404,8609
10405,8610
10406,8611
10407,8612
10408,8613
10409,8614
10410,8615
10411,8616
10412,8617
10413,8618
10414,8619
10415,8620
10416,8621
10417,8622
10418,8623
10419,8625
10420,8626
10421,8627
10422,8629
10423,8630
10424,8631
10425,8632
10426,8633
10427,8634
10428,8635
10429,8636
10430,8642
10431,8643
10432,8644
10433,8645
10434,8646
10435,8647
10436,8648
10437,8649
10438,8650
10439,8651
10440,8652
10441,8653
10442,8654
10443,8655
10444,8656
10445,8657
10446,8658
10447,8659
10448,8660
10449,8661
10450,8662
10451,8663
10452,8664
10453,8665
10454,8666
10455,8667
10456,8668
10457,8669
10458,8670
10459,8671
10460,8672
10461,8673
10462,8674
10463,8675
10464,8676
10465,8677
10466,8678
10467,8679
10468,8680
10469,8681
10470,8682
10471,8683
10472,8684
10473,5212
10474,8686
10475,8687
10476,8688
10477,8689
10478,8690
10479,8691
10480,8692
10481,8693
10482,8694
10483,8695
10484,8696
10485,8697
10486,8698
10487,8699
10488,8700
10489,8701
10490,8702
10491,8703
10492,8704
10493,8705
10494,8706
10495,8707
10496,8708
10497,8709
10498,8710
10499,8711
10500,8712
10501,8713
10502,8714
10503,8715
10504,8716
10505,8717
10506,8718
10507,8719
10508,8720
10509,8721
10510,8722
10511,8723
10512,8724
10513,8725
10514,8726
10515,8727
10516,8728
10517,8729
10518,8730
10519,8731
10520,8732
10521,8733
10522,8734
10523,8735
10524,8736
10525,8737
10526,8738
10527,8739
10528,8740
10529,8741
10530,8742
10531,8743
10532,8744
10533,8745
10534,8746
10535,8747
10536,8748
10537,8749
10538,8750
10539,8751
10540,8752
10541,8753
10542,8754
10543,8755
10544,8756
10545,8757
10546,8758
10547,8759
10548,8760
10549,8761
10550,8762
10551,5599
10552,8763
10553,8764
10554,8765
10555,8766
10556,8767
10557,8768
10558,8769
10559,8770
10560,8771
10561,8772
10562,8773
10563,8774
10564,8775
10565,8776
10566,8777
10567,8778
10568,8780
10569,8781
10570,8782
10571,8783
10572,7806
10573,8785
10574,8786
10575,8787
10576,8788
10577,8789
10578,8790
10579,8791
10580,8792
10581,8793
10582,8794
10583,8795
10584,8796
10585,8797
10586,8798
10587,8799
10588,8800
10589,8801
10590,8802
10591,8803
10592,8804
10593,8805
10594,8806
10595,2516
10596,8808
10597,8809
10598,8810
10599,8811
10600,8812
10601,8813
10602,8814
10603,8815
10604,8816
10605,8817
10606,8818
10607,2631
10608,8819
10609,8820
10610,8821
10611,8822
10612,8823
10613,8824
10614,8825
10615,8826
10616,8827
10617,8829
10618,8830
10619,8831
10620,8833
10621,8834
10622,8835
10623,8836
10624,8837
10625,8838
10626,8839
10627,8840
10628,8841
10629,8842
10630,8843
10631,8844
10632,8845
10633,8846
10634,8847
10635,8848
10636,8849
10637,8850
10638,8851
10639,8852
10640,8853
10641,8854
10642,8855
10643,8856
10644,8857
10645,8858
10646,8859
10647,8860
10648,8861
10649,8862
10650,8863
10651,8864
10652,8865
10653,8866
10654,8867
10655,8868
10656,8869
10657,8870
10658,8871
10659,8872
10660,3655
10660,5305
10661,8618
10662,8874
10663,8875
10664,8876
10665,8877
10666,8878
10667,8879
10668,8880
10669,8881
10670,8882
10671,8883
10672,8884
10673,8885
10674,8886
10675,8887
10676,8888
10677,8889
10678,8890
10679,8891
10680,8892
10681,8893
10682,8894
10683,8895
10684,8896
10685,8897
10686,8898
10687,8899
10688,8900
10689,8901
10690,8902
10691,8903
10692,8904
10693,2829
10694,8905
10695,8906
10696,6147
10697,8907
10698,8908
10699,8909
10700,8910
10701,8911
10702,8912
10703,8913
10704,8914
10705,8915
10706,8916
10707,8918
10708,8919
10709,8920
10710,8921
10711,8922
10712,3164
10713,8923
10714,8924
10715,8925
10716,8926
10717,8927
10718,8928
10719,8929
10720,8930
10721,8931
10722,8932
10723,8933
10724,8934
10725,8935
10726,8936
10727,8937
10728,8938
10729,8939
10730,8940
10731,8941
10732,8942
10733,8943
10734,8944
10735,8945
10736,8946
10737,8947
10738,8948
10739,8949
10740,8950
10741,8951
10742,8952
10743,8953
10744,8954
10745,8955
10746,8956
10747,8957
10748,8958
10749,8959
10750,8960
10751,8961
10752,8962
10753,8963
10754,8964
10755,8965
10756,8966
10757,8967
10758,8968
10759,8969
10760,8970
10761,8971
10762,8972
10763,8973
10764,8974
10765,8975
10766,8976
10767,8977
10768,8978
10769,8979
10770,8980
10771,8981
10772,8982
10773,8983
10774,8984
10775,8985
10776,8986
10777,8987
10778,8988
10779,8989
10780,8990
10781,8991
10782,8992
10783,8993
10784,8994
10785,8995
10786,8996
10787,8997
10788,8998
10789,8999
10790,9000
10791,9001
10792,9002
10793,9003
10794,6511
10795,9004
10796,9005
10797,9006
10798,9007
10799,9008
10800,9009
10801,9010
10802,9011
10803,9012
10804,9013
10805,9014
10806,9015
10807,9017
10808,9018
10809,9019
10810,9020
10810,9021
10811,9022
10812,3623
10813,9023
10814,9024
10815,9025
10816,9026
10817,9027
10818,9028
10819,9029
10820,9030
10822,9032
10823,9033
10824,9034
10825,9035
10826,9036
10827,9037
10828,9038
10829,9039
10830,9040
10831,9041
10832,9042
10833,9051
10834,9052
10835,9053
10836,9054
10837,9055
10838,9056
10839,9057
10839,9058
10839,9766
10840,9059
10841,9060
10842,9061
10843,9062
10844,9063
10845,9064
10846,1530
10847,9065
10848,9066
10849,11440
10850,9068
10851,9069
10852,9070
10853,9071
10854,9072
10855,9073
10856,9074
10857,9075
10858,9076
10859,9077
10860,9078
10861,9079
10862,9080
10863,9081
10864,8151
10866,9084
10867,9085
10868,9086
10869,9087
10870,9088
10871,9089
10872,9090
10873,9091
10874,9092
10875,9093
10876,9094
10877,9095
10878,9096
10879,9097
10880,9098
10881,9099
10882,9100
10883,9101
10884,9102
10885,9103
10886,9104
10887,9105
10888,9106
10889,9107
10890,9108
10891,9109
10892,5071
10893,9110
10894,9111
10895,9112
10896,9113
10897,9114
10898,9115
10899,9116
10900,9117
10901,9118
10902,12387
10903,9120
10904,9121
10905,9122
10906,9123
10907,9124
10908,9125
10909,9126
10910,9127
10911,9128
10912,9129
10913,9130
10914,9131
10915,9132
10916,9133
10917,9134
10918,9135
10919,9136
10920,9137
10921,5630
10922,9139
10923,4116
10924,9141
10925,9142
10926,9143
10927,9144
10928,9145
10929,9146
10930,9147
10931,9148
10932,9149
10933,9150
10934,9151
10935,9152
10936,9153
10937,9154
10938,9155
10939,6910
10940,9157
10941,9158
10942,9159
10943,9160
10944,9161
10945,9162
10946,9163
10947,9164
10948,9165
10949,9166
10950,9167
10951,9168
10952,9169
10953,9170
10954,9171
10955,9172
10956,9173
10957,9175
10958,9176
10959,9177
10960,9178
10961,9179
10962,9180
10963,9181
10964,9182
10965,9183
10966,9184
10967,9185
10968,9186
10969,9187
10970,9188
10971,9189
10972,9190
10973,6850
10974,9192
10975,9193
10976,9194
10977,9195
10978,9196
10979,9197
10980,9198
10981,9199
10982,9200
10983,9201
10984,9202
10985,9203
10986,9204
10987,9205
10988,9206
10989,9207
10990,9208
10991,9209
10992,9210
10993,4550
10994,9211
10995,9213
10995,11178
10997,9214
10998,9216
10999,9217
11000,9218
11001,9219
11002,9220
11003,9221
11004,9222
11005,9223
11006,9224
11007,9225
11008,9226
11009,9227
11010,9228
11011,9229
11012,9230
11013,9231
11014,9232
11015,9233
11016,9234
11017,9235
11018,9236
11019,9237
11020,9238
11021,9239
11022,9241
11023,9242
11024,3988
11025,9243
11026,9244
11027,9245
11028,9246
11029,9247
11030,9248
11031,9249
11032,9250
11033,9251
11034,9252
11035,5658
11036,9253
11037,9254
11038,9255
11039,3702
11040,4439
11041,9256
11042,9257
11043,9258
11044,9259
11045,9133
11046,2744
11047,9261
11048,9262
11049,9263
11050,9264
11051,9265
11052,9266
11053,3423
11054,9268
11055,9269
11056,9270
11057,9273
11058,9274
11059,4514
11060,9276
11061,9277
11062,9278
11063,9279
11064,9280
11065,9281
11066,9282
11067,9283
11068,9284
11069,9285
11070,9286
11071,9287
11072,5083
11073,9288
11074,6999
11075,5583
11076,9290
11077,9291
11078,9292
11079,9293
11080,9294
11081,9295
11082,9296
11083,9297
11084,9298
11085,9299
11086,9300
11087,9301
11088,9302
11089,9303
11090,9304
11091,9305
11092,9306
11093,9307
11094,9308
11095,9309
11096,9310
11097,9311
11098,9312
11099,9313
11100,9314
11101,9315
11102,9317
11103,9318
11104,9319
11105,9320
11106,9321
11107,9322
11108,9323
11109,9324
11110,9325
11111,9326
11112,616
11113,9328
11114,9329
11115,9330
11116,9331
11117,9332
11118,9333
11119,9334
11120,9335
11121,9336
11122,9337
11123,9338
11124,9339
11125,9340
11126,9341
11127,9342
11128,9343
11129,9344
11130,9345
11131,9346
11132,9347
11133,9348
11134,9349
11135,9350
11136,9351
11137,9352
11137,9805
11138,9353
11139,9354
11140,9355
11141,9356
11142,9357
11143,9358
11144,9359
11145,9360
11146,9361
11147,9362
11148,9363
11149,9364
11150,9365
11151,9366
11152,9367
11153,9368
11154,9369
11155,9370
11156,9371
11157,9372
11158,7079
11159,9374
11160,9375
11161,9376
11162,9377
11163,9378
11164,9379
11165,9380
11166,9381
11167,9382
11168,9383
11169,9384
11170,9385
11171,9386
11172,9387
11173,9388
11174,8936
11175,9389
11176,9390
11177,9391
11178,695
11179,9393
11180,9394
11181,9395
11182,9396
11183,9397
11184,9398
11185,9399
11186,9400
11187,9401
11188,9402
11189,9403
11190,9404
11191,9405
11192,9406
11193,7362
11194,9408
11195,9409
11196,9410
11197,9411
11198,9412
11199,9413
11200,9414
11201,9415
11202,9416
11203,9417
11204,9418
11205,9419
11206,9420
11207,9421
11208,9422
11209,9423
11210,9424
11211,9425
11212,9426
11213,9427
11214,9428
11215,9429
11216,9430
11217,9431
11218,9433
11219,9434
11220,9435
11221,9436
11222,9437
11223,9438
11224,9439
11225,9440
11226,454
11227,9441
11228,9442
11229,4374
11230,9445
11231,9446
11232,9447
11233,9448
11234,9449
11235,9450
11236,9452
11237,9453
11238,9454
11239,9455
11241,9457
11242,9458
11243,9459
11244,9460
11245,9462
11246,9463
11247,9464
11248,9465
11249,9466
11250,9467
11251,9468
11252,9469
11253,9470
11254,9471
11255,3272
11256,9472
11257,9473
11258,9474
11259,9475
11260,6006
11261,9476
11262,9477
11263,9478
11264,9479
11265,9480
11266,9481
11267,9482
11268,9483
11269,9484
11270,9485
11271,9486
11272,9488
11273,9489
11274,9490
11275,9491
11276,9492
11277,9493
11278,9494
11279,9495
11280,9496
11281,9497
11282,9498
11283,9499
11284,9500
11285,9501
11286,9502
11287,6047
11288,9503
11289,9504
11290,9505
11291,9506
11292,2928
11293,9508
11294,9509
11295,9510
11296,9511
11297,9512
11298,9513
11299,9514
11300,9515
11301,9516
11302,9517
11303,9518
11304,9519
11305,7426
11305,9521
11305,9522
11306,9524
11307,9525
11308,7949
11309,9526
11310,9527
11311,4178
11312,9528
11313,9529
11314,9530
11315,9531
11316,9532
11317,9533
11318,9534
11319,9535
11320,9536
11321,9537
11322,9538
11323,9539
11324,9540
11325,9541
11326,9542
11327,9543
11328,9544
11329,9545
11330,9546
11331,9547
11332,9548
11333,6277
11334,9549
11335,9550
11336,9551
11337,9552
11338,3298
11339,9554
11340,9555
11341,9556
11342,9557
11343,9558
11344,9559
11345,9560
11346,9562
11347,9563
11348,9564
11349,9565
11350,9566
11351,9567
11352,9569
11353,4686
11354,9571
11355,9572
11356,9573
11357,9573
11358,9574
11359,4232
11360,4232
11361,4232
11362,9576
11363,9577
11364,9578
11365,9579
11366,9580
11367,9581
11368,9582
11369,9583
11370,7477
11371,9584
11372,9585
11373,9586
11375,9587
11376,4771
11377,9588
11378,9589
11379,9590
11380,9591
11381,9592
11382,9593
11383,9594
11384,9595
11385,9596
11386,9597
11387,9598
11388,9599
11389,9600
11390,9601
11391,9602
11392,9603
11393,9604
11394,9605
11395,9606
11396,9607
11397,9608
11398,9609
11399,9610
11401,9612
11402,9613
11403,9614
11404,811
11408,9619
11409,9620
11410,9621
11411,9622
11412,9623
11413,9624
11414,9625
11415,9626
11416,9627
11417,9628
11418,9629
11419,9630
11420,9631
11421,9632
11422,9633
11423,9634
11424,9635
11425,9636
11427,9638
11428,9639
11429,9640
11430,9642
11431,9643
11432,9644
11433,9645
11434,9646
11435,5113
11436,9649
11437,9651
11438,9652
11439,9653
11439,9654
11440,9655
11441,9656
11442,5157
11443,5969
11444,9660
11445,9660
11446,9661
11447,9661
11448,9662
11449,9663
11450,9664
11451,9665
11452,9666
11453,9667
11454,9669
11455,6059
11456,9671
11457,9672
11458,9673
11458,9674
11458,11578
11458,11581
11458,11583
11459,9675
11459,9676
11459,9677
11459,9678
11459,9679
11459,9680
11459,12470
11460,9681
11461,9682
11462,9683
11463,9684
11464,9685
11465,9686
11466,9687
11467,9688
11468,9689
11469,9691
11470,865
11471,9693
11471,10158
11471,10159
11472,9676
11472,9677
11472,9694
11472,9695
11473,9696
11474,9697
11475,9698
11475,9699
11476,9698
11476,12982
11477,452
11478,9700
11479,6317
11480,9701
11481,9702
11482,9703
11483,9704
11484,9706
11485,9707
11486,9708
11487,9709
11488,9710
11489,9711
11490,9712
11491,9713
11492,9714
11493,9716
11493,9717
11493,9718
11494,9719
11495,9720
11496,9721
11497,4497
11498,9722
11499,9723
11500,9724
11501,9725
11502,9726
11503,9729
11504,9730
11505,9731
11506,9732
11507,9733
11508,9734
11509,9735
11510,9736
11511,9737
11512,9738
11513,3235
11514,9739
11515,9740
11516,9739
11517,9741
11518,9742
11519,9744
11520,9745
11521,9746
11522,9747
11523,9748
11524,9749
11525,9750
11526,9751
11527,9752
11528,9753
11529,9754
11530,9755
11531,9756
11532,9757
11533,9758
11534,9759
11535,9760
11536,9761
11537,9762
11538,9763
11539,9764
11540,9765
11541,9767
11542,9768
11542,11811
11543,7632
11544,9769
11545,9770
11546,9771
11547,9772
11548,9773
11549,9774
11550,9776
11551,9777
11552,9778
11553,485
11554,9779
11555,9780
11556,9781
11557,502
11558,10134
11559,9784
11560,9785
11561,9786
11562,9787
11563,9788
11564,9789
11565,9790
11566,9791
11567,9792
11567,9793
11568,9794
11569,9795
11570,9796
11571,9797
11572,9798
11573,9799
11574,9800
11575,9801
11576,9802
11577,9803
11578,9804
11579,9806
11579,11871
11580,9807
11580,13284
11581,9808
11582,9811
11583,9812
11584,3855
11585,6062
11586,6062
11587,6062
11588,6062
11589,6061
11590,6061
11591,6061
11592,9821
11593,6061
11594,9823
11595,9824
11596,9825
11597,9826
11598,9827
11599,9828
11600,9829
11601,591
11602,9830
11603,9831
11604,9832
11605,9833
11606,9834
11607,9835
11608,9836
11609,9837
11610,3360
11611,9838
11612,9839
11613,9840
11614,478
11614,480
11615,9841
11616,9842
11617,9843
11618,9844
11619,2672
11620,9846
11621,2534
11621,6476
11622,9847
11623,532
11624,532
11625,3076
11626,9850
11627,9851
11627,9852
11627,9853
11628,9854
11629,9855
11630,9856
11631,9857
11632,9858
11633,9859
11634,9860
11635,9861
11636,9862
11637,8365
11638,9863
11639,9864
11640,9866
11641,9867
11642,9868
11643,9869
11644,9870
11645,5358
11646,9871
11647,9872
11648,9873
11649,9876
11650,9877
11651,9878
11652,1084
11652,9879
11652,9880
11653,2485
11654,9883
11654,10074
11655,9884
11656,7695
11657,9885
11658,9886
11659,9887
11660,9889
11661,9890
11661,9891
11661,9892
11661,9893
11661,9894
11662,10252
11663,9895
11664,10294
11665,9898
11666,9900
11667,9901
11668,9902
11669,3157
11669,13606
11669,13607
11669,13608
11669,13754
11670,9907
11671,9908
11672,9909
11673,9910
11674,9911
11675,3852
11676,9912
11677,9913
11678,9914
11679,9915
11680,9916
11681,9917
11682,9918
11683,9675
11683,9920
11684,9921
11685,9922
11686,9923
11687,9924
11687,9925
11688,9926
11689,9927
11690,9928
11690,11344
11691,9929
11692,9930
11693,9931
11694,9932
11695,10586
11696,9934
11697,9935
11698,2018
11699,9936
11700,9937
11701,9939
11702,9940
11703,9941
11703,9942
11704,2354
11705,9943
11705,10562
11706,6061
11707,9945
11708,9946
11709,9947
11710,9948
11711,9949
11712,9950
11713,9951
11714,9952
11715,9953
11716,10266
11717,6480
11717,10975
11718,9955
11719,8549
11721,9958
11722,9959
11723,9960
11724,9961
11725,9962
11726,9963
11727,8256
11728,9964
11729,1358
11730,9965
11731,9966
11732,9967
11733,9968
11734,9969
11735,9970
11736,9971
11737,9972
11738,9974
11739,9976
11740,9977
11741,9978
11742,9979
11743,9980
11744,9981
11745,9982
11746,9983
11747,9984
11748,9985
11749,9986
11750,9988
11750,9989
11751,9990
11752,9991
11753,6762
11754,9993
11755,9994
11756,9995
11757,9996
11758,9997
11759,9998
11760,9999
11761,10002
11762,10003
11763,10004
11764,10005
11765,10006
11766,10007
11767,10008
11768,10009
11769,10010
11770,10011
11771,10012
11772,10013
11773,10014
11774,10015
11775,1124
11776,1124
11777,5874
11778,10017
11779,1124
11780,445
11781,452
11782,10020
11783,10021
11784,10022
11785,10023
11786,10024
11787,10025
11788,10026
11789,10027
11790,10028
11791,10029
11791,10030
11791,10031
11792,10032
11792,10033
11793,10034
11794,510
11795,9653
11795,9654
11796,10035
11797,10036
11798,10037
11799,10038
11800,10039
11801,4766
11801,12513
11802,10041
11803,10042
11804,10043
11805,10045
11806,10046
11807,10047
11808,10048
11809,10049
11809,10421
11810,10050
11811,10051
11812,10052
11813,10053
11814,10054
11815,10055
11816,10056
11817,514
11818,514
11819,10057
11821,10058
11822,10059
11823,10060
11824,10061
11825,10062
11826,2945
11826,11748
11826,11749
11826,11750
11826,12305
11826,12306
11826,12307
11827,10063
11828,10064
11829,10065
11830,10066
11831,10068
11832,10069
11833,10070
11834,10071
11835,10072
11836,10073
11837,7708
11838,10076
11839,10077
11840,10078
11841,10079
11842,10080
11843,10081
11844,10004
11845,10082
11846,10083
11847,10084
11848,10085
11849,10087
11850,10088
11851,10089
11852,10090
11853,10091
11854,10093
11855,10094
11855,12049
11856,452
11857,10095
11858,10101
11859,10102
11860,10103
11861,10104
11862,10105
11863,10106
11864,10105
11865,10107
11866,10115
11867,10116
11868,10117
11869,10118
11870,10119
11871,10120
11872,10121
11873,10122
11874,10123
11875,10124
11876,10125
11877,10126
11878,10127
11879,10128
11880,10129
11881,10130
11882,10132
11883,10133
11884,10136
11885,10137
11886,10138
11887,10138
11888,10139
11889,7646
11890,10141
11891,10142
11892,2113
11893,10143
11894,10144
11895,10145
11896,10146
11897,10147
11898,10148
11899,10149
11900,10150
11901,10151
11902,10152
11903,9913
11904,10153
11905,10154
11906,10155
11907,10157
11907,13057
11908,4454
11909,4454
11909,12125
11910,4454
11910,12125
11911,10135
11912,450
11913,450
11914,10162
11915,10163
11916,10164
11917,10166
11918,10167
11919,10168
11920,2202
11921,1308
11922,10170
11923,10172
11924,10173
11925,10174
11926,10175
11927,10176
11928,10177
11929,10178
11930,10179
11931,10181
11932,10182
11933,10183
11934,10184
11935,10185
11936,10186
11937,1219
11938,10188
11939,10189
11940,522
11940,564
11940,3772
11940,4766
11940,7079
11940,10190
11940,10191
11940,10193
11941,10194
11942,10195
11943,10196
11944,10201
11945,10203
11946,10204
11947,3109
11948,1482
11949,10207
11950,10208
11951,10209
11951,11595
11952,10210
11953,10211
11954,448
11955,10212
11956,10214
11957,10216
11958,10217
11959,10218
11960,10219
11961,510
11962,449
11963,449
11964,10220
11965,449
11966,449
11967,449
11968,449
11969,450
11970,450
11971,450
11972,450
11973,10223
11974,448
11975,10224
11976,10225
11977,10181
11978,10111
11979,10226
11980,10227
11981,10228
11982,10229
11983,10230
11984,10231
11985,10232
11985,13491
11985,13492
11985,13494
11985,13495
11985,13497
11985,13498
11985,13499
11986,10233
11987,10234
11988,10235
11989,12392
11990,10238
11991,10239
11992,10240
11993,10241
11994,10242
11995,473
11996,10243
11997,9291
11998,10244
11999,10245
12000,10246
12001,10247
12001,13748
12002,507
12002,508
12002,8927
12003,10255
12004,5064
12005,10256
12006,10257
12007,10259
12008,3283
12009,10260
12010,10261
12011,10262
12012,10263
12013,10264
12014,10265
12015,10269
12016,10270
12017,10271
12018,10272
12019,10273
12020,10274
12021,10275
12022,10276
12023,10277
12024,10278
12025,10279
12026,1037
12027,10286
12028,10287
12029,10288
12030,9768
12031,10290
12032,10291
12033,10292
12034,10293
12035,10295
12036,10036
12037,10297
12038,10298
12039,10299
12040,10300
12041,10301
12042,10302
12043,10303
12044,10304
12045,10305
12046,10306
12047,10307
12048,10308
12049,10310
12050,10311
12051,10312
12052,10313
12053,7700
12054,526
12055,10315
12056,10316
12057,10317
12058,10865
12059,10320
12060,10321
12061,10322
12062,10323
12063,10324
12064,10325
12065,10327
12066,10328
12067,10329
12068,10330
12069,10331
12070,10332
12071,10333
12072,7214
12073,2408
12074,10334
12075,10335
12076,10338
12077,10116
12078,10345
12078,10346
12078,10347
12079,10342
12080,10350
12081,10351
12082,10352
12083,10355
12084,10356
12085,10357
12086,10358
12087,10359
12088,10360
12089,10361
12090,10362
12091,10363
12092,10364
12093,10365
12094,10367
12095,10368
12096,10369
12097,10370
12098,10371
12099,10372
12100,10373
12101,10374
12102,10375
12103,10376
12104,10377
12105,10379
12106,10380
12107,4847
12107,10511
12107,10512
12107,12050
12107,12051
12108,582
12109,10382
12110,10383
12111,10384
12112,10385
12113,10386
12114,10388
12115,10389
12116,10390
12117,10391
12118,10392
12119,498
12119,5083
12119,5714
12120,10393
12121,10396
12122,6362
12123,10397
12124,10268
12125,10398
12126,10399
12127,10400
12128,10401
12129,1890
12130,10407
12131,10408
12132,8556
12133,10411
12134,9962
12135,13577
12135,13578
12136,10418
12137,10419
12138,10420
12139,10422
12140,10423
12141,10424
12142,10425
12143,10426
12144,10505
12145,10428
12146,10434
12147,10436
12148,10437
12149,9691
12150,10434
12151,10439
12152,10440
12153,10427
12154,10442
12155,4981
12156,10447
12157,10448
12158,10449
12159,10453
12160,10454
12161,10455
12162,10456
12163,10457
12163,11023
12164,10458
12165,10459
12166,10461
12167,10462
12167,11516
12168,10463
12169,10465
12170,10466
12171,10467
12172,10468
12173,10469
12174,10470
12174,13358
12175,10471
12176,10472
12177,10473
12178,10474
12179,10475
12180,10476
12181,10196
12182,10479
12183,10480
12185,10618
12186,10483
12187,10484
12188,1547
12189,10486
12190,10487
12191,10489
12192,10506
12193,10491
12194,10492
12195,10494
12196,10493
12197,10498
12198,9606
12199,6614
12200,10500
12201,10501
12202,10502
12203,10503
12204,10504
12205,10507
12206,10509
12207,10508
12208,10519
12209,10521
12210,10520
12211,10522
12213,10524
12214,10525
12215,10526
12216,10527
12217,10529
12218,10530
12219,10531
12220,1496
12221,10534
12222,10523
12223,9898
12224,10540
12225,10541
12226,10542
12227,10354
12228,10545
12229,10547
12230,7886
12231,10549
12232,10550
12233,10551
12234,10552
12235,10553
12236,10554
12237,10556
12238,10557
12239,5399
12240,10559
12241,10560
12242,10555
12243,10563
12244,10564
12245,1991
12246,10565
12246,11344
12247,10565
12247,11344
12248,10566
12249,10568
12250,10569
12251,10570
12252,10571
12252,10572
12253,10573
12254,10577
12255,10578
12256,10579
12257,10581
12258,10582
12259,2602
12260,5316
12261,10587
12262,10588
12263,10589
12264,10590
12265,10591
12266,10592
12267,10593
12268,10594
12269,10595
12270,10596
12271,10597
12272,10598
12273,10599
12274,9999
12276,10603
12277,10604
12278,463
12279,10606
12280,10607
12281,10608
12282,10609
12283,10610
12284,10611
12285,5970
12286,10615
12287,10616
12288,10617
12289,10619
12290,10620
12290,11209
12291,10621
12292,10622
12293,10623
12294,10624
12295,10625
12296,10626
12297,10628
12298,10629
12299,10630
12300,10631
12301,10632
12302,10633
12303,10634
12304,10393
12305,10636
12306,10619
12307,10637
12308,10639
12310,10641
12310,11622
12311,10642
12312,10643
12313,10644
12314,10645
12315,10646
12316,10647
12317,10648
12318,10649
12319,10650
12320,10651
12321,10652
12322,10653
12323,10654
12324,10655
12325,4956
12326,10657
12327,10658
12328,10659
12328,11382
12328,11383
12328,11384
12329,10660
12330,10663
12331,9850
12332,10664
12333,10665
12333,13330
12333,13332
12333,13333
12334,10666
12335,10668
12336,10669
12336,12285
12336,13558
12337,10670
12338,1942
12339,10671
12340,11778
12341,10672
12343,10674
12344,10675
12345,10676
12346,10677
12347,10678
12348,10679
12349,10681
12350,10682
12351,10683
12352,10684
12353,10685
12354,10686
12355,10687
12356,10575
12357,10689
12358,10690
12359,10691
12360,10692
12361,10693
12362,10695
12363,10697
12364,10699
12365,10700
12366,10701
12367,10702
12368,10703
12369,10704
12370,10705
12371,10706
12372,10707
12373,10708
12374,10709
12374,11386
12375,2018
12376,10680
12377,10712
12378,10714
12379,9831
12380,10716
12381,10717
12382,10718
12383,10719
12384,10720
12385,10721
12386,10580
12387,10723
12388,10724
12389,10725
12390,10726
12391,10727
12392,10728
12393,10729
12394,10358
12394,13078
12395,10731
12396,10732
12397,10733
12398,10734
12399,10735
12400,10736
12401,10738
12402,10740
12403,10741
12404,10742
12405,10743
12406,10745
12407,10746
12408,9850
12409,10749
12410,10750
12411,10751
12412,10752
12413,10753
12414,10754
12415,10755
12416,10756
12417,10757
12418,10758
12419,10759
12420,1736
12421,10761
12422,10762
12423,10763
12424,10764
12425,10765
12426,10766
12427,10767
12428,10768
12429,10769
12430,10770
12431,883
12432,10773
12433,10774
12434,10775
12435,10776
12436,10777
12437,10778
12438,10779
12439,10781
12440,10782
12441,10783
12442,10784
12443,10785
12444,8292
12444,10786
12445,10787
12446,8573
12447,10789
12448,10790
12449,10792
12450,10794
12451,10795
12452,10796
12453,10797
12454,10799
12455,9938
12456,10801
12457,10803
12458,11567
12459,10804
12460,10807
12460,11593
12461,10808
12462,10809
12463,10810
12464,9887
12465,10811
12466,10812
12467,10813
12468,10814
12469,10815
12470,10785
12471,10817
12472,10818
12473,10819
12474,10277
12475,10821
12476,10822
12477,10823
12478,10570
12479,10045
12480,10827
12481,10827
12482,10828
12483,10831
12484,10832
12485,10833
12486,10834
12487,10835
12488,10836
12489,7580
12490,10837
12491,10838
12492,10839
12493,10840
12494,10841
12495,10842
12496,10843
12497,10844
12498,10845
12499,10133
12500,10846
12501,10847
12502,10848
12503,10849
12504,10851
12505,10850
12506,10852
12507,10854
12508,10856
12509,10859
12510,9333
12511,10862
12512,10864
12513,1107
12514,7886
12514,10879
12515,10867
12516,10868
12517,10869
12518,10870
12519,10871
12520,10872
12521,10873
12522,10874
12523,10875
12524,10876
12525,10877
12526,10878
12527,10880
12528,5423
12528,10882
12528,10960
12528,10961
12529,10883
12530,10884
12531,10885
12532,10886
12533,10887
12534,10888
12535,10889
12536,10891
12537,10893
12538,10894
12539,10895
12540,10896
12541,10897
12542,10898
12543,10899
12544,10900
12545,10901
12546,10902
12547,10903
12547,10910
12547,11887
12548,10904
12550,10906
12551,566
12552,566
12553,566
12554,10907
12555,10908
12556,10911
12557,10912
12558,10913
12559,10915
12560,10916
12561,10917
12562,10918
12563,10919
12564,10920
12565,10921
12566,10922
12567,10923
12568,10925
12569,10926
12570,10928
12573,10927
12574,10930
12575,10931
12576,10847
12577,10933
12578,10934
12578,10935
12579,10936
12580,10937
12581,10938
12582,10939
12583,4148
12584,10943
12585,10946
12586,10947
12587,10950
12588,10951
12589,10952
12590,10953
12591,10954
12592,10955
12593,10956
12594,10957
12595,10958
12596,10959
12597,10963
12598,10964
12599,10965
12600,10966
12601,10967
12602,10968
12603,10969
12604,10970
12605,10971
12606,10973
12607,10976
12608,10977
12609,10978
12610,10979
12611,10980
12612,10981
12612,10982
12613,10983
12614,10984
12615,10985
12616,10986
12617,10987
12618,10988
12619,10989
12620,10991
12621,10992
12622,10993
12623,10994
12624,10995
12625,10996
12626,10997
12627,10998
12628,10999
12629,7577
12629,12952
12629,13031
12629,13291
12630,11000
12631,11001
12632,11002
12633,10526
12634,11004
12635,11005
12636,11006
12637,11007
12638,11008
12639,11009
12640,11010
12641,11012
12642,526
12642,11016
12643,11018
12644,11019
12645,11020
12646,11021
12647,11022
12648,11025
12649,11026
12650,11027
12651,11028
12652,11029
12653,11031
12654,11032
12655,11033
12656,11034
12657,11035
12658,11036
12659,498
12660,5942
12661,11037
12662,1991
12663,11038
12664,11039
12665,11040
12666,11041
12667,11042
12668,11043
12669,11044
12670,11045
12671,11046
12672,11047
12673,11048
12674,11049
12675,11050
12676,11051
12677,11052
12678,11054
12679,11055
12680,9868
12681,11058
12682,11059
12683,11060
12684,11061
12685,11062
12686,11063
12687,11064
12688,11065
12689,11064
12690,11066
12691,11067
12692,1215
12693,11068
12693,11069
12693,11070
12694,11071
12695,11072
12696,1725
12697,4701
12698,11074
12699,11075
12700,11076
12701,11077
12702,11079
12703,11080
12704,11118
12705,11119
12706,10025
12707,11122
12708,11123
12709,11124
12710,6148
12711,11125
12712,11126
12713,11126
12714,11127
12715,11128
12716,11129
12717,11130
12718,11132
12719,11133
12720,11134
12721,11137
12722,11138
12723,11139
12724,11140
12725,11141
12726,11142
12727,11143
12728,11144
12729,10295
12729,11417
12730,11147
12730,11165
12731,11148
12732,11151
12733,11152
12734,11153
12735,11154
12736,11155
12737,11157
12737,11158
12738,11159
12739,11160
12740,11161
12741,11162
12742,11163
12743,11164
12744,3217
12744,13772
12744,13773
12744,13774
12744,13775
12744,13776
12745,11166
12746,11167
12747,11168
12748,1833
12749,11169
12750,11171
12751,11172
12752,11174
12753,11175
12754,10887
12755,11180
12756,11181
12757,11182
12758,11183
12759,11185
12760,11186
12761,11187
12762,11188
12763,11189
12764,11190
12765,11191
12766,11192
12767,11193
12768,11194
12769,11195
12770,11196
12771,11197
12772,11198
12773,11199
12774,11200
12775,11201
12776,11202
12776,13382
12777,11203
12778,11204
12779,11205
12780,11207
12781,11208
12782,11210
12783,11211
12784,11212
12785,11213
12786,11214
12787,11215
12788,11216
12789,11217
12790,10163
12791,11221
12792,11222
12793,11223
12794,11224
12795,11225
12796,11226
12797,440
12798,11227
12799,11228
12800,11229
12801,11230
12802,11231
12803,11232
12803,11233
12804,11234
12805,11236
12806,11237
12807,11238
12808,11239
12809,11240
12809,11362
12809,11412
12810,11241
12811,11242
12812,11245
12812,11466
12813,11246
12814,11247
12815,11248
12816,11249
12817,11251
12818,448
12819,11252
12820,11253
12821,11254
12822,11255
12823,11256
12824,11257
12825,11258
12826,11261
12827,11262
12828,11263
12829,11265
12830,11267
12831,11268
12832,11269
12833,11270
12834,11271
12835,11273
12836,11276
12837,11277
12838,11278
12839,11279
12840,11280
12841,11281
12842,11282
12843,11283
12844,11284
12845,11285
12846,11286
12847,11287
12848,11288
12849,11289
12850,11290
12851,11291
12852,11292
12853,11293
12854,11294
12855,11295
12856,11296
12857,11298
12858,11299
12859,11300
12860,11301
12861,11302
12862,5167
12863,11303
12864,11304
12865,11305
12866,11306
12867,11308
12868,11309
12869,11310
12870,11311
12871,441
12872,11312
12873,11313
12874,11314
12875,11315
12875,11316
12876,11317
12877,11320
12878,11321
12879,11322
12880,11323
12881,11324
12882,11328
12883,11329
12883,11330
12884,11331
12885,11332
12886,11333
12887,11334
12888,11335
12889,11336
12889,11337
12889,11338
12890,11340
12891,11341
12892,11342
12893,11343
12894,11345
12895,11346
12896,11347
12897,11349
12898,11350
12899,11351
12900,11352
12901,11354
12902,11355
12903,11356
12904,11357
12905,11358
12906,10587
12907,11361
12908,11363
12909,11364
12910,11949
12911,11365
12912,11366
12913,11367
12914,11368
12914,11369
12915,11370
12916,11371
12917,11372
12918,11373
12919,11374
12920,11375
12920,11663
12921,11376
12922,11377
12923,11378
12924,11379
12925,11380
12926,11385
12927,11387
12928,11389
12929,11390
12930,11392
12931,11393
12932,11394
12933,11396
12934,11397
12935,11398
12936,11399
12937,11400
12938,11401
12939,11402
12940,11403
12941,11404
12942,11405
12943,11406
12944,11411
12945,11413
12946,11414
12947,11415
12948,11416
12949,11418
12950,11420
12951,11422
12951,13557
12952,3658
12953,11425
12954,11426
12955,11427
12956,11428
12957,11429
12958,11431
12959,11432
12960,11434
12961,7931
12962,11435
12963,11436
12964,452
12965,11437
12966,11438
12967,11439
12968,11441
12968,11458
12969,11442
12970,680
12971,11443
12972,11444
12973,11445
12974,11446
12974,11447
12975,11448
12976,11449
12977,11450
12978,11452
12979,11453
12980,5275
12981,11454
12982,11455
12983,11456
12984,11457
12985,11459
12986,11461
12987,11462
12988,4675
12989,11463
12990,11464
12991,11465
12992,11467
12993,11468
12994,11469
12995,11472
12996,11473
12997,11474
12998,11475
12999,3470
13000,11476
13001,11477
13002,11478
13003,11481
13004,11480
13005,11482
13006,11483
13007,11485
13008,11486
13009,11487
13010,11488
13011,11489
13012,11490
13013,11491
13014,11492
13015,11493
13016,11494
13017,11495
13018,11497
13019,11498
13020,11499
13021,11500
13022,11501
13023,11501
13024,498
13024,499
13025,11502
13026,11503
13027,11504
13028,11505
13029,11506
13030,11507
13031,4887
13032,11509
13033,11510
13034,11511
13035,11512
13036,11513
13037,11514
13038,11515
13039,11518
13040,11519
13041,11520
13042,11521
13043,11522
13044,8581
13045,11523
13046,11524
13047,11525
13048,11526
13049,11527
13050,11528
13051,11529
13052,11530
13053,11531
13054,11532
13055,11533
13056,11534
13057,11537
13058,11538
13059,4948
13060,11540
13061,11541
13062,11542
13063,11543
13064,11544
13065,11545
13066,11547
13067,11548
13068,11549
13070,11551
13071,11552
13072,11553
13073,11566
13074,9865
13074,11568
13075,11570
13076,11572
13077,11573
13078,11574
13079,11575
13080,11576
13081,11585
13082,11586
13083,11587
13084,11588
13085,11589
13086,11590
13087,11591
13088,11592
13089,11594
13090,11596
13091,11597
13092,11599
13093,11600
13094,11601
13095,11601
13096,11601
13097,11602
13098,11603
13099,11613
13100,11614
13101,11615
13102,11616
13103,11617
13104,11619
13105,11620
13106,11621
13107,448
13107,473
13108,11623
13109,11624
13109,11625
13110,11626
13111,11627
13112,11628
13113,11629
13114,11630
13115,11631
13116,11632
13117,11633
13118,11634
13119,11635
13120,11636
13121,11637
13122,11638
13123,11639
13124,11640
13125,11641
13126,11642
13127,11643
13128,11644
13129,11645
13130,11646
13131,11647
13132,11649
13133,10224
13134,11650
13135,11651
13136,11652
13137,11653
13138,11654
13139,11655
13140,11656
13141,11657
13142,11658
13143,11659
13144,11660
13145,11661
13146,10504
13147,11662
13148,11437
13149,11439
13150,11664
13151,11665
13152,11666
13153,11680
13154,11681
13155,4996
13156,11682
13157,11683
13158,11684
13159,11685
13160,11686
13161,11687
13162,11688
13163,11690
13164,11691
13165,11692
13166,10137
13167,11694
13168,11695
13169,11696
13170,11697
13170,12987
13170,13137
13171,11698
13172,11699
13173,11700
13174,11701
13175,11702
13176,11703
13177,7700
13178,11704
13179,11705
13180,11706
13180,11707
13181,11708
13182,11709
13183,11710
13184,11711
13185,11712
13186,11713
13187,11713
13188,11713
13189,11714
13190,11715
13191,10507
13192,11716
13193,11717
13194,11718
13195,11719
13196,11720
13197,11723
13198,11724
13199,11725
13200,11726
13201,11728
13202,11729
13203,11732
13204,11733
13205,11734
13206,11735
13207,11736
13208,11737
13209,11740
13209,11741
13209,11743
13210,11744
13211,11745
13212,11746
13213,11747
13214,11751
13215,11752
13216,11753
13217,11754
13218,11755
13219,11757
13220,11766
13221,11767
13222,11768
13223,11769
13224,11770
13225,11771
13226,11772
13227,11773
13228,11774
13229,2503
13230,11776
13231,11777
13232,11779
13233,11780
13234,11781
13234,11782
13235,11783
13235,11784
13236,11785
13237,11786
13238,11787
13239,11788
13240,11789
13241,11790
13242,564
13243,566
13244,11791
13245,2018
13246,4512
13248,11793
13249,11794
13250,11795
13251,11796
13252,11797
13253,11798
13254,11799
13255,11800
13256,11801
13257,11802
13258,11801
13259,11803
13260,11804
13261,452
13262,11805
13263,11806
13264,11807
13264,11952
13264,11953
13264,11954
13265,11808
13266,11809
13267,11810
13268,11811
13270,11813
13271,11814
13272,11815
13273,11816
13274,11817
13275,11818
13276,11819
13276,11820
13276,11821
13276,11822
13276,11823
13276,11826
13277,11827
13278,11828
13279,11830
13280,11831
13281,11832
13282,11833
13282,11835
13283,11836
13284,11837
13285,11838
13286,11839
13287,11840
13288,11841
13289,11842
13290,11843
13291,11844
13292,11845
13293,11848
13294,11849
13295,11850
13296,11851
13297,11852
13298,11853
13299,11854
13300,11855
13301,11856
13302,11857
13303,11858
13304,11859
13305,11860
13306,3015
13307,11862
13308,11863
13309,448
13310,11865
13311,11868
13312,11869
13313,11870
13314,11872
13315,11873
13316,11874
13317,11875
13318,11876
13319,11877
13320,11878
13321,11879
13322,11880
13323,11881
13324,11882
13325,11883
13326,11884
13327,11885
13328,11886
13329,11396
13330,11889
13331,11890
13332,11891
13333,1890
13334,11893
13335,11894
13336,11895
13337,2652
13338,11897
13339,5430
13340,11898
13341,11906
13342,11907
13343,11908
13344,11909
13345,11910
13346,11697
13347,11911
13348,11912
13349,11913
13350,11914
13351,498
13352,11915
13353,11916
13354,11917
13355,11918
13356,11919
13357,11920
13358,11921
13359,11922
13360,11923
13361,11924
13362,11925
13363,11926
13364,10266
13365,11927
13366,11928
13367,11929
13368,11930
13369,11931
13370,11933
13371,11934
13372,11935
13373,7162
13374,441
13375,11936
13376,11937
13377,11939
13378,11938
13379,11940
13380,8465
13381,11941
13382,11942
13383,11943
13384,11944
13385,11945
13386,11946
13387,11947
13388,11948
13389,11951
13390,11955
13391,11956
13392,11958
13393,11128
13394,11960
13395,11961
13396,11962
13397,11963
13398,11964
13399,11966
13400,11967
13401,11968
13402,11968
13403,11969
13404,2460
13405,11970
13406,11972
13407,11973
13407,11974
13408,11975
13409,11976
13409,11978
13410,11979
13411,11980
13412,11981
13413,11982
13414,11983
13415,11984
13416,2460
13417,11988
13418,11989
13419,11990
13420,11991
13421,11992
13422,11993
13423,11994
13424,11995
13425,11996
13426,11998
13427,11999
13428,12000
13429,12001
13430,12002
13431,12003
13432,12004
13433,12005
13434,12006
13435,12007
13436,12008
13436,12886
13437,12009
13438,12010
13439,11473
13440,12011
13441,12012
13442,12013
13443,12014
13444,12016
13445,12017
13446,12020
13448,12026
13448,12027
13449,12028
13450,12029
13451,12030
13452,12032
13453,12033
13454,4948
13454,12034
13455,12038
13456,12039
13457,12040
13457,12041
13458,12042
13459,12043
13460,12044
13461,12045
13462,12052
13463,12053
13463,12054
13464,12055
13465,12056
13466,12057
13467,12058
13468,12059
13469,12060
13470,12061
13471,12062
13472,12063
13473,12065
13474,12066
13475,12068
13476,12070
13477,12072
13478,12073
13479,12074
13480,12075
13481,12076
13482,12077
13483,12078
13484,12079
13485,12080
13486,12081
13487,12084
13488,12085
13489,5106
13490,12086
13491,12087
13492,12088
13493,12090
13494,12091
13495,12092
13496,6416
13497,12093
13498,12094
13499,12095
13500,12096
13501,12097
13502,12098
13503,11792
13504,566
13505,12100
13506,12101
13507,12102
13508,12103
13509,12104
13510,12105
13511,12106
13512,12107
13513,12108
13514,12109
13515,12110
13516,12112
13517,12113
13518,12114
13519,12115
13520,12116
13521,4512
13522,12117
13523,12118
13524,12119
13525,12121
13526,10105
13527,12123
13528,12124
13529,12126
13530,12127
13531,12128
13532,12129
13533,12130
13534,12131
13535,12132
13536,12133
13537,12135
13538,12136
13539,12137
13540,12138
13541,12139
13542,460
13543,12140
13544,12141
13545,12142
13546,12143
13546,12836
13547,12144
13548,12145
13549,12146
13550,12147
13551,12148
13552,12150
13553,12151
13554,12152
13555,12153
13556,12154
13557,484
13557,564
13557,4841
13557,6038
13557,12155
13558,12156
13559,12154
13560,12158
13561,12159
13562,12160
13563,12161
13564,12162
13565,12163
13566,12165
13567,12166
13568,12168
13569,12169
13570,12170
13571,12171
13572,12172
13573,12173
13574,12175
13575,12176
13576,12177
13577,12178
13578,12179
13579,12180
13579,12181
13580,12182
13581,12183
13582,12185
13583,12186
13584,12187
13584,12188
13584,12189
13584,12190
13585,12187
13585,12188
13585,12189
13585,12190
13586,12191
13587,12192
13587,12193
13588,12197
13589,12198
13590,12199
13591,12201
13592,12203
13592,12204
13593,12205
13594,12206
13595,12207
13596,12208
13597,12209
13598,12210
13599,7886
13600,12211
13601,5580
13602,12214
13603,12215
13604,12216
13605,12217
13606,12218
13607,12219
13608,12220
13609,12221
13609,12856
13610,12222
13611,12223
13612,12224
13613,12225
13614,12226
13615,12227
13616,12228
13617,12229
13618,12230
13619,12231
13620,12232
13620,12233
13620,12234
13621,12232
13621,12233
13621,12234
13622,10927
13623,10928
13624,12235
13625,12237
13626,12238
13627,12239
13628,12240
13629,12241
13630,12242
13631,12243
13632,12244
13633,12245
13634,12246
13635,12247
13636,12248
13637,12252
13638,12253
13639,12254
13640,603
13641,12255
13642,12256
13643,12257
13644,12258
13645,12259
13646,12260
13647,12261
13648,12262
13648,12263
13648,12266
13648,12267
13648,13404
13648,13405
13648,13406
13648,13407
13649,12268
13650,12269
13650,12270
13651,12271
13652,12273
13653,12274
13654,12277
13655,12279
13656,4512
13657,4512
13658,12281
13659,12282
13660,12284
13661,12286
13662,12287
13663,12288
13664,12289
13665,12290
13666,12291
13667,12292
13668,12292
13669,12293
13670,12294
13671,12295
13672,12296
13673,12297
13673,12298
13674,12299
13675,12300
13676,12303
13677,472
13678,12304
13679,12308
13680,12309
13681,12310
13682,11909
13683,12311
13684,12312
13685,12313
13686,12314
13687,11909
13688,12315
13689,12316
13690,12317
13691,12318
13692,12322
13693,12324
13694,12325
13695,12326
13696,12329
13697,12330
13698,12331
13699,12332
13700,12333
13701,12334
13702,12335
13703,12339
13704,12340
13705,12341
13705,12839
13706,12343
13707,12344
13708,12345
13709,12346
13710,12348
13711,12349
13712,12350
13713,12351
13714,12352
13715,12354
13716,12355
13717,12356
13718,12357
13719,12358
13720,12359
13721,12360
13722,12361
13723,12362
13724,12363
13725,4311
13726,12365
13727,12366
13728,12368
13729,12369
13730,12370
13731,12372
13732,12373
13733,12374
13734,12375
13735,12376
13736,12377
13737,12378
13738,12379
13739,12380
13740,12383
13741,12384
13742,12385
13743,12386
13744,12388
13745,12389
13746,7581
13747,12391
13748,12393
13749,12394
13750,12395
13751,12396
13752,12397
13753,12398
13754,12399
13755,2279
13756,12400
13757,12401
13758,12402
13759,12403
13760,12404
13761,12406
13762,12407
13763,12408
13764,11832
13765,12411
13766,12412
13767,12413
13768,12414
13769,12421
13770,12422
13771,12423
13772,12569
13772,12570
13772,12571
13772,12572
13773,12424
13774,8549
13775,12425
13776,12426
13777,12427
13778,12428
13779,12429
13780,10224
13781,12430
13782,12431
13783,12432
13784,12433
13785,12434
13786,12435
13787,12435
13788,12437
13789,12438
13790,12440
13791,12441
13792,12442
13793,12443
13794,12444
13794,13772
13794,13773
13794,13774
13794,13775
13794,13776
13795,9913
13796,12446
13797,12447
13798,12448
13798,13511
13799,8636
13800,9921
13801,12450
13802,12451
13803,12452
13804,12453
13805,12454
13805,12455
13806,12456
13807,12457
13808,12458
13809,12459
13810,12460
13811,12461
13812,6687
13813,12462
13814,12463
13815,4552
13816,12464
13817,12465
13818,12466
13819,12468
13820,8549
13821,12473
13822,12474
13823,12475
13824,12476
13825,12477
13826,12478
13827,12479
13828,10953
13829,12481
13830,12482
13831,12482
13832,3814
13833,12484
13833,12485
13834,12486
13835,12487
13836,12488
13837,12489
13837,12490
13838,12491
13839,12493
13840,12494
13841,12495
13842,12496
13843,12497
13843,12498
13843,12499
13843,12500
13843,12501
13843,12502
13843,12503
13843,12504
13844,12505
13845,12506
13846,12507
13847,12508
13848,12509
13850,12511
13851,12514
13852,12515
13853,12516
13854,12517
13855,12519
13856,12520
13857,12521
13858,498
13859,12522
13860,12523
13861,12524
13862,12525
13863,12526
13864,12527
13865,12528
13866,12529
13867,12530
13868,12532
13869,12533
13870,12534
13871,12535
13872,11338
13872,12536
13872,12537
13872,12538
13872,12539
13872,12542
13872,12543
13873,12544
13874,12545
13875,12546
13875,12547
13875,12548
13876,12549
13877,12550
13878,12551
13879,4749
13880,12553
13881,12554
13881,12555
13881,12558
13881,12559
13882,12560
13882,12561
13882,12564
13882,12566
13882,12567
13882,12568
13883,12573
13884,12574
13885,12575
13886,12576
13887,12577
13888,12578
13889,12579
13890,12580
13891,12581
13892,12582
13893,12583
13894,2636
13894,12337
13894,12338
13894,12584
13894,12588
13894,12589
13895,12598
13896,12599
13897,12600
13898,12601
13899,12602
13900,12603
13901,12604
13902,12605
13903,12606
13904,12607
13905,12608
13906,12609
13906,12610
13906,12611
13907,12612
13907,12613
13908,12615
13909,12616
13910,12619
13910,12621
13910,12623
13911,12624
13912,12626
13913,12627
13913,13132
13913,13133
13913,13173
13913,13712
13914,12628
13914,12629
13915,12630
13916,12632
13916,12633
13916,12634
13916,12635
13917,12636
13918,12636
13919,12637
13920,12638
13921,12639
13922,12640
13923,12641
13924,12642
13925,12643
13926,3382
13927,12644
13928,475
13930,12645
13931,12646
13932,12647
13933,11828
13933,13169
13933,13641
13933,13642
13934,12704
13935,12649
13936,12651
13937,12652
13937,12653
13937,12654
13938,12656
13939,12658
13940,12659
13941,12660
13942,12661
13943,12663
13944,9732
13945,12664
13946,12665
13947,12144
13948,12666
13948,12966
13949,474
13950,12668
13951,12669
13952,12670
13953,12671
13954,3015
13955,12672
13956,12673
13957,12674
13958,12675
13959,12677
13960,12679
13961,12680
13962,12683
13963,12684
13964,12686
13965,12687
13966,12688
13967,12689
13968,12690
13969,12691
13970,12692
13971,12694
13972,12695
13972,12696
13972,12697
13973,12698
13974,12699
13975,12700
13976,12701
13977,12702
13977,12703
13978,9850
13979,9850
13980,12705
13981,12706
13982,12707
13982,12708
13983,12709
13984,12710
13985,12711
13986,12712
13987,12713
13987,12714
13987,12715
13987,12716
13988,12717
13989,12718
13990,12722
13991,12723
13992,12724
13993,12725
13994,12726
13995,12727
13996,12728
13997,12729
13998,12730
13999,12731
14000,12732
14001,12733
14002,12734
14003,12735
14004,12737
14005,12738
14006,12739
14007,12740
14008,12741
14009,12742
14010,12744
14011,12745
14012,12746
14013,12747
14014,12748
14015,12749
14016,12750
14017,12751
14018,12752
14019,12753
14020,12754
14021,12755
14022,12756
14023,12757
14024,12759
14025,12760
14025,12761
14026,12762
14027,484
14027,564
14027,4762
14027,4841
14027,10237
14027,11197
14027,11493
14027,12161
14027,12763
14028,12769
14029,12770
14030,12771
14031,12772
14032,12773
14033,12775
14034,12776
14035,12777
14036,12778
14037,12779
14038,12780
14039,12781
14040,12782
14041,12360
14042,3902
14043,12783
14044,12788
14045,12789
14046,12791
14047,12790
14048,12792
14049,12795
14050,12796
14051,11262
14052,12799
14053,12800
14054,12526
14055,10400
14056,12802
14057,12803
14058,12804
14059,12808
14060,12809
14061,10586
14062,12811
14063,12812
14064,12813
14065,12814
14066,2745
14067,12816
14068,12817
14069,12818
14070,12819
14071,12820
14072,12821
14073,12822
14074,12823
14075,12824
14076,12825
14077,12827
14078,12828
14079,1068
14080,10953
14081,12829
14082,12830
14083,12831
14084,12832
14085,12833
14086,12834
14087,12835
14088,12838
14089,12840
14089,12841
14090,12843
14091,12844
14092,12846
14093,12845
14094,4148
14095,12847
14096,12850
14097,12851
14098,12852
14099,12853
14100,12854
14101,12855
14102,12858
14103,12860
14104,12861
14105,12862
14106,12863
14107,12864
14108,12865
14109,12866
14110,12867
14111,9856
14111,12868
14112,12869
14113,12870
14114,12871
14115,12872
14116,12873
14117,12874
14118,12875
14119,12877
14120,12879
14121,12880
14122,12881
14123,12882
14125,12885
14126,12887
14127,12888
14128,12889
14129,12890
14130,12891
14131,12892
14132,12893
14133,12894
14134,12897
14135,12895
14135,12898
14135,12899
14135,12900
14135,13095
14136,12901
14137,12902
14138,12903
14139,12905
14140,12906
14141,10224
14142,12907
14143,12908
14144,12909
14145,12911
14146,12912
14146,12913
14147,12914
14148,12915
14149,12916
14150,12917
14151,12919
14152,12921
14153,12922
14154,12923
14155,12924
14156,12925
14157,466
14158,12927
14159,12928
14160,12929
14161,12930
14162,6334
14163,12932
14164,12933
14165,12935
14166,12936
14167,12937
14168,12940
14169,12941
14170,12942
14171,12943
14172,12944
14173,12946
14174,12947
14175,12948
14176,12949
14177,4948
14178,3536
14179,12951
14180,12953
14181,12955
14182,4948
14183,12956
14184,12957
14184,13020
14185,12958
14186,12959
14187,12962
14188,12963
14189,12965
14190,12968
14191,12969
14192,12970
14192,13777
14193,11951
14194,12972
14195,12973
14196,12974
14197,12975
14198,11710
14199,12976
14200,12977
14201,12979
14202,12980
14203,12981
14204,10884
14205,12983
14206,12984
14207,12985
14208,12986
14209,12988
14210,12989
14211,12990
14212,12991
14213,12992
14214,12993
14215,12995
14216,12996
14217,12997
14218,12998
14219,12999
14220,13000
14221,13001
14222,13002
14223,13003
14224,13004
14224,13155
14225,474
14226,474
14226,475
14227,13005
14228,13007
14229,13008
14230,13009
14231,13010
14231,13094
14232,13011
14233,13012
14234,13013
14235,13014
14236,13015
14237,13016
14238,13017
14239,13018
14240,13019
14241,13021
14242,1128
14243,13022
14244,13024
14245,13025
14246,13026
14247,485
14248,13027
14249,13028
14250,13029
14251,13035
14251,13036
14252,13038
14253,13039
14254,13040
14255,11345
14255,13041
14255,13044
14255,13045
14255,13046
14255,13047
14255,13048
14256,13050
14257,11603
14258,13052
14259,13052
14260,13053
14261,13054
14262,13055
14263,13056
14264,13058
14265,13059
14265,13060
14265,13061
14266,13062
14267,13063
14268,13064
14269,13065
14270,13066
14270,13067
14270,13068
14270,13069
14270,13070
14270,13071
14271,13072
14271,13073
14272,13074
14273,13075
14274,13076
14275,13079
14276,12573
14276,13080
14276,13487
14277,13082
14278,13083
14279,13084
14280,13085
14281,13087
14282,13088
14283,13089
14284,13090
14285,13091
14286,13092
14287,13096
14288,13097
14289,13098
14290,13099
14291,13100
14292,13101
14293,13102
14294,13103
14295,13104
14296,13109
14297,13106
14298,13105
14299,13107
14300,13113
14301,13114
14302,13116
14303,13117
14304,13118
14305,13119
14306,13120
14307,13121
14308,13122
14309,13123
14310,13124
14311,13125
14312,13126
14313,13127
14314,13128
14315,13129
14316,13130
14317,13131
14318,13134
14319,13135
14320,13136
14321,13138
14322,13139
14323,13140
14324,13141
14325,13142
14326,13143
14327,13145
14328,13146
14329,13147
14330,13150
14331,13150
14332,13151
14333,13152
14334,13153
14335,13156
14335,13157
14336,13159
14337,13160
14338,13161
14339,13163
14340,13164
14341,13166
14342,11551
14343,13167
14344,13168
14345,13170
14346,13171
14347,13172
14348,13174
14349,13175
14350,13176
14351,10088
14352,13178
14353,13179
14354,13180
14355,13181
14356,13185
14357,13186
14358,13187
14359,13188
14360,13189
14361,13190
14362,13191
14363,13193
14364,13195
14365,13196
14366,467
14367,13197
14367,13198
14368,13199
14369,13200
14370,13220
14371,13221
14372,13222
14373,13224
14374,13225
14375,13226
14376,13227
14376,13228
14376,13229
14376,13230
14376,13231
14377,13232
14378,13233
14379,13235
14379,13236
14379,13237
14380,13238
14381,498
14382,13239
14383,13240
14384,13241
14385,13242
14386,13243
14387,13244
14388,13245
14389,13246
14390,8141
14391,13247
14392,13248
14393,13249
14394,13250
14395,13251
14396,11407
14397,13253
14398,13254
14399,13255
14400,13256
14401,6420
14402,13257
14403,13258
14404,13260
14405,13261
14406,13262
14407,12178
14408,13263
14409,13264
14410,13265
14411,13266
14412,13267
14413,13268
14414,13269
14415,13270
14416,13271
14417,13272
14418,13273
14419,13274
14420,13275
14421,13276
14422,13277
14423,10569
14424,13278
14425,13279
14426,13280
14427,13282
14428,13283
14429,12722
14430,13285
14431,13286
14432,13287
14433,13288
14434,1991
14435,13289
14436,13290
14437,10919
14438,13292
14439,13293
14440,13294
14441,13296
14442,13297
14442,13298
14443,13299
14444,13300
14445,13301
14446,13254
14447,9593
14448,13304
14449,13305
14450,13306
14451,13307
14452,13308
14453,13309
14454,13310
14455,9768
14456,13311
14457,12314
14458,13312
14459,13314
14460,13315
14461,13316
14462,13317
14463,13318
14464,13319
14465,10094
14465,12049
14466,13320
14467,591
14468,13322
14469,13323
14470,13324
14471,13325
14472,13326
14473,13327
14474,13328
14475,13329
14476,13334
14477,13335
14478,13336
14479,13337
14480,13338
14481,13339
14482,13340
14483,13341
14484,12098
14485,13343
14486,13344
14487,13345
14488,13346
14489,13347
14490,13349
14491,13350
14492,13351
14493,13352
14494,13353
14495,13354
14496,13355
14496,13356
14497,13357
14498,13359
14499,13360
14500,13361
14501,13362
14502,13363
14503,13364
14504,13365
14505,13366
14506,13368
14507,13369
14508,13370
14509,13371
14510,13372
14511,13373
14512,13374
14513,11128
14514,13375
14515,13376
14516,13377
14517,13378
14518,13379
14519,13380
14520,13381
14521,13383
14522,13384
14523,13385
14524,13386
14525,13387
14526,13388
14527,13389
14528,13391
14529,13392
14530,13393
14531,13394
14532,1535
14533,13395
14534,13396
14535,13398
14536,13400
14537,13401
14538,13402
14539,13403
14540,13408
14541,5918
14542,13409
14543,13410
14544,13411
14545,13412
14546,9898
14547,13414
14548,7002
14549,13415
14550,13416
14551,13392
14552,13417
14553,13418
14554,13419
14555,13420
14556,13421
14557,13422
14558,13423
14559,13424
14560,13425
14561,13426
14562,13434
14563,13435
14564,13436
14565,13437
14566,13438
14567,13440
14568,12894
14569,13441
14570,13442
14571,13443
14572,13444
14573,7486
14574,13446
14575,13447
14576,13448
14577,13449
14577,13450
14578,13452
14579,13453
14580,13454
14581,13455
14582,13306
14583,13476
14584,3888
14585,13477
14586,13478
14587,13481
14588,13482
14589,13483
14590,13484
14591,13485
14592,13486
14593,9333
14594,13501
14595,13502
14596,13151
14597,13504
14598,13505
14599,13506
14600,13508
14601,13509
14602,13510
14603,13512
14604,10481
14605,13514
14606,13515
14607,13516
14608,13518
14609,13519
14610,13520
14611,13521
14612,13522
14613,13523
14614,13524
14615,13525
14616,13526
14617,13527
14618,13528
14619,13529
14620,13530
14621,13531
14622,13532
14623,13533
14624,13534
14625,13535
14626,13536
14627,13537
14628,13538
14629,13539
14630,13540
14631,10557
14632,13541
14633,11951
14634,11374
14635,13543
14636,13544
14637,13545
14638,13546
14639,13547
14640,13548
14641,13550
14642,8549
14643,13551
14644,13552
14645,13553
14646,13554
14647,13555
14648,11513
14649,13556
14650,13558
14651,13559
14652,13562
14653,13563
14654,13564
14655,13565
14656,13566
14657,13567
14658,13568
14659,13569
14660,13570
14661,13571
14662,13572
14663,13573
14663,13574
14664,13575
14665,13576
14666,13579
14667,13580
14668,13581
14669,13582
14670,13583
14671,13584
14672,13585
14673,13582
14675,13587
14676,13588
14677,832
14678,13589
14679,13590
14680,13593
14681,13523
14682,13596
14683,13604
14684,13605
14685,13613
14686,13614
14687,13615
14688,13616
14689,13617
14690,13618
14691,13619
14692,13620
14693,13621
14694,13622
14695,13623
14696,13624
14697,13625
14698,13626
14699,13627
14700,13628
14701,13629
14702,13630
14703,13631
14704,13632
14705,13633
14706,13634
14707,13635
14708,13636
14709,13637
14710,12552
14711,13638
14712,13639
14713,13640
14714,13643
14715,13644
14715,13645
14715,13788
14716,13646
14717,13647
14718,13648
14719,13649
14720,13650
14721,13651
14722,13652
14723,13653
14724,13656
14725,6510
14726,13658
14727,13659
14728,13660
14729,13661
14730,13662
14731,13663
14732,13664
14733,13665
14734,13666
14735,13667
14736,13668
14737,13669
14738,13670
14739,13671
14739,13672
14740,13673
14741,13675
14742,592
14743,13677
14744,13678
14745,13679
14746,5701
14747,13681
14748,13682
14749,13683
14750,13684
14751,13685
14752,13686
14753,13687
14753,13688
14754,13689
14755,5654
14756,13690
14757,13691
14758,13692
14759,13694
14760,13695
14761,4862
14762,13696
14763,13697
14764,13698
14765,13699
14766,13700
14767,13702
14767,13703
14768,13704
14769,13705
14770,13706
14771,13707
14772,13708
14773,13709
14774,13710
14775,13711
14776,13713
14777,13714
14778,13715
14779,13716
14780,13717
14781,13718
14782,13719
14783,13720
14784,9808
14785,13722
14786,13723
14787,13724
14788,10134
14789,13725
14790,13727
14791,13729
14792,10186
14793,13730
14794,5773
14795,13731
14796,13732
14797,13733
14798,11983
14799,13734
14800,13735
14801,13736
14802,13737
14803,10785
14804,5781
14805,13739
14806,13743
14807,3467
14808,13746
14809,13749
14810,13750
14811,13751
14812,13752
14813,13753
14814,13755
14815,13756
14816,13757
14817,13758
14818,9655
14819,13759
14820,13760
14820,13761
14821,13762
14822,13764
14823,13763
14824,13765
14824,13766
14825,13767
14826,13768
14827,13769
14828,13770
14829,13771
14830,13771
14831,13778
14832,13779
14833,13780
14834,5102
14835,13781
14836,13782
14837,13783
14838,13784
14839,13523
14839,13785
14840,13786
14841,13787
14842,13789
14843,13790
14844,13791
14845,13792
14846,13793
14847,13794
14848,13806
14849,12378
14850,13796
14851,13797
14852,13798
14853,13799
14854,6334
14855,13801
14856,13156
14856,13157
14857,13803
14858,13804
14859,13805
14860,13807
14861,13808
14862,13809
14863,13810
14864,13811
14865,13812
14866,13813
14867,13814
14868,11407
14869,13815
14870,13817
14871,13820
14872,12286
14873,13824
14874,13825
14875,13826
