Id,Wmi,ManufacturerId,ManufacturerName,MakeId,MakeName,CountryId,CountryName
8503,ZAS,4834,ALFA ROMEO S.P.A.,NULL,NULL,9,ITALY
10130,1A9559,4836,ALISO TRAILERS MFG INC,NULL,NULL,6,UNITED STATES (USA)
10119,1A9520,4837,ALKOTA CLEANING SYSTEMS INC,NULL,NULL,6,UNITED STATES (USA)
8581,1A9440,4838,"ALL AMERICAN MANUFACTURING, INC.",NULL,NULL,6,UNITED STATES (USA)
6731,1A9605,4839,ALL PRO CYCLES,NULL,NULL,6,UNITED STATES (USA)
10909,1A9565,4840,"ALL WHEEL DRIVE EQUIP. MFG., INC",NULL,NULL,6,UNITED STATES (USA)
10688,1A9597,4841,ALL-IN-ONE PRODUCTS,NULL,NULL,6,UNITED STATES (USA)
9768,1A9549,4844,"ALLEN BOAT COMPANY, INC.",NULL,NULL,6,UNITED STATES (USA)
9521,1A9190,4851,ALLIED WELDING SERVICES,NULL,NULL,6,UNITED STATES (USA)
8583,1A9469,4852,ALLISON DUMP BODIES & TRAILERS,NULL,NULL,6,UNITED STATES (USA)
7161,5AE,4853,"ALLMAND BROTHERS, INC",NULL,NULL,6,UNITED STATES (USA)
9188,1A9375,4854,ALLOY CUSTOM VACUUM PRODUCTS INC,NULL,NULL,6,UNITED STATES (USA)
7295,1AL,4855,"ALLOY TRAILER, INC",NULL,NULL,6,UNITED STATES (USA)
10886,1A9234,4856,ALLVAN CORPORATION,NULL,NULL,6,UNITED STATES (USA)
3120,1A9891,4859,ASC INCORPORATED,NULL,NULL,6,UNITED STATES (USA)
6029,1F9200,4861,FAB TEC INC.,NULL,NULL,6,UNITED STATES (USA)
10470,1F9259,4862,FAB-RITE TRAILER MFG,NULL,NULL,6,UNITED STATES (USA)
10460,2FG,4867,FABRI-REMORQUE INC,NULL,NULL,1,CANADA
7408,1G9314,4876,HIPOINT TRAILERS USA,NULL,NULL,6,UNITED STATES (USA)
8586,1H9329,4876,HIPOINT TRAILERS USA,NULL,NULL,6,UNITED STATES (USA)
8587,1H9302,4880,"HITCHCOCK, INC.",NULL,NULL,6,UNITED STATES (USA)
9419,5E8,4897,"FOCUS  INC ",NULL,NULL,6,UNITED STATES (USA)
10045,1Z9121,4897,"FOCUS  INC ",NULL,NULL,6,UNITED STATES (USA)
8595,1F9091,4899,"FOGLEMAN MANUFACTLURING, INC.",NULL,NULL,6,UNITED STATES (USA)
11233,1E9104,4904,ELECTRIC CAR COMPANY,NULL,NULL,6,UNITED STATES (USA)
10272,1J9255,4906,J&W MANUFACTURING INC,NULL,NULL,6,UNITED STATES (USA)
8596,1J9217,4907,J&D TRAILERS,NULL,NULL,6,UNITED STATES (USA)
10244,1J9260,4910,J & R TRIKES,NULL,NULL,6,UNITED STATES (USA)
8597,1D9384,4914,"DUCKWORTH BOAT WORKS, INC.",NULL,NULL,6,UNITED STATES (USA)
6040,1D9393,4919,"DUMAS WELDING, INC.",NULL,NULL,6,UNITED STATES (USA)
7462,1G9014,4923,GORE'S TRAILER MANUFACTURERS INC.,NULL,NULL,6,UNITED STATES (USA)
11747,1G9253,4924,GORHAM FABRICATION INC.,NULL,NULL,6,UNITED STATES (USA)
9377,1G9283,4925,GORILLA VEHICLES,NULL,NULL,6,UNITED STATES (USA)
6115,KM1,4934,HYOSUNG MOTORS & MACHINERY INC,NULL,NULL,15,SOUTH KOREA
8598,5A1,4938,I-85 TRAILER MANUFACTURERS,NULL,NULL,6,UNITED STATES (USA)
10471,1Z9175,4940,IBS SYSTEMS,NULL,NULL,6,UNITED STATES (USA)
8599,1Z9084,4944,"IDAHO TRUCK SPECIALTIES, LLC",NULL,NULL,6,UNITED STATES (USA)
7178,1Z9513,4948,"IDEAL INDUSTRIES, INC. ",NULL,NULL,6,UNITED STATES (USA)
8600,1Z9085,4950,"IDEAL QUALITY TRAILERS, LLC",NULL,NULL,6,UNITED STATES (USA)
9903,1J9240,4956,"J D B ALUMINUM FABRICATING, INC.",NULL,NULL,6,UNITED STATES (USA)
6136,1J9234,4957,"J HELGESON ENTERPRISES, INC.",NULL,NULL,6,UNITED STATES (USA)
8601,1J9206,4958,J L TRAILER MFG.,NULL,NULL,6,UNITED STATES (USA)
8602,1C9692,4959,"COBRA MOTORHOMES & TRAILERS, INC.",NULL,NULL,6,UNITED STATES (USA)
9904,1C9781,4960,COBRA RACING PRODUCTS INC.,NULL,NULL,6,UNITED STATES (USA)
10311,1B9630,4965,BLAZING GLORY,NULL,NULL,6,UNITED STATES (USA)
6599,1R9462,4970,"REBEL MANUFACTURING,  LLC",NULL,NULL,6,UNITED STATES (USA)
7257,1A9347,4974,"RED EWALD, INC.",NULL,NULL,6,UNITED STATES (USA)
10235,1R9409,4976,RED HOT CUSTOMS.COM,NULL,NULL,6,UNITED STATES (USA)
9509,1R9421,4977,RED RHINO TRAILER MANUFACTURING,NULL,NULL,6,UNITED STATES (USA)
6286,1R9396,4984,REDWOOD METAL WORKS,NULL,NULL,6,UNITED STATES (USA)
8603,1R9337,4986,REED'S WELDING INC.,NULL,NULL,6,UNITED STATES (USA)
11043,1S9009,4988,SUPERIOR TRAILER WORKS,NULL,NULL,6,UNITED STATES (USA)
9808,1T9031,4992,TRUCK EQUIPMENT CORPORATION,NULL,NULL,6,UNITED STATES (USA)
8604,1T9514,5002,TRUCK HOIST SYSTEMS,NULL,NULL,6,UNITED STATES (USA)
7012,1J9031,5004,JERR-DAN CORPORATION,NULL,NULL,6,UNITED STATES (USA)
7378,1J9445,5007,"JETECH, INC.",NULL,NULL,6,UNITED STATES (USA)
4400,4S9309,5011,HERITAGE MANUFACTURING,NULL,NULL,6,UNITED STATES (USA)
6098,1H9359,5011,HERITAGE MANUFACTURING,NULL,NULL,6,UNITED STATES (USA)
8846,4HM,5012,HERITAGE MARKETING INC.,NULL,NULL,6,UNITED STATES (USA)
6099,1H9368,5017,HERMAN LEASING INC.,NULL,NULL,6,UNITED STATES (USA)
7047,1H9698,5018,HERNCO FABRICATION & SERVICES,NULL,NULL,6,UNITED STATES (USA)
4591,1H9595,5021,"HESS SERVICES, INC.",NULL,NULL,6,UNITED STATES (USA)
9601,1H9372,5021,"HESS SERVICES, INC.",NULL,NULL,6,UNITED STATES (USA)
11299,1H9385,5022,HESS-SEXTON CORPORATION,NULL,NULL,6,UNITED STATES (USA)
11300,1S9824,5022,HESS-SEXTON CORPORATION,NULL,NULL,6,UNITED STATES (USA)
9828,1H9248,5023,HI-LITE RV MANUFACTURING,NULL,NULL,6,UNITED STATES (USA)
8605,1B9397,5025,B & M HI-LITE,NULL,NULL,6,UNITED STATES (USA)
8606,40G,5027,B & T MANUFACTURING DBA  XTREME TRAILER,NULL,NULL,6,UNITED STATES (USA)
7029,1B9654,5029,B AND M TRAILERS SALES,NULL,NULL,6,UNITED STATES (USA)
5929,1B9539,5031,B&B ENTERPRISES,NULL,NULL,6,UNITED STATES (USA)
6605,4M7,5032,B&B HOMES INC DBA TETON HOMES DBA TETON INT.,NULL,NULL,6,UNITED STATES (USA)
9838,1T9067,5032,B&B HOMES INC DBA TETON HOMES DBA TETON INT.,NULL,NULL,6,UNITED STATES (USA)
10971,1B9365,5034,"B & K TRAILERS, INC",NULL,NULL,6,UNITED STATES (USA)
3495,1B9781,5035,"B&R TRAILER MFG., INC.",NULL,NULL,6,UNITED STATES (USA)
9953,5FL,5035,"B&R TRAILER MFG., INC.",NULL,NULL,6,UNITED STATES (USA)
5932,1B9586,5039,B.E.E. WELDING,NULL,NULL,6,UNITED STATES (USA)
8607,1B9458,5041,"B.L. INDUSTRIES, INC.",NULL,NULL,6,UNITED STATES (USA)
9565,1B9567,5043,"BACKTREK COMPANY ",NULL,NULL,6,UNITED STATES (USA)
8608,1C9688,5044,COUNTY LINE TRAILER CO.,NULL,NULL,6,UNITED STATES (USA)
6766,4C9411,5045,COUNTY ROAD TRAILERS LLC,NULL,NULL,6,UNITED STATES (USA)
8609,1B9485,5046,BOB'S WELDING & FABRICATION,NULL,NULL,6,UNITED STATES (USA)
3426,1G9269,5049,GOLF CART OUTLET INC,NULL,NULL,6,UNITED STATES (USA)
8610,1VD,5050,GOOD TIME PRODUCTIONS,NULL,NULL,6,UNITED STATES (USA)
11235,1G9175,5052,GOODMAN MOTORCYCLES LTD,NULL,NULL,6,UNITED STATES (USA)
8071,1A9005,5054,CLEAN HARBORS ENVIRONMENTAL SERVICES INC,NULL,NULL,6,UNITED STATES (USA)
10517,1A9555,5056,ACTION INDUSTRIAL STUDIO,NULL,NULL,6,UNITED STATES (USA)
6739,1A9614,5058,ACTION TRAILERS,NULL,NULL,6,UNITED STATES (USA)
8470,1A9642,5060,"ACTION WELDING & FABRICATION, INC.",NULL,NULL,6,UNITED STATES (USA)
9976,1A9541,5063,ADAMS EQUIPMENT,NULL,NULL,6,UNITED STATES (USA)
7582,1A9471,5065,ADIRONDACK KOTTAGES,NULL,NULL,6,UNITED STATES (USA)
6761,1A9640,5066,"ADIRONDACK WHITE PINE CABINS, INC.",NULL,NULL,6,UNITED STATES (USA)
2694,2AE,5072,ADVANCE TANK PRODUCTION,NULL,NULL,1,CANADA
2695,2AP,5072,ADVANCE TANK PRODUCTION,NULL,NULL,1,CANADA
9869,1A9532,5074,"ADVANCED BUS INDUSTRIES, LLC",NULL,NULL,6,UNITED STATES (USA)
9841,1R9235,5082,RICH-CO AUTO/MARINE,NULL,NULL,6,UNITED STATES (USA)
3592,10B,5083,BRENNER TANK LLC,NULL,NULL,6,UNITED STATES (USA)
11012,1B9141,5084,"BRENT INDUSTRIES, INC.",NULL,NULL,6,UNITED STATES (USA)
8611,4ED,5085,BREWER IMPLEMENTS LLC,NULL,NULL,6,UNITED STATES (USA)
8612,1E9237,5091,"EQUIPMENT INNOVATORS, INC.",NULL,NULL,6,UNITED STATES (USA)
9941,1D9435,5092,"D & J FABRICATING, L.L.C.",NULL,NULL,6,UNITED STATES (USA)
8912,1D9227,5093,D&L TRAILERS,NULL,NULL,6,UNITED STATES (USA)
10496,1D9124,5096,D & D MACHINE AND WELDING,NULL,NULL,6,UNITED STATES (USA)
9597,1D9427,5099,D&R METAL FAB. INC.,NULL,NULL,6,UNITED STATES (USA)
10582,1D9462,5100,D & S TRAILERS AND MANUFACTURING INC.,NULL,NULL,6,UNITED STATES (USA)
10081,5HH,5103,D. HART DESIGNS INC.,NULL,NULL,6,UNITED STATES (USA)
8613,1D9365,5108,D.J. TRAILERS AND WELDING,NULL,NULL,6,UNITED STATES (USA)
8614,1D9379,5110,DABCO FABRICATION,NULL,NULL,6,UNITED STATES (USA)
8409,1M9031,5112,MERHOW ACQUISITION LLC,NULL,NULL,6,UNITED STATES (USA)
9452,1D9476,5113,DEMON MOTORCYCLE CO,NULL,NULL,6,UNITED STATES (USA)
7013,1C9188,5124,CROWN COACH CORPORATION,NULL,NULL,6,UNITED STATES (USA)
11435,1C9102,5124,CROWN COACH CORPORATION,NULL,NULL,6,UNITED STATES (USA)
10691,1A9603,5126,"ANYTHING IN IRON, INC",NULL,NULL,6,UNITED STATES (USA)
10484,1A9586,5127,AP TRAILERS LLC,NULL,NULL,6,UNITED STATES (USA)
8615,1A9406,5128,APACHE  SINCA INDUSTRIES INC,NULL,NULL,6,UNITED STATES (USA)
10262,5JR,5129,APACHE TRAILERS,NULL,NULL,6,UNITED STATES (USA)
5901,4XV,5130,APACHE TRAILERS INC.,NULL,NULL,6,UNITED STATES (USA)
8617,1A9246,5131,APC TRUCKING INC. DBA APC EQUIPMENT,NULL,NULL,6,UNITED STATES (USA)
10461,1A9569,5132,APEX CUSTOM TRAILERS,NULL,NULL,6,UNITED STATES (USA)
11088,1A9127,5134,"APEX MANUFACTURING CO., INC.",NULL,NULL,6,UNITED STATES (USA)
8618,1F9114,5143,FARM BED MANUFACTURING,NULL,NULL,6,UNITED STATES (USA)
2865,1F9254,5144,FARMER FABRICATIONS,NULL,NULL,6,UNITED STATES (USA)
11006,1F9078,5148,FARRINGTON CHARIOTS,NULL,NULL,6,UNITED STATES (USA)
10569,5JE,5150,FAST TRAC MANUFACTURING INC,NULL,NULL,6,UNITED STATES (USA)
7085,1F9262,5153,FAT ATTACK CUSTOM BIKES (USA) INC.,NULL,NULL,6,UNITED STATES (USA)
4390,1KB,5156,"HOLIDAY RAMBLE CORPORATION ",NULL,NULL,6,UNITED STATES (USA)
8622,1C9672,5161,CAMERON AND SONS WELDING,NULL,NULL,6,UNITED STATES (USA)
10124,1C9820,5164,CAMP N BOAT,NULL,NULL,6,UNITED STATES (USA)
8504,1H9444,5168,"HARDCORE CHOPPERS, LLC",NULL,NULL,6,UNITED STATES (USA)
2672,1A9870,5177,AMERICAN TRUCK & TRAILER BODY CO. INC,NULL,NULL,6,UNITED STATES (USA)
8623,1A9412,5182,AMERICAN WARRIOR MOTORCYCLES,NULL,NULL,6,UNITED STATES (USA)
6724,1A9574,5183,AMERICAN WASH COMPANY,NULL,NULL,6,UNITED STATES (USA)
9501,1A9600,5185,AMERICAN WELDING & MACHINE,NULL,NULL,6,UNITED STATES (USA)
5887,1A9493,5186,AMERICAN WELDING SERVICE INC.,NULL,NULL,6,UNITED STATES (USA)
9277,1A9416,5187,AMERIMAX METALWORKS,NULL,NULL,6,UNITED STATES (USA)
8627,1A9398,5188,AMERITECH CORPORATION,NULL,NULL,6,UNITED STATES (USA)
8630,1H9304,5189,HOGENTOGLER & CO INC,NULL,NULL,6,UNITED STATES (USA)
7092,1H9393,5190,HOGFATHER TRAILERS,NULL,NULL,6,UNITED STATES (USA)
11394,1H9011,5191,"HOGG & DAVIS, INC. ",NULL,NULL,6,UNITED STATES (USA)
7677,40K,5193,"CAMP INDUSTRIES, INC ",NULL,NULL,6,UNITED STATES (USA)
4093,1M9768,5194,MAD PRODUCTS,NULL,NULL,6,UNITED STATES (USA)
5926,1A9245,5198,ATOKA TRAILER & MFG. L.L.C.,NULL,NULL,6,UNITED STATES (USA)
7443,SAX,5201,AUSTIN ROVER GROUP LIMITED,NULL,NULL,5,UNITED KINGDOM (UK)
10061,2L9107,5205,Auto Decor Matane Inc.,NULL,NULL,6,UNITED STATES (USA)
10970,1C9066,5217,CECO EQUIPMENT CO,NULL,NULL,6,UNITED STATES (USA)
9955,1C9798,5218,"CEDAR CREST PARK HOMES, INC.",NULL,NULL,6,UNITED STATES (USA)
5979,1C9775,5220,"CELLXION, LLC",NULL,NULL,6,UNITED STATES (USA)
8631,1C9660,5228,CENTINELA STATE PRISON,NULL,NULL,6,UNITED STATES (USA)
8634,1C9697,5229,CONTRACTORS SPECIALTIES COMPANY/WATER WORKS,NULL,NULL,6,UNITED STATES (USA)
9962,1D9437,5235,DRS CYCLE CORP.,NULL,NULL,6,UNITED STATES (USA)
7071,2D9100,5237,DRYAIR 2000 INC,NULL,NULL,1,CANADA
12862,2DR,5237,DRYAIR 2000 INC,NULL,NULL,1,CANADA
7072,1D9479,5240,DTM TRAILERS,NULL,NULL,6,UNITED STATES (USA)
10213,1S9819,5243,"SIDE DUMP INDUSTRIES, LLC",NULL,NULL,6,UNITED STATES (USA)
8635,1A9427,5245,ASTEC INDUSTRIES INC.,NULL,NULL,6,UNITED STATES (USA)
8637,1A9304,5247,"ASTORIA INDUSTRIES, INC.",NULL,NULL,6,UNITED STATES (USA)
10136,1C9822,5251,"COLORADO CUSTOM CENTER, INC",NULL,NULL,6,UNITED STATES (USA)
3766,1C9237,5256,COLUMBIA NORTHWEST INC,NULL,NULL,6,UNITED STATES (USA)
7345,7G5,5256,COLUMBIA NORTHWEST INC,NULL,NULL,6,UNITED STATES (USA)
8638,1C9709,5258,COM-FAB INC.,NULL,NULL,6,UNITED STATES (USA)
7054,1C9898,5259,COMBS TRAILER MANUFACTURING,NULL,NULL,6,UNITED STATES (USA)
9379,1C9816,5265,CROWN CUSTOM TRAILERS INC,NULL,NULL,6,UNITED STATES (USA)
5980,4C9009,5267,CROWN ENERGY TECHNOLOGIES INC,NULL,NULL,1,CANADA
9408,2C9173,5267,CROWN ENERGY TECHNOLOGIES INC,NULL,NULL,1,CANADA
9409,2R9678,5267,CROWN ENERGY TECHNOLOGIES INC,NULL,NULL,1,CANADA
8640,1C9664,5272,COLE STEEL,NULL,NULL,6,UNITED STATES (USA)
10913,1A9211,5274,Arndt Trailer Manufacturing,NULL,NULL,6,UNITED STATES (USA)
6147,1Z9140,5286,IMPERIAL TRAILERS  DIV. OF EILEEN CORP.,NULL,NULL,6,UNITED STATES (USA)
10479,1Z9185,5288,INDCOM SERVICES INC,NULL,NULL,6,UNITED STATES (USA)
11328,1J9278,5289,INDEPENDENT DISPATCH INC.,NULL,NULL,6,UNITED STATES (USA)
8641,1Z9010,5290,INDEPENDENT TRAILER MANUFACTURING,NULL,NULL,6,UNITED STATES (USA)
9467,1Z9181,5293,INDIANA CUSTOM CARGO INC,NULL,NULL,6,UNITED STATES (USA)
10031,1Z9161,5294,INDIANA PHOENIX INC,NULL,NULL,6,UNITED STATES (USA)
8642,1Z9060,5301,INDUSTRIAL FABRICATION & TESTING,NULL,NULL,6,UNITED STATES (USA)
10338,WB0,5304,BOCKMANN FAHRZEUGWERKE GMBH,NULL,NULL,2,GERMANY
9950,1B9578,5305,BODEANN,NULL,NULL,6,UNITED STATES (USA)
8643,1G9242,5310,"GENIE MANUFACTURING, INC.",NULL,NULL,6,UNITED STATES (USA)
9770,5D8,5310,"GENIE MANUFACTURING, INC.",NULL,NULL,6,UNITED STATES (USA)
8644,1G9130,5314,GEORGE R. LAWSON,NULL,NULL,6,UNITED STATES (USA)
10088,1E9275,5327,EAGLE CUSTOM MOTORCYCLES,NULL,NULL,6,UNITED STATES (USA)
9633,1E9270,5328,EAGLE INDUSTRIES,NULL,NULL,6,UNITED STATES (USA)
10860,1E9181,5329,EAGLE IRON METAL WORKS,NULL,NULL,6,UNITED STATES (USA)
7076,1E9324,5331,EAGLE TRAILERS LLC,NULL,NULL,6,UNITED STATES (USA)
7078,1E9319,5337,EAST COAST MANUFACTURING & DESIGN INC,NULL,NULL,6,UNITED STATES (USA)
3280,1E1,5338,EAST MANUFACTURING CORP.,NULL,NULL,6,UNITED STATES (USA)
10681,1E9305,5340,"EAST RIVER MACHINE CORPORATION ",NULL,NULL,6,UNITED STATES (USA)
10481,1E9381,5341,EAST SIDE CUSTOM CHOPPERS,NULL,NULL,6,UNITED STATES (USA)
7504,1G9160,5345,GULF COAST TRAILER MFG.,NULL,NULL,6,UNITED STATES (USA)
9460,1NL,5351,"GULF STREAM COACH, INC.",NULL,NULL,6,UNITED STATES (USA)
10540,1H9407,5354,HAULMOR,NULL,NULL,6,UNITED STATES (USA)
8646,1F9203,5357,"FIBER TRUCKS & TRAILERS, INC.",NULL,NULL,6,UNITED STATES (USA)
9363,1F9229,5359,FIBERLITE TRAILERS,NULL,NULL,6,UNITED STATES (USA)
9323,1F9223,5360,"FIBERLITE TRAVEL TRAILERS, INC.",NULL,NULL,6,UNITED STATES (USA)
10110,2F9055,5361,FIBRO CONCEPT INC,NULL,NULL,1,CANADA
10584,1F9253,5363,FIELDS TRAILER SALES,NULL,NULL,6,UNITED STATES (USA)
6681,1F9448,5368,"FIRE PLUS, LLC.",NULL,NULL,6,UNITED STATES (USA)
9436,1F9255,5371,FIREDANCER MANUFACTURING INC,NULL,NULL,6,UNITED STATES (USA)
8498,1F9273,5374,FIRST CLASS TRAILERS,NULL,NULL,6,UNITED STATES (USA)
9995,1F9214,5375,FIRST LINE MANUFACTURING,NULL,NULL,6,UNITED STATES (USA)
11389,48K,5377,"HORNET INDUSTRIES, INC.",NULL,NULL,6,UNITED STATES (USA)
3623,5BS,5378,"HORSE CREEK MANUFACTURING & FABRICATION, INC.",NULL,NULL,6,UNITED STATES (USA)
7397,1D9493,5380,DAKOTA MOTORCYCLES U.S.A. INC,NULL,NULL,6,UNITED STATES (USA)
7570,5CL,5386,"DALTON ENTERPRISES, INC. ",NULL,NULL,6,UNITED STATES (USA)
8311,1D9413,5390,"DAN DEA ENTERPRISES, INC.",NULL,NULL,6,UNITED STATES (USA)
7061,1D9440,5391,DAN GURNEY ALLIGATOR MOTORCYCLES INC,NULL,NULL,6,UNITED STATES (USA)
10520,1D9465,5392,DAN HUDON SALES INC,NULL,NULL,6,UNITED STATES (USA)
8647,1D9255,5395,DAN'S REPAIR & MFG.,NULL,NULL,6,UNITED STATES (USA)
6008,1D9233,5398,"DANDY DUMP, INC.",NULL,NULL,6,UNITED STATES (USA)
7062,1D9439,5399,DANIEL'S CERTIFIED  WELDING INC.,NULL,NULL,6,UNITED STATES (USA)
8648,1D9354,5400,DANIEL J. ESSENPREIS MFG.,NULL,NULL,6,UNITED STATES (USA)
10334,1D9461,5401,DANRON ENTERPRISES CUSTOM TRAILERS,NULL,NULL,6,UNITED STATES (USA)
8649,1D9350,5402,"DARDON, INC",NULL,NULL,6,UNITED STATES (USA)
10508,1D9467,5403,DARNELL'S WELDING AND FABRICATION,NULL,NULL,6,UNITED STATES (USA)
8650,1D9217,5404,DARTRON INDUSTRIES INC.,NULL,NULL,6,UNITED STATES (USA)
9670,1A9539,5406,AUTODELTA USA INC,NULL,NULL,6,UNITED STATES (USA)
10001,1F9233,5411,"FOX VALLEY METAL TECH, INC.",NULL,NULL,6,UNITED STATES (USA)
6071,1F9211,5413,FOXWORTH ENTERPRISES INC.,NULL,NULL,6,UNITED STATES (USA)
10464,2L9119,5414,FRACO PRODUCTS LTD,NULL,NULL,1,CANADA
10483,1F9257,5415,FRALA'S TRAILERS,NULL,NULL,6,UNITED STATES (USA)
9930,1F9230,5421,"FRANK SIVIGLIS & CO., INC.",NULL,NULL,6,UNITED STATES (USA)
8651,389004,5428,FREDY RUIZ MARTINEZ,NULL,NULL,45,PUERTO RICO
9582,1F9226,5437,FREEMAN'S CUSTOM MADE TRAILERS,NULL,NULL,6,UNITED STATES (USA)
8652,1F9166,5439,FREEPORT MILLS SIGNWORKS INC,NULL,NULL,6,UNITED STATES (USA)
6465,2FU,5443,FREIGHTLINER  CORPORATION,NULL,NULL,1,CANADA
6466,2FV,5443,FREIGHTLINER  CORPORATION,NULL,NULL,1,CANADA
6467,3FF,5443,FREIGHTLINER  CORPORATION,NULL,NULL,12,MEXICO
6468,AFV,5443,FREIGHTLINER  CORPORATION,NULL,NULL,10,SOUTH AFRICA
6469,KFB,5443,FREIGHTLINER  CORPORATION,NULL,NULL,21,ISRAEL
6470,RSA,5443,FREIGHTLINER  CORPORATION,NULL,NULL,181,SAUDI ARABIA
6471,RSB,5443,FREIGHTLINER  CORPORATION,NULL,NULL,181,SAUDI ARABIA
8653,1E9227,5446,EASTERN METAL WORKS,NULL,NULL,6,UNITED STATES (USA)
6060,1E9260,5447,EASTERN TRAILER SALES,NULL,NULL,6,UNITED STATES (USA)
8654,1H9311,5449,INNOVATOR MOTORCYCLES,NULL,NULL,6,UNITED STATES (USA)
9383,1Z9205,5450,"TMC GROUP, INC",NULL,NULL,6,UNITED STATES (USA)
9826,4LR,5459,GAMBLE TRAILERS INC,NULL,NULL,6,UNITED STATES (USA)
9658,1G9274,5460,GAMBLE'S WELDING & FABRICATION,NULL,NULL,6,UNITED STATES (USA)
8656,48Z,5466,GARDEN STATE CHASSIS REMANUFACTURING INC,NULL,NULL,6,UNITED STATES (USA)
10587,1G9315,5471,"GARRETT CONTAINER SYSTEM, INC",NULL,NULL,6,UNITED STATES (USA)
10044,1G9279,5478,GCA LARGO INDUSTRIES INC,NULL,NULL,6,UNITED STATES (USA)
6048,1G9009,5480,GDM INCORPORATED,NULL,NULL,6,UNITED STATES (USA)
8657,1G9107,5480,GDM INCORPORATED,NULL,NULL,6,UNITED STATES (USA)
10932,1G9174,5484,GEISERT ENTERPRISES LTD,NULL,NULL,6,UNITED STATES (USA)
10981,1G9181,5489,GREEN BROS MANUFACTURING CO,NULL,NULL,6,UNITED STATES (USA)
5808,1A9505,5491,ABC ENTERPRISES,NULL,NULL,6,UNITED STATES (USA)
3343,1E9267,5496,"EATON DRILLING CO., INC. DBA EATON FABRICATION CO.",NULL,NULL,6,UNITED STATES (USA)
11386,46E,5498,EAZ-LIFT SPRING CORPORATION,NULL,NULL,6,UNITED STATES (USA)
6061,1E9337,5502,ECC INC.,NULL,NULL,6,UNITED STATES (USA)
8658,1E9224,5505,ECONOBOY CORPORATION,NULL,NULL,6,UNITED STATES (USA)
8660,1H9335,5512,H.J. SMITH WELDING INC.,NULL,NULL,6,UNITED STATES (USA)
7025,1HH,5518,"HACKNEY AND SONS, INC.",NULL,NULL,6,UNITED STATES (USA)
7017,1H9021,5519,HACKNEY BROS. BODY COMPANY,NULL,NULL,6,UNITED STATES (USA)
6085,1H9428,5522,HAGEMAN'S CUSTOM WELDING,NULL,NULL,6,UNITED STATES (USA)
3370,1D9027,5533,"DODGEN INDUSTRIES, INC.",NULL,NULL,6,UNITED STATES (USA)
7068,1D9443,5536,DOMATEX INC,NULL,NULL,6,UNITED STATES (USA)
7069,1D9470,5538,DONALDSON FABRICATION,NULL,NULL,6,UNITED STATES (USA)
7678,1P9124,5542,"DONOVAN EQUIPMENT CO., INC.",NULL,NULL,6,UNITED STATES (USA)
13406,7KY,5550,DORSEY TRAILER LLC,NULL,NULL,NULL,NULL
8661,1D9135,5551,"DOSKO INDUSTRIES, INCORPORATED",NULL,NULL,6,UNITED STATES (USA)
8662,1D9254,5551,"DOSKO INDUSTRIES, INCORPORATED",NULL,NULL,6,UNITED STATES (USA)
12794,2DA,5553,DOUBLE A TRAILER & CONTRACTING INC,NULL,NULL,1,CANADA
10337,1D9463,5557,DOUBLE LJ MANUFACTURING,NULL,NULL,6,UNITED STATES (USA)
7412,1G9313,5558,GERLING AND ASSOCIATES INC,NULL,NULL,6,UNITED STATES (USA)
10630,1G9322,5563,GHORMLEY MECHANICAL INDUSTRIES INC.,NULL,NULL,6,UNITED STATES (USA)
4293,5HT,5564,"HEIL TRAILER INTERNATIONAL, CO",NULL,NULL,6,UNITED STATES (USA)
7194,5JL,5564,"HEIL TRAILER INTERNATIONAL, CO",NULL,NULL,6,UNITED STATES (USA)
7195,3H4,5564,"HEIL TRAILER INTERNATIONAL, CO",NULL,NULL,12,MEXICO
8665,1HL,5564,"HEIL TRAILER INTERNATIONAL, CO",NULL,NULL,6,UNITED STATES (USA)
4320,1H9399,5569,HELL BOUND STEEL LLC,NULL,NULL,6,UNITED STATES (USA)
10086,1H9383,5572,H E M ENTERPRISES INC,NULL,NULL,6,UNITED STATES (USA)
9687,44K,5575,"HME, INC.",NULL,NULL,6,UNITED STATES (USA)
4385,RFL,5580,"HER CHEE INDUSTRIAL CO., LTD.",NULL,NULL,4,TAIWAN
8668,1AJ,5582,AJAX MANUFACTURING CO. INC.,NULL,NULL,6,UNITED STATES (USA)
8669,1A9448,5588,ASPEN TRAILER INC.,NULL,NULL,6,UNITED STATES (USA)
10571,1H9427,5593,HUMPHREY TRAILER,NULL,NULL,6,UNITED STATES (USA)
9343,1B9593,5603,BIOTECH SYSTEMS INC,NULL,NULL,6,UNITED STATES (USA)
8670,1F9169,5607,CRUISE AMERICA,NULL,NULL,6,UNITED STATES (USA)
8671,1C9452,5610,"CRYENCO, INC.",NULL,NULL,6,UNITED STATES (USA)
10931,2JC,5614,J-CRAFT OF CANADA LTD,NULL,NULL,1,CANADA
5936,1B9698,5622,BROTHERHOOD CYCLES,NULL,NULL,6,UNITED STATES (USA)
7038,1B9664,5624,BROWN & REESE ENTERPRISES INC,NULL,NULL,6,UNITED STATES (USA)
8672,1B9475,5626,BROWN MANUFACTURING,NULL,NULL,6,UNITED STATES (USA)
10060,1B9591,5633,"BRUNNER'S FABRICATION, INC.",NULL,NULL,6,UNITED STATES (USA)
8485,1B9694,5635,BRUNSWICK TRAILERS PLUS AND MARINE INC.,NULL,NULL,6,UNITED STATES (USA)
9744,1B9364,5637,BEST TRAILERS,NULL,NULL,6,UNITED STATES (USA)
7033,1R9393,5642,BETTERBUILT TRAILERS MFG BY RET HOT & STEEL,NULL,NULL,6,UNITED STATES (USA)
5897,1E9256,5649,"BEYOND EXTREME, LLC dba EXTREME CYCLE WORKS",NULL,NULL,6,UNITED STATES (USA)
8673,1B9329,5650,BGRS INC,NULL,NULL,6,UNITED STATES (USA)
7056,1C9899,5651,CORULLO FOREST PRODUCTS CORPORATION,NULL,NULL,6,UNITED STATES (USA)
10950,1C9039,5652,COSMO TRUCK EQUIPMENT INC.,NULL,NULL,6,UNITED STATES (USA)
9220,1C9636,5656,COUNTRY BOY TRAILORS INC,NULL,NULL,5,UNITED KINGDOM (UK)
10445,1C9838,5661,"COUNTRY SALES, INC.",NULL,NULL,6,UNITED STATES (USA)
9392,1H9409,5666,HAMILTON TRAILERS,NULL,NULL,6,UNITED STATES (USA)
9375,1H9421,5667,HAMLET CUSTOM HAULERS LLC,NULL,NULL,6,UNITED STATES (USA)
8675,1C9635,5669,CUBE MANUFACTURING,NULL,NULL,6,UNITED STATES (USA)
9326,1C9774,5675,CURT'S WELDING,NULL,NULL,6,UNITED STATES (USA)
11158,1CU,5676,Cushman A Division of Outboard Marine Corporation,NULL,NULL,6,UNITED STATES (USA)
7419,1C9839,5677,CUSTOM AMUSEMENT PRODUCTS CO,NULL,NULL,6,UNITED STATES (USA)
7057,1C9905,5681,"CUSTOM BIKES OF LAUDERDALE, LLC",NULL,NULL,6,UNITED STATES (USA)
8677,2C9081,5682,CUSTOM BUILT AG. INDUSTRIES LTD.,NULL,NULL,1,CANADA
7058,1C9875,5686,CUSTOM CHASSIS INC,NULL,NULL,6,UNITED STATES (USA)
11442,1C9876,5686,CUSTOM CHASSIS INC,NULL,NULL,6,UNITED STATES (USA)
5983,1C9930,5690,CUSTOM CYCLE CARRIER,NULL,NULL,6,UNITED STATES (USA)
5984,5DS,5694,CUSTOM PULL TRAILER MFG.,NULL,NULL,6,UNITED STATES (USA)
8678,1D9319,5695,DAVE'S WELDING SERVICE,NULL,NULL,6,UNITED STATES (USA)
12442,5K8,5696,HERCULES ENTERPRISES LLC.,NULL,NULL,6,UNITED STATES (USA)
3586,1B9982,5705,BRAUN NORTHWEST INC.,NULL,NULL,6,UNITED STATES (USA)
10454,1B9605,5708,BRAY'S METAL WORKS,NULL,NULL,6,UNITED STATES (USA)
10194,1B9625,5710,BRAZIER TRAILERS,NULL,NULL,6,UNITED STATES (USA)
10344,1B9645,5711,"BREAK-A-WAY, INC.",NULL,NULL,6,UNITED STATES (USA)
8679,4MK,5712,BULTMAN SUPPLY CO,NULL,NULL,6,UNITED STATES (USA)
9576,1A9529,5713,DELTA FUEL INDUSTRIES LLC,NULL,NULL,6,UNITED STATES (USA)
9577,1A9530,5713,DELTA FUEL INDUSTRIES LLC,NULL,NULL,6,UNITED STATES (USA)
10701,1A9571,5716,ALPINE INDUSTRIAL LLC,NULL,NULL,6,UNITED STATES (USA)
9863,1A9589,5717,ALPINE WELDING & FABRICATION INC,NULL,NULL,6,UNITED STATES (USA)
8680,1A9456,5718,"ALTAMONT TECHNOLOGIES, INC",NULL,NULL,6,UNITED STATES (USA)
6856,4HA,5719,"ALTEC INDUSTRIES, INC.",NULL,NULL,6,UNITED STATES (USA)
10094,1E9284,5721,EXCEL TRAILERS INC,NULL,NULL,6,UNITED STATES (USA)
6026,1X9008,5724,XOTIC CYCLE & MOTOR WERX,NULL,NULL,6,UNITED STATES (USA)
6929,1E9279,5725,EXOTIX CYCLE & MOTOR WERX,NULL,NULL,6,UNITED STATES (USA)
9350,1E9285,5727,EXPERIMENTAL FABRICATION INC,NULL,NULL,6,UNITED STATES (USA)
4513,53P,5731,"PACE AMERICAN, INC.",NULL,NULL,6,UNITED STATES (USA)
4464,40L,5732,PACE AMERICAN of  INDIANA  INC.,NULL,NULL,6,UNITED STATES (USA)
10118,2S9131,5733,SEA-BOW INTERNATIONAL INC,NULL,NULL,1,CANADA
6991,1S9123,5735,SEBRING AUTO-CYCLE INC.,NULL,NULL,6,UNITED STATES (USA)
8681,4PY,5741,ROCKING R ENTERPRISES INC,NULL,NULL,6,UNITED STATES (USA)
6564,1RW,5744,"ROCKWOOD, INC.",NULL,NULL,6,UNITED STATES (USA)
9305,1R9400,5745,ROCKY ATV TRAILERS INC.,NULL,NULL,6,UNITED STATES (USA)
9722,1R9464,5750,ROCKY TOP TRAILERS LLC,NULL,NULL,6,UNITED STATES (USA)
8683,1Z9071,5752,OUTBACK TRAILERS,NULL,NULL,6,UNITED STATES (USA)
7113,1Z9215,5754,"OUTLANDER TRAILERS, LLC",NULL,NULL,6,UNITED STATES (USA)
10870,1Z9004,5762,OZ BARS,NULL,NULL,6,UNITED STATES (USA)
9526,1P9059,5763,P & T PALMER INC,NULL,NULL,6,UNITED STATES (USA)
10064,1P9724,5765,"P C INDUSTRIES, LLC",NULL,NULL,6,UNITED STATES (USA)
9769,2M5,5771,THE CANAM MANAC GROUP INC,NULL,NULL,1,CANADA
5864,5MC,5772,"MANAC TRAILERS USA, INC.",NULL,NULL,6,UNITED STATES (USA)
3815,LL8,5774,JIANGSU LINHAI POWER MACHINERY GROUP CORP.,NULL,NULL,8,CHINA
8684,1J9164,5775,JIM CAMPEN TRAILERS SALES INC.,NULL,NULL,6,UNITED STATES (USA)
7100,1J9268,5781,JIMMY'S DISCOUNT TIRE/TRAILER,NULL,NULL,6,UNITED STATES (USA)
10533,1J9274,5783,JJ'S TRUCK SHOP & CELLULAR,NULL,NULL,6,UNITED STATES (USA)
3887,5DY,5784,"JLG INDUSTRIES, INC.",NULL,NULL,6,UNITED STATES (USA)
8509,1J9294,5785,JM TRAILERS,NULL,NULL,6,UNITED STATES (USA)
10543,1J9249,5790,JOHN INGRAM INC,NULL,NULL,6,UNITED STATES (USA)
9726,1S9731,5791,SOMERSET AXLE COMPANY LLC,NULL,NULL,6,UNITED STATES (USA)
9901,1T9646,5792,"TRANSFORMER TRAILERS, INC.",NULL,NULL,6,UNITED STATES (USA)
5474,5KN,5793,TRANSHAUL INC,NULL,NULL,6,UNITED STATES (USA)
7261,48S,5794,TRANSI-CORP,NULL,NULL,6,UNITED STATES (USA)
9697,1T9244,5799,"TRANSPORT EQUIPMENT MANUFACTURING AND SALES, CORPORATION",NULL,NULL,6,UNITED STATES (USA)
4213,LAT,5803,"LUOYANG NORTHERN EK CHOR MOTORCYCLE CO., LTD.",NULL,NULL,8,CHINA
5719,4S9295,5809,"SOUTHEAST MANUFACTURING, INC. - WRENCH MOTORCYCLES",NULL,NULL,6,UNITED STATES (USA)
10694,1S9762,5811,"SOUTHEASTERN TRUCK BODY & EQUIPMENT, INC.",NULL,NULL,6,UNITED STATES (USA)
9398,1S9743,5819,"SOUTHERN PRIDE DISTRIBUTING, LLC",NULL,NULL,6,UNITED STATES (USA)
10635,1S9864,5826,"SOUTHERNRIO INDUSTRIES, INC.",NULL,NULL,6,UNITED STATES (USA)
10397,1A9774,5828,AUTO CRAFT WHOLESALE AUTO,NULL,NULL,6,UNITED STATES (USA)
10398,1H9520,5829,HIDDEN HOLLOW TRAILER MFG  LLC,NULL,NULL,6,UNITED STATES (USA)
3785,1Z9281,5830,"INTERMOUNTAIN TRUCK REBUILDERS, INC.",NULL,NULL,6,UNITED STATES (USA)
4904,1M9801,5831,MULTI-FAB LLC,NULL,NULL,6,UNITED STATES (USA)
2627,4C9142,5833,"CRAIG WELDING & MFG., INC.",NULL,NULL,6,UNITED STATES (USA)
3088,1B9879,5835,BIKE PERFORMANCE & ACCESSORIES BPA INC.,NULL,NULL,6,UNITED STATES (USA)
2975,1E9416,5837,ELECTRICAL ENGINEERING AND EQUIPMENT COMPANY,NULL,NULL,6,UNITED STATES (USA)
4547,1M9796,5838,"M&M INDUSTRIAL MAINTENANCE, INC.",NULL,NULL,6,UNITED STATES (USA)
4734,1H9531,5841,HOBSON TRAILERS,NULL,NULL,6,UNITED STATES (USA)
5134,1T9939,5843,TEXAS IRON DESIGNS,NULL,NULL,6,UNITED STATES (USA)
4680,1Z9311,5844,"QUALITY INDUSTRIAL CONSTRUCTION, LLC",NULL,NULL,6,UNITED STATES (USA)
2993,1B9880,5845,"BROWER EQUIPMENT SALES, INC.",NULL,NULL,6,UNITED STATES (USA)
5115,4S9SPB,5846,SWEAT'S PORTABLE BUILDINGS,NULL,NULL,6,UNITED STATES (USA)
5527,1W9399,5847,WAR EAGLE MOTORCYCLES,NULL,NULL,6,UNITED STATES (USA)
5649,1T9853,5848,TOMMY 2-WAY TRAILER,NULL,NULL,6,UNITED STATES (USA)
5341,1E9417,5849,"THE ELECTRIC VEHICLE COMPANY, LLC",NULL,NULL,6,UNITED STATES (USA)
10221,1J9344,5853,JAMCO SOUTH TRAILERS INC.,NULL,NULL,6,UNITED STATES (USA)
5258,1T9831,5855,"TCB CHOPPERS, INC.",NULL,NULL,6,UNITED STATES (USA)
10224,1K9262,5857,"KAK MOTORCYCLES, INC.",NULL,NULL,6,UNITED STATES (USA)
2843,1D9567,5861,DESERT TOYS R.V. LLC,NULL,NULL,6,UNITED STATES (USA)
4149,1H9490,5862,HAMLIN TRAILER MANUFACTURERS,NULL,NULL,6,UNITED STATES (USA)
5122,1R9510,5863,RUSSELL MARLOWE CAROLINA CUSTOM CYCLES,NULL,NULL,6,UNITED STATES (USA)
8791,4S9009,5864,"SPM CUSTOMS, INC.",NULL,NULL,6,UNITED STATES (USA)
3672,1B9755,5865,BALON CORPORATION,NULL,NULL,26,SPAIN
3636,4C9053,5866,"CLARK'S WELDING, INC.",NULL,NULL,6,UNITED STATES (USA)
9786,1M9678,5870,"MICROFORM PRECISION, LLC",NULL,NULL,6,UNITED STATES (USA)
5139,1G9336,5872,"GLOBE TRAILER MANUFACTURING, INC.",NULL,NULL,6,UNITED STATES (USA)
10712,44R,5872,"GLOBE TRAILER MANUFACTURING, INC.",NULL,NULL,6,UNITED STATES (USA)
5030,1S9766,5878,SELLNER MANUFACTURING COMPANY,NULL,NULL,6,UNITED STATES (USA)
10522,1S9782,5889,SEQUOYAH STORAGE & TRAILER SALES,NULL,NULL,6,UNITED STATES (USA)
7196,5HL,5891,TOP BRAND INC,NULL,NULL,6,UNITED STATES (USA)
10485,1T9759,5892,TOP TOW TRAILERS,NULL,NULL,6,UNITED STATES (USA)
11071,1P9239,5893,"TOP TRAILERS SALES, INC.",NULL,NULL,6,UNITED STATES (USA)
8685,1L9160,5894,"LUKE'S TRAILER MFG AND SALES, INC.",NULL,NULL,6,UNITED STATES (USA)
8686,1T9512,5896,TEXAS TRAILER COMPANY,NULL,NULL,6,UNITED STATES (USA)
8688,4HU,5897,TEXAS TRAILER SERVICE,NULL,NULL,6,UNITED STATES (USA)
8687,1T9539,5898,TEXAS TRAILERS INC.,NULL,NULL,6,UNITED STATES (USA)
6294,1T9789,5899,TEXAS TRUCK AND TRAILER,NULL,NULL,6,UNITED STATES (USA)
9874,1T9653,5903,TEXOMA WASTE CONTROL,NULL,NULL,6,UNITED STATES (USA)
10004,1S9760,5906,SHADE TREE AUTOMOTIVE EQUIPMENT,NULL,NULL,6,UNITED STATES (USA)
5270,1S9791,5911,"SHAFER & SHAFER WELDING, LLC",NULL,NULL,6,UNITED STATES (USA)
10988,1S9477,5912,SHAFFER'S MUFFLER SHOPS INC,NULL,NULL,6,UNITED STATES (USA)
6300,LXK,5915,SHANGHAI MEITIAN MOTORCYCLE COMPANY LTD.,NULL,NULL,8,CHINA
6301,1S9870,5917,"SHARP MANUFACTURING, LLC",NULL,NULL,6,UNITED STATES (USA)
10616,1S9863,5920,SHAULL EQUIPMENT AND SUPPLY COMPANY,NULL,NULL,6,UNITED STATES (USA)
13764,5CX,5922,"SHELBY AMERICAN, INC.",NULL,NULL,6,UNITED STATES (USA)
9538,1S9862,5924,"SHELF ABOVE MANUFACTURING, INC.",NULL,NULL,6,UNITED STATES (USA)
7021,18G,5925,SHELLER-GLOBE CORPORATION,NULL,NULL,6,UNITED STATES (USA)
7124,LA9SZJ,5927,SHENZHEN CIMC HEAVY INDUSTRIES CO. LTD,NULL,NULL,8,CHINA
8689,4X7,5929,SHEPHERD MFG & DIST,NULL,NULL,6,UNITED STATES (USA)
8690,1T9560,5933,"TORSION TRAILERS, LLC",NULL,NULL,6,UNITED STATES (USA)
8691,1T9534,5934,TOW TRUE TRAILERS,NULL,NULL,6,UNITED STATES (USA)
6410,5AD,5935,TOW-IT-ALL,NULL,NULL,6,UNITED STATES (USA)
7148,5H5,5939,TOYHOYST INC,NULL,NULL,6,UNITED STATES (USA)
9535,1M9625,5941,"MD PRODUCTS AND SOLUTIONS, INC.",NULL,NULL,6,UNITED STATES (USA)
11837,595,5941,"MD PRODUCTS AND SOLUTIONS, INC.",NULL,NULL,6,UNITED STATES (USA)
7589,4A2,5943,"M.H. EBY, INC.",NULL,NULL,6,UNITED STATES (USA)
8692,5MA,5950,"MAC TRAILER MFG, INC.",NULL,NULL,6,UNITED STATES (USA)
11005,1M9096,5950,"MAC TRAILER MFG, INC.",NULL,NULL,6,UNITED STATES (USA)
13335,1Z9692,5951,OCHOCO MANUFACTURING CORP.,NULL,NULL,NULL,NULL
9771,1Z9188,5952,ODDI CYCLES,NULL,NULL,6,UNITED STATES (USA)
10028,1L9242,5955,LESTER MANUFACTURING INC,NULL,NULL,6,UNITED STATES (USA)
3864,1L9245,5956,"LET'S GO AERO, INC.",NULL,NULL,6,UNITED STATES (USA)
8693,1L9241,5958,LEVON VENDING CARTS CO.,NULL,NULL,6,UNITED STATES (USA)
6212,1L9275,5961,"LIBERATOR MOTORCYCLES, INC.",NULL,NULL,6,UNITED STATES (USA)
6397,1T9614,5964,"TRAIL MATE PRODUCTS, INC.",NULL,NULL,6,UNITED STATES (USA)
10482,1T9755,5966,TRAIL-A-LONG MANUFACTURING,NULL,NULL,6,UNITED STATES (USA)
8466,11U,5967,TRAIL-ET INC,NULL,NULL,6,UNITED STATES (USA)
8694,1T9436,5969,TRAIL-RITE TRAILERS,NULL,NULL,6,UNITED STATES (USA)
10155,1T9708,5973,TRAILDUSTER TRAILERS INC,NULL,NULL,6,UNITED STATES (USA)
10243,5JG,5977,"TRAILER CORPORATION OF AMERICA, INC.",NULL,NULL,6,UNITED STATES (USA)
9714,1T9686,5979,TRAILER FORCE,NULL,NULL,6,UNITED STATES (USA)
11314,2P9015,5981,MAGNUM TRAILER & EQUIPMENT INC,NULL,NULL,1,CANADA
7501,1M9450,5982,MAGNUM TRAILER MANUFACTURING INC.,NULL,NULL,6,UNITED STATES (USA)
8695,1M9469,5984,MAINE HITCH & TRAILER SALES,NULL,NULL,6,UNITED STATES (USA)
9314,1M9532,5986,"MAINLINE, INC.",NULL,NULL,6,UNITED STATES (USA)
9498,1M9623,5987,MAINTENANCE & FABRICATION SERVICES,NULL,NULL,6,UNITED STATES (USA)
10465,2M9151,5989,MAJESTIK TRAILERS,NULL,NULL,1,CANADA
9503,1P9468,5993,PACIFIC COAST RV INC,NULL,NULL,6,UNITED STATES (USA)
10578,1P9442,5995,PACIFIC METAL ENTERPRISES,NULL,NULL,6,UNITED STATES (USA)
6177,1P9369,6000,PAUL THUN'S CUSTOM WELDING (PCW),NULL,NULL,6,UNITED STATES (USA)
4570,1P9472,6001,"PAUL YAFFE ORIGINALS LLC,PAUL YAFFE DESIGNS INC., AM. LEGEND MOTORCYCLE CO.",NULL,NULL,6,UNITED STATES (USA)
10275,1P9444,6002,PAUL'S TRAILER'S & MANUFACTURING,NULL,NULL,6,UNITED STATES (USA)
9830,1M9081,6009,MIANO'S WELDING,NULL,NULL,6,UNITED STATES (USA)
6197,1M9518,6010,MICHAEL SELTZER WELDING,NULL,NULL,6,UNITED STATES (USA)
10101,1M9574,6011,MICHIANA CARGO INC,NULL,NULL,6,UNITED STATES (USA)
10030,1M9564,6017,MID VALLEY INDUSTRIES INC,NULL,NULL,6,UNITED STATES (USA)
8702,1M9167,6020,"MID-ATLANTIC LEASING, CORP.",NULL,NULL,6,UNITED STATES (USA)
8705,1M9463,6023,"MID-SOUTH TRAILERS, INC.",NULL,NULL,6,UNITED STATES (USA)
10073,2M9018,6028,MIDLAND MANUFACTURING LIMITED,NULL,NULL,1,CANADA
3520,1H9642,6032,HOT HEAD CUSTOM DESIGN LLC,NULL,NULL,6,UNITED STATES (USA)
5089,1P9714,6033,"VIPER USA, INC.",NULL,NULL,6,UNITED STATES (USA)
13666,1V9263,6033,"VIPER USA, INC.",NULL,NULL,NULL,NULL
3609,4B9031,6035,BADASS INDUSTRIES LLC,NULL,NULL,6,UNITED STATES (USA)
3611,4B9032,6035,BADASS INDUSTRIES LLC,NULL,NULL,6,UNITED STATES (USA)
5567,4T9131,6039,TRI-WELDING FABRICATIONS,NULL,NULL,6,UNITED STATES (USA)
7030,7F6,6040,STELLAR INDUSTRIES INC.,NULL,NULL,6,UNITED STATES (USA)
7209,1V9074,6040,STELLAR INDUSTRIES INC.,NULL,NULL,6,UNITED STATES (USA)
8707,1S9437,6040,STELLAR INDUSTRIES INC.,NULL,NULL,6,UNITED STATES (USA)
5074,4S9324,6041,"SUPERIOR STEEL SALES, LLC",NULL,NULL,6,UNITED STATES (USA)
9662,1M9957,6042,"MERITT MANAGEMENT COMPANY, LLC",NULL,NULL,6,UNITED STATES (USA)
5797,1Z9364,6043,"STREET GOLF CARTS, LLC",NULL,NULL,6,UNITED STATES (USA)
4546,55T,6044,"NORTHWEST TECHNOLOGIES, INC.",NULL,NULL,6,UNITED STATES (USA)
3227,SBD,6046,EQUI-TREK LTD.,NULL,NULL,6,UNITED STATES (USA)
4222,1L9519,6047,LYNX INDUSTRIES LLC,NULL,NULL,6,UNITED STATES (USA)
10844,4T9129,6048,"TINY SMART HOUSE, INC.",NULL,NULL,6,UNITED STATES (USA)
3777,4B9051,6050,BEAMCO INC.,NULL,NULL,6,UNITED STATES (USA)
5137,1G9487,6051,GERDES FABRICATING INC.,NULL,NULL,6,UNITED STATES (USA)
2924,4B9070,6055,BEYOND ROADS LLC,NULL,NULL,6,UNITED STATES (USA)
4246,1M9984,6056,MCNEW FABRICATION INC.,NULL,NULL,6,UNITED STATES (USA)
3775,4C9287,6060,COMFORT CAMPER,NULL,NULL,6,UNITED STATES (USA)
2504,4C9298,6062,"COUNTRY STONES, LLC",NULL,NULL,6,UNITED STATES (USA)
5398,4T9088,6063,THE WELDING SHOP,NULL,NULL,6,UNITED STATES (USA)
5196,3T9014,6066,"TALLERES DE LA GARZA, S.A. DE C.V.",NULL,NULL,12,MEXICO
2752,1E9519,6067,"EXOSENT ENGINEERING,LLC",NULL,NULL,6,UNITED STATES (USA)
5336,3T9200,6068,TANQUES Y REMOLQUES CENTAURO S.A. DE C.V.,NULL,NULL,12,MEXICO
4263,1N9323,6069,NJF MANUFACTURING LLC,NULL,NULL,6,UNITED STATES (USA)
11626,2A9198,6071,THE LION ELECTRIC COMPANY,NULL,NULL,1,CANADA
12331,2A9217,6071,THE LION ELECTRIC COMPANY,NULL,NULL,1,CANADA
13978,2LB,6071,THE LION ELECTRIC COMPANY,NULL,NULL,1,CANADA
13979,2LA,6071,THE LION ELECTRIC COMPANY,NULL,NULL,1,CANADA
2721,1D9711,6072,"DEUS EX MACHINA MOTORCYCLES USA, INC.",NULL,NULL,6,UNITED STATES (USA)
4482,563,6073,"MMDI, INC. D/B/A/ STEELPOINT",NULL,NULL,6,UNITED STATES (USA)
10595,1M9646,6073,"MMDI, INC. D/B/A/ STEELPOINT",NULL,NULL,6,UNITED STATES (USA)
4855,1M9927,6077,MOUNTAIN WEST INDUSTRIES,NULL,NULL,6,UNITED STATES (USA)
4927,1R9733,6078,"RILEY TECHNOLOGIES, LLC",NULL,NULL,6,UNITED STATES (USA)
4970,1G9458,6079,GLOBAL STEEL,NULL,NULL,6,UNITED STATES (USA)
4935,4S9296,6080,SOUTHWEST EQUIPMENT COMPANY,NULL,NULL,6,UNITED STATES (USA)
2735,3A9050,6083,ANTONIO FRANCISCO MARTINEZ GONZALEZ DBA REMOLQUES Y CARROCERIA MARGO,NULL,NULL,12,MEXICO
4084,1L9493,6084,LANIER MARINE TRAILERS LLC,NULL,NULL,6,UNITED STATES (USA)
4178,1H9619,6086,HARVEST AG FABRICATING LLC,NULL,NULL,6,UNITED STATES (USA)
7477,1H9630,6087,H & H FARM SUPPLY,NULL,NULL,6,UNITED STATES (USA)
5661,4S9306,6088,SILVER WRAITH CHOPPERS LLC,NULL,NULL,6,UNITED STATES (USA)
5515,1W9530,6089,WK MACHINE LLC,NULL,NULL,6,UNITED STATES (USA)
5657,4T9087,6092,TOOCYLINDER MOTOR CYCLE REPAIR,NULL,NULL,6,UNITED STATES (USA)
2477,5KE,6093,"DRV, LLC.",NULL,NULL,6,UNITED STATES (USA)
5873,1M9902,6094,MCCARTNEY TRAILERS,NULL,NULL,6,UNITED STATES (USA)
4474,1M9942,6097,MINNESOTA TEARDROP TRAILER LLC,NULL,NULL,6,UNITED STATES (USA)
3129,1E9531,6098,"ENERGY PRODUCTS, INC.",NULL,NULL,6,UNITED STATES (USA)
3147,4B9027,6099,BINTELLI LLC,NULL,NULL,6,UNITED STATES (USA)
12692,7R3,6099,BINTELLI LLC,NULL,NULL,6,UNITED STATES (USA)
12060,1A9922,6101,AMERICAN JEREH INTERNATIONAL CORPORATION,NULL,NULL,6,UNITED STATES (USA)
5119,1R9749,6103,RUNAWAY TRAILERS,NULL,NULL,6,UNITED STATES (USA)
3080,1E9209,6106,"EMI TECHNOLOGIES, INC.",NULL,NULL,6,UNITED STATES (USA)
4579,1M9947,6107,M&R SPECIALTY TRAILERS AND TRUCKS INC,NULL,NULL,6,UNITED STATES (USA)
3967,L0H,6108,"CHANGZHOU ZHONGMAO MACHINERY CO., LTD",NULL,NULL,8,CHINA
4979,2L9110,6110,ROULOTTES PROLITE INC.,NULL,NULL,1,CANADA
5803,1V9193,6111,VALHALLA MARINE INNOVATIONS LLC,NULL,NULL,6,UNITED STATES (USA)
5494,4T9119,6113,TINY TRAILER,NULL,NULL,6,UNITED STATES (USA)
5123,4S9317,6114,"SYNERGY TECHNOLOGY, LLC",NULL,NULL,6,UNITED STATES (USA)
3346,4B9036,6118,BLUE LINE INDUSTRIES LLC,NULL,NULL,6,UNITED STATES (USA)
3899,1J9425,6119,J.A.C.K.S METAL WERX,NULL,NULL,6,UNITED STATES (USA)
5475,4T9128,6120,TWISTED IRON LLC,NULL,NULL,6,UNITED STATES (USA)
3101,4B9029,6122,BUCHAN INDUSTRIES LLC,NULL,NULL,6,UNITED STATES (USA)
4866,1R9674,6126,"RAZORBACK INDUSTRIES, LLC",NULL,NULL,6,UNITED STATES (USA)
4530,1P9644,6132,PARKER TRAILERS,NULL,NULL,6,UNITED STATES (USA)
5624,4T9018,6133,TNA CUSTOMS,NULL,NULL,6,UNITED STATES (USA)
4857,1R9676,6134,"RAY'S BODY SHOP, INC.",NULL,NULL,6,UNITED STATES (USA)
4209,1M9860,6135,"MATRIX, INC.",NULL,NULL,6,UNITED STATES (USA)
3045,1F9380,6136,"FMB CHOPPERS, LLC",NULL,NULL,6,UNITED STATES (USA)
2918,52D,6139,"FEROCITY INDUSTRIES, INC.",NULL,NULL,6,UNITED STATES (USA)
5252,4T9016,6140,TBEI,NULL,NULL,6,UNITED STATES (USA)
5943,52F,6141,"BAD BOY, INC.",NULL,NULL,6,UNITED STATES (USA)
5372,1V9167,6142,"VENOM TRAILERS, LLC",NULL,NULL,6,UNITED STATES (USA)
4022,1K9299,6144,"KEY ENERGY SERVICES, LLC",NULL,NULL,6,UNITED STATES (USA)
3614,1H9573,6145,HORIZON MANUFACTURING INC.,NULL,NULL,6,UNITED STATES (USA)
4539,1N9299,6146,NORTHWEST CUSTOM ALUMINUM TRAILERS,NULL,NULL,6,UNITED STATES (USA)
2948,52G,6147,"CALIFORNIA SCOOTER COMPANY, LLC",NULL,NULL,6,UNITED STATES (USA)
10426,4T9020,6148,TRAILER BUILDERS INC.,NULL,NULL,6,UNITED STATES (USA)
5511,4T9017,6149,TRICK TRAILERS,NULL,NULL,6,UNITED STATES (USA)
2916,1G9423,6150,"G & G METAL FABRICATION, INC.",NULL,NULL,6,UNITED STATES (USA)
3848,1T9473,6152,KNIGHT BROTHERS LLC dba TWAMCO TRAILER CO.,NULL,NULL,6,UNITED STATES (USA)
3722,1H9575,6153,HUMDINGER EQUIPMENT LTD,NULL,NULL,6,UNITED STATES (USA)
4648,1M9859,6154,MOBILE TECH TRAILERS INC.,NULL,NULL,6,UNITED STATES (USA)
3693,4C9227,6156,CLEVELAND CYCLEWERKS LLC DBA CULTURA SCOOTER COMPANY,NULL,NULL,6,UNITED STATES (USA)
7372,58F,6156,CLEVELAND CYCLEWERKS LLC DBA CULTURA SCOOTER COMPANY,NULL,NULL,6,UNITED STATES (USA)
2892,1E9465,6157,"EV INNOVATIONS, INC.",NULL,NULL,6,UNITED STATES (USA)
3193,51S,6159,C & C TRAILER MANUFACTURING INC.,NULL,NULL,6,UNITED STATES (USA)
5640,1U9137,6160,"UNITED SPECIALIZED TRAILERS, INC.",NULL,NULL,6,UNITED STATES (USA)
3276,516,6164,"AUTOCAR INDUSTRIES, LLC",NULL,NULL,6,UNITED STATES (USA)
6182,1E9426,6165,PI MOBILITY,NULL,NULL,6,UNITED STATES (USA)
4915,521,6167,"RIVERSIDE TRAVEL TRAILER, INC",NULL,NULL,6,UNITED STATES (USA)
4859,1G9419,6168,"GLOBAL PUMP COMPANY, LLC",NULL,NULL,6,UNITED STATES (USA)
5582,4S9199,6169,SIKESTON FENDER dba TRAILER PARTS PLUS,NULL,NULL,6,UNITED STATES (USA)
2932,4C9229,6170,CALDER BROTHERS CORPORATION MANUFACTURER OF MAULDIN PAVING PRODUCTS,NULL,NULL,6,UNITED STATES (USA)
3328,4C9302,6173,CURRY SUPPLY CO.,NULL,NULL,6,UNITED STATES (USA)
6922,5XA,6174,IRON PANTHER INCORPORATED,NULL,NULL,6,UNITED STATES (USA)
3823,LA9JXK,6175,"JIANGXI KAMA BUSINESS BUS CO., LTD.,",NULL,NULL,8,CHINA
3605,1B9940,6176,BRIMSTONE CYCLES LLC,NULL,NULL,6,UNITED STATES (USA)
2699,1A9843,6177,ADVANCE LIFTS,NULL,NULL,6,UNITED STATES (USA)
3407,1A9845,6178,ALLEYKAT KUSTOMS OF ARIZONA,NULL,NULL,6,UNITED STATES (USA)
4891,1PM,6179,"POLAR TANK TRAILER, LLC",NULL,NULL,6,UNITED STATES (USA)
7201,3H6,6179,"POLAR TANK TRAILER, LLC",NULL,NULL,12,MEXICO
10354,5KY,6181,DESTINY FABRICATION LLC dba Genesis Trailers Inc.,NULL,NULL,6,UNITED STATES (USA)
12132,7M7,6181,DESTINY FABRICATION LLC dba Genesis Trailers Inc.,NULL,NULL,6,UNITED STATES (USA)
3606,51P,6183,"CIRCLE J TRAILERS, INC.",NULL,NULL,6,UNITED STATES (USA)
5690,4T9014,6184,TOTE 'em TRAILERS,NULL,NULL,6,UNITED STATES (USA)
3844,4C9231,6185,"CONTRACT WELDING & FABRICATING, INC.",NULL,NULL,6,UNITED STATES (USA)
5705,1U9138,6186,UTILITOY LLC,NULL,NULL,6,UNITED STATES (USA)
3168,2A9177,6190,AGB (ATELIER GERARD BEAULIEU INC.),NULL,NULL,1,CANADA
4683,1P9688,6193,PERRIN MFG. INC.,NULL,NULL,6,UNITED STATES (USA)
2692,1P9689,6195,ADMIRAL TRAILERS,NULL,NULL,6,UNITED STATES (USA)
5638,1U9150,6197,UNITED SITE NATIONAL SERVICES COMPANY A UNITED SITE SERVICE CO.,NULL,NULL,6,UNITED STATES (USA)
5618,4T9083,6198,"TLR WELDING & FABRICATING, INC.",NULL,NULL,6,UNITED STATES (USA)
5317,55H,6199,"SABERTOOTH MOTOR GROUP, LLC",NULL,NULL,6,UNITED STATES (USA)
5326,55G,6199,"SABERTOOTH MOTOR GROUP, LLC",NULL,NULL,6,UNITED STATES (USA)
6425,SA9141,6200,WRIGHTBUS LTD.,NULL,NULL,118,IRELAND
5523,5YP,6201,"TRIFUN, INC.",NULL,NULL,6,UNITED STATES (USA)
4017,5YE,6203,"CHASE TRAILERS, LLC",NULL,NULL,6,UNITED STATES (USA)
4148,1H9550,6208,HALSEY Z TRAILERS,NULL,NULL,6,UNITED STATES (USA)
4244,1L9414,6211,"LDJ MANUFACTURING, INC.",NULL,NULL,6,UNITED STATES (USA)
13755,56Z,6211,"LDJ MANUFACTURING, INC.",NULL,NULL,6,UNITED STATES (USA)
4654,1M9833,6212,"MODISETTE WELDING & SUPPLY, CORP.",NULL,NULL,6,UNITED STATES (USA)
2605,4C9187,6213,CRIMINAL CUSTOMS INC,NULL,NULL,6,UNITED STATES (USA)
3553,1D9653,6214,DONHAM'S MOBILE SERVICE,NULL,NULL,6,UNITED STATES (USA)
3911,1K9284,6215,"KWIK LOAD, INC.",NULL,NULL,6,UNITED STATES (USA)
5604,1T9981,6216,TITAN TRAILERS,NULL,NULL,6,UNITED STATES (USA)
4475,1M9832,6217,"MIRSBERGER MANUFACTURING, LLC",NULL,NULL,6,UNITED STATES (USA)
2684,1A9809,6218,"ACTION SIGNS AND BILLBOARDS, INC.",NULL,NULL,6,UNITED STATES (USA)
3104,1B9912,6219,BULLETPROOF TRAILERS,NULL,NULL,6,UNITED STATES (USA)
5536,5XF,6220,WACKER NEUSON PRODUCTION AMERICAS LLC,NULL,NULL,6,UNITED STATES (USA)
14070,4B9239,6222,BUILT-RITE FORESTRY EQUIPMENT LLC,NULL,NULL,NULL,NULL
4157,1H9525,6223,HAPPITRAILS TRAILERS LLC,NULL,NULL,6,UNITED STATES (USA)
3440,4C9181,6224,"CUSTOM FARM AND RANCH SUPPLY, LLC",NULL,NULL,6,UNITED STATES (USA)
4360,1N9285,6227,NOR-TECH FABRICATION LLC,NULL,NULL,6,UNITED STATES (USA)
5143,1T9984,6228,"T & T UNLIMITED, LLC",NULL,NULL,6,UNITED STATES (USA)
5366,1V9113,6229,VANTAGE VEHICLE INTERNATIONAL INC.,NULL,NULL,6,UNITED STATES (USA)
4366,1M9835,6233,"MID-ATLANTIC TRANSPORT, INC.",NULL,NULL,6,UNITED STATES (USA)
4520,1P9624,6235,PACIFIC ALOHA INNOVATIONS,NULL,NULL,6,UNITED STATES (USA)
5626,1U9131,6236,ULTRA HAULERS CORP.,NULL,NULL,6,UNITED STATES (USA)
5140,4S9162,6237,SEMEREDY IMPERIAL LLC,NULL,NULL,6,UNITED STATES (USA)
5945,5WP,6238,BAGGETT'S TRAILER CONNECTION LLC,NULL,NULL,6,UNITED STATES (USA)
5266,1T9987,6239,"TRAILER COMPONENTS, INC.",NULL,NULL,6,UNITED STATES (USA)
2670,1A9810,6240,ACCUSTOMX,NULL,NULL,NULL,NULL
4356,1N9244,6241,NY MOTORCYCLE DESIGN,NULL,NULL,6,UNITED STATES (USA)
5660,V69011,6243,TRUCKS & TRAILERS OU,NULL,NULL,55,ESTONIA
5464,1T9988,6244,"TW ENTERPRISES, INC.",NULL,NULL,6,UNITED STATES (USA)
4269,1M9838,6245,MURRAY'S TAG & TITLE SERVICES,NULL,NULL,6,UNITED STATES (USA)
5489,LHA,6246,"SHENZHEN GREENWHEEL ELECTRIC VEHICLE CO., LTD.",NULL,NULL,8,CHINA
4583,TDM,6249,QUANTYA SA,NULL,NULL,50,SWITZERLAND
5282,1R9731,6250,"RONALD J. MENARD ",NULL,NULL,6,UNITED STATES (USA)
4203,1M9926,6252,MAYNARD FAB & TRAILER SALES LLC,NULL,NULL,6,UNITED STATES (USA)
4848,1R9732,6254,"RAYNER EQUIPMENT SYSTEMS, INC.",NULL,NULL,6,UNITED STATES (USA)
3812,1G9460,6256,GENERAL BODY MANUFACTURING COMPANY,NULL,NULL,6,UNITED STATES (USA)
8844,1G9123,6256,GENERAL BODY MANUFACTURING COMPANY,NULL,NULL,6,UNITED STATES (USA)
3247,1E9521,6259,EAGLE FORD TANKS & TRAILERS LLC,NULL,NULL,6,UNITED STATES (USA)
3278,1D9718,6260,"DIAMONDBACK TRAILERS, LLC",NULL,NULL,6,UNITED STATES (USA)
3068,1F9408,6261,"FORTITUDE MANUFACTURING, LLC",NULL,NULL,6,UNITED STATES (USA)
5704,4T9103,6263,"TOURINGPRODUCTS.COM, LLC",NULL,NULL,6,UNITED STATES (USA)
4821,1G9452,6264,GOTWALS BROTHERS LLC,NULL,NULL,6,UNITED STATES (USA)
2907,1F9414,6265,FEHR'S INDUSTRIAL MANUFACTURING LLC,NULL,NULL,6,UNITED STATES (USA)
5872,560,6269,"MASTERCRAFT TOOLS FLORIDA, INC. ",NULL,NULL,6,UNITED STATES (USA)
2968,1F9412,6271,"FLAMING HACKSAW FABRICATION, LLC",NULL,NULL,6,UNITED STATES (USA)
4085,1H9628,6272,HI-RIDE MANUFACTURING LLC,NULL,NULL,6,UNITED STATES (USA)
4703,1Z9422,6274,"QUALITY TRAILER MANUFACTURY, INC.",NULL,NULL,6,UNITED STATES (USA)
3723,1H9646,6301,HUNDRED STUDIO INC,NULL,NULL,6,UNITED STATES (USA)
5271,1R9295,6303,"ROLLING STAR MANUFACTURING, INC.",NULL,NULL,6,UNITED STATES (USA)
3772,3A9168,6305,"INTEGRADORA MAQUIRENT, S.A. DE C.V.",NULL,NULL,12,MEXICO
2996,1E9546,6306,ELITE TOOL LLC,NULL,NULL,6,UNITED STATES (USA)
11905,1E9513,6309,"EVOLUTION TRAILER TECHNOLOGIES, INC.",NULL,NULL,6,UNITED STATES (USA)
9790,1W9524,6313,WICKED DESIGNS LLC,NULL,NULL,6,UNITED STATES (USA)
2647,1D9707,6314,DARK WARRIOR MOTORCYCLE CORP,NULL,NULL,6,UNITED STATES (USA)
2804,1A9909,6316,"ARCH MOTORCYCLE COMPANY, LLC",NULL,NULL,6,UNITED STATES (USA)
3502,1H9613,6317,H & J INVESTMENT DBA ZEUS CHOPPERS,NULL,NULL,6,UNITED STATES (USA)
5533,1W9507,6318,WALDROP'S WELDING & FABRICATION LLC,NULL,NULL,6,UNITED STATES (USA)
5224,3T9026,6319,TANQUES Y EQUIPOS INDUSTRIALES S.A DE C.V.,NULL,NULL,12,MEXICO
5288,4T9092,6320,"TERCO MANUFACTURING, LLC",NULL,NULL,6,UNITED STATES (USA)
5017,3S9078,6321,STRUK AUTO TRANSPORTE SA DE CV,NULL,NULL,12,MEXICO
4089,1L9497,6322,"LONE STAR TRAILER SERVICES, INC.",NULL,NULL,6,UNITED STATES (USA)
3971,4C9303,6324,CHARLES BLASS WELDING LLC,NULL,NULL,6,UNITED STATES (USA)
5285,4T9100,6325,TENNFAB,NULL,NULL,6,UNITED STATES (USA)
5522,4S9285,6326,STEVES WELDING,NULL,NULL,6,UNITED STATES (USA)
4735,55Z,6327,R & M TRAILER MFG. INC.,NULL,NULL,6,UNITED STATES (USA)
5667,4S9300,6328,"SIZEMORE WELDING, INC.",NULL,NULL,6,UNITED STATES (USA)
5869,1M9929,6329,MASTIFF TRAILERS LLC,NULL,NULL,6,UNITED STATES (USA)
14042,7P0,6329,MASTIFF TRAILERS LLC,NULL,NULL,6,UNITED STATES (USA)
3884,1J9416,6330,JMG EQUIPMENT COMPANY,NULL,NULL,6,UNITED STATES (USA)
3760,4B9021,6333,"BAY ENERGY SERVICES, INC.",NULL,NULL,6,UNITED STATES (USA)
2974,1F9415,6336,"FLEET EQUIPMENT, LLC",NULL,NULL,6,UNITED STATES (USA)
3645,56L,6338,BALDOR ELECTRIC COMPANY,NULL,NULL,6,UNITED STATES (USA)
3889,53B,6339,"LGS INDUSTRIES, INC.",NULL,NULL,6,UNITED STATES (USA)
3107,1B9772,6340,"BURCH TANK & TRUCK, INC. (FORMERLY, BURCH WELDING & TANK)",NULL,NULL,6,UNITED STATES (USA)
3828,1J9418,6341,"JIM-N-I, INC.",NULL,NULL,6,UNITED STATES (USA)
4671,1P9712,6346,PENN JERSEY CYCLES LLC,NULL,NULL,6,UNITED STATES (USA)
4216,1L9507,6347,LUX CUSTOMS LLC,NULL,NULL,6,UNITED STATES (USA)
3463,1A9949,6348,"AZ HOLDINGS, INC.",NULL,NULL,6,UNITED STATES (USA)
5221,4T9121,6349,TANKKO LLC,NULL,NULL,6,UNITED STATES (USA)
3081,2GX,6351,BIGFOOT INDUSTRIES (2010) Inc.,NULL,NULL,1,CANADA
11251,2B9006,6351,BIGFOOT INDUSTRIES (2010) Inc.,NULL,NULL,6,UNITED STATES (USA)
4361,1Z9432,6352,OAK & IRON CO.,NULL,NULL,6,UNITED STATES (USA)
4550,3P9034,6355,PURO REMOLQUE S.A. DE C.V.,NULL,NULL,12,MEXICO
4609,LYH,6356,"NINGBO SANJIANG DYKON MOTORCYCLE CO., LTD.",NULL,NULL,8,CHINA
4727,1H9643,6358,HOBBS MANUFACTURING LLC,NULL,NULL,6,UNITED STATES (USA)
2732,4C9328,6359,CARDINAL INDUSTRIES LLC,NULL,NULL,6,UNITED STATES (USA)
3774,1Z9436,6360,INTEGRITY METAL FAB LLC,NULL,NULL,6,UNITED STATES (USA)
5300,4T9130,6361,"TEXSTAR RV AND TRAILERS, INC.",NULL,NULL,6,UNITED STATES (USA)
3155,1A9951,6364,AEROVAULT LLC,NULL,NULL,6,UNITED STATES (USA)
4000,1L9518,6365,LITTLE FOX CAMPERS,NULL,NULL,6,UNITED STATES (USA)
4406,1H9566,6368,HERITAGE ONE RV INC.,NULL,NULL,6,UNITED STATES (USA)
3116,1B9939,6369,BUSHTEC PRODUCTS CORPORATION,NULL,NULL,6,UNITED STATES (USA)
6411,L5T,6372,"YONGKANG MTL METAL PRODUCTS CO., LTD.",NULL,NULL,8,CHINA
2895,1F9382,6373,"FAT GUINEA CUSTOMS, LLC",NULL,NULL,6,UNITED STATES (USA)
2899,1F9384,6375,FATMANCYCLEWORKS,NULL,NULL,6,UNITED STATES (USA)
5090,535,6376,SURE-LOAD TRAILERS,NULL,NULL,6,UNITED STATES (USA)
3819,1G9409,6377,"GENERAL CRANE SERVICE, INC.",NULL,NULL,6,UNITED STATES (USA)
5451,1V9174,6378,"VOGEL TRAFFIC SERVICES, INC.",NULL,NULL,6,UNITED STATES (USA)
3600,1B9955,6381,BRM TRAILERS,NULL,NULL,6,UNITED STATES (USA)
3691,1Z9377,6383,"IMPRESSIVE MOTORSPORTS, LLC",NULL,NULL,6,UNITED STATES (USA)
3874,1J9404,6384,"J&D HYDRAULIC & REPAIR CO., INC.",NULL,NULL,6,UNITED STATES (USA)
5434,4T9022,6385,"THT MANUFACTURING,  INC.",NULL,NULL,6,UNITED STATES (USA)
2858,1F9386,6387,"FAITH FORGOTTEN, LLC",NULL,NULL,6,UNITED STATES (USA)
5507,1T9960,6388,T-RAXX SYSTEMS INC.,NULL,NULL,6,UNITED STATES (USA)
6274,4S9216,6389,"SAFE-T-TANK CORP,",NULL,NULL,6,UNITED STATES (USA)
3431,1B9953,6390,"BOHNENKAMP'S WHITEWATER CUSTOMS, INC.",NULL,NULL,6,UNITED STATES (USA)
4224,1M9870,6391,M & W SHOPS INC. dba MULTI-VAC,NULL,NULL,6,UNITED STATES (USA)
5399,1L9470,6394,ROSS LEVAY dba LEVAY MACHINE CO. LLC,NULL,NULL,6,UNITED STATES (USA)
5402,4S9231,6395,"SPORTWORKS NORTHWEST, INC.",NULL,NULL,6,UNITED STATES (USA)
5565,4T9036,6396,"TRIUNE MANUFACTURING CO., INC.",NULL,NULL,6,UNITED STATES (USA)
3720,53M,6397,"HULL PORTER TRAILERS, INC.",NULL,NULL,6,UNITED STATES (USA)
12003,50J,6397,"HULL PORTER TRAILERS, INC.",NULL,NULL,6,UNITED STATES (USA)
5322,4T9037,6398,THE BRINKMANN CORPORATION,NULL,NULL,6,UNITED STATES (USA)
2988,1F9369,6400,"FLICKER GROUP, INC.",NULL,NULL,6,UNITED STATES (USA)
5442,4S9189,6401,STARFIRE TRAILER SYSTEMS,NULL,NULL,6,UNITED STATES (USA)
3052,1F9372,6402,"FOREMOST TRUCK & TRAILER SPECIALISTS, INC.",NULL,NULL,6,UNITED STATES (USA)
5823,1W9484,6404,WILLIAM N. MASON INC. t/a MASON DRAWN EQUIPMENT,NULL,NULL,6,UNITED STATES (USA)
3466,5ZU,6406,GREENKRAFT INC.,NULL,NULL,6,UNITED STATES (USA)
5010,1P9642,6407,PRECISION BOATWORKS,NULL,NULL,6,UNITED STATES (USA)
3551,1B9874,6408,"BRAMMO, INC.",NULL,NULL,6,UNITED STATES (USA)
3570,51R,6408,"BRAMMO, INC.",NULL,NULL,6,UNITED STATES (USA)
4347,51W,6409,OUTDOORS RV MNUFACTURING INC.,NULL,NULL,6,UNITED STATES (USA)
4624,1N9292,6410,NOGAS LLC,NULL,NULL,6,UNITED STATES (USA)
3225,1F9373,6411,"FREEMYER INDUSTRIAL PRESSURE, LP",NULL,NULL,6,UNITED STATES (USA)
5542,4S9193,6412,SHETRON MANUFACTURING LLC,NULL,NULL,6,UNITED STATES (USA)
6368,1W9482,6413,WOLFE ELECTRIC INC.,NULL,NULL,6,UNITED STATES (USA)
10408,4C9232,6414,"CAROLINA TRAILERS DIRECT, LLC",NULL,NULL,6,UNITED STATES (USA)
10417,1N9297,6415,"NORNBERG TRAILER, INC.",NULL,NULL,6,UNITED STATES (USA)
3666,1Z9352,6416,IMAGINATIVE MANUFACTURING INC.,NULL,NULL,6,UNITED STATES (USA)
6435,LA9XWS,6418,"XIAMEN XIAGONG YUWEI HEAVY INDUSTRY CO., LTD.",NULL,NULL,8,CHINA
2999,1B9962,6422,BIG BOY TRAILERS,NULL,NULL,6,UNITED STATES (USA)
4742,1R9689,6423,R. E . PLANTE COMPANY,NULL,NULL,6,UNITED STATES (USA)
5796,1V9171,6424,STREET CARS BY VOLLA'S CARTS & SERVICE,NULL,NULL,6,UNITED STATES (USA)
5230,1R9687,6427,"ROCKY MOUNTAIN WELDING & FABRICATING, INC.",NULL,NULL,6,UNITED STATES (USA)
5253,4T9038,6428,TRAIL-A-TOY MANUFACTURING CORPORATION,NULL,NULL,6,UNITED STATES (USA)
3914,1G9398,6430,"GENERAL SERVICES, INC.",NULL,NULL,6,UNITED STATES (USA)
2919,1F9358,6432,FIBERTECH SERVICES INC.,NULL,NULL,6,UNITED STATES (USA)
2771,5YH,6433,BESTBILT TRAILERS,NULL,NULL,6,UNITED STATES (USA)
5133,4S9169,6435,SUNSET PARK & RV INC.,NULL,NULL,6,UNITED STATES (USA)
11669,7J3,6435,SUNSET PARK & RV INC.,NULL,NULL,6,UNITED STATES (USA)
5459,4S9105,6436,STEAMROLLER MOTORCYCLE COMPANY LLC,NULL,NULL,6,UNITED STATES (USA)
4882,1R9660,6437,RICHARD CARTER MFG.,NULL,NULL,6,UNITED STATES (USA)
3855,4C9193,6438,"COOKSHACK, INC.",NULL,NULL,6,UNITED STATES (USA)
7240,3DB,6440,IMPLEMENTOS BANENS SA DE CV,NULL,NULL,12,MEXICO
4051,1K9286,6441,KEYSTONE TRAILERS INC.,NULL,NULL,6,UNITED STATES (USA)
3734,4C9284,6444,CERDA INDUSTRIES INC.,NULL,NULL,6,UNITED STATES (USA)
5659,4T9072,6445,"TRANSPORTATION POWER, INC.",NULL,NULL,6,UNITED STATES (USA)
5378,1G9455,6446,VESSEL SERVICE CO.,NULL,NULL,6,UNITED STATES (USA)
6138,1J9394,6447,JEFF NICKLUS DESPERADO MOTORCYCLES LLC,NULL,NULL,6,UNITED STATES (USA)
8007,1D9341,6447,JEFF NICKLUS DESPERADO MOTORCYCLES LLC,NULL,NULL,6,UNITED STATES (USA)
4182,1H9355,6448,"HAUL-ALL, INC.",NULL,NULL,6,UNITED STATES (USA)
3959,1L9428,6449,L&J SUPPLY,NULL,NULL,6,UNITED STATES (USA)
4206,55D,6452,MAXEY WELDING,NULL,NULL,6,UNITED STATES (USA)
9539,5GX,6452,MAXEY WELDING,NULL,NULL,6,UNITED STATES (USA)
3925,1J9390,6460,"JOYHON, INC.",NULL,NULL,6,UNITED STATES (USA)
3912,1L9433,6462,"LIBERTY SEAMLESS ENTERPRISES, INC.",NULL,NULL,6,UNITED STATES (USA)
2773,RG1,6463,APEX MOTOR USA,NULL,NULL,6,UNITED STATES (USA)
2774,5YL,6463,APEX MOTOR USA,NULL,NULL,6,UNITED STATES (USA)
5063,5Z0,6467,ROAD BOSS TRAILER MFG.,NULL,NULL,6,UNITED STATES (USA)
3926,1J9397,6468,JR CUSTOM TRAILERS LLC,NULL,NULL,6,UNITED STATES (USA)
4072,1L9432,6469,LANCE CAMPER MFG. CORP.,NULL,NULL,6,UNITED STATES (USA)
4073,56Y,6469,LANCE CAMPER MFG. CORP.,NULL,NULL,6,UNITED STATES (USA)
4137,1H9558,6470,"H.D. INDUSTRIES, INC.",NULL,NULL,6,UNITED STATES (USA)
5573,1T9969,6473,TRUCK CRANE SOLUTIONS,NULL,NULL,6,UNITED STATES (USA)
4215,1L9439,6474,LAS VEGAS CLASSIC COACH LTD.,NULL,NULL,6,UNITED STATES (USA)
5673,4S9178,6475,SLED SHED ENTERPRISES DBA GREAT LAKES PORTABLE,NULL,NULL,6,UNITED STATES (USA)
9651,1S9858,6475,SLED SHED ENTERPRISES DBA GREAT LAKES PORTABLE,NULL,NULL,6,UNITED STATES (USA)
3708,4C9203,6476,CNC TRAILERS & FABRICATION,NULL,NULL,6,UNITED STATES (USA)
2896,1D9665,6478,"DESIGNLINE USA, LLC",NULL,NULL,6,UNITED STATES (USA)
3776,1B9913,6480,"BE SEEN ADVERTISING AND CUSTOM DESIGNS, INC.",NULL,NULL,6,UNITED STATES (USA)
3942,1J9398,6481,"JWF INDUSTRIES, INC.",NULL,NULL,6,UNITED STATES (USA)
3429,1B9919,6483,"BOB'S CUSTOM CREATIONS, LLC",NULL,NULL,6,UNITED STATES (USA)
5601,51L,6484,"TITAN MANUFACTURING, LLC",NULL,NULL,6,UNITED STATES (USA)
3599,1H9621,6486,HOMETOWN WELDING LLC,NULL,NULL,6,UNITED STATES (USA)
2764,4B9023,6489,"BEST LANE ENTERPRISES INC. ",NULL,NULL,6,UNITED STATES (USA)
7414,1Z9200,6490,"2101, LLC DBA INTERCONTINENTAL TRUCK BODY ",NULL,NULL,6,UNITED STATES (USA)
5138,1G9470,6493,"GIBSON BROTHERS WELDING, INC.",NULL,NULL,6,UNITED STATES (USA)
5540,1T9948,6495,TRILLIUM RV LTD.,NULL,NULL,6,UNITED STATES (USA)
5693,4T9109,6496,TOTEM EQUIPMENT and Supply Inc.,NULL,NULL,6,UNITED STATES (USA)
4739,1J9419,6497,JENNER SALES CORPoration,NULL,NULL,6,UNITED STATES (USA)
3616,4C9322,6500,CASINJAC,NULL,NULL,6,UNITED STATES (USA)
4087,1L9509,6503,LONE STAR GRILLZ AND FABRICATION LLC,NULL,NULL,6,UNITED STATES (USA)
5570,4T9138,6506,"TRUCK BED AND TRAILER SALES, LLC",NULL,NULL,6,UNITED STATES (USA)
4237,1N9339,6509,"NIAGARA FABRICATION, INC.",NULL,NULL,6,UNITED STATES (USA)
3465,1A9940,6513,"AMELIT, INC.",NULL,NULL,6,UNITED STATES (USA)
3055,1E9537,6514,EM TRANSFER COMPANY,NULL,NULL,6,UNITED STATES (USA)
4153,1H9637,6515,HAMMER DOWN CHOPPERS LLC,NULL,NULL,6,UNITED STATES (USA)
2614,1A9970,6518,AMERICAN STAR METAL FABRICATION LLC,NULL,NULL,6,UNITED STATES (USA)
6725,1Z9418,6520,IRON OUTFITTER,NULL,NULL,6,UNITED STATES (USA)
2714,4B9057,6521,"BENNETT'S GARAGE & TOWING, INC.",NULL,NULL,6,UNITED STATES (USA)
4060,4XB,6531,"KING TRAILERS, INC.",NULL,NULL,6,UNITED STATES (USA)
2717,1A9956,6532,"Anderson Custom Iron Works, LLC",NULL,NULL,6,UNITED STATES (USA)
5243,4T9102,6536,"TARTER INDUSTRIES, LLC (TARTER WEST)",NULL,NULL,6,UNITED STATES (USA)
5244,57F,6536,"TARTER INDUSTRIES, LLC (TARTER WEST)",NULL,NULL,6,UNITED STATES (USA)
5081,1P9692,6538,PRO DOG CREATIONS,NULL,NULL,6,UNITED STATES (USA)
4229,1M9846,6543,"M W BOURNE COMPANY, INC.",NULL,NULL,6,UNITED STATES (USA)
2986,1G9454,6545,GANGSTER CHOPPERS INCORPORATED,NULL,NULL,6,UNITED STATES (USA)
3419,1E9533,6546,EDGE MARINE INC.,NULL,NULL,6,UNITED STATES (USA)
5152,1R9747,6548,"ROCK ISLAND Trailer, LLC",NULL,NULL,6,UNITED STATES (USA)
4636,SA9231,6551,PEEL ENGINEERING LIMITED,NULL,NULL,5,UNITED KINGDOM (UK)
4064,1K9331,6552,KINOS CUSTOM CONCEPTS LLC,NULL,NULL,6,UNITED STATES (USA)
5665,4S9314,6555,"SIX GUN WELDING, LLC",NULL,NULL,6,UNITED STATES (USA)
2709,5UZ,6556,"DIAMOND CARGO, LLC",NULL,NULL,6,UNITED STATES (USA)
3267,53N,6556,"DIAMOND CARGO, LLC",NULL,NULL,6,UNITED STATES (USA)
3791,4C9274,6557,"COMMERCIAL TRAILER, LLC",NULL,NULL,6,UNITED STATES (USA)
4716,1Z9438,6558,"QUALITY WELDING & FABRICATION, INC.",NULL,NULL,6,UNITED STATES (USA)
4398,57N,6560,"OMP Specialties, Inc.",NULL,NULL,6,UNITED STATES (USA)
4906,1M9932,6562,"MULTIPHIBIOUS VEHICLE COMPANY, LLC",NULL,NULL,6,UNITED STATES (USA)
6447,1Y9034,6563,"YOUNESSI MOTORS, LLC",NULL,NULL,6,UNITED STATES (USA)
3643,1H9648,6564,"TUF-MANUFACTURING, INC.",NULL,NULL,6,UNITED STATES (USA)
4155,1N9334,6565,NEW AUTOS INC.,NULL,NULL,6,UNITED STATES (USA)
4637,1N9336,6565,NEW AUTOS INC.,NULL,NULL,6,UNITED STATES (USA)
4638,1N9335,6565,NEW AUTOS INC.,NULL,NULL,6,UNITED STATES (USA)
4812,1P9723,6567,"PLATINUM COTTAGES, LLC",NULL,NULL,6,UNITED STATES (USA)
4152,1H9655,6568,HAMMELMANN CORPORATION,NULL,NULL,6,UNITED STATES (USA)
5541,4S9341,6570,SHETRON CUSTOM TRAILERS,NULL,NULL,6,UNITED STATES (USA)
13667,7U7,6571,"VIA MOTORS, INC.",NULL,NULL,NULL,NULL
13668,7VB,6571,"VIA MOTORS, INC.",NULL,NULL,NULL,NULL
4225,1M9965,6579,M Chein Equipment and Logistics,NULL,NULL,6,UNITED STATES (USA)
2704,1A9948,6580,ADVANTAGE CUSTOMS LLC,NULL,NULL,6,UNITED STATES (USA)
5111,1P9592,6583,PRO-FORMANCE MANUFACTING INC.,NULL,NULL,6,UNITED STATES (USA)
4993,4S9348,6585,SPECIALIZED HAULING CONCEPTS LLC,NULL,NULL,6,UNITED STATES (USA)
4623,1P9727,6587,"PEAK INDUSTRIES, INC.",NULL,NULL,6,UNITED STATES (USA)
5588,4S9352,6588,"SILVER RANCH INDUSTRIES, LLC",NULL,NULL,6,UNITED STATES (USA)
4066,1K9336,6589,KIWI AIR LLC,NULL,NULL,6,UNITED STATES (USA)
4572,1P9719,6592,"Palm Beach Golf Cars, LLC",NULL,NULL,6,UNITED STATES (USA)
5427,4S9272,6597,SHELLBOURNE REYNOLDS ENGINEERING LTD.,NULL,NULL,6,UNITED STATES (USA)
5767,1Z9471,6599,ZAKS CUSTOM PITS,NULL,NULL,6,UNITED STATES (USA)
6445,1Y9036,6600,ELWELL ENTERPRISES LLC,NULL,NULL,6,UNITED STATES (USA)
4689,1Z9472,6601,"QUALITY PRODUCT SOLUTIONS, LLC",NULL,NULL,6,UNITED STATES (USA)
2833,1F9370,6602,"VERSATILE TRAILERS, INC",NULL,NULL,6,UNITED STATES (USA)
2835,58X,6602,"VERSATILE TRAILERS, INC",NULL,NULL,6,UNITED STATES (USA)
4788,58W,6603,RAINIER TRUCK AND CHASSIS LLC,NULL,NULL,6,UNITED STATES (USA)
4608,1R9683,6609,R & D BAKER TRAILERS LLC,NULL,NULL,6,UNITED STATES (USA)
4796,4S9226,6611,SOLARES TRAILERS,NULL,NULL,6,UNITED STATES (USA)
4895,1R9688,6613,"READY CUSTOMS, LLC",NULL,NULL,6,UNITED STATES (USA)
4208,1M9878,6615,MATTMAN GLOBAL SPECIALTY VEHICLES,NULL,NULL,6,UNITED STATES (USA)
3273,1D9674,6616,"DUCWORLD, INC.",NULL,NULL,6,UNITED STATES (USA)
2954,1F9389,6617,FINELINE TRAILERS,NULL,NULL,6,UNITED STATES (USA)
5655,4T9032,6618,TOMMY TOW TRAILERS LLC,NULL,NULL,6,UNITED STATES (USA)
4306,XZ1,6619,NOV LUXEMBOURG S.A.,NULL,NULL,10,SOUTH AFRICA
3908,1J9358,6621,JAG MOBILE SOLUTIONS,NULL,NULL,6,UNITED STATES (USA)
3170,4C9249,6622,AUBREY L. CONNER PROPERY LLC dba CONNER FARM AND RANCH SUPPLY,NULL,NULL,6,UNITED STATES (USA)
4427,1H9597,6623,HESTER AND WALTON TAILGATING TRAILERS,NULL,NULL,6,UNITED STATES (USA)
3159,1G9442,6625,GE TRAILERS,NULL,NULL,6,UNITED STATES (USA)
2973,1F9393,6627,FLEET EQUINE LLC,NULL,NULL,6,UNITED STATES (USA)
4309,1L9469,6628,LEGACY RV LLC,NULL,NULL,6,UNITED STATES (USA)
4081,1L9472,6629,LOGAN COACH INC.,NULL,NULL,6,UNITED STATES (USA)
6956,1XU,6629,LOGAN COACH INC.,NULL,NULL,6,UNITED STATES (USA)
11892,59T,6629,LOGAN COACH INC.,NULL,NULL,6,UNITED STATES (USA)
5686,1W9498,6630,"WOODCREDIT, INC. ",NULL,NULL,6,UNITED STATES (USA)
5205,4T9043,6631,TALON TRIKES LLC,NULL,NULL,6,UNITED STATES (USA)
3530,1B9963,6632,B&M PERFORMANCE CYCLES,NULL,NULL,6,UNITED STATES (USA)
5208,4T9027,6633,TAMARACK INDUSTRIES OF AMERICA,NULL,NULL,6,UNITED STATES (USA)
2711,1A9872,6634,AEP NORTH AMERICA,NULL,NULL,6,UNITED STATES (USA)
2786,1E9494,6635,EZ PULL TRAILERS LLC,NULL,NULL,6,UNITED STATES (USA)
4062,1K9308,6638,KINGDOM CUSTOMS MOTORCYCLE COMPANY LLC,NULL,NULL,6,UNITED STATES (USA)
8667,4HX,6639,"CARSON TRAILER, INC.",NULL,NULL,6,UNITED STATES (USA)
3886,1J9407,6640,"J. PATTON AUTOMOTIVE, INC.",NULL,NULL,6,UNITED STATES (USA)
3699,4C9201,6642,"CENTRAL STAR MANUFACTURING, LLC",NULL,NULL,6,UNITED STATES (USA)
3339,5XB,6643,"ELECTRIC CITY MOTORS, NORTH AMERICA, INC.",NULL,NULL,6,UNITED STATES (USA)
3936,1J9400,6646,"JUBILEE MOTOR COMPANY, LLC",NULL,NULL,6,UNITED STATES (USA)
4043,1L9441,6647,LMT INC.,NULL,NULL,6,UNITED STATES (USA)
2737,5ZL,6651,"DHM TRAILERS, INC.",NULL,NULL,6,UNITED STATES (USA)
3806,4C9211,6652,COMPASS NORTH,NULL,NULL,6,UNITED STATES (USA)
3243,1D9664,6653,"DRILLERS MUD SYSTEMS, LLC",NULL,NULL,6,UNITED STATES (USA)
4688,1H9564,6654,"HIRONS MEMORIAL WORKS, INC.",NULL,NULL,6,UNITED STATES (USA)
4713,1P9635,6656,PHOENIX TRAILERS INC.,NULL,NULL,6,UNITED STATES (USA)
3398,LE8,6658,"GUANGZHOU HUAYE ELECTRIC VEHICLE TECHNOLOGY CO., LTD.",NULL,NULL,8,CHINA
5836,JFE,6659,"ZHEJIANG SENLING MOTORCYCLE CO., LTD.",NULL,NULL,8,CHINA
5837,LFE,6659,"ZHEJIANG SENLING MOTORCYCLE CO., LTD.",NULL,NULL,8,CHINA
6184,SA9159,6660,MARTIN CONQUEST LIMITED,NULL,NULL,5,UNITED KINGDOM (UK)
2889,1D9654,6661,DREAM RIDGE DEVELOPMENT CORPORATION,NULL,NULL,6,UNITED STATES (USA)
2890,1D9655,6661,DREAM RIDGE DEVELOPMENT CORPORATION,NULL,NULL,6,UNITED STATES (USA)
5242,4T9002,6662,"TARTER INDUSTRIES, LLC",NULL,NULL,6,UNITED STATES (USA)
2736,1A9828,6663,ANTRIM METAL WORKING & REPAIR LLC,NULL,NULL,6,UNITED STATES (USA)
3424,1G9410,6666,"GREEN POWER TECHNOLOGY, LLC",NULL,NULL,6,UNITED STATES (USA)
5736,4S9182,6668,SMJ TRAILERS LLC,NULL,NULL,6,UNITED STATES (USA)
3434,1A9825,6669,AL'S MOTORSICKLE SHOP INC.,NULL,NULL,6,UNITED STATES (USA)
5941,1B9935,6670,B.T. CUSTOM TRAILER,NULL,NULL,6,UNITED STATES (USA)
2855,515,6673,"FAIRPLAY ELECTRIC CARS, LLC",NULL,NULL,6,UNITED STATES (USA)
10406,4S9183,6674,"SKILES INDUSTRIES, INC.",NULL,NULL,6,UNITED STATES (USA)
3341,1E9466,6675,"ELECTRIC MOBILE CARS, INC.",NULL,NULL,6,UNITED STATES (USA)
4319,1L9451,6676,LEGGETT & PLATT,NULL,NULL,6,UNITED STATES (USA)
4614,1N9290,6677,"NATIONAL VACUUM EQUIPMENT, INC.",NULL,NULL,6,UNITED STATES (USA)
3293,1G9412,6678,GRAND LAKE FABRICATION LLC,NULL,NULL,6,UNITED STATES (USA)
6343,1U9136,6679,UNIQUE CYCLE WORKS INC.,NULL,NULL,6,UNITED STATES (USA)
10407,1G9414,6680,GEM-L INC.,NULL,NULL,6,UNITED STATES (USA)
5867,1M9834,6684,"MARKLAND TRAILERS, LLC",NULL,NULL,6,UNITED STATES (USA)
3445,1A9850,6686,"ALUMACAR USA, LLC",NULL,NULL,6,UNITED STATES (USA)
6302,4S9205,6687,"SHARPE COMPANIES, LLC dba STUMPHOUSE SCOOTS",NULL,NULL,6,UNITED STATES (USA)
2677,1A9811,6688,AMERICANA CHOPPER COMPANY,NULL,NULL,6,UNITED STATES (USA)
5216,L4T,6689,TANK SPORTS INC. a Parent Company of PMI NORTHERN COMPANY LTD.,NULL,NULL,6,UNITED STATES (USA)
5835,L8Y,6691,"ZHEJIANG JONWAY MOTORCYCLE MANUFACTURING CO., LTD.",NULL,NULL,6,UNITED STATES (USA)
4801,4S9202,6694,"SORCE'S TRAILER SALES, INC.",NULL,NULL,6,UNITED STATES (USA)
3690,4C9233,6696,CLEAR CUT FABRICATION INC.,NULL,NULL,6,UNITED STATES (USA)
4463,1H9578,6698,HIGH DESERT GOLF CARS,NULL,NULL,6,UNITED STATES (USA)
3571,52P,6699,BAD BOY ENTERPRISES,NULL,NULL,6,UNITED STATES (USA)
3077,LB5,6700,"FOSHAN FOSTI MOTORCYCLE MANUFACTURING CO., LTD.",NULL,NULL,8,CHINA
3505,527,6703,VANGUARD REEFER TRAILER INC.,NULL,NULL,6,UNITED STATES (USA)
2957,1F9381,6704,"FIRST FUELING SYSTEMS, INC.",NULL,NULL,6,UNITED STATES (USA)
3386,1A9852,6705,ALL BOAT MANUFACTURING,NULL,NULL,6,UNITED STATES (USA)
3239,52S,6706,"EQUUS AUTOMOTIVE, INC.",NULL,NULL,6,UNITED STATES (USA)
2775,1B9947,6707,BESTWAY INC.,NULL,NULL,6,UNITED STATES (USA)
4602,L4G,6708,"QUNSHENG GROUP CO., LTD.",NULL,NULL,8,CHINA
3174,1B9948,6710,"BIRSCHBACH MFG., LLC",NULL,NULL,6,UNITED STATES (USA)
5843,1W9489,6713,WINDY RIDGE FABRICATION,NULL,NULL,6,UNITED STATES (USA)
3136,1B9951,6714,BILLY BOB'S TRAILER MFG.,NULL,NULL,6,UNITED STATES (USA)
2810,1D9679,6715,"DePUY'S CUSTOM CYCLES, INC.",NULL,NULL,6,UNITED STATES (USA)
2869,1F9385,6717,FAST EDDIE'S CUSTOMS AND CLASSICS,NULL,NULL,6,UNITED STATES (USA)
4254,1L9459,6718,LED AUTHORITY,NULL,NULL,6,UNITED STATES (USA)
5405,4S9209,6719,"SPRINGERS CUSTOM CYCLES, LLC",NULL,NULL,6,UNITED STATES (USA)
4757,1L9460,6720,SAPPHIRE SCIENTIFIC,NULL,NULL,6,UNITED STATES (USA)
10424,1Z9371,6721,OLD FIELD MOTORCYCLE MFG.,NULL,NULL,6,UNITED STATES (USA)
5004,1P9651,6722,"PREBOLA PRODUCTS COMPANY, INC.",NULL,NULL,6,UNITED STATES (USA)
2641,1D9663,6723,"DAN'S GOLF CAR AND TRAILER SALES, LLC",NULL,NULL,6,UNITED STATES (USA)
3274,VS9031,6724,"CARROCERIAS AYATS, S.A.",NULL,NULL,26,SPAIN
2874,1F9388,6725,FASTLANE LUBEMASTERS INC./FASTLANE LSV,NULL,NULL,6,UNITED STATES (USA)
2763,53A,6726,"EXTREME WARRIOR RVS OF IDAHO, LLC",NULL,NULL,6,UNITED STATES (USA)
5356,4T9026,6727,"THE PIGGY BACKER COMPANY, INC.",NULL,NULL,6,UNITED STATES (USA)
4136,533,6728,"H&H TRAILERS, LLC",NULL,NULL,6,UNITED STATES (USA)
4302,1L9434,6729,LEFTY BROTHERS CYCLES LLC,NULL,NULL,6,UNITED STATES (USA)
5323,4T9139,6731,THE CHOP SHOP,NULL,NULL,6,UNITED STATES (USA)
4805,4S9316,6733,"SOUTH DADE CHOPPERS, LLC",NULL,NULL,6,UNITED STATES (USA)
3670,4C9175,6735,CATTLE COUNTRY EQUIPMENT,NULL,NULL,6,UNITED STATES (USA)
5471,4T9144,6736,TWISTED IRON CUSTOMS LLC,NULL,NULL,6,UNITED STATES (USA)
3525,1A9873,6741,AWESOME REBUILD,NULL,NULL,6,UNITED STATES (USA)
4276,1M9974,6743,"METALCRAFT TOOL & DIE, INC.",NULL,NULL,6,UNITED STATES (USA)
4685,1H9662,6744,HINTERLAND INDUSTRIES,NULL,NULL,6,UNITED STATES (USA)
5229,1R9779,6745,ROCKY MOUNTAIN TRAILERS,NULL,NULL,6,UNITED STATES (USA)
4329,1Z9466,6747,"OUTBACK SPECIALTIES, LLC",NULL,NULL,6,UNITED STATES (USA)
2653,1D9746,6751,DAVIS INDUSTRIES LLC,NULL,NULL,6,UNITED STATES (USA)
6002,1H9634,6755,"HYDROCAL, LLC",NULL,NULL,6,UNITED STATES (USA)
4776,W09R38,6758,REWACO SPEZIALFAHRZEUGE GMBH,NULL,NULL,2,GERMANY
3795,1Z9450,6759,"Intuitive Control Systems, LLC",NULL,NULL,6,UNITED STATES (USA)
3739,4C9363,6761,CHAHTA ENTERPRISE METAL FABRICATION,NULL,NULL,6,UNITED STATES (USA)
3833,1J9432,6762,"JJ OUTDOOR INDUSTRIES, LLC",NULL,NULL,6,UNITED STATES (USA)
3569,4B9062,6768,BAD 2D BONE TRAILERS INC.,NULL,NULL,6,UNITED STATES (USA)
2921,1F9438,6770,FIDO MOTORS,NULL,NULL,6,UNITED STATES (USA)
4883,1R9737,6771,RICHWAY INDUSTRIES,NULL,NULL,6,UNITED STATES (USA)
3829,1J9434,6772,JIM'S ENTERPRISE,NULL,NULL,6,UNITED STATES (USA)
3079,1A9974,6773,ARMOR INC.,NULL,NULL,6,UNITED STATES (USA)
5687,1U9158,6774,UNRUH MANUFACTURING,NULL,NULL,6,UNITED STATES (USA)
4326,1L9528,6776,LEON'S WELDING & FABRICATION LLC,NULL,NULL,6,UNITED STATES (USA)
2798,4C9376,6778,CROSS PISTONS CUSTOM DESIGN,NULL,NULL,6,UNITED STATES (USA)
3191,4C9368,6779,"CT&E, LLC",NULL,NULL,6,UNITED STATES (USA)
4139,1H9666,6780,HAHM EV CORPORATION,NULL,NULL,6,UNITED STATES (USA)
5569,4T9149,6785,TROUBADOUR TRAILERS LLC,NULL,NULL,6,UNITED STATES (USA)
4754,1R9774,6788,"RAD CUSTOMS, LLC",NULL,NULL,6,UNITED STATES (USA)
4709,1Z9475,6789,QUALITY TRAILERS INC,NULL,NULL,6,UNITED STATES (USA)
3205,4C9366,6791,"C B REPAIR & TRAILER MAINTENANCE, INC.",NULL,NULL,6,UNITED STATES (USA)
5460,4T9140,6793,TUMBLE WEED TINY HOUSE COMPANY,NULL,NULL,6,UNITED STATES (USA)
3923,3J9059,6795,JOSE ANTONIO MEDINA PEGRAM,NULL,NULL,12,MEXICO
3822,LXR,6798,"JIANGSU XINRI E-VEHICLE CO.,LTD.",NULL,NULL,8,CHINA
5379,4T9171,6799,THE RV FACTORY LLC,NULL,NULL,6,UNITED STATES (USA)
3305,1E9563,6801,"EH CONCEPTS, LTD.",NULL,NULL,6,UNITED STATES (USA)
3151,1D9755,6802,"DYNAMIC TRAILERS, LLC",NULL,NULL,6,UNITED STATES (USA)
4951,1R9785,6803,ROSS MOTORCYCLES LLC,NULL,NULL,6,UNITED STATES (USA)
5390,4T9172,6804,THE TRAILER SHOP,NULL,NULL,6,UNITED STATES (USA)
3650,1Z9312,6806,INNOVATIVE STRUCTURE & DESIGN,NULL,NULL,6,UNITED STATES (USA)
3531,1D9757,6807,"DMP AWNINGS, LLC",NULL,NULL,6,UNITED STATES (USA)
5833,1W9561,6814,"LANG SPECIALTY TRAILERS, LLC",NULL,NULL,6,UNITED STATES (USA)
6685,4C9357,6815,"VALLEY TRAILERS DIVISION OF CREATIVE FAB & WELDING, LLC",NULL,NULL,6,UNITED STATES (USA)
13879,7X6,6815,"VALLEY TRAILERS DIVISION OF CREATIVE FAB & WELDING, LLC",NULL,NULL,6,UNITED STATES (USA)
3157,1A9830,6817,AFAB PETROLEUM EQUIPMENT & STEEL FABRICATION,NULL,NULL,6,UNITED STATES (USA)
3818,LXE,6820,"JIANGSU SINSKI VEHICLE SCIENCE & TECHNOLOGY CO., LTD.",NULL,NULL,8,CHINA
10830,1D9150,6821,D & K TRAILERS INC.,NULL,NULL,6,UNITED STATES (USA)
4241,1L9445,6822,"LB TELESYSTEMS, INC.",NULL,NULL,NULL,NULL
4312,LVN,6823,NOGAS ELECTRIC SCOOTER CO.,NULL,NULL,6,UNITED STATES (USA)
5279,4T9005,6824,TEJAS TRAILERS,NULL,NULL,6,UNITED STATES (USA)
2920,5ZW,6826,"EVERGREEN RECREATIONAL VEHICLES, LLC ",NULL,NULL,6,UNITED STATES (USA)
3918,586,6826,"EVERGREEN RECREATIONAL VEHICLES, LLC ",NULL,NULL,6,UNITED STATES (USA)
4886,1R9667,6827,RIECHER'S TRUCK BODY & EQUIPMENT CO.,NULL,NULL,6,UNITED STATES (USA)
6442,510,6832,"YAKIMA PRODUCTS, INC.",NULL,NULL,6,UNITED STATES (USA)
5902,5WT,6834,APTERA MOTORS CORP.,NULL,NULL,6,UNITED STATES (USA)
5630,1U9134,6835,UNIQUE FABRICATIONS INC.,NULL,NULL,6,UNITED STATES (USA)
4057,1L9447,6839,LAMPI EQUIPMENT INC.,NULL,NULL,6,UNITED STATES (USA)
4480,511,6840,MIZER MOTOR WORKS INCORPORATED,NULL,NULL,6,UNITED STATES (USA)
4679,1Z9362,6844,CUSTOM QUALITY CONCESSION & BBQ TRAILERS INC,NULL,NULL,6,UNITED STATES (USA)
2972,1E9338,6845,E-W TRAILERS,NULL,NULL,6,UNITED STATES (USA)
3113,1B9786,6846,BURKE ENTERPRISES,NULL,NULL,6,UNITED STATES (USA)
4752,1R9534,6847,RACING LIZARD CHOPPER,NULL,NULL,6,UNITED STATES (USA)
2955,1F9301,6848,"FIREBIRD CUSTOM CHOPPERS, LLC",NULL,NULL,6,UNITED STATES (USA)
9536,1M9731,6850,MARK TAYLOR ENTERPRISES,NULL,NULL,6,UNITED STATES (USA)
9596,1Z9256,6851,INFAMOUS MOTORCYCLE COMPANY,NULL,NULL,6,UNITED STATES (USA)
7399,1F9252,6852,FOUR HORSEMEN MOTORCYCLES LLC,NULL,NULL,6,UNITED STATES (USA)
9604,1M9304,6852,FOUR HORSEMEN MOTORCYCLES LLC,NULL,NULL,6,UNITED STATES (USA)
4290,1H9483,6853,"HEDERER BUILT MFG., INC.",NULL,NULL,6,UNITED STATES (USA)
6918,1D9495,6854,DYNATEST NORTH AMERICA,NULL,NULL,6,UNITED STATES (USA)
6087,1H9467,6855,HANCOCK INDUSTRIES,NULL,NULL,6,UNITED STATES (USA)
5880,1A9684,6856,ALUMINEX FABRICATION,NULL,NULL,6,UNITED STATES (USA)
5552,1S9984,6858,SIBERIAN TRAILERS,NULL,NULL,6,UNITED STATES (USA)
4196,1H9494,6860,"HAWAIIAN CHARIOT WHEELCHAIR MOTORBIKES, LLC",NULL,NULL,6,UNITED STATES (USA)
2981,4CG,6863,"FTCA, INC.",NULL,NULL,6,UNITED STATES (USA)
3057,4CS,6863,"FTCA, INC.",NULL,NULL,6,UNITED STATES (USA)
4588,1N9287,6866,NASH CAR TRAILER CORPORATION,NULL,NULL,6,UNITED STATES (USA)
3331,1D9657,6870,DP MANUFACTURING LLC,NULL,NULL,6,UNITED STATES (USA)
4369,1M9866,6873,"MID-STATE TANK COMPANY, INC.",NULL,NULL,6,UNITED STATES (USA)
4800,536,6874,RANGER TRAILERS,NULL,NULL,6,UNITED STATES (USA)
6272,534,6875,S C TRAILERS,NULL,NULL,6,UNITED STATES (USA)
3376,LB4,6877,"CHONGQING D-CHAMWIN MOTOR TECHNOLOGY CO.,LTD.",NULL,NULL,8,CHINA
4238,1L9465,6879,"LAWLESS WELDING, INC",NULL,NULL,6,UNITED STATES (USA)
4804,1N9301,6884,"NEO CLASSIC MANUFACTURING, LLC",NULL,NULL,6,UNITED STATES (USA)
4870,1P9653,6885,"POKER CLOTHING, INC. dba WARRIOR LIFESTYLES",NULL,NULL,6,UNITED STATES (USA)
4707,1H9589,6886,HJ CUSTOMS,NULL,NULL,6,UNITED STATES (USA)
4710,1H9588,6886,HJ CUSTOMS,NULL,NULL,6,UNITED STATES (USA)
2834,1E9472,6887,"EV AMERICA, LLC",NULL,NULL,6,UNITED STATES (USA)
3250,1E9474,6888,ERIE ALUMINUM PRODUCTS,NULL,NULL,6,UNITED STATES (USA)
4350,1N9322,6890,"NOMAD GLOBAL COMUNICATION SOLUTIONS (GCS), INC.",NULL,NULL,6,UNITED STATES (USA)
4167,1N9305,6892,NEW MEXICO STEEL FABRICATORS INC.,NULL,NULL,6,UNITED STATES (USA)
5503,52A,6893,"TRAVELMATE, LLC",NULL,NULL,6,UNITED STATES (USA)
4881,1M9873,6894,"MUD TECHNOLOGY INTERNATIONAL, INC.",NULL,NULL,6,UNITED STATES (USA)
3212,4C9241,6895,"C.D. HILL ENTERPRISES, INC. ",NULL,NULL,6,UNITED STATES (USA)
3625,1B9945,6897,CHARLES L WHIGHAM SR DBA BEST BUILT TRAILER,NULL,NULL,6,UNITED STATES (USA)
4294,1M9872,6898,"MUTTER'S CYCLE SUPPLY, INC. ",NULL,NULL,6,UNITED STATES (USA)
3111,1B9960,6899,BURCHLAND MANUFACTURING INC.,NULL,NULL,6,UNITED STATES (USA)
3811,4C9049,6900,CONCEPT PRODUCTS CORPORATION,NULL,NULL,6,UNITED STATES (USA)
4041,1L9094,6901,"LAKESIDE TRAILER MANUFACTURING, INC.",NULL,NULL,6,UNITED STATES (USA)
3743,1H9593,6902,HUNS MOTORCYCLE MANUFACTURING,NULL,NULL,6,UNITED STATES (USA)
5439,RFR,6903,STANDARD MOTOR CORPORATION,NULL,NULL,4,TAIWAN
5605,4T9044,6905,"TITAN UTV, LLC",NULL,NULL,6,UNITED STATES (USA)
5559,4S9224,6906,SICON,NULL,NULL,6,UNITED STATES (USA)
4813,1G9438,6907,"GRAETZ MANUFACTURING, INC.",NULL,NULL,6,UNITED STATES (USA)
3148,KLP,6909,"CT&T AMERICA, INC.",NULL,NULL,15,SOUTH KOREA
6120,1W9495,6910,"WORLDWIDE TRAILER MANUFACTURING, INC.",NULL,NULL,6,UNITED STATES (USA)
5628,1U9143,6911,"ULTRA TRAILER CO., INC.",NULL,NULL,6,UNITED STATES (USA)
4253,1D9151,6912,LECTRUS CORPORATION,NULL,NULL,6,UNITED STATES (USA)
5267,4T9041,6913,TRAILER FRANCHISE,NULL,NULL,6,UNITED STATES (USA)
5245,4T9040,6914,TATE'S CUSTOMIZATIONS,NULL,NULL,6,UNITED STATES (USA)
11948,1G9296,6915,"GREEN VALLEY MANUFACTURING, INC.",NULL,NULL,6,UNITED STATES (USA)
4996,1P9649,6916,"PRATT & WHITNEY POWER SYSTEMS, INC.",NULL,NULL,6,UNITED STATES (USA)
5408,4T9033,6917,"THOMPSON CHOPPERS, LLC",NULL,NULL,6,UNITED STATES (USA)
6712,5FT,6919,"FELLING TRAILERS, INC.",NULL,NULL,6,UNITED STATES (USA)
11376,1F9072,6919,"FELLING TRAILERS, INC.",NULL,NULL,6,UNITED STATES (USA)
3673,4C9253,6921,"CLAY'S TRAILER SALES, LLC",NULL,NULL,6,UNITED STATES (USA)
3674,55J,6921,"CLAY'S TRAILER SALES, LLC",NULL,NULL,6,UNITED STATES (USA)
5151,1R9693,6923,"ROCKANDROD LLC ",NULL,NULL,6,UNITED STATES (USA)
3345,1B9934,6924,BLUE GHOST CYCLES,NULL,NULL,6,UNITED STATES (USA)
4668,1P9663,6925,"PELLETIER MANUFACTURING, INC.",NULL,NULL,6,UNITED STATES (USA)
3065,1F9394,6926,FORMULA TRAILERS LLC,NULL,NULL,6,UNITED STATES (USA)
5437,4S9096,6927,"SS TRIKE, LLC",NULL,NULL,6,UNITED STATES (USA)
3920,1L9468,6930,"LIFETIME PRODUCTS GROUP, INC.",NULL,NULL,6,UNITED STATES (USA)
5422,L13,6931,"SHANDONG BAOYA NEW ENERGY VEHICLE CO., LTD.",NULL,NULL,8,CHINA
3232,1P9654,6934,ALAN AUTOSPORTS,NULL,NULL,6,UNITED STATES (USA)
5819,1W9231,6937,WILD WEST MOTOR COMPANY,NULL,NULL,6,UNITED STATES (USA)
3221,1F9395,6938,FIREBLAST 451 INC.,NULL,NULL,6,UNITED STATES (USA)
4753,1P9738,6948,PINE CONE LOW SPEED LLC,NULL,NULL,6,UNITED STATES (USA)
5720,4S9364,6950,SOUTHERN DIMENSIONS GROUP INC.,NULL,NULL,6,UNITED STATES (USA)
4599,1Z9477,6952,QUIXOTE MM LLC,NULL,NULL,6,UNITED STATES (USA)
3102,4B9074,6973,"BULK TEK MANUFACTURING, INC.",NULL,NULL,6,UNITED STATES (USA)
4200,1M9982,6975,MB&G OILFIELD FABRICATION,NULL,NULL,6,UNITED STATES (USA)
2745,4C9380,6976,"CROSS TRAILER MANUFACTURING & SALES, LLC",NULL,NULL,6,UNITED STATES (USA)
2801,4C9381,6977,CAPITAL PUMP & EQUIPMENT,NULL,NULL,6,UNITED STATES (USA)
3500,4C9345,6979,"CIF INDUSTRIES, INC.",NULL,NULL,6,UNITED STATES (USA)
3563,4B9072,6981,BACK YARD CHOPPERS,NULL,NULL,6,UNITED STATES (USA)
11612,4M9105,6985,"MOTIV POWER SYSTEMS, INC.",NULL,NULL,6,UNITED STATES (USA)
3279,597,6986,DIAMOND CITY TRAILER,NULL,NULL,6,UNITED STATES (USA)
6700,ABT,6986,DIAMOND CITY TRAILER,NULL,NULL,6,UNITED STATES (USA)
5508,4T9165,6987,"TREAD WAREHOUSE, INC.",NULL,NULL,6,UNITED STATES (USA)
4660,1M9527,6988,"JCH SOLUTIONS INC. (previously known as Mace Welding & Fabrication, Inc.)",NULL,NULL,6,UNITED STATES (USA)
4071,1K9345,6990,KLD ENERGY TECHNOLOGIES,NULL,NULL,6,UNITED STATES (USA)
4074,1K9342,6990,KLD ENERGY TECHNOLOGIES,NULL,NULL,6,UNITED STATES (USA)
4705,1P9741,6991,"PHILLIPS DIVERSIFIED MANUFACTURING, INC.",NULL,NULL,6,UNITED STATES (USA)
3852,1RZ,6992,"CON-WAY MANUFACTURING, INC.",NULL,NULL,6,UNITED STATES (USA)
4900,598,6993,POOL TRAILER DESIGN,NULL,NULL,6,UNITED STATES (USA)
4693,1P9742,6994,PETROBULL SALES LLC,NULL,NULL,6,UNITED STATES (USA)
4528,1N9331,6995,NORTHWEST ALUMINUM TRAILERS,NULL,NULL,6,UNITED STATES (USA)
10405,1T9974,6997,"TRAILERING DEPOT, LLC",NULL,NULL,6,UNITED STATES (USA)
5735,5YT,6998,SMILEY RILEY'S TRAILER MANUFACTURING,NULL,NULL,6,UNITED STATES (USA)
3980,1L9438,6999,"LIQUID ASPHALT SYSTEMS, INC.",NULL,NULL,6,UNITED STATES (USA)
3808,4C9197,7000,"COMPLETE FLEET SERVICES, INC",NULL,NULL,6,UNITED STATES (USA)
4741,1H9554,7001,HOG HAULIN INC.,NULL,NULL,6,UNITED STATES (USA)
3987,1K9288,7003,"KDZ KUSTOMS, LLC",NULL,NULL,6,UNITED STATES (USA)
4639,1P9626,7004,PURDYBILT BY UPSCO LLC,NULL,NULL,6,UNITED STATES (USA)
6118,1W9477,7007,WORK EASY TRAILERS LLC,NULL,NULL,6,UNITED STATES (USA)
2802,1E9449,7008,"ESSEX PERFORMANCE BOATS, INC.",NULL,NULL,6,UNITED STATES (USA)
3199,1E9440,7009,EAGLE  WELDING & MACHINE LL.,NULL,NULL,6,UNITED STATES (USA)
2723,4C9200,7012,"CAR REPLICA TRAILERS, LLC",NULL,NULL,6,UNITED STATES (USA)
5676,1T9992,7014,TOP DOG ALUMINUM,NULL,NULL,6,UNITED STATES (USA)
5419,1T9970,7015,THREE TWO CHOPPERS LLC,NULL,NULL,6,UNITED STATES (USA)
5404,4S9176,7017,"SPRAYING DEVICES, INC.",NULL,NULL,6,UNITED STATES (USA)
5575,1T9991,7018,TRIKES-R-US,NULL,NULL,6,UNITED STATES (USA)
3162,1B9923,7019,BYC,NULL,NULL,6,UNITED STATES (USA)
2625,5YX,7020,AMERICAN SPORTWORKS,NULL,NULL,6,UNITED STATES (USA)
6395,1T9998,7023,TOY TOTERS INC.,NULL,NULL,6,UNITED STATES (USA)
6122,4MV,7024,"WORTHINGTON WELDING, INC. ",NULL,NULL,6,UNITED STATES (USA)
8708,1W9003,7024,"WORTHINGTON WELDING, INC. ",NULL,NULL,6,UNITED STATES (USA)
3320,1E9443,7026,EASYRIDER MOTORCYCLE COMPANY,NULL,NULL,6,UNITED STATES (USA)
3323,1E9444,7026,EASYRIDER MOTORCYCLE COMPANY,NULL,NULL,6,UNITED STATES (USA)
4832,1R9616,7027,RAT KING KUSTOMZ,NULL,NULL,6,UNITED STATES (USA)
4836,1R9615,7027,RAT KING KUSTOMZ,NULL,NULL,6,UNITED STATES (USA)
5670,4S9160,7028,SKUNK MOTORSPORTS INC,NULL,NULL,6,UNITED STATES (USA)
4575,1P9636,7029,"PALMETTO PRECISION MACHINING, INC.",NULL,NULL,6,UNITED STATES (USA)
6004,1G9401,7030,"GATEWAY MATERIALS, INC.",NULL,NULL,6,UNITED STATES (USA)
5157,1T9971,7032,TAG-A-LONG TRAILERS,NULL,NULL,6,UNITED STATES (USA)
4846,5ZR,7033,"MOTOADVENT, INC.",NULL,NULL,6,UNITED STATES (USA)
4744,1R9652,7034,R.J. STROUP TOOL AND DIE,NULL,NULL,6,UNITED STATES (USA)
7351,1G9302,7035,BHP INC D/B/A,NULL,NULL,6,UNITED STATES (USA)
4678,1P9668,7036,"PERKINS-T.P. TRAILERS, INC.",NULL,NULL,5,UNITED KINGDOM (UK)
3002,1B9927,7037,BRUMBY IRON HORSE CYCLES LLC,NULL,NULL,5,UNITED KINGDOM (UK)
5146,1R9668,7042,ROCKY MOUNTAIN MANUFACTURING,NULL,NULL,6,UNITED STATES (USA)
2720,1D9667,7043,DETROIT CUSTOM CHASSIS,NULL,NULL,6,UNITED STATES (USA)
4061,517,7044,"KING AMERICAN, LLC",NULL,NULL,6,UNITED STATES (USA)
5829,1W9480,7045,"WILSON STEEL PRODUCTS CO., INC.",NULL,NULL,6,UNITED STATES (USA)
4054,LBX,7046,"KINROAD XINTIAN MOTORCYCLE MANUFACTURE CO., LTD.",NULL,NULL,8,CHINA
4235,1H9622,7051,HCL TRUCK EQUIPMENT INC.,NULL,NULL,6,UNITED STATES (USA)
4076,1L9448,7052,"LOAD TECHNOLOGY, INC.",NULL,NULL,6,UNITED STATES (USA)
2713,1D9670,7053,DETECT INC.,NULL,NULL,6,UNITED STATES (USA)
3009,4C9215,7054,"CALIFORNIA TRAILER WORKS, INC.",NULL,NULL,6,UNITED STATES (USA)
2847,1D9669,7055,"DESIGN CONCEPTS MANUFACTURING, INC.",NULL,NULL,6,UNITED STATES (USA)
4817,1G9408,7056,GRABILL RV MANUFACTURING COMPANY,NULL,NULL,6,UNITED STATES (USA)
5295,4T9007,7057,"TETON BUILDINGS, LLC",NULL,NULL,6,UNITED STATES (USA)
3351,LLC,7058,"CHONGQING LONCIN MOTOR CO., LTD",NULL,NULL,8,CHINA
6079,1E9463,7059,EP DESIGN,NULL,NULL,6,UNITED STATES (USA)
5041,1R9669,7060,ROAR MOTORCYCLES LLC,NULL,NULL,6,UNITED STATES (USA)
4453,1H9599,7062,"HIGHWAY PRODUCTS, INC.",NULL,NULL,6,UNITED STATES (USA)
2839,4C9257,7063,"CAROLINA CUSTOM PRODUCTS, INC.",NULL,NULL,6,UNITED STATES (USA)
3167,1A9861,7064,ATLAS CUSTOM TRAILERS INC.,NULL,NULL,6,UNITED STATES (USA)
3647,1H9601,7065,HY-TECH TRUCK & TRAILER MFG LLC,NULL,NULL,6,UNITED STATES (USA)
4299,1M9886,7066,"MVL ENTERPRISES, LP ",NULL,NULL,6,UNITED STATES (USA)
3958,1L9473,7067,L&B CONEPTS LLC dba SCOOTERBILT MANUFACTURING,NULL,NULL,6,UNITED STATES (USA)
4330,1N9306,7068,NOMA FABRICATION,NULL,NULL,6,UNITED STATES (USA)
3421,53W,7069,DOMINE ENTERPRISES LLC,NULL,NULL,6,UNITED STATES (USA)
5995,1Z9391,7071,IRISH HILL CHOPPERS,NULL,NULL,6,UNITED STATES (USA)
3123,1A9876,7072,"ASHCROFT ENTERPRISES, LLC",NULL,NULL,6,UNITED STATES (USA)
2642,1A9875,7073,AMERICAN TEARDROP,NULL,NULL,6,UNITED STATES (USA)
2626,1D9689,7074,DANCO PRODUCTS INC,NULL,NULL,6,UNITED STATES (USA)
3388,1A9871,7075,ALL DAY LAWN CARE,NULL,NULL,6,UNITED STATES (USA)
4560,8A90ME,7076,QM EQUIPMENT S.A.,NULL,NULL,17,ARGENTINA
5101,4S9239,7077,"SUWANEE CAMPER, LLC",NULL,NULL,6,UNITED STATES (USA)
5066,1P9673,7078,"PREMIER FABRICATORS, LLC",NULL,NULL,6,UNITED STATES (USA)
5794,4S9248,7081,STREAMLINE PRECISION,NULL,NULL,6,UNITED STATES (USA)
5290,4T9035,7083,TEXAS TRAILERS SALES AND SERVICE,NULL,NULL,6,UNITED STATES (USA)
4806,54B,7084,"NEO MANUFACTURING, LLC",NULL,NULL,6,UNITED STATES (USA)
4642,1P9675,7085,PURPLE CHOPPER LLC,NULL,NULL,6,UNITED STATES (USA)
5725,1W9479,7086,"WES MOR CRYOGENIC MANUFACTURING, LTD.",NULL,NULL,6,UNITED STATES (USA)
5047,1R9701,7087,ROAD WARRIOR SPORTS LLC,NULL,NULL,6,UNITED STATES (USA)
4069,1K9309,7088,KL WELDING & REPAIR LLC,NULL,NULL,6,UNITED STATES (USA)
4321,1L9477,7089,LEGION MOTORCYCLE COMPANY LLC,NULL,NULL,6,UNITED STATES (USA)
4324,1L9478,7089,LEGION MOTORCYCLE COMPANY LLC,NULL,NULL,6,UNITED STATES (USA)
3523,1D9692,7091,DLW PAYLESS TRANSMISSIONS LLC,NULL,NULL,6,UNITED STATES (USA)
10420,1P9674,7092,"PJ WOODWORK, LLC",NULL,NULL,6,UNITED STATES (USA)
4791,1R9705,7096,RAM TRANSCORP LLC,NULL,NULL,6,UNITED STATES (USA)
3023,1E9495,7097,ELLINGTON INDUSTRIAL SUPPLY INC.,NULL,NULL,6,UNITED STATES (USA)
5158,1R9702,7098,"ROBIN CONSTRUCTION, LLC",NULL,NULL,6,UNITED STATES (USA)
7679,45W,7099,UTILIMASTER CORPORATION,NULL,NULL,6,UNITED STATES (USA)
7680,45V,7099,UTILIMASTER CORPORATION,NULL,NULL,6,UNITED STATES (USA)
5125,4S9243,7100,SYNERGY TRAILER COMPANY,NULL,NULL,6,UNITED STATES (USA)
4044,1L9476,7101,"LO-PRO FLUID TRANSPORTS, LLC",NULL,NULL,6,UNITED STATES (USA)
3648,1Z9383,7102,IDEAL MANUFACTURING INC.,NULL,NULL,6,UNITED STATES (USA)
5432,1V9180,7103,"VIKING-CIVES MIDWEST, INC.",NULL,NULL,6,UNITED STATES (USA)
3214,4C9266,7104,"C.W. SERVICES, INC.",NULL,NULL,6,UNITED STATES (USA)
4852,4S9249,7105,"SOUTHERN FIELD WELDING, LLC",NULL,NULL,6,UNITED STATES (USA)
3726,1Z9399,7108,INDUSTRIAL ENGINEERING COMPANY,NULL,NULL,6,UNITED STATES (USA)
5309,4S9250,7109,"SVI, INC.",NULL,NULL,6,UNITED STATES (USA)
5327,4S9251,7109,"SVI, INC.",NULL,NULL,6,UNITED STATES (USA)
10432,1W9508,7112,"WOODY'S DODGE JEEP EAGLE, INC.",NULL,NULL,6,UNITED STATES (USA)
5107,4S9261,7115,SPEED DRIVEN SUPPLY,NULL,NULL,6,UNITED STATES (USA)
10430,1N9316,7116,"NACOGDOCHES IRON WORKS, INC.",NULL,NULL,6,UNITED STATES (USA)
13555,1N9431,7116,"NACOGDOCHES IRON WORKS, INC.",NULL,NULL,NULL,NULL
5789,1W9513,7117,"WIECHELMAN REPAIR, INC.",NULL,NULL,6,UNITED STATES (USA)
4920,1M9273,7118,"MULTITEK NORTH AMERICA, LLC",NULL,NULL,6,UNITED STATES (USA)
5479,4T9065,7119,TIGHT LINES TRAILERS LLC,NULL,NULL,6,UNITED STATES (USA)
4292,1N9317,7121,NORWALK PRECAST MOLDS INC.,NULL,NULL,6,UNITED STATES (USA)
5346,4T9056,7122,THE FACTORY METAL WORKS,NULL,NULL,6,UNITED STATES (USA)
5348,4T9055,7122,THE FACTORY METAL WORKS,NULL,NULL,6,UNITED STATES (USA)
5647,1U9146,7123,UNIVERSAL HOVERCRAFT,NULL,NULL,6,UNITED STATES (USA)
5043,1R9700,7124,ROADWAY UTILITY TRAILERS,NULL,NULL,6,UNITED STATES (USA)
3180,1E9500,7125,"E.P. INDUSTRIES, INC.",NULL,NULL,6,UNITED STATES (USA)
5457,4T9034,7126,"TUFF-GO, INC.",NULL,NULL,6,UNITED STATES (USA)
5054,1P9743,7136,PRECISION TRAILERS LLC,NULL,NULL,6,UNITED STATES (USA)
11625,7KL,7136,PRECISION TRAILERS LLC,NULL,NULL,6,UNITED STATES (USA)
5163,2P9004,7145,T & M MFG. INC. (FORMERLY PRINCETON MACHINE),NULL,NULL,1,CANADA
4186,1N9344,7146,NEW WAVE TEARDROP CAMPERS LLC,NULL,NULL,6,UNITED STATES (USA)
12455,1N9411,7146,NEW WAVE TEARDROP CAMPERS LLC,NULL,NULL,6,UNITED STATES (USA)
3306,1G9500,7152,GREASYHILL CUSTOMS,NULL,NULL,6,UNITED STATES (USA)
6785,50S,7156,MOBILITY TECHNOLOGIES LLC,NULL,NULL,6,UNITED STATES (USA)
4451,1H9670,7157,HIGHLINE TRAILERS,NULL,NULL,6,UNITED STATES (USA)
4901,1M9940,7158,MUDDY RIVER MANUFACTURING LLC,NULL,NULL,6,UNITED STATES (USA)
3309,1E9530,7159,"EL TIRON CUSTOM TRAILERS, LLC",NULL,NULL,6,UNITED STATES (USA)
4743,4S9370,7161,SANKEPALLY MOTOR COMPANY LLC,NULL,NULL,6,UNITED STATES (USA)
2749,4C9385,7162,"CARGO TRAILER SALES, INC.",NULL,NULL,6,UNITED STATES (USA)
4368,1M9987,7163,MIDSOUTH GOLF CARTS,NULL,NULL,6,UNITED STATES (USA)
4505,1N9346,7164,NORTHERN GOLF CARS INC,NULL,NULL,6,UNITED STATES (USA)
2617,1A9987,7167,"AMERICAN STEEL FABRICATORS, INC.",NULL,NULL,6,UNITED STATES (USA)
8523,1R9797,7168,RATE INC. (dba RANDCO TANKS),NULL,NULL,6,UNITED STATES (USA)
3350,1G9497,7170,GREAT LAKES TEARDROPS LC,NULL,NULL,6,UNITED STATES (USA)
4917,1R9783,7173,RIVERSIDE CUSTOM KARTS LLC,NULL,NULL,6,UNITED STATES (USA)
6707,ZA9F76,7176,PAGANI SPA,NULL,NULL,9,ITALY
8952,1R9784,7177,RAFTER M TRAILERS INC,NULL,NULL,6,UNITED STATES (USA)
3696,1Z9427,7183,"INDEPENDENT PROTECTION COMPANY, INC.",NULL,NULL,6,UNITED STATES (USA)
4838,1G9502,7187,"GIRTZ INDUSTRIES, INC. ",NULL,NULL,6,UNITED STATES (USA)
5913,1B9931,7189,BOULDER CHOPPERS INC.,NULL,NULL,6,UNITED STATES (USA)
2673,1A9833,7190,ACE OF SPADES INC.,NULL,NULL,NULL,NULL
3086,RPG,7191,GCK INDUSTRIAL USA,NULL,NULL,38,VIETNAM
3969,1L9401,7193,"LIMOS BY TIFFANY, INC.",NULL,NULL,6,UNITED STATES (USA)
3018,1E9457,7195,ELK VALLEY TRAILER MFG.,NULL,NULL,6,UNITED STATES (USA)
5908,L43,7197,"ZHEJIANG LONGWISE TECHNOLOGY CO., LTD.",NULL,NULL,8,CHINA
6439,5ZZ,7199,"XTREME GREEN PRODUCTS, INC.",NULL,NULL,6,UNITED STATES (USA)
11497,53R,7199,"XTREME GREEN PRODUCTS, INC.",NULL,NULL,6,UNITED STATES (USA)
4649,1M9850,7201,MOBILE TECHNOLOGIES GROUP INC.,NULL,NULL,6,UNITED STATES (USA)
3831,LV7,7203,"JINAN QINGQI MOTORCYCLE CO., LTD.",NULL,NULL,8,CHINA
5834,LLP,7207,"ZHEJIANG JIAJUE MOTORCYCLE MANUFACTURING CO., LTD.",NULL,NULL,8,CHINA
4083,1L9449,7209,LAND AND SEA TRAILER SHOPPE,NULL,NULL,6,UNITED STATES (USA)
5822,1W9413,7212,WILDFIRE MOTORS,NULL,NULL,6,UNITED STATES (USA)
5709,1T9990,7214,TOURTEC TRAILERS LLC,NULL,NULL,6,UNITED STATES (USA)
5571,1U9126,7217,UKEYCHEYMA,NULL,NULL,6,UNITED STATES (USA)
5572,54S,7217,UKEYCHEYMA,NULL,NULL,6,UNITED STATES (USA)
5811,54T,7217,UKEYCHEYMA,NULL,NULL,6,UNITED STATES (USA)
5812,54W,7217,UKEYCHEYMA,NULL,NULL,6,UNITED STATES (USA)
5841,54U,7217,UKEYCHEYMA,NULL,NULL,6,UNITED STATES (USA)
5842,54V,7217,UKEYCHEYMA,NULL,NULL,6,UNITED STATES (USA)
4485,1M9851,7219,MOBILE BARRIERS LLC,NULL,NULL,6,UNITED STATES (USA)
3481,1B9952,7221,BOSS HAWG MOTORCYCLES,NULL,NULL,6,UNITED STATES (USA)
4595,1N9300,7222,NATIONAL ELECTRIC VEHICLES LLC,NULL,NULL,6,UNITED STATES (USA)
2927,1F9377,7223,"YODER SMOKERS, INC.",NULL,NULL,6,UNITED STATES (USA)
5001,4S9211,7225,"SCHWARZ'S CUSTOM TRAILERS, LLC",NULL,NULL,6,UNITED STATES (USA)
2748,1E9473,7226,EXCALIBUR CHOPPERS INC.,NULL,NULL,NULL,NULL
5263,532,7227,"TRAILER BARON OF S.C., INC.",NULL,NULL,6,UNITED STATES (USA)
4580,1Z9380,7228,"QUANTUM LEAP ENGINEERED PRODUCTS, LLC",NULL,NULL,6,UNITED STATES (USA)
5048,1R9685,7229,ROAD RASH TRAILERS,NULL,NULL,6,UNITED STATES (USA)
4495,1Z9384,7230,"ORTEQ ENERGY SERVICES, LLC",NULL,NULL,6,UNITED STATES (USA)
5612,1W9494,7232,"WEGENER STEEL & FABRICATING, INC.",NULL,NULL,6,UNITED STATES (USA)
3499,1Z9361,7233,"DISPLAY COMPANY ",NULL,NULL,6,UNITED STATES (USA)
3283,1G9433,7234,GARLAND TRAILER DESIGNS,NULL,NULL,6,UNITED STATES (USA)
5663,4S9245,7238,"SINFUL CYCLEWORKS, LLC",NULL,NULL,6,UNITED STATES (USA)
5169,4S9244,7239,"SH DISTRIBUTING, INC",NULL,NULL,6,UNITED STATES (USA)
12744,590,7239,"SH DISTRIBUTING, INC",NULL,NULL,6,UNITED STATES (USA)
5723,1W9503,7241,WENDIGO INDUSTRIES INC. DBA SO-CAL CHOPPERS,NULL,NULL,6,UNITED STATES (USA)
2428,L1E,7242,"TAIZHOU OMING MOTORCYCLE CO., LTD.",NULL,NULL,8,CHINA
4457,545,7246,NORTH SHORE MANUFACTURING COMPANY INC.,NULL,NULL,6,UNITED STATES (USA)
8709,1N9152,7246,NORTH SHORE MANUFACTURING COMPANY INC.,NULL,NULL,6,UNITED STATES (USA)
3655,1Z9406,7249,INFERN-O-THERM CORP.,NULL,NULL,6,UNITED STATES (USA)
5535,1W9519,7250,WADSWORTH INDUSTRIES,NULL,NULL,6,UNITED STATES (USA)
5214,4T9046,7251,"TRAIL CREEK RV, LLC",NULL,NULL,6,UNITED STATES (USA)
5903,1A9894,7254,ARROW MANUFACTURING,NULL,NULL,6,UNITED STATES (USA)
5788,1W9517,7255,WIDESIDE CUSTOMS LLC,NULL,NULL,6,UNITED STATES (USA)
3778,L37,7256,HUZHOU DAIXI ZHENHUA TECHNOLOGY TRADE CO. LTD.,NULL,NULL,8,CHINA
8710,1M9384,7257,"MELISSA MANUFACTURING, INC.",NULL,NULL,6,UNITED STATES (USA)
4471,1P9684,7260,"P & K DEVELOPMENT GROUP, LLC",NULL,NULL,6,UNITED STATES (USA)
2679,4L5,7261,"BEHNKE ENTERPRISES, INC.",NULL,NULL,6,UNITED STATES (USA)
2738,1B9988,7262,BERG EQUIPMENT CORPORATION,NULL,NULL,6,UNITED STATES (USA)
5685,1U9119,7263,"UNKNOWN CHOPPERS, INC.",NULL,NULL,6,UNITED STATES (USA)
3027,4C9196,7264,CAMPA INTERNATIONAL INC. dba CAMPA USA,NULL,NULL,6,UNITED STATES (USA)
5155,1R9716,7266,ROBINSON VACUUM TANKS INC.,NULL,NULL,6,UNITED STATES (USA)
3470,1A9896,7267,"AMERICAN CARRIER EQUIPMENT TRAILER SALES, LLC",NULL,NULL,6,UNITED STATES (USA)
5335,SA9204,7269,TRAILER-LIFT LTD.,NULL,NULL,28,ENGLAND
5634,4T9071,7270,"TODD'S WELDING, INC. ",NULL,NULL,6,UNITED STATES (USA)
2729,4C9281,7272,CARDALE INDUSTRIES LLC,NULL,NULL,6,UNITED STATES (USA)
4853,1M9911,7274,"MOUNTAIN EQUIPMENT OF  NEW MEXICO, INC. DBA MOUNTAIN EQUIPMENT",NULL,NULL,6,UNITED STATES (USA)
5148,1R9715,7275,"ROCKLAND CUSTOM TRAILERS, LLC",NULL,NULL,6,UNITED STATES (USA)
3477,4C9272,7278,"CHRISTINI TECHNOLOGIES, INC.",NULL,NULL,6,UNITED STATES (USA)
4953,1R9718,7279,RED BARON CHOPPERS,NULL,NULL,6,UNITED STATES (USA)
4973,1R9720,7280,RED BARON MOTORS,NULL,NULL,6,UNITED STATES (USA)
4964,1R9719,7281,RED BARON TRAILERS,NULL,NULL,6,UNITED STATES (USA)
4571,1Z9409,7282,QUALITECH FABRICATIONS L.L.C.,NULL,NULL,6,UNITED STATES (USA)
4962,4S9276,7284,"SCHRAMM, INC.",NULL,NULL,6,UNITED STATES (USA)
12055,1A9925,7285,ARBOC SPECIALTY VEHICLES LLC,NULL,NULL,6,UNITED STATES (USA)
4880,1M9899,7286,"MTLWRX, LLC",NULL,NULL,6,UNITED STATES (USA)
5153,1R9726,7288,ROCK CITY TRAILERS,NULL,NULL,6,UNITED STATES (USA)
5850,1Z9410,7290,ZIMMERMAN TRAILER LLC,NULL,NULL,6,UNITED STATES (USA)
4773,3R9001,7295,"RETESA REMOLQUES, TANQUES Y EQUIPOS, S.A. DE C.V.",NULL,NULL,12,MEXICO
5446,4T9085,7296,"TRAILMANOR MANUFACTURING COMPANY, LLC",NULL,NULL,6,UNITED STATES (USA)
4383,3N9005,7299,"NORTH AMERICAN TRAILER, S.A. DE C.V. ",NULL,NULL,6,UNITED STATES (USA)
4267,LXD,7300,"NINGBO DONGFANG LINGYUN VEHICLE MADE CO., LTD.",NULL,NULL,6,UNITED STATES (USA)
4082,1L9489,7301,LOG-MASTER PORTABLE BANDSAW SAWMILL MFG. CO. INC.,NULL,NULL,6,UNITED STATES (USA)
5145,4T9084,7302,T R WELDING SERVICE INC.,NULL,NULL,6,UNITED STATES (USA)
4664,1P9746,7306,"PEERSOUTH, INC.",NULL,NULL,6,UNITED STATES (USA)
4785,1H9651,7310,"HOLLAND MOVING AND RIGGING SUPPLIES ",NULL,NULL,6,UNITED STATES (USA)
3715,4C9387,7312,"COASTAL PUMP & EQUIPMENT, LLC",NULL,NULL,6,UNITED STATES (USA)
4538,1M9989,7313,MONSTER MANUFACTURING,NULL,NULL,6,UNITED STATES (USA)
4095,1M9991,7314,MADVENTURE CAMPING,NULL,NULL,6,UNITED STATES (USA)
5440,4S9373,7315,STAR FABRICATION LLC,NULL,NULL,6,UNITED STATES (USA)
3295,1G9503,7318,GRANDWATT ELECTRIC CORP,NULL,NULL,6,UNITED STATES (USA)
3810,4C9386,7319,"COMPREHENSIVE COMMUNICATION SERVICES, LLC",NULL,NULL,6,UNITED STATES (USA)
3807,4C9384,7325,"COMPETITION BODYWORKS, INC.",NULL,NULL,6,UNITED STATES (USA)
3767,1H9668,7326,HUTCHINNOVATIONS LLC,NULL,NULL,6,UNITED STATES (USA)
3850,1K9347,7329,"KNIGHTEN MACHINE & SERVICE, INC.",NULL,NULL,6,UNITED STATES (USA)
3956,LC0,7330,BYD AUTO INDUSTRY COMPANY LIMITED,NULL,NULL,8,CHINA
6912,LA9LC0,7330,BYD AUTO INDUSTRY COMPANY LIMITED,NULL,NULL,8,CHINA
12245,LPE,7330,BYD AUTO INDUSTRY COMPANY LIMITED,NULL,NULL,8,CHINA
14434,LG9BYD,7330,BYD AUTO INDUSTRY COMPANY LIMITED,NULL,NULL,8,CHINA
7008,1R9778,7332,"RIVER RIM TEARDROPS, LLC",NULL,NULL,6,UNITED STATES (USA)
4665,1H9676,7334,HINES SPECIALITY VEHICLE GROUP,NULL,NULL,6,UNITED STATES (USA)
4670,1H9674,7334,HINES SPECIALITY VEHICLE GROUP,NULL,NULL,6,UNITED STATES (USA)
6424,1H9675,7334,HINES SPECIALITY VEHICLE GROUP,NULL,NULL,6,UNITED STATES (USA)
4353,59H,7336,"OMEGA RV, LLC",NULL,NULL,6,UNITED STATES (USA)
6684,1D9591,7337,"DV MANUFACTURING, INC.",NULL,NULL,6,UNITED STATES (USA)
6687,1M9994,7340,MOROCCO ELECTRIC INC.,NULL,NULL,6,UNITED STATES (USA)
6686,1M9990,7341,MILITARY SPEC. MANUFACTURING,NULL,NULL,6,UNITED STATES (USA)
6683,58C,7342,"BWISE MANUFACTURING, LLC",NULL,NULL,6,UNITED STATES (USA)
4179,1H9645,7344,HARVEST INTERNATIONAL INC.,NULL,NULL,6,UNITED STATES (USA)
4310,1H9654,7345,HELLBILLY MOTORCYCLES LLC,NULL,NULL,6,UNITED STATES (USA)
4434,1M9954,7346,"MINDEN MACHINE SHOP, INC. & PATRIOT EQUIPMENT",NULL,NULL,6,UNITED STATES (USA)
4288,LA9HBC,7351,"HEBEI CHANGHUA SPECIAL VEHICLE CO., LTD",NULL,NULL,6,UNITED STATES (USA)
4305,580,7353,LEGACY HOUSING LTD.,NULL,NULL,6,UNITED STATES (USA)
11306,1G9491,7354,"GREGORY RACING FABRICATIONS, INC.",NULL,NULL,6,UNITED STATES (USA)
3082,1D9741,7355,DYNA SALES & SERVICE LLC,NULL,NULL,6,UNITED STATES (USA)
4907,1P9718,7356,PORT-A-COOL LLC,NULL,NULL,6,UNITED STATES (USA)
5035,4S9342,7359,"STURDY BUILT SERVICES, LLC",NULL,NULL,6,UNITED STATES (USA)
4388,1A9960,7360,OUTLAW TRAILERS OF TEXAS,NULL,NULL,6,UNITED STATES (USA)
5613,1W9548,7361,"WEILER, INC.",NULL,NULL,6,UNITED STATES (USA)
3414,1G9485,7362,GREEN INTERNATIONAL SOLUTIONS INC.,NULL,NULL,6,UNITED STATES (USA)
6437,R12,7363,"Xinri E-Vehicle Hongkong Co., Limited",NULL,NULL,8,CHINA
3995,3K9003,7364,KATHARINA LOEWEN LOEWEN DBA Taller Fehr,NULL,NULL,12,MEXICO
3179,1A9961,7365,"AIRBAGGED TRAILERS, INC.",NULL,NULL,6,UNITED STATES (USA)
3866,1L9524,7366,LEVCO WORLD WIDE,NULL,NULL,6,UNITED STATES (USA)
5469,WT9136,7367,"TWISTED HAWAIIAN, LLC",NULL,NULL,6,UNITED STATES (USA)
2793,1A9939,7368,APPLIED CRYO TECHNOLOGIES,NULL,NULL,6,UNITED STATES (USA)
3882,3J9049,7369,JOHAN BLATZ BUHLER,NULL,NULL,12,MEXICO
3137,4C9351,7370,"CURTIS WELDING & FABRICATION, INC.",NULL,NULL,6,UNITED STATES (USA)
2868,LA9FCC,7371,"FUJIAN CHANGCHUN SPECIAL VEHICLE MANUFACTURING CO., LTD.",NULL,NULL,8,CHINA
5468,4T9133,7372,"TWIN OAKS INDUSTRIES, INC.",NULL,NULL,6,UNITED STATES (USA)
4596,1P9726,7373,PAVER MOTORCYCLES LLC,NULL,NULL,6,UNITED STATES (USA)
3092,1E9553,7374,EMPIRE TANKER,NULL,NULL,6,UNITED STATES (USA)
3764,4C9329,7376,COLUMBIA INDUSTRIES LLC,NULL,NULL,6,UNITED STATES (USA)
3595,4B9058,7378,"BRIDGE CITY CYCLES, LTD.",NULL,NULL,6,UNITED STATES (USA)
3374,1E9551,7380,"ECOJOHN, INC.",NULL,NULL,6,UNITED STATES (USA)
5777,1W9547,7382,"WHEATRIDGE MANUFACTURING, LLC",NULL,NULL,6,UNITED STATES (USA)
4486,1M9809,7383,"MOBILE DRILL OPERATING COMPANY, LLC",NULL,NULL,6,UNITED STATES (USA)
7559,4R7,7387,"TOP HAT INDUSTRIES, INC.",NULL,NULL,6,UNITED STATES (USA)
3985,587,7390,LIT MOTORS CORPORATION,NULL,NULL,6,UNITED STATES (USA)
2652,1D9739,7391,"DAST, LLC",NULL,NULL,6,UNITED STATES (USA)
3183,1A9968,7394,AIRTECH TOOLS LLC,NULL,NULL,6,UNITED STATES (USA)
2777,1P9677,7402,"APEX STAGES A DIVISION OF PROGRESSIVE PRODUCTS, INC.",NULL,NULL,6,UNITED STATES (USA)
3634,1H9600,7405,"HOT TUB HAULER USA, LLC",NULL,NULL,6,UNITED STATES (USA)
4259,1N9314,7408,NINTH CIRCLE CUSTOMS,NULL,NULL,6,UNITED STATES (USA)
3389,1A9877,7409,ALL FAB TRAILERS,NULL,NULL,6,UNITED STATES (USA)
3358,1G9444,7410,GSN CUSTOMS,NULL,NULL,6,UNITED STATES (USA)
3019,1B9977,7411,"BUCKNER TRAILERS, LLC",NULL,NULL,6,UNITED STATES (USA)
5353,L9N,7414,"ZHEJIANG TAOTAO VEHICLES CO.,LTD",NULL,NULL,8,CHINA
5281,1R9703,7415,ROMAN WROSZ,NULL,NULL,6,UNITED STATES (USA)
5731,1W9510,7417,WESTERN INNOVATION,NULL,NULL,6,UNITED STATES (USA)
4768,1R9704,7418,"RELIANCE TRAILER SALES, LLC",NULL,NULL,6,UNITED STATES (USA)
2969,552,7421,EVOLVE ELECTRIC MOTORCYCLES,NULL,NULL,6,UNITED STATES (USA)
3315,1E9498,7423,EASTERN ROD AND CHOPPER,NULL,NULL,6,UNITED STATES (USA)
4795,1R9713,7424,"RAMSEY FABRICATION, LLC",NULL,NULL,6,UNITED STATES (USA)
3397,1A9895,7426,"ALL STEEL TRAILER, LLC",NULL,NULL,6,UNITED STATES (USA)
3319,1E9458,7428,"CURRENT MOTOR COMPANY, INC.",NULL,NULL,6,UNITED STATES (USA)
2665,1D9702,7430,"DENNIS BOGGS WELDING WORKS, INC.",NULL,NULL,6,UNITED STATES (USA)
4256,1L9484,7432,LEFT COAST DEVELOPMENT LLC,NULL,NULL,6,UNITED STATES (USA)
5825,L08,7434,ZHEJIANG APOLLO SPORTS TECHNOLOGY CO LTD.,NULL,NULL,8,CHINA
3996,1AB,7436,AIRSTREAM INC.,NULL,NULL,6,UNITED STATES (USA)
4004,1ST,7436,AIRSTREAM INC.,NULL,NULL,6,UNITED STATES (USA)
4005,1SC,7436,AIRSTREAM INC.,NULL,NULL,6,UNITED STATES (USA)
4006,45Z,7436,AIRSTREAM INC.,NULL,NULL,6,UNITED STATES (USA)
4007,4UJ,7436,AIRSTREAM INC.,NULL,NULL,6,UNITED STATES (USA)
4010,1SM,7436,AIRSTREAM INC.,NULL,NULL,6,UNITED STATES (USA)
2776,ZA9K49,7438,CRP RACING,NULL,NULL,9,ITALY
2667,1A9841,7439,"AC PROPULSION, INC.",NULL,NULL,NULL,NULL
3284,1S9895,7440,"EDWARD R. SUMMERS ",NULL,NULL,6,UNITED STATES (USA)
5524,1W9493,7441,WARHAWK PERFORMANCE INC.,NULL,NULL,6,UNITED STATES (USA)
5525,1W9492,7441,WARHAWK PERFORMANCE INC.,NULL,NULL,6,UNITED STATES (USA)
5526,1W9491,7441,WARHAWK PERFORMANCE INC.,NULL,NULL,6,UNITED STATES (USA)
3391,1A9857,7442,"ALL RIGHT STEEL, LLC",NULL,NULL,6,UNITED STATES (USA)
13799,1G9653,7443,"GRAHAM GOLF CARS, INC",NULL,NULL,NULL,NULL
10429,1G9432,7443,"GRAHAM GOLF CARS, INC",NULL,NULL,6,UNITED STATES (USA)
3624,4C9247,7444,CK POWER,NULL,NULL,6,UNITED STATES (USA)
3106,1B9957,7445,BIGLUG TRAILER WORKS,NULL,NULL,6,UNITED STATES (USA)
4569,1P9662,7446,"PAUL JR DESIGNS, LLC",NULL,NULL,6,UNITED STATES (USA)
5166,4S9221,7448,"SFC INDUSTRIES, INC.",NULL,NULL,6,UNITED STATES (USA)
4104,MCU,7451,MAHINDRA & MAHINDRA LIMITED,NULL,NULL,6,UNITED STATES (USA)
4105,MCV,7451,MAHINDRA & MAHINDRA LIMITED,NULL,NULL,6,UNITED STATES (USA)
3410,UJG,7452,GARIA A/S,NULL,NULL,25,FINLAND
2760,5XV,7453,"EXTREME TRAILERS (JCJ CONSULTING OF MISSISSIPPI, LLC)",NULL,NULL,6,UNITED STATES (USA)
4439,1H9592,7454,"HIDDEN VALLEY MFG, LLC",NULL,NULL,6,UNITED STATES (USA)
5445,1T9271,7455,"TIBBAN MFG, INC.",NULL,NULL,6,UNITED STATES (USA)
2630,1D9672,7456,DANKO EMERGENCY EQUIPMENT,NULL,NULL,6,UNITED STATES (USA)
3661,1Z9385,7457,"ICE HOUSES, INC. OF HILL CITY",NULL,NULL,5,UNITED KINGDOM (UK)
5403,53T,7458,THINK NORTH AMERICA INC.,NULL,NULL,6,UNITED STATES (USA)
4490,1M9883,7459,MOBILE SPECIALTIES INC.,NULL,NULL,6,UNITED STATES (USA)
4815,1G9441,7461,"GRACE INDUSTRIES, LLC",NULL,NULL,6,UNITED STATES (USA)
5742,4S9237,7464,SMOAKIN CONCEPTS COMPOSITES LLC,NULL,NULL,6,UNITED STATES (USA)
4844,1R9695,7465,"RAYMOND'S UTILITY TRAILERS, LLC",NULL,NULL,6,UNITED STATES (USA)
3483,53Y,7467,GREENTECH AUTOMOTIVE INC.,NULL,NULL,6,UNITED STATES (USA)
4533,1P9667,7468,PARKER UTILITY PRODUCTS,NULL,NULL,6,UNITED STATES (USA)
4020,1K9338,7472,KEYSTONE LSV CO.,NULL,NULL,6,UNITED STATES (USA)
4842,1R9775,7473,RAW IRON CHOPPERS LLC,NULL,NULL,6,UNITED STATES (USA)
5548,58N,7474,"SHOCKWAVE MOTORS, INC.",NULL,NULL,6,UNITED STATES (USA)
4173,1P9452,7475,NEW PECO INC.,NULL,NULL,6,UNITED STATES (USA)
3474,4B9043,7479,BOONDOCKER TRAILERS LLC,NULL,NULL,6,UNITED STATES (USA)
5301,4S9100,7480,SUN COUNTRY TRAILERS,NULL,NULL,6,UNITED STATES (USA)
5303,4S9133,7480,SUN COUNTRY TRAILERS,NULL,NULL,6,UNITED STATES (USA)
5305,585,7480,SUN COUNTRY TRAILERS,NULL,NULL,6,UNITED STATES (USA)
3490,4C9364,7482,Chuck's Wagons,NULL,NULL,6,UNITED STATES (USA)
2790,541,7483,"APPALACHIAN TRAILER SALES, INC.",NULL,NULL,6,UNITED STATES (USA)
3847,58M,7489,"CONTEMPORARY CLASSIC CARS, INC.",NULL,NULL,6,UNITED STATES (USA)
11942,4B9221,7490,BUCKEYE TRUCK EQUIPMENT INC.,NULL,NULL,6,UNITED STATES (USA)
5023,4S9353,7491,STUNTERX STUNTSHOP,NULL,NULL,6,UNITED STATES (USA)
3895,1K9339,7492,KRIMINAL KUSTOMS LLC,NULL,NULL,6,UNITED STATES (USA)
2716,1A9967,7493,ANDERSON INDUSTRIES,NULL,NULL,6,UNITED STATES (USA)
13696,4C9687,7494,CITE ARMORED,NULL,NULL,NULL,NULL
4911,566,7500,REC BOAT HOLDINGS LLC,NULL,NULL,6,UNITED STATES (USA)
5368,4T9097,7501,THE REITZ PUMP CORPORATION,NULL,NULL,6,UNITED STATES (USA)
5246,4T9120,7504,"TATTOO YACHTS, LLC",NULL,NULL,6,UNITED STATES (USA)
4460,1H9661,7509,HIGH PLAINS CUSTOM CYCLES LLC,NULL,NULL,6,UNITED STATES (USA)
4030,56D,7510,"THOR LIVIN' LITE, INC.",NULL,NULL,6,UNITED STATES (USA)
6208,1L9435,7510,"THOR LIVIN' LITE, INC.",NULL,NULL,6,UNITED STATES (USA)
5141,3S9092,7512,SEMIREMOLQUES EL PUMA S.A. DE. C.V.,NULL,NULL,6,UNITED STATES (USA)
3683,1A9975,7514,"CLEAN BLAST SERVICES, INC. DBA ALUMINUM TRANSFER REPAIR",NULL,NULL,6,UNITED STATES (USA)
3738,4C9356,7517,CGS PREMIER INC.,NULL,NULL,6,UNITED STATES (USA)
3990,1L9521,7520,LIT SCOOTERS CORPORATION,NULL,NULL,6,UNITED STATES (USA)
8240,53F,7521,COVERED WAGON TRAILERS LLC.,NULL,NULL,6,UNITED STATES (USA)
3954,4EZ,7522,"K. Z., INC.",NULL,NULL,6,UNITED STATES (USA)
5057,4S9338,7523,"Specialized Truck Equipment, LLC",NULL,NULL,6,UNITED STATES (USA)
3997,2L9139,7525,LITO GREEN MOTION INC.,NULL,NULL,1,CANADA
5702,4T9156,7526,"TOUR DE TAVERN, LLC",NULL,NULL,6,UNITED STATES (USA)
4630,1P9670,7527,PECK MANUFACTURING LLC,NULL,NULL,6,UNITED STATES (USA)
3652,1Z9372,7528,INNOVATIVE BIKER INC.,NULL,NULL,6,UNITED STATES (USA)
4913,1R9675,7529,"RMD TECHNOLOGIES, INC.",NULL,NULL,6,UNITED STATES (USA)
5321,L6K,7531,"SHANGHAI HOWHIT MACHINERY MANUFACTURE CO., LTD",NULL,NULL,6,UNITED STATES (USA)
5470,4T9048,7532,"TRANSGLOBAL CONTAINER, LLC",NULL,NULL,6,UNITED STATES (USA)
4122,1M9887,7534,MASON DYNAMICS INC.,NULL,NULL,6,UNITED STATES (USA)
3838,4C9255,7535,"CONLEY FABRICATION, LLP",NULL,NULL,6,UNITED STATES (USA)
3935,1J9408,7538,JTC SALES INC.,NULL,NULL,6,UNITED STATES (USA)
4144,1H9602,7539,"HALLJACK INDUSTRIES LLC ",NULL,NULL,6,UNITED STATES (USA)
3965,1N9310,7540,"KAASE TRAILERS, LLC",NULL,NULL,6,UNITED STATES (USA)
3171,1B9975,7541,"BIRMINGHAM MOTORCYCLE COMPANY, LLC ",NULL,NULL,6,UNITED STATES (USA)
4512,1N9309,7542,"NATIONAL OILWELL VARCO, LP",NULL,NULL,6,UNITED STATES (USA)
4598,1J9049,7542,"NATIONAL OILWELL VARCO, LP",NULL,NULL,6,UNITED STATES (USA)
10427,1X9025,7544,XTC INC. dba XTC Motorcycles,NULL,NULL,6,UNITED STATES (USA)
10419,1B9971,7545,BACKWOODS TRAILER SALES & MANUFACTURER,NULL,NULL,6,UNITED STATES (USA)
4234,1J9409,7546,J.R.'S ROLLING THUNDER MACHINE WORKS,NULL,NULL,6,UNITED STATES (USA)
3781,544,7547,BB BUGGIES INC.,NULL,NULL,6,UNITED STATES (USA)
6062,1E9497,7548,ELITE CUSTOM TRAILERS LLC,NULL,NULL,6,UNITED STATES (USA)
10431,1T9928,7549,TIMBERLINE RANGE CAMPS,NULL,NULL,6,UNITED STATES (USA)
6390,1C9227,7552,COKER ENTERPRISES,NULL,NULL,6,UNITED STATES (USA)
3957,1L9482,7554,"L AND S TRAILERS & SUPPLY, LLC",NULL,NULL,6,UNITED STATES (USA)
3763,1B9984,7556,BAZOOKA FARMSTAR,NULL,NULL,6,UNITED STATES (USA)
5844,1W9516,7557,WINS TRIKE BIKE,NULL,NULL,6,UNITED STATES (USA)
2994,1E9504,7559,ELITE EQUIPMENT MFG. CO.,NULL,NULL,NULL,NULL
6034,2FH,7560,ZENN MOTOR COMPANY LIMITED,NULL,NULL,1,CANADA
5292,1T9908,7562,"TERRY'S TRAILERS, INC.",NULL,NULL,6,UNITED STATES (USA)
5073,1P9617,7563,"PREMIER TRAILER, INC.",NULL,NULL,6,UNITED STATES (USA)
3788,1G9391,7564,"GEMINI AUTO LIFTS, INC.",NULL,NULL,6,UNITED STATES (USA)
4285,1M9613,7567,"MERCH MOTORCYCLE CO., INC.",NULL,NULL,6,UNITED STATES (USA)
5870,1M9819,7568,MAXPRO TRAILERS,NULL,NULL,6,UNITED STATES (USA)
2885,1F9341,7572,FASTRACK ENGINEERING,NULL,NULL,6,UNITED STATES (USA)
5318,L69FYK,7575,SHANDONG ZHONGTONG FEIYAN AUTOMOBILE CO. LTD.,NULL,NULL,8,CHINA
5039,LX6,7576,"JIANGMEN CITY HUARI GROUP CO., LTD.",NULL,NULL,8,CHINA
4845,4S9138,7577,"SOUTHEASTERN STEEL CHOPPERS, INC.",NULL,NULL,6,UNITED STATES (USA)
2754,1A9820,7578,ANVIL TRAILER LLC,NULL,NULL,6,UNITED STATES (USA)
14677,7FY,7578,ANVIL TRAILER LLC,NULL,NULL,NULL,NULL
3076,1E9451,7579,"EMF, INC.",NULL,NULL,6,UNITED STATES (USA)
4894,1R9639,7580,"RDVEHICLES, INC.",NULL,NULL,6,UNITED STATES (USA)
6317,4S9173,7581,"SOUTH SHORE IRON WORKS, INC.",NULL,NULL,6,UNITED STATES (USA)
4472,1P9631,7582,"P & S MACHINE, INC.",NULL,NULL,6,UNITED STATES (USA)
3757,4C9143,7584,COLE CUSTOMS,NULL,NULL,6,UNITED STATES (USA)
5072,4S9167,7585,"SUPER LITE PRO TRAILERS AND EQUIPMENT, LLC",NULL,NULL,6,UNITED STATES (USA)
4242,1L9999,7586,LC3 INC.,NULL,NULL,6,UNITED STATES (USA)
3856,1K9291,7587,KNIGHTS FABRICATION,NULL,NULL,6,UNITED STATES (USA)
4340,1H9552,7588,HENDERSON TRUCK EQUIPMENT,NULL,NULL,6,UNITED STATES (USA)
2668,1U9148,7590,ACADEMI TRAINING CENTER LLC,NULL,NULL,NULL,NULL
5576,4T9115,7594,TRINITY FRAME & FAB,NULL,NULL,6,UNITED STATES (USA)
4784,1H9656,7597,"HOLLAND EQUIPMENT CO., DBA EXTREME TRAILERS",NULL,NULL,6,UNITED STATES (USA)
5724,1W9538,7599,"WENZLAU ENGINEERING, INC.",NULL,NULL,6,UNITED STATES (USA)
3906,1L9517,7602,LIBERTY FABRICATION LLC,NULL,NULL,6,UNITED STATES (USA)
3640,4C9350,7609,CLASSIC TRAILERS SD,NULL,NULL,6,UNITED STATES (USA)
4992,1R9776,7611,"REGAL MOBILE SOLUTIONS, LLC",NULL,NULL,6,UNITED STATES (USA)
3050,1F9436,7613,FOOD-TRAILERS INC.,NULL,NULL,6,UNITED STATES (USA)
6427,1W9553,7614,"WURK METAL PRODUCTS, INC.",NULL,NULL,6,UNITED STATES (USA)
5495,4T9153,7616,TIOGA AIR HEATERS LLC,NULL,NULL,6,UNITED STATES (USA)
5779,1W9556,7618,WHEELHAUS INC.,NULL,NULL,6,UNITED STATES (USA)
2976,1F9437,7627,"FLEET MASTERS, INC.",NULL,NULL,6,UNITED STATES (USA)
5291,4T9154,7628,TEREX USA LLC,NULL,NULL,6,UNITED STATES (USA)
2861,1D9748,7629,DRAGON TRIKES,NULL,NULL,6,UNITED STATES (USA)
5260,4T9152,7630,TCS BAGGER CHASIS,NULL,NULL,6,UNITED STATES (USA)
11255,4T9305,7630,TCS BAGGER CHASIS,NULL,NULL,6,UNITED STATES (USA)
4313,1D9749,7631,DEMLER ENTERPRISES LLC,NULL,NULL,6,UNITED STATES (USA)
5602,4T9157,7633,TITAN MARINE LLC,NULL,NULL,6,UNITED STATES (USA)
5560,4S9354,7634,SIDESHOW'S CYCLES,NULL,NULL,6,UNITED STATES (USA)
5846,1W9552,7635,WISE TECHNOLOGY LLC,NULL,NULL,6,UNITED STATES (USA)
2743,4B9061,7637,"BERT WALTERS AND SONS, INC.",NULL,NULL,6,UNITED STATES (USA)
4452,58T,7639,HIGHLAND RIDGE RV,NULL,NULL,6,UNITED STATES (USA)
6448,LA9JRR,7640,"YANTAI JEREH OILFIELD SERVICE GROUP CO., LTD.",NULL,NULL,8,CHINA
5056,4S9297,7648,SUMMIT ENERGY EQUIPMENT,NULL,NULL,6,UNITED STATES (USA)
2696,4B9008,7650,"BELL CUSTOM CYCLES LLC ",NULL,NULL,6,UNITED STATES (USA)
5038,4S9298,7651,"SUGARLOAF FABRICATORS, INC.",NULL,NULL,6,UNITED STATES (USA)
4621,56C,7652,"PCI MANUFACTURING, LLC",NULL,NULL,6,UNITED STATES (USA)
7006,7FJ,7652,"PCI MANUFACTURING, LLC",NULL,NULL,6,UNITED STATES (USA)
3537,4B9046,7656,BACH BUILT CHOPPERS LLC,NULL,NULL,6,UNITED STATES (USA)
2898,1E9541,7657,EVAC EMERGENCY PREPAREDNESS EQUIPMENT & SUPPLY LLC,NULL,NULL,6,UNITED STATES (USA)
3657,3A9216,7658,INDUSTRIAS MET GRI SA DE CV,NULL,NULL,12,MEXICO
9378,3M7,7658,INDUSTRIAS MET GRI SA DE CV,NULL,NULL,12,MEXICO
6117,1W9544,7659,"WOOD-TEX CORPORATE, LLC",NULL,NULL,6,UNITED STATES (USA)
6121,582,7662,"WORTHINGTON TRAILERS I, LLC",NULL,NULL,6,UNITED STATES (USA)
4965,1P9725,7666,"POWER DYNAMICS, LLC",NULL,NULL,6,UNITED STATES (USA)
3336,57V,7668,"CIMC INTERMODAL EQUIPMENT, LLC",NULL,NULL,6,UNITED STATES (USA)
10150,1M9572,7673,MIDWEST MUNICIPAL SUPPLY INC,NULL,NULL,6,UNITED STATES (USA)
8711,1M9416,7676,MIKE'S CUSTOM CARS,NULL,NULL,6,UNITED STATES (USA)
9618,1M9545,7679,"MOBILE TECHNICAL SYSTEMS, INC.",NULL,NULL,6,UNITED STATES (USA)
7662,1M9003,7681,MONTONE TRAILER COMPANY,NULL,NULL,6,UNITED STATES (USA)
9821,1M9028,7683,"MOUNTAIN LION OUTDOOR, INC",NULL,NULL,6,UNITED STATES (USA)
7109,1M9628,7684,MOUNTAIN WEST CUSTOM TRAILERS LLC,NULL,NULL,6,UNITED STATES (USA)
4023,1K9292,7689,KEV'S WELDING & MANUFACTURING,NULL,NULL,6,UNITED STATES (USA)
5521,1T9997,7690,"TRIDELTA SYSTEMS, L.L.C.",NULL,NULL,6,UNITED STATES (USA)
2803,RK1,7691,"E-TON POWER TECH CO., LTD.",NULL,NULL,4,TAIWAN
5771,LZL,7692,"ZENGCHENG HAILI MOTORCYCLE CO., LTD.",NULL,NULL,45,PUERTO RICO
4247,1M9843,7693,MECHANICAL MAYHEM,NULL,NULL,6,UNITED STATES (USA)
5961,4B9355,7694,"IRONMAN CUSTOMS TRAILER MANUFACTURING, LLC",NULL,NULL,6,UNITED STATES (USA)
2934,4C9021,7697,CALIFORNIA PERFORMANCE IRON INC.,NULL,NULL,6,UNITED STATES (USA)
5064,1P9629,7699,PREMIER FABRICATING INC.,NULL,NULL,6,UNITED STATES (USA)
4109,1M9842,7700,"MAKING YOU MOBILE, LLC",NULL,NULL,6,UNITED STATES (USA)
5951,4C9174,7701,CALHOME INC.,NULL,NULL,6,UNITED STATES (USA)
6086,1H9522,7703,"HAMMAR LIFT, INC.",NULL,NULL,6,UNITED STATES (USA)
4749,1P9634,7704,PIN OAK SERVICE COMPANY INC.,NULL,NULL,6,UNITED STATES (USA)
3620,1H9560,7705,HORIZON PRODUCTS LLC,NULL,NULL,6,UNITED STATES (USA)
3964,1K9304,7708,"K & M MANUFACTURING CO., INC.",NULL,NULL,6,UNITED STATES (USA)
4930,4S9232,7709,SCHNELLER MANUFACTURING INC.,NULL,NULL,6,UNITED STATES (USA)
4024,1K9303,7710,"KEPLER MOTORS, INC.",NULL,NULL,6,UNITED STATES (USA)
3903,1K9307,7714,KUSTOM KONCEPTS LLC,NULL,NULL,6,UNITED STATES (USA)
3098,4C9259,7715,BUILD 2020,NULL,NULL,6,UNITED STATES (USA)
2854,1F9396,7716,FACTORY TRANSPORTS INCORPORATED,NULL,NULL,6,UNITED STATES (USA)
3506,1D9661,7719,"DRAGON ESP, LTD",NULL,NULL,6,UNITED STATES (USA)
7073,591,7719,"DRAGON ESP, LTD",NULL,NULL,6,UNITED STATES (USA)
2800,10R,7721,TEXTRON E-Z-GO LLC,NULL,NULL,6,UNITED STATES (USA)
6451,1Z9354,7724,Z ELECTRIC VEHICLE CORPORATION,NULL,NULL,6,UNITED STATES (USA)
3950,X8J,7726,IRBITSKI MOTOTSICLETNY ZAVOD,NULL,NULL,37,RUSSIA
5235,1R9646,7727,"ROLLING BOAT, INC.",NULL,NULL,6,UNITED STATES (USA)
5854,1W9465,7728,WESTERN INT'L INC.,NULL,NULL,6,UNITED STATES (USA)
5448,5LF,7729,TIDEWATER TRAILERS,NULL,NULL,6,UNITED STATES (USA)
3329,1D9638,7731,DOZ N GO,NULL,NULL,6,UNITED STATES (USA)
3203,4C9180,7733,"C & W INDUSTRIES, LLC",NULL,NULL,6,UNITED STATES (USA)
4192,1N9209,7735,NEW YORK CITY CUSTOM MOTORCYCLES INC. dba NYC CHOPPERS,NULL,NULL,6,UNITED STATES (USA)
4245,1M9806,7736,MCMILLER'S CHOP SHOP,NULL,NULL,6,UNITED STATES (USA)
5987,4C9439,7738,"CHANGENT SYSTEMS, LLC ",NULL,NULL,6,UNITED STATES (USA)
3675,4C9183,7740,CLC,NULL,NULL,6,UNITED STATES (USA)
5052,4S9165,7742,SPECIALIZED TRUCK EQUIPMENT MFG. LLC,NULL,NULL,6,UNITED STATES (USA)
3229,1B9915,7743,"BITTERCREEK HUNTING BLINDS & DOG BOXES, INC.",NULL,NULL,6,UNITED STATES (USA)
4183,1E9353,7744,HAULMAX TRAILER COMPANY,NULL,NULL,6,UNITED STATES (USA)
5347,1T9968,7745,"TEBCO OF KENTUCKY, INC.",NULL,NULL,6,UNITED STATES (USA)
4840,1R9658,7749,RAT RACE TRIKES,NULL,NULL,6,UNITED STATES (USA)
3216,1E9505,7751,"E-PAK MANUFACTURING, LLC",NULL,NULL,6,UNITED STATES (USA)
4933,4S9267,7752,"SOUTHWEST CMF, LLC",NULL,NULL,6,UNITED STATES (USA)
2629,1D9286,7755,"DAVIS TRAILER SALES, INC.",NULL,NULL,6,UNITED STATES (USA)
6440,1X9026,7756,XTREME TRAILERS AND MFG. LLC,NULL,NULL,6,UNITED STATES (USA)
4555,1P9685,7757,"PACIFIC TANK & ENERGY, LLC",NULL,NULL,6,UNITED STATES (USA)
3368,1G9426,7758,GAP HILL ALUMINUM SHOP,NULL,NULL,6,UNITED STATES (USA)
6123,1W9520,7759,"WOT FABRICATION & ENGINEERING, LLC",NULL,NULL,6,UNITED STATES (USA)
5679,4T9075,7760,"TOPEKA METAL SPECIALTIES DIVISION OF LB STEEL, LLC",NULL,NULL,6,UNITED STATES (USA)
3127,1A9900,7761,"ASTEC UNDERGROUND, INC.",NULL,NULL,6,UNITED STATES (USA)
4890,4S9270,7763,SOUTHERN VAC LLC,NULL,NULL,6,UNITED STATES (USA)
3096,1E9511,7764,"END 2 END WELDING, LLC",NULL,NULL,6,UNITED STATES (USA)
6398,54H,7765,BLACKLION HOLDINGS LLC,NULL,NULL,6,UNITED STATES (USA)
2770,1E9506,7766,EZ HUNT & HAUL LLC,NULL,NULL,6,UNITED STATES (USA)
3005,1B9993,7767,"BRUMLEY MANUFACTURING, LLC",NULL,NULL,6,UNITED STATES (USA)
2856,1B9970,7768,BIG BOY MANUFACTURING LLC.,NULL,NULL,6,UNITED STATES (USA)
5254,4T9073,7769,"TBM SAND AND STORAGE LOGISTICS, LLC",NULL,NULL,6,UNITED STATES (USA)
3529,1D9705,7773,"DMI (D.M.I) PIPE FABRICATION, LLC",NULL,NULL,6,UNITED STATES (USA)
6065,1E9507,7774,ELECTRO-TECHNOLOGIES,NULL,NULL,6,UNITED STATES (USA)
4243,SBM,7775,MCLAREN AUTOMOTIVE LIMITED,NULL,NULL,28,ENGLAND
4604,1M9717,7779,MYSTICAL CUSTOM CYCLES LLC,NULL,NULL,6,UNITED STATES (USA)
5831,1W9521,7780,WILTON MANUFACTURING LLC,NULL,NULL,6,UNITED STATES (USA)
3803,4C9276,7781,"COMPACT CONSTRUCTION, LLC",NULL,NULL,6,UNITED STATES (USA)
4107,1M9906,7783,MAJONA STEEL CORPORATION,NULL,NULL,6,UNITED STATES (USA)
3662,2C9212,7784,ICON MANUFACTURING,NULL,NULL,1,CANADA
4523,558,7785,"MAC LTT, INC.",NULL,NULL,6,UNITED STATES (USA)
4355,1Z9469,7788,"OMJC SIGNAL, INC.",NULL,NULL,6,UNITED STATES (USA)
5069,1P9591,7790,"PREMIER PUMP AND POWER, LLC",NULL,NULL,6,UNITED STATES (USA)
3745,4B9065,7791,BAUGHMAN PRODUCTS,NULL,NULL,6,UNITED STATES (USA)
3138,1F9421,7792,FREEDOM FABRICATION,NULL,NULL,6,UNITED STATES (USA)
6845,4TC,7793,TRITON TRAILERS LLC,NULL,NULL,6,UNITED STATES (USA)
5761,1V9201,7794,"VALEW QUALITY TRUCK BODIES EAST, INC.",NULL,NULL,6,UNITED STATES (USA)
5713,4C9361,7795,TOWER LIGHTING INC.,NULL,NULL,6,UNITED STATES (USA)
3550,LDW,7799,"DONGGUAN YONGQIANG VEHICLES MANUFACTURING CO., LTD.",NULL,NULL,6,UNITED STATES (USA)
5939,LEH,7807,"ZHEJIANG RIYA MOTORCYCLE CO., LTD.",NULL,NULL,8,CHINA
3152,1D9750,7809,"FRITEL AND ASSOCIATES, LLC",NULL,NULL,6,UNITED STATES (USA)
5600,1M9374,7810,MAGNUM FABRICATION INC.,NULL,NULL,6,UNITED STATES (USA)
4552,1M9981,7811,M&C TRAILER SALES,NULL,NULL,6,UNITED STATES (USA)
5692,1U9160,7812,UPSTATE CONCESSIONS,NULL,NULL,6,UNITED STATES (USA)
5320,4T9163,7816,THE BAG LADY INC.,NULL,NULL,6,UNITED STATES (USA)
5672,4S9361,7817,SLNYC,NULL,NULL,6,UNITED STATES (USA)
2977,1E9562,7818,EPV Corporation,NULL,NULL,6,UNITED STATES (USA)
4959,1P9737,7819,PORTLAND VINTAGE TRAILER WORKS LLC,NULL,NULL,6,UNITED STATES (USA)
5028,4S9327,7822,"SEATTLE TINY HOMES, INC.",NULL,NULL,6,UNITED STATES (USA)
3613,1H9667,7823,HOOPES MANUFACTURING CO.,NULL,NULL,6,UNITED STATES (USA)
5298,4T9162,7830,TEXMO MANUFACTURING LLC,NULL,NULL,6,UNITED STATES (USA)
5884,5N6,7831,AMERICAN HAULER INC,NULL,NULL,6,UNITED STATES (USA)
9353,7HB,7831,AMERICAN HAULER INC,NULL,NULL,6,UNITED STATES (USA)
2967,1F9432,7832,FIVE STARS TRAILERS LIMITED LIABILITY CO.,NULL,NULL,6,UNITED STATES (USA)
2655,5WW,7833,DELCO TRAILERS,NULL,NULL,6,UNITED STATES (USA)
2658,1A9980,7834,ABSOLUTELY WILD RANCH,NULL,NULL,6,UNITED STATES (USA)
4808,1N9343,7835,NEIGHBOR'S GARAGE,NULL,NULL,6,UNITED STATES (USA)
2817,1E9560,7836,ETUK USA LLC,NULL,NULL,6,UNITED STATES (USA)
3587,542,7843,BRAVO TRAILERS LLC,NULL,NULL,6,UNITED STATES (USA)
14237,7YL,7843,BRAVO TRAILERS LLC,NULL,NULL,NULL,NULL
5104,1R9696,7844,ROUTE 6 TRAILERS LLC,NULL,NULL,6,UNITED STATES (USA)
4376,1M9888,7845,MILL STREET CUSTOMS INC.,NULL,NULL,6,UNITED STATES (USA)
2959,1F9397,7849,"FISH-N-RETREAT, INC.",NULL,NULL,6,UNITED STATES (USA)
4854,4S9247,7851,"SOUTHERN FRAC, LLC",NULL,NULL,6,UNITED STATES (USA)
2873,1D9693,7852,DREAM DESIGN AND FABRICATION,NULL,NULL,6,UNITED STATES (USA)
3404,4C9268,7855,"BOATHOUSE DISCOUNT MARINE, INC. ",NULL,NULL,6,UNITED STATES (USA)
4348,1N9311,7856,"NRG MANUFACTURING, INC.",NULL,NULL,6,UNITED STATES (USA)
10428,1F9400,7857,"FIBER-TRON TRAILERS, LLC DIV OF  FIBER-TRON CORP",NULL,NULL,6,UNITED STATES (USA)
3122,2C9197,7858,CANADIAN ELECTRIC VEHICLES LTD.,NULL,NULL,1,CANADA
6199,1M9893,7860,MILFORD PIPE & SUPPLY INC.,NULL,NULL,6,UNITED STATES (USA)
4016,1L9479,7862,"LAKE CITY CHOPPERS, INC.",NULL,NULL,6,UNITED STATES (USA)
4521,1P9679,7863,"PARK LINER, INC.",NULL,NULL,6,UNITED STATES (USA)
3522,1B9956,7864,"BOURBON TRAILERS, LLC",NULL,NULL,6,UNITED STATES (USA)
3900,1K9313,7865,KRUGGER AUTO LLC,NULL,NULL,6,UNITED STATES (USA)
2788,1A9884,7866,APPALACHIAN TEARDROP COMPANY INC.,NULL,NULL,6,UNITED STATES (USA)
3228,1A9890,7867,AIRTRONICS METAL PRODUCTS,NULL,NULL,6,UNITED STATES (USA)
5866,3M9009,7868,MANUFACTURAS HERCULES S.A.DE C.V.,NULL,NULL,12,MEXICO
5277,1R9710,7872,ROLLOFF SYSTEMS,NULL,NULL,6,UNITED STATES (USA)
6323,4S9187,7873,SPECIALTY ALUMINUM WORKS-TRAILERS,NULL,NULL,6,UNITED STATES (USA)
4682,1Z9356,7875,"QUALITY MACHINE COMPANY, INC.",NULL,NULL,6,UNITED STATES (USA)
5622,4T9011,7877,"T-N-A CUSTOM MOTORCYCLES, LLC",NULL,NULL,6,UNITED STATES (USA)
5992,1L9287,7879,D & L MARKETING,NULL,NULL,6,UNITED STATES (USA)
4919,1R9672,7880,RIVERBED LLC,NULL,NULL,6,UNITED STATES (USA)
5493,4T9010,7881,TRANSWORLD MANUFACTURING CO.,NULL,NULL,6,UNITED STATES (USA)
5615,1W9470,7883,WELD SHOP INC.,NULL,NULL,6,UNITED STATES (USA)
3176,4C9219,7884,CRUSTBUSTER SPEED KING INC.,NULL,NULL,6,UNITED STATES (USA)
3642,520,7885,BAKKURA MOBILITY INC.,NULL,NULL,6,UNITED STATES (USA)
5991,LFG,7888,"ZHEJIANG CHUANGTAI MOTORCYCLE CO., LTD.",NULL,NULL,8,CHINA
4914,1R9664,7889,RIVERWOLF BOATS INC.,NULL,NULL,6,UNITED STATES (USA)
2661,1D9498,7892,"DELTA WASECA MINI, LLC",NULL,NULL,6,UNITED STATES (USA)
4255,2L9069,7893,LEES LEISURE INDUSTRIES LIMITED,NULL,NULL,6,UNITED STATES (USA)
2680,1A9898,7897,AMS GLOBAL INC,NULL,NULL,6,UNITED STATES (USA)
4971,1G9448,7898,"GLOBAL VACUUM SYSEMS, INC.",NULL,NULL,6,UNITED STATES (USA)
4969,4S9260,7899,"SCHUH SHOP, LLC",NULL,NULL,6,UNITED STATES (USA)
3582,3BY,7900,CARROCERIAS DE LUCIO S.A. DE C.V.,NULL,NULL,12,MEXICO
5114,1R9707,7901,"RUFNECK CUSTOM TRAILERS, LLC",NULL,NULL,6,UNITED STATES (USA)
2751,1E9503,7902,EXECUHITCH MANUFACTURING LLC,NULL,NULL,6,UNITED STATES (USA)
5562,4T9030,7903,"TRITON TRIKES, LLC",NULL,NULL,6,UNITED STATES (USA)
2747,3E9034,7905,EXA INDUSTRIAL S.A. DE C.V.,NULL,NULL,NULL,NULL
9789,1K9320,7906,"KIEWIT INFRASTRUCTURE WEST CO.,",NULL,NULL,6,UNITED STATES (USA)
5539,1T9913,7907,TRIKE WORX LLC,NULL,NULL,6,UNITED STATES (USA)
4697,550,7908,"QUALITY TRAILERS OHIO, INC.",NULL,NULL,6,UNITED STATES (USA)
12831,7RA,7908,"QUALITY TRAILERS OHIO, INC.",NULL,NULL,6,UNITED STATES (USA)
3877,1J9411,7909,"JOHNSTOWN TUBE LASER, LLC DBA ENVIRONMENTAL TANK CORPORATION",NULL,NULL,6,UNITED STATES (USA)
5606,1W9515,7911,"WAUSAU EQUIPMENT COMPANY, INC.",NULL,NULL,6,UNITED STATES (USA)
4114,1M9896,7912,MARCEAUX CYCLE WORKS,NULL,NULL,6,UNITED STATES (USA)
4473,1M9903,7913,MINITEARS COMPANY,NULL,NULL,6,UNITED STATES (USA)
4626,1P9682,7914,"PEARSON AND PEARSON ENTERPRISES, INC",NULL,NULL,6,UNITED STATES (USA)
4526,1P9676,7916,PARKER BROTHER CHOPPERS INC.,NULL,NULL,6,UNITED STATES (USA)
4719,1P9681,7918,"PHOTO-SONICS, INC.",NULL,NULL,6,UNITED STATES (USA)
4050,1K9310,7921,KICKIN' KAMPERS INC.,NULL,NULL,6,UNITED STATES (USA)
5554,4S9241,7922,SIC METALS & FABRICATION LLC,NULL,NULL,6,UNITED STATES (USA)
4079,1L9483,7923,"LAND & SEA, INC.",NULL,NULL,6,UNITED STATES (USA)
4676,1P9678,7926,PERFORMANCE INDIAN,NULL,NULL,6,UNITED STATES (USA)
5563,4T9066,7927,TYCO FIRE PROTECTION PRODUCTS,NULL,NULL,6,UNITED STATES (USA)
5256,4C9213,7928,"TC DEVELOPMENT & DESIGN, INC.",NULL,NULL,6,UNITED STATES (USA)
5296,4T9069,7933,"TRAILER MANUFACTURERS OF TOLEDO, LLC",NULL,NULL,6,UNITED STATES (USA)
5033,1J9412,7934,JETSTREAM LLC,NULL,NULL,6,UNITED STATES (USA)
4892,1R9712,7935,"RB COMPONENTS, INC.",NULL,NULL,6,UNITED STATES (USA)
4723,1H9607,7936,"HJV TRAILERS, LLC",NULL,NULL,6,UNITED STATES (USA)
5914,1B9942,7937,"BOULDER ELECTRIC VEHICLE, INC.",NULL,NULL,6,UNITED STATES (USA)
3649,2TX,7938,INNOVATIVE TRAILER DESIGN INDUSTRIES INC.,NULL,NULL,1,CANADA
3197,4C9275,7939,C & R METALWORKS,NULL,NULL,6,UNITED STATES (USA)
4656,1Z9408,7940,ITALIAN CHOPPERS LLC,NULL,NULL,6,UNITED STATES (USA)
2799,4C9271,7941,"CAPITAL AUTOMOTIVE, LLC",NULL,NULL,6,UNITED STATES (USA)
4807,1R9714,7942,"RANKIN, INDUSTRIES",NULL,NULL,6,UNITED STATES (USA)
4493,1Z9407,7944,"OX INDUSTRIAL, LLC",NULL,NULL,6,UNITED STATES (USA)
5086,4S9263,7945,"SPECIALTY PASSENGER VEHICLES, CORP",NULL,NULL,6,UNITED STATES (USA)
5781,1W9500,7950,"WHIT SERVICE & SUPPLY, INC.",NULL,NULL,6,UNITED STATES (USA)
4825,1R9721,7952,RAS INTERNATIONAL LLC,NULL,NULL,6,UNITED STATES (USA)
5740,4S9197,7954,SMITH ELECTRIC VEHICLES,NULL,NULL,6,UNITED STATES (USA)
4190,1G9453,7955,"LUKE WATSON / GLENN MANN DBA GORILLA BUILT ENTERPRISES, INC.",NULL,NULL,6,UNITED STATES (USA)
5491,4T9078,7957,TRANSWORLD EQUIPMENT CORP.,NULL,NULL,6,UNITED STATES (USA)
4960,1R9717,7958,ROUGH V.A.C. TRAILERS LLC,NULL,NULL,6,UNITED STATES (USA)
5594,1W9525,7960,WATER HOG TRAILERS LLC,NULL,NULL,6,UNITED STATES (USA)
3797,4C9282,7962,"COMMUNITY CARS, INC.",NULL,NULL,6,UNITED STATES (USA)
4966,1M9919,7963,"SCHRUDER LLC ",NULL,NULL,6,UNITED STATES (USA)
3394,1D9717,7965,"DONS TRUCK SALES, INC.",NULL,NULL,6,UNITED STATES (USA)
2838,3F9001,7967,FABRICACION Y COMERCIALIZACION PENA S.A. DE C.V. DBA PENA,NULL,NULL,NULL,NULL
3373,LTB,7968,GUANGDONG QINGXIN LIANTONG INDUSTRY CO. LTD.,NULL,NULL,8,CHINA
2792,53X,7970,"TRAILER SALES OF MI, INC. ",NULL,NULL,6,UNITED STATES (USA)
3574,1D9716,7972,"DONNERITE INCORPORATED DBA DONNERITE INC., 2DM AND IST",NULL,NULL,6,UNITED STATES (USA)
4264,1N9329,7975,NLB CORP,NULL,NULL,6,UNITED STATES (USA)
4601,1N9328,7977,"NALCO FAB TECH, LLC",NULL,NULL,6,UNITED STATES (USA)
4180,1L9501,7979,"LUDWIGSEN MOTOR COMPANY, LLC",NULL,NULL,6,UNITED STATES (USA)
2646,1D9724,7983,"DEFIANCE BOATS, LLC",NULL,NULL,6,UNITED STATES (USA)
5832,1W9528,7985,WINCO,NULL,NULL,6,UNITED STATES (USA)
4133,1H9627,7986,"H&H SUPPLY, LLC",NULL,NULL,6,UNITED STATES (USA)
4691,1P9706,7987,"PETRO2GO, LLC ",NULL,NULL,6,UNITED STATES (USA)
5375,1V9188,7988,VERADYN LLC,NULL,NULL,6,UNITED STATES (USA)
4165,1H9614,7989,HARD HAT TRAILER LLC,NULL,NULL,6,UNITED STATES (USA)
2353,4B9030,7990,"BLAST IT ALL MFG., INC.",NULL,NULL,6,UNITED STATES (USA)
8933,57M,7992,MIDSOTA MANUFACTURING INC,NULL,NULL,6,UNITED STATES (USA)
7381,1S9381,7999,SEWER EQUIPMENT CO OF AMERICA,NULL,NULL,6,UNITED STATES (USA)
9907,1S9725,8005,SIDEKICK TRAILERS INC.,NULL,NULL,6,UNITED STATES (USA)
10036,1S9767,8006,SIDEWINDERS,NULL,NULL,6,UNITED STATES (USA)
7423,1S9646,8009,SIERRA WELDING & FABRICATING,NULL,NULL,6,UNITED STATES (USA)
10690,1P9469,8016,POTOMAC RV,NULL,NULL,6,UNITED STATES (USA)
9988,1P9424,8020,POWER MANUFACTURING INC.,NULL,NULL,6,UNITED STATES (USA)
8712,1P9356,8021,"POWER SLED MOTORCYCLES, INC.",NULL,NULL,6,UNITED STATES (USA)
10441,1P9433,8023,POWER & CHROME,NULL,NULL,6,UNITED STATES (USA)
4998,1P9343,8027,PRATT INDUSTRIES (US) LLC,NULL,NULL,6,UNITED STATES (USA)
13306,1P9889,8027,PRATT INDUSTRIES (US) LLC,NULL,NULL,6,UNITED STATES (USA)
13954,7XM,8027,PRATT INDUSTRIES (US) LLC,NULL,NULL,NULL,NULL
6957,1U6,8028,"PRECISION CHASSIS & ENGINEERING,INC",NULL,NULL,6,UNITED STATES (USA)
8713,1P9249,8029,PRECISION COACH INC.,NULL,NULL,6,UNITED STATES (USA)
5021,1P9437,8030,PRECISION CYCLE WORKS,NULL,NULL,6,UNITED STATES (USA)
8714,1S9521,8037,SPOUTVAC USA INC,NULL,NULL,6,UNITED STATES (USA)
8715,1T9541,8043,TRACKSTAR INC.,NULL,NULL,6,UNITED STATES (USA)
8716,1T9543,8046,TRAILERS PLUS,NULL,NULL,6,UNITED STATES (USA)
9235,1T9519,8047,TRAILERS UNLIMITED,NULL,NULL,6,UNITED STATES (USA)
8717,1S9611,8049,STAGECOACH INDUSTRIES INC,NULL,NULL,6,UNITED STATES (USA)
6325,5NY,8050,RANDY MYERS STAGECOACH TRAILERS,NULL,NULL,6,UNITED STATES (USA)
7132,1S9838,8050,RANDY MYERS STAGECOACH TRAILERS,NULL,NULL,6,UNITED STATES (USA)
9910,1S9741,8063,STANLEY TRAILER & MFG.,NULL,NULL,6,UNITED STATES (USA)
6326,2S9123,8071,STAR-TRANS EQUIPMENT MANUFACTURING INC.,NULL,NULL,1,CANADA
10576,1J9259,8075,GONE FISHIN ENTERPRISES JAYZEE MFG,NULL,NULL,6,UNITED STATES (USA)
9881,1J9243,8078,JD ENTERPRISE,NULL,NULL,6,UNITED STATES (USA)
10564,1M9576,8079,MAK LEASING INC,NULL,NULL,6,UNITED STATES (USA)
9748,ZJM,8081,MALAGUTI S.P.A.,NULL,NULL,9,ITALY
7682,1J9253,8083,KERR-BILT TRAILERS JL INC,NULL,NULL,6,UNITED STATES (USA)
8718,1Z9087,8090,JOHN WHITE SERVICES,NULL,NULL,6,UNITED STATES (USA)
7229,1M9001,8091,"MERIT TANK & BODY, INC.",NULL,NULL,6,UNITED STATES (USA)
4282,1MT,8092,"MERRITT TRAILERS INC. ",NULL,NULL,6,UNITED STATES (USA)
8722,1F9174,8094,"PRECISION EQUIPMENT COMPANY, INC.",NULL,NULL,6,UNITED STATES (USA)
8719,1P9212,8095,PRECISION FABRICATING & CLEANING,NULL,NULL,6,UNITED STATES (USA)
10201,1P9376,8097,PRECISION HUSKY CORPORATION,NULL,NULL,6,UNITED STATES (USA)
5116,1P9301,8099,"HILL AND SMITH, INC.",NULL,NULL,6,UNITED STATES (USA)
11692,7L3,8099,"HILL AND SMITH, INC.",NULL,NULL,6,UNITED STATES (USA)
7550,1P9340,8101,"PREMIER COACHBUILDERS, INC.",NULL,NULL,6,UNITED STATES (USA)
8726,1P9355,8103,"PREMIER TRAILER MANUFACTURING, INC.",NULL,NULL,6,UNITED STATES (USA)
7683,1S9136,8105,"MACK TRUCKS OF UTAH,INC.",NULL,NULL,6,UNITED STATES (USA)
7811,1S9410,8105,"MACK TRUCKS OF UTAH,INC.",NULL,NULL,6,UNITED STATES (USA)
4865,1S9716,8108,SCENIC VIEW WELDING LLC,NULL,NULL,6,UNITED STATES (USA)
7249,1M9634,8111,MARTIN MARIETTA COMPOSITES,NULL,NULL,6,UNITED STATES (USA)
7105,1M9629,8112,MARTIN'S STEEL INC,NULL,NULL,6,UNITED STATES (USA)
10043,1M9565,8113,MARTINEZ & TUREK INC,NULL,NULL,6,UNITED STATES (USA)
10079,1M9234,8113,MARTINEZ & TUREK INC,NULL,NULL,6,UNITED STATES (USA)
9676,1M9481,8116,"MARTINEZ WELDING, INC.",NULL,NULL,6,UNITED STATES (USA)
11079,1M9614,8119,MARTY'S TRAILER DEPOT DBA M.E.LIGHT & ELE. INC,NULL,NULL,6,UNITED STATES (USA)
10534,5LG,8129,MASTERBUILT MANUFACTURING INC,NULL,NULL,6,UNITED STATES (USA)
7106,1M9630,8130,MASTERCARRY TRAILER MANUFACTURING,NULL,NULL,6,UNITED STATES (USA)
6179,TCP,8131,PERAVES AG,NULL,NULL,50,SWITZERLAND
8904,4HP,8135,PERFORMANCE TRAILER INC.,NULL,NULL,6,UNITED STATES (USA)
9367,1S9776,8136,SPRAYER SPECIALITIES INC,NULL,NULL,6,UNITED STATES (USA)
6321,1HU,8137,"SPREUER & SON, INC.",NULL,NULL,6,UNITED STATES (USA)
6966,1S9141,8141,SPUDNIK EQUIPMENT COMPANY LLC,NULL,NULL,6,UNITED STATES (USA)
12004,4S9534,8141,SPUDNIK EQUIPMENT COMPANY LLC,NULL,NULL,6,UNITED STATES (USA)
8728,1S9662,8144,SKYTOP BREWSTER CO.,NULL,NULL,6,UNITED STATES (USA)
5675,5E3,8145,SLABACH ENTERPRISES,NULL,NULL,6,UNITED STATES (USA)
9908,1P9393,8147,"PRO-STREET FRAMEWORKS, LLC",NULL,NULL,6,UNITED STATES (USA)
9700,1P9175,8148,PRO-TEC TRAILERS,NULL,NULL,6,UNITED STATES (USA)
7234,1P9064,8150,PROCESS ENGINEERING INC.,NULL,NULL,6,UNITED STATES (USA)
8729,1P9318,8152,PRODUCTION WELDING,NULL,NULL,6,UNITED STATES (USA)
8732,1P9327,8156,PROFILE TRAILERS,NULL,NULL,6,UNITED STATES (USA)
9645,1P9488,8158,PROJECT X CHOPPERS,NULL,NULL,6,UNITED STATES (USA)
3801,1Z9348,8159,PROLINE PRODUCTS LLC,NULL,NULL,6,UNITED STATES (USA)
4508,1P9489,8159,PROLINE PRODUCTS LLC,NULL,NULL,6,UNITED STATES (USA)
9484,1P9432,8162,PROTOW TRAILERS,NULL,NULL,6,UNITED STATES (USA)
6243,1P9407,8165,"PROWELD, LLC.",NULL,NULL,6,UNITED STATES (USA)
8734,1P9339,8166,"PRYCO, INC.",NULL,NULL,6,UNITED STATES (USA)
7117,1P9473,8170,PULLRIGHT TRAILERS INC,NULL,NULL,6,UNITED STATES (USA)
8737,1P9278,8171,PULVER RACE FAB,NULL,NULL,6,UNITED STATES (USA)
7684,1SA,8181,STARCRAFT RV,NULL,NULL,6,UNITED STATES (USA)
7685,2SA,8181,STARCRAFT RV,NULL,NULL,1,CANADA
10048,1J9224,8182,JD'S MOTORCYCLE STUFF,NULL,NULL,6,UNITED STATES (USA)
8738,1J9155,8186,JEFF'S CUSTOM WELDING,NULL,NULL,6,UNITED STATES (USA)
9362,1J9245,8188,JEL CORP,NULL,NULL,6,UNITED STATES (USA)
8740,1J9216,8189,JENKINS & JENKINS ENTERPRISES LTD,NULL,NULL,6,UNITED STATES (USA)
10594,1J9285,8192,JENSEN METAL PRODUCTS,NULL,NULL,6,UNITED STATES (USA)
8742,1L9237,8195,LOADMASTER TRAILER COMPANY LTD.,NULL,NULL,6,UNITED STATES (USA)
7583,1L9248,8197,LOBB TRAILER MANUFACTURING,NULL,NULL,6,UNITED STATES (USA)
7127,1S9814,8199,SLUSARSKI MFG,NULL,NULL,6,UNITED STATES (USA)
8743,1S9653,8201,"SMART TRAILERS, INC.",NULL,NULL,6,UNITED STATES (USA)
10439,1S9792,8204,SMITBUILT MFG.,NULL,NULL,6,UNITED STATES (USA)
10192,1S9SMD,8205,SMITH-MCDANIEL INC,NULL,NULL,6,UNITED STATES (USA)
9291,1S9014,8206,"SMITH FARM EQUIPMENT, CO.",NULL,NULL,6,UNITED STATES (USA)
8747,1S9677,8208,SMITH TRAILERS,NULL,NULL,6,UNITED STATES (USA)
8748,1S9476,8211,SMITHCO MANUFACTURING,NULL,NULL,6,UNITED STATES (USA)
8749,1S9601,8216,SNOW MANUFACTURING INC,NULL,NULL,6,UNITED STATES (USA)
9888,1T9658,8227,TRANS-TECH INDUSTRIES INC,NULL,NULL,6,UNITED STATES (USA)
9504,1T9730,8230,TRANSCOR INTERNATIONAL DEVELOPMENT CORP.,NULL,NULL,6,UNITED STATES (USA)
12107,1TT,8231,TRANSCRAFT CORPORATION,NULL,NULL,6,UNITED STATES (USA)
4280,58L,8234,METAL CRAFT MANUFACTURING LLC,NULL,NULL,6,UNITED STATES (USA)
10125,1FW,8234,METAL CRAFT MANUFACTURING LLC,NULL,NULL,6,UNITED STATES (USA)
9206,1M9159,8235,METAL WORKS 360 INC,NULL,NULL,6,UNITED STATES (USA)
10732,1N9060,8241,"NORTHCUTT TRUCK-TRAILER SALES, INC.",NULL,NULL,6,UNITED STATES (USA)
9795,1N9202,8242,"NORTHEAST FABRICATORS, LLC",NULL,NULL,6,UNITED STATES (USA)
10965,1N9118,8243,NORTHERN TRAILER & FABRICATION COMPANY,NULL,NULL,6,UNITED STATES (USA)
10588,1N9208,8245,NORTHERN UNITED INC,NULL,NULL,6,UNITED STATES (USA)
6332,1T9582,8250,"TRANSPORTATION TECHNIQUES, LLC",NULL,NULL,6,UNITED STATES (USA)
5502,1T9050,8258,"TRAVEL UNITS, INC.",NULL,NULL,6,UNITED STATES (USA)
10100,1T9588,8265,TREMCAR USA INC.,NULL,NULL,6,UNITED STATES (USA)
8750,1T9524,8267,"TRI-COUNTY MANUFACTURING, INC.",NULL,NULL,6,UNITED STATES (USA)
8751,1T9508,8269,"TRI-ONE, INC.",NULL,NULL,6,UNITED STATES (USA)
8752,1T9006,8271,TRI-STAR TRAILERS,NULL,NULL,6,UNITED STATES (USA)
8753,1T9354,8273,"TRI-STATE INDUSTRIES, INC.",NULL,NULL,6,UNITED STATES (USA)
8754,1T9536,8274,TRIAD ALUMINUM FABRICATION & SALES,NULL,NULL,6,UNITED STATES (USA)
5510,1T9013,8275,TRIAD TRAILERS LLC,NULL,NULL,6,UNITED STATES (USA)
10921,1P9009,8279,PERFORMANCE TRAILERS,NULL,NULL,6,UNITED STATES (USA)
7510,1T9016,8279,PERFORMANCE TRAILERS,NULL,NULL,6,UNITED STATES (USA)
7686,1P9044,8279,PERFORMANCE TRAILERS,NULL,NULL,6,UNITED STATES (USA)
9561,1P9409,8280,"PERFORMANCE TRAILERS, INC.",NULL,NULL,6,UNITED STATES (USA)
6955,109024,8288,OTTAWA TRUCK CORPORATION,NULL,NULL,6,UNITED STATES (USA)
7499,1M9219,8291,OTTERBACHER TRAILERS,NULL,NULL,6,UNITED STATES (USA)
10551,1Z9191,8291,OTTERBACHER TRAILERS,NULL,NULL,6,UNITED STATES (USA)
10455,1Z9182,8293,OTTO'S CUSTOM TRAILERS,NULL,NULL,6,UNITED STATES (USA)
9480,1M9615,8297,MAYES WELDING,NULL,NULL,6,UNITED STATES (USA)
10486,1M9575,8299,"MB MACHINE, WELDING & FABRICATION INC",NULL,NULL,6,UNITED STATES (USA)
8515,1M9655,8300,MC TOURING PRODUCTS,NULL,NULL,6,UNITED STATES (USA)
8755,1M9473,8302,MCALLISTER MOTORCYCLE MANUFACTURING,NULL,NULL,6,UNITED STATES (USA)
8756,2M9056,8303,MCBRIDE TRAILERS INC.,NULL,NULL,1,CANADA
6187,1M9507,8307,MCCANN'S CUSTOMS,NULL,NULL,6,UNITED STATES (USA)
10283,1M9595,8308,MCCLAIN TRAILER CO,NULL,NULL,6,UNITED STATES (USA)
6188,4LY,8309,"MCCLAIN TRAILERS, INC",NULL,NULL,6,UNITED STATES (USA)
8757,1M9119,8310,MCCORD MANUFACTURING INC,NULL,NULL,6,UNITED STATES (USA)
10082,1M9502,8311,"MCCORMICK MACHINE, LLC",NULL,NULL,6,UNITED STATES (USA)
9126,1M9452,8314,MCDONALD TRAILER SALES,NULL,NULL,6,UNITED STATES (USA)
10568,1S9752,8324,STARR MANUFACTURING,NULL,NULL,6,UNITED STATES (USA)
10536,1S9834,8328,STANTON DYNAMICS,NULL,NULL,6,UNITED STATES (USA)
9306,5EW,8329,"STECO, INC.",NULL,NULL,6,UNITED STATES (USA)
7218,1TD,8330,TIMPTE INC.,NULL,NULL,6,UNITED STATES (USA)
8758,1T9440,8335,TITAN MOTORCYCLE COMPANY OF AMERICA,NULL,NULL,6,UNITED STATES (USA)
8759,5TM,8335,TITAN MOTORCYCLE COMPANY OF AMERICA,NULL,NULL,6,UNITED STATES (USA)
8762,1P9247,8341,PETROSSI WELDING,NULL,NULL,6,UNITED STATES (USA)
10270,1P9441,8342,PETTY BUILT MFG,NULL,NULL,6,UNITED STATES (USA)
10317,VGA,8344,PEUGEOT MOTORCYCLES,NULL,NULL,11,FRANCE
9946,1P9418,8348,"PHASE II TRUCK BODY, INC.",NULL,NULL,6,UNITED STATES (USA)
10279,2P9036,8351,PHIL LAROCHELLE EQUIPMENT INC,NULL,NULL,1,CANADA
4712,1P9466,8358,PHOENIX MOTORCARS LLC,NULL,NULL,6,UNITED STATES (USA)
5386,1P9481,8358,PHOENIX MOTORCARS LLC,NULL,NULL,6,UNITED STATES (USA)
9728,2P9085,8361,PHOENIX ROTARY EQUIPMENT LTD,NULL,NULL,1,CANADA
10573,1P9443,8362,PHOENIX SPORTS CARS INC,NULL,NULL,6,UNITED STATES (USA)
10220,1P9344,8364,PHOENIX USA IMPEX INC,NULL,NULL,6,UNITED STATES (USA)
6330,5BP,8371,SOLECTRIA CORPORATION,NULL,NULL,6,UNITED STATES (USA)
8763,1S9S10,8371,SOLECTRIA CORPORATION,NULL,NULL,6,UNITED STATES (USA)
8764,1S9S20,8371,SOLECTRIA CORPORATION,NULL,NULL,6,UNITED STATES (USA)
8765,1S9S30,8371,SOLECTRIA CORPORATION,NULL,NULL,6,UNITED STATES (USA)
7128,1S9803,8373,SOLID STEEL FABRICATION,NULL,NULL,6,UNITED STATES (USA)
8767,1S9434,8375,SOUTHWEST  TRUCK RIGGING & EQUIP.,NULL,NULL,6,UNITED STATES (USA)
6331,1S9727,8376,"SOUTHWEST GOLF CARS, INC.",NULL,NULL,6,UNITED STATES (USA)
11000,1S9484,8379,SOUTHWEST SALES,NULL,NULL,6,UNITED STATES (USA)
9794,1S9748,8380,SOUTHWEST SPECIALTY TRAILERS,NULL,NULL,6,UNITED STATES (USA)
10908,XL9310,8385,TRIGGER TECHNICS BV,NULL,NULL,6,UNITED STATES (USA)
6959,1JU,8387,MARMON MOTOR CO,NULL,NULL,6,UNITED STATES (USA)
9583,1M9529,8390,"MARQUARDT TRAILER MANUFACTURING, INC.",NULL,NULL,6,UNITED STATES (USA)
10084,1Z9160,8394,"ODYSSEY EXTREME MACHINES, INC",NULL,NULL,6,UNITED STATES (USA)
10526,5J4,8395,OEM FABRICATORS INC,NULL,NULL,6,UNITED STATES (USA)
8769,1T9373,8401,TRIPLE-H-TRAILERS,NULL,NULL,6,UNITED STATES (USA)
8770,1T9492,8408,TRISEN FABRICATION,NULL,NULL,6,UNITED STATES (USA)
10563,1T9732,8416,"TROLLEY BOATS , LLC",NULL,NULL,6,UNITED STATES (USA)
10141,1T9696,8420,TROPIC TRAILER INC,NULL,NULL,6,UNITED STATES (USA)
9891,1T9364,8421,TROPICAL TRAILERS OF LAKELAND,NULL,NULL,6,UNITED STATES (USA)
9595,1T9636,8422,"TROTTERS MANUFACTURING, INC.",NULL,NULL,6,UNITED STATES (USA)
9348,1T9719,8423,"TROXELL COMPANY, INC.",NULL,NULL,6,UNITED STATES (USA)
8771,19M,8433,MASTERCRAFT BOAT COMPANY,NULL,NULL,6,UNITED STATES (USA)
9643,1M9652,8434,"MASTERPIECE TRAILERS, LLC",NULL,NULL,6,UNITED STATES (USA)
4767,5PM,8436,"RAGE'N, INC. dba WEEKEND WARRIOR TRAILERS, INC.",NULL,NULL,6,UNITED STATES (USA)
9746,4S9077,8437,SUB CULTURE CYCLES,NULL,NULL,6,UNITED STATES (USA)
5238,4S9055,8438,"S&S CYCLE, INC.",NULL,NULL,6,UNITED STATES (USA)
4370,1M9763,8440,"MIDWEST CUSTOM CYCLES, INC.",NULL,NULL,6,UNITED STATES (USA)
10389,1W9441,8442,"WILLIAMS FIRE & HAZARD CONTROL, INC.",NULL,NULL,6,UNITED STATES (USA)
5070,4S9072,8443,"SUNDANCE EQUIPMENT, INC.",NULL,NULL,6,UNITED STATES (USA)
3435,5SJ,8444,AVANTI MOTORCYCLES INC.,NULL,NULL,8,CHINA
2903,4C9092,8445,"CAROLINA EQUIPMENT & SUPPLY CO., INC.",NULL,NULL,6,UNITED STATES (USA)
5036,1P9588,8446,PRECISION MOTORCYCLE CONCEPTS,NULL,NULL,6,UNITED STATES (USA)
4217,1L9397,8447,"LUXXX CUSTOM CYCLES a DIVISON OF ACTIVEQUEST, INC.",NULL,NULL,6,UNITED STATES (USA)
6426,1W9440,8448,"WRIGHT'S DESIGN & FAVRICATION, INC.",NULL,NULL,6,UNITED STATES (USA)
2730,5RJ,8450,ANDROID INDUSTRIES - SPRINGFIELD LLC,NULL,NULL,6,UNITED STATES (USA)
2731,5UF,8450,ANDROID INDUSTRIES - SPRINGFIELD LLC,NULL,NULL,6,UNITED STATES (USA)
3489,5UL,8453,H & H TRAILER SW,NULL,NULL,6,UNITED STATES (USA)
4117,1C9878,8455,"MARK MINER ENTERPRISES, INC. dba CUSTOM",NULL,NULL,6,UNITED STATES (USA)
4631,1J9362,8459,"JASON INDUSTRIES, INC.",NULL,NULL,6,UNITED STATES (USA)
5691,1W9412,8462,"WOODS LINE EQUIPMENT, INC.",NULL,NULL,6,UNITED STATES (USA)
3832,LJC,8463,JINCHENG CORPORATION,NULL,NULL,8,CHINA
5129,4S9046,8464,SPEEDWAGON MANUFACTURING INC. SPEEDWAGON TRAILERS,NULL,NULL,6,UNITED STATES (USA)
5450,1V9149,8467,"VIVA MOTORSPORTS, INC.",NULL,NULL,6,UNITED STATES (USA)
4922,1R9563,8468,"RIVER BEND CHOPPERS, INC.",NULL,NULL,6,UNITED STATES (USA)
5124,1R9599,8469,RUTHLESS MOTORCYCLE COMPANY,NULL,NULL,6,UNITED STATES (USA)
4171,1H9496,8470,HARRIS CUSTOM CYCLES,NULL,NULL,6,UNITED STATES (USA)
6059,1E9429,8473,EASTCOAST BIKEWORKS LLC,NULL,NULL,6,UNITED STATES (USA)
6186,1M9692,8475,"MASTER SOLUTIONS, INC.",NULL,NULL,6,UNITED STATES (USA)
6014,1D9645,8477,DIAMOND CUT CARRIERS,NULL,NULL,6,UNITED STATES (USA)
5044,1R9655,8481,"ROADRUNNER TRAILERS, LLC",NULL,NULL,6,UNITED STATES (USA)
4760,1P9622,8485,"PIONEER PUMP, INC.",NULL,NULL,6,UNITED STATES (USA)
3782,4C9081,8486,COMFORTS OF HOME SERVICES INC,NULL,NULL,6,UNITED STATES (USA)
3188,4C9258,8487,"CT COACHWORKS, LLC",NULL,NULL,6,UNITED STATES (USA)
6337,1T9976,8488,TRUE TRAIL INC.,NULL,NULL,6,UNITED STATES (USA)
6232,1N9284,8489,"NATIONAL GOLF CARS, INC.",NULL,NULL,6,UNITED STATES (USA)
4916,1R9653,8491,"RIVERSIDE RV, INC.",NULL,NULL,6,UNITED STATES (USA)
11826,59C,8491,"RIVERSIDE RV, INC.",NULL,NULL,6,UNITED STATES (USA)
4606,1B9906,8494,"MXROS, INC. DBA BANTAM TRAILERS USA",NULL,NULL,6,UNITED STATES (USA)
5782,1W9466,8495,WHITETAIL WATERSPORTS,NULL,NULL,6,UNITED STATES (USA)
10218,1W9381,8495,WHITETAIL WATERSPORTS,NULL,NULL,6,UNITED STATES (USA)
4389,1Z9341,8496,OAKLEY WELDCRAFT LLC,NULL,NULL,6,UNITED STATES (USA)
5022,1W9472,8498,"SCRUGGS TRAILER & EQUIPMENT WSE LEASING, INC.",NULL,NULL,6,UNITED STATES (USA)
6345,1U9123,8499,UNIVERSAL COMPOSITE LLC,NULL,NULL,6,UNITED STATES (USA)
5509,1T9977,8500,TRI COUNTY CHOPPERS II,NULL,NULL,6,UNITED STATES (USA)
3016,1B9903,8501,BRYANT TRAILERS,NULL,NULL,6,UNITED STATES (USA)
10401,1A9717,8505,"ANARCHY MOTORCYCLE COMPANY, LLC",NULL,NULL,6,UNITED STATES (USA)
5671,4S9132,8506,SMALL CAR SOLUTIONS LLC,NULL,NULL,6,UNITED STATES (USA)
3469,4C9151,8509,"CHOPS AND BOBBERS, LLC",NULL,NULL,6,UNITED STATES (USA)
5751,1U9117,8511,UWOOD CO.,NULL,NULL,6,UNITED STATES (USA)
4494,1Z9328,8512,ORLANDO METAL FABRICATION,NULL,NULL,6,UNITED STATES (USA)
5371,1T9979,8514,"TERRAFUGIA, INC.",NULL,NULL,6,UNITED STATES (USA)
5804,1A9796,8515,A & E FABRICATORS,NULL,NULL,6,UNITED STATES (USA)
2964,3CW,8516,FIVE STAR TRAILERS S.A. DE C.V.,NULL,NULL,NULL,NULL
4138,1H9524,8520,HACKSTETTER MOTOR HOLDINGS LLC,NULL,NULL,6,UNITED STATES (USA)
3222,1E9428,8522,EZ TRAILERS,NULL,NULL,6,UNITED STATES (USA)
5487,1T9949,8523,"TRANSPORTATION SYSTEMS SOLUTIONS, LLC",NULL,NULL,6,UNITED STATES (USA)
6394,1T9944,8524,TOWMAXX SPECIALITY TRAILER CO.,NULL,NULL,6,UNITED STATES (USA)
3223,1F9353,8526,FLATT ENTERPRISES,NULL,NULL,6,UNITED STATES (USA)
5091,1P9611,8529,"PROBILT BODY & TRAILER, INC.",NULL,NULL,6,UNITED STATES (USA)
4391,5XM,8531,OPEN RANGE RV COMPANY,NULL,NULL,6,UNITED STATES (USA)
4228,1H9441,8533,"HAYVAN MANUFACTURING BK3 INVESTMENTS, LLC",NULL,NULL,6,UNITED STATES (USA)
3692,4C9162,8535,CLEASBY CONVEYORS,NULL,NULL,6,UNITED STATES (USA)
5699,1U9120,8539,USA CHOPPERS LLC,NULL,NULL,6,UNITED STATES (USA)
4750,1R9628,8540,RACEPORT CUSTOM TRAILERS,NULL,NULL,6,UNITED STATES (USA)
6000,1H9538,8541,"HYDRATREK, LLC",NULL,NULL,6,UNITED STATES (USA)
5213,1T9956,8542,TANFIELD ENGINEERING SYSTEMS US INC.,NULL,NULL,6,UNITED STATES (USA)
5774,5DN,8543,WESTERN TRAILER COMPANY,NULL,NULL,6,UNITED STATES (USA)
7413,1B9659,8557,B&W CUSTOM TRUCK BEDS INC,NULL,NULL,6,UNITED STATES (USA)
9328,1B9538,8558,B.C. TRAILERS INC,NULL,NULL,6,UNITED STATES (USA)
10530,1B9536,8559,"B&W WELDING & REPAIR, INC.",NULL,NULL,6,UNITED STATES (USA)
9607,1B9569,8560,"BACKYARD TRAILERS, LLC",NULL,NULL,6,UNITED STATES (USA)
8772,1B9478,8561,BAHR CUSTOM BOATS &  TRAILERS,NULL,NULL,6,UNITED STATES (USA)
8773,1B9470,8563,BAZ MFG.,NULL,NULL,6,UNITED STATES (USA)
5424,LJ4,8564,"SHANGHAI JMSTAR MOTORCYCLE CO., LTD",NULL,NULL,8,CHINA
6210,1L9361,8565,"LITHIUM HOUSE, INC.",NULL,NULL,6,UNITED STATES (USA)
5975,4MF,8567,CART-AWAY CONCRETE SYSTEMS INC.,NULL,NULL,6,UNITED STATES (USA)
5875,1B9721,8568,"BAY TOWN CHOPPERS, INC.",NULL,NULL,6,UNITED STATES (USA)
10293,4YP,8570,"LOADMASTER ALUMINUM BOAT TRAILERS, INC",NULL,NULL,6,UNITED STATES (USA)
10353,1B9727,8571,BYW TRAILERS,NULL,NULL,6,UNITED STATES (USA)
6598,1N9242,8573,NORTH AMERICAN MOTORCYCLE CO.,NULL,NULL,6,UNITED STATES (USA)
10179,5KV,8574,S & S TRAILERS,NULL,NULL,6,UNITED STATES (USA)
10196,1A9690,8575,ANESKO'S CUSTOM TRAILERS,NULL,NULL,6,UNITED STATES (USA)
10217,1C9802,8576,"COVINGTON CYCLE CITY, LLC",NULL,NULL,6,UNITED STATES (USA)
10227,1C9974,8577,CHOPPER KINGS LLC,NULL,NULL,6,UNITED STATES (USA)
6154,1J9311,8578,JONES MOTORSPORTS,NULL,NULL,6,UNITED STATES (USA)
7818,1W9011,8579,"WHEELER STEEL WORKS , INC",NULL,NULL,6,UNITED STATES (USA)
10193,5H6,8581,WHEELS UNLIMITED,NULL,NULL,6,UNITED STATES (USA)
8267,1T9815,8585,THUNDERDOME ENTERPRISES,NULL,NULL,6,UNITED STATES (USA)
8262,1A9662,8589,AVILA MANUFACTURING,NULL,NULL,6,UNITED STATES (USA)
8258,1C9958,8591,"CUSTOM BIKE WORKS, INC.",NULL,NULL,6,UNITED STATES (USA)
8259,1P9517,8593,PULL-WRIGHT TRAILERS & RANCH EQUIPMENT,NULL,NULL,6,UNITED STATES (USA)
8276,1F9263,8594,FLINT MANUFACTURING,NULL,NULL,6,UNITED STATES (USA)
2991,1F9293,8600,FLYNN'S WELDING & MACHINE SHOP,NULL,NULL,6,UNITED STATES (USA)
8426,1H9464,8601,HOLLAND CHOPPERS,NULL,NULL,6,UNITED STATES (USA)
8447,1B9744,8602,BOMAG PAVING PRODUCTS,NULL,NULL,6,UNITED STATES (USA)
8274,1K9244,8603,"K & K SYSTEMS, INC.",NULL,NULL,6,UNITED STATES (USA)
8416,1R9521,8605,ROPER MANUFACTURING,NULL,NULL,6,UNITED STATES (USA)
7688,VGY,8607,LOHR EQUIPMENT & WELDING,NULL,NULL,11,FRANCE
8524,KMY,8608,"DAELIM MOTOR CO., LTD",NULL,NULL,15,SOUTH KOREA
2759,1E9351,8611,ERWIN PRECISION INC.,NULL,NULL,6,UNITED STATES (USA)
8449,1C9955,8613,CRANFORD RADIATOR INC.,NULL,NULL,6,UNITED STATES (USA)
8448,1C9962,8614,"CHRISTIANSEN WELDING & MACHINE, INC.",NULL,NULL,6,UNITED STATES (USA)
8428,1W9396,8617,WEEZE CHOPPERS,NULL,NULL,6,UNITED STATES (USA)
8421,5P3,8619,"BARON MOTORCYCLES, INC.",NULL,NULL,6,UNITED STATES (USA)
8827,1A9158,8620,"CUSTOM TRIKES, INC. (Trikes & Accessories Inc.)",NULL,NULL,6,UNITED STATES (USA)
8828,1A9133,8620,"CUSTOM TRIKES, INC. (Trikes & Accessories Inc.)",NULL,NULL,213,UNITED ARAB EMIRATES
8461,1C9960,8622,CLASSIC MC,NULL,NULL,6,UNITED STATES (USA)
8459,1S9926,8623,"SEALCOATERS DEPOT , INC.",NULL,NULL,6,UNITED STATES (USA)
8458,1A9665,8624,ATSATV,NULL,NULL,6,UNITED STATES (USA)
8350,1T9813,8625,"TOUCH ""A"" CLASS MFG.",NULL,NULL,6,UNITED STATES (USA)
4371,1M9746,8626,MIDWEST GENERAL REPAIR & FABRICATION LLC,NULL,NULL,6,UNITED STATES (USA)
10386,5PY,8627,TARNEL USA,NULL,NULL,6,UNITED STATES (USA)
8269,1R9513,8628,"RUFFNECK TRAILER COMPANY, INC.",NULL,NULL,6,UNITED STATES (USA)
4384,1Z9232,8629,OUTLAW CUSTOMS,NULL,NULL,6,UNITED STATES (USA)
8260,1S9921,8630,SEBASTO WELDING,NULL,NULL,6,UNITED STATES (USA)
5590,4S9004,8631,SILVER STATE INDUSTRIES DIVISION,NULL,NULL,6,UNITED STATES (USA)
4977,1R9390,8632,RED HORSE MOTORWORKS,NULL,NULL,6,UNITED STATES (USA)
3428,1B9806,8633,"BOBBY'S RULE, INC.",NULL,NULL,6,UNITED STATES (USA)
4161,1N9253,8634,"NEW HEIGHTS, LLC",NULL,NULL,6,UNITED STATES (USA)
5598,1W9423,8635,"WARRIOR MANUFACTURING, LLC",NULL,NULL,6,UNITED STATES (USA)
2715,1D9548,8637,"DETROIT BROTHERS, LLC dba DETROIT BROS. CUSTOM CYC",NULL,NULL,6,UNITED STATES (USA)
5666,1S9640,8639,"SIXTH STREET CHOPPERS, LLC",NULL,NULL,6,UNITED STATES (USA)
4611,1R9562,8640,"R & H SPECIALTIES, INC.",NULL,NULL,6,UNITED STATES (USA)
4028,1L9379,8641,LAKE NORMAN TRAILER,NULL,NULL,6,UNITED STATES (USA)
3300,5P5,8642,BLACKROCK TRAILERS CORPORATION,NULL,NULL,6,UNITED STATES (USA)
4210,1L9380,8643,LUMBEE TRIKES & BIKES,NULL,NULL,6,UNITED STATES (USA)
5071,1S9999,8644,SUNDANCE TRAILERS dba SANTEK TRAILERS,NULL,NULL,6,UNITED STATES (USA)
5652,1T9851,8646,"TOMMY BOY RACING, INC.",NULL,NULL,6,UNITED STATES (USA)
5085,1P9556,8647,"PRO FAB IND., INC.",NULL,NULL,6,UNITED STATES (USA)
4258,1H9486,8648,HEAVY DUTY CYCLES,NULL,NULL,6,UNITED STATES (USA)
5443,5NZ,8649,TRAILMANOR,NULL,NULL,6,UNITED STATES (USA)
3979,1L9376,8650,L/E AUTO WORKS,NULL,NULL,6,UNITED STATES (USA)
4231,1H9472,8651,"HB CUSTOM COMPONENTS, INC.",NULL,NULL,6,UNITED STATES (USA)
4780,1R9546,8652,RHINO MOTORCYCLES,NULL,NULL,6,UNITED STATES (USA)
3313,1B9796,8653,BLASTCRETE EQUIPMENT CO.,NULL,NULL,6,UNITED STATES (USA)
2656,1A9701,8654,"ABSOLUTE PERFORMANCE, INC.",NULL,NULL,6,UNITED STATES (USA)
4298,1M9739,8655,MVP TECHNOLOGIES,NULL,NULL,6,UNITED STATES (USA)
10191,5ES,8658,"HUNTER AUTOMOTIVE GROUP, INC.",NULL,NULL,6,UNITED STATES (USA)
10197,1H9362,8659,HOOVER TRAILERS,NULL,NULL,6,UNITED STATES (USA)
10198,1H9371,8660,HIGHLANDER PARK HOMES LLP,NULL,NULL,6,UNITED STATES (USA)
5034,1J9342,8661,STAR EV CORPORATION,NULL,NULL,6,UNITED STATES (USA)
9251,52R,8661,STAR EV CORPORATION,NULL,NULL,6,UNITED STATES (USA)
10200,1L9302,8662,"LEHMAN MFG. COMPANY, INC.",NULL,NULL,6,UNITED STATES (USA)
3475,1B9893,8665,"BOOT HILL TRAILER, LLC",NULL,NULL,6,UNITED STATES (USA)
5550,1T9966,8667,"TRIPLE R TRAILER SALES, INC.",NULL,NULL,6,UNITED STATES (USA)
3630,1B9900,8668,"BAIR BODIES & TRAILERS, INC.",NULL,NULL,6,UNITED STATES (USA)
5907,LJL,8670,"ZHEJIANG LINGYU VEHICLE INDUSTRY CO., LTD.",NULL,NULL,8,CHINA
3679,4C9204,8673,CEE-JAY TOOL COMPANY,NULL,NULL,6,UNITED STATES (USA)
5931,1B9901,8674,B & W MANTRAD INC.,NULL,NULL,6,UNITED STATES (USA)
5621,1T9980,8675,"TMT MANUFACTURING CO., INC.",NULL,NULL,6,UNITED STATES (USA)
5734,1F9164,8677,"SMI & HYDRAULICS, INC",NULL,NULL,6,UNITED STATES (USA)
5262,5TP,8678,TRAILER ALABAMA TRAILER CO. INC.,NULL,NULL,6,UNITED STATES (USA)
3093,1F9361,8679,FOUNDRY MOTO LLC,NULL,NULL,6,UNITED STATES (USA)
3298,4C9169,8680,"CTM CUSTOMS, LLC",NULL,NULL,6,UNITED STATES (USA)
5862,1A9806,8681,ALL MARINE TRAILERS,NULL,NULL,6,UNITED STATES (USA)
5568,1T9978,8682,"TROPHY BOAT TRAILERS, INC.",NULL,NULL,6,UNITED STATES (USA)
3949,1L9426,8685,LIGHTNING ROD MOTORCYCLES,NULL,NULL,6,UNITED STATES (USA)
5763,1W9163,8686,VALLEY VESSEL FABRICATORS INC.,NULL,NULL,6,UNITED STATES (USA)
3534,1B9909,8688,BQ GRILLS,NULL,NULL,6,UNITED STATES (USA)
2648,1D9615,8690,DEL MAR TRAILERS LLC,NULL,NULL,6,UNITED STATES (USA)
5483,1T9915,8691,"TILMAN DUMP TRAILERS, LLC",NULL,NULL,6,UNITED STATES (USA)
3910,5VS,8692,"GENERAL RICH ENTERPRISES, LLC",NULL,NULL,6,UNITED STATES (USA)
6231,1N9274,8694,NORRIS TRUCK & TRAILER,NULL,NULL,6,UNITED STATES (USA)
4694,5LE,8695,"QUALITY STEEL & ALUMINUM PRODUCTS, LLC",NULL,NULL,6,UNITED STATES (USA)
4218,1H9521,8696,"HAWK FRP, LLC",NULL,NULL,6,UNITED STATES (USA)
2669,1B9860,8697,"BEAR STEEL, INC.",NULL,NULL,6,UNITED STATES (USA)
4863,5SL,8699,MULTIQUIP INC.,NULL,NULL,6,UNITED STATES (USA)
4909,4GN,8699,MULTIQUIP INC.,NULL,NULL,6,UNITED STATES (USA)
6913,3AU,8699,MULTIQUIP INC.,NULL,NULL,12,MEXICO
3208,1E9380,8702,EAGLE ERECTORS INC.,NULL,NULL,6,UNITED STATES (USA)
9406,1S9919,8703,VENTURETECH CORPORATION,NULL,NULL,6,UNITED STATES (USA)
4181,5RT,8704,LARK UNITED MANUFACTURING INC.,NULL,NULL,6,UNITED STATES (USA)
8936,571,8704,LARK UNITED MANUFACTURING INC.,NULL,NULL,6,UNITED STATES (USA)
4027,1K9260,8705,KELLER WELDING LLC,NULL,NULL,6,UNITED STATES (USA)
3639,1B9788,8708,BAKERS TRAILER CO.,NULL,NULL,6,UNITED STATES (USA)
2654,1D9549,8709,"DELAWARE VALLEY CYCLE, INC.",NULL,NULL,6,UNITED STATES (USA)
2740,1B9803,8710,BERGKAMP INC,NULL,NULL,6,UNITED STATES (USA)
4822,1R9491,8711,"RAGING IRON CHOPPERS, LLC",NULL,NULL,6,UNITED STATES (USA)
3753,4C9045,8712,"COFFEY MFG., LLC",NULL,NULL,6,UNITED STATES (USA)
4556,1P9417,8714,PATRIOT MOTORCYCLE CORPORATION,NULL,NULL,6,UNITED STATES (USA)
3872,1B9804,8715,"KONERDING LEASING ",NULL,NULL,6,UNITED STATES (USA)
3085,4C9043,8717,CAMPERS CHOICE INC.,NULL,NULL,6,UNITED STATES (USA)
5488,5RZ,8719,TIMBERWOLF MANUFACTURING CORPORATION,NULL,NULL,6,UNITED STATES (USA)
8774,1T9520,8719,TIMBERWOLF MANUFACTURING CORPORATION,NULL,NULL,6,UNITED STATES (USA)
4736,1J9341,8722,JENISON AIRLEASE INC.,NULL,NULL,6,UNITED STATES (USA)
6101,1H9491,8723,"HIGH GEAR REPAIR, INC.",NULL,NULL,6,UNITED STATES (USA)
2693,1A9720,8724,ADRIAN HOMES,NULL,NULL,6,UNITED STATES (USA)
9928,1C9799,8725,C & M FABRICATION,NULL,NULL,6,UNITED STATES (USA)
3291,1B9762,8727,BLACK RIVER CHOPPERS INC.,NULL,NULL,6,UNITED STATES (USA)
7126,1S9811,8731,SKORCZEWSKI WELDING,NULL,NULL,6,UNITED STATES (USA)
4622,1P9336,8732,PRO-ONE QUALITY ACCESSORIES & CUSTOM MOTORCYCLES,NULL,NULL,6,UNITED STATES (USA)
5441,LEC,8733,"TIANJIN QINGYUAN ELECTRIC VEHICLE CO., LTD.",NULL,NULL,8,CHINA
7133,1S9407,8734,STANLEY EMERGENCY PRODUCTS INC.,NULL,NULL,6,UNITED STATES (USA)
8775,1B9498,8737,"BETTER BUILT TRAILERS, LLC",NULL,NULL,6,UNITED STATES (USA)
9864,1B9260,8738,BETTER WEIGH MFG RONALD J WALLACE,NULL,NULL,6,UNITED STATES (USA)
10574,1B9594,8742,BOICE MARINE INC,NULL,NULL,6,UNITED STATES (USA)
10859,1X7,8743,Bonanza & Rawhide Trailer Co.,NULL,NULL,6,UNITED STATES (USA)
8776,1B9473,8748,BURTEK INCORPORATED,NULL,NULL,6,UNITED STATES (USA)
9940,1C9794,8756,"CAPE FEAR MANUFCTURING, LLC",NULL,NULL,6,UNITED STATES (USA)
2719,5A3,8757,"CAR MATE TRAILERS, INC.",NULL,NULL,6,UNITED STATES (USA)
9629,1C9789,8760,"CHANDLER MFG., INC.",NULL,NULL,6,UNITED STATES (USA)
8256,1M9701,8761,"MIND'S EYE FABRICATION, INC.",NULL,NULL,6,UNITED STATES (USA)
10383,1C9961,8762,"CENTRAL FLORIDA TRAILER SALES, INC.",NULL,NULL,6,UNITED STATES (USA)
8365,1L9358,8763,"LAKE COUNTY CYCLES ",NULL,NULL,6,UNITED STATES (USA)
8315,L4B,8764,"CHINA XINGYUE GROUP CO., LTD.",NULL,NULL,6,UNITED STATES (USA)
8464,1B9740,8765,BOB'S TRAILER SALES AND SERVICE,NULL,NULL,6,UNITED STATES (USA)
6251,1Z9236,8767,"OCEAN CHOPPERS MANUFACTURING, INC.",NULL,NULL,6,UNITED STATES (USA)
8277,1G9340,8769,GRYPHON BIKES & CHOPPERS,NULL,NULL,6,UNITED STATES (USA)
4873,1CA,8772,"COBRA INDUSTRIES, INCORPORATED",NULL,NULL,6,UNITED STATES (USA)
7055,1C9737,8776,CORBIN MOTORS INC,NULL,NULL,6,UNITED STATES (USA)
9216,1C9604,8776,CORBIN MOTORS INC,NULL,NULL,6,UNITED STATES (USA)
8778,1C9665,8777,CR SPECIALTY MANUFACTURING,NULL,NULL,6,UNITED STATES (USA)
9858,1C9245,8779,"CUSTOM-FAB BODIES AND TRAILERS, INC.",NULL,NULL,6,UNITED STATES (USA)
8823,1L9352,8788,LOS ANGELES ROLLERS,NULL,NULL,6,UNITED STATES (USA)
8364,1B9747,8790,BIGASS GRILLS AND SMOKERS,NULL,NULL,6,UNITED STATES (USA)
8381,LLM,8799,"ZHEJIANG LINGTIAN MOTORCYCLE CO., LTD",NULL,NULL,8,CHINA
8401,1W9397,8800,WILRAY MFG. INC.,NULL,NULL,6,UNITED STATES (USA)
8445,1C9968,8801,CYCLE CONCEPTS INC.,NULL,NULL,6,UNITED STATES (USA)
8444,1V9138,8802,VIPER TRAILERS L.L.C,NULL,NULL,6,UNITED STATES (USA)
8374,1A9663,8803,ALL IN ONE CUSTOM FABRICATION & DESIGN,NULL,NULL,6,UNITED STATES (USA)
8367,1G9341,8804,"GRAVES CUSTOM CYCLES, LLC",NULL,NULL,6,UNITED STATES (USA)
8369,1C9812,8805,"C.C.E. TECHNOLOGIES, INC.",NULL,NULL,6,UNITED STATES (USA)
8363,129001,8806,"2-G TRAILER CO., LLC",NULL,NULL,6,UNITED STATES (USA)
2496,1N9084,8807,"ELDORADO NATIONAL (CALIFORNIA), INC.",NULL,NULL,6,UNITED STATES (USA)
8427,1M9704,8811,"MYERS MOTORS, LLC",NULL,NULL,6,UNITED STATES (USA)
8392,1A9673,8812,"ACME CRYOGENICS, INC.",NULL,NULL,6,UNITED STATES (USA)
8420,1A9674,8814,ACES CHOPPERWORKS,NULL,NULL,6,UNITED STATES (USA)
8418,1A9683,8815,"ARIZONA WOODRIVER OUTFITTERS, LLC",NULL,NULL,6,UNITED STATES (USA)
8417,1B9754,8817,BROWN EQUIPMENT COMPANY,NULL,NULL,6,UNITED STATES (USA)
8454,1P9526,8819,PEREWITZ CUSTOMS,NULL,NULL,6,UNITED STATES (USA)
8371,1R9493,8822,"RACE CITY RV PRODUCTS, LLC.",NULL,NULL,6,UNITED STATES (USA)
8453,1N9GPM,8823,NEW GENERATION PARK MODELS INC.,NULL,NULL,6,UNITED STATES (USA)
3504,5PA,8824,"CIMARRON TRAILERS, INC.",NULL,NULL,6,UNITED STATES (USA)
8413,1M9708,8827,MOVIE SITE POWER & LITE INC DBA MOBILE RESTROOM RENTAL,NULL,NULL,6,UNITED STATES (USA)
8412,1M9716,8828,MAN & MATERIAL LIFT ENGINEERING,NULL,NULL,6,UNITED STATES (USA)
8408,1J9321,8831,JACK GREEN CO.,NULL,NULL,6,UNITED STATES (USA)
4516,1P9522,8832,PROPER CHOPPER INC.,NULL,NULL,6,UNITED STATES (USA)
8407,1M9700,8833,MCGEE TRAILERS SALES,NULL,NULL,6,UNITED STATES (USA)
8406,1F9822,8834,TOMKEN MACHINE INC.,NULL,NULL,6,UNITED STATES (USA)
8405,1M9712,8835,"MADAMI INTERNATIONAL, LLC",NULL,NULL,6,UNITED STATES (USA)
8404,1R9523,8836,RAVEN MOTORCYCLE,NULL,NULL,6,UNITED STATES (USA)
5863,1A9679,8837,ALL SEASONS MANUFACTURING,NULL,NULL,6,UNITED STATES (USA)
8443,1A9675,8838,AERO FLITE TRAILERS,NULL,NULL,6,UNITED STATES (USA)
6265,1S9813,8839,STREAMLINER MOTORCYCLES INC.,NULL,NULL,6,UNITED STATES (USA)
10203,1T9681,8840,TITAN FABRICATION & WELDING,NULL,NULL,6,UNITED STATES (USA)
6297,5H3,8841,TAYLOR TRAILERS,NULL,NULL,6,UNITED STATES (USA)
6298,1T9695,8842,TAYLOR TIDE-LAND TRAILERS LLC,NULL,NULL,6,UNITED STATES (USA)
8287,1H9455,8845,"HUNTER DESIGN GROUP, LLC",NULL,NULL,6,UNITED STATES (USA)
5462,5VV,8848,TRAILON TRAILER CORP.,NULL,NULL,6,UNITED STATES (USA)
3103,1B9864,8849,BULL STOUT MANUFACTURING LLC,NULL,NULL,6,UNITED STATES (USA)
2915,1E9401,8850,EVCOR LLC,NULL,NULL,6,UNITED STATES (USA)
4013,1L9408,8851,LIVECCHI CYCLE L.L.C,NULL,NULL,6,UNITED STATES (USA)
6030,1F9334,8852,FALCON TRAILERS,NULL,NULL,6,UNITED STATES (USA)
5504,1T9889,8853,TRAVERTSON INC.,NULL,NULL,6,UNITED STATES (USA)
3219,1E9407,8856,EQUIPMENT SERVICES INC.,NULL,NULL,6,UNITED STATES (USA)
2718,1B9867,8857,BENTLEY TRAILERS & CUSTOM COACHES,NULL,NULL,6,UNITED STATES (USA)
5144,1T9921,8858,T C TRAILERS,NULL,NULL,6,UNITED STATES (USA)
5087,4S9091,8859,SUPERIOR TRAILERS,NULL,NULL,6,UNITED STATES (USA)
6438,1X9020,8860,X-TREME FABRICATING INC.,NULL,NULL,6,UNITED STATES (USA)
5512,1T9917,8861,TRICKFIGHTERCUSTOMS LLC,NULL,NULL,6,UNITED STATES (USA)
4778,1R9603,8863,"REXHALL INDUSTRIES, INC.",NULL,NULL,6,UNITED STATES (USA)
9810,1R9238,8863,"REXHALL INDUSTRIES, INC.",NULL,NULL,6,UNITED STATES (USA)
4065,1K9278,8864,KIOBA INDUSTRIES,NULL,NULL,6,UNITED STATES (USA)
2864,1F9335,8867,FANNTANA TRAILERS,NULL,NULL,6,UNITED STATES (USA)
2853,1F9336,8869,"FACTORY MOTORHOMES, INC.",NULL,NULL,6,UNITED STATES (USA)
4317,1L9406,8870,"LEGENDARY INNOVATIONS, LLC",NULL,NULL,6,UNITED STATES (USA)
4352,5V0,8874,NST INC.,NULL,NULL,6,UNITED STATES (USA)
5093,L2B,8876,"JIANGSU BAODIAO LOCOMOTIVE CO., LTD.",NULL,NULL,8,CHINA
3220,1E9409,8877,EQUIPT,NULL,NULL,6,UNITED STATES (USA)
3809,4C9127,8878,"COMPLIANCE ASSURANCE ASSOCIATES, INC. OF TN.",NULL,NULL,6,UNITED STATES (USA)
4500,1N9275,8880,NORTH STAR DIV. OF DOUBLE R TRAILER MFG.,NULL,NULL,6,UNITED STATES (USA)
6400,1T9920,8881,"TOP NOTCH MANUFACTURING, LLC",NULL,NULL,6,UNITED STATES (USA)
3114,1A9772,8883,"ARTECH PARTS FABRICATION, INC.",NULL,NULL,6,UNITED STATES (USA)
3105,1A9767,8884,"ART IN MOTION, LLC",NULL,NULL,6,UNITED STATES (USA)
6076,1G9359,8888,GS MOTOR COMPANY,NULL,NULL,6,UNITED STATES (USA)
4233,1H9492,8889,"HBP-JAYBRAKE, LLC",NULL,NULL,6,UNITED STATES (USA)
5385,LYD,8890,"TAIZHOU CITY SENLONG MOTORCYCLE MANUFACTURE CO.,LTD.",NULL,NULL,8,CHINA
3725,1Z9247,8892,INDIAN LARRY LEGACY,NULL,NULL,6,UNITED STATES (USA)
4012,1L9388,8893,"LITTLE JOE'S WELDING & SONS, INC.",NULL,NULL,6,UNITED STATES (USA)
5718,1T9878,8894,TOW-RITE,NULL,NULL,6,UNITED STATES (USA)
9702,1D9276,8897,DI BLASI OF NORTH AMERICA,NULL,NULL,6,UNITED STATES (USA)
9487,1W9426,8898,WICKED ENTERPRISES LLC,NULL,NULL,6,UNITED STATES (USA)
3408,1E9368,8900,ECO-FUELER CORPORATION,NULL,NULL,6,UNITED STATES (USA)
4281,1M9211,8901,"MERTZ MANUFACTURING, INC.",NULL,NULL,6,UNITED STATES (USA)
6967,1M9195,8901,"MERTZ MANUFACTURING, INC.",NULL,NULL,6,UNITED STATES (USA)
11704,7KF,8901,"MERTZ MANUFACTURING, INC.",NULL,NULL,6,UNITED STATES (USA)
3242,1A9698,8902,"ALCAN TRAILERS, LLC",NULL,NULL,6,UNITED STATES (USA)
10205,SJZ,8905,AUTOCAR LIMITED,NULL,NULL,5,UNITED KINGDOM (UK)
4509,2P9009,8906,PRO-PAR (1978) INC.,NULL,NULL,1,CANADA
10207,4S9017,8908,SINKHOLE CUSTOMS LLC,NULL,NULL,6,UNITED STATES (USA)
3371,5LZ,8911,"ECLIPSE RECREATIONAL VEHICLES, INC.",NULL,NULL,6,UNITED STATES (USA)
4034,4C9054,8912,"CHESTER COUNTY CUSTOMS, LLC",NULL,NULL,6,UNITED STATES (USA)
3089,1A9752,8914,"ARSENAL OF VIRGINIA, INC.",NULL,NULL,6,UNITED STATES (USA)
5478,LLA,8915,"SHANGHAI HONLING MOTORCYCLE MANUFACTURE CO., LTD.",NULL,NULL,8,CHINA
8292,5RV,8916,LAMAR TRAILERS INC.,NULL,NULL,6,UNITED STATES (USA)
5329,4S9074,8917,"SABRE TRAILERS, INC.",NULL,NULL,6,UNITED STATES (USA)
3451,1D9596,8918,"DISASTER POWER & EQUIPMENT, LLC",NULL,NULL,6,UNITED STATES (USA)
11309,1M9769,8920,METAL-LINK CORPORATION,NULL,NULL,6,UNITED STATES (USA)
3681,4C9167,8922,CDK MOBILE SYSTEMS INC.,NULL,NULL,6,UNITED STATES (USA)
4365,4PG,8923,"MID-AMERICA TRAILER MFG., LLC",NULL,NULL,6,UNITED STATES (USA)
2997,1B9899,8924,"BROWN INDUSTRIES, LLC",NULL,NULL,6,UNITED STATES (USA)
3161,1A9802,8929,AFFORDABLE ALUMINUM INC.,NULL,NULL,6,UNITED STATES (USA)
3366,5PS,8930,"ECHO TRAILERS, LLC",NULL,NULL,6,UNITED STATES (USA)
5455,4JV,8931,"VOYAGER TRAILERS, INC.",NULL,NULL,6,UNITED STATES (USA)
3006,1B9854,8934,"BIG CITY CYCLE, INC.",NULL,NULL,6,UNITED STATES (USA)
3669,4C9170,8935,"CATA-MARINE, INC.",NULL,NULL,6,UNITED STATES (USA)
4116,1M9831,8936,MARIOUT MOTORWORKS LLC,NULL,NULL,6,UNITED STATES (USA)
3730,5YA,8937,INDIAN MOTORCYCLE COMPANY,NULL,NULL,6,UNITED STATES (USA)
3732,56K,8937,INDIAN MOTORCYCLE COMPANY,NULL,NULL,6,UNITED STATES (USA)
7241,5CD,8937,INDIAN MOTORCYCLE COMPANY,NULL,NULL,6,UNITED STATES (USA)
4145,1H9512,8938,"HAULSTAR, INC.",NULL,NULL,6,UNITED STATES (USA)
5697,1T9964,8940,"TOTER INDUSTRIES, LLC",NULL,NULL,6,UNITED STATES (USA)
4918,1R9650,8941,"RIVERBEND EQUIPMENT LEASING, INC.",NULL,NULL,6,UNITED STATES (USA)
2933,1G9393,8942,"G-2, USA",NULL,NULL,6,UNITED STATES (USA)
4119,1M9830,8943,MARTIN AND MARTIN BROS. BIKES,NULL,NULL,6,UNITED STATES (USA)
3067,1F9355,8944,"FORREST CITY MANUFACTURING, INC.",NULL,NULL,6,UNITED STATES (USA)
4990,4S9147,8946,SPECIAL EQUIPMENT MANUFACTURING,NULL,NULL,6,UNITED STATES (USA)
5770,538,8947,"ZERO MOTORCYCLES, INC.",NULL,NULL,6,UNITED STATES (USA)
7562,A4Z,8947,"ZERO MOTORCYCLES, INC.",NULL,NULL,6,UNITED STATES (USA)
4175,1L9423,8949,"LUCON, INC.",NULL,NULL,6,UNITED STATES (USA)
11920,7JE,8949,"LUCON, INC.",NULL,NULL,6,UNITED STATES (USA)
3904,4ZH,8950,"KUTZ FARM EQUIPMENT, INC.",NULL,NULL,6,UNITED STATES (USA)
2727,1D9640,8951,DHS SYSTEMS LLC,NULL,NULL,6,UNITED STATES (USA)
2728,52B,8951,DHS SYSTEMS LLC,NULL,NULL,6,UNITED STATES (USA)
2739,4C9208,8951,DHS SYSTEMS LLC,NULL,NULL,6,UNITED STATES (USA)
6137,1J9385,8952,JEFF NICKLUS CUSTOMS LLC,NULL,NULL,6,UNITED STATES (USA)
2712,1A9804,8953,AEROBILT MANUFACTURING COMPANY,NULL,NULL,6,UNITED STATES (USA)
9634,1D9432,8959,"DAL-FAB & MACHINE, INC.",NULL,NULL,6,UNITED STATES (USA)
10579,1D9466,8960,DAYTONA BEACH BIKE WORKS INC,NULL,NULL,6,UNITED STATES (USA)
2325,1F6,8961,DETROIT CHASSIS LLC,NULL,NULL,6,UNITED STATES (USA)
8779,1D9368,8962,DEWALT UTILITY TRAILERS,NULL,NULL,6,UNITED STATES (USA)
10495,1D9450,8963,DINO'S MANUFACTURING,NULL,NULL,6,UNITED STATES (USA)
10096,5HJ,8964,DISPLAY SOLUTIONS,NULL,NULL,6,UNITED STATES (USA)
6031,1D9480,8971,DPJ MANUFACTURING INC. DBA JOHNSON MANUFACTURING,NULL,NULL,6,UNITED STATES (USA)
10361,1D9520,8972,DYNAMIC CHOPPER INC.,NULL,NULL,6,UNITED STATES (USA)
10546,1E9316,8974,EAGLEROCK TRAILERS INC,NULL,NULL,6,UNITED STATES (USA)
8720,1E9196,8975,EARTH TOOL CO LLC,NULL,NULL,6,UNITED STATES (USA)
8721,1E9233,8976,"EAST COAST RACE CARS, INC.",NULL,NULL,6,UNITED STATES (USA)
9289,1E9179,8977,EAST PRAIRIE FABRICATION,NULL,NULL,6,UNITED STATES (USA)
9281,1E9207,8978,"EASTERN SHORE TRAILER, INC.",NULL,NULL,6,UNITED STATES (USA)
9775,1E9336,8979,"EIP MANUFACTURING, L.L.C.",NULL,NULL,6,UNITED STATES (USA)
5717,1T9946,8982,TOWERWORX,NULL,NULL,6,UNITED STATES (USA)
3369,1E9400,8985,ECLIPSE ALUMINUM TRAILERS L.L.C.,NULL,NULL,6,UNITED STATES (USA)
3362,1G9389,8987,GREAT WHITE TRAILERS,NULL,NULL,6,UNITED STATES (USA)
4367,1M9641,8988,MIDLAND EQUIPMENT COMPANY,NULL,NULL,6,UNITED STATES (USA)
4769,3H9008,8990,REMOLQUES DI-KAR,NULL,NULL,12,MEXICO
6012,1D9633,8991,DEMENTED CYCLES,NULL,NULL,6,UNITED STATES (USA)
10570,1Z9171,8993,ZAMORA SALES AND SERVICE,NULL,NULL,6,UNITED STATES (USA)
11177,8A6,8994,ZANELLA HNOS Y CIA SA,NULL,NULL,17,ARGENTINA
8723,1Z9116,8996,ZAT ENTERPRISES,NULL,NULL,6,UNITED STATES (USA)
8724,1Z9039,8999,ZEHR ENTERPRISES INC,NULL,NULL,6,UNITED STATES (USA)
7214,1Z9106,9000,ZELIGSON COMPANY,NULL,NULL,6,UNITED STATES (USA)
2894,5YU,9001,"ZERTECK, INC.",NULL,NULL,6,UNITED STATES (USA)
9248,1Z9076,9001,"ZERTECK, INC.",NULL,NULL,6,UNITED STATES (USA)
8442,1V9139,9003,"V-8 CHOPPERS, L.L.C.",NULL,NULL,6,UNITED STATES (USA)
8441,1S9930,9004,SPECIAL CONSTRUCTION MOTORCYCLES,NULL,NULL,6,UNITED STATES (USA)
8376,1G9343,9005,GROUND FORCE MANUFACTURING LLC,NULL,NULL,6,UNITED STATES (USA)
5278,1R9520,9006,ROLLON TRAILER CORPORATION,NULL,NULL,6,UNITED STATES (USA)
8440,1L9360,9007,"LIBERTY TRAILERS, INC.",NULL,NULL,6,UNITED STATES (USA)
8438,1B9749,9010,"BERLON INDUSTRIES, LLC",NULL,NULL,6,UNITED STATES (USA)
8436,5RC,9011,"TRAIL-RITE, LLC",NULL,NULL,6,UNITED STATES (USA)
6263,1R9526,9012,"R-ANELL HOUSING GROUP, LLC",NULL,NULL,6,UNITED STATES (USA)
8435,1T9734,9013,THUNDER CYCLE DESIGN INC.,NULL,NULL,6,UNITED STATES (USA)
8433,1C9967,9014,CHOCTAW TRAILERS,NULL,NULL,6,UNITED STATES (USA)
7474,1P9518,9015,PANTHER MOTORS INC,NULL,NULL,6,UNITED STATES (USA)
13601,1P9901,9015,PANTHER MOTORS INC,NULL,NULL,6,UNITED STATES (USA)
8430,1T9807,9016,TRAILERS BY MIKE,NULL,NULL,6,UNITED STATES (USA)
8429,1T9834,9017,PHANTOM CYCLE,NULL,NULL,6,UNITED STATES (USA)
9782,1W9400,9019,WAYNE'S TRAILER SUPPLIES,NULL,NULL,6,UNITED STATES (USA)
8414,1M9710,9020,"MITCH BERGERON CUSTOMS, INC.",NULL,NULL,6,UNITED STATES (USA)
8725,2T9116,9029,WILLTEN MFG. CORP.,NULL,NULL,1,CANADA
2784,1A9692,9034,APOLLO CHOPPERS LLC,NULL,NULL,6,UNITED STATES (USA)
8390,1L9357,9035,LAU WELDING & GRADING LLC.,NULL,NULL,6,UNITED STATES (USA)
3462,1B9742,9036,BOOM TRIKES USA,NULL,NULL,6,UNITED STATES (USA)
8375,1E9354,9037,ELAN MANUFACTURING,NULL,NULL,6,UNITED STATES (USA)
8396,1W9401,9038,WILDCAT MOTORCYCLES,NULL,NULL,6,UNITED STATES (USA)
10284,1L9359,9039,LONE STAR ROASTER,NULL,NULL,6,UNITED STATES (USA)
8361,LMF,9042,"JIANGMEN ZHONGYU MOTOR (GROUP) CO., LTD.",NULL,NULL,8,CHINA
10282,1S9934,9043,SMOKE DOG LLC,NULL,NULL,6,UNITED STATES (USA)
10277,1F9297,9044,FAIRLINE INC.,NULL,NULL,6,UNITED STATES (USA)
8387,1A9672,9045,"ATTITUDE CUSTOM CYCLES, INC.",NULL,NULL,6,UNITED STATES (USA)
8386,1T9827,9046,"TNT TRAILER, INC.",NULL,NULL,6,UNITED STATES (USA)
8382,1H9463,9049,"HITCH AND TRAILERS OF FORT MYERS, INC.",NULL,NULL,6,UNITED STATES (USA)
8519,1A9678,9050,ACCURATE CYCLE ENGINEERING,NULL,NULL,6,UNITED STATES (USA)
8373,1T9830,9052,TAKATI MOTORCYCLES LLC,NULL,NULL,6,UNITED STATES (USA)
8469,1C9965,9053,CREATIVE HOT RODS,NULL,NULL,6,UNITED STATES (USA)
5800,5XS,9055,"STREET STEEL MOTORSPORTS, LLC",NULL,NULL,6,UNITED STATES (USA)
10372,1P9505,9057,PREFERRED CYCLES INC.,NULL,NULL,6,UNITED STATES (USA)
9301,5M0,9059,"BUCKBILT TRAILERS, INC.",NULL,NULL,6,UNITED STATES (USA)
11696,17Y,9060,"AMERITRAIL, INC.",NULL,NULL,6,UNITED STATES (USA)
8275,1S9909,9062,"SIGNALMASTERS, INC.",NULL,NULL,6,UNITED STATES (USA)
3390,1A9773,9068,ALL PHASE TRAILER AND EQUIPMENT,NULL,NULL,6,UNITED STATES (USA)
6443,LA9YHD,9070,YANTAI HAIDE SPECIAL AUTO WORKS,NULL,NULL,8,CHINA
5068,4S9042,9071,SUNCOAST CHOPPERS & FAB.,NULL,NULL,6,UNITED STATES (USA)
4860,1R9855,9074,RAY'S CUSTOM TRAILER CO.,NULL,NULL,6,UNITED STATES (USA)
5130,1T9925,9075,T & J WELDING INC.,NULL,NULL,6,UNITED STATES (USA)
5497,1T9881,9076,"TWISTERCITY CYCLE WORKS, LLC",NULL,NULL,6,UNITED STATES (USA)
4884,1R9622,9080,RIDGE RUNNER TRAILERS,NULL,NULL,6,UNITED STATES (USA)
7689,1R9069,9080,RIDGE RUNNER TRAILERS,NULL,NULL,6,UNITED STATES (USA)
6003,1H9528,9081,"HY-LIFT HUNTING BLINDS, INC.",NULL,NULL,6,UNITED STATES (USA)
4781,1R9614,9082,RHINO TRAILERS LLC,NULL,NULL,6,UNITED STATES (USA)
6223,1L9411,9084,"LOGIC MOTORS, LLC",NULL,NULL,6,UNITED STATES (USA)
3703,4C9107,9086,"CMD POWERSYSTEMS, INC.",NULL,NULL,6,UNITED STATES (USA)
3536,1B9872,9088,B+B TRAILERS,NULL,NULL,6,UNITED STATES (USA)
10395,1M9788,9089,PIPELINE MANUFACTURING,NULL,NULL,6,UNITED STATES (USA)
3377,LP6,9090,"GUANGZHOU PANYU HAOJIAN MOTORCYCLE INDUSTRY CO., LTD.",NULL,NULL,8,CHINA
5889,1B9RWC,9091,BLACK HAWK TRAILERS,NULL,NULL,6,UNITED STATES (USA)
5958,1C9750,9095,"CAREFREE CUSTOM CYCLES, INC.",NULL,NULL,6,UNITED STATES (USA)
4534,1M9794,9096,MONSOON MARINE,NULL,NULL,6,UNITED STATES (USA)
5259,1T9930,9097,TCM LLC,NULL,NULL,6,UNITED STATES (USA)
3272,1E9412,9098,EAST COAST TRAILERS,NULL,NULL,6,UNITED STATES (USA)
5431,1V9156,9102,VILLAGE TRAILER SALES AND PARTS,NULL,NULL,6,UNITED STATES (USA)
2813,1D9619,9103,"DURALITE TRAILERS, LLC",NULL,NULL,6,UNITED STATES (USA)
4745,1J9345,9104,JEREMY'S WELDING,NULL,NULL,6,UNITED STATES (USA)
3978,5Z7,9107,LINAMAR CONSUMER PRODUCTS INC.,NULL,NULL,1,CANADA
5059,1P9619,9109,PREDATOR CUSTOM TRAILERS AND MOTORCOACHS INC.,NULL,NULL,6,UNITED STATES (USA)
3166,5VT,9110,BYE RITE TRAILER & FABRICATION INC.,NULL,NULL,6,UNITED STATES (USA)
12513,7F3,9110,BYE RITE TRAILER & FABRICATION INC.,NULL,NULL,6,UNITED STATES (USA)
3984,1D9514,9111,"DIAMOND HEAVY VEHICLE SOLUTIONS, LLC",NULL,NULL,6,UNITED STATES (USA)
6719,4S9148,9113,STALLION INTERIORS INC.,NULL,NULL,6,UNITED STATES (USA)
4297,1M9829,9114,MWE OF OHIO LLC,NULL,NULL,6,UNITED STATES (USA)
5784,1W9436,9116,WICKED CUSTOM CYCLES,NULL,NULL,6,UNITED STATES (USA)
5609,1M9771,9117,WEBER TRAILERS BY MRRES INDUSTRIES INC,NULL,NULL,6,UNITED STATES (USA)
3588,1A9805,9118,AMERICAN CLASSIC MOTORS INC.,NULL,NULL,6,UNITED STATES (USA)
3022,1E9430,9119,ELKIN HI-TECH,NULL,NULL,6,UNITED STATES (USA)
9835,1E9124,9119,ELKIN HI-TECH,NULL,NULL,6,UNITED STATES (USA)
3178,4C9171,9120,"CRYOTECH, LLC",NULL,NULL,6,UNITED STATES (USA)
4358,1Z9331,9123,"O'NEAL TRAILERS, LLC",NULL,NULL,6,UNITED STATES (USA)
7573,7G3,9123,"O'NEAL TRAILERS, LLC",NULL,NULL,6,UNITED STATES (USA)
5228,1R9651,9126,ROCKY MOUNTAIN TRAILER COMPANY,NULL,NULL,6,UNITED STATES (USA)
2904,4C9145,9127,CAROLINA GROWLER INC,NULL,NULL,6,UNITED STATES (USA)
3878,1J9386,9128,"JOHNSON CRUSHERS INTERNATIONAL, INC.",NULL,NULL,6,UNITED STATES (USA)
2725,1D9643,9129,DG FABRICATION INC.,NULL,NULL,6,UNITED STATES (USA)
5555,1T9962,9130,TRI-STAR TRAILER MFG.,NULL,NULL,6,UNITED STATES (USA)
3051,16V,9132,"BIG TEX TRAILER MANUFACTURING, LLC",NULL,NULL,6,UNITED STATES (USA)
4143,1H9543,9134,HALBERT TRAILER SERVICE AND REPAIR,NULL,NULL,6,UNITED STATES (USA)
5681,1W9442,9135,WIZARD SPEED AND DESIGN,NULL,NULL,6,UNITED STATES (USA)
4759,4S9045,9136,SAS GROUP LLC dba VENDETTA V8 MOTORCYCLES,NULL,NULL,6,UNITED STATES (USA)
5970,1C9658,9139,"CREATIVE MOBILE SYSTEMS, INC./CREATIVE CARTS LLC",NULL,NULL,6,UNITED STATES (USA)
9711,4C9083,9142,CHOP SHOP CUSTOMS,NULL,NULL,6,UNITED STATES (USA)
3271,1D9594,9144,DIAMONDBACK CHOPPERS LLC,NULL,NULL,6,UNITED STATES (USA)
3945,5YB,9148,"LIGHT ENGINEERING, INC.",NULL,NULL,6,UNITED STATES (USA)
4600,L4H,9149,"NINGBO LONGJIA MOTORCYCLE CO., LTD.",NULL,NULL,8,CHINA
4635,1Z9335,9151,"ISLAND TOPSOIL, LLC",NULL,NULL,6,UNITED STATES (USA)
4872,1M9612,9153,"MSE WELDING AND FABRICATION, LLC",NULL,NULL,6,UNITED STATES (USA)
4185,1H9545,9155,"HAUL'N ASS CUSTOMS, LLC",NULL,NULL,6,UNITED STATES (USA)
3095,1F9356,9156,FOUR - W TRAILERS,NULL,NULL,6,UNITED STATES (USA)
2769,1E9434,9157,EZ DEPLOY SYSTEMS LTD.,NULL,NULL,6,UNITED STATES (USA)
5949,4KF,9159,"C.E. SMITH COMPANY, INC.",NULL,NULL,6,UNITED STATES (USA)
11135,11L,9159,"C.E. SMITH COMPANY, INC.",NULL,NULL,6,UNITED STATES (USA)
5477,1T9203,9160,"TRANSPORT DESIGNS, INC.",NULL,NULL,6,UNITED STATES (USA)
4541,1M9828,9161,MONSTER TANKS INC.,NULL,NULL,6,UNITED STATES (USA)
3659,1H9544,9162,"HYPER PRODUCTS, LLC",NULL,NULL,6,UNITED STATES (USA)
5473,1V9162,9163,"VISIONARY METALS, LLC",NULL,NULL,6,UNITED STATES (USA)
6005,4Z1,9165,GATOR MADE INC.,NULL,NULL,6,UNITED STATES (USA)
7223,1TC,9166,"COACHMEN RECREATIONAL VEHICLE COMPANY, LLC",NULL,NULL,6,UNITED STATES (USA)
9990,1Z9072,9169,ZIFFEL MANUFACTURING,NULL,NULL,6,UNITED STATES (USA)
7819,1V9034,9170,ZIMMER CORPORATION,NULL,NULL,6,UNITED STATES (USA)
7820,1V9035,9170,ZIMMER CORPORATION,NULL,NULL,6,UNITED STATES (USA)
5938,5F8,9178,ZONE ELECTRIC CAR LLC,NULL,NULL,6,UNITED STATES (USA)
9663,1Z9158,9179,ZOOK'S WELDING,NULL,NULL,6,UNITED STATES (USA)
10702,1A9561,9186,ADVANCED STRIPING EQUIPMENT,NULL,NULL,6,UNITED STATES (USA)
9369,1T9690,9188,ADVENTURE SPORTS PRODUCTS INC,NULL,NULL,6,UNITED STATES (USA)
5710,4BA,9191,TOW RITE MGF. CO. INC.,NULL,NULL,6,UNITED STATES (USA)
3277,1D9582,9193,DUFFER'S MANUFACTURING,NULL,NULL,6,UNITED STATES (USA)
4740,1R9637,9194,"R&S TRAILERS, LLC",NULL,NULL,6,UNITED STATES (USA)
6221,1N9282,9195,"NELSON, L.C.",NULL,NULL,6,UNITED STATES (USA)
3488,4C9020,9196,CHUBBS STEEL SALES INC,NULL,NULL,6,UNITED STATES (USA)
14532,56W,9196,CHUBBS STEEL SALES INC,NULL,NULL,6,UNITED STATES (USA)
2678,1A9795,9197,ACME TRAILER WORKS INC.,NULL,NULL,6,UNITED STATES (USA)
9355,1W9346,9202,WRIGHT BUILT,NULL,NULL,6,UNITED STATES (USA)
9499,1W9364,9206,WYATT'S TRAILER SALES,NULL,NULL,6,UNITED STATES (USA)
6431,1W9342,9208,"WYLIE & SON, INC. DBA WYLIE MANUFACTURING",NULL,NULL,6,UNITED STATES (USA)
6432,5VU,9208,"WYLIE & SON, INC. DBA WYLIE MANUFACTURING",NULL,NULL,6,UNITED STATES (USA)
10090,1W9340,9211,WYOMING SHEEP WAGONS,NULL,NULL,6,UNITED STATES (USA)
9534,1X9014,9212,X-CEL TRAILERS,NULL,NULL,6,UNITED STATES (USA)
8733,4U3,9213,"BULL MOOSE HEAVY HAUL, INC",NULL,NULL,6,UNITED STATES (USA)
10729,1T9229,9214,X-TEN CORPORATION,NULL,NULL,6,UNITED STATES (USA)
7690,1E9043,9216,XPLORER ENTERPRISES OF CONSTANTINE,NULL,NULL,6,UNITED STATES (USA)
9717,1A9670,9217,"AEROPUP TRAILERS, LLC",NULL,NULL,6,UNITED STATES (USA)
6361,1W9404,9218,WICKED CHOPPERS CORPORATION,NULL,NULL,6,UNITED STATES (USA)
10285,1F9287,9221,FX MOTORCYCLE DESIGN & PERFORMANCE,NULL,NULL,6,UNITED STATES (USA)
4684,5P7,9222,HINIKER COMPANY,NULL,NULL,6,UNITED STATES (USA)
10120,1L9346,9226,"LOU FEGERS TRAILER SALES, INC",NULL,NULL,6,UNITED STATES (USA)
10247,1B9764,9228,"ROBT. E. RAFALKO ",NULL,NULL,6,UNITED STATES (USA)
6213,1L9362,9231,LEGENDS MOTORSPORTS LLC.,NULL,NULL,6,UNITED STATES (USA)
8312,1F9171,9233,"FASTLINE TRAILER MFG., CO.",NULL,NULL,6,UNITED STATES (USA)
5861,1A9671,9234,AHOY! HOUSEBOATS AND FISHHOUSES INC.,NULL,NULL,6,UNITED STATES (USA)
6266,1S9950,9235,"STREIGHT MOTORCYCLES, INC.",NULL,NULL,6,UNITED STATES (USA)
6494,1L9364,9237,LINDSAY MANUFACTURING CO.,NULL,NULL,6,UNITED STATES (USA)
9370,1S9932,9240,STEVENSON'S CYCLE,NULL,NULL,6,UNITED STATES (USA)
4931,4S9012,9241,SOUTHERN YANKEE BAR-B-Q,NULL,NULL,6,UNITED STATES (USA)
4540,1N9248,9242,"NORTHWEST MANUFACTURING, INC.",NULL,NULL,6,UNITED STATES (USA)
3381,1B9808,9244,BLUE RIDGE MOUNTAIN TRAILERS INC.,NULL,NULL,6,UNITED STATES (USA)
4724,1S9971,9246,SAMHELL CHOPPERS,NULL,NULL,6,UNITED STATES (USA)
3014,1B9793,9247,BRUNO TRAILER CO.,NULL,NULL,6,UNITED STATES (USA)
5790,1W9410,9248,"WILBERT FUNERAL SERVICES, INC.",NULL,NULL,6,UNITED STATES (USA)
5824,1W9408,9249,WILLIAM STEELE WELDING & FABRICATION LLC,NULL,NULL,6,UNITED STATES (USA)
4275,1M9718,9250,MIAMI CHOPPERS INC.,NULL,NULL,6,UNITED STATES (USA)
4232,1L9356,9251,LATE NYT CHOPPERS,NULL,NULL,6,UNITED STATES (USA)
9696,1P9531,9252,PRIEST MOTOR CORP.,NULL,NULL,6,UNITED STATES (USA)
9602,1S9968,9253,"STAR CUSTOM CREATIONS, LLC.",NULL,NULL,6,UNITED STATES (USA)
4921,1R9542,9254,RIVER DEPOT,NULL,NULL,6,UNITED STATES (USA)
3142,1B9794,9255,BILLY’S HOT ROD CYCLES,NULL,NULL,6,UNITED STATES (USA)
4702,1H9479,9256,HITMAN CHOPPERS,NULL,NULL,6,UNITED STATES (USA)
5203,1R9556,9257,RW WELDING,NULL,NULL,6,UNITED STATES (USA)
10123,1S9990,9259,SEXTON CUSTOMS,NULL,NULL,6,UNITED STATES (USA)
5982,1C9913,9261,CUSTOM BUILT TRAILERS,NULL,NULL,6,UNITED STATES (USA)
2998,1B9853,9262,The Broyhill Company,NULL,NULL,6,UNITED STATES (USA)
3432,5RL,9263,GREENFIELD TRAILERS,NULL,NULL,6,UNITED STATES (USA)
2814,CBC,9264,CAROLINA BOATS & CARS,NULL,NULL,6,UNITED STATES (USA)
5960,4C9019,9264,CAROLINA BOATS & CARS,NULL,NULL,6,UNITED STATES (USA)
10122,1A9707,9266,ACME MOTORCYCLE CO.,NULL,NULL,6,UNITED STATES (USA)
3549,1B9778,9267,"BACKROAD CHOPPERS, LLC",NULL,NULL,6,UNITED STATES (USA)
9418,1S9266,9268,"STOLL TRAILERS, INC.",NULL,NULL,6,UNITED STATES (USA)
6463,1U9103,9270,ULTIMATE MANUFACTURING LLC,NULL,NULL,6,UNITED STATES (USA)
5616,1W9411,9272,"WELDING & MACHINE, INCORPORATED",NULL,NULL,6,UNITED STATES (USA)
2887,1F9302,9273,"FAT BOY TRAILERS, LLC",NULL,NULL,6,UNITED STATES (USA)
5397,L5Y,9274,"TAIZHOU ZHONGNENG MOTORCYCLE CO., LTD.",NULL,NULL,8,CHINA
5918,L4S,9276,"ZHEJIANG XINGYUE VEHICLE CO., LTD.",NULL,NULL,8,CHINA
2985,1F9309,9277,"FRONTIER RV GEORGIA, LLC",NULL,NULL,6,UNITED STATES (USA)
2987,5VL,9277,"FRONTIER RV GEORGIA, LLC",NULL,NULL,6,UNITED STATES (USA)
4978,1P9555,9278,"POWERS AUTO & CUSTOM BIKES, INC.",NULL,NULL,6,UNITED STATES (USA)
3324,5RK,9279,"DOWN 2 EARTH CARGO, LLC",NULL,NULL,6,UNITED STATES (USA)
3192,4C9026,9280,C & C ENT. CUSTOMS,NULL,NULL,6,UNITED STATES (USA)
2859,1F9204,9282,FRONTIER INDUSTRIAL CORPORATION,NULL,NULL,6,UNITED STATES (USA)
3409,1D9614,9283,"DON JOHNSON SALES, INC.",NULL,NULL,6,UNITED STATES (USA)
5532,1W9457,9284,"WALLACE LOWBOYS, INC.",NULL,NULL,6,UNITED STATES (USA)
4659,1H9518,9285,HILLBILLY TRAILORS,NULL,NULL,6,UNITED STATES (USA)
3226,5WK,9286,"FREEDOM TRAILERS, LLC",NULL,NULL,6,UNITED STATES (USA)
5031,5JN,9287,"JET COMPANY, INC.",NULL,NULL,6,UNITED STATES (USA)
3952,1L9413,9288,LIME CITY EQUIPMENT INC.,NULL,NULL,6,UNITED STATES (USA)
5109,9UH,9290,RTM GROUP INC.,NULL,NULL,51,URUGUAY
4714,1M9793,9293,MOTOCZYSZ,NULL,NULL,6,UNITED STATES (USA)
5449,4F7,9294,VISION METALS INC. DBA FERREE TRAILER,NULL,NULL,6,UNITED STATES (USA)
5579,4S9112,9295,"SIGEL WELDING, INC.",NULL,NULL,6,UNITED STATES (USA)
4794,1P9609,9296,"PLACER FIRE EQUIPMENT, INC.",NULL,NULL,6,UNITED STATES (USA)
6022,1E9413,9299,"EUROSPEED, INC.",NULL,NULL,6,UNITED STATES (USA)
10396,1R9623,9300,ROAD DOG TRAILERS,NULL,NULL,6,UNITED STATES (USA)
3867,5WL,9301,LEVEL TRAILERS,NULL,NULL,6,UNITED STATES (USA)
4961,4S9106,9302,"SPACE COAST INDUSTRIES, INC.",NULL,NULL,6,UNITED STATES (USA)
3053,5J3,9303,"ARIZONA TRAILER MANUFACTURING, INC.",NULL,NULL,6,UNITED STATES (USA)
5728,1W9456,9304,WEST SIDE CYCLE LLC,NULL,NULL,6,UNITED STATES (USA)
3876,1J9374,9306,"J. A. EMILIUS' SONS, INC.",NULL,NULL,6,UNITED STATES (USA)
5400,1T9499,9307,"THERM DYNAMICS MFG., INC.",NULL,NULL,6,UNITED STATES (USA)
5121,5WH,9308,"SYLVANSPORT, LLC",NULL,NULL,6,UNITED STATES (USA)
2809,5YC,9309,"ARISING INDUSTRIES, INC",NULL,NULL,6,UNITED STATES (USA)
5164,4S9152,9310,SEVEN CUSTOM CYCLES INC.,NULL,NULL,6,UNITED STATES (USA)
4221,5XR,9311,LUYUAN INC.,NULL,NULL,6,UNITED STATES (USA)
3119,1F9346,9313,"FREE DRIVE EV, INC.",NULL,NULL,6,UNITED STATES (USA)
3528,1D9651,9314,DM MACHINE,NULL,NULL,6,UNITED STATES (USA)
4271,1M9568,9315,MUSTANG TRAILER,NULL,NULL,6,UNITED STATES (USA)
4687,1P9620,9316,"PERSONAL TRAILERS, INC.",NULL,NULL,6,UNITED STATES (USA)
4159,1N9240,9318,"NEW CUSTOM TRAILERS, LLC",NULL,NULL,6,UNITED STATES (USA)
3632,1B9799,9319,BAJA CUSTOM TRAILERS INC.,NULL,NULL,6,UNITED STATES (USA)
4810,4S9018,9320,SOUTH FLORIDA CHOPPERS INC.,NULL,NULL,6,UNITED STATES (USA)
5696,1W9422,9321,WOLVERINE CUSTOM,NULL,NULL,6,UNITED STATES (USA)
3143,4EP,9324,"FREEDOM TRAILERS, INC. (TEXAS)",NULL,NULL,6,UNITED STATES (USA)
4816,1R9553,9326,"RANSOM MOTORSPORTS, LLC",NULL,NULL,6,UNITED STATES (USA)
5589,4S9015,9327,"SILVER STAR TRAILERS, LLC",NULL,NULL,6,UNITED STATES (USA)
9680,5GS,9327,"SILVER STAR TRAILERS, LLC",NULL,NULL,6,UNITED STATES (USA)
5311,4S9066,9328,S/C CHOPPERS,NULL,NULL,6,UNITED STATES (USA)
5650,4S9073,9329,STEWART'S FABRICATION AND WELDING,NULL,NULL,6,UNITED STATES (USA)
4274,1M9764,9334,MICHAEL D'S CUSTOM CYCLES,NULL,NULL,6,UNITED STATES (USA)
3759,4C9096,9336,"COLLA TRAILERS, LLC",NULL,NULL,6,UNITED STATES (USA)
3928,1J9361,9338,"JRC CUSTOM TRAILERS, INC.",NULL,NULL,6,UNITED STATES (USA)
2681,1A9697,9339,ACTION ENTERPRISES & FABRICATION LLC,NULL,NULL,6,UNITED STATES (USA)
4721,1R9593,9341,R WAY TRAILER MANUFACTURING CORPORATION,NULL,NULL,6,UNITED STATES (USA)
4226,1N9268,9342,"NEXGEN FRAMING SYSTEM, LLC",NULL,NULL,6,UNITED STATES (USA)
5940,1M9685,9345,"MIKE'S WELDING  & TRAILER MFG., LLC.",NULL,NULL,6,UNITED STATES (USA)
4584,1P9593,9347,PATRIOT MANUFACTURING LLC,NULL,NULL,6,UNITED STATES (USA)
5962,1Z9289,9349,IRVING EQUIPMENT LLC,NULL,NULL,6,UNITED STATES (USA)
4077,1L9410,9350,LOAD TOTOERS TRAILER SALES,NULL,NULL,6,UNITED STATES (USA)
5642,1T9973,9351,"TOMBSTONE HEARSE CO. INC., ",NULL,NULL,6,UNITED STATES (USA)
6192,1L9417,9354,L & M STEEL AND MFG.,NULL,NULL,6,UNITED STATES (USA)
3998,1L9312,9355,"LITTLE BEAVER, INC.",NULL,NULL,6,UNITED STATES (USA)
4837,1P9471,9356,"PLOT USA, INC. ",NULL,NULL,6,UNITED STATES (USA)
4147,1H9542,9358,HALO CYCLES LLC,NULL,NULL,6,UNITED STATES (USA)
3286,1D9646,9359,"DUKANE PRECAST, INC.",NULL,NULL,6,UNITED STATES (USA)
4774,4JM,9361,"RETTIG ENTERPRISES, INC. ",NULL,NULL,6,UNITED STATES (USA)
3165,1A9762,9363,"AFTER HOURS BIKES, INC.",NULL,NULL,6,UNITED STATES (USA)
5549,1L9430,9364,"SHOWHAULER TRUCKS, INC.",NULL,NULL,6,UNITED STATES (USA)
4518,1P9618,9365,"PARK CITY CHOPPER ""WHERE COWBOYS RIDE STEEL"" LLC",NULL,NULL,6,UNITED STATES (USA)
4968,1G9395,9366,"GFORCE FABRICATION, INC.",NULL,NULL,6,UNITED STATES (USA)
3012,1E9524,9368,ELK RIVER MACHINE COMPANY,NULL,NULL,6,UNITED STATES (USA)
4359,1Z9342,9370,O.C.O. PRESSURE CONTROL,NULL,NULL,6,UNITED STATES (USA)
6139,LXA,9371,"JIANGMEN QIPAI MOTORCYCLE CO., LTD",NULL,NULL,45,PUERTO RICO
6224,4P7,9372,"LONE WOLF TRAILER CO., INC.",NULL,NULL,6,UNITED STATES (USA)
5591,1ZJ,9373,"WATER-LAND MANUFACTURING & SUPPLY, LLC",NULL,NULL,6,UNITED STATES (USA)
3790,YST,9374,COMING THROUGH SWEDEN AB,NULL,NULL,NULL,NULL
5412,4S9163,9375,"SPURLOCK VEHICLES, INC.",NULL,NULL,6,UNITED STATES (USA)
5181,1T9982,9376,"TOY CARRIERS, INC",NULL,NULL,6,UNITED STATES (USA)
3857,4C9014,9377,COOL AMPHIBIOUS MANUFACTURER INTERNATIONAL LLC,NULL,NULL,6,UNITED STATES (USA)
3863,4C9179,9377,COOL AMPHIBIOUS MANUFACTURER INTERNATIONAL LLC,NULL,NULL,6,UNITED STATES (USA)
6461,1C9971,9377,COOL AMPHIBIOUS MANUFACTURER INTERNATIONAL LLC,NULL,NULL,6,UNITED STATES (USA)
10425,1Z9343,9378,"INSTA-GATOR CHOPPERS, LLC",NULL,NULL,6,UNITED STATES (USA)
8735,1A9433,9380,ALLEN'S MFG INC.,NULL,NULL,6,UNITED STATES (USA)
9619,1A9528,9381,"ALLIED MACHINE, INC.",NULL,NULL,6,UNITED STATES (USA)
10539,1U9083,9386,UNIQUE MOTORCYCLE COMPANY,NULL,NULL,6,UNITED STATES (USA)
6346,1U9069,9387,UNIQUE PRODUCTS,NULL,NULL,6,UNITED STATES (USA)
6347,1V9069,9387,UNIQUE PRODUCTS,NULL,NULL,6,UNITED STATES (USA)
9522,1U9087,9388,UNITED ALLOY,NULL,NULL,6,UNITED STATES (USA)
11656,7KU,9388,UNITED ALLOY,NULL,NULL,6,UNITED STATES (USA)
5633,48B,9389,"UNITED EXPRESS LINE, INC. ",NULL,NULL,6,UNITED STATES (USA)
6344,1U9073,9391,UNITED TRAILER PRODUCTS,NULL,NULL,6,UNITED STATES (USA)
6931,1U9030,9392,UNITED TRUCK EQUIPMENT CORP.,NULL,NULL,6,UNITED STATES (USA)
5646,1U9090,9394,UNIVERSAL CYCLE CORPORATION,NULL,NULL,6,UNITED STATES (USA)
7153,1U9016,9396,"UNIVERSAL SPECIALTY VEHICLES, INC.",NULL,NULL,6,UNITED STATES (USA)
10115,1U9078,9397,"UNIVERSAL TRAILERS, INC",NULL,NULL,6,UNITED STATES (USA)
8736,1U9065,9399,"UNLIMITED RECREATION, INC.",NULL,NULL,6,UNITED STATES (USA)
9359,MRC,9400,UPBEAT CO.LTD,NULL,NULL,30,THAILAND
6372,1X9009,9404,XTREME CUSTOM CONVERSIONS,NULL,NULL,6,UNITED STATES (USA)
5989,5D7,9410,CHARLESTON MARINE CONTAINERS INC.,NULL,NULL,6,UNITED STATES (USA)
7310,1S9933,9413,SHORT GO INC.,NULL,NULL,6,UNITED STATES (USA)
5452,1V9136,9416,VOODOO CHOPPERS,NULL,NULL,6,UNITED STATES (USA)
6954,1M9217,9420,"MAC-LANDER, INC.",NULL,NULL,6,UNITED STATES (USA)
10011,4UV,9420,"MAC-LANDER, INC.",NULL,NULL,6,UNITED STATES (USA)
6169,1M9611,9422,MAINE PORTAGE,NULL,NULL,6,UNITED STATES (USA)
9981,2M9135,9423,"MAISONS SRM BLONDEAU HOMES, INC.",NULL,NULL,1,CANADA
9624,2MX,9428,MAXI ROULE INC,NULL,NULL,1,CANADA
5997,1Z9254,9429,IRON MIKE CYCLES LLC,NULL,NULL,6,UNITED STATES (USA)
5162,1S9976,9431,"SERVICE KING MANUFACTURING, INC.",NULL,NULL,6,UNITED STATES (USA)
4029,1L9375,9432,"LIVESTOCK TRAILER EQUIPMENT, LLC",NULL,NULL,6,UNITED STATES (USA)
5330,1S9981,9433,SAFETY TECHNOLOGIES,NULL,NULL,6,UNITED STATES (USA)
2767,1A9708,9435,APACHE GOLF CARS LLC,NULL,NULL,6,UNITED STATES (USA)
4393,1Z9257,9437,"OPEN ROAD MOTORCYCLES, INC.",NULL,NULL,6,UNITED STATES (USA)
5421,2T9011,9438,THRU-WAY TRAILERS CENTRE LIMITED,NULL,NULL,1,CANADA
3468,1A9710,9439,AMERICAN AIRBOAT CORPORATION,NULL,NULL,6,UNITED STATES (USA)
2697,1B9791,9440,BELLA CYCLES,NULL,NULL,6,UNITED STATES (USA)
5715,1T9858,9444,TOWER SOLUTIONS,NULL,NULL,6,UNITED STATES (USA)
5313,1S9991,9446,SABERS SPECIALTIES LLC,NULL,NULL,6,UNITED STATES (USA)
4442,1H9515,9451,HIGH ALTITUDE AVIATION INC.,NULL,NULL,6,UNITED STATES (USA)
4986,4S9097,9452,SPAULDING MFG INC,NULL,NULL,6,UNITED STATES (USA)
4088,5VY,9453,LONE STAR TRAILER MFG.,NULL,NULL,6,UNITED STATES (USA)
3761,4C9123,9454,"COLLIERS CUSTOM CYCLES, INC.",NULL,NULL,6,UNITED STATES (USA)
8820,1F9300,9457,"FENRIS CYCLE, INC.",NULL,NULL,6,UNITED STATES (USA)
6355,1V9038,9458,"VIKING VEE, INC.",NULL,NULL,6,UNITED STATES (USA)
6333,5DL,9459,TRI-STATE INDUSTRIES,NULL,NULL,6,UNITED STATES (USA)
3124,1E9362,9460,"VALTIR, LLC",NULL,NULL,6,UNITED STATES (USA)
6304,1S9SC8,9461,"SILVER CREEK HOMES, INC.",NULL,NULL,6,UNITED STATES (USA)
6056,1C9946,9463,"CIRCLE D TRAILERS, INC.",NULL,NULL,6,UNITED STATES (USA)
6018,1D9513,9464,DOUBLE K CUSTOM TRAILERS,NULL,NULL,6,UNITED STATES (USA)
5859,1A9686,9465,"ADVANCED WELDING AND MANUFACTURING, INC.",NULL,NULL,6,UNITED STATES (USA)
9606,1K9255,9467,KING CUSTOM MOTORCYCLES,NULL,NULL,6,UNITED STATES (USA)
6067,1G9345,9469,GALION MANUFACTURING CO.,NULL,NULL,6,UNITED STATES (USA)
3237,1E9360,9470,"ERICKSON TANK & PUMP, LLC",NULL,NULL,6,UNITED STATES (USA)
5556,1S9949,9471,"SICK PIGS MOTORCYCLE COMPANY, LLC",NULL,NULL,6,UNITED STATES (USA)
5944,1B9756,9472,"BADGE BOYZ CUSTOMZ, LLC",NULL,NULL,6,UNITED STATES (USA)
5956,1C9997,9473,"CAPITAL INDUSTRIAL, INC.",NULL,NULL,6,UNITED STATES (USA)
7401,1C9879,9473,"CAPITAL INDUSTRIAL, INC.",NULL,NULL,6,UNITED STATES (USA)
12007,1H9726,9473,"CAPITAL INDUSTRIAL, INC.",NULL,NULL,6,UNITED STATES (USA)
6241,1P9530,9474,PROGRESSIVE DESIGNS,NULL,NULL,6,UNITED STATES (USA)
5894,1B9763,9475,BIG BEAR TRAILERS,NULL,NULL,6,UNITED STATES (USA)
5639,1T9840,9476,TOMAHAWK CUSTOM CHOPPERS LLC,NULL,NULL,6,UNITED STATES (USA)
6193,1K9254,9477,KUSTOM MACHINE & SHEET METAL,NULL,NULL,6,UNITED STATES (USA)
4725,1H9475,9479,HMF ENGINEERING INC.,NULL,NULL,6,UNITED STATES (USA)
6091,1H9474,9480,"HAWES MANUFACTURING, INC.",NULL,NULL,6,UNITED STATES (USA)
6228,1P9539,9482,"PREMIER NORTHWEST, LLC",NULL,NULL,6,UNITED STATES (USA)
6235,1R9533,9483,ROCKEM AND SOCKEM MOTORCYCLE CO. LLC,NULL,NULL,6,UNITED STATES (USA)
5930,1B9770,9485,B & H CUSTOMS,NULL,NULL,6,UNITED STATES (USA)
5977,1C9992,9487,CASCON TRANSPORTATION EQUIPMENT CO.,NULL,NULL,6,UNITED STATES (USA)
4861,4B7,9488,"GLOBAL MOTORSPORT GROUP, INC.",NULL,NULL,6,UNITED STATES (USA)
6277,1S9861,9489,SAVAGE CYCLES INC.,NULL,NULL,6,UNITED STATES (USA)
3805,4C9095,9490,COMPANION TRAILERS INC.,NULL,NULL,6,UNITED STATES (USA)
6462,1E9396,9491,"EDMONDSON CUSTOM BUILT, LLC",NULL,NULL,6,UNITED STATES (USA)
4519,5UG,9492,"PROSTAR, LLC",NULL,NULL,6,UNITED STATES (USA)
5485,1T9900,9494,TRANSPORT LEASING COMPANY LLP,NULL,NULL,6,UNITED STATES (USA)
4188,5UP,9495,"HAULRITE OF FOUR CORNERS, INC.",NULL,NULL,6,UNITED STATES (USA)
5645,1T9899,9496,TOMCAR USA INC.,NULL,NULL,6,UNITED STATES (USA)
3514,RF4,9497,"CHYONG HORNG ENTERPRISE CO., LTD.",NULL,NULL,4,TAIWAN
5331,5DG,9501,TEREX ADVANCE MIXER,NULL,NULL,6,UNITED STATES (USA)
3307,4C9094,9502,"CUMBERLAND COUNTY CUSTOM CYCLES, LLC",NULL,NULL,6,UNITED STATES (USA)
3262,ZCH,9503,DI BLASI INDUSTRIALE SRL,NULL,NULL,9,ITALY
4771,1R9573,9504,"RENEGADE MOTORCYCLES, INC.",NULL,NULL,6,UNITED STATES (USA)
5787,1W9437,9505,WIDE OPEN CYCLES,NULL,NULL,6,UNITED STATES (USA)
3297,1E9397,9506,EFL MANUFACTURING LLC,NULL,NULL,6,UNITED STATES (USA)
3301,1E9441,9506,EFL MANUFACTURING LLC,NULL,NULL,6,UNITED STATES (USA)
3512,4C9102,9507,"CHUY'S C-5 TRAILER, INC. ",NULL,NULL,6,UNITED STATES (USA)
12188,7N3,9507,"CHUY'S C-5 TRAILER, INC. ",NULL,NULL,6,UNITED STATES (USA)
4378,1Z9280,9508,OUTKAST CUSTOM TRAILER,NULL,NULL,6,UNITED STATES (USA)
5545,4S9082,9509,SHILOH MANUFACTURING INC.,NULL,NULL,6,UNITED STATES (USA)
4205,1M9770,9510,"MAXWELD BOATS, INC.",NULL,NULL,6,UNITED STATES (USA)
5103,1R9591,9511,"ROUND 2 MOTORCYCLES, INC.",NULL,NULL,NULL,NULL
4449,1Z9288,9512,OLD GLORY TRAILERS,NULL,NULL,6,UNITED STATES (USA)
4893,1R9596,9513,"RB TRAILER MANUFACTURING, INC.",NULL,NULL,6,UNITED STATES (USA)
2902,1F9314,9514,FEARLESS CHOPPERS LLC,NULL,NULL,6,UNITED STATES (USA)
5553,4S9020,9515,"SIC CYCLES, LLC",NULL,NULL,6,UNITED STATES (USA)
4590,1N9254,9517,"NEWMAN INDUSTRIES, INC.",NULL,NULL,6,UNITED STATES (USA)
5414,1T9846,9518,"THREE FEATHERS MANUFACTURING, LLC",NULL,NULL,6,UNITED STATES (USA)
4265,1J9343,9521,JAIL BREAK CHOPPERS,NULL,NULL,6,UNITED STATES (USA)
2645,1D9564,9522,DARK DAYZ CHOPPERS,NULL,NULL,6,UNITED STATES (USA)
5625,1U9105,9523,ULTIMA COMPANY LLC,NULL,NULL,6,UNITED STATES (USA)
4362,5SM,9527,NORTH AMERICAN CARGO,NULL,NULL,6,UNITED STATES (USA)
4438,1M9715,9528,"MILLENNIUM TRANSIT SERVICES, LLC",NULL,NULL,6,UNITED STATES (USA)
3302,1B9818,9529,BLACKSMITH CHOPPERS,NULL,NULL,6,UNITED STATES (USA)
3442,1A9729,9531,"ALUMA TOWER COMPANY, INC.",NULL,NULL,6,UNITED STATES (USA)
4046,1L9387,9532,LAKOTA TRAILERS,NULL,NULL,6,UNITED STATES (USA)
6863,58J,9532,LAKOTA TRAILERS,NULL,NULL,6,UNITED STATES (USA)
5147,1R9568,9533,ROCKY MOUNTAIN CHOPPERS,NULL,NULL,6,UNITED STATES (USA)
3296,1B9824,9534,BLACK WIDOW CUSTOM MOTORCYCLE WORKS,NULL,NULL,6,UNITED STATES (USA)
6370,1W9271,9538,WILMER'S WELDING,NULL,NULL,6,UNITED STATES (USA)
3768,1Z9265,9541,"INSANE CYCLE DESIGNS, INC.",NULL,NULL,6,UNITED STATES (USA)
3121,1F9315,9542,FREEBORN CUSTOMS INC.,NULL,NULL,6,UNITED STATES (USA)
4278,1M9747,9544,"METAL SYSTEMS, INC. dba GATOR TRAILERS",NULL,NULL,6,UNITED STATES (USA)
5786,1W9424,9545,WICOMICO CUSTOM CYCLES INC.,NULL,NULL,6,UNITED STATES (USA)
9713,1T9748,9547,TRAILBLAZER TRAILERS,NULL,NULL,6,UNITED STATES (USA)
10682,1E9314,9549,EXCAVATION TECHNOLOGY CORPORATION,NULL,NULL,6,UNITED STATES (USA)
10249,1T9876,9551,TWISTED TWIN INC.,NULL,NULL,6,UNITED STATES (USA)
5014,1J9367,9553,JERRY'S WELDING SERVICE,NULL,NULL,6,UNITED STATES (USA)
6055,L1P,9554,"CHONGQUING DAJIANG MOTORCYCLES CO., LTD",NULL,NULL,8,CHINA
3568,1B9849,9555,BACKYARD CHOPPERS,NULL,NULL,6,UNITED STATES (USA)
5132,4S9081,9556,SULLIVANS MOTORCYCLES,NULL,NULL,6,UNITED STATES (USA)
2909,1F9330,9557,"FELONY STREET GEAR COMPANY, LLC",NULL,NULL,6,UNITED STATES (USA)
8879,1U9108,9560,USA MOTOR CORPORATION,NULL,NULL,6,UNITED STATES (USA)
10544,1U9086,9562,UTAH TANK & TRAILER,NULL,NULL,6,UNITED STATES (USA)
10152,1U9080,9575,UTILIMAX MANUFACTURING INC,NULL,NULL,6,UNITED STATES (USA)
4888,1R9571,9579,RIG WORKS INC.,NULL,NULL,6,UNITED STATES (USA)
5519,1S9954,9580,STEIN METAL FAB,NULL,NULL,6,UNITED STATES (USA)
5529,1W9429,9582,WALZ HARDCORE CYCLES USA,NULL,NULL,5,UNITED KINGDOM (UK)
9778,4C9061,9583,"C-ALL MFG, INC.",NULL,NULL,6,UNITED STATES (USA)
8741,4CR,9584,"CLASSIC ROADSTERS, LTD.",NULL,NULL,6,UNITED STATES (USA)
6082,1C9718,9585,"CLASSIC TRAILERS, INC.",NULL,NULL,6,UNITED STATES (USA)
5755,1VM,9590,V/M CUSTOM BOAT TRAILERS,NULL,NULL,6,UNITED STATES (USA)
9878,1V9006,9596,VACMASTERS OF DENVER INC,NULL,NULL,6,UNITED STATES (USA)
8786,1V9080,9600,VALLEY TRAILER MFG INC,NULL,NULL,6,UNITED STATES (USA)
10490,1V9105,9605,VALLEY TRUCK TRUCKBEDS & REPAIR,NULL,NULL,6,UNITED STATES (USA)
6349,1V9097,9607,VALLEY VIEW CUSTOM TRAILER MANUFACTURERS,NULL,NULL,6,UNITED STATES (USA)
9529,1V9125,9608,VAMA MANUFACTURING,NULL,NULL,6,UNITED STATES (USA)
10474,1R9451,9615,RAPID HOOK TRANSPORTATION SYSTEMS,NULL,NULL,6,UNITED STATES (USA)
7253,1K9058,9617,KOVATCH MOBILE EQUIPMENT CORP. KME FIRE APPARATUS,NULL,NULL,6,UNITED STATES (USA)
8378,1R9522,9621,"RON'S TRAILERS, INC.",NULL,NULL,6,UNITED STATES (USA)
3854,1K9240,9623,KNIGHTS CHOPPERS INC.,NULL,NULL,6,UNITED STATES (USA)
8744,5EV,9627,EXPLORER VAN COMPANY,NULL,NULL,6,UNITED STATES (USA)
9865,4KG,9629,FARMBILT INC,NULL,NULL,6,UNITED STATES (USA)
6036,2F9073,9631,FIFTIES TRAILERS INC.,NULL,NULL,1,CANADA
8745,1F9157,9633,"FIRETAC SYSTEMS, INC.",NULL,NULL,6,UNITED STATES (USA)
7086,1F9256,9635,FITZGERALD KIT TRUCKS & SALES LLC,NULL,NULL,6,UNITED STATES (USA)
6045,4L4,9636,FLOE INTERNATIONAL INC,NULL,NULL,6,UNITED STATES (USA)
6824,1F9054,9639,FORETRAVEL INC,NULL,NULL,6,UNITED STATES (USA)
9175,1F9325,9639,FORETRAVEL INC,NULL,NULL,6,UNITED STATES (USA)
6718,42K,9642,FOUR WINNS BOATS LLC,NULL,NULL,6,UNITED STATES (USA)
10255,1F9246,9643,FOX FABRICATION INC,NULL,NULL,6,UNITED STATES (USA)
8746,1G9227,9649,"GALPIN MANUFACTURING, INC",NULL,NULL,6,UNITED STATES (USA)
10768,1G9008,9652,"GENERAL TRAILER COMPANY, INC.",NULL,NULL,6,UNITED STATES (USA)
6308,1C9990,9658,"THE CHARIOT, INC.",NULL,NULL,6,UNITED STATES (USA)
6110,1H9470,9659,"HOBSON & SON, LLC",NULL,NULL,6,UNITED STATES (USA)
5985,1C9988,9660,"CUSTOM MOTORCYCLE WORKS, INC.",NULL,NULL,6,UNITED STATES (USA)
6358,1W9WS7,9661,WALDEN STRUCTURES CONSTRUCTION,NULL,NULL,6,UNITED STATES (USA)
9610,1Z9249,9662,OHIO FLUID PRODUCTS COMPANY,NULL,NULL,6,UNITED STATES (USA)
5623,1U9100,9663,"ULTIMATE TRAILERS, INC.",NULL,NULL,6,UNITED STATES (USA)
3491,5R6,9664,AZURE DYNAMICS INC.,NULL,NULL,6,UNITED STATES (USA)
3253,1A9855,9665,ALFRED INDUSTRIES,NULL,NULL,6,UNITED STATES (USA)
14030,1S9944,9666,SSC NORTH AMERICA LLC.,NULL,NULL,NULL,NULL
6237,1R9535,9667,"ROLLIN-S TRAILERS, INC.",NULL,NULL,6,UNITED STATES (USA)
6173,1K9253,9668,"KILLION ENTERPRISES, LLC",NULL,NULL,6,UNITED STATES (USA)
6150,5PD,9669,"INNOVATIVE TRAILER MFG., INC.",NULL,NULL,6,UNITED STATES (USA)
9689,1R1,9670,FONTAINE TRAILER COMPANY,NULL,NULL,6,UNITED STATES (USA)
4701,1P9535,9671,"PHAT CUSTOM CYCLES, INC.",NULL,NULL,6,UNITED STATES (USA)
6247,1G9346,9672,"NORTHSTAR FABRICATION & MACHINE, INC.",NULL,NULL,6,UNITED STATES (USA)
6306,1F9948,9673,"SMACK TRAILERS, LLC",NULL,NULL,6,UNITED STATES (USA)
11307,1B9767,9674,BROADWAY CHOPPERS,NULL,NULL,6,UNITED STATES (USA)
6340,1T9841,9675,TULSA TRIKES,NULL,NULL,6,UNITED STATES (USA)
8518,1D9538,9681,DETROIT TOOL INC. DBA ADVANCED FABRICATION,NULL,NULL,6,UNITED STATES (USA)
10385,1A9669,9681,DETROIT TOOL INC. DBA ADVANCED FABRICATION,NULL,NULL,6,UNITED STATES (USA)
4643,1R9621,9683,"R & A MANUFACTURING, LLC",NULL,NULL,6,UNITED STATES (USA)
9630,1Z9148,9684,OUTLAW INC.,NULL,NULL,6,UNITED STATES (USA)
10394,1Z9304,9684,OUTLAW INC.,NULL,NULL,6,UNITED STATES (USA)
3518,1H9529,9685,"HOPPEL FABRICATION SPECIALTIES, INC.",NULL,NULL,6,UNITED STATES (USA)
3519,1H9765,9685,"HOPPEL FABRICATION SPECIALTIES, INC.",NULL,NULL,6,UNITED STATES (USA)
5758,1V9VAS,9687,"VACATION STRUCTURES, INC.",NULL,NULL,6,UNITED STATES (USA)
3756,1B9752,9688,BAY CITY CHOPPERS INC.,NULL,NULL,6,UNITED STATES (USA)
6229,L3Y,9690,NINGBO MOTORCYCLE FACTORY,NULL,NULL,8,CHINA
5024,1P9554,9693,PRECISION EQUIPMENT MANUFACTURING,NULL,NULL,6,UNITED STATES (USA)
4762,1H9477,9695,HOG BELT BIKES INC.,NULL,NULL,6,UNITED STATES (USA)
5900,1A9689,9697,AMP CUSTOMS,NULL,NULL,6,UNITED STATES (USA)
6262,1R9540,9698,R.N.R. CUSTOM CYCLES INC.,NULL,NULL,6,UNITED STATES (USA)
6155,1J9327,9700,JUDGEMENT CUSTOM DESIGN,NULL,NULL,6,UNITED STATES (USA)
5891,1B9766,9706,BIG EASY CHOPPERS,NULL,NULL,6,UNITED STATES (USA)
3498,1G9350,9707,GSE CUSTOM CARS AND CYCLES INC.,NULL,NULL,6,UNITED STATES (USA)
9472,1Z9251,9708,QUEENS MOTOR COMPANY,NULL,NULL,6,UNITED STATES (USA)
6129,1Z9246,9709,"INVENTORS CLASSICAL ELECTRIC VEHICLES, LLC",NULL,NULL,6,UNITED STATES (USA)
9693,1B9734,9710,BINDER TRAILER MFG.,NULL,NULL,6,UNITED STATES (USA)
4738,5L4,9712,"PILGRIM INTERNATIONAL, INC.",NULL,NULL,6,UNITED STATES (USA)
9613,1P9457,9712,"PILGRIM INTERNATIONAL, INC.",NULL,NULL,6,UNITED STATES (USA)
4386,1Z9250,9713,OAKLAND COUNTY CHOPPERS LLC,NULL,NULL,6,UNITED STATES (USA)
7188,RF3,9718,"AEON MOTOR CO., LTD",NULL,NULL,4,TAIWAN
4142,LCA,9721,"LONG CHIH INDUSTRIAL CO., LTD.",NULL,NULL,4,TAIWAN
4829,1S9964,9723,"SCAR, INC.",NULL,NULL,6,UNITED STATES (USA)
5711,1T9961,9726,TOW ZONE TRAILER & EQUIPMENT SALES INC.,NULL,NULL,6,UNITED STATES (USA)
2650,1D9595,9730,DARKSIDE CHARIOTS INC.,NULL,NULL,6,UNITED STATES (USA)
10391,4C9099,9731,"COLFAX TRAILER & REPAIR, LLC",NULL,NULL,6,UNITED STATES (USA)
6035,1F9329,9732,FERRO TRAILERS INC.,NULL,NULL,6,UNITED STATES (USA)
4483,1M9774,9733,"MMLJ, INC.",NULL,NULL,6,UNITED STATES (USA)
5249,3T9064,9736,TAVASCI REMOLQUES Y MANUFATURAS METALICAS,NULL,NULL,12,MEXICO
4543,5UY,9737,PACIFIC COACHWORKS INC,NULL,NULL,6,UNITED STATES (USA)
5942,5HE,9738,BACK TRACK TRAILERS,NULL,NULL,6,UNITED STATES (USA)
4227,1H9510,9739,HAY SEED FARMS LLC TRAILER MFG.,NULL,NULL,6,UNITED STATES (USA)
3173,1A9760,9740,AGUILAR'S WELDING INC.,NULL,NULL,6,UNITED STATES (USA)
4708,1M9772,9741,MORTON - DAVIS,NULL,NULL,6,UNITED STATES (USA)
4619,1R9318,9747,R JENKINS TRAILERS,NULL,NULL,6,UNITED STATES (USA)
5946,1M9776,9748,MCLENDON TRAILERS,NULL,NULL,6,UNITED STATES (USA)
3452,4C9110,9751,"CHOPPER ALLEY, LLC",NULL,NULL,6,UNITED STATES (USA)
4615,1N9272,9752,"NATIONAL SIGNAL, INC.",NULL,NULL,6,UNITED STATES (USA)
13337,7SS,9752,"NATIONAL SIGNAL, INC.",NULL,NULL,6,UNITED STATES (USA)
4695,4S9146,9753,SALBOATTRANSPORTER TRAILERS LLC,NULL,NULL,6,UNITED STATES (USA)
3526,ZKH,9754,"HUSQVARNA MOTORCYCLES S.R.L (FORMERLY KNOWN AS BOXER S.R.L., VARESE, ITALY)",NULL,NULL,9,ITALY
5828,1W9462,9755,"WILSHIRE TRAILERS, LLC",NULL,NULL,6,UNITED STATES (USA)
5928,1K9162,9756,"ROBERT E. KING EQUIPMENT, INC. dba  KING EQUIPMENT CO.",NULL,NULL,6,UNITED STATES (USA)
2687,1A9801,9757,ACTIVITY TRAILER LLC,NULL,NULL,6,UNITED STATES (USA)
3260,4ET,9758,"EAGLE TRAILER CO., INC.",NULL,NULL,6,UNITED STATES (USA)
3189,4C9158,9759,"CT FABRICATION, LLC",NULL,NULL,6,UNITED STATES (USA)
6181,1P9612,9760,"PHOENIX MOTORCYCLE WORKS, INC.",NULL,NULL,6,UNITED STATES (USA)
5084,4S9023,9763,SURE TECH ENGINEERING,NULL,NULL,6,UNITED STATES (USA)
2663,1D9302,9765,"VICTORY TRUCK BODY, INC.",NULL,NULL,6,UNITED STATES (USA)
3941,1J9351,9767,JV METAL BUILDINGS & TRAILERS,NULL,NULL,6,UNITED STATES (USA)
3680,4C9051,9768,CDS CORP.,NULL,NULL,6,UNITED STATES (USA)
6132,1Z9272,9769,ITASCA THUNDER INC.,NULL,NULL,6,UNITED STATES (USA)
11611,4C9029,9770,CAD INDUSTRIES,NULL,NULL,6,UNITED STATES (USA)
3457,1C9943,9771,"CHOPPER NATION, INC.",NULL,NULL,6,UNITED STATES (USA)
5635,1W9010,9773,WELD-IT COMPANY,NULL,NULL,6,UNITED STATES (USA)
4988,1S9928,9777,SPEARMAN MANUFACTURING,NULL,NULL,6,UNITED STATES (USA)
3728,1Z9270,9778,INDUSTRIAL STRUCTURES INC.,NULL,NULL,6,UNITED STATES (USA)
5700,1W9046,9779,WOODLAND PARK INC.,NULL,NULL,6,UNITED STATES (USA)
5714,1W9045,9779,WOODLAND PARK INC.,NULL,NULL,6,UNITED STATES (USA)
11039,1W9143,9779,WOODLAND PARK INC.,NULL,NULL,6,UNITED STATES (USA)
5053,4S9014,9781,"SULLIVAN'S GARAGE, INC.",NULL,NULL,6,UNITED STATES (USA)
4850,4S9022,9783,"SOUTHERN CYCLE WORKS, INC.",NULL,NULL,6,UNITED STATES (USA)
4537,2P9039,9784,PULVERISATEUR MS/ MS SPRAYER,NULL,NULL,1,CANADA
4617,1Z9263,9785,ISLAND CHOPPERS,NULL,NULL,6,UNITED STATES (USA)
10684,1S9831,9786,SUN SET TRAILER MANUFACTORY,NULL,NULL,6,UNITED STATES (USA)
6737,2S9135,9789,AG SHIELD MANUFACTURING,NULL,NULL,1,CANADA
10683,1B9665,9790,BUCKEYE CARRIAGE,NULL,NULL,6,UNITED STATES (USA)
10240,LXS,9792,"GUANGZHOU DAYANG MOTORCYCLE CO., LTD.",NULL,NULL,6,UNITED STATES (USA)
3172,1A9585,9793,AGRIFLEET LEASING CORPORATION,NULL,NULL,6,UNITED STATES (USA)
10139,1PA,9811,VANGUARD INDUSTRIES OF MICHIGAN INC,NULL,NULL,6,UNITED STATES (USA)
9860,5EP,9819,"YOUNG'S WELDING, INC.",NULL,NULL,6,UNITED STATES (USA)
2703,1A9736,9824,"ADVANCED CUSTOMS & CONVERSIONS, INC.",NULL,NULL,6,UNITED STATES (USA)
2928,3C9143,9825,CALCROSS S DE R.L DE C.V.,NULL,NULL,12,MEXICO
3314,1B9825,9827,BLAZING TECHNOLOGIES INC.,NULL,NULL,6,UNITED STATES (USA)
3240,1A9730,9828,ALBRIGHT BIKES LLC,NULL,NULL,6,UNITED STATES (USA)
4141,1L9389,9830,LONESOME ROAD CHOPPERS,NULL,NULL,6,UNITED STATES (USA)
4111,1M9748,9831,"MANTIS CHOPPERS, INC.",NULL,NULL,6,UNITED STATES (USA)
9657,1D9578,9832,"DAREDEVIL CHOPPERS, INC.",NULL,NULL,6,UNITED STATES (USA)
2722,1D9568,9833,"DEVIANT DESIGN, INC.",NULL,NULL,6,UNITED STATES (USA)
2990,1F9319,9835,FLOW-BOY BY HI-WAY,NULL,NULL,6,UNITED STATES (USA)
3817,LYX,9836,"JIANGSU SINSKI SONIK MOTOR TECHNOLOGY CO., LTD.",NULL,NULL,8,CHINA
2922,4C9062,9838,CAROLINA TRIKES & MINIS,NULL,NULL,6,UNITED STATES (USA)
2965,1E9388,9839,"EVIL EMPIRE CHOPPERS, INC.",NULL,NULL,6,UNITED STATES (USA)
6001,1H9500,9840,"HYDRO ENGINEERING, INC.",NULL,NULL,6,UNITED STATES (USA)
2701,1A9718,9841,ADVANCE PUMP & EQUIPMENT INC.,NULL,NULL,6,UNITED STATES (USA)
6133,1Z9273,9842,IVERSON MANUFACTURING,NULL,NULL,6,UNITED STATES (USA)
3153,5SW,9843,FRONTIER CARGO,NULL,NULL,6,UNITED STATES (USA)
5637,1U9110,9844,UNITED PRECISION METALS INC.,NULL,NULL,6,UNITED STATES (USA)
3484,1B9829,9846,"BOSS-LTG, INC",NULL,NULL,6,UNITED STATES (USA)
5011,4S9038,9847,"STROTHER WELDING, INC.",NULL,NULL,6,UNITED STATES (USA)
6364,5R4,9849,XKELETON MOTORCYCLE,NULL,NULL,6,UNITED STATES (USA)
5100,RFG,9850,"SANYANG MOTOR CO., LTD. (SYM)",NULL,NULL,4,TAIWAN
5733,5TG,9851,"SMART TRANSPORT SOLUTIONS, INC.",NULL,NULL,6,UNITED STATES (USA)
2872,1F9305,9852,FAST TRUCK BODY & EQUIPMENT,NULL,NULL,6,UNITED STATES (USA)
11180,1G9115,9854,GUZZLER MANUFACTURING INC.,NULL,NULL,6,UNITED STATES (USA)
11918,1H9344,9856,HARBOR MASTER LTD,NULL,NULL,6,UNITED STATES (USA)
6999,1H9059,9857,HARDEE MANUFACTURING CO.,NULL,NULL,6,UNITED STATES (USA)
7091,5LP,9858,HAWKLINE LLC,NULL,NULL,6,UNITED STATES (USA)
6373,LT1,9862,YANGZHOU TONGHUA SEMI-TRIALER CO. LTD.,NULL,NULL,8,CHINA
6374,1Y9018,9867,YESTER YEAR AUTO,NULL,NULL,6,UNITED STATES (USA)
3860,1L9199,9868,"J R MILLS ENTERPRISES, INC.",NULL,NULL,6,UNITED STATES (USA)
8463,1K9249,9870,KEMP KUSTOMS,NULL,NULL,6,UNITED STATES (USA)
8462,1T9828,9871,"T2 SERVICES, INC.",NULL,NULL,6,UNITED STATES (USA)
8400,1D9534,9872,"DYER'S DOCKING SYSTEMS, INC.",NULL,NULL,6,UNITED STATES (USA)
8517,1T9806,9874,TEMPEST CYCLES,NULL,NULL,6,UNITED STATES (USA)
8512,1C9975,9875,COPPER STATE CYCLES,NULL,NULL,6,UNITED STATES (USA)
8383,1D9530,9876,DARKSIDE CHOPPERS,NULL,NULL,6,UNITED STATES (USA)
10627,LE6,9877,HONGDOU GROUP CHITUMA MOTORCYCLE COMPANY,NULL,NULL,8,CHINA
9513,1H9423,9878,HOOSIER TRAILER & TRUCK EQUIPMENT INC,NULL,NULL,6,UNITED STATES (USA)
9330,1H9367,9880,"HUNTER OUTDOOR PRODUCTS, INC",NULL,NULL,6,UNITED STATES (USA)
8794,1Z9053,9882,IMAGE CYCLES INC,NULL,NULL,6,UNITED STATES (USA)
3724,1Z9430,9885,"IMPERIAL INDUSTRIES, INC.",NULL,NULL,6,UNITED STATES (USA)
9566,1Z9143,9886,INTERMODAL CONTAINER SYSTEMS,NULL,NULL,6,UNITED STATES (USA)
8804,1Z9096,9888,INTERNATIONAL SUPPLY CO. INC.,NULL,NULL,6,UNITED STATES (USA)
10575,13X,9889,J-10 TRAILERS,NULL,NULL,6,UNITED STATES (USA)
9873,1J9242,9891,J.B.'S WELDING,NULL,NULL,6,UNITED STATES (USA)
6460,1UJ,9892,"JAYCO, INC.",NULL,NULL,6,UNITED STATES (USA)
8808,1J9194,9893,"JBH CUSTOM TRAILERS, INC.",NULL,NULL,6,UNITED STATES (USA)
10246,1Z9173,9894,JEFFERY L AMES DBA INNOVATIVE TRAILER MFG,NULL,NULL,6,UNITED STATES (USA)
6080,5LY,9895,JOHNNY PAG,NULL,NULL,6,UNITED STATES (USA)
6152,1J9273,9895,JOHNNY PAG,NULL,NULL,6,UNITED STATES (USA)
10506,1K9198,9898,KAMCO,NULL,NULL,6,UNITED STATES (USA)
5996,1Z9233,9899,"IRON HORSE BBQ, INCORPORATED",NULL,NULL,6,UNITED STATES (USA)
4726,1P9543,9901,PICK A SPOT,NULL,NULL,6,UNITED STATES (USA)
3356,1G9348,9902,"GREAT LAKES TRAILER COMPANY, LLC",NULL,NULL,6,UNITED STATES (USA)
5741,1S9961,9903,SMOKIN' BARBEQUE,NULL,NULL,6,UNITED STATES (USA)
7018,1D9028,9905,"D  & D TRAILERS, INC",NULL,NULL,6,UNITED STATES (USA)
2620,1T9198,9906,"CP DEVELOPMENT, INC. DBA TRICKER TRAILERS",NULL,NULL,6,UNITED STATES (USA)
6322,459034,9907,"SPEED AND CUSTOM ENTERPRISES,LLC",NULL,NULL,5,UNITED KINGDOM (UK)
6072,LJ5,9909,"CIXI KINGRING MOTORCYCLE CO., LTD",NULL,NULL,8,CHINA
3258,1A9702,9911,ALL AMERICAN CHOPPERS CO.,NULL,NULL,6,UNITED STATES (USA)
9433,1C9996,9912,"CLEARSPRING CONVERSIONS, INC.",NULL,NULL,6,UNITED STATES (USA)
9432,1M9724,9913,M & M TRAILERS & WELDING,NULL,NULL,6,UNITED STATES (USA)
3731,4C9013,9915,COASTLINE TRAILER MFG.,NULL,NULL,6,UNITED STATES (USA)
4331,5JW,9916,NOVAE LLC,NULL,NULL,6,UNITED STATES (USA)
4802,1S9929,9919,SOUTH BAY CHOPPERS,NULL,NULL,6,UNITED STATES (USA)
10276,1P9529,9922,PRO LITE TRAILER INC. USA,NULL,NULL,6,UNITED STATES (USA)
6342,1U9095,9924,UNIQUE CUSTOM TRUCK & TRAILER,NULL,NULL,6,UNITED STATES (USA)
6104,5RD,9925,HITONG MOTORS CORP.,NULL,NULL,6,UNITED STATES (USA)
6350,1V9134,9927,VCS CUSTOM CYCLES,NULL,NULL,6,UNITED STATES (USA)
6367,1W9398,9928,"WORK HORSE MANUFACTURING, LLC",NULL,NULL,6,UNITED STATES (USA)
4798,1N9239,9929,"NESS MOTORCYCLES, LLC",NULL,NULL,6,UNITED STATES (USA)
5333,4S9109,9932,"SAGE INDUSTRIES, INC.",NULL,NULL,6,UNITED STATES (USA)
6107,1F9344,9933,FISCHER THARP LLC,NULL,NULL,6,UNITED STATES (USA)
4618,1R9625,9934,R & W ENTERPRISES INC.,NULL,NULL,6,UNITED STATES (USA)
6116,1Z9307,9936,IDAHO TOTE DOLLY INC.,NULL,NULL,6,UNITED STATES (USA)
5698,1U9114,9937,"US BUILT TRAILERS, INC. (USBT)",NULL,NULL,6,UNITED STATES (USA)
4437,1M9795,9938,"MILLIONS FARM CENTER, INC.",NULL,NULL,6,UNITED STATES (USA)
6128,1J9303,9939,JMW WELDING & MANUFACTURING INC.,NULL,NULL,6,UNITED STATES (USA)
8811,1J9065,9939,JMW WELDING & MANUFACTURING INC.,NULL,NULL,6,UNITED STATES (USA)
6145,1F9000,9940,HEAT INNOVATIONS INC.,NULL,NULL,6,UNITED STATES (USA)
9422,1S9973,9941,"SUNSHINE PIPING , INC.",NULL,NULL,6,UNITED STATES (USA)
9381,1T9741,9942,TRAILALONG TRAILER INC.,NULL,NULL,6,UNITED STATES (USA)
5314,1S9771,9944,"SWIFT MOTOR SPORTS, INC. ",NULL,NULL,6,UNITED STATES (USA)
5003,1S9931,9945,STRONG ISLAND CYCLES INC.,NULL,NULL,6,UNITED STATES (USA)
8803,1C9989,9946,C & S CHOPPERS INC.,NULL,NULL,6,UNITED STATES (USA)
8809,1W9394,9948,WHISKEY CHOPPERS,NULL,NULL,6,UNITED STATES (USA)
9404,4C9015,9949,THE CYCLE EXCHANGE LLC,NULL,NULL,6,UNITED STATES (USA)
6052,LJR,9950,"CIMC VEHICLES GROUP CO., LTD.",NULL,NULL,8,CHINA
9331,SFE,9951,ALEXANDER DENNIS LIMITED,NULL,NULL,5,UNITED KINGDOM (UK)
7041,1C9893,9952,C&W TRAILERS,NULL,NULL,6,UNITED STATES (USA)
9401,1R9383,9953,ROGUE CHOPPERS,NULL,NULL,6,UNITED STATES (USA)
4746,1R9550,9955,R.K. CYCLES,NULL,NULL,6,UNITED STATES (USA)
9397,1H9481,9957,"HITCH BUDDY, INC.",NULL,NULL,6,UNITED STATES (USA)
5361,1T9848,9958,"TRAILMAN, INC.",NULL,NULL,6,UNITED STATES (USA)
3044,1F9303,9959,"FM MFG., INC.",NULL,NULL,6,UNITED STATES (USA)
2815,4C9003,9960,CAROLINA CHOPPERS,NULL,NULL,5,UNITED KINGDOM (UK)
3352,1E9373,9961,E-BILT LLC,NULL,NULL,6,UNITED STATES (USA)
5160,1T9852,9963,"TAILGATOR CONCEPTS, INC.",NULL,NULL,6,UNITED STATES (USA)
10126,1M9729,9964,METRY CUSTOM CYCLES,NULL,NULL,6,UNITED STATES (USA)
3577,1B9779,9966,BAD BOY TRAILERS,NULL,NULL,6,UNITED STATES (USA)
4009,1L9371,9968,LA CART'S INC.,NULL,NULL,6,UNITED STATES (USA)
10254,4S9035,9969,"STROKERS MANUFACTURING ",NULL,NULL,6,UNITED STATES (USA)
10256,1P9577,9973,P.B. CHOPPERS INC,NULL,NULL,6,UNITED STATES (USA)
6119,1W9425,9974,"WORK HAWG TRAILER COMPANY, LLC",NULL,NULL,6,UNITED STATES (USA)
9388,1G9361,9977,"GAM LLC ",NULL,NULL,6,UNITED STATES (USA)
8885,43Z,9978,"U-DUMP TRAILERS, LLC",NULL,NULL,6,UNITED STATES (USA)
5393,1T9879,9979,"THE TRAILER SHOP, INC.",NULL,NULL,6,UNITED STATES (USA)
5780,1W9427,9980,WHISKEY CUSTOM CYCLES INC.,NULL,NULL,6,UNITED STATES (USA)
4899,1R9567,9981,REBEL EQUIPMENT INC.,NULL,NULL,6,UNITED STATES (USA)
9493,1B9828,9982,BLACK SUNSHINE CUSTOMS,NULL,NULL,6,UNITED STATES (USA)
8520,1B9393,9983,BOURGET'S BIKE WORKS,NULL,NULL,6,UNITED STATES (USA)
4458,1Z9269,9984,OLD TOWN CHOPPERS,NULL,NULL,6,UNITED STATES (USA)
3185,1E9390,9986,"E.F. COUVRETTE COMPANY, INC.",NULL,NULL,6,UNITED STATES (USA)
3254,5T0,9987,ALL ABOUT TRAILERS,NULL,NULL,6,UNITED STATES (USA)
11921,4A9134,9987,ALL ABOUT TRAILERS,NULL,NULL,6,UNITED STATES (USA)
5482,1T9884,9989,TIGHTLINE FISH HOUSE LLC,NULL,NULL,6,UNITED STATES (USA)
3538,1G9365,9990,GEAR JAMMER CUSTOMS,NULL,NULL,6,UNITED STATES (USA)
5916,1B9887,9994,"BOWIE INDUSTRIES, INC.",NULL,NULL,6,UNITED STATES (USA)
4612,1N9283,9998,NATIONWIDE TRAILER AND EQUIPMENT SALES,NULL,NULL,6,UNITED STATES (USA)
4055,1K9283,9999,KNIEVEL MOTORCYCLE MANUFACTURING INC.,NULL,NULL,6,UNITED STATES (USA)
4056,5YW,9999,KNIEVEL MOTORCYCLE MANUFACTURING INC.,NULL,NULL,6,UNITED STATES (USA)
3660,1Z9334,10001,IBI LLC,NULL,NULL,6,UNITED STATES (USA)
6452,1Z9336,10002,Z FABRICATION WILDFIRE PITS AND SMOKERS,NULL,NULL,6,UNITED STATES (USA)
3573,1G9367,10005,GEARHEADS INC.,NULL,NULL,6,UNITED STATES (USA)
4164,1H9495,10007,"HARDBIKES, LLC",NULL,NULL,6,UNITED STATES (USA)
4814,4S9048,10008,SC TRAILERS INC.,NULL,NULL,6,UNITED STATES (USA)
4461,1Z9279,10009,OWENS CARGO INC.,NULL,NULL,6,UNITED STATES (USA)
3450,1D9573,10011,DIRT-A-HOLIC TRAILERS,NULL,NULL,6,UNITED STATES (USA)
10295,4C9048,10012,COONYZ CUSTOMZ,NULL,NULL,6,UNITED STATES (USA)
10296,1J9298,10013,"JACKALOPE CONVERSIONS, LLC",NULL,NULL,6,UNITED STATES (USA)
5785,1W9432,10014,WICKED SICKLES LLC,NULL,NULL,6,UNITED STATES (USA)
5855,1R9559,10015,"ROD CHOMPER, INC.",NULL,NULL,6,UNITED STATES (USA)
2691,1A9157,10016,"ADDCO, INC.",NULL,NULL,6,UNITED STATES (USA)
3922,1J9350,10018,"JONES COUNTY CHOPPERS, INC.",NULL,NULL,6,UNITED STATES (USA)
2688,A5L,10019,ACTIVMO AUTO INC.,NULL,NULL,6,UNITED STATES (USA)
5759,5HZ,10020,VAC-TRON EQUIPMENT LLC,NULL,NULL,6,UNITED STATES (USA)
4629,5R0,10021,"PROLINE TRAILERS, INC.",NULL,NULL,6,UNITED STATES (USA)
3438,1D9585,10022,DIXIE WELDING LLC,NULL,NULL,6,UNITED STATES (USA)
4375,1M9756,10023,MILFORD WELDING & MANUFACTURING INC.,NULL,NULL,6,UNITED STATES (USA)
4481,5MH,10024,"MM SPIRIT, INC. DBA AMERICAN SPIRIT",NULL,NULL,6,UNITED STATES (USA)
4896,1P9579,10027,"POL-TECH MANUFACTORY, CORPORATION",NULL,NULL,6,UNITED STATES (USA)
4824,1G9371,10029,GOOSE CREEK ENTERPRISES,NULL,NULL,6,UNITED STATES (USA)
4856,1G9369,10030,GOLD STAR COMMUNICATIONS,NULL,NULL,6,UNITED STATES (USA)
3472,4C9072,10031,"CHRISTEN BROTHERS, INC.",NULL,NULL,6,UNITED STATES (USA)
4592,1N9264,10033,NASH MOTORCYCLES LLC,NULL,NULL,6,UNITED STATES (USA)
5520,4S9064,10034,"STERLING FABRICATION, INC.",NULL,NULL,6,UNITED STATES (USA)
2690,1A9374,10037,ADAMS MFG.,NULL,NULL,6,UNITED STATES (USA)
6043,LZX,10038,CHONGQING SHUANGQING MECHANICAL & ELECTRICAL CO. LTD.,NULL,NULL,8,CHINA
2568,4C9057,10041,"CUSTOM AMUSEMENT PRODUCTS COMPANY, INC.",NULL,NULL,6,UNITED STATES (USA)
5632,1U9111,10042,UNIQUE PERFORMANCE CUSTOMS,NULL,NULL,6,UNITED STATES (USA)
3234,1B9810,10043,BLACK DRAGON CHOPPERS,NULL,NULL,6,UNITED STATES (USA)
2970,1F9FCL,10044,"FLAT CREEK LODGES, INC.",NULL,NULL,6,UNITED STATES (USA)
5097,1S9867,10047,SPEED & PRECISION CYCLES LLC,NULL,NULL,6,UNITED STATES (USA)
5481,1T9882,10049,TWISTED STEEL CHOPPERS,NULL,NULL,6,UNITED STATES (USA)
4219,1L9391,10050,LATCO INC.,NULL,NULL,6,UNITED STATES (USA)
3160,XMK,10051,ATEC AANHANGWAGENS BV,NULL,NULL,31,NETHERLANDS
4462,1N9261,10054,"NORTH SHORE MOTORCYCLES, INC.",NULL,NULL,6,UNITED STATES (USA)
3236,1D9587,10055,DREWES ENGINEERING,NULL,NULL,6,UNITED STATES (USA)
4651,1M9759,10056,"MOBILIGHT, INC.",NULL,NULL,6,UNITED STATES (USA)
4048,6J4,10057,KIMBERLEY KAMPERS PTY LTD,NULL,NULL,6,UNITED STATES (USA)
3008,5TH,10058,"ELITE TRAILERS, INC",NULL,NULL,6,UNITED STATES (USA)
4799,4S9054,10059,"SOONER MANUFACTURING, LLC",NULL,NULL,6,UNITED STATES (USA)
4195,1N9NRH,10060,"NEW RIVER HOMES, LLC",NULL,NULL,6,UNITED STATES (USA)
5274,1R9580,10061,ROLLING THUNDER LLC,NULL,NULL,6,UNITED STATES (USA)
4542,1J9352,10062,JALOPY CHOPPERS,NULL,NULL,6,UNITED STATES (USA)
5165,RKZ,10063,"TAIWAN HELIO TECHNOLOGY CO., LTD.",NULL,NULL,4,TAIWAN
3585,4C9042,10064,CHOPPERS EAST,NULL,NULL,6,UNITED STATES (USA)
4172,1L9393,10065,"LUCKY MFG, LLC",NULL,NULL,6,UNITED STATES (USA)
5651,4S9043,10068,STILETTO RIDES,NULL,NULL,6,UNITED STATES (USA)
5643,1U9122,10070,"UNITED SPECIALTIES, INC",NULL,NULL,6,UNITED STATES (USA)
6366,1W9303,10071,WORLD TRANSPORT AUTHORITY INC,NULL,NULL,6,UNITED STATES (USA)
11222,1W9216,10072,WORLEY WELDING WORKS INC.,NULL,NULL,6,UNITED STATES (USA)
7691,1T9125,10081,"TWIN CITY TRAILER SALES, INC.",NULL,NULL,6,UNITED STATES (USA)
8815,1T9530,10081,"TWIN CITY TRAILER SALES, INC.",NULL,NULL,6,UNITED STATES (USA)
5561,1T9572,10085,"TXC MFG. CO. ",NULL,NULL,6,UNITED STATES (USA)
7182,1U9044,10091,"U.S. JETTING, LLC",NULL,NULL,6,UNITED STATES (USA)
9797,1U9084,10094,U.S. ABILITIES INC,NULL,NULL,6,UNITED STATES (USA)
6947,186,10097,KARAVAN TRAILERS INC.,NULL,NULL,6,UNITED STATES (USA)
8817,5KT,10097,KARAVAN TRAILERS INC.,NULL,NULL,6,UNITED STATES (USA)
9268,1K9172,10098,"R. FILION MANUFACTURER INC. ",NULL,NULL,6,UNITED STATES (USA)
10728,48G,10106,KISER WELDING,NULL,NULL,6,UNITED STATES (USA)
9437,1K9057,10108,"KRUGER TRAILERS, INC.",NULL,NULL,6,UNITED STATES (USA)
9918,1K9152,10109,KRYSTAL KOACH INC.,NULL,NULL,6,UNITED STATES (USA)
10050,1N9191,10112,NOBLES INC.,NULL,NULL,6,UNITED STATES (USA)
9303,1B9759,10116,BROKEN BONZ INC.,NULL,NULL,6,UNITED STATES (USA)
5664,1S9972,10117,SINISTER CUSTOM CYCLES,NULL,NULL,6,UNITED STATES (USA)
2797,1A9664,10119,ARCADE IRON MOTORCYCLE COMPANY,NULL,NULL,6,UNITED STATES (USA)
12764,5CW,10121,MICKEY TRUCK BODIES INC.,NULL,NULL,6,UNITED STATES (USA)
8819,1W9203,10128,WACKER CORPORATION,NULL,NULL,6,UNITED STATES (USA)
7480,1W9218,10129,WACO TRUCK BODIES INC,NULL,NULL,6,UNITED STATES (USA)
8821,1W9285,10133,"WADE SERVICES, INC.",NULL,NULL,6,UNITED STATES (USA)
7155,1W9357,10136,"WAGON WHEEL TRAILERS ",NULL,NULL,6,UNITED STATES (USA)
8824,1W9291,10138,"WALDEN STRUCTURE'S, INC.",NULL,NULL,6,UNITED STATES (USA)
8826,2W9001,10140,"WALINGA, INC.",NULL,NULL,1,CANADA
10557,1W9354,10141,WALKER MOUNTAIN TRAILERS UNLIMITED,NULL,NULL,6,UNITED STATES (USA)
8829,1W9001,10142,WALKER STAINLESS EQUIPMENT CO,NULL,NULL,6,UNITED STATES (USA)
8840,5WS,10142,WALKER STAINLESS EQUIPMENT CO,NULL,NULL,6,UNITED STATES (USA)
4809,1S9977,10147,"SOUTH EAST INDUSTRIES, LLC",NULL,NULL,6,UNITED STATES (USA)
5993,1C9577,10148,CHIEF TRANSPORTATION PRODUCTS,NULL,NULL,6,UNITED STATES (USA)
5620,1S9979,10149,"TMP OUT WEST, LP",NULL,NULL,6,UNITED STATES (USA)
4459,1H9482,10150,"HIGHLAND MANUFACTURING, LLC",NULL,NULL,6,UNITED STATES (USA)
5498,1T9891,10151,"TRAVEL-LITE, INC.",NULL,NULL,6,UNITED STATES (USA)
5500,1T9849,10151,"TRAVEL-LITE, INC.",NULL,NULL,6,UNITED STATES (USA)
9372,1S9960,10152,SPIKA WELDING & MANUFACTURING,NULL,NULL,6,UNITED STATES (USA)
3583,1B9774,10154,BAD BOYZ TOYZ INC.,NULL,NULL,6,UNITED STATES (USA)
3827,JCB,10155,JIMMY'S CUSTOM BUILT TRAILERS & FABRICATION,NULL,NULL,6,UNITED STATES (USA)
3742,1B9656,10156,BASE CAMP RECREATIONAL VEHICLES,NULL,NULL,6,UNITED STATES (USA)
8800,1G9352,10157,GT'S BOAT WORKS,NULL,NULL,6,UNITED STATES (USA)
8802,1S9985,10158,SAN CLEMENTE GOLF CARTS,NULL,NULL,6,UNITED STATES (USA)
5629,1U9101,10162,UNIQUE CUSTOM CYCLES INC.,NULL,NULL,6,UNITED STATES (USA)
6290,1T9847,10163,T & B WELDING & TRAILERS,NULL,NULL,6,UNITED STATES (USA)
4094,1M9735,10164,MADEWELL PRODUCTS CORPORATION,NULL,NULL,6,UNITED STATES (USA)
4223,1M9733,10165,M & M TRAILER & SUPPLY,NULL,NULL,6,UNITED STATES (USA)
5689,1U9032,10166,"UNVERFERTH MANUFACTURING COMPANY, INC.",NULL,NULL,6,UNITED STATES (USA)
4198,1M9736,10167,"MCADUS US PRODUCT DEVELOPMENT, LLC",NULL,NULL,6,UNITED STATES (USA)
4783,1R9558,10168,RICE TRAILER CO.,NULL,NULL,6,UNITED STATES (USA)
3056,1F9306,10169,"FORMULA 1 STREET COM, LLC",NULL,NULL,6,UNITED STATES (USA)
3839,1C9770,10170,"CONSTRUCTION TRAILER SPECIALISTS, INC.",NULL,NULL,6,UNITED STATES (USA)
4828,4S9027,10171,SOUTH SIDE KUSTOMS,NULL,NULL,6,UNITED STATES (USA)
3299,1G9356,10173,"GRAVITY CONCEPTS MANUFACTURING, LLC",NULL,NULL,6,UNITED STATES (USA)
14747,1N9223,10181,"NICHOLS HI-TECH MARINE, INC.",NULL,NULL,6,UNITED STATES (USA)
8268,1B9714,10185,BILLS GOLF CARTS,NULL,NULL,6,UNITED STATES (USA)
10236,1C9933,10192,CENTRAL MONTANA PANELS,NULL,NULL,6,UNITED STATES (USA)
8331,1C9932,10193,"C & S TRAILER DEPOT, INC.",NULL,NULL,6,UNITED STATES (USA)
4126,LZP,10195,CHINA BAOTIAN MOTORCYCLE INDUSTRIAL CO. LTD.,NULL,NULL,8,CHINA
9723,LPY,10195,CHINA BAOTIAN MOTORCYCLE INDUSTRIAL CO. LTD.,NULL,NULL,6,UNITED STATES (USA)
8337,1V9131,10199,VON DUTCH/FLYING EYEBALL MOTORCYCLE COMPANY L.L.C.,NULL,NULL,6,UNITED STATES (USA)
4035,1C9680,10209,CHICA CUSTOM CYCLES,NULL,NULL,6,UNITED STATES (USA)
6495,389006,10211,"XTREME CHOPPERS, INC.",NULL,NULL,45,PUERTO RICO
4374,1M9684,10212,MIKE'S CUSTOM WORKS,NULL,NULL,6,UNITED STATES (USA)
4663,1P9098,10213,PEERLESS MANUFACTURING COMPANY,NULL,NULL,6,UNITED STATES (USA)
4284,1M9762,10214,MERCHANT'S TRAILERS AND GRILLS LLC,NULL,NULL,6,UNITED STATES (USA)
2826,1D9589,10215,DURBIN'S CUSTOM WELD & DESIGN,NULL,NULL,6,UNITED STATES (USA)
5020,4S9071,10217,STUNATA CUSTOMS,NULL,NULL,6,UNITED STATES (USA)
2831,1D9593,10218,DUSOLD CUSTOM CYCLES,NULL,NULL,6,UNITED STATES (USA)
4295,L5M,10219,"NINGBO KANGDA BICYCLE CO., LTD.",NULL,NULL,6,UNITED STATES (USA)
4018,4C9086,10220,C-HAWK TRAILERS,NULL,NULL,6,UNITED STATES (USA)
3859,1J9357,10221,J & E MANUFACTURING INC.,NULL,NULL,6,UNITED STATES (USA)
5745,4S9008,10222,SNAPCO INCORPORATED,NULL,NULL,6,UNITED STATES (USA)
5233,1R9569,10223,"ROLAND CURTAINS U.S.A., INC.",NULL,NULL,6,UNITED STATES (USA)
6172,4S9068,10224,Kathy Spell dba Southern Built Trailers,NULL,NULL,6,UNITED STATES (USA)
4903,1P9589,10227,PORKYS CHOPPER CO.,NULL,NULL,6,UNITED STATES (USA)
4944,5U0,10228,ROSEBURG TRAILER WORKS,NULL,NULL,6,UNITED STATES (USA)
2832,1F9326,10229,"F-3 TRAILERS & FAB, LLC",NULL,NULL,6,UNITED STATES (USA)
9854,1T9661,10230,"TEAM SPIRIT TRAILERS OF ELKHART, INC.",NULL,NULL,6,UNITED STATES (USA)
6230,1N9259,10235,NOMAD CUSTOM CYCLES INC.,NULL,NULL,6,UNITED STATES (USA)
2811,4C9100,10238,CAPSTONE COMMERCE CO. and EGENOLF ENTERPRISE INC.,NULL,NULL,6,UNITED STATES (USA)
3626,5UU,10239,"HORTON IRON WORKS, LLC",NULL,NULL,6,UNITED STATES (USA)
8925,1U9021,10240,UNION CITY BODY COMPANY INCORP.,NULL,NULL,6,UNITED STATES (USA)
8894,1U9045,10242,"UNIQUE DESIGNS, INC.",NULL,NULL,6,UNITED STATES (USA)
6041,1E9272,10243,E & W MANUFACTURING,NULL,NULL,6,UNITED STATES (USA)
6078,1E9276,10244,"ENVIRONMENTAL SERVICE PRODUCTS MFG., INC.",NULL,NULL,6,UNITED STATES (USA)
10186,1E9229,10244,"ENVIRONMENTAL SERVICE PRODUCTS MFG., INC.",NULL,NULL,6,UNITED STATES (USA)
10565,1L9306,10245,L & M TRAILER MFG.,NULL,NULL,6,UNITED STATES (USA)
10187,SFB,10246,ELECTROSTORM,NULL,NULL,5,UNITED KINGDOM (UK)
10188,1F9235,10247,"FLAME TRAILERS, INC.",NULL,NULL,6,UNITED STATES (USA)
10215,1B9819,10248,BRIANS CHOPPERS,NULL,NULL,6,UNITED STATES (USA)
10216,1Z9225,10249,INDEPENDENT CYCLE WORKS INC.,NULL,NULL,6,UNITED STATES (USA)
4698,1P9566,10250,PHANTOM CHOPPERS,NULL,NULL,6,UNITED STATES (USA)
5847,1Z9267,10252,"EXTRA LABOR FORCE, INC. DBA ZZ TRAILER, INC.",NULL,NULL,6,UNITED STATES (USA)
3294,1B9815,10253,"BLACK TIE MANUFACTURING, INC.",NULL,NULL,6,UNITED STATES (USA)
4239,5SF,10254,"HEARTLAND RECREATIONAL VEHICLES, LLC",NULL,NULL,6,UNITED STATES (USA)
8075,1H9459,10254,"HEARTLAND RECREATIONAL VEHICLES, LLC",NULL,NULL,6,UNITED STATES (USA)
4291,8C9287,10256,HEIL TRAILER INTERNACIONAL S.A.,NULL,NULL,17,ARGENTINA
10182,1Z9266,10257,INDEPENDENT CYCLE EAST,NULL,NULL,6,UNITED STATES (USA)
2956,1F9307,10261,FIRST CALL FLAGGING INC.,NULL,NULL,6,UNITED STATES (USA)
3015,1B9817,10264,BRUTON MANUFACTURING CO.,NULL,NULL,6,UNITED STATES (USA)
4658,1H9489,10265,HILLBILLY CHOPPERS,NULL,NULL,6,UNITED STATES (USA)
3231,1B9814,10266,"BJN MANUFACTURING, LLC",NULL,NULL,6,UNITED STATES (USA)
5013,1P9570,10267,PRECISION CUSTOM TRAILERS,NULL,NULL,6,UNITED STATES (USA)
11322,1D9184,10273,UEC EQUIPMENT COMPANY,NULL,NULL,6,UNITED STATES (USA)
7152,1U9085,10281,ULTRA MOTORCYCLE COMPANY,NULL,NULL,6,UNITED STATES (USA)
8830,1U9063,10284,"ULTRA-LIGHT TRAILERS, L.L.C.",NULL,NULL,6,UNITED STATES (USA)
11354,1U9029,10286,"UTILITY EQUIPMENT, INC.",NULL,NULL,6,UNITED STATES (USA)
11886,1UY,10289,UTILITY TRAILER MANUFACTURING COMPANY,NULL,NULL,6,UNITED STATES (USA)
11887,3UT,10289,UTILITY TRAILER MANUFACTURING COMPANY,NULL,NULL,12,MEXICO
9336,1L9283,10293,LOPEZ WELDING SHOP,NULL,NULL,6,UNITED STATES (USA)
6436,LXM,10295,"XIAMEN XIASHING MOTORCYCLE CO., LTD.",NULL,NULL,8,CHINA
6227,1M9798,10298,M.S. METAL WORKS LLC,NULL,NULL,6,UNITED STATES (USA)
6464,1M9799,10299,MAMMOTH TRAILERS,NULL,NULL,6,UNITED STATES (USA)
4677,1F9797,10300,MOOSE BOATS,NULL,NULL,6,UNITED STATES (USA)
5772,L8X,10302,"ZHEJIANG SUMMIT HUAWIN MOTORCYCLE CO., LTD.",NULL,NULL,8,CHINA
4240,5WU,10304,"LAWRIMORE MANUFACTURING, INC",NULL,NULL,6,UNITED STATES (USA)
6106,1W9460,10305,WICKED SICK DESIGNS MANUFACTURING  T-TOWN CHOPZ INC.,NULL,NULL,6,UNITED STATES (USA)
5248,4S9121,10306,S&S LITE LINE MFG. & SALES,NULL,NULL,6,UNITED STATES (USA)
4108,1M9805,10307,MAK DADDY BUILDERS,NULL,NULL,6,UNITED STATES (USA)
5211,1T9938,10308,TAMMYS TRAILERS,NULL,NULL,6,UNITED STATES (USA)
3883,JNM,10309,"JNM EQUIPMENT, INC.",NULL,NULL,6,UNITED STATES (USA)
4465,1Z9306,10310,"OYLER CUSTOM CYCLES, INC.",NULL,NULL,6,UNITED STATES (USA)
4303,1Z9305,10311,OLIVER TRAVEL TRAILERS,NULL,NULL,6,UNITED STATES (USA)
5610,1W9459,10312,WEE ENGINEER INC.,NULL,NULL,6,UNITED STATES (USA)
5236,1R9624,10313,"ROLLING INDUSTRIES, INC.",NULL,NULL,6,UNITED STATES (USA)
4989,1R9626,10316,REELSTRONG INC.,NULL,NULL,6,UNITED STATES (USA)
5948,4C9135,10317,"C AND C TOOLING, INC.",NULL,NULL,6,UNITED STATES (USA)
5963,1Z9048,10318,"ITI TRAILERS AND TRUCK BODIES, INC.",NULL,NULL,6,UNITED STATES (USA)
2836,1D9602,10319,DESERT THUNDER CUSTOMS,NULL,NULL,6,UNITED STATES (USA)
2863,1D9625,10320,DRAGONTAIL TRAILERS,NULL,NULL,6,UNITED STATES (USA)
4131,1L9416,10321,LONGBOW MOTORCYCLES LLC,NULL,NULL,6,UNITED STATES (USA)
6103,1H9532,10322,HILL EQUIPMENT,NULL,NULL,6,UNITED STATES (USA)
3210,4C9146,10323,C.C. IRONWORKS LLC,NULL,NULL,6,UNITED STATES (USA)
7263,2W9075,10324,WALSH'S AUTO & FABRICATION,NULL,NULL,1,CANADA
5530,1W9555,10325,"WALTON TRAILERS, LLC",NULL,NULL,6,UNITED STATES (USA)
12900,7SR,10325,"WALTON TRAILERS, LLC",NULL,NULL,6,UNITED STATES (USA)
9966,5F1,10326,"WANCO, INC.",NULL,NULL,6,UNITED STATES (USA)
7156,2W9081,10328,WARMAN'S WELDING LTD.,NULL,NULL,1,CANADA
10449,1W9347,10331,WARREN EQUIPMENT INC.,NULL,NULL,6,UNITED STATES (USA)
8831,1W9198,10333,"WARREN MANUFACTURING, INC.",NULL,NULL,6,UNITED STATES (USA)
8832,1W9287,10337,WASTE STREAM INC.,NULL,NULL,6,UNITED STATES (USA)
8788,1W9254,10338,WATAUGA WELDING INC,NULL,NULL,6,UNITED STATES (USA)
8787,1E9197,10342,ENVIRON PRODUCTS INC,NULL,NULL,6,UNITED STATES (USA)
10204,1M9676,10345,MACOMB COUNTY CYCLES WORKS,NULL,NULL,6,UNITED STATES (USA)
8822,1N9241,10347,NEW ENGLAND CHOPPERS,NULL,NULL,6,UNITED STATES (USA)
8818,1T9837,10348,TAYLOR MADE CHOPPERS INC.,NULL,NULL,6,UNITED STATES (USA)
10258,1L9363,10349,L.V.W. CUSTOMS,NULL,NULL,6,UNITED STATES (USA)
4440,1Z9170,10350,ORANGE COUNTY CHOPPERS,NULL,NULL,6,UNITED STATES (USA)
9802,1P9490,10365,PREMIER TRAILERS,NULL,NULL,6,UNITED STATES (USA)
7116,1P9459,10369,PRO WELDING & FABRICATING,NULL,NULL,6,UNITED STATES (USA)
8785,1R9321,10373,RACEMASTER ENGINEERING TIRE AND PERFORMANCE,NULL,NULL,6,UNITED STATES (USA)
5420,1T9845,10397,"THRU-AIR TRAILER, LLC",NULL,NULL,6,UNITED STATES (USA)
9341,1T9606,10397,"THRU-AIR TRAILER, LLC",NULL,NULL,6,UNITED STATES (USA)
2906,4C9002,10399,CAROLINA SERVICES,NULL,NULL,6,UNITED STATES (USA)
5076,4M8,10400,"SUPERIOR TRAILERS OF GEORGIA, INC.",NULL,NULL,6,UNITED STATES (USA)
4793,1S9966,10403,SO-CAL TEARDROPS,NULL,NULL,6,UNITED STATES (USA)
5418,4S9025,10406,"STALLION TRAILERS, INC.",NULL,NULL,6,UNITED STATES (USA)
4758,1S9994,10410,SARATOGA CUSTOM CYCLES,NULL,NULL,6,UNITED STATES (USA)
13235,4S9641,10410,SARATOGA CUSTOM CYCLES,NULL,NULL,6,UNITED STATES (USA)
2702,1B9800,10411,"BENCHMARK MOTORCYCLE & UTILITY TRAILERS, LLC",NULL,NULL,6,UNITED STATES (USA)
9434,1B9743,10412,BEST OF SHOW DETAILING SYSTEMS,NULL,NULL,6,UNITED STATES (USA)
10164,2B9640,10415,BUILT RIGHT UTILITY BODIES LTD.,NULL,NULL,1,CANADA
9295,1B9801,10416,BACK 40 CREATIONS,NULL,NULL,6,UNITED STATES (USA)
4999,1S9875,10417,SCHWARTZKOPF EXCLUSIVE CUSTOMS,NULL,NULL,6,UNITED STATES (USA)
3384,1A9714,10418,ALL AMERICAN TRAILER MANUFACTURERS INC.,NULL,NULL,6,UNITED STATES (USA)
5688,1T9850,10421,TOTAL OUTDOOR ADVENTRUES,NULL,NULL,6,UNITED STATES (USA)
10166,1D9559,10422,"DD CUSTOM CYCLE, LLC",NULL,NULL,6,UNITED STATES (USA)
10161,1E9376,10423,"ENTERPRISING SOLUTIONS ",NULL,NULL,6,UNITED STATES (USA)
3653,1Z9259,10430,"INLAND VENTURE, INC.",NULL,NULL,6,UNITED STATES (USA)
5283,1P9206,10432,TEXAS ROLL-BACK TRAILERS,NULL,NULL,6,UNITED STATES (USA)
5416,4S9060,10433,STAHL A SCOTT FETZER COMPANY,NULL,NULL,6,UNITED STATES (USA)
3200,1E9369,10434,"EAGLE CRAFT, INC.",NULL,NULL,6,UNITED STATES (USA)
4594,1NF,10436,NEWMAR CORPORATION,NULL,NULL,6,UNITED STATES (USA)
7693,1NE,10436,NEWMAR CORPORATION,NULL,NULL,6,UNITED STATES (USA)
7694,1L2,10436,NEWMAR CORPORATION,NULL,NULL,6,UNITED STATES (USA)
7695,1N7,10436,NEWMAR CORPORATION,NULL,NULL,6,UNITED STATES (USA)
7696,1LF,10436,NEWMAR CORPORATION,NULL,NULL,6,UNITED STATES (USA)
7697,1N8,10436,NEWMAR CORPORATION,NULL,NULL,6,UNITED STATES (USA)
10607,5NC,10436,NEWMAR CORPORATION,NULL,NULL,6,UNITED STATES (USA)
3347,1D9558,10438,"DRAGGIN CUSTOM CYCLES, LLC",NULL,NULL,6,UNITED STATES (USA)
3100,1F9308,10439,FOX HOLLOW MFG.,NULL,NULL,6,UNITED STATES (USA)
3686,4C9030,10440,CLEAN-TECH,NULL,NULL,6,UNITED STATES (USA)
5174,LDY,10441,"TAIZHOU JIAOJIANG ZHIWEI MOTORCYCLE MANUFACTURE CO., LTD.",NULL,NULL,8,CHINA
5175,LT4,10441,"TAIZHOU JIAOJIANG ZHIWEI MOTORCYCLE MANUFACTURE CO., LTD.",NULL,NULL,8,CHINA
4382,1K9248,10442,KRAFT CUSTOM CYCLES L.L.C.,NULL,NULL,6,UNITED STATES (USA)
4662,1H9498,10443,HILLTOP CUSTOM CYCLE,NULL,NULL,6,UNITED STATES (USA)
4576,1N9257,10446,"NEWPORT FABRICATING, LLC",NULL,NULL,6,UNITED STATES (USA)
7309,4M9036,10447,MADDOCK MACHINERY CORP.,NULL,NULL,6,UNITED STATES (USA)
3784,1Z9275,10449,INTENSE CREATIONS,NULL,NULL,6,UNITED STATES (USA)
5415,4S9037,10451,SSINSTER CHOPPERS LLC,NULL,NULL,6,UNITED STATES (USA)
8475,1W9428,10455,WHOLESALE TRAILER WORLD,NULL,NULL,6,UNITED STATES (USA)
5106,1P9572,10458,PROFORM TRAILERS INC.,NULL,NULL,6,UNITED STATES (USA)
6073,2DN,10459,DYNASTY ELECTRIC CAR CORPORATION,NULL,NULL,1,CANADA
3439,1A9731,10460,ALSALOR CORP.,NULL,NULL,6,UNITED STATES (USA)
6112,1H9488,10461,"HOLE SHOT CYCLES, INC.",NULL,NULL,6,UNITED STATES (USA)
3678,1B9750,10462,"BARE KNUCKLE CHOPPERS, LLC",NULL,NULL,6,UNITED STATES (USA)
8395,1B9741,10463,BERGEI'S BAD BOYZ BIKES,NULL,NULL,6,UNITED STATES (USA)
4589,1F9245,10464,NASH CAR TRAILERS,NULL,NULL,6,UNITED STATES (USA)
5514,1B9831,10465,VX UNLIMITED INC.,NULL,NULL,6,UNITED STATES (USA)
5513,1V9146,10466,"VTWIN CUSTOM MFG., LLC",NULL,NULL,6,UNITED STATES (USA)
4733,4S9085,10467,SANCHEZ TRAILERS,NULL,NULL,6,UNITED STATES (USA)
4616,1R9600,10468,R & J TRAILERS COMPANY,NULL,NULL,6,UNITED STATES (USA)
4154,1H9507,10469,HAMMERHEAD TRAILERS,NULL,NULL,6,UNITED STATES (USA)
4211,1L9398,10470,LUMPKIN ENTERPRISES,NULL,NULL,6,UNITED STATES (USA)
4876,1M9780,10471,"MT.EATON TRAILER,LLC",NULL,NULL,6,UNITED STATES (USA)
8784,1V9081,10473,V TWIN CITY,NULL,NULL,6,UNITED STATES (USA)
5754,5AG,10475,"V.E. ENTERPRISES, INC.",NULL,NULL,6,UNITED STATES (USA)
4772,1R9577,10478,REPOMAN CHOPPERS INC.,NULL,NULL,6,UNITED STATES (USA)
3845,4C9067,10480,"CONTREE SPRAYER AND EQUIPMENT COMPANY, LLC",NULL,NULL,6,UNITED STATES (USA)
3598,5TA,10482,AMERICAN HOMESTAR,NULL,NULL,6,UNITED STATES (USA)
3461,4C9068,10484,CHOPPER WORKS CYCLES,NULL,NULL,6,UNITED STATES (USA)
2757,1B9642,10485,"BEST GOLF CARS, INC",NULL,NULL,6,UNITED STATES (USA)
2662,1D9583,10486,DEMON'S CYCLE SOUTH INC.,NULL,NULL,6,UNITED STATES (USA)
9479,1B9822,10488,BALLEWS SOUTH CENTRAL CUSTOMS,NULL,NULL,6,UNITED STATES (USA)
6434,1X9019,10491,XCS CHOPPERS,NULL,NULL,6,UNITED STATES (USA)
4063,1K9266,10493,"KINKAID TRAILERS, LLC",NULL,NULL,6,UNITED STATES (USA)
5986,4C9059,10494,CHANDLER CUSTOM CYCLES,NULL,NULL,6,UNITED STATES (USA)
3132,1T9718,10496,CANYON TRAILERS,NULL,NULL,6,UNITED STATES (USA)
4559,L81,10497,"QINGDAO SINGAMAS INDUSTRIAL VEHICLE CO., LTD.",NULL,NULL,8,CHINA
4704,1H9511,10499,HI-VAC CORPORATION,NULL,NULL,6,UNITED STATES (USA)
9692,1H9387,10499,HI-VAC CORPORATION,NULL,NULL,6,UNITED STATES (USA)
3145,1F9321,10501,"FREEMAN CHOPPERS, LLC",NULL,NULL,6,UNITED STATES (USA)
6924,4C9066,10503,"CHAD FULLER CONSTRUCTION, INC.",NULL,NULL,6,UNITED STATES (USA)
5791,1W9431,10505,WILCO MANUFACTURING,NULL,NULL,6,UNITED STATES (USA)
3885,1J9328,10506,"JMD MOTOR COMPANY, LLC",NULL,NULL,6,UNITED STATES (USA)
2611,4C9080,10509,COYOTE MFG. LLC,NULL,NULL,6,UNITED STATES (USA)
4995,1R9631,10515,REHME MANUFACTURING,NULL,NULL,6,UNITED STATES (USA)
4501,5VZ,10517,PACE AMERICAN OF OREGON INC.,NULL,NULL,6,UNITED STATES (USA)
5374,1R9926,10518,THE RIVERMAN BOATWORKS,NULL,NULL,6,UNITED STATES (USA)
3858,1J9378,10519,J & E CUSTOM TRAILERS,NULL,NULL,6,UNITED STATES (USA)
4858,1M9810,10520,MOUNTAINTOP CUSTOM KENNELS,NULL,NULL,6,UNITED STATES (USA)
3054,1F9348,10521,FORMCASTER INC.,NULL,NULL,6,UNITED STATES (USA)
3894,1K9279,10522,K-OTIC KUSTOMS,NULL,NULL,6,UNITED STATES (USA)
4674,1M9808,10524,"MONSTER TANKS, INC.",NULL,NULL,6,UNITED STATES (USA)
6047,1G9385,10529,"GARDNER DENVER, WATER JETTING SYSTEMS, INC.",NULL,NULL,6,UNITED STATES (USA)
4830,1G9384,10533,GICHNER TRUCK BODIES,NULL,NULL,6,UNITED STATES (USA)
5365,4E7,10534,VANTAGE TRAILERS INC,NULL,NULL,6,UNITED STATES (USA)
10038,1Z9147,10543,OMR  CORP AKA INDIAN RIVER TRAILERS,NULL,NULL,6,UNITED STATES (USA)
3507,1E9419,10547,"ECHELBERRY MANUFACTURING, LLC",NULL,NULL,6,UNITED STATES (USA)
4416,LBB,10550,"ZHEJIANG QIANJIANG MOTORCYCLE CO., LTD.",NULL,NULL,8,CHINA
4026,4G4,10551,"KENDON INDUSTRIES, LLC",NULL,NULL,6,UNITED STATES (USA)
8876,1K9100,10551,"KENDON INDUSTRIES, LLC",NULL,NULL,6,UNITED STATES (USA)
10047,507,10551,"KENDON INDUSTRIES, LLC",NULL,NULL,6,UNITED STATES (USA)
5810,2A9167,10553,ADMIRAL DRIVE SYSTEMS INC.,NULL,NULL,6,UNITED STATES (USA)
4515,4K1,10554,"NORTHERN TOOL & EQUIPMENT, INC.",NULL,NULL,6,UNITED STATES (USA)
3916,RL8,10555,"LIFAN-VIETNAM MOTOR CO., LTD.",NULL,NULL,8,CHINA
7960,4M0,10556,VECTRIX CORPORATION,NULL,NULL,6,UNITED STATES (USA)
6391,4C9131,10557,COMMANDER SCRV LLC.,NULL,NULL,6,UNITED STATES (USA)
5276,1R9632,10559,"ROLLINOAK, LLC",NULL,NULL,6,UNITED STATES (USA)
5027,4S9126,10560,STUPID CHOPPERS,NULL,NULL,6,UNITED STATES (USA)
3110,2CP,10561,CANADA TRAILERS MANUFACTURING LIMITED,NULL,NULL,1,CANADA
4151,1L9418,10562,LOW-TOW TRAILERS LLC,NULL,NULL,6,UNITED STATES (USA)
3130,1E9403,10563,ENGINEERED MANUFACTURING CORPORATION,NULL,NULL,6,UNITED STATES (USA)
5388,4S9122,10564,"SPIRIT CARTS, LLC",NULL,NULL,6,UNITED STATES (USA)
5105,L4F,10566,"SUZHOU EAGLE ELECTRIC VEHICLE MANUFACTURING CO., LTD.",NULL,NULL,8,CHINA
5890,1B9886,10568,BIOHAZARD CYCLES INC.,NULL,NULL,6,UNITED STATES (USA)
3824,1J9267,10569,"JIM NASI CUSTOMS, INC.",NULL,NULL,6,UNITED STATES (USA)
2850,1F9349,10570,FABTECH,NULL,NULL,6,UNITED STATES (USA)
5809,1A9256,10572,ABC MANUFACTURING,NULL,NULL,6,UNITED STATES (USA)
9416,1R9460,10575,RED DAWG TRAILERS,NULL,NULL,6,UNITED STATES (USA)
9488,1R9467,10578,REVTECH INDUSTRIES,NULL,NULL,6,UNITED STATES (USA)
6315,5DT,10579,ROADMASTER LLC,NULL,NULL,6,UNITED STATES (USA)
11002,1R9229,10580,ROAMER CORPORATION,NULL,NULL,6,UNITED STATES (USA)
8783,1R9341,10581,"ROBCOL, INC.",NULL,NULL,6,UNITED STATES (USA)
8439,1R9452,10583,RONNIE AKERY WELDING,NULL,NULL,6,UNITED STATES (USA)
8452,5LA,10586,"ROYAL CARGO, LLC",NULL,NULL,6,UNITED STATES (USA)
5865,1M9745,10592,"MARK RITE LINES EQUIPMENT COMPANY, INC.",NULL,NULL,6,UNITED STATES (USA)
4554,SNZ,10594,MUZ OF NORTH AMERICA,NULL,NULL,6,UNITED STATES (USA)
5171,1SE,10600,SKYLINE CORPORATION,NULL,NULL,6,UNITED STATES (USA)
5172,1SV,10600,SKYLINE CORPORATION,NULL,NULL,6,UNITED STATES (USA)
6375,19D,10600,SKYLINE CORPORATION,NULL,NULL,6,UNITED STATES (USA)
8541,4SR,10600,SKYLINE CORPORATION,NULL,NULL,6,UNITED STATES (USA)
8542,4NC,10600,SKYLINE CORPORATION,NULL,NULL,6,UNITED STATES (USA)
6388,5KH,10600,SKYLINE CORPORATION,NULL,NULL,6,UNITED STATES (USA)
6939,1SF,10600,SKYLINE CORPORATION,NULL,NULL,6,UNITED STATES (USA)
6940,1SG,10600,SKYLINE CORPORATION,NULL,NULL,6,UNITED STATES (USA)
6941,19E,10600,SKYLINE CORPORATION,NULL,NULL,6,UNITED STATES (USA)
8540,4DV,10600,SKYLINE CORPORATION,NULL,NULL,6,UNITED STATES (USA)
6382,49E,10600,SKYLINE CORPORATION,NULL,NULL,6,UNITED STATES (USA)
6383,4BV,10600,SKYLINE CORPORATION,NULL,NULL,6,UNITED STATES (USA)
6384,4N6,10600,SKYLINE CORPORATION,NULL,NULL,6,UNITED STATES (USA)
6385,4SW,10600,SKYLINE CORPORATION,NULL,NULL,6,UNITED STATES (USA)
6386,5JJ,10600,SKYLINE CORPORATION,NULL,NULL,6,UNITED STATES (USA)
6387,5JK,10600,SKYLINE CORPORATION,NULL,NULL,6,UNITED STATES (USA)
6376,1SD,10600,SKYLINE CORPORATION,NULL,NULL,6,UNITED STATES (USA)
6377,1SH,10600,SKYLINE CORPORATION,NULL,NULL,6,UNITED STATES (USA)
6378,1SJ,10600,SKYLINE CORPORATION,NULL,NULL,6,UNITED STATES (USA)
6379,1SL,10600,SKYLINE CORPORATION,NULL,NULL,6,UNITED STATES (USA)
6380,1SN,10600,SKYLINE CORPORATION,NULL,NULL,6,UNITED STATES (USA)
6381,1SY,10600,SKYLINE CORPORATION,NULL,NULL,6,UNITED STATES (USA)
11213,1S9059,10604,SOUTHCO INDUSTRIES INC,NULL,NULL,6,UNITED STATES (USA)
8982,1S9418,10607,"SPECIALTY BRISTOW SALES, INC.",NULL,NULL,6,UNITED STATES (USA)
6257,1S9719,10611,STINGERS MFG.,NULL,NULL,6,UNITED STATES (USA)
10550,1S9828,10612,STONE'S MOTORCYCLE COMPANY INC,NULL,NULL,6,UNITED STATES (USA)
8626,1S9368,10613,"SUDENGA INDUSTRIES, INC.",NULL,NULL,6,UNITED STATES (USA)
9346,1S9770,10616,SUPERIOR METAL WORKS,NULL,NULL,6,UNITED STATES (USA)
6289,1S9723,10617,"SUPERLITE, INC.",NULL,NULL,6,UNITED STATES (USA)
9442,1S9216,10618,SWENSON STEEL PRODUCTS CO. INC,NULL,NULL,6,UNITED STATES (USA)
10313,1S9820,10620,SWINK METAL WORKS LLC,NULL,NULL,6,UNITED STATES (USA)
5706,1U9102,10622,"UTILITY TENT TRAILERS, INC.",NULL,NULL,6,UNITED STATES (USA)
3503,4C9032,10623,"CIKIRA RV, LLC",NULL,NULL,6,UNITED STATES (USA)
6084,1H9485,10628,"H. BARBER & SONS, INC.",NULL,NULL,6,UNITED STATES (USA)
5389,4FB,10629,SPORT BOAT TRAILERS INC.,NULL,NULL,6,UNITED STATES (USA)
5435,1T9892,10631,THUG CUSTOM CYCLES LLC,NULL,NULL,6,UNITED STATES (USA)
9694,1T9860,10631,THUG CUSTOM CYCLES LLC,NULL,NULL,6,UNITED STATES (USA)
5557,4S9002,10632,SICKASSO CYCLE CREATIONS INC.,NULL,NULL,6,UNITED STATES (USA)
5042,1P9538,10633,"PRECISION PERFORMANCE MOTORCYCLES, LLC",NULL,NULL,6,UNITED STATES (USA)
3288,5CU,10634,"BIL-JAX, INC.",NULL,NULL,6,UNITED STATES (USA)
9588,4S9007,10635,SCULPTURE CYCLES,NULL,NULL,6,UNITED STATES (USA)
2805,1D9561,10637,"DENTONI'S WELDING WORKS, INC.",NULL,NULL,6,UNITED STATES (USA)
9587,1W9420,10638,WHITE KNUCKLE PERFORMANCE CYCLES,NULL,NULL,6,UNITED STATES (USA)
9586,1E9379,10639,EIKS BIKES,NULL,NULL,6,UNITED STATES (USA)
2746,1E9366,10640,EWD CYCLES LLC,NULL,NULL,6,UNITED STATES (USA)
5744,5PT,10641,SNAKE RIVER TRAILER COMPANY,NULL,NULL,6,UNITED STATES (USA)
9471,1D9552,10642,DOMINION MOTORCYCLE COMPANY,NULL,NULL,6,UNITED STATES (USA)
9590,1S9998,10643,STONE COLD CUSTOM CYCLES,NULL,NULL,6,UNITED STATES (USA)
4818,57H,10644,PLEASANT VALLEY TEARDROP TRAILERS LLC,NULL,NULL,6,UNITED STATES (USA)
4831,1P9545,10644,PLEASANT VALLEY TEARDROP TRAILERS LLC,NULL,NULL,6,UNITED STATES (USA)
9405,1C9999,10647,CHOPPERS ONLY,NULL,NULL,6,UNITED STATES (USA)
5381,1T9825,10650,THE TICO MANUFACTURING DIVISION OF TERMINAL,NULL,NULL,6,UNITED STATES (USA)
13926,7XC,10650,THE TICO MANUFACTURING DIVISION OF TERMINAL,NULL,NULL,NULL,NULL
4672,1P9581,10651,PEORIA COOKERS LLC,NULL,NULL,6,UNITED STATES (USA)
3834,1J9354,10652,"JLE MAUNFACTURING, INC.",NULL,NULL,6,UNITED STATES (USA)
4792,2SW,10656,1652344 ONTARIO LIMITED,NULL,NULL,1,CANADA
5743,1S9983,10657,"SNAKE ALLEY CUSTOMS, INC.",NULL,NULL,6,UNITED STATES (USA)
3849,5RR,10658,"KNIGHT TRAILERS, LLC",NULL,NULL,6,UNITED STATES (USA)
10168,1T9856,10659,"TJW WELDING, TRAILER SUPPLY & STEEL",NULL,NULL,6,UNITED STATES (USA)
3682,1B9789,10661,BARNYARD CUSTOMS,NULL,NULL,6,UNITED STATES (USA)
10184,1D9545,10662,"D-LUX TRAILER SALES, INC.",NULL,NULL,6,UNITED STATES (USA)
3802,4C9018,10663,JEFFREY VENTURES,NULL,NULL,6,UNITED STATES (USA)
12748,1J9492,10663,JEFFREY VENTURES,NULL,NULL,6,UNITED STATES (USA)
2929,1B9780,10667,"DRAGONZ LAIR CUSTOM CYCLES, INC. DBA BUFFALO",NULL,NULL,6,UNITED STATES (USA)
10183,1B9739,10669,BIG DOG INDUSTRIES,NULL,NULL,6,UNITED STATES (USA)
8793,1M9737,10670,MIDWEST CHOPPERS OF IOWA,NULL,NULL,6,UNITED STATES (USA)
4194,1N9250,10671,NEWKIRK FABRICATION,NULL,NULL,6,UNITED STATES (USA)
4980,1R9564,10672,REDLAND MANUFACTURING COMPANY,NULL,NULL,6,UNITED STATES (USA)
8792,1W9418,10673,"WIDOWMAKERS, LLC",NULL,NULL,6,UNITED STATES (USA)
3566,1B9798,10675,BACKWOODS CHOPPERS,NULL,NULL,6,UNITED STATES (USA)
2734,3C9116,10677,CARGA FACIL S. A. DE C.V.,NULL,NULL,12,MEXICO
3938,1J9339,10678,"JUNIOR'S GOLF CARTS, INC.",NULL,NULL,6,UNITED STATES (USA)
4363,1N9251,10679,"NORTH AMERICAN INDUSTRIES, LTD",NULL,NULL,6,UNITED STATES (USA)
6305,1S9996,10680,"SLEEPING GIANT MFG., INC.",NULL,NULL,6,UNITED STATES (USA)
5871,1M9742,10681,"MASTER FABRICATING & WELDING, INC.",NULL,NULL,6,UNITED STATES (USA)
4037,1L9381,10682,"LAKESHORE WATERCRAFT ",NULL,NULL,6,UNITED STATES (USA)
4889,1S9970,10683,"SOUTHERN TRAILERS INC. ",NULL,NULL,6,UNITED STATES (USA)
4910,1P9552,10684,PORTAFRAME INC.,NULL,NULL,6,UNITED STATES (USA)
4381,1Z9230,10685,OUTLAW CUSTOM CHOPPERS,NULL,NULL,6,UNITED STATES (USA)
2686,1A9695,10689,"ANDERSEN INDUSTRIES, INC.",NULL,NULL,6,UNITED STATES (USA)
4110,1M9750,10692,MALACHI MOTORCYCLES,NULL,NULL,6,UNITED STATES (USA)
3565,1B9835,10693,BOZ DESIGNS LLC/TAYLORMADE TRAILERS,NULL,NULL,6,UNITED STATES (USA)
3697,4C9064,10694,CENTRAL FLORIDA CHOPPERS,NULL,NULL,6,UNITED STATES (USA)
5131,1T9883,10695,"TEXAS CUSTOM CHOPPERS, INC.",NULL,NULL,6,UNITED STATES (USA)
6285,2RD,10697,REBELL INNOVATION INC.,NULL,NULL,1,CANADA
2565,1N9175,10698,NEVILLE WELDING INC.,NULL,NULL,6,UNITED STATES (USA)
4058,1L9336,10699,"LANCHESTER TRAILER SUPPLY, LLC",NULL,NULL,6,UNITED STATES (USA)
4086,1L9345,10700,LONE STAR CRYOGENICS,NULL,NULL,6,UNITED STATES (USA)
2911,LD5,10701,"BENZHOU VEHICLE INDUSTRY GROUP CO., LTD",NULL,NULL,6,UNITED STATES (USA)
5012,4S9052,10702,"SCOTT MANUFACTURING, INC",NULL,NULL,6,UNITED STATES (USA)
4747,1S9959,10703,"SANTIAGO CHOPPER SPECIALTIES, LLC",NULL,NULL,6,UNITED STATES (USA)
5732,4S9044,10705,SMART MANUFACTURING INC.,NULL,NULL,6,UNITED STATES (USA)
4503,1N9260,10706,NORTHEAST CUSTOM CYCLES LLC,NULL,NULL,6,UNITED STATES (USA)
4049,1K9269,10707,"KIMBEL MANUFACTURING, LLC",NULL,NULL,6,UNITED STATES (USA)
4504,1P9587,10708,"PROGRESSIVE TRAILERS, LLC",NULL,NULL,6,UNITED STATES (USA)
3590,1B9833,10710,"BRAVO TRAILERS, INC.",NULL,NULL,6,UNITED STATES (USA)
9752,4C9079,10711,COCHISE CUSTOM CYCLES,NULL,NULL,6,UNITED STATES (USA)
3716,4C9056,10713,COASTLINE MANUFACTURING INC.,NULL,NULL,6,UNITED STATES (USA)
4696,1M9751,10714,MOPED WORLD,NULL,NULL,6,UNITED STATES (USA)
4939,4S9028,10715,"SCHOOLHOUSE MOTORCYCLE ACCESSORIES, INC.",NULL,NULL,6,UNITED STATES (USA)
4150,1H9503,10716,"HAMM & PHILLIPS SERVICE COMPANY, INC.",NULL,NULL,6,UNITED STATES (USA)
9739,1A9733,10717,AUTOMOTIVE TRANSFORMATIONS INC.,NULL,NULL,6,UNITED STATES (USA)
4544,1P9569,10718,"PURE HELL CUSTOMS, INC.",NULL,NULL,6,UNITED STATES (USA)
5765,1Z9196,10719,"Z Z CHOPS, LLC",NULL,NULL,6,UNITED STATES (USA)
4967,4S9005,10722,NEVADA DEPARTMENT OF CORRECTIONS,NULL,NULL,6,UNITED STATES (USA)
2958,LVW,10724,FIRST UNITED INDUSTRIAL FOSHAN LIMITED,NULL,NULL,8,CHINA
5641,5TS,10725,TOMBERLIN AUTOMOTIVE GROUP,NULL,NULL,6,UNITED STATES (USA)
4720,4S9084,10726,"SALTY'S MANUFACTURING, LTD",NULL,NULL,6,UNITED STATES (USA)
4722,5XH,10726,"SALTY'S MANUFACTURING, LTD",NULL,NULL,6,UNITED STATES (USA)
4351,1N9269,10727,"NRG, INC.",NULL,NULL,6,UNITED STATES (USA)
4573,1P9594,10728,PALM HARBOR HOMES,NULL,NULL,6,UNITED STATES (USA)
3597,5VF,10729,"AMERICAN ELECTRIC VEHICLE COMPANY, LLC",NULL,NULL,6,UNITED STATES (USA)
5438,1T9910,10730,THUNDERSTRUCK CUSTOM BIKES INC.,NULL,NULL,6,UNITED STATES (USA)
10363,1Y9023,10733,YURKO CUSTOM CYCLES,NULL,NULL,6,UNITED STATES (USA)
5350,3T9179,10736,TRAILERS TANDEMS Y MAQUINAS S.A. DE C.V.,NULL,NULL,6,UNITED STATES (USA)
3915,5VR,10738,"KURYENTE ENTERPRISES, LLC",NULL,NULL,6,UNITED STATES (USA)
5878,1M9784,10739,"MANN'S WELDING AND FABRICATING, INC.",NULL,NULL,6,UNITED STATES (USA)
5760,1V9151,10742,VALENTI CHOPPERS,NULL,NULL,6,UNITED STATES (USA)
6450,1Y9024,10744,YUBA TRAILER MFG.,NULL,NULL,6,UNITED STATES (USA)
4529,1P9603,10745,"PROTECTED VEHICLES, INC.",NULL,NULL,6,UNITED STATES (USA)
4323,1H9517,10747,"HEMPHILL, LLC",NULL,NULL,6,UNITED STATES (USA)
3578,4C9113,10748,CART COMPANY,NULL,NULL,6,UNITED STATES (USA)
5817,1W9453,10749,WILD METAL MANUFACTURING,NULL,NULL,6,UNITED STATES (USA)
3733,4C9120,10752,"CERBERUS TRIKES, LLC",NULL,NULL,6,UNITED STATES (USA)
3251,1D9627,10753,"DRIVING AMBITIONS, INC.",NULL,NULL,6,UNITED STATES (USA)
3836,LC3,10754,"WUXI JINHONG MOTORCYCLE CO., LTD",NULL,NULL,8,CHINA
5895,ZBN,10757,BENELLI Q.J. SRL,NULL,NULL,9,ITALY
8278,5R8,10758,"MAXEY TRAILERS MFG., INC.",NULL,NULL,6,UNITED STATES (USA)
3721,1H9572,10759,HULL WELDING,NULL,NULL,6,UNITED STATES (USA)
6554,1A9087,10763,AUTO TRUCK INC.,NULL,NULL,6,UNITED STATES (USA)
10399,1B9884,10765,BBC.,NULL,NULL,6,UNITED STATES (USA)
10400,1B9883,10765,BBC.,NULL,NULL,6,UNITED STATES (USA)
10402,1E9424,10766,EXECUTIVE CHOPPERS,NULL,NULL,6,UNITED STATES (USA)
5453,1T9941,10768,"TUFF-BUILT TRAILERS, LLC",NULL,NULL,6,UNITED STATES (USA)
2808,1A9788,10769,ARCWELD INC.,NULL,NULL,6,UNITED STATES (USA)
6474,5XD,10770,THULE TRAILERS A DIVISION OF THULE TOWING SYSTEMS LLC,NULL,NULL,6,UNITED STATES (USA)
5707,1T9466,10771,TOURNIER MFG. INC.,NULL,NULL,6,UNITED STATES (USA)
5501,1T9919,10773,TITAN HAUL USA,NULL,NULL,6,UNITED STATES (USA)
3332,2C9005,10775,"CUSCO FABRICATORS, INC. AKA WASTEQUIP CUSCO INC.",NULL,NULL,1,CANADA
3134,1F9350,10776,"FREEBORN'S CHOP SHOP, LLC",NULL,NULL,6,UNITED STATES (USA)
3400,1A9766,10777,"ALLENTOWN SHOTCRETE TECHNOLOGY, INC.",NULL,NULL,6,UNITED STATES (USA)
4686,1Z9319,10778,QUALITY MANUFACTURING CORPORATION,NULL,NULL,6,UNITED STATES (USA)
3580,1M9897,10779,"BAD BOYS CHOPPERS, INC. DBA MATEO CYCLES",NULL,NULL,6,UNITED STATES (USA)
3380,1B9811,10781,"BLUE RIBBON PERFORMANCE, INC. dba BLUE RIBBON CUST",NULL,NULL,6,UNITED STATES (USA)
5118,4S9062,10782,SWEDE BUILT,NULL,NULL,6,UNITED STATES (USA)
5045,4S9061,10783,SUICIDE JACK CHOPPERS LLC,NULL,NULL,6,UNITED STATES (USA)
4603,1N9265,10784,NAKUTIS CUSTOM CHOPPERS INC.,NULL,NULL,6,UNITED STATES (USA)
3340,1G9372,10785,GEAR GASM CYCLE,NULL,NULL,6,UNITED STATES (USA)
5110,4S9030,10786,SPEED STREET CUSTOM BUILDS,NULL,NULL,6,UNITED STATES (USA)
6024,1E9280,10788,EXCEL TRUCK EQUIPMENT SPECIALTIES,NULL,NULL,6,UNITED STATES (USA)
11032,1V9048,10789,VECTOR AEROMOTIVE CORPORATION,NULL,NULL,6,UNITED STATES (USA)
10509,1V9111,10790,VECTOR TRAILERS,NULL,NULL,6,UNITED STATES (USA)
6351,5BU,10791,"VEGA INTEGRATED PRODUCTS, INC.",NULL,NULL,6,UNITED STATES (USA)
7859,1V9030,10795,VELCON FILTERS INC,NULL,NULL,6,UNITED STATES (USA)
5376,56S,10796,VERMEER MANUFACTURING COMPANY,NULL,NULL,6,UNITED STATES (USA)
6352,1VR,10796,VERMEER MANUFACTURING COMPANY,NULL,NULL,6,UNITED STATES (USA)
3604,1V9116,10797,VENGEANCE MOTORCYCLES,NULL,NULL,6,UNITED STATES (USA)
6419,4VL,10799,"VERI-LITE, INC.",NULL,NULL,6,UNITED STATES (USA)
8632,1V9088,10802,VERNON TRAILER COMPANY,NULL,NULL,6,UNITED STATES (USA)
9532,1V9124,10805,"VERSATRAIL, INC.",NULL,NULL,6,UNITED STATES (USA)
8639,1T9230,10807,"T&E ENTERPRISES OF HERSCHER, INC.",NULL,NULL,6,UNITED STATES (USA)
9875,5EZ,10808,"T & T ENTERPRISES & MFG., LLC",NULL,NULL,6,UNITED STATES (USA)
10512,1W9345,10809,Water Wars Company,NULL,NULL,6,UNITED STATES (USA)
10599,1T9788,10811,TBM MFG.,NULL,NULL,6,UNITED STATES (USA)
10952,1T9396,10812,TEX MEX TRAILERS,NULL,NULL,6,UNITED STATES (USA)
6309,1T9622,10817,THE HAMBY COMPANY,NULL,NULL,6,UNITED STATES (USA)
6162,1K9189,10820,KYZER ALUMINUM INC.,NULL,NULL,6,UNITED STATES (USA)
8696,1L9179,10821,LAKE TECHNOLOGY PRODUCTS INC,NULL,NULL,6,UNITED STATES (USA)
9415,1L9309,10822,LAKEVIEW MFG,NULL,NULL,6,UNITED STATES (USA)
9575,1L9265,10826,LEDBETTER WELDING,NULL,NULL,6,UNITED STATES (USA)
6828,1L9317,10828,"LEGEND MANUFACTURING, INC.",NULL,NULL,6,UNITED STATES (USA)
13031,5WM,10828,"LEGEND MANUFACTURING, INC.",NULL,NULL,6,UNITED STATES (USA)
7698,407,10831,LOAD EAZ TRAILER CORPORATION,NULL,NULL,6,UNITED STATES (USA)
8908,4LE,10831,LOAD EAZ TRAILER CORPORATION,NULL,NULL,6,UNITED STATES (USA)
3118,1B9776,10833,BILLS PERFORMANCE AUTOMOTIVE,NULL,NULL,6,UNITED STATES (USA)
9225,1T0,10836,TRAIL-RITE INC,NULL,NULL,6,UNITED STATES (USA)
7149,1T9731,10837,TRAILER & TRUCK,NULL,NULL,6,UNITED STATES (USA)
5505,48X,10839,"TRAVIS BODY & TRAILER, INC.",NULL,NULL,6,UNITED STATES (USA)
7361,1T9247,10839,"TRAVIS BODY & TRAILER, INC.",NULL,NULL,6,UNITED STATES (USA)
9347,1T9698,10842,TROUT CREEK ENTERPRISES INC,NULL,NULL,6,UNITED STATES (USA)
9530,5KM,10859,"VENTO NORTH AMERICA, LLC",NULL,NULL,6,UNITED STATES (USA)
3792,4C9036,10861,"COMMON SENSE COTTON SYSTEMS, INC.",NULL,NULL,6,UNITED STATES (USA)
4867,4S9001,10863,"SOUTHERN MOTORCYCLE WORKS, INC. DBA SMW",NULL,NULL,6,UNITED STATES (USA)
5654,1S9980,10867,STONES,NULL,NULL,6,UNITED STATES (USA)
3993,1K9263,10868,"KAPELS ENG & BLD, INC.",NULL,NULL,6,UNITED STATES (USA)
4675,1M9732,10869,MONTANA DREAMS,NULL,NULL,6,UNITED STATES (USA)
3800,4C9041,10870,CHANDLER ORIGINALS INC.,NULL,NULL,6,UNITED STATES (USA)
4974,1P9562,10871,"POWER PLAY RV, LLC",NULL,NULL,6,UNITED STATES (USA)
4506,1P9563,10872,"PROHAULER TRAILER, INC.",NULL,NULL,6,UNITED STATES (USA)
4140,1L9383,10873,LOUDO TRAILERS INC.,NULL,NULL,6,UNITED STATES (USA)
5750,4S9011,10875,"STAR ELECTRIC CARS, INC.",NULL,NULL,6,UNITED STATES (USA)
10170,1K9259,10876,KANSAS KUSTOMS,NULL,NULL,6,UNITED STATES (USA)
10173,1Z9264,10878,INSANE CUSTOM CYCLE,NULL,NULL,6,UNITED STATES (USA)
2971,1B9631,10880,"BIG BEAR AMERICAN MADE CHOPPERS, INC. ",NULL,NULL,6,UNITED STATES (USA)
11232,1A9327,10884,THOMPSON & ASSOCIATES INC. DBA ARCHITECTURAL WELDING & DESIGN,NULL,NULL,6,UNITED STATES (USA)
6945,TMC,10887,THOMPSON MFG. COMPANY WEXFORD LTD.,NULL,NULL,118,IRELAND
9570,1T9634,10888,"THOMPSON PUMP & MANUFACTURING CO., INC.",NULL,NULL,6,UNITED STATES (USA)
10083,1W9309,10889,WIND RIVER MFG LLC,NULL,NULL,6,UNITED STATES (USA)
9902,1W9325,10890,WINDSOR TRAILER,NULL,NULL,6,UNITED STATES (USA)
8813,1T9801,10893,TOP DECK TRAILERS AND MOTORHOME INC.,NULL,NULL,6,UNITED STATES (USA)
4566,5SB,10894,PAIUTE TRAILERS,NULL,NULL,6,UNITED STATES (USA)
10350,1P9322,10894,PAIUTE TRAILERS,NULL,NULL,6,UNITED STATES (USA)
10304,1M9688,10899,"MENSCH MANUFACTURING MARINE DIVISION, INC.",NULL,NULL,6,UNITED STATES (USA)
8330,1T9810,10900,T & S CYCLES,NULL,NULL,6,UNITED STATES (USA)
6093,1H9450,10901,"HAWK MOTORS, INC.",NULL,NULL,6,UNITED STATES (USA)
10349,1A9660,10902,"ADVANCED TRAILER CONCEPTS, INC.",NULL,NULL,6,UNITED STATES (USA)
10348,1E9348,10903,"ERNEST INDUSTRIES, INC.",NULL,NULL,6,UNITED STATES (USA)
8338,1F9260,10904,FINISHLINE CUSTOM TRAILERS,NULL,NULL,6,UNITED STATES (USA)
10358,1W9391,10905,WAGS UNIQUE MOTORCYCLE TRAILERS,NULL,NULL,6,UNITED STATES (USA)
8327,1G9339,10906,"GOOD TIME OUTDOORS, INC.",NULL,NULL,6,UNITED STATES (USA)
10357,1J9315,10907,J K BROWN,NULL,NULL,6,UNITED STATES (USA)
10356,1M9690,10909,"R&D TRAILER SERVICE DBA MERLOT TARPAULIN & SIDEKIT MFG. Co., INC.",NULL,NULL,6,UNITED STATES (USA)
2871,1F9290,10910,"FAST MASTER PRODUCTS, INC.",NULL,NULL,6,UNITED STATES (USA)
10355,2A9023,10911,WALTRON TRAILERS INC.,NULL,NULL,1,CANADA
10306,1U9092,10912,UPSTATE CHOPPERS,NULL,NULL,6,UNITED STATES (USA)
6054,1C9889,10913,CHOPPERHEAD ROAD INC.,NULL,NULL,6,UNITED STATES (USA)
4732,1J9316,10914,JEFFERSON STATE TRAILER WORKS,NULL,NULL,6,UNITED STATES (USA)
6360,LW0,10915,WENZHOU LIGHT MOTORCYCLE CO. LTD. (POWERSPORTS),NULL,NULL,8,CHINA
6713,1D9523,10918,DRC TRAILER AND SPORT LLC,NULL,NULL,6,UNITED STATES (USA)
9481,1R9466,10921,REVOLUTION CYCLE COMPANY,NULL,NULL,6,UNITED STATES (USA)
8328,1P9507,10923,"PACKER INDUSTRIES, INC.",NULL,NULL,6,UNITED STATES (USA)
5354,4S9099,10924,"SABERTOOTH MOTORCYCLES, LLC",NULL,NULL,6,UNITED STATES (USA)
4924,1V9143,10926,RISK INVESTMENTS dba VANDERHOFF SPEED AND CHROME,NULL,NULL,6,UNITED STATES (USA)
4737,1R9608,10927,R&S CUSTOM TRAILERS INC.,NULL,NULL,6,UNITED STATES (USA)
4976,1P9602,10930,POWER UP MOBILE EQUIPMENT & TRAILERS,NULL,NULL,6,UNITED STATES (USA)
4763,1R9610,10931,"REID'S TRAILER, INC.",NULL,NULL,6,UNITED STATES (USA)
6287,11R,10931,"REID'S TRAILER, INC.",NULL,NULL,6,UNITED STATES (USA)
11768,4C9118,10933,CAR-TEX TRAILER COMPANY INC.,NULL,NULL,6,UNITED STATES (USA)
3184,1A9685,10935,"AURORA TRAILERS, LLC",NULL,NULL,6,UNITED STATES (USA)
5607,1W9451,10937,WAYNE'S INC.,NULL,NULL,6,UNITED STATES (USA)
3814,LKK,10938,"JIANGSU JINJIE MOTOR MANUFACTURE CO., LTD",NULL,NULL,8,CHINA
2782,1A9751,10942,"ARIZONA TRAILER SPECIALISTS, INC.",NULL,NULL,6,UNITED STATES (USA)
5799,4S9098,10943,STREET SMART PERFORMACE INC.,NULL,NULL,6,UNITED STATES (USA)
5025,45L,10944,SEALION METAL FABRICATORS,NULL,NULL,6,UNITED STATES (USA)
2700,16J,10945,"BELSHE INDUSTRIES, INC. DBA DURABUILT TRAILERS",NULL,NULL,6,UNITED STATES (USA)
10501,5ZM,10945,"BELSHE INDUSTRIES, INC. DBA DURABUILT TRAILERS",NULL,NULL,6,UNITED STATES (USA)
3361,1E9394,10947,ELECTRIC VEHICLE TRANSPORTATION OF AMERICA INC.,NULL,NULL,6,UNITED STATES (USA)
3017,1B9832,10948,BSC MOTORSPORTS,NULL,NULL,6,UNITED STATES (USA)
3140,1F9312,10949,"FREEDOM MOTORCYCLE COMPANY, INC.",NULL,NULL,6,UNITED STATES (USA)
2682,1A9277,10953,ACTION EQUIPMENT CO.,NULL,NULL,6,UNITED STATES (USA)
3416,1E9385,10955,"EDDIE ENGLISH COMPANY, INC.",NULL,NULL,6,UNITED STATES (USA)
2639,1D9590,10956,DEEP SOUTH CHOPPERS,NULL,NULL,6,UNITED STATES (USA)
5631,5WB,10957,TNT TRAILERS,NULL,NULL,6,UNITED STATES (USA)
3427,X89AC5,10959,AUTOKAD LTD,NULL,NULL,37,RUSSIA
4120,1M9782,10960,MARTINO MOTOR COMPANY,NULL,NULL,6,UNITED STATES (USA)
4394,1N9273,10962,NORTH AMERICAN TRAVELER LLC,NULL,NULL,6,UNITED STATES (USA)
4819,1R9612,10966,RAPID POWER MFG.,NULL,NULL,6,UNITED STATES (USA)
3263,1D9611,10969,"DIABLO PERFORMANCE, LLC",NULL,NULL,6,UNITED STATES (USA)
3615,4C9128,10970,CASTLEROCK MOTORCYCLES,NULL,NULL,6,UNITED STATES (USA)
5297,1T9918,10971,TEX-ALL ALUMINUM FABRICATION,NULL,NULL,6,UNITED STATES (USA)
5261,4ZP,10973,"TEBBEN ENTERPRISES, INC.",NULL,NULL,6,UNITED STATES (USA)
4827,1G9380,10974,GOLD STAR CUSTOM TRAILERS,NULL,NULL,6,UNITED STATES (USA)
4021,1K9243,10976,KEYSTONE CHOPPERS,NULL,NULL,6,UNITED STATES (USA)
4373,109135,10977,MIKE OLSEFSKI'S AUTO ACCESSORIES,NULL,NULL,6,UNITED STATES (USA)
3285,1E9408,10978,"EFFICIENT HAULING SYSTEMS, LP dba EHS INDUSTRIES,AZTEC TRAILERS,NOVAN TECH.",NULL,NULL,6,UNITED STATES (USA)
2619,1A9739,10980,AMERICAN STEEL HORSE CYCLES,NULL,NULL,6,UNITED STATES (USA)
8704,1V9089,10985,VETRO INC.,NULL,NULL,6,UNITED STATES (USA)
9240,1V9084,10988,VICTOR VALLEY TRAILERS,NULL,NULL,6,UNITED STATES (USA)
7154,1V9107,10996,VIKING FABRICATION,NULL,NULL,6,UNITED STATES (USA)
7225,1TV,10997,"VIKING RECREATIONAL VEHICLES, INC.",NULL,NULL,6,UNITED STATES (USA)
7593,1V9062,10999,VIKING TRAILERS,NULL,NULL,6,UNITED STATES (USA)
5429,1V9122,11005,VIPER MOTORCYCLE CO.,NULL,NULL,6,UNITED STATES (USA)
10991,1V9065,11007,"VIRGINIA LP TRUCKs, INC.",NULL,NULL,6,UNITED STATES (USA)
9349,7A9026,11009,UNI-GO NEW ZEALAND LIMITED,NULL,NULL,56,NEW ZEALAND
11067,1W9235,11017,WALDOCK EQUIPMENT SALES SERV,NULL,NULL,6,UNITED STATES (USA)
8727,1W9199,11019,WARREN INC.,NULL,NULL,6,UNITED STATES (USA)
9827,1W9068,11022,WESLEY CUSTOM FABRICATION INC,NULL,NULL,6,UNITED STATES (USA)
8730,1W9299,11023,"WEST GEORGIA MOBILE HYDRAULIC, INC.",NULL,NULL,6,UNITED STATES (USA)
5596,1W9148,11025,"WATCO TRUCK RIGGING, INC.",NULL,NULL,6,UNITED STATES (USA)
6473,1W9568,11030,WATERMAN WELDING & MACHINING,NULL,NULL,6,UNITED STATES (USA)
4926,1R9046,11033,RING-O-MATIC MANUFACTURING CO. INC.,NULL,NULL,6,UNITED STATES (USA)
10177,1R9303,11033,RING-O-MATIC MANUFACTURING CO. INC.,NULL,NULL,6,UNITED STATES (USA)
5430,1V9160,11034,"VINDICATOR CYCLES, LLC",NULL,NULL,6,UNITED STATES (USA)
7158,1W9334,11036,WINDWARD CAMPERS INC,NULL,NULL,6,UNITED STATES (USA)
6496,1WV,11039,"WINNEBAGO INDUSTRIES, INC.",NULL,NULL,6,UNITED STATES (USA)
7016,1WW,11039,"WINNEBAGO INDUSTRIES, INC.",NULL,NULL,6,UNITED STATES (USA)
7699,1WT,11039,"WINNEBAGO INDUSTRIES, INC.",NULL,NULL,6,UNITED STATES (USA)
9877,1W9108,11040,WINSOR METAL PRODUCTS INC,NULL,NULL,6,UNITED STATES (USA)
10874,4JY,11043,WIRE WAGON NORTH AMERICA INC,NULL,NULL,6,UNITED STATES (USA)
8731,1W9269,11045,"LAKE REGION ENTERPRISES, INC.",NULL,NULL,6,UNITED STATES (USA)
10309,1S9916,11057,"SPECIAL T TRAILER MANUFACTURING, LLP",NULL,NULL,6,UNITED STATES (USA)
10310,1T9818,11058,THUMPER MOTORCYCLE COMPANY,NULL,NULL,6,UNITED STATES (USA)
10305,1F9291,11060,FULLMOON CUSTOMS,NULL,NULL,6,UNITED STATES (USA)
8340,1B9726,11062,"BUTLER TRAILER MFG. WEST, INC.",NULL,NULL,6,UNITED STATES (USA)
8313,1T9814,11063,"T. & W. PEASE, LLC",NULL,NULL,6,UNITED STATES (USA)
8305,1S9910,11065,"SAUK TECHNOLOGIES ",NULL,NULL,6,UNITED STATES (USA)
8341,1A9658,11068,ALUMINUM CARGO TRAILERS INC.,NULL,NULL,6,UNITED STATES (USA)
7248,1R9490,11071,"ROSENBAUER MOTORS, LLC",NULL,NULL,6,UNITED STATES (USA)
11645,54F,11071,"ROSENBAUER MOTORS, LLC",NULL,NULL,6,UNITED STATES (USA)
11661,1R9755,11071,"ROSENBAUER MOTORS, LLC",NULL,NULL,6,UNITED STATES (USA)
5627,1T9796,11078,"TNT CHOPPERS, INC.",NULL,NULL,6,UNITED STATES (USA)
8739,1B9446,11082,WORKMAN AND SONS INC,NULL,NULL,6,UNITED STATES (USA)
8358,1A9654,11083,"ACCU-TEK TRAILER MANUFACTURING, INC.",NULL,NULL,6,UNITED STATES (USA)
6356,5PR,11084,"WELCHEL ENTERPRISES, L.L.C.",NULL,NULL,6,UNITED STATES (USA)
9605,4BJ,11084,"WELCHEL ENTERPRISES, L.L.C.",NULL,NULL,6,UNITED STATES (USA)
8323,1U9094,11085,"UNITED MOUNTAIN TRAILERS, INC.",NULL,NULL,6,UNITED STATES (USA)
8322,1W9387,11086,WARE'S WELDING,NULL,NULL,6,UNITED STATES (USA)
3940,1J9319,11087,JV MANUFACTURING,NULL,NULL,6,UNITED STATES (USA)
8320,1E9349,11089,"EXTREME CHOPPERS, INC",NULL,NULL,6,UNITED STATES (USA)
8319,1S9917,11090,STEPHENVILLE TRAILERS & TRUCK ASSESSORIES,NULL,NULL,6,UNITED STATES (USA)
3497,1G9334,11092,"GS MANUFACTURING, LLC",NULL,NULL,6,UNITED STATES (USA)
10301,RKC,11093,"RHINO POWER SPORT INDUSTRIAL CO., LTD",NULL,NULL,4,TAIWAN
8283,1A9657,11094,ATLANTIC TRAILERS,NULL,NULL,6,UNITED STATES (USA)
5005,1S9918,11095,SCORPION CHOPPERS INC.,NULL,NULL,6,UNITED STATES (USA)
10303,1H9436,11096,HAPPY TRAILERS,NULL,NULL,6,UNITED STATES (USA)
8351,1C9918,11097,C & B TRAILERS MANUFACTURING LLC,NULL,NULL,6,UNITED STATES (USA)
8316,1M9699,11098,"MAGNUM PERFORMANCE MOTORCYCLES,L.L.C.",NULL,NULL,6,UNITED STATES (USA)
10300,1C9957,11099,HOT ROD TRANSPORT LLC,NULL,NULL,6,UNITED STATES (USA)
5978,1C9924,11101,CAZZANI CUSTOM CYCLES INC.,NULL,NULL,6,UNITED STATES (USA)
10298,1L9328,11103,"LEGEND ONE MFG., INC.",NULL,NULL,6,UNITED STATES (USA)
6701,1M9682,11105,"MOSLER AUTO CARE CENTER,INC.",NULL,NULL,6,UNITED STATES (USA)
8310,1R9516,11106,ROCK CREEK CUSTOM TRAILER INC.,NULL,NULL,6,UNITED STATES (USA)
4266,1J9330,11115,"JAILHOUSE CHOPPERS, INC.",NULL,NULL,6,UNITED STATES (USA)
3312,1G9358,11116,GREAT AMERICAN CHOPPER,NULL,NULL,6,UNITED STATES (USA)
4042,1L9407,11117,LIVINGSTON CUSTOM BOAT TRAILERS,NULL,NULL,6,UNITED STATES (USA)
4454,1N9NPM,11118,"NORTH PARK MANUFACTURING, INC.",NULL,NULL,6,UNITED STATES (USA)
5287,1T9923,11120,TEXAS STAR FABRICATION & EQUIPMENT L.L.P.,NULL,NULL,6,UNITED STATES (USA)
6283,1R9613,11121,RVSQUARED INC.,NULL,NULL,6,UNITED STATES (USA)
2930,1D9592,11124,"DYMAC INTERNATIONAL, INC.",NULL,NULL,6,UNITED STATES (USA)
5756,1V9153,11126,"VA ENTERPRISES, LLC",NULL,NULL,6,UNITED STATES (USA)
3509,1H9523,11127,H & M TRAILERS LLC,NULL,NULL,6,UNITED STATES (USA)
5264,1T9922,11128,TRAILER CREATIONS LLC,NULL,NULL,6,UNITED STATES (USA)
3196,1E9402,11130,"E3 TRAILERS, INC.",NULL,NULL,6,UNITED STATES (USA)
5037,1S9901,11131,"SUCKERPUNCH SALLYS, LLC",NULL,NULL,6,UNITED STATES (USA)
3244,1A9726,11136,ALCOM HOLDING COMPANY LLC,NULL,NULL,6,UNITED STATES (USA)
3245,5WF,11136,ALCOM HOLDING COMPANY LLC,NULL,NULL,6,UNITED STATES (USA)
2755,1E9421,11137,EXPRESS SHUTTLE SERVICE INC.,NULL,NULL,6,UNITED STATES (USA)
6236,1R9539,11141,ROCKLAND COACH WORKS LLC,NULL,NULL,6,UNITED STATES (USA)
8473,1E9389,11142,ENRY CYCLE CREATIONS LLC,NULL,NULL,6,UNITED STATES (USA)
6278,4S9039,11143,"SCELZI EQUIPMENT, INC.",NULL,NULL,6,UNITED STATES (USA)
4260,1H9502,11144,HEAVYBILT MFG. INC.,NULL,NULL,6,UNITED STATES (USA)
4092,1M9753,11145,"MAD FABRICATION, LLC",NULL,NULL,6,UNITED STATES (USA)
4925,1R9575,11147,"RIPPLE EFFECTS, INC",NULL,NULL,6,UNITED STATES (USA)
3496,4C9136,11148,"CHURCHILL HOLDINGS, INC.",NULL,NULL,6,UNITED STATES (USA)
3968,1C9951,11150,CHAPMAN ENTERPRISE LLC,NULL,NULL,6,UNITED STATES (USA)
4344,LUA,11152,"CHONGQING HENSIM GROUP CO., LTD.",NULL,NULL,8,CHINA
5002,4S9078,11153,SCORPION CHOPPERS,NULL,NULL,6,UNITED STATES (USA)
4923,4S9079,11155,SCHLAGEL MANUFACTURING INC.,NULL,NULL,6,UNITED STATES (USA)
3382,1B9848,11156,"BLUE STEEL AXLE & FABRICATION, INC.",NULL,NULL,6,UNITED STATES (USA)
4067,1K9271,11157,"KIWI'S WELDING & REPAIR, INC.",NULL,NULL,6,UNITED STATES (USA)
5585,1S9080,11161,"SILVER EAGLE BUS MANUFACTURING, INC",NULL,NULL,6,UNITED STATES (USA)
9203,1EU,11161,"SILVER EAGLE BUS MANUFACTURING, INC",NULL,NULL,6,UNITED STATES (USA)
10388,1D9598,11162,DESERT SUN MOTOR SPORTS INC.,NULL,NULL,6,UNITED STATES (USA)
3327,LSR,11163,"CHONGQING HI-BIRD MOTORCYCLE INDUSTRY CO., LTD.",NULL,NULL,8,CHINA
3608,4C9082,11165,"CIRCUS CITY CUSTOM CYCLES, INC.",NULL,NULL,6,UNITED STATES (USA)
2852,1F9327,11166,"FACTORY DIRECT EQUIPMENT, INC.",NULL,NULL,6,UNITED STATES (USA)
6279,1S9943,11167,SCRAP IRON KUSTOMS INC.,NULL,NULL,6,UNITED STATES (USA)
4820,1G9376,11168,"GR TRAILERS, LLC",NULL,NULL,6,UNITED STATES (USA)
10392,1D9599,11169,DLC POWER DIESEL CORP.,NULL,NULL,6,UNITED STATES (USA)
3562,4C9006,11171,"CHOPPER CITY USA, LLC ",NULL,NULL,6,UNITED STATES (USA)
2901,2G9086,11172,FCM-GROUP,NULL,NULL,1,CANADA
3584,3C9039,11177,CARROCERIAS GALLEGOS S.A. DE C.V.,NULL,NULL,12,MEXICO
12158,3DG,11177,CARROCERIAS GALLEGOS S.A. DE C.V.,NULL,NULL,12,MEXICO
5363,1V9VMM,11178,VANMAR MANUFACTURING INC.,NULL,NULL,6,UNITED STATES (USA)
10542,1V9110,11182,VOSBERG ENTERPRISES INC.,NULL,NULL,6,UNITED STATES (USA)
8760,1V9353,11183,VOYAGER TRAVEL TRAILERS,NULL,NULL,6,UNITED STATES (USA)
8761,1V9086,11187,"VULCAN WORKS, INC.",NULL,NULL,6,UNITED STATES (USA)
5574,1T9940,11191,TRUCK-TECH ENGINEERS INC.,NULL,NULL,6,UNITED STATES (USA)
4251,SLN,11193,NIFTYLIFT LIMITED,NULL,NULL,6,UNITED STATES (USA)
5674,4S9118,11194,SLATER INCORPORATED,NULL,NULL,6,UNITED STATES (USA)
6218,1M9804,11196,MT. PLEASANT TRAILERS,NULL,NULL,6,UNITED STATES (USA)
6281,5X0,11198,"RUDES RIGGS, LLC",NULL,NULL,6,UNITED STATES (USA)
3317,2DM,11199,DI-MOND TRAILERS INC.,NULL,NULL,1,CANADA
4522,1P9597,11201,"PRO-TECH FABRICATORS, INC.",NULL,NULL,6,UNITED STATES (USA)
2893,7DL,11202,"DESIGNLINE INTERNATIONAL HOLDINGS, LLC (USA)",NULL,NULL,6,UNITED STATES (USA)
3937,1J9376,11203,JUMPING J-JAYS FRANCHISES USA LLC,NULL,NULL,6,UNITED STATES (USA)
5480,1T9951,11208,TWISTED RIDEZ LLC,NULL,NULL,6,UNITED STATES (USA)
5807,5A0,11210,"AA SCREEN SUPPLY, INC.",NULL,NULL,6,UNITED STATES (USA)
4585,LAY,11212,"NANFANG SPACE NAVIGATION SCIENCE & TECHNOLOGY CO., LTD.",NULL,NULL,6,UNITED STATES (USA)
4395,3P9000,11213,OPERBUS S.A. DE C.V.,NULL,NULL,6,UNITED STATES (USA)
13404,3PE,11213,OPERBUS S.A. DE C.V.,NULL,NULL,NULL,NULL
13416,3PB,11213,OPERBUS S.A. DE C.V.,NULL,NULL,NULL,NULL
5215,1T9955,11214,"TANK MASTER, INC.",NULL,NULL,6,UNITED STATES (USA)
5905,1A9785,11215,ATEK TRAILERS,NULL,NULL,6,UNITED STATES (USA)
5406,1T9954,11216,"THOMPSON & ZABER'S GARAGE, INC.",NULL,NULL,6,UNITED STATES (USA)
3464,1B9892,11218,BOOMER'S TRIKES,NULL,NULL,6,UNITED STATES (USA)
6046,4S9142,11220,"FLORIDA TRAILERS, INC. ",NULL,NULL,6,UNITED STATES (USA)
10797,1W9107,11222,WOLF COACH COMPANY,NULL,NULL,6,UNITED STATES (USA)
9429,1W9353,11223,WOLF DESIGN METAL FABRICATION,NULL,NULL,6,UNITED STATES (USA)
9325,1W9322,11224,WOLF TRAX,NULL,NULL,6,UNITED STATES (USA)
9682,1W9328,11225,WOLVERINE RACING,NULL,NULL,6,UNITED STATES (USA)
11087,1W9076,11227,"WOOD'S ASSOCIATED PRODUCTS, INC.",NULL,NULL,6,UNITED STATES (USA)
8766,456,11228,WOOD-MIZER PRODUCTS INC,NULL,NULL,6,UNITED STATES (USA)
3689,5RH,11233,CENTEX TRAILERS LTD.,NULL,NULL,6,UNITED STATES (USA)
3718,1H9484,11234,HUGHES TRAILERS,NULL,NULL,6,UNITED STATES (USA)
5726,1W9403,11235,"WEST COAST TRAILER, MFG.",NULL,NULL,6,UNITED STATES (USA)
6393,1P9550,11236,PMD MOTORCYCLES,NULL,NULL,6,UNITED STATES (USA)
3217,1E9375,11237,EPIC CUSTOM CYCLES INC.,NULL,NULL,6,UNITED STATES (USA)
4328,1L9369,11238,LEROY THOMPSON INC.,NULL,NULL,6,UNITED STATES (USA)
8768,18X,11243,"WESTERN RECREATIONAL VEHICLES, INC.",NULL,NULL,6,UNITED STATES (USA)
6453,2WL,11248,WESTERN STAR TRUCKS INC,NULL,NULL,1,CANADA
6454,2WK,11248,WESTERN STAR TRUCKS INC,NULL,NULL,1,CANADA
6455,2WM,11248,WESTERN STAR TRUCKS INC,NULL,NULL,1,CANADA
13246,5CK,11248,WESTERN STAR TRUCKS INC,NULL,NULL,6,UNITED STATES (USA)
13656,2WE,11248,WESTERN STAR TRUCKS INC,NULL,NULL,1,CANADA
13657,5CJ,11248,WESTERN STAR TRUCKS INC,NULL,NULL,6,UNITED STATES (USA)
10719,46Y,11258,"WESTERN WORLD, INC.",NULL,NULL,6,UNITED STATES (USA)
11101,1WZ,11258,"WESTERN WORLD, INC.",NULL,NULL,6,UNITED STATES (USA)
8307,1P9509,11260,PROGRESS TANK,NULL,NULL,6,UNITED STATES (USA)
8308,1N9231,11261,NILSON MANUFACTURING,NULL,NULL,6,UNITED STATES (USA)
8333,1S9914,11264,SPIRIT TRAILER MANUFACTURING,NULL,NULL,6,UNITED STATES (USA)
8286,1F9655,11266,"ADVANCED BOAT TRAILERS, INC.",NULL,NULL,6,UNITED STATES (USA)
8326,1R9518,11269,RADIOACTIVE CYCLES,NULL,NULL,6,UNITED STATES (USA)
8284,RFZ,11270,"E-TON AMERICA, LLC.",NULL,NULL,4,TAIWAN
8266,1R9519,11272,"R&W TRAILERS, INC.",NULL,NULL,6,UNITED STATES (USA)
8352,1A9AKL,11274,"ADIRONDACK KABINS, LLC",NULL,NULL,6,UNITED STATES (USA)
8424,1T9823,11276,"TURNING POINT TRAILER MFG, LLC",NULL,NULL,6,UNITED STATES (USA)
8348,1K9HBW,11277,"KIT HOMEBUILDERS WEST, LLC",NULL,NULL,6,UNITED STATES (USA)
4014,4C9023,11280,"CHARLOTTE CUSTOM CYCLES, LLC",NULL,NULL,6,UNITED STATES (USA)
9589,1T9857,11281,THUNDER CHOPPER WORKS,NULL,NULL,6,UNITED STATES (USA)
5334,1S9974,11282,SAIL TRAILERS,NULL,NULL,6,UNITED STATES (USA)
4456,1Z9258,11283,OVERLAND TANK INC.,NULL,NULL,6,UNITED STATES (USA)
2931,1E9377,11284,"EVERGREEN TRAILER COMPANY,LLC",NULL,NULL,6,UNITED STATES (USA)
2844,AA9HN1,11287,DESERT WOLF (PTY) LTD.,NULL,NULL,6,UNITED STATES (USA)
3671,4C9065,11288,CC TRIKES & CUSTOM BIKES,NULL,NULL,6,UNITED STATES (USA)
3325,4C9111,11289,"CURRY CUSTOMS, LLC",NULL,NULL,6,UNITED STATES (USA)
5294,5ER,11292,"TESKE MANUFACTURING, INC.",NULL,NULL,6,UNITED STATES (USA)
8309,1R9507,11304,RAMSHORN WELDING,NULL,NULL,6,UNITED STATES (USA)
7415,1V9115,11305,"VICTORY HAULERS USA, INC.",NULL,NULL,6,UNITED STATES (USA)
10360,5EX,11309,AVANTI MARINE USA INC.,NULL,NULL,6,UNITED STATES (USA)
10312,1K9241,11312,K.B. DISTRIBUTING/EMPIRE CHOPPERS,NULL,NULL,6,UNITED STATES (USA)
5373,47G,11315,VENTURE TRAILERS INC.,NULL,NULL,6,UNITED STATES (USA)
6204,1P9549,11316,PITBULL MOTORSPORTS LTD. CO.,NULL,NULL,6,UNITED STATES (USA)
9380,1P9463,11316,PITBULL MOTORSPORTS LTD. CO.,NULL,NULL,6,UNITED STATES (USA)
12338,5M4,11320,LIBERTY INDUSTRIES INVESTMENTS,NULL,NULL,6,UNITED STATES (USA)
10299,1A9648,11323,"AMERICAN HAWG CHOPPERS, INC.",NULL,NULL,6,UNITED STATES (USA)
2689,1B9728,11325,BEILER MACHINE LLC,NULL,NULL,6,UNITED STATES (USA)
5818,1W9415,11327,WILD SIDE CUSTOMS,NULL,NULL,6,UNITED STATES (USA)
3011,4C9103,11329,"CALLAHAN CUSTOM CHOPPERS, INC.",NULL,NULL,6,UNITED STATES (USA)
2848,1D9586,11332,DESIGN WORX,NULL,NULL,6,UNITED STATES (USA)
5149,1R9595,11333,ROCKET SLED MOTORS LLC,NULL,NULL,6,UNITED STATES (USA)
2837,1D9601,11334,"Boumans & Associates, Inc.",NULL,NULL,6,UNITED STATES (USA)
4441,1N9266,11336,NORTH COUNTRY TRAILERS,NULL,NULL,6,UNITED STATES (USA)
4193,1N9271,11337,"NEWFAB, INC.",NULL,NULL,6,UNITED STATES (USA)
5619,1T9873,11339,"TMC, INC.",NULL,NULL,6,UNITED STATES (USA)
3684,5UC,11341,GEMSTATE MANUFACTURING; INC,NULL,NULL,6,UNITED STATES (USA)
2724,1D9603,11342,DEVIL DAWG CUSTOM CYCLES,NULL,NULL,6,UNITED STATES (USA)
3589,1A9758,11344,"AMERICAN CRAFTED TRAILERS, INC.",NULL,NULL,6,UNITED STATES (USA)
3363,1G9377,11346,GREAT WOLF TRAILERS LLC,NULL,NULL,6,UNITED STATES (USA)
5161,1T9895,11347,TAILWINDS TRAILERS,NULL,NULL,6,UNITED STATES (USA)
4761,1R9601,11348,RADICAL CURVES CUSTOM MOTORCYCLE,NULL,NULL,6,UNITED STATES (USA)
6747,4S9400,11349,SUMMIT TRUCK BODIES,NULL,NULL,6,UNITED STATES (USA)
6292,1T9880,11351,TANTRIC CYCLES LLC,NULL,NULL,6,UNITED STATES (USA)
3078,1B9838,11352,"BIGBOY TRAILER, MFG.",NULL,NULL,6,UNITED STATES (USA)
6202,1M9743,11353,"MJL ENGINEERING & MANUFACTURING, INC.",NULL,NULL,6,UNITED STATES (USA)
6190,1L9392,11354,LAZY J MFG.,NULL,NULL,6,UNITED STATES (USA)
4972,1P9585,11355,"POWER FACTORY, INC.",NULL,NULL,6,UNITED STATES (USA)
10935,1F9146,11356,FERROTEK CORP.,NULL,NULL,6,UNITED STATES (USA)
3685,1Z9278,11358,"IMPERIALITE, INC.",NULL,NULL,6,UNITED STATES (USA)
6239,1R9579,11359,RPM CUSTOM CHOPPERS LLC.,NULL,NULL,6,UNITED STATES (USA)
5265,1T9838,11360,TRAILER DADDY MFG.,NULL,NULL,6,UNITED STATES (USA)
3799,4C9076,11361,CHANCE TRAILER MANUFACTURING & SALES,NULL,NULL,6,UNITED STATES (USA)
10384,1M9703,11362,MARSHALL TRAILER SALES & REPAIRS,NULL,NULL,6,UNITED STATES (USA)
8264,1U9096,11363,UNITED STATES MOTORCYCLE CORPORATION,NULL,NULL,6,UNITED STATES (USA)
8280,1J9313,11365,JYC CUSTOM CYCLES L.L.C.,NULL,NULL,6,UNITED STATES (USA)
3357,LWG,11366,"CHONGQING HUANSONG INDUSTRIES (GROUP) CO., LTD.",NULL,NULL,8,CHINA
5337,1T9905,11367,"TRAILERMAKERS, LLC",NULL,NULL,6,UNITED STATES (USA)
5339,5XG,11367,"TRAILERMAKERS, LLC",NULL,NULL,6,UNITED STATES (USA)
5551,1S9969,11368,SHOWOFF TRAILERS,NULL,NULL,6,UNITED STATES (USA)
3486,1G9378,11369,"GRIFFITH CHOPPERS, INC.",NULL,NULL,6,UNITED STATES (USA)
4311,1L9400,11371,LEGACY TRAILERS,NULL,NULL,6,UNITED STATES (USA)
4653,1M9778,11372,MOD CAR,NULL,NULL,6,UNITED STATES (USA)
3748,1H9513,11373,HURCO TECHNOLOGIES INC.,NULL,NULL,6,UNITED STATES (USA)
4106,5VA,11374,MAJESTIC CORPORATION,NULL,NULL,6,UNITED STATES (USA)
3539,LWE,11375,"DONGFENG YANGTSE MOTOR (WUHAN) CO., LTD DBA WUXI AN YUAN AUTOMOBILE COMPANY",NULL,NULL,8,CHINA
3270,1D9607,11376,"DIAMOND E MANUFACTURING, LLC",NULL,NULL,6,UNITED STATES (USA)
5255,1T9906,11377,"T-BUILT TRAILER COMPANY, LLC",NULL,NULL,6,UNITED STATES (USA)
4912,1R9606,11378,RO DRIFT BOATS,NULL,NULL,6,UNITED STATES (USA)
3602,1B9857,11379,"BAD ISLAND TOYZ, LLC",NULL,NULL,6,UNITED STATES (USA)
8285,4C9112,11380,"COMPAIR USA, INC.",NULL,NULL,6,UNITED STATES (USA)
3709,4C9109,11381,"COASTAL INDUSTRIES, INC.",NULL,NULL,6,UNITED STATES (USA)
5358,1T9904,11382,"TRAILGRADER FABRICATION, LLC",NULL,NULL,6,UNITED STATES (USA)
4578,1M9781,11383,"M.D. COWAN, INC.",NULL,NULL,6,UNITED STATES (USA)
5351,1G9379,11385,"THE GLASS HAND, INC.",NULL,NULL,6,UNITED STATES (USA)
6148,1Z9295,11386,"INDIANHEAD TRUCK & BODY CO., INC.",NULL,NULL,6,UNITED STATES (USA)
4497,1Z9292,11388,"OSCHOOL CHOPPERS, LLC",NULL,NULL,6,UNITED STATES (USA)
9788,1P9PEP,11389,PARKLANE ENTERPRISES INC.,NULL,NULL,6,UNITED STATES (USA)
4987,1R9602,11390,REEB MANUFACTURING,NULL,NULL,6,UNITED STATES (USA)
3282,1D9609,11391,"DOONAN SPECIALIZED TRAILER, LLC",NULL,NULL,6,UNITED STATES (USA)
9804,1D9208,11391,"DOONAN SPECIALIZED TRAILER, LLC",NULL,NULL,6,UNITED STATES (USA)
6430,1W9448,11392,WYLD RYDES INC.,NULL,NULL,6,UNITED STATES (USA)
4756,1P9600,11394,PITS BY JJ,NULL,NULL,6,UNITED STATES (USA)
5973,4VN,11395,"CROWLEY MANUFACTURING, INC. ",NULL,NULL,6,UNITED STATES (USA)
4645,1R9640,11397,ROLL-A-HOME,NULL,NULL,6,UNITED STATES (USA)
4249,1H9536,11398,HEARTLAND TRAILERS,NULL,NULL,6,UNITED STATES (USA)
9970,1JK,11399,"INTERSTATE TRAILERS, INC.",NULL,NULL,6,UNITED STATES (USA)
4113,1M9822,11400,MARATHON METALWORKS,NULL,NULL,6,UNITED STATES (USA)
2666,1A9423,11402,AC CUSTOMS INC.,NULL,NULL,6,UNITED STATES (USA)
3395,1A9798,11403,"ALL STAR CARTS & VEHICLES, INC.",NULL,NULL,6,UNITED STATES (USA)
5801,5GV,11404,STREME TRAILER MFG. INC.,NULL,NULL,6,UNITED STATES (USA)
4212,1L9422,11405,"LUMPKIN TRAILERS, LLC",NULL,NULL,6,UNITED STATES (USA)
2660,1D9637,11406,DELTA OILFIELD TANK CO. LLC,NULL,NULL,6,UNITED STATES (USA)
10404,4S9139,11411,STRICTLY CHOPPERS,NULL,NULL,6,UNITED STATES (USA)
2664,1D9636,11414,DENBESTE MANUFACTURING INC.,NULL,NULL,6,UNITED STATES (USA)
4525,1P9607,11417,PSYCLES-INC.,NULL,NULL,6,UNITED STATES (USA)
2910,1E9283,11418,"EVACO ACQUISITION CORP., INC.",NULL,NULL,6,UNITED STATES (USA)
4342,ME3,11422,"ROYAL ENFIELD, A UNIT OF EICHER MOTORS LTD.",NULL,NULL,36,INDIA
5394,MBF,11422,"ROYAL ENFIELD, A UNIT OF EICHER MOTORS LTD.",NULL,NULL,36,INDIA
5546,4S9145,11423,SHIPSHE WELDING,NULL,NULL,6,UNITED STATES (USA)
5173,4S9128,11425,"SEVERE TRAILERS, LLC",NULL,NULL,6,UNITED STATES (USA)
2979,1E9425,11429,"ELEVATED SECURITY, INC.",NULL,NULL,6,UNITED STATES (USA)
5773,4S9127,11430,"STEPP MANUFACTURING CO., INC.",NULL,NULL,6,UNITED STATES (USA)
9871,1Z9008,11439,OKLAHOMA GOOSENECK MFG INC,NULL,NULL,6,UNITED STATES (USA)
8777,1Z9091,11448,"OLYMPIC MANUFACTURING AND SALES, INC.",NULL,NULL,6,UNITED STATES (USA)
9842,4JW,11450,WESTINGHOUSE ELECTRIC CORPORATION,NULL,NULL,6,UNITED STATES (USA)
5775,1W9350,11452,WESTMOR INDUSTRIES,NULL,NULL,6,UNITED STATES (USA)
9159,1T9392,11459,THOMAS FABRICATING INC.,NULL,NULL,6,UNITED STATES (USA)
9394,1T9723,11461,TIMELEE'S,NULL,NULL,6,UNITED STATES (USA)
6007,1D9543,11465,DAKAN MOUNTAIN TEARDROP TRAILERS LLC,NULL,NULL,6,UNITED STATES (USA)
8780,1W9274,11470,WAYDE MFG CO INC.,NULL,NULL,6,UNITED STATES (USA)
6944,1W9074,11472,WAYNE ENGINEERING CORPORATION,NULL,NULL,6,UNITED STATES (USA)
10634,1W9374,11473,WAYNE A. MILLER,NULL,NULL,6,UNITED STATES (USA)
8781,1W9208,11476,WAYNE WHEELED VEHICLES,NULL,NULL,6,UNITED STATES (USA)
8782,1W9298,11478,WEBER GENERATORS INC.,NULL,NULL,6,UNITED STATES (USA)
9935,1W9331,11479,WEBER'S WELDING & REPAIR,NULL,NULL,6,UNITED STATES (USA)
8437,1W9294,11482,"WEDLAKE FABRICATING, INC.",NULL,NULL,6,UNITED STATES (USA)
5611,5HR,11483,WEEKEND WARRIOR TRAILERS INC,NULL,NULL,6,UNITED STATES (USA)
6359,1W9321,11489,WELDING UNLIMITED,NULL,NULL,6,UNITED STATES (USA)
10302,1T9804,11491,THATTA ENTERPRISES LLC,NULL,NULL,6,UNITED STATES (USA)
10021,4N1,11494,"NORTHWOOD MANUFACTURING, INC. ",NULL,NULL,6,UNITED STATES (USA)
5998,4WN,11499,HYDE DRIFT BOATS,NULL,NULL,6,UNITED STATES (USA)
2992,1F9286,11505,"FLYRITE CHOPPERS, INC. ",NULL,NULL,6,UNITED STATES (USA)
8318,1J9302,11507,J & S TRAILERS,NULL,NULL,6,UNITED STATES (USA)
3688,LA9ATC,11511,"CENTECH SPECIALTY VEHICLES, LTD., CO.",NULL,NULL,6,UNITED STATES (USA)
4620,5KG,11513,"R & R TRAILERS, INC.",NULL,NULL,6,UNITED STATES (USA)
7220,173,11513,"R & R TRAILERS, INC.",NULL,NULL,6,UNITED STATES (USA)
5595,5UW,11515,"WATEC, INC. dba H & H TRAILERS SOUTHEAST",NULL,NULL,6,UNITED STATES (USA)
10142,14V,11517,WESTERN GOLF CAR MANUFACTURING INC,NULL,NULL,6,UNITED STATES (USA)
5304,RFC,11521,TAIWAN GOLDEN BEE COMPANY,NULL,NULL,4,TAIWAN
10373,1D9526,11522,"DEATH ROW MOTORCYCLES, LLC",NULL,NULL,6,UNITED STATES (USA)
4197,1M9680,11523,MCKINLEY ENTERPRISES DBA LONGHORN TRAILERS,NULL,NULL,6,UNITED STATES (USA)
7676,1C9251,11532,COLLINS BUS CORPORATION,NULL,NULL,6,UNITED STATES (USA)
10352,1X9015,11535,XTREME CYCLES OF SARASOTA L.L.C.,NULL,NULL,6,UNITED STATES (USA)
10371,1D9518,11537,DAVE FINN MOTORCYCLES,NULL,NULL,6,UNITED STATES (USA)
10370,1W9388,11538,WOLFGANG CYCLES,NULL,NULL,6,UNITED STATES (USA)
10369,5PG,11539,BULLDOG TRAILERS INC.,NULL,NULL,6,UNITED STATES (USA)
10368,1P9506,11542,P & A TRAILERS,NULL,NULL,6,UNITED STATES (USA)
9562,1N9176,11544,"NORTH-SOUTH CONNECTION AUTO SALES, LTD.",NULL,NULL,6,UNITED STATES (USA)
5860,1A9653,11545,ADVENTURE TRAILERS INC.,NULL,NULL,6,UNITED STATES (USA)
10367,LT8,11547,"CHINA TAISHAN GROUP, TAISHAN, HAOFU, DAJINYA",NULL,NULL,8,CHINA
10366,1E9347,11554,"ELITE SPECIALTY TRAILERS, LLC",NULL,NULL,6,UNITED STATES (USA)
3934,1J9332,11556,JSR CUSTOM LLC,NULL,NULL,6,UNITED STATES (USA)
6475,1H9499,11557,HOLT BROTHERS CUSTOMS INC.,NULL,NULL,6,UNITED STATES (USA)
5528,1W9450,11558,WANTED CHOPPERS INC.,NULL,NULL,6,UNITED STATES (USA)
4436,1H9519,11560,HI LINE BODIES INC.,NULL,NULL,6,UNITED STATES (USA)
2638,1D9610,11561,DEANO MOTORCYCLE COMPANY,NULL,NULL,6,UNITED STATES (USA)
4764,1H9516,11562,HOG WILD CUSTOMS,NULL,NULL,6,UNITED STATES (USA)
5088,1P9601,11563,"PRO FISH ENTERPRISES, LLC",NULL,NULL,6,UNITED STATES (USA)
3365,5UJ,11565,"DIRECT TRAILER, LP",NULL,NULL,6,UNITED STATES (USA)
3321,PF9001,11566,DOWELL SCHLUMBERGER INT'L INC.,NULL,NULL,46,SINGAPORE
3359,5VK,11571,"GREAT NORTHERN TRAILER WORKS, INC.",NULL,NULL,6,UNITED STATES (USA)
3383,1B9858,11574,"BLUE STEEL MANUFACTURING, LLC",NULL,NULL,6,UNITED STATES (USA)
3411,1J9172,11575,ALLIANZ SWEEPER COMPANY,NULL,NULL,6,UNITED STATES (USA)
10364,5L8,11576,"LOAD MAX TRAILERS, LTD",NULL,NULL,6,UNITED STATES (USA)
6866,5VJ,11577,"CRARY INDUSTRIES, INC",NULL,NULL,6,UNITED STATES (USA)
4770,3E9030,11579,REMOLQUES ENMAR,NULL,NULL,12,MEXICO
3532,1B9859,11580,"BOXES CREEK FABRICATING & WELDING, LLC",NULL,NULL,6,UNITED STATES (USA)
2671,1B9856,11583,BEAST CUSTOM CYCLE,NULL,NULL,6,UNITED STATES (USA)
3603,1A9737,11585,"AMERICAN HOTROD MANUFACTURING, LLC dba AMERICAN",NULL,NULL,6,UNITED STATES (USA)
9718,1R9554,11586,"RANCHER TRAILER COMPANY, INC.",NULL,NULL,6,UNITED STATES (USA)
4191,4S9059,11587,"LARRICK, LLC,",NULL,NULL,6,UNITED STATES (USA)
2762,4C9078,11588,"CARIBBEAN, INC.",NULL,NULL,6,UNITED STATES (USA)
5202,3T9021,11589,"TALLERES LOZANO, S.A. DE C.V.",NULL,NULL,12,MEXICO
11750,3CX,11589,"TALLERES LOZANO, S.A. DE C.V.",NULL,NULL,6,UNITED STATES (USA)
5701,A2B,11591,"USA MOTORTOYS, LLC",NULL,NULL,6,UNITED STATES (USA)
5703,1U9133,11591,"USA MOTORTOYS, LLC",NULL,NULL,6,UNITED STATES (USA)
4826,1G9309,11592,GOOD THUNDER MOTORCYCLE CO.,NULL,NULL,6,UNITED STATES (USA)
3999,1L9394,11593,LITTLE D'S UTILITY TRAILERS,NULL,NULL,6,UNITED STATES (USA)
3255,1E9393,11594,EAGLE HEAD LIFTS,NULL,NULL,6,UNITED STATES (USA)
2631,5TJ,11595,"AMERICAN SURPLUS & MFG., INC.",NULL,NULL,6,UNITED STATES (USA)
5467,W09F57,11596,TWIKE/FINE MOBILE GMBH,NULL,NULL,2,GERMANY
6111,1H9504,11599,HOG SHOP,NULL,NULL,6,UNITED STATES (USA)
5669,4S9058,11601,SKULLBONE WELDING,NULL,NULL,6,UNITED STATES (USA)
9297,1Z9282,11602,"IDEAL TRAILERS, LLP",NULL,NULL,6,UNITED STATES (USA)
6327,1S9907,11604,STEEL PONIES LLC,NULL,NULL,6,UNITED STATES (USA)
5046,1R9587,11605,ROADMAN CAMPERS,NULL,NULL,6,UNITED STATES (USA)
3456,1A9747,11606,"ALUMINUM TRAILERS, INC.",NULL,NULL,6,UNITED STATES (USA)
4885,1R9RSC,11607,RIDGESTONE CABINS INC.,NULL,NULL,6,UNITED STATES (USA)
5377,1V9148,11609,VERTICAL REALITY,NULL,NULL,6,UNITED STATES (USA)
3062,5SN,11610,"LIFETIME PRODUCTS, INC.",NULL,NULL,6,UNITED STATES (USA)
3265,184,11613,EAGLE TRAILER MANUFACTURING,NULL,NULL,6,UNITED STATES (USA)
4982,4S9051,11614,"SPARTAN TRUCK COMPANY, INC.",NULL,NULL,6,UNITED STATES (USA)
7847,1S9107,11614,"SPARTAN TRUCK COMPANY, INC.",NULL,NULL,NULL,NULL
5226,4S9067,11615,S & S TRAILERS & TRUCK EQUIPMENT,NULL,NULL,6,UNITED STATES (USA)
4536,1M9766,11617,MONITOR SYSTEMS,NULL,NULL,6,UNITED STATES (USA)
6166,2H9092,11619,HARVEST SERVICES (1995) LTD,NULL,NULL,1,CANADA
9337,1Z9146,11620,OLYMPIC TRAILERS INC.,NULL,NULL,6,UNITED STATES (USA)
11153,109127,11627,ONAN CORPORATION,NULL,NULL,6,UNITED STATES (USA)
4377,1Z9379,11628,ONKEN'S INC.,NULL,NULL,6,UNITED STATES (USA)
8357,5MV,11630,"OPTIMA INDUSTRIES LLC SUB OF PACE AMERICAN, INC.",NULL,NULL,6,UNITED STATES (USA)
3335,2B1,11634,DAIMLERCHRYSLER COMMERCIAL BUSES NORTH AMERICA (Canada),NULL,NULL,1,CANADA
3337,2BA,11634,DAIMLERCHRYSLER COMMERCIAL BUSES NORTH AMERICA (Canada),NULL,NULL,1,CANADA
11008,1S9492,11641,SCHUTT'S WELDING,NULL,NULL,6,UNITED STATES (USA)
5280,1R9620,11642,ROLLZ FABRICATION,NULL,NULL,6,UNITED STATES (USA)
4765,1R9629,11644,REILLEY WELDING & METAL FABRICATION,NULL,NULL,6,UNITED STATES (USA)
3541,1B9821,11646,BRAIN UNLIMITED,NULL,NULL,6,UNITED STATES (USA)
5564,1U9116,11647,"U.S. IRON HORSE MOTOR CYCLE COMPANY, LLC",NULL,NULL,6,UNITED STATES (USA)
5222,5VM,11648,"S & S MOTORSPORTS, INC.",NULL,NULL,6,UNITED STATES (USA)
4869,4S9129,11649,SOUTHERN TEXAS INDUSTRIAL SERVICE COMPANY INC.,NULL,NULL,6,UNITED STATES (USA)
2795,1A9791,11653,APPLIED RESEARCH ASSOCIATES INC. VERTEK DIVISION,NULL,NULL,6,UNITED STATES (USA)
6303,4S9131,11655,SIDEKICK RV INC.,NULL,NULL,6,UNITED STATES (USA)
3873,1K9281,11657,KORRUPT CHOPPERS,NULL,NULL,6,UNITED STATES (USA)
3133,LVC,11658,"BEIQI FOTON MOTOR CO., LTD. BEIJING BUS BRANCH COM",NULL,NULL,8,CHINA
6716,LVE,11658,"BEIQI FOTON MOTOR CO., LTD. BEIJING BUS BRANCH COM",NULL,NULL,8,CHINA
4002,5XJ,11660,"LABARGE PRODUCTS, INC.",NULL,NULL,6,UNITED STATES (USA)
4479,1M9814,11661,MISSION UTILITY TRAILERS,NULL,NULL,6,UNITED STATES (USA)
3924,1J9380,11662,JOSEPH R. THOMPSON ENTERPRISES,NULL,NULL,6,UNITED STATES (USA)
10685,1WR,11666,WESCO TRAILER SALES,NULL,NULL,6,UNITED STATES (USA)
10089,1W9338,11668,WEST COAST CARRIAGE,NULL,NULL,6,UNITED STATES (USA)
9599,3BT,11674,WEST TEXAS DOLLIES INC.,NULL,NULL,6,UNITED STATES (USA)
8790,1W9201,11680,WILLMAR MFG. DIV. WILLKNIGHT INC.,NULL,NULL,6,UNITED STATES (USA)
5830,1W1,11681,WILSON TRAILER CO.,NULL,NULL,6,UNITED STATES (USA)
11584,4WW,11681,WILSON TRAILER CO.,NULL,NULL,6,UNITED STATES (USA)
9227,4NP,11684,WORK AREA PROTECTION CORP,NULL,NULL,6,UNITED STATES (USA)
10944,1Y9008,11688,YUKON MARINE CORP,NULL,NULL,6,UNITED STATES (USA)
10185,1E9304,11689,EVIL TWIN LIMITED,NULL,NULL,6,UNITED STATES (USA)
8795,1W9276,11694,WHITE'S WELDING & BODY SHOP,NULL,NULL,6,UNITED STATES (USA)
8797,1W9266,11696,WHITEHEAD WELDING AND TRAILER SALES,NULL,NULL,6,UNITED STATES (USA)
10138,1W9344,11699,WHITES/KEENE MFG. INC,NULL,NULL,6,UNITED STATES (USA)
11218,4LX,11702,WHITLEY MOTOR COMPANY INC,NULL,NULL,6,UNITED STATES (USA)
9796,1W9332,11703,WHITLOCK MILLS TRAILERS,NULL,NULL,6,UNITED STATES (USA)
8799,1W9289,11707,WICHITA TRAILER MANUFACTURING,NULL,NULL,6,UNITED STATES (USA)
5827,1W9012,11713,"WIL-RO, INC.",NULL,NULL,6,UNITED STATES (USA)
11675,1W9621,11713,"WIL-RO, INC.",NULL,NULL,6,UNITED STATES (USA)
10359,1S9908,11715,"SOUTHERN STAR TRAILERS, INC.",NULL,NULL,6,UNITED STATES (USA)
9519,1S9852,11720,"SPORTSRIG.COM, LLC",NULL,NULL,6,UNITED STATES (USA)
6711,1C9947,11728,"COOL CITY, INC.",NULL,NULL,6,UNITED STATES (USA)
10351,1M9681,11729,MOTOR CITY MEAN MACHINE,NULL,NULL,6,UNITED STATES (USA)
4124,1M9687,11732,MATRIX MANUFACTURING COMPANY,NULL,NULL,6,UNITED STATES (USA)
8288,1S9912,11734,SUBURBAN MANUFACTURING CO.,NULL,NULL,6,UNITED STATES (USA)
5947,1C9643,11735,"C & C TRAILERS, INC.",NULL,NULL,6,UNITED STATES (USA)
8329,1N9078,11736,"NORTH RIVER JET BOATS, INC.",NULL,NULL,6,UNITED STATES (USA)
6042,1E9363,11737,"E-SUV, LLC ",NULL,NULL,6,UNITED STATES (USA)
6362,1W9393,11739,WICKED WOMEN CHOPPERS,NULL,NULL,6,UNITED STATES (USA)
8325,1P9PMM,11740,"PARK MODELS MANUFACTURING, INC.",NULL,NULL,6,UNITED STATES (USA)
8324,1C9942,11741,"CENTRAL TANK OF OKLAHOMA, INC.",NULL,NULL,6,UNITED STATES (USA)
5310,1S9890,11742,S.I.C. CHOPPERS (STYLE IN CUSTOM CHOPPERS),NULL,NULL,6,UNITED STATES (USA)
8354,1A9659,11743,"AMERICAN FARRIER SYSTEMS, LLC",NULL,NULL,6,UNITED STATES (USA)
4015,1C9792,11746,"CHART, INC",NULL,NULL,6,UNITED STATES (USA)
3074,1A9748,11748,"ARKFELD MFG. & DISTR. CO., INC.",NULL,NULL,6,UNITED STATES (USA)
3436,1G9381,11750,GUERDON ENTERPRISES LLC,NULL,NULL,6,UNITED STATES (USA)
5268,1T9934,11751,TRAILER FX CUSTOM MANUFACTURING,NULL,NULL,6,UNITED STATES (USA)
3058,1E9415,11752,EMERALD WELDING INC.,NULL,NULL,6,UNITED STATES (USA)
5547,1T9936,11754,"TRIPLE J WELD FAB REPAIR, LLC",NULL,NULL,6,UNITED STATES (USA)
5060,4S9108,11755,SUMMIT INDUSTRIES INCORPORATED,NULL,NULL,6,UNITED STATES (USA)
5387,1T9937,11756,"TRU-HITCH, INC",NULL,NULL,6,UNITED STATES (USA)
5716,1T9929,11757,"TOWER TRAILERS, INC.",NULL,NULL,6,UNITED STATES (USA)
4633,1J9372,11759,"JASON MITCHELL WELDING & FABRICATION, LLC",NULL,NULL,6,UNITED STATES (USA)
10421,5WN,11760,METRORIDER LLC,NULL,NULL,6,UNITED STATES (USA)
3144,1F9342,11761,FREEDOM TRAILERS LLC.,NULL,NULL,6,UNITED STATES (USA)
4797,4WR,11762,RANGER BOAT CO.,NULL,NULL,6,UNITED STATES (USA)
6284,5K6,11762,RANGER BOAT CO.,NULL,NULL,6,UNITED STATES (USA)
11982,1T9210,11764,TIME OUT TRAILERS INC,NULL,NULL,6,UNITED STATES (USA)
5018,4S9113,11768,"STUMP SMOKERS, INC.",NULL,NULL,6,UNITED STATES (USA)
3794,5WR,11769,INTREPID ENGINEERING GROUP (IEG),NULL,NULL,6,UNITED STATES (USA)
3933,1J9371,11770,JSG INDUSTRIES INC.,NULL,NULL,6,UNITED STATES (USA)
6357,1W9458,11771,"WARREN POWER ATTACHMENTS, LLC",NULL,NULL,6,UNITED STATES (USA)
4315,1R0,11772,"LEGACY TRAILERS INC. ",NULL,NULL,6,UNITED STATES (USA)
2989,1F9345,11773,FLOW TECH FABRICATORS L.L.C.,NULL,NULL,6,UNITED STATES (USA)
3658,1H9530,11776,"HYPER LITE TRAILERS, INC.",NULL,NULL,6,UNITED STATES (USA)
3385,1A9779,11777,ALL AROUND TRAILERS,NULL,NULL,6,UNITED STATES (USA)
4484,101,11778,MO TRAILERS CORP.,NULL,NULL,6,UNITED STATES (USA)
4532,1P9610,11780,PULLMAN MODULAR INDUSTRIES,NULL,NULL,6,UNITED STATES (USA)
6244,1P9542,11782,"PT WELDING, LLC",NULL,NULL,6,UNITED STATES (USA)
3453,1A9650,11783,"ALUMINA, INC.",NULL,NULL,6,UNITED STATES (USA)
5275,1T9888,11784,TECHLINE ENGINEERING,NULL,NULL,6,UNITED STATES (USA)
5219,5BE,11785,"TRAIL MASTER, INC.",NULL,NULL,6,UNITED STATES (USA)
4470,1Z9285,11786,OZARK CUSTOM TRAILERS,NULL,NULL,6,UNITED STATES (USA)
4790,1R9586,11787,RALLYTIME TRAILERS INC.,NULL,NULL,6,UNITED STATES (USA)
4851,1M9852,11788,THOROUGHBRED MOTORSPORTS INC.,NULL,NULL,6,UNITED STATES (USA)
5410,5TY,11788,THOROUGHBRED MOTORSPORTS INC.,NULL,NULL,6,UNITED STATES (USA)
5099,4S9065,11789,"SUTTER MANUFACTURING, INC.",NULL,NULL,6,UNITED STATES (USA)
8317,1D9528,11791,D&D METAL WORKS AND POWDER COATING,NULL,NULL,6,UNITED STATES (USA)
5792,1W9433,11793,"WILD CAT CRANE & WELDING, INC.",NULL,NULL,6,UNITED STATES (USA)
5820,1W9438,11794,WILD WEST TRAILERS,NULL,NULL,6,UNITED STATES (USA)
5126,1R9588,11796,"RV DIRECT, LLC",NULL,NULL,6,UNITED STATES (USA)
3099,3B9007,11798,BULK TANK INTERNATIONAL S DE RL DE CV,NULL,NULL,6,UNITED STATES (USA)
6792,3E1,11798,BULK TANK INTERNATIONAL S DE RL DE CV,NULL,NULL,12,MEXICO
4981,1H9118,11800,SPARTAN TOOL LLC.,NULL,NULL,6,UNITED STATES (USA)
3128,4C9047,11802,CANAJOHARIE CUSTOMS,NULL,NULL,6,UNITED STATES (USA)
7042,1D9486,11802,CANAJOHARIE CUSTOMS,NULL,NULL,6,UNITED STATES (USA)
4318,1L9395,11803,LEGENDS CUSTOM CYCLES LLC,NULL,NULL,6,UNITED STATES (USA)
3473,1F9715,11804,"AZTEC TRAILER, INC.",NULL,NULL,6,UNITED STATES (USA)
6369,1W9439,11805,WINCHESTER AUTO REPAIR & WELDING,NULL,NULL,6,UNITED STATES (USA)
5597,1W9455,11806,WASHINGTON CHOPPERS,NULL,NULL,6,UNITED STATES (USA)
5581,4S9053,11808,SIK N TWISTED PSYCLES,NULL,NULL,6,UNITED STATES (USA)
4510,2N9038,11809,NORTHERN LITE MFG LTD,NULL,NULL,6,UNITED STATES (USA)
3112,1F9332,11810,FRANKO'S CUSTOM CYCLES INC.,NULL,NULL,6,UNITED STATES (USA)
2846,47C,11811,DUTCHMEN MANUFACTURING INC.,NULL,NULL,6,UNITED STATES (USA)
5401,1T9926,11812,THIGPEN METALWORKS,NULL,NULL,6,UNITED STATES (USA)
4811,1N9267,11817,"NEALCO EQUIPMENT, LLC",NULL,NULL,6,UNITED STATES (USA)
6389,2JA,11819,CJAY TRAILERS INC.,NULL,NULL,6,UNITED STATES (USA)
4162,1H9508,11820,HARBORVIEW CHOPPERS,NULL,NULL,6,UNITED STATES (USA)
5793,4S9070,11821,STREAMLINE DESIGNS INC.,NULL,NULL,6,UNITED STATES (USA)
6405,LAN,11823,CHANGZHOU YAMASAKI MOTORCYCLE CO. LTD.,NULL,NULL,3,JAPAN
5762,1V9150,11825,VALLEY FARM INDUSTRIES LLC,NULL,NULL,6,UNITED STATES (USA)
5210,1T9893,11826,TRAFCON INDUSTRIES INC,NULL,NULL,6,UNITED STATES (USA)
4011,4C9073,11828,"CHARLOTTE COUNTY CUSTOM CYCLES, INC.",NULL,NULL,6,UNITED STATES (USA)
3401,1G9373,11829,GREEN ELEC-MOTOR INC.,NULL,NULL,6,UNITED STATES (USA)
3412,1G9000,11829,GREEN ELEC-MOTOR INC.,NULL,NULL,6,UNITED STATES (USA)
3108,5UE,11830,"ENDURAMAX,  LLC",NULL,NULL,6,UNITED STATES (USA)
3326,1D9588,11832,DOWN LOW CUSTOMS,NULL,NULL,6,UNITED STATES (USA)
6476,1D9756,11836,"DNM TEARDROP TRAILERS, LLC ",NULL,NULL,6,UNITED STATES (USA)
6479,4C9379,11837,COMBAT SUPPORT PRODUCTS INC.,NULL,NULL,6,UNITED STATES (USA)
6659,4T9178,11842,TORRID TECHNOLOGIES GROUP LLC,NULL,NULL,6,UNITED STATES (USA)
6477,1R9789,11843,"POWER, PROCESS & INDUSTRIAL LLC",NULL,NULL,6,UNITED STATES (USA)
6491,1Z9483,11844,ZANETTI TRAILER MANUFACTURING,NULL,NULL,6,UNITED STATES (USA)
6490,4C9358,11846,CONCHO CHOPPERS,NULL,NULL,6,UNITED STATES (USA)
12227,4C9581,11846,CONCHO CHOPPERS,NULL,NULL,6,UNITED STATES (USA)
6489,1L9533,11850,LA CUSTOM TRIKES,NULL,NULL,6,UNITED STATES (USA)
6488,3R9173,11852,"REDMAN MANUFACTURAS, S.A. DE C.V.",NULL,NULL,12,MEXICO
6487,4B9085,11853,BULLDOG CARTS,NULL,NULL,6,UNITED STATES (USA)
6486,1H9678,11854,"HIGH ROLLER CUSTOM MOTORCYCLE, LLC",NULL,NULL,6,UNITED STATES (USA)
3367,1G9402,11857,"GUAM STEEL SERVICES, LLC ",NULL,NULL,6,UNITED STATES (USA)
3939,1J9401,11858,JUSTIN PALMER WELDING,NULL,NULL,6,UNITED STATES (USA)
3695,1B9928,11859,BARRIER SYSTEMS INC.,NULL,NULL,6,UNITED STATES (USA)
3125,1A9823,11863,"ASTEC MOBILE SCREENS, INC.",NULL,NULL,6,UNITED STATES (USA)
3392,1B9908,11864,"GREEN DISTRICT, INC. DBA BENTLEY WELDING",NULL,NULL,6,UNITED STATES (USA)
2791,4C9214,11865,CAROLINA HITCH & TRUCK ACCESSORIES,NULL,NULL,6,UNITED STATES (USA)
3973,1L9444,11867,L6 SYSTEMS LLC,NULL,NULL,6,UNITED STATES (USA)
4130,1C9883,11870,"CHOICE TRAILERS MANUFACTURING, LTD",NULL,NULL,6,UNITED STATES (USA)
5492,1T9967,11871,"TIMELESS TRAVEL TRAILERS, LLC",NULL,NULL,6,UNITED STATES (USA)
2978,1P9640,11874,"FTEC, INC.",NULL,NULL,6,UNITED STATES (USA)
5150,4T9009,11875,T&R TRAILER MFG. INC.,NULL,NULL,6,UNITED STATES (USA)
4307,1Z9332,11877,OSHKOSH SPECIALTY VEHICLES LLC,NULL,NULL,6,UNITED STATES (USA)
5240,4C9220,11878,"TARELITE TRAILER, LLC",NULL,NULL,6,UNITED STATES (USA)
4477,1M9856,11879,"MISFIT MARKETING SERVICES, LLC",NULL,NULL,6,UNITED STATES (USA)
5778,1W9485,11880,"WHEEGO ELECTRIC CARS, INC.",NULL,NULL,6,UNITED STATES (USA)
5838,1G9415,11881,GANZCORP INVESTMENTS INC.,NULL,NULL,6,UNITED STATES (USA)
6032,1F9375,11882,"FASTLOAD ENTERPRISE, INC.",NULL,NULL,6,UNITED STATES (USA)
3612,1B9941,11883,BROTHERS EQUIPMENT INC.,NULL,NULL,6,UNITED STATES (USA)
3158,1A9844,11884,AFC COMPANY,NULL,NULL,6,UNITED STATES (USA)
2982,1E9454,11885,ELECTROVAYA COMPANY,NULL,NULL,6,UNITED STATES (USA)
4236,1H9568,11887,"HDK PLASTIC FACTORY, LTD (USA)",NULL,NULL,6,UNITED STATES (USA)
12336,7MZ,11887,"HDK PLASTIC FACTORY, LTD (USA)",NULL,NULL,6,UNITED STATES (USA)
4647,1J9403,11890,"JC CUSTOM WELDING, LLC",NULL,NULL,6,UNITED STATES (USA)
3449,522,11893,GREENGO TEK,NULL,NULL,6,UNITED STATES (USA)
6234,512,11894,ROCK LINE PRODUCTS INC.,NULL,NULL,6,UNITED STATES (USA)
5683,4T9015,11897,TOTAL ELECTRIC VEHICLES L.L.C.,NULL,NULL,6,UNITED STATES (USA)
2849,1F9376,11898,FABRICATORS PLUS,NULL,NULL,6,UNITED STATES (USA)
3418,54R,11900,REV RECREATION GROUP,NULL,NULL,6,UNITED STATES (USA)
9041,1G9416,11901,GRAND PRIX TRAILER SALES LLC DBA AMERICAN PRIDE TRAILERS,NULL,NULL,6,UNITED STATES (USA)
3868,1L9455,11902,"LEXINGTON TRAILER & HITCH, LLC",NULL,NULL,6,UNITED STATES (USA)
4975,1P9646,11903,"POWER PRODUCTS, LLC",NULL,NULL,6,UNITED STATES (USA)
4407,1Z9368,11904,OILFIELD REPAIR SPECIALISTS LTD.,NULL,NULL,6,UNITED STATES (USA)
4132,52K,11905,"H&A PRODUCTS, INC. dba STORM TRAILERS",NULL,NULL,6,UNITED STATES (USA)
3186,1A9849,11906,"AUSTIN WELDING SERVICE, INC.",NULL,NULL,6,UNITED STATES (USA)
5608,1W9273,11908,WEBER MANUFACTURING,NULL,NULL,6,UNITED STATES (USA)
3441,1G9424,11909,GUERILLA CUSTOMS,NULL,NULL,6,UNITED STATES (USA)
3444,1G9425,11909,GUERILLA CUSTOMS,NULL,NULL,6,UNITED STATES (USA)
4118,1M9861,11910,MARTEX GLOBAL ENTERPRISE LLC,NULL,NULL,6,UNITED STATES (USA)
5580,4S9204,11913,"SIGNCO, INC.",NULL,NULL,6,UNITED STATES (USA)
3943,4Z3,11914,"AMERICAN LAFRANCE, LLC",NULL,NULL,6,UNITED STATES (USA)
3947,1AF,11914,"AMERICAN LAFRANCE, LLC",NULL,NULL,6,UNITED STATES (USA)
3948,5SX,11914,"AMERICAN LAFRANCE, LLC",NULL,NULL,6,UNITED STATES (USA)
3953,1A9749,11914,"AMERICAN LAFRANCE, LLC",NULL,NULL,6,UNITED STATES (USA)
5444,4S9177,11917,STEALTH ENTERPRISES LLC,NULL,NULL,6,UNITED STATES (USA)
5456,52L,11917,STEALTH ENTERPRISES LLC,NULL,NULL,6,UNITED STATES (USA)
11526,7K2,11917,STEALTH ENTERPRISES LLC,NULL,NULL,6,UNITED STATES (USA)
5284,SA9173,11918,RONDAR RACEBOATS LTD.,NULL,NULL,5,UNITED KINGDOM (UK)
3303,1B9946,11920,BLACKSTONE TRAILER COMPANY LP,NULL,NULL,6,UNITED STATES (USA)
4283,525,11921,"MERIDIAN MOTORS COMPANY, INC.",NULL,NULL,6,UNITED STATES (USA)
4711,1M9862,11923,MOTION TRAILERS INC.,NULL,NULL,6,UNITED STATES (USA)
5499,4T9086,11924,"TISHOMINGO ACQUISITION, LLC, ",NULL,NULL,6,UNITED STATES (USA)
3881,1J9087,11925,"JOHN JENKINS CO., INC.",NULL,NULL,6,UNITED STATES (USA)
4068,1K9293,11926,K-JACK MOTORS L.L.C.,NULL,NULL,6,UNITED STATES (USA)
3430,1G9404,11927,GUARDAIN TRAILERS INC.,NULL,NULL,6,UNITED STATES (USA)
10403,1A9831,11928,ACCU-WELD TRUCK BODY & TRAILER INC.,NULL,NULL,6,UNITED STATES (USA)
5007,1P9683,11930,PRECISE METAL WELDING,NULL,NULL,6,UNITED STATES (USA)
5583,4S9284,11931,"SILENT DRIVE, INC.",NULL,NULL,6,UNITED STATES (USA)
2860,1F9406,11932,"FALCON MOTOR SPORTS, INC.",NULL,NULL,6,UNITED STATES (USA)
3825,44L,11933,"JIM-GLO TRAILERS, LLC",NULL,NULL,6,UNITED STATES (USA)
3826,1J944L,11933,"JIM-GLO TRAILERS, LLC",NULL,NULL,6,UNITED STATES (USA)
7700,1J946L,11933,"JIM-GLO TRAILERS, LLC",NULL,NULL,6,UNITED STATES (USA)
3972,4RY,11934,CHARMAC TRAILERS,NULL,NULL,6,UNITED STATES (USA)
6994,1C9216,11934,CHARMAC TRAILERS,NULL,NULL,6,UNITED STATES (USA)
4476,1M9918,11935,MISANTHROPY CYCLES,NULL,NULL,6,UNITED STATES (USA)
5496,55M,11936,"TRAVEL LITE, INC.",NULL,NULL,6,UNITED STATES (USA)
4731,1P9695,11937,"PIK RITE, INC.",NULL,NULL,6,UNITED STATES (USA)
3862,1K9317,11938,KODIAK ADVENTURE PRODUCTS,NULL,NULL,5,UNITED KINGDOM (UK)
5019,4S9277,11940,SCOTT'S INSANE CHOPPERS,NULL,NULL,6,UNITED STATES (USA)
3094,4B9001,11942,"BIG TONY'S CHOPP SHOP INC. ",NULL,NULL,6,UNITED STATES (USA)
4517,1N9324,11943,"NATIONAL PUMP & COMPRESSOR, LTD",NULL,NULL,6,UNITED STATES (USA)
4277,1M9880,11946,METALCRAFT MANUFACTURING LLC,NULL,NULL,6,UNITED STATES (USA)
5190,3T9208,11947,TRACTO DE MONTERREY Y ASOCIADOS SA DE CV,NULL,NULL,12,MEXICO
5207,1R9729,11948,RY EQUIPMENT TRADING LLC DBA VAC-KING TRAILERS,NULL,NULL,6,UNITED STATES (USA)
5257,4T9080,11951,"TRAILBLAZER, INC.",NULL,NULL,6,UNITED STATES (USA)
4380,1Z9412,11954,"OP TANK TRAILERS, LLC",NULL,NULL,6,UNITED STATES (USA)
4248,1N9326,11955,"NICHOLSON MANUFACTURING, INC. (NMI)",NULL,NULL,6,UNITED STATES (USA)
3190,1E9520,11956,EK MACHINE CO. INC.,NULL,NULL,6,UNITED STATES (USA)
3181,1A9910,11957,"AUGUSTA RV, LLC",NULL,NULL,6,UNITED STATES (USA)
5092,4S9291,11959,"SPECSYS, INC.",NULL,NULL,6,UNITED STATES (USA)
4166,1L9492,11960,LRG TECHNOLOGIES INC,NULL,NULL,6,UNITED STATES (USA)
3510,1H9616,11961,H & M GOPHER CONTROL,NULL,NULL,6,UNITED STATES (USA)
5299,4S9275,11963,"TEXAS CES ",NULL,NULL,6,UNITED STATES (USA)
5102,1P9691,11964,PROFICIENT FABRICATION & CONSULTING CO.,NULL,NULL,6,UNITED STATES (USA)
4728,1P9699,11968,PIEDMONT CUSTOM TRAILERS,NULL,NULL,6,UNITED STATES (USA)
3059,4C9296,11969,CAMPBELL SUPPLY CO. DBA CAM SPRAY,NULL,NULL,6,UNITED STATES (USA)
4053,1L9494,11971,"LAMINATED WOOD SYSTEMS, INC.",NULL,NULL,6,UNITED STATES (USA)
3135,4B9009,11972,BILL'S TRAILER SALES,NULL,NULL,6,UNITED STATES (USA)
4730,1R9734,11973,R&D MACHINE OF MARLBORO COUNTY      COMPANY,NULL,NULL,6,UNITED STATES (USA)
5302,4T9096,11974,"TRAILER RUSH, INC.",NULL,NULL,6,UNITED STATES (USA)
4214,1L9498,11975,LUTTRELL WELDING SERVICES,NULL,NULL,6,UNITED STATES (USA)
2636,1D9714,11976,DC WELD INC.,NULL,NULL,6,UNITED STATES (USA)
6421,1T9232,11977,WRIGHT WELDING INC.,NULL,NULL,6,UNITED STATES (USA)
7492,4T9059,11978,TATSA INC,NULL,NULL,6,UNITED STATES (USA)
3264,1D9715,11981,"DIAMOND B MANUFACTURING, LLC",NULL,NULL,6,UNITED STATES (USA)
5682,4T9101,11984,"TOTAL E&S, INC.",NULL,NULL,6,UNITED STATES (USA)
6485,LL0,11987,"SANMEN COUNTY YONGFU MACHINE CO., LTD.",NULL,NULL,8,CHINA
6484,1F9441,11988,FLAUNT ELECTRIC VEHICLES,NULL,NULL,6,UNITED STATES (USA)
6483,1F9368,11989,FORDS TRAILER SALES,NULL,NULL,6,UNITED STATES (USA)
6482,1G9507,11991,"GICON PUMPS AND EQUIPMENT, INC.",NULL,NULL,6,UNITED STATES (USA)
6497,4B9038,11992,BYD COACH & BUS LLC,NULL,NULL,6,UNITED STATES (USA)
12662,4B9174,11992,BYD COACH & BUS LLC,NULL,NULL,6,UNITED STATES (USA)
6498,ADC,11994,ECHO ACCESSORIES CC,NULL,NULL,10,SOUTH AFRICA
7920,AA9001,11994,ECHO ACCESSORIES CC,NULL,NULL,10,SOUTH AFRICA
6499,4B9083,11995,"BUY ENTERPRISE ",NULL,NULL,6,UNITED STATES (USA)
6500,1N9347,11997,NEST CARAVANS,NULL,NULL,6,UNITED STATES (USA)
6501,1H9679,11999,HOT ROD FACTORY INC.,NULL,NULL,6,UNITED STATES (USA)
6502,ZNN,12006,ENERGICA MOTOR COMPANY SPA,NULL,NULL,9,ITALY
6504,1Z9490,12011,"QMC CRANES, LLC",NULL,NULL,6,UNITED STATES (USA)
11978,1Z9599,12011,"QMC CRANES, LLC",NULL,NULL,6,UNITED STATES (USA)
6506,1K9351,12016,"KWIK EQUIPMENT SALES, LLC",NULL,NULL,6,UNITED STATES (USA)
13815,7W4,12016,"KWIK EQUIPMENT SALES, LLC",NULL,NULL,NULL,NULL
6508,ZHK,12017,MOVITRON S.R.L.,NULL,NULL,9,ITALY
6509,1M9988,12018,MINNESOTA MANUFACTURING LLC,NULL,NULL,6,UNITED STATES (USA)
6662,1H9672,12019,"HYDRA SERVICE, INC.",NULL,NULL,6,UNITED STATES (USA)
6743,1Z9486,12021,"INDUSTRIAL MACHINE AND KITTING SVCS, LLC",NULL,NULL,6,UNITED STATES (USA)
6511,1M9999,12022,"MARK WIENER WELDING ",NULL,NULL,6,UNITED STATES (USA)
6512,4C9396,12023,CHARLESTON TRAILER LLC,NULL,NULL,6,UNITED STATES (USA)
3931,1A9768,12025,AMERICAN KULTURE ROD AND CYCLE SHOPPE DBA AMERICAN,NULL,NULL,6,UNITED STATES (USA)
3919,1A9771,12026,AMERICAN KULTURE ROD AND CYCLE SHOPPE,NULL,NULL,6,UNITED STATES (USA)
4634,1J9393,12027,JASPER'S HOT RODS LLC,NULL,NULL,6,UNITED STATES (USA)
5117,1R9659,12028,"RULLO CUSTOM CYCLES, LLC",NULL,NULL,6,UNITED STATES (USA)
4551,1N9286,12029,NORTHWOODS TRAILERS LLC,NULL,NULL,6,UNITED STATES (USA)
3929,1J9391,12030,JRL CYCLES LLC.,NULL,NULL,6,UNITED STATES (USA)
2785,5YN,12031,"CRUISE CAR, INC.",NULL,NULL,6,UNITED STATES (USA)
10347,4C9491,12031,"CRUISE CAR, INC.",NULL,NULL,6,UNITED STATES (USA)
3704,4C9194,12032,"CENTRALIA MACHINE & FAB, INC.",NULL,NULL,6,UNITED STATES (USA)
5592,1W9474,12034,"WATERFORD TANK AND FABRICATION, LTD",NULL,NULL,6,UNITED STATES (USA)
5802,1M9836,12037,"MALACH USA, LLP",NULL,NULL,6,UNITED STATES (USA)
2674,1A9816,12038,ACME GROUP LLC,NULL,NULL,6,UNITED STATES (USA)
3206,4C9202,12041,"C W WELDING, LLC",NULL,NULL,6,UNITED STATES (USA)
5853,1Z9026,12042,"ZIERKE BUILT MANUFACTURING, INC.",NULL,NULL,6,UNITED STATES (USA)
5098,1P9632,12043,PROFESSIONAL WELDING CO.,NULL,NULL,6,UNITED STATES (USA)
2742,5LB,12044,"CARGO SOUTH, INC.",NULL,NULL,6,UNITED STATES (USA)
2807,1A9814,12045,ARCIMOTO INC.,NULL,NULL,6,UNITED STATES (USA)
6696,7F7,12045,ARCIMOTO INC.,NULL,NULL,6,UNITED STATES (USA)
5839,LA9ZKD,12047,ZHEJIANG KANGDI VEHICLES CO. LTD.,NULL,NULL,8,CHINA
5888,L5C,12047,ZHEJIANG KANGDI VEHICLES CO. LTD.,NULL,NULL,8,CHINA
3909,1L9419,12051,LIBERTY MOTORS LLC,NULL,NULL,6,UNITED STATES (USA)
4001,1L9437,12055,LITTLE GUYS GROUP LLC,NULL,NULL,6,UNITED STATES (USA)
5566,1T9957,12056,"TRIVAN TRUCK BODYY TEXAS, LLC",NULL,NULL,6,UNITED STATES (USA)
2726,4YN,12057,ANDERSON MANUFACTURING INC.,NULL,NULL,6,UNITED STATES (USA)
3896,1K9289,12058,"KRIPPLE KREEK, LLC",NULL,NULL,6,UNITED STATES (USA)
5061,4S9135,12060,SPECIALTY BUS MANUFACTURING LLC,NULL,NULL,6,UNITED STATES (USA)
4524,1N9288,12064,NORTHLAND MACHINE INC.,NULL,NULL,6,UNITED STATES (USA)
4444,1Z9353,12065,ORCHARD HILL WELDING LLC,NULL,NULL,6,UNITED STATES (USA)
2867,1F9364,12067,FARWEST GOLF DIV. OF FARWEST INDUSTRIES INC.,NULL,NULL,6,UNITED STATES (USA)
2643,1A9822,12068,AMERICAN TRAILER BUILDERS,NULL,NULL,6,UNITED STATES (USA)
3348,1E9456,12069,ELECTRIC MOTORSPORT INC.,NULL,NULL,6,UNITED STATES (USA)
4627,1J9395,12074,"JAMES W. BELL CO, INC.",NULL,NULL,6,UNITED STATES (USA)
4581,L0E,12075,NANCHANG FREEDOM TECHNOLOGY LIMITED COMPANY,NULL,NULL,8,CHINA
3787,1G9397,12077,GEMCO PARK HOMES LLC,NULL,NULL,6,UNITED STATES (USA)
5426,4S9172,12080,SHAVER MANUFACTURING CO.,NULL,NULL,6,UNITED STATES (USA)
3437,1D9385,12081,"DIXIE HITCH, INC.",NULL,NULL,6,UNITED STATES (USA)
3021,4B9015,12084,"BUCKEYE FIRE EQUIPMENT COMPANY ",NULL,NULL,6,UNITED STATES (USA)
3627,1H9620,12085,"HOSS FABRICATORS, LLC",NULL,NULL,6,UNITED STATES (USA)
4502,1P9700,12086,"PARAGON MOTORCYCLES, LLC DBA JANUS MOTORCYCLES",NULL,NULL,6,UNITED STATES (USA)
3399,1A9917,12087,ALLEN FABRICATORS INCORPORATED,NULL,NULL,6,UNITED STATES (USA)
2806,4C9305,12089,CAPONES STREET ROD MOTORCYCLES,NULL,NULL,6,UNITED STATES (USA)
3097,1F9413,12090,"FOUR TURKEYS LLC ",NULL,NULL,6,UNITED STATES (USA)
5534,1W9529,12093,"WAHOO MARINE CONSTRUCTION COMPANY ",NULL,NULL,6,UNITED STATES (USA)
4488,1M9909,12095,MOBILE MEDICAL INTERNATIONAL CORPORATION TRAILER,NULL,NULL,6,UNITED STATES (USA)
3727,1Z9429,12098,INDUSTRIAL MAINTENANCE AND FABRICATING INC.,NULL,NULL,6,UNITED STATES (USA)
3783,55N,12099,INTEGRITY TRAILERS INC.,NULL,NULL,6,UNITED STATES (USA)
3156,1D9721,12100,DYNAMITE MANUFACTURING,NULL,NULL,6,UNITED STATES (USA)
3962,LA9CJC,12103,"CHANGZHOU LANLING SPECIAL VEHICLE MANUFACTURING CO., LTD",NULL,NULL,8,CHINA
3651,1Z9426,12104,INNOVATIVE PRODUCTS INC.,NULL,NULL,6,UNITED STATES (USA)
4755,56B,12106,"PINNACLE MANUFACTURING, LLC",NULL,NULL,6,UNITED STATES (USA)
4577,2P9088,12107,PAR NADO INC.,NULL,NULL,NULL,NULL
3478,1G9445,12108,"GREENLITE TRAILERS, LLC",NULL,NULL,6,UNITED STATES (USA)
3083,56E,12109,"ARMOR LITE TRAILER MFG, LLC",NULL,NULL,6,UNITED STATES (USA)
11454,4A9073,12109,"ARMOR LITE TRAILER MFG, LLC",NULL,NULL,6,UNITED STATES (USA)
13974,1F9402,12111,"FIREVENT, LLC",NULL,NULL,NULL,NULL
2897,1F9264,12112,FAT SOCKS MOTORSPORTS,NULL,NULL,6,UNITED STATES (USA)
5026,1P9705,12113,PRECISION LASER & MFG LLC,NULL,NULL,6,UNITED STATES (USA)
4174,1H9626,12114,HARRIS FABRICATION LLC,NULL,NULL,6,UNITED STATES (USA)
3991,1K9323,12115,"KANDI STEEL LLC ",NULL,NULL,6,UNITED STATES (USA)
4625,1P9696,12117,"PEAK MANUFACTURING, LLC",NULL,NULL,6,UNITED STATES (USA)
3771,1Z9417,12118,"IOWA TRAILER MFR. CO., LLC DBA ITM",NULL,NULL,6,UNITED STATES (USA)
5694,1U9152,12119,URIBE OCHOA DISTRIBUTION LLC,NULL,NULL,6,UNITED STATES (USA)
3601,1G9471,12120,"GAMBLER ENTERPRISES, INC. ",NULL,NULL,6,UNITED STATES (USA)
3235,1A9901,12121,"ALAN RITCHEY INC. ",NULL,NULL,6,UNITED STATES (USA)
4273,1M9931,12122,MID AMERICA DESIGNS LLC,NULL,NULL,6,UNITED STATES (USA)
3641,1H9629,12123,"HP PIPING SOLUTIONS, LLC",NULL,NULL,6,UNITED STATES (USA)
5653,4S9302,12125,STOCK'S GARAGE INC. dba ROCK CITY IRON,NULL,NULL,6,UNITED STATES (USA)
5362,1V9190,12126,VANDERHALL MOTOR WORKS INC,NULL,NULL,6,UNITED STATES (USA)
11610,7KG,12126,VANDERHALL MOTOR WORKS INC,NULL,NULL,6,UNITED STATES (USA)
5108,1R9741,12127,RSSI BARRIERS LLC,NULL,NULL,6,UNITED STATES (USA)
5425,4S9305,12130,"SHARK TRAILERS, LLC",NULL,NULL,6,UNITED STATES (USA)
5032,1J9420,12131,"JETHEAT, LLC",NULL,NULL,6,UNITED STATES (USA)
2622,1A9893,12133,AMERICAN SUPER CYCLE,NULL,NULL,6,UNITED STATES (USA)
5250,4S9286,12134,S&S WORLDWIDE,NULL,NULL,6,UNITED STATES (USA)
3988,1K9327,12136,KEINO CYCLES LLC,NULL,NULL,6,UNITED STATES (USA)
5644,56J,12137,"UNITED TRAILERS, LLC",NULL,NULL,6,UNITED STATES (USA)
12952,7RX,12137,"UNITED TRAILERS, LLC",NULL,NULL,NULL,NULL
3917,1G9475,12139,GENE'S GOLF CARS INC.,NULL,NULL,6,UNITED STATES (USA)
3316,LRY,12142,"CHONGQING GUANGYU MOTORCYCLE MANUFACTURE CO., LTD.",NULL,NULL,8,CHINA
3091,1F9403,12143,FOSS DEVELOPING LLC,NULL,NULL,6,UNITED STATES (USA)
2960,YH4,12144,"FISKER AUTOMOTIVE, INC.",NULL,NULL,NULL,NULL
2961,514,12144,"FISKER AUTOMOTIVE, INC.",NULL,NULL,NULL,NULL
3372,51D,12146,"ECO MOTOR COMPANY, INC.",NULL,NULL,6,UNITED STATES (USA)
3471,1A9837,12147,"AZLAND, INC.",NULL,NULL,6,UNITED STATES (USA)
5798,1Z9358,12148,Z3 SUPPLY LLC,NULL,NULL,6,UNITED STATES (USA)
3233,1B9932,12154,"BLACK BROTHERS EQUIPMENT SALES, INC.",NULL,NULL,6,UNITED STATES (USA)
6513,1G9493,12156,"GATOR MOTO UTILITY VEHICLES & MORE LLC, DBA MOTO ELECTRIC VEHICLES",NULL,NULL,6,UNITED STATES (USA)
6923,1G9417,12156,"GATOR MOTO UTILITY VEHICLES & MORE LLC, DBA MOTO ELECTRIC VEHICLES",NULL,NULL,6,UNITED STATES (USA)
2733,LA8,12157,"ANHUI ANKAI AUTOMOBILE CO., LTD.",NULL,NULL,8,CHINA
3402,1A9836,12158,ALLEY RAT CUSTOM CYCLES LLC,NULL,NULL,6,UNITED STATES (USA)
5727,1W9481,12159,WEST SIDE CHOPPERS,NULL,NULL,6,UNITED STATES (USA)
5599,5UV,12160,TITAN IMPORTS INC. DBA US TITAN INC.,NULL,NULL,6,UNITED STATES (USA)
2768,1E9462,12161,"EYE4DESIGN CONVERSIONS, LLC",NULL,NULL,6,UNITED STATES (USA)
5015,1S9430,12162,"STRUCTURAL METAL FABRICATORS, INC.",NULL,NULL,6,UNITED STATES (USA)
5067,4S9188,12163,"SUNBELT EQUIPMENT MARKETING, INC.",NULL,NULL,6,UNITED STATES (USA)
3830,LAE,12164,JINAN DALONG VEHICLE INDUSTRY CO. LTD. (QINGQI GROUP MOTORCYCLE CO. LTD.),NULL,NULL,8,CHINA
4349,1Z9359,12165,"OLYMPUS TECHNOLOGIES, INC.",NULL,NULL,6,UNITED STATES (USA)
3396,1A9840,12168,ALL STAR TRAILERS,NULL,NULL,6,UNITED STATES (USA)
3930,1J9402,12169,"JRS CUSTOM FABRICATION, INC.",NULL,NULL,6,UNITED STATES (USA)
4478,1M9853,12170,MISSION MOTOR COMPANY,NULL,NULL,6,UNITED STATES (USA)
4090,1L9440,12171,"LONE WOLF CUSTOMS, L.L.C.",NULL,NULL,6,UNITED STATES (USA)
4176,1H9570,12172,"HARRIS WASTE MANAGEMENT GROUP, INC.",NULL,NULL,6,UNITED STATES (USA)
3209,4JU,12173,"C&B QUALITY TRAILER WORKS, INC.",NULL,NULL,6,UNITED STATES (USA)
2908,1G9413,12174,G & G FAB,NULL,NULL,6,UNITED STATES (USA)
2851,1F9371,12175,"FABWELD, INC.",NULL,NULL,6,UNITED STATES (USA)
13392,2C9183,12176,5274398 Manitoba Ltd,NULL,NULL,NULL,NULL
5868,1M9854,12177,MARREL CORPORATION,NULL,NULL,6,UNITED STATES (USA)
5220,4S9200,12178,"S & C TRAILER SALES & MANUFACTURER, LLC",NULL,NULL,6,UNITED STATES (USA)
5355,4T9013,12179,THE HOG FARM,NULL,NULL,6,UNITED STATES (USA)
4230,1N9298,12180,NEXGEN INNOVATIONS LLC,NULL,NULL,6,UNITED STATES (USA)
6023,1E9459,12181,"EVERGREEN OFF ROAD CAMPERS, LLC",NULL,NULL,6,UNITED STATES (USA)
4997,52W,12183,"RED OAK MFG., INC.",NULL,NULL,6,UNITED STATES (USA)
5708,52Z,12186,UTILITYMATE LLC.,NULL,NULL,6,UNITED STATES (USA)
4146,1H9582,12187,LOW SPEED VEHICLES BY HARLINGEN GOLF ALA CART,NULL,NULL,6,UNITED STATES (USA)
3415,1A9854,12189,"ALLIED MANUFACTURING, INC.",NULL,NULL,6,UNITED STATES (USA)
3256,1D9680,12191,"DTP MUSCLE, LLC ",NULL,NULL,6,UNITED STATES (USA)
5247,530,12192,TRAIL ONE LLC,NULL,NULL,6,UNITED STATES (USA)
4160,1L9463,12193,"LOYALTY MOBILE INNOVATIONS, INC.",NULL,NULL,6,UNITED STATES (USA)
5518,531,12194,STEHL TOW,NULL,NULL,6,UNITED STATES (USA)
5112,1P9661,12196,PROGRESS SOLAR SOLUTIONS,NULL,NULL,6,UNITED STATES (USA)
4991,1P9664,12198,PRAIRIE CREEK MFG. LLC,NULL,NULL,6,UNITED STATES (USA)
4593,1N9307,12199,NATIONAL CUSTOMIZED TRAILERS,NULL,NULL,6,UNITED STATES (USA)
4897,1R9692,12200,REBEL CUSTOM TRAILERS,NULL,NULL,6,UNITED STATES (USA)
4158,1H9591,12201,HAPPY TRAILS TRAILERS LLC,NULL,NULL,6,UNITED STATES (USA)
3698,4C9251,12202,CENTRAL MS CUSTOM BUILT TRAILERS,NULL,NULL,6,UNITED STATES (USA)
4690,1P9665,12204,PETERSON TRAILERS,NULL,NULL,6,UNITED STATES (USA)
3448,53J,12205,AVERA MOTORS,NULL,NULL,6,UNITED STATES (USA)
4803,4S9225,12206,SAW MANUFACTURING LLC,NULL,NULL,6,UNITED STATES (USA)
2683,1A9932,12209,AMERICA'S INC.,NULL,NULL,6,UNITED STATES (USA)
4032,4C9317,12211,CHESTER'S BUILT TRAILERS,NULL,NULL,6,UNITED STATES (USA)
4833,1G9474,12213,GK MACHINE INC.,NULL,NULL,6,UNITED STATES (USA)
3493,1H9631,12214,"H & H WELDING, LLC",NULL,NULL,6,UNITED STATES (USA)
4929,1R9742,12215,"RONSON MACHINE & MANUFACTURING, INC.",NULL,NULL,6,UNITED STATES (USA)
4632,1P9708,12216,"PEDAL CRAWLER, LLC",NULL,NULL,6,UNITED STATES (USA)
5795,4S9310,12218,"STREATOR INDUSTRIAL HANDLING, INC. ",NULL,NULL,6,UNITED STATES (USA)
5055,4S9311,12219,SUN TRAILERS LLC,NULL,NULL,6,UNITED STATES (USA)
4220,1H9635,12222,"FORUM US, INC DBA HAWKER WELL WORKS",NULL,NULL,6,UNITED STATES (USA)
4557,1M9618,12223,M.A.C. INC.,NULL,NULL,6,UNITED STATES (USA)
3090,56A,12227,"BIKETOO, INC.",NULL,NULL,6,UNITED STATES (USA)
3751,4B9024,12228,BAY WELDING SERVICES INC.,NULL,NULL,6,UNITED STATES (USA)
4070,1K9330,12230,"KLINGER TRAILER, INC.",NULL,NULL,6,UNITED STATES (USA)
2816,1D9728,12231,"DESCO MFG., INC.",NULL,NULL,6,UNITED STATES (USA)
3281,573,12235,"GRAND DESIGN RV, LLC",NULL,NULL,6,UNITED STATES (USA)
4655,1M9943,12238,MOHAWK VALLEY WELDING & STAINLESS STEEL,NULL,NULL,6,UNITED STATES (USA)
3594,4B9025,12239,BREWER AUTOMOTIVE EQUIPMENT,NULL,NULL,6,UNITED STATES (USA)
6776,1W9576,12243,"WALINGA USA, INC.",NULL,NULL,6,UNITED STATES (USA)
5490,4T9112,12245,TIMBERY LLC,NULL,NULL,6,UNITED STATES (USA)
3755,4C9319,12247,"COHEN METALS GROUP, LLC",NULL,NULL,6,UNITED STATES (USA)
3194,4C9324,12248,"C & J SERVICES & SUPPLIES, INC.",NULL,NULL,6,UNITED STATES (USA)
5695,1U9153,12250,URWAY FABRICATION LLC,NULL,NULL,6,UNITED STATES (USA)
4080,1L9510,12251,LOCATION WATER SYSTEMS LLC,NULL,NULL,6,UNITED STATES (USA)
3115,1E9532,12252,ENDURAPLAS LLC,NULL,NULL,6,UNITED STATES (USA)
5127,1R9744,12257,RVC TRAILERS,NULL,NULL,6,UNITED STATES (USA)
3406,1B9882,12259,BLUERIDGE TRAILERS INC.,NULL,NULL,6,UNITED STATES (USA)
3403,4B9026,12260,BLUERIDGE EXOTIC TRANSPORT LTD,NULL,NULL,6,UNITED STATES (USA)
2657,1A9941,12263,"ABSOLUTE TRAILER SALES, INC.",NULL,NULL,6,UNITED STATES (USA)
5684,1W9527,12264,WOLVERINE TRAILERS LLC,NULL,NULL,6,UNITED STATES (USA)
2659,576,12265,"DELL RAPIDS CUSTOM TRAILERS, INC.",NULL,NULL,6,UNITED STATES (USA)
3654,3A9205,12266,"INGENIERIA Y MAQUINARIA DE GUADALUPE, S.A. DE C.V.",NULL,NULL,12,MEXICO
2984,1F9418,12267,"FLEX TEMP SYSTEMS, LLC",NULL,NULL,6,UNITED STATES (USA)
3046,13N,12268,FONTAINE COMMERCIAL TRAILER INC.,NULL,NULL,6,UNITED STATES (USA)
3047,5TR,12268,FONTAINE COMMERCIAL TRAILER INC.,NULL,NULL,6,UNITED STATES (USA)
14242,57J,12269,FONTAINE Heavy Haul,NULL,NULL,6,UNITED STATES (USA)
3048,5SV,12270,Fontaine Military Products,NULL,NULL,6,UNITED STATES (USA)
3246,5V4,12279,AUTOCAR LLC,NULL,NULL,6,UNITED STATES (USA)
3257,5VC,12279,AUTOCAR LLC,NULL,NULL,6,UNITED STATES (USA)
8801,2B9092,12282,BALLARD POWER SYSTEMS INC,NULL,NULL,6,UNITED STATES (USA)
4047,LHJ,12293,"CHONGQING ASTRONAUTIC BASHAN MOTORCYCLE MANUFACTURING CO., LTD.",NULL,NULL,8,CHINA
3342,LYE,12294,"CHONGQING KAIER MOTORCYCLE MANUFACTURING CO.,",NULL,NULL,8,CHINA
2479,4FV,12307,"DOOSAN BOBCAT NORTH AMERICA, INC.",NULL,NULL,6,UNITED STATES (USA)
10252,1G9300,12314,GOODBRAND ENTERPRISES LLC,NULL,NULL,6,UNITED STATES (USA)
5999,1H9547,12326,HYDE EQUIPMENT COMPANY,NULL,NULL,6,UNITED STATES (USA)
3789,1Z9274,12330,"INTREPID CYCLES, INC.",NULL,NULL,6,UNITED STATES (USA)
3591,1M9596,12353,"MIDWEST MOBILE TECHNOLOGIES,INC.",NULL,NULL,6,UNITED STATES (USA)
10510,1N9192,12354,NEW COVENANT MFG. L.L.C.,NULL,NULL,6,UNITED STATES (USA)
5461,1Z9293,12366,STEELFAB  MFG LLC,NULL,NULL,6,UNITED STATES (USA)
7284,47S,12368,"REDI-HAUL TRAILERS, INC.",NULL,NULL,6,UNITED STATES (USA)
12156,L7Z,12377,"SHANGHAI FU QUAN AUTOMOBILE MANUFACTORY CO., LTD.",NULL,NULL,8,CHINA
10273,1S9801,12381,SKYLIFT,NULL,NULL,6,UNITED STATES (USA)
5062,4S9149,12385,SUNBEAM MOTORSPORTS INC.,NULL,NULL,6,UNITED STATES (USA)
5465,5VB,12392,TIFFIN MOTOR HOMES INC.,NULL,NULL,6,UNITED STATES (USA)
5484,1T9890,12393,TIM NOBLES TRAILERS INC.,NULL,NULL,6,UNITED STATES (USA)
9620,1T9721,12394,TRELAN MANUFACTURING,NULL,NULL,6,UNITED STATES (USA)
9638,5KX,12412,EAST TENNESSEE TRAILERS LLC,NULL,NULL,6,UNITED STATES (USA)
10572,1E9291,12412,EAST TENNESSEE TRAILERS LLC,NULL,NULL,6,UNITED STATES (USA)
10528,5J2,12413,EAST TEXAS LONGHORN TRAILERS LLC,NULL,NULL,6,UNITED STATES (USA)
6077,3E9003,12419,"ENVASES DE ACERO, S.A. DE C.V.",NULL,NULL,12,MEXICO
7083,1E9317,12421,EQUIP MANUFACTURING INC,NULL,NULL,6,UNITED STATES (USA)
7099,1J9277,12423,JANCO ENTERPRISES INC,NULL,NULL,6,UNITED STATES (USA)
10609,1J9299,12424,JANCO TRAILER MANUFACTURING,NULL,NULL,6,UNITED STATES (USA)
9997,1R9426,12425,"S&R MANUFACTURING, INC. DBA RELIANCE TRAILERS",NULL,NULL,6,UNITED STATES (USA)
10977,1E9170,12428,E-Z-TOW FABRICATIONS,NULL,NULL,6,UNITED STATES (USA)
6044,1E9254,12429,"E. BERGMAN COMPANY, INC.",NULL,NULL,6,UNITED STATES (USA)
10916,1E9007,12434,E.D. ETNYRE & CO,NULL,NULL,6,UNITED STATES (USA)
11045,1E9111,12434,E.D. ETNYRE & CO,NULL,NULL,6,UNITED STATES (USA)
9867,1E9265,12437,E.T. SERVICES,NULL,NULL,6,UNITED STATES (USA)
8805,2F9068,12441,G.R.P FIBERGLASS LIMITED,NULL,NULL,6,UNITED STATES (USA)
8806,1X3,12444,"GRUBB TRAILERS, INC.",NULL,NULL,6,UNITED STATES (USA)
7701,1G9088,12445,"GRUMMAN ALLIED INDUSTRIES, INC.",NULL,NULL,6,UNITED STATES (USA)
6971,1GX,12446,GRUMMAN OLSON INDUSTRIES INC.,NULL,NULL,6,UNITED STATES (USA)
6987,1GW,12446,GRUMMAN OLSON INDUSTRIES INC.,NULL,NULL,6,UNITED STATES (USA)
6075,1G9323,12447,GRUMPYS CUSTOM MOTORCYCLES INC.,NULL,NULL,6,UNITED STATES (USA)
10029,1G9270,12448,"GT MFG., INC",NULL,NULL,6,UNITED STATES (USA)
10059,1H9381,12454,HORST ROAD REPAIR LLC,NULL,NULL,6,UNITED STATES (USA)
8807,1H9337,12455,"HORTON HOMES, INC.",NULL,NULL,6,UNITED STATES (USA)
9923,7A9024,12456,HOSKING TRAILERS LIMITED,NULL,NULL,56,NEW ZEALAND
11319,4PF,12458,HOSS CUSTOM TRAILERS,NULL,NULL,6,UNITED STATES (USA)
7093,1H9443,12459,"HOST INDUSTRIES, INC.",NULL,NULL,6,UNITED STATES (USA)
10475,1H9433,12460,HOT CARTS INC,NULL,NULL,6,UNITED STATES (USA)
10553,1H9431,12461,HOT SPRINGS PERFORMANCE TRAILERS,NULL,NULL,6,UNITED STATES (USA)
10604,1H9446,12464,HOUSE OF CHOPPERZ,NULL,NULL,6,UNITED STATES (USA)
6114,1H9194,12465,HOWE BROTHERS INC.,NULL,NULL,6,UNITED STATES (USA)
12678,10H,12469,"HUDSON BROTHERS TRAILER MFG., INC.",NULL,NULL,6,UNITED STATES (USA)
10507,1H9411,12472,HUESMAN ENTERPRISES INC,NULL,NULL,6,UNITED STATES (USA)
7505,4HV,12473,HUGHES SPRINGS CUSTOM TRAILERS,NULL,NULL,6,UNITED STATES (USA)
11058,1D9183,12476,DAKOTA CORPORATION,NULL,NULL,6,UNITED STATES (USA)
10646,1D9490,12477,"DAKOTA LITEHOUSE, LLC",NULL,NULL,6,UNITED STATES (USA)
3069,56N,12481,FORTUNESPORT,NULL,NULL,6,UNITED STATES (USA)
8810,4EU,12483,FOUR WINDS INTERNATIONAL,NULL,NULL,6,UNITED STATES (USA)
3109,5DE,12488,FOX TRAILERS INC,NULL,NULL,6,UNITED STATES (USA)
7095,1Z9201,12489,INTEGRITY TRAILERS,NULL,NULL,6,UNITED STATES (USA)
8812,1Z9075,12495,INTERNATIONAL EQUIPMENT MFG. CO.,NULL,NULL,6,UNITED STATES (USA)
6151,1T9AAA,12499,INTERNATIONAL STRUCTURES L.L.C.,NULL,NULL,6,UNITED STATES (USA)
6934,LTS,12502,"INTERNATIONAL TRANSIT SYSTEMS, LTD.",NULL,NULL,6,UNITED STATES (USA)
6962,14K,12507,INTERSTATE MANUFACTURING CO,NULL,NULL,6,UNITED STATES (USA)
9171,1M9041,12507,INTERSTATE MANUFACTURING CO,NULL,NULL,6,UNITED STATES (USA)
3786,1Z9104,12509,INTERSTATE TRAILERS,NULL,NULL,6,UNITED STATES (USA)
8525,1Z9042,12512,INVADER COACH MANUFACTURING INC.,NULL,NULL,6,UNITED STATES (USA)
3479,1G9233,12513,"GULL WING INDUSTRIES, INC.",NULL,NULL,6,UNITED STATES (USA)
8528,1G9231,12514,"GULLWING INTERNATIONAL MOTORS, LTD.",NULL,NULL,6,UNITED STATES (USA)
10621,1A9629,12520,"AAD WELDING, INC.",NULL,NULL,6,UNITED STATES (USA)
9321,1A9516,12521,"AAPEX TRAILERS, INC.",NULL,NULL,6,UNITED STATES (USA)
9342,1A9536,12522,AAR WELDING INC,NULL,NULL,6,UNITED STATES (USA)
5885,1A9513,12530,AMERICAN STEEL V-TWIN,NULL,NULL,6,UNITED STATES (USA)
6020,1E9242,12532,"EQUIQUEST HORSE TRAILERS, INC.",NULL,NULL,6,UNITED STATES (USA)
3268,1E9123,12539,"ERSKINE & SON'S , INC",NULL,NULL,6,UNITED STATES (USA)
6021,1E9253,12539,"ERSKINE & SON'S , INC",NULL,NULL,6,UNITED STATES (USA)
9686,5F5,12541,ESARATI ELECTRIC TECHNOLOGIES CORP.,NULL,NULL,6,UNITED STATES (USA)
2766,1E9222,12545,ESCOBAR TRUCK EQUIPMENT CORP.,NULL,NULL,6,UNITED STATES (USA)
6938,405,12546,ESCORT TRAILER CORPORATION,NULL,NULL,6,UNITED STATES (USA)
10493,1H9432,12549,HEAVY HAULER TRUCKS AND EQUIPMENT,NULL,NULL,6,UNITED STATES (USA)
9996,2HZ,12557,HUNTER TECHNOLOGY INC.,NULL,NULL,1,CANADA
7509,1H9246,12558,"HURD'S CUSTOM MACHINERY, INC.",NULL,NULL,6,UNITED STATES (USA)
10624,1H9057,12560,HURST TRAILERS,NULL,NULL,6,UNITED STATES (USA)
10518,1B9580,12561,"BELL MACHINE & FABRICATION, INC.",NULL,NULL,6,UNITED STATES (USA)
8529,1B9472,12564,"BELL POWER SYSTEMS, INC.",NULL,NULL,6,UNITED STATES (USA)
2698,1B9657,12565,BELMONT MACHINE,NULL,NULL,6,UNITED STATES (USA)
10561,1B9633,12573,BENNETT ENTERPRISES,NULL,NULL,6,UNITED STATES (USA)
8484,1B9705,12576,BENTECH INDUSTRIES,NULL,NULL,6,UNITED STATES (USA)
9554,1B9638,12578,BENTLEY INDUSTRIES LLC,NULL,NULL,6,UNITED STATES (USA)
9431,5BT,12585,BERING TRUCK CORPORATION,NULL,NULL,6,UNITED STATES (USA)
8490,1C9920,12589,"CLEVELAND T-TRIKE MANUFACTURING, INC.",NULL,NULL,6,UNITED STATES (USA)
9399,1C9870,12589,"CLEVELAND T-TRIKE MANUFACTURING, INC.",NULL,NULL,6,UNITED STATES (USA)
6514,1C9873,12590,"CLIFF'S WELDING SERVICE, INC.",NULL,NULL,6,UNITED STATES (USA)
8493,1C9912,12591,"CLIFF'S WELDING SERVICE, LLC",NULL,NULL,6,UNITED STATES (USA)
9559,1H9370,12596,HAMPTON AMUSEMENT RIDES LLC,NULL,NULL,6,UNITED STATES (USA)
10556,1H9364,12597,HAN-MADE MANUFACTURING L.L.C.,NULL,NULL,6,UNITED STATES (USA)
10117,1F9242,12598,FIBER PULLING EQUIPMENT INC,NULL,NULL,6,UNITED STATES (USA)
7096,VNE,12600,IRISBUS FRANCE,NULL,NULL,11,FRANCE
6131,5L6,12604,"EAGLE IRON TRAILERS, INC.",NULL,NULL,6,UNITED STATES (USA)
9640,1B9706,12606,BOOTH SPECIALTY MANUFACTURING,NULL,NULL,6,UNITED STATES (USA)
7702,1B9073,12608,CHARLES P. SIEBERT,NULL,NULL,6,UNITED STATES (USA)
3482,1B9285,12610,BOSS HOSS CYCLES LLC,NULL,NULL,6,UNITED STATES (USA)
10846,4B9177,12610,BOSS HOSS CYCLES LLC,NULL,NULL,6,UNITED STATES (USA)
8532,1B9308,12611,BOSTON STEEL & MFG. CO.,NULL,NULL,6,UNITED STATES (USA)
8534,1B9508,12613,"BOULDING & LAWSON, INC.",NULL,NULL,6,UNITED STATES (USA)
5915,1B9528,12614,BOVINE PEDICURE INDUSTRIES,NULL,NULL,6,UNITED STATES (USA)
9259,1B9486,12616,"BOWMAN MANUFACTURING COMPANY, INC.",NULL,NULL,6,UNITED STATES (USA)
8537,1B9491,12617,BOXED UTILITY TRAILER TECHNOLOGIES,NULL,NULL,6,UNITED STATES (USA)
3567,1B9275,12618,BOYDSTUN METAL WORKS,NULL,NULL,6,UNITED STATES (USA)
8539,1B9259,12621,BRADFORD BUILT INC,NULL,NULL,6,UNITED STATES (USA)
14480,2BY,12627,BRANDT INDUSTRIES CANADA LTD.,NULL,NULL,1,CANADA
4699,1H9594,12632,HI-TECH EMERGENCY VEHICLE SERVICE INC.,NULL,NULL,6,UNITED STATES (USA)
8981,2H9048,12633,HI-TECH FABRICATORS INC,NULL,NULL,1,CANADA
10863,1H9242,12642,HICKLIN ENGINEERING,NULL,NULL,6,UNITED STATES (USA)
8545,1H9295,12644,HIDDENITE METAL PRODUCTS INC,NULL,NULL,6,UNITED STATES (USA)
10248,1D9ADA,12646,HIDE-A-WAY,NULL,NULL,6,UNITED STATES (USA)
8505,1H9445,12647,"HIGH COUNTRY ALUMINUM PRODUCTS, LLC.",NULL,NULL,6,UNITED STATES (USA)
8546,1H9336,12648,"HIGH COUNTRY DEVELOPERS, INC.",NULL,NULL,6,UNITED STATES (USA)
6102,1H9449,12651,"HIGH TORQUE MARINE, INC.",NULL,NULL,6,UNITED STATES (USA)
10519,2B9064,12656,BERKELMANS WELDING AND MFG INC,NULL,NULL,1,CANADA
7049,1C9837,12662,CENTRAL PARTS WELDING LLC,NULL,NULL,6,UNITED STATES (USA)
9989,5CN,12666,CENTRAL TRAILER CORP.,NULL,NULL,6,UNITED STATES (USA)
10116,2C9161,12669,COURTNEY BERG INDUSTRIES LTD,NULL,NULL,1,CANADA
10968,1E9169,12676,E-Z PULL INC,NULL,NULL,6,UNITED STATES (USA)
10063,1E9278,12677,E-Z PULL TRAILER MFG. & SALES,NULL,NULL,6,UNITED STATES (USA)
8547,5AR,12678,E-Z PULL TRAILERS LLC,NULL,NULL,6,UNITED STATES (USA)
9938,1B9576,12685,BALES EQUIPMENT TRAILERS L.L.C.,NULL,NULL,6,UNITED STATES (USA)
9365,1B9549,12687,"BALTIC INDUSTRIES, INC.",NULL,NULL,6,UNITED STATES (USA)
9811,1B9257,12689,BANDY TRAILERS,NULL,NULL,6,UNITED STATES (USA)
7222,1MW,12698,"COACHMEN INDUSTRIES, INC.",NULL,NULL,6,UNITED STATES (USA)
7226,1TE,12698,"COACHMEN INDUSTRIES, INC.",NULL,NULL,6,UNITED STATES (USA)
7227,1TX,12698,"COACHMEN INDUSTRIES, INC.",NULL,NULL,6,UNITED STATES (USA)
11738,1TJ,12698,"COACHMEN INDUSTRIES, INC.",NULL,NULL,6,UNITED STATES (USA)
3712,5RS,12703,"COASTAL  METAL FAB, INC.",NULL,NULL,6,UNITED STATES (USA)
3218,1E9478,12708,"BIGSON II, LLC dba Equipment Service",NULL,NULL,6,UNITED STATES (USA)
10614,1T9779,12710,CRARY A DIV OF TERRAMARC INDUSTRIES INC.,NULL,NULL,6,UNITED STATES (USA)
5967,1C9844,12711,"CREATE A CUSTOM CYCLE, LLC",NULL,NULL,6,UNITED STATES (USA)
5968,1C9910,12712,CREATIVE CUSTOM MANUFACTURING,NULL,NULL,6,UNITED STATES (USA)
5969,1C9915,12713,CREATIVE CYCLES INC.,NULL,NULL,6,UNITED STATES (USA)
8550,1C9627,12716,CREEK HILL WELDING,NULL,NULL,6,UNITED STATES (USA)
10511,1C9894,12717,CREEKSIDE WELDING & JAMAR TRAILERS,NULL,NULL,6,UNITED STATES (USA)
5971,1C9762,12727,"INNOVATIVE CONTROL, LLC DBA CRIMINALISTICS, INC.",NULL,NULL,6,UNITED STATES (USA)
8553,1C9685,12729,"CROFT TRAILER SUPPLY, INC",NULL,NULL,6,UNITED STATES (USA)
5972,1C9769,12731,"CROSLEY TRAILERS, INC.",NULL,NULL,6,UNITED STATES (USA)
10448,1C9853,12734,"CROSS LANDER OF NORTH AMERICA, INC.",NULL,NULL,6,UNITED STATES (USA)
4787,5LV,12741,"HOLMES ENTERPRISES, INC.",NULL,NULL,6,UNITED STATES (USA)
10693,1H9415,12741,"HOLMES ENTERPRISES, INC.",NULL,NULL,6,UNITED STATES (USA)
7235,1HN,12743,"HOLSCLAW BROS., INC.",NULL,NULL,6,UNITED STATES (USA)
9973,1H9379,12744,HOLT SALES AND SERVICE,NULL,NULL,6,UNITED STATES (USA)
3596,4C0,12746,"HOLT TRAILER MFG. & SALES, LLC",NULL,NULL,6,UNITED STATES (USA)
9987,1H9380,12752,HOME MANUFACTURING,NULL,NULL,6,UNITED STATES (USA)
8561,1H9317,12753,HOMECO MANUFACTURED HOUSING,NULL,NULL,6,UNITED STATES (USA)
3517,5HA,12754,HOMESTEADER LLC,NULL,NULL,6,UNITED STATES (USA)
6926,1B9704,12756,BAD ASS CHOPPERS,NULL,NULL,6,UNITED STATES (USA)
8564,1NB,12771,HOG HAULER INC,NULL,NULL,6,UNITED STATES (USA)
11228,1S9486,12772,HOG WILD TRAILER COMPANY,NULL,NULL,6,UNITED STATES (USA)
8565,1E9217,12775,"EASTERN, INC.",NULL,NULL,6,UNITED STATES (USA)
10260,1E9315,12776,EASTMOND TRAILER COMPANY,NULL,NULL,6,UNITED STATES (USA)
6984,1E9058,12779,"EASY TIME TRAILERS, INC.",NULL,NULL,6,UNITED STATES (USA)
9986,1A9545,12784,AVESCO WELDING & FABRICATION,NULL,NULL,6,UNITED STATES (USA)
8914,1A9285,12792,AZIMUTH INC.,NULL,NULL,6,UNITED STATES (USA)
9603,1B9564,12796,B & B ENTERPRISES,NULL,NULL,6,UNITED STATES (USA)
9870,1B9573,12797,B & B FABRICATORS,NULL,NULL,6,UNITED STATES (USA)
9153,1B9212,12799,B & B TRAILERS,NULL,NULL,6,UNITED STATES (USA)
10961,1B9363,12800,B & E TRAILER SALES INC,NULL,NULL,6,UNITED STATES (USA)
11196,1B9311,12801,B & G SUPPLY,NULL,NULL,6,UNITED STATES (USA)
10947,1B9327,12802,B & L TRAILER MANUFACTURER,NULL,NULL,6,UNITED STATES (USA)
9420,1C9793,12805,COLLINS TRAILERS,NULL,NULL,6,UNITED STATES (USA)
8566,1E9149,12813,"ETHER ENTERPRISES, INC.",NULL,NULL,6,UNITED STATES (USA)
8569,1E9190,12814,ETI ELECTRIC TRANSIT INC,NULL,NULL,6,UNITED STATES (USA)
10271,1E9293,12818,EURO-LINER LLC,NULL,NULL,6,UNITED STATES (USA)
10645,RF8,12828,"EVT TECHNOLOGY CO., LTD.",NULL,NULL,4,TAIWAN
7502,1H9014,12831,HUGHES TRAILER WORKS,NULL,NULL,6,UNITED STATES (USA)
11068,1C9576,12840,CAMPBELL & KELLY INC,NULL,NULL,6,UNITED STATES (USA)
8903,1C9503,12843,"CEI MANUFACTURING ",NULL,NULL,6,UNITED STATES (USA)
10033,2C9086,12845,CANCADE COMPANY LIMITED,NULL,NULL,6,UNITED STATES (USA)
9531,3AB,12850,DINA AUTOBUSES,NULL,NULL,12,MEXICO
8570,1D9234,12852,DIRECT SALES,NULL,NULL,6,UNITED STATES (USA)
3485,1DS,12855,CHARLES MACHINE WORKS,NULL,NULL,6,UNITED STATES (USA)
6997,1D9075,12856,DIVELY MFG CO INC,NULL,NULL,6,UNITED STATES (USA)
7066,44X,12856,DIVELY MFG CO INC,NULL,NULL,6,UNITED STATES (USA)
9943,1D9434,12860,DIVERSIFIED SERVICE,NULL,NULL,6,UNITED STATES (USA)
8571,1U0,12861,"Diversified Truck & Trailer, Inc. ",NULL,NULL,6,UNITED STATES (USA)
9496,1D9482,12866,DIXON TRAILERS & FABRICATION LLC,NULL,NULL,6,UNITED STATES (USA)
9410,1D9457,12869,DMC FIVE STAR TRAILERS,NULL,NULL,6,UNITED STATES (USA)
10497,1D9442,12870,DMC INC,NULL,NULL,6,UNITED STATES (USA)
8875,4DG,12871,DNA ENTERPRISES INC,NULL,NULL,6,UNITED STATES (USA)
3533,1D9571,12872,DNA SPECIALTY INC.,NULL,NULL,6,UNITED STATES (USA)
8572,1G9238,12874,"GIDDINGS MACHINE COMPANY, INC.",NULL,NULL,6,UNITED STATES (USA)
11096,1P9446,12875,GILCREST EQUIPMENT CO,NULL,NULL,6,UNITED STATES (USA)
6049,5L0,12877,"GILES RV, LLC.",NULL,NULL,6,UNITED STATES (USA)
10933,1G9178,12878,GILLESPIE WELDING AND FABRICATION,NULL,NULL,6,UNITED STATES (USA)
10434,1G9281,12887,GIVCO CUSTOM TRAILERS,NULL,NULL,6,UNITED STATES (USA)
7088,1G9298,12890,"GLADIATOR CUSTOM TRAILERS, INC.",NULL,NULL,6,UNITED STATES (USA)
9648,5MN,12890,"GLADIATOR CUSTOM TRAILERS, INC.",NULL,NULL,6,UNITED STATES (USA)
8574,1G9222,12898,GLIDEWELL TRAILER SALES,NULL,NULL,6,UNITED STATES (USA)
8502,LN2,12900,"GLOBAL FACTORY PRODUCTS, INC",NULL,NULL,6,UNITED STATES (USA)
4261,KLA,12902,GM DAEWOO AUTO & TECHNOLOGY COMPANY,NULL,NULL,15,SOUTH KOREA
9785,1G9188,12904,"GMR ENTERPRISES, INC",NULL,NULL,6,UNITED STATES (USA)
9374,1C9810,12909,CRYOGENIC VESSEL ALTERNATIVES (CVA),NULL,NULL,6,UNITED STATES (USA)
13781,1F9236,12920,"FISK TANK CARRIER, INC.",NULL,NULL,NULL,NULL
8575,1F9192,12924,FLAC INDUSTRIES INC.,NULL,NULL,6,UNITED STATES (USA)
8577,1F9187,12930,"FLEET AIR WORLDWIDE, INC.",NULL,NULL,6,UNITED STATES (USA)
6958,1LX,12933,FLEETWING TRAVELER INC.,NULL,NULL,6,UNITED STATES (USA)
11446,1EL,12936,"FLEETWOOD ENTERPRISES, INC.",NULL,NULL,6,UNITED STATES (USA)
11447,2EL,12936,"FLEETWOOD ENTERPRISES, INC.",NULL,NULL,1,CANADA
7547,2EK,12936,"FLEETWOOD ENTERPRISES, INC.",NULL,NULL,1,CANADA
8579,5FA,12936,"FLEETWOOD ENTERPRISES, INC.",NULL,NULL,6,UNITED STATES (USA)
8580,5FB,12936,"FLEETWOOD ENTERPRISES, INC.",NULL,NULL,6,UNITED STATES (USA)
11444,1EM,12936,"FLEETWOOD ENTERPRISES, INC.",NULL,NULL,6,UNITED STATES (USA)
11445,2EM,12936,"FLEETWOOD ENTERPRISES, INC.",NULL,NULL,1,CANADA
7541,2EG,12936,"FLEETWOOD ENTERPRISES, INC.",NULL,NULL,1,CANADA
7542,1EH,12936,"FLEETWOOD ENTERPRISES, INC.",NULL,NULL,6,UNITED STATES (USA)
7543,2EH,12936,"FLEETWOOD ENTERPRISES, INC.",NULL,NULL,1,CANADA
7544,1EJ,12936,"FLEETWOOD ENTERPRISES, INC.",NULL,NULL,6,UNITED STATES (USA)
7545,2EJ,12936,"FLEETWOOD ENTERPRISES, INC.",NULL,NULL,1,CANADA
7546,1EK,12936,"FLEETWOOD ENTERPRISES, INC.",NULL,NULL,6,UNITED STATES (USA)
7535,2ED,12936,"FLEETWOOD ENTERPRISES, INC.",NULL,NULL,1,CANADA
7536,1EE,12936,"FLEETWOOD ENTERPRISES, INC.",NULL,NULL,6,UNITED STATES (USA)
7537,2EE,12936,"FLEETWOOD ENTERPRISES, INC.",NULL,NULL,1,CANADA
7538,1EF,12936,"FLEETWOOD ENTERPRISES, INC.",NULL,NULL,6,UNITED STATES (USA)
7539,2EF,12936,"FLEETWOOD ENTERPRISES, INC.",NULL,NULL,1,CANADA
7540,1EG,12936,"FLEETWOOD ENTERPRISES, INC.",NULL,NULL,6,UNITED STATES (USA)
6515,3EB,12936,"FLEETWOOD ENTERPRISES, INC.",NULL,NULL,6,UNITED STATES (USA)
7530,1EA,12936,"FLEETWOOD ENTERPRISES, INC.",NULL,NULL,6,UNITED STATES (USA)
7531,2EA,12936,"FLEETWOOD ENTERPRISES, INC.",NULL,NULL,1,CANADA
7532,1EC,12936,"FLEETWOOD ENTERPRISES, INC.",NULL,NULL,6,UNITED STATES (USA)
7533,2EC,12936,"FLEETWOOD ENTERPRISES, INC.",NULL,NULL,1,CANADA
7534,1ED,12936,"FLEETWOOD ENTERPRISES, INC.",NULL,NULL,6,UNITED STATES (USA)
7512,4CA,12937,"FLEETWOOD FOLDING TRAILER, INC.",NULL,NULL,6,UNITED STATES (USA)
7513,4CB,12937,"FLEETWOOD FOLDING TRAILER, INC.",NULL,NULL,6,UNITED STATES (USA)
7514,4CC,12937,"FLEETWOOD FOLDING TRAILER, INC.",NULL,NULL,6,UNITED STATES (USA)
7515,4CE,12937,"FLEETWOOD FOLDING TRAILER, INC.",NULL,NULL,6,UNITED STATES (USA)
7528,4CY,12937,"FLEETWOOD FOLDING TRAILER, INC.",NULL,NULL,6,UNITED STATES (USA)
8867,1EB,12937,"FLEETWOOD FOLDING TRAILER, INC.",NULL,NULL,6,UNITED STATES (USA)
7522,4CP,12937,"FLEETWOOD FOLDING TRAILER, INC.",NULL,NULL,6,UNITED STATES (USA)
7523,4CT,12937,"FLEETWOOD FOLDING TRAILER, INC.",NULL,NULL,6,UNITED STATES (USA)
7524,4CU,12937,"FLEETWOOD FOLDING TRAILER, INC.",NULL,NULL,6,UNITED STATES (USA)
7525,4CV,12937,"FLEETWOOD FOLDING TRAILER, INC.",NULL,NULL,6,UNITED STATES (USA)
7526,4CW,12937,"FLEETWOOD FOLDING TRAILER, INC.",NULL,NULL,6,UNITED STATES (USA)
7527,4CX,12937,"FLEETWOOD FOLDING TRAILER, INC.",NULL,NULL,6,UNITED STATES (USA)
7516,4CF,12937,"FLEETWOOD FOLDING TRAILER, INC.",NULL,NULL,6,UNITED STATES (USA)
7517,4CJ,12937,"FLEETWOOD FOLDING TRAILER, INC.",NULL,NULL,6,UNITED STATES (USA)
7518,4CK,12937,"FLEETWOOD FOLDING TRAILER, INC.",NULL,NULL,6,UNITED STATES (USA)
7519,4CL,12937,"FLEETWOOD FOLDING TRAILER, INC.",NULL,NULL,6,UNITED STATES (USA)
7520,4CM,12937,"FLEETWOOD FOLDING TRAILER, INC.",NULL,NULL,6,UNITED STATES (USA)
7521,4CN,12937,"FLEETWOOD FOLDING TRAILER, INC.",NULL,NULL,6,UNITED STATES (USA)
9846,1F9143,12944,FUN SLIDES INC,NULL,NULL,6,UNITED STATES (USA)
9857,1F9212,12945,"FUN TECH INDUSTRIES, INC.",NULL,NULL,6,UNITED STATES (USA)
10219,1F9224,12946,FUNTEC INC,NULL,NULL,6,UNITED STATES (USA)
8582,1F9170,12948,FUTURE HOME TECHNOLOGY,NULL,NULL,6,UNITED STATES (USA)
8584,1F9190,12955,FYRBERG WELDING,NULL,NULL,6,UNITED STATES (USA)
6069,1G9262,12956,"G & C, INC.",NULL,NULL,6,UNITED STATES (USA)
10451,1C9859,12965,COWBOY FABRICATION CO,NULL,NULL,6,UNITED STATES (USA)
10436,1G9295,12968,G.W. FABRICATION L.L.C.,NULL,NULL,6,UNITED STATES (USA)
2937,1G9420,12971,GABILAN WELDING INC.,NULL,NULL,6,UNITED STATES (USA)
9468,1T9753,12973,GALAXY TRAILER MFG,NULL,NULL,6,UNITED STATES (USA)
6130,1Z9141,12974,IRON EAGLE MOTORCYCLES,NULL,NULL,6,UNITED STATES (USA)
9831,1Z9011,12976,IRON MAN WELDING,NULL,NULL,6,UNITED STATES (USA)
8585,1J9120,12977,J&M FABRICATION,NULL,NULL,6,UNITED STATES (USA)
9592,1J9244,12980,J & S CONTRACTORS,NULL,NULL,6,UNITED STATES (USA)
6135,1J9291,12982,J & W FABRICATION,NULL,NULL,6,UNITED STATES (USA)
7942,1H9334,12983,"HANG TIME, INC.",NULL,NULL,6,UNITED STATES (USA)
10962,1H9253,12986,HANNIGAN FAIRING CO LTD,NULL,NULL,6,UNITED STATES (USA)
9403,2C9075,12994,COMPTANK CORPORATION,NULL,NULL,1,CANADA
11326,48L,12995,"COMPUTER DESIGNED CHASSIS, INC.",NULL,NULL,6,UNITED STATES (USA)
10281,1E9298,12996,"Peterbilt of Cleveland, Inc. dba Express Truck Repair",NULL,NULL,6,UNITED STATES (USA)
10286,1E9299,12996,"Peterbilt of Cleveland, Inc. dba Express Truck Repair",NULL,NULL,6,UNITED STATES (USA)
2756,1E9064,12997,"EXPRESS WELDING, INC. (FORMERLY EXPRESS WELDING, EXPRESS WELDING CO.)",NULL,NULL,6,UNITED STATES (USA)
7396,1E9330,12998,EXTREME CLASSIC TRAILERS INC,NULL,NULL,6,UNITED STATES (USA)
9681,5DB,13000,"EXTREME ENGINEERING ",NULL,NULL,6,UNITED STATES (USA)
9844,1E9335,13002,EXTREME WELDING,NULL,NULL,6,UNITED STATES (USA)
7416,1E9320,13005,"EZ DRAW TRAILERS, INC",NULL,NULL,6,UNITED STATES (USA)
7228,1L8,13008,EZ LOADER CUSTOM BOAT TRAILERS INC.,NULL,NULL,6,UNITED STATES (USA)
9292,4LF,13015,FONTAINE SPECIALIZED,NULL,NULL,6,UNITED STATES (USA)
7024,1F9017,13016,FONTAINE TRUCK EQUIPMENT CO.,NULL,NULL,6,UNITED STATES (USA)
8907,1F9081,13017,FORCE MANUFACTURING,NULL,NULL,6,UNITED STATES (USA)
10531,1B9644,13027,BADGER UTILITY INC,NULL,NULL,6,UNITED STATES (USA)
10132,1B9613,13029,BAGLEY INC,NULL,NULL,6,UNITED STATES (USA)
10333,1B9651,13032,BAILLIE DIESEL INC,NULL,NULL,6,UNITED STATES (USA)
7944,3B9001,13033,BAJA STEEL INC.,NULL,NULL,6,UNITED STATES (USA)
5966,MD2,13034,BAJAJ AUTO LTD,NULL,NULL,36,INDIA
7971,1H9312,13043,HYMER MANUFACTURING INC.,NULL,NULL,6,UNITED STATES (USA)
9933,1B9650,13044,BLOCKBUSTER INC.,NULL,NULL,6,UNITED STATES (USA)
6081,1B9511,13045,"BLOOMER TRAILER MFG., INC.",NULL,NULL,6,UNITED STATES (USA)
7972,1B9509,13046,"BLOOMFIELD CUSTOM FABRICATION, INC.",NULL,NULL,6,UNITED STATES (USA)
3344,1B9607,13048,BLUE COYOTE CO,NULL,NULL,6,UNITED STATES (USA)
5909,1B9541,13050,"BLUE LAKE INDUSTRIES, INC.",NULL,NULL,6,UNITED STATES (USA)
9568,1B9560,13051,BLUE RIDGE MANUFACTURING,NULL,NULL,6,UNITED STATES (USA)
9417,1B9635,13053,BLUE STREAK WELDING,NULL,NULL,6,UNITED STATES (USA)
7037,1B9678,13054,BLUE THUNDER CUSTOM MOTORCYCLES INC,NULL,NULL,6,UNITED STATES (USA)
9435,1B9595,13055,BLUEGRASS INDUSTRIES INC,NULL,NULL,6,UNITED STATES (USA)
9373,1B9601,13056,BLUEGRASS TANK & EQUIPMENT INC,NULL,NULL,6,UNITED STATES (USA)
5910,1B9668,13058,BLUELINE MANUFACTURING COMPANY,NULL,NULL,6,UNITED STATES (USA)
9358,1B9653,13059,BLUERIDGE TRAILER,NULL,NULL,6,UNITED STATES (USA)
5911,1B9565,13062,BMC MOTORCYCLE CO.,NULL,NULL,6,UNITED STATES (USA)
10290,1B9623,13064,BMF TRAILER WORKS LLC,NULL,NULL,6,UNITED STATES (USA)
9813,1B9258,13065,BO MANUFACTURING,NULL,NULL,6,UNITED STATES (USA)
7973,1T9546,13066,"BOA-MACK, INC.",NULL,NULL,6,UNITED STATES (USA)
3405,5A7,13068,"BOATMATE TRAILERS, INC.",NULL,NULL,6,UNITED STATES (USA)
5912,1B9542,13070,BOB BOERSMA CO.,NULL,NULL,6,UNITED STATES (USA)
9977,1B9582,13071,BOB GERENA FABRICATING INC.,NULL,NULL,6,UNITED STATES (USA)
10046,1A9533,13073,ADVANCED DIRECTIONAL DRILLING SYS. INC.,NULL,NULL,6,UNITED STATES (USA)
9608,1A9524,13074,"ADVANCED MANUFACTURING & POWER SYSTEMS, INC.",NULL,NULL,6,UNITED STATES (USA)
10054,1A9542,13075,ADVANCED METALCRAFT & CO.,NULL,NULL,6,UNITED STATES (USA)
10577,1A9566,13078,ADVANCED TRAILER SERVICE INC,NULL,NULL,6,UNITED STATES (USA)
9911,1A9525,13079,ADVANCED TRAILER SYSTEMS,NULL,NULL,6,UNITED STATES (USA)
6779,KLM,13081,ADVANCED TRANSPORTATION TECHNOLOGY R&D CO.,NULL,NULL,15,SOUTH KOREA
6738,1A9593,13089,AEC ENTERPRISES INC,NULL,NULL,6,UNITED STATES (USA)
9204,1A9393,13093,AEROGLAS,NULL,NULL,6,UNITED STATES (USA)
10687,1A9480,13095,AEROSWINT TRAILERS,NULL,NULL,6,UNITED STATES (USA)
7974,1A9457,13096,"AG SPRAY EQUIPMENT, INC.",NULL,NULL,6,UNITED STATES (USA)
7975,1A9275,13097,AGRI DRAIN CORPORATION,NULL,NULL,6,UNITED STATES (USA)
7976,1A9332,13098,AGRICULTURAL BELT SERVICE,NULL,NULL,6,UNITED STATES (USA)
10468,1A9611,13100,AGVANTAGE MANUFACTURING CORP.,NULL,NULL,6,UNITED STATES (USA)
3024,5JP,13101,"CAM SUPERLINE, INC.",NULL,NULL,6,UNITED STATES (USA)
3025,5ZC,13101,"CAM SUPERLINE, INC.",NULL,NULL,6,UNITED STATES (USA)
7977,W09R09,13107,AMPHI-RANGER-FAHRZEUG GMBH,NULL,NULL,2,GERMANY
10695,5HK,13108,AMPHIBIAN BOAT TRAILERS INC,NULL,NULL,6,UNITED STATES (USA)
7979,1A9462,13114,ANDERSON REPAIR,NULL,NULL,6,UNITED STATES (USA)
10149,1A9558,13117,ANDY'S WELDING,NULL,NULL,6,UNITED STATES (USA)
10746,1A9200,13125,AUTOMATED WASTE EQUIPMENT CO INC,NULL,NULL,6,UNITED STATES (USA)
7438,12A,13131,AVANTI MOTOR CORPORATION,NULL,NULL,6,UNITED STATES (USA)
11238,1F9217,13132,"FORKS RV., INC.",NULL,NULL,6,UNITED STATES (USA)
6146,1Z9133,13135,IMMER ENTERPRISES,NULL,NULL,6,UNITED STATES (USA)
10979,1B9353,13137,BOGGS STEEL FABRICATION INC,NULL,NULL,6,UNITED STATES (USA)
10121,5GY,13139,COMMERCIAL MANUFACTURING & INDUSTRIAL,NULL,NULL,6,UNITED STATES (USA)
8868,1C9ACA,13140,COMMERCIAL MOBILE SYSTEMS,NULL,NULL,6,UNITED STATES (USA)
11323,4B2,13143,"COMMERCIAL VEHICLES, INC.",NULL,NULL,6,UNITED STATES (USA)
10331,1F9640,13149,BIG A MFG CO,NULL,NULL,6,UNITED STATES (USA)
10547,5KP,13149,BIG A MFG CO,NULL,NULL,6,UNITED STATES (USA)
5893,1B9699,13151,BIG BOAR CUSTOM CYCLES INC.,NULL,NULL,6,UNITED STATES (USA)
5892,5F7,13153,"BIG BUBBA'S TRAILER SALES, INC.",NULL,NULL,6,UNITED STATES (USA)
7980,1B9416,13153,"BIG BUBBA'S TRAILER SALES, INC.",NULL,NULL,6,UNITED STATES (USA)
9551,1B9611,13154,BIG D'S PRODUCTS,NULL,NULL,6,UNITED STATES (USA)
5223,5J1,13155,BIG DOG MOTORCYCLES,NULL,NULL,6,UNITED STATES (USA)
14079,1B9374,13155,BIG DOG MOTORCYCLES,NULL,NULL,6,UNITED STATES (USA)
10980,4M6,13156,BIG DOG TRAILER CO,NULL,NULL,6,UNITED STATES (USA)
8482,1B9693,13157,BIG E TRAILERS,NULL,NULL,6,UNITED STATES (USA)
7203,1B9358,13159,"BIG O'S MANUFACTURING, INC.",NULL,NULL,6,UNITED STATES (USA)
7981,1B9453,13161,BIG SMITH SALES & SERVICE,NULL,NULL,6,UNITED STATES (USA)
10446,1B9628,13162,BIG T TRAILERS,NULL,NULL,6,UNITED STATES (USA)
10467,1B9640,13169,BIKER BARN CYCLES,NULL,NULL,6,UNITED STATES (USA)
9591,1B9574,13176,BILL'S WELDING & REPAIR,NULL,NULL,6,UNITED STATES (USA)
10264,1B9663,13177,BRUTE ENGINEERING COMPANY INC,NULL,NULL,6,UNITED STATES (USA)
9423,1B9609,13180,BUCHANAN WELDING,NULL,NULL,6,UNITED STATES (USA)
3020,4DH,13181,"BUCK DANDY CO., INC.",NULL,NULL,6,UNITED STATES (USA)
9886,1B9575,13183,BUCKEYE TRAILER MANUFACTURING,NULL,NULL,6,UNITED STATES (USA)
9899,1B9551,13188,"BUFFALO TRUCK EQUIPERS, INC.",NULL,NULL,6,UNITED STATES (USA)
10605,1B9709,13192,"BUILT WRIGHT, LLC",NULL,NULL,6,UNITED STATES (USA)
10938,1B9356,13193,BUILTWRIGHT FABRICATION & CONSTRUCT,NULL,NULL,6,UNITED STATES (USA)
7410,1B9662,13194,BULK FABRICATED PRODUCTS,NULL,NULL,6,UNITED STATES (USA)
10972,1A9330,13196,ANVIL PRODUCTS CORPORATION,NULL,NULL,6,UNITED STATES (USA)
9837,1D9261,13198,DAVES AUTO SALES,NULL,NULL,6,UNITED STATES (USA)
7982,1D9313,13204,"DAVIDSON ENTERPRISES, INC.",NULL,NULL,6,UNITED STATES (USA)
3177,1A9050,13206,"AINLEY KENNELS & FABRICATION, INC.",NULL,NULL,6,UNITED STATES (USA)
10195,5FM,13213,CARNAI TRAILERS INC,NULL,NULL,6,UNITED STATES (USA)
7094,1Z9211,13215,INDUSTRIAL MANUFACTURING SOLUTIONS INC,NULL,NULL,6,UNITED STATES (USA)
9992,1Z9152,13217,INDUSTRIAL PROCESS SERVICES,NULL,NULL,6,UNITED STATES (USA)
10261,1A9567,13218,APOGEE TRAILERS LLC,NULL,NULL,6,UNITED STATES (USA)
7983,1A9458,13219,APOLLO TRAILER COMPANY,NULL,NULL,6,UNITED STATES (USA)
9316,1A9509,13222,"APPLETON STEEL, INC.",NULL,NULL,6,UNITED STATES (USA)
9999,1A9550,13224,"APPLIED CONCEPTS, INC.",NULL,NULL,6,UNITED STATES (USA)
7984,1A9446,13226,AQUACRAFT INC,NULL,NULL,6,UNITED STATES (USA)
7027,1A9613,13234,ARGO TRAILERS,NULL,NULL,6,UNITED STATES (USA)
3913,LF3,13239,LIFAN INDUSTRY (GROUP) COMPANY LTD.,NULL,NULL,8,CHINA
10318,1C9856,13240,CHOPPER WORKS PERFORMANCE MOTORCYCLES,NULL,NULL,6,UNITED STATES (USA)
7985,1C9648,13241,CHRISMAN CORPORATION,NULL,NULL,6,UNITED STATES (USA)
10562,1C9854,13243,CHRONIC CHOPPERS,NULL,NULL,6,UNITED STATES (USA)
7079,1E9309,13244,ECOSSE MOTO WORKS INC,NULL,NULL,6,UNITED STATES (USA)
9825,1E9157,13246,ECSTASY INC.,NULL,NULL,6,UNITED STATES (USA)
7986,1E9155,13247,ECSTASY TRIKES INC,NULL,NULL,6,UNITED STATES (USA)
7987,1E9214,13250,"EDDIE INC,",NULL,NULL,6,UNITED STATES (USA)
9555,1E9313,13251,EDDY MOTORS,NULL,NULL,6,UNITED STATES (USA)
7988,1E9174,13257,"EDGE MANUFACTURING, INC.",NULL,NULL,6,UNITED STATES (USA)
7989,1E9241,13257,"EDGE MANUFACTURING, INC.",NULL,NULL,6,UNITED STATES (USA)
10622,1E9334,13258,EDGE RECREATION VEHICLES,NULL,NULL,6,UNITED STATES (USA)
9942,1E9271,13260,"EGO VEHICLES, INC.",NULL,NULL,6,UNITED STATES (USA)
7080,1E9325,13263,EL DORADO FOUNDRY MACHINE & SUPPLY CO. INC,NULL,NULL,6,UNITED STATES (USA)
8893,1E9143,13267,EL PASO TRAILERS,NULL,NULL,6,UNITED STATES (USA)
7081,KF9003,13269,ELCO INDUSTRIES LTD,NULL,NULL,21,ISRAEL
7990,1C9699,13272,CUSTOM TANK TECHNOLOGY,NULL,NULL,6,UNITED STATES (USA)
10131,1C9825,13276,CUSTOM TRAILERS LLC,NULL,NULL,6,UNITED STATES (USA)
9818,1J9147,13280,JANUS FABRICATING INC,NULL,NULL,6,UNITED STATES (USA)
9486,1J9264,13281,JARVIS INDUSTRIES,NULL,NULL,6,UNITED STATES (USA)
10871,1J9144,13282,JAX ENTERPRISES,NULL,NULL,6,UNITED STATES (USA)
2857,1C9891,13288,"CAROLINA CUSTOM PRODUCTS, INC. dba S&S MACHINE, INC.",NULL,NULL,6,UNITED STATES (USA)
7044,1C9829,13290,CAROLINA EQUIPMENT SALES INC,NULL,NULL,6,UNITED STATES (USA)
10253,1F9247,13300,FLETCHER'S EQUIPMENT,NULL,NULL,6,UNITED STATES (USA)
5937,1B9534,13301,"BURKE'S WELDING, INC.",NULL,NULL,6,UNITED STATES (USA)
7991,1B9502,13304,BURNS MFG.,NULL,NULL,6,UNITED STATES (USA)
7064,1D9438,13308,DAYSTAR MOTORCYCLES OF AMERICA INC,NULL,NULL,6,UNITED STATES (USA)
10876,1D9251,13309,DAYTEC CENTER,NULL,NULL,6,UNITED STATES (USA)
6927,LZE,13311,"DAZON , INC.",NULL,NULL,6,UNITED STATES (USA)
9489,1D9488,13311,"DAZON , INC.",NULL,NULL,6,UNITED STATES (USA)
9495,1D9481,13312,DB INDUSTRIES INC,NULL,NULL,6,UNITED STATES (USA)
10055,5HC,13313,"JOHN H ENTERPRISE, INC",NULL,NULL,6,UNITED STATES (USA)
6861,4YM,13315,"CARRY-ON TRAILER, INC.",NULL,NULL,6,UNITED STATES (USA)
7070,1D9451,13318,DOUBLE R TRAILER MFG,NULL,NULL,6,UNITED STATES (USA)
9546,1D9424,13319,DOUBLE R TRAILERS,NULL,NULL,6,UNITED STATES (USA)
7992,2D9088,13321,DOUBLE S ENTERPRISES,NULL,NULL,1,CANADA
7993,1D9246,13322,DOUBLE-S-WELDING,NULL,NULL,6,UNITED STATES (USA)
2632,1D9155,13326,"Dandy Digger & Supply, Inc.",NULL,NULL,6,UNITED STATES (USA)
2249,2AY,13331,"HINO MOTORS CANADA, LTD",NULL,NULL,1,CANADA
11818,2AZ,13331,"HINO MOTORS CANADA, LTD",NULL,NULL,1,CANADA
7463,JP9003,13333,"ARAI SHOJI CO., LTD.",NULL,NULL,3,JAPAN
2765,1E9460,13336,EXTREME TRAILERS (TN),NULL,NULL,6,UNITED STATES (USA)
2753,52E,13337,"AMP Motor Vehicles, Inc.",NULL,NULL,6,UNITED STATES (USA)
2761,4V0,13338,DS CORP,NULL,NULL,6,UNITED STATES (USA)
2781,11V,13339,KALMAR SOLUTIONS LLC,NULL,NULL,6,UNITED STATES (USA)
2905,4FG,13341,"FEATHERLITE TRAILER MANUFACTURING, LLC",NULL,NULL,6,UNITED STATES (USA)
2923,52Y,13342,FIMCO INC.,NULL,NULL,6,UNITED STATES (USA)
2926,1G9392,13343,"G & K STEELWORKS, INC",NULL,NULL,6,UNITED STATES (USA)
3001,1F9407,13344,Ford Steel,NULL,NULL,6,UNITED STATES (USA)
3007,5KD,13345,"FRONTIER RV TEXAS, INC.",NULL,NULL,6,UNITED STATES (USA)
3195,4C9028,13346,"C & P Engineering and Manufacturing Co., Inc.",NULL,NULL,6,UNITED STATES (USA)
3204,4C9313,13347,C&W Manufacturing and Sales Co.,NULL,NULL,6,UNITED STATES (USA)
3049,1E9523,13348,"EL-MAR COMPANY, INC.",NULL,NULL,6,UNITED STATES (USA)
3075,1B9252,13349,Big W Sales,NULL,NULL,6,UNITED STATES (USA)
3087,584,13350,"Arnold Machine, Inc.",NULL,NULL,6,UNITED STATES (USA)
3117,1D9738,13351,DYNACORN CLASSIC BODIES INC. DBA HERITAGE MOTOR CAR,NULL,NULL,6,UNITED STATES (USA)
3131,1A9813,13352,CANNONBALL ENGINEERING LLC DBA ALAMEDA TRAILER SALES,NULL,NULL,6,UNITED STATES (USA)
3141,4B9055,13353,"Billy Goat Industries, Inc.",NULL,NULL,6,UNITED STATES (USA)
3150,1G9461,13354,GE Packaged Power Inc,NULL,NULL,6,UNITED STATES (USA)
3182,1C9271,13355,CRYSTAL WELDING INC.,NULL,NULL,6,UNITED STATES (USA)
3187,1E9479,13356,E.G.M. Trailers,NULL,NULL,6,UNITED STATES (USA)
3211,1E9195,13357,"ENTECH INDUSTRIES ",NULL,NULL,6,UNITED STATES (USA)
3215,1E9550,13358,"EO TRAILER MFG., INC.",NULL,NULL,6,UNITED STATES (USA)
3248,1J9167,13360,"Carlton Professional Stump Grinders (J.P. Carlton Company Div. DAF, Inc.)",NULL,NULL,6,UNITED STATES (USA)
3252,1A9963,13361,ALEPH GROUP INC,NULL,NULL,6,UNITED STATES (USA)
3269,1E9133,13362,"EAGLE TRAILER SALES, INC",NULL,NULL,6,UNITED STATES (USA)
3292,4C9378,13363,CTJ Trailers,NULL,NULL,6,UNITED STATES (USA)
3308,1E9370,13364,EASTON CUSTOM FRAMES L.L.C,NULL,NULL,6,UNITED STATES (USA)
3310,1D9363,13365,"DOUBLE D DISTRIBUTORS ",NULL,NULL,6,UNITED STATES (USA)
3353,513,13367,"DRAGGIN' P, INC",NULL,NULL,6,UNITED STATES (USA)
3494,3BZ,13368,"Grupo Remolques del Norte, S.A. de C.V.",NULL,NULL,12,MEXICO
3527,19B,13369,B & M Manufacturing Company,NULL,NULL,6,UNITED STATES (USA)
3593,1A9754,13370,"AMERICAN EAGLE TRAILERS, INC.",NULL,NULL,6,UNITED STATES (USA)
3618,1B9979,13371,Badger Equipment Company,NULL,NULL,6,UNITED STATES (USA)
3633,4C9027,13373,Clackacraft Drift Boats,NULL,NULL,6,UNITED STATES (USA)
3644,1H9658,13375,Howell Precision Machine & Engineering Inc.,NULL,NULL,6,UNITED STATES (USA)
3646,19L,13376,"Hy-Line Enterprises Holdings, LLC",NULL,NULL,6,UNITED STATES (USA)
3664,1Z9014,13377,"ILLUSION CYCLES, INC.",NULL,NULL,6,UNITED STATES (USA)
3677,1F9420,13378,GEM MOTORSPORTS,NULL,NULL,6,UNITED STATES (USA)
3701,1B9729,13379,"Barro Ag Welding and Trailer Repair, INC.",NULL,NULL,6,UNITED STATES (USA)
3707,1C9895,13380,"CMI TEREX CORPORATION ",NULL,NULL,6,UNITED STATES (USA)
3711,4TA,13383,TABC INC.,NULL,NULL,6,UNITED STATES (USA)
3714,YYC,13384,Th!nk Nordic AS,NULL,NULL,47,NORWAY
3729,1B9890,13385,BROTHERS BODY AND EQUIPMENT,NULL,NULL,6,UNITED STATES (USA)
3736,555,13386,"COASTLINE TRAILER MFG., INC. ",NULL,NULL,6,UNITED STATES (USA)
3835,L5N,13387,"JINYUN COUNTY XIANGYUAN INDUSTRY CO., LTD",NULL,NULL,8,CHINA
3837,A5T,13388,JINHUA REGARD MANUFACTURING COMPANY USA,NULL,NULL,8,CHINA
6998,1FY,13390,"FREEDOM OUTDOOR PRODUCTS, INC.",NULL,NULL,6,UNITED STATES (USA)
6948,1Z9108,13393,ZIMMERMAN MANUFACTURING CORP.,NULL,NULL,6,UNITED STATES (USA)
3861,1K9341,13397,Koastal Trailer LLC,NULL,NULL,6,UNITED STATES (USA)
5783,1W9110,13399,"Whit-Log Inc ",NULL,NULL,6,UNITED STATES (USA)
5306,4S9336,13400,"SUSSEX WELDING,LLC",NULL,NULL,6,UNITED STATES (USA)
4336,1Z9485,13401,OUTBREAK CUSTOMZ,NULL,NULL,6,UNITED STATES (USA)
8472,5H2,13403,"EZ DUMPERS PRODUCTS, LLC",NULL,NULL,6,UNITED STATES (USA)
3892,1G9239,13404,General Duty Trailers,NULL,NULL,6,UNITED STATES (USA)
3901,1G9190,13405,"General Fertilizer Equipment, Inc.",NULL,NULL,6,UNITED STATES (USA)
3907,4DY,13407,LIBERTY INC,NULL,NULL,6,UNITED STATES (USA)
3963,1J9325,13408,JZ RIDERS INC,NULL,NULL,6,UNITED STATES (USA)
5934,BCA,13409,BREWER COTE SOUTHWEST,NULL,NULL,6,UNITED STATES (USA)
4983,1R9578,13410,REDMAN WELDING & TRAILER MFG. Inc.,NULL,NULL,6,UNITED STATES (USA)
3970,1C9158,13411,"CHARIOT MANUFACTURING COMPANY, INC.",NULL,NULL,6,UNITED STATES (USA)
6255,1P9470,13413,Pacific-Tek,NULL,NULL,6,UNITED STATES (USA)
3992,5Z8,13414,"Kandi USA, Inc.",NULL,NULL,6,UNITED STATES (USA)
6406,5ZA,13414,"Kandi USA, Inc.",NULL,NULL,6,UNITED STATES (USA)
3994,1L9041,13415,KÄRCHER NORTH AMERICA,NULL,NULL,6,UNITED STATES (USA)
3986,X8H,13416,KAZ (RUSSIA) KAMSKY AUTOASSEMBLY FACTORY,NULL,NULL,37,RUSSIA
5413,4WY,13420,R-VISION,NULL,NULL,6,UNITED STATES (USA)
5392,4S9041,13422,SPORTS HAULER INC.,NULL,NULL,6,UNITED STATES (USA)
5328,1D9033,13423,THE DICKIRSON CORPORATION,NULL,NULL,6,UNITED STATES (USA)
4031,1L9511,13424,LAKE VIEW LODGES INC.,NULL,NULL,6,UNITED STATES (USA)
4036,14D,13425,CHILTON MANUFACTURING CORPORATION,NULL,NULL,6,UNITED STATES (USA)
6070,1F9285,13426,FREEDOM TRAILERS LLC,NULL,NULL,6,UNITED STATES (USA)
4908,1S9402,13429,"SCHANTZ & SONS, INC",NULL,NULL,6,UNITED STATES (USA)
4128,1L9399,13430,"LONG DOG ENTERPRISE,INC.",NULL,NULL,6,UNITED STATES (USA)
6441,1Y9020,13434,Y.B.WELDING INC.,NULL,NULL,6,UNITED STATES (USA)
6428,L5Z,13435,WUZHENG NORTH AMERICA LTD,NULL,NULL,6,UNITED STATES (USA)
6240,1P9528,13436,"PRO TILT , LLC",NULL,NULL,6,UNITED STATES (USA)
6127,1J9301,13439,JMJ MAINTENANCE & REMODELING,NULL,NULL,6,UNITED STATES (USA)
6995,1B9094,13442,Bock Industries Inc,NULL,NULL,6,UNITED STATES (USA)
4121,1M9912,13443,MAINE GREEN IRONWORKS,NULL,NULL,6,UNITED STATES (USA)
6996,11Z,13444,"BADSEY BULLET U.S.A., INC.",NULL,NULL,6,UNITED STATES (USA)
4170,1L9485,13445,"Large Lift Rentals, Inc.",NULL,NULL,6,UNITED STATES (USA)
6969,1H9084,13446,"H & M MANUFACTURING, INC",NULL,NULL,6,UNITED STATES (USA)
6970,1B9100,13448,BEST BUILT MANUFACTURING INC,NULL,NULL,6,UNITED STATES (USA)
6975,1M9188,13449,Motor Truck & Trailer Co,NULL,NULL,6,UNITED STATES (USA)
6972,1C9232,13450,CATOLAC CORPORATION,NULL,NULL,6,UNITED STATES (USA)
10892,1C9293,13450,CATOLAC CORPORATION,NULL,NULL,6,UNITED STATES (USA)
6976,1P9086,13451,Poly Cal Plastics Inc,NULL,NULL,6,UNITED STATES (USA)
4250,1H9608,13452,"Heatec, Inc.",NULL,NULL,6,UNITED STATES (USA)
4252,1N9318,13453,"NILFISK ADVANCE, INC.",NULL,NULL,6,UNITED STATES (USA)
4289,1M9839,13454,Mechtronic Solutions Inc.,NULL,NULL,6,UNITED STATES (USA)
4300,1H9561,13456,Helfin Sheet Metal Inc.,NULL,NULL,6,UNITED STATES (USA)
4316,4S9034,13458,Olmax Fabrication d/b/a Speed & Custom Cycles,NULL,NULL,6,UNITED STATES (USA)
4322,1H9657,13461,Helmuth Quality Power Systems,NULL,NULL,6,UNITED STATES (USA)
4357,5WV,13463,NORMAN POWER SYSTEMS,NULL,NULL,6,UNITED STATES (USA)
4387,1Z9369,13467,"On-Site Fleet Services, INC.",NULL,NULL,6,UNITED STATES (USA)
5874,1G9449,13468,GARCIA INDUSTRIES; L.L.P,NULL,NULL,6,UNITED STATES (USA)
4549,1M9890,13471,"MWE Monaco MFG, LLC",NULL,NULL,6,UNITED STATES (USA)
4553,1J9406,13472,JAMCO USA,NULL,NULL,6,UNITED STATES (USA)
4586,1Z9413,13475,"Quitman Tank Solutions, LLC",NULL,NULL,6,UNITED STATES (USA)
4628,1N9295,13476,NJD Automotive LLC,NULL,NULL,6,UNITED STATES (USA)
4652,1M9924,13478,Moby1 Expedition Trailers LLC,NULL,NULL,6,UNITED STATES (USA)
4650,1J9410,13479,"JC FAB, LLC",NULL,NULL,6,UNITED STATES (USA)
4717,1P9608,13481,PHOENIX GLOBAL,NULL,NULL,6,UNITED STATES (USA)
4777,1P9717,13482,Pitbull Fabrication,NULL,NULL,6,UNITED STATES (USA)
7500,2R9625,13483,RAINBOW TRAILERS INC,NULL,NULL,1,CANADA
4786,1P9521,13484,PITT'S & SPITT'S LLC,NULL,NULL,6,UNITED STATES (USA)
4835,4S9219,13485,South Valley Manufacturing,NULL,NULL,6,UNITED STATES (USA)
4843,2GR,13486,Glendale RV,NULL,NULL,1,CANADA
4849,1M9728,13487,"Motofino USA, Inc. Corporate Office",NULL,NULL,6,UNITED STATES (USA)
4862,1M9820,13488,MOVE-IT-ALL LLC,NULL,NULL,6,UNITED STATES (USA)
4871,1M9848,13489,MRT MANUFACTURING INC.,NULL,NULL,6,UNITED STATES (USA)
4905,1H9610,13490,"HEHE CALIFORNIA COACH GROUP, INC.",NULL,NULL,6,UNITED STATES (USA)
5065,4S9315,13491,"SUNBEAM RENTALS LLC, DBA SUNBEAM INNOVATIONS",NULL,NULL,6,UNITED STATES (USA)
5075,1P9652,13492,Priefert Mfg.Co.INC,NULL,NULL,6,UNITED STATES (USA)
5077,L82,13493,"JIANGMEN SINO-HONGKONG BAOTIAN MOTORCYCLE INDUSTRIAL CO., LTD.",NULL,NULL,8,CHINA
5080,1P9558,13494,Pro Cycles & Accessories,NULL,NULL,6,UNITED STATES (USA)
5083,4S9119,13495,"SPECIALTY FABRICATION, INC.",NULL,NULL,6,UNITED STATES (USA)
5095,4W8,13496,"Spectre Manufacturing, Inc.",NULL,NULL,6,UNITED STATES (USA)
5227,1TK,13498,TRAIL KING INDUSTRIES,NULL,NULL,6,UNITED STATES (USA)
5241,3TK,13498,TRAIL KING INDUSTRIES,NULL,NULL,12,MEXICO
5272,5RY,13499,Roketa,NULL,NULL,6,UNITED STATES (USA)
5273,1R9769,13501,Roger King dba Myers Welding,NULL,NULL,6,UNITED STATES (USA)
5289,4ZJ,13502,Terex USA LLC,NULL,NULL,6,UNITED STATES (USA)
5308,1T9965,13504,"TGMI, INC.",NULL,NULL,6,UNITED STATES (USA)
5411,1DW,13506,"STOUGHTON TRAILERS, LLC",NULL,NULL,6,UNITED STATES (USA)
5428,1V9179,13507,"Vision Industries, LLC",NULL,NULL,6,UNITED STATES (USA)
5463,4T9105,13508,"Turris Systems, LLC",NULL,NULL,6,UNITED STATES (USA)
5472,MLP,13509,"Tiger Motor Co., Ltd.",NULL,NULL,30,THAILAND
5486,WP0,13510,DR. ING. H.C.F. PORSCHE AG,NULL,NULL,2,GERMANY
5537,WP1,13510,DR. ING. H.C.F. PORSCHE AG,NULL,NULL,2,GERMANY
5506,55K,13511,TRAX MANUFACTURING,NULL,NULL,6,UNITED STATES (USA)
5516,1W9534,13512,"W.E. Machine & Welding, Inc.",NULL,NULL,6,UNITED STATES (USA)
5578,4S9141,13514,SIERRA MOTOR CORP.,NULL,NULL,6,UNITED STATES (USA)
7172,7FM,13514,SIERRA MOTOR CORP.,NULL,NULL,6,UNITED STATES (USA)
5614,1W9537,13515,"WELCH TRAILERS, LLC",NULL,NULL,6,UNITED STATES (USA)
5636,1U9124,13516,"UNITED HYDRAULICS, LLC",NULL,NULL,6,UNITED STATES (USA)
5658,4LA,13517,EXISS SOONER TRAILER MANUFACTURING LLC,NULL,NULL,6,UNITED STATES (USA)
5678,1V5,13521,MAGNUM TRAILERS OF AUSTIN TX,NULL,NULL,6,UNITED STATES (USA)
6516,1V9207,13522,VALAREN MOTORSPORTS,NULL,NULL,6,UNITED STATES (USA)
5749,1M9951,13524,Maktec Manufacturing LLC,NULL,NULL,6,UNITED STATES (USA)
5776,1W9414,13525,WESTON CHOPPERS,NULL,NULL,6,UNITED STATES (USA)
3960,6MM,13526,MITSUBISHI MOTORS AUSTRALIA LTD.,NULL,NULL,14,AUSTRALIA
5883,1A9827,13527,AMERICAN CUSTOM COACH,NULL,NULL,6,UNITED STATES (USA)
5896,1B9552,13528,"Best Bilt, Inc.",NULL,NULL,6,UNITED STATES (USA)
5906,LD6,13530,"Zhejiang Leike Machinery Industry Co., Ltd.",NULL,NULL,8,CHINA
5935,1B9274,13531,BROOKS BROTHERS TRAILERS,NULL,NULL,6,UNITED STATES (USA)
5950,5SR,13532,C.F.'s Welding Service & Custom Built Trailers Inc.,NULL,NULL,6,UNITED STATES (USA)
5964,Y69001,13533,CENTRAL PURCHASING LLC.,NULL,NULL,6,UNITED STATES (USA)
5974,4C9248,13534,CUDDLE SHUTTLE LLC,NULL,NULL,6,UNITED STATES (USA)
3043,2CC,13535,CAMI AUTOMOTIVE INC,NULL,NULL,1,CANADA
5981,2C0,13535,CAMI AUTOMOTIVE INC,NULL,NULL,1,CANADA
6013,1D9209,13538,Data Manufacturing Inc.,NULL,NULL,6,UNITED STATES (USA)
6025,5EH,13540,Excelsior-Henderson Motorcycles,NULL,NULL,6,UNITED STATES (USA)
6027,1E9410,13541,Extreame Fabrication,NULL,NULL,6,UNITED STATES (USA)
6037,159001,13542,Five Star Custom Trailer,NULL,NULL,6,UNITED STATES (USA)
6033,1F9199,13543,Featherlite Vogue,NULL,NULL,6,UNITED STATES (USA)
3013,54L,13544,"BRUNO INDEPENDENT LIVING AIDS, INC.",NULL,NULL,6,UNITED STATES (USA)
6092,2PC,13545,"VOLVO GROUP CANADA, INC",NULL,NULL,1,CANADA
12583,2P9001,13545,"VOLVO GROUP CANADA, INC",NULL,NULL,1,CANADA
14094,2P9110,13545,"VOLVO GROUP CANADA, INC",NULL,NULL,1,CANADA
6095,1H9112,13546,Herbs Welding Shop,NULL,NULL,6,UNITED STATES (USA)
7708,1TH,13547,FLINT HILLS INDUSTRIES INC,NULL,NULL,6,UNITED STATES (USA)
6105,1B9870,13548,Blue Coyote Trailers,NULL,NULL,6,UNITED STATES (USA)
6113,1H9349,13549,"HORTON VANS, INCORPORATED",NULL,NULL,6,UNITED STATES (USA)
9617,5E2,13549,"HORTON VANS, INCORPORATED",NULL,NULL,6,UNITED STATES (USA)
6167,1M5,13552,Magic Tilt Trailers Inc.,NULL,NULL,6,UNITED STATES (USA)
6168,5AJ,13553,"Magnum Products, Inc.",NULL,NULL,6,UNITED STATES (USA)
6171,1K9009,13554,KANN MANUFACTURING CORP,NULL,NULL,6,UNITED STATES (USA)
11359,1K9007,13554,KANN MANUFACTURING CORP,NULL,NULL,6,UNITED STATES (USA)
11360,1K9008,13554,KANN MANUFACTURING CORP,NULL,NULL,6,UNITED STATES (USA)
11361,1K9062,13554,KANN MANUFACTURING CORP,NULL,NULL,6,UNITED STATES (USA)
6185,1M9517,13555,Martin RV Corporation,NULL,NULL,6,UNITED STATES (USA)
6191,1L9249,13556,"Lawton Trailers, Inc.",NULL,NULL,6,UNITED STATES (USA)
6196,1P9411,13559,PIKE EQUIPMENT & SUPPLY,NULL,NULL,6,UNITED STATES (USA)
9395,1P9435,13559,PIKE EQUIPMENT & SUPPLY,NULL,NULL,6,UNITED STATES (USA)
6203,2M9137,13560,PINNACLE INDUSTRIAL SERVICES INC.,NULL,NULL,1,CANADA
6206,1P9523,13561,"POND KING, INC.",NULL,NULL,6,UNITED STATES (USA)
6215,1Z9119,13562,Legend Valley Products - O'Brien Mfg.,NULL,NULL,6,UNITED STATES (USA)
6220,1N9263,13563,"C DIAMOND F, INC.",NULL,NULL,6,UNITED STATES (USA)
6242,5BN,13565,"PRO-TRAK TRAILERS, INC. ",NULL,NULL,6,UNITED STATES (USA)
6517,1W9575,13566,WORXS LLC,NULL,NULL,6,UNITED STATES (USA)
6518,4A9007,13567,"armadillo camper kits, inc.",NULL,NULL,6,UNITED STATES (USA)
6526,1P9759,13570,PALMER'S WELDING & FABRICATION LLC.,NULL,NULL,6,UNITED STATES (USA)
6525,1V9210,13571,"VELOCETTE TRAILERS LLC ",NULL,NULL,6,UNITED STATES (USA)
6524,1G9512,13574,"GULF SOUTH TRAILER WORKS, LLC.",NULL,NULL,6,UNITED STATES (USA)
6253,1Z9136,13575,OWINGS EQUIPMENT CO.,NULL,NULL,6,UNITED STATES (USA)
6254,1P9110,13576,Pacesetter Boat Co.,NULL,NULL,6,UNITED STATES (USA)
6256,1S9942,13577,STEELe ENTERPRISES,NULL,NULL,6,UNITED STATES (USA)
6523,1Z9502,13578,OFF THE HOOK TRAILERS CORP,NULL,NULL,6,UNITED STATES (USA)
6522,1N9338,13579,"DIVERSIFIED  PRODUCTS LLC ",NULL,NULL,6,UNITED STATES (USA)
7411,1D9464,13579,"DIVERSIFIED  PRODUCTS LLC ",NULL,NULL,6,UNITED STATES (USA)
6749,57E,13583,PAGSTA. LLC LIMITED LIABILITY COMPANY,NULL,NULL,6,UNITED STATES (USA)
6521,4M9008,13586,MUDDS CUSTOMS,NULL,NULL,6,UNITED STATES (USA)
6520,4S9390,13588,"SANBORN BUILDING & DESIGN, INC.",NULL,NULL,6,UNITED STATES (USA)
6519,1L9281,13589,SHEYENNE TOOLING & MFG.,NULL,NULL,6,UNITED STATES (USA)
6534,4T9184,13590,"TRUCK-TECH ",NULL,NULL,6,UNITED STATES (USA)
6533,4T9168,13592,TINY IDAHOMES LLC,NULL,NULL,6,UNITED STATES (USA)
6535,50H,13594,NORSTAR TRAILERS,NULL,NULL,6,UNITED STATES (USA)
6267,1S9303,13596,"Sun Coast Trailer Manufacturers, Inc.",NULL,NULL,6,UNITED STATES (USA)
6280,1S9893,13597,"Second Trunk Trailers, Inc.",NULL,NULL,6,UNITED STATES (USA)
6276,1F9048,13598,Sauber Mfg. Co.,NULL,NULL,6,UNITED STATES (USA)
6536,50F,13601,TEXOMA TRAILERS,NULL,NULL,6,UNITED STATES (USA)
6833,1D9778,13602,"DELIVERY CONCEPTS, INC.",NULL,NULL,6,UNITED STATES (USA)
6530,1W9570,13604,WARRIOR TRIKES S.E.,NULL,NULL,6,UNITED STATES (USA)
6527,1J9439,13605,"JOHNSON INDUSTRIES, INC. ",NULL,NULL,6,UNITED STATES (USA)
6528,1Z9488,13606,"OK SCHOONERS LLC ",NULL,NULL,6,UNITED STATES (USA)
6529,59X,13607,"MALIBU BOATS, LLC",NULL,NULL,6,UNITED STATES (USA)
6538,4S9395,13608,"SCOTT'S WELDING & FABRICATION ",NULL,NULL,6,UNITED STATES (USA)
6282,1R9389,13610,Run Roader,NULL,NULL,6,UNITED STATES (USA)
6545,1G9510,13611,"GOLDEN GAIT TRAILERS, LLC ",NULL,NULL,6,UNITED STATES (USA)
6544,4S9379,13612,"SOUTHERN OHIO CHASSIS, LLC",NULL,NULL,6,UNITED STATES (USA)
10189,1S9788,13614,SCOTT INDUSTRY'S PRO-FORMANCE MANUFACTURING,NULL,NULL,6,UNITED STATES (USA)
6539,1A9998,13615,ALEXANDER'S MACHINE AND MAINTENANCE SERVICE COMPANY INC.,NULL,NULL,6,UNITED STATES (USA)
6540,1R9800,13616,"RIVERSIDE WELDING AND FABRICATION, LLC",NULL,NULL,6,UNITED STATES (USA)
6541,1Z9499,13619,QUICKLOADZ CONTAINER SYSTEMS,NULL,NULL,6,UNITED STATES (USA)
14396,1Z9759,13619,QUICKLOADZ CONTAINER SYSTEMS,NULL,NULL,6,UNITED STATES (USA)
14868,1Z9744,13619,QUICKLOADZ CONTAINER SYSTEMS,NULL,NULL,6,UNITED STATES (USA)
6288,5P8,13627,"RC MOTORSPORTS, LLC.",NULL,NULL,6,UNITED STATES (USA)
2226,KM4,13628,"KR MOTORS CO., LTD",NULL,NULL,15,SOUTH KOREA
6552,59U,13631,SPIRA4U LLC,NULL,NULL,6,UNITED STATES (USA)
6551,4T9197,13633,"TRUCKING TRM INC. ",NULL,NULL,6,UNITED STATES (USA)
6550,4C9409,13634,CRUISE N SNOOZE INC.,NULL,NULL,6,UNITED STATES (USA)
6549,4B9079,13635,BXR LLC,NULL,NULL,6,UNITED STATES (USA)
6548,4C9404,13636,"CALMARC CABS ",NULL,NULL,6,UNITED STATES (USA)
6291,1R9670,13638,"RHINO MARINE, INC. ",NULL,NULL,6,UNITED STATES (USA)
6547,4T9191,13643,TROJAN TRAILERS MANUFACTURING,NULL,NULL,6,UNITED STATES (USA)
6546,4A9008,13644,ADVANCED TRAILER SOLUTIONS INC.,NULL,NULL,6,UNITED STATES (USA)
6563,1R9799,13647,ROSS TECHNOLOGY CORPORATION,NULL,NULL,6,UNITED STATES (USA)
6562,1A9902,13648,"ADVANTAGE TERRAFAB, LLC ",NULL,NULL,6,UNITED STATES (USA)
6561,1P9750,13649,TEARDROPS NW INC.,NULL,NULL,6,UNITED STATES (USA)
6560,1N9348,13650,Next Door Inc,NULL,NULL,6,UNITED STATES (USA)
6559,4S9393,13652,"SANCHEZ BROTHERS ENTERPRISES INC. ",NULL,NULL,6,UNITED STATES (USA)
7245,1V9200,13655,"VALDERAZ SERVICES, LLC",NULL,NULL,6,UNITED STATES (USA)
6723,1K9352,13657,"KYFAB, LLC",NULL,NULL,6,UNITED STATES (USA)
4204,59G,13658,"DURUXX, LLC",NULL,NULL,6,UNITED STATES (USA)
6558,1A9999,13659,AG WORKS INTERNATIONAL,NULL,NULL,6,UNITED STATES (USA)
6311,1T9578,13660,Tisdell's Implements,NULL,NULL,6,UNITED STATES (USA)
6312,14Y,13661,TM Marine Group,NULL,NULL,6,UNITED STATES (USA)
6313,1T9785,13662,TMC DESIGN CORPORATION,NULL,NULL,6,UNITED STATES (USA)
6557,1E9574,13663,"ENVOLTZ, LLC",NULL,NULL,6,UNITED STATES (USA)
6556,1F9440,13664,FIDELITY MANUFACTURING,NULL,NULL,6,UNITED STATES (USA)
6555,1F9447,13665,FMD FABRICATION SERVICES,NULL,NULL,6,UNITED STATES (USA)
6570,4M9011,13666,"MAINE SOURCE MACHINING CO, INC.",NULL,NULL,6,UNITED STATES (USA)
6569,1V9145,13667,"VILLMOW RACING DEVELOPMENTS ",NULL,NULL,6,UNITED STATES (USA)
6568,1F9452,13669,"FUKUSHU, INC.",NULL,NULL,6,UNITED STATES (USA)
6567,1H9680,13670,HIGHWOOD GLOBAL LP,NULL,NULL,6,UNITED STATES (USA)
6663,2J9057,13675,J BOND & SONS LTD.,NULL,NULL,1,CANADA
6849,LPK,13677,"ANYUAN BUS MANUFACTURING CO., LTD ",NULL,NULL,8,CHINA
6566,4C9394,13681,"CHAPMAN CUSTOM MANUFACTURING, LLC ",NULL,NULL,6,UNITED STATES (USA)
6565,505,13682,"A TRINITY TRAILER ",NULL,NULL,6,UNITED STATES (USA)
6580,1E9568,13683,ET MANUFACTURING CORP,NULL,NULL,6,UNITED STATES (USA)
6581,4B9088,13700,"BIG RED ENGINEERING, LLC",NULL,NULL,6,UNITED STATES (USA)
6579,1W9569,13701,WORLDWIDE TRAILER SERVICES INC,NULL,NULL,6,UNITED STATES (USA)
2403,ML0,13702,"DUCATI MOTOR (THAILAND) CO., LTD. ",NULL,NULL,30,THAILAND
6578,1P9756,13704,PECRU GROUP LLC,NULL,NULL,6,UNITED STATES (USA)
6577,4C9406,13707,"CIRCLE N TRAILERS ",NULL,NULL,6,UNITED STATES (USA)
6576,1D9765,13708,DOMINIGHT LLC,NULL,NULL,6,UNITED STATES (USA)
6575,4B9090,13710,BALZER INC.,NULL,NULL,6,UNITED STATES (USA)
6574,502,13712,APLUS TRAILERS INC.,NULL,NULL,6,UNITED STATES (USA)
6573,1R9801,13713,"LUJEANA PETERS-HOWELL ROOKS COUNTY TRAILER SALES ",NULL,NULL,6,UNITED STATES (USA)
6572,1V9202,13714,"VICTOR VALLEY STEEL FABRICATORS, LLC",NULL,NULL,6,UNITED STATES (USA)
3705,1C9077,13720,CENTRIC CORPORATION,NULL,NULL,6,UNITED STATES (USA)
6583,1Z9495,13724,IRONMAN TRAILER COMPANY,NULL,NULL,6,UNITED STATES (USA)
5920,LFF,13728,"TAIZHOU WANGYE MOTORCYCLE CO., LTD.",NULL,NULL,8,CHINA
6584,1D9770,13729,"DAVIS VILLAGE SOLUTIONS, LLC",NULL,NULL,6,UNITED STATES (USA)
6585,1W9564,13731,"WORLDWIDE TRAILER, LLC",NULL,NULL,6,UNITED STATES (USA)
6596,1K9357,13733,KUSTOM KARZ OF SCOTTSBORO,NULL,NULL,6,UNITED STATES (USA)
6595,1P9754,13735,PACIFIC COACHWORKS LLC,NULL,NULL,6,UNITED STATES (USA)
6594,L6F,13736,"SHANDONG LIANGZI POWER CO., LTD",NULL,NULL,8,CHINA
6593,1W9565,13740,"WB ENTERPRISES ",NULL,NULL,6,UNITED STATES (USA)
6592,1R9773,13748,"ROBERT ALLEN MOWERY RAMCO LLC ",NULL,NULL,6,UNITED STATES (USA)
6591,1U9081,13749,"US TOWER CORP. ",NULL,NULL,6,UNITED STATES (USA)
6669,50L,13749,"US TOWER CORP. ",NULL,NULL,6,UNITED STATES (USA)
6590,4T9169,13750,TRAMONT MANUFACTURING LLC,NULL,NULL,6,UNITED STATES (USA)
6589,1V9208,13752,"VINTAGE OVERLAND, LLC ",NULL,NULL,6,UNITED STATES (USA)
6588,LK8,13753,"ZHEJIANG YULE NEW ENERGY AUTOMOBILE TECHNOLOGY CO., LTD.",NULL,NULL,8,CHINA
6587,VL4,13755,"BLUECAR, SAS ",NULL,NULL,9,ITALY
6677,4C9397,13759,"CANAGE CUSTOM TRAILERS, INC. ",NULL,NULL,6,UNITED STATES (USA)
8398,1T9833,13760,TRIVAN TRUCK BODY LLC,NULL,NULL,6,UNITED STATES (USA)
6600,1Y9037,13766,"YORK WELDING AND FABRICATION LLC ",NULL,NULL,6,UNITED STATES (USA)
6601,1G9509,13767,GBA SALES CONSIGNMENT & RENTAL LLC,NULL,NULL,6,UNITED STATES (USA)
5454,1V9177,13768,VOYAGER INDUSTRIES INC.,NULL,NULL,6,UNITED STATES (USA)
6682,50M,13768,VOYAGER INDUSTRIES INC.,NULL,NULL,6,UNITED STATES (USA)
6602,L0X,13771,"ZHENGZHOU EAST INDUSTRY CO., LTD.",NULL,NULL,8,CHINA
6603,1N9345,13772,"NORTH AMERICAN TANK, LLC",NULL,NULL,6,UNITED STATES (USA)
6612,1F9445,13774,"FTG EQUIPMENT SOLUTIONS, INC.",NULL,NULL,6,UNITED STATES (USA)
6611,1R9798,13777,"RIVER STEEL, INC.",NULL,NULL,6,UNITED STATES (USA)
6610,1L9541,13778,"L.J. EQUIPMENT RENTAL,LLC",NULL,NULL,6,UNITED STATES (USA)
6609,1L9512,13779,"LPG VENTURES, INC.",NULL,NULL,6,UNITED STATES (USA)
8349,1Z9537,13782,"J.A.R. CAPITAL GROUP, INC.",NULL,NULL,6,UNITED STATES (USA)
11621,1J9486,13782,"J.A.R. CAPITAL GROUP, INC.",NULL,NULL,6,UNITED STATES (USA)
6608,1H9673,13783,"HIGH TIDE BOAT TRAILERS, LLC",NULL,NULL,6,UNITED STATES (USA)
6607,1L9538,13784,"LC SERVICES OF LOUISIANA, LLC",NULL,NULL,6,UNITED STATES (USA)
6606,4C9398,13785,"COLORADO TEARDROP TRAILERS, LLC",NULL,NULL,6,UNITED STATES (USA)
6620,1A9991,13786,AMERICAN BEST CORPORATION,NULL,NULL,6,UNITED STATES (USA)
6619,4A9003,13787,ABLE INDUSTRIES,NULL,NULL,6,UNITED STATES (USA)
6618,1A9971,13788,"ALIEN ENGINEERED PRODUCTS LLC ",NULL,NULL,6,UNITED STATES (USA)
6617,1Z9493,13790,"OH DEER AUTO BODY LLC ",NULL,NULL,6,UNITED STATES (USA)
6616,58D,13792,MAHINDRA TRACTOR ASSEMBLY INC,NULL,NULL,6,UNITED STATES (USA)
6615,59L,13793,"COMMODORE TRAILERS LLC ",NULL,NULL,6,UNITED STATES (USA)
6614,1A9994,13794,"ADVANCED METAL FABRICATION AND MACHINE, INC.",NULL,NULL,6,UNITED STATES (USA)
6613,4B9020,13797,BUILT BY KOCH L.L.C.,NULL,NULL,6,UNITED STATES (USA)
6630,3R9038,13800,REMOLQUES NARIZON,NULL,NULL,12,MEXICO
6629,4T9173,13801,"TITANIUM TRAILER MFG., LLC",NULL,NULL,6,UNITED STATES (USA)
6628,1E9569,13802,"EZ LIFE CAMPERS LLC ",NULL,NULL,6,UNITED STATES (USA)
6873,1P9772,13803,PURPLE LINE LLC,NULL,NULL,6,UNITED STATES (USA)
6627,4S9360,13804,SWM ENTERPRISES LLC,NULL,NULL,6,UNITED STATES (USA)
6626,4T9183,13805,"TMCO, INC.",NULL,NULL,6,UNITED STATES (USA)
6625,4B9084,13806,"BRAXTON TRAILERS, LLC",NULL,NULL,6,UNITED STATES (USA)
6624,1E9570,13807,"EQUIPMENT SOURCE, INC",NULL,NULL,6,UNITED STATES (USA)
6623,1A9997,13808,"ADVANCED VEHICLES ASSEMBLY, INC.",NULL,NULL,6,UNITED STATES (USA)
6622,1E9572,13810,ELITE MOTOR SALES INC,NULL,NULL,6,UNITED STATES (USA)
12988,1E9685,13810,ELITE MOTOR SALES INC,NULL,NULL,6,UNITED STATES (USA)
6621,4B9082,13812,BLUM'S FAB & DESIGN,NULL,NULL,6,UNITED STATES (USA)
6638,1R9804,13813,"RECYCLING EQUIPMENT SALES, INC.",NULL,NULL,6,UNITED STATES (USA)
6637,1W9523,13814,"WEAVER SYSTEMS, LLC ",NULL,NULL,6,UNITED STATES (USA)
6636,1P9704,13816,"PUCK CUSTOM ENTERPRISES, INC.",NULL,NULL,6,UNITED STATES (USA)
6635,1D9772,13817,DP CONINGPLANT USA CORP.,NULL,NULL,6,UNITED STATES (USA)
6634,4M9003,13818,"MONARCH,LLC",NULL,NULL,6,UNITED STATES (USA)
7250,56P,13819,FASTER FASTER INC.,NULL,NULL,6,UNITED STATES (USA)
6633,1W9542,13820,"WILSON MANUFACTURING ",NULL,NULL,6,UNITED STATES (USA)
6632,1K9354,13821,KEYSTONE KABINS,NULL,NULL,6,UNITED STATES (USA)
6631,2S9134,13822,TROUT RIVER INDUSTRIES,NULL,NULL,1,CANADA
6338,1T9626,13823,Trunks on Wheels,NULL,NULL,6,UNITED STATES (USA)
6645,1E9577,13827,EMA MOTORWORKS LLC,NULL,NULL,6,UNITED STATES (USA)
6705,1E9579,13827,EMA MOTORWORKS LLC,NULL,NULL,6,UNITED STATES (USA)
6916,1E9581,13827,EMA MOTORWORKS LLC,NULL,NULL,6,UNITED STATES (USA)
12231,1E9580,13827,EMA MOTORWORKS LLC,NULL,NULL,6,UNITED STATES (USA)
6348,1V9090,13828,VECTOR TECHNOLOGIES LTD,NULL,NULL,6,UNITED STATES (USA)
6644,4M9006,13829,"MUDDY CREEK MANUFACTURING, INC.",NULL,NULL,6,UNITED STATES (USA)
6643,4C9410,13831,"CARTS UNLIMITED ",NULL,NULL,6,UNITED STATES (USA)
6642,50P,13832,BELMONT TRAILERS LLC,NULL,NULL,6,UNITED STATES (USA)
10836,4M9024,13833,"MILLER BY DESIGN LLC ",NULL,NULL,6,UNITED STATES (USA)
6641,4B9097,13834,B.T.L. TRAILERS,NULL,NULL,6,UNITED STATES (USA)
6640,1G9508,13835,CALNAN ENTERPRISES INC.,NULL,NULL,6,UNITED STATES (USA)
10020,7H8,13836,CENNTRO AUTOMOTIVE CORPORATION,NULL,NULL,6,UNITED STATES (USA)
13070,7MW,13836,CENNTRO AUTOMOTIVE CORPORATION,NULL,NULL,NULL,NULL
14342,7ZD,13836,CENNTRO AUTOMOTIVE CORPORATION,NULL,NULL,6,UNITED STATES (USA)
5849,LZS,13838,"CHONGQING ZONGSHEN AUTOMOBILE INDUSTRY CO., LTD.",NULL,NULL,8,CHINA
6639,4B9100,13839,BLACK SCORPION OFF ROAD,NULL,NULL,6,UNITED STATES (USA)
7268,2TU,13841,TRI-STAR INDUSTRIES LIMITED,NULL,NULL,1,CANADA
6401,5P4,13843,POWER SPORTS FACTORY,NULL,NULL,6,UNITED STATES (USA)
6402,1P9616,13844,Pro X Trailers,NULL,NULL,6,UNITED STATES (USA)
6403,1C9754,13846,Robert Van Fleet dba Cash Wagons,NULL,NULL,6,UNITED STATES (USA)
6653,4A9010,13848,AA MUFFLER AND WELDING LLC,NULL,NULL,6,UNITED STATES (USA)
6407,1U9115,13850,Ustankco LLC,NULL,NULL,6,UNITED STATES (USA)
4129,1M9907,13852,"THE MAINE WOOD HEAT CO., INC.",NULL,NULL,6,UNITED STATES (USA)
6652,1L9548,13853,"LAL ACQUISITION, INC.",NULL,NULL,6,UNITED STATES (USA)
7454,4B9129,13854,"B&D FABRICATION, LLC",NULL,NULL,6,UNITED STATES (USA)
6651,4B9101,13855,BETTER BILT CUSTOM FABRICATION & REPAIR,NULL,NULL,6,UNITED STATES (USA)
6650,1G9141,13857,"G.L. NAUSE CO., INC.",NULL,NULL,6,UNITED STATES (USA)
6649,1T9894,13859,TRADEWINDS POWER CORP,NULL,NULL,6,UNITED STATES (USA)
6648,4B9098,13860,BUFFALO TRAILER MANUFACTURING INC.,NULL,NULL,6,UNITED STATES (USA)
6647,1Z9503,13861,Summit Expedition Trailers LLC,NULL,NULL,6,UNITED STATES (USA)
6691,1L9550,13864,LIQUID PARTNERS OF AMERICA LLC,NULL,NULL,6,UNITED STATES (USA)
6688,4M9010,13868,MPD TRAILERS,NULL,NULL,6,UNITED STATES (USA)
7237,1G9073,13875,GLOBAL FABRICATORS,NULL,NULL,6,UNITED STATES (USA)
7238,1G9176,13875,GLOBAL FABRICATORS,NULL,NULL,6,UNITED STATES (USA)
6646,1L9547,13879,"LAKELAND TRAILERS, INC. OF HILL CITY",NULL,NULL,6,UNITED STATES (USA)
12697,7RN,13879,"LAKELAND TRAILERS, INC. OF HILL CITY",NULL,NULL,6,UNITED STATES (USA)
6658,50V,13881,"LIV GOLF CARS, INC.",NULL,NULL,6,UNITED STATES (USA)
2423,VBK,13885,KTM AG,NULL,NULL,7,AUSTRIA
6657,4T9190,13888,"TOWER TRIKES, INC.",NULL,NULL,6,UNITED STATES (USA)
6656,4S9377,13891,STAG TRAILERS MFG LLC.,NULL,NULL,6,UNITED STATES (USA)
6655,1L9546,13897,"LINEMAN & SON ",NULL,NULL,6,UNITED STATES (USA)
6770,4T9203,13909,"THE HANDLEBAR, LLC",NULL,NULL,6,UNITED STATES (USA)
6654,4A9012,13912,"AMAR MOTOR DEVELOPMENT ",NULL,NULL,6,UNITED STATES (USA)
6710,4S9397,13914,SPARTAN TRAILER MFG. INC.,NULL,NULL,6,UNITED STATES (USA)
6732,1H9687,13916,HEMISFEAR CYCLES L.L.C.,NULL,NULL,6,UNITED STATES (USA)
6733,1H9681,13917,HRM UNLIMITED LLC,NULL,NULL,6,UNITED STATES (USA)
6679,50Y,13918,AMERICAN IRONHORSE LLC,NULL,NULL,6,UNITED STATES (USA)
6767,50B,13923,"IRON CRAFT FABRICATION, INC.",NULL,NULL,6,UNITED STATES (USA)
6678,4B9092,13928,"BRUMLEY'S WELDING, LLC",NULL,NULL,6,UNITED STATES (USA)
6768,2H9097,13930,HEAT DESIGN EQUIPMENT INC.,NULL,NULL,1,CANADA
6730,1G9511,13935,"GREEN HOP'R, LLC",NULL,NULL,6,UNITED STATES (USA)
6769,4T9206,13938,"TEREX USA, LLC",NULL,NULL,6,UNITED STATES (USA)
6722,1K9353,13941,KANSAS MOTORCYCLE WORKS LLC,NULL,NULL,6,UNITED STATES (USA)
6680,SJJ,13946,"XIANGRUI VEHICLE CO., LTD.",NULL,NULL,5,UNITED KINGDOM (UK)
6736,4M9012,13952,MUV-ALL TRAILER COMPANY,NULL,NULL,6,UNITED STATES (USA)
8296,1W9567,13957,"WAGS MOTORCYCLE TRAILERS, LLC",NULL,NULL,6,UNITED STATES (USA)
2900,LFP,13960,CHINA FIRST AUTOMOBILE GROUP IMP. % EXP. CORP.,NULL,NULL,8,CHINA
6729,4M9015,13966,MAGNUS INDUSTRIES LLC,NULL,NULL,6,UNITED STATES (USA)
6778,1P9763,13972,PARADISE POWER SPORTS LLC,NULL,NULL,6,UNITED STATES (USA)
7376,7FS,13979,"GENERAC POWER SYSTEMS, INC.",NULL,NULL,6,UNITED STATES (USA)
6553,1C9540,13981,"ARBOC, INC. ",NULL,NULL,6,UNITED STATES (USA)
6777,4T9198,13982,TURF COMMANDERS,NULL,NULL,6,UNITED STATES (USA)
6571,SCB,13983,BENTLEY MOTORS LIMITED,NULL,NULL,5,UNITED KINGDOM (UK)
6801,SJA,13983,BENTLEY MOTORS LIMITED,NULL,NULL,5,UNITED KINGDOM (UK)
6764,1E9578,13985,ERETZ TRAILERS MANUFACTURER,NULL,NULL,6,UNITED STATES (USA)
6763,7F2,13986,"XPO MANUFACTURING, LLC",NULL,NULL,6,UNITED STATES (USA)
6714,4T9207,13989,"TRP MOTORS, LLC",NULL,NULL,6,UNITED STATES (USA)
6762,4B9103,13991,"BLACKSMITH TRAILERS, LLC",NULL,NULL,6,UNITED STATES (USA)
6689,50G,13992,"KARMA AUTOMOTIVE, INC.",NULL,NULL,6,UNITED STATES (USA)
6660,1M9995,13994,"APEX SPECIALTY VEHICLES, LLC",NULL,NULL,6,UNITED STATES (USA)
6661,1J9442,13995,Janssen Welding and Fabrication,NULL,NULL,6,UNITED STATES (USA)
6668,4S9394,13996,THE TORCH CHARIOT LLC,NULL,NULL,6,UNITED STATES (USA)
6667,1Z9479,13997,Inka Outdoor LLC,NULL,NULL,6,UNITED STATES (USA)
6666,1G9015,13998,GALYEAN EQUIPMENT CO.,NULL,NULL,6,UNITED STATES (USA)
6665,1F9449,13999,Francis Trailer Manufacturing Inc.,NULL,NULL,6,UNITED STATES (USA)
6664,1L9540,14000,LANKOTA INC.,NULL,NULL,6,UNITED STATES (USA)
6721,1P9641,14002,"PLUTCHAK FAB, LLC",NULL,NULL,6,UNITED STATES (USA)
6765,4T9205,14003,TUFF MANUFACTURING LLC,NULL,NULL,6,UNITED STATES (USA)
8943,1K9356,14004,"KANAMAK HYDRAULICS, INC.",NULL,NULL,6,UNITED STATES (USA)
6727,4S9290,14005,"SIGNATOUR CAMPERS, LLC",NULL,NULL,6,UNITED STATES (USA)
6675,1P9736,14006,Peachland Design and Fabrication,NULL,NULL,6,UNITED STATES (USA)
6674,1L9539,14007,"Lonestar Dock Products, LLC",NULL,NULL,6,UNITED STATES (USA)
6673,1H9686,14009,"HICKS MANUFACTURING, LLC",NULL,NULL,6,UNITED STATES (USA)
6672,1J9438,14010,JRB Cuz Enterprises,NULL,NULL,6,UNITED STATES (USA)
6671,1F9446,14011,"FUNBUDDY, INC.",NULL,NULL,6,UNITED STATES (USA)
6670,4M9005,14012,"MODERN METALWORX, LLC",NULL,NULL,6,UNITED STATES (USA)
6726,1P9764,14013,POP'S LSV'S,NULL,NULL,6,UNITED STATES (USA)
3893,MD9101,14016,Inder Tool Industries,NULL,NULL,6,UNITED STATES (USA)
6735,1F9455,14023,FOREVER CONCESSION TRAILERS LLC.,NULL,NULL,6,UNITED STATES (USA)
9972,1W9213,14034,"WREN BODY WORKS, LLC",NULL,NULL,6,UNITED STATES (USA)
6717,4M9016,14042,MATRI-ARC CREATIONS LLC,NULL,NULL,6,UNITED STATES (USA)
6773,L1T,14057,"ZHEJIANG DOOHAN TECHNOLOGY CO., LTD.",NULL,NULL,6,UNITED STATES (USA)
6771,4T9196,14090,"T.J. CLARK INTERNATIONAL, LLC",NULL,NULL,6,UNITED STATES (USA)
2983,ZD4,14091,APRILIA S.P.A.,NULL,NULL,9,ITALY
6692,1A9652,14098,ACE TRAILERS,NULL,NULL,6,UNITED STATES (USA)
3656,3A9019,14103,"INDUSTRIAS PRO ACERO MONTERREY, S.A. DE C.V.",NULL,NULL,12,MEXICO
14454,3PT,14103,"INDUSTRIAS PRO ACERO MONTERREY, S.A. DE C.V.",NULL,NULL,12,MEXICO
6774,1H9688,14119,HARDKORE KARTS LLC,NULL,NULL,6,UNITED STATES (USA)
7251,4B9077,14120,BARNSTORM US CORP,NULL,NULL,6,UNITED STATES (USA)
6772,1F9456,14122,"FULL THROTTLE PERFORMANCE FABRICATION ",NULL,NULL,6,UNITED STATES (USA)
2783,ZD3,14129,BETAMOTOR S.P.A.,NULL,NULL,9,ITALY
6720,4B9104,14139,BLUE RIDGE METAL WORKS INC.,NULL,NULL,6,UNITED STATES (USA)
6709,50X,14146,"SPARTAN CARGO TRAILERS, LLC",NULL,NULL,6,UNITED STATES (USA)
3508,2C9201,14151,CAMPAGNA CANADA INC.,NULL,NULL,1,CANADA
7190,2C9145,14151,CAMPAGNA CANADA INC.,NULL,NULL,1,CANADA
3238,WBK,14158,Bocker Maschinenwerke GmbH,NULL,NULL,2,GERMANY
6844,4T9213,14159,TIMBERLAND INC DBA GLACIER,NULL,NULL,6,UNITED STATES (USA)
2794,1C9803,14175,Carolina Trailers,NULL,NULL,6,UNITED STATES (USA)
9223,1P9317,14178,Asphalt Zipper Inc.,NULL,NULL,6,UNITED STATES (USA)
4268,SAY,14186,NORTON MOTORCYCLES UK LTD,NULL,NULL,5,UNITED KINGDOM (UK)
5856,3F6,14190,DAIMLER CHRYSLER DE MEXICO SA DE CV,NULL,NULL,12,MEXICO
6775,1M9966,14192,"MCD MANUFACTURING & REPAIR, INC",NULL,NULL,6,UNITED STATES (USA)
6755,4T9211,14201,TRAYLORCO,NULL,NULL,6,UNITED STATES (USA)
6750,1P9765,14202,PIERPONT ENERGY,NULL,NULL,6,UNITED STATES (USA)
5584,3S9088,14209,"SILOS Y TANQUES GONZALEZ, S.A. DE C.V.",NULL,NULL,12,MEXICO
5239,3T9206,14210,"TANQUES Y REMOLQUES SOL, S.A. DE C.V.",NULL,NULL,12,MEXICO
5094,3P9026,14211,"PRODUCTOS Y SERVICIOS REGGER, S.A. DE C.V.",NULL,NULL,12,MEXICO
6879,4B9106,14212,"BIMOTA SPIRIT LLC ",NULL,NULL,6,UNITED STATES (USA)
6756,4A9015,14213,"APPLIQUE TECHNOLOGIES INTERNATIONAL, LLC",NULL,NULL,6,UNITED STATES (USA)
5225,3T9081,14214,"TANQUES Y REMOLQUES SILMEX, S.A. DE C.V.",NULL,NULL,12,MEXICO
6754,1H9689,14219,HAPPY VALLEY CAMPERS,NULL,NULL,6,UNITED STATES (USA)
6695,1A9329,14225,ATLAS PRECISION / PRO MAGNUM,NULL,NULL,6,UNITED STATES (USA)
6753,1J9441,14227,"JORDAN AIRCRAFT SERVICES, INC.",NULL,NULL,6,UNITED STATES (USA)
3420,LP5,14235,"GUANGZHOU TIANMA GROUP TIANMA MOTORCYCLE CO., LTD.",NULL,NULL,8,CHINA
6676,LXY,14236,"CHONGQING SHINERAY MOTORCYCLE CO., LTD.",NULL,NULL,8,CHINA
4112,3A1,14244,"MANUFACTURAS INDUSTRIALES GAMI, S.A. DE C.V",NULL,NULL,12,MEXICO
5352,3T1,14248,TRAILERS Y TANQUES DE ALUMINIO S.A. DE C.V.,NULL,NULL,12,MEXICO
3480,3B9021,14249,BOSCHER INDUSTRIAS S.A. DE C.V.,NULL,NULL,12,MEXICO
3793,AAW,14250,CHALLENGER TRAILERS PTY LTD,NULL,NULL,10,SOUTH AFRICA
4782,3R9075,14260,RICCO TRAILERS S.A. DE C.V.,NULL,NULL,12,MEXICO
10211,L4W,14270,JINHUA YONGQIANG VEHICLES FACTORY,NULL,NULL,8,CHINA
3581,RL7,14271,GELIMEX,NULL,NULL,38,VIETNAM
6800,ZN6,15956,MASERATI S.P.A.,NULL,NULL,9,ITALY
7440,ZC2,15956,MASERATI S.P.A.,NULL,NULL,9,ITALY
7448,1R9826,15957,RAMPTEK,NULL,NULL,6,UNITED STATES (USA)
7447,1H9692,15958,"HOLLAND INDUSTRIES, LLC",NULL,NULL,6,UNITED STATES (USA)
7442,VF3,15959,AUTOMOBILES PEUGEOT,NULL,NULL,11,FRANCE
7456,4C9307,15960,CROSSMAN TRAILER INC.,NULL,NULL,6,UNITED STATES (USA)
7467,4M9044,15963,MOTO8IGHT,NULL,NULL,6,UNITED STATES (USA)
7473,4B9136,15964,BANDIT CHOPPERS LLC,NULL,NULL,6,UNITED STATES (USA)
7455,4C9451,15965,CAROLINA KUSTOM KARTS & LSV'S,NULL,NULL,6,UNITED STATES (USA)
7468,1H9706,15966,HULK EQUIPMENT CORPORATION,NULL,NULL,6,UNITED STATES (USA)
7453,4A9009,15969,"ADVANCED TECHNOLOGY AUTOMOTIVE COMPANY, LLC.",NULL,NULL,6,UNITED STATES (USA)
7451,1F9475,15970,FWM INC.,NULL,NULL,6,UNITED STATES (USA)
8304,1R9836,15972,REVEL 42 LLC,NULL,NULL,6,UNITED STATES (USA)
7460,1G9533,15973,GALAXY AMERICA INC,NULL,NULL,6,UNITED STATES (USA)
7461,5GL,15975,G.T. EXPRESS ENTERPRISES. INC.,NULL,NULL,6,UNITED STATES (USA)
7458,4S9435,15976,Superior Industries,NULL,NULL,6,UNITED STATES (USA)
7466,5BF,15977,"LEONARD ALUMINUM UTILITY BUILDINGS, LLC.",NULL,NULL,6,UNITED STATES (USA)
9254,1L9218,15977,"LEONARD ALUMINUM UTILITY BUILDINGS, LLC.",NULL,NULL,6,UNITED STATES (USA)
7484,4B9137,15978,"BULLDOG STEEL FABRICATION, LLC",NULL,NULL,6,UNITED STATES (USA)
7487,1E9597,15983,MCMINNVILLE RV SALES CONSIGNMENT,NULL,NULL,6,UNITED STATES (USA)
2190,KMH,15984,HYUNDAI MOTOR CO,NULL,NULL,15,SOUTH KOREA
2197,KM8,15984,HYUNDAI MOTOR CO,NULL,NULL,15,SOUTH KOREA
7471,KPH,15984,HYUNDAI MOTOR CO,NULL,NULL,15,SOUTH KOREA
7617,KMF,15984,HYUNDAI MOTOR CO,NULL,NULL,15,SOUTH KOREA
11072,KMT,15984,HYUNDAI MOTOR CO,NULL,NULL,15,SOUTH KOREA
12119,KMU,15984,HYUNDAI MOTOR CO,NULL,NULL,15,SOUTH KOREA
13351,KME,15984,HYUNDAI MOTOR CO,NULL,NULL,NULL,NULL
7475,4T9132,15985,TRI CITY TRAILERS LLC,NULL,NULL,6,UNITED STATES (USA)
7490,1H9705,15993,HAAS METAL ENGINEERING INC.,NULL,NULL,6,UNITED STATES (USA)
7488,1P9779,15994,Pack Mule Campers,NULL,NULL,6,UNITED STATES (USA)
7486,4T9248,15995,TRU-WELD TRAILERS,NULL,NULL,6,UNITED STATES (USA)
7483,1H9708,15996,HOG HEAVEN CHOPPERS LLC,NULL,NULL,6,UNITED STATES (USA)
7485,1Z9531,15997,O.Z.Z.CHOPPERS,NULL,NULL,6,UNITED STATES (USA)
7497,2R9710,16000,RTD MANUFACTURING INC.,NULL,NULL,1,CANADA
8334,2P9096,16002,PACESETTER MANUFACTURING INC.,NULL,NULL,1,CANADA
7496,1H9051,16003,HART TRAILER LLC,NULL,NULL,6,UNITED STATES (USA)
7494,LM5,16004,"Sanfu Motor Industry ",NULL,NULL,4,TAIWAN
7495,LES,16004,"Sanfu Motor Industry ",NULL,NULL,4,TAIWAN
7955,2S9023,16005,SOUTHLAND TRAILER CORP.,NULL,NULL,1,CANADA
11455,2SF,16005,SOUTHLAND TRAILER CORP.,NULL,NULL,1,CANADA
7552,6K9230,16009,PATRIOT CAMPERS PTY LTD,NULL,NULL,14,AUSTRALIA
14755,6PM,16009,PATRIOT CAMPERS PTY LTD,NULL,NULL,14,AUSTRALIA
7956,4P5,16013,"PJ TRAILERS MANUFACTURING, INC.",NULL,NULL,6,UNITED STATES (USA)
8040,A8M,16015,"MASSIMO MOTOR SPORTS, LLC",NULL,NULL,6,UNITED STATES (USA)
11943,4M9132,16015,"MASSIMO MOTOR SPORTS, LLC",NULL,NULL,6,UNITED STATES (USA)
12710,57G,16015,"MASSIMO MOTOR SPORTS, LLC",NULL,NULL,6,UNITED STATES (USA)
11173,49S,16019,"TRAILS WEST MANUFACTURING OF IDAHO, INC.",NULL,NULL,6,UNITED STATES (USA)
7554,389018,16022,THE TRAILER SHOP PUERTO RICO,NULL,NULL,45,PUERTO RICO
7958,4C9455,16023,"CN ENTERPRISES, LLC",NULL,NULL,6,UNITED STATES (USA)
7571,4C9022,16024,"CW WELDING AND FABRICATION, LLC",NULL,NULL,6,UNITED STATES (USA)
7572,5RF,16024,"CW WELDING AND FABRICATION, LLC",NULL,NULL,6,UNITED STATES (USA)
7577,4S9415,16026,SIRCHIE AQUISITION COMPANY,NULL,NULL,6,UNITED STATES (USA)
7959,4C9452,16027,COLE RETAIL LLC,NULL,NULL,6,UNITED STATES (USA)
7961,4S9438,16029,"SNODGRESS EQUIPMENT, INC.",NULL,NULL,6,UNITED STATES (USA)
12783,4A9169,16036,"ACELA, INC",NULL,NULL,6,UNITED STATES (USA)
8263,4A9045,16037,"ASYLUM HARDWARE, LLC DBA TETONX",NULL,NULL,6,UNITED STATES (USA)
8356,4A9048,16039,"AXIS UNLIMITED, LLC.",NULL,NULL,6,UNITED STATES (USA)
7963,7GG,16044,"SALVATION TRAILERS MFG, LLC",NULL,NULL,6,UNITED STATES (USA)
7965,1U9163,16048,ULTIMATE CLASSIC CARS LP,NULL,NULL,6,UNITED STATES (USA)
7560,ZFR,16053,Pininfarina,NULL,NULL,9,ITALY
2398,SMT,16054,TRIUMPH MOTORCYCLES LIMITED,NULL,NULL,5,UNITED KINGDOM (UK)
7561,SAT,16054,TRIUMPH MOTORCYCLES LIMITED,NULL,NULL,5,UNITED KINGDOM (UK)
7563,1W9594,16055,WILCKEN INDUSTRIES,NULL,NULL,6,UNITED STATES (USA)
7966,4AU,16058,WILSON TRAILER MFG. INC.,NULL,NULL,6,UNITED STATES (USA)
7574,1X9031,16064,"XPLOR CAMPERS, LLC.",NULL,NULL,6,UNITED STATES (USA)
7967,1A9950,16065,AMERICAS BEST CARGO INC.,NULL,NULL,6,UNITED STATES (USA)
8291,1W9595,16068,WOLF TRAILERS,NULL,NULL,6,UNITED STATES (USA)
8204,1K9368,16069,KANSAS TRAILER MANUFACTURING LLC,NULL,NULL,6,UNITED STATES (USA)
11476,1D9791,16070,"DENNIS EAGLE, INC.",NULL,NULL,6,UNITED STATES (USA)
7740,1K9369,16071,KENT POWER INC.,NULL,NULL,6,UNITED STATES (USA)
8030,4T9251,16073,TINY HOME OREGON,NULL,NULL,6,UNITED STATES (USA)
5436,UH2,16077,BRENDERUP TRAILERS,NULL,NULL,54,DENMARK
7590,1B9123,16078,"BUILTRITE TRAILER MFG. ",NULL,NULL,6,UNITED STATES (USA)
7591,40B,16079,Charles H. Burkett's  Autorama,NULL,NULL,6,UNITED STATES (USA)
7592,1B9101,16081,"Bar-Bel Fabricating ",NULL,NULL,6,UNITED STATES (USA)
7594,1C9211,16082,"CREATION DESIGN & MFG., INC.",NULL,NULL,6,UNITED STATES (USA)
7595,1B9089,16083,"BELLUE'S WELDING ",NULL,NULL,6,UNITED STATES (USA)
7596,1C9175,16084,"C.H. CUSTOM COACH ",NULL,NULL,6,UNITED STATES (USA)
7597,13U,16086,"BesTrailers,  Inc",NULL,NULL,6,UNITED STATES (USA)
7598,1B9140,16087,BIENVILLE STEEL INC,NULL,NULL,6,UNITED STATES (USA)
8492,RL9002,16089,HUNG DAO CONTAINER JOINT STOCK CO.,NULL,NULL,38,VIETNAM
8495,RL9001,16092,SAI GON CHAN PHAT JOINT STOCK COMPANY,NULL,NULL,38,VIETNAM
7605,SA9149,16094,"SNORKEL EUROPE LIMITED ",NULL,NULL,5,UNITED KINGDOM (UK)
8510,R1A,16100,"JHC NEW ENERGY VEHICLE HONGKONG CO.,LTD",NULL,NULL,8,CHINA
7599,1A9130,16103,A Bar K Trailers,NULL,NULL,6,UNITED STATES (USA)
7600,1UF,16104,Clint R Woods Inc,NULL,NULL,6,UNITED STATES (USA)
7601,1A9064,16105,Ashford Manufacturing Company,NULL,NULL,6,UNITED STATES (USA)
7602,1A9131,16106,Asphalt Machinery Inc,NULL,NULL,6,UNITED STATES (USA)
7815,1A9055,16107,Anaheim Welding and Fabrication,NULL,NULL,6,UNITED STATES (USA)
7603,1A9110,16108,"Ace Welding Co. ",NULL,NULL,6,UNITED STATES (USA)
7604,2A9053,16109,Kalyn Siebert Inc,NULL,NULL,1,CANADA
7606,1B9125,16110,"BILDON, INC",NULL,NULL,6,UNITED STATES (USA)
7607,1C9189,16112,"CALIFORNIA SIDECAR INC ",NULL,NULL,6,UNITED STATES (USA)
8083,13E,16113,ALLEN MANUFACTURING SYSTEMS INC,NULL,NULL,6,UNITED STATES (USA)
7608,1A0,16114,ART ROLL TECH,NULL,NULL,6,UNITED STATES (USA)
7609,1F9029,16115,FRISBIE CONSTRUCTION CO INC,NULL,NULL,6,UNITED STATES (USA)
7610,1G9064,16116,"Gaitway Trailer Company ",NULL,NULL,6,UNITED STATES (USA)
7611,1G9061,16117,"Garneau's Garage, Inc",NULL,NULL,6,UNITED STATES (USA)
7612,1G9039,16118,GETTIG TECHNOLOGIES LTD,NULL,NULL,6,UNITED STATES (USA)
8271,1K9373,16122,KNIGHT FABRICATING,NULL,NULL,6,UNITED STATES (USA)
7613,177,16123,GOLDEN AGE AUTO CORP,NULL,NULL,6,UNITED STATES (USA)
10229,7HP,16126,"GREEN 4 U INC. ",NULL,NULL,6,UNITED STATES (USA)
8265,4T9255,16128,TRIPLE G GROUP LLC,NULL,NULL,6,UNITED STATES (USA)
9249,16G,16129,"GOOSENECK TRAILER MFG. CO, INC",NULL,NULL,6,UNITED STATES (USA)
7614,1G9074,16130,Griffin Trailer Sales,NULL,NULL,6,UNITED STATES (USA)
7615,1G9057,16131,Grigsby Trailer & Metal Work Co,NULL,NULL,6,UNITED STATES (USA)
7616,1E9038,16132,"ELLIS TRAILERS ",NULL,NULL,6,UNITED STATES (USA)
7618,1H9095,16134,H & W Trailer Works Inc,NULL,NULL,6,UNITED STATES (USA)
7619,1H9068,16135,"Harry Hall Body Shop, Inc",NULL,NULL,6,UNITED STATES (USA)
7620,1H9094,16136,Hamner Welding Co,NULL,NULL,6,UNITED STATES (USA)
7621,1H9086,16138,Hampton Homes Corp,NULL,NULL,6,UNITED STATES (USA)
7622,1H9111,16139,Harnischfeger Corporation,NULL,NULL,6,UNITED STATES (USA)
7623,1H9066,16140,Haul-Rite Inc,NULL,NULL,6,UNITED STATES (USA)
14066,1P9937,16141,PHOENIX CARS LLC,NULL,NULL,6,UNITED STATES (USA)
11529,1D9796,16144,DOOLEY TACKABERRY INC.,NULL,NULL,6,UNITED STATES (USA)
7624,1VF,16145,Hawkeye Eagle Transportation Equipment Co. Inc,NULL,NULL,6,UNITED STATES (USA)
7625,1H9062,16148,Hewitt Tubular Products Inc,NULL,NULL,6,UNITED STATES (USA)
7626,1H9104,16149,Hoedebeck Brothers Inc,NULL,NULL,6,UNITED STATES (USA)
7627,1VB,16150,Houston Marine Containers Inc,NULL,NULL,6,UNITED STATES (USA)
7628,1H9073,16151,"Hydralift Corporation ",NULL,NULL,6,UNITED STATES (USA)
7629,1M9203,16152,422 Marine Co.,NULL,NULL,6,UNITED STATES (USA)
7630,1U5,16154,"Hutchins Company, Inc",NULL,NULL,6,UNITED STATES (USA)
7632,1W9061,16155,"I R Witzer Co. of Florida Inc ",NULL,NULL,6,UNITED STATES (USA)
8270,7F5,16157,17 CREEK ENTERPRISES,NULL,NULL,6,UNITED STATES (USA)
7910,4S9440,16158,"SUPERIOR HANDLING EQUIPMENT, LLC",NULL,NULL,6,UNITED STATES (USA)
7634,127,16159,Ideal Welding Co Inc,NULL,NULL,6,UNITED STATES (USA)
7635,1L9074,16160,ILAUG PRODUCTS INC,NULL,NULL,6,UNITED STATES (USA)
7636,1T9097,16161,"INDUSTRIAL POWER PRODUCTS ",NULL,NULL,6,UNITED STATES (USA)
7637,1H9105,16163,INTERMOUNTAIN FIBERGLASS MFG INC,NULL,NULL,6,UNITED STATES (USA)
8272,1K9372,16167,KERBY BROTHERS LLC,NULL,NULL,6,UNITED STATES (USA)
7638,1T9060,16168,International Tank & Trailer Inc,NULL,NULL,6,UNITED STATES (USA)
7639,1ZF,16169,"International Trailer Corporation ",NULL,NULL,6,UNITED STATES (USA)
7640,141,16170,"KARI-KOOL ",NULL,NULL,6,UNITED STATES (USA)
7641,1C9250,16172,KAST-RITE SILOS INC,NULL,NULL,6,UNITED STATES (USA)
7642,1S9112,16174,"INTERSTATE SUPPLY CO INC ",NULL,NULL,6,UNITED STATES (USA)
7643,1J9047,16175,IRBY CONSTRUCTION CO,NULL,NULL,6,UNITED STATES (USA)
7644,ZCF,16176,"IVECO TRUCKS OF NORTH AMERICAN, INC ",NULL,NULL,9,ITALY
7645,1J9033,16178,"J & C Manufacturing Inc ",NULL,NULL,6,UNITED STATES (USA)
7646,1J9046,16181,Jantz-Femco,NULL,NULL,6,UNITED STATES (USA)
7647,1OY,16182,J D Bertolini Industries Inc,NULL,NULL,6,UNITED STATES (USA)
7648,1J9022,16183,"JEFFERY BROTHERS ",NULL,NULL,6,UNITED STATES (USA)
7649,1F9033,16186,John Fruetel Enterprises Inc,NULL,NULL,6,UNITED STATES (USA)
7650,1W9047,16188,Westline Manufacturing Inc,NULL,NULL,6,UNITED STATES (USA)
7651,1W9073,16190,Wurst Machine And Welding,NULL,NULL,6,UNITED STATES (USA)
7652,7A9005,16191,STEELBRO CONTAINER HANDLING SOLUTIONS,NULL,NULL,56,NEW ZEALAND
7653,2W9080,16192,WCW Walklate,NULL,NULL,6,UNITED STATES (USA)
7654,1D9092,16193,DPL Eurostyle Co.,NULL,NULL,6,UNITED STATES (USA)
7656,1A9143,16194,ACV INC,NULL,NULL,6,UNITED STATES (USA)
7657,1S9253,16195,Simpson Diversified Metal Products,NULL,NULL,6,UNITED STATES (USA)
7658,2BD,16196,AMERICAN MOTOR OF CANADA,NULL,NULL,1,CANADA
7659,1V9045,16198,Vintage Auto Works Inc,NULL,NULL,6,UNITED STATES (USA)
8282,1R9834,16200,"RIDE THE DUCKS INTERNATIONAL, LLC",NULL,NULL,6,UNITED STATES (USA)
13785,7WE,16201,"BOLLINGER MOTORS, INC.",NULL,NULL,NULL,NULL
7863,1J9026,16202,"JACKSON MFG. CO., INC.",NULL,NULL,6,UNITED STATES (USA)
8281,1H9709,16203,HIGH SPEED WELDING LLC,NULL,NULL,6,UNITED STATES (USA)
8279,1J9461,16205,JACKRABBIT FABRICATION LLC,NULL,NULL,6,UNITED STATES (USA)
8290,2K9072,16212,K-LINE TRAILERS LTD.,NULL,NULL,6,UNITED STATES (USA)
8302,L4M,16214,"GUANGDONG MARSHELL ELECTRIC VEHICLE CO., LTD.",NULL,NULL,8,CHINA
8397,2H9071,16219,HEARTLAND TRAILERS OF BC,NULL,NULL,6,UNITED STATES (USA)
8235,4S9428,16221,"Southwest Georgia Wholesale Builders Supply, Inc.",NULL,NULL,6,UNITED STATES (USA)
7687,9BF,16225,FORD MOTOR COMPANY BRASIL LTDA.,NULL,NULL,18,BRAZIL
8370,4M9051,16227,MOTION TRAILER WORX,NULL,NULL,6,UNITED STATES (USA)
7692,1L3,16228,THE HIGHLAND GROUP,NULL,NULL,6,UNITED STATES (USA)
7822,4S9443,16229,CENTEX LEGACY INDUSTRIES,NULL,NULL,6,UNITED STATES (USA)
11891,7LM,16230,MAHINDRA NORTH AMERICAN TECHNICAL CENTER INCORPORATED,NULL,NULL,6,UNITED STATES (USA)
8636,7GB,16230,MAHINDRA NORTH AMERICAN TECHNICAL CENTER INCORPORATED,NULL,NULL,6,UNITED STATES (USA)
8343,46U,16231,"ROADCLIPPER ENTERPRISES, INC.",NULL,NULL,6,UNITED STATES (USA)
7718,1Z9530,16233,ORANGE EV LLC,NULL,NULL,6,UNITED STATES (USA)
7707,1C9599,16234,"COMMERCIAL STRUCTURES, INC",NULL,NULL,6,UNITED STATES (USA)
7704,1B9066,16235,BROUGHAM BRIDGER INC,NULL,NULL,6,UNITED STATES (USA)
7706,1A9082,16236,ADMIRATION HOMES INC,NULL,NULL,6,UNITED STATES (USA)
7705,7A5,16237,FORD MOTOR COMPANY OF NEW ZEALAND LTD,NULL,NULL,56,NEW ZEALAND
8293,1N9371,16239,NEW BUCK CORPORATION,NULL,NULL,6,UNITED STATES (USA)
7715,1E9599,16240,E-Z DISCOUNT INC,NULL,NULL,6,UNITED STATES (USA)
8483,4T9258,16241,TOWMORE,NULL,NULL,6,UNITED STATES (USA)
8294,1E9594,16248,ENDURO TRADE DBA CRUX EXPEDITION TRAILERS,NULL,NULL,6,UNITED STATES (USA)
8236,7FU,16249,SKEETER PRODUCTS INC.,NULL,NULL,6,UNITED STATES (USA)
8301,1W9597,16250,"WESTERN WISCONSIN FABRICATING, LLC",NULL,NULL,6,UNITED STATES (USA)
8295,4M9050,16251,M. B. BOWEN COMPANY LLC,NULL,NULL,6,UNITED STATES (USA)
13496,7VL,16251,M. B. BOWEN COMPANY LLC,NULL,NULL,6,UNITED STATES (USA)
8297,4B9143,16253,BRYAN POAGE INC.,NULL,NULL,6,UNITED STATES (USA)
8220,1J9460,16257,J and P Trailer Company,NULL,NULL,6,UNITED STATES (USA)
8087,1J9457,16259,"JJR, Inc.",NULL,NULL,6,UNITED STATES (USA)
8339,4T9260,16264,TEXAS TINY CABINS,NULL,NULL,6,UNITED STATES (USA)
8299,1F9025,16267,FLEMING TRAILERS INC,NULL,NULL,6,UNITED STATES (USA)
8303,1D9277,16268,DEERSKIN MANUFACTURING INC.,NULL,NULL,6,UNITED STATES (USA)
11478,1E9616,16271,"EFFICIENT DRIVETRAINS, INC.",NULL,NULL,6,UNITED STATES (USA)
8336,4PB,16272,PBM SUPPLY & MANUFACTURING INC,NULL,NULL,6,UNITED STATES (USA)
7816,1A9122,16273,"AEROTEK INC ",NULL,NULL,6,UNITED STATES (USA)
7817,17E,16274,MEARS WELDING & MFG CORP,NULL,NULL,6,UNITED STATES (USA)
7821,1V9033,16275,VERMEER -DELTA,NULL,NULL,6,UNITED STATES (USA)
8065,59R,16276,WORKHORSE GROUP INC.,NULL,NULL,6,UNITED STATES (USA)
8066,59P,16276,WORKHORSE GROUP INC.,NULL,NULL,6,UNITED STATES (USA)
8344,1J9464,16277,"JANAK & SONS, LLC",NULL,NULL,6,UNITED STATES (USA)
8616,2J9011,16279,J & J TRAILERS MANUFACTURERS AND SALES INC.,NULL,NULL,1,CANADA
7931,1A9289,16280,AXIS CORPORATION,NULL,NULL,6,UNITED STATES (USA)
8332,1B9711,16297,B&A TRAILERS INC.,NULL,NULL,6,UNITED STATES (USA)
7903,1L9566,16298,"XTREME OUTDOORS, LLC",NULL,NULL,6,UNITED STATES (USA)
12729,7RU,16298,"XTREME OUTDOORS, LLC",NULL,NULL,6,UNITED STATES (USA)
11260,7JU,16298,"XTREME OUTDOORS, LLC",NULL,NULL,6,UNITED STATES (USA)
12035,1X9036,16298,"XTREME OUTDOORS, LLC",NULL,NULL,6,UNITED STATES (USA)
6798,LRB,16300,SHANGHAI GENERAL MOTORS CORP LTD.,NULL,NULL,8,CHINA
7897,LRE,16300,SHANGHAI GENERAL MOTORS CORP LTD.,NULL,NULL,8,CHINA
14692,1D9687,16301,HOMETOWN MANUFACTURING INC.,NULL,NULL,NULL,NULL
8082,1CK,16302,"CORRECT CRAFT INC ",NULL,NULL,6,UNITED STATES (USA)
8938,7GY,16304,MVM7,NULL,NULL,6,UNITED STATES (USA)
8676,4A9056,16311,"ASPIRETEC, INC.",NULL,NULL,6,UNITED STATES (USA)
8425,1F9480,16312,FAIRVIEW AUTOMATED BURNOUTS,NULL,NULL,6,UNITED STATES (USA)
8345,1Z9536,16314,"OW EXCEL OILFIELD EQUIPMENTS, INC.",NULL,NULL,6,UNITED STATES (USA)
8346,4B9146,16315,BLACKWATER FLEET SERVICES INC,NULL,NULL,6,UNITED STATES (USA)
8355,4C9335,16318,CARY CART COMPANY,NULL,NULL,6,UNITED STATES (USA)
9470,1Z9425,16322,OCTANE TRAILERS LLC,NULL,NULL,6,UNITED STATES (USA)
8360,7GU,16324,BUILT BY KRAMER BBK LLC,NULL,NULL,6,UNITED STATES (USA)
8362,4A9050,16325,AYRO INC,NULL,NULL,6,UNITED STATES (USA)
10057,7J0,16325,AYRO INC,NULL,NULL,6,UNITED STATES (USA)
3717,1H9664,16326,HUGHES & HOWARD ENGINEERING,NULL,NULL,6,UNITED STATES (USA)
8366,1H9665,16326,HUGHES & HOWARD ENGINEERING,NULL,NULL,6,UNITED STATES (USA)
8419,1H9712,16326,HUGHES & HOWARD ENGINEERING,NULL,NULL,6,UNITED STATES (USA)
8388,4C9462,16327,"CROSSROADS MANUFACTURING, LLC",NULL,NULL,6,UNITED STATES (USA)
8384,1J9336,16328,JOHNS GOLF CARS INC,NULL,NULL,6,UNITED STATES (USA)
7964,1E9603,16329,ERNEST SPENCER METALS INC,NULL,NULL,6,UNITED STATES (USA)
8372,4C9402,16330,Cal Central Catering Trailers,NULL,NULL,6,UNITED STATES (USA)
8377,4T9244,16331,Tiny Homes of Oklahoma,NULL,NULL,6,UNITED STATES (USA)
8393,4B9141,16337,BROWNELL BOAT TRAILERS INC.,NULL,NULL,6,UNITED STATES (USA)
8121,1T9030,16339,TUFF BOY SALES INC,NULL,NULL,6,UNITED STATES (USA)
8391,4A9053,16342,AIRBOAT STUFF LLC,NULL,NULL,6,UNITED STATES (USA)
7998,4C9463,16344,C & C MANUFACTURING LLC,NULL,NULL,6,UNITED STATES (USA)
8394,1Z9538,16345,"ADVENTURE RENTALS, LLC",NULL,NULL,6,UNITED STATES (USA)
8403,1P9784,16346,PURDY ADVENTURE TEARDROP TRAILERS LLC,NULL,NULL,6,UNITED STATES (USA)
8399,1L9567,16349,LIFE TINY HOUSE COMPANY,NULL,NULL,6,UNITED STATES (USA)
8431,1D9794,16350,"DIAMOND COMPONENTS, INC.",NULL,NULL,6,UNITED STATES (USA)
8402,4B9148,16351,"BEAR METAL WELDING & FABRICATION, LLC",NULL,NULL,6,UNITED STATES (USA)
8415,1G9537,16355,GFA TRAILERS LLC,NULL,NULL,6,UNITED STATES (USA)
8410,1L9565,16357,"LEGEND MANUFACTURING LLC  ",NULL,NULL,6,UNITED STATES (USA)
8451,2M9193,16360,MUSKOKA TRAILER MANUFACTURING,NULL,NULL,1,CANADA
6582,4B9066,16368,BRC CUSTOM COACHES & TRAILERS,NULL,NULL,6,UNITED STATES (USA)
8589,4DF,16369,"MASTER TOW, INC.",NULL,NULL,6,UNITED STATES (USA)
8481,5VG,16370,"KAUFMAN TRAILERS OF NC, INC.",NULL,NULL,6,UNITED STATES (USA)
12199,15X,16370,"KAUFMAN TRAILERS OF NC, INC.",NULL,NULL,6,UNITED STATES (USA)
8070,1M9309,16371,"MCCLAIN INDUSTRIES COMPANY ",NULL,NULL,6,UNITED STATES (USA)
8682,L83,16379,"NINGBO CENTURY EVA MOTORS CO.,LTD.",NULL,NULL,8,CHINA
8663,1N9372,16383,NEROWALKER BOATS LLC,NULL,NULL,6,UNITED STATES (USA)
8076,1BT,16386,STEELCO INC,NULL,NULL,6,UNITED STATES (USA)
8422,4M9052,16388,"MIDAMERICA EQUIPMENT, INC",NULL,NULL,6,UNITED STATES (USA)
8501,1D9792,16389,WINDROCK TRAILERS INC,NULL,NULL,6,UNITED STATES (USA)
8423,4T9262,16391,TUF CORP.,NULL,NULL,6,UNITED STATES (USA)
8432,7GT,16392,"ALL STAR SOLUTIONS ",NULL,NULL,6,UNITED STATES (USA)
8434,1G9538,16393,"GO RITE TRAILERS, INC.",NULL,NULL,6,UNITED STATES (USA)
8446,1V9209,16398,VIPER CARGO LLC,NULL,NULL,6,UNITED STATES (USA)
8094,NMT,16405,"TOYOTA MOTOR MANUFACTURING,TURKEY ,INC.",NULL,NULL,13,TURKEY
10098,4S9444,16407,"SEEDLING HOMES, LLC.",NULL,NULL,6,UNITED STATES (USA)
8455,1E9605,16408,EASYWAY TRAILERS INC,NULL,NULL,6,UNITED STATES (USA)
8460,1E9600,16409,ELSEY MFG. LLC,NULL,NULL,6,UNITED STATES (USA)
8467,1P9762,16410,Purgatory Towing Inc.,NULL,NULL,6,UNITED STATES (USA)
8491,4M9055,16413,MCCOY MANUFACTURING LLC.,NULL,NULL,6,UNITED STATES (USA)
8471,7FE,16417,ARCH BUILDERS LLC.,NULL,NULL,6,UNITED STATES (USA)
8497,4T9267,16420,"TRAILER TIME ENTERPRISES, LLC.",NULL,NULL,6,UNITED STATES (USA)
8706,1H9714,16421,"HBC GROUP, LLC",NULL,NULL,6,UNITED STATES (USA)
13111,1F9560,16422,FOUTS BROS. INC. D/B/A SMYRNA TRUCK & CARGO,NULL,NULL,NULL,NULL
8664,1R9840,16426,RTM SERVICES,NULL,NULL,6,UNITED STATES (USA)
8496,1Z9467,16427,"ODULAIR, LLC",NULL,NULL,6,UNITED STATES (USA)
11535,1V9218,16431,"VLF AUTOMOTIVE, LLC",NULL,NULL,6,UNITED STATES (USA)
8488,1P9787,16434,PORTABOARDS ENTERPRISES LLC,NULL,NULL,6,UNITED STATES (USA)
8486,1K9376,16436,"K&K REPAIR SERVICE, LLC",NULL,NULL,6,UNITED STATES (USA)
8182,1M9642,16439,ADVANCE MECHANICAL SERVICE,NULL,NULL,6,UNITED STATES (USA)
8699,4B9151,16441,"BELLAMY'S OUTDOOR SPORTS, INC.",NULL,NULL,6,UNITED STATES (USA)
8187,1L9154,16443,"INTERNATIONAL LIFT CORPORATION ",NULL,NULL,6,UNITED STATES (USA)
8477,1J9463,16444,J AND E STEEL LLC,NULL,NULL,6,UNITED STATES (USA)
8474,4T9093,16446,THE HYDROSEEDING COMPANY LLC,NULL,NULL,6,UNITED STATES (USA)
8257,1B9731,16448,BOLINGER INC.,NULL,NULL,6,UNITED STATES (USA)
8222,1P9514,16452,"PETTY TRAILERS ",NULL,NULL,6,UNITED STATES (USA)
8937,XPM,16457,VANCLAES BOAT TRAILERS,NULL,NULL,6,UNITED STATES (USA)
8588,4T9266,16463,TEDSON TRAILER & EQUIPMENT REPAIR LLC,NULL,NULL,6,UNITED STATES (USA)
9007,4S9450,16465,"SHIFT MOTORSPORTS, LLC",NULL,NULL,6,UNITED STATES (USA)
8619,4T9269,16466,THE WELDING WORKS,NULL,NULL,6,UNITED STATES (USA)
8869,1V9217,16469,"VRV, Inc.",NULL,NULL,6,UNITED STATES (USA)
8620,4A9058,16472,AUTO-MANIA,NULL,NULL,6,UNITED STATES (USA)
8359,1U9093,16473,ULTIMATE CUSTOM CYCLES AND FRAMES,NULL,NULL,6,UNITED STATES (USA)
8698,1F9451,16474,FNA GROUP INC,NULL,NULL,6,UNITED STATES (USA)
8342,1C9917,16475,"CHEMGUARD INC ",NULL,NULL,6,UNITED STATES (USA)
8389,1B9725,16476,BULLDOG TRAILERWORKS,NULL,NULL,6,UNITED STATES (USA)
6698,LYV,16477,DAQING VOLVO CAR MANUFACTURING CO LTD,NULL,NULL,8,CHINA
8254,LVY,16477,DAQING VOLVO CAR MANUFACTURING CO LTD,NULL,NULL,8,CHINA
2362,3VW,16478,VOLKSWAGEN DE MEXICO SA DE CV,NULL,NULL,12,MEXICO
8255,3VV,16478,VOLKSWAGEN DE MEXICO SA DE CV,NULL,NULL,12,MEXICO
8457,1M9706,16479,"MACH ONE TRAILERS ",NULL,NULL,6,UNITED STATES (USA)
8456,869001,16480,"FAJUMES SA DE CV ",NULL,NULL,98,EL SALVADOR
8450,1C9956,16481,CAMPER PRODUCT INC,NULL,NULL,6,UNITED STATES (USA)
8851,4M9033,16482,M-CO WELDING,NULL,NULL,6,UNITED STATES (USA)
8621,4M9058,16484,M8-A1 MULE OFF ROAD TRAILER,NULL,NULL,6,UNITED STATES (USA)
8468,1E9392,16489,"ETI GLOBAL SOLUTIONS ",NULL,NULL,6,UNITED STATES (USA)
8479,1B9707,16490,BC TRAILERS,NULL,NULL,6,UNITED STATES (USA)
11305,YA3,16497,ATLAS COPCO AIRPOWER NV,NULL,NULL,22,BELGIUM
8593,1Z9525,16499,"IN2GO INDUSTRIES, LLC",NULL,NULL,6,UNITED STATES (USA)
8624,1E9297,16500,E.H. WACHS COMPANY,NULL,NULL,6,UNITED STATES (USA)
9649,1Z9543,16501,Inverom Corp,NULL,NULL,6,UNITED STATES (USA)
8625,4T9215,16502,"THIELEN MACHINE & WELDING, INC",NULL,NULL,6,UNITED STATES (USA)
8633,1P9731,16503,PRO PULL,NULL,NULL,6,UNITED STATES (USA)
9197,4B9102,16505,BEAR BONES SYSTEMS LLC,NULL,NULL,6,UNITED STATES (USA)
8628,1E9608,16507,EPIC MANUFACTURING LLC,NULL,NULL,6,UNITED STATES (USA)
8862,2B9001,16509,B.W.S. MANUFACTURING LTD.,NULL,NULL,1,CANADA
14548,2XB,16509,B.W.S. MANUFACTURING LTD.,NULL,NULL,NULL,NULL
8629,1Z9540,16511,IDEAL WELDING,NULL,NULL,6,UNITED STATES (USA)
8659,4S9449,16512,STANFORD MANUFACTURING CO.,NULL,NULL,6,UNITED STATES (USA)
8590,4C9466,16513,"CARRIER SYSTEMS, LLC",NULL,NULL,6,UNITED STATES (USA)
8321,1Z9235,16514,INLAND EMPIRE CHOPPERS,NULL,NULL,6,UNITED STATES (USA)
11922,4S9436,16515,SATURN MACHINE & WELDING CO. INC.,NULL,NULL,6,UNITED STATES (USA)
8335,1T9811,16520,"THOMPSON CHOPPERS INC ",NULL,NULL,6,UNITED STATES (USA)
8666,4C9244,16521,COPY CATT TRAILERS,NULL,NULL,6,UNITED STATES (USA)
8347,5V8,16522,VANGUARD NATIONAL TRAILER CORPORTATION,NULL,NULL,6,UNITED STATES (USA)
8499,3C9218,16523,CUSITEC SA DE CV,NULL,NULL,12,MEXICO
8701,4T9274,16530,TRU LEVEL TRAILERS,NULL,NULL,6,UNITED STATES (USA)
8703,1G9467,16534,"GENESIS SUPREME RV, INC.",NULL,NULL,6,UNITED STATES (USA)
9673,7HN,16534,"GENESIS SUPREME RV, INC.",NULL,NULL,6,UNITED STATES (USA)
9671,LA9TJV,16537,"ZHUMADIAN DALI TIANJUN SPECIAL VEHICLE MANUFACTURING CO., LTD",NULL,NULL,8,CHINA
8697,1D9802,16539,"DKOI, INC.",NULL,NULL,6,UNITED STATES (USA)
8932,1V9203,16542,KIEPE ELECTRIC INC.,NULL,NULL,6,UNITED STATES (USA)
9198,1K9378,16542,KIEPE ELECTRIC INC.,NULL,NULL,6,UNITED STATES (USA)
9066,1W9600,16544,WHISPERING PINES FABRICATING,NULL,NULL,6,UNITED STATES (USA)
10711,4CZ,16553,CZ ENGINEERING INC,NULL,NULL,6,UNITED STATES (USA)
8988,4A9060,16555,ARC SALES AND SERVICE,NULL,NULL,6,UNITED STATES (USA)
8798,1B9722,16557,BLACK LABEL CHOPPERS LLC,NULL,NULL,6,UNITED STATES (USA)
8789,1M9509,16558,MARINE TRANSPORTATION EQUIPMENT CO. INC,NULL,NULL,6,UNITED STATES (USA)
3610,5R3,16559,HOMIER DISTRIBUTING INC,NULL,NULL,6,UNITED STATES (USA)
8816,1R9536,16560,"RACE COACHES LLC ",NULL,NULL,6,UNITED STATES (USA)
8825,1R9509,16561,R&S CUSTOM CYCLES,NULL,NULL,6,UNITED STATES (USA)
8954,4A9061,16563,AMERICAN TRAILER AND MANUFACTURING LLC,NULL,NULL,NULL,NULL
8833,MAJ,16564,FORD INDIA LTD,NULL,NULL,36,INDIA
8992,4B9155,16565,TRI COUNTY TRAILER MFG &SALES LLC,NULL,NULL,6,UNITED STATES (USA)
8834,4KN,16566,"MONROE TOWMASTER, LLC",NULL,NULL,6,UNITED STATES (USA)
8927,1R9844,16567,ROADHOG TRAILER MFG.,NULL,NULL,6,UNITED STATES (USA)
8989,4T9272,16568,TRAILER REBUILDERS INC.,NULL,NULL,6,UNITED STATES (USA)
8953,4B9157,16569,BCA INDUSTRIES,NULL,NULL,6,UNITED STATES (USA)
8991,1E9602,16570,EDENVILLE EQUIPMENT LLC,NULL,NULL,6,UNITED STATES (USA)
8859,2TV,16573,TITAN TRAILERS INC.,NULL,NULL,1,CANADA
11074,2K9035,16573,TITAN TRAILERS INC.,NULL,NULL,1,CANADA
9309,3J9001,16578,JESUS ALBERTO RENTERIA ARMENDARIZ,NULL,NULL,6,UNITED STATES (USA)
8993,4M9063,16581,"MYERS FABRICATION, INC",NULL,NULL,6,UNITED STATES (USA)
8956,7H6,16583,"ALLIANCE NORTH AMERICA, INC.",NULL,NULL,6,UNITED STATES (USA)
8994,1M9725,16584,MIROX CORPORATION,NULL,NULL,6,UNITED STATES (USA)
8986,1G9148,16585,GOLF CAR LIMITED,NULL,NULL,6,UNITED STATES (USA)
9528,4RA,16586,"INTERSTATE GROUP, LLC",NULL,NULL,6,UNITED STATES (USA)
9028,4M9060,16589,"MIDWEST EQUIPMENT MANUFACTURING, INC.",NULL,NULL,6,UNITED STATES (USA)
9029,1H9713,16590,"HI-STANDARD MANUFACTURING, INC.",NULL,NULL,6,UNITED STATES (USA)
9006,7GE,16591,"THURO-BILT, INC.",NULL,NULL,6,UNITED STATES (USA)
8836,1G9459,16598,"GUARDIAN TRAILER INC. A DIVISION OF ROGUE JET BOATWORKS, INC.",NULL,NULL,6,UNITED STATES (USA)
9024,1Z9544,16599,ON-SITE SERVICES MID MICHIGAN,NULL,NULL,6,UNITED STATES (USA)
8837,1B9381,16602,"B-WELDING ",NULL,NULL,6,UNITED STATES (USA)
8942,1D9797,16603,"DENNEY BROTHERS FABRICATION, LLC",NULL,NULL,6,UNITED STATES (USA)
12317,1F9135,16605,FINN CORPORATION,NULL,NULL,6,UNITED STATES (USA)
9932,4RW,16615,"RICE AND WOOLARD MANUFACTURING, INC.",NULL,NULL,6,UNITED STATES (USA)
8839,1L9200,16616,"LDC INDUSTRIES, INC",NULL,NULL,6,UNITED STATES (USA)
8841,1M9270,16617,"MID-AMERICA TRUCK EQUIPMENT, INC",NULL,NULL,6,UNITED STATES (USA)
8842,1A9244,16618,ADVANCED FABRICATORS INC,NULL,NULL,6,UNITED STATES (USA)
8843,1J9094,16619,J & T MERCHANDISE INC,NULL,NULL,6,UNITED STATES (USA)
8845,1F9090,16620,FREDERIKSEN ENTERPRISES INC,NULL,NULL,6,UNITED STATES (USA)
8847,1S9350,16631,"STAR WAGGONS, INC",NULL,NULL,6,UNITED STATES (USA)
8848,1M9378,16633,MARSHALL WELDING INC,NULL,NULL,6,UNITED STATES (USA)
8849,1W9162,16634,W. JOHN PRICE MANUFACTURING AND REPAIR,NULL,NULL,6,UNITED STATES (USA)
8850,1F9103,16635,"OLYMPIC FIBERGLASS INDUSTRIES, INC ",NULL,NULL,6,UNITED STATES (USA)
8941,4T9277,16637,TOBY'S MECHANICAL LLC,NULL,NULL,6,UNITED STATES (USA)
8852,1D9193,16646,DICKSON INDUSTRIES INC,NULL,NULL,6,UNITED STATES (USA)
8957,1U9167,16647,"US PRECISION CONSTRUCTION, LLC",NULL,NULL,6,UNITED STATES (USA)
8940,4C9474,16648,C3 WELDING & FABRICATION,NULL,NULL,6,UNITED STATES (USA)
8856,1D9141,16651,"DURALITE, INC",NULL,NULL,6,UNITED STATES (USA)
9084,1A9206,16652,"AGRI-MART, INC",NULL,NULL,6,UNITED STATES (USA)
8857,LPP,16653,NANCHANG AIRCRAFT MFG. CO ( HONGDU MACHINERY PLANT),NULL,NULL,8,CHINA
8858,1T9281,16654,TEMPLES TRAILER SALES INC,NULL,NULL,6,UNITED STATES (USA)
9030,1Z9545,16655,OCS MARINE INC,NULL,NULL,6,UNITED STATES (USA)
9253,1H9716,16656,HUMBLE HOMES MANAGEMENT LLC,NULL,NULL,6,UNITED STATES (USA)
8860,1D9192,16657,"DIAMOND H SALES ",NULL,NULL,6,UNITED STATES (USA)
8861,1D9020,16658,"DANCO TRAILERS, INC",NULL,NULL,6,UNITED STATES (USA)
8863,4DM,16659,"SIVAD, INC",NULL,NULL,6,UNITED STATES (USA)
8864,1H9199,16660,"HERCULES COACH & MFG. CO, INC ",NULL,NULL,6,UNITED STATES (USA)
8865,1T9279,16661,"TNT JET TECH, INC",NULL,NULL,6,UNITED STATES (USA)
8870,1P9210,16662,PERFORMANCE FABRICATING,NULL,NULL,6,UNITED STATES (USA)
8871,1T9280,16663,"TECHNICAL STRUCTURES, INC",NULL,NULL,6,UNITED STATES (USA)
8873,1T9254,16666,"TIMBERLINE ENTERPRISES ",NULL,NULL,6,UNITED STATES (USA)
8874,1A9248,16667,ATWOOD TRAILERS,NULL,NULL,6,UNITED STATES (USA)
8877,1R9185,16668,"RENCO, INC",NULL,NULL,6,UNITED STATES (USA)
8878,1D9197,16669,DIAMOND B TRAILERWORKS,NULL,NULL,6,UNITED STATES (USA)
8880,1A9229,16670,"A.P.E, INC",NULL,NULL,6,UNITED STATES (USA)
8881,1B9282,16671,"B & S TRAILER SALES ",NULL,NULL,6,UNITED STATES (USA)
8882,1H9197,16672,HAWKINS WESTERN WORLD,NULL,NULL,6,UNITED STATES (USA)
8883,1B9276,16673,"BROCK'S FIELD SERVICE FABRICATION ",NULL,NULL,6,UNITED STATES (USA)
9052,1K9377,16674,KNUTSON ENGINEERING LLC,NULL,NULL,6,UNITED STATES (USA)
8886,1F9107,16677,FOX BETTER BUILT TRAILERS,NULL,NULL,6,UNITED STATES (USA)
8887,1C9447,16678,"CROWD PLEASERS, INC",NULL,NULL,6,UNITED STATES (USA)
8888,1L9006,16679,LODAL LLC,NULL,NULL,6,UNITED STATES (USA)
8889,1T9278,16680,"TAYLOR TRAILERS (DIVISION OF DACODA TRAILERS, INC)",NULL,NULL,6,UNITED STATES (USA)
8890,1M9382,16681,"MARSH INDUSTRIAL SERVICES, INC",NULL,NULL,6,UNITED STATES (USA)
8891,1E9140,16682,"EL-SAN, INC",NULL,NULL,6,UNITED STATES (USA)
8892,1H9213,16685,HARCO TRAILERS,NULL,NULL,6,UNITED STATES (USA)
8895,4HC,16686,C.V. INC,NULL,NULL,6,UNITED STATES (USA)
8896,1C9477,16687,CJ CARGO INC,NULL,NULL,6,UNITED STATES (USA)
8897,1E9136,16688,OGAWA ENTERPRISE,NULL,NULL,6,UNITED STATES (USA)
8898,4GU,16690,"SWEITZER COMPANIES ",NULL,NULL,6,UNITED STATES (USA)
8973,1S9362,16690,"SWEITZER COMPANIES ",NULL,NULL,6,UNITED STATES (USA)
8901,1E9141,16691,EAST KENTUCKY TRAILERS MFG. CO,NULL,NULL,6,UNITED STATES (USA)
8902,1F9124,16692,FABRICATION & DESIGN INC,NULL,NULL,6,UNITED STATES (USA)
8905,1D9226,16693,DURANGO TRAILER MFG.,NULL,NULL,6,UNITED STATES (USA)
8906,1T9311,16694,"TRI-DEN, INC",NULL,NULL,6,UNITED STATES (USA)
8911,1F9125,16695,FIBERGLASS PROTOTYPES DEVELOPMENT MANUFACTURING COMPANY,NULL,NULL,6,UNITED STATES (USA)
8913,1J9119,16696,"JAMES EQUIPMENT COMPANY, INC",NULL,NULL,6,UNITED STATES (USA)
8916,4PM,16697,PLAYBUOY PONTOON MFG. INC,NULL,NULL,6,UNITED STATES (USA)
8917,1A9286,16699,AFTER-MARKET SPECIALTIES,NULL,NULL,6,UNITED STATES (USA)
8918,1C9428,16700,CROMWELL BUILDERS MANUFACTURING INC,NULL,NULL,6,UNITED STATES (USA)
8939,4M9062,16701,M AND S AUTO SALES INC,NULL,NULL,6,UNITED STATES (USA)
8920,1S9415,16702,"SUGGS MANUFACTURING COMPANY ",NULL,NULL,6,UNITED STATES (USA)
8921,1B9316,16703,B B's TRAILERS,NULL,NULL,6,UNITED STATES (USA)
8923,1F9106,16704,"FARMERS & CONTRACTORS SUPPLY CO. ",NULL,NULL,6,UNITED STATES (USA)
8924,1S9358,16705,"SERVICES & MATERIALS COMPANY ",NULL,NULL,6,UNITED STATES (USA)
9063,4B9159,16706,BULLY BRAND TRAILERS,NULL,NULL,6,UNITED STATES (USA)
8926,1M9380,16707,"MICHAEL MANUFACTURING AND REPAIR ",NULL,NULL,6,UNITED STATES (USA)
8928,1V9061,16708,"VRC INDUSTRIES ",NULL,NULL,6,UNITED STATES (USA)
8929,1P9217,16709,POTTER & SON TRAILER FABRICATING INC,NULL,NULL,6,UNITED STATES (USA)
8930,1T9273,16710,"T & R RACING AND FABRICATION ",NULL,NULL,6,UNITED STATES (USA)
8931,1V9060,16711,"VALLEY MANUFACTURING, INC",NULL,NULL,6,UNITED STATES (USA)
9391,7G1,16712,DISCOVERY CARGO TRAILERS INC.,NULL,NULL,6,UNITED STATES (USA)
8935,1A9247,16714,"ADVANCED CONTAINMENT SYSTEMS, INC",NULL,NULL,6,UNITED STATES (USA)
8944,1C9443,16717,"CENTER LINE FABRICATORS, INC",NULL,NULL,6,UNITED STATES (USA)
8945,1B9269,16718,"BRESEE MANUFACTURING ",NULL,NULL,6,UNITED STATES (USA)
8946,1F9069,16719,"FUQUA HOMES, INC",NULL,NULL,6,UNITED STATES (USA)
8947,1H9196,16720,HYDRA PLATFORMS MFG. INC,NULL,NULL,6,UNITED STATES (USA)
8949,1S9369,16721,"SIMPLEX, INC",NULL,NULL,6,UNITED STATES (USA)
8950,1S9364,16722,SPECTRUM ENGINEERING HAWAII,NULL,NULL,6,UNITED STATES (USA)
8955,1P9211,16725,"PACIFIC INDUSTRIAL SUPPLY ",NULL,NULL,6,UNITED STATES (USA)
8958,1C9453,16726,"COBRA CARS, INC",NULL,NULL,6,UNITED STATES (USA)
8959,1G9020,16727,GLENN ENGINEERING INC,NULL,NULL,6,UNITED STATES (USA)
8960,4EC,16728,TFK CUSTOM TRAILER,NULL,NULL,6,UNITED STATES (USA)
8961,4EG,16729,CARTER BROTHERS MFG. CO. INC,NULL,NULL,6,UNITED STATES (USA)
8962,1F9112,16730,FISHER WELDING COMPANY,NULL,NULL,6,UNITED STATES (USA)
8963,1K9109,16731,"KEYWAY FABRICATION & DESIGN ",NULL,NULL,6,UNITED STATES (USA)
8964,1P9215,16732,PAYNE'S TRAILER,NULL,NULL,6,UNITED STATES (USA)
8965,1A9253,16733,THE ALLIED GROUP,NULL,NULL,6,UNITED STATES (USA)
8967,1J9104,16734,INDUSTRIAL AIR PRODUCTS (IAP) INC,NULL,NULL,6,UNITED STATES (USA)
8968,1J9081,16735,JOHNSON'S WELDING,NULL,NULL,6,UNITED STATES (USA)
8969,1J9100,16736,"INDEPENDENT TRAILER & REPAIR, INC",NULL,NULL,6,UNITED STATES (USA)
8971,1C9436,16739,"CARRIER TRANSPORTS, INC",NULL,NULL,6,UNITED STATES (USA)
8972,1L9139,16740,L& J HYDRAULICS CO.,NULL,NULL,6,UNITED STATES (USA)
8995,2DE,16743,DOEPKER INDUSTRIES LTD.,NULL,NULL,1,CANADA
11475,SEG,16747,"DENNIS EAGLE, LTD.",NULL,NULL,5,UNITED KINGDOM (UK)
9042,2T9016,16749,TY-CROP MANUFACTURING LTD.,NULL,NULL,1,CANADA
8974,1J9103,16753,JERRY JOHNSON TRAILER SALES,NULL,NULL,6,UNITED STATES (USA)
8975,1F9117,16754,FRAMTRAC MANUFACTURING CO. LTD,NULL,NULL,6,UNITED STATES (USA)
8976,1N9079,16755,CHAPARRAL TRAILERS OF IOWA,NULL,NULL,6,UNITED STATES (USA)
8977,1B9290,16756,BAY EQUIPMENT AND REPAIR,NULL,NULL,6,UNITED STATES (USA)
8978,4E8,16757,E & T UTILITY TRAILERS,NULL,NULL,6,UNITED STATES (USA)
8979,1D9200,16758,DENTON TRAILER CO.,NULL,NULL,6,UNITED STATES (USA)
8983,1S9422,16760,SIOUXLAND TRAILER SALES INC,NULL,NULL,6,UNITED STATES (USA)
8985,1H9222,16761,HUNTER MARINE CORP.,NULL,NULL,6,UNITED STATES (USA)
8987,1J9121,16763,"JOHNSON MANUFACTURING, INC",NULL,NULL,6,UNITED STATES (USA)
8990,49Z,16765,"QUALITY PRODUCTS ",NULL,NULL,6,UNITED STATES (USA)
9064,1F9410,16768,"GOFSR, LLC D/B/A FREESPIRIT RECREATION",NULL,NULL,6,UNITED STATES (USA)
8996,1N9081,16769,NEW TECH MACHINERY CORP.,NULL,NULL,6,UNITED STATES (USA)
8997,1T9299,16770,TODD GEISERT WELDING SALES & SERVICE,NULL,NULL,6,UNITED STATES (USA)
8998,1N9075,16771,"NORTH VALLEY INDUSTRIES, INC ",NULL,NULL,6,UNITED STATES (USA)
8999,1D9203,16772,D & M TRAILERS,NULL,NULL,6,UNITED STATES (USA)
9000,1R9145,16773,R.G. HOOD WELDING SERVICE,NULL,NULL,6,UNITED STATES (USA)
9001,1C9462,16774,COLEMAN'S CUSTOM WELDING INC,NULL,NULL,6,UNITED STATES (USA)
9003,1C9376,16776,"CUSTOM SALES AND SERVICE, INC",NULL,NULL,6,UNITED STATES (USA)
9004,1N9085,16777,"NORTH STAR MFG. ",NULL,NULL,6,UNITED STATES (USA)
9005,1W9184,16778,"WEN C, INC",NULL,NULL,6,UNITED STATES (USA)
9060,1W9602,16779,WICKED COOL MOTORCYCLES LLC,NULL,NULL,6,UNITED STATES (USA)
9652,1D9120,16780,DAVE HANSON TRAILERS INC,NULL,NULL,6,UNITED STATES (USA)
9008,1N9086,16781,"NATIONAL GROUP OF COMPANIES, INC",NULL,NULL,6,UNITED STATES (USA)
9061,4A9066,16784,ALUMATREK CUSTOM ALUMINUM TRAILERS INC,NULL,NULL,6,UNITED STATES (USA)
12072,4A9147,16784,ALUMATREK CUSTOM ALUMINUM TRAILERS INC,NULL,NULL,6,UNITED STATES (USA)
9009,3A9005,16785,ALVAREZ - TALLER DE TORNOS Y SOLDADURA,NULL,NULL,12,MEXICO
9010,1W9202,16786,"WTM, INC",NULL,NULL,6,UNITED STATES (USA)
11748,1W9160,16786,"WTM, INC",NULL,NULL,6,UNITED STATES (USA)
9011,1F9130,16787,"FIVE STAR TRAILER AND EQUIPMENT ",NULL,NULL,6,UNITED STATES (USA)
9013,1U9047,16788,UNGER & WILHELM INC,NULL,NULL,6,UNITED STATES (USA)
9071,1P9794,16789,PRODUCTION AUTOMOTIVE SERVICES,NULL,NULL,NULL,NULL
9014,1B9318,16791,"BACKWATER TRAILERS ",NULL,NULL,6,UNITED STATES (USA)
9015,1G9154,16792,GOLDEN WEST HOMES,NULL,NULL,6,UNITED STATES (USA)
9016,1A9142,16793,"ALCAN TRAVELER, INC",NULL,NULL,6,UNITED STATES (USA)
9076,1C9026,16794,"COWBOY COACHES ",NULL,NULL,6,UNITED STATES (USA)
13373,1C9510,16794,"COWBOY COACHES ",NULL,NULL,6,UNITED STATES (USA)
9018,1L9161,16796,LAZY-DAZ INC,NULL,NULL,6,UNITED STATES (USA)
9069,4B9160,16797,BROWN'S WELDING AND STEEL,NULL,NULL,6,UNITED STATES (USA)
9019,4K6,16798,"CLASSIC TRAILERS, INC",NULL,NULL,6,UNITED STATES (USA)
11195,1H9218,16799,"HESPERIA'S SCHELL CITY ",NULL,NULL,6,UNITED STATES (USA)
9020,1H9230,16800,"HAYES TRUCK & TRAILERS ",NULL,NULL,6,UNITED STATES (USA)
9021,1E9152,16801,EARTHWORM INC,NULL,NULL,6,UNITED STATES (USA)
9022,1T9359,16802,"TRAILS END MANUFACTURING, INC",NULL,NULL,6,UNITED STATES (USA)
9023,1A9294,16803,"AJAX TRAILERS, INC ",NULL,NULL,6,UNITED STATES (USA)
9026,1W9205,16804,"WESTECH CUSTOM METAL FABRICATION ",NULL,NULL,6,UNITED STATES (USA)
9027,1F9129,16805,"MARION FABTECH, INC",NULL,NULL,6,UNITED STATES (USA)
9031,1H9232,16806,"HYDRA RIG INCORPORATED ",NULL,NULL,6,UNITED STATES (USA)
9032,1M9427,16807,M & T RESEARCH AND DEVELOPMENT,NULL,NULL,6,UNITED STATES (USA)
9033,1P9248,16808,"PRECISION WELDING ",NULL,NULL,6,UNITED STATES (USA)
9034,1J9128,16810,"JOHNNY'S TRUCK AND TRAILERS ",NULL,NULL,6,UNITED STATES (USA)
9035,1B9321,16812,"BRYANT'S TRAILERS, INC",NULL,NULL,6,UNITED STATES (USA)
9036,4BE,16813,"NATIONAL MANUFACTURING COMPANY  ",NULL,NULL,6,UNITED STATES (USA)
9039,4A9064,16814,ALASKA FRONTIER FABRICATION LLC,NULL,NULL,6,UNITED STATES (USA)
9037,1S9431,16816,"SHUFFETT MACHINE & WELDING, INC",NULL,NULL,6,UNITED STATES (USA)
9038,1F9128,16817,"FOWLER TRAILERS, INC ",NULL,NULL,6,UNITED STATES (USA)
9580,1P9755,16818,PackUp Trailers,NULL,NULL,6,UNITED STATES (USA)
9068,1W9598,16819,"WOW CARGO TRAILERS, LLC",NULL,NULL,6,UNITED STATES (USA)
9581,1M9875,16820,Melissa's Golf Carts Inc,NULL,NULL,6,UNITED STATES (USA)
9040,1V9066,16821,VAN KAM TRUCK & TRAILER,NULL,NULL,6,UNITED STATES (USA)
9043,1R9216,16826,ENVIROQUIP SYSTEMS INC,NULL,NULL,6,UNITED STATES (USA)
9044,1S9436,16828,"SHANNON CUSTOM TRAILERS ",NULL,NULL,6,UNITED STATES (USA)
9045,UH5,16833,CITYCOM ELEKTROMOBILFABRIK A/S,NULL,NULL,54,DENMARK
9065,4M9065,16834,"Mid-State Trailers, Inc.",NULL,NULL,6,UNITED STATES (USA)
9047,1P9246,16836,"PLS TRAILER MANUFACTURING ",NULL,NULL,6,UNITED STATES (USA)
9048,1P9243,16837,P/TAC INDUSTRIES INC,NULL,NULL,6,UNITED STATES (USA)
9049,1T9366,16838,TECHWELD EQUIPMENT CO. INC,NULL,NULL,6,UNITED STATES (USA)
9050,1S9427,16839,"SOUTHERN SPECIALTY WELDING ",NULL,NULL,6,UNITED STATES (USA)
9051,1N9107,16841,"NEW HORIZONS RESEARCH CORPORATION ",NULL,NULL,6,UNITED STATES (USA)
9053,1M9437,16842,"MINNESOTA VALLEY ENGINEERING, INC",NULL,NULL,6,UNITED STATES (USA)
9054,1C9519,16843,C-R CHEETAH RACE CARS,NULL,NULL,6,UNITED STATES (USA)
9055,1E9151,16846,"ELITE TRAILERS, INC",NULL,NULL,6,UNITED STATES (USA)
9057,1H9008,16847,HESSE CORPORATION,NULL,NULL,6,UNITED STATES (USA)
9058,1T9369,16848,"TRUCKS UNLIMITED ",NULL,NULL,6,UNITED STATES (USA)
9059,4P6,16849,"C M MART, INC",NULL,NULL,6,UNITED STATES (USA)
9062,1L9147,16850,LISLE SPECIALTIES INC,NULL,NULL,6,UNITED STATES (USA)
9067,1M9307,16851,"MAGNACYCLE CO., INC",NULL,NULL,6,UNITED STATES (USA)
9458,2E9080,16852,ELECTRA MECCANICA VEHICLES CORPORATION,NULL,NULL,1,CANADA
11543,2EZ,16852,ELECTRA MECCANICA VEHICLES CORPORATION,NULL,NULL,1,CANADA
9072,1R9199,16855,Brownell & Williams Inc,NULL,NULL,6,UNITED STATES (USA)
9073,1G9004,16856,Good Pace Inc,NULL,NULL,6,UNITED STATES (USA)
9129,1T9294,16857,TEXAS TRAILER CORPORATION,NULL,NULL,6,UNITED STATES (USA)
9120,7HA,16860,"TEXLINE TRAILERS, LLC",NULL,NULL,6,UNITED STATES (USA)
9075,1M9449,16865,Mikey's Custom Trailers,NULL,NULL,6,UNITED STATES (USA)
9077,1H9212,16866,Hodges Custom Haulers,NULL,NULL,6,UNITED STATES (USA)
9078,1R9044,16867,Radley Custom Trailers,NULL,NULL,6,UNITED STATES (USA)
9079,1B9292,16868,BECK'S MOBILE HOME AND RV CENTER,NULL,NULL,6,UNITED STATES (USA)
9080,1B9077,16869,B-Line Corporation,NULL,NULL,6,UNITED STATES (USA)
11348,1W9603,16870,WEBER MANUFACTURING LLC,NULL,NULL,6,UNITED STATES (USA)
9081,1R9014,16871,Red River M Trailer Sales,NULL,NULL,6,UNITED STATES (USA)
9082,1C9466,16872,Chalet RV Manufacturing,NULL,NULL,6,UNITED STATES (USA)
9083,4G8,16873,Wilson Custom Trailer Inc,NULL,NULL,6,UNITED STATES (USA)
9085,1M9387,16874,Moore Enterpreses,NULL,NULL,6,UNITED STATES (USA)
9086,1T9312,16875,Tote'Em Trailright Trailers,NULL,NULL,6,UNITED STATES (USA)
9087,1T9350,16877,TOP NOTCH TRAILERS,NULL,NULL,6,UNITED STATES (USA)
9088,1M9404,16878,M & M MANUFACTURING,NULL,NULL,6,UNITED STATES (USA)
9089,1L9165,16879,"LIMBO CONTAINER COMPANY ",NULL,NULL,6,UNITED STATES (USA)
9090,1B9328,16880,"B & R WELDING ",NULL,NULL,6,UNITED STATES (USA)
9091,4SJ,16881,B & W TRAILERS,NULL,NULL,6,UNITED STATES (USA)
9092,1M9436,16882,MARTIN ENTERPRISES,NULL,NULL,6,UNITED STATES (USA)
9093,1K9123,16883,KEVIN'S REPAIR & AUTO BODY,NULL,NULL,6,UNITED STATES (USA)
9094,1N9109,16884,"NEWCO INC ",NULL,NULL,6,UNITED STATES (USA)
9095,1R9227,16885,"RIVER VALLEY SALES ",NULL,NULL,6,UNITED STATES (USA)
9096,1A9299,16886,"AUTOMATION SALES, INC",NULL,NULL,6,UNITED STATES (USA)
9098,1A9318,16888,ABOUT SALES INC,NULL,NULL,6,UNITED STATES (USA)
9097,4TB,16889,"TRAILERS BY DORSEY, INC",NULL,NULL,6,UNITED STATES (USA)
9099,1P9228,16890,"ParkWest Industries, Inc.",NULL,NULL,6,UNITED STATES (USA)
9100,1A9271,16894,"American Thunder Tryke, Inc.",NULL,NULL,6,UNITED STATES (USA)
9101,1J9107,16895,J & D Welding & Trailer Sales,NULL,NULL,6,UNITED STATES (USA)
9102,1J9140,16896,JEFCOAT TRAILER'S,NULL,NULL,6,UNITED STATES (USA)
9103,1B9337,16898,"B & B TRAILER SALES ",NULL,NULL,6,UNITED STATES (USA)
9104,1T9385,16900,TOMAHAWK TRAILERS INC MN,NULL,NULL,6,UNITED STATES (USA)
9105,1W9176,16901,"Weimer Manufacturing Co., Inc.",NULL,NULL,6,UNITED STATES (USA)
9106,1D9243,16902,DOUGLAS MARINE CORPORATION,NULL,NULL,6,UNITED STATES (USA)
9107,1E9161,16903,"EASTERN WHOLESALE DISTRIBUTORS ",NULL,NULL,6,UNITED STATES (USA)
9109,1C9525,16904,CJ'S TRAILERS,NULL,NULL,6,UNITED STATES (USA)
9108,1L9085,16905,"Brindle Products, Inc.",NULL,NULL,6,UNITED STATES (USA)
9118,1E9610,16906,E.A. COLLINS AND SONS,NULL,NULL,6,UNITED STATES (USA)
9110,1F9133,16907,"FANTASY COACH COMPANY, INC",NULL,NULL,6,UNITED STATES (USA)
9111,1G9164,16909,"GOODSON BUILDING SYSTEMS, INC",NULL,NULL,6,UNITED STATES (USA)
9112,1P9254,16910,"PIONEER METAL WORKS, INC",NULL,NULL,6,UNITED STATES (USA)
9113,1G9126,16911,"GREEN'S WELDING AND TRAILER SALES ",NULL,NULL,6,UNITED STATES (USA)
9114,1E9164,16912,"EZ-HAUL, INC",NULL,NULL,6,UNITED STATES (USA)
9115,1A9306,16913,AMERICAN TRAILERS CO,NULL,NULL,6,UNITED STATES (USA)
9116,1G9165,16915,"G. C, MANUFACTURING, INC ",NULL,NULL,6,UNITED STATES (USA)
9117,1M9447,16916,MATTOX WELDING & FABRICATION,NULL,NULL,6,UNITED STATES (USA)
9119,1T9378,16917,TECHNOLOGY DEVELOPMENT INC,NULL,NULL,6,UNITED STATES (USA)
9121,1S9445,16918,STEELWRIGHT MANUFACTURING CORP.,NULL,NULL,6,UNITED STATES (USA)
9122,1E9156,16920,EAGLE AUTOMATED METHODS,NULL,NULL,6,UNITED STATES (USA)
9123,1S9461,16921,"SCHELL MANUFACTURING ",NULL,NULL,6,UNITED STATES (USA)
9124,1C9530,16922,COWELL CUSTOM TRAILERS,NULL,NULL,6,UNITED STATES (USA)
9125,1W9212,16923,WILDCAT TRAILER CO.,NULL,NULL,6,UNITED STATES (USA)
9184,1Z9550,16924,"4M FARM & TRAILER SALES, LLC",NULL,NULL,6,UNITED STATES (USA)
14276,7Z1,16925,"BONTRAGER OUTDOORS, LLC",NULL,NULL,NULL,NULL
9641,7HF,16925,"BONTRAGER OUTDOORS, LLC",NULL,NULL,6,UNITED STATES (USA)
9127,1X9002,16926,"X-PRESS ",NULL,NULL,6,UNITED STATES (USA)
9128,4TJ,16927,TEXAN TRUCK BODY CO,NULL,NULL,6,UNITED STATES (USA)
11534,4S9454,16928,SCUDERIA CAMERON GLICKENHAUS LLC,NULL,NULL,6,UNITED STATES (USA)
12120,4S9542,16928,SCUDERIA CAMERON GLICKENHAUS LLC,NULL,NULL,6,UNITED STATES (USA)
12304,4S9544,16928,SCUDERIA CAMERON GLICKENHAUS LLC,NULL,NULL,6,UNITED STATES (USA)
9130,1J9018,16929,"J & L TRAILERS ",NULL,NULL,6,UNITED STATES (USA)
9131,1S9020,16930,"SIMON-DUPLEX INC ",NULL,NULL,6,UNITED STATES (USA)
9132,4F6,16931,AmeriQuip,NULL,NULL,6,UNITED STATES (USA)
9134,1T9386,16933,TL ENTERPRISES,NULL,NULL,6,UNITED STATES (USA)
9133,1G9086,16934,Gold Star,NULL,NULL,6,UNITED STATES (USA)
9135,4FU,16935,Southwest/TCP,NULL,NULL,6,UNITED STATES (USA)
9136,1G9134,16936,Cart Masters Inc.,NULL,NULL,6,UNITED STATES (USA)
9137,4J1,16937,"BOURG CHEMICAL DISTRIBUTING, INC",NULL,NULL,6,UNITED STATES (USA)
9139,1K9124,16938,"KELLY WELDING ",NULL,NULL,6,UNITED STATES (USA)
9138,1T9384,16939,"TRAILER INDUSTRIES, INC",NULL,NULL,6,UNITED STATES (USA)
9140,1B9298,16940,"Busby International, Inc.",NULL,NULL,6,UNITED STATES (USA)
9141,4FE,16941,Fireside Recreational Vehicles,NULL,NULL,6,UNITED STATES (USA)
9142,1H9019,16942,HITCH -N-GO- TRAILERS,NULL,NULL,6,UNITED STATES (USA)
9143,4FC,16943,"COASTAL MANUFACTURING CO., L.P.",NULL,NULL,6,UNITED STATES (USA)
9144,1D9043,16944,"DYNAMICS COMPOSITE DESIGNS, INC",NULL,NULL,6,UNITED STATES (USA)
9145,4A6,16945,SAN DIEGO CUSTOM TRAILER & LIQUID TANK MFG.,NULL,NULL,6,UNITED STATES (USA)
9147,1G9077,16946,Galvanized International Boat Trailer Mfg. & Service,NULL,NULL,6,UNITED STATES (USA)
9146,1H9243,16947,HYDRA-LIFT TRAILERS,NULL,NULL,6,UNITED STATES (USA)
9148,1S9455,16948,"SURFACE PREPARATION SYSTEMS INC ",NULL,NULL,6,UNITED STATES (USA)
9149,1S9459,16949,"SIERRA PRECISION TOOL ",NULL,NULL,6,UNITED STATES (USA)
9150,1B9347,16950,"BLAIRZ HOMES ",NULL,NULL,6,UNITED STATES (USA)
6537,1W9157,16951,WALLY MO TRAILERS,NULL,NULL,6,UNITED STATES (USA)
9151,1R9047,16952,"R & J TRADING ",NULL,NULL,6,UNITED STATES (USA)
9152,4L1,16953,"INNOVATIVE ENTERPRISES ",NULL,NULL,6,UNITED STATES (USA)
9462,1H9414,16954,"HITCH-HIKER MFG., INC.",NULL,NULL,6,UNITED STATES (USA)
9154,1C9025,16956,C.R. WARREN MANUFACTURING,NULL,NULL,6,UNITED STATES (USA)
9740,1R9241,16956,C.R. WARREN MANUFACTURING,NULL,NULL,6,UNITED STATES (USA)
9156,1B9053,16958,BISCAMP'S TRAILER SALES,NULL,NULL,6,UNITED STATES (USA)
9155,1P9227,16959,Prolite Trailers,NULL,NULL,6,UNITED STATES (USA)
9157,1B9272,16960,Bartel Welding,NULL,NULL,6,UNITED STATES (USA)
9158,1B9256,16962,BROTHER'S FLEET SERVICE,NULL,NULL,6,UNITED STATES (USA)
9160,1F9007,16966,"FLAME KING INC ",NULL,NULL,6,UNITED STATES (USA)
10897,1P9195,16967,Pendergraft Trailers,NULL,NULL,6,UNITED STATES (USA)
9161,1E9057,16968,EAGLE CAR CARRIERS REPAIR & MFG,NULL,NULL,6,UNITED STATES (USA)
9162,1C9456,16969,HORSE & COUNTRY DBA COWBOY TRAILERS,NULL,NULL,6,UNITED STATES (USA)
9163,1N9089,16970,"NICKELS BOAT WORKS, INC.",NULL,NULL,6,UNITED STATES (USA)
9164,1T9322,16971,TrailRite,NULL,NULL,6,UNITED STATES (USA)
9165,1S9442,16972,"SPECIALTY AUTO TRANSPORT ",NULL,NULL,6,UNITED STATES (USA)
9166,1F9113,16973,Foral Company,NULL,NULL,6,UNITED STATES (USA)
9168,4HH,16974,Hop Trailers,NULL,NULL,6,UNITED STATES (USA)
9169,1C9480,16975,Colt Trailer Mfg. Co.,NULL,NULL,6,UNITED STATES (USA)
9170,1C9069,16976,"CLACKAMAS BODY AND EQUIPMENT ",NULL,NULL,6,UNITED STATES (USA)
9255,1S9497,16977,"SUNTERA ",NULL,NULL,6,UNITED STATES (USA)
9173,1W9174,16978,"WENGER CORPORATION ",NULL,NULL,6,UNITED STATES (USA)
9172,4F5,16979,Fourstar Trailers,NULL,NULL,6,UNITED STATES (USA)
9176,1C9559,16985,CUSTOM TRAILER INC,NULL,NULL,6,UNITED STATES (USA)
9177,1A9261,16986,Antioch Manufacturing & Sales,NULL,NULL,6,UNITED STATES (USA)
9178,1A9344,16987,"ARK CUSTOM TRAILERS ",NULL,NULL,6,UNITED STATES (USA)
9182,1C9460,16989,Capitol Machinery Company,NULL,NULL,6,UNITED STATES (USA)
9181,1V9073,16990,"VALLEY WELDING & EQUIPMENT, INC",NULL,NULL,6,UNITED STATES (USA)
11352,1M9341,16993,Medford Trailer Company Inc.,NULL,NULL,6,UNITED STATES (USA)
9183,1T9287,16994,Technology Systems,NULL,NULL,6,UNITED STATES (USA)
9185,1H9270,16995,"HEIL ENVIRONMENTAL INDUSTRIES, LTD",NULL,NULL,6,UNITED STATES (USA)
9187,1Z9035,16997,IRVINE SPECIALTIES,NULL,NULL,6,UNITED STATES (USA)
9189,1B9426,16998,BUTTLER BUILT,NULL,NULL,6,UNITED STATES (USA)
9299,349002,17003,REDERICK METAL INDUSTRIES CORP. S.A,NULL,NULL,6,UNITED STATES (USA)
9190,1C9588,17007,"C & M FABRICATIONS, INC",NULL,NULL,6,UNITED STATES (USA)
9191,1U9055,17008,ULLMAN AUTO SALES,NULL,NULL,6,UNITED STATES (USA)
9192,4YK,17009,BLACK HAWK TRAILERS,NULL,NULL,6,UNITED STATES (USA)
9400,1Z9551,17011,ICON EV LLC,NULL,NULL,6,UNITED STATES (USA)
12629,7R4,17011,ICON EV LLC,NULL,NULL,6,UNITED STATES (USA)
9193,1T9468,17012,TEXAS TRAILERS,NULL,NULL,6,UNITED STATES (USA)
9195,1A9378,17013,AMERICAN ELECTRONIC SIGN CO.,NULL,NULL,6,UNITED STATES (USA)
9196,1M9148,17014,MORRIS TRAILERS,NULL,NULL,6,UNITED STATES (USA)
9300,4T9279,17015,"TM INDUSTRIES, LLC",NULL,NULL,6,UNITED STATES (USA)
9199,1S9577,17016,SPORT KING LLC,NULL,NULL,6,UNITED STATES (USA)
9200,1S9608,17017,SLOTH TRUCK EQUIPMENT CO.,NULL,NULL,6,UNITED STATES (USA)
9201,5TC,17018,"CRUISERS MANUFACTURING, INC.",NULL,NULL,6,UNITED STATES (USA)
9202,1R9298,17019,ROADMASTER MOTOR CYCLES INC,NULL,NULL,6,UNITED STATES (USA)
13189,13Z,17020,"PARKER TRAILER SALES, INC",NULL,NULL,NULL,NULL
9205,1WE,17021,"5 STARR TRAILER COMPANY, INC.",NULL,NULL,6,UNITED STATES (USA)
9207,1W9258,17022,"WES-TEX MANUFACTURING, INC",NULL,NULL,6,UNITED STATES (USA)
9208,1A9397,17023,"AG INDUSTRIAL, INC ",NULL,NULL,6,UNITED STATES (USA)
9209,1C9624,17024,"CERTIFIED ADVANCED TECHNOLOGIES, INC",NULL,NULL,6,UNITED STATES (USA)
9210,1X9003,17025,XERTECH CORPORATION,NULL,NULL,6,UNITED STATES (USA)
9211,1D9330,17027,"D & S TRAILER SALES ",NULL,NULL,6,UNITED STATES (USA)
9212,1Z9117,17028,"OUTLAW RANCH TRAILER SALES INC ",NULL,NULL,6,UNITED STATES (USA)
9213,1T9495,17030,"TWISTER TRAILER MANUFACTURING, INC.",NULL,NULL,6,UNITED STATES (USA)
9214,1C9628,17031,"BAHA TECH, LLC",NULL,NULL,6,UNITED STATES (USA)
9215,1S9617,17032,"S.A.P TRAILERS ",NULL,NULL,6,UNITED STATES (USA)
9217,4ZZ,17033,STAR MANUFACTURING INC,NULL,NULL,6,UNITED STATES (USA)
9218,1C9587,17034,"CALIFORNIA MOTORCYCLE COMPANY ",NULL,NULL,6,UNITED STATES (USA)
9224,1W9261,17035,WAGUESPACK WELDING & MANUFACTURING INC,NULL,NULL,6,UNITED STATES (USA)
9226,1K9157,17037,KLEIN CORPORATION,NULL,NULL,6,UNITED STATES (USA)
9228,1H9307,17038,HODGES MANUFACTURING INC,NULL,NULL,6,UNITED STATES (USA)
9229,19Z,17039,"ULTRA ACQUISITION CORPORATION ",NULL,NULL,6,UNITED STATES (USA)
9230,1J9184,17040,"J&S REPAIR ",NULL,NULL,6,UNITED STATES (USA)
9231,1S9627,17041,S&S MANUFACTURING,NULL,NULL,6,UNITED STATES (USA)
9232,1T9501,17042,"TL ENGINEERING ",NULL,NULL,6,UNITED STATES (USA)
9233,1B9414,17043,BOOTSTRAP INC,NULL,NULL,6,UNITED STATES (USA)
9234,1M9147,17044,"MSR TECHNOLOGIES ",NULL,NULL,6,UNITED STATES (USA)
9236,1D9351,17045,"D & M PRODUCTS ",NULL,NULL,6,UNITED STATES (USA)
9237,1V9043,17046,"VAN CAMP TRAILER & BODY, INC ",NULL,NULL,6,UNITED STATES (USA)
9238,3AE,17047,"TRAILERS DE MONTERREY, S.A.",NULL,NULL,12,MEXICO
6965,1S9146,17048,STOVALL EQUIPMENT INC,NULL,NULL,6,UNITED STATES (USA)
9239,1S9638,17048,STOVALL EQUIPMENT INC,NULL,NULL,6,UNITED STATES (USA)
9312,4C9478,17049,CASPER'S CARTS LLC,NULL,NULL,6,UNITED STATES (USA)
9315,4C9477,17049,CASPER'S CARTS LLC,NULL,NULL,6,UNITED STATES (USA)
9438,7HE,17050,GEORGIA WHOLESALE TRAILERS,NULL,NULL,6,UNITED STATES (USA)
9241,1B9461,17051,"BETTER BUILT TRAILERS ",NULL,NULL,6,UNITED STATES (USA)
9242,4G0,17052,"CUSTOM TRAILERS OF TEXAS ",NULL,NULL,6,UNITED STATES (USA)
9243,8X9001,17053,FERNANDO RIVERA & ASSOCIATES,NULL,NULL,6,UNITED STATES (USA)
9244,43M,17056,MONARCH-MCLAREN,NULL,NULL,6,UNITED STATES (USA)
9252,4X3,17057,"BEARCAT CORPORATION ",NULL,NULL,6,UNITED STATES (USA)
9298,4C9479,17061,CUSTOM METAL PROJECTS LLC,NULL,NULL,6,UNITED STATES (USA)
9278,1M9082,17064,MOTORIZED MANUFACTURING INC,NULL,NULL,6,UNITED STATES (USA)
9257,1M9334,17065,MOBILE MOTORHEAD INC.,NULL,NULL,6,UNITED STATES (USA)
9258,1P9345,17066,"PRECISION METAL WORKS & FABRICATION ",NULL,NULL,6,UNITED STATES (USA)
9260,5AC,17067,"Bug Motors, Inc.",NULL,NULL,6,UNITED STATES (USA)
9261,450,17069,ATLAS COPCO,NULL,NULL,6,UNITED STATES (USA)
9262,1E9235,17070,"Exolon Systems, Inc.",NULL,NULL,6,UNITED STATES (USA)
9263,1L9243,17071,Legend Trailers Inc,NULL,NULL,6,UNITED STATES (USA)
9264,1W9288,17072,"WILKENS INDUSTRIES, INC",NULL,NULL,6,UNITED STATES (USA)
9265,1D9387,17073,Diamondback Trailers,NULL,NULL,6,UNITED STATES (USA)
9266,1B9489,17074,"BETTER BUILT TRAILERS ",NULL,NULL,6,UNITED STATES (USA)
9267,1D9224,17075,"JD HANDLING SYSTEMS, INC",NULL,NULL,6,UNITED STATES (USA)
11399,1S9391,17077,"SPECIAL TRUCKS, INC",NULL,NULL,6,UNITED STATES (USA)
9269,1D9371,17078,"DELAVAN INDUSTRIES, INC",NULL,NULL,6,UNITED STATES (USA)
9270,5AT,17079,KIRK'S TRAILER MFG.,NULL,NULL,6,UNITED STATES (USA)
9271,1T9518,17080,TRIPLE J CUSTOM TRAILERS,NULL,NULL,6,UNITED STATES (USA)
9272,1P9364,17081,"Pleasant Valley Trailers, Inc.",NULL,NULL,6,UNITED STATES (USA)
9273,1E9185,17082,"EVERLITE, INC",NULL,NULL,6,UNITED STATES (USA)
9274,1R9349,17083,"R & J Trailers, Inc.",NULL,NULL,6,UNITED STATES (USA)
9287,1B9513,17084,"BUILT RITE TRAILERS OF NEBRASKA, INC",NULL,NULL,6,UNITED STATES (USA)
9464,1G9543,17085,GARDNER AUTOMOTIVE SERVICES  LLC   D.B.A. GTO GOLF KARS,NULL,NULL,6,UNITED STATES (USA)
9275,1T9577,17086,T & G Sales,NULL,NULL,6,UNITED STATES (USA)
9276,1B9493,17087,Billings Trailer Fabrication Inc.,NULL,NULL,6,UNITED STATES (USA)
9279,1DR,17089,KING OF THE ROAD DIVISION,NULL,NULL,6,UNITED STATES (USA)
9280,12H,17090,"HOLDEN INDUSTRIES, INC",NULL,NULL,6,UNITED STATES (USA)
9286,1D9250,17091,"DOUBLE D TRAILER SALES ",NULL,NULL,6,UNITED STATES (USA)
9302,1P9795,17092,"PID TRANSIT, LLC",NULL,NULL,6,UNITED STATES (USA)
9288,1E9166,17094,EAGLE GENERAL CONTRACTORS INC,NULL,NULL,6,UNITED STATES (USA)
9285,1M9005,17096,KELSEY L. MURPHY,NULL,NULL,6,UNITED STATES (USA)
9284,1D9382,17097,"DIAMONDSTAR TRAILER INDUSTRIES, INC",NULL,NULL,6,UNITED STATES (USA)
9282,1C9713,17098,"CUSTOM TRAILER COMPANY ",NULL,NULL,6,UNITED STATES (USA)
8884,3N9001,17100,NACIONAL DE CARROCERIAS SA DE CV,NULL,NULL,12,MEXICO
9384,1S9383,17101,"SCHWARTZ, INDY, INC.",NULL,NULL,6,UNITED STATES (USA)
9386,1H9715,17103,HARTSTRA MANUFACTURING LLC,NULL,NULL,6,UNITED STATES (USA)
9387,1R9845,17105,"REDLINE WELDING, INC.",NULL,NULL,6,UNITED STATES (USA)
9293,1H9245,17106,HOLLIS TRAILER SALES INC,NULL,NULL,6,UNITED STATES (USA)
4287,1M9022,17107,"MEDICAL COACHES, INC",NULL,NULL,6,UNITED STATES (USA)
9389,4C9475,17108,"CHIEF TECHNOLOGIES, LLC",NULL,NULL,6,UNITED STATES (USA)
9294,1B9785,17111,BEAR RIVER FABRICATION & MACHINE,NULL,NULL,6,UNITED STATES (USA)
9354,4B9163,17113,BIGFOOT TRAILERS LLC,NULL,NULL,6,UNITED STATES (USA)
9766,4M9071,17116,MOUNTAIN CREEK CABINS LLC,NULL,NULL,6,UNITED STATES (USA)
9477,4A9067,17117,"ADVANCED ONSITE SERVICES, LLC",NULL,NULL,6,UNITED STATES (USA)
9440,1J9030,17118,"JENSEN ENTERPRISES LTD., DBA JENSEN TRAILERS",NULL,NULL,6,UNITED STATES (USA)
12489,3EV,17123,RAWMAXX S.A. DE C.V.,NULL,NULL,12,MEXICO
9402,3R9202,17123,RAWMAXX S.A. DE C.V.,NULL,NULL,12,MEXICO
9329,8X9002,17126,REMOLQUES AGAMAR C.A.,NULL,NULL,16,VENEZUELA
9444,4B9133,17127,BOONDOCK CAMPERS LLC,NULL,NULL,6,UNITED STATES (USA)
9332,1S9746,17129,Smitty Built Trailers Inc,NULL,NULL,6,UNITED STATES (USA)
9478,1H9718,17130,HORSESHOE TRAILER,NULL,NULL,6,UNITED STATES (USA)
9441,1P9793,17131,"PATRIOT STEEL FABRICATION, INC.",NULL,NULL,6,UNITED STATES (USA)
9333,1D9436,17132,Danco Trailer Sales,NULL,NULL,6,UNITED STATES (USA)
9334,1R9422,17133,Rapid Tool & Equipment Company,NULL,NULL,6,UNITED STATES (USA)
9443,1Z9548,17134,OREGON FOOD TRUCKS LLC,NULL,NULL,6,UNITED STATES (USA)
11239,1L9303,17139,L & D Trl Manufacturing & Sales,NULL,NULL,6,UNITED STATES (USA)
10076,1B9598,17140,BILL'S TRAILER SALES,NULL,NULL,6,UNITED STATES (USA)
9356,1P9462,17141,PARADISE TRAILERS MANUFACTURERS,NULL,NULL,6,UNITED STATES (USA)
9446,1P9797,17144,PITT STEEL LLC,NULL,NULL,6,UNITED STATES (USA)
9445,7HJ,17145,VISION TRAILER MANUFACTURING LLC,NULL,NULL,6,UNITED STATES (USA)
9449,4B9076,17146,BREHMER MFG INC,NULL,NULL,6,UNITED STATES (USA)
9447,4S9459,17147,"SUPERIOR WELDING AND MANUFACTURING, INC.",NULL,NULL,6,UNITED STATES (USA)
10171,7H2,17148,"TJCW, Inc.",NULL,NULL,6,UNITED STATES (USA)
9393,4S9460,17149,Southwest Welding LLC,NULL,NULL,6,UNITED STATES (USA)
10023,4S9464,17150,Snowy Mountain Campers,NULL,NULL,6,UNITED STATES (USA)
9376,5KW,17153,"DANZER INDUSTRIES, INC",NULL,NULL,6,UNITED STATES (USA)
9448,1L9042,17154,LEMCO TOOL CORPORATION,NULL,NULL,6,UNITED STATES (USA)
9463,1E9612,17155,ELITE COTTAGE BUILDERS LLC,NULL,NULL,6,UNITED STATES (USA)
9491,4T9270,17158,TJRAESE AND COMPANY LLC,NULL,NULL,6,UNITED STATES (USA)
9424,1A9711,17159,ALL AMERICAN BIG TWIN,NULL,NULL,6,UNITED STATES (USA)
9425,1J9337,17160,Jesse Rooke Customs,NULL,NULL,6,UNITED STATES (USA)
9473,1H9717,17161,"HYBRID LIGHT SOLUTIONS, LLC",NULL,NULL,6,UNITED STATES (USA)
11889,1W9545,17161,"HYBRID LIGHT SOLUTIONS, LLC",NULL,NULL,6,UNITED STATES (USA)
9474,4S9463,17162,"SHERPA ADVENTURES, LLC",NULL,NULL,6,UNITED STATES (USA)
9475,1G9539,17163,GOLDEN BUILDING CORPORATION,NULL,NULL,6,UNITED STATES (USA)
9450,1S9986,17164,SAMSON TRAILERS INC,NULL,NULL,6,UNITED STATES (USA)
9459,1S9967,17165,SIGNATURE MOTOR COMPANY,NULL,NULL,6,UNITED STATES (USA)
9461,1R9547,17166,RANGER TRAILER AND COACH SALES LLC,NULL,NULL,6,UNITED STATES (USA)
9466,4C9016,17167,CUSTOM IRON WORKZ,NULL,NULL,6,UNITED STATES (USA)
9469,1W9172,17168,Western Construction Components Inc.,NULL,NULL,6,UNITED STATES (USA)
10663,1R9850,17169,RHINO SERVICES LLC,NULL,NULL,6,UNITED STATES (USA)
9490,1T9749,17170,TAYLOR MADE MANUFACTURING LLC,NULL,NULL,6,UNITED STATES (USA)
9476,1W9421,17171,WALT'S PERFORMANCE AUTO (JOE'S MOTORCYCLES),NULL,NULL,6,UNITED STATES (USA)
9494,1D9810,17181,DENARDIS MOTOCROSS FACTORY,NULL,NULL,6,UNITED STATES (USA)
9492,1E9613,17182,ECART,NULL,NULL,6,UNITED STATES (USA)
9483,1S9835,17183,"SPECIALIZED TRAILERS ",NULL,NULL,6,UNITED STATES (USA)
9507,1S9953,17184,SCORPION CUSTOMS,NULL,NULL,6,UNITED STATES (USA)
9508,9UA,17186,DECELESTE SA,NULL,NULL,51,URUGUAY
9644,1P9798,17187,"PRECISION CARGO, LLC ",NULL,NULL,6,UNITED STATES (USA)
9660,7HR,17187,"PRECISION CARGO, LLC ",NULL,NULL,6,UNITED STATES (USA)
9666,4C9476,17188,"CUMBERLAND ADVENTURE TRAILERS, LLC",NULL,NULL,6,UNITED STATES (USA)
9514,1V9050,17195,"VICTORY CUSTOM TRAILERS ",NULL,NULL,6,UNITED STATES (USA)
9515,1F9039,17196,"SIE, INC",NULL,NULL,6,UNITED STATES (USA)
9653,1E9614,17197,EXTREME CHUTE COMPANY LLC,NULL,NULL,6,UNITED STATES (USA)
9516,1G9108,17198,"G & B MANUFACTURING CO. ",NULL,NULL,6,UNITED STATES (USA)
9517,1A9099,17199,ATLAS MANUFACTURING CO. INC,NULL,NULL,6,UNITED STATES (USA)
9518,1L9097,17200,L & S LINE MANUFACTURING,NULL,NULL,6,UNITED STATES (USA)
9520,1U9035,17201,"U.S. TRAILER CO. ",NULL,NULL,6,UNITED STATES (USA)
10763,1D9163,17202,DELUXE BUMPER WORKS,NULL,NULL,6,UNITED STATES (USA)
9523,1L9068,17203,Lacota Inc,NULL,NULL,6,UNITED STATES (USA)
9527,1D9260,17204,DOUGLAS TRAILERS INC SC,NULL,NULL,6,UNITED STATES (USA)
9533,1B9784,17205,BLACK IRON CHOPPERS LTD,NULL,NULL,6,UNITED STATES (USA)
9654,1E9607,17206,ESCAPOD TRAILERS LLC,NULL,NULL,6,UNITED STATES (USA)
9672,1P9782,17208,PERKGANA LLC - DBA HIVE TRAILERS,NULL,NULL,6,UNITED STATES (USA)
9553,5JA,17209,"Armstrong Trailer Products, Inc.",NULL,NULL,6,UNITED STATES (USA)
9556,4EX,17210,Wells Western Trailer,NULL,NULL,6,UNITED STATES (USA)
9557,1R9198,17211,R & B Aluminum Fabricators,NULL,NULL,6,UNITED STATES (USA)
9669,1Z9552,17212,"BOREAS CAMPERS, INC",NULL,NULL,6,UNITED STATES (USA)
9558,1M9381,17213,M Manufacturing Inc.,NULL,NULL,6,UNITED STATES (USA)
9668,1N9375,17214,"NORMCO ENERGY PRODUCTS, LLC",NULL,NULL,6,UNITED STATES (USA)
9578,1K9367,17217,"KAUFMAN TRAILERS OF SC, INC.",NULL,NULL,6,UNITED STATES (USA)
9667,1UK,17218,"INTERSTATE MANUFACTURING, INC.",NULL,NULL,6,UNITED STATES (USA)
10053,4M9075,17219,"Mobility Cubed, Incorporated",NULL,NULL,6,UNITED STATES (USA)
9764,4B9165,17221,BLACK SERIES CAMPERS INC,NULL,NULL,6,UNITED STATES (USA)
10210,13Y,17222,"STARLITE TRAILERS, INC",NULL,NULL,6,UNITED STATES (USA)
9614,1A9503,17223,ALLOY CUSTOM PRODUCTS LLC,NULL,NULL,6,UNITED STATES (USA)
11664,4A9113,17223,ALLOY CUSTOM PRODUCTS LLC,NULL,NULL,6,UNITED STATES (USA)
9584,1B9787,17224,"TWO GUYS SELLING, INC DBA BOSS POWERSPORTS",NULL,NULL,6,UNITED STATES (USA)
9585,1P9546,17225,Precious Metal Customs Inc.,NULL,NULL,6,UNITED STATES (USA)
9593,5BJ,17226,IVES MOTORS CORPORATION (IMC),NULL,NULL,6,UNITED STATES (USA)
9665,1R9853,17227,REARS MANUFACTURING COMPANY,NULL,NULL,6,UNITED STATES (USA)
9609,1T9842,17228,Tygar Mfg. Inc.,NULL,NULL,6,UNITED STATES (USA)
13384,4YS,17229,L&D TRAILER MFG LLC,NULL,NULL,6,UNITED STATES (USA)
9664,4B9164,17230,BAUTISTA WELDING & CUSTOM TRAILERS MANUFACTURING LLC,NULL,NULL,6,UNITED STATES (USA)
9622,1S9267,17231,"SPECIALTY TRAILERS CORPORATION ",NULL,NULL,6,UNITED STATES (USA)
9623,1R9140,17233,T.H. RILEY MANUFACTURING INC,NULL,NULL,6,UNITED STATES (USA)
9625,1A9223,17235,AERO FIBERGLASS CO.,NULL,NULL,6,UNITED STATES (USA)
9626,1C9324,17236,"CHAMPION HOME BUILDERS, INC",NULL,NULL,6,UNITED STATES (USA)
9627,109125,17237,"OUTDOOR ALUMINUM ",NULL,NULL,6,UNITED STATES (USA)
9628,1A9527,17238,"ARSENAL TRAILER MANUFACTURING, INC",NULL,NULL,6,UNITED STATES (USA)
9631,2T9148,17239,TRAILER-PRO INC,NULL,NULL,1,CANADA
10068,Y69002,17246,LORGANO LLC,NULL,NULL,212,UKRAINE
11727,Y69003,17246,LORGANO LLC,NULL,NULL,212,UKRAINE
9920,1D9800,17254,DARRELLS WELDING INC,NULL,NULL,6,UNITED STATES (USA)
9895,4B9140,17255,BMT MANUFACTURING LLC,NULL,NULL,6,UNITED STATES (USA)
9905,1G9540,17256,GREENHEAD TRAILERS,NULL,NULL,213,UNITED ARAB EMIRATES
9655,43A,17258,CCG CORPORATION,NULL,NULL,6,UNITED STATES (USA)
9656,2B9062,17259,"BICKNELL RACING PRODUCTS ",NULL,NULL,1,CANADA
9675,1B9139,17260,"BAYSHORE SYSTEMS, INC",NULL,NULL,6,UNITED STATES (USA)
9677,1M9306,17261,MAC'S CUSTOM TRAILERS,NULL,NULL,6,UNITED STATES (USA)
7023,11H,17262,"HENDRICKSON MOBILE EQUIPMENT, INC.",NULL,NULL,6,UNITED STATES (USA)
9765,4B9162,17263,BRYANT TRAILERS,NULL,NULL,6,UNITED STATES (USA)
9767,5Z5,17264,APPALACHIAN TRAILERS INC,NULL,NULL,6,UNITED STATES (USA)
12961,7SG,17264,APPALACHIAN TRAILERS INC,NULL,NULL,NULL,NULL
9690,1P9178,17266,"PARKER INDUSTRIES ",NULL,NULL,6,UNITED STATES (USA)
9691,49Y,17267,"MATHEWS MECHANICAL CONTRACTORS ",NULL,NULL,6,UNITED STATES (USA)
9695,KPS,17268,SSANGYONG MOTOR CO. LTD,NULL,NULL,15,SOUTH KOREA
9698,1D9164,17272,DAILEY TRAILERS INC,NULL,NULL,6,UNITED STATES (USA)
8092,1M9401,17273,"MEGA MANUFACTURING INC ",NULL,NULL,6,UNITED STATES (USA)
9699,1H9237,17274,"HYDRA TENSION, INC",NULL,NULL,6,UNITED STATES (USA)
9703,1A9326,17275,APS SYSTEMS,NULL,NULL,6,UNITED STATES (USA)
11495,7HT,17276,"SF MOTORS, INC.",NULL,NULL,6,UNITED STATES (USA)
9705,1C9058,17277,"COLLIN-ARNOT TRAILER MFG., INC ",NULL,NULL,6,UNITED STATES (USA)
9709,1S9022,17278,"SPIRIT TRAILER MANUFACTURING ",NULL,NULL,6,UNITED STATES (USA)
3622,L5X,17279,"YADEA  TECHNOLOGY GROUP CO., LTD.",NULL,NULL,6,UNITED STATES (USA)
12514,LR4,17279,"YADEA  TECHNOLOGY GROUP CO., LTD.",NULL,NULL,8,CHINA
5747,XL9363,17280,SPYKER NEDERLAND B.V.,NULL,NULL,31,NETHERLANDS
5748,XL9486,17280,SPYKER NEDERLAND B.V.,NULL,NULL,31,NETHERLANDS
9715,1W9497,17282,"W G MANUFACTURING ",NULL,NULL,6,UNITED STATES (USA)
9897,4M9076,17283,"MOVABLE ROOTS LLC ",NULL,NULL,6,UNITED STATES (USA)
5593,1W9447,17284,WATERBLASTING LLC,NULL,NULL,6,UNITED STATES (USA)
9729,1F9092,17286,"FLOURNOY TRAILER SALES ",NULL,NULL,6,UNITED STATES (USA)
9922,4S9426,17288,SOUTHEASTERN SEATING INCOPORATED,NULL,NULL,6,UNITED STATES (USA)
9730,1T9242,17289,TEXAS TRAILERS,NULL,NULL,6,UNITED STATES (USA)
9731,1T9231,17291,"TOP ENTERPRISES, INC",NULL,NULL,6,UNITED STATES (USA)
9732,1D9147,17292,DIAMOND Z TRAILER INC,NULL,NULL,6,UNITED STATES (USA)
9733,1M9375,17294,"METRO TRAILER MANUFACTURING, INC ",NULL,NULL,6,UNITED STATES (USA)
9734,1L9143,17295,"LEMNA CORPORATION ",NULL,NULL,6,UNITED STATES (USA)
9736,1S9079,17296,"SOUTH EAST BODY CORPORATION ",NULL,NULL,6,UNITED STATES (USA)
9737,1M9398,17297,"MARCI'S DIESEL SERVICE, INC",NULL,NULL,6,UNITED STATES (USA)
9738,1N9111,17298,NAMRON TRAILERS MANUFACTURING INC,NULL,NULL,6,UNITED STATES (USA)
9893,4T9285,17299,TANGLEWOOD MANAGEMENT LLC,NULL,NULL,6,UNITED STATES (USA)
9743,1J9154,17306,"JONCO MANUFACTURING ",NULL,NULL,6,UNITED STATES (USA)
9836,6Y9052,17307,BLUE MIST HOLDINGS LIMITED (A REGISTERED LIMITED LIABILITY COMPANY) DBA EQUI-STILL PORTABLE EQUINE STOCKS,NULL,NULL,56,NEW ZEALAND
9919,1G9080,17310,GRIMES-PARKER IND INC,NULL,NULL,6,UNITED STATES (USA)
4766,4C6,17312,"REINKE MANUFACTURING COMPANY, INC",NULL,NULL,6,UNITED STATES (USA)
9751,1T9148,17313,"THOR TRAILERS, INC",NULL,NULL,6,UNITED STATES (USA)
9753,1L9088,17315,LAMCO MANUFACTURING & DISTRIBUTING COMPANY INC,NULL,NULL,6,UNITED STATES (USA)
9754,1C9316,17316,"CRISMON MOBILE CLASSICS ",NULL,NULL,6,UNITED STATES (USA)
9755,1H9149,17317,HEMCO TOOL & DIE CO,NULL,NULL,6,UNITED STATES (USA)
9756,48M,17318,"BUILT-RITE TRAILERS, INC",NULL,NULL,6,UNITED STATES (USA)
9757,1K9094,17319,"KENN TRAILERS ",NULL,NULL,6,UNITED STATES (USA)
9758,13D,17320,"DIXIE CRAFT TRAILERS, INC",NULL,NULL,6,UNITED STATES (USA)
9759,1D9165,17321,"DALE'S WELDING SALES ",NULL,NULL,6,UNITED STATES (USA)
9760,1K9069,17322,"KNOWLES MANUFACTURING COMPANY, INC",NULL,NULL,6,UNITED STATES (USA)
9761,1B9238,17323,"B & W CONSTRUCTION ",NULL,NULL,6,UNITED STATES (USA)
9898,4M9054,17324,MY MINI TRAILER LLC,NULL,NULL,6,UNITED STATES (USA)
9762,432,17325,STROMAN INDUSTRIES LLC DBA FALCON TRAILERWORKS,NULL,NULL,6,UNITED STATES (USA)
9763,1S9311,17326,"STA CORPORATION ",NULL,NULL,6,UNITED STATES (USA)
9792,1T9240,17327,TRIANGLE MANUFACTURING AND PUMP CO. INC,NULL,NULL,6,UNITED STATES (USA)
9773,1C9363,17328,"CIRCLE M TRAILERS ",NULL,NULL,6,UNITED STATES (USA)
11983,1C9364,17328,"CIRCLE M TRAILERS ",NULL,NULL,6,UNITED STATES (USA)
9774,44M,17329,"KING'S TRAVELER, INC",NULL,NULL,6,UNITED STATES (USA)
9776,1M9336,17331,"MACKEY TRAILERS ",NULL,NULL,6,UNITED STATES (USA)
9777,1J9083,17332,"JERRY'S WAREHOUSE ",NULL,NULL,6,UNITED STATES (USA)
9894,1R9252,17333,"RONCO TRAILER, INC",NULL,NULL,6,UNITED STATES (USA)
9971,1J9467,17334,"JOE'S TRAILER MFG, INC.",NULL,NULL,6,UNITED STATES (USA)
9779,495,17335,"AGA GAS CENTRAL, INC",NULL,NULL,6,UNITED STATES (USA)
9781,1B9251,17338,"BODHOLDT BROTHERS MANUFACTURING ",NULL,NULL,6,UNITED STATES (USA)
9896,1N9012,17339,NELSON MANUFACTURING COMPANY,NULL,NULL,6,UNITED STATES (USA)
9783,1T9380,17342,TERMINAL SERVICES CO.,NULL,NULL,6,UNITED STATES (USA)
9784,5WY,17343,"VERUCCI MOTORCYCLES, LLC",NULL,NULL,6,UNITED STATES (USA)
11308,VRC,17343,"VERUCCI MOTORCYCLES, LLC",NULL,NULL,6,UNITED STATES (USA)
9787,1R9585,17344,Reality's Edge Inc.,NULL,NULL,6,UNITED STATES (USA)
9793,109134,17345,"OMEGA MANUFACTURING, INC",NULL,NULL,6,UNITED STATES (USA)
9799,1A9134,17346,"CROSLEY TRAILERS, STROUDSBURG ",NULL,NULL,6,UNITED STATES (USA)
9798,5YS,17347,"St Certification Service (USA) Co., Ltd.",NULL,NULL,6,UNITED STATES (USA)
9800,1M9361,17348,MARK WILLIAMS WELDING SERVICE,NULL,NULL,6,UNITED STATES (USA)
9806,1P9260,17351,"PIONEER FABRICATING, INC",NULL,NULL,6,UNITED STATES (USA)
9807,1J9153,17352,JOHNSON EQUIPMENT SALES,NULL,NULL,6,UNITED STATES (USA)
9812,1C9033,17354,CENTRAL ALABAMA TRAILER & TRUCK EQUIPMENT CO.,NULL,NULL,6,UNITED STATES (USA)
7809,1S9174,17356,"SAVANNAH MACHINE SHOP & LOADER COMPANY ",NULL,NULL,6,UNITED STATES (USA)
9815,4LV,17357,"L & M MACHINE AND FABRICATION ",NULL,NULL,6,UNITED STATES (USA)
9816,4KP,17358,FRAKER MANUFACTURING CO.,NULL,NULL,6,UNITED STATES (USA)
9817,1Z9006,17359,INTEGRA MANUFACTURING INC,NULL,NULL,6,UNITED STATES (USA)
9909,1G9542,17360,"GOBOB PIPE AND STEEL SALES, LLC",NULL,NULL,6,UNITED STATES (USA)
9823,4K5,17362,QUALITY MANUFACTURING,NULL,NULL,6,UNITED STATES (USA)
9921,4S9468,17365,STONE RIVER TRAILER MANUFACTURING,NULL,NULL,6,UNITED STATES (USA)
9847,1B9359,17367,"BOHNERT WELDING ",NULL,NULL,6,UNITED STATES (USA)
9848,1R9243,17368,"RHINO CORPORATION ",NULL,NULL,6,UNITED STATES (USA)
9849,1F9324,17370,"FLORIDA CUSTOM CHOPPERS, LLC",NULL,NULL,6,UNITED STATES (USA)
9852,1M9721,17371,"M T CUSTOMS MOTORCYCLES AND CHOPPERS, LLC",NULL,NULL,6,UNITED STATES (USA)
9925,4S9465,17372,"STORRI, LLC",NULL,NULL,6,UNITED STATES (USA)
9853,1E9AAA,17373,Empire Manufacturing Company,NULL,NULL,6,UNITED STATES (USA)
9924,4S9461,17376,"STRICT DEVELOPMENT, INC.",NULL,NULL,6,UNITED STATES (USA)
9861,1A9463,17377,"ARGO FAB, INC",NULL,NULL,6,UNITED STATES (USA)
10009,4B9169,17378,R BRAUN INC,NULL,NULL,6,UNITED STATES (USA)
9879,1D9259,17379,"DODGER TRAILER MANUFACTURING ",NULL,NULL,6,UNITED STATES (USA)
9880,1T9081,17380,TOM'S TRAILER WORKS,NULL,NULL,6,UNITED STATES (USA)
9882,1G9172,17381,GICHNER REFRIGERATED SYSTEMS DIVISION,NULL,NULL,6,UNITED STATES (USA)
9883,1C9502,17382,"R & R FARMS, MFG",NULL,NULL,6,UNITED STATES (USA)
9884,1J9148,17383,"J & N SALES ",NULL,NULL,6,UNITED STATES (USA)
9885,1J9133,17384,"JLR TRAILERS & WELDING, INC",NULL,NULL,6,UNITED STATES (USA)
10049,1G9544,17385,"GGAP ENTERPRISES, LLC DBA GOLF CAR JUNKIES (GCJ)",NULL,NULL,6,UNITED STATES (USA)
9926,1Z9553,17386,5R RANCH TRAILERS,NULL,NULL,6,UNITED STATES (USA)
9915,5EU,17388,"ASTUR N.C. TOOLING, INC",NULL,NULL,6,UNITED STATES (USA)
9917,1S9742,17389,"SHRUM TRAILERS MANUFACTURING, LLC",NULL,NULL,6,UNITED STATES (USA)
9954,1S9736,17391,"Superior Fabrication, Inc.",NULL,NULL,6,UNITED STATES (USA)
9968,1P9422,17392,PETENWELL INDUSTRIES LLC,NULL,NULL,6,UNITED STATES (USA)
10008,1K9346,17395,KLA DESIGNS,NULL,NULL,6,UNITED STATES (USA)
10002,1L9270,17396,"LIBERTY TRAILERS, INC",NULL,NULL,6,UNITED STATES (USA)
10085,1K9380,17397,"KAT INDUSTRIES, INC",NULL,NULL,6,UNITED STATES (USA)
10012,1B9566,17398,"BROWNELL HYDRAULIC TRAILERS INC ",NULL,NULL,6,UNITED STATES (USA)
10016,1P9400,17399,PRECISION-BILT TRAILERS,NULL,NULL,6,UNITED STATES (USA)
10019,1E9200,17400,ED'S MACHINE & REPAIR,NULL,NULL,6,UNITED STATES (USA)
10075,7HY,17402,"NWT HOLDINGS, LLC",NULL,NULL,6,UNITED STATES (USA)
10027,1A9551,17403,ADVANCED PORTABLE BUILDINGS & TRAILERS,NULL,NULL,6,UNITED STATES (USA)
10051,7HZ,17405,PRIMO CORPORATIONS INC,NULL,NULL,6,UNITED STATES (USA)
10039,1A9461,17407,ARROW DUMP TRAILERS,NULL,NULL,6,UNITED STATES (USA)
10069,1W9606,17410,"WEST TECH INDUSTRIES, LLC.",NULL,NULL,6,UNITED STATES (USA)
2772,1ZE,17411,"EZ LOADER ADJUSTABLE BOAT TRAILERS, INC.",NULL,NULL,6,UNITED STATES (USA)
10066,4T9288,17412,TERRA NOVA SCOUTS LLC,NULL,NULL,6,UNITED STATES (USA)
10062,1H9384,17414,"HI-WAY STAR, INC.",NULL,NULL,6,UNITED STATES (USA)
10070,1D9811,17415,DECATUR GOLF CARS LLC,NULL,NULL,6,UNITED STATES (USA)
10074,7J1,17416,"AMPERE ELECTRIC CARS, INC.",NULL,NULL,6,UNITED STATES (USA)
10067,4T9289,17419,TOWER SIGN AND SIGNAL CO,NULL,NULL,6,UNITED STATES (USA)
10162,2RY,17423,K-TRAIL INC.,NULL,NULL,1,CANADA
10160,1P9792,17425,"PREMIER COIL SOLUTIONS, INC.",NULL,NULL,6,UNITED STATES (USA)
10292,JP9008,17426,"LIGHT BOY CO., LTD.",NULL,NULL,6,UNITED STATES (USA)
10175,LZ9HZG,17428,Changjiang Automobile Holdings Ltd.,NULL,NULL,8,CHINA
11637,LA9HZG,17428,Changjiang Automobile Holdings Ltd.,NULL,NULL,8,CHINA
10071,KUS,17431,"ULB CORPORATION ",NULL,NULL,15,SOUTH KOREA
10072,KUT,17431,"ULB CORPORATION ",NULL,NULL,15,SOUTH KOREA
10209,1Z9554,17432,"IRON BORN MANUFACTURING, INC ",NULL,NULL,6,UNITED STATES (USA)
10099,1N9198,17433,"NORTHERN REPAIR & WELDING ",NULL,NULL,6,UNITED STATES (USA)
10514,2C9184,17434,CARE INDUSTRIES LTD.,NULL,NULL,1,CANADA
10515,2C9169,17434,CARE INDUSTRIES LTD.,NULL,NULL,1,CANADA
10174,3DC,17435,"ADEMES Y MAQUINARIA DE CUAUHTEMOC, S.A. DE C.V.",NULL,NULL,12,MEXICO
10158,2K9050,17443,SOUDURE KERR INC.,NULL,NULL,6,UNITED STATES (USA)
10835,UBM,17444,TORROT ELECTRIC EUROPA S.L.,NULL,NULL,6,UNITED STATES (USA)
10320,1C9202,17446,COOSE TRAILER MFG INC,NULL,NULL,6,UNITED STATES (USA)
10157,1D9813,17452,DENARDIS MOTOR FACTORY,NULL,NULL,6,UNITED STATES (USA)
10324,1N9378,17454,NU-WAVE UTITILY TRAILERS,NULL,NULL,6,UNITED STATES (USA)
10154,1M9556,17455,Mid Continent Truck Sales Inc.,NULL,NULL,6,UNITED STATES (USA)
10267,4B9166,17458,BEVERLY TRAILER SUPPLY,NULL,NULL,6,UNITED STATES (USA)
10172,1D9799,17459,DYNA HAULER LLC,NULL,NULL,6,UNITED STATES (USA)
10850,1L9572,17461,"LAND AND SEA RV, INC.",NULL,NULL,6,UNITED STATES (USA)
10176,4C9012,17463,CET TRAILERS,NULL,NULL,6,UNITED STATES (USA)
10181,1B9616,17464,Bale Runner Mfg.,NULL,NULL,6,UNITED STATES (USA)
10190,1H9400,17467,"H & G Marine Service, Inc.",NULL,NULL,6,UNITED STATES (USA)
10202,1L9269,17468,LA CONCEPT CARS INC,NULL,NULL,6,UNITED STATES (USA)
10208,1D9803,17469,D AND A CUSTOM,NULL,NULL,6,UNITED STATES (USA)
10206,1R9858,17470,RISING STAR TRAILERS LLC,NULL,NULL,6,UNITED STATES (USA)
10226,1Z9187,17471,ZZ Trailers,NULL,NULL,6,UNITED STATES (USA)
5851,11W,17473,"W-W TRAILER MANUFACTURER, INC",NULL,NULL,6,UNITED STATES (USA)
10228,4UL,17474,"H & S MANUFACTURING CO., INC ",NULL,NULL,6,UNITED STATES (USA)
7400,1C9881,17488,COUNTY ROAD TRAILERS,NULL,NULL,6,UNITED STATES (USA)
8814,48D,17489,"STROKER CYCLES, INC",NULL,NULL,6,UNITED STATES (USA)
10266,1M9476,17491,MID-SOUTH MANAGEMENT INC.,NULL,NULL,6,UNITED STATES (USA)
10413,4C9492,17492,"COAST AUTONOMOUS, INC.",NULL,NULL,6,UNITED STATES (USA)
10661,4C9501,17492,"COAST AUTONOMOUS, INC.",NULL,NULL,6,UNITED STATES (USA)
10268,2E9050,17496,EXPRESS CUSTOM MFG. INC.,NULL,NULL,1,CANADA
13380,2E9088,17496,EXPRESS CUSTOM MFG. INC.,NULL,NULL,NULL,NULL
10287,1D9454,17502,"Double D Trailers, Inc.",NULL,NULL,6,UNITED STATES (USA)
10289,2RN,17503,Remorques Action Air Trailers International Inc.,NULL,NULL,1,CANADA
10291,4C9469,17507,CUTLASS FLOATWORKS INC.,NULL,NULL,6,UNITED STATES (USA)
10294,TYB,17508,MITSUBISHI FUSO TRUCK EUROPE S.A.,NULL,NULL,41,PORTUGAL
10297,1W9601,17516,WILDERMAVEN CORPORATION,NULL,NULL,6,UNITED STATES (USA)
10323,4C9446,17518,"CMG CUSTOM TRAILERS, INC.",NULL,NULL,6,UNITED STATES (USA)
10322,4M9056,17519,METHOD HOMES LLC,NULL,NULL,6,UNITED STATES (USA)
10662,1H9722,17520,HOUSE OF METAL LLC,NULL,NULL,6,UNITED STATES (USA)
10307,1D9515,17521,DAVE MORGAN TRAILERS,NULL,NULL,6,UNITED STATES (USA)
12929,1M9961,17522,MWI CORPORATION,NULL,NULL,NULL,NULL
10321,4S9473,17526,SAGE PUMP SERVICES,NULL,NULL,6,UNITED STATES (USA)
10319,4T9291,17529,TX Strong Trailers,NULL,NULL,6,UNITED STATES (USA)
10329,1E9300,17531,BOSTON MOTORCYCLE COMPANY,NULL,NULL,6,UNITED STATES (USA)
14468,2T9149,17532,TRAILERS NIAGARA MANUFACTURING,NULL,NULL,NULL,NULL
10380,1C9213,17533,"CASITA ENTERPRISES, INC. ",NULL,NULL,6,UNITED STATES (USA)
10339,1P9450,17534,Pendu Mfg Inc,NULL,NULL,6,UNITED STATES (USA)
11807,4T9343,17536,The Lite Car Company,NULL,NULL,6,UNITED STATES (USA)
10362,1R9528,17538,Ross Hill LLC,NULL,NULL,6,UNITED STATES (USA)
10375,4A9071,17539,ALTITUDE TEARDROP COMPANY LLC,NULL,NULL,6,UNITED STATES (USA)
10376,1Z9464,17540,OP4 LLC,NULL,NULL,6,UNITED STATES (USA)
10374,4B9172,17542,BNJ CONSTRUCTION,NULL,NULL,6,UNITED STATES (USA)
10378,4C9494,17543,CART KINGS,NULL,NULL,6,UNITED STATES (USA)
10379,7JA,17544,QUALITY ELECTRICAL SYSTEMS INC,NULL,NULL,6,UNITED STATES (USA)
10377,1D9814,17545,DURABULL TRAILERS LLC,NULL,NULL,6,UNITED STATES (USA)
13044,7TE,17545,DURABULL TRAILERS LLC,NULL,NULL,NULL,NULL
10365,1N9229,17551,Neira Industries Inc.,NULL,NULL,6,UNITED STATES (USA)
10381,7HK,17553,KANE RATANAMONGKALA-BRAY DBA TK TRAILERS,NULL,NULL,6,UNITED STATES (USA)
10409,1R9861,17560,REEL EZ INDUSTRIES LLC,NULL,NULL,6,UNITED STATES (USA)
10516,R2L,17562,"HONGDU ELECTRIC VEHICLE HONGKONG CO.,LIMITED",NULL,NULL,8,CHINA
10411,4T9290,17564,TRIDENT TRAILERS,NULL,NULL,6,UNITED STATES (USA)
10410,4T9296,17565,TEXAS NOVACHEM CORP,NULL,NULL,6,UNITED STATES (USA)
10414,4C9497,17570,CALI CUSTOM TRAILERS,NULL,NULL,6,UNITED STATES (USA)
11427,4M9086,17571,MECHGINEERING & DESIGN LLC,NULL,NULL,6,UNITED STATES (USA)
10412,7J8,17575,"MANLEY METALWORKS,LLC",NULL,NULL,6,UNITED STATES (USA)
10415,4C9498,17580,CUSTOM KAYAK TRAILERS,NULL,NULL,6,UNITED STATES (USA)
10416,7JF,17582,CAPSTONE TRAILERS INC.,NULL,NULL,6,UNITED STATES (USA)
10418,4S9213,17590,SOUTHERN STYLE TRAILERS & TRUCK ACCESSORIES,NULL,NULL,6,UNITED STATES (USA)
6597,1C9998,17591,C & W Trailers,NULL,NULL,6,UNITED STATES (USA)
10422,1N9291,17593,"Newhouse Mfg. Co., Inc.",NULL,NULL,6,UNITED STATES (USA)
10423,1D9537,17594,Distinct Builders Inc.,NULL,NULL,6,UNITED STATES (USA)
10500,1P9802,17595,PACIFIC SPECIALTY VEHICLES,NULL,NULL,6,UNITED STATES (USA)
3770,5FC,17600,"COLUMBIA VEHICLE GROUP, INC.",NULL,NULL,6,UNITED STATES (USA)
10660,4C9486,17600,"COLUMBIA VEHICLE GROUP, INC.",NULL,NULL,6,UNITED STATES (USA)
10499,4C9500,17601,"COASTAL TRAILER MANUFACTURING, LLC.",NULL,NULL,6,UNITED STATES (USA)
10502,1D9815,17605,DANIEL MFG INC.,NULL,NULL,6,UNITED STATES (USA)
10437,1R9444,17609,Roberts Auto Sales,NULL,NULL,6,UNITED STATES (USA)
10438,1T9689,17610,TurfMaker Corporation,NULL,NULL,6,UNITED STATES (USA)
10503,4A9072,17611,AVAILABLE MATERIAL HANDLING,NULL,NULL,6,UNITED STATES (USA)
10443,1A9563,17612,Allstates Production Equipment Company,NULL,NULL,6,UNITED STATES (USA)
10447,1J9248,17614,James C. Barry Mfg. Quality Trailers,NULL,NULL,6,UNITED STATES (USA)
10504,1L9574,17616,L&L FABRICATION & CUSTOM TRAILERS,NULL,NULL,6,UNITED STATES (USA)
10505,1D9816,17617,DUWA’S QUALITY WALLS INC.,NULL,NULL,6,UNITED STATES (USA)
10456,2D9071,17618,DGC Trailer Manufacturing,NULL,NULL,1,CANADA
10463,1M9654,17619,"Monetta Farrier Specialties, Inc.",NULL,NULL,6,UNITED STATES (USA)
10466,2H9080,17620,1469466 Ontario Limited Cycle Hauler,NULL,NULL,1,CANADA
11653,1W7,17621,"WC MANUFACTURING & SPECIALTY CO., INC",NULL,NULL,6,UNITED STATES (USA)
10488,1M9179,17622,Mac Machine and Gear Corporation,NULL,NULL,6,UNITED STATES (USA)
10491,1Z9164,17623,Imperial Structures LLC,NULL,NULL,6,UNITED STATES (USA)
10523,1U9170,17624,US PREFAB,NULL,NULL,6,UNITED STATES (USA)
10832,ZBG,17625,BALBI RIMORCHI SRL,NULL,NULL,9,ITALY
13378,7Z0,17629,"ZOOX, INC.",NULL,NULL,NULL,NULL
10524,4C9499,17630,CHAMPION TRAILER PARTS AND REPAIR LLC,NULL,NULL,6,UNITED STATES (USA)
10833,NP9168,17633,Basoglu Karavan Sanayi ve Ticaret A.S.,NULL,NULL,6,UNITED STATES (USA)
10541,SA9123,17637,Vipex Ltd.,NULL,NULL,28,ENGLAND
10545,1E9312,17638,Exile Cycles,NULL,NULL,6,UNITED STATES (USA)
10548,2C9057,17640,Les Soudures Chagnon Ltee,NULL,NULL,1,CANADA
10552,AF9FG1,17641,Kevin Mc Ardle,NULL,NULL,10,SOUTH AFRICA
10838,1P9803,17644,PROTANK AND EQUIPMENT DBA BESTWAY SALES,NULL,NULL,6,UNITED STATES (USA)
10558,1M9627,17645,Machineco LLC,NULL,NULL,6,UNITED STATES (USA)
10839,7JJ,17646,EAST-TO-WEST & NORTH-TO-SOUTH INC.,NULL,NULL,6,UNITED STATES (USA)
10845,1D9817,17647,DERSTINE TRAILERWORKS LLC,NULL,NULL,6,UNITED STATES (USA)
12056,1Z9534,17648,"INDUSTRIAL VIDEO & CONTROL CO, LLC",NULL,NULL,6,UNITED STATES (USA)
10559,1C9843,17649,Country Welding,NULL,NULL,6,UNITED STATES (USA)
10580,7HL,17653,"3&1 Enterprises, LLC dba Impact Trailers",NULL,NULL,6,UNITED STATES (USA)
10585,1T9714,17654,TRAILCO EQUIPMENT SALES,NULL,NULL,6,UNITED STATES (USA)
10586,1T9668,17655,Trailmaster Inc.,NULL,NULL,6,UNITED STATES (USA)
10590,1B9680,17657,"Barton Investment Group Manufacturing, LLC",NULL,NULL,6,UNITED STATES (USA)
10601,1S9698,17660,"Stelter Repair, Inc.",NULL,NULL,6,UNITED STATES (USA)
10602,1P9491,17661,Predator Motorcycle Company,NULL,NULL,6,UNITED STATES (USA)
10603,1L9329,17662,La Boit Inc.,NULL,NULL,6,UNITED STATES (USA)
10840,4C9496,17664,"CURTISS MOTORCYCLE COMPANY, INC.",NULL,NULL,6,UNITED STATES (USA)
10613,1S9872,17666,Simmons Trailers,NULL,NULL,6,UNITED STATES (USA)
10637,1S9853,17668,Streamline International,NULL,NULL,6,UNITED STATES (USA)
10638,169002,17669,"6 & 34 Trailers & Mfg, Inc.",NULL,NULL,6,UNITED STATES (USA)
10640,1A9602,17670,American Truck Company,NULL,NULL,6,UNITED STATES (USA)
10649,1P9476,17671,Park N' Ride Trailers,NULL,NULL,6,UNITED STATES (USA)
10650,40T,17672,Kriss Mfg & Machine Inc,NULL,NULL,6,UNITED STATES (USA)
10651,1G9072,17673,"Glas Fab, Inc.",NULL,NULL,6,UNITED STATES (USA)
10652,1K9047,17674,Keyco Manufacturing Inc.,NULL,NULL,6,UNITED STATES (USA)
10653,1E9052,17675,EG & G Mount Sopris Instuments,NULL,NULL,6,UNITED STATES (USA)
10654,1F9034,17676,Fabricated Designs Company,NULL,NULL,6,UNITED STATES (USA)
10655,1X8,17677,"War Hawk, Inc.",NULL,NULL,6,UNITED STATES (USA)
10656,1C9086,17678,Companion Trailer Company,NULL,NULL,6,UNITED STATES (USA)
10657,1C9204,17679,C & H Manufacturing Inc,NULL,NULL,6,UNITED STATES (USA)
10837,4C9502,17681,CALIFORNIA'S CUSTOM CONCESSION TRAILERS LLC,NULL,NULL,6,UNITED STATES (USA)
13158,4C9655,17681,CALIFORNIA'S CUSTOM CONCESSION TRAILERS LLC,NULL,NULL,NULL,NULL
10658,1H9113,17684,Heco Manufacturing,NULL,NULL,6,UNITED STATES (USA)
10659,1T9156,17685,TFS Co,NULL,NULL,6,UNITED STATES (USA)
11458,LDU,17686,"CHONGQING HUANGHE MOTORCYCLE CO.,LTD",NULL,NULL,8,CHINA
10834,3P9037,17688,PETER BLATZ KRAHN,NULL,NULL,12,MEXICO
10808,3T9205,17690,TANQUES DE ACERO DEL BRAVO S.A. DE C.V.,NULL,NULL,12,MEXICO
11459,R2F,17691,WINMAX ASIA LIMITED,NULL,NULL,57,HONG KONG
11472,R2H,17691,WINMAX ASIA LIMITED,NULL,NULL,8,CHINA
10841,4A9078,17692,ALMIGHTY TRAILERS LLC.,NULL,NULL,6,UNITED STATES (USA)
10664,1D9108,17694,Dave's Welding,NULL,NULL,6,UNITED STATES (USA)
10666,1S9191,17695,SST Trailers,NULL,NULL,6,UNITED STATES (USA)
10667,1S9202,17696,Century Products Co.,NULL,NULL,6,UNITED STATES (USA)
10669,1L9081,17700,Longhorn Trailer Company,NULL,NULL,6,UNITED STATES (USA)
10670,1S9173,17703,S & R Industrial Maintenance,NULL,NULL,6,UNITED STATES (USA)
11367,421,17704,Dominion Boats,NULL,NULL,6,UNITED STATES (USA)
10671,1D9116,17705,Daniel B. Shirk Welding Shop,NULL,NULL,6,UNITED STATES (USA)
10672,1P9045,17706,Piona's Machine & Fab,NULL,NULL,6,UNITED STATES (USA)
10673,1A9132,17707,American Hitch & Mfg Company,NULL,NULL,6,UNITED STATES (USA)
7862,1W9064,17708,W W WELDING & FABRICATION,NULL,NULL,6,UNITED STATES (USA)
10674,1L9092,17709,Limco Manufacturing Corporation,NULL,NULL,6,UNITED STATES (USA)
10675,1C9301,17710,Class Trailer Manufacturing,NULL,NULL,6,UNITED STATES (USA)
10676,1T9139,17712,Trailers Ltd,NULL,NULL,6,UNITED STATES (USA)
10677,1B9145,17713,Bilt-Redi Corporation,NULL,NULL,6,UNITED STATES (USA)
10843,4M9088,17715,MOZAIC MOTORSPORTS CO,NULL,NULL,6,UNITED STATES (USA)
10689,1S9685,17716,Spectrum Steel Inc.,NULL,NULL,6,UNITED STATES (USA)
10842,4M9090,17717,MR MIKE TRAILERS,NULL,NULL,6,UNITED STATES (USA)
10692,RKP,17719,"Aero MotorSports, LLC",NULL,NULL,6,UNITED STATES (USA)
10848,4T9295,17720,TRIFECTA WATER TRANSFER LLC,NULL,NULL,6,UNITED STATES (USA)
10705,5JB,17721,Southern Heritage Trailers LLC,NULL,NULL,6,UNITED STATES (USA)
10708,1C9356,17722,"Custom Fabricators, Inc.",NULL,NULL,6,UNITED STATES (USA)
10709,472,17724,"Evans Steel Fabrications, Inc.",NULL,NULL,6,UNITED STATES (USA)
10710,46V,17725,"Trans National Trailers, Inc. T.N.T.",NULL,NULL,6,UNITED STATES (USA)
10713,1W9128,17726,World Dump Trailer Inc.,NULL,NULL,6,UNITED STATES (USA)
10714,1A9181,17727,Amko Service Company,NULL,NULL,6,UNITED STATES (USA)
10715,1S9274,17728,Spur Trailers,NULL,NULL,6,UNITED STATES (USA)
10716,1D9145,17729,Dempster Systems Western Div.,NULL,NULL,6,UNITED STATES (USA)
10717,1H9155,17730,"Ikarus USA, Inc.",NULL,NULL,6,UNITED STATES (USA)
12002,1A9288,17730,"Ikarus USA, Inc.",NULL,NULL,6,UNITED STATES (USA)
10718,1N9057,17731,"National Office World, Inc.",NULL,NULL,6,UNITED STATES (USA)
10720,465,17733,Roberts Metal Manufacturing Company,NULL,NULL,6,UNITED STATES (USA)
10722,46P,17734,Perry's Manufacturing Company,NULL,NULL,6,UNITED STATES (USA)
10723,1M9294,17735,MONARCH TRAILERS CO,NULL,NULL,6,UNITED STATES (USA)
10724,1A9334,17736,"Mesco Industries, Inc.",NULL,NULL,6,UNITED STATES (USA)
10726,486,17737,"The Beevers, Inc.",NULL,NULL,6,UNITED STATES (USA)
11174,4AY,17737,"The Beevers, Inc.",NULL,NULL,6,UNITED STATES (USA)
10727,1T9228,17738,Tagger Trailers,NULL,NULL,6,UNITED STATES (USA)
10760,1M9322,17739,MiniKamp,NULL,NULL,6,UNITED STATES (USA)
10822,47E,17740,"Rodco Manufacturing, Inc.",NULL,NULL,6,UNITED STATES (USA)
10730,1C9399,17741,Claypoole Specialties,NULL,NULL,6,UNITED STATES (USA)
10731,1B9222,17742,B & H Trailers,NULL,NULL,6,UNITED STATES (USA)
10733,483,17743,"T&L Manufacturing Co., Inc. Tow Dollie Division",NULL,NULL,6,UNITED STATES (USA)
10734,1H9168,17744,"Highway Transportation Equipment Co., Inc. (Hy-Tec, Inc.)",NULL,NULL,6,UNITED STATES (USA)
10998,4A9075,17745,ALUMAICE LLC,NULL,NULL,6,UNITED STATES (USA)
11237,4A9079,17746,ARRIBA CUEBALL TRAILER MFG L.L.C.,NULL,NULL,6,UNITED STATES (USA)
11902,7J2,17747,SMC ACQUISITIONS CORP,NULL,NULL,6,UNITED STATES (USA)
10735,1R9152,17748,R. M. Welding,NULL,NULL,6,UNITED STATES (USA)
10736,49D,17749,WTM Communications,NULL,NULL,6,UNITED STATES (USA)
10738,1S9292,17751,Stafford's Trailers,NULL,NULL,6,UNITED STATES (USA)
10739,1E9012,17752,"Excel Trailer Co., Inc.",NULL,NULL,6,UNITED STATES (USA)
10740,1W9116,17753,WESTSIDE WELDING & Radiator,NULL,NULL,6,UNITED STATES (USA)
10741,1B9230,17754,"Bauer Built Manufacturing, Inc.",NULL,NULL,6,UNITED STATES (USA)
10742,1R9131,17755,Idaho Stove & Fabricating,NULL,NULL,6,UNITED STATES (USA)
10743,1C9398,17756,CAJUN TRAILERS & FABRICATION INC.,NULL,NULL,6,UNITED STATES (USA)
11243,1T9181,17757,Trailer World Inc.,NULL,NULL,6,UNITED STATES (USA)
10744,1S9257,17758,"Superior Manufacturing A Division of Superior Welding, Inc.",NULL,NULL,6,UNITED STATES (USA)
10745,1H9161,17759,Horstmann Industries,NULL,NULL,6,UNITED STATES (USA)
10752,1R9144,17760,"Road Ready Trailers, Inc.",NULL,NULL,6,UNITED STATES (USA)
10747,1R9138,17762,R.H. Manufacturing,NULL,NULL,6,UNITED STATES (USA)
10750,1B9206,17765,B & M Enterprises,NULL,NULL,6,UNITED STATES (USA)
10751,1C9391,17766,Cat Trailers,NULL,NULL,6,UNITED STATES (USA)
10754,1H9154,17767,Hankins Triple H-Trailers & Ag. Products Corp.,NULL,NULL,6,UNITED STATES (USA)
10755,1J9075,17768,JW Trailers,NULL,NULL,6,UNITED STATES (USA)
10756,47M,17769,Trailer Engineering Co.,NULL,NULL,6,UNITED STATES (USA)
10757,1G9104,17770,GRAND PRIX Trailer MANUFACTURING INC. (G.P.T.),NULL,NULL,6,UNITED STATES (USA)
10759,1A9176,17771,American Trailer Company,NULL,NULL,6,UNITED STATES (USA)
10761,1W9114,17772,Warrior Mfg.,NULL,NULL,6,UNITED STATES (USA)
10762,1A9164,17774,Alpha Tank Builders,NULL,NULL,6,UNITED STATES (USA)
11165,4JD,17775,Two-Pak Trailer Co. Inc.,NULL,NULL,6,UNITED STATES (USA)
10764,1S9286,17776,"Specialty Machine & Manufacturing, Inc.",NULL,NULL,6,UNITED STATES (USA)
11281,1R9846,17777,"R AND I HOLDINGS, INC",NULL,NULL,6,UNITED STATES (USA)
10765,1L9105,17778,Layton Manufacturing Company,NULL,NULL,6,UNITED STATES (USA)
10766,1C9385,17779,Century Metal Products,NULL,NULL,6,UNITED STATES (USA)
10767,1N9064,17780,NORTHERN BAY MANUFACTURING,NULL,NULL,6,UNITED STATES (USA)
10769,109133,17781,OREGON WOODCHUCK Inc.,NULL,NULL,6,UNITED STATES (USA)
10770,1S9320,17782,Steve's Welding & Fabrication,NULL,NULL,6,UNITED STATES (USA)
10771,1N9066,17783,"Northstar Mfg. Inc. of Aitkin, MN.",NULL,NULL,6,UNITED STATES (USA)
10772,1B9239,17784,Blackwood's Welding & Trailer Sales,NULL,NULL,6,UNITED STATES (USA)
10773,49K,17785,Bushtee Manufacturing & Sales Inc.,NULL,NULL,6,UNITED STATES (USA)
10775,1C9420,17786,Custom Built Products Inc.,NULL,NULL,6,UNITED STATES (USA)
10776,1H9178,17787,"Sterling Corporation dba HomeCorp, Inc.",NULL,NULL,6,UNITED STATES (USA)
11263,1E9622,17788,"EASY UP, EASY GO TRAILERS",NULL,NULL,6,UNITED STATES (USA)
11021,1C9266,17789,Cajun Machine & Welding Inc.,NULL,NULL,6,UNITED STATES (USA)
10777,1D9172,17790,DUR-A-LIFT INC.,NULL,NULL,6,UNITED STATES (USA)
10778,1H9182,17791,Hamm Motor Sports & Custom Trailers,NULL,NULL,6,UNITED STATES (USA)
10779,1M9356,17793,Mobile International,NULL,NULL,6,UNITED STATES (USA)
10780,1C9429,17794,Custom Equipment Sales Inc.,NULL,NULL,6,UNITED STATES (USA)
10781,1T9250,17795,"Trailers-R-Us, Inc.",NULL,NULL,6,UNITED STATES (USA)
10782,1S9321,17796,S & R Industries,NULL,NULL,6,UNITED STATES (USA)
10783,1B9249,17797,B & S Concession,NULL,NULL,6,UNITED STATES (USA)
10784,1T9251,17798,Tri-Co Specialties,NULL,NULL,6,UNITED STATES (USA)
10785,1A9225,17799,"Arning Industries, Inc.",NULL,NULL,6,UNITED STATES (USA)
10786,4A7,17800,Two-K Manufacturing,NULL,NULL,6,UNITED STATES (USA)
10787,4A8,17801,K & W LOAD STAR,NULL,NULL,6,UNITED STATES (USA)
10788,1TR,17803,Traffic Transport Engineering,NULL,NULL,6,UNITED STATES (USA)
10789,1B9241,17804,Built-Rite Trailers,NULL,NULL,6,UNITED STATES (USA)
10790,4AA,17805,Promark Products Inc.,NULL,NULL,6,UNITED STATES (USA)
10791,109137,17806,"OZARK SALES AND SERVICE, INC.",NULL,NULL,6,UNITED STATES (USA)
10792,1B9254,17808,Belotti Mfg. Inc.,NULL,NULL,6,UNITED STATES (USA)
11271,2F9100,17811,FUSION PRODUCTION SYSTEMS INC.,NULL,NULL,1,CANADA
10793,1S9239,17815,S & M Equipment Corp.,NULL,NULL,6,UNITED STATES (USA)
10795,1C9298,17816,Circle W Trailer Mfg Inc,NULL,NULL,6,UNITED STATES (USA)
10796,1B9184,17817,Bryant Enterprises Inc.,NULL,NULL,6,UNITED STATES (USA)
10851,4S9478,17818,"SIMMS BROTHERS MARINE SERVICES, INC",NULL,NULL,6,UNITED STATES (USA)
10847,1L9575,17820,LOGISTICS SUPPORT FACILITY,NULL,NULL,6,UNITED STATES (USA)
10798,1D9131,17821,Discount Trailer Mfg.,NULL,NULL,6,UNITED STATES (USA)
10799,1R9124,17822,Rebel Manufacturing Inc.,NULL,NULL,6,UNITED STATES (USA)
10800,1F9076,17823,Fannin Fabrication,NULL,NULL,6,UNITED STATES (USA)
10801,1C9331,17824,Coast Container Corporation,NULL,NULL,6,UNITED STATES (USA)
10802,1C9335,17825,C & S Farms,NULL,NULL,6,UNITED STATES (USA)
10803,4T5,17826,Tie Down Engineering. Inc.,NULL,NULL,6,UNITED STATES (USA)
10804,1B9191,17827,B & O Custom Trailers,NULL,NULL,6,UNITED STATES (USA)
10805,1C9372,17828,The Canopy Man,NULL,NULL,6,UNITED STATES (USA)
10806,1P9146,17829,Power Equipment Co.,NULL,NULL,6,UNITED STATES (USA)
10807,1K9083,17831,"K.T. Specialties, Inc.",NULL,NULL,6,UNITED STATES (USA)
10809,41B,17832,MCCULLOUGH Trailer CORPORATION,NULL,NULL,6,UNITED STATES (USA)
11136,LEX,17833,"Exigis, Inc.",NULL,NULL,6,UNITED STATES (USA)
10811,1T9214,17836,TBG EQUIPMENT DIVISION OF CUSHION CUT,NULL,NULL,6,UNITED STATES (USA)
10814,467,17837,CARGO PLUS,NULL,NULL,6,UNITED STATES (USA)
10815,1D9142,17838,Day's Steel & Trailer Barn,NULL,NULL,6,UNITED STATES (USA)
10816,45S,17839,"Scottsman Manufacturing Co., Inc.",NULL,NULL,6,UNITED STATES (USA)
10817,1S9234,17840,Industrial Innovations Inc.,NULL,NULL,6,UNITED STATES (USA)
10818,1D9148,17842,Dolans Trailer Mfg. LLC.,NULL,NULL,6,UNITED STATES (USA)
10820,1R9112,17843,REILLY INCORPORATED,NULL,NULL,6,UNITED STATES (USA)
10823,1P9153,17845,Pro Sportsman Inc.,NULL,NULL,6,UNITED STATES (USA)
11133,1L9086,17847,"Laurel Fabricating, Inc.",NULL,NULL,6,UNITED STATES (USA)
10824,45D,17848,"Supertrail Manufacturing Co., Inc.",NULL,NULL,6,UNITED STATES (USA)
10825,1U9036,17849,UNIVERSAL MFG,NULL,NULL,6,UNITED STATES (USA)
10826,48A,17850,Superior Aluminum Trailer Mfg.,NULL,NULL,6,UNITED STATES (USA)
11277,4C9505,17851,"CARTER ENTERPRISES LLC ",NULL,NULL,6,UNITED STATES (USA)
10853,4S9477,17852,SAFE-T-PULL INCORPORATED,NULL,NULL,6,UNITED STATES (USA)
10852,1U9169,17853,USEMCO INC.,NULL,NULL,6,UNITED STATES (USA)
6503,1V9206,17856,"VLRV, LLC.",NULL,NULL,6,UNITED STATES (USA)
10993,7HH,17856,"VLRV, LLC.",NULL,NULL,6,UNITED STATES (USA)
10827,1K9087,17857,Koffler Mfg. Inc.,NULL,NULL,6,UNITED STATES (USA)
10828,1W9120,17858,Worley's Welding,NULL,NULL,6,UNITED STATES (USA)
10829,45T,17859,"Tom's Trailers, Inc.",NULL,NULL,6,UNITED STATES (USA)
10831,1C9395,17861,"Custom Designed, Inc.",NULL,NULL,6,UNITED STATES (USA)
10854,4A9080,17862,AMP'D UP TRAILERS,NULL,NULL,6,UNITED STATES (USA)
10855,4S9476,17864,"SPECIALIZED EQUIPMENT COMPANY, LLC.",NULL,NULL,6,UNITED STATES (USA)
10994,4A9082,17865,AMERICAN MOBILE VENDING INC.,NULL,NULL,6,UNITED STATES (USA)
10857,1F9490,17866,FAST TOYS,NULL,NULL,6,UNITED STATES (USA)
10858,1P9805,17867,PROBUILT TRAILERS INC.,NULL,NULL,6,UNITED STATES (USA)
6478,1J9435,17870,J & J TRAILERS AND TRUCK EQUIPMENT LLC,NULL,NULL,6,UNITED STATES (USA)
10856,7JN,17871,Jackson's Trailers & Welding,NULL,NULL,6,UNITED STATES (USA)
11266,1N9382,17873,NTC DRIFT TRIKES LLC,NULL,NULL,6,UNITED STATES (USA)
10997,1H9723,17875,HIGH COUNTRY CAMPS LLC,NULL,NULL,6,UNITED STATES (USA)
10862,1M9428,17876,Moon Docker Trailers,NULL,NULL,6,UNITED STATES (USA)
11254,4M9091,17877,"MIDWEST TEARDROPS, LLC",NULL,NULL,6,UNITED STATES (USA)
10866,1C9534,17878,C & W Enterprises,NULL,NULL,6,UNITED STATES (USA)
10867,1D9231,17879,Diamond Machining Inc.,NULL,NULL,6,UNITED STATES (USA)
10868,1W9207,17881,White's Auto Sales,NULL,NULL,6,UNITED STATES (USA)
10869,1B9228,17882,Burrell Enterprises,NULL,NULL,6,UNITED STATES (USA)
10873,46X,17884,"Rhea's Trailer Sales, Inc.",NULL,NULL,6,UNITED STATES (USA)
10875,4NG,17885,DIAMONDBACK TRaiLER MFG.,NULL,NULL,6,UNITED STATES (USA)
10877,1L9044,17886,London Bridge Welding,NULL,NULL,6,UNITED STATES (USA)
10878,4K3,17887,Three Kit,NULL,NULL,6,UNITED STATES (USA)
10879,1T9208,17888,T&R Trailer Manufacturing,NULL,NULL,6,UNITED STATES (USA)
10880,1D9154,17889,Douglas Truck & Equipment,NULL,NULL,6,UNITED STATES (USA)
10881,1L9109,17890,"L.A. Woods Co., Inc.",NULL,NULL,6,UNITED STATES (USA)
10882,1A9188,17891,Ash Company of Mountain Lake,NULL,NULL,6,UNITED STATES (USA)
10883,1H9153,17892,"Hecla Manufacturing Co., Inc.",NULL,NULL,6,UNITED STATES (USA)
10884,1W9154,17893,"Wrangler Trailers, Inc.",NULL,NULL,6,UNITED STATES (USA)
10885,4C4,17894,Classic Welding,NULL,NULL,6,UNITED STATES (USA)
10887,1T9259,17895,Timber Creek Recreational Vehicle,NULL,NULL,6,UNITED STATES (USA)
10888,1E9119,17896,ED-KA MFG. INC.,NULL,NULL,6,UNITED STATES (USA)
10889,1W9048,17897,Wack Engineering,NULL,NULL,6,UNITED STATES (USA)
10890,4B8,17900,Quality Craft Corp.,NULL,NULL,6,UNITED STATES (USA)
10891,1W9152,17901,White's Welding & Fabrication,NULL,NULL,6,UNITED STATES (USA)
10893,1M9282,17902,"Massie Mfg., Inc.",NULL,NULL,6,UNITED STATES (USA)
10894,1F9118,17903,Falcon Engineering & Mfg Co.,NULL,NULL,6,UNITED STATES (USA)
10895,1C9473,17904,Competition Trailers,NULL,NULL,6,UNITED STATES (USA)
10898,1D9134,17906,"Dutchmen Mfg., Inc.",NULL,NULL,6,UNITED STATES (USA)
10899,1A9147,17907,Archer Manufacturing Corporation,NULL,NULL,6,UNITED STATES (USA)
10900,1B9190,17908,B & H Welding Services,NULL,NULL,6,UNITED STATES (USA)
10901,1J9070,17909,"John M. Hill Machine Co., Inc.",NULL,NULL,6,UNITED STATES (USA)
10903,1P9149,17911,Paul Manufacturing,NULL,NULL,6,UNITED STATES (USA)
10904,1P9142,17912,"Pomona Sheet Metal Works, Inc.",NULL,NULL,6,UNITED STATES (USA)
10906,1B9196,17913,Borek Brothers Automotive,NULL,NULL,6,UNITED STATES (USA)
10907,41G,17914,Bethany Welding Inc.,NULL,NULL,6,UNITED STATES (USA)
10911,4U1,17919,"Dynaweld, Inc.",NULL,NULL,6,UNITED STATES (USA)
10914,4C2,17923,MDX Plastics Inc,NULL,NULL,6,UNITED STATES (USA)
10915,1A9230,17924,Advanced Transport Technologies Inc.,NULL,NULL,6,UNITED STATES (USA)
10917,1M9364,17926,Mobile Tech,NULL,NULL,6,UNITED STATES (USA)
10918,1A9236,17927,A. BERGMAN,NULL,NULL,6,UNITED STATES (USA)
10920,4PT,17929,Pero Trailer Mfg.,NULL,NULL,6,UNITED STATES (USA)
10922,1L9150,17930,"Lite House Campers, Inc.",NULL,NULL,6,UNITED STATES (USA)
10923,1F9089,17931,JIM SHUFF'S PROPERTY MANAGEMENT INC. DBA FREEDOM TRAILERS,NULL,NULL,6,UNITED STATES (USA)
10925,1K9037,17932,Karnel Enterprizes,NULL,NULL,6,UNITED STATES (USA)
10927,42N,17933,"Midwest Trailers of Sikeston, Inc.",NULL,NULL,6,UNITED STATES (USA)
10929,1B9338,17934,"BOB'S USED CARS, INC.",NULL,NULL,6,UNITED STATES (USA)
10930,1M9004,17935,M.J. Taylor Mfg. Co.,NULL,NULL,6,UNITED STATES (USA)
10934,1W9215,17936,"Wright's Welding and Fabrication, Inc.",NULL,NULL,6,UNITED STATES (USA)
10936,1B9360,17937,"Big 4 Rents, Inc.",NULL,NULL,6,UNITED STATES (USA)
10937,1S9464,17938,"Sprint Manufacturing, Inc.",NULL,NULL,6,UNITED STATES (USA)
10939,4MN,17939,"BETTER BUILT TRAILERS  ",NULL,NULL,6,UNITED STATES (USA)
10940,1A9324,17941,Auto Transport Service,NULL,NULL,6,UNITED STATES (USA)
10942,1T9332,17942,Twin Rivers Mfg.,NULL,NULL,6,UNITED STATES (USA)
10943,1S9357,17943,"Sturdy Built, Inc.",NULL,NULL,6,UNITED STATES (USA)
10945,1C9053,17944,"Curtis Industries, Inc.",NULL,NULL,6,UNITED STATES (USA)
10992,1D9818,17945,Disler Trailer LLC,NULL,NULL,6,UNITED STATES (USA)
11795,4B9099,17946,BULL DAWG TRAILER COMPANY LLC,NULL,NULL,6,UNITED STATES (USA)
11439,1N9354,17946,BULL DAWG TRAILER COMPANY LLC,NULL,NULL,6,UNITED STATES (USA)
12010,1A9992,17947,AUTOHAUS OF COLORADO DBA TRAILER MADE CUSTOM TRAILERS LLC,NULL,NULL,6,UNITED STATES (USA)
10949,1T9370,17948,Trailers-N-More,NULL,NULL,6,UNITED STATES (USA)
10951,1U9005,17949,U.S. Coach Works Inc.,NULL,NULL,6,UNITED STATES (USA)
10953,4MH,17950,"Patriot Trailer Sales, Inc.",NULL,NULL,6,UNITED STATES (USA)
10954,1V9016,17951,Valley Welding & Repair,NULL,NULL,6,UNITED STATES (USA)
10958,1S9406,17952,"SEI A Division of Stovall Fab & Machine, Inc.",NULL,NULL,6,UNITED STATES (USA)
11434,4T9301,17953,THE GASBOX LLC,NULL,NULL,6,UNITED STATES (USA)
10969,1L9176,17954,Lindsay's Farm Equipment,NULL,NULL,6,UNITED STATES (USA)
11280,1G9514,17956,GORMAN TRAILERS,NULL,NULL,6,UNITED STATES (USA)
10973,1T9406,17957,"Trailers Plus  ",NULL,NULL,6,UNITED STATES (USA)
10974,1B9366,17958,Bootheel Custom Trailers,NULL,NULL,6,UNITED STATES (USA)
10985,4MW,17961,"Delta Manufacturing, Inc.",NULL,NULL,6,UNITED STATES (USA)
11264,4M9092,17962,MARBLE PROPULSION TECHNOLOGY’S INC,NULL,NULL,6,UNITED STATES (USA)
11261,4S9480,17963,SAM'S TRANSPORT COMPANY,NULL,NULL,6,UNITED STATES (USA)
11078,1R9863,17964,ROCKIN H INDUSTRIES INC,NULL,NULL,6,UNITED STATES (USA)
10987,1G9182,17965,G&S Enterprise,NULL,NULL,6,UNITED STATES (USA)
11481,WHR,17969,HERMANN HARBECK FAHRZEUGBAU GMBH & CO. KG,NULL,NULL,6,UNITED STATES (USA)
11430,3V9021,17971,VIMAR TRAILERS,NULL,NULL,12,MEXICO
10995,4B9176,17972,"Bean Trailer Manufacturing, LLC",NULL,NULL,6,UNITED STATES (USA)
11286,1F9489,17973,FOUR MILE FABRICATION LLC,NULL,NULL,6,UNITED STATES (USA)
11077,1J9470,17975,JAK STEELE MFG. LLC.,NULL,NULL,6,UNITED STATES (USA)
11997,1J9483,17975,JAK STEELE MFG. LLC.,NULL,NULL,6,UNITED STATES (USA)
11011,1A9359,17976,Accel Trailers Inc.,NULL,NULL,6,UNITED STATES (USA)
11013,1M9263,17978,"Mr. Air Sweepers, Inc.",NULL,NULL,6,UNITED STATES (USA)
11014,1S9189,17979,"SturdyWeld Equipment & Design, Inc.",NULL,NULL,6,UNITED STATES (USA)
11015,41U,17980,Dacus Manufacturing Inc.,NULL,NULL,6,UNITED STATES (USA)
11016,1S9215,17981,Sopko Manufacturing Company,NULL,NULL,6,UNITED STATES (USA)
11017,1A9105,17982,Ashcan Fab. Co.,NULL,NULL,6,UNITED STATES (USA)
11018,1S9197,17983,"SCS Machine & Fabricating, Inc.",NULL,NULL,6,UNITED STATES (USA)
11092,1D9111,17984,Diamond-K-Mfg.,NULL,NULL,6,UNITED STATES (USA)
11019,406,17985,R and S Trailers Inc.,NULL,NULL,6,UNITED STATES (USA)
11020,1C9268,17987,"Coffeeville Trailer Manufacturing, Inc.",NULL,NULL,6,UNITED STATES (USA)
11022,1C9330,17988,Container Enterprise,NULL,NULL,6,UNITED STATES (USA)
11023,1A9149,17989,"Dimensional Homes, Inc.",NULL,NULL,6,UNITED STATES (USA)
11025,1H9110,17990,"Henley's Trailers, Inc.",NULL,NULL,6,UNITED STATES (USA)
11026,1W9135,17991,Westcar Industries Ltd.,NULL,NULL,6,UNITED STATES (USA)
11027,1R9139,17992,RAB Trailer Manufacturers,NULL,NULL,6,UNITED STATES (USA)
11028,1A9185,17993,"Auctioneering Systems, Inc.",NULL,NULL,6,UNITED STATES (USA)
11029,1K9070,17994,"DAVID B KNIGHT & ASSOCIATES, INC.",NULL,NULL,6,UNITED STATES (USA)
11030,1N9062,17995,The Nolan Company,NULL,NULL,6,UNITED STATES (USA)
11031,1P9172,17996,"Phoenix Industries & Apparatus, Inc.",NULL,NULL,6,UNITED STATES (USA)
11275,4B9178,17997,"BLACKWATER IRONWORKS, LLC.",NULL,NULL,6,UNITED STATES (USA)
11304,1D9819,17998,DYRENG FARMS & DAIRY LLC,NULL,NULL,6,UNITED STATES (USA)
11272,4A9087,17999,"ATF MFG, LLC",NULL,NULL,6,UNITED STATES (USA)
11034,1L9116,18001,Loeffler Filtration Group,NULL,NULL,6,UNITED STATES (USA)
11036,1N9054,18002,Northwest Trailer Sales & Service,NULL,NULL,6,UNITED STATES (USA)
11037,1P9174,18003,P & P Manufacturing,NULL,NULL,6,UNITED STATES (USA)
11038,438,18004,Sikeston Trailer Sales,NULL,NULL,6,UNITED STATES (USA)
11040,1W9144,18005,"Welding Unlimited ",NULL,NULL,6,UNITED STATES (USA)
11041,1R9156,18006,Ray Gaskin Service,NULL,NULL,6,UNITED STATES (USA)
11042,1N9063,18007,"National Steelworks, Inc.",NULL,NULL,6,UNITED STATES (USA)
11044,1W9106,18008,Wiser Trailer and Equipment,NULL,NULL,6,UNITED STATES (USA)
11046,1M9348,18009,Decatur Industrial & Tech Center,NULL,NULL,6,UNITED STATES (USA)
11047,1T9241,18010,"T.W.G. Machine, Inc.",NULL,NULL,6,UNITED STATES (USA)
11048,1S9236,18011,Southern Iowa Manufacturing Co.,NULL,NULL,6,UNITED STATES (USA)
11049,1R9165,18012,Randi and Assoc. Corp. dba Trans Spec,NULL,NULL,6,UNITED STATES (USA)
11050,1T9249,18014,T. Rome Ent.,NULL,NULL,6,UNITED STATES (USA)
11051,1R9168,18015,R-Way Corporation,NULL,NULL,6,UNITED STATES (USA)
13462,1K9175,18017,"K & K MANUFACTURING, INC.",NULL,NULL,6,UNITED STATES (USA)
11052,109136,18018,"Omega Southwest Mfg., Inc.",NULL,NULL,6,UNITED STATES (USA)
11053,1S9308,18019,"Stallion Trailers, Inc. ",NULL,NULL,6,UNITED STATES (USA)
11054,47X,18020,Golden Eagle Trailer Manufacturing & Welding Works,NULL,NULL,6,UNITED STATES (USA)
11055,1C9393,18021,C & O Manufacturing,NULL,NULL,6,UNITED STATES (USA)
11056,1G9070,18022,"Custom Trailers, Inc.",NULL,NULL,6,UNITED STATES (USA)
11057,1F9095,18023,Fobes Welding & Iron Works,NULL,NULL,6,UNITED STATES (USA)
11059,1T9434,18025,"The Shop  ",NULL,NULL,6,UNITED STATES (USA)
11061,1N9133,18026,"New Commander Trailers, Inc.",NULL,NULL,6,UNITED STATES (USA)
11062,1E9188,18027,Equipment Maintenance & Repair Service,NULL,NULL,6,UNITED STATES (USA)
11063,1E9191,18028,E.C. Woods,NULL,NULL,6,UNITED STATES (USA)
11157,1C9424,18029,"Corn Belt Manufacturing, Inc.",NULL,NULL,6,UNITED STATES (USA)
11064,1T9221,18030,Trail Rite Trailers,NULL,NULL,6,UNITED STATES (USA)
11069,1S9543,18032,"S.D. Pitman, Inc.",NULL,NULL,6,UNITED STATES (USA)
11070,1C9163,18033,Custom Welding And Trailers,NULL,NULL,6,UNITED STATES (USA)
11273,1J9468,18034,"JUBILEE TRAILERS, LLC",NULL,NULL,6,UNITED STATES (USA)
11076,7JS,18037,HBT SMOKERS LLC,NULL,NULL,6,UNITED STATES (USA)
11075,4T9303,18038,TRIPLE C FABRICATION LLC,NULL,NULL,6,UNITED STATES (USA)
11259,1X9033,18039,"XL CARTS, INC.",NULL,NULL,6,UNITED STATES (USA)
11073,1PL,18041,Peerless Corporation,NULL,NULL,6,UNITED STATES (USA)
11080,1C9882,18047,"Custom Equipment Builders, Inc.",NULL,NULL,6,UNITED STATES (USA)
11081,468,18048,Spirit Trailer Mfg.,NULL,NULL,6,UNITED STATES (USA)
11083,1C9304,18050,Coburn Equipment & Repairs,NULL,NULL,6,UNITED STATES (USA)
11084,1C9274,18051,C.C. Rider Trailer Co.,NULL,NULL,6,UNITED STATES (USA)
11085,1N9041,18052,Nu Tech Trailer Inc.,NULL,NULL,6,UNITED STATES (USA)
11086,1U9013,18053,"United States Systems, Inc.",NULL,NULL,6,UNITED STATES (USA)
11089,1R9091,18055,"R.V. Mini Mart, Inc.",NULL,NULL,6,UNITED STATES (USA)
11090,40H,18056,"Hitchco, Inc.",NULL,NULL,6,UNITED STATES (USA)
11093,41C,18059,C.D. Spectrum Inc.,NULL,NULL,6,UNITED STATES (USA)
11094,1W9094,18060,Woodstream Mfg. Division of Playland Recreational Village,NULL,NULL,6,UNITED STATES (USA)
11095,1M9090,18062,Mid-States International Motocross Inc.,NULL,NULL,6,UNITED STATES (USA)
11097,1V9112,18063,Vac-Tec,NULL,NULL,6,UNITED STATES (USA)
11098,1S9203,18065,Vista Cruiser Mfg.,NULL,NULL,6,UNITED STATES (USA)
11099,1N9043,18066,"Nth, Inc.",NULL,NULL,6,UNITED STATES (USA)
11100,1H9123,18067,H&H Manufacturing,NULL,NULL,6,UNITED STATES (USA)
11276,4A9084,18069,"AUGUST METAL WORKS, LLC",NULL,NULL,6,UNITED STATES (USA)
11102,1T9154,18070,Tex Star Mfg.,NULL,NULL,6,UNITED STATES (USA)
11103,1M9275,18071,"Min-Ark, Inc.",NULL,NULL,6,UNITED STATES (USA)
11104,1C9287,18072,"Comanche Manufacturing, Inc.",NULL,NULL,6,UNITED STATES (USA)
11105,1Y9003,18074,Yuma Welding and Fabrication,NULL,NULL,6,UNITED STATES (USA)
11106,1T9160,18075,Triple J. Trailer Sales,NULL,NULL,6,UNITED STATES (USA)
11107,109123,18076,OK Trailer Mfg.,NULL,NULL,6,UNITED STATES (USA)
11108,428,18077,Kamplite Mfg. Corp.,NULL,NULL,6,UNITED STATES (USA)
11109,1P9113,18078,Putnam Manufacturing,NULL,NULL,6,UNITED STATES (USA)
11110,1B9210,18079,Boss Trailers,NULL,NULL,6,UNITED STATES (USA)
11393,1N9383,18080,"NUTHOUSE INDUSTRIES, LLC",NULL,NULL,6,UNITED STATES (USA)
11112,1C9319,18081,Country Trailers,NULL,NULL,6,UNITED STATES (USA)
11267,4A9085,18082,"AIR BURNERS, INC.",NULL,NULL,6,UNITED STATES (USA)
11113,1H9069,18083,Hamman Enterprises,NULL,NULL,6,UNITED STATES (USA)
11114,1C9346,18084,Cross Industries Inc.,NULL,NULL,6,UNITED STATES (USA)
11115,43K,18085,"Trailmaster, Inc.",NULL,NULL,6,UNITED STATES (USA)
11116,1T9178,18086,Triple-B Truck Body and Metal Fabricating Company,NULL,NULL,6,UNITED STATES (USA)
11117,1J9053,18087,"James Russell Engineering Works, Inc.",NULL,NULL,6,UNITED STATES (USA)
11118,1T9168,18089,Tailored Trailers,NULL,NULL,6,UNITED STATES (USA)
11119,1M9216,18090,"Multiple Interests, Inc. dba Trailers, Etc.",NULL,NULL,6,UNITED STATES (USA)
11120,1H9231,18092,Husky Trailer Manufacturing Co,NULL,NULL,6,UNITED STATES (USA)
11121,1L9095,18093,Lynden Tank Co,NULL,NULL,6,UNITED STATES (USA)
11122,1M9292,18094,Marlin Trailers,NULL,NULL,6,UNITED STATES (USA)
11123,1S9250,18095,STOTLER WELDING,NULL,NULL,6,UNITED STATES (USA)
11124,11J,18096,McCullugh Trailers,NULL,NULL,6,UNITED STATES (USA)
11126,1R9056,18097,Russell H. Sonnenberg,NULL,NULL,6,UNITED STATES (USA)
11127,1F9027,18098,"Fibre-Tech, Inc.",NULL,NULL,6,UNITED STATES (USA)
11128,1D9089,18099,"DRIVE-ON TRAILER CO., INC.",NULL,NULL,6,UNITED STATES (USA)
11129,1S9131,18100,Sabre Luxury Coach Inc.,NULL,NULL,6,UNITED STATES (USA)
11130,1B9102,18101,Weyhrich Industries Inc.,NULL,NULL,6,UNITED STATES (USA)
11131,1R9061,18102,Rexworks Inc.,NULL,NULL,6,UNITED STATES (USA)
11132,1E9048,18103,Emerson Electric Co,NULL,NULL,6,UNITED STATES (USA)
11134,1C9308,18104,"Corey Enterprises, Inc.",NULL,NULL,6,UNITED STATES (USA)
11137,1W9115,18106,"FAST GLOBAL SOLUTIONS, INC.",NULL,NULL,6,UNITED STATES (USA)
11138,1E9095,18108,Elmat Inc.,NULL,NULL,6,UNITED STATES (USA)
11256,4C9506,18109,CARA VALENTE,NULL,NULL,6,UNITED STATES (USA)
11139,1A9172,18110,Andrews Equipment Service of Washington Inc.,NULL,NULL,6,UNITED STATES (USA)
11140,1R9136,18112,Roose Manufacturing Co.,NULL,NULL,6,UNITED STATES (USA)
11141,1T9207,18113,"Camits Industries, Inc.",NULL,NULL,6,UNITED STATES (USA)
11144,1B9236,18114,Brandy Industries,NULL,NULL,6,UNITED STATES (USA)
11145,1D9162,18115,Demumbreum Welding Shop,NULL,NULL,6,UNITED STATES (USA)
11146,1C9411,18116,"Cy-Corp Enterprises, Inc.",NULL,NULL,6,UNITED STATES (USA)
11147,109131,18117,Overland R.V. Depot,NULL,NULL,6,UNITED STATES (USA)
11148,1R9149,18118,"Rochelle Steel Fabricating, Inc.",NULL,NULL,6,UNITED STATES (USA)
11149,1C9416,18119,Creative Coachworks Inc.,NULL,NULL,6,UNITED STATES (USA)
11150,1B9242,18120,Braco Trailers,NULL,NULL,6,UNITED STATES (USA)
11151,1E9113,18122,Equi-Lite Horse Trailers,NULL,NULL,6,UNITED STATES (USA)
11258,4A9088,18123,AMAZING TRAILERS INC,NULL,NULL,6,UNITED STATES (USA)
11152,3E9001,18125,"E.C.S.A. Ensambladora Cacanilla, S.A. de C.V.",NULL,NULL,6,UNITED STATES (USA)
11154,1P9184,18126,"Phoenix Modular R.V., Inc.",NULL,NULL,6,UNITED STATES (USA)
11155,1G9111,18127,Interstate Products Inc.,NULL,NULL,6,UNITED STATES (USA)
11156,1P9162,18128,Palm Manufacturing and Sales,NULL,NULL,6,UNITED STATES (USA)
11418,4M9094,18129,MOAT TRAILERS INC.,NULL,NULL,6,UNITED STATES (USA)
11257,1W9604,18130,WOLF INDUSTRIES INC,NULL,NULL,6,UNITED STATES (USA)
11159,1H9171,18131,Hubler Bros.,NULL,NULL,6,UNITED STATES (USA)
11160,1R9135,18132,"LOAD REDI, INC",NULL,NULL,6,UNITED STATES (USA)
11161,1W9097,18133,Westfall Motors Corp.,NULL,NULL,6,UNITED STATES (USA)
11162,1M9305,18134,Midwest Welding Co.,NULL,NULL,6,UNITED STATES (USA)
11416,40N,18135,"Chessline, Inc.",NULL,NULL,6,UNITED STATES (USA)
11383,435,18136,"VANGUARD TRAILER, INC.",NULL,NULL,6,UNITED STATES (USA)
11163,1L9124,18137,"Lanier Trailer, Inc.",NULL,NULL,6,UNITED STATES (USA)
11164,1J9084,18138,J M Trailer Manufacturing,NULL,NULL,6,UNITED STATES (USA)
11166,1A9163,18139,Aurora Modular Industries,NULL,NULL,6,UNITED STATES (USA)
11167,1V9053,18140,Vern's Welding and Fabrication,NULL,NULL,6,UNITED STATES (USA)
11168,4BL,18141,Iron Master Mfg.,NULL,NULL,6,UNITED STATES (USA)
11169,1S9332,18142,Safe-Ride Trailers Inc.,NULL,NULL,6,UNITED STATES (USA)
11274,4A9089,18143,"ACCELERATED SPEED DYNAMICS, INC ",NULL,NULL,6,UNITED STATES (USA)
11262,4C9485,18144,"CENTRAL POWER SYSTEMS AND SERVICES, LLC.",NULL,NULL,6,UNITED STATES (USA)
11268,4S9483,18145,STELLA SPECIALTY TRAILERS LLC,NULL,NULL,6,UNITED STATES (USA)
11170,1T9260,18156,"Translift Systems, Inc.",NULL,NULL,6,UNITED STATES (USA)
11172,1B9240,18157,BURDICK BROS. MACHINE & REPAIR,NULL,NULL,6,UNITED STATES (USA)
11175,1A9220,18160,"IBEX INDUSTRIES, INC.",NULL,NULL,6,UNITED STATES (USA)
11176,1L9132,18161,Lazy L Mfg.,NULL,NULL,6,UNITED STATES (USA)
11178,1D9178,18162,D&D TRAILERS,NULL,NULL,6,UNITED STATES (USA)
11179,1B9263,18163,Brians Welding Service,NULL,NULL,6,UNITED STATES (USA)
11181,1A9232,18165,"Abtec of Wisconsin, Inc.",NULL,NULL,6,UNITED STATES (USA)
11182,1H9191,18166,Husted Bike Trailers,NULL,NULL,6,UNITED STATES (USA)
11183,1W9155,18167,Wallstrong Trailers,NULL,NULL,6,UNITED STATES (USA)
11184,1T9277,18168,TESH & SONS TRAILER HITCH CENTER INC.,NULL,NULL,6,UNITED STATES (USA)
11185,1D9188,18169,D T Supply,NULL,NULL,6,UNITED STATES (USA)
11186,1M9376,18170,MAC Stripers Inc.,NULL,NULL,6,UNITED STATES (USA)
11283,1G9547,18171,G-FORCE TRAILERS LLC,NULL,NULL,6,UNITED STATES (USA)
11417,1H9624,18172,H&H FARM MACHINE CO INC,NULL,NULL,6,UNITED STATES (USA)
11270,4B9180,18176,BLUEBIRD TURF PRODUCTS LLLP,NULL,NULL,6,UNITED STATES (USA)
11187,1C9396,18178,"Clenet International, Ltd.",NULL,NULL,6,UNITED STATES (USA)
11188,4BP,18179,"Mark Line Industries of Pennsylvania, Inc.",NULL,NULL,6,UNITED STATES (USA)
11191,4D4,18181,"Central Arkansas Fabrication, Inc. dba Ponderosa Trailers",NULL,NULL,6,UNITED STATES (USA)
11192,4GE,18182,"General Trailer Mfg, Inc.",NULL,NULL,6,UNITED STATES (USA)
11193,1M9403,18183,"Morris Trailers ",NULL,NULL,6,UNITED STATES (USA)
11194,1W9179,18184,Wegner Welding,NULL,NULL,6,UNITED STATES (USA)
11197,1D9212,18185,"Daral, Inc.",NULL,NULL,6,UNITED STATES (USA)
11198,1C9485,18186,Corona Ltd. dba Baron's Trailer Sales,NULL,NULL,6,UNITED STATES (USA)
11199,1M9395,18187,"MI Joy Manufacturing, Inc.",NULL,NULL,6,UNITED STATES (USA)
11201,1C9442,18188,Carrier Trailer Mfg.,NULL,NULL,6,UNITED STATES (USA)
11202,1M9391,18190,Monroe Manufacturing,NULL,NULL,6,UNITED STATES (USA)
11203,1J9110,18191,J & L Fabrication Inc.,NULL,NULL,6,UNITED STATES (USA)
11204,1J9039,18192,J.S. WELDING,NULL,NULL,6,UNITED STATES (USA)
11205,1C9483,18193,"J & A Custom Trailers & Fabrication division of Cordis Johnson Automotive, Inc.",NULL,NULL,6,UNITED STATES (USA)
11206,4PA,18194,"Pro Auto Sales & Salvage, Inc.",NULL,NULL,6,UNITED STATES (USA)
11207,4FZ,18195,"DOUBLE ""P"" FABRICATION & INSTALLATION, INC.",NULL,NULL,6,UNITED STATES (USA)
11208,1K9113,18196,Kellys Welding & Manufacturing,NULL,NULL,6,UNITED STATES (USA)
11209,1G9139,18197,Great Lakes Trailers,NULL,NULL,6,UNITED STATES (USA)
11210,1G9131,18198,Gardner-Pacific Corporation,NULL,NULL,6,UNITED STATES (USA)
11212,1S9405,18199,S&S Custom Trailers,NULL,NULL,6,UNITED STATES (USA)
11214,1R9246,18200,"Road Boss Trailers, Inc.",NULL,NULL,6,UNITED STATES (USA)
11215,1P9196,18201,Padgett Truck Bodies and Equipment,NULL,NULL,6,UNITED STATES (USA)
11219,1S9475,18202,Steve's Welding Service & Machine Shop,NULL,NULL,6,UNITED STATES (USA)
11285,1H9725,18203,HARRISON WELDING LLC,NULL,NULL,6,UNITED STATES (USA)
11346,1F9491,18205,RUSSELL RECE HEATON (Forever Bunkhouses),NULL,NULL,6,UNITED STATES (USA)
11221,1Z9012,18206,"O.T. Fabricating, Inc.",NULL,NULL,6,UNITED STATES (USA)
11224,4L7,18208,"Amrad Products and Supply Company, Inc.",NULL,NULL,6,UNITED STATES (USA)
8980,1S9363,18209,"Scarab Manufacturing and Leasing, Inc.",NULL,NULL,6,UNITED STATES (USA)
11229,1T9395,18210,Taylor Trailers (Royal Taylor),NULL,NULL,6,UNITED STATES (USA)
11347,1J9472,18211,JACKRABBIT MANUFACTURING LLC,NULL,NULL,6,UNITED STATES (USA)
11282,4B9173,18212,BALLISTIC TRAILERS LLC,NULL,NULL,6,UNITED STATES (USA)
11231,1L9175,18213,La Palma Auto Body & Repair,NULL,NULL,6,UNITED STATES (USA)
11234,1C9059,18214,Clark Trailers,NULL,NULL,6,UNITED STATES (USA)
11241,40R,18218,"Boat Trailers Pacific, Inc. dba Pacific Trailers",NULL,NULL,6,UNITED STATES (USA)
11244,1B9172,18221,"Burkett Enterprises, Inc. dba The Graham Co.",NULL,NULL,6,UNITED STATES (USA)
11246,1C9360,18223,Crowe Co.,NULL,NULL,6,UNITED STATES (USA)
11247,1W9113,18224,Wayne's Screen Machine,NULL,NULL,6,UNITED STATES (USA)
11248,4LC,18225,The Lee Co,NULL,NULL,6,UNITED STATES (USA)
11249,1W9117,18226,Welch Trailer,NULL,NULL,6,UNITED STATES (USA)
11250,44Z,18227,C & S Trailer World,NULL,NULL,6,UNITED STATES (USA)
11565,4S9447,18230,SOUTH COAST MANUFACTURING LLC,NULL,NULL,6,UNITED STATES (USA)
11279,4M9093,18231,MC CONCESSION TRAILERS,NULL,NULL,6,UNITED STATES (USA)
11265,1L9578,18234,Light House Trades,NULL,NULL,6,UNITED STATES (USA)
11252,ZJP,18235,PICCOLI MOTORi S.R.L.,NULL,NULL,9,ITALY
11253,1S9219,18236,Sweet Way Trailers,NULL,NULL,6,UNITED STATES (USA)
11278,1L9579,18239,LOUIS PADNOS IRON & METAL COMPANY,NULL,NULL,6,UNITED STATES (USA)
11284,7HM,18242,"US TRAILER MANUFACTURING ",NULL,NULL,6,UNITED STATES (USA)
11303,1Z9562,18244,ZION'S TINY HOMES LLC,NULL,NULL,6,UNITED STATES (USA)
11288,433,18245,KKM Enterprises,NULL,NULL,6,UNITED STATES (USA)
11289,1B9149,18246,"Burlingame Industries, Inc.",NULL,NULL,6,UNITED STATES (USA)
11290,1H9098,18247,Kustom Trailers & Welding,NULL,NULL,6,UNITED STATES (USA)
11291,44F,18248,"Eischen Manufacturing Co, Inc.",NULL,NULL,6,UNITED STATES (USA)
11292,1R9119,18250,"Rebel Custom Trailers ",NULL,NULL,6,UNITED STATES (USA)
11293,44V,18251,American Road Trailers,NULL,NULL,6,UNITED STATES (USA)
11294,1S9226,18252,"Snowblast-Sicard, Inc.",NULL,NULL,6,UNITED STATES (USA)
11295,1T9196,18253,T.D. Trailers,NULL,NULL,6,UNITED STATES (USA)
11296,1A9169,18254,ACE Truck Body Co.,NULL,NULL,6,UNITED STATES (USA)
11297,1M9310,18255,Molt-N-Metal,NULL,NULL,6,UNITED STATES (USA)
11298,1G9091,18256,"GCL , Inc.",NULL,NULL,6,UNITED STATES (USA)
11377,1P9807,18257,"PATRIOT TRAILER MANUFACTURING, LLC",NULL,NULL,6,UNITED STATES (USA)
11301,1W9083,18260,"WCCT, Inc.",NULL,NULL,6,UNITED STATES (USA)
11302,1N9049,18261,"Nicks Automotive, Inc.",NULL,NULL,6,UNITED STATES (USA)
11421,1A9165,18262,"A-N-S manufacturing, Inc.",NULL,NULL,6,UNITED STATES (USA)
11345,7JW,18266,"AUTONATION CARRIERS, INC",NULL,NULL,6,UNITED STATES (USA)
11343,7JV,18267,FITZGERALD INDUSTRIES INC.,NULL,NULL,6,UNITED STATES (USA)
11344,4A9091,18268,"ACCELERATED MEDIA TECHNOLOGIES, INC",NULL,NULL,6,UNITED STATES (USA)
11310,1P9628,18272,PBCLV INC,NULL,NULL,6,UNITED STATES (USA)
11312,4DS,18274,"J-J-N Enterprises, Inc",NULL,NULL,6,UNITED STATES (USA)
11316,1S9248,18281,Sway-Tamer Mfg.,NULL,NULL,6,UNITED STATES (USA)
11317,1L9155,18282,LA Exotics,NULL,NULL,6,UNITED STATES (USA)
11318,2A9037,18283,Aspen Trailer Company Ltd.,NULL,NULL,1,CANADA
11320,1W9234,18284,Wild Boar Manufacturing,NULL,NULL,6,UNITED STATES (USA)
9803,1A9250,18288,"Ajax Tools, Inc.",NULL,NULL,6,UNITED STATES (USA)
11468,4T9308,18289,"TINY HOUSE CRIBS, LLC",NULL,NULL,6,UNITED STATES (USA)
11337,47T,18291,CROSSROADS INDUSTRIES,NULL,NULL,6,UNITED STATES (USA)
11324,1W9137,18292,Waste Processing Equipment,NULL,NULL,6,UNITED STATES (USA)
11325,1U9038,18293,Union Chill Mat Company,NULL,NULL,6,UNITED STATES (USA)
11327,1B9166,18296,"Bonner Metal & Fabrication, Inc.",NULL,NULL,6,UNITED STATES (USA)
11329,1D9152,18297,DAVIS' COUNTRYSIDE TRAILER WORLD,NULL,NULL,6,UNITED STATES (USA)
11330,47N,18298,"Trailer Components of Florida, Inc.",NULL,NULL,6,UNITED STATES (USA)
11331,48E,18299,"Tri-Quest, Inc.",NULL,NULL,6,UNITED STATES (USA)
11332,1G9103,18300,Graham Company,NULL,NULL,6,UNITED STATES (USA)
11334,1C9392,18301,Carolina Custom Mfg.,NULL,NULL,6,UNITED STATES (USA)
11335,1M9327,18302,"Maibo, Inc.",NULL,NULL,6,UNITED STATES (USA)
11336,1M9308,18303,Mid-Nebraska Truck & Trailer Sales Inc.,NULL,NULL,6,UNITED STATES (USA)
11338,1T9227,18304,Terry's Trailers,NULL,NULL,6,UNITED STATES (USA)
11339,1H9163,18305,"Hanquip, Inc.",NULL,NULL,6,UNITED STATES (USA)
11341,1B9220,18306,"Bigbee Trailers, Inc.",NULL,NULL,6,UNITED STATES (USA)
11342,1E9097,18307,"Eclipse Trailers, Inc.",NULL,NULL,6,UNITED STATES (USA)
11436,4S9484,18309,"STEALTHCRAFT BOATS, LLC",NULL,NULL,6,UNITED STATES (USA)
11349,1C9353,18310,Creighton's Trailers,NULL,NULL,6,UNITED STATES (USA)
11350,491,18311,"Gilpin's Welding & Machine Works, Inc.",NULL,NULL,6,UNITED STATES (USA)
11351,487,18312,Posey Lumber & Mfg.,NULL,NULL,6,UNITED STATES (USA)
11353,1W9138,18314,"Wilson Manufacturing  ",NULL,NULL,6,UNITED STATES (USA)
11355,1C9369,18315,Classic Sports Cars,NULL,NULL,6,UNITED STATES (USA)
11443,1C9292,18316,Maximon Machine,NULL,NULL,6,UNITED STATES (USA)
11358,1D9110,18317,Diamond T Trailers Inc.,NULL,NULL,6,UNITED STATES (USA)
11362,401,18318,The Scotty Company,NULL,NULL,6,UNITED STATES (USA)
11363,1DY,18319,"Glasstream Trailers, Inc.",NULL,NULL,6,UNITED STATES (USA)
11364,1M9258,18320,E.F. Marsh Engineering Company,NULL,NULL,6,UNITED STATES (USA)
11365,2K9013,18321,Paul Krohnert Manufacturing Limited,NULL,NULL,1,CANADA
11366,171,18322,"Hydra-Sports, Inc.",NULL,NULL,6,UNITED STATES (USA)
11505,4B9181,18323,"BLACKJACK SERVICES, LLC",NULL,NULL,6,UNITED STATES (USA)
11369,1P9114,18324,Pumps Incorporated,NULL,NULL,6,UNITED STATES (USA)
11371,1F9063,18325,Forsythe & Dowis Rides Inc.,NULL,NULL,6,UNITED STATES (USA)
11372,41Z,18327,"KUKER INDUSTRIES, INC.",NULL,NULL,6,UNITED STATES (USA)
11373,42F,18328,"Wildwood Traveler, Inc.",NULL,NULL,6,UNITED STATES (USA)
11375,2S9009,18330,Scamper Canada Ltd.,NULL,NULL,6,UNITED STATES (USA)
11392,1F9493,18331,"FOX TEARDROP CAMPER, LLC",NULL,NULL,6,UNITED STATES (USA)
11462,4B9186,18332,BLACK DIAMOND FABRICATION LLC,NULL,NULL,6,UNITED STATES (USA)
11378,45G,18336,L & L Manufacturing,NULL,NULL,6,UNITED STATES (USA)
11379,1M9316,18337,Marvel Trailer Manufacturing,NULL,NULL,6,UNITED STATES (USA)
11380,1B9178,18338,"Brooks Sales and Engineering, Inc.",NULL,NULL,6,UNITED STATES (USA)
11381,47K,18339,Pull Proven Products,NULL,NULL,6,UNITED STATES (USA)
11433,1E9619,18342,Econo-Trailer,NULL,NULL,6,UNITED STATES (USA)
11396,4A9081,18343,AMERICAN TRAILER MFG,NULL,NULL,6,UNITED STATES (USA)
11429,1F9492,18345,Faulkner LLC.,NULL,NULL,6,UNITED STATES (USA)
11432,4YA,18346,Sullivan Palatek,NULL,NULL,6,UNITED STATES (USA)
11431,1D9812,18347,Dragster Supply,NULL,NULL,6,UNITED STATES (USA)
11384,43N,18349,"LGS Chassis, Inc.",NULL,NULL,6,UNITED STATES (USA)
11385,1B9187,18350,Brothers Industries Inc.,NULL,NULL,6,UNITED STATES (USA)
11387,46F,18351,Vironex of Illinois Inc.,NULL,NULL,6,UNITED STATES (USA)
11388,1T9187,18352,Trailer Distributors Incorporated,NULL,NULL,6,UNITED STATES (USA)
11390,1R9137,18353,Reube's Welding,NULL,NULL,6,UNITED STATES (USA)
11391,1H9162,18354,High View Manufacturing,NULL,NULL,6,UNITED STATES (USA)
11419,1E9624,18355,EDRIFT SCOOTERS,NULL,NULL,6,UNITED STATES (USA)
11395,1K9384,18357,"K & S FABRICATION, LLC",NULL,NULL,6,UNITED STATES (USA)
12198,7N1,18357,"K & S FABRICATION, LLC",NULL,NULL,6,UNITED STATES (USA)
11397,493,18358,Circle H Trailer Company,NULL,NULL,6,UNITED STATES (USA)
11398,1R9177,18360,Rose Welding & Trailers,NULL,NULL,6,UNITED STATES (USA)
11401,1C9005,18362,Cherokee Manufacturing Co.,NULL,NULL,6,UNITED STATES (USA)
11402,1J9076,18364,Jones Trailer Sales,NULL,NULL,6,UNITED STATES (USA)
11408,1A9432,18366,AJR Inc.,NULL,NULL,6,UNITED STATES (USA)
11409,1S9341,18367,Simon Aerials Inc.,NULL,NULL,6,UNITED STATES (USA)
11425,1N9059,18368,Material Transfer Company,NULL,NULL,6,UNITED STATES (USA)
11410,1A9198,18369,"American Wood Splitters, Inc.",NULL,NULL,6,UNITED STATES (USA)
11411,1C9418,18370,Crafco Inc.,NULL,NULL,6,UNITED STATES (USA)
11451,1J9092,18372,D. JONES LTD. DBA JONES TRAILER COMPANY,NULL,NULL,6,UNITED STATES (USA)
11424,4SC,18374,"Automotive Safety Testing (AST) [agent for] Asia Smith Motor Co., Inc. dba ASC",NULL,NULL,6,UNITED STATES (USA)
11412,1B9183,18375,"Bob Baxter Welding, Inc.",NULL,NULL,6,UNITED STATES (USA)
11423,LGA,18377,The Second Automobile Works,NULL,NULL,8,CHINA
11413,1C9423,18379,CRAIG'S CUSTOM FABRICATING,NULL,NULL,6,UNITED STATES (USA)
11414,1J9090,18380,"The Job Shop, Inc.",NULL,NULL,6,UNITED STATES (USA)
11415,1S9337,18381,Sabre Bus & Coach Corporation,NULL,NULL,6,UNITED STATES (USA)
11422,LA2,18382,CPS LIMITED,NULL,NULL,8,CHINA
11467,3A9258,18384,IKA TRAILERS S.A. DE C.V.,NULL,NULL,12,MEXICO
11420,4A9093,18397,"AMERICAN CONTROL AND ENGINEERING SERVICE, INC.",NULL,NULL,6,UNITED STATES (USA)
11465,6K9314,18406,BRUDER EXPEDITION PTY LTD,NULL,NULL,14,AUSTRALIA
11428,4A9095,18407,ALVEY WELDING LLC,NULL,NULL,6,UNITED STATES (USA)
11486,4T9307,18408,THE DOG HOUSE,NULL,NULL,6,UNITED STATES (USA)
11690,1F9140,18409,"FERRARA FIRE APPARATUS, INC.",NULL,NULL,6,UNITED STATES (USA)
11452,4C9509,18410,"CARSON'S TRAILER MANUFACTURING, INC.",NULL,NULL,6,UNITED STATES (USA)
11450,LBU,18411,"Jiangsu Kingbon Vehicle Co., Ltd.",NULL,NULL,8,CHINA
11491,4M9098,18420,MARKET DIRECT CAMPERS AND CARAVANS INC,NULL,NULL,6,UNITED STATES (USA)
11437,4B9184,18421,"BIG JOHN MANUFACTURING CO., INC",NULL,NULL,6,UNITED STATES (USA)
11438,1G9549,18422,GUERRA TRUCK CENTER LLC,NULL,NULL,6,UNITED STATES (USA)
11715,4M9022,18423,METER ENGINEERS INC.,NULL,NULL,6,UNITED STATES (USA)
11440,4M9097,18424,"MP TRAILERS MANUFACTURING, INC.",NULL,NULL,6,UNITED STATES (USA)
11466,4T9309,18425,TWISTED PINE TRAILER MANUFACTURING,NULL,NULL,6,UNITED STATES (USA)
11441,1Z9565,18426,INDIGO RIVER TINY HOMES LLC,NULL,NULL,6,UNITED STATES (USA)
11494,4C9515,18427,"CAPE COD MARINE SERVICES, INC. / (DBA) ALUMATECH MARINE",NULL,NULL,6,UNITED STATES (USA)
11448,4A9097,18429,"ADVANTAGE TRAILER, LLC",NULL,NULL,6,UNITED STATES (USA)
11449,4M9096,18430,"MOOSE BILT INDUSTRIES, INC.",NULL,NULL,6,UNITED STATES (USA)
11453,1R9867,18440,RUTANA CONCESSIONS,NULL,NULL,6,UNITED STATES (USA)
11456,4B9185,18442,BLIP MOTO LLC,NULL,NULL,6,UNITED STATES (USA)
13604,1U9194,18451,UNCHARTED TINY HOMES,NULL,NULL,NULL,NULL
11457,4A9098,18452,ALIEN VEHICLES,NULL,NULL,6,UNITED STATES (USA)
11463,1N9384,18454,NAVYA INC.,NULL,NULL,6,UNITED STATES (USA)
11464,1L9571,18457,LOCAL MOTORS INC.,NULL,NULL,6,UNITED STATES (USA)
11461,1W9616,18461,"WAYCASTER PERFORMANCE LLC ",NULL,NULL,6,UNITED STATES (USA)
11460,4A9099,18462,AREA 51 GLOBAL LOGISTICS LLC,NULL,NULL,6,UNITED STATES (USA)
11469,4B9183,18467,BLUE RIDGE EXPEDITION TRAILERS LLC,NULL,NULL,6,UNITED STATES (USA)
12149,4B9240,18467,BLUE RIDGE EXPEDITION TRAILERS LLC,NULL,NULL,6,UNITED STATES (USA)
11800,4T9330,18468,TAIL GUNNER TRAILER INC,NULL,NULL,6,UNITED STATES (USA)
11471,7HV,18469,"CRITERION TRAILERS, LLC",NULL,NULL,6,UNITED STATES (USA)
11474,1R9868,18472,"RENNWORKS, LLC",NULL,NULL,6,UNITED STATES (USA)
11496,4B9190,18475,B & S SUPPLY COMPANY LLC,NULL,NULL,6,UNITED STATES (USA)
11473,1J9471,18478,J&E CUSTOM UTILITY TRAILERS LLC,NULL,NULL,6,UNITED STATES (USA)
11487,4B9167,18479,BEAR TEARDROP TRAILERS LLC,NULL,NULL,6,UNITED STATES (USA)
11480,1M9992,18482,MUDSLIDE CHOPPS LLC,NULL,NULL,6,UNITED STATES (USA)
12937,4M9187,18482,MUDSLIDE CHOPPS LLC,NULL,NULL,NULL,NULL
11482,1P9808,18485,"PD2, INC.",NULL,NULL,6,UNITED STATES (USA)
11602,6K9502,18489,NEVCO ENGINEERING PTY LTD,NULL,NULL,14,AUSTRALIA
12379,MLW,18491,"SCO MOTOR CO., LTD",NULL,NULL,30,THAILAND
11484,1J9474,18501,JMC Inc.,NULL,NULL,6,UNITED STATES (USA)
11488,1H9669,18505,"HAPPIER CAMPER, INC.",NULL,NULL,6,UNITED STATES (USA)
11492,3F9060,18507,F&S FABRICATION AND WELDING SOLUTIONS S.A DE C.V.,NULL,NULL,12,MEXICO
11489,4B9188,18509,BURK'S BEST MFG LLC,NULL,NULL,6,UNITED STATES (USA)
11506,1V9223,18510,VER-MAC INC.,NULL,NULL,6,UNITED STATES (USA)
13944,7XE,18510,VER-MAC INC.,NULL,NULL,NULL,NULL
11528,1P9809,18511,MAKSIM KORCHAK,NULL,NULL,6,UNITED STATES (USA)
11569,4C9522,18512,"Caretta, LLC",NULL,NULL,6,UNITED STATES (USA)
11490,4T9265,18513,"TAILGATE POP UP, LLC",NULL,NULL,6,UNITED STATES (USA)
11493,4C9514,18515,CLASSIC WEST TRAILERS,NULL,NULL,6,UNITED STATES (USA)
11507,1F9497,18516,"FOOD TRAILERS, INC. ",NULL,NULL,6,UNITED STATES (USA)
11521,4T9310,18519,TRAILER CAMPERS LLC.,NULL,NULL,6,UNITED STATES (USA)
11498,1Z9566,18524,INTERMOUNTAIN DRILLING SUPPLY,NULL,NULL,6,UNITED STATES (USA)
11503,3M9087,18528,MEGA TRANSPORTACIONES S DE RL DE CV,NULL,NULL,12,MEXICO
11547,LN4,18531,"ZHEJIANG KINYE MOTOR VEHICLE CO.,LTD",NULL,NULL,6,UNITED STATES (USA)
11558,LUJ,18532,"ZHEJIANG TIANYING LOCOMOTIVE CO., LTD",NULL,NULL,8,CHINA
14788,LM0,18532,"ZHEJIANG TIANYING LOCOMOTIVE CO., LTD",NULL,NULL,8,CHINA
11501,1J9478,18535,JEFE'S WELDING CO. LLC,NULL,NULL,6,UNITED STATES (USA)
11500,1P9812,18536,PONTICO GROUP LLC,NULL,NULL,6,UNITED STATES (USA)
11502,4C9516,18537,CHOP BOYZ CUSTOM CYCLEZ,NULL,NULL,6,UNITED STATES (USA)
11504,4T9029,18538,TAMPA ARMATURE WORKS INC.,NULL,NULL,6,UNITED STATES (USA)
11563,4A9101,18539,ASSAULT TRAILERS LLC,NULL,NULL,6,UNITED STATES (USA)
11536,1Z9058,18540,OVERBILT TRAILER COMPANY,NULL,NULL,6,UNITED STATES (USA)
11511,4B9191,18555,BROADWAY WELDING INC.,NULL,NULL,6,UNITED STATES (USA)
11508,1K9385,18558,"K&S FABRICATION, LLC",NULL,NULL,6,UNITED STATES (USA)
14834,7JK,18560,DEEP SOUTH CARGO TRAILERS LLC,NULL,NULL,NULL,NULL
11510,4B9068,18562,B&K TRAILERS,NULL,NULL,6,UNITED STATES (USA)
11632,1F9501,18563,FAST FLOW LLC.,NULL,NULL,6,UNITED STATES (USA)
11509,1D9824,18564,"DRIVEN INNOVATIONS, LLC",NULL,NULL,6,UNITED STATES (USA)
11525,1R9871,18566,"RAILPOD, INC.",NULL,NULL,6,UNITED STATES (USA)
11559,LC4,18570,"CHONGQING LIYANG HONGBEN MOTORCYCLE MANUFACTURING CO., LTD. ",NULL,NULL,8,CHINA
11522,3S9019,18572,JOSE RAMIRO BARRERA AGUIRRE,NULL,NULL,12,MEXICO
11512,1D9823,18574,"DOSE STEELWORKS, INC.",NULL,NULL,6,UNITED STATES (USA)
11561,1G9555,18575,GLOBAL EQUIPMENT COMPANY INC.,NULL,NULL,6,UNITED STATES (USA)
11514,1R9865,18576,RS Companies,NULL,NULL,6,UNITED STATES (USA)
11515,1R9864,18576,RS Companies,NULL,NULL,6,UNITED STATES (USA)
11516,1R9869,18576,RS Companies,NULL,NULL,6,UNITED STATES (USA)
11527,4S9492,18577,"SAXON PAINTING  COMPANY LLC DBA SAXON ENTERPRISES ",NULL,NULL,6,UNITED STATES (USA)
11519,4T9311,18578,TRINITY TRUCK & TRAILER SERVICE,NULL,NULL,6,UNITED STATES (USA)
11518,4B9192,18579,"BONAPARTE USA, LLC",NULL,NULL,6,UNITED STATES (USA)
11517,1U9172,18580,"UNIFIED DEFENSE, LLC",NULL,NULL,6,UNITED STATES (USA)
11524,4T9312,18581,THE JUANEILUS CO. LLC,NULL,NULL,6,UNITED STATES (USA)
11520,1E9629,18582,ERC TRADING INC,NULL,NULL,6,UNITED STATES (USA)
11523,4A9013,18583,"American Infrastructure, LLC",NULL,NULL,6,UNITED STATES (USA)
11530,1D9825,18591,DUFFIELD MARINE INC.,NULL,NULL,6,UNITED STATES (USA)
11532,1R9859,18595,"REFUGE ROCK TRAILERS, LLC",NULL,NULL,6,UNITED STATES (USA)
11649,4T9325,18596,"TEAM CHAOS MOTORSPORTS LLC ",NULL,NULL,6,UNITED STATES (USA)
14455,1E9733,18597,ENVIROTECH DRIVE SYSTEMS INC,NULL,NULL,NULL,NULL
11542,1E9617,18597,ENVIROTECH DRIVE SYSTEMS INC,NULL,NULL,6,UNITED STATES (USA)
12030,1E9650,18597,ENVIROTECH DRIVE SYSTEMS INC,NULL,NULL,6,UNITED STATES (USA)
13268,1E9694,18597,ENVIROTECH DRIVE SYSTEMS INC,NULL,NULL,6,UNITED STATES (USA)
11538,1F9494,18598,"FRYFOGLE MANUFACTURING, INC.",NULL,NULL,6,UNITED STATES (USA)
11778,SU9SL2,18599,SCREEN-LED SP. Z O.O. SP.K.,NULL,NULL,39,POLAND
11531,1Z9569,18605,INFINITY TRAILERS OF FLORIDA LLC,NULL,NULL,6,UNITED STATES (USA)
11541,4M9102,18608,"MONTONDO TRAILER, LLC",NULL,NULL,6,UNITED STATES (USA)
11540,1J9480,18614,JERSEY BUS TECH LLC,NULL,NULL,6,UNITED STATES (USA)
11533,4M9101,18616,MOTO BURLY,NULL,NULL,6,UNITED STATES (USA)
11537,7G0,18617,FARADAY&FUTURE INC.,NULL,NULL,6,UNITED STATES (USA)
11539,2MW,18618,MARLON RECREATIONAL PRODUCTS LTD,NULL,NULL,1,CANADA
11552,4M9103,18621,"MEDIEVAL METALWERX, LLC",NULL,NULL,6,UNITED STATES (USA)
11554,4M9104,18623,MOVE SYSTEMS INTERNATIONAL LLC,NULL,NULL,6,UNITED STATES (USA)
11900,UCV,18629,VOLTA MOTOR COMPANY S.L.,NULL,NULL,26,SPAIN
11545,1R9873,18630,"RECYKLING INDUSTRIAL REPAIRS, INC",NULL,NULL,6,UNITED STATES (USA)
11546,1E9627,18632,EVANS METAL FAB,NULL,NULL,6,UNITED STATES (USA)
11544,7K4,18634,"MAX BUILT TRAILERS, LLC",NULL,NULL,6,UNITED STATES (USA)
11548,1K9349,18635,Kelley's Fabrication,NULL,NULL,6,UNITED STATES (USA)
11555,1K9386,18636,KLJ AUTO SALES AND SERVICE,NULL,NULL,6,UNITED STATES (USA)
11549,4S9491,18642,SILVER SPECIAL TRAILERS LLC,NULL,NULL,6,UNITED STATES (USA)
11567,R3B,18648,"MUNRO TECHNOLOGY CO.,LIMITED",NULL,NULL,8,CHINA
11560,4A9105,18649,AAA MARINE TRAILERS LLC.,NULL,NULL,6,UNITED STATES (USA)
11571,4M9108,18650,CHRIS HOLLAND (Malta Dynamics),NULL,NULL,6,UNITED STATES (USA)
11551,1P9816,18651,"PINTAIL DUCK BOATS, LLC",NULL,NULL,6,UNITED STATES (USA)
11556,1H9727,18652,"HUNTER BOWEN TRAILER SALES ",NULL,NULL,6,UNITED STATES (USA)
12094,4B9018,18654,BARCO PUMP,NULL,NULL,6,UNITED STATES (USA)
11562,1Z9571,18660,OREGON CORRECTIONS ENTERPRISES,NULL,NULL,6,UNITED STATES (USA)
11566,1G9553,18665,"GRAINGER ENTERPRISES INC, DBA CARGO DECK, LLC",NULL,NULL,6,UNITED STATES (USA)
11564,1F9477,18667,"FABRICATION AND MAINTENANCE SERVICE, LLC",NULL,NULL,6,UNITED STATES (USA)
11575,4M9107,18669,MIUS INDUSTRIES,NULL,NULL,6,UNITED STATES (USA)
11582,4S9496,18671,SOUTH WALTON CARTS LLC,NULL,NULL,6,UNITED STATES (USA)
11570,4S9494,18679,SCHROEDER MACHINE SHOP INC,NULL,NULL,6,UNITED STATES (USA)
11572,1J9476,18680,JBALL FISH HOUSES LLC,NULL,NULL,6,UNITED STATES (USA)
11573,1G9557,18681,GOLF CART OUTLET OF MOUNT AIRY,NULL,NULL,6,UNITED STATES (USA)
11574,4B9161,18682,BUILT RITE COOKERS LLC,NULL,NULL,6,UNITED STATES (USA)
11578,1N9386,18686,NEW MILLENNIUM BUILDERS / CURBSIDE CONCESSION,NULL,NULL,6,UNITED STATES (USA)
11577,1P9817,18687,PIGGYBACK SMOKERS LLC,NULL,NULL,6,UNITED STATES (USA)
11579,4T9316,18689,"HD TRAILER MANUFACTURING, LLC",NULL,NULL,6,UNITED STATES (USA)
11580,56V,18690,"RC TRAILERS, INC.",NULL,NULL,6,UNITED STATES (USA)
11583,7K1,18701,BRIDGEWATER STEEL LLC,NULL,NULL,6,UNITED STATES (USA)
11609,1Z9570,18702,INGLEWOOD CUSTOM AND SERVICE CENTER LLC,NULL,NULL,6,UNITED STATES (USA)
11603,L5R,18704,"JIANGSU DAFIER MOTORCYCLE CO., LTD.",NULL,NULL,8,CHINA
11594,4C9520,18709,"COLORADO BACKCOUNTRY TRAILERS, LLC",NULL,NULL,6,UNITED STATES (USA)
11592,4T9314,18713,TOP SHELF MANUFACTURING LLC,NULL,NULL,6,UNITED STATES (USA)
11600,1J9482,18715,J'S GOLF CARTS SALES AND SERVICE,NULL,NULL,6,UNITED STATES (USA)
11617,3A0,18727,"TALLERES MARTINEZ, SOCIEDAD ANONIMA DE CAPITAL VARIABLE",NULL,NULL,12,MEXICO
11597,1L9584,18728,"LONG RUN TRAILERS AND FABRICATION , LLC",NULL,NULL,6,UNITED STATES (USA)
11613,1L9585,18729,L A C WELDING MFG INC,NULL,NULL,6,UNITED STATES (USA)
11702,1R9874,18733,RUSS WELDING AND MACHINE INC.,NULL,NULL,6,UNITED STATES (USA)
11596,1W9619,18738,WATERTOWN DRAFT TRAILERS LLC,NULL,NULL,6,UNITED STATES (USA)
11634,1J9487,18747,JUAN PABLO JIMENEZ MORALES,NULL,NULL,6,UNITED STATES (USA)
11595,1Z9086,18748,OVB HOLDING LLC DBA OVERBUILT,NULL,NULL,6,UNITED STATES (USA)
11599,1P9297,18749,PROGRESSIVE INDUSTRIES INC.,NULL,NULL,6,UNITED STATES (USA)
11598,1U9173,18751,UPSTATE TRAILER MANUFACTURERS AND REPAIR,NULL,NULL,6,UNITED STATES (USA)
11607,4M9110,18752,"MUELLER CUSTOM TRAILERS, LLC",NULL,NULL,6,UNITED STATES (USA)
11604,4B9194,18753,"BDF DESIGN, LLC",NULL,NULL,6,UNITED STATES (USA)
11605,1J9484,18754,JNT WELDING LLC,NULL,NULL,6,UNITED STATES (USA)
11608,1F9500,18759,FLEXTECH ENTERPRISES,NULL,NULL,6,UNITED STATES (USA)
11762,1P9818,18767,PIN DROP TRAVEL TRAILERS LLC,NULL,NULL,6,UNITED STATES (USA)
11615,4A9106,18770,ALPINE TRAILERS L.L.C.,NULL,NULL,6,UNITED STATES (USA)
11616,1E9625,18771,"ELEVATE TRAILERS ",NULL,NULL,6,UNITED STATES (USA)
11659,4T9321,18772,"TAP WORLDWIDE, LLC",NULL,NULL,6,UNITED STATES (USA)
12464,PA9005,18772,"TAP WORLDWIDE, LLC",NULL,NULL,167,PHILIPPINES
11618,4C9508,18773,COREY MACHINE COMPANY,NULL,NULL,6,UNITED STATES (USA)
11620,4T9322,18777,TOP GUN MANUFACTURING LLC,NULL,NULL,6,UNITED STATES (USA)
11622,1R9877,18778,R. C. LYON & CO. LLC.,NULL,NULL,6,UNITED STATES (USA)
11628,1E9631,18782,"ESCAPADE CAMPER CO, LLC",NULL,NULL,6,UNITED STATES (USA)
11627,4A9111,18787,"ADVENTURE VENTURES, LLC",NULL,NULL,6,UNITED STATES (USA)
11631,1Z9574,18788,3C CATTLE FEEDERS INC.,NULL,NULL,6,UNITED STATES (USA)
14111,7TX,18790,MOUNTAIN TRADES LLC,NULL,NULL,6,UNITED STATES (USA)
11630,1Z9577,18790,MOUNTAIN TRADES LLC,NULL,NULL,6,UNITED STATES (USA)
14176,1Z9737,18795,ONBOARD DYNAMICS LLC,NULL,NULL,6,UNITED STATES (USA)
11629,4T9320,18796,TRAILER CENTRAL,NULL,NULL,6,UNITED STATES (USA)
11635,1R9879,18799,ROSA TRAILER MANUFACTURING INC.,NULL,NULL,6,UNITED STATES (USA)
11633,4M9111,18800,MID-COUNTY FABRICATING INC.,NULL,NULL,6,UNITED STATES (USA)
11641,1F9503,18801,FARM BOSS TRAILERS,NULL,NULL,6,UNITED STATES (USA)
11642,4A9074,18804,"ADVANCED MARINE PERFORMANCE, LLC",NULL,NULL,6,UNITED STATES (USA)
12680,7RM,18804,"ADVANCED MARINE PERFORMANCE, LLC",NULL,NULL,6,UNITED STATES (USA)
11636,4A9112,18805,ASTRO HAVEN ENTERPRISES,NULL,NULL,6,UNITED STATES (USA)
11638,4M9083,18807,MESALE FABRICATION,NULL,NULL,6,UNITED STATES (USA)
11639,1N9385,18808,"NURO, INC.",NULL,NULL,6,UNITED STATES (USA)
11640,1G9554,18810,"GABRIEL LOGAN, LLC",NULL,NULL,6,UNITED STATES (USA)
5994,LKX,18814,"CHONGQING ANDES MOTORCYCLE MANUFACTURING CO.,LTD.",NULL,NULL,8,CHINA
11654,3EL,18817,COMERCIALIZADORA NIMMKA SA DE CV,NULL,NULL,12,MEXICO
11646,4S9503,18818,SPITFIRE VINTAGE CARAVANS LLC,NULL,NULL,6,UNITED STATES (USA)
11662,WBC,18822,BOOM TRIKES FAHRZEUGBAU AG,NULL,NULL,2,GERMANY
11655,4T9326,18828,TIMBER RIDGE COUNTRY CABINS,NULL,NULL,6,UNITED STATES (USA)
11644,4S9410,18829,"Shoreline Fuel Products, LLC",NULL,NULL,6,UNITED STATES (USA)
11650,4A9062,18830,AAA TRAILER SALES LLC,NULL,NULL,6,UNITED STATES (USA)
11647,1H9731,18832,HEAVY EQUIPMENT & ATTACHMENT LLC,NULL,NULL,6,UNITED STATES (USA)
11663,1J9349,18833,"JACKSON CREEK MFG., INC.",NULL,NULL,6,UNITED STATES (USA)
11665,R1N,18836,NIU TECHNOLOGIES GROUP LIMITED,NULL,NULL,8,CHINA
11648,1V9225,18837,"VALIANT EXPEDITION TRAILERS, LLC",NULL,NULL,6,UNITED STATES (USA)
11660,1Z9560,18840,"INTERNATIONAL AUTOMATED SYSTEMS, INC",NULL,NULL,6,UNITED STATES (USA)
11651,4S9505,18842,SERVICE ONE TRUCK EQUIPMENT,NULL,NULL,6,UNITED STATES (USA)
11652,7KS,18843,"DAYBREAK TRADING, LLC",NULL,NULL,6,UNITED STATES (USA)
11657,4T9328,18848,TAYLOR-WHARTON AMERICA INC.,NULL,NULL,6,UNITED STATES (USA)
11658,4C9518,18850,CLOUD 9 CUSTOM TRAILERS LLC,NULL,NULL,6,UNITED STATES (USA)
11712,4T9327,18853,THE WORKFORCE HUB DBA MEGA TINY HOMES,NULL,NULL,6,UNITED STATES (USA)
11695,1J9490,18861,J&C TRAILERS,NULL,NULL,6,UNITED STATES (USA)
14061,7N7,18861,J&C TRAILERS,NULL,NULL,6,UNITED STATES (USA)
11676,4C9533,18863,COMMUNICATIONS VEHICLE SERVICE,NULL,NULL,6,UNITED STATES (USA)
11986,7HW,18864,"VERMEER MV SOLUTIONS, INC.",NULL,NULL,6,UNITED STATES (USA)
12449,7NW,18864,"VERMEER MV SOLUTIONS, INC.",NULL,NULL,6,UNITED STATES (USA)
11681,4S9506,18866,SUN DEVIL TRAILER MANUFACTURING LLC,NULL,NULL,6,UNITED STATES (USA)
12533,7FC,18870,RIVIAN AUTOMOTIVE LLC,NULL,NULL,6,UNITED STATES (USA)
12754,7PD,18870,RIVIAN AUTOMOTIVE LLC,NULL,NULL,6,UNITED STATES (USA)
11668,1L9588,18880,LEGEND OUTDOORS LLC,NULL,NULL,6,UNITED STATES (USA)
11703,1D9832,18881,"DOS HERMANOS USA, INC.",NULL,NULL,6,UNITED STATES (USA)
11679,4C9530,18887,CIVES CORPORATION DBA VIKING-CIVES,NULL,NULL,6,UNITED STATES (USA)
11666,1E9633,18888,EAST COAST OVEN AND PIZZA CO,NULL,NULL,6,UNITED STATES (USA)
11682,1V9226,18889,VAZQUEZ INDUSTRIES,NULL,NULL,6,UNITED STATES (USA)
11731,4S9510,18892,SUSITNA TEARDROPS,NULL,NULL,6,UNITED STATES (USA)
11671,1K9390,18895,KRAMO AMERICA CONSULTING INC.,NULL,NULL,6,UNITED STATES (USA)
11674,7L0,18897,"SONBUILT TRAILERS, LLC",NULL,NULL,6,UNITED STATES (USA)
11670,1L9589,18898,LAWMAX COMPLETE TRAILERS,NULL,NULL,6,UNITED STATES (USA)
11673,4A9115,18899,A & K WELDING & REPAIR,NULL,NULL,6,UNITED STATES (USA)
11711,4S9512,18900,NELSON AND NELSON MANUFACTURING,NULL,NULL,6,UNITED STATES (USA)
11672,4C9534,18901,CHURCHILL MANUFACTURING,NULL,NULL,6,UNITED STATES (USA)
11678,1L9590,18902,LONGWAY DIRECT LLC,NULL,NULL,6,UNITED STATES (USA)
11667,4C9536,18903,CRUISE N CAMP LLC,NULL,NULL,6,UNITED STATES (USA)
11754,4C9535,18904,C&C FLUID POWER LLC.,NULL,NULL,6,UNITED STATES (USA)
12290,1Z9622,18905,TINY BOX PRODUCTIONS LLC,NULL,NULL,6,UNITED STATES (USA)
11838,1P9822,18906,PRO-MOTIVE EV LLC,NULL,NULL,6,UNITED STATES (USA)
11686,1P9823,18909,PATRIOT PRODUCTS GROUP LLC,NULL,NULL,6,UNITED STATES (USA)
12828,1K9418,18911,"KANOFF EQUIPMENT SERVICES, LLC",NULL,NULL,6,UNITED STATES (USA)
11685,4B9202,18912,BRENON CUSTOM CYCLES,NULL,NULL,6,UNITED STATES (USA)
11677,1G9560,18913,"GPS TRAILERS, LLC",NULL,NULL,6,UNITED STATES (USA)
11903,7LF,18913,"GPS TRAILERS, LLC",NULL,NULL,6,UNITED STATES (USA)
11684,7GJ,18919,"HISUN MOTORS CORP.,USA",NULL,NULL,6,UNITED STATES (USA)
13772,A6H,18919,"HISUN MOTORS CORP.,USA",NULL,NULL,6,UNITED STATES (USA)
13800,20D,18919,"HISUN MOTORS CORP.,USA",NULL,NULL,NULL,NULL
11680,4M9116,18920,"MOUNTAIN GOAT TRAILERS, LLC",NULL,NULL,6,UNITED STATES (USA)
11714,3GH,18926,GRUPO INDUSTRIAL TRES ESTRELLAS,NULL,NULL,12,MEXICO
11683,R3J,18927,"DENZEL MOTORS CO.,LIMITED",NULL,NULL,8,CHINA
11687,1E9634,18930,ECOMAUTOMOTIVE INC DBA TUFF STUFF,NULL,NULL,6,UNITED STATES (USA)
11688,4T9298,18933,"TULSA GAS TECHNOLOGIES, INC.",NULL,NULL,6,UNITED STATES (USA)
11691,1P9813,18934,PRIME MANUFACTURING,NULL,NULL,6,UNITED STATES (USA)
11689,1B9751,18935,B&G TRAILERS INC,NULL,NULL,6,UNITED STATES (USA)
11697,4B9203,18938,BLASTRAC NA INC.,NULL,NULL,6,UNITED STATES (USA)
11693,1H9732,18939,"HOLIDAY HOUSE RV, LLC",NULL,NULL,6,UNITED STATES (USA)
11698,7KZ,18941,ZHEJIANG KANDI VEHICLES CO. LTD.,NULL,NULL,6,UNITED STATES (USA)
11694,4C9537,18943,CENTRAL FLORIDA BOAT TRAILERS LLC,NULL,NULL,6,UNITED STATES (USA)
11700,1L9177,18948,LONG MACHINE CO LLC,NULL,NULL,6,UNITED STATES (USA)
11917,1F9463,18950,"FABTECH, LLC",NULL,NULL,6,UNITED STATES (USA)
11699,1B9937,18952,BOSS PRODUCTS INC.,NULL,NULL,6,UNITED STATES (USA)
11708,1R9884,18958,ROLLING ACRES CABINS LLC,NULL,NULL,6,UNITED STATES (USA)
11701,1E9372,18959,"EVCO SERVICE CO., INC.",NULL,NULL,6,UNITED STATES (USA)
11726,1E9636,18960,EPIC FABRICATION & DESIGN LLC,NULL,NULL,6,UNITED STATES (USA)
11761,4C9552,18962,CARGO MASTERS TRAILER MANUFACTURING AND SALES LLC,NULL,NULL,6,UNITED STATES (USA)
11746,4A9026,18963,AUTOMATED BIOMASS SYSTEMS LLC,NULL,NULL,6,UNITED STATES (USA)
11705,2A9165,18965,ALBERTA FLARES ENERGY SERVICES LTD.,NULL,NULL,1,CANADA
11763,4T9337,18966,"TUFFR TRAILERS, LLC",NULL,NULL,6,UNITED STATES (USA)
11844,4T9338,18966,"TUFFR TRAILERS, LLC",NULL,NULL,6,UNITED STATES (USA)
11707,4B9207,18971,"BRAND M, LLC",NULL,NULL,6,UNITED STATES (USA)
11710,4M9119,18973,M8-TECH,NULL,NULL,6,UNITED STATES (USA)
11709,4A9116,18982,ARC ZONE LLC,NULL,NULL,6,UNITED STATES (USA)
11722,7KR,18984,SPARK INTERMODAL EQUIPMENT INC.,NULL,NULL,6,UNITED STATES (USA)
11770,1B9968,18986,BRADS WELDING SHOP LLC,NULL,NULL,6,UNITED STATES (USA)
11713,1H9733,18987,HOGAN MFG INC. DBA MURRAY TRAILERS,NULL,NULL,6,UNITED STATES (USA)
11724,1R9885,18988,"RAGEUSA, LLC",NULL,NULL,6,UNITED STATES (USA)
11716,4T9208,18989,"XOS, INC",NULL,NULL,6,UNITED STATES (USA)
13364,7UK,18989,"XOS, INC",NULL,NULL,6,UNITED STATES (USA)
11743,1G9563,18990,GP TRAILERS INC,NULL,NULL,6,UNITED STATES (USA)
11756,4M9118,18995,MICHAEL'S CUSTOM LSV LLC,NULL,NULL,6,UNITED STATES (USA)
11725,1R9883,18996,RHINO TRAILERS LLC.,NULL,NULL,6,UNITED STATES (USA)
11718,1P9827,18997,PJ'S GARAGE LLC,NULL,NULL,6,UNITED STATES (USA)
11755,1R9887,18998,"R & J BUILDERS OF AIKEN, S.C., INC.",NULL,NULL,6,UNITED STATES (USA)
11723,4M9120,19002,M&W WELDING INC.,NULL,NULL,6,UNITED STATES (USA)
12077,2B9283,19003,9299-5000 QUÉBEC INC.,NULL,NULL,1,CANADA
11830,3T9227,19010,"TANQUES Y REMOLQUES GUERRA, SA DE CV",NULL,NULL,12,MEXICO
11733,7L6,19013,NORTEX TRAILERS,NULL,NULL,6,UNITED STATES (USA)
12345,1D9839,19014,"DUNRAVEN CAMPERS, LLC",NULL,NULL,6,UNITED STATES (USA)
11721,1D9836,19015,DRIFTER TRAILERS,NULL,NULL,6,UNITED STATES (USA)
11732,4S9514,19017,SOWAL BEACH BUGGYS INC.,NULL,NULL,6,UNITED STATES (USA)
11728,1D9837,19019,DAC TECHNOLOGIES,NULL,NULL,6,UNITED STATES (USA)
11753,1E9635,19027,"EPIC DISTRIBUTION, LLC",NULL,NULL,6,UNITED STATES (USA)
11730,4B9199,19028,BIGHORN MANUFACTURING LLC,NULL,NULL,6,UNITED STATES (USA)
13391,3G9052,19032,GRAHER  CONSTRUCTORA INDUSTRIAL S.A. DE C.V.,NULL,NULL,12,MEXICO
11911,L7Y,19035,"SHANDONG JEKEEN INTELLIGENT MANUFACTURING TECHNOLOGY CO., LTD.",NULL,NULL,8,CHINA
11734,1D9838,19038,D AND D TRADING LLC,NULL,NULL,6,UNITED STATES (USA)
11740,4B9208,19039,"BUZ'S EQUIPMENT TRAILERS, INC",NULL,NULL,6,UNITED STATES (USA)
13121,7L7,19043,"LVT MANUFACTURING, LLC",NULL,NULL,6,UNITED STATES (USA)
11777,1D9820,19044,DISTINCTIVE SERVICE INC.,NULL,NULL,6,UNITED STATES (USA)
11735,4C9546,19049,CAL-TEX TRAILERS,NULL,NULL,6,UNITED STATES (USA)
11736,4C9545,19050,"CAJUN FAB VENTURES, LLC",NULL,NULL,6,UNITED STATES (USA)
11737,1Z9585,19051,QUE'N STEW'N & BREW'N INC.,NULL,NULL,6,UNITED STATES (USA)
11745,1P9790,19059,PEAK OUTDOORS,NULL,NULL,6,UNITED STATES (USA)
11914,4T9336,19060,"TRITON METALS, INC",NULL,NULL,6,UNITED STATES (USA)
11765,4C9550,19066,"C AND A MOTORS, LLC",NULL,NULL,6,UNITED STATES (USA)
11861,1P9828,19068,POLYDROPS INC,NULL,NULL,6,UNITED STATES (USA)
11742,4B9209,19070,BLACK RIVER BOATS,NULL,NULL,6,UNITED STATES (USA)
11804,4B9213,19072,BROADWIND ENERGY INC.,NULL,NULL,6,UNITED STATES (USA)
11757,1E9589,19078,"EDGEWOOD WELDING & FABRICATION, INC.",NULL,NULL,6,UNITED STATES (USA)
11798,7LE,19079,X-ON TRAILERS LLC,NULL,NULL,6,UNITED STATES (USA)
11749,7LB,19080,"RACERS RIG, LLC.",NULL,NULL,6,UNITED STATES (USA)
11739,4A5,19081,Clarion Motors Corp,NULL,NULL,6,UNITED STATES (USA)
11751,1H9736,19084,HIGH ALTITUDE TRAILER CO LLC,NULL,NULL,6,UNITED STATES (USA)
11741,7LC,19087,"GSK METALWORKS, LLC",NULL,NULL,6,UNITED STATES (USA)
11752,7LA,19089,"OLD SCHOOL TRAILERS, LLC",NULL,NULL,6,UNITED STATES (USA)
4775,2RG,19091,9149-0847 QUEBEC INC,NULL,NULL,1,CANADA
11766,2R9706,19091,9149-0847 QUEBEC INC,NULL,NULL,1,CANADA
11957,2A9214,19092,A&A STEEL ENTERPRISES LTD.,NULL,NULL,1,CANADA
11839,YW2,19094,CAKE 0 EMISSION AB,NULL,NULL,6,UNITED STATES (USA)
12800,3C9230,19096,COMERCIALIZADORA ROSTAM S.A. DE C.V.,NULL,NULL,12,MEXICO
11767,2C9218,19097,CORAL OILFIELD SERVICES INC.,NULL,NULL,1,CANADA
12803,3D9026,19098,DOLLIES Y REMOLQUES MEXICO S.  DE R.L. DE C.V.,NULL,NULL,12,MEXICO
13196,LGM,19099,"DONGGUAN TAILING ELECTRIC VEHICLE CO.,LTD.",NULL,NULL,NULL,NULL
11759,4M9123,19103,MONTANA DAVE’S CHOPPERS,NULL,NULL,6,UNITED STATES (USA)
2241,2FY,19107,NEW FLYER INDUSTRIES CANADA ULC,NULL,NULL,1,CANADA
2283,JF2,19109,SUBARU CORPORATION,NULL,NULL,3,JAPAN
2284,JF1,19109,SUBARU CORPORATION,NULL,NULL,3,JAPAN
11760,1Z9581,19117,ZIGGY LSV INC. (FORMERLY ZIGGY INC.),NULL,NULL,6,UNITED STATES (USA)
12274,7NE,19117,ZIGGY LSV INC. (FORMERLY ZIGGY INC.),NULL,NULL,6,UNITED STATES (USA)
11799,1B9732,19119,BIG DOG TRAILERS,NULL,NULL,6,UNITED STATES (USA)
11764,1Z9586,19125,357 GOLF CARTS,NULL,NULL,6,UNITED STATES (USA)
11786,1G9483,19126,"GEFCO, INC. AN ASTEC INDUSTRIES CO.",NULL,NULL,6,UNITED STATES (USA)
11785,1R9889,19127,"ROD IRON CUSTOM FABRICATION, LLC",NULL,NULL,6,UNITED STATES (USA)
11796,4S9518,19128,SCHLOER TRUCKING LLC,NULL,NULL,6,UNITED STATES (USA)
11857,1N9390,19135,"NB4 BRAND LLC, DBA THE KINGSTAR COMPANY",NULL,NULL,6,UNITED STATES (USA)
11769,4S9502,19136,SAN JOSE CONSERVATION CORPS + CHARTER SCHOOL,NULL,NULL,6,UNITED STATES (USA)
11825,1G9565,19140,"GAPVAX, INC.",NULL,NULL,6,UNITED STATES (USA)
11883,1V9229,19142,"VAR TRAILERS, LLC",NULL,NULL,6,UNITED STATES (USA)
12499,7PM,19142,"VAR TRAILERS, LLC",NULL,NULL,6,UNITED STATES (USA)
11835,1J9494,19143,JACK OF ALL TRADES BY GEORGE LLC,NULL,NULL,6,UNITED STATES (USA)
11816,3E9021,19152,ENRIQUE VILLEGAS ROMERO,NULL,NULL,12,MEXICO
11771,1W9625,19157,W D OUTDOOR WOOD FURNACES LLC,NULL,NULL,6,UNITED STATES (USA)
11792,WTK,19159,TINBOT TECHNOLOGY GMBH,NULL,NULL,2,GERMANY
11772,4B9212,19161,"BRADANNA, INC.",NULL,NULL,6,UNITED STATES (USA)
11773,4M9124,19162,MISPHIT INC.,NULL,NULL,6,UNITED STATES (USA)
11774,7LH,19163,COAL MOUNTAIN TRAILERS,NULL,NULL,6,UNITED STATES (USA)
11953,1S9003,19164,SUTPHEN CORPORATION,NULL,NULL,6,UNITED STATES (USA)
11797,1L9591,19165,LEGACY MANUFACTURING LLC,NULL,NULL,6,UNITED STATES (USA)
11784,1A9341,19168,AULICK INDUSTRIES,NULL,NULL,6,UNITED STATES (USA)
11775,2CM,19169,American Motors (Canada) Inc,NULL,NULL,1,CANADA
11824,6K9018,19175,TRACKABOUT OFF ROAD CAMPERS AUST PTY LTD,NULL,NULL,14,AUSTRALIA
11788,4M9038,19177,MANLEY ORV COMPANY INC,NULL,NULL,6,UNITED STATES (USA)
3334,1VH,19178,DAIMLERCHRYSLER COMMERCIAL BUSES NORTH AMERICA,NULL,NULL,6,UNITED STATES (USA)
11783,4T9340,19179,"T&D SCOTT, LLC",NULL,NULL,6,UNITED STATES (USA)
12130,ZN0,19182,SWM MOTORCYCLES S.R.L.,NULL,NULL,9,ITALY
11810,1U9149,19184,UNIVERSAL ENTERPRISES INC.,NULL,NULL,6,UNITED STATES (USA)
11782,1J9493,19186,JLC FABRICATION LLC,NULL,NULL,6,UNITED STATES (USA)
11834,4B9198,19187,"BARE METAL, LLC",NULL,NULL,6,UNITED STATES (USA)
11790,4C9549,19192,"COASTAL GOLF CART RENTALS, LLC  DBA COASTAL GOLF CAR SALES",NULL,NULL,6,UNITED STATES (USA)
11789,3T9180,19196,TMI TRAILER MECHANIC INTERNATIONAL S.A DE C.V.,NULL,NULL,12,MEXICO
11793,4T9219,19198,"TAT, INC.",NULL,NULL,6,UNITED STATES (USA)
11787,4C9548,19199,"CATTAIL COVE MARINA, LLC., DBA: APEX MANUFACTURING & MARINE",NULL,NULL,6,UNITED STATES (USA)
11819,4T9347,19204,"TURTLE TRANSIT, INC",NULL,NULL,6,UNITED STATES (USA)
11840,1P9832,19206,"PRO SPORT TRAILER MANUFACTURING, LLC",NULL,NULL,6,UNITED STATES (USA)
11791,849001,19216,THE VINTAGE COMPANY S.A.,NULL,NULL,49,COSTA RICA
11916,4T9335,19218,TARFORM INC,NULL,NULL,6,UNITED STATES (USA)
11808,4T9333,19220,TRAILER MANUFACTURERS INC.,NULL,NULL,6,UNITED STATES (USA)
11803,1P9829,19223,"P&C TRAILER & REPAIR, LLC",NULL,NULL,6,UNITED STATES (USA)
11809,4T9344,19225,TINY HOMES OF MAINE LLC,NULL,NULL,6,UNITED STATES (USA)
11847,1N9011,19227,NEWELL COACH CORPORATION,NULL,NULL,6,UNITED STATES (USA)
11802,3A9292,19230,INDUSTRIA REAL S.A. DE C.V.,NULL,NULL,6,UNITED STATES (USA)
12190,L6J,19233,"ZHEJIANG KAYO MOTOR CO., LTD.",NULL,NULL,8,CHINA
11811,1U9175,19234,UNITED FOOD TRUCK LLC,NULL,NULL,6,UNITED STATES (USA)
5000,1R9597,19235,THE CHOPPER SHOP,NULL,NULL,6,UNITED STATES (USA)
11814,1E9638,19236,"EASY GO LSV, LLC",NULL,NULL,6,UNITED STATES (USA)
11812,4B9214,19239,GARDEN STATE LSV,NULL,NULL,6,UNITED STATES (USA)
11805,4S9522,19240,SEED CARGO,NULL,NULL,6,UNITED STATES (USA)
12479,7PK,19240,SEED CARGO,NULL,NULL,6,UNITED STATES (USA)
11806,4C9532,19241,COWTOWN TRAILERS AND TIRES LLC,NULL,NULL,6,UNITED STATES (USA)
11930,UH6,19244,Mustang-Trailers A/S,NULL,NULL,54,DENMARK
11815,4A9126,19249,ALLIED TRAILER WORKS (ATW),NULL,NULL,6,UNITED STATES (USA)
11813,1V9230,19251,VALIERN COMPANY,NULL,NULL,6,UNITED STATES (USA)
11836,1F9507,19256,FOOTHILLS CUSTOM CABINS LLC,NULL,NULL,6,UNITED STATES (USA)
11822,4T9345,19258,TURTLEBACK ADVENTURES LLC,NULL,NULL,6,UNITED STATES (USA)
11823,1R9891,19262,RIDGEFIELD CUSTOM TRAILERS,NULL,NULL,6,UNITED STATES (USA)
11827,4S9367,19263,SUMMIT SALES &  EQUIPMENT,NULL,NULL,6,UNITED STATES (USA)
11831,1U9176,19264,UNITED DYNAMIC SERVICES LLC,NULL,NULL,6,UNITED STATES (USA)
11821,2F9103,19267,FLEX REEL TRAILERS INC,NULL,NULL,1,CANADA
12865,2K9073,19269,KSAD INC. O/A KANGAROO TRAILERS,NULL,NULL,1,CANADA
11828,4C9188,19274,THINGS DONE CYCLES,NULL,NULL,6,UNITED STATES (USA)
11833,1G9388,19276,HYBRID TRAILER CO LLC,NULL,NULL,6,UNITED STATES (USA)
11832,4T9346,19278,TRISTAR WELDING LLC,NULL,NULL,6,UNITED STATES (USA)
11841,2D9128,19286,DROPLET DESIGN LTD.,NULL,NULL,1,CANADA
11829,RN0,19289,THACO SPECIAL VEHICLES MANUFACTURING LIMITED COMPANY,NULL,NULL,38,VIETNAM
11932,3T9209,19290,TRANSFORMACION Y TRANSPORTE SA DE CV,NULL,NULL,12,MEXICO
11842,4A9128,19293,ALPHA BOATS UNLIMITED DBA OF BARBER WELDING INC.,NULL,NULL,6,UNITED STATES (USA)
11872,1P9833,19296,PBK AUTOMOTIVE LLC,NULL,NULL,6,UNITED STATES (USA)
11859,1W9629,19299,WIBTECH LLC,NULL,NULL,6,UNITED STATES (USA)
13688,1A9460,19300,HENRY & WRIGHT CORPORATION,NULL,NULL,6,UNITED STATES (USA)
14441,1R9268,19304,"ROGUE TRUCK BODY, LLC",NULL,NULL,6,UNITED STATES (USA)
11870,1P9277,19305,"PRO-TAINER, INC.",NULL,NULL,6,UNITED STATES (USA)
11845,123,19306,"SHERMAN + REILLY, INC.",NULL,NULL,6,UNITED STATES (USA)
11855,4S9520,19307,"SIGNATURE AUTOSPORT, LLC",NULL,NULL,6,UNITED STATES (USA)
14465,4S9712,19307,"SIGNATURE AUTOSPORT, LLC",NULL,NULL,NULL,NULL
11873,1Z9589,19310,5JS WELDING,NULL,NULL,6,UNITED STATES (USA)
11849,4A9129,19311,ARROW TANK AND ENGINEERING CO.,NULL,NULL,6,UNITED STATES (USA)
11850,1M9767,19313,MONTROSE CUSTOM FABRICATION LLC,NULL,NULL,6,UNITED STATES (USA)
14351,4M9257,19313,MONTROSE CUSTOM FABRICATION LLC,NULL,NULL,6,UNITED STATES (USA)
11846,4T9352,19314,THE TRAILERSHOP INC,NULL,NULL,6,UNITED STATES (USA)
11901,1D9841,19316,DEEP CREEK CARTS,NULL,NULL,6,UNITED STATES (USA)
11848,7LN,19317,AMERICAN LIFAN,NULL,NULL,6,UNITED STATES (USA)
11851,4S9524,19318,SMOK'T,NULL,NULL,6,UNITED STATES (USA)
11852,4S9525,19319,SHUBERT CUSTOM CYCLES,NULL,NULL,6,UNITED STATES (USA)
11853,4A9130,19320,ATLANTIC COAST EXOTICS LLC,NULL,NULL,6,UNITED STATES (USA)
11854,4M9127,19321,MCCORMIC WELDING,NULL,NULL,6,UNITED STATES (USA)
12006,1Z9591,19322,ICART EV LLC,NULL,NULL,6,UNITED STATES (USA)
4673,L4Y,19324,"NINGBO DALONG SMOOTH LOCOMOTIVE INDUSTRY CO., LTD.",NULL,NULL,8,CHINA
12153,1P9835,19331,PADGETT MOBILE EQUIPMENT,NULL,NULL,6,UNITED STATES (USA)
11858,1W9630,19332,"WORLD INDUSTRIAL EQUIPMENT, INC.",NULL,NULL,6,UNITED STATES (USA)
11860,1S7,19333,EVELAND’S INC.,NULL,NULL,6,UNITED STATES (USA)
11940,4UF,19334,ARCTIC CAT INC,NULL,NULL,6,UNITED STATES (USA)
11863,1F9482,19335,FATMAN CYCLES,NULL,NULL,6,UNITED STATES (USA)
11865,1G9569,19338,GENCOR INDUSTRIES INC.,NULL,NULL,6,UNITED STATES (USA)
12233,4S9540,19348,SIMPLIFIED FABRICATORS INC,NULL,NULL,6,UNITED STATES (USA)
11951,7JM,19351,TROPOS TECHNOLOGIES INC,NULL,NULL,6,UNITED STATES (USA)
11874,1Z9584,19352,3 CUSTOM SOLUTIONS (DBA) 3CS RANCH LLC,NULL,NULL,6,UNITED STATES (USA)
11877,4B9193,19353,"BERKON INDUSTRIES, LLC",NULL,NULL,6,UNITED STATES (USA)
11868,1L9592,19354,LAMBERT WELDING & SANDBLASTING,NULL,NULL,6,UNITED STATES (USA)
11867,1H9740,19355,HELIO ENTERPRISES,NULL,NULL,6,UNITED STATES (USA)
11880,3A9293,19356,"AMC APARATOS MECANICOS DE CALIDAD, S.A. DE C.V.",NULL,NULL,12,MEXICO
11869,YXF,19357,FOLDTRAILER LIMITED,NULL,NULL,47,NORWAY
11893,SU9ME1,19361,METBOX KURPAS SPÓLKA JAWNA,NULL,NULL,39,POLAND
11875,R4F,19364,"QINGDAO HOIRO MARINE CO.,LIMITED",NULL,NULL,6,UNITED STATES (USA)
11879,1R9348,19370,REED LLC,NULL,NULL,6,UNITED STATES (USA)
11871,4S9527,19373,STRONGARM TRAILERS AND HITCHES,NULL,NULL,6,UNITED STATES (USA)
11866,1D9840,19376,"DMI Contractors, Inc.",NULL,NULL,6,UNITED STATES (USA)
11927,4T9237,19377,TENSPEEDTEARS LLC,NULL,NULL,6,UNITED STATES (USA)
11881,1J9496,19378,JIM'S TRAILERS,NULL,NULL,6,UNITED STATES (USA)
11895,1R9893,19382,"RED ROCK TRAILER MFG, LLC",NULL,NULL,6,UNITED STATES (USA)
11876,1H9683,19386,"HUCKWAGONS, LLC",NULL,NULL,6,UNITED STATES (USA)
11981,5CZ,19387,"RECREATION BY DESIGN, LLC",NULL,NULL,6,UNITED STATES (USA)
13325,1R9763,19390,"ROCK AND ROLL TRAILERS, LLC",NULL,NULL,6,UNITED STATES (USA)
11906,7LW,19391,LVTONG USA GOLF CARS,NULL,NULL,6,UNITED STATES (USA)
11897,1M9355,19392,"MISSISSIPPI TANK AND MANUFACTURING COMPANY, DBA MISSISSIPPI TANK COMPANY",NULL,NULL,6,UNITED STATES (USA)
11890,4M9129,19394,"MONTGOMERY SALES, INC.",NULL,NULL,6,UNITED STATES (USA)
11882,7K7,19395,"MORAN WELDING, INC.",NULL,NULL,6,UNITED STATES (USA)
11888,1R9894,19396,ROLLIES TRAILERS,NULL,NULL,6,UNITED STATES (USA)
11894,7LK,19397,HD TRAILER,NULL,NULL,6,UNITED STATES (USA)
11884,5SH,19398,KAUFMAN TRAILERS OF NE,NULL,NULL,6,UNITED STATES (USA)
11904,1F9510,19401,"FABBRO INDUSTRIES, LLC",NULL,NULL,6,UNITED STATES (USA)
11896,4S9529,19403,SPINBAR DESIGN LAB,NULL,NULL,6,UNITED STATES (USA)
11898,7HC,19404,"TEXAS PRIDE TRAILERS, LLC DBA U.S. BUILT TRAILERS",NULL,NULL,6,UNITED STATES (USA)
11899,1P9836,19405,PIPELINE EQUIPMENT SPECIALTIES,NULL,NULL,6,UNITED STATES (USA)
12020,4T9354,19410,THOMAS HUMPHRIES INNOVATIVE SOLUTIIONS,NULL,NULL,6,UNITED STATES (USA)
12116,2N9090,19417,NEUSTAR MANUFACTURING INC.,NULL,NULL,1,CANADA
11907,LG0,19420,"YONGKANG EAGLE MOTOR CO.,LTD",NULL,NULL,8,CHINA
11915,1F9509,19421,FAST CARGO LLC,NULL,NULL,6,UNITED STATES (USA)
12790,7NB,19421,FAST CARGO LLC,NULL,NULL,6,UNITED STATES (USA)
11938,1K9392,19424,KINNEY MANUFACTURING LLC,NULL,NULL,6,UNITED STATES (USA)
11919,1N9377,19426,"NORTHSHORE TRUCK & EQUIPMENT CO., INC.",NULL,NULL,6,UNITED STATES (USA)
5316,1A9274,19427,TRUCKCORP LLC,NULL,NULL,6,UNITED STATES (USA)
11994,1P9837,19430,"PATHWAY TRAILERS, LLC",NULL,NULL,6,UNITED STATES (USA)
11925,4T9329,19438,TRAILERS BY SOUTHERN LLC,NULL,NULL,6,UNITED STATES (USA)
11993,4A9133,19441,ANACONDA MANUFACTURING LLC,NULL,NULL,6,UNITED STATES (USA)
11924,1P9796,19443,PDQ CATV SUPPLY INC.,NULL,NULL,6,UNITED STATES (USA)
11926,4T9355,19446,"TORO CARGO, LLC ",NULL,NULL,6,UNITED STATES (USA)
11935,50Z,19448,QUALITY CARGO TRAILERS LLC,NULL,NULL,6,UNITED STATES (USA)
11929,7LX,19450,ALFA CARGO LLC,NULL,NULL,6,UNITED STATES (USA)
11937,1F9511,19455,"FREEDOM TRAILERS, INC. (INDIANA)",NULL,NULL,6,UNITED STATES (USA)
11928,1G9571,19458,"GROVE CREEK FABRICATION, LLC",NULL,NULL,6,UNITED STATES (USA)
11931,7LS,19459,VALLEY MANUFACTURING LLC,NULL,NULL,6,UNITED STATES (USA)
11977,1V9234,19459,VALLEY MANUFACTURING LLC,NULL,NULL,6,UNITED STATES (USA)
11933,4M9133,19463,MOTO TECH TRAILERS LLC,NULL,NULL,6,UNITED STATES (USA)
12049,4B9223,19464,BRAZOS IRON WORKS,NULL,NULL,6,UNITED STATES (USA)
12757,1F9549,19466,FITZGIBBONS FLEET FABRICATORS,NULL,NULL,6,UNITED STATES (USA)
11934,4A9132,19469,AMW TRAILERS LLC,NULL,NULL,6,UNITED STATES (USA)
11980,4A9137,19471,AQUAHAWK ENERGY LLC,NULL,NULL,6,UNITED STATES (USA)
11936,7LZ,19473,"DARKHORSE CARGO, INC.",NULL,NULL,6,UNITED STATES (USA)
11939,4M9131,19474,"Medical Structures, LLC",NULL,NULL,6,UNITED STATES (USA)
7681,1S9017,19475,"STAINLESS TANK AND EQUIPMENT, LLC",NULL,NULL,6,UNITED STATES (USA)
14804,7ZK,19475,"STAINLESS TANK AND EQUIPMENT, LLC",NULL,NULL,6,UNITED STATES (USA)
12044,7M5,19476,"ALLIANCE RV, LLC",NULL,NULL,6,UNITED STATES (USA)
11985,R46,19477,"WUXI XIYAO INTELLIGENT TECHNOLOGY CO., LIMITED",NULL,NULL,57,HONG KONG
12100,1V9233,19478,"VALOR INDUSTRIES, LLC",NULL,NULL,6,UNITED STATES (USA)
12043,AF9TA2,19479,CALCULUS PRODUCTS (PTY) LTD,NULL,NULL,10,SOUTH AFRICA
11964,4S9179,19483,SOUTHERN METAL CHOPPERS,NULL,NULL,6,UNITED STATES (USA)
3261,1A9757,19484,"All American Manufacturing, LLC",NULL,NULL,6,UNITED STATES (USA)
11946,1D9753,19486,LOHR NORTH AMERICA,NULL,NULL,6,UNITED STATES (USA)
13646,1L9593,19486,LOHR NORTH AMERICA,NULL,NULL,6,UNITED STATES (USA)
11955,7M3,19487,"DAVIDSON TRAILERS, LLC",NULL,NULL,6,UNITED STATES (USA)
11945,1G9573,19488,G&R MANUFACTURING LLC,NULL,NULL,6,UNITED STATES (USA)
11947,4S9531,19490,SUPERIOR TRAILERS LLC,NULL,NULL,6,UNITED STATES (USA)
11975,LPS,19493,ZHEJIANG HAOQING AUTOMOBILE MFG CO LTD,NULL,NULL,8,CHINA
11952,2N9045,19494,STAGELINE MOBILE STAGE INC,NULL,NULL,1,CANADA
11984,4T9357,19503,TUFFY TILT TABLES,NULL,NULL,6,UNITED STATES (USA)
12585,4M9173,19506,MCKINNEY MEASUREMENT & CONTROL INC.,NULL,NULL,6,UNITED STATES (USA)
11949,4S9532,19507,SULFUR CREEK CYCLE LLC,NULL,NULL,6,UNITED STATES (USA)
11950,4S9452,19508,"MIG LLC,",NULL,NULL,6,UNITED STATES (USA)
11991,7LV,19510,DE LUCIO USA LLC,NULL,NULL,6,UNITED STATES (USA)
11956,4B9220,19516,BRIESEN INDUSTRIES LLC,NULL,NULL,6,UNITED STATES (USA)
11954,3TY,19521,TOYOTA MOTOR MANUFACTURING DE GUANAJUATO,NULL,NULL,12,MEXICO
11973,4A9138,19524,AMERICAN CARTS,NULL,NULL,6,UNITED STATES (USA)
11958,1U9177,19525,USA TRAILERS,NULL,NULL,6,UNITED STATES (USA)
11960,1J9499,19526,"JLH SALES AND SERVICE, LLC",NULL,NULL,6,UNITED STATES (USA)
11987,4S9533,19527,"STAR LAKE FABRICATION, LLC",NULL,NULL,6,UNITED STATES (USA)
11959,7M4,19528,SMOKIN JOES ENTERPRISE LLC,NULL,NULL,6,UNITED STATES (USA)
12051,1E9587,19532,ELITE INDUSTRIES LLC,NULL,NULL,6,UNITED STATES (USA)
12015,1Z9597,19535,ON1DESIGN LLC,NULL,NULL,6,UNITED STATES (USA)
11976,4C9558,19536,CARDINAL TRAILER SALES,NULL,NULL,6,UNITED STATES (USA)
12050,4S9535,19538,SUNCOAST FABRICATION LLC,NULL,NULL,6,UNITED STATES (USA)
7962,4S9437,19540,"SUNDANCE CUSTOM GOLF CARTS, INC.",NULL,NULL,6,UNITED STATES (USA)
11990,1D9844,19542,DIGITAL DEFENSE SURVEILLANCE LLC,NULL,NULL,6,UNITED STATES (USA)
11989,1K9393,19550,"KALT LIFE KUSTOM KARTS, INC",NULL,NULL,6,UNITED STATES (USA)
11996,4T9358,19551,"THE TOY BARN OF FLORIDA, LLC",NULL,NULL,6,UNITED STATES (USA)
11988,1Z9600,19552,OVO,NULL,NULL,6,UNITED STATES (USA)
11998,1F9512,19558,"FANTOM TEARDROPS, LLC",NULL,NULL,6,UNITED STATES (USA)
12180,4S9519,19559,"SHERPA OUTFITTERS, LLC",NULL,NULL,6,UNITED STATES (USA)
11999,4T9361,19561,TJMC LLC DBA CJ'S SPECIALITY TRAILER MANUFACTURING,NULL,NULL,6,UNITED STATES (USA)
12013,4C9560,19562,C AND S CUSTOM CYCLES,NULL,NULL,6,UNITED STATES (USA)
12048,1S9384,19564,S & S WELDING INC,NULL,NULL,6,UNITED STATES (USA)
12131,4T9362,19565,TRAILERS OF KNOXVILLE,NULL,NULL,6,UNITED STATES (USA)
12001,1P9402,19566,"PINE HILL MANUFACTURING, LLC",NULL,NULL,6,UNITED STATES (USA)
12005,4C9561,19569,CZV INC.,NULL,NULL,6,UNITED STATES (USA)
12000,1G9575,19570,GLADIATOR MANUFACTURING,NULL,NULL,6,UNITED STATES (USA)
12012,4C9563,19573,CRANDALL TRAILERS MFG.,NULL,NULL,6,UNITED STATES (USA)
12014,1P9839,19579,PACIFICA TINY HOMES,NULL,NULL,6,UNITED STATES (USA)
12124,1F9514,19581,FEHR TRAILERS,NULL,NULL,6,UNITED STATES (USA)
12018,1E9648,19582,"ECO SENSE GLOBAL SERVICES, LLC",NULL,NULL,6,UNITED STATES (USA)
12016,1F9513,19583,FOWLER WELDING AND REPAIR,NULL,NULL,6,UNITED STATES (USA)
12022,1Z9601,19584,ZTECH INDUSTRIES,NULL,NULL,6,UNITED STATES (USA)
12017,1L9595,19585,LANDA MOBILE SYSTEMS LLC,NULL,NULL,6,UNITED STATES (USA)
12328,4M9134,19588,"MUSTARD SEED TINY HOMES, LLC",NULL,NULL,6,UNITED STATES (USA)
12019,1K9394,19589,KIC MANUFACTURING LLC,NULL,NULL,6,UNITED STATES (USA)
12021,4B9227,19592,BCL FABRICATION LLC,NULL,NULL,6,UNITED STATES (USA)
8024,1C9516,19593,CONSULIER AUTOMOTIVE,NULL,NULL,6,UNITED STATES (USA)
12023,1H9739,19596,HAUL-ABOUT LLC,NULL,NULL,6,UNITED STATES (USA)
12474,7P6,19596,HAUL-ABOUT LLC,NULL,NULL,6,UNITED STATES (USA)
12027,1Z9604,19602,OUTBOUND TRAILER LLC,NULL,NULL,6,UNITED STATES (USA)
12025,4S9537,19603,SPARK CYCLEWORKS LLC,NULL,NULL,6,UNITED STATES (USA)
12024,4T9364,19605,TRAILERSMT.COM,NULL,NULL,6,UNITED STATES (USA)
13487,1R9904,19607,ROUND HOUSE INDUSTRIES LLC,NULL,NULL,6,UNITED STATES (USA)
12034,1D9845,19609,DISCOUNT GOLF CARTS & PARTS LLC,NULL,NULL,6,UNITED STATES (USA)
12166,1W9633,19611,WENDORFF WELDING AND FABRICATION,NULL,NULL,6,UNITED STATES (USA)
12031,4C9564,19615,HARPER PITWORKS LLC,NULL,NULL,6,UNITED STATES (USA)
12029,1H9742,19616,HOMETOWN TRAILERS LLC,NULL,NULL,6,UNITED STATES (USA)
12415,NLN,19622,KARSAN OTOMOTIV SANAYII VE TIC. A.S.,NULL,NULL,13,TURKEY
12042,2K9075,19623,KINETIC CUSTOM TRAILERS LTD.,NULL,NULL,1,CANADA
12037,6Y9056,19629,SEQUOR TRAILERS LTD,NULL,NULL,56,NEW ZEALAND
12028,4A9143,19638,"AERO BUILD, LLC",NULL,NULL,6,UNITED STATES (USA)
12032,1P9841,19639,PALM BEACH TRAILERS,NULL,NULL,6,UNITED STATES (USA)
12217,1G9568,19640,GOLDEN CARGO UTILITY TRAILER SALES LLC,NULL,NULL,6,UNITED STATES (USA)
12033,1F9515,19641,AGRICOMM TRANSPORT LLC DBA FLOATRIDE TRAILERS,NULL,NULL,6,UNITED STATES (USA)
12039,4C9566,19647,COOK COUNTY WELDING AND MACHINE,NULL,NULL,6,UNITED STATES (USA)
12036,4T9365,19648,TWIN STAR EQUIPMENT & MFG. CO.,NULL,NULL,6,UNITED STATES (USA)
12065,4T9369,19649,TRAILERS WELDING & MORE,NULL,NULL,6,UNITED STATES (USA)
12068,1F9517,19653,"FED SAFETY SYSTEMS, LLC",NULL,NULL,6,UNITED STATES (USA)
12040,1V9227,19654,"VORSHEER, LLC",NULL,NULL,6,UNITED STATES (USA)
12038,7ME,19655,"ONYX MOTORBIKES, INC.",NULL,NULL,6,UNITED STATES (USA)
12303,4B9246,19656,BLUE DOG RANCH LLC,NULL,NULL,6,UNITED STATES (USA)
12041,1Z9605,19657,5M TRAILERS,NULL,NULL,6,UNITED STATES (USA)
12085,1V9235,19658,BEN VAN DAM,NULL,NULL,6,UNITED STATES (USA)
12708,1H9756,19660,HIG - CO,NULL,NULL,6,UNITED STATES (USA)
12045,1K9387,19662,KAREEM CORPORATION,NULL,NULL,6,UNITED STATES (USA)
12046,7MF,19664,RAIL WURX,NULL,NULL,6,UNITED STATES (USA)
12047,1A9881,19666,A RESTROOM TRAILER COMPANY LLC,NULL,NULL,6,UNITED STATES (USA)
12091,4T9359,19667,TOMAHAWK TRAILERS INC,NULL,NULL,6,UNITED STATES (USA)
12052,4M9135,19669,MUSIC CITY LSV LLC,NULL,NULL,6,UNITED STATES (USA)
12058,1N9394,19672,NORDSPIRE INDUSTRIES LLC DBA SPACE TRAILERS,NULL,NULL,6,UNITED STATES (USA)
12059,1G9578,19673,GOLF-RIDES LLC,NULL,NULL,6,UNITED STATES (USA)
12061,1J9500,19678,JUMPSTREET CUSTOM,NULL,NULL,6,UNITED STATES (USA)
12062,4B9232,19683,BRANDYWINE VALLEY FABRICATORS,NULL,NULL,6,UNITED STATES (USA)
12191,TLF,19688,KUBERG S.R.O,NULL,NULL,48,CZECH REPUBLIC
12676,2M9202,19689,MISSION OVERLAND TRAILERS CORPORATION,NULL,NULL,1,CANADA
12071,3H9015,19693,HORACIO CARRANZA FLORES,NULL,NULL,12,MEXICO
12097,VS9016,19695,"IRIZAR, S.COOP.",NULL,NULL,26,SPAIN
12053,1D9846,19701,"DOUGLAS TRAILERS, INC.",NULL,NULL,6,UNITED STATES (USA)
13177,7U0,19701,"DOUGLAS TRAILERS, INC.",NULL,NULL,6,UNITED STATES (USA)
12076,4A9140,19702,A TO Z METAL WORKS,NULL,NULL,6,UNITED STATES (USA)
12063,1G9579,19705,GOLF CART CONNECTION LLC,NULL,NULL,6,UNITED STATES (USA)
12110,1H9743,19706,"H BULL SMART TRAILERS, LLC",NULL,NULL,6,UNITED STATES (USA)
12983,7SE,19708,SEA ELECTRIC LLC,NULL,NULL,6,UNITED STATES (USA)
12064,1K9398,19711,KINICH SOLAR INDUSTRIES LLC,NULL,NULL,6,UNITED STATES (USA)
12457,1H9767,19717,"HIKER INDUSTRIES, LLC",NULL,NULL,6,UNITED STATES (USA)
12079,1U9181,19719,UNITED CONCRETE,NULL,NULL,6,UNITED STATES (USA)
12084,1J9503,19720,"JOE MARSHALL CUSTOMS, LLC.",NULL,NULL,6,UNITED STATES (USA)
12093,4B9229,19721,BIG D'S TRAILER COMPANY,NULL,NULL,6,UNITED STATES (USA)
12092,1X9037,19722,ARTEC INDUSTRIES LLC.,NULL,NULL,6,UNITED STATES (USA)
12118,1R9901,19723,"RKS OFF-ROAD, LLC",NULL,NULL,6,UNITED STATES (USA)
12200,1W9632,19726,"WORLD COMMUNICATION TOWERS, LLC",NULL,NULL,6,UNITED STATES (USA)
12083,1G9580,19727,"GO FABRICATION, LLC",NULL,NULL,6,UNITED STATES (USA)
12080,4B9233,19729,B AND M TRAILERS LLC,NULL,NULL,6,UNITED STATES (USA)
12086,1R9898,19731,"R MART TRAILERS, LLC",NULL,NULL,6,UNITED STATES (USA)
12090,1R9903,19733,RAPTOR PRODUCTS INC.,NULL,NULL,6,UNITED STATES (USA)
12104,1DG,19734,"DOOLITTLE TRAILER MFG., INC.",NULL,NULL,6,UNITED STATES (USA)
12095,1N9395,19735,NIMBUS AV INC.,NULL,NULL,6,UNITED STATES (USA)
12078,1Z9608,19736,"INTERNATIONAL HOUSING CONCEPTS, INC.",NULL,NULL,6,UNITED STATES (USA)
12069,1G9462,19737,GLOBAL ENVIRONMENTAL PRODUCTS INC,NULL,NULL,6,UNITED STATES (USA)
12193,7B9CHG,19743,"ANHUI GUANGTONG AUTOMOBILE MANUFACTURING SHARE CO, LTD",NULL,NULL,8,CHINA
12246,4S9560,19744,"SPARTAN FIRE, LLC",NULL,NULL,6,UNITED STATES (USA)
12247,4S9559,19744,"SPARTAN FIRE, LLC",NULL,NULL,6,UNITED STATES (USA)
12138,1U9182,19746,"US FIRE PUMP COMPANY, LLC",NULL,NULL,6,UNITED STATES (USA)
14269,1H9707,19750,HUMMINGBIRDEV INC.,NULL,NULL,6,UNITED STATES (USA)
12161,1G9582,19751,GREEN LINE EQUIPMENT LLC,NULL,NULL,6,UNITED STATES (USA)
12096,1Z9607,19753,"ICE MANUFACTURING, INC.",NULL,NULL,6,UNITED STATES (USA)
12103,4A9149,19754,AMERICAN VINTAGE MOTORCYCLE LLC,NULL,NULL,6,UNITED STATES (USA)
12154,4M9139,19755,MIA MANUFACTURING INC,NULL,NULL,6,UNITED STATES (USA)
12152,4C9571,19756,CS&P TECHNOLOGIES LP,NULL,NULL,6,UNITED STATES (USA)
12098,1R9906,19757,RECONNECT LLC,NULL,NULL,6,UNITED STATES (USA)
12102,4C9559,19760,CDPW INC.,NULL,NULL,6,UNITED STATES (USA)
12057,1K9397,19761,KJ LEISURE TRAILERS LLC,NULL,NULL,6,UNITED STATES (USA)
12066,1L9598,19763,LION TRAILERS,NULL,NULL,6,UNITED STATES (USA)
12075,1D9847,19764,DRE CUSTOM TRAILERS LLC,NULL,NULL,6,UNITED STATES (USA)
12067,1H9746,19766,HAGOTH INDUSTRIES LLC.,NULL,NULL,6,UNITED STATES (USA)
12070,4A9150,19769,ACKER-BUILT,NULL,NULL,6,UNITED STATES (USA)
12074,7MD,19770,WOODIES HUNGRY BEAR MARKET AND RESORT DBA WOODIES TOWING AND TRANSPORT,NULL,NULL,6,UNITED STATES (USA)
12088,4A9144,19774,ADVANCED ENGINEERED SALES LLC,NULL,NULL,6,UNITED STATES (USA)
12109,4M9143,19775,MITCHCRAFT INC,NULL,NULL,6,UNITED STATES (USA)
12099,1R9909,19776,REEVES WELDING,NULL,NULL,6,UNITED STATES (USA)
12081,1K9400,19777,KROME 728 AQUISITION,NULL,NULL,6,UNITED STATES (USA)
12082,1R9910,19778,RICKS TRUCK AND TRAILER REPAIR,NULL,NULL,6,UNITED STATES (USA)
12087,1P9844,19779,PILOT VIEW GOLF CARTS,NULL,NULL,6,UNITED STATES (USA)
12114,4T9371,19780,"TIER 1 FABRICATION, LLC",NULL,NULL,6,UNITED STATES (USA)
12089,4B9236,19782,BI MANUFACTURING,NULL,NULL,6,UNITED STATES (USA)
12117,1H9745,19787,HD TRAILER SOLUTIONS LLC,NULL,NULL,6,UNITED STATES (USA)
12101,1W9635,19788,WEST TEXAS TRAILER REELZ AND MORE,NULL,NULL,6,UNITED STATES (USA)
12106,4C9574,19790,CLEARBLAST LLC,NULL,NULL,6,UNITED STATES (USA)
12105,4M9145,19791,MUSEE TRAILERS,NULL,NULL,NULL,NULL
12113,4T9367,19793,SIMPO'S SOLUTIONS LLC,NULL,NULL,6,UNITED STATES (USA)
12127,1L9600,19794,L & R RACING INC,NULL,NULL,6,UNITED STATES (USA)
14055,1L9675,19794,L & R RACING INC,NULL,NULL,NULL,NULL
12121,4A9152,19795,"AUTOMATED WELLHEAD COMPRESSION, LLC",NULL,NULL,6,UNITED STATES (USA)
12115,7MV,19797,ELGI COMPRESSORS USA,NULL,NULL,6,UNITED STATES (USA)
12112,1G9583,19800,GURP,NULL,NULL,6,UNITED STATES (USA)
12111,4S9515,19801,"SYMMETRY TRAILERS, LLC",NULL,NULL,6,UNITED STATES (USA)
12126,4S9543,19802,SAFE ROOM DESIGNS,NULL,NULL,6,UNITED STATES (USA)
12125,1V9238,19803,VORP ENERGY LLC,NULL,NULL,6,UNITED STATES (USA)
12123,1R9907,19804,R AND H AUTOBODY PAINT AND REPAIR,NULL,NULL,6,UNITED STATES (USA)
12139,1H9749,19806,HOLLIN HAULERS LLC,NULL,NULL,6,UNITED STATES (USA)
12129,1F9519,19807,FINISHLINE MOTORSPORTS,NULL,NULL,6,UNITED STATES (USA)
3224,51Y,19808,"BISON TRAILERS, LLC",NULL,NULL,6,UNITED STATES (USA)
12128,7MH,19808,"BISON TRAILERS, LLC",NULL,NULL,6,UNITED STATES (USA)
12307,7NP,19809,RHINO TRAILERS LLC,NULL,NULL,6,UNITED STATES (USA)
12134,1R9912,19809,RHINO TRAILERS LLC,NULL,NULL,6,UNITED STATES (USA)
13317,4B9147,19810,"BUCKSTOP TRUCKWARE, INC",NULL,NULL,6,UNITED STATES (USA)
12155,1Z9606,19813,OSCO Products LLC,NULL,NULL,6,UNITED STATES (USA)
12135,1P9843,19814,"PHOENIX USA RV, INC.",NULL,NULL,6,UNITED STATES (USA)
12133,4M9147,19815,MUSARRO TRANSPORT,NULL,NULL,6,UNITED STATES (USA)
12186,4S9545,19816,STOUT CONVEYORS LLC,NULL,NULL,6,UNITED STATES (USA)
12136,1R9913,19819,RAC ENTERPRISES,NULL,NULL,6,UNITED STATES (USA)
12137,1N9398,19820,NEW EDGE TECHNOLOGY SOLUTIONS,NULL,NULL,6,UNITED STATES (USA)
12148,4M9146,19821,MR STEEL ACQUISITION CORP,NULL,NULL,6,UNITED STATES (USA)
12141,4A9153,19822,APM MANUFACTURING,NULL,NULL,6,UNITED STATES (USA)
12142,1G9584,19823,GLOBAL FABRICATION AND MARINE LLC,NULL,NULL,6,UNITED STATES (USA)
12147,1E9654,19825,ECHO DESIGN CONSTRUCTION AND LOGISTICS LLC,NULL,NULL,6,UNITED STATES (USA)
12140,4A9154,19826,ALL ROAD MANUFACTURING,NULL,NULL,6,UNITED STATES (USA)
12176,4M9148,19827,MP TRAILER MFG LLP,NULL,NULL,6,UNITED STATES (USA)
12143,1K9402,19830,KOEHN AND SONS,NULL,NULL,6,UNITED STATES (USA)
12145,1J9504,19833,JRS TRAILERS LLC,NULL,NULL,6,UNITED STATES (USA)
12162,7MX,19835,"TEX FAB MFG, LLC",NULL,NULL,6,UNITED STATES (USA)
12146,4S9546,19837,SQUARE GROUPER MANUFACTURING,NULL,NULL,6,UNITED STATES (USA)
12150,4S9547,19837,SQUARE GROUPER MANUFACTURING,NULL,NULL,6,UNITED STATES (USA)
12507,1L9601,19839,"LUSK CO., LLC",NULL,NULL,6,UNITED STATES (USA)
12151,1R9914,19841,RATTLECAN CHOPSHOP,NULL,NULL,6,UNITED STATES (USA)
12289,1H9747,19844,"HUCK CYCLES, CORP",NULL,NULL,6,UNITED STATES (USA)
12306,1H9750,19844,"HUCK CYCLES, CORP",NULL,NULL,6,UNITED STATES (USA)
12160,1K9399,19848,KAISER PREMIER LLC,NULL,NULL,6,UNITED STATES (USA)
12169,4C9576,19849,"CAMPFIRE HOMES, LLC",NULL,NULL,6,UNITED STATES (USA)
12298,4B9125,19852,"ROADRUNNER TRAILERS, LLC FORMERLY BI-STATE MANUFACTURING, LLC",NULL,NULL,6,UNITED STATES (USA)
12157,1E9653,19853,EARTH TRAVELER TEARDROP TRAILERS LLC,NULL,NULL,6,UNITED STATES (USA)
12412,4S9548,19854,SMOKY MOUNTAIN JET BOAT BUILDING LLC,NULL,NULL,6,UNITED STATES (USA)
12206,4C9577,19856,CONLEY SALES LLC,NULL,NULL,6,UNITED STATES (USA)
12185,1H9753,19859,HUDSON TRAILER COMPANY,NULL,NULL,6,UNITED STATES (USA)
12159,4M9144,19860,"MP CUSTOM TRAILERS, LLC",NULL,NULL,6,UNITED STATES (USA)
12187,UKR,19861,KRONINGS APS,NULL,NULL,54,DENMARK
12163,1L9602,19862,LEONARD MOTOR WORKS,NULL,NULL,6,UNITED STATES (USA)
12164,1R9916,19863,RECONVIEW LLC,NULL,NULL,6,UNITED STATES (USA)
12167,4T9374,19864,TRAILER TECH MIAMI INC,NULL,NULL,6,UNITED STATES (USA)
12165,4S9549,19865,SASSTASS AND THE POUR HORSE MOBILE BAR CO LLC,NULL,NULL,6,UNITED STATES (USA)
12196,1W9640,19867,WARFIELD FABRICATION LLC,NULL,NULL,6,UNITED STATES (USA)
12168,1L9603,19868,L BROTHERS TRAILERS LLC,NULL,NULL,6,UNITED STATES (USA)
12343,4A9157,19870,"ART'S WAY MANUFACTURING COMPANY, INC.",NULL,NULL,6,UNITED STATES (USA)
12447,1L9576,19871,EVLABS LLC,NULL,NULL,6,UNITED STATES (USA)
14312,4C9432,19872,CAVALIER HOMES,NULL,NULL,NULL,NULL
12174,1Z9612,19875,"70 EAST CUSTOM CARTS, LLC",NULL,NULL,6,UNITED STATES (USA)
12171,1K9404,19876,KARRY USA,NULL,NULL,6,UNITED STATES (USA)
12170,1N9400,19877,NICKS KNACKS,NULL,NULL,6,UNITED STATES (USA)
12173,1G9586,19878,GENCO MINE SERVICE,NULL,NULL,6,UNITED STATES (USA)
12172,1H9755,19879,HTRAILERS AND SERVICES,NULL,NULL,6,UNITED STATES (USA)
13179,1A9882,19880,AJAX TOCCO MAGNETHERMIC CORPORATION,NULL,NULL,6,UNITED STATES (USA)
12175,1Z9613,19881,OPEN ROAD OUTFITTERS INC.,NULL,NULL,6,UNITED STATES (USA)
12179,1G9588,19884,GRAY'S TRAILER SALES AND SERVICE LLC,NULL,NULL,6,UNITED STATES (USA)
12177,4A9156,19887,AMERICAN VACUUM TRAILER CORP,NULL,NULL,6,UNITED STATES (USA)
12178,1P9847,19888,PRECISION FAB,NULL,NULL,6,UNITED STATES (USA)
12181,4M9150,19892,MASSIMO MARINE,NULL,NULL,6,UNITED STATES (USA)
12243,1Z9616,19895,QUALITY TELECOM CONSULTANTS INC.,NULL,NULL,6,UNITED STATES (USA)
12182,1G9589,19896,"TRIPLE GGG TRAILER ENTERPRISES, LLC",NULL,NULL,6,UNITED STATES (USA)
12204,4T9379,19897,TOP TIER TRAILERS,NULL,NULL,6,UNITED STATES (USA)
13146,7TV,19897,TOP TIER TRAILERS,NULL,NULL,NULL,NULL
12406,AF9SZ2,19898,BUSH LAPA OFFROAD CARAVANS (PTY) LTD.,NULL,NULL,10,SOUTH AFRICA
12183,WEW,19899,E-BILITY GMBH,NULL,NULL,2,GERMANY
12344,LV2,19902,"JIANGSU LVNENG ELECTRICAL BICYCLE TECHNOLOGY CO., LTD.",NULL,NULL,8,CHINA
12223,HA6,19903,"JIANGSU NIU ELECTRIC TECHNOLOGY CO., LTD.",NULL,NULL,8,CHINA
14158,1P9848,19906,POWELL SAFETY SOLUTIONS LLC.,NULL,NULL,NULL,NULL
12189,7N2,19907,BERNIER MOTORS COMPANY,NULL,NULL,6,UNITED STATES (USA)
12195,1D9827,19908,D AND K ENGINEERING INC,NULL,NULL,6,UNITED STATES (USA)
12238,1J9498,19911,J & C SUPPLIERS,NULL,NULL,6,UNITED STATES (USA)
14631,7U1,19911,J & C SUPPLIERS,NULL,NULL,NULL,NULL
12228,1Y9041,19912,ZACO TRAILERS LLC,NULL,NULL,6,UNITED STATES (USA)
12216,4B9242,19913,BACKWATER-CUSTOMS,NULL,NULL,6,UNITED STATES (USA)
12262,4S9553,19916,SUNSET MANUFACTURING CO OF SAINT JOSEPH,NULL,NULL,6,UNITED STATES (USA)
12192,1N9402,19917,NEWSMITH TRAILERS,NULL,NULL,6,UNITED STATES (USA)
12197,1W9638,19918,WATERWAY PROPERTY SOLUTIONS LLC,NULL,NULL,6,UNITED STATES (USA)
12446,7N4,19919,BULLDOG TRAILERS INC,NULL,NULL,6,UNITED STATES (USA)
12194,1K9405,19922,KANTERRA TRAILER CO.,NULL,NULL,6,UNITED STATES (USA)
12205,1N9403,19923,"NOLAN MANUFACTURING, LLC",NULL,NULL,6,UNITED STATES (USA)
13191,7U4,19923,"NOLAN MANUFACTURING, LLC",NULL,NULL,6,UNITED STATES (USA)
12201,1J9505,19924,"J.W. WILLIAMS, INC.",NULL,NULL,6,UNITED STATES (USA)
12202,4S9552,19925,SQU SERVICES,NULL,NULL,6,UNITED STATES (USA)
12203,1D9843,19926,DRIFTWOOD BOATS LLC,NULL,NULL,6,UNITED STATES (USA)
12614,2TL,19927,TREMCAR INC.,NULL,NULL,1,CANADA
12144,1P9842,19932,PROMISE LAND MANUFACTURING LLC,NULL,NULL,6,UNITED STATES (USA)
12261,1N9391,19933,"NATIONCRAFT, LLC",NULL,NULL,6,UNITED STATES (USA)
12906,7PV,19933,"NATIONCRAFT, LLC",NULL,NULL,6,UNITED STATES (USA)
14519,AE9MT1,19939,TR-TEC (PTY) LTD.,NULL,NULL,10,SOUTH AFRICA
12230,1U9184,19940,"UBCO BIKES US, LLC",NULL,NULL,6,UNITED STATES (USA)
13599,7VY,19940,"UBCO BIKES US, LLC",NULL,NULL,NULL,NULL
12363,1N9393,19941,NIKOLA CORPORATION,NULL,NULL,6,UNITED STATES (USA)
12207,4B9241,19942,BROWN & HUBERT CONTRACTING LLC,NULL,NULL,6,UNITED STATES (USA)
12356,3S9115,19944,SOLALSA S. DE R.L. DE C.V.,NULL,NULL,12,MEXICO
12220,RLP,19945,"VIETNAM KWANG YANG MOTOR CO., LTD.",NULL,NULL,38,VIETNAM
12296,1F9522,19951,FAT BOY TRAILERS,NULL,NULL,6,UNITED STATES (USA)
12219,1Z9615,19953,QC CART CRAFT LLC,NULL,NULL,6,UNITED STATES (USA)
12214,1Z9618,19954,INDEPENDENT MOTORCYCLES LLC,NULL,NULL,6,UNITED STATES (USA)
12210,1Z9617,19955,OWNBILLBOARDS,NULL,NULL,6,UNITED STATES (USA)
12208,4T9381,19956,TEXAS STRONG TRAILERS BY JCA,NULL,NULL,6,UNITED STATES (USA)
12209,4B9243,19957,BEARDS TRAILER SALES,NULL,NULL,6,UNITED STATES (USA)
12213,4C9579,19958,"CARAPACE CAMPERS, LLC",NULL,NULL,6,UNITED STATES (USA)
12211,1L9605,19959,LINK HYDRAULIC LLC,NULL,NULL,6,UNITED STATES (USA)
12222,7N0,19960,BLACK RHINO MANUFACTURING INC.,NULL,NULL,6,UNITED STATES (USA)
12215,4M9152,19962,MATERIAL HANDLING OF GA INC,NULL,NULL,6,UNITED STATES (USA)
12633,7RB,19962,MATERIAL HANDLING OF GA INC,NULL,NULL,6,UNITED STATES (USA)
12253,1L9607,19963,LIFETIME TRAILER CORPORATION,NULL,NULL,6,UNITED STATES (USA)
12255,4T9378,19964,TERRY'S SOUTHERN AUTOMOTIVE L.L.C.,NULL,NULL,6,UNITED STATES (USA)
12218,1P9849,19965,POWER LINE CARGO LLC,NULL,NULL,6,UNITED STATES (USA)
12240,4S9558,19966,SILVER BULLET MANUFACTURING INC,NULL,NULL,6,UNITED STATES (USA)
12225,7N6,19967,"P AND G IMPORTS, LLC",NULL,NULL,6,UNITED STATES (USA)
12232,4T9382,19968,"THE SOMERVILLE ELECTRIC VEHICLE COMPANY, INC.",NULL,NULL,6,UNITED STATES (USA)
12221,1Z9611,19969,OVERSTREET'S WELDING AND FABRICATION,NULL,NULL,6,UNITED STATES (USA)
12737,4S9596,19972,SCOOPER COMPANY LLC,NULL,NULL,6,UNITED STATES (USA)
12273,4S9557,19977,SUNNYSIDE ENTERPRISES LLC,NULL,NULL,6,UNITED STATES (USA)
12224,1P9850,19981,PN MOTORS LLC,NULL,NULL,6,UNITED STATES (USA)
12234,7ND,19983,"RANEWS OUTDOOR EQUIPMENT, INC.",NULL,NULL,6,UNITED STATES (USA)
12226,4M9153,19984,MCMULLEN MANUFACTURING,NULL,NULL,6,UNITED STATES (USA)
12242,1J9508,19985,J & M TRAILERS LLC,NULL,NULL,6,UNITED STATES (USA)
13042,4S9521,19986,S&S MANUFACTURING,NULL,NULL,NULL,NULL
12229,7NC,19987,TORK TRAILERS LLC,NULL,NULL,6,UNITED STATES (USA)
12269,1N9407,19990,NEW BRAUNFELS TRAILER COMPANY,NULL,NULL,6,UNITED STATES (USA)
12249,4S9555,19991,SWAMP DADDY AIRBOATS AND FABRICATION LLC.,NULL,NULL,6,UNITED STATES (USA)
12254,4A9161,19994,AMERICAN NOMAD MANUFACTURING,NULL,NULL,6,UNITED STATES (USA)
12236,1Z9620,19997,"INDESTRUCTIBLE DESIGN, INC",NULL,NULL,6,UNITED STATES (USA)
12235,4M9154,19998,"MT. BACHELOR CARTS AND PARTS, LLC",NULL,NULL,6,UNITED STATES (USA)
12237,4C9583,20001,CMP ATTACHMENTS,NULL,NULL,6,UNITED STATES (USA)
12579,4C9615,20005,CAMPWORKS CO LLC,NULL,NULL,6,UNITED STATES (USA)
12436,4B9218,20007,"BRILLIANT CREATIVE CAMPERS, LLC",NULL,NULL,6,UNITED STATES (USA)
12260,7NG,20008,"PATRIOT CARGO TRAILERS, LLC",NULL,NULL,6,UNITED STATES (USA)
12437,1J9511,20009,J D WELDING & SANDBLASTING LLC,NULL,NULL,6,UNITED STATES (USA)
12239,4A9162,20010,ALLOY WELDING AND FABRICATING INC.,NULL,NULL,6,UNITED STATES (USA)
12284,1W9642,20011,"WHODAT TOWERS, LLC",NULL,NULL,6,UNITED STATES (USA)
12244,4B9245,20012,"BAZZELL'S TRUCK AND CAMPER, INC",NULL,NULL,6,UNITED STATES (USA)
12241,1H9757,20014,HORTON CARGO HAULERS,NULL,NULL,6,UNITED STATES (USA)
12362,7NK,20016,"ASW, LLC",NULL,NULL,6,UNITED STATES (USA)
12283,1A9938,20018,"ALUMINUM TRAILER GROUP, LLC",NULL,NULL,6,UNITED STATES (USA)
12546,1R9918,20019,"ROYALTY FABRICATION, LLC.",NULL,NULL,6,UNITED STATES (USA)
12295,4A9165,20020,AUSRV INC.,NULL,NULL,6,UNITED STATES (USA)
12395,4A9160,20023,AEROTECH COATINGS LLC,NULL,NULL,6,UNITED STATES (USA)
12300,7LU,20024,"APPLEQUIST MANUFACTURING, INC.",NULL,NULL,6,UNITED STATES (USA)
12250,1L9606,20025,"LACOSTA TRAILERS, LLC",NULL,NULL,6,UNITED STATES (USA)
14423,7UX,20025,"LACOSTA TRAILERS, LLC",NULL,NULL,NULL,NULL
12248,1R9917,20028,ROGUE GEAR WORKS FABRICATION LLC,NULL,NULL,6,UNITED STATES (USA)
12251,VG9021,20030,OZICONCEPT,NULL,NULL,11,FRANCE
12252,R4N,20032,ELYX SMART TECHNOLOGY HOLDINGS (HONGKONG) LIMITED,NULL,NULL,8,CHINA
12386,3A9249,20034,INTERNATIONAL EPIZEN S.A. DE C.V.,NULL,NULL,12,MEXICO
12562,7P2,20037,"BREMACH, INC.",NULL,NULL,6,UNITED STATES (USA)
12256,1Z9596,20038,OVERKILL CAMPERS LLC,NULL,NULL,6,UNITED STATES (USA)
12263,1B9105,20039,"GOWEN ENTERPRISES, INC. DBA BIG JOHN TRAILERS",NULL,NULL,6,UNITED STATES (USA)
12259,1P9851,20040,"PALMER MFG. & TANK, INC.",NULL,NULL,6,UNITED STATES (USA)
12302,1L9609,20042,"LONE STAR BODY SYSTEMS, LLC",NULL,NULL,6,UNITED STATES (USA)
12299,4M9156,20045,MCU MANUFACTURING LLC,NULL,NULL,6,UNITED STATES (USA)
12257,1N9405,20046,NEWARK FOOD TRUCKS MANUFACTURE,NULL,NULL,6,UNITED STATES (USA)
12258,1G9585,20047,G3 FABRICATION LLC,NULL,NULL,6,UNITED STATES (USA)
12280,4M9136,20053,MAUSLEIN WELDING,NULL,NULL,6,UNITED STATES (USA)
12265,1D9833,20056,DYNAMIC CARTS CORPORATION,NULL,NULL,6,UNITED STATES (USA)
12264,4C9578,20057,CONTAINER MOVING SOLUTIONS LLC.,NULL,NULL,6,UNITED STATES (USA)
12313,1R9922,20059,ROUGHCUT TINYHOMES,NULL,NULL,6,UNITED STATES (USA)
12297,6K9605,20060,FINELINE FABRICATIONS PTY LTD,NULL,NULL,14,AUSTRALIA
12469,3G9055,20064,REMOLSA REMOLQUES SALDUA,NULL,NULL,12,MEXICO
12266,2LE,20065,REMORQUES APOGEE INC.,NULL,NULL,1,CANADA
12650,6B9AE6,20066,SLOANEBUILT TRAILERS PTY LTD,NULL,NULL,14,AUSTRALIA
12287,W09Z16,20068,ZECK GMBH,NULL,NULL,2,GERMANY
12652,U89WL9,20070,WILDERWISE BH D.O.O. TUZLA,NULL,NULL,75,BOSNIA AND HERZEGOVINA
12267,4T9375,20071,TORTOISE SHELL HOME,NULL,NULL,6,UNITED STATES (USA)
12603,4T9385,20072,TYCON SYSTEMS INC.,NULL,NULL,6,UNITED STATES (USA)
12270,1R9920,20073,READYFAB LLC,NULL,NULL,6,UNITED STATES (USA)
12268,4T9383,20075,TRAILER REPAIRS OF NW FLORIDA LLC,NULL,NULL,6,UNITED STATES (USA)
12271,1N9406,20076,NOMAD OFF ROAD,NULL,NULL,6,UNITED STATES (USA)
12272,4T9377,20077,"TRAILER SPECIALISTS OF KNOXVILLE, LLC",NULL,NULL,6,UNITED STATES (USA)
12497,4T9403,20080,TYEE BOATS & FABRICATION,NULL,NULL,6,UNITED STATES (USA)
12301,1J9509,20081,JBA TEX TRAILERS LLC,NULL,NULL,6,UNITED STATES (USA)
12276,4B9247,20082,"BULLDOG MANUFACTURING, LLC.",NULL,NULL,6,UNITED STATES (USA)
12277,1L9608,20085,LONG BOARD TRAILERS LLC,NULL,NULL,6,UNITED STATES (USA)
12396,1F9527,20089,FABRINEERING LLC,NULL,NULL,6,UNITED STATES (USA)
12279,1P9852,20090,PAYLOAD ENTERPRISES,NULL,NULL,6,UNITED STATES (USA)
12312,1R9919,20091,RETRO RIDE LLC,NULL,NULL,6,UNITED STATES (USA)
12282,1D9850,20093,"DC TRAILER, INC",NULL,NULL,6,UNITED STATES (USA)
12281,1F9526,20094,FLUX HORIZON MANUFACTURING LLC,NULL,NULL,6,UNITED STATES (USA)
12392,4B9250,20098,"BUCKSHOT MFG, LLC",NULL,NULL,6,UNITED STATES (USA)
12874,4A9164,20102,A1 FOOD TRUCK DEPOT LLC,NULL,NULL,6,UNITED STATES (USA)
12285,1W9641,20103,WATSON AND SON AUTOMOTIVES,NULL,NULL,6,UNITED STATES (USA)
12314,1V9240,20104,V.E.M. LLC,NULL,NULL,6,UNITED STATES (USA)
12286,1D9851,20105,D MASTER TRAILER REPAIR LLC,NULL,NULL,6,UNITED STATES (USA)
12294,4C9585,20106,"CUSTOM TRUCK BODY & EQUIPMENT, INC.",NULL,NULL,6,UNITED STATES (USA)
12288,7NH,20107,CYNERGY CARGO2 LLC,NULL,NULL,6,UNITED STATES (USA)
12400,4T9299,20108,TRAILERS4TWO LLC,NULL,NULL,6,UNITED STATES (USA)
12292,4S9562,20110,SOUTHTRAIL FABRICATIONS LLC,NULL,NULL,6,UNITED STATES (USA)
12669,7NX,20113,GENERAL WATER SYSTEMS INC. DBA JT FABRICATION,NULL,NULL,6,UNITED STATES (USA)
12322,1Z9623,20114,7 SONS MANUFACTURING INC.,NULL,NULL,6,UNITED STATES (USA)
12423,4M9142,20117,MAXIMUM CARGO TRAILERS LLC,NULL,NULL,6,UNITED STATES (USA)
12324,1H9759,20119,HYK OUTDOORS LLC,NULL,NULL,6,UNITED STATES (USA)
12320,1J9507,20122,JONESBORO CYCLE & ATV LLC,NULL,NULL,6,UNITED STATES (USA)
12305,389020,20126,THUNDER BLADE MFG LLC.,NULL,NULL,45,PUERTO RICO
12311,4T9388,20128,TIERNAN AERATION INC.,NULL,NULL,6,UNITED STATES (USA)
12310,7NR,20129,JUST TRAILERS LLC,NULL,NULL,6,UNITED STATES (USA)
12410,4B9251,20130,"BRADY MFG, LLC",NULL,NULL,6,UNITED STATES (USA)
12308,4S9564,20132,SECURITY2GO,NULL,NULL,6,UNITED STATES (USA)
12318,1Z9564,20133,INDIGO GALVANIZED TRAILERS,NULL,NULL,6,UNITED STATES (USA)
12351,4T9387,20134,THE BOXENSTOPP,NULL,NULL,6,UNITED STATES (USA)
12332,4M9004,20135,"SABRE MANUFACTURING, LLC",NULL,NULL,6,UNITED STATES (USA)
12315,1V9241,20136,VICTORY LANE CUSTOMS,NULL,NULL,6,UNITED STATES (USA)
12376,1P9857,20137,PAUL'S FAN COMPANY,NULL,NULL,6,UNITED STATES (USA)
12706,1R9923,20139,"RIVER VILLAS, LLC",NULL,NULL,6,UNITED STATES (USA)
12319,4A9083,20140,ALUMI TECH PRODUCTS INC,NULL,NULL,6,UNITED STATES (USA)
12321,1R9927,20141,ROVER CUSTOMS,NULL,NULL,6,UNITED STATES (USA)
12368,4A9163,20142,ALLEN'S PUMP AND RENTALS,NULL,NULL,6,UNITED STATES (USA)
12337,1G9592,20143,GATORBACK TRAILER SALES & SERVICE LLC.,NULL,NULL,6,UNITED STATES (USA)
12323,1L9610,20144,LIST TRANSPORTATION,NULL,NULL,6,UNITED STATES (USA)
12720,1H9762,20145,"HAULING HOOVES, LLC",NULL,NULL,6,UNITED STATES (USA)
12329,1R9925,20146,RED MOUNTAIN INDUSTRIAL,NULL,NULL,6,UNITED STATES (USA)
12325,4M9157,20147,CRISTIAN MERCADO  MERCADO CUSTOM TRAILERS,NULL,NULL,6,UNITED STATES (USA)
12326,4B9252,20148,BLACK VENOM PRODUCTS,NULL,NULL,6,UNITED STATES (USA)
12346,1Z9624,20149,"IRONSTRONG METAL FABRICATION, INC.",NULL,NULL,6,UNITED STATES (USA)
12327,4B9253,20151,BANDIT FABRICATION,NULL,NULL,6,UNITED STATES (USA)
12378,1P9845,20153,"POP-TOP TINY HOMES, LLC",NULL,NULL,6,UNITED STATES (USA)
12388,1G9596,20154,"GROUND ZERO SHELTERS, CO.",NULL,NULL,6,UNITED STATES (USA)
12330,1E9658,20156,EURO TRAILERS,NULL,NULL,6,UNITED STATES (USA)
12333,1E9659,20157,EROSION CONTROL PRODUCTS CORPORATION,NULL,NULL,6,UNITED STATES (USA)
12334,4S9550,20158,STAMPEDE OUTDOORS,NULL,NULL,6,UNITED STATES (USA)
12335,4S9568,20159,SPARTAN FABRICATION INC.,NULL,NULL,6,UNITED STATES (USA)
12339,1D9854,20163,DART TRANSPORTATION LLC,NULL,NULL,6,UNITED STATES (USA)
12340,1G9594,20164,GENESIS TRAILER,NULL,NULL,6,UNITED STATES (USA)
12341,1G9593,20167,G AND G FABRICATION,NULL,NULL,6,UNITED STATES (USA)
12398,1W9643,20169,WITMER MFG. LLC,NULL,NULL,6,UNITED STATES (USA)
12347,1R9932,20171,RELIANCE REPAIR LLC,NULL,NULL,6,UNITED STATES (USA)
12358,1W9361,20172,"WECAN FABRICATORS, LLC",NULL,NULL,6,UNITED STATES (USA)
12360,7NV,20175,TEXAS PUSH OFF,NULL,NULL,6,UNITED STATES (USA)
12435,1Z9629,20176,"1200 FEET LIMITED, DBA KRIN USA",NULL,NULL,6,UNITED STATES (USA)
12371,4T9395,20178,TEXAS BEST TRAILERS INC.,NULL,NULL,6,UNITED STATES (USA)
12348,6K9345,20179,ZONE RV PTY LTD,NULL,NULL,14,AUSTRALIA
12912,RLL,20180,VINFAST TRADING AND PRODUCTION JOINT STOCK COMPANY,NULL,NULL,38,VIETNAM
12350,4T9390,20181,TRIMWORKZ,NULL,NULL,6,UNITED STATES (USA)
12760,4A9181,20184,ALWAYS READY CART CARE LLC,NULL,NULL,6,UNITED STATES (USA)
12421,4T9399,20185,TTS STUDIOS,NULL,NULL,6,UNITED STATES (USA)
12349,1G9595,20186,"G & G UTILITY TRAILERS, LLC",NULL,NULL,6,UNITED STATES (USA)
12354,1D9855,20188,DARYL THOMPSON DBA ROCKY MOUNTAIN CHALET,NULL,NULL,6,UNITED STATES (USA)
12405,1F9483,20189,FOREST REBEL DESIGN LLC DBA FORT CAMPERS,NULL,NULL,6,UNITED STATES (USA)
12352,4B9254,20190,BARSTOW KUSTOM MOTORCYCLES CORP.,NULL,NULL,6,UNITED STATES (USA)
12353,4B9237,20191,BULLDOG BILT LLC,NULL,NULL,6,UNITED STATES (USA)
12359,1D9856,20192,"DAPCO, INC.",NULL,NULL,6,UNITED STATES (USA)
12498,1L9612,20193,"LINCOLN CENTER MANUFACTURING, LLC",NULL,NULL,6,UNITED STATES (USA)
12355,1K9409,20195,KALINOWSKI TRANSPORTATION LLC,NULL,NULL,6,UNITED STATES (USA)
12357,4C9592,20197,CONNEXA ENERGY LLC,NULL,NULL,6,UNITED STATES (USA)
13259,1F9529,20198,FRACTAL,NULL,NULL,NULL,NULL
12361,1H9737,20200,HAWAIIAN SCOOTERS,NULL,NULL,6,UNITED STATES (USA)
12366,1J9513,20202,JNG MANUFACTURING,NULL,NULL,6,UNITED STATES (USA)
12397,4T9380,20203,TRAILER MASTERS LLC,NULL,NULL,6,UNITED STATES (USA)
12367,4C9593,20205,CLIFTON CHEVROLET INC.,NULL,NULL,6,UNITED STATES (USA)
12402,4M9162,20206,MOUNTAIN TRAILER SPORTS,NULL,NULL,6,UNITED STATES (USA)
12364,4C9591,20207,CHAVEZ WELDING & MACHINE,NULL,NULL,6,UNITED STATES (USA)
12365,7NJ,20208,ROYAL ELECTRIC VEHICLE,NULL,NULL,6,UNITED STATES (USA)
12401,1J9510,20209,JACKSON CANVAS CO.,NULL,NULL,6,UNITED STATES (USA)
12389,1K9410,20210,KINGTEC GROUP COMPANY LIMITED,NULL,NULL,6,UNITED STATES (USA)
12369,1K9332,20211,"KEMCO MANUFACTURING, LLC",NULL,NULL,6,UNITED STATES (USA)
12374,1E9662,20212,BRB SPECIALTY TRAILERS AND EQUIPMENT LLC.,NULL,NULL,6,UNITED STATES (USA)
14005,7XP,20213,"SC AUTOSPORTS, LLC",NULL,NULL,NULL,NULL
12375,4S9569,20213,"SC AUTOSPORTS, LLC",NULL,NULL,6,UNITED STATES (USA)
13245,7UC,20213,"SC AUTOSPORTS, LLC",NULL,NULL,NULL,NULL
12373,1K9411,20214,K&F INDUSTRIES,NULL,NULL,6,UNITED STATES (USA)
12370,4T9376,20215,TEXAS IMAGINEERS LLC,NULL,NULL,6,UNITED STATES (USA)
12372,7NZ,20218,KAAB MFG LLC,NULL,NULL,6,UNITED STATES (USA)
12403,4T9391,20220,THUNDERBOLT INDUSTRIES LLC,NULL,NULL,6,UNITED STATES (USA)
12452,1N9409,20221,NATIONAL CUSTOM TRAILER,NULL,NULL,6,UNITED STATES (USA)
12377,1Z9631,20222,Z POWERBOATS LLC,NULL,NULL,6,UNITED STATES (USA)
12416,4B9255,20223,BOTTOMLINE AUTO SOLUTIONS,NULL,NULL,6,UNITED STATES (USA)
12380,1L9613,20228,TRIPLE L GROUP LLC,NULL,NULL,6,UNITED STATES (USA)
12381,1W9645,20229,WORTH TRAILER PARTS,NULL,NULL,6,UNITED STATES (USA)
12382,4A9170,20231,AMERICAN TANK,NULL,NULL,6,UNITED STATES (USA)
12383,1F9531,20233,FOOD TRUCKS USA,NULL,NULL,6,UNITED STATES (USA)
12384,1P9855,20234,POLESTAR TRAILERS INC,NULL,NULL,6,UNITED STATES (USA)
12387,3D9028,20235,"DYNAMIC MANUFACTURING SOLUTIONS, S. DE R.L. DE C.V.",NULL,NULL,12,MEXICO
12391,XL9081,20236,E.B.O. VAN WEEL B.V.,NULL,NULL,31,NETHERLANDS
12385,3F9063,20237,FRANZ PENNER OLFERT DBA INDUSTRIAS METALICAS PENNER'S,NULL,NULL,12,MEXICO
12390,7P1,20241,"BACK PORCH HOMES, LLC",NULL,NULL,6,UNITED STATES (USA)
12393,1R9933,20242,RENEGADE TRAILERS LLC,NULL,NULL,6,UNITED STATES (USA)
12413,1H9761,20243,HILLTOP STRUCTURES LLC,NULL,NULL,6,UNITED STATES (USA)
12394,7NU,20244,"TRIPLE R TRAILERS, LLC",NULL,NULL,6,UNITED STATES (USA)
12399,1Z9626,20245,ONE WAY AUTO,NULL,NULL,6,UNITED STATES (USA)
12695,4S9566,20247,SONDORS ELECTRIC CAR COMPANY,NULL,NULL,6,UNITED STATES (USA)
12428,7NY,20250,LORDSTOWN EV CORPORATION,NULL,NULL,6,UNITED STATES (USA)
12434,4A9158,20251,"ALL CUSTOM FABRICATIONS, INC",NULL,NULL,6,UNITED STATES (USA)
12438,4T9398,20252,"TASK MANUFACTURING, LLC",NULL,NULL,6,UNITED STATES (USA)
12404,4B9258,20253,BREAKPOINT OFFROAD INC.,NULL,NULL,6,UNITED STATES (USA)
12407,4C9589,20254,CEDAR RIDGE CAMPERS LLC,NULL,NULL,6,UNITED STATES (USA)
12441,4T9400,20255,TETON TRAILER MANUFACTURING,NULL,NULL,6,UNITED STATES (USA)
12411,1W9647,20256,"WESTERN SHOTCRETE EQUIPMENT, INC.",NULL,NULL,6,UNITED STATES (USA)
12440,1W9646,20257,"WEGO CAMP TRAILERS, LLC.",NULL,NULL,6,UNITED STATES (USA)
12419,4S9551,20258,SOUTH RIVER CARGO LLC,NULL,NULL,6,UNITED STATES (USA)
12408,7N5,20259,LION TRAILERS LLC,NULL,NULL,6,UNITED STATES (USA)
12409,4T9401,20261,TOUCH OF REDLAND,NULL,NULL,6,UNITED STATES (USA)
12414,4C9594,20263,"CONESTOGA WAGON COMPANY, LLC",NULL,NULL,6,UNITED STATES (USA)
12424,1N9404,20265,NEW GENERATION TRAILERS LLC,NULL,NULL,6,UNITED STATES (USA)
12417,1G9576,20266,GREEN MOUNTAIN TRAILERS LLC,NULL,NULL,6,UNITED STATES (USA)
12418,4S9571,20281,STAR TRAILER MANUFACTURING INC.,NULL,NULL,6,UNITED STATES (USA)
12420,4T9402,20285,TRAILMAX TRAILER SALES LLC,NULL,NULL,6,UNITED STATES (USA)
12488,4T9405,20287,THOR-BUILT BOATS INC,NULL,NULL,6,UNITED STATES (USA)
12922,4A9171,20288,"AMERICA EV, INC.",NULL,NULL,6,UNITED STATES (USA)
12476,1R9937,20290,RGS,NULL,NULL,6,UNITED STATES (USA)
12422,1U9188,20294,ULTIMATE GOLF CARTS AND LSV LLC,NULL,NULL,6,UNITED STATES (USA)
12439,7P5,20296,"HIGH COUNTRY TRAILER MANUFACTURING, LLC",NULL,NULL,6,UNITED STATES (USA)
12548,1E9663,20299,"EXOALLOY,LLC",NULL,NULL,6,UNITED STATES (USA)
12427,1R9936,20300,REVISION MOTO LLC,NULL,NULL,6,UNITED STATES (USA)
12425,4T9404,20301,TNT TRAILERS,NULL,NULL,6,UNITED STATES (USA)
12426,4S9572,20302,STREET LEGAL GOLF CARTS,NULL,NULL,6,UNITED STATES (USA)
12431,1E9661,20303,EXCEL GROUP LLC,NULL,NULL,6,UNITED STATES (USA)
12429,1K9413,20306,KACTUS KID TRAILERS,NULL,NULL,6,UNITED STATES (USA)
12430,1D9859,20308,DA UNDERGROUND,NULL,NULL,6,UNITED STATES (USA)
14192,1L9652,20309,LIL SMOKEY MOTORCYCLES,NULL,NULL,6,UNITED STATES (USA)
12433,1L9615,20309,LIL SMOKEY MOTORCYCLES,NULL,NULL,6,UNITED STATES (USA)
12612,7P3,20310,"EV TRANSPORTATION SERVICES, INC.",NULL,NULL,6,UNITED STATES (USA)
12432,4S9371,20311,"SOLARIS OILFIELD SITE SERVICES OPERATING, LLC",NULL,NULL,6,UNITED STATES (USA)
12989,1W9649,20313,"WARTECH ENGINEERING, LLC",NULL,NULL,6,UNITED STATES (USA)
12463,4T9394,20314,THE TRAILER SHOP & OFFROAD,NULL,NULL,6,UNITED STATES (USA)
12443,4A9174,20315,A&D GOLF CARTS,NULL,NULL,6,UNITED STATES (USA)
12539,4T9415,20316,TWAIN TRAILERS LLC,NULL,NULL,6,UNITED STATES (USA)
12445,1F9532,20317,FS DESIGNS USA LLC,NULL,NULL,6,UNITED STATES (USA)
12448,7PA,20322,KL MANUFACTURING LLC,NULL,NULL,6,UNITED STATES (USA)
12578,4T9419,20324,TOEDROP MANUFACTURING LLC,NULL,NULL,5,UNITED KINGDOM (UK)
12475,7P7,20325,THAM CORPORATION,NULL,NULL,6,UNITED STATES (USA)
12451,1H9766,20328,HON-TECH FABRICATION,NULL,NULL,6,UNITED STATES (USA)
12460,1P9859,20329,"PAJCO TECHNOLOGIES, LLC",NULL,NULL,6,UNITED STATES (USA)
12453,1F9528,20330,FRUITLAND PARK TRAILERS,NULL,NULL,6,UNITED STATES (USA)
12450,4T9407,20331,"TORO MASTER TRAILERS, LLC",NULL,NULL,6,UNITED STATES (USA)
12480,4T9410,20333,"TALIAH GROUP, LLC",NULL,NULL,6,UNITED STATES (USA)
12481,4T9411,20333,"TALIAH GROUP, LLC",NULL,NULL,6,UNITED STATES (USA)
12459,4C9572,20334,COFFEE CREEK MFG LLC,NULL,NULL,6,UNITED STATES (USA)
12602,4A9173,20335,AUTOCYCLE CORP LLC,NULL,NULL,6,UNITED STATES (USA)
12699,7PF,20336,JANSTEEL USA INC.,NULL,NULL,6,UNITED STATES (USA)
12454,4T9392,20337,TEEMS FABRICATION INCORPORATED,NULL,NULL,6,UNITED STATES (USA)
12456,1F9534,20339,FYNN TRAILERS LLC,NULL,NULL,6,UNITED STATES (USA)
12878,6MD,20341,BRAAAP MOTORCYCLE PTY LTD,NULL,NULL,14,AUSTRALIA
12523,4C9601,20343,CHEATA CHASSIS,NULL,NULL,6,UNITED STATES (USA)
14787,1H9773,20350,HEXAGON PURUS SYSTEMS USA LLC,NULL,NULL,NULL,NULL
12515,1Z9637,20353,"I-35 TRAILERS, LLC",NULL,NULL,6,UNITED STATES (USA)
12461,1R9938,20355,RED WING GEAR LLC,NULL,NULL,6,UNITED STATES (USA)
13062,4M9164,20356,"MORE RESOURCEFUL, LLC.",NULL,NULL,NULL,NULL
12462,1P9830,20357,PRECISION FABRICATING,NULL,NULL,6,UNITED STATES (USA)
12490,2K9064,20363,KSM INC.,NULL,NULL,1,CANADA
12613,3T9252,20366,TGC MANUFACTURING SA DE CV,NULL,NULL,12,MEXICO
12472,R56,20368,"YONGKANG LIQIAN INDUSTRY AND TRADE CO., LIMITED",NULL,NULL,8,CHINA
12681,4C9607,20373,CENTER CREEK TEARDROPS LLC,NULL,NULL,6,UNITED STATES (USA)
12857,4B9286,20374,"BOONDOCK, INC.",NULL,NULL,6,UNITED STATES (USA)
12485,1N9412,20375,NOLA TRAILERS LLC,NULL,NULL,6,UNITED STATES (USA)
12532,3A9290,20377,IRON LITE TRAILERS,NULL,NULL,12,MEXICO
12527,1H9769,20378,"HH TRAILERS, INC",NULL,NULL,6,UNITED STATES (USA)
12559,1B9487,20380,BOSSELMAN TANK & TRAILER INC.,NULL,NULL,6,UNITED STATES (USA)
12465,1D9864,20381,DEAN TEAM BRENTWOOD INC.,NULL,NULL,6,UNITED STATES (USA)
12466,4S9579,20382,SCRUFFY’S AUTO REPAIR AND MORE LLC,NULL,NULL,6,UNITED STATES (USA)
12467,4C9602,20383,CENTRAL COAST TINY HOMES,NULL,NULL,6,UNITED STATES (USA)
12477,7NF,20384,LAND ENERGY INC.,NULL,NULL,6,UNITED STATES (USA)
12470,4A9176,20385,"A&D TRAILER SALES, LLC",NULL,NULL,6,UNITED STATES (USA)
14803,4A9183,20385,"A&D TRAILER SALES, LLC",NULL,NULL,6,UNITED STATES (USA)
12940,7RZ,20386,"ELECTRIC LAST MILE SOLUTIONS, INC.",NULL,NULL,NULL,NULL
12471,4S9577,20387,SYNER-G METAL WORKS,NULL,NULL,6,UNITED STATES (USA)
12473,4M9165,20389,MECHANICAL DESIGN INC.,NULL,NULL,6,UNITED STATES (USA)
12478,1Z9632,20390,OZICONCEPT USA CORP.,NULL,NULL,6,UNITED STATES (USA)
12502,4B9265,20392,"BEP PETROLEUM & TANK, LLC",NULL,NULL,6,UNITED STATES (USA)
12554,4B9270,20393,BISON FABRICATION LLC,NULL,NULL,6,UNITED STATES (USA)
12482,4B9260,20396,BIG ERN TRAILERS,NULL,NULL,6,UNITED STATES (USA)
12508,1G9603,20399,GOOD-TEX LLC,NULL,NULL,6,UNITED STATES (USA)
14864,4B9415,20400,BETTS PLATINUM GROUP LLC.,NULL,NULL,6,UNITED STATES (USA)
12483,1W9626,20401,WEST COAST TRAILERS SUPPLY HB INC.,NULL,NULL,6,UNITED STATES (USA)
12544,4S9576,20404,SYSWELDING,NULL,NULL,6,UNITED STATES (USA)
12505,1L9618,20405,L & L TOOL & MACHINE CO LLC,NULL,NULL,6,UNITED STATES (USA)
12484,7PE,20406,ICON TRAILERS LTD,NULL,NULL,6,UNITED STATES (USA)
12486,4B9264,20410,BADAC ADVENTURE CO LLC,NULL,NULL,6,UNITED STATES (USA)
12487,7PJ,20411,RIDE ON RIDE OFF TRAILERS LLC,NULL,NULL,6,UNITED STATES (USA)
12593,4B9268,20412,BACKROADS OVERLAND COMPANY LLC.,NULL,NULL,6,UNITED STATES (USA)
12519,1Y9042,20414,"YELLOW COW TRAILERS, LLC",NULL,NULL,6,UNITED STATES (USA)
12491,4T9079,20415,T&H WELDING,NULL,NULL,6,UNITED STATES (USA)
12591,4T9413,20416,TERRACRAFT OUTDOORS LLC,NULL,NULL,6,UNITED STATES (USA)
12492,4B9266,20417,BI TRAILERS,NULL,NULL,6,UNITED STATES (USA)
12493,4C9606,20420,COUNTRY VALLEY LLC,NULL,NULL,6,UNITED STATES (USA)
12494,1V9244,20423,V TRAILERS MANUFACTURE LLC,NULL,NULL,6,UNITED STATES (USA)
12540,4C9608,20424,CUSTOM DESIGN PARK MODEL HOMES,NULL,NULL,6,UNITED STATES (USA)
12504,1P9861,20425,"PCS PERFORMANCE, LLC",NULL,NULL,6,UNITED STATES (USA)
12495,1L9622,20426,LONGHAUL TRAILERS LLC,NULL,NULL,6,UNITED STATES (USA)
12503,4A9178,20427,"ARMOR LITE OF TEXAS, LLC",NULL,NULL,6,UNITED STATES (USA)
12496,1Z9420,20428,INFINITTI TRAILERS,NULL,NULL,6,UNITED STATES (USA)
12500,1K9408,20431,KLEVENITE TRAILERS,NULL,NULL,6,UNITED STATES (USA)
12501,1G9604,20432,GTI TRAILERS LLC,NULL,NULL,6,UNITED STATES (USA)
12506,1J9517,20434,J&D MILLWRIGHT,NULL,NULL,6,UNITED STATES (USA)
12560,4A9177,20436,ABD EQUIPMENT & PARTS LLC,NULL,NULL,6,UNITED STATES (USA)
13033,1Z9634,20437,ZION OFF-ROAD LLC,NULL,NULL,6,UNITED STATES (USA)
12528,7PH,20438,OBI/CONQUEROR CORPORATION,NULL,NULL,6,UNITED STATES (USA)
12509,1H9770,20439,HENRY,NULL,NULL,6,UNITED STATES (USA)
12510,4T9389,20442,TAILORED TRAILERS,NULL,NULL,6,UNITED STATES (USA)
12511,1K9325,20444,KENNEDY FABRICATING,NULL,NULL,6,UNITED STATES (USA)
12531,1L9620,20445,LITTLE MOUNTAIN MFG,NULL,NULL,6,UNITED STATES (USA)
12516,1G9602,20446,GARCIA'S TRAILERS LLC,NULL,NULL,6,UNITED STATES (USA)
12517,4C9609,20448,CIRCLE 8 TRAILERS,NULL,NULL,6,UNITED STATES (USA)
6936,1C9290,20449,"Quality Trailers, Inc.",NULL,NULL,6,UNITED STATES (USA)
12512,1W9651,20450,"WHITE'S WELDING, LLC",NULL,NULL,6,UNITED STATES (USA)
12520,4T9412,20451,TKO EQUIPMENTS SALES & RENTAL LLC,NULL,NULL,6,UNITED STATES (USA)
12518,1D9867,20452,DMC WELDING AND REPAIR LLC,NULL,NULL,6,UNITED STATES (USA)
13989,1F9540,20453,FINLEY'S SERVICES LLC,NULL,NULL,6,UNITED STATES (USA)
12538,1W9653,20454,WOMBAT CAMPER LLC,NULL,NULL,6,UNITED STATES (USA)
12536,1P9865,20457,PLH TRAILER MANUFACTURING,NULL,NULL,6,UNITED STATES (USA)
12521,4S9578,20459,SHALOM TRAILERS,NULL,NULL,6,UNITED STATES (USA)
12522,4T9414,20460,TIDWELLS WELDING,NULL,NULL,6,UNITED STATES (USA)
12525,1G9552,20462,GREEN COPPERFIELD LLC,NULL,NULL,6,UNITED STATES (USA)
12526,1G9606,20463,GOLF CARTS LSV HAWAII INC.,NULL,NULL,6,UNITED STATES (USA)
12524,4T9416,20466,TMD MANUFACTURING INC. DBA DIVERSIFIED STORAGE SYSTEMS,NULL,NULL,6,UNITED STATES (USA)
12642,7NA,20470,"NAVISTAR DEFENSE, LLC",NULL,NULL,6,UNITED STATES (USA)
12722,1L9633,20474,LINES IN FABWORX,NULL,NULL,6,UNITED STATES (USA)
12529,4T9418,20476,"TUBAL-CAIN INDUSTRIES, INC.",NULL,NULL,6,UNITED STATES (USA)
12617,1P9800,20477,"PENROSE TRAILER MANUFACTURING, LLC.",NULL,NULL,6,UNITED STATES (USA)
12595,4S9583,20480,SOUTHERN SPECIALTY TRAILERS LLC,NULL,NULL,6,UNITED STATES (USA)
12530,1H9772,20483,HT TRAILERS LLC,NULL,NULL,6,UNITED STATES (USA)
14204,7V4,20483,HT TRAILERS LLC,NULL,NULL,6,UNITED STATES (USA)
12535,4C9612,20485,CIRCLE L TRAILERS,NULL,NULL,6,UNITED STATES (USA)
12534,1J9516,20486,JDH ENTERPRISE LLC,NULL,NULL,6,UNITED STATES (USA)
12537,1E9666,20490,EAST COAST LOW SPEED VEHICLES LLC,NULL,NULL,6,UNITED STATES (USA)
12545,4C9600,20494,COASTLINE POWER SOLUTIONS,NULL,NULL,6,UNITED STATES (USA)
12541,1U9190,20495,URSA MAJOR MANUFACTURING,NULL,NULL,6,UNITED STATES (USA)
12543,1D9868,20496,DAV.CO LLC,NULL,NULL,6,UNITED STATES (USA)
12542,1R9942,20497,RALLY TRAILER MANUFACTURING LLC,NULL,NULL,6,UNITED STATES (USA)
12623,7PN,20498,"ONE FAT FROG, INCORPORATED",NULL,NULL,6,UNITED STATES (USA)
12615,1L9630,20503,LIFETIME STEEL INDUSTRIES,NULL,NULL,6,UNITED STATES (USA)
12581,4A9172,20504,ALLURE TRAILERS,NULL,NULL,6,UNITED STATES (USA)
12653,1R9943,20505,RENTAL TRAILERS MFG INC.,NULL,NULL,6,UNITED STATES (USA)
12561,2G9103,20509,OFF GRID TRAILERS GENERAL PARTNERSHIP,NULL,NULL,1,CANADA
12547,H0D,20511,"TAIZHOU QIANXIN VEHICLE CO,.LTD.",NULL,NULL,8,CHINA
12550,1U9192,20513,UNRUH WELDING AND REPAIR LLC,NULL,NULL,6,UNITED STATES (USA)
12580,4S9586,20515,SHOW-TIME ENTERPRISES INCORPORATED,NULL,NULL,6,UNITED STATES (USA)
12638,1A9915,20516,"ADVANCE GREEN MANUFACTURING COMPANY, INC",NULL,NULL,6,UNITED STATES (USA)
12639,1A9914,20516,"ADVANCE GREEN MANUFACTURING COMPANY, INC",NULL,NULL,6,UNITED STATES (USA)
12555,7PT,20517,4L SALES & SERVICES LLC,NULL,NULL,6,UNITED STATES (USA)
12557,1Z9636,20521,QUANTUM XCEL EMOTORS LLC,NULL,NULL,6,UNITED STATES (USA)
12556,1G9601,20523,GLOBALECO LLC,NULL,NULL,6,UNITED STATES (USA)
12809,4A9187,20525,COEUR D'ALENE TINY HOMES,NULL,NULL,6,UNITED STATES (USA)
3154,1F9537,20526,FONZIS TRAILERS,NULL,NULL,6,UNITED STATES (USA)
12654,4A9189,20527,"ADVANCED FIELD SERVICES, LLC",NULL,NULL,6,UNITED STATES (USA)
12558,1R9941,20529,RAD ADVENTURE DWELLINGS,NULL,NULL,6,UNITED STATES (USA)
12569,1L9625,20531,L AND O MANUFACTURING LLC,NULL,NULL,6,UNITED STATES (USA)
12594,4A9185,20533,AMP TRAILERS MFG.,NULL,NULL,6,UNITED STATES (USA)
12566,1P9867,20536,PROPEL PREFAB LLC,NULL,NULL,6,UNITED STATES (USA)
12564,4C9611,20540,CYLTEX LLC,NULL,NULL,6,UNITED STATES (USA)
12565,1J9515,20541,J AND J WELDING,NULL,NULL,6,UNITED STATES (USA)
12567,1V9247,20542,VALLEY STEEL WORKS LLC,NULL,NULL,6,UNITED STATES (USA)
12568,4T9421,20543,TITAN ELECTRIC VEHICLES,NULL,NULL,6,UNITED STATES (USA)
12627,1H9776,20545,HITCHINGS TIMBER SERVICES LLC,NULL,NULL,6,UNITED STATES (USA)
12577,4M9167,20547,METAL WORKZ LLC,NULL,NULL,6,UNITED STATES (USA)
12576,1G9605,20548,GEN-TECH INC,NULL,NULL,6,UNITED STATES (USA)
12575,4C9617,20550,CSE ENTERPRISES INC. DBA CAROLINA CARRIAGE,NULL,NULL,6,UNITED STATES (USA)
12574,1E9667,20551,EUROSTAGE LLC,NULL,NULL,6,UNITED STATES (USA)
12588,1W9654,20552,WATCHDOG TRAILERS LLC,NULL,NULL,6,UNITED STATES (USA)
12651,4S9561,20554,"SALINA CREEK FABRICATION, LLC",NULL,NULL,6,UNITED STATES (USA)
12582,1L9627,20557,LSV STREET,NULL,NULL,6,UNITED STATES (USA)
12949,4B9277,20558,BRS OFFROAD NORTH AMERICA,NULL,NULL,NULL,NULL
12592,1Z9638,20559,"7 X TORC, LLC DBA 7 X OFF ROAD",NULL,NULL,6,UNITED STATES (USA)
12584,4S9588,20561,SD CUSTOM BOATS LLC,NULL,NULL,6,UNITED STATES (USA)
12751,4B9274,20562,BUILT TRAILERS LLC,NULL,NULL,6,UNITED STATES (USA)
12587,1H9774,20563,H&A WELDING LLC,NULL,NULL,6,UNITED STATES (USA)
12693,1D9871,20566,DVELE OMEGA CORPORATION,NULL,NULL,6,UNITED STATES (USA)
13075,1N9414,20568,NORTH STAR LOGISTICS LLC,NULL,NULL,NULL,NULL
12598,4B9275,20569,BG CUSTOM WELDING,NULL,NULL,6,UNITED STATES (USA)
12586,4T9424,20571,TKB MANUFACTURING LLC,NULL,NULL,6,UNITED STATES (USA)
12605,4S9582,20572,SAWTOOTH CARGO CARRIER LLC,NULL,NULL,6,UNITED STATES (USA)
12625,1Z9639,20573,IRON WAGON LLC,NULL,NULL,6,UNITED STATES (USA)
12590,4S9592,20575,"SSI, INC. DBA: BROCK'S TRAILERS",NULL,NULL,6,UNITED STATES (USA)
12618,56M,20576,"SWITCH VEHICLES, INC.",NULL,NULL,6,UNITED STATES (USA)
12589,4T9425,20577,ECOMAUTOMOTIVE INC DBA TRIBE TRAILERS,NULL,NULL,6,UNITED STATES (USA)
12738,1G9577,20578,GTO SALES LLC,NULL,NULL,6,UNITED STATES (USA)
12596,4S9593,20580,SMORT FABRICATION,NULL,NULL,6,UNITED STATES (USA)
12895,ZA9M91,20582,AUTOMOBILI PININFARINA GMBH,NULL,NULL,2,GERMANY
12655,3G9056,20590,GRUPO INDOLSA S. DE R.L. M.I.,NULL,NULL,12,MEXICO
12600,R5H,20592,HANBIRD TECHNOLOGY(HONGKONG) LIMITED,NULL,NULL,57,HONG KONG
13328,1N9426,20594,NEW CREATION TINY HOMES LLC,NULL,NULL,NULL,NULL
13147,7R2,20604,PAVE MOTORS INC.,NULL,NULL,NULL,NULL
12786,4S9605,20605,STALLION OILFIELD SERVICES LTD,NULL,NULL,6,UNITED STATES (USA)
12597,4B9273,20606,BVH TRAILERS LLC,NULL,NULL,6,UNITED STATES (USA)
12606,4B9279,20607,BCD TRAILER LLC,NULL,NULL,6,UNITED STATES (USA)
12931,3C9142,20610,"CAJAS Y REMOLQUES MUÑOZ, SA DE CV",NULL,NULL,NULL,NULL
12620,1R9930,20612,RAPTOR DESIGN & ENGINEERING LLC,NULL,NULL,6,UNITED STATES (USA)
12622,4C9619,20613,CALTEC LLC,NULL,NULL,6,UNITED STATES (USA)
12599,1K9416,20614,KICK AZZ SERVICES LLC,NULL,NULL,6,UNITED STATES (USA)
12601,1F9542,20619,F/8 TRAILERS,NULL,NULL,6,UNITED STATES (USA)
12619,4M9168,20620,"MOORESVILLE METAL HOUSE, INC.",NULL,NULL,6,UNITED STATES (USA)
12628,4M9172,20623,MAMMOTH OVERLAND,NULL,NULL,6,UNITED STATES (USA)
12604,4B9276,20624,BULLDOG TRAILERS,NULL,NULL,6,UNITED STATES (USA)
12626,1X9041,20625,XTREME TRAILERS,NULL,NULL,6,UNITED STATES (USA)
12607,4B9278,20626,BV STEEL AND WELDING LLC,NULL,NULL,6,UNITED STATES (USA)
8353,1C9908,20627,COMBAT MOTORS LLC,NULL,NULL,6,UNITED STATES (USA)
11717,4C9526,20627,COMBAT MOTORS LLC,NULL,NULL,6,UNITED STATES (USA)
12608,1L9629,20628,LUDIE'S CUSTOM METAL WORKS,NULL,NULL,6,UNITED STATES (USA)
14613,1E9668,20630,EAGLE LIGHTING INC D/B/A HDEQUIPT (AN S CORPORATION),NULL,NULL,NULL,NULL
12609,1J9519,20631,JS CROSS ROADS,NULL,NULL,6,UNITED STATES (USA)
14182,1G9661,20632,GREENPOWER TRUCK BODY INC.,NULL,NULL,6,UNITED STATES (USA)
12611,7R8,20633,4 W FABRICATION LLC,NULL,NULL,6,UNITED STATES (USA)
12610,4B9217,20636,BEAR RIVER TRAILERS,NULL,NULL,6,UNITED STATES (USA)
12616,7R6,20640,"DYNAMITE TRAILERS, LLC",NULL,NULL,6,UNITED STATES (USA)
12621,4A9179,20642,AMERICAN SUPERSTAR TRAILERS,NULL,NULL,6,UNITED STATES (USA)
12634,1P9660,20645,PALS MFG. LLC,NULL,NULL,6,UNITED STATES (USA)
12624,4C9618,20646,CALIFORNIA CONCESSION INNOVATIONS LLC,NULL,NULL,6,UNITED STATES (USA)
12696,4M9177,20648,MED-CO LLC,NULL,NULL,6,UNITED STATES (USA)
12630,1D9874,20652,DUSK TIL DAWN OUTFITTERS LLC,NULL,NULL,6,UNITED STATES (USA)
12846,4A9182,20653,AIR EASY LLC,NULL,NULL,6,UNITED STATES (USA)
12631,1H9778,20654,HAUL KINGS LLC,NULL,NULL,6,UNITED STATES (USA)
12930,7RG,20655,"AMERICAN MADE CHASSIS, LLC",NULL,NULL,NULL,NULL
12709,1W9637,20657,WTM ENTERPRISE LLC,NULL,NULL,6,UNITED STATES (USA)
12700,4C9034,20658,CALIFORNIA MOTORS LLC,NULL,NULL,6,UNITED STATES (USA)
12637,4M9176,20659,MILLER WELDING & FABRICATION INC.,NULL,NULL,6,UNITED STATES (USA)
12632,1D9875,20661,DEEP SOUTH SMOKERS,NULL,NULL,6,UNITED STATES (USA)
12635,1J9521,20663,J.B. TRAILERS,NULL,NULL,6,UNITED STATES (USA)
12636,4T9427,20664,"TNPS, LLC",NULL,NULL,6,UNITED STATES (USA)
12770,1R9949,20668,"RUPP OVERLAND CAMPERS, LLC",NULL,NULL,6,UNITED STATES (USA)
13165,1K9417,20669,KOECHNER MFG. CO. INC.,NULL,NULL,NULL,NULL
12641,1F9543,20672,FABMETALS INC.,NULL,NULL,6,UNITED STATES (USA)
12640,1F9544,20675,FOX VALLEY WELDING LLC,NULL,NULL,6,UNITED STATES (USA)
12646,1H9764,20677,HANDS ON WORK TRAILERS,NULL,NULL,6,UNITED STATES (USA)
12666,4T9429,20678,TAYSON ENTERPRISES HOLDING LLC,NULL,NULL,6,UNITED STATES (USA)
12644,4S9597,20679,"SCI INNOVATIONS, LLC",NULL,NULL,6,UNITED STATES (USA)
12643,1Z9641,20683,ZERIMAR TRAILERS,NULL,NULL,6,UNITED STATES (USA)
12645,1R9948,20684,RLC WELDING & FABRICATION,NULL,NULL,6,UNITED STATES (USA)
12656,1V9237,20685,VOLKOFF AG LLC,NULL,NULL,6,UNITED STATES (USA)
12647,4S9595,20686,SOUTHERN UTILITY TRAILERS,NULL,NULL,6,UNITED STATES (USA)
12787,1E9669,20689,EATON COMPRESSOR AND FABRICATION,NULL,NULL,6,UNITED STATES (USA)
13123,1X9040,20690,"XOTO, INC.",NULL,NULL,NULL,NULL
12648,4C9623,20692,COASTAL CAROLINA GOLF CARTS,NULL,NULL,6,UNITED STATES (USA)
12704,1V9249,20693,VETTED SECURITY SOLUTIONS LLC.,NULL,NULL,6,UNITED STATES (USA)
12701,1P9868,20694,PAGE DISTRIBUTION LLC,NULL,NULL,6,UNITED STATES (USA)
12796,4A9195,20699,AGAZU TRAILERS INC.,NULL,NULL,6,UNITED STATES (USA)
13288,7PY,20700,BEST ALUMINUM STRIPING EQUIPMENT,NULL,NULL,NULL,NULL
12649,4T9428,20702,TRAILER SOLUTIONS INC.,NULL,NULL,6,UNITED STATES (USA)
12657,1Z9644,20705,ZEUS TRAILERS AND MORE,NULL,NULL,6,UNITED STATES (USA)
12658,1R9950,20706,RVA CUSTOM CARTS LLC,NULL,NULL,6,UNITED STATES (USA)
12739,4S9599,20710,SOUTH ATLANTA GOLF CARTS LLC,NULL,NULL,6,UNITED STATES (USA)
12661,1U9187,20711,UTILIQUIP INC,NULL,NULL,6,UNITED STATES (USA)
12688,4M9179,20712,MULTIDIMENSIONAL MANUFACTURING LLC,NULL,NULL,6,UNITED STATES (USA)
12663,1E9671,20713,ENCORE OILFIELD SERVICES LLC,NULL,NULL,6,UNITED STATES (USA)
12664,4C9625,20714,CONDESSA CONCRETE,NULL,NULL,6,UNITED STATES (USA)
12665,7RF,20715,RMS TRAILERS LLC,NULL,NULL,6,UNITED STATES (USA)
12671,4S9594,20716,"SAILOR GROUP, LLC",NULL,NULL,6,UNITED STATES (USA)
12667,4S9601,20718,STEELWATER TRAILERS,NULL,NULL,6,UNITED STATES (USA)
12668,7MC,20720,FRANKLIN ELECTRIC CO INC,NULL,NULL,6,UNITED STATES (USA)
12670,4A9198,20721,AD METAL WORKS,NULL,NULL,6,UNITED STATES (USA)
12672,1Z9640,20723,IPC INDUSTRIES,NULL,NULL,6,UNITED STATES (USA)
12674,1D9877,20724,DOUBLE H TRAILERS LLC,NULL,NULL,6,UNITED STATES (USA)
12673,4T9430,20725,"UKANCAMP, LLC",NULL,NULL,6,UNITED STATES (USA)
12684,6V9055,20726,"LIFESTYLE CAMPER TRAILERS PTY LTD ",NULL,NULL,14,AUSTRALIA
13224,4A9199,20727,A&P WELDING,NULL,NULL,6,UNITED STATES (USA)
12685,2W9093,20728,"WOLF INNOVATIONS, INC.",NULL,NULL,1,CANADA
12779,4M9169,20729,C&W FABRICATION,NULL,NULL,6,UNITED STATES (USA)
12703,4A9196,20731,"ARMOR CARGO TRAILERS, LLC",NULL,NULL,6,UNITED STATES (USA)
12679,4B9267,20732,BIG BULLY TRAILERS,NULL,NULL,6,UNITED STATES (USA)
12771,1V9251,20733,VIVID EV LLC,NULL,NULL,6,UNITED STATES (USA)
13600,1Z9649,20734,INTERNATIONAL RV MANUFACTURING LLC,NULL,NULL,NULL,NULL
12682,1E9672,20735,EXTREME MANUFACTURING LLC,NULL,NULL,6,UNITED STATES (USA)
12683,4S9603,20736,SPHINX TRAILER MFG. LLC,NULL,NULL,6,UNITED STATES (USA)
12788,VF9964,20739,MAC3,NULL,NULL,11,FRANCE
12866,4S9600,20744,SILVERLIGHT ELECTRIC VEHICLE INC.,NULL,NULL,6,UNITED STATES (USA)
12686,4S9604,20745,SARO CAMPER,NULL,NULL,6,UNITED STATES (USA)
12687,4A9193,20746,AMERICAN Q-TEC INC.,NULL,NULL,6,UNITED STATES (USA)
12689,4A9192,20746,AMERICAN Q-TEC INC.,NULL,NULL,6,UNITED STATES (USA)
12690,1R9951,20747,RHINO STEEL MANUFACTURING INC.,NULL,NULL,6,UNITED STATES (USA)
12691,4C9627,20748,C AND P REPAIRS AND SERVICE LLC,NULL,NULL,6,UNITED STATES (USA)
12819,R5B,20750,GAIA INTERNATIONAL TRADE LIMITED,NULL,NULL,57,HONG KONG
12694,7R7,20752,LOAD READY,NULL,NULL,6,UNITED STATES (USA)
12948,R38,20753,KING HK INTERNATIONAL TRADING LIMITED,NULL,NULL,57,HONG KONG
12702,7RR,20756,BELLWETHER MANUFACTURING LLC.,NULL,NULL,6,UNITED STATES (USA)
12736,1H9729,20759,"HAWAII SPRING SUPPLY, INC.",NULL,NULL,6,UNITED STATES (USA)
12698,1G9611,20760,GOOSECREEK TRAILERS,NULL,NULL,6,UNITED STATES (USA)
12908,4M9181,20761,CORTES CAMPERS LLC,NULL,NULL,6,UNITED STATES (USA)
12721,3CV,20774,"PJ TRAILERS COMPANY, S.A. DE C.V.",NULL,NULL,12,MEXICO
13583,1P9897,20775,"PASQ, LLC",NULL,NULL,6,UNITED STATES (USA)
12707,1Z9642,20776,ZIMAR-T,NULL,NULL,6,UNITED STATES (USA)
12818,7MU,20777,"MAZDA TOYOTA MANUFACTURING, USA, INC.",NULL,NULL,6,UNITED STATES (USA)
13107,7MM,20777,"MAZDA TOYOTA MANUFACTURING, USA, INC.",NULL,NULL,6,UNITED STATES (USA)
13767,1L9660,20779,"LTG RV & TRAILER SALES, LLC DBA LONESTAR SPECIALTY VEHICLES",NULL,NULL,6,UNITED STATES (USA)
12711,7PP,20782,INNOVATIVE SPECIALTIES LLC,NULL,NULL,6,UNITED STATES (USA)
12717,1R9781,20783,"REMACKEL TRAILERS, INC",NULL,NULL,6,UNITED STATES (USA)
12756,W09A24,20789,AUWAERTER-ANHAENGER UND AUFBAUTEN GMBH & CO. KG,NULL,NULL,2,GERMANY
12723,1E9675,20790,ELITE AIRBOAT COMPANY GRAYSON COUNTY INC.,NULL,NULL,6,UNITED STATES (USA)
12715,3EW,20791,BERNHARD NEUFELD LOEWEN,NULL,NULL,12,MEXICO
12915,1F9533,20793,FRAMED UP LLC DBA HOME GROWN CHOPPERS,NULL,NULL,6,UNITED STATES (USA)
12727,1F9548,20794,FUELTEC SYSTEMS LLC,NULL,NULL,6,UNITED STATES (USA)
12714,1H9781,20796,HUDSON TRAILERS AND TRAILER REPAIR,NULL,NULL,6,UNITED STATES (USA)
12719,8A9MAC,20798,SUDAMERICANTRAIL SOCIEDAD ANONIMA,NULL,NULL,17,ARGENTINA
12718,7RS,20799,DIAMOND HAWG MFG,NULL,NULL,6,UNITED STATES (USA)
12716,4A9188,20801,ALPHA FABRICATION,NULL,NULL,6,UNITED STATES (USA)
12789,4C9629,20804,COBRA INDUSTRIES LLC,NULL,NULL,6,UNITED STATES (USA)
12773,1G9597,20805,GORILLA TRAILERS LLC,NULL,NULL,6,UNITED STATES (USA)
13370,1K9382,20807,KTD INDUSTRIES INC.,NULL,NULL,NULL,NULL
12724,1R9953,20809,R&H TRAILERS,NULL,NULL,6,UNITED STATES (USA)
12725,4A9203,20810,"ADM MANUFACTURING, LLC",NULL,NULL,6,UNITED STATES (USA)
12740,1H9780,20811,HEAVYLITE TRAILERS LLC,NULL,NULL,6,UNITED STATES (USA)
12746,1F9547,20812,FLY BY WHOLESALE LLC,NULL,NULL,6,UNITED STATES (USA)
12847,7RV,20813,EMBER RECREATIONAL VEHICLES,NULL,NULL,6,UNITED STATES (USA)
12730,1Z9646,20815,OPERATION TINY HOME,NULL,NULL,6,UNITED STATES (USA)
12750,4B9283,20816,BEAM GLOBAL,NULL,NULL,6,UNITED STATES (USA)
14668,VF9391,20818,CRYOLOR SA,NULL,NULL,11,FRANCE
12726,1Z9652,20819,OREGON TRUSS,NULL,NULL,6,UNITED STATES (USA)
13298,1F9504,20823,"FIREFLY, LLC",NULL,NULL,NULL,NULL
13021,2W9013,20824,MAXFIELD LP,NULL,NULL,1,CANADA
12753,4M9182,20826,MCINTIRE WELDING SERVICES INC,NULL,NULL,6,UNITED STATES (USA)
12728,3S9103,20829,SUSANA NEUFELD KNELSEN DBA NEKS,NULL,NULL,12,MEXICO
12734,1D9878,20831,D&A WELDING AND FABRICATION,NULL,NULL,6,UNITED STATES (USA)
12732,7RW,20832,ARC LINE MANUFACTURING LLC,NULL,NULL,6,UNITED STATES (USA)
12884,3M9099,20833,MFG Trailers y Tankes Barak S.A de C.V,NULL,NULL,12,MEXICO
12743,R36,20834,"YONGKANG CHANGPAO INDUSTRY AND TRADE CO., LTD.",NULL,NULL,8,CHINA
13058,2A9114,20836,ABS REMORQUES INC.,NULL,NULL,NULL,NULL
12735,3F9066,20837,FUD TRAILERS MARTINEZ S.A. DE C.V.,NULL,NULL,12,MEXICO
12745,4S9584,20840,STONES RIVER TRAILER COMPANY LLC,NULL,NULL,6,UNITED STATES (USA)
12731,4C9631,20842,CUSTOM FOOD TRAILERS LLC,NULL,NULL,6,UNITED STATES (USA)
12733,4C9632,20843,CERR-TEX TRAILERS,NULL,NULL,6,UNITED STATES (USA)
12741,1E9677,20844,COZY HOME INC.,NULL,NULL,6,UNITED STATES (USA)
12742,4T9384,20845,TINY MOUNTAIN HOUSES,NULL,NULL,6,UNITED STATES (USA)
12749,4T9433,20848,TITAN FOOD TRAILERS LLC,NULL,NULL,6,UNITED STATES (USA)
12774,1L9632,20850,"LIFESCAPE BUILDERS, INC.",NULL,NULL,6,UNITED STATES (USA)
12747,1L9634,20853,"LH TRAILERS, LLC",NULL,NULL,6,UNITED STATES (USA)
14409,7RY,20856,"BAMA BUILT TRAILERS, LLC.",NULL,NULL,NULL,NULL
12965,3S9118,20857,SUSANA FAST KLASSEN,NULL,NULL,NULL,NULL
13148,3EZ,20857,SUSANA FAST KLASSEN,NULL,NULL,NULL,NULL
13299,7M6,20860,DARPAH LLC,NULL,NULL,NULL,NULL
12778,4A9201,20866,ALL STAR TRAILERS FABRICATION,NULL,NULL,6,UNITED STATES (USA)
12752,5B5,20867,PREMIER TRAILERS INC,NULL,NULL,6,UNITED STATES (USA)
12820,2S9177,20869,3 STAR MFG LTD,NULL,NULL,1,CANADA
13385,2SL,20869,3 STAR MFG LTD,NULL,NULL,NULL,NULL
12755,2A9218,20871,ARMADILLO TRAILER MFG. LTD.,NULL,NULL,1,CANADA
12854,WB7,20872,BLACK TEA MOTORBIKES GMBH,NULL,NULL,2,GERMANY
12781,3G9060,20874,GRUPO AGUIRRE LUNA Y ASOCIADOS SA DE CV,NULL,NULL,12,MEXICO
14214,W09T06,20876,JAKOB THALER GMBH,NULL,NULL,2,GERMANY
12768,6V9067,20878,RHOST PTY LTD,NULL,NULL,14,AUSTRALIA
12807,3T9120,20879,"TRACTOCAMIONES Y CARROCERIAS ""REMADA""",NULL,NULL,12,MEXICO
12766,3S9032,20881,SR NURDIN JULIAN RAMIREZ,NULL,NULL,12,MEXICO
12972,1D9863,20884,D&S EQUIPMENT,NULL,NULL,6,UNITED STATES (USA)
12758,1K9419,20885,KRAESE REPAIRS LLC,NULL,NULL,6,UNITED STATES (USA)
12772,1Z9654,20886,OBIE TRAILERS LLC,NULL,NULL,6,UNITED STATES (USA)
12780,4S9609,20887,SMITH INDUSTRIES LLC,NULL,NULL,6,UNITED STATES (USA)
12759,4C9634,20888,CENTEX SMOKERS,NULL,NULL,6,UNITED STATES (USA)
12761,1L9635,20890,LATHROP POOL SERVICE AND REPAIR INC. DBA POOL WATER PURIFICATION PRODUCTS,NULL,NULL,6,UNITED STATES (USA)
12762,1U9159,20891,USC LLC,NULL,NULL,6,UNITED STATES (USA)
12763,7S0,20892,GYPSI MAE TRAILERS,NULL,NULL,6,UNITED STATES (USA)
12804,4M9184,20893,"MERCHANTS MOVING & STORAGE, INC.",NULL,NULL,6,UNITED STATES (USA)
13830,5E0,20895,"COTTRELL, INC.",NULL,NULL,6,UNITED STATES (USA)
13831,1C9148,20895,"COTTRELL, INC.",NULL,NULL,6,UNITED STATES (USA)
12785,7RL,20898,DOLEGA TRAILERS,NULL,NULL,6,UNITED STATES (USA)
12765,4T9435,20899,TRIDENT PEDAL BOATS LLC,NULL,NULL,6,UNITED STATES (USA)
14386,1L9686,20900,LAWRENCE TRAILER & TRUCK EQUIPMENT,NULL,NULL,6,UNITED STATES (USA)
12769,1G9616,20901,G-CUSTOMS,NULL,NULL,6,UNITED STATES (USA)
12775,1Z9643,20902,IN PLACE TECHNOLOGY INC.,NULL,NULL,6,UNITED STATES (USA)
13972,1Z9731,20902,IN PLACE TECHNOLOGY INC.,NULL,NULL,6,UNITED STATES (USA)
12767,4C9636,20905,CAWLEY CREEK MOBILE WELDING,NULL,NULL,6,UNITED STATES (USA)
12791,1G9614,20906,GREAT LAKES STAGE COMPANY LLC,NULL,NULL,6,UNITED STATES (USA)
12798,7S3,20908,"TIGERTX, LLC",NULL,NULL,6,UNITED STATES (USA)
13104,1G9623,20909,GEORGE P. JOHNSON COMPANY,NULL,NULL,NULL,NULL
12776,4M9183,20910,WHISPER CARTS LLC,NULL,NULL,6,UNITED STATES (USA)
12777,4B9195,20911,"BAY AREA METAL FABRICATION, LLC",NULL,NULL,6,UNITED STATES (USA)
12905,4T9439,20913,TRUVIE TRAILERS LLC,NULL,NULL,6,UNITED STATES (USA)
12826,1G9613,20914,"GIBRALTAR FABRICATION, LLC",NULL,NULL,6,UNITED STATES (USA)
12858,1Z9650,20918,"IES, LLC",NULL,NULL,6,UNITED STATES (USA)
12782,1D9880,20919,DOBSON TURF MANAGEMENT LLC,NULL,NULL,6,UNITED STATES (USA)
12784,1F9545,20920,FAMILY GARDEN TRAILERS,NULL,NULL,6,UNITED STATES (USA)
12793,1P9873,20923,PM MACHINE AND FABRICATION LLC,NULL,NULL,6,UNITED STATES (USA)
12792,1N9417,20924,"NEW RIVER TRAILER CO, LLC",NULL,NULL,6,UNITED STATES (USA)
12795,7S5,20927,BIG BOY TRAILERS,NULL,NULL,6,UNITED STATES (USA)
12801,4A9200,20928,ASHLEY'S WELDING AND METAL FABRICATION,NULL,NULL,6,UNITED STATES (USA)
12825,4B9096,20930,BARTIMAEUS BY DESIGN INC,NULL,NULL,6,UNITED STATES (USA)
12811,4S9608,20931,SHANNON BROTHERS LLC,NULL,NULL,6,UNITED STATES (USA)
12827,NRY,20932,PILOTCAR OTOMOTIV SAN. TIC. A.S.,NULL,NULL,13,TURKEY
12808,R35,20933,KAI YUN AUTOMOBILE MANUFACTURING CO. LTD,NULL,NULL,57,HONG KONG
12802,2A9219,20934,ARKTO CAMPERS LTD.,NULL,NULL,1,CANADA
12927,3P9043,20937,Peters Manufacturing S.A. De C.V.,NULL,NULL,NULL,NULL
12799,4T9437,20938,"TEXAS PAVILLION, LLC",NULL,NULL,6,UNITED STATES (USA)
12805,1W9659,20939,WELD PRO LLC,NULL,NULL,6,UNITED STATES (USA)
12806,1F9536,20941,FIREX LLC DBA EWHEELZ,NULL,NULL,6,UNITED STATES (USA)
2518,4RK,20942,NOVA BUS (US) INC.,NULL,NULL,6,UNITED STATES (USA)
12829,1Z9656,20943,INFINITY TRAILERS LLC,NULL,NULL,6,UNITED STATES (USA)
13239,3S9121,20944,SERVICIOS Y MANUFACTURAS AHGO SA DE CV,NULL,NULL,12,MEXICO
12810,1V9252,20948,VIP CUSTOM CYCLES LLC DBA XION.BIKE,NULL,NULL,6,UNITED STATES (USA)
12879,1Z9657,20951,"IMPERIAL DESIGNS, LLC",NULL,NULL,6,UNITED STATES (USA)
12835,1N9416,20952,NEW VISION MANUFACTURING LLC,NULL,NULL,6,UNITED STATES (USA)
12812,4M9185,20954,MOORE'S WELDING LLC DBA A & L SMOKERS,NULL,NULL,6,UNITED STATES (USA)
12832,1W9662,20955,WANDER TEARS,NULL,NULL,6,UNITED STATES (USA)
12823,6K9677,20957,MVS TRUST T/A OFFTRAX CAMPERS,NULL,NULL,14,AUSTRALIA
12881,LTU,20958,"NINE TECH CO., LTD.",NULL,NULL,8,CHINA
12822,2SJ,20959,SILVERMOUNTAIN TRAILERS & EQUIPMENT LTD.,NULL,NULL,1,CANADA
12836,3A9150,20962,IMPULSORA INDUSTRIAL DEL RIO S.A. DE C.V.,NULL,NULL,12,MEXICO
12815,4B9284,20964,BAKU TRAILERS LLC,NULL,NULL,6,UNITED STATES (USA)
12813,1D9879,20965,DK WELDING AND REPAIR LLC,NULL,NULL,6,UNITED STATES (USA)
13039,4A9155,20966,"ARCTICMAX, LLC",NULL,NULL,NULL,NULL
12817,7S8,20967,"GOLDEN ARM TRAILERS, LLC",NULL,NULL,6,UNITED STATES (USA)
12821,1W9658,20968,WALTON TRAILER SALES INC,NULL,NULL,6,UNITED STATES (USA)
12852,1R9955,20969,RUGGED TRAILERS,NULL,NULL,6,UNITED STATES (USA)
12814,4S9610,20971,SENTINEL TRAILERS,NULL,NULL,6,UNITED STATES (USA)
12824,1Z9276,20975,"102 IRONWORKS, INC.",NULL,NULL,6,UNITED STATES (USA)
12816,1H9785,20976,HITCH HOTEL INC.,NULL,NULL,6,UNITED STATES (USA)
12877,1H9786,20977,HIGH SIERRA TRAILER CO.,NULL,NULL,6,UNITED STATES (USA)
12837,4S9616,20980,SINGLETARY TRAILERS,NULL,NULL,6,UNITED STATES (USA)
12891,1V9212,20982,VINTAGE TRAILER WORKS INC,NULL,NULL,6,UNITED STATES (USA)
12932,1L9640,20983,LAND AND SEA LLC,NULL,NULL,NULL,NULL
12840,1R9956,20986,REEDE FABRICATION AND DESIGN,NULL,NULL,6,UNITED STATES (USA)
12830,1P9874,20988,"PRO STANDS, LLC",NULL,NULL,6,UNITED STATES (USA)
12833,4C9639,20991,CUSTOM CONCEPTS CARTS LLC,NULL,NULL,6,UNITED STATES (USA)
12834,1L9638,20995,LECHNER'S WELDING AND EXCAVATING,NULL,NULL,6,UNITED STATES (USA)
2192,5XX,20996,"KIA GEORGIA, INC",NULL,NULL,6,UNITED STATES (USA)
2195,5XY,20996,"KIA GEORGIA, INC",NULL,NULL,6,UNITED STATES (USA)
12916,1D9882,21002,DISPENSING TECHNOLOGY CORPORATION,NULL,NULL,6,UNITED STATES (USA)
12838,4T9420,21003,T3 FABRICATION LLC,NULL,NULL,6,UNITED STATES (USA)
12953,1Z9651,21004,702 TRAILER'S & WELDING LLC,NULL,NULL,NULL,NULL
12845,1D9884,21007,DESIGN SOLUTION CONCESSION INC,NULL,NULL,6,UNITED STATES (USA)
12839,4A9209,21008,AIRY TRANSIT LLC,NULL,NULL,6,UNITED STATES (USA)
12974,R6P,21011,HONG KONG MAICHE MACHINERY MANUFACTURING CO. LIMITED,NULL,NULL,57,HONG KONG
12841,4S9617,21014,SOUTHLAND TOOL MFG. INC.,NULL,NULL,6,UNITED STATES (USA)
12849,4T9440,21015,TROJAN EV LLC,NULL,NULL,6,UNITED STATES (USA)
12842,7SD,21016,"STRONG ARM TRAILERS, LLC",NULL,NULL,6,UNITED STATES (USA)
12844,4M9171,21017,MI TRAILER SALES INC,NULL,NULL,6,UNITED STATES (USA)
12843,4A9151,21018,ADVANCED MANUFACTURING FABRICATION,NULL,NULL,6,UNITED STATES (USA)
12914,1F9546,21020,"FREE RANGE, LLC",NULL,NULL,6,UNITED STATES (USA)
13205,3P9046,21032,PROFOOD AND WHEELS,NULL,NULL,12,MEXICO
12848,7SC,21043,AKY TRAILERS LLC,NULL,NULL,6,UNITED STATES (USA)
12856,3C9243,21044,CONSTRUCTORA ALDIMA S. DE R.L. DE C.V.,NULL,NULL,12,MEXICO
12991,3J9094,21050,JOSE GUADALUPE DE LA CRUZ FUERTE,NULL,NULL,12,MEXICO
12851,3V9026,21052,VERONICA ALFARO SEGOVIA,NULL,NULL,12,MEXICO
12875,R33,21053,"HENAN WEBETTER INTELLIGENT EQUIPMENT CO., LTD.",NULL,NULL,8,CHINA
12887,3A9309,21054,OVIDIO MORALES AVENA,NULL,NULL,12,MEXICO
12850,4A9210,21056,ALABAMA MOTOR WORKS LLC DBA MAGIC CITY AUTO WORKS,NULL,NULL,6,UNITED STATES (USA)
12880,4A9212,21057,ACTIVEDOGS.COM LLC,NULL,NULL,6,UNITED STATES (USA)
12897,7SH,21063,WABTEC CORPORATION,NULL,NULL,6,UNITED STATES (USA)
13419,1L9639,21064,LUXE MFG. LLC,NULL,NULL,6,UNITED STATES (USA)
12853,4B9289,21065,BULL CREEK WELDING AND FABRICATION INC.,NULL,NULL,6,UNITED STATES (USA)
12855,4B9288,21068,BJ AND K RENTALS,NULL,NULL,6,UNITED STATES (USA)
12876,1W9664,21069,"WIND RIVER CUSTOM HOMES, LLC",NULL,NULL,6,UNITED STATES (USA)
12947,4S9611,21070,"SWEET-HAUS, LLC",NULL,NULL,NULL,NULL
12870,2M9200,21072,AM MACHINERY INC.,NULL,NULL,1,CANADA
12955,VG9036,21075,BEAUER,NULL,NULL,11,FRANCE
12859,7FW,21077,"STEEL PINES CARGO, LLC",NULL,NULL,6,UNITED STATES (USA)
12902,7SL,21081,"ELITE CARGO TRAILERS, LLC",NULL,NULL,6,UNITED STATES (USA)
12860,4A9213,21082,A2Z MAINTENANCE LLC,NULL,NULL,6,UNITED STATES (USA)
12861,1R9957,21083,RICK'S WELDING,NULL,NULL,6,UNITED STATES (USA)
12863,1J9528,21085,JACOB STEEL FABRICATOR LLC,NULL,NULL,6,UNITED STATES (USA)
12864,4T9441,21086,TTOCS TRAILERS MANUFACTURING,NULL,NULL,6,UNITED STATES (USA)
12917,1A9867,21087,ANDREW'S ORNAMENTAL IRON,NULL,NULL,6,UNITED STATES (USA)
12867,1E9680,21089,"ENGLOBAL U.S., INC.",NULL,NULL,6,UNITED STATES (USA)
12868,4C9641,21090,CSIRIUS LLC,NULL,NULL,6,UNITED STATES (USA)
14528,1F9520,21091,FALCON MOTORS CORPORATION,NULL,NULL,NULL,NULL
12869,4C9638,21092,"CICERO BROTHERS ENTERPRISES, LLC",NULL,NULL,6,UNITED STATES (USA)
12918,7SN,21093,FORCE OF GRAVITY LLC,NULL,NULL,6,UNITED STATES (USA)
12936,1Z9661,21094,"24/7 ONSITE CAMERAS, INC.",NULL,NULL,NULL,NULL
12882,1J9527,21095,JAY'S TRAILERS,NULL,NULL,6,UNITED STATES (USA)
13296,3F9061,21096,FABRICACIONES Y SERVICIOS DE MEXICO SA DE CV (FASEMEX/LIDDELL),NULL,NULL,NULL,NULL
12872,1G9617,21099,GREG'S FABRICATION,NULL,NULL,6,UNITED STATES (USA)
12986,7SK,21100,"ARGO TRAILERS GA, LLC",NULL,NULL,NULL,NULL
12873,1E9681,21101,ECO GOLF CARTS,NULL,NULL,6,UNITED STATES (USA)
12889,R3M,21102,"MANGOSTEEN TECHNOLOGY CO., LIMITED",NULL,NULL,8,CHINA
12888,3M9076,21108,MARTIN ZAMORA GONZALEZ,NULL,NULL,12,MEXICO
12894,R45,21110,"XL HOLDING GROUP (HK) CO., LIMITED",NULL,NULL,8,CHINA
12885,2D9004,21113,DELOUPE INC,NULL,NULL,1,CANADA
12907,2S9184,21115,SUNLITE TRAILERS INC.,NULL,NULL,1,CANADA
12896,3EY,21120,"GG TRAILERS, SA DE CV",NULL,NULL,12,MEXICO
12883,2R9699,21121,REMORQUES CFT INC. / CFT TRAILERS INC.,NULL,NULL,1,CANADA
10327,1P9445,21122,POSI-PLUS TECHNOLOGIES INC.,NULL,NULL,6,UNITED STATES (USA)
12886,1P9880,21123,"PLANT PROCESS FABRICATORS, LLC",NULL,NULL,6,UNITED STATES (USA)
13017,1N9421,21124,NORTHWEST EVERGREEN INNOVATIONS LLC,NULL,NULL,6,UNITED STATES (USA)
12890,1E9665,21132,EXTREME TRAILERS OF TEXAS,NULL,NULL,6,UNITED STATES (USA)
12892,4S9618,21138,SUMCO SALES LLC,NULL,NULL,6,UNITED STATES (USA)
12893,1D9848,21139,D SQUARED,NULL,NULL,6,UNITED STATES (USA)
12925,7SP,21143,PRATT INTERMODAL CHASSIS LLC,NULL,NULL,NULL,NULL
12899,1F9550,21144,FLINSTONE TRAILERS AND EQUIPMENT LLC,NULL,NULL,6,UNITED STATES (USA)
12903,4B9291,21145,B AND L FABRICATION LLC,NULL,NULL,6,UNITED STATES (USA)
12898,4S9620,21146,STEAMBOAT TRAILERS LLC,NULL,NULL,6,UNITED STATES (USA)
13096,7TH,21147,LION ELECTRIC MANUFACTURING USA INC.,NULL,NULL,6,UNITED STATES (USA)
13094,7TF,21147,LION ELECTRIC MANUFACTURING USA INC.,NULL,NULL,6,UNITED STATES (USA)
13095,7TG,21147,LION ELECTRIC MANUFACTURING USA INC.,NULL,NULL,6,UNITED STATES (USA)
12946,1E9682,21148,"ETS MFG, LLC",NULL,NULL,NULL,NULL
12957,1J9518,21150,JD AXLE LLC,NULL,NULL,NULL,NULL
14556,1J9530,21151,JK TRAILER PLUS,NULL,NULL,NULL,NULL
12971,1P9881,21153,"PREMIER CRYOGENIC SERVICES, LLC",NULL,NULL,NULL,NULL
12926,4S9585,21155,SOLID POINT TRAILERS,NULL,NULL,NULL,NULL
12945,1G9618,21156,"GREAT OUTDOOR COTTAGES, LLC",NULL,NULL,NULL,NULL
12911,1L9641,21157,LUCAS FABRICATION LLC,NULL,NULL,6,UNITED STATES (USA)
12967,4C9646,21164,CAMEX BY PROMOTORA INDUSTRIAL DE  DESARRLLO,NULL,NULL,6,UNITED STATES (USA)
12901,4C9597,21166,"CITY MACHINE & WELDING, INC. /  DBA: SUPERIOR TRAILER",NULL,NULL,6,UNITED STATES (USA)
13088,4T9443,21168,C.A. MANUFACTURING CORP,NULL,NULL,6,UNITED STATES (USA)
12920,1P9749,21169,"PRODUCTION TECHNOLOGIES, INC",NULL,NULL,6,UNITED STATES (USA)
12919,4S9598,21171,SAWYER TRAILERS LLC,NULL,NULL,6,UNITED STATES (USA)
14634,71H,21171,SAWYER TRAILERS LLC,NULL,NULL,NULL,NULL
12913,4A9215,21173,ADVANCED BOAT PROTECTION,NULL,NULL,6,UNITED STATES (USA)
12950,1W9667,21175,WELDCO MFG LLC,NULL,NULL,NULL,NULL
12921,1Z9664,21177,OBX CUSTOMS LLC,NULL,NULL,6,UNITED STATES (USA)
12923,4S9622,21179,SPECIALTY SOLIDS CONTROL,NULL,NULL,NULL,NULL
12924,4T9444,21185,THE METAL GUYS,NULL,NULL,NULL,NULL
12941,7PL,21186,TITANIUM CARGO TRAILERS LLC,NULL,NULL,NULL,NULL
13285,4S9635,21187,SEBAGO DOCK & LIFT,NULL,NULL,6,UNITED STATES (USA)
12909,7JB,21188,U.S. BUILT TRAILERS,NULL,NULL,6,UNITED STATES (USA)
12934,2RE,21193,REMEQ INC,NULL,NULL,1,CANADA
12928,9VB,21196,NAIDA MOROSOLES NOELIA FERNANDA Y BLANCO SCHIERLING JOSE IGNACIO,NULL,NULL,NULL,NULL
13005,3G9057,21202,GRUPO ZAETA DEL BOSQUE S.P.R. DE R.L. DE C.V.,NULL,NULL,12,MEXICO
12944,1P9879,21203,PECAN TRAIL RV LLC,NULL,NULL,NULL,NULL
12933,1R9961,21208,RAYCO TRAILERS LLC,NULL,NULL,NULL,NULL
12987,1E9683,21209,ELEVATION PARK MODEL COMPANY,NULL,NULL,NULL,NULL
12951,7SX,21210,WAEV INC.,NULL,NULL,NULL,NULL
12935,4S9606,21211,SHOWALTER FABRICATION SERVICES,NULL,NULL,NULL,NULL
12938,4C9513,21213,C-LOCK INC.,NULL,NULL,NULL,NULL
13105,1G9622,21215,GENERAL MACHINING & WELDING,NULL,NULL,NULL,NULL
13014,1P9866,21217,PORTER OVERLAND LLC,NULL,NULL,NULL,NULL
12990,1L9642,21218,LIONHEART CONSTRUCTION LLC,NULL,NULL,6,UNITED STATES (USA)
13653,7WC,21219,"BOXABL, INC",NULL,NULL,6,UNITED STATES (USA)
12942,1W9663,21222,WELDING BEAST FABRICATION,NULL,NULL,NULL,NULL
12943,4T9370,21223,TENSIK INC,NULL,NULL,NULL,NULL
13001,7SW,21224,STALLION MANUFACTURING LLC,NULL,NULL,NULL,NULL
12976,4M9192,21225,"MONARD TRAILERS, LLC.",NULL,NULL,6,UNITED STATES (USA)
13048,MP7,21230,"PANUS ASSEMBLY CO., LTD.",NULL,NULL,30,THAILAND
12977,7T4,21231,SJ TRAILERS,NULL,NULL,NULL,NULL
12954,4M9191,21233,MID FLORIDA METALWORKS,NULL,NULL,NULL,NULL
12959,4S9619,21236,SASQUATCH CAMPERS,NULL,NULL,NULL,NULL
12956,4A9219,21237,AIM HIGH POWER WASHING,NULL,NULL,NULL,NULL
12958,1K9421,21238,KRISS MOTORS CORPORATION,NULL,NULL,NULL,NULL
12985,1R9963,21239,ROYAL BENGAL LOGISTICS,NULL,NULL,NULL,NULL
12960,1Z9669,21241,IKONIQ,NULL,NULL,NULL,NULL
12962,4C9645,21243,CONQUEROR TRANS LLC,NULL,NULL,NULL,NULL
12963,1Z9665,21245,6B LLC,NULL,NULL,NULL,NULL
12968,4S9613,21246,STAHLEY ENTERPRISES INC,NULL,NULL,NULL,NULL
10849,1E9620,21247,E AND R TRAILERS,NULL,NULL,6,UNITED STATES (USA)
13035,1Z9670,21248,"IEV FACTORY, INC.",NULL,NULL,6,UNITED STATES (USA)
12966,4M9190,21249,MINI MONSOON LLC,NULL,NULL,NULL,NULL
12969,4C9642,21250,CERTAFAB,NULL,NULL,NULL,NULL
13127,1K9425,21252,KINGDOM CAMPING LLC,NULL,NULL,NULL,NULL
13090,1R9971,21255,REDBEARD FABRICATION LLC,NULL,NULL,6,UNITED STATES (USA)
12973,4S9624,21256,SHONUFF TRAILERS,NULL,NULL,6,UNITED STATES (USA)
12975,LJ7,21257,"JIANGSU ZHONGXING MOTORCYCLE CO.,LTD.",NULL,NULL,NULL,NULL
13560,R2A,21258,SCOOTERCAR LTD.,NULL,NULL,NULL,NULL
13010,R4C,21266,"DOUFENG VEHICLE CO., LIMITED",NULL,NULL,57,HONG KONG
13301,VCF,21267,FISKER GROUP INC.,NULL,NULL,NULL,NULL
13071,7T2,21271,SILVERCAT TRAILER COMPANY LLC,NULL,NULL,NULL,NULL
12978,4A9220,21273,5 STAR TRAILERS CORP,NULL,NULL,NULL,NULL
12979,1P9882,21274,PEBBLE TEARDROPS LLC,NULL,NULL,NULL,NULL
13732,7SM,21276,FRUEHAUF INC,NULL,NULL,6,UNITED STATES (USA)
12981,1J9531,21277,JMF ENTERPRISES LLC,NULL,NULL,6,UNITED STATES (USA)
13067,1F9554,21279,FOODCART USA CORP,NULL,NULL,NULL,NULL
14424,1F9553,21280,FOCAL TECHNOLOGIES. INC.,NULL,NULL,NULL,NULL
13012,3A9267,21281,JELMAX TRAILERS,NULL,NULL,NULL,NULL
12982,1V9253,21285,VAZA LLC,NULL,NULL,6,UNITED STATES (USA)
13006,7T6,21286,BARNTS SALES COMPANY LLC,NULL,NULL,6,UNITED STATES (USA)
13025,1D9887,21287,BLUFF CITY FABRICATORS LLC,NULL,NULL,NULL,NULL
12984,1E9686,21290,"EV TITAN, LLC",NULL,NULL,6,UNITED STATES (USA)
13049,1Z9666,21294,36 FEET LLC,NULL,NULL,6,UNITED STATES (USA)
12992,4B9263,21297,B AND L TRAILERS,NULL,NULL,6,UNITED STATES (USA)
13030,1H9797,21302,"HIGHWOOD MACHINE TOOL, LLC",NULL,NULL,NULL,NULL
12993,1R9680,21304,R & M METAL FAB,NULL,NULL,NULL,NULL
12994,1R9964,21305,R&A GRADS DBA TUSCALOOSA CUSTOM CARTS,NULL,NULL,NULL,NULL
13061,4C9438,21306,"CIRCLE TM TRAILERS, LLC",NULL,NULL,NULL,NULL
12995,7S1,21309,"PAYLOAD TRAILERS OF WV, INC",NULL,NULL,NULL,NULL
13041,1E9687,21315,ENERGY LINK INDUSTRIAL SERVICES,NULL,NULL,NULL,NULL
12996,4C9647,21316,CART PART PROS,NULL,NULL,6,UNITED STATES (USA)
13439,7V3,21316,CART PART PROS,NULL,NULL,NULL,NULL
12997,1Z9672,21318,2585 ORO DAM LLC DBA BUTTE METAL FABRICATION AND DESIGN,NULL,NULL,NULL,NULL
12998,1R9968,21319,"READY2GO RESTROOM TRAILERS SALES, LLC",NULL,NULL,NULL,NULL
13060,7S4,21320,VANDERBILT TRAILERS INC.,NULL,NULL,NULL,NULL
13055,1L9545,21323,"L & M MACHINE TOOLS, LTD",NULL,NULL,NULL,NULL
13000,1Z9673,21324,ZERBE MANUFACTURING,NULL,NULL,NULL,NULL
13003,7T7,21325,COAL REGION TRAILERS,NULL,NULL,6,UNITED STATES (USA)
13020,1K9424,21326,KEL-TEC TRAILER MFG. LLC,NULL,NULL,NULL,NULL
13002,1K9195,21327,BBQ PITS BY KLOSE,NULL,NULL,NULL,NULL
13004,4A9223,21328,ALL AMERICAN UTILITIES LLC,NULL,NULL,NULL,NULL
13045,2V9031,21331,VIDA TOWABLES INC.,NULL,NULL,1,CANADA
13007,1P9883,21336,PREFERRED METALFAB INC,NULL,NULL,6,UNITED STATES (USA)
13052,7T8,21337,"UPRISING ENGINEERING USA, LLC",NULL,NULL,NULL,NULL
13008,1D9889,21338,DAB MOTORS,NULL,NULL,NULL,NULL
13009,4T9446,21340,TAQUERIAS MOBILES,NULL,NULL,NULL,NULL
13028,7T3,21343,C & A TRAILERS LLC,NULL,NULL,NULL,NULL
13011,1Z9667,21345,INDIANKENTUCK LUMBER CO.,NULL,NULL,NULL,NULL
13034,7TD,21346,TRUE BLUE TRAILERS LLC,NULL,NULL,NULL,NULL
13013,1Z9668,21348,ITZ NC INC.,NULL,NULL,NULL,NULL
13015,7TB,21350,GORILLA RIDES LLC,NULL,NULL,6,UNITED STATES (USA)
13016,4C9648,21351,"CSC TRAILERS, LLC",NULL,NULL,6,UNITED STATES (USA)
13019,4A9224,21352,AMBER WAVES INC.,NULL,NULL,6,UNITED STATES (USA)
13018,4B9296,21354,"B & W FABRICATION, LLC",NULL,NULL,6,UNITED STATES (USA)
13163,4A9230,21355,ALASKA SEA KING LLC,NULL,NULL,6,UNITED STATES (USA)
13531,1D9888,21358,"DRAGONFLY THREE WHEELER, LLC",NULL,NULL,NULL,NULL
13064,3J9057,21361,JAVIER TIJERINA MENCHACA,NULL,NULL,NULL,NULL
13036,3C9115,21362,"CARROCERIAS CORPUS CHRISTI, S.A. DE C.V.",NULL,NULL,12,MEXICO
14648,3F5,21362,"CARROCERIAS CORPUS CHRISTI, S.A. DE C.V.",NULL,NULL,NULL,NULL
7208,3KP,21364,KIA MEXICO S.A. DE C.V.,NULL,NULL,12,MEXICO
13024,3KM,21364,KIA MEXICO S.A. DE C.V.,NULL,NULL,12,MEXICO
13022,1H9795,21365,HD CUSTOMS,NULL,NULL,NULL,NULL
13023,1H9794,21365,HD CUSTOMS,NULL,NULL,NULL,NULL
13126,4T9449,21366,T BAR TRAILERS,NULL,NULL,NULL,NULL
13057,2H9003,21369,HIGHLINER TRAILERS LTD,NULL,NULL,NULL,NULL
13219,HB3,21370,"HSU DRAGON TECHNOLOGY CO., LTD.",NULL,NULL,8,CHINA
13128,ZPR,21371,NUEVA INDUSTRIA TORINESE S.R.L.,NULL,NULL,NULL,NULL
13027,1J9533,21372,JLF CUSTOM WELDING AND FABRICATION,NULL,NULL,6,UNITED STATES (USA)
13026,1E9688,21373,EDGE TRAILER MANUFACTURER INC.,NULL,NULL,6,UNITED STATES (USA)
13083,1R9973,21377,RGV TRAILER SALES LLC,NULL,NULL,6,UNITED STATES (USA)
13066,1F9417,21378,FOREST TRAILERS LLC,NULL,NULL,NULL,NULL
13038,7TC,21379,BOSQUE INTEGRITY FABRICATION LLC,NULL,NULL,NULL,NULL
13037,4A9207,21380,"ABCMFG, INC.",NULL,NULL,NULL,NULL
13063,3R9178,21382,RODOLFO ANTONIO PULIDO BARAJAS,NULL,NULL,NULL,NULL
13068,4S9615,21384,SG ECHO LLC,NULL,NULL,NULL,NULL
13053,4S9627,21385,SPLASH SALES LLC DBA SPLASH TRUCK SALES,NULL,NULL,NULL,NULL
13134,1L9644,21386,LSV MANUFACTURING LLC,NULL,NULL,NULL,NULL
13054,7TK,21390,GIDDY UP USA MFG LLC,NULL,NULL,6,UNITED STATES (USA)
13113,1L9645,21391,L AND J MANUFACTURING AND MARINE,NULL,NULL,NULL,NULL
13040,1F9556,21392,FISHER TINY HOMES,NULL,NULL,NULL,NULL
13043,4A9225,21395,APOGEE INDUSTRIES LLC,NULL,NULL,6,UNITED STATES (USA)
13300,H0U,21407,"ZHEJIANG VALIANT POWER TECHNOLOGY CO., LTD.",NULL,NULL,8,CHINA
13149,3P9047,21408,CAMEX BY PROMOTORA INDUSTRIAL DE  DESARRLLO S.A. DE C.V.,NULL,NULL,NULL,NULL
13085,1R9970,21409,RG VENTURES LLC DBA RACETEK TRAILERS,NULL,NULL,NULL,NULL
13046,4M9193,21411,MOBILE CONCEPTS INC.,NULL,NULL,NULL,NULL
13047,1P9885,21412,PINEY WOODS RUSTIC WORKSHOP,NULL,NULL,NULL,NULL
13081,4B9149,21415,BUCKEYE TRAILER AND FAB CO LLC,NULL,NULL,NULL,NULL
13160,1H9800,21416,HOOKER BOATWORKS LLC,NULL,NULL,NULL,NULL
13050,1Z9675,21417,QUARTERWIN FARMS LLC,NULL,NULL,6,UNITED STATES (USA)
13051,4S9629,21418,SUPER CHAMPION INC.,NULL,NULL,6,UNITED STATES (USA)
13435,7SU,21419,"THE SHYFT GROUP EV SOLUTIONS, LLC",NULL,NULL,6,UNITED STATES (USA)
13321,1G9624,21424,GETFOODTRAILERS.COM LLC,NULL,NULL,6,UNITED STATES (USA)
13056,4A9226,21425,A2M2 TRAILERS,NULL,NULL,NULL,NULL
13110,1D9892,21427,DOVE WELDING & FABRICATION,NULL,NULL,6,UNITED STATES (USA)
13097,4B9299,21431,BUONOCO MFR.,NULL,NULL,6,UNITED STATES (USA)
13065,1Z9535,21432,ON THE WATER INNOVATIONS LLC,NULL,NULL,NULL,NULL
3813,1M9284,21434,"GRATIMAX, LLC DBA MCELRATH TRAILERS",NULL,NULL,6,UNITED STATES (USA)
13069,1G9615,21434,"GRATIMAX, LLC DBA MCELRATH TRAILERS",NULL,NULL,NULL,NULL
13077,1H9790,21436,"HIGH LEVEL ENTERPRISES, INC.",NULL,NULL,6,UNITED STATES (USA)
13072,1J9535,21437,JHB INC. DBA FROLIK CARGO CAMPERS,NULL,NULL,NULL,NULL
13281,4S9489,21438,SUPERFORMANCE LLC,NULL,NULL,6,UNITED STATES (USA)
13073,1H9789,21439,HOOK-UPS TRAILERS INC.,NULL,NULL,NULL,NULL
13078,3K9004,21442,"KPE COMERCIALIZADORA AGROPECUARIA DEL NOROESTE, S.A. DE C.V.",NULL,NULL,12,MEXICO
13162,3J9091,21443,JJ REMOLQUES EN RENTA SA DE CV,NULL,NULL,NULL,NULL
12458,1G9545,21444,VICINITY MOTOR (BUS) USA CORP,NULL,NULL,6,UNITED STATES (USA)
13074,7TP,21446,METALCRAFT OF MAYVILLE INC.,NULL,NULL,6,UNITED STATES (USA)
13079,1J9538,21448,JOURNEY RV LLC,NULL,NULL,6,UNITED STATES (USA)
13089,1J9536,21449,J AND S OILFIELD SERVICES,NULL,NULL,NULL,NULL
13080,7R5,21452,DM TRAILERS,NULL,NULL,NULL,NULL
13092,3GJ,21454,HECTOR ALEJANDRO MENCHACA GUAJARDO,NULL,NULL,NULL,NULL
13427,7T1,21456,BOSS MOTOR INC.,NULL,NULL,6,UNITED STATES (USA)
13082,1R9975,21459,RILEY INDUSTRIAL SERVICES INC.,NULL,NULL,6,UNITED STATES (USA)
13154,1W9670,21462,WHITEY EXTERIORS,NULL,NULL,NULL,NULL
13086,1L9646,21463,LOS SAUCES WELDING,NULL,NULL,NULL,NULL
13087,1J9539,21464,JF TRAILERS LLC,NULL,NULL,NULL,NULL
13108,4S9634,21465,SYLVER MOTOR CORPORATION,NULL,NULL,6,UNITED STATES (USA)
13174,7TL,21466,ELITE ELECTRIC VEHICLES LLC,NULL,NULL,6,UNITED STATES (USA)
13115,4M9196,21468,MJ TEXAS TRAILERS LLC,NULL,NULL,6,UNITED STATES (USA)
13120,1R9962,21469,ROCKET MARINE INC.,NULL,NULL,NULL,NULL
13116,1H9801,21470,HOLT CAT,NULL,NULL,NULL,NULL
13091,1H9768,21471,HY-FLEX CORPORATION,NULL,NULL,6,UNITED STATES (USA)
13093,4S9631,21479,SOUTHERN GRACE STEEL FABRICATION LLC,NULL,NULL,6,UNITED STATES (USA)
13122,1J9543,21480,J & J TRAILER REPAIR,NULL,NULL,6,UNITED STATES (USA)
13099,1J9541,21482,JOEBED LLC,NULL,NULL,6,UNITED STATES (USA)
13100,7SF,21483,PINES MANUFACTURING LLC,NULL,NULL,6,UNITED STATES (USA)
13101,1N9420,21484,NEVAREZ CO LLC,NULL,NULL,NULL,NULL
13106,1Z9653,21488,FOUR DEGREE TRAILER COMPANY,NULL,NULL,6,UNITED STATES (USA)
13102,1Z9676,21490,OUT OF BOUNDS TRAILERS,NULL,NULL,NULL,NULL
13125,1P9887,21491,PATRIOT TRAILER,NULL,NULL,NULL,NULL
13103,4S9628,21492,SNO TRAILERS,NULL,NULL,6,UNITED STATES (USA)
13109,R75,21502,ANCHI MOTORCYCLE TECHNOLOGY LIMITED,NULL,NULL,57,HONG KONG
13112,3F7,21503,ASCEND INDUSTRIES S.A. DE C.V.,NULL,NULL,12,MEXICO
13114,3AM,21505,"INDUSTRIAS KUZZY DE MEXICO, S.A DE C.V.",NULL,NULL,NULL,NULL
13167,6K9718,21506,INFRAVISION PTY LTD,NULL,NULL,14,AUSTRALIA
13138,3R9050,21507,REMOLQUES JARSA S.A. DE C.V.,NULL,NULL,NULL,NULL
13161,1F9559,21510,FAUDOA TACO CARTS & TRAILERS LLC,NULL,NULL,NULL,NULL
13203,4A9231,21515,AMBERS MOBILE PET SALONS INC,NULL,NULL,NULL,NULL
14110,1P9884,21516,PIKE OUTDOOR LLC,NULL,NULL,NULL,NULL
13278,1E9673,21517,ENCORE RV LLC,NULL,NULL,6,UNITED STATES (USA)
13933,7XF,21517,ENCORE RV LLC,NULL,NULL,NULL,NULL
13117,2R9708,21520,TENCO INC.,NULL,NULL,NULL,NULL
13140,7TT,21521,GOODGUYS TRAILERS,NULL,NULL,NULL,NULL
13168,1L9649,21522,"LEITO & ASSOCIATES, LLC",NULL,NULL,6,UNITED STATES (USA)
13118,1R9977,21523,R VENTURE CONTRACTING,NULL,NULL,6,UNITED STATES (USA)
13119,1J9544,21525,JQ WELDING,NULL,NULL,6,UNITED STATES (USA)
13307,4C9652,21527,"CAHILL SERVICES OPERATING, LLC",NULL,NULL,6,UNITED STATES (USA)
13129,7TJ,21534,"PROFORM TRAILERS, INC",NULL,NULL,NULL,NULL
13124,1U9195,21536,ULURU TRAILERS,NULL,NULL,NULL,NULL
13130,1F9558,21537,FORECAST SALES INC.,NULL,NULL,NULL,NULL
13131,4M9198,21538,MAKING AMERICAN TRAILERS LLC,NULL,NULL,NULL,NULL
13164,1H9763,21540,"HYTEC EQUIPMENT COMPANY, LLC",NULL,NULL,NULL,NULL
13152,3J9095,21544,JOSE ANTONIO GRANADOS SAUCEDO,NULL,NULL,12,MEXICO
13132,3J9090,21550,JUAN ADOLFO CANTU RODRIGUEZ,NULL,NULL,NULL,NULL
13136,R76,21552,"QINGDAO ORIENTAL SHIMAO IMPORT AND EXPORT CO.,LIMITED",NULL,NULL,NULL,NULL
13169,VA9RB1,21553,ROSENBAUER INTERNATIONAL AG,NULL,NULL,7,AUSTRIA
13144,3T9253,21556,TARENO SA DE CV,NULL,NULL,NULL,NULL
13194,HL3,21557,"ZHEJIANG LANGXIANG INDUSTRY CO.,LTD.",NULL,NULL,8,CHINA
13135,4B9144,21559,BNDTRAILERS LLC,NULL,NULL,NULL,NULL
13159,4C9653,21560,COMPASS POINT TRAILERS LLC,NULL,NULL,NULL,NULL
13151,1Z9678,21561,CENTURY DELIVERIES,NULL,NULL,NULL,NULL
13453,1F9571,21562,FGR MECHANICAL INC,NULL,NULL,NULL,NULL
13176,4C9659,21564,CAMPPAD,NULL,NULL,NULL,NULL
13170,7TY,21565,FWMOTO INC.,NULL,NULL,6,UNITED STATES (USA)
13346,7US,21565,FWMOTO INC.,NULL,NULL,NULL,NULL
13171,4M9199,21567,MAVERICK ULTIMATE MANUFACTURING,NULL,NULL,NULL,NULL
13137,1W9669,21568,WEIGHT WISE RV,NULL,NULL,NULL,NULL
13139,4A9194,21571,A&R ECONOMY CARGO TRAILERS LLC,NULL,NULL,NULL,NULL
13141,1Z9679,21572,4 BOSS TRAILER MANUFACTURING,NULL,NULL,NULL,NULL
13142,1R9969,21573,RRR CUSTOM FOOD TRAILERS LLC,NULL,NULL,NULL,NULL
13424,1J9537,21574,JT-KUSTOMS LLC,NULL,NULL,NULL,NULL
13244,4S9637,21575,"SOLAR ADVANCED WARNING SYSTEMS, INC.",NULL,NULL,NULL,NULL
13143,1E9692,21576,ET QUALITY RV,NULL,NULL,NULL,NULL
13145,4T9451,21578,TELERIC CORPORATION,NULL,NULL,NULL,NULL
13150,1N9424,21579,NORDIC LODGE INC.,NULL,NULL,NULL,NULL
13153,1W9671,21580,WELDCAT FABRICATION INC.,NULL,NULL,6,UNITED STATES (USA)
13173,1R9978,21584,RED RIVER FABRICATION,NULL,NULL,NULL,NULL
13413,4S9632,21586,"STAGHORN INDUSTRIES, LLC",NULL,NULL,NULL,NULL
13156,4C9654,21588,CARMONA PRESTIGE HOMES LLC,NULL,NULL,NULL,NULL
13185,1Z9677,21590,ZEUS ELECTRIC CHASSIS INC.,NULL,NULL,6,UNITED STATES (USA)
13157,4B9304,21591,"BOWE METAL FABRICATION & REPAIR, INC.",NULL,NULL,NULL,NULL
13264,7T0,21592,"BRINKLEY RV, LLC",NULL,NULL,6,UNITED STATES (USA)
13172,1N9425,21594,"NATIONAL TANK & EQUIPMENT, LLC",NULL,NULL,6,UNITED STATES (USA)
13209,1R9928,21595,REDLINE CUSTOM TRAILERS,NULL,NULL,6,UNITED STATES (USA)
13303,1L9651,21598,LONE PINE FABRICATION,NULL,NULL,6,UNITED STATES (USA)
13212,4M9203,21606,MOBILE PROCESSING TRAILERS AND SUPPLY,NULL,NULL,6,UNITED STATES (USA)
13175,9AD,21607,RANDON S.A IMPLEMENTOS E PARTICIPAÇÕES,NULL,NULL,NULL,NULL
13183,1Z9680,21608,"IROK TRAILERS, INC.",NULL,NULL,NULL,NULL
14198,1Z9750,21608,"IROK TRAILERS, INC.",NULL,NULL,NULL,NULL
13251,4M9201,21612,"MODERN BUGGY RV, LLC",NULL,NULL,6,UNITED STATES (USA)
13516,1W9676,21613,"WINNER CYCLES, LLC",NULL,NULL,6,UNITED STATES (USA)
13193,4B9302,21615,BIG SLACK OFF ROAD,NULL,NULL,NULL,NULL
13178,1H9802,21616,HONEST AL MFG,NULL,NULL,NULL,NULL
13664,1G9641,21619,GOOD RV EQUIPMENT INC.,NULL,NULL,NULL,NULL
13289,SA9472,21623,ARC V LTD,NULL,NULL,5,UNITED KINGDOM (UK)
13274,KN9CAU,21625,"BOGO CO., LTD.",NULL,NULL,15,SOUTH KOREA
13535,2C9318,21626,CANADIAN LOAD DIVIDER DOLLIES INC.,NULL,NULL,NULL,NULL
13186,R7M,21627,CNREALLY KNOWN CORPORATION LIMITED,NULL,NULL,57,HONG KONG
13187,R7D,21627,CNREALLY KNOWN CORPORATION LIMITED,NULL,NULL,57,HONG KONG
13188,R7E,21627,CNREALLY KNOWN CORPORATION LIMITED,NULL,NULL,57,HONG KONG
13180,1R9981,21629,R TINY HOMES LLC,NULL,NULL,6,UNITED STATES (USA)
13181,1W9639,21631,WURZBACH ELECTRONICS INC.,NULL,NULL,NULL,NULL
13182,4C9610,21632,CUSTOM FOOD TRUCKS AND REPAIR,NULL,NULL,NULL,NULL
13826,4S9677,21633,SUPERIOR CHASSIS INC,NULL,NULL,6,UNITED STATES (USA)
13184,1L9650,21635,LAWLIS MFG.,NULL,NULL,6,UNITED STATES (USA)
13192,1R9900,21638,RUSTIC MOUNTAIN HOLDINGS LLC,NULL,NULL,NULL,NULL
13354,1R9985,21639,RM THUNE LLC DBA WILKEN HOMES,NULL,NULL,NULL,NULL
13271,4C9663,21640,"COSENTINO MOTOR COMPANY, LLC",NULL,NULL,NULL,NULL
13195,4T9434,21641,TINY HOUSE RV RENTALS LLC,NULL,NULL,NULL,NULL
13076,R19018,21642,"QINGDAO TUNE IMPORT AND EXPORT CO.,LTD",NULL,NULL,8,CHINA
13213,1F9561,21643,FLOWERS CUSTOM TRAILERS & REPAIR LLC,NULL,NULL,6,UNITED STATES (USA)
14361,4A9315,21644,ADAPTIVE HUMANITY LLC,NULL,NULL,NULL,NULL
13207,4C9661,21645,"CELTIC MANUFACTURING, LLC",NULL,NULL,NULL,NULL
13190,4A9238,21646,ASHEBORO GOLF CARTS,NULL,NULL,6,UNITED STATES (USA)
13200,4S9638,21647,"SALTY RENTALS NSB, LLC",NULL,NULL,6,UNITED STATES (USA)
13279,7UN,21648,"BANDIT TRAILERS, LLC",NULL,NULL,6,UNITED STATES (USA)
13197,7U3,21650,"ELECTRIC BIKE COMPANY, LLC",NULL,NULL,NULL,NULL
13727,4A9114,21651,AMBUSH OUTDOOR PRODUCTS,NULL,NULL,6,UNITED STATES (USA)
13231,4B9311,21653,BRANDS BUILT,NULL,NULL,6,UNITED STATES (USA)
13198,1D9894,21654,DURABUILT HOMES LLC,NULL,NULL,6,UNITED STATES (USA)
13217,4A9240,21659,AIR-FLO MFG. CO. INC.,NULL,NULL,NULL,NULL
13199,4A9216,21662,ALPACAMPER INC.,NULL,NULL,6,UNITED STATES (USA)
13363,7UB,21663,BLAZER WELDING AND TRAILERS LLC,NULL,NULL,6,UNITED STATES (USA)
13201,4M9202,21666,MILLER TRAILERS,NULL,NULL,NULL,NULL
13223,4A9234,21668,ALL STATE TRAILER COMPANY,NULL,NULL,6,UNITED STATES (USA)
13202,1H9804,21671,HOLLIFIELD FABRICATION SERVICES LLC,NULL,NULL,6,UNITED STATES (USA)
13255,1Z9683,21673,"ZG TRAILERS, LLC",NULL,NULL,6,UNITED STATES (USA)
13204,1D9896,21674,DG MARSHALL ASSOCIATES,NULL,NULL,NULL,NULL
13218,1F9562,21676,FLORIDA BUILT TRAILERS LLC,NULL,NULL,NULL,NULL
13206,4C9662,21677,CIRCLE M WELD & FAB INC.,NULL,NULL,NULL,NULL
13253,1X9042,21678,XXISS CORP.,NULL,NULL,NULL,NULL
13208,1W9532,21679,WORKHORSE TRAILERS LLC,NULL,NULL,6,UNITED STATES (USA)
13460,1Z9689,21681,1488 TRAILERS,NULL,NULL,NULL,NULL
13256,1R9983,21682,RANKINS UNIQUES,NULL,NULL,NULL,NULL
13258,1R9982,21682,RANKINS UNIQUES,NULL,NULL,NULL,NULL
13859,1P9914,21683,PROPELL AMERICAN LLC,NULL,NULL,NULL,NULL
13211,1D9898,21684,DOBYS KUSTOM KARTS,NULL,NULL,6,UNITED STATES (USA)
13210,1D9897,21685,DYNAMIC DRIVES & DESIGN,NULL,NULL,6,UNITED STATES (USA)
13310,7UA,21687,RANDON NORTH AMERICA LLC,NULL,NULL,NULL,NULL
13234,R6C,21689,HENAN WEHOPE SPECIAL EQUIPMENT CO. LTD,NULL,NULL,8,CHINA
13214,4B9309,21691,BOTERO CARTS,NULL,NULL,NULL,NULL
13216,4C9660,21692,CURRY'S TRANSPORTATION SERVICES INC,NULL,NULL,NULL,NULL
13215,4A9239,21693,AMP MARINE LLC.,NULL,NULL,NULL,NULL
13226,4C9616,21694,CUBE SERIES RV,NULL,NULL,6,UNITED STATES (USA)
13222,4A9233,21698,ALWAYS DOING SOMETHING INC.,NULL,NULL,NULL,NULL
13220,1U9198,21701,UNITED AUTO MALL INC.,NULL,NULL,NULL,NULL
13262,4S9640,21702,STEEL CREEK TRAILERS LLC,NULL,NULL,NULL,NULL
13272,1W9672,21703,WALLACE FABRICATIONS LLC,NULL,NULL,6,UNITED STATES (USA)
13221,1Z9684,21704,O & R WELDING SA,NULL,NULL,NULL,NULL
13284,7UG,21706,NATIONAL TRAILER MANUFACTURING,NULL,NULL,6,UNITED STATES (USA)
13257,1G9627,21708,"GHEER BUILT, LLC",NULL,NULL,6,UNITED STATES (USA)
13225,7U5,21709,GOLF CARTS PLUS LLC,NULL,NULL,6,UNITED STATES (USA)
13240,R6J,21710,"NEWBOT (HK) CO., LIMITED",NULL,NULL,57,HONG KONG
13238,HZ2,21715,"TAIZHOU ZHILONG TECHNOLOGY CO.,LTD",NULL,NULL,8,CHINA
13254,1W9673,21716,"WOLF MANUFACTURING, LLC",NULL,NULL,NULL,NULL
13228,4S9639,21718,SOUTH FLORIDA GOLF CARTS,NULL,NULL,6,UNITED STATES (USA)
13230,1V9254,21719,VAUGHN SAN ANTONIO INC.,NULL,NULL,6,UNITED STATES (USA)
13232,4T9453,21720,TRAILER MANIA LLC,NULL,NULL,6,UNITED STATES (USA)
13233,1E9693,21721,ELECTRIC ELK LLC,NULL,NULL,6,UNITED STATES (USA)
13517,4A9244,21724,ANAMNESIS CORPORATION,NULL,NULL,6,UNITED STATES (USA)
13236,4B9307,21726,BIVOUAC OVERLAND LLC,NULL,NULL,6,UNITED STATES (USA)
13237,1A9014,21727,"ALLEN CAMPER MANUFACTURING COMPANY, INC.",NULL,NULL,6,UNITED STATES (USA)
13250,4A9235,21728,ANVIL TRAILER COMPANY,NULL,NULL,NULL,NULL
13292,7UE,21729,ALL WORLD TRAILERS LLC,NULL,NULL,NULL,NULL
13241,4M9200,21731,MIDWEST TRAILERS LLC,NULL,NULL,NULL,NULL
13252,1R9984,21735,ROQUE TRAILERS LLC,NULL,NULL,NULL,NULL
13311,4C9665,21736,CT INDUSTRIES LLC,NULL,NULL,NULL,NULL
13332,1K9427,21738,"KIRILA FIRE TRAINING FACILITIES, INC.",NULL,NULL,6,UNITED STATES (USA)
13248,4B9298,21739,BRAHMA TRAILER LLC,NULL,NULL,NULL,NULL
13249,7U8,21740,IRON STAR MANUFACTURING INC.,NULL,NULL,NULL,NULL
13361,7UJ,21746,RYVID INC,NULL,NULL,NULL,NULL
9222,1M9933,21747,EW2 II LLC   DBA MOBILE CONCEPTS SPECIALTY VEHICLES,NULL,NULL,6,UNITED STATES (USA)
13277,1H9809,21749,HERITAGE FABRICATION INC.,NULL,NULL,NULL,NULL
13260,1H9807,21750,HIT TRAILERS LLC,NULL,NULL,NULL,NULL
13265,4S9644,21754,SERENDIPITOUS ENDEAVORS LLC,NULL,NULL,6,UNITED STATES (USA)
13263,4S9645,21756,SOUTHERN MADE TRAILERS AND EQUIPMENT,NULL,NULL,NULL,NULL
13369,LA9SYL,21758,"HENAN MOBO ELECTRIC TECHNOLOGY CO., LTD.",NULL,NULL,NULL,NULL
13318,R2X,21761,"HK PUVITER INTERNATIONAL CO., LIMITED",NULL,NULL,8,CHINA
13266,R77,21766,"QINGDAO SEAHISUN TRAILER TECHNOLOGY CO., LIMITED",NULL,NULL,8,CHINA
13473,SE3,21767,REDWOOD GLOBAL LTD,NULL,NULL,5,UNITED KINGDOM (UK)
13302,4T9460,21768,TERRAROVER OVERLAND COMPANY,NULL,NULL,NULL,NULL
13270,4A9243,21769,ACE METALWORKS LLC,NULL,NULL,NULL,NULL
13267,1U9200,21775,USA CHASSIS,NULL,NULL,NULL,NULL
13290,4C9664,21776,COUGER MANUFACTURING LLC,NULL,NULL,6,UNITED STATES (USA)
13276,R2W,21783,"SMARDA INDUSTRY & TRADE CO., LIMITED",NULL,NULL,8,CHINA
13312,1J9550,21786,JJM TRAILERS LLC,NULL,NULL,NULL,NULL
13529,4C9658,21788,CHARACTER CARTS LLC,NULL,NULL,NULL,NULL
13275,4T9458,21790,THINK BIG TRAILERS LLC,NULL,NULL,6,UNITED STATES (USA)
13314,1L9562,21791,"LANCASTER LOG CABINS, LLC",NULL,NULL,6,UNITED STATES (USA)
13408,4B9324,21792,BODINE WELDING & FABRICATION LLC,NULL,NULL,6,UNITED STATES (USA)
13345,7UM,21793,GRANITE INDUSTRIES,NULL,NULL,6,UNITED STATES (USA)
13293,4T9463,21794,"TROYER BROTHERS, INC.",NULL,NULL,6,UNITED STATES (USA)
13331,4S9648,21795,"SPARTAN EV, LLC",NULL,NULL,NULL,NULL
13282,RMT,21798,TAN THANH TRADING MECHANIC CORPORATION,NULL,NULL,38,VIETNAM
13360,LA9CLW,21799,"CHENGLI SPECIAL AUTOMOBILE CO.,LTD",NULL,NULL,8,CHINA
13280,4S9646,21801,STREET TRAILERS,NULL,NULL,6,UNITED STATES (USA)
13333,1W9661,21803,"WHITEHEAD CONSTRUCTION, INC.",NULL,NULL,NULL,NULL
13283,1V9256,21809,V&J TRAILERS,NULL,NULL,6,UNITED STATES (USA)
13396,7UW,21810,HIMOINSA POWER SYSTEMS,NULL,NULL,6,UNITED STATES (USA)
13494,2DG,21812,ARMORTECK INC.,NULL,NULL,NULL,NULL
13544,2DD,21814,IDEAL CARGO INC,NULL,NULL,1,CANADA
13286,3C9249,21819,CONSORCIO INDUSTRIAL DE MANUFACTURAS SJ DE FRONTERA S.A. DE C.V.,NULL,NULL,NULL,NULL
13294,1S9903,21822,SUNSET CHOPPERS INC.,NULL,NULL,NULL,NULL
13477,3F9033,21823,FRANCISCO YANES PUIGBO,NULL,NULL,12,MEXICO
13304,3G9034,21825,GERHARD BLATZ BULHER DBA REMOLQUES DEL CORREDR,NULL,NULL,12,MEXICO
13287,3H9019,21826,HANIA ELIZA GUERRA HADDAD,NULL,NULL,NULL,NULL
13661,6K9950,21827,HARVEY TECHNOLOGY PTY LTD,NULL,NULL,NULL,NULL
13291,4T9462,21829,TRIPLE X TRAILERS LLC,NULL,NULL,NULL,NULL
13295,1R9987,21831,ROSE CITY CANOPY INC.,NULL,NULL,NULL,NULL
13362,1K9426,21832,"KSI CONVEYORS, INC",NULL,NULL,NULL,NULL
13334,1R9995,21833,"RGN MANUFACTURING SERVICES, PLLC",NULL,NULL,NULL,NULL
13297,1H9806,21834,HITCH KING INC.,NULL,NULL,NULL,NULL
13323,1P9891,21835,P&C UNITED DISTRIBUTION,NULL,NULL,NULL,NULL
13820,SD8,21836,MOKE INTERNATIONAL LIMITED,NULL,NULL,5,UNITED KINGDOM (UK)
13368,1Z9691,21837,ODYSSEY TRAILERS LLC,NULL,NULL,NULL,NULL
13342,1P9892,21838,"PRAIRIE FIRE FABRICATION, LLC",NULL,NULL,NULL,NULL
13349,4M9206,21840,MILL SCALE LLC,NULL,NULL,NULL,NULL
13308,4S9649,21841,SOUTHWEST IRRIGATION,NULL,NULL,NULL,NULL
13403,1G9629,21842,"GOODWATER TINY HOMES, LLC",NULL,NULL,6,UNITED STATES (USA)
13357,7NS,21843,GRANDVIEW SALES,NULL,NULL,NULL,NULL
13305,4S9643,21844,SABER TRAILERS,NULL,NULL,NULL,NULL
13518,4B9316,21845,"BENCHMARK, INC.",NULL,NULL,NULL,NULL
13450,1Z9694,21846,IRONCLAD FABRICATION LLC,NULL,NULL,NULL,NULL
13313,1P9890,21848,PERFORMANCE ASSEMBLY SOLUTIONS LLC,NULL,NULL,NULL,NULL
13338,4M9207,21849,MID TOWN TRAILERS LLC,NULL,NULL,NULL,NULL
13315,1R9991,21851,"RAD RYDZ, LLC",NULL,NULL,6,UNITED STATES (USA)
13319,4A9245,21853,ASTON METAL ART,NULL,NULL,6,UNITED STATES (USA)
13316,1R9990,21854,RO7 SERVICES LLC,NULL,NULL,NULL,NULL
13341,4A9241,21855,ALPHA CARGO TRAILERS LLC.,NULL,NULL,NULL,NULL
14033,1L9671,21857,"LIVE MORE CAMPERVANS, LLC",NULL,NULL,6,UNITED STATES (USA)
13347,4C9667,21861,CRATEBOX MANUFACTURING,NULL,NULL,6,UNITED STATES (USA)
13771,3A9319,21865,QUSEM DEL NORTE,NULL,NULL,12,MEXICO
2222,JS1,21871,SUZUKI MOTOR CORPORATION,NULL,NULL,3,JAPAN
13322,1G9522,21874,GALE MARINE LLC,NULL,NULL,6,UNITED STATES (USA)
13320,1G9632,21878,GABRIEL'S WELDING & TRUCK BODY,NULL,NULL,6,UNITED STATES (USA)
13352,3FJ,21879,EAST TEXAS TRAILERS S.A. DE C.V.,NULL,NULL,NULL,NULL
13324,3FH,21881,"HUNTER TRAILERS, S.A. DE C.V.",NULL,NULL,NULL,NULL
13358,V39AB8,21882,BUGATTI RIMAC D.O.O.,NULL,NULL,NULL,NULL
13327,1W9674,21883,"WESTGEN POWER SOLUTIONS, INC.",NULL,NULL,NULL,NULL
13326,1R9989,21887,ROAD TRAMPS MC,NULL,NULL,NULL,NULL
13336,1E9696,21888,"ELITE RETREAT HOMES, LLC",NULL,NULL,NULL,NULL
13343,4B9314,21890,"BOSS VAC, LLC",NULL,NULL,6,UNITED STATES (USA)
13329,1R9994,21892,RAYCO TRAILERS MANUFACTURING LLC.,NULL,NULL,NULL,NULL
13330,1Z9598,21893,"OPTIMUS INDUSTRIES, LLC",NULL,NULL,NULL,NULL
13365,1R9993,21894,RUSTIC TRAIL RV LLC,NULL,NULL,6,UNITED STATES (USA)
13340,1J9422,21896,"JETSTREAM OF HOUSTON, LLP",NULL,NULL,NULL,NULL
13367,4A9251,21897,AMERICAN INTEGRATED SECURITY GROUP,NULL,NULL,NULL,NULL
13503,2A9191,21898,ALLARD MOTOR WORKS INC.,NULL,NULL,NULL,NULL
13344,1G9633,21902,GLOBAL EV CONNECT LLC,NULL,NULL,NULL,NULL
13682,1G9648,21902,GLOBAL EV CONNECT LLC,NULL,NULL,NULL,NULL
13687,1G9649,21902,GLOBAL EV CONNECT LLC,NULL,NULL,NULL,NULL
13356,7S6,21903,ABBA TRAILERS LLC,NULL,NULL,NULL,NULL
13348,7UT,21904,BOSQUE INTEGRITY FABRICATION LLC D/B/A CELLTECH TRAILERS,NULL,NULL,6,UNITED STATES (USA)
13350,1G9631,21907,GUD MOTORSPORTS LLC,NULL,NULL,6,UNITED STATES (USA)
13353,1J9551,21910,JACOB JAYNES SALES,NULL,NULL,NULL,NULL
13432,7UZ,21911,"KAUFMAN TRAILERS GROUP, LLC",NULL,NULL,NULL,NULL
13355,1F9566,21913,FLEET TECH INC,NULL,NULL,NULL,NULL
13581,1H9805,21914,HANSEN TRAILERS LLC,NULL,NULL,6,UNITED STATES (USA)
13359,4T9457,21915,TORO DESIGN AND MANUFACTURING LLC,NULL,NULL,NULL,NULL
13376,1G9634,21916,"GLADE TOP ADVENTURES, LLC",NULL,NULL,6,UNITED STATES (USA)
14415,4S9666,21919,SOUTH COAST TRAILERS,NULL,NULL,NULL,NULL
13366,4A9250,21922,ALS WELDING & STEEL FAB,NULL,NULL,6,UNITED STATES (USA)
13400,4B9154,21928,BT TRAILERS LLC,NULL,NULL,NULL,NULL
13417,1P9893,21931,"PETERSON MANUFACTURING, LLC",NULL,NULL,6,UNITED STATES (USA)
13379,4S9652,21933,SECOND WIND TRAILERS LLC,NULL,NULL,NULL,NULL
13819,1D9901,21934,DAMON MOTORS CORPORATION,NULL,NULL,6,UNITED STATES (USA)
13388,4C9670,21935,COLE'S MASTERCRAFT DOG TRAILERS,NULL,NULL,6,UNITED STATES (USA)
13371,4B9319,21936,BEAVERFIT USA,NULL,NULL,NULL,NULL
13547,7TN,21937,CANOO TECHNOLOGIES INC.,NULL,NULL,NULL,NULL
13947,7WT,21937,CANOO TECHNOLOGIES INC.,NULL,NULL,6,UNITED STATES (USA)
13372,4T9461,21938,TRAIN VIEW WINDOW & DOOR LLC,NULL,NULL,NULL,NULL
13377,1R9992,21941,RBGL LLC,NULL,NULL,6,UNITED STATES (USA)
13375,4M9208,21942,MOTORSPORT TRAILER SPECIALISTS LLC,NULL,NULL,NULL,NULL
13428,4A9252,21943,"ADVANCED METAL PRODUCTS,INC",NULL,NULL,NULL,NULL
13381,4S9647,21945,SAGE SUPPLY INC,NULL,NULL,6,UNITED STATES (USA)
13382,4B9320,21946,BIG DADDY WELDZ,NULL,NULL,6,UNITED STATES (USA)
13383,4C9218,21947,CUSTOM MOBILE SAUNAS LLC,NULL,NULL,6,UNITED STATES (USA)
13436,4C9671,21949,ARCANE TRAILERS,NULL,NULL,6,UNITED STATES (USA)
13426,4M9213,21950,"MOSER ENGINE SERVICE, INC.",NULL,NULL,NULL,NULL
13389,4C9669,21951,CELLTECH TRAILERS LLC,NULL,NULL,NULL,NULL
14193,7XL,21951,CELLTECH TRAILERS LLC,NULL,NULL,NULL,NULL
13386,4A9249,21952,AFFORDABLE FOOD CART RENTALS LLC,NULL,NULL,6,UNITED STATES (USA)
13520,3G9061,21953,GERARDO RODRIGUEZ BENAVIDES,NULL,NULL,12,MEXICO
13990,1H9813,21957,HARBINGER MOTORS INC.,NULL,NULL,6,UNITED STATES (USA)
14429,7ZN,21957,HARBINGER MOTORS INC.,NULL,NULL,6,UNITED STATES (USA)
13738,XL9530,21958,EBUSCO HOLDING N.V.,NULL,NULL,31,NETHERLANDS
13395,VV1,21961,LECITRAILER S.A.,NULL,NULL,NULL,NULL
13550,4A9258,21962,"ALL GOOD EQUIPMENT COMPANY, LLC",NULL,NULL,6,UNITED STATES (USA)
13405,R1R,21963,"WUXI TONMA ELECTRIC VEHICLE CO.,LTD",NULL,NULL,NULL,NULL
13390,3T9251,21964,TRAILER SHOP S.A. DE C.V.,NULL,NULL,12,MEXICO
13399,3S9120,21965,SPECIALIZED TRAILERS SA DE CV,NULL,NULL,12,MEXICO
13393,3H7,21966,HORIZON TRAILERS MEXICO S DE RL DE CV,NULL,NULL,12,MEXICO
14106,4B9344,21969,"BUTTE BUILDOUTS, LLC",NULL,NULL,NULL,NULL
13415,3C9248,21970,COSMI SERVICIOS DE MANTENIMIENTO S.A. DE C.V.,NULL,NULL,12,MEXICO
13418,7V2,21971,PHOENIX BUILDING SOLUTIONS,NULL,NULL,6,UNITED STATES (USA)
13456,1H9815,21972,H&S WELDING AND FABRICATION,NULL,NULL,6,UNITED STATES (USA)
13434,4T9470,21973,TRAILER PLUS LLC,NULL,NULL,NULL,NULL
13394,7NN,21974,J & J TRAILER STAR,NULL,NULL,NULL,NULL
13629,4B9341,21976,BOUNCE BACK SERVICES,NULL,NULL,6,UNITED STATES (USA)
13608,1Z9696,21978,"I-LOAD, LLC",NULL,NULL,NULL,NULL
13636,4A9270,21979,ARBUCKLE’S HOMES TO GO INC.,NULL,NULL,NULL,NULL
13398,4B9322,21982,BLACK STAR TRAILERS,NULL,NULL,NULL,NULL
13397,4A9254,21987,ASA TRANSPORTATION LLC,NULL,NULL,6,UNITED STATES (USA)
13401,1Z9682,21988,818 CHOPPERS,NULL,NULL,6,UNITED STATES (USA)
13402,1Z9681,21988,818 CHOPPERS,NULL,NULL,6,UNITED STATES (USA)
2191,KNA,21994,KIA CORPORATION,NULL,NULL,15,SOUTH KOREA
2194,KND,21994,KIA CORPORATION,NULL,NULL,15,SOUTH KOREA
13493,4T9467,21996,"TXMFG, LLC",NULL,NULL,6,UNITED STATES (USA)
13410,3M9093,22001,MM CARROCERIAS S.A. DE C.V.,NULL,NULL,NULL,NULL
13441,3W1,22003,"WEST VALLEY, S.A. DE C.V.",NULL,NULL,NULL,NULL
13429,4S9656,22004,SELS USA LLC,NULL,NULL,6,UNITED STATES (USA)
13472,4B9325,22005,"BUCKWILD TRAILER MFG,LLC",NULL,NULL,NULL,NULL
13433,4C9672,22008,"CACHE CAMPER MFG. INC. - PALMER, AK",NULL,NULL,NULL,NULL
13425,4T9472,22009,TORRES-CASTANEDA TRAILER LLC,NULL,NULL,6,UNITED STATES (USA)
13409,HD1,22010,"WUXI DAYANG ELECTRIC TECHNOLOGY CO., LTD.",NULL,NULL,8,CHINA
13407,R41,22011,"WUXI TENGHUI ELECTRIC VEHICLES CO., LIMITED",NULL,NULL,8,CHINA
13448,KF9005,22013,BLITZ ELECTRIC MOTORS LTD.,NULL,NULL,21,ISRAEL
13510,4R9001,22015,"RV ELEMENT, LLC",NULL,NULL,6,UNITED STATES (USA)
13414,7UV,22016,RAWRR INC.,NULL,NULL,6,UNITED STATES (USA)
14798,727,22016,RAWRR INC.,NULL,NULL,6,UNITED STATES (USA)
13490,1R9791,22017,RD TRAILERS LLC,NULL,NULL,6,UNITED STATES (USA)
13411,1R9996,22018,RUFUS POWER BOATS,NULL,NULL,NULL,NULL
13412,4C9673,22020,CENLA STEEL ERECTORS INC.,NULL,NULL,6,UNITED STATES (USA)
13542,1H9814,22021,"HOLMAN & MOODY, INC",NULL,NULL,6,UNITED STATES (USA)
13471,4S9653,22022,"SCAF PAK TRAILERS, LLC",NULL,NULL,NULL,NULL
13452,1D9902,22023,DISCOVERY DESIGN TRUCK BODY AND EQUIPMENT INC.,NULL,NULL,NULL,NULL
13442,7V5,22024,"TRIME US, INC.",NULL,NULL,NULL,NULL
13437,1R9966,22025,RCM MANUFACTURING,NULL,NULL,6,UNITED STATES (USA)
13449,4T9477,22026,"TRIPLE-T CARGO TRAILERS, LLC.",NULL,NULL,NULL,NULL
13468,4M9214,22027,"MADTEX CONSTRUCTION, LLC",NULL,NULL,NULL,NULL
13446,1D9886,22028,DEEP VEE MANUFACTURING INC. DBA BOULTON BUILT,NULL,NULL,6,UNITED STATES (USA)
13420,4A9255,22030,"AUDETTE MOTORCYCLE COMPANY, LLC",NULL,NULL,NULL,NULL
13421,1D9903,22031,DRAGON TINY HOMES,NULL,NULL,NULL,NULL
13422,1N9429,22032,NATIONAL MACHINERY & FABRICATION INC.,NULL,NULL,NULL,NULL
7957,575,22033,"AMERICAN CARGO GROUP TRAILERS, LLC",NULL,NULL,6,UNITED STATES (USA)
9454,1WF,22033,"AMERICAN CARGO GROUP TRAILERS, LLC",NULL,NULL,6,UNITED STATES (USA)
11706,7KV,22033,"AMERICAN CARGO GROUP TRAILERS, LLC",NULL,NULL,6,UNITED STATES (USA)
13447,7V0,22033,"AMERICAN CARGO GROUP TRAILERS, LLC",NULL,NULL,NULL,NULL
11587,7KA,22033,"AMERICAN CARGO GROUP TRAILERS, LLC",NULL,NULL,6,UNITED STATES (USA)
11588,7K6,22033,"AMERICAN CARGO GROUP TRAILERS, LLC",NULL,NULL,6,UNITED STATES (USA)
11589,7K5,22033,"AMERICAN CARGO GROUP TRAILERS, LLC",NULL,NULL,6,UNITED STATES (USA)
11590,7K8,22033,"AMERICAN CARGO GROUP TRAILERS, LLC",NULL,NULL,6,UNITED STATES (USA)
11591,7KB,22033,"AMERICAN CARGO GROUP TRAILERS, LLC",NULL,NULL,6,UNITED STATES (USA)
11593,7KD,22033,"AMERICAN CARGO GROUP TRAILERS, LLC",NULL,NULL,6,UNITED STATES (USA)
9455,1W0,22033,"AMERICAN CARGO GROUP TRAILERS, LLC",NULL,NULL,6,UNITED STATES (USA)
9456,1W4,22033,"AMERICAN CARGO GROUP TRAILERS, LLC",NULL,NULL,6,UNITED STATES (USA)
9457,1WC,22033,"AMERICAN CARGO GROUP TRAILERS, LLC",NULL,NULL,6,UNITED STATES (USA)
11585,7KE,22033,"AMERICAN CARGO GROUP TRAILERS, LLC",NULL,NULL,6,UNITED STATES (USA)
11586,7KC,22033,"AMERICAN CARGO GROUP TRAILERS, LLC",NULL,NULL,6,UNITED STATES (USA)
13423,4T9473,22035,TITAN TRUSS TRAILERS LLC,NULL,NULL,NULL,NULL
13470,1U9204,22036,US 281 TRUCK & TRAILER SALES LLC,NULL,NULL,NULL,NULL
13438,1L9654,22039,"LILLIBRIDGE METAL CRAFT, LLC",NULL,NULL,6,UNITED STATES (USA)
13440,3H5,22044,HELENA SUDERMAN NEUDROF Y/O FABRICA DE TUBOS Y REMOLQUES EL AGUILA 602,NULL,NULL,NULL,NULL
13430,1F9568,22046,FREEDOM BUILDERS,NULL,NULL,NULL,NULL
13431,1G9635,22047,GROUP LOS ANDES INC.,NULL,NULL,NULL,NULL
3492,LCE,22051,"ZHEJIANG CFMOTO POWER CO., LTD",NULL,NULL,8,CHINA
13549,R5C,22052,"(HONG KONG) SUMEC CO, LTD",NULL,NULL,57,HONG KONG
13457,R4X,22055,FUTENGDA VEHICLE(HK) LIMITED,NULL,NULL,57,HONG KONG
14007,1V9258,22056,VEOLECTRA INC,NULL,NULL,NULL,NULL
13721,SC6,22059,INEOS AUTOMOTIVE LIMITED,NULL,NULL,NULL,NULL
14041,SH7,22059,INEOS AUTOMOTIVE LIMITED,NULL,NULL,5,UNITED KINGDOM (UK)
13525,ZZ3,22061,"MC MOTO, MOTOINDUSTRIJA, D.O.O.",NULL,NULL,NULL,NULL
13465,R74,22062,"MKING TECHNOLOGY (HONGKONG) CO., LIMITED",NULL,NULL,57,HONG KONG
13867,RA9007,22063,NAFFCO FZCO,NULL,NULL,213,UNITED ARAB EMIRATES
13476,9F5,22065,ROMARCO S.A.S.,NULL,NULL,34,COLOMBIA
13486,3S9100,22067,SULTANA CARROCERIAS S.A. DE C.V.,NULL,NULL,NULL,NULL
14175,TA9144,22068,TUNING FACTORY GMBH,NULL,NULL,50,SWITZERLAND
13443,HL4,22075,"ZHEJIANG MORINI VEHICLE CO.,LTD.",NULL,NULL,8,CHINA
13444,4T9469,22079,TAILWIND DESIGNS INC.,NULL,NULL,NULL,NULL
13451,50T,22080,INNOVA EV INC.,NULL,NULL,NULL,NULL
13445,4S9655,22082,SHERPA TRAILERS LTD,NULL,NULL,6,UNITED STATES (USA)
13479,1E9690,22083,ECOCAR INC.,NULL,NULL,NULL,NULL
14824,1Z9714,22084,ICONIC AUTOMOTIVE BRANDS LLC,NULL,NULL,6,UNITED STATES (USA)
13488,4A9260,22088,ATC TRAILERS LLC,NULL,NULL,6,UNITED STATES (USA)
13480,1F9573,22091,FOURMEN MFG,NULL,NULL,NULL,NULL
13508,4T9482,22094,"TUSKY, LLC",NULL,NULL,6,UNITED STATES (USA)
13454,LA9LYB,22099,WEICHAI YANGZHOU YAXING COMMERICIAL VEHICLE CO LTD,NULL,NULL,8,CHINA
13478,3T9254,22102,TTNMX S. DE R.L. DE C.V..,NULL,NULL,NULL,NULL
13463,7VA,22103,"FLEX TRAILERS, INC.",NULL,NULL,NULL,NULL
13474,7VD,22104,TOWYO L.L.C,NULL,NULL,6,UNITED STATES (USA)
13455,4S9658,22105,SOUTHLAND GOLF CART,NULL,NULL,NULL,NULL
13458,1D9905,22106,DISCOUNT TRAILERS USA LLC,NULL,NULL,NULL,NULL
13511,4M9217,22107,MILLER’S CABINS AND DECKS,NULL,NULL,NULL,NULL
13637,4A9259,22108,"ADVENTURE COAST, LLC",NULL,NULL,6,UNITED STATES (USA)
13459,1P9896,22109,PORTABLE CEDAR CABINS LLC,NULL,NULL,6,UNITED STATES (USA)
13628,7VN,22110,HONOR LSV,NULL,NULL,6,UNITED STATES (USA)
13536,4B9332,22112,BLACKSERIES INTELLIGENT EQUIPMENT INC.,NULL,NULL,6,UNITED STATES (USA)
13461,7VC,22113,TRUXCO TRAILERS,NULL,NULL,NULL,NULL
13469,4T9259,22115,TIMBERHAWK INC,NULL,NULL,NULL,NULL
13467,4M9205,22117,M & A HOLDINGS DBA BLACKED OUT CARTS,NULL,NULL,NULL,NULL
13475,1Z9698,22118,IEV CORPORATION,NULL,NULL,6,UNITED STATES (USA)
13481,4T9480,22120,"TRAILER SOURCES MANUFACTURER, LLC",NULL,NULL,6,UNITED STATES (USA)
13466,1W9678,22121,"WELDING WORLD, INC",NULL,NULL,NULL,NULL
13464,1H9818,22122,HIGHS WELDING AND FABRICATION,NULL,NULL,NULL,NULL
13485,1H9816,22124,HARMONY TRAILERS MANUFACTURING LLC,NULL,NULL,6,UNITED STATES (USA)
13513,1D9904,22126,DRAPERBILT LLC,NULL,NULL,6,UNITED STATES (USA)
13506,1W9679,22127,WM WELDING AND MANUFACTURING LLC,NULL,NULL,NULL,NULL
13561,1G9636,22128,GULFSIDE FABRICATORS,NULL,NULL,NULL,NULL
13491,1U9205,22131,USHI OUTDOORS LLC,NULL,NULL,6,UNITED STATES (USA)
13543,4M9216,22132,MAD YAK TRAILERS LLC,NULL,NULL,6,UNITED STATES (USA)
13484,4M9212,22134,MARWAY WELDING LLC,NULL,NULL,6,UNITED STATES (USA)
13483,4M9218,22135,MOBILE BUSINESS SPECIALIST INC.,NULL,NULL,6,UNITED STATES (USA)
13482,7VE,22136,BAKERSFIELD ONE STOP SERVICE,NULL,NULL,6,UNITED STATES (USA)
13495,1F9574,22137,"FAR-OUT TRAILER, LLC",NULL,NULL,NULL,NULL
13701,4B9333,22140,BAEZ MOTOR COMPANY,NULL,NULL,6,UNITED STATES (USA)
13501,1F9569,22141,FORTE BIMETAL,NULL,NULL,6,UNITED STATES (USA)
13492,4S9663,22143,SHELLEM SOLUTIONS LLC,NULL,NULL,6,UNITED STATES (USA)
13497,1D9906,22146,DUNN RITE FABRICATION LLC,NULL,NULL,6,UNITED STATES (USA)
13507,4B9330,22147,BACKYARD STRUCTURES LLC,NULL,NULL,NULL,NULL
14202,1E9698,22150,ELKINGTON ELECTRIC,NULL,NULL,6,UNITED STATES (USA)
13505,1W9677,22151,WARE COUNTY CARGO TRAILERS,NULL,NULL,6,UNITED STATES (USA)
13502,1F9575,22152,FINISH STRONG TRAILERS,NULL,NULL,6,UNITED STATES (USA)
13524,R7N,22158,DAYI INTELLIGENT TECHNOLOGY CO. LIMITED,NULL,NULL,57,HONG KONG
14512,4M9275,22159,MOBILE COLD SOLUTIONS LLC,NULL,NULL,NULL,NULL
13500,4B9327,22166,BIRD-IN-HAND PET STRUCTURES,NULL,NULL,NULL,NULL
13522,1R9866,22170,SALBRO LLC,NULL,NULL,NULL,NULL
13498,1N9430,22171,NOAH TRADING LLC,NULL,NULL,6,UNITED STATES (USA)
13499,1Y9046,22172,YUNJIN GROUP INC.,NULL,NULL,6,UNITED STATES (USA)
13625,4B9230,22173,BIGHORN LLC,NULL,NULL,NULL,NULL
13553,7VS,22174,LEGION ELECTRIC VEHICLES LLC,NULL,NULL,NULL,NULL
13609,1M9610,22181,MIKE GIBSON MANUFACTURING,NULL,NULL,NULL,NULL
13551,1G9639,22182,GAUTIER TRAILER COMPANY LLC,NULL,NULL,6,UNITED STATES (USA)
13527,7V8,22183,OUTLAW TRAILERS SALES LLC,NULL,NULL,6,UNITED STATES (USA)
13509,4S9331,22190,PIONEER TRUCKWELD INC,NULL,NULL,NULL,NULL
13519,R1J,22191,JIAYUAN POWER (HONG KONG) LIMITED,NULL,NULL,8,CHINA
13512,2P9099,22193,PRITCHARD METALFAB,NULL,NULL,1,CANADA
10902,458,22194,ARKANSAS BOATS LLC,NULL,NULL,6,UNITED STATES (USA)
13515,4S9642,22195,"ADVANCED SYSTEMS TECHNOLOGY SPRAYER DEPOT, LLC",NULL,NULL,6,UNITED STATES (USA)
13514,1H9811,22196,HOLSTON CREEK WELDING LLC,NULL,NULL,6,UNITED STATES (USA)
13554,1E9701,22199,ECOSTREAM RV INDUSTRIES LLC,NULL,NULL,NULL,NULL
13697,1E9706,22199,ECOSTREAM RV INDUSTRIES LLC,NULL,NULL,NULL,NULL
13523,1L9657,22201,LUXURY CUSTOM GOLF CARTS,NULL,NULL,NULL,NULL
13775,4T9495,22202,TITAN INTELLIGENCE TECHNOLOGY LLC,NULL,NULL,6,UNITED STATES (USA)
2478,SA9202,22205,MORGAN MOTOR COMPANY LIMITED,NULL,NULL,5,UNITED KINGDOM (UK)
2489,SA9A11,22205,MORGAN MOTOR COMPANY LIMITED,NULL,NULL,5,UNITED KINGDOM (UK)
2492,SA9J00,22205,MORGAN MOTOR COMPANY LIMITED,NULL,NULL,28,ENGLAND
11374,SA9004,22205,MORGAN MOTOR COMPANY LIMITED,NULL,NULL,5,UNITED KINGDOM (UK)
13552,XLW,22207,TERBERG BENSCHOP B.V.,NULL,NULL,31,NETHERLANDS
13528,4S9664,22212,SJG TRAILERS LLC.,NULL,NULL,6,UNITED STATES (USA)
13532,1Z9701,22216,"413 CABINS, LLC",NULL,NULL,NULL,NULL
13883,4B9269,22224,SKINNY GUY CAMPERS LLC,NULL,NULL,6,UNITED STATES (USA)
13557,7VH,22226,EDGE-EV,NULL,NULL,NULL,NULL
14133,4M9220,22228,"MEYERS MANX, LLC",NULL,NULL,6,UNITED STATES (USA)
14568,7ZJ,22228,"MEYERS MANX, LLC",NULL,NULL,6,UNITED STATES (USA)
13530,4A9262,22229,ADDAX OVERLAND LLC,NULL,NULL,NULL,NULL
14045,1N9441,22230,NATURES GENERATOR INC.,NULL,NULL,6,UNITED STATES (USA)
13610,4C9677,22233,CARMOTIVE LLC,NULL,NULL,NULL,NULL
13533,4S9668,22235,SNH GOLF CARTS LLC,NULL,NULL,6,UNITED STATES (USA)
13534,4S9667,22236,SODERBLOOMS LLC,NULL,NULL,NULL,NULL
13605,7VJ,22237,LINX LLC,NULL,NULL,6,UNITED STATES (USA)
13921,57B,22244,"TRAILER WORLD ACQUISITION COMPANY, LLC",NULL,NULL,6,UNITED STATES (USA)
13538,4S9665,22246,STREET LIFE CUSTOMS INC.,NULL,NULL,6,UNITED STATES (USA)
13537,1E9699,22247,"EPIC POWER SOULTIONS, LLC",NULL,NULL,6,UNITED STATES (USA)
13644,3A9209,22248,ALBERTO DIAZ MUÑOZ,NULL,NULL,12,MEXICO
13704,7WL,22256,TRAIL MAXX TRAILER SALES LLC,NULL,NULL,NULL,NULL
13702,7WH,22257,PALADIN MOTORS,NULL,NULL,6,UNITED STATES (USA)
13539,1L9659,22259,LORD TRADING LOGISTICS LLC,NULL,NULL,NULL,NULL
13743,2T9131,22262,Trailerman Trailers Limited,NULL,NULL,NULL,NULL
13540,1Z9699,22263,INSPIRE RVS LLC,NULL,NULL,NULL,NULL
13541,1J9553,22264,JELIN TRUCK AND TRAILER,NULL,NULL,6,UNITED STATES (USA)
13678,7W1,22265,OFFROAD CAMPERS LLC,NULL,NULL,6,UNITED STATES (USA)
13576,3A9316,22266,"OLISANTI, S.A. DE C.V.",NULL,NULL,12,MEXICO
13545,4M9221,22267,"M & J FAB, LLC",NULL,NULL,NULL,NULL
13546,4B9334,22268,BC COMPANIES LLC,NULL,NULL,NULL,NULL
13548,7VM,22269,SOUTHSIDE LIVESTOCK EQUIPMENT INC.,NULL,NULL,6,UNITED STATES (USA)
13584,R3W,22273,"HONG KONG RUNHORSE HOLDING CO., LIMITED",NULL,NULL,57,HONG KONG
13585,R8B,22273,"HONG KONG RUNHORSE HOLDING CO., LIMITED",NULL,NULL,57,HONG KONG
13595,4M9222,22275,MOUNTAIN VIEWS MOTORSPORTS,NULL,NULL,NULL,NULL
13556,7TZ,22280,"BOLLINGER INNOVATIONS, INC.",NULL,NULL,6,UNITED STATES (USA)
13559,7VU,22280,"BOLLINGER INNOVATIONS, INC.",NULL,NULL,6,UNITED STATES (USA)
13587,R8N,22282,HELI MOTORCYCLE TECHNOLOGY LIMITED,NULL,NULL,57,HONG KONG
13574,3TH,22283,"INLAND TRAILER, S. DE R.L. DE C.V.",NULL,NULL,12,MEXICO
13558,3EU,22286,NORSTAR TRAILERS MEXICO S DE RL DE CV,NULL,NULL,NULL,NULL
13596,3S9124,22291,SANDRA DAVALOS SANCHEZ,NULL,NULL,NULL,NULL
14399,VKD,22292,S.A.R.L. NANCY CHEVAL,NULL,NULL,NULL,NULL
13579,LA9ZGC,22294,"SHANDONG KEYU SPECIAL AOTOMOBILE MANUFACTURING CO., LTD.",NULL,NULL,8,CHINA
13592,R8C,22296,"WUXI TENGHUI INTERNATIONAL CO., LIMITED",NULL,NULL,57,HONG KONG
13611,1J9554,22302,JVS CART COMPANY LLC,NULL,NULL,NULL,NULL
13562,4A9222,22303,ATLANTIC MARINE TRAILERS,NULL,NULL,NULL,NULL
13563,1V9260,22304,VENOM EV,NULL,NULL,6,UNITED STATES (USA)
13564,4A9265,22305,ARCS AND ALLOYS,NULL,NULL,NULL,NULL
13565,4S9672,22306,SIDEWINDER FABRICATION LTD,NULL,NULL,NULL,NULL
13566,1Z9706,22307,OUTLAW TRAILERS LLC,NULL,NULL,6,UNITED STATES (USA)
13575,3NG,22309,METALIUM INDUSTRIES S. DE R.L. DE C.V.,NULL,NULL,12,MEXICO
13567,1P9900,22310,POLAR FOX OUTDOORS,NULL,NULL,6,UNITED STATES (USA)
13569,4T9491,22311,TRINITY ENTERPRISES LLC,NULL,NULL,6,UNITED STATES (USA)
13568,4T9487,22312,TRANSQUIP LLC,NULL,NULL,6,UNITED STATES (USA)
13571,1E9702,22313,ECHTHAFT TRAILERS LLC,NULL,NULL,NULL,NULL
13570,4S9671,22314,STAYMAN FABRICATION,NULL,NULL,NULL,NULL
13572,4R9007,22316,RS TRAILERS INC.,NULL,NULL,NULL,NULL
13594,1G9626,22317,"GONTIS WELDING AND FABRICATION, LLC",NULL,NULL,NULL,NULL
13573,1V9262,22318,VULCAN TRAILERS LLC,NULL,NULL,6,UNITED STATES (USA)
13614,1W9681,22320,WOODBREW LLC,NULL,NULL,NULL,NULL
13606,4T9488,22323,TEXAS METAL WORKS LTD CO,NULL,NULL,6,UNITED STATES (USA)
13577,4T9483,22325,BEST BUILT TRAILERS LLC,NULL,NULL,6,UNITED STATES (USA)
14407,4B9381,22325,BEST BUILT TRAILERS LLC,NULL,NULL,NULL,NULL
13586,2M9189,22326,6186433 MB LTD / IRONMEN INDUSTRIES,NULL,NULL,NULL,NULL
13582,4S9670,22328,STREET LEGAL CARTS,NULL,NULL,NULL,NULL
13598,4T9493,22332,TJS METAL FUSION AND FABRICATION,NULL,NULL,NULL,NULL
13578,7VW,22334,"PRS HOLDINGS, LLC.",NULL,NULL,NULL,NULL
13580,4A9267,22335,ASHLEY'S CAROLINA CARS,NULL,NULL,NULL,NULL
13590,1D9865,22338,DISCOUNT MFG CORP,NULL,NULL,NULL,NULL
13588,1P9902,22339,PEE DEE FABRICATORS INC,NULL,NULL,NULL,NULL
13589,1H9821,22340,HIGHCOUNTRY UNLIMITED LLC,NULL,NULL,NULL,NULL
13591,4B9326,22342,BLUE MOUNTAIN METALWORKS LLC,NULL,NULL,6,UNITED STATES (USA)
13642,1Y9047,22343,YELLOWSTONE TRAILERS LLC,NULL,NULL,6,UNITED STATES (USA)
13593,7V1,22346,COAST 2 COAST,NULL,NULL,NULL,NULL
13602,NR9442,22347,VERTISA CEVRE TEKNOLOJILERI INS.REK.DAN.ITH.IHR. SAN.VE TIC.LTD.STI.,NULL,NULL,13,TURKEY
13633,KL9B9E,22349,DY INNOVATE CORPORATION,NULL,NULL,NULL,NULL
13597,4B9337,22350,"BORREGO BROTHERS, INC",NULL,NULL,6,UNITED STATES (USA)
13630,4R9010,22352,"ROWAMERICA BOAT WORKS, LLC",NULL,NULL,6,UNITED STATES (USA)
13627,4T9484,22353,TRYSTAR LLC,NULL,NULL,NULL,NULL
13603,3T9055,22354,TRAYLFER S.A. DE C.V.,NULL,NULL,NULL,NULL
13641,2C9331,22355,12832429 CANADA INC.,NULL,NULL,NULL,NULL
13607,4S9676,22358,SPARTAN TECHS LLC,NULL,NULL,6,UNITED STATES (USA)
13638,1E9704,22359,EXPRESS CONCESSION TRAILERS INC.,NULL,NULL,NULL,NULL
13613,1G9645,22361,GULF COAST GOLF CARTS LLC,NULL,NULL,6,UNITED STATES (USA)
13612,4C9679,22362,CNJ TRAILER CO,NULL,NULL,6,UNITED STATES (USA)
13620,7W0,22363,KERS USA INC,NULL,NULL,NULL,NULL
13621,7VZ,22363,KERS USA INC,NULL,NULL,NULL,NULL
13615,7W2,22365,ADVENTURE MANUFACTURING LLC,NULL,NULL,6,UNITED STATES (USA)
13616,1U9208,22367,USA LOW SPEED LLC,NULL,NULL,6,UNITED STATES (USA)
13617,1P9903,22368,PILOT LSV GROUP LLC,NULL,NULL,6,UNITED STATES (USA)
13634,1Z9709,22373,ODYSSEY TEARDROPS LLC,NULL,NULL,6,UNITED STATES (USA)
13698,1L9662,22374,LAMER STREET KREATIONS CORP,NULL,NULL,NULL,NULL
13618,4B9343,22375,BOKI CONCESSION TRAILERS,NULL,NULL,6,UNITED STATES (USA)
13619,7W7,22377,TEEMAK POWER CORPORATION,NULL,NULL,6,UNITED STATES (USA)
13708,1Z9716,22378,643 ENTERPRISE,NULL,NULL,NULL,NULL
13631,1L9661,22379,LOXAHATCHEE TRAILER SALES LLC,NULL,NULL,6,UNITED STATES (USA)
13624,4C9621,22380,CANYONLAND COACH LLC,NULL,NULL,NULL,NULL
14765,1Z9697,22381,IBARRA'S FOOD TRUCK BUILDERS LLC,NULL,NULL,NULL,NULL
13626,7W8,22384,ACTIVEV LLC,NULL,NULL,NULL,NULL
13635,1H9826,22385,"HOCKLEY OILFIELD SUPPLY, LLC",NULL,NULL,NULL,NULL
13676,4C9680,22387,CORNELL PUMP COMPANY LLC,NULL,NULL,NULL,NULL
13662,4R9013,22388,ROBERSON TECHNOLOGIES LLC,NULL,NULL,6,UNITED STATES (USA)
13681,HU3,22391,"CHONGQING QIULONG TECHNOLOGY CO., LTD",NULL,NULL,8,CHINA
13632,1D9908,22393,DR FOOD TRUCKS LLC,NULL,NULL,6,UNITED STATES (USA)
13647,R2V,22396,"DOGEBOS INDUSTRIAL CO., LIMITED",NULL,NULL,57,HONG KONG
13639,R8R,22401,"SHANDONG FOCUS INDUSTRY CO., LIMITED",NULL,NULL,57,HONG KONG
13650,R8F,22403,"SKYBLUE MOTORS (HK) CO., LIMITED",NULL,NULL,57,HONG KONG
14235,KN9CGS,22405,"VESTA CO., LTD.",NULL,NULL,15,SOUTH KOREA
13648,R8M,22407,HK ULEAD VEHICLE MANUFACTURING LIMITED,NULL,NULL,8,CHINA
13663,3B9028,22408,"BEAVER TRAILERS DE MEXICO, S.A. DE C.V.",NULL,NULL,12,MEXICO
13660,MXV,22411,"IMZ-Kazakhstan, LLC",NULL,NULL,NULL,NULL
13645,4T9496,22414,THERMO KING OF FARGO,NULL,NULL,NULL,NULL
13643,4C9465,22416,CUSTOM UPFITS,NULL,NULL,6,UNITED STATES (USA)
13659,1P9907,22417,PARKER COUNTY TRAILER CO. LLC,NULL,NULL,NULL,NULL
13649,1K9433,22418,"KORU PERFORMANCE, LLC",NULL,NULL,6,UNITED STATES (USA)
13651,7WB,22419,VANDERHALL NORTH AMERICA LLC,NULL,NULL,NULL,NULL
13673,4T9485,22423,TRIPPS TRAILERS & CUSTOMS LLC.,NULL,NULL,NULL,NULL
13652,4C9678,22425,C&C MANUFACTURING CO,NULL,NULL,NULL,NULL
13654,4T9497,22426,THE CHOP SHOP,NULL,NULL,6,UNITED STATES (USA)
13655,7R0,22427,AUTUMNCREST ENTERPRISES LLC,NULL,NULL,NULL,NULL
13658,1W9686,22428,WTX CONTAINERS LLC,NULL,NULL,NULL,NULL
13723,1Z9704,22429,GULF COAST TRAILERS,NULL,NULL,NULL,NULL
13669,3D9031,22432,DAISY MARINA CASTRO,NULL,NULL,NULL,NULL
13665,1P9908,22439,PREMIER TRAILER SOLUTIONS LLC,NULL,NULL,NULL,NULL
13680,1G9647,22440,GOVIEW LLC,NULL,NULL,NULL,NULL
13670,4S9679,22441,SUPERSTAR TRAILERS,NULL,NULL,NULL,NULL
13740,4T9489,22442,DIVERSE FIBER COMMUNICATIONS,NULL,NULL,6,UNITED STATES (USA)
13672,4C9684,22443,"CALIFORNIA TINY HOUSE, INC.",NULL,NULL,NULL,NULL
13671,1L9658,22445,LARSEN AUTOMOTIVE LLC,NULL,NULL,6,UNITED STATES (USA)
13674,7WF,22447,SCORPION TRAILERS LLC,NULL,NULL,NULL,NULL
13742,1Z9707,22448,IRONSIDE FABRICATORS LLC,NULL,NULL,6,UNITED STATES (USA)
13854,1E9708,22449,"EKONO CATERING EQUIPMENT, INC.",NULL,NULL,NULL,NULL
13675,1D9909,22450,DEAD ON FAB,NULL,NULL,NULL,NULL
13824,1V9266,22454,VCARTS INC,NULL,NULL,6,UNITED STATES (USA)
13951,4B9345,22455,"BLUEWATER MARINE & DOCK SPECIALTIES, INC.",NULL,NULL,NULL,NULL
13679,4T9492,22456,T.H. TRAILERS LLC,NULL,NULL,6,UNITED STATES (USA)
13683,1C9099,22457,C&C INDUSTRIES INC.,NULL,NULL,NULL,NULL
13684,4A9273,22459,ARCHE OLIVE COMPANY LLC.,NULL,NULL,NULL,NULL
13685,4C9686,22462,"CRUCIAL, INCORPORATED",NULL,NULL,NULL,NULL
13691,1G9646,22463,GULF BAY BUILDERS,NULL,NULL,6,UNITED STATES (USA)
13813,1H9817,22464,HARD SIDE MFG LLC,NULL,NULL,6,UNITED STATES (USA)
13686,4C9651,22465,"CARGO UNITED,LLC",NULL,NULL,NULL,NULL
14457,7ZY,22465,"CARGO UNITED,LLC",NULL,NULL,NULL,NULL
13690,7WK,22468,LEAF ENERGY INC,NULL,NULL,NULL,NULL
13689,7WJ,22469,SUNDAY CARTS LLC,NULL,NULL,NULL,NULL
13969,4T9500,22470,TYPE 2 CAMPERS INC,NULL,NULL,NULL,NULL
13705,1W9687,22471,WATERCAR INC,NULL,NULL,NULL,NULL
13692,4M9225,22473,"MIDLAND TRAILER SALES & SERVICE, LLC",NULL,NULL,6,UNITED STATES (USA)
13718,4S9680,22477,"SAFTCART, INC.",NULL,NULL,NULL,NULL
13699,1M9435,22478,"MAGNOLIA TRAILERS, INC.",NULL,NULL,NULL,NULL
13695,4T9499,22479,T TOP MANUFACTURING,NULL,NULL,NULL,NULL
13693,4C9688,22480,CACI FEDERAL INC,NULL,NULL,6,UNITED STATES (USA)
13694,1E9709,22481,E-CHOPPER LLC,NULL,NULL,NULL,NULL
13720,4C9689,22482,"CEDAR CREEK BUILDERS, LLC",NULL,NULL,NULL,NULL
13735,1J9549,22486,JONES CUSTOM WELDING & FABRICATION,NULL,NULL,NULL,NULL
13925,4T9502,22488,THE SHAK FISH HOUSES LLC,NULL,NULL,6,UNITED STATES (USA)
14779,1W9684,22490,WOLFPACK MFG,NULL,NULL,6,UNITED STATES (USA)
13744,1D9910,22491,DIME LLC,NULL,NULL,6,UNITED STATES (USA)
13703,1P9898,22492,PATRIOT BOAT TRAILERS LLC,NULL,NULL,6,UNITED STATES (USA)
13700,1K9434,22494,KMX TRAILERS INC,NULL,NULL,NULL,NULL
13707,1F9555,22498,FIVE STAR BOAT TRAILERS LLC,NULL,NULL,6,UNITED STATES (USA)
13706,1L9664,22499,LOUISIANA CUSTOM ALUMINUM LLC,NULL,NULL,6,UNITED STATES (USA)
13713,4C9674,22501,"CLEGG INDUSTRIES, INC. ",NULL,NULL,NULL,NULL
13724,1Z9717,22502,I4 E-CARTS LLC,NULL,NULL,NULL,NULL
13717,1F9580,22503,"FD INTERNATIONAL, INC.",NULL,NULL,6,UNITED STATES (USA)
13709,4A9275,22505,AMERICAN INDUSTRIAL MANUFACTURING,NULL,NULL,NULL,NULL
13714,1P9910,22506,PORTABLE CAR HOIST,NULL,NULL,6,UNITED STATES (USA)
13746,4C9690,22507,COMPTANK CORPORATION,NULL,NULL,NULL,NULL
13722,1J9557,22509,"JAY MILLS CONTRACTING, INC.",NULL,NULL,NULL,NULL
13710,1L9663,22510,LSV PLUS LLC,NULL,NULL,6,UNITED STATES (USA)
13711,1F9579,22511,FIVE HUNDRED INC,NULL,NULL,6,UNITED STATES (USA)
13712,4B9336,22512,STL INDUSTRIAL LLC,NULL,NULL,6,UNITED STATES (USA)
13726,4B9271,22513,BIZNESS ON WHEELS LLC,NULL,NULL,6,UNITED STATES (USA)
14477,LYZ,22516,JINLANG SCIENCE AND TECHNOLOGY CO. LTD.,NULL,NULL,8,CHINA
13716,1F9576,22518,FOOD CARTS UNLIMITED,NULL,NULL,NULL,NULL
13715,4B9339,22519,BUILT RITE TRAILERS,NULL,NULL,6,UNITED STATES (USA)
14140,3C9164,22523,CECZA INDUSTRIAS SA,NULL,NULL,NULL,NULL
13751,7WR,22524,"NIVEL PARTS & MANUFACTURING CO., LLC",NULL,NULL,NULL,NULL
14849,71P,22526,C TRAILERS LLC,NULL,NULL,6,UNITED STATES (USA)
13737,4C9595,22526,C TRAILERS LLC,NULL,NULL,6,UNITED STATES (USA)
13719,4S9681,22527,STARK TRAILER LLC,NULL,NULL,6,UNITED STATES (USA)
13729,1W9688,22529,WHITE KNUCKLE FAB,NULL,NULL,NULL,NULL
13725,4R9018,22532,ROLL-A-HOME,NULL,NULL,NULL,NULL
13810,4A9229,22536,ATHENS OVERLAND LLC,NULL,NULL,NULL,NULL
13728,1Z9660,22537,OLYMPUS TECHNOLOGIES INC.,NULL,NULL,6,UNITED STATES (USA)
13731,1U9211,22539,"UNITED TINY HOMES, INC.",NULL,NULL,6,UNITED STATES (USA)
13752,3R9191,22547,REMOLQUES FUERTEC S. DE R.L. DE C.V.,NULL,NULL,12,MEXICO
13753,3U9009,22555,ULTRA LEASE S. DE R.L. DE C.V.,NULL,NULL,12,MEXICO
13730,1V9264,22556,VLY INC,NULL,NULL,6,UNITED STATES (USA)
13733,1D9912,22557,DOUBLE D SERVICES INC,NULL,NULL,6,UNITED STATES (USA)
13734,4R9017,22558,ROBERT W. MORGAN INC,NULL,NULL,6,UNITED STATES (USA)
13745,4T9504,22559,TERRA BIKES LLC,NULL,NULL,NULL,NULL
13747,4B9349,22560,BOX CANYON TRAILERS,NULL,NULL,6,UNITED STATES (USA)
13736,4M9227,22561,MENTRAILERS.COM LLC,NULL,NULL,6,UNITED STATES (USA)
13768,4S9682,22562,"SNYDER WELDING TECHNOLOGIES, LLC",NULL,NULL,6,UNITED STATES (USA)
13739,1D9900,22563,DY CONCRETE PUMPS INC.,NULL,NULL,NULL,NULL
13774,7TU,22564,"MOKE ASSEMBLY, LLC",NULL,NULL,NULL,NULL
14642,4M9289,22564,"MOKE ASSEMBLY, LLC",NULL,NULL,6,UNITED STATES (USA)
13839,1D9918,22566,"DECATUR ELECTRONICS, LLC",NULL,NULL,NULL,NULL
13741,4T9468,22567,"TROJAN HOSE & SUPPLY, LLC",NULL,NULL,6,UNITED STATES (USA)
13756,4S9407,22568,SUPERCAR SYSTEM,NULL,NULL,NULL,NULL
13816,1Y9048,22571,"YOUNG BROTHERZ, LLC",NULL,NULL,NULL,NULL
13754,SH3,22576,"JINHUA SUNCART VEHICLE CO., LIMITED",NULL,NULL,5,UNITED KINGDOM (UK)
13762,3L9033,22577,LOGISTICA Y TRANSPORTES LOINEX S.A. DE C.V.,NULL,NULL,12,MEXICO
13757,1U9212,22586,UNIVERSAL FOOD TRAILERS LLC,NULL,NULL,NULL,NULL
13750,1F9581,22587,FOOD TRAILER PROS,NULL,NULL,NULL,NULL
13749,1G9651,22588,GRAZING SHADE LLC,NULL,NULL,NULL,NULL
13748,1U9213,22589,"URBAN WING CO., LLC",NULL,NULL,NULL,NULL
13770,1N9435,22590,NEWTRAIL INDUSTRIES LLC,NULL,NULL,6,UNITED STATES (USA)
13778,1P9915,22591,PGT TRAILERS LLC,NULL,NULL,6,UNITED STATES (USA)
13983,H84,22594,"HANGZHOU SATURN POWER TECHNOLOGY CO., LTD.",NULL,NULL,8,CHINA
13758,3A9074,22598,INDUSTRIAS FLORES Y ASOCIADOS S.A. DE C.V.,NULL,NULL,12,MEXICO
13760,1P9911,22599,PRIME B.H. LLC,NULL,NULL,6,UNITED STATES (USA)
13759,4T9506,22600,TRUCKERS OF AMERICA LLC,NULL,NULL,6,UNITED STATES (USA)
13761,7WS,22608,VEXAS CORP.,NULL,NULL,NULL,NULL
13763,1C9140,22609,CIRCLE W TRAILERS,NULL,NULL,6,UNITED STATES (USA)
13766,1L9665,22612,LANDSEND TRAILERS,NULL,NULL,NULL,NULL
13765,7WD,22614,IRON BULL CARTS LLC,NULL,NULL,6,UNITED STATES (USA)
13769,4S9662,22622,SPEEDWAGON INDUSTRIES,NULL,NULL,6,UNITED STATES (USA)
13133,YSM,22624,POLESTAR PERFORMANCE AB,NULL,NULL,23,SWEDEN
13780,YSR,22624,POLESTAR PERFORMANCE AB,NULL,NULL,23,SWEDEN
14141,7SY,22624,POLESTAR PERFORMANCE AB,NULL,NULL,NULL,NULL
13773,4S9684,22626,SUPERIOR FLATDECKS COMPANY LLC,NULL,NULL,6,UNITED STATES (USA)
13776,1F9582,22628,FAT ELECTRIC LLC,NULL,NULL,6,UNITED STATES (USA)
13777,4A9282,22629,AMERICAS GENERATORS INC.,NULL,NULL,6,UNITED STATES (USA)
13779,1J9560,22630,JC CUSTOM WELDING & ELECTRIC INC.,NULL,NULL,NULL,NULL
13795,7PZ,22631,RBJ TRAILERS INC,NULL,NULL,6,UNITED STATES (USA)
13789,4M9229,22633,MACON WELDING AND MANUFACTURING,NULL,NULL,NULL,NULL
13784,4A9261,22634,ALL OUT CUSTOM CYCLES,NULL,NULL,NULL,NULL
13782,1Z9720,22635,INSIGHT PRODUCTS,NULL,NULL,NULL,NULL
13783,4A9266,22636,ALL OUT CUSTOM TRAILERS,NULL,NULL,NULL,NULL
13786,20E,22638,TUT CORPORATION,NULL,NULL,NULL,NULL
13787,AT5,22638,TUT CORPORATION,NULL,NULL,6,UNITED STATES (USA)
14861,4C9325,22641,GREENFIELD WELDING LLC,NULL,NULL,NULL,NULL
13788,4S9685,22642,SWIFT EV LLC,NULL,NULL,NULL,NULL
13790,1J9559,22643,JEREMY BOWLES TRAILERS LLC,NULL,NULL,NULL,NULL
13888,1L9666,22644,LONE STAR TRAILERS LLC,NULL,NULL,6,UNITED STATES (USA)
13838,4R9016,22646,R & M METALWORKS,NULL,NULL,6,UNITED STATES (USA)
13825,1P9917,22648,PLUMETTAZ AMERICA CORP,NULL,NULL,6,UNITED STATES (USA)
13827,7WX,22649,NOVA LOGIX LLC,NULL,NULL,6,UNITED STATES (USA)
13814,1F9583,22650,FUSIONZ LLC,NULL,NULL,6,UNITED STATES (USA)
13791,4T9508,22651,TRAILER UP LLC,NULL,NULL,6,UNITED STATES (USA)
13792,4A9283,22653,ARION TRAILERS INC,NULL,NULL,6,UNITED STATES (USA)
13793,4Z9723,22655,4 WIDE INDUSTRIES LLC,NULL,NULL,NULL,NULL
13794,7UY,22656,HTC GROUP LIMITED,NULL,NULL,NULL,NULL
13798,4R9021,22657,REV EV LLC,NULL,NULL,6,UNITED STATES (USA)
13852,4C9697,22659,"CAROLINA STEELWORKS, LLC",NULL,NULL,NULL,NULL
13796,1D9913,22660,DROP 2 LOAD LLC,NULL,NULL,6,UNITED STATES (USA)
13797,1F9570,22662,FIRST PHASE MARINE LLC,NULL,NULL,NULL,NULL
13801,1U9215,22663,USA TRAILER MANUFACTURERS LLC,NULL,NULL,6,UNITED STATES (USA)
13802,4T9509,22664,THE FAST FOODTRAILERS LLC,NULL,NULL,6,UNITED STATES (USA)
13806,4M9231,22666,"MAYHEM BIKE, LLC.",NULL,NULL,NULL,NULL
14672,4M9292,22666,"MAYHEM BIKE, LLC.",NULL,NULL,6,UNITED STATES (USA)
13804,RMF,22671,THACO INDUSTRIES TRAILERS AND HEAVY STEEL STRUCTURES MANUFACTURING LIMITED LIABILITY COMPANY,NULL,NULL,38,VIETNAM
13803,7X0,22672,ALL OUT CUSTOM TRAILERS AND FABRICATION LLC,NULL,NULL,NULL,NULL
13808,4T9510,22673,TRIPLE C MANUFACTURING LLC,NULL,NULL,NULL,NULL
13807,4T9450,22675,TERRAPIN TRAILERS,NULL,NULL,6,UNITED STATES (USA)
13809,4C9682,22678,CRUSE SEPTIC & TRAILER MFG,NULL,NULL,NULL,NULL
13811,1N9438,22682,NEXT LEVEL INC,NULL,NULL,6,UNITED STATES (USA)
13812,4A9276,22685,ARROWHEAD TRAILERS,NULL,NULL,NULL,NULL
13940,4R9020,22687,RIDDLE METAL WORKS,NULL,NULL,6,UNITED STATES (USA)
13842,1Z9726,22688,OFF ROAD CAPABLE TRAILERS LLC,NULL,NULL,NULL,NULL
13846,4R9022,22690,ROCKBAR ENERGY SERVICES LLC,NULL,NULL,6,UNITED STATES (USA)
13817,1J9565,22693,JUST US TINY HOMES,NULL,NULL,NULL,NULL
13818,7PW,22694,"HAWKE TRAILERS SC, INC",NULL,NULL,NULL,NULL
13828,4S9688,22695,"SNR, INC.",NULL,NULL,6,UNITED STATES (USA)
13869,1F9584,22699,FALCON TRAILERS LLC,NULL,NULL,NULL,NULL
14163,1P9925,22700,"PSC CUSTOM, LLC",NULL,NULL,6,UNITED STATES (USA)
13922,1K9435,22702,KAMMERER DYNAMICS INC.,NULL,NULL,6,UNITED STATES (USA)
13821,1K9437,22703,K AND K WELDING LLC,NULL,NULL,6,UNITED STATES (USA)
13822,4R9025,22704,REVOLUTION BUILT LLC,NULL,NULL,6,UNITED STATES (USA)
14657,54A,22705,H L ENTERPRISE INC.,NULL,NULL,NULL,NULL
13823,1S9684,22706,SWARTZ MANUFACTURING AND WELDING,NULL,NULL,6,UNITED STATES (USA)
14178,7X1,22710,"WALTON TRANSPORTATION, LLC",NULL,NULL,6,UNITED STATES (USA)
13833,SA1,22717,GREEN MESSENGER ELECTRIC VEHICLE LIMITED,NULL,NULL,5,UNITED KINGDOM (UK)
13904,4A9285,22726,AMERICAN CUSTOM TRAILERS LLC,NULL,NULL,6,UNITED STATES (USA)
14107,1K9438,22727,KINGS HOMES INC.,NULL,NULL,NULL,NULL
13860,4S9692,22728,S3E LLC SERIES 2,NULL,NULL,NULL,NULL
13829,4T9514,22730,TRIPLE H INDUSTRIES INC.,NULL,NULL,6,UNITED STATES (USA)
13841,1H9832,22732,HEKIPIA AMERICA INC.,NULL,NULL,NULL,NULL
13861,1J9563,22733,JCE TRAILERS LLC,NULL,NULL,NULL,NULL
13834,4R9027,22734,R E V INDUSTRIES LLC,NULL,NULL,6,UNITED STATES (USA)
13843,R3C,22735,"BENNENG VEHICLE INDUSTRY CO., LIMITED",NULL,NULL,8,CHINA
13889,RTJ,22741,ARABIAN METAL INDUSTRIES LTD.,NULL,NULL,NULL,NULL
13893,3A9165,22743,INDUSTRIAS ARMADORAS IARSA,NULL,NULL,12,MEXICO
8261,ZJT,22744,ITALJET S.R.L.,NULL,NULL,9,ITALY
13835,3R9014,22748,"REMOLQUES Y ADAPTACIONES MONTERREY, SA DE CV",NULL,NULL,NULL,NULL
13836,1Z9728,22749,360 CUSTOM TRAILER & SOLUTIONS LLC,NULL,NULL,NULL,NULL
13837,1U9214,22750,U.S. MOTORS CORP.,NULL,NULL,6,UNITED STATES (USA)
13840,4C9694,22753,CONSOLIDATED PUMPS AND EQUIPMENT,NULL,NULL,NULL,NULL
13857,1D9919,22754,DAVIS INDUSTRIAL GROUP LLC,NULL,NULL,6,UNITED STATES (USA)
13844,4R9026,22756,SOLA MOTORS CORP.,NULL,NULL,NULL,NULL
13845,1L9668,22758,LOWN PERFORMANCE LLC,NULL,NULL,NULL,NULL
13964,RNV,22759,KOTINOCHI JOINT STOCK COMPANY,NULL,NULL,NULL,NULL
13960,2L9162,22760,LE CARROSSIER RIVE-SUD INC.,NULL,NULL,NULL,NULL
13874,2RH,22763,ENBECK ALUMINUM PRODUCTS INC.,NULL,NULL,NULL,NULL
13871,9F9046,22768,TRACTEC SAS BIC,NULL,NULL,34,COLOMBIA
11801,RLV,22769,VIETNAM PRECISION INDUSTRIAL CO LTD,NULL,NULL,38,VIETNAM
5988,LFY,22773,"ZHEJIANG LUYUAN ELECTRIC VEHICLE CO., LTD.",NULL,NULL,8,CHINA
13997,4B9361,22774,BRIDGER FABRICATION LLC,NULL,NULL,NULL,NULL
13853,1H9833,22775,HAHNZ MFG LLC,NULL,NULL,NULL,NULL
13891,4A9280,22776,ANDREWS METAL WORKS,NULL,NULL,NULL,NULL
13847,1E9712,22777,ENERGY TREE LLC,NULL,NULL,NULL,NULL
13848,1S9542,22779,SPORT TRAIL,NULL,NULL,6,UNITED STATES (USA)
13850,1H9831,22783,HOMESTEAD STRUCTURES,NULL,NULL,NULL,NULL
14569,2A9209,22784,ALL-EQUIP REPAIR & SERVICE LTD.,NULL,NULL,NULL,NULL
13916,R62,22786,ATLANT INDUSTRY LIMITED,NULL,NULL,57,HONG KONG
13868,1D9911,22792,DAKOTA CABINS OF TEXAS,NULL,NULL,6,UNITED STATES (USA)
14047,4T9515,22793,"TEXAS SIDECAR COMPANY, LLC",NULL,NULL,NULL,NULL
13851,3GR,22794,GERHARD PETERS NEUDORF,NULL,NULL,NULL,NULL
13909,LA9KTF,22795,"GUANGDONG ECOCAMPOR VEHICLE CO., LTD.",NULL,NULL,8,CHINA
13896,SF3,22798,"GY DEVICE GROUP CO., LTD.",NULL,NULL,5,UNITED KINGDOM (UK)
13875,R3F,22799,HANSHENG INDUSTRIAL MANUFACTURING LIMITED,NULL,NULL,57,HONG KONG
13882,R3G,22799,HANSHENG INDUSTRIAL MANUFACTURING LIMITED,NULL,NULL,57,HONG KONG
13890,9F9090,22805,BISON TRUCKS S.A.S.,NULL,NULL,NULL,NULL
13876,R61,22806,HONG KONG YIESON TRAILER LIMITED,NULL,NULL,57,HONG KONG
13856,3A9311,22807,IPSE LOCOMOTIVE SA DE CV,NULL,NULL,12,MEXICO
13880,3M9014,22812,MAQUILAS Y REMOLQUES DE QUERETARO SA DE CV,NULL,NULL,12,MEXICO
13885,2M9197,22814,METAL VALLEY MANUFACTURING,NULL,NULL,NULL,NULL
13855,4C9696,22819,CJC CUSTOMS,NULL,NULL,6,UNITED STATES (USA)
13862,1Z9725,22820,"INDUSTRIAL TOOLZ, INC.",NULL,NULL,NULL,NULL
13870,4A9287,22821,APEX ENERGY SERVICES LLC,NULL,NULL,NULL,NULL
14019,6P6,22824,CCMSM MANUFACTURING PTY LTD,NULL,NULL,NULL,NULL
13903,H0N,22827,OPTRAFFIC CO.LTD,NULL,NULL,8,CHINA
13863,7X4,22828,BOSQUE INTEGRITY FABRICATION LLC D/B/A STANLEY TRAILERS,NULL,NULL,NULL,NULL
13881,R8G,22829,ORA GROUP LIMITED,NULL,NULL,57,HONG KONG
13877,W09R06,22832,RUF AUTOMOBILE GMBH,NULL,NULL,2,GERMANY
14036,H0J,22835,"SHANDONG ODES INDUSTRY CO.,LTD.",NULL,NULL,8,CHINA
13872,R2T,22842,TIME TOP INTERNATIONAL INDUSTRY LIMITED,NULL,NULL,57,HONG KONG
13864,4B9352,22843,BEATS TRAILERS LLC,NULL,NULL,6,UNITED STATES (USA)
14376,H2D,22844,"WUXI SANRAIN VEHICLE TECH CO.,LTD.",NULL,NULL,8,CHINA
13987,HA0,22845,"WUXI SUNDIRO ELECTRIC VEHICLE CO., LTD.",NULL,NULL,8,CHINA
13866,1L9669,22847,LINDE ENGINEERING NORTH AMERICA LLC,NULL,NULL,NULL,NULL
14025,L7K,22849,"ZHEJIANG FEISHEN VEHICLE INDUSTRY CO., LTD.",NULL,NULL,8,CHINA
13865,7X7,22851,MERHOW OKLAHOMA LLC,NULL,NULL,NULL,NULL
13873,4B9353,22857,BAGGETTS RETAIL TRAILER SALES,NULL,NULL,NULL,NULL
13878,4S9693,22858,SMOKEY MT GREENWAY COMPANY LLC,NULL,NULL,6,UNITED STATES (USA)
13935,9VD,22860,GREENSTAR VEHICULOS ELECTRICOS S.R.L.,NULL,NULL,51,URUGUAY
13886,2S9010,22862,BROCK LEMKO INC,NULL,NULL,NULL,NULL
14555,NP9176,22863,CAZGIR INSAAT ISI SISTEMLERI TICARET VE SANAYI A.S.,NULL,NULL,NULL,NULL
13905,3A9259,22866,ABRAHAM MENDOZA ZAPATA,NULL,NULL,12,MEXICO
13915,H1M,22867,"GREENMAN ELECTRIC VEHICLES CO, LTD",NULL,NULL,8,CHINA
14006,SE4,22870,MAEVING LIMITED,NULL,NULL,NULL,NULL
13906,2M9209,22871,METALIGNA MODULAR INC.,NULL,NULL,1,CANADA
13894,LRR,22874,"NINGBO LONGJIA POWER TECHNOLOGY CO., LTD.",NULL,NULL,8,CHINA
14445,H1N,22879,"QINGDAO ROAD ON OUTDOOR PRODUCTS CO., LTD",NULL,NULL,8,CHINA
13884,3S9132,22884,SONIA GUADALUPE RENDON MIRELES,NULL,NULL,12,MEXICO
13923,4T9516,22886,"TRIPLE B FAB, LLC",NULL,NULL,NULL,NULL
13887,3V3,22888,VEQOR S.A. DE C.V.,NULL,NULL,12,MEXICO
13902,4B9354,22892,BUSH TRAILER COMPANY LLC.,NULL,NULL,6,UNITED STATES (USA)
13907,4C9698,22893,CANYON TRAILER LLC,NULL,NULL,NULL,NULL
13892,4M9237,22894,MEGA DISTRIBUTION INT'L INC,NULL,NULL,NULL,NULL
13895,1H9822,22895,"HOMESTEAD ENTERPRISES, LLC",NULL,NULL,NULL,NULL
13966,4M9197,22896,MARINE/BOAT SERVICE & REPAIR . INC,NULL,NULL,6,UNITED STATES (USA)
14046,7X8,22905,HILLCREST TRAILERS LLC,NULL,NULL,6,UNITED STATES (USA)
13900,3R9116,22909,JEGA TRAILERS DE MEXICO SA DE CV,NULL,NULL,12,MEXICO
13901,2W9087,22914,LES ÉQUIPEMENTS WOODY INC.,NULL,NULL,1,CANADA
13914,SLJ,22915,"LUQI INTELLGENT TECHNOLOGY CO., LTD",NULL,NULL,5,UNITED KINGDOM (UK)
13897,XL9551,22916,METAAL CENTRUM DUNNING BV,NULL,NULL,31,NETHERLANDS
13919,1P9922,22919,PROPPED UP MOTORS,NULL,NULL,6,UNITED STATES (USA)
13898,1L9443,22920,"ORGANILOCK, INC.",NULL,NULL,NULL,NULL
13934,1P9927,22921,PRECISION CUSTOM SERVICES LLC,NULL,NULL,6,UNITED STATES (USA)
13899,1F9572,22922,FLIVVER ELECTRIC VEHICLES,NULL,NULL,NULL,NULL
13981,1K9436,22923,KINDIG-IT DESIGN,NULL,NULL,NULL,NULL
13908,4M9238,22925,MOSKY INDUSTRIES LLC,NULL,NULL,NULL,NULL
14029,SA9350,22928,PENDINE MOTORS LTD.,NULL,NULL,28,ENGLAND
13912,359001,22932,GRIPIN SRL,NULL,NULL,NULL,NULL
13910,4A9288,22933,ANNA TAYLOR INDUSTRIES INC.,NULL,NULL,6,UNITED STATES (USA)
13913,7XD,22935,DIABLO ELECTRIC VEHICLES,NULL,NULL,6,UNITED STATES (USA)
13917,SJ1,22936,REE AUTOMOTIVE LTD.,NULL,NULL,5,UNITED KINGDOM (UK)
14063,AAH,22937,ROUTE MANAGEMENT (PTY) LTD,NULL,NULL,10,SOUTH AFRICA
13924,7WA,22938,SCOUT MOTORS INC.,NULL,NULL,6,UNITED STATES (USA)
13918,7VV,22940,REE AUTOMOTIVE USA INC.,NULL,NULL,NULL,NULL
13965,H2E,22945,"TAIZHOU BOSHENG LOCOMOTIVE TECHNOLOGY CO.,LTD",NULL,NULL,NULL,NULL
13982,R78,22948,WANWEI ELECTRIC VEHICLE LIMITED,NULL,NULL,57,HONG KONG
14010,1P9918,22958,"POSI-PLUS USA, INC.",NULL,NULL,6,UNITED STATES (USA)
13927,4T9519,22959,TUFFY CLEANING SYSTEMS INC,NULL,NULL,NULL,NULL
14379,4A9290,22960,"ABI ATTACHMENTS, INC",NULL,NULL,NULL,NULL
13968,1N9440,22961,NOVIELLI BOAT BUILDERS INC,NULL,NULL,NULL,NULL
14062,7XZ,22962,SIERRA LSV LLC,NULL,NULL,NULL,NULL
13930,1N9436,22963,NATIONAL WELDING,NULL,NULL,NULL,NULL
13931,1L9670,22964,"LAS CASITAS, LLC",NULL,NULL,6,UNITED STATES (USA)
14211,2JB,22966,BEARCO TRAILERS INC.,NULL,NULL,1,CANADA
13932,4B9359,22969,BUILTWARE FABRICATION INC,NULL,NULL,NULL,NULL
14171,1H9842,22971,HUNT FABRICATION LLC.,NULL,NULL,6,UNITED STATES (USA)
13936,1U9216,22972,"ULTRAQUIP, LLC",NULL,NULL,NULL,NULL
13986,HG6,22973,"GUANGDONG JIANYA MOTORCYCLE TECHNOLOGY CO.,  LTD",NULL,NULL,8,CHINA
13967,3M9102,22977,"MAQUINAS Y CARROCERIAS DE LA PIEDAD, S.A. DE C.V.",NULL,NULL,12,MEXICO
13937,1P9926,22981,PURE ZERO CONSTRUCTION LLC,NULL,NULL,6,UNITED STATES (USA)
13943,1F9585,22982,FINERSON BROTHERS LLC,NULL,NULL,6,UNITED STATES (USA)
13939,7XH,22983,BLACK HAWK TRAILER CORPORATION,NULL,NULL,NULL,NULL
13938,1P9928,22984,PATOS TRAILERS LLC,NULL,NULL,NULL,NULL
13956,7XG,22985,"SILVERBACK TRAILERS, LLC",NULL,NULL,6,UNITED STATES (USA)
13941,1H9834,22987,HAUL MASTER,NULL,NULL,NULL,NULL
13942,2EP,22988,ELJO INDUSTRIES INC.,NULL,NULL,NULL,NULL
13945,4R9031,22989,ROADHOUSE CYCLES,NULL,NULL,NULL,NULL
13948,4B9358,22991,BSO HB PRODUCTS LLC,NULL,NULL,NULL,NULL
13952,1Z9695,22993,ZYBERGRAPH,NULL,NULL,NULL,NULL
13946,4S9683,22994,SNAKE RIVER LOCKERS,NULL,NULL,6,UNITED STATES (USA)
13970,4A9294,22996,ACP TRAILERS,NULL,NULL,NULL,NULL
13957,4R9030,22997,RAD DOG CUSTOMS MOTOR CORP,NULL,NULL,6,UNITED STATES (USA)
13953,4B9347,22998,BLUE BARN FOOD TRAILERS LLC,NULL,NULL,NULL,NULL
14794,7XK,22999,BOOM INTERNATIONAL HOLDINGS (USA) INC.,NULL,NULL,6,UNITED STATES (USA)
13955,1P9919,23000,PROUD TRAILERS LLC,NULL,NULL,NULL,NULL
13958,4M9235,23001,MFT CONSULTING INC,NULL,NULL,NULL,NULL
13959,1Z9730,23002,IRON HORSE CUSTOMS LLC,NULL,NULL,NULL,NULL
13962,1G9655,23005,GCP USA GROUP INC,NULL,NULL,NULL,NULL
14004,7WG,23006,FUEL HOG TRAILERS LLC,NULL,NULL,NULL,NULL
14089,7Y1,23009,F&F FABRICATION AND TRAILERS LLC,NULL,NULL,NULL,NULL
14009,7XB,23011,DENAGO EV CORPORATION,NULL,NULL,6,UNITED STATES (USA)
13975,4A9297,23013,"AIRLITE TRAILERS, LLC",NULL,NULL,6,UNITED STATES (USA)
13961,1E9711,23014,ELKHART TRAILER COMPANY,NULL,NULL,NULL,NULL
13995,4A9296,23016,A.V. TRAILERS L.L.C.,NULL,NULL,NULL,NULL
13971,1W9685,23017,WILDCAT CABLE SOLUTIONS LLC,NULL,NULL,NULL,NULL
13963,7XJ,23018,BUILTTRAILERS,NULL,NULL,NULL,NULL
14012,4M9240,23021,MIDWESTERN MANUFACTURING COMPANY,NULL,NULL,6,UNITED STATES (USA)
14018,4R9023,23025,"ROCKETRUCK, INC.",NULL,NULL,NULL,NULL
14001,3TZ,23032,"TALLERES ZUBIRIA, S.A. DE C.V.",NULL,NULL,12,MEXICO
14701,1Z9732,23036,"ON-SITE INDUSTRIAL PRODUCTS, LLC",NULL,NULL,6,UNITED STATES (USA)
13973,4B9360,23037,BIG ROCK TRAILERS,NULL,NULL,6,UNITED STATES (USA)
14483,4S9714,23038,SOUTHFIELD CLASSICS,NULL,NULL,6,UNITED STATES (USA)
14051,1P9930,23039,PILOTCAR EV INC.,NULL,NULL,NULL,NULL
13976,4T9521,23040,TEXAS TRAILER,NULL,NULL,6,UNITED STATES (USA)
13980,2TZ,23041,TRIUMPH TRAILERS CANADA,NULL,NULL,NULL,NULL
13977,V6E,23042,ARCAS TRAILER OÜ,NULL,NULL,55,ESTONIA
13998,3C9223,23043,"CARROCERIAS KAMIXO, S.A. DE C.V.",NULL,NULL,12,MEXICO
14058,LA9AKK,23044,"KUNMING PASSENGER CAR MANUFACTURING CO., LTD",NULL,NULL,8,CHINA
14008,3LT,23045,"LT MANUFACTURING, S DE RL DE CV",NULL,NULL,NULL,NULL
14000,3R9218,23047,"REFACCIONES Y REMOLQUES VENPOL, S.A. DE C.V.",NULL,NULL,12,MEXICO
13984,4R9033,23053,ROI SPECIALTIES LLC,NULL,NULL,NULL,NULL
14097,1G9656,23054,GAF TRAILERS,NULL,NULL,6,UNITED STATES (USA)
13993,4T9518,23055,THE TRAILER GUYS OF FLORIDA INC,NULL,NULL,6,UNITED STATES (USA)
13994,1G9657,23056,GARY W CLEM INC,NULL,NULL,NULL,NULL
14013,1P9931,23058,"PINTAIL MANUFACTURING CO, LLC.",NULL,NULL,6,UNITED STATES (USA)
13985,1D9922,23059,DESERT STAR MANUFACTURING INC,NULL,NULL,NULL,NULL
13988,4S9695,23060,SPARTAN TRAILERS,NULL,NULL,NULL,NULL
14082,XL9650,23063,EXPANDABLE B.V.,NULL,NULL,NULL,NULL
13992,4T9520,23066,"TRAILER SOURCE MANUFACTURING, LLC",NULL,NULL,6,UNITED STATES (USA)
13991,1N9442,23067,NORDEN WELDING AND MACHINE,NULL,NULL,6,UNITED STATES (USA)
13996,1U9217,23068,UNIQUE TRAILERS AND REPAIR,NULL,NULL,NULL,NULL
14092,3ES,23071,LOAD TRAIL MX S.A. de C.V.,NULL,NULL,12,MEXICO
13832,PAG,23072,"INTEGRATED MICRO-ELECTRONICS, INC.",NULL,NULL,167,PHILIPPINES
14048,1D9925,23073,DAKOTA EQUIPMENT MANUFACTURING INC,NULL,NULL,NULL,NULL
13999,1D9924,23074,"DISCOUNT DUMPSTERS, LLC",NULL,NULL,NULL,NULL
14002,1P9933,23077,PAPAN EXPRESS INC,NULL,NULL,NULL,NULL
14003,1L9672,23080,LULING IRON WORKS,NULL,NULL,NULL,NULL
14172,4A9299,23081,ALEMAN CUSTOM TRAILERS LLC,NULL,NULL,NULL,NULL
14109,4T9523,23082,"TURNER MACHINE CO., INC.",NULL,NULL,NULL,NULL
14022,4R9034,23083,"REY CARGO, LLC",NULL,NULL,NULL,NULL
14011,4A9300,23084,AUTOMOTIVE RESTORATION SERVICES LLC,NULL,NULL,NULL,NULL
14020,4T9524,23086,TRAILTECH LLC,NULL,NULL,6,UNITED STATES (USA)
14014,1N9443,23087,NORCOAST ASSETS INC,NULL,NULL,NULL,NULL
14016,4C9700,23088,COSTA CARTS LLC,NULL,NULL,NULL,NULL
14015,1U9218,23089,UBERDISPLAYS,NULL,NULL,NULL,NULL
14017,1P9934,23092,PARAISO GLOBAL LLC,NULL,NULL,6,UNITED STATES (USA)
14035,4T9527,23093,T & G SERVICES,NULL,NULL,6,UNITED STATES (USA)
14027,4C9701,23094,CARTIOLOGY LLC,NULL,NULL,NULL,NULL
14021,1F9586,23096,FISH TX LLC,NULL,NULL,NULL,NULL
14151,2M9166,23099,MILLROAD MANUFACTURING & SALES INC.,NULL,NULL,NULL,NULL
14028,3S9127,23100,"SERVICIOS DE FABRICACION LEM, S. DE R.L. DE C.V.",NULL,NULL,12,MEXICO
14446,LA9DC1,23101,"DACHI INTELLIGENT AUTOMOBILE(RIZHAO)CO.,LTD",NULL,NULL,NULL,NULL
14023,1K9441,23105,KCH TRAILERS,NULL,NULL,6,UNITED STATES (USA)
14024,4C9702,23106,CONCHO EQUIPMENT & SERVICES,NULL,NULL,6,UNITED STATES (USA)
14026,4T9525,23107,TEAM REFURB & SUPPORT,NULL,NULL,NULL,NULL
14162,NR9493,23109,PUTZMEISTER MAKINA SAN. VE TIC. A.S.,NULL,NULL,13,TURKEY
14031,1F9564,23113,"FORTEL TRAFFIC, INC.",NULL,NULL,NULL,NULL
14273,3C9192,23117,"CARROCERIAS TRACTO MEXICO, S.A. DE C.V.",NULL,NULL,12,MEXICO
14032,4A9301,23124,AERO PRECISION METAL WORKS LLC,NULL,NULL,6,UNITED STATES (USA)
14038,54G,23127,"SOUTH GEORGIA CARGO, LLC",NULL,NULL,NULL,NULL
14104,1D9926,23128,DARK HORSE EXPERIENTIAL LLC,NULL,NULL,NULL,NULL
14039,4T9526,23130,TUSCARORA STRUCTURES INC.,NULL,NULL,6,UNITED STATES (USA)
14034,1W9691,23131,WESTERN HWYS TRAFFIC SAFETY PRODUCTS INC,NULL,NULL,NULL,NULL
14037,4S9697,23132,SUPERIOR STORAGE TANKS & TRAILERS,NULL,NULL,NULL,NULL
14112,7WZ,23133,MOTA MOTOR LLC,NULL,NULL,6,UNITED STATES (USA)
14043,4B9272,23134,BALLISTIC MOTORS,NULL,NULL,NULL,NULL
14040,1P9935,23137,PORTACAMS LLC,NULL,NULL,NULL,NULL
14049,1V9268,23138,"VALLEYBILT TRAILER MANUFACTURING, INC.",NULL,NULL,NULL,NULL
14044,4M9243,23139,MASON INC,NULL,NULL,6,UNITED STATES (USA)
14085,MD9357,23142,BULLSTON GROUP OF INDUSTRIES,NULL,NULL,36,INDIA
14052,1Z9688,23146,"ODYSSEY DESIGN AND MANUFACTURING, INC.",NULL,NULL,NULL,NULL
14050,4C9704,23147,CAWLEY CREEK WELDING,NULL,NULL,6,UNITED STATES (USA)
14053,4T9529,23148,TRAILER MADE LLC,NULL,NULL,6,UNITED STATES (USA)
14633,7XX,23149,CELLTECH CARGO LLC,NULL,NULL,NULL,NULL
14054,7XV,23150,"STANLEY TRAILERS, LLC",NULL,NULL,6,UNITED STATES (USA)
14056,1G9659,23151,GRAND CANYON TRAILERS,NULL,NULL,NULL,NULL
14057,4B9365,23152,BOOGIE BIKES LLC,NULL,NULL,NULL,NULL
14149,1J9568,23153,JJ WELDING & FABRICATION LLC,NULL,NULL,NULL,NULL
14059,7XW,23154,SAUTTIS LLC,NULL,NULL,NULL,NULL
14060,1L9674,23155,LIEN OUTDOORS LLC,NULL,NULL,NULL,NULL
14065,1J9485,23158,JEWELL MANUFACTURING,NULL,NULL,6,UNITED STATES (USA)
14064,1E9717,23159,EVOS TECHNICAL SOLUTIONS LLC,NULL,NULL,NULL,NULL
14074,4T9531,23161,T SERIES LLC,NULL,NULL,6,UNITED STATES (USA)
14067,4T9530,23162,TANQ MOTOR LLC,NULL,NULL,6,UNITED STATES (USA)
14068,1V9243,23163,VULCANS WELDING INC,NULL,NULL,NULL,NULL
14134,1L9676,23164,LEGENDARY TRAILERS LLC,NULL,NULL,6,UNITED STATES (USA)
14128,7XU,23165,GHOSTEV CORPORATION,NULL,NULL,6,UNITED STATES (USA)
14071,3A9323,23166,ARVI TRAILERS SA DE CV,NULL,NULL,NULL,NULL
14113,4M9245,23167,METAL TANK COMPONENTS LLC,NULL,NULL,NULL,NULL
14069,4A9302,23172,ALKO MFG CORP,NULL,NULL,NULL,NULL
14073,7XY,23174,C AND R LLC,NULL,NULL,6,UNITED STATES (USA)
14116,1H9839,23177,HOOK-N-HAUL TRAILERS LLC,NULL,NULL,6,UNITED STATES (USA)
14102,1Z9735,23180,"#1 ALPINE CUSTOMS, LLC",NULL,NULL,6,UNITED STATES (USA)
14081,7Y0,23181,JMA WELDING TRAILERS LLC,NULL,NULL,6,UNITED STATES (USA)
14072,4C9582,23182,"CIRCLE A MANUFACTURING, INC.",NULL,NULL,6,UNITED STATES (USA)
14075,4C9705,23183,CARLSONS CUSTOM CREATIONS,NULL,NULL,6,UNITED STATES (USA)
14187,1F9587,23184,"FRONTIER UNLIMITED, LLC",NULL,NULL,NULL,NULL
14076,4M9246,23185,M&L ENGINE,NULL,NULL,6,UNITED STATES (USA)
14077,1E9718,23186,EVOLUTION WELDING & FABRICATION LLC,NULL,NULL,NULL,NULL
14277,1P9938,23187,"PRO-FAB TRAILERS, LLC",NULL,NULL,6,UNITED STATES (USA)
14078,4B9366,23189,BIG MO TRAILERS,NULL,NULL,NULL,NULL
14083,4B9364,23195,BOB BISSELL TRUCKING LLC,NULL,NULL,NULL,NULL
14219,1U9019,23196,"DILLS ENTERPRISES, LLC",NULL,NULL,6,UNITED STATES (USA)
14131,1E9719,23197,"EMAGINEERED SOLUTIONS, INC.",NULL,NULL,NULL,NULL
14181,4A9304,23198,GULF OF AMERICA MANUFACTURING LLC,NULL,NULL,NULL,NULL
14687,1G9680,23198,GULF OF AMERICA MANUFACTURING LLC,NULL,NULL,NULL,NULL
14084,1P9939,23199,POWER WORLD REEVOLUTION INC,NULL,NULL,NULL,NULL
14212,1P9941,23200,P2W MOTORSPORTS LLC,NULL,NULL,6,UNITED STATES (USA)
14086,1H9840,23201,HELMS FABRICATION,NULL,NULL,6,UNITED STATES (USA)
14087,4B9368,23202,BW SAUNA CO,NULL,NULL,NULL,NULL
14088,4C9706,23203,COACHWORKS1260 LLC,NULL,NULL,NULL,NULL
14091,7Y2,23204,IRON HITCH TRAILERS INC,NULL,NULL,6,UNITED STATES (USA)
14090,4S9623,23205,SILVERBACK TRAILER COMPANY,NULL,NULL,6,UNITED STATES (USA)
14093,4M9248,23206,M&RW,NULL,NULL,NULL,NULL
14144,4R9037,23208,"ROLLING, TANK AND FABRICATION, INC",NULL,NULL,6,UNITED STATES (USA)
14080,4R9035,23209,REJ CALIFORNIA GROUP INC,NULL,NULL,6,UNITED STATES (USA)
14336,4T9548,23211,TUFFSHITRAILERS LLC,NULL,NULL,6,UNITED STATES (USA)
14101,1Z9738,23212,INDY STEEL TRAILERS LLC,NULL,NULL,NULL,NULL
14095,1P9940,23213,POURTER LLC,NULL,NULL,6,UNITED STATES (USA)
14156,1Y9049,23214,YAK MASTER TRAILERS LLC,NULL,NULL,NULL,NULL
14136,4S9673,23215,SEMINOLE MOTOR SPORTS MFG. CO. LLC,NULL,NULL,6,UNITED STATES (USA)
14096,1P9943,23217,PREMIA GROUP A DIVISION OF TANK HOLDING CORP,NULL,NULL,NULL,NULL
14115,1H9843,23219,"H.I.S. FIRE AND SAFETY , LLC",NULL,NULL,6,UNITED STATES (USA)
14105,1J9570,23220,JAY'S MOBILE CARTS & TRAILERS,NULL,NULL,6,UNITED STATES (USA)
14098,1G9396,23221,GREENFIELD PRODUCTS LLC,NULL,NULL,NULL,NULL
14099,7Y5,23222,IRONWOLF TRAILERS,NULL,NULL,6,UNITED STATES (USA)
14100,7Y4,23223,LSV FIX LLC,NULL,NULL,6,UNITED STATES (USA)
14191,7Y3,23224,NUENERGY CORPORATION,NULL,NULL,6,UNITED STATES (USA)
14184,1W9694,23225,WINDING CREEK MANUFACTURING LLC,NULL,NULL,6,UNITED STATES (USA)
14255,LLJ,23230,"JIANGSU XINLING MOTORCYCLE FABRICATE CO., LTD.",NULL,NULL,8,CHINA
14180,LB7,23238,"TIBET NEW SUMMIT MOTORCYCLE CO., LTD.",NULL,NULL,8,CHINA
14103,4T9517,23242,TITAN MANUFACTURING LLC,NULL,NULL,6,UNITED STATES (USA)
14856,1V9272,23243,VOLTZ INNOVATIONS LLC,NULL,NULL,6,UNITED STATES (USA)
14108,4M9247,23244,MASTER AQUATIC DESIGN,NULL,NULL,NULL,NULL
14370,4S9700,23247,"SKYLINE MOBILITY, INC.",NULL,NULL,NULL,NULL
14152,1F9590,23248,"FIVE STAR FABRICATIONS, INC",NULL,NULL,NULL,NULL
14117,4C9708,23250,CARTS DE LUXE LLC,NULL,NULL,NULL,NULL
14114,1F9589,23253,FADING WEST HOMES,NULL,NULL,6,UNITED STATES (USA)
14132,1Z9739,23254,"3W MANUFACTURING, LLC",NULL,NULL,NULL,NULL
14125,4M9249,23255,MARINECOASTALGROUP LLC,NULL,NULL,6,UNITED STATES (USA)
14119,4M9250,23259,MIDWEST WELDING LLC,NULL,NULL,6,UNITED STATES (USA)
14120,4R9041,23260,RUGGED TOUGH TRAILERS LLC,NULL,NULL,6,UNITED STATES (USA)
14185,4T9533,23261,TRAILER REPAIR AND REBUILDING CORPORATION,NULL,NULL,6,UNITED STATES (USA)
14118,4M9251,23262,MECHANIZED CLEANING SOLUTIONS INC,NULL,NULL,NULL,NULL
14135,1K9442,23263,KEB HOMES LLC,NULL,NULL,NULL,NULL
14137,4R9042,23267,RAPTOR MFG. LLC,NULL,NULL,6,UNITED STATES (USA)
14121,1V9270,23269,VENTURE FORMATIONS LLC,NULL,NULL,6,UNITED STATES (USA)
14122,1Z9740,23270,IRON STITCH WELDING & FABRICATION,NULL,NULL,6,UNITED STATES (USA)
14123,4S9699,23271,Sapphire Automotive Group LLP,NULL,NULL,6,UNITED STATES (USA)
3846,4AP,23277,HERITAGE TRAILERS LLC,NULL,NULL,6,UNITED STATES (USA)
14124,7Y8,23277,HERITAGE TRAILERS LLC,NULL,NULL,NULL,NULL
14167,1H9844,23278,HOTSY OF WESTERN MONTANA,NULL,NULL,NULL,NULL
14126,4R9040,23280,RIVER BASIN RENTALS LLC,NULL,NULL,6,UNITED STATES (USA)
14127,1Z9741,23281,7 ENERGY LLC,NULL,NULL,NULL,NULL
14139,1S8,23282,"SUMMIT TRAILERS, LLC",NULL,NULL,6,UNITED STATES (USA)
14138,4T9535,23284,TMG FARMS LLC,NULL,NULL,6,UNITED STATES (USA)
14130,4R9044,23285,RAFTER J HOLDINGS LLC,NULL,NULL,NULL,NULL
14129,4S9701,23286,SPARTAN PERFORMANCE,NULL,NULL,NULL,NULL
14142,4T9536,23287,TEXAS PRESSURE WASHING STORE,NULL,NULL,6,UNITED STATES (USA)
14143,1P9945,23288,"PATRIOT SPECIALTY RV, LLC",NULL,NULL,NULL,NULL
14164,ZRG,23291,TAZZARI GL IMOLA SPA,NULL,NULL,9,ITALY
14145,1J9131,23292,JF TRAILERS LLC,NULL,NULL,6,UNITED STATES (USA)
14161,1R9875,23293,ROTOMIX LLC,NULL,NULL,6,UNITED STATES (USA)
14157,LJU,23294,"WUHAN LOTUS CARS CO., LTD",NULL,NULL,8,CHINA
14146,7Y6,23295,PLASTIC DEVELOPMENT GROUP LLC.,NULL,NULL,6,UNITED STATES (USA)
14147,4M9252,23297,MERIDIAN CAMERA LLC,NULL,NULL,NULL,NULL
14148,4B9369,23298,BACKSTREET SURVEILLANCE INC,NULL,NULL,NULL,NULL
14234,7YD,23299,"THE DUMP TRAILER COMPANY, LLC",NULL,NULL,NULL,NULL
14200,4A9305,23300,ARK LA TEX RESTAURANT EQUIPPERS,NULL,NULL,6,UNITED STATES (USA)
14154,1Z9715,23301,"OFFSITEK, LLC",NULL,NULL,6,UNITED STATES (USA)
14150,4S9702,23303,SCORPION MARINE INC,NULL,NULL,NULL,NULL
14231,7YE,23304,BREEZY EV LLC,NULL,NULL,6,UNITED STATES (USA)
14155,H0L,23308,"CHANGZHOU YU AN ALUMINUM WHEEL CO., LTD.",NULL,NULL,8,CHINA
14153,1Z9743,23310,ONSITE COMPANIES,NULL,NULL,6,UNITED STATES (USA)
14207,4R9043,23311,RAVENNA BOAT WORKS LLC,NULL,NULL,NULL,NULL
14381,7YA,23314,HYUNDAI MOTOR GROUP METAPLANT AMERICA,NULL,NULL,NULL,NULL
14174,1U9219,23315,URSUS CAMPERS LLC,NULL,NULL,NULL,NULL
14159,4T9522,23316,THROWING FITZ WELDING & FABRICATION LLC,NULL,NULL,6,UNITED STATES (USA)
14160,4T9538,23317,TRETTER BUILT LLC,NULL,NULL,6,UNITED STATES (USA)
14196,1N9446,23321,NEVO ELECTRIC VEHICLES LLC,NULL,NULL,6,UNITED STATES (USA)
14165,1N9445,23323,NEXT LEVEL FABRICATION,NULL,NULL,6,UNITED STATES (USA)
14169,4A9306,23328,"AABACO HOLDINGS, LTD.",NULL,NULL,NULL,NULL
14442,2P9112,23333,PASCAL INTERNATIONAL INC.,NULL,NULL,NULL,NULL
14258,4A9307,23336,A&M TRAILER LLC,NULL,NULL,NULL,NULL
14259,7YK,23336,A&M TRAILER LLC,NULL,NULL,NULL,NULL
14166,4C9714,23338,"CROSSHAIR INDUSTRIES, INC.",NULL,NULL,6,UNITED STATES (USA)
14168,1Z9745,23340,ZEBRA E-CARTS CORP,NULL,NULL,NULL,NULL
14201,3S9133,23343,STEEL X METAL TRANSFORMATION S DE RL MI,NULL,NULL,12,MEXICO
14183,V6T,23345,VERGE MOTORCYCLES OÜ,NULL,NULL,NULL,NULL
14170,4S9705,23348,SPARK SHOP LLC,NULL,NULL,NULL,NULL
14186,4B9370,23350,BIG BEAR TRAILERS LLC,NULL,NULL,6,UNITED STATES (USA)
14173,1Z9746,23351,IDEAL WELDING SOLUTIONS,NULL,NULL,6,UNITED STATES (USA)
14724,7YF,23353,ULV LLC.,NULL,NULL,6,UNITED STATES (USA)
14179,1Z9747,23356,Z TRAILERS LLC,NULL,NULL,6,UNITED STATES (USA)
2240,5FY,23357,"NEW FLYER OF AMERICA, INC.",NULL,NULL,6,UNITED STATES (USA)
14216,7YG,23358,AW CUSTOM TRAILER'S LLC,NULL,NULL,NULL,NULL
14213,4T9537,23360,TN MIDLAND CO.,NULL,NULL,6,UNITED STATES (USA)
14189,1E9722,23367,EAST COAST TREE SERVICE LLC,NULL,NULL,6,UNITED STATES (USA)
14188,1G9652,23368,GOLDEN BAR & RESTAURANT EQUIPMENT LLC.,NULL,NULL,6,UNITED STATES (USA)
14425,1K9444,23369,KOMPACT KAMP LLC,NULL,NULL,NULL,NULL
14220,1L9679,23372,"LIQUID TRANSPORT, INC",NULL,NULL,NULL,NULL
14195,1F9592,23373,FLEX SECURITY LLC.,NULL,NULL,NULL,NULL
14623,1A9853,23374,"AMERICAN MADE PRODUCTS, INC.",NULL,NULL,6,UNITED STATES (USA)
14190,1W9697,23375,WILLIAM E WILSON JR LLC,NULL,NULL,NULL,NULL
14218,R3R,23378,"ELECTRIC ALLIANCE TECHNOLOGY CO., LIMITED",NULL,NULL,57,HONG KONG
14304,4B9372,23384,BORAH MANUFACTURING LLC,NULL,NULL,NULL,NULL
14194,1Z9748,23387,2 GOLDEN EAGLES,NULL,NULL,6,UNITED STATES (USA)
14197,1W9695,23389,WAGS PET & CARGO TRAILERS LLC,NULL,NULL,NULL,NULL
14199,1H9848,23390,HEDGER TRAILER MANUFACTURING,NULL,NULL,NULL,NULL
14749,LA9GFC,23398,"SHANDONG SHODAILER AUTOMOBILE MANUFACTURING CO.,LTD",NULL,NULL,8,CHINA
14206,4A9309,23400,ALCANTAR CUSTOM TRAILERS,NULL,NULL,6,UNITED STATES (USA)
14203,4B9374,23401,NEW ERA  AUTOMOTIVE INC,NULL,NULL,6,UNITED STATES (USA)
14254,1Z9751,23403,IRON BLACKBIRD CYCLES,NULL,NULL,6,UNITED STATES (USA)
14404,4S9687,23404,SUPPLYOR LLC,NULL,NULL,NULL,NULL
14217,4R9048,23405,RADIANCE INC,NULL,NULL,NULL,NULL
14205,4A9202,23406,ASTRA STAGES LLC,NULL,NULL,6,UNITED STATES (USA)
14208,1K9439,23409,KAYLAVON ENTERPRISE LLC,NULL,NULL,NULL,NULL
14209,4M9255,23412,MISSOURI RIVER OUTDOORS LLC,NULL,NULL,6,UNITED STATES (USA)
14210,1L9680,23413,L & R FABRICATION LLC,NULL,NULL,NULL,NULL
14251,4C9715,23414,CUKS METAL RECYCLERS L.L.C.,NULL,NULL,6,UNITED STATES (USA)
14271,LA9ZBK,23418,SHANDONG XINNENG KUNGANG LIGHTWEIGHT EQUIPMENT INCORPORATED COMPANY,NULL,NULL,8,CHINA
14261,VNB,23419,SHERCO MOTORCYCLES SARL,NULL,NULL,11,FRANCE
14367,H3B,23420,"WEIFANG DREAM FLY INTELLIGENT TECHNOLOGY CO., LTD.",NULL,NULL,8,CHINA
14443,1L9681,23421,"LIGHTSHIP ENERGY, INC",NULL,NULL,6,UNITED STATES (USA)
14431,1P9947,23422,PARKER MANUFACTURING LLC,NULL,NULL,NULL,NULL
14215,1J9573,23423,JAYCO TRAILER COMPANY,NULL,NULL,NULL,NULL
14228,1J9572,23424,"J PIERSKI ENTERPRISES, LLC",NULL,NULL,6,UNITED STATES (USA)
14607,710,23424,"J PIERSKI ENTERPRISES, LLC",NULL,NULL,6,UNITED STATES (USA)
14224,4B9375,23427,BIC UNLIMITED LLC,NULL,NULL,NULL,NULL
14222,1L9678,23428,LELANDS CABINS LLC,NULL,NULL,NULL,NULL
14221,7YS,23430,PRATT UTILITY TRAILERS,NULL,NULL,NULL,NULL
14236,1F9593,23431,FOOD TRUCK DEPOT,NULL,NULL,6,UNITED STATES (USA)
14223,4R9049,23432,"RENT CO, LLC",NULL,NULL,6,UNITED STATES (USA)
14241,1F9552,23433,FRANK D ULLMAN III LLC,NULL,NULL,6,UNITED STATES (USA)
14257,7YT,23434,WINK MOTORS INC.,NULL,NULL,6,UNITED STATES (USA)
14326,1K9445,23435,KRAKEN CUSTOM MARINE,NULL,NULL,6,UNITED STATES (USA)
14229,7YP,23436,LIBERTY TRAILERS LLC,NULL,NULL,NULL,NULL
14260,1Z9734,23437,137 INDUSTRIES INC.,NULL,NULL,NULL,NULL
14230,4C9711,23438,CC WELDING & SANDBLASTING SERVICES LLC,NULL,NULL,NULL,NULL
14227,2B9301,23439,"BLACK HORSE FORESTRY TRAILERS, INC.",NULL,NULL,1,CANADA
14232,4R9051,23441,ROLLIN KITCHENS LLC,NULL,NULL,NULL,NULL
14233,1N9447,23442,NOVAMAXA LLC,NULL,NULL,NULL,NULL
14365,1K9447,23443,"KLINGER TRAILER, LLC",NULL,NULL,NULL,NULL
14238,4C9719,23446,CUTTING EDGE GOLF CARTS,NULL,NULL,NULL,NULL
14240,1Y9050,23447,YOLO TRAILERS LLC,NULL,NULL,6,UNITED STATES (USA)
14239,1HW,23449,SHAY MOTORS CORP,NULL,NULL,6,UNITED STATES (USA)
14248,1E9724,23452,ERNEST INDUSTRIES LLC,NULL,NULL,6,UNITED STATES (USA)
14286,4S9709,23454,STENTEN'S GOLF CART ACCESSORIES,NULL,NULL,NULL,NULL
14243,SCE,23456,Delorean Motor Cars Limited,NULL,NULL,5,UNITED KINGDOM (UK)
14244,16C,23457,Clenet Coachworks,NULL,NULL,6,UNITED STATES (USA)
14246,ZBB,23459,Carrozzeria Bertone Spa,NULL,NULL,9,ITALY
14250,4A9311,23460,ALUMINA TRAILERS LLC,NULL,NULL,6,UNITED STATES (USA)
14252,7YU,23461,TOMAHAWK TRAILERS LLC,NULL,NULL,6,UNITED STATES (USA)
14280,1H9849,23462,"HARVEST MOBILE BOTTLING, LLC",NULL,NULL,6,UNITED STATES (USA)
14249,102,23465,Camelot Motors,NULL,NULL,6,UNITED STATES (USA)
14405,H7Y,23467,"ZHEJIANG LEQI VEHICLE CO.,LTD",NULL,NULL,8,CHINA
2348,WD1,1146,DAIMLER CHRYSLER AG,NULL,NULL,6,UNITED STATES (USA)
2358,WD2,1146,DAIMLER CHRYSLER AG,NULL,NULL,6,UNITED STATES (USA)
2359,WD5,1146,DAIMLER CHRYSLER AG,NULL,NULL,6,UNITED STATES (USA)
3982,WD6,1146,DAIMLER CHRYSLER AG,NULL,NULL,2,GERMANY
3983,WD7,1146,DAIMLER CHRYSLER AG,NULL,NULL,6,UNITED STATES (USA)
2363,9BW,1147,"VOLKSWAGEN GROUP OF AMERICA, INC.",NULL,NULL,12,MEXICO
3038,1VW,1147,"VOLKSWAGEN GROUP OF AMERICA, INC.",NULL,NULL,6,UNITED STATES (USA)
5648,WV2,1147,"VOLKSWAGEN GROUP OF AMERICA, INC.",NULL,NULL,2,GERMANY
5840,WV3,1147,"VOLKSWAGEN GROUP OF AMERICA, INC.",NULL,NULL,2,GERMANY
5879,WV1,1147,"VOLKSWAGEN GROUP OF AMERICA, INC.",NULL,NULL,2,GERMANY
7388,1V1,1147,"VOLKSWAGEN GROUP OF AMERICA, INC.",NULL,NULL,6,UNITED STATES (USA)
7389,1V2,1147,"VOLKSWAGEN GROUP OF AMERICA, INC.",NULL,NULL,6,UNITED STATES (USA)
2360,WVW,1148,VOLKSWAGEN AG,NULL,NULL,2,GERMANY
2361,WVG,1148,VOLKSWAGEN AG,NULL,NULL,2,GERMANY
2368,TRU,1149,AUDI AG,NULL,NULL,32,HUNGARY
2369,WAU,1149,AUDI AG,NULL,NULL,2,GERMANY
2370,WA1,1149,AUDI AG,NULL,NULL,2,GERMANY
2371,WUA,1150,AUDI SPORT GMBH,NULL,NULL,2,GERMANY
12108,WU1,1150,AUDI SPORT GMBH,NULL,NULL,2,GERMANY
6706,1G9495,1151,GOOGLE AUTO LLC,NULL,NULL,6,UNITED STATES (USA)
2373,JKA,1152,"KAWASAKI MOTORS, LTD",NULL,NULL,6,UNITED STATES (USA)
2374,JKB,1152,"KAWASAKI MOTORS, LTD",NULL,NULL,6,UNITED STATES (USA)
6408,JK1,1152,"KAWASAKI MOTORS, LTD",NULL,NULL,NULL,NULL
6409,NH4,1152,"KAWASAKI MOTORS, LTD",NULL,NULL,NULL,NULL
11961,ML5,1152,"KAWASAKI MOTORS, LTD",NULL,NULL,30,THAILAND
7125,JK8,1152,"KAWASAKI MOTORS, LTD",NULL,NULL,3,JAPAN
11794,MH4,1152,"KAWASAKI MOTORS, LTD",NULL,NULL,42,INDONESIA
2390,RKR,1153,"YAMAHA MOTOR TAIWAN CO., LTD.",NULL,NULL,4,TAIWAN
2382,VNK,1155,"TOYOTA MOTOR MANUFACTURING, FRANCE, S.A.S.",NULL,NULL,11,FRANCE
2354,1W9461,1157,"WATERTRAILERS.NET, INC.",NULL,NULL,6,UNITED STATES (USA)
2355,1W9419,1158,WORKHORSE INDUSTRIES OF TEXAS,NULL,NULL,6,UNITED STATES (USA)
7224,1TS,1159,Shasta Industries LLC,NULL,NULL,6,UNITED STATES (USA)
2434,YE2,1163,VAN HOOL N.V.,NULL,NULL,NULL,NULL
2427,94M,1166,BUSSCAR ONIBUS S.A.,NULL,NULL,18,BRAZIL
2429,3CG,1168,KTMMEX SA. DE CV.,NULL,NULL,6,UNITED STATES (USA)
2430,L4V,1168,KTMMEX SA. DE CV.,NULL,NULL,NULL,NULL
7556,ZFD,1169,"FERRARI NORTH AMERICA, INC.",NULL,NULL,NULL,NULL
2443,JAL,1171,"ISUZU MOTORS LIMITED, JAPAN",NULL,NULL,3,JAPAN
2444,J8B,1171,"ISUZU MOTORS LIMITED, JAPAN",NULL,NULL,3,JAPAN
2445,J8D,1171,"ISUZU MOTORS LIMITED, JAPAN",NULL,NULL,3,JAPAN
4096,JAA,1171,"ISUZU MOTORS LIMITED, JAPAN",NULL,NULL,3,JAPAN
4097,JAB,1171,"ISUZU MOTORS LIMITED, JAPAN",NULL,NULL,3,JAPAN
4098,JAC,1171,"ISUZU MOTORS LIMITED, JAPAN",NULL,NULL,3,JAPAN
7836,J8Z,1171,"ISUZU MOTORS LIMITED, JAPAN",NULL,NULL,3,JAPAN
4099,JAM,1171,"ISUZU MOTORS LIMITED, JAPAN",NULL,NULL,3,JAPAN
4100,J81,1171,"ISUZU MOTORS LIMITED, JAPAN",NULL,NULL,3,JAPAN
4101,J87,1171,"ISUZU MOTORS LIMITED, JAPAN",NULL,NULL,1,CANADA
4102,4S1,1171,"ISUZU MOTORS LIMITED, JAPAN",NULL,NULL,6,UNITED STATES (USA)
4103,4S2,1171,"ISUZU MOTORS LIMITED, JAPAN",NULL,NULL,6,UNITED STATES (USA)
4189,JAE,1171,"ISUZU MOTORS LIMITED, JAPAN",NULL,NULL,3,JAPAN
2450,5DJ,1173,DAMON CORPORATION,NULL,NULL,NULL,NULL
6507,4R8,1173,DAMON CORPORATION,NULL,NULL,6,UNITED STATES (USA)
7661,1D9102,1173,DAMON CORPORATION,NULL,NULL,6,UNITED STATES (USA)
2480,57W,1174,AM GENERAL LLC,NULL,NULL,NULL,NULL
7481,137,1174,AM GENERAL LLC,NULL,NULL,6,UNITED STATES (USA)
2491,1Z9283,1175,O3 INDUSTRIES LLC,NULL,NULL,NULL,NULL
2502,1Z9308,1176,280 TRAILERS LLC,NULL,NULL,6,UNITED STATES (USA)
2547,1Z9366,1177,"3D CUSTOM ALUMINUM, LLC",NULL,NULL,6,UNITED STATES (USA)
2550,1Z9462,1178,3T MFG.,NULL,NULL,6,UNITED STATES (USA)
2554,1Z9303,1179,58TH STREET CUSTOMS,NULL,NULL,6,UNITED STATES (USA)
2525,2EV,1180,9013-7233 QUEBEC INC.,NULL,NULL,NULL,NULL
2503,1A9753,1181,A & E TRAILERS,NULL,NULL,6,UNITED STATES (USA)
2531,1A9935,1182,A & M FABRICATIONS LLC,NULL,NULL,6,UNITED STATES (USA)
2505,5HN,1183,"A-1 CUSTOM TRAILER MFG., INC. ",NULL,NULL,6,UNITED STATES (USA)
2520,1A9818,1184,A TO Z AUTO SALES,NULL,NULL,6,UNITED STATES (USA)
2559,1M9752,1185,A UNIQUE CARS INC.,NULL,NULL,6,UNITED STATES (USA)
2521,1A9727,1186,A & A MANUFACTURING,NULL,NULL,6,UNITED STATES (USA)
2519,1A9817,1187,"A. N. BOWLING, MFG.",NULL,NULL,6,UNITED STATES (USA)
2517,1A9781,1188,A.Q. MANUFACTURING CORP.,NULL,NULL,6,UNITED STATES (USA)
2509,1A9776,1189,"A.R.M.(U.S.A.), INC.",NULL,NULL,6,UNITED STATES (USA)
2522,1A9799,1191,A1 CYCLES INC.,NULL,NULL,6,UNITED STATES (USA)
2514,1A9953,1193,ABASTECEDORA DE TRACTOPARTES Y REFACCIONES LLC,NULL,NULL,NULL,NULL
2535,1A9815,1194,ABILITY METALS,NULL,NULL,6,UNITED STATES (USA)
2516,1A9756,1195,ABSOLUTE CONCEPTS INC.,NULL,NULL,NULL,NULL
2497,2M9182,1196,2231545 ONTARIO INC. DBA MATRIXX SPECIALIZED TRAILERS,NULL,NULL,NULL,NULL
2508,4C9246,1198,"Royalty Investments, LLC",NULL,NULL,6,UNITED STATES (USA)
2510,1C9555,1199,COUNTRY TRAILERS LLC,NULL,NULL,6,UNITED STATES (USA)
2511,4C9264,1201,"CRANEWORKS, INC.",NULL,NULL,6,UNITED STATES (USA)
2515,4C9337,1202,"CRARY AGRICULTURAL SOLUTIONS, LLC",NULL,NULL,6,UNITED STATES (USA)
2529,4C9121,1203,CRAZY DAGO CUSTOMS,NULL,NULL,6,UNITED STATES (USA)
2526,4C9238,1204,"CRAZY HORSE IRON, LLC",NULL,NULL,6,UNITED STATES (USA)
2532,1K9311,1205,CRC CEMETERY SERVICES INC.,NULL,NULL,NULL,NULL
2534,4C9149,1206,CREATE-A-CUSTOM CYCLE LLC,NULL,NULL,6,UNITED STATES (USA)
2545,4C9333,1207,"CREATIVE COACHWORKS, INC",NULL,NULL,6,UNITED STATES (USA)
2546,4C9176,1208,CREATIVE SPORTS SUPPLY LLC,NULL,NULL,6,UNITED STATES (USA)
2553,4C9115,1209,CREEP CYCLE WORKS INC.,NULL,NULL,6,UNITED STATES (USA)
2523,1C9126,1211,COUNTRY WAGON TRAILERS,NULL,NULL,6,UNITED STATES (USA)
2552,4C9052,1213,CUSTOM CHOPPERS BY OTIS,NULL,NULL,6,UNITED STATES (USA)
2575,4C9119,1214,"CUSTOM CHOPPER WERKS, INC.",NULL,NULL,6,UNITED STATES (USA)
3163,4C9017,1215,CUSTOM COMPONENTS AND STRUCTURES INC.,NULL,NULL,6,UNITED STATES (USA)
6142,4C9343,1216,CUSTOM CONCESSIONS TRAILERS,NULL,NULL,6,UNITED STATES (USA)
5008,4C9235,1217,CUSTOM CUT FABRICATION LLC,NULL,NULL,6,UNITED STATES (USA)
6141,4C9374,1218,CUSTOM CYCLE STUDIO LLC,NULL,NULL,6,UNITED STATES (USA)
6140,4C9309,1219,CUSTOM DESIGN MANUFACTURING,NULL,NULL,6,UNITED STATES (USA)
3330,4C9105,1220,"CUSTOM DESIGN, INC.",NULL,NULL,6,UNITED STATES (USA)
3417,4C9058,1221,"CUSTOM ENGINEERED PRODUCTS, LLC",NULL,NULL,6,UNITED STATES (USA)
3422,4C9117,1222,"CUSTOM EXPANSION FABRICATORS, INC.",NULL,NULL,6,UNITED STATES (USA)
3433,4C9221,1223,CUSTOM FABRICATION AND EQUIPMENT,NULL,NULL,6,UNITED STATES (USA)
3443,4C9155,1225,"CUSTOM FIRE APPARATUS, INC.",NULL,NULL,6,UNITED STATES (USA)
3447,4C9199,1226,"CUSTOM MARINE COMPONENTS, INC.",NULL,NULL,6,UNITED STATES (USA)
3455,4C9226,1227,CUSTOM MAX TRAILERS,NULL,NULL,6,UNITED STATES (USA)
3476,4C9290,1228,CUSTOM MOBILE DESIGNS LLC,NULL,NULL,6,UNITED STATES (USA)
3535,4C9347,1229,CUSTOM PITS AND FABRICATION LLC,NULL,NULL,6,UNITED STATES (USA)
3540,4C9177,1230,CUSTOM SERVICES,NULL,NULL,6,UNITED STATES (USA)
3560,4C9295,1231,"CYCLESTREAM, LLC",NULL,NULL,6,UNITED STATES (USA)
3561,1C9977,1232,"CYCLONE ENVIRONMENTAL TECHNOLOGIES, LLC",NULL,NULL,6,UNITED STATES (USA)
3576,4C9323,1233,CYCLOPS TRIKE COMPONENTS,NULL,NULL,6,UNITED STATES (USA)
2528,4C9090,1234,COUNTRYSIDE WELDING,NULL,NULL,6,UNITED STATES (USA)
3840,55Y,1235,CYNERGY CARGO LLC,NULL,NULL,6,UNITED STATES (USA)
3843,4C9070,1237,CYTEC TRAILERS,NULL,NULL,6,UNITED STATES (USA)
3865,1D9616,1238,D&B CYCLE PARTS & ACCESSORIES INC.,NULL,NULL,6,UNITED STATES (USA)
5919,1D9660,1239,D & D TRAILERS & EQUIPMENT,NULL,NULL,6,UNITED STATES (USA)
5921,1D9574,1240,D & M MARKETING INC.,NULL,NULL,6,UNITED STATES (USA)
5922,1D9652,1241,D & M TRAILERS LLC,NULL,NULL,6,UNITED STATES (USA)
5923,1D9575,1242,D & N TRAILERS,NULL,NULL,6,UNITED STATES (USA)
5924,13K,1243,D & P WELDING,NULL,NULL,6,UNITED STATES (USA)
5925,1D9731,1244,MARKET DIRECT CAMPERS/MDC,NULL,NULL,6,UNITED STATES (USA)
5927,1D9675,1245,D & D REPAIR AND FABRICATION,NULL,NULL,6,UNITED STATES (USA)
2533,1C9939,1246,COUNT'S KUSTOMS,NULL,NULL,6,UNITED STATES (USA)
2548,1C9896,1247,"COPPER RIVER FABRICATORS, INC.",NULL,NULL,6,UNITED STATES (USA)
2549,4C9060,1248,COUNTY LINE CHOPPERS INC.`,NULL,NULL,6,UNITED STATES (USA)
2556,4C9071,1250,"CORAS TRAILER MANUFACTURING, INC.",NULL,NULL,6,UNITED STATES (USA)
2551,431,1252,"CROSS COUNTRY MFG., INC.",NULL,NULL,6,UNITED STATES (USA)
12970,4C9643,1252,"CROSS COUNTRY MFG., INC.",NULL,NULL,NULL,NULL
2557,4C9224,1253,CONVENTURE  LLC,NULL,NULL,6,UNITED STATES (USA)
2558,4MJ,1254,"CORNELIUS MANUFACTURING, INC.",NULL,NULL,6,UNITED STATES (USA)
2564,1A9985,1255,AMERICAN MADE,NULL,NULL,6,UNITED STATES (USA)
2571,1A9668,1256,"AMERICAN MANUFACTURING OPERATIONS, INC.",NULL,NULL,6,UNITED STATES (USA)
10382,7FN,1256,"AMERICAN MANUFACTURING OPERATIONS, INC.",NULL,NULL,6,UNITED STATES (USA)
2578,3A9217,1258,AMERICAN MANUFACTURING SUPPORT DE MEXICO S.A. DE C.V.,NULL,NULL,12,MEXICO
2583,1A9646,1259,"AMERICAN METAL FABRICATION, INC.",NULL,NULL,6,UNITED STATES (USA)
2570,4C9063,1260,"CORNERSTONE MANUFACTURING, LLC",NULL,NULL,6,UNITED STATES (USA)
2586,1A9494,1261,AMERICAN MOTORCYCLE CORPORATION,NULL,NULL,6,UNITED STATES (USA)
2590,1J9338,1262,American Motorcycle Specialty Center,NULL,NULL,6,UNITED STATES (USA)
2572,4C9089,1264,Corratti Choppers,NULL,NULL,6,UNITED STATES (USA)
2585,1C9791,1265,"COTNER TRAILERS, INC",NULL,NULL,6,UNITED STATES (USA)
2618,4C9106,1267,Country Pride Trailers,NULL,NULL,6,UNITED STATES (USA)
2574,1D9560,1268,D&D TRAILERS LLC,NULL,NULL,6,UNITED STATES (USA)
2576,1D9668,1269,"D.G.C. TRAILER SALES, LLC",NULL,NULL,6,UNITED STATES (USA)
2579,1H9055,1270,"D.K. Hostetler, Inc.",NULL,NULL,6,UNITED STATES (USA)
2582,1D9605,1271,D.R.T,NULL,NULL,6,UNITED STATES (USA)
2588,1D9579,1272,"DAIGLE BROTHERS, INC.",NULL,NULL,6,UNITED STATES (USA)
2608,1DA,1273,"TRAIL-EZE, INC",NULL,NULL,6,UNITED STATES (USA)
2621,1D9600,1274,Dakota Motorcycle Co.,NULL,NULL,6,UNITED STATES (USA)
2581,4C9008,1275,"Cowboy trailer sales, inc.",NULL,NULL,6,UNITED STATES (USA)
2592,1D9648,1276,DALLAS SMITH CORPORATION,NULL,NULL,6,UNITED STATES (USA)
4443,1N9243,1278,North Jersey Cycle,NULL,NULL,6,UNITED STATES (USA)
2587,4C9228,1279,Cowboys Kustoms,NULL,NULL,6,UNITED STATES (USA)
2591,4C9044,1280,"Champion Trailer Works, Inc",NULL,NULL,6,UNITED STATES (USA)
2594,4C9124,1281,"CRESCENT MANUFACTURING, INC.",NULL,NULL,6,UNITED STATES (USA)
2595,5ZK,1282,"American Performance Technologies, LLC",NULL,NULL,6,UNITED STATES (USA)
2604,4C9205,1285,CRIMINAL CHOPPERS OF AZ,NULL,NULL,6,UNITED STATES (USA)
2606,5GG,1287,"CRAFTON EQUIPMENT, INC.",NULL,NULL,6,UNITED STATES (USA)
8166,1C9662,1287,"CRAFTON EQUIPMENT, INC.",NULL,NULL,6,UNITED STATES (USA)
2600,1A9851,1288,"AMERICAN PRODUCTS, LLC",NULL,NULL,6,UNITED STATES (USA)
2596,4C9318,1289,Coyne Oil Corporation,NULL,NULL,6,UNITED STATES (USA)
2609,473,1290,"CRONKHITE INDUSTRIES, INC.",NULL,NULL,6,UNITED STATES (USA)
2602,1A9759,1291,American Recreational Vehicles,NULL,NULL,6,UNITED STATES (USA)
2607,1A9920,1292,American Scooter Manufacturing,NULL,NULL,6,UNITED STATES (USA)
2610,1A9725,1293,American Sport Trailer Company LLC,NULL,NULL,6,UNITED STATES (USA)
2615,4C9191,1294,CROOKED RIVER CHOPPERS INC.,NULL,NULL,6,UNITED STATES (USA)
2601,4C9367,1296,COYOTE MFG CO,NULL,NULL,6,UNITED STATES (USA)
11843,500,1296,COYOTE MFG CO,NULL,NULL,6,UNITED STATES (USA)
2616,4C9165,1297,CROP MASTER TRAILERS INC.,NULL,NULL,6,UNITED STATES (USA)
6456,4C9334,1298,"CROSS CLEANING SOLUTIONS, LLC",NULL,NULL,6,UNITED STATES (USA)
4168,1L9372,1299,LUCAS CYCLES,NULL,NULL,6,UNITED STATES (USA)
2651,1D9597,1300,DARWIN MOTORCYCLE LLC,NULL,NULL,6,UNITED STATES (USA)
10387,2R9690,1303,IRONTECH RIG REPAIR & MANUFACTURES INC.,NULL,NULL,1,CANADA
5877,1B9843,1304,BELL CUSTOM PRODUCTS,NULL,NULL,6,UNITED STATES (USA)
5677,1T9506,1305,"TOP NOTCH TRAILER Manufacturing, Inc.",NULL,NULL,6,UNITED STATES (USA)
9745,4C9091,1308,CSC MOTORCYCLES INC.,NULL,NULL,6,UNITED STATES (USA)
4535,1P9590,1309,"PATRIOT ENERGY SERVICES, LLC",NULL,NULL,6,UNITED STATES (USA)
3921,1J9377,1310,"JOMAR MACHINING & FABRICATING, INC.",NULL,NULL,6,UNITED STATES (USA)
4127,5XK,1312,"CHINA OFF-ROAD PRODUCTS, INC.",NULL,NULL,6,UNITED STATES (USA)
2888,1F9351,1313,"FAT DADDY RACING, L.C. ",NULL,NULL,6,UNITED STATES (USA)
4661,1H9535,1316,HILLCREST MANUFACTURING LLC,NULL,NULL,6,UNITED STATES (USA)
11992,1A9790,1318,AFFORDABLE TRAILERS,NULL,NULL,6,UNITED STATES (USA)
4397,1N9279,1319,NORTH COAST TRUCK BODY LLC,NULL,NULL,6,UNITED STATES (USA)
4692,1Z9322,1324,QUALITY REBUILT AUTOS & MANUFACTURING LLC,NULL,NULL,6,UNITED STATES (USA)
4934,5XE,1325,"PORTEON ELECTRIC VEHICLES, INC.",NULL,NULL,6,UNITED STATES (USA)
5423,LSB,1327,"SHANGHAI HUIZHONG AUTOMOTIVE MANUFACTURING CO., LTD",NULL,NULL,8,CHINA
6433,1W9467,1335,"WYOMING FABRICATION & MACHINE, LLC",NULL,NULL,6,UNITED STATES (USA)
3898,LUV,1336,"LIANYUNGANG UNIVERSAL SPECIAL PURPOSE VEHICLE MANUFACTURING CO., LTD.",NULL,NULL,8,CHINA
7260,1T9663,1341,TMP TRUCK & TRAILER,NULL,NULL,6,UNITED STATES (USA)
10153,5HU,1342,Tow Pro LLC,NULL,NULL,6,UNITED STATES (USA)
3870,YT9007,1344,KOENIGSEGG AUTOMOTIVE AB,NULL,NULL,23,SWEDEN
5370,SZC,1345,VECTRIX SP. Z O.O.,NULL,NULL,5,UNITED KINGDOM (UK)
2935,1D9628,1347,"DYMAC VEHICLE GROUP, INC.",NULL,NULL,6,UNITED STATES (USA)
3702,4C9156,1348,"CM&W, LLC",NULL,NULL,6,UNITED STATES (USA)
4296,4S9136,1349,"MXROS, INC. ",NULL,NULL,6,UNITED STATES (USA)
4364,1M9818,1351,MID SOUTH DISTRIBUTION SERVICES,NULL,NULL,6,UNITED STATES (USA)
3667,1Z9321,1352,IMPACT HYDRAULIC,NULL,NULL,6,UNITED STATES (USA)
4751,LA9SAN,1355,"SANY HEAVY INDUSTRY CO., LTD",NULL,NULL,8,CHINA
3989,1K9246,1359,"KEIZER MORRIS INTERNATIONAL, INC. DBA KM INTERNATIONAL",NULL,NULL,6,UNITED STATES (USA)
4286,1M9815,1360,"MENARD MANUFACTURING COMPANY, INC.",NULL,NULL,6,UNITED STATES (USA)
3902,1K9276,1361,LIBERATOR TRIKES LLC,NULL,NULL,6,UNITED STATES (USA)
10111,1B9878,1362,BLACKWATER TARGET SYSTEMS,NULL,NULL,6,UNITED STATES (USA)
3668,1B9769,1363,BITTER END - OLD SCHOOL CHOPPERS,NULL,NULL,6,UNITED STATES (USA)
5586,4S9140,1364,SILVER EAGLE MANUFACTURING,NULL,NULL,6,UNITED STATES (USA)
3169,1A9734,1366,"AG-QUIP, INC.",NULL,NULL,6,UNITED STATES (USA)
3955,1L9421,1367,"L & J MANUFACTURING, LLC",NULL,NULL,6,UNITED STATES (USA)
7995,1W9257,1369,WILCO MACHINE & FAB INC.,NULL,NULL,6,UNITED STATES (USA)
10593,1W9367,1371,WILD CHILD PERFORMANCE,NULL,NULL,6,UNITED STATES (USA)
6363,1W9323,1372,WILD RICE INDUSTRIES,NULL,NULL,6,UNITED STATES (USA)
9683,1W9335,1373,WILD SIDE CUSTOM TRAILERS & TRUCK CONVERSIONS,NULL,NULL,6,UNITED STATES (USA)
5821,1W9351,1374,"WILDCAT MFG. CO., INCORPORATED",NULL,NULL,6,UNITED STATES (USA)
8951,1W9167,1374,"WILDCAT MFG. CO., INCORPORATED",NULL,NULL,6,UNITED STATES (USA)
6371,1W9077,1379,WILKENS MANUFACTURING,NULL,NULL,6,UNITED STATES (USA)
9421,1W9341,1385,WOODSMAN INC.,NULL,NULL,6,UNITED STATES (USA)
10926,1W9206,1386,WOODWORTH MFG,NULL,NULL,6,UNITED STATES (USA)
10721,1W9125,1390,"WORKBENCH, INC.",NULL,NULL,6,UNITED STATES (USA)
6009,1D9540,1393,DAUNTLESS MOTORS CORPORATION,NULL,NULL,6,UNITED STATES (USA)
12008,1S9873,1395,"SHADOW TRAILERS, LLC",NULL,NULL,6,UNITED STATES (USA)
6094,1H9466,1396,HEISLER BOATS,NULL,NULL,6,UNITED STATES (USA)
6149,1Z9222,1397,"INDUSTRIAL TRAILER MANUFACTURING, INC.",NULL,NULL,6,UNITED STATES (USA)
10163,5FG,1399,"THULE TRAILERS, INC.",NULL,NULL,6,UNITED STATES (USA)
5904,1A9687,1400,ASPHALT EQUIPMENT & SERVICE CO.,NULL,NULL,6,UNITED STATES (USA)
4984,1P9534,1401,POWERSECURE INC.,NULL,NULL,6,UNITED STATES (USA)
10159,1E9359,1402,"E. T. & T. ENTERPRISES dba HOLLAND METAL FAB., INC",NULL,NULL,6,UNITED STATES (USA)
6318,1B9748,1403,SPENCER BOWMAN CUSTOMS,NULL,NULL,6,UNITED STATES (USA)
6320,1S9952,1403,SPENCER BOWMAN CUSTOMS,NULL,NULL,6,UNITED STATES (USA)
6016,1D9539,1404,JMR MANUFACTURING LLC,NULL,NULL,6,UNITED STATES (USA)
6039,1D9541,1405,D'S FIBERGLASS,NULL,NULL,6,UNITED STATES (USA)
6053,1C9987,1406,"CHRISTIANSON SYSTEMS, INC.",NULL,NULL,6,UNITED STATES (USA)
10230,2C9178,1407,CONVEY-ALL INDUSTRIES INC.,NULL,NULL,1,CANADA
6096,1C9973,1409,COAST 2 COAST CHOPPERS,NULL,NULL,6,UNITED STATES (USA)
10165,2S9132,1410,SIGNALISATION VER-MAC INC.,NULL,NULL,1,CANADA
12705,2SG,1410,SIGNALISATION VER-MAC INC.,NULL,NULL,1,CANADA
10167,1E9361,1411,EIGHT MILE CHOPPERS,NULL,NULL,6,UNITED STATES (USA)
4379,1Z9243,1412,"OUTKAST KUSTOM CYCLES, INC.",NULL,NULL,6,UNITED STATES (USA)
10127,1E9350,1413,EAGLE TRAILERS MFG,NULL,NULL,6,UNITED STATES (USA)
6038,1C9969,1416,CHOPPER DESIGNS,NULL,NULL,6,UNITED STATES (USA)
5886,1A9682,1417,AMERICAN TRAILERS,NULL,NULL,6,UNITED STATES (USA)
6189,1M9658,1419,MESKE WELDING LLC,NULL,NULL,6,UNITED STATES (USA)
6068,1W9395,1420,GABRIEL VILLESCAS WEST MESA CHOPPERS,NULL,NULL,6,UNITED STATES (USA)
6160,1C9980,1421,COWBOY TRADING COMPANY INC. aka Cowboy Custom Chop,NULL,NULL,6,UNITED STATES (USA)
6295,1T9835,1423,TDS DISPOSAL SERVICES LLC,NULL,NULL,6,UNITED STATES (USA)
3932,1J9326,1424,"JRW TRAILERS, INC.",NULL,NULL,6,UNITED STATES (USA)
6307,5H0,1425,"TARGET TRAILER MFG., CO.",NULL,NULL,6,UNITED STATES (USA)
10000,1T9669,1425,"TARGET TRAILER MFG., CO.",NULL,NULL,6,UNITED STATES (USA)
5476,1T9726,1427,"TIGER TRUCK, LLC AKA TIGER TRUCK MANUFACTURING, LL",NULL,NULL,6,UNITED STATES (USA)
5617,1W9478,1428,WELD-TEK CUSTOM FABRICATION,NULL,NULL,6,UNITED STATES (USA)
2789,1B9930,1433,"BG AUTOMOTIVE GROUP, LTD.",NULL,NULL,6,UNITED STATES (USA)
3637,1B9929,1434,BLING'S CYCLES,NULL,NULL,6,UNITED STATES (USA)
5845,1W9511,1436,WISDOM RIDES,NULL,NULL,6,UNITED STATES (USA)
7872,1W9081,1436,WISDOM RIDES,NULL,NULL,6,UNITED STATES (USA)
8298,4S9024,1438,"S & B TRAILERS, INC",NULL,NULL,6,UNITED STATES (USA)
14401,51F,1438,"S & B TRAILERS, INC",NULL,NULL,NULL,NULL
4433,1M9900,1439,"MINIMOVER, LLC",NULL,NULL,6,UNITED STATES (USA)
3521,1B9924,1440,"BOULDER ELECTRORIDE, INC.",NULL,NULL,6,UNITED STATES (USA)
5722,1W9514,1443,"WELL DONE EQUIPMENT, LLC",NULL,NULL,6,UNITED STATES (USA)
3875,1J9297,1444,J&M MANUFACTURING CO. INC.,NULL,NULL,6,UNITED STATES (USA)
5739,526,1445,"VT HACKNEY , INC.",NULL,NULL,6,UNITED STATES (USA)
5204,1R9723,1446,RWN CONTRACTORS,NULL,NULL,6,UNITED STATES (USA)
5466,4T9058,1447,"TRANSFORMATRUCKS, LLC",NULL,NULL,6,UNITED STATES (USA)
4396,55C,1448,"OHIO STEEL INDUSTRIES, INC.",NULL,NULL,6,UNITED STATES (USA)
3706,4C9289,1449,CENTURY TANK & TRAILER,NULL,NULL,6,UNITED STATES (USA)
3084,1E9512,1450,"EMK, LLC",NULL,NULL,6,UNITED STATES (USA)
4834,4S9273,1452,SCEADU DESIGN,NULL,NULL,6,UNITED STATES (USA)
5369,1V9183,1453,"VAPORCON, LLC",NULL,NULL,6,UNITED STATES (USA)
4279,1M9913,1454,METAL MANSIONS,NULL,NULL,6,UNITED STATES (USA)
4491,1P9687,1455,"P.D.Q. METAL FABRICATION, INC.",NULL,NULL,6,UNITED STATES (USA)
4019,1K9312,1456,"KEYSTONE OILFIELD FABRICATION, LLC",NULL,NULL,6,UNITED STATES (USA)
3289,1G9446,1457,GRAND ISLAND MANUFACTURING,NULL,NULL,6,UNITED STATES (USA)
5531,1W9518,1458,WALTERS GROUP INC.,NULL,NULL,6,UNITED STATES (USA)
4932,1R9663,1462,"ROOSTER CUSTOM CYCLES, INC.",NULL,NULL,6,UNITED STATES (USA)
3360,1G9427,1463,GREAT PLAINS FABRICATION LLC,NULL,NULL,6,UNITED STATES (USA)
6329,1S9188,1464,"SPECTOR MANUFACTURING, INC.",NULL,NULL,6,UNITED STATES (USA)
5315,4T9021,1465,Trailerweldshop,NULL,NULL,6,UNITED STATES (USA)
3275,1D9678,1466,DUESWAY INC.,NULL,NULL,6,UNITED STATES (USA)
4075,52J,1467,"LOAD PRO TRAILERS, INC.",NULL,NULL,6,UNITED STATES (USA)
4308,1H9576,1468,HELL-BENT CUSTOM CYCLES,NULL,NULL,6,UNITED STATES (USA)
5752,1V9640,1469,"V. MARONE ENTERPRISES, INC.",NULL,NULL,6,UNITED STATES (USA)
5753,1V9172,1469,"V. MARONE ENTERPRISES, INC.",NULL,NULL,6,UNITED STATES (USA)
2628,1D9677,1470,DAVIS METAL WORKS,NULL,NULL,6,UNITED STATES (USA)
3375,LRP,1471,"CHONGQING RATO POWER CO., LTD.",NULL,NULL,8,CHINA
6028,1E9442,1472,EYEBALL ENG.,NULL,NULL,6,UNITED STATES (USA)
2758,52T,1474,EXTREME ROAD & TRAIL,NULL,NULL,6,UNITED STATES (USA)
6088,1H9579,1475,HANSON MANUFACTURING INC.,NULL,NULL,6,UNITED STATES (USA)
5251,5ZY,1476,TAYLOR-DUNN MANUFACTURING,NULL,NULL,6,UNITED STATES (USA)
3663,1Z9370,1477,IDENTITY MOTORS MANUFACTURING & ASSEMBLY,NULL,NULL,6,UNITED STATES (USA)
2936,2V8,1478,"CHRYSLER GROUP LLC(USA),CHRYSLER CANADA, CHRYSLER DE MEXICO",NULL,NULL,1,CANADA
7478,2XM,1478,"CHRYSLER GROUP LLC(USA),CHRYSLER CANADA, CHRYSLER DE MEXICO",NULL,NULL,1,CANADA
5344,ZLF,1479,TAZZARI GL SPA,NULL,NULL,9,ITALY
4700,4S9171,1481,"SALSCO, INC.",NULL,NULL,6,UNITED STATES (USA)
3944,1L9458,1482,"LIFT N LOCK, LLC",NULL,NULL,6,UNITED STATES (USA)
3841,4C9237,1483,"CONTINENTAL BIOMASS INDUSTRIES, INC.",NULL,NULL,6,UNITED STATES (USA)
3628,1B9950,1484,BADLANDS STEEL WORX,NULL,NULL,6,UNITED STATES (USA)
4563,1P9650,1485,"PADDLE KING, INC.",NULL,NULL,6,UNITED STATES (USA)
4574,1P9657,1486,"PALMER INDUSTRIES, INC.",NULL,NULL,6,UNITED STATES (USA)
5848,LZ9373,1487,ZTPOWERSTATION LLC,NULL,NULL,6,UNITED STATES (USA)
2917,1F9387,1488,FEMCO,NULL,NULL,6,UNITED STATES (USA)
4467,4FP,1489,PACE AMERICAN OF GEORGIA INC.,NULL,NULL,6,UNITED STATES (USA)
4499,47Z,1490,PACE AMERICAN OF TEXAS INC.,NULL,NULL,6,UNITED STATES (USA)
4498,4P2,1491,PACE AMERICAN OF UTAH INC.,NULL,NULL,6,UNITED STATES (USA)
3769,1Z9374,1492,INTECH TRAILERS INC.,NULL,NULL,6,UNITED STATES (USA)
10025,7H0,1492,INTECH TRAILERS INC.,NULL,NULL,6,UNITED STATES (USA)
3564,1B9958,1493,"BOYLAN SALES, INC. DBA BOYLAN GOLF CARS",NULL,NULL,6,UNITED STATES (USA)
3207,572,1494,C & B MANUFACTURING,NULL,NULL,6,UNITED STATES (USA)
4963,1G9478,1496,GLOBAL TRUCK & TRAILER SALES,NULL,NULL,6,UNITED STATES (USA)
4864,1M9948,1497,MRR CYCLES LLC,NULL,NULL,6,UNITED STATES (USA)
4868,1M9949,1497,MRR CYCLES LLC,NULL,NULL,6,UNITED STATES (USA)
4003,1L9513,1498,"LAGOON MANUFACTURING, LLC",NULL,NULL,6,UNITED STATES (USA)
6429,1W9539,1499,WYATT ENGINEERING & FABRICATION LLC,NULL,NULL,6,UNITED STATES (USA)
5324,4T9062,1500,TANOM MOTORS LLC,NULL,NULL,6,UNITED STATES (USA)
4163,1L9515,1501,"LPD TRAILERS, LLC",NULL,NULL,6,UNITED STATES (USA)
5136,1G9480,1503,"GLOBAL INVENTIVE INDUSTRIES, INC.",NULL,NULL,6,UNITED STATES (USA)
5338,4T9125,1505,THE DOCK DOCTORS LLC,NULL,NULL,6,UNITED STATES (USA)
3304,1E9445,1509,EAST TEXAS TRAILERS,NULL,NULL,6,UNITED STATES (USA)
11729,58S,1509,EAST TEXAS TRAILERS,NULL,NULL,6,UNITED STATES (USA)
2963,1F9424,1511,FIVE DIAMOND TRAILERS,NULL,NULL,6,UNITED STATES (USA)
5367,1V9195,1514,VANTEM MODULAR LLC,NULL,NULL,6,UNITED STATES (USA)
5156,1R9296,1515,ROBINSON METAL INC.,NULL,NULL,6,UNITED STATES (USA)
3974,1L9488,1516,LIMOUSINE MANUFACTURING CORP.,NULL,NULL,6,UNITED STATES (USA)
3975,1L9486,1516,LIMOUSINE MANUFACTURING CORP.,NULL,NULL,6,UNITED STATES (USA)
3976,1L9487,1516,LIMOUSINE MANUFACTURING CORP.,NULL,NULL,6,UNITED STATES (USA)
4466,179446,1517,OREGON TRAILER LLC,NULL,NULL,6,UNITED STATES (USA)
4468,1Z9446,1517,OREGON TRAILER LLC,NULL,NULL,6,UNITED STATES (USA)
4823,4S9323,1518,SCAG GIANT-VAC,NULL,NULL,6,UNITED STATES (USA)
3213,1W9531,1519,"C.J. SEITZ, INC.",NULL,NULL,6,UNITED STATES (USA)
4038,4C9339,1520,CHIMERA CUSTOMS,NULL,NULL,6,UNITED STATES (USA)
4039,4C9338,1520,CHIMERA CUSTOMS,NULL,NULL,6,UNITED STATES (USA)
4040,4C9340,1520,CHIMERA CUSTOMS,NULL,NULL,6,UNITED STATES (USA)
5729,1W9543,1522,WESTAR MANUFACTURING,NULL,NULL,6,UNITED STATES (USA)
5212,1R9764,1526,RYAN SIMPSON,NULL,NULL,6,UNITED STATES (USA)
3629,4B9041,1528,"BAHNWAGEN, LLC",NULL,NULL,6,UNITED STATES (USA)
3796,1Z9448,1529,"IOWA STEEL FABRICATORS, LLC",NULL,NULL,6,UNITED STATES (USA)
11923,1Z9593,1529,"IOWA STEEL FABRICATORS, LLC",NULL,NULL,6,UNITED STATES (USA)
3413,1E9540,1530,ECOTREK CAMPER,NULL,NULL,6,UNITED STATES (USA)
5558,4T9004,1532,TRI-STATE CHOPPER llc,NULL,NULL,6,UNITED STATES (USA)
5217,1R9743,1533,"Ryfab and Coatings, Inc.",NULL,NULL,6,UNITED STATES (USA)
4201,1M9921,1534,M.B. WELDING AND FABRICATION LLC,NULL,NULL,6,UNITED STATES (USA)
3501,1F9682,1552,"DIW ENGINEERING & FABRICATION, LLC",NULL,NULL,6,UNITED STATES (USA)
4123,1M9867,1553,MATOTT'S WELDING,NULL,NULL,6,UNITED STATES (USA)
5078,1P9655,1555,"PRIMUS STEEL SOLUTIONS, INC.",NULL,NULL,6,UNITED STATES (USA)
3638,1A9860,1556,"CLASSIC DESIGN TRAILERS, INC.",NULL,NULL,6,UNITED STATES (USA)
3946,52H,1561,"LIGHTHOUSE RV MANUFACTURING COMPANY, LLC",NULL,NULL,6,UNITED STATES (USA)
5396,523,1562,THE VEHICLE PRODUCTION GROUP LLC,NULL,NULL,6,UNITED STATES (USA)
4839,1B9462,1563,REINERT MFG. INC.,NULL,NULL,6,UNITED STATES (USA)
3740,53G,1564,"CODA AUTOMOTIVE, INC.",NULL,NULL,6,UNITED STATES (USA)
4346,1Z9378,1565,OLSON OWSLEY ENTERPRISES LLC DBA KOKOPELLI TRAILERS,NULL,NULL,6,UNITED STATES (USA)
5234,4S9214,1566,"S and C ENTERPRISES OF TARBORO, INC.",NULL,NULL,6,UNITED STATES (USA)
3816,L3J,1570,"JIANGSU SACIN MOTORCYCLE CO., LTD.",NULL,NULL,8,CHINA
3287,2D9007,1572,DURABODY INDUSTRIES LIMITED,NULL,NULL,1,CANADA
5082,4S9218,1573,"SPECIALTY FABRICATION, LTD.",NULL,NULL,6,UNITED STATES (USA)
3349,1E9477,1574,EBERT PRECISION PRODUCTS LLC,NULL,NULL,6,UNITED STATES (USA)
2741,LDF,1575,"DEZHOU FULU VEHICLE CO., LTD.",NULL,NULL,NULL,NULL
5349,4T9031,1576,TRAILERS INC. OF HILL CITY,NULL,NULL,6,UNITED STATES (USA)
5899,1A9858,1577,AMERIFAB INDUSTRIES INC.,NULL,NULL,6,UNITED STATES (USA)
3619,4C9242,1579,CARTSERVICES INC.,NULL,NULL,6,UNITED STATES (USA)
6446,1Y9029,1582,"YODER UTILITY TRAILERS, LLC",NULL,NULL,6,UNITED STATES (USA)
4419,1Z9168,1584,"OLD DOMINION BRUSH COMPANY, INC.",NULL,NULL,6,UNITED STATES (USA)
5417,1T9989,1587,THREE RIVERS WELDING,NULL,NULL,6,UNITED STATES (USA)
3966,1L9453,1588,L.I.T.B. INC. DBA INDUSTRIAL TRUCK BODIES,NULL,NULL,6,UNITED STATES (USA)
6365,L6M,1589,"WUXI TMEC POWER TECHNOLOGY CO., LTD.",NULL,NULL,8,CHINA
5016,1P9630,1590,PRECISION CUSTOM TRAILERS LLC,NULL,NULL,6,UNITED STATES (USA)
5232,1R9648,1591,ROEHR MOTORCYCLES LLC,NULL,NULL,6,UNITED STATES (USA)
2818,1F9317,1593,F.B.I. MOTOR CO.,NULL,NULL,6,UNITED STATES (USA)
2870,1D9662,1595,"DREAM COACH TRAILERS, LLC",NULL,NULL,6,UNITED STATES (USA)
5170,1T9902,1601,TOXIC CYCLES LLC,NULL,NULL,6,UNITED STATES (USA)
3897,4DK,1602,KRISTI TRAILER INDUSTRIES,NULL,NULL,6,UNITED STATES (USA)
5113,5UH,1604,"RUFF & TUFF ELECTRIC VEHICLES, INC.",NULL,NULL,6,UNITED STATES (USA)
5293,1T9391,1605,"UNDERGROUND, INC.",NULL,NULL,6,UNITED STATES (USA)
5120,1R9644,1607,"RUSH CREEK WELDING AND MANUFACTURING, LLC",NULL,NULL,6,UNITED STATES (USA)
4489,1M9455,1609,"MOBILE MINI, INC.",NULL,NULL,6,UNITED STATES (USA)
9843,1D9061,1609,"MOBILE MINI, INC.",NULL,NULL,6,UNITED STATES (USA)
5764,1V9159,1610,"VAN INDUSTRIES, INC.",NULL,NULL,6,UNITED STATES (USA)
2637,1D9727,1620,DEADEYE WELDING AND FABRICATION,NULL,NULL,6,UNITED STATES (USA)
3635,1CD,1622,"CLARK TRAILER SERVICE, INC.",NULL,NULL,6,UNITED STATES (USA)
4177,57T,1626,HARROD EQUIPMENT LLC,NULL,NULL,6,UNITED STATES (USA)
5721,4S9320,1627,SR PRODUCTS INC.,NULL,NULL,6,UNITED STATES (USA)
3259,1D9720,1629,DUB BOX USA,NULL,NULL,6,UNITED STATES (USA)
3927,1J9428,1630,"JR MANUFACTURING AND SALES, LLC",NULL,NULL,6,UNITED STATES (USA)
12011,1K9160,1631,KIBBI LLC,NULL,NULL,6,UNITED STATES (USA)
4887,1R9754,1632,RIEF DESIGN & MANUFACTURING L.L.C.,NULL,NULL,6,UNITED STATES (USA)
3175,1D9737,1634,DYNES ENTERPRISES LLC,NULL,NULL,6,UNITED STATES (USA)
5209,1R9757,1636,"RYAN HOWELL MARKETING, LLC",NULL,NULL,6,UNITED STATES (USA)
11513,7JY,1636,"RYAN HOWELL MARKETING, LLC",NULL,NULL,6,UNITED STATES (USA)
5544,4S9333,1638,"SHILOH CUSTOM KARTS, LLC",NULL,NULL,6,UNITED STATES (USA)
3393,1A9438,1639,"ALL SOUTH EQUIPMENT CO., INC.",NULL,NULL,6,UNITED STATES (USA)
2925,1D9736,1641,"DYAL'S WELDING, INC",NULL,NULL,6,UNITED STATES (USA)
3575,1G9484,1643,"GEISTWERKS LLC ",NULL,NULL,6,UNITED STATES (USA)
3290,4B9006,1645,BLACK JACK CHOPPERS INC.,NULL,NULL,6,UNITED STATES (USA)
4718,1R9767,1649,R & D PRECISION MACHINE & FAB. INC.,NULL,NULL,6,UNITED STATES (USA)
4469,1Z9404,1650,OREION MOTORS LLC,NULL,NULL,6,UNITED STATES (USA)
4492,57R,1650,OREION MOTORS LLC,NULL,NULL,6,UNITED STATES (USA)
13229,7UD,1650,OREION MOTORS LLC,NULL,NULL,6,UNITED STATES (USA)
4928,1R9751,1651,RON'S TRAILERS,NULL,NULL,6,UNITED STATES (USA)
3524,4B9034,1655,BOWLUS ROAD CHIEF LLC,NULL,NULL,6,UNITED STATES (USA)
4455,1Z9453,1656,"OLD SCHOOL MOTORCYCLE COMPANY, LLC",NULL,NULL,6,UNITED STATES (USA)
4729,42X,1658,"JDCI ENTERPRISES, INC.",NULL,NULL,6,UNITED STATES (USA)
5768,1Z9454,1660,ZAMR.A.C SYSTEM INC.,NULL,NULL,6,UNITED STATES (USA)
3961,1L9496,1661,L.C.B. ENTERPRISES LLC,NULL,NULL,6,UNITED STATES (USA)
7379,1L9536,1661,L.C.B. ENTERPRISES LLC,NULL,NULL,6,UNITED STATES (USA)
5058,4S9337,1662,"SUMMIT INDUSTRIAL CONTRACTORS, LLC",NULL,NULL,6,UNITED STATES (USA)
3543,4B9042,1667,"BACK 40 SUPPLY INC. ",NULL,NULL,6,UNITED STATES (USA)
11311,4C9160,1668,COOL CITY CUSTOMS LLC,NULL,NULL,6,UNITED STATES (USA)
3459,1A9793,1669,"AMAZE-N-TOW, LLC",NULL,NULL,6,UNITED STATES (USA)
5154,1R9638,1670,ROCK BOTTOM CHOPPERS,NULL,NULL,6,UNITED STATES (USA)
4257,1H9539,1672,HEAT'S ON WELDING & FABRICATION,NULL,NULL,6,UNITED STATES (USA)
4487,1M9816,1674,"PROTERRA OPERATING COMPANY, INC.",NULL,NULL,6,UNITED STATES (USA)
11619,7JZ,1674,"PROTERRA OPERATING COMPANY, INC.",NULL,NULL,6,UNITED STATES (USA)
5307,1T9931,1675,"TRAILER SPECIALTIES, INC.",NULL,NULL,6,UNITED STATES (USA)
4372,1M9821,1676,MIGHTY LITE ALUMINUM PRODUCTS,NULL,NULL,6,UNITED STATES (USA)
5826,109021,1677,WILLIAMSON OCEAN-TRAILERS,NULL,NULL,6,UNITED STATES (USA)
2812,1D9639,1678,"DURALAST COMPANIES, INC. ",NULL,NULL,6,UNITED STATES (USA)
5433,1V9161,1680,V-FORCE CUSTOMS,NULL,NULL,6,UNITED STATES (USA)
4715,5VW,1682,"PHOENIX TRAILERS, LLC",NULL,NULL,6,UNITED STATES (USA)
3880,1J9210,1684,JOHN PEPER ENTERPRISES,NULL,NULL,6,UNITED STATES (USA)
3423,1A9829,1685,"ALPHA PRODUCTS INTERNATIONAL, INC.",NULL,NULL,6,UNITED STATES (USA)
3425,5XW,1685,"ALPHA PRODUCTS INTERNATIONAL, INC.",NULL,NULL,6,UNITED STATES (USA)
5009,4S9190,1686,"SCORPION MOTORSPORTS, INC.",NULL,NULL,6,UNITED STATES (USA)
3387,1A9869,1688,ALL CUSTOM FABRICATIONS,NULL,NULL,6,UNITED STATES (USA)
5656,ZZ1,1689,TOMOS D.O.O. MOTOINDUSTRIJA,NULL,NULL,27,SLOVENIA
3719,1H9598,1690,"HUGHY, INC.",NULL,NULL,6,UNITED STATES (USA)
5340,4T9049,1691,TAXA LLC,NULL,NULL,6,UNITED STATES (USA)
3710,1B9965,1692,BARRY'S TRAILERS,NULL,NULL,6,UNITED STATES (USA)
3617,4C9256,1693,"CARY FAAS RACING INC. ",NULL,NULL,6,UNITED STATES (USA)
5159,1R9698,1694,"ROBERT L. BARR ENTERPRISES, INC. ",NULL,NULL,6,UNITED STATES (USA)
6183,1M9019,1695,MARATHON HOMES CORPORATION,NULL,NULL,6,UNITED STATES (USA)
2866,1D9686,1696,DRAGONWING CUSTOM BUILDS,NULL,NULL,6,UNITED STATES (USA)
5852,1Z9388,1697,ZIMCO MANUFACTURING,NULL,NULL,5,UNITED KINGDOM (UK)
4125,1M9874,1698,"MATRIX MANUFACTURING, INC.",NULL,NULL,6,UNITED STATES (USA)
4392,1Z9389,1699,"OHALEE, INC.",NULL,NULL,6,UNITED STATES (USA)
3354,1E9487,1700,"ECHO MANUFACTURING, LLC",NULL,NULL,6,UNITED STATES (USA)
5231,1R9699,1704,"RODS & RIDES BY TD, LLC",NULL,NULL,6,UNITED STATES (USA)
3487,537,1705,AZURE DYNAMICS,NULL,NULL,6,UNITED STATES (USA)
9056,LZR,1706,"JUNENG MOTORCYCLE TECHNOLOGY CO., LTD",NULL,NULL,8,CHINA
4640,2PL,1707,PEERLESS LIMITED,NULL,NULL,1,CANADA
4641,53U,1707,PEERLESS LIMITED,NULL,NULL,6,UNITED STATES (USA)
4558,1E9490,1708,JAMES J. GAMMONS dba Erie Shore Marketing,NULL,NULL,6,UNITED STATES (USA)
4450,1Z9397,1711,ORCHARD MACHINERY CORPORATION,NULL,NULL,6,UNITED STATES (USA)
3631,5BX,1712,"WOLVERINE TRAILERS, INC.",NULL,NULL,6,UNITED STATES (USA)
5757,4S9242,1713,"STONEWELL BODIES & MACHINE, INC.",NULL,NULL,6,UNITED STATES (USA)
3765,1B9974,1716,"BB ROLLAHOME, LLC",NULL,NULL,6,UNITED STATES (USA)
3318,1D9688,1717,DOUGLAS HOLDING LLC dba Sidump'r Trailer,NULL,NULL,6,UNITED STATES (USA)
3676,1B9976,1718,"BAR H WELDING, LLC",NULL,NULL,6,UNITED STATES (USA)
3773,1Z9398,1719,"INTEGRITY Sales & Service, Inc.",NULL,NULL,6,UNITED STATES (USA)
4902,1M9895,1721,MULLIGAN ENGINEERING LLC,NULL,NULL,6,UNITED STATES (USA)
6457,1M9461,1721,MULLIGAN ENGINEERING LLC,NULL,NULL,6,UNITED STATES (USA)
8910,1C9498,1732,"DOUGLASS TRUCK BODIES, INC.",NULL,NULL,6,UNITED STATES (USA)
7996,1D9386,1733,DOVER TRAILER & FAB.,NULL,NULL,6,UNITED STATES (USA)
2962,1UN,1739,"DRAGON PRODUCTS, LLC",NULL,NULL,6,UNITED STATES (USA)
7997,1D9356,1741,DRAKE TRAILERS,NULL,NULL,6,UNITED STATES (USA)
7403,1D9472,1742,DRAKE TRUCK & TRAILER,NULL,NULL,6,UNITED STATES (USA)
8000,1D9331,1746,DREAMLINE TRAILERS INC,NULL,NULL,6,UNITED STATES (USA)
2886,4GB,1747,DRESSEN CUSTOM TRAILERS,NULL,NULL,6,UNITED STATES (USA)
9574,1G9266,1749,GRA-TER INDUSTRIES INC.,NULL,NULL,6,UNITED STATES (USA)
9819,1G9282,1755,GRANDEUR CYCLES INC,NULL,NULL,6,UNITED STATES (USA)
9502,5K7,1757,GRASS ROOTS MFG INC DBA CREATIVE TRL. CONCEPTS,NULL,NULL,6,UNITED STATES (USA)
6050,1G9324,1758,"GRASSHOPPER ENTERPRISES, INC.",NULL,NULL,6,UNITED STATES (USA)
8001,1G9245,1760,GREAT BASIN INDUSTRIES INC.,NULL,NULL,6,UNITED STATES (USA)
6074,5MB,1761,GREAT LAKES CARGO LLC,NULL,NULL,6,UNITED STATES (USA)
10529,1G9311,1762,GREAT LAKES CHOPPERS,NULL,NULL,6,UNITED STATES (USA)
7084,1F9238,1764,FACTORY DIRECT TRAILER SALES & MANUFACTURING,NULL,NULL,6,UNITED STATES (USA)
11216,1B9370,1769,"BLANCHAT MFG., INC.",NULL,NULL,6,UNITED STATES (USA)
10214,1N9206,1770,"CUSTOM WELDING, INC",NULL,NULL,6,UNITED STATES (USA)
10065,5HF,1771,CUSTOMIZED UTILITY TRAILERS,NULL,NULL,6,UNITED STATES (USA)
8003,1C9507,1773,CUSTOMLINE SALES & MFG. CO.,NULL,NULL,6,UNITED STATES (USA)
11242,1C9291,1775,CX AUTOMOTIVE CORPORATION,NULL,NULL,6,UNITED STATES (USA)
9710,1C9065,1776,CYCLE PRODUCTS,NULL,NULL,6,UNITED STATES (USA)
8489,1C9929,1778,CYGNUS MANUFACTURING COMPANY (CMC),NULL,NULL,6,UNITED STATES (USA)
10618,1D9500,1780,D & D INDUSTRIES,NULL,NULL,6,UNITED STATES (USA)
9571,1D9425,1782,D & D SALES,NULL,NULL,6,UNITED STATES (USA)
9572,1D9426,1782,D & D SALES,NULL,NULL,6,UNITED STATES (USA)
8002,1D9390,1783,"D & D SPEED & DECAL SHOP, INC.",NULL,NULL,6,UNITED STATES (USA)
8004,1D9040,1785,D & H ENTERPRISES,NULL,NULL,6,UNITED STATES (USA)
8005,1D9342,1786,JJS TRUCK EQUIPMENT LLC,NULL,NULL,6,UNITED STATES (USA)
3687,1C9257,1787,C.E.I. EQUIPMENT COMPANY INC,NULL,NULL,6,UNITED STATES (USA)
8006,1C9670,1788,"C.F. WELDING & MANUFACTURING, INC.",NULL,NULL,6,UNITED STATES (USA)
6960,1LU,1793,"DETERMAN WELDING & TANK SERVICE,INC",NULL,NULL,6,UNITED STATES (USA)
9396,2D9053,1797,DEX UNLIMITED INC,NULL,NULL,1,CANADA
8008,1D9310,1801,DIAMOND BOATS INC,NULL,NULL,6,UNITED STATES (USA)
10314,5FK,1802,"Diamond C Enterprises, Inc. dba Diamond C Farm Equipment",NULL,NULL,6,UNITED STATES (USA)
8970,1D9121,1805,DIAMOND D TRAILER MFG.,NULL,NULL,6,UNITED STATES (USA)
9859,1D9430,1805,DIAMOND D TRAILER MFG.,NULL,NULL,6,UNITED STATES (USA)
8009,4U8,1807,DRI-DOC INC,NULL,NULL,6,UNITED STATES (USA)
10592,1Z9212,1811,ILLINOIS TRAILER SALES,NULL,NULL,6,UNITED STATES (USA)
3665,1Z9159,1813,IMAGE CUSTOM CYCLES INC,NULL,NULL,6,UNITED STATES (USA)
8010,1D9312,1822,DESIGN CONCEPTS,NULL,NULL,6,UNITED STATES (USA)
10753,1G9033,1824,GALBREATH INC.,NULL,NULL,6,UNITED STATES (USA)
9892,1B9355,1831,BOLLINGER-ONKEN INC,NULL,NULL,6,UNITED STATES (USA)
3460,1B9943,1837,BONNELL INDUSTRIES INC.,NULL,NULL,6,UNITED STATES (USA)
7087,14X,1838,GENERAL AUTOMOTIVE CORPORATION,NULL,NULL,6,UNITED STATES (USA)
3621,2GL,1846,GENERAL COACH,NULL,NULL,6,UNITED STATES (USA)
3890,45J,1853,"J.Q. TEX, INC. ",NULL,NULL,6,UNITED STATES (USA)
8465,1J9296,1854,J. RAY'S TRAILERS,NULL,NULL,6,UNITED STATES (USA)
9327,1J9239,1858,J.D. ENTERPRISES,NULL,NULL,6,UNITED STATES (USA)
7097,1J9283,1859,J.D. SUTHERLAND CUSTOMS INC,NULL,NULL,6,UNITED STATES (USA)
9747,1J9262,1863,J.J.'S TRAILERS INC,NULL,NULL,6,UNITED STATES (USA)
7098,1J9265,1865,J.P. TRAILER MANUFACTURING,NULL,NULL,6,UNITED STATES (USA)
7090,1H9440,1876,"HATTON FABRICATION, INC.",NULL,NULL,6,UNITED STATES (USA)
9290,1D9309,1877,"DIAMOND REO TRUCKS, INC.",NULL,NULL,6,UNITED STATES (USA)
10091,SA9112,1879,HONNOR MARINE LTD,NULL,NULL,5,UNITED KINGDOM (UK)
9500,1H9429,1881,HOOCK CUSTOM TRAILERS,NULL,NULL,6,UNITED STATES (USA)
10615,1H9448,1882,HOOD FABRICATION INC.,NULL,NULL,6,UNITED STATES (USA)
9639,1H9398,1885,HOG MOTORCYCLE TRAILERS,NULL,NULL,6,UNITED STATES (USA)
10560,1H9418,1886,HORIZON ANIMAL HEALTH,NULL,NULL,6,UNITED STATES (USA)
10145,1B9599,1889,BAR T Z UNLIMITED,NULL,NULL,6,UNITED STATES (USA)
8011,1B9464,1890,BAR Y RANCH SUPPLY,NULL,NULL,6,UNITED STATES (USA)
8012,1B9348,1891,BARCROFT WELDING,NULL,NULL,6,UNITED STATES (USA)
8013,1B9457,1893,BARLOW'S WELDING AND CUSTOM TRAILER,NULL,NULL,6,UNITED STATES (USA)
7031,1B9629,1894,BARON USA INC,NULL,NULL,6,UNITED STATES (USA)
3694,1B9280,1895,"BARRETO MANUFACTURING, INC.",NULL,NULL,6,UNITED STATES (USA)
6977,1B9014,1897,BARRETT TRAILERS LLC,NULL,NULL,6,UNITED STATES (USA)
3754,1B9944,1907,"BAY BRIDGE MANUFACTURING, INC.",NULL,NULL,6,UNITED STATES (USA)
8014,1G9223,1908,GENERAL SHELTERS OF TEXAS INC,NULL,NULL,6,UNITED STATES (USA)
7292,1G9136,1915,GENERAL WELDING AND FABRICATING INC,NULL,NULL,6,UNITED STATES (USA)
7035,1B9684,1919,BLACK HORSE TRAILER,NULL,NULL,6,UNITED STATES (USA)
10629,2B9110,1920,BLACK LIGHTNING ALUMINUM TRAILERS LTD,NULL,NULL,1,CANADA
10134,1B9603,1922,BLACKHAWK BIKES,NULL,NULL,6,UNITED STATES (USA)
10265,5BC,1925,"GEORGIE BOY MANUFACTURING, INC.",NULL,NULL,6,UNITED STATES (USA)
8015,1G9230,1932,GERALD L. MCCOY,NULL,NULL,6,UNITED STATES (USA)
10955,119001,1938,1M CUSTOM CAR TRANSPORTS INC,NULL,NULL,6,UNITED STATES (USA)
8016,16U,1939,1ST CHOICE MANUFACTURING INC,NULL,NULL,6,UNITED STATES (USA)
9221,139002,1940,33 EAST MAINTENANCE INC.,NULL,NULL,6,UNITED STATES (USA)
6740,139003,1941,3M DYNAMIC MESSAGE SYSTEMS,NULL,NULL,6,UNITED STATES (USA)
8017,1B9380,1942,BULK TRUCK & TRANSPORT SERVICE INC,NULL,NULL,6,UNITED STATES (USA)
9560,1B9563,1943,BULL DAWG TRAILERS,NULL,NULL,6,UNITED STATES (USA)
9320,1B9555,1944,BULLMOBILE TRAILERS INC.,NULL,NULL,6,UNITED STATES (USA)
10341,1B9646,1945,BUMPER BAR PRODUCTS,NULL,NULL,6,UNITED STATES (USA)
9646,1B9703,1946,BUNDIT,NULL,NULL,6,UNITED STATES (USA)
6950,1B9131,1947,"BURCH BODY WORKS, INC.",NULL,NULL,6,UNITED STATES (USA)
7089,1G9285,1948,GRIMALDI'S HEATING & SHEET METAL INC,NULL,NULL,6,UNITED STATES (USA)
10259,1G9292,1950,"GRISWOLD MACHINE & ENGINEERING, INC.",NULL,NULL,6,UNITED STATES (USA)
9913,1G9265,1952,GRIZZLY CYCLE WORKS,NULL,NULL,6,UNITED STATES (USA)
9991,1G9272,1953,GRIZZLY MOUNTAIN MANUFACTURING,NULL,NULL,6,UNITED STATES (USA)
8018,1G9232,1955,GROOMS WELDING AND MACHINE,NULL,NULL,6,UNITED STATES (USA)
8019,1G9201,1956,GROUND HEATERS INC,NULL,NULL,6,UNITED STATES (USA)
9647,1A9624,1957,ALUMINX CO,NULL,NULL,6,UNITED STATES (USA)
6728,1A9618,1958,"ALUMITUFF MANUFACTURING, LLC",NULL,NULL,6,UNITED STATES (USA)
10453,1A9577,1962,AMARON TRAILERS,NULL,NULL,6,UNITED STATES (USA)
5881,1A9590,1963,AMAZE-N-TOW INC,NULL,NULL,6,UNITED STATES (USA)
8516,1A9582,1967,AMEN CHASSIS WORKS,NULL,NULL,6,UNITED STATES (USA)
3467,4DJ,1968,"AMERA TRAIL INC ",NULL,NULL,6,UNITED STATES (USA)
6124,1A9270,1969,"AMERI-CAN ENGINEERING, INC.",NULL,NULL,6,UNITED STATES (USA)
9506,1A9604,1970,AMERI-CAMP,NULL,NULL,6,UNITED STATES (USA)
5882,1A9522,1972,AMERICAN AIRPORT SUPPORT & FIRE RESCUE SYSTEMS INC,NULL,NULL,6,UNITED STATES (USA)
11269,1A9445,1973,"AMERICAN AUGERS, INC.",NULL,NULL,6,UNITED STATES (USA)
8020,1H9316,1987,HEARTLAND HOMES,NULL,NULL,6,UNITED STATES (USA)
8021,1H9315,1988,"HEARTLAND MOTORCYCLE, INC.",NULL,NULL,6,UNITED STATES (USA)
11065,1A9360,1991,ARISTOCRAT INDUSTRIES INC,NULL,NULL,6,UNITED STATES (USA)
10532,1A9592,1994,ARIZONA MACHINE & FABRICATION INC.,NULL,NULL,6,UNITED STATES (USA)
10527,1A9588,1999,ARLEN NESS,NULL,NULL,6,UNITED STATES (USA)
12677,1T9428,2001,"T G INDUSTRIES, INC.",NULL,NULL,6,UNITED STATES (USA)
8022,5AX,2002,"ARMOR CHASSIS, LLC",NULL,NULL,6,UNITED STATES (USA)
5876,1B9584,2005,"BEAR TRACK PRODUCTS, INC.",NULL,NULL,6,UNITED STATES (USA)
9824,4LN,2007,BECK TRAILER MANUFACTURING INC,NULL,NULL,6,UNITED STATES (USA)
9839,2B9007,2009,BEDARD TANKERS INC,NULL,NULL,6,UNITED STATES (USA)
2675,1B9277,2011,"BEE TRAILERS, INC.",NULL,NULL,6,UNITED STATES (USA)
11190,1H9039,2011,"BEE TRAILERS, INC.",NULL,NULL,6,UNITED STATES (USA)
8023,1B9330,2012,BEEHIVE ROAD WELDING & TRUCK SALES,NULL,NULL,6,UNITED STATES (USA)
6392,2M9116,2017,CONCEPTION METAVIC INC.,NULL,NULL,6,UNITED STATES (USA)
11581,1C9040,2020,"CONCORD ROAD EQUIPMENT MANUFACTURING, LLC",NULL,NULL,6,UNITED STATES (USA)
6100,1C9032,2025,CONDUX INTERNATIONAL INC.,NULL,NULL,6,UNITED STATES (USA)
7446,43C,2036,"CONSULIER INDUSTRIES, INC.",NULL,NULL,6,UNITED STATES (USA)
9916,1C9796,2038,CONTAINMENT TECHNOLOGY (CON-TEC),NULL,NULL,6,UNITED STATES (USA)
9345,1C9805,2039,CONTECH MANUFACTURING LLC,NULL,NULL,6,UNITED STATES (USA)
9727,1C9866,2053,C&P TRAILER SALES,NULL,NULL,6,UNITED STATES (USA)
10092,1C9786,2053,C&P TRAILER SALES,NULL,NULL,6,UNITED STATES (USA)
8025,1C9596,2055,C & D TRAILERS,NULL,NULL,6,UNITED STATES (USA)
10697,1C9830,2056,C-C ENTERPRISES,NULL,NULL,6,UNITED STATES (USA)
7418,1H9394,2067,H&H CUSTOM SOLUTIONS,NULL,NULL,6,UNITED STATES (USA)
9430,1H9426,2071,H&H WELDING & REPAIR LLC,NULL,NULL,6,UNITED STATES (USA)
8026,1A9421,2079,ALBERT LEA TRAILER INC.,NULL,NULL,6,UNITED STATES (USA)
8027,1D9388,2081,DEMPSTER INDUSTRIES INC.,NULL,NULL,6,UNITED STATES (USA)
10678,1D9474,2082,DENAIR TRAILER MANUFACTURING LLC,NULL,NULL,6,UNITED STATES (USA)
8028,4ER,2085,"AMERICAN TOTE BOAT TRAILER CO., INC",NULL,NULL,6,UNITED STATES (USA)
9712,1A9572,2087,"AMERICAN TRAILER MANUFACTURING CO., Inc.",NULL,NULL,6,UNITED STATES (USA)
14573,1A9514,2089,AMERICAN TRAILER MFG. CO.,NULL,NULL,6,UNITED STATES (USA)
8478,1A9638,2092,AMERICAN TRAILER SYSTEMS,NULL,NULL,6,UNITED STATES (USA)
10905,45E,2094,AMERICAN TRAVEL SYSTEMS INC.,NULL,NULL,6,UNITED STATES (USA)
8487,1C9921,2097,CARTER'S FABRICATION & DESIGN CO,NULL,NULL,6,UNITED STATES (USA)
7046,1C9673,2098,CASCADE CUSTOM MANUFACTURING INC,NULL,NULL,6,UNITED STATES (USA)
9814,1C9031,2099,CASCADE GENERAL INC,NULL,NULL,6,UNITED STATES (USA)
5976,1C9911,2100,CASCADE TRAILER & TRUCK,NULL,NULL,6,UNITED STATES (USA)
8029,1C9533,2101,CASCADIAN COMPANY,NULL,NULL,6,UNITED STATES (USA)
9186,1C9560,2104,CASTLE MOTORCYCLE MFG INC,NULL,NULL,6,UNITED STATES (USA)
7048,1C9826,2106,CATAMARAN CRUISERS,NULL,NULL,6,UNITED STATES (USA)
10342,1C9043,2107,CATO CUSTOMS,NULL,NULL,6,UNITED STATES (USA)
10538,1C9857,2115,CDF TRAILERS,NULL,NULL,6,UNITED STATES (USA)
4613,4MA,2121,"ATK AMERICA, INC.",NULL,NULL,6,UNITED STATES (USA)
10040,1C9811,2129,"CLASSIC ACQUISITIONS, LLC",NULL,NULL,6,UNITED STATES (USA)
9304,1C9777,2135,"CLASSIC GOLF CAR COMPANY, INC.",NULL,NULL,6,UNITED STATES (USA)
7052,1C9773,2138,CLASSIC MOTOR WORKS,NULL,NULL,6,UNITED STATES (USA)
3891,5F0,2139,"CLASSIC MOTORCYCLES & SIDECARS, INC.",NULL,NULL,NULL,NULL
9719,XTB,2139,"CLASSIC MOTORCYCLES & SIDECARS, INC.",NULL,NULL,37,RUSSIA
9720,1C9710,2139,"CLASSIC MOTORCYCLES & SIDECARS, INC.",NULL,NULL,6,UNITED STATES (USA)
7232,1C9747,2142,CLASSIC TOWS,NULL,NULL,6,UNITED STATES (USA)
7233,1C9748,2142,CLASSIC TOWS,NULL,NULL,6,UNITED STATES (USA)
11499,1C9742,2144,CLASSIC INVESTORS INC,NULL,NULL,6,UNITED STATES (USA)
10758,47Y,2149,"EMPIRE RV'S, INC.",NULL,NULL,6,UNITED STATES (USA)
10440,1E9301,2151,EMTEC COMPOSITES INC.,NULL,NULL,6,UNITED STATES (USA)
8031,1E9168,2152,EN PRO ENGINEERING PRODUCTS,NULL,NULL,6,UNITED STATES (USA)
10494,1E9307,2153,ENCORE TRAILERS,NULL,NULL,6,UNITED STATES (USA)
3126,1E9039,2154,ENERGY FABRICATION INC.,NULL,NULL,6,UNITED STATES (USA)
8032,1E9231,2156,ENERGY SYSTEMS,NULL,NULL,6,UNITED STATES (USA)
6586,1E9333,2157,ENGINE CONNECTION,NULL,NULL,6,UNITED STATES (USA)
3201,1E9127,2158,ENGLE FABRICATION INC.,NULL,NULL,6,UNITED STATES (USA)
9335,5F6,2160,ENNIS TRAILER MFG.,NULL,NULL,6,UNITED STATES (USA)
9324,1D9407,2162,DAIGLE TRAILERS,NULL,NULL,6,UNITED STATES (USA)
7059,JD1,2163,"DAIHATSU MOTOR CO., LTD.",NULL,NULL,3,JAPAN
7060,JD2,2163,"DAIHATSU MOTOR CO., LTD.",NULL,NULL,3,JAPAN
8033,4UG,2169,"ABU TRAILERS, INC.",NULL,NULL,6,UNITED STATES (USA)
9194,1A9379,2174,ACE MOTORCYCLE CORPORATION,NULL,NULL,6,UNITED STATES (USA)
7242,1Z9207,2179,C&S CYCLE & LEATHER INC DBA INDIAN MOTORCYCLE BRIT,NULL,NULL,6,UNITED STATES (USA)
9961,5FW,2185,DIAMOND T TRAILERS,NULL,NULL,6,UNITED STATES (USA)
6015,1D9499,2186,"DIAMOND TRAILER MANUFACTURERS, INC.",NULL,NULL,6,UNITED STATES (USA)
10636,1D9501,2187,"DIAMOND TRAILERS dba Profection Metalworks, Inc.",NULL,NULL,6,UNITED STATES (USA)
6017,1D9389,2189,DIAMONDBACK TRAILER MANUFACTURE,NULL,NULL,6,UNITED STATES (USA)
11003,1A9333,2196,ALUM-A-FAB INC,NULL,NULL,6,UNITED STATES (USA)
3458,1A9241,2197,"ALUM-LINE, INC.",NULL,NULL,6,UNITED STATES (USA)
8034,1YG,2198,ALUMA,NULL,NULL,6,UNITED STATES (USA)
9563,1A9477,2200,ALUMAX TRAILERS,NULL,NULL,6,UNITED STATES (USA)
10274,1A9568,2202,ALUMINATOR TRAILERS LLC,NULL,NULL,6,UNITED STATES (USA)
3454,5JX,2205,THE ALUMINUM TRAILER COMPANY,NULL,NULL,6,UNITED STATES (USA)
9947,1N9167,2205,THE ALUMINUM TRAILER COMPANY,NULL,NULL,6,UNITED STATES (USA)
10581,1A9616,2206,ALUMINUM TRAILER MANUFACTURING,NULL,NULL,6,UNITED STATES (USA)
3735,1W9488,2208,CERTIFIED STAINLESS SERVICES INC DBA WESTMARK,NULL,NULL,6,UNITED STATES (USA)
7422,16W,2208,CERTIFIED STAINLESS SERVICES INC DBA WESTMARK,NULL,NULL,6,UNITED STATES (USA)
9967,1C9764,2210,CGM FABRICATIONS,NULL,NULL,6,UNITED STATES (USA)
3758,1C9725,2211,CHALET RV INC.,NULL,NULL,6,UNITED STATES (USA)
8035,2C9155,2213,CHAMELEON TRANSPORTATION SYSTEMS IN,NULL,NULL,1,CANADA
5965,5D6,2216,"CENTURION VEHICLES, INC.",NULL,NULL,6,UNITED STATES (USA)
7469,1C9207,2220,"CENTURY TRAILER COMPANY, INC.",NULL,NULL,6,UNITED STATES (USA)
13227,1D9899,2223,DUN-RITE MANUFACTURING LLC,NULL,NULL,6,UNITED STATES (USA)
8036,1D9022,2225,DUNCAN DBA SUPPLY COMPANY,NULL,NULL,6,UNITED STATES (USA)
6978,1D9088,2231,DURALITE TRUCK BODY & CONTAINER COR,NULL,NULL,6,UNITED STATES (USA)
11091,1D9114,2232,"DURNELL INDUSTRIES, CO.",NULL,NULL,6,UNITED STATES (USA)
2842,1D9396,2234,"DUTCH PARK HOMES, INC",NULL,NULL,6,UNITED STATES (USA)
8037,1D9373,2236,"DUTCH PARK, INC.",NULL,NULL,6,UNITED STATES (USA)
7074,1D9446,2238,DUVALL EQUIPMENT LLC,NULL,NULL,6,UNITED STATES (USA)
3146,1D9358,2244,DYNAMAX CORPORATION,NULL,NULL,6,UNITED STATES (USA)
8038,1D9348,2245,DYNAMIC AIR SYSTEMS,NULL,NULL,6,UNITED STATES (USA)
7075,1D9475,2247,DYNAMIC MANUFACTURING CORPORATION,NULL,NULL,6,UNITED STATES (USA)
8039,1E9130,2249,E & L TRAILERS,NULL,NULL,6,UNITED STATES (USA)
10696,1E9274,2249,E & L TRAILERS,NULL,NULL,6,UNITED STATES (USA)
8041,1UW,2250,E-Z TOW TRAILERS LLC,NULL,NULL,6,UNITED STATES (USA)
7107,1M9606,2252,MATRIX MOTOR COMPANY INC,NULL,NULL,6,UNITED STATES (USA)
9360,1M9552,2254,"MATTY'S MARINE & MOTORSPORTS, INC.",NULL,NULL,6,UNITED STATES (USA)
7151,1T9720,2257,TUG HILL TRAILER MFG,NULL,NULL,6,UNITED STATES (USA)
5458,1T9649,2261,TULSA RIG IRON INC,NULL,NULL,6,UNITED STATES (USA)
10611,1P9487,2273,PIEDMONT SERVICE TRUCKS,NULL,NULL,6,UNITED STATES (USA)
6510,1P9002,2274,PIERCE MANUFACTURING COMPANY,NULL,NULL,6,UNITED STATES (USA)
10668,1P9010,2278,"PILGRIM MANUFACTURING CO., INC.",NULL,NULL,6,UNITED STATES (USA)
7219,1P9092,2283,PAK-MOR MANUFACTURING COMPANY,NULL,NULL,6,UNITED STATES (USA)
8042,1M9465,2285,MEEKS ENGINEERING,NULL,NULL,6,UNITED STATES (USA)
8043,1M9474,2286,MEEKS TRUCK & TRAILER,NULL,NULL,6,UNITED STATES (USA)
4789,5JY,2290,PITTS ENTERPRISES INC,NULL,NULL,6,UNITED STATES (USA)
10631,1P9484,2293,PITTSBURGH MOTORCYCLE WORKS,NULL,NULL,6,UNITED STATES (USA)
9540,5HM,2297,PLATINUM MANUFACTURING LLC,NULL,NULL,6,UNITED STATES (USA)
5577,3T9049,2303,"TRINITY INDUSTRIES, INC.",NULL,NULL,12,MEXICO
6992,14J,2303,"TRINITY INDUSTRIES, INC.",NULL,NULL,6,UNITED STATES (USA)
5543,1T9656,2304,"TRINITY TRAILER MFG., INC.",NULL,NULL,6,UNITED STATES (USA)
8044,1T9522,2305,TRINITY TRAILERS,NULL,NULL,6,UNITED STATES (USA)
10087,5HB,2305,TRINITY TRAILERS,NULL,NULL,6,UNITED STATES (USA)
8045,1T9497,2306,TRIPLE B TRAILERS,NULL,NULL,6,UNITED STATES (USA)
10700,1T9237,2307,TRIPLE B&J TRAILERS MFG. INC.,NULL,NULL,6,UNITED STATES (USA)
10108,2LD,2310,TRIPLE E CANADA LTD.,NULL,NULL,1,CANADA
12444,2T9206,2310,TRIPLE E CANADA LTD.,NULL,NULL,1,CANADA
8046,1T9545,2315,TRAIL CRAFT,NULL,NULL,6,UNITED STATES (USA)
6396,1T9621,2316,"TRAIL MAKER TRAILERS, INC.",NULL,NULL,6,UNITED STATES (USA)
10959,1S9470,2318,SPECIALIZED PRODUCTS INC,NULL,NULL,6,UNITED STATES (USA)
6324,1S9623,2323,SPECIALTY METAL FAB.,NULL,NULL,6,UNITED STATES (USA)
10233,2S9058,2324,Specialty Steel Incorporated,NULL,NULL,1,CANADA
6176,1K9188,2326,"KENCO FABRICATING COMPANY, INC.",NULL,NULL,6,UNITED STATES (USA)
9684,1K9201,2328,KENDALL TRAILER MFG.,NULL,NULL,6,UNITED STATES (USA)
8047,1K9155,2330,KENDRICK'S PRE-FAB WELDING,NULL,NULL,6,UNITED STATES (USA)
6964,1K9023,2333,KENT TRUCK-TRAILER SERVICE INC.,NULL,NULL,6,UNITED STATES (USA)
4025,1KK,2340,KENTUCKY MANUFACTURING CO.,NULL,NULL,6,UNITED STATES (USA)
9439,4YD,2347,KEYSTONE RV,NULL,NULL,6,UNITED STATES (USA)
5218,KNJ,2350,KIA MOTORS (FORD IMPORTS),NULL,NULL,15,SOUTH KOREA
7216,1DV,2353,KIEFER BUILT INC.,NULL,NULL,6,UNITED STATES (USA)
6857,1K9361,2354,"KIF, LLC",NULL,NULL,6,UNITED STATES (USA)
10535,1P9456,2355,PLAYMAKER RV INC,NULL,NULL,6,UNITED STATES (USA)
6205,1P9480,2356,"PLEASANT HILLS, LLC.",NULL,NULL,6,UNITED STATES (USA)
6915,1P9768,2357,"PLEASANT VALLEY HOMES, INC. D/B/A FORK CREEK",NULL,NULL,6,UNITED STATES (USA)
8048,4VR,2364,MORRIS FARMS,NULL,NULL,6,UNITED STATES (USA)
8049,1M9163,2371,"MORSE MANUFACTURING, INC.",NULL,NULL,6,UNITED STATES (USA)
10245,1M9598,2373,MORSE TRAILER,NULL,NULL,6,UNITED STATES (USA)
7015,ZLV,2376,MOTO LAVERDA SPA,NULL,NULL,9,ITALY
10442,2P9079,2381,SPAR ROOFING & METAL SUPPLIES LTD,NULL,NULL,6,UNITED STATES (USA)
8050,1S9451,2383,SPARTA MANUFACTURING CORPORATION,NULL,NULL,6,UNITED STATES (USA)
8051,1S9658,2386,SPYGAARD INDUSTRIES INC.,NULL,NULL,6,UNITED STATES (USA)
11001,1S9490,2388,SQUATDOWN MFG INC,NULL,NULL,6,UNITED STATES (USA)
10703,1S9823,2389,SR TRAILERS,NULL,NULL,6,UNITED STATES (USA)
10114,1S9775,2390,SRTS COMPANY INC,NULL,NULL,6,UNITED STATES (USA)
10037,1S9764,2391,SSI SHREDDING SYSTEMS INC,NULL,NULL,6,UNITED STATES (USA)
9366,1R9387,2392,RBG INC.,NULL,NULL,6,UNITED STATES (USA)
8052,1R9351,2395,RC TRAILERS,NULL,NULL,6,UNITED STATES (USA)
10628,1R9476,2396,RDM PRODUCTS,NULL,NULL,6,UNITED STATES (USA)
8053,1S9663,2402,SWIFT ENTERPRISES INC.,NULL,NULL,6,UNITED STATES (USA)
8054,1S9649,2403,SWINFORD TRAILER SALES,NULL,NULL,6,UNITED STATES (USA)
9959,1S9755,2404,SWINGLIFT USA,NULL,NULL,6,UNITED STATES (USA)
10633,1T9774,2406,T&A DOUBLE TILT TRAILERS,NULL,NULL,6,UNITED STATES (USA)
5128,5UR,2407,T & D ENTERPRISE INC,NULL,NULL,6,UNITED STATES (USA)
7138,1T9751,2407,T & D ENTERPRISE INC,NULL,NULL,6,UNITED STATES (USA)
10606,1T9784,2408,"T & D MANUFACTURING, LLC",NULL,NULL,6,UNITED STATES (USA)
10644,1T9770,2414,T BAR J TRAILERS,NULL,NULL,6,UNITED STATES (USA)
10699,1T9702,2415,T&R'S USED CARS INC.,NULL,NULL,6,UNITED STATES (USA)
6741,1T9604,2417,T&D TRAILER SUPPLIES,NULL,NULL,6,UNITED STATES (USA)
9311,1T9629,2419,"T&M CUSTOM TRAILERS, LLC.",NULL,NULL,6,UNITED STATES (USA)
10077,1T9677,2421,T&T SALES OF ELBERTON INC,NULL,NULL,6,UNITED STATES (USA)
11719,4M9064,2426,MONTE CARLO  LIMITED INC,NULL,NULL,6,UNITED STATES (USA)
10133,1M9567,2429,MONTONE TRAILERS LLC,NULL,NULL,6,UNITED STATES (USA)
10990,1M9092,2431,MOOG USA INC,NULL,NULL,6,UNITED STATES (USA)
9887,1M9080,2433,MARS PERFORMANCE MANUFACTURING,NULL,NULL,6,UNITED STATES (USA)
9876,1M9542,2434,"MARSHALL AUSTIN PRODUCTIONS, INC.",NULL,NULL,6,UNITED STATES (USA)
9074,1R9195,2442,"REINCO, INC.",NULL,NULL,6,UNITED STATES (USA)
8055,1P9351,2443,"PETERSON BUILT PRODUCTS, INC.",NULL,NULL,6,UNITED STATES (USA)
6180,1P9090,2444,"PETERSON INDUSTRIES, INC.",NULL,NULL,6,UNITED STATES (USA)
11009,1M9093,2454,MIKE'S TRAILERS,NULL,NULL,6,UNITED STATES (USA)
10963,1M9086,2455,MILES TRANSPORT SERVICES INC,NULL,NULL,6,UNITED STATES (USA)
7108,1M9609,2457,MILL WORKS INC,NULL,NULL,6,UNITED STATES (USA)
9945,1M9546,2458,MILLENNIUM MANUFACTRUING,NULL,NULL,6,UNITED STATES (USA)
9914,1M9548,2459,MILLENNIUM MOTORCYCLE CORPORATION,NULL,NULL,6,UNITED STATES (USA)
10477,5K1,2462,MILLER BUILT TRAILERS,NULL,NULL,6,UNITED STATES (USA)
10345,1M9604,2464,"MILLER MANUFACTURING, LLC",NULL,NULL,6,UNITED STATES (USA)
7405,1M9632,2466,MILLER RV MFG. COMPANY,NULL,NULL,6,UNITED STATES (USA)
9855,1M9537,2467,MILLER TRAILER AND MANUFACTURER COMPANY,NULL,NULL,6,UNITED STATES (USA)
9780,1ML,2468,"MILLER TRAILERS, INC.",NULL,NULL,6,UNITED STATES (USA)
9750,1M9631,2469,MILLERTIME MFG LLC,NULL,NULL,6,UNITED STATES (USA)
9931,1S9751,2470,SUPERIOR TRANSPORTS INC.,NULL,NULL,6,UNITED STATES (USA)
10129,SDR,2475,RICHARDSON RICE TRAILERS LTD,NULL,NULL,5,UNITED KINGDOM (UK)
11200,1K9106,2485,KEEHN SERVICE CORPORATION,NULL,NULL,6,UNITED STATES (USA)
9866,5TL,2490,TRANSPORTATION DESIGN & MANUFACTURING CO.,NULL,NULL,6,UNITED STATES (USA)
5359,2FW,2496,Sterling Trucks (Daimler Division),NULL,NULL,6,UNITED STATES (USA)
5360,2FZ,2496,Sterling Trucks (Daimler Division),NULL,NULL,6,UNITED STATES (USA)
5857,49H,2496,Sterling Trucks (Daimler Division),NULL,NULL,6,UNITED STATES (USA)
6472,480,2496,Sterling Trucks (Daimler Division),NULL,NULL,6,UNITED STATES (USA)
6694,3SD,2496,Sterling Trucks (Daimler Division),NULL,NULL,12,MEXICO
9542,1S9787,2502,"STEWART & STEVENSON SERVICES, INC.",NULL,NULL,6,UNITED STATES (USA)
7134,5KR,2505,Stiles Trailer Company,NULL,NULL,6,UNITED STATES (USA)
7135,1S9855,2506,STILL TRAILER MANUFACTURING,NULL,NULL,6,UNITED STATES (USA)
8056,1S9675,2510,STOCK CAR FABRICATIONS,NULL,NULL,6,UNITED STATES (USA)
8057,1S9424,2512,STOCKTON TRUCK AND WELDING,NULL,NULL,6,UNITED STATES (USA)
9385,1S9822,2514,STOESS MANUFACTURING INC,NULL,NULL,6,UNITED STATES (USA)
10041,1S9763,2515,STOHL TRAILERS,NULL,NULL,6,UNITED STATES (USA)
6715,1N9226,2522,NIX EVIL TWINS,NULL,NULL,6,UNITED STATES (USA)
4156,1H9139,2531,HANK WILLIAMS TRAILER MANUFACTURING,NULL,NULL,6,UNITED STATES (USA)
5049,5MU,2544,ROAD KING TRAILERS OF FLORIDA LLC,NULL,NULL,6,UNITED STATES (USA)
5712,5NW,2545,"TOWBLAZER, INC.",NULL,NULL,6,UNITED STATES (USA)
5769,1Z9217,2546,ZAP!,NULL,NULL,6,UNITED STATES (USA)
8314,UC5,2548,LACFAMET,NULL,NULL,26,SPAIN
8058,1M9458,2555,MITY MITE MANUFACTURING,NULL,NULL,6,UNITED STATES (USA)
9167,4GK,2557,"MJT MANUFACTURING ",NULL,NULL,6,UNITED STATES (USA)
9642,1M9651,2559,"MKR FABRICATORS, INC.",NULL,NULL,6,UNITED STATES (USA)
5319,1P9139,2562,T.A. PELSUE COMPANY,NULL,NULL,6,UNITED STATES (USA)
9322,1T9576,2564,"THAWZALL, LLC",NULL,NULL,6,UNITED STATES (USA)
9615,ZGR,2568,II Toro Italiano Inc.,NULL,NULL,9,ITALY
4847,1P9854,2569,"POE CONST. & MFG., INC.",NULL,NULL,6,UNITED STATES (USA)
7129,1S9843,2572,"SOUTH COAST CHOPPERS, INC",NULL,NULL,6,UNITED STATES (USA)
10315,1S9806,2574,SOUTH FLORIDA TRAILERS OF FL. INC.,NULL,NULL,6,UNITED STATES (USA)
9951,1Z9149,2577,"QUALITY TRUCK BODIES & REPAIR, INC.",NULL,NULL,6,UNITED STATES (USA)
8059,1Z9068,2582,"QUALITY WELDING SERVICE, INC.",NULL,NULL,6,UNITED STATES (USA)
9524,1S9385,2583,"STRUCTURAL STEEL SUPPLY, INC.",NULL,NULL,6,UNITED STATES (USA)
8060,1S9673,2584,"STUART SCOTSMAN, L.L.C.",NULL,NULL,6,UNITED STATES (USA)
10632,1S9846,2588,STUDEBAKER MOTOR COMPANY,NULL,NULL,6,UNITED STATES (USA)
2281,4S3,2593,"SUBARU OF AMERICA, INC",NULL,NULL,6,UNITED STATES (USA)
2282,4S4,2593,"SUBARU OF AMERICA, INC",NULL,NULL,6,UNITED STATES (USA)
8061,1S9393,2596,SUGAR CREEK MANUFACTURING CO.,NULL,NULL,6,UNITED STATES (USA)
7404,1S9841,2600,SUMSTAD MFG,NULL,NULL,6,UNITED STATES (USA)
10104,1G9276,2602,"Grand Canyon Golf Cars, Inc. ",NULL,NULL,6,UNITED STATES (USA)
4435,5BB,2605,MILWAUKEE MOTORCYCLE COMPANY,NULL,NULL,6,UNITED STATES (USA)
8062,1M9359,2609,MINIMIXX CONCRETE SYSTEMS,NULL,NULL,6,UNITED STATES (USA)
8063,1R9336,2619,R.A.M. TRAILERS,NULL,NULL,6,UNITED STATES (USA)
4898,4GJ,2622,POLY-JOHN ENTERPRISES INCORPORATION LLC,NULL,NULL,6,UNITED STATES (USA)
9368,1M9580,2627,MOD RODS,NULL,NULL,6,UNITED STATES (USA)
9809,1M9008,2628,MODEC INC,NULL,NULL,6,UNITED STATES (USA)
9313,1M9AAA,2632,"MODULAR STRUCTURES INTERNATIONAL, INC.",NULL,NULL,6,UNITED STATES (USA)
11220,1M9411,2634,MOEN CUSTOM TRAILERS (MCT),NULL,NULL,6,UNITED STATES (USA)
10647,5L7,2635,MOFFETT UTILITY TRAILERS,NULL,NULL,6,UNITED STATES (USA)
10237,1M9643,2640,"MOKAI MANUFACTURING, INC.",NULL,NULL,6,UNITED STATES (USA)
4421,1RF,2642,"ROADMASTER, MONACO COACH CORPORATION ",NULL,NULL,6,UNITED STATES (USA)
6314,1R9581,2642,"ROADMASTER, MONACO COACH CORPORATION ",NULL,NULL,6,UNITED STATES (USA)
4402,4K0,2643,MONACO COACH CORPORATION,NULL,NULL,6,UNITED STATES (USA)
4527,51Z,2644,"MONACO RV, LLC",NULL,NULL,6,UNITED STATES (USA)
4531,51T,2644,"MONACO RV, LLC",NULL,NULL,6,UNITED STATES (USA)
4666,51U,2644,"MONACO RV, LLC",NULL,NULL,6,UNITED STATES (USA)
4667,51V,2644,"MONACO RV, LLC",NULL,NULL,6,UNITED STATES (USA)
4669,51X,2644,"MONACO RV, LLC",NULL,NULL,6,UNITED STATES (USA)
7119,1R9366,2649,"RAM ENTERPRISES, L.L.C",NULL,NULL,6,UNITED STATES (USA)
9900,1R9407,2650,RAM FABRICATION LLC,NULL,NULL,6,UNITED STATES (USA)
8064,1R9202,2652,RAMP AGE TRAILER CO.,NULL,NULL,6,UNITED STATES (USA)
8090,1R9223,2654,"RANCE ALUMINUM FABRICATION, INC.",NULL,NULL,6,UNITED STATES (USA)
8091,1S9612,2658,"SUN INTERNATIONAL HOLDING, INC",NULL,NULL,6,UNITED STATES (USA)
9701,1K9050,2661,KAL MANUFACTURING,NULL,NULL,6,UNITED STATES (USA)
9805,1S9262,2683,SUNRIDGE INDUSTRIES INC,NULL,NULL,6,UNITED STATES (USA)
8093,1B9466,2691,"BUCKNER WELDING ",NULL,NULL,6,UNITED STATES (USA)
7663,1L9064,2692,LAZY N INC,NULL,NULL,6,UNITED STATES (USA)
10180,1C9836,2694,LBE COMPANY INC DBA CUSTOM MFG,NULL,NULL,6,UNITED STATES (USA)
9822,4J8,2695,"LBT, INC.",NULL,NULL,6,UNITED STATES (USA)
8252,1L9224,2696,"LBT STAINLESS, INC.",NULL,NULL,6,UNITED STATES (USA)
10457,1L9Y85,2697,LCH HOLDING CORPORATION,NULL,NULL,6,UNITED STATES (USA)
9706,1L9174,2702,LEBER COACH MANUFACTURING,NULL,NULL,6,UNITED STATES (USA)
11606,1L9033,2705,"LEDWELL & SON ENTERPRISES, INC.",NULL,NULL,6,UNITED STATES (USA)
10336,1L9301,2709,LEEWOOD INC ELECTRIC CAR,NULL,NULL,6,UNITED STATES (USA)
10489,1L9316,2710,LEGACY TRAILERS LLC,NULL,NULL,6,UNITED STATES (USA)
6214,5D3,2712,"LEGEND TRAILERS, INC.",NULL,NULL,6,UNITED STATES (USA)
10919,1L9127,2715,Leland Truck Equipment,NULL,NULL,6,UNITED STATES (USA)
9361,1E9268,2716,EXCALIBER FABRICATIONS INC.,NULL,NULL,6,UNITED STATES (USA)
9308,5EN,2717,EXCALIBUR AUTOMOBILE CORPORATION,NULL,NULL,6,UNITED STATES (USA)
11370,1XA,2717,EXCALIBUR AUTOMOBILE CORPORATION,NULL,NULL,6,UNITED STATES (USA)
8494,1E9327,2718,EXCALIBUR TRAILER COMPANY,NULL,NULL,6,UNITED STATES (USA)
2750,1E9286,2721,EXCEL INC,NULL,NULL,6,UNITED STATES (USA)
8095,1R9299,2723,RAT TRAILER MFG,NULL,NULL,6,UNITED STATES (USA)
7137,1S9847,2728,"SUN WEST ENGINEERING, INC",NULL,NULL,6,UNITED STATES (USA)
8096,1S9571,2729,SURGICAL STEEDS AMERICAN MOTORCYCLE,NULL,NULL,6,UNITED STATES (USA)
10005,1S9749,2731,"SWAB WAGON COMPANY, INC.",NULL,NULL,6,UNITED STATES (USA)
10679,1S9818,2735,SWAY-A-WAY INC,NULL,NULL,6,UNITED STATES (USA)
8097,1R9352,2736,RUDY'S TRUCK BODY REPAIR,NULL,NULL,6,UNITED STATES (USA)
7122,1R9473,2739,RUGGEDBILT-USA INC,NULL,NULL,6,UNITED STATES (USA)
8098,1R9323,2741,RUSH & SON INC.,NULL,NULL,6,UNITED STATES (USA)
9688,1R9486,2746,"RWCI, INC.",NULL,NULL,6,UNITED STATES (USA)
6271,1R9361,2747,"RY-CHASE, INC.",NULL,NULL,6,UNITED STATES (USA)
9958,1R9417,2748,RYAN TRAILERS,NULL,NULL,6,UNITED STATES (USA)
9246,1S9643,2749,S & D MANUFACTURING,NULL,NULL,6,UNITED STATES (USA)
9944,1S9745,2751,S & R KING MECHANICAL CONTRACTOR INC,NULL,NULL,6,UNITED STATES (USA)
8099,1S9501,2756,S & S MANUFACTURING,NULL,NULL,6,UNITED STATES (USA)
9541,1S9856,2756,S & S MANUFACTURING,NULL,NULL,6,UNITED STATES (USA)
8100,1S9389,2760,S & S WELDING,NULL,NULL,6,UNITED STATES (USA)
9833,1S9334,2761,S & W WELDING INC,NULL,NULL,6,UNITED STATES (USA)
9980,1S9737,2762,S * S COMPANY,NULL,NULL,6,UNITED STATES (USA)
8102,1S9661,2764,S AND J MFG.,NULL,NULL,6,UNITED STATES (USA)
10600,1K9237,2766,KILLER CHOPPER CYCLE FABRICATION,NULL,NULL,6,UNITED STATES (USA)
12009,1T9072,2767,"THE TRAILER COMPANY, INC.",NULL,NULL,6,UNITED STATES (USA)
8103,1W9200,2778,THE WOOD/CHUCK CHIPPER CORP.,NULL,NULL,6,UNITED STATES (USA)
8104,1T9338,2779,THERMAL TREK INC.,NULL,NULL,6,UNITED STATES (USA)
8105,1R9222,2785,LERCH'S RECREATION VEHICLE SALES,NULL,NULL,6,UNITED STATES (USA)
9564,1M9538,2793,MIGHTY MITE,NULL,NULL,6,UNITED STATES (USA)
9939,4AG,2794,"MIGHTYMOVER TRAILERS, INC.",NULL,NULL,6,UNITED STATES (USA)
8106,1M9100,2795,MIKE GREEN HYDROS INC,NULL,NULL,6,UNITED STATES (USA)
6195,1K9226,2796,KRUZ INC.,NULL,NULL,6,UNITED STATES (USA)
10034,2K9062,2797,KRUZER MOTORCYCLE TRAILERS,NULL,NULL,6,UNITED STATES (USA)
9621,1K9232,2798,KSM ENTERPRISES/LOWBED DIVISION,NULL,NULL,6,UNITED STATES (USA)
6194,1K9236,2800,"KUNTRY KUSTOM RV, LLC DBA RICH SPECIALTY TRAILERS",NULL,NULL,6,UNITED STATES (USA)
10525,1K9118,2803,KUSTOM SIGNALS INC.,NULL,NULL,6,UNITED STATES (USA)
3446,LC2,2806,"KWANG YANG MOTOR CO., LTD (KYMCO)",NULL,NULL,8,CHINA
3951,RFB,2806,"KWANG YANG MOTOR CO., LTD (KYMCO)",NULL,NULL,4,TAIWAN
7022,RGS,2806,"KWANG YANG MOTOR CO., LTD (KYMCO)",NULL,NULL,4,TAIWAN
8107,1N9160,2807,NORDIC TRAILER SALES,NULL,NULL,6,UNITED STATES (USA)
8108,1N9025,2808,NORDSKOG ELECTRIC VEHICLES,NULL,NULL,6,UNITED STATES (USA)
9956,1N9184,2809,NORFLEET MFG. CO.,NULL,NULL,6,UNITED STATES (USA)
9549,2C9151,2810,NORMAND CO. LTD,NULL,NULL,1,CANADA
9949,1N9180,2811,NORTH - EAST STEEL FABRICATION,NULL,NULL,6,UNITED STATES (USA)
7664,1N9034,2813,NORTH AMERICAN MFG. CO. INC.,NULL,NULL,6,UNITED STATES (USA)
11313,1N9115,2814,NORTH AMERICAN TRANSIT INC,NULL,NULL,6,UNITED STATES (USA)
8109,1N9114,2815,NORTH BAY TRUCKWORKS,NULL,NULL,6,UNITED STATES (USA)
8110,1S9313,2822,"S.D.P. MANUFACTURING, INC.",NULL,NULL,6,UNITED STATES (USA)
8111,4J6,2826,THE H&H TRAILER CO.,NULL,NULL,6,UNITED STATES (USA)
9465,1T9752,2829,TABOO MOTORCYCLE COMPANY LLC,NULL,NULL,6,UNITED STATES (USA)
7007,1S9098,2832,SAAB-SCANIA OF AMERICAN INC.,NULL,NULL,6,UNITED STATES (USA)
13950,1S9705,2839,SAGINAW PRODUCTS CORPORATION,NULL,NULL,NULL,NULL
8112,1S9647,2840,SAKO CORPORATION,NULL,NULL,6,UNITED STATES (USA)
7371,1S9842,2841,SALEEN INC,NULL,NULL,6,UNITED STATES (USA)
7665,11Y,2847,SAM'S TRAILERS,NULL,NULL,6,UNITED STATES (USA)
8113,1S9641,2849,SAMMY'S GOLF CARS LLC,NULL,NULL,6,UNITED STATES (USA)
10335,2T9089,2855,TANKCON FRP INC,NULL,NULL,1,CANADA
6930,1T9204,2856,"TARASPORT TRAILERS, INC.",NULL,NULL,6,UNITED STATES (USA)
6293,1T9700,2857,TARRANT MANUFACTURING CO. INC,NULL,NULL,6,UNITED STATES (USA)
8114,1T9544,2860,TAYLOR AND SONS CUSTOM BUILT TRAILERS,NULL,NULL,6,UNITED STATES (USA)
6299,1T9617,2863,TAYLOR MADE EQUIPMENT COMPANY,NULL,NULL,6,UNITED STATES (USA)
7140,1T9781,2864,"TAYLOR POWER SYSTEMS, INC.",NULL,NULL,6,UNITED STATES (USA)
7141,1T9750,2866,TAYLOR'S FAB & MECHANICAL SVC'S,NULL,NULL,6,UNITED STATES (USA)
6296,1T9583,2867,TAYLOR'S MANUFACTURING,NULL,NULL,6,UNITED STATES (USA)
10967,1T9402,2871,TCS CABLE INC,NULL,NULL,6,UNITED STATES (USA)
10910,1L9308,2875,"L & M SALES & SERVICE, INC",NULL,NULL,6,UNITED STATES (USA)
9985,1M9559,2880,"MOTORSPORT TRAILERS, INC.",NULL,NULL,6,UNITED STATES (USA)
10280,1M9511,2881,MOTORSPORTS TRANSPORTERS L.L.C.,NULL,NULL,6,UNITED STATES (USA)
11223,1M9007,2882,MOTT'S CUSTOM TRAILERS,NULL,NULL,6,UNITED STATES (USA)
6200,1M9500,2884,MINNEAPOLIS CUSTOM CYCLE,NULL,NULL,6,UNITED STATES (USA)
10269,1M9573,2886,MINUTEMAN BOAT HANDLING EQUIPMENT INC,NULL,NULL,6,UNITED STATES (USA)
6201,5M3,2888,MIRAGE TRAILERS LLC,NULL,NULL,6,UNITED STATES (USA)
11878,7LP,2888,MIRAGE TRAILERS LLC,NULL,NULL,6,UNITED STATES (USA)
6219,1M9512,2891,MTS MANUFACTURING,NULL,NULL,6,UNITED STATES (USA)
9382,2M9153,2903,MUST TECHNOLOGIES LTD,NULL,NULL,1,CANADA
4507,ZCG,2907,MV AGUSTA MOTOR S.P.A.,NULL,NULL,6,UNITED STATES (USA)
4607,1M9817,2908,MYCO TRAILERS,NULL,NULL,6,UNITED STATES (USA)
7508,4JF,2908,MYCO TRAILERS,NULL,NULL,6,UNITED STATES (USA)
10024,1M9570,2909,MYERS & SON  HI-WAY SAFETY INC,NULL,NULL,6,UNITED STATES (USA)
8115,2NE,2912,N&N REMORQUES INC.,NULL,NULL,1,CANADA
9994,1N9186,2913,"N I WILSON MFG, CO  INC.",NULL,NULL,6,UNITED STATES (USA)
8116,1N9151,2914,"N-LINE TRAILERS, INC.",NULL,NULL,6,UNITED STATES (USA)
8117,5BA,2917,"NABORS TRAILERS OF AMERICA, LLC",NULL,NULL,6,UNITED STATES (USA)
11403,1NT,2918,"NABORS TRAILERS, INC.",NULL,NULL,6,UNITED STATES (USA)
9960,1R9412,2923,"RICHCREEK MUFFLER, INC.",NULL,NULL,6,UNITED STATES (USA)
10316,1S9821,2924,SAPPER TRAILERS INC,NULL,NULL,6,UNITED STATES (USA)
8118,2S9109,2925,SASKARC INDUSTRIES,NULL,NULL,1,CANADA
5382,1T9054,2931,TEAM FENEX,NULL,NULL,6,UNITED STATES (USA)
3871,1K5,2936,KOMFORT CORP.,NULL,NULL,6,UNITED STATES (USA)
8119,1K4,2936,KOMFORT CORP.,NULL,NULL,6,UNITED STATES (USA)
9411,1K9219,2937,KOPAVI TRKES INC,NULL,NULL,6,UNITED STATES (USA)
7102,1K9220,2940,KAR FABRICATION INC,NULL,NULL,6,UNITED STATES (USA)
8120,1K9178,2942,KARD CO.,NULL,NULL,6,UNITED STATES (USA)
10103,1T9682,2943,TEKSOL INC,NULL,NULL,6,UNITED STATES (USA)
7265,2TM,2947,"TEMISKO, INC.",NULL,NULL,1,CANADA
5384,1TP,2952,TENNESSEE TRAILERS INC.,NULL,NULL,6,UNITED STATES (USA)
10983,1T9400,2954,TENSAS MACHINE & MANUFACTURING,NULL,NULL,6,UNITED STATES (USA)
5286,1T9697,2955,TENTRAX CORPORATION,NULL,NULL,6,UNITED STATES (USA)
9600,1T9648,2957,TERRADYNE EQUIPMENT COMPANY,NULL,NULL,6,UNITED STATES (USA)
8122,1L9227,2966,"LIGHT CAMPERS, INC.",NULL,NULL,6,UNITED STATES (USA)
9219,130,2967,LIGHTLINE PRODUCTS INC,NULL,NULL,6,UNITED STATES (USA)
6211,1L9272,2969,LIKENS TRAILER MANUFACTURING,NULL,NULL,6,UNITED STATES (USA)
8123,1L9158,2971,"LIL' JOHN'S PLACE, INC.",NULL,NULL,6,UNITED STATES (USA)
8124,1L9240,2976,LINEAR DYNAMICS INC,NULL,NULL,6,UNITED STATES (USA)
6209,5G0,2978,LIPPERT COMPONENT INC,NULL,NULL,6,UNITED STATES (USA)
9544,1L9278,2981,LITE-N-BOLT MANUFACTURING COMPANY,NULL,NULL,6,UNITED STATES (USA)
6925,1L9318,2984,LITTLE STANLEY CYCLES,NULL,NULL,6,UNITED STATES (USA)
8125,1R9312,2990,"RIDGEVIEW RACING, INC.",NULL,NULL,6,UNITED STATES (USA)
8126,1R9327,2991,RIDLEY MOTORCYCLE COMPANY,NULL,NULL,6,UNITED STATES (USA)
11033,49G,2997,"Poly-John International Corp., Trailer Division",NULL,NULL,6,UNITED STATES (USA)
10623,1T9775,2999,"TECHNOLOGY PLUS TRAILERS, INC.",NULL,NULL,6,UNITED STATES (USA)
6270,1S4,3000,"SUN-LITE, INC.",NULL,NULL,6,UNITED STATES (USA)
6268,1S9721,3003,SUNCOR INDUSTRIES INC.,NULL,NULL,6,UNITED STATES (USA)
6269,13S,3005,"Sundowner Trailers, Inc.",NULL,NULL,6,UNITED STATES (USA)
11979,1RB,3009,ROGERS BROTHERS CORPORATION,NULL,NULL,6,UNITED STATES (USA)
10598,18Y,3011,"ROGUE INDUSTRIES, INC.",NULL,NULL,6,UNITED STATES (USA)
8127,1R9158,3013,"ROHR MFG. GROUP, INC.",NULL,NULL,6,UNITED STATES (USA)
10639,1R9479,3014,ROLLIN' CUSTOM CYCLE,NULL,NULL,6,UNITED STATES (USA)
9912,1R9403,3015,ROLLRITE TRAILER MANUFACTURING,NULL,NULL,6,UNITED STATES (USA)
8128,1R9356,3016,ROLLS RITE TRAILERS,NULL,NULL,6,UNITED STATES (USA)
6238,1R9333,3028,ROSEBURG TRAILER WORKS INC,NULL,NULL,6,UNITED STATES (USA)
7666,1R9082,3029,"ROSEWOOD ENTERPRISES, INC",NULL,NULL,6,UNITED STATES (USA)
10078,17X,3035,DOUG BRAGG INC.DBA TEXAS BRAGG ENTERPRISES,NULL,NULL,6,UNITED STATES (USA)
8511,1K9234,3045,KING RD. WELDING,NULL,NULL,6,UNITED STATES (USA)
7004,1K9049,3049,"KINGSTON TRAILERS, LLC",NULL,NULL,6,UNITED STATES (USA)
10665,1K9065,3051,KIPE STEEL,NULL,NULL,6,UNITED STATES (USA)
9969,1K9197,3052,KIRKLEY & SON MACHINE SHOP,NULL,NULL,6,UNITED STATES (USA)
10864,1W9333,3054,"TGB FABRICATION, INC.",NULL,NULL,6,UNITED STATES (USA)
5312,1LP,3057,"THE ADVANCE METALWORKING CO., INC.",NULL,NULL,6,UNITED STATES (USA)
8129,1B9332,3060,THE BARTLEY CORPORATION,NULL,NULL,6,UNITED STATES (USA)
8130,1T9493,3067,THE BROWN CO,NULL,NULL,6,UNITED STATES (USA)
7142,1C9909,3071,THE CHOP SHOP LLC,NULL,NULL,6,UNITED STATES (USA)
10487,1C9901,3072,THE CHOPPER SHOP LLC,NULL,NULL,6,UNITED STATES (USA)
8273,1C9655,3073,CLEVELAND MOTORCYCLE MANUFACTURING CO,NULL,NULL,6,UNITED STATES (USA)
9742,1C9520,3076,COMMODORE HOMES OF INDIANA,NULL,NULL,6,UNITED STATES (USA)
5325,1T9716,3077,THE CONCRETE EDGE COMPANY,NULL,NULL,6,UNITED STATES (USA)
4045,1L9282,3082,LOAD GLIDE TRAILERS,NULL,NULL,6,UNITED STATES (USA)
10288,5LK,3083,LOAD KING LLC,NULL,NULL,6,UNITED STATES (USA)
9256,1L9232,3084,LOAD MAXX TRAILER CO.,NULL,NULL,6,UNITED STATES (USA)
7230,1PH,3087,LOAD RITE TRAILERS INC,NULL,NULL,6,UNITED STATES (USA)
7457,5A4,3087,LOAD RITE TRAILERS INC,NULL,NULL,6,UNITED STATES (USA)
10332,1N9203,3091,NELSON WELDING,NULL,NULL,6,UNITED STATES (USA)
11230,1M9023,3096,MACKLIN WELDING,NULL,NULL,6,UNITED STATES (USA)
8131,1M9176,3097,MACKS METAL FAB,NULL,NULL,6,UNITED STATES (USA)
10648,1M9648,3104,MADMAN MANUFACTURING INC.,NULL,NULL,6,UNITED STATES (USA)
8132,1M9412,3107,"MAGNETEK, INC.",NULL,NULL,6,UNITED STATES (USA)
9482,1M9621,3108,MAGNOLIA CARGO INC.,NULL,NULL,6,UNITED STATES (USA)
6273,4SL,3110,MAGNUM MANUFACTURING DIVSION OF COACH CORP,NULL,NULL,6,UNITED STATES (USA)
10813,475,3113,PARKWOOD HOMES,NULL,NULL,6,UNITED STATES (USA)
8133,1R9311,3116,ROCK-N DIAMOND B TRAILERS,NULL,NULL,6,UNITED STATES (USA)
10597,1R9469,3117,ROCKET CITY CYLCLES,NULL,NULL,6,UNITED STATES (USA)
8134,1R9342,3118,ROCKET FIBERGLASS,NULL,NULL,6,UNITED STATES (USA)
7425,4YB,3119,"ROCKET INTERNATIONAL, Inc.",NULL,NULL,6,UNITED STATES (USA)
8135,1R9286,3121,ROCKING CHAIR MFG,NULL,NULL,6,UNITED STATES (USA)
11744,1R9482,3131,"RU2 SYSTEMS, INC.",NULL,NULL,6,UNITED STATES (USA)
8136,1R9233,3132,RUDCO PRODUCTS INC.,NULL,NULL,6,UNITED STATES (USA)
7121,1R9470,3133,RUDE DOG TRAILERS,NULL,NULL,6,UNITED STATES (USA)
8137,1P9003,3134,"PALMER MACHINE WORKS, INC.",NULL,NULL,6,UNITED STATES (USA)
4597,1P9477,3139,PALOMINO MANUFACTURING CORPORATION,NULL,NULL,6,UNITED STATES (USA)
6163,1P9412,3140,PAMLICO TRAILERS,NULL,NULL,6,UNITED STATES (USA)
6164,1P9405,3142,PANELLA TRAILERS,NULL,NULL,6,UNITED STATES (USA)
6165,1P9213,3146,PANOZ AUTO DEVELOPMENT CORPORATION,NULL,NULL,6,UNITED STATES (USA)
10128,1P9434,3149,PANTHER TRAILERS INC,NULL,NULL,6,UNITED STATES (USA)
10704,1P9332,3150,PANZER MOTORCYCLE WORKS  LLC,NULL,NULL,6,UNITED STATES (USA)
8138,1P9250,3154,PARAGON ENVIROMENTAL SYSTEMS,NULL,NULL,6,UNITED STATES (USA)
4514,1P9427,3155,PARAMOUNT CUSTOM CYCLES,NULL,NULL,6,UNITED STATES (USA)
9685,1S9757,3169,"SHOAL RUNNER BOATS, INC.",NULL,NULL,6,UNITED STATES (USA)
8139,1S9657,3170,"SHOOK ELECTRONCIS USA, INC.",NULL,NULL,6,UNITED STATES (USA)
10513,1S9779,3171,ROLLTECHS SPECIALTY VEHICLES LLC,NULL,NULL,6,UNITED STATES (USA)
9340,1R9423,3173,ROUTE SIXTY-SIX MOTORCYCLE CO. LLC,NULL,NULL,6,UNITED STATES (USA)
7120,1R9468,3174,ROUTE2TRAILERS.COM,NULL,NULL,6,UNITED STATES (USA)
10232,1T9736,3177,TEXAS PRECISION,NULL,NULL,6,UNITED STATES (USA)
6310,1T9623,3185,THE KBH CORPORATION,NULL,NULL,6,UNITED STATES (USA)
6937,1S9187,3191,"SIGMA METALS, INC.",NULL,NULL,6,UNITED STATES (USA)
8948,1S9360,3195,SIKESTON FENCE & CONSTRUCTION INC,NULL,NULL,6,UNITED STATES (USA)
8140,1S9390,3196,"SILVER EAGLE COACH, INC.",NULL,NULL,6,UNITED STATES (USA)
5587,1U3,3197,SILVER EAGLE MANUFACTURING COMPANY,NULL,NULL,6,UNITED STATES (USA)
5662,1S9609,3199,"SILVERLITE TRAILERS, INC.",NULL,NULL,6,UNITED STATES (USA)
8934,1S9344,3200,SILVER MOTOR COACH,NULL,NULL,6,UNITED STATES (USA)
8141,1S9648,3201,"SOUTHERN INDIANA MATERIALS COMPANY, INC",NULL,NULL,6,UNITED STATES (USA)
9250,1T9523,3205,TRAILERS PLUS,NULL,NULL,6,UNITED STATES (USA)
10469,1T9762,3206,TRAILER SALES AND SUPPLY OF CHATTAHOOCHEE,NULL,NULL,6,UNITED STATES (USA)
9721,1T9707,3208,THE EGG RANCH OF OREGON,NULL,NULL,6,UNITED STATES (USA)
9505,5K0,3209,THE ELECTRIC CYCLE COMPANY,NULL,NULL,6,UNITED STATES (USA)
10458,1T9713,3210,THE FAB SHOP,NULL,NULL,6,UNITED STATES (USA)
7215,1GF,3212,The Flxible Corporation,NULL,NULL,6,UNITED STATES (USA)
10234,2LC,3216,LES REMORQUES JELANO INC,NULL,NULL,1,CANADA
8142,1L9191,3218,LES' SERVICE AND CANOPIES,NULL,NULL,6,UNITED STATES (USA)
8143,1L9244,3219,"LARRY'S TRAILER SALES, INC.",NULL,NULL,6,UNITED STATES (USA)
10010,1L9280,3221,LARSON CABLE TRAILERS,NULL,NULL,6,UNITED STATES (USA)
9318,1L9274,3228,LASER STRAIGHT MFG. INC.,NULL,NULL,6,UNITED STATES (USA)
8835,44U,3229,TRAILERS UNLIMITED OF ARLINGTON,NULL,NULL,6,UNITED STATES (USA)
10109,1T9529,3230,TRAILERS USA,NULL,NULL,6,UNITED STATES (USA)
5357,1XT,3231,TRAILEX INC.,NULL,NULL,6,UNITED STATES (USA)
7968,1PT,3233,TRAILMOBILE (PULLMAN INCORPORATED),NULL,NULL,6,UNITED STATES (USA)
11236,2CU,3234,"TRAILTECH, A DIVISION OF CUSTOM BUILT AG. INDUSTRIES LTD.",NULL,NULL,1,CANADA
6399,1T9615,3237,TRAMONT CORPORATION,NULL,NULL,6,UNITED STATES (USA)
10706,1T9703,3238,TRAMS INTERNATIONAL,NULL,NULL,6,UNITED STATES (USA)
10707,1T9704,3238,TRAMS INTERNATIONAL,NULL,NULL,6,UNITED STATES (USA)
10472,1M9626,3244,MAC'S INC,NULL,NULL,6,UNITED STATES (USA)
10326,1M9524,3245,MACH 1 TRAILERS,NULL,NULL,6,UNITED STATES (USA)
7584,2M1,3247,MACK CANADA INC.,NULL,NULL,1,CANADA
7585,2M2,3247,MACK CANADA INC.,NULL,NULL,1,CANADA
7586,2M3,3247,MACK CANADA INC.,NULL,NULL,1,CANADA
10924,1S9279,3251,SIOUX STEAM CLEANER CORP,NULL,NULL,6,UNITED STATES (USA)
10975,1S9483,3252,SIOUX VENEER PANEL CO,NULL,NULL,6,UNITED STATES (USA)
10976,4NN,3254,TRAILER SOURCE INC  TSI,NULL,NULL,6,UNITED STATES (USA)
9975,1T9630,3255,"TRAILER TECH, INC.",NULL,NULL,6,UNITED STATES (USA)
8144,1T9566,3257,"TRAILERS EXPRESS, INC.",NULL,NULL,6,UNITED STATES (USA)
5345,5L3,3259,"TRAILERMAN TRAILERS, INC.",NULL,NULL,6,UNITED STATES (USA)
10625,1T9777,3260,TRAILERS +,NULL,NULL,6,UNITED STATES (USA)
9704,1T9405,3264,THOMPSON TANK INC,NULL,NULL,6,UNITED STATES (USA)
9569,2T9124,3266,THOMSON PROJECTS LTD.,NULL,NULL,1,CANADA
14571,4Z2,3267,THOR INDIANA INC,NULL,NULL,6,UNITED STATES (USA)
6505,1T9450,3268,THOR INDUSTRIES WEST,NULL,NULL,6,UNITED STATES (USA)
7146,1T9764,3272,"THORP EQUIPMENT, INC.",NULL,NULL,6,UNITED STATES (USA)
6604,1T9717,3273,"THUNDER MOUNTAIN CUSTOM CYCLES, INC.",NULL,NULL,6,UNITED STATES (USA)
8145,1T9538,3274,"THUNDER TRIKES, INC.",NULL,NULL,6,UNITED STATES (USA)
8146,1T9553,3275,"THUNDERBOLT ENTERPRISES, INC.",NULL,NULL,6,UNITED STATES (USA)
6742,1T9627,3277,THURSTON MANUFACTURING COMPANY,NULL,NULL,6,UNITED STATES (USA)
10238,2P9059,3286,PARON INDUSTRIES INC,NULL,NULL,1,CANADA
7114,1P9458,3293,"PAUGHCO MC, LLC",NULL,NULL,6,UNITED STATES (USA)
6217,1M9483,3296,MOUNTAIN RIDGE TRAILERS,NULL,NULL,6,UNITED STATES (USA)
10686,1M9605,3297,"MOUNTAIN STATES TRAILER & EQUIPMENT SALES, INC.",NULL,NULL,6,UNITED STATES (USA)
9872,1M9551,3298,MOUNTAIN TRAILER CO.,NULL,NULL,6,UNITED STATES (USA)
9674,1M9644,3299,MOUNTAINEER WELDING & TRAILER REPAIR,NULL,NULL,6,UNITED STATES (USA)
8514,1M9657,3300,"MOUSER STEEL SUPPLY, INC.",NULL,NULL,6,UNITED STATES (USA)
8385,1N9236,3304,"NORTHWEST ENTERPRISES, INC.",NULL,NULL,6,UNITED STATES (USA)
10794,1N9050,3304,"NORTHWEST ENTERPRISES, INC.",NULL,NULL,6,UNITED STATES (USA)
8147,1N9147,3312,NOTO CUSTOM WELDING,NULL,NULL,6,UNITED STATES (USA)
10239,1N9200,3313,NOVA CRUZ PRODUCTS LLC,NULL,NULL,6,UNITED STATES (USA)
6248,1N9220,3316,NOVAK CUSTOM MOTORCYCLE COMPANY,NULL,NULL,6,UNITED STATES (USA)
9002,XL9009,3317,RIOR/RIONED B.V.,NULL,NULL,31,NETHERLANDS
8148,1S9182,3324,SCHIEN EQUIPMENT INC,NULL,NULL,6,UNITED STATES (USA)
6968,1S9142,3329,SCHODORF TRUCK BODY & EQUIPMENT CO.,NULL,NULL,6,UNITED STATES (USA)
4994,1S9786,3335,"SCHUTT INDUSTRIES OF CLINTONVILLE, WIS., INC.",NULL,NULL,6,UNITED STATES (USA)
9296,1S9940,3339,SCHWARZE INDUSTRIES INC,NULL,NULL,6,UNITED STATES (USA)
10774,1S9317,3341,"SCHWEIGERS, INC.",NULL,NULL,6,UNITED STATES (USA)
11066,1S9532,3348,SCOTT EQUIPMENT CO,NULL,NULL,6,UNITED STATES (USA)
10106,1S9765,3349,SCOTT HEAVY EQUIPMENT INC,NULL,NULL,6,UNITED STATES (USA)
8149,1S9574,3350,SCOTT'S CUSTOM TRAILERS,NULL,NULL,6,UNITED STATES (USA)
8150,1S9599,3352,SCRANTON MFG CO. INC.,NULL,NULL,6,UNITED STATES (USA)
8909,1R9210,3355,"RAYCO MANUFACTURING, INC.",NULL,NULL,6,UNITED STATES (USA)
10617,2R9672,3356,RAYFAB INC.,NULL,NULL,1,CANADA
10242,1N9181,3367,NEW MARK MANUFACTURING INC,NULL,NULL,6,UNITED STATES (USA)
6222,1N9173,3368,"NEW MARKET METALCRAFT, INC.",NULL,NULL,6,UNITED STATES (USA)
8922,1N9100,3372,NEW PROGRESS INCORPORATED,NULL,NULL,6,UNITED STATES (USA)
7112,1N9214,3376,NEW YORK MOTOR COMPANY OF L.I. INC,NULL,NULL,6,UNITED STATES (USA)
8151,5A8,3379,NEWMAN'S MANUFACTURING INCORPORATED,NULL,NULL,6,UNITED STATES (USA)
10964,1N9113,3380,NEWSOM INDUSTRIES,NULL,NULL,6,UNITED STATES (USA)
14621,1N9458,3387,NICHOLS TRUCK BODIES INC,NULL,NULL,6,UNITED STATES (USA)
8152,1S9557,3391,SUN INTERNATIONAL RACING CORP,NULL,NULL,6,UNITED STATES (USA)
8153,1S9566,3391,SUN INTERNATIONAL RACING CORP,NULL,NULL,6,UNITED STATES (USA)
8154,1S9547,3391,SUN INTERNATIONAL RACING CORP,NULL,NULL,6,UNITED STATES (USA)
8155,1S9669,3393,SUN RAY MANUFACTURING,NULL,NULL,6,UNITED STATES (USA)
11340,1T9199,3395,TIGER LINE EQUIPMENT INC.,NULL,NULL,6,UNITED STATES (USA)
10105,1K9202,3404,KROMER CO,NULL,NULL,6,UNITED STATES (USA)
6974,1L9060,3407,"LOGAN FARM EQUIPMENT CO., INC.",NULL,NULL,6,UNITED STATES (USA)
8156,1L9192,3408,LOGANO TRUCKING CO INC,NULL,NULL,6,UNITED STATES (USA)
6207,1L9332,3409,LOGIC MOTOR COMPANY,NULL,NULL,6,UNITED STATES (USA)
7667,18L,3410,"The LondonCoach Company, Incorporated",NULL,NULL,6,UNITED STATES (USA)
10591,1L9319,3414,LONE STAR CHOPPERS,NULL,NULL,6,UNITED STATES (USA)
6225,1L9273,3417,LONESTAR MANUFACTURING,NULL,NULL,6,UNITED STATES (USA)
8157,1N9103,3424,NOW SYSTEMS INC.,NULL,NULL,6,UNITED STATES (USA)
4354,1NW,3427,"NU WA INDUSTRIES, INC.",NULL,NULL,6,UNITED STATES (USA)
10819,1C9113,3427,"NU WA INDUSTRIES, INC.",NULL,NULL,6,UNITED STATES (USA)
8158,1N9165,3428,NU WAVE MANUFACTURING INC.,NULL,NULL,6,UNITED STATES (USA)
10452,1N9201,3430,NUDAWN METAL FABRICATION INC,NULL,NULL,6,UNITED STATES (USA)
6249,1N9163,3431,"NUKO INDUSTRIES, INC",NULL,NULL,6,UNITED STATES (USA)
9245,4D0,3432,"SHORE-MASTERS, INC.",NULL,NULL,6,UNITED STATES (USA)
10680,1S9829,3434,SHORTSTOP ENTERPRISES LLC,NULL,NULL,6,UNITED STATES (USA)
8159,1S9655,3435,"SHOW TRUCKS USA, INC.",NULL,NULL,6,UNITED STATES (USA)
10022,1S9712,3437,SHOWLINER TRAILERS INC,NULL,NULL,6,UNITED STATES (USA)
10948,1P9061,3444,PDI TORAX SYSTEMS,NULL,NULL,6,UNITED STATES (USA)
8160,1P9353,3448,"PEAK FABRICATIONS, INC.",NULL,NULL,6,UNITED STATES (USA)
7115,2PE,3449,PEAK MANUFACTURING INC.,NULL,NULL,1,CANADA
9632,1P9420,3455,"PELTZ MAUNFACTURING, INC.",NULL,NULL,6,UNITED STATES (USA)
8161,1P9361,3456,PELTZER ENTERPRISES,NULL,NULL,6,UNITED STATES (USA)
6178,1P9645,3457,PEMBERTON FABRICATORS INC.,NULL,NULL,6,UNITED STATES (USA)
8162,1P9244,3458,PEMCO EQUIPMENT COMPANY,NULL,NULL,6,UNITED STATES (USA)
11007,4PK,3460,PENNSTYLE CAMPERS INC,NULL,NULL,6,UNITED STATES (USA)
8163,1L9235,3465,LONGHORN WELDING CO.,NULL,NULL,6,UNITED STATES (USA)
9650,1N9222,3469,Nuttall Manufacturing and Equipment Company,NULL,NULL,6,UNITED STATES (USA)
10555,1N9128,3469,Nuttall Manufacturing and Equipment Company,NULL,NULL,6,UNITED STATES (USA)
8164,1Z9040,3472,"O'DELL MFG & TRUCK SALES, INC",NULL,NULL,6,UNITED STATES (USA)
10095,5HV,3472,"O'DELL MFG & TRUCK SALES, INC",NULL,NULL,6,UNITED STATES (USA)
6250,1F9109,3475,O.K. CORRAL,NULL,NULL,6,UNITED STATES (USA)
9832,1Z9001,3478,OAKDALE MANUFACTURING,NULL,NULL,6,UNITED STATES (USA)
9890,1N9178,3482,NATIONAL METAL PRODUCTS,NULL,NULL,6,UNITED STATES (USA)
9371,1C9868,3486,COWTOWN CUSTOMS AND COBRAS,NULL,NULL,6,UNITED STATES (USA)
6161,1C9772,3488,"COZAD TRAILER SALES, LLC",NULL,NULL,6,UNITED STATES (USA)
9283,1C9705,3491,"CP INDUSTRIES, INC",NULL,NULL,6,UNITED STATES (USA)
2624,RFT,3492,CPI MOTOR CO.,NULL,NULL,4,TAIWAN
11333,1C9389,3493,CPS TRAILER CO,NULL,NULL,6,UNITED STATES (USA)
8165,4Z4,3493,CPS TRAILER CO,NULL,NULL,6,UNITED STATES (USA)
4059,1K9268,3495,KIMBLE CHASSIS,NULL,NULL,6,UNITED STATES (USA)
7247,1K9208,3495,KIMBLE CHASSIS,NULL,NULL,6,UNITED STATES (USA)
8167,MDE,3498,KINETIC ENGINEERING LTD.,NULL,NULL,36,INDIA
6174,1K9190,3499,KING KUSTOM CYCLE,NULL,NULL,6,UNITED STATES (USA)
10199,1K9215,3500,KING MANUFACTURING INC,NULL,NULL,6,UNITED STATES (USA)
8168,1K9174,3501,KEENWAY MANUFACTURING INC.,NULL,NULL,6,UNITED STATES (USA)
9497,1K9077,3502,KEITH HUBER INC,NULL,NULL,6,UNITED STATES (USA)
8169,1K9148,3509,KEN'S CUSTOM TRAILERS AND SUPPLIES,NULL,NULL,6,UNITED STATES (USA)
8170,2L9100,3510,THE LI'L ICE CREAM SHOP LTD.,NULL,NULL,1,CANADA
7143,1L9698,3511,THE LITTLE TRAILER CO INC,NULL,NULL,6,UNITED STATES (USA)
9594,1T9651,3512,"THE MHC GROUP, INC.",NULL,NULL,6,UNITED STATES (USA)
8171,4XX,3514,THE NATIONS TRAILERS INC,NULL,NULL,6,UNITED STATES (USA)
7144,1T9667,3518,THE PERFECTION COMPANY,NULL,NULL,6,UNITED STATES (USA)
9573,1T9647,3520,THE SANDBAGGER CORPORATION,NULL,NULL,6,UNITED STATES (USA)
7145,1T9744,3521,THE SHOLAR COMPANY INC,NULL,NULL,6,UNITED STATES (USA)
6458,1T9639,3522,THE SHOP,NULL,NULL,6,UNITED STATES (USA)
7668,1S6,3524,"SNOWCO, INC",NULL,NULL,6,UNITED STATES (USA)
5383,4T9023,3529,THE TORO COMPANY,NULL,NULL,6,UNITED STATES (USA)
8853,7FH,3529,THE TORO COMPANY,NULL,NULL,6,UNITED STATES (USA)
8172,1C9691,3530,"CRAFTSMEN INDUSTRIES, INC.",NULL,NULL,6,UNITED STATES (USA)
2635,1CY,3533,"BATTLE MOTORS, INC",NULL,NULL,6,UNITED STATES (USA)
11908,4C9540,3533,"BATTLE MOTORS, INC",NULL,NULL,6,UNITED STATES (USA)
11909,4C9541,3533,"BATTLE MOTORS, INC",NULL,NULL,6,UNITED STATES (USA)
11910,4C9542,3533,"BATTLE MOTORS, INC",NULL,NULL,6,UNITED STATES (USA)
8173,1Z9064,3538,"ORNAMENTAL IRON WORKS, LLC",NULL,NULL,6,UNITED STATES (USA)
10135,1Z9167,3541,OSBORN SHEET METAL LLC,NULL,NULL,6,UNITED STATES (USA)
9338,1Z9156,3542,OSBORNE CONSTRUCTION,NULL,NULL,6,UNITED STATES (USA)
8174,1Z9065,3544,OSBORNES WELDING,NULL,NULL,6,UNITED STATES (USA)
8900,4ML,3545,OSHKOSH TRAILER DIVISION,NULL,NULL,6,UNITED STATES (USA)
11060,4XD,3546,SKWATTER TRAILER CO,NULL,NULL,6,UNITED STATES (USA)
9351,1R9436,3548,RILEY DESIGN & FABRICATION,NULL,NULL,6,UNITED STATES (USA)
10641,1K9225,3552,"KWIK DUMP TRAILER SUPPLY, INC.",NULL,NULL,6,UNITED STATES (USA)
8175,4R2,3553,USA VENTURCRAFT CORPORATION,NULL,NULL,6,UNITED STATES (USA)
10102,5HP,3554,KMT SERVICE PARTS INC,NULL,NULL,6,UNITED STATES (USA)
8966,1L9138,3558,"L & H MANUFACTURING, INC.",NULL,NULL,6,UNITED STATES (USA)
10328,1L9292,3559,L & J SERVICES,NULL,NULL,6,UNITED STATES (USA)
8176,1L9212,3562,L & M MANUFACTURING INC,NULL,NULL,6,UNITED STATES (USA)
8177,1L9226,3563,"L & M MANUFACTURING, INC.",NULL,NULL,6,UNITED STATES (USA)
8178,1L9228,3567,L&F CUSTOM BUILT TRAILERS,NULL,NULL,6,UNITED STATES (USA)
9635,1R9448,3575,ROY'S CUSTOM TRAILERS INC,NULL,NULL,6,UNITED STATES (USA)
6951,1R9108,3578,Oswald Inc.,NULL,NULL,6,UNITED STATES (USA)
7491,1RN,3579,"REITNOUER, INC.",NULL,NULL,6,UNITED STATES (USA)
8180,5RE,3583,"RELIANCE TRAILER CO., LLC",NULL,NULL,6,UNITED STATES (USA)
8183,1R9214,3584,"REMCO MOTOR COMPANY, INC.",NULL,NULL,6,UNITED STATES (USA)
11321,1N9096,3587,NITCO DRILLING PRODUCTS DIVISION,NULL,NULL,6,UNITED STATES (USA)
11576,1N9174,3588,"NOEL ENTERPRISES, INC.",NULL,NULL,6,UNITED STATES (USA)
9426,2N9069,3591,"NORAC SYSTEMS INTERNATIONAL , INC",NULL,NULL,1,CANADA
8899,2N9017,3593,NORBERT'S MANUFACTURING LTD,NULL,NULL,1,CANADA
7529,1T9352,3598,SAN-JO TRAILER MFG.,NULL,NULL,6,UNITED STATES (USA)
9537,1S9869,3599,SANCHEZ AND SON MANUFACTURING,NULL,NULL,6,UNITED STATES (USA)
8184,1S9625,3600,"SAND'S WELDING, INC.",NULL,NULL,6,UNITED STATES (USA)
9357,1S9825,3601,SANDERS TRAILER SERVICE INC,NULL,NULL,6,UNITED STATES (USA)
8185,1S9682,3603,SANDPOINT CUSTOM IRON,NULL,NULL,6,UNITED STATES (USA)
8186,1J9201,3617,JOHNSON'S MOBILE SOLUTIONS,NULL,NULL,6,UNITED STATES (USA)
9179,4JE,3618,JOHNSTON ACQUISITION CORP,NULL,NULL,6,UNITED STATES (USA)
7244,1J9204,3620,"Jo Mac  Ltd ",NULL,NULL,6,UNITED STATES (USA)
11010,1J9145,3622,JONES MOTOR COMPANY,NULL,NULL,6,UNITED STATES (USA)
7139,1T9761,3624,TAILGATER PARTY TRAILERS,NULL,NULL,6,UNITED STATES (USA)
5168,LTD,3625,"TAIXING SANDI MOTORCYCLE CO., LTD.",NULL,NULL,8,CHINA
5192,1T9540,3629,TXTX LLC,NULL,NULL,6,UNITED STATES (USA)
9772,1C9409,3629,TXTX LLC,NULL,NULL,6,UNITED STATES (USA)
8188,1T9474,3630,TAMCO TRAILER CO,NULL,NULL,6,UNITED STATES (USA)
10737,1T9120,3631,"TAMPA TRAILERWORKS, INC.",NULL,NULL,6,UNITED STATES (USA)
10278,1M9593,3635,MARTIN EQUIPMENT,NULL,NULL,6,UNITED STATES (USA)
8189,1J9132,3637,JONES WELDING SERVICE,NULL,NULL,6,UNITED STATES (USA)
8507,1J9289,3647,JR TRAILERS,NULL,NULL,6,UNITED STATES (USA)
9310,1J9236,3648,"JR WELDING, INC.",NULL,NULL,6,UNITED STATES (USA)
8190,1J9215,3649,JR'S CUSTOM PATTERN CUTTING FABRICATION AND REPAIR,NULL,NULL,6,UNITED STATES (USA)
8508,1J9295,3650,JSD WELDING INC.,NULL,NULL,6,UNITED STATES (USA)
6156,1J9270,3654,"JUMPING JACK, INC.",NULL,NULL,6,UNITED STATES (USA)
6157,2J9038,3655,JUNIOR MOTORCYCLE MANUFACTURING INC.,NULL,NULL,1,CANADA
9851,1J9238,3656,"JUSKO SEVICES, INC.",NULL,NULL,6,UNITED STATES (USA)
9850,1K9191,3658,C&S CONVERSIONS INC,NULL,NULL,6,UNITED STATES (USA)
10642,1K9209,3660,K & K TRAILERS INC,NULL,NULL,6,UNITED STATES (USA)
6158,1K9251,3661,K & K WELDING,NULL,NULL,6,UNITED STATES (USA)
6159,1K9298,3661,K & K WELDING,NULL,NULL,6,UNITED STATES (USA)
8191,1K9170,3662,"K INDUSTRIES, INC",NULL,NULL,6,UNITED STATES (USA)
7669,1VG,3664,K STAUFFER MFG LLC,NULL,NULL,6,UNITED STATES (USA)
10148,1K9207,3666,K&M TRAILERS SALES,NULL,NULL,6,UNITED STATES (USA)
8192,1K9137,3667,K-N MANUFACTURING,NULL,NULL,6,UNITED STATES (USA)
7246,1K9210,3669,K.C. CREATIONS INC,NULL,NULL,6,UNITED STATES (USA)
4078,4ZE,3684,LOAD TRAIL LLC,NULL,NULL,6,UNITED STATES (USA)
9025,4JL,3685,LOADMASTER CORP,NULL,NULL,6,UNITED STATES (USA)
10042,1L9286,3687,LOADMASTER MANUFACTURING INC,NULL,NULL,6,UNITED STATES (USA)
10480,1T9763,3688,TECHSUN TRAILERS,NULL,NULL,6,UNITED STATES (USA)
9856,4UY,3689,"TECHSYS CHASSIS, INC.",NULL,NULL,6,UNITED STATES (USA)
5603,4TG,3694,"TITAN TRAILER MFG., INC. ",NULL,NULL,6,UNITED STATES (USA)
10812,1T9211,3694,"TITAN TRAILER MFG., INC. ",NULL,NULL,6,UNITED STATES (USA)
10549,1T9722,3695,TLC OF TX. INC.,NULL,NULL,6,UNITED STATES (USA)
10619,1T9776,3699,"TMC TRAILERS, LLC",NULL,NULL,6,UNITED STATES (USA)
7147,1T9757,3700,"TMS, INC.",NULL,NULL,6,UNITED STATES (USA)
10035,5GU,3703,TNT A DIVISION OF BANKS TRAILER GROUP,NULL,NULL,6,UNITED STATES (USA)
10080,1T9675,3704,"TNT ALUMINUM TRAILERS, INC",NULL,NULL,6,UNITED STATES (USA)
11004,1T9376,3706,TODD'S WELDING SERVICE INC,NULL,NULL,6,UNITED STATES (USA)
9927,1T9632,3707,TOE-ME TRAILERS,NULL,NULL,6,UNITED STATES (USA)
7506,1L9159,3713,LAFARGE TRAILER COMPANY,NULL,NULL,6,UNITED STATES (USA)
8306,5DA,3714,"LAFAYETTE COUNTY CAR COMPANY, LLC",NULL,NULL,6,UNITED STATES (USA)
8193,1L9234,3717,"LAFORZA AUTOMOBILES, INC.",NULL,NULL,6,UNITED STATES (USA)
10956,1L9027,3718,LAGASSE RIDES,NULL,NULL,6,UNITED STATES (USA)
9978,1L9284,3720,"LAKE FOREST BUILDERS, INC.",NULL,NULL,6,UNITED STATES (USA)
10263,1L9304,3721,LAKE OF THE OZARKS CUSTOM CYCLE,NULL,NULL,6,UNITED STATES (USA)
9180,4HL,3724,LAKOTA INC,NULL,NULL,6,UNITED STATES (USA)
7020,1L9061,3728,LANDA INC.,NULL,NULL,6,UNITED STATES (USA)
4091,1LH,3729,"LANDOLL COMPANY, LLC",NULL,NULL,6,UNITED STATES (USA)
8195,1N9150,3732,NORTH SOUTH AUTO CONNECTION,NULL,NULL,6,UNITED STATES (USA)
9982,1Z9157,3739,QUALITY MANUFACTURING CO.,NULL,NULL,6,UNITED STATES (USA)
9983,1Z9MS1,3741,QUALITY MODULAR STRUCTURE,NULL,NULL,6,UNITED STATES (USA)
8196,1Z9062,3744,QUALITY SPECIALTY PRODUCTS,NULL,NULL,6,UNITED STATES (USA)
9339,1M9566,3746,MP TRAILER & TRUCK BODIES INC,NULL,NULL,6,UNITED STATES (USA)
10178,1M9597,3748,"MPH INDUSTRIES,INC.",NULL,NULL,6,UNITED STATES (USA)
8197,1M9477,3751,MT TRAILERS,NULL,NULL,6,UNITED STATES (USA)
7110,1M9587,3754,MTP TRAILERS,NULL,NULL,6,UNITED STATES (USA)
6328,5EC,3756,STEEL PREP LLC,NULL,NULL,6,UNITED STATES (USA)
10017,1S9700,3757,STEEL TECHNOLOGIES,NULL,NULL,6,UNITED STATES (USA)
9612,1S9735,3758,STEEL TRAILERS OF COLORADO,NULL,NULL,6,UNITED STATES (USA)
8198,1S9575,3759,STEEL-TECH INC,NULL,NULL,6,UNITED STATES (USA)
5517,4S9210,3762,"STEELWELD EQUIPMENT CO., INC",NULL,NULL,6,UNITED STATES (USA)
9937,2F9045,3766,REMORQUES JMS INC.,NULL,NULL,1,CANADA
8199,4HR,3767,RENAISSANCE CARS INC,NULL,NULL,6,UNITED STATES (USA)
9543,1R9402,3769,RENALDO SALES & SERVICE INC.,NULL,NULL,6,UNITED STATES (USA)
8200,1R9287,3777,RETZER'S CUSTOM DESIGN TRAILERS,NULL,NULL,6,UNITED STATES (USA)
9547,1R9399,3780,REWACO-TRIKES LLC,NULL,NULL,6,UNITED STATES (USA)
8201,1R9344,3784,"REXMONT PRODUCTS, L.L.C.",NULL,NULL,6,UNITED STATES (USA)
8202,1R9334,3787,"RHINO METALS, INC.",NULL,NULL,6,UNITED STATES (USA)
9390,1B9639,3789,RHODES INDUSTRIES INC  DBA  BARCO IND. SUPPLY,NULL,NULL,6,UNITED STATES (USA)
9344,1R9429,3791,RICH'S VACATION COTTAGES,NULL,NULL,6,UNITED STATES (USA)
9453,1R9465,3792,RICHARD GLAVES,NULL,NULL,6,UNITED STATES (USA)
9791,1S9338,3794,"STONE CONSTRUCTION EQUIPMENT, INC.",NULL,NULL,6,UNITED STATES (USA)
3879,1G9012,3800,"JOHNIE GREGORY TRUCK BODIES, INC.",NULL,NULL,6,UNITED STATES (USA)
11479,1MD,3805,MIDWEST INDUSTRIES INC,NULL,NULL,6,UNITED STATES (USA)
8205,1M9385,3809,"MIDWEST TACK & TRAILER BROKERS, INC",NULL,NULL,6,UNITED STATES (USA)
8206,5A5,3810,MIDWEST TRAILERS,NULL,NULL,6,UNITED STATES (USA)
11142,1M9300,3812,"MAXIM, INC.",NULL,NULL,6,UNITED STATES (USA)
8207,1M9099,3817,MAY MANUFACTURING & DIST CORP,NULL,NULL,6,UNITED STATES (USA)
8208,1K9141,3821,KAUFMAN TRAILERS,NULL,NULL,6,UNITED STATES (USA)
6354,1V9137,3824,"VIP CUSTOM COACH, INC.",NULL,NULL,6,UNITED STATES (USA)
6226,1M9513,3825,"M P D TRAILER MANUFACTURING, INC.",NULL,NULL,6,UNITED STATES (USA)
10241,1M9607,3828,M&H TRAILERS INC.,NULL,NULL,6,UNITED STATES (USA)
10222,1M9600,3829,M & L INDUSTRIES INC,NULL,NULL,6,UNITED STATES (USA)
4202,1M9349,3833,"M-B COMPANIES, INC. OF WISCONSIN",NULL,NULL,6,UNITED STATES (USA)
14860,1M9967,3833,"M-B COMPANIES, INC. OF WISCONSIN",NULL,NULL,NULL,NULL
7104,1M9602,3834,M-B-W INC,NULL,NULL,6,UNITED STATES (USA)
10058,1Z9163,3836,"OSW EQUIPMENT & REPAIR, LLC",NULL,NULL,6,UNITED STATES (USA)
6693,1N9013,3837,NEOPLAN USA CORPORATION,NULL,NULL,6,UNITED STATES (USA)
10212,1N9204,3838,NEOTERIC HOVERCRAFT INC,NULL,NULL,6,UNITED STATES (USA)
8209,1N9143,3839,NEUMANN'S AUTOMOTIVE,NULL,NULL,6,UNITED STATES (USA)
10643,1N9215,3840,NEVADA UTILITY TRAILOR,NULL,NULL,6,UNITED STATES (USA)
8210,1M9390,3844,MANUFACTURERS RESOURCES INTERNATIONAL,NULL,NULL,6,UNITED STATES (USA)
11189,1M9371,3847,MARATHON EQUIPMENT COMPANY (DEL),NULL,NULL,6,UNITED STATES (USA)
10231,5JU,3854,"MARINE MASTER TRAILERS, LLC",NULL,NULL,6,UNITED STATES (USA)
11211,1M9406,3859,MARK BODY TRUCK & EQUIPMENT INC.,NULL,NULL,6,UNITED STATES (USA)
8211,1S9613,3863,STROHL CORPORATION,NULL,NULL,6,UNITED STATES (USA)
5006,1S9616,3865,STRONG MANUFACTURING,NULL,NULL,6,UNITED STATES (USA)
8796,1T9758,3869,"TALON TRAILERS DIVISION OF RIVER PRODUCTS, INC.",NULL,NULL,6,UNITED STATES (USA)
8212,1R9343,3870,"RIVER RUN ENTERPRISES, INC.",NULL,NULL,6,UNITED STATES (USA)
8213,1R9330,3873,RIVERSIDE HITCH & TRAILER,NULL,NULL,6,UNITED STATES (USA)
8214,1VU,3878,RJK&H INC,NULL,NULL,6,UNITED STATES (USA)
8215,1R9308,3878,RJK&H INC,NULL,NULL,6,UNITED STATES (USA)
9952,1R9411,3879,RKB INC.,NULL,NULL,6,UNITED STATES (USA)
5050,5KZ,3883,ROAD KING TRAILERS INC,NULL,NULL,6,UNITED STATES (USA)
8216,2RA,3885,ROAD RUNNER TRAILERS MANUFACTURING (1994) LTD,NULL,NULL,1,CANADA
8915,4HF,3886,"ROADMASTER INDUSTRIES, INC.",NULL,NULL,6,UNITED STATES (USA)
10107,1R9427,3888,ROADRUNNER MFG,NULL,NULL,6,UNITED STATES (USA)
6316,W09T45,3890,"ROADSTERTEC USA, INC.",NULL,NULL,6,UNITED STATES (USA)
8217,1R9248,3892,ROADWORKS MANUFACTURING INC,NULL,NULL,6,UNITED STATES (USA)
11217,1R9249,3894,ROB'S INC,NULL,NULL,6,UNITED STATES (USA)
10056,1R9430,3895,ROB'S WELDING & FABRICATION,NULL,NULL,6,UNITED STATES (USA)
5040,1R9446,3896,ROBB TECHNOLOGIES LLC,NULL,NULL,6,UNITED STATES (USA)
10146,1R9437,3898,ROBCOL INC. R/C SCOOTERS INC.,NULL,NULL,6,UNITED STATES (USA)
8218,1P9330,3907,"PUTZMEISTER AMERICA, INC.",NULL,NULL,6,UNITED STATES (USA)
4657,LAW,3911,QIANJIANG MOTORCYCLES GROUP CORPORATION,NULL,NULL,8,CHINA
10567,1Z9208,3914,"QUADRA MFG, INC. DBA QUADRA ENGINEERING",NULL,NULL,6,UNITED STATES (USA)
8219,1R9191,3916,"QUALITY BUILDING SYSTEMS, L.L.C.",NULL,NULL,6,UNITED STATES (USA)
9840,1Z9009,3920,QUALITY DISCOUNT TRAILERS,NULL,NULL,6,UNITED STATES (USA)
10498,1P9461,3925,PILLING'S F.R.P. INC,NULL,NULL,6,UNITED STATES (USA)
6961,1F9047,3934,FIBA COMPRESSED GAS EQUIPMENT,NULL,NULL,6,UNITED STATES (USA)
3842,49T,3943,"CONTRACT MANUFACTURER, LLC",NULL,NULL,6,UNITED STATES (USA)
13084,7RD,3943,"CONTRACT MANUFACTURER, LLC",NULL,NULL,NULL,NULL
10151,1C9817,3945,"CMMC MACHINE, INC.",NULL,NULL,6,UNITED STATES (USA)
6083,1C9778,3946,"CMS WELDING, INC.",NULL,NULL,6,UNITED STATES (USA)
8221,1C9567,3948,"CN POWER SYSTEMS, INC.",NULL,NULL,6,UNITED STATES (USA)
7053,1C9746,3956,"COACHCRAFT TECHNOLOGIES, LLC",NULL,NULL,6,UNITED STATES (USA)
9525,1E9003,3958,"ELLIOTT MACHINE WORKS, INC.",NULL,NULL,6,UNITED STATES (USA)
11356,1E9013,3960,ELLIS & WATTS,NULL,NULL,6,UNITED STATES (USA)
11357,1E9014,3960,ELLIS & WATTS,NULL,NULL,6,UNITED STATES (USA)
8223,1E9232,3961,"ELLIS INDUSTRIES, INCORPORTED",NULL,NULL,6,UNITED STATES (USA)
9820,1E9302,3962,ELLIS MANUFACTURING INC,NULL,NULL,6,UNITED STATES (USA)
8224,4ZM,3966,EMB INCORPORATED,NULL,NULL,6,UNITED STATES (USA)
9611,1Z9139,3966,EMB INCORPORATED,NULL,NULL,6,UNITED STATES (USA)
6066,1E9252,3967,"EMERSON TRAILERS, INC.",NULL,NULL,6,UNITED STATES (USA)
10986,1C9056,3969,"C JONES, INC. dba QUICAMP TRAILER",NULL,NULL,6,UNITED STATES (USA)
6252,1Z9130,3970,QUICK SILVER CUSTOM TRAILERS,NULL,NULL,6,UNITED STATES (USA)
9413,1Z9198,3973,QWS TRAILER INC,NULL,NULL,6,UNITED STATES (USA)
8225,1R9339,3974,R & B INDUSTRIES,NULL,NULL,6,UNITED STATES (USA)
4605,5D0,3974,R & B INDUSTRIES,NULL,NULL,6,UNITED STATES (USA)
10596,1R9474,3977,R & J TRAILERS,NULL,NULL,6,UNITED STATES (USA)
8226,1R9266,3978,R & R CUSTOM TRAILERS & PARTS INC,NULL,NULL,6,UNITED STATES (USA)
8227,1R9335,3980,R & R TRUCK AND TRAILER,NULL,NULL,6,UNITED STATES (USA)
9948,1R9408,3981,R & R WELDING,NULL,NULL,6,UNITED STATES (USA)
9984,1R9418,3982,"R "" 2"" LTD",NULL,NULL,6,UNITED STATES (USA)
11225,1R9230,3983,R.J. COX CO,NULL,NULL,6,UNITED STATES (USA)
10450,5JH,3987,R&B FABRICATION,NULL,NULL,6,UNITED STATES (USA)
9749,1R9472,3988,R & D DESIGN AND FABRICATION,NULL,NULL,6,UNITED STATES (USA)
10982,1J9149,3992,JOHN'S WOODWORK & METAL WORKS,NULL,NULL,6,UNITED STATES (USA)
7101,1J9284,3997,JOHNSON FARM MACHINERY COMPANY INC,NULL,NULL,6,UNITED STATES (USA)
8228,1J9200,3999,JOHNSON POWER LIFTS,NULL,NULL,6,UNITED STATES (USA)
10589,1J9276,4001,"JOHNSON TOOL AND DIE, INC.",NULL,NULL,6,UNITED STATES (USA)
6153,1J9101,4002,JOHNSON TRUCK BODIES,NULL,NULL,6,UNITED STATES (USA)
10492,1J9705,4003,TRIPLE J ENTERPRISES,NULL,NULL,6,UNITED STATES (USA)
10223,1T9706,4004,TRIPLE M MANUFACTURING,NULL,NULL,6,UNITED STATES (USA)
9545,1T9641,4005,TRIPLE R,NULL,NULL,6,UNITED STATES (USA)
7406,1T9746,4007,TRIPLE-C TRAILERS LLC,NULL,NULL,6,UNITED STATES (USA)
9862,1C9CCA,4010,CABIN CRAFT INC,NULL,NULL,6,UNITED STATES (USA)
10330,1C9CTM,4012,CABINS IN THE MOUNTAINS LLC,NULL,NULL,6,UNITED STATES (USA)
9616,1C9784,4013,"CABLE PULLING EQUIPMENT, INC.",NULL,NULL,6,UNITED STATES (USA)
10872,1C9536,4016,CACTUS METAL WORKS,NULL,NULL,6,UNITED STATES (USA)
8229,410,4018,CAJUN GEAR,NULL,NULL,6,UNITED STATES (USA)
8230,1C9671,4019,CAJUN TRAILER AND FARM MFG.,NULL,NULL,6,UNITED STATES (USA)
10026,1C9814,4020,"CAL TRAILER, MFG",NULL,NULL,6,UNITED STATES (USA)
8231,1C9539,4024,CALAVERAS MFG. INC.,NULL,NULL,6,UNITED STATES (USA)
5952,1C9986,4026,CALICO TRAILER MFG. CO.,NULL,NULL,6,UNITED STATES (USA)
5953,4GA,4026,CALICO TRAILER MFG. CO.,NULL,NULL,6,UNITED STATES (USA)
11024,1C9326,4026,CALICO TRAILER MFG. CO.,NULL,NULL,6,UNITED STATES (USA)
5954,1C9768,4030,CALIFORNIA LIVE FLOORS INC.,NULL,NULL,6,UNITED STATES (USA)
8232,1C9714,4032,CALIFORNIA METAL WORKS,NULL,NULL,6,UNITED STATES (USA)
10566,1T9709,4041,TERRY'S TRAILERS INC,NULL,NULL,6,UNITED STATES (USA)
9637,5JF,4047,TEXAS BEST TRAILER SALES & SERVICE,NULL,NULL,6,UNITED STATES (USA)
7432,1L9055,4048,LANDRY'S WELDING & TRAILERS INC,NULL,NULL,6,UNITED STATES (USA)
9741,1L9166,4048,LANDRY'S WELDING & TRAILERS INC,NULL,NULL,6,UNITED STATES (USA)
7670,1L9067,4049,LANDS DESIGN CORPORATION,NULL,NULL,6,UNITED STATES (USA)
10340,1N9207,4053,NAS MANUFACTURING INC,NULL,NULL,6,UNITED STATES (USA)
4587,1N9179,4054,"NASATKA BARRIER, INC.",NULL,NULL,6,UNITED STATES (USA)
10810,1N9056,4059,NATIONAL COACH CORPORATION,NULL,NULL,6,UNITED STATES (USA)
8233,2M9131,4063,MOBILIFT INC,NULL,NULL,1,CANADA
10620,1T9769,4065,MOBILITY SOLUTIONS LLC DBA TAILGATOR TRAILERS,NULL,NULL,6,UNITED STATES (USA)
7398,1M9582,4069,MOBRIDGE MANUFACTURING,NULL,NULL,6,UNITED STATES (USA)
8234,1L9216,4072,LIBERTY INDUSTRIES,NULL,NULL,6,UNITED STATES (USA)
9963,1C9790,4077,"CHAMPION TRAILERS COMPANY, LP",NULL,NULL,6,UNITED STATES (USA)
7236,1C9535,4079,CHANCE COACH INC.,NULL,NULL,NULL,NULL
7671,1C9275,4079,CHANCE COACH INC.,NULL,NULL,6,UNITED STATES (USA)
8237,1C9593,4081,CHAR-KAN SALES,NULL,NULL,6,UNITED STATES (USA)
7050,1C9CEW,4086,CHARIOT EAGLE WEST,NULL,NULL,6,UNITED STATES (USA)
9998,1C9801,4091,CHATHAM ENTERPRISES,NULL,NULL,6,UNITED STATES (USA)
14245,1CM,4093,CHECKER MOTORS CORPORATION,NULL,NULL,6,UNITED STATES (USA)
5990,5EF,4094,CHEETAH CHASSIS CORPORATION,NULL,NULL,6,UNITED STATES (USA)
9414,1G9288,4098,GEMINI AUTO & TRAILER INC,NULL,NULL,6,UNITED STATES (USA)
9364,1G9255,4101,GENERAC POWER SYSTEMS INC,NULL,NULL,6,UNITED STATES (USA)
8238,1K9103,4105,KIT MANUFACTURING COMPANY,NULL,NULL,6,UNITED STATES (USA)
8239,1K9173,4110,"KLIPPING KING, INC.",NULL,NULL,6,UNITED STATES (USA)
7103,1K9223,4122,KNIGHT'S DRAGON SERVICE,NULL,NULL,6,UNITED STATES (USA)
9934,1K9196,4123,"KNIGHTS KARGO, INC.",NULL,NULL,6,UNITED STATES (USA)
6175,1K9194,4126,"KNUCKLEHEAD POWER USA, INC.",NULL,NULL,6,UNITED STATES (USA)
10537,1K9216,4127,"KODIAK ALUMINUM MFG., INC",NULL,NULL,6,UNITED STATES (USA)
10225,1K9214,4130,KODIAK MOTORCYCLE MANUFACTURING CO. INC,NULL,NULL,6,UNITED STATES (USA)
9834,1K9036,4131,KOEBRICK WELDING,NULL,NULL,6,UNITED STATES (USA)
10112,1K9204,4132,KOESTER'S MACHINE SHOP,NULL,NULL,6,UNITED STATES (USA)
10444,1M9MCC,4137,"MOBILE COMMAND CENTER, INC.",NULL,NULL,6,UNITED STATES (USA)
10113,1M9578,4138,MOBILE CONVERSIONS INC,NULL,NULL,6,UNITED STATES (USA)
10462,1R9454,4139,R&J INDUSTRIES PLUS INC,NULL,NULL,6,UNITED STATES (USA)
10698,1R9440,4140,R & K PRECISION GRIND,NULL,NULL,6,UNITED STATES (USA)
7673,1R9085,4142,"R&R TRAILER SALES & PARTS ",NULL,NULL,6,UNITED STATES (USA)
8241,1R9355,4142,"R&R TRAILER SALES & PARTS ",NULL,NULL,6,UNITED STATES (USA)
6907,4BF,4144,RB MANUFACTURING LLC,NULL,NULL,6,UNITED STATES (USA)
10896,1T9328,4146,TOM'S SALES AND SERVICE,NULL,NULL,6,UNITED STATES (USA)
9636,1T9735,4147,TOMAHAWK FABRICATING,NULL,NULL,6,UNITED STATES (USA)
8242,1T9525,4150,TONKAWA TRAILERS & STEEL FABRICATOR,NULL,NULL,6,UNITED STATES (USA)
10610,1L9324,4154,"LOS LOBOS MINI CHOPPERS, LLC",NULL,NULL,6,UNITED STATES (USA)
7407,1L9311,4159,LUCAS TRAILERS,NULL,NULL,6,UNITED STATES (USA)
8513,1L9320,4161,LUCKY DEVIL METAL WORKS,NULL,NULL,6,UNITED STATES (USA)
4184,1L9256,4163,LUGO MANUFACTURING INC.,NULL,NULL,6,UNITED STATES (USA)
4187,1L9464,4163,LUGO MANUFACTURING INC.,NULL,NULL,6,UNITED STATES (USA)
8243,1L9157,4169,"LACROSSE ENTERPRISES, INC.",NULL,NULL,6,UNITED STATES (USA)
10308,1L9254,4174,LYNN WELDING SHOP,NULL,NULL,6,UNITED STATES (USA)
7507,4MG,4176,"M & J TRAILERS UNLIMITED, INC.",NULL,NULL,6,UNITED STATES (USA)
10946,1M9020,4177,M & L RACING ENTERPRISES,NULL,NULL,6,UNITED STATES (USA)
10006,2M9147,4178,M & M DEVELOPMENT LTD.,NULL,NULL,1,CANADA
8244,1M9418,4179,M & M TRAILER MFG.,NULL,NULL,6,UNITED STATES (USA)
10144,1M9571,4181,M & W FABRICATING INC.,NULL,NULL,6,UNITED STATES (USA)
11227,1M9089,4186,MAUCK SPECIAL VEHICLES INC,NULL,NULL,6,UNITED STATES (USA)
12122,2VM,4187,MAX-ATLAS EQUIPMENT INTERNATIONAL INC.,NULL,NULL,1,CANADA
4207,1M9104,4188,"MAXEY INCORPORATED ",NULL,NULL,6,UNITED STATES (USA)
6198,1M9525,4189,MAXEY TRAILERS,NULL,NULL,6,UNITED STATES (USA)
10018,1M9493,4195,MANITOWOC CRANES INC,NULL,NULL,6,UNITED STATES (USA)
8253,1M9482,4197,MANN MADE PRODUCTS INC.,NULL,NULL,6,UNITED STATES (USA)
6170,1M9495,4199,MANNING MARINE,NULL,NULL,6,UNITED STATES (USA)
6932,1M9255,4200,"MANORETTE RV, INC.",NULL,NULL,6,UNITED STATES (USA)
9451,1M9620,4201,MANSFIELD STRUCTURAL & ERECTING COMPANY,NULL,NULL,6,UNITED STATES (USA)
6336,1T9580,4202,"TRUCK WORLD, INC.",NULL,NULL,6,UNITED STATES (USA)
7150,1T9268,4220,TSE INTERNATIONAL INC,NULL,NULL,6,UNITED STATES (USA)
10251,5MS,4221,"TUBE SYSTEMS, LLC",NULL,NULL,6,UNITED STATES (USA)
6339,1T9631,4223,TUFF BUILT TRAILERS OF OKLAHOMA,NULL,NULL,6,UNITED STATES (USA)
9659,1T9699,4224,CODY LANDON,NULL,NULL,6,UNITED STATES (USA)
9974,1T9654,4225,TUFF MFG.,NULL,NULL,6,UNITED STATES (USA)
4548,4AJ,4226,JA-MAR MFG. INC.,NULL,NULL,6,UNITED STATES (USA)
8245,1J9123,4227,"JAC MILWAUKEE, LTD.",NULL,NULL,6,UNITED STATES (USA)
8246,1J9188,4231,JACKSONVILLE TIRE & AUTOMOTIVE,NULL,NULL,6,UNITED STATES (USA)
10612,5ML,4239,"ELGIN ENTERPRISES, INC.",NULL,NULL,6,UNITED STATES (USA)
9511,1E9105,4240,ELGIN SWEEPER COmpany,NULL,NULL,6,UNITED STATES (USA)
3003,5MK,4243,ELITE TRAILER MANUFACTURING LLC,NULL,NULL,6,UNITED STATES (USA)
6063,1E9230,4244,"ELITE TRAILERS, INC.",NULL,NULL,6,UNITED STATES (USA)
6064,1E9258,4245,"ELITE TRAILERS, INCORPORATED",NULL,NULL,6,UNITED STATES (USA)
6928,1H9424,4248,HARLEY CORP. DIV OF MTC,NULL,NULL,6,UNITED STATES (USA)
5858,1HD,4249,HARLEY-DAVIDSON MOTOR COMPANY,NULL,NULL,6,UNITED STATES (USA)
6794,5HD,4249,HARLEY-DAVIDSON MOTOR COMPANY,NULL,NULL,NULL,NULL
7009,4HZ,4251,"HARMAR , INC.",NULL,NULL,6,UNITED STATES (USA)
4169,1H9020,4252,HARMON TANK CO  INC,NULL,NULL,6,UNITED STATES (USA)
8247,1H9325,4254,HARPER SALES,NULL,NULL,6,UNITED STATES (USA)
6089,1H9366,4255,HARRELL PERFORMANCE ENGINEERING,NULL,NULL,6,UNITED STATES (USA)
6090,1H9332,4258,HART DESIGNS,NULL,NULL,6,UNITED STATES (USA)
7217,1H9097,4260,HART MFG. INC.,NULL,NULL,6,UNITED STATES (USA)
8248,1H9251,4261,HART STEEL COMPANY,NULL,NULL,6,UNITED STATES (USA)
8380,5VX,4264,"MILLENNIUM CYCLES, INC. ",NULL,NULL,6,UNITED STATES (USA)
6097,1C9993,4265,COLEMAN CUSTOM CHOPPERS,NULL,NULL,6,UNITED STATES (USA)
6051,1C9959,4266,"CIRCLE CITY CHOPPERS, LLC",NULL,NULL,6,UNITED STATES (USA)
5730,1W9314,4267,WESTBURY HANDCRAFTED MOTORCYCLES,NULL,NULL,6,UNITED STATES (USA)
3572,1B9823,4268,"BRASS KNUCKLE CHOPPERS, INC.",NULL,NULL,6,UNITED STATES (USA)
3853,1K9277,4269,KNIGHTHAULERS MFG. LLC,NULL,NULL,6,UNITED STATES (USA)
2862,1F9339,4270,FALCON ASPHALT REPAIR EQUIPMENT,NULL,NULL,6,UNITED STATES (USA)
10390,4S9103,4273,SPEED MOTORSPORTS LLC,NULL,NULL,6,UNITED STATES (USA)
2685,LA9BFC,4274,"BEIJING NORTH HUADE NEOPLAN BUS CO., LTD.",NULL,NULL,8,CHINA
5447,1T9952,4276,TUFF TRAILER USA INC.,NULL,NULL,6,UNITED STATES (USA)
12999,4T9397,4276,TUFF TRAILER USA INC.,NULL,NULL,NULL,NULL
3241,1D9612,4277,"DREWS IRONWORKS, INC.",NULL,NULL,6,UNITED STATES (USA)
3798,4C9087,4279,"CHALLENGER TRAILERS, LLC",NULL,NULL,6,UNITED STATES (USA)
5766,1Z9299,4280,"A+ NORTH AURORA AUTO BODY & PAINT ",NULL,NULL,6,UNITED STATES (USA)
5668,1S9SJP,4281,SJ PARK MODELS LLC,NULL,NULL,6,UNITED STATES (USA)
4270,1M9791,4282,MUSTANG HORSE TRAILERS,NULL,NULL,6,UNITED STATES (USA)
10393,1K9230,4284,"KEYSTONE VENDING CART CO., INC.",NULL,NULL,6,UNITED STATES (USA)
5680,1T9924,4285,"TORTURED STEEL CHOPPERS, INC.",NULL,NULL,6,UNITED STATES (USA)
9174,1P9370,4296,"PLAY PEN PRODUCTS, INC.",NULL,NULL,6,UNITED STATES (USA)
6990,1S9097,4300,"SOONER TRAILER MFG. CO., INC.",NULL,NULL,6,UNITED STATES (USA)
5167,1S9724,4301,"KING KUTTER II, INC.",NULL,NULL,6,UNITED STATES (USA)
7123,1S9772,4302,SHADDO INTERNATIONAL,NULL,NULL,6,UNITED STATES (USA)
10984,1P9161,4309,PINE HILL TRAILERS INC,NULL,NULL,6,UNITED STATES (USA)
8249,1P9333,4310,PINE RIDGE INC,NULL,NULL,6,UNITED STATES (USA)
8250,1PN,4312,PINES TRAILER LIMITED PARTNERSHIP,NULL,NULL,6,UNITED STATES (USA)
7503,1B9339,4318,BAYER TRAILERS,NULL,NULL,6,UNITED STATES (USA)
10957,1Z9013,4326,INDUSTRIAL STUDS INC,NULL,NULL,6,UNITED STATES (USA)
8251,1Z9097,4328,"INDUSTRIAL WHEEL EXCHANGE, INC.",NULL,NULL,6,UNITED STATES (USA)
8506,1Z9220,4330,INFINITY TRAILER SALES,NULL,NULL,6,UNITED STATES (USA)
10459,3A9080,4331,INGENIERIA EN TRANSFORMACIONES METALICAS,NULL,NULL,6,UNITED STATES (USA)
9548,1D9415,4336,"DICK'S WELDING, INC.",NULL,NULL,6,UNITED STATES (USA)
8526,1D9369,4341,"DIEDRICH DRILL, INC.",NULL,NULL,6,UNITED STATES (USA)
10978,1D9268,4343,"DESSCO DIESEL ELECTRIC SERVICE & SUPPLY CO., INC.",NULL,NULL,6,UNITED STATES (USA)
3905,1G9418,4348,GENERAL MACHINE PRODUCTS (KT) LLC.,NULL,NULL,6,UNITED STATES (USA)
9352,1G9297,4351,"GENERAL PURPOSE VEHICLES, INC.",NULL,NULL,6,UNITED STATES (USA)
10912,1G9289,4352,GENERAL RICH ENTERPRISES LLC EVO-NTS TRL.,NULL,NULL,6,UNITED STATES (USA)
10003,1G9271,4354,"GENERAL SHELTERS OF KENEDY, TX LTD",NULL,NULL,6,UNITED STATES (USA)
9801,1M9444,4355,MONARCH TRAILERS,NULL,NULL,6,UNITED STATES (USA)
7136,5A6,4360,STRATOS BOATS INC,NULL,NULL,6,UNITED STATES (USA)
6264,1S9478,4362,STREAM INDUSTRIES INC,NULL,NULL,6,UNITED STATES (USA)
8527,1S9499,4366,STRETCH CHASIS INTERNATIONAL,NULL,NULL,6,UNITED STATES (USA)
2649,54D,4368,"THE SHYFT GROUP, INC.",NULL,NULL,6,UNITED STATES (USA)
5737,4VZ,4368,"THE SHYFT GROUP, INC.",NULL,NULL,6,UNITED STATES (USA)
5738,4S7,4368,"THE SHYFT GROUP, INC.",NULL,NULL,6,UNITED STATES (USA)
7567,4S9419,4368,"THE SHYFT GROUP, INC.",NULL,NULL,6,UNITED STATES (USA)
4748,1R9487,4370,"R.M. JOHNSON COMPANY, INC.",NULL,NULL,6,UNITED STATES (USA)
9678,1R9424,4379,"RACE RIGS & TRAILERS, L.L.C.",NULL,NULL,6,UNITED STATES (USA)
7674,1R9083,4380,"RACE-TECH TRAILERS, INC ",NULL,NULL,6,UNITED STATES (USA)
10626,1R9485,4382,"RACKLEY BILT CUSTOM TRAILERS, INC.",NULL,NULL,6,UNITED STATES (USA)
7118,2R9011,4384,RAGLAN INDUSTRIES INC,NULL,NULL,1,CANADA
10748,1R9147,4385,RAINBOW INDUSTRIES,NULL,NULL,6,UNITED STATES (USA)
9906,1R9398,4390,RAINIER ENTERPRISES,NULL,NULL,6,UNITED STATES (USA)
10343,1R9456,4391,"RAINIER HYDRAULICS, INC.",NULL,NULL,6,UNITED STATES (USA)
10014,149002,4394,4 STAR FABRICATION,NULL,NULL,6,UNITED STATES (USA)
7579,4FK,4395,"4-STAR TRAILERS, INC.",NULL,NULL,6,UNITED STATES (USA)
9993,149004,4398,"4X4 TRAILERS, LTD.",NULL,NULL,6,UNITED STATES (USA)
9598,1A9531,4400,A & B INDUSTRIES,NULL,NULL,6,UNITED STATES (USA)
10032,1A9554,4401,A & D TRAILERS,NULL,NULL,6,UNITED STATES (USA)
8530,1WH,4402,A & F TRAILER MFG INC,NULL,NULL,6,UNITED STATES (USA)
10941,1A9114,4406,A & R CUSTOm TRAILERS,NULL,NULL,6,UNITED STATES (USA)
8531,1A9394,4408,A & W TRAILOR MANUFACTURE,NULL,NULL,6,UNITED STATES (USA)
7703,455,4410,"ISLAND SERVICES INC. DBA A-1 HITCH AND TRAILER SALES ",NULL,NULL,6,UNITED STATES (USA)
11082,5KS,4414,A TEAM TRAILERS LTD,NULL,NULL,6,UNITED STATES (USA)
9579,1A9526,4419,A-1 TRUCK REPAIR LLC,NULL,NULL,6,UNITED STATES (USA)
5805,1A9085,4422,A. B. CHANCE COMPANY PITMAN MFG.,NULL,NULL,6,UNITED STATES (USA)
9889,1S9278,4427,"SPECIALTY WELDING ",NULL,NULL,6,UNITED STATES (USA)
8533,1S9656,4429,SPECTRAC SUSPENSION CENTERS INC,NULL,NULL,6,UNITED STATES (USA)
14714,4S9739,4429,SPECTRAC SUSPENSION CENTERS INC,NULL,NULL,6,UNITED STATES (USA)
7130,1S9840,4431,SPEEDY BLEACHER CORP,NULL,NULL,6,UNITED STATES (USA)
8535,5AK,4432,"SPI MANUFACTURING, INC.",NULL,NULL,6,UNITED STATES (USA)
7131,1S9839,4434,SPLASH MARINE LLC,NULL,NULL,6,UNITED STATES (USA)
8536,1S9376,4434,SPLASH MARINE LLC,NULL,NULL,6,UNITED STATES (USA)
8538,1S9652,4438,"SPORTRUNNER TRAILERS, LLC",NULL,NULL,6,UNITED STATES (USA)
10521,1M9599,4444,MCLAUGHLIN REFUSE EQUIPMENT,NULL,NULL,6,UNITED STATES (USA)
10147,1M9579,4448,MCM COMPANY,NULL,NULL,6,UNITED STATES (USA)
10013,1M9464,4450,"MCNEILUS TRUCK AND MANUFACTURING, INC.",NULL,NULL,6,UNITED STATES (USA)
14390,4M9265,4450,"MCNEILUS TRUCK AND MANUFACTURING, INC.",NULL,NULL,6,UNITED STATES (USA)
8543,15C,4452,"MCT INDUSTRIES, INC.",NULL,NULL,6,UNITED STATES (USA)
8521,1M9650,4453,"ME-TWO MANUFACTURING, LLC",NULL,NULL,6,UNITED STATES (USA)
9679,1M9560,4455,"METRO TANK & STEEL, INC.",NULL,NULL,6,UNITED STATES (USA)
8544,1M9097,4458,METS WELDING,NULL,NULL,6,UNITED STATES (USA)
6459,16M,4461,MGS INCORPORATED,NULL,NULL,6,UNITED STATES (USA)
8548,1A9436,4468,AMERICAN DOZER INC.,NULL,NULL,6,UNITED STATES (USA)
9845,4ME,4469,AMERICAN EAGLE TRAILERS INC,NULL,NULL,6,UNITED STATES (USA)
9957,1A9543,4471,AMERICAN HOMESTAR CORPORATION,NULL,NULL,6,UNITED STATES (USA)
3607,5L5,4475,"AMERICAN IRONHORSE MOTORCYCLE COMPANY, INC.",NULL,NULL,6,UNITED STATES (USA)
8549,1A9383,4475,"AMERICAN IRONHORSE MOTORCYCLE COMPANY, INC.",NULL,NULL,6,UNITED STATES (USA)
6952,2BC,4479,AMERICAN MOTORS CORP.,NULL,NULL,6,UNITED STATES (USA)
11776,1AC,4479,AMERICAN MOTORS CORP.,NULL,NULL,6,UNITED STATES (USA)
11779,1AM,4479,AMERICAN MOTORS CORP.,NULL,NULL,6,UNITED STATES (USA)
9247,1A9428,4482,AMERICAN PERFORMANCE CYCLE MOTOR COMPANY,NULL,NULL,6,UNITED STATES (USA)
8551,1A9442,4483,AMERICAN QUANTUM CYCLES,NULL,NULL,6,UNITED STATES (USA)
9485,1B9673,4486,BCA FABRICATION LLC,NULL,NULL,6,UNITED STATES (USA)
9724,1R9455,4489,R.E. PRESCOTT CO. INC,NULL,NULL,6,UNITED STATES (USA)
7111,N51,4506,NEA,NULL,NULL,6,UNITED STATES (USA)
10473,1N9213,4506,NEA,NULL,NULL,6,UNITED STATES (USA)
4610,4A0,4507,NEAL MANUFACTURING COMPANY INC,NULL,NULL,6,UNITED STATES (USA)
11315,1N9116,4507,NEAL MANUFACTURING COMPANY INC,NULL,NULL,6,UNITED STATES (USA)
10169,1N9219,4510,NEDLAND INDUSTRIES INC.,NULL,NULL,6,UNITED STATES (USA)
7548,1N9145,4512,NEEL'S UTILITY TRAILER MFG,NULL,NULL,6,UNITED STATES (USA)
6233,4ZL,4515,NEIGHBORHOOD ELECTRIC VEHICLE COMPANY aka NEVCO,NULL,NULL,6,UNITED STATES (USA)
10960,1R9244,4518,ROBISON MANUFACTURING,NULL,NULL,6,UNITED STATES (USA)
9716,1A9482,4520,AL-JON MANUFACTURING LLC,NULL,NULL,6,UNITED STATES (USA)
5955,5B6,4521,CANNONDALE CORPORATION,NULL,NULL,6,UNITED STATES (USA)
2676,4LM,4523,CAPACITY OF TEXAS,NULL,NULL,6,UNITED STATES (USA)
3230,4C9260,4523,CAPACITY OF TEXAS,NULL,NULL,6,UNITED STATES (USA)
11404,1C9334,4523,CAPACITY OF TEXAS,NULL,NULL,6,UNITED STATES (USA)
9661,1C9819,4530,CAR TWIN TRAILERS INC,NULL,NULL,6,UNITED STATES (USA)
9964,1C9795,4531,"CARBO TECH, INC.",NULL,NULL,6,UNITED STATES (USA)
7043,1C9902,4532,CARDER'S CUSTOM CYCLES,NULL,NULL,6,UNITED STATES (USA)
5959,5LL,4539,CARGO AMERICA,NULL,NULL,6,UNITED STATES (USA)
8674,4D6,4540,"CARGO CRAFT ,INC.",NULL,NULL,6,UNITED STATES (USA)
9319,1C9776,4542,"CARGO PRO, INC.",NULL,NULL,6,UNITED STATES (USA)
9512,1C9828,4544,"CARGO-LINER, INC",NULL,NULL,6,UNITED STATES (USA)
8552,1C9668,4546,"CARLIN MANUFACTURING, INC.",NULL,NULL,6,UNITED STATES (USA)
8480,1A9619,4548,"ARMSTRONG TRAILER MANUFACTURING CO., INC.",NULL,NULL,6,UNITED STATES (USA)
7028,1A9601,4549,ARMSTRONG TRAILERS,NULL,NULL,6,UNITED STATES (USA)
8700,UU3,4553,ARO SA,NULL,NULL,44,ROMANIA
8554,1A9317,4558,ARROWHEAD TRAILERS,NULL,NULL,6,UNITED STATES (USA)
10476,1A9606,4559,ARROWHEAD TRAILER MFG INC,NULL,NULL,6,UNITED STATES (USA)
6949,1A9125,4561,ART'S PORTABLE WELDING,NULL,NULL,6,UNITED STATES (USA)
9550,1B9618,4568,BEACH CITY MOTORCYCLES INC.,NULL,NULL,6,UNITED STATES (USA)
7032,1B9648,4569,BEACH KING INC,NULL,NULL,6,UNITED STATES (USA)
6793,1BN,4571,"BEALL MANUFACTURING, INC.",NULL,NULL,6,UNITED STATES (USA)
14761,7ZZ,4571,"BEALL MANUFACTURING, INC.",NULL,NULL,6,UNITED STATES (USA)
6963,1B9110,4575,"BEAN & CONQUEST, INC.",NULL,NULL,6,UNITED STATES (USA)
10140,1B9612,4576,BEAR RIVER TRAILERS LLC,NULL,NULL,6,UNITED STATES (USA)
9829,1C9030,4581,CHUCK WAGON INDUSTRIES,NULL,NULL,6,UNITED STATES (USA)
7051,1C9578,4589,CIRCLE G. TRAILERS,NULL,NULL,6,UNITED STATES (USA)
6057,1C9759,4590,"CIRCLE H TRAILERS, INC.",NULL,NULL,6,UNITED STATES (USA)
10749,1B9208,4592,BIVOUAC COMMERCIAL VEHICLES,NULL,NULL,6,UNITED STATES (USA)
9552,2B9096,4593,BK DEVELOPMENT LTD,NULL,NULL,1,CANADA
8522,1B9708,4595,"BLACK DIAMOND EQUIPMENT, INC.",NULL,NULL,6,UNITED STATES (USA)
6058,1C9780,4597,CIRCLE R Manufacturer and Sales,NULL,NULL,6,UNITED STATES (USA)
12904,1C9470,4599,"CITY MACHINE & WELDING, INC.",NULL,NULL,6,UNITED STATES (USA)
3378,42E,4600,"ECONOLINE TRAILERS, INC.",NULL,NULL,6,UNITED STATES (USA)
7675,1E9046,4600,"ECONOLINE TRAILERS, INC.",NULL,NULL,6,UNITED STATES (USA)
10966,1P9190,4605,POLAR KING INTERNATIONAL INC,NULL,NULL,6,UNITED STATES (USA)
9929,1P9416,4608,POLK'S FARM & FAB,NULL,NULL,6,UNITED STATES (USA)
7511,1P9224,4609,"PREMIER INDUSTRIES, INC ",NULL,NULL,6,UNITED STATES (USA)
10583,1P9460,4613,PRIME TRAILER PRODUCTS INC,NULL,NULL,6,UNITED STATES (USA)
6216,1M9504,4615,MORGAN MACHINE CO.,NULL,NULL,6,UNITED STATES (USA)
4706,4WX,4618,MORITZ INTERNATIONAL INC.,NULL,NULL,6,UNITED STATES (USA)
11143,49M,4618,MORITZ INTERNATIONAL INC.,NULL,NULL,6,UNITED STATES (USA)
10257,1M9577,4619,MOROCCO WELDING,NULL,NULL,6,UNITED STATES (USA)
9012,1J9124,4620,JAY'S INC.,NULL,NULL,6,UNITED STATES (USA)
4646,1J9221,4623,JAYRON FABRICATION LLC,NULL,NULL,6,UNITED STATES (USA)
8555,1B9504,4626,"BURRO TRAVEL TRAILERS, LLC",NULL,NULL,6,UNITED STATES (USA)
9412,3B9008,4632,BUSHMASTER OF MEXICO S.A. DE C.V.,NULL,NULL,12,MEXICO
9407,AF9EJ1,4633,BUSHWAKKA AFRICA CC,NULL,NULL,10,SOUTH AFRICA
7039,1B9682,4634,BUTLER TRAILER SALES,NULL,NULL,6,UNITED STATES (USA)
9868,4KX,4638,"C & C TRAILER & BODY CO., INC.",NULL,NULL,6,UNITED STATES (USA)
10007,5GP,4642,"C & H QUALITY TRAILER SALES, LLC.",NULL,NULL,6,UNITED STATES (USA)
8556,1C9684,4643,"C & H TRAILERS, INC.",NULL,NULL,6,UNITED STATES (USA)
7040,1C9871,4644,C & M TRAILERS,NULL,NULL,6,UNITED STATES (USA)
7409,1L9201,4648,C TRAIL TRAILER,NULL,NULL,6,UNITED STATES (USA)
5806,1A9507,4661,A.A. TRAILER,NULL,NULL,6,UNITED STATES (USA)
9510,1C9862,4674,COOKE'S TRAILER MFG.,NULL,NULL,6,UNITED STATES (USA)
8557,1C9702,4675,COOL CARRIERS CUSTOM TRAILERS,NULL,NULL,6,UNITED STATES (USA)
10093,1C9804,4677,COOPER EQUIPMENT INC,NULL,NULL,6,UNITED STATES (USA)
8500,1F9269,4687,FATT HOGG FRAMES,NULL,NULL,6,UNITED STATES (USA)
10052,1F9032,4688,JOSEPH FAZEKAS,NULL,NULL,6,UNITED STATES (USA)
8558,1D9378,4689,DBAT TRAILER SALES & SERVICE,NULL,NULL,6,UNITED STATES (USA)
7065,1D9485,4690,DBR SYSTEMS LLC,NULL,NULL,6,UNITED STATES (USA)
9428,1D9444,4692,DEALER CHOICE LLC,NULL,NULL,6,UNITED STATES (USA)
9707,1D9269,4696,DEBRA H MORGAN COMPANY,NULL,NULL,6,UNITED STATES (USA)
6010,1D9412,4697,"DEBRIS SYSTEMS PLUS, LLC",NULL,NULL,6,UNITED STATES (USA)
10554,1C9CCC,4700,DECEW CARPENTRY CONTRACTING (Custom Cottages),NULL,NULL,6,UNITED STATES (USA)
2640,1D9644,4702,"DEJANA TRUCK AND UTILITY EQUIPMENT COMPANY LLC ",NULL,NULL,6,UNITED STATES (USA)
10608,1D9489,4705,DELAWARE AMERICAN MOTORS LLC,NULL,NULL,6,UNITED STATES (USA)
6011,1D9503,4710,DELTA SCIENTIFIC CORPORATION,NULL,NULL,6,UNITED STATES (USA)
8559,1D9359,4714,DELUXE WELDING INC.,NULL,NULL,6,UNITED STATES (USA)
10250,1G9299,4715,G-FAB INC,NULL,NULL,6,UNITED STATES (USA)
3579,16S,4720,CARRIAGE INC.,NULL,NULL,6,UNITED STATES (USA)
6757,13T,4720,CARRIAGE INC.,NULL,NULL,6,UNITED STATES (USA)
6758,19T,4720,CARRIAGE INC.,NULL,NULL,6,UNITED STATES (USA)
6759,16F,4720,CARRIAGE INC.,NULL,NULL,6,UNITED STATES (USA)
6760,19F,4720,CARRIAGE INC.,NULL,NULL,6,UNITED STATES (USA)
7045,1C9864,4722,CARRON TRUCK REPAIR LTD,NULL,NULL,6,UNITED STATES (USA)
10478,1S9836,4724,SUNSET TRAILER MFG. INC,NULL,NULL,6,UNITED STATES (USA)
10989,4MU,4725,SUNSHINE TRUCK & EQUIPMENT,NULL,NULL,6,UNITED STATES (USA)
5135,4S9240,4728,SUPER VACUUM MFG. CO. INC.,NULL,NULL,6,UNITED STATES (USA)
6973,1S9130,4729,SUPER X PRODUCTS INC.,NULL,NULL,6,UNITED STATES (USA)
8919,3M9001,4730,CARROCERIAS PRECONSTRUIDAS S A (Magnabus SA de CV),NULL,NULL,12,MEXICO
7259,41S,4734,SUPERIOR COACHES,NULL,NULL,6,UNITED STATES (USA)
12291,1S9573,4738,SUPERIOR MFG. INC,NULL,NULL,6,UNITED STATES (USA)
8560,1S9672,4742,SUPERIOR TRAILER INC.,NULL,NULL,6,UNITED STATES (USA)
8562,1M9165,4744,MOBILE MEDICAL INNOVATIONS,NULL,NULL,6,UNITED STATES (USA)
9567,1M9543,4747,"MOBILE SYSTEMS, LLC",NULL,NULL,6,UNITED STATES (USA)
9965,1M9553,4749,"MOBILE TRAILERS, INC.",NULL,NULL,6,UNITED STATES (USA)
6933,40M,4750,"MOBILE TRAVELER, INC.",NULL,NULL,6,UNITED STATES (USA)
10928,1M9009,4753,MOORE EQUIPMENT INC,NULL,NULL,6,UNITED STATES (USA)
8563,1M9144,4754,MOORE MARINE MARKETING INC,NULL,NULL,6,UNITED STATES (USA)
4681,4S8,4756,"MORBARK, LLC",NULL,NULL,6,UNITED STATES (USA)
8567,1M9457,4756,"MORBARK, LLC",NULL,NULL,6,UNITED STATES (USA)
8568,1D9340,4768,DORCHEAT MANUFACTURING COMPANY,NULL,NULL,6,UNITED STATES (USA)
9307,1B9545,4771,"BERT JENSEN & SONS, INC.",NULL,NULL,6,UNITED STATES (USA)
10015,1B9519,4773,"BES & T, INC.",NULL,NULL,6,UNITED STATES (USA)
2744,1B9435,4774,"BESLER INDUSTRIES, INC.",NULL,NULL,6,UNITED STATES (USA)
9427,1B9617,4775,BEST BET FABRICATION INC,NULL,NULL,6,UNITED STATES (USA)
7063,1D9487,4779,DAVIS TRAILER WORLD LLC,NULL,NULL,6,UNITED STATES (USA)
7551,1D9355,4780,"DAWSON INDUSTRIES, INC.",NULL,NULL,6,UNITED STATES (USA)
3149,4WF,4787,STROMCO LLC,NULL,NULL,6,UNITED STATES (USA)
11862,1L9556,4787,STROMCO LLC,NULL,NULL,6,UNITED STATES (USA)
11864,7LR,4787,STROMCO LLC,NULL,NULL,6,UNITED STATES (USA)
13526,4S9660,4787,STROMCO LLC,NULL,NULL,6,UNITED STATES (USA)
9735,1F9144,4791,FRONTIER TRAILER SALES,NULL,NULL,6,UNITED STATES (USA)
10725,1F9084,4793,FRP TRAILERS,NULL,NULL,6,UNITED STATES (USA)
10999,1F9152,4795,FRY'S WELDING INC,NULL,NULL,6,UNITED STATES (USA)
9979,1A9546,4798,IRON WORKS ENTERPRISES INC DBA ALLCO TRAILER MANUFACTURING,NULL,NULL,6,UNITED STATES (USA)
9936,5FV,4801,"IRONHORSE TRAILERS, L.L.C.",NULL,NULL,6,UNITED STATES (USA)
5957,1Z9209,4802,"IRONHORSE TRAILERS, INC.",NULL,NULL,6,UNITED STATES (USA)
7243,1Z9123,4805,ISE RESEARCH CORPORATION,NULL,NULL,6,UNITED STATES (USA)
10137,3A9057,4815,IVEMSA,NULL,NULL,12,MEXICO
8476,1J9300,4817,J & B TRAILERS & EQUIPMENT INC,NULL,NULL,6,UNITED STATES (USA)
6134,420,4819,"J & J MARINE SERVICES, INC.",NULL,NULL,6,UNITED STATES (USA)
7549,1J9192,4820,J & J TRAILER SALES MFG. CO.,NULL,NULL,6,UNITED STATES (USA)
8573,1J9214,4821,J & L EQUIPMENT,NULL,NULL,6,UNITED STATES (USA)
6946,1J9001,4822,"J & L TANK, INC.",NULL,NULL,6,UNITED STATES (USA)
8576,4U0,4823,"J & L'S CARGO EXPRESS, INC.",NULL,NULL,6,UNITED STATES (USA)
6734,1A9617,4825,ALC MANUFACTURING LLC,NULL,NULL,6,UNITED STATES (USA)
8578,1A9251,4828,"ALEWINE MOTORS, INC.",NULL,NULL,6,UNITED STATES (USA)
2205,SFZ,955,"TESLA, INC.",NULL,NULL,6,UNITED STATES (USA)
12871,7SA,955,"TESLA, INC.",NULL,NULL,6,UNITED STATES (USA)
13374,7G2,955,"TESLA, INC.",NULL,NULL,6,UNITED STATES (USA)
12797,SD7,956,ASTON MARTIN LAGONDA LIMITED,NULL,NULL,5,UNITED KINGDOM (UK)
3821,WAP,957,"BMW OF NORTH AMERICA, LLC",NULL,NULL,2,GERMANY
11780,SLA,960,ROLLS ROYCE MOTOR CARS,NULL,NULL,28,ENGLAND
6805,8BT,964,"MERCEDES-BENZ USA, LLC (SPRINTER)",NULL,NULL,17,ARGENTINA
6806,8BR,964,"MERCEDES-BENZ USA, LLC (SPRINTER)",NULL,NULL,17,ARGENTINA
6807,8BU,964,"MERCEDES-BENZ USA, LLC (SPRINTER)",NULL,NULL,17,ARGENTINA
6808,8BN,964,"MERCEDES-BENZ USA, LLC (SPRINTER)",NULL,NULL,17,ARGENTINA
2260,WBY,966,BMW AG,NULL,NULL,2,GERMANY
12964,WB5,966,BMW AG,NULL,NULL,2,GERMANY
13261,3MF,966,BMW AG,NULL,NULL,2,GERMANY
7999,WMZ,966,BMW AG,NULL,NULL,2,GERMANY
11781,3MW,966,BMW AG,NULL,NULL,2,GERMANY
11974,WZ1,966,BMW AG,NULL,NULL,2,GERMANY
2406,4MZ,961,BUELL MOTORCYCLE CO.,NULL,NULL,6,UNITED STATES (USA)
2407,5MZ,961,BUELL MOTORCYCLE CO.,NULL,NULL,6,UNITED STATES (USA)
2408,95Z,961,BUELL MOTORCYCLE CO.,NULL,NULL,6,UNITED STATES (USA)
7186,1B9133,961,BUELL MOTORCYCLE CO.,NULL,NULL,6,UNITED STATES (USA)
2254,JTK,962,"TOYOTA MOTOR NORTH AMERICA, INC",NULL,NULL,3,JAPAN
11226,ZA9D39,970,BUGATTI AUTOMOBILES S.A.S.,NULL,NULL,9,ITALY
3779,4N4,976,FORD MOTOR COMPANY,NULL,NULL,6,UNITED STATES (USA)
3780,4M4,976,FORD MOTOR COMPANY,NULL,NULL,6,UNITED STATES (USA)
4008,1FL,976,FORD MOTOR COMPANY,NULL,NULL,47,NORWAY
7370,1MR,976,FORD MOTOR COMPANY,NULL,NULL,6,UNITED STATES (USA)
2324,5L1,976,FORD MOTOR COMPANY,NULL,NULL,6,UNITED STATES (USA)
2341,5LT,976,FORD MOTOR COMPANY,NULL,NULL,6,UNITED STATES (USA)
3737,1MH,976,FORD MOTOR COMPANY,NULL,NULL,6,UNITED STATES (USA)
3749,4M3,976,FORD MOTOR COMPANY,NULL,NULL,6,UNITED STATES (USA)
3750,4N2,976,FORD MOTOR COMPANY,NULL,NULL,6,UNITED STATES (USA)
3752,4N3,976,FORD MOTOR COMPANY,NULL,NULL,6,UNITED STATES (USA)
2211,4F3,976,FORD MOTOR COMPANY,NULL,NULL,6,UNITED STATES (USA)
2238,4F4,976,FORD MOTOR COMPANY,NULL,NULL,6,UNITED STATES (USA)
2310,1F7,976,FORD MOTOR COMPANY,NULL,NULL,6,UNITED STATES (USA)
2313,1LJ,976,FORD MOTOR COMPANY,NULL,NULL,6,UNITED STATES (USA)
2314,1L1,976,FORD MOTOR COMPANY,NULL,NULL,6,UNITED STATES (USA)
2315,1F1,976,FORD MOTOR COMPANY,NULL,NULL,6,UNITED STATES (USA)
11477,WB3,972,BMW AG MOTORCYCLES,NULL,NULL,2,GERMANY
11856,WB4,972,BMW AG MOTORCYCLES,NULL,NULL,2,GERMANY
13928,4W5,984,GENERAL MOTORS LLC,NULL,NULL,6,UNITED STATES (USA)
13949,3GP,984,GENERAL MOTORS LLC,NULL,NULL,12,MEXICO
14366,4W1,984,GENERAL MOTORS LLC,NULL,NULL,6,UNITED STATES (USA)
10156,2G7,984,GENERAL MOTORS LLC,NULL,NULL,1,CANADA
12316,5G2,984,GENERAL MOTORS LLC,NULL,NULL,6,UNITED STATES (USA)
12910,5G5,984,GENERAL MOTORS LLC,NULL,NULL,6,UNITED STATES (USA)
13677,5G3,984,GENERAL MOTORS LLC,NULL,NULL,6,UNITED STATES (USA)
7558,2GH,984,GENERAL MOTORS LLC,NULL,NULL,1,CANADA
7568,2G5,984,GENERAL MOTORS LLC,NULL,NULL,1,CANADA
7569,2G0,984,GENERAL MOTORS LLC,NULL,NULL,1,CANADA
7576,2G8,984,GENERAL MOTORS LLC,NULL,NULL,1,CANADA
8984,W0V,984,GENERAL MOTORS LLC,NULL,NULL,6,UNITED STATES (USA)
6260,J8C,984,GENERAL MOTORS LLC,NULL,NULL,6,UNITED STATES (USA)
6261,J8T,984,GENERAL MOTORS LLC,NULL,NULL,6,UNITED STATES (USA)
6404,3G3,984,GENERAL MOTORS LLC,NULL,NULL,6,UNITED STATES (USA)
6814,4NS,984,GENERAL MOTORS LLC,NULL,NULL,6,UNITED STATES (USA)
7489,2GJ,984,GENERAL MOTORS LLC,NULL,NULL,1,CANADA
7493,2GA,984,GENERAL MOTORS LLC,NULL,NULL,1,CANADA
6143,4G1,984,GENERAL MOTORS LLC,NULL,NULL,6,UNITED STATES (USA)
6144,4G2,984,GENERAL MOTORS LLC,NULL,NULL,6,UNITED STATES (USA)
6245,JG1,984,GENERAL MOTORS LLC,NULL,NULL,6,UNITED STATES (USA)
6246,JG2,984,GENERAL MOTORS LLC,NULL,NULL,6,UNITED STATES (USA)
6258,JGC,984,GENERAL MOTORS LLC,NULL,NULL,6,UNITED STATES (USA)
6259,JGT,984,GENERAL MOTORS LLC,NULL,NULL,6,UNITED STATES (USA)
3516,3GS,984,GENERAL MOTORS LLC,NULL,NULL,6,UNITED STATES (USA)
5407,6G2,984,GENERAL MOTORS LLC,NULL,NULL,14,AUSTRALIA
6108,1GH,984,GENERAL MOTORS LLC,NULL,NULL,6,UNITED STATES (USA)
6109,4G3,984,GENERAL MOTORS LLC,NULL,NULL,6,UNITED STATES (USA)
6125,1G3,984,GENERAL MOTORS LLC,NULL,NULL,6,UNITED STATES (USA)
6126,2G3,984,GENERAL MOTORS LLC,NULL,NULL,6,UNITED STATES (USA)
3073,5GZ,984,GENERAL MOTORS LLC,NULL,NULL,6,UNITED STATES (USA)
3202,4NT,984,GENERAL MOTORS LLC,NULL,NULL,6,UNITED STATES (USA)
3249,4GT,984,GENERAL MOTORS LLC,NULL,NULL,6,UNITED STATES (USA)
3511,3G4,984,GENERAL MOTORS LLC,NULL,NULL,6,UNITED STATES (USA)
3513,1G7,984,GENERAL MOTORS LLC,NULL,NULL,6,UNITED STATES (USA)
3515,5GN,984,GENERAL MOTORS LLC,NULL,NULL,6,UNITED STATES (USA)
3063,2CN,984,GENERAL MOTORS LLC,NULL,NULL,6,UNITED STATES (USA)
3064,4GD,984,GENERAL MOTORS LLC,NULL,NULL,6,UNITED STATES (USA)
3066,4NU,984,GENERAL MOTORS LLC,NULL,NULL,6,UNITED STATES (USA)
3070,5S3,984,GENERAL MOTORS LLC,NULL,NULL,6,UNITED STATES (USA)
3071,5GR,984,GENERAL MOTORS LLC,NULL,NULL,6,UNITED STATES (USA)
3072,5GT,984,GENERAL MOTORS LLC,NULL,NULL,6,UNITED STATES (USA)
3039,3GM,984,GENERAL MOTORS LLC,NULL,NULL,6,UNITED STATES (USA)
3040,3G5,984,GENERAL MOTORS LLC,NULL,NULL,6,UNITED STATES (USA)
3041,3G7,984,GENERAL MOTORS LLC,NULL,NULL,6,UNITED STATES (USA)
3042,1GG,984,GENERAL MOTORS LLC,NULL,NULL,6,UNITED STATES (USA)
3060,2CT,984,GENERAL MOTORS LLC,NULL,NULL,6,UNITED STATES (USA)
3061,2CK,984,GENERAL MOTORS LLC,NULL,NULL,6,UNITED STATES (USA)
3032,1G5,984,GENERAL MOTORS LLC,NULL,NULL,6,UNITED STATES (USA)
3033,2GB,984,GENERAL MOTORS LLC,NULL,NULL,1,CANADA
3034,2GC,984,GENERAL MOTORS LLC,NULL,NULL,6,UNITED STATES (USA)
3035,2GD,984,GENERAL MOTORS LLC,NULL,NULL,1,CANADA
3036,2GT,984,GENERAL MOTORS LLC,NULL,NULL,6,UNITED STATES (USA)
3037,3GK,984,GENERAL MOTORS LLC,NULL,NULL,6,UNITED STATES (USA)
3000,2C2,984,GENERAL MOTORS LLC,NULL,NULL,6,UNITED STATES (USA)
3004,4G5,984,GENERAL MOTORS LLC,NULL,NULL,6,UNITED STATES (USA)
3028,1GE,984,GENERAL MOTORS LLC,NULL,NULL,6,UNITED STATES (USA)
3029,1GM,984,GENERAL MOTORS LLC,NULL,NULL,6,UNITED STATES (USA)
3030,4GL,984,GENERAL MOTORS LLC,NULL,NULL,6,UNITED STATES (USA)
3031,2CG,984,GENERAL MOTORS LLC,NULL,NULL,6,UNITED STATES (USA)
2943,1G2,984,GENERAL MOTORS LLC,NULL,NULL,6,UNITED STATES (USA)
2944,2G2,984,GENERAL MOTORS LLC,NULL,NULL,6,UNITED STATES (USA)
2949,3G2,984,GENERAL MOTORS LLC,NULL,NULL,6,UNITED STATES (USA)
2953,KL2,984,GENERAL MOTORS LLC,NULL,NULL,6,UNITED STATES (USA)
2980,1G8,984,GENERAL MOTORS LLC,NULL,NULL,6,UNITED STATES (USA)
2995,5GD,984,GENERAL MOTORS LLC,NULL,NULL,6,UNITED STATES (USA)
2623,3GG,984,GENERAL MOTORS LLC,NULL,NULL,12,MEXICO
2710,KL1,984,GENERAL MOTORS LLC,NULL,NULL,15,SOUTH KOREA
2796,3G0,984,GENERAL MOTORS LLC,NULL,NULL,12,MEXICO
2829,LSG,984,GENERAL MOTORS LLC,NULL,NULL,6,UNITED STATES (USA)
2845,ADM,984,GENERAL MOTORS LLC,NULL,NULL,10,SOUTH AFRICA
2913,2C1,984,GENERAL MOTORS LLC,NULL,NULL,6,UNITED STATES (USA)
2311,2FD,977,"FORD MOTOR COMPANY OF CANADA, LTD.",NULL,NULL,1,CANADA
2312,2MH,977,"FORD MOTOR COMPANY OF CANADA, LTD.",NULL,NULL,1,CANADA
2321,2FT,977,"FORD MOTOR COMPANY OF CANADA, LTD.",NULL,NULL,1,CANADA
2323,2MR,977,"FORD MOTOR COMPANY OF CANADA, LTD.",NULL,NULL,1,CANADA
2209,1YV,978,"AUTO ALLIANCE INTERNATIONAL, USA",NULL,NULL,6,UNITED STATES (USA)
3713,1ZW,978,"AUTO ALLIANCE INTERNATIONAL, USA",NULL,NULL,6,UNITED STATES (USA)
2316,3FT,979,"FORD MOTOR COMPANY, MEXICO",NULL,NULL,12,MEXICO
2319,3FD,979,"FORD MOTOR COMPANY, MEXICO",NULL,NULL,12,MEXICO
3744,3FB,979,"FORD MOTOR COMPANY, MEXICO",NULL,NULL,12,MEXICO
3746,3FE,979,"FORD MOTOR COMPANY, MEXICO",NULL,NULL,12,MEXICO
3747,3FM,979,"FORD MOTOR COMPANY, MEXICO",NULL,NULL,12,MEXICO
5237,3MA,979,"FORD MOTOR COMPANY, MEXICO",NULL,NULL,12,MEXICO
5343,3FC,979,"FORD MOTOR COMPANY, MEXICO",NULL,NULL,12,MEXICO
3741,2FB,977,"FORD MOTOR COMPANY OF CANADA, LTD.",NULL,NULL,6,UNITED STATES (USA)
5342,2FC,977,"FORD MOTOR COMPANY OF CANADA, LTD.",NULL,NULL,1,CANADA
2598,4U7,981,COUNTRY COACH CORPORATION,NULL,NULL,6,UNITED STATES (USA)
12278,2W9099,982,WESTWARD INDUSTRIES LTD.,NULL,NULL,1,CANADA
2446,4KL,984,GENERAL MOTORS LLC,NULL,NULL,6,UNITED STATES (USA)
2447,4KB,984,GENERAL MOTORS LLC,NULL,NULL,6,UNITED STATES (USA)
2448,4KD,984,GENERAL MOTORS LLC,NULL,NULL,6,UNITED STATES (USA)
2569,6G1,984,GENERAL MOTORS LLC,NULL,NULL,14,AUSTRALIA
2274,3HA,985,"BLUE DIAMOND TRUCK, S. DE R. L. DE C. V.",NULL,NULL,12,MEXICO
2275,3HB,985,"BLUE DIAMOND TRUCK, S. DE R. L. DE C. V.",NULL,NULL,12,MEXICO
2276,3HC,985,"BLUE DIAMOND TRUCK, S. DE R. L. DE C. V.",NULL,NULL,12,MEXICO
2320,3FN,985,"BLUE DIAMOND TRUCK, S. DE R. L. DE C. V.",NULL,NULL,6,UNITED STATES (USA)
3820,JR2,987,"HONDA MOTOR CO., LTD.",NULL,NULL,3,JAPAN
6817,JH3,987,"HONDA MOTOR CO., LTD.",NULL,NULL,3,JAPAN
7881,7FA,988,"AMERICAN HONDA MOTOR CO., INC.",NULL,NULL,6,UNITED STATES (USA)
6818,478,988,"AMERICAN HONDA MOTOR CO., INC.",NULL,NULL,6,UNITED STATES (USA)
14717,1XM,994,FCA US LLC,NULL,NULL,6,UNITED STATES (USA)
7631,1JC,994,FCA US LLC,NULL,NULL,6,UNITED STATES (USA)
7633,1JT,994,FCA US LLC,NULL,NULL,6,UNITED STATES (USA)
7655,1JD,994,FCA US LLC,NULL,NULL,6,UNITED STATES (USA)
4562,1P3,994,FCA US LLC,NULL,NULL,6,UNITED STATES (USA)
4874,1C8,994,FCA US LLC,NULL,NULL,6,UNITED STATES (USA)
4936,1B2,994,FCA US LLC,NULL,NULL,6,UNITED STATES (USA)
4937,1B8,994,FCA US LLC,NULL,NULL,6,UNITED STATES (USA)
4938,1C2,994,FCA US LLC,NULL,NULL,6,UNITED STATES (USA)
4940,1D5,994,FCA US LLC,NULL,NULL,6,UNITED STATES (USA)
4408,1J5,994,FCA US LLC,NULL,NULL,6,UNITED STATES (USA)
4409,1P4,994,FCA US LLC,NULL,NULL,6,UNITED STATES (USA)
4410,1P5,994,FCA US LLC,NULL,NULL,6,UNITED STATES (USA)
4411,1P6,994,FCA US LLC,NULL,NULL,6,UNITED STATES (USA)
4412,1P7,994,FCA US LLC,NULL,NULL,6,UNITED STATES (USA)
4561,1E3,994,FCA US LLC,NULL,NULL,6,UNITED STATES (USA)
4345,MP3,994,FCA US LLC,NULL,NULL,30,THAILAND
4399,1B4,994,FCA US LLC,NULL,NULL,6,UNITED STATES (USA)
4401,1B5,994,FCA US LLC,NULL,NULL,6,UNITED STATES (USA)
4403,1B6,994,FCA US LLC,NULL,NULL,6,UNITED STATES (USA)
4404,1B7,994,FCA US LLC,NULL,NULL,6,UNITED STATES (USA)
4405,1C5,994,FCA US LLC,NULL,NULL,6,UNITED STATES (USA)
4332,4B3,994,FCA US LLC,NULL,NULL,6,UNITED STATES (USA)
4333,JB3,994,FCA US LLC,NULL,NULL,3,JAPAN
4335,4C3,994,FCA US LLC,NULL,NULL,6,UNITED STATES (USA)
4339,4E3,994,FCA US LLC,NULL,NULL,6,UNITED STATES (USA)
4341,JE3,994,FCA US LLC,NULL,NULL,3,JAPAN
4343,MN3,994,FCA US LLC,NULL,NULL,30,THAILAND
3555,1Z2,994,FCA US LLC,NULL,NULL,6,UNITED STATES (USA)
3556,1Z3,994,FCA US LLC,NULL,NULL,6,UNITED STATES (USA)
3557,1Z4,994,FCA US LLC,NULL,NULL,6,UNITED STATES (USA)
3558,1Z6,994,FCA US LLC,NULL,NULL,6,UNITED STATES (USA)
3559,1Z8,994,FCA US LLC,NULL,NULL,6,UNITED STATES (USA)
3545,1A6,994,FCA US LLC,NULL,NULL,6,UNITED STATES (USA)
3546,1A7,994,FCA US LLC,NULL,NULL,6,UNITED STATES (USA)
3547,1A8,994,FCA US LLC,NULL,NULL,6,UNITED STATES (USA)
3548,1D2,994,FCA US LLC,NULL,NULL,6,UNITED STATES (USA)
3552,1D3,994,FCA US LLC,NULL,NULL,6,UNITED STATES (USA)
3554,1D8,994,FCA US LLC,NULL,NULL,6,UNITED STATES (USA)
2461,1J8,994,FCA US LLC,NULL,NULL,6,UNITED STATES (USA)
2536,1C4,994,FCA US LLC,NULL,NULL,6,UNITED STATES (USA)
2537,1C6,994,FCA US LLC,NULL,NULL,6,UNITED STATES (USA)
2538,1C7,994,FCA US LLC,NULL,NULL,6,UNITED STATES (USA)
3542,1A2,994,FCA US LLC,NULL,NULL,6,UNITED STATES (USA)
3544,1A3,994,FCA US LLC,NULL,NULL,6,UNITED STATES (USA)
2239,19V,988,"AMERICAN HONDA MOTOR CO., INC.",NULL,NULL,6,UNITED STATES (USA)
2383,ZDC,988,"AMERICAN HONDA MOTOR CO., INC.",NULL,NULL,9,ITALY
2389,LWB,988,"AMERICAN HONDA MOTOR CO., INC.",NULL,NULL,8,CHINA
14225,3DH,992,"HONDA DE MEXICO, S.A. DE C.V.",NULL,NULL,12,MEXICO
14226,3HD,992,"HONDA DE MEXICO, S.A. DE C.V.",NULL,NULL,12,MEXICO
2457,1J2,994,FCA US LLC,NULL,NULL,6,UNITED STATES (USA)
2458,1J3,994,FCA US LLC,NULL,NULL,6,UNITED STATES (USA)
2460,1J7,994,FCA US LLC,NULL,NULL,6,UNITED STATES (USA)
2404,2E4,995,FCA CANADA INC.,NULL,NULL,NULL,NULL
5177,2A3,995,FCA CANADA INC.,NULL,NULL,1,CANADA
5178,2A6,995,FCA CANADA INC.,NULL,NULL,1,CANADA
5179,2A7,995,FCA CANADA INC.,NULL,NULL,1,CANADA
5180,2A8,995,FCA CANADA INC.,NULL,NULL,1,CANADA
4945,2D3,995,FCA CANADA INC.,NULL,NULL,1,CANADA
4946,2D5,995,FCA CANADA INC.,NULL,NULL,1,CANADA
4947,2D6,995,FCA CANADA INC.,NULL,NULL,1,CANADA
4948,2D7,995,FCA CANADA INC.,NULL,NULL,1,CANADA
4949,2D8,995,FCA CANADA INC.,NULL,NULL,1,CANADA
5176,2A2,995,FCA CANADA INC.,NULL,NULL,1,CANADA
4565,2P3,995,FCA CANADA INC.,NULL,NULL,1,CANADA
4875,2CA,995,FCA CANADA INC.,NULL,NULL,1,CANADA
4877,2C8,995,FCA CANADA INC.,NULL,NULL,1,CANADA
4941,2B2,995,FCA CANADA INC.,NULL,NULL,1,CANADA
4942,2B8,995,FCA CANADA INC.,NULL,NULL,1,CANADA
4943,2D2,995,FCA CANADA INC.,NULL,NULL,1,CANADA
4445,2B4,995,FCA CANADA INC.,NULL,NULL,1,CANADA
4446,2B5,995,FCA CANADA INC.,NULL,NULL,1,CANADA
4447,2B6,995,FCA CANADA INC.,NULL,NULL,1,CANADA
4448,2B7,995,FCA CANADA INC.,NULL,NULL,1,CANADA
4564,2E3,995,FCA CANADA INC.,NULL,NULL,1,CANADA
4413,2C5,995,FCA CANADA INC.,NULL,NULL,6,UNITED STATES (USA)
4414,2J5,995,FCA CANADA INC.,NULL,NULL,1,CANADA
4415,2P4,995,FCA CANADA INC.,NULL,NULL,1,CANADA
4417,2P5,995,FCA CANADA INC.,NULL,NULL,1,CANADA
4418,2P6,995,FCA CANADA INC.,NULL,NULL,1,CANADA
4420,2P7,995,FCA CANADA INC.,NULL,NULL,1,CANADA
2464,2J4,995,FCA CANADA INC.,NULL,NULL,1,CANADA
2465,2J6,995,FCA CANADA INC.,NULL,NULL,1,CANADA
2539,2C4,995,FCA CANADA INC.,NULL,NULL,1,CANADA
2540,2C6,995,FCA CANADA INC.,NULL,NULL,1,CANADA
2541,2C7,995,FCA CANADA INC.,NULL,NULL,1,CANADA
2189,3C3,1002,CHRYSLER DE MEXICO TOLUCA,NULL,NULL,12,MEXICO
2405,3E4,1002,CHRYSLER DE MEXICO TOLUCA,NULL,NULL,NULL,NULL
5199,3A6,1002,CHRYSLER DE MEXICO TOLUCA,NULL,NULL,12,MEXICO
5200,3A7,1002,CHRYSLER DE MEXICO TOLUCA,NULL,NULL,12,MEXICO
5201,3A8,1002,CHRYSLER DE MEXICO TOLUCA,NULL,NULL,12,MEXICO
4955,3D2,1002,CHRYSLER DE MEXICO TOLUCA,NULL,NULL,12,MEXICO
4956,3D3,1002,CHRYSLER DE MEXICO TOLUCA,NULL,NULL,12,MEXICO
4957,3D5,1002,CHRYSLER DE MEXICO TOLUCA,NULL,NULL,12,MEXICO
4958,3D8,1002,CHRYSLER DE MEXICO TOLUCA,NULL,NULL,12,MEXICO
5197,3A2,1002,CHRYSLER DE MEXICO TOLUCA,NULL,NULL,12,MEXICO
5198,3A3,1002,CHRYSLER DE MEXICO TOLUCA,NULL,NULL,12,MEXICO
4878,3CA,1002,CHRYSLER DE MEXICO TOLUCA,NULL,NULL,12,MEXICO
4879,3C8,1002,CHRYSLER DE MEXICO TOLUCA,NULL,NULL,12,MEXICO
4950,3B2,1002,CHRYSLER DE MEXICO TOLUCA,NULL,NULL,12,MEXICO
4952,3B8,1002,CHRYSLER DE MEXICO TOLUCA,NULL,NULL,12,MEXICO
4954,3C2,1002,CHRYSLER DE MEXICO TOLUCA,NULL,NULL,12,MEXICO
4429,3P4,1002,CHRYSLER DE MEXICO TOLUCA,NULL,NULL,12,MEXICO
4430,3P5,1002,CHRYSLER DE MEXICO TOLUCA,NULL,NULL,12,MEXICO
4431,3P6,1002,CHRYSLER DE MEXICO TOLUCA,NULL,NULL,12,MEXICO
4432,3P7,1002,CHRYSLER DE MEXICO TOLUCA,NULL,NULL,12,MEXICO
4567,3E3,1002,CHRYSLER DE MEXICO TOLUCA,NULL,NULL,12,MEXICO
4568,3P3,1002,CHRYSLER DE MEXICO TOLUCA,NULL,NULL,12,MEXICO
4422,3B4,1002,CHRYSLER DE MEXICO TOLUCA,NULL,NULL,12,MEXICO
4423,3B5,1002,CHRYSLER DE MEXICO TOLUCA,NULL,NULL,12,MEXICO
4424,3B6,1002,CHRYSLER DE MEXICO TOLUCA,NULL,NULL,12,MEXICO
4425,3B7,1002,CHRYSLER DE MEXICO TOLUCA,NULL,NULL,12,MEXICO
4426,3C5,1002,CHRYSLER DE MEXICO TOLUCA,NULL,NULL,12,MEXICO
4428,3J5,1002,CHRYSLER DE MEXICO TOLUCA,NULL,NULL,12,MEXICO
2424,3B3,1002,CHRYSLER DE MEXICO TOLUCA,NULL,NULL,NULL,NULL
2471,3J4,1002,CHRYSLER DE MEXICO TOLUCA,NULL,NULL,12,MEXICO
2472,3J6,1002,CHRYSLER DE MEXICO TOLUCA,NULL,NULL,12,MEXICO
2542,3C4,1002,CHRYSLER DE MEXICO TOLUCA,NULL,NULL,12,MEXICO
2543,3C6,1002,CHRYSLER DE MEXICO TOLUCA,NULL,NULL,12,MEXICO
2544,3C7,1002,CHRYSLER DE MEXICO TOLUCA,NULL,NULL,12,MEXICO
2298,JNR,996,"NISSAN MOTOR COMPANY, LTD",NULL,NULL,NULL,NULL
2299,JNT,996,"NISSAN MOTOR COMPANY, LTD",NULL,NULL,NULL,NULL
2301,JNK,996,"NISSAN MOTOR COMPANY, LTD",NULL,NULL,NULL,NULL
2307,JNX,996,"NISSAN MOTOR COMPANY, LTD",NULL,NULL,3,JAPAN
2300,5N3,997,"NISSAN NORTH AMERICA, INC.",NULL,NULL,NULL,NULL
11614,3PC,997,"NISSAN NORTH AMERICA, INC.",NULL,NULL,12,MEXICO
2356,4VJ,1015,"VOLVO GROUP NORTH AMERICA, LLC",NULL,NULL,6,UNITED STATES (USA)
2357,4VK,1015,"VOLVO GROUP NORTH AMERICA, LLC",NULL,NULL,6,UNITED STATES (USA)
6412,4VA,1015,"VOLVO GROUP NORTH AMERICA, LLC",NULL,NULL,NULL,NULL
6413,4VB,1015,"VOLVO GROUP NORTH AMERICA, LLC",NULL,NULL,NULL,NULL
6422,4V1,1015,"VOLVO GROUP NORTH AMERICA, LLC",NULL,NULL,NULL,NULL
6423,4V2,1015,"VOLVO GROUP NORTH AMERICA, LLC",NULL,NULL,NULL,NULL
7322,4V6,1015,"VOLVO GROUP NORTH AMERICA, LLC",NULL,NULL,6,UNITED STATES (USA)
8872,4V3,1015,"VOLVO GROUP NORTH AMERICA, LLC",NULL,NULL,6,UNITED STATES (USA)
6414,4VC,1015,"VOLVO GROUP NORTH AMERICA, LLC",NULL,NULL,NULL,NULL
6415,4VD,1015,"VOLVO GROUP NORTH AMERICA, LLC",NULL,NULL,NULL,NULL
6416,4VE,1015,"VOLVO GROUP NORTH AMERICA, LLC",NULL,NULL,NULL,NULL
6417,4VG,1015,"VOLVO GROUP NORTH AMERICA, LLC",NULL,NULL,NULL,NULL
6418,4VH,1015,"VOLVO GROUP NORTH AMERICA, LLC",NULL,NULL,NULL,NULL
6420,4VM,1015,"VOLVO GROUP NORTH AMERICA, LLC",NULL,NULL,NULL,NULL
2349,WDX,1023,"MERCEDES-BENZ, AG",NULL,NULL,6,UNITED STATES (USA)
2350,WD0,1023,"MERCEDES-BENZ, AG",NULL,NULL,6,UNITED STATES (USA)
2351,WD8,1023,"MERCEDES-BENZ, AG",NULL,NULL,6,UNITED STATES (USA)
11971,W2Y,1023,"MERCEDES-BENZ, AG",NULL,NULL,2,GERMANY
11972,W2Z,1023,"MERCEDES-BENZ, AG",NULL,NULL,2,GERMANY
11965,W1W,1023,"MERCEDES-BENZ, AG",NULL,NULL,2,GERMANY
11966,W1X,1023,"MERCEDES-BENZ, AG",NULL,NULL,2,GERMANY
11967,W1Y,1023,"MERCEDES-BENZ, AG",NULL,NULL,2,GERMANY
11968,W1Z,1023,"MERCEDES-BENZ, AG",NULL,NULL,2,GERMANY
11969,W2W,1023,"MERCEDES-BENZ, AG",NULL,NULL,2,GERMANY
11970,W2X,1023,"MERCEDES-BENZ, AG",NULL,NULL,2,GERMANY
2352,WDW,1023,"MERCEDES-BENZ, AG",NULL,NULL,6,UNITED STATES (USA)
11912,WYB,1023,"MERCEDES-BENZ, AG",NULL,NULL,2,GERMANY
11913,W1H,1023,"MERCEDES-BENZ, AG",NULL,NULL,2,GERMANY
11963,W1N,1023,"MERCEDES-BENZ, AG",NULL,NULL,2,GERMANY
7479,VF1,1001,RENAULT GROUP,NULL,NULL,11,FRANCE
7587,VG6,1001,RENAULT GROUP,NULL,NULL,11,FRANCE
7588,VG8,1001,RENAULT GROUP,NULL,NULL,11,FRANCE
11553,7JR,1006,"VOLVO CAR USA, LLC",NULL,NULL,6,UNITED STATES (USA)
14247,7JD,1006,"VOLVO CAR USA, LLC",NULL,NULL,6,UNITED STATES (USA)
5391,5KK,1024,DAIMLER TRUCK NORTH AMERICA LLC,NULL,NULL,6,UNITED STATES (USA)
5395,5KJ,1024,DAIMLER TRUCK NORTH AMERICA LLC,NULL,NULL,6,UNITED STATES (USA)
6790,3BJ,1024,DAIMLER TRUCK NORTH AMERICA LLC,NULL,NULL,12,MEXICO
13521,3BH,1024,DAIMLER TRUCK NORTH AMERICA LLC,NULL,NULL,12,MEXICO
2266,1HP,1028,"INTERNATIONAL MOTORS, LLC",NULL,NULL,6,UNITED STATES (USA)
2267,1HS,1028,"INTERNATIONAL MOTORS, LLC",NULL,NULL,6,UNITED STATES (USA)
2268,1HT,1028,"INTERNATIONAL MOTORS, LLC",NULL,NULL,6,UNITED STATES (USA)
2269,1HV,1028,"INTERNATIONAL MOTORS, LLC",NULL,NULL,6,UNITED STATES (USA)
7854,1HA,1028,"INTERNATIONAL MOTORS, LLC",NULL,NULL,6,UNITED STATES (USA)
8181,7GZ,1028,"INTERNATIONAL MOTORS, LLC",NULL,NULL,6,UNITED STATES (USA)
2277,3HR,1028,"INTERNATIONAL MOTORS, LLC",NULL,NULL,12,MEXICO
2278,3HS,1028,"INTERNATIONAL MOTORS, LLC",NULL,NULL,12,MEXICO
2279,3HT,1028,"INTERNATIONAL MOTORS, LLC",NULL,NULL,12,MEXICO
2280,3HV,1028,"INTERNATIONAL MOTORS, LLC",NULL,NULL,12,MEXICO
6444,1HC,1028,"INTERNATIONAL MOTORS, LLC",NULL,NULL,6,UNITED STATES (USA)
2179,ZFB,1029,FCA ITALY S.P.A.,NULL,NULL,9,ITALY
4301,ZAC,1029,FCA ITALY S.P.A.,NULL,NULL,6,UNITED STATES (USA)
7557,ZFA,1029,FCA ITALY S.P.A.,NULL,NULL,9,ITALY
2177,57L,1030,CHAIRIOT MOBILITY INC,NULL,NULL,6,UNITED STATES (USA)
2187,SBV,1031,PACCAR INC.,NULL,NULL,5,UNITED KINGDOM (UK)
2331,1XK,1032,KENWORTH TRUCK COMPANY,NULL,NULL,6,UNITED STATES (USA)
2332,2XK,1032,KENWORTH TRUCK COMPANY,NULL,NULL,1,CANADA
2333,3WK,1032,KENWORTH TRUCK COMPANY,NULL,NULL,12,MEXICO
2334,SFN,1032,KENWORTH TRUCK COMPANY,NULL,NULL,5,UNITED KINGDOM (UK)
2336,1NK,1032,KENWORTH TRUCK COMPANY,NULL,NULL,6,UNITED STATES (USA)
2337,2NK,1032,KENWORTH TRUCK COMPANY,NULL,NULL,1,CANADA
2338,3BK,1032,KENWORTH TRUCK COMPANY,NULL,NULL,12,MEXICO
2180,1XP,1033,Peterbilt Motors Company,NULL,NULL,6,UNITED STATES (USA)
2181,1NP,1033,Peterbilt Motors Company,NULL,NULL,6,UNITED STATES (USA)
2182,2XP,1033,Peterbilt Motors Company,NULL,NULL,1,CANADA
2183,2NP,1033,Peterbilt Motors Company,NULL,NULL,1,CANADA
2184,3WP,1033,Peterbilt Motors Company,NULL,NULL,12,MEXICO
2186,3BP,1033,Peterbilt Motors Company,NULL,NULL,12,MEXICO
2193,U5Y,1034,HYUNDAI-KIA AMERICA TECHNICAL CENTER INC (HATCI),NULL,NULL,6,UNITED STATES (USA)
2196,5NP,1034,HYUNDAI-KIA AMERICA TECHNICAL CENTER INC (HATCI),NULL,NULL,6,UNITED STATES (USA)
2199,1M9972,1035,MAD DAWG CYCLES AND TRAILERS,NULL,NULL,6,UNITED STATES (USA)
2204,1M9971,1035,MAD DAWG CYCLES AND TRAILERS,NULL,NULL,6,UNITED STATES (USA)
2200,1M9970,1038,Mills Manufacturing Inc,NULL,NULL,6,UNITED STATES (USA)
2202,1H9261,1040,HAYES WELDING INC,NULL,NULL,6,UNITED STATES (USA)
2203,1V9192,1040,HAYES WELDING INC,NULL,NULL,6,UNITED STATES (USA)
2206,JM1,1041,Mazda Motor Corporation,NULL,NULL,3,JAPAN
2207,JM2,1041,Mazda Motor Corporation,NULL,NULL,3,JAPAN
2208,JM3,1041,Mazda Motor Corporation,NULL,NULL,3,JAPAN
6803,JC1,1041,Mazda Motor Corporation,NULL,NULL,3,JAPAN
7709,JC2,1041,Mazda Motor Corporation,NULL,NULL,3,JAPAN
2212,WDD,1042,Mercedes-Benz Cars,NULL,NULL,2,GERMANY
2214,WDB,1042,Mercedes-Benz Cars,NULL,NULL,2,GERMANY
2215,WME,1042,Mercedes-Benz Cars,NULL,NULL,2,GERMANY
2216,55S,1042,Mercedes-Benz Cars,NULL,NULL,6,UNITED STATES (USA)
2236,WDC,1042,Mercedes-Benz Cars,NULL,NULL,2,GERMANY
11962,W1K,1042,Mercedes-Benz Cars,NULL,NULL,2,GERMANY
2237,4JG,1043,"MERCEDES-BENZ OF NORTH AMERICA, INC.",NULL,NULL,6,UNITED STATES (USA)
2217,1BA,1044,BLUE BIRD BODY COMPANY,NULL,NULL,6,UNITED STATES (USA)
2218,1BB,1044,BLUE BIRD BODY COMPANY,NULL,NULL,6,UNITED STATES (USA)
2219,1BC,1044,BLUE BIRD BODY COMPANY,NULL,NULL,6,UNITED STATES (USA)
2220,1BD,1044,BLUE BIRD BODY COMPANY,NULL,NULL,6,UNITED STATES (USA)
2221,1Z9216,1045,OPTIMA BUS CORP,NULL,NULL,6,UNITED STATES (USA)
7256,1N9140,1047,"North American Bus Industries Inc., LLC",NULL,NULL,6,UNITED STATES (USA)
2223,JSA,1048,"SUZUKI MOTOR OF AMERICA, INC",NULL,NULL,3,JAPAN
2224,LM1,1048,"SUZUKI MOTOR OF AMERICA, INC",NULL,NULL,4,TAIWAN
2225,LM4,1048,"SUZUKI MOTOR OF AMERICA, INC",NULL,NULL,4,TAIWAN
2228,VTT,1048,"SUZUKI MOTOR OF AMERICA, INC",NULL,NULL,26,SPAIN
2229,5SA,1048,"SUZUKI MOTOR OF AMERICA, INC",NULL,NULL,6,UNITED STATES (USA)
2230,JKS,1048,"SUZUKI MOTOR OF AMERICA, INC",NULL,NULL,3,JAPAN
5898,2S2,1048,"SUZUKI MOTOR OF AMERICA, INC",NULL,NULL,3,JAPAN
5917,LN1,1048,"SUZUKI MOTOR OF AMERICA, INC",NULL,NULL,3,JAPAN
6820,JS4,1048,"SUZUKI MOTOR OF AMERICA, INC",NULL,NULL,3,JAPAN
7580,JG7,1048,"SUZUKI MOTOR OF AMERICA, INC",NULL,NULL,3,JAPAN
2366,2S3,1048,"SUZUKI MOTOR OF AMERICA, INC",NULL,NULL,NULL,NULL
2372,5Z6,1048,"SUZUKI MOTOR OF AMERICA, INC",NULL,NULL,6,UNITED STATES (USA)
2393,RFD,1048,"SUZUKI MOTOR OF AMERICA, INC",NULL,NULL,NULL,NULL
2394,LC6,1048,"SUZUKI MOTOR OF AMERICA, INC",NULL,NULL,8,CHINA
2395,MLC,1048,"SUZUKI MOTOR OF AMERICA, INC",NULL,NULL,NULL,NULL
4262,KL5,1048,"SUZUKI MOTOR OF AMERICA, INC",NULL,NULL,15,SOUTH KOREA
2231,JSK,1048,"SUZUKI MOTOR OF AMERICA, INC",NULL,NULL,3,JAPAN
2232,JSL,1048,"SUZUKI MOTOR OF AMERICA, INC",NULL,NULL,3,JAPAN
2233,RK6,1048,"SUZUKI MOTOR OF AMERICA, INC",NULL,NULL,4,TAIWAN
2234,RK7,1048,"SUZUKI MOTOR OF AMERICA, INC",NULL,NULL,4,TAIWAN
2364,JS2,1048,"SUZUKI MOTOR OF AMERICA, INC",NULL,NULL,NULL,NULL
2365,JS3,1048,"SUZUKI MOTOR OF AMERICA, INC",NULL,NULL,NULL,NULL
2242,4EN,1050,"E-ONE, INC.",NULL,NULL,6,UNITED STATES (USA)
2243,JA3,1052,Mitsubishi Motors Corporation (MMC),NULL,NULL,3,JAPAN
2244,JA4,1052,Mitsubishi Motors Corporation (MMC),NULL,NULL,3,JAPAN
2309,ML3,1052,Mitsubishi Motors Corporation (MMC),NULL,NULL,30,THAILAND
3851,JW6,1052,Mitsubishi Motors Corporation (MMC),NULL,NULL,3,JAPAN
3869,JA7,1052,Mitsubishi Motors Corporation (MMC),NULL,NULL,3,JAPAN
3981,JW7,1052,Mitsubishi Motors Corporation (MMC),NULL,NULL,3,JAPAN
7672,JP7,1052,Mitsubishi Motors Corporation (MMC),NULL,NULL,3,JAPAN
12073,JE4,1052,Mitsubishi Motors Corporation (MMC),NULL,NULL,3,JAPAN
7445,JP3,1052,Mitsubishi Motors Corporation (MMC),NULL,NULL,3,JAPAN
7464,JB4,1052,Mitsubishi Motors Corporation (MMC),NULL,NULL,3,JAPAN
7472,JP4,1052,Mitsubishi Motors Corporation (MMC),NULL,NULL,3,JAPAN
7476,JJ3,1052,Mitsubishi Motors Corporation (MMC),NULL,NULL,3,JAPAN
7581,JB7,1052,Mitsubishi Motors Corporation (MMC),NULL,NULL,3,JAPAN
2245,1P9751,1053,PETE’S GOLF CARTS,NULL,NULL,6,UNITED STATES (USA)
2246,4A3,1054,MITSUBISHI MOTORS NORTH AMERICA,NULL,NULL,6,UNITED STATES (USA)
2247,4A4,1054,MITSUBISHI MOTORS NORTH AMERICA,NULL,NULL,6,UNITED STATES (USA)
7449,4P3,1054,MITSUBISHI MOTORS NORTH AMERICA,NULL,NULL,6,UNITED STATES (USA)
2344,93M,1055,INTERNATIONAL TRUCK AND ENGINE CORPORATION,NULL,NULL,18,BRAZIL
2345,93S,1055,INTERNATIONAL TRUCK AND ENGINE CORPORATION,NULL,NULL,18,BRAZIL
2346,93V,1055,INTERNATIONAL TRUCK AND ENGINE CORPORATION,NULL,NULL,18,BRAZIL
2252,5PV,1056,HINO MOTORS MANUFACTURING U.S.A.,NULL,NULL,6,UNITED STATES (USA)
11817,7H4,1056,HINO MOTORS MANUFACTURING U.S.A.,NULL,NULL,6,UNITED STATES (USA)
2253,JTH,1057,TOYOTA MOTOR CORPORATION,NULL,NULL,3,JAPAN
2255,JTE,1057,TOYOTA MOTOR CORPORATION,NULL,NULL,3,JAPAN
2256,JTL,1057,TOYOTA MOTOR CORPORATION,NULL,NULL,3,JAPAN
2257,JTJ,1057,TOYOTA MOTOR CORPORATION,NULL,NULL,3,JAPAN
2258,JTD,1057,TOYOTA MOTOR CORPORATION,NULL,NULL,3,JAPAN
2259,JTM,1057,TOYOTA MOTOR CORPORATION,NULL,NULL,3,JAPAN
2452,JT5,1057,TOYOTA MOTOR CORPORATION,NULL,NULL,3,JAPAN
2340,JTN,1057,TOYOTA MOTOR CORPORATION,NULL,NULL,3,JAPAN
2419,JT2,1057,TOYOTA MOTOR CORPORATION,NULL,NULL,3,JAPAN
2422,JT8,1057,TOYOTA MOTOR CORPORATION,NULL,NULL,3,JAPAN
2425,JT6,1057,TOYOTA MOTOR CORPORATION,NULL,NULL,3,JAPAN
2426,JT3,1057,TOYOTA MOTOR CORPORATION,NULL,NULL,3,JAPAN
2432,JT4,1057,TOYOTA MOTOR CORPORATION,NULL,NULL,3,JAPAN
2261,10T,1058,OSHKOSH CORPORATION,NULL,NULL,6,UNITED STATES (USA)
7252,4CD,1058,OSHKOSH CORPORATION,NULL,NULL,6,UNITED STATES (USA)
2262,3TM,1059,TOYOTA MOTOR MFG DE BAJA CALIFORNIA S DE RL DE CV,NULL,NULL,12,MEXICO
2263,17J,1061,OWOSSO MOTOR CAR COMPANY,NULL,NULL,6,UNITED STATES (USA)
2264,1NX,1062,"New United Motor Manufacturing, Inc.",NULL,NULL,6,UNITED STATES (USA)
2328,5Y2,1062,"New United Motor Manufacturing, Inc.",NULL,NULL,6,UNITED STATES (USA)
2421,1Y1,1062,"New United Motor Manufacturing, Inc.",NULL,NULL,6,UNITED STATES (USA)
2265,5TE,1063,"TOYOTA MOTOR MANUFACTURING, CALIFORNIA, INC.",NULL,NULL,6,UNITED STATES (USA)
2285,4DR,1064,"IC BUS, LLC",NULL,NULL,6,UNITED STATES (USA)
2286,4KA,1064,"IC BUS, LLC",NULL,NULL,6,UNITED STATES (USA)
2289,5WE,1064,"IC BUS, LLC",NULL,NULL,6,UNITED STATES (USA)
3322,1GR,1073,Great Dane Trailers,NULL,NULL,6,UNITED STATES (USA)
2270,2HP,1074,"NAVISTAR CANADA, INC.",NULL,NULL,1,CANADA
2271,2HS,1074,"NAVISTAR CANADA, INC.",NULL,NULL,1,CANADA
2272,2HT,1074,"NAVISTAR CANADA, INC.",NULL,NULL,1,CANADA
2273,2HV,1074,"NAVISTAR CANADA, INC.",NULL,NULL,1,CANADA
6819,JF4,1075,"FUJI HEAVY INDUSTRIES U.S.A., INC. (C/O SUBARU OF AMERICA)",NULL,NULL,3,JAPAN
7380,JF3,1075,"FUJI HEAVY INDUSTRIES U.S.A., INC. (C/O SUBARU OF AMERICA)",NULL,NULL,3,JAPAN
2287,5B4,1078,Workhorse Custom Chassis,NULL,NULL,6,UNITED STATES (USA)
2288,5T4,1078,Workhorse Custom Chassis,NULL,NULL,6,UNITED STATES (USA)
7330,YV3,14914,VOLVO CAR CORPORATION,NULL,NULL,23,SWEDEN
7331,YV5,14914,VOLVO CAR CORPORATION,NULL,NULL,23,SWEDEN
7332,YV2,14914,VOLVO CAR CORPORATION,NULL,NULL,23,SWEDEN
7337,YV6,14914,VOLVO CAR CORPORATION,NULL,NULL,23,SWEDEN
6842,4M9009,14915,"MAINTENANCE SERVICES, INC.",NULL,NULL,6,UNITED STATES (USA)
6782,1G9515,14916,Gateway Teardrops LLC,NULL,NULL,6,UNITED STATES (USA)
6898,1Z9514,14919,"OUTER BANKS BEACH BUGGIES, LLC",NULL,NULL,6,UNITED STATES (USA)
7192,4C9407,14934,"COLUMBIA PARCAR CUSTOM CARTS, INC.",NULL,NULL,6,UNITED STATES (USA)
11885,4S9345,14936,SATELLITE INDUSTRIES,NULL,NULL,6,UNITED STATES (USA)
13166,7PX,14936,SATELLITE INDUSTRIES,NULL,NULL,6,UNITED STATES (USA)
6895,4M9013,14937,"MOHNEY FABRICATING & MANUFACTURING, LLC.",NULL,NULL,6,UNITED STATES (USA)
6897,1E9582,14938,"ELITE CUSTOM TRAILERS, LLC",NULL,NULL,6,UNITED STATES (USA)
6797,4M9020,14939,SUNFUN RENTALS,NULL,NULL,6,UNITED STATES (USA)
6980,1N9360,14941,Norwood Sales Inc.,NULL,NULL,6,UNITED STATES (USA)
6892,1J9003,14946,JOHN EVANS MANUFACTURING CO.,NULL,NULL,6,UNITED STATES (USA)
6894,1H9663,14950,"HEIRLOOM, INC.",NULL,NULL,6,UNITED STATES (USA)
6791,1R9788,14951,REVOLOGY CARS LLC,NULL,NULL,6,UNITED STATES (USA)
6893,1Z9515,14952,"OUTLAW FAB & CONSULTING LLC ",NULL,NULL,6,UNITED STATES (USA)
7327,1F9464,14953,"FWT-DW, LTD.",NULL,NULL,6,UNITED STATES (USA)
6993,KL9CGA,14955,"ROUTE17 CO.,LTD",NULL,NULL,15,SOUTH KOREA
6890,1S1,14956,"STRICK TRAILERS, LLC",NULL,NULL,6,UNITED STATES (USA)
6891,3BD,14956,"STRICK TRAILERS, LLC",NULL,NULL,12,MEXICO
11470,1W9566,14958,CAR REPLICA TRAILERS,NULL,NULL,6,UNITED STATES (USA)
6889,1E9583,14961,EAGLE TRAILERS,NULL,NULL,6,UNITED STATES (USA)
3139,1J9286,14962,J-CRAFT,NULL,NULL,6,UNITED STATES (USA)
6888,1Z9437,14964,"INDUSTRIAL SYSTEMS, INC.",NULL,NULL,6,UNITED STATES (USA)
6822,4C9424,14965,CROWN FOOD CARTS INCORPORATED,NULL,NULL,6,UNITED STATES (USA)
6887,4A9020,14968,"AWOL OUTDOORS, INC. D/B/A CAMP365",NULL,NULL,213,UNITED ARAB EMIRATES
6795,932,14971,HARLEY-DAVIDSON DO BRASIL LTDA,NULL,NULL,18,BRAZIL
6874,1R9813,14979,RAMPLESS MOTORCYCLE TRAILERS LLC,NULL,NULL,6,UNITED STATES (USA)
6867,YA9284,14981,PRESSES ET CISAILLES LEFORT SA,NULL,NULL,22,BELGIUM
6886,3A9261,14983,"IZA DESIGN & MANUFACTURING, S.A DE C.V",NULL,NULL,12,MEXICO
6847,58E,14985,"CROSS TRAILERS, INC.",NULL,NULL,6,UNITED STATES (USA)
6884,4C9420,14992,CIRCLE R TRAILERS,NULL,NULL,6,UNITED STATES (USA)
11171,1V9052,14997,VALLEY WELDING & TRAILER REPAIR,NULL,NULL,6,UNITED STATES (USA)
6883,4M9030,14998,MAUPIN WELDING INC,NULL,NULL,6,UNITED STATES (USA)
6882,4A9021,15001,"ATLAS LIFT TRAILERS, INC.",NULL,NULL,6,UNITED STATES (USA)
6006,1G9411,15002,CITECAR LLC,NULL,NULL,6,UNITED STATES (USA)
6880,4B9054,15004,BRAZOS TRAILER MANUFACTURING LLC,NULL,NULL,6,UNITED STATES (USA)
6876,4M9001,15005,MENTZER CUSTOM TRAILER MANUFACTURING,NULL,NULL,6,UNITED STATES (USA)
7564,7GC,15005,MENTZER CUSTOM TRAILER MANUFACTURING,NULL,NULL,6,UNITED STATES (USA)
6875,4C9426,15006,"C3 DESIGN, INC. T/A FRANKLIN RETREATS",NULL,NULL,6,UNITED STATES (USA)
6869,1G9492,15007,GREENPOWER MOTOR COMPANY INC.,NULL,NULL,6,UNITED STATES (USA)
13059,1G9619,15007,GREENPOWER MOTOR COMPANY INC.,NULL,NULL,6,UNITED STATES (USA)
14177,1G9660,15007,GREENPOWER MOTOR COMPANY INC.,NULL,NULL,6,UNITED STATES (USA)
6878,4M9031,15008,MIDDLE GEORGIA TRAILERS,NULL,NULL,6,UNITED STATES (USA)
6870,4B9056,15009,"BULLHEAD STEEL FABRICATORS, LLC",NULL,NULL,6,UNITED STATES (USA)
6877,4S9411,15013,"SOUTH CENTRAL INDUSTRIAL, LLC.",NULL,NULL,6,UNITED STATES (USA)
6832,4C9422,15014,COLVIN MOTORCYCLE,NULL,NULL,6,UNITED STATES (USA)
6871,1G9529,15015,GUN FIGHTER CUSTOMS,NULL,NULL,6,UNITED STATES (USA)
6872,1G9528,15015,GUN FIGHTER CUSTOMS,NULL,NULL,6,UNITED STATES (USA)
6865,1N9362,15016,NEXT STEP FAMILY OF PRODUCTS LLC,NULL,NULL,6,UNITED STATES (USA)
13805,1N9423,15016,NEXT STEP FAMILY OF PRODUCTS LLC,NULL,NULL,NULL,NULL
6868,1N9364,15021,NATIONAL TRAILER INC,NULL,NULL,6,UNITED STATES (USA)
6802,HDR,15022,HARLEY-DAVIDSON OFF-ROAD,NULL,NULL,NULL,NULL
6864,4T9222,15056,"TRI-C ENGINEERING, INC. DBA TRACKMASTER RACING FRAMES",NULL,NULL,6,UNITED STATES (USA)
6862,4C9428,15057,CONQUEST TRIKE OF TAMPA BAY LLC,NULL,NULL,6,UNITED STATES (USA)
6859,1Z9458,15063,ISLAND CART RENTALS AND SALES,NULL,NULL,6,UNITED STATES (USA)
6860,4S9403,15064,STRONG BUILT TRAILERS LLC,NULL,NULL,6,UNITED STATES (USA)
6809,AA9KY1,15066,CONQUEROR MANUFACTURERS (PTY) LTD,NULL,NULL,10,SOUTH AFRICA
6827,1F9465,15068,FORESHEE FLATBED LADDERS & MFG LLC,NULL,NULL,6,UNITED STATES (USA)
6858,4M9029,15070,"MC TRAILERS, LLC",NULL,NULL,6,UNITED STATES (USA)
8300,1M9691,15070,"MC TRAILERS, LLC",NULL,NULL,6,UNITED STATES (USA)
7266,ABV,15076,VENTER MANUFACTURING (PTY) LTD,NULL,NULL,10,SOUTH AFRICA
6810,ZFJ,15082,CARROZZERIA PEZZAIOLI S.R.L.,NULL,NULL,9,ITALY
6855,1F9467,15086,FLIR DETECTION INC.,NULL,NULL,6,UNITED STATES (USA)
6811,4C9430,15092,CH TRAILER COMPANY,NULL,NULL,6,UNITED STATES (USA)
7206,LZB,15093,"SANYOU HOLDING GROUP YINYOU MOTORCYCLE CO., LTD",NULL,NULL,8,CHINA
6854,4S9409,15095,"FRANK K ELLINGTON, DBA SUNDROP SOLAR TRAILERS",NULL,NULL,6,UNITED STATES (USA)
6853,4T9223,15096,TRADESMAN COMPANY,NULL,NULL,6,UNITED STATES (USA)
7207,3S9104,15098,SERVICIOS INDUSTRIALES GONZALEZ S.A. DE C.V.,NULL,NULL,12,MEXICO
7221,6K9337,15102,DRIFTA CAMPING KITCHENS PTY LTD,NULL,NULL,14,AUSTRALIA
6953,145,15105,"HYUNDAI STEEL INDUSTRIES, INC.",NULL,NULL,6,UNITED STATES (USA)
6851,1W9583,15108,WILLIS EXTENDABLES,NULL,NULL,6,UNITED STATES (USA)
6850,4B9113,15109,"BARCLAY MANUFACTURING, LLC",NULL,NULL,6,UNITED STATES (USA)
6848,1R9814,15112,RED DEER CLASSICS LLC,NULL,NULL,6,UNITED STATES (USA)
7165,4B9073,15113,BAMA LOW SPEED VEHICLES,NULL,NULL,6,UNITED STATES (USA)
7349,4B9130,15119,"CHATTANOOGA RV TRAILERS, LLC DBA TINY HOUSE CHATTANOOGA",NULL,NULL,6,UNITED STATES (USA)
6846,1P9747,15123,PINNACLE POWER SERVICES INC.,NULL,NULL,6,UNITED STATES (USA)
6815,1Z9521,15126,"1/OFF KUSTOMS, LLC",NULL,NULL,6,UNITED STATES (USA)
6841,1D9775,15128,DAKOTA TRAILERS,NULL,NULL,6,UNITED STATES (USA)
11758,1S9584,15129,SOUTHWEST PRODUCTS,NULL,NULL,6,UNITED STATES (USA)
6843,1R9805,15131,RIVER VALLEY TRAILER CO LLC,NULL,NULL,6,UNITED STATES (USA)
6835,1W9586,15133,WOLFPACK CHASSIS LLC,NULL,NULL,6,UNITED STATES (USA)
6840,4B9111,15134,"BROTHERS INDUSTRIAL SERVICES, LLC",NULL,NULL,6,UNITED STATES (USA)
6838,1A9995,15135,"ALUMA PRO TRAILERS, LLC.",NULL,NULL,6,UNITED STATES (USA)
6825,1N9361,15137,NASHUA HOMES OF IDAHO DBA NASHUA BUILDERS,NULL,NULL,6,UNITED STATES (USA)
2830,W08,15139,ADAM OPEL AG,NULL,NULL,6,UNITED STATES (USA)
3379,W0L,15139,ADAM OPEL AG,NULL,NULL,6,UNITED STATES (USA)
5409,W04,15139,ADAM OPEL AG,NULL,NULL,5,UNITED KINGDOM (UK)
6816,W06,15139,ADAM OPEL AG,NULL,NULL,2,GERMANY
5332,4S9089,15140,GREGORY INDUSTRIES,NULL,NULL,6,UNITED STATES (USA)
7437,4S9417,15141,SRC MONTEZUMA LLC,NULL,NULL,6,UNITED STATES (USA)
9725,1S9732,15141,SRC MONTEZUMA LLC,NULL,NULL,6,UNITED STATES (USA)
6837,7FK,15143,IMPAC MANUFACTURING INC.,NULL,NULL,6,UNITED STATES (USA)
6834,1D9776,15150,"DBT DESIGNS, LLC.",NULL,NULL,6,UNITED STATES (USA)
6836,4C9431,15153,CARTS ON 12 INC.,NULL,NULL,6,UNITED STATES (USA)
7994,1B9320,15154,Unicell Body Company,NULL,NULL,6,UNITED STATES (USA)
6831,1D9441,15160,DURACO INC,NULL,NULL,6,UNITED STATES (USA)
6826,1F9468,15162,FLEXTOP TRAILERS LLC,NULL,NULL,6,UNITED STATES (USA)
7005,1E9588,15165,EXTREME TRAILERS LLC,NULL,NULL,6,UNITED STATES (USA)
13489,7VG,15165,EXTREME TRAILERS LLC,NULL,NULL,6,UNITED STATES (USA)
11368,4B9120,15167,BULL CYCLES LLC,NULL,NULL,6,UNITED STATES (USA)
6823,4B9115,15168,BULL MANUFACTURING LLC.,NULL,NULL,6,UNITED STATES (USA)
7000,55L,15169,REISER MANUFACTURING CO INC,NULL,NULL,6,UNITED STATES (USA)
2966,1E9486,15170,"ELECTRIC VEHICLES INTERNATIONAL, LLC",NULL,NULL,6,UNITED STATES (USA)
12026,1E9509,15170,"ELECTRIC VEHICLES INTERNATIONAL, LLC",NULL,NULL,6,UNITED STATES (USA)
2388,VTM,15171,MONTESA HONDA SA,NULL,NULL,26,SPAIN
6830,VTD,15171,MONTESA HONDA SA,NULL,NULL,26,SPAIN
6988,1J9444,15172,"JFM SERVICES, INC.",NULL,NULL,6,UNITED STATES (USA)
7183,4T9231,15173,"TJ OILFIELD SERVICES, LLC",NULL,NULL,6,UNITED STATES (USA)
7417,1T9694,15176,TJC INC,NULL,NULL,6,UNITED STATES (USA)
7402,1P9453,15177,Plymouth Feed Co,NULL,NULL,6,UNITED STATES (USA)
6989,1D9780,15178,DANIEL LOHR,NULL,NULL,6,UNITED STATES (USA)
7159,SVS,15184,A SMITH GT BENTLEY LTD,NULL,NULL,39,POLAND
7003,1B9730,15185,BAUER COMPRESSORS INC.,NULL,NULL,6,UNITED STATES (USA)
7019,1K9365,15187,"KJD ENTERPRISES, INC.",NULL,NULL,6,UNITED STATES (USA)
6983,1W9587,15188,"WORTHINGTON CRYOGENICS, LLC.",NULL,NULL,6,UNITED STATES (USA)
7001,7FD,15190,Deep South Cargo Trailers LLC,NULL,NULL,6,UNITED STATES (USA)
7374,4T9242,15194,"TIMBERLEAF TRAILERS, INC.",NULL,NULL,6,UNITED STATES (USA)
13920,1N9367,15197,NAPPI FABRICATION DESIGNES,NULL,NULL,6,UNITED STATES (USA)
7710,1K9059,15198,"KID MANUFACTURING ",NULL,NULL,6,UNITED STATES (USA)
7712,1K9053,15199,KINGS WAY TRAILER MFG.,NULL,NULL,6,UNITED STATES (USA)
7711,XL9003,15200,"KONDOR COACH BUILDERS, INC",NULL,NULL,31,NETHERLANDS
10861,1K9011,15201,"KREMCO, INC",NULL,NULL,6,UNITED STATES (USA)
11382,3M9084,15203,MAXXIM INDUSTRIES II S. DE R.L DE C.V.,NULL,NULL,12,MEXICO
14447,3FZ,15203,MAXXIM INDUSTRIES II S. DE R.L DE C.V.,NULL,NULL,12,MEXICO
7713,197,15204,"KROSS KOUNTRY INDUSTRIES ",NULL,NULL,6,UNITED STATES (USA)
7082,3M9082,15205,MICHAEL LOEWEN REIMER DBA LOMAR INDUSTRY,NULL,NULL,12,MEXICO
7714,1L9046,15209,"L & L CUSTOM TRAILERS ",NULL,NULL,6,UNITED STATES (USA)
7716,1L9049,15212,"L.J. WELDING INC ",NULL,NULL,6,UNITED STATES (USA)
7277,6K9299,15213,GIDGET RETRO TEARDROP CAMPER PTY. LTD.,NULL,NULL,14,AUSTRALIA
7717,1L9070,15214,"L.B. MANUFACTURING COMPANY ",NULL,NULL,6,UNITED STATES (USA)
7719,2L9012,15215,LADNER MANUFACTURING LTD,NULL,NULL,1,CANADA
7720,15V,15216,LANDMARK INDUSTRIES INC.,NULL,NULL,6,UNITED STATES (USA)
7721,1A9117,15219,"LEITNER CORPORATION ",NULL,NULL,6,UNITED STATES (USA)
13029,2K9080,15221,KCP CONCRETE PUMPS LTD.,NULL,NULL,NULL,NULL
7722,1ZL,15222,"LHT INDUSTRIES, INC ",NULL,NULL,6,UNITED STATES (USA)
7723,1L9054,15223,"LIFETIME ALUMINUM TRAILER CO., INC ",NULL,NULL,6,UNITED STATES (USA)
7724,1L9063,15224,"LIFTCO INCORPORATED ",NULL,NULL,6,UNITED STATES (USA)
7725,11X,15225,"LINDIG MANUFACTURING CORPORATION ",NULL,NULL,6,UNITED STATES (USA)
7978,1LG,15227,"LONG TRAILER COMPANY, INC",NULL,NULL,6,UNITED STATES (USA)
7726,1L9026,15228,"LUEDTKE MANUFACTURING, INC",NULL,NULL,6,UNITED STATES (USA)
7727,1L9056,15229,LUPER'S TANK & TRAILER,NULL,NULL,6,UNITED STATES (USA)
7728,SA9020,15230,"M & G TANKERS LTD ",NULL,NULL,28,ENGLAND
7729,1M9246,15231,"M & M FABRICATORS CORPORATION ",NULL,NULL,6,UNITED STATES (USA)
7730,1M9064,15232,"M & R MANUFACTURING ",NULL,NULL,6,UNITED STATES (USA)
7731,1M9210,15236,M.G. RHOADS,NULL,NULL,6,UNITED STATES (USA)
7732,1M9196,15237,"MAMER'S ",NULL,NULL,6,UNITED STATES (USA)
7733,2M9004,15238,"MARATHON EQUIPMENT LTD ",NULL,NULL,1,CANADA
7735,1YA,15243,"MARK'S TRAILERS, INC ",NULL,NULL,6,UNITED STATES (USA)
7736,1M9231,15250,MARLEY CONTINENTAL HOMES OF KANSAS,NULL,NULL,6,UNITED STATES (USA)
7737,1M9191,15251,"MARQUEZ MFG. CO. ",NULL,NULL,6,UNITED STATES (USA)
7738,1M9206,15252,"MARTIN MACHINE ",NULL,NULL,6,UNITED STATES (USA)
7739,1M9209,15253,"MAXI-CUBE TRANSPORT SYSTEMS, INC ",NULL,NULL,6,UNITED STATES (USA)
11125,1M9181,15254,MAYNARD & CO.,NULL,NULL,6,UNITED STATES (USA)
7741,166,15255,"McCULLOUGH ALUMINUM TRAILER CO., INC ",NULL,NULL,6,UNITED STATES (USA)
7742,1M9037,15257,"MCR TECHNOLOGY, INC ",NULL,NULL,6,UNITED STATES (USA)
7743,1M9248,15258,"MEDIC EQUIPMENT CO, INC ",NULL,NULL,6,UNITED STATES (USA)
7744,1M9069,15259,"METAL FAB, INC ",NULL,NULL,6,UNITED STATES (USA)
8068,1M6,15261,METZGER MACHINE & ENGINE CO.,NULL,NULL,6,UNITED STATES (USA)
7745,1M9227,15263,"MGS GRAND SPORT ",NULL,NULL,6,UNITED STATES (USA)
7746,1M9193,15264,"MILLER'S WELDING SERVICE ",NULL,NULL,6,UNITED STATES (USA)
7747,1M9200,15265,"MINI BIG TRUCK OF TEXAS ",NULL,NULL,6,UNITED STATES (USA)
7748,1M9247,15266,MISTER TRAILER CO.,NULL,NULL,6,UNITED STATES (USA)
8067,12U,15267,"MITCHELL INDUSTRIES INC ",NULL,NULL,6,UNITED STATES (USA)
7749,ZB0,15268,"Motor Bike Imports, Inc",NULL,NULL,9,ITALY
8072,1MM,15270,"MOODY MANUFACTURING COMPANY ",NULL,NULL,6,UNITED STATES (USA)
7750,1M9201,15271,"MORGAN INDUSTRIES, INC ",NULL,NULL,6,UNITED STATES (USA)
7751,1M9237,15272,"MORSE BROS. INC ",NULL,NULL,6,UNITED STATES (USA)
7752,1M9245,15273,"MOYOCK MFG., INC ",NULL,NULL,6,UNITED STATES (USA)
7753,1M9240,15274,"MYERS PRODUCTS INCORPORATED ",NULL,NULL,6,UNITED STATES (USA)
7754,1N9021,15275,"NEOSHO FIBERGLASS CO. INC ",NULL,NULL,6,UNITED STATES (USA)
7755,1DP,15277,"NORTRAIL PRODUCTS CO., INC ",NULL,NULL,6,UNITED STATES (USA)
7756,109016,15278,"ODOM TRAILER MFG. CO INC ",NULL,NULL,6,UNITED STATES (USA)
7758,109013,15279,"ODOM'S MANUFACTURING INC  WELDING ",NULL,NULL,6,UNITED STATES (USA)
7757,10Z,15280,"OMNI TRAILERS, INC ",NULL,NULL,6,UNITED STATES (USA)
7759,109022,15281,"ON THE ROAD ",NULL,NULL,6,UNITED STATES (USA)
7904,2B9028,15282,"ONTARIO BUS INDUSTRIES, INC ",NULL,NULL,1,CANADA
7760,109015,15285,"OREGON MANUFACTURING COMPANY, INC",NULL,NULL,6,UNITED STATES (USA)
7761,10W,15288,CLASSIC MANUFACTURING INC,NULL,NULL,6,UNITED STATES (USA)
7762,1P9103,15289,"PACIFIC ENERGY SYSTEMS, INC ",NULL,NULL,6,UNITED STATES (USA)
7763,154,15290,"PARIS CUSTOM TRAILERS ",NULL,NULL,6,UNITED STATES (USA)
7764,12Z,15291,"PATENT PRODUCTS, INC ",NULL,NULL,6,UNITED STATES (USA)
7765,1P9084,15292,"PARKVIEW MANSIONS, INC ",NULL,NULL,6,UNITED STATES (USA)
7766,1P9048,15293,"PAULI COOLING SYSTEMS, INC ",NULL,NULL,6,UNITED STATES (USA)
7767,1P9079,15294,"PERRY COMPETITION, INC ",NULL,NULL,6,UNITED STATES (USA)
7768,1P9096,15295,PERRY ENT.,NULL,NULL,6,UNITED STATES (USA)
7769,1P9071,15296,"PETROFAB, INC ",NULL,NULL,6,UNITED STATES (USA)
7770,1P9074,15298,"PHOENIX GARAGE ",NULL,NULL,6,UNITED STATES (USA)
7771,1P9075,15299,"PIONEER MACHINERY INC ",NULL,NULL,6,UNITED STATES (USA)
6981,4T9225,15300,TEVCO MANUFACTURING LLC,NULL,NULL,6,UNITED STATES (USA)
7772,1P9068,15302,PITTSVILLE HOMES INC,NULL,NULL,6,UNITED STATES (USA)
7773,11P,15303,"PLEASANT VIEW MFG. CO., INC ",NULL,NULL,6,UNITED STATES (USA)
7774,1P9091,15304,"PLUNKETT TRAILER SALES ",NULL,NULL,6,UNITED STATES (USA)
7775,1R9074,15306,"PRAUSER'S ",NULL,NULL,6,UNITED STATES (USA)
7776,1P9082,15307,SILVERCREST INDUSTRIES INC,NULL,NULL,6,UNITED STATES (USA)
7777,16R,15308,"PYRAMID MANUFACTURING COMPANY ",NULL,NULL,6,UNITED STATES (USA)
7778,1R9059,15309,"R.V. CLASSICS, INC ",NULL,NULL,6,UNITED STATES (USA)
7779,1R9052,15310,"RAMIKA INDUSTRIES INC ",NULL,NULL,6,UNITED STATES (USA)
8069,1RL,15311,"RAM-LIN CUSTOM TRAILERS ",NULL,NULL,6,UNITED STATES (USA)
7780,1XL,15312,RANGE MANUFACTURING COMPANY,NULL,NULL,6,UNITED STATES (USA)
7781,12J,15313,"REBUILDERS & SANDBLASTERS, INC ",NULL,NULL,6,UNITED STATES (USA)
7782,1R9051,15314,"RED RIVER MANUFACTURING & DISTRIBUTING ",NULL,NULL,6,UNITED STATES (USA)
7783,1R9045,15316,"REZNER TRAILERS INC ",NULL,NULL,6,UNITED STATES (USA)
7784,1R9086,15317,"RICE OF LEICESTERSHIRE, LTD.",NULL,NULL,6,UNITED STATES (USA)
7785,1R9068,15318,"RINGTOWN WILBERT VAULT WORKS, INC ",NULL,NULL,6,UNITED STATES (USA)
6982,1M9516,15320,"BONIFIED FINANCIAL DEVELOPMENT, INC.",NULL,NULL,6,UNITED STATES (USA)
7786,1R9033,15321,"ROCK RAPIDS STAINLESS STEEL AND ALUMINUM, INC.",NULL,NULL,6,UNITED STATES (USA)
7787,1R9055,15322,"ROCK RAPIDS REPAIR ",NULL,NULL,6,UNITED STATES (USA)
7788,1VN,15323,"SAMSON STEEL CORPORATION ",NULL,NULL,6,UNITED STATES (USA)
7789,1S9168,15324,"SAUCIER'S WELDING, INC ",NULL,NULL,6,UNITED STATES (USA)
7790,SBS,15325,SCAMMELL MOTORS PLANT,NULL,NULL,5,UNITED KINGDOM (UK)
7791,1S9178,15326,SCHOON BACKHOE SERVICE,NULL,NULL,6,UNITED STATES (USA)
7792,1S9100,15327,"SEBRING HOMES CORPORATION ",NULL,NULL,6,UNITED STATES (USA)
7793,1S9161,15328,"SELF-LOADING SYSTEMS, INC ",NULL,NULL,6,UNITED STATES (USA)
7794,1S9194,15329,"SEYMOUR WELDING ",NULL,NULL,6,UNITED STATES (USA)
7795,1S9095,15330,SHASTA TRAILER MFG.,NULL,NULL,6,UNITED STATES (USA)
7796,1J9029,15331,"SHIPMAN WELDING SERVICES ",NULL,NULL,6,UNITED STATES (USA)
7797,1S9181,15332,"SHREVEPORT ROD SPECIALTIES ",NULL,NULL,6,UNITED STATES (USA)
7798,1S9111,15333,"SIEBERT TRAILERS, INC ",NULL,NULL,6,UNITED STATES (USA)
7799,1S9117,15334,SILVER STAR MFG.,NULL,NULL,6,UNITED STATES (USA)
8073,1SZ,15335,"SKIPPER 'B' TRAILERS, INC ",NULL,NULL,6,UNITED STATES (USA)
7800,1S9114,15336,"SKY COACH INTERNATIONAL, INC ",NULL,NULL,6,UNITED STATES (USA)
7801,1S9103,15337,"SNAPPER EQUIPMENT DISTRIBUTORS, INC ",NULL,NULL,6,UNITED STATES (USA)
8074,18S,15338,"SNO BIRD TRAILER CO., INC",NULL,NULL,6,UNITED STATES (USA)
7802,1S9143,15340,"SPECIALTY VEHICLES MFG. CORPORATION ",NULL,NULL,6,UNITED STATES (USA)
8077,1NS,15341,"SPORTSMAN TRAILERS ",NULL,NULL,6,UNITED STATES (USA)
7803,1S9169,15342,"SPRAY FORCE MFG. INC ",NULL,NULL,6,UNITED STATES (USA)
7804,1S9082,15343,"SPRING REPAIR SERVICE, INC",NULL,NULL,6,UNITED STATES (USA)
7805,1S9078,15344,"STANDARD TRAILER COMPANY ",NULL,NULL,6,UNITED STATES (USA)
7806,1S9030,15345,STANDARD TRUCK & TRAILER SALES,NULL,NULL,6,UNITED STATES (USA)
7807,1S9165,15347,"SUMMERSET HOMES, INC ",NULL,NULL,6,UNITED STATES (USA)
7808,1S9159,15348,"SUN-LAND RECREATIONAL VEHICLES, INC ",NULL,NULL,6,UNITED STATES (USA)
14541,1S9176,15349,"SUNRISE SYSTEMS ",NULL,NULL,6,UNITED STATES (USA)
7810,1S9129,15350,SUNSHINE STAINLESS TANK & EQUIPMENT CO.,NULL,NULL,6,UNITED STATES (USA)
7813,1S9096,15351,"SUPREME TRAILER CO. ",NULL,NULL,6,UNITED STATES (USA)
7812,1S9175,15352,"SUPREME TRAILERS, INC ",NULL,NULL,6,UNITED STATES (USA)
7814,1S9101,15353,"SWEET HOME STOVE WORKS, INC ",NULL,NULL,6,UNITED STATES (USA)
8078,1RC,15354,"SWEETWATER METAL PRODUCTS ",NULL,NULL,6,UNITED STATES (USA)
7823,1S9089,15355,"SYLVANIA CONCRETE COMPANY ",NULL,NULL,6,UNITED STATES (USA)
7824,1S9158,15356,"SYSTEMS TECHNOLOGY COMPANY ",NULL,NULL,6,UNITED STATES (USA)
7825,1T9079,15357,"T & M EQUIPMENT ",NULL,NULL,6,UNITED STATES (USA)
8591,40F,15360,TALBERT MANUFACTURING INC.,NULL,NULL,6,UNITED STATES (USA)
7827,1T9135,15362,"TAC TRAILERS  ALUMINUM BOATING DESIGNS ",NULL,NULL,6,UNITED STATES (USA)
7377,1F9471,15363,FABWORKS & SERVICES LLC,NULL,NULL,6,UNITED STATES (USA)
7828,3VD,15365,TECNICA AUTOMOTRIZ DEL NOROESTE SA,NULL,NULL,12,MEXICO
7829,1T9092,15366,TAYLOR MARINE CO.,NULL,NULL,6,UNITED STATES (USA)
8080,1TY,15367,"TEE NEE TRAILERS ",NULL,NULL,6,UNITED STATES (USA)
7830,12R,15368,"TERRELL INDUSTRIES, LTD ",NULL,NULL,6,UNITED STATES (USA)
7831,1XV,15369,"THAYCO TRAILER CORPORATION ",NULL,NULL,6,UNITED STATES (USA)
7832,SA9005,15370,"THE PANTHER CAR COMPANY LTD ",NULL,NULL,28,ENGLAND
11245,1TA,15371,"THEURER, INC",NULL,NULL,6,UNITED STATES (USA)
7833,188,15372,"THOMSEN EQUIPMENT ",NULL,NULL,6,UNITED STATES (USA)
7835,1T9106,15373,"TI-BROOK SOUTH, INC ",NULL,NULL,6,UNITED STATES (USA)
7837,1L9144,15374,"TRADERS MFG. GROUP INC ",NULL,NULL,6,UNITED STATES (USA)
7838,1T9118,15375,TRAILBOSS TRAILERS INC.,NULL,NULL,6,UNITED STATES (USA)
12660,4S0,15375,TRAILBOSS TRAILERS INC.,NULL,NULL,6,UNITED STATES (USA)
7839,15U,15376,"TRAILBOSS, INC ",NULL,NULL,6,UNITED STATES (USA)
7840,1UV,15377,"TRAILMASTER ",NULL,NULL,6,UNITED STATES (USA)
7841,1T9066,15378,"TRAILSTAR  MANUFACTURING CORPORATION ",NULL,NULL,6,UNITED STATES (USA)
7842,148,15379,"TRANSGLOBAL INDUSTRIES, INC ",NULL,NULL,6,UNITED STATES (USA)
5814,1TU,15380,"TRANSPORTATION MANUFACTURING CORPORATION ",NULL,NULL,6,UNITED STATES (USA)
7843,1T9114,15381,"TRANSTECH LTD ",NULL,NULL,6,UNITED STATES (USA)
7844,138,15382,TRAVALONG INC.,NULL,NULL,6,UNITED STATES (USA)
7845,1T9130,15383,"TRAVEL LINE INC ",NULL,NULL,6,UNITED STATES (USA)
7846,1T9055,15384,"TRI-CITY BOAT DOCK ",NULL,NULL,6,UNITED STATES (USA)
7848,1RG,15385,"TRIDENT MOTORS, INC ",NULL,NULL,6,UNITED STATES (USA)
7849,1P9038,15386,HAWK VEHICLES INC,NULL,NULL,6,UNITED STATES (USA)
7850,SA9022,15387,TRIKING OF MARLINGFORD,NULL,NULL,28,ENGLAND
7851,1T9084,15389,"TURNBOW TRAILERS, INC ",NULL,NULL,6,UNITED STATES (USA)
7852,1T9071,15390,TYCO TRAILER MFG.,NULL,NULL,6,UNITED STATES (USA)
7853,1T9123,15391,"TYLER COACH MFG.,INC ",NULL,NULL,6,UNITED STATES (USA)
7855,1U9012,15393,ULTRA LITE TRAILERS,NULL,NULL,6,UNITED STATES (USA)
7856,1U9010,15394,"UNITED INTERNATIONAL MFG. INC ",NULL,NULL,6,UNITED STATES (USA)
7857,1V9021,15395,"SHELTON INDUSTRIES INC ",NULL,NULL,6,UNITED STATES (USA)
7858,1V9025,15396,"VAN OVERFLOW INC ",NULL,NULL,6,UNITED STATES (USA)
7860,1B9113,15398,"VIRONEX, INC ",NULL,NULL,6,UNITED STATES (USA)
7861,1W9067,15399,"W.C. LAIKAM CO. LTD ",NULL,NULL,6,UNITED STATES (USA)
7864,1W9071,15402,"WATERS BROTHERS  CONTRACTORS, INC ",NULL,NULL,6,UNITED STATES (USA)
7865,1W9051,15403,WATSON RVS INC,NULL,NULL,6,UNITED STATES (USA)
7866,1W9049,15404,"WAYMATIC ",NULL,NULL,6,UNITED STATES (USA)
7867,1W9052,15405,"WEBCO PACIFIC, INC ",NULL,NULL,6,UNITED STATES (USA)
7868,1W9020,15406,WELLCO MFG.,NULL,NULL,6,UNITED STATES (USA)
7869,1W9065,15407,"WESTERN METALS CO, INC ",NULL,NULL,6,UNITED STATES (USA)
7870,1W9079,15408,WESTERN RV CENTER,NULL,NULL,6,UNITED STATES (USA)
7871,1W9080,15410,"WIMYER INDUSTRIES, INC ",NULL,NULL,6,UNITED STATES (USA)
7873,13W,15412,"WOLVERINE WESTERN CORPORATION ",NULL,NULL,6,UNITED STATES (USA)
7874,1W9062,15413,"WR MFG. ",NULL,NULL,6,UNITED STATES (USA)
7875,LLF,15415,SHINN FU COMPANY,NULL,NULL,8,CHINA
7439,VX1,15416,"SOUR ZAVODI CRVENA ZASTAVA dba Yugo America, Inc.",NULL,NULL,24,SERBIA
8079,4OG,15418,"FLEX-KING CORPORATION ",NULL,NULL,6,UNITED STATES (USA)
7876,LLE,15419,Chin Yuan Chi Casting Corp,NULL,NULL,4,TAIWAN
7877,1A9123,15420,AMERICAN TRAILERS AND SADDLE CO,NULL,NULL,6,UNITED STATES (USA)
7878,SC0,15421,"ABI CARAVANS LTD ",NULL,NULL,28,ENGLAND
7424,1M7,15422,Marauder Travelers Incorporated,NULL,NULL,6,UNITED STATES (USA)
7734,ZB2,15423,"MOTO METEORA ",NULL,NULL,9,ITALY
7879,185,15424,"AMERICAN BOS CORPORATION ",NULL,NULL,6,UNITED STATES (USA)
7880,1A9090,15425,"AMERICAN FABRICATORS, INC ",NULL,NULL,6,UNITED STATES (USA)
7026,1H9699,15427,"HOMEGROWN TRAILERS, SPC",NULL,NULL,6,UNITED STATES (USA)
7882,TLJ,15428,"AMERICAN JAWA LTD ",NULL,NULL,48,CZECH REPUBLIC
8084,1A9013,15429,"AMERICAN SKIER BOAT CORPORATION ",NULL,NULL,6,UNITED STATES (USA)
7883,1A9084,15430,"ANDERSON TRUCK BODY AND EQUIPMENT ",NULL,NULL,6,UNITED STATES (USA)
7885,1EZ,15431,"ANONYMOUS BUILDINGS ",NULL,NULL,6,UNITED STATES (USA)
7886,1V8,15432,"APACHE SALES CORPORATION ",NULL,NULL,6,UNITED STATES (USA)
7887,1A9100,15433,ARLINGTON POWER SYSTEMS,NULL,NULL,6,UNITED STATES (USA)
7888,1A9097,15434,"ATLANTA FABRICATING AND EQUIPMENT CO.  ",NULL,NULL,6,UNITED STATES (USA)
7889,1A9103,15435,"AUTOMATED ENGINEERING SYSTEMS, INC ",NULL,NULL,6,UNITED STATES (USA)
7890,408,15436,AUTOMATIC EQUIPMENT MFG.,NULL,NULL,6,UNITED STATES (USA)
7891,1B9091,15437,"B & GEE'S OFF ROAD ",NULL,NULL,6,UNITED STATES (USA)
7465,1JZ,15438,"B & M TRAILER SALES ",NULL,NULL,6,UNITED STATES (USA)
7892,1A9121,15439,"ARTHUR L. BAKER ENTERPRISES, INC ",NULL,NULL,6,UNITED STATES (USA)
7893,1B9124,15440,"BALESTRA CONSTRUCTION, INC ",NULL,NULL,6,UNITED STATES (USA)
8081,1BL,15441,"BALKO, INC",NULL,NULL,6,UNITED STATES (USA)
7894,44Y,15443,"METRO FAB INC ",NULL,NULL,6,UNITED STATES (USA)
7431,1B9072,15444,"BLAIR TRAILERS, INC",NULL,NULL,6,UNITED STATES (USA)
7895,16D,15445,BOSS EQUIPMENT CO.,NULL,NULL,6,UNITED STATES (USA)
7433,1B9134,15446,BRITTON TRAILERS LTD,NULL,NULL,6,UNITED STATES (USA)
7896,1B9079,15447,"BUD ANTLE, INC ",NULL,NULL,6,UNITED STATES (USA)
7898,1B9127,15448,"BUSHMAN DISTRIBUTION, INC ",NULL,NULL,6,UNITED STATES (USA)
11111,SCR,15450,CARBODIES LTD,NULL,NULL,6,UNITED STATES (USA)
7899,18F,15451,"CATALINA MARINA ",NULL,NULL,6,UNITED STATES (USA)
7900,1W9035,15452,"WEST COAST CORRECT CRAFT, INC",NULL,NULL,6,UNITED STATES (USA)
7905,1C9191,15454,"COUNTRY BOY MFG. ",NULL,NULL,6,UNITED STATES (USA)
7906,1C9248,15455,"CRAIG SYSTEMS CORPORATION ",NULL,NULL,6,UNITED STATES (USA)
7907,1C9199,15456,"CROPP WELDING & FABRICATION ",NULL,NULL,6,UNITED STATES (USA)
7470,1C9294,15457,"CUERO TRAILER MFG. INC ",NULL,NULL,6,UNITED STATES (USA)
7908,1C9234,15458,"CUSTOM EQUIPMENT CO, INC",NULL,NULL,6,UNITED STATES (USA)
7434,1C9208,15459,"CUSTOM FIT TRAILERS ",NULL,NULL,6,UNITED STATES (USA)
7909,176,15460,"CUSTOM HAUL, INC",NULL,NULL,6,UNITED STATES (USA)
7911,40Z,15461,"BILL'S WELDING SHOP, INC  dba Custom Hauler",NULL,NULL,6,UNITED STATES (USA)
7912,1D9078,15462,"D & G WELDING & MUFFLER ",NULL,NULL,6,UNITED STATES (USA)
7913,1ZG,15463,"DAMERON MANUFACTURING CORPORATION ",NULL,NULL,6,UNITED STATES (USA)
7914,1P9065,15464,"DAYTONA COACH BUILDERS, INC ",NULL,NULL,6,UNITED STATES (USA)
7915,1D9104,15465,"DESIGN MOBILE SYSTEMS, INC ",NULL,NULL,6,UNITED STATES (USA)
7916,1D9097,15466,The Dutcher Corporation,NULL,NULL,6,UNITED STATES (USA)
8088,112,15467,"GENERAL ENGINES CO., INC ",NULL,NULL,6,UNITED STATES (USA)
8085,1E9040,15469,EAGLE TRAILER,NULL,NULL,6,UNITED STATES (USA)
7282,4C9433,15470,COYOTE WELDING,NULL,NULL,6,UNITED STATES (USA)
8089,VFM,15471,ESTEREL CARAVANES S.A,NULL,NULL,11,FRANCE
7917,1NN,15472,"EVANS PRODUCTS COMPANY ",NULL,NULL,6,UNITED STATES (USA)
7918,1F9037,15474,"FEDERAL MOTORS INC ",NULL,NULL,6,UNITED STATES (USA)
7919,1D9076,15475,"DOUBLE D WELDING ",NULL,NULL,6,UNITED STATES (USA)
7921,18D,15476,DRI INDUSTRIES INC,NULL,NULL,6,UNITED STATES (USA)
8086,1DD,15477,"DRYDOCK  TRAILERS, INC",NULL,NULL,6,UNITED STATES (USA)
7922,1G9046,15478,G & D ENTERPRISES LTD,NULL,NULL,6,UNITED STATES (USA)
7924,1G9036,15479,"G & R ENTERPRISES ",NULL,NULL,6,UNITED STATES (USA)
7923,1S9102,15480,"E & L ASSOCIATES ",NULL,NULL,6,UNITED STATES (USA)
7926,1E9037,15481,"EASLEY TRAILER SERVICE, INC ",NULL,NULL,6,UNITED STATES (USA)
7925,1E9071,15482,"EAST/WEST, INC",NULL,NULL,6,UNITED STATES (USA)
7927,1C9264,15483,"CUMBERLAND FARMS DIARY, INC ",NULL,NULL,6,UNITED STATES (USA)
7928,1YU,15484,"FIKE METAL PRODUCTS DIVISION ",NULL,NULL,6,UNITED STATES (USA)
7929,1E9073,15485,"EDDIE'S WELDING SHOP ",NULL,NULL,6,UNITED STATES (USA)
7930,1C9222,15486,"WILLIAM CLARK BOAT & VEHICLE WORKS, INC",NULL,NULL,6,UNITED STATES (USA)
7932,1D9058,15487,FIREPOWER,NULL,NULL,6,UNITED STATES (USA)
7933,198,15488,FIRST PRODUCTS INC.,NULL,NULL,6,UNITED STATES (USA)
7934,1D9063,15489,"D.P. ENTERPRISES ",NULL,NULL,6,UNITED STATES (USA)
7935,11N,15490,"CITY TRAILER SALES, INC",NULL,NULL,6,UNITED STATES (USA)
7936,1E9069,15491,ELITE TRAILERS,NULL,NULL,6,UNITED STATES (USA)
7937,1C9138,15492,"COAST TRAILERS MFG. ",NULL,NULL,6,UNITED STATES (USA)
7498,1D9083,15493,DAT TRAILER MFG,NULL,NULL,6,UNITED STATES (USA)
7938,1D9084,15494,DAUGHTRY TRAILERS,NULL,NULL,6,UNITED STATES (USA)
7939,1C9236,15495,CAMPER TRAILERS MFG.,NULL,NULL,6,UNITED STATES (USA)
7940,UHL,15496,CAMP-Let APS,NULL,NULL,54,DENMARK
7941,1C9195,15497,"CEMEN TECH, INC",NULL,NULL,6,UNITED STATES (USA)
7943,1C9193,15498,"CENTREVILLE TAG A LONG TRAILERS, INC",NULL,NULL,6,UNITED STATES (USA)
11287,5JV,15498,"CENTREVILLE TAG A LONG TRAILERS, INC",NULL,NULL,6,UNITED STATES (USA)
7945,1C9235,15499,CHAMPAGNE TRAILER MFG. INC,NULL,NULL,6,UNITED STATES (USA)
7946,1C9272,15500,"CHAMPION MFG, INC",NULL,NULL,6,UNITED STATES (USA)
7947,1C9265,15504,"CHANCEY'S MOTORCYCLE SERVICE, INC ",NULL,NULL,6,UNITED STATES (USA)
7948,15R,15505,BOCATS  INC,NULL,NULL,6,UNITED STATES (USA)
7949,1B9086,15506,BOLLIN MFG. CO.,NULL,NULL,6,UNITED STATES (USA)
7950,1B9038,15507,"BRADLEY INDUSTRIES, INC",NULL,NULL,6,UNITED STATES (USA)
7951,1B9064,15508,"BRAINARD-KILMAN DRILL COMPANY ",NULL,NULL,6,UNITED STATES (USA)
7034,1R9812,15509,"RED FERN DYNAMICS, INC",NULL,NULL,6,UNITED STATES (USA)
7036,1W9590,15513,"WISTAR EQUIPMENT, INC ",NULL,NULL,6,UNITED STATES (USA)
7077,1L9559,15519,LIST VENTURES LLC,NULL,NULL,6,UNITED STATES (USA)
7167,4C9437,15521,CENTURY MACHINERY CO. INC.,NULL,NULL,6,UNITED STATES (USA)
12563,50E,15526,"LUCID USA, INC.",NULL,NULL,6,UNITED STATES (USA)
14437,7UU,15526,"LUCID USA, INC.",NULL,NULL,6,UNITED STATES (USA)
7212,1V9215,15527,VERTICAL WORKS INC,NULL,NULL,6,UNITED STATES (USA)
7189,1L9558,15528,LIBERTY CABINS,NULL,NULL,6,UNITED STATES (USA)
7011,567,15530,"FISHING HOLDINGS, LLC",NULL,NULL,6,UNITED STATES (USA)
7166,4B9123,15531,"BAUSS MANUFACTURING INC. ",NULL,NULL,6,UNITED STATES (USA)
7014,1G9038,15532,J T Enterprises,NULL,NULL,6,UNITED STATES (USA)
7173,1R9820,15535,"ROBBINS MANUFACTURING, INC.",NULL,NULL,6,UNITED STATES (USA)
7191,LY4,15538,"CHONGQING YINGANG SCIENCE & TECHNOLOGY (GROUP) CO., LTD.",NULL,NULL,8,CHINA
7168,3A9266,15540,ED TRAILERS,NULL,NULL,12,MEXICO
12980,3LH,15540,ED TRAILERS,NULL,NULL,NULL,NULL
8594,4B9153,15543,B&B MICRO MANUFACTURING INC,NULL,NULL,6,UNITED STATES (USA)
7199,4M9035,15546,"MIKES TRAILERS INC ",NULL,NULL,6,UNITED STATES (USA)
7193,1G9531,15547,"GO RV, INC",NULL,NULL,6,UNITED STATES (USA)
7210,4T9224,15549,TD MANUFACTURING LLC.,NULL,NULL,6,UNITED STATES (USA)
7160,4A9022,15551,"AERO TEARDROPS, LLC",NULL,NULL,6,UNITED STATES (USA)
7179,4M9034,15555,MAINTENANCE ONE,NULL,NULL,6,UNITED STATES (USA)
7198,1L9543,15557,"LAKELAND COMPANY OF BARRON COUNTY, INC.",NULL,NULL,6,UNITED STATES (USA)
8592,4B9126,15559,B'S IN A POD CAMPING LLC,NULL,NULL,6,UNITED STATES (USA)
8411,4T9227,15569,Tiny Homes of Ohio,NULL,NULL,6,UNITED STATES (USA)
7163,4B9118,15570,Bad Ass Trailer Company,NULL,NULL,6,UNITED STATES (USA)
7162,4A9033,15576,ATOMIC ELECTRIC VEHICLES,NULL,NULL,6,UNITED STATES (USA)
8866,4T9253,15577,"TOY DOLLY-PS, LLC",NULL,NULL,6,UNITED STATES (USA)
13387,1F9479,15583,"FARMHOUSE INVESTMENTS LLC ",NULL,NULL,NULL,NULL
7177,4S9420,15584,SNIDERBUILT TRAILERS,NULL,NULL,6,UNITED STATES (USA)
7420,7G8,15584,SNIDERBUILT TRAILERS,NULL,NULL,6,UNITED STATES (USA)
7264,1Z9092,15585,"SAGE OIL VAC, INC.",NULL,NULL,6,UNITED STATES (USA)
7175,1R9815,15587,"ROGERS FABRICATION,INC",NULL,NULL,6,UNITED STATES (USA)
7273,4A9031,15593,Auto Motion Industries Inc.,NULL,NULL,6,UNITED STATES (USA)
7184,1R9822,15597,RDH MANUFACTURING INCORPORATED,NULL,NULL,6,UNITED STATES (USA)
7213,1F9474,15598,FALL RIVER FABRICATION LLC,NULL,NULL,6,UNITED STATES (USA)
7164,2E9068,15617,ESCAPE TRAILER INDUSTRIES LTD.,NULL,NULL,1,CANADA
7169,1T9372,15618,"IMPERIAL TRAILER MANUFACTURING & SALES, INC.",NULL,NULL,6,UNITED STATES (USA)
7296,1L9321,15622,LANE TRAILER MANUFACTURING COMPANY,NULL,NULL,6,UNITED STATES (USA)
7274,4T9228,15624,THE LUMEN MOTORS COMPANY,NULL,NULL,6,UNITED STATES (USA)
10435,1C9821,15628,DOWNEASTER MANUFACTURING dba Coastal Metal Fab,NULL,NULL,6,UNITED STATES (USA)
7269,1D9783,15633,"DUGAN/STONE TRAILER CO. , LLC",NULL,NULL,6,UNITED STATES (USA)
7176,1Z9520,15634,INTELLI-CORE LLC,NULL,NULL,6,UNITED STATES (USA)
11643,2G9100,15649,"GEA FARM TECHNOLOGIES CANADA, INC.",NULL,NULL,1,CANADA
7283,1P9338,15650,"PEGASUS VANS AND TRAILERS, INC",NULL,NULL,6,UNITED STATES (USA)
7174,4C9441,15652,CRANE COMPONENTS LLC,NULL,NULL,6,UNITED STATES (USA)
7180,1D9784,15654,DRIVEN FAB LLC,NULL,NULL,6,UNITED STATES (USA)
7185,4H1,15657,HLT LIMITED,NULL,NULL,6,UNITED STATES (USA)
7187,1R9825,15659,"SKI MCQUEENEY YOUTH FOUNDATION, INC. DBA RPM SPORTS",NULL,NULL,6,UNITED STATES (USA)
7171,1E9593,15660,GREENGO BUGGIES INC,NULL,NULL,6,UNITED STATES (USA)
7953,143,15662,"Zoe Motors, Inc ",NULL,NULL,6,UNITED STATES (USA)
7954,1B9099,15663,"Brown Production and Development Corporation ",NULL,NULL,6,UNITED STATES (USA)
7276,4M9037,15664,MAKAHA Trailers,NULL,NULL,6,UNITED STATES (USA)
7272,SKP,15667,"RAYTTLE (UK) MOTORS CO., LTD",NULL,NULL,5,UNITED KINGDOM (UK)
7262,1G9527,15669,"OXBO INTERNATIONAL CORP. ",NULL,NULL,6,UNITED STATES (USA)
7181,4S9422,15672,SCOTTIES METAL SHOP,NULL,NULL,6,UNITED STATES (USA)
7297,1L9561,15678,LANTZ TRAILER MFG LLC,NULL,NULL,6,UNITED STATES (USA)
7291,1E9371,15680,"ELASTEC, INC",NULL,NULL,6,UNITED STATES (USA)
11483,1P9810,15681,POWER TRIP RENTALS,NULL,NULL,6,UNITED STATES (USA)
7301,5C2,15683,"CLEMENT INDUSTRIES, INC.",NULL,NULL,6,UNITED STATES (USA)
7281,1W9572,15687,"WHITEWATER WORTHY EQUIPMENT, LLC",NULL,NULL,6,UNITED STATES (USA)
5380,4T9006,15688,TEMP-AIR,NULL,NULL,6,UNITED STATES (USA)
7239,4C9372,15689,"CPAT DISTRIBUTION, INC",NULL,NULL,6,UNITED STATES (USA)
12675,4M9041,15691,TRAVALIGN CORP.,NULL,NULL,6,UNITED STATES (USA)
7285,4S9425,15696,HOBO ADVENTURE TRAILERS LLC,NULL,NULL,6,UNITED STATES (USA)
7286,1F9454,15697,FABCO FABRICATION INC.,NULL,NULL,6,UNITED STATES (USA)
7304,4C9429,15699,"C4 WELDING, INC.",NULL,NULL,6,UNITED STATES (USA)
5079,1P9733,15701,PRIVATE PROPERTIES LLC,NULL,NULL,6,UNITED STATES (USA)
7299,1D9788,15704,"DEBNAMS USED CARS ",NULL,NULL,6,UNITED STATES (USA)
7280,1R9828,15710,R J YELLER DISTRIBUTION INC.,NULL,NULL,6,UNITED STATES (USA)
11485,1Z9523,15711,55 GRILLS INC,NULL,NULL,6,UNITED STATES (USA)
2198,5NM,15712,HYUNDAI MOTOR MANUFACTURING ALABAMA LLC (HMMA),NULL,NULL,6,UNITED STATES (USA)
12659,5NT,15712,HYUNDAI MOTOR MANUFACTURING ALABAMA LLC (HMMA),NULL,NULL,6,UNITED STATES (USA)
7578,6ZF,15713,FUTURA TRAILERS INC.,NULL,NULL,56,NEW ZEALAND
7305,5M7,15715,RINGO TRAILER,NULL,NULL,6,UNITED STATES (USA)
7298,4A9037,15719,ANYTHING GOES CYCLES LLC,NULL,NULL,6,UNITED STATES (USA)
7278,4A9035,15722,ANDROS ENGINEERING,NULL,NULL,6,UNITED STATES (USA)
7279,1Z9516,15724,R.C.M. MOTORCYCLE USA INC.,NULL,NULL,6,UNITED STATES (USA)
7300,4C9413,15725,"CORNERSTONE DESIGN BUILD, INC.",NULL,NULL,6,UNITED STATES (USA)
7270,50R,15726,CRATER TRAILERS OF LA LLC,NULL,NULL,6,UNITED STATES (USA)
11944,7M2,15728,BENCHMARK TOOL & MACHINE INC,NULL,NULL,6,UNITED STATES (USA)
7317,4B9132,15728,BENCHMARK TOOL & MACHINE INC,NULL,NULL,6,UNITED STATES (USA)
7303,4C9442,15730,"CK MANUFACTURING, LLC",NULL,NULL,6,UNITED STATES (USA)
7357,1Z9526,15732,INLAND EMPIRE TRAILERS,NULL,NULL,6,UNITED STATES (USA)
9070,41Y,15733,BEAR TRAILERS,NULL,NULL,6,UNITED STATES (USA)
7320,R1V,15739,RONGCHENG COMPAKS (HONG KONG) NEW ENERGY AUTOMOBILE CO LTD,NULL,NULL,57,HONG KONG
7355,1XN,15744,"TRIPLE CROWN TRAILERS, LLC",NULL,NULL,6,UNITED STATES (USA)
7308,4B9128,15746,"Bentley Welding, Inc.",NULL,NULL,6,UNITED STATES (USA)
7255,1G9532,15748,GULF COAST SPORTS AE & S LLC,NULL,NULL,6,UNITED STATES (USA)
7306,4T9233,15749,TINITRON INC.,NULL,NULL,6,UNITED STATES (USA)
7307,4T9234,15749,TINITRON INC.,NULL,NULL,6,UNITED STATES (USA)
7254,17N,15751,"JOHN DEERE WATERLOO WORKS ",NULL,NULL,6,UNITED STATES (USA)
14391,7KX,15752,CHINOOK MOTOR COACH LLC,NULL,NULL,6,UNITED STATES (USA)
7313,557,15755,EXTREME MANUFACTURING INC,NULL,NULL,6,UNITED STATES (USA)
7353,4B9131,15756,BAYSHORE ALUMINUM TRAILERS,NULL,NULL,6,UNITED STATES (USA)
13273,2A9125,15757,ASPEN CUSTOM TRAILERS,NULL,NULL,1,CANADA
11941,1N9392,15758,"NELSON INDUSTRIES, INC.",NULL,NULL,6,UNITED STATES (USA)
7314,1P9776,15759,"PRO WEST MECHANICAL, INC.",NULL,NULL,6,UNITED STATES (USA)
7311,1V9216,15760,VENTURE BUGGY INC,NULL,NULL,6,UNITED STATES (USA)
7258,1S9208,15761,Armbruster  Stageway (Division of NEOAX Inc),NULL,NULL,6,UNITED STATES (USA)
7901,3WM,15763,KENWORTH MEXICANA SA DE CV,NULL,NULL,12,MEXICO
7902,3NM,15763,KENWORTH MEXICANA SA DE CV,NULL,NULL,NULL,NULL
11623,3NK,15763,KENWORTH MEXICANA SA DE CV,NULL,NULL,12,MEXICO
11624,3XK,15763,KENWORTH MEXICANA SA DE CV,NULL,NULL,12,MEXICO
7384,1B9474,15775,BAIRD & SLASKA MFG.,NULL,NULL,6,UNITED STATES (USA)
7312,1H9283,15779,HAWK TRAILERS INC.,NULL,NULL,6,UNITED STATES (USA)
7328,4A9040,15780,AERO TRAILERS LLC,NULL,NULL,6,UNITED STATES (USA)
13339,7PU,15780,AERO TRAILERS LLC,NULL,NULL,6,UNITED STATES (USA)
7267,SJK,15795,NISSAN MOTOR MANUFACTURING (UK) LTD,NULL,NULL,5,UNITED KINGDOM (UK)
7315,4S9292,15801,"SUPERIOR STEEL PRODUCTS, INC.",NULL,NULL,6,UNITED STATES (USA)
7352,1P9449,15803,"POLY-COAT SYSTEMS, INC",NULL,NULL,6,UNITED STATES (USA)
7316,1H9702,15804,HAULINIT TRAILERS LLC. DBA HAULINIT.COM,NULL,NULL,6,UNITED STATES (USA)
7326,51H,15806,HOOSIER HORSE TRAILERS,NULL,NULL,6,UNITED STATES (USA)
7318,1G9059,15810,GARLOCK EQUIPMENT CO.,NULL,NULL,6,UNITED STATES (USA)
7319,1G9119,15810,GARLOCK EQUIPMENT CO.,NULL,NULL,6,UNITED STATES (USA)
7382,1W9591,15812,WALLRICH WELDING,NULL,NULL,6,UNITED STATES (USA)
7575,1W9161,15816,WAGNER-SMITH EQUIPMENT CO,NULL,NULL,6,UNITED STATES (USA)
7325,1D9789,15822,Dakota Airboats INC.,NULL,NULL,6,UNITED STATES (USA)
7383,4M9040,15823,"MonDak Portables, LLC",NULL,NULL,6,UNITED STATES (USA)
7354,1H9660,15825,HACKNEY WELDING LLC,NULL,NULL,6,UNITED STATES (USA)
7347,4TM,15828,WHITE RIVER MARINE GROUP LLC,NULL,NULL,6,UNITED STATES (USA)
10433,7J5,15828,WHITE RIVER MARINE GROUP LLC,NULL,NULL,6,UNITED STATES (USA)
7346,1R9827,15831,RIVERVIEW MANUFACTURING INC.,NULL,NULL,6,UNITED STATES (USA)
7329,1R9830,15832,REBEL WEST POWERSPORTS LLC,NULL,NULL,6,UNITED STATES (USA)
7350,4T9238,15833,TRANSTAR ALL TRAILER WORKS (ATW),NULL,NULL,6,UNITED STATES (USA)
10346,2EW,15834,"ERWIN HYMER GROUP NORTH AMERICA, INC",NULL,NULL,6,UNITED STATES (USA)
7363,LSE,15835,"FOSHAN SHUNDE F1 TRANSPORT ENGINEERING CO., LTD",NULL,NULL,8,CHINA
7271,V61,15836,RESPO HAAGISED AS,NULL,NULL,55,ESTONIA
3977,2SS,15837,WESTBROOK GREENHOUSE SYSTEMS LTD,NULL,NULL,1,CANADA
7275,59K,15842,"SUMMIT TRAILER MANUFACTURING, INC.",NULL,NULL,6,UNITED STATES (USA)
7321,5D1,15845,"SHIVERS UTILITY TRAILERS, INC.",NULL,NULL,6,UNITED STATES (USA)
7287,1WA,15846,VOLVO WHITE TRUCK CORPORATION,NULL,NULL,6,UNITED STATES (USA)
7288,1WB,15846,VOLVO WHITE TRUCK CORPORATION,NULL,NULL,6,UNITED STATES (USA)
7289,1WU,15846,VOLVO WHITE TRUCK CORPORATION,NULL,NULL,6,UNITED STATES (USA)
7290,1WX,15846,VOLVO WHITE TRUCK CORPORATION,NULL,NULL,6,UNITED STATES (USA)
7293,1WD,15846,VOLVO WHITE TRUCK CORPORATION,NULL,NULL,6,UNITED STATES (USA)
7294,1WY,15846,VOLVO WHITE TRUCK CORPORATION,NULL,NULL,6,UNITED STATES (USA)
7884,4M9045,15847,"MONSTER POWER EQUIPMENT, INC.",NULL,NULL,6,UNITED STATES (USA)
12939,2R9670,15854,REMORQUES SAVAGE INC.,NULL,NULL,NULL,NULL
7302,6MP,15857,FORD MOTOR CO OF AUSTRALIA LTD.,NULL,NULL,14,AUSTRALIA
7393,1N9369,15858,NATIONAL TRUCK AND EQUIPMENT LLC,NULL,NULL,6,UNITED STATES (USA)
7385,4C9448,15861,CLASSY CHASSIS CAMPERS,NULL,NULL,6,UNITED STATES (USA)
11550,7G6,15862,US SPECIALTY VEHICLES LLC,NULL,NULL,6,UNITED STATES (USA)
7339,1N9368,15863,NU-GEN PRODUCT,NULL,NULL,6,UNITED STATES (USA)
8368,1A9958,15866,"ALKANE TRUCK COMPANY, INC.",NULL,NULL,6,UNITED STATES (USA)
7368,4B9075,15868,BCI TRAILER MANUFACTURING LLC.,NULL,NULL,6,UNITED STATES (USA)
7356,58G,15872,"Great Northern Equipment Distributing, Inc.",NULL,NULL,6,UNITED STATES (USA)
7359,1Z9524,15877,"IRON DOG, INC.",NULL,NULL,6,UNITED STATES (USA)
7323,1MB,15880,MERCEDES-BENZ TRUCK COMPANY INC,NULL,NULL,6,UNITED STATES (USA)
7324,9DB,15880,MERCEDES-BENZ TRUCK COMPANY INC,NULL,NULL,18,BRAZIL
7338,1L9564,15882,"LIDDELL INDUSTRIES, INC.",NULL,NULL,6,UNITED STATES (USA)
7348,1Z9527,15885,ZARK IRON WORKS LLC,NULL,NULL,6,UNITED STATES (USA)
7333,YB3,15886,"VOLVO EUROPA TRUCK NV ",NULL,NULL,22,BELGIUM
7334,YB1,15886,"VOLVO EUROPA TRUCK NV ",NULL,NULL,22,BELGIUM
7335,9BV,15887,VOLVO DO BRASIL VEICULOS LTDA,NULL,NULL,18,BRAZIL
7336,YT1,15888,Rickardsson Slapvagns Ab,NULL,NULL,23,SWEDEN
7341,2R9144,15890,RAJA TRAILER & EQUIPMENT SALES LTD.,NULL,NULL,1,CANADA
7342,2A9138,15890,RAJA TRAILER & EQUIPMENT SALES LTD.,NULL,NULL,1,CANADA
9046,L06,15891,"TAIZHOU NEBULA POWER CO., LTD.",NULL,NULL,8,CHINA
7344,4S9432,15892,SBI MFG,NULL,NULL,6,UNITED STATES (USA)
7343,5VN,15894,C&M TRAILERS INC.,NULL,NULL,6,UNITED STATES (USA)
7367,4S9434,15898,SOUTHWEST SIGNS LLC,NULL,NULL,6,UNITED STATES (USA)
7369,7FR,15899,PEACH CARGO LLC,NULL,NULL,6,UNITED STATES (USA)
7375,1H9696,15900,"HUNNA MEI, LLC.",NULL,NULL,6,UNITED STATES (USA)
7362,4T9241,15902,TURTLE UP TRAILERS,NULL,NULL,6,UNITED STATES (USA)
7358,1G9535,15903,GRIGGS SOUTHERN SPORTZ LLC,NULL,NULL,6,UNITED STATES (USA)
7366,4A9043,15904,"APPLIED INTEGRATION TECHNOLOGIES, LLC",NULL,NULL,6,UNITED STATES (USA)
7395,1E9591,15906,"Envtech Tank Services, LLC",NULL,NULL,6,UNITED STATES (USA)
7387,4T9214,15908,"TINY LIFESTYLE HOMES, LLC",NULL,NULL,6,UNITED STATES (USA)
7391,1W9592,15911,Wellspring Components LLC,NULL,NULL,6,UNITED STATES (USA)
7392,4S9430,15912,SUPERIOR TRAILER MANUFACTURING LLC,NULL,NULL,6,UNITED STATES (USA)
7365,7G7,15913,"IPT, INC.",NULL,NULL,6,UNITED STATES (USA)
7555,1B9216,15915,"BNM TRAILER SALES, INC.",NULL,NULL,6,UNITED STATES (USA)
11035,7H5,15915,"BNM TRAILER SALES, INC.",NULL,NULL,6,UNITED STATES (USA)
7386,59W,15917,"EZ TRAC TRAILERS, INC.",NULL,NULL,6,UNITED STATES (USA)
7373,5MY,15919,"TRIPLE CROWN TRAILERS GA, LLC",NULL,NULL,6,UNITED STATES (USA)
10325,1D9448,15919,"TRIPLE CROWN TRAILERS GA, LLC",NULL,NULL,6,UNITED STATES (USA)
7482,1S9241,15921,SUPERIOR MANUFACTURING AND ENGINEERING CORPORATION,NULL,NULL,6,UNITED STATES (USA)
5029,4S9366,15922,SELECT TRAILERS LLC DBA CONTAINGO,NULL,NULL,6,UNITED STATES (USA)
4033,57C,15925,"MAURER MANUFACTURING, L.L.C.",NULL,NULL,6,UNITED STATES (USA)
8854,4C9454,15930,"CAVCO INDUSTRIES, INC.",NULL,NULL,6,UNITED STATES (USA)
7390,1J9452,15931,J ANDRUS INC.,NULL,NULL,6,UNITED STATES (USA)
7394,1R9832,15932,RADICAL CONSTRUCTION MANUFACTURE USA INC,NULL,NULL,6,UNITED STATES (USA)
7459,4M9046,15934,MOR MANUFACTURING,NULL,NULL,6,UNITED STATES (USA)
7452,1J9456,15936,"JOYRIDE TOUR, LLC",NULL,NULL,6,UNITED STATES (USA)
7421,9F9371,15938,LCH COLOMBIA SAS,NULL,NULL,34,COLOMBIA
12293,LVP,15940,"DFSK MOTOR CO.,LTD.",NULL,NULL,8,CHINA
7444,1V9213,15943,VETS,NULL,NULL,6,UNITED STATES (USA)
7450,4T9247,15944,TINY CAMPER COMPANY,NULL,NULL,6,UNITED STATES (USA)
7426,1C9880,15945,"CC Cycles ",NULL,NULL,6,UNITED STATES (USA)
7427,1W9359,15946,Wells Machine Co Inc,NULL,NULL,6,UNITED STATES (USA)
7428,1S9812,15947,"Steel Bone Trailer Mfg. Inc ",NULL,NULL,6,UNITED STATES (USA)
7429,1E9101,15948,Execucoach Inc,NULL,NULL,6,UNITED STATES (USA)
7430,1W9204,15949,"WorkHorse Utility Trailers ",NULL,NULL,6,UNITED STATES (USA)
7436,1J9044,15950,IRONMANWELDING CO,NULL,NULL,6,UNITED STATES (USA)
7435,YK1,15952,OY SAAB VALMET AB,NULL,NULL,25,FINLAND
8194,1D9684,15954,DYMAX INC.,NULL,NULL,6,UNITED STATES (USA)
14264,1U9174,23475,"UPLAND ENTERPRISES, INC.",NULL,NULL,NULL,NULL
14268,3H9023,23479,HIROHITO MARQUEZ BUSTAMANTE,NULL,NULL,12,MEXICO
14270,R8S,23480,"HK DINGYI TECHNOLOGY CO., LIMITED ",NULL,NULL,8,CHINA
14293,2J9023,23482,JAMCO TRAILERS DIVISION OF MACLELLAN WELDING LTD.,NULL,NULL,NULL,NULL
14302,3NT,23483,IVAN NEUFELD TEICHROEB,NULL,NULL,NULL,NULL
14316,1E9725,23493,"EURO RESTAURANT SOLUTIONS, INC.",NULL,NULL,NULL,NULL
14253,4C9720,23495,CAM INDUSTRIES LLC,NULL,NULL,NULL,NULL
14272,3R9227,23498,RS UNIVERSAL MANUFACTURA,NULL,NULL,NULL,NULL
14398,LP4,23499,"SHANDONG BUS NEW ENERGY VEHICLE INDUSTRY CO., LTD",NULL,NULL,NULL,NULL
14523,SA9457,23502,HEDLEY STUDIOS LIMITED,NULL,NULL,5,UNITED KINGDOM (UK)
14256,4M9226,23505,MIDWEST CONCESSION TRAILERS,NULL,NULL,NULL,NULL
14265,HT5,23508,"ZHEJIANG JIANYING LOCOMOTIVE CO., LTD.",NULL,NULL,8,CHINA
14357,H2N,23515,"HENAN CREATE MACHINERY CO., LTD",NULL,NULL,8,CHINA
13098,R7S,23518,"JIANGSU JINPENG GROUP CO., LTD.",NULL,NULL,NULL,NULL
14262,WLA,23520,LANGENDORF GMBH,NULL,NULL,2,GERMANY
14266,4A9268,23541,"ACTON CONTROLS, INC.",NULL,NULL,6,UNITED STATES (USA)
14283,3R9225,23543,CORVEL FOOD TRAILERS,NULL,NULL,12,MEXICO
14712,YAF,23545,FAYMONVILLE AG,NULL,NULL,22,BELGIUM
14335,LFX,23547,"HUNAN AUTOMOBILE MANUFACTURING CO., LTD.",NULL,NULL,8,CHINA
14263,NLF,23549,KOLUMAN OTOMOTIV ENDÜSTRI A.S,NULL,NULL,13,TURKEY
14418,H3A,23553,"SHANDONG TIANZONG FOOD TRUCK CO., LTD",NULL,NULL,8,CHINA
14267,4C9721,23556,CL FABRICATION INC.,NULL,NULL,6,UNITED STATES (USA)
14330,4T9540,23557,TELO TRUCKS INC,NULL,NULL,NULL,NULL
14331,4T9544,23557,TELO TRUCKS INC,NULL,NULL,NULL,NULL
14274,1H9783,23558,HIGH COUNTRY BOATS AND OUTFITTERS,NULL,NULL,6,UNITED STATES (USA)
14332,1W9698,23559,WINDROSE TECHNOLOGY INC,NULL,NULL,6,UNITED STATES (USA)
14310,1P9949,23564,PANTHER CARGO LLC,NULL,NULL,NULL,NULL
14279,1E9728,23565,"EAST RIVER MANUFACTURING, LLC",NULL,NULL,6,UNITED STATES (USA)
14369,3S9134,23566,ST REMOLQUES S.A. DE C.V.,NULL,NULL,12,MEXICO
14275,4S9710,23567,SKINNY RIVER CUSTOMS LLC,NULL,NULL,NULL,NULL
14292,1E9729,23568,EBYS PORTABLE WELDING & FABRICATION,NULL,NULL,6,UNITED STATES (USA)
14278,4R9053,23569,REHAB GARAGE LLC,NULL,NULL,NULL,NULL
14420,4T9532,23570,"TBT TRAILERS, LLC",NULL,NULL,6,UNITED STATES (USA)
14291,AG2,23571,"GLV, LLC",NULL,NULL,NULL,NULL
14306,7YX,23572,TRUELINE INC,NULL,NULL,6,UNITED STATES (USA)
14290,7WW,23574,SOLAR MOTORS INC,NULL,NULL,NULL,NULL
14281,1H9845,23576,HARBINGER EQUIPMENT LLC,NULL,NULL,NULL,NULL
14294,1J9523,23578,"JHB GROUP, INC.",NULL,NULL,NULL,NULL
14282,1G9662,23580,GANNETT MECHANICAL SERVICES,NULL,NULL,6,UNITED STATES (USA)
14343,1C9681,23585,CHASSIS KING LLC,NULL,NULL,NULL,NULL
14285,1L9677,23587,LEGION TRAILERS LLC,NULL,NULL,6,UNITED STATES (USA)
14284,2D9121,23588,DOYLE MANUFACTURING,NULL,NULL,1,CANADA
14287,4C9666,23589,"CALIFORNO, CORP.",NULL,NULL,NULL,NULL
14289,4S9713,23591,SWAPLOADER USA LTD.,NULL,NULL,NULL,NULL
14340,LA9NJX,23594,"SICHUAN ANTARCTICA STAR RV EQUIPMENT CO., LTD",NULL,NULL,8,CHINA
14360,3A9296,23597,ALEJANDRO ARENAS,NULL,NULL,NULL,NULL
14288,4M9261,23598,MW FABRICATION LLC,NULL,NULL,6,UNITED STATES (USA)
14533,1E9736,23599,ECS MOBILE ALERTING SYSTEMS,NULL,NULL,6,UNITED STATES (USA)
14372,4T9546,23600,THE OFF-ROAD TRAILERS LLC,NULL,NULL,NULL,NULL
14303,1V9273,23603,VIRNIG MANUFACTURING INC.,NULL,NULL,NULL,NULL
14308,1W9692,23604,WIGGINS METAL WORKS,NULL,NULL,6,UNITED STATES (USA)
14683,1L9683,23605,"LAWSON CRYOGENIC MANUFACTURING & REPAIR, LLC",NULL,NULL,NULL,NULL
14295,1N9449,23607,NO SWEAT SERVICE GROUP INC.,NULL,NULL,NULL,NULL
14298,4R9055,23608,ROAM RESILIENT EXPEDITION VEHICLES,NULL,NULL,6,UNITED STATES (USA)
14297,1X9043,23609,XZ ELECTRIC VEHICLES LLC,NULL,NULL,6,UNITED STATES (USA)
14299,1L9682,23612,LJ INC,NULL,NULL,6,UNITED STATES (USA)
14364,H09RLC,23615,"NANTONG RELIANCE MACHINERY MANUFACTURING TECHNOLOGY CO., LTD.",NULL,NULL,8,CHINA
14296,1N9450,23616,NORTHWEST TOWERS,NULL,NULL,NULL,NULL
14300,1K9446,23619,KINGS TRAILERS LLC,NULL,NULL,6,UNITED STATES (USA)
14305,7GR,23621,ROGERS WELDING,NULL,NULL,6,UNITED STATES (USA)
14348,1W9699,23622,WARHORSE OVERLAND,NULL,NULL,NULL,NULL
14347,3F9067,23623,FORTE INFRAESTRUCTURA S.A. DE C.V.,NULL,NULL,12,MEXICO
14301,4M9160,23625,MC MANUFACTURING AND REPAIR LLC,NULL,NULL,NULL,NULL
14394,7Z3,23628,SEVIC INC.,NULL,NULL,NULL,NULL
14320,1D9936,23629,DAVIS MANUFACTURING LLC,NULL,NULL,6,UNITED STATES (USA)
14307,4C9722,23630,"CIRCLE DOUBLE B TRAILER SALES, LLC",NULL,NULL,6,UNITED STATES (USA)
14309,3S9123,23631,SUMACORTEC S.A. DE C.V.,NULL,NULL,NULL,NULL
14346,MD9142,23636,INOX INDIA LIMITED,NULL,NULL,36,INDIA
14315,1D9937,23638,"DAKOTA METAL SOLUTIONS, LLC",NULL,NULL,6,UNITED STATES (USA)
14327,1E9730,23639,ELITE CUSTOM TRAILERS,NULL,NULL,NULL,NULL
14317,1G9486,23640,"GATOR PIT OF TEXAS, LP",NULL,NULL,NULL,NULL
14311,1K9448,23642,KNOTT COUNTY WELDING AND FABRICATING LLC,NULL,NULL,6,UNITED STATES (USA)
14313,1N9451,23643,NORTHERN CARTS LLC,NULL,NULL,NULL,NULL
14314,4C9723,23645,"CHARGE RIGS, LLC",NULL,NULL,6,UNITED STATES (USA)
14339,7Z6,23647,MERTZ INTEGRATION LLC,NULL,NULL,6,UNITED STATES (USA)
14318,1Z9757,23651,OVERLAND VEHICLE SYSTEMS LLC,NULL,NULL,6,UNITED STATES (USA)
14319,1P9951,23652,PRIME TRAILERS LLC,NULL,NULL,NULL,NULL
14328,1N9452,23654,"NEW RIVER MANUFACTURING, INC.",NULL,NULL,6,UNITED STATES (USA)
14321,1F9175,23655,FRONTIER MANUFACTURING CO,NULL,NULL,NULL,NULL
13858,PFD,23656,HYUNDAI MOTOR GROUP INNOVATION CENTRE IN SINGAPORE,NULL,NULL,46,SINGAPORE
14416,L6T,23657,"ZEEKR INTELLIGENT TECHNOLOGY US, LLC",NULL,NULL,8,CHINA
14324,7ZC,23658,HIGH TIDE TRAILERS LLC,NULL,NULL,NULL,NULL
14322,4B9377,23659,BOLT EV LLC,NULL,NULL,NULL,NULL
14323,1D9938,23660,D&D MACHINE & HYDRAULICS INC.,NULL,NULL,NULL,NULL
14325,7YW,23664,HOOK & LINE CARGO LLC,NULL,NULL,NULL,NULL
14408,4B9378,23667,BREMARK INC.,NULL,NULL,6,UNITED STATES (USA)
14334,4S9715,23680,ST.CROIX HOLDINGS INC,NULL,NULL,6,UNITED STATES (USA)
14329,1D9939,23682,D&B FABRICATORS,NULL,NULL,6,UNITED STATES (USA)
14362,7ZB,23683,"KING TRAILERS, LLC",NULL,NULL,6,UNITED STATES (USA)
14333,1H9851,23684,HATTYCO WELDING & FABRICATION CORPORATION,NULL,NULL,NULL,NULL
14341,LA910E,23687,"LIUZHOU WULING AUTOMOBILE INDUSTRY CO.,LTD",NULL,NULL,8,CHINA
14368,1E9731,23693,EBIKESHOP LLC,NULL,NULL,NULL,NULL
14344,1E9732,23695,EAST TEXAS BUILDING SYSTEMS,NULL,NULL,6,UNITED STATES (USA)
14337,4S9716,23696,S3 SUPPLY LLC,NULL,NULL,NULL,NULL
14338,4T9549,23697,T&M METAL WORKS,NULL,NULL,NULL,NULL
14353,4C9724,23703,"CONWAY AXLE & TRAILER PARTS, LLC",NULL,NULL,NULL,NULL
14538,LS8,23706,HENAN SHAOLIN BUS CO. LTD.,NULL,NULL,NULL,NULL
14345,1V9274,23710,VIPER CART USA,NULL,NULL,NULL,NULL
14417,RA9015,23711,AL-ASSRI INDUSTRIES LLC,NULL,NULL,213,UNITED ARAB EMIRATES
14383,1Z9758,23715,5G MODULAR MT LLC,NULL,NULL,6,UNITED STATES (USA)
14377,H2U,23724,"JINHUA BETTER TRAILER MANUFACTURING CO., LTD",NULL,NULL,NULL,NULL
14355,1N9453,23725,NICE FISH HOUSE LLC,NULL,NULL,6,UNITED STATES (USA)
14349,1J9574,23727,JD CUSTOM KAYAK TRAILERS,NULL,NULL,6,UNITED STATES (USA)
14352,1L9689,23728,LONE STAR MFG,NULL,NULL,6,UNITED STATES (USA)
14350,4A9314,23730,ANIMAL HOUSING SOLUTIONS INC,NULL,NULL,NULL,NULL
14354,1L9690,23732,LUMINYS SYSTEMS CORPORATION,NULL,NULL,NULL,NULL
14356,HL5,23733,"ZHEJIANG GUANGCHUANGXIN ENERGY TECHNOLOGY CO.,LTD.",NULL,NULL,8,CHINA
14529,7Z8,23736,ZO MOTORS NORTH AMERICA LLC,NULL,NULL,NULL,NULL
14551,718,23736,ZO MOTORS NORTH AMERICA LLC,NULL,NULL,NULL,NULL
14358,1H9850,23740,HELLS CANYON MARINE INC.,NULL,NULL,6,UNITED STATES (USA)
14359,1J9576,23744,"JERRY'S WELDING SERVICE, INC",NULL,NULL,6,UNITED STATES (USA)
14363,1X9039,23757,X-STAR TRAILERS LLC,NULL,NULL,NULL,NULL
14374,1L9692,23758,"LIMITLESS TRAILERS MFG, LLC",NULL,NULL,NULL,NULL
14371,4T9550,23759,"TOOLCREST, LLC",NULL,NULL,6,UNITED STATES (USA)
14466,1N9456,23761,NV MOTOR GROUP,NULL,NULL,6,UNITED STATES (USA)
14614,4R9066,23762,ROKIT CARTS INCORPORATED,NULL,NULL,NULL,NULL
14373,4S9719,23764,STARFIRE AMERICA LLC,NULL,NULL,NULL,NULL
14432,1W9624,23765,WEISTEC ENGINEERING INC.,NULL,NULL,NULL,NULL
14375,4R9057,23768,R AND R MANUFACTURING,NULL,NULL,NULL,NULL
14384,1G9667,23771,GIGONE LLC,NULL,NULL,6,UNITED STATES (USA)
14400,1D9929,23772,DTH INT GROUP LLC,NULL,NULL,NULL,NULL
14380,7ZA,23773,"ZROX EV, INC.",NULL,NULL,NULL,NULL
14518,1Z9768,23774,O'GUINN ATR TRAILERS,NULL,NULL,6,UNITED STATES (USA)
14382,1D9235,23775,DIAMOND TRAILERS INC,NULL,NULL,NULL,NULL
14378,7ZF,23779,HITCH-POINT TRAILERS,NULL,NULL,NULL,NULL
14472,LZ9SSY,23780,"SHANDONG LUJUN AUTOMOBILE MANUFACTURE CO., LTD",NULL,NULL,NULL,NULL
14393,4A9317,23781,AR PRO SERVICES LLC,NULL,NULL,NULL,NULL
14599,7YZ,23782,"PEBBLE MOBILITY, INC.",NULL,NULL,6,UNITED STATES (USA)
14385,1P9954,23784,PE INNOVATIONS LLC,NULL,NULL,NULL,NULL
14387,1H9852,23785,HOTSHOTS TRAILER LLC,NULL,NULL,NULL,NULL
14388,4T9551,23786,TOP SHELF METAL WORKS LLC,NULL,NULL,NULL,NULL
14389,1G9668,23787,GM TRAILERS MANUFACTURING LLC,NULL,NULL,NULL,NULL
14395,4S9723,23788,"SLANT BAR AG, LLC",NULL,NULL,NULL,NULL
14392,4B9380,23792,BEYER SERVICES LLC,NULL,NULL,NULL,NULL
14501,4S9722,23794,STEEL BOYZ LLC,NULL,NULL,NULL,NULL
14524,3A9318,23798,OPERADORA Y TRANSFORMADORA VIG SA DE CV,NULL,NULL,12,MEXICO
14397,1K9449,23799,KEYSTONE TRAILER CO,NULL,NULL,6,UNITED STATES (USA)
14403,SJB,23802,BRIAN JAMES TRAILERS LTD,NULL,NULL,5,UNITED KINGDOM (UK)
14402,1W9562,23808,WEST POINT DESIGN INC.,NULL,NULL,6,UNITED STATES (USA)
14527,H2W,23809,"NINGBO ENGINEERING TECHNOLOGY CO., LTD. ",NULL,NULL,8,CHINA
14406,4T9542,23820,"TIDE CRAFT BOATS, LLC",NULL,NULL,NULL,NULL
14410,4M9262,23826,M&A CONTRACTING INC,NULL,NULL,6,UNITED STATES (USA)
14411,4S9725,23831,STONE TABLE LLC,NULL,NULL,NULL,NULL
14461,4M9264,23834,"MOABG, LLC",NULL,NULL,NULL,NULL
14451,4M9266,23836,MOUNTAIN VIEW ENTERPRISES,NULL,NULL,NULL,NULL
14413,4C9728,23840,COMPLETE CONCESSIONS,NULL,NULL,NULL,NULL
14482,3JD,23848,JFA TRAILERS,NULL,NULL,12,MEXICO
14419,4A9308,23849,ALL HAUL TRAILER'S,NULL,NULL,6,UNITED STATES (USA)
14426,4S9727,23851,SEQUOIA CAMPERS AND TRAILERS LLC,NULL,NULL,6,UNITED STATES (USA)
14422,492,23853,MEB TRAILER SALES,NULL,NULL,6,UNITED STATES (USA)
14421,4M9267,23854,"MIDLAND CARRIERS MFG, LLC",NULL,NULL,6,UNITED STATES (USA)
14768,LTE,23857,"CHONGQING CHARMING MOTORCYCLE MANUFACTURE CO., LTD.",NULL,NULL,8,CHINA
14471,7ZL,23858,"TERBERG TAYLOR AMERICAS, LLC",NULL,NULL,6,UNITED STATES (USA)
14710,99L,23860,BYD DO BRASIL LTDA,NULL,NULL,18,BRAZIL
14427,1G9669,23861,GO EASY CART RENTALS LLC,NULL,NULL,NULL,NULL
14435,7ZM,23863,"NATIVE TRAILERS, LLC",NULL,NULL,6,UNITED STATES (USA)
14428,4S9728,23864,STINGRAY TRAILERS LLC,NULL,NULL,6,UNITED STATES (USA)
14430,1SP,23865,ADVANCED TRAILER MANUFACTURING,NULL,NULL,6,UNITED STATES (USA)
14433,7ZP,23866,COMPASS MARINE TRAILERS,NULL,NULL,NULL,NULL
14473,7ZS,23868,TTS TRAILERS INC,NULL,NULL,6,UNITED STATES (USA)
14585,1Z9761,23874,INTEGRITY SERVICE PROVIDERS,NULL,NULL,6,UNITED STATES (USA)
14436,4M9269,23882,MORGAN HATFIELD ENTERPRISES LLC,NULL,NULL,6,UNITED STATES (USA)
14440,7ZT,23885,DCD VEHICLE CORP,NULL,NULL,6,UNITED STATES (USA)
14450,7ZR,23886,STANDARD IRON & WIRE WORKS LLC,NULL,NULL,NULL,NULL
14582,71C,23886,STANDARD IRON & WIRE WORKS LLC,NULL,NULL,6,UNITED STATES (USA)
14439,1U9221,23888,UNCLE J CUSTOM BOATS LLP,NULL,NULL,6,UNITED STATES (USA)
14438,1V9275,23889,VERTEX CYCLES LLC,NULL,NULL,6,UNITED STATES (USA)
14449,1G9672,23892,"GEAUX PULL TRAILERS AND RENTALS, LLC",NULL,NULL,NULL,NULL
14517,1V9276,23894,VJ TRAILERS LLC,NULL,NULL,6,UNITED STATES (USA)
14464,4T9552,23896,TWH TRAILERS LLC,NULL,NULL,NULL,NULL
14814,1W9703,23898,WATERSNAKE BOATS LLC,NULL,NULL,6,UNITED STATES (USA)
14444,4B9383,23899,BROKEREASIER INC.,NULL,NULL,6,UNITED STATES (USA)
14478,4M9253,23900,MI TRAILER LLC,NULL,NULL,6,UNITED STATES (USA)
14502,4T9554,23903,TAYLOR MADE METAL WORKS,NULL,NULL,NULL,NULL
14448,1G9671,23906,GOAT TRAILERS LLC,NULL,NULL,6,UNITED STATES (USA)
14452,1G9664,23908,"GJR MEYER SERVICE COMPANY, INC.",NULL,NULL,6,UNITED STATES (USA)
14453,4A9319,23912,"ATLAS STEEL PRODUCTS, INC.",NULL,NULL,NULL,NULL
14490,7ZW,23914,CABASE LLC,NULL,NULL,6,UNITED STATES (USA)
14496,H09PLE,23917,"POWERLINK ENERGY TECH (SHANGHAI) CO., LTD",NULL,NULL,8,CHINA
14456,2G9105,23919,2598309 ONTARIO LIMITED,NULL,NULL,1,CANADA
14531,1X9044,23920,"XCEL MANUFACTURING, LLC",NULL,NULL,6,UNITED STATES (USA)
14511,4B9387,23921,BEARTRAILER L.L.C.,NULL,NULL,6,UNITED STATES (USA)
14474,4R9059,23922,ROCKET EQUIPMENT LLC,NULL,NULL,6,UNITED STATES (USA)
14730,4S9730,23923,SOUTHEASTERN STEEL MANUFACTURING CORP,NULL,NULL,NULL,NULL
14458,1F9599,23924,FIRST CLASS BODIES LLC,NULL,NULL,NULL,NULL
14459,1Z9762,23925,"OVERLAND SERVICES, LLC",NULL,NULL,NULL,NULL
14460,4S9729,23927,SVENN LLC,NULL,NULL,6,UNITED STATES (USA)
14463,1G9673,23928,GOLDEN ROAD TRAILERS LLC,NULL,NULL,NULL,NULL
14462,4B9384,23929,B & B CAMPER INC,NULL,NULL,NULL,NULL
14475,4A9320,23930,AXIOM EQUIPMENT INC,NULL,NULL,6,UNITED STATES (USA)
14486,4A9321,23935,"ALL AMERICAN CUSTOM REEL TRAILER & SUPPLIES, LLC",NULL,NULL,NULL,NULL
14547,4M9280,23941,"MOTSMANN ENGINEERING, LLC",NULL,NULL,NULL,NULL
14469,1F9596,23945,FAULT LINE TRAILERS AND AUTO SALES LLC,NULL,NULL,6,UNITED STATES (USA)
14590,R8H,23946,"VELI TECHNOLOGY INDUSTRIAL CO., LIMITED",NULL,NULL,57,HONG KONG
14616,H2H,23948,"CHONGQING NICOT MOTORSPORTS CO., LTD",NULL,NULL,8,CHINA
14470,4S9718,23952,SO CAL TRAILER BUILDERS,NULL,NULL,6,UNITED STATES (USA)
14498,3G9073,23959,"GRUPO GELSA FABRICACION Y DISTRIBUCION, S.A. DE C.V.",NULL,NULL,12,MEXICO
14500,3A9324,23960,"ACHA TRAILERS & INOX, S.A. DE C.V.",NULL,NULL,12,MEXICO
14563,2T9205,23961,TURBOCRISTAL INC.,NULL,NULL,NULL,NULL
14827,H09SKJ,23964,"SHANDONG KANGJIE INTELLIGENT TECHNOLOGY CO,.LTD",NULL,NULL,8,CHINA
14479,2MS,23965,2055495 ONTARIO LTD.,NULL,NULL,1,CANADA
14476,MZD,23968,CLASSIC LEGENDS PVT LTD,NULL,NULL,36,INDIA
14497,3S9136,23972,SINER AG,NULL,NULL,12,MEXICO
14564,4A9313,23979,ADAGIO COLLECTIONS LLC,NULL,NULL,NULL,NULL
14481,1D9932,23980,DUKE'S TRUCKS & MORE,NULL,NULL,NULL,NULL
14489,3E9072,23981,EDGAR MANUEL RODRIGUEZ VILLARREAL,NULL,NULL,NULL,NULL
14484,1Z9763,23983,OCEAN BREEZE TRAILERS INC,NULL,NULL,NULL,NULL
14485,1E9734,23985,EVANS MACHINERY INC,NULL,NULL,NULL,NULL
14487,1J9579,23986,JONES SERVICE & REPAIR LLC,NULL,NULL,6,UNITED STATES (USA)
14488,1K9450,23987,KRABALCRAFT LLC,NULL,NULL,NULL,NULL
14491,1U9222,23990,ULTIMATE CUSTOM TRAILERS,NULL,NULL,6,UNITED STATES (USA)
14492,7Z2,23994,SIVO EV,NULL,NULL,6,UNITED STATES (USA)
14521,4S9731,23995,SUNSET LSV INNOVATIONS,NULL,NULL,NULL,NULL
14495,4M9272,23997,MYERS MADE INDUSTRIES LLC,NULL,NULL,6,UNITED STATES (USA)
14494,1K9451,23998,KD MODULAR INSTALLERS,NULL,NULL,6,UNITED STATES (USA)
14493,1Z9765,23999,62 DEGREE NORTH CUSTOMS,NULL,NULL,6,UNITED STATES (USA)
14545,4C9731,24000,CLEVR CARTS LLC,NULL,NULL,6,UNITED STATES (USA)
14499,1P9099,24001,PHOENIX COACH WORKS INC.,NULL,NULL,6,UNITED STATES (USA)
14503,4A9318,24003,"AUSTIN MOTOR WORKS, INC.",NULL,NULL,NULL,NULL
14507,1E9735,24005,E&M TRAILERS LLC,NULL,NULL,6,UNITED STATES (USA)
14504,1D9943,24007,DORADO MOTORS INC.,NULL,NULL,NULL,NULL
3311,4TE,24009,"BARRETT TRAILERS, LLC",NULL,NULL,6,UNITED STATES (USA)
13269,7UL,24009,"BARRETT TRAILERS, LLC",NULL,NULL,6,UNITED STATES (USA)
14506,711,24009,"BARRETT TRAILERS, LLC",NULL,NULL,NULL,NULL
14505,1G9674,24011,GREEN RIVER CABINS LLC,NULL,NULL,6,UNITED STATES (USA)
14525,1H9856,24012,HENKO TRAILERS LLC,NULL,NULL,6,UNITED STATES (USA)
14509,1N9457,24017,NEW ENGLAND LOW SPEED VEHICLE,NULL,NULL,6,UNITED STATES (USA)
14508,4M9274,24018,MAMMOTH MANUFACTURING INC.,NULL,NULL,NULL,NULL
14510,4B9386,24020,BROCKWAY MINI HOMES INC.,NULL,NULL,NULL,NULL
14659,2E9092,24022,EXCEL TENT TRAILERS LTD.,NULL,NULL,NULL,NULL
14606,4M9277,24029,MACHINE POWER TRUCK AND EQUIPMENT LLC,NULL,NULL,6,UNITED STATES (USA)
14514,1Z9770,24030,ZION HORSE LLC,NULL,NULL,6,UNITED STATES (USA)
14820,LCS,24033,"JIANGSU SUNHOU MOTORCYCLE CO., LTD.",NULL,NULL,8,CHINA
14739,SF6,24034,"KAXA MOTOS CO., LTD.",NULL,NULL,5,UNITED KINGDOM (UK)
14515,4T9545,24037,TRAILHAWK MANUFACTURING INC.,NULL,NULL,6,UNITED STATES (USA)
14516,4C9726,24041,"COMMERCE GROUP INTERNATIONAL, LLC",NULL,NULL,NULL,NULL
14539,7XA,24042,DP PLATINUM STAR TRAILERS,NULL,NULL,6,UNITED STATES (USA)
14526,1R9750,24044,ROCKY MOUNTAIN STRUCTURES,NULL,NULL,NULL,NULL
14536,1H9855,24046,HERO TRAILERS LLC,NULL,NULL,NULL,NULL
14581,714,24047,SOLAR TRANSPORT SYSTEMS. INC,NULL,NULL,NULL,NULL
14522,1K9423,24049,KENSINGTON TRAILERS LLC,NULL,NULL,NULL,NULL
14520,715,24056,IKON TRAILER MANUFACTURING,NULL,NULL,NULL,NULL
14530,1V9277,24060,"VECTOR MIXERS, LLC.",NULL,NULL,6,UNITED STATES (USA)
14549,1D9947,24061,DSM TRAILERS LLC,NULL,NULL,NULL,NULL
14574,4R9060,24062,REFLEX NORTH AMERICA INC,NULL,NULL,6,UNITED STATES (USA)
14558,4R9009,24064,RURUP METAL FAB LLC,NULL,NULL,NULL,NULL
14635,1D9945,24067,DON KEYDIK SERVICES LLC,NULL,NULL,6,UNITED STATES (USA)
14535,7ZX,24070,SERVICE SPECIALTIES OF ELKHART IN,NULL,NULL,NULL,NULL
14534,1H9857,24071,HAY PLUS FARMS,NULL,NULL,NULL,NULL
14544,4A9324,24072,ATLANTIC TRAILERS INC,NULL,NULL,6,UNITED STATES (USA)
14537,1W9704,24075,WIENS ENERGY LLC,NULL,NULL,6,UNITED STATES (USA)
14540,1P9958,24076,POWERHOUSE SUPPLY,NULL,NULL,NULL,NULL
14542,4C9733,24084,"CARISMA GROUP, LLC",NULL,NULL,NULL,NULL
14557,1U9224,24085,"U.S. HEAVY DUTY REPAIRS, LLC",NULL,NULL,NULL,NULL
14543,4B9388,24089,BAM EQUIPMENT SALES,NULL,NULL,6,UNITED STATES (USA)
14577,R6U,24096,"HONGKONG YIXING INDUSTRY AND TRADE CO., LIMITED",NULL,NULL,8,CHINA
14578,UDU,24098,STARK FUTURE S.L.,NULL,NULL,26,SPAIN
14546,712,24099,NIU TECHNOLOGY INC.,NULL,NULL,6,UNITED STATES (USA)
14596,LA9HTK,24102,"CHTC KINWIN(NANJING) AUTOMOBILE CO., LTD.",NULL,NULL,8,CHINA
14562,1Z9702,24108,TRICARGO LLC,NULL,NULL,6,UNITED STATES (USA)
14597,4S9195,24109,SCHMUCKERS WELDING LLC,NULL,NULL,6,UNITED STATES (USA)
14550,1K9452,24111,KORO BAS INC.,NULL,NULL,NULL,NULL
14553,716,24116,VISION CARGO LLC,NULL,NULL,NULL,NULL
14552,1V9278,24123,VISUM TECHNOLOGIES LLC,NULL,NULL,NULL,NULL
14554,4S9733,24126,SIPSEY RIVER FABRICATION,NULL,NULL,NULL,NULL
11601,3JB,24129,"BRP MEXICO, S.A. DE C.V.",NULL,NULL,12,MEXICO
14559,1P9961,24131,PRO R66 AUTOS LLC,NULL,NULL,NULL,NULL
14560,1L9695,24132,LOOKOUT MOUNTAIN BRONCO CARTS,NULL,NULL,NULL,NULL
14572,2M9281,24133,KING RACE TRAILERS,NULL,NULL,NULL,NULL
14467,3JC,24149,"BRP QUERETARO, S.A. DE C.V.",NULL,NULL,12,MEXICO
14575,4R9063,24152,REEL DEAL TRAILERS INC,NULL,NULL,6,UNITED STATES (USA)
14566,1W9705,24154,"WINDSTRONG INDUSTRIES, LLC",NULL,NULL,6,UNITED STATES (USA)
14565,1L9696,24156,LOAD'EM UP TRAILERS,NULL,NULL,NULL,NULL
14567,1V9279,24160,VIPER LOADERS LLC,NULL,NULL,NULL,NULL
14576,1P9962,24162,"POWERBASE SOLAR, LLC",NULL,NULL,NULL,NULL
14570,4A9323,24163,AZURE PRINTED HOMES,NULL,NULL,6,UNITED STATES (USA)
14591,HSL,24166,"TAIZHOU VELOCIFERO VEHICLE CO., LTD",NULL,NULL,8,CHINA
14603,3C9260,24168,CONQUEST MANUFACTURING S.A. DE C.V.,NULL,NULL,12,MEXICO
14741,1D9950,24169,"DESERT CUSTOM TRAILERS, LLC",NULL,NULL,NULL,NULL
14579,1H9858,24170,H FAB LLC,NULL,NULL,NULL,NULL
14580,1G9676,24171,GO DADDY LOGISTICS,NULL,NULL,NULL,NULL
14593,4T9557,24178,TAILORED TRAILERS LLC,NULL,NULL,NULL,NULL
14689,4R9065,24179,RYDZ LLC,NULL,NULL,6,UNITED STATES (USA)
14589,4A9327,24180,AUTO BOUTIQUE LLC,NULL,NULL,6,UNITED STATES (USA)
14587,4M9282,24185,"MARSHALL CUSTOM WELDING, LLC",NULL,NULL,6,UNITED STATES (USA)
14605,4B9393,24190,BLACK MESA MANUFACTURING LLC,NULL,NULL,6,UNITED STATES (USA)
14737,4S9746,24192,STRONG BLUE LLC,NULL,NULL,6,UNITED STATES (USA)
14762,1L9685,24193,LOST ROAD CAMPERS LLC,NULL,NULL,6,UNITED STATES (USA)
14583,1D9949,24195,DOPPLERTECH INC.,NULL,NULL,NULL,NULL
14615,4T9559,24196,"TIPSY TRASH TRAILERS, LLC",NULL,NULL,NULL,NULL
14584,MLY,24197,HDMC (THAILAND) LIMITED,NULL,NULL,30,THAILAND
14757,1F9600,24199,SPOG TRAILERS LLC,NULL,NULL,NULL,NULL
14586,1G9677,24208,GEORGIA LSV LLC,NULL,NULL,6,UNITED STATES (USA)
14660,71E,24212,PACK MULE TRAILERS LLC,NULL,NULL,NULL,NULL
14592,1M9343,24213,"INTERMOUNTAIN WHOLESALE, INC.",NULL,NULL,NULL,NULL
14588,4B9391,24214,BUCHANAN INVESTMENTS INC,NULL,NULL,6,UNITED STATES (USA)
14598,4B9390,24223,BIG JOHN CORP,NULL,NULL,NULL,NULL
14822,H09YZM,24228,"SHANDONG YANZHIMEI IMPORT AND EXPORT CO., LTD. ZIBO BRANCH",NULL,NULL,8,CHINA
14644,1L9700,24231,"LAMBERT & LAMBERT, INC.",NULL,NULL,6,UNITED STATES (USA)
14594,4B9395,24237,BISON MOTORS INC,NULL,NULL,NULL,NULL
14595,1G9666,24238,GEAR HUB TRAILERS LLC,NULL,NULL,6,UNITED STATES (USA)
14640,4B9394,24248,"BH MANUFACTURING, LLC",NULL,NULL,6,UNITED STATES (USA)
14609,4M9283,24251,"MERMAIDS ENTERPRISES, LLC",NULL,NULL,NULL,NULL
14604,1H9859,24252,HUDSON TRAILERS,NULL,NULL,6,UNITED STATES (USA)
14602,4A9328,24253,ARCHITECTURE STEEL LLC,NULL,NULL,NULL,NULL
14600,4A9329,24261,A BETTER PRODUCT INC.,NULL,NULL,NULL,NULL
14601,1L9699,24263,LC TRAILER LLC,NULL,NULL,NULL,NULL
14627,4T9562,24264,TWIN BROOK FABRICATION LLC,NULL,NULL,6,UNITED STATES (USA)
14611,1G9678,24265,GRIFFES VENTURES LLC,NULL,NULL,6,UNITED STATES (USA)
14610,4S9735,24267,"SAW MACHINE INTEGRATORS, LLC",NULL,NULL,NULL,NULL
14608,1H9860,24268,HOLLIS BAY FABRICATIONS LLC,NULL,NULL,6,UNITED STATES (USA)
14777,1D9954,24272,DENTON EQUIPMENT LLC,NULL,NULL,6,UNITED STATES (USA)
14612,4A9142,24273,AMERICAN MADE QUALITY ALUMINUM TRAILERS,NULL,NULL,NULL,NULL
14629,4S9738,24274,"STROBEL MANUFACTURING, INC.",NULL,NULL,6,UNITED STATES (USA)
14617,4S9736,24280,STANGER FAB LLC,NULL,NULL,6,UNITED STATES (USA)
14620,4S9737,24281,SAWYER TRAILERS LLC,NULL,NULL,NULL,NULL
14618,1G9679,24282,GORDIS,NULL,NULL,NULL,NULL
14759,VF9045,24286,SAFRAN DATA SYSTEMS,NULL,NULL,11,FRANCE
14619,1H9861,24288,HUTCHINS FABRICATION & WOOD LLC,NULL,NULL,NULL,NULL
14670,1V9281,24290,VERDI MOTORS INC.,NULL,NULL,NULL,NULL
14646,1D9948,24291,EQ OUTDOORS,NULL,NULL,NULL,NULL
14624,1E9726,24297,EASTON TEARDROPS LLC,NULL,NULL,NULL,NULL
14622,4M9285,24298,MIGHTY MANUFACTURING LLC,NULL,NULL,6,UNITED STATES (USA)
14625,4M9284,24302,"MARATHON HOMES, LLC",NULL,NULL,NULL,NULL
14626,4B9397,24309,BACKYARD BRICK OVENS LLC,NULL,NULL,6,UNITED STATES (USA)
14647,4R9068,24313,ROCKBUILT TRAILERS INC.,NULL,NULL,NULL,NULL
14628,1L9701,24315,LYFORD OVERLAND INC.,NULL,NULL,6,UNITED STATES (USA)
14639,2ND,24317,NORDTEK TRAILERS INC,NULL,NULL,NULL,NULL
14671,3RC,24318,REMOLQUES Y CARROCERIAS CRUZ S.A. DE C.V.,NULL,NULL,12,MEXICO
14658,3PM,24319,"PRODUCTORA DE MATERIALES TECNICOS, S.A. DE C.V.",NULL,NULL,12,MEXICO
14632,71L,24321,SOLANA EV LLC,NULL,NULL,6,UNITED STATES (USA)
14643,4T9565,24323,TRAILERS ANDHUM CORP,NULL,NULL,6,UNITED STATES (USA)
14630,4M9287,24324,MANSFIELD TRAILER SOLUTIONS LLC,NULL,NULL,NULL,NULL
14649,4M9271,24325,"MATTUR HOLDINGS, INC.",NULL,NULL,NULL,NULL
14656,1N9460,24326,NORIAS AGGREGATE LLC,NULL,NULL,NULL,NULL
14678,1Z9778,24328,STREVELER FAB AND MACHINE,NULL,NULL,6,UNITED STATES (USA)
14663,4A9331,24330,"ADVANCED AG CONCEPTS, INC.",NULL,NULL,6,UNITED STATES (USA)
14653,4T9566,24333,TORERA LLC,NULL,NULL,6,UNITED STATES (USA)
14654,1L9703,24334,LJJ TRAILERS LLC,NULL,NULL,6,UNITED STATES (USA)
14651,71N,24335,"TEKO, INC.",NULL,NULL,NULL,NULL
14636,1W9706,24336,WARTHOG EV LLC,NULL,NULL,NULL,NULL
14667,4S9742,24338,S OUTDOORS LLC,NULL,NULL,NULL,NULL
14637,1L9697,24339,LOVE FOR YOU TRAILERS LLC,NULL,NULL,6,UNITED STATES (USA)
14638,4B9392,24342,BOLD TRAILER COMPANY LLC,NULL,NULL,6,UNITED STATES (USA)
14645,5JT,24343,P&T WELDING & TRAILER SALES INC,NULL,NULL,NULL,NULL
14707,4M9286,24346,"MACHINE WORX, LLC",NULL,NULL,NULL,NULL
14641,71K,24348,ROAM ELECTRIC VEHICLES LLC,NULL,NULL,6,UNITED STATES (USA)
14650,7YY,24360,TARA ELECTRIC VEHICLES CORP,NULL,NULL,6,UNITED STATES (USA)
14829,71T,24369,"RE:CAR, INC.",NULL,NULL,6,UNITED STATES (USA)
14830,71V,24369,"RE:CAR, INC.",NULL,NULL,6,UNITED STATES (USA)
14805,4M9294,24370,MOUNT UP TEXAS LLC,NULL,NULL,NULL,NULL
14652,1H9863,24372,HP CUSTOM MANUFACTURING LLC,NULL,NULL,NULL,NULL
14655,1Z9775,24375,Z-MODULAR LLC,NULL,NULL,NULL,NULL
14662,1D9953,24376,DAKOTA FLUID POWER,NULL,NULL,6,UNITED STATES (USA)
14685,4M9295,24382,MAXIM TRAILERS INC.,NULL,NULL,NULL,NULL
14853,4B9396,24383,BAY EQUIPMENT RENTALS,NULL,NULL,6,UNITED STATES (USA)
14661,4T9360,24385,THRUST INNOVATIONS,NULL,NULL,6,UNITED STATES (USA)
14705,Y79E81,24389,D LIGHT LLC,NULL,NULL,212,UKRAINE
14875,KL9EF7,24390,"SMI INNOVATIONS COMPANY, LTD.",NULL,NULL,15,SOUTH KOREA
14666,4M9288,24391,MCS LOGISTICS INC,NULL,NULL,6,UNITED STATES (USA)
14664,1D9951,24400,DURA TRAILERS LLC,NULL,NULL,NULL,NULL
14665,1Z9777,24401,321TRAILERS LLC,NULL,NULL,6,UNITED STATES (USA)
14780,2WV,24403,WEBERLANE MFG. (1990) CO.,NULL,NULL,NULL,NULL
14675,4T9569,24416,"TAYLOR RIG AND EQUIPMENT, LLC",NULL,NULL,NULL,NULL
14669,4B9398,24419,BOTERO INDY LLC,NULL,NULL,NULL,NULL
14673,4B9399,24420,BOTERO AND FINLEY INVESTMENTS,NULL,NULL,NULL,NULL
14772,1P9964,24423,PARAGON TRAILERS LLC,NULL,NULL,NULL,NULL
14676,4T9570,24424,TRIPLE TRAILERS LLC,NULL,NULL,6,UNITED STATES (USA)
14681,4T9556,24425,TAYLOR & ARD EQUIPMENT,NULL,NULL,NULL,NULL
14839,728,24425,TAYLOR & ARD EQUIPMENT,NULL,NULL,NULL,NULL
14728,4A9338,24426,"ABERDEEN POWER GROUP, LLC",NULL,NULL,6,UNITED STATES (USA)
14679,4T9564,24429,TOW SMART TRAILERS LLC,NULL,NULL,6,UNITED STATES (USA)
14723,4T9573,24430,"TUYOU, LLC",NULL,NULL,NULL,NULL
14680,1P9929,24432,PLAINSCRAFT LLC,NULL,NULL,NULL,NULL
14682,HA9MAH,24440,"HANGZHOU LEISHEN MOTORCYCLE CO.,LTD.",NULL,NULL,NULL,NULL
14698,1V9284,24445,VALLEY VIEW WELDING LLC,NULL,NULL,NULL,NULL
14703,1J9581,24446,"J MOORE TRAILER MANUFACTURING, LLC",NULL,NULL,NULL,NULL
14684,4M9270,24447,MIA GLOBAL INC.,NULL,NULL,6,UNITED STATES (USA)
14721,6K9860,24461,SPECIALTY TRAILERS PTY LTD,NULL,NULL,14,AUSTRALIA
14693,H0R,24469,"ZHEJIANG UNIVERSAL MACHINERY CO., LTD",NULL,NULL,8,CHINA
14690,4S9743,24476,"S&S CABLE, LLC",NULL,NULL,NULL,NULL
14688,4A9303,24477,ACS MOBILE WELDING HAWAII LLC,NULL,NULL,NULL,NULL
14686,1J9580,24482,"JET BOATS OF TEXAS, LLC",NULL,NULL,NULL,NULL
14691,3D9032,24485,DISENADORES DE INGENIERIA Y CONSTRUCCION DEL NORESTE S.A. DE C.V.,NULL,NULL,NULL,NULL
14826,H09SLJ,24492,"SHANDONG LIJING MACHINERY EQUIPMENT CO., LTD",NULL,NULL,8,CHINA
14727,3FX,24496,"FEHR BROS. INDUSTRIES, S. DE R.L DE C.V.",NULL,NULL,12,MEXICO
14704,1D9952,24505,DREAM PROJECTS BUILDERS LLC,NULL,NULL,NULL,NULL
14720,4C9736,24507,CURLEY BROTHERS TRAILERS LLC,NULL,NULL,NULL,NULL
14715,H3Y,24509,"LUOYANG NORTH DAHE THREE-WHEELED MOTORCYCLE CO., LTD",NULL,NULL,8,CHINA
14750,1V9285,24544,"VELAZQUEZ WELDING SERVICE, LLC",NULL,NULL,NULL,NULL
14810,H7L,24549,"WUQIQU AUTO INDUSTRY (ZIBO) CO., LTD",NULL,NULL,8,CHINA
14697,1V9283,24551,VINTAGE CAMPER COMPANY,NULL,NULL,NULL,NULL
14696,4A9334,24558,AAA TINY HOME CONSULTANTS LLC,NULL,NULL,NULL,NULL
14695,4M9296,24559,MROVI TRAILER PARTS LLC,NULL,NULL,NULL,NULL
14694,1L9707,24560,LEARY CUSTOM CYCLE LLC,NULL,NULL,NULL,NULL
14731,9790Y6,24571,MGK SOLUCOES INDUSTRIAIS PARA CALDEIRARIA LTDA,NULL,NULL,NULL,NULL
14699,1Z9776,24573,O.G. LIVING LLC,NULL,NULL,NULL,NULL
14700,71F,24575,"BLACK IRON PRODUCTS, LLC",NULL,NULL,6,UNITED STATES (USA)
14702,1Z9780,24578,IRONMANN INDUSTRIES,NULL,NULL,NULL,NULL
14706,2SH,24579,"VANGUARD REFRIGERATED TRAILER CO.,LTD.",NULL,NULL,NULL,NULL
14719,PL9056,24582,GEMILANG COACHWORK SDN. BDH,NULL,NULL,NULL,NULL
14709,4M9297,24584,MULTIMEDIA LED INC.,NULL,NULL,NULL,NULL
14708,1X9046,24585,XTREME MANUFACTURING,NULL,NULL,NULL,NULL
14711,4M9298,24586,MICHAEL GRAHAM RACING LLC,NULL,NULL,NULL,NULL
14713,1G9681,24587,GRIZZLY WRECKER SALES & SERVICE INC.,NULL,NULL,6,UNITED STATES (USA)
14718,4S9734,24588,SWFL TRAILER SALES AND REPAIRS LLC.,NULL,NULL,6,UNITED STATES (USA)
14816,1P9969,24589,PLUM TRAILER COMPANY LLC,NULL,NULL,NULL,NULL
14735,4B9401,24591,B AND B TRAILERS OF MISSISSIPPI INC.,NULL,NULL,6,UNITED STATES (USA)
14716,4T9561,24595,THE UTILITY BIKE COMPANY,NULL,NULL,NULL,NULL
14752,4A9337,24598,"ALSET ELECTRIC VEHICLES, LLC",NULL,NULL,6,UNITED STATES (USA)
14725,4S9745,24601,SHERPA TRAILERS LLC,NULL,NULL,6,UNITED STATES (USA)
14746,5DD,24607,KALYN SIEBERT,NULL,NULL,6,UNITED STATES (USA)
14722,2R9730,24616,REMORQUES PACKET INC.,NULL,NULL,NULL,NULL
14764,PF9002,24628,SIN TRANS ENGINEERING PTE LTD,NULL,NULL,46,SINGAPORE
14843,NR9810,24631,FRSTONE DOGAL TAS SAN. VE TIC. LTD. STI.,NULL,NULL,13,TURKEY
14850,H9X,24638,"XUZHOU TIANYING AUTOMOBILE CO., LTD.",NULL,NULL,8,CHINA
14726,1N9462,24641,NEXGEN TRAILER MFG,NULL,NULL,NULL,NULL
14821,H09SHT,24643,SHANDONG HIGHTOP GROUP,NULL,NULL,8,CHINA
14872,6S4,24650,FUSINE INVESTMENTS PTY LTD,NULL,NULL,14,AUSTRALIA
14729,4R9071,24652,RAYSTAR MANUFACTURE LLC,NULL,NULL,NULL,NULL
14758,4R9073,24674,ROADRUNNER TEARDROPS LLC,NULL,NULL,6,UNITED STATES (USA)
14760,4A9340,24681,AWAKEN RV LLC,NULL,NULL,6,UNITED STATES (USA)
14732,71U,24687,TMB MANUFACTURING LLC,NULL,NULL,6,UNITED STATES (USA)
14733,1F9603,24695,FEHRING ORNAMENTAL IRON WORKS,NULL,NULL,NULL,NULL
14742,U1V,24697,VDL VAN HOOL MACEDONIA,NULL,NULL,35,NORTH MACEDONIA
14773,UN9092,24700,REWARD CATERING LTD,NULL,NULL,NULL,NULL
14807,71X,24711,STEALTH TRAILERS LLC,NULL,NULL,6,UNITED STATES (USA)
14734,4R9074,24712,REXTON TRAILERS MANUFACTURING LLC,NULL,NULL,6,UNITED STATES (USA)
14846,1N9465,24717,"NEXUS MOTORS, INC.",NULL,NULL,NULL,NULL
14738,1F9602,24718,"FAMILY FORGE UTILITY TRAILERS ,LLC",NULL,NULL,NULL,NULL
14736,1L9708,24719,LOW TIDE GOLF CART RENTALS LLC,NULL,NULL,NULL,NULL
14740,4R9072,24730,RJ TRAILERS LLC,NULL,NULL,6,UNITED STATES (USA)
14744,3L9036,24739,LAURA LETICIA ZAMORA GONZALEZ,NULL,NULL,NULL,NULL
14873,4B9414,24743,BARTER ENTERPRISES LLC,NULL,NULL,6,UNITED STATES (USA)
14801,1K9432,24744,KCP AMERICA INC.,NULL,NULL,NULL,NULL
14756,1N9463,24745,NOMAD CUSTOM SAUNA,NULL,NULL,NULL,NULL
14743,1G9682,24746,GONE COASTAL MANUFACTURING LLC,NULL,NULL,NULL,NULL
14783,NP9299,24749,TECAM MAKINA OTOMOTIV TEKSTIL CADIR INSAAT ENERJI DIS TICARET SANAYI LIMITED SIRKETI,NULL,NULL,NULL,NULL
14848,1Z9784,24750,ONYX MOTORS INC,NULL,NULL,6,UNITED STATES (USA)
14785,HJ5,24752,"GUANGXI DONGSHUN SCI&TECH CO., LTD.",NULL,NULL,NULL,NULL
14766,2T9218,24758,TYCROP TRAILERS INC,NULL,NULL,1,CANADA
14745,1P9970,24765,POLAR TEXAS,NULL,NULL,6,UNITED STATES (USA)
14748,4T9534,24772,"TTRD, LLC",NULL,NULL,6,UNITED STATES (USA)
14776,1U9227,24786,UNITED MACHINE CORPORATION,NULL,NULL,NULL,NULL
14786,LZ9EJH,24787,"HUBEI JINGHENG SPECIAL PURPOSE VEHICLE CO.,LTD",NULL,NULL,NULL,NULL
14767,3HF,24799,"TORO COMPANY DE MEXICO, S. DE R.L. DE C.V",NULL,NULL,12,MEXICO
14751,1Z9782,24801,OLD SCHOOL YAMAHA TRAILERS,NULL,NULL,NULL,NULL
14763,1Z9489,24802,INFINITY MANUFACTURING INC.,NULL,NULL,6,UNITED STATES (USA)
14753,1W9709,24805,WUCHENG HENGHE VEHICLE INDUSTRY LLC,NULL,NULL,6,UNITED STATES (USA)
14754,1N9464,24819,NEO CAMPER LLC,NULL,NULL,NULL,NULL
14832,LZ9JLF,24824,"SHANDONG JIN LI MECHANICAL EQUIPMENT CO., LTD",NULL,NULL,8,CHINA
14778,3F9071,24825,F.L.T. TRAILERS,NULL,NULL,NULL,NULL
14770,4C9740,24838,CALI CONCESSION TRAILERS LLC,NULL,NULL,6,UNITED STATES (USA)
14769,4R9076,24840,RPG BRANDS,NULL,NULL,NULL,NULL
14775,4B9405,24842,"BRONTON, LLC",NULL,NULL,NULL,NULL
14771,4C9741,24843,COOPER'S CUSTOM CARTS LLC,NULL,NULL,NULL,NULL
14806,4A9341,24845,AJ'S WELDING & MACHINE SHOP INC,NULL,NULL,6,UNITED STATES (USA)
14774,1H9862,24846,"HEAVY EQUIPMENT SOLUTIONS, LLC.",NULL,NULL,NULL,NULL
14781,4S9748,24847,"SOLAR RIG TECHNOLOGIES, LLC",NULL,NULL,6,UNITED STATES (USA)
14789,3E9073,24853,EVELYN MONSERRATH SANCHEZ ZAPATA,NULL,NULL,12,MEXICO
14782,59Y,24857,LUND MANUFACTURING LLC,NULL,NULL,6,UNITED STATES (USA)
14808,7KJ,24861,"FLORIDA TRAILER MANUFACTURING, CORP.",NULL,NULL,NULL,NULL
14800,1H9867,24870,HAULIN STEEL CUSTOMS,NULL,NULL,6,UNITED STATES (USA)
14867,1J9584,24877,JRS FOOD TRAILERS LLC,NULL,NULL,NULL,NULL
14784,4B9402,24879,BUYERS PRODUCTS COMPANY,NULL,NULL,6,UNITED STATES (USA)
14796,4S9749,24880,SPARTAN MANUFACTURING INC,NULL,NULL,6,UNITED STATES (USA)
14825,4C9744,24883,"CIRCLE C EQUIPMENT, LLC",NULL,NULL,NULL,NULL
14851,4T9578,24891,T & R SPECIALTIES LLC,NULL,NULL,NULL,NULL
14790,1S9260,24902,STAIRS WELDING RL INC.,NULL,NULL,6,UNITED STATES (USA)
14792,721,24903,DARKHORSE ACQUISITION LLC,NULL,NULL,6,UNITED STATES (USA)
14813,1J9585,24904,JAY REPAIR SERVICES LLC,NULL,NULL,NULL,NULL
14797,4B9406,24910,BLUE FIRE MOTORSPORTS,NULL,NULL,6,UNITED STATES (USA)
14791,4B9409,24912,"BLACK STAR TRADING COMPANY, LLC",NULL,NULL,6,UNITED STATES (USA)
14793,1K9453,24917,KINETIC CUSTOM TRAILERS USA INC.,NULL,NULL,6,UNITED STATES (USA)
14819,1V9286,24920,VENUS FABRICATION & BLASTING LLC,NULL,NULL,6,UNITED STATES (USA)
14795,7GA,24921,RIVERCRAFT TRAILERS LLC,NULL,NULL,6,UNITED STATES (USA)
14799,4A9343,24934,ALPHA MODIFIED SYSTEMS LLC,NULL,NULL,6,UNITED STATES (USA)
14841,1P9976,24938,PENN CENTRAL WELDING LLC,NULL,NULL,NULL,NULL
14802,1P9973,24940,PIVOT POWER INC,NULL,NULL,NULL,NULL
14809,2C9342,24951,CONQUEST EQUIPMENT INC,NULL,NULL,1,CANADA
14857,1W9710,24953,"WORKING CLASS MOBILE WELDING, LLC.",NULL,NULL,NULL,NULL
14811,4R9075,24968,R & S MANUFACTURING INC.,NULL,NULL,6,UNITED STATES (USA)
14812,1H9868,24970,HAULER TRAILERS MFG.,NULL,NULL,6,UNITED STATES (USA)
14833,1K9454,24971,K & B INCORPORATED,NULL,NULL,NULL,NULL
14817,2P9118,24977,PHIBER MANUFACTURING INC,NULL,NULL,NULL,NULL
14815,1E9744,24980,EVCO HOLDINGS LLC,NULL,NULL,6,UNITED STATES (USA)
14818,4M9268,24984,MP TRAILERS LLC,NULL,NULL,6,UNITED STATES (USA)
14513,713,24985,HORIZON TRAILERS TEXAS LLC,NULL,NULL,6,UNITED STATES (USA)
14828,1D9935,24990,"DEECO TRAILERS, LLC",NULL,NULL,6,UNITED STATES (USA)
14831,4A9344,24991,A & V TRAILERS INC,NULL,NULL,6,UNITED STATES (USA)
14845,1Z9783,24992,ZEUS FORCE LLC,NULL,NULL,NULL,NULL
14823,4T9579,24994,TILLERY AUTO SALES & MARINE LLC,NULL,NULL,NULL,NULL
14842,1F9607,25017,"FIREBOLT EQUIPMENT, LLC",NULL,NULL,6,UNITED STATES (USA)
14837,3E9074,25018,EDUARDO JAVIER SANMIGUEL SALOMON,NULL,NULL,NULL,NULL
14836,3J9103,25019,JESUS GARZA LUMBRERAS,NULL,NULL,NULL,NULL
14838,1L9711,25029,LAKESIDE TRAILERS LLC,NULL,NULL,NULL,NULL
14835,4M9302,25037,MAINEFACTURED LLC,NULL,NULL,6,UNITED STATES (USA)
14840,4C9746,25044,CUSTOM SITE SOLUTIONS,NULL,NULL,NULL,NULL
14858,3HU,25050,ORANGE X TRAILERS S.A DE C.V,NULL,NULL,12,MEXICO
14844,4S9754,25055,SPURGEON YACHTS INC.,NULL,NULL,NULL,NULL
14847,1P9977,25056,PALOS CUSTOM WELDING INC.,NULL,NULL,6,UNITED STATES (USA)
14865,ZFM,25066,FANTIC MOTOR S.P.A.,NULL,NULL,9,ITALY
14854,WPU,25071,PUTZMEISTER MÖRTELMASCHINEN GMBH,NULL,NULL,2,GERMANY
14852,1V9287,25079,VINRUS,NULL,NULL,NULL,NULL
14855,1G9685,25090,GREAT DAY GOLF CARTS OF OIB LLC,NULL,NULL,6,UNITED STATES (USA)
14859,1D9927,25092,DIAMOND ECO SOLUTIONS LLC,NULL,NULL,6,UNITED STATES (USA)
14863,4S9659,25103,TEXAS STAR INDUSTRIAL MANUFACTURING,NULL,NULL,6,UNITED STATES (USA)
14866,4S9031,25104,SPECTRUM SPORTS INTERNATIONAL,NULL,NULL,6,UNITED STATES (USA)
14862,1J9586,25105,"JAGUAR MANUFACTURING, INC.",NULL,NULL,NULL,NULL
14871,1H9791,25106,H-CUSTOM WELD & MACHINE LLC,NULL,NULL,NULL,NULL
14869,1D9870,25107,DNJ TRAILERS LLC,NULL,NULL,6,UNITED STATES (USA)
14870,4R9080,25109,RUDE BOY TRAILERS LLC,NULL,NULL,NULL,NULL
14874,1F9610,25116,FL CUSTOM TRAILERS LLC,NULL,NULL,6,UNITED STATES (USA)
6799,SAD,1079,JAGUAR LAND ROVER LIMITED,NULL,NULL,5,UNITED KINGDOM (UK)
2290,LB2,1080,"ZHEJIANG GEELY MING INDUSTRIAL CO., LTD",NULL,NULL,8,CHINA
2291,JL6,1081,MITSUBISHI FUSO TRUCK AND BUS CORPORATION,NULL,NULL,3,JAPAN
2297,JLS,1081,MITSUBISHI FUSO TRUCK AND BUS CORPORATION,NULL,NULL,3,JAPAN
4052,JL7,1081,MITSUBISHI FUSO TRUCK AND BUS CORPORATION,NULL,NULL,3,JAPAN
2318,3MZ,1083,MAZDA MOTOR MANUFACTURING DE MEXICO S.A. DE C.V.,NULL,NULL,12,MEXICO
7204,3MY,1083,MAZDA MOTOR MANUFACTURING DE MEXICO S.A. DE C.V.,NULL,NULL,12,MEXICO
7205,3MD,1083,MAZDA MOTOR MANUFACTURING DE MEXICO S.A. DE C.V.,NULL,NULL,12,MEXICO
11995,3MV,1083,MAZDA MOTOR MANUFACTURING DE MEXICO S.A. DE C.V.,NULL,NULL,12,MEXICO
2322,4X4,1084,"FOREST RIVER, INC.",NULL,NULL,6,UNITED STATES (USA)
2391,5NH,1084,"FOREST RIVER, INC.",NULL,NULL,6,UNITED STATES (USA)
2392,5ZT,1084,"FOREST RIVER, INC.",NULL,NULL,6,UNITED STATES (USA)
2326,2T1,1085,TOYOTA MOTOR MANUFACTURING CANADA,NULL,NULL,1,CANADA
2342,2T2,1085,TOYOTA MOTOR MANUFACTURING CANADA,NULL,NULL,1,CANADA
2347,2T3,1085,TOYOTA MOTOR MANUFACTURING CANADA,NULL,NULL,1,CANADA
2454,1T7,1086,"Thomas Built Buses, Inc",NULL,NULL,NULL,NULL
2455,1T8,1086,"Thomas Built Buses, Inc",NULL,NULL,NULL,NULL
2456,5P0,1086,"Thomas Built Buses, Inc",NULL,NULL,NULL,NULL
2329,5TB,1087,"TOYOTA MOTOR MANUFACTURING, INDIANA, INC.",NULL,NULL,6,UNITED STATES (USA)
2335,5TD,1087,"TOYOTA MOTOR MANUFACTURING, INDIANA, INC.",NULL,NULL,6,UNITED STATES (USA)
2327,4T1,1088,"TOYOTA MOTOR MANUFACTURING, KENTUCKY, INC.",NULL,NULL,6,UNITED STATES (USA)
2343,4T3,1088,"TOYOTA MOTOR MANUFACTURING, KENTUCKY, INC.",NULL,NULL,6,UNITED STATES (USA)
6812,58A,1088,"TOYOTA MOTOR MANUFACTURING, KENTUCKY, INC.",NULL,NULL,6,UNITED STATES (USA)
2501,1J9405,1089,"JOHN THOMAS, INC",NULL,NULL,6,UNITED STATES (USA)
2330,5TF,1090,"TOYOTA MOTOR MANUFACTURING, TEXAS, INC.",NULL,NULL,6,UNITED STATES (USA)
13309,7SV,1090,"TOYOTA MOTOR MANUFACTURING, TEXAS, INC.",NULL,NULL,6,UNITED STATES (USA)
2339,4T4,1091,"TOYOTA MOTOR MANUFACTURING, NORTHERN KENTUCKY, INC.",NULL,NULL,6,UNITED STATES (USA)
2500,1T9958,1092,THOMAS GRINDING INC.,NULL,NULL,6,UNITED STATES (USA)
2453,1M9813,1095,"MORGAN TRAILERS, INC",NULL,NULL,6,UNITED STATES (USA)
2435,5WD,1096,"Altec Environmental Products, LLC",NULL,NULL,6,UNITED STATES (USA)
4134,4S5,1098,"ISUZU MANUFACTURING SERVICES OF AMERICA, INC.",NULL,NULL,6,UNITED STATES (USA)
4135,4S6,1098,"ISUZU MANUFACTURING SERVICES OF AMERICA, INC.",NULL,NULL,6,UNITED STATES (USA)
3700,4C9245,1099,CENTRAL OHIO FABRICATION LLC,NULL,NULL,6,UNITED STATES (USA)
2459,5RX,1104,CRUISER RV,NULL,NULL,NULL,NULL
2486,4XT,1106,"MVP RV INC. (THOR CALIFORNIA, INC.)",NULL,NULL,6,UNITED STATES (USA)
2490,4T9076,1107,THOR MANUFACTURING LLC,NULL,NULL,6,UNITED STATES (USA)
2597,54C,1108,"WINNEBAGO OF INDIANA, LLC",NULL,NULL,6,UNITED STATES (USA)
2248,JHH,1109,"HINO MOTORS, LTD.",NULL,NULL,3,JAPAN
2250,JHA,1109,"HINO MOTORS, LTD.",NULL,NULL,3,JAPAN
2251,JHB,1109,"HINO MOTORS, LTD.",NULL,NULL,3,JAPAN
6492,JHC,1109,"HINO MOTORS, LTD.",NULL,NULL,3,JAPAN
6493,JH8,1109,"HINO MOTORS, LTD.",NULL,NULL,3,JAPAN
6985,JH6,1109,"HINO MOTORS, LTD.",NULL,NULL,3,JAPAN
6986,JH7,1109,"HINO MOTORS, LTD.",NULL,NULL,3,JAPAN
2487,1SU,1110,SUPREME CORPORATION,NULL,NULL,6,UNITED STATES (USA)
2494,1K9274,1115,KNAPHEIDE TRUCK EQUIPMENT COMPANY SOUTHWEST,NULL,NULL,6,UNITED STATES (USA)
3762,4C9147,1116,"COLLINS WELDING, INC.",NULL,NULL,6,UNITED STATES (USA)
2507,15G,1118,GILLIG LLC,NULL,NULL,6,UNITED STATES (USA)
2524,46G,1118,GILLIG LLC,NULL,NULL,6,UNITED STATES (USA)
2573,4C9207,1119,CHAMPION TRIKE MANUFACTURING INC.,NULL,NULL,6,UNITED STATES (USA)
2584,57D,1120,"CHAMPION TELECOM, INC.",NULL,NULL,6,UNITED STATES (USA)
2580,4C9346,1121,"CHAMPION BRIDGE CO., INC.",NULL,NULL,6,UNITED STATES (USA)
2577,4C9332,1122,"Champion Trailers, Inc.",NULL,NULL,6,UNITED STATES (USA)
2567,5VD,1123,MICRO-LITE TRAILER MFG. LLC,NULL,NULL,6,UNITED STATES (USA)
2488,4P1,1124,PIERCE MANUFACTURING INC.,NULL,NULL,NULL,NULL
2512,1P9073,1124,PIERCE MANUFACTURING INC.,NULL,NULL,6,UNITED STATES (USA)
5813,1M8,1126,"MOTOR COACH INDUSTRIES, INC.",NULL,NULL,6,UNITED STATES (USA)
5816,3BM,1126,"MOTOR COACH INDUSTRIES, INC.",NULL,NULL,12,MEXICO
2499,4T9145,1127,TURTLEBACK TRAILERS LLC,NULL,NULL,6,UNITED STATES (USA)
2513,NLT,1129,TEMSA SKODA SABANCI ULASIM ARACLARI A.S.,NULL,NULL,13,TURKEY
2376,LPR,1130,YAMAHA MOTOR CORPORATION,NULL,NULL,4,TAIWAN
2400,9C6,1130,YAMAHA MOTOR CORPORATION,NULL,NULL,NULL,NULL
2401,LBP,1130,YAMAHA MOTOR CORPORATION,NULL,NULL,NULL,NULL
6702,JY4,1130,YAMAHA MOTOR CORPORATION,NULL,NULL,3,JAPAN
6703,5Y4,1130,YAMAHA MOTOR CORPORATION,NULL,NULL,6,UNITED STATES (USA)
7002,MH3,1130,YAMAHA MOTOR CORPORATION,NULL,NULL,6,UNITED STATES (USA)
7067,VG5,1130,YAMAHA MOTOR CORPORATION,NULL,NULL,6,UNITED STATES (USA)
7660,97N,1131,TRIUMPH MOTORCYCLES (AMERICA) LIMITED,NULL,NULL,18,BRAZIL
2413,5VP,1132,POLARIS INDUSTRIES INC.,NULL,NULL,NULL,NULL
2414,52C,1132,POLARIS INDUSTRIES INC.,NULL,NULL,NULL,NULL
2417,57X,1132,POLARIS INDUSTRIES INC.,NULL,NULL,NULL,NULL
2418,5AS,1132,POLARIS INDUSTRIES INC.,NULL,NULL,NULL,NULL
13504,S21,1132,POLARIS INDUSTRIES INC.,NULL,NULL,6,UNITED STATES (USA)
6699,4XA,1132,POLARIS INDUSTRIES INC.,NULL,NULL,NULL,NULL
12551,3NE,1132,POLARIS INDUSTRIES INC.,NULL,NULL,12,MEXICO
12552,3NS,1132,POLARIS INDUSTRIES INC.,NULL,NULL,12,MEXICO
12553,TAP,1132,POLARIS INDUSTRIES INC.,NULL,NULL,39,POLAND
13243,SN1,1132,POLARIS INDUSTRIES INC.,NULL,NULL,6,UNITED STATES (USA)
2375,ZDM,1133,"DUCATI MOTOR HOLDING S.p.A. ",NULL,NULL,9,ITALY
2409,2BV,1134,"BOMBARDIER RECREATIONAL PRODUCTS INC ",NULL,NULL,NULL,NULL
2410,2BX,1134,"BOMBARDIER RECREATIONAL PRODUCTS INC ",NULL,NULL,1,CANADA
2412,2BW,1134,"BOMBARDIER RECREATIONAL PRODUCTS INC ",NULL,NULL,NULL,NULL
7565,2B9124,1134,"BOMBARDIER RECREATIONAL PRODUCTS INC ",NULL,NULL,1,CANADA
7566,2BZ,1134,"BOMBARDIER RECREATIONAL PRODUCTS INC ",NULL,NULL,1,CANADA
2411,RFV,1135,MOTIVE POWER INDUSTRY CO. LTD.,NULL,NULL,NULL,NULL
2420,1G9437,1136,GENUINE JACKS MANUFACTURING INC,NULL,NULL,6,UNITED STATES (USA)
2451,YS3,1137,"SAAB CARS NORTH AMERICA, INC.",NULL,NULL,23,SWEDEN
2441,ZGU,1139,MOTO GUZZI S.P.A,NULL,NULL,9,ITALY
2436,1V9155,1140,VICTORY SWEEPERS INC,NULL,NULL,6,UNITED STATES (USA)
2495,1V9178,1141,VICTORY INDUSTRIAL PRODUCTS,NULL,NULL,6,UNITED STATES (USA)
2498,564,1142,KTLL Group LLC dBa VICTORY TRAILERS,NULL,NULL,6,UNITED STATES (USA)
6353,1V9175,1142,KTLL Group LLC dBa VICTORY TRAILERS,NULL,NULL,6,UNITED STATES (USA)
2506,1R9590,1144,ROCKET ROGERS VICTORY OLD 97 CHOPPERS INC,NULL,NULL,6,UNITED STATES (USA)
2381,5YF,1145,"TOYOTA MOTOR MANUFACTURING, MISSISSIPPI, INC.",NULL,NULL,6,UNITED STATES (USA)
6751,7F8,14275,EMPIRE CARGO TRAILERS,NULL,NULL,6,UNITED STATES (USA)
6813,3H3,14282,"HYUNDAI DE MEXICO, S.A. DE C.V.",NULL,NULL,12,MEXICO
3198,3A9220,14284,"AUTOTANQUES Y TOLVAS TROY, S.A. DE C.V.",NULL,NULL,12,MEXICO
5096,3P9033,14286,PROFAB MEX SA. DE CV.,NULL,NULL,12,MEXICO
6752,1P9766,14318,PRUITT EQUIPMENT LLC,NULL,NULL,6,UNITED STATES (USA)
14414,3S9129,14328,"SVIFFLUG, S. DE R.L. DE C.V.",NULL,NULL,12,MEXICO
6697,1R9450,14333,"ROKON INTERNATIONAL, INC.",NULL,NULL,6,UNITED STATES (USA)
7170,1YJ,14333,"ROKON INTERNATIONAL, INC.",NULL,NULL,6,UNITED STATES (USA)
2384,MLH,14337,"THAI HONDA CO., LTD.",NULL,NULL,30,THAILAND
5206,3T9054,14340,"TRACTOREMOLQUES Y ADAPTACIONES, SA DE CV",NULL,NULL,12,MEXICO
4199,3M9054,14341,MC GUBER,NULL,NULL,12,MEXICO
6748,4C9417,14367,"COX FABRICATION, INC.",NULL,NULL,6,UNITED STATES (USA)
2201,ZHW,14379,AUTOMOBILI LAMBORGHINI SPA,NULL,NULL,9,ITALY
5933,ZA9A12,14379,AUTOMOBILI LAMBORGHINI SPA,NULL,NULL,9,ITALY
11557,ZPB,14379,AUTOMOBILI LAMBORGHINI SPA,NULL,NULL,6,UNITED STATES (USA)
12468,6P1,14408,KIMBERLEY KAMPERS MANUFACTURING PTY. LTD.,NULL,NULL,14,AUSTRALIA
6746,7FB,14420,LEGEND-WIDE TECHNOLOGY INC. D/B/A AERO MOTORS GROUP ( AMG ),NULL,NULL,6,UNITED STATES (USA)
6745,2T9196,14421,TUFF BUILT PRODUCTS INC.,NULL,NULL,1,CANADA
5815,2M9058,14430,MOTOR COACH INDUSTRIES LIMITED,NULL,NULL,1,CANADA
7200,2MG,14430,MOTOR COACH INDUSTRIES LIMITED,NULL,NULL,1,CANADA
14561,L5D,14432,GUANGDONG DAFU MOTORCYCLE CO LTD.,NULL,NULL,8,CHINA
6744,4T9176,14447,"TEXAS WIDE WELDING & SERVICES, LLC.",NULL,NULL,6,UNITED STATES (USA)
4327,3A9116,14451,"OLYMPIC TRAILERES & TRUCKBEDS, SA DE CV",NULL,NULL,12,MEXICO
5538,3T9210,14454,TRIGO SELECT PREFABRICADOS S. DE R.L. DE C.V.,NULL,NULL,12,MEXICO
4496,ZGZ,14455,OXYGEN S.P.A,NULL,NULL,9,ITALY
6781,WKK,14460,DAIMLER BUSES GMBH,NULL,NULL,6,UNITED STATES (USA)
13032,WEB,14460,DAIMLER BUSES GMBH,NULL,NULL,2,GERMANY
4644,ZAP,14462,PIAGGIO & C.S.P.A.,NULL,NULL,9,ITALY
6935,VTH,14463,NACIONAL MOTOR S.A.U.,NULL,NULL,26,SPAIN
3010,3B9022,14474,BIG LOWBOY S DE RL DE CV,NULL,NULL,12,MEXICO
6917,4M9023,14485,MOGI MFG,NULL,NULL,6,UNITED STATES (USA)
6919,1N9359,14486,NILFISK PRESSURE-PRO LLC,NULL,NULL,6,UNITED STATES (USA)
3888,VME,14501,FAUTRAS HORSE TRAILERS (JLFD PRODUCTION),NULL,NULL,11,FRANCE
6780,1JJ,14508,WABASH NATIONAL CORPORATION,NULL,NULL,6,UNITED STATES (USA)
4779,TK9SD7,14536,RHC specialni privesy,NULL,NULL,48,CZECH REPUBLIC
12570,1F9FT1,14541,"SEAGRAVE FIRE APPARATUS, LLC",NULL,NULL,6,UNITED STATES (USA)
12573,1F9ST2,14541,"SEAGRAVE FIRE APPARATUS, LLC",NULL,NULL,6,UNITED STATES (USA)
13622,1F9ST1,14541,"SEAGRAVE FIRE APPARATUS, LLC",NULL,NULL,6,UNITED STATES (USA)
13623,1F9FT2,14541,"SEAGRAVE FIRE APPARATUS, LLC",NULL,NULL,6,UNITED STATES (USA)
5142,3T9138,14547,"T&R TALLERES, S.A. DE C.V.",NULL,NULL,12,MEXICO
2303,JNA,14584,UD Trucks Corporation,NULL,NULL,3,JAPAN
2304,JNE,14584,UD Trucks Corporation,NULL,NULL,3,JAPAN
7969,JPA,14584,UD Trucks Corporation,NULL,NULL,3,JAPAN
7970,JPE,14584,UD Trucks Corporation,NULL,NULL,3,JAPAN
12054,JPB,14584,UD Trucks Corporation,NULL,NULL,3,JAPAN
4582,LYS,14588,"NANJING VMOTO MANUFACTURING CO., LTD.",NULL,NULL,8,CHINA
4314,2NV,14596,NOVA BUS INC.,NULL,NULL,1,CANADA
2415,3CE,14597,"VOLVO GROUP MEXICO, S.A. DE C.V.",NULL,NULL,12,MEXICO
6783,4T9204,14605,TRANSPORT CUSTOM DESIGNS LLC,NULL,NULL,6,UNITED STATES (USA)
2380,JYA,14610,"Yamaha Motor Co., Ltd.",NULL,NULL,3,JAPAN
13242,JYE,14610,"Yamaha Motor Co., Ltd.",NULL,NULL,3,JAPAN
3164,LGX,14611,"BYD AUTO CO., LTD.",NULL,NULL,8,CHINA
6914,1G9519,14625,"GROOVY ADVENTURES, INC. DBA SLEEP AND GO",NULL,NULL,6,UNITED STATES (USA)
6784,4M9018,14627,MIGUEL'S TRUCKS AND TRAILERS SALES INC.,NULL,NULL,6,UNITED STATES (USA)
6921,1Z9508,14646,"IRON MEN INDUSTRIES INC ",NULL,NULL,6,UNITED STATES (USA)
6911,1G9518,14652,"GENAVE/NRC, INC.",NULL,NULL,6,UNITED STATES (USA)
6821,1Z9496,14659,OKIE BUILT TRAILERS LLC,NULL,NULL,6,UNITED STATES (USA)
6910,4C9421,14661,"CAGED CROW FABRICATION, LLC",NULL,NULL,6,UNITED STATES (USA)
6908,4S9405,14664,SPECIALTY PERFORMANCE,NULL,NULL,6,UNITED STATES (USA)
7553,SVE,14671,GOVECS AG,NULL,NULL,39,POLAND
6704,WF0,14678,FORD WERKE AG,NULL,NULL,2,GERMANY
7360,WF1,14678,FORD WERKE AG,NULL,NULL,2,GERMANY
6896,1Z9510,14679,"ZERO4OUTDOORS, LLC",NULL,NULL,6,UNITED STATES (USA)
6920,1F9457,14688,"FLEX TRAILERS, LLC",NULL,NULL,6,UNITED STATES (USA)
2387,RLH,14691,"HONDA VIETNAM CO., LTD.",NULL,NULL,38,VIETNAM
6829,1W9579,14698,Wastebuilt Environmental Solutions LLC,NULL,NULL,6,UNITED STATES (USA)
6909,1R9808,14700,"RELIC CUSTOM TRAILERS, LLC",NULL,NULL,6,UNITED STATES (USA)
4841,WGG,14706,"GGC-GLOBAL GENERATION CULT, GMBH",NULL,NULL,6,UNITED STATES (USA)
6786,1R9792,14711,Release Industrial Technology LLC,NULL,NULL,6,UNITED STATES (USA)
13911,4M9117,14713,MARQUEZ BROTHERS INC.,NULL,NULL,6,UNITED STATES (USA)
6787,4A9014,14716,"Ag Dryer Services, Inc.",NULL,NULL,6,UNITED STATES (USA)
6788,4M9017,14718,MIDWEST TRAILER MANUFACTURING LLC,NULL,NULL,6,UNITED STATES (USA)
3364,3G9031,14726,"GRECER, SA DE CV",NULL,NULL,12,MEXICO
12712,2H9096,14742,CAMBLI GROUP INC.,NULL,NULL,1,CANADA
12713,2P9027,14742,CAMBLI GROUP INC.,NULL,NULL,1,CANADA
6839,50W,14756,"KACE TRAILERS, LLC",NULL,NULL,6,UNITED STATES (USA)
7197,57S,14773,LIGHTNING MOTORS CORP,NULL,NULL,6,UNITED STATES (USA)
6906,4B9110,14778,BIG JOHN MANUFACTURING CORPORATION,NULL,NULL,6,UNITED STATES (USA)
6690,9C2,14782,MOTO HONDA DA AMAZONIA LTDA.,NULL,NULL,18,BRAZIL
2386,LAL,14790,"SUNDIRO HONDA MOTORCYCLE CO., LTD.",NULL,NULL,8,CHINA
6902,1D9774,14793,DIAMOND K CORPORATION,NULL,NULL,6,UNITED STATES (USA)
2433,ZFF,14805,FERRARI S.P.A.,NULL,NULL,9,ITALY
13640,ZSG,14805,FERRARI S.P.A.,NULL,NULL,9,ITALY
6885,R1S,14817,GREENMAN MACHINERY GROUP(HK)LIMITED,NULL,NULL,8,CHINA
6905,1Z9512,14825,INDIGAN,NULL,NULL,6,UNITED STATES (USA)
6903,1F9462,14827,"FERGUSON FARMS, INC",NULL,NULL,6,UNITED STATES (USA)
6852,1J9447,14828,"JDC ENTERPRISES, INC.",NULL,NULL,6,UNITED STATES (USA)
6904,3P9038,14842,"PRO FAB US, S.A. DE C.V.",NULL,NULL,12,MEXICO
13155,3F8,14842,"PRO FAB US, S.A. DE C.V.",NULL,NULL,NULL,NULL
7340,2C9207,14844,"CAM-CONCEPT, INC.",NULL,NULL,1,CANADA
6900,1Z9487,14854,801 TRAILER MANUFACTURING,NULL,NULL,6,UNITED STATES (USA)
8655,3E9048,14857,"Empresas Y Equipos Industriales, S.A. De C.V.",NULL,NULL,12,MEXICO
6881,3AW,14859,FRUEHAUF DE MEXICO S.A. DE C.V.,NULL,NULL,12,MEXICO
7202,2G9098,14861,GRANDE WEST TRANSPORTATION INTERNATIONAL LTD.,NULL,NULL,1,CANADA
6789,4M9027,14862,MUNNS MANUFACTURING INC,NULL,NULL,6,UNITED STATES (USA)
6901,4C9419,14863,"CYPRESS CREEK MOTORSPORTS II, LLC",NULL,NULL,6,UNITED STATES (USA)
6899,1E9566,14871,EISEN MOTOR COMPANY,NULL,NULL,6,UNITED STATES (USA)
14412,LFU,14878,"LIFENG GROUP CO., LTD.",NULL,NULL,NULL,NULL
6804,4B9112,14885,BG CYCLES,NULL,NULL,6,UNITED STATES (USA)
11568,3S9097,14898,"Semiremolques el Paisano, S.A. de C.V.",NULL,NULL,6,UNITED STATES (USA)
7211,3C9127,14911,"Trailers Concar De Mexico, S. de R.L. de C.V.",NULL,NULL,12,MEXICO
1995,SCF,956,ASTON MARTIN LAGONDA LIMITED,440,Aston Martin,5,UNITED KINGDOM (UK)
1998,5YJ,955,"TESLA, INC.",441,Tesla,6,UNITED STATES (USA)
1996,SAJ,1079,JAGUAR LAND ROVER LIMITED,442,Jaguar,5,UNITED KINGDOM (UK)
2000,ZAM,15956,MASERATI S.P.A.,443,Maserati,9,ITALY
1997,SAL,1079,JAGUAR LAND ROVER LIMITED,444,Land Rover,5,UNITED KINGDOM (UK)
2002,SCA,960,ROLLS ROYCE MOTOR CARS,445,Rolls-Royce,5,UNITED KINGDOM (UK)
1999,546,961,BUELL MOTORCYCLE CO.,446,BUELL (EBR),6,UNITED STATES (USA)
2001,LAA,14273,"SHANGHAI JIALING VEHICLE CO., LTD.",447,Jialing,8,CHINA
2003,WDZ,964,"MERCEDES-BENZ USA, LLC (SPRINTER)",449,Mercedes-Benz,2,GERMANY
2005,WD4,1023,"MERCEDES-BENZ, AG",449,Mercedes-Benz,2,GERMANY
2007,WD3,1023,"MERCEDES-BENZ, AG",449,Mercedes-Benz,2,GERMANY
2009,WDA,1023,"MERCEDES-BENZ, AG",449,Mercedes-Benz,2,GERMANY
2163,4UZ,1025,FREIGHTLINER CUSTOM CHASSIS CORP.,450,Freightliner,6,UNITED STATES (USA)
2172,1FU,1024,DAIMLER TRUCK NORTH AMERICA LLC,450,Freightliner,6,UNITED STATES (USA)
2173,1FV,1024,DAIMLER TRUCK NORTH AMERICA LLC,450,Freightliner,6,UNITED STATES (USA)
2004,WCD,1146,DAIMLER CHRYSLER AG,450,Freightliner,2,GERMANY
2006,WDR,1146,DAIMLER CHRYSLER AG,450,Freightliner,2,GERMANY
2008,WDY,1146,DAIMLER CHRYSLER AG,450,Freightliner,2,GERMANY
2010,WDP,1146,DAIMLER CHRYSLER AG,450,Freightliner,2,GERMANY
2174,3AK,23472,DAIMLER VEHÍCULOS COMERCIALES MÉXICO S. DE R.L. DE C.V.,450,Freightliner,12,MEXICO
2175,3AL,23472,DAIMLER VEHÍCULOS COMERCIALES MÉXICO S. DE R.L. DE C.V.,450,Freightliner,12,MEXICO
2011,1F9434,965,FULMER FABRICATIONS,451,Fulmer Fabrications,6,UNITED STATES (USA)
2012,WBA,966,BMW AG,452,BMW,2,GERMANY
2014,WBX,966,BMW AG,452,BMW,2,GERMANY
2158,5UM,966,BMW AG,452,BMW,2,GERMANY
2013,WBS,967,BMW M GMBH,452,BMW,2,GERMANY
2016,4US,968,BMW MANUFACTURER CORPORATION / BMW NORTH AMERICA,452,BMW,6,UNITED STATES (USA)
2019,5UX,968,BMW MANUFACTURER CORPORATION / BMW NORTH AMERICA,452,BMW,6,UNITED STATES (USA)
2020,5YM,968,BMW MANUFACTURER CORPORATION / BMW NORTH AMERICA,452,BMW,6,UNITED STATES (USA)
2023,WB1,972,BMW AG MOTORCYCLES,452,BMW,2,GERMANY
2018,1M9667,969,"MOTORCYCLE MACHINE SHOP SERVICES, LLC",453,Motorcycle Machine Shop Services,6,UNITED STATES (USA)
2022,VF9795,970,BUGATTI AUTOMOBILES S.A.S.,454,Bugatti,6,UNITED STATES (USA)
2021,1H9333,971,HOMBILT TRAILERS INC,455,Hombilt Trailers,6,UNITED STATES (USA)
2024,WMW,966,BMW AG,456,MINI,2,GERMANY
2025,1A9596,973,"AMERICAN CUSTOM GOLF CARS, INC",457,ACG,6,UNITED STATES (USA)
2026,1M9983,974,MOONLIGHT AUTO,458,Moonlight Choppers,6,UNITED STATES (USA)
2027,4C9240,975,COOPER CYCLES,459,Cooper Cycles,6,UNITED STATES (USA)
2028,1FA,976,FORD MOTOR COMPANY,460,Ford,6,UNITED STATES (USA)
2043,1FB,976,FORD MOTOR COMPANY,460,Ford,6,UNITED STATES (USA)
2044,1FC,976,FORD MOTOR COMPANY,460,Ford,6,UNITED STATES (USA)
2046,1FD,976,FORD MOTOR COMPANY,460,Ford,6,UNITED STATES (USA)
2032,2FA,977,"FORD MOTOR COMPANY OF CANADA, LTD.",460,Ford,1,CANADA
2047,1FM,976,FORD MOTOR COMPANY,460,Ford,6,UNITED STATES (USA)
2048,1FT,976,FORD MOTOR COMPANY,460,Ford,6,UNITED STATES (USA)
2051,5LD,976,FORD MOTOR COMPANY,460,Ford,6,UNITED STATES (USA)
2086,3FR,985,"BLUE DIAMOND TRUCK, S. DE R. L. DE C. V.",460,Ford,NULL,NULL
2087,NM0,986,"FORD OTOMOTIV SANAYI A.S., TURKEY",460,Ford,13,TURKEY
2049,2FM,977,"FORD MOTOR COMPANY OF CANADA, LTD.",460,Ford,1,CANADA
2035,3FA,979,"FORD MOTOR COMPANY, MEXICO",460,Ford,12,MEXICO
2031,1ZV,978,"AUTO ALLIANCE INTERNATIONAL, USA",460,Ford,6,UNITED STATES (USA)
2038,1L9534,980,"LATITUDE CAMPER COMPANY, LLC",461,Latitude,6,UNITED STATES (USA)
2039,4C9383,981,COUNTRY COACH CORPORATION,462,Country Coach,6,UNITED STATES (USA)
2040,2W9044,982,WESTWARD INDUSTRIES LTD.,463,Westward Industries,1,CANADA
2088,2LM,977,"FORD MOTOR COMPANY OF CANADA, LTD.",464,Lincoln,1,CANADA
2036,3LN,979,"FORD MOTOR COMPANY, MEXICO",464,Lincoln,12,MEXICO
2089,5LM,976,FORD MOTOR COMPANY,464,Lincoln,6,UNITED STATES (USA)
2033,2LN,977,"FORD MOTOR COMPANY OF CANADA, LTD.",464,Lincoln,1,CANADA
2041,2LJ,977,"FORD MOTOR COMPANY OF CANADA, LTD.",464,Lincoln,1,CANADA
2042,2L1,977,"FORD MOTOR COMPANY OF CANADA, LTD.",464,Lincoln,1,CANADA
2029,1LN,976,FORD MOTOR COMPANY,464,Lincoln,6,UNITED STATES (USA)
2030,1ME,976,FORD MOTOR COMPANY,465,Mercury,6,UNITED STATES (USA)
2034,2ME,977,"FORD MOTOR COMPANY OF CANADA, LTD.",465,Mercury,1,CANADA
2091,4M2,976,FORD MOTOR COMPANY,465,Mercury,6,UNITED STATES (USA)
2037,3ME,979,"FORD MOTOR COMPANY, MEXICO",465,Mercury,12,MEXICO
2045,SCC,983,LOTUS CARS LIMITED,466,Lotus,5,UNITED KINGDOM (UK)
2052,1G1,984,GENERAL MOTORS LLC,467,Chevrolet,6,UNITED STATES (USA)
2079,1GB,984,GENERAL MOTORS LLC,467,Chevrolet,6,UNITED STATES (USA)
2080,3GB,984,GENERAL MOTORS LLC,467,Chevrolet,12,MEXICO
2057,2G1,984,GENERAL MOTORS LLC,467,Chevrolet,1,CANADA
2073,1GN,984,GENERAL MOTORS LLC,467,Chevrolet,6,UNITED STATES (USA)
2074,2GN,984,GENERAL MOTORS LLC,467,Chevrolet,1,CANADA
2075,3GN,984,GENERAL MOTORS LLC,467,Chevrolet,12,MEXICO
2076,KL7,984,GENERAL MOTORS LLC,467,Chevrolet,NULL,NULL
2065,3GC,984,GENERAL MOTORS LLC,467,Chevrolet,12,MEXICO
2060,3G1,984,GENERAL MOTORS LLC,467,Chevrolet,12,MEXICO
2061,KL8,984,GENERAL MOTORS LLC,467,Chevrolet,NULL,NULL
2062,6G3,984,GENERAL MOTORS LLC,467,Chevrolet,NULL,NULL
2063,1GC,984,GENERAL MOTORS LLC,467,Chevrolet,6,UNITED STATES (USA)
2084,1GA,984,GENERAL MOTORS LLC,467,Chevrolet,6,UNITED STATES (USA)
2067,5GA,984,GENERAL MOTORS LLC,468,Buick,6,UNITED STATES (USA)
2069,KL4,984,GENERAL MOTORS LLC,468,Buick,NULL,NULL
2058,2G4,984,GENERAL MOTORS LLC,468,Buick,1,CANADA
2053,1G4,984,GENERAL MOTORS LLC,468,Buick,6,UNITED STATES (USA)
2054,1G6,984,GENERAL MOTORS LLC,469,Cadillac,6,UNITED STATES (USA)
2059,2G6,984,GENERAL MOTORS LLC,469,Cadillac,1,CANADA
2071,1GY,984,GENERAL MOTORS LLC,469,Cadillac,6,UNITED STATES (USA)
2083,2GE,984,GENERAL MOTORS LLC,469,Cadillac,1,CANADA
2072,3GY,984,GENERAL MOTORS LLC,469,Cadillac,12,MEXICO
2055,5G8,984,GENERAL MOTORS LLC,470,Holden,6,UNITED STATES (USA)
2056,1G0,984,GENERAL MOTORS LLC,471,Opel,6,UNITED STATES (USA)
2081,1GD,984,GENERAL MOTORS LLC,472,GMC,6,UNITED STATES (USA)
2082,3GD,984,GENERAL MOTORS LLC,472,GMC,12,MEXICO
2078,2GK,984,GENERAL MOTORS LLC,472,GMC,1,CANADA
2077,1GK,984,GENERAL MOTORS LLC,472,GMC,6,UNITED STATES (USA)
2064,1GT,984,GENERAL MOTORS LLC,472,GMC,6,UNITED STATES (USA)
2066,3GT,984,GENERAL MOTORS LLC,472,GMC,12,MEXICO
2085,1GJ,984,GENERAL MOTORS LLC,472,GMC,6,UNITED STATES (USA)
2090,4F2,976,FORD MOTOR COMPANY,473,Mazda,6,UNITED STATES (USA)
2101,JHL,987,"HONDA MOTOR CO., LTD.",474,Honda,NULL,NULL
2102,JH1,987,"HONDA MOTOR CO., LTD.",474,Honda,NULL,NULL
2151,JH2,987,"HONDA MOTOR CO., LTD.",474,Honda,3,JAPAN
2093,JHM,987,"HONDA MOTOR CO., LTD.",474,Honda,NULL,NULL
2152,1HF,988,"AMERICAN HONDA MOTOR CO., INC.",474,Honda,6,UNITED STATES (USA)
2153,YC1,988,"AMERICAN HONDA MOTOR CO., INC.",474,Honda,22,BELGIUM
2094,1HG,988,"AMERICAN HONDA MOTOR CO., INC.",474,Honda,6,UNITED STATES (USA)
2095,5KB,988,"AMERICAN HONDA MOTOR CO., INC.",474,Honda,6,UNITED STATES (USA)
2099,19X,988,"AMERICAN HONDA MOTOR CO., INC.",474,Honda,6,UNITED STATES (USA)
2097,SHH,991,"HONDA OF THE U.K. MFG., LTD.",474,Honda,5,UNITED KINGDOM (UK)
2118,SHS,991,"HONDA OF THE U.K. MFG., LTD.",474,Honda,5,UNITED KINGDOM (UK)
2098,3HG,992,"HONDA DE MEXICO, S.A. DE C.V.",474,Honda,12,MEXICO
2119,3CZ,992,"HONDA DE MEXICO, S.A. DE C.V.",474,Honda,12,MEXICO
2154,3H1,992,"HONDA DE MEXICO, S.A. DE C.V.",474,Honda,12,MEXICO
2106,5J7,988,"AMERICAN HONDA MOTOR CO., INC.",474,Honda,6,UNITED STATES (USA)
2104,5J6,988,"AMERICAN HONDA MOTOR CO., INC.",474,Honda,6,UNITED STATES (USA)
2109,5FN,988,"AMERICAN HONDA MOTOR CO., INC.",474,Honda,6,UNITED STATES (USA)
2111,5FP,988,"AMERICAN HONDA MOTOR CO., INC.",474,Honda,6,UNITED STATES (USA)
2096,2HG,990,"HONDA OF CANADA MFG., A DIVISION OF HONDA CANADA INC.",474,Honda,1,CANADA
2114,2HK,990,"HONDA OF CANADA MFG., A DIVISION OF HONDA CANADA INC.",474,Honda,1,CANADA
2116,2HJ,990,"HONDA OF CANADA MFG., A DIVISION OF HONDA CANADA INC.",474,Honda,1,CANADA
2117,2HU,990,"HONDA OF CANADA MFG., A DIVISION OF HONDA CANADA INC.",475,Acura,1,CANADA
2115,2HN,990,"HONDA OF CANADA MFG., A DIVISION OF HONDA CANADA INC.",475,Acura,1,CANADA
2113,2HH,990,"HONDA OF CANADA MFG., A DIVISION OF HONDA CANADA INC.",475,Acura,1,CANADA
2112,5FS,988,"AMERICAN HONDA MOTOR CO., INC.",475,Acura,6,UNITED STATES (USA)
2110,5FR,988,"AMERICAN HONDA MOTOR CO., INC.",475,Acura,6,UNITED STATES (USA)
2105,5J8,988,"AMERICAN HONDA MOTOR CO., INC.",475,Acura,6,UNITED STATES (USA)
2108,5KC,988,"AMERICAN HONDA MOTOR CO., INC.",475,Acura,6,UNITED STATES (USA)
2103,19U,988,"AMERICAN HONDA MOTOR CO., INC.",475,Acura,6,UNITED STATES (USA)
2100,JH4,987,"HONDA MOTOR CO., LTD.",475,Acura,NULL,NULL
2120,1B3,994,FCA US LLC,476,Dodge,NULL,NULL
2137,1D7,994,FCA US LLC,476,Dodge,6,UNITED STATES (USA)
2138,1D6,994,FCA US LLC,476,Dodge,6,UNITED STATES (USA)
2122,2B3,995,FCA CANADA INC.,476,Dodge,1,CANADA
2143,1D4,994,FCA US LLC,476,Dodge,6,UNITED STATES (USA)
2140,3D7,1002,CHRYSLER DE MEXICO TOLUCA,476,Dodge,12,MEXICO
2141,3D6,1002,CHRYSLER DE MEXICO TOLUCA,476,Dodge,12,MEXICO
2147,2D4,995,FCA CANADA INC.,476,Dodge,1,CANADA
2149,3D4,1002,CHRYSLER DE MEXICO TOLUCA,476,Dodge,12,MEXICO
2148,3A4,1002,CHRYSLER DE MEXICO TOLUCA,477,Chrysler,12,MEXICO
2123,2C3,995,FCA CANADA INC.,477,Chrysler,1,CANADA
2146,2A4,995,FCA CANADA INC.,477,Chrysler,6,UNITED STATES (USA)
2142,1A4,994,FCA US LLC,477,Chrysler,6,UNITED STATES (USA)
2121,1C3,994,FCA US LLC,477,Chrysler,6,UNITED STATES (USA)
2127,3N1,999,"NISSAN MEXICANA, S.A. DE C.V.",478,Nissan,12,MEXICO
2131,3N8,999,"NISSAN MEXICANA, S.A. DE C.V.",478,Nissan,12,MEXICO
2135,3N6,999,"NISSAN MEXICANA, S.A. DE C.V.",478,Nissan,12,MEXICO
2132,KNM,1000,"RENAULT SAMSUNG MOTORS CO., LTD",478,Nissan,15,SOUTH KOREA
2126,1N4,997,"NISSAN NORTH AMERICA, INC.",478,Nissan,6,UNITED STATES (USA)
2130,5N1,997,"NISSAN NORTH AMERICA, INC.",478,Nissan,6,UNITED STATES (USA)
2134,1N6,997,"NISSAN NORTH AMERICA, INC.",478,Nissan,6,UNITED STATES (USA)
2136,5BZ,997,"NISSAN NORTH AMERICA, INC.",478,Nissan,6,UNITED STATES (USA)
2125,JN1,996,"NISSAN MOTOR COMPANY, LTD",478,Nissan,3,JAPAN
2128,JN3,996,"NISSAN MOTOR COMPANY, LTD",478,Nissan,3,JAPAN
2129,JN8,996,"NISSAN MOTOR COMPANY, LTD",478,Nissan,3,JAPAN
2133,JN6,996,"NISSAN MOTOR COMPANY, LTD",478,Nissan,3,JAPAN
2124,1Z9101,998,QUEST MANUFACTURING,479,Quest Manufacturing,6,UNITED STATES (USA)
2139,1Z7,994,FCA US LLC,481,Mitsubishi,6,UNITED STATES (USA)
2150,2V4,995,FCA CANADA INC.,482,Volkswagen,1,CANADA
2144,1J4,994,FCA US LLC,483,Jeep,6,UNITED STATES (USA)
2145,1J6,994,FCA US LLC,483,Jeep,6,UNITED STATES (USA)
2155,5J5,1003,CLUB CAR LLC.,484,Club Car,6,UNITED STATES (USA)
2162,52M,1003,CLUB CAR LLC.,484,Club Car,6,UNITED STATES (USA)
2156,YV1,14914,VOLVO CAR CORPORATION,485,Volvo,23,SWEDEN
2157,YV4,14914,VOLVO CAR CORPORATION,485,Volvo,23,SWEDEN
2159,1G9267,1014,GOLF CARS OF ARIZONA,486,Golf Cars of Arizona,6,UNITED STATES (USA)
2160,4V4,1015,"VOLVO GROUP NORTH AMERICA, LLC",487,Volvo Truck,6,UNITED STATES (USA)
2161,4V5,1015,"VOLVO GROUP NORTH AMERICA, LLC",487,Volvo Truck,6,UNITED STATES (USA)
2164,4C9152,1026,COACHWORKS HOLDINGS INC,489,Coachworks,6,UNITED STATES (USA)
2165,4C9153,1026,COACHWORKS HOLDINGS INC,489,Coachworks,6,UNITED STATES (USA)
2166,4C9154,1026,COACHWORKS HOLDINGS INC,489,Coachworks,6,UNITED STATES (USA)
2167,1M1,1027,MACK TRUCKS INC.,490,Mack,6,UNITED STATES (USA)
2168,1M2,1027,MACK TRUCKS INC.,490,Mack,6,UNITED STATES (USA)
2170,1M3,1027,MACK TRUCKS INC.,490,Mack,6,UNITED STATES (USA)
2176,ZAR,4834,ALFA ROMEO S.P.A.,493,Alfa Romeo,9,ITALY
