KBA,WMI1,WMI2,Name,FullName,Location
0004,W09,W18,WUERZ,Bernd Würz,Pfinztal
0005,WMW,,BAYER.MOT.WERKE-BMW,BAYERISCHE MOTORENWERKE AG (PKW-MINI),MUENCHEN
0005,95V,,BAYER.MOT.WERKE-BMW,BAYERISCHE MOTORENWERKE AG,MÜNCHEN
0005,WBM,,BAYER.MOT.WERKE-BMW,BAYERISCHE MOTORENWERKE AG (KRAFTRAEDER),MUENCHEN
0005,WBS,,BAYER.MOT.WERKE-BMW,BAYERISCHE MOTORENWERKE AG (PERSONENKRAFTWAGEN),MUENCHEN
0005,WBW,,BAYER.MOT.WERKE-BMW,BAYERISCHE MOTORENWERKE AG (PERSONENKRAFTWAGEN),MUENCHEN
0005,WBX,,BAYER.MOT.WERKE-BMW,BAYERISCHE MOTORENWERKE AG (PERSONENKRAFTWAGEN),MUENCHEN
0005,WBY,,BAYER.MOT.WERKE-BMW,BAYERISCHE MOTORENWERKE AG (PERSONENKRAFTWAGEN),MUENCHEN
0005,WBZ,,BAYER.MOT.WERKE-BMW,BAYERISCHE MOTORENWERKE AG (PERSONENKRAFTWAGEN),MUENCHEN
0005,WB1,,BAYER.MOT.WERKE-BMW,BAYERISCHE MOTORENWERKE AG (KRAFTRAEDER),MUENCHEN
0005,WB3,,BAYER.MOT.WERKE-BMW,BAYERISCHE MOTORENWERKE AG (KRAFTRAEDER),MUENCHEN
0005,WB4,,BAYER.MOT.WERKE-BMW,BAYERISCHE MOTORENWERKE AG (KRAFTRAEDER),MUENCHEN
0005,WB5,,BAYER.MOT.WERKE-BMW,BAYERISCHE MOTORENWERKE AG (PERSONENKRAFTWAGEN),MUENCHEN
0005,WB6,,BAYER.MOT.WERKE-BMW,BAYERISCHE MOTORENWERKE AG (PERSONENKRAFTWAGEN),MÜNCHEN
0005,3MF,,BAYER.MOT.WERKE-BMW,BAYERISCHE MOTORENWERKE AG,MÜNCHEN
0005,WBA,,BAYER.MOT.WERKE-BMW,BAYERISCHE MOTORENWERKE AG (PERSONENWAGEN),MUENCHEN
0005,WMZ,,BAYER.MOT.WERKE-BMW,BAYERISCHE MOTORENWERKE AG (PKW-MINI),MUENCHEN
0005,WZ1,,BAYER.MOT.WERKE-BMW,BAYERISCHE MOTORENWERKE AG (PERSONENKRAFTWAGEN),MUENCHEN
0005,3MW,,BAYER.MOT.WERKE-BMW,BAYERISCHE MOTORENWERKE AG (PERSONENWAGEN),MUENCHEN
0005,4US,,BAYER.MOT.WERKE-BMW,BAYERISCHE MOTORENWERKE AG (PERSONENKRAFTWAGEN),MUENCHEN
0005,5UX,,BAYER.MOT.WERKE-BMW,BAYERISCHE MOTORENWERKE AG (PERSONENKRAFTWAGEN),MUENCHEN
0008,WDE,,DEERE (D),JOHN DEERE WERKE MANNHEIM (ZUGMASCHINEN),MANNHEIM
0008,WDE,,DEERE (D),JOHN DEERE WERKE ZWEIBRUECKEN (ARBEITSMASCHINEN),ZWEIBRUECKEN
0009,WDA,,DAIMLER-BENZ,DAIMLER BENZ AG (ALLE FZ-ARTEN),STUTTGART-UNTERTUERKHEIM
0009,WDB,,DAIMLER-BENZ,DAIMLER BENZ AG (ALLE FZ-ARTEN),STUTTGART-UNTERTUERKHEIM
0015,WFN,,FAUN-WERKE,FAUN-WERKE KARL SCHMIDT (NUTZFAHRZEUGE),NUERNBERG
0016,SNB,,BARKAS-VEB,VEB BARKAS-WERK,HAINICHEN/DDR
0023,WNH,,NUERNB.HERCULESWERKE,NUERNBERGER HERCULES-WERKE GMBH (KRAFTRAEDER),NUERNBERG
0027,W09,L52,LEVEN,LEVEN (ANHAENGER),KALDENKIRCHEN
0031,WMA,,MASCH.F.A-NUERNB-MAN,MASCHINENFABRIK AUGSBURG-NUERNBERG AG(NUTZFAHRZEUGE),MUENCHEN
0032,W09,M30,M+S,M+S BAUMECHANIK GMBH (ANHAENGER),HAGENOW
0035,W04,,OPEL,Adam Opel GmbH,Rüsselsheim am Main
0035,W08,,OPEL,Adam Opel GmbH,Rüsselsheim am Main
0035,WOL,,OPEL,Adam Opel GmbH,Rüsselsheim am Main
0035,W06,,OPEL,Adam Opel GmbH,Rüsselsheim am Main
0035,4GD,,OPEL,Adam Opel GmbH,Rüsselsheim am Main
0035,1G6,,OPEL,Adam Opel GmbH,Rüsselsheim am Main
0035,1G0,,OPEL,Adam Opel GmbH,Rüsselsheim am Main
0039,4GD,,OPEL,ADAM OPEL AG AUTOMOBILFABRIK (PERSONENKRAFTWAGEN),RUESSELSHEIM
0039,WOL,,OPEL,ADAM OPEL AG AUTOMOBILFABRIK (PKW/LKW),RUESSELSHEIM/MAIN U.BOCHUM
0039,W06,,OPEL,ADAM OPEL GmbH AUTOMOBILFABRIK (PERSONENWAGEN),RUESSELSHEIM/MAIN
0044,W09,H25,"HAAG,BENNO",BENNO HAAG FAHRZEUGBAU (ANHAENGER),WAGHAEUSEL
0045,W09,W19,WELCO,WELCO GMBH FERTIGUNGSTECHNIK (ANHAENGER),BUENDE
0047,W09,B25,BRANDL,T.BRANDL KG KAROSSERIEBAU (ANHAENGER),BAMBERG
0051,W09,S36,"STAIGER,WEIL",STAIGER FAHRZEUG-U.KAROSSERIEBAU GMBH (ANHAENGER),WEIL IM SCHOENBUCH
0053,W09,E18,"ERHARDT,DRESDEN",ERHARDT FAHRZEUGWERK DRESDEN GMBH (ANHAENGER),DRESDEN
0059,W09,M31,"MAYER,H.","KAROSSERIEBAU H.MAYER, INH.ERIK GEISELMANN (ANHAENGER)",TUTTLINGEN
0062,W09,G17,GODE,GODE METALLBAU GMBH (ANHAENGER),HATTEN-TWEELBAEKE
0063,W09,T21,TONNE,HEINZ TONNE LANDMASCHINEN GMBH & CO KG (ANHAENGER),NEERSTEDT
0064,WZW,,ZUENDAPP-WERKE,ZUENDAPP-WERKE GMBH (KRAFTRAEDER),MUENCHEN 8
0073,WPR,,PROGRESSWERK,PROGRESS-WERK OBERKIRCH AG (ANHAENGER),OBERKIRCH-STADELHOFEN/BADEN
0091,WKL,,KLOECKNER-H-DEUTZ,KLOECKNER-HUMBOLDT-DEUTZ AG (NUTZFAHRZEUG/ANHAENGER),KOELN-DEUTZ U.LAUINGEN
0093,W09,Z06,ZIEGLER,ALBERT ZIEGLER GMBH & CO KG (ANHAENGER),GIENGEN/BRENZ
0099,W09,E19,EVELS,EVELS KAROSSERIE-FAHRZEUGBAU GMBH (ANHAENGER),MUENSTER
0104,W09,H28,"HARMS, MARTIN",MARTIN HARMS GMBH KAROSSERIEBAU (ANHAENGER),HAMBURG-ALLERMOEHE
0121,W09,H12,HAMMELMANN,PAUL HAMMELMANN MASCHINENFABRIK GMBH,OELDE/WESTFALEN
0123,W09,G18,GEDA-DECHENTREITER,GEDA-DECHENTREITER MASCHINENBAU GMBH (ANHAENGER),ASBACH-BAEUMENHEIM
0126,W09,M24,MENSING,HEINRICH MENSING FAHRZEUGBAU (ANHAENGER),NORDSTEMMEN
0134,W09,006,OHLE,UWE OHLE SCHMIEDEMEISTER (ANHAENGER),PRONSTORF
0141,WJH,,CASE,CASE GERMANY GMBH (ZUGMASCHINEN),HEIDELBERG
0144,W09,W20,WILLIG,KURT WILLIG GMBH & CO KG (ANHAENGER),STRAUBING
0149,VAJ,,JENBACHER (A),JENBACHER WERKE AG,JENBACH (TIROL)/OESTERREICH
0151,W09,E23,EILERS,DIEDRICH EILERS GMBH FAHRZEUGBAU (ANHAENGER),VAREL-ALTJUERDEN
0153,W09,V12,VACHAL,MARKUS VACHAL FAHRZEUGBAU (ANHAENGER),CHAM
0154,SNR,,ROBUR,ROBUR-FAHRZEUG-ENGINEERING ZITTAU GMBH,ZITTAU
0154,WR0,,ROBUR,ROBUR-FAHRZEUG-ENGINEERING ZITTAU GMBH,ZITTAU
0155,W09,E26,ELLINGHAUS,ANTON ELLINGHAUS GMBH & CO (ANHAENGER),BECKUM/WESTFALEN
0161,W09,B81,"BRUNS,GEESTE",BERNH.BRUNS MASCHINENFABRIK,GEESTE KRS.MEPPEN
0162,WGU,,"GUTBROD,BUEBINGEN",GUTBROD AG (TRAKTOREN),SAARBRUECKEN-BUEBINGEN/SAAR
0171,W09,P14,PIPPIRS,HARTMUT PIPPIRS FAHRZEUGBAU (ANHAENGER),LEUTKIRCH IM ALLGAEU
0186,W09,B26,BRANDT,BRANDT-GETRAENKEFAHRZEUGBAU GMBH & CO KG (ANHAENGER),EXTERTAL-BOESINGFELD
0193,W09,K44,KAGERER,LUDWIG KAGERER ANHAENGERBAU,HAIMING
0199,W09,Z17,ZUNHAMMER,Zunhammer GmbH,Traunreut
0202,WAG,,"AUWAERTER,GOTTLOB",GOTTLOB AUWAERTER KG KAROSSERIE-U.FAHRZEUGBAU (BUS),STUTTGART-MOEHRINGEN
0211,W09,W21,WIELATH,GBR SIEGFRIED WIELATH MASCH.U.APPARATEBAU (ANH.),WANGEN HILTENSWEILER
0212,WBK,,"BOECKER,ALBERT",ALBERT BOECKER GMBH & CO KG (ANHAENGER),WERNE A.D.LIPPE
0214,W09,M63,"MUELLER,E.",E.MUELLER U.SOEHNE FAHRZEUGBAU (ANHAENGER),DINKELSBUEHL
0218,W09,S15,SCHANZLIN,SCHANZLIN TRAKTOREN UND MASCHINEN GMBH (ZUGMASCH.),WEISWEIL/BREISGAU
0220,W09,M97,MINIMAX,Minimax Mobile Services GmbH & Co. KG,Bad Urach
0221,WH0,,"HOLDER,METZINGEN",GEBRUEDER HOLDER GMBH (ZUGMASCHINEN),METZINGEN/BAYERN
0221,WH0,,"HOLDER,METZINGEN",Max Holder GmbH,Metzingen
0229,W09,G19,GRUENBERG,U.GRUENBERG ANHAENGERBAU GMBH,HAMBURG
0231,WTE,,THRUN-EICKER,THRUN-EICKER GMBH (CARAVAN),MUELHEIM/RUHR
0232,W09,W22,WEEKEN,KLAAS WEEKEN KFZ.-REPARATURWERKSTATT (ANHAENGER),LINDERN UEB.CLOPPENBURG
0234,VBP,,POETTINGER (A),POETTINGER Landtechnik GmbH,ALFELD/LEINE
0237,W09,M33,MILDNER,HELMUT MILDNER KAROSSERIE-U.FAHRZEUGBAU GMBH (ANH.),KARLSRUHE
0238,W09,G36,GAY,GAY & NATER INH.HELMUT NATER PKW ANHAENGERBAU,DUERRROEHRSDORF-DITTERSBACH
0239,W09,S40,SCHULZ,KLAUS SCHULZ KAROSSERIEBAU (ANHAENGER),MARKTSCHORGAST
0242,W09,B29,BRETTMEISTER,JOSEF BRETTMEISTER METALL-U.FAHRZEUGBAU (ANHAENGER),ROXHEIM U.HOFHEIM
0250,W09,R19,RWL,RWL RHEINISCH-WESTFAELISCHE LADENBAU GMBH(ANHAENGER),ESSEN
0252,W09,S78,STRAUSS,SIEGFRIED STRAUSS FAHRZEUGBAU (ANHAENGER),DINGELBE/HILDESHEIM
0253,W09,W38,"WELTE,UMKIRCH","WELTE FAHRZEUGBAU GMBH (ZUGMASCH., ARBEITSM.,ANH.)",UMKIRCH
0254,W09,S41,STOECKEL,KLAUS & HARTMUT STOECKEL GBR FZ-U.MASCHINENBAU(ANH.),ITTLINGEN
0264,W09,H91,HAAG,ARTHUR HAAG KAROSSERIEBAU-U.FAHRZEUGBAU (ANHAENGER),SEELBACH KRS.LAHR
0265,WKP,,KOEPER,HANS KOEPER FAHRZEUGBAU (ANHAENGER),FITZBECK KRS.STEINBURG
0266,W09,L61,LOWIS,Fahrzeugbau Lowis GmbH,Heinsberg
0267,WNE,,NEUSS,JOH.NEUSS FAHRZEUGBAU (ANHAENGER),THANNERS
0271,W09,S48,SCHLOEGL,ERICH SCHLOEGL FAHRZEUGBAU (ANHAENGER),PFARRKIRCHEN
0275,W09,C12,COSMOPOLITAN,COSMOPOLITAN KRAFTFAHRZEUG-U.HANDELS GMBH (PERSONENW),BAD OEYNHAUSEN
0277,W09,K46,KIESEWETTER,KROMBACHER ANHAENGER VERTRIEB KIESEWETTER,KREUTZTAL
0278,W09,HB3,HUEMME,FAHRZEUGBAU HUEMME-KARL ECKART,HUEMME KRS.HOFGEISMAR
0282,WLG,,LINDE-GUELDNER,"LINDE AKTIENGESELLSCHAFT, WERKSGRUPPE GUELDNER (ZM)",ASCHAFFENBURG
0285,W09,M26,"MEIER,BURGSTEMMEN",ARNOLD MEIER FAHRZEUGBAU GMBH & CO KG (ANHAENGER),BURGSTEMMEN/LEINE
0290,W09,S27,"SCHROEDER,WIESMOOR",SCHROEDER-FAHRZEUG-TECHNIK GMBH (ANHAENGER),WIESMOOR KRS.AURICH
0294,W09,H33,HALLER,FAHRZEUGBAU HALLER GMBH (ANHAENGER),STUTTGART-FEUERBACH
0297,W09,B28,BATHE,GEORG BATHE ANHAENGER-U.FAHRZEUGBAU,PADERBORN
0300,W09,H29,"HAUSER,R.",HAUSER ANHAENGER-VERTRIEB,HOHENTENGEN-BERGOESCHINGEN
0304,W09,G04,"GRAF,AUGUST",AUGUST GRAF KG (ANHAENGERBAU),NEUSTADT/WEINSTRASSE
0305,W09,K45,KOEPF,KOEPF-FAHRZEUGBAU GMBH (ANHAENGER),SCHEMMERBERG
0308,W09,K17,KLAGIE,"KLAGIE FAHRZEUGBAU,ERNST KLASEN (ANHAENGER)",MASBURG B.KOBLENZ
0322,W09,S42,SOETE,HORST SOETE ANHAENGERBAU,PR.OLDENDORF-HOLZHAUSEN
0323,WPB,,Pantherwerke,Pantherwerke AG,Löhne
0327,W09,P15,"PETERSEN,H.",HEINRICH PETERSEN GMBH & CO KG KAROSSERIE-U.FZG-BAU (ANH.),RISUM-LINDHOLM
0330,W09,K92,KOHR,CHRISTIAN KOHR GMBH FAHRZEUGTECHNIK (ANHAENGER),SIEGBURG
0331,W09,007,OBERMANN,FAHRZEUGBAU KARL OBERMANN KG (ANHAENGER),OSTERODE AM HARZ
0332,W09,F22,FORUS,FORUS GMBH (ANHAENGER),WAREN (MUERITZ)
0333,WHW,,HAKO,Hako GmbH,Bad Oldesloe
0333,WMU,,HAKO,Hako GmbH,Bad Oldesloe
0334,W09,L08,LEY,MASCHINENBAU LEY GMBH U.CO KG (ANHAENGER),SULINGEN/HANNOVER
0341,W09,H27,"HEINKEL, BLAUBEUREN",FAHRZEUGBAU HEINKEL KG (ANHAENGER),BLAUBEUREN-GERHAUSEN KRS.ULM
0345,WPU,,PUTZMEISTERWERK,PUTZMEISTER-WERK MASCHINENFABRIK GMBH (ANHAENGER),FILDERSTADT B.STUTTGART
0349,W09,H30,HKM,HKM ANHAENGERBAU ALTENBURG GMBH,ALTENBURG
0356,VGN,,HYMER (D),Hymer GmbH & Co. KG,Bad Waldsee
0356,WHY,,HYMER (D),Hymer GmbH & Co. KG,Bad Waldsee
0356,WHY,,HYMER (D),HYMER GMBH & CO KG FAHRZEUGBAU (CARAVAN),BAD WALDSEE
0364,W09,E09,EMMINGHAUS,FRITZ EMMINGHAUS MASCHINENFABRIK GMBH,KALLETAL
0369,W09,V13,VOSS,VOSS ANHAENGER,NEUMUENSTER
0373,W09,T22,TOLLENSE,TOLLENSE FAHRZEUG-U.ANLAGENBAU GMBH NEUBRANDENB.ANH.,NEUBRANDENBURG
0377,WEH,,EINHELL,HANS EINHELL AG,LANDAU/ISAR
0381,WKN,,KNAUS,KNAUS CARAVAN GMBH (ANHAENGER),JANDELSBRUNN
0381,WKM,,KNAUS,KNAUS CARAVAN GMBH (ANHAENGER),JANDELSBRUNN
0381,WKW,,KNAUS,KNAUS CARAVAN GMBH (ANHAENGER),JANDELSBRUNN
0381,WKT,,KNAUS,KNAUS CARAVAN GMBH (ANHAENGER),JANDELSBRUNN
0386,W09,H62,"HARTMANN,PAUL",F.HARTMANN FAHRZEUGBAU (ANHAENGER),KIRCHHEIM/NECKAR
0389,W09,K47,KORDES,ALOYS KORDES METALL-U.APPARATEBAU GMBH (ANHAENGER),HALEN
0390,W09,M34,"MENKE,SCHWARTAU",MENKE KAROSSERIE-U.FAHRZEUGBAU (ANHAENGER),BAD SCHWARTAU
0392,W09,S45,SCHNIER,FRIEDRICH SCHNIER FAHRZEUGBAU (ANHAENGER),OBERLETHE
0402,W09,H03,HERMANNS,HERMANNS NUTZFAHRZEUGE GMBH,KOELN
0404,WHE,,HEINEMANN,HEINEMANN FAHRZEUGBAU GMBH (ANHAENGER),KREUZTAL-KROMBACH
0406,W09,M56,MESSNER,FAHRZEUGHAUS MESSNER GMBH FAHRZEUGBAU (ANHAENGER),GROSSGUNDERTSHAUSEN
0419,W09,L25,LORENZ,LORENZ KAROSSERIE + LACK GMBH (ANHAENGER),WETTER
0420,W09,W23,"WOLF,H.-P.",WOLF FAHRZEUGBAU (ANHAENGER),NEUENSTEIN
0424,W09,D17,DINKEL,KURT DINKEL KAROSSERIE-FAHRZEUGBAU GMBH (ANHAENGER),WERTHEIM/MAIN
0434,W09,H32,HEIDE-WERKSTAETTEN,HEIDE-WERKSTAETTEN EV (ANHAENGER),WALSRODE
0435,WK0,,"KOEGEL,F.X.",F.X.KOEGEL GMBH & CO FAHRZEUGWERKE (ANHAENGER),ULM/DONAU
0436,WK3,,KAERCHER,Alfred Kärcher SE & Co. KG,Winnenden
0436,W09,K88,KAERCHER,Alfred Kärcher GmbH & Co. KG,Winnenden
0444,W09,N08,NIEHOFF,NIEHOFF KAROSSERIE-U.FAHRZEUGBAU GMBH & CO KG (ANH.),FUECHTORF (KR.WARENDORF)
0452,W09,K10,KIBO,KIBO KOMMUNALMASCHINEN GMBH & CO KG (KEHRMASCHINEN),HOHENBRUNN B.MUENCHEN
0454,W09,M35,MK SIEMER,WM SIEMER GMBH (ANHAENGER),BARSSEL
0456,W09,A21,"ALBRECHT,G.",ALBRECHT GMBH (PERSONENWAGEN),RATHENOW/NAUEN
0467,W09,S47,SEMMLER,SEMMLER ANHAENGERBAU,UELZEN
0468,W09,L26,LORENZEN,HERMANN LORENZEN (ANHAENGER),SANKELMARK
0469,W09,W24,WICK,Thomas Wick,Delmenhorst
0470,W09,M36,MITTERMAIR,FAHRZEUGBAU MITTERMAIR GMBH (ANHAENGER),FORSTERN
0471,W09,H34,HOEOETMANN,KAROSSERIEBAU H.GR.HOEOETMANN GMBH (ANHAENGER),BAD BENTHEIM
0472,W09,L27,LINDNER,GERD LINDNER KAROSSERIE-U.FAHRZEUGBAU (ANHAENGER),SIEGBURG
0475,WKG,,KRAMER-WERKE,Kramer-Werke GmbH,Pfullendorf
0477,W09,H35,HEERDEGEN,HEERDEGEN FAHRZEUGBAU GMBH (ANHAENGER),HOF
0478,W09,S49,SCHOLZ,SCHOLZ-ANHAENGER INH.KURT SCHOLZ,GEHRDEN OT.DITTERKE
0479,W09,E21,EXPRESSO,EXPRESSO-DEUTSCHLAND TRANSPORTGERAETE GMBH (ANH.),KASSEL
0481,WMC,,MAICO-FAHRZEUGFABRIK,MAICO-FAHRZEUGFABRIK GMBH HERRENBERG (KRAFTRAEDER),AMMERBUCH-2 PFAEFFINGEN
0484,W09,U03,UHRICH,MARTIN UHRICH (ANHAENGER),BUCHHOLZ I.D.NORDHEIDE
0487,W09,P19,PAMME,HEINZ PAMME GMBH FAHRZEUGBAU (ANHAENGER),DELBRUECK-HAGEN
0489,W09,F25,FREYE,METALL U.FAHRZEUGBAU ING.JOACHIM FREYE (ANHAENGER),SCHLANSTEDT
0492,WSA,,"SAURE,WILHELM",WILHELM SAURE WOHNWAGENBAU,SASSENBERG UEBER WARENDORF
0494,W09,H38,HEIT,DIETER HEIT FAHRZEUGBAU (ANHAENGER),WITTENBERGE
0496,W09,R05,RUTHMANN,RUTHMANN GMBH & CO,GESCHER
0499,W09,B73,"BERGMANN,L.",Ludwig Bergmann GmbH,GOLDENSTEDT
0500,W09,S74,"SCHMIDT,FRIEDRICH",FRIEDRICH SCHMIDT FAHRZEUGBAU (ANHAENGER),AROLSEN-SCHMILLINGHAUSEN
0501,VS9,335,ECKART,GEORG ECKART MASCHINENFABRIK,BERGEN/OBERBAYERN
0505,WBM,,BMW MOTORRAD,BMW MOTORRAD GMBH (KRAFTRAEDER),MUENCHEN
0507,W09,004,ORTEN,"ROBERT ORTEN GMBH & CO FAHRZEUGBAU,VERTRIEB (ANH.)",BERNKASTEL-KUES
0513,WHB,,HOBBY-WOHNWAGENWERK,HOBBY-WOHNWAGENWERK ING.H.STRIEWSKI GMBH,FOCKBEK
0514,W09,A22,AZ,AZ VERKAUFSFAHRZEUGE GMBH (ANHAENGER),SOTTRUM
0517,WXF,,"FENDT,XAVER",XAVER FENDT GMBH & CO (TRAKTOREN),MARKTOBERDORF
0518,WFX,,"FENDT,XAVER/ASBACH-B",XAVER FENDT & CO WERK 3 (ANHAENGER),ASBACH-BAEUMENHEIM
0519,WWE,,WEIPPERT,Weippert Wohnwagen,Kerken
0520,W09,R04,REIMANN,HELMUT REIMANN FALTWOHNWAGENBAU,ZELLINGEN/MAIN
0521,W09,R20,ROFA,ROFA ROSTOCKER FAHRZEUGBAU GMBH (ANHAENGER),ROSTOCK
0522,W09,L53,LEIBER,MASCHINENFABRIK LEIBER OHG,EMMINGEN AB EGG
0524,W09,S51,STROHL,KAROSSERIEBAU STROHL GMBH (ANHAENGER),BRUCHKOEBEL
0526,W09,B45,BOSSERT,HELMUT BOSSERT FAHRZEUGBAU (ANHAENGER),DORNHAN
0534,W09,H40,HEILSHORN,CHR.HEILSHORN FAHRZEUGBAU (ANHAENGER),OHZ-HEILSHORN
0536,W09,K50,KOLLER,FERDINAND KOLLER & SOHN GMBH & CO KG (ANHAENGER),CELLE
0537,W09,B32,BUTZEN FZ-BAU,FAHRZEUGBAU BUTZEN GMBH (ANHAENGER),BUTZEN
0538,W09,S53,SAB,"S.A.B STANDARD AGGREGATEBAU KG, EVERS & CO(ANHAENGER)",NORDERSTEDT
0541,W09,S39,SCHUTZ,"HEINZ SCHUTZ GMBH TRANSPORTGER., FAHRZEUGBAU (ANH.)",KIRCHLINTELN OT.BENDINGBOSTEL
0542,WFN,,ORENSTEIN & KOPPEL,O & K BAUMASCHINEN UND GEWINNUNGSTECHNIK (ARBEITSM.),"AUGSBURG,BUTZBACH"
0544,WEJ,,EICHER,EICHER GMBH (ZUGMASCHINEN),LANDAU
0547,WSL,,"SCHLUETER,ANTON","ANTON SCHLUETER MUENCHEN, WERK FREISING (TRAKTOREN)",FREISING
0549,W09,B33,BOECKER,KAROSSERIE-U.FAHRZEUGBAU BOECKER GMBH (ANHAENGER),LOHNE
0552,W09,G21,GOTHA ANH-BAU,ANHAENGERBAU GOTHA,GOTHA-OST
0553,TNT,,TATRA (CZ),TATRA TRUCKS a.s.,Koprivnice/Tschechische Republik
0553,TMT,,TATRA (CZ),TATRA a.s.,Koprivnice/Tschechische Republik
0553,TNU,,TATRA (CZ),TATRA TRUCKS a.s.,Koprivnice/Tschechische Republik
0554,W09,G22,GOTHAER FZ-WERK,GOTHAER FAHRZEUGWERK GMBH (ANHAENGER),GOTHA
0557,W09,M37,"MUELLER, NORTHEIM",FAHRZEUGBAU MUELLER GMBH (ANHAENGER),NORTHEIM
0562,W09,B35,"BACHERT, OSTERBURKEN",AUTO-BACHERT GMBH (ANHAENGER),OSTERBURKEN
0571,W09,L28,LAU,FAHRZEUGBAU HELMUT LAU (ANHAENGER),PILSTING-PEIGEN
0574,W09,W26,"WAGNER,DEININGEN",WAGNER FAHRZEUGBAU GMBH (ANHAENGER),DEININGEN
0575,WBS,,BMW MOTORSPORT,BMW MOTORSPORT GMBH (PERSONENWAGEN),MUENCHEN
0576,W09,T24,TATGENHORST,WILHELM TATGENHORST GMBH (ANHAENGER),WAGENFELD
0577,W09,W28,"WALTER,W.",WILHELM WALTER OHG FAHRZEUGBAU (ANHAENGER),TOENNING
0580,W09,S71,SAEBU-MORSBACH,SAEBU-MORSBACH GMBH (ANHAENGER),MORSBACH/SIEG
0581,W09,J11,JESSEN,JONAS JESSEN GMBH & CO KG KAROSSERIE-U.FAHRZEUGB.ANH,HAMBURG
0582,WAW,,AGRIA-WERKE,AGRIA-WERKE GMBH (TRAKTOREN/ARBEITSMASCHINEN),MOECKMUEHL/WUERTTEMBERG
0583,WP1,,PORSCHE,DR. ING. H.C. F. PORSCHE AG (PERSONENWAGEN),STUTTGART
0583,WP0,,PORSCHE,DR.ING.H.C.F.PORSCHE AG (PERSONENWAGEN),STUTTGART
0584,W09,W29,WIESE,WIESE NUTZFAHRZEUGE GMBH & CO KG (ANHAENGER),PETERSHAGEN
0585,W09,L29,LE CAR,LE CAR KAROSSERIE-U.FAHRZEUGB.INH.INES LEHMANN ANH.,LANGENHAGEN
0587,W09,A23,AVS,AVS NIEDERTREBRA GMBH (ANHAENGER),NIEDERTREBRA
0588,WAU,,AUDI,AUDI AG (PERSONENWAGEN),INGOLSTADT
0588,WA1,,AUDI,AUDI AG (PERSONENWAGEN),INGOLSTADT
0591,WAU,,AUDI NSU AUTO UNION,AUDI NSU AUTO UNION AG (PERSONENWAGEN),NECKARSULM
0593,W09,E22,ELSY,ELSY-ANHAENGER INH.OLAF ELSNER,LANGENHAGEN
0597,WKR,,KREIDLER,KREIDLER FAHRZEUGE GMBH & CO KG (KRAFTRAEDER),KORNWESTHEIM
0599,W09,T25,TROPPMANN,TROPPMANN (ANHAENGER),WEYHAUSEN
0600,3VV,,VOLKSWAGEN-VW (MEX),Volkswagen de Mexico SA de CV Multi Purpose Passenger Vehicl,Pueblo/Mexico
0600,AAV,,VOLKSWAGEN-VW,Volkswagen of South Africa Pty Ltd,Uitenhage/South Africa
0600,8AX,,VOLKSWAGEN-VW,,
0600,8AY,,VOLKSWAGEN-VW,,
0600,9BW,,VOLKSWAGEN-VW,,
0600,WV1,,VOLKSWAGEN-VW,VOLKSWAGEN AG,WOLFSBURG/HANNOVER
0600,WVW,,VOLKSWAGEN-VW,VOLKSWAGEN AG (PERSONENWAGEN),WOLFSBURG/HANNOVER
0600,8AW,,VOLKSWAGEN-VW,,
0600,8AV,,VOLKSWAGEN-VW,,
0600,3VW,,VOLKSWAGEN-VW (MEX),Volkswagen de Mexico SA de CV Passenger Car,Pueblo/Mexico
0600,WV2,,VOLKSWAGEN-VW,VOLKSWAGEN AG (KLEINBUSSE),WOLFSBURG/HANNOVER
0600,1V3,,VOLKSWAGEN-VWOA(USA),VOLKSWAGEN OF AMERICA (RESERVE),WARREN (MICHIGAN)/USA
0600,1V2,,VOLKSWAGEN-VWOA(USA),VOLKSWAGEN OF AMERICA (RESERVE),WARREN (MICHIGAN)/USA
0600,1V1,,VOLKSWAGEN-VWOA(USA),VOLKSWAGEN OF AMERICA (PICK UP TRUCK),WARREN (MICHIGAN)/USA
0600,1VW,,VOLKSWAGEN-VWOA(USA),Volkswagen of America(PASSENGER CAR),WARREN (MICHIGAN)/USA
0600,WV3,,VOLKSWAGEN-VW,VOLKSWAGEN AG,WOLFSBURG/HANNOVER
0603,WVH,,VOLKSWAGEN-VW,VOLKSWAGEN AG (RESERVE),WOLFSBURG
0603,WVN,,VOLKSWAGEN-VW,VOLKSWAGEN AG (RESERVE),WOLFSBURG
0603,WVO,,VOLKSWAGEN-VW,VOLKSWAGEN AG (RESERVE),WOLFSBURG
0603,WV1,,VOLKSWAGEN-VW,VOLKSWAGEN AG,WOLFSBURG
0603,WV2,,VOLKSWAGEN-VW,VOLKSWAGEN AG (KLEINBUSSE),WOLFSBURG
0603,WV3,,VOLKSWAGEN-VW,VOLKSWAGEN AG,WOLFSBURG
0603,WV4,,VOLKSWAGEN-VW,VOLKSWAGEN AG (RESERVE),WOLFSBURG
0603,WV5,,VOLKSWAGEN-VW,VOLKSWAGEN AG (RESERVE),WOLFSBURG
0603,WV6,,VOLKSWAGEN-VW,VOLKSWAGEN AG (RESERVE),WOLFSBURG
0603,WV7,,VOLKSWAGEN-VW,VOLKSWAGEN AG (RESERVE),WOLFSBURG
0603,WV8,,VOLKSWAGEN-VW,VOLKSWAGEN AG (RESERVE),WOLFSBURG
0603,XW8,,VOLKSWAGEN-VW,VOLKSWAGEN AG,WOLFSBURG
0603,3VW,,VOLKSWAGEN-VW,VOLKSWAGEN AG (RESERVE),WOLFSBURG
0603,WVW,,VOLKSWAGEN-VW,VOLKSWAGEN AG (PERSONENWAGEN),WOLFSBURG
0603,WVL,,VOLKSWAGEN-VW,VOLKSWAGEN AG (ZWEI- ODER DREIRÅDRIGE FAHRZEUGE),WOLFSBURG
0603,WVK,,VOLKSWAGEN-VW,VOLKSWAGEN AG (RESERVE),WOLFSBURG
0603,WVJ,,VOLKSWAGEN-VW,VOLKSWAGEN AG (RESERVE),WOLFSBURG
0603,WVG,,VOLKSWAGEN-VW,VOLKSWAGEN AG (RESERVE),WOLFSBURG
0603,WVA,,VOLKSWAGEN-VW,VOLKSWAGEN AG (RESERVE),WOLFSBURG
0603,WVC,,VOLKSWAGEN-VW,VOLKSWAGEN AG (RESERVE),WOLFSBURG
0603,WVD,,VOLKSWAGEN-VW,VOLKSWAGEN AG (RESERVE),WOLFSBURG
0603,WVE,,VOLKSWAGEN-VW,VOLKSWAGEN AG (RESERVE),WOLFSBURG
0603,WVF,,VOLKSWAGEN-VW,VOLKSWAGEN AG (RESERVE),WOLFSBURG
0603,WVB,,VOLKSWAGEN-VW,VOLKSWAGEN AG (RESERVE),WOLFSBURG
0604,W09,G23,GOTHAER FZ-ACHSEN,GFA GOTHAER FAHRZEUGACHSEN U.ANTRIEBSTECHN.GMBH(ANH),GOTHA
0607,W09,W32,WUNDERLE,HANS WUNDERLE FAHRZEUGBAU (ANHAENGER),RHEINFELDEN-HERTEN
0609,W09,B54,"BAUER,PETER",ZEPPELIN MOBILE SYSTEME GMBH BAUER FAHRZEUGBAU (ANH),KERPEN-SINDORF
0611,W09,B00,BENNINGHOVEN,Benninghoven GmbH & Co. KG,Mülheim/Mosel
0614,WBL,,BLUMHARDT,BLUMHARDT FAHRZEUGKONTOR GMBH & CO KG (ANHAENGER),WUPPERTAL-VOHWINKEL
0616,W09,B23,BUNGE,C.H.BUNGE KG GMBH & CO FAHRZEUGWERK (ANHAENGER),BREMEN-HEMELINGEN
0617,WAA,,"AUWAERTER,PAUL",PAUL AUWAERTER KG (ANHAENGER),SIMMOZHEIM KR.CALW
0618,WDT,,DETHLEFFS,Dethleffs GmbH & Co. KG,ISNY/ALLGAEU
0622,W09,D16,DOEHLE,CHR.DOEHLE FAHRZEUGBAU GMBH & CO KG (ANHAENGER),BREMEN
0623,W09,D04,"DOLL,EMIL",EMIL DOLL GMBH + CO KG FZ-U.KAROSSERIEBAU(ANHAENGER),OPPENAU/BADEN
0626,W09,S55,"SCHULZE,KARL",KARL SCHULZE FAHRZEUGBAU (ANHAENGER),BRAKEL-BELLERSEN
0631,WVM,,ARBEITSGEM.VW-M.A.N.,ARBEITSGEMEINSCHAFT VW - M.A.N. (LKW),"WOLFSBURG,MUENCHEN"
0637,WWW,,WESTFALIA-WERKE,WESTFALIA TRAILER GMBH (ANHAENGER),RHEDA-WIEDENBRUECK
0641,W09,W33,WISSNER,FAHRZEUGBAU WISSNER (ANHAENGER),UHINGEN
0642,WW0,,WOLFANGEL,H.WOLFANGEL KG (ANHAENGER),BAD WALDSEE
0645,W09,G29,GLOGGER,ADOLF GLOGGER FAHRZEUGFABRIK GMBH (ANHAENGER),NEUSAESS
0646,W09,G16,GOEBEL & SOHN,B.GOEBEL & SOHN GMBH KAROSSERIE-U.FAHRZEUGBAU (ANH.),ASCHAFFENBURG/MAIN
0648,W09,H51,HELLMERS,HELLMERS GMBH FAHRZEUGBAU (ANHAENGER),WITTSTOCK
0656,W09,M39,MOESLEIN,MOESLEIN FAHRZEUGBAU GMBH (ANHAENGER),SCHWEBHEIM
0657,WKK,,KAESSBOHRER,KARL KAESSBOHRER FZ-WERKE GMBH(NUTZFAHRZ./ANHAENGER),ULM/DONAU
0661,WLF,,LIEBHERR,Liebherr-Werk Ehingen GmbH,Ehingen
0661,WLH,,LIEBHERR,LIEBHERR-HYDRAULIKBAGGER GMBH (ARBEITSMASCHINEN),KIRCHDORF/ILLER
0661,WLT,,LIEBHERR,Liebherr-Werk Biberach GmbH,Biberach a.d.Riss
0661,W09,L05,LIEBHERR,LIEBHERR-WERK BIBERACH GMBH (ARBEITSMASCHINEN),BIBERACH A.D.RISS
0661,W09,L05,LIEBHERR,LIEBHERR-MISCHTECHNIK GMBH,BAD SCHUSSENRIED
0661,W09,L05,LIEBHERR,LIEBHERR-WERK EHINGEN GMBH (KRANBAU),EHINGEN (DONAU)
0665,W09,D14,"DAMMANN,H.","HERBERT DAMMANN GMBH (ZUGMASCHINEN, ANHAENGER)",Buxtehude
0666,W09,L19,LOOSEN,CARL LOOSEN GMBH & CO KG FAHRZEUGBAU (ANHAENGER),BINGEN-BUEDESHEIM
0667,W09,M04,"MACK,HEINRICH",HEINRICH MACK GMBH & CO (ANHAENGER),WALDKIRCH/BREISGAU
0668,W09,M44,MENGELE,KARL MENGELE & SOEHNE MASCHINENFABRIKEN GMBH (ANH.),GUENZBURG/DONAU
0669,W09,K51,KIEFER,Kiefer GmbH,Dorfen
0672,W09,M09,MEIERLING,ANHAENGER-U.FAHRZEUGBAU MEIERLING GMBH,HAGEN
0673,W09,M08,MEILLER,F.X. Meiller Fahrzeug- und Maschinenfabrik GmbH & Co. KG,München
0675,W09,M42,MAKOBEN,MAKOBEN KAROSSERIE-U.FAHRZEUGBAU GMBH (ANHAENGER),HOEHNDORF/KIEL
0678,W09,K52,KLOTZ & WEDEKIND,KLOTZ & WEDEKIND KAROSSERIEBAU GMBH (ANHAENGER),HAMBURG-WILHELMSBURG
0680,W09,S46,STEINWEG,HERMANN STEINWEG GMBH & CO KG (ANHAENGER),WERNE A.D.LIPPE
0686,W09,G24,GOSSENS+KUSENBERG,GOSSENS+KUSENBERG FAHRZEUG-U.METALLBAU (ANHAENGER),WIEHL/BOMIG
0695,W09,S57,"SCHROEDER,UDO",UDO SCHROEDER KFZ-MEISTERBETRIEB INH.M.BUESCHKER,RHEINE
0698,WSM,,SCHMITZ,SCHMITZ-CARGOBULL FAHRZEUGBAU AKTIENGESELLSCHAFT,ALTENBERGE
0700,W09,S37,SCHOMAECKER,HEINRICH SCHOMAECKER GMBH & CO FAHRZEUGBAU (ANH.),HAMBURG
0701,W09,S58,SCHNEPPENHORST,KAROSSERIE-U.FAHRZEUGB.SIEGFRIED SCHNEPPENHORST ANH.,KALKAR
0708,WD7,,DAIMLERCHRYSLER (D),DAIMLERCHRYSLER AG,STUTTGART-UNTERTUERKHEIM
0708,WD4,,DAIMLERCHRYSLER (D),DAIMLERCHRYSLER AG (BUS),STUTTGART-UNTERTUERKHEIM
0708,WDB,,DAIMLERCHRYSLER (D),"DAIMLERCHRYSLER AG (PERSONEN,NUTZFAHRZEUGE)",STUTTGART-UNTERTUERKHEIM
0708,WDP,,DAIMLERCHRYSLER (D),DAIMLERCHRYSLER AG,STUTTGART-UNTERTUERKHEIM
0708,WDR,,DAIMLERCHRYSLER (D),DAIMLERCHRYSLER AG,STUTTGART-UNTERTUERKHEIM
0708,WDW,,DAIMLERCHRYSLER (D),DAIMLERCHRYSLER AG,STUTTGART-UNTERTUERKHEIM
0708,WDX,,DAIMLERCHRYSLER (D),DAIMLERCHRYSLER AG,STUTTGART-UNTERTUERKHEIM
0708,WDY,,DAIMLERCHRYSLER (D),DAIMLERCHRYSLER AG,STUTTGART-UNTERTUERKHEIM
0708,WD1,,DAIMLERCHRYSLER (D),DAIMLERCHRYSLER AG (LKW-TRAKTOR-FAHRGESTELLE),STUTTGART-UNTERTUERKHEIM
0708,WD2,,DAIMLERCHRYSLER (D),DAIMLERCHRYSLER AG (LKW/TRAKTOREN),STUTTGART-UNTERTUERKHEIM
0708,WD3,,DAIMLERCHRYSLER (D),DAIMLERCHRYSLER AG (BUS-FAHRGESTELLE),STUTTGART-UNTERTUERKHEIM
0708,WD8,,DAIMLERCHRYSLER (D),DAIMLERCHRYSLER AG,STUTTGART-UNTERTUERKHEIM
0708,WD5,,DAIMLERCHRYSLER (D),DAIMLERCHRYSLER AG,STUTTGART-UNTERTUERKHEIM
0708,WD6,,DAIMLERCHRYSLER (D),DAIMLERCHRYSLER AG,STUTTGART-UNTERTUERKHEIM
0709,WD8,,DAIMLER-BENZ,DAIMLER BENZ AG (RESERVE),STUTTGART-UNTERTUERKHEIM
0709,WDB,,DAIMLER-BENZ,DAIMLER BENZ AG (PERSONENWAGEN),STUTTGART-UNTERTUERKHEIM
0709,WD1,,DAIMLER-BENZ,DAIMLER BENZ AG (LKW-TRAKTOR-FAHRGESTELLE),STUTTGART-UNTERTUERKHEIM
0709,WD2,,DAIMLER-BENZ,DAIMLER BENZ AG (LKW/TRAKTOREN),STUTTGART-UNTERTUERKHEIM
0709,WD3,,DAIMLER-BENZ,DAIMLER BENZ AG (BUS-FAHRGESTELLE),STUTTGART-UNTERTUERKHEIM
0709,WD4,,DAIMLER-BENZ,DAIMLER BENZ AG (BUS),STUTTGART-UNTERTUERKHEIM
0709,WD5,,DAIMLER-BENZ,DAIMLER BENZ AG (RESERVE),STUTTGART-UNTERTUERKHEIM
0709,WD6,,DAIMLER-BENZ,DAIMLER BENZ AG (RESERVE),STUTTGART-UNTERTUERKHEIM
0709,WD7,,DAIMLER-BENZ,DAIMLER BENZ AG (RESERVE),STUTTGART-UNTERTUERKHEIM
0710,WD3,,DAIMLERCHRYSLER (D),DAIMLERCHRYSLER AG (BUS-FAHRGESTELLE),STUTTGART-UNTERTUERKHEIM
0710,WDX,,DAIMLERCHRYSLER (D),DAIMLERCHRYSLER AG,STUTTGART-UNTERTUERKHEIM
0710,WC3,,DAIMLERCHRYSLER (D),DAIMLERCHRYSLER (PERSONENKRAFTWAGEN),STUTTGART-UNTERTUERKHEIM
0710,WDB,,DAIMLERCHRYSLER (D),"DAIMLERCHRYSLER AG (PERSONENWAGEN,NUTZFAHRZEUGE)",STUTTGART-UNTERTUERKHEIM
0710,WDD,,DAIMLERCHRYSLER (D),DAIMLERCHRYSLER AG (PERSONENKRAFTWAGEN),STUTTGART-UNTERTUERKHEIM
0710,WDF,,DAIMLERCHRYSLER (D),DAIMLERCHRYSLER AG (NUTZFAHRZEUGE),STUTTGART-UNTERTUERKHEIM
0710,WDG,,DAIMLERCHRYSLER (D),DAIMLERCHRYSLER AG (FAHRGESTELLE),STUTTGART-UNTERTUERKHEIM
0710,WDH,,DAIMLERCHRYSLER (D),DAIMLERCHRYSLER AG (NUTZFAHRZEUGE),STUTTGART-UNTERTUERKHEIM
0710,WDJ,,DAIMLERCHRYSLER (D),DAIMLERCHRYSLER AG (MULTIPURPOSE PASSENGER VEHICLE),STUTTGART-UNTERTUERKHEIM
0710,WDK,,DAIMLERCHRYSLER (D),DAIMLERCHRYSLER AG (BUS),STUTTGART-UNTERTUERKHEIM
0710,WDP,,DAIMLERCHRYSLER (D),DAIMLERCHRYSLER AG,STUTTGART-UNTERTUERKHEIM
0710,WDR,,DAIMLERCHRYSLER (D),DAIMLERCHRYSLER AG,STUTTGART-UNTERTUERKHEIM
0710,WDW,,DAIMLERCHRYSLER (D),DAIMLERCHRYSLER AG,STUTTGART-UNTERTUERKHEIM
0710,NMB,,DAIMLERCHRYSLER (D),DAIMLERCHRYSLER AG (BUS),STUTTGART-UNTERTUERKHEIM
0710,4JG,,DAIMLERCHRYSLER (D),DAIMLERCHRYSLER AG (PERSONENKRAFTWAGEN),STUTTGART-UNTERTUERKHEIM
0710,WD8,,DAIMLERCHRYSLER (D),DAIMLERCHRYSLER AG (FAHRGESTELLE),STUTTGART-UNTERTUERKHEIM
0710,WD7,,DAIMLERCHRYSLER (D),DAIMLERCHRYSLER AG (FAHRGESTELLE),STUTTGART-UNTERTUERKHEIM
0710,WD6,,DAIMLERCHRYSLER (D),DAIMLERCHRYSLER AG (LKW),STUTTGART-UNTERTUERKHEIM
0710,WD5,,DAIMLERCHRYSLER (D),DAIMLERCHRYSLER AG (KLEINBUSSE),STUTTGART-UNTERTUERKHEIM
0710,WD4,,DAIMLERCHRYSLER (D),DAIMLERCHRYSLER AG (BUS),STUTTGART-UNTERTUERKHEIM
0710,WDC,,DAIMLERCHRYSLER (D),DAIMLERCHRYSLER AG (PERSONENKRAFTWAGEN),STUTTGART-UNTERTUERKHEIM
0710,WD2,,DAIMLERCHRYSLER (D),DAIMLERCHRYSLER AG (LKW/TRAKTOREN),STUTTGART-UNTERTUERKHEIM
0710,WD1,,DAIMLERCHRYSLER (D),DAIMLERCHRYSLER AG (LKW-TRAKTOR-FAHRGESTELLE),STUTTGART-UNTERTUERKHEIM
0710,WD0,,DAIMLERCHRYSLER (D),DAIMLERCHRYSLER AG (NUTZFAHRZEUGE),STUTTGART-UNTERTUERKHEIM
0710,WDY,,DAIMLERCHRYSLER (D),DAIMLERCHRYSLER AG,STUTTGART-UNTERTUERKHEIM
0711,W09,D15,DELO,DELO-MASCHINENBAU BALTRUSCHAT GMBH (ANHAENGER),ROT AM SEE
0712,W09,U04,UNTERHOLZNER,FAHRZEUGFABRIK UNTERHOLZNER GMBH (ANHAENGER),AUGSBURG
0713,W09,M43,M&G,"M&G ANHAENGERVERTRIEB KLAUS MUELLER,OLAF GOSSELKE",WARSTEIN-BELECKE
0714,W09,F27,FALKE,FALKE IM-U.EXPORT GMBH & CO KG (ANHAENGER),GERDAU
0716,W09,N09,NONNENMACHER,NONNENMACHER ANHAENGERBAU,HONHARDT
0720,W09,J12,JACOB,JACOB FAHRZEUG & METALLBAU (ANHAENGER),OBERNHOLZ-STEIMKE
0722,W09,S59,SELL,KG SELL KAROSSERIEBAUGES.MBH & CO (ANHAENGER),KALTENKIRCHEN
0725,W09,W16,"WELLMEYER, HEINRICH",HEINRICH WELLMEYER FAHRZEUGBAU GMBH & CO KG (ANH.),BAD LAER
0726,W09,W49,WESTDEUTSCHE C.WOLF,WESTD.CARL WOLF GMBH LANDMASCHINENFABRIK (ANHAENGER),HENNEF-SIEG
0728,W09,W36,WILLEN,WILLEN FAHRZEUGBAU GMBH (ANHAENGER),LOENINGEN-LEWINGHAUSEN
0729,W09,G69,"GROSS, GEORG",Georg GROSS GmbH + Co. Fahrzeugbau,Ulm
0730,W09,W37,WOLLESEN,JAN-H.WOLLESEN ANHAENGERBAU U.VERKAUF,SUEDERLUEGUM
0734,W09,H42,HELMIG,FAHRZEUG & FREIZEIT HELMIG VERKAUFSFAHRZEUGE (ANH.),IBBENBUEHREN
0738,W09,N10,NOVATRAIL,NOVATRAIL GMBH (ANHAENGER),LAER
0738,W09,N14,NOVATRAIL,NOVATRAIL GMBH (ANHAENGER),LAER
0743,W09,L07,LANCIER,LANCIER CABLE GmbH,Drensteinfurt
0746,W09,R23,RICOE,RICOE GMBH (ANHAENGER),OSTERODE AM HARZ
0747,WKE,,KRONE,KRONE Commercial Vehicle SE,Werlte
0750,W09,H43,HWG,HWG HAPRICH*WELZIN*GRAF OHG ANHAENGERBAU,KARSTAEDT
0755,W09,G25,GARBE,HARTMUT GARBE ANHAENGERBAU,KAELBERFELD/THUERINGEN
0757,W09,L33,LEFFERS,HERM.LEFFERS GMBH (ANHAENGER),ASCHENDORF/EMS
0759,W09,S61,SEYER,RUDOLF SEYER ANHAENGERBAU,HAMBURG-ALTONA
0763,WSW,,SCHWEIKERT,EUGEN SCHWEIKERT KG WOHNWAGENWERK,ILSHOFEN
0767,W09,N11,NEEMANN,KARL-HEINZ NEEMANN (ANHAENGER),GROSSEFEHN
0776,W09,B36,BERTSCH,SIEGFRIED BERTSCH FAHRZEUGBAU (ANHAENGER),SCHEMMERHOFEN
0779,W09,B37,BETH,WOLFGANG BETH FAHRZEUGBAU (ANHAENGER),LAUPHEIM-UNTERSULMETINGEN
0781,W09,B14,BAUR,BAUR Karosserie- und Fahrzeugbau GmbH,Stuttgart
0783,W09,W44,"HOERNDL, WIRTH & CO","WIRTH & CO GMBH, HOERNDL-ANHAENGER",WOERTHSEE-ETTERSCHLAG
0784,W09,H44,HEIK,HERMANN H.HEIK (ANHAENGER),HAMBURG
0788,W09,K49,"KRAUTTER, OTTO",OTTO KRAUTTER FAHRZEUG-U.MASCHINENBAU (ANHAENGER),OPPENWEILER KRS.BACKNANG
0794,W09,K53,KOETTING & FOPPEN,KOETTING & FOPPEN GBR (ANHAENGER),GEESTE-DALUM
0795,W09,B38,BADER,KAROSSERIE-U.FAHRZEUGBAU BADER GMBH (ANHAENGER),METZINGEN
0804,W09,R14,RANCKE,RUDOLF RANCKE FAHRZEUGBAU GMBH & CO KG (ANHAENGER),STADE
0807,W09,C14,COHRS,HERMANN COHRS FAHRZEUGBAU (ANHAENGER),BUXTEHUDE-HEDENDORF
0808,W09,S31,SCHUETTE,SCHUETTE FAHRZEUGBAU GMBH (ANHAENGER),WARDENBURG-TUNGELN
0812,W09,B39,BEKEMEIER,BEKEMEIER ANHAENGERBAU,"DIEPENAU, LAVELSLOH"
0816,W09,B40,BRIESS,BRIESS KAROSSERIEBAU GMBH (ANHAENGER),VOERDE-SPELLEN
0821,W09,R16,ROHRSSEN,ROHRSSEN SYSTEM-FERTIGBAU GMBH (ANHAENGER),HOHNHORST UEB.WUNSTORF/HANNOVER
0823,WGA,,FAHRZEUGW.LUEBTHEEN,FAHRZEUGWERK LUEBTHEEN GMBH (ANHAENGER),LUEBTHEEN
0830,VAV,,SCHWARZMUELLER,Wilhelm Schwarzmüller GmbH,Freinberg/Österreich
0830,W09,S09,SCHWARZMUELLER,Wilhelm Schwarzmüller KG,Passau
0831,W09,T26,"TANG,KARL","FAHRZEUGBAU KARL TANG GMBH (NUTZFZ.,SONDERFZ.,ANH.)",HILDEN
0838,W09,J13,IHSSEN,"KFZ-REPARATUR GMBH,R.R.IHSSEN (ANHAENGER)",GRONAU/LEINE
0840,W09,B52,"BURGER, ROTHENBURG",GEBR.BURGER OHG FAHRZEUGBAU (ANHAENGER),ROTHENBURG O.D.T.
0843,W09,T27,TOENNIES,KAROSSERIE-U.FAHRZEUGBAU HERMANN TOENNIES(ANHAENGER),KASSEL
0844,W09,M45,MICHELS,MICHELS GMBH & CO KG (ANHAENGER),GELDERN
0845,SNT,,SACHSENRING,SACHSENRING AUTOMOBILTECHNIK AG,ZWICKAU
0845,WSR,,SACHSENRING,SACHSENRING AUTOMOBILTECHNIK AG (PERSONENKRAFTWAGEN),ZWICKAU
0849,W09,F28,FEHRING,CHRISTA FEHRING FAHRZEUGBAU (ANHAENGER),BAD DRIBURG
0850,SN3,,STANZ-U.EMAILLIERW.,VEB STANZ-U.EMAILLIERWERK (REMORQUES BAGAGERES),GROSSENHAIN/DDR
0851,W09,H53,HIMMELSTEIN,F.HIMMELSTEIN FAHRZEUGBAU (ANHAENGER),RASTATT-NIEDERBUEHL/BADEN
0853,W09,H48,HANTIGK,HERBERT HANTIGK KAROSSERIE-U.FAHRZEUGBAU (ANHAENGER),SEHNDE OT WIRRINGEN
0863,WCO,,CORSAR WOHNWAGENBAU,CORSAR WOHNWAGENBAU GMBH,MARL-SINSEN
0865,W09,W67,WARRLICH,CARL WARRLICH KG,"TREFFURT, WERRA/THUERINGEN"
0866,W09,M50,MAFI INDUSTRIEFAHRZ.,MAFI TRANSPORT-SYSTEME GMBH (NUTZFAHRZEUGE),TAUBERBISCHOFSHEIM
0870,W09,H49,H&W,H.+W. NUTZFAHRZEUGTECHNIK GMBH FAHRZEUGBAU (ANH.),VREDEN
0871,W09,B42,BTK,BREMER TRANSPORT-U.KRANTECHNIK GMBH FAHRZEUGB.(ANH.),BREMEN
0872,W09,G27,GOEKEN,REINHOLD GOEKEN PKW-ANHAENGERBAU,GARREL
0873,SNE,,AUTOMOB-EISENACH-AWE,AUTOMOBILWERK EISENACH GMBH (PERSONENWAGEN),EISENACH
0873,SNE,,AUTOMOB-EISENACH-AWE,SIEHE AWE (WARTBURG),EISENACH
0874,W09,M47,MF TRIKE CENTER,"MF TRIKE CENTER, INH.HOLGER FRANZ (PERSONENWAGEN)",HAMELN
0875,W09,V14,VOGT,OTTO VOGT FAHRZEUGBAU (ANHAENGER),BAD FRIEDRICHSHALL
0879,W09,P06,PAUS,HERMANN PAUS MASCHINENFABRIK GMBH (SONDERFAHRZEUGE),EMSBUEREN
0880,W09,G09,GROTE,ERNST GROTE,OBERENSE UEB.WERL/WESTFALEN
0883,W09,M02,MANNESM.DEMAG-BAUMA.,MANNESMANN DEMAG-BAUMASCHINEN AG (KRANBAU),DUISBURG
0883,W09,M10,MANNESM.DEMAG-BAUMA.,MANNESMANN DEMAG-BAUMASCHINEN AG,DUISBURG
0884,WMN,,MANNESM.DEMAG-DRUCKL,MANNESMANN DEMAG AG (ANHAENGER),DUISBURG
0885,W09,G28,GRAU,FAHRZEUGPARK GRAU GMBH (ANHAENGER),RADEBURG
0887,WJE,,IRMER & ELZE,IRMER & ELZE MASCHINENFABRIK GMBH & CO KG,BAD OEYNHAUSEN
0888,W09,F05,FLOTTMANN-WERK,FLOTTMANN-WERKE GMBH (ANHAENGER),HERNE 1/WESTFALEN
0889,WSN,,SPITZER,SPITZER SILO -FAHRZEUGWERKE (ANHAENGER),Elztal-Dallau
0889,W09,S11,SPITZER,SPITZER SILO-FAHRZEUGWERKE (ANHAENGER),Elztal-Dallau
0891,W09,F29,"FISCHER,KIRCHHEIMB.",FISCHER FAHRZEUGBAU GMBH (ANHAENGER),KIRCHHEIMBOLANDEN
0896,W09,S63,SCHULER,SCHULER FAHRZEUGBAU GMBH,Ebhausen
0898,W09,B20,"BEILHARZ,GEORG",GEORG BEILHARZ U.SOHN GMBH & CO KG (ANHAENGER),ESSEN-BORBECK
0899,SN1,,FAHRZEUGW.OLBERNHAU,VEB FAHRZEUGWERK OLBERNHAU (CARAVANES PLIANTES),OLBERNHAU/DDR
0904,W09,B43,BUCHHEISTER,BUCHHEISTER LANDMASCHINEN GMBH (ANHAENGER),COPPENBRUECKE OT HERKENSEN
0906,WMF,,MASS-FERG-HANOMAG(D),MASSEY-FERGUSON-HANOMAG INC & CO (ARBEITSMASCHINEN),HANNOVER
0907,W09,S64,SCHARFEN,WALTER SCHARFEN FAHRZEUGBAU (ANHAENGER),WUENNENBERG
0910,W09,R26,RUSCHMEIER,Ruschmeier Anhängerbau oHG,Bochum
0917,W09,G30,GEBEHENNE,TRAILERBAU GEBEHENNE (ANHAENGER),ISERLOHN
0918,W09,A25,ANHAENGERLAND,ANHAENGERLAND BAD DUERRHEIM GMBH,BAD DUERRHEIM
0919,WHN,,HANOMAG GMBH,HANOMAG BAUMASCHINEN PRODUKTION + VERTRIEB GMBH (AM),HANNOVER-LINDEN
0920,W09,K57,KUTZINSKI,URSULA KUTZINSKI PKW-ANHAENGER,MUNSTER
0926,W09,F30,FOERSTER,HANNELORE FOERSTER (ANHAENGER),GROSSENKNETEN
0928,WF0,,FORD (D),FORD-WERKE AG (ALLE FZ-ARTEN),KOELN-NIEHL
0928,WF1,,FORD (D),FORD-WERKE AG (PERSONENWAGEN),KOELN-NIEHL
0928,WF2,,FORD (D),FORD-WERKE AG,KOELN-NIEHL
0928,WF3,,FORD (D),FORD-WERKE AG,KOELN-NIEHL
0928,WF4,,FORD (D),FORD-WERKE AG,KOELN-NIEHL
0928,WF5,,FORD (D),FORD-WERKE AG,KOELN-NIEHL
0928,WF6,,FORD (D),FORD-WERKE AG,KOELN-NIEHL
0928,WF7,,FORD (D),FORD-WERKE AG,KOELN-NIEHL
0928,WF8,,FORD (D),FORD-WERKE AG,KOELN-NIEHL
0929,W09,F31,FUENFHAUS,BERND FUENFHAUS (ANHAENGER),HANNOVER
0930,W09,D27,DRUMANN,FAHRZEUGBAU DRUMANN GMBH (ANHAENGER),DORTMUND-MENGEDE
0933,W09,K58,KRAUSE,HERBERT KRAUSE KRAFTFAHRZEUG-U.MASCHINENBAUM. (ANH.),WILHELMSHAVEN
0936,W09,K59,KRAMPE,KRAMPE FAHRZEUGBAU GMBH (ANHAENGER),COESFELD
0937,WCB,,CLAAS Saulgau,CLAAS Saulgau GmbH,Saulgau
0938,W09,L36,LASSIG,KARL LASSIG GMBH & CO KG KAROSSER.-U.FAHRZEUGB.(ANH),BAD OEYNHAUSEN
0940,W09,F26,"FISCHER,FRANZ",FRANZ FISCHER PKW-ANHAENGER,RIEDLINGEN
0943,W09,F48,"FUCHS,HEINRICH",HEINRICH FUCHS GMBH & CO KG FAHRZ.-U.KAROSSERIEB.ANH,LOLLAR KRS.GIESSEN
0944,W09,M49,MEUSBURGER,MEUSBURGER FAHRZEUGBAU GMBH (ANHAENGER),EGING AM SEE
0947,W09,D19,DAV LIMBURG,DAV LIMBURGER PKW ANHAENGER INH.BERNHARD DIEFENBACH,LIMBURG A.D.LAHN
0952,W09,L37,LANDWEHR,GERHARD LANDWEHR (ANHAENGER),HERMUTHAUSEN
0955,W09,W39,WARU,WARU FAHRZEUG-U.ALUMINIUMBAU GMBH (ANHAENGER),RINTELN
0956,W09,E25,ERATH,ANHAENGERBAU ERATH GMBH,KRAUCHENWIES
0957,WHA,,HALL,HERMANN PETER HALL NACHF.KG KAROS-U.FZFAB(ANHAENGER),KOELN-RIEHL
0962,W09,T28,TIMKER,HELMUT TIMKER (ANHAENGER),WIESMOOR
0966,W09,S66,SCHUELER,SCHUELER FAHRZEUGBAU GBR (ANHAENGER),HEILBRONN
0968,W09,H52,HILLE,HEINRICH HILLE KG SPEZIALFAHRZEUGE (ANHAENGER),BAD HARZBURG
0970,W09,B44,BRENDLE,BERNHARD BRENDLE ANHAENGERBAU,VOELLKOFEN
0972,W09,H54,HAGEMANN,WERNER HAGEMANN FAHRZEUGBAU (ANHAENGER),NEUMUENSTER
0976,W09,S67,STRICKER,WILHELM STRICKER GMBH,OSTBEVERN
0977,W09,H56,HEGE,HANS-ULRICH HEGE GMBH & CO (ARBEITSMASCHINEN),WALDENBURG-HOHEBUCH
0978,W09,B46,BFW,BFW FAHRZEUGBAU GMBH (ANHAENGER),MUGGENSTURM
0980,W09,H07,HUTTNER,HUTTNER FAHRZEUGBAU GMBH (ANHAENGER),RAISTING/OBERBAYERN
0982,W09,K61,KLAMM,KLAMM GMBH FAHRZEUGBAU (ANHAENGER),LUDWIGSHAFEN AM RHEIN
0983,W09,S68,"SCHOLZ,MARCO",SCHOLZ FAHRZEUGBAU (ANHAENGER),ROTENBURG
0984,W09,J14,JENZ,JENZ GMBH MASCHINEN-U.FAHRZEUGBAU (ANHAENGER),PETERSHAGEN
0987,W09,H57,HOECKMAYR,HOECKMAYR KFZ-TECHNIK GMBH (PERSONENKRAFTWAGEN),GEROLSBACH
0989,W09,K74,KAMPMANN,BERNHARD KAMPMANN FAHRZEUGBAU (ANHAENGER),WARENDORF
0993,W09,W30,"WAGNER,VICTOR",VIKTOR WAGNER FAHRZEUGBAU (ANHAENGER),"HUETTLINGEN, OSTALBKREIS"
0996,W09,K82,KLAUS,KLAUS TRANSPORTSYSTEME GMBH & CO KG (ANHAENGER),MEMMINGEN/ALLGAEU
0998,W09,W41,WIDMER,ALFONS WIDMER FAHRZEUGBAU (ANHAENGER),WEILEN U.D.RINNEN
0999,WCD,,DAIMLERCHRYSLER (D),DAIMLERCHRYSLER AG (ALLE FAHRZEUGARTEN),STUTTGART-UNTERTUERKHEIM
0999,WC3,,DAIMLERCHRYSLER (D),DAIMLERCHRYSLER AG (ALLE FAHRZEUGARTEN),STUTTGART-UNTERTUERKHEIM
0999,WDA,,DAIMLERCHRYSLER (D),DAIMLERCHRYSLER AG (ALLE FAHRZEUGARTEN),STUTTGART-UNTERTUERKHEIM
0999,WDB,,DAIMLERCHRYSLER (D),DAIMLERCHRYSLER AG (ALLE FAHRZEUGARTEN),STUTTGART-UNTERTUERKHEIM
0999,WDC,,DAIMLERCHRYSLER (D),DAIMLERCHRYSLER AG (ALLE FAHRZEUGARTEN),STUTTGART-UNTERTUERKHEIM
0999,WDD,,DAIMLERCHRYSLER (D),DAIMLERCHRYSLER AG (ALLE FAHRZEUGARTEN),STUTTGART-UNTERTUERKHEIM
0999,WDF,,DAIMLERCHRYSLER (D),DAIMLERCHRYSLER AG (ALLE FAHRZEUGARTEN),STUTTGART-UNTERTUERKHEIM
0999,WDG,,DAIMLERCHRYSLER (D),DAIMLERCHRYSLER AG (ALLE FAHRZEUGARTEN),STUTTGART-UNTERTUERKHEIM
0999,WDH,,DAIMLERCHRYSLER (D),DAIMLERCHRYSLER AG (ALLE FAHRZEUGARTEN),STUTTGART-UNTERTUERKHEIM
0999,WDJ,,DAIMLERCHRYSLER (D),DAIMLERCHRYSLER AG (ALLE FAHRZEUGARTEN),STUTTGART-UNTERTUERKHEIM
0999,WDK,,DAIMLERCHRYSLER (D),DAIMLERCHRYSLER AG (ALLE FAHRZEUGARTEN),STUTTGART-UNTERTUERKHEIM
0999,WDP,,DAIMLERCHRYSLER (D),DAIMLERCHRYSLER AG,STUTTGART-UNTERTUERKHEIM
0999,WDR,,DAIMLERCHRYSLER (D),DAIMLERCHRYSLER AG,STUTTGART-UNTERTUERKHEIM
0999,WDW,,DAIMLERCHRYSLER (D),DAIMLERCHRYSLER AG,STUTTGART-UNTERTUERKHEIM
0999,WDX,,DAIMLERCHRYSLER (D),DAIMLERCHRYSLER AG,STUTTGART-UNTERTUERKHEIM
0999,WDY,,DAIMLERCHRYSLER (D),DAIMLERCHRYSLER AG,STUTTGART-UNTERTUERKHEIM
0999,WDZ,,DAIMLERCHRYSLER (D),DAIMLERCHRYSLER AG (ALLE FAHRZEUGARTEN),STUTTGART-UNTERTUERKHEIM
0999,WD0,,DAIMLERCHRYSLER (D),DAIMLERCHRYSLER AG (ALLE FAHRZEUGARTEN),STUTTGART-UNTERTUERKHEIM
0999,WD1,,DAIMLERCHRYSLER (D),DAIMLERCHRYSLER AG (ALLE FAHRZEUGARTEN),STUTTGART-UNTERTUERKHEIM
0999,WD2,,DAIMLERCHRYSLER (D),DAIMLERCHRYSLER AG (ALLE FAHRZEUGARTEN),STUTTGART-UNTERTUERKHEIM
0999,WD3,,DAIMLERCHRYSLER (D),DAIMLERCHRYSLER AG (ALLE FAHRZEUGARTEN),STUTTGART-UNTERTUERKHEIM
0999,WD4,,DAIMLERCHRYSLER (D),DAIMLERCHRYSLER AG (ALLE FAHRZEUGARTEN),STUTTGART-UNTERTUERKHEIM
0999,WD5,,DAIMLERCHRYSLER (D),DAIMLERCHRYSLER AG (ALLE FAHRZEUGARTEN),STUTTGART-UNTERTUERKHEIM
0999,WD6,,DAIMLERCHRYSLER (D),DAIMLERCHRYSLER AG (ALLE FAHRZEUGARTEN),STUTTGART-UNTERTUERKHEIM
0999,WD7,,DAIMLERCHRYSLER (D),DAIMLERCHRYSLER AG (ALLE FAHRZEUGARTEN),STUTTGART-UNTERTUERKHEIM
0999,WD8,,DAIMLERCHRYSLER (D),DAIMLERCHRYSLER AG (ALLE FAHRZEUGARTEN),STUTTGART-UNTERTUERKHEIM
0999,WME,,DAIMLERCHRYSLER (D),DaimlerChrysler AG,Stuttgart
0999,4JG,,DAIMLERCHRYSLER (D),DAIMLERCHRYSLER AG (ALLE FAHRZEUGARTEN),STUTTGART-UNTERTUERKHEIM
1000,W09,P39,PGAM,PGAM-advanced technologies AG,Georgsmarienhütte
1004,1P8,,CHRYSLER (USA),Chrysler Group LLC (RESERVE),DETROIT (MICHIGAN)/USA
1004,3D7,,CHRYSLER (USA),Chrysler Group LLC (AUTOMOBILES),"Auburn Hills, Michigan/USA"
1004,1AD,,DAIMLERCHRYSLER(USA),DAIMLERCHRYSLER CORPORATION (RESERVE),DETROIT (MICHIGAN)/USA
1004,1AE,,DAIMLERCHRYSLER(USA),DAIMLERCHRYSLER CORPORATION (RESERVE),DETROIT (MICHIGAN)/USA
1004,1AH,,DAIMLERCHRYSLER(USA),DAIMLERCHRYSLER CORPORATION (RESERVE),DETROIT (MICHIGAN)/USA
1004,1AM,,DAIMLERCHRYSLER(USA),DAIMLERCHRYSLER CORPORATION (RESERVE),DETROIT (MICHIGAN)/USA
1004,1AT,,DAIMLERCHRYSLER(USA),DAIMLERCHRYSLER CORPORATION (RESERVE),DETROIT (MICHIGAN)/USA
1004,1A2,,CHRYSLER (USA),Chrysler Group LLC,"Auburn Hills, Michigan/USA"
1004,1A2,,DAIMLERCHRYSLER(USA),DAIMLERCHRYSLER CORP (RESERVE),DETROIT (MICHIGAN)/USA
1004,1A3,,CHRYSLER (USA),Chrysler Group LLC (IMPERIAL),"Auburn Hills, Michigan/USA"
1004,1A3,,DAIMLERCHRYSLER(USA),DAIMLERCHRYSLER CORP (IMPERIAL/PASSENGER CAR),DETROIT (MICHIGAN)/USA
1004,1A4,,CHRYSLER (USA),Chrysler Group LLC (RESERVE),"Auburn Hills, Michigan/USA"
1004,1A4,,DAIMLERCHRYSLER(USA),DAIMLERCHRYSLER CORP (RESERVE),DETROIT (MICHIGAN)/USA
1004,1A5,,CHRYSLER (USA),Chrysler Group LLC (RESERVE),"Auburn Hills, Michigan/USA"
1004,1A5,,DAIMLERCHRYSLER(USA),DAIMLERCHRYSLER CORP (RESERVE),DETROIT (MICHIGAN)/USA
1004,1A6,,CHRYSLER (USA),Chrysler Group LLC (RESERVE),"Auburn Hills, Michigan/USA"
1004,1A6,,DAIMLERCHRYSLER(USA),DAIMLERCHRYSLER CORP (RESERVE),DETROIT (MICHIGAN)/USA
1004,1A7,,CHRYSLER (USA),Chrysler Group LLC (RESERVE),"Auburn Hills, Michigan/USA"
1004,1A7,,DAIMLERCHRYSLER(USA),DAIMLERCHRYSLER CORP (RESERVE),DETROIT (MICHIGAN)/USA
1004,1A8,,CHRYSLER (USA),Chrysler Group LLC (RESERVE),"Auburn Hills, Michigan/USA"
1004,1A8,,DAIMLERCHRYSLER(USA),DAIMLERCHRYSLER CORP (RESERVE),DETROIT (MICHIGAN)/USA
1004,1B2,,CHRYSLER (USA),Chrysler Group LLC (RESERVE),"Auburn Hills, Michigan/USA"
1004,1B2,,DAIMLERCHRYSLER(USA),DAIMLERCHRYSLER CORP (RESERVE),DETROIT (MICHIGAN)/USA
1004,1B3,,CHRYSLER (USA),Chrysler Group LLC (DODGE),"Auburn Hills, Michigan/USA"
1004,1B3,,DAIMLERCHRYSLER(USA),DAIMLERCHRYSLER CORP (DODGE/PASSENGER CAR),AUBURN HILLS (MICHIGAN)/USA
1004,1B4,,CHRYSLER (USA),Chrysler Group LLC (DODGE),"Auburn Hills, Michigan/USA"
1004,1B4,,DAIMLERCHRYSLER(USA),DAIMLERCHRYSLER CORP (DODGE/MULTP.PASSENGER VEHICLE),AUBURN HILLS (MICHIGAN)/USA
1004,1B5,,CHRYSLER (USA),Chrysler Group LLC (DODGE),"Auburn Hills, Michigan/USA"
1004,1B5,,DAIMLERCHRYSLER(USA),DAIMLERCHRYSLER CORP (DODGE/BUS),AUBURN HILLS (MICHIGAN)/USA
1004,1B6,,CHRYSLER (USA),Chrysler Group LLC (DODGE),"Auburn Hills, Michigan/USA"
1004,1B6,,DAIMLERCHRYSLER(USA),DAIMLERCHRYSLER CORP (DODGE/INCOMPLETE VEHICLE),AUBURN HILLS (MICHIGAN)/USA
1004,1B7,,CHRYSLER (USA),Chrysler Group LLC (DODGE),"Auburn Hills, Michigan/USA"
1004,1B7,,DAIMLERCHRYSLER(USA),DAIMLERCHRYSLER CORP (DODGE/TRUCK),AUBURN HILLS (MICHIGAN)/USA
1004,1B8,,CHRYSLER (USA),Chrysler Group LLC (RESERVE),"Auburn Hills, Michigan/USA"
1004,1B8,,DAIMLERCHRYSLER(USA),DAIMLERCHRYSLER CORP (RESERVE),DETROIT (MICHIGAN)/USA
1004,1CA,,DAIMLERCHRYSLER(USA),DAIMLERCHRYSLER CORP (DODGE/BUS),DETROIT (MICHIGAN)/USA
1004,1C2,,CHRYSLER (USA),Chrysler Group LLC (RESERVE),"Auburn Hills, Michigan/USA"
1004,1C2,,DAIMLERCHRYSLER(USA),DAIMLERCHRYSLER CORP (RESERVE),AUBURN HILLS (MICHIGAN)/USA
1004,1C3,,CHRYSLER (USA),Chrysler Group LLC,"Auburn Hills, Michigan/USA"
1004,1C3,,DAIMLERCHRYSLER(USA),DAIMLERCHRYSLER CORP (PASSENGER CAR),HIGHLAND PARK (MICHIGAN)/USA
1004,1C4,,CHRYSLER (USA),Chrysler Group LLC (DODGE),"Auburn Hills, Michigan/USA"
1004,1C4,,DAIMLERCHRYSLER(USA),DAIMLERCHRYSLER CORP (DODGE/TRUCK),HIGHLAND PARK (MICHIGAN)/USA
1004,1C5,,CHRYSLER (USA),Chrysler Group LLC (RESERVE),"Auburn Hills, Michigan/USA"
1004,1C5,,DAIMLERCHRYSLER(USA),DAIMLERCHRYSLER CORP (RESERVE),DETROIT (MICHIGAN)/USA
1004,1C6,,CHRYSLER (USA),Chrysler Group LLC (RESERVE),"Auburn Hills, Michigan/USA"
1004,1C6,,DAIMLERCHRYSLER(USA),DAIMLERCHRYSLER CORP (RESERVE),DETROIT (MICHIGAN)/USA
1004,1C7,,CHRYSLER (USA),Chrysler Group LLC (PLYMOUTH),"Auburn Hills, Michigan/USA"
1004,1C7,,DAIMLERCHRYSLER(USA),DAIMLERCHRYSLER CORP (PLYMOUTH/TRUCK),AUBURN HILLS (MICHIGAN)/USA
1004,1C8,,CHRYSLER (USA),Chrysler Group LLC (RESERVE),"Auburn Hills, Michigan/USA"
1004,1C8,,DAIMLERCHRYSLER(USA),DAIMLERCHRYSLER CORP (RESERVE),AUBURN HILLS (MICHIGAN)/USA
1004,1D2,,CHRYSLER (USA),Chrysler Group LLC (RESERVE),"Auburn Hills, Michigan/USA"
1004,1D2,,DAIMLERCHRYSLER(USA),DAIMLERCHRYSLER CORP (RESERVE),DETROIT (MICHIGAN)/USA
1004,1D3,,CHRYSLER (USA),Chrysler Group LLC (RESERVE),"Auburn Hills, Michigan/USA"
1004,1D3,,DAIMLERCHRYSLER(USA),DAIMLERCHRYSLER CORP (RESERVE),DETROIT (MICHIGAN)/USA
1004,1D4,,CHRYSLER (USA),Chrysler Group LLC (RESERVE),"Auburn Hills, Michigan/USA"
1004,1D4,,DAIMLERCHRYSLER(USA),DAIMLERCHRYSLER CORP (RESERVE),AUBURN HILLS (MICHIGAN)/USA
1004,1D5,,CHRYSLER (USA),Chrysler Group LLC (RESERVE),"Auburn Hills, Michigan/USA"
1004,1D5,,DAIMLERCHRYSLER(USA),DAIMLERCHRYSLER CORP (RESERVE),DETROIT (MICHIGAN)/USA
1004,1P3,,DAIMLERCHRYSLER(USA),DAIMLERCHRYSLER CORP (PLYMOUTH/PASSENGER CAR),AUBURN HILLS (MICHIGAN)/USA
1004,1P4,,CHRYSLER (USA),Chrysler Group LLC (PLYMOUTH),"Auburn Hills, Michigan/USA"
1004,1P4,,DAIMLERCHRYSLER(USA),DAIMLERCHRYSLER CORP (PLYMOUTH/MP-PASSENGER VEHICLE),DETROIT (MICHIGAN)/USA
1004,1P5,,CHRYSLER (USA),Chrysler Group LLC (PLYMOUTH),"Auburn Hills, Michigan/USA"
1004,1P5,,DAIMLERCHRYSLER(USA),DAIMLERCHRYSLER CORP (PLYMOUTH/BUS),DETROIT (MICHIGAN)/USA
1004,1P6,,CHRYSLER (USA),Chrysler Group LLC (PLYMOUTH),"Auburn Hills, Michigan/USA"
1004,1P6,,DAIMLERCHRYSLER(USA),DAIMLERCHRYSLER CORP (PLYMOUTH/INCOMPLETE VEHICLE),DETROIT (MICHIGAN)/USA
1004,1P7,,CHRYSLER (USA),Chrysler Group LLC (PLYMOUTH),"Auburn Hills, Michigan/USA"
1004,1P7,,DAIMLERCHRYSLER(USA),DAIMLERCHRYSLER CORP (PLYMOUTH/TRUCK),DETROIT (MICHIGAN)/USA
1004,1P2,,DAIMLERCHRYSLER(USA),DAIMLERCHRYSLER CORP (RESERVE),DETROIT (MICHIGAN)/USA
1004,1P8,,DAIMLERCHRYSLER(USA),DAIMLERCHRYSLER CORP (RESERVE),DETROIT (MICHIGAN)/USA
1004,1XE,,DAIMLERCHRYSLER(USA),DAIMLERCHRYSLER CORPORATION (RESERVE),DETROIT (MICHIGAN)/USA
1004,1XF,,DAIMLERCHRYSLER (USA),DAIMLERCHRYSLER CORPORATION (RESERVE),DETROIT (MICHIGAN)/USA
1004,1XH,,DAIMLERCHRYSLER(USA),DAIMLERCHRYSLER CORPORATION (RESERVE),DETROIT (MICHIGAN)/USA
1004,1XM,,DAIMLERCHRYSLER(USA),DAIMLERCHRYSLER CORPORATION (RESERVE),DETROIT (MICHIGAN)/USA
1004,1Z2,,CHRYSLER (USA),Chrysler Group LLC (RESERVE),"Auburn Hills, Michigan/USA"
1004,1Z2,,DAIMLERCHRYSLER(USA),DAIMLERCHRYSLER CORP (RESERVE),DETROIT (MICHIGAN)/USA
1004,1Z3,,CHRYSLER (USA),Chrysler Group LLC (RESERVE),"Auburn Hills, Michigan/USA"
1004,1Z3,,DAIMLERCHRYSLER(USA),DAIMLERCHRYSLER CORP (RESERVE),DETROIT (MICHIGAN)/USA
1004,1Z4,,CHRYSLER (USA),Chrysler Group LLC (RESERVE),"Auburn Hills, Michigan/USA"
1004,1Z4,,DAIMLERCHRYSLER(USA),DAIMLERCHRYSLER CORP (RESERVE),DETROIT (MICHIGAN)/USA
1004,1Z5,,CHRYSLER (USA),Chrysler Group LLC (RESERVE),"Auburn Hills, Michigan/USA"
1004,1Z5,,DAIMLERCHRYSLER(USA),DAIMLERCHRYSLER CORP (RESERVE),DETROIT (MICHIGAN)/USA
1004,1Z6,,CHRYSLER (USA),Chrysler Group LLC (RESERVE),"Auburn Hills, Michigan/USA"
1004,1Z6,,DAIMLERCHRYSLER(USA),DAIMLERCHRYSLER CORP (RESERVE),DETROIT (MICHIGAN)/USA
1004,1Z7,,CHRYSLER (USA),Chrysler Group LLC (RESERVE),"Auburn Hills, Michigan/USA"
1004,1Z7,,DAIMLERCHRYSLER(USA),DAIMLERCHRYSLER CORP (RESERVE),DETROIT (MICHIGAN)/USA
1004,1Z8,,CHRYSLER (USA),Chrysler Group LLC (RESERVE),"Auburn Hills, Michigan/USA"
1004,1Z8,,DAIMLERCHRYSLER(USA),DAIMLERCHRYSLER CORP (RESERVE),DETROIT (MICHIGAN)/USA
1004,2A2,,DAIMLERCHRYSLER(USA),DAIMLERCHRYSLER CORPORATION (RESERVE),DETROIT (MICHIGAN)/USA
1004,2A3,,DAIMLERCHRYSLER(USA),DAIMLERCHRYSLER CORPORATION (RESERVE),DETROIT (MICHIGAN)/USA
1004,2A4,,DAIMLERCHRYSLER (USA),DAIMLERCHRYSLER CORPORATION (RESERVE),DETROIT (MICHIGAN)/USA
1004,2A5,,DAIMLERCHRYSLER (USA),DAIMLERCHRYSLER CORPORATION (RESERVE),DETROIT (MICHIGAN)/USA
1004,2A6,,DAIMLERCHRYSLER(USA),DAIMLERCHRYSLER CORPORATION (RESERVE),DETROIT (MICHIGAN)/USA
1004,2A7,,DAIMLERCHRYSLER(USA),DAIMLERCHRYSLER CORPORATION (RESERVE),DETROIT (MICHIGAN)/USA
1004,2A8,,DAIMLERCHRYSLER(USA),DAIMLERCHRYSLER CORPORATION (RESERVE),DETROIT (MICHIGAN)/USA
1004,2BC,,DAIMLERCHRYSLER(USA),DAIMLERCHRYSLER CORPORATION (RESERVE),DETROIT (MICHIGAN)/USA
1004,2BD,,DAIMLERCHRYSLER (USA),DAIMLERCHRYSLER CORPORATION (RESERVE),DETROIT (MICHIGAN)/USA
1004,2BE,,DAIMLERCHRYSLER (USA),DAIMLERCHRYSLER CORPORATION (RESERVE),DETROIT (MICHIGAN)/USA
1004,2BF,,DAIMLERCHRYSLER(USA),DAIMLERCHRYSLER CORPORATION (RESERVE),DETROIT (MICHIGAN)/USA
1004,2BH,,DAIMLERCHRYSLER(USA),DAIMLERCHRYSLER CORPORATION (RESERVE),DETROIT (MICHIGAN)/USA
1004,2BM,,DAIMLERCHRYSLER(USA),DAIMLERCHRYSLER CORPORATION (RESERVE),DETROIT (MICHIGAN)/USA
1004,2BT,,DAIMLERCHRYSLER(USA),DAIMLERCHRYSLER CORPORATION (RESERVE),DETROIT (MICHIGAN)/USA
1004,2B2,,DAIMLERCHRYSLER(USA),DAIMLERCHRYSLER CORPORATION (RESERVE),DETROIT (MICHIGAN)/USA
1004,2B3,,DAIMLERCHRYSLER(USA),DAIMLERCHRYSLER CORPORATION (RESERVE),DETROIT (MICHIGAN)/USA
1004,2B4,,DAIMLERCHRYSLER (USA),DAIMLERCHRYSLER CORPORATION (RESERVE),DETROIT (MICHIGAN)/USA
1004,2B5,,DAIMLERCHRYSLER(USA),DAIMLERCHRYSLER CORPORATION (RESERVE),DETROIT (MICHIGAN)/USA
1004,2B6,,DAIMLERCHRYSLER(USA),DAIMLERCHRYSLER CORP (DODGE/INCOMPLETE VEHICLE),DETROIT (MICHIGAN)/USA
1004,2B7,,DAIMLERCHRYSLER(USA),DAIMLERCHRYSLER CORPORATION (RESERVE),DETROIT (MICHIGAN)/USA
1004,2B8,,DAIMLERCHRYSLER (USA),DAIMLERCHRYSLER CORPORATION (RESERVE),DETROIT (MICHIGAN)/USA
1004,2CC,,DAIMLERCHRYSLER(USA),DAIMLERCHRYSLER CORPORATION (RESERVE),DETROIT (MICHIGAN)/USA
1004,2CD,,DAIMLERCHRYSLER (USA),DAIMLERCHRYSLER CORPORATION (RESERVE),DETROIT (MICHIGAN)/USA
1004,2CE,,DAIMLERCHRYSLER(USA),DAIMLERCHRYSLER CORPORATION (RESERVE),DETROIT (MICHIGAN)/USA
1004,2CF,,DAIMLERCHRYSLER(USA),DAIMLERCHRYSLER CORPORATION (RESERVE),AUBURN HILLS (MICHIGAN)/USA
1004,2CH,,DAIMLERCHRYSLER(USA),DAIMLERCHRYSLER CORPORATION (RESERVE),DETROIT (MICHIGAN)/USA
1004,2CM,,DAIMLERCHRYSLER (USA),DAIMLERCHRYSLER CORPORATION (RESERVE),DETROIT (MICHIGAN)/USA
1004,2C3,,DAIMLERCHRYSLER(USA),DAIMLERCHRYSLER CORPORATION (RESERVE),DETROIT (MICHIGAN)/USA
1004,2C4,,DAIMLERCHRYSLER(USA),DAIMLERCHRYSLER CORPORATION (RESERVE),DETROIT (MICHIGAN)/USA
1004,2C6,,DAIMLERCHRYSLER (USA),DAIMLERCHRYSLER CORPORATION (RESERVE),DETROIT (MICHIGAN)/USA
1004,2D2,,DAIMLERCHRYSLER(USA),DAIMLERCHRYSLER CORPORATION (RESERVE),DETROIT (MICHIGAN)/USA
1004,2D3,,DAIMLERCHRYSLER(USA),DAIMLERCHRYSLER CORPORATION (RESERVE),DETROIT (MICHIGAN)/USA
1004,2D4,,DAIMLERCHRYSLER(USA),DAIMLERCHRYSLER CORPORATION (RESERVE),DETROIT (MICHIGAN)/USA
1004,2D5,,DAIMLERCHRYSLER (USA),DAIMLERCHRYSLER CORPORATION (RESERVE),DETROIT (MICHIGAN)/USA
1004,2D6,,DAIMLERCHRYSLER(USA),DAIMLERCHRYSLER CORPORATION (RESERVE),DETROIT (MICHIGAN)/USA
1004,2D7,,DAIMLERCHRYSLER (USA),DAIMLERCHRYSLER CORPORATION (RESERVE),DETROIT (MICHIGAN)/USA
1004,2D8,,DAIMLERCHRYSLER(USA),DAIMLERCHRYSLER CORPORATION (RESERVE),DETROIT (MICHIGAN)/USA
1004,2E2,,DAIMLERCHRYSLER(USA),DAIMLERCHRYSLER CORPORATION (RESERVE),DETROIT (MICHIGAN)/USA
1004,2E3,,DAIMLERCHRYSLER(USA),DAIMLERCHRYSLER CORPORATION (RESERVE),DETROIT (MICHIGAN)/USA
1004,2E4,,DAIMLERCHRYSLER (USA),DAIMLERCHRYSLER CORPORATION (RESERVE),DETROIT (MICHIGAN)/USA
1004,2E5,,DAIMLERCHRYSLER(USA),DAIMLERCHRYSLER CORPORATION (RESERVE),DETROIT (MICHIGAN)/USA
1004,2E6,,DAIMLERCHRYSLER(USA),DAIMLERCHRYSLER CORPORATION (RESERVE),DETROIT (MICHIGAN)/USA
1004,2E7,,DAIMLERCHRYSLER (USA),DAIMLERCHRYSLER CORPORATION (RESERVE),DETROIT (MICHIGAN)/USA
1004,2E8,,DAIMLERCHRYSLER(USA),DAIMLERCHRYSLER CORPORATION (RESERVE),DETROIT (MICHIGAN)/USA
1004,2J4,,DAIMLERCHRYSLER(USA),DAIMLERCHRYSLER CORPORATION (RESERVE),DETROIT (MICHIGAN)/USA
1004,2P2,,DAIMLERCHRYSLER(USA),DAIMLERCHRYSLER CORPORATION (RESERVE),DETROIT (MICHIGAN)/USA
1004,2P3,,DAIMLERCHRYSLER (USA),DAIMLERCHRYSLER CORPORATION (RESERVE),DETROIT (MICHIGAN)/USA
1004,2P4,,DAIMLERCHRYSLER(USA),DAIMLERCHRYSLER CORPORATION (RESERVE),DETROIT (MICHIGAN)/USA
1004,2P5,,DAIMLERCHRYSLER (USA),DAIMLERCHRYSLER CORP (RESERVE),DETROIT (MICHIGAN)/USA
1004,2P6,,DAIMLERCHRYSLER (USA),DAIMLERCHRYSLER CORPORATION (RESERVE),DETROIT (MICHIGAN)/USA
1004,2P7,,DAIMLERCHRYSLER(USA),DAIMLERCHRYSLER CORPORATION (RESERVE),DETROIT (MICHIGAN)/USA
1004,2P8,,DAIMLERCHRYSLER(USA),DAIMLERCHRYSLER CORPORATION (RESERVE),DETROIT (MICHIGAN)/USA
1004,2XE,,DAIMLERCHRYSLER (USA),DAIMLERCHRYSLER CORPORATION (RESERVE),DETROIT (MICHIGAN)/USA
1004,2XF,,DAIMLERCHRYSLER(USA),DAIMLERCHRYSLER CORP (RESERVE),DETROIT (MICHIGAN)/USA
1004,2XH,,DAIMLERCHRYSLER(USA),DAIMLERCHRYSLER CORPORATION (RESERVE),DETROIT (MICHIGAN)/USA
1004,2XM,,DAIMLERCHRYSLER(USA),DAIMLERCHRYSLER CORPORATION (RESERVE),DETROIT (MICHIGAN)/USA
1004,3B7,,CHRYSLER (USA),Chrysler Group LLC (AUTOMOBILES),"Auburn Hills, Michigan/USA"
1004,3C4,,CHRYSLER (USA),Chrysler Group LLC,"Auburn Hills, Michigan/USA"
1004,3D3,,CHRYSLER (USA),Chrysler Group LLC,"Auburn Hills, Michigan/USA"
1004,3D4,,CHRYSLER (USA),Chrysler Group LLC,"Auburn Hills, Michigan/USA"
1004,1AC,,DAIMLERCHRYSLER (USA),DAIMLERCHRYSLER CORPORATION (RESERVE),DETROIT (MICHIGAN)/USA
1004,3D8,,CHRYSLER (USA),Chrysler Group LLC,"Auburn Hills, Michigan/USA"
1004,3E4,,CHRYSLER (USA),Chrysler Group LLC,"Auburn Hills, Michigan/USA"
1004,4C3,,CHRYSLER (USA),Chrysler Group LLC (AUTOMOBILES),"Auburn Hills, Michigan/USA"
1004,4C3,,DAIMLERCHRYSLER(USA),DAIMLERCHRYSLER CORPORATION (RESERVE),DETROIT (MICHIGAN)/USA
1004,4J4,,DAIMLERCHRYSLER(USA),DAIMLERCHRYSLER CORPORATION (RESERVE),DETROIT (MICHIGAN)/USA
1004,1D6,,CHRYSLER (USA),Chrysler Group LLC (RESERVE),"Auburn Hills, Michigan/USA"
1004,1D6,,DAIMLERCHRYSLER(USA),DAIMLERCHRYSLER CORP (RESERVE),DETROIT (MICHIGAN)/USA
1004,1D7,,CHRYSLER (USA),Chrysler Group LLC (RESERVE),"Auburn Hills, Michigan/USA"
1004,1D7,,DAIMLERCHRYSLER(USA),DAIMLERCHRYSLER CORP (RESERVE),AUBURN HILLS (MICHIGAN)/USA
1004,1D8,,CHRYSLER (USA),Chrysler Group LLC (RESERVE),"Auburn Hills, Michigan/USA"
1004,1E6,,CHRYSLER (USA),Chrysler Group LLC (FARGO),"Auburn Hills, Michigan/USA"
1004,1E6,,DAIMLERCHRYSLER(USA),DAIMLERCHRYSLER CORP (FARGO/INCOMPLETE VEHICLE),DETROIT (MICHIGAN)/USA
1004,1E7,,CHRYSLER (USA),Chrysler Group LLC (FARGO),"Auburn Hills, Michigan/USA"
1004,1E7,,DAIMLERCHRYSLER(USA),DAIMLERCHRYSLER CORP (FARGO/TRUCK),DETROIT (MICHIGAN)/USA
1004,1E8,,CHRYSLER (USA),Chrysler Group LLC (RESERVE),"Auburn Hills, Michigan/USA"
1004,1E8,,DAIMLERCHRYSLER(USA),DAIMLERCHRYSLER CORP (RESERVE),DETROIT (MICHIGAN)/USA
1004,1JC,,DAIMLERCHRYSLER(USA),DAIMLERCHRYSLER CORPORATION (RESERVE),DETROIT (MICHIGAN)/USA
1004,1JD,,DAIMLERCHRYSLER (USA),DAIMLERCHRYSLER CORPORATION (RESERVE),DETROIT (MICHIGAN)/USA
1004,1JE,,DAIMLERCHRYSLER(USA),DAIMLERCHRYSLER CORP (FARGO/INCOMPLETE VEHICLE),DETROIT (MICHIGAN)/USA
1004,1JF,,DAIMLERCHRYSLER(USA),DAIMLERCHRYSLER CORPORATION (RESERVE),DETROIT (MICHIGAN)/USA
1004,1JH,,DAIMLERCHRYSLER(USA),DAIMLERCHRYSLER CORPORATION (RESERVE),DETROIT (MICHIGAN)/USA
1004,1P3,,CHRYSLER (USA),Chrysler Group LLC (PLYMOUTH),"Auburn Hills, Michigan/USA"
1004,1JM,,DAIMLERCHRYSLER (USA),DAIMLERCHRYSLER CORPORATION (RESERVE),DETROIT (MICHIGAN)/USA
1004,1JT,,DAIMLERCHRYSLER(USA),DAIMLERCHRYSLER CORPORATION (RESERVE),DETROIT (MICHIGAN)/USA
1004,1J3,,CHRYSLER (USA),Chrysler Group LLC (RESERVE),"Auburn Hills, Michigan/USA"
1004,1J3,,DAIMLERCHRYSLER(USA),DAIMLERCHRYSLER CORP (RESERVE PASSENGER CAR),AUBURN HILLS (MICHIGAN)/USA
1004,1J4,,CHRYSLER (USA),"Chrysler Group LLC (GRAND CHEROKEE, CHEROKEE&WRANGLER)","Auburn Hills, Michigan/USA"
1004,1J4,,DAIMLERCHRYSLER(USA),DAIMLERCHRYSLER CORP (RESERVE PASSENGER CAR),HIGHLAND PARK (MICHIGAN)/USA
1004,1J5,,CHRYSLER (USA),Chrysler Group LLC (RESERVE),"Auburn Hills, Michigan/USA"
1004,1J5,,DAIMLERCHRYSLER(USA),DAIMLERCHRYSLER CORP (RESERVE/PASSENGER CAR),DETROIT (MICHIGAN)/USA
1004,1J6,,CHRYSLER (USA),Chrysler Group LLC (RESERVE),"Auburn Hills, Michigan/USA"
1004,1J6,,DAIMLERCHRYSLER(USA),DAIMLERCHRYSLER CORP (RESERVE/PASSENGER CAR),AUBURN HILLS (MICHIGAN)/USA
1004,1J7,,DAIMLERCHRYSLER(USA),DAIMLERCHRYSLER CORP (RESERVE/PASSENGER CAR),AUBURN HILLS (MICHIGAN)/USA
1004,1J8,,CHRYSLER (USA),Chrysler Group LLC (RESERVE),"Auburn Hills, Michigan/USA"
1004,1J8,,DAIMLERCHRYSLER(USA),DAIMLERCHRYSLER CORP (RESERVE/PASSENGER CAR),DETROIT (MICHIGAN)/USA
1004,1P2,,CHRYSLER (USA),Chrysler Group LLC (RESERVE),"Auburn Hills, Michigan/USA"
1004,1E5,,DAIMLERCHRYSLER(USA),DAIMLERCHRYSLER CORP (RESERVE),DETROIT (MICHIGAN)/USA
1004,1E5,,CHRYSLER (USA),Chrysler Group LLC (FARGO),"Auburn Hills, Michigan/USA"
1004,1E4,,DAIMLERCHRYSLER(USA),DAIMLERCHRYSLER CORP (RESERVE),DETROIT (MICHIGAN)/USA
1004,1E4,,CHRYSLER (USA),Chrysler Group LLC (RESERVE),"Auburn Hills, Michigan/USA"
1004,1E3,,DAIMLERCHRYSLER(USA),DAIMLERCHRYSLER CORP (RESERVE),DETROIT (MICHIGAN)/USA
1004,1E3,,CHRYSLER (USA),Chrysler Group LLC (RESERVE),"Auburn Hills, Michigan/USA"
1004,1E2,,DAIMLERCHRYSLER(USA),DAIMLERCHRYSLER CORP (RESERVE),DETROIT (MICHIGAN)/USA
1004,1E2,,CHRYSLER (USA),Chrysler Group LLC (RESERVE),"Auburn Hills, Michigan/USA"
1004,1D8,,DAIMLERCHRYSLER(USA),DAIMLERCHRYSLER CORP (RESERVE),DETROIT (MICHIGAN)/USA
1006,5GZ,,GENERAL MOT-GMC(USA),General Motors Company,Detroit (Michigan)/USA
1006,1GT,,GENERAL MOT-GMC(USA),General Motors Company,Detroit (Michigan)/USA
1006,2G2,,GENERAL MOT-GMC(USA),General Motors Company,Detroit (Michigan)/USA
1006,2G3,,GENERAL MOT-GMC(USA),General Motors Company,Detroit (Michigan)/USA
1006,2G4,,GENERAL MOT-GMC(USA),General Motors Company,Detroit (Michigan)/USA
1006,2G5,,GENERAL MOT-GMC(USA),General Motors Company,Detroit (Michigan)/USA
1006,2G6,,GENERAL MOT-GMC(USA),General Motors Company,Detroit (Michigan)/USA
1006,2G7,,GENERAL MOT-GMC(USA),General Motors Company,Detroit (Michigan)/USA
1006,2G8,,GENERAL MOT-GMC(USA),General Motors Company,Detroit (Michigan)/USA
1006,3GN,,GENERAL MOT-GMC(USA),General Motors Company,Detroit (Michigan)/USA
1006,3GY,,GENERAL MOT-GMC(USA),General Motors Company,Detroit (Michigan)/USA
1006,4GD,,GENERAL MOT-GMC(USA),General Motors Company,Detroit (Michigan)/USA
1006,4GL,,GENERAL MOT-GMC(USA),General Motors Company,Detroit (Michigan)/USA
1006,4GT,,GENERAL MOT-GMC(USA),General Motors Company,Detroit (Michigan)/USA
1006,4G1,,GENERAL MOT-GMC(USA),General Motors Company,Detroit (Michigan)/USA
1006,4G2,,GENERAL MOT-GMC(USA),General Motors Company,Detroit (Michigan)/USA
1006,4G3,,GENERAL MOT-GMC(USA),General Motors Company,Detroit (Michigan)/USA
1006,4G5,,GENERAL MOT-GMC(USA),General Motors Company,Detroit (Michigan)/USA
1006,4KB,,GENERAL MOT-GMC(USA),General Motors Company,Detroit (Michigan)/USA
1006,2GT,,GENERAL MOT-GMC(USA),General Motors Company,Detroit (Michigan)/USA
1006,2GN,,GENERAL MOT-GMC(USA),General Motors Company,Detroit (Michigan)/USA
1006,2GM,,GENERAL MOT-GMC(USA),General Motors Company,Detroit (Michigan)/USA
1006,2GK,,GENERAL MOT-GMC(USA),General Motors Company,Detroit (Michigan)/USA
1006,2GJ,,GENERAL MOT-GMC(USA),General Motors Company,Detroit (Michigan)/USA
1006,2GH,,GENERAL MOT-GMC(USA),General Motors Company,Detroit (Michigan)/USA
1006,2GG,,GENERAL MOT-GMC(USA),General Motors Company,Detroit (Michigan)/USA
1006,2GF,,GENERAL MOT-GMC(USA),General Motors Company,Detroit (Michigan)/USA
1006,2GE,,GENERAL MOT-GMC(USA),General Motors Company,Detroit (Michigan)/USA
1006,4KD,,GENERAL MOT-GMC(USA),General Motors Company,Detroit (Michigan)/USA
1006,4KL,,GENERAL MOT-GMC(USA),General Motors Company,Detroit (Michigan)/USA
1006,4NS,,GENERAL MOT-GMC(USA),General Motors Company,Detroit (Michigan)/USA
1006,4NT,,GENERAL MOT-GMC(USA),General Motors Company,Detroit (Michigan)/USA
1006,4NU,,GENERAL MOT-GMC(USA),General Motors Company,Detroit (Michigan)/USA
1006,4NV,,GENERAL MOT-GMC(USA),General Motors Company,Detroit (Michigan)/USA
1006,4NW,,GENERAL MOT-GMC(USA),General Motors Company,Detroit (Michigan)/USA
1006,4W1,,GENERAL MOT-GMC(USA),General Motors Company,Detroit (Michigan)/USA
1006,4W2,,GENERAL MOT-GMC(USA),General Motors Company,Detroit (Michigan)/USA
1006,4W3,,GENERAL MOT-GMC(USA),General Motors Company,Detroit (Michigan)/USA
1006,4W4,,GENERAL MOT-GMC(USA),General Motors Company,Detroit (Michigan)/USA
1006,4W5,,GENERAL MOT-GMC(USA),General Motors Company,Detroit (Michigan)/USA
1006,5GA,,GENERAL MOT-GMC(USA),General Motors Company,Detroit (Michigan)/USA
1006,5GB,,GENERAL MOT-GMC(USA),General Motors Company,Detroit (Michigan)/USA
1006,5GC,,GENERAL MOT-GMC(USA),General Motors Company,Detroit (Michigan)/USA
1006,5GD,,GENERAL MOT-GMC(USA),General Motors Company,Detroit (Michigan)/USA
1006,5GJ,,GENERAL MOT-GMC(USA),General Motors Company,Detroit (Michigan)/USA
1006,5GK,,GENERAL MOT-GMC(USA),General Motors Company,Detroit (Michigan)/USA
1006,5GM,,GENERAL MOT-GMC(USA),General Motors Company,Detroit (Michigan)/USA
1006,5GN,,GENERAL MOT-GMC(USA),General Motors Company,Detroit (Michigan)/USA
1006,5GR,,GENERAL MOT-GMC(USA),General Motors Company,Detroit (Michigan)/USA
1006,5GT,,GENERAL MOT-GMC(USA),General Motors Company,Detroit (Michigan)/USA
1006,2G1,,GENERAL MOT-GMC(USA),General Motors Company,Detroit (Michigan)/USA
1006,2G0,,GENERAL MOT-GMC(USA),General Motors Company,Detroit (Michigan)/USA
1006,1GN,,GENERAL MOT-GMC(USA),General Motors Company,Detroit (Michigan)/USA
1006,5G3,,GENERAL MOT-GMC(USA),General Motors Company,Detroit (Michigan)/USA
1006,5G4,,GENERAL MOT-GMC(USA),General Motors Company,Detroit (Michigan)/USA
1006,5G5,,GENERAL MOT-GMC(USA),General Motors Company,Detroit (Michigan)/USA
1006,5G6,,GENERAL MOT-GMC(USA),General Motors Company,Detroit (Michigan)/USA
1006,5G7,,GENERAL MOT-GMC(USA),General Motors Company,Detroit (Michigan)/USA
1006,5G8,,GENERAL MOT-GMC(USA),General Motors Company,Detroit (Michigan)/USA
1006,5S3,,GENERAL MOT-GMC(USA),General Motors Company,Detroit (Michigan)/USA
1006,6G2,,GENERAL MOT-GMC(USA),General Motors Company,Detroit (Michigan)/USA
1006,2GD,,GENERAL MOT-GMC(USA),General Motors Company,Detroit (Michigan)/USA
1006,2GC,,GENERAL MOT-GMC(USA),General Motors Company,Detroit (Michigan)/USA
1006,2GB,,GENERAL MOT-GMC(USA),General Motors Company,Detroit (Michigan)/USA
1006,2GA,,GENERAL MOT-GMC(USA),General Motors Company,Detroit (Michigan)/USA
1006,1G8,,GENERAL MOT-GMC(USA),General Motors Company,Detroit (Michigan)/USA
1006,ADM,,GENERAL MOT-GMC(USA),General Motors Company,Detroit (Michigan)/USA
1006,1GB,,GENERAL MOT-GMC(USA),General Motors Company,Detroit (Michigan)/USA
1006,1GC,,GENERAL MOT-GMC(USA),General Motors Company,Detroit (Michigan)/USA
1006,1GD,,GENERAL MOT-GMC(USA),General Motors Company,Detroit (Michigan)/USA
1006,1GE,,GENERAL MOT-GMC(USA),General Motors Company,Detroit (Michigan)/USA
1006,1GG,,GENERAL MOT-GMC(USA),General Motors Company,Detroit (Michigan)/USA
1006,1GH,,GENERAL MOT-GMC(USA),General Motors Company,Detroit (Michigan)/USA
1006,1GJ,,GENERAL MOT-GMC(USA),General Motors Company,Detroit (Michigan)/USA
1006,1GK,,GENERAL MOT-GMC(USA),General Motors Company,Detroit (Michigan)/USA
1006,1GM,,GENERAL MOT-GMC(USA),General Motors Company,Detroit (Michigan)/USA
1006,5G2,,GENERAL MOT-GMC(USA),General Motors Company,Detroit (Michigan)/USA
1006,1G7,,GENERAL MOT-GMC(USA),General Motors Company,Detroit (Michigan)/USA
1006,1G6,,GENERAL MOT-GMC(USA),General Motors Company,Detroit (Michigan)/USA
1006,1G5,,GENERAL MOT-GMC(USA),General Motors Company,Detroit (Michigan)/USA
1006,1G4,,GENERAL MOT-GMC(USA),General Motors Company,Detroit (Michigan)/USA
1006,1G3,,GENERAL MOT-GMC(USA),General Motors Company,Detroit (Michigan)/USA
1006,1G2,,GENERAL MOT-GMC(USA),General Motors Company,Detroit (Michigan)/USA
1006,1G1,,GENERAL MOT-GMC(USA),General Motors Company,Detroit (Michigan)/USA
1006,1G0,,GENERAL MOT-GMC(USA),General Motors Company,Detroit (Michigan)/USA
1006,1GY,,GENERAL MOT-GMC(USA),General Motors Company,Detroit (Michigan)/USA
1006,5G1,,GENERAL MOT-GMC(USA),General Motors Company,Detroit (Michigan)/USA
1008,1HD,,HARLEY-DAVIDSON(USA),HARLEY-DAVIDSON MOTOR COMPANY (MOTORCYCLE),"MILWAUKEE, WISCONSIN/USA"
1008,MEG,,HARLEY-DAVIDSON(USA),HARLEY-DAVIDSON MOTOR COMPANY (MOTORCYCLE),"MILWAUKEE, WISCONSIN/USA"
1008,5HD,,HARLEY-DAVIDSON(USA),HARLEY-DAVIDSON MOTOR COMPANY (MOTORCYCLE),"MILWAUKEE, WISCONSIN/USA"
1010,454,,SUBARU-ISUZU (USA),SUBARU-ISUZU-AUTOMOTIVE INC (PASSENGER VEHICLES),LAFAYETTE (INDIANA)/USA
1010,453,,SUBARU-ISUZU (USA),SUBARU-ISUZU-AUTOMOTIVE INC (PASSENGER VEHICLES),LAFAYETTE (INDIANA)/USA
1010,4S4,,SUBARU-ISUZU (USA),SUBARU-ISUZU-AUTOMOTIVE INC (MULTI-PURPOSE VEHICLES),LAFAYETTE (INDIANA)/USA
1010,4S3,,SUBARU-ISUZU (USA),SUBARU-ISUZU-AUTOMOTIVE INC (PASSENGER VEHICLES),LAFAYETTE (INDIANA)/USA
1012,4MB,,MITSUBISHI (USA),MITSUBISHI MOTOR MANUFACT.OF AMERICA INC(PASSEN.CAR),NORMAL ILLINOIS/USA
1013,1HE,,INTER HARV-IHC (USA),INTERNATIONAL HARVESTER COMP (RESERVE),HINSDALE(ILL)/USA
1013,1HA,,INTER HARV-IHC (USA),INTERNATIONAL HARVESTER COMP (RESERVE),HINSDALE(ILL)/USA
1013,1HC,,INTER HARV-IHC (USA),INTERNATIONAL HARVESTER COMP (RESERVE),HINSDALE(ILL)/USA
1013,1HP,,INTER HARV-IHC (USA),INTERNATIONAL HARVESTER COMP (RESERVE),HINSDALE(ILL)/USA
1013,1HR,,INTER HARV-IHC (USA),INTERNATIONAL HARVESTER COMP(SCOUT/MP-PASSENGER VEH),HINSDALE(ILL)/USA
1013,1HS,,INTER HARV-IHC (USA),INTERNATIONAL HARVESTER COMP (RESERVE),HINSDALE(ILL)/USA
1013,1HT,,INTER HARV-IHC (USA),INTERNATIONAL HARVESTER COMP (TRUCK),HINSDALE(ILL)/USA
1013,1HV,,INTER HARV-IHC (USA),INTERNATIONAL HARVESTER COMP (BUS),HINSDALE(ILL)/USA
1023,1J3,,AM.MOT.COR.-AMC(USA),AMERICAN MOTORS CORPORATION,DETROIT U.SOUTHFIELD (MICHIGAN)/USA
1023,2C6,,AM.MOT.COR.-AMC(USA),AMERICAN MOTORS CORPORATION,DETROIT U.SOUTHFIELD (MICHIGAN)/USA
1023,1D4,,AM.MOT.COR.-AMC(USA),AMERICAN MOTORS CORPORATION,DETROIT U.SOUTHFIELD (MICHIGAN)/USA
1023,1D5,,AM.MOT.COR.-AMC(USA),AMERICAN MOTORS CORPORATION,DETROIT U.SOUTHFIELD (MICHIGAN)/USA
1023,1D6,,AM.MOT.COR.-AMC(USA),AMERICAN MOTORS CORPORATION,DETROIT U.SOUTHFIELD (MICHIGAN)/USA
1023,1D7,,AM.MOT.COR.-AMC(USA),AMERICAN MOTORS CORPORATION,DETROIT U.SOUTHFIELD (MICHIGAN)/USA
1023,1D8,,AM.MOT.COR.-AMC(USA),AMERICAN MOTORS CORPORATION,DETROIT U.SOUTHFIELD (MICHIGAN)/USA
1023,1E2,,AM.MOT.COR.-AMC(USA),AMERICAN MOTORS CORPORATION,DETROIT U.SOUTHFIELD (MICHIGAN)/USA
1023,1E3,,AM.MOT.COR.-AMC(USA),AMERICAN MOTORS CORPORATION,DETROIT U.SOUTHFIELD (MICHIGAN)/USA
1023,1E4,,AM.MOT.COR.-AMC(USA),AMERICAN MOTORS CORPORATION,DETROIT U.SOUTHFIELD (MICHIGAN)/USA
1023,1E5,,AM.MOT.COR.-AMC(USA),AMERICAN MOTORS CORPORATION,DETROIT U.SOUTHFIELD (MICHIGAN)/USA
1023,1E6,,AM.MOT.COR.-AMC(USA),AMERICAN MOTORS CORPORATION,DETROIT U.SOUTHFIELD (MICHIGAN)/USA
1023,1E7,,AM.MOT.COR.-AMC(USA),AMERICAN MOTORS CORPORATION,DETROIT U.SOUTHFIELD (MICHIGAN)/USA
1023,1E8,,AM.MOT.COR.-AMC(USA),AMERICAN MOTORS CORPORATION,DETROIT U.SOUTHFIELD (MICHIGAN)/USA
1023,1JC,,AM.MOT.COR.-AMC(USA),AMERICAN MOTORS CORP (JEEP/MP-PASSENGER VEHICLE),SOUTHFIELD (MICHIGAN)/USA
1023,1JD,,AM.MOT.COR.-AMC(USA),AMERICAN MOTORS CORP (JEEP/INCOMPLETE VEHICLE),SOUTHFIELD (MICHIGAN)/USA
1023,1JE,,AM.MOT.COR.-AMC(USA),AMERICAN MOTORS CORP (JEEP/EXPORT LHD),SOUTHFIELD (MICHIGAN)/USA
1023,1JF,,AM.MOT.COR.-AMC(USA),AMERICAN MOTORS CORP (JEEP/EXPORT RHD),SOUTHFIELD (MICHIGAN)/USA
1023,1JH,,AM.MOT.COR.-AMC(USA),AMERICAN MOTORS CORP (JEEP/RESERVE),SOUTHFIELD (MICHIGAN)/USA
1023,1JM,,AM.MOT.COR.-AMC(USA),AMERICAN MOTORS CORP (JEEP/RESERVE),SOUTHFIELD (MICHIGAN)/USA
1023,1JT,,AM.MOT.COR.-AMC(USA),AMERICAN MOTORS CORP (JEEP/TRUCK),SOUTHFIELD (MICHIGAN)/USA
1023,1D2,,AM.MOT.COR.-AMC(USA),AMERICAN MOTORS CORPORATION,DETROIT U.SOUTHFIELD (MICHIGAN)/USA
1023,1J4,,AM.MOT.COR.-AMC(USA),AMERICAN MOTORS CORPORATION,DETROIT U.SOUTHFIELD (MICHIGAN)/USA
1023,1J5,,AM.MOT.COR.-AMC(USA),AMERICAN MOTORS CORPORATION,DETROIT U.SOUTHFIELD (MICHIGAN)/USA
1023,1J6,,AM.MOT.COR.-AMC(USA),AMERICAN MOTORS CORPORATION,DETROIT U.SOUTHFIELD (MICHIGAN)/USA
1023,1J7,,AM.MOT.COR.-AMC(USA),AMERICAN MOTORS CORP (JEEP/EXPORT RHD),SOUTHFIELD (MICHIGAN)/USA
1023,1J8,,AM.MOT.COR.-AMC(USA),AMERICAN MOTORS CORPORATION,DETROIT U.SOUTHFIELD (MICHIGAN)/USA
1023,1P2,,AM.MOT.COR.-AMC(USA),AMERICAN MOTORS CORPORATION,DETROIT U.SOUTHFIELD (MICHIGAN)/USA
1023,1P3,,AM.MOT.COR.-AMC(USA),AMERICAN MOTORS CORPORATION,DETROIT U.SOUTHFIELD (MICHIGAN)/USA
1023,1C8,,AM.MOT.COR.-AMC(USA),AMERICAN MOTORS CORPORATION,DETROIT U.SOUTHFIELD (MICHIGAN)/USA
1023,1C7,,AM.MOT.COR.-AMC(USA),AMERICAN MOTORS CORPORATION,DETROIT U.SOUTHFIELD (MICHIGAN)/USA
1023,1C6,,AM.MOT.COR.-AMC(USA),AMERICAN MOTORS CORPORATION,DETROIT U.SOUTHFIELD (MICHIGAN)/USA
1023,1C5,,AM.MOT.COR.-AMC(USA),AMERICAN MOTORS CORPORATION,DETROIT U.SOUTHFIELD (MICHIGAN)/USA
1023,1C4,,AM.MOT.COR.-AMC(USA),AMERICAN MOTORS CORPORATION,DETROIT U.SOUTHFIELD (MICHIGAN)/USA
1023,1C3,,AM.MOT.COR.-AMC(USA),AMERICAN MOTORS CORPORATION,DETROIT U.SOUTHFIELD (MICHIGAN)/USA
1023,1C2,,AM.MOT.COR.-AMC(USA),AMERICAN MOTORS CORPORATION,DETROIT U.SOUTHFIELD (MICHIGAN)/USA
1023,1B8,,AM.MOT.COR.-AMC(USA),AMERICAN MOTORS CORPORATION,DETROIT U.SOUTHFIELD (MICHIGAN)/USA
1023,1B7,,AM.MOT.COR.-AMC(USA),AMERICAN MOTORS CORPORATION,DETROIT U.SOUTHFIELD (MICHIGAN)/USA
1023,1B6,,AM.MOT.COR.-AMC(USA),AMERICAN MOTORS CORPORATION,DETROIT U.SOUTHFIELD (MICHIGAN)/USA
1023,1B5,,AM.MOT.COR.-AMC(USA),AMERICAN MOTORS CORPORATION,DETROIT U.SOUTHFIELD (MICHIGAN)/USA
1023,1P4,,AM.MOT.COR.-AMC(USA),AMERICAN MOTORS CORPORATION,DETROIT U.SOUTHFIELD (MICHIGAN)/USA
1023,1P5,,AM.MOT.COR.-AMC(USA),AMERICAN MOTORS CORPORATION,DETROIT U.SOUTHFIELD (MICHIGAN)/USA
1023,1P6,,AM.MOT.COR.-AMC(USA),AMERICAN MOTORS CORPORATION,DETROIT U.SOUTHFIELD (MICHIGAN)/USA
1023,1P7,,AM.MOT.COR.-AMC(USA),AMERICAN MOTORS CORPORATION,DETROIT U.SOUTHFIELD (MICHIGAN)/USA
1023,1P8,,AM.MOT.COR.-AMC(USA),AMERICAN MOTORS CORPORATION,DETROIT U.SOUTHFIELD (MICHIGAN)/USA
1023,1UC,,AM.MOT.COR.-AMC(USA),AMERICAN MOTORS CORP (AMG/MP-PASSENGER VEHICLE),DETROIT (MICHIGAN)/USA
1023,1UD,,AM.MOT.COR.-AMC(USA),AMERICAN MOTORS CORP (AMG/INCOMPLETE VEHICLE),DETROIT (MICHIGAN)/USA
1023,1UE,,AM.MOT.COR.-AMC(USA),AMERICAN MOTORS CORP (AMG/EXPORT),DETROIT (MICHIGAN)/USA
1023,1UH,,AM.MOT.COR.-AMC(USA),AMERICAN MOTORS CORP (AMG/BUS),DETROIT (MICHIGAN)/USA
1023,1UM,,AM.MOT.COR.-AMC(USA),AMERICAN MOTORS CORP (AMG/RESERVE),DETROIT (MICHIGAN)/USA
1023,1UT,,AM.MOT.COR.-AMC(USA),AMERICAN MOTORS CORP (AMG/TRUCK),DETROIT (MICHIGAN)/USA
1023,1XE,,AM.MOT.COR.-AMC(USA),AMERICAN MOTORS CORP (AMC/RESERVE),SOUTHFIELD (MICHIGAN)/USA
1023,1XF,,AM.MOT.COR.-AMC(USA),AMERICAN MOTORS CORP (AMC/RESERVE),SOUTHFIELD (MICHIGAN)/USA
1023,1XH,,AM.MOT.COR.-AMC(USA),AMERICAN MOTORS CORP (AMC/RESERVE),SOUTHFIELD (MICHIGAN)/USA
1023,1XM,,AM.MOT.COR.-AMC(USA),AMERICAN MOTORS CORP (RENAULT/PASSENGER CAR),SOUTHFIELD (MICHIGAN)/USA
1023,1Z2,,AM.MOT.COR.-AMC(USA),AMERICAN MOTORS CORPORATION,DETROIT U.SOUTHFIELD (MICHIGAN)/USA
1023,1Z3,,AM.MOT.COR.-AMC(USA),AMERICAN MOTORS CORPORATION,DETROIT U.SOUTHFIELD (MICHIGAN)/USA
1023,1Z4,,AM.MOT.COR.-AMC(USA),AMERICAN MOTORS CORPORATION,DETROIT U.SOUTHFIELD (MICHIGAN)/USA
1023,1Z5,,AM.MOT.COR.-AMC(USA),AMERICAN MOTORS CORPORATION,DETROIT U.SOUTHFIELD (MICHIGAN)/USA
1023,1Z6,,AM.MOT.COR.-AMC(USA),AMERICAN MOTORS CORPORATION,DETROIT U.SOUTHFIELD (MICHIGAN)/USA
1023,1Z7,,AM.MOT.COR.-AMC(USA),AMERICAN MOTORS CORPORATION,DETROIT U.SOUTHFIELD (MICHIGAN)/USA
1023,1Z8,,AM.MOT.COR.-AMC(USA),AMERICAN MOTORS CORPORATION,DETROIT U.SOUTHFIELD (MICHIGAN)/USA
1023,2A2,,AM.MOT.COR.-AMC(USA),AMERICAN MOTORS CORPORATION,DETROIT U.SOUTHFIELD (MICHIGAN)/USA
1023,2A3,,AM.MOT.COR.-AMC(USA),AMERICAN MOTORS CORPORATION,DETROIT U.SOUTHFIELD (MICHIGAN)/USA
1023,2A4,,AM.MOT.COR.-AMC(USA),AMERICAN MOTORS CORPORATION,DETROIT U.SOUTHFIELD (MICHIGAN)/USA
1023,2A5,,AM.MOT.COR.-AMC(USA),AMERICAN MOTORS CORPORATION,DETROIT U.SOUTHFIELD (MICHIGAN)/USA
1023,2A6,,AM.MOT.COR.-AMC(USA),AMERICAN MOTORS CORPORATION,DETROIT U.SOUTHFIELD (MICHIGAN)/USA
1023,2A7,,AM.MOT.COR.-AMC(USA),AMERICAN MOTORS CORPORATION,DETROIT U.SOUTHFIELD (MICHIGAN)/USA
1023,2A8,,AM.MOT.COR.-AMC(USA),AMERICAN MOTORS CORPORATION,DETROIT U.SOUTHFIELD (MICHIGAN)/USA
1023,2BC,,AM.MOT.COR.-AMC(USA),AMERICAN MOTORS CORPORATION,DETROIT U.SOUTHFIELD (MICHIGAN)/USA
1023,2BD,,AM.MOT.COR.-AMC(USA),AMERICAN MOTORS CORPORATION,DETROIT U.SOUTHFIELD (MICHIGAN)/USA
1023,2BE,,AM.MOT.COR.-AMC(USA),AMERICAN MOTORS CORPORATION,DETROIT U.SOUTHFIELD (MICHIGAN)/USA
1023,2BF,,AM.MOT.COR.-AMC(USA),AMERICAN MOTORS CORPORATION,DETROIT U.SOUTHFIELD (MICHIGAN)/USA
1023,2BH,,AM.MOT.COR.-AMC(USA),AMERICAN MOTORS CORPORATION,DETROIT U.SOUTHFIELD (MICHIGAN)/USA
1023,2BM,,AM.MOT.COR.-AMC(USA),AMERICAN MOTORS CORPORATION,DETROIT U.SOUTHFIELD (MICHIGAN)/USA
1023,2BT,,AM.MOT.COR.-AMC(USA),AMERICAN MOTORS CORPORATION,DETROIT U.SOUTHFIELD (MICHIGAN)/USA
1023,2B2,,AM.MOT.COR.-AMC(USA),AMERICAN MOTORS CORPORATION,DETROIT U.SOUTHFIELD (MICHIGAN)/USA
1023,2B3,,AM.MOT.COR.-AMC(USA),AMERICAN MOTORS CORPORATION,DETROIT U.SOUTHFIELD (MICHIGAN)/USA
1023,2B4,,AM.MOT.COR.-AMC(USA),AMERICAN MOTORS CORPORATION,DETROIT U.SOUTHFIELD (MICHIGAN)/USA
1023,2B5,,AM.MOT.COR.-AMC(USA),AMERICAN MOTORS CORPORATION,DETROIT U.SOUTHFIELD (MICHIGAN)/USA
1023,2B6,,AM.MOT.COR.-AMC(USA),AMERICAN MOTORS CORP (JEEP/RESERVE),SOUTHFIELD (MICHIGAN)/USA
1023,2B7,,AM.MOT.COR.-AMC(USA),AMERICAN MOTORS CORPORATION,DETROIT U.SOUTHFIELD (MICHIGAN)/USA
1023,2B8,,AM.MOT.COR.-AMC(USA),AMERICAN MOTORS CORPORATION,DETROIT U.SOUTHFIELD (MICHIGAN)/USA
1023,2CC,,AM.MOT.COR.-AMC(USA),AMERICAN MOTORS CORPORATION,DETROIT U.SOUTHFIELD (MICHIGAN)/USA
1023,2CD,,AM.MOT.COR.-AMC(USA),AMERICAN MOTORS CORPORATION,DETROIT U.SOUTHFIELD (MICHIGAN)/USA
1023,2CE,,AM.MOT.COR.-AMC(USA),AMERICAN MOTORS CORPORATION,DETROIT U.SOUTHFIELD (MICHIGAN)/USA
1023,2CF,,AM.MOT.COR.-AMC(USA),AMERICAN MOTORS CORPORATION,DETROIT U.SOUTHFIELD (MICHIGAN)/USA
1023,2CH,,AM.MOT.COR.-AMC(USA),AMERICAN MOTORS CORPORATION,DETROIT U.SOUTHFIELD (MICHIGAN)/USA
1023,2CM,,AM.MOT.COR.-AMC(USA),AMERICAN MOTORS CORPORATION,DETROIT U.SOUTHFIELD (MICHIGAN)/USA
1023,2C3,,AM.MOT.COR.-AMC(USA),AMERICAN MOTORS CORPORATION,DETROIT U.SOUTHFIELD (MICHIGAN)/USA
1023,2C4,,AM.MOT.COR.-AMC(USA),AMERICAN MOTORS CORPORATION,DETROIT U.SOUTHFIELD (MICHIGAN)/USA
1023,1B4,,AM.MOT.COR.-AMC(USA),AMERICAN MOTORS CORPORATION,DETROIT U.SOUTHFIELD (MICHIGAN)/USA
1023,2D2,,AM.MOT.COR.-AMC(USA),AMERICAN MOTORS CORPORATION,DETROIT U.SOUTHFIELD (MICHIGAN)/USA
1023,2D3,,AM.MOT.COR.-AMC(USA),AMERICAN MOTORS CORPORATION,DETROIT U.SOUTHFIELD (MICHIGAN)/USA
1023,2D4,,AM.MOT.COR.-AMC(USA),AMERICAN MOTORS CORPORATION,DETROIT U.SOUTHFIELD (MICHIGAN)/USA
1023,2D6,,AM.MOT.COR.-AMC(USA),AMERICAN MOTORS CORPORATION,DETROIT U.SOUTHFIELD (MICHIGAN)/USA
1023,2D7,,AM.MOT.COR.-AMC(USA),AMERICAN MOTORS CORPORATION,DETROIT U.SOUTHFIELD (MICHIGAN)/USA
1023,2E2,,AM.MOT.COR.-AMC(USA),AMERICAN MOTORS CORPORATION,DETROIT U.SOUTHFIELD (MICHIGAN)/USA
1023,2E3,,AM.MOT.COR.-AMC(USA),AMERICAN MOTORS CORPORATION,DETROIT U.SOUTHFIELD (MICHIGAN)/USA
1023,2E4,,AM.MOT.COR.-AMC(USA),AMERICAN MOTORS CORPORATION,DETROIT U.SOUTHFIELD (MICHIGAN)/USA
1023,2E5,,AM.MOT.COR.-AMC(USA),AMERICAN MOTORS CORPORATION,DETROIT U.SOUTHFIELD (MICHIGAN)/USA
1023,2E6,,AM.MOT.COR.-AMC(USA),AMERICAN MOTORS CORPORATION,DETROIT U.SOUTHFIELD (MICHIGAN)/USA
1023,2E7,,AM.MOT.COR.-AMC(USA),AMERICAN MOTORS CORPORATION,DETROIT U.SOUTHFIELD (MICHIGAN)/USA
1023,2E8,,AM.MOT.COR.-AMC(USA),AMERICAN MOTORS CORPORATION,DETROIT U.SOUTHFIELD (MICHIGAN)/USA
1023,2J4,,AM.MOT.COR.-AMC(USA),AMERICAN MOTORS CORPORATION,DETROIT U.SOUTHFIELD (MICHIGAN)/USA
1023,2P2,,AM.MOT.COR.-AMC(USA),AMERICAN MOTORS CORPORATION,DETROIT U.SOUTHFIELD (MICHIGAN)/USA
1023,2P3,,AM.MOT.COR.-AMC(USA),AMERICAN MOTORS CORPORATION,DETROIT U.SOUTHFIELD (MICHIGAN)/USA
1023,2P4,,AM.MOT.COR.-AMC(USA),AMERICAN MOTORS CORPORATION,DETROIT U.SOUTHFIELD (MICHIGAN)/USA
1023,2P5,,AM.MOT.COR.-AMC(USA),AMERICAN MOTORS CORPORATION,DETROIT U.SOUTHFIELD (MICHIGAN)/USA
1023,2P6,,AM.MOT.COR.-AMC(USA),AMERICAN MOTORS CORPORATION,DETROIT U.SOUTHFIELD (MICHIGAN)/USA
1023,2P7,,AM.MOT.COR.-AMC(USA),AMERICAN MOTORS CORPORATION,DETROIT U.SOUTHFIELD (MICHIGAN)/USA
1023,2P8,,AM.MOT.COR.-AMC(USA),AMERICAN MOTORS CORPORATION,DETROIT U.SOUTHFIELD (MICHIGAN)/USA
1023,2XE,,AM.MOT.COR.-AMC(USA),AMERICAN MOTORS CORPORATION,DETROIT U.SOUTHFIELD (MICHIGAN)/USA
1023,2XF,,AM.MOT.COR.-AMC(USA),AMERICAN MOTORS CORPORATION,DETROIT U.SOUTHFIELD (MICHIGAN)/USA
1023,2XH,,AM.MOT.COR.-AMC(USA),AMERICAN MOTORS CORPORATION,DETROIT U.SOUTHFIELD (MICHIGAN)/USA
1023,2XM,,AM.MOT.COR.-AMC(USA),AMERICAN MOTORS CORPORATION,DETROIT U.SOUTHFIELD (MICHIGAN)/USA
1023,4C3,,AM.MOT.COR.-AMC(USA),AMERICAN MOTORS CORPORATION,DETROIT U.SOUTHFIELD (MICHIGAN)/USA
1023,4J4,,AM.MOT.COR.-AMC(USA),AMERICAN MOTORS CORPORATION,DETROIT U.SOUTHFIELD (MICHIGAN)/USA
1023,1B3,,AM.MOT.COR.-AMC(USA),AMERICAN MOTORS CORPORATION,DETROIT U.SOUTHFIELD (MICHIGAN)/USA
1023,1B2,,AM.MOT.COR.-AMC(USA),AMERICAN MOTORS CORPORATION,DETROIT U.SOUTHFIELD (MICHIGAN)/USA
1023,1A8,,AM.MOT.COR.-AMC(USA),AMERICAN MOTORS CORPORATION,DETROIT U.SOUTHFIELD (MICHIGAN)/USA
1023,1A7,,AM.MOT.COR.-AMC(USA),AMERICAN MOTORS CORPORATION,DETROIT U.SOUTHFIELD (MICHIGAN)/USA
1023,1A6,,AM.MOT.COR.-AMC(USA),AMERICAN MOTORS CORPORATION,DETROIT U.SOUTHFIELD (MICHIGAN)/USA
1023,1A5,,AM.MOT.COR.-AMC(USA),AMERICAN MOTORS CORP (AMC/PASSENGER CAR),SOUTHFIELD (MICHIGAN)/USA
1023,1A3,,AM.MOT.COR.-AMC(USA),AMERICAN MOTORS CORPORATION,DETROIT U.SOUTHFIELD (MICHIGAN)/USA
1023,1A2,,AM.MOT.COR.-AMC(USA),AMERICAN MOTORS CORPORATION,DETROIT U.SOUTHFIELD (MICHIGAN)/USA
1023,1AT,,AM.MOT.COR.-AMC(USA),AMERICAN MOTORS CORP (AMC/RESERVE),SOUTHFIELD (MICHIGAN)/USA
1023,1AM,,AM.MOT.COR.-AMC(USA),AMERICAN MOTORS CORP (AMC/PASSENGER CAR),SOUTHFIELD (MICHIGAN)/USA
1023,1AH,,AM.MOT.COR.-AMC(USA),AMERICAN MOTORS CORP (AMC/RESERVE),SOUTHFIELD (MICHIGAN)/USA
1023,1AE,,AM.MOT.COR.-AMC(USA),AMERICAN MOTORS CORP (AMC/EXPORT),SOUTHFIELD (MICHIGAN)/USA
1023,1AD,,AM.MOT.COR.-AMC(USA),AMERICAN MOTORS CORP (AMC/INCOMPLETE VEHICLE),SOUTHFIELD (MICHIGAN)/USA
1023,1D3,,AM.MOT.COR.-AMC(USA),AMERICAN MOTORS CORPORATION,DETROIT U.SOUTHFIELD (MICHIGAN)/USA
1023,1AC,,AM.MOT.COR.-AMC(USA),AMERICAN MOTORS CORP (AMC/MP-PASSENGER VEHICLE),SOUTHFIELD (MICHIGAN)/USA
1028,4N2,,FORD (USA),FORD MOTOR COMPANY (MULTIPURPOSE PASSENGER VEHICLE),DEARBORN (MICHIGAN)/USA
1028,1FM,,FORD (USA),FORD MOTOR COMPANY (FORD/MULTIPURPOSE PASSENGER VEH),DEARBORN (MICHIGAN)/USA
1028,1F7,,FORD (USA),FORD MOTOR COMPANY (RESERVE),DEARBORN (MICHIGAN)/USA
1028,1F8,,FORD (USA),FORD MOTOR COMPANY (RESERVE),DEARBORN (MICHIGAN)/USA
1028,1LJ,,FORD (USA),FORD MOTOR COMPANY (LINCOLN/INCOMPLETE VEHICLE),DEARBORN (MICHIGAN)/USA
1028,1LN,,FORD (USA),FORD MOTOR COMPANY (LINCOLN/PASSENGER CAR),DEARBORN (MICHIGAN)/USA
1028,1L1,,FORD (USA),FORD MOTOR COMPANY (LINCOLN/RESERVE),DEARBORN (MICHIGAN)/USA
1028,1ME,,FORD (USA),FORD MOTOR COMPANY (MERCURY/PASSENGER CAR),DEARBORN (MICHIGAN)/USA
1028,1MH,,FORD (USA),FORD MOTOR COMPANY (MERCURY/INCOMPLETE VEHICLE),DEARBORN (MICHIGAN)/USA
1028,1MR,,FORD (USA),FORD MOTOR COMPANY (CONTINENTAL/PASSENGER CAR),DEARBORN (MICHIGAN)/USA
1028,1NJ,,FORD (USA),FORD MOTOR COMPANY (CONTINENTAL/INCOMPLETE VEHICLE),DEARBORN (MICHIGAN)/USA
1028,1ZV,,FORD (USA),FORD MOTOR COMPANY (PASSENGER CAR),DEARBORN (MICHIGAN)/USA
1028,2FA,,FORD (USA),FORD MOTOR COMPANY,DEARBORN (MICHIGAN)/USA
1028,2FM,,FORD (USA),FORD MOTOR COMPANY (PASSENGER CAR),DEARBORN (MICHIGAN) / USA
1028,2LJ,,FORD (USA),FORD MOTOR COMPANY,DEARBORN (MICHIGAN)/USA
1028,2LM,,FORD (USA),FORD MOTOR COMPANY,DEARBORN (MICHIGAN)/USA
1028,2LN,,FORD (USA),FORD MOTOR COMPANY (PASSENGER CAR),DEARBORN (MICHIGAN)/USA
1028,4F2,,FORD (USA),FORD MOTOR COMPANY (MULTIPURPOSE PASSENGER VEHICLE),DEARBORN (MICHIGAN)/USA
1028,4F3,,FORD (USA),FORD MOTOR COMPANY,DEARBORN (MICHIGAN)/USA
1028,4F4,,FORD (USA),FORD MOTOR COMPANY,DEARBORN (MICHIGAN)/USA
1028,4L0,,FORD (USA),FORD MOTOR COMPANY,DEARBORN (MICHIGAN)/USA
1028,4M2,,FORD (USA),FORD MOTOR COMPANY (MULTIPURPOSE PASSENGER VEHICLE),DEARBORN (MICHIGAN)/USA
1028,4M3,,FORD (USA),FORD MOTOR COMPANY,DEARBORN (MICHIGAN)/USA
1028,4M4,,FORD (USA),FORD MOTOR COMPANY,DEARBORN (MICHIGAN)/USA
1028,1F6,,FORD (USA),FORD MOTOR COMPANY (RESERVE),DEARBORN (MICHIGAN)/USA
1028,1F5,,FORD (USA),FORD MOTOR COMPANY (RESERVE),DEARBORN (MICHIGAN)/USA
1028,4N4,,FORD (USA),FORD MOTOR COMPANY,DEARBORN (MICHIGAN)/USA
1028,5LD,,FORD (USA),FORD MOTOR COMPANY,DEARBORN (MICHIGAN)/USA
1028,5LM,,FORD (USA),FORD MOTOR COMPANY,DEARBORN (MICHIGAN)/USA
1028,5LT,,FORD (USA),FORD MOTOR COMPANY (FORD/TRUCK),DEARBORN (MICHIGAN)/USA
1028,5L1,,FORD (USA),FORD MOTOR COMPANY (PASSENGER CAR),DEARBORN (MICHIGAN)/USA
1028,1FA,,FORD (USA),FORD MOTOR COMPANY (FORD/PASSENGER CAR),DEARBORN (MICHIGAN)/USA
1028,1FB,,FORD (USA),FORD MOTOR COMPANY (FORD/BUS),DEARBORN (MICHIGAN)/USA
1028,1FC,,FORD (USA),FORD MOTOR COMPANY (FORD/TRUCK STRIPPED CHASSIS US),DEARBORN (MICHIGAN)/USA
1028,1FD,,FORD (USA),FORD MOTOR COMPANY (FORD/INCOMPLETE VEHICLE),DEARBORN (MICHIGAN)/USA
1028,1F4,,FORD (USA),FORD MOTOR COMPANY (RESERVE),DEARBORN (MICHIGAN)/USA
1028,1F3,,FORD (USA),FORD MOTOR COMPANY (RESERVE),DEARBORN (MICHIGAN)/USA
1028,1F2,,FORD (USA),FORD MOTOR COMPANY (RESERVE),DEARBORN (MICHIGAN)/USA
1028,1F1,,FORD (USA),FORD MOTOR COMPANY (RESERVE),DEARBORN (MICHIGAN)/USA
1028,1F0,,FORD (USA),FORD MOTOR COMPANY (RESERVE),DEARBORN (MICHIGAN)/USA
1028,1FT,,FORD (USA),FORD MOTOR COMPANY (FORD/TRUCK),DEARBORN (MICHIGAN)/USA
1028,1FR,,FORD (USA),FORD MOTOR COMPANY (RESERVE),DEARBORN (MICHIGAN)/USA
1028,4N3,,FORD (USA),FORD MOTOR COMPANY,DEARBORN (MICHIGAN)/USA
1028,1FL,,FORD (USA),FORD MOTOR COMPANY (RESERVE),DEARBORN (MICHIGAN)/USA
1028,1FJ,,FORD (USA),FORD MOTOR COMPANY (JET/PASSENGER ELECTRIC VEHICLE),DEARBORN (MICHIGAN)/USA
1028,1FF,,FORD (USA),FORD MOTOR COMPANY (FORD/GLIDERS),DEARBORN (MICHIGAN)/USA
1029,95Z,,BUELL (USA),BUELL MOTORCYCLE COMPANY,WISCONSIN/USA
1029,5MZ,,BUELL (USA),BUELL MOTORCYCLE COMPANY,WISCONSIN/USA
1029,4MZ,,BUELL (USA),BUELL MOTORCYCLE COMPANY,WISCONSIN/USA
1031,W09,A53,A+A HAHN,A+A HAHN GMBH,NEUMÜNSTER
1032,1YZ,,MAZDA (USA),"MAZDA (NORTH AMERICA), INC. (PASSENGER CAR)",IRVINE/USA
1032,1YV,,MAZDA (USA),"MAZDA (NORTH AMERICA), INC. (PASSENGER CAR)",FLAT ROCK/USA
1032,1ZV,,MAZDA (USA),"MAZDA (NORTH AMERICA), INC. (PASSENGER CAR)",IRVINE/USA
1032,4F2,,MAZDA (USA),"MAZDA (NORTH AMERICA), INC. (PASSENGER CAR)",FLAT ROCK/USA
1032,4F4,,MAZDA (USA),"MAZDA (NORTH AMERICA), INC.",FLAT ROCK/USA
1038,W09,R47,RTU-ROCHOLL,RTU-Rocholl Transport-u. Umwelttechnik GmbH (Anhänger),Pinneberg
1044,UH2,,THULE (DK),THULE TRAILERS A/S (ANH.),AABY (DK)
1044,YU1,,THULE (DK),THULE TRAILERS A/S (ANH.),AABY (DK)
1045,1C9,087,CONVERTO (USA),CONVERTO MFG DIV OF CEGO INC (COMMERCIAL TRAILER),LAMBRIDGE CITY (INDIANA)/USA
1046,1CY,,CRANE CARRIER (USA),CRANE CARRIER CORPORATION (TRUCK),TULSA (OKLAHOMA)/USA
1048,4MB,,DIAMOND (USA),DIAMOND STAR MOTORS CORPORATION (COMMERCIAL VEHICL.),NORMAL (ILLINOIS)/USA
1048,4A4,,DIAMOND (USA),DIAMOND STAR MOTORS CORPORATION (PASSENGER CARS),NORMAL (ILLINOIS)/USA
1048,4B3,,DIAMOND (USA),DIAMOND STAR MOTORS CORPORATION (PASSENGER CARS),NORMAL (ILLINOIS)/USA
1048,4B4,,DIAMOND (USA),DIAMOND STAR MOTORS CORPORATION (PASSENGER CARS),NORMAL (ILLINOIS)/USA
1048,4A3,,DIAMOND (USA),DIAMOND STAR MOTORS CORPORATION (PASSENGER CARS),NORMAL (ILLINOIS)/USA
1048,4E3,,DIAMOND (USA),DIAMOND STAR MOTORS CORPORATION (PASSENGER CARS),NORMAL (ILLINOIS)/USA
1048,4E4,,DIAMOND (USA),DIAMOND STAR MOTORS CORPORATION (PASSENGER CARS),NORMAL (ILLINOIS)/USA
1048,4P3,,DIAMOND (USA),DIAMOND STAR MOTORS CORPORATION (PASSENGER CARS),NORMAL (ILLINOIS)/USA
1057,W09,J35,JACKSON,Jackson Promotionmobile (Anhänger),Welver-Scheidingen
1058,XL9,039,TALSON (NL),TALSON TRANSPORT ENGINEERING B.V. (ANHAENGER),MIERLO/NL
1058,XL9,508,TALSON (NL),TALSON TRAILERS B.V.,MAASBREE/NL
1061,1E9,015,EIDAL (USA),EIDAL INTERNATIONAL CORP (CUSTOM BUILT/TRAILER),ALBUQUERQUE (NEW MEXIKO)/USA
1062,1F9,ST2,FWD CORP.(USA),FWD CORPORATION (SEAGRAVE/TRUCK),CLINTONVILLE (WISCONSIN)/USA
1062,1F9,FT1,FWD CORP. (USA),FWD CORPORATION (FWD/TRUCK),CLINTONVILLE (WISCONSIN)/USA
1062,1F9,FT2,FWD CORP. (USA),FWD CORPORATION (FWD/TRUCK),CLINTONVILLE (WISCONSIN)/USA
1062,1F9,ST1,FWD CORP.(USA),FWD CORPORATION (SEAGRAVE/TRUCK),CLINTONVILLE (WISCONSIN)/USA
1064,11A,,ALUMINIUM BODY (USA),ALUMINIUM BODY CORP (COMMERCIAL TRAILER),MONTEBELLO (CALIFORNIA)/USA
1067,W09,KB4,KOMPTECH,KOMPTECH UMWELTTECHNIK DEUTSCHLAND GMBH (ANHAENGER),OELDE
1069,1CM,,CHECKER (USA),CHECKER GAB MFG CORP (PASSENGER CAR),KALAMAZOO (MICHIGAN)/USA
1070,XMG,,VDL BUS (NL),VDL BUS INTERNATIONAL BV,EINDHOVEN/NIEDERLANDE
1074,4H0,,INGERSOLL-RAND (USA),Ingersoll-Rand Co,Mocksville/USA
1074,5J5,,INGERSOLL-RAND (USA),INGERSOLL-RAND Club Car Inc.,Augusta/USA
1075,LE8,,HUANAN MOTORS (RC),HUANAN MOTORS INDUSTRIAL CO LTD,GUANGDONG/CHINA
1083,1M1,,MACK.TRUCKS (USA),MACK TRUCKS INC (TRUCK),ALLENTOWN (PENNSYLVANIA)/USA
1083,1M4,,MACK.TRUCKS (USA),MACK TRUCKS INC (RESERVE),ALLENTOWN (PENNSYLVANIA)/USA
1083,1M3,,MACK.TRUCKS (USA),MACK TRUCKS INC (RESERVE),ALLENTOWN (PENNSYLVANIA)/USA
1083,1M2,,MACK.TRUCKS (USA),MACK TRUCKS INC (INCOMPLETE VEHICLE),ALLENTOWN (PENNSYLVANIA)/USA
1084,TX9,018,CONSTRUCOES PLUMA (P),CONSTRUCOES PLUMA LDA,VILA NOVA DE GAIA/PORTUGAL
1085,VA4,,GENERIC MOTOR D.(A),GENERIC MOTOR DISTRIBUTION GMBH (KRAEDER),KREMS (A)
1085,VA4,,GENERIC MOTOR (A),GENERIC MOTOR DISTRIBUTION GMBH (KRAEDER),KREMS (A)
1092,1DT,,DORSEY (USA),DORSEY TRAILERS INC (COMMERCIAL TRAILER),ELBA (ALABAMA)/USA
1094,1B9,285,Boss Hoss(USA),Boss Hoss Cycles Inc.,Dyersburg(USA)
1102,VM4,,CHEREAU (F),JEAN CHEREAU S.A.S. (ANHÄNGER),DUCEY/FRANKREICH
1105,W09,A34,ANSCHAU TECHNIK,ANSCHAU TECHNIK GMBH,WALDLAUBERSHEIM
1108,WNR,,NOVOTRUCK,NOVOTRUCK TEMPERATURE CONTR. VEH. & PATRS,VERSMOLD
1109,1WK,,WHITE MOTOR (USA),WHITE MOTOR CORP,EASTLAKE (OHIO)/USA
1109,1WM,,WHITE MOTOR (USA),WHITE MOTOR CORP,EASTLAKE (OHIO)/USA
1109,1WU,,WHITE MOTOR (USA),WHITE MOTOR CORP,EASTLAKE (OHIO)/USA
1109,1WX,,WHITE MOTOR (USA),WHITE MOTOR CORP,EASTLAKE (OHIO)/USA
1109,1WY,,WHITE MOTOR (USA),WHITE MOTOR CORP,EASTLAKE (OHIO)/USA
1109,1WP,,WHITE MOTOR (USA),WHITE MOTOR CORP,EASTLAKE (OHIO)/USA
1109,1WN,,WHITE MOTOR (USA),WHITE MOTOR CORP,EASTLAKE (OHIO)/USA
1109,1WH,,WHITE MOTOR (USA),WHITE MOTOR CORP,EASTLAKE (OHIO)/USA
1109,1WL,,WHITE MOTOR (USA),WHITE MOTOR CORP,EASTLAKE (OHIO)/USA
1109,1WJ,,WHITE MOTOR (USA),WHITE MOTOR CORP,EASTLAKE (OHIO)/USA
1109,1WS,,WHITE MOTOR (USA),WHITE MOTOR CORP,EASTLAKE (OHIO)/USA
1109,1WA,,WHITE MOTOR (USA),WHITE MOTOR CORP,EASTLAKE (OHIO)/USA
1109,1WB,,WHITE MOTOR (USA),WHITE MOTOR CORP,EASTLAKE (OHIO)/USA
1109,1WD,,WHITE MOTOR (USA),WHITE MOTOR CORP,EASTLAKE (OHIO)/USA
1109,1WE,,WHITE MOTOR (USA),WHITE MOTOR CORP,EASTLAKE (OHIO)/USA
1111,1ML,,MILLER (USA),MILLER TRAILERS INC (TRAILER),BRADENTOR (FLORIDA)/USA
1113,X9L,,AVTOVAZ (RUS),AVTOVAZ,TOGLIATTI (RUS)
1113,X7G,,AVTOVAZ (RUS),AVTOVAZ,Togliatti/Russland
1113,XTA,,AVTOVAZ (RUS),PJSC AVTOVAZ,Togliatti/Russland
1113,XTA,,AVTOVAZ (RUS),PAO AVTOVAZ,Togliatti/Russland
1123,1H1,,FRUEHAUF (USA),FRUEHAUF CORPORATION (RESERVE),DETROIT (MICHIGAN)/USA
1123,1H8,,FRUEHAUF (USA),FRUEHAUF CORP (RESERVE),DETROIT (MICHIGAN)/USA
1123,1H2,,FRUEHAUF (USA),FRUEHAUF CORP (FRUEHAUF/TRAILER),DETROIT (MICHIGAN)/USA
1123,1H3,,FRUEHAUF (USA),FRUEHAUF CORP (FRUEHAUF/BRANCH BUILT TRAILER),DETROIT (MICHIGAN)/USA
1123,1H4,,FRUEHAUF (USA),FRUEHAUF CORP (LIQUID & BULK TANK/TRAILER),DETROIT (MICHIGAN)/USA
1123,1H5,,FRUEHAUF (USA),FRUEHAUF CORP (HOBBS/TRAILER),DETROIT (MICHIGAN)/USA
1123,1H6,,FRUEHAUF (USA),FRUEHAUF CORP (RES.& DEV./TRAILER),DETROIT (MICHIGAN)/USA
1123,1H7,,FRUEHAUF (USA),FRUEHAUF CORP (GOVERNMENT SERVICES/TRAILER),DETROIT (MICHIGAN)/USA
1128,17N,,DEERE (USA),DEERE & COMPANY (TRACTOR),"MOLINE,ILLINOIS/USA"
1129,W09,T51,TUNGER,Spezialfahrzeugbau TUNGER exklusiv,Reichenbach
1130,1S2,,STRICK & CO (USA),STRICK CORP (TRUCK),FORT WASHINGTON (PENNSYLVANIA)/USA
1130,1S1,,STRICK & CO (USA),STRICK CORP (TRAILER),FORT WASHINGTON (PENNSYLVANIA)/USA
1130,1S3,,STRICK & CO (USA),STRICK CORP (RESERVE),FORT WASHINGTON (PENNSYLVANIA)/USA
1140,49N,,STEWART (USA),STEWART & STEVENSON SERVICES INC,HOUSTON (TEXAS)/USA
1140,4AH,,STEWART (USA),STEWART & STEVENSON SERVICES INC,HOUSTON (TEXAS)/USA
1140,1S9,299,STEWART (USA),STEWART & STEVENSON SERVICES INC,HOUSTON (TEXAS)/USA
1148,476,,GROVE INTERNAT. (USA),GROVE INTERNATIONAL CORP,GROVE SHADY (PENNSYLVANIA)/USA
1150,1GJ,,GMC TRUCK/COACH(USA),GENERAL MOTORS CORP (GMC/TRUCK),DETROIT (MICHIGAN)/USA
1150,1GT,,GMC TRUCK/COACH(USA),GENERAL MOTORS CORP (GMC/TRUCK),DETROIT (MICHIGAN)/USA
1150,1GY,,GMC TRUCK/COACH(USA),GENERAL MOTORS CORPORATION,DETROIT (MICHIGAN)/USA
1150,1G0,,GMC TRUCK/COACH(USA),GENERAL MOTORS CORPORATION (RESERVE),WARREN (MICHIGAN)/USA
1150,1G1,,GMC TRUCK/COACH(USA),GENERAL MOTORS CORP (PASSENGER CAR),WARREN (MICHIGAN)/USA
1150,1G2,,GMC TRUCK/COACH(USA),GENERAL MOTORS CORPORATION (PASSENGER CAR),WARREN (MICHIGAN)/USA
1150,1G3,,GMC TRUCK/COACH(USA),GENERAL MOTORS CORPORATION,DETROIT (MICHIGAN)/USA
1150,1G4,,GMC TRUCK/COACH(USA),GENERAL MOTORS CORPORATION,DETROIT (MICHIGAN)/USA
1150,1G5,,GMC TRUCK/COACH(USA),GENERAL MOTORS CORPORATION (RESERVE),WARREN (MICHIGAN)/USA
1150,1G6,,GMC TRUCK/COACH(USA),GENERAL MOTORS CORPORATION,DETROIT (MICHIGAN)/USA
1150,1G7,,GMC TRUCK/COACH(USA),GENERAL MOTORS CORPORATION,DETROIT (MICHIGAN)/USA
1150,1G8,,GMC TRUCK/COACH(USA),GENERAL MOTORS CORPORATION (RESERVE),WARREN (MICHIGAN)/USA
1150,2GA,,GMC TRUCK/COACH(USA),GENERAL MOTORS CORPORATION,DETROIT (MICHIGAN)/USA
1150,2GB,,GMC TRUCK/COACH(USA),GENERAL MOTORS CORP (GMC/TRUCK),DETROIT (MICHIGAN)/USA
1150,2GC,,GMC TRUCK/COACH(USA),GENERAL MOTORS CORPORATION,DETROIT (MICHIGAN)/USA
1150,2GD,,GMC TRUCK/COACH(USA),GENERAL MOTORS CORPORATION,DETROIT (MICHIGAN)/USA
1150,2GE,,GMC TRUCK/COACH(USA),GENERAL MOTORS CORPORATION,DETROIT (MICHIGAN)/USA
1150,2GF,,GMC TRUCK/COACH(USA),GENERAL MOTORS CORPORATION,DETROIT (MICHIGAN)/USA
1150,2GG,,GMC TRUCK/COACH(USA),GENERAL MOTORS CORPORATION,DETROIT (MICHIGAN)/USA
1150,2GH,,GMC TRUCK/COACH(USA),GENERAL MOTORS CORPORATION,DETROIT (MICHIGAN)/USA
1150,2GJ,,GMC TRUCK/COACH(USA),GENERAL MOTORS CORPORATION,DETROIT (MICHIGAN)/USA
1150,2GK,,GMC TRUCK/COACH(USA),GENERAL MOTORS CORPORATION,DETROIT (MICHIGAN)/USA
1150,2GM,,GMC TRUCK/COACH(USA),GENERAL MOTORS CORPORATION,DETROIT (MICHIGAN)/USA
1150,2GN,,GMC TRUCK/COACH(USA),GENERAL MOTORS CORPORATION,DETROIT (MICHIGAN)/USA
1150,2GT,,GMC TRUCK/COACH(USA),GENERAL MOTORS CORPORATION,DETROIT (MICHIGAN)/USA
1150,2G0,,GMC TRUCK/COACH(USA),GENERAL MOTORS CORPORATION,DETROIT (MICHIGAN)/USA
1150,2G1,,GMC TRUCK/COACH(USA),GENERAL MOTORS CORPORATION,DETROIT (MICHIGAN)/USA
1150,2G2,,GMC TRUCK/COACH(USA),GENERAL MOTORS CORPORATION,DETROIT (MICHIGAN)/USA
1150,2G3,,GMC TRUCK/COACH(USA),GENERAL MOTORS CORPORATION,DETROIT (MICHIGAN)/USA
1150,2G4,,GMC TRUCK/COACH(USA),GENERAL MOTORS CORPORATION,DETROIT (MICHIGAN)/USA
1150,2G5,,GMC TRUCK/COACH(USA),GENERAL MOTORS CORPORATION,DETROIT (MICHIGAN)/USA
1150,2G6,,GMC TRUCK/COACH(USA),GENERAL MOTORS CORPORATION,DETROIT (MICHIGAN)/USA
1150,2G7,,GMC TRUCK/COACH(USA),GENERAL MOTORS CORPORATION,DETROIT (MICHIGAN)/USA
1150,2G8,,GMC TRUCK/COACH(USA),GENERAL MOTORS CORPORATION,DETROIT (MICHIGAN)/USA
1150,4GD,,GMC TRUCK/COACH(USA),GENERAL MOTORS CORPORATION,DETROIT (MICHIGAN)/USA
1150,4GL,,GMC TRUCK/COACH(USA),GENERAL MOTORS CORPORATION,DETROIT (MICHIGAN)/USA
1150,4GT,,GMC TRUCK/COACH(USA),GENERAL MOTORS CORPORATION,DETROIT (MICHIGAN)/USA
1150,4G2,,GMC TRUCK/COACH(USA),GENERAL MOTORS CORPORATION,DETROIT (MICHIGAN)/USA
1150,4G3,,GMC TRUCK/COACH(USA),GENERAL MOTORS CORPORATION,DETROIT (MICHIGAN)/USA
1150,4G5,,GMC TRUCK/COACH(USA),GENERAL MOTORS CORPORATION,DETROIT (MICHIGAN)/USA
1150,4KB,,GMC TRUCK/COACH(USA),GENERAL MOTORS CORPORATION,DETROIT (MICHIGAN)/USA
1150,4KD,,GMC TRUCK/COACH(USA),GENERAL MOTORS CORPORATION,DETROIT (MICHIGAN)/USA
1150,4KL,,GMC TRUCK/COACH(USA),GENERAL MOTORS CORPORATION,DETROIT (MICHIGAN)/USA
1150,1GN,,GMC TRUCK/COACH(USA),GENERAL MOTORS CORP (CHEVROLET),DETROIT (MICHIGAN)/USA
1150,1GM,,GMC TRUCK/COACH(USA),GENERAL MOTORS CORP (RESERVE),DETROIT (MICHIGAN)/USA
1150,1GK,,GMC TRUCK/COACH(USA),GENERAL MOTORS CORP (GMC/TRUCK),DETROIT (MICHIGAN)/USA
1150,1GH,,GMC TRUCK/COACH(USA),GENERAL MOTORS CORP (RESERVE),DETROIT (MICHIGAN)/USA
1150,1GG,,GMC TRUCK/COACH(USA),GENERAL MOTORS CORP (GMC/INCOMPLETE VEHICLE),DETROIT (MICHIGAN)/USA
1150,1GE,,GMC TRUCK/COACH(USA),GENERAL MOTORS CORP (CADILLAC INCOMPLETE VEHICLE),DETROIT (MICHIGAN)/USA
1150,1GD,,GMC TRUCK/COACH(USA),GENERAL MOTORS CORP (GMC/TRUCK INCOMPLETE VEHICLE),DETROIT (MICHIGAN)/USA
1150,1GC,,GMC TRUCK/COACH(USA),GENERAL MOTORS CORP (CHEVROLET/TRUCK),DETROIT (MICHIGAN)/USA
1150,1GB,,GMC TRUCK/COACH(USA),GENERAL MOTORS CORP(CHEVROLET/TRUCK INCOMPL.VEHICLE),DETROIT (MICHIGAN)/USA
1150,1GA,,GMC TRUCK/COACH(USA),GENERAL MOTORS CORP (CHEVROLET/BUS),DETROIT (MICHIGAN)/USA
1151,1TA,,THEURER (USA),THEURER INC (TRAILER),NEWARK (NEW JERSEY)/USA
1153,1HF,,HONDA (USA),AMERICAN HONDA MOTOR COMP INC (MOTORCYCLE),GARDENA (CALIFORNIA)/USA
1153,1HG,,HONDA (USA),"HONDA OF AMERICA MFG,INC (PASSENGER CAR,VAN)",MARYSVILLE (OHIO)/USA
1153,19U,,HONDA (USA),AMERICAN HONDA MOTOR COMP INC (ACURA/PASSENGER CAR),GARDENA (CALIFORNIA)/USA
1153,19V,,HONDA (USA),AMERICAN HONDA MOTOR COMP INC (ACURA/PASSENGER CAR),GARDENA (CALIFORNIA)/USA
1153,19X,,HONDA (USA),AMERICAN HONDA MOTOR COMP INC (ACURA/PASSENGER CAR),GARDENA (CALIFORNIA)/USA
1153,478,,HONDA (USA),"HONDA OF AMERICA MFG,INC (PASSENGER CAR,VAN)",MARYSVILLE (OHIO)/USA
1153,5FN,,HONDA (USA),Honda Manufacturing Of Alabama,Lincoln (Alabama)
1153,5FN,,HONDA (USA),AMERICAN HONDA MOTOR COMP INC (ACURA/PASSENGER CAR),Lincoln (Alabama)
1153,5FR,,HONDA (USA),Honda Manufacturing Of Alabama,Lincoln (Alabama)
1153,5J6,,HONDA (USA),HONDA OF AMERICA MANUFACTURING INC,MARYSVILLE (OHIO)/USA
1153,5J8,,HONDA (USA),HONDA OF AMERICA MANUFACTURING INC,MARYSVILLE (OHIO)/USA
1154,160,,FMC (USA),FMC CORP SWEEPER DIVISION (STREET SWEEPERS),POMONA (CALIFORNIA)/USA
1156,4N5,,JI CASE (USA),JI CASE (SPECIAL PURPOSE VEHICLE),"WAUSAU ODER FARGO (WISCONSIN,ND)/USA"
1157,1HV,,NAVISTAR (USA),NAVISTAR INTERNATIONAL CORP (BUS),HINSDALE (ILLINOIS)/USA
1157,1HA,,NAVISTAR (USA),NAVISTAR INTERNATIONAL CORP (RESERVE),HINSDALE (ILLINOIS)/USA
1157,1HC,,NAVISTAR (USA),NAVISTAR INTERNATIONAL CORP (RESERVE),HINSDALE (ILLINOIS)/USA
1157,1HE,,NAVISTAR (USA),NAVISTAR INTERNATIONAL CORP (RESERVE),HINSDALE (ILLINOIS)/USA
1157,1HP,,NAVISTAR (USA),NAVISTAR INTERNATIONAL CORP (RESERVE),HINSDALE (ILLINOIS)/USA
1157,1HR,,NAVISTAR (USA),NAVISTAR INTERNATIONAL CORP (SCOUT/MP-PASSENGER-VEH.),HINSDALE (ILLINOIS)/USA
1157,1HS,,NAVISTAR (USA),"NAVISTAR INTERNATIONAL CORP (TRUCK,TRACTOR)",HINSDALE (ILLINOIS)/USA
1157,1HT,,NAVISTAR (USA),"NAVISTAR INTERNATIONAL CORP (TRUCK,STRAIGHT TRUCK)",HINSDALE (ILLINOIS)/USA
1158,1P7,,JEEP EAGLE (USA),CHRYSLER CORP (PASSENGER CAR),DETROIT (MICHIGAN)/USA
1158,1A7,,JEEP EAGLE (USA),CHRYSLER CORP (PASSENGER CAR),DETROIT (MICHIGAN)/USA
1158,1A6,,JEEP EAGLE (USA),CHRYSLER CORP (PASSENGER CAR),DETROIT (MICHIGAN)/USA
1158,1A5,,JEEP EAGLE (USA),CHRYSLER CORP (PASSENGER CAR),DETROIT (MICHIGAN)/USA
1158,1A4,,JEEP EAGLE (USA),CHRYSLER CORP (PASSENGER CAR),DETROIT (MICHIGAN)/USA
1158,1A3,,JEEP EAGLE (USA),CHRYSLER CORP (PASSENGER CAR),DETROIT (MICHIGAN)/USA
1158,1A2,,JEEP EAGLE (USA),CHRYSLER CORP (PASSENGER CAR),DETROIT (MICHIGAN)/USA
1158,1AT,,JEEP EAGLE (USA),CHRYSLER CORP (PASSENGER CAR),DETROIT (MICHIGAN)/USA
1158,1AM,,JEEP EAGLE (USA),CHRYSLER CORP (PASSENGER CAR),DETROIT (MICHIGAN)/USA
1158,1AH,,JEEP EAGLE (USA),CHRYSLER CORP (PASSENGER CAR),DETROIT (MICHIGAN)/USA
1158,1AE,,JEEP EAGLE (USA),CHRYSLER CORP (PASSENGER CAR),DETROIT (MICHIGAN)/USA
1158,1AD,,JEEP EAGLE (USA),CHRYSLER CORP (PASSENGER CAR),DETROIT (MICHIGAN)/USA
1158,1AC,,JEEP EAGLE (USA),CHRYSLER CORP (PASSENGER CAR),DETROIT (MICHIGAN)/USA
1158,1A8,,JEEP EAGLE (USA),CHRYSLER CORP (PASSENGER CAR),DETROIT (MICHIGAN)/USA
1158,1B2,,JEEP EAGLE (USA),CHRYSLER CORP (PASSENGER CAR),DETROIT (MICHIGAN)/USA
1158,1B3,,JEEP EAGLE (USA),CHRYSLER CORP (PASSENGER CAR),DETROIT (MICHIGAN)/USA
1158,1B4,,JEEP EAGLE (USA),CHRYSLER CORP (PASSENGER CAR),DETROIT (MICHIGAN)/USA
1158,1B5,,JEEP EAGLE (USA),CHRYSLER CORP (PASSENGER CAR),DETROIT (MICHIGAN)/USA
1158,1B6,,JEEP EAGLE (USA),CHRYSLER CORP (PASSENGER CAR),DETROIT (MICHIGAN)/USA
1158,1B7,,JEEP EAGLE (USA),CHRYSLER CORP (PASSENGER CAR),DETROIT (MICHIGAN)/USA
1158,1B8,,JEEP EAGLE (USA),CHRYSLER CORP (PASSENGER CAR),DETROIT (MICHIGAN)/USA
1158,1C2,,JEEP EAGLE (USA),CHRYSLER CORP (PASSENGER CAR),DETROIT (MICHIGAN)/USA
1158,1C3,,JEEP EAGLE (USA),CHRYSLER CORP (PASSENGER CAR),DETROIT (MICHIGAN)/USA
1158,1C4,,JEEP EAGLE (USA),CHRYSLER CORP (PASSENGER CAR),DETROIT (MICHIGAN)/USA
1158,1C5,,JEEP EAGLE (USA),CHRYSLER CORP (PASSENGER CAR),DETROIT (MICHIGAN)/USA
1158,1C6,,JEEP EAGLE (USA),CHRYSLER CORP (PASSENGER CAR),DETROIT (MICHIGAN)/USA
1158,1C7,,JEEP EAGLE (USA),CHRYSLER CORP (PASSENGER CAR),DETROIT (MICHIGAN)/USA
1158,1C8,,JEEP EAGLE (USA),CHRYSLER CORP (PASSENGER CAR),DETROIT (MICHIGAN)/USA
1158,1D2,,JEEP EAGLE (USA),CHRYSLER CORP (PASSENGER CAR),DETROIT (MICHIGAN)/USA
1158,1D3,,JEEP EAGLE (USA),CHRYSLER CORP (PASSENGER CAR),DETROIT (MICHIGAN)/USA
1158,1D4,,JEEP EAGLE (USA),CHRYSLER CORP (PASSENGER CAR),DETROIT (MICHIGAN)/USA
1158,1D5,,JEEP EAGLE (USA),CHRYSLER CORP (PASSENGER CAR),DETROIT (MICHIGAN)/USA
1158,1D6,,JEEP EAGLE (USA),CHRYSLER CORP (PASSENGER CAR),DETROIT (MICHIGAN)/USA
1158,1D7,,JEEP EAGLE (USA),CHRYSLER CORP (PASSENGER CAR),DETROIT (MICHIGAN)/USA
1158,1D8,,JEEP EAGLE (USA),CHRYSLER CORP (PASSENGER CAR),DETROIT (MICHIGAN)/USA
1158,1E2,,JEEP EAGLE (USA),CHRYSLER CORP (PASSENGER CAR),DETROIT (MICHIGAN)/USA
1158,1E3,,JEEP EAGLE (USA),CHRYSLER CORP (PASSENGER CAR),DETROIT (MICHIGAN)/USA
1158,1E4,,JEEP EAGLE (USA),CHRYSLER CORP (PASSENGER CAR),DETROIT (MICHIGAN)/USA
1158,1E5,,JEEP EAGLE (USA),CHRYSLER CORP (PASSENGER CAR),DETROIT (MICHIGAN)/USA
1158,1E6,,JEEP EAGLE (USA),CHRYSLER CORP (PASSENGER CAR),DETROIT (MICHIGAN)/USA
1158,1E7,,JEEP EAGLE (USA),CHRYSLER CORP (PASSENGER CAR),DETROIT (MICHIGAN)/USA
1158,1E8,,JEEP EAGLE (USA),CHRYSLER CORP (PASSENGER CAR),DETROIT (MICHIGAN)/USA
1158,1JC,,JEEP EAGLE (USA),CHRYSLER CORP (PASSENGER CAR),DETROIT (MICHIGAN)/USA
1158,1JD,,JEEP EAGLE (USA),CHRYSLER CORP (PASSENGER CAR),DETROIT (MICHIGAN)/USA
1158,1JE,,JEEP EAGLE (USA),CHRYSLER CORP (PASSENGER CAR),DETROIT (MICHIGAN)/USA
1158,1JF,,JEEP EAGLE (USA),CHRYSLER CORP (PASSENGER CAR),DETROIT (MICHIGAN)/USA
1158,1JH,,JEEP EAGLE (USA),CHRYSLER CORP (PASSENGER CAR),DETROIT (MICHIGAN)/USA
1158,1JM,,JEEP EAGLE (USA),CHRYSLER CORP (PASSENGER CAR),DETROIT (MICHIGAN)/USA
1158,1JT,,JEEP EAGLE (USA),CHRYSLER CORP (PASSENGER CAR),DETROIT (MICHIGAN)/USA
1158,1J3,,JEEP EAGLE (USA),CHRYSLER CORP (PASSENGER CAR),DETROIT (MICHIGAN)/USA
1158,1J4,,JEEP EAGLE (USA),CHRYSLER CORP (PASSENGER CAR),DETROIT (MICHIGAN)/USA
1158,1J5,,JEEP EAGLE (USA),CHRYSLER CORP (PASSENGER CAR),DETROIT (MICHIGAN)/USA
1158,1J6,,JEEP EAGLE (USA),CHRYSLER CORP (PASSENGER CAR),DETROIT (MICHIGAN)/USA
1158,1J7,,JEEP EAGLE (USA),CHRYSLER CORP (PASSENGER CAR),DETROIT (MICHIGAN)/USA
1158,1J8,,JEEP EAGLE (USA),CHRYSLER CORP (PASSENGER CAR),DETROIT (MICHIGAN)/USA
1158,1P2,,JEEP EAGLE (USA),CHRYSLER CORP (PASSENGER CAR),DETROIT (MICHIGAN)/USA
1158,1P3,,JEEP EAGLE (USA),CHRYSLER CORP (PASSENGER CAR),DETROIT (MICHIGAN)/USA
1158,1P4,,JEEP EAGLE (USA),CHRYSLER CORP (PASSENGER CAR),DETROIT (MICHIGAN)/USA
1158,1P5,,JEEP EAGLE (USA),CHRYSLER CORP (PASSENGER CAR),DETROIT (MICHIGAN)/USA
1158,1P6,,JEEP EAGLE (USA),CHRYSLER CORP (PASSENGER CAR),DETROIT (MICHIGAN)/USA
1158,1P8,,JEEP EAGLE (USA),CHRYSLER CORP (PASSENGER CAR),DETROIT (MICHIGAN)/USA
1158,1XE,,JEEP EAGLE (USA),CHRYSLER CORP (PASSENGER CAR),DETROIT (MICHIGAN)/USA
1158,1XF,,JEEP EAGLE (USA),CHRYSLER CORP (PASSENGER CAR),DETROIT (MICHIGAN)/USA
1158,1XH,,JEEP EAGLE (USA),CHRYSLER CORP (PASSENGER CAR),DETROIT (MICHIGAN)/USA
1158,1XM,,JEEP EAGLE (USA),CHRYSLER CORP (PASSENGER CAR),DETROIT (MICHIGAN)/USA
1158,1Z2,,JEEP EAGLE (USA),CHRYSLER CORP (PASSENGER CAR),DETROIT (MICHIGAN)/USA
1158,1Z4,,JEEP EAGLE (USA),CHRYSLER CORP (PASSENGER CAR),DETROIT (MICHIGAN)/USA
1158,1Z6,,JEEP EAGLE (USA),CHRYSLER CORP (PASSENGER CAR),DETROIT (MICHIGAN)/USA
1158,1Z7,,JEEP EAGLE (USA),CHRYSLER CORP (PASSENGER CAR),DETROIT (MICHIGAN)/USA
1158,1Z8,,JEEP EAGLE (USA),CHRYSLER CORP (PASSENGER CAR),DETROIT (MICHIGAN)/USA
1158,2A2,,JEEP EAGLE (USA),CHRYSLER CORP (PASSENGER CAR),DETROIT (MICHIGAN)/USA
1158,2A3,,JEEP EAGLE (USA),CHRYSLER CORP (PASSENGER CAR),DETROIT (MICHIGAN)/USA
1158,2A4,,JEEP EAGLE (USA),CHRYSLER CORP (PASSENGER CAR),DETROIT (MICHIGAN)/USA
1158,2A5,,JEEP EAGLE (USA),CHRYSLER CORP (PASSENGER CAR),DETROIT (MICHIGAN)/USA
1158,2A6,,JEEP EAGLE (USA),CHRYSLER CORP (PASSENGER CAR),DETROIT (MICHIGAN)/USA
1158,2A7,,JEEP EAGLE (USA),CHRYSLER CORP (PASSENGER CAR),DETROIT (MICHIGAN)/USA
1158,2A8,,JEEP EAGLE (USA),CHRYSLER CORP (PASSENGER CAR),DETROIT (MICHIGAN)/USA
1158,2BC,,JEEP EAGLE (USA),CHRYSLER CORP (PASSENGER CAR),DETROIT (MICHIGAN)/USA
1158,2BD,,JEEP EAGLE (USA),CHRYSLER CORP (PASSENGER CAR),DETROIT (MICHIGAN)/USA
1158,2BE,,JEEP EAGLE (USA),CHRYSLER CORP (PASSENGER CAR),DETROIT (MICHIGAN)/USA
1158,2BF,,JEEP EAGLE (USA),CHRYSLER CORP (PASSENGER CAR),DETROIT (MICHIGAN)/USA
1158,2BH,,JEEP EAGLE (USA),CHRYSLER CORP (PASSENGER CAR),DETROIT (MICHIGAN)/USA
1158,2BM,,JEEP EAGLE (USA),CHRYSLER CORP (PASSENGER CAR),DETROIT (MICHIGAN)/USA
1158,2BT,,JEEP EAGLE (USA),CHRYSLER CORP (PASSENGER CAR),DETROIT (MICHIGAN)/USA
1158,2B2,,JEEP EAGLE (USA),CHRYSLER CORP (PASSENGER CAR),DETROIT (MICHIGAN)/USA
1158,2B3,,JEEP EAGLE (USA),CHRYSLER CORP (PASSENGER CAR),DETROIT (MICHIGAN)/USA
1158,2B4,,JEEP EAGLE (USA),CHRYSLER CORP (PASSENGER CAR),DETROIT (MICHIGAN)/USA
1158,2B5,,JEEP EAGLE (USA),CHRYSLER CORP (PASSENGER CAR),DETROIT (MICHIGAN)/USA
1158,2B6,,JEEP EAGLE (USA),CHRYSLER CORP (PASSENGER CAR),DETROIT (MICHIGAN)/USA
1158,2B7,,JEEP EAGLE (USA),CHRYSLER CORP (PASSENGER CAR),DETROIT (MICHIGAN)/USA
1158,2B8,,JEEP EAGLE (USA),CHRYSLER CORP (PASSENGER CAR),DETROIT (MICHIGAN)/USA
1158,2CC,,JEEP EAGLE (USA),CHRYSLER CORP (PASSENGER CAR),DETROIT (MICHIGAN)/USA
1158,2CD,,JEEP EAGLE (USA),CHRYSLER CORP (PASSENGER CAR),DETROIT (MICHIGAN)/USA
1158,2CE,,JEEP EAGLE (USA),CHRYSLER CORP (PASSENGER CAR),DETROIT (MICHIGAN)/USA
1158,2CF,,JEEP EAGLE (USA),CHRYSLER CORP (PASSENGER CAR),DETROIT (MICHIGAN)/USA
1158,2CH,,JEEP EAGLE (USA),CHRYSLER CORP (PASSENGER CAR),DETROIT (MICHIGAN)/USA
1158,2CM,,JEEP EAGLE (USA),CHRYSLER CORP (PASSENGER CAR),DETROIT (MICHIGAN)/USA
1158,2C3,,JEEP EAGLE (USA),CHRYSLER CORP (PASSENGER CAR),DETROIT (MICHIGAN)/USA
1158,2C4,,JEEP EAGLE (USA),CHRYSLER CORP (PASSENGER CAR),DETROIT (MICHIGAN)/USA
1158,2C6,,JEEP EAGLE (USA),CHRYSLER CORP (PASSENGER CAR),DETROIT (MICHIGAN)/USA
1158,2D2,,JEEP EAGLE (USA),CHRYSLER CORP (PASSENGER CAR),DETROIT (MICHIGAN)/USA
1158,2D3,,JEEP EAGLE (USA),CHRYSLER CORP (PASSENGER CAR),DETROIT (MICHIGAN)/USA
1158,2D4,,JEEP EAGLE (USA),CHRYSLER CORP (PASSENGER CAR),DETROIT (MICHIGAN)/USA
1158,2D5,,JEEP EAGLE (USA),CHRYSLER CORP (PASSENGER CAR),DETROIT (MICHIGAN)/USA
1158,2D6,,JEEP EAGLE (USA),CHRYSLER CORP (PASSENGER CAR),DETROIT (MICHIGAN)/USA
1158,2D7,,JEEP EAGLE (USA),CHRYSLER CORP (PASSENGER CAR),DETROIT (MICHIGAN)/USA
1158,2D8,,JEEP EAGLE (USA),CHRYSLER CORP (PASSENGER CAR),DETROIT (MICHIGAN)/USA
1158,2E2,,JEEP EAGLE (USA),CHRYSLER CORP (PASSENGER CAR),DETROIT (MICHIGAN)/USA
1158,2E3,,JEEP EAGLE (USA),CHRYSLER CORP (PASSENGER CAR),DETROIT (MICHIGAN)/USA
1158,2E4,,JEEP EAGLE (USA),CHRYSLER CORP (PASSENGER CAR),DETROIT (MICHIGAN)/USA
1158,2E5,,JEEP EAGLE (USA),CHRYSLER CORP (PASSENGER CAR),DETROIT (MICHIGAN)/USA
1158,2E6,,JEEP EAGLE (USA),CHRYSLER CORP (PASSENGER CAR),DETROIT (MICHIGAN)/USA
1158,2E7,,JEEP EAGLE (USA),CHRYSLER CORP (PASSENGER CAR),DETROIT (MICHIGAN)/USA
1158,2E8,,JEEP EAGLE (USA),CHRYSLER CORP (PASSENGER CAR),DETROIT (MICHIGAN)/USA
1158,2J4,,JEEP EAGLE (USA),CHRYSLER CORP (PASSENGER CAR),DETROIT (MICHIGAN)/USA
1158,2P2,,JEEP EAGLE (USA),CHRYSLER CORP (PASSENGER CAR),DETROIT (MICHIGAN)/USA
1158,2P3,,JEEP EAGLE (USA),CHRYSLER CORP (PASSENGER CAR),DETROIT (MICHIGAN)/USA
1158,2P4,,JEEP EAGLE (USA),CHRYSLER CORP (PASSENGER CAR),DETROIT (MICHIGAN)/USA
1158,2P5,,JEEP EAGLE (USA),CHRYSLER CORP (PASSENGER CAR),DETROIT (MICHIGAN)/USA
1158,2P6,,JEEP EAGLE (USA),CHRYSLER CORP (PASSENGER CAR),DETROIT (MICHIGAN)/USA
1158,2P7,,JEEP EAGLE (USA),CHRYSLER CORP (PASSENGER CAR),DETROIT (MICHIGAN)/USA
1158,2P8,,JEEP EAGLE (USA),CHRYSLER CORP (PASSENGER CAR),DETROIT (MICHIGAN)/USA
1158,2XE,,JEEP EAGLE (USA),CHRYSLER CORP (PASSENGER CAR),DETROIT (MICHIGAN)/USA
1158,2XF,,JEEP EAGLE (USA),CHRYSLER CORP (PASSENGER CAR),DETROIT (MICHIGAN)/USA
1158,2XH,,JEEP EAGLE (USA),CHRYSLER CORP (PASSENGER CAR),DETROIT (MICHIGAN)/USA
1158,2XM,,JEEP EAGLE (USA),CHRYSLER CORP (PASSENGER CAR),DETROIT (MICHIGAN)/USA
1158,4C3,,JEEP EAGLE (USA),CHRYSLER CORP (PASSENGER CAR),DETROIT (MICHIGAN)/USA
1158,4J4,,JEEP EAGLE (USA),JEEP EAGLE CORPORATION (PASSENGER VEHICLE),MICHIGAN/USA
1159,4T1,,TOYOTA (USA),TOYOTA MOTOR MANUFACTURING USA INC (PASSENGER CAR),GEORGETOWN (KENTUCKY)/USA
1159,4T2,,TOYOTA (USA),TOYOTA MOTOR MANUFACTURING USA INC (PASSENGER CAR),GEORGETOWN (KENTUCKY)/USA
1159,4T3,,TOYOTA (USA),TOYOTA MOTOR MANUFACTURING USA INC (PASSENGER CAR),GEORGETOWN (KENTUCKY)/USA
1159,4T4,,TOYOTA (USA),TOYOTA MOTOR MANUFACTURING USA INC (PASSENGER CAR),ERLANGER (KENTUCKY)/USA
1159,5TD,,TOYOTA (USA),TOYOTA MOTOR MANUFACTURING USA INC,PRINCETON (INDIANA)/USA
1159,5TE,,TOYOTA (USA),TOYOTA MOTOR MANUFACTURING USA INC (PASSENGER CAR),FREMONT (CALIFORNIA)/USA
1159,5TF,,TOYOTA (USA),TOYOTA MOTOR MANUFACTURING USA INC (PASSENGER CAR),SAN ANTONIO (TEXAS)/USA
1164,W09,P39,farmingtons automotive,farmingtons automotive GmbH (PKW),Georgsmarienhütte
1165,ZB5,,RIMOR (I),Autocaravans RIMOR S.p.A. (Wohnmobile),Poggibonsi
1166,AAV,,VOLKSWAGEN-VWOA(USA),VOLKSWAGEN OF AMERICA,WARREN (MICHIGAN)/USA
1166,WVW,,VOLKSWAGEN-VWOA(USA),VOLKSWAGEN OF AMERICA,WARREN (MICHIGAN)/USA
1166,WV1,,VOLKSWAGEN-VWOA(USA),VOLKSWAGEN OF AMERICA,WARREN (MICHIGAN)/USA
1166,WV2,,VOLKSWAGEN-VWOA(USA),VOLKSWAGEN OF AMERICA,WARREN (MICHIGAN)/USA
1166,WV3,,VOLKSWAGEN-VWOA(USA),VOLKSWAGEN OF AMERICA,WARREN (MICHIGAN)/USA
1166,1VW,,VOLKSWAGEN-VWOA(USA),VOLKSWAGEN OF AMERICA (PASSENGER CAR),WARREN (MICHIGAN)/USA
1166,1V1,,VOLKSWAGEN-VWOA(USA),VOLKSWAGEN OF AMERICA (PICK UP TRUCK),WARREN (MICHIGAN)/USA
1166,1V2,,VOLKSWAGEN-VWOA(USA),VOLKSWAGEN OF AMERICA (RESERVE),WARREN (MICHIGAN)/USA
1166,1V3,,VOLKSWAGEN-VWOA(USA),VOLKSWAGEN OF AMERICA (RESERVE),WARREN (MICHIGAN)/USA
1166,3VV,,VOLKSWAGEN-VWOA(USA),VOLKSWAGEN OF AMERICA,WARREN (MICHIGAN)/USA
1166,3VW,,VOLKSWAGEN-VWOA(USA),VOLKSWAGEN OF AMERICA,WARREN (MICHIGAN)/USA
1166,8AV,,VOLKSWAGEN-VWOA(USA),VOLKSWAGEN OF AMERICA,WARREN (MICHIGAN)/USA
1166,8AW,,VOLKSWAGEN-VWOA(USA),VOLKSWAGEN OF AMERICA,WARREN (MICHIGAN)/USA
1166,8AX,,VOLKSWAGEN-VWOA(USA),VOLKSWAGEN OF AMERICA,WARREN (MICHIGAN)/USA
1166,8AY,,VOLKSWAGEN-VWOA(USA),VOLKSWAGEN OF AMERICA,WARREN (MICHIGAN)/USA
1166,9BW,,VOLKSWAGEN-VWOA(USA),VOLKSWAGEN OF AMERICA,WARREN (MICHIGAN)/USA
1167,4S7,,SPARTAN (USA),SPARTAN MOTORS INC (INCOMPLETE VEHICLE),CHARLOTTE (MICHIGAN)/USA
1167,4VZ,,SPARTAN (USA),SPARTAN MOTORS INC (INCOMPLETE VEHICLE),CHARLOTTE (MICHIGAN)/USA
1169,4S3,,SIA (USA),SUBARU OF INDIANA AUTOMOTIVE (PASSENGER VEHICLE),INDIANA/USA
1169,4S4,,SIA (USA),SUBARU OF INDIANA AUTOMOTIVE (PASSENGER VEHICLE),INDIANA/USA
1174,4XA,,POLARIS (USA),POLARIS INDUSTRIES INC. (MOTORCYCLE),MEDINA MN 55340 (USA)
1174,5AS,,POLARIS (USA),POLARIS INDUSTRIES INC. (MOTORCYCLE),MEDINA MN 55340 (USA)
1174,5VP,,POLARIS (USA),POLARIS INDUSTRIES INC. (MOTORCYCLE),MEDINA MN 55340 (USA)
1174,57X,,POLARIS (USA),POLARIS INDUSTRIES INC. (MOTORCYCLE),MEDINA MN 55340 (USA)
1175,5Y4,,YAMAHA (USA),YAMAHA MOTOR CORPORATION (KRAFTRAEDER),"CYPRESS, CA 90630 (USA)"
1176,LNG,,JIANGM.GIANTCO (RC),JIANGMEN GIANTCO MOTORCYCLE C.LTD.,HESHAN CITY
1177,VA5,,IO FAHRZEUGE (A),IO FAHRZEUGE PRODUKTIONS-UND HANDELS GMBH (KRAEDER),BRUNN AM GEBIRGE
1178,NLA,,HONDA TURKIYE (TR),HONDA TURKIYE A.S.(PKW),CAYIROVA-KOCAELI
1179,W09,KB5,KL-MASCHINENBAU,KL-MASCHINENBAU GMBH U.CO KG (ANHAENGER),RENDSBURG
1180,LLC,,LONCIN GROUP (RC),"LONCIN GROUP CO.,LTD (KRAEDER)",CHONGQING
1181,W09,E37,ECKART Maschinenbau,Eckart Maschinenbau GmbH (Anhänger),Schaufling
1182,NLR,,Otokar (TR),Otokar Otomotiv ve Savunma Sanayi A.S.,"Kücükyali, Istanbul/Türkei"
1182,NNN,,Otokar (TR),Otokar Otomotiv ve Savunma Sanayi A.S.,"Kücükyali, Istanbul/Türkei"
1183,SCZ,,Ingersoll-Rand (CZ),Ingersoll-Rand Company Ltd. (Arbeitsmaschinen),Chrast
1184,SUD,,WIELTON (PL),WIELTON S.A.,WIELUN/POLEN
1184,SU9,WL1,WIELTON (PL),WIELTON S.A.,WIELUN/POLEN
1184,SU9,WL2,WIELTON (PL),WIELTON S.A.,WIELUN/PL
1185,W09,HB4,H&B-TECHNIK,H&B-TECHNIK GmbH,Bielefeld
1186,WEE,,EOHIPPUS,EOHIPPUS Horse Trailer GmbH,Düsseldorf
1187,ZA9,H77,TOWER-LIGHT,TOWER-LIGHT S.r.L.,Villanova d'Ardenghi/Italien
1187,ZNE,,TOWER-LIGHT,TOWER-LIGHT S.r.L.,Villanova d'Ardenghi/Italien
1188,W09,F26,FISCHER ANH. RIEDLINGEN,FISCHER ANHÄNGER GMBH & CO KG,RIEDLINGEN
1189,LBP,,YAMAHA MOTOR (RC),CHONGQING JIANSHE YAMAHA MOTOR CO. LTD.,CHONGQING/CHINA
1190,W09,V18,Volkswagen Individual,Volkswagen Individual GmbH,Wolfsburg
1191,VAN,,MAN NUTZFAHRZEUGE (A),MAN NUTZFAHRZEUGE OESTERREICH AG,STEYR/ÖSTERREICH
1192,WCT,,CONCEPT TRAILER,CONCEPT TRAILER (ANHAENGER),BERGHEIM
1193,WEP,,EPPLE FAHRZEUGBAU,"EPPLE FAHRZEUGBAU,AUTOMARKT IM ODENWALD GMBH (KRAEDER)",MOERLENBACH
1194,W09,W47,BFR WISSKIRCHEN,BFR WISSKIRCHEN GMBH (ANHAENGER),BORNHEIM
1195,RGE,,AMSTRONG (RC),AMSTRONG INDUSTRY CORPORATION (KRAEDER),"TA-LI CITY, TAIWAN"
1196,W09,KB6,Klaas-Alu-Krane,Klaas Alu-Kranbau GmbH,Ascheberg
1197,W09,M88,MAURER,TONI MAURER GMBH & CO. KG (LKW),TUERKHEIM
1198,VA6,,WACHAUER (A),WACHAUER TECHNOLOGY DESIGN AG (KRAFTRAD),HIEFLAU/OESTERREICH
1199,WBD,,BOEHM INNOVATION,BOEHM INNOVATION (KRAFTRAD),GERETSRIED
1200,W09,R16,SST,STARSOWER SYSTEM TECHNIK GMBH (ANHAENGER),MIROW
1201,W09,P31,POLYMA ENERGIESYST.,POLYMA ENERGIESYSTEME GMBH (ANHAENGER),KASSEL
1202,WJB,,J.AE.G.E.R.,J.AE.G.E.R. TECHNISCHE HANDELS GMBH (ANHÄNGER),VOLKACH
1203,W09,M77,Maschinen-u.Antriebstech.,Maschinen-und Antriebstechnik GmbH & Co.KG,Güstrow
1203,W09,M89,Maschinen-u.Antriebstech.,Maschinen-und Antriebstechnik GmbH & Co.KG,Güstrow
1204,WGF,,GFB,GFB GmbH,Grossenhain
1205,W09,P40,Prince-Gas,Prince-Gas GmbH Deutschland,Aurich
1206,W09,B97,3B Motors,3B Motors,Euskirchen
1207,RKC,,KEEN (RC),KEEN PERCEPTION INDUSTRIES INC.,"Kaohsiung/Taiwan, R.O.C."
1208,W09,G64,GUMPERT,GUMPERT Sportwagenmanufaktur GmbH,Altenburg
1209,W09,E38,Engelhard,Engelhard Anhänger-Großmarkt GmbH & Co.KG,Aurach
1210,WSY,,SK-Projekt,S*K Projekt Limited,Hannover
1211,ZNZ,,ARGO (I),ARGO Tractors S.p.A.,Fabbrico/Italien
1212,W09,V11,Voss Karosseriebau,Voss Karosseriebau GmbH,Haseldorf
1213,AHT,,Toyota (ZA),Toyota South Africa Motors (PTY) Ltd,41100 Kwazulu-Natal
1214,MR0,,TOYOTA (THA),TOYOTA MOTOR THAILAND CO LTD (LKW),SAMUT PRAKAN/THAILAND
1216,LBM,,Piaggio (RC),"Piaggio Foshan Motorcycle Co., Ltd",Guangdong Province/China
1216,LBM,,Piaggio (RC),"Zongshen Piaggio Foshan Motorcycle Co., Ltd",Foshan City/China
1217,TSY,,KEEWAY (H),QIANJIANG-KEEWAY (EUROPA) ZRT.,Szentendre/Ungarn
1218,W09,A51,CENTIGON,CENTIGON GERMANY GMBH,OSTERHOLZ-SCHARMBECK
1219,W09,F63,Fresh Breeze,Fresh Breeze GmbH & Co. KG,Wedemark-Bissendorf
1220,W09,G62,Giegold,Giegold Maschinenbau GmbH,Rathenow
1221,ZJL,,R.G.P. (I),R.G.P. Srl,ARCORE/ITALIEN
1222,W09,G63,GLOBAL MOTORSPORT,GLOBAL MOTORSPORT GROUP GMBH,BAD KREUZNACH
1223,WBF,,BMS,BMS Bau-Maschinen-Service AG,Rheda-Wiedenbrück
1224,TCP,,PERAVES (CH),PERAVES AG Ecomobilfabrik,Winterthur/Schweiz
1225,W09,KB7,KAR,KAR KUNZ Aviation Refueling GmbH,Reibeck
1226,WFT,,FACTORY,Trailer FACTORY GmbH + Co.KG,Bergheim
1227,W09,KB8,Ketterer,Ketterer Spezialfahrzeuge GmbH,Karlsruhe
1228,W09,C26,Car-Concepte,Car-Concepte GmbH,Landesbergen
1230,W09,T52,Terra Select,Terra Select GmbH & Co.KG,Sassenberg
1231,W09,SE9,SWAN-TRAILER,LTB Schwanengel GmbH,Steesow
1232,W09,KB9,KTS,KTS Kommunaltechnik & Truckservice GmbH,Elsdorf
1233,W09,A54,ATB,ATB Fahrzeugtechnik GmbH,Rüthen
1234,LE8,,Guangzhou Pa.Huanan (RC),Guangzhou Panyu Huanan Motors Group Co.Ltd.,Lanhe Town Panyu Guangzhou
1235,LFH,,Chongqing Lifan (RC),"Chongqing Lifan Industry (Group) Co.,Ltd",Chongqing (RC)
1235,LF3,,Chongqing Lifan (RC),"Chongqing Lifan Industry (Group) Co.,Ltd",Chongqing (RC)
1237,W09,M51,AH MTH,Autohaus MTH GmbH,Parchim
1238,W09,L14,Linnhoff & Henne,Linnhoff & Henne GmbH & Co.KG,Stadtoldendorf
1239,WBB,,NFC,NFC Nutzfahrzeugcenter Oder-Spree GmbH,Eisenhüttenstadt
1240,W09,HB5,HEIZOMAT,HEIZOMAT-Gerätebau+Energiesysteme GmbH,Gunzenhausen
1241,RH9,002,Forsen Motor (RC),Forsen Motor Corporation,Taipei/Taiwan
1242,WTS,,Westfalia-Trailer-Systems,Westfalia-Trailer-Systems GmbH i.G.,Obergoseln
1243,W09,R48,RCB,RCB Fahrzeug GmbH,Edling
1245,W09,M90,Michalak,Michalak Design GmbH & Co.KG,Mainz
1246,VMD,,TRIGANO REMORQUES (F),TRIGANO REMORQUES S.A.S.,REUILLY/FRANKREICH
1247,VAD,,Arctic Cat (A),Arctic Cat GmbH,St. Johann/Österreich
1248,WMP,,M&V,"M&V GmbH ""Siegmar"" Metallbearbeitung",Jahnsdorf
1249,LB4,,ChongQing YinXiang (RC),"ChongQing YinXiang Motorcycle (Group) Co., Ltd.",ChongQing/China
1250,W09,Z14,ZANDT,ZANDT cargo Inh.Manfred Zandt,Tirschenreuth
1251,LHN,,Ningbo Harvest (RC),"Ningbo Harvest Mechanical & Electrical Co., Ltd.","Longguan, Ningbo/China"
1252,SGN,,Sandhurst (UK),Sandhurst Manufacturing Co.Ltd.,Lincs/Vereinigtes Königreich
1253,W09,Z15,Zeppelin,Zeppelin Baumaschinen GmbH,Garching
1254,LFF,,Zhejiang Wangye (RC),"Zhejiang Taizhou Wangye Power Co.,Ltd.","Taizhou City, Zhejiang Province/China"
1255,W09,B91,FVG,FVG GmbH & Co. KG,Wildeshausen
1256,W09,HB6,HIEBENTHAL,HIEBENTHAL NUTZFAHRZEUGE,ESCHWEGE
1257,W09,P56,Pfanzelt,Pfanzelt Maschinenbau GmbH,Rettenbach a.A.
1258,LG0,,Zhejiang Shenmao (RC),"Zhejiang Shenmao Appliance Co., Ltd.","Yongkang, Zhejiang/China"
1258,L8P,,Zhejiang Shenmao (RC),"Zhejiang Shenmao Appliance Co., Ltd.","Yongkang, Zhejiang/China"
1259,WCC,,Capron,Capron GmbH,Neustadt/Sachsen
1260,U5Y,,KIA Motors (SK),KIA Motors Slovakia s.r.o.,Teplicka nad Vahom/Slovak Republic
1260,U6Y,,KIA Motors (SK),KIA Motors Slovakia s.r.o.,Teplicka nad Vahom/Slovak Republic
1263,WVW,,VOLVO (D),Volvo Car Germany GmbH,Köln
1264,VA6,,AL-KO Kober (A),AL-KO Kober GmbH,Obdach/Österreich
1265,VME,,JLFD (F),JLFD Production,Montcaret/Frankreich
1266,W09,G12,Manitowoc (D),Manitowoc Crane Group Germany GmbH,Wilhelmshaven
1269,WGS,,Golf-e-shorty-Iglauer&W.,Iglauer & Wiedenfeld GbR,Aachen
1270,W09,F64,Fornasari,Fornasari Car Deutschland GmbH,Kolbermoor
1272,WHK,,HorseArt,HorseArt GmbH & Co. KG,Markranstädt
1273,LBB,,Zhejiang QianJiang (RC),"Zhejiang QianJiang Motor Co., Ltd.",Wenling/China
1274,W09,019,OSTMANN,Ostmann Fahrzeugbau GmbH,Bissendorf-Schledehausen
1275,WHJ,,Hudson Bike,Hudson Bike GmbH,Nürnberg
1276,SFY,,BRENDON (UK),BRENDON LTD,Wiveliscombe/Vereinigtes Königreich
1277,WKX,,Karmann Mobil (D),Karmann Mobil Vertriebs GmbH,Sprendlingen
1278,LAE,,Jinan Qingqi (RC),"Jinan Qingqi Motorcycle Co., Ltd.",Jinan/China
1278,LV7,,Jinan Qingqi (RC),"Jinan Qingqi Motorcycle Co., Ltd.",Jinan/China
1279,LFG,,Taizhou Chuanl(RC),"Taizhou Chuanl Motorcycle Manufacturing Co.,Ltd.","Taizhou City, Zhejiang Province/China"
1280,W09,L38,Lansing Land-u.Garten,Lansing Land-u.Gartentechnik GmbH,Vreden
1281,SWN,,Zaklady Sprzetu (PL),"Zaklady Sprzetu Precyzyjnego ""NIEWIADOW"" S.A.",Ujazd/Polen
1282,LRR,,Ningbo Longjia (RC),"Ningbo Longjia Power Technology Co.,Ltd.","Cixi City, Zhejiang/China"
1282,L4H,,Ningbo Longjia (RC),"Ningbo Longjia Motorcycle Co., Ltd.","Cixi, Zhejiang/China"
1283,XNF,,STAJA (NL),Staja Machinebouw B.V.,Zevenaar/Niederlande
1284,W09,A33,BSA,BSA GmbH,Marktschorgast
1285,W09,C27,Car + Camper,Car + Camper Kiel GmbH (Spezial-Fahrzeugbau),Kiel
1286,W09,R49,Road Trains,Road Trains Tschu-Tschu GmbH,Neumarkt
1288,RK2,,Jet Power(RC),TAIWAN JET POWER INDUSTRIAL LTD (KRAFTRÄDER),Taiping City/Taiwan
1289,ZFE,,K.L.(I),K.L. S.P.A.,NIARDO (BS)/Italien
1290,VNE,,IVECO (F),IVECO FRANCE,VENISSIEUX/FRANKREICH
1291,TKM,,MARO (CZ),MARO Kralovice spol.s.r.o.,Kralovice/Tschechische Republik
1294,W09,J16,Menke-Janzen,Menke-Janzen Fahrzeug- und Karosseriebau GmbH (Anhänger),Werlte-Wehm
1294,W09,M53,Menke-Janzen,Menke-Janzen Fahrzeug- und Karosseriebau GmbH (Anhänger),Werlte-Wieste
1295,L85,,Huabao (RC),"Zhejiang Yongkang Huabao Electric Appliance Co., Ltd",Zhejiang/China
1296,W09,R50,Reiling,Hartmut Reiling Nutzfahrzeug-Service Station,Marienfeld
1297,L4G,,Qunsheng (RC),"Qunsheng Group Co., Ltd.",Yongkang City Zhejiang/China
1298,W09,D38,Doppstadt Calbe,Doppstadt Calbe GmbH,Calbe/Saale
1299,W09,R51,RUFA,RUFA Fahrzeugbau GmbH,Zwönitz
1300,W09,G65,GERALDY,Geraldy KFZ GmbH,Schmelz
1302,W09,SF1,Schäfer-technic,schäfer-technic GmbH,Fellbach
1303,NMU,,UGUR MOTORLU (TR),UGUR MOTORLU ARACLAR MAKINA TURIZIM TASIMACILIK SAN. ve Tic.,"Nazilli, Aydin/Türkei"
1304,VF9,607,MATHIEU (F),MATHIEU S.A.,Toul cedex/Frankreich
1305,W09,M91,Multitrailer.de,multitrailer.de GmbH,Steinheim
1306,LP6,,Haojian (RC),"Guangzhou Panyu Haojian Motorcycle Industry Co., Ltd",Guangzhou City/China
1307,L84,,Zhejiang Renli (RC),Zhejiang Renli Vehicle Co.Ltd.,Yongkang City Zhejiang/China
1308,L5J,,Zhejiang Yongjiang (RC),"Zhejiang Yongjiang Industrial Co.,Ltd","Yongkang City, Zhejiang Province/China"
1309,LYM,,Zhuzh.Jianshe Yamaha (RC),"Zhuzhou Jianshe Yamaha Motor Co., Ltd.",Dongjiaduan Zhuzhou Hunan/China
1310,W09,A55,Artega,Artega GmbH,Delbrück
1311,SZD,,Arkus&Romet (PL),Arkus&Romet Group Sp. z o. o. (Motorcycles),Debica/Polen
1312,L4Y,,Qingqi (RC),"Qingqi Group Ningbo Rhon Motorcycle Co.,Ltd.",Cixi City/China
1313,WC3,,Daimler (D),Daimler AG (ALLE FAHRZEUGARTEN),STUTTGART
1313,WDA,,Daimler (D),Daimler AG (ALLE FAHRZEUGARTEN),STUTTGART
1313,WDB,,Daimler (D),Daimler AG (ALLE FAHRZEUGARTEN),STUTTGART
1313,WDC,,Daimler (D),Daimler AG (ALLE FAHRZEUGARTEN),STUTTGART
1313,WDD,,Daimler (D),Daimler AG (ALLE FAHRZEUGARTEN),STUTTGART
1313,WDF,,Daimler (D),Daimler AG (ALLE FAHRZEUGARTEN),STUTTGART
1313,WDG,,Daimler (D),Daimler AG (ALLE FAHRZEUGARTEN),STUTTGART
1313,WDH,,Daimler (D),Daimler AG (ALLE FAHRZEUGARTEN),STUTTGART
1313,WDJ,,Daimler (D),Daimler AG (ALLE FAHRZEUGARTEN),STUTTGART
1313,WDK,,Daimler (D),Daimler AG (ALLE FAHRZEUGARTEN),STUTTGART
1313,WDP,,Daimler (D),Daimler AG (ALLE FAHRZEUGARTEN),STUTTGART
1313,WDR,,Daimler (D),Daimler AG (ALLE FAHRZEUGARTEN),STUTTGART
1313,WDV,,Daimler (D),Daimler AG (ALLE FAHRZEUGARTEN),STUTTGART
1313,WDW,,Daimler (D),Daimler AG (ALLE FAHRZEUGARTEN),STUTTGART
1313,WDX,,Daimler (D),Daimler AG (ALLE FAHRZEUGARTEN),STUTTGART
1313,WDY,,Daimler (D),Daimler AG (ALLE FAHRZEUGARTEN),STUTTGART
1313,WDZ,,Daimler (D),Daimler AG (ALLE FAHRZEUGARTEN),STUTTGART
1313,WD0,,Daimler (D),Daimler AG (ALLE FAHRZEUGARTEN),STUTTGART
1313,WD1,,Daimler (D),Daimler AG (ALLE FAHRZEUGARTEN),STUTTGART
1313,WD2,,Daimler (D),Daimler AG (ALLE FAHRZEUGARTEN),STUTTGART
1313,WD3,,Daimler (D),Daimler AG (ALLE FAHRZEUGARTEN),STUTTGART
1313,WD4,,Daimler (D),Daimler AG (ALLE FAHRZEUGARTEN),STUTTGART
1313,WD5,,Daimler (D),Daimler AG (ALLE FAHRZEUGARTEN),STUTTGART
1313,WD6,,Daimler (D),Daimler AG (ALLE FAHRZEUGARTEN),STUTTGART
1313,WD7,,Daimler (D),Daimler AG (ALLE FAHRZEUGARTEN),STUTTGART
1313,WD8,,Daimler (D),Daimler AG (ALLE FAHRZEUGARTEN),STUTTGART
1313,WME,,Daimler (D),Daimler AG (ALLE FAHRZEUGARTEN),STUTTGART
1313,WYA,,Daimler (D),Daimler AG (ALLE FAHRZEUGARTEN),STUTTGART
1313,WYB,,Daimler (D),"Daimler AG (Freightliner, Trucks)",STUTTGART
1313,4JG,,Daimler (D),Daimler AG (ALLE FAHRZEUGARTEN),STUTTGART
1313,55S,,Daimler (D),Daimler AG (ALLE FAHRZEUGARTEN),STUTTGART
1314,W09,D39,D.M.NTZ-TECHNIK,D.M.Nutzfahrzeugtechnik GmbH,Viernheim
1315,L8B,,Zhejiang Jinli (RC),Zhejiang Jinli Industrial & Trading Co Ltd,Yongkang City Zhejiang/China
1316,ZKH,,BOXER (I),BOXER S.R.L.,VARESE/ITALIEN
1317,WGB,,Goeppel Bus,Goeppel Bus GmbH,Nobitz
1318,W09,E39,eROCKIT,eROCKIT Systems GmbH,Hennigsdorf
1319,W09,P41,Paeuser,Paeuser Nutzfahrzeugtechnik e.K.,Holzminden
1320,W09,R52,R.M.H.Lachish,R.M.H.Lachish Germany GmbH,Berg
1321,W09,HB7,HWC-Cycles,HWC-Henryk Willms Cycles,Ilberstedt
1323,L8Y,,Shanghai Shenke (RC),"Shanghai Shenke Motorcycle Co., Ltd","Songjiang District, Shanghai/China"
1324,LX6,,JIANGMEN HUARI (RC),"Jiangmen City Huari Co., Ltd.","Jiangmen City, Guangdong Province/China"
1325,LJ4,,Shanghai Jmstar (RC),"Shanghai Jmstar Motorcycle Co., Ltd.","Jinshan District, Shanghai/China"
1326,L7D,,Yongkang Changshun (RC),"Yongkang Changshun Industry & Trade Co., Ltd.","Yongkang, Zhejiang/China"
1327,LWB,,Wuyang-Honda (RC),"Wuyang-Honda Motors (Guangzhou) Co., Ltd.","Xintang Town, Zengcheng, Guangzhou/China"
1328,W09,N23,NBN Nutzfahrzeugebau,NBN Nutzfahrzeugebau Nordhorn GmbH,Nordhorn
1329,ADN,,NISSAN (CH),Nissan International S.A.,Rolle/Schweiz
1329,JNK,,NISSAN (CH),Nissan International S.A.,Rolle/Schweiz
1329,JNR,,NISSAN (CH),Nissan International S.A.,Rolle/Schweiz
1329,JN1,,NISSAN (CH),Nissan International S.A.,Rolle/Schweiz
1329,JN8,,NISSAN (CH),Nissan International S.A.,Rolle/Schweiz
1329,MBH,,NISSAN (CH),Nissan International S.A.,Rolle/Schweiz
1329,MDH,,NISSAN (CH),Nissan International S.A.,Rolle/Schweiz
1329,SJK,,NISSAN (CH),Nissan International S.A.,Rolle/Schweiz
1329,SJN,,NISSAN (CH),Nissan International S.A.,Rolle/Schweiz
1329,VNV,,NISSAN (CH),Nissan International S.A.,Rolle/Schweiz
1329,VSK,,NISSAN (CH),Nissan International S.A.,Rolle/Schweiz
1329,VWA,,NISSAN (CH),Nissan International S.A.,Rolle/Schweiz
1329,3N1,,NISSAN (CH),Nissan International S.A.,Rolle/Schweiz
1330,W09,KB0,Karosseriewerk Kraemer,Karosseriewerk Kraemer GmbH,Gross-Gerau
1332,LFU,,LIFENG (RC),"Lifeng Group Co., Ltd.","Wenzhou, Zhejiang/China"
1333,W09,W81,Wilkmann,Automobile Wilkmann,Lippstadt
1334,W09,F65,FABAS,FABAS Vogelsdorf Fahrzeugservice GmbH,Fredersdorf-Vogelsdorf
1335,W09,A56,ALHU,ALHU Fahrzeugtechnik GmbH,Tornesch
1336,YE6,,STAS (B),STAS nv,Waregem/Belgien
1337,L6X,,Chongqing Dongben (RC),"Chongqing Dongben Industry Co., Ltd.",Chongqing/China
1338,WWV,,Westfalia,Westfalia Mobil GmbH,Rheda-Wiedenbrück
1339,W09,R42,ROKO,ROKO Logistik GmbH,Uhingen
1340,W09,E40,Ebert,Stefan Ebert GmbH,Burghaun
1341,W09,HB8,Heck,Dr.-Ing. Franz Heck GmbH,Salzwedel
1342,WS1,,SI-Zweirad,SI-Zweirad-Vertriebs GmbH,Rheda-Wiedenbrück
1343,WK1,,Kreidler Europe,Kreidler Europe Motor GmbH,Rheda-Wiedenbrück
1345,W09,E41,E-Trikes,e-trikes GmbH & Co. KG,Bastheim
1346,WNG,,CNG-Technik,CNG-Technik GmbH,Mainz
1347,WPM,,Putzmeister Con.Pumps,Putzmeister Concrete Pumps GmbH,Aichtal
1348,LBF,,Luoyang Northern (RC),"Luoyang Northern Enterprises Group Co., Ltd.","Luoyang City, Henan/China"
1349,TMA,,Hyundai Motor (CZ),Hyundai Motor Manufacturing Czech s.r.o.,Nizni Lhoty/Tschechische Republik
1350,LHA,,SHUANGHUAN (RC),SHUANGHUAN AUTO,Shijiazhuang/China
1351,KM4,,S&T Motors (ROK),S&T Motors Co..Ltd.,"Changwon-shi, Kyungnam/Sued Korea"
1352,WDN,,DERBY CYCLE,Derby Cycle Werke GmbH,Cloppenburg
1353,LF3,,Lifan (RC),"Lifan Industry (Group) Co., Ltd.","Shapingba District, Chongqing City/China"
1354,RKH,,China Engine (RC),China Engine Corporation,"Tayuan Hsiang, Taoyuan/Taiwan"
1355,YU6,,Lennartsfors (S),Lennartsfors AB,Arjang/Schweden
1356,NLK,,KUBA MOTOR (TR),KUBA MOTOR ELEKTRONIK TEKSTIL ITHALAT IHRACAT SANAYI VE TIC.,Gaziantep/Türkei
1357,W09,W76,WOMA,WOMA GmbH,Duisburg
1358,WUC,,QUASI,QUASI Quad und ATV Services International GmbH & Co.KG,Leverkusen
1359,W09,G66,AC Automotive,AC Automotive GmbH,Straubenhardt
1360,WGC,,GUF,GUF GmbH Gesellschaft für Umweltbewusste Fortbewegung,Schelklingen
1361,WVP,,Viseon,Viseon Bus GmbH,Pilsting
1362,XL9,454,New Rebel (NL),New Rebel Motorcycles B.V.,Bergen op Zoom/Niederlande
1363,W09,P42,PSV,PSV Project Support Vehicles GmbH & Co. KG,Berlin
1364,W09,W82,"Wolf,Prevorst",Wolf Land- und Forsttechnik,Oberstenfeld-Prevorst
1366,W09,P43,Pabst,Pabst GmbH,Wuppertal
1367,LAP,,Chongqing Jianshe (RC),"Chongqing Jianshe Motorcycle Co., Ltd.",Chongqing/China
1368,YX9,018,Brudeli (N),Brudeli Tech AS,Hokksund/Norwegen
1369,VBK,,KTM-Sportcar (A),KTM-Sportcar Produktions GmbH,Graz/Österreich
1370,XMG,,VDL Bus & Coach (NL),VDL Bus & Coach bv,Valkenswaard/Niederlande
1370,XNL,,VDL Bus & Coach (NL),VDL Bus & Coach by,Valkenswaard/Niederlande
1371,W09,M92,MB-RENT,MB-RENT Truck & Trailer/Service & Logistik GmbH,Neubrandenburg
1372,Z29,,SIP (SLO),SIP Strojna Industrija d.d.,Sempeter v Svinsjsji dolini/Slowenien
1373,W09,HB9,HEICO,HEICO SPORTIV GmbH & Co. KG,Weiterstadt
1374,LJ7,,Jiangsu Zhongxing (RC),"Jiangsu Zhongxing Motorcycle Co., Ltd.","Zhaqiao, Anzhen, Wuxi City, Jiangsu/China"
1375,LBD,,Zhejiang Changling (RC),"Zhejiang Changling Benjian Vehicle Co., Ltd.",Hangzhou City/China
1375,LBD,,Zhejiang Zhongnan (RC),"Zhejiang Zhongnan Group Motorcycle Co., Ltd.","Chang'an, Wenyan, Hangzhou, Zhejiang/China"
1376,ZKC,,DUCATI energia (I),DUCATI energia SPA,Bologna/Italien
1377,W09,C28,Concorde,Concorde Reisemobile GmbH,Schlüsselfeld-Aschbach
1378,WK2,,Koenig Trailer,König Trailer GmbH,Trochtelfingen
1379,RK3,,Access Motor (RC),"Access Motor Co., Ltd.",Tainan City/Taiwan
1380,L8Y,,Zhejiang Jmstar Shen. (RC),"Zhejiang Jmstar Shenke Motorcycle Co., Ltd.","Taizhou City, Zhejiang/China"
1381,WSF,,SFM,SFM GmbH,Nürnberg
1382,LJL,,Zhejiang Lingyu (RC),"Zhejiang Lingyu Vehicle Industry Co., Ltd.","Taizhou City, Zhejiang Province/China"
1383,L4S,,Zhejiang XingYue (RC),"Zhejiang XingYue Vehicle Co., Ltd.","Gushang Town, YonKang City, Zhejiang/China"
1384,LYX,,JIANGSU SINSKI SONIK (RC),"JIANGSU SINSKI SONIK MOTOR TECHNOLOGY CO.,LTD.","Wuxi City, Jiangsu Province/China"
1385,W09,E42,EcoCraft,EcoCraft Automotive GmbH & Co. Beteiligungs KG,Wunstorf
1386,UN5,,Doosan (IRL),Doosan Trading Limited,"Swords, Co. Dublin/Irland"
1386,UN6,,Doosan (IRL),Doosan Trading Limited,"Swords, Co. Dublin/Irland"
1387,W09,T53,TTE Tuk Tuk Europa,TTE Tuk Tuk Europa GmbH,Emsbüren
1388,W09,SF2,Seitz,Seitz GmbH,Aspach
1389,W09,KC1,Krassort,Krassort Maschinen & Anlagenbau GmbH,Sassenberg
1390,LZL,,Zengcheng Haili (RC),"Zengcheng Haili Motorcycle Co., Ltd.","Xingtang, Zengcheng City, Guandong/China"
1391,TBB,,Bikeboard (CH),Bikeboard AG,Root Längenbold/Schweiz
1392,W09,B98,Borossi,Borossi Motors Limited,Buchholz
1393,W09,P44,PSM,PSM Projekt System & Management GmbH,Kassel
1395,L4B,,Xingyue (RC),"Xingyue Group Co., Ltd.","Gushan Town, Yongkang City, Zhejiang/China"
1396,W09,T54,Tegeder,Tegeder Nutzfahrzeuge,Hartha-Gersdorf
1397,LXM,,Xiamen Xiashing (RC),"Xiamen Xiashing Motorcycle Co., Ltd.","Xiamen City, Fujan Province/China"
1398,W09,A57,ARTEC,ARTEC GmbH,Muenchen
1400,6MM,,MITSUBISHI (AUS),MITSUBISHI MOTORS AUSTRALIA LTD (PASSENGER CARS),CLOVELLY PARK/AUSTRALIEN
1401,W09,D40,3DOG camping,3DOG camping GmbH & Co. KG,Hamburg
1402,W09,W83,WALTHER Nutzfahrzeugbau,WALTHER Nutzfahrzeugbau GmbH,Waldheim
1403,W09,G67,Geldmeier-Arning,Metallbau Geldmeier-Arning,Brockum
1405,W09,P45,Pfaff,Marko Pfaff & Co Spezialfahrzeugbau GmbH,Bad Lausick OT Buchheim
1406,W09,T55,Tempus,Tempus Technologie und Service GmbH,Bad Langensalza
1407,W09,R53,R&S Fahrzeugbau,R&S Fahrzeugbau,Hörstel
1408,W09,SF3,Stapel,Stapel GmbH,Sendenhorst
1409,VTR,,GAS GAS MOTOS (E),GAS-GAS MOTOS S.A.,Salt (Girona)/Spanien
1410,XL9,069,Kraker Trailers (NL),Kraker Trailers B.V.,Axel/Niederlande
1410,XN1,,Kraker Trailers (NL),Kraker Trailers B.V.,Axel/Niederlande
1411,W09,KC2,Kultour,Kultour Veranstaltungsservice GmbH,Münster
1412,5KT,,Karavan Trailers (USA),Karavan Trailers Inc.,Fox Lake (Wisconsin)/USA
1413,LE6,,Wuxi Celimo (RC),"Wuxi Celimo Vehicle Manufacturing Co., Ltd.","Wuxi City, Jiangsu Province/China"
1414,WMX,,Mercedes-AMG,Mercedes-AMG GmbH,Affalterbach
1415,W09,P46,Pfaff Schmiede Fz-Bau,Marko Pfaff Schmiede und Fahrzeugbau,Bad Lausick OT Buchheim
1416,W09,SF4,Stumpf,Kfz.-Service Norbert Stumpf,Wust
1417,W09,Z16,Zeck,Zeck GmbH,Scheßlitz
1418,W09,W84,WAS,Wietmarscher Ambulanz- und Sonderfahrzeug GmbH,Wietmarschen
1419,W0T,,Qt ElektroFahrzeuge,Qt ElektroFahrzeuge GmbH,Duingen
1420,WLU,,LUIS,LUIS AG,Ammersbek
1421,W09,D41,DOLL SACHSEN,DOLL SACHSEN GmbH,Mildenau
1422,WFR,,FRAEGER,FRÄGER GmbH,Immenhausen
1423,UH9,CW1,Jensen (DK),Lauge Jensen A/S,Gedved/Dänemark
1424,XF1,,NIPPONIA (GR),NIPPONIA S.A.,Athens/Griechenland
1425,W09,N23,DRITEC,DRITEC GmbH,Nordhorn
1426,W09,N24,9ff Fahrzeugtechnik,9ff Fahrzeugtechnik GmbH,Dortmund
1427,WKJ,,KIA MOTORS,KIA MOTORS Deutschland GmbH,Frankfurt am Main
1428,W09,B99,"Bardenhorst,Mirko",Mirko Bardenhorst,Nordhorn
1430,W09,P47,Pohlmann,Hans-Jürgen Pohlmann,Leverkusen
1431,SY9,DE1,NANCY CHEVAL (F),NANCY CHEVAL SARL,Ligneville/Frankreich
1431,VKD,,NANCY CHEVAL (F),NANCY CHEVAL SARL,Ligneville/Frankreich
1432,LB7,,Tibet New Summit (RC),"Tibet New Summit Motorcycle Co., Ltd.","Beijing Zhonglu, Lhasa/China"
1433,W09,M94,MALI,MALI Spezialfahrzeugbau GmbH,Schönebeck
1434,WHL,,Hulco,Hulco Trailers GmbH,Bad Bentheim-Gildehaus
1435,W09,V19,Vemus,Vemus GmbH,Illmensee
1437,RFZ,,JI-EE (RC),"JI-EE Industry Co., Ltd.","Tainan/Taiwan, R.O.C."
1437,RK1,,JI-EE (RC),"JI-EE Industry Co., Ltd.","Tainan/Taiwan, R.O.C."
1438,LCE,,Chunfeng (RC),"Chunfeng Holding Group Hangzhou Motorcycles Manuf. Co., Ltd.","Hangzhou, Zhejiang Province/China"
1439,RGR,,Gamax (RC),Gamax Moto Corporation,"Sinjhuang City, Taipei County 242/Taiwan"
1441,SNZ,,MZ Motorenwerke,Motorenwerke Zschopau GmbH,Großolbersdorf
1442,W09,E43,Elomat,Elomat Anlagenbau Wassertechnik GmbH,Sasbach
1443,WWM,,WOERMANN,Wörmann GmbH,Hebertshausen
1443,W09,W85,WOERMANN,Wörmann GmbH,Hebertshausen
1444,WCA,,Gardner,Gardner Denver Deutschland GmbH,Simmern
1445,W09,J09,Schwarte Jansky,Schwarte Jansky GmbH,Emsdetten
1446,WJV,,IAV,"IAV GmbH, Ingenieurgesellschaft Auto und Verkehr",Berlin
1447,RFV,,Motive Power (RC),"Motive Power Industry CO., Ltd",Chang-Hwa Hsien/Taiwan
1448,W09,M95,MT Kramer,MT Kramer Trailer,Eitorf
1449,W09,A59,AQUA TRAILER,Aqua Trailer,Korbach
1450,W1D,,Diamant,Diamant Fahrradwerke GmbH,Hartmannsdorf
1451,VPK,,CLAAS Tractor (F),CLAAS Tractor S.A.S,"Velizy Villacoublay, Frankreich"
1452,W09,E44,Euracom,Euracom GmbH,Berlin
1453,W09,W86,WEB Trailer,WEB Trailer GmbH,Twist
1454,WTU,,TUENKERS,Tünkers Maschinenbau GmbH,Ratingen
1456,W09,R55,Rheinmetall Radfahrzeuge,Rheinmetall Radfahrzeuge GmbH,Düsseldorf
1457,W09,SF5,Sawiko,Sawiko Fahrzeugzubehör GmbH,Neuenkirchen-Vörden
1458,W09,D42,Deckwerth,Fahrzeugbau und Entwicklungswerk Paul Deckwerth GmbH & Co.KG,Wurzen
1459,W09,G70,Guenther,Anlagenbau Günther GmbH,Wartenberg
1462,W09,SF6,Strassentest,Strassentest e.K.,Aschaffenburg
1463,WTT,,TECDRIVE,tecdrive green mobility GmbH,Eppingen
1464,WJD,,ID Bike,ID Bike GmbH,Stuttgart
1465,W09,A60,ASC,ASC Armored Specialty Cars GmbH,Reutlingen-Mittelstadt
1466,SUZ,,ZASLAW (PL),ZASLAW TSS Sp. z o.o. sp. k.,Andrychow/Polen
1466,SVH,,ZASLAW (PL),ZASLAW TSS Sp. z o.o. sp. k.,Andrychow/Polen
1467,W09,HB0,Hecker & Brian,Hecker & Brian GmbH & Co. KG,Eppingen
1468,W09,E45,Eurotank,Eurotank GmbH,Kalkar
1470,W09,R56,RAPID,RAPID Leichtbau GmbH,Ilsenburg
1472,W09,M96,Metall- u.Anlagenbau Nord,Metall- und Anlagenbau Nord GmbH,Greifswald
1473,NP9,168,Basoglu (TR),Basoglu Karavan Sanayi,Sakarya/Türkei
1474,LZL,,Guangzhou Haojin (RC),"Guangzhou Haojin Motorcycle Co., Ltd.",China
1475,W09,L54,Loewe,Löwe Handelsgesellschaft mbH,Hohen Neuendorf
1476,WT3,,Third Element,Third Element GmbH,München
1478,W09,R57,Richter Motorraeder,Richter Motorräder GmbH,Bad Laer
1480,LRW,,Tesla (USA),Tesla Inc.,Palo Alto/USA
1480,SFZ,,Tesla (USA),Tesla Inc.,Palo Alto (California)/USA
1480,XP7,,Tesla (USA),Tesla Inc.,Palo Alto (California)/USA
1480,5YJ,,Tesla (USA),Tesla Inc.,Palo Alto (California)/USA
1480,7SA,,Tesla (USA),Tesla Inc.,Palo Alto (California)/USA
1481,YAC,,Kwanten (B),Erik Kwanten,Bocholt/Belgien
1482,WBV,,Burg Silvergreen,Burg Silvergreen GmbH,Neu-Ulm
1483,W09,KC3,Kleinsman,Kleinsman Horsetrucks GmbH,Bad Bentheim
1485,W09,W87,Wulfhorst,Wulfhorst GmbH,Gütersloh
1486,ZLF,,TAZZARI (I),TAZZARI G.L. s.p.a.,Imola (BO)/Italien
1487,KF6,,Automotive Industr. (IL),Automotive Industries Ltd.,Nazareth Illit/Israel
1488,LLP,,Zhejiang Jiajue (RC),"Zhejiang Jiajue Motorcycle Manufacturing Co., Ltd","Luqiao District, Taizhou, Zhejiang/China"
1489,W09,T56,Tigges,Metallbau Tigges GmbH,Schmallenberg
1490,LKB,,Foton Lovol (RC),"Foton Lovol International Heavy Industry Co., Ltd.","Fangzi District, Weifang, Shandong/China"
1492,LWG,,CHONGQING HUANSONG (RC),"CHONGQING HUANSONG INDUSTRIES (GROUP) CO., LTD.","Huayan Town, Jiulongpo, Chongqing/China"
1493,WBK,,Boecker Maschinenwerke,Böcker Maschinenwerke GmbH,Werne
1494,W09,H43,Haprich + Welzien,Haprich + Welzien GmbH,Karstädt
1495,W09,X01,XENATEC,XENATEC Group GmbH & Co. KG,Weinsberg
1496,W09,M98,Mansory,Mansory Design & Holding,Brand
1497,LCE,,ZHEJIANG CFMOTO (RC),"ZHEJIANG CFMOTO POWER CO.,LTD","Hangzhou, Zhejiang Province/China"
1498,L80,,Chongqing Lianfei (RC),"Chongqing Lianfei Motorcycle Co., Ltd.","Jiulongpo District, Chongqing/China"
1499,W09,L55,LAGEMANN,LAGEMANN Wassersport,Moormerland
1500,W0T,,E-Star,e-star Elektrofahrzeuge GmbH,Mönchengladbach
1501,NLS,,Serin (TR),Serin Treyler Anonim Sirketi,"Selcuklu, Konya /Türkei"
1503,WEW,,e-bility,e-bility GmbH,Remagen
1503,W09,E46,e-bility,e-bility GmbH,Remagen
1504,W09,A61,A.R.T. tuning,A.R.T. tuning gmbh,Nürnberg
1505,WGR,,GRACE,GRACE GmbH & Co. KG,Sangerhausen
1506,W09,W88,Weber Stahl,Weber Stahl-Anarbeitungs-Service GmbH,Großlittgen
1507,W2D,,Demharter,Demharter GmbH,Dillingen
1508,WZE,,ZEG,ZEG Zweirad-Einkaufs-Genossenschaft eG,Köln
1509,WPG,,PG Trade & Sales,PG Trade & Sales GmbH,Regensburg
1510,TAM,,GDELS-Mowag (CH),General Dynamics European Land Systems - Mowag GmbH,Kreuzlingen/Schweiz
1511,WHM,,Hanseatische Fahrzeug M.,Hanseatische Fahrzeug Manufaktur GmbH,Holm
1513,W09,A62,ACID-BIKES,ACID-BIKES,Ganderkesee
1515,WMO,,Oberaigner,Oberaigner Automotive GmbH,Laage
1516,WAG,,MAN Truck & Bus,MAN Truck & Bus SE,München
1516,WMA,,MAN Truck & Bus,MAN Truck & Bus SE,München
1517,WRJ,,Riese & Müller,Riese & Müller GmbH,Mühltal
1518,W09,SF7,Sahm,Sahm GmbH,Hannover
1519,W09,P48,PEFRA,PEFRA Aktiengesellschaft,Eching/Weixerau
1520,W09,V20,VA-Yachting,VA-Yachting,Bobenheim-Roxheim
1521,W09,M99,Matev,matev GmbH,Langenzenn
1522,W09,SF8,S&Ü,S&Ü Hydraulik und Maschinenbau GmbH,Marienmünster
1523,TSN,,BABO (H),BABO MOTORS KFT,Budapest/Ungarn
1524,WWS,,Winora,Winora-Staiger GmbH,Sennfeld
1525,W09,HC1,Hübner-Polyester,Hübner-Polyester,Niedercunnersdorf
1526,W09,L56,LEIBER Fahrzeugtechnik,Leiber Fahrzeugtechnik,Engen
1527,W09,BA1,Börger,Börger GmbH,Borken-Weseke
1528,WRV,,RMMV,Rheinmetall MAN Military Vehicles GmbH (RMMV),München
1528,W09,R55,RMMV,Rheinmetall MAN Military Vehicles GmbH (RMMV),München
1529,W09,F67,FAF,FAF Fördertechnik GmbH,Brieselang
1530,W09,SF9,Spectra,Spectra GmbH,Stutensee
1531,W09,P49,Paul Nutzfahrzeuge,Paul Nutzfahrzeuge GmbH,Vilshofen
1532,W09,R58,Röttger,Röttger-Fahrzeugbau GmbH,Homberg-Relbehausen
1534,KF0,,Kooper (IL),Kooper International Ltd.,Tel Aviv/Israel
1535,XNZ,,Zest (NL),Zest Products B.V.,Heemskerk/Niederlande
1536,WES,,EFW-Suhl,efw-Suhl GmbH,Suhl
1537,W09,BA2,Bunnefeld,Bunnefeld Anhängerbau UG (haftungsbeschränkt),Haren-Emmeln
1538,WH2,,H2O E- Mobile,H2O E- Mobile GmbH,Varel
1539,W09,A63,Aggretech,Aggretech AG,Ruhstorf
1540,W09,T57,TBZ,TBZ GmbH,Bretten
1541,W09,D43,Dynajet,Dynajet GmbH,Nürtingen
1542,TCK,,Kyburz (CH),Kyburz Switzerland AG,Freienstein/Schweiz
1543,W09,T58,Tamke,Tamke Verkaufsfahrzeuge GmbH,Rotenburg (Wümme)
1544,NLF,,Koluman (TR),Koluman Otomotiv Endüstri A.S.,Yenice-Tarsus-Mersin/Türkei
1545,WTV,,TRAVEC,TRAVEC Automotive GmbH,Frankfurt am Main
1547,LKK,,Jiangsu Jinjie (RC),"Jiangsu Jinjie Motor Manufacture Co., Ltd.","Xishan, Wuxi, Jiangsu/China"
1548,ZG2,,E.V.F. (I),E.V.F. S.p.A.,Monterubbiano/Italien
1549,VJ2,,MIA ELECTRIC (F),MIA ELECTRIC SAS,Cerizay Cedex (F)
1550,SBM,,McLaren (UK),McLaren Automotive Ltd,"Woking, Surrey/Vereinigtes Königreich"
1551,W09,KC4,KFB Schlumbohm und Rohde,Karosserie- und Fahrzeugbau Schlumbohm und Rohde GmbH,Soltau
1552,W09,T46,TS Industrie,TS Industrie GmbH,Neukirchen-Vluyn
1553,W09,SF0,SANY,SANY Europe GmbH,Bedburg
1554,NP8,,DURMUS ÖZGÜL (TR),DURMUS ÖZGÜL OTOMOTIV ITH.IHR. SAN. ve TIC. A.S.,KONYA/TÜRKEI
1554,NP9,025,DURMUS ÖZGÜL (TR),DURMUS ÖZGÜL OTOMOTIV ITH.IHR. SAN. ve TIC. A.S.,KONYA/TÜRKEI
1555,VA9,,BERGER (A),Berger Fahrzeugtechnik GmbH,Radfeld/Österreich
1555,VCB,ZTO,BERGER (A),Berger Fahrzeugtechnik GmbH,Radfeld/Österreich
1556,WLX,,LADA,LADA Automobile GmbH,Buxtehude
1557,L8Y,,ZHEJIANG JONWAY (RC),"ZHEJIANG JONWAY MOTORCYCLE MANUFACTURING CO., LTD","Luqiao, Taizhou, Zhejiang/China"
1558,W09,A64,AtTrack,AtTrack GmbH,Stuttgart
1559,W09,SG1,Seka,Seka Nutzfahrzeuge GmbH & Co.KG,Leverkusen
1560,WK4,,Kärcher Futuretech,Kärcher Futuretech GmbH,Schwaikheim
1561,MD7,,LML Limited (IND),LML Limited,Kanpur/Indien
1562,SVR,,Sogewalot (PL),Sogewalot sp.z.o.o.,Krzemieniewo/Polen
1563,NP9,108,GUEVEN (TR),Güven Makina Sanayi VE TIC.LTD.STI,Iskenderun (TR)
1564,WJC,,IAV Cars,IAV Cars GmbH,Berlin
1565,W09,N25,Nilfisk-Advance,Nilfisk-Advance Eppingen GmbH,Eppingen
1566,6FP,,FORD (AUS),Ford Motor Company of Australia Limited,Richmond/Australien
1567,W09,W19,WECRA,WECRA GmbH Fertigungstechnik,Preußisch Oldendorf
1568,LVX,,JIANGLING (RC),"Jiangling Motor Holding Co., Ltd.","Nanchang City, Jiangxi Province, China"
1569,WEV,,Electric Mobility,Electric Mobility Automotive GmbH,München
1570,NP9,006,ISISAN (TR),ISISAN ISI SANAYI VE TICARET A.S.,38070 Kayseri /Turkei
1571,NP9,002,OK KARDESLER (TR),OK KARDESLER TREYLER SANAYI TIC. A.S.,Astim Organize San B Igesi/Aydin/Türkei
1572,W09,KC5,Kremer,E & M Kremer GmbH,Köln
1573,L3J,,SKY TEAM (RC),SKY TEAM CORPORATION LTD.,"North Point, Hongkong/China"
1574,W09,HC2,Heinrich,Wohnmobilbau Heinrich GmbH,Zellingen
1575,W09,E04,EDER,Eder GmbH,Tuntenhausen
1576,YSE,,Kärcher Belos (S),Kärcher Belos AB,Tranas/Schweden
1577,W09,F68,FINBAU,finbau modul-systeme GmbH,Finnentrop
1578,LTM,,Sundiro Honda (RC),"Sundiro Honda Motorcycle Co., Ltd.","Huazin Town, QingPu, Shanghai/China"
1579,WH1,,Hartje,Hermann Hartje KG,Hoya/Weser
1580,W09,P50,Pavic,Pero Pavic,Lemgo
1581,WSM,,Schmitz Cargobull,Schmitz Cargobull AG,Altenberge
1583,W09,A08,Mecalac Baumaschinen,Mecalac Baumaschinen GmbH,Büdelsdorf
1584,WHX,,HOREX (D),HOREX GmbH,Augsburg
1585,TCL,,LYRIC (CH),LYRIC Global AG,Zug/Schweiz
1586,W09,L57,Leichtmobile,Leichtmobile Ltd. & Co. KG,Kenzingen
1587,TDD,,Dolphin (CH),Dolphin E-Bikes GmbH,Basel/Schweiz
1588,YH4,,Fisker (USA),Fisker Automotive Inc.,"Anaheim, CA 92807, USA"
1589,W09,Z18,Zitzmann,Zitzmann Fahrzeugbau GmbH,Nürnberg
1590,SAD,,Jaguar Land Rover (UK),Jaguar Land Rover Limited,"Whitley, Coventry/Vereinigtes Königreich"
1590,SAJ,,Jaguar Land Rover (UK),Jaguar Land Rover Limited,"Whitley, Coventry/Vereinigtes Königreich"
1590,SAL,,Jaguar Land Rover (UK),Jaguar Land Rover Limited,"Whitley, Coventry/Vereinigtes Königreich"
1591,5TS,,Tomberlin (USA),"Tomberlin Automotive Group, Inc.","Augusta, Georgia/USA"
1593,TW1,,TOYOTA CAETANO (P),"TOYOTA CAETANO PORTUGAL, S.A.",Vila Nova de Gaia/Portugal
1594,W09,P51,Prosper e-Mobility,Prosper e-Mobility GmbH & Co. KG,Münster
1595,ZLY,,QUADRO TECNOLOGIE (I),QUADRO TECNOLOGIE Srl,Cerro Maggiore (MI)/Italien
1597,W09,M30,FMS,FMS Fahrzeugbau GmbH,Hagenow
1598,NP9,111,Öztreyler (TR),Öztreyler Demir Celik Makine Otomotiv,"Gebze, Kocaeli/Türkei"
1599,V39,TB1,BELINA (HR),AUTOMONT BELINA,Krapinske Toplice/Kroatien
1600,UN7,,McHale (IRL),McHale Engineering Ltd.,"Ballinrobe, Co. Mayo/Irland"
1601,WSK,,Schmitz Cargobull Gotha,Schmitz Cargobull Gotha GmbH,Gotha
1602,LC6,,Jiangmen Da Chang (RC),"Jiangmen Da Chang Jiang Group Co., Ltd.","Jiangmen City, Guangdong Province/China"
1603,VBH,,HUMER (A),"HUMER - Anhänger, Tieflader, Verkaufsfahrzeuge - GmbH",Gunskirchen/Österreich
1604,W09,E47,Eurotank Service,Eurotank Service GmbH,Goch
1606,Y6E,,LAZ (UA),Lvivski Avtobusni Zavody Ltd.,Lviv/Ukraine
1607,WFN,,Tadano Faun,Tadano Faun GmbH,Lauf a. d. Pegnitz
1608,WFF,,Fellechner,Fellechner Fahrzeugbau GmbH,Zwickau
1609,WS2,,Sunetta,Sunetta UG (haftungsbeschränkt),Herrenberg
1610,RP8,,PIAGGIO (VN),"PIAGGIO VIETNAM Co., Ltd.","Lot M, Binh Xuyen, Vinh Phuc Prov./Vietnam"
1611,W09,E48,EDR,EDR- Einkauf der Reisemobilhersteller eG,Nürnberg
1613,WS3,,scuddy,scuddy GmbH & Co. KG,Kiel
1614,W09,SG2,STOOF,STOOF International Fahrzeugbau GmbH,Borkheide
1615,TA9,865,Tremola (CH),Tremola AG,Bilten/Schweiz
1616,WGX,,Gobax,Gobax GmbH,Mössingen
1617,W09,G05,GEMBALLA,GEMBALLA GmbH,Leonberg
1618,W09,W19,blueTrailer,blueTrailer GmbH Fertigungstechnik,Preußisch Oldendorf
1620,UH2,,Thule (S),Thule Trailers AB,Jönköping/Schweden
1620,YU1,,Thule (S),Thule Trailers AB,Jönköping/Schweden
1620,ZEB,,Thule (S),Thule Trailers AB,Jönköping/Schweden
1621,W09,SG3,Schuler Spezialfahrzeuge,Schuler Spezialfahrzeuge GmbH,Altensteig
1622,W09,E49,emo-bike,emo-bike GmbH & Co.KG,Biberach
1623,W09,T59,Tischer,Tischer Fahrzeugbau GmbH,Waldmünchen
1624,VAX,,Schwingenschlögel (A),Schwingenschlögel GmbH,Eugendorf/Österreich
1625,TCS,,TRIKON (CH),TRIKON Solutions AG,Neuhausen am Rheinfall/Schweiz
1626,W09,SG4,Schultes,Schultes e.K. Metallverarbeitung,Rain
1627,W09,Z19,ZPmoto,ZPmoto GmbH,Zschopau
1629,W09,KC6,Kuhz,Kuhz Metallbau Roland Kuhz,Bad Doberan
1630,W09,BA3,Glaap & Brinkmann,Ludger Glaap & Fritz Brinkmann Machines GmbH & Co. KG,Schloss Holte
1632,UHM,,Nilfisk-Advance (DK),Nilfisk-Advance A/S,Bröndby/Dänemark
1633,W09,L58,Lorinser,Sportservice Lorinser - Sportliche Ausrüstung GmbH,Waiblingen
1634,W09,M00,Mitra,Mitra Europe Ltd,Schermbeck
1635,W09,SG5,Speedbrain,Speedbrain GmbH,Weißenburg
1636,W09,HC3,Hage + Knapp,Hage & Knapp Tank- und Spezialfahrzeugbau GmbH,Mannheim
1637,W09,SG6,Sproll,Sproll-Anhänger-Fahrzeuge,Dietenwengen
1638,YYH,,Loyds (N),Loyds Industri AS,Borgenhaugen/Norwegen
1639,WUN,,unu,unu GmbH,Berlin
1640,W09,SG7,SysTrac,SysTrac GmbH,Schönebeck/Elbe
1643,W09,E24,EBB Truck-Center,EBB Truck-Center GmbH,Heilbronn
1644,W09,J28,SEMCON,Semcon Bad Friedrichshall GmbH,Bad Friedrichshall
1645,W09,SG8,Schweitzer,Schweitzer Karosserie- und Fahrzeugbau GmbH,Groß-Gerau
1646,W09,BA4,Beutel,Beutel-Service GmbH,Arendsee (Altmark) OT Rademin
1647,UH9,LD1,LINDDANA (DK),LINDDANA A/S,Toerring/Dänemark
1648,W09,E50,E-Power Mobility,E-Power Mobility GmbH,Bensheim
1649,WBV,,CIMC Silvergreen,CIMC Silvergreen GmbH,Illertissen
1651,YSF,,Clean Motion (S),Clean Motion AB,Lerum/Schweden
1652,RLH,,Honda (VN),"Honda Vietnam Co., Ltd.",Phuc Yen Provincial City/Vietnam
1653,TBW,,Stöckli (CH),Stöckli Swiss Sports AG,Wolhusen/Schweiz
1654,WS4,,STEVENS,STEVENS Vertriebs GmbH,Hamburg
1655,W09,MA0,Meier,Fahrzeugbau Meier GmbH,Altdorf
1656,W09,MA1,Morelo,Morelo Reisemobile GmbH,Schlüsselfeld
1657,W09,A65,Albach,Albach-Maschinenbau GmbH,Vohburg-Menning
1658,56K,,Indian Motorcycle (USA),Indian Motorcycle Company,"Wilmington, USA"
1659,W09,H16,Beilharz,Beilharz Nutzfahrzeuge Gelsenkirchen GmbH,Gelsenkirchen
1660,W09,T60,TRASCO (D),TRASCO Bremen GmbH,Bremen
1661,MLC,,THAI SUZUKI (THA),"Thai Suzuki Motor Co., Ltd.","Pathumthani 12130, Thailand"
1662,W09,KC7,Krude,Zentralschmiertechnik Norbert Krude,Neuenhaus
1663,TCL,,eDrive Concept (CH),eDrive Concept AG,Peist/Schweiz
1664,ZA9,D90,OFF.BREV.CARON (I),OFFICINE BREVETTI CARON S.r.l.,Pianezze/Italien
1665,W09,R59,Rothlehner,Rothlehner Arbeitsbühnen GmbH,Massing-Oberdietfurt
1666,SU9,ST4,Strassmayr (PL),Strassmayr GmbH,Przezmierowo/Polen
1668,W09,M89,Güstrower L-M-B,Güstrower L-M-B GmbH & Co. KG,Güstrow
1669,WCS,,CIMC Silvergreen Germany,CIMC Silvergreen Germany GmbH,Neu-Ulm
1670,W09,G63,Custom Chrome Europe,Custom Chrome Europe GmbH,Bad Kreuznach
1671,5SA,,Suzuki (USA),Suzuki Manufacturing of America Corporation,"Rome, GA (Georgia)/USA"
1672,WH5,,Hofele,Hofele-Design GmbH,Donzdorf
1672,W09,HC4,Hofele,Hofele-Design GmbH,Donzdorf
1673,TAC,,QUADRO (CH),QUADRO VEHICLES SA,Lugano/Schweiz
1674,VT9,069,LORYC (E),LORYC Mallorca SL,Calvia/Mallorca/Spanien
1676,WJT,,InnoTrailer,InnoTrailer GmbH,Niedercunnersdorf
1677,W09,D44,Dachs,Dachs GmbH,Schöneck
1678,W09,P52,Pronautic,Pronautic Bootsanhänger,Wiesmoor
1679,W09,G72,Gergen,Gergen Kipper- und Fahrzeugbau GmbH,St. Ingbert
1680,WEK,,emco,emco elektroroller GmbH,Lingen
1681,WS5,,StreetScooter,StreetScooter GmbH,Aachen
1682,W09,R60,RW-Fahrzeugbau,RW-Fahrzeugbau GmbH,Darmstadt
1683,1Z9,318,Zero Motorcycles (USA),Zero Motorcycles,"Scotts Valley, Kalifornien/USA"
1683,538,,Zero Motorcycles (USA),Zero Motorcycles,"Scotts Valley, Kalifornien/USA"
1684,VF9,046,Manitowoc (F),Manitowoc Crane Group France S.A.S,Dardilly/Frankreich
1685,ZA9,L33,Cattaneo (I),Luigi Cattaneo,Magnago (Mailand)/Italien
1686,W09,BA5,BuK,BuK Boots- und Kunststoffbau GmbH,Lübesse
1687,W09,E51,ERO,ERO GmbH,Simmern
1688,MMS,,SUZUKI (THA),"SUZUKI MOTOR (THAILAND) CO,. LTD.","A. Pluakdaeng, Rayong/Thailand"
1689,W09,T61,Thiem,Thiem Fahrzeugbau & Krantechnik,Bremen
1691,UH2,,Brenderup (S),Brenderup AB,Jönköping/Schweden
1691,YU1,,Brenderup (S),Brenderup AB,Jönköping/Schweden
1691,ZEB,,Brenderup (S),Brenderup AB,Jönköping/Schweden
1692,W09,BA6,Busch,Mirko Busch (NeSS NewStreetStyle),Weißenfels
1693,TBM,,Intercycle (CH),Intercycle AG,Sursee/Schweiz
1694,MBX,,Piaggio (IND),Piaggio Vehicles Pvt. Ltd.,"Baramati, Pune/Indien"
1694,MC3,,Piaggio (IND),Piaggio Vehicles Pvt. Ltd.,"Baramati, Pune/Indien"
1694,MET,,Piaggio (IND),Piaggio Vehicles Pvt. Ltd.,Pune/Indien
1695,SA9,223,Welsh Harp (GB),Welsh Harp Boat Centre,London/Vereinigtes Königreich
1696,SWN,,ZPP Niewiadow (PL),ZPP Niewiadow Sp. z o.o.,Ujazd (Polen)
1697,W09,A66,ABREX,ABREX Geräte- und Anlagenbau GmbH,Krakow am See
1698,W09,SG9,Sightseeing Trains Rügen,Sightseeing Trains Rügen GmbH,Binz
1699,MH8,,Suzuki Indomobil (RI),PT. Suzuki Indomobil Motor,"Jakarta, Indonesien"
1700,TGL,,Clevertrailer (CH),Clevertrailer GmbH,Lyss/Schweiz
1701,XL9,017,Van Eck (NL),Van Eck Beesd B. V.,Beesd/Niederlande
1701,XRH,,Van Eck (NL),Van Eck Beesd B.V.,Beesd/Niederlande
1702,W09,P54,Pending System,Pending System GmbH & Co. KG,Waldershof
1703,MH3,,YAMAHA (RI),P.T.Yamaha Indonesia Motor Manufacturing,Jakarta/Indonesien
1704,YMJ,,Yanmar (NL),Yanmar Europe B.V.,Almere/Niederlande
1706,W09,A67,Apprich Secur,Apprich Secur GmbH,Ludwigsfelde
1707,W09,J36,A6 Jung,A6 Jung Fahrzeugbau GmbH & Co. KG,Homburg
1708,TC9,502,FAB Design (CH),FAB Design AG,Hunzenschwil/Schweiz
1709,UHE,,Scanvogn (DK),Scanvogn A/S,Hirtshals/Dänemark
1710,W09,N26,nanoPRODUCTION,nanoPRODUCTION GmbH,Waldshut-Tiengen
1711,51R,,Brammo (USA),Brammo Inc.,"Talent, OR/USA"
1712,W09,BA7,Bücker Trailer,Bücker Trailer GmbH,Emsdetten
1713,W09,D46,DOLL Fahrzeugbau,DOLL Fahrzeugbau GmbH,Oppenau
1714,VJ1,,Heuliez Bus (F),Heuliez Bus S.A.,"Rorthais, Mauleon/Frankreich"
1715,KM4,,KR Motors (ROK),"KR Motors Co., Ltd.","Changwon-si, Gyeongsangnam-do/Korea"
1716,ZA9,L57,LEAOS (I),LEAOS DES ARMIN OBERHOLLENZER,Bozen/Italien
1717,W09,D47,3DOG camping (D),3DOG camping GmbH,Bad Waldsee
1718,TEB,,Bucher (CH),Bucher Municipal AG,Niederweningen/Schweiz
1719,TAP,,Polaris (CH),Polaris Sales Europe Sarl,Rolle/Schweiz
1720,VCK,,KTM Fahrrad (A),KTM Fahrrad GmbH,Mattighofen/Österreich
1721,WCL,,Claas (D),Claas Selbstfahrende Erntemaschinen GmbH,Harsewinkel
1722,W09,P55,PMC,PMC-Motorcycles GmbH,Greding
1723,W09,V21,VOCOL,VOCOL GmbH,Kevelaer
1724,W09,BA8,Beinlich (D),Beinlich Agrarpummpen und -maschinen GmbH,Ulmen
1725,TAB,,AGCO (CH),AGCO International GmbH,Neuhausen am Rheinfall/Schweiz
1726,1C4,,FCA (USA),FCA US LLC,"Auburn Hills, Michigan/USA"
1726,1C6,,FCA (USA),FCA US LLC,"Auburn Hills, Michigan/USA"
1726,2C3,,FCA (USA),FCA US LLC,"Auburn Hills, Michigan/USA"
1726,2C4,,FCA (USA),FCA US LLC,"Auburn Hills, Michigan/USA"
1726,3C4,,FCA (USA),FCA US LLC,"Auburn Hills, Michigan/USA"
1727,ZAC,,FCA Italy (I),FCA Italy S.p.A.,Turin/Italien
1727,ZFA,,FCA Italy (I),FCA Italy S.p.A.,Turin/Italien
1727,ZLA,,FCA Italy (I),FCA Italy S.p.A.,Turin/Italien
1728,W09,J37,Jännert,Jännert Karroseriebau GmbH & Co. KG,Schierling
1729,WGJ,,Fliegl Agrartechnik,Fliegl Agrartechnik GmbH,Mühldorf a. Inn
1730,W09,A68,Akkurad,Akkurad GmbH - Lohmeyer Leichtfahrzeuge,Schwäbisch Gmünd
1731,VBK,,KTM Sportcar (A),KTM Sportcar GmbH,Mattighofen/Österreich
1732,W09,A69,ARBAprocessing,ARBAprocessing GmbH,Emsdetten
1733,W09,SG0,sileo,sileo GmbH,Salzgitter
1734,SAR,,MG Motor (UK),MG Motor UK Ltd,Longbridge/Vereinigtes Königreich
1734,SDP,,MG Motor (UK),MG Motor UK Ltd,Longbridge/Vereinigtes Königreich
1735,WLY,,Lely Agrartechnik,Lely Agrartechnik GmbH,Waldstetten
1736,W09,A70,ATG,ATG Autohandels GmbH,Bielefeld
1737,W09,F69,Flitzbike,Flitzbike GmbH,Bodnegg
1738,W09,MA2,Matthes (D),Autohaus Matthes GmbH,Meiningen-Dreißigacker
1739,XL9,544,M-Products (NL),M-Products B.V.,Wateringen/Niederlande
1740,LD3,,Guangdong Tayo (RC),"Guangdong Tayo Motorcycle Technology Co., Ltd","Jiangmen City, Guangdong Province (RC)"
1741,XRD,,Cycling Sports (NL),Cycling Sports Group B.V.,Oldenzaal/Niederlande
1742,ZAR,,Alfa Romeo (I),Alfa Romeo S.p.A.,Turin/Italien
1743,WEU,,HNF,HNF GmbH,Biesenthal
1744,VA9,VB1,TIMA (A),TIMA Handel und Service GmbH,Schardenberg/Österreich
1745,W09,KC4,"KFB Jessen, Soltau",KFB Jessen GmbH,Soltau
1746,W09,J11,"KFB Jessen, Oststeinbek",KFB Jessen GmbH,Oststeinbek
1747,W09,F70,Fliegl International,Fliegl International GmbH,Mühldorf a. Inn
1748,W09,G73,Gulas,Fahrzeugmanufaktur Gulas UG,Berlin
1749,UH7,,Variant (DK),Variant A/S,Vejle/Dänemark
1750,W09,J38,IMSA,IMSA GmbH,Brüggen
1751,UHM,,NILFISK (DK),NILFISK A/S,Bröndby/Dänemark
1752,SWH,,TEMA (PL),TEMA Sp. z o.o. Sp.K.,Swidnik/Polen
1753,W09,N27,9FF engineering,9FF engineering GmbH,Dortmund
1753,W9F,,9FF engineering,9FF engineering GmbH,Dortmund
1754,WWV,,Westfalen,Westfalen Mobil GmbH,Rheda-Wiedenbrück
1755,ZNO,,SWM (I),SWM Motorcycles,Biandronno (VA)/Italien
1756,JLA,,Mitsubishi Fuso (J),Mitsubishi Fuso Truck & Bus Corporation,Kawasaki-shi/Japan
1756,JLB,,Mitsubishi Fuso (J),Mitsubishi Fuso Truck & Bus Corporation,Kawasaki-shi/Japan
1756,JLC,,Mitsubishi Fuso (J),Mitsubishi Fuso Truck & Bus Corporation,Kawasaki-shi/Japan
1756,JLD,,Mitsubishi Fuso (J),Mitsubishi Fuso Truck & Bus Corporation,Kawasaki-shi/Japan
1756,JLE,,Mitsubishi Fuso (J),Mitsubishi Fuso Truck & Bus Corporation,Kawasaki-shi/Japan
1756,JLF,,Mitsubishi Fuso (J),Mitsubishi Fuso Truck & Bus Corporation,Kawasaki-shi/Japan
1756,JLG,,Mitsubishi Fuso (J),Mitsubishi Fuso Truck & Bus Corporation,Kawasaki-shi/Japan
1756,JLH,,Mitsubishi Fuso (J),Mitsubishi Fuso Truck & Bus Corporation,Kawasaki-shi/Japan
1756,JLJ,,Mitsubishi Fuso (J),Mitsubishi Fuso Truck & Bus Corporation,Kawasaki-shi/Japan
1756,JLK,,Mitsubishi Fuso (J),Mitsubishi Fuso Truck & Bus Corporation,Kawasaki-shi/Japan
1756,JLL,,Mitsubishi Fuso (J),Mitsubishi Fuso Truck & Bus Corporation,Kawasaki-shi/Japan
1756,JLM,,Mitsubishi Fuso (J),Mitsubishi Fuso Truck & Bus Corporation,Kawasaki-shi/Japan
1756,JLN,,Mitsubishi Fuso (J),Mitsubishi Fuso Truck & Bus Corporation,Kawasaki-shi/Japan
1756,JLP,,Mitsubishi Fuso (J),Mitsubishi Fuso Truck & Bus Corporation,Kawasaki-shi/Japan
1756,JLR,,Mitsubishi Fuso (J),Mitsubishi Fuso Truck & Bus Corporation,Kawasaki-shi/Japan
1756,JLS,,Mitsubishi Fuso (J),Mitsubishi Fuso Truck & Bus Corporation,Kawasaki-shi/Japan
1756,JLT,,Mitsubishi Fuso (J),Mitsubishi Fuso Truck & Bus Corporation,Kawasaki-shi/Japan
1756,JLU,,Mitsubishi Fuso (J),Mitsubishi Fuso Truck & Bus Corporation,Kawasaki-shi/Japan
1756,JLV,,Mitsubishi Fuso (J),Mitsubishi Fuso Truck & Bus Corporation,Kawasaki-shi/Japan
1756,JLW,,Mitsubishi Fuso (J),Mitsubishi Fuso Truck & Bus Corporation,Kawasaki-shi/Japan
1756,JLX,,Mitsubishi Fuso (J),Mitsubishi Fuso Truck & Bus Corporation,Kawasaki-shi/Japan
1756,JLY,,Mitsubishi Fuso (J),Mitsubishi Fuso Truck & Bus Corporation,Kawasaki-shi/Japan
1756,JLZ,,Mitsubishi Fuso (J),Mitsubishi Fuso Truck & Bus Corporation,Kawasaki-shi/Japan
1756,JL0,,Mitsubishi Fuso (J),Mitsubishi Fuso Truck & Bus Corporation,Kawasaki-shi/Japan
1756,JL1,,Mitsubishi Fuso (J),Mitsubishi Fuso Truck & Bus Corporation,Kawasaki-shi/Japan
1756,JL2,,Mitsubishi Fuso (J),Mitsubishi Fuso Truck & Bus Corporation,Kawasaki-shi/Japan
1756,JL3,,Mitsubishi Fuso (J),Mitsubishi Fuso Truck & Bus Corporation,Kawasaki-shi/Japan
1756,JL4,,Mitsubishi Fuso (J),Mitsubishi Fuso Truck & Bus Corporation,Kawasaki-shi/Japan
1756,JL5,,Mitsubishi Fuso (J),Mitsubishi Fuso Truck & Bus Corporation,Kawasaki-shi/Japan
1756,JL6,,Mitsubishi Fuso (J),Mitsubishi Fuso Truck & Bus Corporation,Kawasaki-shi/Japan
1756,JL7,,Mitsubishi Fuso (J),Mitsubishi Fuso Truck & Bus Corporation,Kawasaki-shi/Japan
1756,JL8,,Mitsubishi Fuso (J),Mitsubishi Fuso Truck & Bus Corporation,Kawasaki-shi/Japan
1756,TYB,,Mitsubishi Fuso (J),Mitsubishi Fuso Truck & Bus Corporation,Kawasaki-shi/Japan
1757,W09,D48,Dirks,Dirks Fahrzeugbau GmbH,Emden
1758,WTH,,Tempus Holding,Tempus Holding GmbH,Bad Langensalza
1759,WM2,,M1-Sporttechnik,M1-Sporttechnik GmbH & Co. KG,Aying-Großhelfendorf
1760,SJR,,Scomadi (GB),Scomadi Motor Company Limited,"Cottam, Preston/Vereinigtes Königreich"
1761,L5R,,Jiangsu Dafier (RC),"Jiangsu Dafier Motorcycle Co., Ltd.","Changzhou, Jiangsu/China"
1762,LZR,,Zhejiang JiajiaJuneng(RC),"Zhejiang Jiajia Juneng Motorcycle Technology Co., Ltd.","Taizhou City, Zhejiang/China"
1763,W09,HC5,HOREX Motorcycles,HOREX Motorcycles GmbH,Landsberg am Lech
1764,TFY,,Biketec (CH),Biketec AG,Huttwil/Schweiz
1765,W09,F71,farmermobil,farmermobil GmbH,Laer
1766,ADM,,General Motors (USA),General Motors Holdings LLC,Detroit (Michigan)/USA
1766,1GB,,General Motors (USA),General Motors Holdings LLC,Detroit (Michigan)/USA
1766,1GC,,General Motors (USA),General Motors Holdings LLC,Detroit (Michigan)/USA
1766,1GD,,General Motors (USA),General Motors Holdings LLC,Detroit (Michigan)/USA
1766,1GE,,General Motors (USA),General Motors Holdings LLC,Detroit (Michigan)/USA
1766,1GG,,General Motors (USA),General Motors Holdings LLC,Detroit (Michigan)/USA
1766,1GH,,General Motors (USA),General Motors Holdings LLC,Detroit (Michigan)/USA
1766,1GJ,,General Motors (USA),General Motors Holdings LLC,Detroit (Michigan)/USA
1766,1GK,,General Motors (USA),General Motors Holdings LLC,Detroit (Michigan)/USA
1766,1GM,,General Motors (USA),General Motors Holdings LLC,Detroit (Michigan)/USA
1766,1GN,,General Motors (USA),General Motors Holdings LLC,Detroit (Michigan)/USA
1766,1GT,,General Motors (USA),General Motors Holdings LLC,Detroit (Michigan)/USA
1766,1GY,,General Motors (USA),General Motors Holdings LLC,Detroit (Michigan)/USA
1766,1G0,,General Motors (USA),General Motors Holdings LLC,Detroit (Michigan)/USA
1766,1G1,,General Motors (USA),General Motors Holdings LLC,Detroit (Michigan)/USA
1766,1G2,,General Motors (USA),General Motors Holdings LLC,Detroit (Michigan)/USA
1766,1G3,,General Motors (USA),General Motors Holdings LLC,Detroit (Michigan)/USA
1766,1G4,,General Motors (USA),General Motors Holdings LLC,Detroit (Michigan)/USA
1766,1G5,,General Motors (USA),General Motors Holdings LLC,Detroit (Michigan)/USA
1766,1G6,,General Motors (USA),General Motors Holdings LLC,Detroit (Michigan)/USA
1766,1G7,,General Motors (USA),General Motors Holdings LLC,Detroit (Michigan)/USA
1766,1G8,,General Motors (USA),General Motors Holdings LLC,Detroit (Michigan)/USA
1766,2GA,,General Motors (USA),General Motors Holdings LLC,Detroit (Michigan)/USA
1766,2GB,,General Motors (USA),General Motors Holdings LLC,Detroit (Michigan)/USA
1766,2GC,,General Motors (USA),General Motors Holdings LLC,Detroit (Michigan)/USA
1766,2GD,,General Motors (USA),General Motors Holdings LLC,Detroit (Michigan)/USA
1766,2GE,,General Motors (USA),General Motors Holdings LLC,Detroit (Michigan)/USA
1766,2GF,,General Motors (USA),General Motors Holdings LLC,Detroit (Michigan)/USA
1766,2GG,,General Motors (USA),General Motors Holdings LLC,Detroit (Michigan)/USA
1766,2GH,,General Motors (USA),General Motors Holdings LLC,Detroit (Michigan)/USA
1766,2GJ,,General Motors (USA),General Motors Holdings LLC,Detroit (Michigan)/USA
1766,2GK,,General Motors (USA),General Motors Holdings LLC,Detroit (Michigan)/USA
1766,2GM,,General Motors (USA),General Motors Holdings LLC,Detroit (Michigan)/USA
1766,2GN,,General Motors (USA),General Motors Holdings LLC,Detroit (Michigan)/USA
1766,2GT,,General Motors (USA),General Motors Holdings LLC,Detroit (Michigan)/USA
1766,2G0,,General Motors (USA),General Motors Holdings LLC,Detroit (Michigan)/USA
1766,2G1,,General Motors (USA),General Motors Holdings LLC,Detroit (Michigan)/USA
1766,2G2,,General Motors (USA),General Motors Holdings LLC,Detroit (Michigan)/USA
1766,2G3,,General Motors (USA),General Motors Holdings LLC,Detroit (Michigan)/USA
1766,2G4,,General Motors (USA),General Motors Holdings LLC,Detroit (Michigan)/USA
1766,2G5,,General Motors (USA),General Motors Holdings LLC,Detroit (Michigan)/USA
1766,2G6,,General Motors (USA),General Motors Holdings LLC,Detroit (Michigan)/USA
1766,2G7,,General Motors (USA),General Motors Holdings LLC,Detroit (Michigan)/USA
1766,2G8,,General Motors (USA),General Motors Holdings LLC,Detroit (Michigan)/USA
1766,3GN,,General Motors (USA),General Motors Holdings LLC,Detroit (Michigan)/USA
1766,3GY,,General Motors (USA),General Motors Holdings LLC,Detroit (Michigan)/USA
1766,4GD,,General Motors (USA),General Motors Holdings LLC,Detroit (Michigan)/USA
1766,4GL,,General Motors (USA),General Motors Holdings LLC,Detroit (Michigan)/USA
1766,4GT,,General Motors (USA),General Motors Holdings LLC,Detroit (Michigan)/USA
1766,4G1,,General Motors (USA),General Motors Holdings LLC,Detroit (Michigan)/USA
1766,4G2,,General Motors (USA),General Motors Holdings LLC,Detroit (Michigan)/USA
1766,4G3,,General Motors (USA),General Motors Holdings LLC,Detroit (Michigan)/USA
1766,4G5,,General Motors (USA),General Motors Holdings LLC,Detroit (Michigan)/USA
1766,4KB,,General Motors (USA),General Motors Holdings LLC,Detroit (Michigan)/USA
1766,4KD,,General Motors (USA),General Motors Holdings LLC,Detroit (Michigan)/USA
1766,4KL,,General Motors (USA),General Motors Holdings LLC,Detroit (Michigan)/USA
1766,4NS,,General Motors (USA),General Motors Holdings LLC,Detroit (Michigan)/USA
1766,4NT,,General Motors (USA),General Motors Holdings LLC,Detroit (Michigan)/USA
1766,4NU,,General Motors (USA),General Motors Holdings LLC,Detroit (Michigan)/USA
1766,4NV,,General Motors (USA),General Motors Holdings LLC,Detroit (Michigan)/USA
1766,4NW,,General Motors (USA),General Motors Holdings LLC,Detroit (Michigan)/USA
1766,4W1,,General Motors (USA),General Motors Holdings LLC,Detroit (Michigan)/USA
1766,4W2,,General Motors (USA),General Motors Holdings LLC,Detroit (Michigan)/USA
1766,4W3,,General Motors (USA),General Motors Holdings LLC,Detroit (Michigan)/USA
1766,4W4,,General Motors (USA),General Motors Holdings LLC,Detroit (Michigan)/USA
1766,4W5,,General Motors (USA),General Motors Holdings LLC,Detroit (Michigan)/USA
1766,5GA,,General Motors (USA),General Motors Holdings LLC,Detroit (Michigan)/USA
1766,5GB,,General Motors (USA),General Motors Holdings LLC,Detroit (Michigan)/USA
1766,5GC,,General Motors (USA),General Motors Holdings LLC,Detroit (Michigan)/USA
1766,5GD,,General Motors (USA),General Motors Holdings LLC,Detroit (Michigan)/USA
1766,5GJ,,General Motors (USA),General Motors Holdings LLC,Detroit (Michigan)/USA
1766,5GK,,General Motors (USA),General Motors Holdings LLC,Detroit (Michigan)/USA
1766,5GM,,General Motors (USA),General Motors Holdings LLC,Detroit (Michigan)/USA
1766,5GN,,General Motors (USA),General Motors Holdings LLC,Detroit (Michigan)/USA
1766,5GR,,General Motors (USA),General Motors Holdings LLC,Detroit (Michigan)/USA
1766,5GT,,General Motors (USA),General Motors Holdings LLC,Detroit (Michigan)/USA
1766,5GZ,,General Motors (USA),General Motors Holdings LLC,Detroit (Michigan)/USA
1766,5G1,,General Motors (USA),General Motors Holdings LLC,Detroit (Michigan)/USA
1766,5G2,,General Motors (USA),General Motors Holdings LLC,Detroit (Michigan)/USA
1766,5G3,,General Motors (USA),General Motors Holdings LLC,Detroit (Michigan)/USA
1766,5G4,,General Motors (USA),General Motors Holdings LLC,Detroit (Michigan)/USA
1766,5G5,,General Motors (USA),General Motors Holdings LLC,Detroit (Michigan)/USA
1766,5G6,,General Motors (USA),General Motors Holdings LLC,Detroit (Michigan)/USA
1766,5G7,,General Motors (USA),General Motors Holdings LLC,Detroit (Michigan)/USA
1766,5G8,,General Motors (USA),General Motors Holdings LLC,Detroit (Michigan)/USA
1766,5S3,,General Motors (USA),General Motors Holdings LLC,Detroit (Michigan)/USA
1766,6G2,,General Motors (USA),General Motors Holdings LLC,Detroit (Michigan)/USA
1767,LXY,,Chongqing SHINERAY (RC),"Chongqing SHINERAY Motorcycle Co., Ltd.","Hangu Town, Jiulongpo, Chongqing/China"
1768,W09,HC6,Hohenloher,Hohenloher Spezial-Maschinenbau GmbH & Co. KG,"Kupferzell, OT Neu-Kupfer"
1769,WS6,,SCROOSER,SCROOSER GmbH,Berlin
1770,W09,W89,Würzburg Village,Würzburg Village Motorradhandel Christoph Repp GmbH,Hettstadt
1771,WAH,,AGCO Feucht,AGCO Feucht GmbH,Feucht
1772,SVE,,GOVECS (PL),GOVECS Poland Sp. z o.o.,Wroclaw/Polen
1773,W09,HC7,HMT Helios Moto Trailers,HMT Helios Moto Trailers e.K.,Castrop-Rauxel
1774,W09,MA3,MÖLLER Fahrzeugbau,MÖLLER Fahrzeugbau GmbH,Leipzig
1775,VNB,,SHERCO (F),SHERCO S.A.R.L.,Nimes/Frankreich
1776,VF9,968,ELECTRIC MOTION (F),ELECTRIC MOTION SAS,Castries/Frankreich
1776,VPX,,ELECTRIC MOTION (F),ELECTRIC MOTION SAS,Castries/Frankreich
1778,MAJ,,FORD (IND),FORD INDIA PRIVATE LTD,TAMIL NADU/INDIA
1779,W09,SH4,Stotz,Stotz Tilo Rolf,Ofterdingen
1780,SVM,,FEBER (PL),FEBER Sp. z o.0.,Warszawa/Polen
1781,SEG,,Eagle (UK),Dennis Eagle Ltd.,Warwick/Vereinigtes Königreich
1782,W09,KC8,"Klaas, Theodor",Theodor Klaas GmbH & Co. KG,Ascheberg
1783,XNF,,Reesink (NL),Reesink Production B.V.,Hengelo Gld/Niederlande
1785,W09,W90,"Werner, Forst u. Industrie","Werner GmbH, Forst- und Industrietechnik",Trier
1787,SXX,,Martz (PL),Martz Sp. z o.0.,Swidnik/Polen
1788,W09,KC9,KUMM,KUMM TECHNIK GmbH,Hasselbach
1789,ZA9,A13,BERTOJA (I),RIMORCHI BERTOJA S.P.A.,Pordenone/Italien
1790,ML0,,DUCATI (THA),"DUCATI Motor (Thailand) Co., Ltd.","Amphur Pluakdeng, Rayong / Thailand"
1791,VA9,TEX,Terex Material (A),Terex Material Handling GmbH,Salzburg/Österreich
1792,SU9,TL1,TOMPLAN (PL),TOMPLAN Sp. z o.o.,Lubochnia/Polen
1792,SV3,,TOMPLAN (PL),TOMPLAN Sp. z o.o.,Lubochnia/Polen
1793,LLC,,CHONGQING LONCIN (RC),"CHONGQING LONCIN MOTOR CO., LTD.",Chongqing/China
1794,YYK,,Paxster (N),Paxster AS,Bredmyra/Norwegen
1795,W09,T62,Terra Select (D),Terra Select GmbH,Harsewinkel OT Marienfeld
1796,W09,KCO,Kloos,Kloos Fahrzeugbau GmbH,Wilnsdorf
1797,W09,A71,Apollo,Apollo Automobil GmbH,Denkendorf
1798,W09,G74,GP Papenburg,GP Papenburg Maschinenbau GmbH,Nordhausen
1799,W09,G75,German Exclusive Cars,German Exclusive Cars GmbH,Stuttgart
1800,UUP,,S.C. POP INDUSTRY (RO),S.C. POP INDUSTRY S.R.L.,"Slatina, Judetul Olt/Rumänien"
1801,UBM,,TORROT (E),TORROT ELECTRIC EUROPA S.L.,Zaragoza/Spanien
1801,VTR,,TORROT (E),TORROT ELECTRIC EUROPA S.L.,Zaragoza/Spanien
1803,SZ9,TA1,RAFAL NOWAK (PL),RAFAL NOWAK PRZEDSIEBIORSTWO HANDLOWO USLUGOWE,63-400 Ostrow Wielkopolski/Polen
1804,LUJ,,Zhejiang Shangqi (RC),"Zhejiang Shanqi Tianying Vehicle Industry Co., LTD.","Taizhou City, Zhejiang Province/China"
1806,ZY3,,FARMTECH (SLO),FARMTECH d.o.o.,LJUTOMER/SLOWENIEN
1807,W09,HC8,Haas Fahrzeugtechnik,Haas Fahrzeugtechnik GmbH,Appenweier
1808,VL4,,BLUECAR (F),BLUECAR S.A.S.,Puteaux/Frankreich
1810,SU9,UR2,URSUS (PL),URSUS S.A.,Lublin/Polen
1811,VA9,GWL,Göweil (A),Göweil Maschinenbau GmbH,Kirchschlag/Österreich
1812,W09,R61,RAC,RAC-Germany Fahrzeugbau Ralf Clobes e. Kfm.,Fulda
1813,VS9,040,RIGUAL (E),Rigual S.A.,Fraga (Huesca)/Spanien
1814,VA9,MAP,Mattro (A),Mattro Production GmbH,Schwaz/Österreich
1815,SJB,,Brian James (UK),Brian James Trailers Ltd.,Daventry/Vereinigtes Königreich
1816,W09,KD1,KERSCHER,KERSCHER Nutzfahrzeugtechnik GmbH & Co.KG,Straubing
1817,W09,SH1,Schwanengel,Jürgen Schwanengel,Steesow
1818,W09,E53,Eggersmann,Eggersmann Anlagenbau Concept GmbH,"Harsewinkel, OT Marienfeld"
1819,W09,G76,GMB Güstrower,GMB Güstrower Maschinenbau GmbH,Güstrow
1820,W09,MA5,Matthes Motorsport,Matthes Motorsport GmbH,Frankfurt am Main
1821,W09,E55,Etzold,Etzold GmbH,Schmölln
1822,LSS,,SHANDONG ASIAWING (RC),"SHANDONG ASIAWING MOTORS CO., LTD.","Taian, Shandong Province/China"
1827,VA4,,KSR (A),KSR Solution GmbH,Gedersdorf/Österreich
1827,VB4,,KSR (A),KSR Solution GmbH,Gedersdorf/Österreich
1828,W09,CH1,Chefeu,Chefeu Technik Entwicklungs- und Vertriebs GmbH,Hannover
1829,ZH5,,PELPI (1),PELPI INTERNATIONAL S.R.L.,Torino/Italien
1831,RLC,,Yamaha (VN),"Yamaha Motor Vietnam Co., Ltd.",Hanoi/Vietnam
1832,WLM,,Local Motors,Local Motors Berlin GmbH,Berlin
1833,WH4,,HORSCH LEEB,HORSCH LEEB Application Systems GmbH,Landau a. d. Isar
1834,WLC,,LEMKEN,LEMKEN GmbH & Co. KG,Alpen
1835,W09,SH2,Schwing (D),Schwing GmbH,Herne
1836,XMR,,Nooteboom (NL),Nooteboom Trailers B.V.,Wijchen/Niederlande
1837,W09,R63,Roding,Roding Mobility GmbH,Roding
1838,W09,J40,Jensen (D),Jensen GmbH,Maasbüll
1839,WCM,,CLAAS Material Handling,CLAAS Material Handling GmbH,Harsewinkel
1840,UKG,,KVERNELAND (DK),KVERNELAND GROUP KERTEMINDE A/S,KERTEMINDE/DÄNEMARK
1841,W09,J28,Valmet Automotive,Valmet Automotive Engineering GmbH,Bad Friedrichshall
1842,JF1,,SUBARU (J),SUBARU CORPORATION,Tokio/Japan
1842,JF2,,SUBARU (J),SUBARU CORPORATION,Tokio/Japan
1842,JF3,,SUBARU (J),SUBARU CORPORATION,Tokio/Japan
1842,JTD,,SUBARU (J),SUBARU CORPORATION,Tokio/Japan
1842,4S3,,SUBARU (J),SUBARU CORPORATION,Tokio/Japan
1842,4S4,,SUBARU (J),SUBARU CORPORATION,Tokio/Japan
1844,WOV,,Opel Automobile,Opel Automobile GmbH,Rüsselsheim
1845,M6F,,UM Lohia (IND),UM Lohia Two Wheelers Private Limited,Faridab/Indien
1846,3KP,,KIA MOTORS (MEX),KIA MOTORS MEXICO S.A. DE C.V.,Pesqueria/Mexiko
1847,L3J,,JIANGSU SACIN (RC),"JIANGSU SACIN MOTORCYCLE CO.,LTD.",Changzhou City/China
1848,NP9,300,TCV (TR),TCV OTOMOTIV MAKINA SANAYI VE DIS TICARET A.S.,"Cukurambar-Cankaya, Ankara/Türkei"
1849,W09,D45,Dupre Motorsporttechnik,Dupre Motorsporttechnik,Schiffweiler
1850,W09,HC9,Heimbach gen. Göthe,Heimbach gen. Göthe GmbH & Co. KG,Kaltenkirchen
1851,YW1,,Väderstad (S),Väderstad AB,Väderstad/Schweden
1852,L6F,,Shandong Liangzi (RC),"Shandong Liangzi Power Co., Ltd.","Zibo City, Shandong Province/China"
1853,R1N,,NIU (RC),NIU TECHNOLOGIES GROUP LIMITED,HONG KONG/China
1854,WTJ,,T-AX-O Trailer,T-AX-O Trailer GmbH,Neu Staßfurt
1855,XL9,441,VLEMMIX (NL),VLEMMIX AANHANGERS,Asten/Niederlande
1855,XRU,,VLEMMIX (NL),VLEMMIX AANHANGERS,Asten/Niederlande
1856,WGE,,Germania Automotive,Germania Automotive GmbH,Hamburg
1856,W09,G78,Germania Automotive,Germania Automotive GmbH,Hamburg
1857,W09,R64,ROHR Spezialfahrzeuge,ROHR Spezialfahrzeuge GmbH,Straubing
1858,SA9,378,Terex (UK),Terex GB Ltd,Dungannon/Vereinigtes Königreich
1859,W09,A74,AWB,AWB Auto Document Services GmbH,Aachen
1860,WUA,,Audi Sport,Audi Sport GmbH,Neckarsulm
1860,WU1,,Audi Sport,Audi Sport GmbH,Neckarsulm
1861,VLG,,AIXAM (F),AIXAM MEGA,AIX LES BAINS CEDEX/Frankreich
1862,ZA9,M09,Italdesign-Giugiaro (I),Italdesign-Giugiaro S.p.A.,Turin/Italien
1863,LXV,,Beijing Borgward (RC),"Beijing Borgward Automotive Co., Ltd.",Beijing/China
1864,VMU,,NEMAUSUS (F),NEMAUSUS MOTOS S.A.R.L.,Nimes/Frankreich
1865,L5Y,,Taizhou Zhongneng (RC),"Taizhou Zhongneng Motorcycle Co., Ltd.","Taizhou City, Zhejiang Province/China"
1866,WH6,,Hammer,Hammer International GmbH,Ammerbuch Altingen
1867,W09,N28,Nevoigt,Nevoigt GmbH Fahrzeugbau & Service,Bielefeld
1868,W09,T62,Eggersmann (D),Eggersmann GmbH,Halle
1869,SPK,,KOBER,ALOIS KOBER GmbH,Kötz
1869,W09,KD2,KOBER,ALOIS KOBER GmbH,Kötz
1870,W09,SH3,SCHENK Fahrzeugbau,SCHENK Fahrzeugbau GmbH,Polch
1871,XK9,H04,Antoniadis & SIA (GR),Antonios Antoniadis & SIA O.E.,Thessaloniki/Griechenland
1873,VDL,,Lambretta (A),Lambretta GmbH,Gedersdorf/Austria
1874,W09,U13,US66,US66 Unternehmergesellschaft (haftungsbeschränkt),Altshausen
1875,W09,F72,Farya,Farya Baumaschinen Fabrik GmbH,Braunschweig
1876,W09,A36,A+T Nutzfahrzeuge,A+T Nutzfahrzeuge GmbH,Garrel
1877,VA9,B37,Bauer (A),Röhren- und Pumpenwerk Bauer GmbH,Voitsberg/Austria
1879,W09,U14,Quarta,Quarta Anhängercenter GmbH,Hürth
1880,WK6,,Kverneland Group Soest,Kverneland Group Soest GmbH,Soest
1881,XK9,A61,REPLICAR HELLAS (GR),Replicar Hellas Car Manufacturing Company,Katerini/Griechenland
1882,W09,V22,VL Outdoor,VL Outdoor Karlstein GmbH,Karlstein
1883,ZA9,M27,Dallara (I),Fabbrica Dallara Srl,Varano de' Melegari/Italien
1884,XX3,,Ujet (L),Ujet Manufacturing S.a.r.l.,Leudelange/Luxemburg
1885,LFF,,Taizhou Wangye (RC),"Taizhou Wangye Motorcycle Co., Ltd.","Taizhou City, Zhejiang Province/China"
1886,W09,G79,GT Automotive,GT Automotive GmbH & Co. KG,Euskirchen
1887,WGM,,Germanum,Germanum GmbH,Villingen-Schwenningen
1889,VR1,,PSA Automobiles (F),PSA Automobiles SA,Poissy/Frankreich
1889,VR3,,PSA Automobiles (F),PSA Automobiles SA,Poissy/Frankreich
1889,VR7,,PSA Automobiles (F),PSA Automobiles SA,Poissy/Frankreich
1889,VXK,,PSA Automobiles (F),PSA Automobiles SA,Poissy/Frankreich
1889,VX4,,PSA Automobiles (F),PSA Automobiles SA,Poissy/Frankreich
1889,VX5,,PSA Automobiles (F),PSA Automobiles SA,Poissy/Frankreich
1889,VYF,,PSA Automobiles (F),PSA Automobiles SA,Poissy/Frankreich
1890,PF2,,Golden Lion (SGP),Golden Lion Holdings Pte. Ltd.,Singapur
1891,WLY,,AGCO Waldstetten,AGCO Waldstetten GmbH,Waldstetten
1892,YA9,318,Van den Berghe (B),Rijwielhandel Gebroeders Van den Berghe NV,Sint-Niklas/Belgien
1894,W09,HD1,HP Velotechnik,HP Velotechnik Gmbh & Co. KG,Kriftel
1895,W09,A69,Schwarte Group,Schwarte Group GmbH,Emsdetten
1897,SWH,,TEMARED (PL),TEMARED Sp. z o.o.,Swidnik/Polen
1898,W09,S55,"Krüger, Stefan",Stefan Krüger Fahrzeugbau,Marienmünster
1899,W09,G77,Güttler,Güttler Gesellschaft mit beschränkter Haftung,Kirchheim unter Teck
1900,WTK,,Tinbot,Tinbot Technology GmbH,Maintal
1903,2TP,,TRIPLE E (CDN),TRIPLE E CANADA LTD (MOTOR HOME),"WINKLER, MANITOBA/CANADA"
1904,1E7,,CHRYSLER (CDN),CHRYSLER CANADA LTD (RESERVE),WINDSOR (ONTARIO)/CANADA
1904,1AC,,CHRYSLER (CDN),CHRYSLER CANADA LTD (RESERVE),WINDSOR (ONTARIO)/CANADA
1904,1AD,,CHRYSLER (CDN),CHRYSLER CANADA LTD (RESERVE),WINDSOR (ONTARIO)/CANADA
1904,1AE,,CHRYSLER (CDN),CHRYSLER CANADA LTD (RESERVE),WINDSOR (ONTARIO)/CANADA
1904,1AH,,CHRYSLER (CDN),CHRYSLER CANADA LTD (RESERVE),WINDSOR (ONTARIO)/CANADA
1904,1AM,,CHRYSLER (CDN),CHRYSLER CANADA LTD (RESERVE),WINDSOR (ONTARIO)/CANADA
1904,1AT,,CHRYSLER (CDN),CHRYSLER CANADA LTD (RESERVE),WINDSOR (ONTARIO)/CANADA
1904,1A2,,CHRYSLER (CDN),CHRYSLER CANADA LTD (RESERVE),WINDSOR (ONTARIO)/CANADA
1904,1A3,,CHRYSLER (CDN),CHRYSLER CANADA LTD (RESERVE),WINDSOR (ONTARIO)/CANADA
1904,1A4,,CHRYSLER (CDN),CHRYSLER CANADA LTD (RESERVE),WINDSOR (ONTARIO)/CANADA
1904,1A5,,CHRYSLER (CDN),CHRYSLER CANADA LTD (RESERVE),WINDSOR (ONTARIO)/CANADA
1904,1A6,,CHRYSLER (CDN),CHRYSLER CANADA LTD (RESERVE),WINDSOR (ONTARIO)/CANADA
1904,1A7,,CHRYSLER (CDN),CHRYSLER CANADA LTD (RESERVE),WINDSOR (ONTARIO)/CANADA
1904,1B2,,CHRYSLER (CDN),CHRYSLER CANADA LTD (RESERVE),WINDSOR (ONTARIO)/CANADA
1904,1B3,,CHRYSLER (CDN),CHRYSLER CANADA LTD (RESERVE),WINDSOR (ONTARIO)/CANADA
1904,1B4,,CHRYSLER (CDN),CHRYSLER CANADA LTD (RESERVE),WINDSOR (ONTARIO)/CANADA
1904,1B5,,CHRYSLER (CDN),CHRYSLER CANADA LTD (RESERVE),WINDSOR (ONTARIO)/CANADA
1904,1B6,,CHRYSLER (CDN),CHRYSLER CANADA LTD (RESERVE),WINDSOR (ONTARIO)/CANADA
1904,1B7,,CHRYSLER (CDN),CHRYSLER CANADA LTD (RESERVE),WINDSOR (ONTARIO)/CANADA
1904,1B8,,CHRYSLER (CDN),CHRYSLER CANADA LTD (RESERVE),WINDSOR (ONTARIO)/CANADA
1904,1C2,,CHRYSLER (CDN),CHRYSLER CANADA LTD (RESERVE),WINDSOR (ONTARIO)/CANADA
1904,1C3,,CHRYSLER (CDN),CHRYSLER CANADA LTD (RESERVE),WINDSOR (ONTARIO)/CANADA
1904,1C4,,CHRYSLER (CDN),CHRYSLER CANADA LTD (RESERVE),WINDSOR (ONTARIO)/CANADA
1904,1C5,,CHRYSLER (CDN),CHRYSLER CANADA LTD (RESERVE),WINDSOR (ONTARIO)/CANADA
1904,1C6,,CHRYSLER (CDN),CHRYSLER CANADA LTD (RESERVE),WINDSOR (ONTARIO)/CANADA
1904,1C7,,CHRYSLER (CDN),CHRYSLER CANADA LTD (RESERVE),WINDSOR (ONTARIO)/CANADA
1904,1D2,,CHRYSLER (CDN),CHRYSLER CANADA LTD (RESERVE),WINDSOR (ONTARIO)/CANADA
1904,1D3,,CHRYSLER (CDN),CHRYSLER CANADA LTD (RESERVE),WINDSOR (ONTARIO)/CANADA
1904,1D4,,CHRYSLER (CDN),CHRYSLER CANADA LTD (RESERVE),WINDSOR (ONTARIO)/CANADA
1904,1D5,,CHRYSLER (CDN),CHRYSLER CANADA LTD (RESERVE),WINDSOR (ONTARIO)/CANADA
1904,1D6,,CHRYSLER (CDN),CHRYSLER CANADA LTD (RESERVE),WINDSOR (ONTARIO)/CANADA
1904,1D7,,CHRYSLER (CDN),CHRYSLER CANADA LTD (RESERVE),WINDSOR (ONTARIO)/CANADA
1904,1D8,,CHRYSLER (CDN),CHRYSLER CANADA LTD (RESERVE),WINDSOR (ONTARIO)/CANADA
1904,1E2,,CHRYSLER (CDN),CHRYSLER CANADA LTD (RESERVE),WINDSOR (ONTARIO)/CANADA
1904,1E3,,CHRYSLER (CDN),CHRYSLER CANADA LTD (RESERVE),WINDSOR (ONTARIO)/CANADA
1904,1E4,,CHRYSLER (CDN),CHRYSLER CANADA LTD (RESERVE),WINDSOR (ONTARIO)/CANADA
1904,1E5,,CHRYSLER (CDN),CHRYSLER CANADA LTD (RESERVE),WINDSOR (ONTARIO)/CANADA
1904,1E6,,CHRYSLER (CDN),CHRYSLER CANADA LTD (RESERVE),WINDSOR (ONTARIO)/CANADA
1904,1E8,,CHRYSLER (CDN),CHRYSLER CANADA LTD (RESERVE),WINDSOR (ONTARIO)/CANADA
1904,1JC,,CHRYSLER (CDN),CHRYSLER CANADA LTD (RESERVE),WINDSOR (ONTARIO)/CANADA
1904,1JD,,CHRYSLER (CDN),CHRYSLER CANADA LTD (RESERVE),WINDSOR (ONTARIO)/CANADA
1904,1JE,,CHRYSLER (CDN),CHRYSLER CANADA LTD (RESERVE),WINDSOR (ONTARIO)/CANADA
1904,1JF,,CHRYSLER (CDN),CHRYSLER CANADA LTD (RESERVE),WINDSOR (ONTARIO)/CANADA
1904,1JH,,CHRYSLER (CDN),CHRYSLER CANADA LTD (RESERVE),WINDSOR (ONTARIO)/CANADA
1904,1JM,,CHRYSLER (CDN),CHRYSLER CANADA LTD (RESERVE),WINDSOR (ONTARIO)/CANADA
1904,1JT,,CHRYSLER (CDN),CHRYSLER CANADA LTD (RESERVE),WINDSOR (ONTARIO)/CANADA
1904,1J3,,CHRYSLER (CDN),CHRYSLER CANADA LTD (RESERVE),WINDSOR (ONTARIO)/CANADA
1904,1J4,,CHRYSLER (CDN),CHRYSLER CANADA LTD (RESERVE),WINDSOR (ONTARIO)/CANADA
1904,1J5,,CHRYSLER (CDN),CHRYSLER CANADA LTD (RESERVE),WINDSOR (ONTARIO)/CANADA
1904,1J6,,CHRYSLER (CDN),CHRYSLER CANADA LTD (RESERVE),WINDSOR (ONTARIO)/CANADA
1904,1J7,,CHRYSLER (CDN),CHRYSLER CANADA LTD (RESERVE),WINDSOR (ONTARIO)/CANADA
1904,1J8,,CHRYSLER (CDN),CHRYSLER CANADA LTD (RESERVE),WINDSOR (ONTARIO)/CANADA
1904,1P2,,CHRYSLER (CDN),CHRYSLER CANADA LTD (RESERVE),WINDSOR (ONTARIO)/CANADA
1904,1P3,,CHRYSLER (CDN),CHRYSLER CANADA LTD (RESERVE),WINDSOR (ONTARIO)/CANADA
1904,1P4,,CHRYSLER (CDN),CHRYSLER CANADA LTD (RESERVE),WINDSOR (ONTARIO)/CANADA
1904,1P5,,CHRYSLER (CDN),CHRYSLER CANADA LTD (RESERVE),WINDSOR (ONTARIO)/CANADA
1904,1P6,,CHRYSLER (CDN),CHRYSLER CANADA LTD (RESERVE),WINDSOR (ONTARIO)/CANADA
1904,1P7,,CHRYSLER (CDN),CHRYSLER CANADA LTD (RESERVE),WINDSOR (ONTARIO)/CANADA
1904,1P8,,CHRYSLER (CDN),CHRYSLER CANADA LTD (RESERVE),WINDSOR (ONTARIO)/CANADA
1904,1XE,,CHRYSLER (CDN),CHRYSLER CANADA LTD (RESERVE),WINDSOR (ONTARIO)/CANADA
1904,1XF,,CHRYSLER (CDN),CHRYSLER CANADA LTD (RESERVE),WINDSOR (ONTARIO)/CANADA
1904,1XH,,CHRYSLER (CDN),CHRYSLER CANADA LTD (RESERVE),WINDSOR (ONTARIO)/CANADA
1904,1XM,,CHRYSLER (CDN),CHRYSLER CANADA LTD (RESERVE),WINDSOR (ONTARIO)/CANADA
1904,1Z2,,CHRYSLER (CDN),CHRYSLER CANADA LTD (RESERVE),WINDSOR (ONTARIO)/CANADA
1904,1Z3,,CHRYSLER (CDN),CHRYSLER CANADA LTD (RESERVE),WINDSOR (ONTARIO)/CANADA
1904,1Z4,,CHRYSLER (CDN),CHRYSLER CANADA LTD (RESERVE),WINDSOR (ONTARIO)/CANADA
1904,1Z5,,CHRYSLER (CDN),CHRYSLER CANADA LTD (RESERVE),WINDSOR (ONTARIO)/CANADA
1904,1Z6,,CHRYSLER (CDN),CHRYSLER CANADA LTD (RESERVE),WINDSOR (ONTARIO)/CANADA
1904,1Z7,,CHRYSLER (CDN),CHRYSLER CANADA LTD (RESERVE),WINDSOR (ONTARIO)/CANADA
1904,1Z8,,CHRYSLER (CDN),CHRYSLER CANADA LTD (RESERVE),WINDSOR (ONTARIO)/CANADA
1904,2A2,,CHRYSLER (CDN),CHRYSLER CANADA LTD (RESERVE),WINDSOR (ONTARIO)/CANADA
1904,2A3,,CHRYSLER (CDN),CHRYSLER CANADA LTD (IMPERIAL/PASSENGER CAR),WINDSOR (ONTARIO)/CANADA
1904,2A4,,CHRYSLER (CDN),CHRYSLER CANADA LTD (RESERVE),WINDSOR (ONTARIO)/CANADA
1904,2A5,,CHRYSLER (CDN),CHRYSLER CANADA LTD (RESERVE),WINDSOR (ONTARIO)/CANADA
1904,2A6,,CHRYSLER (CDN),CHRYSLER CANADA LTD (RESERVE),WINDSOR (ONTARIO)/CANADA
1904,2A7,,CHRYSLER (CDN),CHRYSLER CANADA LTD (RESERVE),WINDSOR (ONTARIO)/CANADA
1904,2A8,,CHRYSLER (CDN),CHRYSLER CANADA LTD (RESERVE),WINDSOR (ONTARIO)/CANADA
1904,2BC,,CHRYSLER (CDN),CHRYSLER CANADA LTD (RESERVE),WINDSOR (ONTARIO)/CANADA
1904,2BD,,CHRYSLER (CDN),CHRYSLER CANADA LTD (RESERVE),WINDSOR (ONTARIO)/CANADA
1904,2BE,,CHRYSLER (CDN),CHRYSLER CANADA LTD (RESERVE),WINDSOR (ONTARIO)/CANADA
1904,2BF,,CHRYSLER (CDN),CHRYSLER CANADA LTD (RESERVE),WINDSOR (ONTARIO)/CANADA
1904,2BH,,CHRYSLER (CDN),CHRYSLER CANADA LTD (RESERVE),WINDSOR (ONTARIO)/CANADA
1904,2BM,,CHRYSLER (CDN),CHRYSLER CANADA LTD (RESERVE),WINDSOR (ONTARIO)/CANADA
1904,2BT,,CHRYSLER (CDN),CHRYSLER CANADA LTD (RESERVE),WINDSOR (ONTARIO)/CANADA
1904,2B2,,CHRYSLER (CDN),CHRYSLER CANADA LTD (RESERVE),WINDSOR (ONTARIO)/CANADA
1904,2B3,,CHRYSLER (CDN),CHRYSLER CANADA LTD (DODGE/PASSENGER CAR),WINDSOR (ONTARIO)/CANADA
1904,2B4,,CHRYSLER (CDN),CHRYSLER CANADA LTD (DODGE/MP-PASSENGER VEHICLE),WINDSOR (ONTARIO)/CANADA
1904,2B5,,CHRYSLER (CDN),CHRYSLER CANADA LTD (DODGE/BUS),WINDSOR (ONTARIO)/CANADA
1904,2B6,,CHRYSLER (CDN),CHRYSLER CANADA LTD (DODGE/INCOMPLETE VEHICLE),WINDSOR (ONTARIO)/CANADA
1904,2B7,,CHRYSLER (CDN),CHRYSLER CANADA LTD (DODGE/TRUCK),WINDSOR (ONTARIO)/CANADA
1904,2B8,,CHRYSLER (CDN),CHRYSLER CANADA LTD (RESERVE),WINDSOR (ONTARIO)/CANADA
1904,2CC,,CHRYSLER (CDN),CHRYSLER CANADA LTD (RESERVE),WINDSOR (ONTARIO)/CANADA
1904,2CD,,CHRYSLER (CDN),CHRYSLER CANADA LTD (RESERVE),WINDSOR (ONTARIO)/CANADA
1904,2CE,,CHRYSLER (CDN),CHRYSLER CANADA LTD (RESERVE),WINDSOR (ONTARIO)/CANADA
1904,2CF,,CHRYSLER (CDN),CHRYSLER CANADA LTD (RESERVE),WINDSOR (ONTARIO)/CANADA
1904,2CH,,CHRYSLER (CDN),CHRYSLER CANADA LTD (RESERVE),WINDSOR (ONTARIO)/CANADA
1904,2CM,,CHRYSLER (CDN),CHRYSLER CANADA LTD (RESERVE),WINDSOR (ONTARIO)/CANADA
1904,2C2,,CHRYSLER (CDN),CHRYSLER CANADA LTD (RESERVE),WINDSOR (ONTARIO)/CANADA
1904,2C3,,CHRYSLER (CDN),CHRYSLER CANADA LTD (CHRYSLER/PASSENGER CAR),WINDSOR (ONTARIO)/CANADA
1904,2C4,,CHRYSLER (CDN),CHRYSLER CANADA LTD (RESERVE),WINDSOR (ONTARIO)/CANADA
1904,2C5,,CHRYSLER (CDN),CHRYSLER CANADA LTD (RESERVE),WINDSOR (ONTARIO)/CANADA
1904,2C6,,CHRYSLER (CDN),CHRYSLER CANADA LTD (RESERVE),WINDSOR (ONTARIO)/CANADA
1904,2C7,,CHRYSLER (CDN),CHRYSLER CANADA LTD (RESERVE),WINDSOR (ONTARIO)/CANADA
1904,2C8,,CHRYSLER (CDN),CHRYSLER CANADA LTD (RESERVE),WINDSOR (ONTARIO)/CANADA
1904,2D2,,CHRYSLER (CDN),CHRYSLER CANADA LTD (RESERVE),WINDSOR (ONTARIO)/CANADA
1904,2D3,,CHRYSLER (CDN),CHRYSLER CANADA LTD (RESERVE),WINDSOR (ONTARIO)/CANADA
1904,2D4,,CHRYSLER (CDN),CHRYSLER CANADA LTD (RESERVE),WINDSOR (ONTARIO)/CANADA
1904,2D5,,CHRYSLER (CDN),CHRYSLER CANADA LTD (RESERVE),WINDSOR (ONTARIO)/CANADA
1904,2D6,,CHRYSLER (CDN),CHRYSLER CANADA LTD (RESERVE),WINDSOR (ONTARIO)/CANADA
1904,2D7,,CHRYSLER (CDN),CHRYSLER CANADA LTD (RESERVE),WINDSOR (ONTARIO)/CANADA
1904,2D8,,CHRYSLER (CDN),CHRYSLER CANADA LTD (RESERVE),WINDSOR (ONTARIO)/CANADA
1904,2E2,,CHRYSLER (CDN),CHRYSLER CANADA LTD (RESERVE),WINDSOR (ONTARIO)/CANADA
1904,2E3,,CHRYSLER (CDN),CHRYSLER CANADA LTD (RESERVE),WINDSOR (ONTARIO)/CANADA
1904,2E4,,CHRYSLER (CDN),CHRYSLER CANADA LTD (RESERVE),WINDSOR (ONTARIO)/CANADA
1904,2E5,,CHRYSLER (CDN),CHRYSLER CANADA LTD (FARGO/BUS),WINDSOR (ONTARIO)/CANADA
1904,2E6,,CHRYSLER (CDN),CHRYSLER CANADA LTD (FARGO/INCOMPLETE VEHICLE),WINDSOR (ONTARIO)/CANADA
1904,2E7,,CHRYSLER (CDN),CHRYSLER CANADA LTD (FARGO/TRUCK),WINDSOR (ONTARIO)/CANADA
1904,2E8,,CHRYSLER (CDN),CHRYSLER CANADA LTD (RESERVE),WINDSOR (ONTARIO)/CANADA
1904,2J4,,CHRYSLER (CDN),CHRYSLER CANADA LTD,WINDSOR (ONTARIO)/CANADA
1904,2P2,,CHRYSLER (CDN),CHRYSLER CANADA LTD (RESERVE),WINDSOR (ONTARIO)/CANADA
1904,2P3,,CHRYSLER (CDN),CHRYSLER CANADA LTD (PLYMOUTH/PASSENGER CAR),WINDSOR (ONTARIO)/CANADA
1904,2P4,,CHRYSLER (CDN),CHRYSLER CANADA LTD (PLYMOUTH/MP-PASSENGER VEHICLE),WINDSOR (ONTARIO)/CANADA
1904,2P5,,CHRYSLER (CDN),CHRYSLER CANADA LTD (PLYMOUTH/BUS),WINDSOR (ONTARIO)/CANADA
1904,2P6,,CHRYSLER (CDN),CHRYSLER CANADA LTD (PLYMOUTH/INCOMPLETE VEHICLE),WINDSOR (ONTARIO)/CANADA
1904,2P7,,CHRYSLER (CDN),CHRYSLER CANADA LTD (PLYMOUTH/TRUCK),WINDSOR (ONTARIO)/CANADA
1904,2P8,,CHRYSLER (CDN),CHRYSLER CANADA LTD (RESERVE),WINDSOR (ONTARIO)/CANADA
1904,2V4,,CHRYSLER (CDN),CHRYSLER CANADA LTD,WINDSOR (ONTARIO)/CANADA
1904,2XE,,CHRYSLER (CDN),CHRYSLER CANADA LTD (RESERVE),WINDSOR (ONTARIO)/CANADA
1904,2XF,,CHRYSLER (CDN),CHRYSLER CANADA LTD (RESERVE),WINDSOR (ONTARIO)/CANADA
1904,2XH,,CHRYSLER (CDN),CHRYSLER CANADA LTD (RESERVE),WINDSOR (ONTARIO)/CANADA
1904,2XM,,CHRYSLER (CDN),CHRYSLER CANADA LTD (RESERVE),WINDSOR (ONTARIO)/CANADA
1904,4C3,,CHRYSLER (CDN),CHRYSLER CANADA LTD (RESERVE),WINDSOR (ONTARIO)/CANADA
1904,4J4,,CHRYSLER (CDN),CHRYSLER CANADA LTD (RESERVE),WINDSOR (ONTARIO)/CANADA
1906,1GA,,GENERAL MOT-GMC(CDN),GENERAL MOTORS OF CANADA,OSHAWA (ONTARIO)/CANADA
1906,1GB,,GENERAL MOT-GMC(CDN),GENERAL MOTORS OF CANADA,OSHAWA (ONTARIO)/CANADA
1906,1GC,,GENERAL MOT-GMC(CDN),GENERAL MOTORS OF CANADA,OSHAWA (ONTARIO)/CANADA
1906,1GD,,GENERAL MOT-GMC(CDN),GENERAL MOTORS OF CANADA,OSHAWA (ONTARIO)/CANADA
1906,1GE,,GENERAL MOT-GMC(CDN),GENERAL MOTORS OF CANADA,OSHAWA (ONTARIO)/CANADA
1906,1GG,,GENERAL MOT-GMC(CDN),GENERAL MOTORS OF CANADA,OSHAWA (ONTARIO)/CANADA
1906,1GH,,GENERAL MOT-GMC(CDN),GENERAL MOTORS OF CANADA,OSHAWA (ONTARIO)/CANADA
1906,1GJ,,GENERAL MOT-GMC(CDN),GENERAL MOTORS OF CANADA,OSHAWA (ONTARIO)/CANADA
1906,1GK,,GENERAL MOT-GMC(CDN),GENERAL MOTORS OF CANADA,OSHAWA (ONTARIO)/CANADA
1906,1GM,,GENERAL MOT-GMC(CDN),GENERAL MOTORS OF CANADA,OSHAWA (ONTARIO)/CANADA
1906,1GN,,GENERAL MOT-GMC(CDN),GENERAL MOTORS OF CANADA,OSHAWA (ONTARIO)/CANADA
1906,1GT,,GENERAL MOT-GMC(CDN),GENERAL MOTORS OF CANADA,OSHAWA (ONTARIO)/CANADA
1906,1GY,,GENERAL MOT-GMC(CDN),GENERAL MOTORS OF CANADA,OSHAWA (ONTARIO)/CANADA
1906,1G0,,GENERAL MOT-GMC(CDN),GENERAL MOTORS OF CANADA,OSHAWA (ONTARIO)/CANADA
1906,1G1,,GENERAL MOT-GMC(CDN),GENERAL MOTORS OF CANADA,OSHAWA (ONTARIO)/CANADA
1906,1G2,,GENERAL MOT-GMC(CDN),GENERAL MOTORS OF CANADA,OSHAWA (ONTARIO)/CANADA
1906,1G3,,GENERAL MOT-GMC(CDN),GENERAL MOTORS OF CANADA,OSHAWA (ONTARIO)/CANADA
1906,1G4,,GENERAL MOT-GMC(CDN),GENERAL MOTORS OF CANADA,OSHAWA (ONTARIO)/CANADA
1906,1G5,,GENERAL MOT-GMC(CDN),GENERAL MOTORS OF CANADA,OSHAWA (ONTARIO)/CANADA
1906,1G6,,GENERAL MOT-GMC(CDN),GENERAL MOTORS OF CANADA,OSHAWA (ONTARIO)/CANADA
1906,1G7,,GENERAL MOT-GMC(CDN),GENERAL MOTORS OF CANADA,OSHAWA (ONTARIO)/CANADA
1906,1G8,,GENERAL MOT-GMC(CDN),GENERAL MOTORS OF CANADA,OSHAWA (ONTARIO)/CANADA
1906,2GA,,GENERAL MOT-GMC(CDN),GENERAL MOTORS OF CANADA (CHEVROLET/BUS),OSHAWA (ONTARIO)/CANADA
1906,2GB,,GENERAL MOT-GMC(CDN),GENERAL MOTORS OF CANADA (CHEVROLET/TRUCK INKOMP.VEH),OSHAWA (ONTARIO)/CANADA
1906,2GC,,GENERAL MOT-GMC(CDN),GENERAL MOTORS OF CANADA (CHEVROLET/TRUCK),OSHAWA (ONTARIO)/CANADA
1906,2GD,,GENERAL MOT-GMC(CDN),GENERAL MOTORS OF CANADA (GMC/INCOMPLETE VEHICLE),OSHAWA (ONTARIO)/CANADA
1906,2GE,,GENERAL MOT-GMC(CDN),GENERAL MOTORS OF CANADA (RESERVE),OSHAWA (ONTARIO)/CANADA
1906,2GF,,GENERAL MOT-GMC(CDN),GENERAL MOTORS OF CANADA (RESERVE),OSHAWA (ONTARIO)/CANADA
1906,2GG,,GENERAL MOT-GMC(CDN),GENERAL MOTORS OF CANADA (RESERVE),OSHAWA (ONTARIO)/CANADA
1906,2GH,,GENERAL MOT-GMC(CDN),GENERAL MOTORS OF CANADA (GMC/BUS),OSHAWA (ONTARIO)/CANADA
1906,2GJ,,GENERAL MOT-GMC(CDN),GENERAL MOTORS OF CANADA (INCOMPLETE VEHICLE-COACH),OSHAWA (ONTARIO)/CANADA
1906,2GK,,GENERAL MOT-GMC(CDN),GENERAL MOTORS OF CANADA (GMC/TRUCK),OSHAWA (ONTARIO)/CANADA
1906,2GM,,GENERAL MOT-GMC(CDN),GENERAL MOTORS OF CANADA (RESERVE),OSHAWA (ONTARIO)/CANADA
1906,2GN,,GENERAL MOT-GMC(CDN),GENERAL MOTORS OF CANADA (CHEVROLET),OSHAWA (ONTARIO)/CANADA
1906,2GT,,GENERAL MOT-GMC(CDN),GENERAL MOTORS OF CANADA (GMC/TRUCK),OSHAWA (ONTARIO)/CANADA
1906,2G0,,GENERAL MOT-GMC(CDN),GENERAL MOTORS OF CANADA (RESERVE),OSHAWA (ONTARIO)/CANADA
1906,2G1,,GENERAL MOT-GMC(CDN),GENERAL MOTORS OF CANADA (CHEVROLET/PASSENGER CAR),OSHAWA (ONTARIO)/CANADA
1906,2G2,,GENERAL MOT-GMC(CDN),GENERAL MOTORS OF CANADA (PONTIAC/PASSENGER CAR),OSHAWA (ONTARIO)/CANADA
1906,2G3,,GENERAL MOT-GMC(CDN),GENERAL MOTORS OF CANADA (OLDSMOBILE/PASSENGER CAR),OSHAWA (ONTARIO)/CANADA
1906,2G4,,GENERAL MOT-GMC(CDN),GENERAL MOTORS OF CANADA (BUICK/PASSENGER CAR),OSHAWA (ONTARIO)/CANADA
1906,2G5,,GENERAL MOT-GMC(CDN),GENERAL MOTORS OF CANADA (RESERVE),OSHAWA (ONTARIO)/CANADA
1906,2G6,,GENERAL MOT-GMC(CDN),GENERAL MOTORS OF CANADA (RESERVE),OSHAWA (ONTARIO)/CANADA
1906,2G7,,GENERAL MOT-GMC(CDN),GENERAL MOTORS OF CANADA (CANADA/PASSENGER CAR),OSHAWA (ONTARIO)/CANADA
1906,2G8,,GENERAL MOT-GMC(CDN),GENERAL MOTORS OF CANADA (RESERVE),OSHAWA (ONTARIO)/CANADA
1906,4GD,,GENERAL MOT-GMC(CDN),GENERAL MOTORS OF CANADA,OSHAWA (ONTARIO)/CANADA
1906,4GL,,GENERAL MOT-GMC(CDN),GENERAL MOTORS OF CANADA,OSHAWA (ONTARIO)/CANADA
1906,4GT,,GENERAL MOT-GMC(CDN),GENERAL MOTORS OF CANADA,OSHAWA (ONTARIO)/CANADA
1906,4G1,,GENERAL MOT-GMC(CDN),GENERAL MOTORS OF CANADA,OSHAWA (ONTARIO)/CANADA
1906,4G2,,GENERAL MOT-GMC(CDN),GENERAL MOTORS OF CANADA,OSHAWA (ONTARIO)/CANADA
1906,4G3,,GENERAL MOT-GMC(CDN),GENERAL MOTORS OF CANADA,OSHAWA (ONTARIO)/CANADA
1906,4G5,,GENERAL MOT-GMC(CDN),GENERAL MOTORS OF CANADA,OSHAWA (ONTARIO)/CANADA
1906,4KB,,GENERAL MOT-GMC(CDN),GENERAL MOTORS OF CANADA,OSHAWA (ONTARIO)/CANADA
1906,4KD,,GENERAL MOT-GMC(CDN),GENERAL MOTORS OF CANADA,OSHAWA (ONTARIO)/CANADA
1906,4KL,,GENERAL MOT-GMC(CDN),GENERAL MOTORS OF CANADA,OSHAWA (ONTARIO)/CANADA
1907,1AC,,AM.MOT.COR.-AMC(CDN),AMERICAN MOTORS INC (JEEP/MP-PASSENGER VEHICLE),BRAMPTON (ONTARIO)/CANADA
1907,1AD,,AM.MOT.COR.-AMC(CDN),AMERICAN MOTORS INC (JEEP/MP-PASSENGER VEHICLE),BRAMPTON (ONTARIO)/CANADA
1907,1AE,,AM.MOT.COR.-AMC(CDN),AMERICAN MOTORS INC (JEEP/MP-PASSENGER VEHICLE),BRAMPTON (ONTARIO)/CANADA
1907,1AH,,AM.MOT.COR.-AMC(CDN),AMERICAN MOTORS INC (JEEP/MP-PASSENGER VEHICLE),BRAMPTON (ONTARIO)/CANADA
1907,1AM,,AM.MOT.COR.-AMC(CDN),AMERICAN MOTORS INC (JEEP/MP-PASSENGER VEHICLE),BRAMPTON (ONTARIO)/CANADA
1907,1AT,,AM.MOT.COR.-AMC(CDN),AMERICAN MOTORS INC (JEEP/MP-PASSENGER VEHICLE),BRAMPTON (ONTARIO)/CANADA
1907,1A2,,AM.MOT.COR.-AMC(CDN),AMERICAN MOTORS INC (JEEP/MP-PASSENGER VEHICLE),BRAMPTON (ONTARIO)/CANADA
1907,1A3,,AM.MOT.COR.-AMC(CDN),AMERICAN MOTORS INC (JEEP/MP-PASSENGER VEHICLE),BRAMPTON (ONTARIO)/CANADA
1907,1A4,,AM.MOT.COR.-AMC(CDN),AMERICAN MOTORS INC (JEEP/MP-PASSENGER VEHICLE),BRAMPTON (ONTARIO)/CANADA
1907,1A5,,AM.MOT.COR.-AMC(CDN),AMERICAN MOTORS INC (JEEP/MP-PASSENGER VEHICLE),BRAMPTON (ONTARIO)/CANADA
1907,1A6,,AM.MOT.COR.-AMC(CDN),AMERICAN MOTORS INC (JEEP/MP-PASSENGER VEHICLE),BRAMPTON (ONTARIO)/CANADA
1907,1A7,,AM.MOT.COR.-AMC(CDN),AMERICAN MOTORS INC (JEEP/MP-PASSENGER VEHICLE),BRAMPTON (ONTARIO)/CANADA
1907,1A8,,AM.MOT.COR.-AMC(CDN),AMERICAN MOTORS INC (JEEP/MP-PASSENGER VEHICLE),BRAMPTON (ONTARIO)/CANADA
1907,1B2,,AM.MOT.COR.-AMC(CDN),AMERICAN MOTORS INC (JEEP/MP-PASSENGER VEHICLE),BRAMPTON (ONTARIO)/CANADA
1907,1B3,,AM.MOT.COR.-AMC(CDN),AMERICAN MOTORS INC (JEEP/MP-PASSENGER VEHICLE),BRAMPTON (ONTARIO)/CANADA
1907,1B4,,AM.MOT.COR.-AMC(CDN),AMERICAN MOTORS INC (JEEP/MP-PASSENGER VEHICLE),BRAMPTON (ONTARIO)/CANADA
1907,1B5,,AM.MOT.COR.-AMC(CDN),AMERICAN MOTORS INC (JEEP/MP-PASSENGER VEHICLE),BRAMPTON (ONTARIO)/CANADA
1907,1B6,,AM.MOT.COR.-AMC(CDN),AMERICAN MOTORS INC (JEEP/MP-PASSENGER VEHICLE),BRAMPTON (ONTARIO)/CANADA
1907,1B7,,AM.MOT.COR.-AMC(CDN),AMERICAN MOTORS INC (JEEP/MP-PASSENGER VEHICLE),BRAMPTON (ONTARIO)/CANADA
1907,1B8,,AM.MOT.COR.-AMC(CDN),AMERICAN MOTORS INC (JEEP/MP-PASSENGER VEHICLE),BRAMPTON (ONTARIO)/CANADA
1907,1C2,,AM.MOT.COR.-AMC(CDN),AMERICAN MOTORS INC (JEEP/MP-PASSENGER VEHICLE),BRAMPTON (ONTARIO)/CANADA
1907,1C3,,AM.MOT.COR.-AMC(CDN),AMERICAN MOTORS INC (JEEP/MP-PASSENGER VEHICLE),BRAMPTON (ONTARIO)/CANADA
1907,1C4,,AM.MOT.COR.-AMC(CDN),AMERICAN MOTORS INC (JEEP/MP-PASSENGER VEHICLE),BRAMPTON (ONTARIO)/CANADA
1907,1C5,,AM.MOT.COR.-AMC(CDN),AMERICAN MOTORS INC (JEEP/MP-PASSENGER VEHICLE),BRAMPTON (ONTARIO)/CANADA
1907,1C6,,AM.MOT.COR.-AMC(CDN),AMERICAN MOTORS INC (JEEP/MP-PASSENGER VEHICLE),BRAMPTON (ONTARIO)/CANADA
1907,1C7,,AM.MOT.COR.-AMC(CDN),AMERICAN MOTORS INC (JEEP/MP-PASSENGER VEHICLE),BRAMPTON (ONTARIO)/CANADA
1907,1C8,,AM.MOT.COR.-AMC(CDN),AMERICAN MOTORS INC (JEEP/MP-PASSENGER VEHICLE),BRAMPTON (ONTARIO)/CANADA
1907,1D2,,AM.MOT.COR.-AMC(CDN),AMERICAN MOTORS INC (JEEP/MP-PASSENGER VEHICLE),BRAMPTON (ONTARIO)/CANADA
1907,1D3,,AM.MOT.COR.-AMC(CDN),AMERICAN MOTORS INC (JEEP/MP-PASSENGER VEHICLE),BRAMPTON (ONTARIO)/CANADA
1907,1D4,,AM.MOT.COR.-AMC(CDN),AMERICAN MOTORS INC (JEEP/MP-PASSENGER VEHICLE),BRAMPTON (ONTARIO)/CANADA
1907,1D5,,AM.MOT.COR.-AMC(CDN),AMERICAN MOTORS INC (JEEP/MP-PASSENGER VEHICLE),BRAMPTON (ONTARIO)/CANADA
1907,1D6,,AM.MOT.COR.-AMC(CDN),AMERICAN MOTORS INC (JEEP/MP-PASSENGER VEHICLE),BRAMPTON (ONTARIO)/CANADA
1907,1D7,,AM.MOT.COR.-AMC(CDN),AMERICAN MOTORS INC (JEEP/MP-PASSENGER VEHICLE),BRAMPTON (ONTARIO)/CANADA
1907,1D8,,AM.MOT.COR.-AMC(CDN),AMERICAN MOTORS INC (JEEP/MP-PASSENGER VEHICLE),BRAMPTON (ONTARIO)/CANADA
1907,1E2,,AM.MOT.COR.-AMC(CDN),AMERICAN MOTORS INC (JEEP/MP-PASSENGER VEHICLE),BRAMPTON (ONTARIO)/CANADA
1907,1E3,,AM.MOT.COR.-AMC(CDN),AMERICAN MOTORS INC (JEEP/MP-PASSENGER VEHICLE),BRAMPTON (ONTARIO)/CANADA
1907,1E4,,AM.MOT.COR.-AMC(CDN),AMERICAN MOTORS INC (JEEP/MP-PASSENGER VEHICLE),BRAMPTON (ONTARIO)/CANADA
1907,1E5,,AM.MOT.COR.-AMC(CDN),AMERICAN MOTORS INC (JEEP/MP-PASSENGER VEHICLE),BRAMPTON (ONTARIO)/CANADA
1907,1E6,,AM.MOT.COR.-AMC(CDN),AMERICAN MOTORS INC (JEEP/MP-PASSENGER VEHICLE),BRAMPTON (ONTARIO)/CANADA
1907,1E7,,AM.MOT.COR.-AMC(CDN),AMERICAN MOTORS INC (JEEP/MP-PASSENGER VEHICLE),BRAMPTON (ONTARIO)/CANADA
1907,1E8,,AM.MOT.COR.-AMC(CDN),AMERICAN MOTORS INC (JEEP/MP-PASSENGER VEHICLE),BRAMPTON (ONTARIO)/CANADA
1907,1JC,,AM.MOT.COR.-AMC(CDN),AMERICAN MOTORS INC (JEEP/MP-PASSENGER VEHICLE),BRAMPTON (ONTARIO)/CANADA
1907,1JD,,AM.MOT.COR.-AMC(CDN),AMERICAN MOTORS INC (JEEP/MP-PASSENGER VEHICLE),BRAMPTON (ONTARIO)/CANADA
1907,1JE,,AM.MOT.COR.-AMC(CDN),AMERICAN MOTORS INC (JEEP/MP-PASSENGER VEHICLE),BRAMPTON (ONTARIO)/CANADA
1907,1JF,,AM.MOT.COR.-AMC(CDN),AMERICAN MOTORS INC (JEEP/MP-PASSENGER VEHICLE),BRAMPTON (ONTARIO)/CANADA
1907,1JH,,AM.MOT.COR.-AMC(CDN),AMERICAN MOTORS INC (JEEP/MP-PASSENGER VEHICLE),BRAMPTON (ONTARIO)/CANADA
1907,1JM,,AM.MOT.COR.-AMC(CDN),AMERICAN MOTORS INC (JEEP/MP-PASSENGER VEHICLE),BRAMPTON (ONTARIO)/CANADA
1907,1JT,,AM.MOT.COR.-AMC(CDN),AMERICAN MOTORS INC (JEEP/MP-PASSENGER VEHICLE),BRAMPTON (ONTARIO)/CANADA
1907,1J3,,AM.MOT.COR.-AMC(CDN),AMERICAN MOTORS INC (JEEP/MP-PASSENGER VEHICLE),BRAMPTON (ONTARIO)/CANADA
1907,1J4,,AM.MOT.COR.-AMC(CDN),AMERICAN MOTORS INC (JEEP/MP-PASSENGER VEHICLE),BRAMPTON (ONTARIO)/CANADA
1907,1J5,,AM.MOT.COR.-AMC(CDN),AMERICAN MOTORS INC (JEEP/MP-PASSENGER VEHICLE),BRAMPTON (ONTARIO)/CANADA
1907,1J6,,AM.MOT.COR.-AMC(CDN),AMERICAN MOTORS INC (JEEP/MP-PASSENGER VEHICLE),BRAMPTON (ONTARIO)/CANADA
1907,1J7,,AM.MOT.COR.-AMC(CDN),AMERICAN MOTORS INC (JEEP/MP-PASSENGER VEHICLE),BRAMPTON (ONTARIO)/CANADA
1907,1J8,,AM.MOT.COR.-AMC(CDN),AMERICAN MOTORS INC (JEEP/MP-PASSENGER VEHICLE),BRAMPTON (ONTARIO)/CANADA
1907,1P2,,AM.MOT.COR.-AMC(CDN),AMERICAN MOTORS INC (JEEP/MP-PASSENGER VEHICLE),BRAMPTON (ONTARIO)/CANADA
1907,1P3,,AM.MOT.COR.-AMC(CDN),AMERICAN MOTORS INC (JEEP/MP-PASSENGER VEHICLE),BRAMPTON (ONTARIO)/CANADA
1907,1P4,,AM.MOT.COR.-AMC(CDN),AMERICAN MOTORS INC (JEEP/MP-PASSENGER VEHICLE),BRAMPTON (ONTARIO)/CANADA
1907,1P5,,AM.MOT.COR.-AMC(CDN),AMERICAN MOTORS INC (JEEP/MP-PASSENGER VEHICLE),BRAMPTON (ONTARIO)/CANADA
1907,1P6,,AM.MOT.COR.-AMC(CDN),AMERICAN MOTORS INC (JEEP/MP-PASSENGER VEHICLE),BRAMPTON (ONTARIO)/CANADA
1907,1P7,,AM.MOT.COR.-AMC(CDN),AMERICAN MOTORS INC (JEEP/MP-PASSENGER VEHICLE),BRAMPTON (ONTARIO)/CANADA
1907,1P8,,AM.MOT.COR.-AMC(CDN),AMERICAN MOTORS INC (JEEP/MP-PASSENGER VEHICLE),BRAMPTON (ONTARIO)/CANADA
1907,1XE,,AM.MOT.COR.-AMC(CDN),AMERICAN MOTORS INC (JEEP/MP-PASSENGER VEHICLE),BRAMPTON (ONTARIO)/CANADA
1907,1XF,,AM.MOT.COR.-AMC(CDN),AMERICAN MOTORS INC (JEEP/MP-PASSENGER VEHICLE),BRAMPTON (ONTARIO)/CANADA
1907,1XH,,AM.MOT.COR.-AMC(CDN),AMERICAN MOTORS INC (JEEP/MP-PASSENGER VEHICLE),BRAMPTON (ONTARIO)/CANADA
1907,1XM,,AM.MOT.COR.-AMC(CDN),AMERICAN MOTORS INC (JEEP/MP-PASSENGER VEHICLE),BRAMPTON (ONTARIO)/CANADA
1907,1Z2,,AM.MOT.COR.-AMC(CDN),AMERICAN MOTORS INC (JEEP/MP-PASSENGER VEHICLE),BRAMPTON (ONTARIO)/CANADA
1907,1Z3,,AM.MOT.COR.-AMC(CDN),AMERICAN MOTORS INC (JEEP/MP-PASSENGER VEHICLE),BRAMPTON (ONTARIO)/CANADA
1907,1Z4,,AM.MOT.COR.-AMC(CDN),AMERICAN MOTORS INC (JEEP/MP-PASSENGER VEHICLE),BRAMPTON (ONTARIO)/CANADA
1907,1Z5,,AM.MOT.COR.-AMC(CDN),AMERICAN MOTORS INC (JEEP/MP-PASSENGER VEHICLE),BRAMPTON (ONTARIO)/CANADA
1907,1Z6,,AM.MOT.COR.-AMC(CDN),AMERICAN MOTORS INC (JEEP/MP-PASSENGER VEHICLE),BRAMPTON (ONTARIO)/CANADA
1907,1Z7,,AM.MOT.COR.-AMC(CDN),AMERICAN MOTORS INC (JEEP/MP-PASSENGER VEHICLE),BRAMPTON (ONTARIO)/CANADA
1907,1Z8,,AM.MOT.COR.-AMC(CDN),AMERICAN MOTORS INC (JEEP/MP-PASSENGER VEHICLE),BRAMPTON (ONTARIO)/CANADA
1907,2A2,,AM.MOT.COR.-AMC(CDN),AMERICAN MOTORS INC (JEEP/MP-PASSENGER VEHICLE),BRAMPTON (ONTARIO)/CANADA
1907,2A3,,AM.MOT.COR.-AMC(CDN),AMERICAN MOTORS INC (JEEP/MP-PASSENGER VEHICLE),BRAMPTON (ONTARIO)/CANADA
1907,2A4,,AM.MOT.COR.-AMC(CDN),AMERICAN MOTORS INC (JEEP/MP-PASSENGER VEHICLE),BRAMPTON (ONTARIO)/CANADA
1907,2A4,,AM.MOT.COR.-AMC(CDN),AMERICAN MOTORS INC (JEEP/MP-PASSENGER VEHICLE),BRAMPTON (ONTARIO)/CANADA
1907,2A5,,AM.MOT.COR.-AMC(CDN),AMERICAN MOTORS INC (JEEP/MP-PASSENGER VEHICLE),BRAMPTON (ONTARIO)/CANADA
1907,2A6,,AM.MOT.COR.-AMC(CDN),AMERICAN MOTORS INC (JEEP/MP-PASSENGER VEHICLE),BRAMPTON (ONTARIO)/CANADA
1907,2A7,,AM.MOT.COR.-AMC(CDN),AMERICAN MOTORS INC (JEEP/MP-PASSENGER VEHICLE),BRAMPTON (ONTARIO)/CANADA
1907,2A8,,AM.MOT.COR.-AMC(CDN),AMERICAN MOTORS INC (JEEP/MP-PASSENGER VEHICLE),BRAMPTON (ONTARIO)/CANADA
1907,2BC,,AM.MOT.COR.-AMC(CDN),AMERICAN MOTORS INC (JEEP/MP-PASSENGER VEHICLE),BRAMPTON (ONTARIO)/CANADA
1907,2BD,,AM.MOT.COR.-AMC(CDN),AMERICAN MOTORS INC (JEEP/INCOMPLETE VEHICLE),BRAMPTON (ONTARIO)/CANADA
1907,2BE,,AM.MOT.COR.-AMC(CDN),AMERICAN MOTORS INC (JEEP/EXPORT LHD),BRAMPTON (ONTARIO)/CANADA
1907,2BF,,AM.MOT.COR.-AMC(CDN),AMERICAN MOTORS INC (JEEP/EXPORT RHD),BRAMPTON (ONTARIO)/CANADA
1907,2BH,,AM.MOT.COR.-AMC(CDN),AMERICAN MOTORS INC (JEEP/RESERVE),BRAMPTON (ONTARIO)/CANADA
1907,2BM,,AM.MOT.COR.-AMC(CDN),AMERICAN MOTORS INC (JEEP/RESERVE),BRAMPTON (ONTARIO)/CANADA
1907,2BT,,AM.MOT.COR.-AMC(CDN),AMERICAN MOTORS INC (JEEP/RESERVE),BRAMPTON (ONTARIO)/CANADA
1907,2B2,,AM.MOT.COR.-AMC(CDN),AMERICAN MOTORS INC (JEEP/MP-PASSENGER VEHICLE),BRAMPTON (ONTARIO)/CANADA
1907,2B3,,AM.MOT.COR.-AMC(CDN),AMERICAN MOTORS INC (JEEP/MP-PASSENGER VEHICLE),BRAMPTON (ONTARIO)/CANADA
1907,2B4,,AM.MOT.COR.-AMC(CDN),AMERICAN MOTORS INC (JEEP/MP-PASSENGER VEHICLE),BRAMPTON (ONTARIO)/CANADA
1907,2B5,,AM.MOT.COR.-AMC(CDN),AMERICAN MOTORS INC (JEEP/MP-PASSENGER VEHICLE),BRAMPTON (ONTARIO)/CANADA
1907,2B6,,AM.MOT.COR.-AMC(CDN),AMERICAN MOTORS INC (AMC/RESERVE),BRAMPTON (ONTARIO)/CANADA
1907,2B7,,AM.MOT.COR.-AMC(CDN),AMERICAN MOTORS INC (JEEP/MP-PASSENGER VEHICLE),BRAMPTON (ONTARIO)/CANADA
1907,2B8,,AM.MOT.COR.-AMC(CDN),AMERICAN MOTORS INC (JEEP/MP-PASSENGER VEHICLE),BRAMPTON (ONTARIO)/CANADA
1907,2CC,,AM.MOT.COR.-AMC(CDN),AMERICAN MOTORS INC (AMC/MULTIPURPOSE PASSENGER VEH),BRAMPTON (ONTARIO)/CANADA
1907,2CD,,AM.MOT.COR.-AMC(CDN),AMERICAN MOTORS INC (AMC/INCOMPLETE VEHICLE),BRAMPTON (ONTARIO)/CANADA
1907,2CE,,AM.MOT.COR.-AMC(CDN),AMERICAN MOTORS INC (AMC/EXPORT LHD),BRAMPTON (ONTARIO)/CANADA
1907,2CF,,AM.MOT.COR.-AMC(CDN),AMERICAN MOTORS INC (AMC/EXPORT RHD),BRAMPTON (ONTARIO)/CANADA
1907,2CH,,AM.MOT.COR.-AMC(CDN),AMERICAN MOTORS INC (AMC/RESERVE),BRAMPTON (ONTARIO)/CANADA
1907,2CM,,AM.MOT.COR.-AMC(CDN),AMERICAN MOTORS INC (AMC/PASSENGER CAR),BRAMPTON (ONTARIO)/CANADA
1907,2CT,,AM.MOT.COR.-AMC(CDN),AMERICAN MOTORS INC (AMC/RESERVE),BRAMPTON (ONTARIO)/CANADA
1907,2C3,,AM.MOT.COR.-AMC(CDN),AMERICAN MOTORS INC (JEEP/MP-PASSENGER VEHICLE),BRAMPTON (ONTARIO)/CANADA
1907,2C4,,AM.MOT.COR.-AMC(CDN),AMERICAN MOTORS INC (JEEP/MP-PASSENGER VEHICLE),BRAMPTON (ONTARIO)/CANADA
1907,2C6,,AM.MOT.COR.-AMC(CDN),AMERICAN MOTORS INC (JEEP/MP-PASSENGER VEHICLE),BRAMPTON (ONTARIO)/CANADA
1907,2D2,,AM.MOT.COR.-AMC(CDN),AMERICAN MOTORS INC (JEEP/MP-PASSENGER VEHICLE),BRAMPTON (ONTARIO)/CANADA
1907,2D3,,AM.MOT.COR.-AMC(CDN),AMERICAN MOTORS INC (JEEP/MP-PASSENGER VEHICLE),BRAMPTON (ONTARIO)/CANADA
1907,2D4,,AM.MOT.COR.-AMC(CDN),AMERICAN MOTORS INC (JEEP/MP-PASSENGER VEHICLE),BRAMPTON (ONTARIO)/CANADA
1907,2D5,,AM.MOT.COR.-AMC(CDN),AMERICAN MOTORS INC (JEEP/MP-PASSENGER VEHICLE),BRAMPTON (ONTARIO)/CANADA
1907,2D6,,AM.MOT.COR.-AMC(CDN),AMERICAN MOTORS INC (JEEP/MP-PASSENGER VEHICLE),BRAMPTON (ONTARIO)/CANADA
1907,2D7,,AM.MOT.COR.-AMC(CDN),AMERICAN MOTORS INC (JEEP/MP-PASSENGER VEHICLE),BRAMPTON (ONTARIO)/CANADA
1907,2D8,,AM.MOT.COR.-AMC(CDN),AMERICAN MOTORS INC (JEEP/MP-PASSENGER VEHICLE),BRAMPTON (ONTARIO)/CANADA
1907,2E2,,AM.MOT.COR.-AMC(CDN),AMERICAN MOTORS INC (JEEP/MP-PASSENGER VEHICLE),BRAMPTON (ONTARIO)/CANADA
1907,2E3,,AM.MOT.COR.-AMC(CDN),AMERICAN MOTORS INC (JEEP/MP-PASSENGER VEHICLE),BRAMPTON (ONTARIO)/CANADA
1907,2E4,,AM.MOT.COR.-AMC(CDN),AMERICAN MOTORS INC (JEEP/MP-PASSENGER VEHICLE),BRAMPTON (ONTARIO)/CANADA
1907,2E5,,AM.MOT.COR.-AMC(CDN),AMERICAN MOTORS INC (JEEP/MP-PASSENGER VEHICLE),BRAMPTON (ONTARIO)/CANADA
1907,2E6,,AM.MOT.COR.-AMC(CDN),AMERICAN MOTORS INC (JEEP/MP-PASSENGER VEHICLE),BRAMPTON (ONTARIO)/CANADA
1907,2E7,,AM.MOT.COR.-AMC(CDN),AMERICAN MOTORS INC (JEEP/MP-PASSENGER VEHICLE),BRAMPTON (ONTARIO)/CANADA
1907,2E8,,AM.MOT.COR.-AMC(CDN),AMERICAN MOTORS INC (JEEP/MP-PASSENGER VEHICLE),BRAMPTON (ONTARIO)/CANADA
1907,2J4,,AM.MOT.COR.-AMC(CDN),AMERICAN MOTORS INC (JEEP/MP-PASSENGER VEHICLE),BRAMPTON (ONTARIO)/CANADA
1907,2P2,,AM.MOT.COR.-AMC(CDN),AMERICAN MOTORS INC (JEEP/MP-PASSENGER VEHICLE),BRAMPTON (ONTARIO)/CANADA
1907,2P3,,AM.MOT.COR.-AMC(CDN),AMERICAN MOTORS INC (JEEP/MP-PASSENGER VEHICLE),BRAMPTON (ONTARIO)/CANADA
1907,2P4,,AM.MOT.COR.-AMC(CDN),AMERICAN MOTORS INC (JEEP/MP-PASSENGER VEHICLE),BRAMPTON (ONTARIO)/CANADA
1907,2P5,,AM.MOT.COR.-AMC(CDN),AMERICAN MOTORS INC (JEEP/MP-PASSENGER VEHICLE),BRAMPTON (ONTARIO)/CANADA
1907,2P6,,AM.MOT.COR.-AMC(CDN),AMERICAN MOTORS INC (JEEP/MP-PASSENGER VEHICLE),BRAMPTON (ONTARIO)/CANADA
1907,2P7,,AM.MOT.COR.-AMC(CDN),AMERICAN MOTORS INC (JEEP/MP-PASSENGER VEHICLE),BRAMPTON (ONTARIO)/CANADA
1907,2P8,,AM.MOT.COR.-AMC(CDN),AMERICAN MOTORS INC (JEEP/MP-PASSENGER VEHICLE),BRAMPTON (ONTARIO)/CANADA
1907,2XE,,AM.MOT.COR.-AMC(CDN),AMERICAN MOTORS INC (RESERVE),BRAMPTON (ONTARIO)/CANADA
1907,2XF,,AM.MOT.COR.-AMC(CDN),AMERICAN MOTORS INC (RESERVE),BRAMPTON (ONTARIO)/CANADA
1907,2XH,,AM.MOT.COR.-AMC(CDN),AMERICAN MOTORS INC (RESERVE),BRAMPTON (ONTARIO)/CANADA
1907,2XM,,AM.MOT.COR.-AMC(CDN),AMERICAN MOTORS INC (RESERVE),BRAMPTON (ONTARIO)/CANADA
1907,4C3,,AM.MOT.COR.-AMC(CDN),AMERICAN MOTORS INC (JEEP/MP-PASSENGER VEHICLE),BRAMPTON (ONTARIO)/CANADA
1907,4J4,,AM.MOT.COR.-AMC(CDN),AMERICAN MOTORS INC (JEEP/MP-PASSENGER VEHICLE),BRAMPTON (ONTARIO)/CANADA
1908,2FA,,FORD (CDN),FORD MOTOR COMP OF CANADA (FORD/PASSENGER CAR),OAKVILLE (ONTARIO)/CANADA
1908,2FB,,FORD (CDN),FORD MOTOR COMP OF CANADA (FORD/BUS),OAKVILLE (ONTARIO)/CANADA
1908,2FC,,FORD (CDN),FORD MOTOR COMP OF CANADA (FORD/RESERVE),OAKVILLE (ONTARIO)/CANADA
1908,2FD,,FORD (CDN),FORD MOTOR COMP OF CANADA (FORD/INCOMPLETE VEHICLE),OAKVILLE (ONTARIO)/CANADA
1908,2FF,,FORD (CDN),FORD MOTOR COMP OF CANADA (FORD/GLIDERS),OAKVILLE (ONTARIO)/CANADA
1908,2FL,,FORD (CDN),FORD MOTOR COMP OF CANADA (FORD/RESERVE),OAKVILLE (ONTARIO)/CANADA
1908,2FM,,FORD (CDN),FORD MOTOR COMP OF CANADA (FORD/MP-PASSENGER VEHICLE),OAKVILLE (ONTARIO)/CANADA
1908,2FR,,FORD (CDN),FORD MOTOR COMP OF CANADA (FORD/RESERVE),OAKVILLE (ONTARIO)/CANADA
1908,2FT,,FORD (CDN),FORD MOTOR COMP OF CANADA (FORD/TRUCK),OAKVILLE (ONTARIO)/CANADA
1908,2F0,,FORD (CDN),FORD MOTOR COMPANY OF CANADA LTD (FORD/ALL VEHICLE),OAKVILLE (ONTARIO)/CANADA
1908,2LN,,FORD (CDN),FORD MOTOR COMP OF CANADA (LINCOLN/RESERVE),OAKVILLE (ONTARIO)/CANADA
1908,2L1,,FORD (CDN),FORD MOTOR COMP OF CANADA (LINCOLN/ALL VEHICLE),OAKVILLE (ONTARIO)/CANADA
1908,2ME,,FORD (CDN),FORD MOTOR COMP OF CANADA (MERCURY/PASSENGER CAR),OAKVILLE (ONTARIO)/CANADA
1908,2MH,,FORD (CDN),FORD MOTOR COMP OF CANADA (MERCURY/INCOMPLET VEHICLE),OAKVILLE (ONTARIO)/CANADA
1908,2MR,,FORD (CDN),FORD MOTOR COMP OF CANADA (MERCURY/RESERVE),OAKVILLE (ONTARIO)/CANADA
1909,2CC,,CAMI (CDN),CAMI AUTOMOTIVE INC,WHITBY (ONTARIO)/CANADA
1909,2CG,,CAMI (CDN),CAMI AUTOMOTIVE INC,WHITBY (ONTARIO)/CANADA
1909,2CK,,CAMI (CDN),CAMI AUTOMOTIVE INC (MULTI PURPOSE VEHICLES),WHITBY (ONTARIO)/CANADA
1909,2CN,,CAMI (CDN),CAMI AUTOMOTIVE INC (MULTI PURPOSE VEHICLES),WHITBY (ONTARIO)/CANADA
1909,2CT,,CAMI (CDN),CAMI AUTOMOTIVE INC,WHITBY (ONTARIO)/CANADA
1909,2C1,,CAMI (CDN),CAMI AUTOMOTIVE INC (PASSENGER CAR),WHITBY (ONTARIO)/CANADA
1909,2C2,,CAMI (CDN),CAMI AUTOMOTIVE INC,WHITBY (ONTARIO)/CANADA
1909,2C5,,CAMI (CDN),CAMI AUTOMOTIVE INC,WHITBY (ONTARIO)/CANADA
1909,2C7,,CAMI (CDN),CAMI AUTOMOTIVE INC (PASSENGER CAR),WHITBY (ONTARIO)/CANADA
1909,2C8,,CAMI (CDN),CAMI AUTOMOTIVE INC (PASSENGER CAR),WHITBY (ONTARIO)/CANADA
1909,2S2,,CAMI (CDN),CAMI AUTOMOTIVE INC (PASSENGER CAR),WHITBY (ONTARIO)/CANADA
1909,2S3,,CAMI (CDN),CAMI AUTOMOTIVE INC (PASSENGER CAR),WHITBY (ONTARIO)/CANADA
1909,2S4,,CAMI (CDN),CAMI AUTOMOTIVE INC (TRUCKS),WHITBY (ONTARIO)/CANADA
1911,9BP,,PUMA (BR),PUMA INDUSTRIA DE VEICULOS S/A (PASSENGER CAR/TRUCK),SAO PAULO/BRASILIEN
1913,AAV,,VOLKSWAGEN-VW (BR),VOLKSWAGEN DO BRASIL S/A,SAO BERNARDO DO CAMPO/BRASILIEN
1913,WVW,,VOLKSWAGEN-VW (BR),VOLKSWAGEN DO BRASIL S/A,SAO BERNARDO DO CAMPO/BRASILIEN
1913,WV1,,VOLKSWAGEN-VW (BR),VOLKSWAGEN DO BRASIL S/A,SAO BERNARDO DO CAMPO/BRASILIEN
1913,WV2,,VOLKSWAGEN-VW (BR),VOLKSWAGEN DO BRASIL S/A,SAO BERNARDO DO CAMPO/BRASILIEN
1913,WV3,,VOLKSWAGEN-VW (BR),VOLKSWAGEN DO BRASIL S/A,SAO BERNARDO DO CAMPO/BRASILIEN
1913,1VW,,VOLKSWAGEN-VW (BR),VOLKSWAGEN DO BRASIL S/A,SAO BERNARDO DO CAMPO/BRASILIEN
1913,1V1,,VOLKSWAGEN-VW (BR),VOLKSWAGEN DO BRASIL S/A,SAO BERNARDO DO CAMPO/BRASILIEN
1913,1V2,,VOLKSWAGEN-VW (BR),VOLKSWAGEN DO BRASIL S/A,SAO BERNARDO DO CAMPO/BRASILIEN
1913,1V3,,VOLKSWAGEN-VW (BR),VOLKSWAGEN DO BRASIL S/A,SAO BERNARDO DO CAMPO/BRASILIEN
1913,3VV,,VOLKSWAGEN-VW (BR),VOLKSWAGEN DO BRASIL S/A,SAO BERNARDO DO CAMPO/BRASILIEN
1913,3VW,,VOLKSWAGEN-VW (BR),VOLKSWAGEN DO BRASIL S/A,SAO BERNARDO DO CAMPO/BRASILIEN
1913,8AV,,VOLKSWAGEN-VW (BR),VOLKSWAGEN DO BRASIL S/A,SAO BERNARDO DO CAMPO/BRASILIEN
1913,8AW,,VOLKSWAGEN-VW (BR),VOLKSWAGEN DO BRASIL S/A,SAO BERNARDO DO CAMPO/BRASILIEN
1913,8AX,,VOLKSWAGEN-VW (BR),VOLKSWAGEN DO BRASIL S/A,SAO BERNARDO DO CAMPO/BRASILIEN
1913,8AY,,VOLKSWAGEN-VW (BR),VOLKSWAGEN DO BRASIL S/A,SAO BERNARDO DO CAMPO/BRASILIEN
1913,9BW,,VOLKSWAGEN-VW (BR),Volkswagen do Brasil Industria de,Sao Bernardo do Campo/Brasilien
1913,9DW,,VOLKSWAGEN-VW (BR),VOLKSWAGEN DO BRASIL S/A,SAO BERNARDO DO CAMPO/BRASILIEN
1914,9C2,,HONDA (BR),MOTO HONDA DA AMAZONIA LTDA (MOTORCYCLE),MANAUS-AMAZONAS/BRASILIEN
1915,9C6,,YAMAHA (BR),YAMAHA MOTOR DO BRASIL LTDA (MOTORCYCLE),GUARULHOS-SAO PAULO/BRASILIEN
1916,AA9,RL2,ECHO ACCESSORIES(ZA),ECHO ACCESSORIES/TRAILERS (ANHAENGER),PRETORIA/SUED AFRIKA
1916,ADC,,ECHO ACCESSORIES (ZA),ECHO ACCESSORIES BK,Pretoria/Südafrika
1918,SA9,207,Radical (UK),Radical Sportscars Limited,Peterborough/Vereinigtes Königreich
1919,LDA,,GUANGZHOU FEKON (RC),"GUANGZHOU FEKON MOTORCYCLE CO., LTD.",Zengcheng Guangzhou City/China
1920,XK3,,ZHUKOVSKY VELOMOTO. (RUS),ZHUKOVSKY VELOMOTOZAVOD Ltd.,Zhukovka/Russland
1921,LYS,,NANJING VMOTO (RC),"NANJING VMOTO MANUFACTURING CO., LTD",Nanjing/China
1922,WLD,,van Lengerich,Bernard van Lengerich Maschinenfabrik GmbH & Co. KG,Emsbüren
1923,TK4,,Doosan (CZ),Doosan Bobcat EMEA s.r.o.,Dobris/Tschechische Republik
1924,SJV,,HANWAY (UK),HANWAY LIMITED,"Adlington,Chorley/Vereinigtes Königreich"
1925,WAK,,ABT e-Line,ABT e-Line GmbH,Kempten
1926,W09,A72,AAGLAND,AAGLAND GmbH & Co. KG,Pegnitz
1928,8AF,,FORD (RA),FORD MOTOR ARGENTINA SA(PASSENGER CAR/TRUCK/BUS/MPV),BUENOS AIRES/ARGENTINIEN
1929,TFY,,FLYER (CH),FLYER AG,Huttwil/Schweiz
1930,W09,BB1,Bernhard Bruhns,Bernhard Bruhns Kran- und Fahrzeugtechnik GmbH,Perleberg
1931,W09,SH6,Schell,Schell GmbH,Aachen
1932,WEL,,e.GO,e.GO Mobile AG,Aachen
1933,YSL,,Voi (S),Voi Technology AB,Stockholm/Schweden
1934,ZNA,,OMC AXLES & TRAILERS (I),OMC AXLES & TRAILERS s.r.l.,Modugno/Italien
1935,ACG,,GRW (ZA),GRW Engineering (Pty) Limited,Worcester/Südafrika
1936,SPA,,Tier,Tier Mobility SE,Berlin
1939,WJJ,,IO HAWK,IO HAWK Invest GmbH,Krefeld
1940,W09,KA9,Klassen,Klassen Automobile GmbH,Minden
1942,2BV,,BOMBARDIER (CDN),BOMBARDIER RECREATIONAL PRODUCTS (4-RAED.KRAFTFAHR.),VALCOURT (QUEBEC)/CANADA
1942,2BX,,BOMBARDIER (CDN),BOMBARDIER RECREATIONAL PRODUCTS,VALCOURT (QUEBEC)/CANADA
1942,2BZ,,BOMBARDIER (CDN),BOMBARDIER RECREATIONAL PRODUCTS,VALCOURT (QUEBEC)/CANADA
1942,2B0,,BOMBARDIER (CDN),BOMBARDIER RECREATIONAL PRODUCTS,VALCOURT (QUEBEC)/CANADA
1942,3JB,,BOMBARDIER (CDN),BOMBARDIER RECREATIONAL PRODUCTS (4-RAED.KRAFTFAHR.),VALCOURT (QUEBEC)/CANADA
1943,YXL,,Kverneland (N),Kverneland Group Operations Norway AS,Klepp Stasjon/Norwegen
1944,ZM8,,TECNOGEN (I),TECNOGEN S.p.A,Pontenure/ITALIEN
1945,WS7,,Sono Motors,Sono Motors GmbH,München
1947,WUE,,WALBERG,Walberg Urban Electrics GmbH,Hamburg
1948,YF9,096,Pel-tuote (FIN),Pel-tuote Oy,Rantasalmi/Finnland
1949,VF1,,RENAULT (F),RENAULT s.a.s.,BOULOGNE BILLANCOURT/Frankreich
1950,ZA9,E91,TEK. SP. ED. (I),TEK. SP. ED. Srl,Casandrino/Italien
1951,W09,T63,Treffler,Treffler Maschinenbau GmbH & Co. KG,Pöttmes-Echsheim
1953,ZPY,,DR AUTOMOBILES (I),DR AUTOMOBILES SRL,Macchia d'Iserna IS/Italien
1954,W09,W99,Wiesmann Sports Cars,Wiesmann Sports Cars GmbH,Dülmen
1958,XN4,,Segway (NL),Segway Europe B. V.,Amsterdam/Niederlande
1959,W09,BB2,BFT,BFT Fahrzeugtechnik GmbH,Dötlingen
1960,W09,SH7,Sackmann,Kippermanufaktur C. Sackmann GmbH,Waldkirch
1962,XN2,,Van Eck (NL),Van Eck Trailers B.V.,Beesd/Niederlande
1963,W09,R55,RMV,Rheinmetall Military Vehicles GmbH (RMV),München
1964,WPP,,POL-Planet,POL-Planet Gmbh & Co. KG,Rheinfelden
1965,WMG,,Tadano Demag,Tadano Demag GmbH,Zweibrücken
1967,WS8,,SUPRA,SUPRA FOTO-ELEKTRONIK-VERTRIEBS-GmbH,Kaiserslautern
1968,ZN3,,Iveco Defence (1),Iveco Defence Vehicles S.p.A.,Bolzano/ITALIEN
1970,VF9,397,PL2M (F),PL2M S.A.S,Floirac/Frankreich
1974,NR9,118,ROMSAN (TR),ROMSAN TARIM SAN. ve DIS TIC. A.S,Balikesir/Türkei
1976,WA2,,autocycle techcenter,autocycle techcenter GmbH,Obernzell
1978,7JM,,TROPOS (USA),TROPOS TECHNOLOGIES; INC,MORGAN HILL/USA
1987,WRP,,ROPA,ROPA Fahrzeug- und Maschinenbau GmbH,Herrngiersdorf
1992,ZRP,,Italian Motorcycle (I),Italian Motorcycle Investment S.p.a.,Coriano/Italien
1994,TGM,,Velobaze (CH),Velobaze AG,Bassersdorf/Schweiz
1995,W09,BB0,BUREKO,BUREKO UG haftungsbeschränkt,Johanngeorgenstadt
1996,W09,BA9,BH-Systems,BH-Systems UG haftungsbeschränkt,Johanngeorgenstadt
1999,WG3,,Gumpert Aiways Automobile,Gumpert Aiways Automobile GmbH,Ingolstadt
2007,SCS,,NORTON (UK),NORTON MOTORRADFABRIK,BIRMINGHAM/Vereinigtes Königreich
2007,SMN,,NORTON (UK),NORTON MOTORRADFABRIK,BIRMINGHAM/Vereinigtes Königreich
2008,SLB,,BENFORD (GB),BENFORD LTD,WARWICKSHIRE/ENGLAND
2009,SCA,,ROLLS-ROYCE (UK),ROLLS ROYCE MOTORS LTD (ROLLS ROYCE/PASSENGER CAR),CREWE (CHESHIRE)/Vereinigtes Königreich
2009,SCB,,ROLLS-ROYCE (UK),ROLLS ROYCE MOTORS LTD (BENTLEY/PASSENGER CAR),CREWE (CHESHIRE)/Vereinigtes Königreich
2012,SCV,,VOLVO (UK),VOLVO TRUCK AND BUS ASSEMBLY,IRVINE AYRSHIRE/Vereinigtes Königreich
2013,SCG,,TRIUMPH-ENGIN.(GB),TRIUMPH-ENGINEERING COMP LTD (MOTORCYCLE),COVENTRY/ENGLAND
2014,SMT,,TRIUMPH (UK),TRIUMPH MOTORCYCLES LTD,HINCKLEY/Vereinigtes Königreich
2016,SCN,,COMPAIR HOLMAN (GB),COMPAIR HOLMAN LTD (MOBILE AIR COMPRESSOR),"CAMBORNE,CORNWALL/ENGLAND"
2018,SA9,039,WESTFIELD (UK),WESTFIELD SPORTS CAR LTD (PASSENGER CAR),WEST MIDLANDS/Vereinigtes Königreich
2019,SCF,,ASTON MARTIN (UK),ASTON MARTIN LAGONDA LTD (PASSENGER CAR),Gaydon/Vereinigtes Königreich
2019,SD7,,ASTON MARTIN (UK),Aston Martin Lagonda Limited,Gaydon/Vereinigtes Königreich
2020,SEY,,LDV (UK),"LDV Group Limited (PASSENGER CAR,VAN,TRUCK)",BIRMINGHAM/Vereinigtes Königreich
2028,SFA,,FORD (UK),FORD MOTOR COMPANY LIMITED (PASSENGER CAR/TRUCK),BRENTWOOD (ESSEX)/Vereinigtes Königreich
2029,SBC,,IVECO FORD (UK),"IVECO FORD TRUCK LTD,IVECO FORD HOUSE (TRUCK)",WATFORD/Vereinigtes Königreich
2031,SCX,,LF HARRIS (UK),LF HARRIS (RUSHDEN) LTD (MOTORCYCLE),NEWTON ABBOT/Vereinigtes Königreich
2032,SPB,,TELESTAR-DIGITAL,TELESTAR-DIGITAL GmbH,Ulmen
2037,NR9,041,ODABASI (TR),ODABASI MAKINA OTOMOTIV A.S.,Yenisehir/Türkei
2044,VXU,,AMAZONE (F),AMAZONE SA FORBACH,Forbach/Frankreich
2045,YTV,,North Grade (S),North Grade AB,Ängelholm/Schweden
2046,XL0,,Orange Ventures (NL),Orange Ventures BV,Bergen op Zoom/Niederlande
2050,W09,SH8,Satellite,Satellite Industries GmbH,Duisburg
2051,SAD,,JAGUAR (GB),JAGUAR CARS LTD (DAIMLER/PASSENGER CAR),COVENTRY/ENGLAND
2051,SAJ,,JAGUAR (GB),JAGUAR CARS LTD (JAGUAR/PASSENGER CAR),COVENTRY/ENGLAND
2055,SAH,,ROVER (GB),ROVER GROUP LTD,BIRMINGHAM/ENGLAND
2055,SAL,,ROVER (GB),ROVER GROUP LTD,WARWICK/ENGLAND
2055,SAR,,ROVER (GB),ROVER GROUP LTD,WARWICK/ENGLAND
2055,SAX,,ROVER (GB),ROVER GROUP LTD,BIRMINGHAM/ENGLAND
2059,SFL,,LYNTON (UK),LYNTON,Vereinigtes Königreich
2062,SCC,,LOTUS (UK),LOTUS CARS LTD (PASSENGER CAR),NORWICH/Vereinigtes Königreich
2068,SKA,,VAUXHALL (GB),VAUXHALL MOTORS LTD (VAUXHALL/PASSENGER CAR),LUTON (BEDFORDSHIRE)/ENGLAND
2068,SKF,,VAUXHALL (GB),VAUXHALL MOTORS LTD (BEDFORD TRUCK/BUS/VANS),LUTON (BEDFORDSHIRE)/ENGLAND
2072,SCT,,RICE (UK),RICE TRAILERS LTD (TRAILER),COSBY/Vereinigtes Königreich
2074,SLC,,THWAITES (UK),THWAITES ENERGINEERING CO LTD,LEAMINGTON/Vereinigtes Königreich
2075,UCY,,SCUTUM (E),SCUTUM LOGISTIC S.L.,Barcelona/Spanien
2076,R45,,XL HOLDING GROUP (RC),"XL HOLDING GROUP CO., LIMITED",Hong Kong/China
2078,ULV,,VIKING (DK),Viking Trailers - Denmark A/S,Toftlund/Dänemark
2079,SMM,,MATCHLESS (UK),MATCHLESS MOTORCYCLE LTD,NEWTON ABBOT/Vereinigtes Königreich
2080,UKR,,Kronings (DK),Kronings ApS,Esbjerg/Dänemark
2083,WAJ,,AT Zweirad,AT Zweirad GmbH,Altenberge
2084,SDB,,TALBOT MOTOR (UK),TALBOT MOTOR COMP LTD (TALBOT/PASSENGER CAR),COVENTRY/Vereinigtes Königreich
2086,SDA,,CHRYSLER (GB),CHRYSLER UNITED KINGDOM LTD (CHRYSLER/PASSENGER CAR),COVENTRY/ENGLAND
2086,SDD,,CHRYSLER (GB),CHRYSLER UNITED KINGDOM LTD (DODGE TRUCK),BEDFORDSHIRE/ENGLAND
2088,VA9,MG1,Gruber (A),Gruber Otto Maschinenbau GmbH,Saalfelden/Österreich
2091,SCB,,BENTLEY (UK),BENTLEY MOTORS LTD (PASSENGER CAR),CREWE (CHESHIRE)/Vereinigtes Königreich
2091,SJA,,BENTLEY (UK),BENTLEY MOTORS LTD (PASSENGER CAR),CREWE (CHESHIRE)/Vereinigtes Königreich
2099,SA9,019,TVR ENGINEERING (UK),TRAVER ENGINEERING LTD,BLACKPOOL/Vereinigtes Königreich
2099,SDL,,TVR ENGINEERING (UK),TRAVER ENGINEERING LTD,BLACKPOOL/Vereinigtes Königreich
2107,SCY,,SINCLAIR (UK),SINCLAIR TRAILERS,GOSBERTON/Vereinigtes Königreich
2108,SAL,,LAND ROVER (GB),LAND ROVER UK LTD (ROVER/MP-PASSENGER VEHICLE),SOLIHULL (WEST MIDLANDS)/ENGLAND
2110,SCM,,COLES CRANES (GB),COLES CRANES LTD (MOBILE CRANES),SUNDERLAND/ENGLAND
2111,SAA,,AUSTIN ROVER (GB),AUSTIN ROVER GROUP LTD (PASSENGER CAR),LONGBRIDGE (BIRMINGHAM)/ENGLAND
2111,SAH,,AUSTIN ROVER (GB),AUSTIN ROVER GROUP LTD (PASSENGER CAR),LONGBRIDGE (BIRMINGHAM)/ENGLAND
2111,SAM,,AUSTIN ROVER (GB),AUSTIN ROVER GROUP LTD (PASSENGER CAR),LONGBRIDGE (BIRMINGHAM)/ENGLAND
2111,SAR,,AUSTIN ROVER (GB),AUSTIN ROVER GROUP LTD (ROVER/PASSENGER CAR),SOLIHULL (WEST MIDLANDS)/ENGLAND
2111,SAT,,AUSTIN ROVER (GB),AUSTIN ROVER GROUP LTD (TRIUMPH/PASSENGER CAR),SOLIHULL (WEST MIDLANDS)/ENGLAND
2111,SAX,,AUSTIN ROVER (GB),AUSTIN ROVER GROUP LTD (PASSENGER CAR),LONGBRIDGE (BIRMINGHAM)/ENGLAND
2111,SAZ,,AUSTIN ROVER (GB),"AUSTIN ROVER GROUP LTD (TRUCKS & BUSES, LCV)",LONGBRIDGE (BIRMINGHAM)/ENGLAND
2116,SA9,004,MORGAN (UK),Morgan Motor Company Limited (PASSENGER CAR),Malvern/Vereinigtes Königreich
2116,SA9,202,MORGAN (UK),Morgan Motor Company Limited (Three Wheeler),Malvern/Vereinigtes Königreich
2117,SGU,,SPRITE (UK),SPRITE LTD WOHNWAGENBAU,NEWMARKET/Vereinigtes Königreich
2123,SCM,,GROVE COLES (UK),GROVE-COLES LTD (MOBILE CRANES),COWLEY (OXFORD)/Vereinigtes Königreich
2124,SA9,031,BROWN HORSEBOXES (UK),BROWN HORSEBOXES LTD (TRAILER),ANTRIM/Vereinigtes Königreich
2125,SJK,,NISSAN (UK),NISSAN MOTOR MANUFACTURING (UK) LTD (PASSENGER CARS),SUNDERLAND/Vereinigtes Königreich
2125,SJN,,NISSAN (UK),NISSAN MOTOR MANUFACTURING (UK) LTD (PASSENGER CARS),SUNDERLAND/Vereinigtes Königreich
2126,SKA,,GENERAL MOTORS (UK),GENERAL MOTORS OVERSEAS CORP (PASSENGER CAR),LUTON/Vereinigtes Königreich
2126,SKF,,GENERAL MOTORS (UK),GENERAL MOTORS OVERSEAS CORP (BEDFORD TRUCK/BUS/VANS),LUTON/Vereinigtes Königreich
2127,SED,,IBC VEHICLES (UK),"IBC VEHICLES LTD (PASSENGER CARS, TRUCK)",LUTON/Vereinigtes Königreich
2128,SCZ,,INGERSOLL-RAND (UK),INGERSOLL-RAND COMPANY LTD (TRAILER),LONDON/Vereinigtes Königreich
2130,SB1,,TOYOTA (UK),TOYOTA MOTOR MANUFACTURING(UK) LIMITED (PASSENGER CAR),BURNASTON/Vereinigtes Königreich
2131,SHH,,HONDA (UK),HONDA OF THE UK MANUFACTURING LTD (PASSENGER CAR),SWINDON/Vereinigtes Königreich
2131,SHR,,HONDA (UK),HONDA OF THE UK MANUFACTURING LTD (PASSENGER CAR),SWINDON/Vereinigtes Königreich
2131,SHS,,HONDA (UK),HONDA OF THE UK MANUFACTURING LTD (PASSENGER CAR),SWINDON/Vereinigtes Königreich
2133,SMF,,FERMEC (GB),FERMEC MANNFACTURING LTD (SPECIAL PURPOSE VEHICLE),MANCHESTER/ENGLAND
2134,SG7,,ABI (UK),ABI CARAVANS LTD (TRAILER),BEVERLY/Vereinigtes Königreich
2137,SFR,,CRANE FRUEHAUF (UK),CRANE FRUEHAUF LIMITED (TRAILER),DEREHAM/Vereinigtes Königreich
2138,SCK,,WILLIAMS (UK),IFOR WILLIAMS TRAILERS LTD,CYNWYD CORWEN/Vereinigtes Königreich
2139,SCN,,COMPAIR (UK),COMPAIR UK LIMITED (MOBILE AIR COMPRESSOR),"CAMBORNE, CORNWALL/Vereinigtes Königreich"
2140,SAL,,LAND ROVER GROUP(GB),LAND ROVER GROUP LTD (PASSENGER CAR),SOLIHULL/ENGLAND
2141,ZM0,,MCCORMICK (UK),MCCORMICK TRACTORS INTERNATIONAL LIMITED (TRACTOR),DONCASTER/Vereinigtes Königreich
2142,SAH,,MG ROVER (UK),MG ROVER GROUP LTD,BIRMINGHAM/Vereinigtes Königreich
2142,SAL,,MG ROVER (UK),MG ROVER GROUP LTD,WARWICK/Vereinigtes Königreich
2142,SAR,,MG ROVER (UK),MG ROVER GROUP LTD,WARWICK/Vereinigtes Königreich
2142,SAX,,MG ROVER (UK),MG ROVER GROUP LTD,BIRMINGHAM/Vereinigtes Königreich
2143,SAL,,LAND ROVER (GB),LAND ROVER (PASSENGER CAR),Warwick/United Kingdom
2144,W09,BB4,BORCO HOEHNS,Borco Höhns GmbH,Rotenburg/Wümme
2146,XG9,D26,PETKOS (GR),PETKOS SA,Veria-Thessaloniki/Griechenland
2147,TB9,900,Bimota (CH),Bimota S.A.,Lugano/Schweiz
2148,ZRP,,Bimota (I),Bimota S.P.A.,Coriano/Italien
2149,SAA,,BL CARS (GB),BL CARS LTD (AUSTIN/PASSENGER CAR),COVENTRY/ENGLAND
2149,SAD,,BL CARS (GB),BL CARS LTD (DAIMLER/PASSENGER CAR),COVENTRY/ENGLAND
2149,SAJ,,BL CARS (GB),BL CARS LTD (JAGUAR/PASSENGER CAR),COVENTRY/ENGLAND
2149,SAL,,BL CARS (GB),BL CARS LTD (LAND-ROVER/MULTIPURPOSE PASSENGER VEH.),COVENTRY/ENGLAND
2149,SAM,,BL CARS (GB),BL CARS LTD (MORRIS/PASSENGER CAR),COVENTRY/ENGLAND
2149,SAR,,BL CARS (GB),BL CARS LTD (AUSTIN-ROVER/PASSENGER CAR),COVENTRY/ENGLAND
2149,SAT,,BL CARS (GB),BL CARS LTD (TRIUMPH/PASSENGER CAR),COVENTRY/ENGLAND
2149,SAX,,BL CARS (GB),BL CARS LTD (AUSTIN MORRIS/PASSENGER CAR),COVENTRY/ENGLAND
2149,SAZ,,BL CARS (GB),BL CARS LTD (AUSTIN MORRIS/TRUCK-BUS),COVENTRY/ENGLAND
2149,SBB,,BL CARS (GB),BL CARS LTD (LEYLAND/COMMERCIAL VEHICLES),COVENTRY/ENGLAND
2149,SBL,,BL CARS (GB),BL CARS LTD (LEYLAND VEHICLES/HEAVY TRUCK),COVENTRY/ENGLAND
2149,SBP,,BL CARS (GB),BL CARS LTD (LEYLAND/PASSENGER VEHICLES),COVENTRY/ENGLAND
2150,LZS,,ZONGSHEN INDUSTRIAL (RC),"ZONGSHEN INDUSTRIAL GROUP CO., LTD.","Ba'nan District,Chongqing/China"
2152,WLP,,LIPCO,LIPCO GmbH,Sasbach
2154,HA7,,Jinan Qingqi KR (RC),"Jinan Qingqi KR Motorcycle Co., Ltd",Jinan/China
2158,W09,R77,R.I.D.,R.I.D. GmbH,Kirchardt
2160,LC0,,BYD (RC),BYD Auto Industry Company Limited,"Shenzhen City, Guangdong Province/China"
2160,LGX,,BYD (RC),"BYD AUTO CO., LTD.","Xi'an, SHAANXI/China"
2161,W09,E57,E BIKE,E BIKE ADVANCED TECHNOLOGIES GmbH,Frankfurt am Main
2162,LUB,,Henan Suda (RC),"Henan Suda Electric Vehicles Technology Co., Ltd.","Sanmenxia City, Henan Province/China"
2164,YT7,,KABE (S),KABE AB,Tenhult/Schweden
2165,W09,F73,Farya (D),Farya Maschinen Werke GmbH,Meine
2166,WAN,,AGCO Hohenmölsen,AGCO Hohenmölsen GmbH,Hohenmölsen
2169,X8A,,SESPEL (RUS),Closed Joint-Stock Company Cheboksary enterprise SESPEL,Cheboksary/Russland
2171,WA2,,Vanderhall,Vanderhall GmbH,Samerberg
2172,WE1,,EVUM Motors,EVUM Motors GmbH,München
2173,SW0,,Thomas Trailers (PL),Thomas Trailers Sp. z o.o,Lublin/Polen
2174,LGV,,Heshan Guoji (RC),"Heshan Guoji Nanlian Motorcycle Industry Co., Ltd.","Heshan City, Guangdong Province/China"
2175,W09,R55,RLS,Rheinmetall Landsysteme GmbH (RLS),Südheide OT Unterlüß
2176,YAC,,Jetloader Kwanten (B),Jetloader Erik Kwanten,Pelt/Belgien
2179,ZNN,,ENERGICA (I),ENERGICA MOTOR COMPANY SPA,Modena/Italien
2180,LSJ,,SAIC (RC),SAIC Motor Corporation Limited,Shanghai/China
2182,W09,BB3,Beth Fz- und Metallbau,Wolfgang Beth Fahrzeug- und Metallbau GmbH,Laupheim
2183,M6S,,Escorts Limited (IND),Escorts Limited Agri Machinery Group,Faridabad/Indien
2184,LSF,,SAIC MAXUS (RC),"SAIC MAXUS Automotive Co., Ltd.",Shanghai/China
2184,LSH,,SAIC MAXUS (RC),"SAIC MAXUS Automotive Co., Ltd.",Shanghai/China
2184,LSK,,SAIC MAXUS (RC),"SAIC MAXUS Automotive Co., Ltd.",Shanghai/China
2186,WE2,,Eiler,Eiler GmbH,Maulbronn
2187,W09,W91,"Weber,Bodman",Weber GmbH & Co. KG,Bodman-Ludwigshafen
2189,L6T,,ZHEJIANG GEELY (RC),"ZHEJIANG GEELY AUTOMOBILE CO.,LTD",Ningbo/CHINA
2190,XK9,A61,RCH-AUTOMOTIVE (GR),RCH-AUTOMOTIVE P.C.,Katerini/Griechenland
2191,WEN,,e.GO MOOVE,e. GO MOOVE GmbH,Aachen
2192,NRK,,Eroglu (TR),Eroglu Treyler Römork Iml. Ins. Ith. Ihr. San. Ve Tic. A.S.,Kazan-Ankara/Türkei
2194,W09,KD3,Kuhz Metallbau,Kuhz Metallbau GmbH,Bad Doberan
2195,SMZ,,CCM (UK),CCM MOTORCYCL. LTD. (KRAFTRAEDER),BLACKBURN/Vereinigtes Königreich
2197,SA9,121,ROLLS-ROYCE MC (UK),Rolls-Royce Motor Cars Ltd.,Farnborough/Vereinigtes Königreich
2197,SCA,121,ROLLS-ROYCE MC (UK),Rolls-Royce Motor Cars Ltd.,Farnborough/Vereinigtes Königreich
2197,SLA,121,ROLLS-ROYCE MC (UK),Rolls-Royce Motor Cars Ltd.,Farnborough/Vereinigtes Königreich
2198,W09,J41,idm,idm Sonderfahrzeug & Anlagenbau GmbH,Egeln
2199,W09,W45,HAWE Wester,HAWE Wester GmbH & Co. KG,Wippingen
2200,UN9,003,GUMBUSTER (IRL),GUMBUSTER INTERNATIONAL LIMITED (ANHAENGER),DUBLIN/IRLAND
2204,YA9,255,TwinTech (B),TwinTech BV,Deinze/Belgien
2205,WK8,,Köckerling,Köckerling GmbH & Co. KG,Verl
2206,W09,HD2,HBB,HBB Stahl- und Schweißtechnik GmbH,Vreden
2207,WK7,,Kirchhoff Ecotec,Kirchhoff Ecotec AG,Iserlohn
2209,W09,J39,Jasper,Josef Jasper GmbH & Co. KG,Hopsten
2211,W09,E60,Einhaus,Einhaus Fahrzeugbau GmbH,Geeste-Osterbrock
2212,W09,G81,"GLOGGER,Tirschenreuth","GLOGGER,Inh. Manfred Zandt",Tirschenreuth
2213,W09,SH9,SCM Fahrzeugbau,SCM Fahrzeugbau,Borken
2214,SPF,,SILOKING Mayer,SILOKING Mayer Maschinenbau GmbH,Tittmoning
2215,MEM,,International Trac. (IND),International Tractors Limited,Hoshiarpur/Indien
2216,WNA,,Next.e.GO,Next.e.GO Mobile SE,Aachen
2217,TX9,060,AJP MOTOS (P),AJP MOTOS S.A.,Lousada/Portugal
2218,SPE,,StreetScooter Engineering,StreetScooter Engineering GmbH,Aachen
2219,LPS,,Polestar (S),Polestar Performance AB,Göteborg/Schweden
2219,YSM,,Polestar (S),Polestar Performance AB,Göteborg/Schweden
2220,W09,A77,Alzinger Maschinenbau,Alzinger Maschinenbau GmbH,Schierling
2221,WH0,,HOLDER,Max Holder GmbH,Reutlingen
2222,W2Y,,Mercedes-Benz,Mercedes-Benz AG,Stuttgart
2222,W1Z,,Mercedes-Benz,Mercedes-Benz AG,Stuttgart
2222,W1K,,Mercedes-Benz,Mercedes-Benz AG,Stuttgart
2222,W1L,,Mercedes-Benz,Mercedes-Benz AG,Stuttgart
2222,W1M,,Mercedes-Benz,Mercedes-Benz AG,Stuttgart
2222,W1N,,Mercedes-Benz,Mercedes-Benz AG,Stuttgart
2222,W1P,,Mercedes-Benz,Mercedes-Benz AG,Stuttgart
2222,W1R,,Mercedes-Benz,Mercedes-Benz AG,Stuttgart
2222,W1V,,Mercedes-Benz,Mercedes-Benz AG,Stuttgart
2222,W1W,,Mercedes-Benz,Mercedes-Benz AG,Stuttgart
2222,W1X,,Mercedes-Benz,Mercedes-Benz AG,Stuttgart
2222,W1Y,,Mercedes-Benz,Mercedes-Benz AG,Stuttgart
2222,W1A,,Mercedes-Benz,Mercedes-Benz AG,Stuttgart
2222,W11,,Mercedes-Benz,Mercedes-Benz AG,Stuttgart
2222,W12,,Mercedes-Benz,Mercedes-Benz AG,Stuttgart
2222,W13,,Mercedes-Benz,Mercedes-Benz AG,Stuttgart
2222,W14,,Mercedes-Benz,Mercedes-Benz AG,Stuttgart
2222,W2Z,,Mercedes-Benz,Mercedes-Benz AG,Stuttgart
2222,W10,,Mercedes-Benz,Mercedes-Benz AG,Stuttgart
2222,W2X,,Mercedes-Benz,Mercedes-Benz AG,Stuttgart
2222,W2W,,Mercedes-Benz,Mercedes-Benz AG,Stuttgart
2223,WH0,,Kärcher Municipal,Kärcher Municipal GmbH,Reutlingen
2226,W09,020,OWR Odenwaldwerke,OWR Odenwaldwerke Rittersbach GmbH,Elztal
2227,W09,L59,HERM. LEFFERS,Herm. Leffers Land & Gartentechnik-Fahrzeugbau,Papenburg
2228,VSK,,NISSAN AUTOMOTIVE (F),NISSAN AUTOMOTIVE EUROPE S.A.S.,Montigny-le-Bretonneux/Frankreich
2228,SJN,,NISSAN AUTOMOTIVE (F),NISSAN AUTOMOTIVE EUROPE S.A.S.,Montigny-le-Bretonneux/Frankreich
2228,VNV,,NISSAN AUTOMOTIVE (F),NISSAN AUTOMOTIVE EUROPE S.A.S.,Montigny-le-Bretonneux/Frankreich
2228,JN1,,NISSAN AUTOMOTIVE (F),NISSAN AUTOMOTIVE EUROPE S.A.S.,Montigny-le-Bretonneux/Frankreich
2228,VWA,,NISSAN AUTOMOTIVE (F),NISSAN AUTOMOTIVE EUROPE S.A.S.,Montigny-le-Bretonneux/Frankreich
2229,LFG,,Zhejiang Chuangtai (RC),"Zhejiang Chuangtai Motorcycle Co., Ltd.","Taizhou City, Zhejiang Province/China"
2231,WRD,,RACING DYNAMICS,RACING DYNAMICS Deutschland e.K.,Aachen
2232,WFL,,Obermaier Fahrzeugbau,Josef Obermaier Fahrzeugbau-Landtechnik e.K.,Staßfurt
2233,KNA,,Kia (ROK),Kia Corporation,Seoul/Südkorea
2233,KNC,,Kia (ROK),Kia Corporation,Seoul/Südkorea
2234,U5Y,,Kia (SK),Kia Slovakia s.r.o.,Teplicka nad Vahom/Slovak Republic
2234,U6Y,,Kia (SK),Kia Slovakia s.r.o.,Teplicka nad Vahom/Slovak Republic
2236,H0M,,Segway (RC),"Segway Technology Co., Ltd.","Changzhou, Jiangsu/China"
2236,A0S,,Segway (RC),"Segway Technology Co., Ltd.","Changzhou, Jiangsu/China"
2237,W09,J28,iinovis,iinovis GmbH,Helmstadt-Bargen
2238,KMY,,DNA MOTORS (ROK),"DNA MOTORS Co., Ltd.","Changwon-si, Gyeongsangnam-do/Korea"
2239,TWG,,Caetanobus (P),Caetanobus - Fabricacao de Carrocarias S.A.,Vila Nova de Gaia/Portugal
2241,LV2,,Jiangsu LVNENG (RC),"Jiangsu LVNENG Electrical Bicycle Technology Co., Ltd.",Changzhou/China
2242,ZM7,,REDMOTO (I),REDMOTO S.r.l.,Desio/Italien
2246,W09,G80,GnB Tech,GnB Tech GmbH,Recklinghausen
2249,VN5,,LIDER (F),LIDER,Bonchamp-Les-Laval/Frankreich
2250,W09,A73,Aestec,Aestec Automobiltechnik UG (haftungsbeschränkt),Werl
2251,WEN,,MOOVE,MOOVE GmbH,Aachen
2252,WMK,,KRONE Agriculture,KRONE Agriculture SE,Spelle
2253,SD5,,UM MOTORCYCLES (UK),UM MOTORCYCLES LIMITED,London/Vereinigtes Königreich
2255,R5S,,ALRENDO (RC),ALRENDO MOTORCYCLES LIMITED,Hong Kong/China
2256,LME,,Nanjing Gold. Dragon (RC),"Nanjing Golden Dragon Bus Co., Ltd.","Nanjing City, Jiangsu Province/China"
2257,LJ1,,NIO (RC),"NIO CO., LTD.",Shanghai/China
2258,W09,L60,LeTech,LeTech GmbH & Co. KG,Welzheim
2259,VA9,ESF,Eschlböck (A),Eschlböck Maschinenfabrik GmbH,Prambachkirchen/Österreich
2260,SJF,,Purple line (UK),Purple line Ltd,Wherstead/Vereinigtes Königreich
2262,W09,F57,TWIKE,TWIKE GmbH,Rosenthal
2263,W09,SJ1,Sievering,Sievering Nutzfahrzeuge GmbH,Anröchte
2264,WSG,,Schmid (D),Schmid Verwaltungs- und Handels GmbH,Prittriching
2265,WB7,,Black Tea,Black Tea Motorbikes GmbH,München
2266,SPS,,"Schmid,Haag",Schmid Fahrzeugbau GmbH,Haag
2267,W09,KD4,Kuckoo,Kuckoo Camper GmbH & Co. KG,Löchgau
2268,W09,P57,3 P PedaloPower Parts,3 P PedaloPower Parts,Sassenberg
2269,UCX,,VERTIGO (E),"VERTIGO MOTORS, S.L.",Palau-solita i Plegamans/Spanien
2270,WB8,,Bagela-Baumaschinen,Bagela-Baumaschinen GmbH & Co. KG,Kaltenkirchen
2271,LX4,,Lanzhou Zhidou (RC),"Lanzhou Zhidou Electric Vehicle Co., Ltd.","Zhongchuan Town,Gansu Province/China"
2272,ZM6,,ECOBIT (I),ECOBIT INTERNATIONAL S.R.L.,Mailand/Italien
2273,7ML,,Eli (USA),"Eli Electric Vehicles, Inc.","Long Beach, California/USA"
2274,R26,,TAIHONG (RC),TAIHONG TECHNOLOGY LIMITED,Hong Kong/China
2275,SLF,,UK MODEN (UK),"UK MODEN TECH CO., LTD",London/Vereinigtes Königreich
2276,W09,R65,L CITY,L CITY Automotive GmbH,München
2278,W09,BB5,Boldmen,Boldmen Automobile GmbH,Welden
2279,W09,V22,GAVON,GAVON GTS GmbH,Kahl a. Main
2280,LGW,,Great Wall Motor (RC),Great Wall Motor Company Limited,"Boading City, Hebei Province/China"
2281,W09,A75,ACS,ACS Armoured Car Systems GmbH,Friedberg
2282,YW2,,Cake (S),Cake 0 Emission AB,Stockholm/Schweden
2283,W09,KC4,KFB Soltau,KFB Soltau GmbH,Soltau
2284,WPL,,PLEV,PLEV Technologies GmbH,Köln
2285,TZA,,Ebusco (NL),Ebusco B.V.,Deurne/Niederlande
2285,XL9,530,Ebusco (NL),Ebusco B.V.,Deurne/Niederlande
2286,V61,,RESPO (EST),RESPO HAAGISED AS,Tartumaa/Estland
2287,W09,W92,Wick Trailer,Wick Trailer GmbH,Delmenhorst
2288,7HS,,CENNTRO (USA),CENNTRO AUTOMOTIVE CORPORATION,"Freehold, New Jersey/USA"
2288,7H8,,CENNTRO (USA),CENNTRO AUTOMOTIVE CORPORATION,"Freehold, New Jersey/USA"
2288,7MW,,CENNTRO (USA),CENNTRO AUTOMOTIVE CORPORATION,"Freehold, New Jersey/USA"
2289,YAS,,Twin Arc (B),Twin Arc N.V.,Lanaken/Belgien
2290,R73,,TALARIA (RC),"TALARIA POWER TECH (HONGKONG) CO., LIMITED",Hong Kong/China
2291,ZR1,,MICROLINO (I),MICROLINO ITALIA s.r.l.,Turin/Italien
2292,XP5,,TOBROCO (NL),TOBROCO Machines B.V.,Oisterwijk/Niederlande
2293,WE3,,Esselmann Fahrzeugbau,Esselmann Fahrzeugbau GmbH & Co. KG,Hamm
2294,W09,A78,AgroTruck,AgroTruck GmbH & Co. KG,Sendenhorst
2295,SC6,,INEOS Automotive (UK),INEOS Automotive Limited,Lyndhurst/Vereinigtes Königreich
2296,WWR,,WeRoll,WeRoll Tech GmbH,Willich
2297,WCE,,Carit,Carit Automotive GmbH & Co. KG,Münster
2299,JKA,,Kawasaki Motors (J),"Kawasaki Motors, Ltd.",Akashi/Japan
2299,JKB,,Kawasaki Motors (J),"Kawasaki Motors, Ltd.",Akashi/Japan
2299,MH4,,Kawasaki Motors (J),"Kawasaki Motors, Ltd.",Akashi/Japan
2299,ML5,,Kawasaki Motors (J),"Kawasaki Motors, Ltd.",Akashi/Japan
2299,ML6,,Kawasaki Motors (J),"Kawasaki Motors, Ltd.",Akashi/Japan
2300,LAT,,Luoyang Northern MC (RC),"Luoyang Northern Ek Chor Motorcycle Co., Ltd.","Luoyang City, Henan/China"
2301,W09,SJ3,Schmies,Schmies GmbH,Velen
2302,SW3,,MOBI HOUSE (PL),MOBI HOUSE,Zblewo/Polen
2303,VA3,,KSR Group (A),KSR Group GmbH,Gedersdorf/Österreich
2304,UDN,,WIN LIFE (E),"WIN LIFE ELECTRIC VEHICLES, S.L.",Sant Joan Despi (Barcelona)/Spanien
2306,NR9,310,KAPIKULU (TR),KAPIKULU MAKINA VE SAVUNMA SANAYI A.S.,Osmangazi/Türkei
2307,W09,P55,Vanwall,Vanwall GmbH,Greding
2309,SZ9,GR2,GRANDRO (PL),"PPHU GRANDRO S.C. Grazyna Rogala, Andrzej Rogala",Radom/Polen
2310,W09,KAO,Kuxmann,Rainer Kuxmann Landmaschinen GmbH,Bielefeld
2311,L6J,,Zhejiang Kayo (RC),"Zhejiang Kayo Motor Co., Ltd.","Jinyun County, Zhejiang Province/China"
2312,NRE,,Bozankaya (TR),Bozankaya Oto. Mak. Iml. Ith.ve Ihr. A.S.,Ankara/Türkei
2313,LJ4,,WUXI SHENGBAO (RC),"WUXI SHENGBAO ELECTRIC BICYCLE MANUFACTURING CO.,LTD.","Wuxi City, Jiangsu/China"
2314,UKR,,HeroCamper (DK),HeroCamper ApS,Esbjerg/Dänemark
2315,WHS,,HY-X,HY-X Internat. Hydrogen and High Voltage Compet. Center GmbH,Kerpen
2315,W09,HCO,HY-X,HY-X Internat. Hydrogen and High Voltage Compet. Center GmbH,Kerpen
2316,W09,E59,EDAG,EDAG Engineering GmbH,Wiesbaden
2317,MB8,,SUZUKI (IND),SUZUKI MOTORCYCLE INDIA PRIVATE LIMITED,"Kherki Dhaula, Gurugram/Indien"
2318,W09,T15,TAB,TAB GmbH,Auw
2319,WFP,,FP Fahrzeugtechnik,FAISSNER PETERMEIER Fahrzeugtechnik AG,Garching
2320,HES,,smart (RC),"smart Automobile Co., Ltd.","Ningbo, Zhejiang Province/China"
2321,7FC,,Rivian (USA),"Rivian Automotive, LLC",Irvine/USA
2322,W09,022,Ortwein,Ortwein Fahrzeuge GmbH,Eislingen
2323,WNF,,Quickfoot,Quickfoot GmbH,Hamburg
2324,W09,L62,Ludmann,Ludmann Trailer GmbH,Essen
2325,VCF,,FISKER GROUP (USA),FISKER GROUP INC.,"Manhattan Beach, California/USA"
2327,SPE,,B-ON,B-ON GmbH,Aachen
2328,WWD,,WEBER Autotechnik,WEBER Autotechnik e.K.,Aachen
2330,R43,,JXYDDC (RC),"JXYDDC AUTO CO., LIMITED",Hong Kong/China
2331,W09,E52,Eidam,Eidam Landtechnik GmbH,Lößnitz
2332,SJR,,RA Engineering (UK),"RA Engineering Co., Ltd",Chorley/Vereinigtes Königreich
2333,W09,R62,Rancke Fahrzeugbau,Rancke Fahrzeugbau GmbH,Stade
2334,ZX9,BJL,BIJOL (SLO),BIJOL d.o.o.,Vuzenica/Slowenien
2336,LX8,,Chongqing XGJAO (RC),"Chongqing XGJAO motorcycle Co., Ltd.",Chongqing City/China
2337,ZEN,,VENT (I),VENT S.r.l.,Introbio (LC)/Italien
2338,50E,,Lucid (USA),"Lucid USA, Inc.","Newark, California/USA"
2340,W09,G71,GROSS,GROSS und Co. Anhänger GmbH,Hanhofen
2341,HOP,,ZHEJIANG CHIHUI (RC),"ZHEJIANG CHIHUI VEHICLE INDUSTRY CO., LTD.","Jinhua City, Zhejiang Province/China"
2342,W09,BA3,GB Machines,GB Machines GmbH & Co.KG,Schloß Holte
2344,XN5,,Smart Commute (NL),Smart Commute B.V. (Marke Brekr),Doetinchem/Niederlande
2345,VY7,,ETESIA (F),ETESIA SAS,Wissembourg/Frankreich
2346,UDP,,GASGAS (E),GASGAS MOTORCYCLES ESPANA S.L.,Terrassa (Barcelona)/Spanien
2347,W09,HD3,Hoffschröer,Hoffschröer Sägespalter GmbH,Geeste
2349,TBD,,VRBIKES (CH),VRBIKES (PRODUCTION) GMBH,Zug/Schweiz
2350,LJS,,Yangzhou Yaxing (RC),"Yangzhou Yaxing Motor Coach Co., Ltd.","Yangzhou City, Jiangsu Province/China"
2351,LDU,,Chongqing Huanghe (RC),"Chongqing Huanghe Motorcycle Co., Ltd.","Taojia Town, Chongqing/China"
2352,WE5,,Evetta,Evetta GmbH,Eppertshausen
2353,W09,MA8,MHF traX,MHF traX GmbH,Buchholz
2355,W09,SJ2,"Sackmann, Mario",Mario Sackmann Maschinen- und Fahrzeugbau,Kehl
2357,TAD,,BMC (CH),BMC Switzerland,Grenchen/Schweiz
2359,MZD,,Classic Legends (IND),Classic Legends Pvt Ltd,Pune/Indien
2360,LFC,,SANY (RC),"SANY Automobile Manufacturing Co., Ltd.",Changsha City/China
2361,WE4,,ElektroMobile Deutschland,Elektro Mobile Deutschland GmbH,Offenburg
2362,SPG,,SEVIC,SEVIC Systems SE,Bochum
2363,LAW,,Qianjiang (RC),Qianjiang Group Corporation,Wenling/China
2364,R4V,,Sharkgulf (RC),Sharkgulf Technologies Group Limited,Hong Kong/China
2365,W09,J42,JOMA-Tech,JOMA-Tech GmbH,Willebadessen
2366,W09,T64,TOMOBIL,TOMOBIL GmbH,Baienfurt
2367,YSP,,Volta Trucks (S),Volta Trucks AB,Stockholm/Schweden
2368,YAP,,MOOOF (B),MOOOF NV,Wielsbeke/Belgien
2369,NM7,,YANMAR (TR),YANMAR TURKEY MAKINE A.S.,Izmir/Türkei
2370,LTU,,Nine Tech (RC),"Nine Tech Co., Ltd.","Changzhou, Jiangsu Province/China"
2371,LAE,,Jinan Dalong (RC),"Jinan Dalong Vehicle Industry Co., Ltd.",Jinan/China
2372,TJ5,,VEZEKO (CZ),VEZEKO s.r.o.,Velke Mezirici/Tschechische Republik
2373,TAF,,AureusDrive (B),AureusDrive BV,Antwerpen/Belgien
2374,MD6,,TVS (IND),TVS MOTOR COMPANY LIMITED,Hosur/Indien
2375,LJU,,WUHAN LOTUS (RC),"WUHAN LOTUS CARS CO., LTD.",Wuhan/China
2377,LDP,,Dongfeng Motor (RC),Dongfeng Motor Corporation,"Wuhan City, Hubei Province/China"
2378,VA9,KT1,Komptech (A),Komptech GmbH,Frohnleiten/Österreich
2379,7TM,,LiveWire (USA),"LiveWire EV, LLC.","Milwaukee, Wisconsin/USA"
2382,TSP,,LINAMAR (H),LINAMAR HUNGARY ZRT. OROS DIVISION,Oroshaza/Ungarn
2383,M6S,,Escorts Kubota (IND),Escorts Kubota Limited,Faridabad/Indien
2384,WCH,,Cenntro,Cenntro Automotive Europe GmbH,Herne
2385,HOJ,,SHANDONG ODES (RC),"SHANDONG ODES INDUSTRY CO., LTD.","Zibo, Shangdong/China"
2386,WAY,,Aiways,Aiways Automobile Europe GmbH,München
2387,MEA,,TAFE (IND),TAFE-Tractors and Farm Equipment Ltd.,Chennai/Indien
2388,LF0,,Jiangxi DORCEN (RC),"Jiangxi DORCEN Automobile Co., Ltd.","Fuzhou City, Jiangxi Province/China"
2390,W09,SJ5,Streumaster,Streumaster Maschinenbau GmbH,Egglkofen
2391,RLL,,VinFast (VN),VinFast Trading and Production JSC,Hai Phong/Vietnam
2392,LAN,,Changzhou Yamasaki (RC),"Changzhou Yamasaki Motorcycle Co., Ltd.","Changzhou City, Jiangsu Province/China"
2393,SX7,,Arthur Bus (PL),Arthur Bus Sp. z o.o.,Wroclaw/Polen
2394,W09,N29,Ni-Ko,Ni-Ko GmbH,Engstingen
2395,LXR,,Jiangsu Xinri (RC),"Jiangsu Xinri E-Vehicle Co., Ltd.",Wuxi City/China
2396,TB9,537,Wüst (CH),Wüst Maschinen- und Fahrzeugbau AG,Eggiwil/Schweiz
2397,YD8,,Ets JOSKIN (B),Ets JOSKIN SA,Soumagne/Belgien
2398,SLJ,,LUQI (UK),"LUQI INTELLGENT TECHNOLOGY Co., Ltd.",Great Missenden/Vereinigtes Königreich
2399,R3M,,MANGOSTEEN (RC),"MANGOSTEEN TECHNOLOGY CO., LTD.",HONG KONG/CHINA
2401,VF9,971,Novag (F),Novag SAS,Fressines/Frankreich
2404,W09,A76,ACT,ACT Well Services GmbH,Diesdorf
2405,SE4,,Maeving (UK),Maeving Limited,Coventry/Vereinigtes Königreich
2406,LYZ,,Jinlang (RC),Jinlang Science And Technology Co. Ltd.,Taizhou City/China
2407,WKJ,,Kia,Kia Deutschland GmbH,Frankfurt am Main
2408,LM6,,Brilliance Shineray (RC),"Brilliance Shineray Chongqing Automobile Co., Ltd.",Chongqing/China
2409,KPT,,KG Mobility (ROK),KG Mobility Corp.,"Pyeongtaek-si, Gyeonggi-do/ Südkorea"
2409,KPA,,KG Mobility (ROK),KG Mobility Corp.,"Pyeongtaek-si, Gyeonggi-do/ Südkorea"
2411,HZ2,,Taizhou ZhiLong (RC),"Taizhou ZhiLong Technology Co., Ltd.","Taizhou City, Zhejiang/China"
2412,SYM,,Unitrailer (PL),Unitrailer Sp. z o.o.,Swidnik/Polen
2414,TK9,AH3,ATMOS (CZ),ATMOS Chrast s.r.o.,Chrast/Tschechische Republik
2415,ME1,,INDIA YAMAHA (IND),INDIA YAMAHA MOTOR PVT. LTD.,Sriperumpudur/Indien
2416,W09,G82,Global,Global Fahrzeugtechnik GmbH,Döbeln
2418,VG5,,YAMAHA (F),YAMAHA MOTOR MANUFACTURING EUROPE SAS,Rouvroy/Frankreich
2419,W09,R66,Rolfhartge,Rolfhartge GmbH,Überherrn
2424,ZLA,,STELLANTIS (I),STELLANTIS EUROPE S.P.A.,Turin/Italien
2424,ZAC,,STELLANTIS (I),STELLANTIS EUROPE S.P.A.,Turin/Italien
2424,ZFA,,STELLANTIS (I),STELLANTIS EUROPE S.P.A.,Turin/Italien
2525,VR1,,Stellantis (F),Stellantis Auto SAS,Poissy/Frankreich
2525,VR3,,Stellantis (F),Stellantis Auto SAS,Poissy/Frankreich
2525,VR7,,Stellantis (F),Stellantis Auto SAS,Poissy/Frankreich
2525,VXK,,Stellantis (F),Stellantis Auto SAS,Poissy/Frankreich
2525,VX4,,Stellantis (F),Stellantis Auto SAS,Poissy/Frankreich
2525,VX5,,Stellantis (F),Stellantis Auto SAS,Poissy/Frankreich
2525,VYF,,Stellantis (F),Stellantis Auto SAS,Poissy/Frankreich
3000,VF9,795,BUGATTI (F),AUTOMOBILES E.BUGATTI,MOLSHEIM (BAS-RHIN)/FRANKREICH
3001,VF7,,CITROEN (F),Automobiles CITROEN,POISSY/Frankreich
3003,VF3,,PEUGEOT (F),Automobiles PEUGEOT,POISSY/Frankreich
3003,VXE,,PEUGEOT (F),Automobiles PEUGEOT,POISSY/Frankreich
3003,VXF,,PEUGEOT (F),Automobiles PEUGEOT,POISSY/Frankreich
3004,VF1,,RENAULT (F),RENAULT (PERSONENKRAFTWAGEN),BOULOGNE BILLANCOURT/FRANKREICH
3006,VGA,,PEUGEOT CYCLES (F),CYCLES PEUGEOT SA (MOTORCYCLE),BEAULIEU-VALENTIGNEY (DOUBS)/FRANKR.
3012,VFX,,ERKA (F),ERKA SA LA FERTE SOUS (CARAVANES),JOUARRE/FRANKREICH
3014,VG1,,BENDIX (F),STE BENDIX SAINT MICHEL SNC (CARAVANES),PARIS U.SAINT MICHEL/FRANKREICH
3015,VF9,069,BOUYER (F),ETS.BOUYER SA (ECHELLES REMORQUABLES),TOMBLAINE (M.M.)/FRANKREICH
3016,VH7,,SULLAIR EUROPE (F),SULLAIR EUROPE SA (TRAILER),SAINT PRIEST/FRANKREICH
3026,VMK,,RENAULT SPORT (F),RENAULT SPORT (PASSENGER CAR),VIRY CHATILLON/FRANKREICH
3029,LPR,,MBK (F),MBK INDUSTRIE (MOTORCYCLE),ST.QUENTIN/FRANKREICH
3029,VG5,,MBK (F),MBK INDUSTRIE (MOTORCYCLE),ST.QUENTIN-ROUVROY/FRANKREICH
3030,VF9,619,HEYWANG (F),HEYWANG-INDUSTRIES SA (TRAILER),BOURGHEIM/FRANKREICH
3033,VFA,,ALPINE (F),SOCIETE DES AUTOMOBILES ALPINE-RENAULT(VOITUR.PART.),DIEPPE/FRANKREICH
3035,VF9,041,SPITZER EUROVRAC (F),SPITZER EUROVRAC S.A.R.L. STRASBOURG (SEMI-TRAILER),FEGERSHEIM CEDEX/FRANKREICH
3037,VFK,,FRUEHAUF (F),FRUEHAUF SAS,Auxerre/Frankreich
3039,VGM,,JAMET (F),ANDRE JAMET (CARAVANS),GRENOBLE/FRANKREICH
3040,VKK,,AGCO (F),AGCO S.A.S. (TRACTOR),BEAUVAIS/FRANKREICH
3041,VN1,,SOVAB (F),SOVAB (PASSENGER CAR),BATILLY/FRANKREICH
3042,VJW,,ERDE (F),ERDE S.A.(TRAILER),SAULON LA CHAPELLE/FRANKREICH
3047,VN2,,GOURDON (F),GOURDON FRERES S.A. (TRAILER),AIRE SUR ADOUR/FRANKREICH
3053,VG5,,MOTOBECANE (F),MBK INDUSTRIE SOCIETE NOUVELLE MOTOBECANE (M-CYCLE),SAINT-QUENTIN/FRANKREICH
3059,VFH,,DIGUE (F),DIGUE SA (CARAVANES),PARIS/FRANKREICH
3063,VG4,,SPL (F),SOCIETE PROMOTIONELLE DES LOISIRS (CARAVANS),PALAISEAU/FRANKREICH
3067,VH1,,BENALU (F),BENALU (REMORQUES),HENIN BEAUMONT/FRANKREICH
3068,VGN,,HYMER (F),HYMER FRANCE SA (CARAVANS),CERNAY/FRANKREICH
3070,VGW,,BIGNIER SCH/L-BSL(F),BSL-BIGNIER SCHMIDT-LAURENT (REMORQUES),IVRY/FRANKREICH
3073,VGY,,LOHR (F),LOHR INDUSTRIE,HANGENBIETEN/FRANKREICH
3077,VFN,,TRAILOR (F),TRAILOR SA SIEGE SOCIAL (REMORQUES),COIGNIERES-MAREPAS/FRANKREICH
3081,VGX,,CODER (F),CODER SA ANHAENGERFABRIK,MARSEILLE/FRANKREICH
3083,VFT,,LENOIR ET MERNIER(F),LENOIR ET MERNIER SA (CARAVANES),BOGNY/FRANKREICH
3085,VHR,,"KAISER,FERNAND (F)",FERNAND KAISER ATELIERS DE CONSTRUC.MECH. (REMORQUES),LONGUYON/FRANKREICH
3087,VGL,,TRIGANO (F),TRIGANO INDUSTRIE (CARAVANES),TOURNON/FRANKREICH
3087,VG2,,TRIGANO (F),TRIGANO INDUSTRIE (CARAVANES),TOURNON/FRANKREICH
3090,VF4,,TALBOT AUTOMOB.(F),TALBOT ET COMPAGNIE (VOITURES PARTICULIERES),PARIS/FRANKREICH
3095,VFM,,ESTEREL (F),ESTEREL CARAVANES (CARAVANES),LE HOULME/FRANKREICH
3096,VF9,072,SOTTIAUX (F),CAROSSERIE INDUSTRIELLE SOTTIAUX (REMORQUES),VILLERS-LA-MONTAGUE/FRANKREICH
3099,VG3,,TEILHOL (F),TEILHOL SA (CARAVANES),COURPIERE/FRANKREICH
3102,VG6,,RENAULT-RVI (F),RENAULT VEHICULES INDUSTRIELS (RESERVE),LYON/FRANKREICH
3102,VF2,,RENAULT-RVI (F),RENAULT VEHICULES INDUSTRIELS (VEHICULES UTILITAIRES),SAINT PRIEST CEDEX/FRANKREICH
3102,VF6,,RENAULT-RVI (F),RENAULT VEHICULES INDUSTRIELS (VEHICULES UTILITAIRES),LYON/FRANKREICH
3102,VG8,,RENAULT-RVI (F),RENAULT VEHICULES INDUSTRIELS (RESERVE),LYON/FRANKREICH
3102,VG7,,RENAULT-RVI (F),RENAULT VEHICULES INDUSTRIELS (RESERVE),LYON/FRANKREICH
3103,VFW,,RAPIDO-CARAVANES (F),RAPIDO-CARAVANES (CARAVANES),MAYENNE/FRANKREICH
3104,VH7,,MACO-MEUDON (F),MACO-MEUDON SA (REMORQUES),SAINT-PRIEST/FRANKREICH
3105,VH6,,FORGES ATEL.NAVE (F),FORGES ET ATELIERS DE LA NAVE (REMORQUES ROUTIERES),BETHUNE/FRANKREICH
3107,VG2,,STERCKEMAN (F),CARAVANES STERCKEMAN SA (CARAVANES),SECLIN/FRANKREICH
3110,VF5,,UNIC (F),UNIC SA (VEHICULES UTILITAIRES),TRAPPES/FRANKREICH
3111,VF9,046,POTAIN POCLAIN (F),POTAIN POCLAIN MATERIEL,MONTCEAU-LES-MINES/FRANKREICH
3111,VHX,,POTAIN POCLAIN (F),POTAIN POCLAIN MATERIEL,MONTCEAU-LES-MINES/FRANKREICH
3113,VFG,,SIR (F),SOCIETE INDUSTRIELLE DE ROCHEBONNE (SIR) (CARAVAN),TOURNON/FRANKREICH
3113,VG2,,SIR (F),SOCIETE INDUSTRIELLE DE ROCHEBONNE (SIR) (CARAVAN),TOURNON/FRANKREICH
3116,VG2,,COMP.INTERNAT.(F),COMPAGNIE INTERNATIONALE DES VEHIC.DE LOISIR (CARAVAN,SECLIN/FRANKREICH
3118,VGA,,PEUGEOT MOTOCYCL.(F),PEUGEOT MOTOCYCLES SA,BEAULIEU-MANDEURE/FRANKREICH
3118,VGA,,PEUGEOT MOTOCYCL.(F),Peugeot Motocycles,Valentigney Cedex/Frankreich
3119,VF9,720,SIDE BIKE (F),SIDE BIKE (MOTORCYCLE),IZEAUX/FRANKREICH
3119,VRL,,SN SIDE-BIKE (F),SN SIDE-BIKE,Colombe/Frankreich
3120,VF9,284,LUTZ (F),ETS MARCEL LUTZ SA,INGWILLER/FRANKREICH
3121,VF9,253,MAM-STRAGER (F),"MAM-STRAGER (COMMERCIAL VEHICLE, TRAILER)",TRAPPES/FRANKREICH
3122,VF9,083,NOVAL (F),NOVAL PORTAFLOT SA (TRAILER),REUILLY/FRANKREICH
3124,VF9,365,LAMBERET (F),LAMBERET VEHICULES FRIGORIFIQUES SA (TRAILER),SAINT-CYR-SUR-MENTHON/FRANKREICH
3124,VM3,,LAMBERET (F),LAMBERET VEHICULES FRIGORIFIQUES SA (TRAILER),SAINT-CYR-SUR-MENTHON/FRANKREICH
3128,VF8,,MATRA (F),MATRA AUTOMOBILE SA (PASSENGER CAR),PARIS/FRANKREICH
3130,VF9,094,MECANO-GALVA (F),MECANO-GALVA SA (TRAILER),VRIGNE-AUX-BOIS/FRANKREICH
3132,VLU,,SCANIA PRODUCTION(F),SCANIA PRODUCTION SA (TRUCK),ANGERS/FRANKREICH
3133,VLA,,LEBOULCH (F),SOCIETE NOUVELLE LEBOULCH (ANHAENGER),LA VIEILLE LYRE/FRANKREICH
3134,VFK,,GENERAL TRAILERS (F),GENERAL TRAILERS (REMORQUES),AUXERRE/FRANKREICH
3134,VFN,,GENERAL TRAILERS (F),GENERAL TRAILERS (REMORQUES),LUNEVILLE/FRANKREICH
3134,VH1,,GENERAL TRAILERS (F),GENERAL TRAILERS (REMORQUES),HENIN/LIEVIN/FRANKREICH
3134,VNG,,GENERAL TRAILERS (F),GENERAL TRAILERS (REMORQUES),NORT SUR ERDRE/FRANKREICH
3135,VNE,,IRISBUS (F),IRISBUS FRANCE,VENISSIEUX/FRANKREICH
3137,VN4,,VOXAN (F),VOXAN (MOTORCYCLE),ISSOIRE/FRANKREICH
3138,VJR,,LIGIER (F),LIGIER GROUP,ABREST/FRANKREICH
3139,VMX,,HRD INDUSTRIE (F),HRD INDUSTRIE (KRAFTRAEDER),SAINT JUERY/FRANKREICH
3141,VF9,741,STARTRIKE (F),STARTRIKE S.A. (3-RAEDRIGES KLEINKRAFTRAD),LE MANS/FRANKREICH
3142,VG2,,TRIGANO VDL (F),TRIGANO AVENUE DE ROCHEBONNE ( TRAILER ),TOURNON CEDEX/FRANKREICH
3142,VFE,,TRIGANO VDL (F),TRIGANO AVENUE DE ROCHEBONNE,TOURNON CEDEX/FRANKREICH
3142,VFG,,TRIGANO VDL (F),TRIGANO AVENUE DE ROCHEBONNE (TRAILER),TOURNON CEDEX/FRANKREICH
3144,VNV,,NISSAN EUROPE (F),NISSAN EUROPE S.A.S. (PASSENGER CAR),TRAPPES/FRANKREICH
3144,VSK,,NISSAN EUROPE (F),NISSAN EUROPE S.A.S. (PASSENGER CAR),TRAPPES/FRANKREICH
3144,SJN,,NISSAN EUROPE (F),NISSAN EUROPE S.A.S. (PASSENGER CAR),TRAPPES/FRANKREICH
3144,JN8,,NISSAN EUROPE (F),NISSAN EUROPE S.A.S. (PASSENGER CAR),TRAPPES/FRANKREICH
3144,JN1,,NISSAN EUROPE (F),NISSAN EUROPE S.A.S. (PASSENGER CAR),TRAPPES/FRANKREICH
3144,3N1,,NISSAN EUROPE (F),NISSAN EUROPE S.A.S. (PASSENGER CAR),TRAPPES/FRANKREICH
3146,VN4,,SCCM (F),SOC. D. CO. E. D. CO. D. MOTORCYCLES (KRAFTRAEDER),ISSOIRE/FRANKREICH
3148,VPY,,USINES CLAAS (F),USINES CLAAS FRANCE S.A.S. (ARBEITSMASCHINE),WOIPPY/FRANKREICH
3149,VG6,,RENAULT TRUCKS (F),RENAULT TRUCKS S.A. (VEHICLES UTILITAIRES),Lyon (Saint Priest)/Frankreich
3149,VG8,,RENAULT TRUCKS (F),RENAULT TRUCKS S.A. (VEHICLES UTILITAIRES),Lyon (Saint Priest)/Frankreich
3149,VG7,,RENAULT TRUCKS (F),RENAULT TRUCKS S.A. (VEHICLES UTILITAIRES),Lyon (Saint Priest)/Frankreich
3149,VF6,,RENAULT TRUCKS (F),RENAULT TRUCKS S.A. (VEHICLES UTILITAIRES),Lyon (Saint Priest)/Frankreich
3149,VF2,,RENAULT TRUCKS (F),RENAULT TRUCKS S.A. (VEHICLES UTILITAIRES),Lyon (Saint Priest)/Frankreich
3191,VF5,,IVECO UNIC (F),IVECO UNIC SA (TRUCK),TRAPPES-ELANCOURT/FRANKREICH
3333,VF1,,RENAULT (F),RENAULT S.A.S,Boulogne-BillancourtT/Frankreich
4000,ZAR,,ALFA ROMEO (I),ALFA ROMEO AUTO SPA (PASSENGER CAR),NEAPEL/ITALIEN
4000,ZAW,,ALFA ROMEO (I),ALFA ROMEO AUTO SPA (RESERVE),NEAPEL/ITALIEN
4000,ZAV,,ALFA ROMEO (I),ALFA ROMEO VEICOLI COMMERCIALIE SPA (RESERVE),NEAPEL/ITALIEN
4000,ZAU,,ALFA ROMEO (I),ALFA ROMEO AUTO SPA (PASSENGER CAR),NEAPEL/ITALIEN
4000,ZAT,,ALFA ROMEO (I),ALFA ROMEO AUTO SPA (PASSENGER CAR),NEAPEL/ITALIEN
4000,ZAS,,ALFA ROMEO (I),ALFA ROMEO AUTO SPA (PASSENGER CAR),NEAPEL/ITALIEN
4001,ZFA,,FIAT (I),FIAT Group Automobiles S.p.A. (FIAT),TURIN/ITALIEN
4001,ZFB,,FIAT (I),FIAT Group Automobiles S.p.A. (FIAT),TURIN/ITALIEN
4001,ZAB,,FIAT (I),FIAT Group Automobiles S.p.A. (AUTOBIANCHI),TURIN/ITALIEN
4001,ZAC,,FIAT (I),FIAT Group Automobiles S.p.A. (AUTOBIANCHI),TURIN/ITALIEN
4001,ZAD,,FIAT (I),FIAT Group Automobiles S.p.A. (AUTOBIANCHI),TURIN/ITALIEN
4001,ZAR,,FIAT (I),FIAT Group Automobiles S.p.A. (AUTOBIANCHI),TURIN/ITALIEN
4001,ZFD,,FIAT (I),FIAT Group Automobiles S.p.A. (FIAT),TURIN/ITALIEN
4001,ZAA,,FIAT (I),FIAT Group Automobiles S.p.A. (AUTOBIANCHI),TURIN/ITALIEN
4001,ZFC,,FIAT (I),FIAT Group Automobiles S.p.A. (FIAT),TURIN/ITALIEN
4001,ZLA,,FIAT (I),FIAT Group Automobiles S.p.A. (LANCIA),TURIN/ITALIEN
4001,ZLX,,FIAT (I),FIAT Group Automobiles S.p.A. (LANCIA),TURIN/ITALIEN
4001,ZLD,,FIAT (I),FIAT Group Automobiles S.p.A. (LANCIA),TURIN/ITALIEN
4001,ZLC,,FIAT (I),FIAT Group Automobiles S.p.A. (LANCIA),TURIN/ITALIEN
4001,ZLB,,FIAT (I),FIAT Group Automobiles S.p.A. (LANCIA),TURIN/ITALIEN
4003,ZGU,,MOTO-GUZZI (I),GBM SPA MOTO GUZZI (MOTORCYCLE),MANDELLO DEL LARIO/ITALIEN
4005,ZAA,,AUTOBIANCHI (I),AUTOBIANCHI AZIENDA DELLA FIAT SPA,MAILAND/ITALIEN
4008,ZGG,,AGRATI-GARELLI (I),AGRATI GARELLI SPA (MOTORCYCLE),MONTICELLO BRIANZA (COMO)/ITALIEN
4008,ZAG,,AGRATI-GARELLI (I),AGRATI GARELLI SPA (MOTORCYCLE),MONTICELLO BRIANZA (COMO)/ITALIEN
4012,ZA9,100,MONDIAL (I),FB MONDIAL F.LLI.BOSELLI,MAILAND/ITALIEN
4013,ZD4,,PIAGGIO (I),PIAGGIO & C. S.P.A. (MOTORCYCLE),PONTEDERA/ITALIEN
4013,ZDP,,PIAGGIO (I),PIAGGIO VEICOLI EUROPEI SPA,GENUA/ITALIEN
4013,ZBP,,PIAGGIO (I),PIAGGIO VEICOLI EUROPEI SPA,GENUA/ITALIEN
4013,ZAP,,PIAGGIO (I),PIAGGIO & C. S.P.A. (MOTORCYCLE),PONTEDERA/ITALIEN
4013,ZGU,,PIAGGIO (I),PIAGGIO & C. S.P.A. (MOTORCYCLE),PONTEDERA/ITALIEN
4014,ZAM,,MASERATI (I),MASERATI SPA AUTOMOBILFABRIK,MODENA/ITALIEN
4014,ZC2,,MASERATI (I),MASERATI SPA AUTOMOBILFABRIK,MODENA/ITALIEN
4014,ZN6,,MASERATI (I),MASERATI SPA AUTOMOBILFABRIK,MODENA/ITALIEN
4019,ZDF,,FERRARI (I),FERRARI SPA (PASSENGER CAR),MODENA/ITALIEN
4019,ZFF,,FERRARI (I),FERRARI SPA (PASSENGER CAR),MODENA/ITALIEN
4022,ZLA,,FIAT LANCIA (I),FIAT AUTO SPA LANCIA (PASSENGER CAR),TURIN/ITALIEN
4026,ZA9,A12,LAMBORGHINI (I),LAMBORGHINI SPA AUTOMOBILI FERRUCCIO (PASSENGER CAR),S.AGATA BOLOGNESE/ITALIEN
4026,ZHW,,LAMBORGHINI (I),LAMBORGHINI SPA AUTOMOBILI FERRUCCIO (PASSENGER CAR),S.AGATA BOLOGNESE/ITALIEN
4026,ZPB,,LAMBORGHINI (I),Automobili Lamborghini SpA,S.Agata Bolognese/Italien
4029,ZDT,,TOMASO (I),DE TOMASO MODENA SPA AUTOMOBILI,MODENA/ITALIEN
4038,ZBN,,BENELLI (I),Benelli Q.J. S.r.l Strada della fornace vecchia s.n.,PESARO/ITALIEN
4040,ZC0,,ORLANDI (I),RIMORCHI V.ORLANDI SPA,BRESCIA/ITALIEN
4041,ZKD,,SAME (I),SAME DEUTZ-FAHR ITALIA S.p.A. (TRACTOR),TREVIGLIO/ITALIEN
4042,ZDM,,DUCATI (I),DUCATI MOTOR HOLDING S.P.A. (MOTORCYCLE),BOLOGNA/ITALIEN
4043,ZLM,,MOTO MORINI (I),Moto Morini S.r.l.,Trivolzio/Italien
4049,ZCR,,ROLLER (I),ROLLER CARAVAN E AUTOCARAVAN S.R.L. (CARAVAN),CALENZANO-FIRENZE/ITALIEN
4051,ZFM,,FANTIC MOTOR (I),FANTIC MOTOR S.p.A,Dosson di Casier/ITALIEN
4060,ZCG,,MV AGUSTA (I),MV AGUSTA MOTOR S.P.A. (MOTORCYCLES),VARESE/ITALIEN
4061,ZB3,,CARDI (I),CARDI SPA,VERONA/ITALIEN
4063,ZEH,,ELNAGH (I),ELNAGH SPA (CARAVAN),ZIBIDO S.GIACOMO (MILANO)/ITALIEN
4067,ZAS,,ALFAROMEO ALFASUD (I),ALFA ROMEO ALFASUD (PASSENGER CAR),NEAPEL/ITALIEN
4068,ZD3,,BETAMOTOR (I),BETAMOTOR S.P.A. (MOTORCYCLE),RIGNANO SULL'ARNO (FI)/ITALIEN
4077,ZAY,,ZAGATO (I),ZAGATO CAR SRL,TERRAZZANO DI RHO (MILANO)/ITALIEN
4078,ZET,,RIZZATO (I),CESARE RIZZATO & C SPA,PADOVA/ITALIEN
4079,ZAH,,ROLFO (I),ROLFO SPA (TRAILER),BRA (CUNEO)/ITALIEN
4081,ZCF,,FIAT VEICOLI (I),FIAT VEICOLI INDUSTRIALI SPA (TRUCK),TURIN/ITALIEN
4083,ZJN,,NUOVA-INNOCENTI (I),NUOVA INNOCENTI SPA (PASSENGER CAR),MAILAND/ITALIEN
4087,ZJT,,ITALJET (I),ITALJET S.P.A.,Castel Guelfo DI Bologna (BO)/Italien
4088,ZCH,,DI BLASI (I),DI BLASI INDUSTRIALE S.R.L.(MOTORCYCLE),FRANCOFONTE (SR)/ITALIEN
4089,ZAX,,ZORZI (I),OFFICINE ZORZI SPA,TREVISO/ITALIEN
4090,ZCA,,COMETTO (I),COMETTO INDUSTRIALE SRL (TRAILER),BORGO S.DALMAZZO (CUNEO)/ITALIEN
4091,ZA9,A19,BIMOTA (I),BIMOTA SNC (RESERVED),RIMINI (FO)/ITALIEN
4091,ZES,,BIMOTA (I),BIMOTA SPA ROSCETTI CORPORATION (MOTORCYCLE),RIMINI/ITALIEN
4092,ZLR,,LANDER (I),LANDER SPA (MOTORCYCLE),VIGONZA/ITALIEN
4095,ZGO,,MOTO LAVERDA (I),MOTO LAVERDA SRL (MOTORCYCLE),NOALE/ITALIEN
4095,ZLV,,MOTO LAVERDA (I),MOTO LAVERDA SPA (MOTORCYCLE),BREGANZE/ITALIEN
4099,ZCG,,CAGIVA (I),CAGIVA MOTORCYCLES SPA,VARESE (SCHIRANNA)/ITALIEN
4104,ZJM,,MALAGUTI (I),MALAGUTI SPA (MOTORCYCLE),S.LAZZARO DI SAVENA (BOLOGNA)/ITALIEN
4106,ZBB,,BERTONE (I),CARROZZERIA BERTONE SPA (PASSENGER CAR),GRUGLIASCO(TURIN)/ITALIEN
4107,ZFR,,PININFARINA (I),INDUSTRIE PININFARINA SPA (PASSENGER CAR),TURIN/ITALIEN
4114,ZAS,,ALFA LANCIA (I),ALFA LANCIA SPA (PASSENGER CAR),ARESE/ITALIEN
4114,ZAA,,ALFA LANCIA (I),ALFA LANCIA SPA (PASSENGER CAR),ARESE/ITALIEN
4114,ZAR,,ALFA LANCIA (I),ALFA LANCIA SPA (PASSENGER CAR),ARESE/ITALIEN
4114,ZLA,,ALFA LANCIA (I),ALFA LANCIA SPA (PASSENGER CAR),ARESE/ITALIEN
4119,ZBA,,PIACENZA RIMORCHI(I),PIACENZA RIMORCHI SPA (TRAILER),CREMONA/ITALIEN
4122,ZDJ,,ACM (I),A.C.M.SPA (PASSENGER CAR),PIAZZANO DI ATESSA/ITALIEN
4123,ZD4,,APRILIA (I),APRILIA SPA (MOTORCYCLE),NOALE (VENEZIA)/ITALIEN
4124,ZEN,,HONDA (I),HONDA ITALIA INDUSTRIALE SPA (MOTORCYCLE),PIAZZANI DI ATESSA/ITALIEN
4124,ZDC,,HONDA (I),HONDA ITALIA INDUSTRIALE SPA (MOTORCYCLE),PIAZZANO DI ATESSA/ITALIEN
4125,ZFJ,,PEZZAIOLI (I),CARROZZERIA PEZZAIOLI SRL (TRAILER),MONTICHIARI/ITALIEN
4125,ZA9,E12,PEZZAIOLI (I),CARROZZERIA PEZZAIOLI SRL (TRAILER),MONTICHIARI(BRESCIA)/ITALIEN
4126,ZAE,,ROTAIR (I),ROTAIR SPA (TRAILER),CARAGLIO/ITALIEN
4126,ZA9,B89,ROTAIR (I),ROTAIR SPA (TRAILER),CARAGLIO/ITALIEN
4127,ZHU,,HUSQVARNA (I),HUSQVARNA MOTORCYCLES SPA,VARESE/ITALIEN
4127,ZKH,,HUSQVARNA (I),HUSQVARNA MOTORCYCLES S.R.L.,VARESE/ITALIEN
4131,ZA9,E13,TURBOSOL (I),TURBOSOL PRODUZIONE SPA (TRAILER),PERO DI BREDA DI PIAVE/ITALIEN
4133,ZD0,,BELGARDA (I),BELGARDA SPA (MOTORCYCLE),GERNO DI LESMO (MI)/ITALIEN
4134,ZEF,,NEW HOLLAND ITAL.(I),"NEW HOLLAND ITALIA SPA (TRACTOR, SPEC.PURP.VEHICLE)",MODENA/ITALIEN
4135,ZF1,,MERLO (I),MERLO SPA (SPECIAL PURPOSE VEHICLE),SAN DEFENDENTE DI CERVASCA/ITALIEN
4136,ZAA,,FIAT (I),FIAT Group Automobiles S.p.A. (AUTOBIANCHI),TURIN/ITALIEN
4136,ZAB,,FIAT (I),FIAT Group Automobiles S.p.A. (AUTOBIANCHI),TURIN/ITALIEN
4136,ZAC,,FIAT (I),FIAT Group Automobiles S.p.A. (AUTOBIANCHI),TURIN/ITALIEN
4136,ZAD,,FIAT (I),FIAT Group Automobiles S.p.A. (AUTOBIANCHI),TURIN/ITALIEN
4136,ZAR,,FIAT (I),FIAT Group Automobiles S.p.A. (AUTOBIANCHI),TURIN/ITALIEN
4136,ZFA,,FIAT (I),FIAT Group Automobiles S.p.A. (FIAT),TURIN/ITALIEN
4136,ZFB,,FIAT (I),FIAT Group Automobiles S.p.A. (FIAT),TURIN/ITALIEN
4136,ZFC,,FIAT (I),FIAT Group Automobiles S.p.A. (FIAT),TURIN/ITALIEN
4136,ZFD,,FIAT (I),FIAT Group Automobiles S.p.A. (FIAT),TURIN/ITALIEN
4136,ZLA,,FIAT (I),FIAT Group Automobiles S.p.A. (LANCIA),TURIN/ITALIEN
4136,ZLB,,FIAT (I),FIAT Group Automobiles S.p.A. (LANCIA),TURIN/ITALIEN
4136,ZLC,,FIAT (I),FIAT Group Automobiles S.p.A. (LANCIA),TURIN/ITALIEN
4136,ZLD,,FIAT (I),FIAT Group Automobiles S.p.A. (LANCIA),TURIN/ITALIEN
4137,ZEF,,FIAT HITACHI (I),FIAT HITACHI EXCAVATORS SPA(SPECIAL PURPOSE VEHICLE),TORINESE/TURIN/ITALIEN
4138,ZA9,E08,BERTUOLA (I),BERTUOLA TRAILER S.R.L.,PONZANO VENETO/ITALIEN
4139,ZED,,SIAM (I),SIAM SP.A. (MOTOR SCOOTER),GRICIGNANO DI AVERSA/ITALIEN
4140,ZMZ,,BCS (I),BCS S.P.A.,MILANO/ITALIEN
4141,ZEB,,ELLEBI (I),ELLEBI S.R.L. (TRAILER),S.VITTORIA DI GUALTIERI/ITALIEN
4142,ZA9,F07,VALLI (I),VALLI S.R.L. (TRAILER),NOVELLARA/ITALIEN
4144,ZA9,E89,SCHMIDT COMPACT (I),SCHMIDT COMPACT SYSTEM S.P.A. (SELBSTF.ARBEITSM.),FIUME VENETO/ITALIEN
4145,ZGA,,IRISBUS (I),IRISBUS ITALIA S.P.A.,TURIN/ITALIEN
4147,ZA9,G41,BARBIERI (I),BARBIERI GIOVANNI (MOTORCYCLE),VILLAVERLA-VICENZA/ITALIEN
4148,ZA9,G78,BENASSI (I),BENASSI S.P.A. (ZUGMASCHINEN),S.MATTEO DELLA DECIMA/ITALIEN
4149,ZG7,,SIDERMO (I),SIDERMO S.R.L.(KRAFTRAEDER),UDINE/ITALIEN
4150,ZF8,,VOR MOTORI (I),"E. BRIGATTI, 62-20050 RONCO BRIANTINO (KRAFTRAEDER)",MILANO/ITALIEN
4152,ZD2,,MIELE (I),MIELE LAVOR. MECCANICHE TRASP. (ANHAENGER),PIGNATARO/ITALIEN
4153,ZEF,,FIAT KOBELCO (I),FIAT KOBELCO CONSTR. MACH. (SPECIAL PURPOSE VEHICLE),TORINESE/TURINI/ITALIEN
4154,ZHM,,TEAM AZZALIN (I),TEAM AZZALIN S.R.L. (KRAFTRAEDER),ALBIZZATE/VARESE/ITALIEN
4158,ZFJ,,CARROZZERIA PEZ.(I),CARROZZERIA PEZZAIOLI SRL. (ANHAENGER),MONTICHIARI/ITALIEN
4159,ZA9,G54,VERTEMATI MOTO (I),VERTEMATI MOTO S.R.L. (KRAEDER),TRIUGGIO/ITALIEN
4161,ZHS,,EGIMOTORS (I),EGIMOTORS SRL (KRAFTRAEDER),LISSONE/ITALIEN
4162,ZA9,G34,L.M.P. (I),L.M.P. S.A.S. (KRAFTRAEDER),VERDERIO INFERIORE/ITALIEN
4163,ZD0,,YAMAHA (I),YAMAHA MOTOR ITALIA S.P.A. (KRAFTRAEDER),GERNO DI LESMO/ ITALIEN
4191,ZCF,,IVECO FIAT (I),IVECO FIAT SPA (TRUCK),TURIN/ITALIEN
4192,ZCF,,IVECO (I),Iveco S.p.A.,Turin/Italien
5003,JMZ,,MAZDA (B),MAZDA MOTOR LOGISTICS EUROPE N.V. (PASSENGER CAR),WILLEBROEK/BELGIN
5003,JM4,,Mazda (B),Mazda Motor Logistics Europe N.V.,Willebroek/Belgien
5003,YCM,,MAZDA (B),MAZDA MOTOR LOGISTICS EUROPE N.V. (PASSENGER CAR),WILLEBROEK/BELGIN
5005,YA1,,MOL (B),MOL NV (COMMERCIAL TRAILER),HOOGLEDE/BELGIEN
5005,YA2,,MOL (B),MOL NV (COMMERCIAL TRAILER),HOOGLEDE/BELGIEN
5006,YD2,,REU (B),NV CARAVAN DE REU (CARAVAN),KNESSELARE/BELGIEN
5009,YD5,,CONSTRUCTAM (B),CARAVANS CONSTRUCTAM NV,TEMSE/BELGIEN
5010,YB4,,GEUSENS-LAG (B),PVBA GEBRS.L.& A.GEUSENS SPRL (COMMERCIAL TRAILER),BREE/BELGIEN
5013,5TD,,TOYOTA EUROPE (B),TOYOTA MOTOR EUROPE NV/SA,Brüssel/Belgien
5013,JTM,,TOYOTA EUROPE (B),NV TOYOTA MOTOR EUROPE (PASSENGER CAR),BRUXELLES/BELGIEN
5013,JTJ,,TOYOTA EUROPE (B),NV TOYOTA MOTOR EUROPE (PASSENGER CAR),BRUXELLES/BELGIEN
5013,JTH,,TOYOTA EUROPE (B),NV TOYOTA MOTOR EUROPE (PASSENGER CAR),BRUXELLES/BELGIEN
5013,NMT,,TOYOTA EUROPE (B),NV TOYOTA MOTOR EUROPE (PASSENGER CAR),BRUXELLES/BELGIEN
5013,JTE,,TOYOTA EUROPE (B),NV TOYOTA MOTOR EUROPE (PASSENGER CAR),BRUXELLES/BELGIEN
5013,JTD,,TOYOTA EUROPE (B),NV TOYOTA MOTOR EUROPE (PASSENGER CAR),BRUXELLES/BELGIEN
5013,SB1,,TOYOTA EUROPE (B),NV TOYOTA MOTOR EUROPE (PASSENGER CAR),BRUXELLES/BELGIEN
5013,AHT,,TOYOTA EUROPE (B),NV TOYOTA MOTOR EUROPE (PASSENGER CAR),BRUXELLES/BELGIEN
5013,JTK,,TOYOTA EUROPE (B),NV TOYOTA MOTOR EUROPE (PASSENGER CAR),BRUXELLES/BELGIEN
5013,YBC,,TOYOTA EUROPE (B),NV TOYOTA MOTOR EUROPE (PASSENGER CAR),BRUXELLES/BELGIEN
5013,YAR,,TOYOTA EUROPE (B),NV TOYOTA MOTOR EUROPE (PASSENGER CAR),BRUXELLES/BELGIEN
5013,VNK,,TOYOTA EUROPE (B),NV TOYOTA MOTOR EUROPE (PASSENGER CAR),BRUXELLES/BELGIEN
5013,JF1,,TOYOTA EUROPE (B),NV TOYOTA MOTOR EUROPE (PASSENGER CAR),BRUXELLES/BELGIEN
5013,JTN,,TOYOTA EUROPE (B),NV TOYOTA MOTOR EUROPE (PASSENGER CAR),BRUXELLES/BELGIEN
5013,MR0,,TOYOTA EUROPE (B),NV TOYOTA MOTOR EUROPE (PASSENGER CAR),BRUXELLES/BELGIEN
5013,JT6,,TOYOTA EUROPE (B),NV TOYOTA MOTOR EUROPE (PASSENGER CAR),BRUXELLES/BELGIEN
5013,JT1,,TOYOTA EUROPE (B),NV TOYOTA MOTOR EUROPE (PASSENGER CAR),BRUXELLES/BELGIEN
5016,YB3,,VOLVO (B),VOLVO EUROPA NV (INCOMPLETE VEHICLE),GENT (OSTAKKER)/BELGIEN
5016,YB1,,VOLVO (B),VOLVO EUROPA NV (TRUCK),GENT (OSTAKKER)/BELGIEN
5016,YB2,,VOLVO (B),VOLVO EUROPA NV (BUS),GENT (OSTAKKER)/BELGIEN
5023,YA9,175,EKSELS.KONSTR-EKW(B),EKSELSE KONSTRUKTIE WERKE,EKSEL/BELGIEN
5024,YA9,114,BAETEN (B),BAETEN MOBIEL NV (PASSENGER CAR/TRUCK/COMM. TRAILER),MELLE/BELGIEN
5025,YA9,133,ARCOMET (B),ARCOMET NV (TRAILER),HASSELT/BELGIEN
5027,YA9,113,FAYMONVILLE (B),Faymonville AG,Büllingen/Belgien
5027,YAM,,FAYMONVILLE (B),Faymonville AG,Büllingen/Belgien
5027,YAF,,FAYMONVILLE (B),Faymonville AG,Büllingen/Belgien
5030,YA3,,ATLAS COPCO (B),ATLAS COPCO AIRPOWER NV (MOBILE AIR COMPRESSOR),WILRIJK B.ANTWER.U.AARTSELAAR/BELGIEN
5031,YD4,,INTERNAT.TRAILERS(B),NV INTERNATIONAL TRAILERS (CARAVAN),HOUTHALEN/BELGIEN
5034,YC1,,HONDA (B),HONDA BELGIUM NV (MOTORCYCLE),AALST/BELGIEN
5035,YD3,,CHATEAU CARAVANS (B),CHATEAU CARAVANS NV (CARAVAN),HAMONT-ACHEL/BELGIEN
5038,YE2,,VAN HOOL (B),VAN HOOL (BUS/COACH),KONINGSHOOIKT LIER/BELGIEN
5038,YE1,,VAN HOOL (B),VAN HOOL (COMMERCIAL TRAILER),KONINGSHOOIKT LIER/BELGIEN
5039,YD6,,HOME-CAR (B),HOME-CAR BENELUX NV (TRAILER),MAASMECHELEN/BELGIEN
5042,YB6,,JONCKHEERE (B),JONCKHEERE BVBA (BUS),ROESELARE/BELGIEN
5043,YB4,,LAG (B),LAG INTERNATIONAL SA (COMMERCIAL VEHICLE),BREE/BELGIEN
5044,YA9,180,EOS COACH (B),EOS COACH MFG.CO N.V./S.A. (BUS),BREE/BELGIEN
5045,YA9,176,AGRIMAT (B),AGRIMAT SA (ANHAENGER),BIEVRE/BELGIEN
5046,YC3,,EDUARDS (B),Eduards Trailer Factory BV,Lommel/Belgien
5048,VNK,,TOYOTA MEM (B),TOYOTA MOTOR ENGINEERING & MAN. (PERSONENKRAFTWAGEN),BRUXELLES/BELGIEN
5048,SB1,,TOYOTA MEM (B),TOYOTA MOTOR ENGINEERING & MAN. (PERSONENKRAFTWAGEN),BRUXELLES/BELGIEN
5048,JTE,,TOYOTA MEM (B),TOYOTA MOTOR ENGINEERING & MAN. (PERSONENKRAFTWAGEN),BRUXELLES/BELGIEN
5048,JTH,,TOYOTA MEM (B),TOYOTA MOTOR ENGINEERING & MAN. (PERSONENKRAFTWAGEN),BRUESSEL/BELGIEN
5048,JTJ,,TOYOTA MEM (B),TOYOTA MOTOR ENGINEERING & MAN. (PERSONENKRAFTWAGEN),BRUXELLES/BELGIEN
5048,JTM,,TOYOTA MEM (B),TOYOTA MOTOR ENGINEERING & MAN. (PERSONENKRAFTWAGEN),BRUESSEL/BELGIEN
5048,JT1,,TOYOTA MEM (B),TOYOTA MOTOR ENGINEERING & MAN. (PERSONENKRAFTWAGEN),BRUESSEL/BELGIEN
5048,JT6,,TOYOTA MEM (B),TOYOTA MOTOR ENGINEERING & MAN. (PERSONENKRAFTWAGEN),BRUESSEL/BELGIEN
5048,NMT,,TOYOTA MEM (B),TOYOTA MOTOR ENGINEERING & MAN. (PERSONENKRAFTWAGEN),BRUESSEL/BELGIEN
5048,JTD,,TOYOTA MEM (B),TOYOTA MOTOR ENGINEERING & MAN. (PERSONENKRAFTWAGEN),BRUXELLES/BELGIEN
5050,YC5,,JLG MANUFACT. (B),JLG MANUFACT. EUROPE BVBA (SPECIAL PURPOSE VEHICLE),MAASMECHELEN/BELGIEN
5051,NMO,,FORD (TR),FORD OTOMOTIV SANAYI A.S.,ISTANBUL/TUERKEI
5980,NMB,,MERCEDES-B.TUERK(TR),Mercedes Benz Türk A.S.,Esenyurt-Istanbul/Türkei
5981,NMZ,,KANUNI (TR),KOMBASSAN KANUNI MZ MOTOR INC. (MOTORCYCLE),ISTANBUL/TUERKEI
5982,NLT,,TEMSA (TR),TEMSA SKODA SABANCI ULASIM,Adana/Türkei
5983,NMH,,HONDA (TR),HONDA ANADOLU MOTOSIKLET (MOTORCYCLE),ISTANBUL/TUERKEI
5984,NLH,,HYUNDAI (TR),HYUNDAI ASSAN OTOMOTIV SANAYI VE TICARET A.S.,"Kozyatagi,Istanbul/Türkei"
5984,NLJ,,HYUNDAI (TR),HYUNDAI ASSAN OTOMOTIV SANAYI VE TICARET A.S.,"Kozyatagi,Istanbul/Türkei"
5985,NNA,,ANADOLU ISUZU (TR),Anadolu Isuzu Otomotiv Sanayi ve Ticaret A.S.,Cayirova-Kocaeli/Türkei
6001,VAM,,STEYR-PUCH (A),STEYR-DAIMLER-PUCH AG (MOTORCYCLE),"WIEN,GRAZ/OESTERREICH"
6003,VAG,,STEYR-D-PUCH (A),STEYR-DAIMLER-PUCH AG (MULTI-PURPOSE-CARS),"WIEN,STEYR U.ST.VALENTIN/OESTERREICH"
6003,VAF,,STEYR-D-PUCH (A),STEYR-DAIMLER-PUCH AG (FORESTRY MACHINERY),"WIEN,STEYR U.ST.VALENTIN/OESTERREICH"
6003,VAM,,STEYR-D-PUCH (A),STEYR-DAIMLER-PUCH AG,"WIEN,STEYR U.ST.VALENTIN/OESTERREICH"
6003,VAN,,STEYR-D-PUCH (A),STEYR-DAIMLER-PUCH AG (TRUCKS),"WIEN,STEYR U.ST.VALENTIN/OESTERREICH"
6003,VBA,,STEYR-D-PUCH (A),STEYR-DAIMLER-PUCH AG,"WIEN,STEYR U.ST.VALENTIN/OESTERREICH"
6003,VAL,,STEYR-D-PUCH (A),STEYR-DAIMLER-PUCH AG (AGRICULTURAL MACHINERY),"WIEN,STEYR U.ST.VALENTIN/OESTERREICH"
6003,VAB,,STEYR-D-PUCH (A),STEYR-DAIMLER-PUCH AG (BUSSES),"WIEN,STEYR U.ST.VALENTIN/OESTERREICH"
6004,VAN,,STEYR (A),MAN STEYR AG,STEYR/OESTERREICH
6007,VBK,,KTM (A),KTM AG,Mattighofen/Österreich
6009,VBB,,BRANTNER (A),HANS BRANTNER & SOHN FAHRZEUGBAUGES.MBH (ANHAENGER),LAA A.D.THAYA/OESTERREICH
6009,VDB,,BRANTNER (A),HANS BRANTNER & SOHN FAHRZEUGBAUGESELLSCHAFT MBH,LAA A. D. THAYA/OESTERREICH
6010,VAR,,REFORM-WERKE (A),REFORMWERKE BAUER & CO GMBH (TRACTOR),WELS (OBEROESTERR.)/OESTERREICH
6012,VBL,,LINDNER (A),Traktorenwerk Lindner GmbH,Kundl/Oesterreich
6013,VAT,,LIEBHERR (A),LIEBHERR-WERK BISCHOFSHOFEN GES.MBH,BISCHOFSHOFEN (SALZBURG)/OESTERREICH
6013,VAU,,LIEBHERR (A),LIEBHERR-WERK TELFS GMBH,6410 TELFS/OESTERREICH
6018,VAK,,KAESSBOHRER (A),"KAESSBOHRER TRANSPORT TECHNIK GMBH (TRUCK,TRAILER)",EUGENDORF/OESTERREICH
6021,VAW,,ACHLEITNER (A),ACHLEITNER FAHRZEUGBAU (TRAILER),WOERGL/OESTERREICH
6023,VBS,,STETZL (A),R.STETZL & SOEHNE GES.MBH (TRAILER),ZISTERDORF/OESTERREICH
6024,VAP,,PONGRATZ (A),Pongratz Trailer-Group GmbH,Traboch/Österreich
6026,VA1,,REV (A),REV RECHARGEABLE ELECTRIC VEHICLES GMBH (MOTORCYCLE),KLAGENFURT/OESTEREICH
6027,VA0,,OEAF GRAEF U.ST.(A),OEAF GRAEF U.STIFT AG (TRUCK),WIEN/OESTERREICH
6031,VAD,,ACE TRADE (A),ACE TRADE AG (PERSONENKRAFTWAGEN),BISCHOFSHOFEN/OESTERREICH
6032,VBF,,FIT-ZEL (A),FIT-ZEL GMBH (ANHAENGER),MARCHTRENK/OESTERREICH
6102,W09,A20,ALLHUSEN,ALLHUSEN GMBH & CO KAROSSERIE-U.FAHRZEUGBAU (ANH.),BREMERHAVEN
6109,W09,B57,BEWERMEIER,FAHRZEUG-U.KAROSSERIEBAU BEWERMEIER (ANHAENGER),DELBRUECK
6111,W09,B12,BLOMERT,FRANZ BLOMERT FAHRZEUGBAU GMBH (ANHAENGER),NORDWALDE
6115,WB0,,BOECKMANN,BOECKMANN FAHRZEUGWERKE GMBH,LASTRUP
6116,WBU,,Bürstner,Bürstner GmbH & Co. KG,Kehl
6124,W09,E08,EGGERS,EGGERS FAHRZEUGBAU GMBH (ANHAENGER),STUHR-BRINKUM
6127,WEZ,,Esselmann,Helmut Esselmann GmbH & Co. KG,Hamm
6127,W09,E06,ESSELMANN,Helmut Esselmann GmbH & Co. KG,Hamm
6128,W09,E27,"ESTERER, ULRICH",DR.-ING. ULRICH ESTERER GMBH & CO KG (ANHAENGER),HELSA
6132,W09,F32,FEHRENBACH,JOSEF FEHRENBACH FAHRZEUGBAU (ANHAENGER),TENINGEN-HEIMBACH
6133,W09,F39,FEIG,FEIG FAHRZEUGBAU GMBH (ANHAENGER),ALTDORF/PFALZ
6136,W09,F08,FREUDENAU,H.FREUDENAU & SOEHNE ANHAENGER-U.KAROSSERIEFABRIK,HILLEGOSSEN B.BIELEFELD
6139,W09,G31,GEMMECKER,FAHRZEUGBAU JOHANN GEMMECKER (ANHAENGER),GROSSRINDERFELD
6140,W09,G47,GEIDOBLER,JOSEF GEIDOBLER & SOHN GMBH FAHRZ.-U.KAROSSER.(ANH.),SOYEN
6142,W09,G10,GOFA,GOFA Gocher Fahrzeugbau GmbH,Goch
6143,W09,G15,GOMM,GOMM FAHRZEUGBAU GMBH (ANHAENGER),KISSLEGG-ZAISENHOFEN
6150,W09,H83,HAUSER,HEINZ HAUSER FAHRZEUGBAU (ANHAENGER),EPPELHEIM
6151,W09,H24,HECKA,HECKA GMBH KAROSSERIE-U.FAHRZEUGBAU (ANHAENGER),ROTTHALMUENSTER
6156,W09,H80,HEMMIS,HEMMIS FAHRZEUGBAU GMBH (ANHAENGER),HEESSEN
6158,WEF,,EIFELLAND-HENNERICI,EIFELLAND-WOHNWAGENBAU GUENTHER HENNERICI,MAYEN
6163,W09,H75,"HOFFMANN,ESCHERSHSN.",HOFFMANN FAHRZEUGFABRIK GMBH (ANHAENGER),ESCHERSHAUSEN
6164,W09,H85,HOFMANN,HOFMANN FAHRZEUGBAU GMBH (ANHAENGER),MAINLEUS
6166,W09,H15,HUEFFERMANN,Hüffermann Transportsysteme GmbH,Neustadt/Dosse
6166,WH7,,HUEFFERMANN,Hüffermann Transportsysteme GmbH,Neustadt/Dosse
6169,W09,J07,JOTHAWERK,JOTHAWERK FAHRZEUG U.MASCHINENBAU (ANHAENGER),DONAUWOERTH
6172,W09,K42,KEMPF,FAHRZEUGBAU KEMPF GMBH (ANHAENGER),BAD MARIENBERG
6172,WKY,,KEMPF,FAHRZEUGBAU KEMPF GMBH (ANHAENGER),BAD MARIENBERG
6176,W09,K56,KOCK,"BERNHARD KOCK INH.B.U.W.KOCK KAROSSER.U.FAHRZ.,ANH.",NORDHORN
6180,W09,K37,KREBS,KREBS FAHRZEUGBAU GMBH (ANHAENGER),MINDEN
6181,WKS,,KRESS,WALTER KRESS FAHRZEUGBAU (ANHAENGER),MECKESHEIM/BADEN
6183,W09,K31,KROLL,"KROLL FAHRZEUGBAU-UMWELTTECHNIK GMBH (NUTZFZ., ANH.)",REINBEK B.HAMBURG
6185,W09,L21,LAMPFERHOFF,"KAROSSERIEBAU LAMPFERHOFF GMBH (NUTZFAHRZG.,ANH.)",GELSENKIRCHEN-HORST
6189,W09,L30,LEIBING,"FAHRZEUGBAU RUDOL LEIBING, INH.HEINR.BOTHE(ANHAENGER)",ESCHERSHAUSEN
6191,W09,L32,LISCHKA & MUELLER,LISCHKA & MUELLER FAHRZEUGBAU GMBH (ANHAENGER),OBERSULM-ESCHENAU
6192,W09,M25,MARQUARDT,MARQUARDT ANHAENGER U.GERAETEBAU GMBH,KIRCHWALSEDE KRS.ROTENBURG (WUEMME)
6194,W09,M48,MEERMEIER,"HEINZ MEERMEIER KAROSSERIE-U.FAHRZEUGBAU(NUTZFZ,ANH)",VERL-KAUNITZ
6197,W09,M59,MEINDL,MEINDL FAHRZEUGBAU GMBH (ANHAENGER),HAMELN
6199,W09,M53,MENKE,MENKE FAHRZEUG-U.KAROSSERIEBAU GMBH (ANHAENGER),WERLTE/WIESTE
6202,W09,M71,MEYERS,MEYERS GMBH ANHAENGERBAU,STRAELEN
6206,W09,M19,Münz,Münz Fahrzeugbau GmbH & Co.KG,Pliezhausen
6208,W09,009,OTT,EUGEN UND OTTO OTT GBR FAHRZEUGBAU (ANHAENGER),KIRCHHEIM UNTER TECK
6210,W09,P53,Partenheimer,Partenheimer GmbH & Co. KG,Roxheim
6212,W09,P27,PENGEL,KARL PENGEL FAHRZEUGBAU (ANHAENGER),DANNENBERG-NEBENSTEDT
6214,W09,P18,PIELHAU,ERWIN PIELHAU GMBH & CO KG FAHRZEUGBAU (ANHAENGER),LUEDENSCHEID
6222,W09,R18,ROBERT,FAHRZEUGBAU ROBERT (ANHAENGER),BOCHOLT
6224,W09,S44,SANDHEINRICH,SANDHEINRICH GMBH FAHRZEUGBAU (ANHAENGER),WESTERLOH
6226,WSP,,SPIER,SPIER GMBH & CO FAHRZEUGWERK KG (ANHAENGER),STEINHEIM
6228,W09,S34,SCHAUB,SCHAUB Nutzfahrzeuge Silvia Biegert e.K.,Berghaupten
6231,W09,S35,SCHIER,SCHIER GMBH & CO KG (ANHAENGER),HOEVELHOF
6234,W09,S28,"SCHMIDT, HEINRICH",HEINR.SCHMIDT KG FAHRZEUGBAU (ANHAENGER),PADERBORN
6240,W09,S13,SCHRAMM,FAHRZEUGBAU SCHRAMM (ANHAENGER),ZWEIBRUECKEN
6249,W09,S54,STELZER,GEORG STELZER & SOHN FAHRZEUGBAU (ANHAENGER),WILSTER
6256,W09,S62,"STUERENBERG,H.",H.STUERENBERG FAHRZEUGBAU (ANHAENGER),ANKUM
6259,W09,T32,TRAUTWEIN,ROBERT TRAUTWEIN FAHRZEUGBAU (ANHAENGER),BENNINGEN
6260,W09,T31,TREIBEL,OTTO TREIBEL FAHRZEUGBAU (ANHAENGER),NECKARGEMUEND
6262,W09,U05,ULRICH,CARL ULRICH FAHRZEUG-U.KAROSSERIEBAU GMBH(ANHAENGER),GUNZENHAUSEN
6269,W09,W17,"WELLMEYER,WILH.",WILHELM WELLMEYER FAHRZEUGBAU GMBH & CO KG (ANH.),BAD LAER
6270,W09,W61,WENGER,MANFRED WENGER FAHRZEUGBAU (ANHAENGER),STEINENBRONN B.STUTTGART
6273,W09,W10,WILLE,WILLE KAROSSERIEBAU GMBH & CO (ANHAENGER),SEEVETAL
6275,W09,W47,"WISSKIRCHEN,JOSEF",FAHRZEUGBAU WISSKIRCHEN GMBH (ANHAENGER),BORNHEIM
6277,W09,W27,WOERNER,OTTO WOERNER GMBH FAHRZEUGBAU (ANHAENGER),REICHENBACH/FILS
6280,W09,Z07,ZANNER,ZANNER FAHRZEUGBAU GMBH (ANHAENGER),HIMMELKRON/OFR.
6283,W09,Z05,ZUCK,ZUCK FAHRZEUG-KAROSSERIEBAU GMBH (ANHAENGER),NECKARBISCHOFSHEIM
6295,W09,V08,VETTER,WALTER VETTER KAROSSERIE-U.FAHRZEUGBAU,NORDRACH/BADEN
6315,W09,B22,BUSCHMANN,BUSCHMANN-KAROSSERIEBAU (ANHAENGER),KREFELD-LINN
6327,WBT,,BARTHAU,P.BARTHAU STAHLBAU (ANHAENGER),BRACHBACH UEB.SCHWAEBISCH-HALL
6344,WS0,,SIGG,SIGG Fahrzeugbau GmbH,Bad Wurzach
6344,W09,S16,SIGG,SIGG-FAHRZEUGBAU GMBH (ANHAENGER),BAD WURZACH
6356,W09,D05,DROEGMOELLER,DROEGMOELLER KAROSSERIEN GMBH & CO KG (BUS),HEILBRONN
6361,W09,P31,POLYMA,POLYMA ENERGIETECHNIK DR. APPELHANS GMBH+CO KG (ANH),KASSEL
6362,W09,H76,HEBA,"HEBA FAHRZEUG-U.MASCHINENBAU, HERBERT BAUMERT (ANH.)",DILLIGSEN KRS.GANDERSHEIM
6366,WDU,,DUIS,EILERT DUIS MASCHINEN-U.FAHRZEUGBAU (ANHAENGER),RHEINHAUSEN
6369,W09,L35,LOUVEN,JAKOB LOUVEN FAHRZEUGBAU (ANHAENGER),
6372,W09,M03,MOSEL,MOSEL & CO GMBH (ANHAENGER),KEHL-LEUTESHEIM
6375,W09,P21,PLASSMANN,HERBERT PLASSMANN PKW-ANHAENGERBAU,BOCHUM-WATTENSCHEID
6377,W09,S60,STEINSBERGER,STEINSBERGER GMBH FAHRZEUGBAU (ANHAENGER),WANGEN B.GOEPPINGEN
6381,W09,D20,"DOLL, FISCHBACH",FAHRZEUGBAU ANTON DOLL (ANHAENGER),NUERNBERG-FISCHBACH
6384,W09,B34,BLOMENROEHR,BLOMENROEHR FAHRZEUGBAU GMBH (ANHAENGER),GESEKE
6389,W09,M55,"MECUSS,RUDOLF",FAHRZEUGBAU RUDOLF MECUSS (ANHAENGER),HAMMINKELN
6391,W09,W09,WAHLE,JULIUS WAHLE FAHRZEUGBAU (ANHAENGER),SCHWANAU
6392,WRE,,RETTENMAIER,FRANZ RETTENMAIER METALL-U.TRANSPORTGERAETEBAU (ANH),HUETTLINGEN
6394,W09,SB9,SCHOELCH,HEINRICH SCHOELCH GMBH KARROSSERIE-U.FAHRZEUGB.(ANH),KASSEL
6401,W09,H93,HENRICHS,PETER U. PAUL HENRICHS GMBH U. CO. KG (ANHAENGER),SCHLOSS-HOLTE-STUKENBROCK
6404,W09,F66,"FISCHER,NORBERT",Norbert Fischer Fahrzeugbau e.K.,Dortmund
6409,W09,M46,MOESSLEIN U.SOEHNE,E.U.D.MOESSLEIN GBR FAHRZEUGBAU (ANHAENGER),GEROLZHOFEN
6412,W09,J15,JENSEN,PETER JENSEN MASCHINENFABRIK GMBH & CO KG(ANHAENGER),MAASBUELL
6414,W09,S24,SOMMER,SOMMER GmbH,Laucha an der Unstrut
6416,W09,M27,WAGEN-MEYER,KAROSSERIEWERK HEINRICH MEYER GMBH (ANHAENGER),GOETTINGEN
6424,W09,T06,THALER,JACOB THALER (ANHAENGER),Bad Bramstedt
6425,W09,W43,WESTRICK,WESTRICK KAROSSERIE-U.FAHRZEUGBAU GMBH (ANHAENGER),VELEN-RAMSDORF
6426,W09,F17,"FRIELINGHAUS,BOCHOLT",FRIELINGHAUS KAROSSERIEBAU GMBH (ANHAENGER),BOCHOLT
6430,W09,L24,LANGFELD,HERMANN LANGFELD FAHRZEUGBAU (ANHAENGER),BOCHOLT
6432,W09,S32,"SCHROEDER,RUDOLF","FAHRZEUGBAU R.SCHROEDER,INH.JUERGEN SCHROEDER (ANH.)",HARTENHOLM
6433,W09,K35,KOEPPEL,KOEPPEL ANHAENGERBAU,ACHERN-OBERACHERN
6434,W09,D13,DRIESSEN,HANS-BERND DRIESSEN PKW-ANHAENGER,KLEVE
6437,W09,K65,KNAUSS,KNAUSS RAUMSYSTEME GMBH (ANHAENGER),BAECHINGEN
6440,WMY,,MAYR,GERHARD MAYR KG,SPRENDLINGEN UEB.BAD KREUZNACH
6441,W09,S30,SCHOON,FAHRZEUGBAU SCHOON (ANHAENGER),STRACKHOLT
6442,W09,Z04,ZIKUN,ZIKUN-FAHRZEUGBAU GMBH (ANHAENGER),RIEGEL A.KAISERSTUHL
6443,W09,K40,KROEGER,PETER KROEGER GMBH,VISBEK-RECHTERFELD
6443,WK5,,KROEGER,PETER KROEGER GMBH,VISBEK-RECHTERFELD
6446,W09,H39,HOLST,FERDINAND HOLST FAHRZEUG-U.KAROSSERIEBAU (ANHAENGER),ROTENBURG/UNTERSTEDT
6447,W09,K69,KOLMEDER,KOLMEDER FAHRZEUGBAU (ANHAENGER),WOLNZACH
6449,W09,F37,FUHRMANN,FUHRMANN FAHRZEUGBAU GMBH (ANHAENGER),ERHARTING-VORBERG
6450,W09,H45,"HOFMANN,EGENBUETTEL",WALTER HOFMANN GMBH (ANHAENGER),RELLINGEN B.HAMBURG
6452,W09,R24,ROEGER,FRITZ ROEGER FAHRZEUGBAU (ANHAENGER),WOLPERTSHAUSEN
6453,W09,E07,EWERS,EWERS KAROSSERIE-UND FAHRZEUGBAU GMBH & CO,MESCHEDE/WESTFALEN
6454,W09,C09,CARNEHL,HEINRICH CARNEHL FAHRZEUGBAU (ANHAENGER),PATTENSEN/HARZ
6457,W09,K60,KRIETER,KRIETER FAHRZEUGBAU (ANHAENGER),HUSUM-SCHESSINGHAUSEN
6462,WMJ,,MIDDENDORF,MIDDENDORF KG (CARAVAN),OVERATH
6463,WHV,,"HENDRICKS,GOCH",HENDRICKS FAHRZEUGWERKE GmbH,GOCH
6463,W09,H46,"HENDRICKS,GOCH",HENDRICKS BEHAELTERFAHRZEUGBAU GMBH & CO KG (ANH.),GOCH
6465,W09,P22,PUPPE,HUBERT PUPPE FAHRZEUGBAU (ANHAENGER),ARNSBERG-HUESTEN
6467,W09,F23,FAHRENHORST,FAHRENHORST FAHRZEUGBAU INH.I.NIERMANN (ANHAENGER),STEMWEDE-DESTEL
6469,W09,H64,HEIKER,BERNHARD HEIKER FAHRZEUGBAU (ANHAENGER),WARENDORF-FRECKENHORST
6476,WNC,,NORDLAND-CARAVANING,NORDLAND-CARAVANING GMBH & CO KG,FOCKBEK B.RENDSBURG
6477,W09,M57,"MEYER,HILKO","HILKO MEYER,JOH.MEYER KG FAHRZEUGBAU (ANHAENGER)",STADLAND-RODENKIRCHEN
6478,W09,K27,KOTSCHENREUTHER,KOTSCHENREUTHER FAHRZEUGBAU GMBH & CO KG (ANHAENGER),WALLENFELS
6479,W09,G13,GAERTNER,"GAERTNER GMBH,KAROSSERIEBAU + FAHRZEUGTECHNIK",ELMSHORN
6482,W09,R28,REISS,FRIEDHELM REISS FAHRZEUGBAU (ANHAENGER),PHILIPPSBURG
6483,W09,L16,LADOG,LADOG-Fahrzeugbau und Vertriebs-GmbH,Zell am Harmersbach
6484,W09,H47,HINRICHS,FAHRZEUGBAU HEINO HINRICHS (ANHAENGER),APEN-GODENSHOLT
6485,W09,B96,BOESE,HEINZ BOESE KG,REISTE/SAUERLAND
6486,W09,J25,"JORDAN,FRITZ",FRITZ JORDAN GMBH (ANHAENGER),EMMERICH
6487,W09,B55,BIELENBERG,HORST BIELENBERG ANHAENGERBAU,SUEDERWISCH-VOLSEMENHUSEN
6492,W09,G26,"GEORG,EDGAR",GEORG FAHRZEUGBAU GMBH & CO KG (ANHAENGER),NEITERSEN/WESTERWALD
6493,WAF,,ACKERMANN-FRUEHAUF,ACKERMANN-FRUEHAUF GMBH (ANHAENGER),WUPPERTAL (VOHWINKEL)
6494,W09,K28,KLAESER,KLAESER INTERNAT. FACHSPEDITION U. FAHRZEUGBAU GMBH (ANH.),HERTEN/WESTF.
6495,W09,J08,"JUNG,R.",ROBERT JUNG GMBH FAHRZEUGBAU (ANHAENGER),HOMBURG
6496,W09,F04,FAHRZEUGB.DIETLINGEN,"FAHRZEUGBAU DIETLINGEN,SCHWARZ + DUERR (ANHAENGER)",KELTERN-DIETLINGEN
6498,W09,E16,EPPLE,FRIEDRICH EPPLE FAHRZEUGBAU GMBH (ANHAENGER),MANNHEIM
6499,W09,B01,BLOETZ,ARTUR BLOETZ KG FAHRZEUGBAU (ANHAENGER),BRAUNSCHWEIG-BIENRODE
6500,W09,K41,KATEMANN,KATEMANN KAROSSERIE-U.FAHRZEUGBAU (ANHAENGER),HEIDEN
6501,W09,W08,"WERNER,TRIER-EHRANG",WERNER GMBH FORST-UND INDUSTRIETECHNIK,TRIER-EHRANG
6504,W09,R15,ROBERTZ,PETER ROBERTZ & SOHN GMBH (ANHAENGER),VIERSEN
6509,W09,D09,DUFNER,JOSEF DUFNER FAHRZEUGBAU (ANHAENGER),ELZACH-PRECHTAL
6513,W09,F09,FAHRZEUGWERK ORTHAUS,FAHRZEUGWERK ORTHAUS GMBH & CO KG (ANHAENGER),AHAUS-WUELLEN
6519,W09,V11,"VOSS,HANS-WILHELM","VOSS KAROSSERIEBAU,BREMSENDIENST GMBH (ANHAENGER)",HASELDORF
6520,W09,C06,CORDES FAHRZEUGBAU,CORDES FAHRZEUGBAU GMBH (ANHAENGER),ROSENGARTEN-SOTTORF
6523,W09,S25,SPERMANN,SPERMANN KAROSSERIE-U.FAHRZEUGBAU (ANHAENGER),WERNE
6525,WMB,,MAUS,MAUS GMBH (ANHAENGER),PHILIPPSBURG
6526,W09,L11,LIPPST.ANH.BEUMER,LIPPSTAEDTER ANHAENGER-VERTRIEB TH.BEUMER,LIPPSTADT-RIXBECK
6527,W09,C11,CONRAD-FAHRZEUGBAU,CONRAD-FAHRZEUGBAU GMBH (ANHAENGER),LILIENTHAL
6530,W09,W70,WUELLHORST,WUELLHORST GMBH & CO.KG (ANHAENGER),SELM
6534,W09,K14,KLAAS,SCHRAEGAUFZUEGE KLAAS GMBH & CO KG (ANHAENGER),ASCHEBERG/WESTFALEN
6536,W09,B19,BREINING,BREINING Maschinen-und Fahrzeugbau GmbH,Remshalden-Grunbach
6539,WBJ,,BITTER,BITTER GMBH & CO KG (PERSONENWAGEN),SCHWELM
6539,W09,B09,BITTER,BITTER GMBH & CO KG (PERSONENWAGEN),SCHWELM
6540,W09,M40,"MERSCH,FRANZ",FRANZ MERSCH GMBH & CO KG FAHRZEUGBAU (ANHAENGER),EMSDETTEN
6542,WAL,,ALF ADORNO+LEISENTR.,ALF ADORNO + LEISENTRITT FAHRZEUGBAU GMBH(ANHAENGER),WERNE
6543,W09,R22,"RIES,KURT",KURT RIES GMBH SCHILDERFABRIK (ANHAENGER),BRUCHSAL
6545,WCJ,,CI CARAVANS WILK,CARAVANS INTERNATIONAL WILK BAD KREUZNACH GMBH,BAD KREUZNACH
6551,W09,B41,BAUER & FLACH,BAUER & FLACH GMBH FAHRZEUGBAU (ANHAENGER),KLEINASPACH
6560,W09,S87,"SCHMIDT,HANSJOERG",HANSJOERG SCHMIDT PKW-ANHAENGER,NUEMBRECHT/GADEROTH
6564,W09,W50,WIENS SAFETY-TRAILER,WIENS SAFETY-TRAILER GMBH,OERLINGHAUSEN
6571,W09,F10,"FISCHER,GEORG",GEORG FISCHER GMBH & CO MASCHINEN-U.KESSELFABRIK,GUENZBURG/DONAU
6572,W09,B71,BEISL,BEISL ANHAENGERBAU GMBH,ADLHAUSEN
6573,W09,B31,BALO,JOHANN UND WALTER BALO FAHRZEUGBAU (ANHAENGER),HARTHEIM/RHEIN
6586,W09,A08,AHLMANN-MASCHINENBAU,AHLMANN BAUMASCHINEN GMBH (ARBEITSMASCHINEN),BUEDELSDORF
6590,W09,H04,HARNISCHFEGER (D),HARNISCHFEGER GMBH MASCHINENFABRIK (KRANBAU),DORTMUND
6591,WMD,,MAGIRUS-DEUTZ,"MAGIRUS DEUTZ AG (LKW, FAHRGESTELLE)",ULM
6595,W09,G37,GERMANIA-FAHRZEUGBAU,GERMANIA-FAHRZEUGBAU GMBH (ANHAENGER),GESCHER
6596,W09,S50,SAUTER,WERNER SAUTER SCHMIEDE+FAHRZEUGBAU (ANHAENGER),KONSTANZ
6597,W09,T17,TAMHART,Tamhart Fahrzeugbau GmbH,Rotenburg/Wümme
6602,W09,W14,WEKA,WEKA FAHRZEUGFABRIK (ANHAENGER),RHEDA-WIEDENBRUECK
6604,W09,K43,KOESTNER,GEORG KOESTNER NUTZFAHRZEUGE GMBH (ANHAENGER),NEUSTADT/AISCH
6609,W09,H20,HOBEIN,WILHELM HOBEIN LANDTECHNIK (ANHAENGER),COPPENBRUEGGE
6612,W09,A19,ALFA,ALFA FAHRZEUGBAU GMBH (ANHAENGER),WAREN (MUERITZ)
6615,W09,K39,KUMLIN,KARL KUMLIN GMBH & CO KG FAHRZEUGFABRIK (ANHAENGER),WALDKIRCH-KOLLNAU
6618,W09,L23,LANG,FAHRZEUGBAU LANG (ANHAENGER),HAAG-WINDEN I.OB
6619,W09,G07,GASSMANN,ANHAENGER-GASSMANN,BOVENDEN B.GOETTINGEN
6620,W09,M23,MEINERS,FAHRZEUGBAU U.REIFEN HOLGER MEINERS GMBH (ANHAENGER),SOEGEL
6621,W09,L31,LIENEMANN,LIENEMANN FAHRZEUGBAU GMBH (ANHAENGER),OSNABRUECK
6623,WAE,,Amazonen-Werke H. Dreyer,Amazonen-Werke H. Dreyer SE & Co.KG,Hasbergen
6624,W09,L18,LOTZ,LOTZ KAROSSERIE-U.FAHRZEUGTECHNIK GMBH (ANHAENGER),BAD EMS
6629,W09,N07,NOTHNAGEL,FAHRZEUGBAU NOTHNAGEL GMBH (ANHAENGER),GRIESHEIM B.DARMSTADT
6631,WG0,,GOLDHOFER,GOLDHOFER AG,MEMMINGEN
6633,W09,O15,OSTERATH,OSTERATH GMBH FAHRZEUGBAU (ANHAENGER),WILLICH
6638,W09,F18,FRICKE,Jan Fricke,Farven
6639,W09,H09,HENSLER,HENSLER-FAHRZEUGBAU GMBH (ANHAENGER),SIGMARSZELL-SCHLACHTERS
6642,W09,P30,"POPP, JOH.",POPP FAHRZEUGBAU GMBH (ANHAENGER),NUERNBERG
6646,W09,H16,HOENKHAUS,HOENKHAUS NUTZFAHRZEUGE GMBH (ANHAENGER),GELSENKIRCHEN
6649,W09,R12,ROHR,Nutzfahrzeuge Rohr GmbH,Straubing
6653,WSF,,SACHS,SACHS-FAHRZEUG U.MOTORENTECHNIK GMBH (KRAFTRAEDER),NUERNBERG
6654,W09,P11,PLAGEMANN,KAROSSERIE & FAHRZEUGBAU PLAGEMANN (ANHAENGER),NEURUPPIN
6655,W09,H26,HONOLD,LEO HONOLD KG ANHAENGER-U.FAHRZEUGBAU,ENGEN-WELSCHINGEN
6665,W09,H21,HILSE,DIETRICH HILSE GMBH FAHRZEUGBAU (ANHAENGER),HILDESHEIM
6667,W09,F21,FINKL,JOSEF FINKL KG FAHRZEUGBAU (ANHAENGER),BISSINGEN UEB.DONAUWOERTH
6670,W09,C07,CATLEY,CATLEY FLUGZEUGTRANSPORTANHAENGER,BRILON
6680,W09,005,O.K.ANH.BAU,O.K.ANHAENGERBAU GMBH,WUPPERTAL
6687,W09,H22,HERING,HERING KAROSSERIE & FAHRZEUGBAU (ANHAENGER),BALVE
6689,W09,K63,"KRAEMER,GEORG",GEORG KRAEMER KG FAHRZEUGBAU (ANHAENGER),BAD BERLEBURG
6692,W09,R17,RAMMLER,JOSEF RAMMLER (ANHAENGER),BROKSTREEK/ESSEN (OLDENBURG)
6694,WTA,,TABBERT,TABBERT CARAVAN GMBH,SINNTAL-MOTTGERS
6700,WUB,,UNSINN,FAHRZEUG-U.LANDMASCHINENFAB.SEBAST.UNSINN GMBH (ANH),AICHACH/OBERBAYERN
6704,W09,C08,CARSTENS,REINHARD CARSTENS FAHRZEUGBAU (ANHAENGER),RADE/KELLINGHUSEN
6707,W09,W12,"WARNEKE,THEODOR",THEODOR WARNEKE FAHRZEUGBAU GMBH & CO KG (ANHAENGER),LAATZEN
6708,W09,H23,HWR-ANHAENGERBAU,HWR ANHAENGERBAU GMBH,BAD WALDSEE
6714,W09,L20,LINTEC,"LINTEC GMBH & CO KG (ARBEITSMASCHINEN,ANHAENGER)",HOLLENSTEDT
6715,W09,H31,HEUSER,HEINRICH HEUSER GMBH U.CO KG (ANHAENGER),BAD LIPPSPRINGE
6716,W09,R21,RIEPE,JOSEF RIEPE KG FAHRZEUGBAU (ANHAENGER),ANROECHTE/WESTF.
6717,W09,W60,"WISSKIRCHEN,GEBR.",GEBR.WISSKIRCHEN & CO FAHRZEUGBAU (ANHAENGER),SWISTTAL-LUDENDORF
6722,W09,R30,"REISCH,MARTIN",MARTIN REISCH GMBH FAHRZEUGBAU (ANHAENGER),EHEKIRCHEN-HOLLENBACH
6722,WRB,,"REISCH,MARTIN",Martin Reisch GmbH,Ehekirchen-Hollenbach
6728,W09,T18,TBV,TBV GMBH (ANHAENGER),WILLSTAETT-SAND
6729,W09,F19,FOEHRENBACH,ALFONS FOEHRENBACH FAHRZEUGBAU (ANHAENGER),HOHBERG-DIERSBURG
6732,W09,T19,TECNOSTAHL,TECNOSTAHL GEWERBEPARK NEUBRANDENBURG GMBH (ANH.),NEUBRANDENBURG
6733,WTC,,TECHAU,HERMANN TECHAU GMBH KAROSSERIE-U.ANHAENGERFABRIK,BREMEN
6737,WWA,,WACKENHUT,GEBR.WACKENHUT GMBH KAROSSEN-U.FZ-FABRIK (ANHAENGER),NAGOLD/SCHWARZWALD
6738,W09,W25,"WETZEL,GEBR.",GEBR.WETZEL FAHRZEUGBAU (ANHAENGER),RATINGEN
6742,W09,D10,DEVIL'S TRIKE PLACE,FA.TIMPHUS/SCHAEFER OHG (PERSONENWAGEN),BAD OEYNHAUSEN
6746,W09,F34,FORSCHNER,L.FORSCHNER BAUMASCHINEN (ANHAENGER),ULM/DONAU
6749,W09,E17,EHEBAUER,EHEBAUER FAHRZEUGBAU (ANHAENGER),URSENSOLLEN/AMBERG
6750,W09,T20,THIEL,Heinz Thiel,Pfullendorf
6752,W09,P12,PETERSEN,UDO PETERSEN BAUMASCHINEN (ANHAENGER),SCHLESWIG
6753,W09,W13,"WEINMANN,MUENCHEN",WEINMANN NUTZFAHRZEUGE VERTRIEBS GMBH (ANHAENGER),FELDKIRCHEN/MUENCHEN
6754,W09,K54,KUFER KG,KUFER FAHRZEUGBAU KG (ANHAENGER),STARNBERG
6760,W09,P13,PAGENKOPF,ERICH PAGENKOPF FAHRZEUGBAU (ANHAENGER),BRETTEN-GOELSHAUSEN
6761,W09,S38,STRAUTMANN,B. Strautmann & Söhne GmbH u. Co.KG,Bad Laer
6763,W09,M28,MBN,MBN MASCHINENBAU NEUNKIRCHEN GMBH (ANHAENGER),NEUNKIRCHEN/UFR.
6769,WMM,,"MUELLER,MITTELTAL",KARL MUELLER GMBH U.CO KG FAHRZEUGWERK (ANHAENGER),BAIERSBRONN-MITTELTAL/SCHWARZWALD
6777,W09,S17,SCHEUERLE,SCHEUERLE Fahrzeugfabrik GmbH,Pfedelbach
6783,W09,H41,"HENDRICKS, KLEVE",HENDRICKS FAHRZEUGBAU GMBH & CO KG (ANHAENGER),KLEVE
6784,WHU,,HEKU,HEKU-Fahrzeugbau GmbH,Bielefeld
6787,WLA,,LANGENDORF,Langendorf GmbH,Waltrop
6789,W09,F42,FROMM,RICHARD FROMM FAHRZEUGBAU (ANHAENGER),WIESLOCH
6790,W09,W34,WOLPERDING,GEBRUEDER WOLPERDING OHG ANHAENGERBAU U.VERTRIEB,WINSEN/LUHE
6795,W09,W40,WEISIG,WEISIG MASCHINENBAU GMBH (ANHAENGER),ALFELD/LEINE
6796,W09,T30,TEBBE,ALBERT TEBBE GMBH & CO KG MASCHINENFABRIK(ANHAENGER),SCHLEDEHAUSEN KRS.OSNABRUECK
6798,W09,P10,PIETSCH,MAX PIETSCH KG GMBH & CO (ARBEITSMASCHINEN),LAATZEN
6800,W09,K71,"KUFER, JUN.",BERNHARD KUFER JUN.ANHAENGERBAU,STARNBERG
6802,W09,B27,BORCO-HOEHNS,Fahrzeugwerk Borco-Höhns GmbH & Co. KG,ROTENBURG/WUEMME
6810,W09,B17,BALNUWEIT,BALNUWEIT KAROSSERIEBAU GMBH,GIFHORN
6811,WBR,,BARTHAU ANHAENGERBAU,BARTHAU ANHAENGERBAU GMBH,UNTERMUENKHEIM-BRACHBACH
6814,W09,D18,"DREYER, ERNST-AUGUST",ING.E.-A.DREYER GMBH FAHRZEUG-U.KAROSSERIEBAU (ANH),HANNOVER
6815,W09,D23,DUENNE,WILHELM DUENNE (ANHAENGER),RASTEDE-NETHEN/AMMERLAND
6829,W09,K11,KARO,KARO MASCHINENFABRIK GMBH & CO (ANHAENGER),MESSKIRCH
6830,W09,V06,VAR FZ-U.APPARATEBAU,VAR FAHRZEUG-UND APPARATEBAU GMBH,MARL-SINSEN
6839,W09,J03,JUNGHANNS,DIETER JUNGHANNS FAHRZEUG-U.STAHLBAU,HOF/SAALE
6844,W09,H86,HERRMANN KAROSS.WERK,HERRMANN KAROSSERIEWERK GMBH (ANHAENGER),HAMBURG-WANDSBEK
6847,W09,P29,PFAFFENBACH,PFAFFENBACH ANHAENGER INH.ECKHART MUEHLHAUSEN,WITZENHAUSEN/HUBENRODE
6848,W09,T16,TROEGER,TROEGER KAROSSERIE-U.FAHRZEUGBAU GMBH (ANHAENGER),ARZBERG
6853,WHR,,HARBECK,Hermann Harbeck Fahrzeugbau GmbH & Co. KG,Waging am See
6861,W09,T04,"TEUPEN,MASCHINENBAU",Teupen Maschinenbau GmbH,Gronau
6862,W09,U01,UELZENER MASCHINEN,Uelzener Maschinen GmbH,Sulzbach
6867,W09,B66,BOEHNLEIN.ADOLF,ADOLF BOEHNLEIN SCHLOSSEREI U.FAHRZEUGBAU(ANHAENGER),RECKENDORF-OBERMANNDORF
6871,W09,K98,KNIES,KNIES NUTZFAHRZEUGE FAHRZEUGBAU GMBH&CO.KG (ANH.),BOESEL
6874,W09,S56,"STOLL,ALFRED",STOLL GMBH MASCHINENBAU (ANHAENGER),KIRCHBERG-GAGGSTATT
6875,WFB,,FELDBINDER,FELDBINDER SPEZIALFAHRZEUGWERK GMBH (ANHAENGER),WINSEN/LUHE
6875,W09,F07,FELDBINDER,FELDBINDER SPEZIALFAHRZEUGWERK GMBH (ANHAENGER),WINSEN/LUHE
6880,W09,K26,KIESLING,KIESLING FAHRZEUGBAU GMBH (ANHAENGER),DORNSTADT-TOMERDINGEN
6881,W09,K01,KRUG-CARAVAN,KRUG CARAVAN-METALLBAU GMBH,LAUINGEN/DONAU
6882,W09,002,OSTALB,OSTALB GMBH (ANHAENGER),DONZDORF
6885,W09,R01,RAU MOTORRADTECHNIK,RAU MOTORRADTECHNIK GMBH,GROSSBETTLINGEN
6887,W09,A02,ANDERSSON MOT.SPORT,ANDERSSON MOTOR SPORT GMBH (PERSONENWAGEN),KOELN
6888,W09,P01,PEKAZETT,PEKAZETT BAUMASCHINEN GMBH (ANHAENGER),ZWEIBRUECKEN
6890,W09,E01,ERHARDT,KAROSSERIE U.FAHRZEUGBAU ERHARDT GMBH (ANHAENGER),STUTTGART
6892,W09,K03,"KAISER,ASCHEBERG",KAISER KG KRAFTFAHRZEUGE (ANHAENGER),ASCHEBERG
6893,W09,L02,LAHRS,HERMANN LAHRS KG (ANHAENGER),HAMBURG
6894,W09,M29,MAFA,MAFA MASCHINEN UND FAHRZEUGE GMBH (ANHAENGER),VIPPACHEDELHAUSEN
6895,W09,F02,FZ-MASCH-STAHLB-FMS,FMS FAHRZEUG-MASCHINENBAU-STAHLBAU GMBH (ANHAENGER),HERNE -SODINGEN
6896,W09,B06,B&W TRANSP-SYST.-IWT,B & W TRANSPORTSYSTEME GMBH (ANHAENGER),LUEBECK
6897,W09,R03,RUDOLPH & SOHN,KARL RUDOLPH & SOHN (ANHAENGER),SALZGITTER-HEERTE
6898,WJS,,ISARTALER,ISARTALER SCHRAUBENKOMPRESSOREN GMBH (ANHAENGER),GERETSRIED
6899,W09,W03,WEHL,ATLAS V.D.WEHL GMBH (ANHAENGER U.ARBEITSMASCHINEN),LAUENBRUECK
6900,WPA,,PUTZ-U.FOERDERT.-PFT,P.F.T.PUTZ-U.FOERDERTECHNIK GMBH (ANHAENGER),IPHOFEN
6900,W09,P03,PUTZ-U.FOERDERT.-PFT,P.F.T.PUTZ-U.FOERDERTECHNIK GMBH (ANHAENGER),IPHOFEN
6901,W09,K07,KRUELL,KRUELL FAHRZEUGBAU GMBH (ANHAENGER),NEUSS
6902,W09,V02,VERSICK,E.VERSICK NUTZFAHRZEUGE (SATTELANHAENGER),ZUELPICH
6903,W09,C02,CHRISTMANN,RICHARD CHRISTMANN FAHRZEUGBAU (ANHAENGER),BIEDENKOPF-WALLAU
6904,W09,D03,DUENSCHEDE,KAROSSE.ERNST DUENSCHEDE GMBH & CO KG(LKW/ANHAENGER),MESCHEDE (SAUERLAND)
6905,W09,K08,KRUPP-MAK,KRUPP MAK MASCHINENBAU GMBH,KIEL
6906,W09,T01,TWG WEILER,TWG WEILER GMBH FAHRZEUGBAU-REPARATURWERK (ANHAENGER),PLETTENBERG
6908,W09,F03,FECHT,DIETRICH FECHT KFZ-FABRIK (DREIRAEDER),SIEGEN
6908,W09,F03,FECHT,GMBH KFZ-FABRIK (DREIRAEDER/ANHAENGER),RUPPICHTEROTH
6909,W09,G06,GEROH,GEROH GMBH (ANHAENGER),WAISCHENFELD
6910,W09,C03,CLAUSING,CLAUSING GMBH & CO KG FZ-BAU(NUTZFZ.ZUGFZ.ANHAENGER),MINDEN/WESTFALEN
6911,W09,T02,TOTH-TWA,WERNER TOTH (KRAFTRAEDER),WN-HEGNACH
6912,W09,L04,L+B MOLKEREITECHNIK,L+B MOLKEREITECHNIK GMBH U.CO KG (ANHAENGER),LIPPSTADT-RIXBECK
6916,W09,L06,LORD MUENSTERLAND,LORD MUENSTERLAND CARAVAN GMBH (ANHAENGER),SASSENBERG
6918,WDT,,DETHLEFFS CARAVANS,DETHLEFFS CARAVANS GMBH (ANHAENGER),ISNY/ALLGAEU
6924,SN7,,FAHRZEUGWERK GRUBE,"VEB KRAFTFAHRZEUGWERKE ERNST GRUBE,WERDAU(ANHAENGER)",WERDAU
6929,W09,W01,WESTERIA,WESTERIA FOERDERTECHNIK GMBH (ANHAENGER),TELGTE-WESTBEVERN
6938,W09,W42,WAREND.VERKAUFSWAGEN,WARENDORFER VERKAUFS-WAGEN GMBH (ANHAENGERBAU),BEELEN
6939,W09,G03,GLORIA,GLORIA-FAHRZEUGBAU BIEREWIRTZ ING.GRAD. (ANHAENGER),GREVENBROICH
6940,W09,L22,LINDENAU,LINDENAU FAHRZEUGBAU GMBH (ANHAENGER),OBERHAUSEN
6942,W09,R06,RUF,RUF Automobile GmbH,PFAFFENHAUSEN
6947,W09,K13,AL-KO Kober,AL-KO Kober SE,Kötz
6948,SNS,,FAHRZ.U.JAGDW-W.SUHL,VEB FAHRZEUG-U.JAGDWAFFENWERK ERNST THAELMANN (KRAD),SUHL
6950,W09,H10,HEITLING,Heitling Fahrzeugbau GmbH & Co.KG,Melle
6951,WJR,,IRMSCHER,Irmscher Automobilbau GmbH & Co. KG,Remshalden
6952,W09,V03,VAW,VAW VEREINIGTE ALU-WERKE AG BERLIN-BONN (ANHAENGER),BONN
6953,W09,K09,KRAUSER,KRAUSER KFZ-ZUBEHOER-VERTRIEBS-GMBH (KRAFTRAEDER),MERING
6955,W09,S04,SCHOCH,FRIEDRICH SCHOCH FAHRZEUGBAU (ANHAENGER),MICHELFELD
6956,WER,,ERIBA-HYMER,ERIBA-HYMER GMBH (ANHAENGER),BAD WALDSEE
6959,W09,D06,DOLL.FRANZ,FRANZ DOLL KRAFTFAHRZEUG-ANHAENGER,RHEINAU
6961,W09,C15,CHEMOWERK,CHEMOWERK GMBH FABRIK F.BEHAELTER U.TRANSPORTG.(ANH),WEINSTADT
6962,W09,S03,SKW,SKW-SCHLUESSELFELDER KAROSSERIEWERK GMBH (ANHAENGER),SCHLUESSELFELD-ASCHBACH
6963,W09,L41,LUECK,Lück Fahrzeugbau GmbH,Freudenberg
6975,W09,A38,ARCO-TRAILER,ARCO-TRAILER GMBH,GALLUN
6976,W09,P07,PEKI,PEKI ANHAENGER-U.KAROSSERIEBAU GMBH & CO KG,TRIER
6979,W09,T03,TRIKE-FAHRZEUGBAU,TRIKE-FAHRZEUGBAU 2000 GMBH (DREIRAEDER),KREUZTAL-EICHEN
6981,W09,M32,"MEYER,HEINRICH",H.MEYER GMBH (ANHAENGER),MOETTINGEN U.NOERDLINGE
6983,W09,E31,EBDA,EBDA-KAROSSERIEBAU GMBH (ANHAENGER),EMMERICH
6984,W09,Z03,ZIMMERMANN,DP MOTORSPORT E.ZIMMERMANN GMBH+CO KG (PERSONENWG),OVERATH
6989,W09,W45,WESTER,HEINRICH WESTER LANDMASCHINEN (ANHAENGER),WIPPINGEN
6990,W09,SA4,SAUERBURGER,FXS Sauerburger GmbH,Wasenweiler
6991,W09,U02,"UNSINN,LEONHARD",LEONHARD UNSINN LANDMASCHINEN (ANHAENGER),HOLZHEIM
6992,W09,K62,KIRSCH,KIRSCH GMBH (ANHAENGER),TRIER
6995,SN2,,IFA-KAROSSERIEWERKE,VEB IFA-KAROSSERIEWERKE DRESDEN (CARAVANES RIGIDES),RADEBERG U.ROSENTAL KRS.PIRNA/DDR
6996,W09,SC7,SCHLUMBOHM U.ROHDE,KAROSSERIE-U.FAHRZEUGBAU SCHLUMBOHM U.ROHDE GMBH,SOLTAU
6997,W09,R07,RUKU,RUKU-FAHRZEUGBAU RHEINAU GMBH (ANHAENGER),FREISTETT
6998,W09,R09,RHEINAU.MASCH-B.-RMA,RHEINAUER MASCH.-U.ARMATURENBAU (PKW),RHEINAU-RHEINBISCHOFSHEIM
7005,TEB,,BUCHER-GUYER (CH),BUCHER-GUYER AG,NIEDERWENINGEN/SCHWEIZ
7005,TE9,100,BUCHER-GUYER (CH),BUCHER-GUYER AG,NIEDERWENINGEN/SCHWEIZ
7009,TCC,,MCC (CH),MICRO COMPACT CAR AG (PASSENGER CAR),BIEL/SCHWEIZ
7011,TAM,,MOWAG (CH),Mowag GmbH,Kreuzlingen/Schweiz
7012,TAH,,AEBI (CH),AEBI & CO AG MASCHINENFABRIK (TRUCK),BURGDORF/SCHWEIZ
7015,TBS,,BOSCHUNG (CH),MARCEL BOSCHUNG AG (SPECIAL PURPOSE VEHICLE),SCHMITTEN/SCHWEIZ
7022,TFA,,AMMANN (CH),AMMANN-DUOMAT VERDICHTUNG AG (COMMERCIAL VEHICLE),LANGENTHAL/SCHWEIZ
7024,TFH,,FHS (CH),FHS E. FRECH-HOCH AG (ARBEITSMASCHINEN),SISSACH/SCHWEIZ
7028,TGG,,GRUETER+GUT (CH),GRUETER+GUT MOTORRADTECHNIK GMBH (VERSCH.FAHRZEUGE),"BALLWIL, SCHWEIZ"
7070,W1E,,Daimler Truck,Daimler Truck AG,Stuttgart/Leinfelden-Echterdingen
7070,W1F,,Daimler Truck,Daimler Truck AG,Stuttgart/Leinfelden-Echterdingen
7070,W1G,,Daimler Truck,Daimler Truck AG,Stuttgart/Leinfelden-Echterdingen
7070,W1H,,Daimler Truck,Daimler Truck AG,Stuttgart/Leinfelden-Echterdingen
7070,W1T,,Daimler Truck,Daimler Truck AG,Stuttgart/Leinfelden-Echterdingen
7077,WEB,,Daimler Buses,Daimler Buses GmbH,Stuttgart/Leinfelden-Echterdingen
7077,WKK,,Daimler Buses,Daimler Buses GmbH,Stuttgart/Leinfelden-Echterdingen
7100,JHL,,HONDA MOTOR (J),HONDA MOTOR COMP LTD (HONDA/RESERVE),TOKIO/JAPAN
7100,JHM,,HONDA MOTOR (J),HONDA MOTOR COMP LTD (HONDA/PASSENGER CAR),TOKIO/JAPAN
7100,JHW,,HONDA MOTOR (J),HONDA MOTOR COMP LTD (HONDA/RESERVE),TOKIO/JAPAN
7100,JHX,,HONDA MOTOR (J),HONDA MOTOR COMP LTD (HONDA/RESERVE),TOKIO/JAPAN
7100,JHY,,HONDA MOTOR (J),HONDA MOTOR COMP LTD (HONDA/RESERVE),TOKIO/JAPAN
7100,JHZ,,HONDA MOTOR (J),HONDA MOTOR COMP LTD (HONDA/RESERVE),TOKIO/JAPAN
7100,JH1,,HONDA MOTOR (J),HONDA MOTOR COMP LTD (HONDA/TRUCK COMPLETE VEHICLE),SAITAMA/JAPAN
7100,JH2,,HONDA MOTOR (J),HONDA MOTOR COMP LTD (HONDA/MOTORCYCLE),SAITAMA/JAPAN
7100,JH3,,HONDA MOTOR (J),HONDA MOTOR COMP LTD (HONDA/ALL-TERRAIN VEHICLE),SAITAMA/JAPAN
7100,JH4,,HONDA MOTOR (J),HONDA MOTOR COMP LTD (HONDA/RESERVE),SAITAMA/JAPAN
7100,JH5,,HONDA MOTOR (J),HONDA MOTOR COMP LTD (HONDA/RESERVE),SAITAMA/JAPAN
7100,JR1,,HONDA MOTOR (J),HONDA MOTOR COMP LTD (HONDA/RESERVE),TOKIO/JAPAN
7100,JR2,,HONDA MOTOR (J),HONDA MOTOR COMP LTD (HONDA/RESERVE),TOKIO/JAPAN
7100,JR3,,HONDA MOTOR (J),HONDA MOTOR COMP LTD (HONDA/RESERVE),TOKIO/JAPAN
7100,JR4,,HONDA MOTOR (J),HONDA MOTOR COMP LTD (HONDA/RESERVE),TOKIO/JAPAN
7100,JR5,,HONDA MOTOR (J),HONDA MOTOR COMP LTD (HONDA/RESERVE),TOKIO/JAPAN
7100,JR6,,HONDA MOTOR (J),HONDA MOTOR COMP LTD (HONDA/RESERVE),TOKIO/JAPAN
7100,JR7,,HONDA MOTOR (J),HONDA MOTOR COMP LTD (HONDA/RESERVE),TOKIO/JAPAN
7100,JR8,,HONDA MOTOR (J),HONDA MOTOR COMP LTD (HONDA/RESERVE),TOKIO/JAPAN
7100,LHG,,HONDA MOTOR (J),"HONDA MOTOR CO., LTD",TOKIO/JAPAN
7100,LVH,,HONDA MOTOR (J),HONDA MOTOR COMP LTD,TOKIO/JAPAN
7100,NLA,,HONDA MOTOR (J),HONDA MOTOR COMP LTD,TOKIO/JAPAN
7100,SHH,,HONDA MOTOR (J),HONDA MOTOR COMP LTD,TOKIO/JAPAN
7100,1HG,,HONDA MOTOR (J),HONDA MOTOR COMP LTD,TOKIO/JAPAN
7100,3HG,,HONDA MOTOR (J),HONDA MOTOR COMP LTD,TOKIO/JAPAN
7101,JY6,,YAMAHA (J),YAMAHA MOTOR CO. LTD (MOTORCYCLE),IWATA/JAPAN
7101,JYA,,YAMAHA (J),YAMAHA MOTOR CO. LTD (MOTORCYCLE),IWATA/JAPAN
7101,JYB,,YAMAHA (J),YAMAHA MOTOR CO. LTD (MOTORCYCLE),IWATA/JAPAN
7101,JYC,,YAMAHA (J),YAMAHA MOTOR CO. LTD (MOTORCYCLE),IWATA/JAPAN
7101,JYD,,YAMAHA (J),YAMAHA MOTOR CO. LTD (MOTORCYCLE),IWATA/JAPAN
7101,JYE,,YAMAHA (J),YAMAHA MOTOR CO. LTD (MOTORCYCLE),IWATA/JAPAN
7101,JYR,,YAMAHA (J),YAMAHA MOTOR CO. LTD (MOTORCYCLE),IWATA/JAPAN
7101,JYS,,YAMAHA (J),YAMAHA MOTOR CO. LTD (MOTORCYCLE),IWATA/JAPAN
7101,JYT,,YAMAHA (J),YAMAHA MOTOR CO. LTD (MOTORCYCLE),IWATA/JAPAN
7101,JY3,,YAMAHA (J),YAMAHA MOTOR CO. LTD (TRICYCLE/OFF ROAD),IWATA/JAPAN
7101,JY4,,YAMAHA (J),YAMAHA MOTOR CO. LTD (4-WHEELER/OFF ROAD),IWATA/JAPAN
7101,JY5,,YAMAHA (J),YAMAHA MOTOR CO. LTD (MOTORCYCLE),IWATA/JAPAN
7102,JGK,,SUZUKI (J),SUZUKI MOTOR CORPORATION,HAMAMATSU/JAPAN
7102,JGC,,SUZUKI (J),SUZUKI MOTOR CORPORATION (TRUCK),HAMAMATSU/JAPAN
7102,JGN,,SUZUKI (J),SUZUKI MOTOR CORPORATION,HAMAMATSU/JAPAN
7102,JGT,,SUZUKI (J),SUZUKI MOTOR CORPORATION (TRUCK),HAMAMATSU/JAPAN
7102,JG1,,SUZUKI (J),SUZUKI MOTOR CORPORATION (RESERVE/PASSENGER CAR),HAMAMATSU/JAPAN
7102,JG2,,SUZUKI (J),SUZUKI MOTOR CORPORATION (RESERVE/PASSENGER CAR),HAMAMATSU/JAPAN
7102,JG7,,SUZUKI (J),SUZUKI MOTOR CORPORATION (PASSENGER CAR),HAMAMATSU/JAPAN
7102,JSA,,SUZUKI (J),SUZUKI MOTOR CORPORATION (ALL-TERRAIN VEHICLE),HAMAMATSU U.KOSAI/JAPAN
7102,JSK,,SUZUKI (J),SUZUKI MOTOR CORPORATION (MOTORCYCLE),HAMAMATSU/JAPAN
7102,JSL,,SUZUKI (J),SUZUKI MOTOR CORPORATION (MOTORCYCLE),HAMAMATSU/JAPAN
7102,JST,,SUZUKI (J),SUZUKI MOTOR CORPORATION (MOTORCYCLE),HAMAMATSU/JAPAN
7102,JS1,,SUZUKI (J),SUZUKI MOTOR CORPORATION (MOTORCYCLE),HAMAMATSU/JAPAN
7102,JS2,,SUZUKI (J),SUZUKI MOTOR CORPORATION (PASSENGER CAR),HAMAMATSU/JAPAN
7102,JS3,,SUZUKI (J),SUZUKI MOTOR CORPORATION (MULTIPURPOSE.VEHICLE),HAMAMATSU/JAPAN
7102,JS4,,SUZUKI (J),SUZUKI MOTOR CORPORATION (TRUCK),HAMAMATSU/JAPAN
7102,LM1,,SUZUKI (J),SUZUKI MOTOR CORPORATION (MOTORCYCLE),HAMAMATSU-SHI/JAPAN
7102,MLC,,SUZUKI (J),SUZUKI MOTOR CORPORATION,HAMAMATSU/JAPAN
7102,VTT,,SUZUKI (J),SUZUKI MOTOR CORPORATION (RESERVE/PASSENGER CAR),HAMAMATSU/JAPAN
7102,5SA,,SUZUKI (J),SUZUKI MOTOR CORPORATION,HAMAMATSU/JAPAN
7103,JKA,,KAWASAKI (J),KAWASAKI HEAVY INDUSTRIES LTD (MOTORCYCLE),AKASHI/JAPAN
7103,JKB,,KAWASAKI (J),KAWASAKI HEAVY INDUSTRIES LTD (MOTORCYCLE),AKASHI/JAPAN
7103,JKC,,KAWASAKI (J),KAWASAKI HEAVY INDUSTRIES LTD (RESERVE),AKASHI/JAPAN
7103,JKD,,KAWASAKI (J),KAWASAKI HEAVY INDUSTRIES LTD (RESERVE),AKASHI/JAPAN
7103,JKS,,KAWASAKI (J),KAWASAKI HEAVY INDUSTRIES LTD (RESERVE),AKASHI/JAPAN
7103,JK1,,KAWASAKI (J),KAWASAKI HEAVY INDUSTRIES LTD (RESERVE),AKASHI/JAPAN
7103,JK2,,KAWASAKI (J),KAWASAKI HEAVY INDUSTRIES LTD (RESERVE),AKASHI/JAPAN
7103,MH4,,KAWASAKI (J),KAWASAKI HEAVY INDUSTRIES LTD,AKASHI/JAPAN
7103,ML5,,Kawasaki (J),KAWASAKI HEAVY INDUSTRIES LTD.,Akashi/Japan
7104,JTA,,TOYOTA (J),TOYOTA MOTOR CORP (TOYOTA/RESERVE),TOYOTA-SHI (AICHI-KEN)/JAPAN
7104,JTB,,TOYOTA (J),TOYOTA MOTOR CORP (TOYOTA/RESERVE),TOYOTA-SHI (AICHI-KEN)/JAPAN
7104,JTC,,TOYOTA (J),TOYOTA MOTOR CORP (TOYOTA/RESERVE),TOYOTA-SHI (AICHI-KEN)/JAPAN
7104,JTD,,TOYOTA (J),TOYOTA MOTOR CORPORATION,"TOYOTA-CHO, TOYOTA CITY, AICHI/JAPAN"
7104,JTE,,TOYOTA (J),TOYOTA MOTOR CORP (TOYOTA/RESERVE),TOYOTA-SHI (AICHI-KEN)/JAPAN
7104,JTF,,TOYOTA (J),TOYOTA MOTOR CORP (TOYOTA/RESERVE),TOYOTA-SHI (AICHI-KEN)/JAPAN
7104,JTG,,TOYOTA (J),TOYOTA MOTOR CORP (TOYOTA/RESERVE),TOYOTA-SHI (AICHI-KEN)/JAPAN
7104,JTH,,TOYOTA (J),TOYOTA MOTOR CORP (TOYOTA/RESERVE),TOYOTA-SHI (AICHI-KEN)/JAPAN
7104,JTJ,,TOYOTA (J),TOYOTA MOTOR CORP (TOYOTA/RESERVE),TOYOTA-SHI (AICHI-KEN)/JAPAN
7104,JTK,,TOYOTA (J),TOYOTA MOTOR CORP (TOYOTA/RESERVE),TOYOTA-SHI (AICHI-KEN)/JAPAN
7104,JTL,,TOYOTA (J),TOYOTA MOTOR CORP (TOYOTA/RESERVE),TOYOTA-SHI (AICHI-KEN)/JAPAN
7104,JTM,,TOYOTA (J),TOYOTA MOTOR CORP (TOYOTA/RESERVE),TOYOTA-SHI (AICHI-KEN)/JAPAN
7104,JTN,,TOYOTA (J),TOYOTA MOTOR CORP (TOYOTA/RESERVE),TOYOTA-SHI (AICHI-KEN)/JAPAN
7104,JTP,,TOYOTA (J),TOYOTA MOTOR CORPORATION,"TOYOTA-CHO, TOYOTA CITY, AICHI/JAPAN"
7104,JT1,,TOYOTA (J),TOYOTA MOTOR CORP (TOYOTA/ALL-TERRAIN VEHICLE),"KARIYA-SHI,TOYOTA-SHI(AICHI-KEN)JAPAN"
7104,JT2,,TOYOTA (J),TOYOTA MOTOR CORP (TOYOTA/PASSENGER CAR),TOYOTA-SHI (AICHI-KEN)/JAPAN
7104,JT3,,TOYOTA (J),TOYOTA MOTOR CORP (TOYOTA/MULTIPURPOSE VEHICLE),TOYOTA-SHI (AICHI-KEN)/JAPAN
7104,JT4,,TOYOTA (J),TOYOTA MOTOR CORP (TOYOTA/TRUCK),TOYOTA-SHI (AICHI-KEN)/JAPAN
7104,JT5,,TOYOTA (J),TOYOTA MOTOR CORP (TOYOTA/INCOMPLETE VEHICLE),TOYOTA-SHI (AICHI-KEN)/JAPAN
7104,JT6,,TOYOTA (J),TOYOTA MOTOR CORP (TOYOTA/RESERVE),TOYOTA-SHI (AICHI-KEN)/JAPAN
7104,JT7,,TOYOTA (J),TOYOTA MOTOR CORP (TOYOTA/RESERVE),TOYOTA-SHI (AICHI-KEN)/JAPAN
7104,JT8,,TOYOTA (J),TOYOTA MOTOR CORP (TOYOTA/RESERVE),TOYOTA-SHI (AICHI-KEN)/JAPAN
7104,JVW,,TOYOTA (J),TOYOTA MOTOR CORP,TOYOTA-SHI (AICHI-KEN)/JAPAN
7104,SB1,,TOYOTA (J),TOYOTA MOTOR CORP (TOYOTA/RESERVE),TOYOTA-SHI (AICHI-KEN)/JAPAN
7105,JNA,,NISSAN (J),NISSAN DIESEL MOTOR CO LTD (INCOMPLETE VEHICLE TRUCK),TOKIO/JAPAN
7105,JNB,,NISSAN (J),NISSAN DIESEL MOTOR CO LTD (RESERVE),TOKIO/JAPAN
7105,JNC,,NISSAN (J),NISSAN DIESEL MOTOR CO LTD (RESERVE),TOKIO/JAPAN
7105,JND,,NISSAN (J),NISSAN DIESEL MOTOR CO LTD (RESERVE),TOKIO/JAPAN
7105,JNE,,NISSAN (J),NISSAN DIESEL MOTOR CO LTD (TRUCK),TOKIO/JAPAN
7105,JNF,,NISSAN (J),NISSAN DIESEL MOTOR CO LTD (RESERVE),TOKIO/JAPAN
7105,JNK,,NISSAN (J),NISSAN DIESEL MOTOR CO LTD (RESERVE),TOKIO/JAPAN
7105,JNL,,NISSAN (J),NISSAN MOTOR COMPANY LTD,TOKIO/JAPAN
7105,JNM,,NISSAN (J),NISSAN MOTOR COMPANY LTD,TOKIO/JAPAN
7105,JNN,,NISSAN (J),NISSAN MOTOR COMPANY LTD,TOKIO/JAPAN
7105,JNP,,NISSAN (J),NISSAN MOTOR COMPANY LTD,TOKIO/JAPAN
7105,JNR,,NISSAN (J),NISSAN DIESEL MOTOR CO LTD (RESERVE),TOKIO/JAPAN
7105,JNS,,NISSAN (J),NISSAN MOTOR COMPANY LTD,TOKIO/JAPAN
7105,JNT,,NISSAN (J),NISSAN MOTOR COMPANY LTD,TOKIO/JAPAN
7105,JNU,,NISSAN (J),NISSAN MOTOR COMPANY LTD,TOKIO/JAPAN
7105,JNV,,NISSAN (J),NISSAN MOTOR COMPANY LTD,TOKIO/JAPAN
7105,JNW,,NISSAN (J),NISSAN MOTOR COMPANY LTD,TOKIO/JAPAN
7105,JNX,,NISSAN (J),NISSAN MOTOR COMPANY LTD,TOKIO/JAPAN
7105,JNY,,NISSAN (J),NISSAN MOTOR COMPANY LTD,TOKIO/JAPAN
7105,JNZ,,NISSAN (J),NISSAN MOTOR COMPANY LTD,TOKIO/JAPAN
7105,JN1,,NISSAN (J),NISSAN MOTOR COMP LTD (PASSENGER CAR),TOKIO/JAPAN
7105,JN2,,NISSAN (J),NISSAN MOTOR COMP LTD (RESERVE),TOKIO/JAPAN
7105,JN3,,NISSAN (J),NISSAN MOTOR COMP LTD (RESERVE),TOKIO/JAPAN
7105,JN4,,NISSAN (J),NISSAN MOTOR COMP LTD (RESERVE),TOKIO/JAPAN
7105,JN5,,NISSAN (J),NISSAN MOTOR COMP LTD (RESERVE),TOKIO/JAPAN
7105,JN6,,NISSAN (J),NISSAN MOTOR COMP LTD (TRUCK),TOKIO/JAPAN
7105,JN7,,NISSAN (J),NISSAN MOTOR COMP LTD (RESERVE),TOKIO/JAPAN
7105,JN8,,NISSAN (J),NISSAN MOTOR COMP LTD (MULTI-PURPOSE VEHICLE),TOKIO/JAPAN
7105,JPA,,NISSAN (J),NISSAN DIESEL MOTOR CO LTD (INCOMPLETE VEHICLE TRUCK),TOKIO/JAPAN
7105,JPB,,NISSAN (J),NISSAN DIESEL MOTOR CO LTD (RESERVE),TOKIO/JAPAN
7105,JPC,,NISSAN (J),NISSAN DIESEL MOTOR CO LTD (RESERVE),TOKIO/JAPAN
7105,JPD,,NISSAN (J),NISSAN DIESEL MOTOR CO LTD (RESERVE),TOKIO/JAPAN
7105,JPE,,NISSAN (J),NISSAN DIESEL MOTOR CO LTD (INTERNATIONAL TRUCK),TOKIO/JAPAN
7105,VSK,,NISSAN (J),NISSAN MOTOR COMPANY LTD,TOKIO/JAPAN
7106,JF1,,FUJI HEAVY IND.(J),FUJI HEAVY INDUSTRIES LTD (SUBARU/PASSENGER CAR),TOKIO/JAPAN
7106,JF2,,FUJI HEAVY IND.(J),FUJI HEAVY INDUSTRIES LTD(SUBARU/MULTIPURPOSE VEHIC),TOKIO/JAPAN
7106,JF3,,FUJI HEAVY IND.(J),FUJI HEAVY INDUSTRIES LTD (SUBARU/TRUCK COMPL.VEHIC),TOKIO/JAPAN
7106,4S4,,FUJI HEAVY IND.(J),FUJI HEAVY INDUSTRIES LTD (SUBARU/PASSENGER CAR),TOKIO/JAPAN
7106,JTD,,FUJI HEAVY IND.(J),FUJI HEAVY INDUSTRIES LTD (SUBARU/PASSENGER CAR),TOKIO/JAPAN
7107,JA3,,MITSUBISHI (J),MITSUBISHI MOTORS CORP (MITSUBISHI/PASSENGER CAR),TOKIO/JAPAN
7107,JA4,,MITSUBISHI (J),MITSUBISHI MOTORS CORP (MITSUBISHI/MULTIPURPOSE VEH),TOKIO/JAPAN
7107,JA5,,MITSUBISHI (J),MITSUBISHI MOTORS CORP (MITSUBISHI/BUS),TOKIO/JAPAN
7107,JA6,,MITSUBISHI (J),MITSUBISHI MOTORS CORP (MITSUBISHI/INCOMPLETE VEHIC),TOKIO/JAPAN
7107,JA7,,MITSUBISHI (J),MITSUBISHI MOTORS CORP (MITSUBISHI/TRUCK),TOKIO/JAPAN
7107,JB3,,MITSUBISHI (J),MITSUBISHI MOTORS CORP (DODGE/PASSENGER CAR),TOKIO/JAPAN
7107,JB4,,MITSUBISHI (J),MITSUBISHI MOTORS CORP (DODGE/MULTIPURPOSE VEHICLE),TOKIO/JAPAN
7107,JB5,,MITSUBISHI (J),MITSUBISHI MOTORS CORP (DODGE/BUS),TOKIO/JAPAN
7107,JB6,,MITSUBISHI (J),MITSUBISHI MOTORS CORP (DODGE/INCOMPLETE VEHICLE),TOKIO/JAPAN
7107,JB7,,MITSUBISHI (J),MITSUBISHI MOTORS CORP (DODGE/TRUCK),TOKIO/JAPAN
7107,JE3,,MITSUBISHI (J),MITSUBISHI MOTORS CORP (MITSUBISHI/RESERVE),TOKIO/JAPAN
7107,JE4,,MITSUBISHI (J),MITSUBISHI MOTORS CORP,TOKIO/JAPAN
7107,JE5,,MITSUBISHI (J),MITSUBISHI MOTORS CORP,TOKIO/JAPAN
7107,JE6,,MITSUBISHI (J),MITSUBISHI MOTORS CORP,TOKIO/JAPAN
7107,JE7,,MITSUBISHI (J),MITSUBISHI MOTORS CORP,TOKIO/JAPAN
7107,JJ3,,MITSUBISHI (J),MITSUBISHI MOTORS CORP (COLT/CHRYSLER/PASSENGER CAR),TOKIO/JAPAN
7107,JJ4,,MITSUBISHI (J),MITSUBISHI MOTORS CORP (COLT/CHRYSLER/MP-VEHICLE),TOKIO/JAPAN
7107,JJ5,,MITSUBISHI (J),MITSUBISHI MOTORS CORP (COLT/BUS),TOKIO/JAPAN
7107,JJ6,,MITSUBISHI (J),MITSUBISHI MOTORS CORP (COLT/CHRYSLER/INCOMPL.VEHIC),TOKIO/JAPAN
7107,JJ7,,MITSUBISHI (J),MITSUBISHI MOTORS CORP (COLT/CHRYSLER/TRUCK),TOKIO/JAPAN
7107,JMA,,MITSUBISHI (J),MITSUBISHI MOTORS CORP (PASSENGER CAR/TRUCK),TOKIO/JAPAN
7107,JMB,,MITSUBISHI (J),MITSUBISHI MOTORS CORP (PASSENGER CAR/TRUCK),TOKIO/JAPAN
7107,JMC,,MITSUBISHI (J),MITSUBISHI MOTORS CORP (MITSUBISHI/RESERVE),TOKIO/JAPAN
7107,JMD,,MITSUBISHI (J),MITSUBISHI MOTORS CORP (MITSUBISHI/RESERVE),TOKIO/JAPAN
7107,JME,,MITSUBISHI (J),MITSUBISHI MOTORS CORP (MITSUBISHI/RESERVE),TOKIO/JAPAN
7107,JMF,,MITSUBISHI (J),MITSUBISHI MOTORS CORP (MITSUBISHI/RESERVE),TOKIO/JAPAN
7107,JMG,,MITSUBISHI (J),MITSUBISHI MOTORS CORP (MITSUBISHI/RESERVE),TOKIO/JAPAN
7107,JMH,,MITSUBISHI (J),MITSUBISHI MOTORS CORP (MITSUBISHI/RESERVE),TOKIO/JAPAN
7107,JMJ,,MITSUBISHI (J),MITSUBISHI MOTORS CORP (MITSUBISHI/RESERVE),TOKIO/JAPAN
7107,JMK,,MITSUBISHI (J),MITSUBISHI MOTORS CORP (MITSUBISHI/RESERVE),TOKIO/JAPAN
7107,JML,,MITSUBISHI (J),MITSUBISHI MOTORS CORP (MITSUBISHI/RESERVE),TOKIO/JAPAN
7107,JMM,,MITSUBISHI (J),MITSUBISHI MOTORS CORP (MITSUBISHI/RESERVE),TOKIO/JAPAN
7107,JMN,,MITSUBISHI (J),MITSUBISHI MOTORS CORP (MITSUBISHI/RESERVE),TOKIO/JAPAN
7107,JMP,,MITSUBISHI (J),MITSUBISHI MOTORS CORP (MITSUBISHI/RESERVE),TOKIO/JAPAN
7107,JMR,,MITSUBISHI (J),MITSUBISHI MOTORS CORP (MITSUBISHI/RESERVE),TOKIO/JAPAN
7107,JMS,,MITSUBISHI (J),MITSUBISHI MOTORS CORP (MITSUBISHI/RESERVE),TOKIO/JAPAN
7107,JMT,,MITSUBISHI (J),MITSUBISHI MOTORS CORP (MITSUBISHI/RESERVE),TOKIO/JAPAN
7107,JMU,,MITSUBISHI (J),MITSUBISHI MOTORS CORP (MITSUBISHI/RESERVE),TOKIO/JAPAN
7107,JMV,,MITSUBISHI (J),MITSUBISHI MOTORS CORP (MITSUBISHI/RESERVE),TOKIO/JAPAN
7107,JMW,,MITSUBISHI (J),MITSUBISHI MOTORS CORP (MITSUBISHI/RESERVE),TOKIO/JAPAN
7107,JMX,,MITSUBISHI (J),MITSUBISHI MOTORS CORP (MITSUBISHI/RESERVE),TOKIO/JAPAN
7107,JMY,,MITSUBISHI (J),MITSUBISHI MOTORS CORP (MITSUBISHI/RESERVE),TOKIO/JAPAN
7107,JP3,,MITSUBISHI (J),MITSUBISHI MOTORS CORP (PLYMOUTH/PASSENGER CAR),TOKIO/JAPAN
7107,JP4,,MITSUBISHI (J),MITSUBISHI MOTORS CORP (PLYMOUTH/MULTIPURPOSE VEHIC),TOKIO/JAPAN
7107,JP5,,MITSUBISHI (J),MITSUBISHI MOTORS CORP (PLYMOUTH/BUS),TOKIO/JAPAN
7107,JP6,,MITSUBISHI (J),MITSUBISHI MOTORS CORP (PLYMOUTH/INCOMPLETE VEHICLE),TOKIO/JAPAN
7107,JP7,,MITSUBISHI (J),MITSUBISHI MOTORS CORP (PLYMOUTH/TRUCK),TOKIO/JAPAN
7107,JW3,,MITSUBISHI (J),MITSUBISHI MOTORS CORP (RESERVE),TOKIO/JAPAN
7107,JW4,,MITSUBISHI (J),MITSUBISHI MOTORS CORP (RESERVE),TOKIO/JAPAN
7107,JW5,,MITSUBISHI (J),MITSUBISHI MOTORS CORP (RESERVE),TOKIO/JAPAN
7107,JW6,,MITSUBISHI (J),MITSUBISHI MOTORS CORP (RESERVE),TOKIO/JAPAN
7107,JW7,,MITSUBISHI (J),MITSUBISHI MOTORS CORP (RESERVE),TOKIO/JAPAN
7107,TYB,,MITSUBISHI (J),MITSUBISHI MOTORS CORP (TRUCK),TOKIO/JAPAN
7107,TY1,,MITSUBISHI (J),MITSUBISHI MOTORS CORP (TRUCK),TOKIO/JAPAN
7107,XMC,,MITSUBISHI (J),MITSUBISHI MOTORS CORP (MITSUBISHI/PASSENGER CAR),TOKIO/JAPAN
7108,JC0,,TOYO KOGYO (J),TOYO KOGYO COMP LTD (FORD/RESERVE),HIROSHIMA/JAPAN
7108,JC1,,TOYO KOGYO (J),TOYO KOGYO COMP LTD (FORD/PASSENGER CAR),HIROSHIMA/JAPAN
7108,JC2,,TOYO KOGYO (J),TOYO KOGYO COMP LTD (FORD/TRUCK COMPLETE VEHICLE),HIROSHIMA/JAPAN
7108,JC3,,TOYO KOGYO (J),TOYO KOGYO COMP LTD (FORD/RESERVE),HIROSHIMA/JAPAN
7108,JC4,,TOYO KOGYO (J),TOYO KOGYO CO LTD (FORD/INCOMPLETE VEHICLE),HIROSHIMA/JAPAN
7108,JC5,,TOYO KOGYO (J),TOYO KOGYO COMP LTD (FORD/RESERVE),HIROSHIMA/JAPAN
7108,JC6,,TOYO KOGYO (J),TOYO KOGYO COMP LTD (FORD/RESERVE),HIROSHIMA/JAPAN
7108,JC7,,TOYO KOGYO (J),TOYO KOGYO COMP LTD (FORD/RESERVE),HIROSHIMA/JAPAN
7108,JC8,,TOYO KOGYO (J),TOYO KOGYO COMP LTD (FORD/RESERVE),HIROSHIMA/JAPAN
7108,JMZ,,TOYO KOGYO (J),TOYO KOGYO COMPANY LTD (ALL VEHICLE),HIROSHIMA/JAPAN
7108,JM0,,TOYO KOGYO (J),TOYO KOGYO COMP LTD (MAZDA/RESERVE),HIROSHIMA/JAPAN
7108,JM1,,TOYO KOGYO (J),TOYO KOGYO COMP LTD (MAZDA/PASSENGER CAR),HIROSHIMA/JAPAN
7108,JM2,,TOYO KOGYO (J),TOYO KOGYO COMP LTD (MAZDA/TRUCK COMPLETE VEHICLE),HIROSHIMA/JAPAN
7108,JM3,,TOYO KOGYO (J),TOYO KOGYO COMP LTD (MAZDA/RESERVE),HIROSHIMA/JAPAN
7108,JM4,,TOYO KOGYO (J),TOYO KOGYO COMP LTD (MAZDA/RESERVE),HIROSHIMA/JAPAN
7108,JM5,,TOYO KOGYO (J),TOYO KOGYO COMP LTD (MAZDA/RESERVE),HIROSHIMA/JAPAN
7108,JM6,,TOYO KOGYO (J),TOYO KOGYO COMP LTD (MAZDA/RESERVE),HIROSHIMA/JAPAN
7108,JM7,,TOYO KOGYO (J),TOYO KOGYO COMP LTD (MAZDA/RESERVE),HIROSHIMA/JAPAN
7108,JM8,,TOYO KOGYO (J),TOYO KOGYO COMP LTD (MAZDA/RESERVE),HIROSHIMA/JAPAN
7109,JTX,,TADANO IRON (J),TADANO IRON WORKS,TAKAMAZU/JAPAN
7111,JDA,,DAIHATSU (J),DAIHATSU MOTOR COMP LTD (DAIHATSU/CAR + TRUCK),OSAKA/JAPAN
7111,JD1,,DAIHATSU (J),DAIHATSU MOTOR COMP LTD (DAIHATSU/RESERVE),OSAKA/JAPAN
7111,JD2,,DAIHATSU (J),DAIHATSU MOTOR COMP LTD (DAIHATSU/RESERVE),OSAKA/JAPAN
7111,JD3,,DAIHATSU (J),DAIHATSU MOTOR COMP LTD (DAIHATSU/RESERVE),OSAKA/JAPAN
7111,JD4,,DAIHATSU (J),DAIHATSU MOTOR COMP LTD (DAIHATSU/RESERVE),OSAKA/JAPAN
7111,JD5,,DAIHATSU (J),DAIHATSU MOTOR COMP LTD (DAIHATSU/RESERVE),OSAKA/JAPAN
7111,JD6,,DAIHATSU (J),DAIHATSU MOTOR COMP LTD (DAIHATSU/RESERVE),OSAKA/JAPAN
7111,JD7,,DAIHATSU (J),DAIHATSU MOTOR COMP LTD (DAIHATSU/RESERVE),OSAKA/JAPAN
7111,JD8,,DAIHATSU (J),DAIHATSU MOTOR COMP LTD (DAIHATSU/RESERVE),OSAKA/JAPAN
7114,JK6,,HITACHI (J),HITACHI CONSTRUCTION MACHINERY CO LTD,Ibaraki-ken/JAPAN
7115,JAA,,ISUZU (J),ISUZU MOTOR COMP (ISUZU/TRUCK LIGHT DUTY),FUJISAWA CITY/JAPAN
7115,JAB,,ISUZU (J),ISUZU MOTOR COMP (ISUZU/PASSENGER CAR),FUJISAWA CITY/JAPAN
7115,JAC,,ISUZU (J),ISUZU MOTORS LTD (ISUZU/MULTIPURPOSE VEHICLE),FUJISAWA CITY/JAPAN
7115,JAD,,ISUZU (J),ISUZU MOTORS LTD (LIGHT DUTY BUS),FUJISAWA CITY/JAPAN
7115,JAE,,ISUZU (J),ISUZU MOTORS LTD (LIGHT DUTY TRAILER),FUJISAWA CITY/JAPAN
7115,JAF,,ISUZU (J),ISUZU MOTORS LTD (RESERVE),FUJISAWA CITY/JAPAN
7115,JAG,,ISUZU (J),ISUZU MOTORS LTD (RESERVE),FUJISAWA CITY/JAPAN
7115,JAH,,ISUZU (J),ISUZU MOTORS LTD (ISUZU/TRUCK MEDIUM HEAVY),FUJISAWA CITY/JAPAN
7115,JAJ,,ISUZU (J),ISUZU MOTORS LTD (HEAVY DUTY BUS),FUJISAWA CITY/JAPAN
7115,JAK,,ISUZU (J),ISUZU MOTORS LTD (HEAVY DUTY TRAILER),FUJISAWA CITY/JAPAN
7115,JAL,,ISUZU (J),ISUZU MOTORS LTD (ISUZU/INCOMPL.VEHICLE MED.HEAVY),FUJISAWA CITY/JAPAN
7115,JAM,,ISUZU (J),ISUZU MOTORS LTD (ISUZU/INCOMPL.VEHICLE LIGHT DUTY),FUJISAWA CITY/JAPAN
7115,JAN,,ISUZU (J),ISUZU MOTOR COMP (RESERVE),FUJISAWA CITY/JAPAN
7115,JAP,,ISUZU (J),ISUZU MOTOR COMP (RESERVE),FUJISAWA CITY/JAPAN
7115,JAR,,ISUZU (J),ISUZU MOTOR COMP (RESERVE),FUJISAWA CITY/JAPAN
7115,JAS,,ISUZU (J),ISUZU MOTOR COMP (RESERVE),FUJISAWA CITY/JAPAN
7115,JAT,,ISUZU (J),ISUZU MOTOR COMP (RESERVE),FUJISAWA CITY/JAPAN
7115,JAU,,ISUZU (J),ISUZU MOTOR COMP (RESERVE),FUJISAWA CITY/JAPAN
7115,JAV,,ISUZU (J),ISUZU MOTOR COMP (RESERVE),FUJISAWA CITY/JAPAN
7115,JAW,,ISUZU (J),ISUZU MOTOR COMP (RESERVE),FUJISAWA CITY/JAPAN
7115,JAX,,ISUZU (J),ISUZU MOTOR COMP (RESERVE),FUJISAWA CITY/JAPAN
7115,JAY,,ISUZU (J),ISUZU MOTOR COMP (RESERVE),FUJISAWA CITY/JAPAN
7115,JAZ,,ISUZU (J),ISUZU MOTOR COMP (RESERVE),FUJISAWA CITY/JAPAN
7115,J8A,,ISUZU (J),ISUZU MOTOR COMP (RESERVE),FUJISAWA CITY/JAPAN
7115,J8B,,ISUZU (J),ISUZU MOTOR COMP (RESERVE),FUJISAWA CITY/JAPAN
7115,J8C,,ISUZU (J),ISUZU MOTOR COMP (RESERVE),FUJISAWA CITY/JAPAN
7115,J8D,,ISUZU (J),ISUZU MOTOR COMP (RESERVE),FUJISAWA CITY/JAPAN
7115,J8E,,ISUZU (J),ISUZU MOTOR COMP (RESERVE),FUJISAWA CITY/JAPAN
7115,J8F,,ISUZU (J),ISUZU MOTOR COMP (RESERVE),FUJISAWA CITY/JAPAN
7115,J8G,,ISUZU (J),ISUZU MOTOR COMP (RESERVE),FUJISAWA CITY/JAPAN
7115,J8H,,ISUZU (J),ISUZU MOTOR COMP (RESERVE),FUJISAWA CITY/JAPAN
7115,J8J,,ISUZU (J),ISUZU MOTORS INCORP (BUICK/PASSENGER CAR),FUJISAWA CITY/JAPAN
7115,J8K,,ISUZU (J),ISUZU MOTOR COMP (RESERVE),FUJISAWA CITY/JAPAN
7115,J8L,,ISUZU (J),ISUZU MOTOR COMP (RESERVE),FUJISAWA CITY/JAPAN
7115,J8M,,ISUZU (J),ISUZU MOTOR COMP (RESERVE),FUJISAWA CITY/JAPAN
7115,J8N,,ISUZU (J),ISUZU MOTOR COMP (RESERVE),FUJISAWA CITY/JAPAN
7115,J8P,,ISUZU (J),ISUZU MOTOR COMP (RESERVE),FUJISAWA CITY/JAPAN
7115,J8R,,ISUZU (J),ISUZU MOTOR COMP (RESERVE),FUJISAWA CITY/JAPAN
7115,J8S,,ISUZU (J),ISUZU MOTOR COMP (RESERVE),FUJISAWA CITY/JAPAN
7115,J8T,,ISUZU (J),ISUZU MOTOR COMP (RESERVE),FUJISAWA CITY/JAPAN
7115,J8U,,ISUZU (J),ISUZU MOTOR COMP (RESERVE),FUJISAWA CITY/JAPAN
7115,J8V,,ISUZU (J),ISUZU MOTOR COMP (RESERVE),FUJISAWA CITY/JAPAN
7115,J8W,,ISUZU (J),ISUZU MOTOR COMP (RESERVE),FUJISAWA CITY/JAPAN
7115,J8X,,ISUZU (J),ISUZU MOTORS LTD (CHEVROLET/INCOMP.VEHIC.LIGHT DUTY),FUJISAWA CITY/JAPAN
7115,J8Y,,ISUZU (J),ISUZU MOTORS INCORP (CHEVROLET VAUXHALL/TRUCK),FUJISAWA CITY/JAPAN
7115,J8Z,,ISUZU (J),ISUZU MOTORS LTD (PASSENGER CAR),FUJISAWA CITY/JAPAN
7115,J81,,ISUZU (J),ISUZU MOTORS LTD (PASSENGER CAR),FUJISAWA CITY/JAPAN
7115,J82,,ISUZU (J),ISUZU MOTORS LTD (PASSENGER CAR),FUJISAWA CITY/JAPAN
7115,J87,,ISUZU (J),Isuzu Motors Limited,Yokohama/Japan
7115,MPA,,ISUZU (J),ISUZU MOTOT COMP (RESERVE),FUJISAWA CITY/JAPAN
7115,MP1,,ISUZU (J),ISUZU MOTORS LTD,TOKIO/JAPAN
7118,JC0,,MAZDA (J),MAZDA MOTOR CORP (FORD/RESERVE),HIROSHIMA/JAPAN
7118,JC1,,MAZDA (J),MAZDA MOTOR CORP (FORD/PASSENGER CAR),HIROSHIMA/JAPAN
7118,JC2,,MAZDA (J),MAZDA MOTOR CORP (FORD/TRUCK COMPLETE VEHICLE),HIROSHIMA/JAPAN
7118,JC3,,MAZDA (J),MAZDA MOTOR CORP (FORD/RESERVE),HIROSHIMA/JAPAN
7118,JC4,,MAZDA (J),MAZDA MOTOR CORP (FORD/INCOMPLETE VEHICLE),HIROSHIMA/JAPAN
7118,JC5,,MAZDA (J),MAZDA MOTOR CORP (FORD/RESERVE),HIROSHIMA/JAPAN
7118,JC6,,MAZDA (J),MAZDA MOTOR CORP (FORD/RESERVE),HIROSHIMA/JAPAN
7118,JC7,,MAZDA (J),MAZDA MOTOR CORP (FORD/RESERVE),HIROSHIMA/JAPAN
7118,JC8,,MAZDA (J),MAZDA MOTOR CORP (FORD/RESERVE),HIROSHIMA/JAPAN
7118,JMZ,,MAZDA (J),MAZDA MOTOR CORP (ALL VEHICLE),HIROSHIMA/JAPAN
7118,JM0,,MAZDA (J),MAZDA MOTOR CORP (MAZDA/RESERVE),HIROSHIMA/JAPAN
7118,JM1,,MAZDA (J),MAZDA MOTOR CORP (MAZDA/PASSENGER CAR),HIROSHIMA/JAPAN
7118,JM2,,MAZDA (J),MAZDA MOTOR CORP (MAZDA/TRUCK COMPLETE VEHICLE),HIROSHIMA/JAPAN
7118,JM3,,MAZDA (J),MAZDA MOTOR CORP (MAZDA/RESERVE),HIROSHIMA/JAPAN
7118,JM4,,MAZDA (J),MAZDA MOTOR CORP (MAZDA/RESERVE),HIROSHIMA/JAPAN
7118,JM5,,MAZDA (J),MAZDA MOTOR CORP (MAZDA/RESERVE),HIROSHIMA/JAPAN
7118,JM6,,MAZDA (J),MAZDA MOTOR CORP (MAZDA/RESERVE),HIROSHIMA/JAPAN
7118,JM7,,MAZDA (J),MAZDA MOTOR CORP (MAZDA/RESERVE),HIROSHIMA/JAPAN
7118,JM8,,MAZDA (J),MAZDA MOTOR CORP (MAZDA/RESERVE),HIROSHIMA/JAPAN
7118,MMZ,,MAZDA (J),MAZDA MOTOR CORPORATION,HIROSHIMA/JAPAN
7118,3MD,,MAZDA (J),MAZDA MOTOR CORP (FORD/PASSENGER CAR),HIROSHIMA/JAPAN
7118,3MV,,Mazda (J),Mazda Motor Corporation,Hiroshima/Japan
7118,3MZ,,MAZDA (J),MAZDA MOTOR CORP (ALL VEHICLE),HIROSHIMA/JAPAN
7149,JLB,,MFTBC (J),MITSUBISHI FUSO TRUCK/BUS CORPO (LKW),KASHIMADA/JAPAN
7149,TYA,,MFTBC (J),MITSUBISHI FUSO TRUCK/BUS CORPO (LKW),TOKYO/JAPAN
7149,TYB,,MFTBC (J),MITSUBISHI FUSO TRUCK/BUS CORPO (LKW),TOKYO/JAPAN
7401,PL1,,PROTON (MAL),PERUSAHAAN OTOMOBIL NASIONAL BERHAD (PASSENGER CAR),SHAH ALAM/MALAYSIA
7431,ML3,,MITSUBISHI (THA),"Mitsubishi Motors (Thailand) Co., Ltd.","Klong Toei, Bangkok/Thailand"
7431,MMB,,MITSUBISHI (THA),"Mitsubishi Motors (Thailand) Co., Ltd.","Klong Toei, Bangkok/Thailand"
7431,MMC,,MITSUBISHI (THA),"Mitsubishi Motors (Thailand) Co., Ltd.","Klong Toei, Bangkok/Thailand"
7431,MN3,,MITSUBISHI (THA),"Mitsubishi Motors (Thailand) Co., Ltd.","Klong Toei, Bangkok/Thailand"
7431,MP3,,MITSUBISHI (THA),"Mitsubishi Motors (Thailand) Co., Ltd.","Klong Toei, Bangkok/Thailand"
7432,MLH,,THAI HONDA (THA),"THAI HONDA Co., Ltd.",BANGKOK/THAILAND
7433,MLE,,THAI YAMAHA (THA),THAI YAMAHA MOTOR (KRAFTRAEDER),SAMUTPRAKARN/THAILAND
7452,LPR,,YAMAHA (RC),YAMAHA MOTOR TAIWAN CO LTD (MOTORCYCLE),CHUNLI/TAIWAN
7452,RKR,,YAMAHA (RC),YAMAHA MOTOR TAIWAN CO LTD (MOTORCYCLE),CHUNLI/TAIWAN
7453,RFB,,KWANG YANG (RC),KWANG YANG MOTOR CO LTD (MOTORCYCLE),KAOHSIUNG/TAIWAN
7453,RGS,,KWANG YANG (RC),KWANG YANG MOTOR CO LTD (MOTORCYCLE),KAOHSIUNG/TAIWAN
7455,RFG,,SANYANG (RC),"SANYANG Motor Co., Ltd.","Hukou, Hsinchu/Taiwan"
7457,RFC,,TAIW.GOLDEN BEE (RC),TAIWAN GOLDEN BEE CO LTD (MOTORCYCLE),KAOHSIUNG HSIEN/TAIWAN
7458,RFR,,STANDARD MOTOR (RC),STANDARD MOTOR CORP. (MOTORCYCLE),Tainan City/TAIWAN
7459,LAK,,CHANGZHOU LANX.(RC),CHANGZHOU LANXIANG TIENLEE MACHINERY FACTORY CO.LTD,CHONGZHOU/CHINA
7460,LCL,,CHUN LAN GROUP (RC),CHUN LAN GROUP (MOTORCYCLE),THAIZHOU/CHINA
7461,RFL,,HER CHEE (RC),HER CHEE INDUSTRIAL CO.LTD. (MOTORCYCLE),YI-CHU HSIANG/TAIWAN
7462,RFU,,UNIVERSAL (RC),UNIVERSAL MOTOR CO. LTD. (MOTORCYCLE),KAOHSIUNG HSIEN/TAIWAN
7463,RFT,,C.P.I. MOTOR (RC),C.P.I. MOTOR COMPANY (MOTORCYCLE),TA-LI CITY/TAIWAN
7464,RF3,,AEON MOTOR (RC),AEON MOTOR CO. LTD (MOTORCYCLE),TAINAN/TAIWAN
7466,RKE,,UNILLI MOTOR (RC),UNILLI MOTOR CO.LTD (KRAFTRAEDER),CHANGHUA COUNTY/TAIWAN
7467,RFW,,DINLI (RC),DINLI METAL INDUSTRIAL CO LTD. (LEICHTKRAFTFZG.),TAICHUNG/TAIWAN
7468,LL8,,JIANGSU LINHAI (RC),"Jiangsu Linhai Yamaha Motor Co., Ltd. (Krafträder)",Jiangsu/China
7469,RK4,,BAROSSA MOTOR (RC),BAROSSA MOTOR IND. (KRAFTRAEDER),TAINAN COUNTRY/TAIWAN
7470,RFY,,SHE LUNG (RC),SHE LUNG ELECTRIC (KRAFTRAEDER),TAINAN/TAIWAN
7472,RF7,,JORDAN MOTORS(RC),JORDAN MOTORS CO.LTD. (SONSTIGE FAHRZEUGART),CHANGHUA COSTAL/TAIWAN
7473,RKD,,REINMECH CORP. (RC),REINMECH CORPORATION (SONST. FAHRZEUGE),TAICHUNG/TAIWAN
7474,LJ5,,CIXI KING.(RC),CIXI KING.MOTORCYCLE CO.LTD. (KRAFTRAEDER),ZHEJIANG
7475,LUC,,HONDA (RC),HONDA AUTOMOBILE (CHINA) CO.LTD (PKW),GUANGZHOU GUANGDONG
7476,LC2,,CHANGZHOU KWANG. (RC),CHANGZHOU KWANGYANG MOTOR CO.LTD.(KRAFTRAEDER),CHANGZHOU CITY
7477,RGT,,HARTFORD (RC),HARTFORD INDUSTRIAL CO.LTD.(KRAFTRAEDER),TAICHUNG/TAIWAN
7477,RH9,001,HARTFORD (RC),HARTFORD INDUSTRIAL CO.LTD. (KRAFTRAEDER),TAICHUNG/TAIWAN
7477,RH9,500,HARTFORD (RC),HARTFORD INDUSTRIAL CO.LTD. (KRAFTRAEDER),TAICHUNG/TAIWAN
7477,RH9,510,HARTFORD (RC),HARTFORD INDUSTRIAL CO.LTD.(KRAFTRAEDER),TAICHUNG/TAIWAN
7501,VTL,,YAMAHA (E),YAMAHA SOCIEDAD ESPANOLA DE MOTOCICLETAS (MOT.CYCLE),BARCELONA/SPANIEN
7502,VTA,,MOTO VESPA (E),MOTO VESPA SA (MOTORCYCLE),MADRID/SPANIEN
7502,VTB,,MOTO VESPA (E),MOTO VESPA SA (MOTORCYCLE),MADRID/SPANIEN
7503,VSK,,N.M.I.S.A.(E),NISSAN MOTOR IBERICA SA (PASSENGER CAR),BARCELONA/SPANIEN
7504,VS9,108,IMENASA GRUAS (E),"IMENASA GRUAS SA, GRUPO LIEBHERR (TRAILER)",PAMPLONA/SPANIEN
7505,VWA,,NISSAN VEHICULOS (E),NISSAN VEHICULOS INDUSTRIALES SA (MULTIPURP.VEHICLE),AVILA/SPANIEN
7506,VS9,L05,LIEBHERR (E),LIEBHERR INDUSTRIAS METALICAS SA (TRAILER),PAMPLONA/SPANIEN
7506,VS9,108,LIEBHERR (E),LIEBHERR INDUSTRIAS METALICAS SA (TRAILER),PAMPLONA/SPANIEN
7507,VVD,,HNOS.SANCHEZ-LAF.(E),HNOS.SANCHEZ-LAFUENTE SA (TRAILER),CAMPANILLAS (MALAGA)/SPANIEN
7508,VTP,,RIEJU (E),RIEJU S.A. (MOTORCYCLE),FIGUERES/SPANIEN
7509,VTB,,PIAGGIO (E),PIAGGIO ESPANA S.A. (MOTORCYCLE),MADRID/SPANIEN
7510,VTV,,MOTORHISPANIA (E),MOTORHISPANIA S.L. (KRAFTRAEDER),SEVILLE/SPANIEN
7511,VS9,867,UTIFORM (E),"UTIFORM UTILES Y FORMAS, S.L. (ANHAENGER)",ALMORADI/ALICANTE
7526,VSX,,GENERAL MOTORS (E),GENERAL MOTORS ESPANA SA (PASSENGER CAR),ZARAGOZA/SPANIEN
7528,VS6,,FORD (E),FORD ESPANA SA (TRUCK/PASSENGER CAR),ALMUSAFES (VALENCIA)/SPANIEN
7529,VSG,,MOTOR IBERICA (E),MOTOR IBERICA SA (EBRO),BARCELONA/SPANIEN
7529,VSH,,MOTOR IBERICA (E),MOTOR IBERICA SA (AVIA),BARCELONA/SPANIEN
7529,VSJ,,MOTOR IBERICA (E),MOTOR IBERICA SA (ALAS),BARCELONA/SPANIEN
7529,VSK,,MOTOR IBERICA (E),MOTOR IBERICA SA (NISSAN/PASSENGER CAR),BARCELONA/SPANIEN
7529,VSL,,MOTOR IBERICA (E),MOTOR IBERICA SA (RESERVE),BARCELONA/SPANIEN
7591,VTC,,EMPRISA (E),EMPRISA NACIONAL DE MOTORES DE AVIATION SA (DERBI),BARCELONA/SPANIEN
7593,VSS,,SEAT (E),SEAT S.A.,MARTORELL/SPANIEN
7593,VVW,,SEAT (E),SEAT S.A.,MARTORELL/SPANIEN
7593,VWW,,SEAT (E),SEAT S.A.,MARTORELL/SPANIEN
7594,VTD,,MONTESA (E),MOTOCICLETAS MONTESA SA (MOTORCYCLE),"ESPLUGUES,BARCELONA/SPANIEN"
7595,VT6,,MAQUINARIA (E),MAQUINARIA CINEMATOGRAFICA SA (OSSA),BARCELONA/SPANIEN
7595,VT7,,MAQUINARIA (E),MAQUINARIA Y ELEMENTOS DE TRANSPORTE SA (DUCATI),BARCELONA/SPANIEN
7596,VS5,,FASA-RENAULT (E),FABRICACION DE AUTOMOVILES RENAULT DE ESPANA SA,MADRID/SPANIEN
7599,VSB,,CHRYSLER (E),CHRYSLER ESPANA SA (BARREIROS),MADRID/SPANIEN
7599,VSC,,CHRYSLER (E),CHRYSLER ESPANA SA (CHRYSLER),MADRID/SPANIEN
7599,VSD,,CHRYSLER (E),CHRYSLER ESPANA SA (DODGE),MADRID/SPANIEN
7600,VT1,,AVELLO (E),AVELLO SA (PUCH/TRACTOREN),GIJON (OVIEDO)/SPANIEN
7601,VS7,,CITROEN (E),CITROEN HISPANIA SA (CITROEN),MADRID/SPANIEN
7601,VS8,,CITROEN (E),CITROEN HISPANIA SA (PEUGEOT),MADRID/SPANIEN
7602,VT3,,CEMOTO (E),CIA.ESPANOLA DE MOTORS SA (MOTORCYCLE/BULTACO),BARCELONA/SPANIEN
7605,VSA,,MERCEDES-BENZ (E),"MERCEDES-BENZ ESPANA SA (PASS.CAR, MUL.PUR.PASS.VEH.)",ALCOBENDAS/SPANIEN
7606,VSG,,NISSAN (E),"NISSAN MOTOR IBERICA SA (PASSENG.CAR, MULTIP.VEHIC.)",BARCELONA/SPANIEN
7606,VSH,,NISSAN (E),"NISSAN MOTOR IBERICA SA (PASSENG.CAR, MULTIP.VEHIC.)",BARCELONA/SPANIEN
7606,VSJ,,NISSAN (E),"NISSAN MOTOR IBERICA SA (PASSENG.CAR, MULTIP.VEHIC.)",BARCELONA/SPANIEN
7606,VSK,,NISSAN (E),"NISSAN MOTOR IBERICA SA (PASSENG.CAR, MULTIP.VEHIC.)",BARCELONA/SPANIEN
7606,VSL,,NISSAN (E),"NISSAN MOTOR IBERICA SA (PASSENG.CAR, MULTIP.VEHIC.)",BARCELONA/SPANIEN
7606,VWA,,NISSAN (E),"NISSAN MOTOR IBERICA SA (PASSENG.CAR, MULTIP.VEHIC.)",BARCELONA/SPANIEN
7607,VTD,,MONTESA HONDA (E),MONTESA HONDA SA (MOTORCYCLE),BARCELONA/SPANIEN
7607,VTM,,MONTESA HONDA (E),MONTESA HONDA SA (MOTORCYCLE),BARCELONA/SPANIEN
7610,VSE,,SUZUKI (E),SUZUKI MOTOR ESPANA SA (MOTORCYCLE),GIJON/SPANIEN
7610,VTT,,SUZUKI (E),SUZUKI MOTOR ESPANA SA (MOTORCYCLE),GIJON/SPANIEN
7610,VTU,,SUZUKI (E),SUZUKI MOTOR ESPANA SA (MOTORCYCLE),GIJON/SPANIEN
7611,VTH,,NACIONAL MOTOR (E),NACIONAL MOTOR SA-DERBI (MOTORCYCLE),MARTORELLES (BARCELONA)/SPANIEN
7612,UA2,,SANTANA (E),SANTANA MOTOR SA (LKW),LINARES/SPANIEN
7612,VSE,,SANTANA (E),SANTANA MOTOR SA (PASSENGER CAR),LINARES/SPANIEN
7612,VSF,,SANTANA (E),SANTANA MOTOR SA (PASSENGER CAR),LINARES/SPANIEN
7613,UA1,,AUSA (E),AUSA Center S.L.U.,Manresa/Spanien
7628,TW2,,FORD (P),FORD LUSITANA SARL(CAR/TRUCK/BUS/MP-PASSENGER VEHIC),LISSABON II/PORTUGAL
7630,TW7,,AUSTIN ROVER (P),AUSTIN ROVER LDA,LISBOA CODEX/PORTUGAL
7631,TX5,,MOKE AUTOMOBILI (P),MOKE AUTOMOBILI (PASSENGER CAR),VENDASNOVAS/PORTUGAL
7652,WKH,,KEPPLER,KEPPLER GMBH FAHRZEUGBAU (ANHAENGER),APPENWEIER
7656,WAP,,ALPINA,ALPINA Burkard Bovensiepen GmbH + Co. KG,Buchloe
7657,W09,F06,FRANKIA,FRANKIA-GP GMBH,MARKTSCHORGAST
7659,W09,J01,IKF,IKF-INDUSTRIE U.KOMMUNALFAHRZEUGE GMBH(KEHRMASCHINE),HOFOLDING B.MUENCHEN
7660,W09,S20,SCHLIESING,HANS SCHLIESING (ANHAENGER),KEMPEN
7664,W09,S06,STEINWINTER,STEINWINTER LKW & BUS GMBH (NUTZFAHRZEUGE),STUTTGART
7668,W09,S26,SPILLER,SPILLER KAROSSERIE-U.FAHRZEUGBAU (ANHAENGER),BORKEN
7671,WAB,,ABL,ABL AUFBAUTEN U.ANHAENGERBAU GMBH (ANHAENGER),LASTRUP
7673,W09,T09,TRESER,K.TRESER GMBH AUTOMOBILTECHNIK U.DESIGN (PKW),INGOLSTADT
7674,WBN,,BANTON,BANTON AUTOMOBIL GMBH (PERSONENWAGEN),REHLINGEN-SIERSBURG
7677,W09,C04,CON-MODA,CON-MODA GMBH (PERSONENWAGEN),KOELN
7679,W09,K20,KRUPP INDUSTRIETECH.,KRUPP INDUSTRIETECHNIK GMBH (KRANBAU),WILHELMSHAVEN
7681,W09,S07,SCHULZ-AUTOMOBILE,SCHULZ-AUTOMOBILE (PERSONENKRAFTWAGEN),KORSCHENBROICH
7682,W09,M41,MORHARD + RENTSCHLER,MORHARD + RENTSCHLER GDBR KAROSSERIEBAU (ANHAENGER),ALTENSTEIG-UEBERBERG
7686,WWC,,WM MEYER,WM MEYER FAHRZEUGBAU AG (ANHAENGER),WERNECK
7686,W09,W04,WM MEYER,WM MEYER FAHRZEUGBAU AG (ANHAENGER),WERNECK
7687,W09,SE1,SOLLER,Soller Landmaschinen GmbH,GEISENFELD
7689,W09,H06,HARTGE,HARTGE GMBH (PERSONENKRAFTWAGEN),BECKINGEN
7690,WFN,,FAUN,FAUN AG (NUTZFAHRZEUGE),LAUF A.D.PEGNITZ
7691,WJM,,IVECO-MAGIRUS,Iveco Magirus Aktiengesellschaft,Ulm
7692,W09,W55,"WEBER, KUEPS",WEBER GMBH FAHRZEUGBAU (ANHAENGER),KUEPS
7693,WAL,,ALF,ALF FAHRZEUGBAU GMBH & CO KG (ANHAENGER),WERNE
7696,W09,F11,FLENSBURG.FZ-BAU-FFG,FFG FLENSBURGER FAHRZEUGBAU GMBH,FLENSBURG
7697,W09,W53,WARNCKE,UWE WARNCKE FAHRZEUGBAU (ANHAENGER),FRIEDRICHSTADT
7698,W09,S21,"SCHMIDT, HAGEN",AUGUST SCHMIDT GMBH & CO KG (ANHAENGER),HAGEN
7699,W09,W15,WEFA,WEFA FAHRZEUGBAU GMBH (ANHAENGER),PADERBORN
7702,W09,E24,EICHELBERGER,KRAFTFAHRZEUGE EICHELBERGER GMBH & CO KG (ANHAENGER),BADEN-BADEN
7705,W09,SH0,SENNEBOGEN,SENNEBOGEN Multi Line GmbH & Co. KG,Wackersdorf (Hauptfirmensitz Straubing)
7706,W09,D12,DUECKER,"GERHARD DUECKER KG (ANHAENGER, ARBEITSMASCHINEN)",STADTLOHN
7707,W09,A06,ARDEN,ARDEN AUTOMOBILBAU GMBH (PERSONENKRAFTWAGEN),KLEVE
7709,W09,K16,KEINATH,KEINATH CABRIO-BAU GBR (PERSONENWAGEN),DETTINGEN/ERMS
7710,W09,J02,ISDERA,ISDERA GMBH (PERSONENWAGEN),Saarwellingen
7712,W09,S05,SCHWARTE+BEUMER-S+B,S+B SCHWARTE+BEUMER MOLKEREIMASCHINEN (ANHAENGER),LIPPSTADT
7714,W09,K73,KUEPPER + WEISSER,KUEPPER + WEISSER GMBH (ANHAENGER),BRAEUNLINGEN
7715,W09,S08,SCHWARZ + DUERR,SCHWARZ + DUERR OHG (ANHAENGER),KELTERN-DIETLINGEN
7716,W09,M05,MATTHES,AUTOHAUS MATTHES SOEHNE GMBH (PERSONENKRAFTWAGEN),FRANKFURT/MAIN
7719,WHN,,HANOMAG BAUMASCHINEN,HANOMAG BAUMASCHINEN PRODUKTION + VERTRIEB GMBH (AM),HANNOVER
7721,WHD,,HUMBAUR,HUMBAUR GMBH (ANHAENGER),GERSTHOFEN
7725,WJU,,JUNGE,JUNGE FAHRZEUGBAU GmbH,BARSBUETTEL
7725,W09,J10,JUNGE,JUNGE FAHRZEUGBAU GMBH (ANHAENGER),BARSBUETTEL
7726,W09,K21,KUTSCHKE,KUTSCHKE FAHRZEUGBAU GMBH & CO KG (ANHAENGER),HUENXE
7727,W09,K48,KAROSSERIEF.BIBERACH,KAROSSERIEFABRIK BIBERACH GMBH (ANHAENGER),BIBERACH/RISS
7729,W09,A34,ANSCHAU,GEBR.ANSCHAU GMBH (ANHAENGER),RUEDESHEIM/RHEIN
7730,W09,W93,WIEDENMANN,Wiedenmann GmbH,Rammingen
7731,WAG,,MAN NUTZFAHRZEUGE,MAN NUTZFAHRZEUGE AG,MUENCHEN
7731,WMA,,MAN NUTZFAHRZEUGE,MAN NUTZFAHRZEUGE AG,MUENCHEN
7732,W09,R25,RINNEN,RINNEN GMBH & CO KG (ANHAENGER),MOERS
7733,W09,T07,TRASCO,TRASCO EXPORT GMBH (PERSONENKRAFTWAGEN),BREMEN
7734,W09,K34,KRAMER,KRAMER FAHRZEUGBAU GMBH & CO (ANHAENGER),GUETERSLOH
7735,SN4,,ANH-BAU WITTENBERGE,VEB ANHAENGERBAU WITTENBERGE,WITTENBERGE/DDR
7736,W09,A24,"AUWAERTER, WALDERSHOF",Auwärter - Anhänger und Aufbauten GmbH & Co. KG,WALDERSHOF
7738,WBH,,BOHSE,BOHSE AUTOMOBILBAU GMBH (PERSONENKRAFTWAGEN),DOERPEN/EMS
7739,W09,E05,ELBERO,ELBERO FAHRZEUG-U.MASCHINENBAU GMBH & CO (ANHAENGER),LINGEN/EMS
7741,W09,U12,UNO MOTORRADTECHNIK,UNO MOTORRADTECHNIK ROBERT RIEDER,HIRBLINGEN
7742,W09,T08,TSCHU-TSCHU-BAHNEN,"TSCHU-TSCHU-BAHNEN,H.SICHLER",NEUMARKT
7743,W09,N04,NIEHUESER,K.-H.NIEHUESER KAROSSERIEBAU (LASTKRAFTWAGEN),MAINHAUSEN-MAINFLINGEN
7744,W09,H18,HANSA-MASCHINENBAU,"HANSA-MASCHINENBAU GMBH (NUTZFAHRZEUGE, ARBEITSMA.)",SELSINGEN
7747,W09,K22,KOEHLER SILOBAU,KOEHLER INTERCONSULT GMBH (ANHAENGER),FELDKIRCHEN/MUENCHEN
7752,W09,S52,STEHMANN,STEHMANN GMBH KAROSSERIE-UND FAHRZEUGBAU (ANHAENGER),GEESTE-OSTERBROCK
7753,W09,S65,SOESTER FAHRZEUGBAU,SOESTER FAHRZEUGBAU GMBH & CO KG (ANHAENGER),SOEST
7754,W09,J09,JANSKY,JANSKY FAHRZEUG-U.APPARATEBAU (ANHAENGER),EMSDETTEN
7756,W09,L12,LORENZ & RANKL,LORENZ & RANKL GMBH & CO FAHRZEUGBAU KG,WOLFRATSHAUSEN
7759,W0E,,OETTINGER-OKRASA,OKRASA DIPL.-ING. G.OETTINGER GMBH & CO KG,FRIEDRICHSDORF
7760,W09,C05,CENTURY II,CENTURY II GMBH MOBILKRANE,DORTMUND
7763,WEC,,ECOAIR,ECOAIR DRUCKLUFTTECHNIK GMBH (ANHAENGER),HERNE
7764,W09,W06,WENDLER,WENDLER KAROSSERIEBAU GMBH,REUTLINGEN
7765,WKB,,KOCH,KOCH ANHAENGERWERKE GMBH & CO. KG,WINSEN/LUHE
7766,W09,L13,LINDNER & FISCHER,LINDNER & FISCHER FAHRZEUGBAU GMBH (ANHAENGER),LANGENAU
7767,WHN,,HANOMAG AG,HANOMAG AG (ARBEITSMASCHINEN),HANNOVER
7768,W09,G68,GLORIA-WERKE,GLORIA GmbH,Wadersloh
7771,W09,P17,PRESTEL,PRESTEL GMBH FAHRZEUG-U.GERAETEBAU (ANHAENGER),MEMMINGEN
7773,W09,A26,AUTO ABT,AUTO-ABT (PERSONENWAGEN),KEMPTEN (ALLGAEU)
7774,W09,V05,VIELHAUER-MENSCH.-VM,VM EXCLUSIVER FAHRZEUGBAU GMBH (PERSONENKRAFTWAGEN),BERGISCH-GLADBACH
7775,W09,M07,M-TEC MATHIS,M-TEC MATHIS TECHNIK GMBH (ANHAENGER),NEUENBURG/RHEIN
7776,W09,T10,TITAN,TITAN SPEZIALFAHRZEUGBAU GMBH,BACKNANG
7779,W09,B15,BICKEL,BICKEL-TEC GmbH,Rheinau
7780,W09,B16,BRABUS,BRABUS GmbH,Bottrop
7782,WFA,,FAV,FAV FAHRZEUGTEILE UND ANHAENGER MBH,KREUZTAL-FERNDORF
7784,W09,B51,BRIRI,BRIRI GMBH RIEPENHAUSEN-MASCHINENBAU (ANHAENGER),BAWINKEL
7788,W09,K23,KOENIG SPECIALS,KOENIG SPECIALS GMBH CAR TUNING,MUENCHEN
7789,W09,G20,GAMO,GAMO Fahrzeugwerke GmbH,Lödla OT Oberlödla
7790,W09,M38,MUELLER UMWELTTECHN.,MUELLER UMWELTTECHNIK GMBH & CO KG (ANHAENGER),SCHIEDER-SCHWALENBERG
7792,W09,H17,HEBMUELLER + HIRSCH,HEBMUELLER + HIRSCH FAHRZEUGBAU KG (ANHAENGER),WUPPERTAL
7794,W09,L11,LIPPSTAEDTER ANH.,"LIPPSTAEDTER ANHAENGER,TH.BEUMER",LIPPSTADT-RIXBECK
7795,WHC,,HIRTH,HIRTH FAHRZEUGBAU GMBH (ANHAENGER),Deißlingen
7797,W09,B18,BEROE-LEISINGER,BEROE-LEISINGER FAHRZEUGTECHNIK U.HYDRAULIK GMBH,NEUENBURG
7798,W09,V07,VERONA AUTOMOBILE,VERONA AUTOMOBILE GMBH & CO KG,ASCHAFFENBURG
7799,W09,L14,LT LINNHOFF,LT LINNHOFF MASCHINENBAU GMBH (ANHAENGER),BUXTEHUDE
7800,W09,M93,MELKUS,Melkus Sportwagen KG,Dresden
7801,WSE,,STEMA,STEMA METALLEICHTBAU GMBH (ANHAENGER),GROSSENHAIN
7803,SNL,,IFA-AUTOMOBILW.,"IFA AUTOMOBILWERK LUDWIGSF.GMBH (NUTZFZ.,ARBM.,ANH.)",LUDWIGSFELDE
7804,W09,S14,SCHMID,S.SCHMID KAROSSERIEBAU GMBH & CO KG (ANHAENGER),MUENCHEN
7806,WMU,,MULTICAR,MULTICAR Zweigwerk der HAKO-Werke GmbH (NUTZFAHRZEUGE),WALTERSHAUSEN/THUERINGEN
7807,W09,S33,SEICO,SEICO mobile Geschäfte GmbH,ROTENBURG
7809,WLB,,LANDTECHNIK SCHOENEB,"LANDTECHNIK-SCHLUETER GMBH (ZUGMASCHINEN,ARBEITSMA.)",SCHOENEBECK (ELBE)
7812,W09,H11,HENNIGSDORFER FZ-BAU,"HENNIGSDORFER FAHRZ.-,MASCH.-,U.STAHLBAU GMBH (ANH.)",HENNIGSDORF
7813,SN2,,KAROSSERIEW.DRESDEN,KAROSSERIEWERKE DRESDEN GMBH (ANHAENGER),RADEBERG
7814,W09,V09,VOLKNER,VOLKNER FAHRZEUGBAU GMBH (ANHAENGER),WUPPERTAL
7815,W09,K25,KH ANH-BAU,K.H.ANHAENGERBAU GMBH,WUPPERTAL
7816,SN1,,CAMPTOURIST,CAMPTOURIST FAHRZEUGBAU GMBH (ANHAENGER),OLBERNHAU
7816,SN7,,CAMPTOURIST,CAMPTOURIST FAHRZEUGBAU GMBH (ANHAENGER),OLBERNHAU
7818,SNB,,BARKAS,BARKAS GMBH TRANSPORTWERK GESCHAEFTSBEREICH TE(NUTZ),FRANKENBERG
7822,W09,H37,HOLZBAU-BAUWAGEN-HBU,HOLZBAU-BAUWAGEN-UNIVERSAL GMBH (ANHAENGER),BOBZIN
7823,W09,F12,FAHRZEUGWERK WERDAU,FAHRZEUGWERK WERDAU GMBH (ANHAENGER),WERDAU
7824,WFW,,FAWI,FAWI FAHRZEUGWERK WILSDRUFF GMBH (ANHAENGER),WILSDRUFF
7826,W09,T39,TIBA-FAHRZEUGBAU,TIBA-FAHRZEUGBAU GMBH (ANHAENGER),GERSTHOFEN
7828,WST,,STM TODOROVIC,STM TODOROVIC KRAFTFAHRZEUGHANDEL GMBH & CO,MUENCHEN
7830,WWB,,WK-FAHRZEUGBAU,WK-FAHRZEUGBAU BUEHLER GMBH (PKW-DREIRAD),HECHINGEN
7834,W09,J18,INDUSTRIEWERKE SAAR,"INDUSTRIEWERKE SAAR GMBH,IWS AUREPA (ANHAENGER)",FREISEN
7835,W09,P09,PATZKE,CHRISTIAN PATZKE FAHRZEUGBAU (ANHAENGER),LANGENDORF/ELBE
7838,W09,L34,LAFARO,LAFARO LANDTECHNIK GMBH & CO KG (ANH.),ROGGENDORF
7845,W09,F13,FB METALLVERARBEIT.,FB METALLVERARBEITUNG GMBH BRANDENBURG (ANHAENGER),BRANDENBURG
7850,W09,M74,MAK,MAK SYSTEMGESELLSCHAFT MBH (SONDERKRAFTFAHRZEUGE),KIEL
7851,W09,L06,LMC CARAVAN,LMC Caravan GmbH & Co. KG,Sassenberg
7852,W09,H50,HENSCHKE,FAHRZEUGBAU KNUT HENSCHKE (ANHAENGER),GROSS SCHOENEBECK
7854,W09,N05,NUFA,NUFA NUTZFAHRZ.- U.BAUMASCHINEN GMBH & CO KG (ANH.),LICH/HESSEN
7857,WAD,,ANNABURGER NUTZFZ.,ANNABURGER NUTZFAHRZEUG GMBH (ANHAENGER),ANNABURG
7858,W09,M18,MOETEFINDT,P. Moetefindt Fahrzeugbau GmbH & Co. KG,Buchholz
7859,W09,M10,MANNESM.DEMAG-KRANE,MANNESMANN DEMAG FAHRZEUGKRANE GMBH,ZWEIBRUECKEN
7860,WSU,,SUHLER FZ-WERKE,SUHLER FAHRZEUGWERK GMBH (KRAFTRAEDER),SUHL
7861,W09,A09,ALGA,ALGA NUTZFAHRZEUG-U.BAUMASCHINEN GMBH + CO KG,SITTENSEN
7865,W09,A10,AUTO VORWAERTS SCHW.,"AUTO""VORWAERTS""SCHWERIN GMBH (ANHAENGER)",SCHWERIN
7866,WK0,,KOEGEL,Kögel Trailer GmbH,Burtenbach
7867,W09,C13,CTR,CTR FAHRZEUGTECHNIK GMBH (ANHAENGER),OSANN-MONZEL
7868,W09,S22,SPINDELBERGER,ALFRED SPINDELBERGER FAHRZEUGTECHNIK (ANHAENGER),EDERMUENDE-GRIFTE
7869,W09,D04,DOLL,DOLL FAHRZEUGBAU GMBH (ANHAENGER),OPPENAU/BADEN
7870,W09,M16,"MAEHDR-WERKE,SINGW.",MAEHDRESCHERWERKE AG,SINGWITZ/SACHSEN
7872,W09,P08,PFAU,PFAU KOMMUNALGERAETE GMBH (SONDERKRAFTFAHRZEUGE),SPRINGE
7874,WTR,,TREBBINER FAHRZEUGB.,TREBBINER FAHRZEUGFABRIK GMBH (ANHAENGER),TREBBIN
7875,W09,H11,METALLB.HENNIGSDORF,METALLBAU HENNIGSDORF GMBH (ANHAENGER),HENNIGSDORF
7877,WKA,,KAESER,KAESER KOMPRESSOREN SE,Coburg
7880,W09,H55,"HEIMANN, HUBERT",Heimann Fahrzeugbau GmbH & Co. KG,Nottuln-Darup
7881,WKC,,"KROEGER,FELIX",FELIX KROEGER FAHRZEUGBAU (ANHAENGER),AMMERSBEK B.HAMBURG
7882,W09,A10,SCHWERINER NUTZFZ,"SCHWERINER NUTZFAHRZEUGE GMBH (NUTZFAHRZ., ANHAENGER)",SCHWERIN
7883,W09,S92,STORCH,METALLBAU SIEGFRIED STORCH,TRUSETAL
7884,WSB,,STEDELE,Anhängerbau Stedele GmbH,Wörth
7886,W09,K20,KRUPP MOBILKRANE,KRUPP MOBILKRANE GMBH,WILHELMSHAVEN
7887,W09,F44,"FISCHER,FZ-BAU",FAHRZEUGBAU FISCHER GMBH (ANHAENGER),SCHONGAU
7888,SNZ,,MOT.-U.ZWEIRADW.-MUZ,MUZ MOTORRAD-UND ZWEIRADWERK GMBH,ZSCHOPAU
7889,W09,HA6,HOHENESTER,HOHENESTER GMBH (PERSONENKRAFTWAGEN),GAIMERSHEIM
7890,WSC,,SCHWENK,"SCHWENK MOBILTECHNIK (NUTZFAHRZEUGE, ANHAENGER)",OBERKIRCH
7891,W09,T12,TEC CARAVAN,TEC CARAVAN GMBH U.CO (ANHAENGER),SASSENBERG
7892,W09,N06,"NISSEN, ADOLF",ADOLF NISSEN ELEKTROBAU GMBH + CO KG (ANHAENGER),TOENNING
7893,W09,V07,E.S.W.AUTOMOBILE,E.S.W.AUTOMOBILE GMBH (PERSONENKRAFTWAGEN),ASCHAFFENBURG
7894,W09,F15,FORTUNA,FORTUNA FAHRZEUGBAU GMBH (NUTZFAHRZEUGE U.ANHAENGER),OCHTRUP/WESTFALEN
7896,W09,R09,AMPHI-RANGER,AMPHI-RANGER-FAHRZEUGBAU GMBH (PERSONENKRAFTWAGEN),KEHL
7897,WCN,,Wecon,Wecon GmbH Nutzfahrzeuge - Container-Technik,Ascheberg
7897,W09,W35,WECON,Wecon GmbH Nutzfahrzeuge - Container-Technik,Ascheberg
7898,W09,B30,BAVARIA,BAVARIA FAHRZEUGBAU GMBH (ANHAENGER),MICKHAUSEN
7900,WBP,,BRINKMANN,Brinkmann Maschinenfabrik GmbH & Co. KG,Aichtal
7900,W09,B10,BRINKMANN,Brinkmann Maschinenfabrik GmbH & Co. KG,Aichtal
7901,W09,T11,HORZ,HORZ FAHRZEUGWERK (ANHAENGER),TREUENBRIETZEN
7903,WSG,,"SCHMID,FAHRZEUGBAU",SCHMID FAHRZEUGBAU GMBH (ANHAENGER),PRITTRICHING
7905,W09,P16,PICHER FZ-ZENTRUM,PICHER FAHRZEUG ZENTRUM GMBH (ANHAENGER),PICHER
7906,W09,K22,KOEHLER,KOEHLER FAHRZEUG-SERVICE GMBH U.CO KG (ANHAENGER),"ELMSHORN, FELDKIRCHEN/MUENCHEN"
7907,WAC,,ARGE AUDI/PORSCHE,ARGE AUDI/PORSCHE RS 2 (PERSONENKRAFTWAGEN),STUTTGART-ZUFFENHAUSEN
7908,W09,T13,TRIGEFA,TRIGEFA FAHRZEUGBAU GMBH (ANHAENGER),TRIER/MOSEL
7909,WBS,,BMW M,BMW M GMBH GESELLSCHAFT F.INDIVIDUELLE AUTOMOBILE,MUENCHEN
7909,WB6,,BMW M,BMW M GMBH GESELLSCHAFT F.INDIVIDUELLE AUTOMOBILE,MÜNCHEN
7911,W09,M11,MILAN,MILAN AUTOMOBILE GMBH (PERSONENKRAFTWAGEN),REMSCHEID-LENNEP
7912,WBB,,BABELSB.FZ-TECHNIK,BABELSBERGER FAHRZEUGTECHNIK GMBH (ARBEITSMA.ANH.),POTSDAM
7913,W09,A12,AST,AST AUFBAUTEN U.SPEZIALCONTAINER TECHNIK GMBH (ANH.),MAINZ
7914,WEA,,EICHKORN,EICHKORN NUTZFAHRZEUGE GMBH (ANHAENGER),ALTHEIM/ALP
7916,W09,M12,MERK,FRANZ MERK LAND- U.UMWELTTECHNIK (ANHAENGER),WEISSENHORN
7917,W09,C10,CCS,CCS SPECIALITY CARS GMBH (PERSONENWAGEN),HOHENKAMMER
7918,W09,H89,HERZENSFROH,HELMUT HERZENSFROH GMBH (ANHAENGER),MUENCHEN
7919,W09,A11,A+M TRIKES,A+M TRIKE'S MARKUS ROTHMUND,HERBERTINGEN
7920,WGA,,GRAAFF,GRAAFF FAHRZEUGWERK LUEBTHEEN GMBH (ANHAENGER),LUEBTHEEN
7921,W09,K55,KABS,KABS KIPPER-U.ANHAENGERBAU INH.BRUNO KLOPATOWSKY,STEIMBKE
7922,WRA,,RENDERS,RENDERS FAHRZEUGBAU GMBH (ANHAENGER),CHEMNITZ
7925,W09,F24,FKM MEMMINGEN,NUTZFAHRZEUG-U.KAROSSERIEB.MEMMINGEN GMBH (ANHAENG.),MEMMINGEN
7926,W09,M13,MAMEROW,Mamerow Engineering GmbH,Castrop-Rauxel
7927,W09,T23,TECNO,TECNO FAHRZEUGBAU GMBH (ANHAENGER),WITTENBERGE
7929,W09,S43,"STOLL, DENIS","ANHAENGER STOLL, INH.DENIS STOLL",MANNHEIM
7930,W09,A17,AUBURGER & MUELLER,AUTO AUBURGER (ANHAENGER),"WALD,MAIERTSHOF"
7931,W0B,,OBERMAIER,OBERMAIER FAHRZEUGBAU GMBH (ANHAENGER),EGELN-NORD
7932,W09,F14,FALCH,FALCH GMBH,Blaubeuren-Seissen
7933,W09,S19,"SCHMIDT,WALTER","WALTER SCHMIDT FAHRZEUGBAU, TRANSPORTTECHNIK (ANH.)",EIGELTINGEN-HONSTETTEN
7934,W09,T14,TIGER,TIGER AUTOMOBILE GMBH,BRETTEN
7935,W09,A14,ANTIP,ANTIP GMBH TRANSPORTSYSTEME U.SONDERMASCHINENB.(ANH),ST.LEON-ROT
7936,W09,S08,SCHWARZ,GUNTHER SCHWARZ GMBH & CO KG (ANHAENGER),KELTERN
7937,W09,J05,ITM,ITM INTERNATIONALE TRIKE MARKETING GMBH (PERSONEWG.),DEGGENDORF
7938,W09,M17,MEUSEL,HORST MEUSEL (ANHAENGER),ELMSHORN
7939,W09,K86,KLAUS-B.-T.,KLAUS-B.-T. FAHRZEUGBAU GMBH (ANHAENGER),KUELLSTEDT
7940,W09,D07,DOPPSTADT,WERNER DOPPSTADT (ANHAENGER),VELBERT
7941,W09,A13,AFA,AFA FAHRZEUGBAU GMBH & CO KG (ANHAENGER),ARNSTADT
7943,W09,W31,WANNER,HANS WANNER GMBH MASCHINENBAU (ANHAENGER),WANGEN/ALLGAEU
7944,W09,B24,"BOECKMANN, DIETER","FAHRZEUGBAU BOECKMANN, DIETER INH.SIEGFRIED KAHRS,ANH",BREMERVOERDE-HESEDORF
7945,W09,E12,EASY TRIKE,EASY TRIKE SPEZIALFAHRZEUG GMBH (PERSONENWG.DREIRAD),RAMMINGEN
7946,W09,E15,EPRA,EPRA BOOTSTRAILER,WEDEL
7947,W09,H14,HTS,HTS HYDROLIFT TECHNOLOGY SYSTEMS (ANHAENGER),BERLIN
7948,W09,L15,LIFTLUX,LIFTLUX HEBETECHNIK U.FAHRZEUGBAU GMBH (ANHAENGER),POTSDAM-BABELSBERG
7951,WFD,,FLIEGL,Fliegl Fahrzeugbau GmbH,Triptis
7951,W09,F20,FLIEGL,JOSEF FLIEGL MASCHINENBAU GMBH (ANHAENGER),KASTL
7953,W09,E13,EVERS,EVERS FAHRZEUGBAU GMBH (ANHAENGER),EMMERICH
7954,W09,K38,KRUKENMEIER,FAHRZEUGBAU KRUKENMEIER GMBH (ANHAENGER),DELBRUECK-STEINHORST
7955,W09,A15,AVH,"ATLAS VORPOMMERN GMBH(BAUMASCH.U.FAHRZEUGTECHN.,ANH)",KLETZIN
7956,W09,M14,MGI,MASCHINEN-GERAETE-INSTANDSETZUNG EG (ANHAENGER),KROESLIN
7957,W09,M15,MUELLERS & BACKHAUS,"MUELLERS & BACKHAUS KG,JBM MASCHINENB.U.VERTR.(ANH.)",WEGBERG-ARSBECK
7958,W0A,,OSWALD,ANHAENGER OSWALD FAHRZEUGBAU GMBH,ST.LEON-ROT
7959,W09,A16,ADS,"ADS GMBH (SPEZIALFAHRZEUGE, ANHAENGER)",STOLBERG
7960,W09,H36,"HOFMANN,FREUDENBERG",HOFMANN GmbH Mobiles Verkaufen (ANHÄNGER),FREUDENBERG
7961,W09,F16,FALKNER,FALKNER SPEZIALFAHRZEUGE GMBH & CO KG (ANHAENGER),NEUENBURG
7962,W09,B13,BAGELA,BAGELA MASCHINENFABRIK GMBH & CO KG (ANHAENGER),BOIZENBURG
7964,W09,R13,RTL-ROESSEL,RTL-ROESSEL TRANSPORTLOGISTIK AG (ANHAENGER),DENZLINGEN
7965,W09,K25,KK ANH-BAU,K.K. ANHAENGERBAU GMBH,WUPPERTAL
7966,WEB,,EVOBUS,EvoBus GmbH,Stuttgart/Leinfelden-Echterdingen
7966,WKK,,EVOBUS,EvoBus GmbH,Stuttgart/Leinfelden-Echterdingen
7967,WUA,,QUATTRO,QUATTRO GMBH (PERSONENKRAFTWAGEN),NECKARSULM
7967,WU1,,QUATTRO,QUATTRO GMBH (PERSONENKRAFTWAGEN),NECKARSULM
7968,WBB,,MAXIMUM,MAXIMUM GMBH (ANHAENGER),EISENHUETTENSTADT
7969,W09,G11,GROSKORTH,MARTIN GROSKORTH JUN. (ANHAENGER),WUPPERTAL
7971,W09,E20,ECHTERMANN,ECHTERMANN FAHRZEUGBAU (ANHAENGER),AHLEN
7972,W09,K29,KESS HARLEY IMPORT,KESS HARLEY IMPORT (MOTORRAEDER),THERES-HORHAUSEN
7973,W09,P20,PLATAL,PLATAL Mobilsysteme GmbH,"Kalbe (Milde), OT Kakerbeck"
7974,W09,G12,GROVE,DEUTSCHE GROVE GMBH (MOBILKRANE),WILHELMSHAVEN
7975,WED,,EURA MOBIL,EURA MOBIL FAHRZEUGBAU GMBH (ANHAENGER),SPRENDLINGEN
7976,WKU,,KAESSBOHR.GELAENDEFZ,Kässbohrer Geländefahrzeug AG,Laupheim
7976,W09,K30,KAESSBOHR.GELAENDEFZ,Kässbohrer Geländefahrzeug AG,Laupheim
7977,WKK,,"EVOBUS,ULM",EVOBUS GMBH,ULM
7978,WTB,,TRAPOS,TRAPOS AG (PERSONENKRAFTWAGEN),MITTWEIDA/SACHSEN
7979,W09,D08,"DITTMANN,SIEGEN","DITTMANN FAHRZEUGTECHNIK GMBH (NUTZFZ,ANHAENGER)",SIEGEN-GEISWEID
7980,WHF,,HOTZENBLITZ,HOTZENBLITZ MOBILE THUERINGEN GMBH(PERSONENKRAFTWG.),SUHL
7981,W09,S23,SEIDLER,FAHRZEUGBAU SEIDLER GMBH & CO KG (ANHAENGER),ACHERN-OENSBACH
7982,W09,K32,KONKEL,G.KONKEL (ANHAENGER),RATZEBURG
7983,W09,E14,Eilers Fahrzeug-Service,Eilers Fahrzeug-Service GmbH,Saterland-Sedelsberg
7983,W09,E14,"EILERS,BARSSEL",EILERS FAHRZEUG-SERVICE GMBH (ANHAENGER),BARSSEL-REEKENFELD
7984,W09,V10,VOERDEWERK,VOERDEWERK (ANHAENGER),BREMERVOERDE
7985,W09,K33,KESSLER,EDMUND KESSLER (ANHAENGER),BREITENFELDE
7986,WSD,,SAT SYSTEMS,SAT SYSTEMS GMBH (KRAFTRAEDER),GOEPPINGEN
7987,W09,W11,"WILKEN,OLDENBURG",WILKEN NUTZFAHRZEUGE GMBH (ANHAENGER),OLDENBURG
7988,W09,B21,BARTELS,L.BARTELS GMBH METALL-UND FAHRZEUGBAU (ANHAENGER),SCHARREL
7989,WBG,,BAOS,BAOS-ANHAENGERBAU GMBH,GROSSENKNETEN
7990,W09,L17,LOGEMANN,LOGEMANN FAHRZEUGBAU GMBH (ANHAENGER),DELMENHORST
7991,W09,G14,GELLHAUS,"Franz-Josef Gellhaus, Stahl- und Fahrzeugbau GmbH & Co. KG",Vechta
7992,W09,M20,MUNDERLOH,HERMANN MUNDERLOH GMBH U.CO (ANHAENGER),OLDENBURG
7993,W09,K36,"KOESTER,BIELEFELD",KOESTER KAROSSERIE-U.FAHRZEUGBAU GMBH (ANHAENGER),BIELEFELD
7994,W09,S29,SCHWAGMEIER,E.SCHWAGMEIER KAROSSERIE-U.FAHRZEUGBAU (ANHAENGER),ENGER-BESENKAMP
7995,W09,M21,"MUELLER,HELMUT",KAROSSERIE-FAHRZEUGBAU HELMUT MUELLER (ANHAENGER),WINSEN/LUHE
7996,W09,J06,JUNGBLUT,WALTER JUNGBLUT (ANHAENGER),RHEDEN
7997,W09,M22,MEYER-LOHNE,MASCHINENFABRIK MEYER-LOHNE GMBH (ANHAENGER),LOHNE
7998,W09,A18,AUTEK,AUTEK SPEZIALFAHRZEUGBAU-GMBH (ANHAENGER),NEUSTRELITZ
7999,W09,H19,HOTH,HOTH TIEFBAU GMBH (ANHAENGER),BUCHHOLZ/N.
8002,TKS,,AZNP-SKODA (CS),AUTOMOBILOVE ZAVODY NARODNI PODNIK,MLADA BOLESLAV U.VRCHLABI/CSSR
8002,TMB,,AZNP-SKODA (CS),AUTOMOBILOVE ZAVODY NP (PASSENGER CAR),MLADA BOLESLAV/CSSR
8002,TMP,,AZNP-SKODA (CS),"AUTOMOBILOVE ZAVODY NP (COMMERC.VEH., PASSENGER CAR)",MLADA BOLESLAV/CSSR
8002,TMS,,AZNP-SKODA (CS),AUTOMOBILOVE ZAVODY NP (PASSENGER CAR),MLADA BOLESLAV/CSSR
8002,TMW,,AZNP-SKODA (CS),AUTOMOBILOVE ZAVODY NP (RESERVE),MLADA BOLESLAV/CSSR
8002,TMX,,AZNP-SKODA (CS),AUTOMOBILOVE ZAVODY NP (RESERVE),MLADA BOLESLAV/CSSR
8002,TNS,,AZNP-SKODA (CS),AUTOMOBILOVE ZAVODY NARODNI PODNIK,MLADA BOLESLAV U.VRCHLABI/CSSR
8004,TMB,,SKODA (CZ),"SKODA AUTO A.S. (COMMERCIAL VEHICLE, PASSENGER CAR)",MLADA BOLESLAV/TSCHECHISCHE REPUBLIK
8004,TMP,,SKODA (CZ),"SKODA AUTOMOBILOVA AS(COMMERCIAL VEH., PASSENGER CAR)",MLADA BOLESLAV/TSCHECHISCHE REPUBLIK
8004,TMW,,SKODA (CZ),SKODA AUTO A.S. (PASSENGER CAR),MLADA BOLESLAV/TSCHECHISCHE REPUBLIK
8004,TMX,,SKODA (CZ),SKODA AUTO A.S. (PASSENGER CAR),MLADA BOLESLAV/TSCHECHISCHE REPUBLIK
8004,TNL,,SKODA (CZ),"SKODA AUTOMOBILOVA AS(COMMERCIAL VEH., PASSENGER CAR)",MLADA BOLESLAV/TSCHECHISCHE REPUBLIK
8004,TNY,,SKODA (CZ),SKODA AUTOMOBILOVA AS (SPECIAL COMMERCIAL VEHICLE),MLADA BOLESLAV/TSCHECHISCHE REPUBLIK
8004,ZMB,,SKODA (CZ),SKODA AUTOMOBILOVA AS (SPECIAL COMMERCIAL VEHICLE),MLADA BOLESLAV/TSCHECHISCHE REPUBLIK
8005,TLV,,POVAZSKE-JAWA (CS),POVAZSKE STROJARNE NP (MOTORCYCLE),POVAZSKA BYSTRICA/CSSR
8006,TLJ,,JAWA (CS),JAWA NP (MOTORCYCLE),TYNEC/CSSR
8007,TLB,,JIKOV (CZ),MOTOR JIKOV AS (MOTORCYCLE),VODNANY/TSCHECHISCHE REPUBLIK
8008,TLZ,,CZM (CS),CESKE ZAVODY MOTOCYKLOVE NP (MOTORCYCLE),STRAKONICE/CSSR
8009,TKX,,AGADOS (CZ),AGADOS SPOLECNOST s.r.o. (TRAILER),VELKE MEZIRICI/CZ
8009,TK9,AP3,AGADOS (CZ),AGADOS SPOLECNOST s.r.o. (TRAILER),VELKE MEZIRICI/CZ
8014,TKK,,KAROSA (CS),KAROSA N.P.VYSOKE MYTO (COMMERCIAL VEHICLE),VYSOKE MYTO/CSSR
8014,TMK,,KAROSA (CS),KAROSA N.P.VYSOKE MYTO (COMMERCIAL VEHICLE),VYSOKE MYTO/CSSR
8014,TNF,,KAROSA (CS),KAROSA N.P.VYSOKE MYTO (COMMERCIAL VEHICLE),VYSOKE MYTO/CSSR
8014,TNK,,KAROSA (CS),KAROSA N.P.VYSOKE MYTO (COMMERCIAL VEHICLE),VYSOKE MYTO/CSSR
8019,TKL,,BSS BRANDYS (CS),BRANDYSKE STROJIRNY A SLEVARNY NP (TRAILER),SLEVARNY NP/CS
8019,TKP,,BSS BRANDYS (CS),BRANDYSKE STROJIRNY A SLEVARNY NP (TRAILER),SLEVARNY NP/CS
8019,TKY,,BSS BRANDYS (CS),BRANDYSKE STROJIRNY A SLEVARNY NP (TRAILER),SLEVARNY NP/CS
8019,TNY,,BSS BRANDYS (CS),BRANDYSKE STROJIRNY A SLEVARNY NP(SPEC.COMMERC.VEH.),SLEVARNY NP/CS
8021,TKR,,ORLICAN (CS),ORLICAN NP (TRAILER),CHOCEN/CSFR
8023,TNG,,LIAZ (CS),LIBERECKE AUTOMOBILOVE ZAVODY (COMMERCIAL VEHICLE),LIBEREC/CSFR
8023,TNL,,LIAZ (CS),LIBERECKE AUTOMOBILOVE ZAVODY (COMMERCIAL VEHICLE),LIBEREC/CSFR
8023,TNY,,LIAZ (CS),LIBERECKE AUTOMOBILOVE ZAVODY(SPECIAL COMMERC.VEH.),LIBEREC/CSFR
8025,TJW,,VELOREXPORT (CS),VELOREXPORT (TRAILER),ZAMBERK/CSFR
8026,TMD,,SKODA ENGINEER.(CS),SKODA ENGINEERING PLZEN SRO ZAVOD EJPOVICE,DYSINA/TSCHECHISCHE REPUBLIK
8028,TJ3,,ANTIP (CZ),ANTIP TRANSPORTNI SYSTEMY (TRAILER),CHODOV/CZ
8032,TNA,,DAEWOO AVIA (CZ),DAEWOO AVIA A.S. (LKW),PRAHA-LETNANY/TSCHECHISCHE REPUBLIK
8033,U59,AS0,ASKO (SK),ASKO A.S. (ANHAENGER),KOSICE/SLOWAKEI
8034,TLG,,GDF (CZ),GDF SPOL.SR.O. (KRAFTRAEDER),OSKAVA/CZECH.REPUBLIK
8100,VY1,,IMV-ADRIA (YU),INDUSRIJA MOTORNIH VOZIL (CARAVAN),NOVO MESTO/JUGOSLAWIEN
8102,VX1,,ZASTAVA (YU),ZASTAVA YUGO AUTOMOBILI DOO (PASSENGER CAR),KRAGUJEVAC/JUGOSLAWIEN
8107,VY1,,ADRIA CARAVAN (SLO),ADRIA CARAVAN DD (CARAVAN),NOVO MESTO/JUGOSLAWIEN
8107,ZY1,,ADRIA CARAVAN (SLO),ADRIA CARAVAN DD,NOVO MESTO/SLOVENIEN
8108,VY1,,TOVARNA (YU),TOVARNA POSEBNITH VOZIL (TRAILER),NOVO MESTO/JUGOSLAWIEN
8109,ZY2,,TPV (SLO),TPV BREZICE D.O.O.(ANHAENGER),BREZICE/SLOWENIEN
8110,VY1,,ADRIA MOBIL (SLO),ADRIA MOBIL D.O.O. (CARAVAN),NOVO MESTO/SLOWENIEN
8110,ZY1,,ADRIA MOBIL (SLO),ADRIA MOBIL D.O.O. (CARAVAN),NOVO MESTO/SLOWENIEN
8111,ZY2,,TPV PRIKOLICE (SLO),TPV PRIKOLICE Tovarna prikolic D.O.O. (ANHAENGER),PTUJ/SLOVENIEN
8150,XF3,,NAMCO (GR),NAMCO SA (TRAILER),THESSALONIKI/GRIECHENLAND
8151,XF4,,MAHINDRA (GR),MAHINDRA HELLAS SA,ATHEN/GRIECHENLAND
8152,XG8,,GORGOLIS (GR),GORGOLIS S.A. (KRAFTRAEDER),TRIKALA/GRIECHENLAND
8200,UZT,,UZINA TRACTORUL (R),UZINA TRACTORUL (TRACTOR),BRASOV/RUMAENIEN
8201,UU1,,DACIA PITESTI (R),DACIA PITESTI,RUMAENIEN
8202,UU1,,UAP (R),UZINA DE AUTOTURISME PITESTI (PASSENGER CAR),COLIBASI/RUMAENIEN
8204,UU3,,INTREPRINDEREA (R),INTREPRINDEREA DE AUTOMOBILE (PASSENGER CAR),CIMPULUNG/RUMAENIEN
8204,UU4,,INTREPRINDEREA (R),INTREPRINDEREA DE AUTOMOBILE (PASSENGER CAR),CIMPULUNG/RUMAENIEN
8205,UU5,,AUTOBUZUL WERKE (R),AUTOBUZUL WERKE (COMMERCIAL VEHICLE),BUCURESTI S-5/RUMAENIEN
8252,KNP,,HYUNDAI MOTOR (ROK),HYUNDAI MOTOR COMPANY (PASSENGER CAR),SEOUL/SUED KOREA
8252,KNR,,HYUNDAI MOTOR (ROK),HYUNDAI MOTOR COMPANY (PASSENGER CAR),SEOUL/SUED KOREA
8252,KNS,,HYUNDAI MOTOR (ROK),HYUNDAI MOTOR COMPANY (PASSENGER CAR),SEOUL/SUED KOREA
8252,KNV,,HYUNDAI MOTOR (ROK),"HYUNDAI MOTOR COMPANY (BUS, TRUCK)",SEOUL/SUED KOREA
8252,KN1,,HYUNDAI MOTOR (ROK),"HYUNDAI MOTOR COMPANY (BUS, TRUCK)",SEOUL/SUED KOREA
8252,KN2,,HYUNDAI MOTOR (ROK),"HYUNDAI MOTOR COMPANY (BUS, TRUCK)",SEOUL/SUED KOREA
8252,KPH,,HYUNDAI MOTOR (ROK),HYUNDAI MOTOR COMPANY,SEOUL/SUED KOREA
8252,KRT,,HYUNDAI MOTOR (ROK),"HYUNDAI MOTOR COMPANY (BUS, TRUCK)",SEOUL/SUED KOREA
8252,KRU,,HYUNDAI MOTOR (ROK),"HYUNDAI MOTOR COMPANY (BUS, TRUCK)",SEOUL/SUED KORRA
8253,KMK,,KIA MOTOR (ROK),KIA MOTORS CORPORATION (PASSENGER CAR),SEOUL/SUED KOREA
8253,KNA,,KIA MOTOR (ROK),KIA MOTORS CORPORATION (PASSENGER CAR),SEOUL/SUED KOREA
8253,KNC,,KIA MOTOR (ROK),KIA MOTORS CORPORATION (PASSENGER CAR),SEOUL/SUED KOREA
8253,KND,,KIA MOTOR (ROK),KIA MOTORS CORPORATION (PASSENGER CAR),SEOUL/SUED KOREA
8253,KNE,,KIA MOTOR (ROK),KIA MOTORS CORPORATION (PASSENGER CAR),SEOUL/SUED KOREA
8253,KNF,,KIA MOTOR (ROK),KIA MOTORS CORPORATION (PASSENGER CAR),SEOUL/SUED KOREA
8253,KNG,,KIA MOTOR (ROK),KIA MOTORS CORPORATION (PASSENGER CAR),SEOUL/SUED KOREA
8253,KNH,,KIA MOTOR (ROK),KIA MOTORS CORPORATION (PASSENGER CAR),SEOUL/SUED KOREA
8253,KNJ,,KIA MOTOR (ROK),KIA MOTORS CORPORATION (PASSENGER CAR),SEOUL/SUED KOREA
8253,KNK,,KIA MOTOR (ROK),KIA MOTORS CORPORATION (PASSENGER CAR),SEOUL/SUED KOREA
8253,KNL,,KIA MOTOR (ROK),KIA MOTORS CORPORATION (PASSENGER CAR),SEOUL/SUED KOREA
8253,KNL,,KIA MOTOR (ROK),KIA MOTORS CORPORATION (PASSENGER CAR),SEOUL/SUED KOREA
8253,KN1,,KIA MOTOR (ROK),KIA MOTORS CORPORATION (PASSENGER CAR),SEOUL/SUED KOREA
8253,KN3,,KIA MOTOR (ROK),KIA MOTORS CORPORATION (PASSENGER CAR),SEOUL/SUED KOREA
8254,KM1,,HYOSUNG (ROK),HYOSUNG MOTORS & MACHINERY INC (MOTORCYCLE),"CHANGWON-SHI,KYUNGHAM/SUED KOREA"
8254,KM4,,HYOSUNG (ROK),HYOSUNG MOTORS & MACHINERY INC (MOTORCYCLE),"CHANGWON-SHI,KYUNGHAM/SUED KOREA"
8255,KLA,,DAEWOO (ROK),DAEWOO MOTOR CO. LTD. (PASSENGER CAR),INCHON/SUED KOREA
8255,KLY,,DAEWOO (ROK),DAEWOO SHIPBUILDING&HEAVY MACHINERY LTD(PASSENG.CAR),CHANGWON/SUED KOREA
8255,KL2,,DAEWOO (ROK),DAEWOO SHIPBUILDING&HEAVY MACHINERY LTD(PASSENG.CAR),CHANGWON/SUED KOREA
8256,KLB,,ASIA MOTOR (ROK),ASIA MOTOR CORPORATION (PASSENGER CAR),SEOUL/SUED KOREA
8256,KLC,,ASIA MOTOR (ROK),ASIA MOTOR CORPORATION (PASSENGER CAR),SEOUL/SUED KOREA
8256,KLD,,ASIA MOTOR (ROK),ASIA MOTOR CORPORATION (PASSENGER CAR),SEOUL/SUED KOREA
8256,KLE,,ASIA MOTOR (ROK),ASIA MOTOR CORPORATION (PASSENGER CAR),SEOUL/SUED KOREA
8256,KLF,,ASIA MOTOR (ROK),ASIA MOTOR CORPORATION (PASSENGER CAR),SEOUL/SUED KOREA
8256,KLH,,ASIA MOTOR (ROK),ASIA MOTOR CORPORATION (PASSENGER CAR),SEOUL/SUED KOREA
8256,KN1,,ASIA MOTOR (ROK),ASIA MOTOR CORPORATION (PASSENGER CAR),SEOUL/SUED KOREA
8256,KN2,,ASIA MOTOR (ROK),ASIA MOTOR CORPORATION (PASSENGER CAR),SEOUL/SUED KOREA
8256,KN4,,ASIA MOTOR (ROK),ASIA MOTOR CORPORATION (PASSENGER CAR),SEOUL/SUED KOREA
8257,KMY,,DAELIM (ROK),DAELIM MOTOR CO LTD (MOTORCYCLE),SEOUL/SUED KOREA
8258,KMH,,HYUNDAI PREC.(ROK),HYUNDAI PRECISION & IND.CO.LTD (PASSENGER CAR),SEOUL/SUED KOREA
8258,KMP,,HYUNDAI PREC.(ROK),HYUNDAI PRECISION & IND.CO.LTD (PASSENGER CAR),SEOUL/SUED KOREA
8258,KMV,,HYUNDAI PREC.(ROK),HYUNDAI PRECISION & IND.CO.LTD (PASSENGER CAR),SEOUL/SUED KOREA
8258,KMX,,HYUNDAI PREC.(ROK),HYUNDAI PRECISION & IND.CO.LTD (PASSENGER CAR),SEOUL/SUED KOREA
8258,KMZ,,HYUNDAI PREC.(ROK),HYUNDAI PRECISION & IND.CO.LTD (PASSENGER CAR),SEOUL/SUED KOREA
8260,KLA,,GM DAEWOO (ROK),GM DAEWOO AUTO & TECHNOLOGIE COMP. (PASSENG.CAR),INCHEON/KOREA
8260,KL1,,GM DAEWOO (ROK),GM DAEWOO AUTO & TECHNOLOGIE COMP. (PASSENG.CAR),INCHEON/KOREA
8260,KL5,,GM DAEWOO (ROK),GM DAEWOO AUTO & TECHNOLOGIE COMP. (PASSENG.CAR),INCHEON/KOREA
8265,KLA,,GM Korea,GM Korea Company,Incheon/Korea
8265,KLY,,GM Korea,GM Korea Company,Incheon/Korea
8265,KL1,,GM Korea,GM Korea Company,Incheon/Korea
8265,KL2,,GM Korea,GM Korea Company,Incheon/Korea
8265,KL3,,GM Korea,GM Korea Company,Incheon/Korea
8265,KL4,,GM Korea,GM Korea Company,Incheon/Korea
8265,KL5,,GM Korea,GM Korea Company,Incheon/Korea
8265,KL6,,GM Korea,GM Korea Company,Incheon/Korea
8300,TRA,,IKARUS (H),IKARUS-WERKE (ARTICUL.TRANSIT BUS),BUDAPEST/UNGARN
8302,TRC,,CSEPEL (H),CSEPEL STAHL-U.METALLWERK,BUDAPEST/UNGARN
8306,TSM,,MAGYAR SUZUKI (H),MAGYAR SUZUKI CORPORATION (PASSENGER CAR),ESZTERGOM/UNGARN
8307,TRU,,AUDI (H),AUDI HUNGARIA Zrt.,Györ/Ungarn
8308,TS9,113,TEUPEN (H),TEUPEN HUNGARIA GEPGYARTO BT.(ANHAENGER),"BAGOD, Ungarn"
8351,MAB,,MAHINDRA (IND),MAHINDRA & MAHINDRA LTD (PASSENGER VEHICLE),BOMBAY/INDIEN
8351,MAC,,MAHINDRA (IND),MAHINDRA & MAHINDRA LTD (WB VEHICLE),BOMBAY/INDIEN
8351,MAD,,MAHINDRA (IND),MAHINDRA & MAHINDRA LTD (COMMERCIAL VEHICLE),BOMBAY/INDIEN
8351,MAE,,MAHINDRA (IND),MAHINDRA & MAHINDRA LTD (COMMERCIAL VEHICLE),BOMBAY/INDIEN
8351,MAF,,MAHINDRA (IND),MAHINDRA & MAHINDRA LTD (COMMERCIAL VEHICLE),BOMBAY/INDIEN
8351,MA1,,MAHINDRA (IND),MAHINDRA & MAHINDRA LTD (COMMERCIAL VEHICLE),BOMBAY/INDIEN
8351,MBE,,MAHINDRA (IND),MAHINDRA & MAHINDRA LTD (WB VEHICLE),BOMBAY/INDIEN
8352,MA2,,MARUTI (IND),Maruti Suzuki India Limited,New Delhi/Indien
8352,MA3,,MARUTI (IND),Maruti Suzuki India Limited,New Delhi/Indien
8352,MA4,,MARUTI (IND),Maruti Suzuki India Limited,New Delhi/Indien
8352,MA5,,MARUTI (IND),Maruti Suzuki India Limited,New Delhi/Indien
8353,MBF,,ENFIELD (IND),"Royal Enfield, (A Unit of Eicher Motors Limited)",Chennai/Indien
8353,ME3,,ENFIELD (IND),"Royal Enfield, (A Unit of Eicher Motors Limited)",Chennai/Indien
8354,MDE,,KINETIC (IND),KINETIC ENGINEERING LIMITED (MOTORCYCLE),PUNE/INDIEN
8354,MD5,,KINETIC (IND),KINETIC ENGINEERING LIMITED (MOTORCYCLE),PUNE/INDIEN
8355,MD2,,BAJAJ AUTO (IND),BAJAJ AUTO LTD.(MOTORCYCLE),PUNE/INDIEN
8356,ME4,,HONDA (IND),HONDA MOTORCYCLE (KRAFTRAEDER),DISTT. GURGAON (HARYANA)/IND
8357,MAL,,HYUNDAI MOTOR (IND),HYUNDAI MOTOR INDIA LTD. (PKW),TAMILNADU/INDIEN
8358,MAT,,TATA ENG. (IND),TATA EGINEERING & LOCOMOTIVE CO. (PKW),MUMBAI/INDIEN
8400,W09,B47,BEFA,"BEFA, BELZIGER FAHRZEUGBAU GMBH (ANHAENGER)",BELZIG
8401,W09,S69,STERN,JUERGEN STERN KAROSSERIE-U.FAHRZEUGBAU GMBH (ANH.),STEINHAGEN
8402,W09,S70,STOEGER,STOEGER ANHAENGERBAU GMBH,PUTZBRUNN
8403,W09,G32,GTI NUTZFAHRZ.,GTI NUTZFAHRZEUGE GMBH (ANHAENGER),GROENINGEN
8404,W09,H58,"HERMANN,A.",HERMANN NUTZFAHRZEUGE (ANHAENGER),WENNIGSEN
8405,W09,R27,RECKER,GEBR.RECKER GMBH (ANHAENGER),HARSEWINKEL-GREFFEN
8406,W09,B48,BUELTMANN,"FAB, FRANZ BUELTMANN (ANHAENGER)",ANROECHTE
8407,W09,P23,PARTENHEIMER & CO.,PARTENHEIMER & CO.GMBH METALL-U.FAHRZEUGBAU (ANH.),WITTSTOCK/DOSSE
8408,W09,A27,"AVS, EHINGEN",AVS AGGREGATEBAU GMBH (ANHAENGER),EHINGEN-STETTEN
8409,W09,M51,MTH EHLERS,"MTH EHLERS OHG, MECKLENBURGER*TECHNIK*HANDEL (ANH.)",PARCHIM
8410,W09,H59,HOLZ,METALLBAU & PKW-HAENGERBAU DIETER HOLZ,POLTNITZ
8411,W09,H60,HEIDINGSFELDER,JOSEF HEIDINGSFELDER GBR PKW-ANHAENGERBAU,OBERHORNBACH
8412,W09,D21,DUMZLAFF,GUENTER DUMZLAFF (ANHAENGER),DATTELN
8413,W09,H61,HECKER & LOOGEN,HECKER & LOOGEN GBR (ANHAENGER),ADERSTEDT
8414,W09,M52,"MAYR,PAUL",PAUL MAYR FAHRZEUGBAU (ANHAENGER),NIEDERAICHBACH-OBERAICHBACH
8415,W09,008,OEHLER,OEHLER GMBH & CO KG (ANHAENGER),KARLSRUHE
8416,W09,R29,RUSS,M.RUSS (ANHAENGER),LANGENBRETTACH
8417,W09,A28,AUSBER,AUTOHAUS AUSBER GMBH FAHRZEUGBAU (ANHAENGER),TELGTE
8418,W09,A29,ARENDT,METALLBAU ARENDT GMBH & CO KG (ANHAENGER),SOLLWITT
8419,W09,G33,GREBENSTEIN,RALF GREBENSTEIN FAHRZEUGBAU (ANHAENGER),BAD DRIBURG
8420,W09,S72,SCHUSTER,OTMAR SCHUSTER GMBH & CO KG FAHRZEUGBAU (ANHAENGER),GOCHSHEIM
8421,W09,J16,JANZEN,GERHARD JANZEN NUTZFAHRZEUGE GMBH (ANHAENGER),WERLTE
8422,W09,G34,GEIGER,WERNER GEIGER ANHAENGERBAU,SCHWIEBERDINGEN
8423,W09,K64,KWW,KWW GRUNDSTUECKSVERWALTUNGSGES. MBH & CO (ANHAENGER),TREUENBRIETZEN
8424,W09,G35,GEORGE,DER HERFORDER-SIEGFRIED GEORGE ANHAENGERVERTRIEB,BIELEFELD
8425,W09,B49,BRUNS,AUGUST BRUNS LANDMASCHINEN GMBH (ANHAENGER),CLOPPENBURG
8426,W09,F33,FOLSKE,FOLSKE NORDERSTEDT GMBH (ANHAENGER),NORDERSTEDT
8427,W09,J17,JOHLI,JOHLI-MASCHINENBAU GMBH-BRUNO JOHMANN-(ANHAENGER),LIMBACH/BADEN
8428,W09,S73,SEEBACH,PETER SEEBACH FAHRZEUGBAU (ANHAENGER),KUENZELSAU-NITZENHAUSEN
8429,W09,H63,HILKEN,HILKEN GMBH,Vorwerk
8430,W09,B50,BROEMME,DIETER BROEMME (PERSONENKRAFTWAGEN),CELLE
8431,W09,D22,DEITERMANN,UDO DEITERMANN (ANHAENGER),HALTERN-LAVESUM
8432,W09,R31,RAUSCHENBACH,WILHELM RAUSCHENBACH METALLBAU (ANHAENGER),PARSAU
8433,W09,F35,FALCON,FALCON CARAVAN GMBH (ANHAENGER),NUERNBERG
8434,W09,T29,THUENEMANN,JOHANNES THUENEMANN ALLG.FAHRZEUG-TECHNIK(ANHAENGER),GESTRATZ
8435,W09,M54,MAYER.SCHLIENGEN,HERMANN MAYER LANDMASCHINEN (ANHAENGER),SCHLIENGEN
8436,W09,A30,ARKENAU,METALLBAU ARKENAU GMBH (ANHAENGER),DINKLAGE
8437,W09,F36,FEBETEC,FEBETEC GMBH (ANHAENGER),BARMSTEDT
8438,W09,010,OPPEL,Oppel Fahrzeugbau,Untersiemau
8439,W09,S75,SIPPEL,SIPPEL FAHRZEUGBAU+HEBETECHNIK GMBH (ANHAENGER),LEIPZIG
8440,W09,S76,"SIPPEL,B.",B.SIPPEL GMBH (ANHAENGER),HESSISCH LICHTENAU
8441,W09,011,OELKERS,M. OELKERS FAHRZEUGBAU (ANHAENGER),WENZENDORF
8442,W09,H65,HASER,METALL-U.FAHRZEUGBAU HASER GMBH (ANHAENGER),GRUBNITZ
8443,W09,K66,KREIENBORG,HEINZ KREIENBORG FAHRZEUGBAU (ANHAENGER),VISBEK
8444,W09,K67,"KROLL,WESEL",KROLL FAHRZEUGBAU-UMWELTTECHNIK GMBH,HÜNXE
8445,W09,B53,BREU,BREU FAHRZEUGBAU (ANHAENGER),ESCHLKAM-SEUGENHOF
8446,W09,H66,HANDELMANN,BERND HANDELMANN LANDMASCHINEN (ANHAENGER),LANGEN-NEUENWALDE
8447,W09,F38,FRENZEL,FRENZEL GMBH (ANHAENGER),ILSFELD-AUENSTEIN
8448,W09,K68,KRAUS,KRAUS MASCHINENHANDELS-GMBH (ANHAENGER),DEGGENDORF/RUSEL
8449,W09,A31,AKKERMANN,AKKERMANN GMBH (ANHAENGER),KRANENBURG
8450,WH3,,HORSCH,Horsch Maschinen GmbH,Schwandorf
8450,W09,H67,HORSCH,Horsch Maschinen GmbH,Schwandorf
8451,W09,K70,KUBERT,BERND KUBERT PKW-ANHAENGERBAU,MINDEN
8452,W09,D24,DETERDING,DETERDING GMBH (ANHAENGER),PENNIGSEHL
8453,W09,K72,KORN,EGON KORN PKW-ANHAENGERBAU,NEUBURG/DO.-ROEDENHOF
8454,W09,H68,HOLBEIN,B.HOLBEIN FAHRZEUG-U.METALLBAU (ANHAENGER),BOENNIGHEIM
8455,W09,B56,BALSTER,BALSTER MASCHINENBAU (ANHAENGER),STEINFELD
8456,W09,Z08,ZUCHOWSKI,KLAUS ZUCHOWSKI FAHRZEUGBAU GMBH (ANHAENGER),ILSFELD
8457,W09,P25,"PETERS,NUEMBRECHT","PETERS-ANHAENGER, BGB-GESELLSCHAFT",NUEMBRECHT-GADEROTH
8458,W09,L09,"LANSING,VREDEN",LANSING FAHRZEUGBAU GMBH (ANHAENGER),VREDEN/WESTF.
8459,W09,012,"OBERMANN,MUELHEIM",FAHRZEUGBAU OBERMANN (ANHAENGER),MUELHEIM AN DER RUHR
8460,W09,W46,WT-METALL,WT-METALL GMBH & CO KG MASCH.U.FAHRZEUGBAU (ANH.),BAMBERG
8461,W09,H69,HAVERKAMP,HAVERKAMP FAHRZEUGBAU (ANHAENGER),OSTBEVERN
8462,W09,B58,"BUSCH,J.",JOHANN BUSCH (ANHAENGER),WILSUM
8463,W09,A32,ALBRECHT NUTZFZ.,ALBRECHT NUTZFAHRZEUGE GMBH (ANHAENGER),BAD SAECKINGEN
8464,W09,W48,"WOLF,DIETER",DIETER WOLF (ANHAENGER),WEILER-BREMENRIED
8465,W09,P26,"PETERSEN,KAI",KAI PETERSEN GMBH & CO KG (ANHAENGER),STERDEBUELL
8466,W09,T33,TREFZGER & BERGER,TREFZGER & BERGER ANHAENGERBAU,WEHR/BADEN
8467,W09,H70,HUEDIG,HUEDIG GMBH & CO KG (ANHAENGER),CELLE
8468,W09,S77,SPEICHER,ENGELBERT SPEICHER FAHRZEUGBAU (ANHAENGER),TUNSEL
8469,W09,D25,DAHL,"GUSTAV DAHL, INH.WALTER DAHL LANDMASCHINEN (ANH.)",RAHDEN
8470,W09,B59,BAYER MASCH-BAU,BAYER MASCHINENBAU GMBH (ANHAENGER),NEUHAUSEN OB ECK
8471,W09,M58,MEP,"METALLBAU ENTWICKLUNG UND PRODUKTIONS GMBH & CO,ANH.","MAGDEBURG, NL GREIFSWALD"
8472,W09,L39,"LANG,H.",HELMUT LANG FAHRZEUGBAU (ANHAENGER),BUEHLERZELL
8473,W09,H71,HEGLA,HEGLA FAHRZEUG-U.MASCHINENBAU GMBH & CO KG (ANH.),BEVERUNGEN
8474,W09,H72,"HARBECK,FRANZ",FRANZ HARBECK GMBH (ANHAENGER),SIEGSDORF
8475,W09,C16,CALLAWAY,CALLAWAY COMPETITION GMBH (PERSONENKRAFTWAGEN),LEINGARTEN
8476,W09,E28,EHRENBERG,GERHARD EHRENBERG (ANHAENGER),BRAUNSCHWEIG
8477,W09,H73,HAYER,REINHOLD HAYER FAHRZEUGBAU (ANHAENGER),VAIHINGEN/ENZ-ENZWEIHINGEN
8478,W09,R32,REUTER,LANDTECHNIK-U.ANHAENGERVERTRIEB TORSTEN REUTER,GEVELSBERG
8479,W09,C17,CPM,CPM MOTORS GMBH (PERSONENKRAFTWAGEN),WANZLITZ
8480,W09,K75,KROGMANN,AUTO-CAMP-TECHNIK KROGMANN (ANHAENGER),NUERNBERG
8481,W09,G38,"GREINER,NEUENSTEIN",GREINER GMBH (ANHAENGER),NEUENSTEIN
8482,W09,B60,BETHGE,BETHGE GMBH METALLBAU (ANHAENGER),GARTOW
8483,W09,R33,ROSSKOPF,KARL ROSSKOPF METALLBAU (ANHAENGER),SCHLIENGEN
8484,W09,H74,HF HEBETECHNIK,HF HEBETECHNIK-FAHRZEUGBAU GMBH (ANHAENGER),UNTERGRUPPENBACH
8485,W09,N12,N&L,N & L METALLBAU GMBH (ANHAENGER),NORDHORN
8486,W09,K76,"KOCH,WERNER","WERNER KOCH,WEKO-ANHAENGER",SENDENHORST/ALBERSLOH
8487,W09,B61,"BERGER,FRANKFURT",BERGER KAROSSERIE-U.FAHRZEUGBAU GMBH (ANHAENGER),FRANKFURT/MAIN
8488,W09,L40,LENZ,LENZ ANHAENGER-CENTER GMBH,SINDELFINGEN-MAICHINGEN
8489,W09,K77,KNOBBE,HEINRICH KNOBBE (ANHAENGER),PEHEIM
8490,W09,U06,"UNSINN,H.",H.UNSINN STAHLBAU U.NUTZFAHRZEUGE GMBH (ANHAENGER),AICHACH
8491,W09,S79,STAUDINGER,JAPAN SPEED MOTORRAD STAUDINGER GMBH (ANHAENGER),ROSENHEIM
8492,W09,S80,SPECKMANN,HARALD SPECKMANN TGS GUETERTRANSPORTE GMBH (ANH.),WARDENBURG
8493,W09,V15,VOELZ,REINHARD VOELZ (ANHAENGER),CASTROP-RAUXEL
8494,W09,U07,QUAPPE,UWE QUAPPE (ANHAENGER),JADE-JADERBERG
8495,WJA,,INVACARE,Invacare GmbH,Isny im Allgäu
8496,W09,S81,SCHNEIDER MOBILSYST.,SCHNEIDER MOBILSYSTEM (ANHAENGER),EUSKIRCHEN
8497,W09,E29,"EVERS,HEINER",HEINER EVERS KAROSSERIE-U.FAHRZEUGBAU (ANHAENGER),BILLERBECK
8498,W09,K78,KARMANN,Wilhelm Karmann GMBH,Osnabrück
8499,W09,D26,DIETZ,DIETZ FAHRZEUGBAU GMBH (ANHAENGER),SCHWALMSTADT
8500,W09,S82,SCHRADER,SCHRADER T + A FAHRZEUGBAU GMBH & CO KG (ANHAENGER),BECKUM
8501,W09,B62,BARDENHORST,MASCHINENBAU BARDENHORST GBR (ANHAENGER),BAD BENTHEIM
8502,W09,F40,FAHNENBRUCK,FAHNENBRUCK FAHRZEUGBAU GMBH (ANHAENGER),VOERDE/NIEDERRHEIN
8503,W09,B63,"BARTHAU,PETER",PETER BARTHAU FAHRZEUG-U.MASCHINENBAU (ANHAENGER),ERLENBACH
8504,W09,L38,"LANSING,GEBR.",GEBR.LANSING GMBH & CO KG (ANHAENGER),VREDEN
8505,W09,S83,SCHUETTEMEYER,SCHUETTEMEYER (ANHAENGER),RECKE
8506,W09,S84,SINKE,JOACHIM SINKE GMBH (ANHAENGER),HAMBURG (BERGEDORF)
8507,W09,K79,KNUHR,KAROSSERIE-U.FAHRZEUGBAU MATTHIAS KNUHR (PERSONENWG),MILOW
8508,W09,S85,SCHLEGL,FRANZ SCHLEGL FAHRZEUG-MASCHINENBAU (ANHAENGER),SCHWARZENFELD
8509,W09,P28,POPPE ANHAENGER,POPPE ANHAENGER,KOELN
8510,W09,S86,SCHAPER,WILHELM SCHAPER KFZ-MEISERBETRIEB (ANHAENGER),ROSENDAHL-DARFELD
8511,W09,S88,SCHLEMMER,DREHORGELBAU SCHLEMMER (ANHAENGER),BALINGEN
8512,W09,H77,HAUNERT,GERD HAUNERT (ANHAENGER),SIEGEN-SEELBACH
8513,W09,H78,HOFFHAUS,HERM.HOFFHAUS & SOHN FAHRZEUG-U.KAROSSERIEBAU (ANH.),EMSTEK
8514,W09,S89,SCHLOTTER,MANFRED SCHLOTTER (ANHAENGER),BOCHUM-WATTENSCHEID
8515,W09,G39,GOEBEL,BURGHARD GOEBEL FAHRZEUGBAU (ANHAENGER),LAUENFOERDE-MEINBREXEN
8516,W09,B64,BLOEMER,W.BLOEMER PKW-ANHAENGERBAU,HORSTMAR
8517,W09,S90,STENGER,ANHAENGER-GROSSMARKT-STENGER GMBH,BURBACH
8518,W09,E30,EMPL,EMPL FAHRZEUGWERK GMBH DEUTSCHLAND (ANHAENGER),KLOEDEN
8519,W09,K80,KLUEVER,KLUEVER KFZ-SERVICE GMBH (ANHAENGER),STEINBURG
8520,W09,L42,LUIG,FRIEDHELM LUIG ANHAENGERBAU,HAMM
8521,W09,G40,GEISSLER,GEISSLER FAHRZEUGBAU GMBH (ANHAENGER),GOEPPERSDORF
8522,W09,A33,ALFA LAVAL AGRI BSA,ALFA LAVAL AGRI BSA GMBH (ANHAENGER),MARKTSCHORGAST
8523,W09,013,ORTMANN,PETER ORTMANN FAHRZEUGBAU GMBH (ANHAENGER),HAMM
8524,W09,W51,WINZER,HANS WINZER GMBH FAHRZEUGBAU (ANHAENGER),LOERRACH
8525,W09,G41,GOLDBECKER,GOLDBECKER KUNSTSTOFFTECHNIK GMBH & CO KG (ANH.),HARSEWINKEL
8526,W09,A58,WALTHER,VOLKER WALTHER (ANHAENGER),DORTMUND
8526,W09,W52,WALTHER,VOLKER WALTHER (ANHAENGER),DORTMUND
8527,W09,R34,ROADTEC ROADSTERS,ROADTEC ROADSTERS FAHRZEUGE (PKW),DRESDEN
8528,W09,H79,"HOFFMANN,OBERHAUSEN",HELMUT HOFFMANN NUTZFAHRZEUGE (ANHAENGER),OBERHAUSEN
8529,W09,A35,AHNEMANN,FRED AHNEMANN GMBH FAHRZEUGBAU (ANHAENGER),TWISTRINGEN-HEILIGENLOH
8530,W09,B65,BIEGER,H.BIEGER INH.HEINRICH KAPPEN (ANHAENGER),RHEINE
8531,W09,M60,MP FAHRZEUGBAU,MP FAHRZEUGBAU MARKO PFAFF (ANHAENGER),BUCHHEIM
8532,W09,C18,CITYCOM,CITYCOM ELEKTROMOBILE GMBH (PERSONENKRAFTWAGEN),AUB
8533,W09,L43,LVS,LVS VERKAUFSWAGEN SERVICE GMBH (ANHAENGER),LOXSTEDT
8534,W09,K81,Autohaus Krüger,Autohaus Krüger Anhängerservice e.K.,Neustrelitz
8534,W09,K81,KRUEGER & KRAFFT,KRUEGER & KRAFFT ANHAENGERSERVICE OHG,NEUSTRELITZ
8535,W09,M61,MARCOTEC,MARCOTEC FAHRZEUGBAU GMBH (ANHAENGER),MAGDEBURG
8536,W09,S91,S & L.PARCHIM,STAHLBAU & LANDTECHNIKVERTRIEB GMBH (ANHAENGER),PARCHIM
8537,W09,K83,KABLAK,WALTER KABLAK (PERSONENKRAFTWAGEN),HERZBERG/HARZ
8538,W09,K84,KORTEN,MANFRED KORTEN H+V GMBH (ANHAENGER),UTHLEDE
8539,W09,A36,ASCHWEGE & TOENJES,V.ASCHWEGE & TOENJES GMBH FAHRZEUGBAU (ANHAENGER),GARREL
8540,W09,M62,MALINSKY,DIRK MALINSKY KAROSSERIEBAU (ANHAENGER),HAMM
8541,W09,Z09,ZATO,ZATO GMBH LEICHTBAU- UND FAHRZEUGTECHNIK (PERS.),NIEDERBREITBACH
8542,W09,B67,BECKMANN AGGREGATE,BECKMANN AGGREGATE SERVICE GMBH (ANHAENGER),HAMBURG
8543,W09,J20,"JENSEN,FRANZ",FRANZ JENSEN METALL-U.STAHLBAU (ANHAENGER),RISUM-LINDHOLM
8544,W09,014,OHLMEIER,Ohlmeier Anhängercenter GmbH,Leopoldshöhe
8545,W09,K85,KLEEBERGER,JOSEF KLEEBERGER FAHRZEUGBAU (ANHAENGER),AIGLKOFEN
8546,W09,F41,FRANKE,HERBERT FRANKE FAHRZEUGBAU (ANHAENGER),SCHEESSEL/WESTERESCH
8547,W09,J21,JANSEN,ANHAENGERVERTRIEB WERNER JANSEN,WERLTE
8548,W09,G42,GILHAUS,MARC GILHAUS METALLBAU (ANHAENGER),IHLOW (WESTERENDE-KIRCHLOOG)
8549,W09,S93,SCHNIEDER,DIETMAR SCHNIEDER FAHRZEUGBAU (ANHAENGER),HUNTEBURG
8550,W09,D28,DUNKHORST,WILFRIED DUNKHORST FAHRZEUGBAU (ANHAENGER),UCHTE
8551,W09,K87,"KLEIN,PETER",AUTOMOBILE PETER KLEIN (ANHAENGER),BAD OEYNHAUSEN
8552,W09,L44,LAEMMLE,HEINZ LAEMMLE FAHRZEUGE U.MASCHINEN (ANHAENGER),NEUSTETTEN-WOLFENHAUSEN
8553,W09,M65,MAG,MOTOREN.AGGREGATE.GETRIEBE RECYCLING GMBH-MAG-(ANH.),STADTHAGEN
8554,W09,M66,MAYTEC,MAYTEC FAHRZEUGBAU GMBH (ANHAENGER),WALDSHUT-TIENGEN
8555,W09,H81,HOMAR,HOMAR FAHRZEUGBAU ROLAND HOEGN (ANHAENGER),HAUSEN
8556,W09,S94,SCHUPP,BERND SCHUPP (ANHAENGER),BAD DRIBURG
8557,W09,L45,LOTTERMANN,"LOTTERMANN'S BIKES,INH.THOMAS LOTTNER (KRAFTRAEDER)",SOLTAU-WOLTERDINGEN
8558,W09,W54,WILLENBROCK,HERMANN WILLENBROCK KAROSSERIE-U.FAHRZEUGBAU (ANH.),SOTTRUM
8559,W09,H82,HOENING,ROBERT HOENING SPEZIALFAHRZEUGE GMBH,LEONBERG
8560,W09,S95,STELLFELD & ERNST,STELLFELD & ERNST GMBH (ANHAENGER),DORTMUND
8561,W09,W56,WESSEL,GUENTER WESSEL (ANHAENGER),MINDEN
8562,W09,S96,SCHWENGELS,"SCHWENGELS MASCHINENBAU,INH.SCHWENGELS & TIETZE (ANH)",WESTERSTEDE-HALSBECK
8563,W09,J22,IGELBRINK,FAHRZEUGBAU HEINRICH IGELBRINK (ANHAENGER),LUDWIGSAU-GERTERODE
8564,W09,H84,"HAHN,ALFELD","OTTO HAHN,INH.ERIKA HAHN ANHAENGERBAU",ALFELD/LEINE
8565,W09,S97,STADE,"BERNHARD STADE,INH.M.STADE (ANHAENGER)",DUELMEN-BULDERN
8566,WF0,,FORD (D),Ford-Werke GmbH,Köln
8566,WF1,,FORD (D),Ford-Werke GmbH,Köln
8566,WF2,,FORD (D),Ford-Werke GmbH,Köln
8566,WF3,,FORD (D),Ford-Werke GmbH,Köln
8566,WF4,,FORD (D),Ford-Werke GmbH,Köln
8566,WF5,,FORD (D),Ford-Werke GmbH,Köln
8566,WF6,,FORD (D),Ford-Werke GmbH,Köln
8566,WF7,,FORD (D),Ford-Werke GmbH,Köln
8566,WF8,,FORD (D),Ford-Werke GmbH,Köln
8567,W09,W57,"WEBER,WERNER",WERNER WEBER FAHRZEUGBAU (ANHAENGER),OBERKIRCH
8568,W09,G43,GSF,GSF SONDERFAHRZEUGBAU GMBH (ANHAENGER),WIETMARSCHEN
8569,W09,F13,FB,FB FAHRZEUGBAU BRANDENBURG GMBH (ANHAENGER),BRANDENBURG
8570,W09,K89,KOBERNUSS,CLAUS KOBERNUSS (ANHAENGER),BARUM
8571,W09,R35,RUNDRUM,RUNDRUM KARUSSELLBAU GMBH (ANHAENGER),LANGWEID/AUGSBURG
8572,W09,A17,AUBURGER,AUTO AUBURGER (ANHAENGER),"WALD,MAIERTSHOF"
8573,W09,S98,"SCHMITZ,FRANZ",FRANZ SCHMITZ NUTZFAHRZEUGE GMBH & CO (ANHAENGER),LIPPSTADT
8574,W09,S99,"SCHULTE,JOSEF",JOSEF SCHULTE KAROSSERIEBAU (ANHAENGER),GESEKE
8575,W09,S00,STEINBACHER,STEINBACHER FAHRZEUGBAU GMBH (ANHAENGER),LOHR A.MAIN-STEINBACH
8576,W09,J23,IMF,"IMF ANHAENGERBAU,DIPL.-ING. FRIEDRICH DOERR GMBH",LIMBURG/LAHN-LINDENHOLZHAUSEN
8577,W09,W58,WH-FAHRZEUGBAU,WH-FAHRZEUGBAU EMLICHHEIM GMBH (ANHAENGER),EMLICHHEIM
8578,W09,B68,BERING,LEO BERING (ANHAENGER),RHEINE
8579,W09,D29,DIMKO,"DIMKO-MASCHINEN,FERDINAND DIMKOWSKI (ANHAENGER)",RECKLINGHAUSEN
8580,W09,K90,KRAUSSE & KRAUSSE,"KRAUSSE & KRAUSSE GMBH,ANHAENGERBAU",SINN
8581,W09,G44,GORGUS,AUTOHAUS ACHIM GORGUS (PERSONENKRAFTWAGEN),STRAUBENHARDT
8582,W09,J24,ISOPOLAR,ISOPOLAR GMBH (Anhänger)),NETPHEN
8583,W09,W59,WIESMANN,Wiesmann GmbH & Co. KG,Duelmen
8584,W09,W05,WIELAND,KARL WIELAND FAHRZEUGBAU (ANHAENGER),SULZ/NECKAR-HOLZHAUSEN
8585,W09,SA1,SCHWEIZER,EUGEN SCHWEIZER LANDMASCHINEN (ANHAENGER),MARCH/HOLZHAUSEN
8586,W09,SA2,SCHWARTE,SCHWARTE-WERK GMBH (ANHAENGER),AHLEN
8587,W09,B54,ZEPPELIN MOBILE SYS.,ZEPPELIN MOBILE SYSTEME GMBH (ANHAENGER),KERPEN-SINDORF
8588,W09,M64,MATTEN,RUDI MATTEN GMBH (ANHAENGER),RHEINBERG
8589,W09,F43,FRIEDERICHS,CARL FRIEDERICHS GMBH,FRANKFURT
8590,W09,A37,AUTOHAUS PREMNITZ,"AUTOHAUS PREMNITZ, OBST & SCHMITZ GBR (PERSONENKR.WG)",PREMNITZ
8591,W09,M67,"MEIER,BUERSTADT",MEIER FAHRZEUGBAU GMBH (ANHAENGER),BUERSTADT
8592,W09,SA3,STOFFREGEN,THORSTEN STOFFREGEN (ANHAENGER),LIPPSTADT
8593,W09,B70,"BAUER,ROLF",ROLF BAUER GMBH KAROSSERIEBAU (ANHAENGER),FREIBURG
8594,W09,H87,HEPHATA,"HEPHATA HESSISCHES DIAKONIEZENTRUM EV,TREYSA (ANH.)",SCHWALMSTADT
8595,W09,H88,HE-WA AUFBAU,HE-WA AUFBAU M.RIEDEL GMBH FAHRZEUGBAU (ANHAENGER),MOERS
8596,W09,Z10,ZENDER,HANS ALBERT ZENDER EXKLUSIV-AUTO (ANHAENGER),MUELHEIM-KAERLICH
8597,W09,T34,THOMAS,HOLGER THOMAS SCHMIEDEMEISTER (ANHAENGER),GLAUCHAU
8598,W09,K91,KOESTER FZ-BAU,KOESTER FAHRZEUGBAU GMBH (ANHAENGER),CASTROP-RAUXEL
8599,W09,G45,GERHART,HANS GERHART TRANSPORTTECHNIK GMBH (NUTZFAHRZEUGE),BROMBACH
8600,W09,R54,ROKA-WERK,ROKA-WERK GmbH,Mengerskirchen-Waldernbach
8601,W09,G46,GREUFE,THEODOR GREUFE KAROSSERIE-U.FAHRZEUGBAU (ANHAENGER),MUENSTER
8602,WKD,,KEWET,KEWET STADTAUTO INDUSTRIE NORDHAUSEN GMBH (PKW),NORDHAUSEN
8603,W09,M68,MINKLER,JACKSON PROMOTIONMOBILE-I.MINKLER (ANHAENGER),HAMM
8604,W09,SA5,SCHIRMER,Schirmer Race Engineering,Boos
8605,W09,F45,FILMER,WILHELM FILMER FAHRZEUGBAU (ANHAENGER),USLAR
8606,W09,N10,HRD-NOVATRAIL,HRD-NOVATRAIL MASCHINEN-U.ANLAGENBAU GMBH(ANHAENGER),EMLICHHEIM
8607,W09,H90,HEIMBURGER,ROLAND HEIMBURGER FAHRZEUGBAU (ANHAENGER),NIEDERESCHACH
8608,W09,O16,OHLWEIN,"INGO OHLWEIN (PERSONENKRAFTWAGEN,ANHAENGER)",WALKENRIED
8609,W09,T35,TRANSVARIO,TRANSVARIO KUEHL-U.NUTZFAHRZEUGE HANDELS-GMBH (ANH.),MEMMINGEN
8610,W09,N03,KANO,KANO-FAHRZEUGBAU KARL NOLD GMBH (ANHAENGER),RIEDSTADT-ERFELDEN
8611,W09,T36,TROULLIER,GERD TROULLIER (ANHAENGER),BAD HONNEF
8612,W09,SA6,SIEGEL,SIEGEL AUTO + BOOT VERTRIEB U.SERVICE GMBH (ANH.),GUMMERSBACH
8613,W09,A39,ASSMANN,ASSMANN GMBH (ANHAENGER),LAUFFEN/NECKAR
8614,W09,T37,TECHART,TECHART AUTOMOBILDESIGN GMBH (PERSONENKRAFTWAGEN),LEONBERG-HOEFINGEN
8615,W09,M69,"MAFA,GRABOW",MAFA MASCHINEN U.FAHRZEUGE GMBH (ANHAENGER),GRABOW/MECKLENBURG
8616,W09,K93,KIRI,ANTON KIRI (ANHAENGER),BAD SCHUSSENRIED
8617,W09,SA7,STUERZEL,KAROLA STUERZEL (WK TRIKE-PERSONENKRAFTWAGEN),AUBSTADT
8618,W09,V16,VOLKSWAGEN MOTORSP.,VOLKSWAGEN MOTORSPORT (PERSONENKRAFTWAGEN),HANNOVER
8619,W09,L10,LAUN,WILLI LAUN FAHRZEUGBAU (ANHAENGER),WALLERSTEIN
8620,W09,K94,KAESSBOHRER TANK-S.,"KAESSBOHRER TANK-SILO GMBH & CO KG (NUTZFZ., ANH.)",NEU ULM
8621,W09,M70,"MUELLER,ANDERNACH",ALFRED MUELLER FAHRZEUGBAU (ANHAENGER),ANDERNACH/EICH
8622,W09,SA8,SIGMUND,SIGMUND LANDMASCHINEN (ANHAENGER),GUEGLINGEN
8623,W09,Z11,"ZIMMERMANN,R.",ROBERT ZIMMERMANN FAHRZEUGBAU (ANHAENGER),BAD SAECKINGER
8624,W09,M72,MORISKE,M.L. MORISKE ANHAENGER-VERTRIEBSCENTER,STUHR
8625,W09,SA9,"STEFFEN,KIEL",AUTOMOBILE STEFFEN GMBH (KRAFTRAEDER),KIEL
8626,W09,B72,BREUER,BREUER GMBH FAHRZEUGBAU (ANHAENGER),HEINSBERG
8627,W09,D02,DECKERS,WERNER DECKERS KAROSSERIE-U.FAHRZEUGBAU (ANHAENGER),HAMMINKELN-DINGDEN
8628,WAF,,"ACKERMANN,OSCHERSL.",ACKERMANN FAHRZEUGBAU OSCHERSLEBEN GMBH (ANHAENGER),OSCHERSLEBEN
8629,W09,C19,CONTEX-HYDROBOX,CONTEX-HUDROBOX GMBH (ANHAENGER),GUMMERSBACH
8630,W09,D30,DETTINGER,DETTINGER KAROSSERIEBAU-AUTOLACKIERUNG (ANHAENGER),FREIBURG-WALTERSHOFEN
8631,W09,F46,FSN,FSN FAHRZEUGTECHNIK GMBH (ANHAENGER),ROSTOCK
8632,W09,M73,MEVISSEN,MEVISSEN Nutzfahrzeug GmbH,Niederzier
8633,W09,N13,"NEUMANN,W.",WILHELM NEUMANN KAROSSERIE-U.FAHRZEUGBAU (ANH.),STOLZENAU
8634,W09,B74,BAHR,HEINZ BAHR KFZ-REPARATUR (ANHAENGER),WALHEIM
8635,WCA,,COMPAIR,COMPAIR DRUCKLUFTTECHNIK GMBH (ANHAENGER),SIMMERN
8635,WMN,,COMPAIR,COMPAIR DRUCKLUFTTECHNIK GMBH (ANHAENGER),SIMMERN
8636,W09,G37,GER-FAHRZEUGBAU,GER-FAHRZEUGBAU GEBR. REHR (ANHAENGER),GESCHER
8637,W09,W62,WAERDER,ANNA WAERDER (ANHAENGER),ISSELBURG
8638,WUF,,UNSINN FZ-TECHNIK,UNSINN FAHRZEUGTECHNIK GMBH (ANHAENGER),HOLZHEIM
8638,W09,U02,UNSINN FZ-TECHNIK,UNSINN FAHRZEUGTECHNIK GMBH (ANHAENGER),HOLZHEIM
8639,W09,R36,ROEHL,HEINZ ROEHL FAHRZEUGBAU (ANHAENGER),HAMBURG-ALTONA
8640,W09,J07,JOTHA,JOTHA FAHRZEUGBAU AG (ANHAENGER),DONAUWOERTH
8641,W09,A40,APEL,CARL-GEORG APEL (ANHAENGER),SPANGENBERG
8642,W09,J26,INFRATEST,INFRATEST BAUSTOFF-U.UMWELTPRUEFGERAETE GMBH (ANH.),BRACKENHEIM
8643,W09,B75,BLUMENBECKER,BLUMENBECKER-TECHNIK GMBH (ANHAENGER),SCHAFSTAEDT
8644,W09,SAO,SCHULZE & NOACK,SCHULZE & NOACK INSTA RECYCLING-SYSTEME GMBH (ANH.),RATHENOW
8645,W09,SB1,SUPER-CYCLE-SHOP,SUPER-CYCLE-SHOP (KRAFTRAEDER),BALINGEN
8646,W09,A41,ADAM,ADAM KAROSSERIE & KRAFTFAHRZEUGTECHNIK (ANHAENGER),NAGOLD/WOLFSBERG
8647,W09,W63,"WOLF,BIEBERTAL",DIETER WOLF ANHAENGERBAU,BIEBERTAL OT RODHEIM
8648,W09,SB2,SCHIFFNER & SCHMITZ,SCHIFFNER & SCHMITZ KAROSSERIE-U.FAHRZEUGBAU (ANH.),KORBACH
8649,W09,SB3,SCHELPMEIER,FRIEDRICH SCHELPMEIER (ANHAENGER),DETMOLD-BENTRUP
8650,W09,D31,DORER,PRIMAGAS-VERTRIEB FRANZ DORER (ANHAENGER),VOEHRENBACH-URACH
8651,W09,B76,BREUNIG,BREUNIG FAHRZEUGBAU GMBH (ANHAENGER),OEHRINGEN
8652,W09,H92,HECHTFISCHER,XAVER HECHTFISCHER (ANHAENGER),SCHWARZENBACH/SAALE
8653,W09,B77,BINZ,BINZ GMBH & CO,LORCH
8654,W09,N15,NIENTIEDT,THOMAS NIENTIEDT (ANHAENGER),MUENSTER
8655,WFG,,FGS,FGS GmbH Fahrzeug- und Al-Systeme,Hohenfels
8655,W09,F47,FGS,FGS GmbH Fahrzeug- und Al-Systeme,Hohenfels
8656,W09,A42,ALTEMEIER,KARL-HEINZ ALTEMEIER KAROSSERIEBAUMEISTER (ANH.),GUETERSLOH
8657,W09,SB4,STENTRUP,JOSEF STENTRUP LANDMASCHINEN (ANHAENGER),HERBERN
8658,W09,U08,UNRUH,UNRUH GMBH (ANHAENGER),EHINGEN
8659,WUB,,SCHUETZ,KARL SCHUETZ STAHL-U.MASCHINENBAU (ANHAENGER),SCHILTBERG
8660,W09,SB5,"SCHERER, GEISLINGEN",SCHERER-TRIKES FAHRZEUGBAU GMBH (PERSONENWAGEN),GEISLINGEN
8661,W09,G48,GEBERT,ROLAND GEBERT LANDM.-METALL-U.FAHRZEUGB. (ANHAENGER),NEUENSTEIN-ESCHELBACH
8662,W09,U09,UZTRAILER,UZTRAILER GMBH (ANHAENGER),HAMM
8663,W09,E32,ES-GE,ES-GE NUTZFAHRZEUGE GMBH (ANHAENGER),ESSEN
8664,W09,A43,AMAC,AMAC VERTRIEBSGESELLSCHAFT MBH DEUTSCHLAND (ANH.),RAEDERLOH
8665,W09,B78,BEVO,BEVO SYSTEMTECHNIK GMBH (ANHAENGER),SCHUETTORF
8666,W09,B79,BENZ,ACHIM BENZ METALL-U.FAHRZEUGBAU (ANHAENGER),GAGGENAU
8667,W09,G49,GREVSMUEHL,JUERGEN GREVSMUEHL METALLBAU (ANHAENGER),GREBS
8668,W09,SB6,SINGLER,ANTON SINGLER KAROSSERIEBAUMEISTER (ANHAENGER),SCHUTTERTAL
8669,WTD,,TOYOTA MOTORSP.(D),TOYOTA MOTORSPORT GMBH (PERSONENWAGEN),KOELN
8670,W09,L46,"LEHMANN,STRIGGOW",BERND-HELMUT LEHMANN ANHAENGERMONTAGE,STRIGGOW
8671,W09,H94,"HOFFMANN,BITBURG",HOFFMANN GMBH (ANHAENGER),BITBURG
8672,W09,W64,WIESMUELLER,FRANZ WIESMUELLER (ANHAENGER),NEUOETTING
8673,W09,K95,KLOSE,OLAF KLOSE METALL-U.ANHAENGERBAU,SAETTELSTADT
8674,W09,H95,"HUSMANN, LATHEN",HUSMANN GMBH MASCHINEN-U.LANDMASCHINENFABRIK (ANH.),LATHEN (EMS)
8675,W09,M75,MOTO-SPEZIAL,MOTO-SPEZIAL GMBH (KRAFTRAEDER),GOMADINGEN
8676,W09,T38,TAW,TAW TANK-U.APPERATEBAU WEITEFELD GMBH (ANHAENGER),WEITEFELD
8677,WSV,,"SCHMIDT,ST.BLASIEN",Aebi Schmidt Deutschland GmbH,St. Blasien
8678,W09,M76,MASANNEK,GERHARD MASANNEK ANHAENGER-U.STAHLROHRBAU,BIELEFELDT
8679,W09,R37,RUCKABERLE,FAHRZEUGBAU RUCKABERLE GMBH (ANHAENGER),WEIL IM SCHOENBUCH
8680,W09,E33,ECKSTEIN,ALFRED ECKSTEIN FAHRZEUGBAU (ANHAENGER),STEPHANSPOSCHING
8681,WTA,,TIAG,TIAG PRODUKTIONSGESELLSCHAFT MBH (ANHAENGER),SINNTAL-MOTTGERS
8681,WTW,,TIAG,TIAG PRODUKTIONSGESELLSCHAFT MBH (ANHAENGER),SINNTAL-MOTTGERS
8682,W09,F12,NUTZFZ.U.SERVICE,NUTZFAHRZEUGAUFBAUTEN U.SERVICE GMBH WERDAU (ANH.),WERDAU
8683,W09,B80,BENDIX,BENDIX GMBH (ANHAENGER),NEURIED/MUENCHEN
8684,W09,K96,KRAEMER,R.KRAEMER PFERDESP.SCHMECKENBACHER GMBH & CO KG ANH.,HOCKENHEIM-TALHAUS
8685,W09,F49,FUNMARINE,FUNMARINE REDDIG & SEITER GDBR (ANHAENGER),RHEINMUENSTER
8686,W09,L47,LINDNER&FISCHER NORD,LINDNER & FISCHER NORD FAHRZEUGBAU GMBH (ANHAENGER),FALLINGBOSTEL
8687,W09,A44,AERO-PLAST,AERO-PLAST ENGINEERING SCHMITZ KG (ANHAENGER),HASSFURT/M.
8688,W09,H96,HOFFMANN,JOHANN HOFFMANN FAHRZEUGBAU (ANHAENGER),GINDORF
8690,W09,U10,ULLRICH & NUHN,"FRANK ULLRICH & FRANK NUHN GBR FAHRZEUGB. (ZUGM., ANH)",KOENIGSTEIN
8691,W09,K97,"KRAEMER,ALFRED",ALFRED KRAEMER FAHRZEUGBAU (ANHAENGER),UEDERSDORF
8692,W09,A45,ANH-S.WESTERKAPPELN,ANHAENGER-SERVICE WESTERKAPPELN,WESTERKAPPELN
8693,W09,W65,WESTHUES,BERNHARD WESTHUES (ANHAENGER),WARENDORF
8694,W09,P32,PETERBERNS & KESSEN,PETERBERNS & KESSEN ANHAENGER-U.METALLBAU,HASELUENNE
8695,W09,Z12,ZELLER,AUTO-ZELLER GMBH & CO KG (ANHAENGER),GEROLZHOFEN
8696,W09,D32,DITTMER,ULRIKE DITTMER (ANHAENGER),DRIEDORF
8697,W09,V17,VOY,VOY ANHAENGER-CENTER GMBH,BRAUNSCHWEIG
8698,W09,L48,LAMBERT,LAMBERT GMBH (ANHAENGER),Göppingen
8699,W09,L49,"LANG, DIRK",DIRK LANG GMBH (ANHAENGER),SCHMELZ/LIMBACH
8700,W09,T40,T & T FAHRZEUG,T & T FAHRZEUG GMBH (ANHAENGER),WORBIS
8701,W09,R38,REWACO,REWACO SPEZIALFAHRZEUGE GMBH (PERSONENWAGEN),LINDLAR
8702,WKF,,KUBOTA,KUBOTA BAUMASCHINEN GMBH (ARBEITSMASCHINEN),ZWEIBRUECKEN
8703,W09,P33,PFAENDER,JOACHIM PFAENDER KFZ-TECHNIK (ANHAENGER),HAMBURG
8704,W09,W66,WEGMANN-SYSTEMTECHN.,WEGMANN & CO GMBH SYSTEMTECHNIK,KASSEL
8705,W09,017,"OEHLER,HERBERT",HERBERT OEHLER (ANHAENGER),OFFENBURG
8706,WSK,,SCHMITZ GOTHA,SCHMITZ GOTHA FAHRZEUGWERK GMBH (ANHAENGER),GOTHA
8706,W09,G22,SCHMITZ GOTHA,SCHMITZ GOTHA FAHRZEUGWERK GMBH (ANHAENGER),GOTHA
8707,W09,SB7,SCHULTZ,AUTOHAUS MAX SCHULTZ GMBH U.CO.KG (ANHAENGER),SONNEFELD
8708,WMV,,MV LUEBTHEEN,MV LUEBTHEEN FAHRZEUGENTW.U.VERTRIEB GMBH(ANHAENGER),LUEBTHEEN
8709,W09,SB8,SCHEPP,WOLFGANG SCHEPP CAMPING-CENTER (ANHAENGER),KREUZTAL-KROMBACH
8710,W09,A10,D & W,"D & W STAHL-UND ANLAGENBAU GMBH (NUTZFAHRZ.,ANH.)",PARCHIM
8711,WDL,,"DUIS,LUEBECK",FOLLRICH W. DUIS GMBH (ANHAENGER),LUEBECK
8712,W09,J27,JAECKLE,GEBR. JAECKLE GMBH (ANHAENGER),HILZINGEN-SCHLATT A.R.
8713,W09,SBO,SUEDBECK,LUDWIG SUEDBECK NUTZFAHRZEUGE GMBH (ANHAENGER),VECHTA
8714,WBC,,BOOM,BOOM-TRIKES Fahrzeugbau AG,Sontheim
8715,WMT,,MFT,MFT TRANSPORT SYSTEME GMBH (ANHAENGER),ILSHOFEN
8716,W09,SEO,SEBA-BORCO-HOEHNS,SEBA-Borco-Höhns GmbH & Co. KG (ANHAENGER),Rotenburg/Wümme
8717,W09,R39,RANSIEK,John Ransiek,Rödinghausen
8718,W09,M77,MICHAELSEN,HARTWIG MICHAELSEN RECYCLINGMASCHINEN (ANHAENGER),BERLIN
8719,WLE,,LBT,LBT ELEKTROZWEIRADFAHRZEUGE GMBH,THUM
8720,W09,M78,MAASS,KLAUS MAASS (ANHAENGER),ADELHEIDSDORF
8721,W09,G50,GASSER,MARTIN GASSER (ANHAENGER),TENINGEN
8722,WFC,,FENDT CARAVAN,FENDT CARAVAN GMBH (ANHAENGER),MERTINGEN
8723,W09,SC1,SCHIMSKE,ANHAENGERBAU SCHIMSKE-ABS,AULENDORF
8724,W09,H97,"HAUSER,JEAN-CLAUDE",HAUSER GMBH (PERSONENKRAFTWAGEN),EICHENAU
8725,W09,N16,NOE,OTMAR NOE GMBH (ZUGMASCHINEN),MUDAU
8726,W09,K99,K.B.M.-TRIKE'S,"KBM,KUPFERSCHLAEGER,BASSECK,MUELLER GDBR (PKW)",NEUNKIRCHEN
8727,W09,C20,CHROMY,"CHROMY,MARIOLA PKW-ANHAENGER",WERL
8728,W09,F50,FRICOM,FRICOM ANHAENGER-UND LADENBAU GMBH,BERLIN
8729,W09,H98,HILTL,HANS HILTL NUTZFAHRZEUGE INH.H.-D.HOLFELDER (ANH.),NUERNBERG
8730,W09,A46,AAB,AAB AUTO-ANHAENGER-BARTHOLOMAE GMBH,BARTHOLOMAE
8731,W09,H99,HBM-NOBAS,HBM-NOBAS BAUMASCHINEN GMBH (ARBEITSMASCHINEN),NORDHAUSEN
8732,W09,A47,ASE,ASE AUTO-SERVICE GMBH (ANHAENGER),ALFELD
8733,W09,MA7,MEELS,Meels GmbH & Co. Fahrzeugbau u. Computertechnik Vertriebs KG,FELLHEIM
8735,W09,F51,FRM,FRM FAHRZEUGBAU- U.REPARATUR GMBH (ANHAENGER),MARL
8736,WAV,,AVG,AVG VERTRIEBSGESELLSCHAFT MBH (ANHAENGER),WUPPERTAL
8737,WEA,,MS-PARTS,MS-PARTS GMBH FAHRZEUGTEILE U.FAHRZEUGBAU(ANHAENGER),NERSINGEN
8738,W09,W68,"WILLE,HERO A.",HERO A. WILLE KAROSSERIE U.FAHRZEUGBAU GMBH (ANH.),LANGNIENDORF
8739,W09,B82,BODDEN,BODDEN FAHRZEUGBAU GMBH (ANHAENGER),KLEVE
8740,W09,SC2,STAHA,STARKA UND HARTMANN GDBR (ANHAENGER),MUDERSBACH
8741,W09,K00,KIRCHHOFF,HERBERT KIRCHHOFF GMBH-FAHRZEUGBAU (ANHAENGER),HOEVELHOF
8742,WHT,,HRD,HRD-Trailer-Engineering GmbH,Emlichheim
8742,W09,N10,HRD,HRD-Trailer-Engineering GmbH,Emlichheim
8743,WTF,,TRASCO FAHRZEUGE,TRASCO FAHRZEUGE BREMEN GMBH (PERSONENKRAFTWAGEN),BREMEN
8745,W09,M43,GOSSELKE,OLAF GOSSELKE ANHAENGERVERTRIEB,ERWITTE
8746,VMT,,MSA,MOTOR SPORT ACCESSOIRES GMBH,WEIDEN I.D.OPF.
8746,WMS,,MSA,MOTOR SPORT ACCESSOIRES GMBH,WEIDEN I.D.OPF.
8747,WSZ,,SIMSON ZWEIRAD,SIMSON ZWEIRAD GMBH (KRAFTRAEDER),SUHL
8748,WGL,,GRIMME,GRIMME LANDMASCHINENFABRIK GMBH &.CO.KG (ANHAENGER),DAMME
8749,WAM,,AGCO (D),AGCO GmbH,Marktoberdorf
8750,W09,F52,FREYTAG,FREYTAG KAROSSERIEBAU GMBH (ANHAENGER),ELZE OT WUELFINGEN
8751,W09,SC3,SCHNELLE,STAEDTEWERBUNG SCHNELLE GMBH (ANHAENGER),PADERBORN
8752,W09,D33,"DOLD,O.",O.DOLD SPEDITIONS-U.TRANSPORT GMBH (ANHAENGER),BUCHENBACH
8753,W09,B83,BISCHOFF + SCHECK,Bischoff + Scheck AG,Rheinmünster
8754,WBE,,BLUMHARDT ENGINEER.,BEW BLUMHARDT ENGINEERING SERVICE GMBH (ANHAENGER),REHLINGEN
8755,W09,R40,RABENSTEIN,RABENSTEIN KUTSCHENBAU UND ANHAENGERVERTRIEB,DIETERSHEIM
8756,W09,F53,FBL,FBL FAHRZEUGBAU GMBH (ANHAENGER),BAD BENTHEIM
8757,WCJ,,CI WILK,CI WILK CARAVAN GMBH (ANHAENGER),SINNTAL-MOTTGERS
8758,W09,T41,TREUTLER,WOLFGANG TREUTLER KRAFTFAHRZEUGTECHNIK (ANHAENGER),KRANZBERG
8759,W09,KA1,KOMENT,KOMENT KOMMUNALE ENTSORGUNGSF.GMBH (ARBEITSMASCHI.),HOFOLDING
8761,W09,W69,WALKLINER,WALKLINER GMBH (ANHAENGER),LEUTKIRCH/ALLGAEU
8762,W09,M79,MASCH.U.ANTRIEBST.,MASCHINEN-U. ANTRIEBSTECHNIK GMBH (ANHAENGER),GUESTROW
8763,W09,H17,HIRSCH,GEBRUEDER HIRSCH FAHRZEUGBAU GMBH (ANHAENGER),WUPPERTAL
8764,W09,J28,IVM,IVM TECHNICAL CONSULTANTS GMBH (PERSONENKRAFTWAGEN),BAD FRIEDRICHSHALL
8765,W09,B18,BEROE-SYSTEMTECHNIK,BEROE-SYSTEMTECHNIK GMBH (ANHAENGER),NEUENBURG
8766,W09,B41,"BAUR,M.",MARKUS BAUR (ANHAENGER),ASPACH
8767,W09,T46,TUENNISSEN,Tünnissen Spezialmaschinen GmbH,Neukirchen-Vluyn
8768,W09,SA2,BARTEC,BARTEC LOGISTIC MANAGEMENT GMBH (ANHAENGER),AHLEN
8769,W09,F54,"FISCHER,K.",KLAUS FISCHER (ANHAENGER),FLENSBURG
8770,W09,B84,"BARTH,HUBERT",HUBERT BARTH DIPL.-ING. (KRAFTRAEDER),SCHORNDORF
8771,W09,R41,REIS,ANHAENGER-CENTER DORIT REIS,HUERTH-EFFEREN
8772,W09,SC4,SCHWINGE,SCHWINGE FAHRZEUGBAU GMBH (ANHAENGER),BISCHOFFERODE
8773,WME,,MCC SMART,MICRO COMPACT CAR SMART GMBH (PERSONENKRAFTWAGEN),RENNINGEN
8774,W09,F49,SUED-WEST MARINE,SUED-WEST MARINE GMBH (ANHAENGER),RHEINMUENSTER
8775,WRM,,RMC,RMC MOTORCYCLES U.SCOOTERS GMBH (KRAFRAEDER),HERTEN-WESTERHOLT
8777,W09,W66,KRAUSS-MAFF.WEGMANN,KRAUSS-MAFFEI WEGMANN GMBH CO. KG,MUENCHEN
8778,W09,B85,BECK,FAHRZEUGBAU TILMAN BECK (ANHAENGER),LIEBEROSE
8779,W09,F55,FAHRZEUG-TECHNIK,FAHRZEUG-TECHNIK NEUENBURG GMBH (ANHAENGER),NEUENBURG
8780,W09,KA2,KUEFFNER,KUEFFNER AUTOMOBILE (ANHAENGER),BRETZFELD
8781,W09,T42,TUPAK,GERHARD TUPAK (ANHAENGER),KIRCHLENGERN
8783,W09,T43,THORRY,THORRY METALLTECHNIK GMBH (ANHAENGER),ACHERN-FAUTENBACH
8784,W09,KA3,KODLIN,FRED KODLIN METALLBAUER (KRAFTRAEDER),BORKEN
8785,W09,H00,HEITLING.U.,HEITLING URSULA (ANHAENGER),MELLE
8786,W09,R42,"ROSSKOPF,UHINGEN",ROSSKOPF TRANSPORT GMBH (ANHAENGER),UHINGEN
8787,WTG,,TIRSAN,GOCH TIRSAN ANHAENDERPRODUKTION U.HANDEL GOCH GMBH,GOCH
8787,W09,T44,TIRSAN,GOCH TIRSAN ANHAENGERPRODUKTION U.HANDEL GOCH GMBH,GOCH
8788,W09,G51,GLA-WEL,GLA-WEL GMBH SONDERANHAENGERBAU,MELLE
8789,W09,HA1,HPN,HPN-MOTORRADTECHNIK GMBH,SEIBERSDORF
8790,WMG,,MANNESMANN DEMATIC,MANNESMANN DEMATIC AG (KRANBAU),WETTER
8791,WAT,,AUTO TECHNIK WALTHER,ATW AUTO TECHNIK WALTHER GMBH,BAD RAPPENAU
8792,W09,HA2,HOLLISTER'S,HOLLISTER'S MOTORCYCLE VOLKER SICHLER,ZIMMERN-HORGEN
8793,W09,W71,WILLIBALD,J. WILLIBALD GMBH (ANHAENGER),SENTENHART
8794,W09,SC5,SCHEUBECK,ANHAENGERBAU JOSEF SCHEUBECK,MICHELSNEUKIRCHEN
8795,WDS,,"DOPPSTADT,SCHOENEB.",DOPPSTADT GMBH (ZUGMASCHINEN),SCHOENEBECK
8796,W09,A48,ANHAENGER-CENT.SUED,ANHAENGER-CENTER SUED RALF KUEHNE,BERLIN
8797,W09,SC6,STRASSER,F. STRASSER KAROSSERIE- U. FAHRZEUGBAU GMBH (ANH.),PFOERRING
8798,WM1,,MASCHINENF.STOLPEN,Maschinenfabrik Stolpen GmbH,Stolpen
8798,W09,MA4,MASCHINENF.STOLPEN,Maschinenfabrik Stolpen GmbH,Stolpen
8799,W09,M80,MBS,MBS MOTORRADBAU U. MOTORENINSTANDSETZUNG STROIT GMBH,EINBECK/OT STROIT
8800,W09,C21,CHRISTOPH,MOTORAD-SERVICE CHRISTOPH GMBH,HERBOLZHEIM
8801,W09,SC8,SCHRAY,WOLFGANG SCHRAY ANHAENGERBAU,INGERSHEIM
8802,W09,018,ODENWALD-WERKE,ODENWALD-WERKE RITTERSBACH GMBH (ANHAENGER),ELZTAL-RITTERSBACH
8803,W09,M79,MKF METALLBAU,MKF METALLBAU GMBH & CO.KG (ANHAENGER),GUESTROW
8804,W09,F56,FARWICK,MASCHINENBAU FARWICK GMBH & CO.KG (ANHAENGER),OELDE
8805,W09,SC9,SAXXON ROADSTERS,"SAXXON ROADSTERS GMBH (ANHAENGER,PERSONENKRAFTWAGEN)",DRESDEN
8806,W09,W72,WFS,WFS WIEHLER FAHRZEUGBAU & SERVICE GMBH (ANHAENGER),WIEHL
8807,W09,M81,MOTORENTECHNIK MAYER,MTM MOTORENTECHNIK MAYER (PERSONENWAGEN),WETTSTETTEN
8808,WSH,,STUFF,WALTER STUFF FEINBLECHVERARBEITUNG (ANHAENGER),LENNESTADT-ELSPE
8809,W09,G52,G & R,G & R GUENTHER SOHN (KRAFTRAEDER),WALSHEIM
8810,W09,J29,IWANITZKY,IWANITZKY FAHRZEUGBAU-TRANSPORTLOGISTIK (ANHAENGER),BISCHOFFERODE
8811,W09,J28,IVM-AUTOMOTIVE,IVM AUTOMOTIVE ENGINEERING GMBH (PERSONENKRAFTWAGEN),BAD FRIEDRICHSHALL
8812,W09,B86,"BECKER,OTTO",OTTO BECKER FAHRZEUGBAU GMBH (ANHAENGER),PFORZHEIM-WUERM
8813,W09,L50,LINK FAHRZEUGBAU,LINK FAHRZEUGBAU GMBH (ANHAENGER),HEIDELBERG
8814,W09,F57,FINE MOBILE,FINE MOBILE GMBH (PKW-TRIKE),ROSENTHAL
8815,W09,M44,EBERHARDT-MENGELE,EBERHARDT-MENGELE PRODUCTIONS GMBH (ANHAENGER),WALDTSTETTEN
8816,W09,F50,GEISLER,GEISLER ANHAENGER- UND LADENBAU GMBH,BERLIN
8817,W09,G53,"GOETZ,KARL","KARL GOETZ BAU- UND LANDMASCHINEN, PKW-ANHAENGER",HILTENFINGEN
8818,W09,SC0,"SKW,BRAND-ERBISDORF",SKW GMBH (ANHAENGER),BRAND-ERBISDORF
8819,WSX,,SAME DEUTZ-FAHR,"SAME DEUTZ-FAHR DEUTSCHLAND GMBH (ZUGM., ARBEITSM.)",LAUINGEN
8820,W09,W73,"WAGNER,KARLHEINZ",STAHL-U.LEICHTMETALLBAU KARLHEINZ WAGNER (ANHAENGER),DIRMINGEN
8821,W09,M82,METAKON,"METAKON, INH. KARLHEINZ KROSSE (ANHAENGER)",KLEVE
8822,W09,J30,INTER CLASSIC,INTER CLASSIC H.-J. BOELING (ANHAENGER),NORDERSTEDT
8823,W09,A26,ABT SPORTSLINE,ABT Sportsline GmbH,Kempten (Allgäu)
8824,W09,W74,"WOLF,MARL",WOLF GMBH & CO. KG (ANHAENGER),MARL
8826,WBB,,BRANDT TRANSPORT,BRANDT TRANSPORT BETRIEBE BTB GMBH (ANHAENGER),EISENHUETTENSTADT
8827,WOE,,OETTINGER,OETTINGER SPORTSYSTEMS GMBH,FRIEDRICHSDORF
8828,W09,B87,BRINKO-MOBIL,"BRINKO-MOBIL VERTRIEBS GMBH (KRAFTRAEDER,KRANKENF.)",MELLE
8829,W09,A33,DELAVAL BSA,DELAVAL BSA GMBH (ANHAENGER),MARKTSCHORGAST
8860,W09,W07,WISMUT SDAG,SOWJETISCH-DEUTSCHE AKTIENGESELLSCHAFT (ANHAENGER),CHEMNITZ
8867,W09,P24,PARKENTIN KAROSS-BAU,FAHRZEUG-U.KAROSSERIEBAU PARKENTIN GMBH (ANHAENGER),PARKENTIN
8881,W09,A13,ARNSTADT ANH-BAU,ARNSTAEDTER FAHRZEUGBAU MEFA GMBH,ARNSTADT
8891,W09,B69,BELLING,FAHRZEUG-U.METALLBAU BELLING (ANHAENGER),SCHMERSAU
8895,W09,H13,HAASE,FA.ULRICH HAASE FAHRZEUGBAU METALLBAU (ANHAENGER),KAMENZ
8907,W09,J19,JOHN,JOHN FAHRZEUGBAU GMBH (ANHAENGER),DRESDEN
8911,W09,D11,DOEBLITZ,ECKHARD DOEBLITZ KAROSSERIEBAU (ANHAENGER),LINDOW
8991,W09,A07,ASCHERSLEBEN KAROSS.,F-A-G Fahrzeugwerk Aschersleben GmbH,Hoym
9101,LPS,,VOLVO (S),VOLVO CAR CORPORATION,GOETEBORG/SCHWEDEN
9101,LVY,,VOLVO (S),VOLVO CAR CORPORATION (PASSENGER CAR),GOETEBORG/SCHWEDEN
9101,LYV,,VOLVO (S),VOLVO CAR CORPORATION,GOETEBORG/SCHWEDEN
9101,SCV,,VOLVO (S),VOLVO TRUCK CORPORATION (TRUCK),GOETEBORG/SCHWEDEN
9101,YB1,,VOLVO (S),VOLVO TRUCK CORPORATION (TRUCK),GOETEBORG/SCHWEDEN
9101,YB2,,VOLVO (S),VOLVO TRUCK CORPORATION (TRUCK),GOETEBORG/SCHWEDEN
9101,YB3,,VOLVO (S),VOLVO TRUCK CORPORATION (TRUCK),GOETEBORG/SCHWEDEN
9101,YV1,,VOLVO (S),VOLVO CAR CORPORATION (PASSENGER CAR),GOETEBORG/SCHWEDEN
9101,YV2,,VOLVO (S),VOLVO TRUCK CORPORATION (TRUCK),GOETEBORG/SCHWEDEN
9101,YV3,,VOLVO (S),VOLVO CAR CORPORATION (BUS),GOETEBORG/SCHWEDEN
9101,YV4,,VOLVO (S),VOLVO CAR CORP (MULTIPURPOSE PASSENGER VEHICLE),GOETEBORG/SCHWEDEN
9101,YV5,,VOLVO (S),VOLVO TRUCK CORP (TRUCK/INCOMPLETE VEHICLE),GOETEBORG/SCHWEDEN
9101,YV6,,VOLVO (S),VOLVO TRUCK CORP (COMMERCIAL TRAILER),GOETEBORG/SCHWEDEN
9101,7JR,,VOLVO (S),VOLVO CAR CORPORATION,GOETEBORG/SCHWEDEN
9107,YS2,,SAAB-SCANIA (S),SAAB-SCANIA AB (TRUCK),SOEDERTAELJE/SCHWEDEN
9107,YS3,,SAAB-SCANIA (S),SAAB-SCANIA AB (PASSENGER CAR),TROLLHAETTAN/SCHWEDEN
9107,YS4,,SAAB-SCANIA (S),SAAB-SCANIA AB (BUS),KATRINEHOLM/SCHWEDEN
9109,YT5,,POLARVAGNEN (S),AB POLARVAGNEN,DOROTEA/SCHWEDEN
9116,YSC,,SAAB AUTOMOBILE (S),SAAB AUTOMOBILE AB (PASSENGER CAR),TROLLHAETTAN/SCHWEDEN
9116,YS3,,SAAB AUTOMOBILE (S),SAAB AUTOMOBILE AB (PASSENGER CAR),TROLLHAETTAN/SCHWEDEN
9120,SZA,,SCANIA (S),SCANIA CV AB (BUS),KATHRINEHOLM/SCHWEDEN
9120,VLU,,SCANIA (S),SCANIA CV AB (TRUCK),SOEDERTAELJE/SCHWEDEN
9120,XLE,,SCANIA (S),SCANIA CV AB (TRUCK),SOEDERTAELJE/SCHWEDEN
9120,YS2,,SCANIA (S),SCANIA CV AB (TRUCK),SOEDERTAELJE/SCHWEDEN
9120,YS4,,SCANIA (S),SCANIA CV AB (BUS),KATHRINEHOLM/SCHWEDEN
9120,9BS,,SCANIA (S),SCANIA CV AB (BUS),KATHRINEHOLM/SCHWEDEN
9122,YU7,,HUSABERG (S),HUSABERG MOTOR AB (MOTORCYCLES),ROEFORS/SCHWEDEN
9124,YT3,,CABBY (S),CABBY CARAVAN AB (ANHAENGER),KRISTINEHAMN
9202,SUP,,FSO (PL),FABRYKA SAMOCHODOW OSOBOWYCH (PASSENGER CAR),WARSCHAU/POLEN
9203,SUN,,POL-MOT-FSD (PL),POL-MOT FABRYKA SAMOCHODOW DOSTAWCZYCH (TRUCK),NYSA/POLEN
9205,SXA,,AGROMET (PL),AGROMET FABRYKA MASZYN ROLNICZYCH (SPEC.PURP.VEHIC.),CZARNEJ BIALOSTOCKIEJ/POLEN
9206,SUF,,FSM (PL),FABRYKA SAMOCHODOW MALOLITRAZOWYCH (PASSENGER CAR),BIELSKO-BIALA/POLEN
9207,SV9,GK1,ZAKLADY ROWEROWE(PL),ZAKLADY ROWEROWE (MOTORCYCLE),BYDGOSZCZ/POLEN
9208,SUL,,FSC (PL),"FSC LUBLIN (PASSENGER CAR,COMMERCIAL VEHICLE)",LUBLIN/POLEN
9209,SUJ,,JELCZ AUTOMOBIL.(PL),AUTOMOBILWERK JELCZ (COMMERCIAL VEHICLE),JELCZ/POLEN
9214,SWZ,,ZREMB (PL),ZREMB (TRAILER),WARSCHAU/POLEN
9216,SWN,,ZSP NIEWIADOW (PL),FABRYKA PRZYCZEP NIEWIADOW SP ZO.O (TRAILER),UJAZD/POLEN
9220,SYC,,OMAG (PL),"FABRYKA MASZYN I URZADZEN ""OMAG"" SP.ZO.O.(TRAILER)",OSWIECIM/POLEN
9221,SWN,,PRZYC.NIEWIADOW (PL),FABRYKA PRZYCZEP NIEWIADOW SP ZO.O (TRAILER),UJAZD/POLEN
9222,SUU,,SOLARIS (PL),SOLARIS BUS & COACH SP.ZO.O. (BUS),OWINSKA/POLEN
9222,SU9,PN1,SOLARIS (PL),SOLARIS BUS & COACH SP.ZO.O. (BUS),OWINSKA/POLEN
9223,SY9,DE1,DEBON (PL),DEBON SP. ZO. O. (ANHAENGER),KRZEMIENIEWO/POLEN
9225,SWN,,FABRYKA PRZYCZEP(PL),Fabryka Przyczep Niewiadow Sp. z o.o. Spolka Komandytowa,Ujazd/Polen
9225,SZR,,FABRYKA PRZYCZEP(PL),Fabryka Przyczep Niewiadow Sp. z o.o. Spolka Komandytowa,Ujazd/Polen
9226,SZB,,PRONAR (PL),PRONAR SP.ZO.O,NAREW
9227,SXE,,SORELPOL (PL),SORELPOL (ANHAENGER),WARSZAWA/POLEN
9301,XTH,,GAS (SU),GORKI-AUTOMOBILWERK,GORKI/UDSSR
9306,XSE,,URAL (SU),URAL-WERKE (MOTORCYCLE),UDSSR
9306,X8J,,URAL (SU),URAL-WERKE (MOTORCYCLE),UDSSR
9308,XTA,,WOLGA-AUTOW.-VAZ/RUS,WOLGA AUTOWERK TOGLIATTI/VAZ (LADA/PASSENGER CAR),TOGLIATTI/GUS
9308,XTA,,WOLGA-AUTOW.-VAZ(SU),WOLGA AUTOWERK TOGLIATTI/VAZ (LADA/PASSENGER CAR),TOGLIATTI/GUS
9309,XTT,,UAZ (SU),ULIANOWSK AUTOMOBILWERK,ULIANOWSK/UDSSR
9310,XTB,,AZLK MOSKAU (SU),AUTOMOBILWERK LENINSKI KOMSOMOL/AZLK(MOSKWITSCH/CAR),MOSKAU/UDSSR
9312,XTE,,SAS (SU),AUTOMOBILWERK SAPOROSHE (PASSENGER CAR),SAPOROSHE/UDSSR
9313,XTM,,MINSK AUTOMOBIL.(SU),AUTOMOBILWERK MINSK (COMMERCIAL VEHICLE),MINSK/UDSSR
9315,XTC,,KAMA AUTOMOBILW.(SU),AUTOMOBILWERK KAMA (COMMERCIAL VEHICLE),NABERESHNYJE TSCHELNY/GUS
9318,Y4R,,MINSK TRAK-WERK (BY),Minsker Traktoren Werk,Minsk/Byelarus (Weissrussland)
9591,UH9,0M1,OMME LIFT (DK),OMME LIFT A/S (ANHAENGER),SOENDER OMME/DAENEMARK
9593,UMS,,SAMSON (DK),SAMSON GROUP A/S,Viborg/Dänemark
9594,UHM,,EGHOLM (DK),Egholm A/S,Lemvig/Dänemark
9594,UH9,EM1,EGHOLM (DK),EGHOLM MASKINER A/S (TRACTOR),LEMVIG/DAENEMARK
9597,UJ1,,DENKA LIFT (DK),DENKA LIFT A/S (TRAILER),HOLBAEK/DAENEMARK
9600,UH7,,DE FOR.TRAILERFA(DK),DE FORENEDE TRAILERFABRIKKER A/S,VEJLE/DAENEMARK
9609,UH2,,BRENDERUP (DK),BRENDERUP TRAILERS A/S,NR.AABY/DAENEMARK
9616,UH1,,COMBI-CAMP (DK),COMBI-CAMP A/S (CARAVAN),GREVINGE/DAENEMARK
9619,UH9,BR1,BREDAL (DK),BREDAL A/S,VEJLE/DAENEMARK
9624,UHL,,CAMP-LET (DK),CAMP-LET APS (CARAVAN),GRAM (ARNUM)/DAENEMARK
9624,UH6,,CAMP-LET (DK),CAMP-LET APS (CARAVAN),GRAM (ARNUM)/DAENEMARK
9628,XLC,,FORD (NL),FORD NEDERLANDE NV (CAR/TRUCK),AT AMSTERDAM/NIEDERLANDE
9629,XLB,,VOLVO (NL),AUTODIVISIE VOLVO CAR BV,HELMOND/NIEDERLANDE
9640,XMJ,,CARBO (NL),CARBO BV (TRAILER),HATTEM/NIEDERLANDE
9641,XL9,435,TAGO (NL),TAGO CAMPERS INTERNATIONAL BV (FOLDINGCARAVAN),CL GORREDIJK/NIEDERLANDE
9643,XLH,,WAGENBOUW HAPERT(NL),WAGENBOUW HAPERT BV (TRAILER),ZG HAPERT/NIEDERLANDE
9644,XLB,,NETHERLANDS CAR (NL),NETHERLANDS CAR BV (PASSENGER CAR),BORN/NIEDERLANDE
9644,XMC,,NETHERLANDS CAR (NL),NETHERLANDS CAR BV (PASSENGER CAR),BORN/NIEDERLANDE
9644,XMD,,NETHERLANDS CAR (NL),NETHERLANDS CAR BV (PASSENGER CAR),BORN/NIEDERLANDE
9645,XL9,030,DEN OUDSTEN (NL),DEN OUDSTEN BV (BUS),AA WOERDEN/NIEDERLANDE
9645,XL9,042,DEN OUDSTEN (NL),DEN OUDSTEN BUSSEN BV,AX WOERDEN/NIEDERLANDE
9646,XLY,,FLAMINGO TRAIL.(NL),FLAMINGO TRAILERS BV,ZG HAPERT/NIEDERLANDE
9647,XLR,,DAF TRUCKS (NL),DAF TRUCKS NV,TW EINDHOVEN/NIEDERLANDE
9648,JN1,,NISSAN EUROPE (NL),NISSAN EUROPE NV (PASSENGER CAR),AMSTERDAM/NIEDERLANDE
9648,SJN,,NISSAN EUROPE (NL),NISSAN EUROPE NV (PASSENGER CAR),AMSTERDAM/NIEDERLANDE
9648,VSK,,NISSAN EUROPE (NL),NISSAN EUROPE NV (PASSENGER CAR),AMSTERDAM/NIEDERLANDE
9649,XL9,051,KNAPEN (NL),PIET KNAPEN BV (TRAILER),DL DEURNE/NIEDERLANDE
9649,XPN,,KNAPEN (NL),Knapen Trailers B.V.,Deurne/Niederlande
9701,XMZ,,SCHUITEMAKER (NL),SCHUITEMAKER MACHINES BV (TRAILER),RIJSSEN/NIEDERLANDE
9702,XLG,,SARIS (NL),SARIS AANHANGERS BV (TRAILER),ZG HAPERT/NIEDERLANDE
9706,XMW,,GLIDER EUROPE (NL),GLIDER EUROPE (KRAFTRAEDER),WAALRE/NIEDERLANDE
9707,XLF,,BATAVUS (NL),BATAVUS INTERCYCLE BV (MOTORCYCLE),AM HEERENVEEN/NIEDERLANDE
9708,XLA,,VAN DOORNE-DAF (NL),VAN DOORNE'S BEDRIJFSWAGENFABRIEK DAF BV (TRUCK),BB EINDHOVEN/NIEDERLANDE
9708,XLR,,VAN DOORNE-DAF (NL),VAN DOORNE'S BEDRIJFSWAGENFABRIEK DAF BV (TRUCK),BB EINDHOVEN/NIEDERLANDE
9716,XLL,,KIP (NL),KIP CARAVANS BV (ROAD VEHICLE),AB HOOGEVEEN/NIEDERLANDE
9717,XL9,233,KAMPS-DE WILD (NL),KAMPS-DE WILD BV (TRAILER),ZEVENAAR/NIEDERLANDE
9730,XLW,,TERBERG (NL),TERBERG BENSCHOP BV,ZG BENSCHOP/NIEDERLANDE
9730,XL9,015,TERBERG (NL),TERBERG BENSCHOP BV,ZG BENSCHOP/NIEDERLANDE
9733,XL9,D07,BROSHUIS (NL),BROSHUIS (TRAILER),KAMPEN/NIEDERLANDE
9733,XL9,007,BROSHUIS (NL),BROSHUIS (TRAILER),KAMPEN/NIEDERLANDE
9733,XNJ,,BROSHUIS (NL),BROSHUIS (TRAILER),KAMPEN/NIEDERLANDE
9736,XLD,,PACTON (NL),PACTON BV,GV OMMEN/NIEDERLANDE
9736,XNT,,PACTON (NL),Pacton Trailers BV,GV OMMEN/NIEDERLANDE
9740,XL9,001,SCHROER&VRI-ESVE(NL),SCHROER & VRIEND BV ESVE (COMMERCIAL TRAILER),PG LICHTENVOORDE/NIEDERLANDE
9742,XL9,046,PARADISO (NL),PARADISO (TRAILER),APELDOORN/NIEDERLANDE
9744,XMH,,NETAM-FRUEHAUF (NL),NETAM-FRUEHAUF NV NIEDERLAENDISCHER TANK-U.APP.-BAU,ROTTERDAM/NIEDERLANDE
9745,XL9,248,VEENHUIS & ZONEN(NL),VEENHUIS & ZONEN MACHINES BV (TRAILER),RC RAALTE/NIEDERLANDE
9747,XLA,,DAF (NL),DAF NV,EINDHOVEN/NIEDERLANDE
9747,XLR,,DAF (NL),DAF NV,EINDHOVEN/NIEDERLANDE
9747,XLV,,DAF (NL),DAF NV,EINDHOVEN/NIEDERLANDE
9747,XL9,041,DAF (NL),DAF NV,Geldrop/NIEDERLANDE
9747,XMG,,DAF (NL),DAF NV,EINDHOVEN/NIEDERLANDE
9748,XL9,003,BOVA (NL),VDL BOVA B.V.BUS & COACH,AA VALKENSWAARD/NIEDERLANDE
9748,XL9,320,BOVA (NL),VDL BOVA B.V.BUS & COACH,AA Valkenswaard/Niederlande
9749,XLK,,BURG (NL),BURG FABRIEK VAN WEGTRANSPORTMIDDELEN BV (TRAILER),AA PIJNACKER/NIEDERLANDE
9750,XMK,,ATEC (NL),Atec Aanhangwagens B.V.,Cuijk/Niederlande
9750,XN3,,Atec (NL),Atec Aanhangwagens B.V.,Rijen/Niederlande
9750,XPP,,ATEC (NL),Atec Aanhangwagens B.V.,Beers/Niederlande
9751,XLE,,SCANIA NEDERLAND(NL),SCANIA NEDERLAND BV (INCOMPLETE TRUCK),AL ZWOLLE/NIEDERLANDE
9752,XL9,336,VAN VOSSEN (NL),VAN VOSSEN TRAILERS,AMERSFOORT/NIEDERLANDE
9753,XL9,108,HOTRA (NL),HOTRA AANHANGWAGENS B.V. (TRAILER),AE RIJSSEN/NIEDERLANDE
9754,XL9,331,EDUARDS (NL),EDUARDS TRAILER FACTORY (ANHAENGER),HAPERT/NIEDERLANDE
9755,XLJ,,ANSSEMS (NL),ANSSEMS AANHANGWAGENS B.V. (ANHAENGER),RIJEN/NIEDERLANDE
9758,XMC,,MITSUBISHI (NL),MITSUBISHI MOTORS EUROPE B.V. (PASSENGER CAR),SCHIPHOL-RIJK/NIEDERLANDE
9758,XMD,,MITSUBISHI (NL),MITSUBISHI MOTORS EUROPE B.V. (PASSENGER CAR),SCHIPHOL-RIJK/NIEDERLANDE
9758,XNC,,MITSUBISHI (NL),MITSUBISHI MOTORS EUROPE B.V. (PASSENGER CAR),SCHIPHOL-RIJK/NIEDERLANDE
9759,XLU,,HENRA (NL),HENRA AANHANGWAGENS B.V. (ANHAENGER),OVERLOON/ NIEDERLANDE
9760,XL9,103,VLASTUIN R.E.(NL),VLASTUIN ROLLING EQUIPMENT B.V. (ANHAENGER),KESTEREN
9760,XRY,,VLASTUIN R.E.(NL),VLASTUIN ROLLING EQUIPMENT B.V. (ANHAENGER),KESTEREN
9800,W09,P34,PROMEC,PROMEC SYSTEMS GMBH&CO. KG (KRANKENFAHRSTUEHLE),SUHL
9801,W09,R43,RADMACHER,KAELTETECHNIK RADMACHER (ANHAENGER),BUEREN
9802,W09,P35,POLYESTER MALCHOW,POLYESTER MALCHOW GMBH & CO. KG (ANHAENGER),MALCHOW
9803,W09,B88,BERGMANN MASCHINENB.,BERGMANN MASCHINENBAU GMBH & CO. KG,MEPPEN-HUENTEL
9807,W09,HA3,HLW,HLW GMBH TANK- U.FAHRZEUGBAU (ANHAENGER),NORDWALDE
9808,W09,HA4,HOLZHAEUER,WILHELM HOLZHAEUER (ANHAENGER),SACHSENHEIM-HAEFNERHASLACH
9809,W09,J31,JACOBS,JACOBS GMBH SPEZIALFAHRZEUGE (ANHAENGER),TRIERWEILER
9810,WRK,RKB,RKB,RKB REPARATUR U. KAROSSERIEBAU GMBH (ANHAENGER),DOEBELN
9811,WSZ,,SIMSON MOTORRAD,SIMSON MOTORRAD GMBH & CO.KG (KRAFTRAEDER),SUHL
9812,WNT,,NOVOTEC,NOVOTEC GMBH KUEHLFAHRZEUGE (ANHAENGER),VERSMOLD
9813,W09,SD1,SERRA MASCHINENBAU,SERRA MASCHINENBAU GMBH (ANHAENGER),RIMSTING
9814,W09,HA5,HINZ,Hinz Fahrzeugbau,Herford
9815,W09,KA4,KAHRS,FAHRZEUGBAU S. KAHRS (ANHAENGER),ALFSTEDT
9816,W09,M83,MIKADO-TRIKE,MIKADO-TRIKE GBR,LUIZHAUSEN
9817,W09,SD2,SEIL-BAUR,SEIL-BAUR GMBH (ANHAENGER),AUGSBURG
9818,W09,C22,CUSTOM RANCH,"CUSTOM RANCH,INH. DIETER LOTTER (KRAFTRAEDER)",ADELSDORF
9819,W09,L51,LANGGUTH,MARCUS LANGGUTH (ANHAENGER),OPPENAU
9820,W09,M84,MOOG,MOOG GMBH (ANHAENGER),DEGGENHAUSERTAL
9821,W09,W75,"WARNCKE,LUDWIG",LUDW.WARNCKE GMBH&CO KG (ANHAENGER),MOELLN
9822,W09,E34,ESKO,ESKO-TECHNIK S. KOHLSCHEIN (ANHAENGER),SENDEN
9823,W09,G44,GLAUNER,AUTOHAUS JOERG GLAUNER (PERSONENKRAFTWAGEN),STRAUBENHARDT
9825,WMK,,MASCHINENFAB.KRONE,Maschinenfabrik Krone Beteiligungs-GmbH,Spelle
9826,W09,S12,SCHAEFER J.W.,J.W. SCHAEFER (ANHAENGER),REMAGEN-OBERWINTER
9827,W09,F58,FUNKE & WILL,FUNKE & WILL AG (PERSONENKRAFTWAGEN),GROSSENHAIN
9828,W09,N17,NUTZFAHRZEUG-SERVICE,NUTZFAHRZEUG-SERVICE DORTMUND GMBH (ANHAENGER),DORTMUND
9829,W09,SD6,SCHRIFT & WERBUNG,SCHRIFT & WERBUNG GMBH P. DITTMAR (ANHAENGER),BARTH
9830,W09,KA5,KIND,FAHRZEUGTECHNIK JUERGEN KIND (ANHAENGER),WERMELSKIRCHEN
9831,WMG,,DEMAG MOBILE CRANES,DEMAG MOBILE CRANES GMBH (KRANBAU),WETTER
9832,W09,F59,FAHRZEUGBAU ROGGEND.,FAHRZEUGBAU GMBH (ANHAENGER),ROGGENDORF
9833,W09,M85,MALTRITZ,SMT-Trikebau e.K. Inh. Steffen Maltritz,Gehofen
9834,W09,SD3,SAUTTER,FAHRZEUGBAU SAUTTER GMBH (ANHAENGER),VILLINGEN-SCHWENNINGEN
9835,W09,SD4,SKYJACK,SKYJACK HEBEBUEHNEN GMBH (ANHAENGER),LOEBAU
9836,W09,J32,JUBA,JUBA ANHAENGERZENTRUM GMBH,BAIERSDORF
9837,WSJ,,SYSTEM TRAILER,SYSTEM TRAILER FAHRZEUGBAU GMBH (ANHAENGER),TWIST
9838,W09,SD5,STOELZLE,STOELZLE FAHRZEUGBAU GMBH (ANHAENGER),BAD WALDSEE
9839,W09,J33,JUMBO,JUMBO WASH KFZ GMBH (ANHAENGER),MOENCHENGLADBACH
9840,SNZ,,MZ MOTORRAD-U.ZWEIR.,MZ MOTORRAD -UND ZWEIRADWERK GMBH,ZSCHOPAU-HOHNDORF
9841,W09,E35,ENVITEC,ENVITEC INGENIEUR- U.HANDELS GMBH&CO KG (PKW),KALLENTAL
9842,WHH,,HYDREMA,HYDREMA PRODUKTION WEIMAR GMBH (ARBEITSMASCHINEN),WEIMAR
9843,W09,T45,TRIKETEC,TRIKETEC GMBH (3-RAEDRIGE KRAFTFAHRZEUGE),ESCHBACH
9844,W09,V16,VOLKSWAGEN RACING,VOLKSWAGEN RACING GMBH (PERSONENKRAFTWAGEN),HANNOVER
9845,WHG,,"HELMIG, HANS",HANS HELMIG GMBH (KRAFTRAEDER),OVERATH
9846,W09,P36,PICK UP,PICK UP ANHAENGERVERTRIEB GMBH,NEUBRANDENBURG
9847,W09,KA6,KOEGEL KAMAG,KOEGEL KAMAG TRANSPORTTECHNIK GMBH &CO.KG(ANHAENGER),ULM
9848,W09,R44,RHEINMETALL LANDSYS.,RHEINMETALL LANDSYSTEME GMBH (SONDERKRAFTFAHRZEUGE),KIEL
9849,WEM,,EM SUPPLY,EM SUPPLY GMBH (KRAFTRAEDER),UNTERFOEHRING
9850,WAG,,NEOPLAN BUS,NEOPLAN Bus GmbH,Pilsting
9851,W09,SD7,SZAALS CHALLENGER,"SZAAL, JOHANN (ANHAENGER)",CLEEBRONN
9852,W09,B89,BOHNERT,R.BOHNERT KAROSSERIE-U.FAHRZEUGBAU (ANHAENGER),BUEHLERTAL
9853,W09,B90,BACKERS,BACKERS MASCHINENBAU (ANHAENGER),TWIST
9854,W09,F60,FAEHNRICH,ANHAENGER FAEHNRICH,BISINGEN
9855,W09,KA7,KOTTE,JOSEF KOTTE LANDTECHNIK GMBH & CO KG,RIESTE
9856,WMH,,MODULVAN,MODULVAN FAHRZEUG-AG (ANHAENGER),MUENCHEN
9857,W09,SD8,SPEED,SPEED FAHRZEUGTECHNIK GMBH (ANHAENGER),BERLIN
9858,W09,G54,GAV,GAV GES.F.AUTOMAT.VERLADTECHN.GMBH&CO.KG (ANH.),HOEVELHOF
9859,VA0,,MAN SONDER (A),MAN SONDERFAHRZEUGE AG (NUTZFAHRZEUGE),WIEN/AUSTRIA
9860,W09,G55,GUGGENMOS,Guggenmos Karosserie- und Fahrzeugbau GmbH,Dasing
9861,WHZ,,HEINZMANN,HEINZMANN GMBH (KRAFTRAEDER),SCHOENAU
9862,W09,N18,NOVEGA,NOVEGA GMBH (ANHAENGER),KEMPTEN
9863,W09,G56,GLEICH FZG.BAU,GLEICH GMBH (ANHAENGER),PFUNGSTADT
9864,W09,D34,D*SIGN,D*SIGN GMBH (ANHAENGER),LINDLAR
9865,WGG,,GGC,GGC Global Generation Cult GmbH,Unterschleissheim
9866,W09,M86,MUENCH-MOT.-TECHNIK,MUENCH MOTORRAD TECHNIK GMBH (KRAFTRAEDER),WUERZBURG
9867,W09,F13,FB SIEMGL.-BRANDENB.,FB SIEMENSGLUESS ANHAENGERBAU GMBH (ANHAENGER),BRANDENBURG
9867,W09,,FB SIEMGL.-BRANDENB.,FB SIEMENSGLUESS ANHAENGERBAU GMBH (ANHAENGER),BRANDENBURG
9868,W09,B91,"BOERNER,WILDESHAUSEN",BOERNER NUTZFZG. GMBH (NUTZFAHRZEUGE),WILDESHAUSEN
9869,W09,G57,"GTI,GROENINGEN",GTI MIET-FAHRZEUG-CENTER GMBH (ANHAENGER),GROENINGEN
9870,W09,HA7,"H+K,RIELASINGEN",H+K NUTZFZG.GBR CITY TRANS (NUTZFAHRZEUGE),RIELASINGEN
9871,W09,G58,"GINSBERG,DAADEN",GINSBERG FAHRZEUGBAU GMBH (ANHAENGER),DAADEN
9872,W09,SD9,STINDT,GERHARD STINDT GMBH (ANHAENGER),LATHEN
9873,W09,G59,"GEORG,NEITERSEN",GEORG ENTSORGUNGSSYTEME GMBH (SONST. FZG.),NEITERSEN
9874,W09,KA8,Kröger Fahrzeugbau,Kröger Fahrzeugbau (Anhänger),Paderborn
9875,W09,SD0,S-TECH,S-TECH HYDR.-SERV. UND FAHRZEUGBAU GMBH (ANHAENGER),UMKIRCH
9876,W09,D35,DELPHIN CARAVANING,DELPHIN CARAVANING GMBH & CO. KG (ANHAENGER),SASSENBERG
9877,W09,U11,"URBAN,BAUMGARTEN","ZWEIRAD URBAN,BAUMGARTEN (SO.-KFZ)",BAUMGARTEN
9878,W09,S79,JAPAN SPEED,JAPAN SPEED GMBH (ANHAENGER),GRUNDREMMINGEN
9879,W09,T47,"TOENIES,ASCHEBERG",METALLBAU HELMUT TOENIES (ANHAENGER),ASCHEBERG
9880,W09,HA8,HWA,HWA AG,AFFALTERBACH
9881,WCJ,,KNAUS TABBERT,KNAUS TABBERT GROUP GMBH (ANHAENGER),JANDELSBRUNN
9881,WKM,,KNAUS TABBERT,KNAUS TABBERT GROUP GMBH (ANHAENGER),JANDELSBRUNN
9881,WKN,,KNAUS TABBERT,Knaus Tabbert AG,Jandelsbrunn
9881,WKT,,KNAUS TABBERT,KNAUS TABBERT GROUP GMBH (ANHAENGER),JANDELSBRUNN
9881,WKW,,KNAUS TABBERT,KNAUS TABBERT GROUP GMBH (ANHAENGER),JANDELSBRUNN
9881,WKZ,,KNAUS TABBERT,Knaus Tabbert AG,Jandelsbrunn
9881,WTA,,KNAUS TABBERT,Knaus Tabbert AG,Jandelsbrunn
9882,W09,W76,WOMA APPARATEBAU,WOMA APPARATEBAU GMBH (ANHAENGER),DUISBURG-RHEINHAUSEN
9883,W09,A49,ATLAS-TEREX,ATLAS-TEREX GMBH (NUTZFAHRZEUGE),DELMENHORST
9884,W09,W77,WESTFALIA LOADING,WESTFALIA LOADIND SYSTEMS (ANHAENGER),HOEVELHOF
9886,W09,HA9,"HOYASUKA,HAMBURG",HOYASUKA TUNING OHG (KRAFTRAEDER),HAMBURG
9887,W09,N19,NEUENH. MASCHINENBAU,NEUENHAUSENER MASCHINENBAU GMBH (ANHAENGER),NEUENHAUS
9888,W09,M87,M.L.TUNING,M.L.TUNING (ANHAENGER),GOCH
9889,W09,P37,"PETERSEN,CHR.",CHRISTIAN PETERSEN INDUSTRIEVERTR. (ANHAENGER),FLENSBURG
9891,WME,,SMART,SMART GMBH (PERSONENKRAFTWAGEN),BOEBLINGEN
9892,WKV,,KAESSBOHRER FAHRZW.,KAESSBOHRER FAHRZEUGWERKE GMBH (ANHAENGER),GOCH
9893,W09,HAO,"HGE, ELZACH",HGE FAHRZEUGBAU GMBH & CO. KG (ANHAENGER),ELZACH
9894,W09,G60,"GEROH, WAISCHENFELD",GEROH GMBH & CO. KG MECH. SYSTEME (ANHAENGER),WAISCHENFELD
9895,W09,SE2,SPEWI,SPEWI BORCO-HOEHNS GMBH CO.KG (ANHAENGER),BRUEHL
9896,WLV,,LELY,Lely Maschinenfabrik GmbH,Wolfenbüttel
9897,WPU,,"PUTZMEISTER,AICHTAL",PUTZMEISTER MOERTELMASCHINEN GMBH (ANHAENGER),AICHTAL
9898,W09,N20,"NFP, POTSDAM",NFP NUTZFAHRZEUGE POTSDAM GMBH (ANHAENGER),POTSDAM
9899,W09,D36,DECONTA,DECONTA GMBH (ANHAENGER),ISSELBURG
9900,W09,A50,AAURASPORTWAGEN,AAURASPORTWAGEN GMBH,BERLIN
9901,W0S,,OSV,OSV OPEL SPECIAL VEHICLE GMBH (PKW),RUESSELSHEIM
9902,W09,C23,CONOW,CONOW ANHAENGER GMBH & CO. KG (ANHAENGER),FELDBERGER SEENLANDSCHAFT
9903,W09,F62,FIEGE TEC,FIEGE TEC GMBH & CO. KG GREVEN (NUTZFAHRZEUGE),GREVEN
9904,W09,P38,"PFS, DIETERSKIRCHEN",PRACKENDORFER FAHRZEUG-U.SYSTEMBAU GMBH (ANHAENGER),DIETERSKIRCHEN
9905,W09,A51,ARMOR MOBILE,ARMOR MOBILE SECURITY GMBH (PKW),OSTERHOLZ-SCHARMBECK
9906,W09,A52,AK FAHRZEUGE,AK FAHRZEUGE GMBH (ANHAENGER),NEUWEILER
9907,W09,HB1,HAMANN,HAMANN MOTORSPORT GMBH (PKW),HUETTISHEIM
9908,W09,N21,NIESMANN+BISCHOFF,NIESMANN+BISCHOFF (SO. KFZ),POLCH
9909,W09,C24,CP MASCHINENBAU,CP Maschinenbau AG,Sörup
9910,W09,SE3,SEIKEL GMBH,SEIKEL GMBH EUROPE (SO. KFZ),REUTLINGEN
9912,W09,HB2,HNW.HOLZKIRCHEN,HNW HANDELS GMBH (SONST. KFZ),HOLZKIRCHEN
9913,WHE,,WESTFALIA-HEINEMANN,WESTFALIA HEINEMANN AG (ANHAENGER),KREUZTAL-KROMBACH
9914,WMG,,Terex Cranes,Terex Cranes Germany GmbH,Zweibruecken
9914,WMG,,TEREX-DEMAG,Terex Demag GmbH,Zweibruecken
9916,W09,T48,TIMA,TIM Anhaenger und Fahrzeuge GmbH,SEUKENDORF
9917,W09,B92,BUCHER-SCHOERLING,BUCHER-SCHOERLING GMBH (SONST. KFZ.),HANNOVER
9919,W09,T49,THUNDERBIKE,THUNDERBIKE (KRAFTRAEDER),HAMMINKELN
9920,W09,SE4,SCHROEDER FAHRZEUGB.,SCHROEDER FAHRZEUGBAU (ANHAENGER),WAHLSTEDT
9921,WPA,,KNAUF PFT,KNAUF PFT GMBH CO. KG (ANHAENGER),IPHOFEN
9921,W09,P03,KNAUF PFT,KNAUF PFT GMBH CO. KG (ANHAENGER),IPHOFEN
9922,W09,017,OEHLER MASCHINEN,Oehler Maschinen Fahrzeugbau GmbH,Offenburg
9923,W09,F61,FAUSTA GBR,FAUSTA GBR (ANHAENGER),WITTENBERGE
9924,W09,C06,KEDROWSKI FAHRZEUGB.,KEDROWSKI FAHRZEUGBAU (ANHAENGER),ROSENGARTEN
9926,W09,SA7,WK TRIKES,WK TRIKES (TRIKES),AUBSTADT
9927,W09,R45,RCG TECHNIK MEPPEN,RCG TECHNIK MEPPEN,MEPPEN
9928,W09,N22,NFP EUROTRAILER,NFP EUROTRAILER GMBH (SONST. FAHRZEUGE),POTSDAM
9929,W09,SE7,"STETTER,G.",GEORG STETTER GMBH (ANHAENGER),MEMMINGEN
9930,WTP,,TANTE PAULA,TANTE PAULA GMBH (KRAFTRAEDER),HAMBURG
9931,WBI,,BAIMO,BAIMO GMBH (KRAFTRAEDER),LUEDINGHAUSEN
9932,WET,,EMOBILE TECHNOLOGIES,E.MOBILE TECHNOLOGIES GMBH (SONSTIGE KRAFTFAHRZEUGE),EINBECK
9933,W09,SE5,"STENGELE, BIELEFELD",WALTER STENGELE (SONST. FAHRZEUGE),BIELEFELD
9934,WSS,,SUN CYCLE,SUN CYCLE (SONST. FAHRZEUGE),MUENCHEN
9935,W09,KB1,KRAUSER,KRAUSER MOTORRADTECHNIK UND TOUREN (KRAFTRAEDER),MERING
9936,W09,T50,TETEO,TETEO GMBH (ANHAENGER),CHEMNITZ
9937,W09,B93,BELL EQUIPMENT (D),BELL EQUIPMENT GMBH (ANHAENGER),ALSFELD
9938,W09,W78,WIENHOFF,WIENHOFF GMBH (ANHAENGER),BAWINKEL
9939,W09,SE6,Jochen Sommer,Jochen Sommer,Geyern
9940,W09,G61,GESSNER,GESSNER FAHRZEUGBAU GMBH (ANHAENGER),KLIPPHAUSEN
9941,W09,018,OWR,OWR GmbH,ELZTAL
9942,WLG,,"LINDE,WIESBADEN",LINDE AG (ZUGMASCHINEN),WIESBADEN
9943,W0C,,OPEN CONCEPTS,OPEN CONCEPTS GMBH (KRAFTRAEDER),WEDEL
9944,W09,D37,DEMMLER,JOHANN DEMMLER KG (ANHAENGER),WERTINGEN-GERATSHOFEN
9945,W09,W79,WUELLENER,WUELLENER FAHRZEUGWERKE GMBH & CO KG (ANHAENGER),VREDEN
9946,W09,KB2,"KOTSCHENREUTHER, JAH.",Kotschenreuther Fahrzeugbau GmbH & Co KG,Jahnsdorf
9946,W09,008,"KOTSCHENREUTHER,JAH.",KOTSCHENREUTHER FAHRZEUGBAU GMBH & CO KG,JAHNSDORF
9947,W09,W80,Irion & Wachholz,Irion & Wachholz OHG,Mühlheim
9948,W09,WB3,H+P TRADING,H+P TRADING GMBH (KRAFTRAEDER),PLANKSTADT
9949,W09,A08,AHLMANN-BAUMASCHINEN,AHLMANN BAUMASCHINEN GMBH,BUEDELSDORF
9950,W09,G29,GLOGGER-FAHRZEUGBAU,GLOGGER FAHRZEUGBAU GMBH (ANHAENGER),86165 AUGSBURG
9951,W09,KB3,KAMAG,KAMAG TRANSPORTTECHNIK GMBH (NUTZFAHRZEUGE),ULM
9952,W0D,,OBERMAIER TRAILERT.,OBERMAIER TRAILERTECHNIK GMBH (ANHAENGER),EGELN-NORD
9953,W09,E36,E.-ATV RACING,E.-ATV RACING GMBH (KRAFTRAEDER),NEUKIRCHEN-VLUYN
9954,W09,SE8,SAXAS,SAXAS Nutzfahrzeuge Werdau GmbH,Werdau
9955,WML,,MODACC,MODACC SCOOTER LIFE (KRAFTRAEDER),LEIPZIG
9956,WFE,,FIBERLINE,FIBERLINE SPORTBOOT GMBH (ANHAENGER),FLACHSLANDEN
9957,WMR,,Moser,Moser Verkaufsfahrzeuge GmbH,Meisenheim
9958,WAA,,"AUWAERTER,FAHRZEUGW.",AUWAERTER FAHRZEUGWERK GMBH(ANHAENGER),SIMMOZHEIM
9959,W09,R46,REITEMEYER,ARNOLD REITEMEYER FAHRZEUGBAU GMBH (ANHAENGER),BAD-DRIBURG-HORSTE
9960,WB2,,BLYSS,Blyss Transporttechnik GmbH,Seesen
9960,W09,B94,BLYSS,Blyss Transporttechnik GmbH,Seesen
9961,W09,J34,JETCAR,JETCAR ZUKUNFTSFAHRZEUG GMBH (PKW),NIETWERDER
9962,WDM,,DRESEL MCT,DRESEL MOTORCYCLE GMBH & CO KG (KRAFTRAEDER),HOECHSTADT/AISCH
9964,W09,B95,BEYER,BEYER GMBH (ANHAENGER),VIERNHEIM
9966,W09,C25,CRD,CRD GMBH & CO KG (PKW),BOTTROP
9967,WCR,,CARTHAGO,Carthago Reisemobilbau GmbH,Aulendorf
9969,WTX,,Euro Trailer,Euro Trailer GmbH,Egeln
9970,W09,Z13,ZENZ,"ZENZ LANDTECHNIK GMBH (ANHAENGER,ARBEITSMASCH.)",GARS
